from,to,date,value
41644,37211,2015-08-19,1.0
14094,73395,2015-08-19,1.0
381,36067,2015-08-19,1.0
11260,3651,2015-08-19,1.0
11919,78324,2015-08-19,1.0
16678,37211,2015-08-19,1.0
16659,46298,2015-08-19,1.0
75422,76453,2015-08-19,1.0
38698,70809,2015-08-19,1.0
13972,40549,2015-08-19,1.0
55893,46290,2015-08-19,1.0
65878,45707,2015-08-19,1.0
36103,45707,2015-08-19,1.0
437,65818,2015-08-19,1.0
7076,1532,2015-08-19,1.0
5010,61682,2015-08-19,1.0
25028,1532,2015-08-19,1.0
55893,35936,2015-08-19,1.0
25510,78316,2015-08-19,1.0
1176,3993,2015-08-19,1.0
44953,12481,2015-08-19,1.0
13972,238,2015-08-19,1.0
35840,4177,2015-08-19,1.0
13650,67002,2015-08-19,1.0
20787,70809,2015-08-19,1.0
11054,66009,2015-08-19,1.0
18739,56704,2015-08-19,1.0
9025,78329,2015-08-19,1.0
11142,31310,2015-08-19,1.0
1532,1532,2015-08-19,1.0
8725,1532,2015-08-19,1.0
12481,78321,2015-08-19,1.0
31469,8460,2015-08-19,1.0
317,36974,2015-08-19,1.0
11100,4177,2015-08-19,1.0
27453,63984,2015-08-19,1.0
5091,31310,2015-08-19,1.0
19885,78180,2015-08-19,1.0
1310,70964,2015-08-19,1.0
8628,76042,2015-08-19,1.0
60435,11920,2015-08-19,1.0
78061,290,2015-08-19,1.0
15780,71104,2015-08-19,1.0
4177,4177,2015-08-19,1.0
6986,36974,2015-08-19,1.0
6096,37211,2015-08-19,1.0
1056,1056,2015-08-19,1.0
3324,78249,2015-08-19,1.0
1465,1465,2015-08-19,1.0
11054,11054,2015-08-19,1.0
6085,11145,2015-08-19,1.0
4040,1056,2015-08-19,1.0
11540,11540,2015-08-19,1.0
25510,78249,2015-08-19,1.0
7206,12489,2015-08-19,1.0
11540,41970,2015-08-19,1.0
4040,41291,2015-08-19,1.0
4177,75954,2015-08-19,1.0
76479,76479,2015-08-19,1.0
24993,7076,2015-08-19,1.0
18060,70964,2015-08-19,1.0
36721,36721,2015-08-19,1.0
2480,2480,2015-08-19,1.0
2290,78239,2015-08-19,1.0
8430,8725,2015-08-19,1.0
7076,76479,2015-08-19,1.0
7076,7076,2015-08-19,1.0
405,25311,2015-08-19,1.0
27453,65952,2015-08-19,1.0
26080,26080,2015-08-19,1.0
25256,25256,2015-08-19,1.0
54761,54761,2015-08-19,1.0
405,10035,2015-08-19,1.0
7076,25256,2015-08-19,1.0
23141,78308,2015-08-19,1.0
2415,54415,2015-08-19,1.0
70809,20787,2015-08-19,1.0
2926,24625,2015-08-19,1.0
71104,71104,2015-08-19,1.0
21369,41970,2015-08-19,1.0
1946,26080,2015-08-19,1.0
41562,13972,2015-08-19,1.0
21349,7952,2015-08-19,1.0
13265,56010,2015-08-19,1.0
2530,8725,2015-08-19,1.0
321,4002,2015-08-19,1.0
7294,7294,2015-08-19,1.0
250,4002,2015-08-19,1.0
1532,6094,2015-08-19,1.0
1266,56704,2015-08-19,1.0
56010,56010,2015-08-19,1.0
66009,66009,2015-08-19,1.0
2530,6094,2015-08-19,1.0
6094,6094,2015-08-19,1.0
41291,41291,2015-08-19,1.0
12565,76479,2015-08-19,1.0
7206,1532,2015-08-19,1.0
12310,1465,2015-08-19,1.0
25256,21574,2015-08-19,1.0
1345,63984,2015-08-19,1.0
20787,20787,2015-08-19,1.0
62560,62560,2015-08-19,1.0
21051,62560,2015-08-19,1.0
19186,65800,2015-08-19,1.0
78273,12481,2015-08-19,1.0
2530,74564,2015-08-19,1.0
70809,70809,2015-08-19,1.0
31310,11142,2015-08-19,1.0
3651,3651,2015-08-19,1.0
53127,450,2015-08-19,1.0
40023,40023,2015-08-19,1.0
4002,40549,2015-08-19,1.0
56704,18739,2015-08-19,1.0
37211,41644,2015-08-19,1.0
16678,16678,2015-08-19,1.0
51424,10898,2015-08-19,1.0
44953,44953,2015-08-19,1.0
25311,25311,2015-08-19,1.0
37211,16678,2015-08-19,1.0
62709,25311,2015-08-19,1.0
12481,44953,2015-08-19,1.0
76453,76453,2015-08-19,1.0
70964,1310,2015-08-19,1.0
18739,18739,2015-08-19,1.0
613,76453,2015-08-19,1.0
11540,78299,2015-08-19,1.0
37211,37211,2015-08-19,1.0
78321,12481,2015-08-19,1.0
801,4177,2015-08-19,1.0
12481,10898,2015-08-19,1.0
36688,25256,2015-08-19,1.0
5740,1532,2015-08-19,1.0
5091,5091,2015-08-19,1.0
1532,8725,2015-08-19,1.0
40883,1,2015-08-19,1.0
70355,40263,2015-08-19,1.0
11100,11100,2015-08-19,1.0
78180,1266,2015-08-19,1.0
4177,11100,2015-08-19,1.0
21574,21574,2015-08-19,1.0
2926,2841,2015-08-19,1.0
290,37211,2015-08-19,1.0
67002,13650,2015-08-19,1.0
37211,78321,2015-08-19,1.0
20302,78308,2015-08-19,1.0
12481,12481,2015-08-19,1.0
40263,40263,2015-08-19,1.0
56704,56704,2015-08-19,1.0
78329,78329,2015-08-19,1.0
35840,73395,2015-08-19,1.0
21146,10898,2015-08-19,1.0
73395,14094,2015-08-19,1.0
41654,41654,2015-08-19,1.0
13113,18739,2015-08-19,1.0
7206,26080,2015-08-19,1.0
5010,5010,2015-08-19,1.0
75749,42440,2015-08-19,1.0
41644,41644,2015-08-19,1.0
297,1358,2015-08-19,1.0
1650,38698,2015-08-19,1.0
75616,78327,2015-08-19,1.0
46298,16659,2015-08-19,1.0
8103,65818,2015-08-19,1.0
22989,65818,2015-08-19,1.0
65818,65818,2015-08-19,1.0
43326,65818,2015-08-19,1.0
2290,10898,2015-08-19,1.0
38889,18739,2015-08-20,1.0
38889,38889,2015-08-20,1.0
26522,38889,2015-08-20,1.0
12705,61682,2015-08-20,1.0
32898,32898,2015-08-20,1.0
8628,8628,2015-08-20,1.0
1176,1176,2015-08-20,1.0
6494,78347,2015-08-20,1.0
1176,8628,2015-08-20,1.0
33128,33128,2015-08-20,1.0
58096,58096,2015-08-20,1.0
3684,33128,2015-08-20,1.0
18739,18739,2015-08-20,1.0
1946,1946,2015-08-20,1.0
1492,2893,2015-08-20,1.0
6794,1946,2015-08-20,1.0
73529,6794,2015-08-20,1.0
73529,1946,2015-08-20,1.0
7206,1532,2015-08-20,1.0
12481,10035,2015-08-20,1.0
35840,35840,2015-08-20,1.0
11100,78347,2015-08-20,1.0
2954,7076,2015-08-20,1.0
78334,78334,2015-08-20,1.0
297,297,2015-08-20,1.0
3272,78347,2015-08-20,1.0
6801,6801,2015-08-20,1.0
3993,1176,2015-08-20,1.0
290,78350,2015-08-20,1.0
75735,75735,2015-08-20,1.0
10035,10035,2015-08-20,1.0
7076,7076,2015-08-20,1.0
2362,75735,2015-08-20,1.0
405,70190,2015-08-20,1.0
1492,78347,2015-08-20,1.0
2926,75735,2015-08-20,1.0
11115,23835,2015-08-20,1.0
586,76042,2015-08-20,1.0
8769,4961,2015-08-20,1.0
40883,58443,2015-08-20,1.0
78239,78239,2015-08-20,1.0
21051,78164,2015-08-20,1.0
75735,8628,2015-08-20,1.0
14094,5034,2015-08-20,1.0
2530,8725,2015-08-20,1.0
40549,40549,2015-08-20,1.0
43326,33699,2015-08-20,1.0
75616,58443,2015-08-20,1.0
8103,3460,2015-08-20,1.0
47795,47795,2015-08-20,1.0
1946,31807,2015-08-20,1.0
11142,47795,2015-08-20,1.0
8103,68708,2015-08-20,1.0
13972,10858,2015-08-20,1.0
290,13767,2015-08-20,1.0
65915,8628,2015-08-20,1.0
15934,78315,2015-08-20,1.0
25485,10035,2015-08-20,1.0
11417,78347,2015-08-20,1.0
4312,297,2015-08-20,1.0
11926,78347,2015-08-20,1.0
76593,58096,2015-08-20,1.0
61436,7076,2015-08-20,1.0
6518,78347,2015-08-20,1.0
78,78347,2015-08-20,1.0
806,806,2015-08-20,1.0
77927,77927,2015-08-20,1.0
61682,61682,2015-08-20,1.0
763,77923,2015-08-20,1.0
67002,13650,2015-08-20,1.0
75749,2310,2015-08-20,1.0
77923,77923,2015-08-20,1.0
11540,78315,2015-08-20,1.0
11540,8628,2015-08-20,1.0
2530,1532,2015-08-20,1.0
2530,5712,2015-08-20,1.0
2926,77923,2015-08-20,1.0
1532,8725,2015-08-20,1.0
1573,68708,2015-08-20,1.0
4231,26208,2015-08-20,1.0
297,10858,2015-08-20,1.0
41644,10858,2015-08-20,1.0
2000,75,2015-08-20,1.0
31807,31807,2015-08-20,1.0
5034,5034,2015-08-20,1.0
15629,78347,2015-08-20,1.0
297,1358,2015-08-20,1.0
11100,35840,2015-08-20,1.0
12705,40263,2015-08-20,1.0
47795,33128,2015-08-20,1.0
31807,6316,2015-08-20,1.0
6666,33699,2015-08-20,1.0
26208,25514,2015-08-20,1.0
22131,77923,2015-08-20,1.0
8799,1056,2015-08-20,1.0
75,8628,2015-08-20,1.0
2000,8628,2015-08-20,1.0
1532,1056,2015-08-20,1.0
6794,73529,2015-08-20,1.0
1946,73529,2015-08-20,1.0
38624,78334,2015-08-20,1.0
75422,71105,2015-08-20,1.0
5712,1056,2015-08-20,1.0
78358,1532,2015-08-20,1.0
60435,78347,2015-08-20,1.0
12178,1532,2015-08-20,1.0
61682,40263,2015-08-20,1.0
317,15242,2015-08-20,1.0
70809,43559,2015-08-20,1.0
11028,24586,2015-08-20,1.0
806,9924,2015-08-20,1.0
77927,78306,2015-08-20,1.0
1073,1358,2015-08-20,1.0
13767,27467,2015-08-20,1.0
14094,14094,2015-08-20,1.0
38698,38698,2015-08-20,1.0
35840,4177,2015-08-20,1.0
30462,3993,2015-08-20,1.0
1650,38698,2015-08-20,1.0
1532,17836,2015-08-20,1.0
3993,3993,2015-08-20,1.0
2530,6094,2015-08-20,1.0
30516,3651,2015-08-20,1.0
4832,16702,2015-08-20,1.0
1162,6801,2015-08-20,1.0
12178,30520,2015-08-20,1.0
35936,55893,2015-08-20,1.0
45707,36103,2015-08-20,1.0
1847,297,2015-08-20,1.0
38698,1650,2015-08-20,1.0
13113,1916,2015-08-20,1.0
36103,36103,2015-08-20,1.0
11926,1358,2015-08-20,1.0
17836,1532,2015-08-20,1.0
3928,78306,2015-08-20,1.0
49,1176,2015-08-20,1.0
1358,1358,2015-08-20,1.0
18739,297,2015-08-20,1.0
13168,11661,2015-08-20,1.0
46845,36155,2015-08-20,1.0
44812,78273,2015-08-20,1.0
11100,4177,2015-08-20,1.0
75422,806,2015-08-21,1.0
13265,78327,2015-08-21,1.0
61682,61682,2015-08-21,1.0
13265,75682,2015-08-21,1.0
70739,4002,2015-08-21,1.0
73622,17602,2015-08-21,1.0
7709,2893,2015-08-21,1.0
33699,33699,2015-08-21,1.0
1573,68708,2015-08-21,1.0
613,3948,2015-08-21,1.0
35840,15242,2015-08-21,1.0
1532,1532,2015-08-21,1.0
70618,6316,2015-08-21,1.0
35394,63877,2015-08-21,1.0
297,69977,2015-08-21,1.0
10858,297,2015-08-21,1.0
297,10858,2015-08-21,1.0
44953,78401,2015-08-21,1.0
3651,61682,2015-08-21,1.0
2530,41291,2015-08-21,1.0
22131,63877,2015-08-21,1.0
10898,10898,2015-08-21,1.0
13265,24706,2015-08-21,1.0
78375,78375,2015-08-21,1.0
78386,45707,2015-08-21,1.0
9417,66607,2015-08-21,1.0
17087,66,2015-08-21,1.0
37987,37987,2015-08-21,1.0
18060,2381,2015-08-21,1.0
297,297,2015-08-21,1.0
78401,78401,2015-08-21,1.0
35482,21369,2015-08-21,1.0
75422,75422,2015-08-21,1.0
13265,61515,2015-08-21,1.0
61515,61515,2015-08-21,1.0
14094,5034,2015-08-21,1.0
3948,50438,2015-08-21,1.0
4312,36721,2015-08-21,1.0
3651,8628,2015-08-21,1.0
10366,76241,2015-08-21,1.0
7076,1532,2015-08-21,1.0
806,806,2015-08-21,1.0
3651,3993,2015-08-21,1.0
18739,297,2015-08-21,1.0
21146,10898,2015-08-21,1.0
11115,11115,2015-08-21,1.0
23835,11115,2015-08-21,1.0
14830,10035,2015-08-21,1.0
121,69977,2015-08-21,1.0
3199,76241,2015-08-21,1.0
297,4002,2015-08-21,1.0
36721,36721,2015-08-21,1.0
45707,78386,2015-08-21,1.0
37096,37096,2015-08-21,1.0
8106,61605,2015-08-21,1.0
2926,75735,2015-08-21,1.0
11115,23835,2015-08-21,1.0
8103,78392,2015-08-21,1.0
23141,37385,2015-08-21,1.0
12156,78400,2015-08-21,1.0
27219,72287,2015-08-21,1.0
3460,56878,2015-08-21,1.0
43326,65800,2015-08-21,1.0
11640,38418,2015-08-21,1.0
27013,38418,2015-08-21,1.0
14515,50438,2015-08-21,1.0
806,78375,2015-08-21,1.0
33128,47795,2015-08-21,1.0
1266,2000,2015-08-21,1.0
3948,3948,2015-08-21,1.0
47795,47795,2015-08-21,1.0
2893,2893,2015-08-21,1.0
25028,2893,2015-08-21,1.0
50438,50438,2015-08-21,1.0
23835,23835,2015-08-21,1.0
290,4002,2015-08-21,1.0
8508,12281,2015-08-21,1.0
27013,50438,2015-08-21,1.0
1162,35158,2015-08-21,1.0
78315,78315,2015-08-21,1.0
11054,10858,2015-08-21,1.0
70739,297,2015-08-21,1.0
4002,297,2015-08-21,1.0
78386,78386,2015-08-21,1.0
6205,66607,2015-08-21,1.0
12481,12481,2015-08-21,1.0
33699,6666,2015-08-21,1.0
4312,2807,2015-08-21,1.0
16537,32898,2015-08-21,1.0
32898,32898,2015-08-21,1.0
8857,37987,2015-08-21,1.0
2381,18060,2015-08-21,1.0
68708,68708,2015-08-21,1.0
78392,8103,2015-08-21,1.0
10035,12481,2015-08-21,1.0
8103,8103,2015-08-21,1.0
3651,11260,2015-08-21,1.0
3651,3651,2015-08-21,1.0
14094,78172,2015-08-21,1.0
6032,36688,2015-08-21,1.0
12481,10035,2015-08-21,1.0
40297,69977,2015-08-21,1.0
70739,24706,2015-08-21,1.0
10035,14830,2015-08-21,1.0
18060,18060,2015-08-21,1.0
5034,5034,2015-08-21,1.0
3460,3460,2015-08-21,1.0
11145,78370,2015-08-21,1.0
11054,37987,2015-08-21,1.0
31807,78370,2015-08-21,1.0
11145,11145,2015-08-21,1.0
31807,11145,2015-08-21,1.0
40883,58443,2015-08-21,1.0
71105,75422,2015-08-21,1.0
10858,10858,2015-08-21,1.0
70618,70618,2015-08-21,1.0
10035,47795,2015-08-21,1.0
6794,70618,2015-08-21,1.0
13972,10858,2015-08-21,1.0
22277,8628,2015-08-21,1.0
14830,14830,2015-08-21,1.0
49,1176,2015-08-21,1.0
75616,58443,2015-08-21,1.0
1946,1946,2015-08-21,1.0
11926,33128,2015-08-21,1.0
8008,78375,2015-08-21,1.0
11054,36721,2015-08-21,1.0
75082,6481,2015-08-21,1.0
25028,25028,2015-08-21,1.0
4040,25028,2015-08-21,1.0
75082,9928,2015-08-21,1.0
75082,26844,2015-08-21,1.0
4137,78386,2015-08-21,1.0
14094,9317,2015-08-22,1.0
36721,36721,2015-08-22,1.0
78386,78416,2015-08-22,1.0
11142,78416,2015-08-22,1.0
3651,6801,2015-08-22,1.0
25510,35353,2015-08-22,1.0
11054,4497,2015-08-22,1.0
10076,16183,2015-08-22,1.0
11142,69931,2015-08-22,1.0
75418,6950,2015-08-22,1.0
4144,16183,2015-08-22,1.0
6666,78424,2015-08-22,1.0
2622,76128,2015-08-22,1.0
21146,10898,2015-08-22,1.0
9652,36721,2015-08-22,1.0
1715,75801,2015-08-22,1.0
36688,36688,2015-08-22,1.0
54780,54780,2015-08-22,1.0
14094,1463,2015-08-22,1.0
2530,41075,2015-08-22,1.0
6801,3651,2015-08-22,1.0
49556,49556,2015-08-22,1.0
2530,49556,2015-08-22,1.0
4312,4312,2015-08-22,1.0
9652,4312,2015-08-22,1.0
2622,54780,2015-08-22,1.0
73395,73395,2015-08-22,1.0
9652,54780,2015-08-22,1.0
61328,65800,2015-08-22,1.0
12481,12481,2015-08-22,1.0
17773,2873,2015-08-22,1.0
26522,12481,2015-08-22,1.0
11260,78422,2015-08-22,1.0
9025,58096,2015-08-22,1.0
35840,73395,2015-08-22,1.0
14094,14094,2015-08-22,1.0
13265,41075,2015-08-22,1.0
37026,44812,2015-08-22,1.0
17845,41075,2015-08-22,1.0
11142,11142,2015-08-22,1.0
69931,11142,2015-08-22,1.0
23141,23141,2015-08-22,1.0
7206,43354,2015-08-22,1.0
78262,78262,2015-08-22,1.0
69931,69931,2015-08-22,1.0
78262,8628,2015-08-22,1.0
806,69931,2015-08-22,1.0
73395,14094,2015-08-22,1.0
2000,75801,2015-08-22,1.0
8588,11054,2015-08-22,1.0
51223,10366,2015-08-22,1.0
37385,23141,2015-08-22,1.0
4144,4144,2015-08-22,1.0
2622,4144,2015-08-22,1.0
17589,17589,2015-08-22,1.0
18086,17589,2015-08-22,1.0
75749,10110,2015-08-22,1.0
6032,36688,2015-08-22,1.0
766,297,2015-08-22,1.0
68708,78381,2015-08-22,1.0
68708,68708,2015-08-22,1.0
11054,40564,2015-08-22,1.0
10035,10035,2015-08-22,1.0
3651,78249,2015-08-22,1.0
385,10035,2015-08-22,1.0
13917,4500,2015-08-22,1.0
41291,40564,2015-08-22,1.0
405,36554,2015-08-22,1.0
7076,58096,2015-08-22,1.0
2502,2502,2015-08-22,1.0
4312,18739,2015-08-22,1.0
36554,36554,2015-08-22,1.0
41654,41654,2015-08-22,1.0
9317,9317,2015-08-22,1.0
10898,10898,2015-08-22,1.0
4231,69977,2015-08-22,1.0
297,7709,2015-08-22,1.0
20186,78416,2015-08-22,1.0
7717,41075,2015-08-22,1.0
58096,58096,2015-08-22,1.0
78381,78381,2015-08-22,1.0
4497,11054,2015-08-22,1.0
1847,25510,2015-08-22,1.0
1061,25510,2015-08-22,1.0
76479,76479,2015-08-22,1.0
13265,24706,2015-08-22,1.0
7206,17836,2015-08-22,1.0
297,297,2015-08-22,1.0
24706,24706,2015-08-22,1.0
66607,66607,2015-08-22,1.0
78458,78458,2015-08-23,1.0
2530,78458,2015-08-23,1.0
1988,36688,2015-08-23,1.0
11142,57982,2015-08-23,1.0
11145,11145,2015-08-23,1.0
41953,11145,2015-08-23,1.0
23141,23141,2015-08-23,1.0
402,66688,2015-08-23,1.0
10898,78458,2015-08-23,1.0
36721,50901,2015-08-23,1.0
78324,78324,2015-08-23,1.0
7206,17836,2015-08-23,1.0
8430,8430,2015-08-23,1.0
13972,8430,2015-08-23,1.0
11145,11233,2015-08-23,1.0
13972,13972,2015-08-23,1.0
26080,26080,2015-08-23,1.0
8430,297,2015-08-23,1.0
56921,17836,2015-08-23,1.0
56921,1532,2015-08-23,1.0
1650,1650,2015-08-23,1.0
28104,57982,2015-08-23,1.0
77927,13904,2015-08-23,1.0
25311,1650,2015-08-23,1.0
1916,78324,2015-08-23,1.0
1532,1532,2015-08-23,1.0
6094,35353,2015-08-23,1.0
11233,11145,2015-08-23,1.0
4312,13972,2015-08-23,1.0
50901,36721,2015-08-23,1.0
22989,73923,2015-08-23,1.0
75735,3959,2015-08-23,1.0
2000,75801,2015-08-23,1.0
35453,49556,2015-08-23,1.0
6794,66688,2015-08-23,1.0
11919,76102,2015-08-23,1.0
297,4497,2015-08-23,1.0
30062,37211,2015-08-23,1.0
4312,75801,2015-08-23,1.0
75735,8590,2015-08-23,1.0
297,297,2015-08-23,1.0
9672,25311,2015-08-23,1.0
8430,78434,2015-08-23,1.0
7076,58096,2015-08-23,1.0
75735,22277,2015-08-23,1.0
37385,23141,2015-08-23,1.0
66,78324,2015-08-23,1.0
57982,57982,2015-08-23,1.0
34180,1532,2015-08-23,1.0
5010,25311,2015-08-23,1.0
8991,5917,2015-08-23,1.0
13972,78434,2015-08-23,1.0
1650,25311,2015-08-23,1.0
19885,77936,2015-08-23,1.0
1465,1465,2015-08-23,1.0
7206,11233,2015-08-23,1.0
12705,5917,2015-08-23,1.0
7206,43354,2015-08-23,1.0
43354,43354,2015-08-23,1.0
10076,75418,2015-08-23,1.0
73923,22989,2015-08-23,1.0
23835,11115,2015-08-23,1.0
78440,3106,2015-08-23,1.0
4312,1715,2015-08-23,1.0
4312,50901,2015-08-23,1.0
7206,20597,2015-08-23,1.0
3041,20597,2015-08-23,1.0
766,297,2015-08-23,1.0
3041,76593,2015-08-23,1.0
766,78434,2015-08-23,1.0
1946,20597,2015-08-23,1.0
11233,11233,2015-08-23,1.0
4497,297,2015-08-23,1.0
76593,76593,2015-08-23,1.0
78434,78434,2015-08-23,1.0
5034,14094,2015-08-23,1.0
66688,6794,2015-08-23,1.0
21265,41626,2015-08-23,1.0
17845,5034,2015-08-23,1.0
3959,75735,2015-08-23,1.0
25510,25510,2015-08-23,1.0
22971,18739,2015-08-23,1.0
1898,8430,2015-08-23,1.0
6794,5917,2015-08-23,1.0
20507,54780,2015-08-23,1.0
18739,18739,2015-08-23,1.0
8628,3651,2015-08-23,1.0
8628,26080,2015-08-23,1.0
5917,5917,2015-08-23,1.0
1946,5917,2015-08-23,1.0
77936,19885,2015-08-23,1.0
11100,78347,2015-08-23,1.0
9672,9672,2015-08-23,1.0
25311,9672,2015-08-23,1.0
20597,20597,2015-08-23,1.0
5442,5917,2015-08-23,1.0
41644,25311,2015-08-23,1.0
1847,25510,2015-08-23,1.0
1058,43354,2015-08-23,1.0
6094,25311,2015-08-23,1.0
78164,78164,2015-08-23,1.0
25311,25311,2015-08-23,1.0
6950,75418,2015-08-23,1.0
454,78446,2015-08-23,1.0
12565,11576,2015-08-24,1.0
74606,74606,2015-08-24,1.0
21339,5701,2015-08-24,1.0
51384,51384,2015-08-24,1.0
14830,14830,2015-08-24,1.0
78282,78282,2015-08-24,1.0
70739,3521,2015-08-24,1.0
3684,41928,2015-08-24,1.0
78474,14830,2015-08-24,1.0
69977,69977,2015-08-24,1.0
7206,11145,2015-08-24,1.0
25256,51663,2015-08-24,1.0
48866,5100,2015-08-24,1.0
4177,40883,2015-08-24,1.0
43326,64541,2015-08-24,1.0
20507,20507,2015-08-24,1.0
1688,16183,2015-08-24,1.0
16183,16183,2015-08-24,1.0
49556,35453,2015-08-24,1.0
40723,47958,2015-08-24,1.0
51663,51663,2015-08-24,1.0
5917,8991,2015-08-24,1.0
64294,78474,2015-08-24,1.0
20781,75735,2015-08-24,1.0
11926,10898,2015-08-24,1.0
50901,50901,2015-08-24,1.0
48831,57483,2015-08-24,1.0
78434,13972,2015-08-24,1.0
5091,76391,2015-08-24,1.0
18060,39380,2015-08-24,1.0
10881,25309,2015-08-24,1.0
36688,36688,2015-08-24,1.0
39380,39380,2015-08-24,1.0
10898,10898,2015-08-24,1.0
3521,39380,2015-08-24,1.0
14094,1358,2015-08-24,1.0
18698,2784,2015-08-24,1.0
1358,1358,2015-08-24,1.0
25311,1650,2015-08-24,1.0
47958,1358,2015-08-24,1.0
77927,13904,2015-08-24,1.0
13904,13904,2015-08-24,1.0
66607,46290,2015-08-24,1.0
38624,75718,2015-08-24,1.0
20598,1358,2015-08-24,1.0
25510,16183,2015-08-24,1.0
22389,57982,2015-08-24,1.0
36688,23571,2015-08-24,1.0
12547,40883,2015-08-24,1.0
20597,20597,2015-08-24,1.0
78469,78469,2015-08-24,1.0
76479,74606,2015-08-24,1.0
11919,11919,2015-08-24,1.0
6094,51384,2015-08-24,1.0
40883,40883,2015-08-24,1.0
2926,40883,2015-08-24,1.0
78,40883,2015-08-24,1.0
58096,7076,2015-08-24,1.0
2926,51780,2015-08-24,1.0
5701,5701,2015-08-24,1.0
766,11919,2015-08-24,1.0
70739,39380,2015-08-24,1.0
25485,75735,2015-08-24,1.0
36721,50901,2015-08-24,1.0
36688,13431,2015-08-24,1.0
1358,78446,2015-08-24,1.0
41291,1532,2015-08-24,1.0
2530,78458,2015-08-24,1.0
297,297,2015-08-24,1.0
22989,297,2015-08-24,1.0
56920,56920,2015-08-24,1.0
43326,76284,2015-08-24,1.0
3106,3106,2015-08-24,1.0
52936,9417,2015-08-24,1.0
25311,5010,2015-08-24,1.0
43954,54415,2015-08-24,1.0
6094,14450,2015-08-24,1.0
613,16183,2015-08-24,1.0
9652,16183,2015-08-24,1.0
11145,11145,2015-08-24,1.0
3816,51,2015-08-24,1.0
13119,63984,2015-08-24,1.0
1688,1688,2015-08-24,1.0
11540,40883,2015-08-24,1.0
1441,1688,2015-08-24,1.0
47958,47958,2015-08-24,1.0
34180,1532,2015-08-24,1.0
17118,66016,2015-08-24,1.0
63984,63984,2015-08-24,1.0
12705,8991,2015-08-24,1.0
5784,5784,2015-08-24,1.0
25256,76284,2015-08-24,1.0
8103,78392,2015-08-24,1.0
75,56920,2015-08-24,1.0
78392,78392,2015-08-24,1.0
78416,78386,2015-08-24,1.0
3521,3521,2015-08-24,1.0
7360,7360,2015-08-24,1.0
12166,78392,2015-08-24,1.0
12166,78484,2015-08-24,1.0
18060,78484,2015-08-24,1.0
9417,9417,2015-08-24,1.0
3651,1840,2015-08-24,1.0
13972,46290,2015-08-24,1.0
1532,1532,2015-08-24,1.0
13265,69183,2015-08-24,1.0
78474,78474,2015-08-24,1.0
13552,51663,2015-08-24,1.0
20507,78446,2015-08-24,1.0
14830,78474,2015-08-24,1.0
9091,47228,2015-08-24,1.0
19276,16702,2015-08-24,1.0
1568,14547,2015-08-24,1.0
11919,30186,2015-08-24,1.0
78465,37987,2015-08-24,1.0
25510,78446,2015-08-24,1.0
13972,13904,2015-08-24,1.0
74606,76479,2015-08-24,1.0
75735,20781,2015-08-24,1.0
14515,46290,2015-08-24,1.0
12301,78451,2015-08-24,1.0
33064,33064,2015-08-24,1.0
14450,1358,2015-08-24,1.0
11919,78324,2015-08-24,1.0
57982,57982,2015-08-24,1.0
9417,63984,2015-08-24,1.0
3460,63984,2015-08-24,1.0
17836,17836,2015-08-24,1.0
3651,61682,2015-08-24,1.0
4149,78350,2015-08-24,1.0
3651,3993,2015-08-24,1.0
11142,1358,2015-08-24,1.0
47763,76284,2015-08-24,1.0
10266,47958,2015-08-24,1.0
49003,38889,2015-08-24,1.0
297,38889,2015-08-24,1.0
11054,7360,2015-08-24,1.0
52918,78484,2015-08-24,1.0
297,11561,2015-08-24,1.0
16659,46298,2015-08-24,1.0
4037,78496,2015-08-25,1.0
1056,78474,2015-08-25,1.0
3684,41928,2015-08-25,1.0
18060,18060,2015-08-25,1.0
78474,1056,2015-08-25,1.0
63984,9417,2015-08-25,1.0
39714,39714,2015-08-25,1.0
61426,21146,2015-08-25,1.0
17118,66016,2015-08-25,1.0
78273,39714,2015-08-25,1.0
3993,3993,2015-08-25,1.0
78458,2530,2015-08-25,1.0
66607,38448,2015-08-25,1.0
37987,78465,2015-08-25,1.0
12166,78484,2015-08-25,1.0
38889,49003,2015-08-25,1.0
56921,4556,2015-08-25,1.0
6094,20595,2015-08-25,1.0
78273,20595,2015-08-25,1.0
14830,20595,2015-08-25,1.0
290,56920,2015-08-25,1.0
66016,66016,2015-08-25,1.0
7092,20595,2015-08-25,1.0
41928,41928,2015-08-25,1.0
4177,72287,2015-08-25,1.0
60450,56222,2015-08-25,1.0
18060,78484,2015-08-25,1.0
18060,57771,2015-08-25,1.0
78474,14830,2015-08-25,1.0
2554,16107,2015-08-25,1.0
63984,3460,2015-08-25,1.0
7076,7076,2015-08-25,1.0
40883,11392,2015-08-25,1.0
1056,1056,2015-08-25,1.0
1847,66016,2015-08-25,1.0
78386,78386,2015-08-25,1.0
3106,3684,2015-08-25,1.0
12547,40883,2015-08-25,1.0
22277,37555,2015-08-25,1.0
75749,42440,2015-08-25,1.0
15629,15629,2015-08-25,1.0
2555,50754,2015-08-25,1.0
42440,42440,2015-08-25,1.0
806,73430,2015-08-25,1.0
36688,13972,2015-08-25,1.0
75,73430,2015-08-25,1.0
78273,73430,2015-08-25,1.0
75,75,2015-08-25,1.0
56920,75,2015-08-25,1.0
6094,67002,2015-08-25,1.0
25510,11392,2015-08-25,1.0
13972,13972,2015-08-25,1.0
59205,13809,2015-08-25,1.0
1441,59283,2015-08-25,1.0
25256,76284,2015-08-25,1.0
8725,8725,2015-08-25,1.0
184,5690,2015-08-25,1.0
1532,1532,2015-08-25,1.0
37555,37555,2015-08-25,1.0
12518,1532,2015-08-25,1.0
11142,11142,2015-08-25,1.0
1688,16702,2015-08-25,1.0
13915,20302,2015-08-25,1.0
10366,11142,2015-08-25,1.0
25510,25510,2015-08-25,1.0
25256,12178,2015-08-25,1.0
5690,5690,2015-08-25,1.0
64060,30927,2015-08-25,1.0
28104,78512,2015-08-25,1.0
50754,50754,2015-08-25,1.0
4312,66016,2015-08-25,1.0
2530,8725,2015-08-25,1.0
6263,78505,2015-08-25,1.0
16183,13915,2015-08-25,1.0
36688,36688,2015-08-25,1.0
21051,25510,2015-08-25,1.0
1441,16183,2015-08-25,1.0
43326,76284,2015-08-25,1.0
78446,20507,2015-08-25,1.0
40883,40883,2015-08-25,1.0
49556,35453,2015-08-25,1.0
47228,9091,2015-08-25,1.0
35453,35453,2015-08-25,1.0
20595,20595,2015-08-25,1.0
16183,25510,2015-08-25,1.0
16183,16183,2015-08-25,1.0
8103,8103,2015-08-25,1.0
20186,1056,2015-08-25,1.0
75749,19593,2015-08-25,1.0
14830,1056,2015-08-25,1.0
21965,78299,2015-08-25,1.0
21146,21146,2015-08-25,1.0
78500,78500,2015-08-25,1.0
62154,15629,2015-08-25,1.0
35445,35445,2015-08-25,1.0
43266,8628,2015-08-25,1.0
11392,11392,2015-08-25,1.0
44953,78500,2015-08-25,1.0
76102,11919,2015-08-25,1.0
76102,76102,2015-08-25,1.0
56920,56920,2015-08-25,1.0
13915,13915,2015-08-25,1.0
78465,78465,2015-08-25,1.0
35593,13915,2015-08-25,1.0
14830,14830,2015-08-25,1.0
78446,78446,2015-08-25,1.0
71046,21574,2015-08-25,1.0
61536,54415,2015-08-25,1.0
67011,5292,2015-08-25,1.0
3684,20595,2015-08-25,1.0
37096,37096,2015-08-25,1.0
25510,16183,2015-08-25,1.0
78493,69208,2015-08-25,1.0
57771,26059,2015-08-25,1.0
290,3319,2015-08-25,1.0
13265,78495,2015-08-25,1.0
48489,78375,2015-08-25,1.0
8725,78458,2015-08-25,1.0
50754,2555,2015-08-25,1.0
25437,38448,2015-08-25,1.0
13915,16183,2015-08-25,1.0
22131,22191,2015-08-25,1.0
13972,36688,2015-08-25,1.0
18739,297,2015-08-25,1.0
75,56920,2015-08-25,1.0
297,1459,2015-08-25,1.0
49003,73430,2015-08-25,1.0
11926,73430,2015-08-25,1.0
11142,78500,2015-08-25,1.0
20302,16183,2015-08-25,1.0
11919,39714,2015-08-25,1.0
14094,1688,2015-08-25,1.0
2106,60903,2015-08-25,1.0
4832,35445,2015-08-25,1.0
4037,1186,2015-08-25,1.0
4149,78350,2015-08-25,1.0
613,16183,2015-08-25,1.0
20302,36688,2015-08-25,1.0
66,66,2015-08-25,1.0
13265,76284,2015-08-25,1.0
3324,46536,2015-08-25,1.0
9417,3460,2015-08-25,1.0
5917,8991,2015-08-25,1.0
26218,26218,2015-08-25,1.0
8385,1946,2015-08-25,1.0
4040,31469,2015-08-25,1.0
78273,11919,2015-08-25,1.0
11919,11919,2015-08-25,1.0
49003,49003,2015-08-25,1.0
41139,5736,2015-08-26,1.0
4177,35840,2015-08-26,1.0
5712,10035,2015-08-26,1.0
38624,17773,2015-08-26,1.0
15242,15242,2015-08-26,1.0
12178,25256,2015-08-26,1.0
25256,25256,2015-08-26,1.0
75735,8628,2015-08-26,1.0
38852,8430,2015-08-26,1.0
78500,11142,2015-08-26,1.0
56892,69194,2015-08-26,1.0
54415,61536,2015-08-26,1.0
12138,17773,2015-08-26,1.0
78375,48489,2015-08-26,1.0
3684,48489,2015-08-26,1.0
70355,70355,2015-08-26,1.0
78517,70355,2015-08-26,1.0
5740,61536,2015-08-26,1.0
17773,17773,2015-08-26,1.0
11919,17773,2015-08-26,1.0
7092,14830,2015-08-26,1.0
12178,12178,2015-08-26,1.0
20507,54780,2015-08-26,1.0
69194,69194,2015-08-26,1.0
8628,37555,2015-08-26,1.0
78517,78517,2015-08-26,1.0
8628,8628,2015-08-26,1.0
43326,78499,2015-08-26,1.0
40297,15242,2015-08-26,1.0
40297,58688,2015-08-26,1.0
70355,78517,2015-08-26,1.0
69931,9091,2015-08-26,1.0
1688,16702,2015-08-26,1.0
17773,48489,2015-08-26,1.0
46773,46773,2015-08-26,1.0
48489,48489,2015-08-26,1.0
49831,77927,2015-08-26,1.0
15002,11142,2015-08-26,1.0
68722,78532,2015-08-26,1.0
60450,8430,2015-08-26,1.0
10035,10035,2015-08-26,1.0
30850,13265,2015-08-26,1.0
13265,13265,2015-08-26,1.0
1946,37555,2015-08-26,1.0
78505,78505,2015-08-26,1.0
31310,11142,2015-08-26,1.0
69194,77927,2015-08-26,1.0
3377,3377,2015-08-26,1.0
18739,18739,2015-08-26,1.0
78474,1056,2015-08-26,1.0
37555,37555,2015-08-26,1.0
41291,21029,2015-08-26,1.0
38566,11054,2015-08-26,1.0
24953,11054,2015-08-26,1.0
37555,8628,2015-08-26,1.0
9924,17773,2015-08-26,1.0
4177,4177,2015-08-26,1.0
49151,61515,2015-08-26,1.0
25256,12178,2015-08-26,1.0
9091,9091,2015-08-26,1.0
4312,78525,2015-08-26,1.0
14414,4842,2015-08-26,1.0
26208,26208,2015-08-26,1.0
613,6032,2015-08-26,1.0
3901,76299,2015-08-26,1.0
11260,78552,2015-08-26,1.0
21029,21029,2015-08-26,1.0
76299,76299,2015-08-26,1.0
60903,2106,2015-08-26,1.0
60618,60618,2015-08-26,1.0
13972,78554,2015-08-26,1.0
78273,14830,2015-08-26,1.0
6999,16639,2015-08-26,1.0
40297,40297,2015-08-26,1.0
10266,10266,2015-08-26,1.0
78525,78525,2015-08-26,1.0
763,10266,2015-08-26,1.0
73622,60618,2015-08-26,1.0
78554,78554,2015-08-26,1.0
51432,2926,2015-08-26,1.0
8430,8430,2015-08-26,1.0
30827,40297,2015-08-26,1.0
6094,6032,2015-08-26,1.0
36688,23571,2015-08-26,1.0
67002,67002,2015-08-26,1.0
1100,76299,2015-08-26,1.0
75422,46773,2015-08-26,1.0
75735,37555,2015-08-26,1.0
38852,972,2015-08-26,1.0
14830,48489,2015-08-26,1.0
1593,454,2015-08-26,1.0
11054,78532,2015-08-26,1.0
2106,51424,2015-08-26,1.0
12518,1532,2015-08-26,1.0
77927,49831,2015-08-26,1.0
11142,31310,2015-08-26,1.0
12705,31310,2015-08-26,1.0
1811,9485,2015-08-26,1.0
41283,41283,2015-08-26,1.0
60618,73622,2015-08-26,1.0
11260,6032,2015-08-26,1.0
17836,8628,2015-08-26,1.0
6942,43354,2015-08-26,1.0
78557,1898,2015-08-26,1.0
11260,78551,2015-08-26,1.0
18060,14830,2015-08-26,1.0
78525,1532,2015-08-26,1.0
13265,30850,2015-08-26,1.0
48489,41916,2015-08-26,1.0
10035,955,2015-08-26,1.0
14302,78216,2015-08-26,1.0
10481,73395,2015-08-26,1.0
31026,78216,2015-08-26,1.0
3075,5690,2015-08-26,1.0
10266,763,2015-08-26,1.0
1441,59283,2015-08-26,1.0
69194,56892,2015-08-26,1.0
17581,48693,2015-08-26,1.0
61536,50009,2015-08-26,1.0
1306,36688,2015-08-26,1.0
9091,69931,2015-08-26,1.0
36688,36688,2015-08-26,1.0
78524,15980,2015-08-26,1.0
7076,78512,2015-08-26,1.0
8430,38852,2015-08-26,1.0
18060,69558,2015-08-26,1.0
61536,37781,2015-08-26,1.0
22131,16639,2015-08-26,1.0
78416,78386,2015-08-26,1.0
4312,66016,2015-08-26,1.0
62135,62135,2015-08-26,1.0
1532,1532,2015-08-26,1.0
1409,3075,2015-08-26,1.0
1409,5690,2015-08-26,1.0
54780,54780,2015-08-26,1.0
60618,2106,2015-08-26,1.0
11926,11926,2015-08-26,1.0
1441,13972,2015-08-26,1.0
184,5690,2015-08-26,1.0
20302,20302,2015-08-26,1.0
12166,6262,2015-08-26,1.0
2106,2106,2015-08-26,1.0
62709,1532,2015-08-26,1.0
3106,20595,2015-08-26,1.0
3106,78216,2015-08-26,1.0
13972,13972,2015-08-26,1.0
3324,3377,2015-08-26,1.0
8508,2926,2015-08-26,1.0
33757,26579,2015-08-26,1.0
5690,5690,2015-08-26,1.0
5690,3075,2015-08-26,1.0
17988,78505,2015-08-26,1.0
68708,59283,2015-08-26,1.0
16702,16702,2015-08-26,1.0
73430,11926,2015-08-26,1.0
12705,78216,2015-08-26,1.0
9072,78517,2015-08-26,1.0
38867,12847,2015-08-26,1.0
66016,66016,2015-08-26,1.0
36688,1306,2015-08-26,1.0
11054,3377,2015-08-26,1.0
2530,8725,2015-08-26,1.0
17581,70925,2015-08-27,1.0
50355,76572,2015-08-27,1.0
4312,11054,2015-08-27,1.0
9091,9091,2015-08-27,1.0
54415,61536,2015-08-27,1.0
1946,76572,2015-08-27,1.0
35840,35840,2015-08-27,1.0
76284,76284,2015-08-27,1.0
51137,51137,2015-08-27,1.0
14450,5279,2015-08-27,1.0
2622,51137,2015-08-27,1.0
75422,7576,2015-08-27,1.0
78551,11260,2015-08-27,1.0
16639,22131,2015-08-27,1.0
22131,22131,2015-08-27,1.0
8628,8628,2015-08-27,1.0
1946,78521,2015-08-27,1.0
184,1100,2015-08-27,1.0
3272,11142,2015-08-27,1.0
6794,76572,2015-08-27,1.0
48489,17773,2015-08-27,1.0
1056,78574,2015-08-27,1.0
17773,17773,2015-08-27,1.0
78574,78574,2015-08-27,1.0
4362,61515,2015-08-27,1.0
33039,76572,2015-08-27,1.0
766,76572,2015-08-27,1.0
76572,76572,2015-08-27,1.0
11640,22131,2015-08-27,1.0
14830,4,2015-08-27,1.0
12481,2384,2015-08-27,1.0
5740,61536,2015-08-27,1.0
11054,78574,2015-08-27,1.0
78554,78554,2015-08-27,1.0
4177,76572,2015-08-27,1.0
25256,438,2015-08-27,1.0
11054,11054,2015-08-27,1.0
1688,8628,2015-08-27,1.0
69301,69301,2015-08-27,1.0
4177,78581,2015-08-27,1.0
26522,11142,2015-08-27,1.0
8250,11260,2015-08-27,1.0
13265,61522,2015-08-27,1.0
16639,16639,2015-08-27,1.0
7576,7576,2015-08-27,1.0
11142,11142,2015-08-27,1.0
12481,12481,2015-08-27,1.0
1123,16639,2015-08-27,1.0
11054,2384,2015-08-27,1.0
20302,1358,2015-08-27,1.0
9924,9924,2015-08-27,1.0
78574,11054,2015-08-27,1.0
297,21615,2015-08-27,1.0
22389,60435,2015-08-27,1.0
72288,72288,2015-08-27,1.0
11142,3272,2015-08-27,1.0
16107,16107,2015-08-27,1.0
8250,717,2015-08-27,1.0
25028,1056,2015-08-27,1.0
7206,76572,2015-08-27,1.0
11540,2191,2015-08-27,1.0
61536,61536,2015-08-27,1.0
24078,24078,2015-08-27,1.0
69931,9091,2015-08-27,1.0
13265,43423,2015-08-27,1.0
75616,1358,2015-08-27,1.0
8345,26069,2015-08-27,1.0
9025,2384,2015-08-27,1.0
60450,8430,2015-08-27,1.0
17581,10898,2015-08-27,1.0
9305,9672,2015-08-27,1.0
48839,78592,2015-08-27,1.0
35593,70925,2015-08-27,1.0
38805,38805,2015-08-27,1.0
19276,19276,2015-08-27,1.0
2669,18263,2015-08-27,1.0
10059,10059,2015-08-27,1.0
62709,36554,2015-08-27,1.0
18263,1409,2015-08-27,1.0
78517,70355,2015-08-27,1.0
13972,78554,2015-08-27,1.0
70355,70355,2015-08-27,1.0
290,36370,2015-08-27,1.0
30827,40297,2015-08-27,1.0
763,16639,2015-08-27,1.0
78562,12705,2015-08-27,1.0
78273,14830,2015-08-27,1.0
12705,12705,2015-08-27,1.0
48489,48489,2015-08-27,1.0
15129,16639,2015-08-27,1.0
37555,8628,2015-08-27,1.0
4312,78525,2015-08-27,1.0
50754,18263,2015-08-27,1.0
4312,48693,2015-08-27,1.0
766,38805,2015-08-27,1.0
41654,6094,2015-08-27,1.0
33039,6342,2015-08-27,1.0
4177,41654,2015-08-27,1.0
32389,2893,2015-08-27,1.0
11260,2893,2015-08-27,1.0
9672,9305,2015-08-27,1.0
22131,24078,2015-08-27,1.0
78589,70190,2015-08-27,1.0
17581,19885,2015-08-27,1.0
60435,30196,2015-08-27,1.0
78588,18263,2015-08-27,1.0
12178,1532,2015-08-27,1.0
20595,6094,2015-08-27,1.0
78581,16019,2015-08-27,1.0
78581,16578,2015-08-27,1.0
20781,76572,2015-08-27,1.0
8133,78521,2015-08-27,1.0
60435,65,2015-08-27,1.0
11260,717,2015-08-27,1.0
22389,717,2015-08-27,1.0
4600,6342,2015-08-27,1.0
2893,65,2015-08-27,1.0
19276,6094,2015-08-27,1.0
18263,18263,2015-08-27,1.0
1465,1465,2015-08-27,1.0
4177,4177,2015-08-27,1.0
78570,78570,2015-08-27,1.0
4362,6094,2015-08-27,1.0
78386,78386,2015-08-27,1.0
7092,76572,2015-08-27,1.0
6342,76572,2015-08-27,1.0
41654,19276,2015-08-27,1.0
6818,6094,2015-08-27,1.0
5442,76572,2015-08-27,1.0
1465,6094,2015-08-27,1.0
5794,76572,2015-08-27,1.0
763,76572,2015-08-27,1.0
1847,57982,2015-08-27,1.0
11145,76572,2015-08-27,1.0
6094,48693,2015-08-27,1.0
34640,24078,2015-08-27,1.0
3005,35840,2015-08-27,1.0
12178,12178,2015-08-27,1.0
11054,78570,2015-08-27,1.0
78,76299,2015-08-27,1.0
66623,76453,2015-08-27,1.0
23571,23571,2015-08-27,1.0
76299,76299,2015-08-27,1.0
25256,12178,2015-08-27,1.0
38852,8430,2015-08-27,1.0
75718,9924,2015-08-27,1.0
76483,1465,2015-08-27,1.0
41291,21029,2015-08-27,1.0
6085,6942,2015-08-27,1.0
49831,77927,2015-08-27,1.0
8430,8430,2015-08-27,1.0
17581,19018,2015-08-27,1.0
1898,78557,2015-08-27,1.0
78041,78570,2015-08-27,1.0
38448,4312,2015-08-27,1.0
5010,4312,2015-08-27,1.0
11142,11142,2015-08-28,1.0
71019,71019,2015-08-28,1.0
17734,70508,2015-08-28,1.0
8146,58096,2015-08-28,1.0
41291,49,2015-08-28,1.0
22989,15887,2015-08-28,1.0
11142,3272,2015-08-28,1.0
1441,58550,2015-08-28,1.0
19885,17581,2015-08-28,1.0
7576,7576,2015-08-28,1.0
3272,71019,2015-08-28,1.0
2893,11260,2015-08-28,1.0
8628,8628,2015-08-28,1.0
8008,58096,2015-08-28,1.0
7206,6942,2015-08-28,1.0
6794,8628,2015-08-28,1.0
8250,8628,2015-08-28,1.0
20597,76572,2015-08-28,1.0
8628,75735,2015-08-28,1.0
17581,48489,2015-08-28,1.0
57941,57941,2015-08-28,1.0
69931,9091,2015-08-28,1.0
78606,78606,2015-08-28,1.0
9672,9672,2015-08-28,1.0
28104,56534,2015-08-28,1.0
30186,11919,2015-08-28,1.0
30790,49,2015-08-28,1.0
12705,11142,2015-08-28,1.0
1946,56534,2015-08-28,1.0
5263,14105,2015-08-28,1.0
49,22131,2015-08-28,1.0
22131,22131,2015-08-28,1.0
24563,24563,2015-08-28,1.0
58096,7076,2015-08-28,1.0
49,30790,2015-08-28,1.0
21907,11142,2015-08-28,1.0
9072,56534,2015-08-28,1.0
12166,21369,2015-08-28,1.0
49,49,2015-08-28,1.0
11640,24563,2015-08-28,1.0
1946,1946,2015-08-28,1.0
70739,72288,2015-08-28,1.0
4760,10194,2015-08-28,1.0
9417,6205,2015-08-28,1.0
20233,22131,2015-08-28,1.0
9417,1946,2015-08-28,1.0
11054,78606,2015-08-28,1.0
44651,11142,2015-08-28,1.0
52805,25510,2015-08-28,1.0
17581,17581,2015-08-28,1.0
73430,73430,2015-08-28,1.0
37214,46690,2015-08-28,1.0
31475,13119,2015-08-28,1.0
11926,73430,2015-08-28,1.0
78273,3272,2015-08-28,1.0
57941,39428,2015-08-28,1.0
10881,60714,2015-08-28,1.0
3272,3272,2015-08-28,1.0
35482,290,2015-08-28,1.0
18263,18263,2015-08-28,1.0
2622,51137,2015-08-28,1.0
21265,1358,2015-08-28,1.0
11054,21615,2015-08-28,1.0
766,38805,2015-08-28,1.0
75,21615,2015-08-28,1.0
26522,12481,2015-08-28,1.0
60435,60435,2015-08-28,1.0
13119,13119,2015-08-28,1.0
5794,1946,2015-08-28,1.0
2384,2384,2015-08-28,1.0
9091,9091,2015-08-28,1.0
586,18263,2015-08-28,1.0
2555,4463,2015-08-28,1.0
23835,11115,2015-08-28,1.0
2555,50754,2015-08-28,1.0
25510,25510,2015-08-28,1.0
31883,31883,2015-08-28,1.0
76572,1946,2015-08-28,1.0
2926,21615,2015-08-28,1.0
3106,5585,2015-08-28,1.0
4366,31883,2015-08-28,1.0
76026,23141,2015-08-28,1.0
73622,17602,2015-08-28,1.0
39428,57941,2015-08-28,1.0
21615,21615,2015-08-28,1.0
76483,1465,2015-08-28,1.0
60714,60714,2015-08-28,1.0
7206,60714,2015-08-28,1.0
2807,60714,2015-08-28,1.0
31883,15235,2015-08-28,1.0
70190,78589,2015-08-28,1.0
22131,11142,2015-08-28,1.0
11142,44651,2015-08-28,1.0
35840,5710,2015-08-28,1.0
297,69613,2015-08-28,1.0
11142,21907,2015-08-28,1.0
24563,78499,2015-08-28,1.0
8297,48084,2015-08-28,1.0
21369,24965,2015-08-28,1.0
12481,70508,2015-08-28,1.0
2807,1532,2015-08-28,1.0
75735,8628,2015-08-28,1.0
1532,1532,2015-08-28,1.0
22131,49,2015-08-28,1.0
8628,37555,2015-08-28,1.0
39552,3377,2015-08-28,1.0
75616,1358,2015-08-28,1.0
78603,2678,2015-08-28,1.0
57583,76572,2015-08-28,1.0
9672,9672,2015-08-29,1.0
10503,683,2015-08-29,1.0
62780,1149,2015-08-29,1.0
3684,11142,2015-08-29,1.0
4177,20597,2015-08-29,1.0
2807,60714,2015-08-29,1.0
14447,65800,2015-08-29,1.0
3684,21907,2015-08-29,1.0
40297,78638,2015-08-29,1.0
2383,5710,2015-08-29,1.0
12481,12481,2015-08-29,1.0
1450,13113,2015-08-29,1.0
1409,18060,2015-08-29,1.0
6263,78638,2015-08-29,1.0
78621,19276,2015-08-29,1.0
78621,11142,2015-08-29,1.0
69931,8146,2015-08-29,1.0
18263,18263,2015-08-29,1.0
13113,1450,2015-08-29,1.0
49,2926,2015-08-29,1.0
9305,9672,2015-08-29,1.0
59313,1450,2015-08-29,1.0
19276,19276,2015-08-29,1.0
11142,78273,2015-08-29,1.0
78273,78273,2015-08-29,1.0
48839,78621,2015-08-29,1.0
1463,1463,2015-08-29,1.0
22191,22131,2015-08-29,1.0
70508,70508,2015-08-29,1.0
70508,12481,2015-08-29,1.0
74623,78638,2015-08-29,1.0
8146,8146,2015-08-29,1.0
46290,14515,2015-08-29,1.0
290,2926,2015-08-29,1.0
9025,12481,2015-08-29,1.0
5656,74268,2015-08-29,1.0
39747,65800,2015-08-29,1.0
3394,3394,2015-08-29,1.0
18060,18060,2015-08-29,1.0
763,16639,2015-08-29,1.0
8146,3394,2015-08-29,1.0
22131,22131,2015-08-29,1.0
14830,405,2015-08-29,1.0
1492,36977,2015-08-29,1.0
1573,76162,2015-08-29,1.0
12166,76162,2015-08-29,1.0
18060,78638,2015-08-29,1.0
1058,78648,2015-08-29,1.0
78589,78589,2015-08-29,1.0
11260,78657,2015-08-29,1.0
34259,72288,2015-08-29,1.0
78650,78650,2015-08-29,1.0
20597,20597,2015-08-29,1.0
1266,36977,2015-08-29,1.0
586,18263,2015-08-29,1.0
15887,15887,2015-08-29,1.0
78249,78249,2015-08-29,1.0
49,25122,2015-08-29,1.0
4298,4298,2015-08-29,1.0
37555,8628,2015-08-29,1.0
9025,78647,2015-08-29,1.0
78647,78647,2015-08-29,1.0
17773,18060,2015-08-29,1.0
18756,15887,2015-08-29,1.0
75749,78650,2015-08-29,1.0
9652,61389,2015-08-29,1.0
1568,1568,2015-08-29,1.0
13119,78650,2015-08-29,1.0
4639,1568,2015-08-29,1.0
3803,11142,2015-08-29,1.0
41291,21029,2015-08-29,1.0
17581,34461,2015-08-29,1.0
6794,78648,2015-08-29,1.0
20597,76572,2015-08-29,1.0
34259,41142,2015-08-29,1.0
18060,37214,2015-08-29,1.0
12905,18286,2015-08-29,1.0
32961,3394,2015-08-29,1.0
9091,55999,2015-08-29,1.0
360,65800,2015-08-29,1.0
8508,49,2015-08-29,1.0
1450,1450,2015-08-29,1.0
20233,22131,2015-08-29,1.0
8146,69931,2015-08-29,1.0
18060,65800,2015-08-29,1.0
18060,50982,2015-08-29,1.0
6094,78627,2015-08-29,1.0
5690,14105,2015-08-29,1.0
3803,21907,2015-08-29,1.0
14450,5710,2015-08-29,1.0
17901,5495,2015-08-29,1.0
19276,78621,2015-08-29,1.0
11142,78621,2015-08-29,1.0
1441,78627,2015-08-29,1.0
405,14830,2015-08-29,1.0
9091,62605,2015-08-29,1.0
78273,11142,2015-08-29,1.0
14447,1537,2015-08-29,1.0
13650,78621,2015-08-29,1.0
19739,683,2015-08-29,1.0
46290,46290,2015-08-29,1.0
1345,44651,2015-08-29,1.0
121,78628,2015-08-29,1.0
1409,15887,2015-08-29,1.0
78630,78630,2015-08-29,1.0
3272,11142,2015-08-29,1.0
17581,17581,2015-08-29,1.0
24563,24563,2015-08-29,1.0
74606,78629,2015-08-29,1.0
59248,17901,2015-08-29,1.0
1345,38448,2015-08-29,1.0
4144,78630,2015-08-29,1.0
11640,24563,2015-08-29,1.0
4639,18060,2015-08-29,1.0
2926,14105,2015-08-29,1.0
1540,4298,2015-08-29,1.0
11142,11142,2015-08-29,1.0
2554,16107,2015-08-29,1.0
36931,321,2015-08-29,1.0
11054,78621,2015-08-29,1.0
49,22131,2015-08-29,1.0
78627,6094,2015-08-29,1.0
78621,78621,2015-08-29,1.0
2290,1450,2015-08-29,1.0
8146,78650,2015-08-29,1.0
3206,41928,2015-08-30,1.0
1056,76479,2015-08-30,1.0
22131,8508,2015-08-30,1.0
28104,19075,2015-08-30,1.0
3075,19075,2015-08-30,1.0
10059,10059,2015-08-30,1.0
41291,10059,2015-08-30,1.0
6794,6794,2015-08-30,1.0
69301,69301,2015-08-30,1.0
8508,8508,2015-08-30,1.0
50982,18060,2015-08-30,1.0
6794,69301,2015-08-30,1.0
405,29873,2015-08-30,1.0
1465,78672,2015-08-30,1.0
11115,78486,2015-08-30,1.0
78672,1227,2015-08-30,1.0
25256,78535,2015-08-30,1.0
49,8508,2015-08-30,1.0
21574,21574,2015-08-30,1.0
41654,6666,2015-08-30,1.0
23835,11115,2015-08-30,1.0
38866,38866,2015-08-30,1.0
22131,22131,2015-08-30,1.0
2926,78672,2015-08-30,1.0
2622,76572,2015-08-30,1.0
26522,11926,2015-08-30,1.0
16702,2554,2015-08-30,1.0
1441,1441,2015-08-30,1.0
16183,1441,2015-08-30,1.0
7721,22131,2015-08-30,1.0
27013,78700,2015-08-30,1.0
22989,78700,2015-08-30,1.0
50982,50982,2015-08-30,1.0
2622,78690,2015-08-30,1.0
25485,36977,2015-08-30,1.0
4298,4298,2015-08-30,1.0
18060,18060,2015-08-30,1.0
72288,72288,2015-08-30,1.0
45594,45594,2015-08-30,1.0
763,78690,2015-08-30,1.0
763,6794,2015-08-30,1.0
57583,11115,2015-08-30,1.0
17581,50982,2015-08-30,1.0
17581,19075,2015-08-30,1.0
32499,1446,2015-08-30,1.0
11115,11115,2015-08-30,1.0
62810,78673,2015-08-30,1.0
9449,61522,2015-08-30,1.0
1946,1227,2015-08-30,1.0
35357,78650,2015-08-30,1.0
17581,17581,2015-08-30,1.0
17118,66825,2015-08-30,1.0
41928,41928,2015-08-30,1.0
70190,78589,2015-08-30,1.0
3206,75735,2015-08-30,1.0
34461,17581,2015-08-30,1.0
14830,405,2015-08-30,1.0
405,405,2015-08-30,1.0
806,76479,2015-08-30,1.0
1056,45594,2015-08-30,1.0
76479,76479,2015-08-30,1.0
1056,36977,2015-08-30,1.0
8430,1056,2015-08-30,1.0
2312,78673,2015-08-30,1.0
78673,78673,2015-08-30,1.0
1056,1056,2015-08-30,1.0
11115,38866,2015-08-30,1.0
78655,121,2015-08-30,1.0
13113,76479,2015-08-30,1.0
8133,10059,2015-08-30,1.0
11546,11072,2015-08-30,1.0
18060,1227,2015-08-30,1.0
28104,2705,2015-08-30,1.0
14515,14515,2015-08-30,1.0
57941,57941,2015-08-30,1.0
1227,1227,2015-08-30,1.0
1573,16183,2015-08-30,1.0
59142,78673,2015-08-30,1.0
4639,1568,2015-08-30,1.0
7742,2705,2015-08-30,1.0
7742,8008,2015-08-30,1.0
5740,1227,2015-08-30,1.0
2497,78673,2015-08-30,1.0
1540,4298,2015-08-30,1.0
59313,1450,2015-08-30,1.0
22989,37214,2015-08-30,1.0
31310,31310,2015-08-30,1.0
6794,78535,2015-08-30,1.0
297,78621,2015-08-30,1.0
121,10059,2015-08-30,1.0
38866,11115,2015-08-30,1.0
1227,78672,2015-08-30,1.0
11260,78673,2015-08-30,1.0
49,49,2015-08-30,1.0
33768,78486,2015-08-30,1.0
1441,78673,2015-08-30,1.0
394,78673,2015-08-30,1.0
121,78655,2015-08-30,1.0
4362,78673,2015-08-30,1.0
2290,78693,2015-08-30,1.0
11926,78693,2015-08-30,1.0
78539,78606,2015-08-30,1.0
70019,78535,2015-08-30,1.0
1441,16183,2015-08-30,1.0
6666,41654,2015-08-30,1.0
69194,78606,2015-08-30,1.0
14450,78695,2015-08-30,1.0
20781,78673,2015-08-30,1.0
78525,78525,2015-08-31,1.0
36579,78716,2015-08-31,1.0
78716,78716,2015-08-31,1.0
76479,76479,2015-08-31,1.0
25437,21291,2015-08-31,1.0
60618,22989,2015-08-31,1.0
11054,78716,2015-08-31,1.0
2926,78535,2015-08-31,1.0
25437,25437,2015-08-31,1.0
43326,184,2015-08-31,1.0
4144,25309,2015-08-31,1.0
3684,78373,2015-08-31,1.0
69194,78539,2015-08-31,1.0
3684,78525,2015-08-31,1.0
2530,78525,2015-08-31,1.0
3075,955,2015-08-31,1.0
1847,25437,2015-08-31,1.0
11054,76479,2015-08-31,1.0
391,78505,2015-08-31,1.0
12166,12204,2015-08-31,1.0
9317,24078,2015-08-31,1.0
75,68305,2015-08-31,1.0
3206,41928,2015-08-31,1.0
17901,17901,2015-08-31,1.0
78693,78693,2015-08-31,1.0
26522,11142,2015-08-31,1.0
806,78739,2015-08-31,1.0
41654,6666,2015-08-31,1.0
4231,3992,2015-08-31,1.0
2622,61522,2015-08-31,1.0
11142,78739,2015-08-31,1.0
13265,13431,2015-08-31,1.0
19075,19075,2015-08-31,1.0
8176,19075,2015-08-31,1.0
10366,78672,2015-08-31,1.0
70739,78294,2015-08-31,1.0
11919,78693,2015-08-31,1.0
78294,78294,2015-08-31,1.0
61522,61522,2015-08-31,1.0
454,429,2015-08-31,1.0
3005,6316,2015-08-31,1.0
17581,19075,2015-08-31,1.0
76665,11142,2015-08-31,1.0
36672,36672,2015-08-31,1.0
72288,36672,2015-08-31,1.0
30850,7437,2015-08-31,1.0
11142,39747,2015-08-31,1.0
6666,6666,2015-08-31,1.0
11142,78273,2015-08-31,1.0
4961,78729,2015-08-31,1.0
41928,41928,2015-08-31,1.0
11115,11115,2015-08-31,1.0
78716,36579,2015-08-31,1.0
12481,76479,2015-08-31,1.0
19075,17581,2015-08-31,1.0
75749,2622,2015-08-31,1.0
75749,34082,2015-08-31,1.0
21291,21291,2015-08-31,1.0
78539,69194,2015-08-31,1.0
8628,8628,2015-08-31,1.0
35353,35353,2015-08-31,1.0
13119,35353,2015-08-31,1.0
22131,22131,2015-08-31,1.0
5495,17901,2015-08-31,1.0
22989,22989,2015-08-31,1.0
76102,11919,2015-08-31,1.0
11919,11919,2015-08-31,1.0
1492,8628,2015-08-31,1.0
121,121,2015-08-31,1.0
69194,69194,2015-08-31,1.0
4362,25437,2015-08-31,1.0
955,955,2015-08-31,1.0
78417,78417,2015-08-31,1.0
14830,7434,2015-08-31,1.0
68305,78535,2015-08-31,1.0
34082,3902,2015-08-31,1.0
6032,78673,2015-08-31,1.0
4961,429,2015-08-31,1.0
11919,76102,2015-08-31,1.0
22989,73923,2015-08-31,1.0
25256,25109,2015-08-31,1.0
10366,184,2015-08-31,1.0
11919,11142,2015-08-31,1.0
7206,1532,2015-08-31,1.0
10059,11286,2015-08-31,1.0
78738,78726,2015-08-31,1.0
36707,78693,2015-08-31,1.0
43326,65800,2015-08-31,1.0
39747,78739,2015-08-31,1.0
11926,78,2015-08-31,1.0
11142,76665,2015-08-31,1.0
21090,78693,2015-08-31,1.0
36672,72288,2015-08-31,1.0
2181,1261,2015-08-31,1.0
6936,40883,2015-08-31,1.0
11540,12204,2015-08-31,1.0
19885,8628,2015-08-31,1.0
78525,1532,2015-08-31,1.0
10059,78,2015-08-31,1.0
69194,24060,2015-08-31,1.0
1568,1568,2015-08-31,1.0
1227,78672,2015-08-31,1.0
78606,78539,2015-08-31,1.0
2926,78672,2015-08-31,1.0
40804,78672,2015-08-31,1.0
70019,450,2015-08-31,1.0
50901,9091,2015-08-31,1.0
1056,21291,2015-08-31,1.0
37214,22989,2015-08-31,1.0
1465,78672,2015-08-31,1.0
44143,78672,2015-08-31,1.0
2926,70019,2015-08-31,1.0
18512,25309,2015-08-31,1.0
5740,78690,2015-08-31,1.0
75735,78535,2015-08-31,1.0
37214,18060,2015-08-31,1.0
2689,2689,2015-08-31,1.0
9091,50901,2015-08-31,1.0
21291,1056,2015-08-31,1.0
70019,70019,2015-08-31,1.0
47322,8354,2015-08-31,1.0
78273,78273,2015-09-01,1.0
34082,34082,2015-09-01,1.0
14915,78648,2015-09-01,1.0
13650,69931,2015-09-01,1.0
5495,17901,2015-09-01,1.0
5495,78751,2015-09-01,1.0
1946,1946,2015-09-01,1.0
78726,78738,2015-09-01,1.0
2554,2554,2015-09-01,1.0
14830,14830,2015-09-01,1.0
2926,69301,2015-09-01,1.0
41593,76479,2015-09-01,1.0
30186,1946,2015-09-01,1.0
806,78340,2015-09-01,1.0
69194,69194,2015-09-01,1.0
24060,69194,2015-09-01,1.0
65995,5732,2015-09-01,1.0
2480,1946,2015-09-01,1.0
75616,67157,2015-09-01,1.0
3206,78751,2015-09-01,1.0
78756,78756,2015-09-01,1.0
10696,11286,2015-09-01,1.0
11054,78756,2015-09-01,1.0
4362,4362,2015-09-01,1.0
76479,21090,2015-09-01,1.0
21090,21090,2015-09-01,1.0
11926,69931,2015-09-01,1.0
16908,3329,2015-09-01,1.0
11260,78755,2015-09-01,1.0
8430,4362,2015-09-01,1.0
38624,12481,2015-09-01,1.0
11142,61522,2015-09-01,1.0
9072,78294,2015-09-01,1.0
17901,23950,2015-09-01,1.0
78762,28070,2015-09-01,1.0
19276,73974,2015-09-01,1.0
17773,78756,2015-09-01,1.0
78273,11142,2015-09-01,1.0
6094,2082,2015-09-01,1.0
14830,750,2015-09-01,1.0
11919,76479,2015-09-01,1.0
11142,2082,2015-09-01,1.0
21090,76479,2015-09-01,1.0
1532,1532,2015-09-01,1.0
1946,30186,2015-09-01,1.0
17581,70925,2015-09-01,1.0
18060,1946,2015-09-01,1.0
75422,38361,2015-09-01,1.0
78273,76479,2015-09-01,1.0
61536,8628,2015-09-01,1.0
39747,78773,2015-09-01,1.0
8176,38889,2015-09-01,1.0
75422,78739,2015-09-01,1.0
9025,62562,2015-09-01,1.0
61536,17029,2015-09-01,1.0
12481,76479,2015-09-01,1.0
2954,78340,2015-09-01,1.0
48859,78756,2015-09-01,1.0
13972,41654,2015-09-01,1.0
14450,19075,2015-09-01,1.0
3651,76846,2015-09-01,1.0
37555,76479,2015-09-01,1.0
37555,78764,2015-09-01,1.0
61536,1946,2015-09-01,1.0
6101,1946,2015-09-01,1.0
14450,14450,2015-09-01,1.0
11540,60690,2015-09-01,1.0
15129,75572,2015-09-01,1.0
55893,78756,2015-09-01,1.0
48859,17773,2015-09-01,1.0
17581,14450,2015-09-01,1.0
12481,62562,2015-09-01,1.0
69931,69931,2015-09-01,1.0
24891,24891,2015-09-01,1.0
76409,76409,2015-09-01,1.0
11025,23950,2015-09-01,1.0
11142,78273,2015-09-01,1.0
76479,78273,2015-09-01,1.0
76479,37555,2015-09-01,1.0
8799,78434,2015-09-01,1.0
25256,7206,2015-09-01,1.0
8887,1441,2015-09-01,1.0
40883,344,2015-09-01,1.0
8176,2757,2015-09-01,1.0
43326,20999,2015-09-01,1.0
3651,78249,2015-09-01,1.0
10718,1261,2015-09-01,1.0
4312,3377,2015-09-01,1.0
13972,13972,2015-09-01,1.0
61536,18060,2015-09-01,1.0
13265,78294,2015-09-01,1.0
41654,13972,2015-09-01,1.0
11640,60690,2015-09-01,1.0
41644,13842,2015-09-01,1.0
78294,9072,2015-09-01,1.0
766,12481,2015-09-01,1.0
9317,8176,2015-09-01,1.0
6936,6936,2015-09-01,1.0
15934,8176,2015-09-01,1.0
12166,78773,2015-09-01,1.0
22131,22131,2015-09-01,1.0
62562,9025,2015-09-01,1.0
35840,8176,2015-09-01,1.0
20233,6936,2015-09-01,1.0
39747,39747,2015-09-01,1.0
14094,38889,2015-09-01,1.0
14094,8176,2015-09-01,1.0
78773,78773,2015-09-01,1.0
78673,6032,2015-09-01,1.0
78673,20781,2015-09-01,1.0
78673,4362,2015-09-01,1.0
78673,59142,2015-09-01,1.0
22191,22131,2015-09-01,1.0
65995,19444,2015-09-01,1.0
65995,1682,2015-09-01,1.0
65995,6834,2015-09-01,1.0
65995,1023,2015-09-01,1.0
36579,78756,2015-09-01,1.0
78673,1441,2015-09-01,1.0
73622,60618,2015-09-01,1.0
10898,76479,2015-09-01,1.0
955,955,2015-09-01,1.0
10898,10898,2015-09-01,1.0
1946,18060,2015-09-01,1.0
65995,8146,2015-09-01,1.0
7206,7206,2015-09-01,1.0
76479,76479,2015-09-01,1.0
78673,394,2015-09-01,1.0
22309,1946,2015-09-01,1.0
2622,78755,2015-09-01,1.0
40883,6936,2015-09-01,1.0
47795,76479,2015-09-01,1.0
65995,1106,2015-09-01,1.0
7206,11115,2015-09-01,1.0
121,73974,2015-09-01,1.0
18060,18060,2015-09-01,1.0
43354,6942,2015-09-01,1.0
65995,8435,2015-09-01,1.0
3075,955,2015-09-01,1.0
6085,6942,2015-09-01,1.0
11640,60985,2015-09-02,1.0
76479,76479,2015-09-02,1.0
78788,6094,2015-09-02,1.0
71046,3948,2015-09-02,1.0
4177,62647,2015-09-02,1.0
65800,65800,2015-09-02,1.0
12138,76479,2015-09-02,1.0
41291,25256,2015-09-02,1.0
13265,13265,2015-09-02,1.0
8103,65800,2015-09-02,1.0
12481,12481,2015-09-02,1.0
47071,47071,2015-09-02,1.0
3684,76479,2015-09-02,1.0
43326,65800,2015-09-02,1.0
10333,13265,2015-09-02,1.0
3684,25256,2015-09-02,1.0
13265,43423,2015-09-02,1.0
25256,25256,2015-09-02,1.0
54415,5740,2015-09-02,1.0
65995,5869,2015-09-02,1.0
26522,76479,2015-09-02,1.0
2000,27467,2015-09-02,1.0
27467,27467,2015-09-02,1.0
78798,8602,2015-09-02,1.0
12481,121,2015-09-02,1.0
41291,78789,2015-09-02,1.0
8176,8176,2015-09-02,1.0
19885,12481,2015-09-02,1.0
6666,4528,2015-09-02,1.0
65800,43326,2015-09-02,1.0
6948,4500,2015-09-02,1.0
78525,934,2015-09-02,1.0
7458,3106,2015-09-02,1.0
78789,17600,2015-09-02,1.0
16659,16183,2015-09-02,1.0
3377,3377,2015-09-02,1.0
38624,78792,2015-09-02,1.0
11919,76102,2015-09-02,1.0
6094,78788,2015-09-02,1.0
27467,11142,2015-09-02,1.0
3948,71046,2015-09-02,1.0
121,12481,2015-09-02,1.0
3948,54780,2015-09-02,1.0
78,78,2015-09-02,1.0
6646,78673,2015-09-02,1.0
70060,76479,2015-09-02,1.0
4961,78804,2015-09-02,1.0
12178,3106,2015-09-02,1.0
4366,78690,2015-09-02,1.0
184,184,2015-09-02,1.0
11919,12481,2015-09-02,1.0
12481,184,2015-09-02,1.0
24563,75682,2015-09-02,1.0
43418,43418,2015-09-02,1.0
10366,76479,2015-09-02,1.0
43326,43326,2015-09-02,1.0
11142,11142,2015-09-02,1.0
76665,11142,2015-09-02,1.0
19949,78773,2015-09-02,1.0
13915,78627,2015-09-02,1.0
12898,35445,2015-09-02,1.0
4262,60690,2015-09-02,1.0
54780,54780,2015-09-02,1.0
64141,78785,2015-09-02,1.0
65995,1049,2015-09-02,1.0
73622,60618,2015-09-02,1.0
76479,10366,2015-09-02,1.0
4500,4500,2015-09-02,1.0
12178,7311,2015-09-02,1.0
10366,10366,2015-09-02,1.0
76102,11919,2015-09-02,1.0
41654,13972,2015-09-02,1.0
14830,17581,2015-09-02,1.0
75,62393,2015-09-02,1.0
51164,4528,2015-09-02,1.0
19276,43423,2015-09-02,1.0
41291,4528,2015-09-02,1.0
955,955,2015-09-02,1.0
65995,3106,2015-09-02,1.0
60690,60690,2015-09-02,1.0
13972,13972,2015-09-02,1.0
5034,8176,2015-09-02,1.0
25256,1532,2015-09-02,1.0
1058,22131,2015-09-02,1.0
22989,78678,2015-09-02,1.0
78340,2954,2015-09-02,1.0
12178,78781,2015-09-02,1.0
12481,38624,2015-09-02,1.0
60985,60985,2015-09-02,1.0
76593,71046,2015-09-02,1.0
75,78678,2015-09-02,1.0
21090,38624,2015-09-02,1.0
38624,38624,2015-09-02,1.0
21090,36707,2015-09-02,1.0
1682,1682,2015-09-02,1.0
71046,71046,2015-09-02,1.0
5516,67157,2015-09-02,1.0
121,1098,2015-09-02,1.0
65995,788,2015-09-02,1.0
65995,9652,2015-09-02,1.0
10035,70060,2015-09-02,1.0
65995,2954,2015-09-02,1.0
65995,2318,2015-09-02,1.0
8430,24541,2015-09-02,1.0
41928,2384,2015-09-02,1.0
76479,37555,2015-09-02,1.0
25510,6316,2015-09-02,1.0
65995,6214,2015-09-02,1.0
6316,6316,2015-09-02,1.0
65995,344,2015-09-02,1.0
1098,1098,2015-09-02,1.0
54415,3376,2015-09-02,1.0
25510,25510,2015-09-02,1.0
121,24541,2015-09-02,1.0
11640,60690,2015-09-02,1.0
17773,17773,2015-09-02,1.0
1465,6316,2015-09-02,1.0
1056,25510,2015-09-02,1.0
65995,4248,2015-09-02,1.0
65995,47071,2015-09-02,1.0
9025,9025,2015-09-02,1.0
12178,78,2015-09-02,1.0
65995,454,2015-09-02,1.0
14830,3377,2015-09-02,1.0
13265,10333,2015-09-02,1.0
11142,78804,2015-09-02,1.0
806,27467,2015-09-02,1.0
25028,44293,2015-09-02,1.0
44293,1532,2015-09-02,1.0
13265,40297,2015-09-02,1.0
78781,78781,2015-09-02,1.0
18060,78535,2015-09-02,1.0
41291,60985,2015-09-02,1.0
62393,62393,2015-09-02,1.0
955,17773,2015-09-02,1.0
75422,43418,2015-09-02,1.0
78076,78076,2015-09-02,1.0
297,78628,2015-09-02,1.0
1056,78076,2015-09-02,1.0
25028,25256,2015-09-02,1.0
18060,9317,2015-09-02,1.0
4312,9317,2015-09-02,1.0
9317,9317,2015-09-02,1.0
9072,3206,2015-09-02,1.0
26538,76479,2015-09-02,1.0
3206,3206,2015-09-02,1.0
3206,78751,2015-09-02,1.0
78751,78751,2015-09-02,1.0
56920,56920,2015-09-02,1.0
11054,56920,2015-09-02,1.0
3206,78818,2015-09-02,1.0
9317,11142,2015-09-02,1.0
10366,27467,2015-09-02,1.0
2530,78773,2015-09-02,1.0
75,56920,2015-09-02,1.0
54495,75682,2015-09-02,1.0
24541,24541,2015-09-02,1.0
43108,24541,2015-09-02,1.0
40297,10333,2015-09-02,1.0
10366,65800,2015-09-02,1.0
1532,1532,2015-09-02,1.0
8103,41970,2015-09-02,1.0
60618,78628,2015-09-02,1.0
9072,78812,2015-09-02,1.0
14974,66220,2015-09-02,1.0
11142,9317,2015-09-02,1.0
75418,78628,2015-09-02,1.0
3206,78422,2015-09-02,1.0
21369,41970,2015-09-02,1.0
11142,62647,2015-09-02,1.0
12705,52805,2015-09-03,1.0
13265,7460,2015-09-03,1.0
4177,29611,2015-09-03,1.0
51505,51505,2015-09-03,1.0
7460,7460,2015-09-03,1.0
75422,75422,2015-09-03,1.0
56920,56920,2015-09-03,1.0
73569,73569,2015-09-03,1.0
78818,78818,2015-09-03,1.0
12481,121,2015-09-03,1.0
75749,56920,2015-09-03,1.0
76102,76102,2015-09-03,1.0
29611,29611,2015-09-03,1.0
21339,11054,2015-09-03,1.0
41291,6779,2015-09-03,1.0
11142,29611,2015-09-03,1.0
121,121,2015-09-03,1.0
78846,2189,2015-09-03,1.0
8041,8041,2015-09-03,1.0
2530,51505,2015-09-03,1.0
73850,75422,2015-09-03,1.0
2669,78773,2015-09-03,1.0
61995,10174,2015-09-03,1.0
49673,49673,2015-09-03,1.0
2530,78773,2015-09-03,1.0
78273,76102,2015-09-03,1.0
3684,56920,2015-09-03,1.0
75,75,2015-09-03,1.0
3106,9317,2015-09-03,1.0
11142,78726,2015-09-03,1.0
4366,13767,2015-09-03,1.0
4832,73569,2015-09-03,1.0
11100,1266,2015-09-03,1.0
10333,40297,2015-09-03,1.0
10333,10333,2015-09-03,1.0
78836,2618,2015-09-03,1.0
11260,14875,2015-09-03,1.0
41291,78825,2015-09-03,1.0
43418,75422,2015-09-03,1.0
12481,14875,2015-09-03,1.0
1492,11100,2015-09-03,1.0
41953,22131,2015-09-03,1.0
78273,14875,2015-09-03,1.0
2954,2954,2015-09-03,1.0
468,78818,2015-09-03,1.0
11142,11260,2015-09-03,1.0
13265,40042,2015-09-03,1.0
37555,37555,2015-09-03,1.0
8430,40804,2015-09-03,1.0
11054,11054,2015-09-03,1.0
6094,6094,2015-09-03,1.0
7076,11142,2015-09-03,1.0
4961,6094,2015-09-03,1.0
43326,43326,2015-09-03,1.0
52805,52805,2015-09-03,1.0
40042,40042,2015-09-03,1.0
75549,75549,2015-09-03,1.0
13972,41654,2015-09-03,1.0
8725,1898,2015-09-03,1.0
41654,41654,2015-09-03,1.0
1568,1568,2015-09-03,1.0
76011,1409,2015-09-03,1.0
9317,68708,2015-09-03,1.0
12176,11142,2015-09-03,1.0
12176,25511,2015-09-03,1.0
11417,6094,2015-09-03,1.0
11100,9025,2015-09-03,1.0
9317,1441,2015-09-03,1.0
41291,78789,2015-09-03,1.0
78789,78789,2015-09-03,1.0
14875,14875,2015-09-03,1.0
38624,1532,2015-09-03,1.0
11142,6094,2015-09-03,1.0
76479,37555,2015-09-03,1.0
11100,11100,2015-09-03,1.0
1441,4961,2015-09-03,1.0
12705,75063,2015-09-03,1.0
78294,22530,2015-09-03,1.0
65800,43326,2015-09-03,1.0
21152,52805,2015-09-03,1.0
78726,78726,2015-09-03,1.0
9072,9072,2015-09-03,1.0
78294,9072,2015-09-03,1.0
1532,11142,2015-09-03,1.0
68708,10850,2015-09-03,1.0
64194,12978,2015-09-03,1.0
12978,12978,2015-09-03,1.0
71019,71019,2015-09-03,1.0
2273,75063,2015-09-03,1.0
7076,58096,2015-09-03,1.0
40804,40804,2015-09-03,1.0
2082,11142,2015-09-03,1.0
76479,70060,2015-09-03,1.0
9025,9025,2015-09-03,1.0
70060,70060,2015-09-03,1.0
12705,9025,2015-09-03,1.0
12705,36883,2015-09-03,1.0
14044,70314,2015-09-03,1.0
8430,77929,2015-09-03,1.0
297,77929,2015-09-03,1.0
13767,13767,2015-09-03,1.0
766,121,2015-09-03,1.0
9025,78831,2015-09-03,1.0
11100,78831,2015-09-03,1.0
1266,78831,2015-09-03,1.0
1056,1056,2015-09-03,1.0
9025,36883,2015-09-03,1.0
73850,38361,2015-09-03,1.0
43138,75682,2015-09-03,1.0
78525,36883,2015-09-03,1.0
51505,1532,2015-09-03,1.0
73850,49673,2015-09-03,1.0
41376,6950,2015-09-03,1.0
3948,51137,2015-09-03,1.0
3106,4362,2015-09-03,1.0
41291,532,2015-09-03,1.0
11142,36883,2015-09-03,1.0
297,78773,2015-09-03,1.0
4312,6950,2015-09-03,1.0
2284,47195,2015-09-03,1.0
12481,12481,2015-09-03,1.0
39421,43418,2015-09-03,1.0
6059,4528,2015-09-03,1.0
76409,76409,2015-09-03,1.0
11260,29611,2015-09-03,1.0
12978,64194,2015-09-03,1.0
11142,1532,2015-09-03,1.0
11142,78812,2015-09-03,1.0
21152,78521,2015-09-03,1.0
43326,65800,2015-09-03,1.0
5495,23950,2015-09-03,1.0
7076,49673,2015-09-03,1.0
1056,6094,2015-09-03,1.0
11142,25511,2015-09-03,1.0
1056,1532,2015-09-03,1.0
74951,6094,2015-09-03,1.0
11142,1898,2015-09-03,1.0
68708,9317,2015-09-03,1.0
78825,532,2015-09-03,1.0
13650,49673,2015-09-03,1.0
12978,27467,2015-09-03,1.0
13265,10333,2015-09-03,1.0
11142,49673,2015-09-03,1.0
3206,52805,2015-09-03,1.0
66308,9317,2015-09-03,1.0
532,78825,2015-09-03,1.0
26538,78825,2015-09-03,1.0
70345,4961,2015-09-03,1.0
13168,21574,2015-09-03,1.0
78825,78825,2015-09-03,1.0
1946,52805,2015-09-03,1.0
65995,12120,2015-09-03,1.0
2191,25309,2015-09-03,1.0
13650,69931,2015-09-03,1.0
25256,4366,2015-09-03,1.0
3377,3377,2015-09-03,1.0
2926,56920,2015-09-03,1.0
2926,26538,2015-09-03,1.0
1106,75682,2015-09-03,1.0
26538,75682,2015-09-03,1.0
43326,78773,2015-09-03,1.0
75,78535,2015-09-03,1.0
1441,9317,2015-09-03,1.0
4149,4149,2015-09-03,1.0
75735,3272,2015-09-03,1.0
14830,3377,2015-09-03,1.0
24563,75682,2015-09-03,1.0
3272,3272,2015-09-03,1.0
4366,78773,2015-09-03,1.0
290,65800,2015-09-04,1.0
290,8103,2015-09-04,1.0
5495,78871,2015-09-04,1.0
75719,75719,2015-09-04,1.0
35840,78865,2015-09-04,1.0
2502,78847,2015-09-04,1.0
43326,65800,2015-09-04,1.0
65800,65800,2015-09-04,1.0
35353,48067,2015-09-04,1.0
48067,48067,2015-09-04,1.0
8103,8103,2015-09-04,1.0
17901,23950,2015-09-04,1.0
11260,75719,2015-09-04,1.0
4177,11100,2015-09-04,1.0
8799,2807,2015-09-04,1.0
2480,7076,2015-09-04,1.0
26522,30412,2015-09-04,1.0
13650,13650,2015-09-04,1.0
1056,1056,2015-09-04,1.0
40883,75682,2015-09-04,1.0
47958,75063,2015-09-04,1.0
7076,7076,2015-09-04,1.0
2051,416,2015-09-04,1.0
6094,13650,2015-09-04,1.0
405,2807,2015-09-04,1.0
2807,2807,2015-09-04,1.0
4177,75719,2015-09-04,1.0
3206,7076,2015-09-04,1.0
20233,40883,2015-09-04,1.0
763,1056,2015-09-04,1.0
20233,6936,2015-09-04,1.0
43954,47958,2015-09-04,1.0
47958,47958,2015-09-04,1.0
40883,6936,2015-09-04,1.0
47958,5583,2015-09-04,1.0
40883,40883,2015-09-04,1.0
78474,78867,2015-09-04,1.0
40297,39380,2015-09-04,1.0
34461,924,2015-09-04,1.0
4177,4177,2015-09-04,1.0
3206,12176,2015-09-04,1.0
763,3106,2015-09-04,1.0
13904,13904,2015-09-04,1.0
2622,13904,2015-09-04,1.0
78726,11142,2015-09-04,1.0
11142,11142,2015-09-04,1.0
1310,11142,2015-09-04,1.0
30516,3948,2015-09-04,1.0
78847,78847,2015-09-04,1.0
13904,3948,2015-09-04,1.0
70593,70593,2015-09-04,1.0
17581,38889,2015-09-04,1.0
13767,13767,2015-09-04,1.0
58550,68708,2015-09-04,1.0
13767,13662,2015-09-04,1.0
78857,78857,2015-09-04,1.0
11142,78857,2015-09-04,1.0
60985,60985,2015-09-04,1.0
21564,51424,2015-09-04,1.0
10366,43017,2015-09-04,1.0
9502,51424,2015-09-04,1.0
21375,21375,2015-09-04,1.0
78870,11260,2015-09-04,1.0
10366,35529,2015-09-04,1.0
7666,30412,2015-09-04,1.0
23571,65800,2015-09-04,1.0
6094,74951,2015-09-04,1.0
74951,74951,2015-09-04,1.0
30516,13904,2015-09-04,1.0
7710,12178,2015-09-04,1.0
25309,25309,2015-09-04,1.0
3460,21375,2015-09-04,1.0
13265,70593,2015-09-04,1.0
5101,25309,2015-09-04,1.0
35353,35353,2015-09-04,1.0
8430,7076,2015-09-04,1.0
11417,6094,2015-09-04,1.0
75422,39261,2015-09-04,1.0
28104,79894,2015-09-04,1.0
70739,30412,2015-09-04,1.0
39082,62647,2015-09-04,1.0
40883,14447,2015-09-04,1.0
21375,65800,2015-09-04,1.0
14447,78773,2015-09-04,1.0
12178,3106,2015-09-04,1.0
34180,20781,2015-09-04,1.0
4144,75682,2015-09-04,1.0
2384,58096,2015-09-04,1.0
2807,8799,2015-09-04,1.0
34461,2807,2015-09-04,1.0
13650,6094,2015-09-04,1.0
12176,25329,2015-09-04,1.0
351,57635,2015-09-04,1.0
11211,57635,2015-09-04,1.0
37555,38889,2015-09-04,1.0
2807,6094,2015-09-04,1.0
11142,77929,2015-09-04,1.0
297,78628,2015-09-04,1.0
78867,78474,2015-09-04,1.0
61536,61536,2015-09-04,1.0
2011,41258,2015-09-04,1.0
12178,4854,2015-09-04,1.0
48067,35353,2015-09-04,1.0
79901,74696,2015-09-04,1.0
4312,11142,2015-09-04,1.0
18739,78847,2015-09-04,1.0
21684,39082,2015-09-04,1.0
1840,1840,2015-09-04,1.0
11142,65800,2015-09-04,1.0
68708,58550,2015-09-04,1.0
3948,13904,2015-09-04,1.0
11260,78870,2015-09-04,1.0
26522,13700,2015-09-04,1.0
38624,41291,2015-09-04,1.0
79894,942,2015-09-04,1.0
1946,79885,2015-09-04,1.0
76593,69931,2015-09-04,1.0
11142,45115,2015-09-04,1.0
11926,13700,2015-09-04,1.0
11142,78726,2015-09-04,1.0
955,48489,2015-09-04,1.0
62562,13700,2015-09-04,1.0
74951,17164,2015-09-04,1.0
5239,13700,2015-09-04,1.0
11142,6094,2015-09-04,1.0
25510,1056,2015-09-04,1.0
3206,41928,2015-09-04,1.0
41928,41928,2015-09-04,1.0
21369,8103,2015-09-04,1.0
2954,17164,2015-09-04,1.0
11100,78865,2015-09-04,1.0
11100,64153,2015-09-04,1.0
70060,70060,2015-09-04,1.0
11211,351,2015-09-04,1.0
21349,25490,2015-09-04,1.0
11781,6094,2015-09-04,1.0
70809,8799,2015-09-04,1.0
8430,8799,2015-09-04,1.0
13650,2807,2015-09-04,1.0
78831,9025,2015-09-04,1.0
78831,11100,2015-09-04,1.0
4366,13767,2015-09-04,1.0
9161,613,2015-09-04,1.0
6094,6094,2015-09-04,1.0
6043,78764,2015-09-04,1.0
41654,13972,2015-09-04,1.0
9652,2954,2015-09-04,1.0
65995,2954,2015-09-04,1.0
78789,78789,2015-09-04,1.0
74951,7076,2015-09-04,1.0
1227,6094,2015-09-04,1.0
41654,6666,2015-09-04,1.0
70964,30412,2015-09-04,1.0
297,60618,2015-09-04,1.0
41291,78789,2015-09-04,1.0
12178,4556,2015-09-04,1.0
4042,79910,2015-09-05,1.0
11919,78726,2015-09-05,1.0
51424,51424,2015-09-05,1.0
38889,38889,2015-09-05,1.0
5034,36688,2015-09-05,1.0
78350,78350,2015-09-05,1.0
13265,51424,2015-09-05,1.0
78726,78726,2015-09-05,1.0
763,62246,2015-09-05,1.0
2954,11142,2015-09-05,1.0
78871,78871,2015-09-05,1.0
3948,3948,2015-09-05,1.0
11260,79914,2015-09-05,1.0
1465,79910,2015-09-05,1.0
79914,79914,2015-09-05,1.0
806,78871,2015-09-05,1.0
36688,36688,2015-09-05,1.0
7576,7576,2015-09-05,1.0
2384,78726,2015-09-05,1.0
25883,3092,2015-09-05,1.0
35529,35529,2015-09-05,1.0
39082,21684,2015-09-05,1.0
39261,39261,2015-09-05,1.0
12178,12178,2015-09-05,1.0
41291,60985,2015-09-05,1.0
41291,38624,2015-09-05,1.0
60985,60985,2015-09-05,1.0
7710,12178,2015-09-05,1.0
79906,79906,2015-09-05,1.0
3400,7576,2015-09-05,1.0
4312,79906,2015-09-05,1.0
78726,11142,2015-09-05,1.0
402,42440,2015-09-05,1.0
13265,70593,2015-09-05,1.0
78756,17773,2015-09-05,1.0
39261,75422,2015-09-05,1.0
43017,43017,2015-09-05,1.0
11142,11142,2015-09-05,1.0
68708,68708,2015-09-05,1.0
5583,5583,2015-09-05,1.0
13265,36688,2015-09-05,1.0
12978,12978,2015-09-05,1.0
25980,45115,2015-09-05,1.0
41654,13972,2015-09-05,1.0
76479,76479,2015-09-05,1.0
10898,76479,2015-09-05,1.0
36805,36805,2015-09-05,1.0
78626,11919,2015-09-05,1.0
76479,1737,2015-09-05,1.0
76698,2290,2015-09-05,1.0
14830,17581,2015-09-05,1.0
2893,2893,2015-09-05,1.0
919,36805,2015-09-05,1.0
43326,43326,2015-09-05,1.0
65800,43326,2015-09-05,1.0
13904,3948,2015-09-05,1.0
391,9928,2015-09-05,1.0
391,25309,2015-09-05,1.0
48489,955,2015-09-05,1.0
64194,12978,2015-09-05,1.0
5993,21349,2015-09-05,1.0
10980,41291,2015-09-05,1.0
2290,76698,2015-09-05,1.0
62675,64541,2015-09-05,1.0
11919,78626,2015-09-05,1.0
78857,11142,2015-09-05,1.0
41291,10980,2015-09-05,1.0
11260,13431,2015-09-05,1.0
20787,26751,2015-09-05,1.0
1056,25510,2015-09-05,1.0
76479,10898,2015-09-05,1.0
18756,36805,2015-09-05,1.0
1310,2841,2015-09-05,1.0
22989,78535,2015-09-05,1.0
19276,79914,2015-09-05,1.0
9025,45115,2015-09-05,1.0
13972,41654,2015-09-05,1.0
19949,79910,2015-09-05,1.0
3948,13904,2015-09-05,1.0
17581,38889,2015-09-05,1.0
51164,8628,2015-09-05,1.0
39082,62647,2015-09-05,1.0
20186,7576,2015-09-05,1.0
23141,62246,2015-09-05,1.0
13265,13265,2015-09-05,1.0
76060,79906,2015-09-05,1.0
13265,75970,2015-09-05,1.0
78525,73569,2015-09-05,1.0
62135,7717,2015-09-05,1.0
78865,78865,2015-09-05,1.0
19075,17581,2015-09-05,1.0
76698,76698,2015-09-05,1.0
70739,13265,2015-09-05,1.0
8146,58478,2015-09-05,1.0
12481,57108,2015-09-05,1.0
58550,68708,2015-09-05,1.0
3684,78626,2015-09-05,1.0
76479,6094,2015-09-05,1.0
78812,11142,2015-09-05,1.0
47958,5583,2015-09-05,1.0
20233,40883,2015-09-05,1.0
13113,78871,2015-09-05,1.0
17773,17773,2015-09-05,1.0
12905,13650,2015-09-05,1.0
4312,39521,2015-09-06,1.0
38889,37555,2015-09-06,1.0
38889,1463,2015-09-06,1.0
43326,41291,2015-09-06,1.0
30264,25510,2015-09-06,1.0
29783,630,2015-09-06,1.0
12166,79949,2015-09-06,1.0
41291,41291,2015-09-06,1.0
10980,41291,2015-09-06,1.0
41258,2011,2015-09-06,1.0
23297,7360,2015-09-06,1.0
45057,45057,2015-09-06,1.0
62302,3993,2015-09-06,1.0
3684,6094,2015-09-06,1.0
3206,41928,2015-09-06,1.0
5583,5583,2015-09-06,1.0
38624,6094,2015-09-06,1.0
3206,6094,2015-09-06,1.0
58688,58688,2015-09-06,1.0
79949,79949,2015-09-06,1.0
41291,38624,2015-09-06,1.0
38624,38624,2015-09-06,1.0
391,72268,2015-09-06,1.0
41953,18128,2015-09-06,1.0
8008,45057,2015-09-06,1.0
1056,394,2015-09-06,1.0
75422,79962,2015-09-06,1.0
297,11877,2015-09-06,1.0
5917,1459,2015-09-06,1.0
18128,41953,2015-09-06,1.0
47958,1459,2015-09-06,1.0
12204,12204,2015-09-06,1.0
69194,79956,2015-09-06,1.0
43326,65800,2015-09-06,1.0
7020,2233,2015-09-06,1.0
11260,27923,2015-09-06,1.0
4312,2233,2015-09-06,1.0
12120,79963,2015-09-06,1.0
630,630,2015-09-06,1.0
12204,42656,2015-09-06,1.0
806,630,2015-09-06,1.0
32972,27923,2015-09-06,1.0
6094,6094,2015-09-06,1.0
4832,54780,2015-09-06,1.0
11260,57108,2015-09-06,1.0
25510,25510,2015-09-06,1.0
2926,14633,2015-09-06,1.0
3272,76479,2015-09-06,1.0
25510,11260,2015-09-06,1.0
13265,72288,2015-09-06,1.0
11260,79967,2015-09-06,1.0
8588,58478,2015-09-06,1.0
2926,394,2015-09-06,1.0
11540,12204,2015-09-06,1.0
3993,3993,2015-09-06,1.0
72288,72288,2015-09-06,1.0
25490,25490,2015-09-06,1.0
13904,3948,2015-09-06,1.0
5712,41291,2015-09-06,1.0
2926,68208,2015-09-06,1.0
8966,79939,2015-09-06,1.0
6794,1946,2015-09-06,1.0
38624,45057,2015-09-06,1.0
4149,78350,2015-09-06,1.0
41291,10980,2015-09-06,1.0
4721,25510,2015-09-06,1.0
6451,35353,2015-09-06,1.0
54780,4832,2015-09-06,1.0
4832,4832,2015-09-06,1.0
4832,42531,2015-09-06,1.0
1532,6094,2015-09-06,1.0
391,79949,2015-09-06,1.0
41928,8008,2015-09-06,1.0
1463,15242,2015-09-06,1.0
290,79949,2015-09-06,1.0
62675,62675,2015-09-06,1.0
41291,62675,2015-09-06,1.0
21684,39229,2015-09-06,1.0
13917,79914,2015-09-06,1.0
21684,51454,2015-09-06,1.0
18050,25309,2015-09-06,1.0
50901,25510,2015-09-06,1.0
10980,10980,2015-09-06,1.0
58478,8588,2015-09-06,1.0
78434,14830,2015-09-06,1.0
14830,14830,2015-09-06,1.0
8008,8008,2015-09-06,1.0
2926,47958,2015-09-06,1.0
2893,12617,2015-09-06,1.0
2926,5917,2015-09-06,1.0
47958,47958,2015-09-06,1.0
2926,4367,2015-09-06,1.0
9449,766,2015-09-06,1.0
50901,36721,2015-09-06,1.0
2362,766,2015-09-06,1.0
391,11877,2015-09-06,1.0
66,11877,2015-09-06,1.0
14447,51107,2015-09-06,1.0
18128,18128,2015-09-06,1.0
62135,425,2015-09-06,1.0
47958,5583,2015-09-06,1.0
41928,41928,2015-09-06,1.0
14830,1532,2015-09-06,1.0
17581,18739,2015-09-06,1.0
62135,7717,2015-09-06,1.0
12166,51107,2015-09-06,1.0
7717,7717,2015-09-06,1.0
4832,79939,2015-09-06,1.0
2530,5917,2015-09-06,1.0
62675,79949,2015-09-06,1.0
76479,76479,2015-09-06,1.0
763,79949,2015-09-06,1.0
76479,76479,2015-09-07,1.0
20597,11145,2015-09-07,1.0
13265,80000,2015-09-07,1.0
66016,66016,2015-09-07,1.0
18060,18060,2015-09-07,1.0
69525,51164,2015-09-07,1.0
11145,11145,2015-09-07,1.0
26522,61522,2015-09-07,1.0
66,66,2015-09-07,1.0
7206,1532,2015-09-07,1.0
22131,25510,2015-09-07,1.0
11919,11142,2015-09-07,1.0
51164,51164,2015-09-07,1.0
11142,76479,2015-09-07,1.0
57114,1946,2015-09-07,1.0
18060,13265,2015-09-07,1.0
1946,1946,2015-09-07,1.0
11142,12481,2015-09-07,1.0
1840,75682,2015-09-07,1.0
79962,8146,2015-09-07,1.0
13113,11142,2015-09-07,1.0
11142,11919,2015-09-07,1.0
24586,11028,2015-09-07,1.0
11142,11142,2015-09-07,1.0
1463,1463,2015-09-07,1.0
38889,1463,2015-09-07,1.0
13265,13265,2015-09-07,1.0
18060,11919,2015-09-07,1.0
4794,7932,2015-09-07,1.0
13265,18060,2015-09-07,1.0
38624,76479,2015-09-07,1.0
1149,1149,2015-09-07,1.0
38624,18060,2015-09-07,1.0
36721,50901,2015-09-07,1.0
14830,70060,2015-09-07,1.0
78,50658,2015-09-07,1.0
613,32591,2015-09-07,1.0
11919,11919,2015-09-07,1.0
13265,61522,2015-09-07,1.0
1149,22989,2015-09-07,1.0
2290,1716,2015-09-07,1.0
20787,1149,2015-09-07,1.0
7410,18943,2015-09-07,1.0
7410,7410,2015-09-07,1.0
27923,27923,2015-09-07,1.0
1149,61522,2015-09-07,1.0
22131,7410,2015-09-07,1.0
12481,12481,2015-09-07,1.0
78273,12481,2015-09-07,1.0
41928,3568,2015-09-07,1.0
25311,25311,2015-09-07,1.0
78434,14830,2015-09-07,1.0
78273,11919,2015-09-07,1.0
70593,70593,2015-09-07,1.0
2926,76479,2015-09-07,1.0
79991,25510,2015-09-07,1.0
78273,18060,2015-09-07,1.0
13265,70593,2015-09-07,1.0
15735,15735,2015-09-07,1.0
78273,11142,2015-09-07,1.0
2039,6094,2015-09-07,1.0
19864,19864,2015-09-07,1.0
6818,66,2015-09-07,1.0
52805,52805,2015-09-07,1.0
766,7360,2015-09-07,1.0
13972,24078,2015-09-07,1.0
766,630,2015-09-07,1.0
766,806,2015-09-07,1.0
43108,43108,2015-09-07,1.0
6818,7709,2015-09-07,1.0
2191,25309,2015-09-07,1.0
24078,24078,2015-09-07,1.0
23297,7360,2015-09-07,1.0
7360,7360,2015-09-07,1.0
6460,7360,2015-09-07,1.0
14830,11142,2015-09-07,1.0
2926,6566,2015-09-07,1.0
2000,41291,2015-09-07,1.0
72288,72288,2015-09-07,1.0
78761,78761,2015-09-07,1.0
3206,52805,2015-09-07,1.0
76479,43108,2015-09-07,1.0
630,806,2015-09-07,1.0
806,806,2015-09-07,1.0
1056,19864,2015-09-07,1.0
57941,79939,2015-09-07,1.0
62135,19864,2015-09-07,1.0
11100,19864,2015-09-07,1.0
12310,24078,2015-09-07,1.0
297,66,2015-09-07,1.0
18128,18128,2015-09-07,1.0
8146,78761,2015-09-07,1.0
6999,6999,2015-09-07,1.0
12337,9313,2015-09-07,1.0
19864,21291,2015-09-07,1.0
78273,43108,2015-09-07,1.0
4177,22971,2015-09-07,1.0
22971,22971,2015-09-07,1.0
79991,13650,2015-09-07,1.0
41291,18060,2015-09-07,1.0
13113,75719,2015-09-07,1.0
65800,43326,2015-09-07,1.0
1532,1532,2015-09-07,1.0
1540,32591,2015-09-07,1.0
78871,78871,2015-09-07,1.0
32591,32591,2015-09-07,1.0
75719,75719,2015-09-07,1.0
33039,15735,2015-09-07,1.0
8146,8146,2015-09-07,1.0
2926,61522,2015-09-07,1.0
75572,15129,2015-09-07,1.0
62647,79986,2015-09-07,1.0
18060,76479,2015-09-07,1.0
65913,3005,2015-09-07,1.0
70739,13265,2015-09-07,1.0
2926,6094,2015-09-07,1.0
6094,6094,2015-09-07,1.0
62675,4177,2015-09-07,1.0
391,79949,2015-09-07,1.0
79962,79962,2015-09-07,1.0
4177,4177,2015-09-07,1.0
14830,14830,2015-09-07,1.0
3684,76479,2015-09-07,1.0
2290,26088,2015-09-07,1.0
2689,11145,2015-09-07,1.0
5993,27923,2015-09-07,1.0
24078,6999,2015-09-07,1.0
1176,4423,2015-09-07,1.0
45947,76479,2015-09-07,1.0
21684,51579,2015-09-07,1.0
13650,79991,2015-09-07,1.0
12481,11142,2015-09-07,1.0
2039,51107,2015-09-07,1.0
51164,78499,2015-09-07,1.0
42006,27923,2015-09-07,1.0
2284,56199,2015-09-07,1.0
79998,2003,2015-09-07,1.0
80000,69591,2015-09-07,1.0
25510,79991,2015-09-07,1.0
1149,43771,2015-09-07,1.0
18060,11142,2015-09-07,1.0
21349,27923,2015-09-07,1.0
8112,75682,2015-09-07,1.0
21684,11142,2015-09-07,1.0
20597,11618,2015-09-07,1.0
4600,4423,2015-09-07,1.0
43108,62647,2015-09-07,1.0
66,11877,2015-09-07,1.0
11145,20597,2015-09-07,1.0
21291,19864,2015-09-07,1.0
8146,79962,2015-09-07,1.0
19276,24078,2015-09-07,1.0
43108,76479,2015-09-07,1.0
75735,41291,2015-09-07,1.0
14915,75063,2015-09-07,1.0
7932,11877,2015-09-07,1.0
18060,41291,2015-09-07,1.0
4177,6094,2015-09-07,1.0
79986,62647,2015-09-07,1.0
75422,78761,2015-09-07,1.0
18943,7410,2015-09-07,1.0
22989,38889,2015-09-07,1.0
344,79949,2015-09-07,1.0
13767,13767,2015-09-07,1.0
28104,80012,2015-09-08,1.0
52805,52805,2015-09-08,1.0
76479,80012,2015-09-08,1.0
19276,14094,2015-09-08,1.0
8032,2051,2015-09-08,1.0
11919,18060,2015-09-08,1.0
68708,68708,2015-09-08,1.0
766,22989,2015-09-08,1.0
2926,6094,2015-09-08,1.0
57344,14830,2015-09-08,1.0
13625,1716,2015-09-08,1.0
18943,18943,2015-09-08,1.0
13767,13767,2015-09-08,1.0
21349,11260,2015-09-08,1.0
20787,1149,2015-09-08,1.0
4423,4600,2015-09-08,1.0
51384,12481,2015-09-08,1.0
12178,25256,2015-09-08,1.0
76479,76479,2015-09-08,1.0
65915,5304,2015-09-08,1.0
65915,1256,2015-09-08,1.0
17509,17509,2015-09-08,1.0
11142,11142,2015-09-08,1.0
17509,38624,2015-09-08,1.0
38624,38624,2015-09-08,1.0
3106,6094,2015-09-08,1.0
11919,17509,2015-09-08,1.0
11919,38624,2015-09-08,1.0
11919,11919,2015-09-08,1.0
6094,6094,2015-09-08,1.0
13113,11919,2015-09-08,1.0
25510,25510,2015-09-08,1.0
43108,76479,2015-09-08,1.0
80022,587,2015-09-08,1.0
8146,78761,2015-09-08,1.0
22277,78535,2015-09-08,1.0
492,8041,2015-09-08,1.0
3206,76479,2015-09-08,1.0
40950,65800,2015-09-08,1.0
11260,78870,2015-09-08,1.0
38624,17509,2015-09-08,1.0
18060,70060,2015-09-08,1.0
778,78678,2015-09-08,1.0
11919,70060,2015-09-08,1.0
80011,451,2015-09-08,1.0
36805,36805,2015-09-08,1.0
33039,15735,2015-09-08,1.0
11919,1716,2015-09-08,1.0
18050,78785,2015-09-08,1.0
24201,21907,2015-09-08,1.0
80028,14111,2015-09-08,1.0
6756,43108,2015-09-08,1.0
54780,3948,2015-09-08,1.0
30186,1716,2015-09-08,1.0
43423,21488,2015-09-08,1.0
6506,2481,2015-09-08,1.0
18050,290,2015-09-08,1.0
7076,50901,2015-09-08,1.0
1946,22019,2015-09-08,1.0
17836,8628,2015-09-08,1.0
8176,80030,2015-09-08,1.0
11540,24563,2015-09-08,1.0
80034,76115,2015-09-08,1.0
7709,32968,2015-09-08,1.0
36212,50793,2015-09-08,1.0
43954,80025,2015-09-08,1.0
184,58307,2015-09-08,1.0
47772,34461,2015-09-08,1.0
76479,3206,2015-09-08,1.0
65915,10854,2015-09-08,1.0
2926,76479,2015-09-08,1.0
3948,3948,2015-09-08,1.0
11084,43423,2015-09-08,1.0
12481,11919,2015-09-08,1.0
12481,12481,2015-09-08,1.0
78761,8146,2015-09-08,1.0
11142,12481,2015-09-08,1.0
11640,11540,2015-09-08,1.0
11260,80030,2015-09-08,1.0
10366,50901,2015-09-08,1.0
11540,12481,2015-09-08,1.0
64194,43017,2015-09-08,1.0
184,184,2015-09-08,1.0
8103,184,2015-09-08,1.0
58307,184,2015-09-08,1.0
17836,80025,2015-09-08,1.0
10980,10980,2015-09-08,1.0
76115,80034,2015-09-08,1.0
40950,40950,2015-09-08,1.0
80034,80034,2015-09-08,1.0
3377,3377,2015-09-08,1.0
24078,24078,2015-09-08,1.0
41928,41928,2015-09-08,1.0
8146,8146,2015-09-08,1.0
13360,43017,2015-09-08,1.0
1532,6094,2015-09-08,1.0
15242,15242,2015-09-08,1.0
4832,22277,2015-09-08,1.0
1532,1532,2015-09-08,1.0
6043,6094,2015-09-08,1.0
43423,43423,2015-09-08,1.0
2841,2841,2015-09-08,1.0
297,56199,2015-09-08,1.0
80040,7521,2015-09-08,1.0
1946,1946,2015-09-08,1.0
3075,43017,2015-09-08,1.0
70618,1946,2015-09-08,1.0
6818,50901,2015-09-08,1.0
22019,22019,2015-09-08,1.0
13904,3948,2015-09-08,1.0
13265,75343,2015-09-08,1.0
7709,7709,2015-09-08,1.0
65800,40950,2015-09-08,1.0
22191,22131,2015-09-08,1.0
20507,62302,2015-09-08,1.0
20597,11145,2015-09-08,1.0
80012,80012,2015-09-08,1.0
3959,78535,2015-09-08,1.0
11145,11145,2015-09-08,1.0
2000,8133,2015-09-08,1.0
25256,25256,2015-09-08,1.0
8133,8133,2015-09-08,1.0
75719,75719,2015-09-08,1.0
2290,26088,2015-09-08,1.0
1492,2893,2015-09-08,1.0
65915,454,2015-09-08,1.0
26088,26088,2015-09-08,1.0
3206,52805,2015-09-08,1.0
75749,27066,2015-09-08,1.0
3684,80012,2015-09-08,1.0
51164,24563,2015-09-08,1.0
5690,184,2015-09-08,1.0
70593,70593,2015-09-08,1.0
2926,80022,2015-09-08,1.0
15002,80025,2015-09-08,1.0
80030,80030,2015-09-08,1.0
2481,2481,2015-09-08,1.0
78273,2481,2015-09-08,1.0
22131,80025,2015-09-08,1.0
4312,4312,2015-09-08,1.0
22131,7410,2015-09-08,1.0
5015,26088,2015-09-08,1.0
13972,4312,2015-09-08,1.0
8385,80025,2015-09-08,1.0
4312,80025,2015-09-08,1.0
9025,50901,2015-09-08,1.0
12481,50901,2015-09-08,1.0
8041,492,2015-09-08,1.0
11142,56920,2015-09-08,1.0
36721,4312,2015-09-09,1.0
2893,2893,2015-09-09,1.0
39380,39380,2015-09-09,1.0
75,11546,2015-09-09,1.0
50901,25510,2015-09-09,1.0
290,11546,2015-09-09,1.0
19186,11546,2015-09-09,1.0
50901,4312,2015-09-09,1.0
70739,47722,2015-09-09,1.0
50901,7076,2015-09-09,1.0
1106,39380,2015-09-09,1.0
56668,56668,2015-09-09,1.0
41291,1946,2015-09-09,1.0
4177,3377,2015-09-09,1.0
8146,8146,2015-09-09,1.0
78761,8146,2015-09-09,1.0
4177,52914,2015-09-09,1.0
8041,492,2015-09-09,1.0
13265,80050,2015-09-09,1.0
18060,29730,2015-09-09,1.0
14830,14830,2015-09-09,1.0
1106,297,2015-09-09,1.0
11054,80064,2015-09-09,1.0
80069,80069,2015-09-09,1.0
35840,15242,2015-09-09,1.0
14094,14830,2015-09-09,1.0
12481,80069,2015-09-09,1.0
45947,41928,2015-09-09,1.0
22019,1946,2015-09-09,1.0
8103,52914,2015-09-09,1.0
184,11546,2015-09-09,1.0
2039,2039,2015-09-09,1.0
36688,36688,2015-09-09,1.0
3377,14830,2015-09-09,1.0
70060,18060,2015-09-09,1.0
12481,12481,2015-09-09,1.0
6646,21375,2015-09-09,1.0
41291,10980,2015-09-09,1.0
80034,80034,2015-09-09,1.0
1492,2893,2015-09-09,1.0
492,492,2015-09-09,1.0
4312,4312,2015-09-09,1.0
41291,4312,2015-09-09,1.0
41291,52914,2015-09-09,1.0
72288,72288,2015-09-09,1.0
36721,36721,2015-09-09,1.0
42440,42440,2015-09-09,1.0
3206,41928,2015-09-09,1.0
3106,6094,2015-09-09,1.0
20597,1946,2015-09-09,1.0
14830,7076,2015-09-09,1.0
763,35898,2015-09-09,1.0
10941,80012,2015-09-09,1.0
11142,11142,2015-09-09,1.0
1463,15242,2015-09-09,1.0
6818,11142,2015-09-09,1.0
6818,6818,2015-09-09,1.0
75,43954,2015-09-09,1.0
15629,6818,2015-09-09,1.0
7206,80029,2015-09-09,1.0
51107,2039,2015-09-09,1.0
11540,11540,2015-09-09,1.0
11540,12481,2015-09-09,1.0
27066,75749,2015-09-09,1.0
13360,43017,2015-09-09,1.0
43017,43017,2015-09-09,1.0
19276,14094,2015-09-09,1.0
17509,11919,2015-09-09,1.0
11640,21136,2015-09-09,1.0
18060,18060,2015-09-09,1.0
7076,36721,2015-09-09,1.0
43954,43954,2015-09-09,1.0
297,14830,2015-09-09,1.0
80064,80064,2015-09-09,1.0
13265,72288,2015-09-09,1.0
15629,15629,2015-09-09,1.0
1441,15629,2015-09-09,1.0
58096,2384,2015-09-09,1.0
1106,52914,2015-09-09,1.0
56199,2284,2015-09-09,1.0
1056,52914,2015-09-09,1.0
47722,47722,2015-09-09,1.0
56199,56199,2015-09-09,1.0
7076,4312,2015-09-09,1.0
7076,7076,2015-09-09,1.0
1946,1946,2015-09-09,1.0
18060,25309,2015-09-09,1.0
76593,43017,2015-09-09,1.0
11919,11919,2015-09-09,1.0
297,76479,2015-09-09,1.0
3377,3377,2015-09-09,1.0
6094,31310,2015-09-09,1.0
391,76104,2015-09-09,1.0
76698,76698,2015-09-09,1.0
11142,12481,2015-09-09,1.0
6574,11546,2015-09-09,1.0
11142,38889,2015-09-09,1.0
13972,4312,2015-09-09,1.0
1463,70809,2015-09-09,1.0
14094,14094,2015-09-09,1.0
41291,41291,2015-09-09,1.0
75,58787,2015-09-09,1.0
13915,54780,2015-09-09,1.0
10980,10980,2015-09-09,1.0
13480,21136,2015-09-09,1.0
11142,6818,2015-09-09,1.0
4312,50901,2015-09-09,1.0
6756,76479,2015-09-09,1.0
80029,17164,2015-09-09,1.0
1532,15293,2015-09-09,1.0
14830,14094,2015-09-09,1.0
4312,38889,2015-09-09,1.0
13265,75343,2015-09-09,1.0
36721,50901,2015-09-09,1.0
38889,40023,2015-09-09,1.0
1573,54780,2015-09-09,1.0
15129,15735,2015-09-09,1.0
47305,37059,2015-09-09,1.0
41928,41928,2015-09-09,1.0
2926,40023,2015-09-09,1.0
78180,14830,2015-09-09,1.0
14830,78180,2015-09-09,1.0
41291,18060,2015-09-09,1.0
76104,391,2015-09-09,1.0
4832,2554,2015-09-09,1.0
2554,15735,2015-09-09,1.0
58307,184,2015-09-09,1.0
41654,41654,2015-09-09,1.0
26522,76104,2015-09-09,1.0
71137,15735,2015-09-09,1.0
70618,22019,2015-09-09,1.0
4832,15735,2015-09-09,1.0
21369,11546,2015-09-09,1.0
6666,77954,2015-09-09,1.0
26935,41654,2015-09-09,1.0
40023,38889,2015-09-09,1.0
74453,38889,2015-09-09,1.0
80081,15735,2015-09-09,1.0
38889,38889,2015-09-09,1.0
14830,3377,2015-09-09,1.0
15735,2554,2015-09-09,1.0
13904,3948,2015-09-09,1.0
6094,613,2015-09-09,1.0
7076,70652,2015-09-09,1.0
12481,11142,2015-09-09,1.0
17980,38654,2015-09-09,1.0
12204,8032,2015-09-09,1.0
76698,2290,2015-09-09,1.0
75343,75343,2015-09-09,1.0
8032,8032,2015-09-09,1.0
30186,40023,2015-09-09,1.0
4794,7932,2015-09-09,1.0
11877,7932,2015-09-09,1.0
3995,80071,2015-09-09,1.0
14094,70809,2015-09-09,1.0
80071,80071,2015-09-09,1.0
25510,25510,2015-09-09,1.0
391,37059,2015-09-09,1.0
31310,6094,2015-09-09,1.0
78180,78180,2015-09-09,1.0
763,80081,2015-09-09,1.0
806,78180,2015-09-09,1.0
6574,6574,2015-09-09,1.0
15129,80081,2015-09-09,1.0
297,297,2015-09-09,1.0
4002,41654,2015-09-09,1.0
23310,23310,2015-09-09,1.0
34341,76451,2015-09-09,1.0
11546,11546,2015-09-09,1.0
763,15735,2015-09-09,1.0
11546,6574,2015-09-09,1.0
57398,29730,2015-09-09,1.0
30684,60731,2015-09-09,1.0
66,23310,2015-09-09,1.0
20186,1056,2015-09-10,1.0
70498,70498,2015-09-10,1.0
3824,3824,2015-09-10,1.0
3206,1056,2015-09-10,1.0
13268,70498,2015-09-10,1.0
20597,1946,2015-09-10,1.0
72288,72288,2015-09-10,1.0
17581,1056,2015-09-10,1.0
1465,54788,2015-09-10,1.0
64141,70498,2015-09-10,1.0
70964,70964,2015-09-10,1.0
72288,3824,2015-09-10,1.0
1056,1056,2015-09-10,1.0
17581,17581,2015-09-10,1.0
14830,40023,2015-09-10,1.0
11054,17581,2015-09-10,1.0
11054,1056,2015-09-10,1.0
14830,1056,2015-09-10,1.0
15629,7410,2015-09-10,1.0
80090,80090,2015-09-10,1.0
35898,35898,2015-09-10,1.0
11640,51164,2015-09-10,1.0
14830,14830,2015-09-10,1.0
32723,4661,2015-09-10,1.0
2669,72288,2015-09-10,1.0
11926,80092,2015-09-10,1.0
3684,10503,2015-09-10,1.0
28104,7076,2015-09-10,1.0
11054,80092,2015-09-10,1.0
49512,9317,2015-09-10,1.0
14514,5998,2015-09-10,1.0
4231,23310,2015-09-10,1.0
763,75572,2015-09-10,1.0
41928,41928,2015-09-10,1.0
25510,78525,2015-09-10,1.0
80085,80085,2015-09-10,1.0
25510,25510,2015-09-10,1.0
20597,11145,2015-09-10,1.0
11054,80085,2015-09-10,1.0
18060,62471,2015-09-10,1.0
10503,10503,2015-09-10,1.0
25437,80085,2015-09-10,1.0
38624,70652,2015-09-10,1.0
454,25437,2015-09-10,1.0
25437,25437,2015-09-10,1.0
70739,70964,2015-09-10,1.0
64508,8430,2015-09-10,1.0
78525,10503,2015-09-10,1.0
13265,80050,2015-09-10,1.0
22873,2290,2015-09-10,1.0
4832,25437,2015-09-10,1.0
19276,14094,2015-09-10,1.0
23310,66,2015-09-10,1.0
65800,40950,2015-09-10,1.0
391,391,2015-09-10,1.0
9025,75840,2015-09-10,1.0
19276,19276,2015-09-10,1.0
8430,8430,2015-09-10,1.0
23310,23310,2015-09-10,1.0
23291,35898,2015-09-10,1.0
80096,80096,2015-09-10,1.0
6950,80096,2015-09-10,1.0
24078,19276,2015-09-10,1.0
70739,2290,2015-09-10,1.0
11115,11145,2015-09-10,1.0
14830,25510,2015-09-10,1.0
56921,4832,2015-09-10,1.0
52914,52914,2015-09-10,1.0
51107,2039,2015-09-10,1.0
11546,11546,2015-09-10,1.0
11546,21369,2015-09-10,1.0
6574,21369,2015-09-10,1.0
3959,62471,2015-09-10,1.0
3324,14830,2015-09-10,1.0
18060,18060,2015-09-10,1.0
78525,78525,2015-09-10,1.0
56920,11142,2015-09-10,1.0
70190,70190,2015-09-10,1.0
3206,70190,2015-09-10,1.0
5690,22,2015-09-10,1.0
2807,78525,2015-09-10,1.0
17509,38624,2015-09-10,1.0
62471,62471,2015-09-10,1.0
11142,62471,2015-09-10,1.0
1916,77978,2015-09-10,1.0
17509,11919,2015-09-10,1.0
14094,14094,2015-09-10,1.0
3206,41928,2015-09-10,1.0
11919,11919,2015-09-10,1.0
14830,10503,2015-09-10,1.0
62135,80071,2015-09-10,1.0
14830,7076,2015-09-10,1.0
38624,38624,2015-09-10,1.0
15242,15242,2015-09-10,1.0
12178,4213,2015-09-10,1.0
12178,1459,2015-09-10,1.0
50901,50901,2015-09-10,1.0
50901,4312,2015-09-10,1.0
51164,51164,2015-09-10,1.0
10696,80090,2015-09-10,1.0
21369,51164,2015-09-10,1.0
73548,8430,2015-09-10,1.0
50901,25510,2015-09-10,1.0
2363,12481,2015-09-10,1.0
1056,8430,2015-09-10,1.0
6094,11142,2015-09-10,1.0
4362,51164,2015-09-10,1.0
41291,18060,2015-09-10,1.0
80114,2954,2015-09-10,1.0
4312,4312,2015-09-10,1.0
12481,12481,2015-09-10,1.0
80012,80012,2015-09-10,1.0
22131,51164,2015-09-10,1.0
41654,13972,2015-09-10,1.0
4312,7076,2015-09-10,1.0
78032,394,2015-09-10,1.0
7410,7410,2015-09-10,1.0
22131,7410,2015-09-10,1.0
644,51164,2015-09-10,1.0
6818,6818,2015-09-10,1.0
7410,18943,2015-09-10,1.0
80109,6818,2015-09-10,1.0
4351,57609,2015-09-10,1.0
40023,11919,2015-09-10,1.0
31469,11919,2015-09-10,1.0
12481,11142,2015-09-10,1.0
12481,3324,2015-09-10,1.0
6818,15629,2015-09-10,1.0
4721,297,2015-09-10,1.0
13972,13972,2015-09-10,1.0
8181,4312,2015-09-10,1.0
13113,13113,2015-09-10,1.0
66016,66016,2015-09-10,1.0
14450,66,2015-09-10,1.0
21136,21136,2015-09-10,1.0
21136,13480,2015-09-10,1.0
4312,66016,2015-09-10,1.0
11142,11142,2015-09-10,1.0
11142,13113,2015-09-10,1.0
23291,80104,2015-09-10,1.0
519,80090,2015-09-10,1.0
80050,80050,2015-09-10,1.0
41291,80092,2015-09-10,1.0
4177,80012,2015-09-10,1.0
3651,25510,2015-09-10,1.0
58307,184,2015-09-10,1.0
402,41686,2015-09-10,1.0
41686,41686,2015-09-10,1.0
43076,2290,2015-09-10,1.0
43076,12481,2015-09-10,1.0
184,184,2015-09-10,1.0
11260,80012,2015-09-10,1.0
80092,80092,2015-09-10,1.0
72268,72268,2015-09-10,1.0
6818,11142,2015-09-10,1.0
10503,78525,2015-09-10,1.0
13113,11142,2015-09-10,1.0
318,51107,2015-09-10,1.0
1840,21339,2015-09-10,1.0
70432,50081,2015-09-10,1.0
2284,15899,2015-09-10,1.0
1481,78525,2015-09-10,1.0
80111,2672,2015-09-10,1.0
80104,24078,2015-09-10,1.0
13972,41654,2015-09-10,1.0
80115,62471,2015-09-10,1.0
11919,40023,2015-09-10,1.0
6818,80109,2015-09-10,1.0
51164,78849,2015-09-10,1.0
31469,40023,2015-09-10,1.0
4312,37850,2015-09-10,1.0
3106,78525,2015-09-10,1.0
290,11546,2015-09-10,1.0
11142,2672,2015-09-10,1.0
3121,3121,2015-09-10,1.0
73785,73785,2015-09-10,1.0
7076,78525,2015-09-10,1.0
4312,78525,2015-09-10,1.0
1056,78525,2015-09-10,1.0
47973,4312,2015-09-10,1.0
3651,11966,2015-09-10,1.0
6415,78525,2015-09-10,1.0
25510,11966,2015-09-10,1.0
2290,22873,2015-09-10,1.0
17773,80085,2015-09-10,1.0
66,23310,2015-09-10,1.0
8430,78525,2015-09-10,1.0
69868,16739,2015-09-10,1.0
12487,70190,2015-09-10,1.0
3684,78525,2015-09-10,1.0
3824,72288,2015-09-10,1.0
80092,80085,2015-09-10,1.0
51164,290,2015-09-11,1.0
12481,3324,2015-09-11,1.0
519,80090,2015-09-11,1.0
58807,8430,2015-09-11,1.0
4312,10898,2015-09-11,1.0
58807,1587,2015-09-11,1.0
28104,75039,2015-09-11,1.0
8103,2273,2015-09-11,1.0
41644,70498,2015-09-11,1.0
75749,21907,2015-09-11,1.0
2530,8799,2015-09-11,1.0
11640,57280,2015-09-11,1.0
57280,57280,2015-09-11,1.0
15606,15606,2015-09-11,1.0
33199,33199,2015-09-11,1.0
22971,8430,2015-09-11,1.0
3824,39380,2015-09-11,1.0
13767,1532,2015-09-11,1.0
3824,75343,2015-09-11,1.0
12481,11142,2015-09-11,1.0
75749,78064,2015-09-11,1.0
77978,77978,2015-09-11,1.0
78525,78525,2015-09-11,1.0
8621,5496,2015-09-11,1.0
6059,6059,2015-09-11,1.0
1532,1532,2015-09-11,1.0
6646,51164,2015-09-11,1.0
38624,9317,2015-09-11,1.0
78525,10503,2015-09-11,1.0
12481,70432,2015-09-11,1.0
78525,3106,2015-09-11,1.0
14830,78525,2015-09-11,1.0
14830,10503,2015-09-11,1.0
6494,3332,2015-09-11,1.0
12481,9317,2015-09-11,1.0
78554,3948,2015-09-11,1.0
1176,51164,2015-09-11,1.0
78849,51164,2015-09-11,1.0
11054,17581,2015-09-11,1.0
8103,36688,2015-09-11,1.0
27923,32972,2015-09-11,1.0
36688,36688,2015-09-11,1.0
6494,4034,2015-09-11,1.0
3684,10503,2015-09-11,1.0
18060,25121,2015-09-11,1.0
70498,70498,2015-09-11,1.0
1463,9417,2015-09-11,1.0
31233,80126,2015-09-11,1.0
7410,10898,2015-09-11,1.0
45115,9025,2015-09-11,1.0
45115,25980,2015-09-11,1.0
13972,42804,2015-09-11,1.0
9684,9684,2015-09-11,1.0
70498,41644,2015-09-11,1.0
5496,5496,2015-09-11,1.0
9317,9317,2015-09-11,1.0
12664,12664,2015-09-11,1.0
3753,5101,2015-09-11,1.0
4144,76541,2015-09-11,1.0
8799,8799,2015-09-11,1.0
16109,16109,2015-09-11,1.0
70652,7076,2015-09-11,1.0
76541,76541,2015-09-11,1.0
26522,15606,2015-09-11,1.0
57713,38889,2015-09-11,1.0
62471,80115,2015-09-11,1.0
763,70498,2015-09-11,1.0
18512,6059,2015-09-11,1.0
80148,12664,2015-09-11,1.0
9417,9417,2015-09-11,1.0
11142,13113,2015-09-11,1.0
62272,22131,2015-09-11,1.0
22131,22131,2015-09-11,1.0
43076,783,2015-09-11,1.0
8103,9417,2015-09-11,1.0
8430,8430,2015-09-11,1.0
11919,13113,2015-09-11,1.0
22131,62272,2015-09-11,1.0
4312,75039,2015-09-11,1.0
806,75039,2015-09-11,1.0
36146,58201,2015-09-11,1.0
80115,80115,2015-09-11,1.0
39359,78627,2015-09-11,1.0
58201,58201,2015-09-11,1.0
13972,13972,2015-09-11,1.0
35478,36688,2015-09-11,1.0
11540,16109,2015-09-11,1.0
613,39359,2015-09-11,1.0
26522,38624,2015-09-11,1.0
290,290,2015-09-11,1.0
14830,1056,2015-09-11,1.0
7206,11145,2015-09-11,1.0
11145,11145,2015-09-11,1.0
3324,11142,2015-09-11,1.0
7410,7410,2015-09-11,1.0
37555,37555,2015-09-11,1.0
11142,11142,2015-09-11,1.0
20186,1056,2015-09-11,1.0
17581,1056,2015-09-11,1.0
3206,3206,2015-09-11,1.0
38624,7076,2015-09-11,1.0
7076,7076,2015-09-11,1.0
10366,360,2015-09-11,1.0
18943,18943,2015-09-11,1.0
70964,60618,2015-09-11,1.0
16739,69868,2015-09-11,1.0
65818,4528,2015-09-11,1.0
15735,71137,2015-09-11,1.0
3324,38624,2015-09-11,1.0
11233,11145,2015-09-11,1.0
62471,11142,2015-09-11,1.0
3324,3324,2015-09-11,1.0
12178,2384,2015-09-11,1.0
2383,13972,2015-09-11,1.0
40023,40023,2015-09-11,1.0
4312,7076,2015-09-11,1.0
18060,70498,2015-09-11,1.0
13767,80126,2015-09-11,1.0
38624,38624,2015-09-11,1.0
4312,47973,2015-09-11,1.0
47973,47973,2015-09-11,1.0
11546,290,2015-09-11,1.0
4312,13972,2015-09-11,1.0
1149,1149,2015-09-11,1.0
7762,4528,2015-09-11,1.0
76479,80092,2015-09-11,1.0
10898,3324,2015-09-11,1.0
4177,80012,2015-09-11,1.0
4177,4528,2015-09-11,1.0
40883,4528,2015-09-11,1.0
25437,25437,2015-09-11,1.0
39359,39359,2015-09-11,1.0
4528,4528,2015-09-11,1.0
40883,39380,2015-09-11,1.0
2666,1149,2015-09-11,1.0
80142,7934,2015-09-11,1.0
9672,39380,2015-09-11,1.0
11054,80092,2015-09-11,1.0
36721,50901,2015-09-11,1.0
3206,11919,2015-09-11,1.0
36024,35651,2015-09-11,1.0
17581,17581,2015-09-11,1.0
18050,42506,2015-09-11,1.0
4144,4528,2015-09-11,1.0
13480,13480,2015-09-11,1.0
22019,70618,2015-09-11,1.0
2954,22202,2015-09-11,1.0
17773,10035,2015-09-11,1.0
1058,11145,2015-09-11,1.0
78761,75422,2015-09-11,1.0
10035,10035,2015-09-11,1.0
48839,25437,2015-09-11,1.0
80092,80092,2015-09-11,1.0
394,394,2015-09-11,1.0
11546,33199,2015-09-11,1.0
3684,3106,2015-09-11,1.0
36862,630,2015-09-11,1.0
15629,7410,2015-09-11,1.0
9502,15606,2015-09-11,1.0
1056,17581,2015-09-11,1.0
7691,66016,2015-09-11,1.0
40723,31883,2015-09-11,1.0
1465,36688,2015-09-11,1.0
8621,80096,2015-09-11,1.0
14450,23310,2015-09-11,1.0
2284,5498,2015-09-11,1.0
8799,17457,2015-09-11,1.0
43076,39380,2015-09-11,1.0
18263,8103,2015-09-11,1.0
22131,21907,2015-09-11,1.0
13113,11142,2015-09-11,1.0
80000,4528,2015-09-11,1.0
75422,79962,2015-09-11,1.0
7410,1532,2015-09-11,1.0
48519,80127,2015-09-11,1.0
184,22,2015-09-11,1.0
41644,78582,2015-09-11,1.0
36721,8460,2015-09-11,1.0
9550,78525,2015-09-11,1.0
9317,12481,2015-09-11,1.0
78627,39359,2015-09-11,1.0
70498,238,2015-09-11,1.0
38624,3324,2015-09-11,1.0
5496,80096,2015-09-11,1.0
3206,41928,2015-09-11,1.0
25510,80128,2015-09-11,1.0
60618,70964,2015-09-11,1.0
11054,1056,2015-09-11,1.0
22277,15570,2015-09-11,1.0
11919,12481,2015-09-11,1.0
7076,70652,2015-09-11,1.0
3948,78554,2015-09-11,1.0
70432,12481,2015-09-11,1.0
33199,11546,2015-09-11,1.0
12166,360,2015-09-11,1.0
40432,78525,2015-09-11,1.0
42506,42506,2015-09-11,1.0
11142,3324,2015-09-11,1.0
290,51164,2015-09-11,1.0
11919,75039,2015-09-11,1.0
47958,47958,2015-09-12,1.0
9550,9550,2015-09-12,1.0
50901,25510,2015-09-12,1.0
2954,47958,2015-09-12,1.0
297,1811,2015-09-12,1.0
1056,47958,2015-09-12,1.0
2883,7076,2015-09-12,1.0
3928,40090,2015-09-12,1.0
40409,1811,2015-09-12,1.0
1811,1811,2015-09-12,1.0
25510,25510,2015-09-12,1.0
78582,41644,2015-09-12,1.0
2893,80109,2015-09-12,1.0
1310,4463,2015-09-12,1.0
65915,40432,2015-09-12,1.0
31310,47958,2015-09-12,1.0
78525,40432,2015-09-12,1.0
11054,47958,2015-09-12,1.0
2164,3959,2015-09-12,1.0
1061,6094,2015-09-12,1.0
40090,40090,2015-09-12,1.0
27066,27066,2015-09-12,1.0
187,7076,2015-09-12,1.0
1811,40409,2015-09-12,1.0
14830,6094,2015-09-12,1.0
353,48084,2015-09-12,1.0
48839,22131,2015-09-12,1.0
290,290,2015-09-12,1.0
70739,70964,2015-09-12,1.0
80162,80162,2015-09-12,1.0
9550,12481,2015-09-12,1.0
5101,5101,2015-09-12,1.0
41654,80162,2015-09-12,1.0
353,40460,2015-09-12,1.0
353,58307,2015-09-12,1.0
297,80096,2015-09-12,1.0
2530,8799,2015-09-12,1.0
11054,78465,2015-09-12,1.0
1532,5010,2015-09-12,1.0
56462,56462,2015-09-12,1.0
22,2051,2015-09-12,1.0
1345,38889,2015-09-12,1.0
41291,56462,2015-09-12,1.0
763,27066,2015-09-12,1.0
42804,42804,2015-09-12,1.0
5010,14302,2015-09-12,1.0
16109,80168,2015-09-12,1.0
2290,18060,2015-09-12,1.0
78525,9550,2015-09-12,1.0
4463,4463,2015-09-12,1.0
18060,4463,2015-09-12,1.0
5034,17457,2015-09-12,1.0
21136,13480,2015-09-12,1.0
26522,18060,2015-09-12,1.0
19949,1106,2015-09-12,1.0
3206,75039,2015-09-12,1.0
12166,58201,2015-09-12,1.0
28104,47958,2015-09-12,1.0
35840,73395,2015-09-12,1.0
12481,70432,2015-09-12,1.0
58976,58976,2015-09-12,1.0
50073,7076,2015-09-12,1.0
3377,14830,2015-09-12,1.0
4832,58976,2015-09-12,1.0
14830,9550,2015-09-12,1.0
6094,6094,2015-09-12,1.0
8430,1532,2015-09-12,1.0
15606,15606,2015-09-12,1.0
121,40090,2015-09-12,1.0
42278,6094,2015-09-12,1.0
15129,29625,2015-09-12,1.0
50073,4312,2015-09-12,1.0
7709,1532,2015-09-12,1.0
18060,18060,2015-09-12,1.0
36173,10696,2015-09-12,1.0
6094,38624,2015-09-12,1.0
2954,80188,2015-09-12,1.0
38624,38624,2015-09-12,1.0
4832,4832,2015-09-12,1.0
1310,69037,2015-09-12,1.0
11640,41970,2015-09-12,1.0
75749,4832,2015-09-12,1.0
3206,47958,2015-09-12,1.0
1532,1532,2015-09-12,1.0
1345,50629,2015-09-12,1.0
41291,80186,2015-09-12,1.0
8385,80186,2015-09-12,1.0
58307,40804,2015-09-12,1.0
73577,68305,2015-09-12,1.0
6646,51164,2015-09-12,1.0
11142,80186,2015-09-12,1.0
22131,22131,2015-09-12,1.0
7402,47958,2015-09-12,1.0
75343,75343,2015-09-12,1.0
80186,80186,2015-09-12,1.0
12481,80186,2015-09-12,1.0
15934,73395,2015-09-12,1.0
37855,29557,2015-09-12,1.0
5018,38889,2015-09-12,1.0
15129,2841,2015-09-12,1.0
13972,42804,2015-09-12,1.0
25028,2051,2015-09-12,1.0
76479,80186,2015-09-12,1.0
5010,2051,2015-09-12,1.0
11054,6094,2015-09-12,1.0
19949,69283,2015-09-12,1.0
68305,73577,2015-09-12,1.0
1172,75420,2015-09-12,1.0
14230,80135,2015-09-12,1.0
73850,51780,2015-09-12,1.0
40804,58307,2015-09-12,1.0
18060,80173,2015-09-12,1.0
38448,17457,2015-09-12,1.0
353,26536,2015-09-12,1.0
13731,80109,2015-09-12,1.0
15129,27066,2015-09-12,1.0
60618,72288,2015-09-12,1.0
80168,16109,2015-09-12,1.0
3075,58201,2015-09-12,1.0
5034,1532,2015-09-12,1.0
17581,74273,2015-09-12,1.0
5010,1532,2015-09-12,1.0
23835,23835,2015-09-12,1.0
14830,78525,2015-09-12,1.0
43326,65800,2015-09-12,1.0
317,80162,2015-09-12,1.0
2290,80186,2015-09-12,1.0
29557,37855,2015-09-12,1.0
38624,6094,2015-09-12,1.0
58976,4832,2015-09-12,1.0
1073,50629,2015-09-12,1.0
80194,5101,2015-09-12,1.0
13904,13904,2015-09-12,1.0
70432,12481,2015-09-12,1.0
80188,80188,2015-09-13,1.0
290,2191,2015-09-13,1.0
2191,2191,2015-09-13,1.0
13113,2841,2015-09-13,1.0
14830,14830,2015-09-13,1.0
11211,7410,2015-09-13,1.0
58976,58976,2015-09-13,1.0
2290,2290,2015-09-13,1.0
75,2841,2015-09-13,1.0
4832,4832,2015-09-13,1.0
45397,80000,2015-09-13,1.0
43076,76541,2015-09-13,1.0
6094,38624,2015-09-13,1.0
6518,78525,2015-09-13,1.0
27066,763,2015-09-13,1.0
21684,70498,2015-09-13,1.0
36721,80212,2015-09-13,1.0
70498,41644,2015-09-13,1.0
80000,45397,2015-09-13,1.0
25510,13904,2015-09-13,1.0
11142,43559,2015-09-13,1.0
11142,9485,2015-09-13,1.0
70498,41626,2015-09-13,1.0
75749,4832,2015-09-13,1.0
18060,80000,2015-09-13,1.0
2807,2841,2015-09-13,1.0
19276,50818,2015-09-13,1.0
73395,73395,2015-09-13,1.0
12310,77929,2015-09-13,1.0
4231,80184,2015-09-13,1.0
5018,38889,2015-09-13,1.0
21684,9485,2015-09-13,1.0
50427,32898,2015-09-13,1.0
77929,77929,2015-09-13,1.0
70498,70498,2015-09-13,1.0
24611,24611,2015-09-13,1.0
32898,32898,2015-09-13,1.0
14830,38889,2015-09-13,1.0
24611,1946,2015-09-13,1.0
13972,42804,2015-09-13,1.0
1946,1946,2015-09-13,1.0
66016,7691,2015-09-13,1.0
11640,69037,2015-09-13,1.0
15934,73395,2015-09-13,1.0
36721,36721,2015-09-13,1.0
37822,50818,2015-09-13,1.0
1946,24611,2015-09-13,1.0
28104,80000,2015-09-13,1.0
69037,69037,2015-09-13,1.0
4333,80194,2015-09-13,1.0
1345,43559,2015-09-13,1.0
38654,38654,2015-09-13,1.0
80173,18060,2015-09-13,1.0
38889,38889,2015-09-13,1.0
6666,2191,2015-09-13,1.0
11926,12481,2015-09-13,1.0
21369,2191,2015-09-13,1.0
2926,80000,2015-09-13,1.0
184,2191,2015-09-13,1.0
2926,26007,2015-09-13,1.0
5740,38889,2015-09-13,1.0
78525,2384,2015-09-13,1.0
2554,50818,2015-09-13,1.0
80090,80173,2015-09-13,1.0
80109,80109,2015-09-13,1.0
15934,15934,2015-09-13,1.0
297,15934,2015-09-13,1.0
45609,45609,2015-09-13,1.0
13265,80000,2015-09-13,1.0
13265,45609,2015-09-13,1.0
10366,61328,2015-09-13,1.0
26901,26901,2015-09-13,1.0
80212,19276,2015-09-13,1.0
80000,80000,2015-09-13,1.0
14094,43559,2015-09-13,1.0
1898,1898,2015-09-13,1.0
77929,6032,2015-09-13,1.0
13093,31310,2015-09-13,1.0
31310,31310,2015-09-13,1.0
31310,1898,2015-09-13,1.0
12481,31310,2015-09-13,1.0
8146,33640,2015-09-13,1.0
20781,31310,2015-09-13,1.0
78525,454,2015-09-13,1.0
8430,31310,2015-09-13,1.0
2926,40432,2015-09-13,1.0
78525,40432,2015-09-13,1.0
290,54788,2015-09-13,1.0
10605,54788,2015-09-13,1.0
43326,54788,2015-09-13,1.0
6085,6085,2015-09-13,1.0
14450,14450,2015-09-13,1.0
40432,40432,2015-09-13,1.0
70498,14515,2015-09-13,1.0
3272,80216,2015-09-13,1.0
25028,2233,2015-09-13,1.0
35898,35898,2015-09-13,1.0
8430,1898,2015-09-13,1.0
3503,58688,2015-09-13,1.0
4463,4463,2015-09-13,1.0
6574,2191,2015-09-13,1.0
22989,2841,2015-09-13,1.0
38624,80216,2015-09-13,1.0
6646,58307,2015-09-13,1.0
4832,26901,2015-09-13,1.0
76479,2290,2015-09-13,1.0
2000,6085,2015-09-13,1.0
78525,4312,2015-09-13,1.0
80212,80212,2015-09-13,1.0
32389,80212,2015-09-13,1.0
42506,42506,2015-09-13,1.0
16785,61328,2015-09-13,1.0
75693,80216,2015-09-13,1.0
45045,24394,2015-09-13,1.0
1898,31310,2015-09-13,1.0
19276,80212,2015-09-13,1.0
4312,2233,2015-09-13,1.0
12166,2191,2015-09-13,1.0
6032,77929,2015-09-13,1.0
14515,70498,2015-09-13,1.0
1532,2233,2015-09-13,1.0
13653,26901,2015-09-13,1.0
38624,11142,2015-09-13,1.0
2000,8176,2015-09-13,1.0
19276,21488,2015-09-13,1.0
12481,2290,2015-09-13,1.0
1310,69037,2015-09-13,1.0
12166,12166,2015-09-13,1.0
2191,12166,2015-09-13,1.0
58307,58307,2015-09-13,1.0
2841,250,2015-09-13,1.0
2841,3503,2015-09-13,1.0
2841,4614,2015-09-13,1.0
2841,3272,2015-09-13,1.0
2841,1261,2015-09-13,1.0
12481,12481,2015-09-13,1.0
2841,4737,2015-09-13,1.0
4312,1532,2015-09-13,1.0
40023,80216,2015-09-13,1.0
9485,9485,2015-09-13,1.0
78525,2883,2015-09-13,1.0
11054,80216,2015-09-13,1.0
35840,73395,2015-09-13,1.0
23310,14450,2015-09-13,1.0
2841,2841,2015-09-13,1.0
1532,1532,2015-09-13,1.0
2191,14447,2015-09-14,1.0
3106,31310,2015-09-14,1.0
50629,1073,2015-09-14,1.0
398,398,2015-09-14,1.0
2191,12166,2015-09-14,1.0
454,5034,2015-09-14,1.0
50818,2554,2015-09-14,1.0
12166,41970,2015-09-14,1.0
8430,13904,2015-09-14,1.0
7410,7410,2015-09-14,1.0
46253,76679,2015-09-14,1.0
50818,50818,2015-09-14,1.0
2926,5034,2015-09-14,1.0
39495,39495,2015-09-14,1.0
17836,58550,2015-09-14,1.0
47763,60618,2015-09-14,1.0
9672,2415,2015-09-14,1.0
76479,80186,2015-09-14,1.0
54269,54269,2015-09-14,1.0
5034,5034,2015-09-14,1.0
1946,5034,2015-09-14,1.0
34050,5034,2015-09-14,1.0
13119,27433,2015-09-14,1.0
58550,58550,2015-09-14,1.0
801,13904,2015-09-14,1.0
9025,39495,2015-09-14,1.0
2622,80241,2015-09-14,1.0
11966,25510,2015-09-14,1.0
58201,3075,2015-09-14,1.0
11260,30366,2015-09-14,1.0
57609,57609,2015-09-14,1.0
19276,50818,2015-09-14,1.0
1847,13935,2015-09-14,1.0
43326,10366,2015-09-14,1.0
18060,184,2015-09-14,1.0
4721,69037,2015-09-14,1.0
10366,10366,2015-09-14,1.0
8133,20597,2015-09-14,1.0
13265,80268,2015-09-14,1.0
80149,75288,2015-09-14,1.0
13972,41654,2015-09-14,1.0
763,69037,2015-09-14,1.0
73395,73395,2015-09-14,1.0
25329,12176,2015-09-14,1.0
10366,12176,2015-09-14,1.0
40090,40090,2015-09-14,1.0
43423,25309,2015-09-14,1.0
3106,5034,2015-09-14,1.0
41291,184,2015-09-14,1.0
8887,13904,2015-09-14,1.0
25256,2807,2015-09-14,1.0
77929,11260,2015-09-14,1.0
38889,38889,2015-09-14,1.0
11640,78638,2015-09-14,1.0
8430,1898,2015-09-14,1.0
78465,78465,2015-09-14,1.0
21369,12166,2015-09-14,1.0
2807,2841,2015-09-14,1.0
35959,69931,2015-09-14,1.0
61536,4528,2015-09-14,1.0
2807,39495,2015-09-14,1.0
2383,69931,2015-09-14,1.0
33039,14450,2015-09-14,1.0
5498,54269,2015-09-14,1.0
2290,61522,2015-09-14,1.0
10696,10696,2015-09-14,1.0
4231,32261,2015-09-14,1.0
4312,39495,2015-09-14,1.0
80162,317,2015-09-14,1.0
57398,78638,2015-09-14,1.0
62675,51164,2015-09-14,1.0
51164,51164,2015-09-14,1.0
13119,13904,2015-09-14,1.0
76679,76679,2015-09-14,1.0
11260,11260,2015-09-14,1.0
1450,13113,2015-09-14,1.0
80209,2290,2015-09-14,1.0
23291,35898,2015-09-14,1.0
21409,25510,2015-09-14,1.0
613,40090,2015-09-14,1.0
43954,75293,2015-09-14,1.0
14450,14450,2015-09-14,1.0
32261,5762,2015-09-14,1.0
2290,69078,2015-09-14,1.0
76479,13113,2015-09-14,1.0
40883,78638,2015-09-14,1.0
80243,7392,2015-09-14,1.0
40883,52914,2015-09-14,1.0
40883,51164,2015-09-14,1.0
1593,14450,2015-09-14,1.0
2622,10503,2015-09-14,1.0
14447,14447,2015-09-14,1.0
4177,6085,2015-09-14,1.0
50629,50629,2015-09-14,1.0
14447,2191,2015-09-14,1.0
2191,21369,2015-09-14,1.0
14447,10366,2015-09-14,1.0
11260,80269,2015-09-14,1.0
11142,76679,2015-09-14,1.0
11540,5034,2015-09-14,1.0
76105,5810,2015-09-14,1.0
32389,77929,2015-09-14,1.0
13972,80241,2015-09-14,1.0
14447,32261,2015-09-14,1.0
78871,78871,2015-09-14,1.0
42506,5701,2015-09-14,1.0
14807,10335,2015-09-14,1.0
18060,69078,2015-09-14,1.0
80242,76541,2015-09-14,1.0
5762,32261,2015-09-14,1.0
23141,77929,2015-09-14,1.0
51164,52914,2015-09-14,1.0
61536,8385,2015-09-14,1.0
11260,77929,2015-09-14,1.0
51164,54788,2015-09-14,1.0
75418,36370,2015-09-14,1.0
21684,70498,2015-09-14,1.0
21369,2191,2015-09-14,1.0
11142,80216,2015-09-14,1.0
7932,32261,2015-09-14,1.0
14450,5810,2015-09-14,1.0
2233,2233,2015-09-14,1.0
21369,21369,2015-09-14,1.0
78,10273,2015-09-15,1.0
12178,12178,2015-09-15,1.0
9617,37370,2015-09-15,1.0
3460,1345,2015-09-15,1.0
70498,21684,2015-09-15,1.0
21684,21684,2015-09-15,1.0
7076,39495,2015-09-15,1.0
1345,1345,2015-09-15,1.0
4832,80013,2015-09-15,1.0
7762,184,2015-09-15,1.0
10273,10273,2015-09-15,1.0
50073,4312,2015-09-15,1.0
9317,69037,2015-09-15,1.0
398,18060,2015-09-15,1.0
76479,10366,2015-09-15,1.0
11926,10035,2015-09-15,1.0
8146,33640,2015-09-15,1.0
303,184,2015-09-15,1.0
35898,35898,2015-09-15,1.0
11054,61472,2015-09-15,1.0
40883,51164,2015-09-15,1.0
76679,11142,2015-09-15,1.0
2757,2757,2015-09-15,1.0
73850,78606,2015-09-15,1.0
52914,51164,2015-09-15,1.0
14830,38851,2015-09-15,1.0
78525,38851,2015-09-15,1.0
290,10273,2015-09-15,1.0
20597,20597,2015-09-15,1.0
21349,69037,2015-09-15,1.0
6094,6094,2015-09-15,1.0
39495,39495,2015-09-15,1.0
36212,36212,2015-09-15,1.0
398,398,2015-09-15,1.0
13625,18060,2015-09-15,1.0
11919,65913,2015-09-15,1.0
80162,4144,2015-09-15,1.0
41593,18060,2015-09-15,1.0
18060,18060,2015-09-15,1.0
4194,36414,2015-09-15,1.0
65913,11919,2015-09-15,1.0
11919,11919,2015-09-15,1.0
4721,69037,2015-09-15,1.0
33640,33640,2015-09-15,1.0
14835,3377,2015-09-15,1.0
1061,36212,2015-09-15,1.0
76679,76679,2015-09-15,1.0
4177,4528,2015-09-15,1.0
17581,17581,2015-09-15,1.0
15899,2284,2015-09-15,1.0
2893,80109,2015-09-15,1.0
12605,80296,2015-09-15,1.0
290,65800,2015-09-15,1.0
65800,75422,2015-09-15,1.0
65800,65800,2015-09-15,1.0
75422,75422,2015-09-15,1.0
13265,75343,2015-09-15,1.0
184,80296,2015-09-15,1.0
11417,66608,2015-09-15,1.0
4231,4231,2015-09-15,1.0
80109,80109,2015-09-15,1.0
66608,66608,2015-09-15,1.0
10273,1310,2015-09-15,1.0
75343,75343,2015-09-15,1.0
40023,66608,2015-09-15,1.0
55893,78704,2015-09-15,1.0
2290,66608,2015-09-15,1.0
1310,1310,2015-09-15,1.0
21265,80304,2015-09-15,1.0
6751,27467,2015-09-15,1.0
4832,80302,2015-09-15,1.0
29697,80126,2015-09-15,1.0
78704,78704,2015-09-15,1.0
2623,4231,2015-09-15,1.0
2273,65800,2015-09-15,1.0
77923,77923,2015-09-15,1.0
17114,80013,2015-09-15,1.0
1409,9485,2015-09-15,1.0
1409,10335,2015-09-15,1.0
450,69037,2015-09-15,1.0
58307,58307,2015-09-15,1.0
10035,11142,2015-09-15,1.0
51663,80090,2015-09-15,1.0
74273,17581,2015-09-15,1.0
2893,2893,2015-09-15,1.0
41291,2893,2015-09-15,1.0
80298,3503,2015-09-15,1.0
13265,15242,2015-09-15,1.0
29491,58550,2015-09-15,1.0
184,184,2015-09-15,1.0
4177,184,2015-09-15,1.0
2622,77923,2015-09-15,1.0
10035,10035,2015-09-15,1.0
11500,321,2015-09-15,1.0
5091,5034,2015-09-15,1.0
4144,80162,2015-09-15,1.0
11142,10035,2015-09-15,1.0
32389,80267,2015-09-15,1.0
19885,5034,2015-09-15,1.0
38851,78525,2015-09-15,1.0
7402,56553,2015-09-15,1.0
1345,27433,2015-09-15,1.0
2554,50818,2015-09-15,1.0
4231,2623,2015-09-15,1.0
40090,79963,2015-09-15,1.0
20507,31310,2015-09-15,1.0
41654,41654,2015-09-15,1.0
78525,78525,2015-09-15,1.0
18060,398,2015-09-15,1.0
39495,36414,2015-09-15,1.0
1532,1532,2015-09-15,1.0
7576,7576,2015-09-15,1.0
20302,77923,2015-09-15,1.0
8628,39475,2015-09-15,1.0
11142,80302,2015-09-15,1.0
11142,41187,2015-09-15,1.0
75422,65800,2015-09-15,1.0
2807,9485,2015-09-15,1.0
21090,4140,2015-09-15,1.0
80296,184,2015-09-15,1.0
1310,10273,2015-09-15,1.0
80090,51663,2015-09-15,1.0
9942,29625,2015-09-15,1.0
80269,11260,2015-09-15,1.0
15242,15242,2015-09-15,1.0
22989,2841,2015-09-15,1.0
11260,11260,2015-09-15,1.0
16785,16785,2015-09-15,1.0
51663,51663,2015-09-15,1.0
25510,11966,2015-09-15,1.0
7076,7076,2015-09-15,1.0
3959,51663,2015-09-15,1.0
2807,39495,2015-09-15,1.0
69931,69931,2015-09-15,1.0
2290,80186,2015-09-15,1.0
11500,429,2015-09-15,1.0
56553,7402,2015-09-15,1.0
12705,51663,2015-09-15,1.0
6936,184,2015-09-15,1.0
956,16785,2015-09-15,1.0
10366,80268,2015-09-15,1.0
41654,18943,2015-09-15,1.0
24165,15242,2015-09-15,1.0
4312,7076,2015-09-15,1.0
43559,38889,2015-09-16,1.0
29625,9942,2015-09-16,1.0
69797,69797,2015-09-16,1.0
70809,69797,2015-09-16,1.0
13265,68440,2015-09-16,1.0
39475,8628,2015-09-16,1.0
15197,15197,2015-09-16,1.0
7434,6094,2015-09-16,1.0
3995,4659,2015-09-16,1.0
8003,68440,2015-09-16,1.0
56191,66607,2015-09-16,1.0
50754,15197,2015-09-16,1.0
33039,2893,2015-09-16,1.0
10035,10035,2015-09-16,1.0
6085,1946,2015-09-16,1.0
66608,66608,2015-09-16,1.0
4053,43559,2015-09-16,1.0
1465,6094,2015-09-16,1.0
58550,58550,2015-09-16,1.0
25028,1946,2015-09-16,1.0
2000,2893,2015-09-16,1.0
3684,78525,2015-09-16,1.0
14830,36148,2015-09-16,1.0
3684,6094,2015-09-16,1.0
2893,2893,2015-09-16,1.0
2893,80109,2015-09-16,1.0
14447,14447,2015-09-16,1.0
1946,1946,2015-09-16,1.0
184,80296,2015-09-16,1.0
80304,80304,2015-09-16,1.0
8103,75753,2015-09-16,1.0
12166,6262,2015-09-16,1.0
67002,67002,2015-09-16,1.0
6494,302,2015-09-16,1.0
41187,11142,2015-09-16,1.0
29491,58550,2015-09-16,1.0
39421,51164,2015-09-16,1.0
4177,76572,2015-09-16,1.0
64141,20783,2015-09-16,1.0
41291,2893,2015-09-16,1.0
1540,80276,2015-09-16,1.0
80304,15197,2015-09-16,1.0
17836,80352,2015-09-16,1.0
11115,76572,2015-09-16,1.0
80302,36721,2015-09-16,1.0
4177,36148,2015-09-16,1.0
519,4528,2015-09-16,1.0
11054,11054,2015-09-16,1.0
30186,76572,2015-09-16,1.0
7206,76572,2015-09-16,1.0
1703,41291,2015-09-16,1.0
20302,18263,2015-09-16,1.0
41291,41291,2015-09-16,1.0
7076,78792,2015-09-16,1.0
40297,80337,2015-09-16,1.0
15934,297,2015-09-16,1.0
74330,18739,2015-09-16,1.0
18739,18739,2015-09-16,1.0
36721,11142,2015-09-16,1.0
11142,11142,2015-09-16,1.0
51164,51164,2015-09-16,1.0
6494,441,2015-09-16,1.0
35520,51716,2015-09-16,1.0
75753,75753,2015-09-16,1.0
10366,80338,2015-09-16,1.0
11926,10035,2015-09-16,1.0
10366,75753,2015-09-16,1.0
4528,4528,2015-09-16,1.0
36625,8103,2015-09-16,1.0
68440,68440,2015-09-16,1.0
7206,2893,2015-09-16,1.0
31724,68440,2015-09-16,1.0
51716,17581,2015-09-16,1.0
1310,18263,2015-09-16,1.0
43438,43438,2015-09-16,1.0
75,7932,2015-09-16,1.0
763,22052,2015-09-16,1.0
763,51164,2015-09-16,1.0
18943,18060,2015-09-16,1.0
51716,51716,2015-09-16,1.0
15570,11054,2015-09-16,1.0
18943,10503,2015-09-16,1.0
75422,33927,2015-09-16,1.0
15247,75385,2015-09-16,1.0
10503,10503,2015-09-16,1.0
454,74330,2015-09-16,1.0
15780,25437,2015-09-16,1.0
80267,32389,2015-09-16,1.0
38490,36721,2015-09-16,1.0
9942,9942,2015-09-16,1.0
4767,41801,2015-09-16,1.0
7932,78172,2015-09-16,1.0
12481,18943,2015-09-16,1.0
48839,11966,2015-09-16,1.0
12605,80296,2015-09-16,1.0
8430,8430,2015-09-16,1.0
14515,70498,2015-09-16,1.0
69797,70809,2015-09-16,1.0
8799,1532,2015-09-16,1.0
745,48084,2015-09-16,1.0
18739,74330,2015-09-16,1.0
35520,80013,2015-09-16,1.0
6494,1532,2015-09-16,1.0
1441,16183,2015-09-16,1.0
22052,47948,2015-09-16,1.0
43438,68302,2015-09-16,1.0
10503,18943,2015-09-16,1.0
17581,51716,2015-09-16,1.0
18060,18943,2015-09-16,1.0
9253,41187,2015-09-16,1.0
36721,42531,2015-09-16,1.0
8250,34538,2015-09-16,1.0
14424,49673,2015-09-16,1.0
15197,80304,2015-09-16,1.0
13650,13650,2015-09-16,1.0
68305,38889,2015-09-16,1.0
11054,15570,2015-09-16,1.0
394,80311,2015-09-16,1.0
4832,15570,2015-09-16,1.0
51164,39421,2015-09-16,1.0
66607,56191,2015-09-16,1.0
80317,57464,2015-09-16,1.0
43265,80315,2015-09-16,1.0
8103,65800,2015-09-16,1.0
11919,78704,2015-09-16,1.0
61536,24916,2015-09-16,1.0
80326,20783,2015-09-16,1.0
6094,80323,2015-09-16,1.0
14302,78525,2015-09-16,1.0
9025,78792,2015-09-16,1.0
78525,78525,2015-09-16,1.0
2893,4037,2015-09-16,1.0
18060,15242,2015-09-16,1.0
1946,2893,2015-09-16,1.0
297,15934,2015-09-16,1.0
46936,80276,2015-09-16,1.0
22277,22277,2015-09-16,1.0
36721,80302,2015-09-16,1.0
41291,4925,2015-09-16,1.0
5762,5762,2015-09-16,1.0
4402,11260,2015-09-16,1.0
11919,74330,2015-09-16,1.0
11260,11260,2015-09-16,1.0
10366,14447,2015-09-16,1.0
18060,2841,2015-09-16,1.0
32198,8430,2015-09-16,1.0
11926,74330,2015-09-16,1.0
78792,38624,2015-09-16,1.0
36414,39495,2015-09-16,1.0
25437,25437,2015-09-16,1.0
41654,13972,2015-09-16,1.0
11054,74330,2015-09-16,1.0
3684,14302,2015-09-16,1.0
14302,14302,2015-09-16,1.0
1098,6094,2015-09-16,1.0
6094,6094,2015-09-16,1.0
15242,15242,2015-09-16,1.0
4177,80311,2015-09-16,1.0
4177,394,2015-09-16,1.0
290,1437,2015-09-16,1.0
4177,184,2015-09-16,1.0
10110,10110,2015-09-16,1.0
3684,80126,2015-09-16,1.0
19276,394,2015-09-16,1.0
5963,56191,2015-09-16,1.0
80296,80296,2015-09-16,1.0
14450,66608,2015-09-16,1.0
75,56191,2015-09-16,1.0
25510,56191,2015-09-16,1.0
2530,1437,2015-09-16,1.0
56191,56191,2015-09-16,1.0
15780,56191,2015-09-16,1.0
69931,69931,2015-09-16,1.0
24309,49673,2015-09-16,1.0
4042,65800,2015-09-16,1.0
934,934,2015-09-16,1.0
2622,80315,2015-09-16,1.0
14807,66607,2015-09-16,1.0
49673,934,2015-09-16,1.0
11142,38889,2015-09-17,1.0
75422,58664,2015-09-17,1.0
29697,80384,2015-09-17,1.0
80376,80376,2015-09-17,1.0
6262,6262,2015-09-17,1.0
18060,23829,2015-09-17,1.0
11142,11142,2015-09-17,1.0
58664,58664,2015-09-17,1.0
12481,11142,2015-09-17,1.0
3901,2191,2015-09-17,1.0
3948,22606,2015-09-17,1.0
2290,80377,2015-09-17,1.0
23829,23829,2015-09-17,1.0
8430,80377,2015-09-17,1.0
40723,19075,2015-09-17,1.0
17581,38889,2015-09-17,1.0
75536,75536,2015-09-17,1.0
47958,19075,2015-09-17,1.0
2481,75536,2015-09-17,1.0
1463,43559,2015-09-17,1.0
61328,61328,2015-09-17,1.0
33741,58550,2015-09-17,1.0
19075,19075,2015-09-17,1.0
40883,61328,2015-09-17,1.0
80377,21574,2015-09-17,1.0
4177,80377,2015-09-17,1.0
4177,75536,2015-09-17,1.0
1492,80366,2015-09-17,1.0
37370,37370,2015-09-17,1.0
1492,36977,2015-09-17,1.0
1946,80376,2015-09-17,1.0
12481,38889,2015-09-17,1.0
38889,38889,2015-09-17,1.0
10366,76102,2015-09-17,1.0
297,38889,2015-09-17,1.0
51479,2000,2015-09-17,1.0
18943,18943,2015-09-17,1.0
21349,80110,2015-09-17,1.0
61536,41619,2015-09-17,1.0
41619,41619,2015-09-17,1.0
2191,360,2015-09-17,1.0
297,58072,2015-09-17,1.0
12166,360,2015-09-17,1.0
2191,2191,2015-09-17,1.0
2554,41619,2015-09-17,1.0
26007,26007,2015-09-17,1.0
12547,2191,2015-09-17,1.0
21349,6094,2015-09-17,1.0
360,360,2015-09-17,1.0
13972,49247,2015-09-17,1.0
763,27066,2015-09-17,1.0
318,184,2015-09-17,1.0
2273,18943,2015-09-17,1.0
22989,2841,2015-09-17,1.0
32216,38889,2015-09-17,1.0
70498,14515,2015-09-17,1.0
4832,58664,2015-09-17,1.0
11640,80388,2015-09-17,1.0
15570,11054,2015-09-17,1.0
40297,184,2015-09-17,1.0
80352,80352,2015-09-17,1.0
80388,80388,2015-09-17,1.0
184,184,2015-09-17,1.0
4720,80110,2015-09-17,1.0
76593,76593,2015-09-17,1.0
52842,39026,2015-09-17,1.0
437,2191,2015-09-17,1.0
297,11142,2015-09-17,1.0
297,80366,2015-09-17,1.0
5762,4649,2015-09-17,1.0
17581,38805,2015-09-17,1.0
38805,38805,2015-09-17,1.0
1463,15197,2015-09-17,1.0
10035,10035,2015-09-17,1.0
2290,39380,2015-09-17,1.0
39380,39380,2015-09-17,1.0
13915,54780,2015-09-17,1.0
17836,80352,2015-09-17,1.0
54780,1441,2015-09-17,1.0
76102,35959,2015-09-17,1.0
41103,80363,2015-09-17,1.0
290,38805,2015-09-17,1.0
22052,22052,2015-09-17,1.0
74330,18739,2015-09-17,1.0
1441,1441,2015-09-17,1.0
763,47795,2015-09-17,1.0
9068,18263,2015-09-17,1.0
17114,35520,2015-09-17,1.0
4780,1171,2015-09-17,1.0
1149,2757,2015-09-17,1.0
6794,80354,2015-09-17,1.0
18263,18263,2015-09-17,1.0
6794,80352,2015-09-17,1.0
4042,4528,2015-09-17,1.0
58777,66607,2015-09-17,1.0
20302,18263,2015-09-17,1.0
36721,36721,2015-09-17,1.0
47948,22052,2015-09-17,1.0
51164,51164,2015-09-17,1.0
763,51164,2015-09-17,1.0
2926,18739,2015-09-17,1.0
17734,7932,2015-09-17,1.0
10366,344,2015-09-17,1.0
12898,33927,2015-09-17,1.0
73850,50191,2015-09-17,1.0
15934,297,2015-09-17,1.0
1056,19075,2015-09-17,1.0
297,297,2015-09-17,1.0
290,80110,2015-09-17,1.0
12310,80110,2015-09-17,1.0
70060,78713,2015-09-17,1.0
31310,38805,2015-09-17,1.0
35520,80013,2015-09-17,1.0
32389,32389,2015-09-17,1.0
18263,297,2015-09-17,1.0
35520,61472,2015-09-17,1.0
8103,18263,2015-09-17,1.0
35959,35959,2015-09-17,1.0
17457,14302,2015-09-17,1.0
17457,17457,2015-09-17,1.0
5034,17457,2015-09-17,1.0
11640,13113,2015-09-17,1.0
80110,80110,2015-09-17,1.0
7666,39380,2015-09-17,1.0
25437,25437,2015-09-17,1.0
4528,4528,2015-09-17,1.0
73850,76788,2015-09-17,1.0
2530,66607,2015-09-17,1.0
74330,74330,2015-09-17,1.0
26538,2841,2015-09-17,1.0
17734,15934,2015-09-17,1.0
7206,38783,2015-09-17,1.0
2841,2841,2015-09-17,1.0
12166,6262,2015-09-17,1.0
15934,15934,2015-09-17,1.0
6269,76593,2015-09-17,1.0
5015,75536,2015-09-17,1.0
8799,6066,2015-09-17,1.0
17581,29783,2015-09-17,1.0
80363,41103,2015-09-17,1.0
10366,41103,2015-09-17,1.0
80366,297,2015-09-17,1.0
1176,80354,2015-09-17,1.0
15934,17734,2015-09-17,1.0
2841,80338,2015-09-17,1.0
73850,75698,2015-09-17,1.0
35357,18943,2015-09-17,1.0
297,18263,2015-09-17,1.0
43324,80361,2015-09-17,1.0
13113,2625,2015-09-17,1.0
3684,2689,2015-09-17,1.0
64043,49247,2015-09-17,1.0
21574,80377,2015-09-17,1.0
11142,80110,2015-09-17,1.0
34538,34538,2015-09-17,1.0
391,68440,2015-09-17,1.0
23829,2893,2015-09-17,1.0
75826,54524,2015-09-17,1.0
360,2191,2015-09-17,1.0
58072,68440,2015-09-17,1.0
297,78294,2015-09-17,1.0
17581,80384,2015-09-17,1.0
6066,8799,2015-09-17,1.0
35959,76102,2015-09-17,1.0
13113,80354,2015-09-17,1.0
41291,23829,2015-09-17,1.0
2623,4231,2015-09-17,1.0
36977,36977,2015-09-17,1.0
4231,4231,2015-09-18,1.0
34461,36707,2015-09-18,1.0
12166,21965,2015-09-18,1.0
10591,2757,2015-09-18,1.0
21965,21965,2015-09-18,1.0
18943,18060,2015-09-18,1.0
17581,6094,2015-09-18,1.0
22606,3948,2015-09-18,1.0
61536,61536,2015-09-18,1.0
22606,22606,2015-09-18,1.0
11100,11100,2015-09-18,1.0
184,30836,2015-09-18,1.0
29783,11926,2015-09-18,1.0
11926,11926,2015-09-18,1.0
6269,76593,2015-09-18,1.0
57583,2689,2015-09-18,1.0
75382,17945,2015-09-18,1.0
75385,75385,2015-09-18,1.0
76593,76593,2015-09-18,1.0
41291,23829,2015-09-18,1.0
23829,23829,2015-09-18,1.0
58664,58664,2015-09-18,1.0
4572,41187,2015-09-18,1.0
4086,8590,2015-09-18,1.0
12481,31310,2015-09-18,1.0
11115,2689,2015-09-18,1.0
31310,31310,2015-09-18,1.0
41291,46536,2015-09-18,1.0
1898,31310,2015-09-18,1.0
11054,31310,2015-09-18,1.0
12138,31310,2015-09-18,1.0
29783,29783,2015-09-18,1.0
3948,22606,2015-09-18,1.0
5984,5984,2015-09-18,1.0
184,184,2015-09-18,1.0
18050,36146,2015-09-18,1.0
1056,10503,2015-09-18,1.0
4832,36721,2015-09-18,1.0
36146,80399,2015-09-18,1.0
18060,36721,2015-09-18,1.0
22989,17581,2015-09-18,1.0
17581,17581,2015-09-18,1.0
15934,297,2015-09-18,1.0
41928,41928,2015-09-18,1.0
36146,36146,2015-09-18,1.0
58072,58072,2015-09-18,1.0
25437,25437,2015-09-18,1.0
12176,11142,2015-09-18,1.0
18060,18060,2015-09-18,1.0
61536,80352,2015-09-18,1.0
6818,3948,2015-09-18,1.0
11142,1492,2015-09-18,1.0
78525,14302,2015-09-18,1.0
36721,36721,2015-09-18,1.0
297,297,2015-09-18,1.0
14302,14302,2015-09-18,1.0
14830,14302,2015-09-18,1.0
30836,30836,2015-09-18,1.0
21574,43696,2015-09-18,1.0
5784,49223,2015-09-18,1.0
8430,2384,2015-09-18,1.0
49223,49223,2015-09-18,1.0
22606,6818,2015-09-18,1.0
11926,2807,2015-09-18,1.0
25256,7687,2015-09-18,1.0
29697,49223,2015-09-18,1.0
11142,80399,2015-09-18,1.0
80399,80399,2015-09-18,1.0
1441,68222,2015-09-18,1.0
14447,21965,2015-09-18,1.0
391,58072,2015-09-18,1.0
2926,80340,2015-09-18,1.0
43198,43198,2015-09-18,1.0
36707,36707,2015-09-18,1.0
27816,36146,2015-09-18,1.0
32022,36146,2015-09-18,1.0
42804,42804,2015-09-18,1.0
6094,76352,2015-09-18,1.0
2000,2000,2015-09-18,1.0
2530,2384,2015-09-18,1.0
18060,76352,2015-09-18,1.0
2384,2384,2015-09-18,1.0
2623,4231,2015-09-18,1.0
14830,11100,2015-09-18,1.0
6085,5984,2015-09-18,1.0
3948,80110,2015-09-18,1.0
1492,11100,2015-09-18,1.0
4832,49223,2015-09-18,1.0
3206,46536,2015-09-18,1.0
46536,46536,2015-09-18,1.0
2290,43198,2015-09-18,1.0
8041,80388,2015-09-18,1.0
5429,43013,2015-09-18,1.0
8430,8430,2015-09-18,1.0
4832,76352,2015-09-18,1.0
6818,8430,2015-09-18,1.0
22971,80377,2015-09-18,1.0
1306,21574,2015-09-18,1.0
21574,21574,2015-09-18,1.0
4312,21574,2015-09-18,1.0
22971,8430,2015-09-18,1.0
80402,80377,2015-09-18,1.0
5429,3920,2015-09-18,1.0
11054,76352,2015-09-18,1.0
70618,6094,2015-09-18,1.0
6094,70618,2015-09-18,1.0
78299,78299,2015-09-18,1.0
3684,8799,2015-09-18,1.0
13972,42804,2015-09-18,1.0
14094,43559,2015-09-18,1.0
3206,11926,2015-09-18,1.0
3206,80377,2015-09-18,1.0
14972,80388,2015-09-18,1.0
35520,76352,2015-09-18,1.0
70060,78713,2015-09-18,1.0
11100,2893,2015-09-18,1.0
14447,10366,2015-09-18,1.0
4832,80013,2015-09-18,1.0
36721,76352,2015-09-18,1.0
4794,6104,2015-09-18,1.0
7709,31310,2015-09-18,1.0
36707,34461,2015-09-18,1.0
17581,31310,2015-09-18,1.0
11142,36977,2015-09-18,1.0
6818,22606,2015-09-18,1.0
43324,27923,2015-09-18,1.0
10503,31310,2015-09-18,1.0
14967,75536,2015-09-18,1.0
1492,36977,2015-09-18,1.0
14302,78525,2015-09-18,1.0
297,15934,2015-09-18,1.0
8430,80377,2015-09-18,1.0
2384,80377,2015-09-18,1.0
2807,29783,2015-09-18,1.0
5984,43354,2015-09-18,1.0
3859,43354,2015-09-18,1.0
21349,6094,2015-09-18,1.0
21265,184,2015-09-18,1.0
2481,61522,2015-09-18,1.0
6094,6094,2015-09-18,1.0
2384,10335,2015-09-18,1.0
2191,7721,2015-09-18,1.0
43354,43354,2015-09-18,1.0
7721,7721,2015-09-18,1.0
18263,297,2015-09-18,1.0
14830,6094,2015-09-18,1.0
80267,32389,2015-09-18,1.0
7721,2191,2015-09-18,1.0
80390,38600,2015-09-18,1.0
11926,29783,2015-09-18,1.0
78713,78713,2015-09-18,1.0
26591,4279,2015-09-18,1.0
9305,76593,2015-09-19,1.0
80399,11142,2015-09-19,1.0
21265,184,2015-09-19,1.0
30186,12705,2015-09-19,1.0
9617,37370,2015-09-19,1.0
3948,3948,2015-09-19,1.0
12705,12705,2015-09-19,1.0
13625,43108,2015-09-19,1.0
13650,49223,2015-09-19,1.0
58688,58688,2015-09-19,1.0
7206,12705,2015-09-19,1.0
10366,51223,2015-09-19,1.0
11054,77923,2015-09-19,1.0
29697,35660,2015-09-19,1.0
61993,61993,2015-09-19,1.0
10265,48977,2015-09-19,1.0
6827,36688,2015-09-19,1.0
20302,64541,2015-09-19,1.0
51223,51223,2015-09-19,1.0
35660,35660,2015-09-19,1.0
1463,70809,2015-09-19,1.0
318,51223,2015-09-19,1.0
4312,61993,2015-09-19,1.0
14302,14302,2015-09-19,1.0
51223,80110,2015-09-19,1.0
69931,69931,2015-09-19,1.0
40297,2290,2015-09-19,1.0
121,54795,2015-09-19,1.0
2290,2290,2015-09-19,1.0
76698,2384,2015-09-19,1.0
6269,76593,2015-09-19,1.0
41291,2893,2015-09-19,1.0
4528,51164,2015-09-19,1.0
43265,43265,2015-09-19,1.0
48839,35660,2015-09-19,1.0
13265,11765,2015-09-19,1.0
8112,3503,2015-09-19,1.0
31883,40723,2015-09-19,1.0
40297,76541,2015-09-19,1.0
25028,25028,2015-09-19,1.0
2784,9672,2015-09-19,1.0
20302,71088,2015-09-19,1.0
2784,8799,2015-09-19,1.0
2784,4177,2015-09-19,1.0
8430,43265,2015-09-19,1.0
10265,10265,2015-09-19,1.0
11142,11142,2015-09-19,1.0
763,61993,2015-09-19,1.0
763,11142,2015-09-19,1.0
8003,68440,2015-09-19,1.0
10946,431,2015-09-19,1.0
76541,76541,2015-09-19,1.0
18060,76541,2015-09-19,1.0
12337,70124,2015-09-19,1.0
6059,58688,2015-09-19,1.0
3206,6043,2015-09-19,1.0
6316,67002,2015-09-19,1.0
35508,27923,2015-09-19,1.0
3206,41928,2015-09-19,1.0
11919,43108,2015-09-19,1.0
47305,47305,2015-09-19,1.0
54795,54795,2015-09-19,1.0
4231,4040,2015-09-19,1.0
40023,6043,2015-09-19,1.0
49223,13650,2015-09-19,1.0
11054,54795,2015-09-19,1.0
13650,13650,2015-09-19,1.0
806,54795,2015-09-19,1.0
6818,47305,2015-09-19,1.0
29697,49223,2015-09-19,1.0
3324,54795,2015-09-19,1.0
64541,19276,2015-09-19,1.0
68222,68222,2015-09-19,1.0
49223,49223,2015-09-19,1.0
4042,4528,2015-09-19,1.0
3684,41928,2015-09-19,1.0
80110,80110,2015-09-19,1.0
21965,21965,2015-09-19,1.0
21090,80441,2015-09-19,1.0
11926,80441,2015-09-19,1.0
23141,1946,2015-09-19,1.0
76593,80441,2015-09-19,1.0
9502,58688,2015-09-19,1.0
4832,4832,2015-09-19,1.0
36721,4832,2015-09-19,1.0
16109,80168,2015-09-19,1.0
12978,11054,2015-09-19,1.0
43108,2284,2015-09-19,1.0
6085,12705,2015-09-19,1.0
1345,70809,2015-09-19,1.0
64541,64541,2015-09-19,1.0
57842,43108,2015-09-19,1.0
22052,22389,2015-09-19,1.0
2384,76698,2015-09-19,1.0
75,25477,2015-09-19,1.0
12643,14319,2015-09-19,1.0
4312,25028,2015-09-19,1.0
454,14319,2015-09-19,1.0
25510,33128,2015-09-19,1.0
11142,61993,2015-09-19,1.0
10265,80013,2015-09-19,1.0
14915,8590,2015-09-19,1.0
2784,2039,2015-09-19,1.0
80449,78164,2015-09-19,1.0
14447,54788,2015-09-19,1.0
31040,41932,2015-09-19,1.0
22389,10134,2015-09-19,1.0
19276,64541,2015-09-19,1.0
2284,43108,2015-09-19,1.0
80437,7386,2015-09-19,1.0
4832,80430,2015-09-19,1.0
12705,30186,2015-09-19,1.0
6518,22733,2015-09-19,1.0
4832,76352,2015-09-19,1.0
2502,1532,2015-09-19,1.0
40297,11765,2015-09-19,1.0
9502,11765,2015-09-19,1.0
14497,31446,2015-09-20,1.0
11142,2893,2015-09-20,1.0
25028,25028,2015-09-20,1.0
80029,80029,2015-09-20,1.0
4312,25028,2015-09-20,1.0
80175,19276,2015-09-20,1.0
2926,468,2015-09-20,1.0
1176,12978,2015-09-20,1.0
12978,12978,2015-09-20,1.0
29697,77923,2015-09-20,1.0
19276,19276,2015-09-20,1.0
2502,2502,2015-09-20,1.0
2926,2893,2015-09-20,1.0
35660,48839,2015-09-20,1.0
2653,80473,2015-09-20,1.0
78792,78792,2015-09-20,1.0
78792,9025,2015-09-20,1.0
12178,12178,2015-09-20,1.0
18060,76541,2015-09-20,1.0
2893,468,2015-09-20,1.0
3684,35660,2015-09-20,1.0
71105,78076,2015-09-20,1.0
6101,1358,2015-09-20,1.0
61536,61536,2015-09-20,1.0
71088,71088,2015-09-20,1.0
41291,41291,2015-09-20,1.0
11054,8146,2015-09-20,1.0
8146,80013,2015-09-20,1.0
23829,23829,2015-09-20,1.0
1056,80437,2015-09-20,1.0
2554,41619,2015-09-20,1.0
468,468,2015-09-20,1.0
48142,56667,2015-09-20,1.0
391,12178,2015-09-20,1.0
11926,56667,2015-09-20,1.0
26522,56667,2015-09-20,1.0
10898,56667,2015-09-20,1.0
763,41619,2015-09-20,1.0
11765,11765,2015-09-20,1.0
58096,2233,2015-09-20,1.0
14830,5101,2015-09-20,1.0
2653,36720,2015-09-20,1.0
39120,25028,2015-09-20,1.0
3460,76483,2015-09-20,1.0
2233,58096,2015-09-20,1.0
11919,43108,2015-09-20,1.0
80437,1056,2015-09-20,1.0
48839,35660,2015-09-20,1.0
13972,16183,2015-09-20,1.0
19276,80175,2015-09-20,1.0
468,2893,2015-09-20,1.0
33927,33927,2015-09-20,1.0
1131,35660,2015-09-20,1.0
4653,75343,2015-09-20,1.0
8430,66419,2015-09-20,1.0
1345,1532,2015-09-20,1.0
80483,290,2015-09-20,1.0
29557,37855,2015-09-20,1.0
61536,80485,2015-09-20,1.0
13972,80488,2015-09-20,1.0
23291,43195,2015-09-20,1.0
10366,80110,2015-09-20,1.0
22389,22389,2015-09-20,1.0
34461,36707,2015-09-20,1.0
763,11142,2015-09-20,1.0
11142,11142,2015-09-20,1.0
12178,25256,2015-09-20,1.0
35660,35660,2015-09-20,1.0
6269,76593,2015-09-20,1.0
11540,31446,2015-09-20,1.0
12178,44293,2015-09-20,1.0
25256,25256,2015-09-20,1.0
4362,76483,2015-09-20,1.0
36720,36720,2015-09-20,1.0
11054,70124,2015-09-20,1.0
61329,4361,2015-09-20,1.0
37103,76453,2015-09-20,1.0
1532,2502,2015-09-20,1.0
8146,10265,2015-09-20,1.0
8857,78164,2015-09-20,1.0
35840,11142,2015-09-20,1.0
51223,51223,2015-09-20,1.0
41291,23829,2015-09-20,1.0
11540,80483,2015-09-20,1.0
11142,13972,2015-09-20,1.0
11142,80501,2015-09-20,1.0
14450,11142,2015-09-20,1.0
11142,10366,2015-09-20,1.0
80499,23657,2015-09-20,1.0
31446,31446,2015-09-20,1.0
41619,41619,2015-09-20,1.0
80501,80501,2015-09-20,1.0
11142,35840,2015-09-20,1.0
4231,75343,2015-09-20,1.0
56667,56667,2015-09-20,1.0
80473,80473,2015-09-20,1.0
6494,6494,2015-09-20,1.0
21265,80337,2015-09-20,1.0
20302,71088,2015-09-20,1.0
62810,23291,2015-09-20,1.0
23291,23291,2015-09-20,1.0
391,58072,2015-09-20,1.0
15934,2893,2015-09-20,1.0
11765,40297,2015-09-20,1.0
25309,80488,2015-09-20,1.0
80352,80352,2015-09-21,1.0
22606,80110,2015-09-21,1.0
12337,75549,2015-09-21,1.0
1345,1345,2015-09-21,1.0
3032,11521,2015-09-21,1.0
9417,80533,2015-09-21,1.0
41619,2554,2015-09-21,1.0
40297,80525,2015-09-21,1.0
4231,4231,2015-09-21,1.0
12481,12481,2015-09-21,1.0
5516,80525,2015-09-21,1.0
9072,12481,2015-09-21,1.0
23141,23141,2015-09-21,1.0
613,613,2015-09-21,1.0
20994,13972,2015-09-21,1.0
80525,80525,2015-09-21,1.0
8146,11260,2015-09-21,1.0
11919,12481,2015-09-21,1.0
11260,11260,2015-09-21,1.0
58688,12204,2015-09-21,1.0
9072,11919,2015-09-21,1.0
12481,11919,2015-09-21,1.0
80464,19276,2015-09-21,1.0
11521,11521,2015-09-21,1.0
5101,80525,2015-09-21,1.0
3901,21965,2015-09-21,1.0
46104,46104,2015-09-21,1.0
11142,11521,2015-09-21,1.0
5101,5101,2015-09-21,1.0
33199,42440,2015-09-21,1.0
8430,11521,2015-09-21,1.0
14094,68305,2015-09-21,1.0
80501,46104,2015-09-21,1.0
42804,13972,2015-09-21,1.0
10366,36146,2015-09-21,1.0
1310,2893,2015-09-21,1.0
68305,15242,2015-09-21,1.0
6646,36146,2015-09-21,1.0
19276,65800,2015-09-21,1.0
14447,65800,2015-09-21,1.0
3214,11142,2015-09-21,1.0
23571,2893,2015-09-21,1.0
290,36146,2015-09-21,1.0
2653,36720,2015-09-21,1.0
11546,11546,2015-09-21,1.0
2554,41619,2015-09-21,1.0
24953,78532,2015-09-21,1.0
78525,11142,2015-09-21,1.0
68305,2893,2015-09-21,1.0
613,16183,2015-09-21,1.0
1441,16183,2015-09-21,1.0
21907,80489,2015-09-21,1.0
36466,11142,2015-09-21,1.0
18050,613,2015-09-21,1.0
60435,21491,2015-09-21,1.0
12204,58688,2015-09-21,1.0
1056,4794,2015-09-21,1.0
12337,11521,2015-09-21,1.0
10265,23141,2015-09-21,1.0
11540,36146,2015-09-21,1.0
1441,1441,2015-09-21,1.0
19276,80464,2015-09-21,1.0
46104,80501,2015-09-21,1.0
11142,80533,2015-09-21,1.0
12221,21491,2015-09-21,1.0
3948,51137,2015-09-21,1.0
3753,5101,2015-09-21,1.0
17581,7458,2015-09-21,1.0
46921,75549,2015-09-21,1.0
13972,42804,2015-09-21,1.0
56721,290,2015-09-21,1.0
11260,8146,2015-09-21,1.0
17118,77923,2015-09-21,1.0
2926,11142,2015-09-21,1.0
2669,2653,2015-09-21,1.0
4923,80110,2015-09-21,1.0
20507,10035,2015-09-21,1.0
14830,5101,2015-09-21,1.0
18060,5101,2015-09-21,1.0
17845,21491,2015-09-21,1.0
36720,2653,2015-09-21,1.0
43265,43265,2015-09-21,1.0
68722,75970,2015-09-21,1.0
10035,10035,2015-09-21,1.0
2554,2554,2015-09-21,1.0
8430,43265,2015-09-21,1.0
4653,4231,2015-09-21,1.0
25028,21491,2015-09-21,1.0
20302,21907,2015-09-21,1.0
13265,21491,2015-09-21,1.0
12156,65800,2015-09-21,1.0
78273,1310,2015-09-21,1.0
80110,80110,2015-09-21,1.0
17581,26798,2015-09-21,1.0
58307,184,2015-09-21,1.0
21907,21907,2015-09-21,1.0
2290,12481,2015-09-21,1.0
58307,40804,2015-09-21,1.0
11142,3214,2015-09-21,1.0
11142,11142,2015-09-21,1.0
16183,1441,2015-09-21,1.0
43326,80110,2015-09-21,1.0
16183,613,2015-09-21,1.0
64141,21491,2015-09-21,1.0
4177,2893,2015-09-21,1.0
15242,68305,2015-09-21,1.0
2362,290,2015-09-21,1.0
4854,10035,2015-09-21,1.0
17114,78532,2015-09-21,1.0
12705,49223,2015-09-21,1.0
35840,35840,2015-09-21,1.0
8146,8146,2015-09-21,1.0
38624,35840,2015-09-21,1.0
73850,8146,2015-09-21,1.0
49673,934,2015-09-21,1.0
11142,13972,2015-09-21,1.0
13972,13972,2015-09-21,1.0
80501,80501,2015-09-21,1.0
4832,15570,2015-09-21,1.0
14302,14302,2015-09-21,1.0
2290,80501,2015-09-21,1.0
20787,2893,2015-09-21,1.0
14497,31446,2015-09-21,1.0
11142,80501,2015-09-21,1.0
43324,27923,2015-09-21,1.0
49223,49223,2015-09-21,1.0
4832,78532,2015-09-21,1.0
24953,24953,2015-09-21,1.0
4832,24953,2015-09-21,1.0
763,2554,2015-09-21,1.0
67002,67002,2015-09-21,1.0
7206,80506,2015-09-21,1.0
78525,35840,2015-09-21,1.0
26522,39380,2015-09-21,1.0
36720,36720,2015-09-21,1.0
290,11142,2015-09-21,1.0
27433,27433,2015-09-21,1.0
27433,1345,2015-09-21,1.0
17581,19029,2015-09-22,1.0
2868,80554,2015-09-22,1.0
68305,15242,2015-09-22,1.0
16537,43954,2015-09-22,1.0
43954,43954,2015-09-22,1.0
80552,11054,2015-09-22,1.0
10366,80110,2015-09-22,1.0
2653,70964,2015-09-22,1.0
1703,1703,2015-09-22,1.0
16537,8628,2015-09-22,1.0
17581,8628,2015-09-22,1.0
8628,8628,2015-09-22,1.0
4177,1703,2015-09-22,1.0
37257,37257,2015-09-22,1.0
68305,43954,2015-09-22,1.0
34461,36707,2015-09-22,1.0
121,1703,2015-09-22,1.0
7206,7206,2015-09-22,1.0
70060,17509,2015-09-22,1.0
17509,17509,2015-09-22,1.0
75970,75970,2015-09-22,1.0
4177,11926,2015-09-22,1.0
7076,78792,2015-09-22,1.0
290,15570,2015-09-22,1.0
14340,2689,2015-09-22,1.0
7206,15570,2015-09-22,1.0
4177,15570,2015-09-22,1.0
4177,7206,2015-09-22,1.0
8133,8133,2015-09-22,1.0
80554,80554,2015-09-22,1.0
64141,80110,2015-09-22,1.0
11919,11919,2015-09-22,1.0
1946,1946,2015-09-22,1.0
10366,80560,2015-09-22,1.0
12565,16537,2015-09-22,1.0
13265,80560,2015-09-22,1.0
11926,11926,2015-09-22,1.0
28104,1946,2015-09-22,1.0
12481,11919,2015-09-22,1.0
2926,80563,2015-09-22,1.0
80563,80563,2015-09-22,1.0
22989,80563,2015-09-22,1.0
13265,80563,2015-09-22,1.0
16537,16537,2015-09-22,1.0
52890,11260,2015-09-22,1.0
8628,1946,2015-09-22,1.0
41283,41283,2015-09-22,1.0
8250,8628,2015-09-22,1.0
66308,80186,2015-09-22,1.0
8857,80560,2015-09-22,1.0
12166,318,2015-09-22,1.0
75422,33927,2015-09-22,1.0
39747,318,2015-09-22,1.0
8628,17581,2015-09-22,1.0
9072,12481,2015-09-22,1.0
17581,6094,2015-09-22,1.0
75343,80560,2015-09-22,1.0
28104,8628,2015-09-22,1.0
38624,38624,2015-09-22,1.0
76593,61177,2015-09-22,1.0
21684,76098,2015-09-22,1.0
61177,61177,2015-09-22,1.0
1946,4832,2015-09-22,1.0
18943,61177,2015-09-22,1.0
1946,4423,2015-09-22,1.0
61536,80352,2015-09-22,1.0
297,297,2015-09-22,1.0
15570,4832,2015-09-22,1.0
21369,300,2015-09-22,1.0
3948,3948,2015-09-22,1.0
4832,4832,2015-09-22,1.0
21349,6757,2015-09-22,1.0
2653,41283,2015-09-22,1.0
11142,76098,2015-09-22,1.0
38624,12481,2015-09-22,1.0
37855,29557,2015-09-22,1.0
51137,3948,2015-09-22,1.0
2290,56721,2015-09-22,1.0
40297,76698,2015-09-22,1.0
6794,10875,2015-09-22,1.0
4721,297,2015-09-22,1.0
56721,56721,2015-09-22,1.0
12178,12178,2015-09-22,1.0
11919,12481,2015-09-22,1.0
76698,76698,2015-09-22,1.0
4923,80110,2015-09-22,1.0
76698,7460,2015-09-22,1.0
12178,11260,2015-09-22,1.0
4923,38624,2015-09-22,1.0
12166,11546,2015-09-22,1.0
300,300,2015-09-22,1.0
4312,6094,2015-09-22,1.0
6094,17509,2015-09-22,1.0
12357,78497,2015-09-22,1.0
38624,4923,2015-09-22,1.0
15570,22277,2015-09-22,1.0
6094,6094,2015-09-22,1.0
1946,14340,2015-09-22,1.0
14340,14340,2015-09-22,1.0
4923,4923,2015-09-22,1.0
41619,2554,2015-09-22,1.0
12166,300,2015-09-22,1.0
1946,7206,2015-09-22,1.0
41291,10875,2015-09-22,1.0
2653,2653,2015-09-22,1.0
11540,11546,2015-09-22,1.0
12204,12204,2015-09-22,1.0
2689,15570,2015-09-22,1.0
11546,11546,2015-09-22,1.0
58688,297,2015-09-22,1.0
4362,58125,2015-09-22,1.0
15780,8133,2015-09-22,1.0
2622,37257,2015-09-22,1.0
80464,394,2015-09-22,1.0
80464,80311,2015-09-22,1.0
1017,297,2015-09-22,1.0
3684,6094,2015-09-22,1.0
37436,11521,2015-09-22,1.0
11054,80552,2015-09-22,1.0
8628,39475,2015-09-22,1.0
318,80559,2015-09-22,1.0
1946,8628,2015-09-22,1.0
11142,17509,2015-09-22,1.0
1703,70964,2015-09-22,1.0
80565,1532,2015-09-22,1.0
1946,11115,2015-09-22,1.0
1015,5010,2015-09-22,1.0
7410,42047,2015-09-22,1.0
80574,11266,2015-09-22,1.0
12643,76453,2015-09-22,1.0
66528,80560,2015-09-22,1.0
763,42047,2015-09-22,1.0
78434,8628,2015-09-22,1.0
33927,33927,2015-09-22,1.0
29557,27249,2015-09-22,1.0
11260,12178,2015-09-22,1.0
7460,76698,2015-09-22,1.0
297,58688,2015-09-22,1.0
4832,15570,2015-09-22,1.0
26039,61177,2015-09-22,1.0
23291,80560,2015-09-22,1.0
2290,69078,2015-09-22,1.0
21564,65800,2015-09-22,1.0
11926,12178,2015-09-22,1.0
70060,69078,2015-09-22,1.0
2502,59249,2015-09-22,1.0
14447,21965,2015-09-22,1.0
2622,51137,2015-09-22,1.0
1946,2689,2015-09-22,1.0
26522,36982,2015-09-22,1.0
1946,15570,2015-09-22,1.0
37855,37855,2015-09-22,1.0
61536,58082,2015-09-22,1.0
29491,1162,2015-09-22,1.0
2290,80575,2015-09-22,1.0
74500,74500,2015-09-22,1.0
76593,80574,2015-09-22,1.0
8133,1946,2015-09-22,1.0
11540,62780,2015-09-22,1.0
806,80552,2015-09-22,1.0
13265,74500,2015-09-22,1.0
12481,12481,2015-09-22,1.0
66308,1946,2015-09-22,1.0
76593,80565,2015-09-22,1.0
80110,80110,2015-09-22,1.0
11115,1946,2015-09-22,1.0
3901,14447,2015-09-22,1.0
51137,2622,2015-09-22,1.0
15570,1946,2015-09-22,1.0
1162,1162,2015-09-22,1.0
7410,5621,2015-09-22,1.0
297,80563,2015-09-22,1.0
297,80575,2015-09-22,1.0
290,80578,2015-09-22,1.0
353,75977,2015-09-22,1.0
2926,56721,2015-09-22,1.0
22795,22795,2015-09-22,1.0
8133,22795,2015-09-22,1.0
4231,37021,2015-09-22,1.0
11260,80604,2015-09-23,1.0
6647,11145,2015-09-23,1.0
9672,41801,2015-09-23,1.0
14450,2363,2015-09-23,1.0
6942,5199,2015-09-23,1.0
80622,80622,2015-09-23,1.0
353,1441,2015-09-23,1.0
20302,80602,2015-09-23,1.0
13265,80622,2015-09-23,1.0
4832,20302,2015-09-23,1.0
318,12310,2015-09-23,1.0
6094,80597,2015-09-23,1.0
2233,4312,2015-09-23,1.0
19436,391,2015-09-23,1.0
43265,43265,2015-09-23,1.0
21574,43696,2015-09-23,1.0
1946,43076,2015-09-23,1.0
421,421,2015-09-23,1.0
353,6094,2015-09-23,1.0
39747,318,2015-09-23,1.0
43076,43076,2015-09-23,1.0
353,29480,2015-09-23,1.0
66528,66528,2015-09-23,1.0
33927,33927,2015-09-23,1.0
27404,27404,2015-09-23,1.0
8621,39380,2015-09-23,1.0
20302,36886,2015-09-23,1.0
3106,48949,2015-09-23,1.0
80559,80559,2015-09-23,1.0
12310,49520,2015-09-23,1.0
21369,300,2015-09-23,1.0
4362,43265,2015-09-23,1.0
12481,12481,2015-09-23,1.0
2233,80597,2015-09-23,1.0
80602,80602,2015-09-23,1.0
11919,11919,2015-09-23,1.0
41619,41619,2015-09-23,1.0
2926,12481,2015-09-23,1.0
8430,8430,2015-09-23,1.0
39380,8621,2015-09-23,1.0
41619,55976,2015-09-23,1.0
8430,27249,2015-09-23,1.0
13265,18060,2015-09-23,1.0
7460,80607,2015-09-23,1.0
766,12138,2015-09-23,1.0
4053,74799,2015-09-23,1.0
13265,58203,2015-09-23,1.0
40297,39380,2015-09-23,1.0
66,33854,2015-09-23,1.0
6094,6094,2015-09-23,1.0
14450,1409,2015-09-23,1.0
8430,4923,2015-09-23,1.0
8621,8621,2015-09-23,1.0
9072,8430,2015-09-23,1.0
32961,43265,2015-09-23,1.0
55976,41619,2015-09-23,1.0
11260,10366,2015-09-23,1.0
1946,37385,2015-09-23,1.0
4312,32866,2015-09-23,1.0
21684,1162,2015-09-23,1.0
2926,80579,2015-09-23,1.0
29491,1162,2015-09-23,1.0
35840,80571,2015-09-23,1.0
391,19436,2015-09-23,1.0
3651,1162,2015-09-23,1.0
12337,80588,2015-09-23,1.0
12337,12178,2015-09-23,1.0
16185,12226,2015-09-23,1.0
61522,2363,2015-09-23,1.0
290,14233,2015-09-23,1.0
39082,14233,2015-09-23,1.0
290,11546,2015-09-23,1.0
11919,76479,2015-09-23,1.0
2622,54780,2015-09-23,1.0
16185,16185,2015-09-23,1.0
10366,80559,2015-09-23,1.0
6101,80582,2015-09-23,1.0
18060,18060,2015-09-23,1.0
26522,421,2015-09-23,1.0
8887,6094,2015-09-23,1.0
13265,76541,2015-09-23,1.0
12166,80559,2015-09-23,1.0
4794,16185,2015-09-23,1.0
80607,7460,2015-09-23,1.0
40120,46298,2015-09-23,1.0
40120,55893,2015-09-23,1.0
2290,12481,2015-09-23,1.0
6262,62780,2015-09-23,1.0
40120,80602,2015-09-23,1.0
1345,14233,2015-09-23,1.0
763,55976,2015-09-23,1.0
3901,318,2015-09-23,1.0
32866,4312,2015-09-23,1.0
11260,43265,2015-09-23,1.0
4423,4423,2015-09-23,1.0
41291,4528,2015-09-23,1.0
8385,80186,2015-09-23,1.0
37212,49673,2015-09-23,1.0
11142,11260,2015-09-23,1.0
3948,80586,2015-09-23,1.0
12178,12178,2015-09-23,1.0
14340,14340,2015-09-23,1.0
76593,80588,2015-09-23,1.0
3651,21684,2015-09-23,1.0
37385,1946,2015-09-23,1.0
80588,80588,2015-09-23,1.0
15629,7410,2015-09-23,1.0
1465,10366,2015-09-23,1.0
1946,1946,2015-09-23,1.0
29491,29491,2015-09-23,1.0
2689,2689,2015-09-23,1.0
2689,14340,2015-09-23,1.0
5101,10365,2015-09-23,1.0
9652,80582,2015-09-23,1.0
75,29491,2015-09-23,1.0
1162,29491,2015-09-23,1.0
9652,39261,2015-09-23,1.0
3106,15570,2015-09-23,1.0
1162,21684,2015-09-23,1.0
62780,62780,2015-09-23,1.0
78434,78434,2015-09-23,1.0
10366,10366,2015-09-23,1.0
11260,11260,2015-09-23,1.0
7410,7410,2015-09-23,1.0
80090,80578,2015-09-23,1.0
4362,58718,2015-09-23,1.0
61522,61522,2015-09-23,1.0
20597,1946,2015-09-23,1.0
290,290,2015-09-23,1.0
18060,12138,2015-09-23,1.0
7762,61911,2015-09-23,1.0
12357,80586,2015-09-23,1.0
6646,318,2015-09-23,1.0
23291,66528,2015-09-23,1.0
12481,76479,2015-09-23,1.0
76479,11919,2015-09-23,1.0
39082,39082,2015-09-23,1.0
2554,41619,2015-09-23,1.0
20597,2893,2015-09-23,1.0
2530,61522,2015-09-23,1.0
9449,80586,2015-09-23,1.0
11926,80586,2015-09-23,1.0
763,7410,2015-09-23,1.0
763,80582,2015-09-23,1.0
586,69037,2015-09-23,1.0
4177,14067,2015-09-23,1.0
763,41619,2015-09-23,1.0
37103,80582,2015-09-23,1.0
13265,74500,2015-09-23,1.0
1162,1162,2015-09-23,1.0
353,353,2015-09-23,1.0
75,1162,2015-09-23,1.0
26935,80582,2015-09-23,1.0
38851,11919,2015-09-23,1.0
32389,8430,2015-09-23,1.0
16183,1441,2015-09-23,1.0
8338,80601,2015-09-23,1.0
55976,55976,2015-09-23,1.0
21051,55976,2015-09-23,1.0
13113,290,2015-09-23,1.0
61536,61536,2015-09-23,1.0
6647,11919,2015-09-23,1.0
121,1703,2015-09-23,1.0
14094,14233,2015-09-23,1.0
80534,80534,2015-09-23,1.0
39717,39717,2015-09-23,1.0
75422,33927,2015-09-23,1.0
39261,39261,2015-09-23,1.0
12705,76479,2015-09-23,1.0
1162,3651,2015-09-23,1.0
1946,76572,2015-09-23,1.0
22606,3948,2015-09-23,1.0
3206,74300,2015-09-23,1.0
58203,58203,2015-09-23,1.0
74300,74300,2015-09-23,1.0
3206,54552,2015-09-23,1.0
69868,80578,2015-09-23,1.0
10366,11260,2015-09-23,1.0
44591,2926,2015-09-23,1.0
4832,54780,2015-09-23,1.0
75977,75977,2015-09-23,1.0
3959,39717,2015-09-23,1.0
11640,2926,2015-09-23,1.0
3005,10909,2015-09-23,1.0
54780,54780,2015-09-23,1.0
26522,80578,2015-09-23,1.0
35593,75977,2015-09-23,1.0
74500,74500,2015-09-23,1.0
11500,45,2015-09-23,1.0
2554,2554,2015-09-23,1.0
15570,8769,2015-09-23,1.0
11919,78434,2015-09-23,1.0
44591,80579,2015-09-23,1.0
13265,62434,2015-09-24,1.0
4069,62434,2015-09-24,1.0
13265,18060,2015-09-24,1.0
8784,8784,2015-09-24,1.0
15782,62434,2015-09-24,1.0
4312,4312,2015-09-24,1.0
11260,11260,2015-09-24,1.0
35520,56920,2015-09-24,1.0
2926,56721,2015-09-24,1.0
5690,11260,2015-09-24,1.0
12395,12395,2015-09-24,1.0
62434,62434,2015-09-24,1.0
3651,2594,2015-09-24,1.0
66,12395,2015-09-24,1.0
7460,41283,2015-09-24,1.0
80607,7460,2015-09-24,1.0
15054,1532,2015-09-24,1.0
1441,1441,2015-09-24,1.0
519,80607,2015-09-24,1.0
16183,1441,2015-09-24,1.0
4177,11260,2015-09-24,1.0
39552,80646,2015-09-24,1.0
25510,25510,2015-09-24,1.0
8769,8382,2015-09-24,1.0
38989,4600,2015-09-24,1.0
21051,12643,2015-09-24,1.0
41801,9672,2015-09-24,1.0
4614,11260,2015-09-24,1.0
4600,4600,2015-09-24,1.0
54780,12643,2015-09-24,1.0
9652,58718,2015-09-24,1.0
1184,80597,2015-09-24,1.0
9025,4312,2015-09-24,1.0
72302,25510,2015-09-24,1.0
72302,11260,2015-09-24,1.0
62367,62367,2015-09-24,1.0
7206,76572,2015-09-24,1.0
80646,80646,2015-09-24,1.0
45057,78525,2015-09-24,1.0
56721,56721,2015-09-24,1.0
801,80601,2015-09-24,1.0
64141,62367,2015-09-24,1.0
2273,76572,2015-09-24,1.0
2233,11142,2015-09-24,1.0
3753,80607,2015-09-24,1.0
75619,75619,2015-09-24,1.0
353,21179,2015-09-24,1.0
300,21369,2015-09-24,1.0
80582,80582,2015-09-24,1.0
22846,39689,2015-09-24,1.0
80637,406,2015-09-24,1.0
2530,406,2015-09-24,1.0
75619,11142,2015-09-24,1.0
80665,11260,2015-09-24,1.0
21369,21369,2015-09-24,1.0
35660,46852,2015-09-24,1.0
6517,6517,2015-09-24,1.0
3651,25510,2015-09-24,1.0
4362,4362,2015-09-24,1.0
56920,56920,2015-09-24,1.0
1946,2000,2015-09-24,1.0
24094,17787,2015-09-24,1.0
1465,27453,2015-09-24,1.0
12337,12337,2015-09-24,1.0
353,5010,2015-09-24,1.0
2502,75619,2015-09-24,1.0
2233,75619,2015-09-24,1.0
80601,80601,2015-09-24,1.0
25510,11260,2015-09-24,1.0
2926,80634,2015-09-24,1.0
36146,1310,2015-09-24,1.0
5239,80646,2015-09-24,1.0
4333,80622,2015-09-24,1.0
6950,18060,2015-09-24,1.0
297,16751,2015-09-24,1.0
454,24611,2015-09-24,1.0
11926,297,2015-09-24,1.0
40297,80607,2015-09-24,1.0
10503,80646,2015-09-24,1.0
41283,41283,2015-09-24,1.0
12178,12337,2015-09-24,1.0
80607,80607,2015-09-24,1.0
353,75619,2015-09-24,1.0
8430,72302,2015-09-24,1.0
23571,6646,2015-09-24,1.0
61911,61911,2015-09-24,1.0
7206,43076,2015-09-24,1.0
9502,48483,2015-09-24,1.0
1946,43076,2015-09-24,1.0
76572,76572,2015-09-24,1.0
12978,1176,2015-09-24,1.0
11919,11919,2015-09-24,1.0
4923,4923,2015-09-24,1.0
17581,6101,2015-09-24,1.0
20781,58718,2015-09-24,1.0
955,19029,2015-09-24,1.0
25028,3106,2015-09-24,1.0
3041,36688,2015-09-24,1.0
3041,54780,2015-09-24,1.0
75,3106,2015-09-24,1.0
4312,23850,2015-09-24,1.0
17581,4312,2015-09-24,1.0
2503,21369,2015-09-24,1.0
18060,18060,2015-09-24,1.0
1946,24611,2015-09-24,1.0
1176,1176,2015-09-24,1.0
51251,75385,2015-09-24,1.0
11546,290,2015-09-24,1.0
26522,421,2015-09-24,1.0
4721,12310,2015-09-24,1.0
13265,80622,2015-09-24,1.0
12138,766,2015-09-24,1.0
6647,11145,2015-09-24,1.0
1946,11145,2015-09-24,1.0
6094,353,2015-09-24,1.0
55976,55976,2015-09-24,1.0
318,12310,2015-09-24,1.0
1946,38989,2015-09-24,1.0
8621,8621,2015-09-24,1.0
21684,21684,2015-09-24,1.0
75,49520,2015-09-24,1.0
38989,38989,2015-09-24,1.0
75,318,2015-09-24,1.0
23141,8385,2015-09-24,1.0
47757,318,2015-09-24,1.0
353,1441,2015-09-24,1.0
3106,43076,2015-09-24,1.0
48839,80602,2015-09-24,1.0
43076,43076,2015-09-24,1.0
1056,1358,2015-09-24,1.0
15629,24611,2015-09-24,1.0
3959,36688,2015-09-24,1.0
41619,41619,2015-09-24,1.0
290,80634,2015-09-24,1.0
41619,55976,2015-09-24,1.0
12674,3106,2015-09-24,1.0
20597,1946,2015-09-24,1.0
353,41626,2015-09-24,1.0
6646,6646,2015-09-24,1.0
1946,1946,2015-09-24,1.0
33039,2893,2015-09-24,1.0
73972,80634,2015-09-24,1.0
4177,72302,2015-09-24,1.0
121,72302,2015-09-24,1.0
20597,2893,2015-09-24,1.0
3206,3206,2015-09-24,1.0
41928,3206,2015-09-24,1.0
54780,54780,2015-09-24,1.0
4177,2362,2015-09-24,1.0
72302,72302,2015-09-24,1.0
3206,8133,2015-09-24,1.0
12643,54780,2015-09-24,1.0
4177,25510,2015-09-24,1.0
15388,41619,2015-09-24,1.0
6094,6094,2015-09-24,1.0
37385,1946,2015-09-24,1.0
15242,15242,2015-09-24,1.0
2926,24611,2015-09-24,1.0
23141,43076,2015-09-24,1.0
20302,20302,2015-09-24,1.0
290,2362,2015-09-24,1.0
6646,318,2015-09-24,1.0
35529,4528,2015-09-24,1.0
38624,38624,2015-09-24,1.0
45057,38624,2015-09-24,1.0
16185,16185,2015-09-24,1.0
353,6094,2015-09-24,1.0
290,290,2015-09-24,1.0
1946,454,2015-09-24,1.0
297,15242,2015-09-24,1.0
11260,72302,2015-09-24,1.0
18526,57631,2015-09-24,1.0
78525,45057,2015-09-24,1.0
16751,80575,2015-09-24,1.0
1441,16183,2015-09-24,1.0
1532,17457,2015-09-24,1.0
3651,1532,2015-09-24,1.0
3901,17457,2015-09-24,1.0
66,80651,2015-09-24,1.0
19368,17457,2015-09-24,1.0
1946,76572,2015-09-24,1.0
3651,17457,2015-09-24,1.0
11142,75619,2015-09-24,1.0
80663,24478,2015-09-24,1.0
3206,41928,2015-09-24,1.0
4362,17457,2015-09-24,1.0
763,17457,2015-09-24,1.0
14450,17457,2015-09-24,1.0
2000,454,2015-09-24,1.0
25510,72302,2015-09-24,1.0
70739,62434,2015-09-24,1.0
8133,78375,2015-09-24,1.0
11025,11025,2015-09-24,1.0
4600,38989,2015-09-24,1.0
11054,36688,2015-09-24,1.0
30684,58718,2015-09-24,1.0
17581,44678,2015-09-24,1.0
12204,2481,2015-09-24,1.0
318,47757,2015-09-24,1.0
318,49520,2015-09-24,1.0
6827,4433,2015-09-24,1.0
11115,76572,2015-09-24,1.0
2362,51164,2015-09-24,1.0
6646,80559,2015-09-24,1.0
75,24611,2015-09-24,1.0
38624,45057,2015-09-24,1.0
7998,31476,2015-09-24,1.0
5498,15242,2015-09-24,1.0
27453,10366,2015-09-24,1.0
290,41626,2015-09-24,1.0
1345,41626,2015-09-24,1.0
11926,15242,2015-09-24,1.0
19276,41626,2015-09-24,1.0
2000,8133,2015-09-25,1.0
23950,3333,2015-09-25,1.0
78525,78525,2015-09-25,1.0
1056,80668,2015-09-25,1.0
14835,14835,2015-09-25,1.0
41928,2290,2015-09-25,1.0
2290,41928,2015-09-25,1.0
59215,59215,2015-09-25,1.0
6818,13972,2015-09-25,1.0
353,14835,2015-09-25,1.0
1149,1149,2015-09-25,1.0
35529,12204,2015-09-25,1.0
21291,80668,2015-09-25,1.0
21051,80664,2015-09-25,1.0
76572,1946,2015-09-25,1.0
3206,41928,2015-09-25,1.0
66623,66623,2015-09-25,1.0
48483,48483,2015-09-25,1.0
353,59215,2015-09-25,1.0
21684,27453,2015-09-25,1.0
41928,41928,2015-09-25,1.0
5018,80646,2015-09-25,1.0
42716,8066,2015-09-25,1.0
39552,1149,2015-09-25,1.0
8133,8133,2015-09-25,1.0
20233,2191,2015-09-25,1.0
80646,80646,2015-09-25,1.0
26522,59248,2015-09-25,1.0
20233,12204,2015-09-25,1.0
6094,6094,2015-09-25,1.0
2290,59248,2015-09-25,1.0
20186,73784,2015-09-25,1.0
11919,1532,2015-09-25,1.0
39654,14835,2015-09-25,1.0
4177,13972,2015-09-25,1.0
4177,4069,2015-09-25,1.0
8133,59215,2015-09-25,1.0
2233,2233,2015-09-25,1.0
16302,2233,2015-09-25,1.0
13113,2233,2015-09-25,1.0
59215,6094,2015-09-25,1.0
2290,2290,2015-09-25,1.0
10503,80646,2015-09-25,1.0
31233,733,2015-09-25,1.0
1946,2000,2015-09-25,1.0
31233,16766,2015-09-25,1.0
11115,76572,2015-09-25,1.0
13972,35353,2015-09-25,1.0
2233,70190,2015-09-25,1.0
4069,62434,2015-09-25,1.0
2191,12204,2015-09-25,1.0
13480,69037,2015-09-25,1.0
8430,80668,2015-09-25,1.0
6094,59215,2015-09-25,1.0
25980,75619,2015-09-25,1.0
80675,38943,2015-09-25,1.0
2362,69037,2015-09-25,1.0
14830,32453,2015-09-25,1.0
8457,18943,2015-09-25,1.0
6646,24965,2015-09-25,1.0
4572,3928,2015-09-25,1.0
3753,15505,2015-09-25,1.0
2384,80668,2015-09-25,1.0
78588,65800,2015-09-25,1.0
8112,71069,2015-09-25,1.0
59248,59248,2015-09-25,1.0
23571,65800,2015-09-25,1.0
22722,46852,2015-09-25,1.0
42676,5199,2015-09-25,1.0
2233,75619,2015-09-25,1.0
11540,78856,2015-09-25,1.0
5740,11877,2015-09-25,1.0
3106,32389,2015-09-25,1.0
2000,2000,2015-09-25,1.0
31446,31446,2015-09-25,1.0
3106,76572,2015-09-25,1.0
41928,3206,2015-09-25,1.0
1847,51780,2015-09-25,1.0
70190,70190,2015-09-25,1.0
80607,80607,2015-09-25,1.0
9502,48483,2015-09-25,1.0
290,80607,2015-09-25,1.0
8430,2384,2015-09-25,1.0
2383,21574,2015-09-25,1.0
2383,3996,2015-09-25,1.0
1946,1946,2015-09-25,1.0
75,1946,2015-09-25,1.0
297,2384,2015-09-25,1.0
12643,12643,2015-09-25,1.0
25510,25510,2015-09-25,1.0
12395,66,2015-09-25,1.0
25510,11260,2015-09-25,1.0
454,56920,2015-09-25,1.0
9449,80586,2015-09-25,1.0
38989,4600,2015-09-25,1.0
4600,4600,2015-09-25,1.0
2362,2362,2015-09-25,1.0
56920,56920,2015-09-25,1.0
4923,7294,2015-09-25,1.0
48826,3621,2015-09-25,1.0
80646,10503,2015-09-25,1.0
2415,23141,2015-09-25,1.0
20302,19725,2015-09-25,1.0
20302,71069,2015-09-25,1.0
13265,80622,2015-09-25,1.0
42278,80695,2015-09-25,1.0
2622,25510,2015-09-25,1.0
56668,1044,2015-09-25,1.0
76593,75831,2015-09-25,1.0
80664,80664,2015-09-25,1.0
80602,80602,2015-09-25,1.0
801,80601,2015-09-25,1.0
4177,15505,2015-09-25,1.0
7932,27398,2015-09-25,1.0
184,61911,2015-09-25,1.0
3333,3333,2015-09-25,1.0
4794,4794,2015-09-25,1.0
80695,80695,2015-09-25,1.0
22722,56668,2015-09-25,1.0
3928,4572,2015-09-25,1.0
11640,78856,2015-09-25,1.0
13265,30827,2015-09-25,1.0
9449,80634,2015-09-25,1.0
290,15505,2015-09-25,1.0
26080,121,2015-09-25,1.0
51251,75385,2015-09-25,1.0
2383,69037,2015-09-25,1.0
10366,80705,2015-09-25,1.0
5101,80705,2015-09-25,1.0
12166,12204,2015-09-25,1.0
54311,22606,2015-09-25,1.0
11640,2362,2015-09-25,1.0
3106,51780,2015-09-25,1.0
4661,4661,2015-09-25,1.0
40923,4661,2015-09-25,1.0
44812,80705,2015-09-25,1.0
6481,11877,2015-09-25,1.0
11115,11145,2015-09-25,1.0
34444,11260,2015-09-25,1.0
18943,8457,2015-09-25,1.0
8457,8457,2015-09-25,1.0
26282,11260,2015-09-25,1.0
2191,2191,2015-09-25,1.0
41291,15505,2015-09-25,1.0
30827,30827,2015-09-25,1.0
4177,27398,2015-09-25,1.0
4177,8457,2015-09-25,1.0
51780,51780,2015-09-25,1.0
6646,51107,2015-09-25,1.0
31476,7998,2015-09-25,1.0
35520,56920,2015-09-25,1.0
40804,65800,2015-09-25,1.0
23141,23141,2015-09-25,1.0
317,65800,2015-09-25,1.0
4069,4069,2015-09-25,1.0
10503,10503,2015-09-25,1.0
3753,80607,2015-09-25,1.0
4312,41916,2015-09-25,1.0
57280,57280,2015-09-25,1.0
75385,75385,2015-09-25,1.0
14094,80646,2015-09-25,1.0
12204,12204,2015-09-25,1.0
2893,2926,2015-09-25,1.0
184,69037,2015-09-25,1.0
62434,15782,2015-09-25,1.0
62434,70739,2015-09-25,1.0
1703,13972,2015-09-25,1.0
5239,10503,2015-09-25,1.0
62434,4069,2015-09-25,1.0
15629,48554,2015-09-26,1.0
29316,6094,2015-09-26,1.0
18739,36688,2015-09-26,1.0
18128,11145,2015-09-26,1.0
6094,34859,2015-09-26,1.0
14915,11145,2015-09-26,1.0
4923,4923,2015-09-26,1.0
5740,80695,2015-09-26,1.0
20233,12204,2015-09-26,1.0
18420,18420,2015-09-26,1.0
12204,12204,2015-09-26,1.0
3206,18420,2015-09-26,1.0
4177,4069,2015-09-26,1.0
2502,80705,2015-09-26,1.0
48554,15629,2015-09-26,1.0
17907,6094,2015-09-26,1.0
18128,18128,2015-09-26,1.0
56328,343,2015-09-26,1.0
5712,35959,2015-09-26,1.0
284,75831,2015-09-26,1.0
7206,14915,2015-09-26,1.0
6040,14835,2015-09-26,1.0
6827,3333,2015-09-26,1.0
69949,80739,2015-09-26,1.0
3503,6094,2015-09-26,1.0
4312,5712,2015-09-26,1.0
11260,80735,2015-09-26,1.0
40739,40739,2015-09-26,1.0
80722,2893,2015-09-26,1.0
11142,76479,2015-09-26,1.0
4312,35959,2015-09-26,1.0
6794,8133,2015-09-26,1.0
20995,1447,2015-09-26,1.0
70355,1358,2015-09-26,1.0
5740,80709,2015-09-26,1.0
43108,80705,2015-09-26,1.0
9317,80705,2015-09-26,1.0
5712,76479,2015-09-26,1.0
80715,6094,2015-09-26,1.0
38624,80705,2015-09-26,1.0
80601,80601,2015-09-26,1.0
16537,16537,2015-09-26,1.0
15780,16537,2015-09-26,1.0
54780,2622,2015-09-26,1.0
19725,19725,2015-09-26,1.0
11919,80710,2015-09-26,1.0
61536,16537,2015-09-26,1.0
51780,51780,2015-09-26,1.0
41928,2290,2015-09-26,1.0
2290,2290,2015-09-26,1.0
11145,11145,2015-09-26,1.0
27398,27398,2015-09-26,1.0
39082,80162,2015-09-26,1.0
22606,22606,2015-09-26,1.0
18943,18943,2015-09-26,1.0
80710,80710,2015-09-26,1.0
6094,6094,2015-09-26,1.0
2926,44547,2015-09-26,1.0
3206,18128,2015-09-26,1.0
2622,2622,2015-09-26,1.0
80668,21291,2015-09-26,1.0
80668,2384,2015-09-26,1.0
80668,8430,2015-09-26,1.0
8041,8041,2015-09-26,1.0
8430,80705,2015-09-26,1.0
40883,8041,2015-09-26,1.0
6094,353,2015-09-26,1.0
66308,44547,2015-09-26,1.0
6085,11145,2015-09-26,1.0
6101,6101,2015-09-26,1.0
3324,18420,2015-09-26,1.0
76593,80738,2015-09-26,1.0
5712,5712,2015-09-26,1.0
806,4149,2015-09-26,1.0
13265,30827,2015-09-26,1.0
14915,14915,2015-09-26,1.0
76479,5712,2015-09-26,1.0
17907,29316,2015-09-26,1.0
7710,39602,2015-09-26,1.0
76479,76479,2015-09-26,1.0
39602,39602,2015-09-26,1.0
7402,15629,2015-09-26,1.0
35959,4312,2015-09-26,1.0
29783,29783,2015-09-26,1.0
30827,30827,2015-09-26,1.0
2926,5712,2015-09-26,1.0
27330,6986,2015-09-26,1.0
12643,54780,2015-09-26,1.0
20787,29316,2015-09-26,1.0
17907,3503,2015-09-26,1.0
1573,80731,2015-09-26,1.0
2926,76479,2015-09-26,1.0
54263,54263,2015-09-26,1.0
6936,80739,2015-09-26,1.0
402,8041,2015-09-26,1.0
21491,21491,2015-09-26,1.0
40297,4463,2015-09-26,1.0
10503,18943,2015-09-26,1.0
80739,80739,2015-09-26,1.0
35959,5712,2015-09-26,1.0
41291,15629,2015-09-26,1.0
37902,37902,2015-09-26,1.0
34341,26798,2015-09-26,1.0
12481,18420,2015-09-26,1.0
14450,37902,2015-09-26,1.0
12138,80710,2015-09-26,1.0
2384,2384,2015-09-26,1.0
4312,2384,2015-09-26,1.0
4177,8041,2015-09-26,1.0
75,74389,2015-09-26,1.0
9317,29316,2015-09-26,1.0
4832,16537,2015-09-26,1.0
8430,38361,2015-09-26,1.0
6794,11145,2015-09-26,1.0
35959,35959,2015-09-26,1.0
54780,54780,2015-09-26,1.0
17581,29783,2015-09-26,1.0
80709,5740,2015-09-26,1.0
12481,29783,2015-09-26,1.0
13265,13265,2015-09-27,1.0
73972,5450,2015-09-27,1.0
2000,8133,2015-09-27,1.0
9025,9025,2015-09-27,1.0
58203,13265,2015-09-27,1.0
4832,35702,2015-09-27,1.0
4832,80774,2015-09-27,1.0
41291,80735,2015-09-27,1.0
35702,35702,2015-09-27,1.0
35702,80774,2015-09-27,1.0
41291,15505,2015-09-27,1.0
2554,12978,2015-09-27,1.0
48839,48839,2015-09-27,1.0
42804,40,2015-09-27,1.0
48839,9025,2015-09-27,1.0
11260,11260,2015-09-27,1.0
41619,2554,2015-09-27,1.0
297,26522,2015-09-27,1.0
6986,79949,2015-09-27,1.0
47958,47958,2015-09-27,1.0
54263,48839,2015-09-27,1.0
6986,6986,2015-09-27,1.0
47958,2954,2015-09-27,1.0
43108,5101,2015-09-27,1.0
297,11260,2015-09-27,1.0
12482,76479,2015-09-27,1.0
4118,80750,2015-09-27,1.0
74623,39380,2015-09-27,1.0
3651,80751,2015-09-27,1.0
8430,4923,2015-09-27,1.0
20302,80764,2015-09-27,1.0
1223,25510,2015-09-27,1.0
12481,80751,2015-09-27,1.0
5740,42804,2015-09-27,1.0
13480,2362,2015-09-27,1.0
27816,79949,2015-09-27,1.0
80767,31084,2015-09-27,1.0
19885,7079,2015-09-27,1.0
13972,1409,2015-09-27,1.0
32178,8133,2015-09-27,1.0
11260,76479,2015-09-27,1.0
9025,80735,2015-09-27,1.0
80774,35702,2015-09-27,1.0
5450,79949,2015-09-27,1.0
2954,47958,2015-09-27,1.0
40739,40739,2015-09-27,1.0
2554,41619,2015-09-27,1.0
2893,2893,2015-09-27,1.0
59248,80578,2015-09-27,1.0
2503,52914,2015-09-27,1.0
4144,63996,2015-09-27,1.0
2554,4832,2015-09-27,1.0
4832,4832,2015-09-27,1.0
70739,5101,2015-09-27,1.0
70739,70739,2015-09-27,1.0
70739,58203,2015-09-27,1.0
4923,4923,2015-09-27,1.0
51164,44651,2015-09-27,1.0
48839,54263,2015-09-27,1.0
4312,12337,2015-09-27,1.0
20302,24078,2015-09-27,1.0
80747,76483,2015-09-27,1.0
14835,14835,2015-09-27,1.0
58203,58203,2015-09-27,1.0
11640,13480,2015-09-27,1.0
76479,5712,2015-09-27,1.0
43108,43108,2015-09-27,1.0
24078,20302,2015-09-27,1.0
10503,18943,2015-09-27,1.0
20302,20302,2015-09-27,1.0
42804,5740,2015-09-27,1.0
18943,18943,2015-09-27,1.0
20302,39153,2015-09-27,1.0
20302,4463,2015-09-27,1.0
11640,2362,2015-09-27,1.0
3684,11260,2015-09-27,1.0
2503,40883,2015-09-27,1.0
8041,8041,2015-09-27,1.0
4177,8041,2015-09-27,1.0
8133,6794,2015-09-27,1.0
1056,4149,2015-09-27,1.0
1441,1441,2015-09-27,1.0
3333,6827,2015-09-27,1.0
25510,54263,2015-09-27,1.0
54263,54263,2015-09-27,1.0
17907,29316,2015-09-27,1.0
18060,43108,2015-09-27,1.0
1181,10366,2015-09-27,1.0
29316,29316,2015-09-27,1.0
80731,80731,2015-09-27,1.0
4149,4149,2015-09-27,1.0
5690,80559,2015-09-27,1.0
2362,2362,2015-09-27,1.0
1345,80731,2015-09-27,1.0
14497,31446,2015-09-27,1.0
76479,11142,2015-09-27,1.0
68448,8133,2015-09-27,1.0
1345,6515,2015-09-27,1.0
26522,43195,2015-09-27,1.0
5712,4312,2015-09-27,1.0
2926,5712,2015-09-27,1.0
26522,42804,2015-09-27,1.0
4463,4463,2015-09-27,1.0
19276,1345,2015-09-27,1.0
48839,11260,2015-09-27,1.0
8133,8133,2015-09-27,1.0
11054,8133,2015-09-27,1.0
35370,8133,2015-09-27,1.0
5740,80750,2015-09-27,1.0
5740,5740,2015-09-27,1.0
59248,59248,2015-09-27,1.0
63996,4144,2015-09-27,1.0
80578,59248,2015-09-27,1.0
80735,11260,2015-09-27,1.0
61911,61911,2015-09-27,1.0
76479,76479,2015-09-27,1.0
5810,8133,2015-09-27,1.0
1291,75338,2015-09-28,1.0
9449,1149,2015-09-28,1.0
19276,15743,2015-09-28,1.0
40297,76284,2015-09-28,1.0
34538,34538,2015-09-28,1.0
11640,11540,2015-09-28,1.0
78856,11540,2015-09-28,1.0
5101,34538,2015-09-28,1.0
2926,75260,2015-09-28,1.0
46536,10847,2015-09-28,1.0
39552,39552,2015-09-28,1.0
37103,37103,2015-09-28,1.0
62434,70739,2015-09-28,1.0
39552,28104,2015-09-28,1.0
6059,6059,2015-09-28,1.0
51223,51223,2015-09-28,1.0
290,73798,2015-09-28,1.0
43108,75260,2015-09-28,1.0
23951,806,2015-09-28,1.0
12178,12178,2015-09-28,1.0
37129,1946,2015-09-28,1.0
75890,69681,2015-09-28,1.0
16510,39552,2015-09-28,1.0
1409,70461,2015-09-28,1.0
39552,3324,2015-09-28,1.0
75338,75338,2015-09-28,1.0
8430,4923,2015-09-28,1.0
26522,26522,2015-09-28,1.0
4923,4923,2015-09-28,1.0
70739,58203,2015-09-28,1.0
12978,12978,2015-09-28,1.0
38867,22479,2015-09-28,1.0
79949,79949,2015-09-28,1.0
66623,44981,2015-09-28,1.0
68448,68448,2015-09-28,1.0
8133,68448,2015-09-28,1.0
318,51223,2015-09-28,1.0
806,80306,2015-09-28,1.0
79949,5450,2015-09-28,1.0
79949,27816,2015-09-28,1.0
8385,8385,2015-09-28,1.0
80735,9025,2015-09-28,1.0
69681,69681,2015-09-28,1.0
80306,80306,2015-09-28,1.0
4144,80794,2015-09-28,1.0
11054,69681,2015-09-28,1.0
80735,11260,2015-09-28,1.0
1345,1345,2015-09-28,1.0
21369,73798,2015-09-28,1.0
58203,58203,2015-09-28,1.0
35529,51223,2015-09-28,1.0
80597,80597,2015-09-28,1.0
9025,9025,2015-09-28,1.0
11640,68742,2015-09-28,1.0
80790,80790,2015-09-28,1.0
45005,3621,2015-09-28,1.0
7302,39552,2015-09-28,1.0
47958,47958,2015-09-28,1.0
14830,39552,2015-09-28,1.0
12178,3992,2015-09-28,1.0
13113,68742,2015-09-28,1.0
1946,7392,2015-09-28,1.0
23141,8385,2015-09-28,1.0
2926,80306,2015-09-28,1.0
44981,44981,2015-09-28,1.0
2554,12978,2015-09-28,1.0
2689,68448,2015-09-28,1.0
13265,75343,2015-09-28,1.0
35840,38889,2015-09-28,1.0
35840,35840,2015-09-28,1.0
20302,18420,2015-09-28,1.0
26901,13653,2015-09-28,1.0
35702,4832,2015-09-28,1.0
1898,36563,2015-09-28,1.0
36146,41970,2015-09-28,1.0
41970,41970,2015-09-28,1.0
2926,41970,2015-09-28,1.0
71040,41970,2015-09-28,1.0
36688,18739,2015-09-28,1.0
76284,76284,2015-09-28,1.0
10941,70593,2015-09-28,1.0
20787,41970,2015-09-28,1.0
454,41970,2015-09-28,1.0
8430,36563,2015-09-28,1.0
22131,41970,2015-09-28,1.0
4572,65800,2015-09-28,1.0
38889,35840,2015-09-28,1.0
75422,33927,2015-09-28,1.0
80710,80710,2015-09-28,1.0
360,437,2015-09-28,1.0
13265,76284,2015-09-28,1.0
1465,1441,2015-09-28,1.0
36688,36688,2015-09-28,1.0
3959,36688,2015-09-28,1.0
11919,76102,2015-09-28,1.0
13653,13653,2015-09-28,1.0
41291,6269,2015-09-28,1.0
80571,35840,2015-09-28,1.0
75260,75260,2015-09-28,1.0
8430,2954,2015-09-28,1.0
8430,6269,2015-09-28,1.0
35702,80774,2015-09-28,1.0
62810,6269,2015-09-28,1.0
14915,14915,2015-09-28,1.0
8751,62780,2015-09-28,1.0
806,80791,2015-09-28,1.0
353,36688,2015-09-28,1.0
13265,58203,2015-09-28,1.0
75343,75343,2015-09-28,1.0
6243,6506,2015-09-28,1.0
11142,35840,2015-09-28,1.0
11540,11540,2015-09-28,1.0
1946,1946,2015-09-28,1.0
2954,2954,2015-09-28,1.0
11142,2954,2015-09-28,1.0
76593,80790,2015-09-28,1.0
38889,38889,2015-09-28,1.0
10847,10847,2015-09-28,1.0
14094,69681,2015-09-28,1.0
80808,2014,2015-09-28,1.0
2622,57276,2015-09-28,1.0
2926,16325,2015-09-28,1.0
2284,73798,2015-09-28,1.0
21574,78,2015-09-28,1.0
2954,11142,2015-09-28,1.0
39552,290,2015-09-28,1.0
4572,1409,2015-09-28,1.0
73972,70461,2015-09-28,1.0
290,70461,2015-09-28,1.0
75260,18420,2015-09-28,1.0
19276,70461,2015-09-28,1.0
8938,75549,2015-09-28,1.0
1898,290,2015-09-28,1.0
3324,39552,2015-09-28,1.0
28104,39552,2015-09-28,1.0
2554,4832,2015-09-28,1.0
4118,80750,2015-09-28,1.0
806,69681,2015-09-28,1.0
40297,75343,2015-09-28,1.0
13265,65800,2015-09-28,1.0
1946,37129,2015-09-28,1.0
353,65800,2015-09-28,1.0
8133,8133,2015-09-29,1.0
8430,6269,2015-09-29,1.0
6085,30186,2015-09-29,1.0
6085,8133,2015-09-29,1.0
8133,30186,2015-09-29,1.0
2689,2689,2015-09-29,1.0
7206,30186,2015-09-29,1.0
46536,10847,2015-09-29,1.0
20597,2689,2015-09-29,1.0
80578,59248,2015-09-29,1.0
21574,21574,2015-09-29,1.0
2554,848,2015-09-29,1.0
353,353,2015-09-29,1.0
41619,848,2015-09-29,1.0
26901,13653,2015-09-29,1.0
21339,238,2015-09-29,1.0
12978,68448,2015-09-29,1.0
1465,41970,2015-09-29,1.0
8430,80819,2015-09-29,1.0
250,73972,2015-09-29,1.0
14450,80819,2015-09-29,1.0
15629,36563,2015-09-29,1.0
5100,450,2015-09-29,1.0
6269,6269,2015-09-29,1.0
353,80787,2015-09-29,1.0
11145,2689,2015-09-29,1.0
290,36563,2015-09-29,1.0
3206,1441,2015-09-29,1.0
41103,76167,2015-09-29,1.0
33927,75422,2015-09-29,1.0
1291,75338,2015-09-29,1.0
75338,75338,2015-09-29,1.0
40,297,2015-09-29,1.0
3041,75338,2015-09-29,1.0
2926,41970,2015-09-29,1.0
12178,3992,2015-09-29,1.0
35840,35840,2015-09-29,1.0
12178,2954,2015-09-29,1.0
4639,70593,2015-09-29,1.0
12178,78,2015-09-29,1.0
44833,2874,2015-09-29,1.0
290,36688,2015-09-29,1.0
21369,2273,2015-09-29,1.0
3859,30186,2015-09-29,1.0
2233,6269,2015-09-29,1.0
19885,6094,2015-09-29,1.0
1441,3206,2015-09-29,1.0
33039,30186,2015-09-29,1.0
30186,30186,2015-09-29,1.0
2689,30186,2015-09-29,1.0
80790,80790,2015-09-29,1.0
12178,1358,2015-09-29,1.0
17907,28104,2015-09-29,1.0
5712,6094,2015-09-29,1.0
11260,5712,2015-09-29,1.0
1898,36563,2015-09-29,1.0
80819,80819,2015-09-29,1.0
20597,8133,2015-09-29,1.0
40297,26608,2015-09-29,1.0
9072,5712,2015-09-29,1.0
27013,67083,2015-09-29,1.0
9417,350,2015-09-29,1.0
9417,657,2015-09-29,1.0
9417,2264,2015-09-29,1.0
12898,26608,2015-09-29,1.0
41187,4572,2015-09-29,1.0
39261,54263,2015-09-29,1.0
38698,1463,2015-09-29,1.0
35482,5712,2015-09-29,1.0
2926,2273,2015-09-29,1.0
6506,6506,2015-09-29,1.0
35840,38889,2015-09-29,1.0
2926,1593,2015-09-29,1.0
80425,80425,2015-09-29,1.0
38889,38889,2015-09-29,1.0
26080,2273,2015-09-29,1.0
26080,26080,2015-09-29,1.0
2273,2273,2015-09-29,1.0
80858,5712,2015-09-29,1.0
2641,2641,2015-09-29,1.0
4661,78532,2015-09-29,1.0
76593,2641,2015-09-29,1.0
11054,13625,2015-09-29,1.0
6101,41123,2015-09-29,1.0
36688,36688,2015-09-29,1.0
6066,67083,2015-09-29,1.0
290,24965,2015-09-29,1.0
75,2273,2015-09-29,1.0
75,26080,2015-09-29,1.0
360,73372,2015-09-29,1.0
51164,51164,2015-09-29,1.0
45005,3621,2015-09-29,1.0
9449,1149,2015-09-29,1.0
35529,51223,2015-09-29,1.0
80661,80661,2015-09-29,1.0
66,80661,2015-09-29,1.0
3621,3621,2015-09-29,1.0
290,73972,2015-09-29,1.0
6094,38624,2015-09-29,1.0
29697,80425,2015-09-29,1.0
26608,26608,2015-09-29,1.0
2503,2503,2015-09-29,1.0
57276,57276,2015-09-29,1.0
11640,2503,2015-09-29,1.0
32389,1358,2015-09-29,1.0
41970,41970,2015-09-29,1.0
40297,80794,2015-09-29,1.0
80842,4312,2015-09-29,1.0
450,450,2015-09-29,1.0
41291,2874,2015-09-29,1.0
11640,24965,2015-09-29,1.0
41291,2273,2015-09-29,1.0
12166,24965,2015-09-29,1.0
50614,50614,2015-09-29,1.0
13119,51164,2015-09-29,1.0
66623,50614,2015-09-29,1.0
24965,24965,2015-09-29,1.0
73972,73972,2015-09-29,1.0
26522,74453,2015-09-29,1.0
613,50614,2015-09-29,1.0
6451,50614,2015-09-29,1.0
5712,5712,2015-09-29,1.0
22131,26080,2015-09-29,1.0
20597,20597,2015-09-29,1.0
2284,5712,2015-09-29,1.0
76479,76479,2015-09-29,1.0
11142,76479,2015-09-29,1.0
41291,11926,2015-09-29,1.0
4262,26080,2015-09-29,1.0
62810,5712,2015-09-29,1.0
18420,18420,2015-09-29,1.0
4312,80425,2015-09-29,1.0
18420,75422,2015-09-29,1.0
1898,5712,2015-09-29,1.0
41291,41291,2015-09-29,1.0
11640,41291,2015-09-29,1.0
955,5712,2015-09-29,1.0
11640,26080,2015-09-29,1.0
41291,26080,2015-09-29,1.0
34538,34538,2015-09-29,1.0
11260,11926,2015-09-29,1.0
3324,3324,2015-09-29,1.0
78849,5712,2015-09-29,1.0
6094,5712,2015-09-29,1.0
25510,5712,2015-09-29,1.0
40297,5712,2015-09-29,1.0
11025,5712,2015-09-29,1.0
2273,26080,2015-09-29,1.0
79998,12640,2015-09-29,1.0
8133,20597,2015-09-29,1.0
54263,39261,2015-09-29,1.0
11926,5712,2015-09-29,1.0
29557,26608,2015-09-29,1.0
21369,24965,2015-09-29,1.0
1463,38698,2015-09-29,1.0
20302,58125,2015-09-29,1.0
20302,41626,2015-09-29,1.0
41291,5712,2015-09-29,1.0
26608,50614,2015-09-29,1.0
2503,24965,2015-09-29,1.0
4312,80842,2015-09-29,1.0
353,16702,2015-09-29,1.0
38624,6094,2015-09-29,1.0
848,41619,2015-09-29,1.0
450,76167,2015-09-29,1.0
2689,20597,2015-09-29,1.0
75422,18420,2015-09-29,1.0
41291,65,2015-09-29,1.0
11260,13904,2015-09-29,1.0
75422,21339,2015-09-29,1.0
450,10503,2015-09-30,1.0
3206,51685,2015-09-30,1.0
76479,76479,2015-09-30,1.0
43324,43324,2015-09-30,1.0
806,76479,2015-09-30,1.0
11211,43324,2015-09-30,1.0
28104,51685,2015-09-30,1.0
41139,73648,2015-09-30,1.0
11919,11540,2015-09-30,1.0
9072,51685,2015-09-30,1.0
806,11540,2015-09-30,1.0
62780,8751,2015-09-30,1.0
11540,11540,2015-09-30,1.0
11919,76479,2015-09-30,1.0
41619,41619,2015-09-30,1.0
12156,2641,2015-09-30,1.0
21339,75422,2015-09-30,1.0
29697,69932,2015-09-30,1.0
1847,11540,2015-09-30,1.0
41291,2641,2015-09-30,1.0
3891,2653,2015-09-30,1.0
51179,10503,2015-09-30,1.0
18756,20586,2015-09-30,1.0
51164,50409,2015-09-30,1.0
2926,2273,2015-09-30,1.0
17907,51685,2015-09-30,1.0
30186,2273,2015-09-30,1.0
3324,3324,2015-09-30,1.0
11540,11142,2015-09-30,1.0
2653,2653,2015-09-30,1.0
23572,5712,2015-09-30,1.0
806,51685,2015-09-30,1.0
806,80871,2015-09-30,1.0
2641,2641,2015-09-30,1.0
21574,21574,2015-09-30,1.0
11142,11142,2015-09-30,1.0
11054,69932,2015-09-30,1.0
12166,24965,2015-09-30,1.0
12178,21574,2015-09-30,1.0
21051,39153,2015-09-30,1.0
2362,13480,2015-09-30,1.0
1593,5712,2015-09-30,1.0
66,42804,2015-09-30,1.0
23291,21929,2015-09-30,1.0
36721,37850,2015-09-30,1.0
41291,5712,2015-09-30,1.0
290,41291,2015-09-30,1.0
20597,30186,2015-09-30,1.0
76479,1532,2015-09-30,1.0
61630,5712,2015-09-30,1.0
80774,57544,2015-09-30,1.0
6794,30186,2015-09-30,1.0
80885,69932,2015-09-30,1.0
20302,20343,2015-09-30,1.0
75338,1587,2015-09-30,1.0
13625,1532,2015-09-30,1.0
70809,1358,2015-09-30,1.0
50145,30186,2015-09-30,1.0
43108,21574,2015-09-30,1.0
1441,4312,2015-09-30,1.0
7460,28143,2015-09-30,1.0
22131,36688,2015-09-30,1.0
15934,35261,2015-09-30,1.0
17581,4312,2015-09-30,1.0
3206,1532,2015-09-30,1.0
2807,1532,2015-09-30,1.0
1061,69932,2015-09-30,1.0
12178,6005,2015-09-30,1.0
10503,5712,2015-09-30,1.0
41593,5712,2015-09-30,1.0
80791,80791,2015-09-30,1.0
35840,38889,2015-09-30,1.0
2554,41619,2015-09-30,1.0
2273,2273,2015-09-30,1.0
11919,13625,2015-09-30,1.0
41291,2051,2015-09-30,1.0
38889,38889,2015-09-30,1.0
17581,80859,2015-09-30,1.0
2273,30186,2015-09-30,1.0
2653,61522,2015-09-30,1.0
11142,11540,2015-09-30,1.0
2273,5712,2015-09-30,1.0
29316,5712,2015-09-30,1.0
80871,15915,2015-09-30,1.0
3891,788,2015-09-30,1.0
75470,5712,2015-09-30,1.0
76792,39153,2015-09-30,1.0
62709,1492,2015-09-30,1.0
40297,66528,2015-09-30,1.0
1532,76479,2015-09-30,1.0
21051,80774,2015-09-30,1.0
4312,80774,2015-09-30,1.0
33854,66,2015-09-30,1.0
22606,42804,2015-09-30,1.0
57544,80774,2015-09-30,1.0
66528,66528,2015-09-30,1.0
4177,4692,2015-09-30,1.0
2926,26295,2015-09-30,1.0
7206,30186,2015-09-30,1.0
43108,20830,2015-09-30,1.0
80559,80559,2015-09-30,1.0
22606,66,2015-09-30,1.0
57544,57544,2015-09-30,1.0
801,69977,2015-09-30,1.0
62434,70739,2015-09-30,1.0
69977,69977,2015-09-30,1.0
1703,40297,2015-09-30,1.0
39153,76792,2015-09-30,1.0
73372,73372,2015-09-30,1.0
1703,57544,2015-09-30,1.0
60659,76744,2015-09-30,1.0
9305,9305,2015-09-30,1.0
57398,69977,2015-09-30,1.0
2926,20830,2015-09-30,1.0
43108,43108,2015-09-30,1.0
2622,36688,2015-09-30,1.0
31327,3891,2015-09-30,1.0
78,78,2015-09-30,1.0
34859,5442,2015-09-30,1.0
3206,3206,2015-09-30,1.0
14915,11115,2015-09-30,1.0
26522,75536,2015-09-30,1.0
11100,11100,2015-09-30,1.0
35482,9401,2015-09-30,1.0
26522,13625,2015-09-30,1.0
5101,5101,2015-09-30,1.0
80691,1172,2015-09-30,1.0
2481,43108,2015-09-30,1.0
51685,51685,2015-09-30,1.0
39552,3324,2015-09-30,1.0
13265,5101,2015-09-30,1.0
80665,2807,2015-09-30,1.0
13113,43108,2015-09-30,1.0
4312,1441,2015-09-30,1.0
30186,20597,2015-09-30,1.0
30186,6794,2015-09-30,1.0
20764,11100,2015-09-30,1.0
13059,2000,2015-09-30,1.0
13265,28143,2015-09-30,1.0
8751,8751,2015-09-30,1.0
1266,57751,2015-09-30,1.0
4177,30186,2015-09-30,1.0
80741,7460,2015-09-30,1.0
41123,41123,2015-09-30,1.0
58001,25510,2015-09-30,1.0
5279,23291,2015-09-30,1.0
4832,4832,2015-09-30,1.0
41291,41291,2015-09-30,1.0
5279,6094,2015-09-30,1.0
41291,78849,2015-09-30,1.0
3272,80874,2015-09-30,1.0
26522,23291,2015-09-30,1.0
26608,26608,2015-09-30,1.0
41291,75470,2015-09-30,1.0
21929,23291,2015-09-30,1.0
13480,13480,2015-09-30,1.0
28104,31117,2015-09-30,1.0
26522,41593,2015-09-30,1.0
2290,73648,2015-09-30,1.0
1593,41593,2015-09-30,1.0
1056,80874,2015-09-30,1.0
35702,4832,2015-09-30,1.0
3684,11100,2015-09-30,1.0
3684,51685,2015-09-30,1.0
23291,23291,2015-09-30,1.0
23291,69977,2015-09-30,1.0
11919,21929,2015-09-30,1.0
12481,80874,2015-09-30,1.0
11919,15242,2015-09-30,1.0
70739,70739,2015-09-30,1.0
3753,5101,2015-09-30,1.0
70739,5101,2015-09-30,1.0
70739,21929,2015-09-30,1.0
1465,31849,2015-09-30,1.0
4177,76479,2015-09-30,1.0
1056,1532,2015-09-30,1.0
75536,75536,2015-09-30,1.0
4572,4572,2015-09-30,1.0
76479,41291,2015-09-30,1.0
15242,15242,2015-09-30,1.0
12898,80871,2015-09-30,1.0
80874,80874,2015-09-30,1.0
1593,75470,2015-09-30,1.0
41291,290,2015-09-30,1.0
6085,30186,2015-09-30,1.0
38624,48554,2015-10-01,1.0
11142,36212,2015-10-01,1.0
9072,36212,2015-10-01,1.0
3897,16739,2015-10-01,1.0
20302,70921,2015-10-01,1.0
61536,8628,2015-10-01,1.0
68708,16183,2015-10-01,1.0
45932,1532,2015-10-01,1.0
13650,5712,2015-10-01,1.0
40297,39713,2015-10-01,1.0
61536,61536,2015-10-01,1.0
56094,1532,2015-10-01,1.0
31327,3891,2015-10-01,1.0
16739,76665,2015-10-01,1.0
26522,1532,2015-10-01,1.0
2273,13491,2015-10-01,1.0
23572,5712,2015-10-01,1.0
763,36688,2015-10-01,1.0
18060,70060,2015-10-01,1.0
3948,80894,2015-10-01,1.0
11260,76665,2015-10-01,1.0
17988,5101,2015-10-01,1.0
9658,35261,2015-10-01,1.0
75338,75338,2015-10-01,1.0
80661,80661,2015-10-01,1.0
19885,8628,2015-10-01,1.0
391,15197,2015-10-01,1.0
46852,46852,2015-10-01,1.0
39331,1532,2015-10-01,1.0
2926,8628,2015-10-01,1.0
52805,52805,2015-10-01,1.0
2954,238,2015-10-01,1.0
13265,52805,2015-10-01,1.0
39630,61630,2015-10-01,1.0
39153,39153,2015-10-01,1.0
42440,42440,2015-10-01,1.0
71040,69931,2015-10-01,1.0
39713,39713,2015-10-01,1.0
39713,40297,2015-10-01,1.0
9072,11142,2015-10-01,1.0
13530,30186,2015-10-01,1.0
20302,80741,2015-10-01,1.0
2554,27066,2015-10-01,1.0
80744,54780,2015-10-01,1.0
80886,80886,2015-10-01,1.0
13113,290,2015-10-01,1.0
70808,24078,2015-10-01,1.0
13650,64615,2015-10-01,1.0
9317,43108,2015-10-01,1.0
15782,3333,2015-10-01,1.0
70808,48745,2015-10-01,1.0
74073,36212,2015-10-01,1.0
66,39713,2015-10-01,1.0
61536,34686,2015-10-01,1.0
61536,16183,2015-10-01,1.0
75826,33804,2015-10-01,1.0
61630,61630,2015-10-01,1.0
46852,22722,2015-10-01,1.0
39552,51164,2015-10-01,1.0
80912,80912,2015-10-01,1.0
3106,51685,2015-10-01,1.0
51685,51685,2015-10-01,1.0
4721,80741,2015-10-01,1.0
11142,52805,2015-10-01,1.0
13650,25510,2015-10-01,1.0
8430,80912,2015-10-01,1.0
34686,34686,2015-10-01,1.0
80741,80741,2015-10-01,1.0
3206,8628,2015-10-01,1.0
4832,13650,2015-10-01,1.0
43108,9317,2015-10-01,1.0
48839,27066,2015-10-01,1.0
11546,290,2015-10-01,1.0
29697,13650,2015-10-01,1.0
7666,5101,2015-10-01,1.0
30186,13530,2015-10-01,1.0
40835,27816,2015-10-01,1.0
297,8628,2015-10-01,1.0
75338,1234,2015-10-01,1.0
2530,8628,2015-10-01,1.0
27816,27816,2015-10-01,1.0
2641,2641,2015-10-01,1.0
2106,51164,2015-10-01,1.0
51164,51164,2015-10-01,1.0
76479,76479,2015-10-01,1.0
2290,36212,2015-10-01,1.0
1345,10443,2015-10-01,1.0
80622,80622,2015-10-01,1.0
22131,34686,2015-10-01,1.0
2926,2926,2015-10-01,1.0
13265,80622,2015-10-01,1.0
1532,1532,2015-10-01,1.0
13215,39713,2015-10-01,1.0
24221,15197,2015-10-01,1.0
1946,18128,2015-10-01,1.0
1946,6794,2015-10-01,1.0
69747,69747,2015-10-01,1.0
20597,20597,2015-10-01,1.0
1441,1441,2015-10-01,1.0
15242,15242,2015-10-01,1.0
18128,18128,2015-10-01,1.0
15629,15242,2015-10-01,1.0
9025,62086,2015-10-01,1.0
57583,6794,2015-10-01,1.0
2689,30186,2015-10-01,1.0
6094,2363,2015-10-01,1.0
39764,16979,2015-10-01,1.0
391,290,2015-10-01,1.0
7206,18128,2015-10-01,1.0
13113,36688,2015-10-01,1.0
2481,11142,2015-10-01,1.0
69681,806,2015-10-01,1.0
50754,69747,2015-10-01,1.0
6094,1532,2015-10-01,1.0
80571,35840,2015-10-01,1.0
6101,41123,2015-10-01,1.0
778,22131,2015-10-01,1.0
1,1,2015-10-01,1.0
2954,11540,2015-10-01,1.0
1291,75338,2015-10-01,1.0
1532,13625,2015-10-01,1.0
80794,80794,2015-10-01,1.0
8938,65756,2015-10-01,1.0
65756,65756,2015-10-01,1.0
1,80661,2015-10-01,1.0
3891,3891,2015-10-01,1.0
440,1492,2015-10-01,1.0
5690,80559,2015-10-01,1.0
21090,70060,2015-10-01,1.0
2481,43108,2015-10-01,1.0
70060,70060,2015-10-01,1.0
1946,1532,2015-10-01,1.0
4312,1441,2015-10-01,1.0
3684,1358,2015-10-01,1.0
70739,21929,2015-10-01,1.0
70019,2874,2015-10-01,1.0
76479,16739,2015-10-01,1.0
76284,76284,2015-10-01,1.0
57583,30186,2015-10-01,1.0
3272,60596,2015-10-01,1.0
4177,39713,2015-10-01,1.0
9652,45932,2015-10-01,1.0
2653,74500,2015-10-01,1.0
23291,21929,2015-10-01,1.0
13119,80916,2015-10-01,1.0
1459,76479,2015-10-01,1.0
66528,66528,2015-10-01,1.0
5101,17988,2015-10-01,1.0
80916,80916,2015-10-01,1.0
41123,41123,2015-10-01,1.0
22989,8628,2015-10-01,1.0
2234,15197,2015-10-01,1.0
13265,8628,2015-10-01,1.0
45932,45932,2015-10-01,1.0
15197,15197,2015-10-01,1.0
40297,74500,2015-10-01,1.0
27249,27249,2015-10-01,1.0
76479,26522,2015-10-01,1.0
2926,76479,2015-10-01,1.0
11100,2641,2015-10-01,1.0
2689,8133,2015-10-01,1.0
69977,69977,2015-10-01,1.0
3206,3206,2015-10-01,1.0
11100,11142,2015-10-01,1.0
5712,5712,2015-10-01,1.0
12178,78,2015-10-01,1.0
2893,1532,2015-10-01,1.0
5712,11025,2015-10-01,1.0
26522,26522,2015-10-01,1.0
391,74500,2015-10-01,1.0
74500,74500,2015-10-01,1.0
75682,5627,2015-10-01,1.0
8799,16739,2015-10-01,1.0
43108,43108,2015-10-01,1.0
75682,22010,2015-10-01,1.0
35482,10503,2015-10-01,1.0
5279,39713,2015-10-01,1.0
40883,40883,2015-10-02,1.0
3333,15782,2015-10-02,1.0
43423,15197,2015-10-02,1.0
3041,2622,2015-10-02,1.0
806,2926,2015-10-02,1.0
40804,80916,2015-10-02,1.0
16739,16739,2015-10-02,1.0
36302,40883,2015-10-02,1.0
62562,76479,2015-10-02,1.0
17907,3503,2015-10-02,1.0
402,78,2015-10-02,1.0
290,40883,2015-10-02,1.0
76479,76479,2015-10-02,1.0
14450,78228,2015-10-02,1.0
41291,450,2015-10-02,1.0
75422,80970,2015-10-02,1.0
3041,61536,2015-10-02,1.0
763,2554,2015-10-02,1.0
4177,5712,2015-10-02,1.0
2284,10503,2015-10-02,1.0
46298,46298,2015-10-02,1.0
6794,37247,2015-10-02,1.0
8799,11142,2015-10-02,1.0
827,45932,2015-10-02,1.0
2106,51164,2015-10-02,1.0
40297,40297,2015-10-02,1.0
8799,5585,2015-10-02,1.0
73622,40297,2015-10-02,1.0
37247,37247,2015-10-02,1.0
2233,8628,2015-10-02,1.0
70808,10031,2015-10-02,1.0
12547,2273,2015-10-02,1.0
1492,2233,2015-10-02,1.0
80963,6531,2015-10-02,1.0
10847,10847,2015-10-02,1.0
36146,40883,2015-10-02,1.0
2653,3891,2015-10-02,1.0
6671,6671,2015-10-02,1.0
71040,69931,2015-10-02,1.0
763,27066,2015-10-02,1.0
80104,2095,2015-10-02,1.0
32185,80965,2015-10-02,1.0
80744,55865,2015-10-02,1.0
43108,80972,2015-10-02,1.0
1384,5712,2015-10-02,1.0
8133,8133,2015-10-02,1.0
5712,80874,2015-10-02,1.0
15242,15242,2015-10-02,1.0
11142,3684,2015-10-02,1.0
78,78,2015-10-02,1.0
1532,1532,2015-10-02,1.0
25256,5712,2015-10-02,1.0
290,18048,2015-10-02,1.0
360,2362,2015-10-02,1.0
40297,70211,2015-10-02,1.0
290,2362,2015-10-02,1.0
4177,12166,2015-10-02,1.0
4177,27816,2015-10-02,1.0
2273,2273,2015-10-02,1.0
8887,43445,2015-10-02,1.0
41291,25510,2015-10-02,1.0
36150,5309,2015-10-02,1.0
2233,2233,2015-10-02,1.0
80965,80965,2015-10-02,1.0
2362,12166,2015-10-02,1.0
30889,6671,2015-10-02,1.0
8887,80965,2015-10-02,1.0
2273,35529,2015-10-02,1.0
11142,6671,2015-10-02,1.0
48303,3948,2015-10-02,1.0
50901,80970,2015-10-02,1.0
3948,80970,2015-10-02,1.0
78228,78228,2015-10-02,1.0
3891,4767,2015-10-02,1.0
360,2273,2015-10-02,1.0
290,80972,2015-10-02,1.0
1441,20787,2015-10-02,1.0
20302,80965,2015-10-02,1.0
763,78228,2015-10-02,1.0
57278,57278,2015-10-02,1.0
25028,5712,2015-10-02,1.0
613,80965,2015-10-02,1.0
12166,27816,2015-10-02,1.0
391,12166,2015-10-02,1.0
2530,11142,2015-10-02,1.0
45932,45932,2015-10-02,1.0
25510,25510,2015-10-02,1.0
70211,70211,2015-10-02,1.0
9449,70211,2015-10-02,1.0
35529,35529,2015-10-02,1.0
18739,18739,2015-10-02,1.0
13972,80928,2015-10-02,1.0
80928,80928,2015-10-02,1.0
48839,80970,2015-10-02,1.0
51164,51164,2015-10-02,1.0
3891,3891,2015-10-02,1.0
6269,57278,2015-10-02,1.0
23291,63877,2015-10-02,1.0
14094,57278,2015-10-02,1.0
14094,78228,2015-10-02,1.0
18048,18048,2015-10-02,1.0
50614,50614,2015-10-02,1.0
3948,48303,2015-10-02,1.0
35529,2273,2015-10-02,1.0
31327,31327,2015-10-02,1.0
5690,290,2015-10-02,1.0
41928,3206,2015-10-02,1.0
80090,15242,2015-10-02,1.0
73967,2874,2015-10-02,1.0
2622,2622,2015-10-02,1.0
18060,80874,2015-10-02,1.0
15551,40883,2015-10-02,1.0
80943,1358,2015-10-02,1.0
2926,1358,2015-10-02,1.0
1266,80931,2015-10-02,1.0
50818,2554,2015-10-02,1.0
21929,21929,2015-10-02,1.0
2284,5712,2015-10-02,1.0
52805,52805,2015-10-02,1.0
36212,9072,2015-10-02,1.0
2926,2926,2015-10-02,1.0
38912,1,2015-10-02,1.0
2926,40883,2015-10-02,1.0
3891,31327,2015-10-02,1.0
69931,69931,2015-10-02,1.0
41291,8628,2015-10-02,1.0
10696,5712,2015-10-02,1.0
16739,3897,2015-10-02,1.0
76479,16739,2015-10-02,1.0
3106,51685,2015-10-02,1.0
70060,18698,2015-10-02,1.0
18739,80874,2015-10-02,1.0
297,8628,2015-10-02,1.0
2530,39120,2015-10-02,1.0
5712,18698,2015-10-02,1.0
18048,55865,2015-10-02,1.0
3948,55865,2015-10-02,1.0
20787,1441,2015-10-02,1.0
38624,80710,2015-10-02,1.0
5712,5712,2015-10-02,1.0
75735,34538,2015-10-02,1.0
40297,73622,2015-10-02,1.0
27816,2362,2015-10-02,1.0
66528,66528,2015-10-02,1.0
43108,53065,2015-10-02,1.0
4767,3891,2015-10-02,1.0
40432,5712,2015-10-02,1.0
70808,41686,2015-10-02,1.0
11260,43108,2015-10-02,1.0
6066,8628,2015-10-02,1.0
12166,2362,2015-10-02,1.0
10696,21929,2015-10-02,1.0
3206,41928,2015-10-02,1.0
8133,6671,2015-10-02,1.0
4231,21929,2015-10-02,1.0
2467,350,2015-10-02,1.0
11926,80874,2015-10-02,1.0
21349,30186,2015-10-02,1.0
73622,73622,2015-10-02,1.0
80874,80874,2015-10-02,1.0
4177,39713,2015-10-02,1.0
80874,18739,2015-10-02,1.0
763,2807,2015-10-02,1.0
290,290,2015-10-02,1.0
9025,25121,2015-10-02,1.0
8133,75293,2015-10-02,1.0
11142,1358,2015-10-03,1.0
402,78,2015-10-03,1.0
35508,44539,2015-10-03,1.0
5259,4463,2015-10-03,1.0
11100,11100,2015-10-03,1.0
10503,5712,2015-10-03,1.0
9025,11100,2015-10-03,1.0
38624,5712,2015-10-03,1.0
35733,76479,2015-10-03,1.0
12178,1358,2015-10-03,1.0
80774,44539,2015-10-03,1.0
6794,65800,2015-10-03,1.0
70739,46578,2015-10-03,1.0
70808,70808,2015-10-03,1.0
11260,80973,2015-10-03,1.0
1898,5712,2015-10-03,1.0
80925,35520,2015-10-03,1.0
48745,70808,2015-10-03,1.0
1358,11142,2015-10-03,1.0
11142,11142,2015-10-03,1.0
5690,402,2015-10-03,1.0
402,402,2015-10-03,1.0
1465,12178,2015-10-03,1.0
26522,29783,2015-10-03,1.0
76479,76479,2015-10-03,1.0
80975,80975,2015-10-03,1.0
2689,14340,2015-10-03,1.0
24309,80928,2015-10-03,1.0
12178,78,2015-10-03,1.0
10718,69505,2015-10-03,1.0
15629,8799,2015-10-03,1.0
35520,80925,2015-10-03,1.0
80928,80928,2015-10-03,1.0
2926,2926,2015-10-03,1.0
8103,6319,2015-10-03,1.0
5259,10076,2015-10-03,1.0
11640,2926,2015-10-03,1.0
80058,80058,2015-10-03,1.0
29697,80058,2015-10-03,1.0
61536,61536,2015-10-03,1.0
12337,20242,2015-10-03,1.0
68722,62735,2015-10-03,1.0
62735,62735,2015-10-03,1.0
1098,25028,2015-10-03,1.0
61536,20995,2015-10-03,1.0
11142,10898,2015-10-03,1.0
6319,6319,2015-10-03,1.0
70211,70211,2015-10-03,1.0
10366,81000,2015-10-03,1.0
11054,11054,2015-10-03,1.0
20995,61536,2015-10-03,1.0
12178,17440,2015-10-03,1.0
80973,80973,2015-10-03,1.0
12156,52860,2015-10-03,1.0
20787,20787,2015-10-03,1.0
14340,14340,2015-10-03,1.0
35520,651,2015-10-03,1.0
651,651,2015-10-03,1.0
3621,11054,2015-10-03,1.0
43076,21929,2015-10-03,1.0
29783,29783,2015-10-03,1.0
630,1532,2015-10-03,1.0
5712,25028,2015-10-03,1.0
17440,12178,2015-10-03,1.0
6936,290,2015-10-03,1.0
613,80965,2015-10-03,1.0
16659,80970,2015-10-03,1.0
4832,80853,2015-10-03,1.0
80874,18739,2015-10-03,1.0
613,50614,2015-10-03,1.0
80853,80853,2015-10-03,1.0
13972,80928,2015-10-03,1.0
69143,2233,2015-10-03,1.0
30186,80853,2015-10-03,1.0
80985,21684,2015-10-03,1.0
21929,21929,2015-10-03,1.0
75,80853,2015-10-03,1.0
2106,51164,2015-10-03,1.0
2900,78,2015-10-03,1.0
11054,3621,2015-10-03,1.0
2530,2530,2015-10-03,1.0
10400,47762,2015-10-03,1.0
3948,80970,2015-10-03,1.0
22131,80853,2015-10-03,1.0
1114,2530,2015-10-03,1.0
12547,2273,2015-10-03,1.0
4231,80979,2015-10-03,1.0
360,2273,2015-10-03,1.0
2233,80853,2015-10-03,1.0
7206,80853,2015-10-03,1.0
10475,69505,2015-10-03,1.0
39120,2530,2015-10-03,1.0
36721,36721,2015-10-03,1.0
35840,80975,2015-10-03,1.0
25510,52860,2015-10-03,1.0
75,13650,2015-10-03,1.0
1492,8628,2015-10-03,1.0
7710,20242,2015-10-03,1.0
27816,81000,2015-10-03,1.0
13650,80853,2015-10-03,1.0
30889,44539,2015-10-03,1.0
76593,651,2015-10-03,1.0
51685,5712,2015-10-03,1.0
36721,41123,2015-10-03,1.0
1358,1358,2015-10-03,1.0
33039,13650,2015-10-03,1.0
2554,2554,2015-10-03,1.0
13650,1358,2015-10-03,1.0
11142,26522,2015-10-04,1.0
28104,81011,2015-10-04,1.0
53163,53163,2015-10-04,1.0
26522,26522,2015-10-04,1.0
48839,53163,2015-10-04,1.0
2554,41619,2015-10-04,1.0
40297,81016,2015-10-04,1.0
3621,11054,2015-10-04,1.0
9317,80984,2015-10-04,1.0
12178,12178,2015-10-04,1.0
4231,4231,2015-10-04,1.0
2024,43108,2015-10-04,1.0
26522,29783,2015-10-04,1.0
81016,81016,2015-10-04,1.0
35587,31134,2015-10-04,1.0
11260,80973,2015-10-04,1.0
9072,20242,2015-10-04,1.0
43108,11142,2015-10-04,1.0
43108,43108,2015-10-04,1.0
36939,440,2015-10-04,1.0
43108,4231,2015-10-04,1.0
3901,12178,2015-10-04,1.0
18943,81044,2015-10-04,1.0
12489,12489,2015-10-04,1.0
81044,81044,2015-10-04,1.0
290,290,2015-10-04,1.0
651,76593,2015-10-04,1.0
48839,12489,2015-10-04,1.0
798,65800,2015-10-04,1.0
23291,38889,2015-10-04,1.0
54369,35353,2015-10-04,1.0
11540,2273,2015-10-04,1.0
12643,80744,2015-10-04,1.0
1266,81011,2015-10-04,1.0
2926,69037,2015-10-04,1.0
80744,3948,2015-10-04,1.0
80744,80744,2015-10-04,1.0
54369,54369,2015-10-04,1.0
2926,1358,2015-10-04,1.0
81011,81011,2015-10-04,1.0
2926,2926,2015-10-04,1.0
20302,81039,2015-10-04,1.0
75616,54369,2015-10-04,1.0
402,49927,2015-10-04,1.0
8628,22277,2015-10-04,1.0
75418,80787,2015-10-04,1.0
4312,81011,2015-10-04,1.0
36579,4423,2015-10-04,1.0
36720,46578,2015-10-04,1.0
290,78,2015-10-04,1.0
13972,81039,2015-10-04,1.0
35353,54369,2015-10-04,1.0
43108,5263,2015-10-04,1.0
75422,80361,2015-10-04,1.0
13972,35080,2015-10-04,1.0
70355,59215,2015-10-04,1.0
27816,65800,2015-10-04,1.0
12481,76479,2015-10-04,1.0
80361,80361,2015-10-04,1.0
69850,29625,2015-10-04,1.0
10898,74026,2015-10-04,1.0
6751,43445,2015-10-04,1.0
22277,8628,2015-10-04,1.0
75,80984,2015-10-04,1.0
61536,6319,2015-10-04,1.0
37861,65800,2015-10-04,1.0
16139,80058,2015-10-04,1.0
4231,43108,2015-10-04,1.0
11142,43108,2015-10-04,1.0
13625,12489,2015-10-04,1.0
36721,41123,2015-10-04,1.0
81039,81039,2015-10-04,1.0
3324,70119,2015-10-04,1.0
11926,76479,2015-10-04,1.0
36721,36721,2015-10-04,1.0
2233,81011,2015-10-04,1.0
74026,10898,2015-10-04,1.0
5810,69868,2015-10-04,1.0
10898,10898,2015-10-04,1.0
37103,10898,2015-10-04,1.0
11054,11054,2015-10-04,1.0
37103,80361,2015-10-04,1.0
39380,3927,2015-10-04,1.0
18060,69868,2015-10-04,1.0
36212,2051,2015-10-04,1.0
61536,61536,2015-10-04,1.0
13059,3376,2015-10-04,1.0
31134,31134,2015-10-04,1.0
20995,61536,2015-10-04,1.0
10503,80984,2015-10-04,1.0
41619,41619,2015-10-04,1.0
4042,49927,2015-10-04,1.0
14447,2362,2015-10-04,1.0
80973,80973,2015-10-04,1.0
43871,12905,2015-10-04,1.0
23571,6319,2015-10-04,1.0
4463,4463,2015-10-04,1.0
41291,5712,2015-10-04,1.0
36688,763,2015-10-04,1.0
36688,22131,2015-10-04,1.0
41291,2926,2015-10-04,1.0
38889,38889,2015-10-04,1.0
76593,81036,2015-10-04,1.0
25485,81011,2015-10-04,1.0
28104,48278,2015-10-04,1.0
49927,49927,2015-10-04,1.0
6319,6319,2015-10-04,1.0
6794,69868,2015-10-04,1.0
41291,41291,2015-10-04,1.0
290,41291,2015-10-04,1.0
43326,65800,2015-10-04,1.0
732,732,2015-10-04,1.0
78,402,2015-10-04,1.0
5801,6319,2015-10-04,1.0
14302,56947,2015-10-04,1.0
9502,54369,2015-10-04,1.0
25485,81011,2015-10-05,1.0
10898,10898,2015-10-05,1.0
81077,35840,2015-10-05,1.0
80975,35840,2015-10-05,1.0
9924,5712,2015-10-05,1.0
81077,81077,2015-10-05,1.0
43326,65800,2015-10-05,1.0
35840,81077,2015-10-05,1.0
81011,4312,2015-10-05,1.0
70355,11115,2015-10-05,1.0
6827,297,2015-10-05,1.0
29783,22971,2015-10-05,1.0
12489,12481,2015-10-05,1.0
4312,4312,2015-10-05,1.0
22971,22971,2015-10-05,1.0
12481,12481,2015-10-05,1.0
14450,35840,2015-10-05,1.0
14450,81077,2015-10-05,1.0
71040,11945,2015-10-05,1.0
2273,5690,2015-10-05,1.0
22131,5690,2015-10-05,1.0
22131,35353,2015-10-05,1.0
5690,5690,2015-10-05,1.0
41452,11260,2015-10-05,1.0
5690,35353,2015-10-05,1.0
35840,35840,2015-10-05,1.0
7126,3106,2015-10-05,1.0
41291,36871,2015-10-05,1.0
13530,13530,2015-10-05,1.0
48839,38600,2015-10-05,1.0
2233,4312,2015-10-05,1.0
68722,11926,2015-10-05,1.0
4144,43108,2015-10-05,1.0
38600,80390,2015-10-05,1.0
763,69037,2015-10-05,1.0
76102,76102,2015-10-05,1.0
10076,46578,2015-10-05,1.0
68722,297,2015-10-05,1.0
11260,11260,2015-10-05,1.0
1114,2530,2015-10-05,1.0
53163,48839,2015-10-05,1.0
36721,36721,2015-10-05,1.0
2893,51216,2015-10-05,1.0
81011,81011,2015-10-05,1.0
37103,38600,2015-10-05,1.0
4118,36579,2015-10-05,1.0
26522,29783,2015-10-05,1.0
14830,297,2015-10-05,1.0
44539,30889,2015-10-05,1.0
3206,36561,2015-10-05,1.0
1492,1492,2015-10-05,1.0
391,12178,2015-10-05,1.0
391,12357,2015-10-05,1.0
10503,36561,2015-10-05,1.0
8201,16510,2015-10-05,1.0
1946,36561,2015-10-05,1.0
38600,38600,2015-10-05,1.0
22277,10774,2015-10-05,1.0
81052,16510,2015-10-05,1.0
763,80661,2015-10-05,1.0
43108,43108,2015-10-05,1.0
297,297,2015-10-05,1.0
11054,41827,2015-10-05,1.0
47305,11926,2015-10-05,1.0
80966,80966,2015-10-05,1.0
56353,43423,2015-10-05,1.0
68732,12674,2015-10-05,1.0
2926,6094,2015-10-05,1.0
13265,70593,2015-10-05,1.0
8103,65800,2015-10-05,1.0
22019,6794,2015-10-05,1.0
6094,11260,2015-10-05,1.0
6794,6794,2015-10-05,1.0
11260,6094,2015-10-05,1.0
13265,184,2015-10-05,1.0
13265,81016,2015-10-05,1.0
67002,67002,2015-10-05,1.0
12178,12178,2015-10-05,1.0
13113,5690,2015-10-05,1.0
14094,18974,2015-10-05,1.0
2926,78525,2015-10-05,1.0
1688,1688,2015-10-05,1.0
70593,70593,2015-10-05,1.0
3206,12337,2015-10-05,1.0
290,1688,2015-10-05,1.0
5101,15242,2015-10-05,1.0
290,5690,2015-10-05,1.0
75,5690,2015-10-05,1.0
12337,12337,2015-10-05,1.0
2653,70593,2015-10-05,1.0
26522,1703,2015-10-05,1.0
14915,81051,2015-10-05,1.0
15242,15242,2015-10-05,1.0
43423,43423,2015-10-05,1.0
80661,80661,2015-10-05,1.0
11260,41452,2015-10-05,1.0
43423,56353,2015-10-05,1.0
5712,9924,2015-10-05,1.0
33039,5712,2015-10-05,1.0
2039,5712,2015-10-05,1.0
66832,1532,2015-10-05,1.0
12481,12489,2015-10-05,1.0
36871,5712,2015-10-05,1.0
35353,5690,2015-10-05,1.0
26039,80361,2015-10-05,1.0
80794,10909,2015-10-05,1.0
16510,81052,2015-10-05,1.0
41827,3621,2015-10-05,1.0
9502,80337,2015-10-05,1.0
11926,68722,2015-10-05,1.0
8003,68722,2015-10-05,1.0
14551,37103,2015-10-05,1.0
297,68722,2015-10-05,1.0
2362,78065,2015-10-05,1.0
41644,49668,2015-10-05,1.0
22971,29783,2015-10-05,1.0
6794,22019,2015-10-05,1.0
5712,5712,2015-10-05,1.0
78588,1537,2015-10-05,1.0
35353,35353,2015-10-05,1.0
30889,30889,2015-10-05,1.0
68722,8003,2015-10-05,1.0
68305,18974,2015-10-05,1.0
25510,38600,2015-10-05,1.0
6269,81051,2015-10-05,1.0
3503,81051,2015-10-05,1.0
4231,48554,2015-10-05,1.0
21059,81051,2015-10-05,1.0
13356,36946,2015-10-05,1.0
78525,81051,2015-10-05,1.0
7839,2625,2015-10-05,1.0
35486,1688,2015-10-05,1.0
3901,81000,2015-10-05,1.0
8719,81051,2015-10-05,1.0
14875,81051,2015-10-05,1.0
184,5690,2015-10-05,1.0
70355,11115,2015-10-06,1.0
13972,65800,2015-10-06,1.0
2273,2273,2015-10-06,1.0
78539,78539,2015-10-06,1.0
17581,17581,2015-10-06,1.0
59335,11260,2015-10-06,1.0
12178,12178,2015-10-06,1.0
3901,12178,2015-10-06,1.0
5690,22131,2015-10-06,1.0
36146,65899,2015-10-06,1.0
70808,39082,2015-10-06,1.0
46852,22722,2015-10-06,1.0
25477,25477,2015-10-06,1.0
11115,11115,2015-10-06,1.0
1946,5690,2015-10-06,1.0
40120,3041,2015-10-06,1.0
71040,11945,2015-10-06,1.0
35840,81077,2015-10-06,1.0
36146,51223,2015-10-06,1.0
1532,65800,2015-10-06,1.0
35687,51223,2015-10-06,1.0
20302,36886,2015-10-06,1.0
69037,3502,2015-10-06,1.0
5429,2836,2015-10-06,1.0
12481,12481,2015-10-06,1.0
13265,58203,2015-10-06,1.0
21051,766,2015-10-06,1.0
65800,65800,2015-10-06,1.0
8103,65800,2015-10-06,1.0
12705,8628,2015-10-06,1.0
4614,8628,2015-10-06,1.0
4614,81101,2015-10-06,1.0
12489,12481,2015-10-06,1.0
1898,78539,2015-10-06,1.0
13265,36254,2015-10-06,1.0
5690,2273,2015-10-06,1.0
1703,1703,2015-10-06,1.0
50846,24706,2015-10-06,1.0
18974,18974,2015-10-06,1.0
41291,8628,2015-10-06,1.0
5690,5690,2015-10-06,1.0
6325,6325,2015-10-06,1.0
28104,81103,2015-10-06,1.0
50846,65800,2015-10-06,1.0
184,2273,2015-10-06,1.0
47795,6325,2015-10-06,1.0
4312,17581,2015-10-06,1.0
2384,17581,2015-10-06,1.0
6094,6094,2015-10-06,1.0
24706,24706,2015-10-06,1.0
39747,51223,2015-10-06,1.0
52936,25511,2015-10-06,1.0
13265,5101,2015-10-06,1.0
20302,20302,2015-10-06,1.0
43423,81122,2015-10-06,1.0
25511,25511,2015-10-06,1.0
75422,36886,2015-10-06,1.0
21574,21574,2015-10-06,1.0
43423,43423,2015-10-06,1.0
50629,50629,2015-10-06,1.0
36886,36886,2015-10-06,1.0
70808,75217,2015-10-06,1.0
58203,58203,2015-10-06,1.0
1459,46852,2015-10-06,1.0
81100,10696,2015-10-06,1.0
66009,66009,2015-10-06,1.0
11640,68468,2015-10-06,1.0
75217,75217,2015-10-06,1.0
36497,73880,2015-10-06,1.0
70875,1826,2015-10-06,1.0
32972,65899,2015-10-06,1.0
21684,21684,2015-10-06,1.0
25256,25256,2015-10-06,1.0
6262,68468,2015-10-06,1.0
30186,8133,2015-10-06,1.0
36688,22131,2015-10-06,1.0
75420,81093,2015-10-06,1.0
15934,10366,2015-10-06,1.0
9924,46852,2015-10-06,1.0
12643,58082,2015-10-06,1.0
11640,25477,2015-10-06,1.0
12178,1102,2015-10-06,1.0
46852,46852,2015-10-06,1.0
12166,25511,2015-10-06,1.0
14549,36886,2015-10-06,1.0
36688,763,2015-10-06,1.0
25511,20302,2015-10-06,1.0
2926,12178,2015-10-06,1.0
70808,65800,2015-10-06,1.0
4649,11546,2015-10-06,1.0
13265,21574,2015-10-06,1.0
68468,68468,2015-10-06,1.0
2273,25511,2015-10-06,1.0
11546,11546,2015-10-06,1.0
70190,766,2015-10-06,1.0
7092,70355,2015-10-06,1.0
41291,81013,2015-10-06,1.0
11260,11260,2015-10-06,1.0
14094,18974,2015-10-06,1.0
74330,18739,2015-10-06,1.0
21051,81044,2015-10-06,1.0
2926,18739,2015-10-06,1.0
81090,80925,2015-10-06,1.0
4423,36579,2015-10-06,1.0
2000,76098,2015-10-06,1.0
31434,50629,2015-10-06,1.0
8133,8133,2015-10-06,1.0
37385,8133,2015-10-06,1.0
4231,11260,2015-10-06,1.0
4231,9317,2015-10-06,1.0
956,24706,2015-10-06,1.0
2926,766,2015-10-06,1.0
1056,766,2015-10-06,1.0
22131,22131,2015-10-06,1.0
65972,65972,2015-10-06,1.0
2384,4312,2015-10-06,1.0
4832,20302,2015-10-06,1.0
11926,11926,2015-10-06,1.0
13113,5690,2015-10-06,1.0
76593,40212,2015-10-06,1.0
40212,40212,2015-10-06,1.0
11260,48554,2015-10-06,1.0
69037,69037,2015-10-06,1.0
41291,2926,2015-10-06,1.0
48554,11260,2015-10-06,1.0
13265,32151,2015-10-06,1.0
11054,76098,2015-10-06,1.0
4832,76098,2015-10-06,1.0
12178,2893,2015-10-06,1.0
353,11260,2015-10-06,1.0
6794,6794,2015-10-06,1.0
59215,70355,2015-10-06,1.0
6794,76098,2015-10-06,1.0
71040,71040,2015-10-06,1.0
6794,8133,2015-10-06,1.0
14497,68305,2015-10-06,1.0
18974,68305,2015-10-06,1.0
62810,14508,2015-10-06,1.0
6101,766,2015-10-06,1.0
360,25477,2015-10-06,1.0
1345,50629,2015-10-06,1.0
13251,25256,2015-10-06,1.0
74389,74389,2015-10-06,1.0
47305,11926,2015-10-06,1.0
290,766,2015-10-06,1.0
290,36946,2015-10-06,1.0
35261,18583,2015-10-06,1.0
40804,65800,2015-10-06,1.0
11054,81095,2015-10-06,1.0
50818,2554,2015-10-06,1.0
41827,41827,2015-10-06,1.0
81101,81101,2015-10-06,1.0
25256,81101,2015-10-06,1.0
391,65800,2015-10-06,1.0
391,21684,2015-10-06,1.0
1056,81013,2015-10-06,1.0
35529,766,2015-10-06,1.0
14508,14508,2015-10-06,1.0
6518,81051,2015-10-06,1.0
2273,22131,2015-10-06,1.0
15934,60483,2015-10-06,1.0
8430,766,2015-10-06,1.0
4312,4312,2015-10-06,1.0
38624,6094,2015-10-06,1.0
56353,43423,2015-10-06,1.0
41291,81100,2015-10-06,1.0
70739,766,2015-10-06,1.0
1537,78588,2015-10-06,1.0
2807,29783,2015-10-06,1.0
12178,17440,2015-10-06,1.0
9025,766,2015-10-06,1.0
10075,766,2015-10-06,1.0
11054,41827,2015-10-06,1.0
50754,40409,2015-10-06,1.0
20186,4312,2015-10-06,1.0
25028,1532,2015-10-06,1.0
1540,81111,2015-10-06,1.0
81109,11546,2015-10-06,1.0
2384,8628,2015-10-06,1.0
17581,4312,2015-10-06,1.0
35687,65899,2015-10-06,1.0
10696,81100,2015-10-06,1.0
3995,36946,2015-10-06,1.0
51223,65899,2015-10-06,1.0
7368,1532,2015-10-06,1.0
25510,81107,2015-10-06,1.0
7710,80735,2015-10-06,1.0
27816,25511,2015-10-06,1.0
49927,49927,2015-10-06,1.0
20302,25511,2015-10-06,1.0
5101,36254,2015-10-06,1.0
81126,80791,2015-10-06,1.0
27816,81127,2015-10-06,1.0
2653,58203,2015-10-06,1.0
21291,73880,2015-10-06,1.0
36721,56668,2015-10-06,1.0
41970,65899,2015-10-06,1.0
29783,29783,2015-10-06,1.0
81136,10059,2015-10-06,1.0
81103,1674,2015-10-06,1.0
6059,81051,2015-10-06,1.0
20302,76098,2015-10-06,1.0
3106,81051,2015-10-06,1.0
21051,14319,2015-10-06,1.0
9317,69289,2015-10-06,1.0
8133,37385,2015-10-06,1.0
14450,11100,2015-10-06,1.0
80925,81090,2015-10-06,1.0
2273,5690,2015-10-06,1.0
658,1532,2015-10-06,1.0
49151,40409,2015-10-06,1.0
81096,81051,2015-10-06,1.0
5712,81094,2015-10-06,1.0
70355,81095,2015-10-06,1.0
31331,65800,2015-10-06,1.0
31331,78672,2015-10-06,1.0
22131,5690,2015-10-06,1.0
70355,50610,2015-10-07,1.0
81130,11260,2015-10-07,1.0
25510,81051,2015-10-07,1.0
41291,2384,2015-10-07,1.0
317,25511,2015-10-07,1.0
70019,766,2015-10-07,1.0
41953,1946,2015-10-07,1.0
8133,8133,2015-10-07,1.0
36688,22131,2015-10-07,1.0
35482,4600,2015-10-07,1.0
1176,1176,2015-10-07,1.0
2926,2926,2015-10-07,1.0
36721,36721,2015-10-07,1.0
25477,25477,2015-10-07,1.0
5101,5101,2015-10-07,1.0
50846,24706,2015-10-07,1.0
75217,75217,2015-10-07,1.0
78539,78539,2015-10-07,1.0
81093,81093,2015-10-07,1.0
81147,5690,2015-10-07,1.0
22131,22131,2015-10-07,1.0
66009,66009,2015-10-07,1.0
11926,79949,2015-10-07,1.0
81151,81151,2015-10-07,1.0
1096,2926,2015-10-07,1.0
1946,1946,2015-10-07,1.0
50754,20302,2015-10-07,1.0
4231,81153,2015-10-07,1.0
11260,11260,2015-10-07,1.0
50754,41970,2015-10-07,1.0
81051,81051,2015-10-07,1.0
69999,69999,2015-10-07,1.0
59335,11260,2015-10-07,1.0
4177,79949,2015-10-07,1.0
2273,25477,2015-10-07,1.0
7206,1946,2015-10-07,1.0
14490,8133,2015-10-07,1.0
35687,41970,2015-10-07,1.0
27816,79949,2015-10-07,1.0
8430,2926,2015-10-07,1.0
81148,81148,2015-10-07,1.0
8430,81148,2015-10-07,1.0
5690,81148,2015-10-07,1.0
1465,81151,2015-10-07,1.0
76593,81151,2015-10-07,1.0
13278,766,2015-10-07,1.0
40023,69999,2015-10-07,1.0
81130,81130,2015-10-07,1.0
37861,65800,2015-10-07,1.0
13265,46290,2015-10-07,1.0
81143,81143,2015-10-07,1.0
21349,81136,2015-10-07,1.0
75422,81143,2015-10-07,1.0
75685,75685,2015-10-07,1.0
8857,66009,2015-10-07,1.0
76593,81087,2015-10-07,1.0
27013,766,2015-10-07,1.0
2926,46290,2015-10-07,1.0
21349,51137,2015-10-07,1.0
30684,81143,2015-10-07,1.0
43000,121,2015-10-07,1.0
12705,75685,2015-10-07,1.0
8430,4600,2015-10-07,1.0
3206,7368,2015-10-07,1.0
37103,70355,2015-10-07,1.0
3206,8628,2015-10-07,1.0
6269,6269,2015-10-07,1.0
11260,81130,2015-10-07,1.0
2273,1176,2015-10-07,1.0
2273,766,2015-10-07,1.0
81051,12898,2015-10-07,1.0
81051,6269,2015-10-07,1.0
81051,8719,2015-10-07,1.0
70808,75217,2015-10-07,1.0
12489,12481,2015-10-07,1.0
70808,1537,2015-10-07,1.0
12898,81051,2015-10-07,1.0
11054,15570,2015-10-07,1.0
10696,10696,2015-10-07,1.0
12178,12178,2015-10-07,1.0
14094,6439,2015-10-07,1.0
2926,12178,2015-10-07,1.0
75420,81093,2015-10-07,1.0
51223,51223,2015-10-07,1.0
11100,18583,2015-10-07,1.0
81151,3460,2015-10-07,1.0
32898,32898,2015-10-07,1.0
21051,32898,2015-10-07,1.0
21291,81168,2015-10-07,1.0
21051,81148,2015-10-07,1.0
1441,81174,2015-10-07,1.0
12178,1102,2015-10-07,1.0
30186,1946,2015-10-07,1.0
454,75685,2015-10-07,1.0
30186,41953,2015-10-07,1.0
46290,22131,2015-10-07,1.0
2191,2191,2015-10-07,1.0
46290,46290,2015-10-07,1.0
391,2191,2015-10-07,1.0
81095,81095,2015-10-07,1.0
20302,20302,2015-10-07,1.0
11540,81109,2015-10-07,1.0
28104,69999,2015-10-07,1.0
36370,35840,2015-10-07,1.0
2653,2653,2015-10-07,1.0
9072,9072,2015-10-07,1.0
67140,81127,2015-10-07,1.0
41291,8628,2015-10-07,1.0
37103,9072,2015-10-07,1.0
58203,2653,2015-10-07,1.0
8430,76479,2015-10-07,1.0
22131,69037,2015-10-07,1.0
7460,7460,2015-10-07,1.0
16537,32898,2015-10-07,1.0
73972,2362,2015-10-07,1.0
35428,2191,2015-10-07,1.0
23291,7460,2015-10-07,1.0
1463,7460,2015-10-07,1.0
11392,7460,2015-10-07,1.0
3684,81136,2015-10-07,1.0
2362,2362,2015-10-07,1.0
4832,80013,2015-10-07,1.0
81100,10696,2015-10-07,1.0
31327,31327,2015-10-07,1.0
18263,2362,2015-10-07,1.0
14226,31327,2015-10-07,1.0
31434,50629,2015-10-07,1.0
391,31327,2015-10-07,1.0
391,21684,2015-10-07,1.0
1537,1537,2015-10-07,1.0
12301,81155,2015-10-07,1.0
70355,70355,2015-10-07,1.0
12138,70355,2015-10-07,1.0
18060,81155,2015-10-07,1.0
12120,15570,2015-10-07,1.0
7368,7368,2015-10-07,1.0
70808,81164,2015-10-07,1.0
12481,12481,2015-10-07,1.0
23758,23758,2015-10-07,1.0
2191,5101,2015-10-07,1.0
6325,8628,2015-10-07,1.0
1261,1261,2015-10-07,1.0
13265,23758,2015-10-07,1.0
9025,8628,2015-10-07,1.0
7460,81168,2015-10-07,1.0
64496,31774,2015-10-07,1.0
8887,81164,2015-10-07,1.0
6794,8628,2015-10-07,1.0
7460,23758,2015-10-07,1.0
50610,70355,2015-10-07,1.0
81167,416,2015-10-07,1.0
2554,2554,2015-10-07,1.0
59234,81164,2015-10-07,1.0
81122,81122,2015-10-07,1.0
35840,35840,2015-10-07,1.0
76541,76541,2015-10-07,1.0
8628,8628,2015-10-07,1.0
7460,11392,2015-10-07,1.0
12705,8628,2015-10-07,1.0
5101,2191,2015-10-07,1.0
76105,50610,2015-10-07,1.0
22131,46290,2015-10-07,1.0
80607,2191,2015-10-07,1.0
76593,81143,2015-10-07,1.0
19276,12653,2015-10-07,1.0
11142,81174,2015-10-07,1.0
81177,81174,2015-10-07,1.0
66,81101,2015-10-07,1.0
73383,468,2015-10-07,1.0
6094,81155,2015-10-07,1.0
22131,73660,2015-10-07,1.0
2290,81180,2015-10-07,1.0
297,1703,2015-10-07,1.0
11926,468,2015-10-07,1.0
2554,41619,2015-10-07,1.0
17581,81011,2015-10-07,1.0
41123,41123,2015-10-07,1.0
41953,30186,2015-10-07,1.0
3206,766,2015-10-07,1.0
54536,81051,2015-10-07,1.0
35840,36370,2015-10-07,1.0
4600,766,2015-10-07,1.0
2926,766,2015-10-07,1.0
4961,37338,2015-10-07,1.0
2502,25511,2015-10-07,1.0
10366,1537,2015-10-07,1.0
50846,18974,2015-10-07,1.0
18263,766,2015-10-07,1.0
4231,81101,2015-10-07,1.0
13972,30172,2015-10-07,1.0
81148,81044,2015-10-07,1.0
14830,36254,2015-10-07,1.0
3460,81151,2015-10-07,1.0
74411,4002,2015-10-07,1.0
1946,30186,2015-10-07,1.0
69725,69725,2015-10-08,1.0
13265,46578,2015-10-08,1.0
8430,8430,2015-10-08,1.0
81197,81197,2015-10-08,1.0
2290,12481,2015-10-08,1.0
46290,46290,2015-10-08,1.0
75,35158,2015-10-08,1.0
4231,81218,2015-10-08,1.0
24953,24953,2015-10-08,1.0
66308,11142,2015-10-08,1.0
30726,4231,2015-10-08,1.0
47958,47958,2015-10-08,1.0
12481,12481,2015-10-08,1.0
75422,75422,2015-10-08,1.0
5015,81180,2015-10-08,1.0
43326,27816,2015-10-08,1.0
4231,4231,2015-10-08,1.0
58203,2653,2015-10-08,1.0
6494,69725,2015-10-08,1.0
11540,11540,2015-10-08,1.0
16183,1441,2015-10-08,1.0
46578,46578,2015-10-08,1.0
81143,75422,2015-10-08,1.0
70808,46290,2015-10-08,1.0
1532,1532,2015-10-08,1.0
34579,1465,2015-10-08,1.0
11260,8430,2015-10-08,1.0
12489,12481,2015-10-08,1.0
12120,81143,2015-10-08,1.0
3206,13972,2015-10-08,1.0
11142,11142,2015-10-08,1.0
6094,13972,2015-10-08,1.0
766,2926,2015-10-08,1.0
81107,25510,2015-10-08,1.0
50629,50629,2015-10-08,1.0
36862,806,2015-10-08,1.0
3206,81224,2015-10-08,1.0
13972,13972,2015-10-08,1.0
70808,19938,2015-10-08,1.0
4144,4144,2015-10-08,1.0
17581,81197,2015-10-08,1.0
3206,81168,2015-10-08,1.0
39284,81218,2015-10-08,1.0
46290,18060,2015-10-08,1.0
70739,4144,2015-10-08,1.0
81143,81143,2015-10-08,1.0
74268,74268,2015-10-08,1.0
4556,4556,2015-10-08,1.0
46578,13265,2015-10-08,1.0
9449,23758,2015-10-08,1.0
27816,27816,2015-10-08,1.0
61978,8430,2015-10-08,1.0
21349,51137,2015-10-08,1.0
66009,74268,2015-10-08,1.0
75422,74268,2015-10-08,1.0
20598,17581,2015-10-08,1.0
76102,11260,2015-10-08,1.0
75685,75685,2015-10-08,1.0
3206,70355,2015-10-08,1.0
70355,70355,2015-10-08,1.0
6094,6094,2015-10-08,1.0
75,17988,2015-10-08,1.0
391,81168,2015-10-08,1.0
36185,36185,2015-10-08,1.0
630,4600,2015-10-08,1.0
4600,4600,2015-10-08,1.0
391,290,2015-10-08,1.0
50145,36185,2015-10-08,1.0
6094,70355,2015-10-08,1.0
41619,2554,2015-10-08,1.0
3684,81168,2015-10-08,1.0
11540,81109,2015-10-08,1.0
81130,11260,2015-10-08,1.0
6094,25028,2015-10-08,1.0
17988,17988,2015-10-08,1.0
11054,76098,2015-10-08,1.0
11142,25510,2015-10-08,1.0
10696,297,2015-10-08,1.0
16537,17581,2015-10-08,1.0
25510,25510,2015-10-08,1.0
25510,11142,2015-10-08,1.0
353,25510,2015-10-08,1.0
290,81168,2015-10-08,1.0
1465,25510,2015-10-08,1.0
48554,4231,2015-10-08,1.0
81164,81164,2015-10-08,1.0
7076,2290,2015-10-08,1.0
1537,10366,2015-10-08,1.0
763,763,2015-10-08,1.0
4149,47704,2015-10-08,1.0
1,81168,2015-10-08,1.0
81109,81109,2015-10-08,1.0
184,27816,2015-10-08,1.0
3206,6094,2015-10-08,1.0
75685,36185,2015-10-08,1.0
12178,1532,2015-10-08,1.0
8430,62135,2015-10-08,1.0
62135,62135,2015-10-08,1.0
39082,892,2015-10-08,1.0
41291,38468,2015-10-08,1.0
22989,121,2015-10-08,1.0
65800,37861,2015-10-08,1.0
56553,13650,2015-10-08,1.0
52842,39026,2015-10-08,1.0
22131,80028,2015-10-08,1.0
12166,14111,2015-10-08,1.0
28104,61978,2015-10-08,1.0
12166,80028,2015-10-08,1.0
75422,81143,2015-10-08,1.0
17988,75,2015-10-08,1.0
61978,61978,2015-10-08,1.0
11260,61978,2015-10-08,1.0
60985,80028,2015-10-08,1.0
54552,5091,2015-10-08,1.0
26039,25145,2015-10-08,1.0
3684,2051,2015-10-08,1.0
75420,80912,2015-10-08,1.0
75420,47499,2015-10-08,1.0
20302,49045,2015-10-08,1.0
80912,80912,2015-10-08,1.0
47510,24953,2015-10-08,1.0
4177,81168,2015-10-08,1.0
290,65800,2015-10-08,1.0
3684,81197,2015-10-08,1.0
23106,32906,2015-10-08,1.0
12178,12178,2015-10-08,1.0
3075,5279,2015-10-08,1.0
47795,11765,2015-10-08,1.0
5279,5279,2015-10-08,1.0
51137,51137,2015-10-08,1.0
76102,35959,2015-10-08,1.0
12138,10898,2015-10-08,1.0
17581,4556,2015-10-08,1.0
10365,34538,2015-10-08,1.0
1441,16183,2015-10-08,1.0
5442,37385,2015-10-08,1.0
8430,61978,2015-10-08,1.0
13972,6094,2015-10-08,1.0
11142,54552,2015-10-08,1.0
81216,47144,2015-10-08,1.0
11260,76102,2015-10-08,1.0
4231,30726,2015-10-08,1.0
74268,66009,2015-10-08,1.0
70739,5239,2015-10-08,1.0
4144,5239,2015-10-08,1.0
81216,1445,2015-10-08,1.0
81224,56187,2015-10-08,1.0
15934,5279,2015-10-08,1.0
11260,8369,2015-10-08,1.0
37555,69999,2015-10-08,1.0
22131,14111,2015-10-08,1.0
27816,65800,2015-10-08,1.0
49398,34538,2015-10-08,1.0
17581,32898,2015-10-08,1.0
11260,36575,2015-10-08,1.0
1465,3621,2015-10-08,1.0
13650,56553,2015-10-08,1.0
36185,75685,2015-10-08,1.0
39421,81051,2015-10-08,1.0
630,81192,2015-10-08,1.0
4600,81192,2015-10-08,1.0
70355,6094,2015-10-08,1.0
78465,66009,2015-10-08,1.0
80912,51780,2015-10-08,1.0
43889,70119,2015-10-08,1.0
24953,47510,2015-10-08,1.0
12481,81180,2015-10-08,1.0
76570,25145,2015-10-08,1.0
49398,49398,2015-10-08,1.0
5091,54552,2015-10-08,1.0
34538,34538,2015-10-08,1.0
806,806,2015-10-09,1.0
54552,5091,2015-10-09,1.0
7710,46536,2015-10-09,1.0
4362,4362,2015-10-09,1.0
3206,3206,2015-10-09,1.0
73972,2362,2015-10-09,1.0
2362,2362,2015-10-09,1.0
2954,13650,2015-10-09,1.0
62135,62135,2015-10-09,1.0
2926,10769,2015-10-09,1.0
67140,4362,2015-10-09,1.0
4832,13650,2015-10-09,1.0
22971,5279,2015-10-09,1.0
6666,81223,2015-10-09,1.0
3077,62135,2015-10-09,1.0
50796,50796,2015-10-09,1.0
17408,17408,2015-10-09,1.0
2530,81243,2015-10-09,1.0
63877,2290,2015-10-09,1.0
8430,8430,2015-10-09,1.0
3684,2162,2015-10-09,1.0
4832,81244,2015-10-09,1.0
13650,13650,2015-10-09,1.0
4832,36886,2015-10-09,1.0
11500,4042,2015-10-09,1.0
11054,81244,2015-10-09,1.0
2530,8430,2015-10-09,1.0
21349,32389,2015-10-09,1.0
2290,2290,2015-10-09,1.0
22277,8628,2015-10-09,1.0
22,22,2015-10-09,1.0
28104,80134,2015-10-09,1.0
3684,70618,2015-10-09,1.0
4177,41970,2015-10-09,1.0
66623,76453,2015-10-09,1.0
17581,17581,2015-10-09,1.0
26522,52805,2015-10-09,1.0
81232,81232,2015-10-09,1.0
391,22,2015-10-09,1.0
8430,81232,2015-10-09,1.0
12178,12178,2015-10-09,1.0
391,81218,2015-10-09,1.0
11640,81223,2015-10-09,1.0
11054,74268,2015-10-09,1.0
4832,81206,2015-10-09,1.0
16537,17581,2015-10-09,1.0
290,81223,2015-10-09,1.0
5091,5091,2015-10-09,1.0
8133,8133,2015-10-09,1.0
3206,27459,2015-10-09,1.0
1056,50796,2015-10-09,1.0
76105,27459,2015-10-09,1.0
70739,2290,2015-10-09,1.0
1176,3206,2015-10-09,1.0
2653,2653,2015-10-09,1.0
76483,8032,2015-10-09,1.0
6094,31310,2015-10-09,1.0
66009,78465,2015-10-09,1.0
25510,25510,2015-10-09,1.0
41291,41970,2015-10-09,1.0
51164,81220,2015-10-09,1.0
81197,81197,2015-10-09,1.0
51164,4144,2015-10-09,1.0
70618,27459,2015-10-09,1.0
25510,47116,2015-10-09,1.0
297,22,2015-10-09,1.0
8133,5442,2015-10-09,1.0
8385,2051,2015-10-09,1.0
5371,5371,2015-10-09,1.0
68399,68399,2015-10-09,1.0
37366,37366,2015-10-09,1.0
8430,37366,2015-10-09,1.0
35840,35840,2015-10-09,1.0
50846,65800,2015-10-09,1.0
22846,35840,2015-10-09,1.0
50846,75343,2015-10-09,1.0
75343,75343,2015-10-09,1.0
70355,81232,2015-10-09,1.0
23501,14181,2015-10-09,1.0
4231,75343,2015-10-09,1.0
29625,69850,2015-10-09,1.0
2926,11260,2015-10-09,1.0
81263,11260,2015-10-09,1.0
14094,35840,2015-10-09,1.0
12120,37366,2015-10-09,1.0
4832,46573,2015-10-09,1.0
7460,7460,2015-10-09,1.0
75616,7460,2015-10-09,1.0
37103,10591,2015-10-09,1.0
17440,80739,2015-10-09,1.0
10898,10898,2015-10-09,1.0
17581,10898,2015-10-09,1.0
2191,7460,2015-10-09,1.0
81250,2622,2015-10-09,1.0
39421,76593,2015-10-09,1.0
11260,4086,2015-10-09,1.0
4086,4086,2015-10-09,1.0
62810,4086,2015-10-09,1.0
22131,37366,2015-10-09,1.0
35687,41970,2015-10-09,1.0
81263,81263,2015-10-09,1.0
81220,81220,2015-10-09,1.0
801,81153,2015-10-09,1.0
25511,1703,2015-10-09,1.0
25511,2502,2015-10-09,1.0
1703,1703,2015-10-09,1.0
46573,46573,2015-10-09,1.0
1465,36561,2015-10-09,1.0
54628,78647,2015-10-09,1.0
2954,46573,2015-10-09,1.0
78525,46573,2015-10-09,1.0
5239,4144,2015-10-09,1.0
28104,81258,2015-10-09,1.0
11142,75343,2015-10-09,1.0
23980,54311,2015-10-09,1.0
14094,75343,2015-10-09,1.0
70355,81263,2015-10-09,1.0
70355,7507,2015-10-09,1.0
2926,5371,2015-10-09,1.0
5712,81263,2015-10-09,1.0
2926,8798,2015-10-09,1.0
11142,81263,2015-10-09,1.0
8032,8032,2015-10-09,1.0
81177,81177,2015-10-09,1.0
29783,70618,2015-10-09,1.0
70593,10941,2015-10-09,1.0
14450,15934,2015-10-09,1.0
3684,81262,2015-10-09,1.0
3684,2051,2015-10-09,1.0
12705,81177,2015-10-09,1.0
47116,47116,2015-10-09,1.0
8857,8857,2015-10-09,1.0
5263,5279,2015-10-09,1.0
20302,81174,2015-10-09,1.0
15934,80110,2015-10-09,1.0
81262,7507,2015-10-09,1.0
32332,32332,2015-10-09,1.0
81258,19927,2015-10-09,1.0
81169,50438,2015-10-09,1.0
81177,35158,2015-10-09,1.0
2622,81250,2015-10-09,1.0
11260,81263,2015-10-09,1.0
16623,51546,2015-10-09,1.0
2290,63877,2015-10-09,1.0
8430,81243,2015-10-09,1.0
21574,9534,2015-10-09,1.0
13650,50796,2015-10-09,1.0
10941,70593,2015-10-09,1.0
54311,23980,2015-10-09,1.0
3315,3315,2015-10-09,1.0
23571,65899,2015-10-09,1.0
1703,25511,2015-10-09,1.0
60504,2162,2015-10-09,1.0
7460,2191,2015-10-09,1.0
35840,79888,2015-10-09,1.0
3041,4086,2015-10-09,1.0
15934,70739,2015-10-09,1.0
3621,1465,2015-10-09,1.0
10893,21907,2015-10-09,1.0
80739,10366,2015-10-09,1.0
37103,7330,2015-10-09,1.0
5420,5420,2015-10-09,1.0
37366,76593,2015-10-09,1.0
70739,15934,2015-10-09,1.0
8857,78465,2015-10-09,1.0
297,15934,2015-10-09,1.0
437,1877,2015-10-09,1.0
56188,35660,2015-10-09,1.0
76593,37366,2015-10-09,1.0
50846,2039,2015-10-09,1.0
17581,50796,2015-10-09,1.0
74274,74274,2015-10-09,1.0
10366,80739,2015-10-09,1.0
50796,1056,2015-10-09,1.0
2653,66528,2015-10-09,1.0
37861,37861,2015-10-09,1.0
40,72288,2015-10-09,1.0
35158,75,2015-10-09,1.0
8857,66009,2015-10-09,1.0
13972,47116,2015-10-09,1.0
81229,28128,2015-10-09,1.0
26319,26319,2015-10-10,1.0
38624,38624,2015-10-10,1.0
9025,454,2015-10-10,1.0
9025,17581,2015-10-10,1.0
11765,15629,2015-10-10,1.0
12489,12481,2015-10-10,1.0
41970,27816,2015-10-10,1.0
15629,15629,2015-10-10,1.0
50754,65800,2015-10-10,1.0
58688,4333,2015-10-10,1.0
8430,50091,2015-10-10,1.0
12138,39362,2015-10-10,1.0
14497,76593,2015-10-10,1.0
4149,75343,2015-10-10,1.0
1573,65800,2015-10-10,1.0
66623,76453,2015-10-10,1.0
39362,39362,2015-10-10,1.0
81206,81206,2015-10-10,1.0
6094,81285,2015-10-10,1.0
20597,20597,2015-10-10,1.0
37212,68732,2015-10-10,1.0
7206,23835,2015-10-10,1.0
17581,17581,2015-10-10,1.0
12481,12481,2015-10-10,1.0
41291,41970,2015-10-10,1.0
6647,2689,2015-10-10,1.0
3502,3502,2015-10-10,1.0
81250,2622,2015-10-10,1.0
2954,81273,2015-10-10,1.0
1946,26319,2015-10-10,1.0
19325,65800,2015-10-10,1.0
8133,20597,2015-10-10,1.0
6756,38624,2015-10-10,1.0
31310,31310,2015-10-10,1.0
26522,10591,2015-10-10,1.0
23291,15242,2015-10-10,1.0
13625,10591,2015-10-10,1.0
70739,70739,2015-10-10,1.0
5279,5279,2015-10-10,1.0
3621,1465,2015-10-10,1.0
80874,18739,2015-10-10,1.0
81052,81052,2015-10-10,1.0
2653,66528,2015-10-10,1.0
17581,81305,2015-10-10,1.0
23835,23835,2015-10-10,1.0
10591,10591,2015-10-10,1.0
2290,81052,2015-10-10,1.0
22131,19949,2015-10-10,1.0
41291,38851,2015-10-10,1.0
66528,66528,2015-10-10,1.0
41291,17581,2015-10-10,1.0
81077,81077,2015-10-10,1.0
28104,76012,2015-10-10,1.0
28104,34538,2015-10-10,1.0
28104,32325,2015-10-10,1.0
13972,9736,2015-10-10,1.0
69850,17787,2015-10-10,1.0
27816,27816,2015-10-10,1.0
806,60732,2015-10-10,1.0
2622,2622,2015-10-10,1.0
60732,60732,2015-10-10,1.0
76593,81307,2015-10-10,1.0
76453,76453,2015-10-10,1.0
39362,454,2015-10-10,1.0
75343,75343,2015-10-10,1.0
9072,10591,2015-10-10,1.0
22277,8628,2015-10-10,1.0
644,437,2015-10-10,1.0
11145,20597,2015-10-10,1.0
1465,1465,2015-10-10,1.0
31327,31327,2015-10-10,1.0
12481,38851,2015-10-10,1.0
37366,76593,2015-10-10,1.0
9072,81052,2015-10-10,1.0
41654,81307,2015-10-10,1.0
46573,46573,2015-10-10,1.0
75422,76296,2015-10-10,1.0
10591,2290,2015-10-10,1.0
5712,60732,2015-10-10,1.0
1056,60732,2015-10-10,1.0
47958,75735,2015-10-10,1.0
290,81287,2015-10-10,1.0
50846,65800,2015-10-10,1.0
76593,81087,2015-10-10,1.0
2807,2666,2015-10-10,1.0
11919,81052,2015-10-10,1.0
3460,37434,2015-10-10,1.0
11260,81052,2015-10-10,1.0
2290,10591,2015-10-10,1.0
17581,38851,2015-10-10,1.0
21146,10591,2015-10-10,1.0
43108,29783,2015-10-10,1.0
43108,2666,2015-10-10,1.0
13972,81290,2015-10-10,1.0
9072,79906,2015-10-10,1.0
81135,75293,2015-10-10,1.0
62135,2666,2015-10-10,1.0
70808,12653,2015-10-10,1.0
11145,26319,2015-10-10,1.0
22758,58682,2015-10-10,1.0
454,39362,2015-10-10,1.0
27816,41970,2015-10-10,1.0
15629,11765,2015-10-10,1.0
437,49,2015-10-10,1.0
38624,6756,2015-10-10,1.0
81285,2162,2015-10-10,1.0
4832,81206,2015-10-11,1.0
43108,43108,2015-10-11,1.0
8133,20597,2015-10-11,1.0
11919,81052,2015-10-11,1.0
3272,43108,2015-10-11,1.0
75536,43108,2015-10-11,1.0
25642,81307,2015-10-11,1.0
3272,70739,2015-10-11,1.0
75536,70739,2015-10-11,1.0
70739,70739,2015-10-11,1.0
9025,1056,2015-10-11,1.0
6094,81313,2015-10-11,1.0
81313,81313,2015-10-11,1.0
13168,65972,2015-10-11,1.0
12337,4312,2015-10-11,1.0
35353,54369,2015-10-11,1.0
11260,11260,2015-10-11,1.0
78817,11260,2015-10-11,1.0
15242,43195,2015-10-11,1.0
10591,81311,2015-10-11,1.0
29697,81052,2015-10-11,1.0
12178,13972,2015-10-11,1.0
9072,81052,2015-10-11,1.0
4149,19276,2015-10-11,1.0
81052,81052,2015-10-11,1.0
43954,17087,2015-10-11,1.0
4572,11142,2015-10-11,1.0
6756,38624,2015-10-11,1.0
43195,43195,2015-10-11,1.0
1345,37434,2015-10-11,1.0
14094,15482,2015-10-11,1.0
79906,2233,2015-10-11,1.0
35313,81313,2015-10-11,1.0
20597,20597,2015-10-11,1.0
32325,32325,2015-10-11,1.0
65972,65972,2015-10-11,1.0
70751,70751,2015-10-11,1.0
75,35158,2015-10-11,1.0
2481,70751,2015-10-11,1.0
12156,20302,2015-10-11,1.0
20302,20302,2015-10-11,1.0
8799,17087,2015-10-11,1.0
76483,8032,2015-10-11,1.0
23291,70751,2015-10-11,1.0
2926,68663,2015-10-11,1.0
3272,43195,2015-10-11,1.0
12481,12481,2015-10-11,1.0
18060,19088,2015-10-11,1.0
78273,81313,2015-10-11,1.0
4832,58682,2015-10-11,1.0
3847,43198,2015-10-11,1.0
7206,23835,2015-10-11,1.0
43198,43198,2015-10-11,1.0
4832,81349,2015-10-11,1.0
1946,81349,2015-10-11,1.0
4832,35702,2015-10-11,1.0
4721,80000,2015-10-11,1.0
66623,76453,2015-10-11,1.0
4832,22758,2015-10-11,1.0
11260,26778,2015-10-11,1.0
3460,3460,2015-10-11,1.0
57699,11260,2015-10-11,1.0
1465,1465,2015-10-11,1.0
23835,23835,2015-10-11,1.0
5740,3206,2015-10-11,1.0
3206,3206,2015-10-11,1.0
37434,3460,2015-10-11,1.0
81136,81136,2015-10-11,1.0
9025,79906,2015-10-11,1.0
49208,4298,2015-10-11,1.0
39421,76593,2015-10-11,1.0
81305,81305,2015-10-11,1.0
28104,56920,2015-10-11,1.0
8032,8032,2015-10-11,1.0
10696,70751,2015-10-11,1.0
17087,17087,2015-10-11,1.0
71011,6794,2015-10-11,1.0
35158,75,2015-10-11,1.0
2290,81311,2015-10-11,1.0
13625,13625,2015-10-11,1.0
81311,10591,2015-10-11,1.0
35959,79906,2015-10-11,1.0
11260,78817,2015-10-11,1.0
19276,4149,2015-10-11,1.0
19205,18598,2015-10-11,1.0
43108,43195,2015-10-11,1.0
81320,42004,2015-10-11,1.0
2233,79906,2015-10-11,1.0
43108,81319,2015-10-11,1.0
1056,79906,2015-10-11,1.0
4832,76296,2015-10-11,1.0
20302,73437,2015-10-11,1.0
70739,81319,2015-10-11,1.0
78525,81313,2015-10-11,1.0
35158,35158,2015-10-11,1.0
284,81307,2015-10-11,1.0
2384,9025,2015-10-11,1.0
81335,58682,2015-10-11,1.0
25622,46573,2015-10-11,1.0
75106,1532,2015-10-11,1.0
11260,57699,2015-10-11,1.0
49208,26778,2015-10-11,1.0
12337,46573,2015-10-11,1.0
4149,4149,2015-10-11,1.0
14515,21123,2015-10-11,1.0
75343,4149,2015-10-11,1.0
54369,54369,2015-10-11,1.0
81136,10059,2015-10-11,1.0
81101,4231,2015-10-11,1.0
13265,23980,2015-10-11,1.0
9072,13625,2015-10-11,1.0
81101,66,2015-10-11,1.0
23980,23980,2015-10-11,1.0
11115,23835,2015-10-11,1.0
2042,13625,2015-10-11,1.0
13265,54369,2015-10-11,1.0
22971,81349,2015-10-12,1.0
81243,8430,2015-10-12,1.0
13265,5031,2015-10-12,1.0
3324,68663,2015-10-12,1.0
3651,28104,2015-10-12,1.0
8133,8133,2015-10-12,1.0
5690,13113,2015-10-12,1.0
9072,5690,2015-10-12,1.0
1056,28104,2015-10-12,1.0
5690,5690,2015-10-12,1.0
1946,1946,2015-10-12,1.0
13265,13113,2015-10-12,1.0
63877,81332,2015-10-12,1.0
60732,60732,2015-10-12,1.0
8133,1946,2015-10-12,1.0
5740,3206,2015-10-12,1.0
3206,76479,2015-10-12,1.0
3206,3206,2015-10-12,1.0
9072,81349,2015-10-12,1.0
20597,8133,2015-10-12,1.0
68305,68305,2015-10-12,1.0
1162,3651,2015-10-12,1.0
1492,19885,2015-10-12,1.0
12904,61515,2015-10-12,1.0
2653,63877,2015-10-12,1.0
2653,19088,2015-10-12,1.0
2926,81349,2015-10-12,1.0
12357,81051,2015-10-12,1.0
8430,25510,2015-10-12,1.0
63877,63877,2015-10-12,1.0
297,13113,2015-10-12,1.0
2807,81349,2015-10-12,1.0
290,6084,2015-10-12,1.0
81243,81243,2015-10-12,1.0
22131,2733,2015-10-12,1.0
6269,22971,2015-10-12,1.0
35702,35702,2015-10-12,1.0
9072,81389,2015-10-12,1.0
8103,65800,2015-10-12,1.0
23501,23501,2015-10-12,1.0
43326,65800,2015-10-12,1.0
75616,4144,2015-10-12,1.0
6506,23501,2015-10-12,1.0
2290,4144,2015-10-12,1.0
21146,11926,2015-10-12,1.0
121,13113,2015-10-12,1.0
58777,733,2015-10-12,1.0
47116,13972,2015-10-12,1.0
25622,25622,2015-10-12,1.0
13265,39380,2015-10-12,1.0
52936,14547,2015-10-12,1.0
23571,65800,2015-10-12,1.0
7631,81273,2015-10-12,1.0
1946,81349,2015-10-12,1.0
18698,21724,2015-10-12,1.0
12489,12481,2015-10-12,1.0
763,81400,2015-10-12,1.0
4281,613,2015-10-12,1.0
47823,5017,2015-10-12,1.0
4281,58777,2015-10-12,1.0
20186,65800,2015-10-12,1.0
1465,65800,2015-10-12,1.0
81389,81389,2015-10-12,1.0
81332,81332,2015-10-12,1.0
2653,13113,2015-10-12,1.0
65800,65800,2015-10-12,1.0
8133,6794,2015-10-12,1.0
3684,27249,2015-10-12,1.0
27249,27249,2015-10-12,1.0
81376,3376,2015-10-12,1.0
49208,56553,2015-10-12,1.0
29783,19205,2015-10-12,1.0
26039,26039,2015-10-12,1.0
26039,35445,2015-10-12,1.0
1898,27249,2015-10-12,1.0
46573,25622,2015-10-12,1.0
56553,56553,2015-10-12,1.0
19885,19885,2015-10-12,1.0
70925,70925,2015-10-12,1.0
26039,27249,2015-10-12,1.0
28104,3651,2015-10-12,1.0
30172,13972,2015-10-12,1.0
25510,25510,2015-10-12,1.0
11926,81389,2015-10-12,1.0
8430,8430,2015-10-12,1.0
1946,8133,2015-10-12,1.0
75418,69037,2015-10-12,1.0
9694,7079,2015-10-12,1.0
5690,81349,2015-10-12,1.0
81366,81051,2015-10-12,1.0
25726,47687,2015-10-12,1.0
31724,2191,2015-10-12,1.0
68305,81354,2015-10-12,1.0
26039,35702,2015-10-12,1.0
48839,35702,2015-10-12,1.0
613,21123,2015-10-12,1.0
1017,4528,2015-10-12,1.0
6084,13113,2015-10-12,1.0
3206,81349,2015-10-12,1.0
81332,63877,2015-10-12,1.0
8430,81349,2015-10-12,1.0
3206,1532,2015-10-12,1.0
7813,81273,2015-10-12,1.0
4144,13113,2015-10-12,1.0
2234,2234,2015-10-12,1.0
6269,81349,2015-10-12,1.0
32389,9292,2015-10-12,1.0
28104,79979,2015-10-12,1.0
33854,35482,2015-10-12,1.0
4767,70751,2015-10-12,1.0
29341,11084,2015-10-12,1.0
76570,75290,2015-10-12,1.0
81373,81051,2015-10-12,1.0
3684,81349,2015-10-12,1.0
613,14515,2015-10-12,1.0
290,36688,2015-10-12,1.0
11926,68663,2015-10-12,1.0
2653,43198,2015-10-12,1.0
2191,31724,2015-10-12,1.0
26522,28104,2015-10-12,1.0
32898,60815,2015-10-12,1.0
20302,2149,2015-10-12,1.0
7294,21907,2015-10-12,1.0
25510,81349,2015-10-12,1.0
4639,22,2015-10-12,1.0
12120,35702,2015-10-12,1.0
2554,41619,2015-10-12,1.0
15242,81349,2015-10-12,1.0
66623,76453,2015-10-12,1.0
41619,41619,2015-10-12,1.0
41291,68305,2015-10-12,1.0
4231,79979,2015-10-12,1.0
81354,81354,2015-10-12,1.0
35158,35158,2015-10-12,1.0
21123,14515,2015-10-12,1.0
48839,26039,2015-10-12,1.0
20302,46573,2015-10-12,1.0
76453,76453,2015-10-12,1.0
11417,54795,2015-10-12,1.0
21684,81349,2015-10-12,1.0
43198,43198,2015-10-12,1.0
4832,26039,2015-10-12,1.0
78525,17581,2015-10-12,1.0
11926,17581,2015-10-13,1.0
14094,76506,2015-10-13,1.0
63996,63996,2015-10-13,1.0
30516,9652,2015-10-13,1.0
70355,81412,2015-10-13,1.0
70593,11640,2015-10-13,1.0
17581,17581,2015-10-13,1.0
8799,39552,2015-10-13,1.0
2273,81416,2015-10-13,1.0
11142,39552,2015-10-13,1.0
11640,57280,2015-10-13,1.0
76593,81433,2015-10-13,1.0
57280,57280,2015-10-13,1.0
3684,39552,2015-10-13,1.0
40297,63996,2015-10-13,1.0
37902,24386,2015-10-13,1.0
3651,28104,2015-10-13,1.0
43076,11926,2015-10-13,1.0
12156,36886,2015-10-13,1.0
9161,9161,2015-10-13,1.0
8430,8430,2015-10-13,1.0
42531,20302,2015-10-13,1.0
39552,39552,2015-10-13,1.0
11115,7206,2015-10-13,1.0
36563,39552,2015-10-13,1.0
8799,8430,2015-10-13,1.0
4312,5712,2015-10-13,1.0
78539,81429,2015-10-13,1.0
39380,39380,2015-10-13,1.0
22971,3106,2015-10-13,1.0
75735,75735,2015-10-13,1.0
8887,6094,2015-10-13,1.0
3948,51137,2015-10-13,1.0
17787,6517,2015-10-13,1.0
17581,11926,2015-10-13,1.0
11260,81409,2015-10-13,1.0
68663,17581,2015-10-13,1.0
43076,81389,2015-10-13,1.0
37861,2042,2015-10-13,1.0
51137,51137,2015-10-13,1.0
48839,76333,2015-10-13,1.0
1306,18756,2015-10-13,1.0
79888,35840,2015-10-13,1.0
12858,3684,2015-10-13,1.0
21907,21907,2015-10-13,1.0
2622,51137,2015-10-13,1.0
81401,81401,2015-10-13,1.0
39552,76506,2015-10-13,1.0
3651,3651,2015-10-13,1.0
35840,35840,2015-10-13,1.0
50551,35702,2015-10-13,1.0
81206,81206,2015-10-13,1.0
7206,7206,2015-10-13,1.0
3206,8784,2015-10-13,1.0
15388,81420,2015-10-13,1.0
28104,43138,2015-10-13,1.0
48839,2926,2015-10-13,1.0
2926,2926,2015-10-13,1.0
81273,81273,2015-10-13,1.0
57398,44812,2015-10-13,1.0
81273,7813,2015-10-13,1.0
17087,44143,2015-10-13,1.0
297,297,2015-10-13,1.0
11142,44812,2015-10-13,1.0
8784,8784,2015-10-13,1.0
9118,9118,2015-10-13,1.0
12705,59189,2015-10-13,1.0
18060,297,2015-10-13,1.0
6084,12481,2015-10-13,1.0
1131,2926,2015-10-13,1.0
22810,4975,2015-10-13,1.0
42531,42531,2015-10-13,1.0
4312,9118,2015-10-13,1.0
2362,11640,2015-10-13,1.0
28104,74719,2015-10-13,1.0
12481,12481,2015-10-13,1.0
23835,23835,2015-10-13,1.0
1946,7206,2015-10-13,1.0
3948,42278,2015-10-13,1.0
56553,56553,2015-10-13,1.0
34538,42278,2015-10-13,1.0
2926,59189,2015-10-13,1.0
454,34538,2015-10-13,1.0
78,42278,2015-10-13,1.0
43076,15242,2015-10-13,1.0
763,39380,2015-10-13,1.0
36886,36886,2015-10-13,1.0
10718,81307,2015-10-13,1.0
4832,42531,2015-10-13,1.0
19088,19088,2015-10-13,1.0
8887,65972,2015-10-13,1.0
44143,44143,2015-10-13,1.0
15570,58307,2015-10-13,1.0
66009,74268,2015-10-13,1.0
27249,27249,2015-10-13,1.0
2653,33209,2015-10-13,1.0
65800,65800,2015-10-13,1.0
81415,5199,2015-10-13,1.0
6094,70190,2015-10-13,1.0
17029,43681,2015-10-13,1.0
11142,70190,2015-10-13,1.0
11540,81400,2015-10-13,1.0
6950,13113,2015-10-13,1.0
58307,15570,2015-10-13,1.0
11640,70593,2015-10-13,1.0
36385,30186,2015-10-13,1.0
14515,14515,2015-10-13,1.0
11115,23835,2015-10-13,1.0
7206,23835,2015-10-13,1.0
6517,17787,2015-10-13,1.0
30186,36385,2015-10-13,1.0
36385,36385,2015-10-13,1.0
50846,70593,2015-10-13,1.0
9072,66558,2015-10-13,1.0
3959,66558,2015-10-13,1.0
66558,66558,2015-10-13,1.0
3206,66558,2015-10-13,1.0
43076,70593,2015-10-13,1.0
9072,81349,2015-10-13,1.0
17581,68663,2015-10-13,1.0
3684,62471,2015-10-13,1.0
11926,15242,2015-10-13,1.0
17581,2912,2015-10-13,1.0
81400,42531,2015-10-13,1.0
297,44812,2015-10-13,1.0
11640,2362,2015-10-13,1.0
6818,12653,2015-10-13,1.0
21564,63996,2015-10-13,1.0
36212,34538,2015-10-13,1.0
42278,34538,2015-10-13,1.0
20302,42531,2015-10-13,1.0
12481,76479,2015-10-13,1.0
11142,62471,2015-10-13,1.0
24386,37902,2015-10-13,1.0
9652,81429,2015-10-13,1.0
39552,36563,2015-10-13,1.0
32389,81051,2015-10-13,1.0
5712,76333,2015-10-13,1.0
4312,76333,2015-10-13,1.0
60435,81051,2015-10-13,1.0
40297,39380,2015-10-13,1.0
76506,76506,2015-10-13,1.0
44143,17087,2015-10-13,1.0
9449,81349,2015-10-13,1.0
62135,62135,2015-10-13,1.0
22277,81400,2015-10-13,1.0
763,81051,2015-10-13,1.0
11540,11540,2015-10-13,1.0
22971,81349,2015-10-13,1.0
8887,11142,2015-10-13,1.0
3684,81389,2015-10-13,1.0
290,81416,2015-10-13,1.0
2554,41619,2015-10-13,1.0
14450,14450,2015-10-13,1.0
6517,6517,2015-10-13,1.0
6269,81349,2015-10-13,1.0
15242,11926,2015-10-13,1.0
10475,81409,2015-10-13,1.0
62471,3684,2015-10-13,1.0
290,81422,2015-10-13,1.0
81332,15242,2015-10-13,1.0
15934,81422,2015-10-13,1.0
1131,59189,2015-10-13,1.0
22277,6249,2015-10-13,1.0
11926,11926,2015-10-13,1.0
22971,39380,2015-10-13,1.0
22,22,2015-10-13,1.0
15242,15242,2015-10-13,1.0
35702,26039,2015-10-13,1.0
4832,66558,2015-10-13,1.0
35702,35702,2015-10-13,1.0
14094,14450,2015-10-13,1.0
613,9161,2015-10-13,1.0
613,81401,2015-10-13,1.0
13113,13113,2015-10-13,1.0
55893,55893,2015-10-13,1.0
11142,11142,2015-10-13,1.0
70190,6094,2015-10-13,1.0
13113,6950,2015-10-13,1.0
6094,6094,2015-10-13,1.0
43076,81416,2015-10-13,1.0
949,15242,2015-10-13,1.0
13650,11142,2015-10-13,1.0
13972,81414,2015-10-13,1.0
62471,62471,2015-10-13,1.0
391,39380,2015-10-13,1.0
11260,66731,2015-10-13,1.0
28104,78328,2015-10-13,1.0
81412,81412,2015-10-13,1.0
81414,81414,2015-10-13,1.0
2926,5199,2015-10-13,1.0
59189,59189,2015-10-13,1.0
43108,2481,2015-10-14,1.0
2384,38512,2015-10-14,1.0
11260,38512,2015-10-14,1.0
58307,11966,2015-10-14,1.0
26522,2481,2015-10-14,1.0
64141,64141,2015-10-14,1.0
461,38512,2015-10-14,1.0
81462,81462,2015-10-14,1.0
80192,2384,2015-10-14,1.0
2233,20186,2015-10-14,1.0
15488,15488,2015-10-14,1.0
22131,5810,2015-10-14,1.0
16702,22758,2015-10-14,1.0
9652,81461,2015-10-14,1.0
39552,57690,2015-10-14,1.0
11142,11142,2015-10-14,1.0
801,81468,2015-10-14,1.0
42531,42531,2015-10-14,1.0
75616,39380,2015-10-14,1.0
11260,81462,2015-10-14,1.0
4177,2362,2015-10-14,1.0
43076,42690,2015-10-14,1.0
39552,29241,2015-10-14,1.0
26522,42690,2015-10-14,1.0
11966,1162,2015-10-14,1.0
81433,81433,2015-10-14,1.0
12481,12481,2015-10-14,1.0
36563,29241,2015-10-14,1.0
36563,39552,2015-10-14,1.0
36563,15488,2015-10-14,1.0
1291,22052,2015-10-14,1.0
12156,9449,2015-10-14,1.0
35482,33854,2015-10-14,1.0
5690,81462,2015-10-14,1.0
39552,39552,2015-10-14,1.0
2481,42690,2015-10-14,1.0
2503,2503,2015-10-14,1.0
70808,64141,2015-10-14,1.0
35417,80597,2015-10-14,1.0
29316,38512,2015-10-14,1.0
81468,81468,2015-10-14,1.0
21907,21907,2015-10-14,1.0
5810,5810,2015-10-14,1.0
58777,58777,2015-10-14,1.0
20302,81462,2015-10-14,1.0
45861,45861,2015-10-14,1.0
29241,29241,2015-10-14,1.0
454,56819,2015-10-14,1.0
2926,8799,2015-10-14,1.0
1017,4528,2015-10-14,1.0
58777,81462,2015-10-14,1.0
360,360,2015-10-14,1.0
1162,1162,2015-10-14,1.0
43681,17029,2015-10-14,1.0
28104,26778,2015-10-14,1.0
4832,74519,2015-10-14,1.0
14450,11142,2015-10-14,1.0
41258,45979,2015-10-14,1.0
3206,74156,2015-10-14,1.0
12643,81420,2015-10-14,1.0
15388,81420,2015-10-14,1.0
11966,11966,2015-10-14,1.0
3948,81462,2015-10-14,1.0
14450,81468,2015-10-14,1.0
11966,3651,2015-10-14,1.0
36688,50438,2015-10-14,1.0
7460,8799,2015-10-14,1.0
14450,8799,2015-10-14,1.0
9652,15570,2015-10-14,1.0
25510,11966,2015-10-14,1.0
25510,1162,2015-10-14,1.0
1946,5810,2015-10-14,1.0
11966,25510,2015-10-14,1.0
9317,2481,2015-10-14,1.0
21574,21574,2015-10-14,1.0
5810,56819,2015-10-14,1.0
14549,21870,2015-10-14,1.0
10366,360,2015-10-14,1.0
297,297,2015-10-14,1.0
81332,15242,2015-10-14,1.0
2383,10266,2015-10-14,1.0
15242,15242,2015-10-14,1.0
8133,6085,2015-10-14,1.0
2383,1261,2015-10-14,1.0
3948,11100,2015-10-14,1.0
2383,4737,2015-10-14,1.0
11142,44812,2015-10-14,1.0
2383,2043,2015-10-14,1.0
9317,81051,2015-10-14,1.0
11142,11966,2015-10-14,1.0
81051,81051,2015-10-14,1.0
81051,11260,2015-10-14,1.0
2383,1441,2015-10-14,1.0
297,2043,2015-10-14,1.0
6085,6085,2015-10-14,1.0
56553,56553,2015-10-14,1.0
11260,9118,2015-10-14,1.0
7206,7206,2015-10-14,1.0
39552,36563,2015-10-14,1.0
405,9118,2015-10-14,1.0
15242,11926,2015-10-14,1.0
39602,81349,2015-10-14,1.0
62471,11142,2015-10-14,1.0
1231,749,2015-10-14,1.0
26522,297,2015-10-14,1.0
13650,6618,2015-10-14,1.0
3106,3106,2015-10-14,1.0
454,11100,2015-10-14,1.0
11100,11100,2015-10-14,1.0
22758,16702,2015-10-14,1.0
4832,42531,2015-10-14,1.0
4814,2926,2015-10-14,1.0
11640,11640,2015-10-14,1.0
18406,30643,2015-10-14,1.0
6085,11260,2015-10-14,1.0
11260,11260,2015-10-14,1.0
2926,2926,2015-10-14,1.0
5810,12481,2015-10-14,1.0
16702,16702,2015-10-14,1.0
17087,44143,2015-10-14,1.0
27453,11142,2015-10-14,1.0
12156,4737,2015-10-14,1.0
22758,22758,2015-10-14,1.0
41619,2554,2015-10-14,1.0
14974,81433,2015-10-14,1.0
806,25011,2015-10-14,1.0
42716,11035,2015-10-14,1.0
25011,25011,2015-10-14,1.0
24965,2503,2015-10-14,1.0
24309,80891,2015-10-14,1.0
11926,2384,2015-10-14,1.0
2384,2384,2015-10-14,1.0
3324,3684,2015-10-14,1.0
46856,13972,2015-10-14,1.0
13972,13972,2015-10-14,1.0
11115,7206,2015-10-14,1.0
25642,81307,2015-10-14,1.0
2384,26522,2015-10-14,1.0
66731,66731,2015-10-14,1.0
3803,30726,2015-10-14,1.0
19276,66731,2015-10-14,1.0
16702,3919,2015-10-14,1.0
41291,1261,2015-10-14,1.0
2383,30726,2015-10-14,1.0
44143,44143,2015-10-14,1.0
1946,14302,2015-10-14,1.0
2926,4554,2015-10-14,1.0
80891,81414,2015-10-14,1.0
43076,30726,2015-10-14,1.0
30726,30726,2015-10-14,1.0
14340,8133,2015-10-14,1.0
70355,6976,2015-10-14,1.0
6950,61522,2015-10-14,1.0
20302,81349,2015-10-14,1.0
11540,11540,2015-10-14,1.0
11640,81287,2015-10-14,1.0
2362,11640,2015-10-14,1.0
29697,52871,2015-10-14,1.0
70808,81421,2015-10-14,1.0
27816,3709,2015-10-14,1.0
64141,65800,2015-10-14,1.0
45979,41258,2015-10-14,1.0
3651,11966,2015-10-14,1.0
32389,2926,2015-10-14,1.0
29241,36563,2015-10-14,1.0
43108,8799,2015-10-14,1.0
11142,81468,2015-10-14,1.0
360,45846,2015-10-14,1.0
5263,81483,2015-10-14,1.0
13113,31134,2015-10-14,1.0
9502,81483,2015-10-14,1.0
2233,8628,2015-10-14,1.0
11142,8799,2015-10-14,1.0
11142,56819,2015-10-14,1.0
2689,7206,2015-10-14,1.0
26522,2384,2015-10-14,1.0
1073,34538,2015-10-14,1.0
25011,69681,2015-10-14,1.0
6085,8133,2015-10-14,1.0
18406,78761,2015-10-14,1.0
11260,8133,2015-10-14,1.0
6094,4423,2015-10-14,1.0
49,81287,2015-10-14,1.0
13972,46856,2015-10-14,1.0
80891,81421,2015-10-14,1.0
80874,81349,2015-10-14,1.0
2554,41619,2015-10-14,1.0
1162,11966,2015-10-14,1.0
1492,8628,2015-10-14,1.0
3684,3324,2015-10-14,1.0
11260,81051,2015-10-14,1.0
5101,5101,2015-10-15,1.0
6506,5101,2015-10-15,1.0
2622,51137,2015-10-15,1.0
64308,31324,2015-10-15,1.0
6269,50384,2015-10-15,1.0
17787,6517,2015-10-15,1.0
76318,76318,2015-10-15,1.0
2383,13972,2015-10-15,1.0
5810,1946,2015-10-15,1.0
13268,468,2015-10-15,1.0
13268,798,2015-10-15,1.0
6517,6517,2015-10-15,1.0
5101,6506,2015-10-15,1.0
12705,1946,2015-10-15,1.0
14549,14551,2015-10-15,1.0
48554,48554,2015-10-15,1.0
13650,81520,2015-10-15,1.0
3948,36688,2015-10-15,1.0
36688,36688,2015-10-15,1.0
51137,51137,2015-10-15,1.0
30684,76318,2015-10-15,1.0
19949,4177,2015-10-15,1.0
23141,23141,2015-10-15,1.0
52842,39026,2015-10-15,1.0
7206,48792,2015-10-15,1.0
48792,48792,2015-10-15,1.0
5690,76318,2015-10-15,1.0
10368,23141,2015-10-15,1.0
21870,21870,2015-10-15,1.0
56819,56819,2015-10-15,1.0
8133,33039,2015-10-15,1.0
6506,15242,2015-10-15,1.0
35840,81468,2015-10-15,1.0
12481,48554,2015-10-15,1.0
41291,10366,2015-10-15,1.0
51428,51428,2015-10-15,1.0
43076,42690,2015-10-15,1.0
3075,10366,2015-10-15,1.0
801,81468,2015-10-15,1.0
10366,10366,2015-10-15,1.0
75616,4177,2015-10-15,1.0
47484,2384,2015-10-15,1.0
8628,2233,2015-10-15,1.0
56819,11142,2015-10-15,1.0
37110,37110,2015-10-15,1.0
81489,78,2015-10-15,1.0
2653,37110,2015-10-15,1.0
6043,3503,2015-10-15,1.0
5516,32151,2015-10-15,1.0
25510,25510,2015-10-15,1.0
18606,1492,2015-10-15,1.0
2926,51428,2015-10-15,1.0
13113,13113,2015-10-15,1.0
2954,33039,2015-10-15,1.0
80248,80248,2015-10-15,1.0
33039,33039,2015-10-15,1.0
21369,9928,2015-10-15,1.0
39552,39552,2015-10-15,1.0
13972,15482,2015-10-15,1.0
1946,75063,2015-10-15,1.0
36146,36146,2015-10-15,1.0
1946,1946,2015-10-15,1.0
31134,13113,2015-10-15,1.0
15570,15570,2015-10-15,1.0
6756,48554,2015-10-15,1.0
26039,35702,2015-10-15,1.0
9652,76318,2015-10-15,1.0
3948,76318,2015-10-15,1.0
2383,6316,2015-10-15,1.0
81520,81520,2015-10-15,1.0
11260,81528,2015-10-15,1.0
5690,34766,2015-10-15,1.0
4177,4177,2015-10-15,1.0
6348,6348,2015-10-15,1.0
39026,39026,2015-10-15,1.0
4177,33039,2015-10-15,1.0
75619,2233,2015-10-15,1.0
20302,75293,2015-10-15,1.0
20597,8133,2015-10-15,1.0
27013,80248,2015-10-15,1.0
14549,21870,2015-10-15,1.0
12337,81520,2015-10-15,1.0
297,81528,2015-10-15,1.0
50658,23141,2015-10-15,1.0
848,76593,2015-10-15,1.0
28104,39552,2015-10-15,1.0
22758,22758,2015-10-15,1.0
81400,11540,2015-10-15,1.0
76012,76012,2015-10-15,1.0
1176,81489,2015-10-15,1.0
81400,22277,2015-10-15,1.0
9118,9118,2015-10-15,1.0
21907,4298,2015-10-15,1.0
9161,9161,2015-10-15,1.0
28104,81415,2015-10-15,1.0
34180,15503,2015-10-15,1.0
81489,81489,2015-10-15,1.0
56462,10366,2015-10-15,1.0
2290,66536,2015-10-15,1.0
9161,4362,2015-10-15,1.0
11919,2384,2015-10-15,1.0
18263,21369,2015-10-15,1.0
2481,2481,2015-10-15,1.0
26522,81490,2015-10-15,1.0
81461,81461,2015-10-15,1.0
6094,81461,2015-10-15,1.0
2554,76593,2015-10-15,1.0
70618,81461,2015-10-15,1.0
81153,81153,2015-10-15,1.0
76593,76593,2015-10-15,1.0
52890,10909,2015-10-15,1.0
2384,26522,2015-10-15,1.0
27513,8446,2015-10-15,1.0
2383,41291,2015-10-15,1.0
10368,76593,2015-10-15,1.0
3324,3684,2015-10-15,1.0
26522,26522,2015-10-15,1.0
75293,75293,2015-10-15,1.0
41291,41291,2015-10-15,1.0
66308,39552,2015-10-15,1.0
11100,11100,2015-10-15,1.0
8385,17029,2015-10-15,1.0
75293,41291,2015-10-15,1.0
9502,32151,2015-10-15,1.0
26522,2481,2015-10-15,1.0
81421,70808,2015-10-15,1.0
1233,1233,2015-10-15,1.0
81494,9404,2015-10-15,1.0
81415,5199,2015-10-15,1.0
2384,47484,2015-10-15,1.0
25331,58550,2015-10-15,1.0
9928,21369,2015-10-15,1.0
78,81489,2015-10-15,1.0
51428,1291,2015-10-15,1.0
18606,8628,2015-10-15,1.0
69977,69977,2015-10-15,1.0
11260,33039,2015-10-15,1.0
10366,62675,2015-10-15,1.0
10366,3075,2015-10-15,1.0
2384,4312,2015-10-15,1.0
3460,4177,2015-10-15,1.0
36146,3075,2015-10-15,1.0
2284,2481,2015-10-15,1.0
14551,21870,2015-10-15,1.0
36720,46856,2015-10-15,1.0
26208,4231,2015-10-15,1.0
44860,58203,2015-10-15,1.0
11054,81529,2015-10-15,1.0
1946,5810,2015-10-15,1.0
66536,32261,2015-10-15,1.0
27513,52871,2015-10-15,1.0
81421,80891,2015-10-15,1.0
11919,39552,2015-10-15,1.0
6818,749,2015-10-15,1.0
4423,6094,2015-10-15,1.0
6094,6094,2015-10-15,1.0
6269,1384,2015-10-15,1.0
41291,75293,2015-10-15,1.0
2362,11640,2015-10-15,1.0
2384,2384,2015-10-15,1.0
11966,58307,2015-10-15,1.0
4362,81462,2015-10-15,1.0
24309,70808,2015-10-15,1.0
38624,31134,2015-10-15,1.0
468,57255,2015-10-15,1.0
81420,81420,2015-10-15,1.0
9161,81462,2015-10-15,1.0
4177,81489,2015-10-15,1.0
11919,42690,2015-10-15,1.0
48792,48792,2015-10-16,1.0
21369,6666,2015-10-16,1.0
29241,39552,2015-10-16,1.0
1231,749,2015-10-16,1.0
22989,81530,2015-10-16,1.0
1946,48792,2015-10-16,1.0
43324,51137,2015-10-16,1.0
2926,290,2015-10-16,1.0
18606,22721,2015-10-16,1.0
81527,4832,2015-10-16,1.0
81533,81520,2015-10-16,1.0
11417,44812,2015-10-16,1.0
353,11142,2015-10-16,1.0
81530,81530,2015-10-16,1.0
353,43108,2015-10-16,1.0
20302,81520,2015-10-16,1.0
6506,6506,2015-10-16,1.0
81529,297,2015-10-16,1.0
4832,4832,2015-10-16,1.0
39552,39552,2015-10-16,1.0
41585,41585,2015-10-16,1.0
78525,58125,2015-10-16,1.0
12481,4312,2015-10-16,1.0
4312,4312,2015-10-16,1.0
2622,36554,2015-10-16,1.0
68732,68732,2015-10-16,1.0
17581,4312,2015-10-16,1.0
10366,31731,2015-10-16,1.0
81561,11618,2015-10-16,1.0
58125,58125,2015-10-16,1.0
58125,2926,2015-10-16,1.0
2926,2926,2015-10-16,1.0
43076,11618,2015-10-16,1.0
12643,15242,2015-10-16,1.0
39212,39212,2015-10-16,1.0
30827,30827,2015-10-16,1.0
8799,11966,2015-10-16,1.0
43795,43795,2015-10-16,1.0
41291,6756,2015-10-16,1.0
12178,7709,2015-10-16,1.0
62638,62638,2015-10-16,1.0
4177,3460,2015-10-16,1.0
10898,49208,2015-10-16,1.0
3272,297,2015-10-16,1.0
49208,49208,2015-10-16,1.0
75614,13576,2015-10-16,1.0
3684,41585,2015-10-16,1.0
2481,2481,2015-10-16,1.0
11260,81553,2015-10-16,1.0
5712,41585,2015-10-16,1.0
47396,47396,2015-10-16,1.0
14549,14551,2015-10-16,1.0
50846,49,2015-10-16,1.0
12793,48662,2015-10-16,1.0
2622,10898,2015-10-16,1.0
3684,81567,2015-10-16,1.0
28104,24669,2015-10-16,1.0
41619,41619,2015-10-16,1.0
28104,34682,2015-10-16,1.0
41619,11966,2015-10-16,1.0
51164,6666,2015-10-16,1.0
4832,41619,2015-10-16,1.0
297,297,2015-10-16,1.0
12705,34149,2015-10-16,1.0
28104,34149,2015-10-16,1.0
70618,39521,2015-10-16,1.0
33039,3106,2015-10-16,1.0
14094,18974,2015-10-16,1.0
81520,1061,2015-10-16,1.0
2926,10446,2015-10-16,1.0
5690,9253,2015-10-16,1.0
25485,81567,2015-10-16,1.0
47189,43324,2015-10-16,1.0
81567,81567,2015-10-16,1.0
28104,55889,2015-10-16,1.0
75619,25485,2015-10-16,1.0
45855,4312,2015-10-16,1.0
32151,32151,2015-10-16,1.0
28104,17492,2015-10-16,1.0
9502,32151,2015-10-16,1.0
42690,1384,2015-10-16,1.0
353,39891,2015-10-16,1.0
18128,18128,2015-10-16,1.0
17188,17188,2015-10-16,1.0
81528,297,2015-10-16,1.0
290,290,2015-10-16,1.0
5516,32151,2015-10-16,1.0
10898,10898,2015-10-16,1.0
4177,4177,2015-10-16,1.0
405,22721,2015-10-16,1.0
644,6666,2015-10-16,1.0
8446,8446,2015-10-16,1.0
58125,78525,2015-10-16,1.0
78525,78525,2015-10-16,1.0
1345,9485,2015-10-16,1.0
2807,7076,2015-10-16,1.0
1898,62638,2015-10-16,1.0
4832,39212,2015-10-16,1.0
20302,4814,2015-10-16,1.0
2530,15054,2015-10-16,1.0
81520,81520,2015-10-16,1.0
3684,58125,2015-10-16,1.0
2926,51428,2015-10-16,1.0
14551,14551,2015-10-16,1.0
11025,48792,2015-10-16,1.0
391,4177,2015-10-16,1.0
1441,1441,2015-10-16,1.0
21369,20302,2015-10-16,1.0
41291,7076,2015-10-16,1.0
51428,51428,2015-10-16,1.0
28104,23197,2015-10-16,1.0
2554,81420,2015-10-16,1.0
28104,5585,2015-10-16,1.0
81421,70808,2015-10-16,1.0
14830,78525,2015-10-16,1.0
70190,39212,2015-10-16,1.0
11926,26522,2015-10-16,1.0
4832,43062,2015-10-16,1.0
48839,41619,2015-10-16,1.0
42690,2481,2015-10-16,1.0
290,30827,2015-10-16,1.0
32261,66536,2015-10-16,1.0
290,36886,2015-10-16,1.0
2383,8857,2015-10-16,1.0
2383,4961,2015-10-16,1.0
66623,12120,2015-10-16,1.0
75293,10909,2015-10-16,1.0
36886,290,2015-10-16,1.0
8430,10898,2015-10-16,1.0
43438,68732,2015-10-16,1.0
2926,3106,2015-10-16,1.0
51424,51424,2015-10-16,1.0
43076,43108,2015-10-16,1.0
11640,43795,2015-10-16,1.0
7206,18128,2015-10-16,1.0
11500,3280,2015-10-16,1.0
1946,18128,2015-10-16,1.0
15629,11260,2015-10-16,1.0
2503,184,2015-10-16,1.0
37087,13650,2015-10-16,1.0
68722,51424,2015-10-16,1.0
69850,47396,2015-10-16,1.0
3460,3460,2015-10-16,1.0
11417,11417,2015-10-16,1.0
62675,10366,2015-10-16,1.0
10266,10266,2015-10-16,1.0
28104,81530,2015-10-16,1.0
12120,66623,2015-10-16,1.0
25246,6094,2015-10-16,1.0
11926,81349,2015-10-16,1.0
4600,81544,2015-10-16,1.0
13650,37087,2015-10-16,1.0
2926,58125,2015-10-16,1.0
3106,81349,2015-10-16,1.0
3803,2481,2015-10-16,1.0
2,2,2015-10-16,1.0
20302,21369,2015-10-16,1.0
4832,81527,2015-10-16,1.0
2481,42690,2015-10-16,1.0
7076,41291,2015-10-16,1.0
6666,21369,2015-10-16,1.0
290,81530,2015-10-16,1.0
297,81529,2015-10-16,1.0
6756,48554,2015-10-16,1.0
49208,10898,2015-10-16,1.0
43108,41585,2015-10-16,1.0
81529,81529,2015-10-16,1.0
78,78,2015-10-16,1.0
81573,25743,2015-10-16,1.0
3106,33039,2015-10-16,1.0
3897,21136,2015-10-16,1.0
41644,10366,2015-10-16,1.0
6032,81051,2015-10-16,1.0
25485,75619,2015-10-16,1.0
69850,30827,2015-10-16,1.0
18606,58327,2015-10-16,1.0
11966,41619,2015-10-16,1.0
81400,11877,2015-10-16,1.0
1061,81520,2015-10-16,1.0
3473,1459,2015-10-16,1.0
4572,4002,2015-10-16,1.0
39552,18974,2015-10-17,1.0
11926,43066,2015-10-17,1.0
43445,3172,2015-10-17,1.0
1946,38866,2015-10-17,1.0
38866,38866,2015-10-17,1.0
8133,81544,2015-10-17,1.0
36554,36554,2015-10-17,1.0
11919,297,2015-10-17,1.0
16537,17581,2015-10-17,1.0
11919,11919,2015-10-17,1.0
76593,81577,2015-10-17,1.0
4814,42278,2015-10-17,1.0
14830,11919,2015-10-17,1.0
2926,10769,2015-10-17,1.0
14551,76333,2015-10-17,1.0
3172,13972,2015-10-17,1.0
20302,76333,2015-10-17,1.0
3041,74492,2015-10-17,1.0
43266,22055,2015-10-17,1.0
32507,38361,2015-10-17,1.0
81583,11145,2015-10-17,1.0
14094,18974,2015-10-17,1.0
43850,81544,2015-10-17,1.0
13972,3172,2015-10-17,1.0
22989,61522,2015-10-17,1.0
43438,68732,2015-10-17,1.0
6094,2384,2015-10-17,1.0
34538,42278,2015-10-17,1.0
43076,81588,2015-10-17,1.0
39521,39521,2015-10-17,1.0
2362,4002,2015-10-17,1.0
4002,4002,2015-10-17,1.0
1566,43850,2015-10-17,1.0
36720,36720,2015-10-17,1.0
25485,81567,2015-10-17,1.0
62810,60986,2015-10-17,1.0
25485,47707,2015-10-17,1.0
60986,60986,2015-10-17,1.0
31731,31731,2015-10-17,1.0
19276,60986,2015-10-17,1.0
4312,6094,2015-10-17,1.0
12178,12178,2015-10-17,1.0
21574,60986,2015-10-17,1.0
10366,31731,2015-10-17,1.0
31310,81412,2015-10-17,1.0
28104,6794,2015-10-17,1.0
28104,39815,2015-10-17,1.0
81368,81368,2015-10-17,1.0
2954,81368,2015-10-17,1.0
77929,77929,2015-10-17,1.0
9502,81588,2015-10-17,1.0
11145,11145,2015-10-17,1.0
58787,75,2015-10-17,1.0
20302,77929,2015-10-17,1.0
50901,77929,2015-10-17,1.0
4177,3106,2015-10-17,1.0
23197,23197,2015-10-17,1.0
4923,3143,2015-10-17,1.0
391,49,2015-10-17,1.0
69850,47396,2015-10-17,1.0
440,34149,2015-10-17,1.0
11260,81598,2015-10-17,1.0
13653,81583,2015-10-17,1.0
81583,81583,2015-10-17,1.0
78525,58125,2015-10-17,1.0
46856,36720,2015-10-17,1.0
8250,81420,2015-10-17,1.0
70808,2672,2015-10-17,1.0
28104,23197,2015-10-17,1.0
43076,20995,2015-10-17,1.0
70808,9928,2015-10-17,1.0
81577,6094,2015-10-17,1.0
13168,81490,2015-10-17,1.0
297,81448,2015-10-17,1.0
297,76333,2015-10-17,1.0
11919,76333,2015-10-17,1.0
38523,73791,2015-10-17,1.0
31310,58125,2015-10-17,1.0
6094,4312,2015-10-17,1.0
54789,77929,2015-10-17,1.0
2362,2362,2015-10-17,1.0
43108,2612,2015-10-17,1.0
81368,80013,2015-10-17,1.0
4002,2362,2015-10-17,1.0
81601,33039,2015-10-17,1.0
2384,6094,2015-10-17,1.0
4600,80013,2015-10-17,1.0
2384,49,2015-10-17,1.0
17907,81544,2015-10-17,1.0
8966,81544,2015-10-17,1.0
6794,39815,2015-10-17,1.0
6094,81577,2015-10-17,1.0
4002,4572,2015-10-18,1.0
17087,44143,2015-10-18,1.0
1131,39212,2015-10-18,1.0
26538,78273,2015-10-18,1.0
3684,78792,2015-10-18,1.0
11500,3280,2015-10-18,1.0
14094,14094,2015-10-18,1.0
9417,3473,2015-10-18,1.0
81412,81412,2015-10-18,1.0
43423,43423,2015-10-18,1.0
73972,43423,2015-10-18,1.0
8430,8430,2015-10-18,1.0
49,49,2015-10-18,1.0
81632,76412,2015-10-18,1.0
13168,81490,2015-10-18,1.0
48839,76412,2015-10-18,1.0
48839,43062,2015-10-18,1.0
19276,43108,2015-10-18,1.0
43108,43108,2015-10-18,1.0
8430,81573,2015-10-18,1.0
38624,42278,2015-10-18,1.0
12337,42278,2015-10-18,1.0
36622,4177,2015-10-18,1.0
37103,66623,2015-10-18,1.0
47707,14094,2015-10-18,1.0
14094,78792,2015-10-18,1.0
81400,81400,2015-10-18,1.0
6094,4312,2015-10-18,1.0
29697,7434,2015-10-18,1.0
4312,4312,2015-10-18,1.0
30186,431,2015-10-18,1.0
15934,81605,2015-10-18,1.0
70964,81613,2015-10-18,1.0
8133,33039,2015-10-18,1.0
33039,33039,2015-10-18,1.0
43108,26522,2015-10-18,1.0
13972,14515,2015-10-18,1.0
76479,25,2015-10-18,1.0
1056,21491,2015-10-18,1.0
14515,14515,2015-10-18,1.0
25,25,2015-10-18,1.0
11919,14094,2015-10-18,1.0
391,43423,2015-10-18,1.0
81605,81605,2015-10-18,1.0
2481,14835,2015-10-18,1.0
81605,33039,2015-10-18,1.0
81629,8430,2015-10-18,1.0
12283,18908,2015-10-18,1.0
2926,10366,2015-10-18,1.0
10366,10366,2015-10-18,1.0
1463,14835,2015-10-18,1.0
4832,81632,2015-10-18,1.0
9072,81051,2015-10-18,1.0
81448,297,2015-10-18,1.0
26522,26522,2015-10-18,1.0
297,297,2015-10-18,1.0
763,61993,2015-10-18,1.0
12283,8133,2015-10-18,1.0
12705,80940,2015-10-18,1.0
9253,13972,2015-10-18,1.0
26522,13904,2015-10-18,1.0
3803,3545,2015-10-18,1.0
13904,13904,2015-10-18,1.0
13265,43423,2015-10-18,1.0
62680,20343,2015-10-18,1.0
11145,11115,2015-10-18,1.0
58307,5371,2015-10-18,1.0
75422,4832,2015-10-18,1.0
43266,5627,2015-10-18,1.0
22052,22052,2015-10-18,1.0
1291,22052,2015-10-18,1.0
75422,76412,2015-10-18,1.0
35840,14835,2015-10-18,1.0
22989,2926,2015-10-18,1.0
26522,81490,2015-10-18,1.0
14450,14450,2015-10-18,1.0
14450,14094,2015-10-18,1.0
14094,11919,2015-10-18,1.0
7710,7710,2015-10-18,1.0
2273,14972,2015-10-18,1.0
58307,766,2015-10-18,1.0
11115,11115,2015-10-18,1.0
43108,14972,2015-10-18,1.0
19276,57398,2015-10-18,1.0
58307,12128,2015-10-18,1.0
14094,47707,2015-10-18,1.0
10266,14450,2015-10-18,1.0
26522,43108,2015-10-18,1.0
11919,78792,2015-10-18,1.0
16659,66623,2015-10-18,1.0
9025,42278,2015-10-18,1.0
1946,39521,2015-10-18,1.0
5784,30721,2015-10-18,1.0
81309,20597,2015-10-18,1.0
33927,347,2015-10-18,1.0
4807,16639,2015-10-18,1.0
4231,37695,2015-10-18,1.0
19276,60986,2015-10-18,1.0
14450,78792,2015-10-18,1.0
81613,70964,2015-10-18,1.0
14515,56819,2015-10-18,1.0
8430,81629,2015-10-18,1.0
76412,81632,2015-10-18,1.0
440,4312,2015-10-18,1.0
8838,143,2015-10-18,1.0
28104,14835,2015-10-18,1.0
36688,61993,2015-10-18,1.0
12283,80940,2015-10-18,1.0
9091,48662,2015-10-18,1.0
75422,81632,2015-10-18,1.0
13972,9253,2015-10-18,1.0
12283,75685,2015-10-18,1.0
58307,1459,2015-10-18,1.0
11919,7710,2015-10-18,1.0
947,1459,2015-10-18,1.0
22846,31327,2015-10-18,1.0
43108,56372,2015-10-18,1.0
437,25477,2015-10-18,1.0
1176,80388,2015-10-18,1.0
81636,38324,2015-10-18,1.0
20343,62680,2015-10-18,1.0
2807,81567,2015-10-18,1.0
57398,43108,2015-10-18,1.0
11115,11145,2015-10-18,1.0
37103,3948,2015-10-19,1.0
80940,12283,2015-10-19,1.0
51424,43108,2015-10-19,1.0
8133,8133,2015-10-19,1.0
4923,38624,2015-10-19,1.0
440,440,2015-10-19,1.0
14835,28104,2015-10-19,1.0
18128,2415,2015-10-19,1.0
28104,28104,2015-10-19,1.0
75,33927,2015-10-19,1.0
7710,11919,2015-10-19,1.0
33927,33927,2015-10-19,1.0
80940,80940,2015-10-19,1.0
13265,43501,2015-10-19,1.0
14835,14835,2015-10-19,1.0
12283,80940,2015-10-19,1.0
43501,43501,2015-10-19,1.0
17734,65937,2015-10-19,1.0
14830,17773,2015-10-19,1.0
3545,3545,2015-10-19,1.0
37103,66623,2015-10-19,1.0
81663,81663,2015-10-19,1.0
81422,81422,2015-10-19,1.0
34483,4832,2015-10-19,1.0
9449,43501,2015-10-19,1.0
81332,81663,2015-10-19,1.0
17773,17773,2015-10-19,1.0
3684,4923,2015-10-19,1.0
48826,3621,2015-10-19,1.0
31310,31310,2015-10-19,1.0
37103,22569,2015-10-19,1.0
11054,34483,2015-10-19,1.0
37103,51,2015-10-19,1.0
3075,11540,2015-10-19,1.0
46856,36720,2015-10-19,1.0
1131,39212,2015-10-19,1.0
81553,81553,2015-10-19,1.0
57571,57571,2015-10-19,1.0
297,1056,2015-10-19,1.0
26039,81269,2015-10-19,1.0
81588,81588,2015-10-19,1.0
1056,81507,2015-10-19,1.0
12858,81674,2015-10-19,1.0
35529,5712,2015-10-19,1.0
81269,81269,2015-10-19,1.0
7460,36563,2015-10-19,1.0
42690,42690,2015-10-19,1.0
1056,1056,2015-10-19,1.0
2926,5627,2015-10-19,1.0
13972,43681,2015-10-19,1.0
41139,3324,2015-10-19,1.0
25485,81507,2015-10-19,1.0
22606,13972,2015-10-19,1.0
37103,57571,2015-10-19,1.0
76593,81680,2015-10-19,1.0
15780,8133,2015-10-19,1.0
2481,42690,2015-10-19,1.0
8027,51,2015-10-19,1.0
10035,35529,2015-10-19,1.0
35529,35529,2015-10-19,1.0
2807,81507,2015-10-19,1.0
30967,51137,2015-10-19,1.0
7743,7743,2015-10-19,1.0
4767,81674,2015-10-19,1.0
13265,36563,2015-10-19,1.0
5712,5712,2015-10-19,1.0
10366,5712,2015-10-19,1.0
2480,80950,2015-10-19,1.0
40297,65937,2015-10-19,1.0
81567,2807,2015-10-19,1.0
39212,39212,2015-10-19,1.0
9253,9253,2015-10-19,1.0
1445,9253,2015-10-19,1.0
63877,81332,2015-10-19,1.0
2415,2415,2015-10-19,1.0
17773,16510,2015-10-19,1.0
40644,26039,2015-10-19,1.0
45947,78525,2015-10-19,1.0
40297,40297,2015-10-19,1.0
12283,12283,2015-10-19,1.0
1291,62639,2015-10-19,1.0
70211,40297,2015-10-19,1.0
78525,78525,2015-10-19,1.0
81671,81671,2015-10-19,1.0
26039,26039,2015-10-19,1.0
35840,65937,2015-10-19,1.0
4312,81671,2015-10-19,1.0
5712,10366,2015-10-19,1.0
25477,437,2015-10-19,1.0
21491,21491,2015-10-19,1.0
81332,63877,2015-10-19,1.0
4832,34483,2015-10-19,1.0
4832,4923,2015-10-19,1.0
53180,5712,2015-10-19,1.0
8133,20597,2015-10-19,1.0
613,46856,2015-10-19,1.0
31310,81412,2015-10-19,1.0
81607,9253,2015-10-19,1.0
8146,43062,2015-10-19,1.0
11540,81626,2015-10-19,1.0
4231,22846,2015-10-19,1.0
4231,31327,2015-10-19,1.0
26522,13904,2015-10-19,1.0
13904,13904,2015-10-19,1.0
6101,76412,2015-10-19,1.0
20302,81649,2015-10-19,1.0
16510,17773,2015-10-19,1.0
26039,40644,2015-10-19,1.0
402,381,2015-10-19,1.0
6348,36931,2015-10-19,1.0
60618,70964,2015-10-19,1.0
81169,60986,2015-10-19,1.0
317,31475,2015-10-19,1.0
2362,2362,2015-10-19,1.0
5712,35529,2015-10-19,1.0
62639,62639,2015-10-19,1.0
40297,70211,2015-10-19,1.0
7206,7206,2015-10-19,1.0
78525,45947,2015-10-19,1.0
11115,41953,2015-10-19,1.0
13972,22606,2015-10-19,1.0
31327,22846,2015-10-19,1.0
9253,66623,2015-10-19,1.0
13904,40644,2015-10-19,1.0
9253,40644,2015-10-19,1.0
12178,297,2015-10-19,1.0
11919,11919,2015-10-19,1.0
38361,38361,2015-10-19,1.0
40644,40644,2015-10-19,1.0
20033,2415,2015-10-19,1.0
6094,440,2015-10-19,1.0
45125,2415,2015-10-19,1.0
613,9253,2015-10-19,1.0
66623,16659,2015-10-19,1.0
8857,8857,2015-10-19,1.0
9253,81607,2015-10-19,1.0
4961,20343,2015-10-19,1.0
36720,36720,2015-10-19,1.0
2926,81626,2015-10-19,1.0
16659,16659,2015-10-19,1.0
48554,48554,2015-10-19,1.0
8430,20343,2015-10-19,1.0
10366,43850,2015-10-19,1.0
58125,31310,2015-10-19,1.0
76593,81621,2015-10-20,1.0
51478,51478,2015-10-20,1.0
78525,81488,2015-10-20,1.0
4767,81674,2015-10-20,1.0
3995,27066,2015-10-20,1.0
28104,81621,2015-10-20,1.0
21123,9736,2015-10-20,1.0
51478,297,2015-10-20,1.0
45947,81488,2015-10-20,1.0
14450,51478,2015-10-20,1.0
4312,81709,2015-10-20,1.0
81709,81709,2015-10-20,1.0
17734,65937,2015-10-20,1.0
22795,22795,2015-10-20,1.0
54628,22721,2015-10-20,1.0
1463,290,2015-10-20,1.0
5101,6506,2015-10-20,1.0
290,290,2015-10-20,1.0
65937,65937,2015-10-20,1.0
69850,11877,2015-10-20,1.0
4923,26522,2015-10-20,1.0
4807,4807,2015-10-20,1.0
8133,8133,2015-10-20,1.0
5792,5792,2015-10-20,1.0
2926,10898,2015-10-20,1.0
10898,10898,2015-10-20,1.0
10898,297,2015-10-20,1.0
3206,3206,2015-10-20,1.0
26522,26522,2015-10-20,1.0
37103,3206,2015-10-20,1.0
9449,23501,2015-10-20,1.0
43501,43501,2015-10-20,1.0
76453,76453,2015-10-20,1.0
2653,23501,2015-10-20,1.0
78,41970,2015-10-20,1.0
13972,13972,2015-10-20,1.0
41139,3324,2015-10-20,1.0
41139,4807,2015-10-20,1.0
4177,41970,2015-10-20,1.0
12481,3206,2015-10-20,1.0
7206,41953,2015-10-20,1.0
7721,2039,2015-10-20,1.0
10366,2039,2015-10-20,1.0
3948,6101,2015-10-20,1.0
2383,8857,2015-10-20,1.0
4231,11877,2015-10-20,1.0
4923,4923,2015-10-20,1.0
43850,2039,2015-10-20,1.0
81674,81674,2015-10-20,1.0
81269,81269,2015-10-20,1.0
402,41686,2015-10-20,1.0
41970,41970,2015-10-20,1.0
3995,3995,2015-10-20,1.0
4002,5792,2015-10-20,1.0
806,46852,2015-10-20,1.0
763,3995,2015-10-20,1.0
2926,1106,2015-10-20,1.0
11640,12204,2015-10-20,1.0
9072,10898,2015-10-20,1.0
12204,12204,2015-10-20,1.0
51478,13972,2015-10-20,1.0
4312,1358,2015-10-20,1.0
8430,4923,2015-10-20,1.0
56819,14515,2015-10-20,1.0
11437,41686,2015-10-20,1.0
1131,23291,2015-10-20,1.0
70808,51478,2015-10-20,1.0
1946,41953,2015-10-20,1.0
41953,41953,2015-10-20,1.0
3684,3206,2015-10-20,1.0
13265,43501,2015-10-20,1.0
20302,10206,2015-10-20,1.0
1847,3684,2015-10-20,1.0
3948,51137,2015-10-20,1.0
13972,51478,2015-10-20,1.0
10266,81468,2015-10-20,1.0
763,27066,2015-10-20,1.0
23291,23291,2015-10-20,1.0
297,297,2015-10-20,1.0
13265,68440,2015-10-20,1.0
4231,81686,2015-10-20,1.0
2733,36561,2015-10-20,1.0
20597,8133,2015-10-20,1.0
391,43423,2015-10-20,1.0
2039,43850,2015-10-20,1.0
81710,10206,2015-10-20,1.0
81710,1462,2015-10-20,1.0
8799,81621,2015-10-20,1.0
41953,39521,2015-10-20,1.0
9025,81703,2015-10-20,1.0
3684,10206,2015-10-20,1.0
28104,81709,2015-10-20,1.0
290,14233,2015-10-20,1.0
10443,14835,2015-10-20,1.0
81677,12248,2015-10-20,1.0
4333,68440,2015-10-20,1.0
70808,15884,2015-10-20,1.0
5516,43198,2015-10-20,1.0
2926,2926,2015-10-20,1.0
25485,81507,2015-10-20,1.0
3651,43681,2015-10-20,1.0
78,43198,2015-10-20,1.0
14450,3206,2015-10-20,1.0
23291,3206,2015-10-20,1.0
80013,80013,2015-10-20,1.0
70618,38866,2015-10-20,1.0
70190,81412,2015-10-20,1.0
58777,9161,2015-10-20,1.0
5263,43681,2015-10-20,1.0
25510,43681,2015-10-20,1.0
42690,42690,2015-10-20,1.0
81488,45947,2015-10-20,1.0
43681,43681,2015-10-20,1.0
13113,58096,2015-10-20,1.0
1131,4312,2015-10-20,1.0
61522,81626,2015-10-20,1.0
2954,80013,2015-10-20,1.0
3684,1847,2015-10-20,1.0
80000,5417,2015-10-20,1.0
10266,78792,2015-10-20,1.0
297,51478,2015-10-20,1.0
2653,81443,2015-10-20,1.0
30726,10898,2015-10-20,1.0
297,10898,2015-10-20,1.0
13265,81674,2015-10-20,1.0
26522,4923,2015-10-20,1.0
38866,70618,2015-10-20,1.0
81686,81686,2015-10-20,1.0
81490,13168,2015-10-20,1.0
81488,81488,2015-10-20,1.0
42690,21596,2015-10-20,1.0
25510,25510,2015-10-20,1.0
4312,1131,2015-10-20,1.0
11640,437,2015-10-20,1.0
2672,2672,2015-10-20,1.0
2807,2807,2015-10-20,1.0
20233,41970,2015-10-20,1.0
66623,76453,2015-10-20,1.0
1131,1131,2015-10-20,1.0
13265,80000,2015-10-20,1.0
16002,80437,2015-10-20,1.0
48322,2841,2015-10-20,1.0
4696,81649,2015-10-20,1.0
4312,60892,2015-10-20,1.0
3324,3324,2015-10-20,1.0
290,43681,2015-10-20,1.0
1094,41103,2015-10-20,1.0
21684,43681,2015-10-20,1.0
5263,80950,2015-10-20,1.0
5690,37385,2015-10-20,1.0
41953,11115,2015-10-20,1.0
7206,70618,2015-10-20,1.0
51424,40297,2015-10-20,1.0
66623,9253,2015-10-20,1.0
10366,25510,2015-10-20,1.0
3959,37385,2015-10-20,1.0
1946,37385,2015-10-20,1.0
20729,927,2015-10-20,1.0
4231,81101,2015-10-20,1.0
43681,25510,2015-10-20,1.0
60892,60892,2015-10-20,1.0
13042,1407,2015-10-20,1.0
18739,23291,2015-10-21,1.0
43076,36688,2015-10-21,1.0
23501,23501,2015-10-21,1.0
13265,70211,2015-10-21,1.0
630,46852,2015-10-21,1.0
34444,2386,2015-10-21,1.0
36688,36688,2015-10-21,1.0
66622,66622,2015-10-21,1.0
37103,66622,2015-10-21,1.0
34444,8435,2015-10-21,1.0
9161,58777,2015-10-21,1.0
1358,38624,2015-10-21,1.0
5690,36688,2015-10-21,1.0
13113,38624,2015-10-21,1.0
5963,81688,2015-10-21,1.0
38624,38624,2015-10-21,1.0
66607,81730,2015-10-21,1.0
13113,1358,2015-10-21,1.0
3324,3324,2015-10-21,1.0
763,36688,2015-10-21,1.0
8430,81738,2015-10-21,1.0
46852,46852,2015-10-21,1.0
5516,43198,2015-10-21,1.0
2362,32022,2015-10-21,1.0
14835,10443,2015-10-21,1.0
806,46852,2015-10-21,1.0
2362,5690,2015-10-21,1.0
17734,50846,2015-10-21,1.0
9924,46852,2015-10-21,1.0
3206,23291,2015-10-21,1.0
1358,1358,2015-10-21,1.0
763,3995,2015-10-21,1.0
3206,22277,2015-10-21,1.0
1463,10443,2015-10-21,1.0
1463,14835,2015-10-21,1.0
3206,3206,2015-10-21,1.0
43076,3000,2015-10-21,1.0
11054,1358,2015-10-21,1.0
70808,81730,2015-10-21,1.0
23141,3995,2015-10-21,1.0
78,36688,2015-10-21,1.0
41593,1358,2015-10-21,1.0
58777,58777,2015-10-21,1.0
21564,70808,2015-10-21,1.0
10718,62272,2015-10-21,1.0
70808,70808,2015-10-21,1.0
11919,43108,2015-10-21,1.0
11054,26207,2015-10-21,1.0
12337,35593,2015-10-21,1.0
35593,35593,2015-10-21,1.0
20233,41970,2015-10-21,1.0
43108,43108,2015-10-21,1.0
36721,36721,2015-10-21,1.0
454,81758,2015-10-21,1.0
76102,43108,2015-10-21,1.0
48839,36688,2015-10-21,1.0
4333,4333,2015-10-21,1.0
3106,8133,2015-10-21,1.0
7721,2039,2015-10-21,1.0
5429,1345,2015-10-21,1.0
5429,4720,2015-10-21,1.0
8430,13972,2015-10-21,1.0
15570,15570,2015-10-21,1.0
2926,3847,2015-10-21,1.0
34444,15819,2015-10-21,1.0
48839,5690,2015-10-21,1.0
56668,36721,2015-10-21,1.0
26039,8628,2015-10-21,1.0
12156,80110,2015-10-21,1.0
2926,10435,2015-10-21,1.0
41291,51478,2015-10-21,1.0
81703,9025,2015-10-21,1.0
34180,38267,2015-10-21,1.0
81758,81758,2015-10-21,1.0
22131,5690,2015-10-21,1.0
6518,42690,2015-10-21,1.0
2481,5712,2015-10-21,1.0
70808,4362,2015-10-21,1.0
76498,38805,2015-10-21,1.0
70808,80110,2015-10-21,1.0
39747,36688,2015-10-21,1.0
40297,347,2015-10-21,1.0
20302,18938,2015-10-21,1.0
81746,56222,2015-10-21,1.0
17734,14233,2015-10-21,1.0
14830,6094,2015-10-21,1.0
35419,80751,2015-10-21,1.0
38624,1358,2015-10-21,1.0
5690,5690,2015-10-21,1.0
12674,81738,2015-10-21,1.0
80110,80110,2015-10-21,1.0
39521,8628,2015-10-21,1.0
22131,58682,2015-10-21,1.0
766,26207,2015-10-21,1.0
12337,81758,2015-10-21,1.0
7717,12261,2015-10-21,1.0
81745,81745,2015-10-21,1.0
5690,81745,2015-10-21,1.0
70808,21349,2015-10-21,1.0
3041,36688,2015-10-21,1.0
35593,12337,2015-10-21,1.0
43108,81758,2015-10-21,1.0
12176,74453,2015-10-21,1.0
360,35150,2015-10-21,1.0
5659,43445,2015-10-21,1.0
50846,42690,2015-10-21,1.0
43108,76102,2015-10-21,1.0
21051,58682,2015-10-21,1.0
78,402,2015-10-21,1.0
17581,74453,2015-10-21,1.0
81488,23661,2015-10-21,1.0
23661,23661,2015-10-21,1.0
6094,14830,2015-10-21,1.0
1465,81745,2015-10-21,1.0
50846,50846,2015-10-21,1.0
21051,66622,2015-10-21,1.0
70808,36688,2015-10-21,1.0
11640,24965,2015-10-21,1.0
81169,80361,2015-10-21,1.0
1345,80361,2015-10-21,1.0
3684,3206,2015-10-21,1.0
20507,81722,2015-10-21,1.0
51137,51137,2015-10-21,1.0
29697,23661,2015-10-21,1.0
13168,13168,2015-10-21,1.0
81709,4312,2015-10-21,1.0
22277,22277,2015-10-21,1.0
1131,81688,2015-10-21,1.0
2653,23501,2015-10-21,1.0
2290,3000,2015-10-21,1.0
3000,3000,2015-10-21,1.0
8133,8133,2015-10-21,1.0
65995,8133,2015-10-21,1.0
26039,38869,2015-10-21,1.0
81567,2807,2015-10-21,1.0
13265,4333,2015-10-21,1.0
80361,80361,2015-10-21,1.0
41139,3324,2015-10-21,1.0
70808,23106,2015-10-21,1.0
6666,35150,2015-10-21,1.0
20781,2618,2015-10-21,1.0
2926,81710,2015-10-21,1.0
11142,80361,2015-10-21,1.0
10266,14450,2015-10-21,1.0
4961,50856,2015-10-21,1.0
14450,14450,2015-10-21,1.0
11115,11115,2015-10-21,1.0
11115,7206,2015-10-21,1.0
11417,58096,2015-10-21,1.0
11417,13113,2015-10-21,1.0
50846,80110,2015-10-21,1.0
41593,38624,2015-10-21,1.0
22131,36688,2015-10-21,1.0
13972,50856,2015-10-21,1.0
43850,2039,2015-10-21,1.0
39552,80110,2015-10-21,1.0
5690,80110,2015-10-21,1.0
50846,26901,2015-10-21,1.0
29783,1847,2015-10-21,1.0
50856,50856,2015-10-21,1.0
13767,22,2015-10-21,1.0
62272,62272,2015-10-21,1.0
26901,50846,2015-10-21,1.0
10266,12610,2015-10-22,1.0
8799,8799,2015-10-22,1.0
402,402,2015-10-22,1.0
1056,10909,2015-10-22,1.0
14094,81790,2015-10-22,1.0
81804,10909,2015-10-22,1.0
81807,56847,2015-10-22,1.0
9025,81784,2015-10-22,1.0
14450,12610,2015-10-22,1.0
35150,360,2015-10-22,1.0
81508,81508,2015-10-22,1.0
2926,15735,2015-10-22,1.0
20787,81790,2015-10-22,1.0
2284,81776,2015-10-22,1.0
13641,13641,2015-10-22,1.0
22606,48006,2015-10-22,1.0
57241,8799,2015-10-22,1.0
12176,12176,2015-10-22,1.0
15735,15735,2015-10-22,1.0
43076,3000,2015-10-22,1.0
28104,12610,2015-10-22,1.0
51223,35150,2015-10-22,1.0
1463,290,2015-10-22,1.0
1463,14835,2015-10-22,1.0
8430,8799,2015-10-22,1.0
56847,56847,2015-10-22,1.0
39004,39004,2015-10-22,1.0
10059,10059,2015-10-22,1.0
41291,10059,2015-10-22,1.0
13265,43198,2015-10-22,1.0
4312,81786,2015-10-22,1.0
2807,2807,2015-10-22,1.0
3948,6101,2015-10-22,1.0
1131,21907,2015-10-22,1.0
391,27398,2015-10-22,1.0
81786,81786,2015-10-22,1.0
68732,4312,2015-10-22,1.0
20302,81745,2015-10-22,1.0
27013,81801,2015-10-22,1.0
8430,47482,2015-10-22,1.0
81776,5712,2015-10-22,1.0
39004,2672,2015-10-22,1.0
317,14233,2015-10-22,1.0
8799,47482,2015-10-22,1.0
5712,81784,2015-10-22,1.0
8799,57241,2015-10-22,1.0
20302,18263,2015-10-22,1.0
4312,68732,2015-10-22,1.0
391,62135,2015-10-22,1.0
1131,76025,2015-10-22,1.0
12156,65800,2015-10-22,1.0
6634,81786,2015-10-22,1.0
4312,37421,2015-10-22,1.0
11919,36735,2015-10-22,1.0
6818,81698,2015-10-22,1.0
360,27153,2015-10-22,1.0
62272,62272,2015-10-22,1.0
36862,46852,2015-10-22,1.0
1508,1508,2015-10-22,1.0
15735,10366,2015-10-22,1.0
14830,6094,2015-10-22,1.0
5659,21574,2015-10-22,1.0
21574,21574,2015-10-22,1.0
3000,3000,2015-10-22,1.0
35840,13641,2015-10-22,1.0
27398,27398,2015-10-22,1.0
290,290,2015-10-22,1.0
10605,50409,2015-10-22,1.0
22989,81760,2015-10-22,1.0
4333,46578,2015-10-22,1.0
70808,36688,2015-10-22,1.0
6094,6094,2015-10-22,1.0
48839,81508,2015-10-22,1.0
30186,6094,2015-10-22,1.0
12674,36766,2015-10-22,1.0
12176,46852,2015-10-22,1.0
21574,43445,2015-10-22,1.0
3,33039,2015-10-22,1.0
9617,30827,2015-10-22,1.0
4312,3143,2015-10-22,1.0
76479,12481,2015-10-22,1.0
14835,14835,2015-10-22,1.0
6094,14830,2015-10-22,1.0
17988,46578,2015-10-22,1.0
4333,4333,2015-10-22,1.0
46578,46578,2015-10-22,1.0
46578,4333,2015-10-22,1.0
39521,12610,2015-10-22,1.0
9502,46578,2015-10-22,1.0
8133,8133,2015-10-22,1.0
78525,26207,2015-10-22,1.0
5690,41619,2015-10-22,1.0
22989,22989,2015-10-22,1.0
81412,31310,2015-10-22,1.0
13650,74453,2015-10-22,1.0
3684,42690,2015-10-22,1.0
81412,70190,2015-10-22,1.0
1131,12176,2015-10-22,1.0
43198,43198,2015-10-22,1.0
13113,1358,2015-10-22,1.0
43108,43108,2015-10-22,1.0
3041,22989,2015-10-22,1.0
15570,15570,2015-10-22,1.0
70808,70808,2015-10-22,1.0
3041,81760,2015-10-22,1.0
81758,43108,2015-10-22,1.0
26039,81767,2015-10-22,1.0
41593,1358,2015-10-22,1.0
15482,15482,2015-10-22,1.0
18128,2415,2015-10-22,1.0
11260,47482,2015-10-22,1.0
42690,50846,2015-10-22,1.0
30726,30726,2015-10-22,1.0
15629,43108,2015-10-22,1.0
81400,81730,2015-10-22,1.0
43076,42690,2015-10-22,1.0
43076,36688,2015-10-22,1.0
21564,81767,2015-10-22,1.0
6094,30186,2015-10-22,1.0
41619,41619,2015-10-22,1.0
3106,3106,2015-10-22,1.0
43445,5659,2015-10-22,1.0
2383,30726,2015-10-22,1.0
3206,14450,2015-10-22,1.0
7666,4333,2015-10-22,1.0
3206,3206,2015-10-22,1.0
17734,42690,2015-10-22,1.0
9417,290,2015-10-22,1.0
22,22,2015-10-22,1.0
50166,22010,2015-10-22,1.0
1409,14233,2015-10-22,1.0
290,14233,2015-10-22,1.0
31807,8133,2015-10-22,1.0
38624,12176,2015-10-22,1.0
2926,81776,2015-10-22,1.0
5712,2481,2015-10-22,1.0
70211,70211,2015-10-22,1.0
391,1233,2015-10-22,1.0
66623,16659,2015-10-22,1.0
37103,81767,2015-10-22,1.0
12610,12610,2015-10-22,1.0
14830,40090,2015-10-22,1.0
14233,317,2015-10-22,1.0
20597,8133,2015-10-22,1.0
6101,6101,2015-10-22,1.0
76102,43108,2015-10-22,1.0
57164,56847,2015-10-22,1.0
36688,5690,2015-10-22,1.0
14226,37695,2015-10-22,1.0
13168,5659,2015-10-22,1.0
2481,2481,2015-10-22,1.0
70808,39004,2015-10-22,1.0
12481,56847,2015-10-22,1.0
11054,56847,2015-10-22,1.0
75063,75063,2015-10-22,1.0
13113,2481,2015-10-22,1.0
75422,81508,2015-10-22,1.0
36862,12176,2015-10-22,1.0
11926,12610,2015-10-22,1.0
81773,35353,2015-10-22,1.0
36766,12674,2015-10-22,1.0
80361,81767,2015-10-22,1.0
56505,39380,2015-10-22,1.0
2415,2415,2015-10-22,1.0
81745,20302,2015-10-22,1.0
14830,14830,2015-10-22,1.0
630,12176,2015-10-22,1.0
11054,81767,2015-10-22,1.0
31371,31371,2015-10-23,1.0
801,81838,2015-10-23,1.0
81838,81838,2015-10-23,1.0
20597,20597,2015-10-23,1.0
5712,31371,2015-10-23,1.0
8628,8628,2015-10-23,1.0
28104,20597,2015-10-23,1.0
5712,5712,2015-10-23,1.0
5690,5712,2015-10-23,1.0
48839,68910,2015-10-23,1.0
43438,54797,2015-10-23,1.0
398,398,2015-10-23,1.0
81841,48839,2015-10-23,1.0
3959,15735,2015-10-23,1.0
9072,15735,2015-10-23,1.0
57583,15735,2015-10-23,1.0
15735,15735,2015-10-23,1.0
7709,81838,2015-10-23,1.0
353,31371,2015-10-23,1.0
353,8176,2015-10-23,1.0
4231,15735,2015-10-23,1.0
12166,37214,2015-10-23,1.0
2954,80013,2015-10-23,1.0
13265,43198,2015-10-23,1.0
2481,48554,2015-10-23,1.0
11260,81828,2015-10-23,1.0
13265,70211,2015-10-23,1.0
20302,36688,2015-10-23,1.0
1073,14835,2015-10-23,1.0
3634,21369,2015-10-23,1.0
21574,78400,2015-10-23,1.0
37902,5897,2015-10-23,1.0
2926,3000,2015-10-23,1.0
5690,13767,2015-10-23,1.0
17581,54797,2015-10-23,1.0
35840,81835,2015-10-23,1.0
71011,81583,2015-10-23,1.0
31371,5712,2015-10-23,1.0
9684,21369,2015-10-23,1.0
43108,1464,2015-10-23,1.0
37902,22389,2015-10-23,1.0
17581,81841,2015-10-23,1.0
14830,14830,2015-10-23,1.0
48839,81841,2015-10-23,1.0
35840,13641,2015-10-23,1.0
35687,54797,2015-10-23,1.0
4053,10909,2015-10-23,1.0
81811,6936,2015-10-23,1.0
11926,10909,2015-10-23,1.0
9161,9161,2015-10-23,1.0
32454,36687,2015-10-23,1.0
297,36735,2015-10-23,1.0
81819,14740,2015-10-23,1.0
30889,81815,2015-10-23,1.0
14450,6936,2015-10-23,1.0
31814,2481,2015-10-23,1.0
15629,2481,2015-10-23,1.0
18263,21369,2015-10-23,1.0
55893,33301,2015-10-23,1.0
1056,1483,2015-10-23,1.0
51478,13972,2015-10-23,1.0
36688,39747,2015-10-23,1.0
763,81819,2015-10-23,1.0
5659,5659,2015-10-23,1.0
13972,13972,2015-10-23,1.0
75,81529,2015-10-23,1.0
11919,297,2015-10-23,1.0
4477,4477,2015-10-23,1.0
36688,70808,2015-10-23,1.0
81815,30889,2015-10-23,1.0
40090,40090,2015-10-23,1.0
22989,22989,2015-10-23,1.0
60630,45347,2015-10-23,1.0
81760,22989,2015-10-23,1.0
1056,45057,2015-10-23,1.0
45057,45057,2015-10-23,1.0
4923,3143,2015-10-23,1.0
5701,23141,2015-10-23,1.0
391,27398,2015-10-23,1.0
5701,42161,2015-10-23,1.0
11054,45057,2015-10-23,1.0
48006,48006,2015-10-23,1.0
48554,48554,2015-10-23,1.0
30889,30889,2015-10-23,1.0
36688,36688,2015-10-23,1.0
4177,3000,2015-10-23,1.0
290,12178,2015-10-23,1.0
31807,8133,2015-10-23,1.0
17581,39717,2015-10-23,1.0
39717,39717,2015-10-23,1.0
12705,12481,2015-10-23,1.0
43076,3000,2015-10-23,1.0
290,290,2015-10-23,1.0
290,4477,2015-10-23,1.0
14835,14835,2015-10-23,1.0
14835,28104,2015-10-23,1.0
14835,10443,2015-10-23,1.0
9161,58777,2015-10-23,1.0
3106,56847,2015-10-23,1.0
29783,3206,2015-10-23,1.0
17581,17599,2015-10-23,1.0
57164,56847,2015-10-23,1.0
28104,81815,2015-10-23,1.0
15819,15819,2015-10-23,1.0
1463,14835,2015-10-23,1.0
440,81529,2015-10-23,1.0
43445,5659,2015-10-23,1.0
17581,34538,2015-10-23,1.0
13641,35840,2015-10-23,1.0
3948,81815,2015-10-23,1.0
2383,10194,2015-10-23,1.0
14835,1073,2015-10-23,1.0
8133,81819,2015-10-23,1.0
48839,48554,2015-10-23,1.0
76593,81835,2015-10-23,1.0
81835,81835,2015-10-23,1.0
10266,12610,2015-10-23,1.0
46551,46551,2015-10-23,1.0
21574,21574,2015-10-23,1.0
375,143,2015-10-23,1.0
2926,2926,2015-10-23,1.0
11919,11919,2015-10-23,1.0
6094,14830,2015-10-23,1.0
13767,5690,2015-10-23,1.0
5690,5690,2015-10-23,1.0
20597,8133,2015-10-23,1.0
11926,81841,2015-10-23,1.0
20302,5712,2015-10-23,1.0
81841,81841,2015-10-23,1.0
31814,48554,2015-10-23,1.0
4312,54797,2015-10-23,1.0
11260,5712,2015-10-23,1.0
54797,54797,2015-10-23,1.0
6269,924,2015-10-23,1.0
4953,2481,2015-10-23,1.0
13265,54369,2015-10-23,1.0
14830,48554,2015-10-23,1.0
14835,1340,2015-10-23,1.0
3684,21090,2015-10-23,1.0
3684,10454,2015-10-23,1.0
31102,3711,2015-10-23,1.0
42047,81828,2015-10-23,1.0
81709,4312,2015-10-23,1.0
41291,398,2015-10-23,1.0
70808,70808,2015-10-23,1.0
10503,767,2015-10-23,1.0
37026,7460,2015-10-23,1.0
78400,21574,2015-10-23,1.0
81790,81790,2015-10-23,1.0
4312,4312,2015-10-23,1.0
8799,46551,2015-10-23,1.0
50409,50409,2015-10-23,1.0
6205,6205,2015-10-23,1.0
15129,54263,2015-10-23,1.0
2672,39004,2015-10-23,1.0
17734,290,2015-10-23,1.0
36735,11919,2015-10-23,1.0
8103,398,2015-10-23,1.0
68910,68910,2015-10-23,1.0
1441,81828,2015-10-23,1.0
8176,68910,2015-10-23,1.0
2284,2284,2015-10-24,1.0
2290,66608,2015-10-24,1.0
13113,66608,2015-10-24,1.0
14450,10898,2015-10-24,1.0
25198,15242,2015-10-24,1.0
5712,22139,2015-10-24,1.0
48839,68910,2015-10-24,1.0
4600,75246,2015-10-24,1.0
7591,22052,2015-10-24,1.0
38816,77923,2015-10-24,1.0
2926,1532,2015-10-24,1.0
5690,13767,2015-10-24,1.0
51478,13972,2015-10-24,1.0
28104,1532,2015-10-24,1.0
42851,42851,2015-10-24,1.0
1463,48839,2015-10-24,1.0
14450,81876,2015-10-24,1.0
2926,81876,2015-10-24,1.0
59142,348,2015-10-24,1.0
4600,48839,2015-10-24,1.0
40950,78400,2015-10-24,1.0
75,8628,2015-10-24,1.0
2362,11640,2015-10-24,1.0
14450,1840,2015-10-24,1.0
3206,3206,2015-10-24,1.0
38085,62246,2015-10-24,1.0
17581,81838,2015-10-24,1.0
11054,66009,2015-10-24,1.0
18606,81841,2015-10-24,1.0
43560,65937,2015-10-24,1.0
11926,81854,2015-10-24,1.0
8639,1532,2015-10-24,1.0
6818,80175,2015-10-24,1.0
81860,398,2015-10-24,1.0
16302,81854,2015-10-24,1.0
12310,65937,2015-10-24,1.0
13650,81857,2015-10-24,1.0
42278,1840,2015-10-24,1.0
14094,398,2015-10-24,1.0
12178,4362,2015-10-24,1.0
290,13767,2015-10-24,1.0
4953,12337,2015-10-24,1.0
42851,81847,2015-10-24,1.0
17029,1532,2015-10-24,1.0
12978,68910,2015-10-24,1.0
10909,10909,2015-10-24,1.0
68910,68910,2015-10-24,1.0
21574,40950,2015-10-24,1.0
18060,10909,2015-10-24,1.0
40950,40950,2015-10-24,1.0
391,1392,2015-10-24,1.0
317,36155,2015-10-24,1.0
43266,728,2015-10-24,1.0
5712,11142,2015-10-24,1.0
1463,36155,2015-10-24,1.0
75,75,2015-10-24,1.0
5712,31371,2015-10-24,1.0
6085,1450,2015-10-24,1.0
11926,11926,2015-10-24,1.0
1073,14835,2015-10-24,1.0
4953,42690,2015-10-24,1.0
13972,13972,2015-10-24,1.0
4953,40213,2015-10-24,1.0
11054,11142,2015-10-24,1.0
11054,40213,2015-10-24,1.0
38085,38085,2015-10-24,1.0
43266,75,2015-10-24,1.0
13168,78400,2015-10-24,1.0
13168,21574,2015-10-24,1.0
12337,4953,2015-10-24,1.0
2926,11,2015-10-24,1.0
37214,12166,2015-10-24,1.0
41291,398,2015-10-24,1.0
7591,7591,2015-10-24,1.0
763,22052,2015-10-24,1.0
22052,7591,2015-10-24,1.0
54263,54263,2015-10-24,1.0
763,7591,2015-10-24,1.0
10696,1459,2015-10-24,1.0
353,31371,2015-10-24,1.0
398,398,2015-10-24,1.0
15517,934,2015-10-24,1.0
13767,290,2015-10-24,1.0
30827,9617,2015-10-24,1.0
11142,11142,2015-10-24,1.0
43559,81790,2015-10-24,1.0
5712,5712,2015-10-24,1.0
40213,40213,2015-10-24,1.0
11260,42851,2015-10-24,1.0
32660,824,2015-10-24,1.0
1463,43560,2015-10-24,1.0
81790,81790,2015-10-24,1.0
20597,20597,2015-10-24,1.0
21574,21574,2015-10-24,1.0
20597,8133,2015-10-24,1.0
2362,1698,2015-10-24,1.0
1688,78,2015-10-24,1.0
42278,42278,2015-10-24,1.0
58777,58777,2015-10-24,1.0
14450,81854,2015-10-24,1.0
3959,81854,2015-10-24,1.0
81854,81854,2015-10-24,1.0
2926,733,2015-10-24,1.0
5031,25199,2015-10-24,1.0
70211,40297,2015-10-24,1.0
54797,54797,2015-10-24,1.0
51424,40297,2015-10-24,1.0
2926,102,2015-10-24,1.0
21684,81790,2015-10-24,1.0
11054,45057,2015-10-24,1.0
11260,81847,2015-10-24,1.0
39747,39747,2015-10-24,1.0
81583,71011,2015-10-24,1.0
8938,8938,2015-10-24,1.0
12705,8938,2015-10-24,1.0
81567,2807,2015-10-24,1.0
17581,18606,2015-10-24,1.0
14450,42278,2015-10-24,1.0
14835,14835,2015-10-24,1.0
290,5690,2015-10-24,1.0
16023,38085,2015-10-24,1.0
1149,63877,2015-10-24,1.0
4600,68910,2015-10-24,1.0
9161,58777,2015-10-24,1.0
81857,13650,2015-10-24,1.0
58777,2415,2015-10-24,1.0
3106,68910,2015-10-24,1.0
8133,8133,2015-10-24,1.0
81854,11926,2015-10-24,1.0
22131,38085,2015-10-24,1.0
12310,12310,2015-10-24,1.0
48142,11142,2015-10-24,1.0
43438,54797,2015-10-24,1.0
3684,11142,2015-10-24,1.0
13265,65800,2015-10-24,1.0
11926,66608,2015-10-24,1.0
2554,81869,2015-10-24,1.0
81838,17581,2015-10-24,1.0
47958,47958,2015-10-24,1.0
20033,2415,2015-10-24,1.0
81876,81876,2015-10-24,1.0
766,102,2015-10-24,1.0
81869,81869,2015-10-24,1.0
12178,12178,2015-10-25,1.0
12481,12481,2015-10-25,1.0
40213,40213,2015-10-25,1.0
42690,42690,2015-10-25,1.0
33128,33128,2015-10-25,1.0
33128,12481,2015-10-25,1.0
17114,9118,2015-10-25,1.0
47795,33128,2015-10-25,1.0
47795,12481,2015-10-25,1.0
15242,81332,2015-10-25,1.0
81883,56847,2015-10-25,1.0
2415,2415,2015-10-25,1.0
64529,749,2015-10-25,1.0
46856,36720,2015-10-25,1.0
66009,11054,2015-10-25,1.0
81529,81529,2015-10-25,1.0
34538,34538,2015-10-25,1.0
20302,77923,2015-10-25,1.0
40950,21574,2015-10-25,1.0
36720,36720,2015-10-25,1.0
22052,7591,2015-10-25,1.0
14094,34538,2015-10-25,1.0
440,40213,2015-10-25,1.0
68910,48839,2015-10-25,1.0
290,290,2015-10-25,1.0
2926,6085,2015-10-25,1.0
437,360,2015-10-25,1.0
7076,66608,2015-10-25,1.0
2669,68910,2015-10-25,1.0
2284,42690,2015-10-25,1.0
31469,70119,2015-10-25,1.0
53163,48839,2015-10-25,1.0
6096,81917,2015-10-25,1.0
6096,81899,2015-10-25,1.0
62246,23141,2015-10-25,1.0
48554,48554,2015-10-25,1.0
440,81529,2015-10-25,1.0
14450,13972,2015-10-25,1.0
42690,43108,2015-10-25,1.0
38085,23141,2015-10-25,1.0
15934,78817,2015-10-25,1.0
70211,13265,2015-10-25,1.0
34538,2926,2015-10-25,1.0
2481,16419,2015-10-25,1.0
2926,2926,2015-10-25,1.0
17164,34538,2015-10-25,1.0
37385,4600,2015-10-25,1.0
32216,13972,2015-10-25,1.0
4312,13972,2015-10-25,1.0
1840,42278,2015-10-25,1.0
11142,81903,2015-10-25,1.0
17581,17581,2015-10-25,1.0
81332,81332,2015-10-25,1.0
17581,78,2015-10-25,1.0
12204,11640,2015-10-25,1.0
5963,4987,2015-10-25,1.0
2926,34538,2015-10-25,1.0
20302,81488,2015-10-25,1.0
14094,58096,2015-10-25,1.0
13972,13972,2015-10-25,1.0
11142,13972,2015-10-25,1.0
11142,31469,2015-10-25,1.0
4987,4987,2015-10-25,1.0
31469,31469,2015-10-25,1.0
81906,81906,2015-10-25,1.0
35593,71113,2015-10-25,1.0
13625,13625,2015-10-25,1.0
70119,70119,2015-10-25,1.0
2530,70119,2015-10-25,1.0
16419,16419,2015-10-25,1.0
391,78817,2015-10-25,1.0
58096,13113,2015-10-25,1.0
48142,16419,2015-10-25,1.0
21574,21574,2015-10-25,1.0
121,1532,2015-10-25,1.0
5712,81903,2015-10-25,1.0
5712,11142,2015-10-25,1.0
11546,290,2015-10-25,1.0
360,360,2015-10-25,1.0
763,81906,2015-10-25,1.0
65937,12310,2015-10-25,1.0
6084,6084,2015-10-25,1.0
7591,22052,2015-10-25,1.0
10075,6316,2015-10-25,1.0
4433,4433,2015-10-25,1.0
19149,24955,2015-10-25,1.0
13168,21574,2015-10-25,1.0
81903,11142,2015-10-25,1.0
290,81895,2015-10-25,1.0
4600,37385,2015-10-25,1.0
26522,11142,2015-10-25,1.0
5784,81899,2015-10-25,1.0
15517,1459,2015-10-25,1.0
43108,6013,2015-10-25,1.0
81332,15242,2015-10-25,1.0
10076,77919,2015-10-25,1.0
43108,81901,2015-10-25,1.0
43108,42690,2015-10-25,1.0
13972,11142,2015-10-25,1.0
34082,43941,2015-10-25,1.0
6084,16419,2015-10-25,1.0
81488,81917,2015-10-25,1.0
31469,11142,2015-10-25,1.0
53163,53163,2015-10-25,1.0
1441,6094,2015-10-25,1.0
43076,6084,2015-10-25,1.0
12481,33128,2015-10-25,1.0
5697,22277,2015-10-25,1.0
11142,11142,2015-10-25,1.0
38624,81899,2015-10-25,1.0
12337,4953,2015-10-25,1.0
14497,81529,2015-10-25,1.0
76593,81901,2015-10-25,1.0
51478,13972,2015-10-25,1.0
1946,22277,2015-10-25,1.0
11054,11054,2015-10-25,1.0
14835,14835,2015-10-25,1.0
81529,440,2015-10-25,1.0
4961,440,2015-10-25,1.0
38085,38085,2015-10-25,1.0
763,38085,2015-10-25,1.0
5621,11142,2015-10-25,1.0
11260,81901,2015-10-25,1.0
81895,290,2015-10-25,1.0
7591,7591,2015-10-25,1.0
68910,68910,2015-10-25,1.0
9072,20597,2015-10-25,1.0
81901,81901,2015-10-25,1.0
9072,81854,2015-10-25,1.0
81841,18606,2015-10-26,1.0
11260,76479,2015-10-26,1.0
27816,32972,2015-10-26,1.0
1703,44949,2015-10-26,1.0
2954,44949,2015-10-26,1.0
12481,76479,2015-10-26,1.0
81790,81790,2015-10-26,1.0
121,44949,2015-10-26,1.0
20597,8133,2015-10-26,1.0
44949,44949,2015-10-26,1.0
81927,81927,2015-10-26,1.0
51223,19186,2015-10-26,1.0
4177,81934,2015-10-26,1.0
11142,76479,2015-10-26,1.0
81011,440,2015-10-26,1.0
22131,297,2015-10-26,1.0
1492,81936,2015-10-26,1.0
7206,7206,2015-10-26,1.0
290,50409,2015-10-26,1.0
42690,11919,2015-10-26,1.0
46536,763,2015-10-26,1.0
48839,76167,2015-10-26,1.0
23141,23141,2015-10-26,1.0
48006,23571,2015-10-26,1.0
80248,80248,2015-10-26,1.0
80248,17581,2015-10-26,1.0
8133,8133,2015-10-26,1.0
3684,469,2015-10-26,1.0
17581,17581,2015-10-26,1.0
42302,2554,2015-10-26,1.0
6646,27816,2015-10-26,1.0
32972,27816,2015-10-26,1.0
70146,81936,2015-10-26,1.0
440,81011,2015-10-26,1.0
81838,17581,2015-10-26,1.0
2481,16419,2015-10-26,1.0
398,81860,2015-10-26,1.0
6671,12481,2015-10-26,1.0
11919,11919,2015-10-26,1.0
8938,6671,2015-10-26,1.0
18739,18739,2015-10-26,1.0
4312,18739,2015-10-26,1.0
9652,21051,2015-10-26,1.0
6671,6671,2015-10-26,1.0
454,10898,2015-10-26,1.0
24953,21051,2015-10-26,1.0
12481,12481,2015-10-26,1.0
7460,65800,2015-10-26,1.0
36688,21051,2015-10-26,1.0
18060,76479,2015-10-26,1.0
48554,3803,2015-10-26,1.0
36688,20302,2015-10-26,1.0
29697,1176,2015-10-26,1.0
2481,80874,2015-10-26,1.0
65800,65800,2015-10-26,1.0
13625,13625,2015-10-26,1.0
43501,43501,2015-10-26,1.0
14450,6671,2015-10-26,1.0
6084,6084,2015-10-26,1.0
10266,81860,2015-10-26,1.0
58247,58247,2015-10-26,1.0
13113,76479,2015-10-26,1.0
28104,81947,2015-10-26,1.0
40213,18739,2015-10-26,1.0
25485,81948,2015-10-26,1.0
1445,55963,2015-10-26,1.0
121,6671,2015-10-26,1.0
13265,76104,2015-10-26,1.0
34082,77923,2015-10-26,1.0
70808,290,2015-10-26,1.0
290,290,2015-10-26,1.0
20302,81488,2015-10-26,1.0
1441,1441,2015-10-26,1.0
8430,43941,2015-10-26,1.0
8430,56076,2015-10-26,1.0
17581,80248,2015-10-26,1.0
42302,1441,2015-10-26,1.0
70119,70119,2015-10-26,1.0
11142,81903,2015-10-26,1.0
11142,16510,2015-10-26,1.0
11142,31469,2015-10-26,1.0
16510,16510,2015-10-26,1.0
34082,34082,2015-10-26,1.0
5690,4433,2015-10-26,1.0
81488,81488,2015-10-26,1.0
44293,23291,2015-10-26,1.0
13767,13767,2015-10-26,1.0
13767,290,2015-10-26,1.0
2926,10059,2015-10-26,1.0
25256,2926,2015-10-26,1.0
2926,2926,2015-10-26,1.0
37902,14024,2015-10-26,1.0
36687,32454,2015-10-26,1.0
16510,81903,2015-10-26,1.0
34538,2926,2015-10-26,1.0
28104,416,2015-10-26,1.0
2954,80248,2015-10-26,1.0
76479,11919,2015-10-26,1.0
2689,7206,2015-10-26,1.0
11142,10059,2015-10-26,1.0
48554,48554,2015-10-26,1.0
41979,76104,2015-10-26,1.0
76479,76479,2015-10-26,1.0
76479,29697,2015-10-26,1.0
29697,29697,2015-10-26,1.0
43076,6084,2015-10-26,1.0
4433,4433,2015-10-26,1.0
2926,2362,2015-10-26,1.0
11919,48554,2015-10-26,1.0
1073,76479,2015-10-26,1.0
21349,22277,2015-10-26,1.0
25028,76104,2015-10-26,1.0
2689,17836,2015-10-26,1.0
11054,76479,2015-10-26,1.0
34082,48526,2015-10-26,1.0
5690,22277,2015-10-26,1.0
6818,749,2015-10-26,1.0
9025,81927,2015-10-26,1.0
34082,8799,2015-10-26,1.0
13265,81928,2015-10-26,1.0
2926,37385,2015-10-26,1.0
38085,38085,2015-10-26,1.0
22277,22277,2015-10-26,1.0
42504,14450,2015-10-26,1.0
14450,14450,2015-10-26,1.0
1441,2554,2015-10-26,1.0
16419,16419,2015-10-26,1.0
2954,81488,2015-10-26,1.0
644,25477,2015-10-26,1.0
43850,50409,2015-10-26,1.0
121,45532,2015-10-26,1.0
43108,21,2015-10-26,1.0
18739,40213,2015-10-26,1.0
80874,42690,2015-10-26,1.0
81860,398,2015-10-26,1.0
11640,47345,2015-10-26,1.0
1176,81948,2015-10-26,1.0
6827,78856,2015-10-26,1.0
454,41807,2015-10-26,1.0
70618,41807,2015-10-26,1.0
318,65800,2015-10-26,1.0
25477,644,2015-10-26,1.0
12481,6671,2015-10-26,1.0
440,81936,2015-10-26,1.0
25485,81529,2015-10-26,1.0
81011,81936,2015-10-26,1.0
1441,42302,2015-10-26,1.0
2554,42302,2015-10-26,1.0
22606,81928,2015-10-26,1.0
16510,11142,2015-10-26,1.0
1073,42690,2015-10-26,1.0
11100,81927,2015-10-26,1.0
11919,42690,2015-10-26,1.0
34082,1459,2015-10-26,1.0
81934,644,2015-10-26,1.0
23571,48006,2015-10-26,1.0
66,78817,2015-10-26,1.0
11919,76479,2015-10-26,1.0
3803,48554,2015-10-26,1.0
20026,76167,2015-10-26,1.0
9550,10909,2015-10-26,1.0
29697,76479,2015-10-26,1.0
11640,3684,2015-10-27,1.0
11054,3684,2015-10-27,1.0
16702,81947,2015-10-27,1.0
70808,70808,2015-10-27,1.0
2415,67193,2015-10-27,1.0
36367,36367,2015-10-27,1.0
3503,3684,2015-10-27,1.0
394,3684,2015-10-27,1.0
25199,25199,2015-10-27,1.0
12481,3684,2015-10-27,1.0
44293,23291,2015-10-27,1.0
14094,36367,2015-10-27,1.0
4600,3684,2015-10-27,1.0
41291,3684,2015-10-27,1.0
2481,2481,2015-10-27,1.0
2284,2481,2015-10-27,1.0
52890,21051,2015-10-27,1.0
81970,48839,2015-10-27,1.0
48839,48839,2015-10-27,1.0
35714,30186,2015-10-27,1.0
70355,13904,2015-10-27,1.0
3460,47294,2015-10-27,1.0
21684,36367,2015-10-27,1.0
3106,440,2015-10-27,1.0
22878,17787,2015-10-27,1.0
48554,3803,2015-10-27,1.0
12674,52871,2015-10-27,1.0
36688,70808,2015-10-27,1.0
44949,44949,2015-10-27,1.0
29316,3684,2015-10-27,1.0
21051,21051,2015-10-27,1.0
13265,61462,2015-10-27,1.0
28104,3684,2015-10-27,1.0
61462,61462,2015-10-27,1.0
41291,36688,2015-10-27,1.0
9072,3684,2015-10-27,1.0
81856,81856,2015-10-27,1.0
8430,70060,2015-10-27,1.0
13265,82007,2015-10-27,1.0
11417,3684,2015-10-27,1.0
81987,8133,2015-10-27,1.0
8133,8133,2015-10-27,1.0
81998,59142,2015-10-27,1.0
17836,17836,2015-10-27,1.0
25199,3684,2015-10-27,1.0
20302,47294,2015-10-27,1.0
11919,17787,2015-10-27,1.0
42302,1441,2015-10-27,1.0
47294,47294,2015-10-27,1.0
1441,1441,2015-10-27,1.0
23291,23291,2015-10-27,1.0
17787,17787,2015-10-27,1.0
58158,4391,2015-10-27,1.0
4053,36367,2015-10-27,1.0
6101,46290,2015-10-27,1.0
37987,70060,2015-10-27,1.0
41593,3684,2015-10-27,1.0
12156,12156,2015-10-27,1.0
11142,26522,2015-10-27,1.0
48839,21051,2015-10-27,1.0
13265,10273,2015-10-27,1.0
4807,303,2015-10-27,1.0
58247,58247,2015-10-27,1.0
3272,11142,2015-10-27,1.0
14450,17787,2015-10-27,1.0
4832,76238,2015-10-27,1.0
11142,11142,2015-10-27,1.0
47345,11640,2015-10-27,1.0
8799,74307,2015-10-27,1.0
3948,47973,2015-10-27,1.0
11260,81970,2015-10-27,1.0
10273,10273,2015-10-27,1.0
11640,11640,2015-10-27,1.0
43076,6084,2015-10-27,1.0
644,644,2015-10-27,1.0
25477,644,2015-10-27,1.0
18739,18739,2015-10-27,1.0
317,317,2015-10-27,1.0
2554,21051,2015-10-27,1.0
2362,1649,2015-10-27,1.0
13265,36688,2015-10-27,1.0
36688,36688,2015-10-27,1.0
13625,43108,2015-10-27,1.0
12176,5091,2015-10-27,1.0
1409,10909,2015-10-27,1.0
26069,12156,2015-10-27,1.0
10273,47305,2015-10-27,1.0
46856,36720,2015-10-27,1.0
16702,26069,2015-10-27,1.0
5690,10909,2015-10-27,1.0
26522,26522,2015-10-27,1.0
37103,17787,2015-10-27,1.0
36720,36720,2015-10-27,1.0
297,17787,2015-10-27,1.0
20302,20302,2015-10-27,1.0
13265,47305,2015-10-27,1.0
13265,13904,2015-10-27,1.0
26069,26069,2015-10-27,1.0
47973,47973,2015-10-27,1.0
81927,11100,2015-10-27,1.0
47973,250,2015-10-27,1.0
17773,12176,2015-10-27,1.0
11100,11100,2015-10-27,1.0
47305,47305,2015-10-27,1.0
2273,3969,2015-10-27,1.0
36688,22131,2015-10-27,1.0
24953,21051,2015-10-27,1.0
70060,37987,2015-10-27,1.0
26039,74307,2015-10-27,1.0
48554,43108,2015-10-27,1.0
2384,10909,2015-10-27,1.0
11100,8639,2015-10-27,1.0
12156,26069,2015-10-27,1.0
48839,81970,2015-10-27,1.0
37777,6013,2015-10-27,1.0
48831,12337,2015-10-27,1.0
26522,11142,2015-10-27,1.0
1409,2841,2015-10-27,1.0
47305,10273,2015-10-27,1.0
17581,34538,2015-10-27,1.0
11260,13904,2015-10-27,1.0
67193,2415,2015-10-27,1.0
81986,13767,2015-10-27,1.0
8008,81948,2015-10-27,1.0
18739,8419,2015-10-27,1.0
766,31469,2015-10-27,1.0
46290,46290,2015-10-27,1.0
75422,81508,2015-10-27,1.0
12705,17787,2015-10-27,1.0
82010,81925,2015-10-27,1.0
4312,42506,2015-10-27,1.0
22131,36688,2015-10-27,1.0
46290,4890,2015-10-27,1.0
59142,81998,2015-10-27,1.0
66777,26069,2015-10-27,1.0
56188,81899,2015-10-27,1.0
9652,81988,2015-10-27,1.0
5101,8419,2015-10-27,1.0
2384,81948,2015-10-27,1.0
70808,36688,2015-10-27,1.0
5963,4987,2015-10-27,1.0
10365,10909,2015-10-27,1.0
35593,48609,2015-10-27,1.0
14835,5690,2015-10-27,1.0
82007,82007,2015-10-27,1.0
2290,82007,2015-10-27,1.0
2954,44949,2015-10-27,1.0
12337,48831,2015-10-27,1.0
1463,81790,2015-10-27,1.0
20302,59142,2015-10-27,1.0
81332,5101,2015-10-27,1.0
81017,3684,2015-10-27,1.0
22131,22131,2015-10-27,1.0
5690,5690,2015-10-27,1.0
75616,21564,2015-10-27,1.0
38267,38267,2015-10-27,1.0
48609,48609,2015-10-27,1.0
1056,82007,2015-10-27,1.0
14094,61462,2015-10-27,1.0
67007,67007,2015-10-28,1.0
4832,67007,2015-10-28,1.0
12138,5091,2015-10-28,1.0
74600,5091,2015-10-28,1.0
20026,81970,2015-10-28,1.0
48609,25510,2015-10-28,1.0
43108,43108,2015-10-28,1.0
78525,78525,2015-10-28,1.0
5010,5010,2015-10-28,1.0
12138,43108,2015-10-28,1.0
4312,67007,2015-10-28,1.0
353,49208,2015-10-28,1.0
6101,67007,2015-10-28,1.0
11054,49208,2015-10-28,1.0
81978,13650,2015-10-28,1.0
3,351,2015-10-28,1.0
42690,43108,2015-10-28,1.0
78525,6269,2015-10-28,1.0
3,17787,2015-10-28,1.0
11919,43108,2015-10-28,1.0
71113,71113,2015-10-28,1.0
22606,65800,2015-10-28,1.0
22878,3,2015-10-28,1.0
13650,13650,2015-10-28,1.0
15819,12705,2015-10-28,1.0
35840,78228,2015-10-28,1.0
17787,351,2015-10-28,1.0
11142,10898,2015-10-28,1.0
12337,48831,2015-10-28,1.0
81856,81856,2015-10-28,1.0
13767,81986,2015-10-28,1.0
43076,5101,2015-10-28,1.0
12192,8639,2015-10-28,1.0
11100,82007,2015-10-28,1.0
35833,78525,2015-10-28,1.0
6084,6084,2015-10-28,1.0
290,10007,2015-10-28,1.0
297,16002,2015-10-28,1.0
8419,5101,2015-10-28,1.0
37026,82007,2015-10-28,1.0
43076,6084,2015-10-28,1.0
78761,18406,2015-10-28,1.0
6395,840,2015-10-28,1.0
9072,78525,2015-10-28,1.0
8430,70060,2015-10-28,1.0
6101,46290,2015-10-28,1.0
1056,3684,2015-10-28,1.0
5101,5101,2015-10-28,1.0
76479,440,2015-10-28,1.0
70060,70060,2015-10-28,1.0
3684,78525,2015-10-28,1.0
70808,14102,2015-10-28,1.0
1573,3684,2015-10-28,1.0
25510,25510,2015-10-28,1.0
37987,70060,2015-10-28,1.0
2868,2868,2015-10-28,1.0
4953,18286,2015-10-28,1.0
4832,81970,2015-10-28,1.0
56505,2868,2015-10-28,1.0
17773,15987,2015-10-28,1.0
9072,3684,2015-10-28,1.0
62810,2868,2015-10-28,1.0
4953,81507,2015-10-28,1.0
3684,3684,2015-10-28,1.0
10898,10898,2015-10-28,1.0
11100,8639,2015-10-28,1.0
1056,82020,2015-10-28,1.0
34180,38267,2015-10-28,1.0
52871,52871,2015-10-28,1.0
81011,440,2015-10-28,1.0
290,3,2015-10-28,1.0
5712,1703,2015-10-28,1.0
22606,9485,2015-10-28,1.0
36721,82019,2015-10-28,1.0
6348,82045,2015-10-28,1.0
11919,82037,2015-10-28,1.0
12481,82041,2015-10-28,1.0
39115,66009,2015-10-28,1.0
54541,39380,2015-10-28,1.0
35840,29783,2015-10-28,1.0
805,16183,2015-10-28,1.0
297,1703,2015-10-28,1.0
7460,39380,2015-10-28,1.0
54458,8799,2015-10-28,1.0
35593,71113,2015-10-28,1.0
26069,66777,2015-10-28,1.0
73972,5101,2015-10-28,1.0
4832,58682,2015-10-28,1.0
454,4953,2015-10-28,1.0
70808,53155,2015-10-28,1.0
58682,58682,2015-10-28,1.0
5101,18739,2015-10-28,1.0
3753,5101,2015-10-28,1.0
290,73736,2015-10-28,1.0
70355,45057,2015-10-28,1.0
11260,81988,2015-10-28,1.0
29887,70060,2015-10-28,1.0
1441,82032,2015-10-28,1.0
82042,7031,2015-10-28,1.0
78525,3684,2015-10-28,1.0
4832,57571,2015-10-28,1.0
25510,48609,2015-10-28,1.0
13767,2672,2015-10-28,1.0
2868,21564,2015-10-28,1.0
2926,2841,2015-10-28,1.0
70593,19088,2015-10-28,1.0
28104,78228,2015-10-28,1.0
12156,65800,2015-10-28,1.0
351,17787,2015-10-28,1.0
16659,39115,2015-10-28,1.0
4953,454,2015-10-28,1.0
6269,3684,2015-10-28,1.0
13650,81978,2015-10-28,1.0
43108,42690,2015-10-28,1.0
3106,3684,2015-10-28,1.0
1131,61389,2015-10-28,1.0
438,16183,2015-10-28,1.0
1131,21051,2015-10-28,1.0
5091,74600,2015-10-28,1.0
1073,74600,2015-10-28,1.0
13113,2837,2015-10-28,1.0
440,76479,2015-10-28,1.0
5768,1409,2015-10-28,1.0
13650,49208,2015-10-28,1.0
43108,76479,2015-10-28,1.0
42047,76453,2015-10-28,1.0
2503,43687,2015-10-28,1.0
7460,4096,2015-10-28,1.0
82045,6348,2015-10-28,1.0
75338,3272,2015-10-28,1.0
47763,9485,2015-10-28,1.0
22131,38085,2015-10-28,1.0
30516,21051,2015-10-28,1.0
9417,5091,2015-10-28,1.0
43687,2503,2015-10-28,1.0
4312,4312,2015-10-28,1.0
13972,53155,2015-10-28,1.0
53155,53155,2015-10-28,1.0
8799,8799,2015-10-28,1.0
4614,82037,2015-10-28,1.0
82037,82037,2015-10-28,1.0
11640,2503,2015-10-28,1.0
21369,3634,2015-10-28,1.0
21369,9684,2015-10-28,1.0
1703,1703,2015-10-28,1.0
82020,82020,2015-10-28,1.0
21051,1131,2015-10-28,1.0
38085,38085,2015-10-28,1.0
81730,81730,2015-10-28,1.0
17787,17787,2015-10-28,1.0
37026,7460,2015-10-28,1.0
3460,12156,2015-10-28,1.0
5712,82047,2015-10-28,1.0
76748,9485,2015-10-28,1.0
7710,5768,2015-10-28,1.0
11417,6348,2015-10-28,1.0
36688,22131,2015-10-28,1.0
22131,22131,2015-10-28,1.0
2622,82048,2015-10-28,1.0
9025,29783,2015-10-28,1.0
66009,39115,2015-10-28,1.0
82019,36721,2015-10-28,1.0
65756,65756,2015-10-28,1.0
39115,39115,2015-10-28,1.0
7460,29783,2015-10-28,1.0
394,65756,2015-10-28,1.0
50846,73736,2015-10-28,1.0
29783,29783,2015-10-28,1.0
82047,82047,2015-10-28,1.0
78228,78228,2015-10-28,1.0
57571,4832,2015-10-28,1.0
12705,12705,2015-10-28,1.0
81709,4312,2015-10-28,1.0
9485,9485,2015-10-28,1.0
61462,61462,2015-10-28,1.0
76479,43108,2015-10-28,1.0
43364,43364,2015-10-29,1.0
9091,9091,2015-10-29,1.0
25122,43687,2015-10-29,1.0
41291,70808,2015-10-29,1.0
10503,5267,2015-10-29,1.0
4231,43364,2015-10-29,1.0
12705,37385,2015-10-29,1.0
76593,81920,2015-10-29,1.0
806,82095,2015-10-29,1.0
78,351,2015-10-29,1.0
37385,1946,2015-10-29,1.0
13972,9091,2015-10-29,1.0
1946,1946,2015-10-29,1.0
12176,431,2015-10-29,1.0
75422,67007,2015-10-29,1.0
12176,2384,2015-10-29,1.0
20026,20026,2015-10-29,1.0
121,74564,2015-10-29,1.0
37103,16702,2015-10-29,1.0
37385,37385,2015-10-29,1.0
1532,1532,2015-10-29,1.0
18128,11115,2015-10-29,1.0
1573,1573,2015-10-29,1.0
303,303,2015-10-29,1.0
12178,12178,2015-10-29,1.0
6666,1573,2015-10-29,1.0
121,1,2015-10-29,1.0
54797,17581,2015-10-29,1.0
48839,22131,2015-10-29,1.0
38434,1532,2015-10-29,1.0
70808,70808,2015-10-29,1.0
2290,23501,2015-10-29,1.0
14094,74564,2015-10-29,1.0
22131,22131,2015-10-29,1.0
28104,82095,2015-10-29,1.0
82096,82096,2015-10-29,1.0
75,13113,2015-10-29,1.0
22131,82096,2015-10-29,1.0
82057,20026,2015-10-29,1.0
51478,9091,2015-10-29,1.0
1441,1441,2015-10-29,1.0
11926,81978,2015-10-29,1.0
37103,42302,2015-10-29,1.0
21265,82048,2015-10-29,1.0
2926,6666,2015-10-29,1.0
12138,31469,2015-10-29,1.0
65756,65756,2015-10-29,1.0
82048,1073,2015-10-29,1.0
1176,42302,2015-10-29,1.0
15819,12705,2015-10-29,1.0
763,74564,2015-10-29,1.0
15735,35840,2015-10-29,1.0
40950,40950,2015-10-29,1.0
75890,35840,2015-10-29,1.0
454,82074,2015-10-29,1.0
37103,82074,2015-10-29,1.0
82076,6972,2015-10-29,1.0
36721,36721,2015-10-29,1.0
38434,1459,2015-10-29,1.0
37103,82045,2015-10-29,1.0
1946,82056,2015-10-29,1.0
3106,440,2015-10-29,1.0
26522,7460,2015-10-29,1.0
4832,67007,2015-10-29,1.0
78400,40950,2015-10-29,1.0
16702,82048,2015-10-29,1.0
48831,48831,2015-10-29,1.0
36886,48356,2015-10-29,1.0
37103,82056,2015-10-29,1.0
7460,7460,2015-10-29,1.0
66777,66777,2015-10-29,1.0
763,62810,2015-10-29,1.0
763,6666,2015-10-29,1.0
70808,82059,2015-10-29,1.0
440,18739,2015-10-29,1.0
394,65756,2015-10-29,1.0
70060,70060,2015-10-29,1.0
62810,5263,2015-10-29,1.0
613,82048,2015-10-29,1.0
62810,62810,2015-10-29,1.0
1946,37385,2015-10-29,1.0
51107,351,2015-10-29,1.0
61462,61462,2015-10-29,1.0
4614,43364,2015-10-29,1.0
38085,23141,2015-10-29,1.0
36871,35840,2015-10-29,1.0
14094,81900,2015-10-29,1.0
5712,31371,2015-10-29,1.0
41139,81900,2015-10-29,1.0
22989,81900,2015-10-29,1.0
78440,3546,2015-10-29,1.0
49208,82074,2015-10-29,1.0
3711,7269,2015-10-29,1.0
82032,1441,2015-10-29,1.0
630,431,2015-10-29,1.0
27453,9485,2015-10-29,1.0
36688,22131,2015-10-29,1.0
82056,1946,2015-10-29,1.0
22989,43108,2015-10-29,1.0
45057,45057,2015-10-29,1.0
70355,45057,2015-10-29,1.0
35261,310,2015-10-29,1.0
58682,58682,2015-10-29,1.0
43108,43108,2015-10-29,1.0
4333,5101,2015-10-29,1.0
35840,35840,2015-10-29,1.0
22606,9485,2015-10-29,1.0
81999,26935,2015-10-29,1.0
11260,81970,2015-10-29,1.0
25199,3684,2015-10-29,1.0
7206,11115,2015-10-29,1.0
76453,42047,2015-10-29,1.0
6666,62810,2015-10-29,1.0
1540,82084,2015-10-29,1.0
14450,43108,2015-10-29,1.0
40297,70211,2015-10-29,1.0
351,51107,2015-10-29,1.0
18060,27398,2015-10-29,1.0
2807,82020,2015-10-29,1.0
4231,41301,2015-10-29,1.0
31469,42690,2015-10-29,1.0
1073,82048,2015-10-29,1.0
9091,51478,2015-10-29,1.0
1441,82048,2015-10-29,1.0
2384,47396,2015-10-29,1.0
26935,53155,2015-10-29,1.0
6794,82056,2015-10-29,1.0
20026,82057,2015-10-29,1.0
1568,82048,2015-10-29,1.0
7460,70211,2015-10-29,1.0
5263,62810,2015-10-29,1.0
11926,70211,2015-10-29,1.0
763,76115,2015-10-29,1.0
26935,81999,2015-10-29,1.0
1573,82084,2015-10-29,1.0
2384,431,2015-10-29,1.0
13113,25028,2015-10-29,1.0
71011,81583,2015-10-29,1.0
2233,82095,2015-10-29,1.0
7460,4096,2015-10-29,1.0
2554,41619,2015-10-29,1.0
56505,4096,2015-10-29,1.0
4231,69558,2015-10-29,1.0
28104,69558,2015-10-29,1.0
1573,33064,2015-10-29,1.0
4814,3684,2015-10-29,1.0
70808,33064,2015-10-29,1.0
2290,23501,2015-10-30,1.0
78273,23501,2015-10-30,1.0
82104,11926,2015-10-30,1.0
6872,19186,2015-10-30,1.0
82102,82102,2015-10-30,1.0
10076,9485,2015-10-30,1.0
43054,82106,2015-10-30,1.0
431,2384,2015-10-30,1.0
6872,1573,2015-10-30,1.0
35840,35840,2015-10-30,1.0
51107,51107,2015-10-30,1.0
20026,20026,2015-10-30,1.0
3684,4814,2015-10-30,1.0
81920,25510,2015-10-30,1.0
53127,26013,2015-10-30,1.0
42804,42804,2015-10-30,1.0
44905,2344,2015-10-30,1.0
8103,82106,2015-10-30,1.0
13972,42804,2015-10-30,1.0
13113,10007,2015-10-30,1.0
6646,8103,2015-10-30,1.0
11142,82102,2015-10-30,1.0
39297,39297,2015-10-30,1.0
47795,82104,2015-10-30,1.0
39754,82111,2015-10-30,1.0
1176,10007,2015-10-30,1.0
9694,43108,2015-10-30,1.0
11919,4279,2015-10-30,1.0
1345,82102,2015-10-30,1.0
25510,81920,2015-10-30,1.0
11926,82104,2015-10-30,1.0
32507,38361,2015-10-30,1.0
13972,39521,2015-10-30,1.0
27164,27164,2015-10-30,1.0
5091,36212,2015-10-30,1.0
41301,4231,2015-10-30,1.0
4312,82095,2015-10-30,1.0
14094,69558,2015-10-30,1.0
26069,66777,2015-10-30,1.0
38434,8991,2015-10-30,1.0
39082,82102,2015-10-30,1.0
5091,23501,2015-10-30,1.0
81583,71011,2015-10-30,1.0
41619,2554,2015-10-30,1.0
70211,7460,2015-10-30,1.0
4362,82104,2015-10-30,1.0
78400,40950,2015-10-30,1.0
9072,5091,2015-10-30,1.0
51424,82104,2015-10-30,1.0
2554,2554,2015-10-30,1.0
351,17787,2015-10-30,1.0
8419,18739,2015-10-30,1.0
14830,1948,2015-10-30,1.0
41979,50846,2015-10-30,1.0
4600,4600,2015-10-30,1.0
18128,11115,2015-10-30,1.0
81773,81773,2015-10-30,1.0
8419,22846,2015-10-30,1.0
2530,8725,2015-10-30,1.0
11919,31356,2015-10-30,1.0
70808,70808,2015-10-30,1.0
35419,4600,2015-10-30,1.0
8857,82132,2015-10-30,1.0
41291,70808,2015-10-30,1.0
7206,5034,2015-10-30,1.0
12978,35419,2015-10-30,1.0
31469,43108,2015-10-30,1.0
360,82106,2015-10-30,1.0
3948,67007,2015-10-30,1.0
14340,35840,2015-10-30,1.0
11926,42690,2015-10-30,1.0
11260,82037,2015-10-30,1.0
17787,351,2015-10-30,1.0
22131,10007,2015-10-30,1.0
82090,19045,2015-10-30,1.0
398,81860,2015-10-30,1.0
13767,13767,2015-10-30,1.0
4231,43364,2015-10-30,1.0
7687,82037,2015-10-30,1.0
25510,4600,2015-10-30,1.0
82057,20026,2015-10-30,1.0
67007,67007,2015-10-30,1.0
57583,11145,2015-10-30,1.0
81860,81860,2015-10-30,1.0
31026,1946,2015-10-30,1.0
4231,8419,2015-10-30,1.0
4231,22846,2015-10-30,1.0
4231,4231,2015-10-30,1.0
394,82132,2015-10-30,1.0
22846,22846,2015-10-30,1.0
81978,81978,2015-10-30,1.0
6794,2926,2015-10-30,1.0
35840,14340,2015-10-30,1.0
2384,1492,2015-10-30,1.0
38624,5091,2015-10-30,1.0
39082,9485,2015-10-30,1.0
39082,81773,2015-10-30,1.0
5091,5091,2015-10-30,1.0
41979,41979,2015-10-30,1.0
290,41979,2015-10-30,1.0
351,351,2015-10-30,1.0
2363,31356,2015-10-30,1.0
17787,34538,2015-10-30,1.0
15503,80487,2015-10-30,1.0
80487,80487,2015-10-30,1.0
21564,2868,2015-10-30,1.0
14340,14340,2015-10-30,1.0
1492,1492,2015-10-30,1.0
2868,2868,2015-10-30,1.0
3901,82106,2015-10-30,1.0
17581,17581,2015-10-30,1.0
353,19045,2015-10-30,1.0
36212,5091,2015-10-30,1.0
51223,41979,2015-10-30,1.0
4614,43364,2015-10-30,1.0
82032,1441,2015-10-30,1.0
22846,8419,2015-10-30,1.0
34538,34538,2015-10-30,1.0
353,1492,2015-10-30,1.0
6827,32803,2015-10-30,1.0
64141,36688,2015-10-30,1.0
8103,8103,2015-10-30,1.0
48839,80069,2015-10-30,1.0
82111,82111,2015-10-30,1.0
82095,82095,2015-10-30,1.0
6506,6506,2015-10-30,1.0
47945,32803,2015-10-30,1.0
41139,31356,2015-10-30,1.0
76057,1948,2015-10-30,1.0
70211,40297,2015-10-30,1.0
1441,58550,2015-10-30,1.0
3803,42690,2015-10-30,1.0
37026,5034,2015-10-30,1.0
50846,66528,2015-10-30,1.0
80874,80874,2015-10-30,1.0
20302,82132,2015-10-30,1.0
13972,82102,2015-10-30,1.0
47945,47945,2015-10-30,1.0
78262,78262,2015-10-30,1.0
50846,41979,2015-10-30,1.0
43108,31356,2015-10-30,1.0
1310,42690,2015-10-30,1.0
43108,42690,2015-10-30,1.0
12978,82116,2015-10-30,1.0
25510,82102,2015-10-30,1.0
81860,398,2015-10-30,1.0
2926,1948,2015-10-30,1.0
4600,35419,2015-10-30,1.0
63957,82111,2015-10-30,1.0
80819,9025,2015-10-31,1.0
17734,17734,2015-10-31,1.0
1131,18739,2015-10-31,1.0
14450,1568,2015-10-31,1.0
297,17734,2015-10-31,1.0
7076,39163,2015-10-31,1.0
80819,82067,2015-10-31,1.0
25510,37103,2015-10-31,1.0
5498,5498,2015-10-31,1.0
15242,5498,2015-10-31,1.0
11115,11115,2015-10-31,1.0
3324,37103,2015-10-31,1.0
297,13972,2015-10-31,1.0
11919,17734,2015-10-31,1.0
8133,8133,2015-10-31,1.0
5712,39163,2015-10-31,1.0
37103,37103,2015-10-31,1.0
1573,37103,2015-10-31,1.0
5263,14094,2015-10-31,1.0
15629,48554,2015-10-31,1.0
20026,20026,2015-10-31,1.0
48839,35419,2015-10-31,1.0
5263,17592,2015-10-31,1.0
12978,35419,2015-10-31,1.0
48554,48554,2015-10-31,1.0
17592,17592,2015-10-31,1.0
37103,43108,2015-10-31,1.0
14094,33757,2015-10-31,1.0
14094,14094,2015-10-31,1.0
20302,20302,2015-10-31,1.0
35419,35419,2015-10-31,1.0
82143,17734,2015-10-31,1.0
6646,8103,2015-10-31,1.0
14450,28104,2015-10-31,1.0
1131,82095,2015-10-31,1.0
290,17734,2015-10-31,1.0
1492,1492,2015-10-31,1.0
41242,15311,2015-10-31,1.0
3272,37103,2015-10-31,1.0
28104,28104,2015-10-31,1.0
4312,37103,2015-10-31,1.0
7076,23202,2015-10-31,1.0
76011,43108,2015-10-31,1.0
43108,43108,2015-10-31,1.0
23202,23202,2015-10-31,1.0
18116,18116,2015-10-31,1.0
23202,7076,2015-10-31,1.0
1568,17294,2015-10-31,1.0
7076,7076,2015-10-31,1.0
58682,81335,2015-10-31,1.0
763,82165,2015-10-31,1.0
76593,82171,2015-10-31,1.0
82165,82165,2015-10-31,1.0
17734,82143,2015-10-31,1.0
82143,82143,2015-10-31,1.0
64384,16510,2015-10-31,1.0
13972,297,2015-10-31,1.0
75422,67007,2015-10-31,1.0
81335,81335,2015-10-31,1.0
1568,1568,2015-10-31,1.0
81011,23850,2015-10-31,1.0
30186,64384,2015-10-31,1.0
6646,33064,2015-10-31,1.0
6646,32972,2015-10-31,1.0
53155,26935,2015-10-31,1.0
13972,13972,2015-10-31,1.0
11142,1568,2015-10-31,1.0
39163,7076,2015-10-31,1.0
5263,33757,2015-10-31,1.0
1568,28104,2015-10-31,1.0
425,37103,2015-10-31,1.0
23291,1568,2015-10-31,1.0
40297,18116,2015-10-31,1.0
33064,33064,2015-10-31,1.0
52890,8702,2015-10-31,1.0
64384,64384,2015-10-31,1.0
3206,3206,2015-10-31,1.0
11926,82162,2015-10-31,1.0
11260,23197,2015-10-31,1.0
16510,64384,2015-10-31,1.0
82171,26847,2015-10-31,1.0
5263,3400,2015-10-31,1.0
3948,67007,2015-10-31,1.0
3803,3803,2015-10-31,1.0
351,351,2015-10-31,1.0
12978,4600,2015-10-31,1.0
297,82139,2015-10-31,1.0
37103,20302,2015-10-31,1.0
42690,3803,2015-10-31,1.0
43108,76011,2015-10-31,1.0
46104,70211,2015-10-31,1.0
5101,82162,2015-10-31,1.0
3206,39026,2015-10-31,1.0
82067,80819,2015-10-31,1.0
78010,41283,2015-10-31,1.0
4312,80819,2015-10-31,1.0
425,41301,2015-10-31,1.0
28104,1568,2015-10-31,1.0
9025,39026,2015-10-31,1.0
9025,80819,2015-10-31,1.0
5498,15242,2015-10-31,1.0
297,39521,2015-10-31,1.0
43108,37103,2015-10-31,1.0
56505,70211,2015-10-31,1.0
36972,35419,2015-10-31,1.0
3106,1492,2015-10-31,1.0
80819,80819,2015-10-31,1.0
43266,80819,2015-10-31,1.0
82067,82067,2015-10-31,1.0
3400,3400,2015-10-31,1.0
21564,2868,2015-10-31,1.0
806,82067,2015-10-31,1.0
1345,1345,2015-10-31,1.0
22989,82143,2015-10-31,1.0
11054,3400,2015-10-31,1.0
70211,40297,2015-10-31,1.0
25011,1492,2015-10-31,1.0
40297,40297,2015-10-31,1.0
17787,3,2015-10-31,1.0
22846,33757,2015-10-31,1.0
36688,36688,2015-10-31,1.0
4807,303,2015-10-31,1.0
3206,5263,2015-10-31,1.0
37103,37103,2015-11-01,1.0
37103,4600,2015-11-01,1.0
10718,351,2015-11-01,1.0
43076,8419,2015-11-01,1.0
14094,398,2015-11-01,1.0
38361,32507,2015-11-01,1.0
353,1492,2015-11-01,1.0
9025,14830,2015-11-01,1.0
76479,2384,2015-11-01,1.0
31026,8133,2015-11-01,1.0
2926,70119,2015-11-01,1.0
23197,14830,2015-11-01,1.0
70119,70119,2015-11-01,1.0
8419,8419,2015-11-01,1.0
8419,81332,2015-11-01,1.0
4362,50846,2015-11-01,1.0
81332,81332,2015-11-01,1.0
50901,50901,2015-11-01,1.0
81332,82179,2015-11-01,1.0
82179,82179,2015-11-01,1.0
3,69868,2015-11-01,1.0
20597,8133,2015-11-01,1.0
58688,58688,2015-11-01,1.0
6269,75274,2015-11-01,1.0
75274,75274,2015-11-01,1.0
14450,11919,2015-11-01,1.0
8008,82197,2015-11-01,1.0
4231,50437,2015-11-01,1.0
32507,32507,2015-11-01,1.0
763,82122,2015-11-01,1.0
7687,7687,2015-11-01,1.0
2954,7687,2015-11-01,1.0
12337,82197,2015-11-01,1.0
43687,43687,2015-11-01,1.0
11926,82197,2015-11-01,1.0
11142,82197,2015-11-01,1.0
82122,82122,2015-11-01,1.0
81583,6094,2015-11-01,1.0
70808,82122,2015-11-01,1.0
13972,297,2015-11-01,1.0
447,43687,2015-11-01,1.0
23197,11260,2015-11-01,1.0
1441,1441,2015-11-01,1.0
58550,1441,2015-11-01,1.0
64141,36688,2015-11-01,1.0
2622,47396,2015-11-01,1.0
82165,82165,2015-11-01,1.0
5712,70119,2015-11-01,1.0
11142,82122,2015-11-01,1.0
2503,82106,2015-11-01,1.0
2807,41283,2015-11-01,1.0
47396,80267,2015-11-01,1.0
14830,23197,2015-11-01,1.0
50846,451,2015-11-01,1.0
75274,73660,2015-11-01,1.0
8320,8320,2015-11-01,1.0
61536,61536,2015-11-01,1.0
81332,8419,2015-11-01,1.0
20302,60726,2015-11-01,1.0
4600,80013,2015-11-01,1.0
20787,47069,2015-11-01,1.0
38361,19341,2015-11-01,1.0
33135,76318,2015-11-01,1.0
7076,82181,2015-11-01,1.0
43122,82048,2015-11-01,1.0
80874,80874,2015-11-01,1.0
11260,82192,2015-11-01,1.0
23571,65800,2015-11-01,1.0
81011,81011,2015-11-01,1.0
11926,40023,2015-11-01,1.0
71011,17164,2015-11-01,1.0
14450,82197,2015-11-01,1.0
11919,82197,2015-11-01,1.0
81488,80013,2015-11-01,1.0
12337,82182,2015-11-01,1.0
1131,26522,2015-11-01,1.0
3324,37103,2015-11-01,1.0
440,82181,2015-11-01,1.0
25510,37103,2015-11-01,1.0
82143,82143,2015-11-01,1.0
17734,82143,2015-11-01,1.0
14094,7360,2015-11-01,1.0
8430,50901,2015-11-01,1.0
23197,23197,2015-11-01,1.0
78,47396,2015-11-01,1.0
47396,2384,2015-11-01,1.0
50846,1650,2015-11-01,1.0
70019,58688,2015-11-01,1.0
5091,76479,2015-11-01,1.0
35593,80069,2015-11-01,1.0
78525,23197,2015-11-01,1.0
7687,7687,2015-11-02,1.0
7687,2954,2015-11-02,1.0
10035,10035,2015-11-02,1.0
62680,38624,2015-11-02,1.0
82122,82122,2015-11-02,1.0
38624,38624,2015-11-02,1.0
81332,82201,2015-11-02,1.0
74687,78101,2015-11-02,1.0
11856,12178,2015-11-02,1.0
62135,41979,2015-11-02,1.0
4231,50437,2015-11-02,1.0
4177,41970,2015-11-02,1.0
14094,50437,2015-11-02,1.0
763,61522,2015-11-02,1.0
3684,10035,2015-11-02,1.0
2383,11260,2015-11-02,1.0
2383,5018,2015-11-02,1.0
6646,33064,2015-11-02,1.0
1131,297,2015-11-02,1.0
297,297,2015-11-02,1.0
80069,80069,2015-11-02,1.0
3272,82207,2015-11-02,1.0
763,82122,2015-11-02,1.0
26522,11926,2015-11-02,1.0
11142,10035,2015-11-02,1.0
3521,9485,2015-11-02,1.0
62680,62680,2015-11-02,1.0
15629,14319,2015-11-02,1.0
3521,82093,2015-11-02,1.0
36688,36688,2015-11-02,1.0
381,43687,2015-11-02,1.0
76318,33135,2015-11-02,1.0
4600,81488,2015-11-02,1.0
9317,7687,2015-11-02,1.0
81488,81488,2015-11-02,1.0
48839,82122,2015-11-02,1.0
6794,71011,2015-11-02,1.0
8430,50901,2015-11-02,1.0
7206,1682,2015-11-02,1.0
5734,82122,2015-11-02,1.0
440,440,2015-11-02,1.0
28104,82122,2015-11-02,1.0
71011,71011,2015-11-02,1.0
1840,11178,2015-11-02,1.0
48839,11178,2015-11-02,1.0
2383,71011,2015-11-02,1.0
11417,5792,2015-11-02,1.0
26935,26935,2015-11-02,1.0
37103,82122,2015-11-02,1.0
81927,81927,2015-11-02,1.0
955,5010,2015-11-02,1.0
17773,17773,2015-11-02,1.0
37103,1907,2015-11-02,1.0
38624,62680,2015-11-02,1.0
11142,82122,2015-11-02,1.0
14447,61522,2015-11-02,1.0
70211,40297,2015-11-02,1.0
33064,33064,2015-11-02,1.0
39521,82194,2015-11-02,1.0
21051,81335,2015-11-02,1.0
21051,14319,2015-11-02,1.0
81332,4149,2015-11-02,1.0
454,1050,2015-11-02,1.0
47069,11142,2015-11-02,1.0
2954,82194,2015-11-02,1.0
11142,11142,2015-11-02,1.0
41291,80247,2015-11-02,1.0
14319,14319,2015-11-02,1.0
22989,61522,2015-11-02,1.0
18060,18060,2015-11-02,1.0
297,65,2015-11-02,1.0
3901,82106,2015-11-02,1.0
11142,14319,2015-11-02,1.0
3272,82229,2015-11-02,1.0
30889,58499,2015-11-02,1.0
78539,2826,2015-11-02,1.0
2926,3684,2015-11-02,1.0
2954,7687,2015-11-02,1.0
13265,82230,2015-11-02,1.0
2290,82201,2015-11-02,1.0
13265,42804,2015-11-02,1.0
2290,70211,2015-11-02,1.0
7460,82230,2015-11-02,1.0
82230,82230,2015-11-02,1.0
11142,47069,2015-11-02,1.0
14450,2046,2015-11-02,1.0
64663,76479,2015-11-02,1.0
11142,440,2015-11-02,1.0
10059,1050,2015-11-02,1.0
50846,62675,2015-11-02,1.0
8103,62675,2015-11-02,1.0
1898,82122,2015-11-02,1.0
27816,62675,2015-11-02,1.0
4953,62680,2015-11-02,1.0
81335,14319,2015-11-02,1.0
82218,2046,2015-11-02,1.0
297,82179,2015-11-02,1.0
26522,82207,2015-11-02,1.0
73622,17602,2015-11-02,1.0
3684,2046,2015-11-02,1.0
82209,76352,2015-11-02,1.0
82207,2046,2015-11-02,1.0
2807,41283,2015-11-02,1.0
82201,82201,2015-11-02,1.0
50846,21620,2015-11-02,1.0
11926,40023,2015-11-02,1.0
5018,50437,2015-11-02,1.0
5010,5010,2015-11-02,1.0
82095,2233,2015-11-02,1.0
62810,82207,2015-11-02,1.0
43687,381,2015-11-02,1.0
12481,10035,2015-11-02,1.0
381,381,2015-11-02,1.0
82037,82037,2015-11-02,1.0
41291,4183,2015-11-02,1.0
12166,1573,2015-11-02,1.0
5018,5018,2015-11-02,1.0
5792,5792,2015-11-02,1.0
36497,1907,2015-11-02,1.0
76479,76479,2015-11-02,1.0
78525,76479,2015-11-02,1.0
40883,40883,2015-11-02,1.0
22971,40883,2015-11-02,1.0
17294,17294,2015-11-02,1.0
2383,81332,2015-11-02,1.0
4953,82229,2015-11-02,1.0
82192,11260,2015-11-02,1.0
30186,82194,2015-11-02,1.0
73972,297,2015-11-02,1.0
75422,76479,2015-11-02,1.0
3684,82229,2015-11-02,1.0
66607,440,2015-11-02,1.0
82179,297,2015-11-02,1.0
66607,11142,2015-11-02,1.0
36477,69627,2015-11-02,1.0
74268,81488,2015-11-02,1.0
54458,18060,2015-11-02,1.0
36688,2189,2015-11-02,1.0
2233,2233,2015-11-02,1.0
35840,82222,2015-11-02,1.0
14094,82222,2015-11-02,1.0
41593,3684,2015-11-02,1.0
13113,76479,2015-11-02,1.0
1573,1573,2015-11-02,1.0
40297,40297,2015-11-02,1.0
75616,61522,2015-11-02,1.0
82194,82194,2015-11-02,1.0
42804,42804,2015-11-02,1.0
28104,82194,2015-11-02,1.0
9025,82194,2015-11-02,1.0
13113,82194,2015-11-02,1.0
9025,39521,2015-11-02,1.0
5181,62675,2015-11-02,1.0
13113,39521,2015-11-02,1.0
50551,67118,2015-11-03,1.0
14094,37006,2015-11-03,1.0
70618,29783,2015-11-03,1.0
29783,29783,2015-11-03,1.0
80965,14515,2015-11-03,1.0
75,82266,2015-11-03,1.0
2290,70211,2015-11-03,1.0
8506,8506,2015-11-03,1.0
431,70211,2015-11-03,1.0
12858,23291,2015-11-03,1.0
23291,23291,2015-11-03,1.0
37103,82283,2015-11-03,1.0
37103,58125,2015-11-03,1.0
2383,4737,2015-11-03,1.0
2926,82143,2015-11-03,1.0
75422,81335,2015-11-03,1.0
11142,11142,2015-11-03,1.0
50145,20597,2015-11-03,1.0
11260,1898,2015-11-03,1.0
74156,11142,2015-11-03,1.0
25256,81335,2015-11-03,1.0
1568,14450,2015-11-03,1.0
37006,37006,2015-11-03,1.0
6094,11142,2015-11-03,1.0
14515,14515,2015-11-03,1.0
1568,17294,2015-11-03,1.0
17440,16785,2015-11-03,1.0
11540,82276,2015-11-03,1.0
42676,11260,2015-11-03,1.0
50846,8506,2015-11-03,1.0
297,1306,2015-11-03,1.0
2284,74964,2015-11-03,1.0
43108,21985,2015-11-03,1.0
11260,20597,2015-11-03,1.0
4953,9550,2015-11-03,1.0
14450,1568,2015-11-03,1.0
25510,51203,2015-11-03,1.0
9161,36886,2015-11-03,1.0
46510,36886,2015-11-03,1.0
35520,61522,2015-11-03,1.0
11142,80965,2015-11-03,1.0
81335,21051,2015-11-03,1.0
81335,67007,2015-11-03,1.0
297,51203,2015-11-03,1.0
43108,62347,2015-11-03,1.0
34170,24525,2015-11-03,1.0
303,49,2015-11-03,1.0
4953,80216,2015-11-03,1.0
23291,12858,2015-11-03,1.0
13972,82245,2015-11-03,1.0
16785,17440,2015-11-03,1.0
11926,5101,2015-11-03,1.0
14515,82048,2015-11-03,1.0
70808,37006,2015-11-03,1.0
14515,80965,2015-11-03,1.0
66607,440,2015-11-03,1.0
47973,80965,2015-11-03,1.0
81925,82143,2015-11-03,1.0
11142,74156,2015-11-03,1.0
2926,58682,2015-11-03,1.0
9025,20781,2015-11-03,1.0
1898,82273,2015-11-03,1.0
33141,18744,2015-11-03,1.0
82276,18744,2015-11-03,1.0
25256,25256,2015-11-03,1.0
35840,20781,2015-11-03,1.0
70211,70211,2015-11-03,1.0
74156,74156,2015-11-03,1.0
1946,11115,2015-11-03,1.0
37103,21907,2015-11-03,1.0
43122,42047,2015-11-03,1.0
2954,2954,2015-11-03,1.0
70211,46104,2015-11-03,1.0
297,2024,2015-11-03,1.0
644,1306,2015-11-03,1.0
3948,80965,2015-11-03,1.0
22131,80247,2015-11-03,1.0
82179,297,2015-11-03,1.0
82209,61522,2015-11-03,1.0
82209,81970,2015-11-03,1.0
82209,76167,2015-11-03,1.0
82209,75246,2015-11-03,1.0
82209,80013,2015-11-03,1.0
80965,80965,2015-11-03,1.0
80965,11142,2015-11-03,1.0
82209,81917,2015-11-03,1.0
82250,2361,2015-11-03,1.0
3948,11142,2015-11-03,1.0
37103,2954,2015-11-03,1.0
46510,9161,2015-11-03,1.0
360,763,2015-11-03,1.0
763,763,2015-11-03,1.0
2954,82194,2015-11-03,1.0
4362,36688,2015-11-03,1.0
297,82229,2015-11-03,1.0
36688,36688,2015-11-03,1.0
12166,1573,2015-11-03,1.0
81169,2082,2015-11-03,1.0
82194,82194,2015-11-03,1.0
1441,36886,2015-11-03,1.0
353,11142,2015-11-03,1.0
36886,36886,2015-11-03,1.0
36688,51203,2015-11-03,1.0
4144,82241,2015-11-03,1.0
3272,82229,2015-11-03,1.0
13042,36886,2015-11-03,1.0
4144,51203,2015-11-03,1.0
3948,36886,2015-11-03,1.0
18263,763,2015-11-03,1.0
6094,1441,2015-11-03,1.0
1573,1573,2015-11-03,1.0
76479,64663,2015-11-03,1.0
11260,74156,2015-11-03,1.0
12178,12178,2015-11-03,1.0
13650,74156,2015-11-03,1.0
14094,82266,2015-11-03,1.0
8103,49668,2015-11-03,1.0
64663,64663,2015-11-03,1.0
82229,82229,2015-11-03,1.0
30889,61522,2015-11-03,1.0
2039,17440,2015-11-03,1.0
21051,81335,2015-11-03,1.0
62347,43108,2015-11-03,1.0
82273,82273,2015-11-03,1.0
11100,82273,2015-11-03,1.0
4953,82273,2015-11-03,1.0
9317,7687,2015-11-03,1.0
919,297,2015-11-03,1.0
20781,20781,2015-11-03,1.0
35840,9025,2015-11-03,1.0
2841,4737,2015-11-03,1.0
2841,2841,2015-11-03,1.0
21123,36886,2015-11-03,1.0
1131,18739,2015-11-03,1.0
26069,76516,2015-11-03,1.0
1131,1306,2015-11-03,1.0
297,297,2015-11-03,1.0
3684,82229,2015-11-03,1.0
3684,17773,2015-11-03,1.0
2622,81335,2015-11-03,1.0
7076,81901,2015-11-03,1.0
31469,4213,2015-11-03,1.0
3206,64384,2015-11-03,1.0
17773,12176,2015-11-03,1.0
17773,17773,2015-11-03,1.0
440,11142,2015-11-03,1.0
955,5010,2015-11-03,1.0
57398,763,2015-11-03,1.0
37103,1907,2015-11-03,1.0
1492,43108,2015-11-03,1.0
2807,1306,2015-11-03,1.0
43108,43108,2015-11-03,1.0
960,41979,2015-11-04,1.0
78588,8103,2015-11-04,1.0
26080,532,2015-11-04,1.0
82318,58550,2015-11-04,1.0
10265,18785,2015-11-04,1.0
60435,36886,2015-11-04,1.0
81011,82320,2015-11-04,1.0
360,70808,2015-11-04,1.0
66,82328,2015-11-04,1.0
12481,10035,2015-11-04,1.0
7076,10035,2015-11-04,1.0
82331,2720,2015-11-04,1.0
14830,6506,2015-11-04,1.0
394,82323,2015-11-04,1.0
763,82336,2015-11-04,1.0
4832,46573,2015-11-04,1.0
4149,21369,2015-11-04,1.0
39284,82323,2015-11-04,1.0
42676,20597,2015-11-04,1.0
36212,36212,2015-11-04,1.0
82176,71218,2015-11-04,1.0
38624,82173,2015-11-04,1.0
82233,6506,2015-11-04,1.0
16877,12310,2015-11-04,1.0
37822,41619,2015-11-04,1.0
36721,41666,2015-11-04,1.0
3402,29783,2015-11-04,1.0
20186,29783,2015-11-04,1.0
21146,5101,2015-11-04,1.0
11142,64541,2015-11-04,1.0
11142,14233,2015-11-04,1.0
290,8103,2015-11-04,1.0
11919,49625,2015-11-04,1.0
10503,9926,2015-11-04,1.0
3402,39026,2015-11-04,1.0
82307,64003,2015-11-04,1.0
454,16537,2015-11-04,1.0
25510,82298,2015-11-04,1.0
10503,82283,2015-11-04,1.0
11919,82229,2015-11-04,1.0
6094,6506,2015-11-04,1.0
82176,23355,2015-11-04,1.0
353,82303,2015-11-04,1.0
2954,1056,2015-11-04,1.0
43108,43108,2015-11-04,1.0
8008,6506,2015-11-04,1.0
16537,454,2015-11-04,1.0
29783,20186,2015-11-04,1.0
35520,61522,2015-11-04,1.0
8103,8103,2015-11-04,1.0
5101,21146,2015-11-04,1.0
31233,6262,2015-11-04,1.0
14450,82323,2015-11-04,1.0
14515,14515,2015-11-04,1.0
75616,41979,2015-11-04,1.0
71040,80487,2015-11-04,1.0
82320,81011,2015-11-04,1.0
10035,10035,2015-11-04,1.0
1441,70693,2015-11-04,1.0
14450,10035,2015-11-04,1.0
47763,47763,2015-11-04,1.0
54458,8430,2015-11-04,1.0
2290,70211,2015-11-04,1.0
11142,11142,2015-11-04,1.0
70808,82318,2015-11-04,1.0
1310,70211,2015-11-04,1.0
1056,1056,2015-11-04,1.0
5516,13647,2015-11-04,1.0
8133,1946,2015-11-04,1.0
1946,1946,2015-11-04,1.0
11115,1946,2015-11-04,1.0
3402,20186,2015-11-04,1.0
6506,14830,2015-11-04,1.0
14830,14830,2015-11-04,1.0
36721,36721,2015-11-04,1.0
11260,36886,2015-11-04,1.0
4362,41979,2015-11-04,1.0
49625,11919,2015-11-04,1.0
17294,17294,2015-11-04,1.0
5516,9485,2015-11-04,1.0
1463,11142,2015-11-04,1.0
6506,6094,2015-11-04,1.0
14830,82233,2015-11-04,1.0
80487,80487,2015-11-04,1.0
1306,297,2015-11-04,1.0
64003,82307,2015-11-04,1.0
3948,39756,2015-11-04,1.0
7460,7460,2015-11-04,1.0
18785,18785,2015-11-04,1.0
70211,70211,2015-11-04,1.0
5740,18785,2015-11-04,1.0
37553,6101,2015-11-04,1.0
8133,10758,2015-11-04,1.0
630,25485,2015-11-04,1.0
20597,11260,2015-11-04,1.0
10758,10758,2015-11-04,1.0
35840,11142,2015-11-04,1.0
20597,50145,2015-11-04,1.0
18785,10265,2015-11-04,1.0
41666,36721,2015-11-04,1.0
8430,18785,2015-11-04,1.0
4800,4800,2015-11-04,1.0
5100,70211,2015-11-04,1.0
360,360,2015-11-04,1.0
64541,11142,2015-11-04,1.0
13265,82328,2015-11-04,1.0
82328,82328,2015-11-04,1.0
1568,17294,2015-11-04,1.0
70211,7460,2015-11-04,1.0
82233,82233,2015-11-04,1.0
81332,4800,2015-11-04,1.0
14450,11142,2015-11-04,1.0
1306,1306,2015-11-04,1.0
82323,82323,2015-11-04,1.0
43020,43020,2015-11-04,1.0
2383,10909,2015-11-04,1.0
23291,23291,2015-11-04,1.0
64384,64384,2015-11-04,1.0
9550,4953,2015-11-04,1.0
3324,80751,2015-11-04,1.0
3402,3402,2015-11-04,1.0
7206,4753,2015-11-04,1.0
36886,48356,2015-11-04,1.0
5101,11926,2015-11-04,1.0
29783,3402,2015-11-04,1.0
9550,9550,2015-11-04,1.0
50846,8506,2015-11-04,1.0
43076,42690,2015-11-04,1.0
37103,54552,2015-11-04,1.0
8506,8506,2015-11-04,1.0
54552,54552,2015-11-04,1.0
70642,382,2015-11-04,1.0
5010,5010,2015-11-04,1.0
80965,14515,2015-11-04,1.0
3402,1056,2015-11-04,1.0
37006,70808,2015-11-04,1.0
2384,1306,2015-11-04,1.0
1096,18785,2015-11-04,1.0
39026,9025,2015-11-04,1.0
12858,23291,2015-11-04,1.0
16785,16785,2015-11-04,1.0
6494,1946,2015-11-04,1.0
82143,82143,2015-11-04,1.0
919,919,2015-11-04,1.0
440,66607,2015-11-04,1.0
41619,37822,2015-11-04,1.0
46104,46104,2015-11-04,1.0
64308,4753,2015-11-04,1.0
70211,46104,2015-11-04,1.0
12156,4737,2015-11-04,1.0
70808,70808,2015-11-04,1.0
11926,11926,2015-11-04,1.0
1441,29783,2015-11-04,1.0
81011,43108,2015-11-04,1.0
42690,42690,2015-11-04,1.0
6085,4753,2015-11-04,1.0
8103,290,2015-11-04,1.0
290,290,2015-11-04,1.0
4753,4753,2015-11-04,1.0
37385,12705,2015-11-04,1.0
20186,20186,2015-11-04,1.0
16537,16537,2015-11-04,1.0
66607,66607,2015-11-04,1.0
955,5010,2015-11-04,1.0
9025,9025,2015-11-04,1.0
6101,778,2015-11-04,1.0
6950,11142,2015-11-04,1.0
4362,11555,2015-11-04,1.0
40950,8103,2015-11-04,1.0
11555,11555,2015-11-04,1.0
11260,11260,2015-11-04,1.0
3402,82303,2015-11-04,1.0
3803,49625,2015-11-04,1.0
353,20186,2015-11-04,1.0
3803,3803,2015-11-04,1.0
48554,3803,2015-11-04,1.0
17773,12176,2015-11-04,1.0
81262,81262,2015-11-04,1.0
391,41979,2015-11-04,1.0
353,11738,2015-11-04,1.0
3402,49625,2015-11-04,1.0
11142,15482,2015-11-05,1.0
2926,2926,2015-11-05,1.0
1946,1946,2015-11-05,1.0
1946,2689,2015-11-05,1.0
81488,82390,2015-11-05,1.0
7206,2689,2015-11-05,1.0
35840,11142,2015-11-05,1.0
7206,1946,2015-11-05,1.0
25510,25510,2015-11-05,1.0
58682,2926,2015-11-05,1.0
82390,82390,2015-11-05,1.0
21574,22294,2015-11-05,1.0
15946,15946,2015-11-05,1.0
6094,6094,2015-11-05,1.0
22447,14510,2015-11-05,1.0
61522,4707,2015-11-05,1.0
21574,21574,2015-11-05,1.0
5516,82279,2015-11-05,1.0
14094,10747,2015-11-05,1.0
17294,17294,2015-11-05,1.0
78588,78588,2015-11-05,1.0
50145,50145,2015-11-05,1.0
56947,2481,2015-11-05,1.0
39026,2384,2015-11-05,1.0
801,11142,2015-11-05,1.0
2039,8032,2015-11-05,1.0
67118,67118,2015-11-05,1.0
40297,21574,2015-11-05,1.0
23291,15482,2015-11-05,1.0
14094,35840,2015-11-05,1.0
35840,35840,2015-11-05,1.0
36212,36212,2015-11-05,1.0
13265,21574,2015-11-05,1.0
4333,42690,2015-11-05,1.0
20302,15946,2015-11-05,1.0
23291,25510,2015-11-05,1.0
1847,81488,2015-11-05,1.0
2384,39026,2015-11-05,1.0
2807,290,2015-11-05,1.0
4707,61522,2015-11-05,1.0
8008,21917,2015-11-05,1.0
1946,26705,2015-11-05,1.0
36497,1907,2015-11-05,1.0
10076,75933,2015-11-05,1.0
1056,21917,2015-11-05,1.0
27453,353,2015-11-05,1.0
43108,82370,2015-11-05,1.0
32307,440,2015-11-05,1.0
32389,82370,2015-11-05,1.0
81335,41619,2015-11-05,1.0
2481,56947,2015-11-05,1.0
290,82376,2015-11-05,1.0
1568,17294,2015-11-05,1.0
22294,21574,2015-11-05,1.0
81488,23661,2015-11-05,1.0
1056,51176,2015-11-05,1.0
68708,16183,2015-11-05,1.0
960,960,2015-11-05,1.0
57712,82270,2015-11-05,1.0
50846,8506,2015-11-05,1.0
50846,14030,2015-11-05,1.0
51176,8938,2015-11-05,1.0
41619,81335,2015-11-05,1.0
81335,81335,2015-11-05,1.0
778,763,2015-11-05,1.0
8938,2954,2015-11-05,1.0
2954,2954,2015-11-05,1.0
34444,2384,2015-11-05,1.0
16183,68708,2015-11-05,1.0
763,763,2015-11-05,1.0
2807,2384,2015-11-05,1.0
82330,82330,2015-11-05,1.0
8938,51176,2015-11-05,1.0
29783,29783,2015-11-05,1.0
70693,70693,2015-11-05,1.0
32389,82323,2015-11-05,1.0
18785,18785,2015-11-05,1.0
32332,81895,2015-11-05,1.0
20787,78554,2015-11-05,1.0
39082,78554,2015-11-05,1.0
13650,46573,2015-11-05,1.0
2233,39026,2015-11-05,1.0
17734,47763,2015-11-05,1.0
66607,32307,2015-11-05,1.0
6950,4707,2015-11-05,1.0
42302,42302,2015-11-05,1.0
39756,39756,2015-11-05,1.0
48356,82390,2015-11-05,1.0
48554,75756,2015-11-05,1.0
1056,10898,2015-11-05,1.0
38838,69037,2015-11-05,1.0
290,69037,2015-11-05,1.0
82323,39284,2015-11-05,1.0
82323,394,2015-11-05,1.0
405,82343,2015-11-05,1.0
10035,7076,2015-11-05,1.0
82343,82343,2015-11-05,1.0
1176,42302,2015-11-05,1.0
2530,10481,2015-11-05,1.0
13650,12481,2015-11-05,1.0
10035,12481,2015-11-05,1.0
2233,82330,2015-11-05,1.0
70808,360,2015-11-05,1.0
9072,26522,2015-11-05,1.0
82341,763,2015-11-05,1.0
62810,763,2015-11-05,1.0
13650,7076,2015-11-05,1.0
13650,82351,2015-11-05,1.0
69037,2926,2015-11-05,1.0
14830,39026,2015-11-05,1.0
78554,78554,2015-11-05,1.0
78554,20787,2015-11-05,1.0
2954,51176,2015-11-05,1.0
82351,82351,2015-11-05,1.0
1176,82335,2015-11-05,1.0
8799,81900,2015-11-05,1.0
19593,38085,2015-11-05,1.0
11260,82351,2015-11-05,1.0
5091,36212,2015-11-05,1.0
40297,40297,2015-11-05,1.0
11540,47763,2015-11-05,1.0
39026,9025,2015-11-05,1.0
12481,12481,2015-11-05,1.0
5100,70211,2015-11-05,1.0
5575,25485,2015-11-05,1.0
7076,7076,2015-11-05,1.0
39552,10747,2015-11-05,1.0
6950,61522,2015-11-05,1.0
15934,11142,2015-11-05,1.0
9025,39026,2015-11-05,1.0
290,41301,2015-11-05,1.0
32216,21917,2015-11-05,1.0
36721,36721,2015-11-05,1.0
2926,2689,2015-11-05,1.0
41666,36721,2015-11-05,1.0
5712,25510,2015-11-05,1.0
13265,48554,2015-11-05,1.0
48554,48554,2015-11-05,1.0
2689,2689,2015-11-05,1.0
17773,12176,2015-11-05,1.0
7076,82059,2015-11-05,1.0
12905,12905,2015-11-05,1.0
440,32307,2015-11-05,1.0
6646,78588,2015-11-05,1.0
14094,14233,2015-11-05,1.0
4231,10747,2015-11-05,1.0
7206,64676,2015-11-05,1.0
6950,960,2015-11-05,1.0
10481,10481,2015-11-05,1.0
2689,454,2015-11-05,1.0
2689,7206,2015-11-05,1.0
7206,7206,2015-11-05,1.0
10758,10758,2015-11-05,1.0
9025,9025,2015-11-05,1.0
38085,38085,2015-11-05,1.0
290,81900,2015-11-05,1.0
4231,21369,2015-11-05,1.0
1176,1176,2015-11-06,1.0
22989,82330,2015-11-06,1.0
81332,5328,2015-11-06,1.0
70808,1061,2015-11-06,1.0
15482,15482,2015-11-06,1.0
5690,1176,2015-11-06,1.0
402,41970,2015-11-06,1.0
56778,56778,2015-11-06,1.0
69775,9025,2015-11-06,1.0
297,22606,2015-11-06,1.0
47795,12905,2015-11-06,1.0
12858,23291,2015-11-06,1.0
14094,10747,2015-11-06,1.0
21146,18739,2015-11-06,1.0
37436,2954,2015-11-06,1.0
14510,14510,2015-11-06,1.0
18739,18739,2015-11-06,1.0
9025,9025,2015-11-06,1.0
4149,36946,2015-11-06,1.0
36946,36946,2015-11-06,1.0
13265,19475,2015-11-06,1.0
57712,57712,2015-11-06,1.0
19475,19475,2015-11-06,1.0
391,82414,2015-11-06,1.0
13972,36946,2015-11-06,1.0
70211,70211,2015-11-06,1.0
42278,56778,2015-11-06,1.0
2954,2954,2015-11-06,1.0
3521,5328,2015-11-06,1.0
290,41644,2015-11-06,1.0
13650,17773,2015-11-06,1.0
5712,10898,2015-11-06,1.0
38267,17773,2015-11-06,1.0
42278,41301,2015-11-06,1.0
6950,70211,2015-11-06,1.0
81011,1539,2015-11-06,1.0
18739,74453,2015-11-06,1.0
184,61911,2015-11-06,1.0
11926,65972,2015-11-06,1.0
8799,81401,2015-11-06,1.0
14493,65972,2015-11-06,1.0
66,56778,2015-11-06,1.0
4231,50437,2015-11-06,1.0
12156,65972,2015-11-06,1.0
82067,36721,2015-11-06,1.0
6101,36721,2015-11-06,1.0
24309,78792,2015-11-06,1.0
56778,66,2015-11-06,1.0
7076,31469,2015-11-06,1.0
31469,31469,2015-11-06,1.0
74268,82426,2015-11-06,1.0
2807,1056,2015-11-06,1.0
1441,82377,2015-11-06,1.0
3402,29783,2015-11-06,1.0
82343,79906,2015-11-06,1.0
3402,39297,2015-11-06,1.0
405,79906,2015-11-06,1.0
7402,39297,2015-11-06,1.0
23571,49520,2015-11-06,1.0
1176,58682,2015-11-06,1.0
43122,3709,2015-11-06,1.0
25510,78792,2015-11-06,1.0
13500,2823,2015-11-06,1.0
21684,15482,2015-11-06,1.0
11919,75756,2015-11-06,1.0
82330,82330,2015-11-06,1.0
6319,6319,2015-11-06,1.0
11919,48554,2015-11-06,1.0
405,82343,2015-11-06,1.0
2926,5690,2015-11-06,1.0
66607,32307,2015-11-06,1.0
56947,2481,2015-11-06,1.0
82343,82343,2015-11-06,1.0
70618,29783,2015-11-06,1.0
10926,82330,2015-11-06,1.0
290,49520,2015-11-06,1.0
3402,3402,2015-11-06,1.0
2807,290,2015-11-06,1.0
49520,49520,2015-11-06,1.0
49520,23571,2015-11-06,1.0
68708,68708,2015-11-06,1.0
3684,74453,2015-11-06,1.0
11236,68732,2015-11-06,1.0
3684,2481,2015-11-06,1.0
5690,58682,2015-11-06,1.0
3634,3634,2015-11-06,1.0
32307,32307,2015-11-06,1.0
13360,41644,2015-11-06,1.0
21684,6319,2015-11-06,1.0
5091,36212,2015-11-06,1.0
3709,3709,2015-11-06,1.0
290,290,2015-11-06,1.0
20302,3709,2015-11-06,1.0
51036,3376,2015-11-06,1.0
437,3634,2015-11-06,1.0
11640,5690,2015-11-06,1.0
9025,41644,2015-11-06,1.0
11640,41970,2015-11-06,1.0
76479,76479,2015-11-06,1.0
51176,2954,2015-11-06,1.0
42690,42690,2015-11-06,1.0
81011,81011,2015-11-06,1.0
21574,21574,2015-11-06,1.0
2233,82330,2015-11-06,1.0
4312,51176,2015-11-06,1.0
59248,74453,2015-11-06,1.0
3684,12905,2015-11-06,1.0
21051,66485,2015-11-06,1.0
6646,78588,2015-11-06,1.0
12120,36721,2015-11-06,1.0
6101,6101,2015-11-06,1.0
13650,13650,2015-11-06,1.0
36721,36721,2015-11-06,1.0
12905,12905,2015-11-06,1.0
68732,68732,2015-11-06,1.0
17773,38267,2015-11-06,1.0
17773,13650,2015-11-06,1.0
7076,10898,2015-11-06,1.0
9652,68732,2015-11-06,1.0
9025,82067,2015-11-06,1.0
39552,10747,2015-11-06,1.0
82270,57712,2015-11-06,1.0
3684,82376,2015-11-06,1.0
3684,290,2015-11-06,1.0
290,82376,2015-11-06,1.0
74453,74453,2015-11-06,1.0
7092,7402,2015-11-06,1.0
59248,49520,2015-11-06,1.0
2926,49520,2015-11-06,1.0
11640,1176,2015-11-06,1.0
405,17773,2015-11-06,1.0
39297,7402,2015-11-06,1.0
13650,6101,2015-11-06,1.0
39521,82330,2015-11-06,1.0
18060,18739,2015-11-06,1.0
73972,5690,2015-11-06,1.0
48554,48554,2015-11-06,1.0
82376,290,2015-11-06,1.0
39082,78554,2015-11-07,1.0
440,440,2015-11-07,1.0
25485,79906,2015-11-07,1.0
24309,62735,2015-11-07,1.0
4832,1459,2015-11-07,1.0
14450,31045,2015-11-07,1.0
2926,82450,2015-11-07,1.0
9072,1459,2015-11-07,1.0
644,80247,2015-11-07,1.0
290,82426,2015-11-07,1.0
22599,1459,2015-11-07,1.0
21123,1459,2015-11-07,1.0
11142,1459,2015-11-07,1.0
46573,58032,2015-11-07,1.0
11054,80894,2015-11-07,1.0
9344,391,2015-11-07,1.0
13972,41654,2015-11-07,1.0
39082,14233,2015-11-07,1.0
6032,82443,2015-11-07,1.0
21146,1459,2015-11-07,1.0
39082,1459,2015-11-07,1.0
806,1459,2015-11-07,1.0
20302,1459,2015-11-07,1.0
26522,2481,2015-11-07,1.0
16302,1459,2015-11-07,1.0
763,1459,2015-11-07,1.0
2191,82439,2015-11-07,1.0
2554,82408,2015-11-07,1.0
22989,82435,2015-11-07,1.0
81639,81639,2015-11-07,1.0
11115,1946,2015-11-07,1.0
22810,1392,2015-11-07,1.0
4528,4528,2015-11-07,1.0
290,4528,2015-11-07,1.0
78554,39082,2015-11-07,1.0
2191,2191,2015-11-07,1.0
67007,67007,2015-11-07,1.0
4528,43687,2015-11-07,1.0
1463,39082,2015-11-07,1.0
1463,4707,2015-11-07,1.0
11115,13694,2015-11-07,1.0
8430,8430,2015-11-07,1.0
69874,8430,2015-11-07,1.0
20302,20302,2015-11-07,1.0
23291,23291,2015-11-07,1.0
31045,14450,2015-11-07,1.0
22389,82448,2015-11-07,1.0
75420,1459,2015-11-07,1.0
50437,4231,2015-11-07,1.0
806,20302,2015-11-07,1.0
2669,4707,2015-11-07,1.0
78,4707,2015-11-07,1.0
39082,4832,2015-11-07,1.0
39082,39082,2015-11-07,1.0
13119,50754,2015-11-07,1.0
41301,42278,2015-11-07,1.0
16046,81639,2015-11-07,1.0
42278,42278,2015-11-07,1.0
10265,10265,2015-11-07,1.0
2926,26710,2015-11-07,1.0
26710,26710,2015-11-07,1.0
1946,38866,2015-11-07,1.0
11546,290,2015-11-07,1.0
10059,47430,2015-11-07,1.0
69931,69931,2015-11-07,1.0
16183,68708,2015-11-07,1.0
37555,69931,2015-11-07,1.0
25510,26710,2015-11-07,1.0
1131,12489,2015-11-07,1.0
37436,2954,2015-11-07,1.0
1131,12120,2015-11-07,1.0
57712,57712,2015-11-07,1.0
9072,9072,2015-11-07,1.0
82270,57712,2015-11-07,1.0
3684,1459,2015-11-07,1.0
1459,10265,2015-11-07,1.0
39082,26710,2015-11-07,1.0
8430,69874,2015-11-07,1.0
11260,82448,2015-11-07,1.0
45451,82436,2015-11-07,1.0
10747,10747,2015-11-07,1.0
65915,22599,2015-11-07,1.0
2954,82447,2015-11-07,1.0
290,82435,2015-11-07,1.0
80894,11054,2015-11-07,1.0
13650,7402,2015-11-07,1.0
1459,39082,2015-11-07,1.0
1459,21146,2015-11-07,1.0
2000,39297,2015-11-07,1.0
36212,1459,2015-11-07,1.0
6671,6671,2015-11-07,1.0
36212,36212,2015-11-07,1.0
4231,4231,2015-11-07,1.0
763,763,2015-11-07,1.0
1073,39082,2015-11-07,1.0
65915,3106,2015-11-07,1.0
52890,1587,2015-11-07,1.0
763,39082,2015-11-07,1.0
6094,440,2015-11-07,1.0
1847,1459,2015-11-07,1.0
4707,4707,2015-11-07,1.0
250,66,2015-11-07,1.0
44591,2191,2015-11-07,1.0
290,4707,2015-11-07,1.0
4832,4832,2015-11-07,1.0
3651,39082,2015-11-07,1.0
3651,9072,2015-11-07,1.0
82450,2926,2015-11-07,1.0
2669,1459,2015-11-07,1.0
8430,1459,2015-11-07,1.0
66,66,2015-11-07,1.0
2954,22599,2015-11-07,1.0
82173,38624,2015-11-07,1.0
47763,17734,2015-11-07,1.0
297,2530,2015-11-07,1.0
35593,82330,2015-11-07,1.0
22846,66,2015-11-07,1.0
3948,44464,2015-11-07,1.0
290,78554,2015-11-07,1.0
29697,7402,2015-11-07,1.0
78554,78554,2015-11-07,1.0
4002,81639,2015-11-07,1.0
41654,13972,2015-11-07,1.0
13265,19475,2015-11-07,1.0
13388,13388,2015-11-07,1.0
2530,39082,2015-11-07,1.0
25510,1459,2015-11-07,1.0
2554,1459,2015-11-07,1.0
763,16302,2015-11-07,1.0
21146,21146,2015-11-07,1.0
6032,6032,2015-11-07,1.0
82443,6032,2015-11-07,1.0
3402,29783,2015-11-07,1.0
9924,42586,2015-11-07,1.0
1459,1459,2015-11-07,1.0
5328,5328,2015-11-07,1.0
2530,2530,2015-11-07,1.0
22606,22606,2015-11-07,1.0
78525,1459,2015-11-07,1.0
6794,13694,2015-11-07,1.0
7710,7710,2015-11-07,1.0
1650,78554,2015-11-07,1.0
20781,1459,2015-11-07,1.0
15934,1459,2015-11-07,1.0
11124,15482,2015-11-07,1.0
6415,48438,2015-11-07,1.0
17599,82343,2015-11-07,1.0
7666,19475,2015-11-07,1.0
46104,46104,2015-11-08,1.0
70211,46104,2015-11-08,1.0
76479,82520,2015-11-08,1.0
11142,11142,2015-11-08,1.0
82447,82447,2015-11-08,1.0
6794,7743,2015-11-08,1.0
43076,82522,2015-11-08,1.0
12357,1459,2015-11-08,1.0
14450,82522,2015-11-08,1.0
12489,12489,2015-11-08,1.0
15242,21278,2015-11-08,1.0
10898,1056,2015-11-08,1.0
43076,42690,2015-11-08,1.0
1688,1688,2015-11-08,1.0
4231,41979,2015-11-08,1.0
76299,76299,2015-11-08,1.0
43076,76299,2015-11-08,1.0
82488,82488,2015-11-08,1.0
13119,82484,2015-11-08,1.0
66607,32307,2015-11-08,1.0
66607,440,2015-11-08,1.0
290,82488,2015-11-08,1.0
14094,9317,2015-11-08,1.0
7666,7666,2015-11-08,1.0
2926,20781,2015-11-08,1.0
19475,7666,2015-11-08,1.0
26039,75422,2015-11-08,1.0
75933,10076,2015-11-08,1.0
62560,75422,2015-11-08,1.0
14450,11142,2015-11-08,1.0
4231,82522,2015-11-08,1.0
17261,36688,2015-11-08,1.0
43076,1459,2015-11-08,1.0
82435,22989,2015-11-08,1.0
10265,10265,2015-11-08,1.0
50437,4231,2015-11-08,1.0
35840,1688,2015-11-08,1.0
82500,54783,2015-11-08,1.0
297,1459,2015-11-08,1.0
9072,1459,2015-11-08,1.0
7743,81309,2015-11-08,1.0
40950,82367,2015-11-08,1.0
82497,81309,2015-11-08,1.0
2926,26710,2015-11-08,1.0
1840,80894,2015-11-08,1.0
1568,6094,2015-11-08,1.0
20302,46573,2015-11-08,1.0
47248,1459,2015-11-08,1.0
630,1459,2015-11-08,1.0
11926,76011,2015-11-08,1.0
47312,65878,2015-11-08,1.0
82484,50754,2015-11-08,1.0
9317,1459,2015-11-08,1.0
75422,62560,2015-11-08,1.0
5516,4721,2015-11-08,1.0
3485,3485,2015-11-08,1.0
70252,44175,2015-11-08,1.0
11417,82439,2015-11-08,1.0
22277,22277,2015-11-08,1.0
290,76299,2015-11-08,1.0
36721,7576,2015-11-08,1.0
7031,1459,2015-11-08,1.0
1688,82522,2015-11-08,1.0
20302,82367,2015-11-08,1.0
82520,76479,2015-11-08,1.0
46104,70211,2015-11-08,1.0
10605,4528,2015-11-08,1.0
2530,10481,2015-11-08,1.0
82510,23661,2015-11-08,1.0
4177,1459,2015-11-08,1.0
82504,82491,2015-11-08,1.0
5712,17773,2015-11-08,1.0
11919,17773,2015-11-08,1.0
76479,1532,2015-11-08,1.0
644,80247,2015-11-08,1.0
2926,76299,2015-11-08,1.0
25510,26710,2015-11-08,1.0
52805,1946,2015-11-08,1.0
1946,1946,2015-11-08,1.0
11417,2191,2015-11-08,1.0
16510,17773,2015-11-08,1.0
2926,82500,2015-11-08,1.0
5712,82500,2015-11-08,1.0
36721,36721,2015-11-08,1.0
391,4832,2015-11-08,1.0
20302,20302,2015-11-08,1.0
6094,1568,2015-11-08,1.0
48438,6415,2015-11-08,1.0
15629,82498,2015-11-08,1.0
82498,82498,2015-11-08,1.0
21564,82367,2015-11-08,1.0
4832,20302,2015-11-08,1.0
5690,26710,2015-11-08,1.0
437,25477,2015-11-08,1.0
43076,76011,2015-11-08,1.0
1568,943,2015-11-08,1.0
2554,630,2015-11-08,1.0
2554,9072,2015-11-08,1.0
36721,50901,2015-11-08,1.0
12898,12489,2015-11-08,1.0
20507,2082,2015-11-08,1.0
4053,1459,2015-11-08,1.0
35520,82504,2015-11-08,1.0
23234,11142,2015-11-08,1.0
26710,2926,2015-11-08,1.0
52890,93,2015-11-08,1.0
17773,17773,2015-11-08,1.0
12166,4528,2015-11-08,1.0
52890,2051,2015-11-08,1.0
12138,17773,2015-11-08,1.0
7206,1459,2015-11-08,1.0
1463,4528,2015-11-08,1.0
1463,39082,2015-11-08,1.0
14830,10898,2015-11-08,1.0
5697,22277,2015-11-08,1.0
50901,50901,2015-11-08,1.0
20729,9072,2015-11-08,1.0
5984,22277,2015-11-08,1.0
47312,47312,2015-11-08,1.0
9072,9072,2015-11-08,1.0
46573,20302,2015-11-08,1.0
1459,9317,2015-11-08,1.0
38866,1946,2015-11-08,1.0
1532,9072,2015-11-08,1.0
1532,1459,2015-11-08,1.0
48839,47312,2015-11-08,1.0
38624,9317,2015-11-08,1.0
38324,81636,2015-11-08,1.0
454,630,2015-11-08,1.0
46573,46573,2015-11-08,1.0
16537,454,2015-11-08,1.0
11640,82488,2015-11-08,1.0
9072,9317,2015-11-08,1.0
48839,46573,2015-11-08,1.0
26710,26710,2015-11-08,1.0
50754,82484,2015-11-08,1.0
35520,44175,2015-11-08,1.0
4231,4231,2015-11-08,1.0
25028,3315,2015-11-08,1.0
81332,21278,2015-11-08,1.0
35520,82491,2015-11-08,1.0
2954,26710,2015-11-08,1.0
7206,22277,2015-11-08,1.0
13972,13972,2015-11-08,1.0
11926,46846,2015-11-09,1.0
3272,37103,2015-11-09,1.0
5015,46846,2015-11-09,1.0
13650,11142,2015-11-09,1.0
18128,81309,2015-11-09,1.0
17581,8628,2015-11-09,1.0
4333,21278,2015-11-09,1.0
4832,82546,2015-11-09,1.0
6101,82505,2015-11-09,1.0
582,17644,2015-11-09,1.0
82533,23476,2015-11-09,1.0
13265,23758,2015-11-09,1.0
12605,1459,2015-11-09,1.0
12547,21369,2015-11-09,1.0
40588,14464,2015-11-09,1.0
82560,68203,2015-11-09,1.0
11260,78817,2015-11-09,1.0
56617,12905,2015-11-09,1.0
70808,82522,2015-11-09,1.0
75274,39082,2015-11-09,1.0
80361,82538,2015-11-09,1.0
66,58688,2015-11-09,1.0
6818,58688,2015-11-09,1.0
82544,50068,2015-11-09,1.0
13972,29783,2015-11-09,1.0
74453,11142,2015-11-09,1.0
9550,10909,2015-11-09,1.0
1688,15482,2015-11-09,1.0
16046,81639,2015-11-09,1.0
5697,22277,2015-11-09,1.0
12156,76483,2015-11-09,1.0
4832,82505,2015-11-09,1.0
28104,9550,2015-11-09,1.0
29783,13972,2015-11-09,1.0
4961,1459,2015-11-09,1.0
60450,5371,2015-11-09,1.0
81639,16046,2015-11-09,1.0
1540,1540,2015-11-09,1.0
23758,23758,2015-11-09,1.0
8628,17581,2015-11-09,1.0
7307,15482,2015-11-09,1.0
39082,39082,2015-11-09,1.0
13650,13650,2015-11-09,1.0
2622,78817,2015-11-09,1.0
39297,7402,2015-11-09,1.0
50437,4231,2015-11-09,1.0
39747,10605,2015-11-09,1.0
58688,66,2015-11-09,1.0
58688,6818,2015-11-09,1.0
440,32307,2015-11-09,1.0
8508,14302,2015-11-09,1.0
7576,36721,2015-11-09,1.0
54783,82500,2015-11-09,1.0
17644,17644,2015-11-09,1.0
75614,1540,2015-11-09,1.0
4177,763,2015-11-09,1.0
39082,75274,2015-11-09,1.0
22971,13650,2015-11-09,1.0
4528,10605,2015-11-09,1.0
8508,2733,2015-11-09,1.0
58688,58688,2015-11-09,1.0
5015,5015,2015-11-09,1.0
82561,82561,2015-11-09,1.0
5101,11926,2015-11-09,1.0
36688,36688,2015-11-09,1.0
763,39082,2015-11-09,1.0
763,75274,2015-11-09,1.0
68708,68708,2015-11-09,1.0
75422,75422,2015-11-09,1.0
2233,38490,2015-11-09,1.0
20302,82561,2015-11-09,1.0
12705,40588,2015-11-09,1.0
13972,13972,2015-11-09,1.0
11540,39362,2015-11-09,1.0
12547,12547,2015-11-09,1.0
10605,10605,2015-11-09,1.0
13265,54369,2015-11-09,1.0
12178,12178,2015-11-09,1.0
55893,82560,2015-11-09,1.0
2926,40588,2015-11-09,1.0
80665,763,2015-11-09,1.0
21369,12547,2015-11-09,1.0
4231,4231,2015-11-09,1.0
4231,6818,2015-11-09,1.0
12905,56617,2015-11-09,1.0
81332,23758,2015-11-09,1.0
14094,82540,2015-11-09,1.0
81332,21278,2015-11-09,1.0
11142,13650,2015-11-09,1.0
29783,29783,2015-11-09,1.0
4333,4333,2015-11-09,1.0
8133,82540,2015-11-09,1.0
21278,4333,2015-11-09,1.0
21278,21278,2015-11-09,1.0
3634,29783,2015-11-09,1.0
9924,11142,2015-11-09,1.0
5984,22277,2015-11-09,1.0
15242,37103,2015-11-09,1.0
2926,9317,2015-11-09,1.0
4333,7666,2015-11-09,1.0
75274,36688,2015-11-09,1.0
81309,82497,2015-11-09,1.0
5100,41979,2015-11-09,1.0
82531,37103,2015-11-09,1.0
35840,82540,2015-11-09,1.0
46104,46104,2015-11-09,1.0
70211,46104,2015-11-09,1.0
4832,29783,2015-11-09,1.0
630,806,2015-11-09,1.0
11142,82540,2015-11-09,1.0
14450,82540,2015-11-09,1.0
437,21278,2015-11-09,1.0
17907,23758,2015-11-09,1.0
5263,23758,2015-11-09,1.0
4144,23758,2015-11-09,1.0
5101,5015,2015-11-09,1.0
3684,82544,2015-11-09,1.0
82542,1847,2015-11-09,1.0
9449,23758,2015-11-09,1.0
3959,82540,2015-11-09,1.0
17440,17644,2015-11-09,1.0
82540,82540,2015-11-09,1.0
14094,58688,2015-11-09,1.0
81901,43108,2015-11-09,1.0
14450,9317,2015-11-09,1.0
2689,82497,2015-11-09,1.0
82370,43108,2015-11-09,1.0
82370,32389,2015-11-09,1.0
1131,82538,2015-11-09,1.0
15242,21278,2015-11-09,1.0
82504,82504,2015-11-09,1.0
7666,7666,2015-11-09,1.0
2733,2733,2015-11-09,1.0
41644,82166,2015-11-10,1.0
11142,20781,2015-11-10,1.0
28104,34538,2015-11-10,1.0
11142,806,2015-11-10,1.0
11142,78525,2015-11-10,1.0
34538,34538,2015-11-10,1.0
12176,34538,2015-11-10,1.0
21291,21291,2015-11-10,1.0
15129,763,2015-11-10,1.0
2926,82166,2015-11-10,1.0
11142,23754,2015-11-10,1.0
40588,40588,2015-11-10,1.0
23291,23754,2015-11-10,1.0
35840,23754,2015-11-10,1.0
13265,4721,2015-11-10,1.0
2807,82582,2015-11-10,1.0
34538,12481,2015-11-10,1.0
82173,38624,2015-11-10,1.0
3948,44464,2015-11-10,1.0
4231,47116,2015-11-10,1.0
1463,82166,2015-11-10,1.0
62560,62560,2015-11-10,1.0
4231,43108,2015-11-10,1.0
391,21291,2015-11-10,1.0
35520,5656,2015-11-10,1.0
3684,38851,2015-11-10,1.0
11054,11054,2015-11-10,1.0
8133,76572,2015-11-10,1.0
76572,76572,2015-11-10,1.0
12905,56617,2015-11-10,1.0
82343,17599,2015-11-10,1.0
4177,1459,2015-11-10,1.0
4177,763,2015-11-10,1.0
7206,76572,2015-11-10,1.0
1847,82584,2015-11-10,1.0
3684,1459,2015-11-10,1.0
40520,24309,2015-11-10,1.0
4814,20781,2015-11-10,1.0
76572,7206,2015-11-10,1.0
440,440,2015-11-10,1.0
41301,42278,2015-11-10,1.0
11115,13694,2015-11-10,1.0
70808,62560,2015-11-10,1.0
4614,43108,2015-11-10,1.0
44293,44293,2015-11-10,1.0
35734,36103,2015-11-10,1.0
82584,82584,2015-11-10,1.0
81605,1459,2015-11-10,1.0
2868,48554,2015-11-10,1.0
1898,11054,2015-11-10,1.0
5656,81488,2015-11-10,1.0
47116,47116,2015-11-10,1.0
763,763,2015-11-10,1.0
21291,391,2015-11-10,1.0
11054,82584,2015-11-10,1.0
56617,12905,2015-11-10,1.0
43108,4614,2015-11-10,1.0
20186,20343,2015-11-10,1.0
35520,74651,2015-11-10,1.0
1593,1459,2015-11-10,1.0
9025,8366,2015-11-10,1.0
82595,82568,2015-11-10,1.0
1441,62560,2015-11-10,1.0
3402,8366,2015-11-10,1.0
11142,82568,2015-11-10,1.0
11142,33064,2015-11-10,1.0
36103,35734,2015-11-10,1.0
6094,82582,2015-11-10,1.0
26522,1459,2015-11-10,1.0
297,82561,2015-11-10,1.0
15934,1459,2015-11-10,1.0
763,1459,2015-11-10,1.0
37850,37850,2015-11-10,1.0
2290,1459,2015-11-10,1.0
82573,12585,2015-11-10,1.0
28104,49870,2015-11-10,1.0
5101,82572,2015-11-10,1.0
1946,35734,2015-11-10,1.0
3684,82584,2015-11-10,1.0
6085,76572,2015-11-10,1.0
35840,70918,2015-11-10,1.0
81488,5656,2015-11-10,1.0
37555,38851,2015-11-10,1.0
81488,81488,2015-11-10,1.0
76600,62560,2015-11-10,1.0
1056,6094,2015-11-10,1.0
76600,1441,2015-11-10,1.0
44812,20781,2015-11-10,1.0
37850,74268,2015-11-10,1.0
1056,78588,2015-11-10,1.0
78588,78588,2015-11-10,1.0
1441,1441,2015-11-10,1.0
69862,47312,2015-11-10,1.0
37103,44464,2015-11-10,1.0
78588,6094,2015-11-10,1.0
27465,80979,2015-11-10,1.0
74268,37850,2015-11-10,1.0
43108,2666,2015-11-10,1.0
11437,82245,2015-11-10,1.0
70808,56938,2015-11-10,1.0
28104,82166,2015-11-10,1.0
12481,34538,2015-11-10,1.0
1073,44293,2015-11-10,1.0
2233,81305,2015-11-10,1.0
44464,44464,2015-11-10,1.0
82561,82561,2015-11-10,1.0
80894,1840,2015-11-10,1.0
39082,39082,2015-11-10,1.0
39082,76483,2015-11-10,1.0
75422,82561,2015-11-10,1.0
763,12605,2015-11-10,1.0
73967,121,2015-11-10,1.0
29783,29783,2015-11-10,1.0
3402,29783,2015-11-10,1.0
70808,76739,2015-11-10,1.0
82573,82573,2015-11-10,1.0
76739,76739,2015-11-10,1.0
17644,582,2015-11-10,1.0
6066,76739,2015-11-10,1.0
70808,40950,2015-11-10,1.0
13650,20302,2015-11-10,1.0
13694,6794,2015-11-10,1.0
13694,13694,2015-11-10,1.0
1459,12605,2015-11-10,1.0
9072,9072,2015-11-10,1.0
28104,28104,2015-11-10,1.0
3402,28104,2015-11-10,1.0
763,74651,2015-11-10,1.0
2926,82571,2015-11-10,1.0
763,82571,2015-11-10,1.0
763,20302,2015-11-10,1.0
82505,6101,2015-11-10,1.0
78204,9317,2015-11-10,1.0
11919,40588,2015-11-10,1.0
30186,82572,2015-11-10,1.0
17644,17644,2015-11-10,1.0
82571,82571,2015-11-10,1.0
9652,82571,2015-11-10,1.0
23571,76483,2015-11-10,1.0
70808,82571,2015-11-10,1.0
1946,1946,2015-11-10,1.0
76011,11926,2015-11-10,1.0
35734,1946,2015-11-10,1.0
9550,9550,2015-11-10,1.0
12705,35734,2015-11-10,1.0
13625,82572,2015-11-10,1.0
37103,1131,2015-11-10,1.0
24309,82573,2015-11-10,1.0
1465,76739,2015-11-10,1.0
1131,1131,2015-11-10,1.0
37039,3993,2015-11-10,1.0
13265,54369,2015-11-10,1.0
11142,82595,2015-11-10,1.0
4832,4832,2015-11-10,1.0
82546,4832,2015-11-10,1.0
12178,12178,2015-11-10,1.0
4721,4721,2015-11-10,1.0
37103,82571,2015-11-10,1.0
43266,76572,2015-11-10,1.0
2926,76572,2015-11-10,1.0
41654,82599,2015-11-10,1.0
75,76572,2015-11-10,1.0
82599,82599,2015-11-10,1.0
2926,20781,2015-11-10,1.0
6094,67107,2015-11-10,1.0
20302,20302,2015-11-10,1.0
11926,11926,2015-11-10,1.0
40950,40950,2015-11-10,1.0
18263,12605,2015-11-10,1.0
582,582,2015-11-10,1.0
437,21278,2015-11-10,1.0
5091,74453,2015-11-10,1.0
25510,82571,2015-11-10,1.0
297,391,2015-11-10,1.0
32307,32307,2015-11-10,1.0
3684,6094,2015-11-10,1.0
3684,82582,2015-11-10,1.0
61911,184,2015-11-10,1.0
8430,4832,2015-11-10,1.0
10898,10898,2015-11-10,1.0
10605,33064,2015-11-10,1.0
54369,54369,2015-11-10,1.0
21278,21278,2015-11-10,1.0
3402,82571,2015-11-10,1.0
78554,78554,2015-11-11,1.0
78273,82634,2015-11-11,1.0
81488,81488,2015-11-11,1.0
38966,38966,2015-11-11,1.0
7206,1058,2015-11-11,1.0
6101,6101,2015-11-11,1.0
82659,82659,2015-11-11,1.0
47116,32332,2015-11-11,1.0
14094,38889,2015-11-11,1.0
4362,82659,2015-11-11,1.0
78554,11142,2015-11-11,1.0
3901,51223,2015-11-11,1.0
39082,11142,2015-11-11,1.0
70808,51223,2015-11-11,1.0
3684,33084,2015-11-11,1.0
6794,38966,2015-11-11,1.0
43108,1073,2015-11-11,1.0
38889,38889,2015-11-11,1.0
2290,1826,2015-11-11,1.0
1573,78554,2015-11-11,1.0
74268,81488,2015-11-11,1.0
21291,21291,2015-11-11,1.0
60731,60731,2015-11-11,1.0
4832,81488,2015-11-11,1.0
1847,60731,2015-11-11,1.0
1058,1058,2015-11-11,1.0
1291,82659,2015-11-11,1.0
8146,6101,2015-11-11,1.0
58262,8008,2015-11-11,1.0
3897,60731,2015-11-11,1.0
33084,33084,2015-11-11,1.0
297,82583,2015-11-11,1.0
391,21291,2015-11-11,1.0
39082,43108,2015-11-11,1.0
2954,33084,2015-11-11,1.0
11009,4600,2015-11-11,1.0
6827,82637,2015-11-11,1.0
66731,66731,2015-11-11,1.0
1826,1826,2015-11-11,1.0
4953,9550,2015-11-11,1.0
3521,58203,2015-11-11,1.0
51223,41075,2015-11-11,1.0
26935,82599,2015-11-11,1.0
22131,24611,2015-11-11,1.0
6481,82637,2015-11-11,1.0
9025,78401,2015-11-11,1.0
11142,78554,2015-11-11,1.0
43108,2666,2015-11-11,1.0
43108,44005,2015-11-11,1.0
1073,43108,2015-11-11,1.0
9025,4405,2015-11-11,1.0
82616,32261,2015-11-11,1.0
82664,11705,2015-11-11,1.0
6094,33084,2015-11-11,1.0
6936,76748,2015-11-11,1.0
8430,82584,2015-11-11,1.0
72289,72289,2015-11-11,1.0
6101,8146,2015-11-11,1.0
16537,16537,2015-11-11,1.0
3948,26935,2015-11-11,1.0
78588,44464,2015-11-11,1.0
1441,16183,2015-11-11,1.0
68746,2362,2015-11-11,1.0
15934,38889,2015-11-11,1.0
1463,38889,2015-11-11,1.0
70808,75343,2015-11-11,1.0
3402,38851,2015-11-11,1.0
28104,23754,2015-11-11,1.0
3502,82627,2015-11-11,1.0
4991,41979,2015-11-11,1.0
11260,82634,2015-11-11,1.0
32332,47116,2015-11-11,1.0
6827,41301,2015-11-11,1.0
143,6094,2015-11-11,1.0
20787,23754,2015-11-11,1.0
21291,391,2015-11-11,1.0
61522,61522,2015-11-11,1.0
16537,778,2015-11-11,1.0
2383,297,2015-11-11,1.0
22131,22131,2015-11-11,1.0
22781,66731,2015-11-11,1.0
8799,56553,2015-11-11,1.0
3402,3402,2015-11-11,1.0
16183,1441,2015-11-11,1.0
40297,75343,2015-11-11,1.0
11437,11437,2015-11-11,1.0
14094,11142,2015-11-11,1.0
58203,58203,2015-11-11,1.0
1688,56553,2015-11-11,1.0
14830,82634,2015-11-11,1.0
76600,66731,2015-11-11,1.0
48839,47312,2015-11-11,1.0
82584,3684,2015-11-11,1.0
47312,47312,2015-11-11,1.0
70808,11437,2015-11-11,1.0
21349,78588,2015-11-11,1.0
73972,82627,2015-11-11,1.0
78588,78588,2015-11-11,1.0
73799,6617,2015-11-11,1.0
75616,70211,2015-11-11,1.0
44464,78588,2015-11-11,1.0
2926,2926,2015-11-11,1.0
15934,1463,2015-11-11,1.0
82627,82627,2015-11-11,1.0
54369,54369,2015-11-11,1.0
74268,74268,2015-11-11,1.0
1463,1463,2015-11-11,1.0
11142,11142,2015-11-11,1.0
36721,3684,2015-11-11,1.0
82584,8430,2015-11-11,1.0
21574,78525,2015-11-11,1.0
16046,78582,2015-11-11,1.0
43076,80578,2015-11-11,1.0
3684,3684,2015-11-11,1.0
78525,78525,2015-11-11,1.0
4600,11009,2015-11-11,1.0
80578,80578,2015-11-11,1.0
13042,778,2015-11-11,1.0
82584,11054,2015-11-11,1.0
43076,24611,2015-11-11,1.0
8430,8430,2015-11-11,1.0
1463,11142,2015-11-11,1.0
5810,82583,2015-11-11,1.0
2024,2481,2015-11-11,1.0
1441,1441,2015-11-11,1.0
70211,70211,2015-11-11,1.0
2481,2481,2015-11-11,1.0
1459,416,2015-11-11,1.0
38851,38851,2015-11-11,1.0
3684,8430,2015-11-11,1.0
297,297,2015-11-11,1.0
2653,70808,2015-11-11,1.0
28104,3402,2015-11-11,1.0
15129,763,2015-11-11,1.0
82583,82583,2015-11-11,1.0
4053,1459,2015-11-11,1.0
82067,82583,2015-11-11,1.0
6094,143,2015-11-11,1.0
11009,11009,2015-11-11,1.0
5810,3621,2015-11-11,1.0
48839,11009,2015-11-11,1.0
763,61522,2015-11-11,1.0
21564,45,2015-11-11,1.0
23754,23754,2015-11-11,1.0
67107,67107,2015-11-11,1.0
11926,66731,2015-11-11,1.0
8133,38966,2015-11-11,1.0
12547,38966,2015-11-11,1.0
4953,4953,2015-11-11,1.0
43054,41075,2015-11-11,1.0
4953,24611,2015-11-11,1.0
43054,61522,2015-11-11,1.0
42278,38966,2015-11-11,1.0
4953,1840,2015-11-11,1.0
4953,1345,2015-11-11,1.0
8146,8146,2015-11-11,1.0
22389,66332,2015-11-11,1.0
41075,51223,2015-11-11,1.0
14094,78554,2015-11-11,1.0
391,78554,2015-11-11,1.0
14094,22131,2015-11-11,1.0
5101,43108,2015-11-11,1.0
4953,43108,2015-11-11,1.0
66332,66332,2015-11-11,1.0
3651,9072,2015-11-11,1.0
38866,38966,2015-11-11,1.0
70808,70808,2015-11-11,1.0
440,440,2015-11-11,1.0
26522,1826,2015-11-11,1.0
81335,38966,2015-11-11,1.0
22339,16988,2015-11-11,1.0
34538,12481,2015-11-11,1.0
70808,18263,2015-11-11,1.0
4953,23388,2015-11-11,1.0
5101,70751,2015-11-12,1.0
41291,41291,2015-11-12,1.0
57145,57145,2015-11-12,1.0
7410,10898,2015-11-12,1.0
11142,6094,2015-11-12,1.0
26039,76479,2015-11-12,1.0
30679,78554,2015-11-12,1.0
82561,1409,2015-11-12,1.0
57145,58096,2015-11-12,1.0
6666,39082,2015-11-12,1.0
39115,66009,2015-11-12,1.0
11142,51663,2015-11-12,1.0
20302,7206,2015-11-12,1.0
78401,9025,2015-11-12,1.0
44860,70211,2015-11-12,1.0
11100,39359,2015-11-12,1.0
4069,76748,2015-11-12,1.0
11142,16959,2015-11-12,1.0
7410,39359,2015-11-12,1.0
9025,76479,2015-11-12,1.0
5810,82583,2015-11-12,1.0
18060,41291,2015-11-12,1.0
13915,51663,2015-11-12,1.0
76239,22758,2015-11-12,1.0
11115,41953,2015-11-12,1.0
2273,13113,2015-11-12,1.0
34461,1459,2015-11-12,1.0
36672,82616,2015-11-12,1.0
78588,82704,2015-11-12,1.0
6666,41075,2015-11-12,1.0
56505,70211,2015-11-12,1.0
82709,24224,2015-11-12,1.0
1847,65756,2015-11-12,1.0
12138,51591,2015-11-12,1.0
5279,13113,2015-11-12,1.0
41291,18060,2015-11-12,1.0
22810,290,2015-11-12,1.0
290,290,2015-11-12,1.0
51663,11142,2015-11-12,1.0
40883,41291,2015-11-12,1.0
51663,51663,2015-11-12,1.0
11142,36572,2015-11-12,1.0
1573,36572,2015-11-12,1.0
12178,44293,2015-11-12,1.0
1106,36721,2015-11-12,1.0
613,11142,2015-11-12,1.0
290,11100,2015-11-12,1.0
48839,82675,2015-11-12,1.0
36721,36721,2015-11-12,1.0
76600,1441,2015-11-12,1.0
10901,4832,2015-11-12,1.0
1441,1441,2015-11-12,1.0
76600,16959,2015-11-12,1.0
391,21291,2015-11-12,1.0
37850,37850,2015-11-12,1.0
26591,9025,2015-11-12,1.0
13694,13694,2015-11-12,1.0
6094,6094,2015-11-12,1.0
51223,51223,2015-11-12,1.0
11142,33084,2015-11-12,1.0
62560,62560,2015-11-12,1.0
9068,10368,2015-11-12,1.0
22277,5697,2015-11-12,1.0
33084,33084,2015-11-12,1.0
33084,6094,2015-11-12,1.0
76748,76748,2015-11-12,1.0
41619,41619,2015-11-12,1.0
3041,82561,2015-11-12,1.0
10898,10898,2015-11-12,1.0
2926,82666,2015-11-12,1.0
35593,82656,2015-11-12,1.0
21291,21291,2015-11-12,1.0
15129,41619,2015-11-12,1.0
20026,68463,2015-11-12,1.0
51413,1233,2015-11-12,1.0
10901,865,2015-11-12,1.0
1847,36721,2015-11-12,1.0
76479,9025,2015-11-12,1.0
9025,36721,2015-11-12,1.0
12481,12481,2015-11-12,1.0
58096,57145,2015-11-12,1.0
48839,22491,2015-11-12,1.0
8430,51591,2015-11-12,1.0
22491,22491,2015-11-12,1.0
9025,51591,2015-11-12,1.0
36572,36572,2015-11-12,1.0
3684,19864,2015-11-12,1.0
19864,19864,2015-11-12,1.0
82561,82561,2015-11-12,1.0
5712,36721,2015-11-12,1.0
51591,51591,2015-11-12,1.0
8430,19864,2015-11-12,1.0
37103,11142,2015-11-12,1.0
82577,82577,2015-11-12,1.0
4177,51663,2015-11-12,1.0
8430,36721,2015-11-12,1.0
25510,16959,2015-11-12,1.0
8430,51663,2015-11-12,1.0
82067,82583,2015-11-12,1.0
9025,9025,2015-11-12,1.0
1459,57145,2015-11-12,1.0
76479,76479,2015-11-12,1.0
39004,10368,2015-11-12,1.0
45846,82649,2015-11-12,1.0
532,15915,2015-11-12,1.0
82675,82675,2015-11-12,1.0
34538,12481,2015-11-12,1.0
15915,15915,2015-11-12,1.0
17581,58096,2015-11-12,1.0
58125,16702,2015-11-12,1.0
75422,37850,2015-11-12,1.0
70808,82713,2015-11-12,1.0
43054,80110,2015-11-12,1.0
13915,13915,2015-11-12,1.0
82245,82245,2015-11-12,1.0
11260,19864,2015-11-12,1.0
70808,13915,2015-11-12,1.0
18060,18060,2015-11-12,1.0
13265,82245,2015-11-12,1.0
82704,78588,2015-11-12,1.0
3948,76479,2015-11-12,1.0
440,78539,2015-11-12,1.0
22971,6429,2015-11-12,1.0
16959,11142,2015-11-12,1.0
78539,78539,2015-11-12,1.0
82649,82649,2015-11-12,1.0
8103,80110,2015-11-12,1.0
806,82698,2015-11-12,1.0
11919,40588,2015-11-12,1.0
37436,21907,2015-11-12,1.0
82685,82685,2015-11-12,1.0
13360,41258,2015-11-12,1.0
13265,4721,2015-11-12,1.0
82698,82698,2015-11-12,1.0
3901,51223,2015-11-12,1.0
14094,290,2015-11-12,1.0
11142,82698,2015-11-12,1.0
9871,82245,2015-11-12,1.0
30889,68463,2015-11-12,1.0
32332,32332,2015-11-12,1.0
22989,290,2015-11-12,1.0
14094,82685,2015-11-12,1.0
4953,82695,2015-11-12,1.0
22131,78588,2015-11-12,1.0
66607,6094,2015-11-12,1.0
38624,82698,2015-11-12,1.0
41075,51223,2015-11-12,1.0
4767,290,2015-11-12,1.0
52890,44005,2015-11-12,1.0
37436,58096,2015-11-12,1.0
3075,6666,2015-11-12,1.0
82702,82702,2015-11-13,1.0
78,11540,2015-11-13,1.0
6094,14515,2015-11-13,1.0
70508,70508,2015-11-13,1.0
5656,4832,2015-11-13,1.0
5656,5656,2015-11-13,1.0
82713,82713,2015-11-13,1.0
13119,8176,2015-11-13,1.0
39082,16183,2015-11-13,1.0
8176,8176,2015-11-13,1.0
13113,82698,2015-11-13,1.0
70808,36688,2015-11-13,1.0
8103,82724,2015-11-13,1.0
16183,16183,2015-11-13,1.0
41291,41291,2015-11-13,1.0
5516,70964,2015-11-13,1.0
6101,6101,2015-11-13,1.0
4953,82588,2015-11-13,1.0
54365,45397,2015-11-13,1.0
48481,38966,2015-11-13,1.0
5516,4721,2015-11-13,1.0
76177,82702,2015-11-13,1.0
58096,17581,2015-11-13,1.0
4832,5656,2015-11-13,1.0
7687,2954,2015-11-13,1.0
13265,45397,2015-11-13,1.0
4832,4832,2015-11-13,1.0
7687,7687,2015-11-13,1.0
36721,11142,2015-11-13,1.0
955,5010,2015-11-13,1.0
82724,82724,2015-11-13,1.0
82616,36672,2015-11-13,1.0
8338,82685,2015-11-13,1.0
1573,8176,2015-11-13,1.0
40804,8176,2015-11-13,1.0
82741,82741,2015-11-13,1.0
5516,5516,2015-11-13,1.0
1266,82742,2015-11-13,1.0
25028,3106,2015-11-13,1.0
22758,76239,2015-11-13,1.0
2926,82741,2015-11-13,1.0
82742,82742,2015-11-13,1.0
82192,82192,2015-11-13,1.0
11949,76011,2015-11-13,1.0
24309,82751,2015-11-13,1.0
37103,33664,2015-11-13,1.0
8887,16183,2015-11-13,1.0
43108,43108,2015-11-13,1.0
16702,16702,2015-11-13,1.0
14515,14515,2015-11-13,1.0
41291,18060,2015-11-13,1.0
75616,56505,2015-11-13,1.0
41644,49668,2015-11-13,1.0
4721,4721,2015-11-13,1.0
78401,9025,2015-11-13,1.0
21907,11260,2015-11-13,1.0
39521,11540,2015-11-13,1.0
11640,24114,2015-11-13,1.0
4721,5516,2015-11-13,1.0
22878,82741,2015-11-13,1.0
82192,43108,2015-11-13,1.0
7519,1306,2015-11-13,1.0
7519,2622,2015-11-13,1.0
4767,82743,2015-11-13,1.0
13915,11142,2015-11-13,1.0
38624,11919,2015-11-13,1.0
2362,2362,2015-11-13,1.0
70808,11142,2015-11-13,1.0
11546,11546,2015-11-13,1.0
13647,13647,2015-11-13,1.0
36672,36672,2015-11-13,1.0
82719,9924,2015-11-13,1.0
2384,29783,2015-11-13,1.0
74651,35520,2015-11-13,1.0
1573,82666,2015-11-13,1.0
2954,2954,2015-11-13,1.0
29783,29783,2015-11-13,1.0
10365,13625,2015-11-13,1.0
11540,11540,2015-11-13,1.0
11540,11546,2015-11-13,1.0
26039,11540,2015-11-13,1.0
9072,9924,2015-11-13,1.0
290,18263,2015-11-13,1.0
11260,82192,2015-11-13,1.0
13265,82245,2015-11-13,1.0
66009,39115,2015-11-13,1.0
82698,82698,2015-11-13,1.0
82583,5810,2015-11-13,1.0
21291,21291,2015-11-13,1.0
76600,82713,2015-11-13,1.0
9072,82666,2015-11-13,1.0
6263,6263,2015-11-13,1.0
36721,36721,2015-11-13,1.0
40023,51685,2015-11-13,1.0
5810,5810,2015-11-13,1.0
4649,82566,2015-11-13,1.0
3402,38851,2015-11-13,1.0
3402,11540,2015-11-13,1.0
82666,8176,2015-11-13,1.0
1056,51685,2015-11-13,1.0
360,2362,2015-11-13,1.0
11919,82698,2015-11-13,1.0
31814,1073,2015-11-13,1.0
56505,56505,2015-11-13,1.0
184,2362,2015-11-13,1.0
5810,5010,2015-11-13,1.0
41619,2554,2015-11-13,1.0
82588,82588,2015-11-13,1.0
7410,11100,2015-11-13,1.0
21684,36572,2015-11-13,1.0
7092,7687,2015-11-13,1.0
11100,11100,2015-11-13,1.0
11100,7410,2015-11-13,1.0
64541,64541,2015-11-13,1.0
36721,6101,2015-11-13,1.0
21684,64541,2015-11-13,1.0
64541,11142,2015-11-13,1.0
76479,76479,2015-11-13,1.0
82726,82726,2015-11-13,1.0
76479,11540,2015-11-13,1.0
3948,76479,2015-11-13,1.0
1073,1073,2015-11-13,1.0
48839,11540,2015-11-13,1.0
47305,82245,2015-11-13,1.0
39717,6976,2015-11-13,1.0
1441,6094,2015-11-13,1.0
66607,6094,2015-11-13,1.0
1463,82688,2015-11-13,1.0
25510,82192,2015-11-13,1.0
290,22804,2015-11-13,1.0
81488,34191,2015-11-13,1.0
9942,81477,2015-11-13,1.0
2481,47195,2015-11-13,1.0
82739,80247,2015-11-13,1.0
82742,1662,2015-11-13,1.0
4953,51685,2015-11-13,1.0
38407,82741,2015-11-13,1.0
297,82741,2015-11-13,1.0
43108,82192,2015-11-13,1.0
17836,38966,2015-11-13,1.0
1441,16183,2015-11-13,1.0
2811,445,2015-11-13,1.0
80490,30196,2015-11-13,1.0
2060,38966,2015-11-13,1.0
82735,6094,2015-11-13,1.0
11926,47195,2015-11-13,1.0
36721,49208,2015-11-13,1.0
2554,41619,2015-11-13,1.0
29783,82695,2015-11-13,1.0
11260,21907,2015-11-13,1.0
68305,38889,2015-11-13,1.0
9924,82719,2015-11-13,1.0
6101,36721,2015-11-13,1.0
8176,82666,2015-11-13,1.0
13360,82713,2015-11-13,1.0
6263,61522,2015-11-13,1.0
14515,6094,2015-11-13,1.0
11142,64541,2015-11-13,1.0
3106,11540,2015-11-13,1.0
250,41075,2015-11-13,1.0
3075,82725,2015-11-13,1.0
43076,56667,2015-11-14,1.0
3106,3106,2015-11-14,1.0
8410,25983,2015-11-14,1.0
56667,56667,2015-11-14,1.0
20026,82754,2015-11-14,1.0
82685,82685,2015-11-14,1.0
25510,82751,2015-11-14,1.0
43954,16537,2015-11-14,1.0
70508,70508,2015-11-14,1.0
26522,56667,2015-11-14,1.0
41257,3787,2015-11-14,1.0
43076,47195,2015-11-14,1.0
6101,6101,2015-11-14,1.0
290,64615,2015-11-14,1.0
10475,82765,2015-11-14,1.0
18128,20033,2015-11-14,1.0
18263,18263,2015-11-14,1.0
290,18263,2015-11-14,1.0
2530,82759,2015-11-14,1.0
80361,25510,2015-11-14,1.0
9025,9025,2015-11-14,1.0
11926,11926,2015-11-14,1.0
11919,4953,2015-11-14,1.0
2689,7206,2015-11-14,1.0
7206,7206,2015-11-14,1.0
43076,38889,2015-11-14,1.0
2926,3787,2015-11-14,1.0
37103,33664,2015-11-14,1.0
40883,41291,2015-11-14,1.0
11926,76011,2015-11-14,1.0
11926,59248,2015-11-14,1.0
81220,81220,2015-11-14,1.0
70501,82759,2015-11-14,1.0
47763,82759,2015-11-14,1.0
644,11546,2015-11-14,1.0
7507,8133,2015-11-14,1.0
8176,8799,2015-11-14,1.0
36721,6101,2015-11-14,1.0
70808,82756,2015-11-14,1.0
9550,33664,2015-11-14,1.0
59248,11926,2015-11-14,1.0
1073,64541,2015-11-14,1.0
36721,36721,2015-11-14,1.0
14830,11926,2015-11-14,1.0
6666,81220,2015-11-14,1.0
5516,24114,2015-11-14,1.0
59248,38889,2015-11-14,1.0
10076,38889,2015-11-14,1.0
20033,18128,2015-11-14,1.0
26522,26522,2015-11-14,1.0
51223,51223,2015-11-14,1.0
26522,11926,2015-11-14,1.0
25510,25510,2015-11-14,1.0
82756,82756,2015-11-14,1.0
3402,73579,2015-11-14,1.0
2954,2954,2015-11-14,1.0
317,37808,2015-11-14,1.0
32210,82688,2015-11-14,1.0
80137,1106,2015-11-14,1.0
2290,82765,2015-11-14,1.0
15629,4953,2015-11-14,1.0
11949,76011,2015-11-14,1.0
11259,11259,2015-11-14,1.0
29783,29783,2015-11-14,1.0
6666,39747,2015-11-14,1.0
24309,24309,2015-11-14,1.0
75422,37850,2015-11-14,1.0
1441,1441,2015-11-14,1.0
4953,73579,2015-11-14,1.0
80691,2363,2015-11-14,1.0
2622,82765,2015-11-14,1.0
437,437,2015-11-14,1.0
32210,64541,2015-11-14,1.0
75422,82561,2015-11-14,1.0
28104,73579,2015-11-14,1.0
39747,76736,2015-11-14,1.0
12481,12481,2015-11-14,1.0
45118,6094,2015-11-14,1.0
45118,38490,2015-11-14,1.0
76011,76011,2015-11-14,1.0
10076,70211,2015-11-14,1.0
5516,82765,2015-11-14,1.0
39082,76736,2015-11-14,1.0
42278,38762,2015-11-14,1.0
6316,7392,2015-11-14,1.0
28104,82756,2015-11-14,1.0
82766,10814,2015-11-14,1.0
40297,70211,2015-11-14,1.0
13265,45397,2015-11-14,1.0
11919,43737,2015-11-14,1.0
4953,4953,2015-11-14,1.0
78,11540,2015-11-14,1.0
38762,38762,2015-11-14,1.0
9025,11259,2015-11-14,1.0
1056,3106,2015-11-14,1.0
11546,644,2015-11-14,1.0
82754,82754,2015-11-14,1.0
8430,3106,2015-11-14,1.0
4312,4953,2015-11-14,1.0
290,38762,2015-11-14,1.0
2926,4953,2015-11-14,1.0
2926,73579,2015-11-14,1.0
38624,73579,2015-11-14,1.0
1492,6094,2015-11-14,1.0
5516,70211,2015-11-14,1.0
23141,9896,2015-11-14,1.0
47305,70211,2015-11-14,1.0
12705,37385,2015-11-14,1.0
35520,11259,2015-11-14,1.0
1492,45118,2015-11-14,1.0
36688,24309,2015-11-14,1.0
82751,82751,2015-11-14,1.0
16183,1441,2015-11-14,1.0
4312,6094,2015-11-14,1.0
3402,3206,2015-11-14,1.0
9025,3106,2015-11-14,1.0
40297,82765,2015-11-14,1.0
3402,29783,2015-11-14,1.0
70211,70211,2015-11-14,1.0
36579,8628,2015-11-15,1.0
37103,54552,2015-11-15,1.0
1650,82786,2015-11-15,1.0
15129,29625,2015-11-15,1.0
81488,52896,2015-11-15,1.0
1310,82782,2015-11-15,1.0
48831,23661,2015-11-15,1.0
14514,68440,2015-11-15,1.0
6950,14385,2015-11-15,1.0
10881,11877,2015-11-15,1.0
22491,22491,2015-11-15,1.0
82801,1674,2015-11-15,1.0
4953,38889,2015-11-15,1.0
9025,27831,2015-11-15,1.0
81488,6094,2015-11-15,1.0
4231,69977,2015-11-15,1.0
405,6094,2015-11-15,1.0
54306,76238,2015-11-15,1.0
3993,3621,2015-11-15,1.0
31310,31310,2015-11-15,1.0
43108,34538,2015-11-15,1.0
17787,351,2015-11-15,1.0
16785,67149,2015-11-15,1.0
23291,75321,2015-11-15,1.0
1492,45118,2015-11-15,1.0
45118,3106,2015-11-15,1.0
290,76736,2015-11-15,1.0
45118,82037,2015-11-15,1.0
56667,56667,2015-11-15,1.0
38762,42278,2015-11-15,1.0
3402,29783,2015-11-15,1.0
36688,36688,2015-11-15,1.0
3402,45118,2015-11-15,1.0
29783,29783,2015-11-15,1.0
15629,75321,2015-11-15,1.0
34859,1441,2015-11-15,1.0
34859,3621,2015-11-15,1.0
9025,11259,2015-11-15,1.0
8430,11178,2015-11-15,1.0
35520,11259,2015-11-15,1.0
45118,3621,2015-11-15,1.0
3402,6094,2015-11-15,1.0
11260,82801,2015-11-15,1.0
5516,6950,2015-11-15,1.0
3901,51223,2015-11-15,1.0
1096,10366,2015-11-15,1.0
6451,19276,2015-11-15,1.0
35840,44949,2015-11-15,1.0
6249,9928,2015-11-15,1.0
14094,44949,2015-11-15,1.0
40297,82782,2015-11-15,1.0
14094,61502,2015-11-15,1.0
13113,82756,2015-11-15,1.0
3824,43737,2015-11-15,1.0
6950,6950,2015-11-15,1.0
36721,6101,2015-11-15,1.0
75321,75321,2015-11-15,1.0
82751,82751,2015-11-15,1.0
4231,43737,2015-11-15,1.0
29625,29625,2015-11-15,1.0
29625,15129,2015-11-15,1.0
4423,3621,2015-11-15,1.0
37103,73733,2015-11-15,1.0
42278,42278,2015-11-15,1.0
37103,81920,2015-11-15,1.0
6101,6101,2015-11-15,1.0
3621,3621,2015-11-15,1.0
42278,29625,2015-11-15,1.0
81488,81488,2015-11-15,1.0
52896,81488,2015-11-15,1.0
37103,21907,2015-11-15,1.0
3384,1459,2015-11-15,1.0
44860,70211,2015-11-15,1.0
18060,18060,2015-11-15,1.0
2926,3787,2015-11-15,1.0
80691,1646,2015-11-15,1.0
43054,67149,2015-11-15,1.0
11054,6094,2015-11-15,1.0
21907,54552,2015-11-15,1.0
27831,9025,2015-11-15,1.0
9072,34538,2015-11-15,1.0
38624,34538,2015-11-15,1.0
763,22491,2015-11-15,1.0
38624,405,2015-11-15,1.0
81332,34538,2015-11-15,1.0
2554,41619,2015-11-15,1.0
39747,39747,2015-11-15,1.0
21684,38889,2015-11-15,1.0
11437,39747,2015-11-15,1.0
3901,67149,2015-11-16,1.0
76736,39747,2015-11-16,1.0
38889,38889,2015-11-16,1.0
1463,21684,2015-11-16,1.0
1463,38889,2015-11-16,1.0
54552,21907,2015-11-16,1.0
23758,13265,2015-11-16,1.0
82828,82828,2015-11-16,1.0
4953,17644,2015-11-16,1.0
47763,70501,2015-11-16,1.0
2191,1310,2015-11-16,1.0
4312,76736,2015-11-16,1.0
67149,16785,2015-11-16,1.0
67149,67149,2015-11-16,1.0
9072,34538,2015-11-16,1.0
54552,37103,2015-11-16,1.0
7252,76479,2015-11-16,1.0
11640,53100,2015-11-16,1.0
297,75422,2015-11-16,1.0
13265,82841,2015-11-16,1.0
8938,44464,2015-11-16,1.0
38889,1345,2015-11-16,1.0
44464,6101,2015-11-16,1.0
12858,82843,2015-11-16,1.0
5585,17644,2015-11-16,1.0
14094,1688,2015-11-16,1.0
39521,82828,2015-11-16,1.0
54552,54552,2015-11-16,1.0
1437,3787,2015-11-16,1.0
75422,75422,2015-11-16,1.0
2954,76479,2015-11-16,1.0
1345,1345,2015-11-16,1.0
81332,34538,2015-11-16,1.0
1310,1310,2015-11-16,1.0
30967,32389,2015-11-16,1.0
8430,44464,2015-11-16,1.0
1056,44464,2015-11-16,1.0
38624,3635,2015-11-16,1.0
12705,76479,2015-11-16,1.0
41619,2554,2015-11-16,1.0
48294,41438,2015-11-16,1.0
17988,2083,2015-11-16,1.0
9652,82814,2015-11-16,1.0
81050,81050,2015-11-16,1.0
8103,82685,2015-11-16,1.0
5429,42586,2015-11-16,1.0
8966,68463,2015-11-16,1.0
2415,2415,2015-11-16,1.0
35840,44949,2015-11-16,1.0
44949,44949,2015-11-16,1.0
5101,34538,2015-11-16,1.0
82841,82841,2015-11-16,1.0
4312,4312,2015-11-16,1.0
20781,9025,2015-11-16,1.0
82546,82546,2015-11-16,1.0
47294,351,2015-11-16,1.0
11054,81488,2015-11-16,1.0
351,351,2015-11-16,1.0
1056,4312,2015-11-16,1.0
763,48438,2015-11-16,1.0
3106,3106,2015-11-16,1.0
29783,29783,2015-11-16,1.0
81488,81488,2015-11-16,1.0
2807,4312,2015-11-16,1.0
3402,29783,2015-11-16,1.0
11259,11259,2015-11-16,1.0
4614,43108,2015-11-16,1.0
3402,6094,2015-11-16,1.0
37103,82546,2015-11-16,1.0
6451,4312,2015-11-16,1.0
70808,81050,2015-11-16,1.0
35840,82674,2015-11-16,1.0
13265,77919,2015-11-16,1.0
3684,3621,2015-11-16,1.0
13972,36688,2015-11-16,1.0
77919,77919,2015-11-16,1.0
3041,82546,2015-11-16,1.0
41619,41619,2015-11-16,1.0
2926,34538,2015-11-16,1.0
37385,37385,2015-11-16,1.0
21684,38889,2015-11-16,1.0
11919,82698,2015-11-16,1.0
13265,6950,2015-11-16,1.0
10266,4312,2015-11-16,1.0
38889,21684,2015-11-16,1.0
34538,34538,2015-11-16,1.0
21684,21684,2015-11-16,1.0
14385,6950,2015-11-16,1.0
21684,61502,2015-11-16,1.0
2290,34538,2015-11-16,1.0
1176,7507,2015-11-16,1.0
49783,9025,2015-11-16,1.0
2926,82816,2015-11-16,1.0
65937,43560,2015-11-16,1.0
26039,1073,2015-11-16,1.0
16639,21965,2015-11-16,1.0
37103,54552,2015-11-16,1.0
82830,2415,2015-11-16,1.0
5101,3635,2015-11-16,1.0
17644,5585,2015-11-16,1.0
2554,41619,2015-11-16,1.0
1345,38889,2015-11-16,1.0
6101,44464,2015-11-16,1.0
54306,78781,2015-11-16,1.0
14915,82828,2015-11-16,1.0
42586,42586,2015-11-16,1.0
7732,7732,2015-11-16,1.0
2362,2362,2015-11-16,1.0
16518,3651,2015-11-16,1.0
8430,62135,2015-11-16,1.0
14450,82674,2015-11-16,1.0
9269,7507,2015-11-16,1.0
82814,82802,2015-11-16,1.0
82816,10898,2015-11-16,1.0
351,47294,2015-11-16,1.0
5701,11178,2015-11-16,1.0
23141,7507,2015-11-16,1.0
50846,43108,2015-11-16,1.0
1073,48438,2015-11-16,1.0
3651,16518,2015-11-16,1.0
82821,49,2015-11-16,1.0
4600,7507,2015-11-16,1.0
17644,3891,2015-11-16,1.0
21684,8196,2015-11-16,1.0
4832,2415,2015-11-16,1.0
1688,1688,2015-11-16,1.0
7507,7507,2015-11-16,1.0
62695,30186,2015-11-16,1.0
7732,5045,2015-11-16,1.0
1946,7507,2015-11-16,1.0
75321,75321,2015-11-16,1.0
26039,82816,2015-11-16,1.0
4953,81876,2015-11-16,1.0
6094,405,2015-11-16,1.0
3402,3106,2015-11-16,1.0
12481,47499,2015-11-17,1.0
82843,82843,2015-11-17,1.0
956,51251,2015-11-17,1.0
2554,2554,2015-11-17,1.0
43326,76736,2015-11-17,1.0
1345,1345,2015-11-17,1.0
38889,1345,2015-11-17,1.0
297,75422,2015-11-17,1.0
38889,38889,2015-11-17,1.0
75422,75422,2015-11-17,1.0
14094,38889,2015-11-17,1.0
10266,82843,2015-11-17,1.0
47499,47499,2015-11-17,1.0
4832,62560,2015-11-17,1.0
10266,4312,2015-11-17,1.0
5762,82685,2015-11-17,1.0
17644,17644,2015-11-17,1.0
1056,44464,2015-11-17,1.0
42586,42586,2015-11-17,1.0
13265,58018,2015-11-17,1.0
13265,70593,2015-11-17,1.0
1345,38889,2015-11-17,1.0
36688,36688,2015-11-17,1.0
3106,43737,2015-11-17,1.0
763,82853,2015-11-17,1.0
13265,42690,2015-11-17,1.0
8857,66009,2015-11-17,1.0
2954,76479,2015-11-17,1.0
7092,76479,2015-11-17,1.0
21684,82836,2015-11-17,1.0
26935,82836,2015-11-17,1.0
7252,76479,2015-11-17,1.0
38698,81050,2015-11-17,1.0
81434,913,2015-11-17,1.0
82853,82853,2015-11-17,1.0
58594,12481,2015-11-17,1.0
43054,43054,2015-11-17,1.0
71011,82828,2015-11-17,1.0
22810,43054,2015-11-17,1.0
21051,82853,2015-11-17,1.0
66009,66009,2015-11-17,1.0
76239,76239,2015-11-17,1.0
43054,20302,2015-11-17,1.0
3402,18060,2015-11-17,1.0
20302,20302,2015-11-17,1.0
431,11259,2015-11-17,1.0
11640,69037,2015-11-17,1.0
31233,69037,2015-11-17,1.0
6936,53100,2015-11-17,1.0
20302,22810,2015-11-17,1.0
43054,22810,2015-11-17,1.0
13215,14094,2015-11-17,1.0
22810,22810,2015-11-17,1.0
2926,56617,2015-11-17,1.0
24309,24309,2015-11-17,1.0
21291,21291,2015-11-17,1.0
11260,82840,2015-11-17,1.0
12858,801,2015-11-17,1.0
5575,38851,2015-11-17,1.0
22758,76239,2015-11-17,1.0
8799,1073,2015-11-17,1.0
9652,8588,2015-11-17,1.0
48481,11259,2015-11-17,1.0
14094,14094,2015-11-17,1.0
9652,56920,2015-11-17,1.0
801,801,2015-11-17,1.0
184,78,2015-11-17,1.0
801,8799,2015-11-17,1.0
2362,2362,2015-11-17,1.0
26935,82800,2015-11-17,1.0
20302,82800,2015-11-17,1.0
26935,69037,2015-11-17,1.0
13915,82800,2015-11-17,1.0
6030,75321,2015-11-17,1.0
37026,82759,2015-11-17,1.0
38085,29625,2015-11-17,1.0
82724,76736,2015-11-17,1.0
19949,81050,2015-11-17,1.0
4177,69037,2015-11-17,1.0
28104,82843,2015-11-17,1.0
1073,8799,2015-11-17,1.0
5101,58018,2015-11-17,1.0
18060,3402,2015-11-17,1.0
28104,8799,2015-11-17,1.0
44860,70211,2015-11-17,1.0
11260,81920,2015-11-17,1.0
1946,56920,2015-11-17,1.0
4953,56617,2015-11-17,1.0
23950,82829,2015-11-17,1.0
82880,7089,2015-11-17,1.0
1540,82861,2015-11-17,1.0
11025,82759,2015-11-17,1.0
20787,82869,2015-11-17,1.0
1682,1058,2015-11-17,1.0
297,78704,2015-11-17,1.0
14450,82843,2015-11-17,1.0
4312,3402,2015-11-17,1.0
38624,4377,2015-11-17,1.0
17029,82828,2015-11-17,1.0
76748,4069,2015-11-17,1.0
69037,69037,2015-11-17,1.0
9072,56920,2015-11-17,1.0
2273,39004,2015-11-17,1.0
1465,39004,2015-11-17,1.0
13972,82861,2015-11-17,1.0
10901,2294,2015-11-17,1.0
18060,18060,2015-11-17,1.0
11054,66009,2015-11-17,1.0
41619,2554,2015-11-17,1.0
1840,1840,2015-11-17,1.0
53100,53100,2015-11-17,1.0
11142,1840,2015-11-17,1.0
51201,7482,2015-11-17,1.0
14385,6950,2015-11-17,1.0
14094,76018,2015-11-17,1.0
82861,82861,2015-11-17,1.0
29783,29783,2015-11-17,1.0
56920,56920,2015-11-17,1.0
70808,76736,2015-11-17,1.0
12898,82828,2015-11-17,1.0
57842,1073,2015-11-17,1.0
33672,33672,2015-11-17,1.0
13650,33672,2015-11-17,1.0
1682,1682,2015-11-17,1.0
32389,32389,2015-11-17,1.0
62135,62135,2015-11-17,1.0
7206,1682,2015-11-17,1.0
290,391,2015-11-17,1.0
52842,43108,2015-11-17,1.0
48438,1073,2015-11-17,1.0
42690,42690,2015-11-17,1.0
39004,39004,2015-11-17,1.0
6101,6101,2015-11-17,1.0
3402,3402,2015-11-17,1.0
6094,56920,2015-11-17,1.0
62735,24309,2015-11-17,1.0
61502,61502,2015-11-17,1.0
3684,56920,2015-11-17,1.0
38085,26039,2015-11-17,1.0
13972,36688,2015-11-17,1.0
70593,70593,2015-11-17,1.0
38624,18060,2015-11-17,1.0
10266,28104,2015-11-17,1.0
1073,1073,2015-11-17,1.0
3684,38851,2015-11-17,1.0
81639,6666,2015-11-17,1.0
13917,2678,2015-11-17,1.0
8103,82685,2015-11-17,1.0
6101,29783,2015-11-17,1.0
6101,25510,2015-11-17,1.0
1463,38889,2015-11-17,1.0
44949,44949,2015-11-17,1.0
35840,44949,2015-11-17,1.0
82800,26935,2015-11-17,1.0
8103,39004,2015-11-17,1.0
69037,26935,2015-11-17,1.0
1306,11877,2015-11-18,1.0
62190,36721,2015-11-18,1.0
4231,81332,2015-11-18,1.0
82930,82930,2015-11-18,1.0
82928,82928,2015-11-18,1.0
81169,1463,2015-11-18,1.0
4832,52845,2015-11-18,1.0
39115,82928,2015-11-18,1.0
78,184,2015-11-18,1.0
1463,1463,2015-11-18,1.0
454,52845,2015-11-18,1.0
1840,82928,2015-11-18,1.0
4231,11877,2015-11-18,1.0
1946,3106,2015-11-18,1.0
44143,56920,2015-11-18,1.0
22131,52845,2015-11-18,1.0
41258,41258,2015-11-18,1.0
39004,39004,2015-11-18,1.0
6794,52845,2015-11-18,1.0
13113,4177,2015-11-18,1.0
15570,70808,2015-11-18,1.0
11178,11178,2015-11-18,1.0
11178,5701,2015-11-18,1.0
12481,43108,2015-11-18,1.0
82179,82179,2015-11-18,1.0
43108,43108,2015-11-18,1.0
13265,82179,2015-11-18,1.0
9025,11259,2015-11-18,1.0
4231,82792,2015-11-18,1.0
82792,82792,2015-11-18,1.0
11926,25376,2015-11-18,1.0
8430,11178,2015-11-18,1.0
60929,972,2015-11-18,1.0
7076,31574,2015-11-18,1.0
20507,33849,2015-11-18,1.0
317,9417,2015-11-18,1.0
20343,20343,2015-11-18,1.0
11919,56667,2015-11-18,1.0
11260,11259,2015-11-18,1.0
3847,4721,2015-11-18,1.0
5100,391,2015-11-18,1.0
62684,68302,2015-11-18,1.0
33141,39004,2015-11-18,1.0
49,24114,2015-11-18,1.0
8133,82904,2015-11-18,1.0
43108,50846,2015-11-18,1.0
81332,82884,2015-11-18,1.0
81332,35330,2015-11-18,1.0
56578,51327,2015-11-18,1.0
36721,62190,2015-11-18,1.0
70808,15570,2015-11-18,1.0
3106,56920,2015-11-18,1.0
82616,76018,2015-11-18,1.0
11540,11540,2015-11-18,1.0
13265,12481,2015-11-18,1.0
82914,47144,2015-11-18,1.0
4069,35330,2015-11-18,1.0
82616,24156,2015-11-18,1.0
82930,42087,2015-11-18,1.0
26935,82414,2015-11-18,1.0
82929,30726,2015-11-18,1.0
13360,41258,2015-11-18,1.0
9417,76736,2015-11-18,1.0
8032,41075,2015-11-18,1.0
12481,25376,2015-11-18,1.0
40023,82925,2015-11-18,1.0
290,51478,2015-11-18,1.0
43108,12481,2015-11-18,1.0
82434,82434,2015-11-18,1.0
1463,82229,2015-11-18,1.0
12858,49,2015-11-18,1.0
20507,37179,2015-11-18,1.0
81169,82229,2015-11-18,1.0
81332,43737,2015-11-18,1.0
82179,12395,2015-11-18,1.0
14233,41075,2015-11-18,1.0
290,41075,2015-11-18,1.0
24494,56187,2015-11-18,1.0
12481,12481,2015-11-18,1.0
13915,26935,2015-11-18,1.0
49,18263,2015-11-18,1.0
3684,81786,2015-11-18,1.0
2554,2554,2015-11-18,1.0
45142,9652,2015-11-18,1.0
4721,3847,2015-11-18,1.0
20343,20186,2015-11-18,1.0
15780,14414,2015-11-18,1.0
1465,39004,2015-11-18,1.0
35330,81332,2015-11-18,1.0
1682,1682,2015-11-18,1.0
8857,66009,2015-11-18,1.0
3106,3106,2015-11-18,1.0
41291,391,2015-11-18,1.0
13625,56667,2015-11-18,1.0
1058,82904,2015-11-18,1.0
1058,1682,2015-11-18,1.0
35520,11259,2015-11-18,1.0
9417,317,2015-11-18,1.0
8133,8133,2015-11-18,1.0
317,317,2015-11-18,1.0
76736,76736,2015-11-18,1.0
48438,1073,2015-11-18,1.0
1056,35158,2015-11-18,1.0
2126,82229,2015-11-18,1.0
26522,26522,2015-11-18,1.0
24494,24494,2015-11-18,1.0
11919,43108,2015-11-18,1.0
81050,81050,2015-11-18,1.0
1056,81786,2015-11-18,1.0
41619,2554,2015-11-18,1.0
11259,11260,2015-11-18,1.0
26039,21051,2015-11-18,1.0
62560,62560,2015-11-18,1.0
76011,76011,2015-11-18,1.0
76011,11926,2015-11-18,1.0
11142,317,2015-11-18,1.0
11546,41075,2015-11-18,1.0
7666,82884,2015-11-18,1.0
11259,11259,2015-11-18,1.0
14414,14414,2015-11-18,1.0
2954,81786,2015-11-18,1.0
454,14414,2015-11-18,1.0
53127,828,2015-11-18,1.0
381,184,2015-11-18,1.0
297,56920,2015-11-18,1.0
630,38851,2015-11-18,1.0
36688,36688,2015-11-18,1.0
76018,76018,2015-11-18,1.0
1946,8133,2015-11-18,1.0
76018,82616,2015-11-18,1.0
54552,37103,2015-11-18,1.0
82840,82840,2015-11-18,1.0
26935,82891,2015-11-18,1.0
14094,38889,2015-11-18,1.0
3503,82840,2015-11-18,1.0
49,82821,2015-11-18,1.0
5575,26522,2015-11-18,1.0
3948,82891,2015-11-18,1.0
13042,62560,2015-11-18,1.0
56920,3106,2015-11-18,1.0
17787,17787,2015-11-18,1.0
4312,68302,2015-11-18,1.0
290,17787,2015-11-18,1.0
6936,53100,2015-11-18,1.0
81786,81786,2015-11-18,1.0
6085,82904,2015-11-18,1.0
51223,290,2015-11-18,1.0
39082,75274,2015-11-18,1.0
22709,22709,2015-11-18,1.0
290,82229,2015-11-18,1.0
14447,290,2015-11-18,1.0
29625,38085,2015-11-18,1.0
11949,76011,2015-11-18,1.0
81332,81332,2015-11-18,1.0
81332,4069,2015-11-18,1.0
82685,82685,2015-11-18,1.0
9652,9652,2015-11-18,1.0
8338,82821,2015-11-18,1.0
56617,56617,2015-11-18,1.0
82904,8133,2015-11-18,1.0
44949,82229,2015-11-18,1.0
2669,82414,2015-11-18,1.0
9652,391,2015-11-18,1.0
3684,34538,2015-11-18,1.0
290,290,2015-11-18,1.0
70808,49048,2015-11-18,1.0
14094,82229,2015-11-18,1.0
49048,49048,2015-11-18,1.0
4069,4069,2015-11-18,1.0
21051,21051,2015-11-18,1.0
38889,38889,2015-11-18,1.0
25511,82434,2015-11-18,1.0
8338,12858,2015-11-18,1.0
82884,81332,2015-11-18,1.0
1463,38889,2015-11-18,1.0
82229,1463,2015-11-18,1.0
11260,11260,2015-11-18,1.0
11142,82978,2015-11-19,1.0
11142,36060,2015-11-19,1.0
6094,6094,2015-11-19,1.0
26039,14414,2015-11-19,1.0
1073,8799,2015-11-19,1.0
8799,8799,2015-11-19,1.0
11949,76011,2015-11-19,1.0
6950,6950,2015-11-19,1.0
18060,18060,2015-11-19,1.0
4923,11142,2015-11-19,1.0
1056,24494,2015-11-19,1.0
11949,12905,2015-11-19,1.0
6950,18060,2015-11-19,1.0
15570,15570,2015-11-19,1.0
454,14414,2015-11-19,1.0
763,82853,2015-11-19,1.0
3948,20302,2015-11-19,1.0
7410,11100,2015-11-19,1.0
82938,391,2015-11-19,1.0
1441,24494,2015-11-19,1.0
11142,1358,2015-11-19,1.0
11919,1358,2015-11-19,1.0
1441,16183,2015-11-19,1.0
2807,82947,2015-11-19,1.0
13650,82928,2015-11-19,1.0
22709,25654,2015-11-19,1.0
25510,36721,2015-11-19,1.0
82504,13542,2015-11-19,1.0
766,630,2015-11-19,1.0
6101,81920,2015-11-19,1.0
28104,11142,2015-11-19,1.0
82010,82143,2015-11-19,1.0
14094,82143,2015-11-19,1.0
82229,76736,2015-11-19,1.0
21146,25376,2015-11-19,1.0
59303,11142,2015-11-19,1.0
11054,82928,2015-11-19,1.0
5690,25654,2015-11-19,1.0
318,82685,2015-11-19,1.0
6666,39713,2015-11-19,1.0
6094,36060,2015-11-19,1.0
6872,65800,2015-11-19,1.0
12481,82974,2015-11-19,1.0
11142,65800,2015-11-19,1.0
20302,82966,2015-11-19,1.0
9652,14414,2015-11-19,1.0
11260,54526,2015-11-19,1.0
801,82685,2015-11-19,1.0
2954,82947,2015-11-19,1.0
11682,70211,2015-11-19,1.0
78588,76736,2015-11-19,1.0
38052,70211,2015-11-19,1.0
39082,38889,2015-11-19,1.0
68305,33047,2015-11-19,1.0
82959,10446,2015-11-19,1.0
13650,82951,2015-11-19,1.0
18060,39304,2015-11-19,1.0
70808,15570,2015-11-19,1.0
25485,36060,2015-11-19,1.0
12705,45057,2015-11-19,1.0
20302,20302,2015-11-19,1.0
15242,15242,2015-11-19,1.0
437,82685,2015-11-19,1.0
82925,40023,2015-11-19,1.0
297,36721,2015-11-19,1.0
43076,15242,2015-11-19,1.0
11142,28104,2015-11-19,1.0
82852,82852,2015-11-19,1.0
49,82852,2015-11-19,1.0
49,12858,2015-11-19,1.0
49,82821,2015-11-19,1.0
9924,630,2015-11-19,1.0
11546,11546,2015-11-19,1.0
1202,11546,2015-11-19,1.0
11142,11142,2015-11-19,1.0
11417,15242,2015-11-19,1.0
35840,11142,2015-11-19,1.0
47430,45057,2015-11-19,1.0
3948,6094,2015-11-19,1.0
28104,28104,2015-11-19,1.0
11919,11919,2015-11-19,1.0
26522,40023,2015-11-19,1.0
3324,11919,2015-11-19,1.0
40023,40023,2015-11-19,1.0
9694,35840,2015-11-19,1.0
9072,82800,2015-11-19,1.0
45057,45057,2015-11-19,1.0
1358,11142,2015-11-19,1.0
1358,11919,2015-11-19,1.0
11142,11919,2015-11-19,1.0
82947,2807,2015-11-19,1.0
36721,36721,2015-11-19,1.0
48438,48438,2015-11-19,1.0
1729,930,2015-11-19,1.0
1049,1049,2015-11-19,1.0
70808,70808,2015-11-19,1.0
38889,38889,2015-11-19,1.0
21146,5498,2015-11-19,1.0
11142,38889,2015-11-19,1.0
801,8799,2015-11-19,1.0
62560,62560,2015-11-19,1.0
82928,82928,2015-11-19,1.0
20507,62560,2015-11-19,1.0
17836,8628,2015-11-19,1.0
60929,972,2015-11-19,1.0
16510,1358,2015-11-19,1.0
52890,56617,2015-11-19,1.0
26039,1073,2015-11-19,1.0
8176,11142,2015-11-19,1.0
5575,26522,2015-11-19,1.0
8338,82821,2015-11-19,1.0
3106,1946,2015-11-19,1.0
43108,43108,2015-11-19,1.0
8338,12858,2015-11-19,1.0
82143,82143,2015-11-19,1.0
4231,11877,2015-11-19,1.0
30726,82929,2015-11-19,1.0
21146,43108,2015-11-19,1.0
18739,11142,2015-11-19,1.0
1358,1358,2015-11-19,1.0
14094,82010,2015-11-19,1.0
36721,25510,2015-11-19,1.0
81819,81819,2015-11-19,1.0
17581,1688,2015-11-19,1.0
1508,8799,2015-11-19,1.0
12858,12858,2015-11-19,1.0
5690,14233,2015-11-19,1.0
3684,81786,2015-11-19,1.0
3901,11546,2015-11-19,1.0
82928,11054,2015-11-19,1.0
19949,10235,2015-11-19,1.0
10482,15242,2015-11-19,1.0
82800,82800,2015-11-19,1.0
14414,9652,2015-11-19,1.0
11260,11260,2015-11-19,1.0
82966,20302,2015-11-19,1.0
82977,82977,2015-11-19,1.0
3634,6950,2015-11-19,1.0
11877,11877,2015-11-19,1.0
20026,82977,2015-11-19,1.0
11142,59303,2015-11-19,1.0
11259,11260,2015-11-19,1.0
9652,9652,2015-11-19,1.0
76011,76011,2015-11-19,1.0
1306,69037,2015-11-19,1.0
2926,82959,2015-11-19,1.0
62135,62135,2015-11-19,1.0
2362,82828,2015-11-19,1.0
290,82229,2015-11-19,1.0
4177,4177,2015-11-19,1.0
51546,1131,2015-11-19,1.0
391,82938,2015-11-19,1.0
1056,2807,2015-11-19,1.0
82951,82951,2015-11-19,1.0
3651,3651,2015-11-19,1.0
82010,82010,2015-11-19,1.0
48438,82951,2015-11-19,1.0
1463,38889,2015-11-19,1.0
6101,82841,2015-11-19,1.0
51469,18827,2015-11-19,1.0
11054,11054,2015-11-19,1.0
15570,70808,2015-11-19,1.0
8799,1073,2015-11-19,1.0
62347,43108,2015-11-19,1.0
81169,1463,2015-11-19,1.0
8103,82685,2015-11-19,1.0
8628,8628,2015-11-19,1.0
6506,1508,2015-11-19,1.0
6506,8799,2015-11-19,1.0
82928,13650,2015-11-19,1.0
82840,493,2015-11-20,1.0
2954,81587,2015-11-20,1.0
83025,1353,2015-11-20,1.0
11260,20595,2015-11-20,1.0
943,6094,2015-11-20,1.0
12481,41032,2015-11-20,1.0
81488,42371,2015-11-20,1.0
52805,52805,2015-11-20,1.0
83033,65975,2015-11-20,1.0
82821,49,2015-11-20,1.0
35800,35800,2015-11-20,1.0
3402,61426,2015-11-20,1.0
6094,943,2015-11-20,1.0
2733,82852,2015-11-20,1.0
801,20595,2015-11-20,1.0
11926,20595,2015-11-20,1.0
36212,1459,2015-11-20,1.0
83014,6355,2015-11-20,1.0
4961,81587,2015-11-20,1.0
7076,82974,2015-11-20,1.0
360,14233,2015-11-20,1.0
4231,82685,2015-11-20,1.0
70808,69037,2015-11-20,1.0
20186,36060,2015-11-20,1.0
12166,14233,2015-11-20,1.0
36721,36721,2015-11-20,1.0
2181,53100,2015-11-20,1.0
3106,3106,2015-11-20,1.0
13113,382,2015-11-20,1.0
13650,83008,2015-11-20,1.0
39747,2841,2015-11-20,1.0
9652,82998,2015-11-20,1.0
18739,10898,2015-11-20,1.0
8103,36950,2015-11-20,1.0
74268,83017,2015-11-20,1.0
8628,8628,2015-11-20,1.0
437,381,2015-11-20,1.0
290,2841,2015-11-20,1.0
16785,36950,2015-11-20,1.0
81587,81587,2015-11-20,1.0
12884,12884,2015-11-20,1.0
4312,2384,2015-11-20,1.0
2841,2841,2015-11-20,1.0
17581,81587,2015-11-20,1.0
82841,82841,2015-11-20,1.0
70808,81587,2015-11-20,1.0
81488,83017,2015-11-20,1.0
17229,13213,2015-11-20,1.0
41139,83019,2015-11-20,1.0
1939,7666,2015-11-20,1.0
4362,83022,2015-11-20,1.0
70808,83008,2015-11-20,1.0
3635,3635,2015-11-20,1.0
82179,12884,2015-11-20,1.0
1946,52805,2015-11-20,1.0
20186,20186,2015-11-20,1.0
3324,3635,2015-11-20,1.0
14835,14835,2015-11-20,1.0
70808,83013,2015-11-20,1.0
23850,23850,2015-11-20,1.0
82685,801,2015-11-20,1.0
1688,1688,2015-11-20,1.0
65800,65800,2015-11-20,1.0
51336,51336,2015-11-20,1.0
290,36950,2015-11-20,1.0
40297,42804,2015-11-20,1.0
2841,39747,2015-11-20,1.0
9652,20595,2015-11-20,1.0
41032,41032,2015-11-20,1.0
70808,13397,2015-11-20,1.0
82821,82821,2015-11-20,1.0
42804,42804,2015-11-20,1.0
14915,1946,2015-11-20,1.0
34444,1946,2015-11-20,1.0
2530,11260,2015-11-20,1.0
75414,12301,2015-11-20,1.0
1056,61426,2015-11-20,1.0
61426,61426,2015-11-20,1.0
1056,382,2015-11-20,1.0
13265,12481,2015-11-20,1.0
25485,81488,2015-11-20,1.0
47823,6545,2015-11-20,1.0
47823,1106,2015-11-20,1.0
20595,20595,2015-11-20,1.0
5690,20595,2015-11-20,1.0
81587,2954,2015-11-20,1.0
48084,83019,2015-11-20,1.0
81587,4961,2015-11-20,1.0
2954,82978,2015-11-20,1.0
10881,5585,2015-11-20,1.0
33141,8103,2015-11-20,1.0
1573,20595,2015-11-20,1.0
17907,41032,2015-11-20,1.0
12166,78172,2015-11-20,1.0
56505,10898,2015-11-20,1.0
81332,81332,2015-11-20,1.0
6950,6950,2015-11-20,1.0
12481,7076,2015-11-20,1.0
7076,7076,2015-11-20,1.0
11949,76011,2015-11-20,1.0
2290,82821,2015-11-20,1.0
12705,45057,2015-11-20,1.0
11949,12905,2015-11-20,1.0
1441,1441,2015-11-20,1.0
290,65800,2015-11-20,1.0
6085,6085,2015-11-20,1.0
33039,6085,2015-11-20,1.0
24494,1441,2015-11-20,1.0
11100,11100,2015-11-20,1.0
54526,54526,2015-11-20,1.0
54526,11260,2015-11-20,1.0
82840,82840,2015-11-20,1.0
12905,12905,2015-11-20,1.0
59303,59303,2015-11-20,1.0
20302,20302,2015-11-20,1.0
9652,14414,2015-11-20,1.0
24953,20302,2015-11-20,1.0
24494,24494,2015-11-20,1.0
3634,6950,2015-11-20,1.0
76011,76011,2015-11-20,1.0
14094,14233,2015-11-20,1.0
11142,11142,2015-11-20,1.0
11260,11260,2015-11-20,1.0
9449,6950,2015-11-20,1.0
5091,12337,2015-11-20,1.0
82821,12858,2015-11-20,1.0
36060,20186,2015-11-20,1.0
4923,11142,2015-11-20,1.0
4231,4231,2015-11-20,1.0
36871,1946,2015-11-20,1.0
47345,61949,2015-11-20,1.0
1946,1946,2015-11-20,1.0
15629,14835,2015-11-20,1.0
14233,14233,2015-11-20,1.0
36972,1441,2015-11-20,1.0
21564,42804,2015-11-20,1.0
318,318,2015-11-20,1.0
2954,3401,2015-11-20,1.0
1465,65800,2015-11-20,1.0
2273,1946,2015-11-20,1.0
81332,82884,2015-11-20,1.0
13650,11054,2015-11-20,1.0
82685,318,2015-11-20,1.0
1409,61949,2015-11-20,1.0
14830,82974,2015-11-20,1.0
7410,11100,2015-11-20,1.0
25510,25510,2015-11-20,1.0
82685,4231,2015-11-20,1.0
61949,61949,2015-11-20,1.0
801,8799,2015-11-20,1.0
25510,1131,2015-11-20,1.0
5101,12884,2015-11-20,1.0
613,35800,2015-11-20,1.0
2926,51336,2015-11-20,1.0
34444,6579,2015-11-20,1.0
12481,12481,2015-11-20,1.0
41032,12481,2015-11-20,1.0
25485,8628,2015-11-20,1.0
37822,18974,2015-11-21,1.0
14385,6950,2015-11-21,1.0
43054,82193,2015-11-21,1.0
13265,40297,2015-11-21,1.0
4721,4721,2015-11-21,1.0
4721,5516,2015-11-21,1.0
4721,4528,2015-11-21,1.0
6950,6950,2015-11-21,1.0
69037,290,2015-11-21,1.0
2926,52805,2015-11-21,1.0
9502,83053,2015-11-21,1.0
18974,37822,2015-11-21,1.0
1946,1946,2015-11-21,1.0
5442,5442,2015-11-21,1.0
12481,80013,2015-11-21,1.0
1946,52805,2015-11-21,1.0
52805,52805,2015-11-21,1.0
73972,82627,2015-11-21,1.0
454,1946,2015-11-21,1.0
4649,4649,2015-11-21,1.0
10744,83045,2015-11-21,1.0
82978,82978,2015-11-21,1.0
11260,82978,2015-11-21,1.0
43076,50901,2015-11-21,1.0
43076,12481,2015-11-21,1.0
36950,8103,2015-11-21,1.0
2926,81587,2015-11-21,1.0
6794,5442,2015-11-21,1.0
3635,3635,2015-11-21,1.0
47823,1106,2015-11-21,1.0
5784,42371,2015-11-21,1.0
73972,4721,2015-11-21,1.0
12481,12481,2015-11-21,1.0
11919,15629,2015-11-21,1.0
290,83045,2015-11-21,1.0
50901,3402,2015-11-21,1.0
4528,4721,2015-11-21,1.0
20233,24706,2015-11-21,1.0
4600,83038,2015-11-21,1.0
5442,83038,2015-11-21,1.0
381,24094,2015-11-21,1.0
5516,4721,2015-11-21,1.0
11142,19885,2015-11-21,1.0
40297,82886,2015-11-21,1.0
8430,3402,2015-11-21,1.0
8131,81587,2015-11-21,1.0
1231,6355,2015-11-21,1.0
4069,83022,2015-11-21,1.0
17581,8628,2015-11-21,1.0
3675,18974,2015-11-21,1.0
8588,58682,2015-11-21,1.0
68305,72273,2015-11-21,1.0
10365,10365,2015-11-21,1.0
81206,64194,2015-11-21,1.0
40297,40297,2015-11-21,1.0
14830,80013,2015-11-21,1.0
61479,961,2015-11-21,1.0
36688,51663,2015-11-21,1.0
51663,51663,2015-11-21,1.0
73972,5516,2015-11-21,1.0
51663,36688,2015-11-21,1.0
15629,80013,2015-11-21,1.0
15934,15242,2015-11-21,1.0
22709,10446,2015-11-21,1.0
83017,74268,2015-11-21,1.0
81587,8131,2015-11-21,1.0
83017,83017,2015-11-21,1.0
1568,8799,2015-11-21,1.0
76593,76469,2015-11-21,1.0
381,381,2015-11-21,1.0
3948,82891,2015-11-21,1.0
25510,20595,2015-11-21,1.0
4832,58682,2015-11-21,1.0
82906,82906,2015-11-21,1.0
3402,8430,2015-11-21,1.0
4333,4721,2015-11-21,1.0
13265,6950,2015-11-21,1.0
81332,1811,2015-11-21,1.0
49,82821,2015-11-21,1.0
39082,83036,2015-11-21,1.0
3324,3635,2015-11-21,1.0
3402,3402,2015-11-21,1.0
75274,82906,2015-11-21,1.0
4832,83019,2015-11-21,1.0
3402,20595,2015-11-21,1.0
83013,83013,2015-11-21,1.0
806,24494,2015-11-21,1.0
18974,3675,2015-11-21,1.0
37822,37822,2015-11-21,1.0
9072,56187,2015-11-21,1.0
15570,15570,2015-11-21,1.0
1106,1106,2015-11-21,1.0
2926,24494,2015-11-21,1.0
2926,56187,2015-11-21,1.0
80361,82891,2015-11-21,1.0
9072,20595,2015-11-21,1.0
70808,15570,2015-11-21,1.0
58682,58682,2015-11-21,1.0
49,12858,2015-11-21,1.0
21684,83036,2015-11-21,1.0
3106,11260,2015-11-21,1.0
82886,40297,2015-11-21,1.0
24706,20233,2015-11-21,1.0
20233,20233,2015-11-21,1.0
1056,83038,2015-11-21,1.0
11142,11142,2015-11-21,1.0
4528,4528,2015-11-21,1.0
38624,83045,2015-11-21,1.0
23850,81011,2015-11-21,1.0
83045,83045,2015-11-21,1.0
12166,4649,2015-11-21,1.0
5516,4528,2015-11-21,1.0
19885,11142,2015-11-21,1.0
10475,81409,2015-11-21,1.0
18739,19885,2015-11-21,1.0
14094,8131,2015-11-21,1.0
83036,83036,2015-11-21,1.0
8131,8131,2015-11-21,1.0
19885,19885,2015-11-21,1.0
20186,36060,2015-11-21,1.0
70808,19885,2015-11-21,1.0
14094,81587,2015-11-21,1.0
11682,4721,2015-11-21,1.0
11260,49223,2015-11-22,1.0
6094,806,2015-11-22,1.0
8430,8430,2015-11-22,1.0
6094,2082,2015-11-22,1.0
4721,70964,2015-11-22,1.0
28104,49223,2015-11-22,1.0
290,290,2015-11-22,1.0
1176,83038,2015-11-22,1.0
37822,37822,2015-11-22,1.0
12481,12481,2015-11-22,1.0
51663,51663,2015-11-22,1.0
36688,51663,2015-11-22,1.0
4721,5516,2015-11-22,1.0
49223,49223,2015-11-22,1.0
18974,37822,2015-11-22,1.0
5101,29961,2015-11-22,1.0
13650,11054,2015-11-22,1.0
8506,50846,2015-11-22,1.0
40723,27831,2015-11-22,1.0
290,644,2015-11-22,1.0
73972,4721,2015-11-22,1.0
49753,469,2015-11-22,1.0
29853,29853,2015-11-22,1.0
5516,4721,2015-11-22,1.0
644,29853,2015-11-22,1.0
848,41619,2015-11-22,1.0
41619,41619,2015-11-22,1.0
67031,39082,2015-11-22,1.0
78273,46987,2015-11-22,1.0
2000,69037,2015-11-22,1.0
82627,82627,2015-11-22,1.0
21146,21146,2015-11-22,1.0
21146,82840,2015-11-22,1.0
11142,82840,2015-11-22,1.0
14551,62560,2015-11-22,1.0
76479,21146,2015-11-22,1.0
2841,2841,2015-11-22,1.0
82338,82338,2015-11-22,1.0
1176,82338,2015-11-22,1.0
39082,39082,2015-11-22,1.0
69037,2841,2015-11-22,1.0
13265,56095,2015-11-22,1.0
19949,82193,2015-11-22,1.0
5516,5516,2015-11-22,1.0
15129,41619,2015-11-22,1.0
74657,6794,2015-11-22,1.0
83038,4600,2015-11-22,1.0
1465,83036,2015-11-22,1.0
6794,6794,2015-11-22,1.0
24076,61426,2015-11-22,1.0
1106,1106,2015-11-22,1.0
7206,74657,2015-11-22,1.0
3402,8430,2015-11-22,1.0
20233,20233,2015-11-22,1.0
2554,82408,2015-11-22,1.0
5279,10446,2015-11-22,1.0
391,7780,2015-11-22,1.0
6950,6950,2015-11-22,1.0
21278,61522,2015-11-22,1.0
24494,24494,2015-11-22,1.0
2554,41619,2015-11-22,1.0
48142,46987,2015-11-22,1.0
1345,290,2015-11-22,1.0
37822,2554,2015-11-22,1.0
47312,83038,2015-11-22,1.0
13700,23758,2015-11-22,1.0
47312,4600,2015-11-22,1.0
33141,8103,2015-11-22,1.0
14385,6950,2015-11-22,1.0
23758,23758,2015-11-22,1.0
4528,4528,2015-11-22,1.0
121,78172,2015-11-22,1.0
39521,27831,2015-11-22,1.0
6794,74657,2015-11-22,1.0
61522,80013,2015-11-22,1.0
15242,15242,2015-11-22,1.0
10898,46987,2015-11-22,1.0
17029,23758,2015-11-22,1.0
2056,46987,2015-11-22,1.0
290,23758,2015-11-22,1.0
78525,61299,2015-11-22,1.0
39421,37103,2015-11-22,1.0
73388,644,2015-11-22,1.0
82840,29961,2015-11-22,1.0
21146,29961,2015-11-22,1.0
70808,83036,2015-11-22,1.0
37555,83081,2015-11-22,1.0
82588,3319,2015-11-22,1.0
83089,27405,2015-11-22,1.0
47312,5442,2015-11-22,1.0
12310,290,2015-11-22,1.0
2191,20233,2015-11-22,1.0
437,381,2015-11-22,1.0
14514,19252,2015-11-22,1.0
70808,7519,2015-11-22,1.0
39082,67031,2015-11-22,1.0
50901,40793,2015-11-22,1.0
11417,20595,2015-11-22,1.0
9253,82861,2015-11-22,1.0
55893,27405,2015-11-22,1.0
45057,45057,2015-11-22,1.0
23297,82928,2015-11-22,1.0
1946,69236,2015-11-22,1.0
82616,41283,2015-11-22,1.0
41283,82616,2015-11-22,1.0
21349,27405,2015-11-22,1.0
4961,82928,2015-11-22,1.0
61299,78525,2015-11-22,1.0
1465,49223,2015-11-22,1.0
4832,83088,2015-11-22,1.0
9072,72273,2015-11-22,1.0
23297,23297,2015-11-22,1.0
82616,82616,2015-11-22,1.0
19949,82193,2015-11-23,1.0
1345,38889,2015-11-23,1.0
38866,2954,2015-11-23,1.0
4832,83098,2015-11-23,1.0
43108,82229,2015-11-23,1.0
6415,82229,2015-11-23,1.0
2554,37103,2015-11-23,1.0
3675,82966,2015-11-23,1.0
450,69037,2015-11-23,1.0
12481,1358,2015-11-23,1.0
18060,60846,2015-11-23,1.0
6818,82414,2015-11-23,1.0
6101,83098,2015-11-23,1.0
20302,83138,2015-11-23,1.0
18606,8628,2015-11-23,1.0
21146,81786,2015-11-23,1.0
18739,6094,2015-11-23,1.0
1441,21753,2015-11-23,1.0
290,56920,2015-11-23,1.0
15503,66608,2015-11-23,1.0
43108,83122,2015-11-23,1.0
75,43681,2015-11-23,1.0
81332,63877,2015-11-23,1.0
16702,48438,2015-11-23,1.0
43108,36370,2015-11-23,1.0
4362,83138,2015-11-23,1.0
20597,2701,2015-11-23,1.0
38866,38866,2015-11-23,1.0
80790,3106,2015-11-23,1.0
21684,38889,2015-11-23,1.0
38889,38889,2015-11-23,1.0
48438,16702,2015-11-23,1.0
9924,83140,2015-11-23,1.0
21146,83140,2015-11-23,1.0
6094,6094,2015-11-23,1.0
21051,37103,2015-11-23,1.0
1946,1946,2015-11-23,1.0
2926,1358,2015-11-23,1.0
1946,38866,2015-11-23,1.0
10898,1358,2015-11-23,1.0
1358,1358,2015-11-23,1.0
23297,66009,2015-11-23,1.0
56920,290,2015-11-23,1.0
2926,61650,2015-11-23,1.0
18606,83141,2015-11-23,1.0
1441,1441,2015-11-23,1.0
37555,37555,2015-11-23,1.0
18606,18606,2015-11-23,1.0
7519,70808,2015-11-23,1.0
41291,61650,2015-11-23,1.0
82338,82338,2015-11-23,1.0
402,82193,2015-11-23,1.0
12419,83140,2015-11-23,1.0
18739,83140,2015-11-23,1.0
8652,8652,2015-11-23,1.0
11260,83138,2015-11-23,1.0
745,83138,2015-11-23,1.0
1266,18606,2015-11-23,1.0
83140,83140,2015-11-23,1.0
21753,1441,2015-11-23,1.0
70808,70808,2015-11-23,1.0
43054,82193,2015-11-23,1.0
83138,83138,2015-11-23,1.0
52805,1946,2015-11-23,1.0
2954,1358,2015-11-23,1.0
13625,43108,2015-11-23,1.0
62560,62560,2015-11-23,1.0
3848,100,2015-11-23,1.0
644,73388,2015-11-23,1.0
2362,73388,2015-11-23,1.0
37103,39421,2015-11-23,1.0
41283,82616,2015-11-23,1.0
48839,82338,2015-11-23,1.0
3848,3848,2015-11-23,1.0
6506,46987,2015-11-23,1.0
82179,3848,2015-11-23,1.0
80790,80790,2015-11-23,1.0
38889,1345,2015-11-23,1.0
80790,1345,2015-11-23,1.0
4312,26700,2015-11-23,1.0
83098,4832,2015-11-23,1.0
4832,4832,2015-11-23,1.0
41619,41619,2015-11-23,1.0
17581,83140,2015-11-23,1.0
13397,13397,2015-11-23,1.0
36721,41666,2015-11-23,1.0
83036,70808,2015-11-23,1.0
3503,82229,2015-11-23,1.0
6205,39082,2015-11-23,1.0
7076,26700,2015-11-23,1.0
38624,43108,2015-11-23,1.0
80790,82229,2015-11-23,1.0
83081,37555,2015-11-23,1.0
66009,66009,2015-11-23,1.0
450,61522,2015-11-23,1.0
78,3075,2015-11-23,1.0
74268,74268,2015-11-23,1.0
3402,43681,2015-11-23,1.0
83089,27405,2015-11-23,1.0
76469,76469,2015-11-23,1.0
2926,3075,2015-11-23,1.0
11919,43108,2015-11-23,1.0
3075,3075,2015-11-23,1.0
16702,16702,2015-11-23,1.0
2926,82193,2015-11-23,1.0
43108,43108,2015-11-23,1.0
54458,29783,2015-11-23,1.0
31814,43108,2015-11-23,1.0
11178,82928,2015-11-23,1.0
14094,38889,2015-11-23,1.0
9025,83122,2015-11-23,1.0
1176,82193,2015-11-23,1.0
3684,3684,2015-11-23,1.0
4832,3684,2015-11-23,1.0
27831,27831,2015-11-23,1.0
83088,83088,2015-11-23,1.0
3272,43108,2015-11-23,1.0
55893,81143,2015-11-23,1.0
381,437,2015-11-23,1.0
50508,290,2015-11-23,1.0
6101,82338,2015-11-23,1.0
11260,82229,2015-11-23,1.0
2807,4312,2015-11-23,1.0
2733,27405,2015-11-23,1.0
37103,14551,2015-11-23,1.0
13265,40297,2015-11-23,1.0
10333,65800,2015-11-23,1.0
83122,83122,2015-11-23,1.0
82978,82978,2015-11-23,1.0
2926,38866,2015-11-23,1.0
81143,81143,2015-11-23,1.0
2481,80578,2015-11-23,1.0
1898,10035,2015-11-23,1.0
3402,6094,2015-11-23,1.0
36370,43108,2015-11-23,1.0
405,1079,2015-11-23,1.0
83122,43108,2015-11-23,1.0
16702,75786,2015-11-23,1.0
75274,82338,2015-11-23,1.0
2000,69868,2015-11-23,1.0
37103,75786,2015-11-23,1.0
290,290,2015-11-24,1.0
18060,80013,2015-11-24,1.0
52936,50339,2015-11-24,1.0
56920,290,2015-11-24,1.0
37103,80013,2015-11-24,1.0
3993,69868,2015-11-24,1.0
1946,1946,2015-11-24,1.0
18060,66528,2015-11-24,1.0
11142,81039,2015-11-24,1.0
25122,69868,2015-11-24,1.0
454,58628,2015-11-24,1.0
613,35800,2015-11-24,1.0
81332,44591,2015-11-24,1.0
801,11142,2015-11-24,1.0
5429,68916,2015-11-24,1.0
7076,83180,2015-11-24,1.0
13360,22491,2015-11-24,1.0
11142,82441,2015-11-24,1.0
36779,1358,2015-11-24,1.0
30147,36640,2015-11-24,1.0
40297,70211,2015-11-24,1.0
40821,23661,2015-11-24,1.0
83179,36640,2015-11-24,1.0
39004,3075,2015-11-24,1.0
17773,31469,2015-11-24,1.0
14593,73850,2015-11-24,1.0
4854,31469,2015-11-24,1.0
405,83141,2015-11-24,1.0
3959,50339,2015-11-24,1.0
81169,50339,2015-11-24,1.0
11142,31469,2015-11-24,1.0
78,3075,2015-11-24,1.0
4312,16107,2015-11-24,1.0
52805,1946,2015-11-24,1.0
83154,16107,2015-11-24,1.0
11781,49223,2015-11-24,1.0
21146,83140,2015-11-24,1.0
3959,3959,2015-11-24,1.0
78525,78525,2015-11-24,1.0
75,78817,2015-11-24,1.0
36721,75,2015-11-24,1.0
66528,66528,2015-11-24,1.0
12481,12481,2015-11-24,1.0
16107,16107,2015-11-24,1.0
75,75,2015-11-24,1.0
2503,82193,2015-11-24,1.0
43076,12481,2015-11-24,1.0
5712,1358,2015-11-24,1.0
83153,50614,2015-11-24,1.0
70808,81039,2015-11-24,1.0
68910,68910,2015-11-24,1.0
82928,23297,2015-11-24,1.0
41291,61650,2015-11-24,1.0
70808,70808,2015-11-24,1.0
12156,68910,2015-11-24,1.0
2653,5516,2015-11-24,1.0
2653,70211,2015-11-24,1.0
56920,56920,2015-11-24,1.0
20186,56920,2015-11-24,1.0
41666,41666,2015-11-24,1.0
14094,38889,2015-11-24,1.0
62405,62405,2015-11-24,1.0
66528,18060,2015-11-24,1.0
3959,38889,2015-11-24,1.0
69236,1946,2015-11-24,1.0
36721,41666,2015-11-24,1.0
2310,62405,2015-11-24,1.0
10744,56778,2015-11-24,1.0
10744,31469,2015-11-24,1.0
12166,82193,2015-11-24,1.0
16702,48438,2015-11-24,1.0
16702,16702,2015-11-24,1.0
25028,56778,2015-11-24,1.0
6794,1358,2015-11-24,1.0
83088,83088,2015-11-24,1.0
83134,82441,2015-11-24,1.0
14830,21146,2015-11-24,1.0
4696,17969,2015-11-24,1.0
2926,2415,2015-11-24,1.0
49,73388,2015-11-24,1.0
25510,47116,2015-11-24,1.0
15503,77936,2015-11-24,1.0
2290,31469,2015-11-24,1.0
38889,38889,2015-11-24,1.0
613,81039,2015-11-24,1.0
82229,82229,2015-11-24,1.0
30186,3996,2015-11-24,1.0
58628,454,2015-11-24,1.0
11142,11142,2015-11-24,1.0
20781,20781,2015-11-24,1.0
2954,81135,2015-11-24,1.0
46852,46852,2015-11-24,1.0
3075,39004,2015-11-24,1.0
82441,11142,2015-11-24,1.0
35840,11142,2015-11-24,1.0
35800,35800,2015-11-24,1.0
69775,9025,2015-11-24,1.0
15002,20781,2015-11-24,1.0
3684,11142,2015-11-24,1.0
37026,69037,2015-11-24,1.0
45057,45057,2015-11-24,1.0
37103,18060,2015-11-24,1.0
3075,78,2015-11-24,1.0
18739,21146,2015-11-24,1.0
6818,49155,2015-11-24,1.0
391,83189,2015-11-24,1.0
42690,2095,2015-11-24,1.0
81335,37103,2015-11-24,1.0
23661,23661,2015-11-24,1.0
48438,48438,2015-11-24,1.0
9072,45057,2015-11-24,1.0
82179,44591,2015-11-24,1.0
11142,801,2015-11-24,1.0
9652,6085,2015-11-24,1.0
763,48438,2015-11-24,1.0
11540,81397,2015-11-24,1.0
17498,59205,2015-11-24,1.0
39004,39004,2015-11-24,1.0
28104,83168,2015-11-24,1.0
38851,45057,2015-11-24,1.0
23661,799,2015-11-24,1.0
48438,82132,2015-11-24,1.0
73850,14593,2015-11-24,1.0
61650,61650,2015-11-24,1.0
48438,16702,2015-11-24,1.0
23661,40821,2015-11-24,1.0
78525,1358,2015-11-24,1.0
763,16702,2015-11-24,1.0
26700,26700,2015-11-24,1.0
644,73388,2015-11-24,1.0
18060,18060,2015-11-24,1.0
83189,83189,2015-11-24,1.0
40723,27831,2015-11-24,1.0
13650,12481,2015-11-24,1.0
7076,26700,2015-11-24,1.0
40821,40821,2015-11-24,1.0
31469,4854,2015-11-24,1.0
11054,23661,2015-11-24,1.0
3621,3621,2015-11-24,1.0
14593,14593,2015-11-24,1.0
39552,82685,2015-11-24,1.0
970,50339,2015-11-24,1.0
11260,11260,2015-11-24,1.0
37026,47763,2015-11-24,1.0
5690,11260,2015-11-24,1.0
1306,83189,2015-11-24,1.0
37026,450,2015-11-24,1.0
47116,47116,2015-11-24,1.0
70211,70211,2015-11-24,1.0
9025,83180,2015-11-24,1.0
41291,81135,2015-11-24,1.0
78,39004,2015-11-25,1.0
78,78,2015-11-25,1.0
83191,38566,2015-11-25,1.0
83209,83209,2015-11-25,1.0
66607,75786,2015-11-25,1.0
78204,11142,2015-11-25,1.0
75786,75786,2015-11-25,1.0
11919,11919,2015-11-25,1.0
290,290,2015-11-25,1.0
42690,36370,2015-11-25,1.0
76479,11919,2015-11-25,1.0
12481,11142,2015-11-25,1.0
83197,83197,2015-11-25,1.0
9025,83197,2015-11-25,1.0
77936,77936,2015-11-25,1.0
70501,7108,2015-11-25,1.0
81332,61522,2015-11-25,1.0
33741,33741,2015-11-25,1.0
6085,6085,2015-11-25,1.0
4600,4600,2015-11-25,1.0
3675,3675,2015-11-25,1.0
5442,20781,2015-11-25,1.0
45057,45057,2015-11-25,1.0
11926,11926,2015-11-25,1.0
45057,11919,2015-11-25,1.0
9072,45057,2015-11-25,1.0
13093,824,2015-11-25,1.0
1409,6085,2015-11-25,1.0
44591,81332,2015-11-25,1.0
83191,83191,2015-11-25,1.0
5516,67157,2015-11-25,1.0
11054,4600,2015-11-25,1.0
2954,4600,2015-11-25,1.0
81332,81332,2015-11-25,1.0
15934,66,2015-11-25,1.0
4961,4961,2015-11-25,1.0
83236,38851,2015-11-25,1.0
3996,3996,2015-11-25,1.0
83236,4961,2015-11-25,1.0
11142,11142,2015-11-25,1.0
11142,2954,2015-11-25,1.0
82193,82193,2015-11-25,1.0
1176,83236,2015-11-25,1.0
7519,7519,2015-11-25,1.0
82588,8138,2015-11-25,1.0
7710,1358,2015-11-25,1.0
83088,83088,2015-11-25,1.0
58688,61522,2015-11-25,1.0
26039,75786,2015-11-25,1.0
12120,83206,2015-11-25,1.0
16183,1310,2015-11-25,1.0
1310,1310,2015-11-25,1.0
31233,470,2015-11-25,1.0
2024,43108,2015-11-25,1.0
8799,8799,2015-11-25,1.0
48438,8799,2015-11-25,1.0
83244,83244,2015-11-25,1.0
9502,83209,2015-11-25,1.0
25510,83244,2015-11-25,1.0
20302,23240,2015-11-25,1.0
29992,23240,2015-11-25,1.0
25028,4961,2015-11-25,1.0
11546,82193,2015-11-25,1.0
81332,37059,2015-11-25,1.0
35520,62787,2015-11-25,1.0
6101,7519,2015-11-25,1.0
38889,38889,2015-11-25,1.0
1345,38889,2015-11-25,1.0
2000,20781,2015-11-25,1.0
83161,21146,2015-11-25,1.0
4600,83212,2015-11-25,1.0
1306,83189,2015-11-25,1.0
21684,1441,2015-11-25,1.0
81332,44591,2015-11-25,1.0
70211,70211,2015-11-25,1.0
20781,2000,2015-11-25,1.0
450,450,2015-11-25,1.0
13265,70211,2015-11-25,1.0
3400,83161,2015-11-25,1.0
21684,3460,2015-11-25,1.0
83206,12120,2015-11-25,1.0
66528,18060,2015-11-25,1.0
83161,83161,2015-11-25,1.0
73850,14593,2015-11-25,1.0
5279,12481,2015-11-25,1.0
26039,66623,2015-11-25,1.0
21684,38889,2015-11-25,1.0
2000,2000,2015-11-25,1.0
76593,83161,2015-11-25,1.0
12120,12120,2015-11-25,1.0
83189,83189,2015-11-25,1.0
2954,81135,2015-11-25,1.0
10366,83207,2015-11-25,1.0
82966,3675,2015-11-25,1.0
19949,82193,2015-11-25,1.0
81135,81135,2015-11-25,1.0
970,50339,2015-11-25,1.0
56778,56778,2015-11-25,1.0
65995,6085,2015-11-25,1.0
2554,41619,2015-11-25,1.0
26522,75536,2015-11-25,1.0
3959,50339,2015-11-25,1.0
2383,75536,2015-11-25,1.0
51336,2000,2015-11-25,1.0
47763,47763,2015-11-25,1.0
26039,83215,2015-11-25,1.0
9253,51546,2015-11-25,1.0
4497,5712,2015-11-25,1.0
4497,1358,2015-11-25,1.0
73583,25490,2015-11-25,1.0
2954,11142,2015-11-25,1.0
2954,83212,2015-11-25,1.0
11919,45057,2015-11-25,1.0
6101,47499,2015-11-25,1.0
3928,7519,2015-11-25,1.0
11919,76479,2015-11-25,1.0
2807,83189,2015-11-25,1.0
11926,61522,2015-11-25,1.0
83211,703,2015-11-25,1.0
22709,14830,2015-11-25,1.0
38566,83191,2015-11-25,1.0
14830,22709,2015-11-25,1.0
18739,11142,2015-11-25,1.0
4961,83236,2015-11-25,1.0
10366,83189,2015-11-25,1.0
39082,39082,2015-11-25,1.0
75420,20595,2015-11-25,1.0
32507,33741,2015-11-25,1.0
61522,11926,2015-11-25,1.0
10475,10446,2015-11-25,1.0
1409,67157,2015-11-25,1.0
21146,83161,2015-11-25,1.0
18060,18060,2015-11-25,1.0
66,82976,2015-11-25,1.0
391,41979,2015-11-25,1.0
11640,12204,2015-11-25,1.0
11540,12204,2015-11-25,1.0
1310,16183,2015-11-25,1.0
38851,83236,2015-11-25,1.0
8008,45057,2015-11-25,1.0
20764,9694,2015-11-26,1.0
6043,61075,2015-11-26,1.0
11233,83272,2015-11-26,1.0
2926,83236,2015-11-26,1.0
20597,20597,2015-11-26,1.0
83290,4832,2015-11-26,1.0
62367,13972,2015-11-26,1.0
66623,66623,2015-11-26,1.0
13265,74112,2015-11-26,1.0
1176,52805,2015-11-26,1.0
81401,8799,2015-11-26,1.0
52805,52805,2015-11-26,1.0
1176,20597,2015-11-26,1.0
2642,38566,2015-11-26,1.0
1176,83292,2015-11-26,1.0
1463,38889,2015-11-26,1.0
62787,62787,2015-11-26,1.0
18606,43108,2015-11-26,1.0
66528,18060,2015-11-26,1.0
37432,52871,2015-11-26,1.0
12481,83253,2015-11-26,1.0
44143,52805,2015-11-26,1.0
78204,11142,2015-11-26,1.0
961,961,2015-11-26,1.0
20764,10266,2015-11-26,1.0
20764,20764,2015-11-26,1.0
2926,26935,2015-11-26,1.0
22606,21123,2015-11-26,1.0
1946,52805,2015-11-26,1.0
20787,23661,2015-11-26,1.0
42636,26003,2015-11-26,1.0
13265,13265,2015-11-26,1.0
52871,52871,2015-11-26,1.0
81332,13265,2015-11-26,1.0
13972,13972,2015-11-26,1.0
25510,83286,2015-11-26,1.0
42676,20597,2015-11-26,1.0
763,2841,2015-11-26,1.0
1306,83292,2015-11-26,1.0
26039,66623,2015-11-26,1.0
56920,3106,2015-11-26,1.0
9652,51716,2015-11-26,1.0
17773,51780,2015-11-26,1.0
61075,61075,2015-11-26,1.0
2362,2362,2015-11-26,1.0
6666,15819,2015-11-26,1.0
2893,7699,2015-11-26,1.0
11540,2362,2015-11-26,1.0
4528,4528,2015-11-26,1.0
11540,4528,2015-11-26,1.0
8938,8652,2015-11-26,1.0
22773,78,2015-11-26,1.0
75616,42804,2015-11-26,1.0
11640,4528,2015-11-26,1.0
14450,20764,2015-11-26,1.0
11142,2954,2015-11-26,1.0
2954,2954,2015-11-26,1.0
42690,18060,2015-11-26,1.0
81332,61522,2015-11-26,1.0
290,61522,2015-11-26,1.0
8652,8938,2015-11-26,1.0
4069,2841,2015-11-26,1.0
2841,2841,2015-11-26,1.0
381,437,2015-11-26,1.0
1540,48438,2015-11-26,1.0
290,2841,2015-11-26,1.0
9253,9253,2015-11-26,1.0
7666,61522,2015-11-26,1.0
8652,8652,2015-11-26,1.0
52896,52896,2015-11-26,1.0
81645,36946,2015-11-26,1.0
8133,52805,2015-11-26,1.0
35520,83197,2015-11-26,1.0
1465,69037,2015-11-26,1.0
3669,83076,2015-11-26,1.0
3669,52896,2015-11-26,1.0
12166,82193,2015-11-26,1.0
11856,11856,2015-11-26,1.0
17836,23758,2015-11-26,1.0
70808,9253,2015-11-26,1.0
20948,6249,2015-11-26,1.0
22277,10774,2015-11-26,1.0
10926,83260,2015-11-26,1.0
83260,83260,2015-11-26,1.0
26218,61522,2015-11-26,1.0
4832,61075,2015-11-26,1.0
81645,6319,2015-11-26,1.0
39342,82229,2015-11-26,1.0
56920,56920,2015-11-26,1.0
766,12481,2015-11-26,1.0
17261,82229,2015-11-26,1.0
10605,82193,2015-11-26,1.0
70808,83251,2015-11-26,1.0
801,20764,2015-11-26,1.0
38889,38889,2015-11-26,1.0
52805,1946,2015-11-26,1.0
34180,34180,2015-11-26,1.0
64496,5258,2015-11-26,1.0
38783,12978,2015-11-26,1.0
12978,12978,2015-11-26,1.0
9072,83257,2015-11-26,1.0
766,8799,2015-11-26,1.0
12705,83257,2015-11-26,1.0
766,75274,2015-11-26,1.0
12978,38783,2015-11-26,1.0
75274,8799,2015-11-26,1.0
360,82193,2015-11-26,1.0
1946,7206,2015-11-26,1.0
10266,20764,2015-11-26,1.0
391,42804,2015-11-26,1.0
83286,83286,2015-11-26,1.0
83295,33538,2015-11-26,1.0
37432,83260,2015-11-26,1.0
26935,69037,2015-11-26,1.0
81605,80376,2015-11-26,1.0
1061,52896,2015-11-26,1.0
4312,8628,2015-11-26,1.0
21574,56353,2015-11-26,1.0
14830,46852,2015-11-26,1.0
1847,2893,2015-11-26,1.0
43108,18606,2015-11-26,1.0
2362,1698,2015-11-26,1.0
11926,83189,2015-11-26,1.0
4528,1698,2015-11-26,1.0
2503,7108,2015-11-26,1.0
8938,8938,2015-11-26,1.0
14830,83267,2015-11-26,1.0
43076,6084,2015-11-26,1.0
11142,10095,2015-11-26,1.0
17773,2893,2015-11-26,1.0
3214,83267,2015-11-26,1.0
290,10095,2015-11-26,1.0
14551,83341,2015-11-27,1.0
62787,41452,2015-11-27,1.0
21291,4231,2015-11-27,1.0
2530,2530,2015-11-27,1.0
6827,83320,2015-11-27,1.0
83134,62680,2015-11-27,1.0
28209,82059,2015-11-27,1.0
11054,56920,2015-11-27,1.0
75786,75786,2015-11-27,1.0
12705,83320,2015-11-27,1.0
78539,51716,2015-11-27,1.0
4312,62680,2015-11-27,1.0
11919,76479,2015-11-27,1.0
3503,56617,2015-11-27,1.0
28209,75293,2015-11-27,1.0
9025,62680,2015-11-27,1.0
25510,81293,2015-11-27,1.0
83286,83286,2015-11-27,1.0
7460,6094,2015-11-27,1.0
69037,26935,2015-11-27,1.0
22277,3106,2015-11-27,1.0
22277,14915,2015-11-27,1.0
2503,2503,2015-11-27,1.0
83260,37432,2015-11-27,1.0
3106,56920,2015-11-27,1.0
49398,49398,2015-11-27,1.0
17773,2384,2015-11-27,1.0
24757,24757,2015-11-27,1.0
26039,66623,2015-11-27,1.0
8008,83320,2015-11-27,1.0
43108,24757,2015-11-27,1.0
17440,62601,2015-11-27,1.0
1392,49398,2015-11-27,1.0
4177,4177,2015-11-27,1.0
75,4177,2015-11-27,1.0
62601,10076,2015-11-27,1.0
14830,49398,2015-11-27,1.0
66623,66623,2015-11-27,1.0
14447,62601,2015-11-27,1.0
391,391,2015-11-27,1.0
18060,18060,2015-11-27,1.0
37103,42690,2015-11-27,1.0
83320,83320,2015-11-27,1.0
59248,83320,2015-11-27,1.0
7108,2503,2015-11-27,1.0
7206,1946,2015-11-27,1.0
62367,13972,2015-11-27,1.0
8652,8938,2015-11-27,1.0
6794,20597,2015-11-27,1.0
48438,48438,2015-11-27,1.0
62680,62680,2015-11-27,1.0
52805,52805,2015-11-27,1.0
20302,83300,2015-11-27,1.0
48438,62680,2015-11-27,1.0
65975,83033,2015-11-27,1.0
47167,62680,2015-11-27,1.0
290,2841,2015-11-27,1.0
25510,83286,2015-11-27,1.0
2926,76479,2015-11-27,1.0
24494,56670,2015-11-27,1.0
3106,20597,2015-11-27,1.0
3106,62680,2015-11-27,1.0
7092,62680,2015-11-27,1.0
3106,3106,2015-11-27,1.0
20597,20597,2015-11-27,1.0
42804,391,2015-11-27,1.0
83076,83076,2015-11-27,1.0
14830,14830,2015-11-27,1.0
46852,14830,2015-11-27,1.0
25510,82434,2015-11-27,1.0
25510,83244,2015-11-27,1.0
83251,83251,2015-11-27,1.0
766,75786,2015-11-27,1.0
37103,75786,2015-11-27,1.0
7666,52805,2015-11-27,1.0
35840,35840,2015-11-27,1.0
74500,74500,2015-11-27,1.0
83341,83341,2015-11-27,1.0
83341,14551,2015-11-27,1.0
37555,17773,2015-11-27,1.0
42676,20597,2015-11-27,1.0
33849,16702,2015-11-27,1.0
8430,62680,2015-11-27,1.0
8430,9025,2015-11-27,1.0
14551,14551,2015-11-27,1.0
70355,39521,2015-11-27,1.0
74112,74112,2015-11-27,1.0
16702,48438,2015-11-27,1.0
1573,83330,2015-11-27,1.0
13265,74500,2015-11-27,1.0
83320,6827,2015-11-27,1.0
2000,4177,2015-11-27,1.0
81876,81876,2015-11-27,1.0
13972,10095,2015-11-27,1.0
21278,61522,2015-11-27,1.0
83189,10366,2015-11-27,1.0
37103,6751,2015-11-27,1.0
83189,11926,2015-11-27,1.0
37103,6214,2015-11-27,1.0
37103,29316,2015-11-27,1.0
37103,10059,2015-11-27,1.0
83134,9025,2015-11-27,1.0
37103,2294,2015-11-27,1.0
17581,17773,2015-11-27,1.0
17581,83320,2015-11-27,1.0
81332,83337,2015-11-27,1.0
5516,83337,2015-11-27,1.0
8103,62601,2015-11-27,1.0
82653,35840,2015-11-27,1.0
26039,18606,2015-11-27,1.0
37432,37432,2015-11-27,1.0
26039,75786,2015-11-27,1.0
83134,83134,2015-11-27,1.0
48839,83134,2015-11-27,1.0
83337,83337,2015-11-27,1.0
3041,25494,2015-11-27,1.0
81645,61075,2015-11-28,1.0
11260,76219,2015-11-28,1.0
2290,61522,2015-11-28,1.0
11260,1441,2015-11-28,1.0
6094,74026,2015-11-28,1.0
42676,1441,2015-11-28,1.0
28104,49398,2015-11-28,1.0
38851,1441,2015-11-28,1.0
13972,56819,2015-11-28,1.0
16183,5094,2015-11-28,1.0
50265,5094,2015-11-28,1.0
11142,42001,2015-11-28,1.0
13650,48438,2015-11-28,1.0
83362,4405,2015-11-28,1.0
25510,65818,2015-11-28,1.0
83361,24757,2015-11-28,1.0
28209,3621,2015-11-28,1.0
11142,65818,2015-11-28,1.0
39521,65818,2015-11-28,1.0
13119,6094,2015-11-28,1.0
11417,63877,2015-11-28,1.0
317,6094,2015-11-28,1.0
54263,83300,2015-11-28,1.0
70355,6094,2015-11-28,1.0
83374,76238,2015-11-28,1.0
454,48438,2015-11-28,1.0
2807,83377,2015-11-28,1.0
37436,60577,2015-11-28,1.0
25510,25510,2015-11-28,1.0
1441,74026,2015-11-28,1.0
13972,13972,2015-11-28,1.0
52805,52805,2015-11-28,1.0
70808,83362,2015-11-28,1.0
70808,76219,2015-11-28,1.0
42001,11142,2015-11-28,1.0
7460,76219,2015-11-28,1.0
76219,76219,2015-11-28,1.0
4312,17773,2015-11-28,1.0
6451,74026,2015-11-28,1.0
9025,9025,2015-11-28,1.0
7666,52805,2015-11-28,1.0
83134,9025,2015-11-28,1.0
4177,4177,2015-11-28,1.0
5516,68722,2015-11-28,1.0
1465,74026,2015-11-28,1.0
35353,74026,2015-11-28,1.0
74026,74026,2015-11-28,1.0
78273,70355,2015-11-28,1.0
353,74026,2015-11-28,1.0
82193,360,2015-11-28,1.0
10035,10035,2015-11-28,1.0
13265,16183,2015-11-28,1.0
83211,83211,2015-11-28,1.0
24757,83361,2015-11-28,1.0
3106,1441,2015-11-28,1.0
1492,23850,2015-11-28,1.0
12481,12481,2015-11-28,1.0
35800,613,2015-11-28,1.0
19072,1049,2015-11-28,1.0
2733,14447,2015-11-28,1.0
34859,4600,2015-11-28,1.0
21574,21574,2015-11-28,1.0
56353,21574,2015-11-28,1.0
17581,12481,2015-11-28,1.0
1162,25510,2015-11-28,1.0
1441,1441,2015-11-28,1.0
18060,18060,2015-11-28,1.0
29316,1441,2015-11-28,1.0
1946,4177,2015-11-28,1.0
16183,16183,2015-11-28,1.0
3106,11260,2015-11-28,1.0
317,74026,2015-11-28,1.0
1573,83330,2015-11-28,1.0
1573,65818,2015-11-28,1.0
1465,65818,2015-11-28,1.0
65818,11142,2015-11-28,1.0
6827,66,2015-11-28,1.0
2926,48438,2015-11-28,1.0
1162,11142,2015-11-28,1.0
6827,83022,2015-11-28,1.0
2954,6094,2015-11-28,1.0
48438,13650,2015-11-28,1.0
11142,11142,2015-11-28,1.0
2530,13397,2015-11-28,1.0
65818,39521,2015-11-28,1.0
62680,62680,2015-11-28,1.0
56920,11054,2015-11-28,1.0
66528,18060,2015-11-28,1.0
48438,48438,2015-11-28,1.0
29783,48438,2015-11-28,1.0
65818,25510,2015-11-28,1.0
4923,4923,2015-11-28,1.0
65818,65818,2015-11-28,1.0
4961,13119,2015-11-28,1.0
14830,11142,2015-11-28,1.0
11919,10035,2015-11-28,1.0
6094,13119,2015-11-28,1.0
6094,70355,2015-11-28,1.0
1465,6094,2015-11-28,1.0
6094,317,2015-11-28,1.0
83330,83330,2015-11-28,1.0
2926,83362,2015-11-28,1.0
4231,83211,2015-11-28,1.0
48438,454,2015-11-28,1.0
13397,13397,2015-11-28,1.0
5690,25510,2015-11-28,1.0
83260,37432,2015-11-28,1.0
17773,17773,2015-11-28,1.0
83134,62680,2015-11-28,1.0
11054,11054,2015-11-28,1.0
22277,454,2015-11-28,1.0
5101,83386,2015-11-29,1.0
83386,83386,2015-11-29,1.0
613,613,2015-11-29,1.0
51223,14233,2015-11-29,1.0
43076,83386,2015-11-29,1.0
454,12481,2015-11-29,1.0
8430,4923,2015-11-29,1.0
48865,11142,2015-11-29,1.0
74026,74026,2015-11-29,1.0
83377,2807,2015-11-29,1.0
11142,11142,2015-11-29,1.0
27328,27328,2015-11-29,1.0
74026,613,2015-11-29,1.0
83300,54263,2015-11-29,1.0
7206,4177,2015-11-29,1.0
83300,83300,2015-11-29,1.0
1946,4177,2015-11-29,1.0
13265,27328,2015-11-29,1.0
3503,83236,2015-11-29,1.0
83236,83236,2015-11-29,1.0
73972,83389,2015-11-29,1.0
15242,83389,2015-11-29,1.0
4923,4923,2015-11-29,1.0
6827,2191,2015-11-29,1.0
11919,10035,2015-11-29,1.0
11142,4312,2015-11-29,1.0
83236,11142,2015-11-29,1.0
4661,37646,2015-11-29,1.0
6950,6950,2015-11-29,1.0
81332,6950,2015-11-29,1.0
6451,74026,2015-11-29,1.0
21146,4312,2015-11-29,1.0
11919,11504,2015-11-29,1.0
81332,66,2015-11-29,1.0
43076,11504,2015-11-29,1.0
81332,83389,2015-11-29,1.0
66,83389,2015-11-29,1.0
1176,10073,2015-11-29,1.0
13767,184,2015-11-29,1.0
83389,83389,2015-11-29,1.0
1573,48865,2015-11-29,1.0
2191,2191,2015-11-29,1.0
18512,9833,2015-11-29,1.0
30186,82978,2015-11-29,1.0
38851,12481,2015-11-29,1.0
2720,2720,2015-11-29,1.0
3199,2841,2015-11-29,1.0
440,10035,2015-11-29,1.0
36721,83292,2015-11-29,1.0
1073,83366,2015-11-29,1.0
23141,16107,2015-11-29,1.0
62810,2191,2015-11-29,1.0
6101,11142,2015-11-29,1.0
4312,11142,2015-11-29,1.0
11142,60577,2015-11-29,1.0
14830,11504,2015-11-29,1.0
48839,60577,2015-11-29,1.0
70808,76516,2015-11-29,1.0
318,14233,2015-11-29,1.0
11142,83236,2015-11-29,1.0
11142,48865,2015-11-29,1.0
3106,3040,2015-11-29,1.0
11926,83375,2015-11-29,1.0
83382,58082,2015-11-29,1.0
613,74026,2015-11-29,1.0
11142,51703,2015-11-29,1.0
11260,53035,2015-11-29,1.0
29316,1441,2015-11-29,1.0
25510,1441,2015-11-29,1.0
21146,11142,2015-11-29,1.0
70501,83409,2015-11-29,1.0
26635,83211,2015-11-29,1.0
14447,14447,2015-11-29,1.0
6094,613,2015-11-29,1.0
1162,25510,2015-11-29,1.0
317,613,2015-11-29,1.0
9317,74026,2015-11-29,1.0
9072,76219,2015-11-29,1.0
52805,52805,2015-11-29,1.0
11260,37103,2015-11-29,1.0
51703,11142,2015-11-29,1.0
23850,23850,2015-11-29,1.0
76299,58082,2015-11-29,1.0
11260,11260,2015-11-29,1.0
31310,74026,2015-11-29,1.0
58082,58082,2015-11-29,1.0
15129,58082,2015-11-29,1.0
39521,69792,2015-11-29,1.0
7699,2893,2015-11-29,1.0
2807,34538,2015-11-29,1.0
70808,78554,2015-11-29,1.0
6101,64181,2015-11-29,1.0
454,69792,2015-11-29,1.0
11142,74026,2015-11-29,1.0
2954,10035,2015-11-29,1.0
440,440,2015-11-29,1.0
11142,21146,2015-11-29,1.0
9833,18512,2015-11-29,1.0
18512,18512,2015-11-29,1.0
8250,11570,2015-11-29,1.0
70809,70809,2015-11-29,1.0
16710,83385,2015-11-29,1.0
38851,38851,2015-11-29,1.0
12481,38851,2015-11-29,1.0
76516,70808,2015-11-29,1.0
69236,1946,2015-11-29,1.0
11504,14830,2015-11-29,1.0
78554,78554,2015-11-29,1.0
2841,3199,2015-11-29,1.0
12481,12489,2015-11-29,1.0
21146,21146,2015-11-29,1.0
74026,11142,2015-11-29,1.0
14830,454,2015-11-29,1.0
10718,69505,2015-11-29,1.0
21684,36688,2015-11-29,1.0
1573,78554,2015-11-29,1.0
21051,58682,2015-11-29,1.0
22377,47344,2015-11-29,1.0
47344,47344,2015-11-29,1.0
78554,70808,2015-11-29,1.0
14450,47344,2015-11-29,1.0
4312,454,2015-11-29,1.0
5442,69792,2015-11-29,1.0
12489,12489,2015-11-29,1.0
1946,1946,2015-11-29,1.0
39521,39521,2015-11-29,1.0
29316,29316,2015-11-29,1.0
7666,52805,2015-11-29,1.0
60577,48839,2015-11-29,1.0
10035,440,2015-11-29,1.0
82434,82434,2015-11-29,1.0
24757,83361,2015-11-29,1.0
10035,10035,2015-11-29,1.0
14094,70809,2015-11-29,1.0
14094,11142,2015-11-29,1.0
290,9833,2015-11-29,1.0
14094,48865,2015-11-29,1.0
2191,62810,2015-11-29,1.0
21684,11142,2015-11-29,1.0
16107,23141,2015-11-29,1.0
60577,11142,2015-11-29,1.0
12283,83384,2015-11-29,1.0
78522,78522,2015-11-29,1.0
6101,78522,2015-11-29,1.0
956,318,2015-11-29,1.0
6101,29316,2015-11-29,1.0
290,2191,2015-11-29,1.0
62810,62810,2015-11-29,1.0
23291,2191,2015-11-29,1.0
8133,39521,2015-11-29,1.0
22971,30457,2015-11-29,1.0
74453,37103,2015-11-30,1.0
30186,39521,2015-11-30,1.0
39521,39521,2015-11-30,1.0
81332,7108,2015-11-30,1.0
48839,39521,2015-11-30,1.0
38624,37103,2015-11-30,1.0
83389,83389,2015-11-30,1.0
6101,6101,2015-11-30,1.0
4177,4177,2015-11-30,1.0
36688,36688,2015-11-30,1.0
52805,52805,2015-11-30,1.0
64181,6101,2015-11-30,1.0
41291,39521,2015-11-30,1.0
1946,52805,2015-11-30,1.0
12138,83428,2015-11-30,1.0
3684,11260,2015-11-30,1.0
21684,36688,2015-11-30,1.0
1310,18512,2015-11-30,1.0
18512,18512,2015-11-30,1.0
7206,4177,2015-11-30,1.0
12489,11142,2015-11-30,1.0
353,17599,2015-11-30,1.0
17599,17599,2015-11-30,1.0
3621,28209,2015-11-30,1.0
3106,69868,2015-11-30,1.0
3684,83409,2015-11-30,1.0
17773,17773,2015-11-30,1.0
3402,3402,2015-11-30,1.0
13265,7108,2015-11-30,1.0
9025,3106,2015-11-30,1.0
947,7108,2015-11-30,1.0
3959,70809,2015-11-30,1.0
391,394,2015-11-30,1.0
83361,83361,2015-11-30,1.0
24757,83361,2015-11-30,1.0
7691,82583,2015-11-30,1.0
4312,27164,2015-11-30,1.0
11640,15934,2015-11-30,1.0
9025,27164,2015-11-30,1.0
13972,36688,2015-11-30,1.0
4312,79942,2015-11-30,1.0
21907,83428,2015-11-30,1.0
83246,83246,2015-11-30,1.0
4312,8628,2015-11-30,1.0
454,17164,2015-11-30,1.0
39521,41291,2015-11-30,1.0
14830,14830,2015-11-30,1.0
23141,23141,2015-11-30,1.0
8430,35800,2015-11-30,1.0
48142,83371,2015-11-30,1.0
10035,8430,2015-11-30,1.0
13265,36688,2015-11-30,1.0
2926,79906,2015-11-30,1.0
83446,10898,2015-11-30,1.0
6101,69792,2015-11-30,1.0
81332,10898,2015-11-30,1.0
37103,74453,2015-11-30,1.0
2191,62810,2015-11-30,1.0
2191,2191,2015-11-30,1.0
440,2807,2015-11-30,1.0
1162,11142,2015-11-30,1.0
12489,12489,2015-11-30,1.0
11142,11142,2015-11-30,1.0
1573,11142,2015-11-30,1.0
12156,36688,2015-11-30,1.0
52890,1441,2015-11-30,1.0
353,297,2015-11-30,1.0
297,61522,2015-11-30,1.0
70808,47228,2015-11-30,1.0
2554,18974,2015-11-30,1.0
5263,12489,2015-11-30,1.0
11142,12489,2015-11-30,1.0
3106,17599,2015-11-30,1.0
49409,20595,2015-11-30,1.0
48865,11142,2015-11-30,1.0
26522,10898,2015-11-30,1.0
12166,64181,2015-11-30,1.0
8628,4312,2015-11-30,1.0
18606,18606,2015-11-30,1.0
29783,8628,2015-11-30,1.0
8430,26039,2015-11-30,1.0
25485,10035,2015-11-30,1.0
8628,8628,2015-11-30,1.0
29783,10035,2015-11-30,1.0
2807,2807,2015-11-30,1.0
82583,7691,2015-11-30,1.0
11142,26039,2015-11-30,1.0
23141,26039,2015-11-30,1.0
20597,20597,2015-11-30,1.0
1445,47144,2015-11-30,1.0
5442,1496,2015-11-30,1.0
83211,26635,2015-11-30,1.0
83371,83371,2015-11-30,1.0
7076,83392,2015-11-30,1.0
2893,7699,2015-11-30,1.0
83468,79942,2015-11-30,1.0
35800,35800,2015-11-30,1.0
4312,17164,2015-11-30,1.0
402,402,2015-11-30,1.0
4312,4312,2015-11-30,1.0
11100,4312,2015-11-30,1.0
11100,8628,2015-11-30,1.0
25485,8628,2015-11-30,1.0
14094,14094,2015-11-30,1.0
26039,8799,2015-11-30,1.0
10076,10076,2015-11-30,1.0
21278,62810,2015-11-30,1.0
2954,79906,2015-11-30,1.0
613,80965,2015-11-30,1.0
405,3106,2015-11-30,1.0
8430,82836,2015-11-30,1.0
10898,10898,2015-11-30,1.0
83457,67107,2015-11-30,1.0
41291,62810,2015-11-30,1.0
34538,2807,2015-11-30,1.0
61479,10898,2015-11-30,1.0
6794,20597,2015-11-30,1.0
70211,70211,2015-11-30,1.0
15934,11640,2015-11-30,1.0
11115,35800,2015-11-30,1.0
21369,402,2015-11-30,1.0
36367,14094,2015-11-30,1.0
18739,83446,2015-11-30,1.0
6827,2191,2015-11-30,1.0
18060,83446,2015-11-30,1.0
6101,454,2015-11-30,1.0
83428,83428,2015-11-30,1.0
13265,70211,2015-11-30,1.0
2807,79942,2015-12-01,1.0
16510,83236,2015-12-01,1.0
48142,3324,2015-12-01,1.0
3402,83236,2015-12-01,1.0
13360,8430,2015-12-01,1.0
83236,16510,2015-12-01,1.0
3324,3324,2015-12-01,1.0
48142,83236,2015-12-01,1.0
8430,8430,2015-12-01,1.0
3948,3948,2015-12-01,1.0
353,38142,2015-12-01,1.0
2954,79942,2015-12-01,1.0
83385,7410,2015-12-01,1.0
50437,70355,2015-12-01,1.0
2503,24965,2015-12-01,1.0
1946,83480,2015-12-01,1.0
24965,24965,2015-12-01,1.0
360,360,2015-12-01,1.0
83480,83480,2015-12-01,1.0
83428,3948,2015-12-01,1.0
2926,83469,2015-12-01,1.0
3402,79942,2015-12-01,1.0
16702,16702,2015-12-01,1.0
4312,25510,2015-12-01,1.0
74453,37103,2015-12-01,1.0
22810,493,2015-12-01,1.0
17773,74156,2015-12-01,1.0
10035,10035,2015-12-01,1.0
8133,83480,2015-12-01,1.0
8133,83469,2015-12-01,1.0
10605,437,2015-12-01,1.0
70355,83480,2015-12-01,1.0
25510,4312,2015-12-01,1.0
25510,17164,2015-12-01,1.0
6094,83480,2015-12-01,1.0
9025,9025,2015-12-01,1.0
77923,36721,2015-12-01,1.0
69037,7755,2015-12-01,1.0
440,440,2015-12-01,1.0
8628,8628,2015-12-01,1.0
70808,76516,2015-12-01,1.0
1463,1463,2015-12-01,1.0
21051,2051,2015-12-01,1.0
1306,82214,2015-12-01,1.0
22846,82214,2015-12-01,1.0
4312,8628,2015-12-01,1.0
7460,70501,2015-12-01,1.0
75422,3948,2015-12-01,1.0
20598,2415,2015-12-01,1.0
17773,17773,2015-12-01,1.0
1465,70501,2015-12-01,1.0
2733,82852,2015-12-01,1.0
4312,20038,2015-12-01,1.0
20597,20597,2015-12-01,1.0
13653,20597,2015-12-01,1.0
1345,1463,2015-12-01,1.0
7092,10035,2015-12-01,1.0
4312,4312,2015-12-01,1.0
41291,440,2015-12-01,1.0
36688,13972,2015-12-01,1.0
10035,8008,2015-12-01,1.0
22971,17164,2015-12-01,1.0
36688,36688,2015-12-01,1.0
26039,26039,2015-12-01,1.0
83469,83469,2015-12-01,1.0
47228,70808,2015-12-01,1.0
48839,41666,2015-12-01,1.0
9924,10035,2015-12-01,1.0
450,3293,2015-12-01,1.0
79942,2954,2015-12-01,1.0
2051,1463,2015-12-01,1.0
8008,10035,2015-12-01,1.0
17164,25510,2015-12-01,1.0
41291,39521,2015-12-01,1.0
75,82143,2015-12-01,1.0
36721,77923,2015-12-01,1.0
48438,1462,2015-12-01,1.0
82852,82852,2015-12-01,1.0
50609,83409,2015-12-01,1.0
23950,6316,2015-12-01,1.0
81169,6316,2015-12-01,1.0
25510,25510,2015-12-01,1.0
75,83409,2015-12-01,1.0
745,83458,2015-12-01,1.0
7410,83385,2015-12-01,1.0
48142,83371,2015-12-01,1.0
3948,83428,2015-12-01,1.0
4144,76748,2015-12-01,1.0
1463,2051,2015-12-01,1.0
21369,402,2015-12-01,1.0
83392,83392,2015-12-01,1.0
1176,82852,2015-12-01,1.0
31233,15899,2015-12-01,1.0
8430,35800,2015-12-01,1.0
37555,83469,2015-12-01,1.0
76593,83430,2015-12-01,1.0
4760,35005,2015-12-01,1.0
27164,9025,2015-12-01,1.0
13972,80965,2015-12-01,1.0
82852,2733,2015-12-01,1.0
763,70650,2015-12-01,1.0
613,80965,2015-12-01,1.0
5263,83409,2015-12-01,1.0
83361,24757,2015-12-01,1.0
70650,70650,2015-12-01,1.0
81293,25510,2015-12-01,1.0
31233,290,2015-12-01,1.0
39521,39521,2015-12-01,1.0
5993,51137,2015-12-01,1.0
4312,17164,2015-12-01,1.0
437,10605,2015-12-01,1.0
7076,83392,2015-12-01,1.0
402,21369,2015-12-01,1.0
2530,82143,2015-12-01,1.0
21369,21369,2015-12-01,1.0
82143,82143,2015-12-01,1.0
83428,21907,2015-12-01,1.0
763,35800,2015-12-01,1.0
37103,36688,2015-12-01,1.0
402,402,2015-12-01,1.0
5701,80894,2015-12-01,1.0
10266,34007,2015-12-01,1.0
11142,83236,2015-12-01,1.0
440,41291,2015-12-01,1.0
70355,50437,2015-12-01,1.0
36601,40199,2015-12-01,1.0
78440,2954,2015-12-01,1.0
2051,6316,2015-12-01,1.0
4312,17773,2015-12-01,1.0
8628,83060,2015-12-01,1.0
82420,40263,2015-12-01,1.0
12705,440,2015-12-01,1.0
80891,22810,2015-12-01,1.0
9924,24494,2015-12-01,1.0
13972,30172,2015-12-01,1.0
25510,57982,2015-12-01,1.0
33141,22810,2015-12-01,1.0
1345,2051,2015-12-01,1.0
12166,22810,2015-12-01,1.0
6101,4312,2015-12-01,1.0
6794,20597,2015-12-01,1.0
3948,14414,2015-12-01,1.0
41666,41666,2015-12-01,1.0
14414,14414,2015-12-01,1.0
8799,14726,2015-12-01,1.0
297,3324,2015-12-01,1.0
13265,32,2015-12-01,1.0
26039,14414,2015-12-01,1.0
394,38750,2015-12-01,1.0
12138,4312,2015-12-01,1.0
1946,1946,2015-12-01,1.0
22810,22810,2015-12-01,1.0
297,1946,2015-12-01,1.0
24757,24757,2015-12-01,1.0
2051,2051,2015-12-01,1.0
13265,36688,2015-12-01,1.0
74156,74156,2015-12-01,1.0
14414,9652,2015-12-01,1.0
6084,1587,2015-12-01,1.0
22810,80891,2015-12-01,1.0
12705,20597,2015-12-01,1.0
80891,80891,2015-12-01,1.0
83503,3106,2015-12-01,1.0
40263,82420,2015-12-01,1.0
8745,82664,2015-12-01,1.0
297,14830,2015-12-02,1.0
4600,4600,2015-12-02,1.0
78761,4600,2015-12-02,1.0
3106,68722,2015-12-02,1.0
14830,14830,2015-12-02,1.0
5263,5963,2015-12-02,1.0
13650,14830,2015-12-02,1.0
290,290,2015-12-02,1.0
29887,29887,2015-12-02,1.0
32,32,2015-12-02,1.0
38624,50847,2015-12-02,1.0
70501,70501,2015-12-02,1.0
2906,61522,2015-12-02,1.0
2926,6316,2015-12-02,1.0
74156,36721,2015-12-02,1.0
10035,3402,2015-12-02,1.0
290,51663,2015-12-02,1.0
11926,50847,2015-12-02,1.0
3402,3402,2015-12-02,1.0
51663,51663,2015-12-02,1.0
74026,11142,2015-12-02,1.0
5963,5963,2015-12-02,1.0
5712,72314,2015-12-02,1.0
5963,290,2015-12-02,1.0
32216,14830,2015-12-02,1.0
26522,10898,2015-12-02,1.0
440,12705,2015-12-02,1.0
16639,10366,2015-12-02,1.0
6646,70501,2015-12-02,1.0
11142,10898,2015-12-02,1.0
16537,50847,2015-12-02,1.0
290,5963,2015-12-02,1.0
5263,290,2015-12-02,1.0
33141,33141,2015-12-02,1.0
22810,33141,2015-12-02,1.0
6316,6316,2015-12-02,1.0
14094,14830,2015-12-02,1.0
3621,28209,2015-12-02,1.0
9924,10035,2015-12-02,1.0
26039,26039,2015-12-02,1.0
2926,83469,2015-12-02,1.0
55893,42094,2015-12-02,1.0
1946,83469,2015-12-02,1.0
15129,39421,2015-12-02,1.0
25485,20598,2015-12-02,1.0
2554,39421,2015-12-02,1.0
20186,74156,2015-12-02,1.0
13265,36563,2015-12-02,1.0
6085,83469,2015-12-02,1.0
18060,39521,2015-12-02,1.0
36563,36563,2015-12-02,1.0
38257,11142,2015-12-02,1.0
4312,4312,2015-12-02,1.0
437,10605,2015-12-02,1.0
9924,4312,2015-12-02,1.0
20598,20598,2015-12-02,1.0
13265,32,2015-12-02,1.0
70650,70650,2015-12-02,1.0
17836,41666,2015-12-02,1.0
22131,39421,2015-12-02,1.0
10035,10035,2015-12-02,1.0
50847,4312,2015-12-02,1.0
70808,17971,2015-12-02,1.0
29783,42094,2015-12-02,1.0
42094,42094,2015-12-02,1.0
801,82229,2015-12-02,1.0
2841,2841,2015-12-02,1.0
20948,13441,2015-12-02,1.0
82229,82229,2015-12-02,1.0
56920,18000,2015-12-02,1.0
39082,39421,2015-12-02,1.0
39421,39421,2015-12-02,1.0
3684,6316,2015-12-02,1.0
12705,12705,2015-12-02,1.0
3684,42094,2015-12-02,1.0
70808,1587,2015-12-02,1.0
72314,72314,2015-12-02,1.0
4312,72314,2015-12-02,1.0
15129,848,2015-12-02,1.0
83518,10930,2015-12-02,1.0
31469,31469,2015-12-02,1.0
3324,297,2015-12-02,1.0
14414,14414,2015-12-02,1.0
37103,14414,2015-12-02,1.0
83524,22,2015-12-02,1.0
83521,22173,2015-12-02,1.0
83519,83519,2015-12-02,1.0
83515,83515,2015-12-02,1.0
26635,50437,2015-12-02,1.0
17773,4312,2015-12-02,1.0
25311,29887,2015-12-02,1.0
36721,36721,2015-12-02,1.0
6101,14414,2015-12-02,1.0
53035,11260,2015-12-02,1.0
290,83514,2015-12-02,1.0
78440,2954,2015-12-02,1.0
83527,5712,2015-12-02,1.0
11054,83519,2015-12-02,1.0
25311,25311,2015-12-02,1.0
23571,39082,2015-12-02,1.0
297,3324,2015-12-02,1.0
3324,3324,2015-12-02,1.0
38066,8799,2015-12-02,1.0
13653,20597,2015-12-02,1.0
2954,2954,2015-12-02,1.0
1106,3634,2015-12-02,1.0
26635,26635,2015-12-02,1.0
83469,83469,2015-12-02,1.0
82852,82852,2015-12-02,1.0
80894,5701,2015-12-02,1.0
2954,83515,2015-12-02,1.0
5701,5701,2015-12-02,1.0
1840,80894,2015-12-02,1.0
3402,8430,2015-12-02,1.0
25311,23064,2015-12-02,1.0
3402,83515,2015-12-02,1.0
17581,1840,2015-12-02,1.0
48839,41666,2015-12-02,1.0
3402,83519,2015-12-02,1.0
83515,31469,2015-12-02,1.0
1840,5701,2015-12-02,1.0
9072,10035,2015-12-02,1.0
12898,82976,2015-12-02,1.0
22,83524,2015-12-02,1.0
20186,6316,2015-12-02,1.0
31469,83515,2015-12-02,1.0
41644,51663,2015-12-02,1.0
25510,19354,2015-12-02,1.0
1840,82976,2015-12-02,1.0
39082,60731,2015-12-02,1.0
36721,74156,2015-12-02,1.0
45171,60731,2015-12-02,1.0
21907,14414,2015-12-02,1.0
1056,10898,2015-12-02,1.0
290,80891,2015-12-02,1.0
3402,10035,2015-12-02,1.0
18739,83514,2015-12-02,1.0
22810,80891,2015-12-02,1.0
10898,10898,2015-12-02,1.0
70355,83519,2015-12-02,1.0
1946,1946,2015-12-02,1.0
19949,22810,2015-12-02,1.0
36601,74239,2015-12-02,1.0
36601,49794,2015-12-02,1.0
2056,10898,2015-12-02,1.0
22810,19949,2015-12-02,1.0
2060,58082,2015-12-02,1.0
11142,38257,2015-12-02,1.0
1266,27831,2015-12-02,1.0
11142,37850,2015-12-02,1.0
20598,46573,2015-12-02,1.0
36212,46573,2015-12-02,1.0
18756,83554,2015-12-02,1.0
15247,2841,2015-12-02,1.0
848,39421,2015-12-02,1.0
69505,69505,2015-12-02,1.0
4312,50847,2015-12-02,1.0
100,7108,2015-12-02,1.0
4600,78761,2015-12-02,1.0
14830,10898,2015-12-02,1.0
290,22810,2015-12-02,1.0
3684,5712,2015-12-02,1.0
8430,26039,2015-12-02,1.0
13972,16877,2015-12-03,1.0
13265,32,2015-12-03,1.0
3402,10035,2015-12-03,1.0
10035,10035,2015-12-03,1.0
81332,2669,2015-12-03,1.0
11877,11877,2015-12-03,1.0
290,83579,2015-12-03,1.0
83554,18756,2015-12-03,1.0
290,11877,2015-12-03,1.0
51137,3948,2015-12-03,1.0
9652,29887,2015-12-03,1.0
44949,11877,2015-12-03,1.0
6950,11877,2015-12-03,1.0
39082,8003,2015-12-03,1.0
2841,2841,2015-12-03,1.0
8003,8003,2015-12-03,1.0
39552,8003,2015-12-03,1.0
42676,83579,2015-12-03,1.0
10503,83579,2015-12-03,1.0
27831,22377,2015-12-03,1.0
20597,20597,2015-12-03,1.0
2669,2669,2015-12-03,1.0
2290,2669,2015-12-03,1.0
10758,10758,2015-12-03,1.0
4312,4312,2015-12-03,1.0
848,848,2015-12-03,1.0
29685,29685,2015-12-03,1.0
40297,11877,2015-12-03,1.0
22377,22377,2015-12-03,1.0
5712,72314,2015-12-03,1.0
24494,9924,2015-12-03,1.0
38434,29685,2015-12-03,1.0
12858,76018,2015-12-03,1.0
13904,13904,2015-12-03,1.0
31469,17773,2015-12-03,1.0
83579,6794,2015-12-03,1.0
2807,49398,2015-12-03,1.0
13265,83596,2015-12-03,1.0
1492,49398,2015-12-03,1.0
8799,8799,2015-12-03,1.0
54638,13972,2015-12-03,1.0
22,49398,2015-12-03,1.0
4312,49398,2015-12-03,1.0
49398,14450,2015-12-03,1.0
3948,3948,2015-12-03,1.0
31469,14450,2015-12-03,1.0
8799,14450,2015-12-03,1.0
35840,14450,2015-12-03,1.0
17581,11142,2015-12-03,1.0
11142,14450,2015-12-03,1.0
18756,18756,2015-12-03,1.0
4119,30178,2015-12-03,1.0
50847,4312,2015-12-03,1.0
13972,11877,2015-12-03,1.0
20597,83579,2015-12-03,1.0
38624,50847,2015-12-03,1.0
4177,4177,2015-12-03,1.0
7691,7691,2015-12-03,1.0
11142,66774,2015-12-03,1.0
6794,8133,2015-12-03,1.0
12705,6794,2015-12-03,1.0
76748,4144,2015-12-03,1.0
23291,41979,2015-12-03,1.0
15129,39421,2015-12-03,1.0
2056,10898,2015-12-03,1.0
2926,83469,2015-12-03,1.0
6827,2841,2015-12-03,1.0
4832,39421,2015-12-03,1.0
18756,83554,2015-12-03,1.0
83469,83469,2015-12-03,1.0
15780,72314,2015-12-03,1.0
402,8799,2015-12-03,1.0
5963,5963,2015-12-03,1.0
83515,28104,2015-12-03,1.0
2554,4312,2015-12-03,1.0
26039,26039,2015-12-03,1.0
4832,83565,2015-12-03,1.0
83565,83565,2015-12-03,1.0
76593,83565,2015-12-03,1.0
36563,36563,2015-12-03,1.0
78761,4600,2015-12-03,1.0
49,5963,2015-12-03,1.0
4600,4600,2015-12-03,1.0
4312,11142,2015-12-03,1.0
26522,10898,2015-12-03,1.0
35520,83430,2015-12-03,1.0
27831,1266,2015-12-03,1.0
27831,27831,2015-12-03,1.0
36721,36721,2015-12-03,1.0
83430,83430,2015-12-03,1.0
22131,39421,2015-12-03,1.0
21684,11142,2015-12-03,1.0
3402,3402,2015-12-03,1.0
3272,2669,2015-12-03,1.0
1946,83469,2015-12-03,1.0
2554,39421,2015-12-03,1.0
7576,37103,2015-12-03,1.0
48839,4312,2015-12-03,1.0
43164,20597,2015-12-03,1.0
4231,26208,2015-12-03,1.0
8430,26039,2015-12-03,1.0
6666,10758,2015-12-03,1.0
8032,10758,2015-12-03,1.0
14257,11054,2015-12-03,1.0
11054,11054,2015-12-03,1.0
51424,41979,2015-12-03,1.0
3684,13904,2015-12-03,1.0
6316,6316,2015-12-03,1.0
9449,4312,2015-12-03,1.0
80361,81488,2015-12-03,1.0
74156,36721,2015-12-03,1.0
30172,13972,2015-12-03,1.0
2926,6316,2015-12-03,1.0
26635,83565,2015-12-03,1.0
81488,81488,2015-12-03,1.0
83061,143,2015-12-03,1.0
290,5963,2015-12-03,1.0
76600,13904,2015-12-03,1.0
5100,83556,2015-12-03,1.0
6101,4312,2015-12-03,1.0
19341,38361,2015-12-03,1.0
83596,83596,2015-12-03,1.0
37436,18739,2015-12-03,1.0
41769,30889,2015-12-03,1.0
7691,41666,2015-12-03,1.0
11142,4312,2015-12-03,1.0
3402,83519,2015-12-03,1.0
37822,39421,2015-12-03,1.0
19341,19341,2015-12-03,1.0
37103,7576,2015-12-03,1.0
11142,83571,2015-12-03,1.0
29887,13542,2015-12-03,1.0
22377,27831,2015-12-03,1.0
4854,83571,2015-12-03,1.0
11054,14257,2015-12-03,1.0
11926,2669,2015-12-03,1.0
4053,38889,2015-12-03,1.0
76593,54638,2015-12-03,1.0
30889,41769,2015-12-03,1.0
16183,11877,2015-12-03,1.0
6794,83579,2015-12-03,1.0
61522,61522,2015-12-03,1.0
13265,23758,2015-12-03,1.0
13972,54638,2015-12-03,1.0
1946,83598,2015-12-03,1.0
57888,83598,2015-12-03,1.0
6084,75643,2015-12-03,1.0
14450,11142,2015-12-03,1.0
14450,49398,2015-12-03,1.0
9924,24494,2015-12-03,1.0
30178,4119,2015-12-03,1.0
35840,49398,2015-12-03,1.0
10330,16877,2015-12-03,1.0
6794,6794,2015-12-03,1.0
28104,83515,2015-12-03,1.0
41979,41979,2015-12-03,1.0
11142,11142,2015-12-03,1.0
70650,70650,2015-12-03,1.0
16877,16877,2015-12-03,1.0
80874,11142,2015-12-03,1.0
16302,2361,2015-12-03,1.0
3948,33018,2015-12-03,1.0
40821,11540,2015-12-03,1.0
11142,35840,2015-12-03,1.0
49398,35840,2015-12-03,1.0
28104,35840,2015-12-03,1.0
14450,14450,2015-12-03,1.0
3684,83622,2015-12-04,1.0
40723,83622,2015-12-04,1.0
12178,12178,2015-12-04,1.0
83484,83484,2015-12-04,1.0
39082,39082,2015-12-04,1.0
33018,33018,2015-12-04,1.0
36688,36688,2015-12-04,1.0
20597,6794,2015-12-04,1.0
11260,11259,2015-12-04,1.0
1176,51336,2015-12-04,1.0
37553,25687,2015-12-04,1.0
38434,38434,2015-12-04,1.0
83484,23141,2015-12-04,1.0
10758,10758,2015-12-04,1.0
83622,83622,2015-12-04,1.0
11877,16183,2015-12-04,1.0
20186,83622,2015-12-04,1.0
35520,83631,2015-12-04,1.0
23141,23141,2015-12-04,1.0
78180,19885,2015-12-04,1.0
37800,4854,2015-12-04,1.0
69289,69289,2015-12-04,1.0
78180,29783,2015-12-04,1.0
297,37436,2015-12-04,1.0
10744,297,2015-12-04,1.0
4312,4312,2015-12-04,1.0
6794,6794,2015-12-04,1.0
70593,70211,2015-12-04,1.0
14094,16323,2015-12-04,1.0
14094,1463,2015-12-04,1.0
11054,36604,2015-12-04,1.0
15934,83633,2015-12-04,1.0
36688,6666,2015-12-04,1.0
3948,33018,2015-12-04,1.0
11259,11259,2015-12-04,1.0
49398,49398,2015-12-04,1.0
15934,49398,2015-12-04,1.0
49398,35840,2015-12-04,1.0
1106,36688,2015-12-04,1.0
16183,16183,2015-12-04,1.0
2926,75210,2015-12-04,1.0
14094,9401,2015-12-04,1.0
4231,76018,2015-12-04,1.0
3,3402,2015-12-04,1.0
801,69289,2015-12-04,1.0
39521,39521,2015-12-04,1.0
17020,76501,2015-12-04,1.0
6101,75977,2015-12-04,1.0
37800,83571,2015-12-04,1.0
6101,8799,2015-12-04,1.0
58913,34544,2015-12-04,1.0
8857,83124,2015-12-04,1.0
29783,18526,2015-12-04,1.0
50847,83592,2015-12-04,1.0
50847,4312,2015-12-04,1.0
83592,83592,2015-12-04,1.0
8628,83633,2015-12-04,1.0
83633,83633,2015-12-04,1.0
35840,35840,2015-12-04,1.0
3948,36688,2015-12-04,1.0
4312,35840,2015-12-04,1.0
39507,39507,2015-12-04,1.0
10266,35840,2015-12-04,1.0
10266,14450,2015-12-04,1.0
10266,49398,2015-12-04,1.0
83632,16323,2015-12-04,1.0
35840,49398,2015-12-04,1.0
20186,52805,2015-12-04,1.0
70355,83601,2015-12-04,1.0
52805,52805,2015-12-04,1.0
83601,83601,2015-12-04,1.0
2841,15247,2015-12-04,1.0
16877,26801,2015-12-04,1.0
16877,16877,2015-12-04,1.0
10035,10035,2015-12-04,1.0
2669,2669,2015-12-04,1.0
11926,2669,2015-12-04,1.0
3402,10035,2015-12-04,1.0
37103,83608,2015-12-04,1.0
37103,39507,2015-12-04,1.0
290,50806,2015-12-04,1.0
52805,20186,2015-12-04,1.0
50806,50806,2015-12-04,1.0
4231,26208,2015-12-04,1.0
69236,1946,2015-12-04,1.0
37103,21929,2015-12-04,1.0
10503,83579,2015-12-04,1.0
297,14450,2015-12-04,1.0
13972,16877,2015-12-04,1.0
2807,35840,2015-12-04,1.0
11259,11260,2015-12-04,1.0
29697,1680,2015-12-04,1.0
49,5963,2015-12-04,1.0
13265,83596,2015-12-04,1.0
66774,66774,2015-12-04,1.0
11142,66774,2015-12-04,1.0
26208,26208,2015-12-04,1.0
5963,5963,2015-12-04,1.0
75643,6084,2015-12-04,1.0
13265,48483,2015-12-04,1.0
6084,6084,2015-12-04,1.0
54638,8430,2015-12-04,1.0
21278,41979,2015-12-04,1.0
49,82821,2015-12-04,1.0
41291,39521,2015-12-04,1.0
5015,32344,2015-12-04,1.0
14450,14450,2015-12-04,1.0
2954,1680,2015-12-04,1.0
14450,35840,2015-12-04,1.0
7206,31647,2015-12-04,1.0
81332,32344,2015-12-04,1.0
9025,11259,2015-12-04,1.0
20186,20186,2015-12-04,1.0
38624,35840,2015-12-04,1.0
2689,31647,2015-12-04,1.0
8032,10758,2015-12-04,1.0
29685,38434,2015-12-04,1.0
17773,4312,2015-12-04,1.0
31814,11919,2015-12-04,1.0
290,83622,2015-12-04,1.0
83608,3948,2015-12-04,1.0
3684,10035,2015-12-04,1.0
48483,48483,2015-12-04,1.0
3948,3948,2015-12-04,1.0
50754,66774,2015-12-04,1.0
8857,13904,2015-12-04,1.0
5810,3621,2015-12-04,1.0
3402,34544,2015-12-04,1.0
23758,13265,2015-12-04,1.0
8133,83579,2015-12-04,1.0
43076,2669,2015-12-04,1.0
3106,83579,2015-12-04,1.0
48438,39507,2015-12-04,1.0
1680,1680,2015-12-04,1.0
11260,1680,2015-12-04,1.0
48839,4312,2015-12-04,1.0
31324,8133,2015-12-04,1.0
34544,34544,2015-12-04,1.0
83608,83608,2015-12-04,1.0
65915,2926,2015-12-04,1.0
9694,11142,2015-12-04,1.0
19885,78180,2015-12-04,1.0
37436,297,2015-12-04,1.0
17988,23758,2015-12-04,1.0
60618,47763,2015-12-04,1.0
83645,31883,2015-12-04,1.0
75210,24233,2015-12-04,1.0
28104,83622,2015-12-04,1.0
391,14379,2015-12-04,1.0
83640,39026,2015-12-04,1.0
41644,6084,2015-12-04,1.0
83633,8628,2015-12-04,1.0
1306,76018,2015-12-04,1.0
41644,49668,2015-12-04,1.0
23141,83484,2015-12-04,1.0
8008,75977,2015-12-04,1.0
12178,11856,2015-12-04,1.0
8430,54638,2015-12-04,1.0
26801,16877,2015-12-04,1.0
14653,1459,2015-12-04,1.0
6756,21929,2015-12-04,1.0
29783,78180,2015-12-04,1.0
4231,11142,2015-12-04,1.0
1840,1459,2015-12-04,1.0
14233,48618,2015-12-04,1.0
6316,69482,2015-12-04,1.0
48839,75643,2015-12-04,1.0
3948,83608,2015-12-04,1.0
9269,83598,2015-12-04,1.0
8799,75977,2015-12-04,1.0
83236,83236,2015-12-05,1.0
38434,41979,2015-12-05,1.0
35520,11259,2015-12-05,1.0
35520,83664,2015-12-05,1.0
33141,10758,2015-12-05,1.0
1474,4433,2015-12-05,1.0
2733,29316,2015-12-05,1.0
1176,51336,2015-12-05,1.0
1516,8430,2015-12-05,1.0
6101,29316,2015-12-05,1.0
394,41979,2015-12-05,1.0
18756,41979,2015-12-05,1.0
28104,28104,2015-12-05,1.0
3402,3324,2015-12-05,1.0
3402,7076,2015-12-05,1.0
4366,41979,2015-12-05,1.0
78180,28104,2015-12-05,1.0
83662,13650,2015-12-05,1.0
10758,10758,2015-12-05,1.0
2807,83640,2015-12-05,1.0
76593,83665,2015-12-05,1.0
83665,83665,2015-12-05,1.0
9025,48839,2015-12-05,1.0
69289,4231,2015-12-05,1.0
83484,23141,2015-12-05,1.0
66774,21684,2015-12-05,1.0
14094,61852,2015-12-05,1.0
43054,2191,2015-12-05,1.0
290,2191,2015-12-05,1.0
2290,83673,2015-12-05,1.0
38866,9269,2015-12-05,1.0
10503,61522,2015-12-05,1.0
4312,78180,2015-12-05,1.0
4312,83236,2015-12-05,1.0
4312,4312,2015-12-05,1.0
81052,83236,2015-12-05,1.0
81052,4312,2015-12-05,1.0
34544,34544,2015-12-05,1.0
12481,4312,2015-12-05,1.0
29783,83236,2015-12-05,1.0
9269,9269,2015-12-05,1.0
1898,78180,2015-12-05,1.0
37436,37436,2015-12-05,1.0
19725,17118,2015-12-05,1.0
29783,28104,2015-12-05,1.0
43076,24541,2015-12-05,1.0
24541,24541,2015-12-05,1.0
43076,83687,2015-12-05,1.0
24541,2290,2015-12-05,1.0
43054,61522,2015-12-05,1.0
8430,8430,2015-12-05,1.0
1573,36572,2015-12-05,1.0
13265,83694,2015-12-05,1.0
7460,70105,2015-12-05,1.0
13265,83687,2015-12-05,1.0
9401,9401,2015-12-05,1.0
4231,4231,2015-12-05,1.0
1680,1680,2015-12-05,1.0
22,22,2015-12-05,1.0
4767,69289,2015-12-05,1.0
297,22,2015-12-05,1.0
4362,22,2015-12-05,1.0
14094,9401,2015-12-05,1.0
8991,83579,2015-12-05,1.0
297,24233,2015-12-05,1.0
18939,3621,2015-12-05,1.0
4231,69289,2015-12-05,1.0
13265,30827,2015-12-05,1.0
51336,51336,2015-12-05,1.0
4433,1474,2015-12-05,1.0
37026,34142,2015-12-05,1.0
13650,83661,2015-12-05,1.0
13650,83662,2015-12-05,1.0
21684,66774,2015-12-05,1.0
48839,9025,2015-12-05,1.0
9025,83661,2015-12-05,1.0
7076,35410,2015-12-05,1.0
40297,83673,2015-12-05,1.0
45118,61075,2015-12-05,1.0
2290,24541,2015-12-05,1.0
11259,11259,2015-12-05,1.0
28104,78180,2015-12-05,1.0
7460,83694,2015-12-05,1.0
44143,39521,2015-12-05,1.0
11260,11259,2015-12-05,1.0
297,37436,2015-12-05,1.0
76018,76018,2015-12-05,1.0
4231,83657,2015-12-05,1.0
83660,955,2015-12-05,1.0
66,22,2015-12-05,1.0
2954,83646,2015-12-05,1.0
69289,69289,2015-12-05,1.0
62560,62560,2015-12-05,1.0
14094,83657,2015-12-05,1.0
14835,3272,2015-12-05,1.0
8032,10758,2015-12-05,1.0
11259,11260,2015-12-05,1.0
6666,6666,2015-12-05,1.0
13265,13265,2015-12-05,1.0
18606,27831,2015-12-05,1.0
12176,44940,2015-12-05,1.0
57021,62560,2015-12-05,1.0
7206,83579,2015-12-05,1.0
32,13265,2015-12-05,1.0
35416,69289,2015-12-05,1.0
9269,83598,2015-12-06,1.0
83598,83598,2015-12-06,1.0
3503,12481,2015-12-06,1.0
78539,78539,2015-12-06,1.0
39082,7460,2015-12-06,1.0
40297,78817,2015-12-06,1.0
1946,73701,2015-12-06,1.0
18512,78,2015-12-06,1.0
12481,12481,2015-12-06,1.0
11100,83730,2015-12-06,1.0
30186,30186,2015-12-06,1.0
12481,30186,2015-12-06,1.0
17118,17118,2015-12-06,1.0
3272,83730,2015-12-06,1.0
3272,24078,2015-12-06,1.0
12481,4312,2015-12-06,1.0
41291,78,2015-12-06,1.0
11115,11115,2015-12-06,1.0
39082,1465,2015-12-06,1.0
7460,7460,2015-12-06,1.0
9025,290,2015-12-06,1.0
78,78,2015-12-06,1.0
4312,17773,2015-12-06,1.0
1409,69037,2015-12-06,1.0
440,290,2015-12-06,1.0
8430,78539,2015-12-06,1.0
11260,83730,2015-12-06,1.0
30186,83742,2015-12-06,1.0
31310,49739,2015-12-06,1.0
7631,7631,2015-12-06,1.0
9072,83733,2015-12-06,1.0
27164,7631,2015-12-06,1.0
41593,83733,2015-12-06,1.0
4661,20062,2015-12-06,1.0
40297,40297,2015-12-06,1.0
69037,11546,2015-12-06,1.0
83673,40297,2015-12-06,1.0
83673,83673,2015-12-06,1.0
17773,17773,2015-12-06,1.0
1409,290,2015-12-06,1.0
11546,69037,2015-12-06,1.0
1688,83739,2015-12-06,1.0
69037,69037,2015-12-06,1.0
38989,1946,2015-12-06,1.0
43076,83236,2015-12-06,1.0
37103,290,2015-12-06,1.0
4149,61075,2015-12-06,1.0
76600,70105,2015-12-06,1.0
70105,70105,2015-12-06,1.0
41593,70105,2015-12-06,1.0
1946,83742,2015-12-06,1.0
13480,78,2015-12-06,1.0
7460,78817,2015-12-06,1.0
30186,12481,2015-12-06,1.0
11115,38866,2015-12-06,1.0
5516,67157,2015-12-06,1.0
37103,83694,2015-12-06,1.0
37103,18229,2015-12-06,1.0
290,49739,2015-12-06,1.0
1465,82645,2015-12-06,1.0
21684,16671,2015-12-06,1.0
8430,78180,2015-12-06,1.0
10605,61522,2015-12-06,1.0
13625,3811,2015-12-06,1.0
6101,70105,2015-12-06,1.0
73701,3811,2015-12-06,1.0
3402,70105,2015-12-06,1.0
7206,70105,2015-12-06,1.0
4312,4312,2015-12-06,1.0
66,7460,2015-12-06,1.0
13265,7460,2015-12-06,1.0
4312,70105,2015-12-06,1.0
46495,46495,2015-12-06,1.0
24309,46495,2015-12-06,1.0
25510,70105,2015-12-06,1.0
83662,83662,2015-12-06,1.0
9025,49739,2015-12-06,1.0
21684,1465,2015-12-06,1.0
80891,16671,2015-12-06,1.0
21146,83236,2015-12-06,1.0
3621,3621,2015-12-06,1.0
38434,38434,2015-12-06,1.0
1291,360,2015-12-06,1.0
14593,14593,2015-12-06,1.0
7460,83694,2015-12-06,1.0
4312,83236,2015-12-06,1.0
67157,67157,2015-12-06,1.0
70808,13283,2015-12-06,1.0
62560,62560,2015-12-06,1.0
70808,6262,2015-12-06,1.0
70808,73701,2015-12-06,1.0
2290,2290,2015-12-06,1.0
18263,61522,2015-12-06,1.0
83742,1946,2015-12-06,1.0
66623,66623,2015-12-07,1.0
184,78,2015-12-07,1.0
6101,6101,2015-12-07,1.0
1847,2051,2015-12-07,1.0
391,22,2015-12-07,1.0
4312,5239,2015-12-07,1.0
9269,1946,2015-12-07,1.0
450,78817,2015-12-07,1.0
37644,10898,2015-12-07,1.0
29783,21146,2015-12-07,1.0
5239,5239,2015-12-07,1.0
184,13480,2015-12-07,1.0
69037,290,2015-12-07,1.0
2051,6101,2015-12-07,1.0
11142,10898,2015-12-07,1.0
43166,43166,2015-12-07,1.0
13480,13480,2015-12-07,1.0
30827,13265,2015-12-07,1.0
12905,7252,2015-12-07,1.0
13265,83783,2015-12-07,1.0
16139,83783,2015-12-07,1.0
9072,83783,2015-12-07,1.0
2554,73784,2015-12-07,1.0
83783,83783,2015-12-07,1.0
29783,29783,2015-12-07,1.0
21146,29783,2015-12-07,1.0
6101,290,2015-12-07,1.0
27456,45057,2015-12-07,1.0
2051,290,2015-12-07,1.0
1946,1946,2015-12-07,1.0
45057,45057,2015-12-07,1.0
13265,21574,2015-12-07,1.0
14094,45057,2015-12-07,1.0
21574,21574,2015-12-07,1.0
3684,3684,2015-12-07,1.0
83781,2490,2015-12-07,1.0
11640,18943,2015-12-07,1.0
11260,28128,2015-12-07,1.0
20598,45057,2015-12-07,1.0
45057,37555,2015-12-07,1.0
73784,37822,2015-12-07,1.0
33039,83783,2015-12-07,1.0
36212,1680,2015-12-07,1.0
3684,2051,2015-12-07,1.0
290,2051,2015-12-07,1.0
43166,30685,2015-12-07,1.0
5516,57458,2015-12-07,1.0
45118,83778,2015-12-07,1.0
1688,64639,2015-12-07,1.0
8799,10035,2015-12-07,1.0
27111,6094,2015-12-07,1.0
6101,2051,2015-12-07,1.0
32389,12905,2015-12-07,1.0
1098,83743,2015-12-07,1.0
49,78,2015-12-07,1.0
13650,10035,2015-12-07,1.0
66,83561,2015-12-07,1.0
7402,24611,2015-12-07,1.0
21907,24611,2015-12-07,1.0
437,22,2015-12-07,1.0
290,69037,2015-12-07,1.0
44143,39521,2015-12-07,1.0
12905,32389,2015-12-07,1.0
38434,10035,2015-12-07,1.0
2051,707,2015-12-07,1.0
37555,45057,2015-12-07,1.0
5712,45057,2015-12-07,1.0
3959,83783,2015-12-07,1.0
83783,1688,2015-12-07,1.0
83783,62032,2015-12-07,1.0
9072,62032,2015-12-07,1.0
2039,62032,2015-12-07,1.0
6322,62032,2015-12-07,1.0
40297,83786,2015-12-07,1.0
4832,83783,2015-12-07,1.0
62032,83783,2015-12-07,1.0
1688,83783,2015-12-07,1.0
57458,57458,2015-12-07,1.0
37822,73784,2015-12-07,1.0
454,28128,2015-12-07,1.0
12905,38620,2015-12-07,1.0
58057,43108,2015-12-07,1.0
52811,58018,2015-12-07,1.0
21907,21907,2015-12-07,1.0
290,18943,2015-12-07,1.0
57458,5516,2015-12-07,1.0
290,290,2015-12-07,1.0
78,13480,2015-12-07,1.0
83124,83124,2015-12-07,1.0
3948,36688,2015-12-07,1.0
2926,49,2015-12-07,1.0
17773,83733,2015-12-07,1.0
38434,13650,2015-12-07,1.0
38434,30366,2015-12-07,1.0
48438,66623,2015-12-07,1.0
48839,14390,2015-12-07,1.0
23758,17988,2015-12-07,1.0
83561,83561,2015-12-07,1.0
20062,20062,2015-12-07,1.0
4231,83561,2015-12-07,1.0
14390,14390,2015-12-07,1.0
1409,290,2015-12-07,1.0
13972,83739,2015-12-07,1.0
37103,24611,2015-12-07,1.0
57021,62560,2015-12-07,1.0
49,2362,2015-12-07,1.0
10035,13650,2015-12-07,1.0
23291,30685,2015-12-07,1.0
41291,21907,2015-12-07,1.0
28104,83756,2015-12-07,1.0
1463,64639,2015-12-07,1.0
15629,24611,2015-12-07,1.0
69236,1946,2015-12-07,1.0
83756,83756,2015-12-07,1.0
4231,83738,2015-12-07,1.0
14915,73701,2015-12-07,1.0
14094,9401,2015-12-07,1.0
41291,69037,2015-12-07,1.0
49369,3948,2015-12-07,1.0
17773,17773,2015-12-07,1.0
11546,11546,2015-12-07,1.0
3811,9163,2015-12-07,1.0
2554,14390,2015-12-07,1.0
290,83778,2015-12-07,1.0
5516,83778,2015-12-07,1.0
3811,5917,2015-12-07,1.0
2530,45118,2015-12-07,1.0
45118,45118,2015-12-07,1.0
290,83593,2015-12-07,1.0
2051,2051,2015-12-07,1.0
64639,64639,2015-12-07,1.0
23291,43166,2015-12-07,1.0
2051,3684,2015-12-07,1.0
83657,83657,2015-12-07,1.0
10035,8799,2015-12-07,1.0
36688,36688,2015-12-07,1.0
2362,51164,2015-12-07,1.0
2362,78849,2015-12-07,1.0
327,44143,2015-12-07,1.0
44143,44143,2015-12-07,1.0
15934,64639,2015-12-07,1.0
21684,83743,2015-12-07,1.0
15629,83738,2015-12-07,1.0
8430,78539,2015-12-07,1.0
69696,31102,2015-12-07,1.0
28104,83743,2015-12-07,1.0
78,78,2015-12-07,1.0
36688,75853,2015-12-07,1.0
38866,11115,2015-12-07,1.0
454,454,2015-12-08,1.0
43054,70808,2015-12-08,1.0
13265,60618,2015-12-08,1.0
11540,3,2015-12-08,1.0
7460,7460,2015-12-08,1.0
2627,10458,2015-12-08,1.0
23141,83484,2015-12-08,1.0
6094,6094,2015-12-08,1.0
57628,824,2015-12-08,1.0
43166,43166,2015-12-08,1.0
13265,82672,2015-12-08,1.0
13265,83786,2015-12-08,1.0
4614,17980,2015-12-08,1.0
2051,24078,2015-12-08,1.0
70808,83183,2015-12-08,1.0
14094,2051,2015-12-08,1.0
11926,11926,2015-12-08,1.0
20597,1946,2015-12-08,1.0
1688,83183,2015-12-08,1.0
184,49,2015-12-08,1.0
22606,13972,2015-12-08,1.0
8176,83805,2015-12-08,1.0
8385,4312,2015-12-08,1.0
5239,5239,2015-12-08,1.0
13265,75970,2015-12-08,1.0
801,8385,2015-12-08,1.0
23291,43166,2015-12-08,1.0
82672,82672,2015-12-08,1.0
5712,83840,2015-12-08,1.0
83742,1946,2015-12-08,1.0
12884,11926,2015-12-08,1.0
75321,75321,2015-12-08,1.0
47305,11926,2015-12-08,1.0
4274,4274,2015-12-08,1.0
69037,14510,2015-12-08,1.0
70808,16877,2015-12-08,1.0
75616,7460,2015-12-08,1.0
12178,12178,2015-12-08,1.0
12481,4274,2015-12-08,1.0
1946,83742,2015-12-08,1.0
83183,83183,2015-12-08,1.0
1306,83135,2015-12-08,1.0
1573,15743,2015-12-08,1.0
25510,16044,2015-12-08,1.0
70808,70808,2015-12-08,1.0
80000,12395,2015-12-08,1.0
82179,12395,2015-12-08,1.0
15743,48618,2015-12-08,1.0
37103,16044,2015-12-08,1.0
17029,83832,2015-12-08,1.0
68910,10035,2015-12-08,1.0
45118,2051,2015-12-08,1.0
4312,8385,2015-12-08,1.0
13972,22606,2015-12-08,1.0
2926,2051,2015-12-08,1.0
19729,21985,2015-12-08,1.0
28128,83183,2015-12-08,1.0
48142,32631,2015-12-08,1.0
11926,12884,2015-12-08,1.0
11260,4274,2015-12-08,1.0
7460,12884,2015-12-08,1.0
18739,10035,2015-12-08,1.0
47305,12884,2015-12-08,1.0
8385,8385,2015-12-08,1.0
4767,10035,2015-12-08,1.0
60618,75970,2015-12-08,1.0
17599,83392,2015-12-08,1.0
20781,3816,2015-12-08,1.0
24078,2051,2015-12-08,1.0
4274,11260,2015-12-08,1.0
20787,83783,2015-12-08,1.0
3106,2051,2015-12-08,1.0
40297,83786,2015-12-08,1.0
1822,14233,2015-12-08,1.0
37110,37103,2015-12-08,1.0
70808,2051,2015-12-08,1.0
28128,82645,2015-12-08,1.0
11142,83832,2015-12-08,1.0
53091,24611,2015-12-08,1.0
21907,42326,2015-12-08,1.0
5263,2051,2015-12-08,1.0
68408,2051,2015-12-08,1.0
70322,13503,2015-12-08,1.0
40120,42326,2015-12-08,1.0
66607,2051,2015-12-08,1.0
51668,21985,2015-12-08,1.0
4803,2051,2015-12-08,1.0
48839,83832,2015-12-08,1.0
83844,290,2015-12-08,1.0
9072,4312,2015-12-08,1.0
9025,290,2015-12-08,1.0
68910,68910,2015-12-08,1.0
290,10898,2015-12-08,1.0
83392,17599,2015-12-08,1.0
2051,2051,2015-12-08,1.0
22878,16044,2015-12-08,1.0
48839,48839,2015-12-08,1.0
17440,48618,2015-12-08,1.0
7092,6094,2015-12-08,1.0
75890,48839,2015-12-08,1.0
83786,40297,2015-12-08,1.0
37103,42326,2015-12-08,1.0
82645,1465,2015-12-08,1.0
40297,78817,2015-12-08,1.0
15743,15743,2015-12-08,1.0
3402,75293,2015-12-08,1.0
2051,66607,2015-12-08,1.0
9652,23141,2015-12-08,1.0
49668,36987,2015-12-08,1.0
5516,23141,2015-12-08,1.0
7092,68910,2015-12-08,1.0
62098,62098,2015-12-08,1.0
7092,10035,2015-12-08,1.0
42326,40120,2015-12-08,1.0
38434,13650,2015-12-08,1.0
13650,13650,2015-12-08,1.0
5516,5516,2015-12-08,1.0
10035,10035,2015-12-08,1.0
24309,11142,2015-12-08,1.0
11142,11142,2015-12-08,1.0
1946,1946,2015-12-08,1.0
20787,82645,2015-12-08,1.0
11100,5516,2015-12-08,1.0
73972,5516,2015-12-08,1.0
2362,2362,2015-12-08,1.0
35520,83430,2015-12-08,1.0
22055,62098,2015-12-08,1.0
1573,28128,2015-12-08,1.0
5263,290,2015-12-08,1.0
4149,75321,2015-12-08,1.0
52896,52896,2015-12-08,1.0
12156,57699,2015-12-08,1.0
19038,73784,2015-12-08,1.0
2954,83832,2015-12-08,1.0
1680,1680,2015-12-08,1.0
4312,83832,2015-12-08,1.0
48839,14390,2015-12-08,1.0
1106,3684,2015-12-08,1.0
613,83812,2015-12-08,1.0
49,2362,2015-12-08,1.0
19725,17118,2015-12-08,1.0
10458,10458,2015-12-08,1.0
13503,70322,2015-12-08,1.0
16537,16537,2015-12-08,1.0
763,83805,2015-12-08,1.0
10035,68910,2015-12-08,1.0
81332,75970,2015-12-08,1.0
5516,57458,2015-12-08,1.0
28128,28128,2015-12-08,1.0
6794,62032,2015-12-08,1.0
2954,1680,2015-12-08,1.0
22,83783,2015-12-08,1.0
35520,83664,2015-12-08,1.0
2954,5239,2015-12-08,1.0
83783,83783,2015-12-08,1.0
3503,4556,2015-12-08,1.0
38624,83783,2015-12-08,1.0
20787,20787,2015-12-08,1.0
766,20787,2015-12-08,1.0
83664,83664,2015-12-08,1.0
18943,18943,2015-12-08,1.0
20787,1688,2015-12-08,1.0
7206,83783,2015-12-08,1.0
83783,1688,2015-12-08,1.0
9072,62032,2015-12-08,1.0
49,49,2015-12-08,1.0
83783,20787,2015-12-08,1.0
1946,83783,2015-12-08,1.0
83786,83786,2015-12-08,1.0
2051,5263,2015-12-08,1.0
40120,40120,2015-12-08,1.0
2051,45118,2015-12-08,1.0
28128,454,2015-12-08,1.0
1291,83484,2015-12-08,1.0
766,83783,2015-12-08,1.0
83786,13265,2015-12-08,1.0
9072,20787,2015-12-08,1.0
15780,72314,2015-12-08,1.0
2653,13265,2015-12-08,1.0
28104,1223,2015-12-08,1.0
18263,21985,2015-12-08,1.0
13139,83786,2015-12-08,1.0
78273,36133,2015-12-09,1.0
12178,12178,2015-12-09,1.0
23141,13360,2015-12-09,1.0
11640,69037,2015-12-09,1.0
28104,12481,2015-12-09,1.0
3,22156,2015-12-09,1.0
6094,4721,2015-12-09,1.0
83633,80739,2015-12-09,1.0
20584,1058,2015-12-09,1.0
18739,12481,2015-12-09,1.0
75293,1056,2015-12-09,1.0
16537,16537,2015-12-09,1.0
13972,13972,2015-12-09,1.0
16044,16044,2015-12-09,1.0
32631,32631,2015-12-09,1.0
52931,78657,2015-12-09,1.0
23743,83812,2015-12-09,1.0
4231,38762,2015-12-09,1.0
5690,38448,2015-12-09,1.0
13972,83849,2015-12-09,1.0
1056,1056,2015-12-09,1.0
5810,3621,2015-12-09,1.0
1056,38762,2015-12-09,1.0
38448,38448,2015-12-09,1.0
82645,82645,2015-12-09,1.0
11260,28128,2015-12-09,1.0
83484,1291,2015-12-09,1.0
9269,1946,2015-12-09,1.0
21051,18943,2015-12-09,1.0
35793,83883,2015-12-09,1.0
20597,83579,2015-12-09,1.0
14510,14510,2015-12-09,1.0
83857,4262,2015-12-09,1.0
9025,290,2015-12-09,1.0
5712,5712,2015-12-09,1.0
6950,37059,2015-12-09,1.0
2363,2363,2015-12-09,1.0
8385,2363,2015-12-09,1.0
22971,2051,2015-12-09,1.0
3803,16537,2015-12-09,1.0
45057,5712,2015-12-09,1.0
78,49,2015-12-09,1.0
81332,60618,2015-12-09,1.0
78,37059,2015-12-09,1.0
83878,290,2015-12-09,1.0
82960,290,2015-12-09,1.0
11856,12178,2015-12-09,1.0
83833,297,2015-12-09,1.0
81838,81838,2015-12-09,1.0
57571,57571,2015-12-09,1.0
3698,3106,2015-12-09,1.0
13972,57571,2015-12-09,1.0
46298,62560,2015-12-09,1.0
81332,75970,2015-12-09,1.0
28104,630,2015-12-09,1.0
2926,28128,2015-12-09,1.0
11260,83851,2015-12-09,1.0
1291,1291,2015-12-09,1.0
12905,5101,2015-12-09,1.0
12905,12905,2015-12-09,1.0
28128,28128,2015-12-09,1.0
19965,18238,2015-12-09,1.0
13360,13360,2015-12-09,1.0
2503,83633,2015-12-09,1.0
18943,18943,2015-12-09,1.0
454,83887,2015-12-09,1.0
1946,1946,2015-12-09,1.0
37026,7460,2015-12-09,1.0
10898,630,2015-12-09,1.0
3272,28104,2015-12-09,1.0
28104,28104,2015-12-09,1.0
2024,31469,2015-12-09,1.0
28104,83883,2015-12-09,1.0
353,78164,2015-12-09,1.0
29783,290,2015-12-09,1.0
12481,18739,2015-12-09,1.0
13265,75970,2015-12-09,1.0
80361,81488,2015-12-09,1.0
83887,83887,2015-12-09,1.0
43266,83887,2015-12-09,1.0
28128,11260,2015-12-09,1.0
26522,69558,2015-12-09,1.0
11260,11260,2015-12-09,1.0
82645,28128,2015-12-09,1.0
53091,28128,2015-12-09,1.0
6427,24078,2015-12-09,1.0
83883,4706,2015-12-09,1.0
955,19354,2015-12-09,1.0
13625,38851,2015-12-09,1.0
3503,12905,2015-12-09,1.0
22606,13972,2015-12-09,1.0
40120,78657,2015-12-09,1.0
40120,40120,2015-12-09,1.0
13625,11054,2015-12-09,1.0
69558,69558,2015-12-09,1.0
4231,17980,2015-12-09,1.0
23141,23141,2015-12-09,1.0
48142,48142,2015-12-09,1.0
5516,23141,2015-12-09,1.0
3402,1056,2015-12-09,1.0
13265,69558,2015-12-09,1.0
17980,6818,2015-12-09,1.0
3106,2051,2015-12-09,1.0
83845,22156,2015-12-09,1.0
297,83833,2015-12-09,1.0
8799,66889,2015-12-09,1.0
22,69850,2015-12-09,1.0
78273,32631,2015-12-09,1.0
25510,16044,2015-12-09,1.0
3948,82505,2015-12-09,1.0
613,83812,2015-12-09,1.0
14390,14390,2015-12-09,1.0
69037,450,2015-12-09,1.0
37822,37822,2015-12-09,1.0
10458,10458,2015-12-09,1.0
11054,11054,2015-12-09,1.0
290,290,2015-12-09,1.0
36688,75853,2015-12-09,1.0
3402,290,2015-12-09,1.0
39747,290,2015-12-09,1.0
16302,83840,2015-12-09,1.0
43054,70808,2015-12-09,1.0
297,75970,2015-12-09,1.0
297,81838,2015-12-09,1.0
83484,83484,2015-12-09,1.0
47305,11926,2015-12-09,1.0
26635,83835,2015-12-09,1.0
27933,83832,2015-12-09,1.0
75293,75293,2015-12-09,1.0
3462,11115,2015-12-09,1.0
3402,75293,2015-12-09,1.0
36744,4678,2015-12-09,1.0
4366,17980,2015-12-09,1.0
82672,13265,2015-12-09,1.0
454,78657,2015-12-09,1.0
11926,47305,2015-12-09,1.0
13265,13265,2015-12-09,1.0
32631,48142,2015-12-09,1.0
20948,7460,2015-12-09,1.0
82672,8621,2015-12-09,1.0
4274,11260,2015-12-09,1.0
1094,70808,2015-12-09,1.0
5101,12905,2015-12-09,1.0
6818,6818,2015-12-09,1.0
8621,82672,2015-12-09,1.0
80000,12395,2015-12-09,1.0
4262,83857,2015-12-09,1.0
11054,13625,2015-12-09,1.0
297,40038,2015-12-09,1.0
11142,40038,2015-12-09,1.0
4231,83835,2015-12-09,1.0
38851,13625,2015-12-09,1.0
83849,8799,2015-12-09,1.0
38448,613,2015-12-09,1.0
83860,613,2015-12-09,1.0
82852,30462,2015-12-09,1.0
13360,23141,2015-12-09,1.0
2363,8385,2015-12-09,1.0
11054,2738,2015-12-09,1.0
1056,75293,2015-12-09,1.0
16702,83183,2015-12-09,1.0
6818,17980,2015-12-09,1.0
1291,83484,2015-12-09,1.0
18943,18943,2015-12-10,1.0
54403,8799,2015-12-10,1.0
70211,70211,2015-12-10,1.0
16877,16877,2015-12-10,1.0
297,290,2015-12-10,1.0
13381,16023,2015-12-10,1.0
454,16537,2015-12-10,1.0
6950,2893,2015-12-10,1.0
22131,18943,2015-12-10,1.0
16537,16537,2015-12-10,1.0
4312,9924,2015-12-10,1.0
83929,51668,2015-12-10,1.0
59303,14450,2015-12-10,1.0
297,2893,2015-12-10,1.0
5263,83901,2015-12-10,1.0
83901,83901,2015-12-10,1.0
83883,83883,2015-12-10,1.0
1946,75,2015-12-10,1.0
83236,83236,2015-12-10,1.0
38624,83236,2015-12-10,1.0
613,57571,2015-12-10,1.0
17064,1946,2015-12-10,1.0
16537,75,2015-12-10,1.0
2191,7460,2015-12-10,1.0
1946,1946,2015-12-10,1.0
28104,83236,2015-12-10,1.0
23743,83812,2015-12-10,1.0
4231,41644,2015-12-10,1.0
613,83812,2015-12-10,1.0
14835,49247,2015-12-10,1.0
1056,29500,2015-12-10,1.0
23291,49247,2015-12-10,1.0
49247,49247,2015-12-10,1.0
37644,10898,2015-12-10,1.0
1946,83883,2015-12-10,1.0
4721,2893,2015-12-10,1.0
12978,16537,2015-12-10,1.0
1573,83937,2015-12-10,1.0
28128,11260,2015-12-10,1.0
30186,290,2015-12-10,1.0
11260,11260,2015-12-10,1.0
18850,18850,2015-12-10,1.0
28128,28128,2015-12-10,1.0
1306,18850,2015-12-10,1.0
83901,290,2015-12-10,1.0
14454,28128,2015-12-10,1.0
14835,14835,2015-12-10,1.0
290,290,2015-12-10,1.0
57571,57571,2015-12-10,1.0
2480,290,2015-12-10,1.0
23291,14835,2015-12-10,1.0
5712,37555,2015-12-10,1.0
4177,78,2015-12-10,1.0
11054,11054,2015-12-10,1.0
52805,52805,2015-12-10,1.0
2893,2893,2015-12-10,1.0
51668,29500,2015-12-10,1.0
2503,73972,2015-12-10,1.0
613,23743,2015-12-10,1.0
1310,6950,2015-12-10,1.0
6950,6950,2015-12-10,1.0
763,83805,2015-12-10,1.0
83937,83937,2015-12-10,1.0
3897,83937,2015-12-10,1.0
13265,70211,2015-12-10,1.0
1463,1463,2015-12-10,1.0
2954,60556,2015-12-10,1.0
6263,73972,2015-12-10,1.0
40297,1463,2015-12-10,1.0
12884,11926,2015-12-10,1.0
4177,11260,2015-12-10,1.0
83898,83898,2015-12-10,1.0
2733,73701,2015-12-10,1.0
83898,29500,2015-12-10,1.0
83929,83929,2015-12-10,1.0
29783,83929,2015-12-10,1.0
2503,6950,2015-12-10,1.0
9269,1946,2015-12-10,1.0
24757,48142,2015-12-10,1.0
81838,81838,2015-12-10,1.0
2893,4721,2015-12-10,1.0
83430,83430,2015-12-10,1.0
15129,39421,2015-12-10,1.0
60708,2893,2015-12-10,1.0
51668,83929,2015-12-10,1.0
8799,54403,2015-12-10,1.0
3502,73972,2015-12-10,1.0
11260,78,2015-12-10,1.0
28128,14454,2015-12-10,1.0
290,68663,2015-12-10,1.0
1463,2893,2015-12-10,1.0
56727,41900,2015-12-10,1.0
3948,41900,2015-12-10,1.0
6950,37059,2015-12-10,1.0
13650,41900,2015-12-10,1.0
49247,14835,2015-12-10,1.0
21907,57571,2015-12-10,1.0
1946,17064,2015-12-10,1.0
29500,83898,2015-12-10,1.0
75,16537,2015-12-10,1.0
13650,22051,2015-12-10,1.0
14450,10898,2015-12-10,1.0
21339,21339,2015-12-10,1.0
48142,24757,2015-12-10,1.0
78,83887,2015-12-10,1.0
290,83901,2015-12-10,1.0
13265,41644,2015-12-10,1.0
59313,23501,2015-12-10,1.0
34180,2384,2015-12-10,1.0
73972,41644,2015-12-10,1.0
290,69037,2015-12-10,1.0
22606,13972,2015-12-10,1.0
2738,11054,2015-12-10,1.0
13265,10898,2015-12-10,1.0
10898,10898,2015-12-10,1.0
11919,630,2015-12-10,1.0
83060,8628,2015-12-10,1.0
16510,12481,2015-12-10,1.0
37026,7460,2015-12-10,1.0
81332,75970,2015-12-10,1.0
81332,41644,2015-12-10,1.0
41291,83901,2015-12-10,1.0
81488,81488,2015-12-10,1.0
75293,1056,2015-12-10,1.0
297,81838,2015-12-10,1.0
41291,10727,2015-12-10,1.0
41291,83898,2015-12-10,1.0
39342,24094,2015-12-11,1.0
824,824,2015-12-11,1.0
1573,83937,2015-12-11,1.0
43266,8628,2015-12-11,1.0
2051,28128,2015-12-11,1.0
24094,24094,2015-12-11,1.0
3502,3502,2015-12-11,1.0
290,7108,2015-12-11,1.0
36688,290,2015-12-11,1.0
7108,7108,2015-12-11,1.0
290,290,2015-12-11,1.0
55893,83967,2015-12-11,1.0
12722,7108,2015-12-11,1.0
1898,2051,2015-12-11,1.0
2051,2051,2015-12-11,1.0
2669,78172,2015-12-11,1.0
62135,2051,2015-12-11,1.0
80665,2594,2015-12-11,1.0
35793,83883,2015-12-11,1.0
13650,13650,2015-12-11,1.0
36103,6787,2015-12-11,1.0
83883,83883,2015-12-11,1.0
4832,81420,2015-12-11,1.0
81420,81420,2015-12-11,1.0
13650,81420,2015-12-11,1.0
11054,11054,2015-12-11,1.0
8133,83962,2015-12-11,1.0
2954,83962,2015-12-11,1.0
83962,83962,2015-12-11,1.0
37822,37822,2015-12-11,1.0
14915,37822,2015-12-11,1.0
78865,14094,2015-12-11,1.0
24094,11437,2015-12-11,1.0
14094,14094,2015-12-11,1.0
766,7108,2015-12-11,1.0
83427,10035,2015-12-11,1.0
10696,10696,2015-12-11,1.0
613,44079,2015-12-11,1.0
22810,10696,2015-12-11,1.0
3460,78554,2015-12-11,1.0
3077,35394,2015-12-11,1.0
3077,30147,2015-12-11,1.0
39082,78554,2015-12-11,1.0
6827,17901,2015-12-11,1.0
83929,51668,2015-12-11,1.0
29783,44293,2015-12-11,1.0
1465,78554,2015-12-11,1.0
83935,83935,2015-12-11,1.0
78554,78554,2015-12-11,1.0
9072,30147,2015-12-11,1.0
30147,30147,2015-12-11,1.0
41291,1176,2015-12-11,1.0
83633,78554,2015-12-11,1.0
2954,60556,2015-12-11,1.0
44293,44293,2015-12-11,1.0
3901,70808,2015-12-11,1.0
2051,13923,2015-12-11,1.0
13042,44079,2015-12-11,1.0
14094,35840,2015-12-11,1.0
62560,62560,2015-12-11,1.0
35840,35840,2015-12-11,1.0
10035,10035,2015-12-11,1.0
83939,766,2015-12-11,1.0
25309,7108,2015-12-11,1.0
83898,29500,2015-12-11,1.0
9924,9924,2015-12-11,1.0
70808,16877,2015-12-11,1.0
70808,83976,2015-12-11,1.0
16877,16877,2015-12-11,1.0
40297,40297,2015-12-11,1.0
15129,15129,2015-12-11,1.0
1149,5263,2015-12-11,1.0
351,15129,2015-12-11,1.0
16046,40297,2015-12-11,1.0
44079,44079,2015-12-11,1.0
76748,4144,2015-12-11,1.0
22810,43054,2015-12-11,1.0
14094,290,2015-12-11,1.0
70808,70808,2015-12-11,1.0
16023,16023,2015-12-11,1.0
82505,82505,2015-12-11,1.0
14094,78865,2015-12-11,1.0
3106,61028,2015-12-11,1.0
18060,78865,2015-12-11,1.0
37822,81420,2015-12-11,1.0
3324,3324,2015-12-11,1.0
13650,12643,2015-12-11,1.0
36103,30462,2015-12-11,1.0
83236,83236,2015-12-11,1.0
297,18943,2015-12-11,1.0
6517,13767,2015-12-11,1.0
29887,37987,2015-12-11,1.0
28128,2051,2015-12-11,1.0
68958,82270,2015-12-11,1.0
78,41644,2015-12-11,1.0
7076,83898,2015-12-11,1.0
40297,40038,2015-12-11,1.0
16302,16302,2015-12-11,1.0
2503,37059,2015-12-11,1.0
16537,16537,2015-12-11,1.0
25028,26088,2015-12-11,1.0
73972,3502,2015-12-11,1.0
8799,8799,2015-12-11,1.0
12176,630,2015-12-11,1.0
9924,83948,2015-12-11,1.0
6950,2893,2015-12-11,1.0
440,83962,2015-12-11,1.0
31331,6316,2015-12-11,1.0
83977,8799,2015-12-11,1.0
351,83971,2015-12-11,1.0
11260,51469,2015-12-11,1.0
15129,83971,2015-12-11,1.0
40297,83984,2015-12-11,1.0
4649,4649,2015-12-11,1.0
83983,10909,2015-12-11,1.0
43054,22810,2015-12-11,1.0
1946,41291,2015-12-11,1.0
32389,7108,2015-12-11,1.0
10696,22810,2015-12-11,1.0
766,83939,2015-12-11,1.0
57021,62560,2015-12-11,1.0
11100,30147,2015-12-11,1.0
60435,30147,2015-12-11,1.0
1176,41291,2015-12-11,1.0
11260,7108,2015-12-11,1.0
35394,30147,2015-12-11,1.0
17901,78582,2015-12-11,1.0
83972,21690,2015-12-11,1.0
290,36688,2015-12-11,1.0
17029,5690,2015-12-11,1.0
83967,1096,2015-12-11,1.0
35840,78865,2015-12-11,1.0
8430,54403,2015-12-11,1.0
41644,78,2015-12-11,1.0
29887,83935,2015-12-11,1.0
18943,297,2015-12-11,1.0
44293,74156,2015-12-11,1.0
24094,17787,2015-12-11,1.0
297,297,2015-12-11,1.0
37103,78865,2015-12-11,1.0
78865,78865,2015-12-11,1.0
35482,33854,2015-12-11,1.0
21684,14835,2015-12-11,1.0
17773,51668,2015-12-11,1.0
14835,14835,2015-12-11,1.0
297,290,2015-12-11,1.0
11054,83947,2015-12-11,1.0
13265,20948,2015-12-11,1.0
7710,8799,2015-12-11,1.0
25028,78865,2015-12-11,1.0
6950,6950,2015-12-11,1.0
37555,37555,2015-12-11,1.0
37103,5263,2015-12-11,1.0
81332,41644,2015-12-11,1.0
15934,41644,2015-12-11,1.0
29887,83929,2015-12-11,1.0
15934,78,2015-12-11,1.0
41900,13650,2015-12-11,1.0
2384,6950,2015-12-11,1.0
4312,9924,2015-12-11,1.0
68958,57712,2015-12-11,1.0
14094,83937,2015-12-11,1.0
78,78,2015-12-11,1.0
29500,29500,2015-12-11,1.0
49247,49247,2015-12-11,1.0
57712,57712,2015-12-11,1.0
18943,18943,2015-12-11,1.0
73972,317,2015-12-12,1.0
84008,2807,2015-12-12,1.0
22131,18943,2015-12-12,1.0
78554,1650,2015-12-12,1.0
23291,14094,2015-12-12,1.0
23291,398,2015-12-12,1.0
23291,23291,2015-12-12,1.0
83947,83947,2015-12-12,1.0
12643,13650,2015-12-12,1.0
18060,6756,2015-12-12,1.0
41734,41734,2015-12-12,1.0
7076,29500,2015-12-12,1.0
3684,2807,2015-12-12,1.0
41734,84018,2015-12-12,1.0
5712,84012,2015-12-12,1.0
5712,37555,2015-12-12,1.0
29500,29500,2015-12-12,1.0
290,41734,2015-12-12,1.0
17440,41734,2015-12-12,1.0
1056,2807,2015-12-12,1.0
1056,84008,2015-12-12,1.0
2926,84012,2015-12-12,1.0
21349,83983,2015-12-12,1.0
35793,83883,2015-12-12,1.0
18943,18943,2015-12-12,1.0
11540,44644,2015-12-12,1.0
11142,1650,2015-12-12,1.0
766,7108,2015-12-12,1.0
83883,83883,2015-12-12,1.0
43054,83957,2015-12-12,1.0
41301,582,2015-12-12,1.0
7108,7108,2015-12-12,1.0
1106,51484,2015-12-12,1.0
70355,83880,2015-12-12,1.0
62560,57021,2015-12-12,1.0
29887,83976,2015-12-12,1.0
51484,6756,2015-12-12,1.0
47305,37059,2015-12-12,1.0
20302,41734,2015-12-12,1.0
46140,28128,2015-12-12,1.0
10605,83957,2015-12-12,1.0
44644,44644,2015-12-12,1.0
25510,84000,2015-12-12,1.0
83880,83880,2015-12-12,1.0
2481,6518,2015-12-12,1.0
29783,70355,2015-12-12,1.0
17734,12643,2015-12-12,1.0
70355,70355,2015-12-12,1.0
14094,66686,2015-12-12,1.0
66686,66686,2015-12-12,1.0
1898,934,2015-12-12,1.0
1898,8799,2015-12-12,1.0
1898,10035,2015-12-12,1.0
3684,72273,2015-12-12,1.0
402,44644,2015-12-12,1.0
1898,11260,2015-12-12,1.0
36688,290,2015-12-12,1.0
2191,37059,2015-12-12,1.0
2191,6950,2015-12-12,1.0
17773,10035,2015-12-12,1.0
13625,1826,2015-12-12,1.0
37059,37059,2015-12-12,1.0
43122,14454,2015-12-12,1.0
6518,6518,2015-12-12,1.0
41619,84004,2015-12-12,1.0
50846,64541,2015-12-12,1.0
8991,8991,2015-12-12,1.0
4119,80744,2015-12-12,1.0
14094,14094,2015-12-12,1.0
40038,40297,2015-12-12,1.0
27111,84018,2015-12-12,1.0
290,290,2015-12-12,1.0
440,83880,2015-12-12,1.0
290,51484,2015-12-12,1.0
14094,41734,2015-12-12,1.0
5279,8991,2015-12-12,1.0
12481,70355,2015-12-12,1.0
43076,84000,2015-12-12,1.0
6451,21574,2015-12-12,1.0
4312,84020,2015-12-12,1.0
934,934,2015-12-12,1.0
10035,10035,2015-12-12,1.0
1650,1650,2015-12-12,1.0
78554,78554,2015-12-12,1.0
8799,5869,2015-12-12,1.0
1650,50629,2015-12-12,1.0
80744,4119,2015-12-12,1.0
14094,398,2015-12-12,1.0
50427,5869,2015-12-12,1.0
2807,23980,2015-12-12,1.0
84004,41619,2015-12-12,1.0
30147,23980,2015-12-12,1.0
1650,78554,2015-12-12,1.0
1056,83999,2015-12-12,1.0
70355,84000,2015-12-12,1.0
37555,84000,2015-12-12,1.0
83997,83997,2015-12-12,1.0
43122,42804,2015-12-12,1.0
6518,2481,2015-12-12,1.0
83994,4677,2015-12-12,1.0
17901,17901,2015-12-12,1.0
29887,83935,2015-12-12,1.0
12898,83994,2015-12-12,1.0
9072,84000,2015-12-12,1.0
31469,23980,2015-12-12,1.0
6756,51484,2015-12-12,1.0
75670,889,2015-12-12,1.0
13972,10898,2015-12-12,1.0
84012,54245,2015-12-12,1.0
1056,23980,2015-12-12,1.0
2807,84008,2015-12-12,1.0
8991,51484,2015-12-12,1.0
83883,4706,2015-12-12,1.0
84018,41734,2015-12-12,1.0
14454,14454,2015-12-12,1.0
11260,934,2015-12-12,1.0
8799,934,2015-12-12,1.0
81169,37691,2015-12-12,1.0
43076,6084,2015-12-12,1.0
36622,40038,2015-12-12,1.0
4362,84022,2015-12-12,1.0
1946,51484,2015-12-12,1.0
74330,18739,2015-12-12,1.0
13042,44079,2015-12-12,1.0
290,66686,2015-12-12,1.0
83999,83999,2015-12-12,1.0
15570,15570,2015-12-12,1.0
84000,84000,2015-12-12,1.0
1106,83999,2015-12-12,1.0
1176,1946,2015-12-12,1.0
16877,16877,2015-12-12,1.0
62562,84000,2015-12-12,1.0
18263,84000,2015-12-12,1.0
31233,41291,2015-12-12,1.0
10035,8252,2015-12-12,1.0
6094,83999,2015-12-12,1.0
3460,78554,2015-12-12,1.0
83948,9924,2015-12-12,1.0
1573,83937,2015-12-12,1.0
7108,61522,2015-12-12,1.0
42804,43122,2015-12-12,1.0
8252,8252,2015-12-12,1.0
81488,15570,2015-12-12,1.0
613,44079,2015-12-12,1.0
297,66686,2015-12-12,1.0
13650,15570,2015-12-12,1.0
25028,630,2015-12-12,1.0
54403,83976,2015-12-12,1.0
18739,18739,2015-12-12,1.0
47795,3324,2015-12-12,1.0
12481,84000,2015-12-12,1.0
6094,84000,2015-12-12,1.0
25028,30147,2015-12-12,1.0
43166,43166,2015-12-12,1.0
11919,398,2015-12-12,1.0
84001,13268,2015-12-12,1.0
21684,14835,2015-12-12,1.0
11142,83999,2015-12-12,1.0
34538,1826,2015-12-13,1.0
2191,290,2015-12-13,1.0
57971,13268,2015-12-13,1.0
40297,40297,2015-12-13,1.0
3521,29730,2015-12-13,1.0
889,75670,2015-12-13,1.0
16710,78164,2015-12-13,1.0
84040,84040,2015-12-13,1.0
29783,11926,2015-12-13,1.0
44644,44644,2015-12-13,1.0
29783,84033,2015-12-13,1.0
13265,84040,2015-12-13,1.0
17734,41644,2015-12-13,1.0
21574,21574,2015-12-13,1.0
391,70808,2015-12-13,1.0
290,66686,2015-12-13,1.0
290,290,2015-12-13,1.0
35840,84027,2015-12-13,1.0
84033,84033,2015-12-13,1.0
6518,6518,2015-12-13,1.0
9072,34538,2015-12-13,1.0
34538,34538,2015-12-13,1.0
13625,8103,2015-12-13,1.0
454,21800,2015-12-13,1.0
20302,10035,2015-12-13,1.0
3503,69548,2015-12-13,1.0
47795,3324,2015-12-13,1.0
4040,23980,2015-12-13,1.0
17773,41530,2015-12-13,1.0
17734,84040,2015-12-13,1.0
76501,76501,2015-12-13,1.0
2926,34538,2015-12-13,1.0
62519,76299,2015-12-13,1.0
2954,25028,2015-12-13,1.0
3324,44293,2015-12-13,1.0
2868,64541,2015-12-13,1.0
11926,84033,2015-12-13,1.0
20302,84022,2015-12-13,1.0
290,2191,2015-12-13,1.0
8857,23980,2015-12-13,1.0
2191,37059,2015-12-13,1.0
2233,10035,2015-12-13,1.0
10035,10035,2015-12-13,1.0
68386,84033,2015-12-13,1.0
11926,11926,2015-12-13,1.0
30186,84062,2015-12-13,1.0
4362,84062,2015-12-13,1.0
84062,84062,2015-12-13,1.0
4362,10035,2015-12-13,1.0
12481,12481,2015-12-13,1.0
76299,62519,2015-12-13,1.0
11115,20584,2015-12-13,1.0
41530,17773,2015-12-13,1.0
38624,10035,2015-12-13,1.0
66686,66686,2015-12-13,1.0
36622,36622,2015-12-13,1.0
40038,36622,2015-12-13,1.0
1946,290,2015-12-13,1.0
21574,56353,2015-12-13,1.0
25028,2954,2015-12-13,1.0
2233,2233,2015-12-13,1.0
2503,37059,2015-12-13,1.0
23935,23935,2015-12-13,1.0
2503,6950,2015-12-13,1.0
30186,556,2015-12-13,1.0
44293,74156,2015-12-13,1.0
20186,20186,2015-12-13,1.0
454,12357,2015-12-13,1.0
52805,20186,2015-12-13,1.0
48111,290,2015-12-13,1.0
48111,8991,2015-12-13,1.0
1106,51484,2015-12-13,1.0
454,84062,2015-12-13,1.0
78061,78061,2015-12-13,1.0
394,10035,2015-12-13,1.0
23141,84068,2015-12-13,1.0
43122,14454,2015-12-13,1.0
75420,2233,2015-12-13,1.0
3959,8103,2015-12-13,1.0
57626,422,2015-12-13,1.0
12643,12643,2015-12-13,1.0
14454,14454,2015-12-13,1.0
14094,84027,2015-12-13,1.0
74330,18739,2015-12-13,1.0
3684,72273,2015-12-13,1.0
70019,6094,2015-12-13,1.0
30186,72273,2015-12-13,1.0
2191,2191,2015-12-13,1.0
14450,8103,2015-12-13,1.0
15517,78061,2015-12-13,1.0
70808,70808,2015-12-13,1.0
18263,10035,2015-12-13,1.0
48444,1008,2015-12-13,1.0
17773,2233,2015-12-13,1.0
17734,12643,2015-12-13,1.0
83937,83937,2015-12-13,1.0
39082,23935,2015-12-13,1.0
76299,76299,2015-12-13,1.0
84058,1557,2015-12-13,1.0
11640,76299,2015-12-13,1.0
6094,6094,2015-12-13,1.0
83883,83883,2015-12-13,1.0
74156,74156,2015-12-13,1.0
83122,586,2015-12-13,1.0
1650,1650,2015-12-13,1.0
14835,14835,2015-12-13,1.0
290,51484,2015-12-13,1.0
29730,29730,2015-12-13,1.0
9072,1826,2015-12-13,1.0
37103,51484,2015-12-13,1.0
23291,38889,2015-12-13,1.0
28128,10330,2015-12-14,1.0
38624,6094,2015-12-14,1.0
20764,23980,2015-12-14,1.0
37103,20597,2015-12-14,1.0
83457,84089,2015-12-14,1.0
8784,9025,2015-12-14,1.0
41644,84098,2015-12-14,1.0
43122,14454,2015-12-14,1.0
14094,37822,2015-12-14,1.0
12898,26039,2015-12-14,1.0
4614,23980,2015-12-14,1.0
11260,34309,2015-12-14,1.0
440,84093,2015-12-14,1.0
78,11546,2015-12-14,1.0
391,23980,2015-12-14,1.0
84088,69556,2015-12-14,1.0
19949,1353,2015-12-14,1.0
31310,31310,2015-12-14,1.0
18739,18739,2015-12-14,1.0
12481,31310,2015-12-14,1.0
14454,14454,2015-12-14,1.0
3106,84062,2015-12-14,1.0
68708,84068,2015-12-14,1.0
31469,31469,2015-12-14,1.0
60556,60556,2015-12-14,1.0
46573,20598,2015-12-14,1.0
12705,12705,2015-12-14,1.0
46290,46290,2015-12-14,1.0
38721,69037,2015-12-14,1.0
29783,29783,2015-12-14,1.0
48866,48866,2015-12-14,1.0
15002,84062,2015-12-14,1.0
17064,23980,2015-12-14,1.0
1463,65937,2015-12-14,1.0
4312,23980,2015-12-14,1.0
1946,20597,2015-12-14,1.0
3503,80013,2015-12-14,1.0
11260,11260,2015-12-14,1.0
37103,80013,2015-12-14,1.0
37103,61506,2015-12-14,1.0
34309,11260,2015-12-14,1.0
17734,41644,2015-12-14,1.0
43122,43122,2015-12-14,1.0
26039,26039,2015-12-14,1.0
31233,756,2015-12-14,1.0
50629,1650,2015-12-14,1.0
38624,80013,2015-12-14,1.0
6094,38624,2015-12-14,1.0
28128,37822,2015-12-14,1.0
61506,61506,2015-12-14,1.0
37103,26039,2015-12-14,1.0
9025,23850,2015-12-14,1.0
6094,19109,2015-12-14,1.0
7717,23980,2015-12-14,1.0
290,29783,2015-12-14,1.0
70808,23935,2015-12-14,1.0
25104,6043,2015-12-14,1.0
2233,83880,2015-12-14,1.0
35793,83883,2015-12-14,1.0
20597,12705,2015-12-14,1.0
70593,70211,2015-12-14,1.0
45057,37555,2015-12-14,1.0
21349,84088,2015-12-14,1.0
5712,37555,2015-12-14,1.0
23141,84068,2015-12-14,1.0
613,46290,2015-12-14,1.0
5229,20597,2015-12-14,1.0
391,1056,2015-12-14,1.0
70808,34692,2015-12-14,1.0
22810,1465,2015-12-14,1.0
10035,8784,2015-12-14,1.0
8784,8784,2015-12-14,1.0
10035,4040,2015-12-14,1.0
37103,76102,2015-12-14,1.0
76102,76102,2015-12-14,1.0
84083,34692,2015-12-14,1.0
10881,7717,2015-12-14,1.0
290,290,2015-12-14,1.0
5279,290,2015-12-14,1.0
31814,76102,2015-12-14,1.0
1532,9924,2015-12-14,1.0
39082,23935,2015-12-14,1.0
29783,10035,2015-12-14,1.0
2191,37059,2015-12-14,1.0
48111,290,2015-12-14,1.0
23935,23935,2015-12-14,1.0
56353,56353,2015-12-14,1.0
1465,1465,2015-12-14,1.0
38624,25104,2015-12-14,1.0
20584,20584,2015-12-14,1.0
10035,20302,2015-12-14,1.0
38889,38889,2015-12-14,1.0
2233,2233,2015-12-14,1.0
1946,11115,2015-12-14,1.0
10035,2233,2015-12-14,1.0
48839,12498,2015-12-14,1.0
14094,66686,2015-12-14,1.0
1056,1056,2015-12-14,1.0
391,48866,2015-12-14,1.0
11546,78,2015-12-14,1.0
12905,12905,2015-12-14,1.0
74156,74156,2015-12-14,1.0
25028,1056,2015-12-14,1.0
11115,20584,2015-12-14,1.0
290,11546,2015-12-14,1.0
7710,84062,2015-12-14,1.0
83880,2233,2015-12-14,1.0
4040,4040,2015-12-14,1.0
74138,8799,2015-12-14,1.0
21684,84068,2015-12-14,1.0
11115,11115,2015-12-14,1.0
52805,20186,2015-12-14,1.0
43076,290,2015-12-14,1.0
83971,15129,2015-12-14,1.0
41644,41644,2015-12-14,1.0
83971,83971,2015-12-14,1.0
51484,1946,2015-12-14,1.0
51484,290,2015-12-14,1.0
290,8991,2015-12-14,1.0
51484,8991,2015-12-14,1.0
454,83971,2015-12-14,1.0
1946,28128,2015-12-15,1.0
28128,28128,2015-12-15,1.0
84154,4312,2015-12-15,1.0
7952,402,2015-12-15,1.0
21907,37503,2015-12-15,1.0
83999,11142,2015-12-15,1.0
16659,81111,2015-12-15,1.0
15247,82649,2015-12-15,1.0
6121,70751,2015-12-15,1.0
4961,81111,2015-12-15,1.0
13265,84144,2015-12-15,1.0
8430,12481,2015-12-15,1.0
47440,630,2015-12-15,1.0
6121,6121,2015-12-15,1.0
8784,8784,2015-12-15,1.0
70751,6121,2015-12-15,1.0
5690,5690,2015-12-15,1.0
5690,8103,2015-12-15,1.0
17581,29783,2015-12-15,1.0
70808,75353,2015-12-15,1.0
81111,81111,2015-12-15,1.0
4312,84154,2015-12-15,1.0
6827,81900,2015-12-15,1.0
20302,84149,2015-12-15,1.0
11142,10330,2015-12-15,1.0
61522,81900,2015-12-15,1.0
1492,83880,2015-12-15,1.0
7709,23980,2015-12-15,1.0
4312,4312,2015-12-15,1.0
2868,23758,2015-12-15,1.0
25510,23758,2015-12-15,1.0
8103,5690,2015-12-15,1.0
8430,84114,2015-12-15,1.0
440,83880,2015-12-15,1.0
3106,23980,2015-12-15,1.0
36212,31310,2015-12-15,1.0
84137,33672,2015-12-15,1.0
2689,2415,2015-12-15,1.0
34538,498,2015-12-15,1.0
2481,70751,2015-12-15,1.0
12481,31310,2015-12-15,1.0
47795,23758,2015-12-15,1.0
801,82229,2015-12-15,1.0
4312,16537,2015-12-15,1.0
70808,84152,2015-12-15,1.0
40297,84142,2015-12-15,1.0
70808,1353,2015-12-15,1.0
1345,23935,2015-12-15,1.0
38744,38744,2015-12-15,1.0
12310,5690,2015-12-15,1.0
75353,75353,2015-12-15,1.0
37822,37822,2015-12-15,1.0
1650,1650,2015-12-15,1.0
62560,57021,2015-12-15,1.0
3272,16537,2015-12-15,1.0
16537,16537,2015-12-15,1.0
1492,1492,2015-12-15,1.0
84098,41644,2015-12-15,1.0
2554,37822,2015-12-15,1.0
1573,353,2015-12-15,1.0
14094,353,2015-12-15,1.0
353,353,2015-12-15,1.0
21684,11142,2015-12-15,1.0
9025,8784,2015-12-15,1.0
44293,3324,2015-12-15,1.0
44293,74156,2015-12-15,1.0
2383,35706,2015-12-15,1.0
3324,3324,2015-12-15,1.0
41644,41644,2015-12-15,1.0
7310,4312,2015-12-15,1.0
12310,8103,2015-12-15,1.0
14454,14454,2015-12-15,1.0
2954,47932,2015-12-15,1.0
3948,5690,2015-12-15,1.0
11142,5690,2015-12-15,1.0
57021,57021,2015-12-15,1.0
83880,1492,2015-12-15,1.0
9449,48866,2015-12-15,1.0
36707,23758,2015-12-15,1.0
3901,70808,2015-12-15,1.0
25028,23980,2015-12-15,1.0
2503,82193,2015-12-15,1.0
1291,360,2015-12-15,1.0
37103,10035,2015-12-15,1.0
360,360,2015-12-15,1.0
21684,10330,2015-12-15,1.0
21684,28128,2015-12-15,1.0
23950,5495,2015-12-15,1.0
11142,11142,2015-12-15,1.0
43054,82193,2015-12-15,1.0
7644,78865,2015-12-15,1.0
14094,37822,2015-12-15,1.0
12705,12705,2015-12-15,1.0
20597,20597,2015-12-15,1.0
2415,8133,2015-12-15,1.0
12705,20597,2015-12-15,1.0
37822,14094,2015-12-15,1.0
36016,1946,2015-12-15,1.0
36779,47932,2015-12-15,1.0
3901,83492,2015-12-15,1.0
7460,84144,2015-12-15,1.0
31310,12481,2015-12-15,1.0
12481,12481,2015-12-15,1.0
43122,84152,2015-12-15,1.0
70751,2481,2015-12-15,1.0
12898,84149,2015-12-15,1.0
11142,81111,2015-12-15,1.0
1946,1946,2015-12-15,1.0
84152,70808,2015-12-15,1.0
12898,84154,2015-12-15,1.0
84154,84154,2015-12-15,1.0
81607,81111,2015-12-15,1.0
84131,84128,2015-12-15,1.0
1463,65937,2015-12-15,1.0
2233,38744,2015-12-15,1.0
84114,8430,2015-12-15,1.0
4362,84154,2015-12-15,1.0
23291,38889,2015-12-15,1.0
65937,65937,2015-12-15,1.0
31310,31310,2015-12-15,1.0
84152,84152,2015-12-15,1.0
23291,14835,2015-12-15,1.0
78,78,2015-12-15,1.0
11142,84128,2015-12-15,1.0
11142,1345,2015-12-15,1.0
82193,82193,2015-12-15,1.0
58057,70751,2015-12-15,1.0
25510,25510,2015-12-15,1.0
12905,25510,2015-12-15,1.0
14835,14835,2015-12-15,1.0
391,48866,2015-12-15,1.0
11926,2363,2015-12-15,1.0
74213,3324,2015-12-15,1.0
12905,23758,2015-12-15,1.0
5495,5495,2015-12-15,1.0
7092,38744,2015-12-15,1.0
23291,23980,2015-12-15,1.0
26039,12898,2015-12-15,1.0
26039,26039,2015-12-15,1.0
1898,17073,2015-12-15,1.0
70751,70751,2015-12-15,1.0
2689,2689,2015-12-15,1.0
47932,47932,2015-12-15,1.0
11260,17073,2015-12-15,1.0
2415,2689,2015-12-15,1.0
20598,20598,2015-12-15,1.0
69850,75353,2015-12-15,1.0
25590,12395,2015-12-16,1.0
49151,58609,2015-12-16,1.0
22989,82229,2015-12-16,1.0
83457,63913,2015-12-16,1.0
39552,40723,2015-12-16,1.0
66777,12395,2015-12-16,1.0
51668,83880,2015-12-16,1.0
37555,17773,2015-12-16,1.0
11142,14515,2015-12-16,1.0
7294,56727,2015-12-16,1.0
13972,14515,2015-12-16,1.0
4312,8628,2015-12-16,1.0
7460,29730,2015-12-16,1.0
36950,5094,2015-12-16,1.0
440,76839,2015-12-16,1.0
10458,3635,2015-12-16,1.0
13650,84182,2015-12-16,1.0
40950,74305,2015-12-16,1.0
36950,78773,2015-12-16,1.0
84179,58688,2015-12-16,1.0
36950,5690,2015-12-16,1.0
48839,37103,2015-12-16,1.0
2503,82193,2015-12-16,1.0
8430,17073,2015-12-16,1.0
84169,23016,2015-12-16,1.0
11142,84152,2015-12-16,1.0
1148,84175,2015-12-16,1.0
83633,74305,2015-12-16,1.0
12518,83947,2015-12-16,1.0
15192,61506,2015-12-16,1.0
15129,83971,2015-12-16,1.0
5963,76839,2015-12-16,1.0
766,14508,2015-12-16,1.0
38744,38744,2015-12-16,1.0
5094,36950,2015-12-16,1.0
58609,58609,2015-12-16,1.0
84182,13650,2015-12-16,1.0
37103,37103,2015-12-16,1.0
20597,37103,2015-12-16,1.0
48839,84182,2015-12-16,1.0
84149,20302,2015-12-16,1.0
5712,14508,2015-12-16,1.0
1056,1784,2015-12-16,1.0
1465,78773,2015-12-16,1.0
26039,20302,2015-12-16,1.0
6121,6121,2015-12-16,1.0
70808,76839,2015-12-16,1.0
36950,36950,2015-12-16,1.0
5690,36950,2015-12-16,1.0
55893,84179,2015-12-16,1.0
1306,58688,2015-12-16,1.0
8430,76839,2015-12-16,1.0
74156,74156,2015-12-16,1.0
31310,12481,2015-12-16,1.0
5229,4953,2015-12-16,1.0
12481,8628,2015-12-16,1.0
12481,40723,2015-12-16,1.0
40723,40723,2015-12-16,1.0
20302,20302,2015-12-16,1.0
67066,67066,2015-12-16,1.0
81111,81111,2015-12-16,1.0
70751,6121,2015-12-16,1.0
31310,36212,2015-12-16,1.0
12905,47795,2015-12-16,1.0
1306,4649,2015-12-16,1.0
12858,84164,2015-12-16,1.0
70808,70808,2015-12-16,1.0
82649,15247,2015-12-16,1.0
4767,67066,2015-12-16,1.0
6101,297,2015-12-16,1.0
12905,23758,2015-12-16,1.0
81332,3635,2015-12-16,1.0
5516,84164,2015-12-16,1.0
2290,40723,2015-12-16,1.0
4832,84176,2015-12-16,1.0
20597,20597,2015-12-16,1.0
21684,353,2015-12-16,1.0
75353,75353,2015-12-16,1.0
29887,17073,2015-12-16,1.0
81335,6094,2015-12-16,1.0
5516,58609,2015-12-16,1.0
17073,17073,2015-12-16,1.0
35529,61515,2015-12-16,1.0
35593,17073,2015-12-16,1.0
10330,28128,2015-12-16,1.0
81335,4312,2015-12-16,1.0
35529,70808,2015-12-16,1.0
28128,28128,2015-12-16,1.0
21684,28128,2015-12-16,1.0
84144,84144,2015-12-16,1.0
7092,38744,2015-12-16,1.0
4961,81111,2015-12-16,1.0
402,7952,2015-12-16,1.0
41291,14257,2015-12-16,1.0
11142,48839,2015-12-16,1.0
2481,6121,2015-12-16,1.0
56727,56727,2015-12-16,1.0
48839,56727,2015-12-16,1.0
1898,65756,2015-12-16,1.0
24309,37103,2015-12-16,1.0
69850,65756,2015-12-16,1.0
8430,8430,2015-12-16,1.0
19276,75217,2015-12-16,1.0
17073,8430,2015-12-16,1.0
13268,21123,2015-12-16,1.0
14450,37555,2015-12-16,1.0
35840,37555,2015-12-16,1.0
73972,27069,2015-12-16,1.0
7294,84206,2015-12-16,1.0
27069,27069,2015-12-16,1.0
766,8846,2015-12-16,1.0
4758,3,2015-12-16,1.0
2181,290,2015-12-16,1.0
56727,7294,2015-12-16,1.0
37555,37555,2015-12-16,1.0
4649,4649,2015-12-16,1.0
13265,7460,2015-12-16,1.0
29730,7460,2015-12-16,1.0
4231,67066,2015-12-16,1.0
81533,290,2015-12-16,1.0
83835,83835,2015-12-16,1.0
81533,1946,2015-12-16,1.0
58609,49151,2015-12-16,1.0
13268,14515,2015-12-16,1.0
7460,7460,2015-12-16,1.0
66,84175,2015-12-16,1.0
13265,84159,2015-12-16,1.0
5091,44797,2015-12-17,1.0
297,84128,2015-12-17,1.0
82672,84225,2015-12-17,1.0
40950,80013,2015-12-17,1.0
21684,14835,2015-12-17,1.0
2415,83272,2015-12-17,1.0
70808,55893,2015-12-17,1.0
21574,80527,2015-12-17,1.0
2627,84128,2015-12-17,1.0
8133,84230,2015-12-17,1.0
84179,39954,2015-12-17,1.0
4149,39954,2015-12-17,1.0
1573,10330,2015-12-17,1.0
43076,39954,2015-12-17,1.0
11919,40723,2015-12-17,1.0
31310,31310,2015-12-17,1.0
2954,84176,2015-12-17,1.0
43076,84191,2015-12-17,1.0
290,55893,2015-12-17,1.0
73972,27069,2015-12-17,1.0
766,28128,2015-12-17,1.0
2415,8628,2015-12-17,1.0
454,15129,2015-12-17,1.0
76479,74156,2015-12-17,1.0
31469,44797,2015-12-17,1.0
394,55893,2015-12-17,1.0
56727,7294,2015-12-17,1.0
24094,24094,2015-12-17,1.0
10076,84216,2015-12-17,1.0
11540,41970,2015-12-17,1.0
2954,42511,2015-12-17,1.0
54552,54552,2015-12-17,1.0
84210,84210,2015-12-17,1.0
12898,84210,2015-12-17,1.0
37103,54552,2015-12-17,1.0
47795,12905,2015-12-17,1.0
73972,42571,2015-12-17,1.0
84240,84230,2015-12-17,1.0
42571,42571,2015-12-17,1.0
121,1946,2015-12-17,1.0
37555,37555,2015-12-17,1.0
11945,75217,2015-12-17,1.0
7294,7294,2015-12-17,1.0
1149,450,2015-12-17,1.0
84210,23476,2015-12-17,1.0
20302,1049,2015-12-17,1.0
33064,1049,2015-12-17,1.0
36950,35216,2015-12-17,1.0
66777,83625,2015-12-17,1.0
20796,83366,2015-12-17,1.0
84249,64028,2015-12-17,1.0
84245,37555,2015-12-17,1.0
1703,84225,2015-12-17,1.0
8103,36688,2015-12-17,1.0
70808,36688,2015-12-17,1.0
39421,64556,2015-12-17,1.0
84240,28128,2015-12-17,1.0
1261,10007,2015-12-17,1.0
73972,49151,2015-12-17,1.0
21051,84243,2015-12-17,1.0
10330,1573,2015-12-17,1.0
81093,81093,2015-12-17,1.0
36016,1946,2015-12-17,1.0
36016,6794,2015-12-17,1.0
14835,21684,2015-12-17,1.0
57842,5091,2015-12-17,1.0
14835,43138,2015-12-17,1.0
4312,70508,2015-12-17,1.0
67066,67066,2015-12-17,1.0
42511,42511,2015-12-17,1.0
8430,81093,2015-12-17,1.0
84230,8133,2015-12-17,1.0
2415,15570,2015-12-17,1.0
38624,5091,2015-12-17,1.0
3803,5091,2015-12-17,1.0
25590,25590,2015-12-17,1.0
21564,25590,2015-12-17,1.0
1056,84220,2015-12-17,1.0
36016,83025,2015-12-17,1.0
75935,13650,2015-12-17,1.0
36016,6579,2015-12-17,1.0
6085,1532,2015-12-17,1.0
10366,42571,2015-12-17,1.0
84225,1703,2015-12-17,1.0
41970,41970,2015-12-17,1.0
4362,75496,2015-12-17,1.0
84243,84243,2015-12-17,1.0
64556,39421,2015-12-17,1.0
4312,84243,2015-12-17,1.0
14835,42511,2015-12-17,1.0
39421,39421,2015-12-17,1.0
3075,41970,2015-12-17,1.0
7294,84206,2015-12-17,1.0
7460,7460,2015-12-17,1.0
42511,2954,2015-12-17,1.0
29730,7460,2015-12-17,1.0
36016,48301,2015-12-17,1.0
8252,54309,2015-12-17,1.0
31603,2530,2015-12-17,1.0
15629,80013,2015-12-17,1.0
21574,21574,2015-12-17,1.0
613,80527,2015-12-17,1.0
4721,1946,2015-12-17,1.0
4721,80527,2015-12-17,1.0
17773,37555,2015-12-17,1.0
70847,70847,2015-12-17,1.0
3948,70847,2015-12-17,1.0
83948,9924,2015-12-17,1.0
1898,76501,2015-12-17,1.0
51663,41644,2015-12-17,1.0
84206,84206,2015-12-17,1.0
70808,70847,2015-12-17,1.0
83561,66,2015-12-17,1.0
1106,80527,2015-12-17,1.0
2502,8628,2015-12-17,1.0
44797,5091,2015-12-17,1.0
21265,21574,2015-12-17,1.0
15629,84128,2015-12-17,1.0
33672,84137,2015-12-17,1.0
1946,1946,2015-12-17,1.0
2273,1946,2015-12-17,1.0
80527,80527,2015-12-17,1.0
21265,80527,2015-12-17,1.0
70808,74305,2015-12-17,1.0
37555,84245,2015-12-17,1.0
83897,126,2015-12-17,1.0
4362,42571,2015-12-17,1.0
1573,1573,2015-12-17,1.0
75496,75496,2015-12-17,1.0
83947,12518,2015-12-17,1.0
2627,54552,2015-12-17,1.0
10265,15129,2015-12-17,1.0
290,290,2015-12-17,1.0
23240,42571,2015-12-17,1.0
83897,45,2015-12-17,1.0
45005,45005,2015-12-18,1.0
36103,8133,2015-12-18,1.0
28128,36103,2015-12-18,1.0
70808,83013,2015-12-18,1.0
1056,84264,2015-12-18,1.0
84264,84264,2015-12-18,1.0
41291,14257,2015-12-18,1.0
25490,25490,2015-12-18,1.0
14257,14257,2015-12-18,1.0
38204,25490,2015-12-18,1.0
1898,48662,2015-12-18,1.0
46987,11926,2015-12-18,1.0
2926,84230,2015-12-18,1.0
11926,11926,2015-12-18,1.0
83013,83013,2015-12-18,1.0
6094,83013,2015-12-18,1.0
35593,83013,2015-12-18,1.0
18263,61515,2015-12-18,1.0
14454,84274,2015-12-18,1.0
1946,1946,2015-12-18,1.0
6094,6094,2015-12-18,1.0
12301,6094,2015-12-18,1.0
1261,10007,2015-12-18,1.0
48839,54552,2015-12-18,1.0
6494,75496,2015-12-18,1.0
2627,54552,2015-12-18,1.0
2954,3106,2015-12-18,1.0
20186,75496,2015-12-18,1.0
43122,14454,2015-12-18,1.0
84243,84243,2015-12-18,1.0
28128,84240,2015-12-18,1.0
42571,290,2015-12-18,1.0
45005,1946,2015-12-18,1.0
37555,37555,2015-12-18,1.0
14094,36367,2015-12-18,1.0
763,84210,2015-12-18,1.0
84230,36103,2015-12-18,1.0
42571,10366,2015-12-18,1.0
11054,52796,2015-12-18,1.0
1946,45005,2015-12-18,1.0
14830,51757,2015-12-18,1.0
76501,76501,2015-12-18,1.0
290,290,2015-12-18,1.0
73972,290,2015-12-18,1.0
8955,78657,2015-12-18,1.0
20302,18261,2015-12-18,1.0
4312,33757,2015-12-18,1.0
3106,3106,2015-12-18,1.0
17773,37555,2015-12-18,1.0
83598,9269,2015-12-18,1.0
450,11765,2015-12-18,1.0
14454,14454,2015-12-18,1.0
13650,13650,2015-12-18,1.0
36103,36103,2015-12-18,1.0
1946,28128,2015-12-18,1.0
11054,51757,2015-12-18,1.0
2807,33757,2015-12-18,1.0
75422,84259,2015-12-18,1.0
49,43138,2015-12-18,1.0
5239,84290,2015-12-18,1.0
52796,2954,2015-12-18,1.0
84292,84292,2015-12-18,1.0
84004,84004,2015-12-18,1.0
1898,84292,2015-12-18,1.0
24483,3847,2015-12-18,1.0
35840,49668,2015-12-18,1.0
33141,61515,2015-12-18,1.0
5690,13767,2015-12-18,1.0
2290,34538,2015-12-18,1.0
14515,11142,2015-12-18,1.0
83633,84290,2015-12-18,1.0
41970,41970,2015-12-18,1.0
27013,13767,2015-12-18,1.0
59092,11100,2015-12-18,1.0
31469,38624,2015-12-18,1.0
5690,84240,2015-12-18,1.0
78657,78657,2015-12-18,1.0
5690,84287,2015-12-18,1.0
18756,84175,2015-12-18,1.0
39310,11260,2015-12-18,1.0
297,75786,2015-12-18,1.0
35570,41970,2015-12-18,1.0
10366,42571,2015-12-18,1.0
55893,80891,2015-12-18,1.0
12905,12905,2015-12-18,1.0
29783,12905,2015-12-18,1.0
9072,75786,2015-12-18,1.0
7206,1532,2015-12-18,1.0
49208,75786,2015-12-18,1.0
3948,75786,2015-12-18,1.0
14094,82568,2015-12-18,1.0
8103,82566,2015-12-18,1.0
81169,75382,2015-12-18,1.0
58682,1946,2015-12-18,1.0
1946,84240,2015-12-18,1.0
11260,11260,2015-12-18,1.0
84292,1898,2015-12-18,1.0
9924,84282,2015-12-18,1.0
75382,75382,2015-12-18,1.0
28128,28128,2015-12-18,1.0
13265,40038,2015-12-18,1.0
81856,42511,2015-12-18,1.0
13767,5690,2015-12-18,1.0
20186,6094,2015-12-18,1.0
22989,84175,2015-12-18,1.0
5101,69558,2015-12-18,1.0
4312,4948,2015-12-18,1.0
17581,4948,2015-12-18,1.0
6646,41734,2015-12-18,1.0
2954,52796,2015-12-18,1.0
48839,51757,2015-12-18,1.0
2807,35158,2015-12-18,1.0
84274,14454,2015-12-18,1.0
11142,18261,2015-12-18,1.0
10076,61541,2015-12-18,1.0
38624,31469,2015-12-18,1.0
33757,2384,2015-12-18,1.0
11926,46987,2015-12-18,1.0
36103,84230,2015-12-18,1.0
36103,28128,2015-12-18,1.0
1056,82338,2015-12-18,1.0
290,42571,2015-12-18,1.0
25309,38468,2015-12-18,1.0
81111,81111,2015-12-18,1.0
1946,58682,2015-12-18,1.0
11260,39310,2015-12-18,1.0
84208,34544,2015-12-18,1.0
8628,8628,2015-12-18,1.0
7460,7460,2015-12-18,1.0
29730,7460,2015-12-18,1.0
7591,84210,2015-12-18,1.0
450,10091,2015-12-18,1.0
21051,84243,2015-12-18,1.0
1898,76501,2015-12-18,1.0
1532,1532,2015-12-18,1.0
52796,52796,2015-12-18,1.0
82338,1056,2015-12-18,1.0
74138,57699,2015-12-18,1.0
80891,64623,2015-12-18,1.0
74138,83151,2015-12-18,1.0
37202,52796,2015-12-18,1.0
11765,11765,2015-12-18,1.0
70808,83838,2015-12-18,1.0
41291,290,2015-12-19,1.0
290,290,2015-12-19,1.0
2233,10035,2015-12-19,1.0
10035,10035,2015-12-19,1.0
12481,10035,2015-12-19,1.0
70808,83838,2015-12-19,1.0
83838,70808,2015-12-19,1.0
2926,84311,2015-12-19,1.0
437,5690,2015-12-19,1.0
30186,30186,2015-12-19,1.0
6094,6094,2015-12-19,1.0
3075,41970,2015-12-19,1.0
3075,11540,2015-12-19,1.0
10365,16510,2015-12-19,1.0
3684,1532,2015-12-19,1.0
3684,84290,2015-12-19,1.0
32660,50560,2015-12-19,1.0
16510,16510,2015-12-19,1.0
24076,24076,2015-12-19,1.0
12905,84296,2015-12-19,1.0
83134,81856,2015-12-19,1.0
70355,24076,2015-12-19,1.0
41970,41970,2015-12-19,1.0
10035,1492,2015-12-19,1.0
16537,16537,2015-12-19,1.0
20302,83215,2015-12-19,1.0
9072,1532,2015-12-19,1.0
1532,1532,2015-12-19,1.0
84296,84296,2015-12-19,1.0
2191,18060,2015-12-19,1.0
57021,57021,2015-12-19,1.0
18060,18060,2015-12-19,1.0
2290,13265,2015-12-19,1.0
1345,80358,2015-12-19,1.0
2191,80173,2015-12-19,1.0
10503,39310,2015-12-19,1.0
83838,83838,2015-12-19,1.0
2234,2234,2015-12-19,1.0
81856,81856,2015-12-19,1.0
73972,5690,2015-12-19,1.0
40038,13265,2015-12-19,1.0
13265,13265,2015-12-19,1.0
1492,1492,2015-12-19,1.0
1048,5690,2015-12-19,1.0
83215,20302,2015-12-19,1.0
1176,84311,2015-12-19,1.0
83215,83215,2015-12-19,1.0
13265,2234,2015-12-19,1.0
14830,6094,2015-12-19,1.0
10076,82672,2015-12-19,1.0
7206,30186,2015-12-19,1.0
11100,11100,2015-12-19,1.0
49208,49208,2015-12-19,1.0
13265,84277,2015-12-19,1.0
51757,51757,2015-12-19,1.0
48839,84182,2015-12-19,1.0
84295,84295,2015-12-19,1.0
70808,14454,2015-12-19,1.0
3948,75786,2015-12-19,1.0
84282,84282,2015-12-19,1.0
1056,1056,2015-12-19,1.0
763,84289,2015-12-19,1.0
1688,84295,2015-12-19,1.0
70808,49208,2015-12-19,1.0
1573,1573,2015-12-19,1.0
39495,6094,2015-12-19,1.0
10330,1573,2015-12-19,1.0
5239,84290,2015-12-19,1.0
70808,80891,2015-12-19,1.0
80891,80891,2015-12-19,1.0
25510,14494,2015-12-19,1.0
6101,70355,2015-12-19,1.0
70355,70355,2015-12-19,1.0
6094,9062,2015-12-19,1.0
48839,2386,2015-12-19,1.0
76299,78650,2015-12-19,1.0
73972,84277,2015-12-19,1.0
38624,16510,2015-12-19,1.0
40297,24483,2015-12-19,1.0
70808,83645,2015-12-19,1.0
4177,5690,2015-12-19,1.0
5690,5690,2015-12-19,1.0
20787,83838,2015-12-19,1.0
1463,83838,2015-12-19,1.0
70808,70808,2015-12-19,1.0
43076,84295,2015-12-19,1.0
43122,14454,2015-12-19,1.0
36688,70808,2015-12-19,1.0
6094,70355,2015-12-19,1.0
43076,4312,2015-12-19,1.0
70355,4312,2015-12-19,1.0
2926,75353,2015-12-19,1.0
4312,70355,2015-12-19,1.0
59092,11100,2015-12-19,1.0
16537,32898,2015-12-19,1.0
84296,12905,2015-12-19,1.0
83645,28104,2015-12-19,1.0
83645,38889,2015-12-19,1.0
84065,70355,2015-12-19,1.0
20781,83151,2015-12-19,1.0
39310,39310,2015-12-19,1.0
1492,10035,2015-12-19,1.0
2233,955,2015-12-19,1.0
3684,955,2015-12-19,1.0
1446,25080,2015-12-19,1.0
27933,82568,2015-12-19,1.0
24076,70355,2015-12-19,1.0
25510,13358,2015-12-19,1.0
290,5690,2015-12-19,1.0
84311,28128,2015-12-19,1.0
84182,64556,2015-12-19,1.0
16510,10365,2015-12-19,1.0
13650,84259,2015-12-19,1.0
24483,2837,2015-12-19,1.0
83645,25080,2015-12-19,1.0
84306,34461,2015-12-19,1.0
74138,38023,2015-12-19,1.0
70508,70508,2015-12-19,1.0
74138,11576,2015-12-19,1.0
10076,84295,2015-12-19,1.0
2039,64623,2015-12-19,1.0
290,290,2015-12-20,1.0
78650,2841,2015-12-20,1.0
36688,6101,2015-12-20,1.0
11926,4312,2015-12-20,1.0
9072,1532,2015-12-20,1.0
4312,2233,2015-12-20,1.0
3106,3106,2015-12-20,1.0
2233,2233,2015-12-20,1.0
1532,1532,2015-12-20,1.0
2807,7709,2015-12-20,1.0
28104,83645,2015-12-20,1.0
9072,84337,2015-12-20,1.0
11054,4312,2015-12-20,1.0
4177,69037,2015-12-20,1.0
43076,81776,2015-12-20,1.0
5690,5690,2015-12-20,1.0
74138,7352,2015-12-20,1.0
18261,18261,2015-12-20,1.0
69037,69037,2015-12-20,1.0
10035,1492,2015-12-20,1.0
5034,83645,2015-12-20,1.0
8430,71105,2015-12-20,1.0
41291,7709,2015-12-20,1.0
1946,8991,2015-12-20,1.0
5516,84340,2015-12-20,1.0
69850,75353,2015-12-20,1.0
8991,8991,2015-12-20,1.0
71105,71105,2015-12-20,1.0
3684,4312,2015-12-20,1.0
84296,84296,2015-12-20,1.0
6094,84065,2015-12-20,1.0
6950,5498,2015-12-20,1.0
8430,13972,2015-12-20,1.0
6818,46495,2015-12-20,1.0
8430,8430,2015-12-20,1.0
13625,13625,2015-12-20,1.0
10898,13625,2015-12-20,1.0
31310,8430,2015-12-20,1.0
3502,69037,2015-12-20,1.0
18060,18060,2015-12-20,1.0
12905,84296,2015-12-20,1.0
9317,69037,2015-12-20,1.0
13265,2234,2015-12-20,1.0
28128,1946,2015-12-20,1.0
31233,69037,2015-12-20,1.0
37103,69037,2015-12-20,1.0
4312,80013,2015-12-20,1.0
37103,24965,2015-12-20,1.0
83581,28128,2015-12-20,1.0
83581,83581,2015-12-20,1.0
5498,5498,2015-12-20,1.0
70808,83645,2015-12-20,1.0
70808,83581,2015-12-20,1.0
74138,3983,2015-12-20,1.0
41619,84004,2015-12-20,1.0
1492,1492,2015-12-20,1.0
28128,83581,2015-12-20,1.0
41291,16183,2015-12-20,1.0
73972,84340,2015-12-20,1.0
12481,12481,2015-12-20,1.0
21265,84340,2015-12-20,1.0
25028,7709,2015-12-20,1.0
29887,13650,2015-12-20,1.0
2622,29887,2015-12-20,1.0
29887,29887,2015-12-20,1.0
81332,11926,2015-12-20,1.0
4312,4312,2015-12-20,1.0
519,84277,2015-12-20,1.0
519,14181,2015-12-20,1.0
402,84337,2015-12-20,1.0
10035,12481,2015-12-20,1.0
4948,4312,2015-12-20,1.0
84347,12481,2015-12-20,1.0
1898,29887,2015-12-20,1.0
2841,2841,2015-12-20,1.0
2733,85,2015-12-20,1.0
2926,84337,2015-12-20,1.0
30516,84342,2015-12-20,1.0
14181,14181,2015-12-20,1.0
10035,51668,2015-12-20,1.0
51668,51668,2015-12-20,1.0
70808,84351,2015-12-20,1.0
13991,9124,2015-12-20,1.0
37103,46495,2015-12-20,1.0
84342,84342,2015-12-20,1.0
11926,11926,2015-12-20,1.0
83581,84351,2015-12-20,1.0
83598,57888,2015-12-20,1.0
46495,46495,2015-12-20,1.0
70808,82568,2015-12-20,1.0
84351,84351,2015-12-20,1.0
81856,42511,2015-12-20,1.0
20302,18261,2015-12-20,1.0
3041,29887,2015-12-20,1.0
70808,84340,2015-12-20,1.0
3041,7422,2015-12-20,1.0
8430,58096,2015-12-20,1.0
51668,31310,2015-12-20,1.0
2622,60504,2015-12-20,1.0
8430,31310,2015-12-20,1.0
84354,26798,2015-12-20,1.0
1946,1946,2015-12-20,1.0
23980,7709,2015-12-20,1.0
84351,4672,2015-12-20,1.0
70808,75353,2015-12-20,1.0
84349,7422,2015-12-20,1.0
13972,29887,2015-12-20,1.0
12481,10035,2015-12-20,1.0
13650,29887,2015-12-20,1.0
1131,78539,2015-12-20,1.0
84351,83581,2015-12-20,1.0
51668,10035,2015-12-20,1.0
31807,58682,2015-12-20,1.0
80891,66851,2015-12-20,1.0
8991,28128,2015-12-20,1.0
454,15129,2015-12-20,1.0
6101,36688,2015-12-20,1.0
11926,24965,2015-12-20,1.0
18060,24965,2015-12-20,1.0
81311,81776,2015-12-20,1.0
5498,24965,2015-12-20,1.0
43266,20302,2015-12-21,1.0
2051,1176,2015-12-21,1.0
20302,20302,2015-12-21,1.0
20302,8050,2015-12-21,1.0
22758,74799,2015-12-21,1.0
2415,2689,2015-12-21,1.0
1176,1176,2015-12-21,1.0
20302,74799,2015-12-21,1.0
2051,28128,2015-12-21,1.0
39310,39310,2015-12-21,1.0
46495,46495,2015-12-21,1.0
18756,84175,2015-12-21,1.0
84175,84175,2015-12-21,1.0
74138,3402,2015-12-21,1.0
14094,82568,2015-12-21,1.0
4177,84385,2015-12-21,1.0
82672,82672,2015-12-21,1.0
46573,46573,2015-12-21,1.0
1176,84311,2015-12-21,1.0
84277,84277,2015-12-21,1.0
80358,80358,2015-12-21,1.0
14094,7666,2015-12-21,1.0
74799,74799,2015-12-21,1.0
70355,28128,2015-12-21,1.0
14450,14450,2015-12-21,1.0
9924,14450,2015-12-21,1.0
20302,84393,2015-12-21,1.0
50846,70751,2015-12-21,1.0
6101,84371,2015-12-21,1.0
78539,1131,2015-12-21,1.0
12905,56617,2015-12-21,1.0
519,84277,2015-12-21,1.0
84371,84371,2015-12-21,1.0
28128,1176,2015-12-21,1.0
11142,11142,2015-12-21,1.0
84389,1266,2015-12-21,1.0
74138,11009,2015-12-21,1.0
15235,15235,2015-12-21,1.0
40023,11142,2015-12-21,1.0
83633,84290,2015-12-21,1.0
24226,24226,2015-12-21,1.0
5575,46573,2015-12-21,1.0
4312,46573,2015-12-21,1.0
29783,29783,2015-12-21,1.0
20186,31310,2015-12-21,1.0
20186,75496,2015-12-21,1.0
3041,29887,2015-12-21,1.0
29887,29887,2015-12-21,1.0
51668,31310,2015-12-21,1.0
4362,75496,2015-12-21,1.0
14094,83645,2015-12-21,1.0
39521,78300,2015-12-21,1.0
38624,39521,2015-12-21,1.0
70808,83073,2015-12-21,1.0
14094,83073,2015-12-21,1.0
21574,60504,2015-12-21,1.0
2642,71105,2015-12-21,1.0
31310,29783,2015-12-21,1.0
37432,24226,2015-12-21,1.0
75496,75496,2015-12-21,1.0
70019,1826,2015-12-21,1.0
81776,81311,2015-12-21,1.0
20186,29783,2015-12-21,1.0
8430,58096,2015-12-21,1.0
405,81488,2015-12-21,1.0
81488,81488,2015-12-21,1.0
81528,81488,2015-12-21,1.0
4312,58096,2015-12-21,1.0
31310,31310,2015-12-21,1.0
4721,60504,2015-12-21,1.0
13972,13650,2015-12-21,1.0
81332,11926,2015-12-21,1.0
37103,46495,2015-12-21,1.0
74138,12898,2015-12-21,1.0
78300,78300,2015-12-21,1.0
74138,8799,2015-12-21,1.0
11115,83269,2015-12-21,1.0
37103,84371,2015-12-21,1.0
14390,12064,2015-12-21,1.0
84365,84365,2015-12-21,1.0
8385,84365,2015-12-21,1.0
83013,6094,2015-12-21,1.0
43266,43266,2015-12-21,1.0
43266,84365,2015-12-21,1.0
84287,84287,2015-12-21,1.0
4312,84365,2015-12-21,1.0
82568,82568,2015-12-21,1.0
1131,1131,2015-12-21,1.0
24483,24483,2015-12-21,1.0
5516,15235,2015-12-21,1.0
394,78300,2015-12-21,1.0
4362,4362,2015-12-21,1.0
84351,84351,2015-12-21,1.0
21349,78300,2015-12-21,1.0
71105,71105,2015-12-21,1.0
2954,3106,2015-12-21,1.0
763,75496,2015-12-21,1.0
763,4362,2015-12-21,1.0
2622,84371,2015-12-21,1.0
25510,84371,2015-12-21,1.0
40297,15235,2015-12-21,1.0
6032,60504,2015-12-21,1.0
83645,38889,2015-12-21,1.0
297,75786,2015-12-21,1.0
1176,28128,2015-12-21,1.0
84385,4177,2015-12-21,1.0
11260,51137,2015-12-21,1.0
1266,84389,2015-12-21,1.0
83645,17115,2015-12-21,1.0
74138,30691,2015-12-21,1.0
14450,5034,2015-12-21,1.0
35520,12064,2015-12-21,1.0
83645,31883,2015-12-21,1.0
39521,13625,2015-12-21,1.0
22277,37059,2015-12-21,1.0
81488,81528,2015-12-21,1.0
82006,37266,2015-12-21,1.0
83645,17864,2015-12-21,1.0
29783,31310,2015-12-21,1.0
9025,10035,2015-12-21,1.0
391,7709,2015-12-21,1.0
6771,7709,2015-12-21,1.0
11142,40023,2015-12-21,1.0
2233,13625,2015-12-21,1.0
21907,84289,2015-12-21,1.0
46495,46495,2015-12-22,1.0
7666,7666,2015-12-22,1.0
78539,1131,2015-12-22,1.0
14094,7666,2015-12-22,1.0
37059,37059,2015-12-22,1.0
13265,37059,2015-12-22,1.0
75685,1946,2015-12-22,1.0
83314,81488,2015-12-22,1.0
83314,81528,2015-12-22,1.0
1176,1176,2015-12-22,1.0
6121,70751,2015-12-22,1.0
70355,70355,2015-12-22,1.0
1946,1946,2015-12-22,1.0
1131,1131,2015-12-22,1.0
28128,1176,2015-12-22,1.0
7709,6771,2015-12-22,1.0
74138,11009,2015-12-22,1.0
1131,84403,2015-12-22,1.0
36672,15235,2015-12-22,1.0
10696,76748,2015-12-22,1.0
56620,39142,2015-12-22,1.0
6101,6101,2015-12-22,1.0
21337,32344,2015-12-22,1.0
12858,14443,2015-12-22,1.0
84393,84393,2015-12-22,1.0
8385,43266,2015-12-22,1.0
8385,84365,2015-12-22,1.0
7666,76748,2015-12-22,1.0
13650,6101,2015-12-22,1.0
5034,5034,2015-12-22,1.0
74138,84403,2015-12-22,1.0
35840,3011,2015-12-22,1.0
2954,70355,2015-12-22,1.0
36721,36721,2015-12-22,1.0
39142,39142,2015-12-22,1.0
3011,3011,2015-12-22,1.0
7076,39142,2015-12-22,1.0
1149,7460,2015-12-22,1.0
4312,84365,2015-12-22,1.0
14094,56503,2015-12-22,1.0
5484,4698,2015-12-22,1.0
82067,70355,2015-12-22,1.0
69037,69037,2015-12-22,1.0
76748,76748,2015-12-22,1.0
12858,84430,2015-12-22,1.0
74799,36721,2015-12-22,1.0
13265,2039,2015-12-22,1.0
13265,84431,2015-12-22,1.0
18263,82627,2015-12-22,1.0
76600,454,2015-12-22,1.0
47795,84430,2015-12-22,1.0
21574,16183,2015-12-22,1.0
17581,37103,2015-12-22,1.0
297,1131,2015-12-22,1.0
10450,10450,2015-12-22,1.0
16183,16183,2015-12-22,1.0
17581,70355,2015-12-22,1.0
2954,2954,2015-12-22,1.0
8103,6872,2015-12-22,1.0
3684,84431,2015-12-22,1.0
84431,84431,2015-12-22,1.0
13265,8008,2015-12-22,1.0
40835,40835,2015-12-22,1.0
10330,1573,2015-12-22,1.0
11546,45438,2015-12-22,1.0
1131,36721,2015-12-22,1.0
11546,82627,2015-12-22,1.0
2039,2039,2015-12-22,1.0
11009,454,2015-12-22,1.0
17581,84430,2015-12-22,1.0
33141,6872,2015-12-22,1.0
37103,37103,2015-12-22,1.0
4177,69037,2015-12-22,1.0
4144,16183,2015-12-22,1.0
40297,70211,2015-12-22,1.0
84413,84413,2015-12-22,1.0
1131,84114,2015-12-22,1.0
7687,2954,2015-12-22,1.0
20302,84114,2015-12-22,1.0
81311,81311,2015-12-22,1.0
13265,75970,2015-12-22,1.0
58096,4312,2015-12-22,1.0
11054,84393,2015-12-22,1.0
40723,5034,2015-12-22,1.0
39142,36688,2015-12-22,1.0
2386,2386,2015-12-22,1.0
48839,2386,2015-12-22,1.0
73972,37059,2015-12-22,1.0
36779,78539,2015-12-22,1.0
12064,35520,2015-12-22,1.0
6101,84403,2015-12-22,1.0
8103,40835,2015-12-22,1.0
11260,84413,2015-12-22,1.0
61949,18756,2015-12-22,1.0
76600,76600,2015-12-22,1.0
12898,6872,2015-12-22,1.0
3041,76600,2015-12-22,1.0
11009,11009,2015-12-22,1.0
5734,84114,2015-12-22,1.0
17581,17581,2015-12-22,1.0
35840,5034,2015-12-22,1.0
21564,16183,2015-12-22,1.0
14094,14450,2015-12-22,1.0
58096,1131,2015-12-22,1.0
18756,18756,2015-12-22,1.0
78539,78539,2015-12-22,1.0
14094,54780,2015-12-22,1.0
1131,84415,2015-12-22,1.0
84419,81135,2015-12-22,1.0
7721,5690,2015-12-22,1.0
290,84421,2015-12-22,1.0
17581,84401,2015-12-22,1.0
1149,84421,2015-12-22,1.0
6872,40835,2015-12-22,1.0
454,76600,2015-12-22,1.0
8008,70355,2015-12-22,1.0
7717,3106,2015-12-22,1.0
36721,84415,2015-12-22,1.0
51668,70355,2015-12-22,1.0
84433,83022,2015-12-22,1.0
8799,84431,2015-12-22,1.0
8008,84431,2015-12-22,1.0
75293,70355,2015-12-22,1.0
75,10668,2015-12-22,1.0
1131,58096,2015-12-22,1.0
1131,297,2015-12-22,1.0
8799,14319,2015-12-22,1.0
18756,61949,2015-12-22,1.0
70355,28128,2015-12-22,1.0
28128,28128,2015-12-22,1.0
6094,6094,2015-12-22,1.0
6101,84371,2015-12-22,1.0
20302,84393,2015-12-22,1.0
39142,56620,2015-12-22,1.0
1946,75685,2015-12-22,1.0
1532,11540,2015-12-22,1.0
31807,43354,2015-12-22,1.0
40297,37059,2015-12-22,1.0
11009,74138,2015-12-22,1.0
83645,12610,2015-12-22,1.0
36721,74799,2015-12-22,1.0
1149,82243,2015-12-22,1.0
74138,23542,2015-12-23,1.0
10035,1306,2015-12-23,1.0
37103,61028,2015-12-23,1.0
74138,5753,2015-12-23,1.0
37103,8628,2015-12-23,1.0
17773,17773,2015-12-23,1.0
2926,8628,2015-12-23,1.0
1306,1306,2015-12-23,1.0
14830,21349,2015-12-23,1.0
11054,74138,2015-12-23,1.0
56503,56503,2015-12-23,1.0
74138,74138,2015-12-23,1.0
4312,38448,2015-12-23,1.0
38448,38448,2015-12-23,1.0
2530,440,2015-12-23,1.0
84413,84413,2015-12-23,1.0
8430,84114,2015-12-23,1.0
6094,11142,2015-12-23,1.0
17773,11919,2015-12-23,1.0
8008,8008,2015-12-23,1.0
41593,40023,2015-12-23,1.0
52918,82627,2015-12-23,1.0
70808,84421,2015-12-23,1.0
54316,4519,2015-12-23,1.0
84431,84431,2015-12-23,1.0
36721,36721,2015-12-23,1.0
11009,454,2015-12-23,1.0
20302,84434,2015-12-23,1.0
75970,75970,2015-12-23,1.0
25028,84439,2015-12-23,1.0
2051,28128,2015-12-23,1.0
290,1149,2015-12-23,1.0
5442,8799,2015-12-23,1.0
37103,732,2015-12-23,1.0
732,732,2015-12-23,1.0
83645,31883,2015-12-23,1.0
2954,2954,2015-12-23,1.0
1573,1573,2015-12-23,1.0
1149,1149,2015-12-23,1.0
20787,21349,2015-12-23,1.0
6094,20186,2015-12-23,1.0
732,11260,2015-12-23,1.0
8628,8628,2015-12-23,1.0
84415,36721,2015-12-23,1.0
84371,6101,2015-12-23,1.0
11142,11142,2015-12-23,1.0
11926,21349,2015-12-23,1.0
11260,62272,2015-12-23,1.0
43687,43687,2015-12-23,1.0
70808,31310,2015-12-23,1.0
70808,43687,2015-12-23,1.0
20302,31310,2015-12-23,1.0
31310,31310,2015-12-23,1.0
84277,13503,2015-12-23,1.0
4312,11142,2015-12-23,1.0
5712,11142,2015-12-23,1.0
4721,31310,2015-12-23,1.0
8103,43687,2015-12-23,1.0
3959,84404,2015-12-23,1.0
14830,440,2015-12-23,1.0
7460,7460,2015-12-23,1.0
1946,31310,2015-12-23,1.0
1946,1176,2015-12-23,1.0
35840,84404,2015-12-23,1.0
1176,1176,2015-12-23,1.0
3621,3106,2015-12-23,1.0
43326,43687,2015-12-23,1.0
61328,7108,2015-12-23,1.0
84404,48142,2015-12-23,1.0
4721,32746,2015-12-23,1.0
21349,21349,2015-12-23,1.0
84175,84175,2015-12-23,1.0
2926,56503,2015-12-23,1.0
440,440,2015-12-23,1.0
81332,75970,2015-12-23,1.0
17773,4312,2015-12-23,1.0
14830,84413,2015-12-23,1.0
290,8799,2015-12-23,1.0
35330,6104,2015-12-23,1.0
6104,6104,2015-12-23,1.0
22377,84404,2015-12-23,1.0
17581,84404,2015-12-23,1.0
28128,28128,2015-12-23,1.0
38448,21349,2015-12-23,1.0
62272,4312,2015-12-23,1.0
84404,84404,2015-12-23,1.0
4312,4312,2015-12-23,1.0
14497,84404,2015-12-23,1.0
7687,2954,2015-12-23,1.0
70808,56503,2015-12-23,1.0
17581,6104,2015-12-23,1.0
21349,8799,2015-12-23,1.0
36950,80916,2015-12-23,1.0
84430,84430,2015-12-23,1.0
8133,83579,2015-12-23,1.0
8008,60810,2015-12-23,1.0
74138,11009,2015-12-23,1.0
4312,17773,2015-12-23,1.0
74138,1847,2015-12-23,1.0
1946,8628,2015-12-23,1.0
20186,6094,2015-12-23,1.0
42278,84431,2015-12-23,1.0
11142,6094,2015-12-23,1.0
38851,84431,2015-12-23,1.0
11260,732,2015-12-23,1.0
6756,84431,2015-12-23,1.0
2954,70355,2015-12-23,1.0
1306,10035,2015-12-23,1.0
84439,61075,2015-12-23,1.0
3948,84434,2015-12-23,1.0
440,84431,2015-12-23,1.0
38448,84431,2015-12-23,1.0
11919,17773,2015-12-23,1.0
13503,84277,2015-12-23,1.0
46290,7392,2015-12-23,1.0
3503,6094,2015-12-23,1.0
37555,31310,2015-12-23,1.0
27870,84404,2015-12-23,1.0
11142,62272,2015-12-23,1.0
2481,70751,2015-12-23,1.0
4312,62272,2015-12-23,1.0
74138,11054,2015-12-23,1.0
31469,6104,2015-12-23,1.0
82566,65800,2015-12-23,1.0
40297,75970,2015-12-23,1.0
3106,84431,2015-12-23,1.0
14830,37103,2015-12-23,1.0
3277,9061,2015-12-23,1.0
25510,84431,2015-12-23,1.0
425,425,2015-12-23,1.0
48142,84404,2015-12-23,1.0
58847,84431,2015-12-23,1.0
3503,20744,2015-12-23,1.0
45581,8008,2015-12-23,1.0
10035,10035,2015-12-23,1.0
11260,84431,2015-12-23,1.0
83468,84431,2015-12-23,1.0
74799,36721,2015-12-23,1.0
36950,36950,2015-12-23,1.0
84114,84114,2015-12-23,1.0
20597,83579,2015-12-23,1.0
48839,10450,2015-12-23,1.0
6032,1149,2015-12-23,1.0
41291,6771,2015-12-23,1.0
83645,8419,2015-12-23,1.0
17581,84430,2015-12-23,1.0
21349,84431,2015-12-23,1.0
7076,70355,2015-12-23,1.0
12858,84430,2015-12-23,1.0
13265,8008,2015-12-23,1.0
11260,6094,2015-12-23,1.0
391,56503,2015-12-23,1.0
37103,8008,2015-12-23,1.0
1465,70190,2015-12-24,1.0
613,48745,2015-12-24,1.0
4312,21146,2015-12-24,1.0
70495,84431,2015-12-24,1.0
3324,84473,2015-12-24,1.0
70808,3106,2015-12-24,1.0
11926,84475,2015-12-24,1.0
21146,21146,2015-12-24,1.0
41291,21349,2015-12-24,1.0
8008,16537,2015-12-24,1.0
84431,84431,2015-12-24,1.0
13503,13503,2015-12-24,1.0
84430,84430,2015-12-24,1.0
1149,84430,2015-12-24,1.0
7108,7108,2015-12-24,1.0
1847,74138,2015-12-24,1.0
28128,84431,2015-12-24,1.0
15155,56503,2015-12-24,1.0
81332,75970,2015-12-24,1.0
58096,58096,2015-12-24,1.0
1946,16537,2015-12-24,1.0
66278,36721,2015-12-24,1.0
25510,48745,2015-12-24,1.0
22277,16537,2015-12-24,1.0
3106,8008,2015-12-24,1.0
84484,28128,2015-12-24,1.0
1946,28128,2015-12-24,1.0
19369,29730,2015-12-24,1.0
36721,36721,2015-12-24,1.0
8133,46551,2015-12-24,1.0
46551,46551,2015-12-24,1.0
297,297,2015-12-24,1.0
2024,84430,2015-12-24,1.0
26319,41953,2015-12-24,1.0
18739,297,2015-12-24,1.0
54784,47482,2015-12-24,1.0
2954,31310,2015-12-24,1.0
48745,48745,2015-12-24,1.0
36688,36688,2015-12-24,1.0
6101,11260,2015-12-24,1.0
74138,5753,2015-12-24,1.0
84277,13503,2015-12-24,1.0
16537,16537,2015-12-24,1.0
11260,84482,2015-12-24,1.0
11926,21146,2015-12-24,1.0
26349,327,2015-12-24,1.0
50901,297,2015-12-24,1.0
327,327,2015-12-24,1.0
10898,84430,2015-12-24,1.0
74138,36688,2015-12-24,1.0
4312,84475,2015-12-24,1.0
8003,63877,2015-12-24,1.0
28128,3106,2015-12-24,1.0
2051,28128,2015-12-24,1.0
84499,84475,2015-12-24,1.0
11682,63877,2015-12-24,1.0
84500,28128,2015-12-24,1.0
8103,40640,2015-12-24,1.0
14450,84404,2015-12-24,1.0
37555,48408,2015-12-24,1.0
11142,14835,2015-12-24,1.0
11540,76894,2015-12-24,1.0
51223,43687,2015-12-24,1.0
74138,6094,2015-12-24,1.0
6094,6094,2015-12-24,1.0
22,24669,2015-12-24,1.0
3503,11260,2015-12-24,1.0
70808,84499,2015-12-24,1.0
29730,29730,2015-12-24,1.0
21564,21564,2015-12-24,1.0
70808,56503,2015-12-24,1.0
3402,16537,2015-12-24,1.0
81332,82179,2015-12-24,1.0
70808,14835,2015-12-24,1.0
47482,47482,2015-12-24,1.0
10365,16510,2015-12-24,1.0
13265,82179,2015-12-24,1.0
14515,11142,2015-12-24,1.0
84475,21146,2015-12-24,1.0
82179,63877,2015-12-24,1.0
3948,48745,2015-12-24,1.0
28128,48745,2015-12-24,1.0
12120,67118,2015-12-24,1.0
21271,2384,2015-12-24,1.0
20597,83579,2015-12-24,1.0
30186,84473,2015-12-24,1.0
84404,27870,2015-12-24,1.0
6032,1149,2015-12-24,1.0
1898,50309,2015-12-24,1.0
12481,84473,2015-12-24,1.0
21146,84475,2015-12-24,1.0
11260,70190,2015-12-24,1.0
18526,70190,2015-12-24,1.0
46551,84431,2015-12-24,1.0
84494,24669,2015-12-24,1.0
11115,59012,2015-12-24,1.0
84490,50860,2015-12-24,1.0
67193,2415,2015-12-24,1.0
40723,5034,2015-12-24,1.0
38066,24669,2015-12-24,1.0
84477,12484,2015-12-24,1.0
4433,4433,2015-12-24,1.0
16537,14819,2015-12-24,1.0
327,18934,2015-12-24,1.0
5101,84475,2015-12-24,1.0
36721,66278,2015-12-24,1.0
8955,78657,2015-12-24,1.0
76479,76479,2015-12-24,1.0
76894,11540,2015-12-25,1.0
3106,38851,2015-12-25,1.0
4312,76479,2015-12-25,1.0
9072,84421,2015-12-25,1.0
76479,76479,2015-12-25,1.0
6094,17581,2015-12-25,1.0
40297,84430,2015-12-25,1.0
9072,78,2015-12-25,1.0
30186,934,2015-12-25,1.0
84533,84421,2015-12-25,1.0
11926,84527,2015-12-25,1.0
13265,84529,2015-12-25,1.0
17581,17581,2015-12-25,1.0
6101,6101,2015-12-25,1.0
24669,84494,2015-12-25,1.0
41139,41139,2015-12-25,1.0
5762,290,2015-12-25,1.0
2051,1176,2015-12-25,1.0
8385,8385,2015-12-25,1.0
31469,8385,2015-12-25,1.0
36688,36688,2015-12-25,1.0
70751,84430,2015-12-25,1.0
81332,70964,2015-12-25,1.0
14830,84430,2015-12-25,1.0
37681,84404,2015-12-25,1.0
12978,84526,2015-12-25,1.0
5762,84521,2015-12-25,1.0
70808,13883,2015-12-25,1.0
10076,70964,2015-12-25,1.0
290,41139,2015-12-25,1.0
22930,10035,2015-12-25,1.0
290,84521,2015-12-25,1.0
9025,10035,2015-12-25,1.0
25510,84520,2015-12-25,1.0
45118,3537,2015-12-25,1.0
14447,13883,2015-12-25,1.0
23141,16537,2015-12-25,1.0
20302,69531,2015-12-25,1.0
5450,41970,2015-12-25,1.0
6101,36688,2015-12-25,1.0
13650,84514,2015-12-25,1.0
48839,84068,2015-12-25,1.0
17581,6094,2015-12-25,1.0
2954,6094,2015-12-25,1.0
13265,63877,2015-12-25,1.0
41539,65800,2015-12-25,1.0
54784,47482,2015-12-25,1.0
2926,1851,2015-12-25,1.0
1149,84430,2015-12-25,1.0
58329,84431,2015-12-25,1.0
4312,44678,2015-12-25,1.0
36862,11856,2015-12-25,1.0
20302,48839,2015-12-25,1.0
8385,31469,2015-12-25,1.0
5263,40640,2015-12-25,1.0
63877,82179,2015-12-25,1.0
63877,13265,2015-12-25,1.0
48839,48839,2015-12-25,1.0
76593,84514,2015-12-25,1.0
9072,10526,2015-12-25,1.0
35840,83645,2015-12-25,1.0
84510,84431,2015-12-25,1.0
12705,327,2015-12-25,1.0
13265,82179,2015-12-25,1.0
60848,32746,2015-12-25,1.0
81332,82179,2015-12-25,1.0
12705,76479,2015-12-25,1.0
11100,11100,2015-12-25,1.0
16537,3402,2015-12-25,1.0
13265,13265,2015-12-25,1.0
70964,70964,2015-12-25,1.0
17581,41139,2015-12-25,1.0
10035,22930,2015-12-25,1.0
40297,70964,2015-12-25,1.0
10035,10035,2015-12-25,1.0
10035,9025,2015-12-25,1.0
31469,31469,2015-12-25,1.0
22930,9025,2015-12-25,1.0
4832,84520,2015-12-25,1.0
14830,63877,2015-12-25,1.0
11926,3959,2015-12-25,1.0
59012,11115,2015-12-25,1.0
5690,84431,2015-12-25,1.0
43687,43687,2015-12-25,1.0
6094,17581,2015-12-26,1.0
21146,84430,2015-12-26,1.0
48839,48839,2015-12-26,1.0
6827,36886,2015-12-26,1.0
84415,36721,2015-12-26,1.0
10076,10076,2015-12-26,1.0
37103,84527,2015-12-26,1.0
10076,70964,2015-12-26,1.0
8385,84527,2015-12-26,1.0
8991,84543,2015-12-26,1.0
84527,84527,2015-12-26,1.0
9025,9025,2015-12-26,1.0
74138,84530,2015-12-26,1.0
6101,48839,2015-12-26,1.0
17988,10076,2015-12-26,1.0
81332,81332,2015-12-26,1.0
4721,582,2015-12-26,1.0
82179,10076,2015-12-26,1.0
47482,47482,2015-12-26,1.0
14830,84430,2015-12-26,1.0
6101,6101,2015-12-26,1.0
67077,67077,2015-12-26,1.0
70964,10076,2015-12-26,1.0
2233,76479,2015-12-26,1.0
2233,12481,2015-12-26,1.0
76479,76479,2015-12-26,1.0
76479,12481,2015-12-26,1.0
84530,84530,2015-12-26,1.0
36688,6101,2015-12-26,1.0
48839,84527,2015-12-26,1.0
10610,10610,2015-12-26,1.0
30462,84526,2015-12-26,1.0
1946,84526,2015-12-26,1.0
14094,83645,2015-12-26,1.0
83645,83645,2015-12-26,1.0
1946,12978,2015-12-26,1.0
6094,6094,2015-12-26,1.0
13265,10610,2015-12-26,1.0
13265,48522,2015-12-26,1.0
48522,48522,2015-12-26,1.0
67077,9072,2015-12-26,1.0
54784,47482,2015-12-26,1.0
30186,84560,2015-12-26,1.0
5015,70751,2015-12-26,1.0
2954,84560,2015-12-26,1.0
4312,84560,2015-12-26,1.0
40297,10610,2015-12-26,1.0
2926,44678,2015-12-26,1.0
13265,84529,2015-12-26,1.0
40640,8103,2015-12-26,1.0
40640,40640,2015-12-26,1.0
17581,6094,2015-12-26,1.0
5091,6104,2015-12-26,1.0
12481,12481,2015-12-26,1.0
41291,7108,2015-12-26,1.0
28037,9025,2015-12-26,1.0
84430,84430,2015-12-26,1.0
43423,40640,2015-12-26,1.0
84404,37681,2015-12-26,1.0
8103,8103,2015-12-26,1.0
84430,21146,2015-12-26,1.0
62555,40640,2015-12-26,1.0
9072,67077,2015-12-26,1.0
12481,76479,2015-12-26,1.0
56920,54780,2015-12-26,1.0
17581,17581,2015-12-26,1.0
70964,81332,2015-12-26,1.0
63877,63877,2015-12-26,1.0
13525,19475,2015-12-26,1.0
42676,84353,2015-12-26,1.0
84065,76479,2015-12-26,1.0
84528,35745,2015-12-26,1.0
84556,83971,2015-12-26,1.0
36721,44678,2015-12-26,1.0
70508,70508,2015-12-26,1.0
74138,16046,2015-12-26,1.0
51164,13883,2015-12-26,1.0
20562,9947,2015-12-26,1.0
48839,84068,2015-12-26,1.0
6101,84068,2015-12-26,1.0
84415,84415,2015-12-26,1.0
9025,28037,2015-12-26,1.0
84543,84526,2015-12-26,1.0
19369,1887,2015-12-26,1.0
8193,23850,2015-12-26,1.0
440,6671,2015-12-26,1.0
48142,6671,2015-12-26,1.0
12978,84526,2015-12-27,1.0
454,74330,2015-12-27,1.0
12978,30462,2015-12-27,1.0
2807,74330,2015-12-27,1.0
1358,11919,2015-12-27,1.0
81529,11142,2015-12-27,1.0
81332,63877,2015-12-27,1.0
22,35360,2015-12-27,1.0
84576,21907,2015-12-27,1.0
14450,35360,2015-12-27,1.0
1946,26705,2015-12-27,1.0
11142,11142,2015-12-27,1.0
7206,8133,2015-12-27,1.0
4362,42278,2015-12-27,1.0
1176,84526,2015-12-27,1.0
69850,2597,2015-12-27,1.0
8133,8133,2015-12-27,1.0
25510,84549,2015-12-27,1.0
12978,12978,2015-12-27,1.0
84353,42676,2015-12-27,1.0
84575,440,2015-12-27,1.0
18571,35360,2015-12-27,1.0
31807,7206,2015-12-27,1.0
31807,1610,2015-12-27,1.0
290,84563,2015-12-27,1.0
1358,84572,2015-12-27,1.0
8133,26705,2015-12-27,1.0
46551,46551,2015-12-27,1.0
63877,10503,2015-12-27,1.0
290,63877,2015-12-27,1.0
1688,84563,2015-12-27,1.0
14094,82568,2015-12-27,1.0
47482,47482,2015-12-27,1.0
54784,47482,2015-12-27,1.0
74138,6101,2015-12-27,1.0
7206,7206,2015-12-27,1.0
37822,82568,2015-12-27,1.0
10610,5496,2015-12-27,1.0
2597,2597,2015-12-27,1.0
84549,84549,2015-12-27,1.0
84577,1106,2015-12-27,1.0
42676,42676,2015-12-27,1.0
46567,3710,2015-12-27,1.0
35360,35360,2015-12-27,1.0
766,84572,2015-12-27,1.0
10503,10503,2015-12-27,1.0
40640,8103,2015-12-27,1.0
84068,48839,2015-12-27,1.0
74330,74330,2015-12-27,1.0
11115,11115,2015-12-27,1.0
63877,63877,2015-12-27,1.0
14830,35360,2015-12-27,1.0
2097,2097,2015-12-27,1.0
37555,44864,2015-12-27,1.0
73972,61401,2015-12-27,1.0
17581,84549,2015-12-27,1.0
14094,81925,2015-12-27,1.0
2926,84549,2015-12-27,1.0
84560,84560,2015-12-27,1.0
2000,30462,2015-12-27,1.0
37555,10035,2015-12-27,1.0
25510,8639,2015-12-27,1.0
13625,35397,2015-12-27,1.0
8008,84560,2015-12-27,1.0
10076,63877,2015-12-27,1.0
10503,63877,2015-12-27,1.0
12674,10035,2015-12-27,1.0
5496,10610,2015-12-27,1.0
11919,1358,2015-12-27,1.0
67031,1993,2015-12-27,1.0
26705,8133,2015-12-27,1.0
11142,81529,2015-12-27,1.0
84572,1358,2015-12-27,1.0
11142,74330,2015-12-27,1.0
24757,70751,2015-12-27,1.0
48839,84549,2015-12-27,1.0
31469,31469,2015-12-27,1.0
74138,84530,2015-12-27,1.0
82588,1619,2015-12-27,1.0
29697,84526,2015-12-27,1.0
78300,78300,2015-12-27,1.0
74330,11142,2015-12-27,1.0
61401,61401,2015-12-27,1.0
84572,84572,2015-12-27,1.0
48408,37555,2015-12-27,1.0
2000,84526,2015-12-27,1.0
1176,84500,2015-12-27,1.0
2000,12978,2015-12-27,1.0
5263,40640,2015-12-27,1.0
763,40640,2015-12-27,1.0
14094,37822,2015-12-27,1.0
9072,78,2015-12-27,1.0
7206,46551,2015-12-27,1.0
78,78,2015-12-27,1.0
13625,84431,2015-12-27,1.0
10610,10610,2015-12-27,1.0
2191,7108,2015-12-27,1.0
7108,7108,2015-12-27,1.0
70808,40640,2015-12-27,1.0
40297,10610,2015-12-27,1.0
62555,40640,2015-12-27,1.0
64279,2097,2015-12-27,1.0
40640,40640,2015-12-27,1.0
6263,40297,2015-12-27,1.0
81488,69696,2015-12-27,1.0
2926,81920,2015-12-27,1.0
37555,4213,2015-12-27,1.0
4312,84560,2015-12-27,1.0
8639,8639,2015-12-27,1.0
10365,16510,2015-12-27,1.0
454,8639,2015-12-27,1.0
24757,24757,2015-12-27,1.0
36721,36721,2015-12-27,1.0
69696,69696,2015-12-27,1.0
39004,33286,2015-12-27,1.0
69696,69696,2015-12-28,1.0
83134,84549,2015-12-28,1.0
75735,1946,2015-12-28,1.0
49,5690,2015-12-28,1.0
1946,1946,2015-12-28,1.0
14830,84549,2015-12-28,1.0
45242,45242,2015-12-28,1.0
35360,35360,2015-12-28,1.0
11682,29730,2015-12-28,1.0
14450,40723,2015-12-28,1.0
29730,29730,2015-12-28,1.0
20584,4753,2015-12-28,1.0
15242,15242,2015-12-28,1.0
11919,766,2015-12-28,1.0
81529,11142,2015-12-28,1.0
37103,766,2015-12-28,1.0
28037,9025,2015-12-28,1.0
10423,28037,2015-12-28,1.0
7206,1946,2015-12-28,1.0
28037,28037,2015-12-28,1.0
766,766,2015-12-28,1.0
8133,84230,2015-12-28,1.0
61723,1946,2015-12-28,1.0
2807,74330,2015-12-28,1.0
2481,2481,2015-12-28,1.0
2926,84230,2015-12-28,1.0
4312,69696,2015-12-28,1.0
4312,4312,2015-12-28,1.0
21684,8385,2015-12-28,1.0
14094,15570,2015-12-28,1.0
82851,82851,2015-12-28,1.0
82851,1715,2015-12-28,1.0
3684,70355,2015-12-28,1.0
14094,36688,2015-12-28,1.0
37432,82851,2015-12-28,1.0
20404,5534,2015-12-28,1.0
74330,11142,2015-12-28,1.0
11142,11142,2015-12-28,1.0
74330,74330,2015-12-28,1.0
15570,15570,2015-12-28,1.0
25309,82229,2015-12-28,1.0
18060,18060,2015-12-28,1.0
18060,8385,2015-12-28,1.0
7206,7206,2015-12-28,1.0
4961,84616,2015-12-28,1.0
46214,46214,2015-12-28,1.0
81488,69696,2015-12-28,1.0
8385,8385,2015-12-28,1.0
6121,2481,2015-12-28,1.0
1946,7206,2015-12-28,1.0
64556,84182,2015-12-28,1.0
13265,29730,2015-12-28,1.0
12705,1946,2015-12-28,1.0
70808,41075,2015-12-28,1.0
7206,8133,2015-12-28,1.0
3847,15242,2015-12-28,1.0
48827,78061,2015-12-28,1.0
83815,83815,2015-12-28,1.0
78061,78061,2015-12-28,1.0
8628,8628,2015-12-28,1.0
21684,33286,2015-12-28,1.0
11260,83815,2015-12-28,1.0
48827,48827,2015-12-28,1.0
11260,48827,2015-12-28,1.0
11260,81920,2015-12-28,1.0
70751,70751,2015-12-28,1.0
63877,10076,2015-12-28,1.0
63877,10503,2015-12-28,1.0
5263,40640,2015-12-28,1.0
1358,766,2015-12-28,1.0
40297,40297,2015-12-28,1.0
46573,46573,2015-12-28,1.0
33286,33286,2015-12-28,1.0
5015,70751,2015-12-28,1.0
37822,37822,2015-12-28,1.0
37822,82568,2015-12-28,1.0
6101,41522,2015-12-28,1.0
1056,41522,2015-12-28,1.0
33741,16530,2015-12-28,1.0
10744,41522,2015-12-28,1.0
38624,46573,2015-12-28,1.0
21349,84526,2015-12-28,1.0
8639,46214,2015-12-28,1.0
2554,37822,2015-12-28,1.0
11260,84591,2015-12-28,1.0
13265,3847,2015-12-28,1.0
13265,15242,2015-12-28,1.0
1946,35397,2015-12-28,1.0
84560,84560,2015-12-28,1.0
8133,4312,2015-12-28,1.0
13265,2290,2015-12-28,1.0
630,630,2015-12-28,1.0
10503,10503,2015-12-28,1.0
8133,8133,2015-12-28,1.0
290,63877,2015-12-28,1.0
10076,10076,2015-12-28,1.0
10035,10035,2015-12-28,1.0
20302,8369,2015-12-28,1.0
84591,84591,2015-12-28,1.0
3106,10035,2015-12-28,1.0
76501,76501,2015-12-28,1.0
70751,2481,2015-12-28,1.0
3106,35397,2015-12-28,1.0
84560,8008,2015-12-28,1.0
4312,84560,2015-12-28,1.0
33039,8133,2015-12-28,1.0
14830,10035,2015-12-28,1.0
13972,51632,2015-12-28,1.0
78061,48827,2015-12-28,1.0
5690,49,2015-12-28,1.0
7206,61723,2015-12-28,1.0
1946,61723,2015-12-28,1.0
84604,35397,2015-12-28,1.0
4312,35397,2015-12-28,1.0
10475,82229,2015-12-28,1.0
84608,76359,2015-12-28,1.0
51505,82229,2015-12-28,1.0
12481,82851,2015-12-28,1.0
40950,80013,2015-12-28,1.0
64608,7081,2015-12-28,1.0
1176,35397,2015-12-28,1.0
78061,18827,2015-12-28,1.0
15242,3847,2015-12-28,1.0
46573,41522,2015-12-28,1.0
84592,8369,2015-12-28,1.0
1715,82851,2015-12-28,1.0
46214,8639,2015-12-28,1.0
1266,84430,2015-12-28,1.0
11260,66436,2015-12-28,1.0
766,1358,2015-12-28,1.0
31469,10035,2015-12-28,1.0
658,82851,2015-12-28,1.0
8133,35397,2015-12-28,1.0
2481,70751,2015-12-28,1.0
2290,3847,2015-12-28,1.0
4362,10035,2015-12-28,1.0
35397,8133,2015-12-29,1.0
7206,8133,2015-12-29,1.0
766,8991,2015-12-29,1.0
4832,25,2015-12-29,1.0
5690,5690,2015-12-29,1.0
37103,14319,2015-12-29,1.0
14450,18060,2015-12-29,1.0
13265,70964,2015-12-29,1.0
25510,28128,2015-12-29,1.0
37103,28128,2015-12-29,1.0
73992,73992,2015-12-29,1.0
37103,73992,2015-12-29,1.0
35397,35397,2015-12-29,1.0
21339,21339,2015-12-29,1.0
7206,7206,2015-12-29,1.0
1946,7206,2015-12-29,1.0
81332,70964,2015-12-29,1.0
46573,46573,2015-12-29,1.0
48839,8385,2015-12-29,1.0
21339,69696,2015-12-29,1.0
613,28128,2015-12-29,1.0
70964,70964,2015-12-29,1.0
6950,29730,2015-12-29,1.0
2926,69696,2015-12-29,1.0
28128,28128,2015-12-29,1.0
8385,11260,2015-12-29,1.0
11260,28128,2015-12-29,1.0
35733,4362,2015-12-29,1.0
37103,43108,2015-12-29,1.0
8133,84644,2015-12-29,1.0
5442,35397,2015-12-29,1.0
74138,37822,2015-12-29,1.0
23141,37822,2015-12-29,1.0
17901,47945,2015-12-29,1.0
22277,23008,2015-12-29,1.0
22277,35397,2015-12-29,1.0
84656,18338,2015-12-29,1.0
29887,51478,2015-12-29,1.0
11260,84664,2015-12-29,1.0
81488,78164,2015-12-29,1.0
84670,22606,2015-12-29,1.0
35593,84549,2015-12-29,1.0
11260,6575,2015-12-29,1.0
6101,46573,2015-12-29,1.0
74138,14319,2015-12-29,1.0
82067,84370,2015-12-29,1.0
20302,5534,2015-12-29,1.0
30684,26608,2015-12-29,1.0
25309,10475,2015-12-29,1.0
20302,4416,2015-12-29,1.0
14094,15570,2015-12-29,1.0
37808,14181,2015-12-29,1.0
1946,1946,2015-12-29,1.0
3199,2841,2015-12-29,1.0
70808,36688,2015-12-29,1.0
14450,78865,2015-12-29,1.0
6101,41522,2015-12-29,1.0
70808,84616,2015-12-29,1.0
25309,82229,2015-12-29,1.0
8385,37822,2015-12-29,1.0
48827,48827,2015-12-29,1.0
1441,440,2015-12-29,1.0
41075,41075,2015-12-29,1.0
29887,29887,2015-12-29,1.0
51478,29887,2015-12-29,1.0
74330,74330,2015-12-29,1.0
84430,74330,2015-12-29,1.0
84664,11260,2015-12-29,1.0
35731,35731,2015-12-29,1.0
8385,8385,2015-12-29,1.0
50073,1176,2015-12-29,1.0
6101,6101,2015-12-29,1.0
1061,69696,2015-12-29,1.0
51632,13972,2015-12-29,1.0
69696,69696,2015-12-29,1.0
50073,2926,2015-12-29,1.0
1176,61723,2015-12-29,1.0
70808,40640,2015-12-29,1.0
11260,48827,2015-12-29,1.0
14094,18338,2015-12-29,1.0
955,84595,2015-12-29,1.0
14094,28128,2015-12-29,1.0
46290,28128,2015-12-29,1.0
26591,23141,2015-12-29,1.0
70808,81609,2015-12-29,1.0
51424,84653,2015-12-29,1.0
8103,8103,2015-12-29,1.0
81609,81609,2015-12-29,1.0
1946,35397,2015-12-29,1.0
40723,40723,2015-12-29,1.0
76600,73992,2015-12-29,1.0
1946,8133,2015-12-29,1.0
8133,8133,2015-12-29,1.0
20302,18827,2015-12-29,1.0
14450,40723,2015-12-29,1.0
10035,4362,2015-12-29,1.0
29730,29730,2015-12-29,1.0
38624,6101,2015-12-29,1.0
76479,84065,2015-12-29,1.0
1345,83581,2015-12-29,1.0
21684,8385,2015-12-29,1.0
8385,2510,2015-12-29,1.0
8385,440,2015-12-29,1.0
24309,83134,2015-12-29,1.0
40640,8103,2015-12-29,1.0
37103,76359,2015-12-29,1.0
37822,23141,2015-12-29,1.0
8385,23141,2015-12-29,1.0
37822,74138,2015-12-29,1.0
81332,35731,2015-12-29,1.0
23291,14915,2015-12-29,1.0
23141,23141,2015-12-29,1.0
37822,82568,2015-12-29,1.0
40640,40640,2015-12-29,1.0
28128,46290,2015-12-29,1.0
745,69037,2015-12-30,1.0
57941,69696,2015-12-30,1.0
14915,14915,2015-12-30,1.0
69696,69696,2015-12-30,1.0
76479,76479,2015-12-30,1.0
78061,48827,2015-12-30,1.0
51478,29887,2015-12-30,1.0
21574,41262,2015-12-30,1.0
48827,48827,2015-12-30,1.0
23141,23141,2015-12-30,1.0
20302,28128,2015-12-30,1.0
28128,28128,2015-12-30,1.0
11919,74330,2015-12-30,1.0
13525,10266,2015-12-30,1.0
38624,76479,2015-12-30,1.0
4149,84670,2015-12-30,1.0
3199,3199,2015-12-30,1.0
46573,4312,2015-12-30,1.0
11919,37103,2015-12-30,1.0
13265,84677,2015-12-30,1.0
84677,84677,2015-12-30,1.0
82627,82627,2015-12-30,1.0
2926,2733,2015-12-30,1.0
61723,61723,2015-12-30,1.0
440,440,2015-12-30,1.0
11142,23064,2015-12-30,1.0
391,84653,2015-12-30,1.0
24309,76479,2015-12-30,1.0
2290,76284,2015-12-30,1.0
2733,2733,2015-12-30,1.0
290,36688,2015-12-30,1.0
18086,6575,2015-12-30,1.0
745,56938,2015-12-30,1.0
10898,10898,2015-12-30,1.0
70315,783,2015-12-30,1.0
48827,78061,2015-12-30,1.0
28128,84500,2015-12-30,1.0
81332,84632,2015-12-30,1.0
70808,70808,2015-12-30,1.0
43076,63877,2015-12-30,1.0
11540,50409,2015-12-30,1.0
36721,36721,2015-12-30,1.0
70808,84714,2015-12-30,1.0
70808,4312,2015-12-30,1.0
4312,4312,2015-12-30,1.0
13265,62675,2015-12-30,1.0
1840,75440,2015-12-30,1.0
62675,62675,2015-12-30,1.0
391,70211,2015-12-30,1.0
40640,70808,2015-12-30,1.0
13972,13972,2015-12-30,1.0
84664,3402,2015-12-30,1.0
12481,46573,2015-12-30,1.0
69037,69037,2015-12-30,1.0
13265,29992,2015-12-30,1.0
29992,29992,2015-12-30,1.0
41139,12905,2015-12-30,1.0
14094,84700,2015-12-30,1.0
74138,76479,2015-12-30,1.0
19949,46230,2015-12-30,1.0
43076,84632,2015-12-30,1.0
297,36721,2015-12-30,1.0
23141,76479,2015-12-30,1.0
20597,28128,2015-12-30,1.0
33039,84711,2015-12-30,1.0
16702,1,2015-12-30,1.0
70211,70211,2015-12-30,1.0
84708,35397,2015-12-30,1.0
3402,3402,2015-12-30,1.0
74330,3402,2015-12-30,1.0
10076,10076,2015-12-30,1.0
4312,3106,2015-12-30,1.0
6872,290,2015-12-30,1.0
8385,8385,2015-12-30,1.0
1946,84711,2015-12-30,1.0
29887,61149,2015-12-30,1.0
84712,1149,2015-12-30,1.0
11640,69037,2015-12-30,1.0
9025,58096,2015-12-30,1.0
4312,75440,2015-12-30,1.0
9269,17064,2015-12-30,1.0
28128,20597,2015-12-30,1.0
49,84563,2015-12-30,1.0
4312,10035,2015-12-30,1.0
74300,74300,2015-12-30,1.0
68208,76479,2015-12-30,1.0
7206,11115,2015-12-30,1.0
84616,70808,2015-12-30,1.0
84616,84616,2015-12-30,1.0
1176,1176,2015-12-30,1.0
9269,9269,2015-12-30,1.0
10076,13265,2015-12-30,1.0
4312,76479,2015-12-30,1.0
1061,69696,2015-12-30,1.0
3503,80013,2015-12-30,1.0
5690,22810,2015-12-30,1.0
31310,31310,2015-12-30,1.0
440,31310,2015-12-30,1.0
290,2733,2015-12-30,1.0
11115,11115,2015-12-30,1.0
31469,10898,2015-12-30,1.0
14094,69681,2015-12-30,1.0
38624,37103,2015-12-30,1.0
290,22810,2015-12-30,1.0
290,290,2015-12-30,1.0
22810,290,2015-12-30,1.0
74330,74330,2015-12-30,1.0
9401,47423,2015-12-30,1.0
613,28128,2015-12-30,1.0
6646,12930,2015-12-30,1.0
3402,37103,2015-12-30,1.0
37103,37103,2015-12-30,1.0
36103,17064,2015-12-30,1.0
23064,23064,2015-12-30,1.0
46573,46573,2015-12-30,1.0
8133,8133,2015-12-30,1.0
43054,46230,2015-12-30,1.0
4639,7108,2015-12-30,1.0
24076,23064,2015-12-30,1.0
2954,23064,2015-12-30,1.0
3402,84664,2015-12-30,1.0
2733,84563,2015-12-30,1.0
83382,84390,2015-12-30,1.0
351,84390,2015-12-30,1.0
5496,7460,2015-12-30,1.0
6094,37103,2015-12-30,1.0
4832,84557,2015-12-30,1.0
4312,46573,2015-12-30,1.0
37103,84557,2015-12-30,1.0
12905,12905,2015-12-30,1.0
58734,1176,2015-12-30,1.0
1409,10076,2015-12-30,1.0
11926,76479,2015-12-30,1.0
3106,17064,2015-12-30,1.0
3402,74330,2015-12-30,1.0
29887,51478,2015-12-30,1.0
2060,83060,2015-12-31,1.0
24706,62675,2015-12-31,1.0
12481,1898,2015-12-31,1.0
1176,84500,2015-12-31,1.0
81332,84743,2015-12-31,1.0
11260,11260,2015-12-31,1.0
2481,5641,2015-12-31,1.0
402,50409,2015-12-31,1.0
28128,28128,2015-12-31,1.0
4832,82510,2015-12-31,1.0
10035,1847,2015-12-31,1.0
9269,9269,2015-12-31,1.0
45397,45397,2015-12-31,1.0
40297,45397,2015-12-31,1.0
28128,84500,2015-12-31,1.0
4832,84390,2015-12-31,1.0
84390,83382,2015-12-31,1.0
1688,84743,2015-12-31,1.0
84390,84390,2015-12-31,1.0
6575,11260,2015-12-31,1.0
63913,83457,2015-12-31,1.0
83134,83134,2015-12-31,1.0
11054,82510,2015-12-31,1.0
82510,82510,2015-12-31,1.0
43326,41075,2015-12-31,1.0
30462,30462,2015-12-31,1.0
3684,2082,2015-12-31,1.0
4923,82510,2015-12-31,1.0
935,7934,2015-12-31,1.0
3402,9025,2015-12-31,1.0
2191,5641,2015-12-31,1.0
3684,40983,2015-12-31,1.0
14094,12481,2015-12-31,1.0
12481,12481,2015-12-31,1.0
29992,45397,2015-12-31,1.0
10365,10365,2015-12-31,1.0
74330,10365,2015-12-31,1.0
84748,84748,2015-12-31,1.0
83880,12481,2015-12-31,1.0
2926,6500,2015-12-31,1.0
1847,84748,2015-12-31,1.0
23141,84390,2015-12-31,1.0
50409,50409,2015-12-31,1.0
28128,613,2015-12-31,1.0
4312,75440,2015-12-31,1.0
1847,1847,2015-12-31,1.0
83134,35593,2015-12-31,1.0
58096,9025,2015-12-31,1.0
1898,1898,2015-12-31,1.0
84632,84632,2015-12-31,1.0
84753,250,2015-12-31,1.0
360,50409,2015-12-31,1.0
613,613,2015-12-31,1.0
468,50437,2015-12-31,1.0
5641,5641,2015-12-31,1.0
1840,75440,2015-12-31,1.0
2954,2954,2015-12-31,1.0
70211,70211,2015-12-31,1.0
37103,613,2015-12-31,1.0
28128,17064,2015-12-31,1.0
4721,75440,2015-12-31,1.0
62675,62675,2015-12-31,1.0
7076,58096,2015-12-31,1.0
3928,70808,2015-12-31,1.0
47264,297,2015-12-31,1.0
9502,70211,2015-12-31,1.0
6094,9896,2015-12-31,1.0
5917,1946,2015-12-31,1.0
1946,1946,2015-12-31,1.0
25309,50658,2015-12-31,1.0
745,56938,2015-12-31,1.0
8133,35397,2015-12-31,1.0
84726,143,2015-12-31,1.0
37103,84390,2015-12-31,1.0
48827,78061,2015-12-31,1.0
20597,9269,2015-12-31,1.0
74330,3402,2015-12-31,1.0
2530,4312,2015-12-31,1.0
56095,56095,2015-12-31,1.0
4312,4312,2015-12-31,1.0
11260,28128,2015-12-31,1.0
14094,1898,2015-12-31,1.0
23064,2954,2015-12-31,1.0
83581,83581,2015-12-31,1.0
75440,4312,2015-12-31,1.0
43076,84272,2015-12-31,1.0
4312,84272,2015-12-31,1.0
27909,5641,2015-12-31,1.0
20597,28128,2015-12-31,1.0
2926,2733,2015-12-31,1.0
16537,69931,2015-12-31,1.0
405,9025,2015-12-31,1.0
56938,56938,2015-12-31,1.0
353,4015,2015-12-31,1.0
81332,84272,2015-12-31,1.0
9025,9025,2015-12-31,1.0
84272,84272,2015-12-31,1.0
763,84390,2015-12-31,1.0
14094,84700,2015-12-31,1.0
76479,76479,2015-12-31,1.0
468,1437,2015-12-31,1.0
3106,28128,2015-12-31,1.0
51223,46230,2015-12-31,1.0
2530,1437,2015-12-31,1.0
9072,3333,2015-12-31,1.0
2841,3199,2015-12-31,1.0
84595,84595,2015-12-31,1.0
69393,1946,2015-12-31,1.0
84731,84711,2015-12-31,1.0
78061,78061,2015-12-31,1.0
10898,84272,2015-12-31,1.0
613,28128,2015-12-31,1.0
37822,41619,2015-12-31,1.0
49,84729,2015-12-31,1.0
9025,81901,2015-12-31,1.0
46573,81901,2015-12-31,1.0
12487,9896,2015-12-31,1.0
14450,47344,2015-12-31,1.0
40297,70211,2015-12-31,1.0
13972,84714,2015-12-31,1.0
36721,78164,2015-12-31,1.0
6518,50886,2015-12-31,1.0
28128,3106,2015-12-31,1.0
29316,3106,2015-12-31,1.0
16537,32898,2015-12-31,1.0
13265,29992,2015-12-31,1.0
12481,83880,2015-12-31,1.0
44860,70211,2015-12-31,1.0
37555,74330,2015-12-31,1.0
37555,84747,2015-12-31,1.0
46104,70211,2015-12-31,1.0
8103,41075,2015-12-31,1.0
1898,12481,2015-12-31,1.0
7402,75440,2015-12-31,1.0
46104,7460,2015-12-31,1.0
38468,23064,2015-12-31,1.0
78314,78314,2016-01-01,1.0
70808,41686,2016-01-01,1.0
83880,12481,2016-01-01,1.0
4312,60457,2016-01-01,1.0
23950,6950,2016-01-01,1.0
82510,4832,2016-01-01,1.0
84743,84743,2016-01-01,1.0
6950,6950,2016-01-01,1.0
83382,83382,2016-01-01,1.0
7717,56921,2016-01-01,1.0
6575,11260,2016-01-01,1.0
6094,6094,2016-01-01,1.0
3402,6094,2016-01-01,1.0
1,1,2016-01-01,1.0
2954,84759,2016-01-01,1.0
49045,49045,2016-01-01,1.0
84759,84759,2016-01-01,1.0
81332,84743,2016-01-01,1.0
37103,49045,2016-01-01,1.0
6575,6575,2016-01-01,1.0
9269,38866,2016-01-01,1.0
81332,78314,2016-01-01,1.0
37822,8385,2016-01-01,1.0
6101,84747,2016-01-01,1.0
31469,60457,2016-01-01,1.0
8032,46230,2016-01-01,1.0
11142,23064,2016-01-01,1.0
56921,2162,2016-01-01,1.0
4923,82510,2016-01-01,1.0
83645,31883,2016-01-01,1.0
46290,28128,2016-01-01,1.0
4312,4312,2016-01-01,1.0
28128,28128,2016-01-01,1.0
28128,613,2016-01-01,1.0
84390,84390,2016-01-01,1.0
23141,84390,2016-01-01,1.0
84747,37555,2016-01-01,1.0
41619,37822,2016-01-01,1.0
80160,41051,2016-01-01,1.0
42395,42395,2016-01-01,1.0
14094,83645,2016-01-01,1.0
84390,83382,2016-01-01,1.0
34859,6094,2016-01-01,1.0
30186,62593,2016-01-01,1.0
62593,62593,2016-01-01,1.0
18571,62593,2016-01-01,1.0
38866,38866,2016-01-01,1.0
84714,13972,2016-01-01,1.0
37555,37555,2016-01-01,1.0
51137,51137,2016-01-01,1.0
12481,78423,2016-01-01,1.0
2622,51137,2016-01-01,1.0
4923,4923,2016-01-01,1.0
3684,6094,2016-01-01,1.0
50437,50437,2016-01-01,1.0
7206,9269,2016-01-01,1.0
12395,12395,2016-01-01,1.0
11640,84778,2016-01-01,1.0
62593,250,2016-01-01,1.0
48127,42371,2016-01-01,1.0
38866,9269,2016-01-01,1.0
13265,12395,2016-01-01,1.0
41075,8103,2016-01-01,1.0
43354,38866,2016-01-01,1.0
29992,70211,2016-01-01,1.0
83060,83060,2016-01-01,1.0
63913,63913,2016-01-01,1.0
60457,31469,2016-01-01,1.0
40640,70808,2016-01-01,1.0
10365,63913,2016-01-01,1.0
6101,6101,2016-01-01,1.0
62675,62675,2016-01-01,1.0
5516,62675,2016-01-01,1.0
84747,6101,2016-01-01,1.0
74330,3206,2016-01-01,1.0
4312,84759,2016-01-01,1.0
3106,9269,2016-01-01,1.0
12481,12481,2016-01-01,1.0
13265,5274,2016-01-01,1.0
43354,31807,2016-01-01,1.0
76479,12481,2016-01-01,1.0
5274,82179,2016-01-01,1.0
9269,9269,2016-01-01,1.0
3333,5292,2016-01-01,1.0
3333,3927,2016-01-01,1.0
4312,4923,2016-01-01,1.0
5274,5274,2016-01-01,1.0
82179,82179,2016-01-01,1.0
11682,5274,2016-01-01,1.0
6094,84759,2016-01-01,1.0
360,50409,2016-01-01,1.0
40723,84772,2016-01-01,1.0
4923,37919,2016-01-01,1.0
82179,5274,2016-01-01,1.0
12481,76479,2016-01-01,1.0
13972,29992,2016-01-01,1.0
250,62593,2016-01-01,1.0
84768,22429,2016-01-01,1.0
40324,30186,2016-01-02,1.0
1131,84802,2016-01-02,1.0
6094,84759,2016-01-02,1.0
7206,30186,2016-01-02,1.0
4177,30186,2016-01-02,1.0
28037,9025,2016-01-02,1.0
8385,37822,2016-01-02,1.0
1573,1573,2016-01-02,1.0
3199,22989,2016-01-02,1.0
1131,18739,2016-01-02,1.0
11640,84804,2016-01-02,1.0
8385,8875,2016-01-02,1.0
8385,2384,2016-01-02,1.0
8385,5015,2016-01-02,1.0
8385,74330,2016-01-02,1.0
82843,82843,2016-01-02,1.0
84802,84802,2016-01-02,1.0
11115,82843,2016-01-02,1.0
11115,30186,2016-01-02,1.0
4923,4987,2016-01-02,1.0
12905,44864,2016-01-02,1.0
4832,82843,2016-01-02,1.0
24309,24541,2016-01-02,1.0
4923,4923,2016-01-02,1.0
613,24541,2016-01-02,1.0
11142,12481,2016-01-02,1.0
1441,33064,2016-01-02,1.0
763,84390,2016-01-02,1.0
24706,2503,2016-01-02,1.0
75,22989,2016-01-02,1.0
3272,250,2016-01-02,1.0
6101,49045,2016-01-02,1.0
49045,49045,2016-01-02,1.0
2926,22989,2016-01-02,1.0
290,84390,2016-01-02,1.0
6101,12755,2016-01-02,1.0
20302,12755,2016-01-02,1.0
13972,13972,2016-01-02,1.0
36720,23758,2016-01-02,1.0
37822,37822,2016-01-02,1.0
4312,22989,2016-01-02,1.0
62675,62675,2016-01-02,1.0
11856,11856,2016-01-02,1.0
19885,24541,2016-01-02,1.0
14835,11142,2016-01-02,1.0
5516,62675,2016-01-02,1.0
2503,2503,2016-01-02,1.0
84714,13972,2016-01-02,1.0
38866,38866,2016-01-02,1.0
46189,1149,2016-01-02,1.0
69696,69696,2016-01-02,1.0
8991,2000,2016-01-02,1.0
44864,44864,2016-01-02,1.0
290,13251,2016-01-02,1.0
23291,6671,2016-01-02,1.0
84454,84454,2016-01-02,1.0
1573,84454,2016-01-02,1.0
3684,8875,2016-01-02,1.0
69037,2837,2016-01-02,1.0
8103,8103,2016-01-02,1.0
24706,62675,2016-01-02,1.0
8008,40983,2016-01-02,1.0
13265,12395,2016-01-02,1.0
43266,8628,2016-01-02,1.0
4312,84813,2016-01-02,1.0
26935,41654,2016-01-02,1.0
8628,1532,2016-01-02,1.0
62593,62593,2016-01-02,1.0
48127,42371,2016-01-02,1.0
31310,84759,2016-01-02,1.0
56938,41654,2016-01-02,1.0
2000,84804,2016-01-02,1.0
1131,17773,2016-01-02,1.0
3199,10365,2016-01-02,1.0
6094,24541,2016-01-02,1.0
15934,74300,2016-01-02,1.0
84788,12755,2016-01-02,1.0
11142,33064,2016-01-02,1.0
1573,33064,2016-01-02,1.0
22989,2841,2016-01-02,1.0
84558,84557,2016-01-02,1.0
31310,6094,2016-01-02,1.0
1715,12481,2016-01-02,1.0
83060,83060,2016-01-02,1.0
41291,41686,2016-01-02,1.0
12481,12481,2016-01-02,1.0
3041,12603,2016-01-02,1.0
21684,250,2016-01-02,1.0
7092,8875,2016-01-02,1.0
3402,74330,2016-01-02,1.0
33141,8032,2016-01-02,1.0
450,450,2016-01-02,1.0
250,5690,2016-01-02,1.0
22810,450,2016-01-02,1.0
7710,2384,2016-01-02,1.0
31469,4312,2016-01-02,1.0
84753,250,2016-01-02,1.0
5690,5690,2016-01-02,1.0
6671,6671,2016-01-02,1.0
74879,6575,2016-01-02,1.0
84549,35593,2016-01-02,1.0
84549,83134,2016-01-02,1.0
4312,4312,2016-01-02,1.0
78554,2954,2016-01-03,1.0
13265,62798,2016-01-03,1.0
62675,62675,2016-01-03,1.0
24706,62675,2016-01-03,1.0
1573,84454,2016-01-03,1.0
3272,84840,2016-01-03,1.0
14450,10273,2016-01-03,1.0
78554,78554,2016-01-03,1.0
2530,10273,2016-01-03,1.0
8032,8032,2016-01-03,1.0
763,10035,2016-01-03,1.0
10035,10035,2016-01-03,1.0
10273,10273,2016-01-03,1.0
23291,9401,2016-01-03,1.0
2530,18739,2016-01-03,1.0
48839,33672,2016-01-03,1.0
36721,36721,2016-01-03,1.0
11142,84454,2016-01-03,1.0
44881,78554,2016-01-03,1.0
69037,9449,2016-01-03,1.0
2954,2954,2016-01-03,1.0
13525,10266,2016-01-03,1.0
10035,1708,2016-01-03,1.0
84272,84272,2016-01-03,1.0
74330,74330,2016-01-03,1.0
4312,8212,2016-01-03,1.0
4231,9401,2016-01-03,1.0
13972,13265,2016-01-03,1.0
43076,84272,2016-01-03,1.0
19885,24541,2016-01-03,1.0
3402,74330,2016-01-03,1.0
1715,12481,2016-01-03,1.0
62798,62798,2016-01-03,1.0
2926,102,2016-01-03,1.0
7092,8875,2016-01-03,1.0
36862,11856,2016-01-03,1.0
22810,290,2016-01-03,1.0
13265,13265,2016-01-03,1.0
4312,83382,2016-01-03,1.0
33672,33672,2016-01-03,1.0
3402,3402,2016-01-03,1.0
35840,11100,2016-01-03,1.0
18739,36579,2016-01-03,1.0
9401,9401,2016-01-03,1.0
4362,41075,2016-01-03,1.0
11142,70355,2016-01-03,1.0
29887,50309,2016-01-03,1.0
3922,84454,2016-01-03,1.0
58096,58096,2016-01-03,1.0
17773,1131,2016-01-03,1.0
4312,70355,2016-01-03,1.0
763,73784,2016-01-03,1.0
28128,53091,2016-01-03,1.0
763,9401,2016-01-03,1.0
28128,28128,2016-01-03,1.0
3684,8875,2016-01-03,1.0
2841,3402,2016-01-03,1.0
83382,83382,2016-01-03,1.0
11100,11100,2016-01-03,1.0
18739,18739,2016-01-03,1.0
6094,25510,2016-01-03,1.0
14094,28128,2016-01-03,1.0
4312,36579,2016-01-03,1.0
36579,36579,2016-01-03,1.0
1306,1306,2016-01-03,1.0
38468,10909,2016-01-03,1.0
3402,6094,2016-01-03,1.0
81332,80739,2016-01-03,1.0
73784,73784,2016-01-03,1.0
25510,33672,2016-01-03,1.0
290,290,2016-01-03,1.0
3272,6094,2016-01-03,1.0
2530,1306,2016-01-03,1.0
1465,41075,2016-01-03,1.0
33672,25510,2016-01-03,1.0
8385,8875,2016-01-03,1.0
75,3402,2016-01-03,1.0
8385,78554,2016-01-03,1.0
4177,4177,2016-01-03,1.0
17988,2146,2016-01-03,1.0
12481,36579,2016-01-03,1.0
2051,28128,2016-01-03,1.0
80739,80739,2016-01-03,1.0
1573,78554,2016-01-03,1.0
84390,84390,2016-01-03,1.0
250,250,2016-01-03,1.0
1898,50309,2016-01-03,1.0
6827,84834,2016-01-03,1.0
84837,25527,2016-01-03,1.0
53091,28128,2016-01-03,1.0
2233,31016,2016-01-03,1.0
25510,6094,2016-01-03,1.0
3402,2841,2016-01-03,1.0
73784,84243,2016-01-03,1.0
1306,10273,2016-01-03,1.0
18739,10273,2016-01-03,1.0
67162,30954,2016-01-03,1.0
36721,48635,2016-01-03,1.0
44864,44864,2016-01-03,1.0
12481,12481,2016-01-03,1.0
3041,84390,2016-01-03,1.0
31469,3132,2016-01-03,1.0
2841,22989,2016-01-03,1.0
6101,36688,2016-01-03,1.0
7576,7576,2016-01-03,1.0
4231,84820,2016-01-03,1.0
5690,62272,2016-01-03,1.0
2954,78554,2016-01-03,1.0
20597,43322,2016-01-04,1.0
48522,48522,2016-01-04,1.0
3684,62680,2016-01-04,1.0
23291,23291,2016-01-04,1.0
24309,42511,2016-01-04,1.0
7092,84874,2016-01-04,1.0
14319,14319,2016-01-04,1.0
70808,84874,2016-01-04,1.0
43322,43322,2016-01-04,1.0
6101,42511,2016-01-04,1.0
62680,62680,2016-01-04,1.0
6101,16183,2016-01-04,1.0
12481,41283,2016-01-04,1.0
18000,11142,2016-01-04,1.0
20796,84872,2016-01-04,1.0
9401,9401,2016-01-04,1.0
16183,16183,2016-01-04,1.0
76593,84872,2016-01-04,1.0
51137,51137,2016-01-04,1.0
3075,8628,2016-01-04,1.0
40564,17773,2016-01-04,1.0
613,41259,2016-01-04,1.0
24309,20994,2016-01-04,1.0
8799,8799,2016-01-04,1.0
8799,23291,2016-01-04,1.0
4312,20994,2016-01-04,1.0
35840,11100,2016-01-04,1.0
20302,20302,2016-01-04,1.0
4312,4312,2016-01-04,1.0
84846,7294,2016-01-04,1.0
50309,50309,2016-01-04,1.0
11919,11919,2016-01-04,1.0
62798,62798,2016-01-04,1.0
353,84759,2016-01-04,1.0
36862,83670,2016-01-04,1.0
53091,53091,2016-01-04,1.0
83670,83670,2016-01-04,1.0
3027,36721,2016-01-04,1.0
36721,36721,2016-01-04,1.0
14497,9401,2016-01-04,1.0
801,11100,2016-01-04,1.0
3027,2954,2016-01-04,1.0
74330,3402,2016-01-04,1.0
11546,78,2016-01-04,1.0
11100,11100,2016-01-04,1.0
36721,2954,2016-01-04,1.0
15629,11919,2016-01-04,1.0
3402,3402,2016-01-04,1.0
84272,84272,2016-01-04,1.0
4231,84834,2016-01-04,1.0
17773,1131,2016-01-04,1.0
6094,31310,2016-01-04,1.0
2954,2954,2016-01-04,1.0
3969,22989,2016-01-04,1.0
24078,20302,2016-01-04,1.0
1131,1131,2016-01-04,1.0
25256,25256,2016-01-04,1.0
391,25256,2016-01-04,1.0
763,8799,2016-01-04,1.0
5740,31016,2016-01-04,1.0
29887,78539,2016-01-04,1.0
40297,8799,2016-01-04,1.0
75496,4362,2016-01-04,1.0
8385,8799,2016-01-04,1.0
76479,76479,2016-01-04,1.0
8008,76479,2016-01-04,1.0
84577,1106,2016-01-04,1.0
21684,250,2016-01-04,1.0
11115,11115,2016-01-04,1.0
7206,11115,2016-01-04,1.0
11115,82843,2016-01-04,1.0
82843,82843,2016-01-04,1.0
81332,80739,2016-01-04,1.0
31310,31310,2016-01-04,1.0
3684,70355,2016-01-04,1.0
1465,41075,2016-01-04,1.0
42511,42511,2016-01-04,1.0
14830,70355,2016-01-04,1.0
69681,14094,2016-01-04,1.0
6249,1587,2016-01-04,1.0
763,10035,2016-01-04,1.0
57842,11919,2016-01-04,1.0
76479,9025,2016-01-04,1.0
2233,31016,2016-01-04,1.0
13904,25256,2016-01-04,1.0
6101,14319,2016-01-04,1.0
75382,50901,2016-01-04,1.0
40564,40564,2016-01-04,1.0
81169,8799,2016-01-04,1.0
40023,40564,2016-01-04,1.0
83633,41075,2016-01-04,1.0
78539,78539,2016-01-04,1.0
3901,7108,2016-01-04,1.0
3132,31469,2016-01-04,1.0
40564,2807,2016-01-04,1.0
83955,83955,2016-01-04,1.0
33039,83955,2016-01-04,1.0
5690,53091,2016-01-04,1.0
9652,16183,2016-01-04,1.0
25256,23077,2016-01-04,1.0
31807,1152,2016-01-04,1.0
13972,13265,2016-01-04,1.0
20302,41259,2016-01-04,1.0
46290,28128,2016-01-04,1.0
11260,11260,2016-01-04,1.0
78,26080,2016-01-04,1.0
4231,67066,2016-01-04,1.0
11260,7576,2016-01-04,1.0
50901,75382,2016-01-04,1.0
2954,3027,2016-01-04,1.0
84849,50309,2016-01-04,1.0
20302,24078,2016-01-04,1.0
84847,83382,2016-01-04,1.0
21339,30721,2016-01-04,1.0
4923,37919,2016-01-04,1.0
3503,28128,2016-01-04,1.0
4312,75382,2016-01-04,1.0
3402,74330,2016-01-04,1.0
11919,84840,2016-01-04,1.0
36721,3027,2016-01-04,1.0
9025,76479,2016-01-04,1.0
2841,3402,2016-01-04,1.0
2290,84874,2016-01-04,1.0
23291,8799,2016-01-04,1.0
398,398,2016-01-04,1.0
14450,8799,2016-01-04,1.0
17773,40564,2016-01-04,1.0
3995,24078,2016-01-04,1.0
11142,18000,2016-01-04,1.0
34859,83955,2016-01-04,1.0
8133,83955,2016-01-04,1.0
11260,31814,2016-01-04,1.0
70808,24078,2016-01-04,1.0
69194,14319,2016-01-04,1.0
49,26080,2016-01-04,1.0
28128,16183,2016-01-04,1.0
11260,74367,2016-01-04,1.0
763,84390,2016-01-04,1.0
11260,75496,2016-01-04,1.0
2926,50309,2016-01-04,1.0
36862,11856,2016-01-04,1.0
25011,11142,2016-01-04,1.0
9652,78539,2016-01-04,1.0
28128,3503,2016-01-04,1.0
4923,84549,2016-01-04,1.0
2383,3824,2016-01-04,1.0
74367,11260,2016-01-04,1.0
36972,70355,2016-01-04,1.0
75382,4312,2016-01-04,1.0
763,83382,2016-01-04,1.0
76593,83670,2016-01-04,1.0
14094,83382,2016-01-04,1.0
84759,6094,2016-01-04,1.0
16702,1,2016-01-04,1.0
36688,6101,2016-01-04,1.0
43076,82843,2016-01-04,1.0
38624,84885,2016-01-05,1.0
763,64444,2016-01-05,1.0
763,83670,2016-01-05,1.0
3402,84885,2016-01-05,1.0
48481,84885,2016-01-05,1.0
17773,17773,2016-01-05,1.0
10898,84772,2016-01-05,1.0
75,75500,2016-01-05,1.0
2383,36527,2016-01-05,1.0
9025,84885,2016-01-05,1.0
62680,38624,2016-01-05,1.0
25256,82179,2016-01-05,1.0
83382,763,2016-01-05,1.0
2383,461,2016-01-05,1.0
82843,75500,2016-01-05,1.0
5712,61426,2016-01-05,1.0
12178,20994,2016-01-05,1.0
53091,53091,2016-01-05,1.0
8112,2,2016-01-05,1.0
25256,25256,2016-01-05,1.0
25256,20302,2016-01-05,1.0
3684,84885,2016-01-05,1.0
33741,36721,2016-01-05,1.0
83670,83670,2016-01-05,1.0
13650,6101,2016-01-05,1.0
3402,74330,2016-01-05,1.0
3684,3684,2016-01-05,1.0
19729,64639,2016-01-05,1.0
42511,42511,2016-01-05,1.0
83382,84847,2016-01-05,1.0
7206,43354,2016-01-05,1.0
37919,1409,2016-01-05,1.0
8385,16183,2016-01-05,1.0
8385,74330,2016-01-05,1.0
6101,454,2016-01-05,1.0
2622,51484,2016-01-05,1.0
6101,69792,2016-01-05,1.0
2415,7206,2016-01-05,1.0
16888,8628,2016-01-05,1.0
74330,74330,2016-01-05,1.0
3272,84272,2016-01-05,1.0
74330,3402,2016-01-05,1.0
3402,3402,2016-01-05,1.0
81332,25854,2016-01-05,1.0
1847,3106,2016-01-05,1.0
9025,9025,2016-01-05,1.0
28128,2051,2016-01-05,1.0
43076,40023,2016-01-05,1.0
1345,40381,2016-01-05,1.0
1573,73384,2016-01-05,1.0
39836,728,2016-01-05,1.0
12178,12178,2016-01-05,1.0
10898,40023,2016-01-05,1.0
763,84390,2016-01-05,1.0
2530,40023,2016-01-05,1.0
36721,36721,2016-01-05,1.0
25511,11142,2016-01-05,1.0
11142,40381,2016-01-05,1.0
48503,74330,2016-01-05,1.0
38590,73384,2016-01-05,1.0
9652,25510,2016-01-05,1.0
9652,40023,2016-01-05,1.0
40023,40023,2016-01-05,1.0
9652,4040,2016-01-05,1.0
4040,4040,2016-01-05,1.0
48481,48481,2016-01-05,1.0
28128,53091,2016-01-05,1.0
83633,73384,2016-01-05,1.0
24309,42511,2016-01-05,1.0
8628,75500,2016-01-05,1.0
81169,35840,2016-01-05,1.0
2841,22989,2016-01-05,1.0
50901,36721,2016-01-05,1.0
76479,9025,2016-01-05,1.0
5239,84290,2016-01-05,1.0
35840,35840,2016-01-05,1.0
20994,12178,2016-01-05,1.0
31016,31016,2016-01-05,1.0
11142,73384,2016-01-05,1.0
84090,29783,2016-01-05,1.0
13265,82179,2016-01-05,1.0
11142,3684,2016-01-05,1.0
11142,4803,2016-01-05,1.0
9401,9401,2016-01-05,1.0
5690,53091,2016-01-05,1.0
3901,73384,2016-01-05,1.0
12705,82179,2016-01-05,1.0
8008,9025,2016-01-05,1.0
69037,1841,2016-01-05,1.0
1688,14725,2016-01-05,1.0
34341,34341,2016-01-05,1.0
1056,34341,2016-01-05,1.0
39836,1027,2016-01-05,1.0
25510,40023,2016-01-05,1.0
29783,84090,2016-01-05,1.0
8628,83060,2016-01-05,1.0
6101,20994,2016-01-05,1.0
2954,2954,2016-01-05,1.0
24309,20994,2016-01-05,1.0
75496,11260,2016-01-05,1.0
4696,18050,2016-01-05,1.0
4040,40023,2016-01-05,1.0
4803,11142,2016-01-05,1.0
84390,84390,2016-01-05,1.0
36601,84867,2016-01-05,1.0
35840,8799,2016-01-05,1.0
49,2597,2016-01-05,1.0
2554,41619,2016-01-05,1.0
40821,25854,2016-01-05,1.0
9025,41283,2016-01-05,1.0
43354,43322,2016-01-05,1.0
82179,25256,2016-01-05,1.0
10898,10898,2016-01-05,1.0
6101,84872,2016-01-05,1.0
41619,41619,2016-01-05,1.0
14450,84772,2016-01-05,1.0
17773,40564,2016-01-05,1.0
84772,10898,2016-01-05,1.0
38624,62680,2016-01-05,1.0
5263,20994,2016-01-05,1.0
20302,25256,2016-01-05,1.0
50901,50901,2016-01-05,1.0
13360,64444,2016-01-05,1.0
25510,84872,2016-01-05,1.0
64444,64444,2016-01-05,1.0
43322,43322,2016-01-05,1.0
43076,25854,2016-01-05,1.0
25854,25854,2016-01-05,1.0
2233,41283,2016-01-05,1.0
2051,2051,2016-01-05,1.0
2051,53091,2016-01-05,1.0
8133,34859,2016-01-05,1.0
49,4262,2016-01-05,1.0
12138,25256,2016-01-05,1.0
2597,49,2016-01-05,1.0
398,398,2016-01-05,1.0
14450,64639,2016-01-05,1.0
51484,51484,2016-01-05,1.0
43076,64639,2016-01-05,1.0
64639,64639,2016-01-05,1.0
28128,28128,2016-01-05,1.0
8628,8628,2016-01-05,1.0
4832,69194,2016-01-05,1.0
6101,62680,2016-01-05,1.0
7206,43322,2016-01-05,1.0
81169,8799,2016-01-05,1.0
13650,64444,2016-01-05,1.0
21146,72273,2016-01-06,1.0
29783,4312,2016-01-06,1.0
4961,84454,2016-01-06,1.0
56617,56617,2016-01-06,1.0
76479,76479,2016-01-06,1.0
15743,15743,2016-01-06,1.0
82843,82843,2016-01-06,1.0
21339,21339,2016-01-06,1.0
41619,2554,2016-01-06,1.0
43076,26415,2016-01-06,1.0
74411,74411,2016-01-06,1.0
43076,74411,2016-01-06,1.0
6101,14319,2016-01-06,1.0
28128,28128,2016-01-06,1.0
2954,2954,2016-01-06,1.0
11115,11115,2016-01-06,1.0
8628,955,2016-01-06,1.0
8628,48481,2016-01-06,1.0
7687,2954,2016-01-06,1.0
13265,74411,2016-01-06,1.0
21146,56617,2016-01-06,1.0
4312,4312,2016-01-06,1.0
25510,25510,2016-01-06,1.0
4177,28128,2016-01-06,1.0
19075,84700,2016-01-06,1.0
25510,4040,2016-01-06,1.0
48481,48481,2016-01-06,1.0
48562,15743,2016-01-06,1.0
303,303,2016-01-06,1.0
121,74411,2016-01-06,1.0
50901,36721,2016-01-06,1.0
70355,45242,2016-01-06,1.0
84210,84210,2016-01-06,1.0
1573,15743,2016-01-06,1.0
81332,84914,2016-01-06,1.0
44293,76479,2016-01-06,1.0
20729,11260,2016-01-06,1.0
21684,15743,2016-01-06,1.0
82067,45057,2016-01-06,1.0
26415,26415,2016-01-06,1.0
11260,84914,2016-01-06,1.0
17907,21146,2016-01-06,1.0
84951,40023,2016-01-06,1.0
318,14286,2016-01-06,1.0
13093,6671,2016-01-06,1.0
3462,43354,2016-01-06,1.0
70808,21157,2016-01-06,1.0
763,84210,2016-01-06,1.0
76500,11540,2016-01-06,1.0
57114,82843,2016-01-06,1.0
2926,5200,2016-01-06,1.0
42278,70355,2016-01-06,1.0
70355,70355,2016-01-06,1.0
1573,84454,2016-01-06,1.0
84944,84944,2016-01-06,1.0
84454,84454,2016-01-06,1.0
13119,84454,2016-01-06,1.0
12481,11142,2016-01-06,1.0
84939,84939,2016-01-06,1.0
84700,84700,2016-01-06,1.0
2051,2051,2016-01-06,1.0
22620,22620,2016-01-06,1.0
20597,11115,2016-01-06,1.0
70355,22620,2016-01-06,1.0
20595,1532,2016-01-06,1.0
82843,11115,2016-01-06,1.0
38566,77923,2016-01-06,1.0
62673,8430,2016-01-06,1.0
70808,84939,2016-01-06,1.0
5690,21339,2016-01-06,1.0
70808,84944,2016-01-06,1.0
1898,25510,2016-01-06,1.0
46573,38236,2016-01-06,1.0
21157,21157,2016-01-06,1.0
9652,25510,2016-01-06,1.0
6936,74411,2016-01-06,1.0
8430,8430,2016-01-06,1.0
43122,14454,2016-01-06,1.0
28128,2051,2016-01-06,1.0
1898,40023,2016-01-06,1.0
54316,73593,2016-01-06,1.0
11142,84210,2016-01-06,1.0
955,8628,2016-01-06,1.0
10365,77923,2016-01-06,1.0
4312,4040,2016-01-06,1.0
12178,12178,2016-01-06,1.0
40023,25510,2016-01-06,1.0
763,83670,2016-01-06,1.0
763,40023,2016-01-06,1.0
20302,20729,2016-01-06,1.0
13265,20729,2016-01-06,1.0
11142,11142,2016-01-06,1.0
9652,40023,2016-01-06,1.0
28104,84911,2016-01-06,1.0
25256,82179,2016-01-06,1.0
82179,82179,2016-01-06,1.0
2554,2554,2016-01-06,1.0
2733,1222,2016-01-06,1.0
11260,45653,2016-01-06,1.0
38448,2318,2016-01-06,1.0
28128,84431,2016-01-06,1.0
28128,8494,2016-01-06,1.0
28128,55934,2016-01-06,1.0
45057,45057,2016-01-06,1.0
11142,70355,2016-01-06,1.0
1946,11115,2016-01-06,1.0
12481,21157,2016-01-06,1.0
43122,15743,2016-01-06,1.0
38236,46573,2016-01-06,1.0
1532,20595,2016-01-06,1.0
1532,26536,2016-01-06,1.0
56617,72273,2016-01-06,1.0
300,69747,2016-01-06,1.0
75274,45653,2016-01-06,1.0
4312,29783,2016-01-06,1.0
15743,48562,2016-01-06,1.0
82067,26415,2016-01-06,1.0
3384,3384,2016-01-06,1.0
20729,84914,2016-01-06,1.0
83382,81400,2016-01-06,1.0
7732,6671,2016-01-06,1.0
82616,6671,2016-01-06,1.0
7732,84896,2016-01-06,1.0
23015,382,2016-01-06,1.0
84179,40023,2016-01-06,1.0
11260,20729,2016-01-06,1.0
56938,56938,2016-01-06,1.0
62810,36886,2016-01-06,1.0
20729,20729,2016-01-06,1.0
28104,28104,2016-01-06,1.0
84911,28104,2016-01-06,1.0
6518,84179,2016-01-06,1.0
1516,5034,2016-01-06,1.0
43076,84179,2016-01-06,1.0
20729,3698,2016-01-06,1.0
53091,53091,2016-01-06,1.0
7732,5407,2016-01-06,1.0
37103,65913,2016-01-06,1.0
75500,75500,2016-01-06,1.0
18128,43354,2016-01-06,1.0
2383,45057,2016-01-06,1.0
30186,72273,2016-01-06,1.0
4040,4040,2016-01-06,1.0
84510,84431,2016-01-06,1.0
6671,82616,2016-01-06,1.0
43076,45057,2016-01-06,1.0
19885,3684,2016-01-06,1.0
25510,84914,2016-01-06,1.0
3106,4040,2016-01-06,1.0
45653,45653,2016-01-06,1.0
35872,303,2016-01-06,1.0
1573,84914,2016-01-06,1.0
48142,21146,2016-01-06,1.0
21146,21146,2016-01-06,1.0
12565,25510,2016-01-06,1.0
84914,84914,2016-01-06,1.0
1306,40023,2016-01-06,1.0
1847,36886,2016-01-06,1.0
3106,3106,2016-01-06,1.0
36721,36721,2016-01-06,1.0
3106,25510,2016-01-06,1.0
40983,8008,2016-01-07,1.0
6671,6671,2016-01-07,1.0
11260,68232,2016-01-07,1.0
76479,9025,2016-01-07,1.0
1946,1946,2016-01-07,1.0
21684,21985,2016-01-07,1.0
6101,6101,2016-01-07,1.0
69880,72273,2016-01-07,1.0
9025,2954,2016-01-07,1.0
83633,41075,2016-01-07,1.0
20781,9025,2016-01-07,1.0
55893,6671,2016-01-07,1.0
22722,22722,2016-01-07,1.0
6101,18060,2016-01-07,1.0
9025,9025,2016-01-07,1.0
43122,43122,2016-01-07,1.0
58057,5516,2016-01-07,1.0
7206,1946,2016-01-07,1.0
1131,15214,2016-01-07,1.0
77923,10365,2016-01-07,1.0
4053,12978,2016-01-07,1.0
15214,15214,2016-01-07,1.0
72273,21146,2016-01-07,1.0
2954,22722,2016-01-07,1.0
21564,41075,2016-01-07,1.0
2926,1946,2016-01-07,1.0
4177,28128,2016-01-07,1.0
69194,47510,2016-01-07,1.0
14094,43783,2016-01-07,1.0
43076,43783,2016-01-07,1.0
1898,76239,2016-01-07,1.0
36721,36721,2016-01-07,1.0
47763,47763,2016-01-07,1.0
83519,83519,2016-01-07,1.0
763,6671,2016-01-07,1.0
42278,43783,2016-01-07,1.0
6936,74411,2016-01-07,1.0
8430,76239,2016-01-07,1.0
4312,83519,2016-01-07,1.0
70355,6101,2016-01-07,1.0
43783,43783,2016-01-07,1.0
70808,76239,2016-01-07,1.0
20597,84989,2016-01-07,1.0
9652,40023,2016-01-07,1.0
83519,2954,2016-01-07,1.0
2954,2954,2016-01-07,1.0
20302,2123,2016-01-07,1.0
22989,22989,2016-01-07,1.0
50356,7108,2016-01-07,1.0
28128,28128,2016-01-07,1.0
11025,47763,2016-01-07,1.0
14094,22989,2016-01-07,1.0
50356,766,2016-01-07,1.0
2954,70355,2016-01-07,1.0
8008,84885,2016-01-07,1.0
70355,70355,2016-01-07,1.0
1465,50796,2016-01-07,1.0
1465,73384,2016-01-07,1.0
2051,40023,2016-01-07,1.0
43076,45057,2016-01-07,1.0
74411,74411,2016-01-07,1.0
84952,84952,2016-01-07,1.0
74138,21339,2016-01-07,1.0
48839,84955,2016-01-07,1.0
43076,12905,2016-01-07,1.0
22620,22620,2016-01-07,1.0
11504,6094,2016-01-07,1.0
70355,22620,2016-01-07,1.0
36886,36886,2016-01-07,1.0
70355,45242,2016-01-07,1.0
11142,11142,2016-01-07,1.0
25510,25510,2016-01-07,1.0
21051,84955,2016-01-07,1.0
28128,2051,2016-01-07,1.0
29783,4312,2016-01-07,1.0
14286,14286,2016-01-07,1.0
41593,33333,2016-01-07,1.0
21339,21339,2016-01-07,1.0
45242,45242,2016-01-07,1.0
4696,16702,2016-01-07,1.0
33333,33333,2016-01-07,1.0
4312,4312,2016-01-07,1.0
1465,84454,2016-01-07,1.0
14094,84700,2016-01-07,1.0
65913,65913,2016-01-07,1.0
15629,12978,2016-01-07,1.0
70019,382,2016-01-07,1.0
8846,2738,2016-01-07,1.0
14094,12978,2016-01-07,1.0
84955,84955,2016-01-07,1.0
43354,43354,2016-01-07,1.0
4789,43122,2016-01-07,1.0
5621,84966,2016-01-07,1.0
70355,42278,2016-01-07,1.0
42278,42278,2016-01-07,1.0
14454,14454,2016-01-07,1.0
43076,43108,2016-01-07,1.0
11054,21339,2016-01-07,1.0
4312,84752,2016-01-07,1.0
7732,84752,2016-01-07,1.0
9025,7732,2016-01-07,1.0
1465,6671,2016-01-07,1.0
763,12978,2016-01-07,1.0
14094,21985,2016-01-07,1.0
2954,83519,2016-01-07,1.0
1148,84952,2016-01-07,1.0
12605,3106,2016-01-07,1.0
9025,20781,2016-01-07,1.0
6101,6316,2016-01-07,1.0
43122,4789,2016-01-07,1.0
18739,12905,2016-01-07,1.0
42278,70355,2016-01-07,1.0
6101,70355,2016-01-07,1.0
58057,4721,2016-01-07,1.0
4832,84961,2016-01-07,1.0
25510,50796,2016-01-07,1.0
18128,43354,2016-01-07,1.0
36721,37850,2016-01-07,1.0
38624,17773,2016-01-07,1.0
12481,70355,2016-01-07,1.0
38448,3106,2016-01-07,1.0
11115,30186,2016-01-07,1.0
12166,41075,2016-01-07,1.0
84989,20597,2016-01-07,1.0
82616,84990,2016-01-07,1.0
11260,65922,2016-01-07,1.0
11260,76239,2016-01-07,1.0
14450,64639,2016-01-07,1.0
4149,5690,2016-01-07,1.0
391,5690,2016-01-07,1.0
24309,50796,2016-01-07,1.0
801,11100,2016-01-07,1.0
70808,24078,2016-01-07,1.0
41139,66,2016-01-08,1.0
10366,10366,2016-01-08,1.0
13215,22337,2016-01-08,1.0
11260,38448,2016-01-08,1.0
15155,5690,2016-01-08,1.0
11640,5181,2016-01-08,1.0
13972,75382,2016-01-08,1.0
9502,42774,2016-01-08,1.0
21684,21985,2016-01-08,1.0
25510,85042,2016-01-08,1.0
21252,36035,2016-01-08,1.0
2954,85022,2016-01-08,1.0
25510,25510,2016-01-08,1.0
11919,6043,2016-01-08,1.0
4312,25510,2016-01-08,1.0
10898,6043,2016-01-08,1.0
5690,38448,2016-01-08,1.0
16702,33672,2016-01-08,1.0
2530,80668,2016-01-08,1.0
16702,16702,2016-01-08,1.0
21985,21985,2016-01-08,1.0
76479,9025,2016-01-08,1.0
37555,82179,2016-01-08,1.0
11260,17276,2016-01-08,1.0
81645,75382,2016-01-08,1.0
8628,58682,2016-01-08,1.0
2530,43364,2016-01-08,1.0
290,290,2016-01-08,1.0
56094,1492,2016-01-08,1.0
69037,3502,2016-01-08,1.0
78,5690,2016-01-08,1.0
290,78,2016-01-08,1.0
40297,42804,2016-01-08,1.0
85047,85047,2016-01-08,1.0
38448,41075,2016-01-08,1.0
69850,22337,2016-01-08,1.0
1306,85011,2016-01-08,1.0
6348,40023,2016-01-08,1.0
82179,40023,2016-01-08,1.0
290,46290,2016-01-08,1.0
48839,75968,2016-01-08,1.0
297,7108,2016-01-08,1.0
85019,22051,2016-01-08,1.0
22,22337,2016-01-08,1.0
19885,84430,2016-01-08,1.0
78,78,2016-01-08,1.0
5690,78,2016-01-08,1.0
290,70498,2016-01-08,1.0
56669,1459,2016-01-08,1.0
9025,9025,2016-01-08,1.0
84430,84430,2016-01-08,1.0
22337,22337,2016-01-08,1.0
37103,40023,2016-01-08,1.0
1573,10366,2016-01-08,1.0
297,766,2016-01-08,1.0
69850,69850,2016-01-08,1.0
69880,72273,2016-01-08,1.0
19444,19444,2016-01-08,1.0
43783,43783,2016-01-08,1.0
85015,33672,2016-01-08,1.0
43076,43783,2016-01-08,1.0
36721,77923,2016-01-08,1.0
75853,75853,2016-01-08,1.0
3032,4040,2016-01-08,1.0
297,297,2016-01-08,1.0
48334,75274,2016-01-08,1.0
78312,1233,2016-01-08,1.0
11142,84430,2016-01-08,1.0
22337,69850,2016-01-08,1.0
10503,85011,2016-01-08,1.0
64639,14450,2016-01-08,1.0
17581,955,2016-01-08,1.0
12705,84989,2016-01-08,1.0
76593,85008,2016-01-08,1.0
11260,22337,2016-01-08,1.0
83519,83519,2016-01-08,1.0
14094,16524,2016-01-08,1.0
10744,51685,2016-01-08,1.0
4312,83519,2016-01-08,1.0
84966,84966,2016-01-08,1.0
22620,22620,2016-01-08,1.0
11142,85008,2016-01-08,1.0
85011,85011,2016-01-08,1.0
70808,76239,2016-01-08,1.0
32898,16537,2016-01-08,1.0
290,85011,2016-01-08,1.0
43122,14454,2016-01-08,1.0
1306,22337,2016-01-08,1.0
85045,85045,2016-01-08,1.0
2954,85047,2016-01-08,1.0
58682,8628,2016-01-08,1.0
40023,6348,2016-01-08,1.0
31102,31102,2016-01-08,1.0
14094,31102,2016-01-08,1.0
22337,22,2016-01-08,1.0
14454,14454,2016-01-08,1.0
16762,2623,2016-01-08,1.0
18739,6043,2016-01-08,1.0
3272,25510,2016-01-08,1.0
4948,4312,2016-01-08,1.0
1492,1492,2016-01-08,1.0
70355,22620,2016-01-08,1.0
84768,33672,2016-01-08,1.0
20597,84989,2016-01-08,1.0
1688,85007,2016-01-08,1.0
3077,66536,2016-01-08,1.0
13650,84549,2016-01-08,1.0
69850,11877,2016-01-08,1.0
40023,82179,2016-01-08,1.0
68232,68232,2016-01-08,1.0
4312,4312,2016-01-08,1.0
6101,71045,2016-01-08,1.0
1898,85037,2016-01-08,1.0
454,85043,2016-01-08,1.0
85037,85037,2016-01-08,1.0
5181,5181,2016-01-08,1.0
8133,8133,2016-01-08,1.0
6101,4312,2016-01-08,1.0
76239,76239,2016-01-08,1.0
66044,8133,2016-01-08,1.0
13767,22,2016-01-08,1.0
6348,6348,2016-01-08,1.0
70808,85042,2016-01-08,1.0
40564,17773,2016-01-08,1.0
41139,31102,2016-01-08,1.0
84768,61149,2016-01-08,1.0
5690,5690,2016-01-08,1.0
7710,1050,2016-01-08,1.0
1441,31102,2016-01-08,1.0
8430,40023,2016-01-08,1.0
67002,67002,2016-01-08,1.0
36688,75853,2016-01-08,1.0
18571,6043,2016-01-08,1.0
766,85027,2016-01-08,1.0
38448,38448,2016-01-08,1.0
4832,6043,2016-01-08,1.0
17773,2954,2016-01-08,1.0
85022,85022,2016-01-08,1.0
22,22,2016-01-08,1.0
2039,5181,2016-01-08,1.0
42804,42804,2016-01-08,1.0
2954,22620,2016-01-08,1.0
76593,40322,2016-01-08,1.0
1573,85045,2016-01-08,1.0
1946,8133,2016-01-08,1.0
70498,290,2016-01-08,1.0
763,85045,2016-01-08,1.0
5831,19475,2016-01-08,1.0
1540,85045,2016-01-08,1.0
7294,75968,2016-01-08,1.0
14094,22989,2016-01-08,1.0
85022,2954,2016-01-08,1.0
8008,8008,2016-01-08,1.0
44651,37354,2016-01-08,1.0
56669,56669,2016-01-08,1.0
34538,22,2016-01-08,1.0
11877,394,2016-01-08,1.0
5621,84966,2016-01-08,1.0
394,394,2016-01-08,1.0
2622,38448,2016-01-08,1.0
69850,5690,2016-01-08,1.0
80668,2530,2016-01-08,1.0
2954,6043,2016-01-08,1.0
2954,2954,2016-01-08,1.0
2233,85022,2016-01-08,1.0
2738,2738,2016-01-08,1.0
77923,77923,2016-01-08,1.0
9072,78,2016-01-08,1.0
23297,21339,2016-01-09,1.0
31102,31102,2016-01-09,1.0
78,78,2016-01-09,1.0
2290,2290,2016-01-09,1.0
51389,47958,2016-01-09,1.0
84881,13650,2016-01-09,1.0
22722,22722,2016-01-09,1.0
78,5690,2016-01-09,1.0
66536,66536,2016-01-09,1.0
11260,11260,2016-01-09,1.0
1441,31102,2016-01-09,1.0
19475,19475,2016-01-09,1.0
84874,2290,2016-01-09,1.0
84874,84874,2016-01-09,1.0
75382,13972,2016-01-09,1.0
21339,21339,2016-01-09,1.0
4312,85047,2016-01-09,1.0
21349,28128,2016-01-09,1.0
20302,20302,2016-01-09,1.0
47510,47510,2016-01-09,1.0
13972,13972,2016-01-09,1.0
3106,28128,2016-01-09,1.0
70498,20302,2016-01-09,1.0
78,22337,2016-01-09,1.0
70808,13972,2016-01-09,1.0
83382,58682,2016-01-09,1.0
21349,11260,2016-01-09,1.0
17276,11260,2016-01-09,1.0
42804,42804,2016-01-09,1.0
1688,21252,2016-01-09,1.0
763,39717,2016-01-09,1.0
21146,44022,2016-01-09,1.0
38468,391,2016-01-09,1.0
21252,21252,2016-01-09,1.0
11260,85073,2016-01-09,1.0
10605,6249,2016-01-09,1.0
3503,70925,2016-01-09,1.0
45242,4312,2016-01-09,1.0
42804,13972,2016-01-09,1.0
83598,83598,2016-01-09,1.0
40564,17773,2016-01-09,1.0
8628,955,2016-01-09,1.0
5831,19475,2016-01-09,1.0
70808,6249,2016-01-09,1.0
6249,6249,2016-01-09,1.0
35416,44022,2016-01-09,1.0
12705,83598,2016-01-09,1.0
85079,2926,2016-01-09,1.0
46495,13972,2016-01-09,1.0
2926,2926,2016-01-09,1.0
20302,70498,2016-01-09,1.0
15629,21252,2016-01-09,1.0
13650,84881,2016-01-09,1.0
13650,25199,2016-01-09,1.0
70808,41075,2016-01-09,1.0
50846,31102,2016-01-09,1.0
43076,40322,2016-01-09,1.0
15629,36035,2016-01-09,1.0
74606,44022,2016-01-09,1.0
51389,6129,2016-01-09,1.0
13972,42804,2016-01-09,1.0
84955,84955,2016-01-09,1.0
4312,1737,2016-01-09,1.0
4312,45242,2016-01-09,1.0
25494,59205,2016-01-09,1.0
391,84664,2016-01-09,1.0
13972,46495,2016-01-09,1.0
40297,9379,2016-01-09,1.0
83598,12705,2016-01-09,1.0
84961,4832,2016-01-09,1.0
7294,85055,2016-01-09,1.0
763,763,2016-01-09,1.0
14454,14454,2016-01-09,1.0
14497,763,2016-01-09,1.0
39717,39717,2016-01-09,1.0
38448,70808,2016-01-09,1.0
290,39717,2016-01-09,1.0
6936,85059,2016-01-09,1.0
12310,85059,2016-01-09,1.0
69850,5690,2016-01-09,1.0
44022,44022,2016-01-09,1.0
44022,74606,2016-01-09,1.0
2926,31102,2016-01-09,1.0
39717,763,2016-01-09,1.0
2000,83598,2016-01-09,1.0
4832,85055,2016-01-09,1.0
37436,25199,2016-01-09,1.0
50356,297,2016-01-09,1.0
31102,50846,2016-01-09,1.0
4832,85045,2016-01-09,1.0
3502,3502,2016-01-09,1.0
8385,16183,2016-01-09,1.0
70808,70808,2016-01-09,1.0
4149,4149,2016-01-09,1.0
68232,68232,2016-01-09,1.0
1465,85059,2016-01-09,1.0
61479,75735,2016-01-09,1.0
84919,84919,2016-01-09,1.0
763,84919,2016-01-09,1.0
75968,48839,2016-01-10,1.0
8628,66559,2016-01-10,1.0
46495,13972,2016-01-10,1.0
2503,69037,2016-01-10,1.0
43122,13972,2016-01-10,1.0
12178,12178,2016-01-10,1.0
30186,7206,2016-01-10,1.0
28128,28128,2016-01-10,1.0
46495,46495,2016-01-10,1.0
1688,85101,2016-01-10,1.0
11142,85086,2016-01-10,1.0
19075,19075,2016-01-10,1.0
14094,19075,2016-01-10,1.0
8133,8133,2016-01-10,1.0
66,18269,2016-01-10,1.0
41274,70618,2016-01-10,1.0
4312,74651,2016-01-10,1.0
44022,44022,2016-01-10,1.0
297,19075,2016-01-10,1.0
5917,8133,2016-01-10,1.0
8430,78387,2016-01-10,1.0
1650,1465,2016-01-10,1.0
78539,8008,2016-01-10,1.0
20597,8133,2016-01-10,1.0
85101,85101,2016-01-10,1.0
85099,85099,2016-01-10,1.0
45242,4312,2016-01-10,1.0
14094,85101,2016-01-10,1.0
2000,28128,2016-01-10,1.0
5690,78,2016-01-10,1.0
53091,28128,2016-01-10,1.0
43108,43108,2016-01-10,1.0
6101,45242,2016-01-10,1.0
43054,69037,2016-01-10,1.0
4312,45242,2016-01-10,1.0
7206,7206,2016-01-10,1.0
85073,85073,2016-01-10,1.0
454,14319,2016-01-10,1.0
8430,85099,2016-01-10,1.0
31102,31102,2016-01-10,1.0
42571,42571,2016-01-10,1.0
1946,7206,2016-01-10,1.0
11552,11552,2016-01-10,1.0
25510,11552,2016-01-10,1.0
14830,11552,2016-01-10,1.0
2530,45242,2016-01-10,1.0
4312,4312,2016-01-10,1.0
9379,40297,2016-01-10,1.0
85086,85086,2016-01-10,1.0
85055,85055,2016-01-10,1.0
1441,31102,2016-01-10,1.0
4231,1688,2016-01-10,1.0
8430,85086,2016-01-10,1.0
37103,85086,2016-01-10,1.0
766,42571,2016-01-10,1.0
19949,85077,2016-01-10,1.0
4832,85055,2016-01-10,1.0
64294,84664,2016-01-10,1.0
8385,28128,2016-01-10,1.0
5917,8991,2016-01-10,1.0
84919,84919,2016-01-10,1.0
10035,10035,2016-01-10,1.0
2954,10365,2016-01-10,1.0
2954,2578,2016-01-10,1.0
22620,22620,2016-01-10,1.0
121,10035,2016-01-10,1.0
78,78,2016-01-10,1.0
84664,84664,2016-01-10,1.0
9924,85086,2016-01-10,1.0
955,955,2016-01-10,1.0
85047,85047,2016-01-10,1.0
40804,41873,2016-01-10,1.0
41873,41873,2016-01-10,1.0
48745,41873,2016-01-10,1.0
454,85073,2016-01-10,1.0
66559,8628,2016-01-10,1.0
25121,8628,2016-01-10,1.0
7206,30186,2016-01-10,1.0
2954,85073,2016-01-10,1.0
14447,6249,2016-01-10,1.0
11142,11552,2016-01-10,1.0
84833,84664,2016-01-10,1.0
4312,85093,2016-01-10,1.0
8991,5917,2016-01-10,1.0
70618,41274,2016-01-10,1.0
8133,5917,2016-01-10,1.0
766,61028,2016-01-10,1.0
11115,20597,2016-01-10,1.0
85045,14319,2016-01-10,1.0
11025,47763,2016-01-10,1.0
20597,5917,2016-01-10,1.0
13265,74411,2016-01-10,1.0
6030,5690,2016-01-10,1.0
36721,21339,2016-01-10,1.0
9502,30827,2016-01-10,1.0
85022,85022,2016-01-10,1.0
12481,10035,2016-01-10,1.0
7460,5496,2016-01-10,1.0
84179,19475,2016-01-10,1.0
6950,1310,2016-01-10,1.0
11260,454,2016-01-10,1.0
454,454,2016-01-10,1.0
85079,2926,2016-01-10,1.0
7460,46104,2016-01-10,1.0
43054,6249,2016-01-10,1.0
43122,84961,2016-01-10,1.0
84961,84961,2016-01-10,1.0
9449,40038,2016-01-10,1.0
2233,8628,2016-01-10,1.0
85045,85045,2016-01-10,1.0
29783,66559,2016-01-10,1.0
5442,28128,2016-01-11,1.0
2926,28128,2016-01-11,1.0
6936,74411,2016-01-11,1.0
2926,8385,2016-01-11,1.0
83598,12705,2016-01-11,1.0
2954,8385,2016-01-11,1.0
85120,8508,2016-01-11,1.0
20597,20597,2016-01-11,1.0
8385,8385,2016-01-11,1.0
6094,8385,2016-01-11,1.0
8385,4619,2016-01-11,1.0
4832,76453,2016-01-11,1.0
763,65756,2016-01-11,1.0
11115,22277,2016-01-11,1.0
82179,8385,2016-01-11,1.0
8133,8133,2016-01-11,1.0
5081,74411,2016-01-11,1.0
49,49,2016-01-11,1.0
16183,28128,2016-01-11,1.0
5442,6466,2016-01-11,1.0
12481,12481,2016-01-11,1.0
76479,9025,2016-01-11,1.0
5690,6030,2016-01-11,1.0
13972,13972,2016-01-11,1.0
25256,763,2016-01-11,1.0
66774,6506,2016-01-11,1.0
19075,19075,2016-01-11,1.0
69037,69037,2016-01-11,1.0
13265,69037,2016-01-11,1.0
9072,84179,2016-01-11,1.0
613,76453,2016-01-11,1.0
613,80361,2016-01-11,1.0
75968,75968,2016-01-11,1.0
7294,75968,2016-01-11,1.0
43266,8628,2016-01-11,1.0
5015,70751,2016-01-11,1.0
317,6249,2016-01-11,1.0
85022,4312,2016-01-11,1.0
6249,6249,2016-01-11,1.0
13265,68399,2016-01-11,1.0
40297,69037,2016-01-11,1.0
85022,85022,2016-01-11,1.0
68399,68399,2016-01-11,1.0
454,58682,2016-01-11,1.0
4312,4312,2016-01-11,1.0
12120,16702,2016-01-11,1.0
76453,76453,2016-01-11,1.0
3901,69037,2016-01-11,1.0
29783,29783,2016-01-11,1.0
57782,57782,2016-01-11,1.0
32592,1610,2016-01-11,1.0
3402,85122,2016-01-11,1.0
9025,9025,2016-01-11,1.0
12481,43266,2016-01-11,1.0
1688,80361,2016-01-11,1.0
81143,1445,2016-01-11,1.0
28128,28128,2016-01-11,1.0
16785,6249,2016-01-11,1.0
25199,25199,2016-01-11,1.0
14340,8133,2016-01-11,1.0
12120,81143,2016-01-11,1.0
10266,10266,2016-01-11,1.0
8887,76453,2016-01-11,1.0
10266,19075,2016-01-11,1.0
47795,16321,2016-01-11,1.0
29783,57782,2016-01-11,1.0
1492,43266,2016-01-11,1.0
43266,43266,2016-01-11,1.0
1266,85022,2016-01-11,1.0
41593,29783,2016-01-11,1.0
4312,391,2016-01-11,1.0
46495,13972,2016-01-11,1.0
21271,41873,2016-01-11,1.0
766,70060,2016-01-11,1.0
6094,84664,2016-01-11,1.0
12489,12489,2016-01-11,1.0
8385,84664,2016-01-11,1.0
2415,2689,2016-01-11,1.0
12705,83598,2016-01-11,1.0
10076,30827,2016-01-11,1.0
85122,1459,2016-01-11,1.0
14830,25199,2016-01-11,1.0
20597,22277,2016-01-11,1.0
17308,3753,2016-01-11,1.0
2954,78387,2016-01-11,1.0
1445,81143,2016-01-11,1.0
40832,9317,2016-01-11,1.0
43266,38192,2016-01-11,1.0
12120,8628,2016-01-11,1.0
8794,81143,2016-01-11,1.0
4312,85022,2016-01-11,1.0
1573,46290,2016-01-11,1.0
28128,46290,2016-01-11,1.0
34341,8628,2016-01-11,1.0
297,57771,2016-01-11,1.0
28128,8385,2016-01-11,1.0
70618,58682,2016-01-11,1.0
2415,2415,2016-01-11,1.0
17901,42774,2016-01-11,1.0
65995,28128,2016-01-11,1.0
36035,2938,2016-01-11,1.0
297,19075,2016-01-11,1.0
7206,2415,2016-01-11,1.0
75968,48839,2016-01-11,1.0
75382,13972,2016-01-11,1.0
3106,38448,2016-01-11,1.0
8430,78387,2016-01-11,1.0
14094,19075,2016-01-11,1.0
10035,12481,2016-01-11,1.0
40297,40297,2016-01-11,1.0
1441,391,2016-01-11,1.0
2000,28128,2016-01-11,1.0
5917,20597,2016-01-11,1.0
5917,8133,2016-01-11,1.0
1098,84664,2016-01-11,1.0
3106,3106,2016-01-12,1.0
37103,83183,2016-01-12,1.0
48839,48839,2016-01-12,1.0
74411,74411,2016-01-12,1.0
57280,6249,2016-01-12,1.0
10035,12481,2016-01-12,1.0
7591,33449,2016-01-12,1.0
57782,29783,2016-01-12,1.0
12481,12481,2016-01-12,1.0
4312,4312,2016-01-12,1.0
33449,33449,2016-01-12,1.0
48839,4600,2016-01-12,1.0
8133,8133,2016-01-12,1.0
40723,14450,2016-01-12,1.0
29783,29783,2016-01-12,1.0
41873,41873,2016-01-12,1.0
2060,8628,2016-01-12,1.0
8628,8628,2016-01-12,1.0
42804,42804,2016-01-12,1.0
73530,4600,2016-01-12,1.0
7591,76593,2016-01-12,1.0
13265,42804,2016-01-12,1.0
10503,3106,2016-01-12,1.0
3402,85122,2016-01-12,1.0
9449,40038,2016-01-12,1.0
80710,84966,2016-01-12,1.0
37580,37580,2016-01-12,1.0
4354,1573,2016-01-12,1.0
2954,8628,2016-01-12,1.0
13265,10898,2016-01-12,1.0
14450,37580,2016-01-12,1.0
5091,4312,2016-01-12,1.0
43266,8628,2016-01-12,1.0
13650,9091,2016-01-12,1.0
1345,51203,2016-01-12,1.0
85122,85122,2016-01-12,1.0
10898,10898,2016-01-12,1.0
28128,4600,2016-01-12,1.0
1306,41283,2016-01-12,1.0
75,4600,2016-01-12,1.0
76593,76593,2016-01-12,1.0
12858,69289,2016-01-12,1.0
75968,48839,2016-01-12,1.0
41283,41283,2016-01-12,1.0
14094,69289,2016-01-12,1.0
16537,32898,2016-01-12,1.0
76284,76284,2016-01-12,1.0
70808,81773,2016-01-12,1.0
70808,85170,2016-01-12,1.0
17581,41283,2016-01-12,1.0
13265,37861,2016-01-12,1.0
2106,17581,2016-01-12,1.0
2383,4231,2016-01-12,1.0
35840,35360,2016-01-12,1.0
14450,35360,2016-01-12,1.0
1688,85168,2016-01-12,1.0
4312,4600,2016-01-12,1.0
40564,84637,2016-01-12,1.0
24014,24014,2016-01-12,1.0
69289,69289,2016-01-12,1.0
6506,6506,2016-01-12,1.0
16702,69194,2016-01-12,1.0
4312,8628,2016-01-12,1.0
14450,14450,2016-01-12,1.0
17581,36185,2016-01-12,1.0
14094,84700,2016-01-12,1.0
3901,69037,2016-01-12,1.0
12705,3106,2016-01-12,1.0
402,6249,2016-01-12,1.0
36185,36185,2016-01-12,1.0
81332,84144,2016-01-12,1.0
4767,1688,2016-01-12,1.0
454,73530,2016-01-12,1.0
84881,9091,2016-01-12,1.0
1266,1266,2016-01-12,1.0
6094,75619,2016-01-12,1.0
41283,1266,2016-01-12,1.0
37850,4312,2016-01-12,1.0
84509,84509,2016-01-12,1.0
4312,84509,2016-01-12,1.0
84700,84700,2016-01-12,1.0
5015,24757,2016-01-12,1.0
3106,85140,2016-01-12,1.0
66,85143,2016-01-12,1.0
9091,76479,2016-01-12,1.0
11540,11540,2016-01-12,1.0
84966,80710,2016-01-12,1.0
9091,84881,2016-01-12,1.0
4312,85047,2016-01-12,1.0
3199,85140,2016-01-12,1.0
69194,16702,2016-01-12,1.0
4231,5690,2016-01-12,1.0
23141,33449,2016-01-12,1.0
58682,58682,2016-01-12,1.0
58682,70618,2016-01-12,1.0
2954,85022,2016-01-12,1.0
70618,70618,2016-01-12,1.0
76600,62560,2016-01-12,1.0
62560,62560,2016-01-12,1.0
20597,84989,2016-01-12,1.0
6348,2095,2016-01-12,1.0
763,763,2016-01-12,1.0
1345,83581,2016-01-12,1.0
5690,5690,2016-01-12,1.0
75422,83183,2016-01-12,1.0
362,84144,2016-01-12,1.0
15934,85143,2016-01-12,1.0
1266,41283,2016-01-12,1.0
4312,37850,2016-01-12,1.0
47795,16321,2016-01-12,1.0
85136,2095,2016-01-12,1.0
2481,84144,2016-01-12,1.0
85170,16557,2016-01-12,1.0
17581,2106,2016-01-12,1.0
5101,10898,2016-01-12,1.0
75,8628,2016-01-12,1.0
1306,17644,2016-01-12,1.0
4600,73530,2016-01-12,1.0
70808,85168,2016-01-12,1.0
84637,40564,2016-01-12,1.0
11142,11142,2016-01-12,1.0
23141,23141,2016-01-12,1.0
2733,85140,2016-01-12,1.0
43122,13972,2016-01-12,1.0
7206,85140,2016-01-12,1.0
46495,13972,2016-01-12,1.0
763,23141,2016-01-12,1.0
297,297,2016-01-12,1.0
7206,3199,2016-01-12,1.0
5917,20597,2016-01-12,1.0
43266,34341,2016-01-12,1.0
17261,766,2016-01-12,1.0
20597,20597,2016-01-12,1.0
3106,12481,2016-01-12,1.0
766,766,2016-01-12,1.0
11540,6249,2016-01-12,1.0
22810,69037,2016-01-12,1.0
6249,6249,2016-01-12,1.0
85022,85022,2016-01-12,1.0
18269,18269,2016-01-12,1.0
12166,2095,2016-01-12,1.0
69037,69037,2016-01-12,1.0
8385,28128,2016-01-12,1.0
2095,2095,2016-01-12,1.0
2954,8385,2016-01-12,1.0
57139,12481,2016-01-12,1.0
8385,8385,2016-01-12,1.0
57771,11142,2016-01-12,1.0
42676,85140,2016-01-12,1.0
763,24014,2016-01-12,1.0
16702,16702,2016-01-12,1.0
290,81773,2016-01-12,1.0
57771,297,2016-01-12,1.0
3684,2415,2016-01-13,1.0
2926,85205,2016-01-13,1.0
2926,2415,2016-01-13,1.0
43122,43122,2016-01-13,1.0
10273,10273,2016-01-13,1.0
20507,85157,2016-01-13,1.0
37850,36721,2016-01-13,1.0
28128,43122,2016-01-13,1.0
290,290,2016-01-13,1.0
290,10273,2016-01-13,1.0
25510,6129,2016-01-13,1.0
47638,6094,2016-01-13,1.0
36721,37850,2016-01-13,1.0
66,66,2016-01-13,1.0
28128,28128,2016-01-13,1.0
37103,85202,2016-01-13,1.0
7591,76593,2016-01-13,1.0
22277,85198,2016-01-13,1.0
13972,85180,2016-01-13,1.0
13972,43122,2016-01-13,1.0
613,43122,2016-01-13,1.0
613,28128,2016-01-13,1.0
85198,85198,2016-01-13,1.0
36721,36721,2016-01-13,1.0
8430,10035,2016-01-13,1.0
2415,2415,2016-01-13,1.0
40564,36779,2016-01-13,1.0
2954,41666,2016-01-13,1.0
75422,82505,2016-01-13,1.0
13265,76541,2016-01-13,1.0
85182,11260,2016-01-13,1.0
11260,11260,2016-01-13,1.0
2481,362,2016-01-13,1.0
36779,36779,2016-01-13,1.0
4312,11260,2016-01-13,1.0
85182,85182,2016-01-13,1.0
57025,439,2016-01-13,1.0
83633,85212,2016-01-13,1.0
36779,40564,2016-01-13,1.0
4312,85182,2016-01-13,1.0
40564,40564,2016-01-13,1.0
24757,85211,2016-01-13,1.0
11260,36146,2016-01-13,1.0
19593,37822,2016-01-13,1.0
75619,75619,2016-01-13,1.0
1840,12395,2016-01-13,1.0
184,81773,2016-01-13,1.0
8887,43122,2016-01-13,1.0
85143,15934,2016-01-13,1.0
81773,81773,2016-01-13,1.0
47638,47638,2016-01-13,1.0
11260,85187,2016-01-13,1.0
43122,28128,2016-01-13,1.0
85140,13530,2016-01-13,1.0
33141,85187,2016-01-13,1.0
62393,62393,2016-01-13,1.0
12166,85187,2016-01-13,1.0
75968,48839,2016-01-13,1.0
12705,3106,2016-01-13,1.0
3041,3106,2016-01-13,1.0
6249,4183,2016-01-13,1.0
48839,48839,2016-01-13,1.0
70808,62393,2016-01-13,1.0
7206,3106,2016-01-13,1.0
763,24014,2016-01-13,1.0
76593,85182,2016-01-13,1.0
66774,6506,2016-01-13,1.0
84144,362,2016-01-13,1.0
7206,85140,2016-01-13,1.0
32898,32898,2016-01-13,1.0
84144,2481,2016-01-13,1.0
35840,8799,2016-01-13,1.0
11552,25510,2016-01-13,1.0
14450,8799,2016-01-13,1.0
85140,85140,2016-01-13,1.0
4600,4600,2016-01-13,1.0
21931,6429,2016-01-13,1.0
76541,76541,2016-01-13,1.0
2926,85140,2016-01-13,1.0
85143,66,2016-01-13,1.0
25028,4312,2016-01-13,1.0
8628,4312,2016-01-13,1.0
6094,47638,2016-01-13,1.0
7108,348,2016-01-13,1.0
2233,75619,2016-01-13,1.0
26591,36721,2016-01-13,1.0
8857,62393,2016-01-13,1.0
25510,25510,2016-01-13,1.0
35869,6129,2016-01-13,1.0
4312,4312,2016-01-13,1.0
41666,41666,2016-01-13,1.0
4231,4231,2016-01-13,1.0
13972,28128,2016-01-13,1.0
61426,61426,2016-01-13,1.0
85047,4312,2016-01-13,1.0
37850,4312,2016-01-13,1.0
2000,73530,2016-01-13,1.0
9025,1266,2016-01-13,1.0
69037,50846,2016-01-13,1.0
28128,85212,2016-01-13,1.0
11260,85182,2016-01-13,1.0
50846,69037,2016-01-13,1.0
83246,11877,2016-01-13,1.0
1184,85202,2016-01-13,1.0
13215,47638,2016-01-13,1.0
1465,9417,2016-01-13,1.0
21574,2149,2016-01-13,1.0
37822,19593,2016-01-13,1.0
25980,382,2016-01-13,1.0
439,57025,2016-01-13,1.0
290,41075,2016-01-13,1.0
80891,41075,2016-01-13,1.0
85198,12643,2016-01-13,1.0
2415,5098,2016-01-13,1.0
290,2701,2016-01-13,1.0
49,6262,2016-01-13,1.0
25510,85187,2016-01-13,1.0
4639,14354,2016-01-13,1.0
43122,85180,2016-01-13,1.0
85136,6249,2016-01-13,1.0
13530,85140,2016-01-13,1.0
290,35360,2016-01-13,1.0
4312,8628,2016-01-13,1.0
28128,85180,2016-01-13,1.0
51450,68232,2016-01-13,1.0
25510,10035,2016-01-13,1.0
362,362,2016-01-13,1.0
14450,37580,2016-01-13,1.0
85181,85181,2016-01-13,1.0
24309,82743,2016-01-13,1.0
28128,85181,2016-01-13,1.0
40297,28128,2016-01-13,1.0
353,85181,2016-01-13,1.0
13265,4096,2016-01-13,1.0
37026,4231,2016-01-13,1.0
84881,9091,2016-01-13,1.0
58682,15780,2016-01-13,1.0
15155,83633,2016-01-13,1.0
13265,85220,2016-01-13,1.0
4096,4096,2016-01-13,1.0
1840,11260,2016-01-13,1.0
17581,85220,2016-01-13,1.0
68232,51450,2016-01-14,1.0
70808,85259,2016-01-14,1.0
1688,84390,2016-01-14,1.0
7206,8133,2016-01-14,1.0
14094,21339,2016-01-14,1.0
46852,36707,2016-01-14,1.0
8133,20597,2016-01-14,1.0
11640,11540,2016-01-14,1.0
81605,85259,2016-01-14,1.0
84637,84637,2016-01-14,1.0
29491,85198,2016-01-14,1.0
75422,6084,2016-01-14,1.0
2383,56901,2016-01-14,1.0
85136,11540,2016-01-14,1.0
402,11540,2016-01-14,1.0
85239,56624,2016-01-14,1.0
7206,15735,2016-01-14,1.0
763,6084,2016-01-14,1.0
37555,37555,2016-01-14,1.0
801,85258,2016-01-14,1.0
21339,21339,2016-01-14,1.0
48334,48334,2016-01-14,1.0
76479,2233,2016-01-14,1.0
11540,70808,2016-01-14,1.0
11540,11540,2016-01-14,1.0
11417,2273,2016-01-14,1.0
13265,85265,2016-01-14,1.0
763,42571,2016-01-14,1.0
20597,20597,2016-01-14,1.0
2273,2273,2016-01-14,1.0
58682,58682,2016-01-14,1.0
85136,5690,2016-01-14,1.0
4069,47692,2016-01-14,1.0
85258,85258,2016-01-14,1.0
29783,9025,2016-01-14,1.0
40564,84637,2016-01-14,1.0
85242,9025,2016-01-14,1.0
13215,13215,2016-01-14,1.0
75619,75619,2016-01-14,1.0
184,81773,2016-01-14,1.0
763,22131,2016-01-14,1.0
4096,4096,2016-01-14,1.0
9025,85242,2016-01-14,1.0
2954,17773,2016-01-14,1.0
3402,85047,2016-01-14,1.0
4572,47973,2016-01-14,1.0
6084,42571,2016-01-14,1.0
5712,61426,2016-01-14,1.0
4767,317,2016-01-14,1.0
36707,46852,2016-01-14,1.0
8133,28128,2016-01-14,1.0
6442,76479,2016-01-14,1.0
1688,55893,2016-01-14,1.0
70808,360,2016-01-14,1.0
1463,84700,2016-01-14,1.0
37822,34096,2016-01-14,1.0
5690,85259,2016-01-14,1.0
56624,85239,2016-01-14,1.0
2039,85259,2016-01-14,1.0
11540,85259,2016-01-14,1.0
50868,85239,2016-01-14,1.0
70618,58682,2016-01-14,1.0
5690,84390,2016-01-14,1.0
2554,19593,2016-01-14,1.0
2233,76479,2016-01-14,1.0
85181,48562,2016-01-14,1.0
11233,15735,2016-01-14,1.0
2233,2233,2016-01-14,1.0
8133,15735,2016-01-14,1.0
12481,76479,2016-01-14,1.0
18060,6094,2016-01-14,1.0
2000,15735,2016-01-14,1.0
454,15735,2016-01-14,1.0
4832,4832,2016-01-14,1.0
36146,41873,2016-01-14,1.0
84637,40564,2016-01-14,1.0
11142,85220,2016-01-14,1.0
83457,37850,2016-01-14,1.0
4312,36721,2016-01-14,1.0
12898,26039,2016-01-14,1.0
4832,238,2016-01-14,1.0
658,48334,2016-01-14,1.0
5690,22131,2016-01-14,1.0
1310,10273,2016-01-14,1.0
22131,22131,2016-01-14,1.0
9652,42571,2016-01-14,1.0
4614,317,2016-01-14,1.0
48839,26039,2016-01-14,1.0
290,32355,2016-01-14,1.0
17261,766,2016-01-14,1.0
84881,9091,2016-01-14,1.0
17907,69037,2016-01-14,1.0
31814,48334,2016-01-14,1.0
454,32355,2016-01-14,1.0
36721,36721,2016-01-14,1.0
32355,32355,2016-01-14,1.0
4231,4231,2016-01-14,1.0
48334,658,2016-01-14,1.0
26039,26039,2016-01-14,1.0
10035,25510,2016-01-14,1.0
2000,73530,2016-01-14,1.0
4832,32355,2016-01-14,1.0
37850,36721,2016-01-14,1.0
20302,48334,2016-01-14,1.0
17773,84637,2016-01-14,1.0
10273,1310,2016-01-14,1.0
766,766,2016-01-14,1.0
69037,69037,2016-01-14,1.0
19593,19593,2016-01-14,1.0
25510,25510,2016-01-14,1.0
1345,48562,2016-01-14,1.0
4312,4312,2016-01-14,1.0
4144,69037,2016-01-14,1.0
82505,82505,2016-01-14,1.0
48839,73530,2016-01-14,1.0
2868,4096,2016-01-14,1.0
20302,2149,2016-01-14,1.0
9072,4231,2016-01-14,1.0
13972,85181,2016-01-14,1.0
70593,70593,2016-01-14,1.0
84245,37555,2016-01-14,1.0
13265,4096,2016-01-14,1.0
24913,2868,2016-01-14,1.0
2926,85230,2016-01-14,1.0
75968,48839,2016-01-14,1.0
85047,4312,2016-01-14,1.0
6278,69037,2016-01-14,1.0
3041,3106,2016-01-14,1.0
85181,85181,2016-01-14,1.0
9091,9091,2016-01-14,1.0
11552,4312,2016-01-14,1.0
48839,48839,2016-01-14,1.0
70751,70751,2016-01-14,1.0
6278,4096,2016-01-14,1.0
47692,47692,2016-01-14,1.0
16888,2273,2016-01-14,1.0
84179,69037,2016-01-14,1.0
3402,3402,2016-01-14,1.0
9025,2273,2016-01-14,1.0
54458,85245,2016-01-14,1.0
9840,2273,2016-01-14,1.0
31814,47692,2016-01-14,1.0
85198,85198,2016-01-14,1.0
3402,9025,2016-01-14,1.0
2954,2954,2016-01-14,1.0
14497,22131,2016-01-14,1.0
52890,69037,2016-01-14,1.0
37850,83457,2016-01-14,1.0
57280,85259,2016-01-14,1.0
14450,85245,2016-01-14,1.0
76479,6094,2016-01-14,1.0
42571,42571,2016-01-14,1.0
290,42571,2016-01-14,1.0
519,4096,2016-01-14,1.0
3075,2273,2016-01-14,1.0
17773,2954,2016-01-14,1.0
36721,4312,2016-01-14,1.0
17773,38624,2016-01-14,1.0
3402,4312,2016-01-14,1.0
11674,5010,2016-01-14,1.0
2233,85242,2016-01-14,1.0
5963,85242,2016-01-14,1.0
6249,6249,2016-01-14,1.0
11260,84919,2016-01-14,1.0
17773,17773,2016-01-14,1.0
85136,69037,2016-01-14,1.0
81773,81773,2016-01-14,1.0
85242,85242,2016-01-14,1.0
47638,13215,2016-01-14,1.0
3402,85242,2016-01-14,1.0
4312,8430,2016-01-15,1.0
3901,51164,2016-01-15,1.0
9652,8430,2016-01-15,1.0
8430,8430,2016-01-15,1.0
1345,85222,2016-01-15,1.0
5101,42804,2016-01-15,1.0
13265,42804,2016-01-15,1.0
85277,1056,2016-01-15,1.0
85239,14830,2016-01-15,1.0
1840,4312,2016-01-15,1.0
6085,76006,2016-01-15,1.0
40564,10035,2016-01-15,1.0
17581,43266,2016-01-15,1.0
69194,26039,2016-01-15,1.0
69037,69037,2016-01-15,1.0
38624,42278,2016-01-15,1.0
17581,80289,2016-01-15,1.0
25104,25104,2016-01-15,1.0
69775,85294,2016-01-15,1.0
22131,84390,2016-01-15,1.0
1306,42278,2016-01-15,1.0
20507,85281,2016-01-15,1.0
14233,65800,2016-01-15,1.0
1688,69931,2016-01-15,1.0
82588,6104,2016-01-15,1.0
74411,74411,2016-01-15,1.0
85319,25104,2016-01-15,1.0
48839,85295,2016-01-15,1.0
81311,16321,2016-01-15,1.0
85303,46785,2016-01-15,1.0
8430,59023,2016-01-15,1.0
1176,28128,2016-01-15,1.0
4312,1840,2016-01-15,1.0
50846,85222,2016-01-15,1.0
11260,59023,2016-01-15,1.0
45653,75274,2016-01-15,1.0
2954,9896,2016-01-15,1.0
12705,84587,2016-01-15,1.0
402,11540,2016-01-15,1.0
83457,8737,2016-01-15,1.0
12705,9896,2016-01-15,1.0
1463,1463,2016-01-15,1.0
70618,70618,2016-01-15,1.0
15735,15735,2016-01-15,1.0
84881,13650,2016-01-15,1.0
37026,4231,2016-01-15,1.0
13265,6671,2016-01-15,1.0
11260,85281,2016-01-15,1.0
13650,13650,2016-01-15,1.0
8737,8737,2016-01-15,1.0
56624,56624,2016-01-15,1.0
55893,85277,2016-01-15,1.0
70808,85277,2016-01-15,1.0
55893,1688,2016-01-15,1.0
3005,15934,2016-01-15,1.0
22389,955,2016-01-15,1.0
955,955,2016-01-15,1.0
7206,15735,2016-01-15,1.0
22971,17773,2016-01-15,1.0
69850,4298,2016-01-15,1.0
58682,70618,2016-01-15,1.0
85136,11540,2016-01-15,1.0
8133,15735,2016-01-15,1.0
9652,6084,2016-01-15,1.0
402,5690,2016-01-15,1.0
290,42571,2016-01-15,1.0
83153,50614,2016-01-15,1.0
20597,20597,2016-01-15,1.0
2868,2868,2016-01-15,1.0
11540,11540,2016-01-15,1.0
31814,48334,2016-01-15,1.0
84700,1463,2016-01-15,1.0
70809,62673,2016-01-15,1.0
13650,85288,2016-01-15,1.0
62673,62673,2016-01-15,1.0
35344,20597,2016-01-15,1.0
36103,20597,2016-01-15,1.0
1573,3922,2016-01-15,1.0
2383,54268,2016-01-15,1.0
6794,15735,2016-01-15,1.0
14450,85288,2016-01-15,1.0
3922,3922,2016-01-15,1.0
10503,69037,2016-01-15,1.0
8385,1688,2016-01-15,1.0
14354,4639,2016-01-15,1.0
9652,34490,2016-01-15,1.0
17581,955,2016-01-15,1.0
9652,38101,2016-01-15,1.0
18756,9136,2016-01-15,1.0
9269,15735,2016-01-15,1.0
84919,84919,2016-01-15,1.0
70925,70925,2016-01-15,1.0
11260,84919,2016-01-15,1.0
75422,6084,2016-01-15,1.0
80289,80289,2016-01-15,1.0
75422,59023,2016-01-15,1.0
85281,85281,2016-01-15,1.0
42571,42571,2016-01-15,1.0
37580,14450,2016-01-15,1.0
62593,458,2016-01-15,1.0
21051,80289,2016-01-15,1.0
6671,6671,2016-01-15,1.0
34445,38101,2016-01-15,1.0
38101,38101,2016-01-15,1.0
24913,2868,2016-01-15,1.0
9025,9896,2016-01-15,1.0
6084,6084,2016-01-15,1.0
2384,38624,2016-01-15,1.0
38624,38624,2016-01-15,1.0
43266,17581,2016-01-15,1.0
22277,1058,2016-01-15,1.0
1688,1688,2016-01-15,1.0
37103,69931,2016-01-15,1.0
81311,81311,2016-01-15,1.0
1688,59023,2016-01-15,1.0
85288,13650,2016-01-15,1.0
85288,14450,2016-01-15,1.0
6085,15735,2016-01-15,1.0
42804,75970,2016-01-15,1.0
5712,4953,2016-01-16,1.0
56624,85334,2016-01-16,1.0
19885,84430,2016-01-16,1.0
9091,82122,2016-01-16,1.0
4312,82122,2016-01-16,1.0
85303,50758,2016-01-16,1.0
49208,4312,2016-01-16,1.0
13265,42804,2016-01-16,1.0
23141,42571,2016-01-16,1.0
4832,85355,2016-01-16,1.0
13265,6671,2016-01-16,1.0
81488,85355,2016-01-16,1.0
85329,5486,2016-01-16,1.0
85322,2039,2016-01-16,1.0
56624,85325,2016-01-16,1.0
85303,24611,2016-01-16,1.0
22055,82650,2016-01-16,1.0
14915,15735,2016-01-16,1.0
4312,31310,2016-01-16,1.0
13972,2900,2016-01-16,1.0
4231,317,2016-01-16,1.0
82672,40888,2016-01-16,1.0
9269,15735,2016-01-16,1.0
4696,85244,2016-01-16,1.0
85239,46852,2016-01-16,1.0
13265,5274,2016-01-16,1.0
17047,74104,2016-01-16,1.0
83457,8737,2016-01-16,1.0
44206,21615,2016-01-16,1.0
48334,17773,2016-01-16,1.0
43266,81529,2016-01-16,1.0
8133,81529,2016-01-16,1.0
48839,85336,2016-01-16,1.0
7076,84430,2016-01-16,1.0
74104,17047,2016-01-16,1.0
69850,50893,2016-01-16,1.0
30186,81529,2016-01-16,1.0
763,84390,2016-01-16,1.0
50893,50893,2016-01-16,1.0
14094,10957,2016-01-16,1.0
14094,8588,2016-01-16,1.0
6094,5486,2016-01-16,1.0
48839,48839,2016-01-16,1.0
28209,28209,2016-01-16,1.0
14094,44172,2016-01-16,1.0
44206,2926,2016-01-16,1.0
1946,81529,2016-01-16,1.0
50846,85320,2016-01-16,1.0
4312,49208,2016-01-16,1.0
10366,6671,2016-01-16,1.0
13265,69852,2016-01-16,1.0
4312,4312,2016-01-16,1.0
24309,4312,2016-01-16,1.0
81488,81488,2016-01-16,1.0
10696,10909,2016-01-16,1.0
85355,81488,2016-01-16,1.0
70808,85355,2016-01-16,1.0
31310,4312,2016-01-16,1.0
20302,74104,2016-01-16,1.0
85269,32389,2016-01-16,1.0
84919,84919,2016-01-16,1.0
14094,64005,2016-01-16,1.0
3402,84430,2016-01-16,1.0
1233,85329,2016-01-16,1.0
4312,48839,2016-01-16,1.0
51164,51164,2016-01-16,1.0
2900,13972,2016-01-16,1.0
4231,4767,2016-01-16,1.0
71011,9269,2016-01-16,1.0
25104,25104,2016-01-16,1.0
85319,25104,2016-01-16,1.0
1233,7294,2016-01-16,1.0
2807,1306,2016-01-16,1.0
42804,42804,2016-01-16,1.0
14830,14830,2016-01-16,1.0
12481,25104,2016-01-16,1.0
84430,25104,2016-01-16,1.0
3384,70751,2016-01-16,1.0
10265,4312,2016-01-16,1.0
8737,83457,2016-01-16,1.0
85239,36707,2016-01-16,1.0
85322,85322,2016-01-16,1.0
6084,6084,2016-01-16,1.0
9025,22055,2016-01-16,1.0
5690,85329,2016-01-16,1.0
1516,1840,2016-01-16,1.0
14094,50893,2016-01-16,1.0
17773,17773,2016-01-16,1.0
15629,56624,2016-01-16,1.0
85294,69775,2016-01-16,1.0
8719,66434,2016-01-16,1.0
66434,66434,2016-01-16,1.0
1650,84120,2016-01-17,1.0
56624,4312,2016-01-17,1.0
37822,85348,2016-01-17,1.0
21907,4298,2016-01-17,1.0
6101,4312,2016-01-17,1.0
81773,81773,2016-01-17,1.0
8133,8133,2016-01-17,1.0
20302,85365,2016-01-17,1.0
11142,85361,2016-01-17,1.0
13265,76541,2016-01-17,1.0
81776,5712,2016-01-17,1.0
3402,84885,2016-01-17,1.0
5442,28128,2016-01-17,1.0
7721,51164,2016-01-17,1.0
13265,69852,2016-01-17,1.0
85372,2039,2016-01-17,1.0
51420,82843,2016-01-17,1.0
4312,4298,2016-01-17,1.0
24309,4312,2016-01-17,1.0
40804,66195,2016-01-17,1.0
85369,31058,2016-01-17,1.0
13265,42804,2016-01-17,1.0
51164,7721,2016-01-17,1.0
7721,7721,2016-01-17,1.0
6094,10304,2016-01-17,1.0
51164,51164,2016-01-17,1.0
13265,85350,2016-01-17,1.0
4312,56624,2016-01-17,1.0
25028,85349,2016-01-17,1.0
37103,82843,2016-01-17,1.0
82843,82843,2016-01-17,1.0
3402,3402,2016-01-17,1.0
613,82843,2016-01-17,1.0
48839,21907,2016-01-17,1.0
4312,4312,2016-01-17,1.0
4231,317,2016-01-17,1.0
37822,3124,2016-01-17,1.0
11142,84120,2016-01-17,1.0
1465,66195,2016-01-17,1.0
81529,81529,2016-01-17,1.0
10304,6094,2016-01-17,1.0
82691,82691,2016-01-17,1.0
2926,82691,2016-01-17,1.0
11145,11115,2016-01-17,1.0
37103,51420,2016-01-17,1.0
24309,24309,2016-01-17,1.0
17064,17064,2016-01-17,1.0
13972,82843,2016-01-17,1.0
4312,24309,2016-01-17,1.0
3402,17064,2016-01-17,1.0
43266,81529,2016-01-17,1.0
85265,85265,2016-01-17,1.0
2954,34461,2016-01-17,1.0
6094,6094,2016-01-17,1.0
81529,43266,2016-01-17,1.0
5442,8133,2016-01-17,1.0
11142,10304,2016-01-17,1.0
85244,50846,2016-01-17,1.0
69852,13265,2016-01-17,1.0
6827,1441,2016-01-17,1.0
20302,60731,2016-01-17,1.0
763,38816,2016-01-17,1.0
34461,405,2016-01-17,1.0
2415,2689,2016-01-17,1.0
28128,5442,2016-01-17,1.0
17440,12156,2016-01-17,1.0
34461,34461,2016-01-17,1.0
82691,85386,2016-01-17,1.0
4614,317,2016-01-17,1.0
11115,11115,2016-01-17,1.0
3621,28209,2016-01-17,1.0
8133,17064,2016-01-17,1.0
317,4231,2016-01-17,1.0
317,4767,2016-01-17,1.0
8133,81529,2016-01-17,1.0
2926,81529,2016-01-17,1.0
6278,84144,2016-01-17,1.0
9449,13265,2016-01-17,1.0
1306,82691,2016-01-17,1.0
28128,66195,2016-01-17,1.0
85395,77923,2016-01-17,1.0
11260,12156,2016-01-17,1.0
362,84144,2016-01-17,1.0
50846,85244,2016-01-17,1.0
85303,9101,2016-01-17,1.0
9025,10304,2016-01-17,1.0
405,34461,2016-01-17,1.0
85386,82691,2016-01-17,1.0
28128,1441,2016-01-17,1.0
1465,84120,2016-01-17,1.0
344,51164,2016-01-17,1.0
85395,12156,2016-01-17,1.0
85395,60731,2016-01-17,1.0
28128,15743,2016-01-18,1.0
15743,15743,2016-01-18,1.0
290,6206,2016-01-18,1.0
40297,40297,2016-01-18,1.0
2926,34538,2016-01-18,1.0
28128,28128,2016-01-18,1.0
85239,85239,2016-01-18,1.0
45653,75274,2016-01-18,1.0
12705,83598,2016-01-18,1.0
35840,19075,2016-01-18,1.0
83598,83598,2016-01-18,1.0
35840,23827,2016-01-18,1.0
5442,28128,2016-01-18,1.0
745,28128,2016-01-18,1.0
85198,18662,2016-01-18,1.0
78061,11260,2016-01-18,1.0
85198,85198,2016-01-18,1.0
6377,19885,2016-01-18,1.0
3684,85379,2016-01-18,1.0
85427,85427,2016-01-18,1.0
7206,85427,2016-01-18,1.0
4312,85379,2016-01-18,1.0
85379,85379,2016-01-18,1.0
1463,85427,2016-01-18,1.0
12898,85428,2016-01-18,1.0
50846,85320,2016-01-18,1.0
85428,85428,2016-01-18,1.0
34538,34538,2016-01-18,1.0
46852,85239,2016-01-18,1.0
14094,85244,2016-01-18,1.0
83671,11260,2016-01-18,1.0
75968,48839,2016-01-18,1.0
85320,85320,2016-01-18,1.0
9025,58096,2016-01-18,1.0
21574,21574,2016-01-18,1.0
82650,82650,2016-01-18,1.0
82650,9652,2016-01-18,1.0
2095,40297,2016-01-18,1.0
83633,11142,2016-01-18,1.0
14450,19075,2016-01-18,1.0
83598,28128,2016-01-18,1.0
26522,72288,2016-01-18,1.0
17773,1131,2016-01-18,1.0
14450,85379,2016-01-18,1.0
4312,58096,2016-01-18,1.0
14450,7443,2016-01-18,1.0
82691,1306,2016-01-18,1.0
11142,85411,2016-01-18,1.0
9652,82650,2016-01-18,1.0
20302,82650,2016-01-18,1.0
1465,11142,2016-01-18,1.0
11142,11142,2016-01-18,1.0
2530,2383,2016-01-18,1.0
5690,72288,2016-01-18,1.0
13265,5094,2016-01-18,1.0
6094,85411,2016-01-18,1.0
69850,41301,2016-01-18,1.0
85411,85411,2016-01-18,1.0
78387,2954,2016-01-18,1.0
51223,28128,2016-01-18,1.0
15743,85181,2016-01-18,1.0
85361,11142,2016-01-18,1.0
81169,21574,2016-01-18,1.0
20507,82650,2016-01-18,1.0
19075,19075,2016-01-18,1.0
9652,38101,2016-01-18,1.0
42571,23141,2016-01-18,1.0
25256,82179,2016-01-18,1.0
84587,84587,2016-01-18,1.0
14450,70508,2016-01-18,1.0
8133,28128,2016-01-18,1.0
10909,10909,2016-01-18,1.0
9025,4312,2016-01-18,1.0
23835,70618,2016-01-18,1.0
11145,11115,2016-01-18,1.0
1650,11142,2016-01-18,1.0
9924,9924,2016-01-18,1.0
290,85403,2016-01-18,1.0
50846,50846,2016-01-18,1.0
4312,4312,2016-01-18,1.0
4312,9924,2016-01-18,1.0
82179,85403,2016-01-18,1.0
4961,50846,2016-01-18,1.0
3041,85403,2016-01-18,1.0
2926,351,2016-01-18,1.0
4767,85272,2016-01-18,1.0
17064,83598,2016-01-18,1.0
85244,50846,2016-01-18,1.0
69775,69775,2016-01-18,1.0
17773,85242,2016-01-18,1.0
327,4312,2016-01-18,1.0
81773,81773,2016-01-18,1.0
82650,22055,2016-01-18,1.0
362,362,2016-01-18,1.0
48839,21907,2016-01-18,1.0
85402,4312,2016-01-18,1.0
85403,1688,2016-01-18,1.0
405,405,2016-01-18,1.0
5279,362,2016-01-18,1.0
21907,21907,2016-01-18,1.0
6646,11260,2016-01-18,1.0
84144,362,2016-01-18,1.0
23141,23141,2016-01-18,1.0
23444,68302,2016-01-18,1.0
81332,2383,2016-01-18,1.0
82179,5094,2016-01-18,1.0
582,41301,2016-01-18,1.0
85406,52903,2016-01-18,1.0
85406,24179,2016-01-18,1.0
15743,85180,2016-01-18,1.0
11926,78387,2016-01-18,1.0
290,2383,2016-01-18,1.0
8103,12156,2016-01-18,1.0
84120,85361,2016-01-18,1.0
20302,85361,2016-01-18,1.0
353,85411,2016-01-18,1.0
351,34538,2016-01-18,1.0
11260,83671,2016-01-18,1.0
13265,76541,2016-01-18,1.0
14094,6206,2016-01-18,1.0
28128,2837,2016-01-18,1.0
56624,4298,2016-01-18,1.0
81562,1688,2016-01-18,1.0
12547,50846,2016-01-18,1.0
85406,41619,2016-01-18,1.0
84990,40297,2016-01-18,1.0
30186,83598,2016-01-18,1.0
2841,2841,2016-01-18,1.0
82843,82843,2016-01-18,1.0
85222,85222,2016-01-18,1.0
85222,50846,2016-01-18,1.0
40297,2095,2016-01-18,1.0
14094,19075,2016-01-18,1.0
50846,85244,2016-01-18,1.0
80483,12156,2016-01-18,1.0
4312,85402,2016-01-18,1.0
56094,1532,2016-01-18,1.0
1688,85403,2016-01-18,1.0
81838,81838,2016-01-19,1.0
12138,18060,2016-01-19,1.0
18060,18060,2016-01-19,1.0
81838,56624,2016-01-19,1.0
14094,6206,2016-01-19,1.0
7443,7443,2016-01-19,1.0
63927,62560,2016-01-19,1.0
1688,82420,2016-01-19,1.0
40297,40297,2016-01-19,1.0
5442,28128,2016-01-19,1.0
28104,23869,2016-01-19,1.0
14094,19075,2016-01-19,1.0
85402,79942,2016-01-19,1.0
46852,85239,2016-01-19,1.0
19075,19075,2016-01-19,1.0
3901,19186,2016-01-19,1.0
83457,81838,2016-01-19,1.0
84430,84430,2016-01-19,1.0
84768,24611,2016-01-19,1.0
85239,85239,2016-01-19,1.0
82420,82420,2016-01-19,1.0
9269,83598,2016-01-19,1.0
40564,40564,2016-01-19,1.0
28128,1441,2016-01-19,1.0
28128,28128,2016-01-19,1.0
2383,40564,2016-01-19,1.0
20597,20597,2016-01-19,1.0
2954,79942,2016-01-19,1.0
2039,85372,2016-01-19,1.0
37436,61426,2016-01-19,1.0
23827,23827,2016-01-19,1.0
9022,85422,2016-01-19,1.0
14450,7443,2016-01-19,1.0
26935,58211,2016-01-19,1.0
9025,85402,2016-01-19,1.0
14454,17773,2016-01-19,1.0
14653,13700,2016-01-19,1.0
23869,10909,2016-01-19,1.0
17581,79942,2016-01-19,1.0
4312,70508,2016-01-19,1.0
3948,84288,2016-01-19,1.0
18060,12138,2016-01-19,1.0
14830,79942,2016-01-19,1.0
2384,16702,2016-01-19,1.0
12176,61426,2016-01-19,1.0
85455,13700,2016-01-19,1.0
22277,22019,2016-01-19,1.0
85406,52860,2016-01-19,1.0
12705,23869,2016-01-19,1.0
2954,61426,2016-01-19,1.0
2383,2823,2016-01-19,1.0
12705,83598,2016-01-19,1.0
84990,84990,2016-01-19,1.0
11926,85435,2016-01-19,1.0
2954,21339,2016-01-19,1.0
85198,18465,2016-01-19,1.0
30790,17064,2016-01-19,1.0
85406,73784,2016-01-19,1.0
24309,37691,2016-01-19,1.0
56624,81838,2016-01-19,1.0
13650,40932,2016-01-19,1.0
2954,85427,2016-01-19,1.0
85406,36517,2016-01-19,1.0
6206,6206,2016-01-19,1.0
85242,85242,2016-01-19,1.0
36035,21252,2016-01-19,1.0
70508,70508,2016-01-19,1.0
38448,37691,2016-01-19,1.0
3402,70508,2016-01-19,1.0
3402,78061,2016-01-19,1.0
48839,48839,2016-01-19,1.0
3959,37691,2016-01-19,1.0
11142,11142,2016-01-19,1.0
37691,37691,2016-01-19,1.0
2383,81332,2016-01-19,1.0
12138,70508,2016-01-19,1.0
2954,40932,2016-01-19,1.0
85428,12898,2016-01-19,1.0
12138,11142,2016-01-19,1.0
1306,84990,2016-01-19,1.0
37691,24309,2016-01-19,1.0
21339,2954,2016-01-19,1.0
81332,81332,2016-01-19,1.0
78061,78061,2016-01-19,1.0
36155,81838,2016-01-19,1.0
21574,56059,2016-01-19,1.0
21574,3377,2016-01-19,1.0
4312,58096,2016-01-19,1.0
21339,21339,2016-01-19,1.0
29783,21339,2016-01-19,1.0
11054,21339,2016-01-19,1.0
72288,72288,2016-01-19,1.0
65995,28128,2016-01-19,1.0
17773,17773,2016-01-19,1.0
85198,85198,2016-01-19,1.0
38448,85427,2016-01-19,1.0
53091,28128,2016-01-19,1.0
17064,30790,2016-01-19,1.0
16702,48745,2016-01-19,1.0
46573,6094,2016-01-19,1.0
1465,11142,2016-01-19,1.0
2383,290,2016-01-19,1.0
21349,1233,2016-01-19,1.0
3402,79942,2016-01-19,1.0
79942,79942,2016-01-19,1.0
12138,79942,2016-01-19,1.0
3106,4231,2016-01-19,1.0
56624,56624,2016-01-19,1.0
10503,2883,2016-01-19,1.0
4312,56624,2016-01-19,1.0
2954,85402,2016-01-19,1.0
8385,8385,2016-01-19,1.0
40983,79942,2016-01-19,1.0
48334,14454,2016-01-19,1.0
8103,17260,2016-01-19,1.0
14454,14454,2016-01-19,1.0
35593,16702,2016-01-19,1.0
33741,16702,2016-01-19,1.0
84990,40297,2016-01-19,1.0
24309,24309,2016-01-19,1.0
1465,2954,2016-01-19,1.0
1465,85427,2016-01-19,1.0
9317,85435,2016-01-19,1.0
2954,2954,2016-01-19,1.0
9417,2954,2016-01-19,1.0
10718,34538,2016-01-19,1.0
70190,85411,2016-01-19,1.0
40723,7443,2016-01-19,1.0
19885,19885,2016-01-19,1.0
19885,19075,2016-01-19,1.0
85406,8385,2016-01-19,1.0
34538,34538,2016-01-19,1.0
454,85427,2016-01-19,1.0
34538,351,2016-01-19,1.0
3402,85427,2016-01-19,1.0
9449,13265,2016-01-19,1.0
36779,40564,2016-01-19,1.0
1441,1441,2016-01-19,1.0
9449,13265,2016-01-20,1.0
12858,82420,2016-01-20,1.0
2597,51164,2016-01-20,1.0
2597,3502,2016-01-20,1.0
54780,54780,2016-01-20,1.0
51164,51164,2016-01-20,1.0
1358,297,2016-01-20,1.0
36146,2597,2016-01-20,1.0
1441,83183,2016-01-20,1.0
2597,2597,2016-01-20,1.0
83183,83183,2016-01-20,1.0
16702,13034,2016-01-20,1.0
6104,82588,2016-01-20,1.0
2954,78061,2016-01-20,1.0
3502,3502,2016-01-20,1.0
2095,82179,2016-01-20,1.0
28128,28128,2016-01-20,1.0
57609,1688,2016-01-20,1.0
51223,11546,2016-01-20,1.0
13119,31475,2016-01-20,1.0
12705,11115,2016-01-20,1.0
11115,11115,2016-01-20,1.0
458,458,2016-01-20,1.0
2051,1650,2016-01-20,1.0
4767,1688,2016-01-20,1.0
14454,14454,2016-01-20,1.0
14454,28128,2016-01-20,1.0
14094,14094,2016-01-20,1.0
4767,57609,2016-01-20,1.0
62593,458,2016-01-20,1.0
56938,613,2016-01-20,1.0
84288,3948,2016-01-20,1.0
84430,84430,2016-01-20,1.0
85272,85272,2016-01-20,1.0
13265,82229,2016-01-20,1.0
82229,82229,2016-01-20,1.0
82179,2095,2016-01-20,1.0
4832,2386,2016-01-20,1.0
8112,56571,2016-01-20,1.0
6094,75619,2016-01-20,1.0
14830,74330,2016-01-20,1.0
78061,85471,2016-01-20,1.0
1310,15242,2016-01-20,1.0
48142,12878,2016-01-20,1.0
7108,85259,2016-01-20,1.0
2954,4423,2016-01-20,1.0
405,85242,2016-01-20,1.0
51164,2597,2016-01-20,1.0
35687,54780,2016-01-20,1.0
1650,85461,2016-01-20,1.0
11260,85466,2016-01-20,1.0
11260,38448,2016-01-20,1.0
30684,85428,2016-01-20,1.0
2926,74330,2016-01-20,1.0
11028,31058,2016-01-20,1.0
3502,2597,2016-01-20,1.0
1688,57609,2016-01-20,1.0
955,76479,2016-01-20,1.0
12878,48142,2016-01-20,1.0
46852,85239,2016-01-20,1.0
1840,21339,2016-01-20,1.0
8385,14454,2016-01-20,1.0
290,82229,2016-01-20,1.0
21339,21339,2016-01-20,1.0
12705,82420,2016-01-20,1.0
19885,19075,2016-01-20,1.0
83457,81838,2016-01-20,1.0
19186,19186,2016-01-20,1.0
50846,15242,2016-01-20,1.0
78061,13904,2016-01-20,1.0
28128,14454,2016-01-20,1.0
4572,85466,2016-01-20,1.0
11054,21339,2016-01-20,1.0
85461,1650,2016-01-20,1.0
44797,79942,2016-01-20,1.0
39082,1593,2016-01-20,1.0
763,85471,2016-01-20,1.0
70508,4312,2016-01-20,1.0
19369,58203,2016-01-20,1.0
82420,82420,2016-01-20,1.0
35344,20597,2016-01-20,1.0
12176,61426,2016-01-20,1.0
35508,54780,2016-01-20,1.0
1465,85259,2016-01-20,1.0
2095,2095,2016-01-20,1.0
17773,85242,2016-01-20,1.0
73972,2095,2016-01-20,1.0
74330,14830,2016-01-20,1.0
405,405,2016-01-20,1.0
15629,14830,2016-01-20,1.0
39082,10280,2016-01-20,1.0
62810,85471,2016-01-20,1.0
2954,85471,2016-01-20,1.0
57888,11115,2016-01-20,1.0
763,7108,2016-01-20,1.0
7206,61426,2016-01-20,1.0
4312,4312,2016-01-20,1.0
1281,85428,2016-01-20,1.0
4423,4423,2016-01-20,1.0
15629,85471,2016-01-20,1.0
2386,2386,2016-01-20,1.0
85294,69775,2016-01-20,1.0
35687,35687,2016-01-20,1.0
54780,35687,2016-01-20,1.0
62560,62560,2016-01-20,1.0
85430,11054,2016-01-20,1.0
2383,78061,2016-01-20,1.0
81457,85272,2016-01-20,1.0
2386,4832,2016-01-20,1.0
4832,4832,2016-01-20,1.0
24706,15242,2016-01-20,1.0
6646,36146,2016-01-20,1.0
6646,14286,2016-01-20,1.0
19075,14094,2016-01-20,1.0
81169,14454,2016-01-20,1.0
48142,48142,2016-01-20,1.0
297,74330,2016-01-20,1.0
318,14286,2016-01-20,1.0
56938,10366,2016-01-20,1.0
3684,405,2016-01-20,1.0
2383,85471,2016-01-20,1.0
74330,74330,2016-01-20,1.0
613,85466,2016-01-20,1.0
78061,78061,2016-01-20,1.0
63927,62560,2016-01-20,1.0
4177,80296,2016-01-20,1.0
75274,75274,2016-01-20,1.0
50614,50614,2016-01-20,1.0
7076,84430,2016-01-20,1.0
40723,7443,2016-01-20,1.0
20597,20597,2016-01-20,1.0
56571,8112,2016-01-20,1.0
3199,74330,2016-01-20,1.0
14094,84700,2016-01-21,1.0
23141,1688,2016-01-21,1.0
1047,1047,2016-01-21,1.0
81838,81368,2016-01-21,1.0
16183,1441,2016-01-21,1.0
1176,20597,2016-01-21,1.0
381,82229,2016-01-21,1.0
20597,20597,2016-01-21,1.0
1441,1441,2016-01-21,1.0
2954,81838,2016-01-21,1.0
29697,29697,2016-01-21,1.0
18060,80000,2016-01-21,1.0
36721,29697,2016-01-21,1.0
11640,85539,2016-01-21,1.0
2926,85539,2016-01-21,1.0
10909,23869,2016-01-21,1.0
84700,84700,2016-01-21,1.0
76284,3684,2016-01-21,1.0
14094,14094,2016-01-21,1.0
75616,85535,2016-01-21,1.0
8430,85537,2016-01-21,1.0
1463,84700,2016-01-21,1.0
85461,1650,2016-01-21,1.0
85535,85535,2016-01-21,1.0
1688,1688,2016-01-21,1.0
8133,82843,2016-01-21,1.0
23141,16702,2016-01-21,1.0
1847,40564,2016-01-21,1.0
40640,7325,2016-01-21,1.0
36721,52834,2016-01-21,1.0
11115,82843,2016-01-21,1.0
14094,74564,2016-01-21,1.0
3684,76284,2016-01-21,1.0
80000,15242,2016-01-21,1.0
32389,4953,2016-01-21,1.0
83598,12978,2016-01-21,1.0
36862,83670,2016-01-21,1.0
13650,23935,2016-01-21,1.0
36688,699,2016-01-21,1.0
11540,85259,2016-01-21,1.0
85509,6566,2016-01-21,1.0
40297,40297,2016-01-21,1.0
5690,56938,2016-01-21,1.0
85529,82666,2016-01-21,1.0
7460,85533,2016-01-21,1.0
37026,37026,2016-01-21,1.0
14094,84393,2016-01-21,1.0
21574,12156,2016-01-21,1.0
1056,85379,2016-01-21,1.0
7460,48866,2016-01-21,1.0
81368,81838,2016-01-21,1.0
29697,52834,2016-01-21,1.0
13265,82229,2016-01-21,1.0
4572,11262,2016-01-21,1.0
85539,84431,2016-01-21,1.0
85535,1,2016-01-21,1.0
49620,36687,2016-01-21,1.0
1688,16702,2016-01-21,1.0
26935,85531,2016-01-21,1.0
1441,16183,2016-01-21,1.0
14226,68384,2016-01-21,1.0
21800,750,2016-01-21,1.0
13119,31475,2016-01-21,1.0
83598,83598,2016-01-21,1.0
21339,21339,2016-01-21,1.0
12978,83598,2016-01-21,1.0
83598,28128,2016-01-21,1.0
5917,83598,2016-01-21,1.0
4423,2954,2016-01-21,1.0
69850,11877,2016-01-21,1.0
1650,1650,2016-01-21,1.0
23935,13650,2016-01-21,1.0
36146,85508,2016-01-21,1.0
4312,4312,2016-01-21,1.0
82843,82843,2016-01-21,1.0
12178,4312,2016-01-21,1.0
290,56938,2016-01-21,1.0
2383,84700,2016-01-21,1.0
56938,5690,2016-01-21,1.0
5690,5690,2016-01-21,1.0
12166,12166,2016-01-21,1.0
290,290,2016-01-21,1.0
3684,5239,2016-01-21,1.0
83670,36862,2016-01-21,1.0
763,7108,2016-01-21,1.0
14094,11142,2016-01-21,1.0
11142,11142,2016-01-21,1.0
14454,14454,2016-01-21,1.0
14454,28128,2016-01-21,1.0
7108,7108,2016-01-21,1.0
12166,85508,2016-01-21,1.0
76593,85509,2016-01-21,1.0
31475,31475,2016-01-21,1.0
38966,11115,2016-01-21,1.0
84952,1148,2016-01-21,1.0
17773,14454,2016-01-21,1.0
82843,11115,2016-01-21,1.0
11115,11115,2016-01-21,1.0
74330,74330,2016-01-21,1.0
26039,6566,2016-01-21,1.0
84990,40297,2016-01-21,1.0
55893,85509,2016-01-21,1.0
28128,28128,2016-01-21,1.0
85508,85508,2016-01-21,1.0
56938,85531,2016-01-21,1.0
28128,83598,2016-01-21,1.0
85531,85531,2016-01-21,1.0
48334,14454,2016-01-21,1.0
21800,7031,2016-01-21,1.0
52834,36721,2016-01-21,1.0
10503,74330,2016-01-21,1.0
82420,82420,2016-01-21,1.0
2481,6084,2016-01-21,1.0
2530,40564,2016-01-21,1.0
85509,85509,2016-01-21,1.0
290,85508,2016-01-21,1.0
36886,36886,2016-01-21,1.0
48839,21339,2016-01-21,1.0
2926,2926,2016-01-21,1.0
4721,36886,2016-01-21,1.0
2233,85258,2016-01-21,1.0
14830,2926,2016-01-21,1.0
2954,14454,2016-01-21,1.0
2669,5690,2016-01-21,1.0
6084,6084,2016-01-21,1.0
11877,11877,2016-01-21,1.0
11926,85579,2016-01-22,1.0
85586,85379,2016-01-22,1.0
68910,45600,2016-01-22,1.0
290,6043,2016-01-22,1.0
85578,34483,2016-01-22,1.0
17218,6043,2016-01-22,1.0
8628,14257,2016-01-22,1.0
85550,85550,2016-01-22,1.0
26935,25051,2016-01-22,1.0
4312,36688,2016-01-22,1.0
36625,85593,2016-01-22,1.0
56624,85594,2016-01-22,1.0
14450,84885,2016-01-22,1.0
7460,85579,2016-01-22,1.0
2807,5281,2016-01-22,1.0
297,85560,2016-01-22,1.0
85578,20521,2016-01-22,1.0
19272,1107,2016-01-22,1.0
3948,85537,2016-01-22,1.0
39521,84431,2016-01-22,1.0
1098,85554,2016-01-22,1.0
8133,42160,2016-01-22,1.0
36721,12176,2016-01-22,1.0
85578,58340,2016-01-22,1.0
2000,42160,2016-01-22,1.0
75670,6566,2016-01-22,1.0
83501,85554,2016-01-22,1.0
19949,2597,2016-01-22,1.0
2233,85258,2016-01-22,1.0
85570,79911,2016-01-22,1.0
36779,40564,2016-01-22,1.0
25510,85560,2016-01-22,1.0
4832,14581,2016-01-22,1.0
40297,19272,2016-01-22,1.0
14094,85582,2016-01-22,1.0
31327,1688,2016-01-22,1.0
919,56217,2016-01-22,1.0
3106,3106,2016-01-22,1.0
763,6566,2016-01-22,1.0
83670,36862,2016-01-22,1.0
18060,80000,2016-01-22,1.0
52834,29697,2016-01-22,1.0
2233,70190,2016-01-22,1.0
52834,36721,2016-01-22,1.0
6451,21800,2016-01-22,1.0
4639,4639,2016-01-22,1.0
21684,25051,2016-01-22,1.0
83501,5200,2016-01-22,1.0
15629,1590,2016-01-22,1.0
15629,5740,2016-01-22,1.0
2383,28128,2016-01-22,1.0
5281,2807,2016-01-22,1.0
11877,11877,2016-01-22,1.0
25051,25051,2016-01-22,1.0
290,74936,2016-01-22,1.0
36721,36721,2016-01-22,1.0
83382,13824,2016-01-22,1.0
25510,25510,2016-01-22,1.0
297,25510,2016-01-22,1.0
81838,81838,2016-01-22,1.0
83457,34483,2016-01-22,1.0
1688,18116,2016-01-22,1.0
21800,750,2016-01-22,1.0
2954,13650,2016-01-22,1.0
14094,84393,2016-01-22,1.0
36862,36862,2016-01-22,1.0
2926,454,2016-01-22,1.0
454,454,2016-01-22,1.0
85554,1098,2016-01-22,1.0
85554,85554,2016-01-22,1.0
69850,45600,2016-01-22,1.0
6249,70808,2016-01-22,1.0
3077,85554,2016-01-22,1.0
11640,11546,2016-01-22,1.0
11546,11546,2016-01-22,1.0
69850,21800,2016-01-22,1.0
1463,84700,2016-01-22,1.0
11926,47305,2016-01-22,1.0
955,24494,2016-01-22,1.0
2233,85554,2016-01-22,1.0
40297,85595,2016-01-22,1.0
21574,21907,2016-01-22,1.0
4312,21907,2016-01-22,1.0
50846,10300,2016-01-22,1.0
62593,85585,2016-01-22,1.0
85595,85595,2016-01-22,1.0
85582,85582,2016-01-22,1.0
297,85599,2016-01-22,1.0
10718,68910,2016-01-22,1.0
31233,19414,2016-01-22,1.0
2841,8430,2016-01-22,1.0
76593,85606,2016-01-22,1.0
85606,85606,2016-01-22,1.0
2926,85379,2016-01-22,1.0
11540,11546,2016-01-22,1.0
5239,40564,2016-01-22,1.0
2503,85593,2016-01-22,1.0
39342,74936,2016-01-22,1.0
47305,47305,2016-01-22,1.0
1465,85580,2016-01-22,1.0
8345,85582,2016-01-22,1.0
12166,85580,2016-01-22,1.0
85531,26935,2016-01-22,1.0
1688,1688,2016-01-22,1.0
30186,290,2016-01-22,1.0
82843,82843,2016-01-22,1.0
402,11546,2016-01-22,1.0
21800,21800,2016-01-22,1.0
43054,85593,2016-01-22,1.0
68910,68910,2016-01-22,1.0
31327,1688,2016-01-23,1.0
23141,85610,2016-01-23,1.0
85570,58993,2016-01-23,1.0
9025,82990,2016-01-23,1.0
1688,36688,2016-01-23,1.0
1946,85610,2016-01-23,1.0
80891,85613,2016-01-23,1.0
6084,2481,2016-01-23,1.0
48839,24078,2016-01-23,1.0
290,85593,2016-01-23,1.0
6084,84430,2016-01-23,1.0
2622,85616,2016-01-23,1.0
11115,51323,2016-01-23,1.0
2273,49,2016-01-23,1.0
31310,11978,2016-01-23,1.0
9025,81633,2016-01-23,1.0
1946,83742,2016-01-23,1.0
13650,85606,2016-01-23,1.0
78061,38386,2016-01-23,1.0
37026,37026,2016-01-23,1.0
48839,81633,2016-01-23,1.0
34180,42586,2016-01-23,1.0
3402,74330,2016-01-23,1.0
69850,54780,2016-01-23,1.0
4177,1573,2016-01-23,1.0
5442,85610,2016-01-23,1.0
6043,17218,2016-01-23,1.0
6043,290,2016-01-23,1.0
1946,1946,2016-01-23,1.0
23141,1946,2016-01-23,1.0
327,74600,2016-01-23,1.0
85616,85616,2016-01-23,1.0
74600,74600,2016-01-23,1.0
11260,74600,2016-01-23,1.0
76600,74600,2016-01-23,1.0
76299,1688,2016-01-23,1.0
23141,85616,2016-01-23,1.0
85580,85580,2016-01-23,1.0
3684,3684,2016-01-23,1.0
85585,85585,2016-01-23,1.0
82990,82990,2016-01-23,1.0
9025,74600,2016-01-23,1.0
5516,27398,2016-01-23,1.0
27398,27398,2016-01-23,1.0
36688,1688,2016-01-23,1.0
20026,85608,2016-01-23,1.0
84071,84071,2016-01-23,1.0
30186,74600,2016-01-23,1.0
391,19864,2016-01-23,1.0
51223,85580,2016-01-23,1.0
45005,28128,2016-01-23,1.0
1688,24078,2016-01-23,1.0
85616,2622,2016-01-23,1.0
14450,14450,2016-01-23,1.0
81332,27398,2016-01-23,1.0
9025,48278,2016-01-23,1.0
13265,27398,2016-01-23,1.0
34859,1587,2016-01-23,1.0
10744,51685,2016-01-23,1.0
763,85616,2016-01-23,1.0
85599,85599,2016-01-23,1.0
10365,5373,2016-01-23,1.0
12178,51685,2016-01-23,1.0
69850,85616,2016-01-23,1.0
68384,14226,2016-01-23,1.0
1688,1688,2016-01-23,1.0
26935,26935,2016-01-23,1.0
8508,8508,2016-01-23,1.0
85606,13650,2016-01-23,1.0
85610,85610,2016-01-23,1.0
10035,3684,2016-01-23,1.0
297,2481,2016-01-23,1.0
11417,6084,2016-01-23,1.0
34483,34483,2016-01-23,1.0
14830,2481,2016-01-23,1.0
3803,2481,2016-01-23,1.0
25051,26935,2016-01-23,1.0
76299,84071,2016-01-23,1.0
3402,14450,2016-01-23,1.0
21684,25051,2016-01-23,1.0
4312,85610,2016-01-23,1.0
2954,82990,2016-01-23,1.0
613,25051,2016-01-23,1.0
2807,85599,2016-01-23,1.0
11417,2481,2016-01-23,1.0
81633,81633,2016-01-23,1.0
81368,81368,2016-01-23,1.0
40883,54780,2016-01-23,1.0
40883,85616,2016-01-23,1.0
36688,36688,2016-01-23,1.0
290,36688,2016-01-23,1.0
1056,4312,2016-01-24,1.0
4832,85652,2016-01-24,1.0
4832,1459,2016-01-24,1.0
20026,36886,2016-01-24,1.0
3402,74330,2016-01-24,1.0
50846,25696,2016-01-24,1.0
5091,74600,2016-01-24,1.0
25510,4312,2016-01-24,1.0
2481,2481,2016-01-24,1.0
18060,2481,2016-01-24,1.0
4144,21574,2016-01-24,1.0
50846,85659,2016-01-24,1.0
23141,85616,2016-01-24,1.0
11142,84272,2016-01-24,1.0
4653,38145,2016-01-24,1.0
290,38145,2016-01-24,1.0
4923,81633,2016-01-24,1.0
4832,812,2016-01-24,1.0
11260,74600,2016-01-24,1.0
81332,27398,2016-01-24,1.0
9072,83515,2016-01-24,1.0
11054,9025,2016-01-24,1.0
2926,23317,2016-01-24,1.0
35349,10007,2016-01-24,1.0
2807,38386,2016-01-24,1.0
2954,82990,2016-01-24,1.0
21339,5701,2016-01-24,1.0
11142,85651,2016-01-24,1.0
9072,9072,2016-01-24,1.0
1946,1946,2016-01-24,1.0
38468,38468,2016-01-24,1.0
81332,38145,2016-01-24,1.0
12166,10007,2016-01-24,1.0
6101,84272,2016-01-24,1.0
18060,22810,2016-01-24,1.0
22810,22810,2016-01-24,1.0
26522,84272,2016-01-24,1.0
85652,85652,2016-01-24,1.0
4923,9025,2016-01-24,1.0
52918,38468,2016-01-24,1.0
7206,1946,2016-01-24,1.0
83515,9072,2016-01-24,1.0
9025,9025,2016-01-24,1.0
5690,36886,2016-01-24,1.0
2273,8538,2016-01-24,1.0
25309,85653,2016-01-24,1.0
13265,81332,2016-01-24,1.0
74600,74600,2016-01-24,1.0
7206,2926,2016-01-24,1.0
2926,2926,2016-01-24,1.0
2362,35349,2016-01-24,1.0
30186,74600,2016-01-24,1.0
1573,85653,2016-01-24,1.0
76593,85652,2016-01-24,1.0
35349,35349,2016-01-24,1.0
85653,85653,2016-01-24,1.0
14450,84272,2016-01-24,1.0
9924,84272,2016-01-24,1.0
84272,84272,2016-01-24,1.0
2627,84272,2016-01-24,1.0
12166,85640,2016-01-24,1.0
1847,85616,2016-01-24,1.0
82179,22810,2016-01-24,1.0
82179,1056,2016-01-24,1.0
20104,20104,2016-01-24,1.0
14450,20104,2016-01-24,1.0
8103,22810,2016-01-24,1.0
12120,85674,2016-01-24,1.0
41301,582,2016-01-24,1.0
24078,24078,2016-01-24,1.0
10696,38145,2016-01-24,1.0
1573,21564,2016-01-24,1.0
2481,18060,2016-01-24,1.0
297,20104,2016-01-24,1.0
21574,4144,2016-01-24,1.0
2622,2622,2016-01-24,1.0
17261,2622,2016-01-24,1.0
2954,9025,2016-01-24,1.0
10007,10007,2016-01-24,1.0
83134,4312,2016-01-24,1.0
43122,85653,2016-01-24,1.0
85659,50846,2016-01-24,1.0
13268,85653,2016-01-24,1.0
85651,11142,2016-01-24,1.0
1056,1056,2016-01-24,1.0
2530,26579,2016-01-24,1.0
74330,74330,2016-01-24,1.0
85616,23141,2016-01-24,1.0
82990,2954,2016-01-24,1.0
11054,69696,2016-01-24,1.0
763,4832,2016-01-24,1.0
23141,23141,2016-01-24,1.0
85652,4832,2016-01-24,1.0
1688,36886,2016-01-24,1.0
290,22810,2016-01-24,1.0
84700,84700,2016-01-24,1.0
69696,69696,2016-01-24,1.0
2060,24078,2016-01-24,1.0
48278,48278,2016-01-24,1.0
4832,4832,2016-01-24,1.0
49,2597,2016-01-25,1.0
290,76479,2016-01-25,1.0
29783,11632,2016-01-25,1.0
21800,56980,2016-01-25,1.0
14497,83246,2016-01-25,1.0
40297,85711,2016-01-25,1.0
38085,36687,2016-01-25,1.0
21800,21800,2016-01-25,1.0
36035,14379,2016-01-25,1.0
50846,85579,2016-01-25,1.0
4653,38068,2016-01-25,1.0
37822,6101,2016-01-25,1.0
4721,85707,2016-01-25,1.0
5712,6094,2016-01-25,1.0
13326,83,2016-01-25,1.0
13168,47692,2016-01-25,1.0
2954,69696,2016-01-25,1.0
13265,47692,2016-01-25,1.0
4020,60841,2016-01-25,1.0
17988,27807,2016-01-25,1.0
78061,13625,2016-01-25,1.0
1306,85682,2016-01-25,1.0
1688,83246,2016-01-25,1.0
290,21564,2016-01-25,1.0
84772,34538,2016-01-25,1.0
34538,34538,2016-01-25,1.0
85592,4312,2016-01-25,1.0
4832,62049,2016-01-25,1.0
39421,43681,2016-01-25,1.0
10503,45,2016-01-25,1.0
17064,2805,2016-01-25,1.0
76479,290,2016-01-25,1.0
290,290,2016-01-25,1.0
85608,85608,2016-01-25,1.0
1688,76479,2016-01-25,1.0
31310,31310,2016-01-25,1.0
13972,21753,2016-01-25,1.0
14450,290,2016-01-25,1.0
13268,38068,2016-01-25,1.0
21800,2233,2016-01-25,1.0
21753,21753,2016-01-25,1.0
41291,70018,2016-01-25,1.0
68519,22846,2016-01-25,1.0
10696,2841,2016-01-25,1.0
8385,8385,2016-01-25,1.0
41291,38851,2016-01-25,1.0
2481,80578,2016-01-25,1.0
85651,11142,2016-01-25,1.0
81332,76479,2016-01-25,1.0
76479,76479,2016-01-25,1.0
15735,1056,2016-01-25,1.0
1306,21907,2016-01-25,1.0
2954,2954,2016-01-25,1.0
76600,85681,2016-01-25,1.0
42160,8133,2016-01-25,1.0
74600,11260,2016-01-25,1.0
42160,2000,2016-01-25,1.0
8133,8133,2016-01-25,1.0
8133,2000,2016-01-25,1.0
1056,1056,2016-01-25,1.0
23850,31310,2016-01-25,1.0
2051,38889,2016-01-25,1.0
82843,11115,2016-01-25,1.0
38889,38889,2016-01-25,1.0
11262,4572,2016-01-25,1.0
10881,25028,2016-01-25,1.0
14094,1441,2016-01-25,1.0
1441,1441,2016-01-25,1.0
12705,82420,2016-01-25,1.0
38490,45118,2016-01-25,1.0
38490,38490,2016-01-25,1.0
38744,1358,2016-01-25,1.0
36886,20026,2016-01-25,1.0
85711,40297,2016-01-25,1.0
10007,10007,2016-01-25,1.0
12166,10007,2016-01-25,1.0
80578,80578,2016-01-25,1.0
38744,38744,2016-01-25,1.0
2627,84272,2016-01-25,1.0
4312,1056,2016-01-25,1.0
20302,22810,2016-01-25,1.0
22810,22810,2016-01-25,1.0
12858,38068,2016-01-25,1.0
43681,43681,2016-01-25,1.0
84772,84772,2016-01-25,1.0
17836,82420,2016-01-25,1.0
2597,49,2016-01-25,1.0
3684,38851,2016-01-25,1.0
32332,84772,2016-01-25,1.0
32332,23971,2016-01-25,1.0
15293,3502,2016-01-25,1.0
4333,85711,2016-01-25,1.0
21564,290,2016-01-25,1.0
50901,84961,2016-01-25,1.0
22846,22846,2016-01-25,1.0
85711,85711,2016-01-25,1.0
84961,84961,2016-01-25,1.0
4312,85242,2016-01-25,1.0
613,21753,2016-01-25,1.0
4020,4020,2016-01-25,1.0
13625,13625,2016-01-25,1.0
2954,13625,2016-01-25,1.0
2954,76479,2016-01-25,1.0
14094,13625,2016-01-25,1.0
14094,78061,2016-01-25,1.0
13625,78061,2016-01-25,1.0
78061,78061,2016-01-25,1.0
2954,78061,2016-01-25,1.0
70808,22810,2016-01-25,1.0
12156,56980,2016-01-25,1.0
3402,3402,2016-01-25,1.0
2481,18060,2016-01-25,1.0
45118,38490,2016-01-25,1.0
4423,2954,2016-01-25,1.0
74330,3402,2016-01-25,1.0
36687,49620,2016-01-25,1.0
14094,85682,2016-01-25,1.0
85682,85682,2016-01-25,1.0
81838,81368,2016-01-25,1.0
85674,85674,2016-01-25,1.0
17261,85674,2016-01-25,1.0
81368,81368,2016-01-25,1.0
2954,4423,2016-01-25,1.0
85682,1306,2016-01-25,1.0
18060,18060,2016-01-25,1.0
20302,56980,2016-01-25,1.0
37822,8385,2016-01-25,1.0
45,45,2016-01-25,1.0
51223,10366,2016-01-25,1.0
3402,45,2016-01-25,1.0
81332,17988,2016-01-25,1.0
5498,17988,2016-01-25,1.0
85239,56624,2016-01-25,1.0
17988,17988,2016-01-25,1.0
17064,45,2016-01-25,1.0
22019,22277,2016-01-25,1.0
53091,28128,2016-01-25,1.0
14094,45,2016-01-25,1.0
85406,41619,2016-01-25,1.0
21907,21907,2016-01-25,1.0
85406,34096,2016-01-25,1.0
14094,38889,2016-01-25,1.0
11260,11260,2016-01-25,1.0
4312,21907,2016-01-25,1.0
12120,85674,2016-01-25,1.0
394,22810,2016-01-25,1.0
36688,4312,2016-01-25,1.0
3402,74330,2016-01-25,1.0
11115,82843,2016-01-26,1.0
8430,85099,2016-01-26,1.0
85160,85099,2016-01-26,1.0
9942,45600,2016-01-26,1.0
46104,16702,2016-01-26,1.0
70808,22810,2016-01-26,1.0
11260,1358,2016-01-26,1.0
7460,69852,2016-01-26,1.0
12705,1946,2016-01-26,1.0
38744,38744,2016-01-26,1.0
1946,12976,2016-01-26,1.0
12156,1358,2016-01-26,1.0
34180,42586,2016-01-26,1.0
955,1492,2016-01-26,1.0
1441,1441,2016-01-26,1.0
36687,36687,2016-01-26,1.0
30500,14319,2016-01-26,1.0
7206,16537,2016-01-26,1.0
75,14319,2016-01-26,1.0
42278,85599,2016-01-26,1.0
3106,76479,2016-01-26,1.0
2415,14915,2016-01-26,1.0
11142,74600,2016-01-26,1.0
70808,46290,2016-01-26,1.0
4231,14379,2016-01-26,1.0
3384,85711,2016-01-26,1.0
20302,22810,2016-01-26,1.0
17581,38744,2016-01-26,1.0
43122,70808,2016-01-26,1.0
17064,45,2016-01-26,1.0
11054,9025,2016-01-26,1.0
81838,81368,2016-01-26,1.0
14094,57583,2016-01-26,1.0
4721,4721,2016-01-26,1.0
62560,62560,2016-01-26,1.0
42804,42804,2016-01-26,1.0
40297,42804,2016-01-26,1.0
13265,51389,2016-01-26,1.0
85045,85045,2016-01-26,1.0
85707,4721,2016-01-26,1.0
8157,8157,2016-01-26,1.0
4362,8157,2016-01-26,1.0
2481,80578,2016-01-26,1.0
8385,8385,2016-01-26,1.0
78061,83385,2016-01-26,1.0
14319,85045,2016-01-26,1.0
13625,8385,2016-01-26,1.0
22810,22810,2016-01-26,1.0
46290,70808,2016-01-26,1.0
14094,1441,2016-01-26,1.0
38085,38085,2016-01-26,1.0
21574,3377,2016-01-26,1.0
45,45,2016-01-26,1.0
37103,62560,2016-01-26,1.0
4721,85592,2016-01-26,1.0
83385,83385,2016-01-26,1.0
1593,441,2016-01-26,1.0
85693,85693,2016-01-26,1.0
49,49,2016-01-26,1.0
7206,7206,2016-01-26,1.0
11926,85693,2016-01-26,1.0
16537,7206,2016-01-26,1.0
36721,83385,2016-01-26,1.0
16537,16537,2016-01-26,1.0
36687,38085,2016-01-26,1.0
25510,83385,2016-01-26,1.0
8385,76479,2016-01-26,1.0
23141,85610,2016-01-26,1.0
23141,75,2016-01-26,1.0
763,83385,2016-01-26,1.0
68722,85693,2016-01-26,1.0
4333,4721,2016-01-26,1.0
13904,8385,2016-01-26,1.0
18512,13552,2016-01-26,1.0
14497,40782,2016-01-26,1.0
1898,74600,2016-01-26,1.0
78061,40782,2016-01-26,1.0
3959,74600,2016-01-26,1.0
18526,22620,2016-01-26,1.0
80578,80578,2016-01-26,1.0
14450,84272,2016-01-26,1.0
290,290,2016-01-26,1.0
4685,1816,2016-01-26,1.0
38889,38889,2016-01-26,1.0
14094,38889,2016-01-26,1.0
2805,2805,2016-01-26,1.0
85681,85681,2016-01-26,1.0
62810,15293,2016-01-26,1.0
17064,2805,2016-01-26,1.0
1847,85729,2016-01-26,1.0
1946,7206,2016-01-26,1.0
11260,85729,2016-01-26,1.0
26935,15293,2016-01-26,1.0
4312,85242,2016-01-26,1.0
40782,40782,2016-01-26,1.0
81368,81368,2016-01-26,1.0
17836,82420,2016-01-26,1.0
26935,22810,2016-01-26,1.0
85242,85242,2016-01-26,1.0
12898,75382,2016-01-26,1.0
15293,15293,2016-01-26,1.0
4572,4572,2016-01-26,1.0
85729,85729,2016-01-26,1.0
1898,85729,2016-01-26,1.0
317,85729,2016-01-26,1.0
42160,8133,2016-01-26,1.0
85711,85711,2016-01-26,1.0
11919,85711,2016-01-26,1.0
8857,40782,2016-01-26,1.0
16702,16702,2016-01-26,1.0
70808,3377,2016-01-26,1.0
13972,16702,2016-01-26,1.0
1946,1946,2016-01-26,1.0
2290,85711,2016-01-26,1.0
70808,70808,2016-01-26,1.0
63996,63996,2016-01-26,1.0
4144,63996,2016-01-26,1.0
36212,9025,2016-01-26,1.0
2481,41075,2016-01-26,1.0
43122,85681,2016-01-26,1.0
43122,78785,2016-01-26,1.0
1816,1816,2016-01-26,1.0
4333,85707,2016-01-26,1.0
12976,1946,2016-01-26,1.0
76479,76479,2016-01-26,1.0
85711,3384,2016-01-26,1.0
37103,37103,2016-01-26,1.0
6429,4832,2016-01-26,1.0
5442,85610,2016-01-26,1.0
29697,76479,2016-01-26,1.0
3402,8385,2016-01-26,1.0
4312,37103,2016-01-26,1.0
2415,57583,2016-01-26,1.0
4832,4832,2016-01-26,1.0
51389,51389,2016-01-26,1.0
2597,49,2016-01-26,1.0
41075,41075,2016-01-26,1.0
1688,16702,2016-01-26,1.0
36721,42278,2016-01-26,1.0
9652,85099,2016-01-26,1.0
85099,85099,2016-01-26,1.0
13552,13552,2016-01-26,1.0
9652,8157,2016-01-26,1.0
42690,1409,2016-01-26,1.0
36721,9025,2016-01-26,1.0
9025,9025,2016-01-26,1.0
84700,84700,2016-01-27,1.0
16537,23141,2016-01-27,1.0
7206,7206,2016-01-27,1.0
1306,13015,2016-01-27,1.0
34538,34538,2016-01-27,1.0
14094,13015,2016-01-27,1.0
76541,76541,2016-01-27,1.0
50846,41075,2016-01-27,1.0
4312,74330,2016-01-27,1.0
2273,74330,2016-01-27,1.0
5917,23141,2016-01-27,1.0
425,13015,2016-01-27,1.0
7294,6101,2016-01-27,1.0
85789,23141,2016-01-27,1.0
1465,1465,2016-01-27,1.0
11546,11546,2016-01-27,1.0
13265,76541,2016-01-27,1.0
11546,57405,2016-01-27,1.0
16537,7206,2016-01-27,1.0
16537,43954,2016-01-27,1.0
23141,23141,2016-01-27,1.0
2383,17440,2016-01-27,1.0
1816,1816,2016-01-27,1.0
2926,57405,2016-01-27,1.0
6084,13015,2016-01-27,1.0
2233,2233,2016-01-27,1.0
64404,1688,2016-01-27,1.0
13265,46448,2016-01-27,1.0
5743,2481,2016-01-27,1.0
2233,37432,2016-01-27,1.0
85711,2481,2016-01-27,1.0
2622,80604,2016-01-27,1.0
30366,51325,2016-01-27,1.0
33047,33047,2016-01-27,1.0
13360,22131,2016-01-27,1.0
34180,22051,2016-01-27,1.0
22131,22131,2016-01-27,1.0
38783,35779,2016-01-27,1.0
13265,85811,2016-01-27,1.0
22810,70808,2016-01-27,1.0
76593,85804,2016-01-27,1.0
35593,13015,2016-01-27,1.0
13265,85693,2016-01-27,1.0
1015,57405,2016-01-27,1.0
85804,2384,2016-01-27,1.0
12705,70015,2016-01-27,1.0
70015,70015,2016-01-27,1.0
38468,84990,2016-01-27,1.0
51325,51325,2016-01-27,1.0
84990,82616,2016-01-27,1.0
1946,38744,2016-01-27,1.0
360,360,2016-01-27,1.0
6494,85578,2016-01-27,1.0
17907,17907,2016-01-27,1.0
29697,2233,2016-01-27,1.0
12178,1358,2016-01-27,1.0
42586,34180,2016-01-27,1.0
6101,6101,2016-01-27,1.0
5101,4721,2016-01-27,1.0
13972,16702,2016-01-27,1.0
21574,3377,2016-01-27,1.0
70808,3377,2016-01-27,1.0
22620,22620,2016-01-27,1.0
14094,46104,2016-01-27,1.0
4721,4721,2016-01-27,1.0
12705,1946,2016-01-27,1.0
15129,454,2016-01-27,1.0
4333,4721,2016-01-27,1.0
69630,76541,2016-01-27,1.0
10696,3485,2016-01-27,1.0
3901,290,2016-01-27,1.0
613,3377,2016-01-27,1.0
34180,34180,2016-01-27,1.0
1946,1946,2016-01-27,1.0
13972,56059,2016-01-27,1.0
85406,85348,2016-01-27,1.0
40782,40782,2016-01-27,1.0
21684,85768,2016-01-27,1.0
21684,51325,2016-01-27,1.0
85783,11142,2016-01-27,1.0
2383,84700,2016-01-27,1.0
4231,14319,2016-01-27,1.0
18526,22620,2016-01-27,1.0
70808,56059,2016-01-27,1.0
51389,51389,2016-01-27,1.0
12705,85776,2016-01-27,1.0
7437,454,2016-01-27,1.0
46460,33820,2016-01-27,1.0
17440,360,2016-01-27,1.0
68519,22846,2016-01-27,1.0
2233,75619,2016-01-27,1.0
85578,13650,2016-01-27,1.0
78,22,2016-01-27,1.0
13650,13650,2016-01-27,1.0
85681,85681,2016-01-27,1.0
22,22,2016-01-27,1.0
85578,85578,2016-01-27,1.0
62471,17907,2016-01-27,1.0
1946,85789,2016-01-27,1.0
85776,85776,2016-01-27,1.0
85789,85789,2016-01-27,1.0
42278,42278,2016-01-27,1.0
2926,11546,2016-01-27,1.0
83270,83270,2016-01-27,1.0
11142,85578,2016-01-27,1.0
49,49,2016-01-27,1.0
70355,3803,2016-01-27,1.0
33377,7031,2016-01-27,1.0
1056,85578,2016-01-27,1.0
6818,22,2016-01-27,1.0
6205,85768,2016-01-27,1.0
9025,9025,2016-01-27,1.0
9025,83270,2016-01-27,1.0
8157,8157,2016-01-27,1.0
38744,38744,2016-01-27,1.0
85592,51325,2016-01-27,1.0
2273,70015,2016-01-27,1.0
35779,2273,2016-01-27,1.0
2481,85711,2016-01-27,1.0
57888,70015,2016-01-27,1.0
85592,47741,2016-01-27,1.0
85804,7110,2016-01-27,1.0
85711,85211,2016-01-27,1.0
4312,85242,2016-01-27,1.0
2233,85776,2016-01-27,1.0
33820,46460,2016-01-27,1.0
82067,85761,2016-01-27,1.0
6101,21123,2016-01-27,1.0
297,51325,2016-01-27,1.0
1688,64404,2016-01-27,1.0
82616,84990,2016-01-27,1.0
13650,85783,2016-01-27,1.0
3684,27459,2016-01-27,1.0
4433,37103,2016-01-27,1.0
7108,1358,2016-01-27,1.0
13650,85578,2016-01-27,1.0
57405,11546,2016-01-27,1.0
37432,85776,2016-01-27,1.0
17907,62471,2016-01-27,1.0
37822,50562,2016-01-27,1.0
360,17440,2016-01-27,1.0
23141,85789,2016-01-27,1.0
4231,38068,2016-01-27,1.0
56938,2837,2016-01-27,1.0
85578,47467,2016-01-27,1.0
13022,54780,2016-01-27,1.0
85406,66033,2016-01-27,1.0
11142,85783,2016-01-27,1.0
82616,82616,2016-01-28,1.0
12905,19885,2016-01-28,1.0
9502,2900,2016-01-28,1.0
1441,4690,2016-01-28,1.0
70808,2612,2016-01-28,1.0
4231,85811,2016-01-28,1.0
83457,85616,2016-01-28,1.0
1463,60483,2016-01-28,1.0
45057,3324,2016-01-28,1.0
21051,22277,2016-01-28,1.0
41075,50846,2016-01-28,1.0
18583,18583,2016-01-28,1.0
35840,60483,2016-01-28,1.0
70015,2273,2016-01-28,1.0
12705,15293,2016-01-28,1.0
9417,1465,2016-01-28,1.0
14105,14105,2016-01-28,1.0
70808,85856,2016-01-28,1.0
7206,7206,2016-01-28,1.0
84179,85811,2016-01-28,1.0
23141,23141,2016-01-28,1.0
2383,84700,2016-01-28,1.0
4312,4312,2016-01-28,1.0
4690,4690,2016-01-28,1.0
30366,30366,2016-01-28,1.0
16183,1811,2016-01-28,1.0
1345,38851,2016-01-28,1.0
30186,4953,2016-01-28,1.0
1573,60483,2016-01-28,1.0
70808,30366,2016-01-28,1.0
13042,85801,2016-01-28,1.0
36721,42278,2016-01-28,1.0
2926,85211,2016-01-28,1.0
74773,85651,2016-01-28,1.0
85651,85651,2016-01-28,1.0
2318,4890,2016-01-28,1.0
13015,13015,2016-01-28,1.0
81332,81332,2016-01-28,1.0
4069,81332,2016-01-28,1.0
11142,85818,2016-01-28,1.0
12858,18583,2016-01-28,1.0
13265,10333,2016-01-28,1.0
23291,15482,2016-01-28,1.0
40297,52982,2016-01-28,1.0
12705,85834,2016-01-28,1.0
36931,21574,2016-01-28,1.0
3402,4312,2016-01-28,1.0
85818,11260,2016-01-28,1.0
51325,51325,2016-01-28,1.0
85801,630,2016-01-28,1.0
85789,23141,2016-01-28,1.0
2039,85372,2016-01-28,1.0
2954,74773,2016-01-28,1.0
70808,70808,2016-01-28,1.0
85711,85711,2016-01-28,1.0
74773,74773,2016-01-28,1.0
11260,85818,2016-01-28,1.0
85578,85578,2016-01-28,1.0
85801,85801,2016-01-28,1.0
20302,36931,2016-01-28,1.0
630,85801,2016-01-28,1.0
23141,14105,2016-01-28,1.0
42278,18583,2016-01-28,1.0
34180,34180,2016-01-28,1.0
84966,84966,2016-01-28,1.0
84768,8157,2016-01-28,1.0
4312,34180,2016-01-28,1.0
21574,36931,2016-01-28,1.0
36931,36931,2016-01-28,1.0
763,85784,2016-01-28,1.0
78,22,2016-01-28,1.0
11919,11919,2016-01-28,1.0
11919,84966,2016-01-28,1.0
17907,18583,2016-01-28,1.0
46460,81332,2016-01-28,1.0
353,85847,2016-01-28,1.0
1688,85847,2016-01-28,1.0
85784,763,2016-01-28,1.0
85784,85784,2016-01-28,1.0
45600,68910,2016-01-28,1.0
1946,1946,2016-01-28,1.0
65900,1946,2016-01-28,1.0
31814,11919,2016-01-28,1.0
22,22,2016-01-28,1.0
8157,8157,2016-01-28,1.0
1409,41075,2016-01-28,1.0
11926,11926,2016-01-28,1.0
41075,41075,2016-01-28,1.0
1811,16183,2016-01-28,1.0
21574,43247,2016-01-28,1.0
8032,54788,2016-01-28,1.0
46460,75309,2016-01-28,1.0
3402,74330,2016-01-28,1.0
11926,3324,2016-01-28,1.0
25121,25121,2016-01-28,1.0
46460,85211,2016-01-28,1.0
50846,54788,2016-01-28,1.0
85130,46573,2016-01-28,1.0
2954,34180,2016-01-28,1.0
17047,22810,2016-01-28,1.0
11054,21339,2016-01-28,1.0
38744,38744,2016-01-28,1.0
85651,74773,2016-01-28,1.0
20302,85818,2016-01-28,1.0
38624,3324,2016-01-28,1.0
46460,45722,2016-01-28,1.0
13265,85020,2016-01-28,1.0
1693,51685,2016-01-28,1.0
14450,38851,2016-01-28,1.0
25510,16183,2016-01-28,1.0
318,41075,2016-01-28,1.0
19885,38851,2016-01-28,1.0
11260,38851,2016-01-28,1.0
14450,85860,2016-01-28,1.0
50846,41075,2016-01-28,1.0
70808,51325,2016-01-28,1.0
19885,45615,2016-01-28,1.0
11142,85847,2016-01-28,1.0
22277,24078,2016-01-28,1.0
2503,24965,2016-01-28,1.0
81332,46460,2016-01-28,1.0
13650,85834,2016-01-28,1.0
12166,54788,2016-01-28,1.0
4069,46460,2016-01-28,1.0
18060,84966,2016-01-28,1.0
83314,16557,2016-01-28,1.0
40564,36779,2016-01-28,1.0
21339,11054,2016-01-28,1.0
7092,38744,2016-01-28,1.0
43122,46290,2016-01-28,1.0
46290,46290,2016-01-28,1.0
44291,13015,2016-01-28,1.0
13650,13650,2016-01-28,1.0
16537,7206,2016-01-28,1.0
1946,38744,2016-01-28,1.0
21574,8419,2016-01-28,1.0
81368,81368,2016-01-28,1.0
3684,85711,2016-01-28,1.0
74330,3402,2016-01-28,1.0
34180,2954,2016-01-28,1.0
37103,85829,2016-01-28,1.0
38624,11926,2016-01-28,1.0
11054,11054,2016-01-28,1.0
35840,3032,2016-01-29,1.0
1345,38851,2016-01-29,1.0
48084,3032,2016-01-29,1.0
14094,46290,2016-01-29,1.0
6249,12547,2016-01-29,1.0
10744,85916,2016-01-29,1.0
34538,8176,2016-01-29,1.0
4854,85916,2016-01-29,1.0
12166,36688,2016-01-29,1.0
4312,56553,2016-01-29,1.0
8003,8003,2016-01-29,1.0
3032,3032,2016-01-29,1.0
16537,23141,2016-01-29,1.0
22810,394,2016-01-29,1.0
35344,35344,2016-01-29,1.0
2900,10035,2016-01-29,1.0
12547,12547,2016-01-29,1.0
43122,70808,2016-01-29,1.0
14450,42278,2016-01-29,1.0
42278,42278,2016-01-29,1.0
43122,46290,2016-01-29,1.0
85578,13650,2016-01-29,1.0
6249,6249,2016-01-29,1.0
1811,1811,2016-01-29,1.0
85616,85616,2016-01-29,1.0
23444,21907,2016-01-29,1.0
4832,11142,2016-01-29,1.0
11142,11142,2016-01-29,1.0
4753,15293,2016-01-29,1.0
11054,16557,2016-01-29,1.0
10333,10333,2016-01-29,1.0
9502,2900,2016-01-29,1.0
85804,85804,2016-01-29,1.0
6950,10333,2016-01-29,1.0
5442,15293,2016-01-29,1.0
4832,83887,2016-01-29,1.0
2900,2900,2016-01-29,1.0
78,22,2016-01-29,1.0
40782,33047,2016-01-29,1.0
18060,10333,2016-01-29,1.0
12166,85920,2016-01-29,1.0
6084,85877,2016-01-29,1.0
1532,1532,2016-01-29,1.0
67162,83246,2016-01-29,1.0
9025,630,2016-01-29,1.0
3948,73886,2016-01-29,1.0
18060,630,2016-01-29,1.0
35344,20597,2016-01-29,1.0
85895,75422,2016-01-29,1.0
19322,2117,2016-01-29,1.0
80051,19088,2016-01-29,1.0
83457,85616,2016-01-29,1.0
40297,7460,2016-01-29,1.0
11260,48737,2016-01-29,1.0
75,59012,2016-01-29,1.0
12547,6249,2016-01-29,1.0
70808,1459,2016-01-29,1.0
8003,41873,2016-01-29,1.0
78465,21339,2016-01-29,1.0
13972,56938,2016-01-29,1.0
4614,34538,2016-01-29,1.0
34538,34538,2016-01-29,1.0
42278,17787,2016-01-29,1.0
15629,4433,2016-01-29,1.0
290,41873,2016-01-29,1.0
46460,19475,2016-01-29,1.0
85920,85920,2016-01-29,1.0
3753,78248,2016-01-29,1.0
85918,85918,2016-01-29,1.0
2900,48585,2016-01-29,1.0
2926,2926,2016-01-29,1.0
46460,54821,2016-01-29,1.0
6999,85918,2016-01-29,1.0
6249,14447,2016-01-29,1.0
22,22,2016-01-29,1.0
14094,60483,2016-01-29,1.0
46460,10547,2016-01-29,1.0
3503,82840,2016-01-29,1.0
70808,46290,2016-01-29,1.0
4312,630,2016-01-29,1.0
20597,20597,2016-01-29,1.0
11142,82840,2016-01-29,1.0
84637,45564,2016-01-29,1.0
11260,4433,2016-01-29,1.0
8799,81090,2016-01-29,1.0
36707,38851,2016-01-29,1.0
7206,15293,2016-01-29,1.0
4433,15629,2016-01-29,1.0
15629,15629,2016-01-29,1.0
5984,15293,2016-01-29,1.0
49753,49753,2016-01-29,1.0
81090,8799,2016-01-29,1.0
12310,78,2016-01-29,1.0
7206,1532,2016-01-29,1.0
69850,78,2016-01-29,1.0
21339,21339,2016-01-29,1.0
52982,52982,2016-01-29,1.0
2383,85818,2016-01-29,1.0
630,18060,2016-01-29,1.0
84768,6360,2016-01-29,1.0
78,78,2016-01-29,1.0
11054,21339,2016-01-29,1.0
10333,18060,2016-01-29,1.0
26080,2926,2016-01-29,1.0
290,17787,2016-01-29,1.0
9025,18060,2016-01-29,1.0
20507,85877,2016-01-29,1.0
36688,36688,2016-01-29,1.0
11856,58719,2016-01-29,1.0
43122,58790,2016-01-29,1.0
15293,15293,2016-01-29,1.0
4433,11260,2016-01-29,1.0
4312,79906,2016-01-29,1.0
3272,4433,2016-01-29,1.0
8008,630,2016-01-29,1.0
3859,20584,2016-01-29,1.0
16659,81090,2016-01-29,1.0
290,290,2016-01-29,1.0
76479,290,2016-01-29,1.0
4721,4433,2016-01-29,1.0
18060,18060,2016-01-29,1.0
22277,22277,2016-01-29,1.0
85818,85818,2016-01-29,1.0
630,630,2016-01-29,1.0
85818,20302,2016-01-29,1.0
24078,22277,2016-01-29,1.0
30684,49753,2016-01-29,1.0
81311,82840,2016-01-29,1.0
79906,79906,2016-01-29,1.0
20302,20302,2016-01-29,1.0
13650,49753,2016-01-29,1.0
85856,85856,2016-01-29,1.0
45057,3324,2016-01-29,1.0
84179,85811,2016-01-29,1.0
46460,12235,2016-01-29,1.0
3959,630,2016-01-29,1.0
5015,3503,2016-01-29,1.0
50846,50846,2016-01-29,1.0
3503,3503,2016-01-29,1.0
82840,3503,2016-01-29,1.0
7206,7206,2016-01-29,1.0
19885,19885,2016-01-29,1.0
19885,14450,2016-01-29,1.0
16659,8799,2016-01-29,1.0
8799,8799,2016-01-29,1.0
3041,2874,2016-01-29,1.0
3199,11142,2016-01-29,1.0
12120,8799,2016-01-29,1.0
85592,297,2016-01-29,1.0
766,630,2016-01-29,1.0
630,4312,2016-01-29,1.0
3503,11142,2016-01-29,1.0
46290,46290,2016-01-29,1.0
6249,8103,2016-01-29,1.0
8103,8103,2016-01-29,1.0
43395,2503,2016-01-29,1.0
13650,11260,2016-01-29,1.0
45564,84637,2016-01-29,1.0
11260,11260,2016-01-29,1.0
24993,14450,2016-01-29,1.0
10503,41873,2016-01-29,1.0
5263,41873,2016-01-29,1.0
51223,12156,2016-01-29,1.0
7092,40863,2016-01-29,1.0
3324,3324,2016-01-29,1.0
85616,83457,2016-01-29,1.0
20597,35344,2016-01-29,1.0
1441,4690,2016-01-29,1.0
3684,38851,2016-01-29,1.0
16537,7206,2016-01-29,1.0
17836,18889,2016-01-29,1.0
70808,85856,2016-01-29,1.0
75,36688,2016-01-30,1.0
3032,48084,2016-01-30,1.0
36688,36688,2016-01-30,1.0
82843,15293,2016-01-30,1.0
43954,43954,2016-01-30,1.0
290,17787,2016-01-30,1.0
11142,11142,2016-01-30,1.0
21339,11054,2016-01-30,1.0
11054,66009,2016-01-30,1.0
22810,17047,2016-01-30,1.0
4721,13972,2016-01-30,1.0
1306,1306,2016-01-30,1.0
56938,13972,2016-01-30,1.0
3032,1306,2016-01-30,1.0
14497,36688,2016-01-30,1.0
83314,16557,2016-01-30,1.0
47248,82358,2016-01-30,1.0
14450,42278,2016-01-30,1.0
290,10446,2016-01-30,1.0
69037,733,2016-01-30,1.0
69037,586,2016-01-30,1.0
42278,17787,2016-01-30,1.0
13972,13972,2016-01-30,1.0
19949,19949,2016-01-30,1.0
11054,11054,2016-01-30,1.0
37103,11142,2016-01-30,1.0
4312,11142,2016-01-30,1.0
23141,10446,2016-01-30,1.0
82358,82358,2016-01-30,1.0
82358,36721,2016-01-30,1.0
13650,13650,2016-01-30,1.0
10898,37103,2016-01-30,1.0
21574,65972,2016-01-30,1.0
85856,85856,2016-01-30,1.0
85932,14740,2016-01-30,1.0
24078,10446,2016-01-30,1.0
37103,69078,2016-01-30,1.0
11054,21339,2016-01-30,1.0
48839,82358,2016-01-30,1.0
8008,630,2016-01-30,1.0
48084,3032,2016-01-30,1.0
50846,50437,2016-01-30,1.0
4231,4149,2016-01-30,1.0
22989,22989,2016-01-30,1.0
4149,4149,2016-01-30,1.0
46460,15629,2016-01-30,1.0
14094,22989,2016-01-30,1.0
23476,23476,2016-01-30,1.0
2000,16537,2016-01-30,1.0
16537,16537,2016-01-30,1.0
11142,37103,2016-01-30,1.0
1345,4707,2016-01-30,1.0
26635,26208,2016-01-30,1.0
2273,16537,2016-01-30,1.0
73886,3948,2016-01-30,1.0
2233,82845,2016-01-30,1.0
83246,67162,2016-01-30,1.0
20302,23476,2016-01-30,1.0
48737,11260,2016-01-30,1.0
16678,22989,2016-01-30,1.0
3032,14450,2016-01-30,1.0
22277,18889,2016-01-30,1.0
12166,6249,2016-01-30,1.0
36721,82358,2016-01-30,1.0
14450,3032,2016-01-30,1.0
40297,85918,2016-01-30,1.0
9269,15293,2016-01-30,1.0
1532,36414,2016-01-30,1.0
21399,22606,2016-01-30,1.0
22277,4903,2016-01-30,1.0
85130,1946,2016-01-30,1.0
25510,82358,2016-01-30,1.0
69850,290,2016-01-30,1.0
43122,40297,2016-01-30,1.0
290,290,2016-01-30,1.0
9114,1532,2016-01-30,1.0
7460,40297,2016-01-30,1.0
46448,46448,2016-01-30,1.0
13268,13268,2016-01-30,1.0
1778,4,2016-01-30,1.0
85834,13650,2016-01-30,1.0
17787,17787,2016-01-30,1.0
14450,14450,2016-01-30,1.0
297,40297,2016-01-30,1.0
1532,9025,2016-01-30,1.0
290,42278,2016-01-30,1.0
19088,80051,2016-01-30,1.0
297,290,2016-01-30,1.0
21339,78465,2016-01-30,1.0
40297,40297,2016-01-30,1.0
454,85916,2016-01-30,1.0
66009,66009,2016-01-30,1.0
4040,1306,2016-01-30,1.0
9269,9269,2016-01-30,1.0
6794,9269,2016-01-30,1.0
9652,65756,2016-01-30,1.0
22277,75,2016-01-30,1.0
26080,2926,2016-01-30,1.0
12166,36688,2016-01-30,1.0
36721,82358,2016-01-31,1.0
13265,76541,2016-01-31,1.0
18889,22277,2016-01-31,1.0
4149,64404,2016-01-31,1.0
6818,85970,2016-01-31,1.0
4312,85969,2016-01-31,1.0
13915,85970,2016-01-31,1.0
76541,76541,2016-01-31,1.0
19885,82845,2016-01-31,1.0
766,37103,2016-01-31,1.0
15293,15293,2016-01-31,1.0
22989,22989,2016-01-31,1.0
2841,22989,2016-01-31,1.0
2926,70464,2016-01-31,1.0
84961,84961,2016-01-31,1.0
4312,70464,2016-01-31,1.0
26208,26635,2016-01-31,1.0
46460,4069,2016-01-31,1.0
582,1048,2016-01-31,1.0
55853,55853,2016-01-31,1.0
22277,34461,2016-01-31,1.0
5091,85966,2016-01-31,1.0
391,76541,2016-01-31,1.0
36707,38851,2016-01-31,1.0
16537,85966,2016-01-31,1.0
14094,22989,2016-01-31,1.0
21339,21339,2016-01-31,1.0
2926,21339,2016-01-31,1.0
85970,6818,2016-01-31,1.0
78061,38805,2016-01-31,1.0
20598,16678,2016-01-31,1.0
8176,13015,2016-01-31,1.0
4767,14443,2016-01-31,1.0
13265,46448,2016-01-31,1.0
44291,13015,2016-01-31,1.0
27742,4354,2016-01-31,1.0
84637,74651,2016-01-31,1.0
78061,48827,2016-01-31,1.0
84700,40520,2016-01-31,1.0
2051,85988,2016-01-31,1.0
10446,11877,2016-01-31,1.0
85989,1229,2016-01-31,1.0
47763,1459,2016-01-31,1.0
11115,85969,2016-01-31,1.0
28128,28128,2016-01-31,1.0
290,83050,2016-01-31,1.0
69850,78,2016-01-31,1.0
763,763,2016-01-31,1.0
83050,83050,2016-01-31,1.0
2926,85989,2016-01-31,1.0
12166,763,2016-01-31,1.0
38468,70464,2016-01-31,1.0
20302,85988,2016-01-31,1.0
17988,2095,2016-01-31,1.0
1532,1532,2016-01-31,1.0
70464,70464,2016-01-31,1.0
85988,2051,2016-01-31,1.0
76593,85989,2016-01-31,1.0
6818,6818,2016-01-31,1.0
11640,290,2016-01-31,1.0
30516,75496,2016-01-31,1.0
2290,70464,2016-01-31,1.0
14094,17503,2016-01-31,1.0
1688,13625,2016-01-31,1.0
4312,13015,2016-01-31,1.0
1840,85984,2016-01-31,1.0
14094,8176,2016-01-31,1.0
44169,75496,2016-01-31,1.0
51164,290,2016-01-31,1.0
8176,44291,2016-01-31,1.0
70808,763,2016-01-31,1.0
2273,4354,2016-01-31,1.0
35840,40520,2016-01-31,1.0
3684,40520,2016-01-31,1.0
1898,83050,2016-01-31,1.0
763,85982,2016-01-31,1.0
82358,36721,2016-01-31,1.0
82179,85982,2016-01-31,1.0
763,1840,2016-01-31,1.0
36721,36721,2016-01-31,1.0
69850,391,2016-01-31,1.0
20803,20803,2016-01-31,1.0
41291,85984,2016-01-31,1.0
22377,20803,2016-01-31,1.0
763,83050,2016-01-31,1.0
6360,6360,2016-01-31,1.0
1056,20803,2016-01-31,1.0
4721,13972,2016-01-31,1.0
41873,290,2016-01-31,1.0
290,290,2016-01-31,1.0
13625,55853,2016-01-31,1.0
50437,50846,2016-01-31,1.0
40520,40520,2016-01-31,1.0
12166,10035,2016-01-31,1.0
85969,11115,2016-01-31,1.0
2095,2095,2016-01-31,1.0
11115,11115,2016-01-31,1.0
13265,391,2016-01-31,1.0
10446,24078,2016-01-31,1.0
21800,20803,2016-01-31,1.0
41873,8003,2016-01-31,1.0
10446,34538,2016-01-31,1.0
1898,55853,2016-01-31,1.0
23476,23476,2016-01-31,1.0
13265,24706,2016-01-31,1.0
24706,24706,2016-01-31,1.0
70808,47391,2016-01-31,1.0
1310,24706,2016-01-31,1.0
2900,2900,2016-01-31,1.0
2000,16537,2016-01-31,1.0
3199,22989,2016-01-31,1.0
85020,13265,2016-01-31,1.0
16537,16537,2016-01-31,1.0
38624,8385,2016-01-31,1.0
1840,21339,2016-01-31,1.0
42137,16537,2016-01-31,1.0
8385,8385,2016-01-31,1.0
20302,23476,2016-01-31,1.0
18512,1048,2016-01-31,1.0
76593,85966,2016-01-31,1.0
1048,1048,2016-01-31,1.0
85966,85966,2016-01-31,1.0
6101,6101,2016-01-31,1.0
78465,78465,2016-01-31,1.0
4312,70464,2016-02-01,1.0
26522,1532,2016-02-01,1.0
45005,28128,2016-02-01,1.0
40520,84700,2016-02-01,1.0
14094,85994,2016-02-01,1.0
5100,11260,2016-02-01,1.0
12705,8991,2016-02-01,1.0
2051,28128,2016-02-01,1.0
28128,28128,2016-02-01,1.0
2841,11640,2016-02-01,1.0
2841,2841,2016-02-01,1.0
2095,2095,2016-02-01,1.0
1898,83050,2016-02-01,1.0
64141,22606,2016-02-01,1.0
55853,55853,2016-02-01,1.0
86000,86000,2016-02-01,1.0
11919,11919,2016-02-01,1.0
290,290,2016-02-01,1.0
37103,86000,2016-02-01,1.0
41873,290,2016-02-01,1.0
75496,75496,2016-02-01,1.0
14094,22989,2016-02-01,1.0
13625,11919,2016-02-01,1.0
290,2095,2016-02-01,1.0
38168,4312,2016-02-01,1.0
763,81335,2016-02-01,1.0
11926,2095,2016-02-01,1.0
17787,290,2016-02-01,1.0
4351,2841,2016-02-01,1.0
8991,27742,2016-02-01,1.0
1310,24706,2016-02-01,1.0
11054,85616,2016-02-01,1.0
86033,20803,2016-02-01,1.0
8133,84339,2016-02-01,1.0
85036,28128,2016-02-01,1.0
8799,6094,2016-02-01,1.0
11640,2841,2016-02-01,1.0
11260,46852,2016-02-01,1.0
75,43681,2016-02-01,1.0
12176,630,2016-02-01,1.0
21051,43681,2016-02-01,1.0
13360,86023,2016-02-01,1.0
75422,27160,2016-02-01,1.0
3948,82505,2016-02-01,1.0
3106,20803,2016-02-01,1.0
24309,12669,2016-02-01,1.0
34180,34180,2016-02-01,1.0
3460,54780,2016-02-01,1.0
12858,1703,2016-02-01,1.0
54552,54552,2016-02-01,1.0
74578,2361,2016-02-01,1.0
4961,12669,2016-02-01,1.0
85994,6206,2016-02-01,1.0
14830,70464,2016-02-01,1.0
46460,85711,2016-02-01,1.0
81335,83050,2016-02-01,1.0
11919,13625,2016-02-01,1.0
13265,2095,2016-02-01,1.0
56624,20803,2016-02-01,1.0
84499,20803,2016-02-01,1.0
3948,3948,2016-02-01,1.0
86008,10909,2016-02-01,1.0
17988,2095,2016-02-01,1.0
70808,86002,2016-02-01,1.0
75422,75422,2016-02-01,1.0
46852,46852,2016-02-01,1.0
13625,46852,2016-02-01,1.0
8385,6094,2016-02-01,1.0
13972,22606,2016-02-01,1.0
82616,3465,2016-02-01,1.0
46460,46460,2016-02-01,1.0
11856,58719,2016-02-01,1.0
50846,50846,2016-02-01,1.0
290,56938,2016-02-01,1.0
56938,916,2016-02-01,1.0
22277,22277,2016-02-01,1.0
39331,58719,2016-02-01,1.0
21574,11705,2016-02-01,1.0
85711,46460,2016-02-01,1.0
65972,65972,2016-02-01,1.0
1946,22277,2016-02-01,1.0
42047,54552,2016-02-01,1.0
22606,22606,2016-02-01,1.0
17064,74156,2016-02-01,1.0
71225,71225,2016-02-01,1.0
391,84240,2016-02-01,1.0
7460,40297,2016-02-01,1.0
60435,60435,2016-02-01,1.0
7460,60435,2016-02-01,1.0
46852,11260,2016-02-01,1.0
70808,85856,2016-02-01,1.0
54780,3948,2016-02-01,1.0
1898,6094,2016-02-01,1.0
763,43681,2016-02-01,1.0
1358,71225,2016-02-01,1.0
78061,46852,2016-02-01,1.0
27742,8991,2016-02-01,1.0
43681,43681,2016-02-01,1.0
17988,2841,2016-02-01,1.0
21574,85994,2016-02-01,1.0
2926,28128,2016-02-01,1.0
2926,2554,2016-02-01,1.0
48839,56624,2016-02-01,1.0
40520,40520,2016-02-01,1.0
56624,56624,2016-02-01,1.0
14830,14830,2016-02-01,1.0
17907,80013,2016-02-01,1.0
2095,13265,2016-02-01,1.0
12705,27742,2016-02-01,1.0
27742,27742,2016-02-01,1.0
1532,1532,2016-02-01,1.0
13265,13265,2016-02-01,1.0
1532,21684,2016-02-01,1.0
613,54780,2016-02-01,1.0
20803,84499,2016-02-01,1.0
11100,86005,2016-02-01,1.0
54780,54780,2016-02-01,1.0
54780,3460,2016-02-01,1.0
81332,13265,2016-02-01,1.0
76593,86008,2016-02-01,1.0
10696,17988,2016-02-01,1.0
2926,86008,2016-02-01,1.0
85322,80013,2016-02-01,1.0
1310,763,2016-02-01,1.0
1306,13015,2016-02-01,1.0
29697,3106,2016-02-01,1.0
13972,13972,2016-02-01,1.0
1306,20803,2016-02-01,1.0
6818,6818,2016-02-01,1.0
2926,39187,2016-02-01,1.0
4312,4312,2016-02-01,1.0
24706,1310,2016-02-01,1.0
440,39187,2016-02-01,1.0
48839,85616,2016-02-01,1.0
85616,85616,2016-02-01,1.0
33135,75422,2016-02-01,1.0
21574,3460,2016-02-01,1.0
18060,34180,2016-02-01,1.0
13015,8176,2016-02-01,1.0
30516,75496,2016-02-01,1.0
4832,85616,2016-02-01,1.0
3460,3460,2016-02-01,1.0
7206,84339,2016-02-02,1.0
763,62810,2016-02-02,1.0
5420,5420,2016-02-02,1.0
62810,62810,2016-02-02,1.0
3465,3465,2016-02-02,1.0
14319,14319,2016-02-02,1.0
33047,33047,2016-02-02,1.0
62810,14319,2016-02-02,1.0
12166,36625,2016-02-02,1.0
4312,57639,2016-02-02,1.0
763,14319,2016-02-02,1.0
69747,31475,2016-02-02,1.0
9072,36370,2016-02-02,1.0
4832,86067,2016-02-02,1.0
86067,86067,2016-02-02,1.0
1266,86005,2016-02-02,1.0
18060,26522,2016-02-02,1.0
14094,33047,2016-02-02,1.0
12301,36370,2016-02-02,1.0
31475,31475,2016-02-02,1.0
25510,14319,2016-02-02,1.0
290,86066,2016-02-02,1.0
48142,36370,2016-02-02,1.0
290,290,2016-02-02,1.0
84339,84339,2016-02-02,1.0
57639,57639,2016-02-02,1.0
26522,26522,2016-02-02,1.0
9025,25121,2016-02-02,1.0
39747,81414,2016-02-02,1.0
45005,28128,2016-02-02,1.0
81414,81414,2016-02-02,1.0
83186,81414,2016-02-02,1.0
2926,81414,2016-02-02,1.0
13625,11919,2016-02-02,1.0
45057,66209,2016-02-02,1.0
28128,28128,2016-02-02,1.0
66209,66209,2016-02-02,1.0
24706,2095,2016-02-02,1.0
38468,81414,2016-02-02,1.0
2095,2095,2016-02-02,1.0
2095,13265,2016-02-02,1.0
14094,1966,2016-02-02,1.0
1966,1966,2016-02-02,1.0
1345,1966,2016-02-02,1.0
30186,11142,2016-02-02,1.0
297,18739,2016-02-02,1.0
47391,47391,2016-02-02,1.0
13265,13265,2016-02-02,1.0
4312,25121,2016-02-02,1.0
12120,14319,2016-02-02,1.0
36687,9804,2016-02-02,1.0
25121,25121,2016-02-02,1.0
1465,15743,2016-02-02,1.0
45057,13650,2016-02-02,1.0
2051,28128,2016-02-02,1.0
21051,86067,2016-02-02,1.0
70808,5420,2016-02-02,1.0
12858,1703,2016-02-02,1.0
8385,25121,2016-02-02,1.0
21051,14319,2016-02-02,1.0
1310,1306,2016-02-02,1.0
12481,39805,2016-02-02,1.0
6249,4183,2016-02-02,1.0
1703,290,2016-02-02,1.0
85711,5743,2016-02-02,1.0
27160,75422,2016-02-02,1.0
3684,83186,2016-02-02,1.0
38468,83186,2016-02-02,1.0
43122,81414,2016-02-02,1.0
68208,11142,2016-02-02,1.0
391,33047,2016-02-02,1.0
3948,62560,2016-02-02,1.0
62560,62560,2016-02-02,1.0
70808,75217,2016-02-02,1.0
8133,84339,2016-02-02,1.0
86059,360,2016-02-02,1.0
373,2191,2016-02-02,1.0
86059,86059,2016-02-02,1.0
21339,11054,2016-02-02,1.0
360,360,2016-02-02,1.0
31724,62674,2016-02-02,1.0
11142,1966,2016-02-02,1.0
18739,70464,2016-02-02,1.0
66209,45057,2016-02-02,1.0
3948,3948,2016-02-02,1.0
85913,24078,2016-02-02,1.0
11317,4351,2016-02-02,1.0
17988,2841,2016-02-02,1.0
11054,11054,2016-02-02,1.0
37103,62560,2016-02-02,1.0
1703,1703,2016-02-02,1.0
11260,11260,2016-02-02,1.0
85239,78465,2016-02-02,1.0
4312,32355,2016-02-02,1.0
11640,11640,2016-02-02,1.0
630,12176,2016-02-02,1.0
22606,64141,2016-02-02,1.0
62560,3948,2016-02-02,1.0
76593,86059,2016-02-02,1.0
5690,12669,2016-02-02,1.0
48839,62560,2016-02-02,1.0
12166,78095,2016-02-02,1.0
11640,2841,2016-02-02,1.0
5743,85711,2016-02-02,1.0
2841,2841,2016-02-02,1.0
46448,13265,2016-02-02,1.0
290,1703,2016-02-02,1.0
78465,85239,2016-02-02,1.0
360,86059,2016-02-02,1.0
2039,86059,2016-02-02,1.0
4231,11877,2016-02-02,1.0
8338,2191,2016-02-02,1.0
39805,12481,2016-02-02,1.0
43681,43681,2016-02-02,1.0
36625,86066,2016-02-02,1.0
13119,31475,2016-02-02,1.0
6772,2095,2016-02-02,1.0
14447,86066,2016-02-02,1.0
20026,85608,2016-02-02,1.0
10446,11877,2016-02-02,1.0
4231,33047,2016-02-02,1.0
1306,1310,2016-02-02,1.0
57405,25527,2016-02-02,1.0
13650,86082,2016-02-02,1.0
13650,45057,2016-02-02,1.0
50754,31475,2016-02-02,1.0
83671,83671,2016-02-02,1.0
29783,83671,2016-02-02,1.0
9804,36687,2016-02-02,1.0
86093,6671,2016-02-02,1.0
81414,83186,2016-02-02,1.0
56010,40297,2016-02-03,1.0
31724,31724,2016-02-03,1.0
40297,18583,2016-02-03,1.0
70808,70808,2016-02-03,1.0
4312,40297,2016-02-03,1.0
28128,28128,2016-02-03,1.0
40297,40297,2016-02-03,1.0
12858,18583,2016-02-03,1.0
85181,15743,2016-02-03,1.0
3272,18583,2016-02-03,1.0
36688,30081,2016-02-03,1.0
18583,18583,2016-02-03,1.0
25256,18583,2016-02-03,1.0
18739,38468,2016-02-03,1.0
1688,36687,2016-02-03,1.0
2622,5789,2016-02-03,1.0
81332,17907,2016-02-03,1.0
36721,86078,2016-02-03,1.0
23141,86078,2016-02-03,1.0
18060,81332,2016-02-03,1.0
81332,81332,2016-02-03,1.0
6084,6518,2016-02-03,1.0
6518,6518,2016-02-03,1.0
83134,86078,2016-02-03,1.0
11115,86131,2016-02-03,1.0
1811,82122,2016-02-03,1.0
36886,36687,2016-02-03,1.0
36687,36687,2016-02-03,1.0
82179,17907,2016-02-03,1.0
17907,17907,2016-02-03,1.0
2926,86070,2016-02-03,1.0
40723,16678,2016-02-03,1.0
86084,86084,2016-02-03,1.0
75735,75735,2016-02-03,1.0
353,11142,2016-02-03,1.0
402,86070,2016-02-03,1.0
17064,36688,2016-02-03,1.0
3948,3948,2016-02-03,1.0
9652,83234,2016-02-03,1.0
78872,11919,2016-02-03,1.0
83234,83234,2016-02-03,1.0
66017,1015,2016-02-03,1.0
11919,11919,2016-02-03,1.0
36721,10446,2016-02-03,1.0
8338,2233,2016-02-03,1.0
38468,38468,2016-02-03,1.0
81332,6575,2016-02-03,1.0
4231,4231,2016-02-03,1.0
79906,4312,2016-02-03,1.0
12705,18583,2016-02-03,1.0
8799,83234,2016-02-03,1.0
50901,25510,2016-02-03,1.0
9502,8338,2016-02-03,1.0
22131,86070,2016-02-03,1.0
2273,2273,2016-02-03,1.0
30186,8385,2016-02-03,1.0
5101,18583,2016-02-03,1.0
36688,36688,2016-02-03,1.0
17064,21907,2016-02-03,1.0
1688,86142,2016-02-03,1.0
86142,86142,2016-02-03,1.0
11640,66017,2016-02-03,1.0
36688,70808,2016-02-03,1.0
2290,6575,2016-02-03,1.0
2597,49,2016-02-03,1.0
85681,70808,2016-02-03,1.0
1688,86150,2016-02-03,1.0
763,86150,2016-02-03,1.0
2926,402,2016-02-03,1.0
402,402,2016-02-03,1.0
36721,36721,2016-02-03,1.0
11640,2273,2016-02-03,1.0
1703,86142,2016-02-03,1.0
6518,6084,2016-02-03,1.0
82122,4312,2016-02-03,1.0
6084,6084,2016-02-03,1.0
21291,25028,2016-02-03,1.0
1015,66017,2016-02-03,1.0
39082,30081,2016-02-03,1.0
4312,79906,2016-02-03,1.0
2233,8338,2016-02-03,1.0
6032,54780,2016-02-03,1.0
69630,8338,2016-02-03,1.0
3948,30081,2016-02-03,1.0
11919,78872,2016-02-03,1.0
1532,39331,2016-02-03,1.0
29783,70464,2016-02-03,1.0
17581,25121,2016-02-03,1.0
83671,83234,2016-02-03,1.0
28128,86112,2016-02-03,1.0
26522,86112,2016-02-03,1.0
297,18739,2016-02-03,1.0
13650,13650,2016-02-03,1.0
75761,75761,2016-02-03,1.0
4832,75749,2016-02-03,1.0
68910,1966,2016-02-03,1.0
4832,84558,2016-02-03,1.0
381,62601,2016-02-03,1.0
62674,31724,2016-02-03,1.0
78204,2039,2016-02-03,1.0
84558,84558,2016-02-03,1.0
36688,21907,2016-02-03,1.0
6494,1441,2016-02-03,1.0
43681,21907,2016-02-03,1.0
4767,18583,2016-02-03,1.0
11260,86112,2016-02-03,1.0
13650,75761,2016-02-03,1.0
11640,84804,2016-02-03,1.0
2233,75761,2016-02-03,1.0
2627,31814,2016-02-03,1.0
13650,84172,2016-02-03,1.0
4312,86078,2016-02-03,1.0
70808,85681,2016-02-03,1.0
40386,2784,2016-02-03,1.0
17907,2095,2016-02-03,1.0
11260,5239,2016-02-03,1.0
4312,1441,2016-02-03,1.0
8430,4312,2016-02-03,1.0
23141,85913,2016-02-03,1.0
33039,1441,2016-02-03,1.0
81332,2095,2016-02-03,1.0
48356,84961,2016-02-03,1.0
84919,84919,2016-02-03,1.0
86131,11145,2016-02-03,1.0
83134,4312,2016-02-03,1.0
36687,36886,2016-02-03,1.0
40297,56010,2016-02-03,1.0
28128,15743,2016-02-03,1.0
75,78655,2016-02-03,1.0
70808,1441,2016-02-03,1.0
70808,2784,2016-02-03,1.0
38468,70464,2016-02-03,1.0
12166,39655,2016-02-03,1.0
38468,18739,2016-02-03,1.0
4961,2233,2016-02-03,1.0
45005,28128,2016-02-03,1.0
38434,1310,2016-02-03,1.0
3684,13650,2016-02-03,1.0
6518,86006,2016-02-03,1.0
6518,85101,2016-02-03,1.0
57405,57405,2016-02-03,1.0
11260,86124,2016-02-03,1.0
48839,86124,2016-02-03,1.0
2926,35357,2016-02-03,1.0
13042,396,2016-02-03,1.0
14094,82229,2016-02-03,1.0
13042,22971,2016-02-03,1.0
4312,4312,2016-02-03,1.0
19821,74343,2016-02-03,1.0
4832,86124,2016-02-03,1.0
5101,2095,2016-02-03,1.0
18739,18739,2016-02-03,1.0
86124,86124,2016-02-03,1.0
82505,3948,2016-02-03,1.0
25028,4231,2016-02-03,1.0
14830,15743,2016-02-03,1.0
2627,2627,2016-02-03,1.0
5789,5789,2016-02-03,1.0
763,4312,2016-02-03,1.0
766,5789,2016-02-03,1.0
36721,4312,2016-02-03,1.0
14830,18739,2016-02-03,1.0
31814,2627,2016-02-03,1.0
25527,57405,2016-02-03,1.0
8385,25121,2016-02-03,1.0
23141,36721,2016-02-03,1.0
8385,8385,2016-02-03,1.0
38624,8385,2016-02-03,1.0
2191,8338,2016-02-03,1.0
3041,82229,2016-02-03,1.0
39655,39655,2016-02-03,1.0
54780,18943,2016-02-03,1.0
82229,82229,2016-02-03,1.0
15242,1784,2016-02-03,1.0
37211,37211,2016-02-03,1.0
51164,82229,2016-02-03,1.0
2273,11640,2016-02-03,1.0
18943,18943,2016-02-03,1.0
11142,1966,2016-02-03,1.0
49,49,2016-02-04,1.0
48503,41644,2016-02-04,1.0
48503,48503,2016-02-04,1.0
7507,1176,2016-02-04,1.0
21051,14319,2016-02-04,1.0
75422,14319,2016-02-04,1.0
86142,86142,2016-02-04,1.0
2095,2095,2016-02-04,1.0
85239,10446,2016-02-04,1.0
86142,7108,2016-02-04,1.0
45397,45397,2016-02-04,1.0
1463,18263,2016-02-04,1.0
56191,11260,2016-02-04,1.0
12898,58917,2016-02-04,1.0
86159,86159,2016-02-04,1.0
8338,9502,2016-02-04,1.0
8338,69630,2016-02-04,1.0
69630,69630,2016-02-04,1.0
75496,1044,2016-02-04,1.0
11260,77923,2016-02-04,1.0
69630,9502,2016-02-04,1.0
13265,69630,2016-02-04,1.0
13265,45397,2016-02-04,1.0
47763,2841,2016-02-04,1.0
36721,36721,2016-02-04,1.0
13265,85889,2016-02-04,1.0
2893,2893,2016-02-04,1.0
31814,2627,2016-02-04,1.0
14830,2893,2016-02-04,1.0
402,402,2016-02-04,1.0
14319,14319,2016-02-04,1.0
21574,85889,2016-02-04,1.0
11054,85402,2016-02-04,1.0
85402,85402,2016-02-04,1.0
16510,85402,2016-02-04,1.0
6084,6518,2016-02-04,1.0
40297,2893,2016-02-04,1.0
3545,3545,2016-02-04,1.0
48839,86159,2016-02-04,1.0
2597,49,2016-02-04,1.0
4177,2233,2016-02-04,1.0
4177,26039,2016-02-04,1.0
12166,86136,2016-02-04,1.0
11640,402,2016-02-04,1.0
1176,82691,2016-02-04,1.0
82691,82691,2016-02-04,1.0
26039,26039,2016-02-04,1.0
4832,26039,2016-02-04,1.0
2530,8479,2016-02-04,1.0
51389,51389,2016-02-04,1.0
4312,34180,2016-02-04,1.0
17581,20994,2016-02-04,1.0
36688,36688,2016-02-04,1.0
38468,86142,2016-02-04,1.0
38468,7108,2016-02-04,1.0
10898,1050,2016-02-04,1.0
39552,39552,2016-02-04,1.0
7108,7108,2016-02-04,1.0
3199,3199,2016-02-04,1.0
1048,29241,2016-02-04,1.0
1048,14830,2016-02-04,1.0
34180,34180,2016-02-04,1.0
28128,84240,2016-02-04,1.0
28128,28128,2016-02-04,1.0
9502,2841,2016-02-04,1.0
22781,70464,2016-02-04,1.0
29241,29241,2016-02-04,1.0
1532,41139,2016-02-04,1.0
402,86070,2016-02-04,1.0
22131,86070,2016-02-04,1.0
2926,86070,2016-02-04,1.0
5340,38518,2016-02-04,1.0
2233,86187,2016-02-04,1.0
78095,12166,2016-02-04,1.0
1044,1044,2016-02-04,1.0
4177,36688,2016-02-04,1.0
83457,77923,2016-02-04,1.0
13265,86201,2016-02-04,1.0
41644,48503,2016-02-04,1.0
86201,86201,2016-02-04,1.0
3502,7867,2016-02-04,1.0
3502,3502,2016-02-04,1.0
43122,16183,2016-02-04,1.0
11142,86187,2016-02-04,1.0
43122,6818,2016-02-04,1.0
12858,16183,2016-02-04,1.0
37644,85402,2016-02-04,1.0
38085,36687,2016-02-04,1.0
1061,77923,2016-02-04,1.0
70808,36688,2016-02-04,1.0
70808,46290,2016-02-04,1.0
25485,79906,2016-02-04,1.0
62810,39552,2016-02-04,1.0
24563,12547,2016-02-04,1.0
24563,11540,2016-02-04,1.0
8799,16183,2016-02-04,1.0
22989,3199,2016-02-04,1.0
2530,1610,2016-02-04,1.0
51389,5263,2016-02-04,1.0
14094,16183,2016-02-04,1.0
14450,2893,2016-02-04,1.0
1306,16183,2016-02-04,1.0
70808,14233,2016-02-04,1.0
23291,86136,2016-02-04,1.0
8628,3040,2016-02-04,1.0
17581,8628,2016-02-04,1.0
2807,83671,2016-02-04,1.0
1050,12138,2016-02-04,1.0
70229,14319,2016-02-04,1.0
38468,38468,2016-02-04,1.0
4312,4312,2016-02-04,1.0
79906,4312,2016-02-04,1.0
70808,70808,2016-02-04,1.0
12547,24563,2016-02-04,1.0
62680,62680,2016-02-04,1.0
11260,62680,2016-02-04,1.0
23141,38085,2016-02-04,1.0
36687,38085,2016-02-04,1.0
38085,38085,2016-02-04,1.0
2554,85444,2016-02-04,1.0
82122,82122,2016-02-04,1.0
21907,36688,2016-02-04,1.0
11540,24563,2016-02-04,1.0
6818,16183,2016-02-04,1.0
11260,56191,2016-02-04,1.0
25510,370,2016-02-04,1.0
4312,62680,2016-02-04,1.0
17581,82122,2016-02-04,1.0
76593,86166,2016-02-04,1.0
2233,86167,2016-02-04,1.0
1532,18263,2016-02-04,1.0
86172,81607,2016-02-04,1.0
766,5789,2016-02-04,1.0
10446,22337,2016-02-04,1.0
14830,1048,2016-02-04,1.0
86176,21800,2016-02-04,1.0
7108,86142,2016-02-04,1.0
9025,31310,2016-02-04,1.0
70808,2784,2016-02-04,1.0
2233,31310,2016-02-04,1.0
2554,86150,2016-02-04,1.0
78061,2784,2016-02-04,1.0
2233,26039,2016-02-04,1.0
3545,2893,2016-02-04,1.0
86184,36067,2016-02-04,1.0
12481,45057,2016-02-04,1.0
27453,86136,2016-02-04,1.0
29241,1048,2016-02-04,1.0
1176,7507,2016-02-04,1.0
36688,14233,2016-02-04,1.0
85592,37103,2016-02-04,1.0
85444,85444,2016-02-04,1.0
86070,86070,2016-02-04,1.0
5263,51389,2016-02-04,1.0
17064,3199,2016-02-04,1.0
2530,25028,2016-02-04,1.0
14094,778,2016-02-04,1.0
14094,86136,2016-02-04,1.0
25028,25028,2016-02-04,1.0
2233,9025,2016-02-04,1.0
10898,26039,2016-02-04,1.0
51178,13119,2016-02-04,1.0
6518,6518,2016-02-04,1.0
1532,1532,2016-02-04,1.0
1465,26039,2016-02-04,1.0
2530,26039,2016-02-04,1.0
6518,2893,2016-02-04,1.0
15629,4119,2016-02-04,1.0
2622,26039,2016-02-04,1.0
15629,927,2016-02-04,1.0
763,84339,2016-02-04,1.0
11540,51389,2016-02-04,1.0
15629,136,2016-02-04,1.0
86078,36721,2016-02-04,1.0
10446,10446,2016-02-04,1.0
14830,14830,2016-02-04,1.0
13625,11919,2016-02-04,1.0
2095,81332,2016-02-04,1.0
2095,17907,2016-02-04,1.0
1048,1048,2016-02-04,1.0
62680,4312,2016-02-04,1.0
48142,1048,2016-02-04,1.0
86166,86166,2016-02-04,1.0
13119,13119,2016-02-04,1.0
74343,74343,2016-02-04,1.0
13265,2095,2016-02-04,1.0
766,22,2016-02-04,1.0
8385,8385,2016-02-04,1.0
30186,8385,2016-02-04,1.0
83246,67162,2016-02-04,1.0
18263,1532,2016-02-04,1.0
17261,71225,2016-02-04,1.0
5789,5789,2016-02-04,1.0
1358,14830,2016-02-04,1.0
75,75,2016-02-05,1.0
86258,86258,2016-02-05,1.0
78655,75,2016-02-05,1.0
62810,38867,2016-02-05,1.0
38236,82691,2016-02-05,1.0
86059,10076,2016-02-05,1.0
38867,38867,2016-02-05,1.0
10076,10076,2016-02-05,1.0
12166,36146,2016-02-05,1.0
82691,82691,2016-02-05,1.0
6263,38867,2016-02-05,1.0
36146,36146,2016-02-05,1.0
4312,86258,2016-02-05,1.0
3545,3545,2016-02-05,1.0
5937,62601,2016-02-05,1.0
12481,12481,2016-02-05,1.0
29783,29783,2016-02-05,1.0
86142,7108,2016-02-05,1.0
17440,83593,2016-02-05,1.0
49,49,2016-02-05,1.0
3272,85392,2016-02-05,1.0
3402,3402,2016-02-05,1.0
80304,26935,2016-02-05,1.0
83593,83593,2016-02-05,1.0
84144,362,2016-02-05,1.0
2893,3545,2016-02-05,1.0
40297,86258,2016-02-05,1.0
71225,71225,2016-02-05,1.0
12166,83593,2016-02-05,1.0
45057,12481,2016-02-05,1.0
7206,43266,2016-02-05,1.0
84044,37432,2016-02-05,1.0
7206,8628,2016-02-05,1.0
12705,22277,2016-02-05,1.0
5690,85592,2016-02-05,1.0
778,85592,2016-02-05,1.0
11437,78,2016-02-05,1.0
13625,10365,2016-02-05,1.0
4832,12976,2016-02-05,1.0
6249,798,2016-02-05,1.0
78,36146,2016-02-05,1.0
62562,2233,2016-02-05,1.0
12976,12976,2016-02-05,1.0
70808,21574,2016-02-05,1.0
21574,21574,2016-02-05,1.0
3356,40145,2016-02-05,1.0
85592,85592,2016-02-05,1.0
381,62601,2016-02-05,1.0
25028,12481,2016-02-05,1.0
83234,83234,2016-02-05,1.0
8628,43266,2016-02-05,1.0
4312,84044,2016-02-05,1.0
9652,83234,2016-02-05,1.0
26039,20729,2016-02-05,1.0
29783,86258,2016-02-05,1.0
3502,85392,2016-02-05,1.0
84044,84044,2016-02-05,1.0
43266,84044,2016-02-05,1.0
3901,83593,2016-02-05,1.0
31724,85392,2016-02-05,1.0
20729,20729,2016-02-05,1.0
85392,85392,2016-02-05,1.0
50754,83593,2016-02-05,1.0
10365,10365,2016-02-05,1.0
2926,26039,2016-02-05,1.0
8799,39552,2016-02-05,1.0
39552,39552,2016-02-05,1.0
82691,1946,2016-02-05,1.0
2273,28128,2016-02-05,1.0
1946,1946,2016-02-05,1.0
12166,12166,2016-02-05,1.0
78095,12166,2016-02-05,1.0
28128,28128,2016-02-05,1.0
2597,49,2016-02-05,1.0
83671,2807,2016-02-05,1.0
3106,39552,2016-02-05,1.0
3106,3402,2016-02-05,1.0
34180,34180,2016-02-05,1.0
44953,86214,2016-02-05,1.0
78,78,2016-02-05,1.0
4312,34180,2016-02-05,1.0
11054,77923,2016-02-05,1.0
1050,1050,2016-02-05,1.0
16510,39552,2016-02-05,1.0
11919,85402,2016-02-05,1.0
5263,20994,2016-02-05,1.0
402,86070,2016-02-05,1.0
86214,86214,2016-02-05,1.0
75422,75422,2016-02-05,1.0
20994,20994,2016-02-05,1.0
11142,12138,2016-02-05,1.0
778,3199,2016-02-05,1.0
3199,3199,2016-02-05,1.0
83134,20994,2016-02-05,1.0
778,778,2016-02-05,1.0
44953,86235,2016-02-05,1.0
11054,11054,2016-02-05,1.0
297,29783,2016-02-05,1.0
43054,297,2016-02-05,1.0
297,297,2016-02-05,1.0
26083,1465,2016-02-05,1.0
86187,86187,2016-02-05,1.0
13650,77923,2016-02-05,1.0
6950,297,2016-02-05,1.0
4312,86206,2016-02-05,1.0
70119,70119,2016-02-05,1.0
1004,1004,2016-02-05,1.0
22,78,2016-02-05,1.0
25510,20994,2016-02-05,1.0
83671,3402,2016-02-05,1.0
21684,14094,2016-02-05,1.0
38468,86247,2016-02-05,1.0
8041,78,2016-02-05,1.0
77923,22758,2016-02-05,1.0
17064,11054,2016-02-05,1.0
17261,71225,2016-02-05,1.0
12138,12138,2016-02-05,1.0
12138,1050,2016-02-05,1.0
39552,3402,2016-02-05,1.0
86206,86206,2016-02-05,1.0
82067,13625,2016-02-05,1.0
9924,10365,2016-02-05,1.0
15629,61608,2016-02-05,1.0
2233,85929,2016-02-05,1.0
83957,348,2016-02-05,1.0
14447,86235,2016-02-05,1.0
48839,86159,2016-02-05,1.0
22277,9896,2016-02-05,1.0
10076,86059,2016-02-05,1.0
42716,30462,2016-02-05,1.0
43266,8628,2016-02-05,1.0
30186,8628,2016-02-05,1.0
85592,12081,2016-02-05,1.0
37432,84044,2016-02-05,1.0
297,332,2016-02-05,1.0
80304,86273,2016-02-05,1.0
80891,54780,2016-02-05,1.0
14493,16981,2016-02-05,1.0
70119,43889,2016-02-05,1.0
1946,82691,2016-02-05,1.0
78,8041,2016-02-05,1.0
3402,39552,2016-02-05,1.0
26039,1737,2016-02-05,1.0
16510,85402,2016-02-05,1.0
1345,14233,2016-02-05,1.0
4144,13503,2016-02-05,1.0
14094,21684,2016-02-05,1.0
8003,14233,2016-02-05,1.0
11054,36688,2016-02-05,1.0
82067,77923,2016-02-05,1.0
22758,77923,2016-02-05,1.0
3402,20803,2016-02-05,1.0
85130,4362,2016-02-05,1.0
297,86235,2016-02-05,1.0
26935,80304,2016-02-05,1.0
17047,80304,2016-02-05,1.0
48525,61608,2016-02-05,1.0
81332,38867,2016-02-05,1.0
402,348,2016-02-05,1.0
11142,86270,2016-02-05,1.0
36688,36688,2016-02-06,1.0
18583,18583,2016-02-06,1.0
10365,10365,2016-02-06,1.0
7076,62562,2016-02-06,1.0
83593,83593,2016-02-06,1.0
763,84390,2016-02-06,1.0
84499,62562,2016-02-06,1.0
763,36688,2016-02-06,1.0
41644,41644,2016-02-06,1.0
9072,62562,2016-02-06,1.0
18060,41644,2016-02-06,1.0
15934,15934,2016-02-06,1.0
44860,43198,2016-02-06,1.0
2233,62562,2016-02-06,1.0
4177,8112,2016-02-06,1.0
402,86070,2016-02-06,1.0
4177,2051,2016-02-06,1.0
4312,62562,2016-02-06,1.0
19949,284,2016-02-06,1.0
48273,13503,2016-02-06,1.0
36688,11054,2016-02-06,1.0
85406,41619,2016-02-06,1.0
62562,62562,2016-02-06,1.0
8385,62562,2016-02-06,1.0
13972,22606,2016-02-06,1.0
1688,78479,2016-02-06,1.0
9025,86270,2016-02-06,1.0
83457,57519,2016-02-06,1.0
82938,84044,2016-02-06,1.0
41644,18060,2016-02-06,1.0
75422,54552,2016-02-06,1.0
5263,70355,2016-02-06,1.0
15934,86277,2016-02-06,1.0
4312,70355,2016-02-06,1.0
351,86277,2016-02-06,1.0
21574,60731,2016-02-06,1.0
21123,36886,2016-02-06,1.0
16510,43683,2016-02-06,1.0
13972,36886,2016-02-06,1.0
4312,43683,2016-02-06,1.0
6322,955,2016-02-06,1.0
82067,86285,2016-02-06,1.0
38698,2225,2016-02-06,1.0
17907,21907,2016-02-06,1.0
74951,10365,2016-02-06,1.0
2233,86285,2016-02-06,1.0
2000,4423,2016-02-06,1.0
30155,12156,2016-02-06,1.0
37214,70593,2016-02-06,1.0
13503,48273,2016-02-06,1.0
30726,31134,2016-02-06,1.0
2363,70464,2016-02-06,1.0
86283,37103,2016-02-06,1.0
13503,4144,2016-02-06,1.0
6936,83593,2016-02-06,1.0
73388,2273,2016-02-06,1.0
6263,2039,2016-02-06,1.0
17261,71225,2016-02-06,1.0
3272,4312,2016-02-06,1.0
12898,86283,2016-02-06,1.0
4312,4312,2016-02-06,1.0
26039,20729,2016-02-06,1.0
38468,86285,2016-02-06,1.0
2926,86283,2016-02-06,1.0
9652,8628,2016-02-06,1.0
14094,38698,2016-02-06,1.0
3803,31134,2016-02-06,1.0
31134,31134,2016-02-06,1.0
20729,20729,2016-02-06,1.0
82067,80912,2016-02-06,1.0
60708,60731,2016-02-06,1.0
1056,70355,2016-02-06,1.0
9072,4231,2016-02-06,1.0
43683,43683,2016-02-06,1.0
36886,21123,2016-02-06,1.0
14094,21985,2016-02-06,1.0
51223,36625,2016-02-06,1.0
11054,57519,2016-02-06,1.0
8799,44797,2016-02-06,1.0
11054,70355,2016-02-06,1.0
70355,70355,2016-02-06,1.0
613,44797,2016-02-06,1.0
80304,17047,2016-02-06,1.0
22606,22606,2016-02-06,1.0
1176,62562,2016-02-06,1.0
57519,57519,2016-02-06,1.0
37214,22606,2016-02-06,1.0
57519,83457,2016-02-06,1.0
9114,1384,2016-02-06,1.0
11054,83457,2016-02-06,1.0
86070,86070,2016-02-06,1.0
613,36886,2016-02-06,1.0
36886,36886,2016-02-06,1.0
21123,6101,2016-02-06,1.0
38624,43683,2016-02-06,1.0
351,15934,2016-02-06,1.0
402,36625,2016-02-06,1.0
38468,82067,2016-02-06,1.0
11919,30726,2016-02-06,1.0
2622,30155,2016-02-06,1.0
6094,86285,2016-02-06,1.0
3903,48273,2016-02-06,1.0
86291,3902,2016-02-06,1.0
9025,11142,2016-02-06,1.0
82122,17581,2016-02-06,1.0
60731,21574,2016-02-06,1.0
955,6322,2016-02-06,1.0
9449,48273,2016-02-06,1.0
10365,74951,2016-02-06,1.0
6249,49,2016-02-06,1.0
12166,37214,2016-02-06,1.0
4177,14493,2016-02-06,1.0
86277,351,2016-02-06,1.0
86277,15934,2016-02-06,1.0
21574,21574,2016-02-06,1.0
41619,41619,2016-02-06,1.0
54552,75422,2016-02-06,1.0
11919,31134,2016-02-06,1.0
70528,70528,2016-02-06,1.0
12166,36625,2016-02-06,1.0
62810,48273,2016-02-06,1.0
48273,48273,2016-02-06,1.0
82691,82691,2016-02-06,1.0
84961,48356,2016-02-06,1.0
37214,37214,2016-02-06,1.0
763,70528,2016-02-06,1.0
613,21123,2016-02-06,1.0
23141,41619,2016-02-06,1.0
85136,37214,2016-02-06,1.0
14830,14830,2016-02-07,1.0
10718,24078,2016-02-07,1.0
9025,5784,2016-02-07,1.0
36721,86206,2016-02-07,1.0
5784,5784,2016-02-07,1.0
6646,75338,2016-02-07,1.0
57368,24078,2016-02-07,1.0
9025,4987,2016-02-07,1.0
11417,40086,2016-02-07,1.0
86331,3324,2016-02-07,1.0
24309,3324,2016-02-07,1.0
36688,3993,2016-02-07,1.0
61608,48525,2016-02-07,1.0
16537,16537,2016-02-07,1.0
86318,440,2016-02-07,1.0
36688,86321,2016-02-07,1.0
85045,85045,2016-02-07,1.0
38624,16537,2016-02-07,1.0
763,24078,2016-02-07,1.0
9449,350,2016-02-07,1.0
9025,11142,2016-02-07,1.0
12138,12138,2016-02-07,1.0
12310,75338,2016-02-07,1.0
75338,75338,2016-02-07,1.0
37103,85045,2016-02-07,1.0
5690,24078,2016-02-07,1.0
25121,17581,2016-02-07,1.0
40145,40145,2016-02-07,1.0
25028,3032,2016-02-07,1.0
509,3931,2016-02-07,1.0
2233,86321,2016-02-07,1.0
36688,24078,2016-02-07,1.0
18943,18943,2016-02-07,1.0
45005,1946,2016-02-07,1.0
1946,1946,2016-02-07,1.0
11142,11142,2016-02-07,1.0
11142,9025,2016-02-07,1.0
38566,82560,2016-02-07,1.0
31233,49,2016-02-07,1.0
21349,24078,2016-02-07,1.0
763,7631,2016-02-07,1.0
8430,12518,2016-02-07,1.0
62562,440,2016-02-07,1.0
49,49,2016-02-07,1.0
12518,12518,2016-02-07,1.0
4312,440,2016-02-07,1.0
1492,19885,2016-02-07,1.0
4987,4987,2016-02-07,1.0
2273,8358,2016-02-07,1.0
10365,74951,2016-02-07,1.0
3032,3032,2016-02-07,1.0
36688,17047,2016-02-07,1.0
86285,86285,2016-02-07,1.0
86285,2233,2016-02-07,1.0
81488,81633,2016-02-07,1.0
86285,82067,2016-02-07,1.0
70808,80361,2016-02-07,1.0
70464,2363,2016-02-07,1.0
6249,75338,2016-02-07,1.0
54780,18943,2016-02-07,1.0
19949,184,2016-02-07,1.0
5743,40086,2016-02-07,1.0
2039,2039,2016-02-07,1.0
440,440,2016-02-07,1.0
22810,22810,2016-02-07,1.0
19885,86321,2016-02-07,1.0
405,62562,2016-02-07,1.0
290,62562,2016-02-07,1.0
40297,17047,2016-02-07,1.0
121,86326,2016-02-07,1.0
81488,4463,2016-02-07,1.0
1946,45005,2016-02-07,1.0
68582,44790,2016-02-07,1.0
23141,84390,2016-02-07,1.0
763,84390,2016-02-07,1.0
7932,41970,2016-02-07,1.0
41970,41970,2016-02-07,1.0
29697,86270,2016-02-07,1.0
763,86277,2016-02-07,1.0
49208,4312,2016-02-07,1.0
11054,11054,2016-02-07,1.0
440,86321,2016-02-07,1.0
61608,40782,2016-02-07,1.0
49208,48672,2016-02-07,1.0
82067,86307,2016-02-07,1.0
86309,14993,2016-02-07,1.0
4312,85258,2016-02-07,1.0
81332,27398,2016-02-07,1.0
85994,16750,2016-02-07,1.0
7631,24078,2016-02-07,1.0
85994,353,2016-02-07,1.0
19949,55851,2016-02-07,1.0
440,62562,2016-02-07,1.0
3032,25028,2016-02-07,1.0
23141,24078,2016-02-07,1.0
61960,24078,2016-02-07,1.0
7691,57519,2016-02-07,1.0
19949,3992,2016-02-07,1.0
440,86318,2016-02-07,1.0
18943,22810,2016-02-07,1.0
86277,86277,2016-02-07,1.0
85258,85258,2016-02-07,1.0
469,398,2016-02-07,1.0
3199,10365,2016-02-07,1.0
85136,21374,2016-02-07,1.0
2530,41970,2016-02-07,1.0
74951,74951,2016-02-07,1.0
14094,41970,2016-02-07,1.0
18060,18060,2016-02-07,1.0
18060,41644,2016-02-07,1.0
38698,38698,2016-02-07,1.0
84390,23141,2016-02-07,1.0
4423,2000,2016-02-07,1.0
18263,19949,2016-02-07,1.0
62562,7076,2016-02-07,1.0
78,18060,2016-02-07,1.0
36688,36688,2016-02-07,1.0
10696,22810,2016-02-07,1.0
23141,23141,2016-02-07,1.0
70808,86307,2016-02-07,1.0
78,78,2016-02-07,1.0
10365,10365,2016-02-07,1.0
10696,31134,2016-02-07,1.0
10503,86307,2016-02-07,1.0
76593,86309,2016-02-07,1.0
48672,48672,2016-02-07,1.0
31310,27453,2016-02-07,1.0
22989,86307,2016-02-07,1.0
4832,85258,2016-02-07,1.0
70315,25527,2016-02-08,1.0
9072,86367,2016-02-08,1.0
22606,13972,2016-02-08,1.0
40782,61608,2016-02-08,1.0
8103,62562,2016-02-08,1.0
11100,85582,2016-02-08,1.0
36886,13972,2016-02-08,1.0
3356,40145,2016-02-08,1.0
36212,7691,2016-02-08,1.0
14094,22989,2016-02-08,1.0
15293,4572,2016-02-08,1.0
36164,3402,2016-02-08,1.0
22989,22989,2016-02-08,1.0
21339,76417,2016-02-08,1.0
84966,7691,2016-02-08,1.0
14830,48334,2016-02-08,1.0
13265,45861,2016-02-08,1.0
76417,76417,2016-02-08,1.0
23141,9025,2016-02-08,1.0
39051,81633,2016-02-08,1.0
44790,68582,2016-02-08,1.0
85531,5690,2016-02-08,1.0
318,5690,2016-02-08,1.0
21051,23141,2016-02-08,1.0
48334,48334,2016-02-08,1.0
8112,8112,2016-02-08,1.0
45861,45861,2016-02-08,1.0
44953,86391,2016-02-08,1.0
39082,86358,2016-02-08,1.0
44953,82067,2016-02-08,1.0
38468,86391,2016-02-08,1.0
3402,3402,2016-02-08,1.0
84288,84288,2016-02-08,1.0
7460,54780,2016-02-08,1.0
13972,54780,2016-02-08,1.0
3272,3272,2016-02-08,1.0
70229,84288,2016-02-08,1.0
54780,54780,2016-02-08,1.0
86391,86391,2016-02-08,1.0
12518,86381,2016-02-08,1.0
31724,60731,2016-02-08,1.0
5690,5690,2016-02-08,1.0
70808,56938,2016-02-08,1.0
13972,13972,2016-02-08,1.0
81332,11640,2016-02-08,1.0
1463,8799,2016-02-08,1.0
36688,8628,2016-02-08,1.0
66044,2926,2016-02-08,1.0
3859,43354,2016-02-08,1.0
11540,11540,2016-02-08,1.0
86387,2912,2016-02-08,1.0
13972,21123,2016-02-08,1.0
14551,84288,2016-02-08,1.0
84390,23141,2016-02-08,1.0
9694,9694,2016-02-08,1.0
15293,15293,2016-02-08,1.0
85406,41619,2016-02-08,1.0
69850,86355,2016-02-08,1.0
86362,1266,2016-02-08,1.0
353,9322,2016-02-08,1.0
81633,81633,2016-02-08,1.0
2926,15293,2016-02-08,1.0
86358,31603,2016-02-08,1.0
9924,84966,2016-02-08,1.0
12166,36625,2016-02-08,1.0
2233,440,2016-02-08,1.0
11919,11919,2016-02-08,1.0
16537,11919,2016-02-08,1.0
40297,21574,2016-02-08,1.0
85531,85531,2016-02-08,1.0
21574,21574,2016-02-08,1.0
40297,80891,2016-02-08,1.0
41291,8590,2016-02-08,1.0
82067,86381,2016-02-08,1.0
45005,1946,2016-02-08,1.0
23141,7631,2016-02-08,1.0
4463,81488,2016-02-08,1.0
1946,1946,2016-02-08,1.0
402,36625,2016-02-08,1.0
15293,1946,2016-02-08,1.0
11054,44464,2016-02-08,1.0
290,85531,2016-02-08,1.0
11054,86330,2016-02-08,1.0
3503,16537,2016-02-08,1.0
42851,86330,2016-02-08,1.0
7691,78465,2016-02-08,1.0
3503,70925,2016-02-08,1.0
3402,36164,2016-02-08,1.0
11926,86367,2016-02-08,1.0
16537,16510,2016-02-08,1.0
2893,2893,2016-02-08,1.0
11417,11417,2016-02-08,1.0
85582,85582,2016-02-08,1.0
48839,85582,2016-02-08,1.0
23291,85582,2016-02-08,1.0
7691,84966,2016-02-08,1.0
290,85582,2016-02-08,1.0
10503,86367,2016-02-08,1.0
56938,2893,2016-02-08,1.0
11054,85582,2016-02-08,1.0
2926,86367,2016-02-08,1.0
394,85582,2016-02-08,1.0
17734,9694,2016-02-08,1.0
16537,16537,2016-02-08,1.0
2233,86324,2016-02-08,1.0
36164,36164,2016-02-08,1.0
3684,36164,2016-02-08,1.0
40086,40086,2016-02-08,1.0
86324,86324,2016-02-08,1.0
12166,85531,2016-02-08,1.0
16510,16510,2016-02-08,1.0
40086,11417,2016-02-08,1.0
40086,3272,2016-02-08,1.0
1358,86324,2016-02-08,1.0
86381,86381,2016-02-08,1.0
70618,36688,2016-02-08,1.0
26208,391,2016-02-08,1.0
82067,86391,2016-02-08,1.0
4832,86386,2016-02-08,1.0
2530,62562,2016-02-08,1.0
17845,86355,2016-02-08,1.0
11540,62562,2016-02-08,1.0
66044,2841,2016-02-08,1.0
2926,2841,2016-02-08,1.0
4572,15293,2016-02-08,1.0
70618,8628,2016-02-08,1.0
85036,28128,2016-02-08,1.0
9025,57519,2016-02-08,1.0
11115,15293,2016-02-08,1.0
3272,40086,2016-02-08,1.0
41291,8410,2016-02-08,1.0
80891,17047,2016-02-08,1.0
57405,25527,2016-02-08,1.0
16510,16537,2016-02-08,1.0
31603,86358,2016-02-08,1.0
76417,21339,2016-02-08,1.0
11919,16537,2016-02-08,1.0
9694,34538,2016-02-08,1.0
43889,43889,2016-02-08,1.0
5690,85531,2016-02-08,1.0
6794,15293,2016-02-08,1.0
2893,56938,2016-02-08,1.0
1946,15293,2016-02-08,1.0
24078,1688,2016-02-09,1.0
86432,86432,2016-02-09,1.0
70808,360,2016-02-09,1.0
12156,360,2016-02-09,1.0
15629,86432,2016-02-09,1.0
70808,12156,2016-02-09,1.0
12156,12156,2016-02-09,1.0
32898,8628,2016-02-09,1.0
70808,70808,2016-02-09,1.0
54780,54780,2016-02-09,1.0
12705,1946,2016-02-09,1.0
360,360,2016-02-09,1.0
70808,23310,2016-02-09,1.0
62560,4312,2016-02-09,1.0
3901,23310,2016-02-09,1.0
4832,327,2016-02-09,1.0
86413,13119,2016-02-09,1.0
4312,4312,2016-02-09,1.0
21564,12156,2016-02-09,1.0
70229,84288,2016-02-09,1.0
36212,12481,2016-02-09,1.0
22606,13972,2016-02-09,1.0
13265,85535,2016-02-09,1.0
36302,12156,2016-02-09,1.0
48322,31233,2016-02-09,1.0
84288,327,2016-02-09,1.0
16537,11919,2016-02-09,1.0
28128,86432,2016-02-09,1.0
327,327,2016-02-09,1.0
11919,11919,2016-02-09,1.0
23310,23310,2016-02-09,1.0
1946,1946,2016-02-09,1.0
59248,47195,2016-02-09,1.0
86425,86425,2016-02-09,1.0
4312,62560,2016-02-09,1.0
1688,24078,2016-02-09,1.0
13119,86413,2016-02-09,1.0
48839,41900,2016-02-09,1.0
36721,41900,2016-02-09,1.0
7076,2807,2016-02-09,1.0
5279,86409,2016-02-09,1.0
5045,53064,2016-02-09,1.0
10076,75933,2016-02-09,1.0
2233,6094,2016-02-09,1.0
46460,1238,2016-02-09,1.0
6322,6094,2016-02-09,1.0
68910,84120,2016-02-09,1.0
20597,15293,2016-02-09,1.0
85994,84120,2016-02-09,1.0
14551,84288,2016-02-09,1.0
41071,81633,2016-02-09,1.0
36707,16537,2016-02-09,1.0
290,37096,2016-02-09,1.0
11142,37096,2016-02-09,1.0
22277,8628,2016-02-09,1.0
11142,84120,2016-02-09,1.0
50846,53065,2016-02-09,1.0
11417,47195,2016-02-09,1.0
22989,12481,2016-02-09,1.0
10443,40520,2016-02-09,1.0
22294,54780,2016-02-09,1.0
16510,11919,2016-02-09,1.0
919,38468,2016-02-09,1.0
6094,36688,2016-02-09,1.0
36688,36688,2016-02-09,1.0
1048,14830,2016-02-09,1.0
5690,86409,2016-02-09,1.0
16537,81583,2016-02-09,1.0
46460,36282,2016-02-09,1.0
75422,86432,2016-02-09,1.0
85994,5301,2016-02-09,1.0
32022,12156,2016-02-09,1.0
13972,86401,2016-02-09,1.0
22131,22131,2016-02-09,1.0
360,12156,2016-02-09,1.0
327,84288,2016-02-09,1.0
327,68301,2016-02-09,1.0
23310,2841,2016-02-09,1.0
86429,40924,2016-02-09,1.0
4312,81583,2016-02-09,1.0
35840,25544,2016-02-09,1.0
36212,7691,2016-02-09,1.0
76417,76417,2016-02-09,1.0
14094,58637,2016-02-09,1.0
70618,36688,2016-02-09,1.0
85994,11142,2016-02-09,1.0
58637,58637,2016-02-09,1.0
11142,11142,2016-02-09,1.0
2841,2841,2016-02-09,1.0
84288,84288,2016-02-09,1.0
2233,41291,2016-02-09,1.0
62562,11540,2016-02-09,1.0
10443,10443,2016-02-09,1.0
2669,52936,2016-02-09,1.0
86358,86358,2016-02-09,1.0
52936,52936,2016-02-09,1.0
2841,66044,2016-02-09,1.0
23141,6794,2016-02-09,1.0
62560,62560,2016-02-09,1.0
1946,86286,2016-02-09,1.0
11919,62560,2016-02-09,1.0
11417,11417,2016-02-09,1.0
41619,41619,2016-02-09,1.0
24706,86186,2016-02-09,1.0
66,37096,2016-02-09,1.0
75933,10076,2016-02-09,1.0
16510,16510,2016-02-09,1.0
86410,86321,2016-02-09,1.0
7206,11115,2016-02-09,1.0
3402,3402,2016-02-09,1.0
23141,50614,2016-02-09,1.0
13265,45861,2016-02-09,1.0
66044,66044,2016-02-09,1.0
13356,70808,2016-02-09,1.0
36886,36886,2016-02-09,1.0
1847,70808,2016-02-09,1.0
40086,11417,2016-02-09,1.0
43108,16537,2016-02-09,1.0
16537,16537,2016-02-09,1.0
23297,6094,2016-02-09,1.0
4987,4987,2016-02-09,1.0
19885,9025,2016-02-09,1.0
5101,45861,2016-02-09,1.0
353,86407,2016-02-09,1.0
70808,36886,2016-02-09,1.0
11142,85994,2016-02-09,1.0
16537,36707,2016-02-09,1.0
82067,82067,2016-02-09,1.0
8628,22277,2016-02-09,1.0
7076,4987,2016-02-09,1.0
37096,11142,2016-02-09,1.0
37096,290,2016-02-09,1.0
3948,14551,2016-02-09,1.0
3948,2912,2016-02-09,1.0
68910,11142,2016-02-09,1.0
4832,7646,2016-02-09,1.0
44953,82067,2016-02-09,1.0
45974,2349,2016-02-09,1.0
27160,75422,2016-02-09,1.0
41291,41291,2016-02-09,1.0
43122,54780,2016-02-09,1.0
4177,86286,2016-02-09,1.0
4177,86419,2016-02-09,1.0
6818,86418,2016-02-09,1.0
40297,54780,2016-02-09,1.0
81332,70964,2016-02-09,1.0
13268,54780,2016-02-09,1.0
1465,86418,2016-02-09,1.0
519,41979,2016-02-09,1.0
41291,8628,2016-02-09,1.0
49,86286,2016-02-09,1.0
86419,86419,2016-02-09,1.0
24706,318,2016-02-09,1.0
66,66,2016-02-09,1.0
425,66,2016-02-09,1.0
5279,5279,2016-02-09,1.0
86186,86186,2016-02-09,1.0
39654,5279,2016-02-09,1.0
25510,5279,2016-02-09,1.0
3106,41291,2016-02-09,1.0
7108,50860,2016-02-09,1.0
5091,68301,2016-02-09,1.0
4177,50860,2016-02-09,1.0
402,402,2016-02-09,1.0
21339,76417,2016-02-09,1.0
40520,10443,2016-02-09,1.0
7952,7952,2016-02-09,1.0
70808,22810,2016-02-09,1.0
6094,6322,2016-02-09,1.0
70808,7952,2016-02-09,1.0
381,402,2016-02-09,1.0
43122,86418,2016-02-09,1.0
9025,9025,2016-02-09,1.0
11682,70964,2016-02-09,1.0
7646,7646,2016-02-09,1.0
45005,1946,2016-02-09,1.0
28128,86425,2016-02-09,1.0
4362,70808,2016-02-09,1.0
48859,9025,2016-02-09,1.0
7076,86419,2016-02-09,1.0
11540,11540,2016-02-09,1.0
86270,11142,2016-02-10,1.0
24916,763,2016-02-10,1.0
62560,62560,2016-02-10,1.0
86463,62434,2016-02-10,1.0
85489,41644,2016-02-10,1.0
3948,41769,2016-02-10,1.0
70808,62560,2016-02-10,1.0
1840,1840,2016-02-10,1.0
801,1840,2016-02-10,1.0
9694,9694,2016-02-10,1.0
62434,62434,2016-02-10,1.0
9072,4231,2016-02-10,1.0
7076,7076,2016-02-10,1.0
51223,39082,2016-02-10,1.0
85535,85535,2016-02-10,1.0
56791,7076,2016-02-10,1.0
13972,57699,2016-02-10,1.0
14551,57699,2016-02-10,1.0
9652,62560,2016-02-10,1.0
70618,56791,2016-02-10,1.0
49512,7631,2016-02-10,1.0
12481,37103,2016-02-10,1.0
85535,18060,2016-02-10,1.0
12166,19949,2016-02-10,1.0
28128,28128,2016-02-10,1.0
45861,45861,2016-02-10,1.0
28128,86469,2016-02-10,1.0
21291,12178,2016-02-10,1.0
41291,3969,2016-02-10,1.0
30186,8628,2016-02-10,1.0
14094,84700,2016-02-10,1.0
32898,8628,2016-02-10,1.0
13972,37214,2016-02-10,1.0
29783,12481,2016-02-10,1.0
3032,41291,2016-02-10,1.0
34538,9694,2016-02-10,1.0
12481,12481,2016-02-10,1.0
6518,11930,2016-02-10,1.0
13265,85535,2016-02-10,1.0
83515,9072,2016-02-10,1.0
13265,18583,2016-02-10,1.0
18583,18583,2016-02-10,1.0
18060,27398,2016-02-10,1.0
86481,143,2016-02-10,1.0
7402,40381,2016-02-10,1.0
8250,81583,2016-02-10,1.0
13265,18060,2016-02-10,1.0
12858,18583,2016-02-10,1.0
61134,58637,2016-02-10,1.0
12705,8385,2016-02-10,1.0
12178,12178,2016-02-10,1.0
7666,86475,2016-02-10,1.0
52890,11142,2016-02-10,1.0
19949,35840,2016-02-10,1.0
11142,11142,2016-02-10,1.0
2622,57699,2016-02-10,1.0
81583,81583,2016-02-10,1.0
15934,1840,2016-02-10,1.0
297,31233,2016-02-10,1.0
40591,36721,2016-02-10,1.0
13694,70618,2016-02-10,1.0
37436,86483,2016-02-10,1.0
57699,57699,2016-02-10,1.0
37238,4231,2016-02-10,1.0
26039,26608,2016-02-10,1.0
86475,86475,2016-02-10,1.0
8799,57699,2016-02-10,1.0
50846,13268,2016-02-10,1.0
13268,13268,2016-02-10,1.0
50846,41562,2016-02-10,1.0
13268,41562,2016-02-10,1.0
12178,71105,2016-02-10,1.0
60732,3623,2016-02-10,1.0
39082,39082,2016-02-10,1.0
18060,45861,2016-02-10,1.0
70964,70964,2016-02-10,1.0
519,41979,2016-02-10,1.0
15780,36688,2016-02-10,1.0
16537,81583,2016-02-10,1.0
8385,8385,2016-02-10,1.0
1650,1650,2016-02-10,1.0
13694,13694,2016-02-10,1.0
11142,1650,2016-02-10,1.0
806,11211,2016-02-10,1.0
29887,31310,2016-02-10,1.0
70808,36688,2016-02-10,1.0
11145,13694,2016-02-10,1.0
62560,4312,2016-02-10,1.0
290,10446,2016-02-10,1.0
16537,11919,2016-02-10,1.0
4312,4312,2016-02-10,1.0
8430,4312,2016-02-10,1.0
70808,10454,2016-02-10,1.0
17734,86452,2016-02-10,1.0
348,402,2016-02-10,1.0
81583,16537,2016-02-10,1.0
13268,60731,2016-02-10,1.0
327,327,2016-02-10,1.0
50806,50806,2016-02-10,1.0
2191,85535,2016-02-10,1.0
1688,1688,2016-02-10,1.0
21574,21574,2016-02-10,1.0
84700,84700,2016-02-10,1.0
21339,57892,2016-02-10,1.0
16510,11919,2016-02-10,1.0
1266,22989,2016-02-10,1.0
43354,3859,2016-02-10,1.0
6263,40297,2016-02-10,1.0
613,54780,2016-02-10,1.0
763,85994,2016-02-10,1.0
70808,21574,2016-02-10,1.0
16537,16537,2016-02-10,1.0
43122,54780,2016-02-10,1.0
86286,86286,2016-02-10,1.0
763,86150,2016-02-10,1.0
40883,10446,2016-02-10,1.0
31233,31233,2016-02-10,1.0
6818,2893,2016-02-10,1.0
6818,43266,2016-02-10,1.0
20597,1946,2016-02-10,1.0
78,12395,2016-02-10,1.0
2554,24916,2016-02-10,1.0
763,24916,2016-02-10,1.0
12138,37103,2016-02-10,1.0
26522,37103,2016-02-10,1.0
7076,56791,2016-02-10,1.0
36721,36721,2016-02-10,1.0
11598,22989,2016-02-10,1.0
84700,78479,2016-02-10,1.0
1176,71105,2016-02-10,1.0
25028,86315,2016-02-10,1.0
41979,41979,2016-02-10,1.0
13119,13119,2016-02-10,1.0
38468,9072,2016-02-10,1.0
4177,86286,2016-02-10,1.0
3859,3859,2016-02-10,1.0
25028,12395,2016-02-10,1.0
86452,86452,2016-02-10,1.0
3959,86452,2016-02-10,1.0
43122,28128,2016-02-10,1.0
14094,86452,2016-02-10,1.0
85242,85242,2016-02-10,1.0
11919,11919,2016-02-10,1.0
70808,22810,2016-02-10,1.0
11142,50806,2016-02-10,1.0
6322,85242,2016-02-10,1.0
84288,327,2016-02-10,1.0
8799,22810,2016-02-10,1.0
3106,41291,2016-02-10,1.0
8628,8628,2016-02-10,1.0
22810,22810,2016-02-10,1.0
86315,86315,2016-02-10,1.0
10454,2498,2016-02-10,1.0
2807,31310,2016-02-10,1.0
37214,22606,2016-02-10,1.0
70618,13694,2016-02-10,1.0
297,86315,2016-02-10,1.0
7076,41291,2016-02-10,1.0
46460,39091,2016-02-10,1.0
41644,85489,2016-02-10,1.0
31233,76299,2016-02-10,1.0
39082,41562,2016-02-10,1.0
10898,37103,2016-02-10,1.0
50846,40381,2016-02-10,1.0
1056,62562,2016-02-10,1.0
20994,20994,2016-02-10,1.0
36721,40591,2016-02-10,1.0
62434,86463,2016-02-10,1.0
86465,77998,2016-02-10,1.0
8435,7507,2016-02-10,1.0
70313,62562,2016-02-10,1.0
18060,85535,2016-02-10,1.0
2906,62562,2016-02-10,1.0
2233,85776,2016-02-10,1.0
36721,36721,2016-02-11,1.0
41769,41769,2016-02-11,1.0
33906,78479,2016-02-11,1.0
48839,48839,2016-02-11,1.0
85801,630,2016-02-11,1.0
86491,86491,2016-02-11,1.0
3948,41769,2016-02-11,1.0
360,14233,2016-02-11,1.0
6818,38254,2016-02-11,1.0
11146,1459,2016-02-11,1.0
85489,41644,2016-02-11,1.0
440,2906,2016-02-11,1.0
290,14233,2016-02-11,1.0
13694,70618,2016-02-11,1.0
38254,38254,2016-02-11,1.0
7666,86475,2016-02-11,1.0
81335,86491,2016-02-11,1.0
2233,46629,2016-02-11,1.0
7631,7631,2016-02-11,1.0
7076,7076,2016-02-11,1.0
11145,70618,2016-02-11,1.0
34538,9694,2016-02-11,1.0
70808,28128,2016-02-11,1.0
86418,86418,2016-02-11,1.0
41291,7076,2016-02-11,1.0
3402,3402,2016-02-11,1.0
13972,57699,2016-02-11,1.0
31233,31233,2016-02-11,1.0
8385,8385,2016-02-11,1.0
43122,28128,2016-02-11,1.0
11919,2627,2016-02-11,1.0
57699,57699,2016-02-11,1.0
36721,48839,2016-02-11,1.0
41979,41979,2016-02-11,1.0
2554,24916,2016-02-11,1.0
41769,3948,2016-02-11,1.0
32620,25326,2016-02-11,1.0
46799,3402,2016-02-11,1.0
763,86500,2016-02-11,1.0
4312,86500,2016-02-11,1.0
81488,86500,2016-02-11,1.0
86500,86500,2016-02-11,1.0
21339,76417,2016-02-11,1.0
2233,86500,2016-02-11,1.0
70019,10696,2016-02-11,1.0
38254,28128,2016-02-11,1.0
11926,37103,2016-02-11,1.0
2627,86142,2016-02-11,1.0
48142,12481,2016-02-11,1.0
50846,14233,2016-02-11,1.0
35687,38254,2016-02-11,1.0
10446,16183,2016-02-11,1.0
86505,21339,2016-02-11,1.0
48839,83174,2016-02-11,1.0
31233,49,2016-02-11,1.0
78703,12395,2016-02-11,1.0
38468,86142,2016-02-11,1.0
2669,284,2016-02-11,1.0
13650,86507,2016-02-11,1.0
38468,85489,2016-02-11,1.0
7076,9025,2016-02-11,1.0
2233,86511,2016-02-11,1.0
4648,14233,2016-02-11,1.0
86516,11264,2016-02-11,1.0
85489,1459,2016-02-11,1.0
21090,80013,2016-02-11,1.0
9072,12481,2016-02-11,1.0
1946,6094,2016-02-11,1.0
80891,53137,2016-02-11,1.0
4312,16537,2016-02-11,1.0
54441,86484,2016-02-11,1.0
23141,86526,2016-02-11,1.0
76593,86526,2016-02-11,1.0
13265,28128,2016-02-11,1.0
62560,62560,2016-02-11,1.0
20597,20597,2016-02-11,1.0
28128,38254,2016-02-11,1.0
3032,7076,2016-02-11,1.0
11142,38254,2016-02-11,1.0
64676,86286,2016-02-11,1.0
24916,24916,2016-02-11,1.0
41900,48839,2016-02-11,1.0
297,297,2016-02-11,1.0
86315,297,2016-02-11,1.0
41291,41291,2016-02-11,1.0
50901,50901,2016-02-11,1.0
4312,85242,2016-02-11,1.0
86491,70853,2016-02-11,1.0
2906,613,2016-02-11,1.0
41644,41644,2016-02-11,1.0
41900,36721,2016-02-11,1.0
763,763,2016-02-11,1.0
327,41291,2016-02-11,1.0
327,62560,2016-02-11,1.0
70808,62560,2016-02-11,1.0
85489,85489,2016-02-11,1.0
86489,48334,2016-02-11,1.0
14094,1840,2016-02-11,1.0
1840,1840,2016-02-11,1.0
4312,4312,2016-02-11,1.0
2926,80891,2016-02-11,1.0
16537,4312,2016-02-11,1.0
4312,86505,2016-02-11,1.0
16302,37691,2016-02-11,1.0
7952,7952,2016-02-11,1.0
353,36977,2016-02-11,1.0
353,934,2016-02-11,1.0
22810,1261,2016-02-11,1.0
40591,36721,2016-02-11,1.0
12481,9072,2016-02-11,1.0
14094,29404,2016-02-11,1.0
12481,12481,2016-02-11,1.0
86526,86526,2016-02-11,1.0
14094,12481,2016-02-11,1.0
9072,9072,2016-02-11,1.0
86432,86432,2016-02-11,1.0
801,6094,2016-02-11,1.0
1688,54441,2016-02-11,1.0
3503,36977,2016-02-11,1.0
80891,80891,2016-02-11,1.0
70618,70618,2016-02-11,1.0
37902,37902,2016-02-11,1.0
86526,76593,2016-02-11,1.0
25510,86534,2016-02-11,1.0
3948,3948,2016-02-11,1.0
14094,37902,2016-02-11,1.0
3199,44797,2016-02-11,1.0
12858,18060,2016-02-11,1.0
2233,9072,2016-02-11,1.0
14094,60483,2016-02-11,1.0
8176,8176,2016-02-11,1.0
1946,1946,2016-02-11,1.0
82840,11307,2016-02-11,1.0
53137,80891,2016-02-11,1.0
763,86526,2016-02-11,1.0
85489,38468,2016-02-11,1.0
12481,48142,2016-02-11,1.0
36688,61993,2016-02-11,1.0
2233,2233,2016-02-11,1.0
3684,2233,2016-02-11,1.0
290,7031,2016-02-11,1.0
9694,9694,2016-02-11,1.0
86511,86511,2016-02-11,1.0
33377,7031,2016-02-11,1.0
69850,12395,2016-02-11,1.0
83174,48839,2016-02-11,1.0
284,2669,2016-02-11,1.0
4177,49,2016-02-11,1.0
44812,14447,2016-02-11,1.0
43122,13265,2016-02-11,1.0
12395,78703,2016-02-11,1.0
21339,86505,2016-02-11,1.0
21051,86432,2016-02-11,1.0
4832,36886,2016-02-11,1.0
22606,37214,2016-02-11,1.0
8032,5690,2016-02-11,1.0
46629,46629,2016-02-11,1.0
10443,44797,2016-02-11,1.0
11142,4312,2016-02-11,1.0
385,86484,2016-02-11,1.0
8385,41619,2016-02-11,1.0
5743,47195,2016-02-11,1.0
43122,86418,2016-02-11,1.0
28128,13265,2016-02-11,1.0
4312,12481,2016-02-11,1.0
18512,41301,2016-02-11,1.0
86475,86475,2016-02-11,1.0
20026,36886,2016-02-12,1.0
3324,3324,2016-02-12,1.0
1988,56938,2016-02-12,1.0
3402,3402,2016-02-12,1.0
1056,51363,2016-02-12,1.0
13650,13650,2016-02-12,1.0
51363,51363,2016-02-12,1.0
20948,3684,2016-02-12,1.0
43122,86397,2016-02-12,1.0
2383,4767,2016-02-12,1.0
3402,85379,2016-02-12,1.0
51164,85994,2016-02-12,1.0
7402,50846,2016-02-12,1.0
17836,85994,2016-02-12,1.0
17836,2926,2016-02-12,1.0
11919,85379,2016-02-12,1.0
2383,14443,2016-02-12,1.0
2383,6153,2016-02-12,1.0
62593,62593,2016-02-12,1.0
2926,10007,2016-02-12,1.0
40297,18583,2016-02-12,1.0
41619,41619,2016-02-12,1.0
60483,60483,2016-02-12,1.0
86507,13650,2016-02-12,1.0
14094,60483,2016-02-12,1.0
49,49,2016-02-12,1.0
24309,3324,2016-02-12,1.0
84700,78479,2016-02-12,1.0
79911,85570,2016-02-12,1.0
17907,62593,2016-02-12,1.0
13265,85535,2016-02-12,1.0
3847,62593,2016-02-12,1.0
11100,2893,2016-02-12,1.0
14094,62593,2016-02-12,1.0
3847,4096,2016-02-12,1.0
11054,8618,2016-02-12,1.0
778,76299,2016-02-12,1.0
4312,955,2016-02-12,1.0
3106,955,2016-02-12,1.0
2233,955,2016-02-12,1.0
37214,86397,2016-02-12,1.0
8385,8385,2016-02-12,1.0
86557,955,2016-02-12,1.0
78,86514,2016-02-12,1.0
8838,36779,2016-02-12,1.0
4648,56878,2016-02-12,1.0
84490,50860,2016-02-12,1.0
4177,4177,2016-02-12,1.0
8103,56878,2016-02-12,1.0
30186,8628,2016-02-12,1.0
4312,86573,2016-02-12,1.0
46104,11142,2016-02-12,1.0
13265,80473,2016-02-12,1.0
1306,11142,2016-02-12,1.0
26080,290,2016-02-12,1.0
70618,8628,2016-02-12,1.0
7410,36554,2016-02-12,1.0
47305,77919,2016-02-12,1.0
31830,27249,2016-02-12,1.0
21339,86505,2016-02-12,1.0
7666,86475,2016-02-12,1.0
85379,85379,2016-02-12,1.0
85379,11919,2016-02-12,1.0
5101,10454,2016-02-12,1.0
3199,85379,2016-02-12,1.0
3684,85489,2016-02-12,1.0
11919,11919,2016-02-12,1.0
8618,8618,2016-02-12,1.0
85489,1459,2016-02-12,1.0
86541,2233,2016-02-12,1.0
2383,62593,2016-02-12,1.0
13265,4096,2016-02-12,1.0
2926,85994,2016-02-12,1.0
12120,86544,2016-02-12,1.0
86588,86588,2016-02-12,1.0
86397,37214,2016-02-12,1.0
12481,9072,2016-02-12,1.0
2233,2233,2016-02-12,1.0
29887,86556,2016-02-12,1.0
41301,41301,2016-02-12,1.0
6936,56878,2016-02-12,1.0
12301,86561,2016-02-12,1.0
56878,56878,2016-02-12,1.0
7710,10744,2016-02-12,1.0
8385,86549,2016-02-12,1.0
86561,86561,2016-02-12,1.0
86505,86505,2016-02-12,1.0
4312,4312,2016-02-12,1.0
1310,56878,2016-02-12,1.0
2042,41301,2016-02-12,1.0
1465,86561,2016-02-12,1.0
85489,85489,2016-02-12,1.0
85489,38468,2016-02-12,1.0
12898,4177,2016-02-12,1.0
9072,4177,2016-02-12,1.0
40883,4096,2016-02-12,1.0
290,26080,2016-02-12,1.0
29404,29404,2016-02-12,1.0
11919,4177,2016-02-12,1.0
3803,4177,2016-02-12,1.0
4312,4177,2016-02-12,1.0
43054,56878,2016-02-12,1.0
70019,348,2016-02-12,1.0
7710,7710,2016-02-12,1.0
44797,44797,2016-02-12,1.0
86556,86556,2016-02-12,1.0
46799,3402,2016-02-12,1.0
8385,41619,2016-02-12,1.0
955,2233,2016-02-12,1.0
18060,18060,2016-02-12,1.0
955,4312,2016-02-12,1.0
11054,86566,2016-02-12,1.0
9072,9072,2016-02-12,1.0
32389,32389,2016-02-12,1.0
18739,38468,2016-02-12,1.0
38468,38468,2016-02-12,1.0
9072,46104,2016-02-12,1.0
40591,36721,2016-02-12,1.0
14551,86588,2016-02-12,1.0
36886,36886,2016-02-12,1.0
3948,57699,2016-02-12,1.0
955,3106,2016-02-12,1.0
10366,26080,2016-02-12,1.0
80473,13265,2016-02-12,1.0
12120,86588,2016-02-12,1.0
83457,8618,2016-02-12,1.0
50846,18583,2016-02-12,1.0
85994,86561,2016-02-12,1.0
13972,57699,2016-02-12,1.0
44953,86549,2016-02-12,1.0
8857,4177,2016-02-12,1.0
4767,4767,2016-02-12,1.0
14094,86561,2016-02-12,1.0
2926,86549,2016-02-12,1.0
56938,56938,2016-02-12,1.0
8628,30186,2016-02-12,1.0
12481,32389,2016-02-12,1.0
17734,4177,2016-02-12,1.0
20033,8628,2016-02-12,1.0
86573,4312,2016-02-12,1.0
13268,32389,2016-02-12,1.0
8032,56878,2016-02-12,1.0
327,14443,2016-02-12,1.0
14094,85994,2016-02-12,1.0
1898,41233,2016-02-13,1.0
29316,1459,2016-02-13,1.0
5712,32389,2016-02-13,1.0
14226,4231,2016-02-13,1.0
4177,86616,2016-02-13,1.0
4177,4336,2016-02-13,1.0
86142,38468,2016-02-13,1.0
22131,84390,2016-02-13,1.0
10446,11877,2016-02-13,1.0
10446,10446,2016-02-13,1.0
70808,9684,2016-02-13,1.0
11100,86393,2016-02-13,1.0
41928,41928,2016-02-13,1.0
20597,4336,2016-02-13,1.0
38468,38468,2016-02-13,1.0
21339,78465,2016-02-13,1.0
86393,22989,2016-02-13,1.0
6451,70808,2016-02-13,1.0
14414,41769,2016-02-13,1.0
25510,13904,2016-02-13,1.0
381,402,2016-02-13,1.0
86566,86566,2016-02-13,1.0
4231,14226,2016-02-13,1.0
13904,13904,2016-02-13,1.0
85994,86561,2016-02-13,1.0
4144,86596,2016-02-13,1.0
85994,7681,2016-02-13,1.0
6494,4312,2016-02-13,1.0
23297,4312,2016-02-13,1.0
1898,86121,2016-02-13,1.0
22989,86393,2016-02-13,1.0
52936,17644,2016-02-13,1.0
70808,17644,2016-02-13,1.0
86616,32389,2016-02-13,1.0
20026,36886,2016-02-13,1.0
11919,3503,2016-02-13,1.0
75274,24078,2016-02-13,1.0
60519,3503,2016-02-13,1.0
1310,68399,2016-02-13,1.0
1946,84846,2016-02-13,1.0
7743,4336,2016-02-13,1.0
69850,11877,2016-02-13,1.0
23758,18583,2016-02-13,1.0
9684,2841,2016-02-13,1.0
4336,4336,2016-02-13,1.0
2653,18060,2016-02-13,1.0
70808,56938,2016-02-13,1.0
4696,21907,2016-02-13,1.0
9072,11142,2016-02-13,1.0
81488,4312,2016-02-13,1.0
12605,4696,2016-02-13,1.0
14094,47763,2016-02-13,1.0
14094,2083,2016-02-13,1.0
20597,11115,2016-02-13,1.0
40591,36721,2016-02-13,1.0
36721,36721,2016-02-13,1.0
70808,86597,2016-02-13,1.0
86597,86597,2016-02-13,1.0
7076,2233,2016-02-13,1.0
2893,2893,2016-02-13,1.0
13265,80473,2016-02-13,1.0
2383,4231,2016-02-13,1.0
70808,56878,2016-02-13,1.0
38468,11142,2016-02-13,1.0
8628,70618,2016-02-13,1.0
11142,11142,2016-02-13,1.0
14551,86588,2016-02-13,1.0
37214,37214,2016-02-13,1.0
13650,12481,2016-02-13,1.0
14094,18583,2016-02-13,1.0
4231,4231,2016-02-13,1.0
11877,10446,2016-02-13,1.0
18583,18583,2016-02-13,1.0
17308,18583,2016-02-13,1.0
402,402,2016-02-13,1.0
437,86571,2016-02-13,1.0
6494,81488,2016-02-13,1.0
1946,4336,2016-02-13,1.0
37026,13625,2016-02-13,1.0
41233,41233,2016-02-13,1.0
290,290,2016-02-13,1.0
26080,290,2016-02-13,1.0
11640,290,2016-02-13,1.0
14094,24483,2016-02-13,1.0
3199,4177,2016-02-13,1.0
4231,18583,2016-02-13,1.0
2669,47763,2016-02-13,1.0
7076,4312,2016-02-13,1.0
16862,5250,2016-02-13,1.0
22810,290,2016-02-13,1.0
23297,42714,2016-02-13,1.0
1946,1946,2016-02-13,1.0
9072,9072,2016-02-13,1.0
86596,4144,2016-02-13,1.0
21684,24483,2016-02-13,1.0
18060,1946,2016-02-13,1.0
4336,7743,2016-02-13,1.0
1306,9072,2016-02-13,1.0
18060,2653,2016-02-13,1.0
15293,4336,2016-02-13,1.0
7206,4336,2016-02-13,1.0
14094,23758,2016-02-13,1.0
3684,9072,2016-02-13,1.0
20302,4312,2016-02-13,1.0
48142,3503,2016-02-13,1.0
13972,86401,2016-02-13,1.0
2383,6579,2016-02-13,1.0
10718,7410,2016-02-13,1.0
48084,86616,2016-02-13,1.0
80473,13265,2016-02-13,1.0
7743,7743,2016-02-13,1.0
1345,302,2016-02-13,1.0
33039,1946,2016-02-13,1.0
33039,84846,2016-02-13,1.0
2926,290,2016-02-13,1.0
24078,24078,2016-02-13,1.0
763,24078,2016-02-13,1.0
84846,1946,2016-02-13,1.0
4177,4177,2016-02-13,1.0
56791,86566,2016-02-13,1.0
5091,11142,2016-02-13,1.0
10503,47763,2016-02-13,1.0
5712,86616,2016-02-13,1.0
919,14226,2016-02-13,1.0
19949,19949,2016-02-14,1.0
28104,81801,2016-02-14,1.0
9025,40023,2016-02-14,1.0
35840,21566,2016-02-14,1.0
41301,41301,2016-02-14,1.0
28104,78539,2016-02-14,1.0
2383,23571,2016-02-14,1.0
83671,28128,2016-02-14,1.0
7646,7691,2016-02-14,1.0
52890,35508,2016-02-14,1.0
9072,2807,2016-02-14,1.0
14094,21566,2016-02-14,1.0
290,19926,2016-02-14,1.0
26080,26080,2016-02-14,1.0
20803,26080,2016-02-14,1.0
1650,1650,2016-02-14,1.0
11115,11115,2016-02-14,1.0
10446,10446,2016-02-14,1.0
86581,51178,2016-02-14,1.0
26080,28128,2016-02-14,1.0
11877,10446,2016-02-14,1.0
86429,86429,2016-02-14,1.0
41291,86429,2016-02-14,1.0
28104,83183,2016-02-14,1.0
13268,86638,2016-02-14,1.0
28104,51703,2016-02-14,1.0
13268,64581,2016-02-14,1.0
28128,19276,2016-02-14,1.0
86571,86571,2016-02-14,1.0
38468,74936,2016-02-14,1.0
437,86571,2016-02-14,1.0
19276,19276,2016-02-14,1.0
51178,51178,2016-02-14,1.0
6101,26080,2016-02-14,1.0
53091,28128,2016-02-14,1.0
11142,11142,2016-02-14,1.0
23141,10446,2016-02-14,1.0
7206,11115,2016-02-14,1.0
12120,82168,2016-02-14,1.0
26608,15856,2016-02-14,1.0
2383,302,2016-02-14,1.0
57699,57699,2016-02-14,1.0
13265,74936,2016-02-14,1.0
2383,143,2016-02-14,1.0
13265,76541,2016-02-14,1.0
2926,2807,2016-02-14,1.0
62434,86480,2016-02-14,1.0
52890,840,2016-02-14,1.0
19926,19926,2016-02-14,1.0
40145,40145,2016-02-14,1.0
58289,7076,2016-02-14,1.0
14094,19926,2016-02-14,1.0
29961,14493,2016-02-14,1.0
3684,8799,2016-02-14,1.0
84390,84390,2016-02-14,1.0
18406,86588,2016-02-14,1.0
81332,81332,2016-02-14,1.0
9449,74936,2016-02-14,1.0
10446,35508,2016-02-14,1.0
13268,19926,2016-02-14,1.0
28128,28128,2016-02-14,1.0
2383,2796,2016-02-14,1.0
28128,86429,2016-02-14,1.0
37214,4428,2016-02-14,1.0
49223,23913,2016-02-14,1.0
70808,359,2016-02-14,1.0
7691,7646,2016-02-14,1.0
3402,3402,2016-02-14,1.0
2481,10707,2016-02-14,1.0
78061,4312,2016-02-14,1.0
121,12481,2016-02-14,1.0
84700,84700,2016-02-14,1.0
21574,86626,2016-02-14,1.0
81332,18583,2016-02-14,1.0
763,24078,2016-02-14,1.0
3333,299,2016-02-14,1.0
1056,48924,2016-02-14,1.0
1056,22389,2016-02-14,1.0
37026,4433,2016-02-14,1.0
766,43856,2016-02-14,1.0
4312,23297,2016-02-14,1.0
78061,81488,2016-02-14,1.0
3402,41928,2016-02-14,1.0
11540,4312,2016-02-14,1.0
35508,2807,2016-02-14,1.0
1946,8628,2016-02-14,1.0
8032,56878,2016-02-14,1.0
17845,26080,2016-02-14,1.0
12120,10909,2016-02-14,1.0
43108,43108,2016-02-14,1.0
86657,10909,2016-02-14,1.0
12643,21907,2016-02-14,1.0
16710,86258,2016-02-14,1.0
20757,4312,2016-02-14,1.0
19276,28128,2016-02-14,1.0
10446,16183,2016-02-14,1.0
20595,78792,2016-02-14,1.0
42278,36688,2016-02-14,1.0
51178,86581,2016-02-14,1.0
86625,3623,2016-02-14,1.0
16537,40023,2016-02-14,1.0
38468,78792,2016-02-14,1.0
28011,66017,2016-02-14,1.0
9025,2807,2016-02-14,1.0
19926,78792,2016-02-14,1.0
1465,1650,2016-02-14,1.0
11540,6494,2016-02-14,1.0
28104,23064,2016-02-14,1.0
9025,33672,2016-02-14,1.0
13972,85044,2016-02-14,1.0
1266,37339,2016-02-14,1.0
28104,80763,2016-02-14,1.0
290,37339,2016-02-14,1.0
37214,37214,2016-02-14,1.0
6094,12481,2016-02-14,1.0
2383,40023,2016-02-14,1.0
22989,22989,2016-02-14,1.0
4336,4336,2016-02-14,1.0
40883,10446,2016-02-14,1.0
3402,8628,2016-02-14,1.0
5091,11142,2016-02-14,1.0
10446,86638,2016-02-14,1.0
2191,18583,2016-02-14,1.0
2883,81488,2016-02-14,1.0
41928,41928,2016-02-14,1.0
2383,2036,2016-02-14,1.0
23297,23297,2016-02-14,1.0
14094,84700,2016-02-14,1.0
84179,81332,2016-02-14,1.0
70808,86638,2016-02-14,1.0
86397,37214,2016-02-14,1.0
86480,86480,2016-02-15,1.0
34538,13360,2016-02-15,1.0
763,87688,2016-02-15,1.0
87688,87688,2016-02-15,1.0
9924,9924,2016-02-15,1.0
84768,87688,2016-02-15,1.0
10035,9924,2016-02-15,1.0
10446,10446,2016-02-15,1.0
1688,14094,2016-02-15,1.0
41291,7076,2016-02-15,1.0
61960,87669,2016-02-15,1.0
9652,87688,2016-02-15,1.0
1056,14163,2016-02-15,1.0
41900,48839,2016-02-15,1.0
1114,41291,2016-02-15,1.0
6518,86662,2016-02-15,1.0
35508,35508,2016-02-15,1.0
20597,4336,2016-02-15,1.0
7710,10059,2016-02-15,1.0
36720,66,2016-02-15,1.0
40883,10446,2016-02-15,1.0
8250,6518,2016-02-15,1.0
16888,16888,2016-02-15,1.0
28128,28128,2016-02-15,1.0
26039,83174,2016-02-15,1.0
84768,74600,2016-02-15,1.0
26039,16888,2016-02-15,1.0
52890,35508,2016-02-15,1.0
14094,1688,2016-02-15,1.0
763,13360,2016-02-15,1.0
7076,7076,2016-02-15,1.0
1310,1310,2016-02-15,1.0
41291,41291,2016-02-15,1.0
11877,11877,2016-02-15,1.0
13265,13288,2016-02-15,1.0
23291,1688,2016-02-15,1.0
13265,87711,2016-02-15,1.0
2926,13972,2016-02-15,1.0
87711,87711,2016-02-15,1.0
25028,82568,2016-02-15,1.0
13972,13972,2016-02-15,1.0
19729,955,2016-02-15,1.0
13972,86401,2016-02-15,1.0
4961,11260,2016-02-15,1.0
46536,84950,2016-02-15,1.0
13917,2807,2016-02-15,1.0
36688,43054,2016-02-15,1.0
9072,86429,2016-02-15,1.0
20597,20597,2016-02-15,1.0
14915,26080,2016-02-15,1.0
1441,33171,2016-02-15,1.0
26080,26080,2016-02-15,1.0
86475,86475,2016-02-15,1.0
20105,75,2016-02-15,1.0
3901,23310,2016-02-15,1.0
14094,14094,2016-02-15,1.0
86429,86429,2016-02-15,1.0
48839,87679,2016-02-15,1.0
763,86577,2016-02-15,1.0
10446,11877,2016-02-15,1.0
36688,290,2016-02-15,1.0
48839,48839,2016-02-15,1.0
2926,36688,2016-02-15,1.0
11260,82568,2016-02-15,1.0
1898,82568,2016-02-15,1.0
62434,86657,2016-02-15,1.0
13972,57699,2016-02-15,1.0
41291,85984,2016-02-15,1.0
87712,28128,2016-02-15,1.0
37103,20595,2016-02-15,1.0
20595,20595,2016-02-15,1.0
54780,33171,2016-02-15,1.0
8628,1946,2016-02-15,1.0
25028,86662,2016-02-15,1.0
9091,8430,2016-02-15,1.0
13268,10909,2016-02-15,1.0
19926,19926,2016-02-15,1.0
83671,28128,2016-02-15,1.0
38624,86662,2016-02-15,1.0
605,87669,2016-02-15,1.0
763,86277,2016-02-15,1.0
21574,37850,2016-02-15,1.0
6451,70603,2016-02-15,1.0
14414,35508,2016-02-15,1.0
86661,55853,2016-02-15,1.0
43054,36688,2016-02-15,1.0
44881,4312,2016-02-15,1.0
48839,81293,2016-02-15,1.0
3106,1532,2016-02-15,1.0
87677,22620,2016-02-15,1.0
6518,6518,2016-02-15,1.0
17734,87680,2016-02-15,1.0
14163,1056,2016-02-15,1.0
87684,5292,2016-02-15,1.0
290,36688,2016-02-15,1.0
9924,10035,2016-02-15,1.0
10366,10217,2016-02-15,1.0
1114,57703,2016-02-15,1.0
11260,83174,2016-02-15,1.0
56624,81293,2016-02-15,1.0
13360,87688,2016-02-15,1.0
4721,74936,2016-02-15,1.0
1898,1898,2016-02-15,1.0
3106,86662,2016-02-15,1.0
86121,1898,2016-02-15,1.0
11919,10035,2016-02-15,1.0
8430,8430,2016-02-15,1.0
42716,3005,2016-02-15,1.0
4685,86662,2016-02-15,1.0
80874,961,2016-02-15,1.0
82672,87669,2016-02-15,1.0
15629,86662,2016-02-15,1.0
15629,38624,2016-02-15,1.0
2807,4312,2016-02-15,1.0
12166,19949,2016-02-15,1.0
8133,30081,2016-02-15,1.0
17845,87680,2016-02-15,1.0
3503,86662,2016-02-15,1.0
43054,43054,2016-02-15,1.0
4696,4696,2016-02-15,1.0
48142,86662,2016-02-15,1.0
4312,86662,2016-02-15,1.0
22989,43054,2016-02-15,1.0
68399,1310,2016-02-15,1.0
3106,28128,2016-02-15,1.0
36688,42278,2016-02-15,1.0
10035,10035,2016-02-15,1.0
1946,1946,2016-02-15,1.0
12166,36688,2016-02-15,1.0
74936,74936,2016-02-15,1.0
36886,36886,2016-02-16,1.0
1465,36886,2016-02-16,1.0
40297,21574,2016-02-16,1.0
87711,87711,2016-02-16,1.0
56878,8103,2016-02-16,1.0
29697,9924,2016-02-16,1.0
1688,1688,2016-02-16,1.0
10446,11877,2016-02-16,1.0
10446,87733,2016-02-16,1.0
2000,2841,2016-02-16,1.0
9449,87711,2016-02-16,1.0
1056,82568,2016-02-16,1.0
49,22131,2016-02-16,1.0
1465,4721,2016-02-16,1.0
9025,43880,2016-02-16,1.0
8430,80736,2016-02-16,1.0
2233,43880,2016-02-16,1.0
1946,78,2016-02-16,1.0
78,78,2016-02-16,1.0
4177,82568,2016-02-16,1.0
8385,86549,2016-02-16,1.0
2841,51389,2016-02-16,1.0
19949,19949,2016-02-16,1.0
9072,82568,2016-02-16,1.0
22294,21574,2016-02-16,1.0
11640,11640,2016-02-16,1.0
919,4144,2016-02-16,1.0
69037,11640,2016-02-16,1.0
70808,9684,2016-02-16,1.0
4721,74936,2016-02-16,1.0
9924,9924,2016-02-16,1.0
13552,13552,2016-02-16,1.0
22131,70216,2016-02-16,1.0
10446,13552,2016-02-16,1.0
9684,9684,2016-02-16,1.0
22131,22131,2016-02-16,1.0
35793,3502,2016-02-16,1.0
1688,70216,2016-02-16,1.0
12481,12481,2016-02-16,1.0
70808,36886,2016-02-16,1.0
13265,21574,2016-02-16,1.0
29783,12481,2016-02-16,1.0
12643,39082,2016-02-16,1.0
82568,82568,2016-02-16,1.0
40529,87737,2016-02-16,1.0
9072,25510,2016-02-16,1.0
28128,48676,2016-02-16,1.0
74936,74936,2016-02-16,1.0
10446,10446,2016-02-16,1.0
86634,86634,2016-02-16,1.0
40883,10446,2016-02-16,1.0
10035,9924,2016-02-16,1.0
13650,56553,2016-02-16,1.0
1946,1946,2016-02-16,1.0
12898,56553,2016-02-16,1.0
10446,86634,2016-02-16,1.0
56553,23141,2016-02-16,1.0
23141,23141,2016-02-16,1.0
6794,1946,2016-02-16,1.0
70808,70808,2016-02-16,1.0
21574,5259,2016-02-16,1.0
19926,19926,2016-02-16,1.0
65878,1946,2016-02-16,1.0
48839,23141,2016-02-16,1.0
14094,19926,2016-02-16,1.0
66,66,2016-02-16,1.0
18060,87711,2016-02-16,1.0
4336,4336,2016-02-16,1.0
47763,47763,2016-02-16,1.0
46923,332,2016-02-16,1.0
13972,75382,2016-02-16,1.0
75382,75382,2016-02-16,1.0
24993,14802,2016-02-16,1.0
4177,87724,2016-02-16,1.0
10696,605,2016-02-16,1.0
17734,22989,2016-02-16,1.0
5259,13022,2016-02-16,1.0
22389,11540,2016-02-16,1.0
87729,82568,2016-02-16,1.0
22389,3811,2016-02-16,1.0
9072,3811,2016-02-16,1.0
7076,7076,2016-02-16,1.0
23291,1688,2016-02-16,1.0
9072,86649,2016-02-16,1.0
21574,21574,2016-02-16,1.0
56553,56553,2016-02-16,1.0
11054,20787,2016-02-16,1.0
14094,20787,2016-02-16,1.0
20787,20787,2016-02-16,1.0
11142,29783,2016-02-16,1.0
86649,86649,2016-02-16,1.0
1946,22131,2016-02-16,1.0
46744,29783,2016-02-16,1.0
11054,71141,2016-02-16,1.0
605,605,2016-02-16,1.0
41291,7076,2016-02-16,1.0
12898,23141,2016-02-16,1.0
14094,11877,2016-02-16,1.0
51389,2841,2016-02-16,1.0
33039,73530,2016-02-16,1.0
12481,29783,2016-02-16,1.0
32389,29783,2016-02-16,1.0
9942,11877,2016-02-16,1.0
58777,82568,2016-02-16,1.0
75616,386,2016-02-16,1.0
12898,1688,2016-02-16,1.0
11877,11877,2016-02-16,1.0
13972,86401,2016-02-16,1.0
81335,70216,2016-02-16,1.0
75422,70216,2016-02-16,1.0
12705,87752,2016-02-16,1.0
87737,4231,2016-02-16,1.0
75826,82568,2016-02-16,1.0
38866,82568,2016-02-16,1.0
4144,919,2016-02-16,1.0
12166,19949,2016-02-16,1.0
69630,345,2016-02-16,1.0
7076,82568,2016-02-16,1.0
32332,11877,2016-02-16,1.0
1492,82568,2016-02-16,1.0
75616,87711,2016-02-16,1.0
39495,21564,2016-02-16,1.0
70808,23310,2016-02-16,1.0
7076,46629,2016-02-16,1.0
11260,4721,2016-02-16,1.0
25028,5360,2016-02-16,1.0
386,386,2016-02-16,1.0
21574,87711,2016-02-16,1.0
2233,87755,2016-02-16,1.0
36886,1465,2016-02-16,1.0
1306,82568,2016-02-16,1.0
69630,69630,2016-02-16,1.0
4721,4721,2016-02-16,1.0
85776,2233,2016-02-16,1.0
1946,87752,2016-02-16,1.0
345,69630,2016-02-16,1.0
20787,14094,2016-02-16,1.0
42613,7311,2016-02-16,1.0
1306,11877,2016-02-16,1.0
70808,2841,2016-02-16,1.0
85758,14830,2016-02-16,1.0
13022,5259,2016-02-16,1.0
25510,82568,2016-02-16,1.0
22989,17734,2016-02-16,1.0
11926,66266,2016-02-16,1.0
23141,56553,2016-02-16,1.0
38434,46536,2016-02-16,1.0
65878,84846,2016-02-16,1.0
22131,78,2016-02-16,1.0
52811,75933,2016-02-16,1.0
11926,82568,2016-02-16,1.0
24916,38085,2016-02-17,1.0
43108,31814,2016-02-17,1.0
11260,61400,2016-02-17,1.0
37555,84700,2016-02-17,1.0
644,86649,2016-02-17,1.0
56980,56980,2016-02-17,1.0
1015,57255,2016-02-17,1.0
4803,20595,2016-02-17,1.0
290,87711,2016-02-17,1.0
17845,87680,2016-02-17,1.0
1223,40491,2016-02-17,1.0
1847,4721,2016-02-17,1.0
8112,20787,2016-02-17,1.0
11142,955,2016-02-17,1.0
4149,398,2016-02-17,1.0
87777,80736,2016-02-17,1.0
3402,85258,2016-02-17,1.0
406,24916,2016-02-17,1.0
345,69630,2016-02-17,1.0
1056,1056,2016-02-17,1.0
69630,69630,2016-02-17,1.0
81488,10035,2016-02-17,1.0
87721,87721,2016-02-17,1.0
86429,87778,2016-02-17,1.0
86429,86429,2016-02-17,1.0
25510,25510,2016-02-17,1.0
763,24271,2016-02-17,1.0
9025,85258,2016-02-17,1.0
4231,87784,2016-02-17,1.0
30186,1056,2016-02-17,1.0
9072,86429,2016-02-17,1.0
76593,87754,2016-02-17,1.0
2233,2233,2016-02-17,1.0
85258,85258,2016-02-17,1.0
30684,87794,2016-02-17,1.0
10503,87778,2016-02-17,1.0
9072,87778,2016-02-17,1.0
3199,3199,2016-02-17,1.0
4336,4336,2016-02-17,1.0
15629,24271,2016-02-17,1.0
50901,86577,2016-02-17,1.0
3402,87779,2016-02-17,1.0
14094,1688,2016-02-17,1.0
15629,11260,2016-02-17,1.0
7410,51216,2016-02-17,1.0
87778,86429,2016-02-17,1.0
87782,4042,2016-02-17,1.0
4231,398,2016-02-17,1.0
11145,11145,2016-02-17,1.0
1946,87779,2016-02-17,1.0
1056,87779,2016-02-17,1.0
33039,87779,2016-02-17,1.0
56217,56217,2016-02-17,1.0
2926,87779,2016-02-17,1.0
763,87779,2016-02-17,1.0
7399,61522,2016-02-17,1.0
4042,29316,2016-02-17,1.0
4832,87775,2016-02-17,1.0
25510,87779,2016-02-17,1.0
3651,50163,2016-02-17,1.0
83134,87779,2016-02-17,1.0
86100,74936,2016-02-17,1.0
5743,41301,2016-02-17,1.0
25642,4721,2016-02-17,1.0
69850,4721,2016-02-17,1.0
2233,31016,2016-02-17,1.0
4312,81900,2016-02-17,1.0
1463,24483,2016-02-17,1.0
24271,81900,2016-02-17,1.0
21051,81900,2016-02-17,1.0
3651,87794,2016-02-17,1.0
11260,68559,2016-02-17,1.0
18889,8871,2016-02-17,1.0
34490,2233,2016-02-17,1.0
41301,57757,2016-02-17,1.0
2807,87779,2016-02-17,1.0
8008,85258,2016-02-17,1.0
22989,3199,2016-02-17,1.0
5034,37555,2016-02-17,1.0
37555,37555,2016-02-17,1.0
11142,10898,2016-02-17,1.0
10898,10898,2016-02-17,1.0
21574,87733,2016-02-17,1.0
42716,1015,2016-02-17,1.0
20787,8112,2016-02-17,1.0
70808,87733,2016-02-17,1.0
23141,87752,2016-02-17,1.0
38085,24916,2016-02-17,1.0
43054,83593,2016-02-17,1.0
1465,1465,2016-02-17,1.0
51424,5419,2016-02-17,1.0
78,78,2016-02-17,1.0
13168,21574,2016-02-17,1.0
42278,36688,2016-02-17,1.0
9072,87779,2016-02-17,1.0
87733,87733,2016-02-17,1.0
13650,87779,2016-02-17,1.0
8112,8112,2016-02-17,1.0
20595,4803,2016-02-17,1.0
1465,4721,2016-02-17,1.0
86649,644,2016-02-17,1.0
4803,4803,2016-02-17,1.0
86397,37214,2016-02-17,1.0
1056,46629,2016-02-17,1.0
41139,6101,2016-02-17,1.0
3106,28128,2016-02-17,1.0
1847,35508,2016-02-17,1.0
13265,85435,2016-02-17,1.0
3503,87752,2016-02-17,1.0
21574,21574,2016-02-17,1.0
14094,11877,2016-02-17,1.0
49,57255,2016-02-17,1.0
39495,39495,2016-02-17,1.0
1015,1015,2016-02-17,1.0
9449,87711,2016-02-17,1.0
87767,87752,2016-02-17,1.0
3402,8008,2016-02-17,1.0
10668,10668,2016-02-17,1.0
2233,8008,2016-02-17,1.0
2926,87752,2016-02-17,1.0
9072,33820,2016-02-17,1.0
13265,87711,2016-02-17,1.0
454,39495,2016-02-17,1.0
25028,1946,2016-02-17,1.0
6950,7399,2016-02-17,1.0
4177,25510,2016-02-17,1.0
4149,4231,2016-02-17,1.0
20597,4336,2016-02-17,1.0
43122,50438,2016-02-17,1.0
39082,39082,2016-02-17,1.0
36886,1465,2016-02-17,1.0
84700,37555,2016-02-17,1.0
83291,83291,2016-02-17,1.0
21291,8008,2016-02-17,1.0
4333,87711,2016-02-17,1.0
29697,10035,2016-02-17,1.0
87779,87779,2016-02-17,1.0
87779,83134,2016-02-17,1.0
84950,84950,2016-02-17,1.0
46536,84950,2016-02-17,1.0
85435,85435,2016-02-17,1.0
9091,8430,2016-02-17,1.0
28104,87794,2016-02-17,1.0
10035,10035,2016-02-17,1.0
36688,36688,2016-02-17,1.0
21564,83291,2016-02-17,1.0
54390,1421,2016-02-17,1.0
4231,87737,2016-02-17,1.0
13265,87773,2016-02-17,1.0
8112,87779,2016-02-17,1.0
33039,1056,2016-02-17,1.0
68910,83291,2016-02-17,1.0
9025,8008,2016-02-17,1.0
290,87779,2016-02-17,1.0
9025,87779,2016-02-17,1.0
11926,2807,2016-02-17,1.0
38867,81332,2016-02-17,1.0
766,87779,2016-02-17,1.0
4177,2807,2016-02-17,1.0
87773,87773,2016-02-17,1.0
18060,1056,2016-02-17,1.0
391,87784,2016-02-17,1.0
47305,61522,2016-02-17,1.0
1946,87752,2016-02-17,1.0
86277,763,2016-02-17,1.0
2807,2807,2016-02-17,1.0
69850,8196,2016-02-18,1.0
454,61210,2016-02-18,1.0
4231,2383,2016-02-18,1.0
3684,61210,2016-02-18,1.0
7410,51216,2016-02-18,1.0
27453,70808,2016-02-18,1.0
35508,51216,2016-02-18,1.0
290,8196,2016-02-18,1.0
43054,34538,2016-02-18,1.0
3684,82568,2016-02-18,1.0
68559,11260,2016-02-18,1.0
2383,24891,2016-02-18,1.0
21566,35840,2016-02-18,1.0
24483,1463,2016-02-18,1.0
3199,87778,2016-02-18,1.0
7653,66,2016-02-18,1.0
2383,1119,2016-02-18,1.0
2383,4953,2016-02-18,1.0
6101,87819,2016-02-18,1.0
87784,87784,2016-02-18,1.0
87821,87821,2016-02-18,1.0
8176,763,2016-02-18,1.0
69850,74936,2016-02-18,1.0
43122,50438,2016-02-18,1.0
2926,1056,2016-02-18,1.0
2383,763,2016-02-18,1.0
1946,87821,2016-02-18,1.0
2383,2383,2016-02-18,1.0
43880,43880,2016-02-18,1.0
87721,87721,2016-02-18,1.0
4366,34538,2016-02-18,1.0
87803,13650,2016-02-18,1.0
398,4149,2016-02-18,1.0
398,4231,2016-02-18,1.0
61210,61210,2016-02-18,1.0
14830,85758,2016-02-18,1.0
66536,8196,2016-02-18,1.0
1465,1465,2016-02-18,1.0
2893,51216,2016-02-18,1.0
391,85222,2016-02-18,1.0
24891,24891,2016-02-18,1.0
10035,10035,2016-02-18,1.0
16988,16988,2016-02-18,1.0
24271,24271,2016-02-18,1.0
763,24891,2016-02-18,1.0
763,84950,2016-02-18,1.0
11054,64194,2016-02-18,1.0
70211,44860,2016-02-18,1.0
1266,1737,2016-02-18,1.0
19926,30366,2016-02-18,1.0
2383,84950,2016-02-18,1.0
14915,1946,2016-02-18,1.0
10503,87778,2016-02-18,1.0
454,68559,2016-02-18,1.0
50438,50438,2016-02-18,1.0
12120,11260,2016-02-18,1.0
85222,85222,2016-02-18,1.0
2233,85258,2016-02-18,1.0
1688,1688,2016-02-18,1.0
290,85222,2016-02-18,1.0
8196,8196,2016-02-18,1.0
30516,2807,2016-02-18,1.0
6249,4721,2016-02-18,1.0
64194,64194,2016-02-18,1.0
297,34538,2016-02-18,1.0
87816,87816,2016-02-18,1.0
763,87816,2016-02-18,1.0
2530,34538,2016-02-18,1.0
15629,11260,2016-02-18,1.0
32022,85222,2016-02-18,1.0
353,11260,2016-02-18,1.0
22389,31328,2016-02-18,1.0
21574,21574,2016-02-18,1.0
11260,11260,2016-02-18,1.0
70808,21574,2016-02-18,1.0
3199,84950,2016-02-18,1.0
35416,84950,2016-02-18,1.0
4333,87711,2016-02-18,1.0
48839,87721,2016-02-18,1.0
10266,24891,2016-02-18,1.0
12898,81900,2016-02-18,1.0
6666,6666,2016-02-18,1.0
14094,1688,2016-02-18,1.0
34538,34538,2016-02-18,1.0
11260,87846,2016-02-18,1.0
70808,84114,2016-02-18,1.0
26935,84114,2016-02-18,1.0
881,4519,2016-02-18,1.0
345,49492,2016-02-18,1.0
949,33820,2016-02-18,1.0
70618,11115,2016-02-18,1.0
17836,86549,2016-02-18,1.0
33820,949,2016-02-18,1.0
38434,2467,2016-02-18,1.0
9871,4054,2016-02-18,1.0
61960,605,2016-02-18,1.0
37103,84272,2016-02-18,1.0
9652,70808,2016-02-18,1.0
3460,70808,2016-02-18,1.0
36688,36688,2016-02-18,1.0
39082,39082,2016-02-18,1.0
17773,84114,2016-02-18,1.0
43122,21574,2016-02-18,1.0
76600,76600,2016-02-18,1.0
5917,27742,2016-02-18,1.0
70808,87779,2016-02-18,1.0
27742,27742,2016-02-18,1.0
12705,27742,2016-02-18,1.0
66,66,2016-02-18,1.0
7710,10629,2016-02-18,1.0
13972,56185,2016-02-18,1.0
12166,21369,2016-02-18,1.0
36721,87754,2016-02-18,1.0
30186,87779,2016-02-18,1.0
30684,87779,2016-02-18,1.0
1737,87808,2016-02-18,1.0
24891,84950,2016-02-18,1.0
48839,8373,2016-02-18,1.0
12120,68463,2016-02-18,1.0
10266,86452,2016-02-18,1.0
87815,5210,2016-02-18,1.0
87815,2989,2016-02-18,1.0
13650,87803,2016-02-18,1.0
86142,86142,2016-02-18,1.0
61210,82568,2016-02-18,1.0
9928,85222,2016-02-18,1.0
406,84210,2016-02-18,1.0
1306,21369,2016-02-18,1.0
13265,87773,2016-02-18,1.0
87844,87779,2016-02-18,1.0
4767,4685,2016-02-18,1.0
66536,87779,2016-02-18,1.0
83681,87779,2016-02-18,1.0
353,56185,2016-02-18,1.0
47725,4042,2016-02-18,1.0
5018,82568,2016-02-18,1.0
3684,87779,2016-02-18,1.0
15780,87779,2016-02-18,1.0
440,82568,2016-02-18,1.0
6666,8196,2016-02-18,1.0
1988,87842,2016-02-18,1.0
81488,10035,2016-02-18,1.0
64194,77923,2016-02-18,1.0
87729,4042,2016-02-18,1.0
36146,87779,2016-02-18,1.0
12156,85222,2016-02-18,1.0
763,763,2016-02-18,1.0
763,406,2016-02-18,1.0
763,1056,2016-02-18,1.0
39158,23987,2016-02-18,1.0
1463,49492,2016-02-18,1.0
23291,1688,2016-02-18,1.0
35520,77923,2016-02-18,1.0
7092,11115,2016-02-18,1.0
290,36688,2016-02-18,1.0
4149,4231,2016-02-18,1.0
4312,3684,2016-02-18,1.0
64194,11054,2016-02-18,1.0
11115,11115,2016-02-18,1.0
13265,74564,2016-02-18,1.0
10446,87733,2016-02-18,1.0
36688,38866,2016-02-18,1.0
77923,77923,2016-02-18,1.0
85758,85758,2016-02-18,1.0
4312,2807,2016-02-18,1.0
85758,3684,2016-02-18,1.0
75382,75382,2016-02-18,1.0
12643,39082,2016-02-18,1.0
87842,87842,2016-02-18,1.0
87846,87846,2016-02-18,1.0
11142,84114,2016-02-18,1.0
763,58777,2016-02-18,1.0
84114,84114,2016-02-18,1.0
56185,56185,2016-02-18,1.0
13268,56185,2016-02-18,1.0
75422,76600,2016-02-18,1.0
36688,87842,2016-02-18,1.0
1463,87779,2016-02-18,1.0
66308,66536,2016-02-18,1.0
6494,3324,2016-02-18,1.0
1441,87842,2016-02-18,1.0
30790,30790,2016-02-19,1.0
87821,30790,2016-02-19,1.0
22878,9072,2016-02-19,1.0
3503,56362,2016-02-19,1.0
84575,30186,2016-02-19,1.0
40297,14037,2016-02-19,1.0
398,4231,2016-02-19,1.0
4923,17581,2016-02-19,1.0
10446,10446,2016-02-19,1.0
14037,14037,2016-02-19,1.0
17773,84114,2016-02-19,1.0
12898,1688,2016-02-19,1.0
10035,48827,2016-02-19,1.0
19926,19926,2016-02-19,1.0
38085,2841,2016-02-19,1.0
4231,4231,2016-02-19,1.0
25,87755,2016-02-19,1.0
23141,87755,2016-02-19,1.0
27742,27742,2016-02-19,1.0
23141,23141,2016-02-19,1.0
3272,56362,2016-02-19,1.0
15934,391,2016-02-19,1.0
2383,391,2016-02-19,1.0
9317,48096,2016-02-19,1.0
1688,1688,2016-02-19,1.0
4231,2383,2016-02-19,1.0
81332,81803,2016-02-19,1.0
2481,11395,2016-02-19,1.0
13972,43122,2016-02-19,1.0
81803,81803,2016-02-19,1.0
76600,87890,2016-02-19,1.0
2622,38630,2016-02-19,1.0
605,605,2016-02-19,1.0
85258,8008,2016-02-19,1.0
35840,80601,2016-02-19,1.0
13265,45397,2016-02-19,1.0
4333,33088,2016-02-19,1.0
70808,70808,2016-02-19,1.0
43122,43122,2016-02-19,1.0
9072,9072,2016-02-19,1.0
2381,3545,2016-02-19,1.0
36146,36146,2016-02-19,1.0
12166,21369,2016-02-19,1.0
21339,21339,2016-02-19,1.0
2841,2841,2016-02-19,1.0
9652,8157,2016-02-19,1.0
70808,3106,2016-02-19,1.0
6249,1587,2016-02-19,1.0
11395,11395,2016-02-19,1.0
4149,4231,2016-02-19,1.0
4685,4767,2016-02-19,1.0
43423,51703,2016-02-19,1.0
20948,1483,2016-02-19,1.0
87868,87868,2016-02-19,1.0
70216,22131,2016-02-19,1.0
35840,87868,2016-02-19,1.0
2383,4231,2016-02-19,1.0
44953,82367,2016-02-19,1.0
290,18583,2016-02-19,1.0
2622,23141,2016-02-19,1.0
21369,12166,2016-02-19,1.0
40883,10446,2016-02-19,1.0
18583,18583,2016-02-19,1.0
766,87779,2016-02-19,1.0
12487,8008,2016-02-19,1.0
3324,3324,2016-02-19,1.0
4923,4923,2016-02-19,1.0
25256,18583,2016-02-19,1.0
3324,1532,2016-02-19,1.0
64194,11054,2016-02-19,1.0
11054,11054,2016-02-19,1.0
18583,2233,2016-02-19,1.0
3402,4923,2016-02-19,1.0
4149,81803,2016-02-19,1.0
70808,3465,2016-02-19,1.0
8103,54667,2016-02-19,1.0
290,54667,2016-02-19,1.0
70808,84114,2016-02-19,1.0
70808,26935,2016-02-19,1.0
33820,949,2016-02-19,1.0
949,949,2016-02-19,1.0
36688,36688,2016-02-19,1.0
4054,4054,2016-02-19,1.0
2926,36688,2016-02-19,1.0
11054,21339,2016-02-19,1.0
18263,21369,2016-02-19,1.0
15934,11142,2016-02-19,1.0
4231,56217,2016-02-19,1.0
391,11142,2016-02-19,1.0
353,5690,2016-02-19,1.0
11142,11142,2016-02-19,1.0
297,11142,2016-02-19,1.0
13650,11142,2016-02-19,1.0
11142,87868,2016-02-19,1.0
56217,56217,2016-02-19,1.0
14094,56217,2016-02-19,1.0
45397,45397,2016-02-19,1.0
18583,290,2016-02-19,1.0
3106,27742,2016-02-19,1.0
2383,2383,2016-02-19,1.0
12166,12166,2016-02-19,1.0
56938,70808,2016-02-19,1.0
70019,87779,2016-02-19,1.0
8032,21369,2016-02-19,1.0
25510,76600,2016-02-19,1.0
4961,20598,2016-02-19,1.0
21369,21369,2016-02-19,1.0
81332,56217,2016-02-19,1.0
9449,87779,2016-02-19,1.0
42278,87779,2016-02-19,1.0
17581,85258,2016-02-19,1.0
9072,22878,2016-02-19,1.0
7108,15934,2016-02-19,1.0
391,15934,2016-02-19,1.0
17581,4923,2016-02-19,1.0
7294,87862,2016-02-19,1.0
6574,21369,2016-02-19,1.0
59303,48096,2016-02-19,1.0
24309,36688,2016-02-19,1.0
11142,15934,2016-02-19,1.0
3106,87779,2016-02-19,1.0
43967,70341,2016-02-19,1.0
47430,12664,2016-02-19,1.0
13972,38630,2016-02-19,1.0
12481,87889,2016-02-19,1.0
23141,1688,2016-02-19,1.0
12481,48827,2016-02-19,1.0
15129,39421,2016-02-19,1.0
5963,48827,2016-02-19,1.0
13972,2362,2016-02-19,1.0
43122,2362,2016-02-19,1.0
58620,17047,2016-02-19,1.0
39495,67107,2016-02-19,1.0
9072,12481,2016-02-19,1.0
4312,1688,2016-02-19,1.0
2000,38532,2016-02-19,1.0
76600,76600,2016-02-19,1.0
23141,2622,2016-02-19,1.0
9072,20598,2016-02-19,1.0
87893,12481,2016-02-19,1.0
12481,12481,2016-02-19,1.0
22389,87794,2016-02-19,1.0
87889,12481,2016-02-19,1.0
82843,11115,2016-02-19,1.0
12705,87894,2016-02-19,1.0
33088,33088,2016-02-19,1.0
85801,85801,2016-02-19,1.0
8799,87779,2016-02-19,1.0
2554,87858,2016-02-19,1.0
14037,4054,2016-02-19,1.0
13168,4054,2016-02-19,1.0
30790,87821,2016-02-19,1.0
4428,13439,2016-02-19,1.0
317,40381,2016-02-19,1.0
2233,18583,2016-02-19,1.0
87921,87921,2016-02-20,1.0
22989,70808,2016-02-20,1.0
10696,15505,2016-02-20,1.0
15934,47294,2016-02-20,1.0
11395,2481,2016-02-20,1.0
35840,80601,2016-02-20,1.0
47294,47294,2016-02-20,1.0
70808,70808,2016-02-20,1.0
36688,24309,2016-02-20,1.0
13360,1688,2016-02-20,1.0
47305,23519,2016-02-20,1.0
6094,6094,2016-02-20,1.0
25256,25256,2016-02-20,1.0
1840,87933,2016-02-20,1.0
1840,11054,2016-02-20,1.0
1463,19075,2016-02-20,1.0
87933,87933,2016-02-20,1.0
19075,19075,2016-02-20,1.0
48096,48096,2016-02-20,1.0
4144,41301,2016-02-20,1.0
10696,290,2016-02-20,1.0
25510,25510,2016-02-20,1.0
25510,47312,2016-02-20,1.0
6094,31310,2016-02-20,1.0
20598,11054,2016-02-20,1.0
76593,778,2016-02-20,1.0
70808,87933,2016-02-20,1.0
31310,31310,2016-02-20,1.0
31310,6094,2016-02-20,1.0
14037,70964,2016-02-20,1.0
1465,32022,2016-02-20,1.0
70808,18583,2016-02-20,1.0
11054,20598,2016-02-20,1.0
4696,33088,2016-02-20,1.0
13650,87885,2016-02-20,1.0
75,15505,2016-02-20,1.0
87907,919,2016-02-20,1.0
87910,87902,2016-02-20,1.0
644,15505,2016-02-20,1.0
11054,84568,2016-02-20,1.0
25510,87913,2016-02-20,1.0
14414,8157,2016-02-20,1.0
47312,87913,2016-02-20,1.0
81332,81803,2016-02-20,1.0
47430,56668,2016-02-20,1.0
75422,76600,2016-02-20,1.0
10333,43423,2016-02-20,1.0
17218,17218,2016-02-20,1.0
22989,18583,2016-02-20,1.0
70808,2233,2016-02-20,1.0
10696,41301,2016-02-20,1.0
4069,33088,2016-02-20,1.0
76593,87902,2016-02-20,1.0
33088,4696,2016-02-20,1.0
33088,33088,2016-02-20,1.0
4696,4696,2016-02-20,1.0
38630,13972,2016-02-20,1.0
11260,87902,2016-02-20,1.0
21349,6094,2016-02-20,1.0
51363,51363,2016-02-20,1.0
10696,70808,2016-02-20,1.0
3199,13694,2016-02-20,1.0
7076,7076,2016-02-20,1.0
24309,24309,2016-02-20,1.0
11640,6249,2016-02-20,1.0
13650,87910,2016-02-20,1.0
87910,87910,2016-02-20,1.0
13694,13694,2016-02-20,1.0
13650,82122,2016-02-20,1.0
40297,87910,2016-02-20,1.0
766,11054,2016-02-20,1.0
46214,51363,2016-02-20,1.0
3847,919,2016-02-20,1.0
4149,4231,2016-02-20,1.0
7076,12481,2016-02-20,1.0
40297,23519,2016-02-20,1.0
23519,23519,2016-02-20,1.0
3959,36688,2016-02-20,1.0
955,955,2016-02-20,1.0
56362,56362,2016-02-20,1.0
398,4231,2016-02-20,1.0
919,87907,2016-02-20,1.0
23141,13360,2016-02-20,1.0
44860,44860,2016-02-20,1.0
3948,87899,2016-02-20,1.0
919,919,2016-02-20,1.0
20598,20598,2016-02-20,1.0
81293,48839,2016-02-20,1.0
11054,21339,2016-02-20,1.0
12138,48096,2016-02-20,1.0
81293,56624,2016-02-20,1.0
766,20598,2016-02-20,1.0
10881,7076,2016-02-20,1.0
70808,25256,2016-02-20,1.0
70808,290,2016-02-20,1.0
3847,87907,2016-02-20,1.0
11260,87925,2016-02-20,1.0
3106,3106,2016-02-20,1.0
1465,41301,2016-02-20,1.0
6249,6249,2016-02-20,1.0
83314,955,2016-02-20,1.0
9317,25510,2016-02-20,1.0
1465,87913,2016-02-20,1.0
13972,86401,2016-02-20,1.0
12481,12481,2016-02-20,1.0
7710,297,2016-02-20,1.0
51703,51703,2016-02-20,1.0
4832,87913,2016-02-20,1.0
18739,80601,2016-02-20,1.0
56624,56624,2016-02-20,1.0
37214,37214,2016-02-20,1.0
24706,70964,2016-02-20,1.0
31233,16857,2016-02-20,1.0
763,87913,2016-02-20,1.0
87913,87913,2016-02-20,1.0
454,87913,2016-02-20,1.0
9072,84568,2016-02-20,1.0
84568,84568,2016-02-20,1.0
644,6249,2016-02-20,1.0
4177,87913,2016-02-20,1.0
38468,87913,2016-02-20,1.0
4054,14037,2016-02-20,1.0
38468,25510,2016-02-20,1.0
80601,80601,2016-02-21,1.0
11260,87846,2016-02-21,1.0
84568,11054,2016-02-21,1.0
86397,37214,2016-02-21,1.0
2273,62780,2016-02-21,1.0
11146,11146,2016-02-21,1.0
23141,47294,2016-02-21,1.0
437,6249,2016-02-21,1.0
18739,80601,2016-02-21,1.0
23141,86258,2016-02-21,1.0
14094,85531,2016-02-21,1.0
22470,47294,2016-02-21,1.0
15505,47044,2016-02-21,1.0
9072,87950,2016-02-21,1.0
44143,27742,2016-02-21,1.0
23141,42571,2016-02-21,1.0
2926,34538,2016-02-21,1.0
81332,398,2016-02-21,1.0
9025,76479,2016-02-21,1.0
22989,87953,2016-02-21,1.0
8103,24078,2016-02-21,1.0
327,13625,2016-02-21,1.0
11260,87966,2016-02-21,1.0
57405,62780,2016-02-21,1.0
16185,2383,2016-02-21,1.0
8430,1898,2016-02-21,1.0
15129,23141,2016-02-21,1.0
11260,54540,2016-02-21,1.0
4572,41686,2016-02-21,1.0
70229,87969,2016-02-21,1.0
87846,87846,2016-02-21,1.0
18060,18060,2016-02-21,1.0
4312,9025,2016-02-21,1.0
26080,4910,2016-02-21,1.0
30186,27742,2016-02-21,1.0
2273,25527,2016-02-21,1.0
14094,4053,2016-02-21,1.0
51478,51478,2016-02-21,1.0
6101,1898,2016-02-21,1.0
4053,4053,2016-02-21,1.0
53091,28128,2016-02-21,1.0
28128,28128,2016-02-21,1.0
2273,28128,2016-02-21,1.0
84768,10909,2016-02-21,1.0
23141,23141,2016-02-21,1.0
25735,25735,2016-02-21,1.0
42571,23141,2016-02-21,1.0
437,437,2016-02-21,1.0
76479,76479,2016-02-21,1.0
27742,44143,2016-02-21,1.0
13268,86399,2016-02-21,1.0
12643,39082,2016-02-21,1.0
8103,82367,2016-02-21,1.0
12705,44143,2016-02-21,1.0
44143,44143,2016-02-21,1.0
62673,62673,2016-02-21,1.0
54540,11260,2016-02-21,1.0
1233,28128,2016-02-21,1.0
5690,28128,2016-02-21,1.0
43054,33479,2016-02-21,1.0
23141,15129,2016-02-21,1.0
18060,9542,2016-02-21,1.0
13265,9542,2016-02-21,1.0
2039,85435,2016-02-21,1.0
4832,23141,2016-02-21,1.0
29961,18060,2016-02-21,1.0
49,437,2016-02-21,1.0
12643,46510,2016-02-21,1.0
24309,24309,2016-02-21,1.0
327,1898,2016-02-21,1.0
13625,327,2016-02-21,1.0
27742,27742,2016-02-21,1.0
327,327,2016-02-21,1.0
1898,1898,2016-02-21,1.0
2362,13972,2016-02-21,1.0
14450,87968,2016-02-21,1.0
57405,57405,2016-02-21,1.0
2530,1149,2016-02-21,1.0
8430,62673,2016-02-21,1.0
39495,67107,2016-02-21,1.0
82122,82122,2016-02-21,1.0
13972,13972,2016-02-21,1.0
14414,8157,2016-02-21,1.0
4312,13360,2016-02-21,1.0
86258,86258,2016-02-21,1.0
16302,47044,2016-02-21,1.0
2926,437,2016-02-21,1.0
13360,13360,2016-02-21,1.0
763,41301,2016-02-21,1.0
87899,87899,2016-02-21,1.0
763,8157,2016-02-21,1.0
47294,23141,2016-02-21,1.0
1465,24078,2016-02-21,1.0
35840,80601,2016-02-21,1.0
290,18060,2016-02-21,1.0
18583,18583,2016-02-21,1.0
18583,290,2016-02-21,1.0
23141,4312,2016-02-21,1.0
87907,87907,2016-02-21,1.0
1840,20598,2016-02-21,1.0
21339,4312,2016-02-21,1.0
3032,83150,2016-02-21,1.0
2926,41301,2016-02-21,1.0
85435,85435,2016-02-21,1.0
11640,437,2016-02-21,1.0
1465,82367,2016-02-21,1.0
11100,33757,2016-02-21,1.0
84768,8157,2016-02-21,1.0
2383,2383,2016-02-21,1.0
2383,4231,2016-02-21,1.0
84768,12489,2016-02-21,1.0
15192,15192,2016-02-21,1.0
85531,14094,2016-02-21,1.0
14094,14094,2016-02-21,1.0
87933,87933,2016-02-21,1.0
12565,86217,2016-02-21,1.0
4312,87935,2016-02-21,1.0
70964,70964,2016-02-21,1.0
9072,80601,2016-02-21,1.0
70964,14037,2016-02-21,1.0
51164,437,2016-02-21,1.0
14037,14037,2016-02-21,1.0
763,25735,2016-02-21,1.0
38468,51478,2016-02-21,1.0
2530,1149,2016-02-22,1.0
87868,87868,2016-02-22,1.0
2383,1149,2016-02-22,1.0
1149,1149,2016-02-22,1.0
763,87868,2016-02-22,1.0
18286,39552,2016-02-22,1.0
20233,15242,2016-02-22,1.0
6936,7952,2016-02-22,1.0
26080,28128,2016-02-22,1.0
2383,7103,2016-02-22,1.0
2126,87983,2016-02-22,1.0
15242,15242,2016-02-22,1.0
48362,15242,2016-02-22,1.0
9072,28128,2016-02-22,1.0
38468,87986,2016-02-22,1.0
37214,76513,2016-02-22,1.0
39552,39552,2016-02-22,1.0
37214,37214,2016-02-22,1.0
18060,25510,2016-02-22,1.0
3324,39552,2016-02-22,1.0
9550,9550,2016-02-22,1.0
613,49247,2016-02-22,1.0
87993,87993,2016-02-22,1.0
8133,27742,2016-02-22,1.0
22377,87983,2016-02-22,1.0
12705,2234,2016-02-22,1.0
12705,31339,2016-02-22,1.0
17879,82840,2016-02-22,1.0
87986,87986,2016-02-22,1.0
87983,87983,2016-02-22,1.0
14414,14414,2016-02-22,1.0
86397,76513,2016-02-22,1.0
41686,70808,2016-02-22,1.0
69531,69531,2016-02-22,1.0
3593,86634,2016-02-22,1.0
11260,69531,2016-02-22,1.0
82840,82840,2016-02-22,1.0
17773,87993,2016-02-22,1.0
3402,82840,2016-02-22,1.0
5091,11142,2016-02-22,1.0
46135,86577,2016-02-22,1.0
27742,27742,2016-02-22,1.0
11054,61149,2016-02-22,1.0
3324,3324,2016-02-22,1.0
39082,39082,2016-02-22,1.0
18286,3324,2016-02-22,1.0
8008,8008,2016-02-22,1.0
3651,50163,2016-02-22,1.0
50163,50163,2016-02-22,1.0
1306,9550,2016-02-22,1.0
2383,16185,2016-02-22,1.0
11054,54540,2016-02-22,1.0
2481,18286,2016-02-22,1.0
87921,87921,2016-02-22,1.0
70808,70808,2016-02-22,1.0
18060,38468,2016-02-22,1.0
6415,38468,2016-02-22,1.0
20787,1946,2016-02-22,1.0
21349,2498,2016-02-22,1.0
28128,28128,2016-02-22,1.0
70808,86480,2016-02-22,1.0
5690,28128,2016-02-22,1.0
2481,72314,2016-02-22,1.0
13972,13972,2016-02-22,1.0
83671,28128,2016-02-22,1.0
9025,76479,2016-02-22,1.0
21349,3621,2016-02-22,1.0
6936,437,2016-02-22,1.0
18286,18286,2016-02-22,1.0
4177,67193,2016-02-22,1.0
84966,84966,2016-02-22,1.0
38468,9542,2016-02-22,1.0
84768,87954,2016-02-22,1.0
7392,84966,2016-02-22,1.0
8385,84966,2016-02-22,1.0
84768,16557,2016-02-22,1.0
23297,84966,2016-02-22,1.0
1441,4572,2016-02-22,1.0
16185,16185,2016-02-22,1.0
613,33479,2016-02-22,1.0
1233,28128,2016-02-22,1.0
39475,24076,2016-02-22,1.0
7952,7952,2016-02-22,1.0
24757,86480,2016-02-22,1.0
86480,86480,2016-02-22,1.0
76479,76479,2016-02-22,1.0
87983,13506,2016-02-22,1.0
11926,84430,2016-02-22,1.0
7410,16183,2016-02-22,1.0
28128,2498,2016-02-22,1.0
87973,52796,2016-02-22,1.0
70808,41686,2016-02-22,1.0
38468,6415,2016-02-22,1.0
7721,7721,2016-02-22,1.0
39552,18286,2016-02-22,1.0
3324,18286,2016-02-22,1.0
2233,39475,2016-02-22,1.0
25510,6415,2016-02-22,1.0
24076,39475,2016-02-22,1.0
9317,87994,2016-02-22,1.0
3948,49247,2016-02-22,1.0
919,919,2016-02-22,1.0
13972,4654,2016-02-22,1.0
2481,87994,2016-02-22,1.0
398,81332,2016-02-22,1.0
85592,61149,2016-02-22,1.0
9652,14414,2016-02-22,1.0
4685,72314,2016-02-22,1.0
39146,19885,2016-02-22,1.0
36721,25619,2016-02-22,1.0
1840,84966,2016-02-22,1.0
39495,87981,2016-02-22,1.0
13265,86397,2016-02-22,1.0
26801,49247,2016-02-22,1.0
39495,8745,2016-02-22,1.0
18060,919,2016-02-22,1.0
26801,3948,2016-02-22,1.0
59248,11926,2016-02-22,1.0
14830,11926,2016-02-22,1.0
38711,1463,2016-02-22,1.0
70355,87993,2016-02-22,1.0
6101,6101,2016-02-22,1.0
613,3948,2016-02-22,1.0
9317,2481,2016-02-22,1.0
3948,3948,2016-02-22,1.0
9652,9652,2016-02-22,1.0
14414,9652,2016-02-22,1.0
3948,87899,2016-02-22,1.0
83457,29625,2016-02-22,1.0
11142,11142,2016-02-22,1.0
55853,86661,2016-02-22,1.0
83150,83150,2016-02-22,1.0
42137,7952,2016-02-22,1.0
22878,3701,2016-02-23,1.0
13650,88029,2016-02-23,1.0
1345,88026,2016-02-23,1.0
3621,2498,2016-02-23,1.0
1946,87983,2016-02-23,1.0
2530,3701,2016-02-23,1.0
63850,6355,2016-02-23,1.0
14414,14414,2016-02-23,1.0
3199,18583,2016-02-23,1.0
38624,28104,2016-02-23,1.0
48839,82966,2016-02-23,1.0
87983,87983,2016-02-23,1.0
68830,70355,2016-02-23,1.0
49,49,2016-02-23,1.0
76570,87911,2016-02-23,1.0
136,84114,2016-02-23,1.0
88009,10918,2016-02-23,1.0
11100,88017,2016-02-23,1.0
87940,87940,2016-02-23,1.0
82067,88007,2016-02-23,1.0
11260,80975,2016-02-23,1.0
11260,56920,2016-02-23,1.0
9025,76479,2016-02-23,1.0
46135,86577,2016-02-23,1.0
13650,76839,2016-02-23,1.0
1465,9800,2016-02-23,1.0
11211,88017,2016-02-23,1.0
6101,9800,2016-02-23,1.0
35353,10610,2016-02-23,1.0
56624,54540,2016-02-23,1.0
13650,82067,2016-02-23,1.0
290,3701,2016-02-23,1.0
26002,13694,2016-02-23,1.0
39495,70190,2016-02-23,1.0
35840,19075,2016-02-23,1.0
21339,24955,2016-02-23,1.0
41644,34538,2016-02-23,1.0
70808,50409,2016-02-23,1.0
17064,1946,2016-02-23,1.0
43054,50409,2016-02-23,1.0
45985,1496,2016-02-23,1.0
2234,87983,2016-02-23,1.0
12120,56191,2016-02-23,1.0
88055,88055,2016-02-23,1.0
14094,19075,2016-02-23,1.0
19075,19075,2016-02-23,1.0
13694,26002,2016-02-23,1.0
24757,86480,2016-02-23,1.0
70808,66236,2016-02-23,1.0
33479,33479,2016-02-23,1.0
7666,88055,2016-02-23,1.0
36688,19075,2016-02-23,1.0
87966,11260,2016-02-23,1.0
70355,68830,2016-02-23,1.0
2642,37850,2016-02-23,1.0
86480,86480,2016-02-23,1.0
30516,44539,2016-02-23,1.0
70618,26002,2016-02-23,1.0
51164,50409,2016-02-23,1.0
21051,66236,2016-02-23,1.0
87973,52796,2016-02-23,1.0
1946,17064,2016-02-23,1.0
18739,24757,2016-02-23,1.0
20883,24965,2016-02-23,1.0
2622,87911,2016-02-23,1.0
11100,11100,2016-02-23,1.0
9652,44539,2016-02-23,1.0
9072,56191,2016-02-23,1.0
28104,38624,2016-02-23,1.0
41291,855,2016-02-23,1.0
70808,70808,2016-02-23,1.0
41139,3634,2016-02-23,1.0
2273,4517,2016-02-23,1.0
9025,9025,2016-02-23,1.0
76479,9025,2016-02-23,1.0
38624,38624,2016-02-23,1.0
4312,4312,2016-02-23,1.0
16537,85966,2016-02-23,1.0
12166,62172,2016-02-23,1.0
44539,44539,2016-02-23,1.0
1946,1946,2016-02-23,1.0
66236,66236,2016-02-23,1.0
48994,5690,2016-02-23,1.0
87983,1946,2016-02-23,1.0
41291,1946,2016-02-23,1.0
56191,56191,2016-02-23,1.0
87993,87993,2016-02-23,1.0
11100,18583,2016-02-23,1.0
18583,18583,2016-02-23,1.0
3684,27105,2016-02-23,1.0
1465,12219,2016-02-23,1.0
3684,14321,2016-02-23,1.0
84768,83593,2016-02-23,1.0
12120,83593,2016-02-23,1.0
7108,12219,2016-02-23,1.0
7410,18286,2016-02-23,1.0
5963,11100,2016-02-23,1.0
4177,49,2016-02-23,1.0
76479,76479,2016-02-23,1.0
7076,41291,2016-02-23,1.0
87806,87806,2016-02-23,1.0
7410,56624,2016-02-23,1.0
36720,18583,2016-02-23,1.0
1084,15314,2016-02-23,1.0
9072,41301,2016-02-23,1.0
43324,7410,2016-02-23,1.0
20598,11054,2016-02-23,1.0
3948,3948,2016-02-23,1.0
16046,41301,2016-02-23,1.0
36688,24309,2016-02-23,1.0
2926,41301,2016-02-23,1.0
70964,14037,2016-02-23,1.0
70146,80975,2016-02-23,1.0
763,46135,2016-02-23,1.0
11926,11926,2016-02-23,1.0
88011,10918,2016-02-23,1.0
82067,82067,2016-02-23,1.0
84768,38630,2016-02-23,1.0
9800,1465,2016-02-23,1.0
76839,13650,2016-02-23,1.0
1465,1465,2016-02-23,1.0
78465,2954,2016-02-23,1.0
17845,11877,2016-02-23,1.0
43054,49,2016-02-23,1.0
23291,88026,2016-02-23,1.0
7092,70808,2016-02-23,1.0
290,86257,2016-02-23,1.0
644,49,2016-02-23,1.0
2126,1946,2016-02-23,1.0
87994,2481,2016-02-23,1.0
87994,9317,2016-02-23,1.0
61149,85592,2016-02-23,1.0
3272,76513,2016-02-23,1.0
84768,82966,2016-02-23,1.0
21051,75246,2016-02-23,1.0
4614,28128,2016-02-23,1.0
24309,56191,2016-02-23,1.0
4614,56191,2016-02-23,1.0
44953,56191,2016-02-23,1.0
12166,56191,2016-02-23,1.0
56624,56624,2016-02-23,1.0
60732,43108,2016-02-23,1.0
48839,86577,2016-02-23,1.0
6936,437,2016-02-23,1.0
17773,87993,2016-02-23,1.0
85136,49,2016-02-23,1.0
9800,6101,2016-02-23,1.0
38468,76513,2016-02-23,1.0
88026,88026,2016-02-23,1.0
437,437,2016-02-23,1.0
13650,13650,2016-02-23,1.0
12643,39082,2016-02-23,1.0
81332,81332,2016-02-23,1.0
71105,27040,2016-02-23,1.0
88007,82067,2016-02-23,1.0
84768,3503,2016-02-23,1.0
8938,87993,2016-02-23,1.0
3684,1532,2016-02-23,1.0
23346,44539,2016-02-23,1.0
14830,11926,2016-02-23,1.0
70808,62172,2016-02-23,1.0
