0,1,2,3,4,5,6,7,8,9,10,11,12,13,14,15,16,17,18,19,20,21,22,23,24,25,26,27,28,29
1275.708,245.3668,176.7586,1268.7821,243.29398,176.9872,1269.3846,235.36725,178.22137,1264.876,242.94638,169.3756,1269.7599,240.3976,174.62694,1273.025,247.20985,176.65556,1561.9484,492.50742,350.6664,1554.4652,491.5999,343.03674,1666.7339,684.2035,485.46732,1843.4279,1803.7612,1263.4927
1287.9556,252.3923,170.92102,1277.8796,237.24399,169.13293,1281.7748,243.00455,167.07835,1284.0154,242.60962,166.68965,1286.3025,236.87047,168.09378,1282.9413,241.21017,172.47752,1575.1526,494.14838,351.64124,1567.6783,493.50607,356.78436,1674.2222,688.7857,485.1934,1865.0288,1807.7625,1266.7695
1239.45,219.03957,169.27826,1239.7487,227.4028,165.01236,1240.3533,227.98471,153.12555,1251.0485,220.02519,158.49205,1230.5929,233.72012,167.09662,1229.614,213.98813,158.7701,1526.7804,479.55447,340.81747,1521.7689,466.14658,335.31735,1642.5284,658.5056,467.29,1817.948,1801.5814,1251.567
1249.9283,229.44481,164.48402,1246.2457,230.829,169.21812,1242.4987,239.09732,167.00642,1251.9167,240.62875,166.75032,1242.4547,233.56303,163.59671,1249.017,227.83994,169.00262,1528.7758,478.6423,341.52426,1543.1749,479.88022,344.8268,1642.4122,665.62585,466.4444,1828.4065,1778.5864,1243.6753
1239.2903,239.23898,157.12004,1214.9435,248.0948,175.32011,1236.2708,202.79291,166.15,1239.5171,220.63776,165.23608,1169.7076,246.36053,170.19041,1241.8491,212.436,164.56763,1532.7234,492.1419,359.44272,1499.7789,479.0865,324.4622,1614.7921,655.47656,470.58084,1798.5431,1744.3822,1202.6005
1195.7347,215.3428,164.47025,1201.1376,226.8068,164.00194,1200.1931,229.51146,165.09024,1195.5487,226.06218,166.5444,1205.7897,230.94719,164.09291,1191.9949,228.29872,158.42772,1468.4237,464.45743,327.6518,1475.272,461.41135,326.2822,1578.4285,643.5576,458.28195,1753.1263,1692.3033,1177.649
1155.8307,209.2399,154.05783,1158.1509,214.86868,154.14476,1150.9902,219.61584,151.26094,1157.3174,219.52994,157.16788,1156.2677,218.40918,151.82497,1149.5359,209.29498,154.05669,1415.3663,446.90778,321.7153,1423.8776,448.80557,325.59473,1529.9342,620.7702,441.47168,1691.8295,1643.7195,1142.0947
1122.0372,200.13496,150.4133,1122.3322,208.39732,149.32796,1123.1832,211.78049,145.37625,1124.5369,208.97032,151.26453,1120.7458,211.3118,147.13333,1116.594,202.28882,146.6764,1377.3846,431.208,311.91122,1380.2457,431.97195,309.60263,1479.1233,602.98883,427.38748,1645.7719,1605.4965,1115.9856
1118.1627,202.71918,149.00537,1115.7399,205.63664,149.76685,1115.1183,207.55396,147.65138,1117.2963,209.12213,148.48935,1110.9309,210.03719,147.4858,1113.5365,203.43275,147.21959,1370.6343,428.18323,306.90268,1373.7877,426.64764,304.3348,1470.2328,595.05896,421.30057,1632.6603,1595.0684,1113.9521
1144.651,215.3378,155.66737,1141.2758,213.57231,154.90427,1139.6462,212.0392,155.97658,1140.5325,217.39285,153.24867,1135.1882,216.7356,153.02629,1141.7528,216.15181,154.78728,1403.7317,440.5029,311.63968,1403.2998,438.12833,310.43433,1500.5979,609.2193,431.6222,1661.8013,1612.8292,1128.7622
1151.8738,221.94345,158.30473,1152.5145,220.83287,162.43483,1154.7943,219.45485,162.97375,1147.5422,224.9095,165.4524,1149.5781,222.6083,159.83833,1149.7913,221.35469,162.00552,1412.889,449.66525,320.107,1408.397,450.86215,323.05145,1507.8024,626.18787,444.95697,1669.9696,1593.2422,1107.4891
1160.3047,227.1737,164.64656,1158.7771,228.61023,161.1799,1156.8131,221.36992,164.06172,1155.2566,224.55904,162.17134,1162.6388,224.11131,160.82411,1157.4364,229.52325,165.20525,1425.8663,456.05164,319.7139,1420.7502,457.03778,324.18088,1522.9241,629.94116,448.19818,1679.6461,1599.2014,1110.203
1159.597,233.51396,161.90402,1160.3203,230.31999,160.54445,1158.3245,227.0693,164.64009,1157.0658,230.70221,166.27144,1161.3594,225.96149,160.52011,1161.4618,231.09526,165.86194,1424.0026,458.98145,323.87207,1420.4564,462.80823,331.90674,1520.274,635.11536,451.44226,1680.3755,1584.3433,1099.0834
1166.6165,232.83147,158.06235,1163.264,230.45433,164.02107,1155.5796,221.40639,157.84412,1164.426,230.16386,164.06494,1162.7223,224.22887,153.4565,1162.1323,223.85884,167.70697,1429.1348,463.19333,324.3179,1421.3357,458.50946,326.4508,1526.5774,626.76056,447.68683,1687.6659,1609.272,1118.5792
1179.203,231.52061,160.9874,1175.009,230.67824,163.4257,1176.1414,223.87154,168.35547,1172.0078,229.64485,165.65033,1177.07,228.39735,161.60927,1179.5499,232.7785,164.90793,1445.9808,462.28717,325.91595,1443.8494,464.0456,327.43066,1541.3812,637.35785,453.2899,1709.5657,1623.4971,1129.9586
1181.1813,235.13339,163.2019,1181.2173,231.31117,162.83282,1177.8086,227.56573,167.50128,1176.5782,232.58507,166.82632,1181.3257,229.44737,163.45381,1181.612,233.73836,166.38898,1448.977,465.47684,327.77615,1446.8485,467.1637,334.12973,1549.7849,641.6153,457.11005,1710.7756,1621.4774,1127.6351
1193.4349,237.59363,165.9787,1191.8938,235.90195,165.7305,1190.9144,229.22797,169.36382,1187.7333,234.11823,167.77812,1193.5865,230.87733,165.88116,1193.7362,237.17816,168.29211,1465.8044,469.38544,331.4195,1459.702,470.903,333.7561,1562.3287,648.4997,461.79285,1727.2205,1637.2769,1139.0238
1215.1125,248.71509,169.91208,1213.6204,242.17946,169.68475,1212.4683,235.34982,176.07483,1208.6852,242.11752,173.58293,1214.2102,237.30914,170.58676,1217.8832,246.03732,174.74023,1491.8777,480.98447,337.4888,1485.2358,483.50323,344.1869,1588.4469,663.22095,471.97543,1753.9153,1649.4768,1147.0863
1242.3601,262.24585,176.12465,1240.297,253.84851,176.62985,1241.2931,242.28723,184.71815,1233.8724,250.6563,181.3611,1242.6656,245.51378,178.24432,1247.0004,258.23895,182.90149,1526.8734,496.5888,346.91748,1514.2999,499.63937,354.31894,1619.5767,683.28894,487.239,1786.866,1661.6609,1153.205
1273.5873,274.05743,181.7599,1269.0634,265.32556,183.95139,1271.5559,249.61183,192.91753,1263.9944,258.20428,187.26088,1275.5198,253.39249,185.30731,1279.4789,269.0014,191.2334,1565.544,513.0186,355.43784,1551.0504,515.62897,364.00177,1657.0735,702.3537,500.53024,1828.5936,1687.9846,1169.4026
1279.3058,269.41476,180.28075,1275.511,265.94467,182.85367,1274.4323,250.04155,189.9655,1268.8683,257.57343,186.14879,1285.6683,252.19963,183.55565,1282.125,266.27704,188.94153,1571.3562,513.5364,359.44894,1559.7645,517.8669,365.57852,1670.0043,703.8893,503.56622,1841.5292,1707.0632,1181.6521
1280.1008,260.2331,177.76009,1278.6793,258.99994,178.80725,1274.6188,249.3026,183.9708,1272.4556,254.89107,182.19838,1285.9797,249.11374,179.10362,1281.3616,259.31598,183.00655,1571.3143,508.1241,358.16083,1565.7122,511.69427,362.52243,1676.6929,698.875,499.3757,1851.1278,1737.8478,1206.6124
1267.3555,243.15181,171.06009,1265.3245,246.92334,174.08836,1261.7206,241.34596,174.48192,1261.3724,244.95627,174.48145,1270.0973,241.75294,172.73357,1264.1816,243.7173,173.30765,1553.9517,494.78305,353.54065,1552.7058,496.42206,351.90793,1664.0728,683.56177,487.97235,1842.0406,1761.2749,1225.6975
1256.3457,242.5312,170.46309,1257.6058,241.21016,171.44824,1253.2172,240.89893,172.86926,1253.7892,244.93095,175.68031,1255.8068,241.61345,170.4751,1254.5986,240.7171,172.95737,1540.1338,491.53055,349.7068,1540.565,492.96255,354.2627,1651.7395,679.6625,484.14844,1826.3029,1746.3077,1214.9469
1216.5281,231.37383,166.35632,1218.6649,236.38579,166.12454,1215.525,235.26974,165.67836,1215.494,235.58022,171.30266,1221.8898,233.74008,165.08228,1212.9633,231.45029,167.61293,1492.9197,476.96976,341.9175,1492.961,480.9495,346.0283,1602.9186,662.87915,472.64218,1773.3771,1693.861,1173.1307
1219.0023,232.77997,166.78864,1217.1498,234.68257,166.6961,1216.6421,231.8973,166.93681,1216.7373,234.01907,167.2971,1217.071,232.88875,165.37506,1217.0516,233.00296,166.98949,1496.5842,474.64035,337.19183,1494.6863,474.67322,337.25793,1599.4105,657.31476,466.57596,1773.2404,1703.2039,1185.8234
1194.202,224.29807,160.94211,1193.1908,228.20958,161.7972,1189.6392,227.61755,161.57874,1191.7655,229.23549,164.03528,1195.1764,227.02019,159.85197,1190.3037,224.45712,162.63107,1463.5544,464.18454,332.57297,1466.8041,467.31216,334.96094,1571.9546,644.3635,458.1664,1740.8105,1674.0254,1163.3384
1166.9532,216.92711,158.51395,1166.6885,222.2856,157.37453,1167.5798,222.28668,156.39519,1167.299,221.616,160.9179,1166.4005,222.719,155.75293,1163.6797,217.97258,157.28333,1432.8473,453.26703,325.2534,1433.0911,455.4098,325.83078,1534.996,631.38965,448.21356,1704.942,1643.6836,1140.9438
1119.9855,204.40465,150.01376,1119.8232,211.95409,150.35219,1119.4202,214.00356,148.2881,1121.3682,211.76358,153.6748,1121.3622,212.63593,148.56895,1115.6793,205.05238,149.79358,1373.5659,434.15536,313.53995,1378.361,437.77026,315.22894,1477.1652,605.8706,429.85913,1640.8689,1585.6179,1098.9333
1126.3578,214.37038,153.2183,1124.6521,213.81003,152.59317,1125.0214,213.05629,153.66382,1124.6812,215.9124,154.23228,1120.3759,215.12152,151.65295,1125.3484,213.68085,153.05727,1382.4886,436.86725,311.07562,1381.3475,437.1479,311.60382,1477.2455,606.3343,429.7417,1638.7646,1578.379,1100.2758
1170.3463,227.94426,160.3345,1164.923,224.05644,161.29105,1163.178,217.77094,164.4168,1162.34,225.64522,157.98782,1162.0892,222.75713,160.03004,1169.0995,228.07802,161.95392,1435.2614,453.4148,318.91916,1431.6093,451.36496,317.30066,1529.5548,624.5636,443.26974,1691.4209,1625.6438,1138.3838
1183.3242,223.8261,149.29846,1175.5028,228.43373,167.01042,1167.3563,215.3547,159.06215,1164.49,247.13971,175.25864,1153.847,227.22949,128.61603,1185.394,231.34654,165.95941,1443.6602,459.0295,325.359,1439.7622,455.11188,301.1753,1514.0256,614.2465,441.3714,1721.7319,1659.2687,1178.8994
1195.0015,232.86395,156.33379,1191.562,216.48952,158.24586,1189.4095,222.01457,169.18298,1192.7444,228.33698,169.53786,1186.2977,237.74687,155.35884,1193.9111,228.755,164.54578,1454.7175,472.899,321.13797,1468.7522,468.72952,343.40134,1569.1798,636.7968,452.331,1738.77,1663.2474,1156.5082
1205.6715,229.63266,170.37906,1204.5184,236.66714,168.81378,1202.37,227.66624,169.13492,1201.3187,231.53787,167.56477,1205.6099,232.37189,165.86053,1201.8936,235.34999,169.54236,1482.7612,471.80438,331.08517,1478.2183,469.86942,329.4707,1583.6364,649.9878,462.61765,1749.8109,1677.3685,1166.1768
1214.6055,236.91891,167.04755,1213.7828,234.8862,165.5076,1209.6622,232.20087,168.90115,1210.8857,236.94287,168.35805,1212.3296,233.60959,164.59555,1214.1437,236.79901,168.76015,1490.0547,475.0178,335.2477,1489.7343,476.17273,339.40778,1594.2887,655.59686,465.99252,1762.608,1684.02,1173.3561
1223.62,240.84554,169.52313,1221.642,239.47365,168.71616,1221.1381,234.76616,171.89018,1219.641,238.46608,171.03772,1222.6135,236.1161,168.38971,1223.5262,240.00627,171.74762,1502.4106,480.0945,339.0782,1498.6486,481.84674,342.8981,1603.2355,664.0561,471.65933,1774.2262,1688.113,1173.783
1235.3339,241.2367,170.57964,1231.8843,241.51985,170.0082,1230.1053,235.26237,172.77019,1229.7498,239.44412,170.22662,1234.4148,236.72975,169.2341,1234.0424,241.5695,172.49384,1516.3201,482.9378,341.43375,1513.2488,484.4951,343.0412,1618.9019,667.3877,474.27512,1790.8553,1709.0001,1189.7185
1218.3198,229.96518,165.16507,1216.1366,234.20325,165.30241,1214.2571,231.57639,165.6216,1215.1617,233.08751,166.68001,1218.7943,231.79608,163.80072,1214.937,230.94583,165.85545,1494.3771,473.62973,338.59045,1495.3259,476.11185,339.11047,1601.3046,657.12976,467.13394,1774.7623,1705.6262,1185.8899
1197.5922,226.80307,161.74774,1197.6691,228.36403,161.96274,1196.1482,228.58174,162.58102,1196.1224,230.42447,165.82896,1196.1606,229.061,161.16457,1195.3499,225.95306,162.5321,1468.8362,466.09808,334.0063,1469.7833,468.63156,336.3979,1574.8365,647.7292,460.52896,1745.2754,1676.1587,1165.188
1211.3716,236.5965,166.81488,1209.4125,234.21431,166.21419,1209.1609,230.524,169.37874,1207.1595,235.08902,168.07413,1207.3048,233.06097,166.11325,1211.237,235.79054,168.13332,1487.0883,473.0352,334.80164,1483.528,473.90585,337.06494,1586.8484,654.88007,465.04388,1756.5271,1678.0376,1169.0254
1235.1241,261.23276,169.63385,1223.2925,252.15283,187.83313,1232.836,228.37674,196.56638,1216.9391,247.80539,183.12228,1220.1362,247.04897,179.18594,1241.0516,260.18607,182.79965,1512.7463,479.46106,329.7364,1502.5652,473.3836,319.33533,1598.4844,650.5964,459.0977,1777.2205,1675.304,1171.5249
1232.2057,254.86348,176.01913,1241.1019,248.52008,173.3818,1232.9219,245.46542,177.68579,1233.5552,249.19583,182.02853,1239.8314,246.74136,175.01146,1235.2095,252.57785,178.70816,1514.9556,497.63074,342.5316,1509.1642,493.46384,355.40637,1622.1216,676.4983,484.47675,1783.6373,1669.1632,1157.0582
1220.2974,253.1681,172.37834,1220.658,252.77464,173.34622,1218.6189,241.72418,177.96053,1214.6873,246.05757,179.32924,1228.8076,240.5965,174.07431,1222.4629,249.9774,179.36427,1499.9541,490.04706,345.83502,1490.8663,495.8534,353.6083,1598.8975,675.4472,482.99414,1763.0973,1637.6252,1130.3644
1190.9579,245.9103,172.27477,1167.9739,264.17166,184.79712,1197.956,208.86603,179.00786,1192.1321,218.0454,174.32896,1147.0448,247.24332,180.96481,1195.0753,228.14958,182.20094,1482.5725,491.42303,344.65204,1440.7623,482.123,323.9937,1547.7202,656.4463,467.92227,1718.017,1605.2373,1086.4473
1193.4862,249.03294,171.58322,1196.2993,247.65002,173.86053,1198.9811,237.72147,181.44556,1187.2454,241.39847,178.69647,1205.5962,239.59673,175.27788,1198.8854,253.81793,175.2753,1468.6627,480.73224,331.1112,1458.7128,479.32553,336.10938,1557.1334,658.4094,470.2971,1723.9203,1595.122,1106.1134
1203.7761,246.39882,166.16864,1201.5914,242.49144,170.14015,1196.4083,232.87619,175.48917,1194.6321,240.37935,171.30414,1207.6835,234.56639,170.85768,1204.503,243.73709,173.56828,1475.5068,478.2334,335.69208,1471.4276,480.36417,341.3205,1576.7534,655.2147,468.50772,1736.2812,1628.4944,1131.7339
1229.6707,247.28207,170.79071,1227.2437,244.3147,171.70107,1226.4413,235.79903,176.67207,1221.6466,242.55345,173.32806,1229.4762,238.33267,171.7151,1230.912,247.34828,174.00848,1509.932,483.9865,340.91223,1502.6569,485.25308,342.15115,1606.7749,667.4404,475.6927,1776.7365,1679.3451,1169.9084
1242.3785,244.30952,170.50798,1238.5837,243.44316,172.18837,1236.7538,236.30096,176.08644,1234.6659,242.08192,172.45625,1241.7852,238.84605,171.54605,1241.4468,244.51772,174.07515,1523.6907,486.41473,343.74744,1520.876,488.22888,345.46124,1626.7876,671.2291,477.77112,1798.8136,1710.9844,1191.4679
1245.0867,242.26913,170.75609,1243.5066,241.94615,171.11542,1241.1353,237.4571,173.7746,1239.9187,242.05522,173.1569,1244.3671,239.27515,170.34007,1243.6631,242.20349,172.94594,1527.5217,486.98273,345.30426,1525.2596,488.65967,347.64267,1633.1549,673.318,479.28583,1806.2838,1723.5134,1199.5143
1247.265,238.19894,169.84666,1244.6344,239.83578,170.60352,1242.5483,236.04514,171.73627,1242.597,239.57089,170.48932,1245.7242,237.77437,169.43718,1244.537,238.92883,170.83498,1529.9175,485.02838,344.67725,1529.1279,485.57428,344.65082,1636.8662,670.98987,477.03348,1812.3143,1740.3141,1212.5488
1215.9094,219.87259,155.314,1212.7686,234.06816,161.24977,1182.7308,222.94928,156.46393,1201.62,240.45293,161.97891,1213.3424,222.58386,145.48358,1203.2325,222.69714,165.68404,1481.3699,467.1372,343.0989,1494.9333,477.01553,336.3828,1611.8301,639.4466,462.40128,1767.9574,1715.519,1197.8918
1229.8455,219.7719,167.33293,1224.8052,226.74019,163.58757,1234.5809,216.78267,163.32643,1221.039,222.0212,165.50462,1218.606,233.64699,159.3753,1220.9823,229.43816,157.53143,1512.7405,469.36273,336.595,1498.0017,464.60782,320.67947,1605.2805,652.6558,467.268,1790.1227,1753.491,1224.9519
1243.2268,223.19685,165.98645,1239.4486,226.11626,170.0098,1230.9705,226.73439,169.20634,1237.0392,234.09084,164.72726,1235.1149,233.27567,164.11272,1234.805,227.70013,168.23253,1518.9829,475.11615,334.56985,1530.3678,471.4088,335.38797,1638.1165,653.46643,463.07162,1808.6012,1771.107,1240.0565
1238.088,210.16296,164.7819,1236.0583,220.85289,162.38005,1231.3862,223.45119,156.02463,1237.2748,223.59142,157.08556,1231.0719,227.83452,157.84537,1226.66,217.7511,156.28552,1518.0249,466.85004,335.09018,1523.8364,460.83472,325.24622,1634.4657,647.97144,459.8189,1814.1506,1806.1156,1265.4681
1229.4988,206.0202,159.90656,1226.4927,214.07617,160.63664,1222.7411,222.0535,153.74895,1231.3358,222.28418,155.93234,1217.413,225.54768,154.59729,1219.159,209.97052,154.80412,1504.4823,461.50702,332.36813,1516.6078,456.6274,326.28873,1623.4274,642.0103,452.86627,1805.7415,1803.9785,1264.0588
1224.3988,203.27335,159.83688,1220.5256,212.4826,159.0202,1217.689,218.85788,152.2101,1225.059,219.09601,153.4323,1211.4253,223.62973,153.44711,1213.137,208.7816,152.63461,1499.2262,457.67236,330.30862,1509.3203,452.5171,321.53168,1616.0675,637.7366,450.183,1797.7222,1801.6255,1263.3805
1217.5138,204.70142,159.1142,1214.9275,211.65437,158.33264,1210.9097,218.91234,152.42085,1218.3359,220.2508,154.57088,1204.2933,223.4903,152.90704,1207.1514,208.85149,153.23622,1490.2808,456.6124,329.25473,1500.655,452.2971,323.14346,1607.493,636.01514,449.24182,1786.0298,1784.3464,1250.7598
1227.2914,202.36539,160.12898,1221.5436,211.91083,160.11076,1219.6072,216.67407,152.68495,1226.6816,217.7385,151.3989,1211.9971,223.0293,154.04208,1215.4634,208.87633,152.13628,1502.9719,456.69913,328.64944,1511.9092,449.2291,316.51,1617.4795,635.18304,447.9734,1800.3833,1811.2195,1272.8419
1267.1921,219.90366,167.4696,1261.5978,220.69676,166.39671,1256.7493,226.06602,163.21082,1265.2499,231.54533,159.60692,1248.0604,233.1773,160.49048,1258.7214,223.49481,163.0461,1550.5378,475.42642,337.12766,1560.0745,468.29547,332.04398,1666.8724,657.7643,463.12424,1849.539,1844.4718,1298.1609
1237.4197,208.6389,162.45193,1235.8945,218.69916,161.39049,1230.2437,224.48128,155.17374,1237.3401,224.78867,159.01698,1230.1329,227.56485,156.16641,1225.4481,213.63725,157.06314,1514.6672,466.4836,337.79828,1524.8943,464.66525,332.7717,1636.6915,650.5608,461.2376,1815.5192,1805.2894,1261.6042
1232.385,219.54832,165.4842,1232.713,222.09283,162.46678,1228.8369,228.88182,159.32397,1235.1165,229.94518,163.36865,1222.8644,231.2182,158.8043,1226.1051,220.80522,161.77493,1510.655,470.66718,336.11328,1517.3896,468.25073,337.1847,1625.6708,654.40094,462.42947,1802.9286,1772.8496,1238.2751
1226.554,223.79083,165.11757,1224.8834,227.22218,163.93762,1219.9128,229.22627,161.94757,1225.1505,231.37259,163.2261,1221.8143,230.0305,160.91602,1220.4645,225.01665,163.90903,1503.0063,470.87302,336.59564,1507.9757,470.76987,336.96774,1615.8384,653.8157,463.36282,1789.0764,1744.4479,1217.3209
1231.7028,231.14368,167.11334,1230.8046,231.15767,165.83516,1226.9359,231.0278,165.70424,1228.799,235.38664,166.96002,1226.0095,233.35658,163.6368,1227.681,231.3211,166.4453,1510.4033,475.70187,339.11053,1510.5687,475.4247,339.50116,1618.7252,659.52155,468.55887,1791.2888,1734.354,1210.5997
1268.6583,257.37332,173.98451,1259.9728,253.19345,190.9897,1271.7122,236.73344,188.89806,1263.1708,249.64386,187.56493,1254.0062,252.12874,173.9444,1271.4441,255.05539,184.46596,1556.0497,492.3608,336.5064,1545.2596,478.75058,325.01233,1643.5867,665.47943,466.6707,1842.069,1764.5454,1231.8068
1281.3358,253.36827,180.24078,1274.7483,248.47548,179.20543,1277.1848,241.00824,181.73837,1272.1036,246.8851,174.216,1275.8073,244.68263,177.6834,1280.4865,252.37811,181.39095,1570.6056,500.38174,354.73453,1559.983,500.5928,353.0535,1673.1167,695.63574,494.3676,1849.5928,1796.5166,1255.6617
1256.4615,247.83076,167.18747,1246.3448,236.88657,165.60149,1253.1251,241.77982,162.67375,1254.9264,236.84485,165.38837,1260.349,232.62064,164.76924,1251.4584,235.32997,169.63428,1538.4521,487.1063,349.34702,1529.6377,490.14175,357.5489,1635.4519,682.225,482.0513,1824.8921,1757.3806,1224.7955
1301.0892,250.84697,183.14525,1293.4418,246.26656,178.36256,1301.4507,237.49121,173.26411,1307.6365,235.99654,166.8004,1278.5581,249.84819,181.764,1299.0006,242.236,174.57764,1606.5238,508.4759,351.4234,1588.685,489.7344,345.50116,1704.4894,691.9462,489.5587,1888.4148,1849.3474,1292.8894
1324.9437,252.39807,175.12292,1315.2814,252.33412,183.27052,1310.0654,251.16403,184.24876,1318.3536,257.26074,176.31696,1317.8817,248.42438,177.46068,1323.4319,250.37321,183.87117,1619.6725,511.54114,362.8611,1630.3293,513.74286,365.85913,1736.2047,706.9043,499.0911,1926.0216,1856.5319,1299.5166
1358.5294,246.71289,183.45712,1348.0809,251.67358,179.84608,1350.6854,242.74413,179.36247,1350.0968,246.85599,172.61272,1344.466,252.94615,177.37912,1350.3658,252.22922,175.49832,1669.1044,517.2203,369.14545,1662.0583,512.04266,356.17117,1778.8319,716.5412,510.5529,1976.2551,1943.6,1363.5907
1425.3374,237.55383,170.52144,1380.2968,261.01596,202.1332,1403.1057,210.0121,178.8127,1423.9735,229.78085,159.92734,1328.1539,265.71475,184.61386,1416.1638,216.62451,174.98375,1756.2737,539.9094,388.63324,1736.2871,505.72275,327.40408,1856.6171,707.5867,501.28528,2082.5972,2128.4436,1491.729
1393.0221,189.07544,171.33801,1388.2963,216.93144,173.94887,1382.2133,232.2836,160.90703,1392.531,228.14449,157.47461,1376.9331,245.07925,163.46721,1368.8954,215.20772,149.93724,1701.2228,499.50186,362.67645,1731.2472,481.80478,334.56693,1852.087,694.9265,492.69247,2072.7708,2163.4563,1532.2845
1362.7424,176.20001,162.6699,1357.7284,197.7145,165.07452,1346.3766,223.42378,143.13493,1373.0526,219.33138,148.05809,1330.3263,233.8857,150.91924,1334.5693,186.37915,145.69315,1660.575,483.0819,355.80917,1696.4896,465.52338,337.00372,1822.5378,674.3188,473.60852,2033.464,2161.157,1528.2582
1384.9907,176.74861,168.59763,1374.0564,199.77869,167.91171,1370.6718,219.3451,145.02908,1391.5825,216.46254,143.91121,1344.28,234.22963,153.10838,1356.1527,191.78972,144.9273,1692.6925,483.55933,355.53433,1717.8182,461.15347,323.5492,1839.5247,677.8149,474.29404,2060.8608,2208.9324,1569.7368
1384.7837,172.8,164.85968,1374.4928,194.63954,166.18509,1367.2808,219.49942,143.49503,1392.342,217.0266,143.77336,1343.5315,233.26653,150.24199,1354.8463,186.19202,144.31485,1687.9906,481.95572,355.48273,1722.1781,461.76666,328.98145,1844.6714,675.8211,472.1701,2064.5513,2218.0332,1575.46
1386.3474,165.8254,164.7931,1375.887,191.0473,164.37585,1370.0017,217.52646,138.96425,1396.8815,212.11267,139.55243,1343.2728,231.32138,148.43181,1354.9382,180.9472,140.07497,1691.5477,478.6908,353.7769,1726.1936,455.5549,323.166,1848.7854,672.1256,468.46014,2072.9578,2245.4417,1596.3451
1362.61,172.31354,163.42807,1357.5516,190.6615,161.8545,1352.5027,219.74512,140.23668,1374.7522,215.56267,146.81032,1321.2787,232.8924,148.40903,1335.0386,182.21289,142.1537,1662.7819,477.4457,354.16998,1694.3334,459.69217,333.49362,1818.1829,673.488,470.92892,2034.3556,2177.6985,1542.2488
1309.1528,196.29167,168.06528,1313.8295,204.31845,161.80185,1310.251,229.8752,148.92625,1323.318,225.55595,162.55054,1282.7213,237.75778,154.85596,1291.7814,198.84091,153.69643,1602.7742,481.46198,352.47708,1621.6304,473.07886,351.57504,1745.3888,679.7574,478.60727,1941.157,1998.0634,1400.2626
1331.7723,222.6737,178.92413,1327.6461,229.07144,175.1222,1329.4412,234.6476,166.46158,1334.4473,235.36592,165.98431,1308.7246,244.50061,170.27509,1319.3878,227.11774,166.8901,1636.0385,497.72833,356.5599,1636.8868,486.34164,345.81036,1754.9321,694.7812,490.61423,1950.0443,1966.1007,1381.7097
1318.5138,225.22653,174.00578,1315.1409,231.80968,173.85748,1312.2346,237.10812,167.50111,1318.4133,238.65068,168.59264,1303.9602,243.48463,168.86052,1306.6447,228.09898,167.97801,1615.5422,497.67566,358.48474,1622.0118,492.32025,353.32394,1740.6913,693.4212,492.00284,1930.6227,1923.8911,1347.6145
1329.2754,213.5092,173.16072,1319.3677,228.75983,173.936,1320.3239,230.58208,163.24257,1328.1854,229.70079,159.33217,1310.8054,239.50587,166.31136,1313.5565,222.32483,161.92215,1629.8539,492.5305,355.1408,1636.7832,481.60614,336.8016,1751.7448,685.27856,484.38376,1953.239,1980.7728,1393.2938
1268.1953,192.2615,155.21342,1264.4381,207.26666,161.8368,1253.885,220.39076,141.04448,1277.0339,220.45096,155.1309,1248.1033,226.8224,143.62502,1246.4817,190.88492,152.25372,1546.625,471.44574,343.9268,1565.4606,460.3909,335.23376,1685.5502,649.51196,460.53214,1878.7437,1927.3201,1349.8641
1212.8413,186.43568,154.48238,1210.98,201.20084,153.13019,1213.7012,215.45367,143.56732,1221.3728,209.43904,152.31302,1196.299,222.08661,145.88757,1199.3806,192.67854,144.03517,1485.5576,450.73065,329.80103,1501.5686,446.14822,323.2267,1608.8162,633.8315,447.00015,1800.3049,1827.6635,1276.7378
1217.9473,198.04182,158.0576,1212.0754,205.78645,157.32709,1212.0815,213.70067,149.63924,1220.5143,213.33124,148.64981,1196.8267,221.6325,151.79356,1206.2877,202.51706,148.68341,1492.3514,452.4153,325.82413,1502.1316,443.44037,315.96265,1607.6627,630.5515,444.5591,1790.9335,1813.7002,1275.4802
1194.4711,192.89128,154.12842,1190.4746,203.25029,153.81873,1187.8677,211.29091,145.53218,1196.1561,210.42761,147.7947,1179.3634,217.01099,147.84686,1180.9906,197.61264,146.05205,1462.3511,444.79346,323.43008,1473.3065,439.4358,315.25528,1580.598,621.8699,440.33966,1758.1455,1775.3195,1245.0541
1194.0995,202.75208,158.0848,1190.5049,207.8644,155.41223,1189.3986,214.69872,149.97023,1196.9421,214.61208,151.27556,1177.7284,220.59578,150.52177,1184.6251,205.45856,151.09673,1464.0106,449.84125,322.36743,1471.2004,443.95914,318.63617,1575.9193,626.5406,442.5812,1751.9082,1752.2439,1228.1252
1204.1907,213.25827,160.64929,1199.3756,216.07072,159.67314,1197.8447,218.49614,156.52565,1203.052,221.02771,155.16698,1190.0848,224.01134,155.5717,1196.5453,214.92023,156.6235,1476.2893,457.39154,326.76138,1480.0873,453.10785,323.512,1584.8439,635.487,450.1061,1758.6097,1739.1636,1218.7301
1140.8613,217.90787,155.82362,1146.8923,216.44238,152.70343,1145.2732,223.02568,153.88272,1145.176,222.10822,164.67943,1140.7141,222.40378,153.13821,1138.932,213.29462,156.72621,1400.2882,449.6829,323.70685,1401.5488,455.30832,337.09842,1507.9502,629.0836,448.82416,1667.2173,1593.1566,1100.6913
1165.3654,235.3393,165.65831,1161.9324,232.80518,163.2324,1166.6182,224.24658,166.55556,1162.1887,226.61359,163.3063,1161.9161,227.01398,164.59264,1167.0864,233.4876,165.72707,1435.7303,460.76398,323.35986,1423.3132,459.97806,325.78836,1522.365,637.5123,453.34366,1685.7095,1597.7203,1110.9645
1166.533,237.50294,160.97644,1163.4121,233.406,162.74228,1160.8107,225.85895,167.80154,1159.0265,231.6993,164.98119,1167.2856,226.40295,163.0889,1167.2731,233.91594,166.83096,1431.2014,462.17126,327.09106,1425.94,466.27014,333.59482,1527.5952,638.1426,456.2045,1685.4888,1586.8397,1102.9949
1164.1335,237.96104,163.06218,1162.7334,234.70422,162.19151,1163.4073,227.00084,167.27252,1159.2251,230.62189,166.98592,1165.9122,228.16513,163.2215,1165.867,235.16177,166.51656,1431.198,463.58243,327.3285,1422.1968,466.9953,333.88608,1523.7767,640.83844,458.1593,1684.2672,1581.8436,1096.982
1166.5323,236.51721,161.55733,1163.1545,234.29076,163.53001,1163.5259,225.77954,167.73701,1160.2306,230.03513,165.12859,1167.4653,227.0877,163.97023,1167.5917,233.78885,166.0821,1432.8234,462.67105,326.9868,1425.5646,465.1981,331.2325,1526.23,638.57605,456.23672,1687.5942,1589.7666,1104.2843
1151.5913,226.39694,154.15025,1148.3965,226.06493,161.08289,1141.1753,218.1127,154.11821,1150.1166,225.39417,161.754,1147.792,221.41783,150.17137,1145.6547,217.46205,163.26192,1410.5109,457.59344,322.63773,1403.8905,453.41245,325.17346,1510.2051,620.41455,445.04715,1670.7034,1598.3586,1110.0588
1144.9929,228.64821,153.3289,1138.3624,225.9594,161.28574,1139.4198,225.82391,166.9082,1141.994,227.39003,163.85008,1147.5045,223.18837,157.90898,1147.7512,224.45479,166.09607,1399.2551,454.26578,318.36615,1409.5906,460.66083,333.62277,1499.2631,626.48926,442.21436,1666.2816,1566.4967,1084.7188
1207.4369,249.95776,169.6393,1201.3175,240.9119,168.6802,1202.5906,228.74513,176.31906,1196.6631,238.1029,167.92458,1200.3647,234.65274,169.81801,1210.2399,248.11778,172.11743,1484.3473,476.11636,332.56476,1470.7772,475.2942,333.64737,1571.5242,654.8897,467.56516,1736.0924,1639.4613,1146.7074
1186.147,235.59221,163.04388,1183.4111,236.32652,165.08694,1181.0889,228.86287,168.66504,1179.3544,232.6374,167.67862,1189.9637,229.8394,164.5512,1184.4006,234.1993,168.03746,1455.0588,469.35794,333.3587,1451.7479,473.85052,339.21683,1556.919,648.7292,464.328,1719.2103,1624.6221,1126.5089
1224.4902,251.81508,172.43636,1220.5999,244.57497,170.90463,1221.5619,236.00061,177.25429,1218.9065,241.95935,172.4713,1219.8033,239.4066,171.5501,1227.7842,248.81624,175.64334,1505.5944,485.5113,338.60544,1495.9451,485.35898,344.47928,1598.7513,667.9335,475.55026,1767.56,1667.779,1161.9908
1243.1664,262.49182,163.26216,1216.1887,265.77893,185.87244,1236.1619,213.2371,181.39973,1239.6112,233.69223,173.43506,1180.9219,253.3368,180.61095,1251.5769,232.61192,179.94368,1537.8253,507.68158,361.19144,1501.7966,495.4728,335.4767,1612.3367,669.1479,480.8695,1789.5665,1685.9099,1159.3402
1231.9312,247.99449,175.30925,1235.1287,250.3099,173.7576,1235.444,242.49928,182.90318,1224.9553,244.1094,179.3639,1244.3317,244.93456,176.74275,1234.755,257.2284,174.16444,1515.8325,491.70242,342.0833,1510.4089,491.98633,346.35513,1615.1826,677.0849,485.8447,1787.082,1672.9484,1162.3502
1269.977,266.52438,178.07909,1266.2596,256.72778,180.11435,1261.9098,246.62192,187.27023,1262.0958,255.598,181.35895,1267.782,249.49069,180.32222,1273.0547,260.397,186.84474,1558.3777,507.67957,352.57718,1551.2677,508.58737,363.60007,1660.7424,694.15686,495.56296,1827.7438,1710.9119,1190.3502
1271.7517,266.77292,180.00134,1269.9872,262.23727,179.73715,1270.1273,250.65425,186.99153,1264.2366,255.98288,185.69456,1277.0239,251.15404,180.93663,1274.9691,263.28397,186.3824,1563.6945,510.55453,359.03403,1551.7434,515.97876,368.23856,1662.3083,704.4447,504.38367,1834.7183,1705.2067,1180.5306
1263.6993,267.29855,178.58725,1261.808,262.3122,179.46007,1263.8796,252.14687,187.01784,1258.7805,255.36421,186.18481,1269.778,251.1876,181.40334,1268.9077,261.7846,186.58627,1553.8513,510.0115,357.95352,1543.7764,516.07367,370.1078,1651.8982,703.4165,502.33667,1825.7031,1689.2905,1166.7122
1315.0667,292.2384,183.17332,1294.3102,280.02707,204.61345,1309.2179,246.59077,220.6713,1287.249,268.6187,194.8164,1297.4967,266.07874,200.63936,1327.0554,290.81833,200.05122,1611.1731,515.8253,353.50974,1596.3866,512.438,340.99942,1690.8602,697.1628,492.87787,1878.7006,1740.2252,1219.1648
1269.2565,260.7564,178.38208,1278.8882,257.99023,176.64932,1269.596,254.56409,180.7474,1269.5048,256.1591,187.7025,1282.506,253.64563,179.18637,1270.5599,258.30725,180.89326,1560.0835,514.1109,359.732,1554.4653,513.8269,372.7217,1675.3916,702.3424,506.88934,1842.4492,1720.7946,1190.0844
1277.3591,264.79865,181.03864,1274.1094,263.65634,181.50182,1277.8356,251.18011,186.66087,1273.036,254.23126,185.19202,1279.7406,252.36066,182.00702,1281.2352,261.34824,186.42108,1572.6732,512.46606,359.8807,1560.3738,515.7459,366.23068,1669.1359,706.48065,504.0452,1847.5798,1724.0765,1192.5922
1289.226,265.26263,179.52313,1283.7349,261.99222,181.22122,1286.2081,250.11256,188.02153,1280.9619,255.26778,183.23438,1289.8885,252.10292,182.14174,1292.3595,262.65045,185.03853,1584.3757,512.7387,361.19943,1574.6636,516.4135,365.67566,1682.9595,707.2691,504.91745,1862.9088,1746.1835,1212.7207
1265.2979,254.1953,175.19762,1262.4795,254.7853,175.66397,1263.8679,247.04222,180.40073,1260.8811,248.63748,180.5546,1269.3068,247.10576,176.152,1266.2924,251.93253,179.6901,1554.5328,503.0761,356.93045,1549.1133,508.5807,364.0114,1658.71,696.4566,497.29785,1836.663,1728.1064,1195.9258
1282.3713,256.68002,177.5803,1276.3944,255.03076,178.1577,1279.2928,245.65685,182.56178,1276.6201,249.39584,178.09721,1279.1156,248.39824,178.15051,1283.8599,254.91315,180.31566,1576.2404,505.57904,356.42734,1568.4132,506.60257,358.34415,1675.8131,697.8449,496.81143,1857.8535,1762.0793,1226.2515
1318.489,267.26855,181.80652,1311.7915,260.56055,183.78555,1312.4065,250.57573,190.32687,1309.1846,258.84076,183.256,1311.6947,255.44885,183.624,1320.4586,264.33215,186.70122,1618.4579,519.10254,364.6445,1610.6287,519.71515,367.76202,1720.7717,714.6426,509.33002,1903.3491,1803.0524,1258.3702
1313.8921,259.7299,181.41255,1309.4216,259.7525,181.98138,1310.4729,251.48349,186.16852,1307.6129,254.9599,183.54637,1313.6208,254.37668,181.73695,1313.0844,258.96594,184.34343,1613.6466,517.80273,366.3608,1607.9215,520.31384,370.24982,1721.2324,715.8673,510.81232,1905.2865,1808.821,1256.6904
1327.9404,256.0173,180.41385,1321.6703,256.692,182.77913,1321.7952,249.16774,184.3845,1321.2074,253.75728,179.53288,1322.348,253.38841,181.44467,1325.4341,255.76747,181.53975,1629.9487,517.3134,366.86014,1625.505,515.901,364.66306,1739.278,713.9765,508.9372,1927.2064,1851.9055,1292.823
1301.2113,250.45862,175.65858,1300.5421,250.03343,177.08482,1297.449,248.89014,178.95479,1298.0684,252.00641,181.07852,1299.7217,250.26952,176.18677,1298.5956,247.93777,178.38246,1595.3628,509.82022,364.25052,1595.6826,512.5981,370.04272,1711.8448,706.50464,504.62445,1893.48,1812.0996,1259.8042
1306.7223,252.61049,179.95454,1303.0211,253.28015,179.68279,1305.2428,247.58537,181.17708,1303.1494,250.10223,179.65205,1302.2432,251.25716,178.93117,1304.9382,252.18481,179.6928,1606.0122,511.0856,362.2612,1599.618,510.27576,362.71167,1712.4451,707.6106,503.95648,1898.4293,1820.4546,1267.7026
1344.5459,261.4216,183.37074,1336.9143,258.40332,185.5244,1336.4568,250.66562,188.45436,1336.3805,257.7823,180.92126,1335.0273,256.39383,183.7243,1342.6926,260.68106,185.34468,1649.63,522.7728,368.22562,1645.0935,520.1196,367.06387,1758.32,720.0546,512.30096,1946.6259,1872.1921,1310.0513
1356.6049,261.17886,184.5559,1351.9719,259.67053,185.6626,1349.3876,254.18617,187.93207,1349.6838,260.21536,184.34175,1350.4122,259.0546,183.88786,1353.0878,260.68567,186.01364,1663.8759,528.22455,374.09543,1660.9363,527.2531,375.20444,1779.2499,729.0719,520.1313,1967.5989,1892.7283,1321.5853
1358.1873,257.08615,184.91356,1354.329,259.02878,185.52762,1353.032,254.48047,185.59818,1353.6886,258.01663,183.92096,1352.9525,258.8144,183.42188,1353.5127,257.51828,184.53218,1667.0319,528.0033,375.01135,1664.1232,526.25696,374.55927,1783.481,730.0489,520.4964,1974.748,1906.8378,1329.9532
1358.2404,257.053,184.30405,1354.8488,257.94226,185.18411,1353.6028,255.15283,185.31108,1354.8307,258.5098,184.29222,1352.0431,259.00308,183.14581,1354.1753,256.4709,184.4036,1666.6677,527.95166,375.19147,1665.0647,526.4544,376.0657,1784.02,730.4332,520.2234,1975.9264,1908.3815,1330.9749
1331.9506,249.59084,180.2445,1330.1279,253.30934,180.70963,1329.9995,251.91364,180.1278,1330.2206,252.79417,182.27458,1328.9447,254.33289,179.17091,1327.3613,249.29393,179.71295,1634.8485,518.3321,371.11035,1633.9767,519.1237,372.63898,1752.323,720.1021,513.3239,1942.4697,1874.526,1303.7383
1342.5966,253.7661,182.72372,1337.6309,254.95526,183.11305,1338.8464,251.17407,183.3376,1339.2445,254.06084,180.80084,1334.4768,255.63287,181.25682,1339.2188,253.7729,181.77678,1648.5941,520.72437,369.59937,1645.5653,518.4345,368.423,1760.8776,720.9138,512.4619,1953.1385,1889.2675,1318.6687
1322.8385,245.92664,177.79547,1319.2543,249.91248,179.05013,1318.2483,248.18205,178.35513,1319.7599,249.94577,178.68056,1318.3774,250.97829,176.74464,1317.4899,246.1638,177.65448,1622.4479,512.5169,367.0032,1623.4092,513.0616,367.2567,1739.9191,711.5113,506.82095,1928.8694,1867.5477,1300.8699
1301.1415,234.6096,174.37277,1297.2289,242.26581,174.81569,1299.0996,241.44208,171.48051,1300.4685,240.66078,172.77443,1294.7926,245.27065,172.02554,1294.3008,236.68065,170.65843,1597.4161,500.6537,359.65585,1597.7737,498.72357,355.43518,1712.1044,696.4282,495.28806,1903.1465,1859.3804,1295.94
1284.256,226.28235,169.94014,1278.6617,234.2979,171.14836,1280.2327,235.745,167.08032,1284.2383,234.84831,167.07904,1274.4365,239.91919,167.26079,1276.6433,228.70361,166.15111,1575.077,490.1696,352.27777,1579.8802,487.37836,347.36838,1690.753,681.97034,483.384,1881.7155,1852.6056,1293.6484
1261.7987,226.15001,155.92297,1234.8806,242.27367,177.99397,1258.2401,203.05228,162.45612,1268.1326,215.79596,161.15692,1187.3107,246.60667,168.7589,1260.4727,201.2965,161.46237,1559.2065,494.13922,360.92648,1535.6198,475.5575,323.12204,1650.074,658.336,469.7223,1847.1538,1830.891,1265.692
1251.8052,214.56532,168.2762,1251.8503,225.41653,167.81047,1253.0757,228.88348,167.17896,1250.2322,227.27235,163.60799,1247.6066,236.50487,166.26804,1244.9321,229.03186,157.4708,1536.8695,475.7556,336.56177,1544.105,466.8293,327.2413,1650.1045,659.47986,469.0756,1837.4686,1815.7859,1274.1329
1279.8713,228.56497,170.01295,1274.8568,228.84361,171.2826,1268.7847,231.0127,168.46538,1276.9883,236.6466,164.38536,1263.713,238.42935,166.71048,1271.3572,229.36455,167.99995,1566.77,486.9926,345.00375,1573.4186,480.0959,343.19437,1686.1523,671.46625,476.3245,1864.7418,1843.9695,1294.659
1260.9434,218.56627,168.46765,1259.4517,228.87825,171.9587,1262.298,231.65045,164.74805,1260.536,231.67737,169.52496,1254.5962,236.14804,165.74673,1250.3418,222.57397,165.0766,1546.8246,480.9721,347.79605,1547.8468,478.26544,342.56906,1660.1967,673.5721,478.67117,1846.4294,1817.8143,1266.974
1291.294,228.84702,175.27672,1283.7487,234.401,173.3988,1282.7577,231.94643,170.24481,1287.6923,234.83379,164.7839,1277.5763,240.23776,168.71196,1281.6957,233.91348,169.82498,1584.474,490.88837,347.08276,1585.9961,483.9188,341.18164,1697.693,679.03656,481.0769,1882.096,1861.9927,1305.2593
1300.3075,233.42726,173.25398,1295.417,236.02855,173.18483,1291.9369,237.78465,170.94817,1297.8359,241.52072,169.30873,1287.5378,242.81337,168.45175,1292.8761,235.191,170.861,1593.215,496.0716,353.8588,1598.3413,492.71878,351.78082,1711.2148,687.77313,487.89438,1897.4855,1866.8533,1307.6456
1311.33,241.88179,177.27452,1306.9772,242.66544,176.19109,1306.0643,242.04045,175.52327,1308.7848,245.60358,174.13408,1299.7686,247.76514,173.12663,1305.7948,242.47452,175.02666,1608.8192,504.57297,358.7245,1608.9407,501.63284,358.0403,1722.9968,699.3098,496.6973,1909.9164,1864.1443,1303.2017
1271.7638,243.21599,177.33357,1265.0621,241.4226,174.76895,1267.3411,238.14888,175.23126,1263.072,240.28542,168.70598,1269.1017,238.5081,174.20691,1268.3722,245.064,174.86304,1558.5283,490.36368,350.34082,1553.5023,491.32397,345.21756,1665.8063,685.1364,485.47617,1842.6283,1811.6472,1267.8308
1260.0813,239.94458,164.98083,1251.1383,226.91487,161.0283,1254.4907,241.1849,156.54247,1261.6583,234.43935,159.61371,1261.8425,227.942,160.41202,1254.1005,228.58308,164.33278,1540.8868,479.87625,345.01114,1543.0828,482.20795,352.89804,1647.4113,674.3717,472.8563,1838.1791,1801.487,1261.4541
1244.8497,223.99033,161.8857,1222.8748,235.69505,172.15042,1245.7936,203.99248,151.66226,1262.0919,205.58531,151.4416,1177.5763,240.83583,170.61649,1241.7651,196.559,156.55475,1545.1288,487.90662,349.89886,1517.9796,460.6699,315.6064,1637.7947,648.06494,459.13147,1825.6198,1834.6332,1268.9073
1277.3228,233.33174,174.40129,1283.9147,233.55699,184.30891,1292.8209,254.22423,173.97522,1284.3864,260.9709,192.1266,1262.3433,251.03307,154.59203,1287.1313,248.66818,176.19318,1567.2162,494.6636,335.3277,1574.6512,476.39185,326.1532,1641.4806,674.3834,469.78647,1885.3219,1840.5991,1307.4941
1263.9131,231.61101,162.1762,1257.5756,221.74657,161.1516,1247.4296,227.0112,164.18257,1260.1316,230.90549,164.5958,1254.9963,239.19897,159.55173,1252.134,225.62227,165.07703,1538.8446,489.06647,342.5315,1555.8693,486.33142,357.33948,1675.5916,663.95593,474.14606,1843.8225,1812.6033,1263.0634
1273.6293,220.42482,175.24727,1271.152,233.32053,170.81384,1272.06,234.82811,163.85019,1276.1945,232.32541,165.88152,1267.1282,236.4967,164.46579,1264.9849,229.77553,166.29034,1567.109,483.78214,344.58356,1571.3591,478.81223,335.45288,1680.0626,673.9672,475.4701,1869.1141,1854.1575,1295.811
1277.0632,224.6332,167.42744,1272.8445,225.83342,166.00647,1269.2147,233.89507,163.8705,1276.451,234.91866,163.21791,1265.5425,235.42671,163.13406,1269.893,226.78726,163.12068,1563.4248,482.30496,346.15424,1576.6255,480.7964,344.10544,1686.0621,671.5138,474.07166,1870.9872,1856.3612,1301.8075
1315.9525,230.29063,175.3498,1309.3478,232.39415,173.28073,1309.1039,236.16003,169.58788,1313.0205,238.56667,165.30421,1300.3931,241.25052,170.00511,1307.274,234.95035,167.6551,1613.9596,493.97076,352.79648,1620.0245,487.86215,343.58798,1731.6056,687.43524,485.06448,1922.5089,1917.8535,1348.9498
1302.1176,220.89334,170.54742,1299.0332,227.29018,169.1501,1294.1002,236.13972,163.63176,1301.696,235.99495,165.0417,1292.6368,237.8013,164.98535,1290.4269,225.42258,164.29778,1594.0078,488.70996,353.2535,1608.1677,486.84143,348.85025,1723.8077,682.79193,482.885,1911.1127,1909.9231,1338.2169
1288.2375,216.91032,170.2278,1286.7988,223.8953,166.45279,1286.4153,234.26068,159.9714,1291.6172,231.4296,164.02429,1277.1104,236.32042,163.18304,1277.7667,221.60416,160.60431,1580.2358,483.36945,349.8859,1590.6953,480.04657,343.978,1704.4781,677.78674,478.46893,1894.8413,1897.8849,1328.7788
1278.9578,216.93881,168.82521,1275.7319,223.15202,166.28693,1275.9889,232.89345,160.67465,1281.6143,230.46587,162.7647,1267.1925,234.6449,162.92337,1269.3999,220.88925,161.11528,1568.1124,480.14862,346.77014,1579.8505,477.6193,342.0959,1690.6431,673.02094,474.05573,1879.8481,1879.3003,1315.6365
1306.0056,221.22493,172.15173,1299.4965,226.1883,170.1401,1299.105,231.7741,164.4362,1304.1202,233.11217,161.23132,1288.911,237.15448,166.35011,1295.236,226.85214,162.65097,1601.3634,486.2334,349.83362,1609.6062,479.74765,338.1321,1721.6013,678.68054,478.67224,1912.8607,1923.725,1353.7618
1303.958,213.90503,169.63643,1299.4688,221.8977,168.03737,1296.3845,231.55087,160.57236,1304.0952,231.17688,160.85123,1289.376,235.67041,163.00897,1290.5729,220.25726,160.24904,1596.7461,483.94003,350.29462,1610.9222,478.74228,340.80777,1725.5736,676.78564,477.60947,1916.7657,1936.6644,1360.71
1287.2576,210.35419,156.08075,1260.5076,230.97073,175.34483,1280.7715,198.86696,153.6652,1296.6746,209.6435,153.7543,1206.7479,242.8799,164.1444,1279.2003,189.54971,154.56595,1589.5518,489.80417,360.88965,1575.2736,467.1959,315.62415,1694.4913,654.87805,464.61502,1896.1808,1937.308,1346.5125
1289.5668,206.09007,170.61383,1291.883,216.04282,166.3079,1289.6742,230.79198,162.36264,1291.7375,227.57791,160.66273,1280.2212,236.71016,164.08838,1278.7972,223.40761,153.81628,1581.4543,477.58987,339.66867,1599.6018,466.1557,328.1568,1709.317,666.0408,470.21603,1902.7178,1928.013,1359.8749
1297.9978,211.6011,169.2722,1298.0308,218.50798,174.1958,1296.7239,231.86081,163.54112,1298.6287,233.88814,168.16762,1284.0735,236.6588,166.62598,1283.0695,216.27962,163.95413,1587.9924,482.7247,350.48386,1600.6464,476.86066,343.9803,1717.0985,678.58167,478.97873,1905.0347,1919.9377,1346.538
1343.4409,229.12425,184.83519,1338.9479,234.72119,176.33789,1334.071,238.57306,171.15924,1341.3175,240.257,167.15573,1329.9437,245.2667,171.79016,1329.4441,238.62163,173.22852,1649.1461,502.8566,355.38873,1655.9456,494.74173,348.9397,1775.1776,699.295,493.5012,1961.6423,1971.902,1385.8641
1363.6802,233.60509,181.73343,1359.2657,237.92627,177.83482,1356.5414,246.63464,172.34714,1364.4097,247.0786,171.87222,1349.1775,249.26399,172.63004,1353.2937,238.93149,173.64998,1671.7704,511.01096,365.6417,1683.2493,506.14844,360.05298,1800.099,713.1509,502.07062,1998.595,2001.0344,1405.1906
1355.3123,239.52127,180.90973,1353.9844,240.91537,177.30464,1353.254,250.28717,174.52861,1357.0226,250.05524,177.88963,1344.0537,252.25911,175.04884,1347.7751,241.18692,175.12994,1661.9396,514.2762,370.03885,1671.2339,513.75073,370.15463,1789.8939,719.86206,508.44525,1985.5446,1963.6766,1372.6833
1344.1783,243.38501,182.46782,1343.3771,245.65273,178.12909,1343.6097,251.6999,176.09508,1345.6796,250.32718,178.96742,1337.5695,252.24037,177.37167,1338.1326,245.10199,176.91364,1650.5659,514.56915,369.0086,1655.8785,514.70703,369.66232,1773.9825,719.56793,508.94028,1966.3912,1929.0181,1345.6052
1317.0219,243.95978,178.99603,1318.2678,245.16063,175.43169,1317.659,251.09529,174.5272,1318.5605,249.6781,179.69011,1314.7518,249.30219,175.55276,1312.7247,243.76897,175.81076,1617.0785,508.57864,365.84335,1621.5886,511.70612,369.71808,1738.701,711.7427,504.6374,1925.5824,1871.3798,1301.9772
1316.8202,257.3785,183.32172,1317.2972,252.89308,178.82043,1319.4458,255.08391,181.84883,1317.2026,255.36363,184.44289,1314.5922,253.63446,180.45416,1317.3619,255.1431,182.53497,1618.9807,515.10614,365.71472,1617.6361,518.53156,373.33154,1731.0615,718.33844,508.7138,1916.1085,1835.659,1275.8937
1299.0974,263.4449,182.47273,1300.6941,258.2443,178.85796,1300.9136,257.47974,184.2266,1297.4352,258.10986,187.37213,1304.4915,253.14891,181.95496,1301.3496,259.46387,185.57652,1596.913,515.23004,365.902,1594.2197,523.09314,378.22964,1708.0349,717.8898,510.30472,1885.4548,1777.3663,1230.0833
1282.4772,267.6284,181.99327,1284.412,261.4675,178.4907,1285.4688,257.36728,184.93355,1279.9863,258.24652,188.19627,1290.9408,252.3084,182.5417,1286.7366,262.52087,186.23088,1578.0245,513.5648,363.86337,1570.7971,522.12396,376.50558,1683.3022,714.09705,508.78006,1857.3308,1732.5562,1196.7914
1234.7467,263.32187,163.21484,1213.2593,268.247,183.37004,1234.7024,220.61485,180.70401,1234.6019,234.8206,177.53499,1183.3934,253.6448,184.56528,1245.5425,232.82567,178.5442,1529.4716,507.98987,366.84796,1497.89,503.56235,345.9409,1611.2411,677.2923,486.5812,1784.9015,1665.096,1136.1614
1205.326,249.44435,172.33922,1212.6306,248.27702,171.03934,1215.9196,244.88377,179.71893,1201.965,243.17834,181.01074,1223.5739,241.67693,177.33842,1211.4652,254.94374,171.59161,1484.8984,485.1307,339.6409,1478.9325,488.1063,346.46704,1581.9739,671.4166,480.886,1750.7041,1624.0072,1124.1533
1202.3658,253.80571,167.65607,1202.08,245.70264,171.31699,1199.1857,238.84178,177.0963,1196.0077,244.1721,176.35902,1209.0757,236.83514,173.80333,1205.3893,246.60213,177.01997,1475.3525,483.18997,339.95804,1470.966,488.6732,351.89685,1577.6088,664.6219,474.99536,1734.8008,1613.4836,1116.4995
1200.6073,252.212,170.20697,1201.6965,246.45589,168.92899,1201.0563,238.55185,175.16109,1194.2134,242.38066,175.88919,1209.249,236.234,172.00293,1203.6991,249.14546,174.51901,1476.7247,481.11786,339.5221,1467.3004,486.89258,347.5389,1573.3596,665.2113,476.0656,1733.6216,1614.7084,1118.136
1171.9902,228.37067,177.07344,1172.9573,241.46585,168.80432,1180.0712,234.34053,166.73141,1173.5624,225.46725,172.90332,1194.165,228.97621,166.11424,1165.6472,235.82745,175.79219,1447.3292,468.59747,326.93884,1438.0975,474.15375,338.0759,1542.1503,655.8578,464.34647,1706.0433,1609.644,1101.3188
1214.0287,247.32457,169.79233,1211.013,239.76291,168.26694,1208.6859,235.80328,173.01424,1207.9225,241.29318,169.21576,1213.5128,233.0467,168.28188,1216.2516,245.19336,173.24449,1490.9768,476.83786,334.8635,1487.7043,479.49533,340.2198,1588.7637,659.36,467.66223,1754.5503,1665.2444,1162.5284
1208.71,239.21318,165.21169,1207.4891,235.47258,165.1866,1204.4323,234.03473,168.57079,1203.284,236.7268,168.2091,1212.5219,231.31688,166.62558,1207.7156,237.15155,167.85104,1482.4276,473.8383,337.4661,1482.989,478.42346,343.0202,1589.0536,657.34985,468.41092,1754.1777,1671.2058,1162.9104
1249.704,250.54816,174.73552,1246.4202,243.4029,172.10356,1246.7927,239.91727,176.95297,1244.4664,244.27692,172.92455,1246.7128,240.16446,173.14601,1251.0791,249.34581,175.73465,1535.5972,489.20496,343.3382,1531.7522,490.1654,347.70868,1636.3292,676.9277,479.89957,1808.7032,1726.231,1204.955
1239.2391,247.9831,171.55008,1239.4984,243.83138,169.79117,1234.3235,242.31299,174.2179,1234.2163,245.51299,175.15892,1244.6747,238.56903,171.04282,1238.6118,245.55772,175.45532,1520.2097,488.41504,347.0836,1521.3013,495.23383,356.84927,1631.39,677.8331,483.0959,1796.989,1703.5275,1182.7437
1226.4208,245.78468,172.64136,1227.603,243.81955,167.90382,1228.1355,242.08382,171.54826,1225.4576,241.43898,175.0556,1232.4348,237.99524,169.77934,1227.5586,244.26877,173.28459,1508.7858,485.306,344.42725,1505.1534,491.20297,352.71027,1612.2972,675.4853,480.32477,1782.711,1687.5327,1168.7806
1231.3279,249.07773,171.95276,1228.9224,245.04016,170.14236,1230.9727,241.76094,174.97926,1228.218,242.79251,174.28386,1234.1547,238.43536,171.89165,1233.9595,246.39876,175.01486,1513.493,486.34094,343.9981,1510.7975,491.8652,351.43936,1614.2517,675.56744,479.0471,1786.6324,1689.1462,1172.199
1238.7745,252.52768,172.77403,1236.5115,246.6699,170.84683,1237.4686,242.61325,177.02646,1233.7842,245.31273,175.61607,1241.2247,240.13159,173.26263,1241.6094,249.64102,176.12877,1522.0944,489.4529,346.35098,1518.6292,495.46976,353.9606,1623.5208,679.47235,482.80298,1794.5146,1693.48,1176.1846
1226.7072,249.3478,167.73116,1225.702,243.77135,171.09663,1217.8108,239.03613,166.09348,1227.4244,245.11058,176.23582,1227.0614,237.31235,161.70659,1223.6213,237.91466,178.28476,1503.7046,490.74063,344.31342,1499.0591,490.29254,354.03806,1610.9418,667.52716,476.40897,1778.5211,1688.2148,1169.4073
1234.1061,253.85446,172.75943,1231.7148,248.35358,171.85065,1236.0491,242.63689,180.15492,1228.625,245.88234,179.52214,1236.8909,242.6693,173.19994,1238.7048,252.4874,177.53705,1516.7059,490.7796,345.62076,1512.531,497.57623,354.32602,1614.1925,680.315,483.5127,1788.1917,1675.4386,1160.9701
1229.9501,256.55637,173.79309,1230.0637,249.56145,171.4791,1231.2792,244.62181,179.50195,1225.5033,246.99117,179.30447,1236.0042,242.22475,175.33182,1234.5614,253.18564,178.20483,1512.2628,491.5427,346.10812,1507.0963,498.39938,357.43274,1612.5431,681.06976,485.01047,1779.7458,1661.7812,1150.429
1217.9459,250.19165,170.97733,1217.8073,247.01193,169.41727,1217.9199,241.83281,174.76617,1213.5981,242.88583,175.30817,1226.2759,237.4552,172.60931,1220.5437,247.50145,174.54205,1497.4839,484.84323,343.89377,1492.7493,491.8241,351.98056,1598.7029,672.9903,479.71512,1765.0848,1655.117,1145.8916
1204.3499,245.42357,168.032,1204.5054,241.75502,166.13339,1205.3373,238.5961,171.21202,1201.2002,239.25482,172.8828,1210.7772,234.4539,169.08598,1207.0303,242.4525,170.91096,1480.5328,478.0603,339.88223,1476.784,484.9074,347.86386,1581.057,664.60474,473.26312,1747.7883,1644.1598,1138.8931
1236.1251,257.26395,173.83794,1233.4165,247.88196,172.36212,1235.0103,241.65065,179.75829,1229.5472,246.6608,175.85474,1236.2433,240.83826,175.46939,1240.6847,253.64552,177.50719,1519.6766,489.7144,344.0692,1512.4028,493.5365,350.70462,1615.8157,677.47375,481.57156,1784.4994,1677.9622,1167.9261
1276.0741,245.11522,205.09984,1277.707,266.04877,174.0036,1225.829,248.9145,172.63889,1264.0918,229.3394,145.70372,1321.041,230.01935,218.63655,1241.3405,233.49959,195.5048,1569.445,505.8968,368.27335,1584.9899,528.09827,408.67474,1774.2675,709.6398,514.90497,1824.6112,1762.5306,1191.3448
1241.5359,242.99963,197.12302,1259.43,259.11795,168.12979,1276.4015,262.90305,159.04959,1256.0254,248.41226,185.52406,1257.9403,235.49483,169.74008,1246.0432,251.56412,174.61267,1555.0793,483.306,362.5386,1515.9115,499.02124,352.9826,1623.5652,716.2536,504.82202,1816.4756,1725.3363,1189.6431
1211.1215,252.83284,156.86302,1196.668,240.75334,170.60735,1203.3295,242.6194,175.79056,1208.0892,240.15417,168.65929,1214.4121,231.95749,174.12056,1216.649,233.72966,176.43584,1477.2657,480.89166,342.46384,1489.3564,493.0037,362.40222,1582.9592,667.2672,467.21478,1758.327,1642.891,1134.2179
1194.2507,240.97736,166.44124,1195.1682,239.2385,162.77022,1197.9535,234.23787,167.23164,1188.2598,235.66786,170.6746,1200.7354,230.50568,166.54843,1195.5302,240.02318,165.55927,1470.085,470.4199,340.0839,1459.8463,479.0176,341.30115,1565.4056,659.8579,472.07065,1732.0793,1633.9445,1133.3683
1189.301,242.15567,165.12596,1188.4132,236.47652,164.53369,1188.0703,233.72949,169.85439,1185.3997,236.19392,169.73122,1192.5593,231.18929,166.83203,1191.6799,238.38489,169.34007,1460.4669,471.10254,333.4618,1458.6726,476.67422,342.32935,1561.1006,653.0286,464.48877,1723.8673,1625.5876,1127.8717
1205.5437,254.67131,171.89893,1205.3075,245.16058,168.13556,1205.3287,237.68294,175.93524,1199.2874,243.04169,175.42317,1208.5015,237.12444,171.14023,1209.6351,250.54494,175.8435,1483.0826,481.73703,338.3525,1472.9971,487.2338,347.97382,1577.6594,666.1317,475.30524,1738.1156,1623.042,1125.8491
1202.0582,250.84023,170.92117,1201.1329,246.99318,169.18217,1201.1727,239.2738,175.37111,1196.593,241.53584,174.929,1210.9888,235.77165,171.46132,1204.9924,248.32333,176.02711,1478.2866,481.1308,338.6804,1471.9268,488.08807,348.3939,1575.816,665.87415,474.61227,1737.9653,1620.7997,1120.9032
1195.6022,253.49484,168.46886,1195.5662,245.90688,169.02303,1197.5807,240.4293,175.60583,1192.2023,242.7394,176.88246,1202.6235,236.61853,171.87988,1201.2147,247.11037,175.76176,1469.8356,481.13693,338.81406,1463.3387,488.05725,350.9466,1565.4712,665.4273,473.78696,1729.0422,1603.9833,1108.1985
1200.761,255.56802,170.10146,1198.7126,248.37167,170.2987,1200.7695,239.7528,177.53036,1194.9469,242.74538,175.65547,1208.025,236.91295,173.60764,1205.9391,250.47171,176.80649,1476.5887,482.64618,338.66876,1468.3625,488.7213,348.657,1570.326,666.1832,474.60706,1733.2264,1608.0609,1112.536
1218.254,259.96582,172.48799,1214.8375,251.55855,172.78181,1215.6023,240.88716,180.36449,1210.3213,246.253,177.04456,1223.3975,239.71213,175.11287,1222.8494,254.88016,179.772,1497.486,488.8601,342.10675,1488.1998,494.18112,351.08383,1591.6493,672.8535,479.8004,1755.0607,1630.6409,1130.1836
1209.653,252.70679,169.65027,1208.6307,247.93271,169.71454,1206.7368,239.40918,175.81679,1202.4689,243.48419,175.6295,1218.155,236.90025,171.70018,1211.9757,249.16866,175.77295,1486.047,484.10535,341.8662,1479.7917,490.84265,350.3381,1586.0269,668.0757,477.81186,1747.8519,1630.191,1128.565
1215.6686,255.9014,171.73903,1215.3191,248.22197,170.41492,1215.3993,241.4549,177.59071,1210.3037,245.3813,177.35341,1221.3296,239.34515,173.03674,1220.1477,251.73082,177.10161,1494.5854,486.8189,342.05997,1487.404,492.49368,351.98096,1591.9049,672.1722,479.36624,1756.2688,1637.3983,1134.5652
1213.5422,256.1982,171.02469,1212.2919,249.54988,171.27054,1212.9996,241.52783,178.40732,1207.2646,245.3341,177.81712,1220.6407,239.06476,173.921,1217.8423,251.533,177.85031,1491.5244,486.86,342.9224,1484.4061,493.83264,353.00433,1588.7742,672.6663,479.90472,1752.682,1629.0013,1126.9977
1212.2617,258.14346,171.91357,1210.3513,251.19325,172.04907,1213.7212,243.82304,179.77037,1208.2278,245.6484,178.93779,1219.8243,240.30943,174.93347,1218.5635,252.77686,179.52988,1490.7902,488.49774,342.20203,1484.3323,495.58154,354.64896,1585.5709,674.7276,479.5852,1752.529,1622.6719,1120.6223
1198.1643,226.24022,172.21777,1185.1595,256.8394,155.8927,1122.7057,220.55403,159.57582,1165.4548,219.585,131.06747,1230.2013,208.0265,189.87135,1162.3735,213.22871,177.9087,1461.3568,468.18762,362.67612,1487.4503,510.02853,385.43948,1668.3002,655.7451,485.00967,1710.6105,1640.6165,1107.7084
1147.1978,217.22076,195.85818,1164.6056,240.26247,157.89925,1191.2499,243.97739,157.63072,1159.5778,223.95134,176.85963,1171.2834,222.27606,162.1173,1150.7361,242.55609,167.295,1442.7294,445.18243,326.22144,1408.268,463.51212,324.45416,1499.9994,670.859,468.35175,1681.2211,1591.7589,1090.6488
1140.4546,247.67976,154.68033,1131.5942,230.64935,162.61452,1136.1832,227.23965,168.07045,1135.9083,229.85222,162.66806,1140.2051,221.80693,167.92981,1146.1204,228.60942,169.57274,1396.2041,457.0375,322.8977,1393.0072,464.4558,339.8981,1488.1505,631.77966,446.05365,1641.8348,1524.2667,1054.0914
1142.81,242.34204,163.1913,1141.4198,237.1488,161.0353,1143.5895,226.94228,167.12178,1135.5198,230.05714,166.23146,1150.8207,223.93059,164.68298,1146.2948,239.00981,166.76788,1407.2,457.51355,323.81152,1394.3505,464.1547,329.35608,1493.6837,634.726,453.63232,1647.6799,1531.5547,1060.3672
1171.1263,253.4712,165.60811,1166.0354,242.47855,168.2123,1169.1128,232.50087,176.28915,1164.0615,238.30916,171.53336,1173.4677,231.768,169.76047,1177.7448,246.46585,175.4619,1438.8315,471.47794,327.48483,1430.6173,475.88022,338.33954,1526.0825,647.3027,459.7004,1685.4392,1559.776,1081.1172
1164.2535,247.18626,164.94151,1161.2517,242.49207,165.43553,1164.1107,233.30939,172.95483,1158.5032,235.21735,171.36061,1173.4324,230.25966,167.79836,1169.1593,243.33148,172.53696,1431.3236,469.05374,328.9844,1425.1604,476.7006,339.84933,1522.7896,647.6058,461.0185,1682.6335,1556.8699,1074.5096
1191.186,258.70285,169.9475,1186.3214,248.52399,170.65622,1192.2634,238.96133,180.01408,1186.1282,242.38065,175.61844,1194.557,237.0985,173.3922,1199.9014,252.34428,178.79622,1465.3845,480.8666,333.73303,1456.9413,486.50925,345.8449,1551.864,662.03296,469.00317,1717.3684,1584.443,1096.0845
1223.9622,266.1417,173.5537,1216.3074,256.10208,176.19232,1220.8857,242.60808,185.80138,1214.7205,248.18338,178.06252,1227.6019,242.00905,178.79985,1231.2463,259.8846,183.70972,1504.3291,492.9674,342.2704,1494.8916,498.40097,352.01562,1593.2374,676.73737,480.5889,1760.265,1624.9692,1125.8812
1184.4396,245.71878,170.82292,1183.8165,232.87268,165.03581,1187.124,233.93562,170.72627,1179.5665,235.55629,169.7043,1186.4993,230.27472,167.86665,1188.5337,241.88663,172.51662,1452.9211,468.04214,330.24844,1446.196,473.78543,338.61282,1549.9923,653.93805,461.9421,1708.0916,1637.1051,1138.506
1201.2877,256.96954,168.91624,1190.7634,238.05832,163.543,1202.8746,237.10345,165.32175,1196.8823,233.62698,165.15196,1209.4664,227.09065,166.21176,1202.1757,244.1282,172.37051,1475.4249,473.12033,333.29282,1459.2167,478.58194,342.71906,1556.089,661.1086,464.535,1729.5039,1631.6617,1133.2439
1158.0062,220.11957,160.12251,1159.6978,221.604,157.70822,1152.33,221.5754,141.3942,1172.1641,216.25417,154.71693,1156.4685,220.07242,152.0265,1149.0471,207.45132,158.75562,1425.0148,459.31522,321.0125,1421.0563,447.01242,322.6948,1536.9897,619.5768,439.82834,1693.2126,1658.515,1147.2084
1203.3552,237.4079,161.85329,1194.2318,237.43213,178.96834,1208.9111,239.97734,172.5048,1203.8148,242.84682,179.69324,1192.2352,237.51724,160.61409,1210.0793,235.88205,172.74431,1471.7614,465.08304,325.6431,1478.3416,460.0432,315.606,1558.662,632.7844,438.10135,1761.7601,1691.8354,1180.7477
1195.7275,221.61424,162.05809,1204.2701,217.8466,152.51901,1192.0072,231.45111,157.5763,1195.1729,229.98445,160.29863,1203.0939,225.73355,158.06671,1193.0172,228.47888,153.63988,1464.9443,458.99908,328.04355,1481.2631,462.46936,333.72333,1590.3896,639.8123,455.46664,1749.3728,1703.7402,1192.2495
1178.2665,212.84949,160.85042,1180.0879,217.72015,156.56319,1179.325,226.7703,152.15857,1182.7307,221.59113,158.52774,1180.4452,220.13692,155.67252,1173.0925,214.8719,156.12727,1447.0431,451.55347,326.1082,1456.2899,455.19098,327.04446,1560.0726,634.6399,446.88535,1728.33,1691.4409,1175.461
1187.3138,215.64836,161.07877,1186.3003,216.47412,156.10394,1186.216,224.11226,154.84152,1187.3503,222.31801,156.2514,1184.2201,220.41139,156.10399,1183.1532,219.17809,155.0553,1457.3396,450.91483,324.82535,1465.4783,453.52423,322.38507,1566.5348,633.4593,445.9293,1736.31,1705.0197,1191.478
1176.8619,206.05458,150.31688,1174.7156,215.83815,151.09846,1145.8909,215.09111,145.94778,1165.4081,229.00717,150.97746,1172.3698,210.23259,137.6897,1163.8513,210.89323,155.0089,1433.8118,442.6226,327.23285,1455.8165,453.56195,320.07867,1567.113,612.8182,439.05847,1716.8845,1697.3591,1190.2554
1184.2582,214.67998,159.07811,1187.114,210.25076,151.84341,1191.74,224.86119,153.77771,1188.5845,222.16455,160.84833,1177.5989,224.27783,151.65164,1183.63,218.67413,151.11568,1453.5021,450.90228,323.29715,1462.9479,452.64066,324.78857,1560.1942,633.9728,445.73898,1739.0265,1706.6755,1192.6594
1204.9825,223.47145,164.15689,1203.7192,220.21758,162.51776,1202.4248,225.95088,162.65108,1202.0419,227.62196,160.48256,1200.3695,225.72359,163.56682,1200.6798,225.32175,161.05435,1477.3749,460.01703,328.05246,1484.8096,460.43243,328.02298,1589.0077,642.1702,452.95123,1753.7156,1714.4303,1198.8286
1208.5625,222.25827,166.04309,1210.6921,222.04948,160.17995,1206.9344,229.51674,159.55643,1207.5199,229.1091,161.82747,1208.8881,225.90279,160.83455,1203.4979,226.38573,160.22868,1483.3016,461.65448,331.29233,1490.6444,464.29187,331.5222,1597.5769,647.175,457.53363,1763.3435,1724.042,1203.8927
1225.5352,232.70033,169.1853,1227.3296,227.66129,163.84639,1224.8337,235.21124,165.05838,1224.9536,235.94228,166.81894,1224.0099,231.37851,165.0804,1223.5028,233.6216,165.86826,1504.1788,471.5424,336.3119,1510.1355,474.57587,340.1085,1616.3344,659.6554,465.478,1784.0955,1731.1678,1208.3282
1230.0255,216.54065,193.36948,1229.5204,242.343,162.83623,1180.8282,244.31554,156.82039,1230.4276,212.07834,131.4961,1277.7634,214.93738,205.2849,1194.0969,206.3561,183.2844,1507.8022,477.94168,348.81537,1548.495,501.90024,395.81473,1723.7733,677.5614,481.02988,1782.5104,1760.4976,1187.7053
1197.5065,224.65251,188.34248,1220.4971,240.11412,157.79219,1238.3243,256.2561,144.34789,1216.503,238.88333,179.60052,1214.7941,222.75682,158.17732,1199.9766,233.00493,162.94101,1499.483,457.74606,352.44638,1465.5308,477.45297,341.88998,1570.5718,692.35126,485.1003,1761.0016,1693.6294,1167.5945
1204.2583,243.32458,160.19554,1193.6527,230.5928,165.0062,1200.7773,232.49823,169.20598,1199.0366,232.12288,161.55585,1200.841,227.10298,171.63133,1206.7698,231.45888,166.83817,1474.0925,467.50595,335.47372,1478.1001,474.91388,342.00015,1575.8875,653.56036,458.607,1744.0,1663.5568,1157.3367
1223.7883,242.81258,171.09895,1224.8135,236.55365,166.36623,1224.452,237.93433,170.55286,1218.296,240.62688,170.45747,1226.564,233.12865,169.49426,1224.5748,243.8099,169.17236,1503.8853,475.17215,339.88535,1502.1865,481.28995,341.56613,1607.0344,665.84705,471.95105,1773.0834,1693.9546,1181.294
1221.5111,238.39899,169.55115,1222.527,235.20155,165.16562,1219.3745,238.1252,168.272,1218.1405,238.50351,169.40387,1227.3071,232.4882,167.44336,1220.2605,239.31337,168.91858,1499.1888,475.38202,339.40256,1503.7919,482.1703,344.7882,1610.5754,663.965,470.41476,1775.2712,1699.8871,1181.9116
1202.661,228.32718,165.47148,1205.4688,228.55884,161.03856,1204.3976,234.68782,161.4346,1202.7632,231.99306,166.25613,1208.8359,227.95241,163.00978,1200.5358,229.91367,162.34836,1477.0026,465.87912,335.6615,1482.28,472.16968,338.62057,1588.1514,653.8655,462.93192,1755.7418,1691.9097,1175.4193
1181.3616,227.42984,162.98335,1185.1129,224.90103,158.33655,1184.594,233.0822,160.07521,1183.0956,230.2707,165.96632,1186.8221,225.70818,160.78961,1181.1324,226.9413,161.5378,1450.5446,459.78497,330.57938,1456.9468,467.41837,338.02643,1560.1364,645.93396,456.42523,1724.5391,1654.0522,1147.2671
1157.5172,226.52089,158.81784,1172.5109,211.39145,155.24632,1156.0817,234.9926,148.78508,1171.7845,226.01804,156.06512,1170.4679,220.15262,165.40967,1154.2987,213.46715,155.52356,1417.9205,455.92307,318.98065,1430.7037,447.4802,338.4416,1548.5027,625.8713,443.35837,1689.2404,1640.518,1143.3906
1199.635,232.77863,170.00566,1199.6508,233.71281,167.7478,1199.9833,232.04454,164.99208,1194.2166,234.40128,166.7884,1203.9805,225.04695,166.81631,1195.8112,234.0012,168.99483,1475.8953,463.4514,334.5326,1469.7457,469.47726,331.7297,1575.0101,653.5075,462.5132,1736.7115,1667.9286,1160.7435
1187.1334,237.31183,166.65263,1189.4489,231.1497,160.44542,1187.1581,235.57135,165.39854,1185.8937,235.10738,169.23082,1194.55,228.95032,162.84335,1187.8009,235.95659,168.058,1457.127,466.69446,331.58923,1461.5494,475.90616,343.8995,1565.0383,652.1606,461.44122,1724.6824,1636.4921,1133.4456
1181.5648,242.29541,167.5676,1184.6683,235.76376,162.65553,1184.4438,237.3004,167.22734,1180.6143,236.8232,171.09148,1190.1996,229.90715,166.25136,1184.6069,239.40793,169.35068,1452.7937,468.326,332.57358,1451.5743,476.63412,342.85532,1554.4302,653.6124,463.1705,1713.426,1612.1263,1115.4493
1163.2974,242.89987,165.2368,1165.6941,236.67242,162.47911,1167.0975,235.75082,167.33374,1161.886,235.04572,171.654,1174.4498,228.47295,166.0022,1167.1224,238.48148,169.60962,1430.3237,465.31616,330.02734,1427.4064,474.65164,341.66418,1528.6669,648.0518,459.8282,1685.384,1571.2684,1083.3972
1188.1122,256.4359,173.23627,1193.6046,245.1756,181.68471,1212.5454,246.86832,175.79596,1191.5973,255.3844,197.19144,1181.34,247.2505,159.32634,1203.4506,256.65677,182.10893,1465.264,485.39545,326.93204,1442.2635,473.02606,324.81354,1511.9043,657.1766,462.8489,1726.1649,1600.2416,1119.4707
1185.222,253.06355,160.6568,1181.4681,234.33247,164.206,1174.4052,233.16536,174.63423,1179.3196,237.64622,172.4763,1193.9667,236.35547,166.3431,1186.2699,242.54294,174.98822,1444.6791,480.57352,327.78363,1455.5848,484.06076,353.7793,1560.9075,646.7772,460.86823,1710.6454,1591.8763,1098.6217
1185.4519,246.9138,173.15494,1190.2028,245.28345,166.61192,1191.1482,240.68364,172.15341,1183.6998,240.7683,176.83514,1198.263,234.49762,168.43452,1190.1688,249.28992,173.9103,1461.6587,475.02368,334.36993,1455.2137,482.9425,341.81097,1556.9033,660.5155,469.4697,1717.6584,1599.443,1103.9746
1161.8523,244.17598,163.16072,1162.0496,237.29353,163.48015,1164.0356,235.83762,169.90062,1159.7598,234.80643,170.74658,1173.0732,229.00275,168.10312,1167.1671,238.97333,169.79944,1426.8489,465.96747,328.84158,1427.7192,474.92538,341.54892,1526.3451,646.0622,457.73083,1683.6605,1564.5891,1078.7258
1149.5354,233.15329,177.8233,1152.4307,238.88687,165.4553,1159.3585,233.53925,169.04604,1148.8003,226.16957,171.25201,1171.8983,226.20204,168.2473,1147.8899,241.3606,174.9736,1420.8884,459.65353,319.73196,1412.1831,468.53915,332.6145,1512.1292,646.7991,456.23703,1664.6387,1555.9435,1065.8767
1171.2776,248.91339,167.44925,1169.9071,239.49664,166.66148,1171.1367,234.52086,170.74138,1167.0481,237.63965,170.8621,1178.1105,228.94836,167.68602,1175.265,243.25162,174.01741,1439.8472,468.02164,327.9543,1433.1356,473.75983,337.19308,1531.942,647.28815,458.30795,1688.3666,1574.8636,1090.4154
1173.4661,245.54318,163.17303,1175.1144,236.32385,164.50772,1163.6545,233.8022,161.21005,1173.2993,239.93617,170.76237,1180.344,227.69281,156.69821,1172.0851,235.3175,173.97137,1437.7181,471.5771,328.74078,1435.905,473.04483,340.6552,1542.9579,640.5055,456.32944,1696.0072,1597.0883,1106.048
1178.9589,247.4332,166.70818,1178.8756,240.03706,165.44855,1182.0924,237.07109,173.25632,1174.6235,238.86716,174.84651,1187.845,232.8275,167.36723,1184.384,245.32593,172.68718,1448.3602,471.41208,331.7593,1446.6432,480.59848,342.74332,1544.1302,654.15704,463.69812,1706.3778,1586.6024,1095.9409
1160.3647,242.00298,164.84784,1162.791,236.53699,161.90575,1163.0066,234.28699,167.62042,1157.6671,233.8345,170.54623,1172.85,228.23026,166.04295,1163.7589,239.31355,168.4396,1426.5267,464.47354,328.39032,1424.1388,472.89993,339.0857,1525.88,644.82513,458.56885,1680.7367,1566.8164,1081.008
1170.1476,248.25456,166.99605,1171.0568,239.25577,164.90948,1173.0338,235.61505,171.07217,1166.7394,237.42847,172.08871,1178.2255,230.53363,168.41135,1175.5995,244.00058,171.60474,1439.2467,468.44443,329.32855,1433.5729,475.15164,338.86945,1532.9464,649.06433,460.50214,1690.1079,1572.8932,1088.0004
1189.207,253.81944,169.04672,1188.1903,243.62077,168.87602,1189.5032,237.03877,175.75919,1182.2599,241.32903,173.95908,1196.5548,233.8255,172.28314,1194.0399,249.47247,175.02032,1461.497,475.68985,333.7337,1454.6272,481.74493,341.8102,1555.6904,657.02814,467.04407,1712.8369,1592.5907,1103.4025
1176.1075,244.72641,166.22823,1178.0809,239.17606,164.95749,1176.8794,235.90831,169.91054,1171.5935,237.12837,172.03517,1188.4515,230.31952,168.19682,1178.4727,242.16058,170.55966,1444.9141,469.72546,332.2012,1442.1526,477.25864,341.19653,1545.845,650.9364,463.59808,1701.3981,1588.7518,1098.0189
1188.6882,245.91258,168.79915,1190.3175,238.84091,165.36955,1191.0482,237.70477,171.21371,1185.3383,238.7392,171.87744,1196.9635,231.92725,168.84753,1192.8529,244.71507,170.83096,1461.6462,471.4413,332.5175,1459.1173,477.8891,340.2306,1559.8096,655.2853,464.5495,1720.7303,1615.3271,1120.1765
1186.8,245.59314,166.54486,1187.9132,238.16138,165.44984,1187.4373,237.05109,170.7426,1182.6272,238.72327,172.02274,1195.5586,231.22882,168.78242,1189.8475,242.08217,171.00037,1457.3367,471.2717,333.99692,1456.27,479.09247,343.22717,1558.9077,654.82684,464.93814,1717.4099,1610.1007,1114.8862
1167.934,243.75438,166.07939,1171.5055,237.18584,162.97406,1172.4702,236.34877,168.40967,1166.0415,236.14139,172.941,1179.3861,229.97835,167.05276,1171.7092,240.15985,169.67117,1436.1594,467.2753,331.33105,1432.7593,476.19263,342.69336,1535.4014,650.55493,462.4274,1691.6581,1576.8619,1087.7373
1176.3259,245.80956,167.42406,1177.3524,238.91202,164.93645,1178.4691,235.76543,170.60371,1172.1724,237.00856,170.91844,1185.5559,229.99281,168.80049,1180.4906,243.50479,170.48607,1446.7102,468.23038,330.55713,1442.2986,475.1438,338.1229,1542.7997,650.43195,461.6641,1700.6154,1590.0604,1101.1924
1179.2937,246.95076,166.45976,1179.8793,238.88797,165.43607,1180.2451,235.70949,171.23958,1174.3346,238.18251,172.04233,1187.8214,230.77115,168.6003,1183.0197,243.26831,171.37074,1448.7996,469.9032,332.02264,1445.274,477.37872,340.83316,1546.7195,651.78094,463.08725,1703.9991,1591.6127,1101.7606
1211.6859,255.6392,172.60622,1210.8655,245.09494,170.47505,1211.9106,240.1091,177.76929,1205.04,244.38826,175.0309,1217.1436,237.02626,173.98636,1216.5021,253.0911,176.45592,1489.5056,481.60162,337.38303,1483.7169,486.76352,344.56027,1585.4374,666.21643,472.69318,1746.4955,1633.8766,1134.9141
1201.8112,252.65211,170.61119,1202.647,245.61195,169.61761,1203.5897,241.93732,175.67331,1197.5886,243.42413,177.70782,1212.9265,236.66096,172.40778,1205.5162,248.76044,176.90575,1476.5386,481.52713,339.50455,1473.4869,490.361,351.22684,1577.247,667.63306,474.25742,1737.4288,1615.8154,1114.8727
1183.0404,256.3286,159.55817,1165.8246,256.79352,175.48601,1183.7096,215.45949,173.86461,1184.3917,229.04736,172.02032,1136.8245,243.80215,176.8152,1195.1135,228.45146,173.36644,1465.4708,487.20657,348.89502,1438.2751,483.3711,331.51672,1545.725,649.2092,464.393,1707.5436,1589.0768,1085.0345
1166.3168,242.74286,168.4603,1172.3123,241.3575,166.98973,1176.805,238.76874,174.75218,1163.0771,235.86406,175.45314,1186.9779,233.2975,172.56157,1172.3854,248.96785,168.35097,1436.5673,468.95322,327.23944,1433.1501,473.20703,333.48843,1530.445,649.64935,462.6685,1692.5145,1567.8269,1083.4824
1217.179,264.53552,172.8018,1213.4508,249.20422,176.10587,1212.7313,240.97789,183.41084,1209.1276,248.82428,177.55702,1219.9451,240.18413,178.11972,1222.7688,256.59982,183.44336,1493.517,488.8421,337.59262,1488.1224,491.57617,348.9791,1589.9962,668.17596,473.7811,1746.4014,1621.3207,1125.4197
1229.3893,260.6189,175.70299,1228.5709,253.45334,175.15816,1228.6776,244.92596,181.64958,1221.3313,249.09645,180.45233,1240.4873,241.68265,177.28923,1232.6183,258.6214,181.73055,1510.9501,492.4044,345.04892,1504.0607,499.02228,352.884,1609.7083,679.3861,483.82013,1771.43,1646.452,1139.2069
1236.5591,263.17114,176.60431,1236.8304,254.12192,175.96706,1238.7113,249.59319,182.77115,1232.838,251.63625,183.46318,1246.512,244.85135,178.46156,1242.1522,258.7761,183.7318,1519.8444,497.14023,347.3772,1515.8118,504.14777,359.8429,1620.051,686.43,486.7373,1785.8939,1656.8911,1144.2335
1210.1244,251.84386,171.10632,1211.7554,248.29655,169.86467,1211.5317,244.50957,174.92374,1206.3369,244.1556,178.0321,1224.894,237.4228,173.18504,1212.8763,249.07114,176.30684,1487.0538,484.66473,343.7625,1485.0687,494.4779,353.9813,1591.3683,672.8151,478.8462,1753.0687,1632.015,1124.8401
1219.8881,252.69524,172.61044,1220.5032,246.23898,169.69345,1220.7948,244.03444,175.27736,1216.2708,245.04243,175.95468,1228.8146,237.65796,172.58914,1223.9586,250.88213,175.66058,1499.6151,484.33313,341.83005,1497.4619,491.44968,349.5523,1600.6664,672.3003,476.66162,1766.2505,1656.8511,1148.2842
1239.1202,254.18127,173.19711,1237.8468,246.83919,171.90207,1235.6964,244.0638,177.4039,1232.4375,247.61926,175.55136,1245.6785,238.98392,174.11578,1241.3765,252.40993,177.12515,1520.8796,488.5033,345.3203,1520.6696,495.17953,351.49564,1626.0231,677.17645,480.48825,1791.5259,1689.7887,1174.5183
1251.571,251.67896,175.57591,1252.3284,246.25243,171.09602,1248.4225,246.334,175.8406,1246.8612,248.15445,175.87161,1259.2904,240.24484,173.21745,1252.3362,252.09213,176.66344,1536.6722,491.24335,347.75034,1538.7081,497.88922,354.43387,1646.7466,682.65424,484.19315,1813.9869,1721.897,1197.1001
1223.1343,234.10239,168.43521,1225.8003,236.11809,164.42075,1221.9641,241.04564,165.00069,1222.4067,238.11421,170.2621,1234.1328,232.016,165.47371,1220.5464,235.96355,167.48824,1501.1023,476.29297,342.86523,1508.5399,484.86642,348.00943,1616.8746,667.10376,472.93796,1785.4828,1711.6193,1186.7131
1232.7999,240.39473,170.52498,1234.4739,235.26717,165.70695,1232.8596,241.33113,168.32936,1232.4042,240.97995,170.93909,1235.5167,234.78104,167.5333,1233.3744,239.98851,169.36911,1513.5851,479.0332,341.75394,1518.705,484.80466,347.50504,1623.9886,669.6737,472.87112,1794.5433,1722.3281,1198.8876
1210.1117,234.78242,164.46815,1224.2117,219.63515,162.38583,1204.9973,243.97533,154.81097,1223.8431,235.3984,161.19283,1223.6844,228.63933,171.53792,1205.1798,221.28139,162.3655,1480.3826,475.32373,332.00266,1496.4105,465.8757,352.0025,1619.5042,650.4804,460.7541,1765.9336,1720.3843,1200.2543
1208.7377,226.16881,169.90451,1211.9307,233.75029,166.58289,1210.9794,235.443,160.85219,1206.7014,233.98218,169.13538,1218.2328,225.82278,164.55984,1201.8041,228.81789,167.47433,1486.9656,466.2671,341.2902,1484.535,475.4075,339.30756,1595.0571,661.5814,469.14337,1760.1699,1697.7513,1176.203
1211.1738,231.55144,168.0422,1211.7554,228.93062,161.29941,1210.3511,235.7433,163.32253,1211.6233,233.448,165.63397,1214.5643,229.23457,162.51654,1209.8512,233.0467,165.45114,1486.9515,468.5492,333.79803,1494.3553,474.36597,340.05493,1597.5819,655.9933,462.164,1766.305,1704.8201,1186.0419
1170.3333,210.5607,153.5777,1171.4315,215.64879,156.0598,1160.0836,222.46544,142.98132,1174.8497,222.54013,157.35303,1172.5461,215.89096,144.83661,1158.8723,205.71944,156.60394,1431.327,451.5581,326.1309,1441.215,451.7425,326.57352,1551.7057,622.726,442.0347,1715.6667,1687.0529,1172.1898
1179.108,219.3922,160.57228,1179.4171,216.92831,156.08057,1181.5155,226.12529,157.87877,1180.728,224.78574,161.55669,1176.1195,223.60513,155.18187,1178.232,222.01909,157.57373,1446.6458,452.90912,323.2298,1456.2036,456.89374,327.0208,1553.4532,634.5567,446.0601,1724.9064,1676.7502,1168.3889
1203.797,230.53117,165.4373,1203.6294,224.9348,161.66895,1198.2074,230.12791,163.87114,1200.1445,232.71762,162.23512,1203.2207,226.45154,162.73932,1201.3843,231.59782,164.08649,1475.6356,463.3059,329.12003,1483.3179,466.3046,332.87637,1587.4105,645.16534,455.8061,1748.6678,1694.0316,1184.1135
1203.0829,231.83841,167.40042,1206.8495,228.32274,161.31917,1201.2539,234.91423,162.67659,1202.2429,235.0001,166.84775,1208.4805,228.21495,162.36847,1200.6504,232.7644,165.61766,1476.4651,466.92966,333.43457,1482.3711,472.77286,340.34338,1589.515,652.94507,462.36032,1750.7504,1685.184,1172.4619
1196.9677,240.50899,157.31898,1178.5593,245.39784,173.26851,1197.2155,209.64113,163.92451,1202.882,221.62404,165.94963,1141.9849,239.96037,169.57675,1202.9581,213.34653,166.95238,1481.6378,481.6105,348.06885,1457.6781,472.77786,324.22226,1567.3153,643.78503,458.2302,1738.7614,1668.2845,1144.7091
1217.6361,236.47374,172.97638,1222.3568,235.94843,167.89854,1221.9609,239.35666,174.37239,1213.5255,237.97955,170.80359,1229.7545,235.31018,171.90591,1219.4596,248.52196,166.7558,1497.3513,474.26477,331.39212,1502.3696,474.6908,332.22528,1602.3816,659.34973,467.1421,1771.8053,1693.1309,1182.6792
1237.7404,241.68399,169.72627,1239.4264,234.81528,168.09752,1229.134,239.14412,170.50758,1232.3229,243.94197,170.00192,1241.0685,234.04794,168.95256,1234.9229,240.76646,171.90794,1515.4078,480.28397,341.42886,1523.9515,484.988,348.37302,1634.7113,666.433,473.0114,1793.985,1724.3364,1203.4089
1238.9193,250.18234,176.24658,1239.4371,239.93996,171.47849,1239.5436,242.94193,174.60883,1233.3606,243.45602,173.46233,1241.8785,238.33379,174.47978,1240.3217,248.12828,175.5949,1518.5723,485.56604,345.4925,1513.066,489.75446,349.4221,1625.4689,677.60443,479.83698,1788.5841,1730.6584,1206.3568
1207.3834,248.21773,165.8982,1203.853,232.12907,160.53452,1211.728,241.91862,158.01073,1209.4191,233.14621,165.38904,1220.9457,226.73024,163.51828,1205.528,234.93011,167.0564,1480.9835,473.74176,339.43057,1471.4838,480.22128,351.32425,1576.0162,665.03937,467.8645,1750.2573,1666.4133,1154.7151
1188.0762,236.2296,172.5468,1193.8192,231.5043,161.58658,1196.8566,236.1192,157.26216,1202.6644,224.95175,162.42015,1189.4858,231.7461,169.91492,1189.3041,228.40482,163.7486,1468.8306,472.72443,330.34943,1461.2212,466.1299,337.2229,1573.4294,650.6604,458.47675,1732.3713,1667.6456,1152.3265
1172.9967,231.1962,158.50801,1171.8427,230.75783,163.21199,1170.1676,237.17303,162.22708,1173.9701,234.07382,164.06036,1182.1566,222.46481,161.9458,1175.3756,227.3541,165.67671,1437.158,459.41898,330.61453,1447.8743,469.02444,337.2229,1544.0616,641.54114,450.40433,1710.4465,1624.0667,1125.5026
1160.2124,236.94609,164.30438,1165.5278,228.86847,154.79756,1166.7549,232.73776,161.74194,1159.6592,230.89127,167.18594,1167.6628,226.47078,160.92815,1164.1748,235.8367,161.47713,1427.9595,458.67355,328.9148,1424.0984,468.7449,337.77774,1527.0566,642.99194,456.64905,1683.9231,1586.5925,1097.9346
1114.8252,225.95818,156.33987,1119.2026,224.4453,155.29309,1117.3706,227.75104,157.1855,1115.8145,223.61548,162.19012,1129.7954,217.13274,158.8739,1116.3767,222.81409,160.09569,1369.258,444.47763,318.3572,1372.1682,454.3812,329.63086,1472.7219,619.919,439.52255,1620.9886,1519.8878,1046.1758
1100.9675,230.5996,157.38142,1105.0455,224.06335,153.2595,1107.8998,224.86285,158.23344,1101.2559,222.71297,162.39749,1111.1117,217.24904,157.77422,1106.4532,227.52151,159.12642,1355.536,440.7653,313.2003,1350.452,449.1179,322.71313,1445.9445,614.4147,435.42328,1595.313,1486.1218,1025.1454
1099.3687,232.09721,152.55464,1093.9417,225.91805,158.9564,1097.5323,223.92915,162.58725,1096.8861,222.3143,159.73122,1110.3931,215.12291,159.31456,1104.1283,225.12425,164.71254,1347.0631,441.4473,309.4118,1350.6146,449.5501,322.3071,1438.7228,608.5536,427.70667,1590.8458,1475.6738,1016.62286
1131.5411,234.31575,160.59274,1130.6641,227.59935,156.85551,1130.9855,223.38829,162.86842,1124.861,225.87976,159.82649,1137.8505,219.14995,159.63644,1135.0184,235.38686,161.1806,1391.5443,446.7057,315.36368,1385.9613,452.14023,317.64838,1481.2122,619.04987,439.2275,1633.1964,1536.8516,1069.0786
1173.8331,240.65155,164.8959,1172.6741,231.1392,163.02531,1170.3567,230.371,168.72737,1168.0687,233.9186,163.78284,1176.9106,226.36845,165.28549,1176.96,240.1949,167.25264,1440.8903,461.43222,323.62714,1440.8722,464.8786,328.89508,1539.1699,637.11224,450.45886,1694.5902,1604.7345,1118.876
1169.9674,235.26176,164.99976,1174.5677,231.2514,163.68765,1175.2946,235.1543,166.76764,1168.2524,234.29428,170.76434,1181.0222,227.59135,165.56642,1171.6051,235.4932,167.25658,1437.2341,462.24396,329.69476,1437.2839,470.39005,338.27472,1539.119,646.4848,457.83273,1697.3604,1599.3749,1106.3629
1209.4355,245.23549,173.35373,1209.525,239.1827,167.73257,1208.1819,238.11613,172.2469,1205.3771,238.69206,168.4605,1215.7948,232.88086,170.83951,1211.0201,246.92664,172.54993,1487.4209,475.31265,333.61987,1485.1471,479.06458,338.85077,1588.5704,659.1005,465.76154,1748.0554,1659.2125,1154.2178
1273.1561,256.03296,178.86845,1270.2565,246.98042,175.1931,1268.2142,247.15916,180.06316,1267.2585,250.2953,172.9251,1273.8187,242.28844,176.9739,1275.4302,257.31927,178.82198,1563.4148,495.33997,347.56323,1564.0288,497.58212,349.993,1668.5981,685.67566,483.1149,1839.7273,1758.8888,1230.0781
1295.696,254.91576,179.6832,1295.9578,248.69495,175.65308,1290.9429,252.14174,179.22415,1291.1709,253.69913,177.16386,1300.0588,246.09175,177.54854,1295.132,256.0047,179.35141,1589.4569,503.83,357.91843,1593.876,509.11493,362.64575,1706.1814,700.0489,495.18054,1878.5278,1800.3319,1255.0634
1298.6288,247.6496,179.34723,1300.6412,246.04321,174.63611,1298.5591,252.41887,175.04646,1298.2289,249.94737,176.59622,1303.5286,245.76884,176.46524,1296.6555,250.09781,175.51,1594.8064,502.65668,359.70038,1599.5101,506.766,361.5613,1713.1261,701.5866,495.72888,1891.7064,1826.5605,1271.7422
1280.4366,247.317,176.59128,1285.9991,243.23329,171.86786,1282.4689,253.25533,173.29155,1282.3187,250.6024,178.85114,1286.854,244.67824,174.51749,1280.0128,246.83472,174.9614,1571.6198,498.98856,358.4945,1578.3446,506.21252,366.5038,1692.5608,698.24835,493.75735,1866.3829,1790.4437,1242.911
1280.5345,248.92705,179.25162,1283.4279,246.49544,173.40501,1284.6306,251.84447,175.19556,1281.0331,248.65913,177.87486,1286.0587,244.9112,176.5268,1280.9148,250.51532,175.55457,1574.8345,498.89117,357.10614,1575.7659,504.7025,360.5627,1686.9852,698.4356,493.2934,1863.9218,1786.3245,1240.6396
1318.4547,271.31683,187.5516,1311.3099,265.79242,197.2935,1323.8378,260.36874,194.99672,1311.0712,266.39932,196.18626,1307.0627,264.2727,187.74504,1324.0242,271.2072,192.13501,1617.433,515.22437,358.4249,1608.9098,507.18918,346.52243,1710.2178,696.45,488.60147,1906.1276,1815.0433,1267.2806
1319.6246,255.5091,183.36194,1329.6058,250.01169,177.61801,1318.7899,262.25977,180.1157,1322.0005,259.57672,183.13695,1331.7498,253.74136,181.41595,1319.1703,259.37012,179.28526,1618.864,516.41614,363.5594,1630.0354,516.9864,372.8281,1749.4186,713.39185,506.1725,1923.1569,1847.4677,1287.7041
1282.8535,244.58354,177.01958,1288.7987,246.32964,172.50148,1286.1244,254.22227,171.76126,1285.5433,249.51315,179.79018,1292.405,244.91942,174.70503,1280.8735,245.1461,174.54509,1576.0624,500.70288,362.6624,1581.4823,509.36298,368.0038,1698.3381,702.2542,497.65277,1873.9503,1797.4374,1243.8759
1261.6155,245.90231,176.70097,1267.0892,243.69522,169.9297,1268.449,252.23059,171.77933,1265.655,246.61151,178.22601,1269.6779,243.03877,173.55663,1263.1898,246.21048,173.42676,1551.8739,494.22296,354.5887,1554.8088,501.9569,362.11014,1665.1956,693.36414,489.4197,1841.066,1757.8771,1217.0577
1258.4648,251.43587,176.37425,1261.446,246.28833,171.42915,1260.6227,251.37398,175.25331,1258.2709,249.14246,177.5167,1266.1976,242.27016,175.19437,1260.9305,250.48492,176.31969,1546.4652,494.17593,353.06973,1548.8546,502.7502,361.2447,1657.8,690.857,488.03912,1828.5009,1735.4949,1203.3265
1280.699,256.9475,179.96193,1281.5914,250.58307,174.87552,1280.5891,252.38249,179.22774,1277.3513,252.51233,177.98387,1286.136,245.46623,178.40805,1282.8517,257.3421,178.88504,1574.1157,501.14404,356.304,1573.4563,507.27536,360.53857,1683.1393,698.17017,493.69113,1855.8292,1765.6798,1228.5546
1280.199,263.9171,180.5407,1283.2155,254.47661,177.35829,1282.2726,256.97485,182.45638,1278.755,257.3232,185.09859,1288.162,249.85452,180.5831,1283.824,259.86353,184.24092,1572.5046,508.44022,360.134,1571.6067,516.5758,372.15683,1683.3125,706.30206,500.07898,1853.3159,1741.7842,1205.4684
1258.2278,266.1601,177.92079,1274.0083,243.75653,177.6121,1259.7637,261.90582,171.7888,1274.1816,252.31703,177.7066,1276.4158,247.81966,190.0486,1259.0164,245.85051,180.11139,1543.7485,511.3021,350.02255,1546.4597,498.84418,376.55917,1675.813,690.9375,490.37628,1822.4305,1726.593,1195.9482
1277.2426,266.54877,185.63896,1280.148,266.023,186.41571,1281.7644,258.88324,186.53987,1271.0819,260.70425,189.7658,1292.8591,248.38612,187.24374,1278.4651,264.60815,191.2489,1573.2764,509.54068,365.40585,1560.1603,520.49854,369.64087,1674.0292,713.8256,507.23007,1840.0286,1710.6232,1179.2068
1276.2023,271.29605,183.23213,1276.8893,262.24246,179.7384,1280.8248,259.26758,186.97765,1274.0872,257.8105,187.69978,1288.333,252.69698,184.09544,1282.392,267.46228,187.92796,1570.0547,513.26715,359.99292,1564.0461,521.58124,372.81406,1672.3556,710.3371,502.86826,1844.368,1711.3955,1180.1567
1287.7793,274.065,183.45317,1287.2273,265.13083,182.93901,1290.4553,260.08768,189.89847,1283.0773,261.2484,188.53954,1297.869,253.92969,186.62138,1294.3141,270.15295,189.52339,1583.6028,516.3998,363.31418,1577.0737,524.4363,372.6111,1685.3364,714.15796,505.9893,1858.3146,1724.6062,1191.9489
1281.2126,270.8194,181.82483,1281.5952,263.48523,181.04468,1283.1892,259.39523,187.39296,1277.471,259.4084,187.85745,1293.66,252.67453,184.48056,1286.5178,266.97678,188.0104,1574.7756,514.5482,362.62836,1570.4595,523.33405,373.42712,1680.3195,711.175,504.5308,1851.7338,1719.3536,1186.2947
1262.2992,265.19336,179.29187,1263.6135,259.46512,178.0288,1265.7385,257.14954,184.16225,1260.3613,255.29344,185.51852,1275.9128,249.17044,181.97453,1267.8829,261.9178,184.83186,1551.9492,507.00516,357.97263,1549.5612,516.5415,369.6295,1657.5758,702.3845,497.66733,1827.8379,1697.5137,1169.764
1260.0448,256.62143,176.94504,1260.9688,253.3589,174.09157,1259.884,252.61237,178.51569,1256.7882,251.0577,178.5783,1272.2482,243.7091,177.35503,1262.9958,256.7109,178.6331,1548.5498,498.62363,354.45514,1548.4541,506.81003,360.18304,1656.6704,692.5288,490.8676,1827.4799,1720.5931,1192.0758
1232.2975,240.67798,169.57927,1235.1854,240.53339,166.35165,1232.2021,246.53217,168.40953,1232.3663,242.42278,172.57419,1244.5977,235.571,168.42917,1232.6127,241.47421,169.94263,1512.3231,482.92502,347.29626,1519.6189,492.68002,354.13306,1627.2332,674.86096,477.57477,1797.3499,1710.9006,1184.9071
1244.2551,232.99617,169.75594,1242.3217,234.26515,166.45032,1243.1859,239.46297,165.82472,1243.6982,235.86372,165.0792,1246.6034,233.00687,167.04236,1242.3151,236.61798,165.34274,1527.9768,477.9052,342.84348,1533.9143,481.1685,339.9807,1638.4061,667.61237,470.01813,1816.3834,1764.3923,1230.537
1250.6782,220.13257,164.78728,1247.6661,223.79282,163.84468,1243.4426,233.2986,160.11067,1249.0094,231.23132,158.57982,1248.4581,228.31065,161.9535,1243.418,225.40071,159.45335,1531.2073,470.8084,340.78268,1545.8678,472.24237,334.4903,1653.1355,658.0569,463.11783,1831.2661,1813.5253,1270.4575
1270.3422,215.78293,166.97748,1268.4769,218.76721,163.40475,1263.6343,232.18153,157.87271,1270.8693,230.29335,157.20773,1261.9513,229.8147,160.59633,1260.9114,222.57355,157.46602,1555.5963,472.60806,341.63608,1571.4736,470.10388,333.16684,1681.3633,661.0252,464.29245,1863.2966,1870.7306,1314.89
1277.227,203.5809,165.14467,1274.5428,212.40154,162.20143,1269.1104,228.84972,152.5385,1279.3926,224.67546,152.65854,1267.5581,226.69725,157.3927,1263.1586,213.00954,153.03249,1562.7964,468.25726,341.08936,1583.82,464.08383,328.81223,1695.5591,657.13464,460.51505,1881.762,1917.4163,1348.9048
1278.9064,190.76155,162.63489,1275.928,203.2987,158.62823,1272.1117,223.82382,146.08176,1283.5211,217.7995,147.7725,1264.1042,223.34615,152.46968,1261.8289,202.65312,146.31146,1564.7117,460.97562,338.91577,1589.1666,454.9948,322.17398,1700.9362,650.6335,454.53094,1893.2253,1959.2032,1380.7324
1282.2521,189.97523,162.60663,1280.6461,199.39763,157.50476,1275.3513,223.96631,145.17165,1289.0216,218.33409,147.74887,1263.7664,223.92386,151.56654,1265.3027,200.21423,146.1853,1567.8513,460.98782,338.28714,1595.2523,454.37387,324.94772,1708.0214,650.829,453.6494,1899.1284,1972.3771,1391.0024
1321.5183,227.55914,178.96078,1311.2623,240.21063,177.53838,1318.3239,241.7118,171.52695,1314.5134,233.36407,162.0371,1319.757,240.39944,177.31752,1312.6501,239.01364,166.83083,1619.8378,495.38458,360.44992,1620.969,493.0303,339.15152,1737.4192,697.3437,491.99097,1932.4126,1951.7828,1369.5144
1305.7455,224.88158,159.78702,1298.8159,211.40413,158.22475,1297.9993,247.04625,147.83923,1318.4818,233.63533,151.4994,1298.2246,228.56621,155.45958,1298.8153,213.56364,155.36682,1590.4734,482.36722,350.806,1614.4934,480.4957,356.55353,1721.2388,679.94226,470.10443,1927.8934,1950.2317,1373.8679
1292.0131,203.29547,169.86311,1288.3276,212.9125,162.04518,1295.6744,224.1056,144.05305,1308.2819,210.33437,145.26787,1266.2831,232.28133,164.81085,1278.1144,202.50015,145.97748,1593.0293,478.0035,346.9598,1592.801,458.34662,324.4379,1717.7971,664.7157,466.8352,1910.626,1975.3534,1385.4327
1288.3405,209.95619,163.27841,1286.043,215.47784,166.6111,1281.5986,237.8555,157.70438,1295.9153,233.76569,158.48386,1273.3356,231.81773,159.13867,1281.0073,213.50854,159.18582,1574.0005,476.57635,347.0398,1601.1842,475.28036,342.24017,1708.7122,669.9814,466.45142,1903.0365,1921.7113,1349.8546
1280.2068,221.77246,172.10223,1281.6698,223.46577,162.8356,1283.6259,234.25388,159.9432,1283.7992,230.62004,163.5955,1267.8218,237.8953,163.31984,1273.205,226.97533,158.62056,1573.3926,482.59253,350.56186,1576.4496,481.3685,343.56534,1693.8721,678.76874,480.09503,1877.9705,1871.078,1308.3507
1265.7109,230.29037,171.827,1268.7747,230.78035,169.52734,1264.749,242.07236,165.64233,1271.2238,238.638,168.63177,1262.506,238.72758,167.99559,1261.4236,230.96863,168.4689,1552.638,487.3538,348.30313,1561.9219,487.01453,351.6526,1677.0602,678.5879,478.67633,1852.345,1813.7385,1263.2158
1268.8007,241.54973,174.96454,1271.977,238.923,170.2691,1268.6659,245.0866,169.86699,1270.5615,243.71132,171.72589,1268.292,241.52777,170.72389,1267.5288,242.50269,171.04626,1558.782,492.67938,351.56537,1560.0637,493.90994,353.28232,1674.8177,685.3673,485.7383,1848.7462,1788.5646,1246.328
1278.0763,243.12634,174.69218,1277.881,242.08116,173.46144,1274.4591,245.40895,172.55634,1277.2155,244.70045,171.03848,1278.5945,242.03307,172.87402,1275.9844,244.46815,172.92957,1568.5496,495.78577,352.9992,1571.198,496.37817,352.56137,1684.9283,687.2047,486.90463,1860.7184,1799.7777,1255.0839
1273.1523,239.11528,172.55006,1274.3235,238.97757,171.01772,1270.0942,244.6251,169.78073,1273.4261,243.07393,170.47424,1274.3356,240.82191,170.2846,1270.4218,240.76205,170.2224,1561.7606,493.03995,352.65604,1566.7844,494.4776,352.8274,1681.2772,684.4864,485.35995,1857.5227,1800.7631,1255.0997
1279.3455,239.94023,173.57762,1279.6833,239.12204,171.94136,1275.9745,245.04736,170.64156,1279.9795,243.56677,170.15643,1278.7157,241.62314,170.96284,1276.9082,241.62302,171.00749,1569.4668,494.533,352.53918,1574.8079,494.778,352.4092,1688.3778,685.9423,485.46475,1866.333,1813.0269,1265.014
1292.1262,234.59198,173.46194,1289.2866,237.48976,172.56543,1287.2041,242.68126,169.46141,1291.7574,240.51665,166.68634,1288.9954,240.63,170.24573,1287.3553,238.96559,168.83754,1584.832,493.8349,353.06903,1591.6124,492.34784,347.36496,1704.3113,685.777,484.37207,1888.4136,1853.2935,1296.033
1267.5618,223.15884,166.98502,1268.2657,227.86708,166.11078,1263.5227,238.54124,161.4772,1270.0919,234.91003,164.2193,1265.4791,235.29405,163.41777,1260.8112,226.76154,162.1559,1552.7084,482.80182,349.39542,1564.946,483.6229,346.3589,1679.8037,673.37476,476.42905,1860.5076,1835.0732,1280.7872
1257.4055,217.29039,166.4078,1256.923,223.50183,164.22401,1255.3997,233.78062,158.35971,1261.1606,229.10352,160.0774,1251.6835,232.26485,161.24817,1250.378,222.61696,158.42903,1542.3059,475.78082,343.759,1552.4377,473.7309,336.60275,1664.3871,664.31,468.71738,1847.7754,1835.7036,1283.445
1222.8834,202.97719,158.83661,1222.7291,212.75311,157.3811,1219.5747,226.00107,149.6051,1227.965,219.55305,153.19662,1218.1763,223.37729,153.59218,1213.331,208.96515,150.50075,1498.0886,459.18524,334.86285,1513.6102,458.2866,327.63034,1624.3037,643.2256,453.64197,1804.2837,1806.6112,1262.2996
1236.07,203.77931,160.5339,1232.696,210.18927,158.76128,1231.4226,222.31998,150.99173,1239.5359,218.69446,149.5648,1222.1776,223.66043,154.39914,1226.872,210.64865,149.744,1514.9349,458.7987,331.8233,1527.8721,452.52353,318.99832,1635.6589,640.6186,450.15778,1819.4344,1839.4307,1293.3113
1242.6005,206.8587,160.87064,1240.4493,210.53302,159.33769,1234.7772,224.74889,153.01086,1245.1543,222.98271,152.00949,1229.7368,225.29942,154.64445,1233.0238,212.46335,152.84721,1520.203,462.42133,333.83258,1537.2596,458.21304,326.48166,1647.3767,644.86224,453.5844,1826.6836,1841.507,1294.2261
1253.1174,207.34825,164.38849,1250.3147,213.75368,160.99405,1248.4111,225.76915,153.92337,1256.1904,222.39899,153.07234,1240.2455,227.43866,156.3231,1243.2426,215.08879,153.546,1535.9755,466.04843,336.34058,1548.769,460.81097,325.5562,1658.9324,651.27344,457.87698,1843.1139,1860.1664,1306.4901
1230.0089,206.95633,160.99118,1231.0646,211.97801,157.76418,1225.7413,227.79305,151.6185,1235.8213,223.19786,155.35165,1222.3385,225.69897,153.82799,1221.3074,211.42024,153.7178,1505.9308,462.49283,334.88007,1523.0631,461.6483,332.7803,1634.4338,647.0819,455.5237,1811.6238,1812.779,1267.551
1240.3727,220.88536,166.79024,1240.7145,221.05746,161.79066,1237.367,232.42793,158.54257,1244.44,229.799,159.40962,1232.221,230.56706,159.43849,1235.6814,224.16272,159.99748,1521.5588,471.2463,337.30133,1531.0413,469.6227,335.59048,1640.5443,657.0505,462.57227,1817.0826,1797.8684,1258.1758
1285.6495,226.95367,170.08101,1279.6412,228.37233,169.6614,1274.2142,233.66618,165.38174,1282.2395,235.17816,157.8449,1274.821,234.28168,165.72173,1278.2145,232.55368,163.96768,1574.6934,483.00974,344.8609,1583.8475,477.72253,333.98688,1695.0175,669.00195,471.73132,1876.3105,1868.8954,1315.7854
1298.5588,219.00482,168.43456,1295.047,223.70003,167.83961,1288.4833,235.0186,161.67628,1298.1522,234.16539,158.98738,1288.446,235.31456,162.57481,1288.2738,226.0253,160.8712,1588.4886,484.4852,349.23718,1604.2095,480.3064,339.57028,1718.9464,673.99084,475.32538,1905.4719,1913.5481,1345.3752
1290.0355,211.45894,166.35623,1288.9098,218.50383,165.0328,1282.8456,234.08424,156.78484,1293.8577,230.25233,157.94316,1280.0736,233.42505,159.79077,1278.6665,218.19499,157.2467,1578.3102,480.0418,348.0993,1596.859,475.9926,339.68707,1712.8654,670.31885,472.10535,1900.5597,1918.4111,1346.4084
1301.053,203.75925,166.01366,1295.9458,214.6928,165.15456,1292.2603,229.61008,154.19724,1304.268,225.0196,151.77925,1286.0742,230.82901,158.43782,1287.2037,213.7288,153.33212,1592.2213,476.3138,346.05884,1611.5544,468.47903,329.45316,1725.3868,665.8586,467.17865,1920.4346,1965.4333,1384.6842
1303.643,205.51454,165.28716,1301.5577,211.48145,163.72974,1295.054,231.41296,154.28098,1308.4109,228.33998,154.67549,1286.3799,232.6243,157.40543,1290.5355,212.66913,154.22435,1593.2946,478.01877,347.61716,1616.1437,471.80978,337.33566,1732.2574,668.94366,469.42,1924.1248,1967.3105,1385.5563
1337.7655,208.54034,171.53499,1331.4528,217.60669,169.47992,1327.2983,232.49323,158.66553,1339.7836,230.0253,153.89275,1317.484,236.3354,162.19371,1322.9033,219.34038,157.4804,1637.1923,486.95956,352.24512,1656.1014,476.95297,334.1754,1772.5679,680.18536,476.5955,1971.0374,2026.7927,1431.3787
1349.5693,206.41733,170.35774,1345.0243,215.59521,168.88667,1338.2594,235.01122,157.53459,1353.1356,232.01968,155.5859,1329.6434,237.8367,161.00404,1333.4369,216.45425,157.12312,1649.1608,490.1475,356.57846,1673.7523,481.7576,341.50848,1793.2454,685.8291,480.70966,1993.1436,2054.539,1449.8026
1331.3839,207.02092,170.15865,1332.1619,215.42107,166.4062,1326.6483,237.46455,155.6251,1339.023,232.23238,160.22781,1315.1847,238.59741,160.20195,1317.0648,214.89911,156.89803,1628.9133,488.91824,357.27124,1651.0936,483.52972,347.8348,1772.58,687.13165,482.6414,1969.0742,2014.5834,1415.2311
1321.322,209.52531,171.32867,1320.7178,218.87564,167.06789,1314.8561,238.07796,156.26634,1328.984,231.59993,158.5947,1308.583,237.05142,161.30925,1307.8285,217.26753,158.89645,1617.8042,487.95447,354.05377,1638.695,482.3197,345.41122,1758.2446,683.70624,479.58588,1951.8394,1988.8617,1396.0428
1331.7708,213.5262,172.09021,1328.6388,221.48892,168.70091,1323.6793,238.21782,158.84764,1336.5112,233.97151,158.51393,1316.5392,238.06898,162.38753,1319.1465,221.5969,160.0695,1630.444,490.46213,355.74918,1649.3022,484.54694,343.85614,1766.8877,686.6751,481.61688,1963.389,1999.5056,1406.7253
1339.6694,215.56407,172.64108,1336.4656,222.7197,169.92871,1330.5011,239.42242,160.513,1343.7673,235.93959,160.01456,1324.4482,239.91498,163.48917,1326.7217,223.11963,161.68019,1639.1014,494.11514,357.96194,1658.9779,488.3971,347.3558,1777.9622,690.6727,484.8346,1973.9603,2008.155,1412.4509
1321.6301,204.4778,169.006,1319.2644,217.54405,165.8676,1313.4178,235.77177,153.84912,1327.942,228.9143,156.11093,1309.5204,234.86565,158.72603,1306.2461,214.08565,156.04051,1617.2427,485.1608,354.31482,1639.7112,480.06702,341.873,1758.931,680.49286,477.7451,1955.7285,2001.1295,1405.2617
1334.2151,208.65562,170.3276,1330.2678,216.98355,167.33243,1325.1797,236.54085,156.35126,1340.7549,231.44925,155.78094,1315.951,236.90804,160.08302,1320.7957,216.9056,157.56787,1632.2719,488.18265,353.81793,1655.1649,480.4957,341.40482,1771.689,682.9015,477.56516,1971.506,2021.9633,1424.3876
1359.1509,214.27997,173.55476,1353.5756,221.47372,171.27742,1347.9347,239.06276,161.15361,1362.6095,236.29234,158.13177,1339.3977,240.89381,163.71643,1345.2235,223.0768,161.38586,1662.0868,496.5834,359.3989,1684.0924,488.72144,345.5864,1802.2458,693.8963,485.74994,2003.628,2053.5383,1448.5588
1348.0958,210.27658,172.13658,1345.9766,220.25882,168.83093,1338.9529,240.13315,157.96246,1353.9564,235.0154,159.9516,1333.4021,240.04549,161.45915,1333.0576,219.05179,160.0171,1648.476,494.74384,360.47464,1672.4149,489.8195,350.17853,1793.6461,693.5518,486.6933,1992.5116,2037.8066,1432.2573
1333.9055,210.23564,171.5842,1333.2686,219.9369,167.74672,1328.6863,239.51804,156.86679,1341.4696,233.52002,160.70015,1319.4237,239.33104,161.1996,1320.5261,218.16188,158.87915,1633.1143,491.69495,358.515,1653.6775,486.71848,348.23047,1773.7036,690.15405,484.4182,1972.0991,2010.7673,1411.5304
1304.7994,207.31015,167.3902,1305.2512,216.89555,164.76283,1300.1428,237.01067,154.25513,1312.79,230.2249,159.15466,1293.7786,235.01534,159.03743,1292.1567,213.87276,156.51001,1596.7886,483.1799,353.0375,1618.3003,479.93918,345.43237,1736.7231,678.5646,476.6694,1929.8955,1959.6411,1373.2439
1271.7892,205.60072,165.08363,1273.4708,214.3854,160.74913,1269.4939,233.84558,151.28618,1280.8593,226.01732,157.4582,1263.108,230.83266,156.17294,1260.8087,211.44847,154.16214,1557.9175,473.8966,345.73816,1576.8025,471.75064,340.33124,1692.5305,666.09467,468.03198,1880.7537,1900.3724,1329.3557
1246.1572,210.39685,162.69405,1248.7323,214.81876,159.97263,1243.606,232.08997,152.62386,1253.0536,227.08145,158.21637,1238.8142,228.58748,156.49255,1237.6971,213.39978,155.11224,1526.1772,468.80685,341.15634,1541.8479,467.96588,338.46924,1655.8466,657.34393,463.13187,1835.6799,1835.6932,1283.5131
1212.467,209.11351,160.8765,1215.8999,214.1101,157.30797,1214.1198,228.40741,151.12982,1219.2051,222.18944,157.59857,1208.875,225.1681,155.39922,1205.4917,212.40408,152.9322,1487.3193,460.24292,334.54898,1497.6713,460.29156,332.20975,1609.0266,646.0176,456.09277,1784.5419,1770.0813,1234.0624
1233.5234,225.0384,166.24722,1233.1898,222.69832,164.06172,1231.2257,231.77121,161.60196,1235.6382,230.7123,160.25818,1225.4529,230.73987,162.79913,1230.2594,226.64539,161.39624,1513.1366,470.95984,335.92548,1519.511,468.3577,333.88763,1627.7485,655.0328,461.63336,1801.4901,1771.775,1240.3945
1250.7097,253.10414,177.0165,1249.8225,243.63799,173.91803,1249.7922,246.01756,177.52959,1245.1216,245.82396,174.17484,1252.7345,241.47145,176.41704,1253.3607,250.89127,177.73064,1532.4812,491.77472,349.11285,1526.8674,495.56937,353.31238,1640.1394,684.73663,485.4956,1806.3467,1744.4528,1216.4326
1247.6173,252.77039,168.94766,1240.3053,237.73706,165.03171,1245.6302,244.4065,162.85548,1246.0828,238.12248,163.66295,1256.3911,231.53062,166.3735,1245.4556,241.99783,169.49634,1529.1174,485.39307,347.0229,1519.1549,489.1376,352.71185,1626.54,678.43384,478.44455,1807.294,1733.4777,1208.5217
1265.9418,249.02972,178.8883,1266.436,241.4408,172.72702,1268.8038,242.0634,168.23611,1276.1461,236.42065,166.35484,1256.1852,244.72298,178.17229,1266.7543,240.83653,171.36836,1561.9001,499.0735,346.92746,1551.6694,486.50632,346.74445,1669.7717,680.9606,481.20816,1840.7422,1787.4489,1244.5499
1285.7009,249.69545,172.09686,1281.6132,247.32976,177.45276,1276.451,252.95255,178.50096,1283.5067,253.33942,172.88795,1288.0673,242.32939,174.48499,1288.1427,248.96585,178.7911,1573.2827,499.26495,355.1586,1586.2367,504.82678,358.98758,1690.8287,692.26416,486.70847,1872.1182,1794.0575,1252.2305
1282.3685,245.2206,174.27835,1282.7786,242.82898,169.6015,1281.1655,244.43571,171.86946,1278.6868,244.48976,172.16231,1282.4829,243.51169,171.72002,1280.5934,247.25613,169.45609,1574.7844,496.94382,358.03583,1572.8098,500.78348,355.26483,1689.3582,692.1757,493.3613,1866.27,1800.9567,1255.453
1297.1449,238.49014,174.21762,1293.848,240.52327,175.82066,1291.9333,245.30708,172.93556,1296.8347,243.4294,168.89644,1294.7559,242.83522,173.37357,1293.5391,241.70618,172.04721,1590.34,498.08417,354.30508,1598.1013,496.07166,350.26538,1709.8813,689.63385,486.5554,1894.1628,1851.0895,1293.7744
1270.5032,220.72327,166.36739,1269.7568,227.89305,165.53592,1265.4336,238.05719,160.81554,1272.0951,233.59361,162.46419,1269.375,234.3035,162.57426,1263.0801,226.26341,160.67146,1556.0442,481.78372,349.69577,1569.7216,483.1734,344.28632,1683.4916,672.888,475.88858,1867.1416,1846.3752,1289.4795
1283.9402,223.4972,169.86502,1280.9963,226.72841,167.61342,1280.3494,237.65018,163.04552,1287.4999,233.90858,161.79114,1274.1487,236.85275,164.119,1278.263,228.33444,162.64763,1574.1406,484.6421,347.47433,1585.9303,481.47717,341.25348,1696.092,675.2588,474.4237,1884.8417,1874.9138,1313.5735
1262.2465,210.85295,163.2131,1260.1141,219.39334,162.79637,1255.0887,232.12833,155.67659,1264.9265,227.44913,156.55782,1256.6233,229.3559,158.33678,1252.2516,216.91069,156.2875,1544.6027,472.81534,343.94736,1562.1003,472.13663,336.63794,1674.9631,661.1143,465.99216,1858.8474,1861.3036,1302.8601
1266.754,208.28731,164.49153,1263.7772,215.45477,161.7633,1261.0491,229.72386,153.90709,1271.4469,224.69641,153.66986,1255.099,229.04225,156.84387,1257.0078,215.34213,154.15588,1551.698,470.79962,340.43616,1567.9939,466.0698,330.41296,1678.58,657.9271,461.83914,1866.9569,1885.9653,1324.3108
1275.6382,210.24725,164.74599,1271.7668,215.8827,163.58163,1268.6064,230.34251,156.41374,1278.8256,227.30002,155.23808,1261.8536,230.51741,157.9103,1265.8734,216.63142,156.31526,1561.0497,473.37875,342.3817,1578.7455,469.4167,333.3203,1689.2708,661.6702,464.18362,1877.8086,1896.1378,1332.1965
1304.5835,223.61246,171.73784,1301.3545,224.17531,168.7892,1298.1827,236.94162,164.3179,1306.6372,236.06236,161.46861,1289.3873,238.62212,164.6127,1297.0624,228.87837,163.6138,1597.8036,487.90347,349.40826,1611.4291,483.07062,342.7875,1724.259,679.7086,477.3243,1912.5688,1917.6521,1348.0054
1279.3345,215.84222,168.11397,1279.4691,223.17159,165.58261,1275.9567,236.72708,158.99287,1283.645,231.72618,162.19583,1273.5044,234.8627,161.55458,1269.9037,221.72267,160.34952,1567.2513,481.5537,349.35687,1582.1002,481.05194,344.59082,1697.6238,674.50446,475.50354,1882.9597,1879.6779,1313.3903
1248.6862,221.69989,167.09468,1253.2727,223.32774,162.91731,1250.4395,238.50894,158.83838,1256.3544,233.17314,165.85867,1244.9253,234.6635,161.2885,1244.0774,223.13771,161.37587,1531.553,478.08932,345.2233,1542.8269,479.46384,347.99765,1656.6921,669.4195,472.27225,1835.0475,1806.0121,1257.4269
1253.9309,234.13675,171.36911,1254.657,233.1642,168.08902,1253.9819,240.47081,166.87567,1256.6019,237.89204,167.58,1250.9207,237.3153,167.4514,1252.3281,235.57666,167.69072,1539.8092,483.99976,345.5563,1544.067,484.85086,346.26984,1654.243,674.40735,475.90134,1830.9832,1780.9368,1241.4691
1294.7998,244.01329,175.83183,1290.6334,241.10886,174.70627,1288.4772,243.2824,174.86523,1291.225,244.87088,168.30927,1288.7146,242.757,173.59192,1292.7198,246.75966,172.9639,1588.3938,496.9966,352.52145,1591.403,495.33047,348.10504,1702.4036,688.12964,486.10458,1882.524,1834.6362,1285.4543
1297.2216,243.11586,175.54953,1297.6074,241.31256,173.77385,1294.2123,246.9161,173.9003,1295.9982,247.18196,173.62111,1294.9823,245.42705,172.7941,1294.5305,245.28987,173.14587,1590.79,500.70703,358.0068,1595.7372,502.32718,358.01126,1711.3055,695.78894,493.17978,1890.8533,1835.8412,1280.9971
1294.4156,245.16045,177.41327,1296.2117,243.72385,174.45367,1294.3447,249.63127,174.37614,1296.0574,247.44812,175.25237,1294.3894,246.88335,174.69792,1293.0729,246.56767,174.49416,1589.3503,502.97617,358.29858,1592.8331,504.2264,360.36313,1708.4347,698.7465,494.7555,1887.9913,1825.7161,1271.0034
1300.6471,250.2809,178.57867,1301.381,247.40714,176.40599,1300.9233,251.52802,177.61485,1300.6375,250.4075,176.97012,1300.2423,248.66478,177.23346,1300.9546,251.14125,176.59683,1597.3798,506.30527,360.68225,1598.6941,508.32336,361.97562,1712.9645,703.6686,498.23672,1893.7887,1823.0881,1269.7086
1302.2487,252.90884,178.81927,1303.3749,249.51204,176.96017,1301.542,252.1776,178.97647,1300.5479,252.17747,178.22183,1303.2699,249.52368,178.39859,1302.4521,253.40567,177.61795,1598.9558,508.3229,362.653,1599.3418,511.37198,364.32492,1715.4808,705.946,501.20953,1893.5385,1816.4281,1264.4456
1306.6113,255.84935,180.56068,1307.9529,251.95503,178.34325,1307.5052,254.29572,180.81924,1305.5801,253.77475,180.10889,1308.1205,251.5672,180.0615,1307.9149,256.3017,179.33093,1605.2354,511.6121,363.84833,1604.3142,514.34045,366.14496,1719.8033,710.1768,503.8688,1899.4454,1817.1213,1264.1904
1317.854,254.0946,181.33542,1316.5259,253.10402,179.74144,1316.2673,253.65639,181.12825,1315.5011,252.90063,178.02199,1318.7612,251.40585,180.4346,1317.5898,256.45215,179.35225,1618.7902,513.0372,364.9064,1618.8224,514.76904,363.5874,1733.9644,711.6459,504.39944,1916.8735,1843.6143,1284.4076
1330.9203,249.39874,180.83514,1328.0186,250.30745,179.33412,1327.6654,252.93646,179.26909,1329.4341,251.35698,175.63387,1329.0066,251.15616,178.63177,1328.9607,253.06058,177.52802,1633.6945,513.3876,365.83514,1637.6516,513.92645,362.37558,1752.5905,712.5675,503.78586,1940.8715,1884.8148,1315.491
1364.6609,245.4628,182.30038,1358.6879,248.42348,181.67015,1356.129,251.89378,178.71979,1361.99,251.51558,171.89235,1356.9448,252.16078,178.65347,1358.9543,251.34854,176.69449,1673.2587,517.971,369.36423,1680.9686,514.4716,359.77402,1798.1418,717.56616,506.32138,1992.5746,1966.4998,1379.324
1441.5388,235.43634,186.80336,1427.3555,245.40031,187.48381,1425.7369,249.45534,178.6121,1436.6427,249.5641,164.23683,1421.0165,255.55995,179.70052,1428.2711,248.64485,174.08105,1765.603,528.42224,377.36887,1779.2386,515.78015,351.54184,1898.2933,731.1909,512.8059,2112.987,2153.2375,1523.5637
1442.1484,209.08633,177.35344,1434.5139,225.71274,178.16743,1424.3232,245.36455,162.72328,1444.4639,241.633,159.45786,1420.8501,249.45638,167.2961,1420.2544,222.88962,161.93471,1759.8733,517.8908,379.2914,1791.4846,507.24094,356.56995,1920.558,722.70184,507.349,2136.6375,2225.997,1573.0994
1434.1246,192.97942,176.72212,1429.3268,213.95592,172.8437,1424.4302,240.90584,152.64009,1445.2037,231.34412,155.01431,1407.2102,245.99539,161.17523,1410.1464,208.99152,153.61714,1753.6898,508.20236,374.2188,1785.856,493.58493,348.44586,1914.415,714.7986,498.78873,2139.1216,2263.358,1599.3188
1446.4965,188.02458,175.21791,1438.6969,208.37965,173.16739,1432.5845,237.15465,151.41185,1456.3873,229.44522,149.94478,1412.3617,243.88324,160.34908,1420.5529,204.2546,151.44856,1766.6388,505.31378,372.6858,1802.8486,487.93582,343.13394,1930.7056,710.77167,494.21167,2157.6929,2306.3738,1635.7865
1426.6416,183.20978,173.45558,1423.6826,203.0139,167.95267,1416.9209,237.26404,146.59192,1440.8767,226.98732,151.39412,1395.15,242.11925,156.03023,1400.778,198.40298,148.87558,1742.6069,499.76672,370.45276,1780.9232,485.51993,347.55402,1910.5057,706.87756,491.5959,2134.0432,2279.943,1612.4054
1397.7487,185.87082,173.0285,1397.4226,203.74928,166.47156,1393.7593,236.46892,146.26045,1413.3258,225.46365,153.7311,1368.7931,240.79463,156.7714,1374.5122,198.61177,149.05775,1710.0812,494.81546,366.96536,1741.8866,482.24774,347.08447,1870.5857,701.61725,488.7343,2088.3054,2213.9963,1561.4513
1380.6198,202.35931,175.77702,1382.3418,212.18666,169.35054,1380.9176,240.8175,154.55072,1394.2296,232.70587,161.35388,1354.483,244.81802,162.90071,1363.8743,210.9726,156.12643,1691.2784,499.23666,366.55035,1714.6857,489.20297,353.2014,1840.739,706.0432,493.12296,2050.2786,2132.1519,1500.5082
1310.2241,211.00307,172.19896,1318.9331,218.03656,164.91165,1316.2079,243.84575,155.17061,1324.5836,234.09525,168.65155,1300.7972,241.51437,162.73294,1299.0493,214.60883,159.32584,1606.7728,490.8582,360.57886,1624.7965,490.52612,361.50424,1750.2312,695.2519,489.28073,1940.5266,1956.9835,1363.1151
1288.2318,231.99695,177.74594,1293.57,233.36794,169.3697,1296.2676,247.4443,165.71219,1298.3505,239.7938,172.72256,1283.0715,244.10144,170.03929,1285.4027,233.8416,168.49835,1585.1525,494.869,355.97345,1589.5491,495.47757,358.44345,1705.9705,696.0102,489.71637,1891.0212,1856.2555,1290.4828
1287.4171,247.60484,177.14653,1289.347,243.89554,173.90512,1287.9413,249.32286,174.7876,1287.9966,248.39455,175.37204,1286.1371,245.6203,175.4906,1287.3523,247.04973,174.9602,1581.3336,500.5139,358.37402,1582.2849,503.90515,361.0089,1697.5404,698.12476,494.3573,1873.8308,1805.2006,1256.6382
1286.1063,257.1512,179.94713,1289.514,251.10826,175.77098,1288.0702,253.88426,179.47412,1285.8369,253.45274,180.74208,1289.7672,249.54396,178.30255,1288.6846,256.04385,179.6544,1580.7919,507.1428,360.3599,1578.2584,512.04254,366.92447,1693.4081,704.88153,500.50812,1867.0393,1773.2354,1231.0375
1294.0287,262.16287,181.17062,1295.6373,256.54327,179.08003,1293.245,255.92238,182.9258,1291.4938,256.40265,181.48802,1299.8467,251.06009,181.43575,1296.9213,260.984,182.70285,1590.1112,511.99503,362.45648,1586.7543,516.4129,367.77533,1701.7782,708.7129,503.73758,1874.9778,1773.1958,1231.4595
1287.0742,255.55853,178.31561,1288.3789,253.45732,176.77794,1286.9004,253.84515,179.36726,1285.2512,252.46306,179.27335,1294.2512,248.45364,178.45198,1288.6827,255.85547,178.85239,1581.1536,507.2839,361.2572,1579.9176,512.294,364.5628,1694.1924,703.7501,500.21393,1870.4589,1776.1366,1232.7822
1298.2034,257.106,178.85963,1298.3524,252.45262,178.11743,1297.124,253.84547,180.85004,1296.356,253.75548,178.87721,1300.9137,249.91292,179.49698,1300.2955,256.61996,179.5114,1594.0541,509.5972,361.53632,1593.7493,512.47144,364.27124,1707.1575,705.5885,500.46872,1885.6038,1798.0245,1251.2633
1306.25,255.84259,179.69943,1305.6708,252.86765,178.37532,1304.3381,253.9931,181.0611,1303.7465,253.76564,178.7634,1308.8531,250.45442,179.25278,1307.2782,256.83154,179.67715,1603.7139,511.00696,363.19186,1604.4647,514.4781,365.00418,1718.4691,708.4514,502.41898,1898.5917,1815.5614,1263.6361
1295.2168,245.57707,175.6382,1295.4574,246.53743,175.1648,1293.5172,249.58455,174.87152,1294.0779,247.78586,174.86269,1297.9486,246.12401,175.30292,1293.3973,247.49973,173.78542,1589.5638,503.30264,360.83658,1592.5029,506.0041,359.60132,1708.1951,699.21674,496.4583,1888.788,1821.7648,1268.0065
