0,1,2,3,4,5,6,7,8,9,10,11,12,13,14,15,16,17,18,19,20,21,22,23,24,25,26,27,28,29
212.24823,0.0,815.61774,227.58305,0.0,1103.697,270.34708,0.0,1069.0834,264.3155,0.0,1157.9016,0.0,0.0,998.931,312.03174,0.0,1071.7249,366.53568,0.0,1118.5482,363.98392,0.0,1987.1923,164.98787,0.0,1537.754,617.54944,345.26855,7635.653
302.6305,0.0,431.932,68.014626,0.0,447.30658,208.97943,0.0,605.91656,176.68085,0.0,655.446,0.0,0.0,492.42392,197.89566,0.0,584.62256,222.46199,0.0,479.5072,252.56699,0.0,1300.8257,276.44913,0.0,1364.5983,262.4447,249.16232,4946.4287
65.98792,0.0,491.89624,135.64432,0.0,464.44043,145.5387,0.0,405.2189,108.912445,0.0,361.8926,0.0,0.0,445.39093,176.67528,0.0,430.4582,164.3485,0.0,474.04132,150.11539,0.0,1008.91113,177.66553,0.0,1030.0314,94.370125,194.84454,4514.0977
166.98653,0.0,501.42993,116.4626,0.0,431.85208,105.638016,0.0,467.84634,142.56891,0.0,462.6076,0.0,0.0,494.9853,91.54464,0.0,495.8901,94.36067,0.0,470.55518,192.28537,0.0,1059.3743,185.89577,0.0,1140.7034,171.32137,143.22713,3918.2139
148.84856,0.0,519.81177,101.52543,0.0,494.867,107.50468,0.0,524.9393,101.48607,0.0,482.1662,0.0,0.0,521.51215,121.907074,0.0,522.73987,78.5184,0.0,504.37323,152.65456,0.0,1005.8965,164.62582,0.0,1071.2646,92.32991,131.70888,3072.1875
147.37497,0.0,591.1404,85.615265,0.0,622.31,137.53183,0.0,626.0606,132.67809,0.0,626.2058,0.0,0.0,651.1438,140.53137,0.0,635.35284,137.02557,0.0,640.959,182.03606,0.0,1178.0322,160.17336,0.0,1141.9198,176.03983,145.11006,3688.3447
96.88262,0.0,615.8729,116.4521,0.0,636.7579,76.924194,0.0,629.94366,88.16051,0.0,655.0969,0.0,0.0,625.2005,69.91658,0.0,626.95966,99.818756,0.0,618.1405,150.5749,0.0,1080.4067,148.06665,0.0,1063.6638,151.49431,142.79785,3229.9263
109.942085,0.0,439.354,66.40656,0.0,478.62836,126.61224,0.0,460.2478,108.59291,0.0,491.1605,0.0,0.0,503.53558,131.01686,0.0,492.59778,143.53984,0.0,486.6914,136.79817,0.0,880.1101,132.16028,0.0,858.23364,139.09276,117.719185,2925.1963
99.096664,0.0,359.67822,56.108612,0.0,378.48395,101.51537,0.0,381.32712,86.82887,0.0,384.61102,0.0,0.0,384.74948,93.20306,0.0,375.31302,100.91394,0.0,381.55157,120.502556,0.0,787.1509,113.14744,0.0,751.362,126.11475,117.944305,2867.816
99.605484,0.0,386.72736,79.45242,0.0,388.54495,102.81206,0.0,385.507,99.47752,0.0,387.04172,0.0,0.0,387.45755,100.83304,0.0,391.1601,102.83615,0.0,383.68076,134.30128,0.0,810.3172,137.2567,0.0,794.2755,139.30017,129.87003,3026.7554
92.3497,0.0,346.59344,69.35003,0.0,345.2359,99.57756,0.0,334.98297,97.17163,0.0,343.1589,0.0,0.0,349.73212,97.12964,0.0,347.19287,103.595024,0.0,342.7965,127.84951,0.0,753.04736,129.23596,0.0,751.901,138.65732,130.60672,3006.9165
77.10896,0.0,226.59235,43.230812,0.0,215.04935,94.44398,0.0,198.394,85.97314,0.0,202.81786,0.0,0.0,222.80865,89.49023,0.0,215.7527,96.097336,0.0,217.85341,112.56654,0.0,590.9304,125.63444,0.0,602.4309,110.68463,122.8434,2805.7114
71.66709,0.0,242.80252,86.31924,0.0,247.60686,67.89379,0.0,245.1851,95.47806,0.0,252.69296,0.0,0.0,253.98404,85.07482,0.0,259.51025,89.303375,0.0,244.40909,120.11517,0.0,611.31665,106.607605,0.0,600.19666,153.10193,125.43205,2913.2444
102.25888,0.0,282.47775,85.767395,0.0,264.10428,75.83805,0.0,275.417,92.55582,0.0,278.83246,0.0,0.0,271.1803,73.91268,0.0,282.3082,76.417076,0.0,251.11783,120.92571,0.0,640.8535,120.095726,0.0,670.0004,125.4749,123.34008,2755.2373
49.099773,0.0,295.01526,112.33974,0.0,302.34717,30.282282,0.0,293.87656,39.491722,0.0,316.2368,0.0,0.0,284.13763,38.216698,0.0,300.67697,73.99306,0.0,306.1834,110.27253,0.0,591.5725,113.698654,0.0,618.5042,81.26694,126.36098,2495.2664
81.13239,0.0,256.5641,128.16231,0.0,277.35083,45.836514,0.0,255.97409,74.143425,0.0,287.40292,0.0,0.0,319.83115,26.74077,0.0,290.10846,81.54823,0.0,289.1585,82.00363,0.0,536.92914,91.41019,0.0,596.05286,71.34348,89.51663,2245.4575
67.71097,0.0,228.69061,86.27778,0.0,257.9262,35.235077,0.0,267.37054,35.33369,0.0,289.48502,0.0,0.0,242.95407,40.225365,0.0,256.62274,62.778458,0.0,238.50638,89.27432,0.0,514.1484,91.299416,0.0,482.29584,65.30249,84.26726,1975.2893
72.38043,0.0,202.69182,0.0,0.0,148.42374,69.666534,0.0,149.24622,81.0302,0.0,131.31956,0.0,0.0,137.1775,76.19106,0.0,151.63298,57.573174,0.0,132.21225,68.34894,0.0,405.83923,82.68066,0.0,397.42798,51.592308,59.510365,1658.7809
78.14809,0.0,398.61984,114.10475,0.0,397.00922,53.16349,0.0,413.65717,77.42739,0.0,390.58572,0.0,0.0,399.59467,59.51957,0.0,391.87613,48.67575,0.0,376.87448,109.83687,0.0,715.26746,93.965385,0.0,723.4848,119.87449,85.87746,2127.6377
68.42363,0.0,305.68304,0.0,0.0,280.72577,81.13303,0.0,266.69104,73.48631,0.0,268.22934,0.0,0.0,270.1162,82.57594,0.0,287.04816,72.78669,0.0,290.5463,77.581345,0.0,530.1747,79.97174,0.0,530.5044,102.28433,71.80823,1736.6783
66.16694,0.0,396.7073,48.199,0.0,347.34064,64.27559,0.0,330.40573,74.99504,0.0,296.82373,0.0,0.0,354.69128,73.154175,0.0,334.9089,36.136402,0.0,326.4979,97.6028,0.0,620.17926,80.71448,0.0,684.84937,81.33113,60.84201,1805.8455
34.74469,0.0,367.67816,8.577278,0.0,325.25833,49.14432,0.0,295.9618,63.945427,0.0,287.89615,0.0,0.0,328.78668,59.51342,0.0,318.0393,22.799194,0.0,305.7657,81.51839,0.0,547.2343,77.207726,0.0,586.54865,86.46582,64.01287,1592.0449
77.73933,0.0,317.72818,35.24597,0.0,278.82587,79.353355,0.0,293.87997,87.924255,0.0,263.58832,0.0,0.0,299.13403,91.32858,0.0,289.11383,54.77215,0.0,243.29303,87.721695,0.0,551.94745,86.79413,0.0,568.76,108.33312,52.176834,1693.3914
45.383915,0.0,304.69397,22.131603,0.0,315.87927,68.37128,0.0,272.1931,65.4906,0.0,270.98767,0.0,0.0,352.77594,57.055466,0.0,305.96143,15.298709,0.0,320.45978,84.32722,0.0,552.3247,66.64792,0.0,614.584,94.40287,93.71093,1739.5984
80.6793,0.0,366.10498,74.46048,0.0,373.29883,79.79967,0.0,369.08133,69.649925,0.0,367.99622,0.0,0.0,369.60928,86.40521,0.0,372.12625,88.96863,0.0,362.8355,112.01251,0.0,694.34406,100.26497,0.0,651.84375,117.42843,83.75557,2167.696
100.17551,0.0,325.20483,0.0,0.0,322.3282,76.79703,0.0,346.294,84.008545,0.0,348.45508,0.0,0.0,338.77475,81.60229,0.0,354.265,73.27778,0.0,357.74268,93.74736,0.0,658.09436,85.784904,0.0,638.16064,114.08167,85.64981,2042.5505
74.61632,0.0,312.1023,0.0,0.0,294.1877,61.407547,0.0,307.65656,70.189865,0.0,286.60675,0.0,0.0,293.20898,64.85138,0.0,305.62543,45.842197,0.0,297.94815,76.11236,0.0,577.74725,70.152534,0.0,565.944,96.01074,74.68948,1805.5609
70.547806,0.0,399.18234,92.39798,0.0,397.4747,71.52194,0.0,395.3557,64.76287,0.0,380.27106,0.0,0.0,386.10272,72.97638,0.0,391.77222,74.74444,0.0,391.18582,101.42186,0.0,667.6781,93.625854,0.0,670.5206,98.15937,78.59572,1867.787
78.49754,0.0,397.469,48.826077,0.0,417.0164,77.11388,0.0,413.7418,73.09481,0.0,418.64246,0.0,0.0,416.81964,78.02151,0.0,415.0228,73.470634,0.0,412.4463,90.01719,0.0,691.4894,78.22624,0.0,669.1665,124.10255,76.48455,1876.2698
57.5116,0.0,371.49405,19.002731,0.0,366.24954,76.470474,0.0,337.45087,69.72048,0.0,337.13663,0.0,0.0,357.99475,82.56434,0.0,350.78766,70.32143,0.0,353.8838,88.85621,0.0,588.6366,70.634995,0.0,597.4851,101.58039,64.55687,1707.1096
70.221375,0.0,335.9375,0.0,0.0,293.07944,90.59228,0.0,296.38663,55.514744,0.0,282.5843,0.0,0.0,270.77704,86.75224,0.0,307.4195,89.30228,0.0,345.59875,88.747154,0.0,641.78894,99.96091,0.0,596.6867,68.85666,84.82807,1992.3926
73.929565,0.0,322.2629,0.0,0.0,321.55954,85.84076,0.0,317.40735,92.23634,0.0,305.7785,0.0,0.0,310.66504,85.73173,0.0,315.2778,98.18388,0.0,332.9743,100.124756,0.0,660.95886,90.88701,0.0,623.5219,145.71797,87.24989,2326.3704
122.64075,0.0,348.6146,99.765854,0.0,398.5129,110.65982,0.0,422.17685,77.59612,0.0,410.21918,0.0,0.0,382.4462,96.25148,0.0,389.97018,96.17993,0.0,396.8391,134.25792,0.0,807.3884,106.82333,0.0,711.66644,132.95026,112.63606,2569.0977
97.01658,0.0,630.38525,149.80492,0.0,641.8439,48.758774,0.0,654.15924,60.07854,0.0,674.2262,0.0,0.0,602.13293,52.814056,0.0,628.8761,82.104256,0.0,625.42554,145.19165,0.0,1012.6028,140.93875,0.0,1014.9702,122.61639,132.28036,2697.7598
131.60919,0.0,653.786,107.02464,0.0,692.3415,112.41743,0.0,693.07214,127.89537,0.0,675.1942,0.0,0.0,671.9628,122.706924,0.0,674.0219,135.11688,0.0,658.0122,140.4891,0.0,1072.2633,121.6325,0.0,1039.2661,187.21144,110.155365,2737.6401
164.47166,0.0,784.1786,103.92342,0.0,855.10046,152.4294,0.0,870.3197,127.8013,0.0,872.1029,0.0,0.0,846.91046,147.85573,0.0,846.87775,139.951,0.0,838.7832,180.00073,0.0,1369.4502,148.4642,0.0,1286.8412,230.76361,147.74988,3351.734
168.57086,0.0,854.1371,93.80562,0.0,918.7024,170.03336,0.0,918.3933,142.54987,0.0,923.3832,0.0,0.0,906.79926,171.77287,0.0,902.1584,164.38153,0.0,892.0664,190.06175,0.0,1446.9121,165.91975,0.0,1368.7697,234.06076,156.4769,3541.722
111.54317,0.0,1016.4645,103.04915,0.0,1032.2014,96.61805,0.0,980.4635,129.56284,0.0,1002.16797,0.0,0.0,1016.39374,102.66356,0.0,978.12274,112.73845,0.0,965.3854,202.87451,0.0,1497.0247,160.97249,0.0,1508.5529,209.19905,146.7964,3579.4634
159.20026,0.0,878.5742,105.98241,0.0,924.6349,173.89763,0.0,936.89,141.26266,0.0,914.1998,0.0,0.0,873.281,185.48914,0.0,903.7418,199.90573,0.0,911.4951,182.07181,0.0,1493.7491,198.59564,0.0,1337.6909,203.30014,154.13284,3413.6675
131.58026,0.0,1029.4124,109.754425,0.0,1022.7777,197.12433,0.0,980.0327,151.57483,0.0,1001.94684,0.0,0.0,985.78674,183.58105,0.0,993.6061,208.78917,0.0,1043.7787,189.5663,0.0,1665.2003,187.64435,0.0,1568.0813,231.54346,168.2975,4117.1025
141.6026,0.0,908.7757,60.606903,0.0,949.7606,186.35703,0.0,903.87286,149.05124,0.0,932.7042,0.0,0.0,959.746,177.07803,0.0,932.1095,149.93506,0.0,946.2198,190.15216,0.0,1542.904,177.06735,0.0,1514.3484,265.1645,179.76634,4070.5593
168.3919,0.0,840.01025,106.28349,0.0,837.0025,196.17174,0.0,824.3505,140.2822,0.0,833.9383,0.0,0.0,834.09705,196.69736,0.0,842.75464,232.22247,0.0,877.50256,194.12767,0.0,1416.134,189.23692,0.0,1367.6523,199.98036,157.89972,4148.7207
131.45139,0.0,634.9091,14.512901,0.0,676.45996,143.993,0.0,643.07965,171.70026,0.0,633.34393,0.0,0.0,674.2864,145.59462,0.0,628.7612,157.59312,0.0,631.2525,185.85345,0.0,1155.6423,132.33948,0.0,1117.0574,261.08954,141.36453,3766.4617
166.66321,0.0,548.83716,0.0,0.0,558.676,161.43936,0.0,584.5055,154.00806,0.0,586.0827,0.0,0.0,558.9499,161.08029,0.0,587.4392,201.93236,0.0,601.43604,170.5527,0.0,1116.554,165.63034,0.0,1019.9115,228.09209,155.68188,4020.477
135.62267,0.0,350.05276,94.02219,0.0,373.6443,126.489395,0.0,401.7401,130.86281,0.0,392.04596,0.0,0.0,386.38367,116.177376,0.0,380.86407,172.62982,0.0,382.77783,125.94328,0.0,819.405,142.93951,0.0,777.0798,158.40903,138.16676,3383.6519
91.06546,0.0,400.52948,62.993835,0.0,402.59573,41.86797,0.0,391.7331,91.04574,0.0,405.95172,0.0,0.0,426.11597,46.64567,0.0,395.8009,62.947803,0.0,381.20508,146.26733,0.0,770.65686,123.17482,0.0,830.332,113.75808,118.18778,2893.9944
80.85707,0.0,422.11884,111.20855,0.0,359.70175,70.069756,0.0,361.45816,73.721214,0.0,364.88095,0.0,0.0,326.12656,67.384514,0.0,366.56552,134.55061,0.0,374.68842,104.287704,0.0,769.3311,169.35086,0.0,724.5996,32.259052,117.617615,2847.2412
96.21326,0.0,254.22986,83.37601,0.0,292.20746,104.61645,0.0,331.1173,102.42627,0.0,324.52213,0.0,0.0,291.64578,106.36031,0.0,305.52652,116.290085,0.0,276.0664,128.99617,0.0,733.39557,129.67073,0.0,692.5691,196.21297,130.42786,2945.87
55.95215,0.0,272.52924,91.01674,0.0,251.70619,75.99108,0.0,236.21349,43.51444,0.0,261.2074,0.0,0.0,232.37186,60.396812,0.0,241.88666,87.43582,0.0,253.94495,101.43994,0.0,629.4806,155.81287,0.0,618.3751,43.889236,147.62344,2705.358
82.304535,0.0,409.59674,84.08119,0.0,352.91364,49.48725,0.0,348.58966,91.409454,0.0,337.54636,0.0,0.0,374.7703,65.52831,0.0,367.4757,33.570477,0.0,332.66394,113.17642,0.0,725.6698,110.553116,0.0,798.9224,111.73076,104.17014,2625.1523
79.72014,0.0,344.4217,40.69861,0.0,331.659,85.52968,0.0,301.0892,110.57328,0.0,291.09528,0.0,0.0,330.5454,99.64657,0.0,315.076,87.72711,0.0,290.0767,125.45633,0.0,622.40765,111.419525,0.0,651.3886,141.3234,101.636475,2421.032
90.77216,0.0,325.76733,72.86619,0.0,349.67694,92.279785,0.0,348.9145,89.074936,0.0,355.56763,0.0,0.0,357.2128,89.01355,0.0,347.50845,105.912,0.0,345.9967,135.0696,0.0,746.2533,121.87163,0.0,718.834,146.33708,131.99483,2879.2278
90.30832,0.0,244.58386,82.604706,0.0,249.25783,89.12081,0.0,285.4972,82.029175,0.0,280.54382,0.0,0.0,262.83075,97.92769,0.0,274.87164,83.24688,0.0,222.97562,115.202644,0.0,632.9493,129.34161,0.0,628.74756,136.54341,119.2052,2550.1675
69.39331,0.0,231.1598,81.66114,0.0,255.84702,100.78493,0.0,210.80264,87.553505,0.0,220.25148,0.0,0.0,279.2379,85.470795,0.0,235.99286,80.9932,0.0,240.33847,108.69961,0.0,559.5552,101.754074,0.0,599.6201,124.88072,131.74538,2641.9585
74.6603,0.0,239.89186,82.299286,0.0,204.62668,53.669548,0.0,211.30447,49.82461,0.0,212.0739,0.0,0.0,212.73169,62.976463,0.0,223.5546,65.49942,0.0,215.46378,103.39272,0.0,511.37286,107.34966,0.0,551.7139,69.39581,94.86107,2199.5698
76.28615,0.0,192.01874,49.17278,0.0,181.6907,86.54972,0.0,168.53569,85.26956,0.0,161.04968,0.0,0.0,183.87372,79.70627,0.0,177.45584,90.316315,0.0,182.00519,103.26693,0.0,527.282,115.53955,0.0,533.19794,95.05242,115.81306,2529.2993
60.538868,0.0,170.22263,90.02075,0.0,141.7186,73.68375,0.0,129.57533,51.937668,0.0,122.43762,0.0,0.0,136.853,69.764175,0.0,137.39835,77.25289,0.0,154.09462,105.043465,0.0,476.46204,122.37294,0.0,520.1372,66.62825,111.65716,2445.8374
94.27913,0.0,201.33295,70.06913,0.0,173.7967,62.778046,0.0,192.98193,83.00163,0.0,185.087,0.0,0.0,211.31662,70.38686,0.0,205.23598,63.678864,0.0,193.28426,106.42423,0.0,553.4166,118.43103,0.0,593.60974,78.81752,103.07497,2469.8765
72.053314,0.0,183.22281,46.23208,0.0,170.2074,59.3308,0.0,176.4113,70.803116,0.0,165.50114,0.0,0.0,173.04657,65.85293,0.0,175.4956,57.48313,0.0,156.86525,88.49569,0.0,458.40417,95.45253,0.0,472.01465,87.62167,92.635216,2096.8508
46.029106,0.0,145.37569,45.30665,0.0,139.23882,27.535513,0.0,145.8197,38.46804,0.0,150.54015,0.0,0.0,142.88782,24.26441,0.0,144.13608,39.588375,0.0,134.46855,72.20858,0.0,369.69556,89.48042,0.0,388.59616,52.7622,88.55341,1691.814
60.154556,0.0,270.00458,74.334366,0.0,216.64403,49.007988,0.0,225.0296,60.065895,0.0,201.85999,0.0,0.0,205.09348,60.151302,0.0,224.98166,55.570293,0.0,209.60822,75.781,0.0,501.65652,98.30119,0.0,502.669,43.609947,71.171265,1751.08
51.54075,0.0,271.71783,74.482445,0.0,262.3111,51.144127,0.0,277.52597,62.933044,0.0,272.22925,0.0,0.0,270.86917,58.296722,0.0,273.1441,46.49871,0.0,245.61755,78.69362,0.0,506.0418,78.51271,0.0,529.5354,111.84023,72.32663,1657.48
68.539314,0.0,331.3316,42.668358,0.0,326.0804,53.652466,0.0,318.26862,69.80438,0.0,306.377,0.0,0.0,335.21368,65.30616,0.0,317.38147,34.72073,0.0,287.58057,81.175644,0.0,513.22656,61.378395,0.0,545.2853,96.36387,56.720592,1432.7372
71.93056,0.0,388.49048,38.486317,0.0,405.63242,55.569126,0.0,400.16937,74.402016,0.0,389.6615,0.0,0.0,405.9886,68.72497,0.0,389.24902,48.023506,0.0,363.91864,96.675705,0.0,608.2249,66.03559,0.0,600.57336,113.85038,60.48161,1495.5583
64.97297,0.0,190.07639,37.8684,0.0,251.6585,78.05628,0.0,226.96309,86.09745,0.0,238.60378,0.0,0.0,249.31866,71.78376,0.0,247.79335,94.824486,0.0,278.90692,58.364193,0.0,415.75156,17.450228,0.0,346.127,158.44572,70.497505,1704.7476
72.32204,0.0,250.09167,85.35894,0.0,309.4721,93.61286,0.0,262.4236,73.22335,0.0,278.88364,0.0,0.0,285.0914,69.86949,0.0,278.54538,100.552734,0.0,307.45773,103.76158,0.0,533.24756,67.875046,0.0,535.0116,156.5415,112.40051,2058.9397
84.06506,0.0,271.641,67.288574,0.0,291.59747,93.86456,0.0,277.4818,78.37909,0.0,294.8114,0.0,0.0,294.08685,94.00287,0.0,288.94794,113.35983,0.0,291.97964,106.135,0.0,622.4791,108.376236,0.0,600.7201,126.61673,111.04607,2499.9688
104.09749,0.0,185.21352,33.109283,0.0,208.7239,87.52158,0.0,227.40822,76.738976,0.0,234.842,0.0,0.0,242.87244,84.90232,0.0,230.12589,89.97859,0.0,228.8541,108.15672,0.0,570.8821,114.929,0.0,565.82007,87.96317,111.52492,2360.178
89.43146,0.0,262.30945,100.67888,0.0,258.92252,83.31871,0.0,303.10565,78.920395,0.0,283.71823,0.0,0.0,272.19904,93.56131,0.0,282.6813,73.83086,0.0,230.49008,121.54964,0.0,669.69525,126.70407,0.0,656.7157,124.29466,119.77855,2651.1824
89.32561,0.0,281.02316,69.24298,0.0,289.71063,102.114914,0.0,276.0348,92.37516,0.0,285.95224,0.0,0.0,294.1044,96.50022,0.0,283.46466,104.516335,0.0,276.7388,127.10269,0.0,641.8473,128.1869,0.0,646.96545,129.73613,138.7985,2806.08
108.04823,0.0,248.1904,60.532818,0.0,256.2613,79.453186,0.0,274.5919,87.589,0.0,279.69333,0.0,0.0,296.9748,83.562195,0.0,283.83694,98.113045,0.0,275.78162,127.11452,0.0,659.70703,126.995445,0.0,674.0421,100.543045,123.18639,2716.6592
117.15619,0.0,414.21234,72.47871,0.0,345.29968,55.254734,0.0,378.52325,91.837524,0.0,363.53036,0.0,0.0,402.11615,68.47365,0.0,399.2117,38.761574,0.0,360.9889,95.39034,0.0,718.26807,108.82314,0.0,795.81494,55.501842,84.50284,2366.2046
105.68225,0.0,343.24152,0.0,0.0,330.58563,79.34447,0.0,354.57654,97.31391,0.0,332.46637,0.0,0.0,326.33575,86.101906,0.0,349.27856,102.59853,0.0,343.45465,98.50282,0.0,629.60724,90.71042,0.0,593.131,120.215126,82.96246,2101.1775
77.99426,0.0,327.69934,81.2298,0.0,336.94922,79.552956,0.0,343.20984,80.7582,0.0,346.5716,0.0,0.0,354.02875,72.576706,0.0,342.52078,101.520454,0.0,332.3727,89.734955,0.0,609.27734,87.35916,0.0,598.98755,102.732414,80.594986,2032.7432
93.58708,0.0,476.1254,67.02536,0.0,441.19336,61.78495,0.0,455.02875,78.001236,0.0,450.35486,0.0,0.0,458.84634,66.348236,0.0,462.8081,51.557537,0.0,442.19022,92.10995,0.0,742.502,86.981895,0.0,770.7411,95.93175,79.56138,2062.0417
88.91763,0.0,388.8584,46.67186,0.0,429.2918,95.03101,0.0,425.5601,74.94392,0.0,423.42322,0.0,0.0,411.5631,95.46529,0.0,420.09436,114.17169,0.0,429.8835,113.43691,0.0,707.62024,100.314865,0.0,667.16815,123.4839,101.18122,2022.2319
70.99137,0.0,438.45178,35.154266,0.0,436.64044,77.5522,0.0,418.76917,77.940674,0.0,427.9907,0.0,0.0,446.84192,74.85802,0.0,434.7521,71.311554,0.0,432.62762,100.343056,0.0,746.7666,86.24041,0.0,748.6985,118.73321,94.21482,2178.7373
65.31592,0.0,394.34467,50.32772,0.0,389.19208,91.521805,0.0,372.5652,78.82878,0.0,375.2962,0.0,0.0,373.9048,95.97685,0.0,384.5567,113.529,0.0,392.99475,101.72933,0.0,700.46545,113.48736,0.0,654.80054,104.1945,98.60187,2140.644
50.06788,0.0,306.86182,24.33693,0.0,281.36478,67.12138,0.0,282.66498,56.82505,0.0,285.7489,0.0,0.0,307.90247,60.518307,0.0,296.9062,35.848877,0.0,273.90857,76.4023,0.0,568.2134,81.43193,0.0,606.7174,98.06485,81.54826,1757.5076
57.598972,0.0,278.7189,26.132957,0.0,274.45764,84.26152,0.0,250.15512,63.694817,0.0,252.96149,0.0,0.0,289.83374,85.82505,0.0,269.93597,64.6373,0.0,263.66522,99.23714,0.0,558.0532,101.346405,0.0,563.1953,86.680954,102.08467,2116.5232
78.77554,0.0,231.38576,32.119183,0.0,203.58897,84.39221,0.0,209.23814,69.17593,0.0,209.52678,0.0,0.0,220.74745,82.71865,0.0,224.47638,99.19101,0.0,240.27672,103.723114,0.0,581.9535,125.89643,0.0,558.4146,51.876354,104.277695,2237.2756
50.22805,0.0,180.50374,76.279305,0.0,197.86896,94.02362,0.0,147.36438,65.69224,0.0,144.56485,0.0,0.0,195.6947,76.224335,0.0,165.07632,89.56131,0.0,209.63084,94.38812,0.0,487.61316,92.99306,0.0,520.2691,102.87851,107.82335,2347.938
91.9696,0.0,208.67685,28.378382,20.65184,171.15413,63.49002,0.0,194.25668,56.331753,0.0,173.85233,0.0,0.0,196.209,56.222855,0.0,190.81218,9.275906,0.0,160.91107,83.14162,0.0,511.33435,102.816055,0.0,543.3102,71.52987,90.55566,1956.4204
66.34979,0.0,239.88446,78.91787,0.0,216.40198,62.053448,0.0,222.10435,64.06505,0.0,232.48984,0.0,0.0,219.05563,59.982635,0.0,215.78195,105.63191,0.0,219.83405,94.53337,0.0,520.39404,138.53105,0.0,513.1554,47.791412,109.02778,2428.9575
132.10489,0.0,232.14713,8.556075,0.0,254.42062,128.28441,0.0,231.89963,149.46022,0.0,194.48668,0.0,0.0,236.40852,132.65094,0.0,198.01318,116.64542,0.0,184.51347,176.80266,0.0,706.2724,132.55576,0.0,678.13586,194.6571,135.73665,3493.5889
134.79308,0.0,449.84146,127.74451,0.0,377.47928,188.80489,0.0,370.25134,143.87505,0.0,347.48853,0.0,0.0,334.4024,179.70049,0.0,370.15973,187.4259,0.0,393.54752,215.04735,0.0,1155.2593,279.08203,0.0,1080.7615,142.1764,245.69376,5005.3696
183.69699,0.0,575.87415,180.26157,0.0,566.9474,203.23846,0.0,547.0346,201.74876,0.0,546.44086,0.0,0.0,575.7258,193.86272,0.0,547.70386,215.99142,0.0,557.2163,264.96045,0.0,1415.1685,269.5835,0.0,1429.7971,298.1993,271.56525,6146.063
199.27136,0.0,643.657,118.2663,0.0,575.1607,184.02643,0.0,533.2218,250.148,0.0,484.30798,0.0,0.0,590.78033,219.64125,0.0,530.8089,152.98016,0.0,464.60565,284.1136,0.0,1323.509,259.68124,0.0,1444.2891,302.9411,240.30582,5964.01
215.45526,0.0,548.2717,164.63426,0.0,505.8534,194.60013,0.0,619.8114,171.74672,0.0,541.08203,0.0,0.0,550.906,192.3237,0.0,558.06146,128.39761,0.0,428.001,277.2049,0.0,1414.6969,311.31247,0.0,1439.8599,264.55402,267.12344,5296.092
274.69904,0.0,805.3538,168.5242,0.0,853.1262,349.39597,0.0,818.32385,258.76428,0.0,804.5543,0.0,0.0,852.9833,328.2336,0.0,803.96326,324.83594,0.0,825.44965,395.9904,0.0,2033.9612,397.3581,0.0,1947.5262,367.38177,409.14038,8572.439
286.49533,0.0,951.8585,234.06934,0.0,989.97546,262.40604,0.0,1023.9325,228.43819,0.0,1002.0785,0.0,0.0,953.3616,275.6333,0.0,989.8291,308.11273,0.0,994.5025,392.78403,0.0,2078.6694,342.0235,0.0,2020.989,415.3662,361.31046,7743.7324
252.35252,0.0,1203.6216,107.48393,0.0,1075.7528,268.43958,0.0,1009.12427,294.8116,0.0,1008.9931,0.0,0.0,1123.342,264.75363,0.0,1099.604,169.28831,0.0,1037.9414,359.67505,0.0,2251.842,370.11154,0.0,2418.0676,365.0757,402.75513,8436.854
345.07425,0.0,790.7074,145.2151,0.0,748.6405,268.0248,0.0,829.3464,284.9755,0.0,797.7067,0.0,0.0,890.06433,294.30945,0.0,853.9833,344.23145,0.0,817.0358,316.8109,0.0,1813.0786,386.68347,0.0,1852.9934,252.73851,280.61896,7063.2266
221.5981,0.0,683.02765,66.980064,0.0,603.76715,243.77252,0.0,623.6479,201.3245,0.0,602.3061,0.0,0.0,643.103,233.4495,0.0,651.33136,265.1101,0.0,716.34393,290.1174,0.0,1756.6812,343.4804,0.0,1695.2421,138.8782,313.63605,6984.6025
171.9192,0.0,832.845,262.77597,0.0,659.87836,263.8865,0.0,614.5058,174.04144,0.0,569.5314,0.0,0.0,595.8722,247.66878,0.0,652.7053,282.35953,0.0,748.6629,285.20865,0.0,1749.4379,388.04733,0.0,1777.515,145.67201,305.81876,7031.6455
206.29639,0.0,826.3538,275.81165,0.0,784.29675,246.92249,0.0,735.22986,214.41312,0.0,733.94006,0.0,0.0,770.9886,242.4786,0.0,763.73944,283.1102,0.0,836.68384,324.47443,0.0,1765.9031,323.0989,0.0,1860.6514,343.02567,316.88098,7388.5977
232.6112,0.0,596.79517,215.10643,0.0,702.5151,258.01904,0.0,724.84955,98.20667,0.0,714.8585,0.0,0.0,625.689,211.82784,0.0,671.7083,253.02576,0.0,765.96387,287.80493,0.0,1518.1753,240.23178,0.0,1340.1346,204.47038,262.21457,5311.5376
184.31401,0.0,562.2637,68.544754,0.0,592.2812,146.55034,0.0,600.638,191.6632,0.0,634.47327,0.0,0.0,620.78766,169.27464,0.0,608.62006,226.13301,0.0,612.59454,209.40416,0.0,1208.3031,214.0217,0.0,1205.1228,229.06757,189.15213,4455.6436
119.43254,0.0,364.3626,119.74097,0.0,393.19177,172.18703,0.0,405.96353,127.78884,0.0,394.93256,0.0,0.0,417.52872,158.86542,0.0,406.0573,162.82524,0.0,376.66092,175.00482,0.0,1009.9712,190.58565,0.0,999.34503,203.81155,204.68274,4241.5396
131.9772,0.0,516.6478,116.773224,0.0,411.77823,161.07352,0.0,407.72705,126.8325,0.0,399.30502,0.0,0.0,413.49878,159.23584,0.0,431.2091,156.58682,0.0,431.91467,185.70297,0.0,1099.7153,248.75473,0.0,1099.5935,109.848015,212.08415,4492.49
134.28394,0.0,519.6501,186.1174,0.0,523.02045,128.15254,0.0,516.848,155.177,0.0,529.98785,0.0,0.0,555.4451,139.51955,0.0,522.3066,166.1862,0.0,499.25626,207.98862,0.0,1110.8486,197.76414,0.0,1143.9197,226.9726,200.6681,4538.514
138.65677,0.0,416.65424,142.6517,0.0,379.27255,116.33739,0.0,436.38135,122.77586,0.0,411.80005,0.0,0.0,410.13757,131.10214,0.0,422.14413,103.43483,0.0,340.70886,167.17743,0.0,923.51117,189.57089,0.0,985.5757,176.64728,175.66182,3609.2087
150.50613,0.0,406.63834,32.13844,0.0,358.2004,121.464676,0.0,404.09348,133.3934,0.0,348.001,0.0,0.0,430.41626,138.16974,0.0,385.20923,59.970863,0.0,290.23605,175.10944,0.0,861.3856,170.07771,0.0,957.14417,137.57126,128.1895,2970.201
89.557144,0.0,377.12558,87.90108,0.0,426.1793,123.47185,0.0,409.23807,105.63422,0.0,410.54913,0.0,0.0,436.5686,134.93083,0.0,397.184,144.02702,0.0,390.17154,179.13373,0.0,853.92737,161.0227,0.0,800.3673,164.46353,166.74352,3468.389
107.62286,0.0,424.62677,70.88756,0.0,385.35727,93.65345,0.0,364.71487,126.342255,0.0,358.5647,0.0,0.0,402.7127,96.14287,0.0,377.93762,91.74611,0.0,348.05185,152.95607,0.0,792.19385,134.52348,0.0,848.4269,151.90137,128.80008,3024.3774
111.57936,0.0,332.78683,98.053085,0.0,372.26468,117.44056,0.0,376.4869,101.14911,0.0,383.07037,0.0,0.0,388.28204,121.45195,0.0,370.49176,129.84195,0.0,352.90964,153.01562,0.0,810.15466,160.09497,0.0,782.2687,150.05966,156.93262,3188.815
97.42329,0.0,485.52667,69.6107,0.0,426.37268,76.826805,0.0,419.195,95.4752,0.0,421.20532,0.0,0.0,451.28568,81.979965,0.0,443.45728,47.769325,0.0,409.38568,134.97525,0.0,858.17444,134.70609,0.0,926.5993,112.44858,142.86584,3002.2202
106.02382,0.0,352.36572,1.7080803,0.0,358.15543,152.58812,0.0,287.86713,156.72737,0.0,275.2125,0.0,0.0,345.476,157.81664,0.0,302.76004,167.48941,0.0,302.9588,188.53838,0.0,797.2456,169.71387,0.0,790.3352,195.52934,161.9499,3680.2021
126.26498,0.0,216.65692,84.32582,0.0,258.0369,118.25877,0.0,275.12686,112.28942,0.0,285.1278,0.0,0.0,310.7586,114.69133,0.0,275.52487,150.531,0.0,290.15466,184.89511,0.0,833.55457,188.71855,0.0,818.54926,147.04652,185.51996,3857.3293
115.64311,0.0,341.73883,67.94721,0.0,182.8441,112.639626,0.0,167.59132,139.90637,0.0,136.84077,0.0,0.0,191.66663,129.87354,0.0,192.78601,117.202866,0.0,168.89825,103.82381,0.0,646.405,165.8503,0.0,701.824,51.531998,100.917336,3313.4185
114.367546,0.0,299.6657,114.24678,0.0,322.30136,119.16366,0.0,324.60156,133.62933,0.0,317.12238,0.0,0.0,327.12067,114.07325,0.0,311.82434,144.1896,0.0,324.33923,191.01213,0.0,863.911,178.49246,0.0,853.9756,209.26709,200.65567,4116.7734
171.7911,0.0,383.4737,147.93623,0.0,261.89896,159.70776,0.0,276.11786,122.28644,0.0,256.02286,0.0,0.0,279.75848,146.70982,0.0,300.831,182.09058,0.0,316.49667,150.88408,0.0,837.29224,209.84763,0.0,937.72156,79.024216,159.06627,4124.873
82.44896,0.0,309.58237,107.18765,0.0,325.48477,86.43975,0.0,310.54926,153.64929,0.0,311.56046,0.0,0.0,321.9937,120.0181,0.0,322.76715,158.90077,0.0,323.02087,176.24007,0.0,813.2255,150.83145,0.0,798.0432,243.74869,198.52306,4272.573
129.44551,0.0,304.36002,92.557495,0.0,255.15933,122.34703,0.0,217.36629,157.92067,0.0,210.24765,0.0,0.0,264.64294,114.14641,0.0,238.7887,123.01004,0.0,192.39197,185.88135,0.0,745.03906,177.49982,0.0,844.89185,187.49887,174.94531,3940.793
67.68301,0.0,229.43764,47.935623,113.73935,141.95822,29.240646,0.0,136.86322,67.27272,0.0,105.6765,0.0,0.0,230.14761,36.717762,0.0,175.86455,0.0,0.0,124.11485,93.4973,0.0,499.35712,134.26283,0.0,698.03394,24.985535,122.7917,2234.956
51.602985,0.0,163.344,82.14082,0.0,176.17786,83.30546,0.0,179.84406,85.33642,0.0,169.02864,0.0,0.0,209.18167,100.58659,0.0,169.18454,88.68368,0.0,147.52994,122.76253,0.0,482.2691,140.72972,0.0,479.07947,78.26431,95.60181,2433.1816
72.88803,0.0,177.40057,70.43356,0.0,175.09836,29.414799,0.0,196.59332,41.83493,0.0,221.48979,0.0,0.0,202.90157,14.494023,0.0,199.1978,45.01376,0.0,195.65552,103.09579,0.0,502.36383,101.33195,0.0,523.2237,49.34133,115.0516,2156.3025
47.3083,0.0,140.64836,47.09497,0.0,114.17654,33.735878,0.0,112.04918,45.199554,0.0,110.05836,0.0,0.0,111.46162,43.76272,0.0,121.38028,68.744934,0.0,116.78949,65.39486,0.0,357.45224,107.57216,0.0,370.00116,6.1886826,76.7377,1630.2529
35.580128,0.0,120.33974,32.207024,0.0,109.15955,35.846714,0.0,92.04478,59.04181,0.0,82.48342,0.0,0.0,113.50731,40.98946,0.0,93.600914,42.562546,0.0,88.790405,61.754894,0.0,280.61234,53.18419,0.0,307.23773,72.73182,49.726418,1424.5668
78.13215,0.0,178.27173,19.155035,0.0,163.87953,74.32046,0.0,171.55951,49.760967,0.0,152.89859,0.0,0.0,175.35773,52.793987,0.0,165.68616,23.206573,0.0,151.35999,84.0514,0.0,462.01306,95.69299,0.0,472.40222,58.82408,90.31539,1724.2017
70.58868,0.0,118.48948,53.310444,0.0,189.24611,105.56827,0.0,150.06998,85.71849,0.0,157.77681,0.0,0.0,214.24213,98.79489,0.0,166.4193,115.76842,0.0,199.60495,117.86189,0.0,506.7586,116.40732,0.0,487.98376,116.388565,130.55132,2467.2393
41.217598,0.0,243.0316,82.72818,0.0,208.13545,38.617516,0.0,175.68434,30.56859,0.0,216.74365,0.0,0.0,215.14886,18.412525,0.0,203.3227,27.881176,0.0,205.20175,107.85121,0.0,594.7396,130.44145,0.0,637.8568,52.473328,149.092,2826.3179
129.67268,0.0,207.9726,162.87807,0.0,119.831474,101.820145,0.0,198.75172,87.54953,0.0,150.30635,0.0,0.0,130.9219,123.1527,0.0,179.75186,131.49165,0.0,131.46402,109.91454,0.0,554.04736,177.16791,0.0,603.06805,67.94835,109.441246,2799.1877
50.434616,0.0,181.00366,144.4115,0.0,178.42776,51.97355,0.0,219.50952,21.344189,0.0,229.18764,0.0,0.0,158.37378,39.234505,0.0,187.24402,85.83284,0.0,187.94157,144.24849,0.0,614.2435,160.83746,0.0,647.4671,95.20458,187.32948,3204.95
108.721214,0.0,304.08838,129.55394,0.0,248.36923,132.40465,0.0,228.56671,126.70132,0.0,209.4326,0.0,0.0,213.22543,134.23674,0.0,238.25844,176.13048,0.0,238.94287,156.07077,0.0,793.37,208.17496,0.0,762.1101,113.81735,179.84665,3911.9731
128.04393,0.0,316.7322,130.47469,0.0,324.53674,136.94183,0.0,313.03918,139.71686,0.0,325.2936,0.0,0.0,337.63037,125.51755,0.0,315.1387,159.9387,0.0,325.77045,189.60825,0.0,923.9236,195.16559,0.0,942.02374,214.90477,210.75778,4539.5957
163.4288,0.0,371.6455,132.07767,0.0,269.43314,125.12401,0.0,296.59634,148.34319,0.0,279.9328,0.0,0.0,314.3542,133.89095,0.0,315.90915,146.8638,0.0,279.66095,145.2626,0.0,820.0836,197.1799,0.0,908.0055,121.46615,157.9778,4095.5208
89.70781,0.0,379.35895,42.84481,0.0,260.4524,68.09448,0.0,251.45264,107.64733,0.0,225.98975,0.0,0.0,304.5437,72.44623,0.0,293.96573,13.689957,0.0,256.14832,145.28392,0.0,772.4092,166.39825,0.0,927.92566,92.21921,183.70544,3590.23
157.59947,0.0,225.31425,63.737617,0.0,310.84283,197.22708,0.0,316.4979,102.98499,0.0,305.00223,0.0,0.0,278.0981,152.52461,0.0,275.2788,180.67458,0.0,327.11444,182.84251,0.0,899.82874,173.55843,0.0,739.60046,161.00633,191.05983,3827.0098
58.57991,0.0,190.49504,119.93376,0.0,246.4525,116.32216,0.0,167.82527,126.287415,0.0,188.76591,0.0,0.0,241.09482,109.76631,0.0,187.86221,135.0863,0.0,207.85098,136.0582,0.0,604.1135,142.76866,0.0,629.8664,207.31653,179.87703,3418.4421
79.335754,0.0,208.77448,132.25003,0.0,201.21835,83.32227,0.0,178.44553,95.38271,0.0,206.87057,0.0,0.0,219.64983,94.90489,0.0,215.32248,114.37928,0.0,202.34734,127.462364,0.0,578.63574,125.64208,0.0,612.8405,159.52872,153.22603,3143.0505
141.60875,0.0,167.28787,72.25513,0.0,147.62102,91.451164,0.0,187.60204,98.09394,0.0,184.4008,0.0,0.0,201.87228,91.26937,0.0,189.55069,98.05272,0.0,164.3886,140.39305,0.0,628.58777,162.9426,0.0,684.79333,80.778336,151.74191,3091.8074
95.549385,0.0,190.70035,70.51404,0.0,184.34499,78.71103,0.0,199.0054,78.699394,0.0,161.97774,0.0,0.0,192.09215,75.29955,0.0,169.45587,74.75992,0.0,144.24432,116.57057,0.0,564.1887,135.8293,0.0,571.84576,78.90808,118.32382,2572.9756
63.43081,0.0,181.92686,87.25311,0.0,226.98491,77.880356,0.0,216.6659,97.014244,0.0,231.36943,0.0,0.0,220.85199,94.57721,0.0,218.32999,120.58026,0.0,216.48712,125.24596,0.0,544.47974,115.01398,0.0,501.74774,169.25958,144.63966,2848.0413
116.290146,0.0,196.14226,74.676216,0.0,201.6629,87.92052,0.0,221.20978,94.16654,0.0,227.54147,0.0,0.0,209.1797,78.03395,0.0,212.66199,109.8409,0.0,191.585,129.89404,0.0,595.4958,125.36823,0.0,601.42126,134.68051,141.99539,2888.4758
86.65035,0.0,234.42947,118.53123,0.0,245.8555,55.86808,0.0,266.00156,85.055405,0.0,258.93613,0.0,0.0,263.7014,74.93681,0.0,251.54121,83.27556,0.0,212.11296,112.99549,0.0,555.90625,118.06733,0.0,582.4664,110.17612,119.62083,2531.2449
56.320026,0.0,186.60612,94.194275,0.0,177.62148,24.671997,0.0,210.46692,42.501324,0.0,213.86981,0.0,0.0,187.37015,27.30749,0.0,196.7132,45.11764,0.0,150.65768,85.64098,0.0,417.72528,97.87193,0.0,455.73102,70.30367,98.83433,1771.2288
102.95709,0.0,222.51091,87.27329,0.0,234.24638,78.64926,0.0,288.20624,73.254105,0.0,276.32025,0.0,0.0,272.77914,91.083046,0.0,274.84827,79.41375,0.0,219.03409,114.75893,0.0,587.8743,118.52697,0.0,592.1803,92.56617,103.37712,2158.9236
49.000214,0.0,277.2146,59.834316,0.0,272.3298,42.15197,0.0,275.3372,35.221107,0.0,283.40182,0.0,0.0,251.97237,37.765545,0.0,259.20807,67.79718,0.0,260.9325,78.41138,0.0,522.8669,103.410545,0.0,486.89594,35.550552,97.30523,1725.7029
60.89942,0.0,279.29727,41.524178,0.0,281.43604,64.46855,0.0,264.55676,71.013504,0.0,263.52066,0.0,0.0,286.30917,63.08943,0.0,271.34027,63.887028,0.0,270.0008,85.885925,0.0,536.3429,83.86173,0.0,550.8806,97.85728,87.57961,1895.315
98.61072,0.0,265.09875,20.849136,0.0,244.07,88.52953,0.0,237.20807,102.17987,0.0,235.86884,0.0,0.0,280.70312,99.341324,0.0,251.86163,103.867065,0.0,240.14061,101.68975,0.0,515.7492,94.72007,0.0,537.8585,88.81659,65.000015,2061.5579
59.558548,0.0,172.47607,51.72222,0.0,241.96404,41.29084,0.0,260.7466,37.867027,0.0,267.04828,0.0,0.0,227.22763,23.548634,0.0,216.22182,78.85619,0.0,228.50038,101.00307,0.0,516.4762,94.92604,0.0,443.73193,90.499504,113.82245,2008.0701
74.04572,0.0,184.0875,72.54934,0.0,245.78702,111.85013,0.0,196.73004,95.98005,0.0,204.89738,0.0,0.0,233.34135,97.06213,0.0,208.75761,127.07984,0.0,224.33253,110.11082,0.0,531.15283,105.64305,0.0,504.7789,146.33661,123.70372,2505.9028
100.42735,0.0,221.2385,73.80829,0.0,241.66777,108.0317,0.0,236.27081,88.320335,0.0,255.70473,0.0,0.0,247.78798,100.54839,0.0,239.56586,126.3542,0.0,246.39488,137.0244,0.0,662.59216,136.40941,0.0,636.05176,142.48796,149.36635,3126.3242
73.3099,0.0,302.62115,76.23198,0.0,267.55786,83.86936,0.0,214.61766,104.33128,0.0,215.9072,0.0,0.0,305.73218,74.43983,0.0,265.79214,35.487984,0.0,248.19464,118.53517,0.0,649.9291,126.13269,0.0,768.197,123.36571,163.93088,3053.3152
82.95082,0.0,322.83212,25.953037,0.0,249.58778,68.475945,0.0,209.38486,107.9198,0.0,196.92604,0.0,0.0,276.94098,94.63061,0.0,245.9146,38.909748,0.0,188.78517,142.79752,0.0,603.6951,135.78647,0.0,704.2035,119.21841,126.68286,2801.9336
99.92947,0.0,413.48083,99.297195,0.0,366.0416,79.438866,0.0,368.05743,83.82531,0.0,346.28598,0.0,0.0,377.31506,91.44478,0.0,379.9295,70.674164,0.0,365.17456,164.13707,0.0,808.92004,159.08153,0.0,878.0945,105.15538,163.88626,3083.334
97.91578,0.0,300.6314,79.185524,0.0,325.772,96.75457,0.0,316.43616,116.61622,0.0,312.22968,0.0,0.0,324.9203,104.958664,0.0,309.3859,148.4306,0.0,300.5974,144.43764,0.0,702.639,139.63058,0.0,685.1417,169.04366,140.85573,3023.3027
111.616035,0.0,276.7729,70.106476,0.0,292.53723,127.90764,0.0,281.84296,105.90141,0.0,286.2973,0.0,0.0,301.5073,113.45232,0.0,284.82526,137.09497,0.0,290.96454,152.54819,0.0,761.9679,156.24112,0.0,754.8302,150.32874,165.87163,3432.4512
82.20627,0.0,301.28214,54.46031,0.0,226.64807,77.66516,0.0,214.2873,90.35131,0.0,203.59453,0.0,0.0,261.88367,81.45808,0.0,242.09929,38.49811,0.0,212.2226,126.18366,0.0,672.85126,155.04808,0.0,772.3651,85.76134,157.17993,3146.8896
131.51263,0.0,347.20154,109.78702,0.0,278.78323,97.45323,0.0,306.07825,125.48231,0.0,277.2984,0.0,0.0,308.353,110.68143,0.0,308.9863,135.78204,0.0,280.7311,136.21304,0.0,722.73706,166.3277,0.0,753.76514,112.63701,127.944016,3221.6511
74.344505,0.0,241.7729,34.30871,0.0,181.55672,81.69313,0.0,187.38449,88.89213,0.0,168.20563,0.0,0.0,172.1264,82.180305,0.0,188.8431,103.178696,0.0,200.31136,110.85524,0.0,597.7965,143.58716,0.0,606.2822,84.59412,141.00829,2799.5647
82.30102,0.0,199.71396,91.33915,0.0,200.75809,86.4589,0.0,196.91464,90.96627,0.0,179.46654,0.0,0.0,213.04332,83.578384,0.0,190.82242,100.1738,0.0,185.00136,119.516716,0.0,571.2118,133.34103,0.0,595.06726,124.873405,123.48503,2696.4507
76.76182,0.0,333.2127,66.283905,0.0,266.27396,59.810318,0.0,262.61935,77.47383,0.0,254.56572,0.0,0.0,293.40692,68.01403,0.0,285.41013,23.578606,0.0,251.45274,110.52091,0.0,633.17914,122.544754,0.0,719.32556,87.10329,124.03032,2547.7666
85.383896,0.0,193.50568,33.350628,0.0,204.65521,70.05208,0.0,217.98901,83.78713,0.0,202.799,0.0,0.0,209.69473,82.24741,0.0,207.81305,96.70167,0.0,189.49287,109.01989,0.0,498.44708,114.887825,0.0,487.2072,114.686485,112.871826,2184.8591
69.82132,0.0,262.1859,79.45174,0.0,262.99982,52.809563,0.0,270.12457,70.82361,0.0,262.5975,0.0,0.0,272.53595,56.93145,0.0,261.72937,71.38381,0.0,244.65175,98.4833,0.0,539.5822,90.71933,0.0,552.14075,100.039566,93.98709,2037.4188
57.801666,0.0,243.45741,58.95034,0.0,258.82413,45.50917,0.0,256.97852,43.361923,0.0,266.96475,0.0,0.0,257.76727,35.75853,0.0,250.32239,62.348568,0.0,244.17734,84.97968,0.0,490.1076,95.97371,0.0,494.6861,69.0629,92.41438,1715.1741
93.97672,0.0,216.58081,21.470158,0.0,247.91692,80.33297,0.0,262.39514,66.01411,0.0,252.22324,0.0,0.0,264.65375,77.28821,0.0,250.46616,86.38316,0.0,248.86008,95.132385,0.0,539.0829,94.506485,0.0,509.0845,76.856834,80.21176,1770.0176
47.125935,0.0,205.03848,49.934307,0.0,257.08267,85.06918,0.0,212.58563,73.04651,0.0,218.2959,0.0,0.0,259.06677,73.21243,0.0,222.72809,84.3045,0.0,245.47662,87.23456,0.0,484.75647,74.92792,0.0,470.07684,121.27621,100.69251,1990.5239
64.811745,0.0,206.21591,76.15535,0.0,231.77986,86.069725,0.0,195.72508,70.36875,0.0,210.21265,0.0,0.0,244.80952,70.88715,0.0,218.70502,82.47242,0.0,229.13435,95.28271,0.0,497.0338,89.41261,0.0,510.6527,118.713,107.561775,2118.7932
89.54398,0.0,199.17879,51.92853,0.0,239.31418,101.56889,0.0,244.3081,61.872925,0.0,239.85497,0.0,0.0,224.47539,83.44352,0.0,225.78613,94.94396,0.0,243.0316,105.48753,0.0,559.28326,93.36442,0.0,480.16785,96.31532,100.82749,2070.5796
81.769714,0.0,142.05661,23.341724,0.0,181.70457,71.29543,0.0,196.0874,72.21694,0.0,208.08661,0.0,0.0,195.21365,79.062805,0.0,186.6875,99.50528,0.0,192.67099,93.4224,0.0,456.1278,97.49953,0.0,428.2824,95.265114,95.42413,1908.4058
62.385086,0.0,218.71,1.1313429,0.0,193.94337,74.819855,0.0,137.08577,89.967255,0.0,126.98929,0.0,0.0,237.5101,69.213585,0.0,176.91846,22.433525,0.0,171.20639,93.37073,0.0,457.759,73.421936,0.0,555.97675,74.07411,88.17322,2006.0886
60.17132,0.0,175.31067,111.50446,0.0,185.36626,93.77578,0.0,178.79312,60.080563,0.0,152.33649,0.0,0.0,192.09727,94.10338,0.0,181.98816,78.362976,0.0,172.80014,122.01247,0.0,505.6692,125.35638,0.0,533.2347,117.115486,122.54349,2238.474
68.796036,0.0,222.18399,45.450535,0.0,197.39629,81.73547,0.0,161.2454,94.20723,0.0,168.37033,0.0,0.0,209.63368,89.58191,0.0,176.16719,86.4918,0.0,162.42764,116.176315,0.0,487.48502,102.68996,0.0,524.8693,124.03659,106.88835,2447.1006
117.25287,0.0,229.46483,75.98004,0.0,327.61615,119.879875,0.0,326.71164,139.88072,0.0,360.06525,0.0,0.0,351.45947,146.4271,0.0,349.2647,189.66629,0.0,366.2834,184.70683,0.0,800.5372,139.25107,0.0,710.87854,226.20526,192.08966,3720.2222
149.6808,0.0,256.7185,127.54748,0.0,257.1778,158.06125,0.0,306.35114,127.120094,0.0,306.25162,0.0,0.0,264.6885,143.0633,0.0,282.58243,163.2379,0.0,213.96149,192.41185,0.0,900.2473,206.5992,0.0,883.5913,200.92458,210.15262,4224.2114
128.90091,0.0,314.35385,131.01556,0.0,304.0653,155.12766,0.0,284.00842,135.20842,0.0,269.7436,0.0,0.0,327.8804,151.54378,0.0,285.02618,151.20206,0.0,276.3166,193.19072,0.0,892.69006,231.50278,0.0,949.96265,155.53737,233.76253,4525.74
136.78394,0.0,275.60184,133.63841,0.0,256.5449,127.6503,0.0,262.38116,124.703156,0.0,254.5557,0.0,0.0,281.4479,125.57357,0.0,259.8724,147.5727,0.0,241.15797,197.06738,0.0,872.562,224.36664,0.0,899.2935,156.64432,219.25027,4403.0884
115.62186,0.0,227.28812,150.81482,0.0,241.74657,133.3796,0.0,200.08049,135.73718,0.0,190.8797,0.0,0.0,270.94293,119.4562,0.0,218.04236,128.38942,0.0,213.14279,170.67433,0.0,764.5011,197.09653,0.0,837.1837,172.72308,219.81981,4131.88
95.81441,0.0,266.97885,149.31589,0.0,142.50273,103.3168,0.0,144.70433,61.68039,0.0,128.42447,0.0,0.0,128.51009,111.79296,0.0,162.81073,126.67107,0.0,183.22914,144.66719,0.0,684.79083,216.0025,0.0,751.51086,24.887337,176.95811,3558.3613
120.369736,0.0,250.34924,110.22026,0.0,241.49892,98.51921,0.0,253.26552,119.48593,0.0,220.69328,0.0,0.0,261.51367,85.67923,0.0,225.86545,111.85948,0.0,213.00632,144.16216,0.0,718.13116,159.82666,0.0,745.73694,151.54004,146.88893,3268.9722
91.60058,0.0,280.32672,84.50577,0.0,270.5857,88.156235,0.0,267.3745,100.8537,0.0,258.63654,0.0,0.0,281.65933,103.9064,0.0,269.15524,97.07109,0.0,248.88402,135.45808,0.0,653.01984,147.51013,0.0,689.5665,140.10056,144.36974,2972.0586
90.04878,0.0,345.96558,72.71832,0.0,288.8048,78.365326,0.0,280.3875,90.64312,0.0,279.75632,0.0,0.0,326.60553,77.32513,0.0,309.67514,51.530167,0.0,274.02963,130.58127,0.0,698.03186,137.54353,0.0,784.56213,97.71887,148.39723,2889.1255
97.69412,0.0,292.05923,72.787704,0.0,294.83017,94.70505,0.0,291.0916,102.52716,0.0,280.41626,0.0,0.0,302.6686,104.9902,0.0,290.30112,127.79781,0.0,275.05536,146.32657,0.0,687.7484,152.33192,0.0,685.75116,133.93715,145.0437,2952.8362
100.840576,0.0,287.0588,69.778175,0.0,282.59644,101.638275,0.0,279.86172,100.07071,0.0,274.7901,0.0,0.0,296.20493,96.65776,0.0,280.2543,114.81562,0.0,276.09512,139.1802,0.0,706.3353,143.26895,0.0,718.3843,131.47318,146.65494,3039.1719
85.08167,0.0,254.07272,82.76172,0.0,260.53146,114.21311,0.0,216.03714,108.4232,0.0,204.24878,0.0,0.0,280.2208,101.41807,0.0,237.6706,104.01587,0.0,245.41966,132.28906,0.0,646.66693,140.41592,0.0,699.5205,141.35431,154.65556,3030.609
102.02964,0.0,260.1729,51.907215,0.0,199.16548,87.64308,0.0,227.92714,93.89982,0.0,182.00255,0.0,0.0,230.73178,99.50666,0.0,208.46347,45.659588,0.0,132.87874,133.48248,0.0,605.4869,140.76093,0.0,668.3989,123.413246,102.979095,2436.558
79.53929,0.0,249.46887,55.27809,0.0,254.75955,107.068275,0.0,241.46347,95.14461,0.0,225.29298,0.0,0.0,264.04276,113.33697,0.0,234.90639,106.64456,0.0,233.76172,142.25671,0.0,632.45026,151.03275,0.0,633.788,125.10794,154.15866,2879.0796
79.0669,0.0,125.2943,64.051346,0.0,125.33981,82.05741,0.0,109.5762,81.1982,0.0,105.35516,0.0,0.0,176.47739,69.372345,0.0,129.04459,82.37517,0.0,138.16252,110.11959,0.0,474.99097,120.299614,0.0,539.95056,84.05968,123.11536,2423.4885
46.961452,0.0,165.03757,93.523926,0.0,141.92638,32.73083,0.0,138.53493,36.66842,0.0,140.95155,0.0,0.0,146.31143,34.702816,0.0,135.20392,54.318493,0.0,127.88277,95.668304,0.0,448.68494,124.38587,0.0,476.3585,42.77147,109.48479,2238.1821
80.78308,0.0,190.64139,37.05948,0.0,178.54785,79.86337,0.0,141.8193,101.96358,0.0,104.692924,0.0,0.0,187.89873,71.48791,0.0,141.26569,44.48838,0.0,117.43053,101.24537,0.0,437.2292,93.94106,0.0,496.76953,111.66313,88.27786,1964.5898
41.626812,0.0,252.58078,27.425032,0.0,161.24548,64.08215,0.0,100.50994,85.77396,0.0,89.438614,0.0,0.0,199.13641,70.129875,0.0,149.06143,21.238619,0.0,137.24501,76.260475,0.0,391.0781,94.04978,0.0,517.53467,66.249176,84.78018,2055.2363
94.43682,0.0,224.38315,86.822235,0.0,176.82529,69.82524,0.0,205.8527,66.82517,0.0,188.64308,0.0,0.0,183.7051,78.2992,0.0,204.22366,119.869995,0.0,216.53957,109.10948,0.0,502.62207,120.27041,0.0,509.81308,72.775345,98.590485,2324.5457
43.502205,0.0,153.10226,73.509796,0.0,119.308975,79.09839,0.0,113.983925,81.56344,0.0,97.24027,0.0,0.0,119.32438,71.579285,0.0,125.54867,83.9695,0.0,118.01175,84.35551,0.0,461.92883,113.913055,0.0,484.34015,103.02132,124.31709,2315.2832
61.944927,0.0,213.17316,114.54778,0.0,232.0662,78.59648,0.0,210.86053,66.511375,0.0,224.80795,0.0,0.0,223.09819,91.21187,0.0,223.688,117.59055,0.0,241.66164,120.231255,0.0,513.25885,101.02649,0.0,528.9049,143.30167,122.49582,2554.9226
132.60674,0.0,256.34232,88.37552,0.0,220.58371,87.550705,0.0,257.9379,109.55185,0.0,256.26947,0.0,0.0,245.67485,85.20951,0.0,254.12476,128.58469,0.0,234.89047,102.031006,0.0,588.96265,118.43579,0.0,601.77454,111.61708,110.84345,2767.7756
68.556076,0.0,276.16125,54.684765,0.0,251.54643,81.03982,0.0,247.22595,97.62493,0.0,242.80888,0.0,0.0,225.68259,95.771126,0.0,255.86206,128.8187,0.0,263.4681,116.383354,0.0,626.4292,130.25941,0.0,592.1909,115.81817,144.93755,2832.0068
96.4789,0.0,381.21445,88.75344,0.0,353.49796,81.82872,0.0,345.42703,101.558266,0.0,346.85492,0.0,0.0,378.31964,71.6346,0.0,362.71097,72.17621,0.0,339.19135,135.14018,0.0,773.8825,132.68452,0.0,841.29926,143.56796,146.7424,3006.3208
82.26201,0.0,296.16525,53.07701,0.0,332.23743,69.57623,0.0,326.68677,73.73976,0.0,344.83542,0.0,0.0,319.38507,73.41113,0.0,319.22318,128.73865,0.0,317.82385,143.23116,0.0,695.92676,154.44865,0.0,667.4551,130.23314,160.23079,2941.2168
113.32953,0.0,308.2775,104.78878,0.0,346.8681,108.25461,0.0,347.4304,111.715645,0.0,347.71014,0.0,0.0,347.2632,107.239075,0.0,336.05197,151.63657,0.0,323.29956,153.4563,0.0,774.23267,145.09686,0.0,737.06555,158.21176,152.0563,3227.5703
115.914185,0.0,265.25766,84.6139,0.0,340.48373,144.50243,0.0,299.86246,109.9088,0.0,302.19162,0.0,0.0,357.58957,102.00031,0.0,302.16672,122.36115,0.0,317.46436,141.54771,0.0,751.82,139.21513,0.0,753.6796,176.99005,172.06306,3164.7095
171.98975,0.0,256.30405,93.89183,0.0,393.46902,199.88922,0.0,412.47794,102.41588,0.0,419.89392,0.0,0.0,361.5041,156.75992,0.0,362.20728,194.68805,0.0,399.80762,194.24629,0.0,986.8499,177.53075,0.0,781.3327,189.30913,205.83044,3859.9011
87.14042,0.0,301.11505,119.71906,0.0,409.8178,150.11676,0.0,312.47678,155.1288,0.0,355.70163,0.0,0.0,398.12503,135.2585,0.0,338.69925,187.49701,0.0,373.42508,165.82002,0.0,800.64105,144.52277,0.0,790.9009,273.84692,217.43147,3974.3867
140.41289,0.0,381.7156,98.00774,0.0,352.45584,127.038216,0.0,338.46616,103.44729,0.0,366.55206,0.0,0.0,398.11127,113.668106,0.0,381.65585,90.577545,0.0,351.96198,170.51665,0.0,929.11487,187.5752,0.0,1000.3635,149.61723,214.95847,4029.7192
124.35165,0.0,202.21614,126.05802,0.0,296.7646,137.92676,0.0,258.53302,145.91713,0.0,251.41565,0.0,0.0,319.62698,136.96097,0.0,257.21585,170.37662,0.0,252.702,176.19244,0.0,741.82117,178.03778,0.0,740.2477,214.96701,217.62863,3905.4443
145.34627,0.0,345.78992,136.30098,0.0,309.2771,106.85681,0.0,329.14825,136.10724,0.0,357.43033,0.0,0.0,341.30972,123.23973,0.0,350.72824,184.802,0.0,330.11203,147.5783,0.0,774.6652,150.2222,0.0,778.09216,174.402,155.52182,3889.459
136.5848,0.0,344.23813,66.88776,0.0,279.40616,142.66727,0.0,290.20807,136.71887,0.0,277.2704,0.0,0.0,260.5009,132.77744,0.0,298.84363,180.1425,0.0,307.59497,172.93393,0.0,908.8839,219.9649,0.0,887.5034,119.078026,222.9751,4203.6353
129.22711,0.0,415.76483,151.3328,0.0,378.631,102.44664,0.0,389.45013,166.41856,0.0,382.85547,0.0,0.0,412.22806,126.97331,0.0,398.54562,190.4324,0.0,383.26395,148.85239,0.0,849.994,160.23248,0.0,892.2322,208.61299,150.50417,4003.4473
141.00777,0.0,454.68845,91.59866,0.0,324.5623,120.68461,0.0,354.58987,130.9141,0.0,333.97647,0.0,0.0,328.29333,117.265755,0.0,373.63947,157.55766,0.0,369.10394,129.01137,0.0,856.2052,187.23262,0.0,888.7009,87.40399,157.39334,3531.0645
101.698425,0.0,288.63507,78.12021,0.0,337.35675,106.9486,0.0,328.11005,114.59557,0.0,335.78394,0.0,0.0,356.46375,123.94134,0.0,346.3327,186.12854,0.0,393.67133,169.3343,0.0,763.94543,141.0022,0.0,781.80273,176.22508,167.50421,3409.4312
98.31947,0.0,336.16922,60.07173,0.0,325.55963,52.558296,0.0,322.40192,69.02718,0.0,360.36304,0.0,0.0,371.27975,33.47204,0.0,353.1311,68.14296,0.0,345.85052,148.64072,0.0,816.40955,160.20923,0.0,876.7354,72.489914,175.01505,3343.685
87.04556,0.0,245.27519,103.59095,0.0,303.51263,80.24507,0.0,286.41257,95.11435,0.0,291.58234,0.0,0.0,272.37436,88.871346,0.0,267.55133,167.67905,0.0,260.85913,159.63235,0.0,694.9403,177.10669,0.0,637.20544,135.24379,168.59354,3311.223
117.29315,0.0,307.75037,54.084084,0.0,301.0535,116.43705,0.0,261.50293,152.82259,0.0,253.66573,0.0,0.0,305.22244,122.15133,0.0,263.99008,128.57944,0.0,239.5433,174.05591,0.0,731.86755,144.65088,0.0,770.9071,191.68701,150.49918,3564.7012
123.98273,0.0,272.07886,63.782364,0.0,224.18744,101.00854,0.0,221.12697,144.50293,0.0,200.68282,0.0,0.0,255.59328,120.0874,0.0,221.1649,127.921234,0.0,185.47386,139.06491,0.0,597.908,151.59854,0.0,656.97656,139.67389,124.19435,3192.691
114.63592,0.0,248.358,81.58681,0.0,269.5086,103.688866,0.0,281.33923,114.1862,0.0,270.92972,0.0,0.0,276.42496,100.56636,0.0,266.71332,136.93832,0.0,262.5523,173.53598,0.0,749.8209,161.27054,0.0,734.17596,164.6804,186.91449,3593.627
79.78584,0.0,310.60052,82.0762,0.0,249.85966,127.61834,0.0,157.50676,149.31975,0.0,128.76106,0.0,0.0,248.06688,124.06628,0.0,197.69461,107.262344,0.0,194.66667,141.55367,0.0,666.6434,165.23769,0.0,752.29895,134.55203,160.90987,3320.2095
96.42816,0.0,383.625,161.35907,0.0,412.1262,80.798195,0.0,407.93817,117.58287,0.0,420.32944,0.0,0.0,422.50613,108.19209,0.0,403.01312,139.28809,0.0,389.61166,176.91106,0.0,838.6786,150.34074,0.0,835.20715,227.0278,164.3793,3491.5122
119.06994,0.0,390.11914,19.915335,0.0,313.93945,115.920715,0.0,316.77368,115.06834,0.0,316.7095,0.0,0.0,305.71985,117.0044,0.0,341.548,135.66904,0.0,334.85977,127.556244,0.0,780.4751,162.05984,0.0,789.6245,109.08685,156.36215,3034.0044
104.51798,0.0,328.6179,119.38136,0.0,327.34537,93.83443,0.0,341.98743,107.88702,0.0,331.6452,0.0,0.0,367.50845,101.2815,0.0,331.16803,138.63579,0.0,317.62585,115.95027,0.0,692.75806,133.95059,0.0,714.34357,123.51884,111.098366,2793.8005
102.91461,0.0,379.02823,109.583786,0.0,396.56735,90.77167,0.0,405.0696,92.71281,0.0,418.7709,0.0,0.0,410.24002,94.946175,0.0,401.59512,111.03948,0.0,380.38058,142.31888,0.0,759.7455,122.47575,0.0,752.21466,139.44145,132.7188,2800.4248
96.0273,0.0,396.79602,97.07823,0.0,371.9437,68.707886,0.0,407.69196,85.8083,0.0,392.69073,0.0,0.0,392.40894,78.50534,0.0,398.43607,74.707794,0.0,343.08008,112.85558,0.0,704.48206,123.24712,0.0,746.9227,110.71504,109.55645,2124.1448
55.034897,0.0,432.7447,18.895527,0.0,408.83258,69.9577,0.0,360.15234,78.75148,0.0,357.58078,0.0,0.0,411.23734,85.653564,0.0,383.0447,64.54715,0.0,378.81012,111.86364,0.0,629.1851,84.51153,0.0,691.9856,104.36398,93.385544,1989.718
86.0645,0.0,304.66656,0.0,0.0,341.58405,79.53941,0.0,348.86005,90.46951,0.0,346.06146,0.0,0.0,335.21307,86.31883,0.0,341.06403,130.83087,0.0,349.23868,121.20117,0.0,636.7019,94.85886,0.0,561.318,156.11884,102.2203,2138.8853
46.279144,0.0,336.39,99.739044,0.0,337.2515,44.93923,0.0,337.85907,45.694366,0.0,344.25812,0.0,0.0,317.66473,35.706432,0.0,322.58786,88.25545,0.0,334.03125,81.95571,0.0,612.50006,110.33847,0.0,587.0904,56.129997,103.197395,1833.1619
81.32721,0.0,325.06885,97.46696,0.0,406.88815,90.618866,0.0,364.9303,93.18412,0.0,366.03815,0.0,0.0,427.40137,79.44845,0.0,373.54303,96.89375,0.0,399.07565,96.476524,0.0,629.9612,72.02543,0.0,648.41016,152.25328,91.1664,1885.2136
98.65112,0.0,435.2538,62.012154,0.0,431.4108,137.46393,0.0,409.1331,83.11187,0.0,427.8507,0.0,0.0,402.64694,130.48479,0.0,420.26285,155.43648,0.0,448.7014,131.56319,0.0,853.6416,143.96815,0.0,766.3819,114.507935,133.6609,2774.8584
91.13481,0.0,461.8699,39.842865,0.0,443.7852,113.435074,0.0,413.63654,112.676674,0.0,429.01184,0.0,0.0,464.42786,106.53266,0.0,439.11862,103.69249,0.0,446.9456,139.62941,0.0,893.126,143.33566,0.0,922.8175,154.65872,160.45715,3186.4316
107.408325,0.0,376.54413,88.744896,0.0,396.47342,129.88176,0.0,380.01947,94.70538,0.0,374.3017,0.0,0.0,386.20703,132.43932,0.0,380.09735,169.78969,0.0,401.37164,167.86153,0.0,825.916,165.76007,0.0,814.85864,148.05592,159.49652,3210.4204
108.25961,0.0,389.83087,91.16124,0.0,401.5533,106.709,0.0,397.0776,116.99793,0.0,398.9127,0.0,0.0,415.82886,106.835556,0.0,396.558,138.25392,0.0,394.86707,151.25114,0.0,845.3031,145.57468,0.0,841.00867,169.3617,154.58511,3277.6838
132.66391,0.0,372.67822,30.608704,0.0,329.1182,114.33473,0.0,346.72162,119.62377,0.0,337.26633,0.0,0.0,351.7307,115.965515,0.0,355.88977,141.37279,0.0,348.9081,123.551956,0.0,748.8773,144.44885,0.0,766.65405,129.1056,126.99724,3013.5278
77.24057,0.0,289.62964,43.61747,0.0,283.7912,70.15283,0.0,274.36304,109.63751,0.0,241.64066,0.0,0.0,291.6247,84.486275,0.0,259.37537,92.64166,0.0,242.73907,128.3176,0.0,594.38025,111.31323,0.0,626.2289,135.27318,114.30384,2513.045
107.54736,0.0,332.37,86.19726,0.0,344.18048,116.147675,0.0,340.11078,102.02075,0.0,330.37042,0.0,0.0,347.29065,106.22995,0.0,334.67813,127.81689,0.0,333.3561,155.03882,0.0,775.6542,154.71997,0.0,762.69165,144.95953,151.70193,3054.1868
73.29864,0.0,312.9672,27.792633,0.0,264.7136,48.9636,0.0,265.67572,81.79263,0.0,264.40466,0.0,0.0,313.26147,68.17906,0.0,294.67575,36.898125,0.0,269.74753,99.344864,0.0,591.05383,109.53958,0.0,681.4988,79.49811,111.350174,2200.9868
131.8198,0.0,222.8889,47.541542,0.0,276.2753,127.9139,0.0,300.1713,77.42812,0.0,293.92593,0.0,0.0,289.23975,106.124306,0.0,282.8151,116.52017,0.0,308.27573,134.17247,0.0,702.0452,122.88303,0.0,620.8796,89.54649,120.409134,2438.4053
105.912476,0.0,223.574,7.845939,0.0,269.64948,100.13805,0.0,282.9731,88.6781,0.0,284.92963,0.0,0.0,281.1698,100.91504,0.0,263.4801,123.75922,0.0,273.83072,118.798996,0.0,626.48474,118.80103,0.0,571.8328,109.34127,107.1608,2275.8774
65.93372,0.0,232.38239,57.283543,0.0,303.07358,115.38879,0.0,267.5817,107.36,0.0,287.10507,0.0,0.0,290.16742,120.353806,0.0,276.5346,156.96033,0.0,299.02826,128.33124,0.0,635.9311,103.00008,0.0,557.5876,187.22488,145.20009,2912.5266
94.15135,0.0,245.48393,69.59181,0.0,269.68042,98.60753,0.0,262.4102,108.728195,0.0,290.20834,0.0,0.0,272.50595,100.38264,0.0,275.3882,141.05481,0.0,264.7261,139.38171,0.0,643.0065,120.96954,0.0,623.2299,183.25491,151.94223,3006.6157
119.275826,0.0,296.0559,33.597824,0.0,266.58374,126.60863,0.0,231.09186,140.62686,0.0,207.94316,0.0,0.0,277.9572,129.70699,0.0,234.62045,119.820595,0.0,208.4918,168.94939,0.0,707.0318,158.75165,0.0,768.5965,152.6965,155.4978,3418.978
111.691475,0.0,245.8671,47.722736,0.0,228.43834,68.48258,0.0,262.194,89.09693,0.0,246.07556,0.0,0.0,298.04907,82.868965,0.0,266.62476,48.062336,0.0,238.67216,150.21632,0.0,715.8317,171.67685,0.0,781.9496,83.34532,167.99161,3049.4539
108.168976,0.0,273.02225,92.67859,0.0,307.60284,114.00299,0.0,297.71857,117.12806,0.0,291.8654,0.0,0.0,295.11322,119.51134,0.0,285.01172,168.2088,0.0,273.8426,168.17577,0.0,740.3761,159.74515,0.0,684.22046,164.66199,166.38043,3404.0952
87.17294,0.0,381.703,65.57508,0.0,365.8854,96.97733,0.0,333.5716,127.71158,0.0,363.33948,0.0,0.0,387.06363,106.60544,0.0,380.69336,100.43464,0.0,362.4781,155.75795,0.0,822.4342,141.9979,0.0,865.9258,193.93216,196.6878,3700.0854
120.3952,0.0,286.13855,153.31638,0.0,327.76636,135.79332,0.0,330.29532,142.69214,0.0,311.8186,0.0,0.0,360.50897,132.79442,0.0,333.5849,144.31802,0.0,268.34305,183.89572,0.0,816.2673,179.14438,0.0,861.94763,244.73332,206.9819,3678.5908
169.77565,0.0,404.32224,85.55632,0.0,426.04828,175.61371,0.0,422.41586,137.58932,0.0,428.06915,0.0,0.0,442.07928,169.93906,0.0,417.7917,192.91032,0.0,414.5522,222.11038,0.0,1056.0947,219.15776,0.0,1038.0441,207.81567,237.04672,4673.4297
166.00745,0.0,415.89722,76.265686,0.0,278.43405,149.76115,0.0,325.97534,138.44945,0.0,287.32852,0.0,0.0,302.04825,139.4221,0.0,320.01422,191.98561,0.0,311.9675,132.75104,0.0,904.4563,233.09421,0.0,893.3749,55.429703,160.36922,3802.413
135.49152,0.0,382.26392,108.53474,0.0,438.9279,165.9736,0.0,426.38086,160.19406,0.0,414.2449,0.0,0.0,442.21146,157.6011,0.0,402.58862,212.05646,0.0,436.93314,224.70752,0.0,1076.7776,211.82367,0.0,1037.1775,251.9601,238.03409,4876.6367
209.72882,0.0,512.7727,172.0675,0.0,535.3031,226.78157,0.0,528.52716,194.51404,0.0,532.004,0.0,0.0,545.58606,209.61664,0.0,525.87756,251.72562,0.0,514.4991,282.58643,0.0,1359.8722,289.06088,0.0,1336.9858,269.99814,295.5654,5979.9326
194.03975,0.0,632.7649,46.448296,0.0,427.3794,176.59262,0.0,399.5936,282.11963,0.0,399.70544,0.0,0.0,502.39758,252.6419,0.0,493.4331,278.25858,0.0,483.19086,205.4253,0.0,1135.0421,248.01341,0.0,1222.6982,165.19162,185.30626,5426.437
227.1807,0.0,266.28406,139.07887,0.0,358.51453,200.40205,0.0,488.23868,194.19275,0.0,460.0301,0.0,0.0,444.44904,189.4076,0.0,431.10468,253.4252,0.0,387.16882,314.78204,0.0,1341.3684,292.80518,0.0,1300.0779,315.09567,311.24066,5994.89
270.40387,0.0,586.0928,212.74976,0.0,510.30194,264.76437,0.0,531.1248,237.38623,0.0,507.12363,0.0,0.0,563.13354,250.86154,0.0,531.3863,306.13177,0.0,509.2133,243.22371,0.0,1384.3009,318.71347,0.0,1419.5139,205.54126,273.90765,6743.4277
196.4776,0.0,391.77808,101.78044,0.0,438.1805,142.75665,0.0,474.92484,212.04385,0.0,493.6107,0.0,0.0,512.04645,174.50276,0.0,496.32825,241.85982,0.0,496.11957,285.92212,0.0,1217.3711,256.4568,0.0,1238.44,280.13162,308.92688,5908.406
236.37234,0.0,484.68817,171.36652,0.0,509.07108,221.25978,0.0,512.9608,214.56833,0.0,498.37488,0.0,0.0,521.34564,198.7052,0.0,503.21274,274.47598,0.0,474.06003,294.98132,0.0,1397.5396,297.4348,0.0,1384.3352,269.88953,313.8353,6479.1753
187.16185,0.0,499.16992,177.43137,0.0,465.7956,186.38367,0.0,462.9663,156.86806,0.0,441.52124,0.0,0.0,469.42966,194.10298,0.0,464.57367,226.41463,0.0,477.642,275.07697,0.0,1240.8724,305.34134,0.0,1339.2991,199.95718,297.42328,5841.075
111.89148,0.0,516.0563,106.84556,7.3593445,399.59677,62.25374,0.0,388.81665,145.01257,0.0,371.86395,0.0,0.0,468.4596,87.194534,0.0,438.46582,45.37933,0.0,366.0373,174.43526,0.0,965.75116,196.21034,0.0,1152.9108,149.68611,211.79854,4194.8237
114.70808,0.0,351.349,108.12346,0.0,339.49103,96.14198,0.0,335.3393,129.56433,0.0,312.67673,0.0,0.0,365.64783,115.103355,0.0,343.69275,143.32686,0.0,300.5638,173.17828,0.0,748.3678,181.08722,0.0,804.1958,156.44876,165.21368,3241.7852
84.513084,0.0,358.417,51.756573,0.0,339.0574,68.81029,0.0,314.8936,121.93662,0.0,305.9036,0.0,0.0,363.63733,93.40501,0.0,327.16824,92.33079,0.0,296.7395,141.94485,0.0,668.2856,107.17704,0.0,728.1493,163.41563,122.07501,2785.162
117.335,0.0,327.9911,22.788673,0.0,329.88452,102.03923,0.0,343.06815,108.34787,0.0,325.17642,0.0,0.0,334.68436,104.40274,0.0,335.6482,121.69911,0.0,321.70975,151.6777,0.0,739.96497,145.73346,0.0,729.78284,149.28815,145.4306,2858.3484
101.09844,0.0,353.68146,102.34114,0.0,334.48492,107.234955,0.0,369.04364,105.38685,0.0,332.39563,0.0,0.0,353.3676,116.613754,0.0,347.65283,107.933205,0.0,297.99628,148.47768,0.0,794.19574,162.90329,0.0,813.2228,146.22626,145.85458,2907.2922
123.08978,0.0,464.45575,54.692356,0.0,353.23065,136.6407,0.0,343.1591,114.38547,0.0,335.79938,0.0,0.0,407.91,126.22116,0.0,380.19138,101.23576,0.0,367.35428,128.30933,0.0,829.45435,170.52327,0.0,924.4885,79.1633,144.00916,3320.3682
93.592026,0.0,458.4054,0.0,0.0,248.5364,106.66521,0.0,185.3912,124.66269,0.0,124.300705,0.0,0.0,318.25708,111.98171,0.0,274.19696,55.262863,0.0,310.3329,113.19645,0.0,682.2897,157.7827,0.0,906.68774,0.0,110.799255,2762.9702
105.470406,0.0,434.50482,63.92446,0.0,386.15228,93.37529,0.0,386.89722,91.12459,0.0,346.92514,0.0,0.0,420.66028,106.69089,0.0,405.84338,98.47617,0.0,442.8402,186.8186,0.0,931.8629,174.65147,0.0,989.4601,109.16577,153.14507,3271.346
114.34429,0.0,311.51703,55.555695,0.0,294.97708,155.86714,0.0,295.41397,169.65657,0.0,253.82388,0.0,0.0,302.71933,178.63593,0.0,274.87878,151.19315,0.0,204.54199,188.36295,0.0,801.6686,177.3673,0.0,802.81775,240.2524,154.03883,3643.7522
152.82152,0.0,493.2916,146.396,0.0,500.9427,160.99043,0.0,506.4679,145.07787,0.0,485.64313,0.0,0.0,518.6421,153.71634,0.0,482.92273,154.90266,0.0,471.0432,228.69824,0.0,1126.5629,224.87125,0.0,1138.8413,211.59514,236.23694,4448.284
124.11109,0.0,480.06873,126.11556,0.0,506.71335,148.22353,0.0,479.5511,162.55908,0.0,512.0338,0.0,0.0,515.4529,172.53534,0.0,501.32587,218.30966,0.0,482.65552,215.70058,0.0,1056.269,201.73352,0.0,1032.2156,253.20654,227.44064,4541.3936
181.39067,0.0,558.4879,133.59335,0.0,553.9413,149.23634,0.0,573.0853,159.76471,0.0,564.82965,0.0,0.0,577.01514,143.20828,0.0,562.8383,177.7478,0.0,534.31604,222.41415,0.0,1204.0885,218.71146,0.0,1228.8138,215.49448,227.33469,4531.131
91.7246,0.0,505.6277,125.81785,0.0,489.75482,111.310745,0.0,447.33197,158.9111,0.0,407.608,0.0,0.0,532.0657,132.94185,0.0,465.87738,88.40921,0.0,398.09717,167.7413,0.0,887.35254,160.37971,0.0,1033.7421,225.35916,166.86578,3290.15
86.458916,0.0,383.80426,162.69302,0.0,573.65125,149.73817,0.0,485.7288,154.0965,0.0,514.2345,0.0,0.0,545.0564,140.23264,0.0,512.206,171.2737,0.0,558.30695,163.97687,0.0,885.4189,60.937103,0.0,754.2163,332.97867,187.37555,3306.489
170.69853,0.0,435.96423,0.7483845,0.0,476.20612,163.16498,0.0,473.55295,136.0373,0.0,534.37775,0.0,0.0,440.38025,155.00473,0.0,478.51813,227.95114,0.0,475.55353,191.91754,0.0,966.9912,165.05554,0.0,881.9852,258.6365,189.69382,3681.1655
123.94009,0.0,288.64117,75.582184,0.0,365.12918,148.20145,0.0,336.84644,139.90186,0.0,325.4959,0.0,0.0,427.07486,137.32178,0.0,348.7228,172.82729,0.0,374.83215,159.74457,0.0,852.349,170.1178,0.0,887.312,153.63608,195.27295,3568.7344
125.90998,0.0,336.20108,90.480194,0.0,355.96423,140.34088,0.0,346.75696,105.9547,0.0,353.93594,0.0,0.0,363.38208,132.9574,0.0,341.45026,169.822,0.0,348.7522,186.62462,0.0,901.53186,185.32654,0.0,856.58167,165.74902,179.88864,3955.9414
142.31424,0.0,279.28766,94.46861,0.0,300.66132,151.09344,0.0,303.0456,137.11691,0.0,299.43738,0.0,0.0,313.64374,142.68417,0.0,296.2372,169.19499,0.0,292.36606,183.15344,0.0,864.3689,208.85562,0.0,851.70483,171.54393,217.0462,4046.5996
90.10008,0.0,266.0354,164.10284,0.0,258.5467,77.68097,0.0,307.48776,67.98403,0.0,320.65558,0.0,0.0,275.86588,71.956726,0.0,276.38553,120.51381,0.0,223.07858,186.0628,0.0,858.25824,235.7226,0.0,886.38245,133.46402,231.6973,4073.2727
158.53403,0.0,330.29797,172.19904,0.0,398.91663,219.692,0.0,315.788,186.67061,0.0,293.45734,0.0,0.0,398.619,189.26701,0.0,323.61322,225.72867,0.0,346.46313,243.09375,0.0,1053.1743,251.66869,0.0,1072.6433,248.5918,286.91238,5370.034
160.19647,0.0,461.06348,188.59369,0.0,364.6445,222.69589,0.0,332.5507,162.06888,0.0,340.58572,0.0,0.0,346.77216,207.08936,0.0,356.4988,266.95398,0.0,394.15955,265.27283,0.0,1321.7794,360.2312,0.0,1292.2756,167.02966,330.92407,6398.6226
265.8781,0.0,599.11304,262.45215,0.0,457.56204,241.75961,0.0,484.4275,261.7947,0.0,465.1346,0.0,0.0,530.01733,230.85475,0.0,494.4763,327.75992,0.0,502.6409,249.87428,0.0,1440.0809,352.8464,0.0,1536.7476,230.84297,290.40924,7227.443
252.70993,0.0,691.07935,210.58046,0.0,586.30676,349.90784,0.0,554.4745,267.84335,0.0,517.5504,0.0,0.0,522.7856,313.90942,0.0,557.1362,406.9303,0.0,641.8318,400.4159,0.0,2014.5096,513.37885,0.0,1925.2258,271.6946,508.01556,9588.351
375.82385,0.0,478.9779,231.76172,0.0,564.50665,322.50375,0.0,629.7514,276.47998,0.0,584.3943,0.0,0.0,705.1583,258.09103,0.0,565.9197,350.7627,0.0,580.65594,407.29077,0.0,1942.7522,481.81818,0.0,1987.0507,309.48663,405.48544,8234.141
208.0466,0.0,754.62787,326.66943,0.0,641.7562,397.9259,0.0,540.0366,179.71022,0.0,507.36475,0.0,0.0,522.3918,393.12958,0.0,558.14685,456.18213,0.0,735.1715,404.93573,0.0,2039.8552,552.21436,0.0,1976.8691,153.56113,500.32657,9772.96
275.98117,0.0,766.27673,438.0396,0.0,714.3608,340.74734,0.0,641.31244,282.97064,0.0,655.64026,0.0,0.0,705.52875,301.50195,0.0,669.3539,465.39435,0.0,799.209,470.41492,0.0,2103.4446,502.97125,0.0,2247.7295,415.75195,513.0328,10532.588
267.19452,0.0,1077.3345,246.19327,0.0,805.5374,246.27643,0.0,726.4913,322.98798,0.0,714.0277,0.0,0.0,915.3284,261.60095,0.0,856.5962,152.57608,0.0,763.907,408.37387,0.0,2241.8247,494.02988,0.0,2626.3071,332.5299,521.18445,10356.369
222.70648,0.0,713.80255,361.60117,0.0,751.91034,202.2235,0.0,705.36237,244.7869,0.0,741.33026,0.0,0.0,746.7046,203.75131,0.0,692.0415,419.88193,0.0,672.50323,489.46133,0.0,1986.8853,576.27673,0.0,2023.9082,352.75342,569.2473,10007.947
281.89307,0.0,561.0831,269.5327,0.0,476.9418,311.127,0.0,398.52524,306.35196,0.0,376.6001,0.0,0.0,572.2786,288.43973,0.0,492.8371,383.52255,0.0,557.0762,373.08862,0.0,1862.7135,496.92334,0.0,2000.0232,211.29892,464.55774,9130.144
205.0637,0.0,685.2257,251.25809,0.0,618.3579,200.31627,0.0,521.316,311.07816,0.0,497.2154,0.0,0.0,655.0564,259.65125,0.0,531.85767,267.4516,0.0,482.2898,377.64243,0.0,1578.6115,348.55252,0.0,1742.9102,417.93243,325.14557,8253.057
277.03644,0.0,391.34024,221.42581,0.0,503.9247,269.44293,0.0,485.01746,246.14278,0.0,446.98557,0.0,0.0,571.4762,204.07478,0.0,466.86517,216.16438,0.0,429.60693,320.3186,0.0,1399.9346,339.9445,0.0,1469.5381,358.47552,391.7984,6529.5605
80.27505,0.0,466.76193,208.3435,0.0,498.00052,70.49789,0.0,484.76846,176.15335,0.0,544.9402,0.0,0.0,501.6048,171.99097,0.0,468.37286,211.0882,0.0,317.86612,324.7403,0.0,1164.8744,287.81137,0.0,1194.6956,381.342,323.12943,6357.428
302.36456,0.0,519.38007,218.79028,0.0,641.72925,263.1778,0.0,661.11053,275.623,0.0,670.1473,0.0,0.0,639.45526,245.85811,0.0,617.18933,368.68073,0.0,567.9511,395.86218,0.0,1613.2504,355.08997,0.0,1533.3081,401.68805,415.88318,7742.328
273.9528,0.0,594.0481,193.45578,0.0,648.31177,267.09946,0.0,641.2716,267.9173,0.0,651.4653,0.0,0.0,668.6912,261.83026,0.0,626.92584,359.49915,0.0,611.27936,377.638,0.0,1735.5697,392.9601,0.0,1732.2896,363.60638,425.79742,8382.546
268.3156,0.0,537.6234,271.9843,0.0,541.6263,254.1753,0.0,559.6322,201.21915,0.0,523.539,0.0,0.0,537.3971,252.5959,0.0,529.5682,337.61328,0.0,560.90564,374.84515,0.0,1589.0995,398.41522,0.0,1668.405,265.89966,405.28516,7927.6357
245.232,0.0,555.324,272.6053,0.0,641.5466,125.62047,0.0,682.425,185.29544,0.0,750.07697,0.0,0.0,716.49695,112.21654,0.0,669.08716,305.36948,0.0,683.1603,377.74164,0.0,1725.5637,418.58582,0.0,1755.8406,219.58002,424.3321,7903.325
275.51892,0.0,739.72205,178.71463,0.0,714.7079,268.4573,0.0,619.41876,300.0802,0.0,552.16656,0.0,0.0,644.4843,313.28668,0.0,606.56287,346.60336,0.0,586.0361,406.98938,0.0,1626.1042,344.09128,0.0,1720.0238,344.75912,318.94617,7803.8867
293.59692,0.0,550.37805,215.85663,0.0,682.97943,324.10938,0.0,679.2312,305.32483,0.0,684.3553,0.0,0.0,697.5347,296.47885,0.0,646.5524,402.9499,0.0,665.6946,426.06616,0.0,1884.8445,438.32462,0.0,1787.6323,458.375,485.51382,9068.805
331.31824,0.0,726.92236,278.2666,0.0,772.1525,340.3383,0.0,758.16675,319.3175,0.0,772.50073,0.0,0.0,792.3078,327.64175,0.0,744.92145,431.1849,0.0,726.3051,462.76276,0.0,2128.9404,476.85156,0.0,2109.9946,446.42072,510.2134,10196.294
325.2865,0.0,755.80994,286.89276,0.0,765.71326,324.0986,0.0,753.3445,334.20132,0.0,748.986,0.0,0.0,807.1599,323.92505,0.0,751.21545,408.9571,0.0,721.53845,463.63528,0.0,2120.51,504.17603,0.0,2176.2285,432.29846,525.2118,10310.424
310.64294,0.0,738.84265,284.7528,0.0,728.0365,293.56683,0.0,721.7082,318.5759,0.0,713.5063,0.0,0.0,776.22217,297.78912,0.0,723.26263,387.55478,0.0,683.6365,450.67563,0.0,2042.3064,484.65924,0.0,2115.5833,411.47723,503.94272,9971.997
332.3379,0.0,492.41037,276.6568,0.0,426.52615,158.06761,0.0,539.7939,196.33286,0.0,588.60144,0.0,0.0,594.84424,133.69873,0.0,545.00494,337.32025,0.0,544.1566,307.00647,0.0,1578.803,476.32294,0.0,1732.7886,72.5453,388.4855,8027.341
259.63605,0.0,681.2074,231.43813,0.0,599.3782,297.5369,0.0,588.06714,284.8787,0.0,505.14633,0.0,0.0,492.68042,306.65073,0.0,550.89465,431.96286,0.0,598.2334,392.09537,0.0,1983.423,483.87872,0.0,1809.2476,245.7058,454.99524,9503.705
277.2873,0.0,618.9799,439.30307,0.0,614.1636,349.62393,0.0,693.515,330.27136,0.0,669.11163,0.0,0.0,663.4561,326.71677,0.0,649.31665,381.73108,0.0,538.0568,461.62292,0.0,2122.0063,549.92883,0.0,2202.6118,553.5057,540.12103,10361.2295
185.67236,0.0,658.42786,352.1254,0.0,538.95435,330.66504,0.0,371.51343,274.90488,0.0,377.21487,0.0,0.0,563.7261,306.13187,0.0,469.61395,346.11737,0.0,511.20193,356.7912,0.0,1726.0735,490.2787,0.0,1918.0396,286.28516,529.81116,9475.299
333.20816,0.0,547.0121,121.117615,0.0,753.7358,443.7253,0.0,737.18884,239.49141,0.0,736.3736,0.0,0.0,668.3494,339.7011,0.0,665.804,445.2786,0.0,792.6599,420.98026,0.0,2056.5298,399.29315,0.0,1679.7501,386.6132,456.8064,8628.637
103.32387,0.0,923.7623,178.52171,0.0,566.073,178.8729,0.0,599.00397,207.27425,0.0,592.0717,0.0,0.0,585.99286,241.08725,0.0,671.42,102.192184,0.0,515.12537,281.97852,0.0,1823.1487,460.23615,0.0,2007.6741,215.50143,418.51086,7572.6396
207.15143,0.0,609.4363,297.1676,0.0,672.5731,285.9436,0.0,594.53394,225.16565,0.0,584.50397,0.0,0.0,681.08215,276.8605,0.0,603.54816,405.1132,0.0,669.7187,379.70175,0.0,1547.8411,374.89447,0.0,1639.338,370.45126,408.25952,7505.1094
235.76062,0.0,662.9859,106.58039,0.0,617.27277,209.89061,0.0,550.56635,299.2437,0.0,537.9453,0.0,0.0,665.87775,243.5168,0.0,562.79517,270.07077,0.0,510.39215,367.66772,0.0,1540.3418,305.5761,0.0,1651.1223,396.69897,317.18503,7605.0015
225.97784,0.0,492.21332,235.27423,0.0,550.1959,187.38353,0.0,583.74347,226.028,0.0,565.1139,0.0,0.0,591.9697,207.78177,0.0,555.1218,251.94034,0.0,488.4604,325.08493,0.0,1396.8097,342.9469,0.0,1419.1876,310.80847,356.13422,6495.3545
125.99169,0.0,542.9271,202.5145,2.0158691,350.22742,105.18746,0.0,401.36044,109.22063,0.0,363.14743,0.0,0.0,376.62772,135.02312,0.0,421.07166,128.07034,0.0,348.67645,180.21497,0.0,1022.7102,261.73196,0.0,1188.0796,72.12506,213.99979,4092.1523
93.46322,0.0,499.10742,168.34102,0.0,519.3366,78.99416,0.0,489.4573,104.09125,0.0,502.06894,0.0,0.0,538.7966,66.95428,0.0,477.18463,152.85674,0.0,493.14545,199.9419,0.0,1028.9767,220.73648,0.0,1095.895,156.11356,224.58365,4187.182
181.61342,0.0,554.2964,124.810875,0.0,582.5383,160.15335,0.0,587.7578,171.51517,0.0,569.92267,0.0,0.0,569.4061,174.89343,0.0,567.12225,221.26103,0.0,545.02844,239.87013,0.0,1221.0635,228.94907,0.0,1171.1255,242.35222,216.4032,4619.186
124.1414,0.0,362.98532,77.7639,0.0,415.2024,119.01504,0.0,403.6447,106.770164,0.0,449.07193,0.0,0.0,452.448,96.19556,0.0,410.74445,186.23454,0.0,444.2876,197.29971,0.0,986.735,230.80246,0.0,1007.8672,128.88284,237.90698,4105.9004
70.91112,0.0,213.47656,182.0981,0.0,283.4516,80.558365,0.0,282.33618,80.63521,0.0,272.3561,0.0,0.0,295.04596,70.41574,0.0,251.09824,124.910736,0.0,220.91313,161.41106,0.0,773.0011,189.3837,0.0,786.7711,164.8981,203.8552,3721.3105
113.78062,0.0,432.4671,108.12431,0.0,331.33948,115.880196,0.0,300.99878,143.61896,0.0,268.34354,0.0,0.0,302.85175,146.54684,0.0,300.70453,129.32585,0.0,265.71133,169.99078,0.0,800.289,197.05139,0.0,832.59735,123.92197,153.46765,3505.3215
72.815056,0.0,264.86136,123.68404,0.0,292.02005,155.06844,0.0,214.47568,130.6585,0.0,229.44405,0.0,0.0,289.8102,125.530594,0.0,243.54788,183.12631,0.0,304.2318,154.66891,0.0,780.0041,188.6225,0.0,775.4911,178.09056,223.45541,3778.692
159.01662,0.0,429.87628,172.5852,0.0,460.17227,149.79288,0.0,456.09738,142.68733,0.0,474.49847,0.0,0.0,474.0934,152.63374,0.0,446.33185,204.90768,0.0,445.8194,218.44592,0.0,1093.1279,209.14896,0.0,1072.6613,243.17319,214.10449,4688.632
192.89102,0.0,494.1264,177.66261,0.0,512.25085,177.96208,0.0,529.6736,143.04808,0.0,514.1233,0.0,0.0,499.05377,179.62398,0.0,504.23975,214.9214,0.0,520.9057,239.03728,0.0,1164.9192,245.41048,0.0,1193.014,196.02606,257.4069,4851.52
220.55676,0.0,761.70886,207.3766,0.0,759.6349,203.36462,0.0,763.2959,180.30801,0.0,737.6339,0.0,0.0,741.6726,206.31946,0.0,746.7281,262.99487,0.0,771.0875,294.69785,0.0,1547.993,275.51215,0.0,1571.3054,250.34607,278.74194,5706.039
193.74548,0.0,794.1146,136.95541,0.0,780.5115,188.00731,0.0,729.2179,230.8081,0.0,682.60297,0.0,0.0,758.7545,219.99893,0.0,709.819,241.00775,0.0,709.2017,292.39713,0.0,1411.9526,241.82716,0.0,1504.617,305.90143,233.92307,5301.24
201.51758,0.0,1051.5575,128.23854,0.0,845.9454,210.68132,0.0,803.9973,278.31845,0.0,745.63904,0.0,0.0,842.7335,243.61835,0.0,829.87146,269.03833,0.0,815.16864,253.19135,0.0,1613.861,289.44373,0.0,1665.1729,222.2422,203.20764,5480.422
190.77713,0.0,660.27356,0.0,0.0,747.1506,221.48737,0.0,699.63837,263.20395,0.0,680.34247,0.0,0.0,729.4082,235.25565,0.0,668.99805,290.56042,0.0,706.8264,306.294,0.0,1443.8495,226.20471,0.0,1371.3574,443.4972,263.89136,5564.667
221.7882,0.0,727.2178,264.8178,0.0,908.41785,351.87494,0.0,762.0244,281.9877,0.0,766.98,0.0,0.0,927.3431,278.07187,0.0,790.614,354.27637,0.0,861.801,361.57874,0.0,1850.429,329.042,0.0,1831.4309,456.91086,420.75687,7595.373
339.49042,0.0,1054.4124,272.95428,0.0,1104.6238,337.60428,0.0,1100.5802,290.88104,0.0,1138.4805,0.0,0.0,1117.4961,345.65576,0.0,1089.3872,419.016,0.0,1083.8229,456.35413,0.0,2397.1426,450.94266,0.0,2312.1997,468.89197,453.37717,9306.261
338.48663,0.0,953.44995,252.65987,0.0,1047.8036,330.7947,0.0,1059.6377,341.47092,0.0,1060.0502,0.0,0.0,1065.3977,334.72244,0.0,1013.42096,438.0867,0.0,1001.16656,441.97043,0.0,2290.726,448.9237,0.0,2241.4878,477.65283,493.99628,9423.688
237.19873,0.0,984.7602,309.87445,0.0,1073.4585,189.94586,0.0,1056.6857,211.93103,0.0,1130.2386,0.0,0.0,1069.1954,167.34717,0.0,1023.8745,366.34552,0.0,1024.653,423.01276,0.0,2186.2834,450.6625,0.0,2183.7993,357.48682,482.86646,8812.579
446.23123,0.0,1157.5842,289.2947,0.0,1104.6823,381.67685,0.0,1158.5264,393.6632,0.0,1127.7682,0.0,0.0,1147.6461,384.64838,0.0,1143.2646,539.55145,0.0,1114.8804,412.67102,0.0,2442.3403,482.58728,0.0,2400.4001,399.43237,407.04254,9896.007
400.1632,0.0,947.30066,198.16614,0.0,638.3946,360.90482,0.0,914.6881,321.68423,0.0,847.8442,0.0,0.0,804.7188,383.8078,0.0,923.34503,449.23215,0.0,853.8429,342.46393,0.0,2341.9653,574.21704,0.0,2367.0278,165.99786,417.96497,9165.412
311.839,0.0,846.05884,362.4662,0.0,985.8636,401.33405,0.0,1102.2784,357.45963,0.0,1037.8021,0.0,0.0,1025.682,405.36615,0.0,980.05176,475.2863,0.0,872.3862,531.14777,0.0,2539.5742,497.1283,0.0,2431.2969,666.2526,560.72345,11183.344
526.5137,0.0,966.96954,342.66632,0.0,1076.986,513.2594,0.0,1112.0043,312.06024,0.0,1143.9496,0.0,0.0,1193.3596,465.54022,0.0,1140.6027,581.3554,0.0,1254.4098,641.7833,0.0,2811.4941,645.20386,0.0,2924.9788,365.49017,651.74335,12029.615
327.36737,0.0,960.05316,368.88885,0.0,1030.9141,359.8376,0.0,889.33093,508.16263,0.0,931.0348,0.0,0.0,1128.3699,380.9688,0.0,996.51697,633.9006,0.0,1059.8851,389.39426,0.0,2220.8276,367.6109,0.0,2221.9834,643.4629,487.51944,11842.984
487.2785,0.0,856.15485,405.11206,0.0,864.77405,417.90646,0.0,1103.1794,383.5339,0.0,1071.5347,0.0,0.0,940.9335,398.8924,0.0,1033.8992,451.65802,0.0,815.31024,609.06885,0.0,2763.648,622.8468,0.0,2778.942,678.58344,660.8602,12374.673
400.2945,0.0,973.97864,400.439,0.0,1181.038,552.12933,0.0,957.35034,510.32925,0.0,949.44,0.0,0.0,1257.9321,489.57553,0.0,1016.285,580.5332,0.0,1050.6667,621.5895,0.0,2789.6824,617.048,0.0,2943.8848,709.0521,794.72833,14201.934
373.41785,0.0,816.204,387.0281,0.0,937.88983,233.00255,0.0,993.911,197.12769,0.0,1073.943,0.0,0.0,970.18494,159.69888,0.0,886.4806,439.7262,0.0,849.20667,579.01245,0.0,2560.141,652.7905,0.0,2497.667,406.82684,639.33655,11675.973
343.69162,0.0,819.53705,335.9516,0.0,754.8863,413.42862,0.0,737.3549,405.18094,0.0,666.9319,0.0,0.0,652.55524,462.69135,0.0,697.13635,613.73157,0.0,724.8902,489.58673,0.0,2471.6252,687.1568,0.0,2279.7915,352.74225,626.07837,12251.461
396.0096,0.0,1094.1082,222.41943,0.0,938.90137,331.8877,0.0,894.1765,384.84204,0.0,952.1318,0.0,0.0,1206.4833,282.55432,0.0,1046.5698,237.7224,0.0,1048.9749,553.79785,0.0,2841.5269,594.4186,0.0,3282.126,385.4558,648.323,12648.979
529.7955,0.0,930.81464,144.38693,0.0,1245.3961,646.91486,0.0,1266.7561,382.3593,0.0,1278.8888,0.0,0.0,1127.9712,524.1738,0.0,1152.168,677.4848,0.0,1307.4043,642.7247,0.0,3201.4106,572.9999,0.0,2593.7727,631.81616,667.0416,13026.007
445.24344,0.0,1089.6515,257.21686,0.0,819.01697,344.0269,0.0,982.64716,440.38272,0.0,999.11865,0.0,0.0,917.16785,425.22437,0.0,1000.51196,662.0968,0.0,1056.5126,351.52554,0.0,2432.586,608.65045,0.0,2372.7295,204.77681,417.04834,10341.699
306.8783,0.0,1028.4097,337.1822,0.0,1307.8424,374.27853,0.0,1228.8495,440.18484,0.0,1264.0251,0.0,0.0,1270.4502,354.7185,0.0,1192.183,597.36316,0.0,1297.4088,513.7605,0.0,2648.5542,357.24426,0.0,2476.9707,789.9097,559.94794,11769.398
499.7314,0.0,1234.2473,229.24992,0.0,1205.0992,459.8418,0.0,1241.2632,356.58777,0.0,1229.6536,0.0,0.0,1177.2427,434.93994,0.0,1252.9774,536.4897,0.0,1276.4348,576.4906,0.0,2810.7144,580.6804,0.0,2903.9814,517.2256,577.86584,11458.256
379.40356,0.0,1404.7004,364.91238,0.0,1455.8093,350.52838,0.0,1448.8506,454.49387,0.0,1382.1123,0.0,0.0,1492.6174,398.6903,0.0,1402.4052,516.47156,0.0,1358.6265,558.42664,0.0,2968.3916,539.8583,0.0,2983.2441,595.6821,566.5965,11616.268
416.30396,0.0,1447.677,319.11185,0.0,1506.162,421.59906,0.0,1479.1893,417.21732,0.0,1489.2026,0.0,0.0,1538.6852,404.1524,0.0,1476.9205,520.60046,0.0,1460.1393,572.989,0.0,3044.9788,557.69714,0.0,3059.5867,608.682,578.0966,11464.85
245.51791,0.0,1486.1777,0.0,0.0,1167.7485,290.35532,0.0,1105.967,332.59213,0.0,1099.1855,0.0,0.0,1190.3147,342.90204,0.0,1245.9269,304.43582,0.0,1235.0745,393.04892,0.0,2635.622,501.3677,0.0,2749.816,315.95663,510.0921,9703.032
157.63486,0.0,709.37775,228.77336,0.0,799.12585,218.9549,0.0,661.63513,285.547,0.0,707.37366,0.0,0.0,870.58545,172.06366,0.0,714.50916,457.56247,0.0,799.4918,320.8808,0.0,1594.4033,355.08707,0.0,1681.5815,424.46664,384.7583,7755.124
392.44592,0.0,914.6594,152.50883,0.0,996.93024,318.889,0.0,1065.3861,309.027,0.0,1029.2931,0.0,0.0,981.08966,325.8167,0.0,1001.8127,430.25546,0.0,1003.91473,469.06427,0.0,2383.374,417.12244,0.0,2206.753,504.93372,440.65012,9598.028
449.94705,0.0,1761.6167,348.84622,0.0,1738.3542,444.34177,0.0,1714.3644,465.0182,0.0,1698.5973,0.0,0.0,1762.469,429.21243,0.0,1727.508,409.29297,0.0,1655.1224,622.91284,0.0,3565.9229,630.151,0.0,3608.0476,592.9739,693.5555,12982.791
381.4693,0.0,1624.2305,455.7884,0.0,1737.6925,308.23468,0.0,1726.3455,401.35083,0.0,1895.9475,0.0,0.0,1727.5491,322.91248,0.0,1712.4247,768.2143,0.0,1741.0874,555.2464,0.0,3149.4302,619.33606,0.0,2997.4192,609.1546,627.9456,12744.468
440.86368,0.0,1476.0441,343.14752,0.0,1583.2085,341.9511,0.0,1648.1274,294.17993,0.0,1793.2582,0.0,0.0,1531.0782,270.46136,0.0,1619.8822,744.8949,0.0,1804.3428,630.44165,0.0,3743.5898,796.3044,0.0,3426.8926,253.10754,777.13257,13696.723
596.0099,0.0,2303.0325,405.03802,0.0,2527.8962,599.55365,0.0,2293.6191,841.13416,0.0,2204.401,0.0,0.0,2417.0386,705.1998,0.0,2180.5728,819.30005,0.0,2098.9995,893.87555,0.0,4450.1885,641.35205,0.0,4348.6934,1180.6354,626.8366,16966.04
696.29956,0.0,1987.1129,487.292,0.0,2436.6643,772.547,0.0,2419.5366,658.0315,0.0,2517.921,0.0,0.0,2421.7874,716.51263,0.0,2334.1848,911.30646,0.0,2358.0713,944.8487,0.0,4801.167,886.3168,0.0,4488.4087,1129.9229,1021.76355,18073.846
898.7794,0.0,1501.6793,405.55124,0.0,1934.2899,676.4283,0.0,2204.6855,391.9065,0.0,2179.2048,0.0,0.0,2118.0999,613.6364,0.0,1993.8401,805.63293,0.0,2088.8904,809.8793,0.0,4326.9883,800.0458,0.0,4191.386,531.02905,772.2999,14322.102
466.27206,0.0,3148.9492,342.4009,0.0,2794.6414,667.15155,0.0,2614.69,601.6906,0.0,2599.5786,0.0,0.0,2674.9092,710.0842,0.0,2738.3018,673.0455,0.0,2816.9973,781.3532,0.0,5638.6245,954.0254,0.0,5398.524,513.0878,935.18207,18989.887
335.14737,0.0,2279.541,0.0,0.0,2122.7385,738.21423,0.0,1616.6343,708.91315,0.0,1682.9844,0.0,0.0,2150.613,601.25305,0.0,2000.5056,663.27686,0.0,2275.9453,657.01,0.0,4402.1406,801.44543,0.0,4606.478,944.24243,989.3087,16698.35
510.2801,0.0,2532.036,807.2435,0.0,2455.7607,708.7247,0.0,2321.9243,612.6903,0.0,2315.114,0.0,0.0,2381.4612,772.5727,0.0,2331.1658,1093.5428,0.0,2458.0342,896.3855,0.0,5222.579,1020.25586,0.0,4896.651,883.0776,874.9732,18883.92
518.4721,0.0,2247.3574,761.89026,0.0,2551.6543,821.2917,0.0,2097.8389,651.0463,0.0,2207.6392,0.0,0.0,2619.1062,662.19604,0.0,2277.6328,846.0118,0.0,2631.4468,837.7797,0.0,4645.187,734.76465,0.0,5072.924,1148.5343,996.2335,18398.912
728.61597,0.0,2214.2769,700.9964,0.0,2300.5237,691.51996,0.0,2308.5022,496.98346,0.0,2320.906,0.0,0.0,2283.537,740.7305,0.0,2274.6667,949.6662,0.0,2388.6045,945.2906,0.0,4848.156,919.03955,0.0,4836.5845,840.129,906.4984,18835.45
808.531,0.0,2752.1763,390.36642,0.0,2691.3623,611.89996,0.0,2620.2883,808.9564,0.0,2520.922,0.0,0.0,2838.6016,743.69446,0.0,2648.3652,772.7217,0.0,2642.2551,1045.1704,0.0,5070.3447,824.3003,0.0,5495.148,852.80646,772.08075,17736.59
787.27844,0.0,2565.852,0.0,0.0,2899.254,769.72906,0.0,2926.2512,823.19965,0.0,2885.366,0.0,0.0,2813.5532,799.0935,0.0,2820.9448,1102.3506,0.0,2908.0405,1050.2194,0.0,5673.721,860.6288,0.0,5125.521,1335.3485,995.01044,20578.543
754.88684,0.0,3473.791,640.65265,0.0,3543.539,719.1893,0.0,3379.9878,990.8651,0.0,3227.1487,0.0,0.0,3561.7683,796.011,0.0,3296.3462,858.88763,0.0,3092.4521,1119.4601,0.0,6006.8003,903.54224,0.0,6185.507,1310.7305,883.3752,19560.688
668.703,0.0,3506.4175,366.70187,0.0,3656.783,749.571,0.0,3398.4343,880.85034,0.0,3404.566,0.0,0.0,3682.996,846.5094,0.0,3413.4143,887.4885,0.0,3335.704,1102.2372,0.0,5916.7646,864.8449,0.0,6003.76,1335.1329,906.5895,18855.434
727.0586,0.0,3475.7783,304.78772,0.0,3610.5925,772.52844,0.0,3398.3406,899.6616,0.0,3353.26,0.0,0.0,3659.0527,844.30176,0.0,3371.6606,920.43384,0.0,3282.9302,1132.5935,0.0,6068.8594,885.27563,0.0,6074.915,1282.5366,901.9728,19156.875
801.67596,0.0,3078.2197,404.74197,0.0,3509.2334,809.79846,0.0,3509.126,786.9359,0.0,3588.3345,0.0,0.0,3686.066,857.9637,0.0,3504.4385,1095.219,0.0,3578.5586,1114.3279,0.0,6313.257,970.21155,0.0,6030.0264,1179.7626,1020.3032,19594.139
743.23694,0.0,3047.993,307.455,0.0,3026.1262,845.9414,0.0,2998.9941,669.0298,0.0,3037.318,0.0,0.0,3104.6956,817.6703,0.0,3061.2324,1050.4159,0.0,3222.2107,903.67444,0.0,6061.1514,1020.07446,0.0,5780.909,653.86285,907.19055,18430.29
553.15576,0.0,2311.5793,0.0,0.0,2745.5925,911.67957,0.0,2318.3916,809.1055,0.0,2315.8928,0.0,0.0,2804.4766,768.3276,0.0,2445.8652,958.53864,0.0,2809.0054,844.3203,0.0,5110.4897,705.9266,0.0,5012.42,1362.9995,965.9464,19165.648
495.15546,0.0,2178.3687,889.1188,0.0,2499.87,659.12787,0.0,2208.8274,642.5414,0.0,2157.3325,0.0,0.0,2616.8135,598.7797,0.0,2264.3032,710.353,0.0,2326.705,807.2727,0.0,4465.3184,740.1135,0.0,4631.618,1102.3143,860.3009,16245.018
535.7661,0.0,2174.1167,567.05804,0.0,2384.6958,402.71368,0.0,2404.0303,296.05252,0.0,2621.214,0.0,0.0,2397.1064,354.81845,0.0,2336.9858,609.6613,0.0,2325.4233,715.5891,0.0,4316.3755,787.5209,0.0,4184.4326,646.378,792.56946,13701.021
578.43787,0.0,1950.7913,205.07181,0.0,2184.469,587.18384,0.0,2156.9944,559.42896,0.0,2138.4917,0.0,0.0,2155.3716,618.2101,0.0,2061.7732,799.3281,0.0,2048.6904,689.1066,0.0,4022.0967,668.2175,0.0,3751.271,751.43567,658.6195,13452.34
553.6526,0.0,1314.5459,201.17216,0.0,1570.0657,566.30994,0.0,1633.0343,510.23743,0.0,1775.3817,0.0,0.0,1797.4124,572.64734,0.0,1674.1998,825.4444,0.0,1762.1599,558.1022,0.0,3272.5288,565.05316,0.0,3047.4941,632.9032,572.1312,12816.16
700.984,0.0,1570.1404,485.8912,0.0,1610.1018,651.96893,0.0,1790.1512,464.8867,0.0,1783.9287,0.0,0.0,1643.2252,550.9298,0.0,1685.744,723.2732,0.0,1745.295,550.4644,0.0,3613.9197,588.2606,0.0,3170.8147,484.42325,515.34186,13225.51
460.35825,0.0,1733.001,213.86961,0.0,1863.9324,406.04254,0.0,1902.6443,510.10944,0.0,1918.636,0.0,0.0,1748.9423,439.5284,0.0,1776.1394,620.0069,0.0,1792.9281,639.1138,0.0,3499.9546,577.8933,0.0,3331.1392,784.9912,652.8993,12757.112
416.4086,0.0,1743.5881,452.10455,0.0,1815.3264,471.12045,0.0,1753.4725,392.14212,0.0,1725.7783,0.0,0.0,1808.847,435.0251,0.0,1763.5442,583.0925,0.0,1835.4573,574.0849,0.0,3374.4321,575.68146,0.0,3486.0396,559.1736,598.7499,11557.898
455.21292,0.0,1375.4763,0.0,0.0,1464.3494,420.6253,0.0,1513.8862,433.12048,0.0,1492.1764,0.0,0.0,1470.8148,447.88495,0.0,1454.6377,572.26227,0.0,1501.441,541.16907,0.0,3067.9868,498.29517,0.0,2879.7607,682.98096,524.4541,11581.364
428.31723,0.0,1840.8591,313.60352,0.0,1766.2714,320.78888,0.0,1807.7874,420.0329,0.0,1742.251,0.0,0.0,1927.6952,340.24545,0.0,1841.6567,278.04617,0.0,1750.1549,549.4633,0.0,3386.143,544.7997,0.0,3612.337,423.27594,533.4876,10345.035
456.89062,0.0,1546.8848,314.2537,0.0,1805.6027,504.93298,0.0,1772.4243,424.00912,0.0,1875.863,0.0,0.0,1917.9799,516.1207,0.0,1794.6685,675.44037,0.0,1814.7731,623.64716,0.0,3373.2473,567.61523,0.0,3178.5625,581.53033,551.21185,11466.744
587.85284,0.0,1826.9102,362.93597,0.0,1859.1573,464.8463,0.0,1971.7267,408.99298,0.0,2021.2607,0.0,0.0,1986.9841,480.8133,0.0,1992.1556,674.202,0.0,2120.1553,536.6238,0.0,3516.6606,502.02277,0.0,3473.0073,420.99164,466.41214,11368.154
443.55447,0.0,1570.3124,247.34792,0.0,1852.6871,532.3435,0.0,1795.4419,499.22272,0.0,1885.8813,0.0,0.0,1814.5701,500.82507,0.0,1766.6398,748.7268,0.0,1834.5374,625.32416,0.0,3514.227,528.5636,0.0,3184.4092,763.16046,632.0426,13263.498
467.63336,0.0,1550.3754,440.28815,0.0,1721.1805,506.0558,0.0,1697.4873,463.43924,0.0,1789.1074,0.0,0.0,1779.071,473.3413,0.0,1694.8195,639.95355,0.0,1670.8043,632.305,0.0,3456.9019,609.2943,0.0,3376.7585,681.8761,654.8316,13279.953
523.1116,0.0,1854.9637,418.4948,0.0,1947.5217,474.68875,0.0,1960.0576,488.48096,0.0,1974.6299,0.0,0.0,1983.6819,483.93622,0.0,1923.107,593.5644,0.0,1889.1641,668.94617,0.0,3812.6418,643.0837,0.0,3765.9978,683.3553,678.8293,13728.658
452.94214,0.0,1892.7234,421.74594,0.0,1953.5095,429.6377,0.0,1940.613,402.27002,0.0,1950.0635,0.0,0.0,1937.0859,450.03442,0.0,1925.7788,592.0285,0.0,1960.6804,629.8828,0.0,3551.0413,600.4169,0.0,3604.6604,593.8931,616.086,12113.557
375.34598,0.0,1284.1101,0.0,0.0,1344.2737,356.58075,0.0,1272.041,487.68567,0.0,1242.5594,0.0,0.0,1350.6831,408.8423,0.0,1257.7153,511.66476,0.0,1261.6433,498.29736,0.0,2555.7256,384.16605,0.0,2518.6528,688.61346,433.75247,10180.9
385.73724,0.0,1586.245,256.96054,0.0,1578.1676,350.19055,0.0,1589.7188,351.9732,0.0,1530.1262,0.0,0.0,1649.441,302.1908,0.0,1565.5563,269.76212,0.0,1487.238,516.8425,0.0,3088.619,507.87506,0.0,3161.5432,469.88223,527.12396,9921.697
386.701,0.0,1630.3591,294.7644,0.0,1799.4534,417.48547,0.0,1757.6907,424.4217,0.0,1769.6118,0.0,0.0,1788.0558,460.7934,0.0,1721.3945,576.0843,0.0,1712.1348,576.41187,0.0,3190.1152,537.08374,0.0,3027.6675,661.9609,539.7442,10774.115
382.98392,0.0,1383.614,270.47983,0.0,1548.6974,383.60742,0.0,1544.7574,374.20493,0.0,1578.3638,0.0,0.0,1582.1936,362.23654,0.0,1493.5452,498.53836,0.0,1512.5603,495.1428,0.0,2887.6807,446.91833,0.0,2807.2993,589.32263,509.47546,10055.639
415.2145,0.0,1238.134,236.11252,0.0,1377.9388,338.3498,0.0,1442.2029,340.3982,0.0,1436.4567,0.0,0.0,1483.1604,354.2417,0.0,1399.2615,430.40445,0.0,1394.7769,464.31085,0.0,2684.5752,453.57147,0.0,2660.7102,428.59973,435.69287,8927.48
320.75458,0.0,1448.6067,148.25034,0.0,1501.5276,347.5898,0.0,1392.6272,407.075,0.0,1369.8849,0.0,0.0,1489.3071,377.64978,0.0,1373.7197,403.2569,0.0,1343.9954,488.59116,0.0,2623.247,383.538,0.0,2599.8506,538.80493,393.73425,9117.313
292.24222,0.0,1255.3584,328.96576,0.0,1513.7744,438.4762,0.0,1312.5112,405.35175,0.0,1342.7183,0.0,0.0,1554.9797,358.91638,0.0,1369.9352,458.64664,0.0,1467.7584,492.59705,0.0,2703.5674,430.74237,0.0,2709.4294,669.2816,564.44965,9985.027
362.80994,0.0,1347.3713,332.27643,0.0,1384.6769,380.72412,0.0,1348.419,261.04205,0.0,1406.158,0.0,0.0,1369.6499,390.5417,0.0,1363.508,503.1814,0.0,1426.2239,505.25394,0.0,2737.538,485.126,0.0,2719.7751,458.47562,476.46545,9867.777
306.80194,0.0,1017.81934,309.78052,0.0,1060.3494,281.30945,0.0,1196.395,335.8643,0.0,1154.1278,0.0,0.0,1134.6188,330.52344,0.0,1119.7075,358.6814,0.0,979.7572,400.68195,0.0,2316.0703,428.1978,0.0,2317.3308,516.9132,435.38806,8624.152
249.97064,0.0,1298.9866,162.9139,0.0,1233.8197,250.84616,0.0,1170.9152,274.83734,0.0,1195.8685,0.0,0.0,1304.3461,254.99042,0.0,1237.0652,201.6695,0.0,1170.0199,382.6228,0.0,2252.411,354.19003,0.0,2434.6216,374.1539,424.63535,7973.7676
352.56686,0.0,1090.6279,213.0628,0.0,1301.1101,295.34747,0.0,1352.993,310.1798,0.0,1335.3575,0.0,0.0,1310.7045,313.5483,0.0,1271.3116,426.91043,0.0,1216.7683,438.29016,0.0,2354.1646,387.3191,0.0,2141.3003,511.86624,400.96808,7588.5933
193.86185,0.0,1192.037,243.5573,0.0,1258.6663,294.2455,0.0,1171.115,288.1533,0.0,1186.4364,0.0,0.0,1362.2275,265.76675,0.0,1243.1316,164.69452,0.0,1146.3544,342.10022,0.0,2230.5063,304.38947,0.0,2429.2153,514.50464,431.11337,7322.7793
226.8547,0.0,1143.9536,150.65048,0.0,1107.819,282.75287,0.0,1014.8711,261.4077,0.0,1022.4779,0.0,0.0,1089.8192,338.69476,0.0,1038.9745,362.91876,0.0,1009.8644,360.04938,0.0,1937.8446,370.54196,0.0,1871.4675,324.34033,307.78732,6376.344
295.42126,0.0,1132.1624,219.98074,0.0,1290.4445,234.76022,0.0,1324.9573,278.34167,0.0,1364.103,0.0,0.0,1383.0161,240.14671,0.0,1292.6067,348.3977,0.0,1328.0669,380.95615,0.0,2290.391,302.2828,0.0,2221.0562,427.18613,338.3885,6881.6772
312.7679,0.0,1334.28,220.17328,0.0,1460.2849,306.79016,0.0,1442.9485,286.02213,0.0,1459.3163,0.0,0.0,1444.7258,305.6606,0.0,1409.9098,374.9623,0.0,1401.3655,377.10382,0.0,2426.497,330.89346,0.0,2317.3545,431.02533,335.68524,7122.467
245.26517,0.0,1105.6747,208.95818,0.0,1244.9249,311.05475,0.0,1198.0204,250.3944,0.0,1290.1033,0.0,0.0,1283.9741,295.3394,0.0,1209.7148,394.38965,0.0,1219.4332,352.06757,0.0,2123.0002,330.00043,0.0,2034.7031,381.56482,350.4884,6932.154
303.53967,0.0,1325.2708,251.3935,0.0,1415.0231,257.0444,0.0,1433.7598,263.6762,0.0,1448.0045,0.0,0.0,1433.9255,259.849,0.0,1396.4043,336.82092,0.0,1390.7714,374.935,0.0,2423.8154,327.05267,0.0,2339.6216,395.484,345.6012,7137.7554
267.74652,0.0,1307.6682,183.9114,0.0,1217.2589,265.6505,0.0,1256.9576,272.21576,0.0,1211.7976,0.0,0.0,1244.17,307.7696,0.0,1240.8574,289.28488,0.0,1145.9126,318.96878,0.0,2044.1718,316.8297,0.0,2156.546,347.81226,239.90512,5756.1777
278.5478,0.0,1230.6643,143.61569,0.0,1397.3542,264.32608,0.0,1411.5327,262.5681,0.0,1417.4417,0.0,0.0,1455.9033,267.8636,0.0,1375.9214,348.6372,0.0,1417.7787,374.87955,0.0,2299.629,296.40045,0.0,2193.7273,400.80203,330.18915,6387.8545
343.5382,0.0,1304.4207,158.40553,0.0,1511.3243,393.7814,0.0,1486.6111,297.16412,0.0,1509.7272,0.0,0.0,1475.6132,342.85635,0.0,1427.3007,468.03897,0.0,1475.1694,426.14795,0.0,2644.939,367.2654,0.0,2377.8843,491.25037,385.62842,7902.094
298.5613,0.0,1225.3615,254.68779,0.0,1447.3724,369.45792,0.0,1419.7522,274.12115,0.0,1464.2756,0.0,0.0,1382.9987,376.80313,0.0,1369.2732,511.86267,0.0,1486.6643,438.58752,0.0,2526.5334,381.3194,0.0,2341.3926,516.33453,444.82278,8594.489
258.16464,0.0,1134.0132,417.4157,0.0,1251.4124,190.64017,0.0,1351.0,25.324377,0.0,1497.8632,0.0,0.0,1136.3307,77.14359,0.0,1260.395,385.91943,0.0,1471.008,419.8872,0.0,2875.1323,593.21924,0.0,2387.8762,0.0,542.98395,8694.394
375.42535,0.0,1525.0544,382.3152,0.0,1748.7345,367.20477,0.0,1692.6688,388.13705,0.0,1704.7822,0.0,0.0,1532.3806,412.29892,0.0,1553.4645,623.56964,0.0,1627.6404,473.08405,0.0,2889.2322,410.18182,0.0,2645.9844,641.20483,356.92178,9356.802
344.01862,0.0,1186.4392,244.99342,0.0,1466.4401,431.9151,0.0,1425.3013,344.83813,0.0,1489.7141,0.0,0.0,1459.6974,349.2201,0.0,1378.585,466.70212,0.0,1473.605,394.96237,0.0,2632.0054,378.6187,0.0,2474.5266,595.692,481.0663,9043.865
282.82623,0.0,1503.9734,125.00482,0.0,1368.938,374.5951,0.0,1237.823,380.30963,0.0,1244.1515,0.0,0.0,1308.7992,419.6042,0.0,1276.9508,437.92996,0.0,1282.7285,450.4869,0.0,2655.417,457.9891,0.0,2590.2888,411.49094,397.81848,9452.581
360.9915,0.0,1211.3801,359.1557,0.0,1310.1951,326.6255,0.0,1363.0543,384.67108,0.0,1376.6027,0.0,0.0,1375.9747,317.11295,0.0,1296.8916,505.53436,0.0,1343.6254,400.6965,0.0,2508.9395,413.4594,0.0,2432.165,539.91223,409.80487,9484.785
261.4217,0.0,1108.5074,251.43079,0.0,1242.7482,211.46301,0.0,1234.2042,227.42415,0.0,1320.6322,0.0,0.0,1210.7711,179.16512,0.0,1198.3689,358.44553,0.0,1221.6794,397.62756,0.0,2291.4546,378.84546,0.0,2236.0447,407.28073,443.73804,8391.4
308.73938,0.0,1017.40356,267.20807,0.0,1139.8215,250.43396,0.0,1167.2654,299.3553,0.0,1147.9836,0.0,0.0,1141.0288,272.27667,0.0,1113.6603,362.3266,0.0,1070.3586,357.47705,0.0,2111.5898,351.33017,0.0,2052.9067,413.6783,352.3816,7464.561
252.02747,0.0,958.44055,230.34113,0.0,998.21826,256.72867,0.0,1078.7938,240.79553,0.0,1077.5958,0.0,0.0,1034.7887,266.47534,0.0,1040.2837,270.32452,0.0,935.125,340.9488,0.0,1996.8612,337.61426,0.0,1992.955,405.84305,343.2137,6806.468
203.0489,0.0,1078.9813,133.16635,0.0,1010.7261,225.10489,0.0,955.8618,178.24796,0.0,961.2176,0.0,0.0,1051.8958,220.1423,0.0,1010.8667,171.51361,0.0,1016.00684,302.11426,0.0,1843.8378,301.05994,0.0,2017.6172,217.18225,332.79565,6199.9165
247.39873,0.0,802.89343,172.35245,0.0,947.2343,257.46967,0.0,944.6068,262.87262,0.0,941.9094,0.0,0.0,942.9125,263.26233,0.0,896.9885,391.6007,0.0,920.5189,363.76566,0.0,1894.7837,334.11057,0.0,1721.5197,409.19943,349.67517,7252.12
259.91934,0.0,825.2024,142.52805,0.0,837.469,253.48032,0.0,897.6433,283.49896,0.0,840.9835,0.0,0.0,869.41223,267.1893,0.0,817.5441,206.37202,0.0,653.79315,351.03564,0.0,1791.8027,305.66928,0.0,1818.3867,448.55185,281.74774,6401.219
272.17557,0.0,692.5501,131.68173,0.0,872.6891,303.9445,0.0,867.9181,247.54832,0.0,900.4524,0.0,0.0,954.2339,303.47107,0.0,855.94867,346.55148,0.0,891.36774,380.43878,0.0,1845.6227,365.34424,0.0,1775.2676,337.9805,394.15442,7249.3975
243.1543,0.0,780.1804,81.9721,0.0,821.4897,270.82666,0.0,721.3511,315.6446,0.0,730.8476,0.0,0.0,826.8213,280.5482,0.0,717.6495,323.78702,0.0,702.8489,389.51074,0.0,1788.1335,300.5698,0.0,1756.866,416.67932,328.51462,7979.841
242.6231,0.0,777.0285,151.44522,0.0,747.21576,247.79144,0.0,730.74207,257.95062,0.0,733.55255,0.0,0.0,804.32227,229.24316,0.0,755.69165,181.75525,0.0,722.44226,374.39148,0.0,1947.8221,417.66656,0.0,2039.9823,328.20392,468.9241,8633.029
377.2104,0.0,829.6998,260.91217,0.0,748.575,332.97864,0.0,797.1218,358.37323,0.0,782.6588,0.0,0.0,799.8389,338.07596,0.0,791.5254,495.5042,0.0,773.8483,376.96277,0.0,2006.4089,458.82806,0.0,1967.665,362.18762,393.7326,9597.447
365.96252,0.0,785.5687,202.91425,0.0,690.2239,293.92395,0.0,774.72687,351.59906,0.0,751.9688,0.0,0.0,761.26715,275.46603,0.0,755.16846,414.32007,0.0,771.665,347.826,0.0,1981.3596,412.44342,0.0,2023.5962,364.23352,410.63034,9741.027
218.8501,0.0,1027.8691,156.91124,0.0,712.89575,212.96526,0.0,721.3757,249.85217,0.0,655.107,0.0,0.0,717.7648,219.4892,0.0,792.823,139.87985,0.0,748.42926,321.52695,0.0,2101.955,480.04688,0.0,2256.0476,146.61766,463.45007,8613.311
171.92369,0.0,623.36975,390.5279,0.0,713.1954,270.94513,0.0,661.6801,318.47183,0.0,619.87256,0.0,0.0,778.6793,277.89627,0.0,668.3516,321.76224,0.0,585.37085,373.0536,0.0,1692.8868,379.97134,0.0,1827.7776,564.209,410.63776,7937.6514
305.12177,0.0,863.75934,292.35028,0.0,906.14264,282.49194,0.0,904.10077,248.55603,0.0,949.136,0.0,0.0,963.9861,279.22385,0.0,904.0859,301.67368,0.0,871.3926,398.62854,0.0,2026.292,377.1671,0.0,2062.2085,412.8449,422.71835,8569.124
300.8066,0.0,952.0455,160.39445,0.0,948.41547,223.17831,0.0,927.022,343.2862,0.0,893.7875,0.0,0.0,985.2753,282.11615,0.0,905.43286,251.34016,0.0,795.3506,391.9568,0.0,1885.8989,345.72284,0.0,1983.368,410.9063,348.74817,7562.9243
248.38649,0.0,976.5707,232.7231,0.0,1031.8903,204.13905,0.0,1046.5887,256.16583,0.0,1036.0531,0.0,0.0,1057.0132,220.45227,0.0,1016.6027,272.0564,0.0,973.3816,357.94565,0.0,1936.9338,329.42993,0.0,1946.9045,368.2413,347.66083,6828.948
183.41196,0.0,1082.3049,231.30086,0.0,1059.8137,96.97664,0.0,1068.9473,100.47682,0.0,1092.3141,0.0,0.0,1077.0785,86.45423,0.0,1064.0708,105.20718,0.0,1039.986,260.2382,0.0,1774.3674,289.25534,0.0,1923.7758,146.67813,283.05853,4902.4766
178.74947,0.0,1195.6068,114.90227,0.0,1142.3457,204.61731,0.0,1065.6559,255.76611,0.0,1019.4856,0.0,0.0,1075.2092,258.77313,0.0,1064.3344,286.37964,0.0,1053.7617,276.33023,0.0,1819.1257,272.2081,0.0,1742.2795,261.33054,197.57295,4932.632
192.03384,0.0,1002.6406,143.07939,0.0,1092.403,234.82776,0.0,1062.6418,219.42725,0.0,1106.0146,0.0,0.0,1106.1115,203.86746,0.0,1051.5745,313.39392,0.0,1124.6239,251.10172,0.0,1780.714,225.23615,0.0,1700.7389,362.17346,232.29613,5192.3145
205.91676,0.0,874.5516,0.0,0.0,944.2328,330.57535,0.0,894.72046,247.86603,0.0,951.42236,0.0,0.0,849.9929,330.9758,0.0,927.93774,442.70035,0.0,1052.5642,302.91943,0.0,1964.9962,296.8034,0.0,1630.1821,399.79337,356.7422,7205.5635
262.39603,0.0,885.3957,292.2563,0.0,1027.4443,308.59338,0.0,1006.5395,292.78952,0.0,1076.446,0.0,0.0,1042.9805,275.81244,0.0,981.5605,417.0145,0.0,998.8436,377.64502,0.0,2095.0405,346.7799,0.0,1993.0586,478.25122,386.2832,8214.731
274.64856,0.0,1030.9033,334.4974,0.0,1190.0681,348.63217,0.0,1041.2091,322.18106,0.0,1061.0839,0.0,0.0,1232.2224,290.9854,0.0,1090.5969,311.76794,0.0,1139.472,376.1325,0.0,2214.8984,344.0017,0.0,2312.0781,501.73007,453.82062,8568.793
312.37152,0.0,1031.1399,113.81285,0.0,962.69055,210.68735,0.0,1016.22974,205.012,0.0,1116.6844,0.0,0.0,977.52637,196.31055,0.0,1024.9717,399.37146,0.0,1062.704,338.5939,0.0,2115.0105,433.12027,0.0,2046.1973,272.26196,390.64227,8529.727
339.32565,0.0,1408.3475,211.97046,0.0,1360.1902,265.82605,0.0,1381.3806,373.51224,0.0,1293.9873,0.0,0.0,1365.9441,290.1403,0.0,1356.6,266.43762,0.0,1283.822,455.03912,0.0,2759.858,438.02325,0.0,2801.5776,432.79834,472.38623,9657.67
304.44824,0.0,1387.7485,221.53336,0.0,1586.4581,438.88354,0.0,1277.9618,507.2072,0.0,1216.316,0.0,0.0,1600.2974,384.54108,0.0,1314.3634,365.2514,0.0,1313.4863,513.39935,0.0,2555.0083,372.54486,0.0,2709.696,758.90625,447.71582,9241.715
402.05948,0.0,1532.4805,364.54224,0.0,1689.7489,404.0133,0.0,1707.1519,251.25385,0.0,1722.693,0.0,0.0,1659.9529,406.98233,0.0,1635.0547,470.4163,0.0,1696.1621,561.9943,0.0,3082.056,498.89087,0.0,2942.1992,537.07227,487.0919,9613.491
405.69385,0.0,2022.8384,257.9712,0.0,2059.212,353.52567,0.0,1981.6274,511.07074,0.0,1954.8987,0.0,0.0,2079.474,417.67477,0.0,1950.4539,403.60623,0.0,1866.1008,537.1058,0.0,3300.6665,411.89276,0.0,3348.002,672.1016,413.18182,9830.187
231.47504,0.0,1552.2334,665.4431,0.0,2099.6223,81.65442,0.0,2164.6453,162.93394,0.0,2389.1147,0.0,0.0,1878.7484,79.28058,0.0,1984.9637,447.43387,0.0,2053.7234,536.82947,0.0,3236.638,363.60284,0.0,2581.5127,652.339,579.4852,9892.403
582.081,0.0,1995.3676,256.62024,0.0,2142.7942,464.76044,0.0,2156.3638,483.2879,0.0,2199.8623,0.0,0.0,1956.2261,439.57336,0.0,2051.6062,606.0006,0.0,1966.6365,533.4392,0.0,3479.788,495.42725,0.0,3330.0107,660.1256,435.21463,9707.515
271.05362,0.0,1517.0731,261.5381,0.0,1668.6182,359.13214,0.0,1748.6826,300.7381,0.0,1691.6685,0.0,0.0,1724.7998,376.5829,0.0,1649.8348,340.71207,0.0,1610.4841,373.2201,0.0,2919.609,428.6078,0.0,2895.4785,503.8793,437.02875,8320.476
292.55853,0.0,1596.3223,174.19727,0.0,1603.7042,428.31848,0.0,1493.4955,285.97946,0.0,1589.8413,0.0,0.0,1662.362,383.5324,0.0,1568.0288,351.93466,0.0,1567.192,475.50708,0.0,2913.5496,440.97052,0.0,2887.132,415.51163,457.57495,9660.94
445.30524,0.0,1542.5066,263.7304,0.0,1686.118,365.00183,0.0,1760.9268,390.33234,0.0,1770.7991,0.0,0.0,1786.4459,388.90662,0.0,1730.9392,473.60455,0.0,1750.1776,542.9345,0.0,3256.8052,516.0277,0.0,3118.023,489.9185,493.19,10185.615
339.41492,0.0,1037.4302,0.0,0.0,1207.4939,429.98926,0.0,1096.2673,425.70023,0.0,1170.7877,0.0,0.0,1176.6357,454.9765,0.0,1099.0073,499.91467,0.0,1112.2144,459.97516,0.0,2375.654,336.5788,0.0,2141.826,641.8343,396.865,9822.941
226.18692,0.0,1403.1309,374.43042,0.0,1394.0356,273.89087,0.0,1220.013,345.28934,0.0,1214.0967,0.0,0.0,1508.4744,210.7175,0.0,1337.7686,102.33445,0.0,1318.8527,385.59735,0.0,2513.876,362.5438,0.0,2851.3447,454.0669,497.6286,8801.649
282.58127,0.0,1300.3297,378.1776,0.0,1491.3397,374.44418,0.0,1286.4425,356.55835,0.0,1348.6422,0.0,0.0,1515.6779,358.4499,0.0,1380.5968,433.5938,0.0,1422.2252,454.26248,0.0,2550.767,402.30554,0.0,2561.1587,623.99567,472.01038,9264.875
404.20547,0.0,1109.4154,241.51671,0.0,1290.5365,358.2012,0.0,1346.5818,295.3985,0.0,1392.4258,0.0,0.0,1311.0964,326.58154,0.0,1258.5896,422.57935,0.0,1261.8428,437.08813,0.0,2614.588,414.33832,0.0,2423.4983,509.89893,444.08142,9182.633
188.53975,0.0,1025.6226,370.83295,0.0,1373.0892,303.43256,0.0,1146.2343,275.25275,0.0,1284.8147,0.0,0.0,1344.6392,205.03566,0.0,1172.4912,406.2786,0.0,1312.5265,431.4538,0.0,2442.749,426.96527,0.0,2396.0454,522.2142,595.7341,10193.306
300.52484,0.0,1536.3347,291.29688,0.0,1220.8953,333.9303,0.0,1159.0413,284.7375,0.0,1225.0354,0.0,0.0,1211.3075,355.00256,0.0,1301.4084,307.88974,0.0,1253.7654,415.64993,0.0,2876.314,561.20294,0.0,2906.3323,224.10919,482.90643,10532.039
352.89297,0.0,1250.8777,454.69144,0.0,1339.5178,375.3853,0.0,1478.5431,421.67484,0.0,1448.5707,0.0,0.0,1395.3702,423.49533,0.0,1386.5276,449.22668,0.0,1229.2544,536.3613,0.0,2969.1135,556.6854,0.0,2926.8794,718.652,557.4094,11231.3955
390.27045,0.0,1248.9612,356.52908,0.0,1358.361,490.12244,0.0,1287.2948,294.12952,0.0,1366.4077,0.0,0.0,1344.6085,442.3436,0.0,1296.4714,532.35474,0.0,1392.6436,559.50476,0.0,2848.1907,530.60736,0.0,2884.0273,481.51526,601.2488,11912.059
443.56708,0.0,1405.5586,369.29248,0.0,1503.4535,397.9823,0.0,1521.6155,456.78348,0.0,1534.104,0.0,0.0,1531.9777,409.2371,0.0,1487.426,535.1159,0.0,1478.4164,595.6289,0.0,3282.9001,574.9699,0.0,3173.4268,636.28485,614.41736,13311.199
478.139,0.0,1249.1024,472.42868,0.0,1334.771,436.4585,0.0,1568.5691,420.02625,0.0,1525.872,0.0,0.0,1400.4141,462.33456,0.0,1452.2576,418.82288,0.0,1201.7861,580.8766,0.0,3232.9912,640.55164,0.0,3196.2642,699.88684,631.4028,12310.109
424.69565,0.0,1984.7192,289.72656,0.0,1668.731,332.27194,0.0,1670.7266,410.52902,0.0,1660.7468,0.0,0.0,1847.2084,354.29395,0.0,1770.1614,207.69391,0.0,1630.114,429.18674,0.0,3137.6936,500.96082,0.0,3549.4648,349.0423,499.54486,11064.207
425.43628,0.0,1671.125,311.00787,0.0,1782.8169,415.0604,0.0,1791.4141,372.68964,0.0,1743.3765,0.0,0.0,1725.4973,432.91058,0.0,1746.6292,585.4281,0.0,1823.0093,648.8947,0.0,3358.058,576.13525,0.0,3257.2285,570.38824,593.1929,11724.482
392.19104,0.0,1472.9668,333.55975,0.0,1643.5546,369.1503,0.0,1653.8052,431.91833,0.0,1661.2518,0.0,0.0,1646.7242,360.51813,0.0,1582.2733,518.0381,0.0,1593.3362,508.08682,0.0,3122.2058,469.63184,0.0,3002.3252,659.657,509.1818,11201.447
490.70627,0.0,1708.6941,383.16153,0.0,1792.9496,413.01288,0.0,1848.7312,335.93097,0.0,1843.6764,0.0,0.0,1855.6002,410.62982,0.0,1842.4203,436.1928,0.0,1893.0033,552.1192,0.0,3337.7708,522.6005,0.0,3430.6538,429.84604,488.3654,10242.844
400.87646,0.0,1839.3921,118.71501,0.0,1939.8966,443.59174,0.0,1799.8169,508.81464,0.0,1764.9026,0.0,0.0,1911.1027,463.51813,0.0,1761.1267,466.15622,0.0,1737.4125,558.9482,0.0,3283.2935,423.33673,0.0,3190.4229,682.1619,423.739,10683.41
353.7106,0.0,1461.68,0.0,0.0,1444.1351,524.0904,0.0,1410.1604,398.90036,0.0,1433.7219,0.0,0.0,1340.4291,495.22577,0.0,1432.0652,616.52795,0.0,1600.9792,522.1859,0.0,3265.9443,612.9546,0.0,2893.8096,530.8023,603.61633,11864.838
76.80001,0.0,1733.4019,384.99097,0.0,1500.0444,163.99588,0.0,1348.8411,233.87885,0.0,1459.5862,0.0,0.0,1465.9164,139.87021,0.0,1456.6521,256.9553,0.0,1533.9227,384.57156,0.0,3007.997,543.29724,0.0,3139.9067,272.91827,559.09485,10566.738
368.04852,0.0,1464.9236,409.13235,0.0,1476.5579,470.53613,0.0,1431.1769,423.10364,0.0,1415.5051,0.0,0.0,1337.4824,485.45074,0.0,1392.7979,669.2462,0.0,1482.9539,513.15295,0.0,3188.6611,636.04913,0.0,2896.6533,550.7988,538.5021,11867.629
226.9694,0.0,1785.6365,356.67477,0.0,1788.2069,225.22296,0.0,1655.4075,269.45477,0.0,1858.7163,0.0,0.0,1805.8579,149.45236,0.0,1714.6974,241.57681,0.0,1775.2948,518.9409,0.0,3428.7622,554.9505,0.0,3615.0227,508.65186,689.18054,12768.487
561.56177,0.0,1923.6919,64.09132,0.0,1914.2494,596.848,0.0,1816.3003,588.5162,0.0,1826.6436,0.0,0.0,1886.7434,621.98376,0.0,1905.7217,587.1854,0.0,1849.5603,771.6361,0.0,4253.694,777.20374,0.0,4139.578,779.5475,826.0843,16994.32
689.91486,0.0,1387.8682,467.16583,0.0,1957.7097,821.8511,0.0,1943.6279,716.2881,0.0,2036.3969,0.0,0.0,1880.4175,766.82635,0.0,1782.4169,1115.1124,0.0,1879.6611,1011.7143,0.0,4812.557,979.4575,0.0,4169.588,1196.8333,1120.6481,21980.855
645.1505,0.0,1468.8945,542.4166,0.0,1662.2012,679.8518,0.0,1612.5848,682.08185,0.0,1743.2261,0.0,0.0,1684.9141,642.44006,0.0,1588.6499,868.9248,0.0,1600.4546,892.3023,0.0,4412.6504,906.91113,0.0,4339.13,1008.27185,1028.0526,21766.71
745.48627,0.0,1568.4766,599.07227,0.0,1668.2831,750.73706,0.0,1649.7122,750.9999,0.0,1653.8418,0.0,0.0,1714.9935,710.20825,0.0,1628.9641,862.86707,0.0,1619.0721,992.6771,0.0,4799.7925,1073.4961,0.0,4808.58,967.44446,1151.4875,23692.445
722.9095,0.0,1500.3225,839.0902,0.0,1420.3805,718.54224,0.0,1755.3176,739.2158,0.0,1655.3373,0.0,0.0,1550.3646,782.64154,0.0,1611.2921,746.2689,0.0,1204.4153,1069.7745,0.0,5051.618,1236.5238,0.0,5149.299,1132.2305,1212.8795,24599.152
582.4279,0.0,2458.1016,464.2312,0.0,1954.1747,579.01874,0.0,1767.5281,713.0067,0.0,1784.257,0.0,0.0,2196.288,577.99316,0.0,2015.4158,233.57349,0.0,1780.2787,971.9677,0.0,5158.1045,1113.5208,0.0,5999.4844,739.3254,1295.826,24514.334
453.2649,0.0,2694.52,423.54453,0.0,1771.455,569.6745,0.0,1548.1786,704.399,0.0,1458.7566,0.0,0.0,1815.1082,647.1254,0.0,1899.5182,497.38263,0.0,1776.961,981.26416,0.0,5453.387,1403.7313,0.0,5923.201,426.0062,1297.7264,24614.152
864.4424,0.0,1777.1074,699.0094,0.0,1684.0594,667.32806,0.0,1874.431,845.0927,0.0,1725.071,0.0,0.0,1893.019,612.0693,0.0,1689.5156,1039.4479,0.0,1621.258,817.1847,0.0,4528.825,1010.49207,0.0,4534.8887,1002.82996,761.9016,20585.809
1127.5887,0.0,1739.0317,311.05786,0.0,1959.1342,989.882,0.0,2380.7676,539.01154,0.0,2220.2134,0.0,0.0,1966.2507,671.70966,0.0,1982.0231,907.37213,0.0,2102.2332,624.7824,0.0,4770.24,745.58124,0.0,3817.0356,561.13,542.8838,15494.766
450.55817,0.0,1542.4768,63.01451,0.0,2266.405,749.485,0.0,2143.887,740.7323,0.0,2341.922,0.0,0.0,1917.77,829.2286,0.0,1942.4502,1174.4028,0.0,2222.4844,920.8361,0.0,4579.9917,771.33685,0.0,3636.6143,1427.5186,1052.2874,21365.93
792.0823,0.0,961.5475,497.24957,0.0,1391.464,783.90326,0.0,1494.4193,634.7293,0.0,1497.8263,0.0,0.0,1438.5562,510.02808,0.0,1303.1608,808.9424,0.0,1307.3055,767.4684,0.0,4040.9014,779.6715,0.0,3801.0808,975.38416,911.51794,18543.373
348.80276,0.0,1545.1161,254.44101,0.0,1161.0026,544.9223,0.0,934.9944,614.0991,0.0,881.7694,0.0,0.0,1064.6289,700.9195,0.0,1015.31055,568.9507,0.0,984.6624,671.97314,0.0,3428.8555,884.2262,0.0,3544.7363,495.8523,733.8102,17799.984
517.01245,0.0,802.0809,754.06824,0.0,955.9912,520.22034,0.0,1257.4478,568.543,0.0,1214.899,0.0,0.0,1094.3522,526.1721,0.0,1089.6125,558.4511,0.0,821.7947,809.0608,0.0,3617.7761,860.5604,0.0,3588.0308,1040.8772,919.6736,18100.53
679.7069,0.0,1263.2668,310.21402,0.0,1220.3116,467.3874,0.0,1239.7118,470.9085,0.0,1145.6805,0.0,0.0,1392.1045,512.69745,0.0,1188.6744,350.06772,0.0,1068.3768,725.5991,0.0,2970.3877,626.2407,0.0,3499.2236,422.8861,550.29663,13054.831
418.77893,0.0,1280.7606,409.1183,0.0,1599.591,427.94543,0.0,1568.9807,551.03723,0.0,1579.5266,0.0,0.0,1567.6965,500.57373,0.0,1485.9186,666.8245,0.0,1495.2875,717.8554,0.0,3443.9502,619.59814,0.0,3115.1077,818.8636,728.49426,15800.283
406.3756,0.0,984.77734,649.98193,0.0,1032.0524,503.6571,0.0,1039.069,400.90784,0.0,1048.2179,0.0,0.0,1100.6868,413.16113,0.0,1105.8108,418.09744,0.0,1015.3459,580.1432,0.0,2831.455,595.9917,0.0,3201.2305,691.4641,704.7752,13274.607
262.62735,0.0,1171.2955,481.5683,0.0,1157.2574,338.47836,0.0,826.1443,417.58603,0.0,825.1607,0.0,0.0,1243.2783,401.11655,0.0,979.49255,298.7192,0.0,968.0088,506.18698,0.0,2131.5322,385.70422,0.0,2689.712,562.7512,481.363,11265.536
401.2766,0.0,1280.3223,445.861,0.0,1277.7765,233.12648,0.0,1346.1265,380.37433,0.0,1363.871,0.0,0.0,1332.8254,285.49307,0.0,1346.1576,353.04788,0.0,1239.8589,532.2078,0.0,2696.426,475.66742,0.0,2724.651,546.3586,496.42184,10736.63
335.53253,0.0,1392.6355,270.29938,0.0,1235.0115,375.87845,0.0,1211.455,377.76447,0.0,1224.9568,0.0,0.0,1174.9221,375.1095,0.0,1258.4283,453.80908,0.0,1270.4851,415.2574,0.0,2815.753,556.20667,0.0,2772.1582,326.22266,522.4412,10666.158
278.42886,0.0,1301.2695,327.94928,0.0,1302.6245,226.00458,0.0,1300.5419,319.89044,0.0,1277.6749,0.0,0.0,1363.1064,240.69092,0.0,1267.3785,280.4334,0.0,1246.4438,377.90063,0.0,2431.5977,379.87677,0.0,2596.691,451.01718,345.60202,8438.985
273.96933,0.0,1634.7532,322.12228,0.0,1466.2179,286.42984,0.0,1464.8629,272.82294,0.0,1415.4974,0.0,0.0,1432.1788,305.32016,0.0,1491.2074,259.534,0.0,1482.5916,341.81342,0.0,2682.6104,437.90576,0.0,2695.5596,242.01735,356.9922,7554.694
232.32213,0.0,1525.327,235.24783,0.0,1478.5742,252.65533,0.0,1483.1494,315.41382,0.0,1454.5951,0.0,0.0,1517.4329,291.78268,0.0,1458.1145,232.48346,0.0,1355.6844,358.22424,0.0,2438.3828,323.37274,0.0,2561.995,486.17572,268.6317,6584.126
231.92085,0.0,1283.1606,288.4077,0.0,1440.1747,354.28357,0.0,1371.3591,203.05692,0.0,1460.0376,0.0,0.0,1444.2007,343.2787,0.0,1385.5715,385.21808,0.0,1445.1287,382.2926,0.0,2334.805,333.66815,0.0,2248.3025,363.57712,357.1601,7245.575
319.42065,0.0,1089.4406,0.0,0.0,1072.5105,232.24683,0.0,1107.7173,314.97806,0.0,1070.065,0.0,0.0,1057.9385,260.057,0.0,1063.0432,267.23795,0.0,1074.3867,317.63306,0.0,2010.1947,223.05093,0.0,1900.1027,427.2923,237.46957,6514.91
256.81213,0.0,1503.68,259.48596,0.0,1509.0636,239.65463,0.0,1462.5063,343.0056,0.0,1391.7262,0.0,0.0,1477.7234,266.29562,0.0,1412.7916,232.17662,0.0,1351.6061,373.43274,0.0,2376.0708,319.17786,0.0,2431.1067,423.5991,279.69513,6535.5947
306.69244,0.0,1225.1631,0.0,0.0,1304.8264,329.84247,0.0,1318.1783,277.62872,0.0,1336.3345,0.0,0.0,1252.9579,319.51404,0.0,1301.458,370.1809,0.0,1389.8933,355.26477,0.0,2381.6328,308.4888,0.0,2155.159,485.17828,334.7177,7210.542
260.73746,0.0,1570.3491,248.69157,0.0,1560.4681,257.72537,0.0,1501.6954,344.48648,0.0,1447.371,0.0,0.0,1556.7627,282.5562,0.0,1467.9995,255.46385,0.0,1421.1575,364.9282,0.0,2490.7498,312.0883,0.0,2559.021,425.39212,273.84717,6840.08
250.23425,0.0,1175.0134,212.99664,0.0,1331.3224,328.37854,0.0,1293.71,228.45709,0.0,1407.6395,0.0,0.0,1407.673,312.8521,0.0,1327.5756,358.33383,0.0,1364.5583,357.86014,0.0,2273.0066,341.95,0.0,2189.4258,338.7428,321.91504,6818.908
267.81125,0.0,1349.8022,261.67047,0.0,1464.1482,165.84099,0.0,1511.112,167.78671,0.0,1579.2189,0.0,0.0,1497.3706,145.65236,0.0,1467.271,243.9767,0.0,1501.8411,331.4358,0.0,2479.0303,320.76508,0.0,2386.9143,225.47522,315.477,6483.87
278.14557,0.0,1392.2378,168.86487,0.0,1483.9589,304.49207,0.0,1449.7931,277.10828,0.0,1450.2582,0.0,0.0,1423.8756,302.95914,0.0,1424.7146,341.10883,0.0,1443.7205,322.92316,0.0,2407.5876,321.92703,0.0,2275.1602,363.68658,278.7186,6515.753
148.7703,0.0,879.8606,0.0,0.0,975.7761,245.5878,0.0,850.1526,199.09662,0.0,917.10535,0.0,0.0,977.91064,164.36768,0.0,919.355,266.33926,0.0,1083.5664,197.40984,0.0,1664.9126,207.31198,0.0,1627.7075,335.6543,287.65344,5588.8174
207.59009,0.0,1147.0516,300.83154,0.0,1068.5973,171.18086,0.0,1125.9104,179.93501,0.0,1055.3632,0.0,0.0,1021.03925,202.27252,0.0,1070.9355,224.15623,0.0,1060.0376,238.61534,0.0,1947.5117,298.97443,0.0,1851.2268,191.97256,200.94122,5009.973
170.30434,0.0,1023.8966,0.0,0.0,1067.6945,272.61572,0.0,907.6707,257.37933,0.0,922.41144,0.0,0.0,1071.3276,208.13092,0.0,1006.4358,161.11346,0.0,1138.5128,203.43501,0.0,1730.5891,157.63304,0.0,1808.9878,428.93555,270.22632,5199.39
174.37326,0.0,1133.5581,339.4109,0.0,1169.3895,235.34137,0.0,1062.3595,196.79282,0.0,1036.9148,0.0,0.0,1210.8384,216.7936,0.0,1126.847,197.16946,0.0,1184.783,222.19498,0.0,1886.6206,265.4267,0.0,1941.7681,238.88391,234.69617,4397.4
186.61433,0.0,1301.6179,202.8395,0.0,1316.9038,217.03784,0.0,1262.0933,168.23218,0.0,1326.5688,0.0,0.0,1312.24,220.51709,0.0,1276.4158,229.66159,0.0,1331.4404,243.07352,0.0,2027.8035,225.92749,0.0,1996.9196,299.14542,193.96167,4898.2236
218.81377,0.0,1465.719,224.13011,0.0,1323.8772,228.53502,0.0,1404.9144,207.48132,0.0,1366.241,0.0,0.0,1336.2828,252.25229,0.0,1400.5483,190.6138,0.0,1348.8799,225.67844,0.0,2244.0374,306.68207,0.0,2237.9329,214.05951,217.14835,4815.564
217.18927,0.0,1579.3889,181.0213,0.0,1622.6611,259.22278,0.0,1580.2753,234.04912,0.0,1581.6707,0.0,0.0,1614.5836,252.99709,0.0,1561.5521,257.206,0.0,1608.4186,302.97742,0.0,2421.7888,263.63864,0.0,2403.9639,363.38727,248.70377,5546.918
270.73798,0.0,1240.6692,0.0,0.0,1271.2502,311.70953,0.0,1277.7249,250.84557,0.0,1277.2546,0.0,0.0,1225.0764,305.46863,0.0,1283.5486,335.05618,0.0,1386.7576,297.03546,0.0,2249.6536,263.81488,0.0,2030.956,408.75696,269.193,6120.325
231.26263,0.0,1467.0748,265.14136,0.0,1473.9158,259.27722,0.0,1460.5756,260.61584,0.0,1442.6665,0.0,0.0,1470.3145,247.49524,0.0,1440.0262,264.7503,0.0,1454.9784,302.48013,0.0,2420.2944,309.87738,0.0,2411.9824,349.06232,281.3457,6173.7617
243.19165,0.0,1506.5004,186.59215,0.0,1549.5117,287.80515,0.0,1511.5828,240.66379,0.0,1530.6455,0.0,0.0,1538.1538,281.65057,0.0,1508.3411,284.51047,0.0,1544.8767,321.0526,0.0,2473.3115,313.27426,0.0,2429.437,373.91852,285.43726,6342.925
316.3739,0.0,1208.7505,491.1527,0.0,1417.6534,221.2445,0.0,1681.2509,262.09088,0.0,1630.0038,0.0,0.0,1379.4379,304.35406,0.0,1515.2606,244.28656,0.0,1317.9379,384.30695,0.0,2517.9128,252.84727,0.0,2167.8113,615.9441,306.51413,6662.3994
278.56512,0.0,1546.3943,135.80632,0.0,1481.1641,360.04358,0.0,1413.8239,261.5842,0.0,1481.2698,0.0,0.0,1365.0752,308.6269,0.0,1419.654,338.47012,0.0,1449.3118,303.53583,0.0,2396.5193,371.58203,0.0,2379.2588,273.17148,345.1012,6492.758
236.20546,0.0,1283.3281,166.61789,0.0,1362.1436,253.98721,0.0,1353.6724,250.71582,0.0,1363.598,0.0,0.0,1449.8755,260.42194,0.0,1362.4891,334.36993,0.0,1458.6084,270.83972,0.0,2312.2546,283.43494,0.0,2277.0454,311.37726,246.24075,6459.5195
257.7185,0.0,1320.4242,185.0416,0.0,1390.4569,295.68262,0.0,1377.4056,210.9216,0.0,1380.5364,0.0,0.0,1323.4202,280.09137,0.0,1354.3267,303.13647,0.0,1428.2236,333.16064,0.0,2339.461,283.96863,0.0,2222.0605,346.5324,271.2365,6567.4443
231.55411,0.0,1467.9967,159.16496,0.0,1438.2051,254.12936,0.0,1397.738,264.40924,0.0,1408.4824,0.0,0.0,1454.567,242.60385,0.0,1436.4388,185.67992,0.0,1431.1863,291.2614,0.0,2388.4302,296.99582,0.0,2439.3616,337.2529,299.06982,6450.798
177.94598,0.0,1610.096,95.3873,0.0,1428.8079,234.62193,0.0,1325.342,262.80176,0.0,1294.6444,0.0,0.0,1403.3472,268.92166,0.0,1384.6106,173.85892,0.0,1369.9587,289.5555,0.0,2309.4224,312.56525,0.0,2386.874,246.88559,235.70538,5799.9033
201.93425,0.0,1296.8909,247.33617,0.0,1324.9119,244.16536,0.0,1381.1318,234.14603,0.0,1364.5574,0.0,0.0,1355.0911,258.88208,0.0,1340.5312,269.83087,0.0,1304.9066,286.63663,0.0,2196.4714,296.81747,0.0,2150.6028,394.30975,235.03104,5588.225
188.70164,0.0,1322.455,101.58397,0.0,1311.4753,235.5246,0.0,1256.3164,189.00247,0.0,1284.971,0.0,0.0,1332.2496,214.95012,0.0,1290.2036,157.0707,0.0,1311.1364,249.6622,0.0,2082.0708,238.13142,0.0,2131.5562,266.66345,253.43665,5357.0366
203.22679,0.0,1146.6791,176.91911,0.0,1212.9333,198.81528,0.0,1223.9247,196.80658,0.0,1207.9563,0.0,0.0,1211.8716,210.17224,0.0,1187.6066,233.75511,0.0,1195.9739,258.9135,0.0,1936.1356,256.94214,0.0,1863.026,280.34036,221.3429,4949.697
171.54099,0.0,1235.6105,122.99312,0.0,1200.359,190.59814,0.0,1164.1218,173.35803,0.0,1175.875,0.0,0.0,1205.5376,177.28629,0.0,1187.8035,140.9937,0.0,1201.1422,222.55945,0.0,1904.2039,222.6222,0.0,1948.2859,219.30045,204.58197,4611.3926
186.70857,0.0,1331.6682,128.78113,0.0,1324.6676,198.94156,0.0,1266.605,240.26431,0.0,1236.2745,0.0,0.0,1315.9504,229.9791,0.0,1264.7653,181.86292,0.0,1248.4286,269.63577,0.0,1979.4932,226.10634,0.0,1997.9373,308.76367,178.07195,4717.5654
207.63315,0.0,980.4693,0.0,0.0,944.40204,215.28368,0.0,1027.7253,182.58098,0.0,999.24603,0.0,0.0,930.8723,226.74936,0.0,1010.16864,192.22687,0.0,1018.20746,227.85446,0.0,1757.3215,220.94525,0.0,1649.1074,311.3367,199.76913,4486.2295
176.65927,0.0,1344.7948,288.5363,0.0,1310.3545,175.28708,0.0,1306.8224,194.69136,0.0,1263.4911,0.0,0.0,1318.2847,176.31155,0.0,1282.904,153.56302,0.0,1269.4456,230.86182,0.0,2009.961,245.29846,0.0,2079.6343,221.65274,200.08478,4499.6084
221.51338,0.0,1612.9448,214.93886,0.0,1602.445,220.2718,0.0,1584.4563,200.69992,0.0,1593.3704,0.0,0.0,1591.761,222.6954,0.0,1585.5366,189.14969,0.0,1600.3925,280.0274,0.0,2410.832,269.19437,0.0,2413.0566,295.19873,224.27484,5223.4565
182.02808,0.0,1284.8508,228.80045,0.0,1334.5173,295.09363,0.0,1267.8293,183.25542,0.0,1371.1167,0.0,0.0,1346.9507,285.96396,0.0,1317.465,336.10645,0.0,1364.3478,262.87018,0.0,2051.1814,269.9222,0.0,1993.7161,237.69916,229.1445,5504.396
156.00206,0.0,1443.145,248.19334,0.0,1360.0164,139.6816,0.0,1359.365,104.76355,0.0,1384.4004,0.0,0.0,1308.564,117.809425,0.0,1353.8583,179.13974,0.0,1441.4929,231.95929,0.0,2200.0366,280.93243,0.0,2185.9836,101.56496,235.09485,4998.6436
222.56418,0.0,1412.3816,130.84673,0.0,1466.4293,249.1115,0.0,1395.5477,283.98035,0.0,1367.4403,0.0,0.0,1412.6614,276.14325,0.0,1373.4275,253.14355,0.0,1377.7611,275.85773,0.0,2166.0776,241.53497,0.0,2112.2932,385.7702,176.2489,5048.1396
190.02054,0.0,1443.2162,97.05075,0.0,1435.7091,274.95355,0.0,1361.2382,240.42937,0.0,1355.6743,0.0,0.0,1377.2079,283.77368,0.0,1352.7639,227.48167,0.0,1390.4304,276.19147,0.0,2227.421,266.82944,0.0,2132.411,311.91315,221.19824,5120.8564
255.35776,0.0,1557.9963,293.06696,0.0,1569.1516,279.15195,0.0,1661.0662,250.86427,0.0,1644.1428,0.0,0.0,1597.4895,294.65112,0.0,1606.1241,264.4239,0.0,1546.4537,303.2389,0.0,2557.6316,306.12985,0.0,2491.1387,417.7705,240.31912,5944.316
225.12177,0.0,1343.9485,205.47366,0.0,1392.181,281.28168,0.0,1454.8031,181.43681,0.0,1436.5845,0.0,0.0,1382.2825,282.60837,0.0,1393.631,231.69656,0.0,1375.0978,283.98584,0.0,2228.0095,284.6703,0.0,2215.06,329.6214,266.7615,5343.4375
182.67876,0.0,1342.22,217.89626,0.0,1447.7179,300.31772,0.0,1284.5416,262.42468,0.0,1296.7775,0.0,0.0,1483.775,242.03415,0.0,1349.7722,259.0395,0.0,1445.4966,244.18665,0.0,2108.1675,208.39839,0.0,2152.4604,378.55768,260.0764,5662.423
231.46828,0.0,822.3852,0.0,0.0,862.5038,284.20145,0.0,872.1269,177.4871,0.0,976.26556,0.0,0.0,868.61926,284.22736,0.0,919.18823,331.55084,0.0,981.011,268.42377,0.0,1747.4844,240.97012,0.0,1528.229,325.7079,237.24414,6017.8906
228.51279,0.0,687.859,0.0,0.0,719.4364,189.29887,0.0,716.7931,232.43085,0.0,648.089,0.0,0.0,781.5093,153.6216,0.0,739.50995,117.79808,0.0,799.035,168.07112,0.0,1438.1128,168.89243,0.0,1507.1765,245.0082,224.22234,4354.549
149.86128,0.0,730.787,0.0,0.0,767.3991,174.48079,0.0,700.8382,180.69836,0.0,628.76154,0.0,0.0,745.86847,157.236,0.0,713.6184,138.1536,0.0,790.64685,163.70026,0.0,1307.6644,143.90216,0.0,1304.5159,297.7234,168.08539,3936.1484
85.89828,0.0,865.821,376.2501,0.0,895.6542,123.81186,0.0,861.47845,96.738464,0.0,939.9657,0.0,0.0,884.99646,120.27771,0.0,862.3502,192.97047,0.0,847.7067,214.05946,0.0,1423.3325,239.83156,0.0,1392.8936,154.36055,189.1148,4122.57
231.49745,0.0,1031.9355,150.97879,0.0,992.04877,164.05888,0.0,1027.9946,174.83957,0.0,1050.0796,0.0,0.0,1027.3667,166.54184,0.0,1038.542,169.3872,0.0,1048.061,179.57916,0.0,1663.4093,194.35025,0.0,1684.7095,164.5657,152.92151,4071.3394
154.48975,0.0,1098.7773,148.13644,0.0,1215.1008,150.54091,0.0,1206.6508,141.53667,0.0,1246.4248,0.0,0.0,1152.31,136.23842,0.0,1158.7969,213.4582,0.0,1202.3462,242.92744,0.0,1895.1174,234.72319,0.0,1752.5188,252.27391,243.3512,4906.5967
227.57382,0.0,1132.6298,144.6456,0.0,1160.9885,236.3183,0.0,1154.7029,219.83115,0.0,1154.5554,0.0,0.0,1132.9045,228.87915,0.0,1139.4137,267.02573,0.0,1152.4546,229.6372,0.0,1866.3352,235.90503,0.0,1795.3458,277.30246,183.9555,4892.166
93.66792,0.0,858.4415,123.596634,0.0,1003.8009,260.3432,0.0,780.7257,243.96329,0.0,841.4279,0.0,0.0,1034.3044,228.07092,0.0,863.87225,199.21936,0.0,918.68335,228.19397,0.0,1459.0344,140.6238,0.0,1521.096,379.05344,223.06235,5010.4395
259.17715,0.0,1208.4163,284.0142,0.0,1236.4492,185.61734,0.0,1289.1233,178.53282,0.0,1299.0002,0.0,0.0,1244.4402,197.1647,0.0,1254.6925,186.40115,0.0,1219.446,302.22067,0.0,2093.351,268.87683,0.0,2027.2449,298.09354,235.72336,5464.1895
254.31541,0.0,1376.6836,192.62732,0.0,1422.3188,252.44322,0.0,1413.8119,246.25989,0.0,1430.821,0.0,0.0,1398.9971,251.90578,0.0,1399.1184,252.8265,0.0,1401.9872,285.82104,0.0,2270.526,287.3736,0.0,2225.9866,319.14722,277.795,5881.059
209.63232,0.0,1263.0597,301.0755,0.0,1338.28,274.82333,0.0,1304.0488,169.79364,0.0,1395.9196,0.0,0.0,1362.9348,264.69067,0.0,1324.3411,299.58875,0.0,1346.9758,300.75415,0.0,2144.9219,285.1139,0.0,2125.0464,248.23096,257.321,6057.21
443.72607,0.0,1427.2162,457.26483,0.0,1650.2125,225.85312,0.0,1868.8658,260.7644,0.0,1801.7042,0.0,0.0,1661.577,251.01935,9.333426,1697.1511,244.81885,0.0,1649.5763,394.62808,0.0,2782.6042,273.38626,0.0,2506.4187,413.01556,253.52487,6324.284
255.8129,0.0,2042.8867,262.5951,0.0,1862.0281,279.51575,0.0,1813.3699,240.56009,0.0,1822.9788,0.0,0.0,1746.9978,270.34763,0.0,1824.3054,227.99554,0.0,1851.6067,259.37506,0.0,2783.5466,373.16614,0.0,2866.3955,143.19733,245.1907,5667.7573
187.4674,0.0,2006.3835,305.5654,0.0,1999.5338,255.34143,0.0,1915.9558,222.39415,0.0,1908.0492,0.0,0.0,1991.9956,250.26689,0.0,1944.9658,247.83578,0.0,2063.5254,290.29263,0.0,2900.2183,296.90717,0.0,2976.354,306.92545,237.39719,5881.1772
260.73615,0.0,2024.7874,219.97101,0.0,2037.8586,312.97867,0.0,1985.7635,266.47665,0.0,2012.907,0.0,0.0,1998.2053,311.52206,0.0,2001.069,300.65344,0.0,2056.1052,339.23804,0.0,3057.057,321.70288,0.0,2974.3096,395.90347,248.58209,6601.292
285.68655,0.0,1467.8091,0.0,0.0,1459.9119,348.79044,0.0,1458.8007,278.50742,0.0,1470.0469,0.0,0.0,1399.043,337.74765,0.0,1488.5078,344.1342,0.0,1629.876,289.07825,0.0,2561.9717,282.42792,0.0,2348.5918,414.7649,280.90747,6762.453
249.69247,0.0,1730.41,400.50647,0.0,1697.7295,215.41544,0.0,1736.1226,254.69969,0.0,1683.603,0.0,0.0,1702.9829,214.65462,0.0,1680.2008,199.8722,0.0,1673.1619,281.1601,0.0,2675.451,317.24072,0.0,2743.1729,303.47144,249.37859,6083.497
279.47272,0.0,1409.6444,0.0,0.0,1372.6002,322.751,0.0,1364.0612,251.00458,0.0,1373.8685,0.0,0.0,1289.6543,321.7818,0.0,1392.1953,314.37408,0.0,1513.3245,282.9646,0.0,2382.613,275.09152,0.0,2208.8564,385.26526,254.8807,6452.197
268.86566,0.0,1664.7422,333.52466,0.0,1652.0059,236.15945,0.0,1684.1809,275.3726,0.0,1656.9299,0.0,0.0,1689.6676,235.67229,0.0,1668.6598,237.2687,0.0,1678.3794,308.75983,0.0,2706.899,330.6624,0.0,2746.9473,297.54434,268.03506,6338.86
506.66144,0.0,2624.4185,525.95264,0.0,2801.4556,371.3388,0.0,2923.1946,352.39093,0.0,2882.753,0.0,0.0,2757.694,387.18512,0.0,2777.9858,305.97073,0.0,2730.039,491.2126,0.0,4255.698,429.55154,0.0,4054.951,578.2849,368.58868,8863.654
529.81464,0.0,3502.3042,500.46667,0.0,3546.2795,505.61493,0.0,3527.538,470.6214,0.0,3543.1313,0.0,0.0,3464.5173,510.01996,0.0,3480.849,442.22937,0.0,3489.311,595.25635,0.0,5192.999,561.5786,0.0,5152.864,614.92395,473.07953,10947.013
1109.4155,0.0,4278.7695,0.0,0.0,4434.351,870.4,0.0,4788.1353,841.7968,0.0,4646.889,0.0,0.0,4220.1133,915.4066,0.0,4609.8477,888.15344,0.0,4818.542,947.14453,0.0,7759.9272,700.1803,0.0,6818.7695,1400.0286,756.25305,19212.535
597.8736,0.0,5542.2646,1382.3656,0.0,5831.415,973.62366,0.0,5158.1416,1042.2891,0.0,5028.043,0.0,0.0,5809.7886,750.4139,0.0,5338.98,617.33344,0.0,5549.394,890.52185,0.0,8134.4556,821.16437,0.0,8835.158,1372.7985,951.2279,18972.465
965.019,0.0,6289.2666,914.5781,0.0,6285.213,953.0132,0.0,6212.561,697.35016,0.0,6403.9106,0.0,0.0,6382.617,1006.25854,0.0,6357.734,851.65344,0.0,6504.466,1126.8315,0.0,9766.541,1116.4451,0.0,9732.059,1107.4274,822.9905,21265.256
768.52356,0.0,6231.386,397.04224,0.0,6042.6343,1022.42865,0.0,5743.7764,1110.2341,0.0,5658.4893,0.0,0.0,5754.51,1160.5282,0.0,5708.688,975.2253,0.0,5822.4736,1056.6376,0.0,9252.963,1028.4819,0.0,8878.514,1188.1636,833.87854,21941.355
1495.9653,0.0,5013.2354,1560.0465,0.0,5803.1504,1086.095,0.0,6319.5654,989.7364,0.0,6142.4634,0.0,0.0,5578.045,1060.8604,0.0,5725.49,1062.8572,0.0,5665.7646,1518.6613,0.0,10365.687,1153.6027,0.0,9137.954,1722.5767,1220.1088,28665.209
923.86206,0.0,5129.7666,584.20557,0.0,5123.8027,1062.4891,0.0,4904.4775,934.44434,0.0,5121.423,0.0,0.0,4846.6353,1001.6199,0.0,4917.3135,987.67737,0.0,4977.713,1045.2906,0.0,8193.313,1236.522,0.0,8414.605,1088.6597,1065.6056,23514.605
658.8558,0.0,4346.579,652.4983,0.0,4573.423,880.73914,0.0,4400.581,783.5574,0.0,4440.4956,0.0,0.0,4622.703,851.9584,0.0,4493.2686,885.31226,0.0,4696.605,931.64166,0.0,7832.159,963.0022,0.0,7654.5947,1074.1866,1009.0009,22967.23
497.6224,0.0,2736.211,160.05557,0.0,2724.775,737.1696,0.0,2533.0361,568.91187,0.0,2696.9956,0.0,0.0,2689.704,676.85376,0.0,2669.4067,737.1212,0.0,2774.4053,706.1371,0.0,5027.4873,802.9508,0.0,4982.3145,750.5672,676.2426,16913.75
474.0194,0.0,2215.4038,454.75708,0.0,2327.1475,562.81885,0.0,2304.496,519.20105,0.0,2319.6028,0.0,0.0,2394.3914,540.19885,0.0,2330.695,529.7974,0.0,2401.48,637.81934,0.0,4672.563,699.37634,0.0,4576.207,671.1012,735.0127,16414.17
491.24677,0.0,2072.7087,417.62415,0.0,2131.2314,523.3957,0.0,2088.3271,507.3026,0.0,2169.464,0.0,0.0,2100.6484,521.18835,0.0,2123.4922,537.4927,0.0,2107.8813,633.08954,0.0,4135.4395,646.6118,0.0,4073.255,702.5594,637.9038,15073.096
401.35004,0.0,1689.7677,348.16388,0.0,1668.5188,378.01346,0.0,1660.7854,415.6389,0.0,1676.7385,0.0,0.0,1716.9211,374.005,0.0,1694.7268,351.1364,0.0,1650.6571,462.47556,0.0,3245.6484,523.7774,0.0,3390.662,466.82544,511.85315,11559.164
310.8434,0.0,1269.2383,228.09457,0.0,1330.7517,380.01434,0.0,1265.9105,344.10315,0.0,1312.7861,0.0,0.0,1330.5813,371.3158,0.0,1310.1272,400.9324,0.0,1342.0015,434.4289,0.0,2757.5396,465.65863,0.0,2718.6182,441.91766,479.8075,10940.368
364.17645,0.0,1097.5438,260.3746,0.0,1186.4543,408.77396,0.0,1165.5026,378.37762,0.0,1211.8484,0.0,0.0,1177.2684,384.04883,0.0,1173.0356,433.34396,0.0,1199.8995,476.8782,0.0,2816.9326,500.42627,0.0,2704.5352,502.89624,529.0465,12118.219
406.45715,0.0,1360.8267,406.3083,0.0,1412.6427,356.60767,0.0,1444.7397,416.55075,0.0,1457.6892,0.0,0.0,1408.818,376.251,0.0,1426.1715,368.08484,0.0,1368.5983,499.56488,0.0,3063.789,512.1049,0.0,3051.2107,550.68396,535.4319,12360.773
357.0744,0.0,1320.1199,331.97256,0.0,1334.0325,335.36737,0.0,1317.9161,389.70132,0.0,1347.7825,0.0,0.0,1331.7385,350.30148,0.0,1345.4929,341.92883,0.0,1283.8816,439.8595,0.0,2712.544,457.79626,0.0,2790.7788,486.67432,479.40872,10800.916
416.31464,0.0,1387.8187,319.61536,0.0,1471.0787,421.9359,0.0,1466.1786,410.9462,0.0,1491.9476,0.0,0.0,1470.1617,410.79187,0.0,1466.4071,426.30316,0.0,1457.1047,513.8927,0.0,3156.9138,518.05566,0.0,3094.4744,539.8551,551.5384,12483.262
418.4682,0.0,1604.25,389.22922,0.0,1672.0068,366.8541,0.0,1697.4073,438.85107,0.0,1715.9681,0.0,0.0,1655.0918,400.1735,0.0,1676.1804,398.97437,0.0,1612.9395,526.0242,0.0,3310.5195,515.1813,0.0,3272.8848,596.4702,532.0937,12402.613
449.80246,0.0,1676.9751,373.15326,0.0,1784.6007,461.92603,0.0,1762.5925,464.34067,0.0,1805.509,0.0,0.0,1758.6014,451.0216,0.0,1768.488,468.0715,0.0,1746.8848,553.2974,0.0,3513.7383,544.9516,0.0,3456.7715,625.5464,587.8121,13124.029
475.90002,0.0,1911.0791,409.43774,0.0,1990.8434,432.21582,0.0,2010.2211,478.88123,0.0,2034.1539,0.0,0.0,1986.054,454.76953,0.0,1997.74,444.08688,0.0,1944.8599,574.2467,0.0,3799.4436,555.4916,0.0,3759.498,652.0106,574.83014,13402.066
469.75763,0.0,2030.0721,392.09918,0.0,2087.1797,442.6471,0.0,2086.3975,478.42133,0.0,2098.7825,0.0,0.0,2077.0703,454.61975,0.0,2086.5654,424.2015,0.0,2030.6731,560.6769,0.0,3806.5044,547.54126,0.0,3813.826,624.10535,553.94934,12704.658
473.28662,0.0,2108.7783,366.07553,0.0,2209.305,486.2069,0.0,2191.8857,481.81073,0.0,2220.2275,0.0,0.0,2192.5146,488.6525,0.0,2192.5186,478.32077,0.0,2178.8652,585.6293,0.0,4025.7551,564.578,0.0,3947.1484,659.3508,580.808,13285.953
488.63763,0.0,2133.4448,367.537,0.0,2275.8591,523.07776,0.0,2250.6172,503.33902,0.0,2300.6016,0.0,0.0,2241.4614,519.19775,0.0,2243.6729,534.3237,0.0,2247.3447,618.16315,0.0,4191.9023,592.8839,0.0,4049.2468,715.8231,617.21423,14139.543
470.96216,0.0,1898.9187,298.80438,0.0,2017.4926,560.9024,0.0,1953.6143,501.59158,0.0,2013.7797,0.0,0.0,1988.3469,535.4448,0.0,1976.5597,555.9539,0.0,2012.8267,600.9006,0.0,3965.9844,611.42725,0.0,3856.296,677.7739,636.10986,14480.983
475.04688,0.0,1810.5947,353.57434,0.0,1890.421,524.3006,0.0,1866.0112,499.90973,0.0,1897.6119,0.0,0.0,1887.3717,514.9786,0.0,1873.4153,514.6064,0.0,1883.8784,610.7876,0.0,3940.9238,633.42065,0.0,3863.9106,663.2082,647.9494,14978.337
485.09222,0.0,1875.377,413.73224,0.0,1906.1495,488.28778,0.0,1901.8961,507.92395,0.0,1912.9951,0.0,0.0,1904.4731,494.6867,0.0,1907.2739,462.90225,0.0,1869.6034,610.0654,0.0,3915.0188,635.02924,0.0,3916.497,653.05975,638.572,14703.858
445.42023,0.0,1712.0194,353.06976,0.0,1749.7058,486.27673,0.0,1710.9319,485.60684,0.0,1743.5662,0.0,0.0,1744.3624,484.16223,0.0,1739.7266,475.50787,0.0,1723.6477,579.25085,0.0,3649.355,613.5834,0.0,3654.9453,621.59045,629.6902,14217.988
473.89307,0.0,1641.5033,379.4181,0.0,1736.0869,510.83716,0.0,1716.2848,495.75555,0.0,1758.5995,0.0,0.0,1727.4413,500.97922,0.0,1720.6357,525.3329,0.0,1720.5756,620.45703,0.0,3796.865,643.7362,0.0,3711.5916,666.4662,676.44586,15343.457
414.71436,0.0,1339.6508,332.2427,0.0,1401.9333,459.36942,0.0,1359.5286,471.02042,0.0,1418.3324,0.0,0.0,1389.8506,458.67102,0.0,1388.9731,493.53772,0.0,1376.8212,558.5788,0.0,3257.9927,603.78406,0.0,3242.194,610.1849,636.4839,14430.121
398.6471,0.0,1146.5022,357.77902,0.0,1163.2502,397.66235,0.0,1154.305,431.04706,0.0,1182.9746,0.0,0.0,1192.4958,394.75748,0.0,1184.1511,406.82416,0.0,1145.6519,511.37265,0.0,2935.0232,563.8999,0.0,2996.1372,524.6518,595.0779,13501.984
382.04257,0.0,1110.9844,369.0015,0.0,1104.7861,340.82397,0.0,1117.475,404.19183,0.0,1130.327,0.0,0.0,1128.2644,358.46017,0.0,1134.2334,351.23117,0.0,1062.7031,486.49774,0.0,2740.1396,532.0187,0.0,2823.1895,485.78265,549.5943,12534.061
391.3953,0.0,1218.1602,396.67728,0.0,1239.96,329.44162,0.0,1264.4904,405.0998,0.0,1277.4651,0.0,0.0,1253.8734,348.87198,0.0,1268.6218,347.6054,0.0,1189.5487,487.44083,0.0,2821.221,508.55103,0.0,2877.0952,505.2062,539.3491,12135.984
350.1031,0.0,1129.5872,324.6623,0.0,1174.0714,320.0949,0.0,1166.7917,379.12576,0.0,1207.0377,0.0,0.0,1174.2522,335.56912,0.0,1186.7048,360.04657,0.0,1128.0164,445.69482,0.0,2578.5159,461.4053,0.0,2616.876,484.94238,497.53314,11171.019
378.68732,0.0,1186.9714,342.74802,0.0,1259.6704,338.72214,0.0,1274.1147,380.7014,0.0,1303.2379,0.0,0.0,1267.6234,343.8405,0.0,1274.343,367.2183,0.0,1226.0096,462.86615,0.0,2751.79,465.51346,0.0,2741.9297,496.8562,505.2472,11441.82
335.8725,0.0,1174.6812,312.23947,0.0,1198.2136,280.77524,0.0,1211.093,348.34692,0.0,1231.7203,0.0,0.0,1206.4937,300.40997,0.0,1217.4248,302.4721,0.0,1146.6472,405.9339,0.0,2473.7112,419.50024,0.0,2534.438,432.17688,431.78894,9921.221
350.60776,0.0,1339.5857,346.75958,0.0,1400.8176,293.80447,0.0,1421.9462,349.2425,0.0,1435.3578,0.0,0.0,1407.7441,309.12976,0.0,1418.6008,307.6726,0.0,1360.2692,419.86813,0.0,2699.6323,406.04034,0.0,2704.1843,458.60785,434.76678,9845.264
359.7105,0.0,1442.876,303.64673,0.0,1527.6936,327.81512,0.0,1529.8964,358.66296,0.0,1565.9031,0.0,0.0,1509.9008,337.61197,0.0,1525.9832,352.11542,0.0,1484.7776,432.07004,0.0,2820.5342,409.50476,0.0,2777.7773,491.26724,431.58374,9873.276
469.3831,0.0,1414.8381,405.04187,0.0,1693.1307,431.5985,0.0,1792.3042,329.1801,0.0,1783.2693,0.0,0.0,1603.2754,389.70346,0.0,1638.4104,413.2076,0.0,1678.95,522.96436,0.0,3348.0554,428.67203,0.0,2890.7974,571.8419,485.03738,10876.508
352.57114,0.0,1472.9729,227.63213,0.0,1576.4474,383.28973,0.0,1538.7971,369.87433,0.0,1617.4264,0.0,0.0,1464.3085,377.98956,0.0,1493.2683,421.93256,0.0,1492.4016,427.08228,0.0,2831.056,456.6899,0.0,2737.3716,516.57837,437.419,9893.555
302.34882,0.0,1355.114,304.31662,0.0,1496.6626,363.9748,0.0,1449.3286,341.56024,0.0,1500.1552,0.0,0.0,1492.6134,348.61084,0.0,1468.6948,390.9939,0.0,1516.9417,401.0118,0.0,2841.229,402.96295,0.0,2751.436,488.40875,467.25204,10278.0
377.60022,0.0,1504.8733,313.55695,0.0,1574.3063,346.9269,0.0,1585.9828,365.2812,0.0,1632.0253,0.0,0.0,1558.4705,356.4036,0.0,1581.8875,369.42877,0.0,1544.8044,449.6195,0.0,2968.901,426.06708,0.0,2899.555,519.69995,428.35385,10373.959
419.48224,0.0,1605.3279,329.58057,0.0,1770.2471,449.28748,0.0,1751.1082,428.57388,0.0,1804.1144,0.0,0.0,1728.4287,438.11017,0.0,1738.0236,471.00757,0.0,1748.4486,520.6949,0.0,3389.6511,499.64255,0.0,3234.068,605.7833,555.1617,12269.066
492.49182,0.0,1791.4338,387.69385,0.0,2002.6301,520.2893,0.0,1988.0554,494.7704,0.0,2074.0366,0.0,0.0,1948.3351,507.4934,0.0,1963.6478,579.4155,0.0,1979.7548,622.6378,0.0,3950.2969,586.7101,0.0,3720.6475,741.522,650.08014,14813.3125
532.02386,0.0,1824.6506,417.71713,0.0,2039.5073,575.8696,0.0,2008.0187,553.33154,0.0,2104.0103,0.0,0.0,1985.2202,559.24664,0.0,1998.9636,631.2106,0.0,2009.7986,670.3445,0.0,4163.9883,656.54956,0.0,3970.6396,795.74896,731.5048,16448.93
627.58704,0.0,1801.9921,446.73578,0.0,2078.6187,729.8441,0.0,2025.77,635.25867,0.0,2150.283,0.0,0.0,2016.5382,676.5522,0.0,2017.5485,789.5874,0.0,2078.3853,806.8327,0.0,4741.6055,814.0806,0.0,4450.422,911.3393,918.20746,20438.521
672.7805,0.0,1770.0796,534.84766,0.0,2004.8417,731.55304,0.0,1976.5114,707.2196,0.0,2098.0664,0.0,0.0,1955.5796,707.9478,0.0,1966.6566,816.77576,0.0,1981.1118,876.9688,0.0,4949.3774,913.72,0.0,4728.4053,983.4702,1015.2864,22878.043
707.32117,0.0,1716.4012,616.7516,0.0,1889.7854,728.2513,0.0,1871.217,746.30634,0.0,1973.7117,0.0,0.0,1867.7548,705.45056,0.0,1882.0361,793.6272,0.0,1850.4015,905.0262,0.0,4963.5728,969.2992,0.0,4878.0825,983.3177,1077.3827,24024.719
730.6749,0.0,1709.9392,649.219,0.0,1820.0822,706.09644,0.0,1822.0651,761.329,0.0,1897.3984,0.0,0.0,1820.0911,699.03314,0.0,1837.3998,761.3421,0.0,1767.1733,924.7627,0.0,4983.2505,1007.15717,0.0,4988.9795,966.22107,1101.277,24623.52
874.4014,0.0,1818.6953,666.61487,0.0,2083.3496,941.6615,0.0,2039.3295,907.38074,0.0,2123.465,0.0,0.0,1981.146,885.5544,0.0,2007.8674,1043.6786,0.0,2055.4373,1151.9862,0.0,6013.187,1237.3815,0.0,5750.2563,1216.9336,1385.1646,30396.402
806.05505,0.0,1751.2651,890.6073,0.0,1933.3655,853.90283,0.0,1857.8599,958.16907,0.0,1960.4696,0.0,0.0,1842.7948,849.1208,0.0,1852.5371,1020.72906,0.0,1820.8462,1152.8549,0.0,5854.39,1292.0774,0.0,5809.2515,1266.3362,1415.4629,31487.94
814.54114,0.0,1663.8717,998.1572,0.0,1743.0887,826.9226,0.0,1658.9441,943.47406,0.0,1748.692,0.0,0.0,1703.1694,799.73944,0.0,1702.5936,936.2927,0.0,1644.9799,1123.6454,0.0,5689.1104,1315.3711,0.0,5851.5327,1178.6766,1439.0919,31565.848
719.69415,0.0,1539.0887,990.1925,0.0,1456.2051,627.39594,0.0,1415.901,861.385,0.0,1477.3455,0.0,0.0,1468.2831,676.25104,0.0,1481.5345,752.77325,0.0,1317.6238,1005.2421,0.0,4977.1646,1212.6588,0.0,5340.0664,1007.38403,1276.6669,28559.31
706.22406,0.0,1452.3604,906.819,0.0,1353.4304,589.718,0.0,1336.5972,809.42194,0.0,1360.542,0.0,0.0,1375.169,619.04333,0.0,1395.3116,681.1109,0.0,1235.9135,949.06024,0.0,4674.1953,1135.7965,0.0,5036.4937,908.6936,1202.573,26577.07
693.5646,0.0,1430.8115,853.90936,0.0,1387.3086,620.4014,0.0,1353.9849,792.8673,0.0,1372.7356,0.0,0.0,1370.844,638.77234,0.0,1383.4316,721.749,0.0,1268.029,959.6594,0.0,4712.92,1136.2908,0.0,4961.6826,918.0017,1195.2136,26437.277
633.1549,0.0,1337.7424,867.0629,0.0,1313.6503,588.2735,0.0,1257.0503,768.0822,0.0,1294.6605,0.0,0.0,1284.2977,609.9016,0.0,1289.8506,710.8831,0.0,1188.7004,917.7516,0.0,4483.722,1096.0562,0.0,4719.691,910.4143,1158.8375,25595.2
461.00632,0.0,1069.1019,741.9579,0.0,803.95184,253.50697,0.0,840.50195,576.9005,0.0,853.8021,0.0,0.0,909.22156,348.90112,0.0,936.2191,325.175,0.0,669.3964,609.6604,0.0,2970.5376,780.7938,0.0,3561.058,576.22955,778.22644,17933.197
489.1258,0.0,1029.6095,527.3172,0.0,845.2926,301.4726,0.0,909.4049,487.8783,0.0,852.648,0.0,0.0,939.1675,341.20078,0.0,962.8522,286.23856,0.0,767.7466,566.5153,0.0,2820.6108,673.49915,0.0,3230.3516,449.86972,689.238,15268.633
439.13876,0.0,1189.5442,474.83032,0.0,1102.251,286.0593,0.0,1165.5586,464.15088,0.0,1120.5629,0.0,0.0,1138.1968,352.36676,0.0,1163.3281,325.89078,0.0,996.1173,563.71014,0.0,2904.7642,612.5637,0.0,3110.479,505.2122,609.6246,14005.496
421.07516,0.0,1176.667,408.82904,0.0,1197.7754,366.51425,0.0,1202.7511,458.12708,0.0,1213.5525,0.0,0.0,1199.1138,381.58945,0.0,1215.029,403.38516,0.0,1130.1356,543.52576,0.0,2922.3608,572.1023,0.0,3004.247,553.5206,612.2286,13595.7
379.06686,0.0,1094.7744,360.64105,0.0,1116.277,328.26166,0.0,1121.675,414.26736,0.0,1149.0703,0.0,0.0,1132.7699,351.51486,0.0,1140.2073,373.23822,0.0,1063.2635,485.4107,0.0,2691.1904,512.7005,0.0,2770.5173,514.79193,545.9009,12452.846
362.45718,0.0,1041.575,346.578,0.0,1063.2938,313.19702,0.0,1073.7366,382.00287,0.0,1090.9215,0.0,0.0,1084.8805,326.46265,0.0,1089.572,334.07635,0.0,1015.74384,451.59995,0.0,2531.9355,477.16364,0.0,2610.135,463.3007,508.3114,11479.947
420.79346,0.0,1111.205,332.24118,0.0,1190.461,420.39667,0.0,1187.4492,415.7881,0.0,1216.4857,0.0,0.0,1183.7814,405.52875,0.0,1186.7012,431.28735,0.0,1165.2814,526.1393,0.0,2937.8713,550.76086,0.0,2890.359,527.6251,591.74084,13236.705
385.98438,0.0,1085.0812,339.9431,0.0,1140.7183,372.2872,0.0,1138.6638,424.02332,0.0,1175.1057,0.0,0.0,1131.3342,387.44833,0.0,1141.5367,415.55475,0.0,1099.0405,507.5632,0.0,2817.5554,539.687,0.0,2808.873,545.22925,576.3105,13093.336
376.8385,0.0,972.2214,335.55402,0.0,997.2125,371.8758,0.0,985.7827,404.25513,0.0,1013.7589,0.0,0.0,1010.46716,364.6668,0.0,1009.9546,380.78918,0.0,966.30615,477.51114,0.0,2621.593,524.3244,0.0,2681.808,488.8184,562.1682,12574.58
377.0952,0.0,943.56274,328.17044,0.0,950.39124,358.66306,0.0,954.931,392.4489,0.0,969.1905,0.0,0.0,969.20435,363.20206,0.0,968.59247,364.43988,0.0,920.16656,480.61295,0.0,2606.669,533.07947,0.0,2659.816,468.41742,556.78235,12619.219
368.89038,0.0,917.0491,336.30072,0.0,926.683,350.0213,0.0,930.8242,394.85806,0.0,944.5267,0.0,0.0,935.35895,356.40372,0.0,940.4338,363.54877,0.0,888.82983,480.75012,0.0,2561.2395,531.5989,0.0,2608.6714,473.8828,559.5815,12564.304
412.0829,0.0,1029.4905,375.68884,0.0,1059.84,388.63022,0.0,1071.7335,422.94495,0.0,1085.8916,0.0,0.0,1063.8105,388.08063,0.0,1071.1909,397.52765,0.0,1022.8832,522.8406,0.0,2839.647,566.86005,0.0,2858.3904,522.3027,601.49915,13500.217
461.8911,0.0,1121.6938,382.00183,0.0,1195.7255,474.69077,0.0,1188.323,476.01965,0.0,1222.2373,0.0,0.0,1176.1749,463.53473,0.0,1183.7362,491.1724,0.0,1160.6573,596.8764,0.0,3217.0095,644.4723,0.0,3170.461,608.2835,691.26624,15419.176
908.8373,0.0,1996.5006,611.3889,0.0,2341.7363,1039.9579,0.0,2335.1775,825.7716,0.0,2397.7168,0.0,0.0,2222.196,931.31915,0.0,2231.1501,1028.3861,0.0,2349.849,1141.0459,0.0,6272.1675,1170.4084,0.0,5748.3047,1157.5886,1286.2472,28479.35
1199.4849,0.0,2390.0986,584.86505,0.0,3227.1804,1534.0693,0.0,3233.0334,873.9796,0.0,3314.5547,0.0,0.0,2915.2751,1239.0524,0.0,2925.8313,1444.8243,0.0,3350.979,1445.7512,0.0,8210.729,1354.1934,0.0,6758.349,1452.518,1555.7598,33609.773
859.6422,0.0,2596.2002,680.1005,0.0,2987.3318,1059.0142,0.0,2866.0852,1154.71,0.0,3137.6377,0.0,0.0,2672.0269,1162.1215,0.0,2783.3386,1365.8201,0.0,2838.8618,1316.4363,0.0,7223.534,1383.687,0.0,6673.5723,1772.5697,1519.2019,34999.05
1071.0415,0.0,2185.3696,874.9458,0.0,2311.159,1251.462,0.0,2189.7559,1138.0817,0.0,2268.1177,0.0,0.0,2338.4958,1063.7142,0.0,2288.4512,1141.7737,0.0,2341.8193,1298.1311,0.0,7165.8906,1498.0093,0.0,7322.3706,1385.9722,1698.2296,36515.92
1039.4349,0.0,2377.4658,999.0041,0.0,2260.1008,1049.5299,0.0,2257.5251,1094.1342,0.0,2240.3499,0.0,0.0,2307.926,1088.3652,0.0,2270.295,1007.772,0.0,2140.796,1409.0952,0.0,7357.4126,1682.8422,0.0,7586.854,1275.476,1654.8942,38131.973
1031.0239,0.0,2366.0762,1088.5225,0.0,2232.2993,1012.0562,0.0,2224.1453,1155.9294,0.0,2210.6428,0.0,0.0,2257.528,1020.21136,0.0,2265.4766,985.21234,0.0,2117.3965,1407.9835,0.0,7216.0576,1661.9534,0.0,7509.132,1306.2412,1719.2026,37856.18
1005.78906,0.0,2324.036,1029.9431,0.0,2127.0479,910.7405,0.0,2145.8914,1102.6887,0.0,2144.4788,0.0,0.0,2198.5493,949.6723,0.0,2214.4434,911.4468,0.0,2009.3926,1322.1887,0.0,6844.2236,1562.6316,0.0,7259.715,1243.8342,1595.4163,35914.28
617.8353,0.0,1615.7096,824.22,63.053223,1080.2069,309.12338,0.0,1180.9513,730.7726,0.0,1058.844,0.0,0.0,1296.7231,440.713,0.0,1287.9288,266.253,0.0,883.72644,769.19934,0.0,3869.9146,1048.1548,0.0,4872.1523,570.43677,939.9165,21788.125
496.49353,0.0,1291.2584,618.7112,0.0,982.05634,339.45306,0.0,1032.8816,540.62744,0.0,907.4508,0.0,0.0,1150.5171,387.59662,0.0,1122.9854,252.8392,0.0,902.8838,647.03534,0.0,3264.1821,820.81116,0.0,3857.2188,402.3897,781.6795,17173.066
527.3613,0.0,1089.406,302.53525,0.0,1516.0414,662.89465,0.0,1526.5508,389.13568,0.0,1588.1143,0.0,0.0,1367.2518,541.4612,0.0,1379.7687,663.90784,0.0,1561.8618,651.2739,0.0,3698.3547,589.9358,0.0,3000.309,689.81445,701.03186,15049.683
329.16406,0.0,964.683,259.69443,0.0,1021.4394,346.13055,0.0,999.60126,402.72888,0.0,1091.492,0.0,0.0,933.06055,370.58942,0.0,961.9578,438.34598,0.0,939.9051,443.00165,0.0,2500.4104,527.51556,0.0,2465.6782,544.6824,516.557,12111.981
276.68512,0.0,737.53143,355.6098,0.0,738.634,296.72556,0.0,704.8546,320.91434,0.0,716.21344,0.0,0.0,789.5241,271.9108,0.0,762.7267,272.5004,0.0,747.10315,348.65857,0.0,2063.9854,423.67255,0.0,2223.185,353.9029,485.66046,10353.038
291.16476,0.0,696.8971,241.29842,0.0,615.4874,243.14594,0.0,631.1442,285.30164,0.0,637.8968,0.0,0.0,648.46643,261.4259,0.0,660.2514,242.00386,0.0,591.525,360.275,0.0,1881.1108,417.55627,0.0,1998.0482,313.08047,397.56085,9518.826
282.2864,0.0,658.4177,256.65836,0.0,656.0133,264.23502,0.0,665.4127,309.97528,0.0,651.35724,0.0,0.0,661.8871,270.3109,0.0,665.0606,269.8922,0.0,628.4039,373.70856,0.0,1946.5471,423.21326,0.0,1989.7932,349.52405,449.18192,9813.199
256.8708,0.0,652.3725,263.92426,0.0,620.5259,224.97937,0.0,626.1266,286.60556,0.0,630.41864,0.0,0.0,632.13763,239.6822,0.0,639.9682,241.80434,0.0,582.1213,340.25372,0.0,1779.2764,382.6214,0.0,1869.0911,338.2992,391.23846,8983.864
273.4118,0.0,785.537,295.26157,0.0,752.0525,210.2233,0.0,781.50714,283.50958,0.0,764.32214,0.0,0.0,775.85657,231.56575,0.0,784.467,202.68857,0.0,707.02966,332.61914,0.0,1866.1415,362.28894,0.0,1973.3403,325.98895,370.89856,8422.873
335.1589,0.0,1010.8059,290.656,0.0,1048.7512,311.301,0.0,1061.5698,325.79797,0.0,1065.9247,0.0,0.0,1038.4585,311.48526,0.0,1049.7025,306.12265,0.0,1011.85077,413.7996,0.0,2388.7249,425.14267,0.0,2372.7422,416.6394,446.4041,9975.396
305.683,0.0,1010.938,263.2858,0.0,1066.1136,302.5427,0.0,1057.4672,338.12103,0.0,1088.6824,0.0,0.0,1046.6287,316.5219,0.0,1057.376,337.6636,0.0,1028.3806,403.9803,0.0,2354.8389,417.085,0.0,2329.3716,450.58304,444.99304,10043.792
359.65268,0.0,1179.3604,331.98315,0.0,1235.1646,328.90393,0.0,1251.7328,358.92905,0.0,1265.6931,0.0,0.0,1236.8794,328.99298,0.0,1243.4634,331.6469,0.0,1201.3374,435.52026,0.0,2658.2827,439.75366,0.0,2650.129,471.80887,468.50272,10626.955
434.67505,0.0,1432.9294,349.7359,0.0,1540.1582,437.47778,0.0,1541.367,423.0991,0.0,1571.4326,0.0,0.0,1509.7866,429.67053,0.0,1521.552,437.9897,0.0,1504.7299,536.15735,0.0,3264.1965,537.765,0.0,3164.0854,576.8593,571.5902,12840.697
428.02213,0.0,1478.8066,346.4943,0.0,1579.5164,442.22803,0.0,1564.5538,453.92175,0.0,1612.2502,0.0,0.0,1551.574,444.34424,0.0,1561.4788,468.0653,0.0,1544.2095,548.06494,0.0,3344.817,557.36633,0.0,3269.6199,617.5107,597.76556,13471.23
462.88177,0.0,1357.1418,318.09445,0.0,1459.6598,533.5004,0.0,1416.2395,476.234,0.0,1466.3639,0.0,0.0,1441.7166,496.07397,0.0,1430.6345,527.5088,0.0,1453.1768,589.31244,0.0,3462.4695,628.8546,0.0,3382.235,618.9605,672.0736,15013.52
537.48193,0.0,1508.7715,431.60126,0.0,1631.4812,571.9569,0.0,1630.6711,545.86774,0.0,1671.3934,0.0,0.0,1608.8778,557.7281,0.0,1608.2911,586.6942,0.0,1611.8403,700.0792,0.0,4025.5713,740.96204,0.0,3885.5498,733.69226,786.6251,17814.16
514.1733,0.0,1431.9419,445.51526,0.0,1485.6189,537.9446,0.0,1461.2546,565.81085,0.0,1511.8959,0.0,0.0,1467.8236,536.1701,0.0,1478.5769,557.9118,0.0,1440.9934,674.2758,0.0,3766.0698,738.7971,0.0,3771.6963,718.39716,784.1837,17603.525
598.7694,0.0,1485.007,479.47754,0.0,1530.8942,626.6873,0.0,1520.0404,604.5885,0.0,1543.8983,0.0,0.0,1541.4126,595.8215,0.0,1532.78,600.3318,0.0,1511.6758,751.15955,0.0,4176.13,831.55096,0.0,4180.403,737.4868,878.0066,19655.373
646.0414,0.0,1585.708,508.8136,0.0,1626.8477,678.3091,0.0,1618.7192,671.8995,0.0,1637.5725,0.0,0.0,1612.0757,668.7089,0.0,1613.258,668.94543,0.0,1585.609,845.43085,0.0,4571.878,941.234,0.0,4542.331,828.20245,974.8368,22014.277
819.33997,0.0,2190.5063,732.95825,0.0,2256.171,791.90985,0.0,2299.579,822.4508,0.0,2292.416,0.0,0.0,2236.2683,786.1217,0.0,2255.2253,765.66064,0.0,2188.877,1033.2653,0.0,5806.1265,1107.5459,0.0,5751.59,1040.2834,1156.486,26086.498
906.0795,0.0,2660.4102,789.6663,0.0,2743.8188,904.9576,0.0,2745.3545,945.13055,0.0,2777.5322,0.0,0.0,2693.04,912.06134,0.0,2724.1028,900.0559,0.0,2646.319,1158.6874,0.0,6608.0234,1235.4194,0.0,6570.253,1216.8356,1292.2662,29053.887
895.40234,0.0,2686.6929,761.5196,0.0,2730.4895,909.99493,0.0,2706.9326,966.8047,0.0,2748.752,0.0,0.0,2722.4302,916.75134,0.0,2729.8696,910.75305,0.0,2648.7761,1154.6875,0.0,6626.87,1252.7421,0.0,6690.4814,1210.782,1311.3154,29510.287
904.4762,0.0,2733.1458,782.8025,0.0,2707.6243,876.63196,0.0,2714.5793,953.661,0.0,2712.9136,0.0,0.0,2740.8477,891.25214,0.0,2738.2637,843.0519,0.0,2624.6104,1148.0826,0.0,6626.8325,1258.0961,0.0,6775.757,1148.6265,1282.7284,29209.598
910.3631,0.0,2895.8018,818.9545,0.0,2869.17,863.49426,0.0,2887.7231,960.81445,0.0,2873.8281,0.0,0.0,2891.296,892.47797,0.0,2899.462,831.6129,0.0,2770.4744,1165.6323,0.0,6781.444,1264.177,0.0,6916.6045,1163.7654,1281.8318,29122.5
842.7766,0.0,2760.6309,735.2992,0.0,2714.089,826.70514,0.0,2695.4983,919.171,0.0,2702.0168,0.0,0.0,2736.9207,849.97327,0.0,2739.6763,804.49225,0.0,2624.9622,1092.0704,0.0,6369.365,1197.3126,0.0,6547.7227,1100.8777,1214.2632,27493.232
785.7513,0.0,2489.9463,668.52295,0.0,2450.2834,791.1476,0.0,2426.3135,855.6936,0.0,2431.8008,0.0,0.0,2489.306,802.85645,0.0,2474.523,770.1672,0.0,2386.7017,1027.8447,0.0,5949.8164,1138.9126,0.0,6108.9004,1017.43384,1154.8496,26206.309
609.816,0.0,2088.5327,604.2641,0.0,1938.6813,540.22046,0.0,1941.6295,710.72754,0.0,1923.989,0.0,0.0,2012.4172,601.7217,0.0,2008.1355,537.22034,0.0,1852.0981,810.9487,0.0,4683.5728,922.8667,0.0,5009.0376,797.88367,906.1057,20949.973
530.4823,0.0,1768.4137,542.44946,0.0,1659.6405,466.15897,0.0,1663.7526,587.3178,0.0,1644.5698,0.0,0.0,1735.6356,494.64117,0.0,1726.1953,446.82004,0.0,1594.5536,688.90985,0.0,3970.46,773.781,0.0,4248.168,648.86395,775.0055,17517.424
534.66724,0.0,1725.8099,490.9672,0.0,1709.9512,479.43625,0.0,1725.3348,556.72656,0.0,1726.788,0.0,0.0,1740.4219,504.1316,0.0,1744.5314,490.42197,0.0,1654.3911,687.66315,0.0,3973.8135,736.0199,0.0,4067.9556,669.9125,746.4365,17033.316
512.1664,0.0,1684.9723,470.43945,0.0,1726.6356,477.24277,0.0,1727.6696,554.99774,0.0,1753.496,0.0,0.0,1725.077,499.3424,0.0,1738.1045,513.71796,0.0,1666.1846,664.6524,0.0,3869.0598,694.9999,0.0,3901.6375,700.7163,727.2449,16482.072
460.4131,0.0,1546.187,438.5961,0.0,1585.6792,425.61813,0.0,1578.963,507.3986,0.0,1619.7312,0.0,0.0,1597.9917,445.2762,0.0,1606.5408,466.0506,0.0,1532.1113,590.4578,0.0,3487.7222,617.1573,0.0,3556.7695,644.3665,655.7869,14879.986
463.92316,0.0,1534.1309,424.42764,0.0,1571.6774,414.30194,0.0,1582.029,478.0725,0.0,1606.482,0.0,0.0,1593.2234,427.96936,0.0,1599.2014,430.78534,0.0,1524.1758,568.85693,0.0,3413.3835,587.2605,0.0,3473.0999,598.02734,617.6853,14089.047
362.94562,0.0,1141.5073,273.1423,0.0,1166.3672,383.64178,0.0,1123.6202,413.49408,0.0,1168.5354,0.0,0.0,1173.9744,387.9422,0.0,1169.701,413.1913,0.0,1137.4497,480.46564,0.0,2732.8438,523.4919,0.0,2790.5918,497.16138,550.03705,12413.875
447.55295,0.0,1045.2488,305.97424,0.0,1180.3965,502.2176,0.0,1155.6704,461.86676,0.0,1195.9688,0.0,0.0,1154.1921,465.66058,0.0,1148.2651,547.0443,0.0,1193.1176,595.5967,0.0,3235.8508,630.4615,0.0,3076.8232,613.66345,693.4136,15510.868
617.2371,0.0,1220.4656,307.10864,0.0,1703.6357,798.34296,0.0,1698.9126,466.38867,0.0,1762.303,0.0,0.0,1516.831,652.2395,0.0,1532.482,799.7403,0.0,1767.8752,766.15045,0.0,4294.608,703.093,0.0,3471.8577,805.95575,827.5989,17869.158
458.912,0.0,1417.3792,406.51633,0.0,1604.016,510.31467,0.0,1568.4568,600.359,0.0,1704.4894,0.0,0.0,1449.465,569.6092,0.0,1513.9911,680.14453,0.0,1508.3386,670.8952,0.0,3741.958,699.59576,0.0,3506.09,912.60645,759.0333,17724.527
564.41876,0.0,1437.3076,558.3901,0.0,1515.2424,595.0444,0.0,1485.5542,593.64496,0.0,1536.6757,0.0,0.0,1542.4882,537.631,0.0,1530.8232,560.7307,0.0,1497.3723,668.27704,0.0,3879.5596,728.24927,0.0,3976.4795,738.02435,829.4376,18099.914
593.791,0.0,1740.739,517.7274,0.0,1720.4277,512.65875,0.0,1765.3029,592.345,0.0,1777.2697,0.0,0.0,1741.9943,561.682,0.0,1762.9377,522.79266,0.0,1650.9254,734.6864,0.0,4186.556,788.71265,0.0,4260.797,732.0364,790.6253,18576.16
585.0078,0.0,1693.2703,492.82947,0.0,1749.3406,592.81976,0.0,1731.405,642.8339,0.0,1754.9886,0.0,0.0,1727.5271,594.35205,0.0,1741.2727,618.0897,0.0,1689.6545,766.8335,0.0,4257.383,816.09045,0.0,4260.7324,786.20984,869.8518,19303.066
585.60394,0.0,1691.5315,510.00238,0.0,1718.8274,570.1947,0.0,1716.658,631.76935,0.0,1746.3125,0.0,0.0,1726.9264,578.6881,0.0,1731.4816,600.35034,0.0,1671.1147,757.86816,0.0,4286.5205,816.0547,0.0,4329.9194,789.7456,850.9895,19507.22
519.4857,0.0,1479.989,445.83545,0.0,1400.9004,502.07678,0.0,1388.961,572.407,0.0,1378.446,0.0,0.0,1438.293,514.8247,0.0,1431.8541,468.95645,0.0,1342.0447,661.43097,0.0,3689.9832,759.03735,0.0,3896.3672,635.1029,759.6609,17321.42
435.00446,0.0,1247.8489,398.95245,0.0,1127.6401,409.27362,0.0,1126.8519,487.51926,0.0,1096.3927,0.0,0.0,1187.729,430.97278,0.0,1173.3475,375.47748,0.0,1084.8501,576.4823,0.0,3161.0305,677.7481,0.0,3385.9355,514.9983,666.8922,15196.834
411.05072,0.0,1112.1492,376.753,0.0,1024.2261,391.18317,0.0,1025.9819,454.49146,0.0,1000.65857,0.0,0.0,1058.8717,407.26904,0.0,1053.4425,375.6299,0.0,981.5877,554.20184,0.0,2950.564,639.0763,0.0,3099.9263,498.0723,631.5015,14391.759
396.59143,0.0,1160.8358,413.033,0.0,1090.0131,337.86487,0.0,1114.9043,440.6176,0.0,1091.5435,0.0,0.0,1117.0596,371.4465,0.0,1125.6072,340.1724,0.0,1032.1246,524.1509,0.0,2872.4226,586.0541,0.0,3014.329,507.21722,586.495,13435.996
397.4058,0.0,1178.3156,378.8714,0.0,1142.9152,366.24493,0.0,1143.9888,433.7376,0.0,1139.9637,0.0,0.0,1152.9761,383.21982,0.0,1162.2776,366.56116,0.0,1089.0465,513.5839,0.0,2848.3484,562.2614,0.0,2957.4722,510.4276,574.5066,13002.458
404.744,0.0,1201.6709,351.89783,0.0,1185.2549,383.24628,0.0,1189.446,430.45587,0.0,1186.9708,0.0,0.0,1198.117,394.43863,0.0,1200.155,379.7613,0.0,1144.4558,518.4324,0.0,2935.2053,564.5386,0.0,3006.709,514.6381,576.7422,13126.467
412.46017,0.0,1188.6428,335.56726,0.0,1191.4249,421.786,0.0,1181.2665,443.3723,0.0,1183.7029,0.0,0.0,1189.1338,424.12103,0.0,1189.3431,418.02405,0.0,1155.1886,540.1943,0.0,3020.271,591.3886,0.0,3049.3452,535.5089,604.08765,13720.627
385.81796,0.0,1236.4712,371.83566,0.0,1184.1831,344.19928,0.0,1200.7643,425.6643,0.0,1184.6628,0.0,0.0,1206.0471,370.89755,0.0,1211.2485,335.35703,0.0,1134.0608,497.20334,0.0,2873.1855,548.177,0.0,2991.9075,500.36948,547.0773,12625.998
380.33548,0.0,1169.7754,320.02225,0.0,1134.4125,387.81183,0.0,1118.0198,409.551,0.0,1110.7792,0.0,0.0,1146.1799,387.2125,0.0,1142.5621,359.20892,0.0,1098.2908,491.0805,0.0,2800.2256,548.1323,0.0,2894.0244,472.65503,551.24414,12417.623
364.12372,0.0,1174.1772,331.88785,0.0,1148.653,343.88818,0.0,1158.1312,395.40118,0.0,1151.0306,0.0,0.0,1165.4927,363.59515,0.0,1164.7667,341.70685,0.0,1111.9332,481.8183,0.0,2785.7854,528.59906,0.0,2849.2148,479.198,530.4455,12162.436
341.94913,0.0,967.14526,263.33755,0.0,948.14734,379.05725,0.0,914.59204,381.02527,0.0,923.26843,0.0,0.0,949.99066,369.7022,0.0,943.4263,364.9666,0.0,924.1991,457.34973,0.0,2521.151,521.07794,0.0,2582.088,442.07037,528.8565,11873.8545
313.82263,0.0,778.7621,261.84515,0.0,741.7957,341.37146,0.0,723.04877,354.5812,0.0,720.2567,0.0,0.0,762.0166,338.08432,0.0,745.5042,331.86932,0.0,729.8731,432.79727,0.0,2312.7642,511.55194,0.0,2383.8699,403.08838,515.8297,11714.784
300.7666,0.0,754.0597,308.40277,0.0,678.55927,274.1683,0.0,691.5826,337.4876,0.0,672.3743,0.0,0.0,704.9085,292.55685,0.0,706.29614,262.65436,0.0,642.0657,404.97162,0.0,2124.6643,477.4339,0.0,2250.275,373.97797,471.67645,10831.532
316.48956,0.0,845.22064,321.44916,0.0,767.7429,273.88177,0.0,787.1667,335.0019,0.0,759.9654,0.0,0.0,794.2947,288.0512,0.0,800.168,244.32404,0.0,725.3848,400.70044,0.0,2168.1006,462.26416,0.0,2310.3901,364.32104,460.29852,10378.098
316.84314,0.0,888.92725,286.8217,0.0,852.18884,299.2744,0.0,856.48444,337.94028,0.0,845.5441,0.0,0.0,861.2838,311.15295,0.0,865.0119,288.1781,0.0,814.0037,414.67178,0.0,2265.6694,465.62555,0.0,2343.0474,392.48798,470.04224,10575.998
270.5978,0.0,779.6124,254.25859,0.0,739.60455,255.64804,0.0,737.1407,310.28397,0.0,735.03143,0.0,0.0,754.19965,272.04712,0.0,755.1401,260.68292,0.0,703.44574,365.47955,0.0,1986.1709,416.01562,0.0,2082.3093,358.95352,421.22406,9537.655
315.90802,0.0,762.5397,256.80417,0.0,771.0183,331.5587,0.0,764.4749,322.97922,0.0,765.6838,0.0,0.0,777.08655,315.08304,0.0,770.7685,316.5789,0.0,756.25867,410.28543,0.0,2211.777,461.14426,0.0,2227.9265,385.32294,478.9744,10668.469
310.01453,0.0,785.1742,276.6959,0.0,775.87787,304.57834,0.0,780.02527,336.76004,0.0,783.65454,0.0,0.0,776.8065,315.51016,0.0,781.00995,310.0186,0.0,744.2993,414.9617,0.0,2219.205,469.432,0.0,2251.0117,407.40387,479.0771,10900.82
304.4179,0.0,749.0038,289.3063,0.0,728.5615,297.90604,0.0,726.43726,334.21674,0.0,730.2108,0.0,0.0,739.6509,299.62473,0.0,741.66296,293.46246,0.0,697.6389,399.3616,0.0,2120.5396,456.086,0.0,2197.2056,390.09247,475.11328,10606.368
297.3319,0.0,747.5346,289.19385,0.0,717.2803,269.51968,0.0,727.2866,319.1761,0.0,727.8429,0.0,0.0,737.16956,282.0985,0.0,740.2865,271.003,0.0,683.3442,385.8875,0.0,2057.1045,438.37787,0.0,2145.6848,371.7967,451.05466,10201.53
278.11945,0.0,642.4277,238.75467,0.0,611.5362,272.13092,0.0,603.1667,305.3504,0.0,600.23334,0.0,0.0,620.9643,273.44916,0.0,621.52686,269.98334,0.0,584.5249,365.72766,0.0,1889.3425,425.13635,0.0,1974.9142,342.25323,438.6092,9774.735
257.04584,0.0,589.24316,262.36664,0.0,549.9567,246.57861,0.0,547.5054,287.13077,0.0,535.50665,0.0,0.0,566.6483,250.90552,0.0,559.5785,244.10016,0.0,519.633,349.95105,0.0,1797.3704,414.38705,0.0,1892.0028,319.56635,420.17993,9442.085
292.43878,0.0,653.8484,270.92194,0.0,634.5571,284.3612,0.0,638.6358,307.53128,0.0,634.3518,0.0,0.0,637.2863,284.2217,0.0,641.9551,278.8409,0.0,608.84674,386.08392,0.0,1998.9089,443.83398,0.0,2042.9761,361.7541,455.60834,10222.831
254.8512,0.0,647.44604,275.0599,0.0,597.43445,216.63358,0.0,609.63306,293.41568,0.0,606.2826,0.0,0.0,611.92096,242.29747,0.0,621.90674,228.00667,0.0,552.5557,340.96567,0.0,1772.0344,394.09357,0.0,1885.076,336.72403,401.91223,9114.381
290.4438,0.0,620.8606,252.55087,0.0,644.0321,305.49875,0.0,625.57825,309.59958,0.0,630.7221,0.0,0.0,631.02155,287.80032,0.0,631.1234,314.06433,0.0,625.6764,386.79312,0.0,1986.3099,437.28186,0.0,1999.3328,376.609,471.38458,10261.946
305.44022,0.0,692.927,291.92877,0.0,706.36786,295.82394,0.0,711.64984,334.00928,0.0,726.7224,0.0,0.0,698.1333,306.39902,0.0,707.13477,326.11984,0.0,672.43536,414.85022,0.0,2147.1252,464.57928,0.0,2152.954,422.87442,484.8246,11055.997
412.45563,0.0,791.1255,188.23868,0.0,1105.2341,539.40155,0.0,1098.7731,308.1037,0.0,1135.3484,0.0,0.0,980.70984,435.22415,0.0,989.02594,529.24805,0.0,1153.0009,508.8942,0.0,2849.7063,474.75998,0.0,2308.566,526.44275,555.1089,11930.354
251.79031,0.0,750.5825,261.65643,0.0,875.76337,321.59824,0.0,823.67786,370.45862,0.0,928.0938,0.0,0.0,774.3826,358.08063,0.0,802.7427,444.19928,0.0,810.9153,413.70007,0.0,2199.7197,450.12262,0.0,2056.4114,567.3459,491.1624,11338.51
324.215,0.0,683.81177,337.57767,0.0,708.18884,324.13937,0.0,699.34186,339.03662,0.0,736.321,0.0,0.0,743.36914,285.7671,0.0,738.48444,307.3664,0.0,712.50415,376.0324,0.0,2113.5571,429.15518,0.0,2215.088,413.9684,499.82452,10812.95
309.25085,0.0,687.70953,257.28418,0.0,635.8457,277.0358,0.0,643.4982,315.45917,0.0,640.85126,0.0,0.0,652.6535,298.31055,0.0,658.2567,276.98224,0.0,596.80255,390.16864,0.0,2005.8662,457.84384,0.0,2109.7317,348.53232,451.6615,10481.552
300.64224,0.0,726.0262,303.07843,0.0,697.60223,265.19843,0.0,716.8515,332.4027,0.0,701.73206,0.0,0.0,712.8512,279.27563,0.0,719.51965,271.95554,0.0,660.5874,399.08994,0.0,2070.1345,448.5644,0.0,2145.2612,374.8857,467.50955,10441.248
312.29037,0.0,871.1188,312.28644,0.0,804.8715,250.77347,0.0,830.56744,325.31384,0.0,808.0648,0.0,0.0,826.73535,269.2724,0.0,838.2078,234.39977,0.0,755.28186,382.98172,0.0,2111.666,427.86725,0.0,2248.5337,363.08093,424.011,9749.577
278.724,0.0,847.84625,257.29272,0.0,812.15826,259.58902,0.0,810.2544,306.4882,0.0,798.5794,0.0,0.0,824.2464,275.3203,0.0,825.25824,248.49178,0.0,770.30585,363.3349,0.0,2023.6067,406.65594,0.0,2121.3677,349.44904,410.5752,9204.99
273.31976,0.0,859.79095,250.42874,0.0,829.0443,244.90887,0.0,839.3218,290.70264,0.0,828.4345,0.0,0.0,847.2407,257.5771,0.0,847.5311,237.83908,0.0,797.17,351.23288,0.0,2011.5663,383.20428,0.0,2086.362,341.3819,384.26453,8785.619
