0,1,2,3,4,5,6,7,8,9,10,11,12,13,14,15,16,17,18,19,20,21,22,23,24,25,26,27,28,29
165.0,23.0,557.1536,165.0,23.0,557.1536,165.0,23.0,557.1536,165.0,23.0,557.1536,165.0,23.0,557.1536,165.0,23.0,557.1536,165.0,23.0,557.1536,235.0,69.0,1688.31,235.0,69.0,1688.31,252.0,242.0,5902.978
136.0,19.0,462.40466,136.0,19.0,462.40466,136.0,19.0,462.40466,136.0,19.0,462.40466,136.0,19.0,462.40466,136.0,19.0,462.40466,136.0,19.0,462.40466,194.0,57.0,1413.1426,194.0,57.0,1413.1426,205.0,199.0,4870.844
113.0,19.0,463.73648,113.0,19.0,463.73648,113.0,19.0,463.73648,113.0,19.0,463.73648,113.0,19.0,463.73648,113.0,19.0,463.73648,113.0,19.0,463.73648,157.0,52.0,1284.7485,157.0,52.0,1284.7485,164.0,151.0,3685.1472
105.0,20.0,472.72525,105.0,20.0,472.72525,105.0,20.0,472.72525,105.0,20.0,472.72525,105.0,20.0,472.72525,105.0,20.0,472.72525,105.0,20.0,472.72525,143.0,46.0,1105.974,143.0,46.0,1105.974,151.0,138.0,3327.6658
112.0,23.0,549.5549,112.0,23.0,549.5549,112.0,23.0,549.5549,112.0,23.0,549.5549,112.0,23.0,549.5549,112.0,23.0,549.5549,112.0,23.0,549.5549,152.0,48.0,1158.5758,152.0,48.0,1158.5758,161.0,147.0,3550.2534
101.0,24.0,582.05334,101.0,24.0,582.05334,101.0,24.0,582.05334,101.0,24.0,582.05334,101.0,24.0,582.05334,101.0,24.0,582.05334,101.0,24.0,582.05334,133.0,42.0,1022.03925,133.0,42.0,1022.03925,141.0,125.0,3033.4294
93.0,19.0,464.4172,93.0,19.0,464.4172,93.0,19.0,464.4172,93.0,19.0,464.4172,93.0,19.0,464.4172,93.0,19.0,464.4172,93.0,19.0,464.4172,123.0,37.0,899.7757,123.0,37.0,899.7757,133.0,118.0,2864.8354
92.0,15.0,363.90393,92.0,15.0,363.90393,92.0,15.0,363.90393,92.0,15.0,363.90393,92.0,15.0,363.90393,92.0,15.0,363.90393,92.0,15.0,363.90393,119.0,33.0,799.26245,119.0,33.0,799.26245,130.0,115.0,2784.7412
90.0,14.0,344.41727,90.0,14.0,344.41727,90.0,14.0,344.41727,90.0,14.0,344.41727,90.0,14.0,344.41727,90.0,14.0,344.41727,90.0,14.0,344.41727,115.0,28.0,683.6019,115.0,28.0,683.6019,126.0,113.0,2746.3633
84.0,12.0,292.98376,84.0,12.0,292.98376,84.0,12.0,292.98376,84.0,12.0,292.98376,84.0,12.0,292.98376,84.0,12.0,292.98376,84.0,12.0,292.98376,110.0,26.0,634.7918,110.0,26.0,634.7918,121.0,111.0,2693.0134
76.0,6.0,152.36383,76.0,6.0,152.36383,76.0,6.0,152.36383,76.0,6.0,152.36383,76.0,6.0,152.36383,76.0,6.0,152.36383,76.0,6.0,152.36383,100.0,21.0,523.9486,100.0,21.0,523.9486,110.0,103.0,2530.2666
78.0,8.0,200.32693,78.0,8.0,200.32693,78.0,8.0,200.32693,78.0,8.0,200.32693,78.0,8.0,200.32693,78.0,8.0,200.32693,78.0,8.0,200.32693,102.0,23.0,574.0075,102.0,23.0,574.0075,111.0,103.0,2534.4727
76.0,10.0,244.25443,76.0,10.0,244.25443,76.0,10.0,244.25443,76.0,10.0,244.25443,76.0,10.0,244.25443,76.0,10.0,244.25443,76.0,10.0,244.25443,98.0,22.0,540.78656,98.0,22.0,540.78656,107.0,98.0,2400.3184
83.0,11.0,275.26917,83.0,11.0,275.26917,83.0,11.0,275.26917,83.0,11.0,275.26917,83.0,11.0,275.26917,83.0,11.0,275.26917,83.0,11.0,275.26917,106.0,26.0,640.75476,106.0,26.0,640.75476,115.0,104.0,2540.7515
84.0,15.0,365.38968,84.0,15.0,365.38968,84.0,15.0,365.38968,84.0,15.0,365.38968,84.0,15.0,365.38968,84.0,15.0,365.38968,84.0,15.0,365.38968,110.0,32.0,781.20337,110.0,32.0,781.20337,118.0,105.0,2552.6765
69.0,13.0,316.58344,69.0,13.0,316.58344,69.0,13.0,316.58344,69.0,13.0,316.58344,69.0,13.0,316.58344,69.0,13.0,316.58344,69.0,13.0,316.58344,98.0,34.0,822.16223,98.0,34.0,822.16223,104.0,93.0,2257.4065
65.0,13.0,315.69614,65.0,13.0,315.69614,65.0,13.0,315.69614,65.0,13.0,315.69614,65.0,13.0,315.69614,65.0,13.0,315.69614,65.0,13.0,315.69614,92.0,32.0,767.43335,92.0,32.0,767.43335,98.0,87.0,2100.4766
66.0,16.0,399.1545,66.0,16.0,399.1545,66.0,16.0,399.1545,66.0,16.0,399.1545,66.0,16.0,399.1545,66.0,16.0,399.1545,66.0,16.0,399.1545,94.0,36.0,877.83044,94.0,36.0,877.83044,99.0,86.0,2092.5671
56.0,11.0,269.486,56.0,11.0,269.486,56.0,11.0,269.486,56.0,11.0,269.486,56.0,11.0,269.486,56.0,11.0,269.486,56.0,11.0,269.486,79.0,32.0,767.963,79.0,32.0,767.963,83.0,70.0,1680.9019
57.0,13.0,316.97687,57.0,13.0,316.97687,57.0,13.0,316.97687,57.0,13.0,316.97687,57.0,13.0,316.97687,57.0,13.0,316.97687,57.0,13.0,316.97687,82.0,36.0,871.8014,82.0,36.0,871.8014,86.0,71.0,1725.9929
51.0,10.0,241.05266,51.0,10.0,241.05266,51.0,10.0,241.05266,51.0,10.0,241.05266,51.0,10.0,241.05266,51.0,10.0,241.05266,51.0,10.0,241.05266,70.0,27.0,654.50415,70.0,27.0,654.50415,75.0,65.0,1596.1528
55.0,11.0,276.35052,55.0,11.0,276.35052,55.0,11.0,276.35052,55.0,11.0,276.35052,55.0,11.0,276.35052,55.0,11.0,276.35052,55.0,11.0,276.35052,79.0,31.0,756.56696,79.0,31.0,756.56696,84.0,76.0,1872.1469
60.0,11.0,268.97278,60.0,11.0,268.97278,60.0,11.0,268.97278,60.0,11.0,268.97278,60.0,11.0,268.97278,60.0,11.0,268.97278,60.0,11.0,268.97278,81.0,30.0,732.43066,81.0,30.0,732.43066,86.0,76.0,1873.0266
65.0,13.0,311.45123,65.0,13.0,311.45123,65.0,13.0,311.45123,65.0,13.0,311.45123,65.0,13.0,311.45123,65.0,13.0,311.45123,65.0,13.0,311.45123,85.0,30.0,738.515,85.0,30.0,738.515,91.0,80.0,1970.1724
66.0,16.0,383.08603,66.0,16.0,383.08603,66.0,16.0,383.08603,66.0,16.0,383.08603,66.0,16.0,383.08603,66.0,16.0,383.08603,66.0,16.0,383.08603,84.0,28.0,680.2183,84.0,28.0,680.2183,89.0,77.0,1881.9895
64.0,16.0,387.5999,64.0,16.0,387.5999,64.0,16.0,387.5999,64.0,16.0,387.5999,64.0,16.0,387.5999,64.0,16.0,387.5999,64.0,16.0,387.5999,84.0,27.0,667.8145,84.0,27.0,667.8145,89.0,80.0,1976.2041
62.0,16.0,378.4503,62.0,16.0,378.4503,62.0,16.0,378.4503,62.0,16.0,378.4503,62.0,16.0,378.4503,62.0,16.0,378.4503,62.0,16.0,378.4503,84.0,29.0,706.1908,84.0,29.0,706.1908,89.0,80.0,1961.8352
59.0,16.0,373.51288,59.0,16.0,373.51288,59.0,16.0,373.51288,59.0,16.0,373.51288,59.0,16.0,373.51288,59.0,16.0,373.51288,59.0,16.0,373.51288,83.0,33.0,787.9264,83.0,33.0,787.9264,87.0,76.0,1822.3422
57.0,13.0,291.2047,57.0,13.0,291.2047,57.0,13.0,291.2047,57.0,13.0,291.2047,57.0,13.0,291.2047,57.0,13.0,291.2047,57.0,13.0,291.2047,79.0,29.0,687.4622,79.0,29.0,687.4622,82.0,72.0,1709.559
65.0,15.0,343.1611,65.0,15.0,343.1611,65.0,15.0,343.1611,65.0,15.0,343.1611,65.0,15.0,343.1611,65.0,15.0,343.1611,65.0,15.0,343.1611,88.0,32.0,762.09503,88.0,32.0,762.09503,92.0,80.0,1910.1691
74.0,14.0,330.62527,74.0,14.0,330.62527,74.0,14.0,330.62527,74.0,14.0,330.62527,74.0,14.0,330.62527,74.0,14.0,330.62527,74.0,14.0,330.62527,97.0,32.0,766.0235,97.0,32.0,766.0235,102.0,89.0,2159.3423
70.0,13.0,315.0658,70.0,13.0,315.0658,70.0,13.0,315.0658,70.0,13.0,315.0658,70.0,13.0,315.0658,70.0,13.0,315.0658,70.0,13.0,315.0658,92.0,30.0,724.9111,92.0,30.0,724.9111,97.0,85.0,2065.914
95.0,23.0,564.9025,95.0,23.0,564.9025,95.0,23.0,564.9025,95.0,23.0,564.9025,95.0,23.0,564.9025,95.0,23.0,564.9025,95.0,23.0,564.9025,121.0,46.0,1122.4772,121.0,46.0,1122.4772,126.0,102.0,2491.6165
102.0,25.0,629.06696,102.0,25.0,629.06696,102.0,25.0,629.06696,102.0,25.0,629.06696,102.0,25.0,629.06696,102.0,25.0,629.06696,102.0,25.0,629.06696,128.0,47.0,1175.9186,128.0,47.0,1175.9186,135.0,109.0,2697.0278
121.0,31.0,783.65247,121.0,31.0,783.65247,121.0,31.0,783.65247,121.0,31.0,783.65247,121.0,31.0,783.65247,121.0,31.0,783.65247,121.0,31.0,783.65247,152.0,56.0,1391.9795,152.0,56.0,1391.9795,159.0,129.0,3199.2744
127.0,32.0,802.00964,127.0,32.0,802.00964,127.0,32.0,802.00964,127.0,32.0,802.00964,127.0,32.0,802.00964,127.0,32.0,802.00964,127.0,32.0,802.00964,161.0,61.0,1502.641,161.0,61.0,1502.641,169.0,136.0,3361.4558
128.0,36.0,910.52496,128.0,36.0,910.52496,128.0,36.0,910.52496,128.0,36.0,910.52496,128.0,36.0,910.52496,128.0,36.0,910.52496,128.0,36.0,910.52496,164.0,66.0,1639.3588,164.0,66.0,1639.3588,171.0,135.0,3351.9585
150.0,36.0,909.48645,150.0,36.0,909.48645,150.0,36.0,909.48645,150.0,36.0,909.48645,150.0,36.0,909.48645,150.0,36.0,909.48645,150.0,36.0,909.48645,187.0,69.0,1708.9072,187.0,69.0,1708.9072,194.0,156.0,3788.1711
154.0,36.0,906.17487,154.0,36.0,906.17487,154.0,36.0,906.17487,154.0,36.0,906.17487,154.0,36.0,906.17487,154.0,36.0,906.17487,154.0,36.0,906.17487,194.0,69.0,1695.4723,194.0,69.0,1695.4723,202.0,166.0,4004.7744
156.0,31.0,797.253,156.0,31.0,797.253,156.0,31.0,797.253,156.0,31.0,797.253,156.0,31.0,797.253,156.0,31.0,797.253,156.0,31.0,797.253,192.0,59.0,1468.9504,192.0,59.0,1468.9504,203.0,171.0,4160.5513
154.0,28.0,710.3965,154.0,28.0,710.3965,154.0,28.0,710.3965,154.0,28.0,710.3965,154.0,28.0,710.3965,154.0,28.0,710.3965,154.0,28.0,710.3965,188.0,53.0,1297.7263,188.0,53.0,1297.7263,197.0,170.0,4136.4
146.0,25.0,611.3061,146.0,25.0,611.3061,146.0,25.0,611.3061,146.0,25.0,611.3061,146.0,25.0,611.3061,146.0,25.0,611.3061,146.0,25.0,611.3061,177.0,46.0,1121.2086,177.0,46.0,1121.2086,186.0,163.0,3959.9597
145.0,26.0,636.097,145.0,26.0,636.097,145.0,26.0,636.097,145.0,26.0,636.097,145.0,26.0,636.097,145.0,26.0,636.097,145.0,26.0,636.097,171.0,37.0,915.1202,171.0,37.0,915.1202,181.0,161.0,3924.5234
136.0,18.0,430.5975,136.0,18.0,430.5975,136.0,18.0,430.5975,136.0,18.0,430.5975,136.0,18.0,430.5975,136.0,18.0,430.5975,136.0,18.0,430.5975,163.0,32.0,783.29395,163.0,32.0,783.29395,173.0,159.0,3856.8325
105.0,19.0,450.6878,105.0,19.0,450.6878,105.0,19.0,450.6878,105.0,19.0,450.6878,105.0,19.0,450.6878,105.0,19.0,450.6878,105.0,19.0,450.6878,133.0,34.0,835.05865,133.0,34.0,835.05865,140.0,128.0,3152.948
103.0,15.0,368.38535,103.0,15.0,368.38535,103.0,15.0,368.38535,103.0,15.0,368.38535,103.0,15.0,368.38535,103.0,15.0,368.38535,103.0,15.0,368.38535,134.0,35.0,839.5635,134.0,35.0,839.5635,142.0,131.0,3210.3953
96.0,13.0,313.76508,96.0,13.0,313.76508,96.0,13.0,313.76508,96.0,13.0,313.76508,96.0,13.0,313.76508,96.0,13.0,313.76508,96.0,13.0,313.76508,126.0,29.0,687.31616,126.0,29.0,687.31616,137.0,129.0,3158.0317
89.0,12.0,290.2245,89.0,12.0,290.2245,89.0,12.0,290.2245,89.0,12.0,290.2245,89.0,12.0,290.2245,89.0,12.0,290.2245,89.0,12.0,290.2245,118.0,32.0,763.51495,118.0,32.0,763.51495,128.0,118.0,2874.273
82.0,13.0,319.86386,82.0,13.0,319.86386,82.0,13.0,319.86386,82.0,13.0,319.86386,82.0,13.0,319.86386,82.0,13.0,319.86386,82.0,13.0,319.86386,107.0,30.0,725.2201,107.0,30.0,725.2201,116.0,104.0,2547.5757
78.0,11.0,258.16656,78.0,11.0,258.16656,78.0,11.0,258.16656,78.0,11.0,258.16656,78.0,11.0,258.16656,78.0,11.0,258.16656,78.0,11.0,258.16656,99.0,27.0,657.9957,99.0,27.0,657.9957,108.0,94.0,2290.4531
89.0,13.0,299.04272,89.0,13.0,299.04272,89.0,13.0,299.04272,89.0,13.0,299.04272,89.0,13.0,299.04272,89.0,13.0,299.04272,89.0,13.0,299.04272,105.0,24.0,581.1001,105.0,24.0,581.1001,118.0,105.0,2550.104
88.0,11.0,253.02902,88.0,11.0,253.02902,88.0,11.0,253.02902,88.0,11.0,253.02902,88.0,11.0,253.02902,88.0,11.0,253.02902,88.0,11.0,253.02902,103.0,23.0,558.127,103.0,23.0,558.127,116.0,103.0,2509.9944
78.0,10.0,240.62103,78.0,10.0,240.62103,78.0,10.0,240.62103,78.0,10.0,240.62103,78.0,10.0,240.62103,78.0,10.0,240.62103,78.0,10.0,240.62103,99.0,25.0,610.6168,99.0,25.0,610.6168,109.0,100.0,2452.6218
65.0,9.0,213.5898,65.0,9.0,213.5898,65.0,9.0,213.5898,65.0,9.0,213.5898,65.0,9.0,213.5898,65.0,9.0,213.5898,65.0,9.0,213.5898,84.0,20.0,486.82196,84.0,20.0,486.82196,94.0,88.0,2138.4148
64.0,4.0,91.92014,64.0,4.0,91.92014,64.0,4.0,91.92014,64.0,4.0,91.92014,64.0,4.0,91.92014,64.0,4.0,91.92014,64.0,4.0,91.92014,88.0,21.0,506.86774,88.0,21.0,506.86774,99.0,98.0,2342.7886
65.0,3.0,63.595978,65.0,3.0,63.595978,65.0,3.0,63.595978,65.0,3.0,63.595978,65.0,3.0,63.595978,65.0,3.0,63.595978,65.0,3.0,63.595978,88.0,19.0,438.52078,88.0,19.0,438.52078,100.0,98.0,2306.892
66.0,7.0,172.6255,66.0,7.0,172.6255,66.0,7.0,172.6255,66.0,7.0,172.6255,66.0,7.0,172.6255,66.0,7.0,172.6255,66.0,7.0,172.6255,91.0,27.0,623.32983,91.0,27.0,623.32983,100.0,95.0,2239.7603
57.0,7.0,170.90263,57.0,7.0,170.90263,57.0,7.0,170.90263,57.0,7.0,170.90263,57.0,7.0,170.90263,57.0,7.0,170.90263,57.0,7.0,170.90263,78.0,23.0,538.0357,78.0,23.0,538.0357,87.0,82.0,1941.7751
53.0,7.0,173.78282,53.0,7.0,173.78282,53.0,7.0,173.78282,53.0,7.0,173.78282,53.0,7.0,173.78282,53.0,7.0,173.78282,53.0,7.0,173.78282,71.0,21.0,490.93744,71.0,21.0,490.93744,79.0,71.0,1663.6874
57.0,10.0,224.44913,57.0,10.0,224.44913,57.0,10.0,224.44913,57.0,10.0,224.44913,57.0,10.0,224.44913,57.0,10.0,224.44913,57.0,10.0,224.44913,75.0,24.0,553.75665,75.0,24.0,553.75665,82.0,70.0,1635.49
56.0,11.0,248.7532,56.0,11.0,248.7532,56.0,11.0,248.7532,56.0,11.0,248.7532,56.0,11.0,248.7532,56.0,11.0,248.7532,56.0,11.0,248.7532,70.0,21.0,500.99002,70.0,21.0,500.99002,79.0,68.0,1589.1896
49.0,13.0,309.50012,49.0,13.0,309.50012,49.0,13.0,309.50012,49.0,13.0,309.50012,49.0,13.0,309.50012,49.0,13.0,309.50012,49.0,13.0,309.50012,64.0,24.0,602.4754,64.0,24.0,602.4754,70.0,59.0,1394.3419
52.0,16.0,388.96185,52.0,16.0,388.96185,52.0,16.0,388.96185,52.0,16.0,388.96185,52.0,16.0,388.96185,52.0,16.0,388.96185,52.0,16.0,388.96185,69.0,24.0,599.54877,69.0,24.0,599.54877,75.0,65.0,1566.3802
48.0,11.0,259.05032,48.0,11.0,259.05032,48.0,11.0,259.05032,48.0,11.0,259.05032,48.0,11.0,259.05032,48.0,11.0,259.05032,48.0,11.0,259.05032,69.0,20.0,471.62445,69.0,20.0,471.62445,77.0,76.0,1765.5958
57.0,12.0,275.1684,57.0,12.0,275.1684,57.0,12.0,275.1684,57.0,12.0,275.1684,57.0,12.0,275.1684,57.0,12.0,275.1684,57.0,12.0,275.1684,86.0,26.0,614.1119,86.0,26.0,614.1119,95.0,98.0,2295.5461
60.0,11.0,251.56496,60.0,11.0,251.56496,60.0,11.0,251.56496,60.0,11.0,251.56496,60.0,11.0,251.56496,60.0,11.0,251.56496,60.0,11.0,251.56496,90.0,25.0,590.3543,90.0,25.0,590.3543,99.0,104.0,2431.6895
53.0,9.0,216.54211,53.0,9.0,216.54211,53.0,9.0,216.54211,53.0,9.0,216.54211,53.0,9.0,216.54211,53.0,9.0,216.54211,53.0,9.0,216.54211,85.0,23.0,554.18787,85.0,23.0,554.18787,93.0,101.0,2366.1265
65.0,11.0,263.8192,65.0,11.0,263.8192,65.0,11.0,263.8192,65.0,11.0,263.8192,65.0,11.0,263.8192,65.0,11.0,263.8192,65.0,11.0,263.8192,93.0,24.0,582.63885,93.0,24.0,582.63885,102.0,104.0,2473.386
69.0,10.0,230.24138,69.0,10.0,230.24138,69.0,10.0,230.24138,69.0,10.0,230.24138,69.0,10.0,230.24138,69.0,10.0,230.24138,69.0,10.0,230.24138,96.0,23.0,549.061,96.0,23.0,549.061,105.0,108.0,2562.16
70.0,11.0,247.78665,70.0,11.0,247.78665,70.0,11.0,247.78665,70.0,11.0,247.78665,70.0,11.0,247.78665,70.0,11.0,247.78665,70.0,11.0,247.78665,96.0,23.0,547.8491,96.0,23.0,547.8491,105.0,106.0,2507.688
76.0,15.0,345.427,76.0,15.0,345.427,76.0,15.0,345.427,76.0,15.0,345.427,76.0,15.0,345.427,76.0,15.0,345.427,76.0,15.0,345.427,96.0,26.0,627.0903,96.0,26.0,627.0903,104.0,97.0,2344.1296
73.0,15.0,362.11243,73.0,15.0,362.11243,73.0,15.0,362.11243,73.0,15.0,362.11243,73.0,15.0,362.11243,73.0,15.0,362.11243,73.0,15.0,362.11243,90.0,26.0,630.5107,90.0,26.0,630.5107,97.0,85.0,2052.3035
74.0,15.0,362.11243,74.0,15.0,362.11243,74.0,15.0,362.11243,74.0,15.0,362.11243,74.0,15.0,362.11243,74.0,15.0,362.11243,74.0,15.0,362.11243,91.0,26.0,632.3134,91.0,26.0,632.3134,97.0,83.0,2014.4714
79.0,17.0,410.81656,79.0,17.0,410.81656,79.0,17.0,410.81656,79.0,17.0,410.81656,79.0,17.0,410.81656,79.0,17.0,410.81656,79.0,17.0,410.81656,94.0,26.0,629.60394,94.0,26.0,629.60394,100.0,84.0,2024.508
73.0,16.0,369.16324,73.0,16.0,369.16324,73.0,16.0,369.16324,73.0,16.0,369.16324,73.0,16.0,369.16324,73.0,16.0,369.16324,73.0,16.0,369.16324,92.0,28.0,670.39075,92.0,28.0,670.39075,98.0,87.0,2098.8086
73.0,15.0,354.7533,73.0,15.0,354.7533,73.0,15.0,354.7533,73.0,15.0,354.7533,73.0,15.0,354.7533,73.0,15.0,354.7533,73.0,15.0,354.7533,91.0,27.0,655.4865,91.0,27.0,655.4865,96.0,83.0,2014.0096
70.0,14.0,330.428,70.0,14.0,330.428,70.0,14.0,330.428,70.0,14.0,330.428,70.0,14.0,330.428,70.0,14.0,330.428,70.0,14.0,330.428,87.0,24.0,580.1056,87.0,24.0,580.1056,92.0,81.0,1965.1757
60.0,10.0,234.16336,60.0,10.0,234.16336,60.0,10.0,234.16336,60.0,10.0,234.16336,60.0,10.0,234.16336,60.0,10.0,234.16336,60.0,10.0,234.16336,78.0,21.0,504.03903,78.0,21.0,504.03903,82.0,76.0,1845.318
59.0,9.0,201.54218,59.0,9.0,201.54218,59.0,9.0,201.54218,59.0,9.0,201.54218,59.0,9.0,201.54218,59.0,9.0,201.54218,59.0,9.0,201.54218,80.0,22.0,524.1513,80.0,22.0,524.1513,84.0,80.0,1941.4836
62.0,8.0,180.63658,62.0,8.0,180.63658,62.0,8.0,180.63658,62.0,8.0,180.63658,62.0,8.0,180.63658,62.0,8.0,180.63658,62.0,8.0,180.63658,86.0,25.0,608.7993,86.0,25.0,608.7993,91.0,86.0,2092.6746
61.0,7.0,147.75412,61.0,7.0,147.75412,61.0,7.0,147.75412,61.0,7.0,147.75412,61.0,7.0,147.75412,61.0,7.0,147.75412,61.0,7.0,147.75412,89.0,25.0,604.39856,89.0,25.0,604.39856,95.0,93.0,2276.505
66.0,9.0,194.39952,66.0,9.0,194.39952,66.0,9.0,194.39952,66.0,9.0,194.39952,66.0,9.0,194.39952,66.0,9.0,194.39952,66.0,9.0,194.39952,94.0,29.0,704.56976,94.0,29.0,704.56976,100.0,94.0,2308.633
70.0,8.0,164.20355,70.0,8.0,164.20355,70.0,8.0,164.20355,70.0,8.0,164.20355,70.0,8.0,164.20355,70.0,8.0,164.20355,70.0,8.0,164.20355,101.0,33.0,812.1642,101.0,33.0,812.1642,110.0,106.0,2588.4138
89.0,11.0,235.35542,89.0,11.0,235.35542,89.0,11.0,235.35542,89.0,11.0,235.35542,89.0,11.0,235.35542,89.0,11.0,235.35542,89.0,11.0,235.35542,137.0,45.0,1072.567,137.0,45.0,1072.567,150.0,155.0,3710.7388
116.0,15.0,319.3757,116.0,15.0,319.3757,116.0,15.0,319.3757,116.0,15.0,319.3757,116.0,15.0,319.3757,116.0,15.0,319.3757,116.0,15.0,319.3757,175.0,60.0,1432.068,175.0,60.0,1432.068,191.0,195.0,4687.8696
141.0,19.0,417.55292,141.0,19.0,417.55292,141.0,19.0,417.55292,141.0,19.0,417.55292,141.0,19.0,417.55292,141.0,19.0,417.55292,141.0,19.0,417.55292,202.0,69.0,1652.1349,202.0,69.0,1652.1349,220.0,222.0,5344.1187
154.0,23.0,510.6752,154.0,23.0,510.6752,154.0,23.0,510.6752,154.0,23.0,510.6752,154.0,23.0,510.6752,154.0,23.0,510.6752,154.0,23.0,510.6752,217.0,75.0,1790.9362,217.0,75.0,1790.9362,235.0,234.0,5613.6133
149.0,21.0,471.27805,149.0,21.0,471.27805,149.0,21.0,471.27805,149.0,21.0,471.27805,149.0,21.0,471.27805,149.0,21.0,471.27805,149.0,21.0,471.27805,216.0,75.0,1793.3021,216.0,75.0,1793.3021,234.0,237.0,5678.555
202.0,25.0,572.26086,202.0,25.0,572.26086,202.0,25.0,572.26086,202.0,25.0,572.26086,202.0,25.0,572.26086,202.0,25.0,572.26086,202.0,25.0,572.26086,291.0,96.0,2298.0132,291.0,96.0,2298.0132,316.0,315.0,7590.151
219.0,33.0,759.40924,219.0,33.0,759.40924,219.0,33.0,759.40924,219.0,33.0,759.40924,219.0,33.0,759.40924,219.0,33.0,759.40924,219.0,33.0,759.40924,318.0,104.0,2462.0361,318.0,104.0,2462.0361,342.0,344.0,8248.318
222.0,33.0,772.60767,222.0,33.0,772.60767,222.0,33.0,772.60767,222.0,33.0,772.60767,222.0,33.0,772.60767,222.0,33.0,772.60767,222.0,33.0,772.60767,313.0,102.0,2441.368,313.0,102.0,2441.368,338.0,331.0,7983.7803
203.0,31.0,721.9222,203.0,31.0,721.9222,203.0,31.0,721.9222,203.0,31.0,721.9222,203.0,31.0,721.9222,203.0,31.0,721.9222,203.0,31.0,721.9222,283.0,87.0,2089.083,283.0,87.0,2089.083,307.0,301.0,7263.4634
191.0,26.0,604.76825,191.0,26.0,604.76825,191.0,26.0,604.76825,191.0,26.0,604.76825,191.0,26.0,604.76825,191.0,26.0,604.76825,191.0,26.0,604.76825,268.0,77.0,1854.8102,268.0,77.0,1854.8102,291.0,286.0,6900.2734
191.0,29.0,651.7223,191.0,29.0,651.7223,191.0,29.0,651.7223,191.0,29.0,651.7223,191.0,29.0,651.7223,191.0,29.0,651.7223,191.0,29.0,651.7223,271.0,82.0,1944.2723,271.0,82.0,1944.2723,292.0,287.0,6918.755
200.0,30.0,659.68915,200.0,30.0,659.68915,200.0,30.0,659.68915,200.0,30.0,659.68915,200.0,30.0,659.68915,200.0,30.0,659.68915,200.0,30.0,659.68915,278.0,80.0,1871.8076,278.0,80.0,1871.8076,300.0,295.0,7107.198
145.0,26.0,572.19025,145.0,26.0,572.19025,145.0,26.0,572.19025,145.0,26.0,572.19025,145.0,26.0,572.19025,145.0,26.0,572.19025,145.0,26.0,572.19025,195.0,47.0,1076.2161,195.0,47.0,1076.2161,212.0,212.0,5109.73
131.0,22.0,473.5312,131.0,22.0,473.5312,131.0,22.0,473.5312,131.0,22.0,473.5312,131.0,22.0,473.5312,131.0,22.0,473.5312,131.0,22.0,473.5312,176.0,51.0,1153.6893,176.0,51.0,1153.6893,190.0,179.0,4307.608
107.0,17.0,359.79736,107.0,17.0,359.79736,107.0,17.0,359.79736,107.0,17.0,359.79736,107.0,17.0,359.79736,107.0,17.0,359.79736,107.0,17.0,359.79736,156.0,43.0,946.1216,156.0,43.0,946.1216,168.0,168.0,4010.485
117.0,19.0,408.8679,117.0,19.0,408.8679,117.0,19.0,408.8679,117.0,19.0,408.8679,117.0,19.0,408.8679,117.0,19.0,408.8679,117.0,19.0,408.8679,161.0,46.0,1025.2319,161.0,46.0,1025.2319,174.0,167.0,3984.7117
117.0,23.0,508.4962,117.0,23.0,508.4962,117.0,23.0,508.4962,117.0,23.0,508.4962,117.0,23.0,508.4962,117.0,23.0,508.4962,117.0,23.0,508.4962,162.0,54.0,1209.9695,162.0,54.0,1209.9695,171.0,159.0,3797.1409
105.0,18.0,403.3233,105.0,18.0,403.3233,105.0,18.0,403.3233,105.0,18.0,403.3233,105.0,18.0,403.3233,105.0,18.0,403.3233,105.0,18.0,403.3233,151.0,49.0,1099.4578,151.0,49.0,1099.4578,159.0,151.0,3626.631
96.0,16.0,371.55777,96.0,16.0,371.55777,96.0,16.0,371.55777,96.0,16.0,371.55777,96.0,16.0,371.55777,96.0,16.0,371.55777,96.0,16.0,371.55777,145.0,49.0,1125.1931,145.0,49.0,1125.1931,152.0,147.0,3527.2888
91.0,16.0,371.91586,91.0,16.0,371.91586,91.0,16.0,371.91586,91.0,16.0,371.91586,91.0,16.0,371.91586,91.0,16.0,371.91586,91.0,16.0,371.91586,132.0,46.0,1056.4481,132.0,46.0,1056.4481,139.0,131.0,3121.4612
81.0,14.0,331.706,81.0,14.0,331.706,81.0,14.0,331.706,81.0,14.0,331.706,81.0,14.0,331.706,81.0,14.0,331.706,81.0,14.0,331.706,116.0,39.0,910.4894,116.0,39.0,910.4894,124.0,116.0,2758.357
91.0,16.0,373.04718,91.0,16.0,373.04718,91.0,16.0,373.04718,91.0,16.0,373.04718,91.0,16.0,373.04718,91.0,16.0,373.04718,91.0,16.0,373.04718,122.0,37.0,878.1418,122.0,37.0,878.1418,131.0,121.0,2904.9912
88.0,15.0,357.79395,88.0,15.0,357.79395,88.0,15.0,357.79395,88.0,15.0,357.79395,88.0,15.0,357.79395,88.0,15.0,357.79395,88.0,15.0,357.79395,117.0,33.0,787.88446,117.0,33.0,787.88446,126.0,117.0,2818.2217
82.0,9.0,205.58113,82.0,9.0,205.58113,82.0,9.0,205.58113,82.0,9.0,205.58113,82.0,9.0,205.58113,82.0,9.0,205.58113,82.0,9.0,205.58113,131.0,31.0,740.2179,131.0,31.0,740.2179,144.0,155.0,3605.445
90.0,9.0,202.65294,90.0,9.0,202.65294,90.0,9.0,202.65294,90.0,9.0,202.65294,90.0,9.0,202.65294,90.0,9.0,202.65294,90.0,9.0,202.65294,133.0,29.0,681.76764,133.0,29.0,681.76764,145.0,154.0,3566.4043
94.0,11.0,243.37454,94.0,11.0,243.37454,94.0,11.0,243.37454,94.0,11.0,243.37454,94.0,11.0,243.37454,94.0,11.0,243.37454,94.0,11.0,243.37454,135.0,35.0,821.17944,135.0,35.0,821.17944,147.0,152.0,3500.8652
106.0,12.0,272.47723,106.0,12.0,272.47723,106.0,12.0,272.47723,106.0,12.0,272.47723,106.0,12.0,272.47723,106.0,12.0,272.47723,106.0,12.0,272.47723,152.0,39.0,918.71277,152.0,39.0,918.71277,160.0,163.0,3757.3547
102.0,8.0,185.79945,102.0,8.0,185.79945,102.0,8.0,185.79945,102.0,8.0,185.79945,102.0,8.0,185.79945,102.0,8.0,185.79945,102.0,8.0,185.79945,161.0,43.0,1025.0463,161.0,43.0,1025.0463,169.0,181.0,4232.0156
95.0,7.0,165.07619,95.0,7.0,165.07619,95.0,7.0,165.07619,95.0,7.0,165.07619,95.0,7.0,165.07619,95.0,7.0,165.07619,95.0,7.0,165.07619,149.0,40.0,952.27985,149.0,40.0,952.27985,157.0,167.0,3887.8406
90.0,7.0,157.5777,90.0,7.0,157.5777,90.0,7.0,157.5777,90.0,7.0,157.5777,90.0,7.0,157.5777,90.0,7.0,157.5777,90.0,7.0,157.5777,137.0,31.0,734.0273,137.0,31.0,734.0273,147.0,158.0,3637.2231
68.0,5.0,112.21915,68.0,5.0,112.21915,68.0,5.0,112.21915,68.0,5.0,112.21915,68.0,5.0,112.21915,68.0,5.0,112.21915,68.0,5.0,112.21915,101.0,25.0,599.7801,101.0,25.0,599.7801,107.0,111.0,2630.1904
59.0,5.0,112.21915,59.0,5.0,112.21915,59.0,5.0,112.21915,59.0,5.0,112.21915,59.0,5.0,112.21915,59.0,5.0,112.21915,59.0,5.0,112.21915,87.0,23.0,547.12445,87.0,23.0,547.12445,93.0,94.0,2216.4275
63.0,8.0,185.65439,63.0,8.0,185.65439,63.0,8.0,185.65439,63.0,8.0,185.65439,63.0,8.0,185.65439,63.0,8.0,185.65439,63.0,8.0,185.65439,85.0,23.0,538.4425,85.0,23.0,538.4425,90.0,86.0,2003.849
54.0,5.0,109.64726,54.0,5.0,109.64726,54.0,5.0,109.64726,54.0,5.0,109.64726,54.0,5.0,109.64726,54.0,5.0,109.64726,54.0,5.0,109.64726,73.0,19.0,438.3228,73.0,19.0,438.3228,78.0,75.0,1731.5487
47.0,4.0,88.66883,47.0,4.0,88.66883,47.0,4.0,88.66883,47.0,4.0,88.66883,47.0,4.0,88.66883,47.0,4.0,88.66883,47.0,4.0,88.66883,59.0,15.0,345.87546,59.0,15.0,345.87546,63.0,57.0,1301.1809
54.0,4.0,99.08688,54.0,4.0,99.08688,54.0,4.0,99.08688,54.0,4.0,99.08688,54.0,4.0,99.08688,54.0,4.0,99.08688,54.0,4.0,99.08688,77.0,19.0,443.57605,77.0,19.0,443.57605,82.0,82.0,1943.775
60.0,4.0,102.78015,60.0,4.0,102.78015,60.0,4.0,102.78015,60.0,4.0,102.78015,60.0,4.0,102.78015,60.0,4.0,102.78015,60.0,4.0,102.78015,91.0,19.0,458.44858,91.0,19.0,458.44858,97.0,105.0,2530.5283
64.0,4.0,102.78015,64.0,4.0,102.78015,64.0,4.0,102.78015,64.0,4.0,102.78015,64.0,4.0,102.78015,64.0,4.0,102.78015,64.0,4.0,102.78015,102.0,21.0,507.468,102.0,21.0,507.468,109.0,121.0,2920.6897
74.0,6.0,146.79478,74.0,6.0,146.79478,74.0,6.0,146.79478,74.0,6.0,146.79478,74.0,6.0,146.79478,74.0,6.0,146.79478,74.0,6.0,146.79478,119.0,25.0,614.7752,119.0,25.0,614.7752,127.0,141.0,3407.675
85.0,8.0,200.60959,85.0,8.0,200.60959,85.0,8.0,200.60959,85.0,8.0,200.60959,85.0,8.0,200.60959,85.0,8.0,200.60959,85.0,8.0,200.60959,133.0,27.0,662.77344,133.0,27.0,662.77344,141.0,156.0,3762.2458
87.0,8.0,200.60959,87.0,8.0,200.60959,87.0,8.0,200.60959,87.0,8.0,200.60959,87.0,8.0,200.60959,87.0,8.0,200.60959,87.0,8.0,200.60959,139.0,30.0,730.4603,139.0,30.0,730.4603,148.0,164.0,3946.9253
96.0,11.0,264.53433,96.0,11.0,264.53433,96.0,11.0,264.53433,96.0,11.0,264.53433,96.0,11.0,264.53433,96.0,11.0,264.53433,96.0,11.0,264.53433,150.0,36.0,867.9123,150.0,36.0,867.9123,158.0,170.0,4093.2742
90.0,10.0,237.20059,90.0,10.0,237.20059,90.0,10.0,237.20059,90.0,10.0,237.20059,90.0,10.0,237.20059,90.0,10.0,237.20059,90.0,10.0,237.20059,142.0,38.0,913.6042,142.0,38.0,913.6042,149.0,158.0,3777.7878
80.0,7.0,161.98132,80.0,7.0,161.98132,80.0,7.0,161.98132,80.0,7.0,161.98132,80.0,7.0,161.98132,80.0,7.0,161.98132,80.0,7.0,161.98132,124.0,34.0,827.242,124.0,34.0,827.242,131.0,138.0,3308.2773
82.0,7.0,161.98132,82.0,7.0,161.98132,82.0,7.0,161.98132,82.0,7.0,161.98132,82.0,7.0,161.98132,82.0,7.0,161.98132,82.0,7.0,161.98132,131.0,39.0,940.6102,131.0,39.0,940.6102,139.0,147.0,3513.559
74.0,5.0,131.06538,74.0,5.0,131.06538,74.0,5.0,131.06538,74.0,5.0,131.06538,74.0,5.0,131.06538,74.0,5.0,131.06538,74.0,5.0,131.06538,117.0,33.0,802.7539,117.0,33.0,802.7539,128.0,137.0,3222.935
68.0,4.0,103.02889,68.0,4.0,103.02889,68.0,4.0,103.02889,68.0,4.0,103.02889,68.0,4.0,103.02889,68.0,4.0,103.02889,68.0,4.0,103.02889,107.0,31.0,751.4814,107.0,31.0,751.4814,117.0,123.0,2914.1409
71.0,6.0,155.07193,71.0,6.0,155.07193,71.0,6.0,155.07193,71.0,6.0,155.07193,71.0,6.0,155.07193,71.0,6.0,155.07193,71.0,6.0,155.07193,110.0,31.0,751.87744,110.0,31.0,751.87744,120.0,126.0,2986.6736
60.0,4.0,102.91099,60.0,4.0,102.91099,60.0,4.0,102.91099,60.0,4.0,102.91099,60.0,4.0,102.91099,60.0,4.0,102.91099,60.0,4.0,102.91099,97.0,28.0,689.4837,97.0,28.0,689.4837,105.0,112.0,2646.5957
66.0,7.0,181.96565,66.0,7.0,181.96565,66.0,7.0,181.96565,66.0,7.0,181.96565,66.0,7.0,181.96565,66.0,7.0,181.96565,66.0,7.0,181.96565,98.0,23.0,562.0612,98.0,23.0,562.0612,109.0,116.0,2757.2515
68.0,9.0,215.25795,68.0,9.0,215.25795,68.0,9.0,215.25795,68.0,9.0,215.25795,68.0,9.0,215.25795,68.0,9.0,215.25795,68.0,9.0,215.25795,101.0,26.0,617.5519,101.0,26.0,617.5519,110.0,114.0,2683.956
71.0,13.0,311.16196,71.0,13.0,311.16196,71.0,13.0,311.16196,71.0,13.0,311.16196,71.0,13.0,311.16196,71.0,13.0,311.16196,71.0,13.0,311.16196,94.0,24.0,564.17523,94.0,24.0,564.17523,103.0,99.0,2322.1965
61.0,10.0,233.40073,61.0,10.0,233.40073,61.0,10.0,233.40073,61.0,10.0,233.40073,61.0,10.0,233.40073,61.0,10.0,233.40073,61.0,10.0,233.40073,81.0,20.0,464.8186,81.0,20.0,464.8186,88.0,84.0,2017.2308
70.0,12.0,286.03363,70.0,12.0,286.03363,70.0,12.0,286.03363,70.0,12.0,286.03363,70.0,12.0,286.03363,70.0,12.0,286.03363,70.0,12.0,286.03363,93.0,25.0,585.73016,93.0,25.0,585.73016,99.0,93.0,2229.4592
73.0,12.0,282.4228,73.0,12.0,282.4228,73.0,12.0,282.4228,73.0,12.0,282.4228,73.0,12.0,282.4228,73.0,12.0,282.4228,73.0,12.0,282.4228,89.0,25.0,589.6279,89.0,25.0,589.6279,93.0,82.0,1965.0272
66.0,10.0,239.16167,66.0,10.0,239.16167,66.0,10.0,239.16167,66.0,10.0,239.16167,66.0,10.0,239.16167,66.0,10.0,239.16167,66.0,10.0,239.16167,86.0,25.0,581.1222,86.0,25.0,581.1222,91.0,85.0,2054.988
69.0,10.0,231.9172,69.0,10.0,231.9172,69.0,10.0,231.9172,69.0,10.0,231.9172,69.0,10.0,231.9172,69.0,10.0,231.9172,69.0,10.0,231.9172,91.0,26.0,640.1458,91.0,26.0,640.1458,96.0,90.0,2166.7783
74.0,10.0,232.56479,74.0,10.0,232.56479,74.0,10.0,232.56479,74.0,10.0,232.56479,74.0,10.0,232.56479,74.0,10.0,232.56479,74.0,10.0,232.56479,94.0,22.0,533.7038,94.0,22.0,533.7038,101.0,97.0,2327.141
79.0,8.0,185.24745,79.0,8.0,185.24745,79.0,8.0,185.24745,79.0,8.0,185.24745,79.0,8.0,185.24745,79.0,8.0,185.24745,79.0,8.0,185.24745,99.0,21.0,503.1464,99.0,21.0,503.1464,106.0,103.0,2461.3416
85.0,8.0,185.24745,85.0,8.0,185.24745,85.0,8.0,185.24745,85.0,8.0,185.24745,85.0,8.0,185.24745,85.0,8.0,185.24745,85.0,8.0,185.24745,109.0,22.0,523.0667,109.0,22.0,523.0667,117.0,117.0,2789.474
83.0,10.0,216.23553,83.0,10.0,216.23553,83.0,10.0,216.23553,83.0,10.0,216.23553,83.0,10.0,216.23553,83.0,10.0,216.23553,83.0,10.0,216.23553,112.0,25.0,569.1438,112.0,25.0,569.1438,119.0,120.0,2875.9712
81.0,9.0,197.69954,81.0,9.0,197.69954,81.0,9.0,197.69954,81.0,9.0,197.69954,81.0,9.0,197.69954,81.0,9.0,197.69954,81.0,9.0,197.69954,113.0,28.0,640.1076,113.0,28.0,640.1076,120.0,121.0,2891.0273
90.0,14.0,304.35654,90.0,14.0,304.35654,90.0,14.0,304.35654,90.0,14.0,304.35654,90.0,14.0,304.35654,90.0,14.0,304.35654,90.0,14.0,304.35654,124.0,34.0,809.7949,124.0,34.0,809.7949,130.0,127.0,3025.1323
79.0,12.0,259.43964,79.0,12.0,259.43964,79.0,12.0,259.43964,79.0,12.0,259.43964,79.0,12.0,259.43964,79.0,12.0,259.43964,79.0,12.0,259.43964,115.0,33.0,775.02686,115.0,33.0,775.02686,121.0,122.0,2867.1245
76.0,10.0,216.2895,76.0,10.0,216.2895,76.0,10.0,216.2895,76.0,10.0,216.2895,76.0,10.0,216.2895,76.0,10.0,216.2895,76.0,10.0,216.2895,117.0,32.0,751.8761,117.0,32.0,751.8761,124.0,130.0,3062.5874
75.0,7.0,153.37305,75.0,7.0,153.37305,75.0,7.0,153.37305,75.0,7.0,153.37305,75.0,7.0,153.37305,75.0,7.0,153.37305,75.0,7.0,153.37305,113.0,30.0,710.131,113.0,30.0,710.131,120.0,125.0,2954.157
83.0,10.0,229.48491,83.0,10.0,229.48491,83.0,10.0,229.48491,83.0,10.0,229.48491,83.0,10.0,229.48491,83.0,10.0,229.48491,83.0,10.0,229.48491,118.0,35.0,835.69574,118.0,35.0,835.69574,123.0,121.0,2857.4165
74.0,8.0,195.49477,74.0,8.0,195.49477,74.0,8.0,195.49477,74.0,8.0,195.49477,74.0,8.0,195.49477,74.0,8.0,195.49477,74.0,8.0,195.49477,107.0,32.0,773.07306,107.0,32.0,773.07306,112.0,111.0,2627.1584
68.0,7.0,176.73558,68.0,7.0,176.73558,68.0,7.0,176.73558,68.0,7.0,176.73558,68.0,7.0,176.73558,68.0,7.0,176.73558,68.0,7.0,176.73558,101.0,30.0,715.4237,101.0,30.0,715.4237,105.0,105.0,2493.6797
64.0,9.0,222.68639,64.0,9.0,222.68639,64.0,9.0,222.68639,64.0,9.0,222.68639,64.0,9.0,222.68639,64.0,9.0,222.68639,64.0,9.0,222.68639,93.0,27.0,633.2321,93.0,27.0,633.2321,99.0,97.0,2292.7603
60.0,9.0,223.53369,60.0,9.0,223.53369,60.0,9.0,223.53369,60.0,9.0,223.53369,60.0,9.0,223.53369,60.0,9.0,223.53369,60.0,9.0,223.53369,85.0,25.0,597.7185,85.0,25.0,597.7185,91.0,87.0,2098.5366
59.0,10.0,247.48473,59.0,10.0,247.48473,59.0,10.0,247.48473,59.0,10.0,247.48473,59.0,10.0,247.48473,59.0,10.0,247.48473,59.0,10.0,247.48473,77.0,21.0,502.20605,77.0,21.0,502.20605,82.0,76.0,1818.7083
49.0,9.0,224.10487,49.0,9.0,224.10487,49.0,9.0,224.10487,49.0,9.0,224.10487,49.0,9.0,224.10487,49.0,9.0,224.10487,49.0,9.0,224.10487,70.0,20.0,478.51297,70.0,20.0,478.51297,75.0,73.0,1748.096
46.0,8.0,201.38124,46.0,8.0,201.38124,46.0,8.0,201.38124,46.0,8.0,201.38124,46.0,8.0,201.38124,46.0,8.0,201.38124,46.0,8.0,201.38124,72.0,22.0,531.5482,72.0,22.0,531.5482,78.0,78.0,1877.3198
50.0,8.0,199.90266,50.0,8.0,199.90266,50.0,8.0,199.90266,50.0,8.0,199.90266,50.0,8.0,199.90266,50.0,8.0,199.90266,50.0,8.0,199.90266,71.0,19.0,465.8563,71.0,19.0,465.8563,77.0,75.0,1819.6307
52.0,8.0,198.92542,52.0,8.0,198.92542,52.0,8.0,198.92542,52.0,8.0,198.92542,52.0,8.0,198.92542,52.0,8.0,198.92542,52.0,8.0,198.92542,74.0,19.0,470.73032,74.0,19.0,470.73032,80.0,79.0,1936.4064
57.0,6.0,144.22966,57.0,6.0,144.22966,57.0,6.0,144.22966,57.0,6.0,144.22966,57.0,6.0,144.22966,57.0,6.0,144.22966,57.0,6.0,144.22966,75.0,22.0,537.6275,75.0,22.0,537.6275,78.0,71.0,1709.3855
59.0,6.0,146.6856,59.0,6.0,146.6856,59.0,6.0,146.6856,59.0,6.0,146.6856,59.0,6.0,146.6856,59.0,6.0,146.6856,59.0,6.0,146.6856,81.0,23.0,558.7092,81.0,23.0,558.7092,85.0,80.0,1919.8921
63.0,6.0,152.23497,63.0,6.0,152.23497,63.0,6.0,152.23497,63.0,6.0,152.23497,63.0,6.0,152.23497,63.0,6.0,152.23497,63.0,6.0,152.23497,89.0,26.0,641.1194,89.0,26.0,641.1194,94.0,90.0,2182.069
61.0,7.0,176.37862,61.0,7.0,176.37862,61.0,7.0,176.37862,61.0,7.0,176.37862,61.0,7.0,176.37862,61.0,7.0,176.37862,61.0,7.0,176.37862,94.0,30.0,735.75995,94.0,30.0,735.75995,99.0,98.0,2367.322
57.0,6.0,149.58527,57.0,6.0,149.58527,57.0,6.0,149.58527,57.0,6.0,149.58527,57.0,6.0,149.58527,57.0,6.0,149.58527,57.0,6.0,149.58527,90.0,27.0,662.088,90.0,27.0,662.088,95.0,97.0,2318.5718
77.0,6.0,149.31615,77.0,6.0,149.31615,77.0,6.0,149.31615,77.0,6.0,149.31615,77.0,6.0,149.31615,77.0,6.0,149.31615,77.0,6.0,149.31615,135.0,40.0,985.8189,135.0,40.0,985.8189,142.0,154.0,3699.3684
77.0,6.0,151.40685,77.0,6.0,151.40685,77.0,6.0,151.40685,77.0,6.0,151.40685,77.0,6.0,151.40685,77.0,6.0,151.40685,77.0,6.0,151.40685,138.0,40.0,996.8755,138.0,40.0,996.8755,146.0,161.0,3886.0786
75.0,6.0,141.85345,75.0,6.0,141.85345,75.0,6.0,141.85345,75.0,6.0,141.85345,75.0,6.0,141.85345,75.0,6.0,141.85345,75.0,6.0,141.85345,138.0,41.0,1003.83875,138.0,41.0,1003.83875,147.0,163.0,3932.7876
75.0,7.0,172.22493,75.0,7.0,172.22493,75.0,7.0,172.22493,75.0,7.0,172.22493,75.0,7.0,172.22493,75.0,7.0,172.22493,75.0,7.0,172.22493,134.0,37.0,916.5809,134.0,37.0,916.5809,145.0,162.0,3943.6936
79.0,8.0,191.67545,79.0,8.0,191.67545,79.0,8.0,191.67545,79.0,8.0,191.67545,79.0,8.0,191.67545,79.0,8.0,191.67545,79.0,8.0,191.67545,134.0,36.0,893.5652,134.0,36.0,893.5652,144.0,158.0,3840.2825
82.0,9.0,212.87317,82.0,9.0,212.87317,82.0,9.0,212.87317,82.0,9.0,212.87317,82.0,9.0,212.87317,82.0,9.0,212.87317,82.0,9.0,212.87317,133.0,37.0,899.30145,133.0,37.0,899.30145,143.0,152.0,3695.043
82.0,7.0,170.74835,82.0,7.0,170.74835,82.0,7.0,170.74835,82.0,7.0,170.74835,82.0,7.0,170.74835,82.0,7.0,170.74835,82.0,7.0,170.74835,128.0,35.0,854.278,128.0,35.0,854.278,138.0,144.0,3501.0784
64.0,9.0,226.40854,64.0,9.0,226.40854,64.0,9.0,226.40854,64.0,9.0,226.40854,64.0,9.0,226.40854,64.0,9.0,226.40854,64.0,9.0,226.40854,99.0,31.0,760.2401,99.0,31.0,760.2401,106.0,107.0,2613.163
65.0,10.0,251.36266,65.0,10.0,251.36266,65.0,10.0,251.36266,65.0,10.0,251.36266,65.0,10.0,251.36266,65.0,10.0,251.36266,65.0,10.0,251.36266,97.0,27.0,670.75757,97.0,27.0,670.75757,106.0,107.0,2607.9321
63.0,8.0,213.25491,63.0,8.0,213.25491,63.0,8.0,213.25491,63.0,8.0,213.25491,63.0,8.0,213.25491,63.0,8.0,213.25491,63.0,8.0,213.25491,94.0,26.0,664.5576,94.0,26.0,664.5576,103.0,104.0,2580.4895
67.0,8.0,201.17223,67.0,8.0,201.17223,67.0,8.0,201.17223,67.0,8.0,201.17223,67.0,8.0,201.17223,67.0,8.0,201.17223,67.0,8.0,201.17223,98.0,30.0,749.402,98.0,30.0,749.402,106.0,102.0,2506.0203
68.0,7.0,174.55229,68.0,7.0,174.55229,68.0,7.0,174.55229,68.0,7.0,174.55229,68.0,7.0,174.55229,68.0,7.0,174.55229,68.0,7.0,174.55229,101.0,33.0,814.3663,101.0,33.0,814.3663,109.0,105.0,2566.2844
61.0,7.0,174.782,61.0,7.0,174.782,61.0,7.0,174.782,61.0,7.0,174.782,61.0,7.0,174.782,61.0,7.0,174.782,61.0,7.0,174.782,100.0,36.0,865.5702,100.0,36.0,865.5702,107.0,106.0,2565.2847
63.0,6.0,148.06859,63.0,6.0,148.06859,63.0,6.0,148.06859,63.0,6.0,148.06859,63.0,6.0,148.06859,63.0,6.0,148.06859,63.0,6.0,148.06859,101.0,37.0,864.7009,101.0,37.0,864.7009,108.0,105.0,2510.1611
57.0,4.0,95.71438,57.0,4.0,95.71438,57.0,4.0,95.71438,57.0,4.0,95.71438,57.0,4.0,95.71438,57.0,4.0,95.71438,57.0,4.0,95.71438,92.0,34.0,777.3107,92.0,34.0,777.3107,98.0,96.0,2267.6042
50.0,4.0,95.71438,50.0,4.0,95.71438,50.0,4.0,95.71438,50.0,4.0,95.71438,50.0,4.0,95.71438,50.0,4.0,95.71438,50.0,4.0,95.71438,82.0,31.0,699.7801,82.0,31.0,699.7801,87.0,85.0,1997.5005
52.0,6.0,140.5621,52.0,6.0,140.5621,52.0,6.0,140.5621,52.0,6.0,140.5621,52.0,6.0,140.5621,52.0,6.0,140.5621,52.0,6.0,140.5621,86.0,29.0,654.2358,86.0,29.0,654.2358,92.0,95.0,2179.852
53.0,3.0,73.108154,53.0,3.0,73.108154,53.0,3.0,73.108154,53.0,3.0,73.108154,53.0,3.0,73.108154,53.0,3.0,73.108154,53.0,3.0,73.108154,89.0,24.0,544.31903,89.0,24.0,544.31903,96.0,104.0,2390.4404
64.0,8.0,169.96565,64.0,8.0,169.96565,64.0,8.0,169.96565,64.0,8.0,169.96565,64.0,8.0,169.96565,64.0,8.0,169.96565,64.0,8.0,169.96565,96.0,26.0,595.7534,96.0,26.0,595.7534,102.0,105.0,2431.488
58.0,6.0,144.28545,58.0,6.0,144.28545,58.0,6.0,144.28545,58.0,6.0,144.28545,58.0,6.0,144.28545,58.0,6.0,144.28545,58.0,6.0,144.28545,90.0,22.0,524.53656,90.0,22.0,524.53656,96.0,103.0,2414.7446
66.0,8.0,183.62415,66.0,8.0,183.62415,66.0,8.0,183.62415,66.0,8.0,183.62415,66.0,8.0,183.62415,66.0,8.0,183.62415,66.0,8.0,183.62415,99.0,26.0,593.5601,99.0,26.0,593.5601,105.0,109.0,2558.734
71.0,10.0,236.41681,71.0,10.0,236.41681,71.0,10.0,236.41681,71.0,10.0,236.41681,71.0,10.0,236.41681,71.0,10.0,236.41681,71.0,10.0,236.41681,105.0,26.0,604.81,105.0,26.0,604.81,114.0,118.0,2777.7136
76.0,9.0,213.19621,76.0,9.0,213.19621,76.0,9.0,213.19621,76.0,9.0,213.19621,76.0,9.0,213.19621,76.0,9.0,213.19621,76.0,9.0,213.19621,108.0,29.0,668.1203,108.0,29.0,668.1203,116.0,115.0,2694.9517
55.0,13.0,319.3568,55.0,13.0,319.3568,55.0,13.0,319.3568,55.0,13.0,319.3568,55.0,13.0,319.3568,55.0,13.0,319.3568,55.0,13.0,319.3568,97.0,25.0,612.1369,97.0,25.0,612.1369,106.0,119.0,2822.5562
51.0,13.0,317.31512,51.0,13.0,317.31512,51.0,13.0,317.31512,51.0,13.0,317.31512,51.0,13.0,317.31512,51.0,13.0,317.31512,51.0,13.0,317.31512,95.0,26.0,634.9185,95.0,26.0,634.9185,103.0,117.0,2791.4343
58.0,13.0,316.57675,58.0,13.0,316.57675,58.0,13.0,316.57675,58.0,13.0,316.57675,58.0,13.0,316.57675,58.0,13.0,316.57675,58.0,13.0,316.57675,100.0,24.0,582.65845,100.0,24.0,582.65845,111.0,124.0,2956.02
56.0,13.0,305.75696,56.0,13.0,305.75696,56.0,13.0,305.75696,56.0,13.0,305.75696,56.0,13.0,305.75696,56.0,13.0,305.75696,56.0,13.0,305.75696,110.0,25.0,595.39545,110.0,25.0,595.39545,121.0,145.0,3362.7114
66.0,13.0,317.31705,66.0,13.0,317.31705,66.0,13.0,317.31705,66.0,13.0,317.31705,66.0,13.0,317.31705,66.0,13.0,317.31705,66.0,13.0,317.31705,125.0,29.0,699.8511,125.0,29.0,699.8511,134.0,160.0,3722.1316
75.0,13.0,316.5459,75.0,13.0,316.5459,75.0,13.0,316.5459,75.0,13.0,316.5459,75.0,13.0,316.5459,75.0,13.0,316.5459,75.0,13.0,316.5459,130.0,30.0,714.42755,130.0,30.0,714.42755,140.0,163.0,3788.223
83.0,14.0,334.96658,83.0,14.0,334.96658,83.0,14.0,334.96658,83.0,14.0,334.96658,83.0,14.0,334.96658,83.0,14.0,334.96658,83.0,14.0,334.96658,140.0,30.0,717.65564,140.0,30.0,717.65564,151.0,176.0,4098.0254
79.0,14.0,333.67438,79.0,14.0,333.67438,79.0,14.0,333.67438,79.0,14.0,333.67438,79.0,14.0,333.67438,79.0,14.0,333.67438,79.0,14.0,333.67438,136.0,32.0,765.97565,136.0,32.0,765.97565,149.0,173.0,4036.6816
80.0,12.0,285.06317,80.0,12.0,285.06317,80.0,12.0,285.06317,80.0,12.0,285.06317,80.0,12.0,285.06317,80.0,12.0,285.06317,80.0,12.0,285.06317,135.0,35.0,834.0931,135.0,35.0,834.0931,147.0,167.0,3895.255
91.0,11.0,263.3383,91.0,11.0,263.3383,91.0,11.0,263.3383,91.0,11.0,263.3383,91.0,11.0,263.3383,91.0,11.0,263.3383,91.0,11.0,263.3383,145.0,37.0,888.7936,145.0,37.0,888.7936,154.0,168.0,3874.3638
94.0,12.0,310.04855,94.0,12.0,310.04855,94.0,12.0,310.04855,94.0,12.0,310.04855,94.0,12.0,310.04855,94.0,12.0,310.04855,94.0,12.0,310.04855,141.0,39.0,952.1042,141.0,39.0,952.1042,150.0,156.0,3684.165
97.0,14.0,336.48953,97.0,14.0,336.48953,97.0,14.0,336.48953,97.0,14.0,336.48953,97.0,14.0,336.48953,97.0,14.0,336.48953,97.0,14.0,336.48953,136.0,37.0,873.2277,136.0,37.0,873.2277,144.0,144.0,3366.6353
100.0,11.0,259.13956,100.0,11.0,259.13956,100.0,11.0,259.13956,100.0,11.0,259.13956,100.0,11.0,259.13956,100.0,11.0,259.13956,100.0,11.0,259.13956,141.0,36.0,859.52606,141.0,36.0,859.52606,149.0,152.0,3570.402
102.0,12.0,281.11026,102.0,12.0,281.11026,102.0,12.0,281.11026,102.0,12.0,281.11026,102.0,12.0,281.11026,102.0,12.0,281.11026,102.0,12.0,281.11026,140.0,32.0,756.43146,140.0,32.0,756.43146,147.0,149.0,3506.2214
90.0,9.0,201.85797,90.0,9.0,201.85797,90.0,9.0,201.85797,90.0,9.0,201.85797,90.0,9.0,201.85797,90.0,9.0,201.85797,90.0,9.0,201.85797,125.0,30.0,698.94806,125.0,30.0,698.94806,131.0,134.0,3151.9001
93.0,11.0,236.0112,93.0,11.0,236.0112,93.0,11.0,236.0112,93.0,11.0,236.0112,93.0,11.0,236.0112,93.0,11.0,236.0112,93.0,11.0,236.0112,129.0,30.0,687.3864,129.0,30.0,687.3864,136.0,139.0,3243.6965
87.0,11.0,214.08514,87.0,11.0,214.08514,87.0,11.0,214.08514,87.0,11.0,214.08514,87.0,11.0,214.08514,87.0,11.0,214.08514,87.0,11.0,214.08514,122.0,28.0,627.77026,122.0,28.0,627.77026,134.0,141.0,3301.3845
82.0,11.0,216.70387,82.0,11.0,216.70387,82.0,11.0,216.70387,82.0,11.0,216.70387,82.0,11.0,216.70387,82.0,11.0,216.70387,82.0,11.0,216.70387,121.0,33.0,741.84845,121.0,33.0,741.84845,131.0,137.0,3218.157
89.0,13.0,286.62625,89.0,13.0,286.62625,89.0,13.0,286.62625,89.0,13.0,286.62625,89.0,13.0,286.62625,89.0,13.0,286.62625,89.0,13.0,286.62625,130.0,38.0,888.3994,130.0,38.0,888.3994,140.0,143.0,3395.6274
91.0,16.0,356.75906,91.0,16.0,356.75906,91.0,16.0,356.75906,91.0,16.0,356.75906,91.0,16.0,356.75906,91.0,16.0,356.75906,91.0,16.0,356.75906,129.0,38.0,881.2011,129.0,38.0,881.2011,138.0,137.0,3219.335
87.0,16.0,343.02313,87.0,16.0,343.02313,87.0,16.0,343.02313,87.0,16.0,343.02313,87.0,16.0,343.02313,87.0,16.0,343.02313,87.0,16.0,343.02313,120.0,39.0,887.4953,120.0,39.0,887.4953,128.0,119.0,2755.9775
89.0,16.0,356.8366,89.0,16.0,356.8366,89.0,16.0,356.8366,89.0,16.0,356.8366,89.0,16.0,356.8366,89.0,16.0,356.8366,89.0,16.0,356.8366,120.0,38.0,850.37646,120.0,38.0,850.37646,128.0,116.0,2681.3047
89.0,19.0,408.34314,89.0,19.0,408.34314,89.0,19.0,408.34314,89.0,19.0,408.34314,89.0,19.0,408.34314,89.0,19.0,408.34314,89.0,19.0,408.34314,116.0,38.0,828.0444,116.0,38.0,828.0444,122.0,106.0,2431.1006
75.0,16.0,363.80392,75.0,16.0,363.80392,75.0,16.0,363.80392,75.0,16.0,363.80392,75.0,16.0,363.80392,75.0,16.0,363.80392,75.0,16.0,363.80392,96.0,29.0,636.6375,96.0,29.0,636.6375,101.0,89.0,1995.8663
75.0,14.0,328.57248,75.0,14.0,328.57248,75.0,14.0,328.57248,75.0,14.0,328.57248,75.0,14.0,328.57248,75.0,14.0,328.57248,75.0,14.0,328.57248,95.0,24.0,524.08136,95.0,24.0,524.08136,101.0,92.0,2076.6763
70.0,14.0,330.06528,70.0,14.0,330.06528,70.0,14.0,330.06528,70.0,14.0,330.06528,70.0,14.0,330.06528,70.0,14.0,330.06528,70.0,14.0,330.06528,89.0,26.0,581.2519,89.0,26.0,581.2519,94.0,83.0,1845.1482
68.0,15.0,359.48163,68.0,15.0,359.48163,68.0,15.0,359.48163,68.0,15.0,359.48163,68.0,15.0,359.48163,68.0,15.0,359.48163,68.0,15.0,359.48163,89.0,28.0,638.33356,89.0,28.0,638.33356,95.0,83.0,1876.0913
75.0,17.0,399.0012,75.0,17.0,399.0012,75.0,17.0,399.0012,75.0,17.0,399.0012,75.0,17.0,399.0012,75.0,17.0,399.0012,75.0,17.0,399.0012,99.0,32.0,726.216,99.0,32.0,726.216,105.0,92.0,2073.285
84.0,15.0,348.1013,84.0,15.0,348.1013,84.0,15.0,348.1013,84.0,15.0,348.1013,84.0,15.0,348.1013,84.0,15.0,348.1013,84.0,15.0,348.1013,120.0,39.0,847.0958,120.0,39.0,847.0958,126.0,119.0,2696.8738
81.0,13.0,312.86237,81.0,13.0,312.86237,81.0,13.0,312.86237,81.0,13.0,312.86237,81.0,13.0,312.86237,81.0,13.0,312.86237,81.0,13.0,312.86237,121.0,38.0,841.2073,121.0,38.0,841.2073,128.0,127.0,2907.3972
80.0,12.0,290.0979,80.0,12.0,290.0979,80.0,12.0,290.0979,80.0,12.0,290.0979,80.0,12.0,290.0979,80.0,12.0,290.0979,80.0,12.0,290.0979,116.0,33.0,777.6184,116.0,33.0,777.6184,124.0,124.0,2898.5269
80.0,14.0,315.97455,80.0,14.0,315.97455,80.0,14.0,315.97455,80.0,14.0,315.97455,80.0,14.0,315.97455,80.0,14.0,315.97455,80.0,14.0,315.97455,112.0,33.0,756.21954,112.0,33.0,756.21954,121.0,117.0,2714.8433
78.0,14.0,308.20084,78.0,14.0,308.20084,78.0,14.0,308.20084,78.0,14.0,308.20084,78.0,14.0,308.20084,78.0,14.0,308.20084,78.0,14.0,308.20084,110.0,34.0,770.54834,110.0,34.0,770.54834,119.0,114.0,2642.8972
68.0,12.0,253.42732,68.0,12.0,253.42732,68.0,12.0,253.42732,68.0,12.0,253.42732,68.0,12.0,253.42732,68.0,12.0,253.42732,68.0,12.0,253.42732,98.0,31.0,696.60187,98.0,31.0,696.60187,106.0,103.0,2366.1792
78.0,12.0,253.56598,78.0,12.0,253.56598,78.0,12.0,253.56598,78.0,12.0,253.56598,78.0,12.0,253.56598,78.0,12.0,253.56598,78.0,12.0,253.56598,112.0,37.0,828.06885,112.0,37.0,828.06885,121.0,116.0,2617.8025
59.0,10.0,214.49477,59.0,10.0,214.49477,59.0,10.0,214.49477,59.0,10.0,214.49477,59.0,10.0,214.49477,59.0,10.0,214.49477,59.0,10.0,214.49477,94.0,34.0,768.6799,94.0,34.0,768.6799,100.0,97.0,2151.4797
65.0,9.0,177.52449,65.0,9.0,177.52449,65.0,9.0,177.52449,65.0,9.0,177.52449,65.0,9.0,177.52449,65.0,9.0,177.52449,65.0,9.0,177.52449,98.0,35.0,747.29877,98.0,35.0,747.29877,104.0,97.0,2128.0608
64.0,8.0,156.39577,64.0,8.0,156.39577,64.0,8.0,156.39577,64.0,8.0,156.39577,64.0,8.0,156.39577,64.0,8.0,156.39577,64.0,8.0,156.39577,102.0,35.0,755.2204,102.0,35.0,755.2204,109.0,106.0,2350.9626
70.0,7.0,151.40184,70.0,7.0,151.40184,70.0,7.0,151.40184,70.0,7.0,151.40184,70.0,7.0,151.40184,70.0,7.0,151.40184,70.0,7.0,151.40184,110.0,37.0,824.8896,110.0,37.0,824.8896,118.0,115.0,2586.479
72.0,7.0,151.95546,72.0,7.0,151.95546,72.0,7.0,151.95546,72.0,7.0,151.95546,72.0,7.0,151.95546,72.0,7.0,151.95546,72.0,7.0,151.95546,108.0,33.0,733.0732,108.0,33.0,733.0732,117.0,113.0,2532.582
70.0,7.0,142.63487,70.0,7.0,142.63487,70.0,7.0,142.63487,70.0,7.0,142.63487,70.0,7.0,142.63487,70.0,7.0,142.63487,70.0,7.0,142.63487,120.0,42.0,940.7487,120.0,42.0,940.7487,128.0,131.0,2959.1113
81.0,12.0,246.40863,81.0,12.0,246.40863,81.0,12.0,246.40863,81.0,12.0,246.40863,81.0,12.0,246.40863,81.0,12.0,246.40863,81.0,12.0,246.40863,124.0,35.0,776.53644,124.0,35.0,776.53644,136.0,138.0,3179.678
74.0,11.0,240.1369,74.0,11.0,240.1369,74.0,11.0,240.1369,74.0,11.0,240.1369,74.0,11.0,240.1369,74.0,11.0,240.1369,74.0,11.0,240.1369,116.0,29.0,659.314,116.0,29.0,659.314,130.0,135.0,3170.9988
82.0,10.0,226.61769,82.0,10.0,226.61769,82.0,10.0,226.61769,82.0,10.0,226.61769,82.0,10.0,226.61769,82.0,10.0,226.61769,82.0,10.0,226.61769,126.0,34.0,809.1993,126.0,34.0,809.1993,141.0,146.0,3465.5437
92.0,13.0,306.69482,92.0,13.0,306.69482,92.0,13.0,306.69482,92.0,13.0,306.69482,92.0,13.0,306.69482,92.0,13.0,306.69482,92.0,13.0,306.69482,132.0,33.0,788.544,132.0,33.0,788.544,148.0,148.0,3408.3743
93.0,15.0,351.9544,93.0,15.0,351.9544,93.0,15.0,351.9544,93.0,15.0,351.9544,93.0,15.0,351.9544,93.0,15.0,351.9544,93.0,15.0,351.9544,153.0,45.0,1073.9418,153.0,45.0,1073.9418,169.0,177.0,4130.823
90.0,13.0,312.22638,90.0,13.0,312.22638,90.0,13.0,312.22638,90.0,13.0,312.22638,90.0,13.0,312.22638,90.0,13.0,312.22638,90.0,13.0,312.22638,150.0,40.0,971.489,150.0,40.0,971.489,167.0,179.0,4220.867
95.0,14.0,339.13364,95.0,14.0,339.13364,95.0,14.0,339.13364,95.0,14.0,339.13364,95.0,14.0,339.13364,95.0,14.0,339.13364,95.0,14.0,339.13364,158.0,48.0,1157.5851,158.0,48.0,1157.5851,174.0,183.0,4337.8335
113.0,17.0,407.95956,113.0,17.0,407.95956,113.0,17.0,407.95956,113.0,17.0,407.95956,113.0,17.0,407.95956,113.0,17.0,407.95956,113.0,17.0,407.95956,189.0,60.0,1403.067,189.0,60.0,1403.067,206.0,217.0,5101.424
128.0,17.0,402.00977,128.0,17.0,402.00977,128.0,17.0,402.00977,128.0,17.0,402.00977,128.0,17.0,402.00977,128.0,17.0,402.00977,128.0,17.0,402.00977,217.0,67.0,1564.2549,217.0,67.0,1564.2549,235.0,258.0,6121.1177
126.0,15.0,344.21204,126.0,15.0,344.21204,126.0,15.0,344.21204,126.0,15.0,344.21204,126.0,15.0,344.21204,126.0,15.0,344.21204,126.0,15.0,344.21204,215.0,60.0,1387.515,215.0,60.0,1387.515,234.0,265.0,6285.18
128.0,18.0,417.66333,128.0,18.0,417.66333,128.0,18.0,417.66333,128.0,18.0,417.66333,128.0,18.0,417.66333,128.0,18.0,417.66333,128.0,18.0,417.66333,221.0,64.0,1475.0321,221.0,64.0,1475.0321,237.0,268.0,6439.721
121.0,15.0,344.64737,121.0,15.0,344.64737,121.0,15.0,344.64737,121.0,15.0,344.64737,121.0,15.0,344.64737,121.0,15.0,344.64737,121.0,15.0,344.64737,196.0,54.0,1244.7416,196.0,54.0,1244.7416,209.0,233.0,5589.283
127.0,17.0,391.7286,127.0,17.0,391.7286,127.0,17.0,391.7286,127.0,17.0,391.7286,127.0,17.0,391.7286,127.0,17.0,391.7286,127.0,17.0,391.7286,202.0,57.0,1308.2147,202.0,57.0,1308.2147,214.0,235.0,5602.334
119.0,17.0,388.15918,119.0,17.0,388.15918,119.0,17.0,388.15918,119.0,17.0,388.15918,119.0,17.0,388.15918,119.0,17.0,388.15918,119.0,17.0,388.15918,192.0,52.0,1192.1323,192.0,52.0,1192.1323,202.0,223.0,5313.1597
103.0,16.0,368.84787,103.0,16.0,368.84787,103.0,16.0,368.84787,103.0,16.0,368.84787,103.0,16.0,368.84787,103.0,16.0,368.84787,103.0,16.0,368.84787,147.0,36.0,838.8079,147.0,36.0,838.8079,155.0,164.0,3953.6519
78.0,12.0,273.86758,78.0,12.0,273.86758,78.0,12.0,273.86758,78.0,12.0,273.86758,78.0,12.0,273.86758,78.0,12.0,273.86758,78.0,12.0,273.86758,112.0,33.0,730.4655,112.0,33.0,730.4655,119.0,120.0,2820.1282
73.0,11.0,249.84076,73.0,11.0,249.84076,73.0,11.0,249.84076,73.0,11.0,249.84076,73.0,11.0,249.84076,73.0,11.0,249.84076,73.0,11.0,249.84076,103.0,35.0,802.5178,103.0,35.0,802.5178,109.0,101.0,2343.7224
81.0,12.0,275.49908,81.0,12.0,275.49908,81.0,12.0,275.49908,81.0,12.0,275.49908,81.0,12.0,275.49908,81.0,12.0,275.49908,81.0,12.0,275.49908,107.0,36.0,827.4299,107.0,36.0,827.4299,113.0,98.0,2322.875
84.0,11.0,253.05997,84.0,11.0,253.05997,84.0,11.0,253.05997,84.0,11.0,253.05997,84.0,11.0,253.05997,84.0,11.0,253.05997,84.0,11.0,253.05997,114.0,42.0,976.5969,114.0,42.0,976.5969,121.0,105.0,2501.1472
82.0,11.0,244.15968,82.0,11.0,244.15968,82.0,11.0,244.15968,82.0,11.0,244.15968,82.0,11.0,244.15968,82.0,11.0,244.15968,82.0,11.0,244.15968,130.0,53.0,1184.05,130.0,53.0,1184.05,138.0,129.0,3017.5723
86.0,11.0,234.9765,86.0,11.0,234.9765,86.0,11.0,234.9765,86.0,11.0,234.9765,86.0,11.0,234.9765,86.0,11.0,234.9765,86.0,11.0,234.9765,144.0,56.0,1260.454,144.0,56.0,1260.454,152.0,148.0,3486.9873
88.0,13.0,284.60498,88.0,13.0,284.60498,88.0,13.0,284.60498,88.0,13.0,284.60498,88.0,13.0,284.60498,88.0,13.0,284.60498,88.0,13.0,284.60498,148.0,60.0,1356.8728,148.0,60.0,1356.8728,156.0,150.0,3537.6858
84.0,14.0,313.91083,84.0,14.0,313.91083,84.0,14.0,313.91083,84.0,14.0,313.91083,84.0,14.0,313.91083,84.0,14.0,313.91083,84.0,14.0,313.91083,150.0,62.0,1442.4888,150.0,62.0,1442.4888,157.0,155.0,3696.6382
95.0,17.0,388.23798,95.0,17.0,388.23798,95.0,17.0,388.23798,95.0,17.0,388.23798,95.0,17.0,388.23798,95.0,17.0,388.23798,95.0,17.0,388.23798,161.0,63.0,1464.9663,161.0,63.0,1464.9663,169.0,165.0,3908.551
98.0,16.0,375.0264,98.0,16.0,375.0264,98.0,16.0,375.0264,98.0,16.0,375.0264,98.0,16.0,375.0264,98.0,16.0,375.0264,98.0,16.0,375.0264,160.0,57.0,1319.0509,160.0,57.0,1319.0509,170.0,166.0,3935.7202
100.0,19.0,450.46524,100.0,19.0,450.46524,100.0,19.0,450.46524,100.0,19.0,450.46524,100.0,19.0,450.46524,100.0,19.0,450.46524,100.0,19.0,450.46524,156.0,54.0,1245.3884,156.0,54.0,1245.3884,165.0,159.0,3748.481
87.0,19.0,451.04404,87.0,19.0,451.04404,87.0,19.0,451.04404,87.0,19.0,451.04404,87.0,19.0,451.04404,87.0,19.0,451.04404,87.0,19.0,451.04404,129.0,43.0,1016.30023,129.0,43.0,1016.30023,138.0,129.0,3058.2434
84.0,16.0,379.453,84.0,16.0,379.453,84.0,16.0,379.453,84.0,16.0,379.453,84.0,16.0,379.453,84.0,16.0,379.453,84.0,16.0,379.453,129.0,48.0,1112.935,129.0,48.0,1112.935,136.0,126.0,2991.5137
89.0,15.0,354.9543,89.0,15.0,354.9543,89.0,15.0,354.9543,89.0,15.0,354.9543,89.0,15.0,354.9543,89.0,15.0,354.9543,89.0,15.0,354.9543,136.0,47.0,1085.9554,136.0,47.0,1085.9554,145.0,139.0,3336.859
85.0,13.0,304.75278,85.0,13.0,304.75278,85.0,13.0,304.75278,85.0,13.0,304.75278,85.0,13.0,304.75278,85.0,13.0,304.75278,85.0,13.0,304.75278,130.0,40.0,930.53766,130.0,40.0,930.53766,142.0,142.0,3416.9324
79.0,11.0,274.0549,79.0,11.0,274.0549,79.0,11.0,274.0549,79.0,11.0,274.0549,79.0,11.0,274.0549,79.0,11.0,274.0549,79.0,11.0,274.0549,124.0,34.0,800.3332,124.0,34.0,800.3332,138.0,141.0,3452.6
83.0,9.0,220.12578,83.0,9.0,220.12578,83.0,9.0,220.12578,83.0,9.0,220.12578,83.0,9.0,220.12578,83.0,9.0,220.12578,83.0,9.0,220.12578,131.0,38.0,892.67426,131.0,38.0,892.67426,144.0,146.0,3548.7297
85.0,10.0,239.89812,85.0,10.0,239.89812,85.0,10.0,239.89812,85.0,10.0,239.89812,85.0,10.0,239.89812,85.0,10.0,239.89812,85.0,10.0,239.89812,140.0,44.0,1042.4858,140.0,44.0,1042.4858,153.0,157.0,3818.2915
89.0,7.0,175.49953,89.0,7.0,175.49953,89.0,7.0,175.49953,89.0,7.0,175.49953,89.0,7.0,175.49953,89.0,7.0,175.49953,89.0,7.0,175.49953,165.0,45.0,1081.1774,165.0,45.0,1081.1774,181.0,205.0,5016.815
92.0,8.0,203.45213,92.0,8.0,203.45213,92.0,8.0,203.45213,92.0,8.0,203.45213,92.0,8.0,203.45213,92.0,8.0,203.45213,92.0,8.0,203.45213,187.0,51.0,1248.8914,187.0,51.0,1248.8914,203.0,240.0,5887.138
119.0,11.0,278.89117,119.0,11.0,278.89117,119.0,11.0,278.89117,119.0,11.0,278.89117,119.0,11.0,278.89117,119.0,11.0,278.89117,119.0,11.0,278.89117,225.0,63.0,1515.4337,225.0,63.0,1515.4337,241.0,279.0,6795.163
151.0,12.0,286.9155,151.0,12.0,286.9155,151.0,12.0,286.9155,151.0,12.0,286.9155,151.0,12.0,286.9155,151.0,12.0,286.9155,151.0,12.0,286.9155,288.0,77.0,1856.6003,288.0,77.0,1856.6003,309.0,363.0,8870.03
166.0,13.0,287.45575,166.0,13.0,287.45575,166.0,13.0,287.45575,166.0,13.0,287.45575,166.0,13.0,287.45575,166.0,13.0,287.45575,166.0,13.0,287.45575,306.0,79.0,1869.9993,306.0,79.0,1869.9993,328.0,384.0,9311.122
191.0,17.0,380.0961,191.0,17.0,380.0961,191.0,17.0,380.0961,191.0,17.0,380.0961,191.0,17.0,380.0961,191.0,17.0,380.0961,191.0,17.0,380.0961,337.0,86.0,2031.6581,337.0,86.0,2031.6581,359.0,414.0,10055.727
206.0,19.0,438.8473,206.0,19.0,438.8473,206.0,19.0,438.8473,206.0,19.0,438.8473,206.0,19.0,438.8473,206.0,19.0,438.8473,206.0,19.0,438.8473,352.0,91.0,2121.555,352.0,91.0,2121.555,376.0,424.0,10278.612
215.0,19.0,440.93698,215.0,19.0,440.93698,215.0,19.0,440.93698,215.0,19.0,440.93698,215.0,19.0,440.93698,215.0,19.0,440.93698,215.0,19.0,440.93698,346.0,93.0,2190.7102,346.0,93.0,2190.7102,365.0,399.0,9648.552
219.0,18.0,414.2173,219.0,18.0,414.2173,219.0,18.0,414.2173,219.0,18.0,414.2173,219.0,18.0,414.2173,219.0,18.0,414.2173,219.0,18.0,414.2173,337.0,92.0,2174.9983,337.0,92.0,2174.9983,352.0,376.0,9024.162
223.0,19.0,446.40308,223.0,19.0,446.40308,223.0,19.0,446.40308,223.0,19.0,446.40308,223.0,19.0,446.40308,223.0,19.0,446.40308,223.0,19.0,446.40308,333.0,84.0,2005.4677,333.0,84.0,2005.4677,348.0,372.0,8933.352
215.0,20.0,492.25198,215.0,20.0,492.25198,215.0,20.0,492.25198,215.0,20.0,492.25198,215.0,20.0,492.25198,215.0,20.0,492.25198,215.0,20.0,492.25198,300.0,74.0,1762.3447,300.0,74.0,1762.3447,312.0,317.0,7524.608
211.0,21.0,494.8976,211.0,21.0,494.8976,211.0,21.0,494.8976,211.0,21.0,494.8976,211.0,21.0,494.8976,211.0,21.0,494.8976,211.0,21.0,494.8976,287.0,67.0,1569.846,287.0,67.0,1569.846,301.0,305.0,7138.6265
207.0,20.0,463.7642,207.0,20.0,463.7642,207.0,20.0,463.7642,207.0,20.0,463.7642,207.0,20.0,463.7642,207.0,20.0,463.7642,207.0,20.0,463.7642,281.0,60.0,1396.038,281.0,60.0,1396.038,293.0,301.0,7002.9834
206.0,22.0,506.90668,206.0,22.0,506.90668,206.0,22.0,506.90668,206.0,22.0,506.90668,206.0,22.0,506.90668,206.0,22.0,506.90668,206.0,22.0,506.90668,283.0,53.0,1262.8907,283.0,53.0,1262.8907,299.0,315.0,7254.6787
201.0,20.0,453.3563,201.0,20.0,453.3563,201.0,20.0,453.3563,201.0,20.0,453.3563,201.0,20.0,453.3563,201.0,20.0,453.3563,201.0,20.0,453.3563,285.0,60.0,1416.6897,285.0,60.0,1416.6897,302.0,318.0,7345.7646
206.0,23.0,517.2603,206.0,23.0,517.2603,206.0,23.0,517.2603,206.0,23.0,517.2603,206.0,23.0,517.2603,206.0,23.0,517.2603,206.0,23.0,517.2603,297.0,69.0,1605.3063,297.0,69.0,1605.3063,313.0,329.0,7619.317
204.0,28.0,631.34076,204.0,28.0,631.34076,204.0,28.0,631.34076,204.0,28.0,631.34076,204.0,28.0,631.34076,204.0,28.0,631.34076,204.0,28.0,631.34076,304.0,73.0,1700.3885,304.0,73.0,1700.3885,323.0,341.0,7865.2607
191.0,26.0,566.5028,191.0,26.0,566.5028,191.0,26.0,566.5028,191.0,26.0,566.5028,191.0,26.0,566.5028,191.0,26.0,566.5028,191.0,26.0,566.5028,298.0,73.0,1697.5293,298.0,73.0,1697.5293,319.0,346.0,8027.5977
208.0,23.0,531.1162,208.0,23.0,531.1162,208.0,23.0,531.1162,208.0,23.0,531.1162,208.0,23.0,531.1162,208.0,23.0,531.1162,208.0,23.0,531.1162,319.0,78.0,1845.2129,319.0,78.0,1845.2129,338.0,364.0,8469.178
208.0,24.0,549.4366,208.0,24.0,549.4366,208.0,24.0,549.4366,208.0,24.0,549.4366,208.0,24.0,549.4366,208.0,24.0,549.4366,208.0,24.0,549.4366,331.0,79.0,1853.4236,331.0,79.0,1853.4236,351.0,385.0,8960.19
203.0,23.0,522.1521,203.0,23.0,522.1521,203.0,23.0,522.1521,203.0,23.0,522.1521,203.0,23.0,522.1521,203.0,23.0,522.1521,203.0,23.0,522.1521,324.0,79.0,1862.4972,324.0,79.0,1862.4972,341.0,378.0,8865.492
198.0,23.0,520.2478,198.0,23.0,520.2478,198.0,23.0,520.2478,198.0,23.0,520.2478,198.0,23.0,520.2478,198.0,23.0,520.2478,198.0,23.0,520.2478,313.0,72.0,1690.8896,313.0,72.0,1690.8896,328.0,365.0,8521.344
193.0,21.0,487.06036,193.0,21.0,487.06036,193.0,21.0,487.06036,193.0,21.0,487.06036,193.0,21.0,487.06036,193.0,21.0,487.06036,193.0,21.0,487.06036,313.0,72.0,1697.1266,313.0,72.0,1697.1266,329.0,372.0,8671.278
186.0,17.0,394.56448,186.0,17.0,394.56448,186.0,17.0,394.56448,186.0,17.0,394.56448,186.0,17.0,394.56448,186.0,17.0,394.56448,186.0,17.0,394.56448,319.0,71.0,1665.8525,319.0,71.0,1665.8525,335.0,394.0,9244.183
185.0,20.0,463.165,185.0,20.0,463.165,185.0,20.0,463.165,185.0,20.0,463.165,185.0,20.0,463.165,185.0,20.0,463.165,185.0,20.0,463.165,333.0,70.0,1638.1884,333.0,70.0,1638.1884,346.0,422.0,9978.346
160.0,18.0,414.83118,160.0,18.0,414.83118,160.0,18.0,414.83118,160.0,18.0,414.83118,160.0,18.0,414.83118,160.0,18.0,414.83118,160.0,18.0,414.83118,301.0,66.0,1550.9512,301.0,66.0,1550.9512,314.0,385.0,9136.156
138.0,14.0,331.73868,138.0,14.0,331.73868,138.0,14.0,331.73868,138.0,14.0,331.73868,138.0,14.0,331.73868,138.0,14.0,331.73868,138.0,14.0,331.73868,262.0,60.0,1416.9083,262.0,60.0,1416.9083,274.0,335.0,7911.681
146.0,20.0,477.32266,146.0,20.0,477.32266,146.0,20.0,477.32266,146.0,20.0,477.32266,146.0,20.0,477.32266,146.0,20.0,477.32266,146.0,20.0,477.32266,265.0,66.0,1570.1664,265.0,66.0,1570.1664,277.0,325.0,7716.71
145.0,22.0,530.7904,145.0,22.0,530.7904,145.0,22.0,530.7904,145.0,22.0,530.7904,145.0,22.0,530.7904,145.0,22.0,530.7904,145.0,22.0,530.7904,255.0,63.0,1505.7332,255.0,63.0,1505.7332,268.0,310.0,7369.65
139.0,23.0,537.35254,139.0,23.0,537.35254,139.0,23.0,537.35254,139.0,23.0,537.35254,139.0,23.0,537.35254,139.0,23.0,537.35254,139.0,23.0,537.35254,244.0,61.0,1450.8337,244.0,61.0,1450.8337,257.0,294.0,7023.9336
135.0,24.0,554.8707,135.0,24.0,554.8707,135.0,24.0,554.8707,135.0,24.0,554.8707,135.0,24.0,554.8707,135.0,24.0,554.8707,135.0,24.0,554.8707,216.0,57.0,1359.755,216.0,57.0,1359.755,228.0,245.0,5799.922
118.0,20.0,460.06107,118.0,20.0,460.06107,118.0,20.0,460.06107,118.0,20.0,460.06107,118.0,20.0,460.06107,118.0,20.0,460.06107,118.0,20.0,460.06107,168.0,49.0,1164.9199,168.0,49.0,1164.9199,178.0,174.0,4046.2087
111.0,18.0,419.88843,111.0,18.0,419.88843,111.0,18.0,419.88843,111.0,18.0,419.88843,111.0,18.0,419.88843,111.0,18.0,419.88843,111.0,18.0,419.88843,165.0,55.0,1306.69,165.0,55.0,1306.69,172.0,168.0,3913.9607
111.0,19.0,430.51773,111.0,19.0,430.51773,111.0,19.0,430.51773,111.0,19.0,430.51773,111.0,19.0,430.51773,111.0,19.0,430.51773,111.0,19.0,430.51773,167.0,51.0,1150.5795,167.0,51.0,1150.5795,175.0,175.0,4016.1155
100.0,14.0,304.75232,100.0,14.0,304.75232,100.0,14.0,304.75232,100.0,14.0,304.75232,100.0,14.0,304.75232,100.0,14.0,304.75232,100.0,14.0,304.75232,158.0,50.0,1115.2886,158.0,50.0,1115.2886,166.0,169.0,3868.4568
107.0,14.0,308.2429,107.0,14.0,308.2429,107.0,14.0,308.2429,107.0,14.0,308.2429,107.0,14.0,308.2429,107.0,14.0,308.2429,107.0,14.0,308.2429,160.0,49.0,1090.1321,160.0,49.0,1090.1321,168.0,166.0,3805.121
108.0,16.0,383.6899,108.0,16.0,383.6899,108.0,16.0,383.6899,108.0,16.0,383.6899,108.0,16.0,383.6899,108.0,16.0,383.6899,108.0,16.0,383.6899,157.0,46.0,1022.79004,157.0,46.0,1022.79004,166.0,162.0,3695.2446
106.0,14.0,324.38947,106.0,14.0,324.38947,106.0,14.0,324.38947,106.0,14.0,324.38947,106.0,14.0,324.38947,106.0,14.0,324.38947,106.0,14.0,324.38947,161.0,44.0,992.8977,161.0,44.0,992.8977,171.0,176.0,4042.553
114.0,17.0,397.81937,114.0,17.0,397.81937,114.0,17.0,397.81937,114.0,17.0,397.81937,114.0,17.0,397.81937,114.0,17.0,397.81937,114.0,17.0,397.81937,169.0,46.0,1037.7828,169.0,46.0,1037.7828,180.0,184.0,4242.028
134.0,21.0,467.24475,134.0,21.0,467.24475,134.0,21.0,467.24475,134.0,21.0,467.24475,134.0,21.0,467.24475,134.0,21.0,467.24475,134.0,21.0,467.24475,191.0,54.0,1247.7693,191.0,54.0,1247.7693,202.0,202.0,4718.0107
165.0,25.0,605.107,165.0,25.0,605.107,165.0,25.0,605.107,165.0,25.0,605.107,165.0,25.0,605.107,165.0,25.0,605.107,165.0,25.0,605.107,224.0,72.0,1708.1167,224.0,72.0,1708.1167,233.0,220.0,5181.09
179.0,28.0,666.5287,179.0,28.0,666.5287,179.0,28.0,666.5287,179.0,28.0,666.5287,179.0,28.0,666.5287,179.0,28.0,666.5287,179.0,28.0,666.5287,237.0,76.0,1792.3687,237.0,76.0,1792.3687,245.0,227.0,5336.462
189.0,33.0,776.6694,189.0,33.0,776.6694,189.0,33.0,776.6694,189.0,33.0,776.6694,189.0,33.0,776.6694,189.0,33.0,776.6694,189.0,33.0,776.6694,251.0,84.0,1959.727,251.0,84.0,1959.727,259.0,237.0,5547.9307
190.0,30.0,704.45844,190.0,30.0,704.45844,190.0,30.0,704.45844,190.0,30.0,704.45844,190.0,30.0,704.45844,190.0,30.0,704.45844,190.0,30.0,704.45844,248.0,79.0,1820.3888,248.0,79.0,1820.3888,257.0,235.0,5491.4844
200.0,31.0,713.11914,200.0,31.0,713.11914,200.0,31.0,713.11914,200.0,31.0,713.11914,200.0,31.0,713.11914,200.0,31.0,713.11914,200.0,31.0,713.11914,292.0,86.0,1966.3833,292.0,86.0,1966.3833,305.0,305.0,7122.8916
227.0,37.0,845.408,227.0,37.0,845.408,227.0,37.0,845.408,227.0,37.0,845.408,227.0,37.0,845.408,227.0,37.0,845.408,227.0,37.0,845.408,329.0,98.0,2278.4854,329.0,98.0,2278.4854,342.0,338.0,7933.604
227.0,38.0,876.1931,227.0,38.0,876.1931,227.0,38.0,876.1931,227.0,38.0,876.1931,227.0,38.0,876.1931,227.0,38.0,876.1931,227.0,38.0,876.1931,338.0,96.0,2219.0825,338.0,96.0,2219.0825,354.0,361.0,8467.553
215.0,40.0,910.84546,215.0,40.0,910.84546,215.0,40.0,910.84546,215.0,40.0,910.84546,215.0,40.0,910.84546,215.0,40.0,910.84546,215.0,40.0,910.84546,319.0,90.0,2076.0854,319.0,90.0,2076.0854,334.0,339.0,7952.383
234.0,38.0,902.41315,234.0,38.0,902.41315,234.0,38.0,902.41315,234.0,38.0,902.41315,234.0,38.0,902.41315,234.0,38.0,902.41315,234.0,38.0,902.41315,355.0,88.0,2055.4683,355.0,88.0,2055.4683,375.0,396.0,9297.933
240.0,38.0,903.034,240.0,38.0,903.034,240.0,38.0,903.034,240.0,38.0,903.034,240.0,38.0,903.034,240.0,38.0,903.034,240.0,38.0,903.034,374.0,89.0,2106.0535,374.0,89.0,2106.0535,397.0,432.0,10141.217
255.0,39.0,918.3879,255.0,39.0,918.3879,255.0,39.0,918.3879,255.0,39.0,918.3879,255.0,39.0,918.3879,255.0,39.0,918.3879,255.0,39.0,918.3879,397.0,94.0,2256.642,397.0,94.0,2256.642,421.0,460.0,10830.486
284.0,43.0,1005.7362,284.0,43.0,1005.7362,284.0,43.0,1005.7362,284.0,43.0,1005.7362,284.0,43.0,1005.7362,284.0,43.0,1005.7362,284.0,43.0,1005.7362,440.0,104.0,2484.581,440.0,104.0,2484.581,473.0,527.0,12439.822
268.0,37.0,847.2452,268.0,37.0,847.2452,268.0,37.0,847.2452,268.0,37.0,847.2452,268.0,37.0,847.2452,268.0,37.0,847.2452,268.0,37.0,847.2452,416.0,92.0,2173.8284,416.0,92.0,2173.8284,449.0,509.0,11977.331
279.0,40.0,927.91284,279.0,40.0,927.91284,279.0,40.0,927.91284,279.0,40.0,927.91284,279.0,40.0,927.91284,279.0,40.0,927.91284,279.0,40.0,927.91284,422.0,100.0,2395.277,422.0,100.0,2395.277,449.0,495.0,11662.285
322.0,37.0,877.253,322.0,37.0,877.253,322.0,37.0,877.253,322.0,37.0,877.253,322.0,37.0,877.253,322.0,37.0,877.253,322.0,37.0,877.253,475.0,109.0,2636.0957,475.0,109.0,2636.0957,504.0,550.0,12948.579
310.0,33.0,789.9677,310.0,33.0,789.9677,310.0,33.0,789.9677,310.0,33.0,789.9677,310.0,33.0,789.9677,310.0,33.0,789.9677,310.0,33.0,789.9677,455.0,101.0,2461.4033,455.0,101.0,2461.4033,479.0,524.0,12331.024
316.0,30.0,704.87146,316.0,30.0,704.87146,316.0,30.0,704.87146,316.0,30.0,704.87146,316.0,30.0,704.87146,316.0,30.0,704.87146,316.0,30.0,704.87146,450.0,88.0,2130.8174,450.0,88.0,2130.8174,477.0,525.0,12309.263
334.0,29.0,668.8067,334.0,29.0,668.8067,334.0,29.0,668.8067,334.0,29.0,668.8067,334.0,29.0,668.8067,334.0,29.0,668.8067,334.0,29.0,668.8067,474.0,90.0,2159.5347,474.0,90.0,2159.5347,505.0,559.0,13096.635
337.0,35.0,828.48346,337.0,35.0,828.48346,337.0,35.0,828.48346,337.0,35.0,828.48346,337.0,35.0,828.48346,337.0,35.0,828.48346,337.0,35.0,828.48346,456.0,107.0,2529.7886,456.0,107.0,2529.7886,475.0,482.0,11248.699
357.0,41.0,968.0981,357.0,41.0,968.0981,357.0,41.0,968.0981,357.0,41.0,968.0981,357.0,41.0,968.0981,357.0,41.0,968.0981,357.0,41.0,968.0981,473.0,117.0,2774.9407,473.0,117.0,2774.9407,491.0,484.0,11295.376
361.0,43.0,1002.11365,361.0,43.0,1002.11365,361.0,43.0,1002.11365,361.0,43.0,1002.11365,361.0,43.0,1002.11365,361.0,43.0,1002.11365,361.0,43.0,1002.11365,471.0,115.0,2704.0857,471.0,115.0,2704.0857,489.0,476.0,11070.983
368.0,50.0,1153.5659,368.0,50.0,1153.5659,368.0,50.0,1153.5659,368.0,50.0,1153.5659,368.0,50.0,1153.5659,368.0,50.0,1153.5659,368.0,50.0,1153.5659,468.0,124.0,2883.7278,468.0,124.0,2883.7278,482.0,452.0,10469.257
350.0,49.0,1120.1687,350.0,49.0,1120.1687,350.0,49.0,1120.1687,350.0,49.0,1120.1687,350.0,49.0,1120.1687,350.0,49.0,1120.1687,350.0,49.0,1120.1687,449.0,124.0,2887.046,449.0,124.0,2887.046,461.0,430.0,9977.567
337.0,50.0,1143.5751,337.0,50.0,1143.5751,337.0,50.0,1143.5751,337.0,50.0,1143.5751,337.0,50.0,1143.5751,337.0,50.0,1143.5751,337.0,50.0,1143.5751,435.0,122.0,2834.6038,435.0,122.0,2834.6038,445.0,413.0,9566.4795
298.0,48.0,1107.3108,298.0,48.0,1107.3108,298.0,48.0,1107.3108,298.0,48.0,1107.3108,298.0,48.0,1107.3108,298.0,48.0,1107.3108,298.0,48.0,1107.3108,393.0,107.0,2485.1182,393.0,107.0,2485.1182,407.0,386.0,8916.786
254.0,38.0,896.2655,254.0,38.0,896.2655,254.0,38.0,896.2655,254.0,38.0,896.2655,254.0,38.0,896.2655,254.0,38.0,896.2655,254.0,38.0,896.2655,336.0,87.0,2019.2241,336.0,87.0,2019.2241,350.0,337.0,7754.644
274.0,44.0,1038.3738,274.0,44.0,1038.3738,274.0,44.0,1038.3738,274.0,44.0,1038.3738,274.0,44.0,1038.3738,274.0,44.0,1038.3738,274.0,44.0,1038.3738,367.0,92.0,2125.126,367.0,92.0,2125.126,384.0,376.0,8683.447
350.0,57.0,1350.1298,350.0,57.0,1350.1298,350.0,57.0,1350.1298,350.0,57.0,1350.1298,350.0,57.0,1350.1298,350.0,57.0,1350.1298,350.0,57.0,1350.1298,486.0,121.0,2787.928,486.0,121.0,2787.928,511.0,512.0,11848.341
376.0,59.0,1407.2595,376.0,59.0,1407.2595,376.0,59.0,1407.2595,376.0,59.0,1407.2595,376.0,59.0,1407.2595,376.0,59.0,1407.2595,376.0,59.0,1407.2595,506.0,111.0,2594.5532,506.0,111.0,2594.5532,540.0,542.0,12519.788
432.0,69.0,1649.373,432.0,69.0,1649.373,432.0,69.0,1649.373,432.0,69.0,1649.373,432.0,69.0,1649.373,432.0,69.0,1649.373,432.0,69.0,1649.373,585.0,134.0,3133.1226,585.0,134.0,3133.1226,622.0,625.0,14357.969
495.0,85.0,2012.6874,495.0,85.0,2012.6874,495.0,85.0,2012.6874,495.0,85.0,2012.6874,495.0,85.0,2012.6874,495.0,85.0,2012.6874,495.0,85.0,2012.6874,668.0,168.0,3910.0386,668.0,168.0,3910.0386,705.0,697.0,16005.243
517.0,86.0,2013.6884,517.0,86.0,2013.6884,517.0,86.0,2013.6884,517.0,86.0,2013.6884,517.0,86.0,2013.6884,517.0,86.0,2013.6884,517.0,86.0,2013.6884,705.0,183.0,4255.4956,705.0,183.0,4255.4956,743.0,735.0,16872.465
562.0,94.0,2225.0693,562.0,94.0,2225.0693,562.0,94.0,2225.0693,562.0,94.0,2225.0693,562.0,94.0,2225.0693,562.0,94.0,2225.0693,562.0,94.0,2225.0693,760.0,192.0,4483.6772,760.0,192.0,4483.6772,802.0,792.0,18222.303
613.0,103.0,2434.9448,613.0,103.0,2434.9448,613.0,103.0,2434.9448,613.0,103.0,2434.9448,613.0,103.0,2434.9448,613.0,103.0,2434.9448,613.0,103.0,2434.9448,823.0,209.0,4856.798,823.0,209.0,4856.798,865.0,853.0,19578.86
587.0,101.0,2373.0684,587.0,101.0,2373.0684,587.0,101.0,2373.0684,587.0,101.0,2373.0684,587.0,101.0,2373.0684,587.0,101.0,2373.0684,587.0,101.0,2373.0684,785.0,213.0,4960.8584,785.0,213.0,4960.8584,822.0,797.0,18256.426
588.0,98.0,2292.7056,588.0,98.0,2292.7056,588.0,98.0,2292.7056,588.0,98.0,2292.7056,588.0,98.0,2292.7056,588.0,98.0,2292.7056,588.0,98.0,2292.7056,791.0,216.0,5021.8843,791.0,216.0,5021.8843,826.0,801.0,18366.379
571.0,93.0,2152.354,571.0,93.0,2152.354,571.0,93.0,2152.354,571.0,93.0,2152.354,571.0,93.0,2152.354,571.0,93.0,2152.354,571.0,93.0,2152.354,773.0,218.0,5037.33,773.0,218.0,5037.33,807.0,782.0,17973.549
573.0,92.0,2136.6985,573.0,92.0,2136.6985,573.0,92.0,2136.6985,573.0,92.0,2136.6985,573.0,92.0,2136.6985,573.0,92.0,2136.6985,573.0,92.0,2136.6985,789.0,222.0,5161.6636,789.0,222.0,5161.6636,831.0,818.0,18869.824
590.0,107.0,2492.9392,590.0,107.0,2492.9392,590.0,107.0,2492.9392,590.0,107.0,2492.9392,590.0,107.0,2492.9392,590.0,107.0,2492.9392,590.0,107.0,2492.9392,795.0,227.0,5297.6025,795.0,227.0,5297.6025,838.0,808.0,18633.559
612.0,118.0,2762.7678,612.0,118.0,2762.7678,612.0,118.0,2762.7678,612.0,118.0,2762.7678,612.0,118.0,2762.7678,612.0,118.0,2762.7678,612.0,118.0,2762.7678,807.0,241.0,5613.77,807.0,241.0,5613.77,851.0,795.0,18289.584
614.0,128.0,2980.4,614.0,128.0,2980.4,614.0,128.0,2980.4,614.0,128.0,2980.4,614.0,128.0,2980.4,614.0,128.0,2980.4,614.0,128.0,2980.4,798.0,256.0,5948.953,798.0,256.0,5948.953,844.0,763.0,17554.88
561.0,120.0,2816.3977,561.0,120.0,2816.3977,561.0,120.0,2816.3977,561.0,120.0,2816.3977,561.0,120.0,2816.3977,561.0,120.0,2816.3977,561.0,120.0,2816.3977,757.0,260.0,6080.179,757.0,260.0,6080.179,805.0,733.0,16930.426
538.0,117.0,2785.822,538.0,117.0,2785.822,538.0,117.0,2785.822,538.0,117.0,2785.822,538.0,117.0,2785.822,538.0,117.0,2785.822,538.0,117.0,2785.822,738.0,258.0,6075.2373,738.0,258.0,6075.2373,789.0,724.0,16734.912
539.0,112.0,2660.6514,539.0,112.0,2660.6514,539.0,112.0,2660.6514,539.0,112.0,2660.6514,539.0,112.0,2660.6514,539.0,112.0,2660.6514,539.0,112.0,2660.6514,756.0,262.0,6184.1914,756.0,262.0,6184.1914,809.0,754.0,17404.246
526.0,108.0,2522.49,526.0,108.0,2522.49,526.0,108.0,2522.49,526.0,108.0,2522.49,526.0,108.0,2522.49,526.0,108.0,2522.49,526.0,108.0,2522.49,729.0,251.0,5902.9614,729.0,251.0,5902.9614,777.0,718.0,16532.639
520.0,109.0,2553.792,520.0,109.0,2553.792,520.0,109.0,2553.792,520.0,109.0,2553.792,520.0,109.0,2553.792,520.0,109.0,2553.792,520.0,109.0,2553.792,731.0,252.0,5894.1265,731.0,252.0,5894.1265,772.0,725.0,16675.152
521.0,102.0,2416.7222,521.0,102.0,2416.7222,521.0,102.0,2416.7222,521.0,102.0,2416.7222,521.0,102.0,2416.7222,521.0,102.0,2416.7222,521.0,102.0,2416.7222,703.0,226.0,5306.546,703.0,226.0,5306.546,738.0,682.0,15704.387
497.0,95.0,2236.3079,497.0,95.0,2236.3079,497.0,95.0,2236.3079,497.0,95.0,2236.3079,497.0,95.0,2236.3079,497.0,95.0,2236.3079,497.0,95.0,2236.3079,659.0,203.0,4769.6274,659.0,203.0,4769.6274,685.0,635.0,14547.644
444.0,69.0,1600.7114,444.0,69.0,1600.7114,444.0,69.0,1600.7114,444.0,69.0,1600.7114,444.0,69.0,1600.7114,444.0,69.0,1600.7114,444.0,69.0,1600.7114,590.0,166.0,3857.8691,590.0,166.0,3857.8691,610.0,578.0,13178.417
437.0,63.0,1435.1173,437.0,63.0,1435.1173,437.0,63.0,1435.1173,437.0,63.0,1435.1173,437.0,63.0,1435.1173,437.0,63.0,1435.1173,437.0,63.0,1435.1173,576.0,156.0,3610.5222,576.0,156.0,3610.5222,593.0,566.0,12856.551
399.0,61.0,1382.4496,399.0,61.0,1382.4496,399.0,61.0,1382.4496,399.0,61.0,1382.4496,399.0,61.0,1382.4496,399.0,61.0,1382.4496,399.0,61.0,1382.4496,528.0,143.0,3284.9485,528.0,143.0,3284.9485,543.0,522.0,11817.843
389.0,60.0,1371.5544,389.0,60.0,1371.5544,389.0,60.0,1371.5544,389.0,60.0,1371.5544,389.0,60.0,1371.5544,389.0,60.0,1371.5544,389.0,60.0,1371.5544,511.0,143.0,3272.09,511.0,143.0,3272.09,526.0,496.0,11156.014
387.0,66.0,1519.4869,387.0,66.0,1519.4869,387.0,66.0,1519.4869,387.0,66.0,1519.4869,387.0,66.0,1519.4869,387.0,66.0,1519.4869,387.0,66.0,1519.4869,489.0,144.0,3304.3625,489.0,144.0,3304.3625,500.0,453.0,10145.297
407.0,68.0,1550.6278,407.0,68.0,1550.6278,407.0,68.0,1550.6278,407.0,68.0,1550.6278,407.0,68.0,1550.6278,407.0,68.0,1550.6278,407.0,68.0,1550.6278,504.0,141.0,3234.9277,504.0,141.0,3234.9277,516.0,466.0,10416.98
386.0,68.0,1534.4683,386.0,68.0,1534.4683,386.0,68.0,1534.4683,386.0,68.0,1534.4683,386.0,68.0,1534.4683,386.0,68.0,1534.4683,386.0,68.0,1534.4683,484.0,140.0,3190.6184,484.0,140.0,3190.6184,497.0,449.0,10020.886
396.0,72.0,1632.1007,396.0,72.0,1632.1007,396.0,72.0,1632.1007,396.0,72.0,1632.1007,396.0,72.0,1632.1007,396.0,72.0,1632.1007,396.0,72.0,1632.1007,499.0,147.0,3357.9436,499.0,147.0,3357.9436,513.0,462.0,10326.764
446.0,72.0,1638.9556,446.0,72.0,1638.9556,446.0,72.0,1638.9556,446.0,72.0,1638.9556,446.0,72.0,1638.9556,446.0,72.0,1638.9556,446.0,72.0,1638.9556,561.0,150.0,3420.5178,561.0,150.0,3420.5178,579.0,536.0,12064.045
430.0,67.0,1538.3871,430.0,67.0,1538.3871,430.0,67.0,1538.3871,430.0,67.0,1538.3871,430.0,67.0,1538.3871,430.0,67.0,1538.3871,430.0,67.0,1538.3871,544.0,144.0,3302.0154,544.0,144.0,3302.0154,561.0,520.0,11749.029
431.0,69.0,1588.8812,431.0,69.0,1588.8812,431.0,69.0,1588.8812,431.0,69.0,1588.8812,431.0,69.0,1588.8812,431.0,69.0,1588.8812,431.0,69.0,1588.8812,530.0,137.0,3136.0203,530.0,137.0,3136.0203,545.0,499.0,11253.615
447.0,70.0,1595.7043,447.0,70.0,1595.7043,447.0,70.0,1595.7043,447.0,70.0,1595.7043,447.0,70.0,1595.7043,447.0,70.0,1595.7043,447.0,70.0,1595.7043,550.0,140.0,3165.2043,550.0,140.0,3165.2043,568.0,521.0,11752.209
417.0,73.0,1663.227,417.0,73.0,1663.227,417.0,73.0,1663.227,417.0,73.0,1663.227,417.0,73.0,1663.227,417.0,73.0,1663.227,417.0,73.0,1663.227,508.0,123.0,2766.4536,508.0,123.0,2766.4536,528.0,484.0,10891.478
369.0,65.0,1469.7084,369.0,65.0,1469.7084,369.0,65.0,1469.7084,369.0,65.0,1469.7084,369.0,65.0,1469.7084,369.0,65.0,1469.7084,369.0,65.0,1469.7084,456.0,116.0,2592.9465,456.0,116.0,2592.9465,474.0,435.0,9787.179
374.0,59.0,1325.2175,374.0,59.0,1325.2175,374.0,59.0,1325.2175,374.0,59.0,1325.2175,374.0,59.0,1325.2175,374.0,59.0,1325.2175,374.0,59.0,1325.2175,469.0,117.0,2605.592,469.0,117.0,2605.592,492.0,459.0,10330.683
329.0,61.0,1392.3809,329.0,61.0,1392.3809,329.0,61.0,1392.3809,329.0,61.0,1392.3809,329.0,61.0,1392.3809,329.0,61.0,1392.3809,329.0,61.0,1392.3809,428.0,125.0,2817.0022,428.0,125.0,2817.0022,450.0,414.0,9297.149
321.0,59.0,1328.8094,321.0,59.0,1328.8094,321.0,59.0,1328.8094,321.0,59.0,1328.8094,321.0,59.0,1328.8094,321.0,59.0,1328.8094,321.0,59.0,1328.8094,413.0,120.0,2700.5586,413.0,120.0,2700.5586,437.0,399.0,8967.565
311.0,57.0,1287.2675,311.0,57.0,1287.2675,311.0,57.0,1287.2675,311.0,57.0,1287.2675,311.0,57.0,1287.2675,311.0,57.0,1287.2675,311.0,57.0,1287.2675,399.0,120.0,2689.8606,399.0,120.0,2689.8606,419.0,379.0,8512.751
294.0,52.0,1185.7811,294.0,52.0,1185.7811,294.0,52.0,1185.7811,294.0,52.0,1185.7811,294.0,52.0,1185.7811,294.0,52.0,1185.7811,294.0,52.0,1185.7811,383.0,110.0,2493.9104,383.0,110.0,2493.9104,400.0,373.0,8363.971
319.0,53.0,1214.7053,319.0,53.0,1214.7053,319.0,53.0,1214.7053,319.0,53.0,1214.7053,319.0,53.0,1214.7053,319.0,53.0,1214.7053,319.0,53.0,1214.7053,408.0,112.0,2556.2358,408.0,112.0,2556.2358,426.0,396.0,8889.611
324.0,49.0,1126.3931,324.0,49.0,1126.3931,324.0,49.0,1126.3931,324.0,49.0,1126.3931,324.0,49.0,1126.3931,324.0,49.0,1126.3931,324.0,49.0,1126.3931,411.0,106.0,2426.614,411.0,106.0,2426.614,432.0,405.0,9092.933
302.0,45.0,1059.8096,302.0,45.0,1059.8096,302.0,45.0,1059.8096,302.0,45.0,1059.8096,302.0,45.0,1059.8096,302.0,45.0,1059.8096,302.0,45.0,1059.8096,377.0,96.0,2229.2495,377.0,96.0,2229.2495,394.0,366.0,8238.175
281.0,42.0,970.461,281.0,42.0,970.461,281.0,42.0,970.461,281.0,42.0,970.461,281.0,42.0,970.461,281.0,42.0,970.461,281.0,42.0,970.461,344.0,84.0,1926.1328,344.0,84.0,1926.1328,360.0,332.0,7440.157
290.0,47.0,1092.4241,290.0,47.0,1092.4241,290.0,47.0,1092.4241,290.0,47.0,1092.4241,290.0,47.0,1092.4241,290.0,47.0,1092.4241,290.0,47.0,1092.4241,351.0,86.0,1988.0757,351.0,86.0,1988.0757,365.0,334.0,7412.742
306.0,48.0,1110.7794,306.0,48.0,1110.7794,306.0,48.0,1110.7794,306.0,48.0,1110.7794,306.0,48.0,1110.7794,306.0,48.0,1110.7794,306.0,48.0,1110.7794,358.0,82.0,1909.0823,358.0,82.0,1909.0823,372.0,336.0,7477.6816
280.0,46.0,1049.8241,280.0,46.0,1049.8241,280.0,46.0,1049.8241,280.0,46.0,1049.8241,280.0,46.0,1049.8241,280.0,46.0,1049.8241,280.0,46.0,1049.8241,324.0,80.0,1831.1489,324.0,80.0,1831.1489,337.0,296.0,6635.668
275.0,51.0,1151.6754,275.0,51.0,1151.6754,275.0,51.0,1151.6754,275.0,51.0,1151.6754,275.0,51.0,1151.6754,275.0,51.0,1151.6754,275.0,51.0,1151.6754,318.0,86.0,1953.8109,318.0,86.0,1953.8109,328.0,282.0,6317.918
271.0,52.0,1170.5168,271.0,52.0,1170.5168,271.0,52.0,1170.5168,271.0,52.0,1170.5168,271.0,52.0,1170.5168,271.0,52.0,1170.5168,271.0,52.0,1170.5168,311.0,85.0,1927.6993,311.0,85.0,1927.6993,321.0,272.0,6088.3843
265.0,52.0,1154.6313,265.0,52.0,1154.6313,265.0,52.0,1154.6313,265.0,52.0,1154.6313,265.0,52.0,1154.6313,265.0,52.0,1154.6313,265.0,52.0,1154.6313,295.0,77.0,1715.7073,295.0,77.0,1715.7073,307.0,256.0,5676.5107
269.0,54.0,1209.1538,269.0,54.0,1209.1538,269.0,54.0,1209.1538,269.0,54.0,1209.1538,269.0,54.0,1209.1538,269.0,54.0,1209.1538,269.0,54.0,1209.1538,302.0,81.0,1807.626,302.0,81.0,1807.626,314.0,267.0,5936.3945
264.0,49.0,1083.8766,264.0,49.0,1083.8766,264.0,49.0,1083.8766,264.0,49.0,1083.8766,264.0,49.0,1083.8766,264.0,49.0,1083.8766,264.0,49.0,1083.8766,298.0,82.0,1834.4493,298.0,82.0,1834.4493,308.0,259.0,5838.532
260.0,52.0,1169.593,260.0,52.0,1169.593,260.0,52.0,1169.593,260.0,52.0,1169.593,260.0,52.0,1169.593,260.0,52.0,1169.593,260.0,52.0,1169.593,293.0,84.0,1894.2188,293.0,84.0,1894.2188,301.0,249.0,5678.254
288.0,49.0,1112.0782,288.0,49.0,1112.0782,288.0,49.0,1112.0782,288.0,49.0,1112.0782,288.0,49.0,1112.0782,288.0,49.0,1112.0782,288.0,49.0,1112.0782,345.0,92.0,2107.348,345.0,92.0,2107.348,356.0,319.0,7275.637
303.0,53.0,1212.3922,303.0,53.0,1212.3922,303.0,53.0,1212.3922,303.0,53.0,1212.3922,303.0,53.0,1212.3922,303.0,53.0,1212.3922,303.0,53.0,1212.3922,380.0,101.0,2309.1523,380.0,101.0,2309.1523,393.0,368.0,8397.774
325.0,60.0,1376.1462,325.0,60.0,1376.1462,325.0,60.0,1376.1462,325.0,60.0,1376.1462,325.0,60.0,1376.1462,325.0,60.0,1376.1462,325.0,60.0,1376.1462,408.0,102.0,2341.2485,408.0,102.0,2341.2485,426.0,406.0,9311.987
338.0,60.0,1389.1115,338.0,60.0,1389.1115,338.0,60.0,1389.1115,338.0,60.0,1389.1115,338.0,60.0,1389.1115,338.0,60.0,1389.1115,338.0,60.0,1389.1115,421.0,104.0,2401.9758,421.0,104.0,2401.9758,440.0,419.0,9635.419
328.0,60.0,1371.8636,328.0,60.0,1371.8636,328.0,60.0,1371.8636,328.0,60.0,1371.8636,328.0,60.0,1371.8636,328.0,60.0,1371.8636,328.0,60.0,1371.8636,409.0,101.0,2323.083,409.0,101.0,2323.083,427.0,406.0,9326.392
316.0,58.0,1325.469,316.0,58.0,1325.469,316.0,58.0,1325.469,316.0,58.0,1325.469,316.0,58.0,1325.469,316.0,58.0,1325.469,316.0,58.0,1325.469,409.0,97.0,2221.0212,409.0,97.0,2221.0212,426.0,419.0,9523.416
320.0,58.0,1317.5228,320.0,58.0,1317.5228,320.0,58.0,1317.5228,320.0,58.0,1317.5228,320.0,58.0,1317.5228,320.0,58.0,1317.5228,320.0,58.0,1317.5228,413.0,95.0,2171.9768,413.0,95.0,2171.9768,430.0,426.0,9670.106
261.0,51.0,1155.5763,261.0,51.0,1155.5763,261.0,51.0,1155.5763,261.0,51.0,1155.5763,261.0,51.0,1155.5763,261.0,51.0,1155.5763,261.0,51.0,1155.5763,345.0,82.0,1854.0565,345.0,82.0,1854.0565,360.0,360.0,8151.922
244.0,49.0,1122.4786,244.0,49.0,1122.4786,244.0,49.0,1122.4786,244.0,49.0,1122.4786,244.0,49.0,1122.4786,244.0,49.0,1122.4786,244.0,49.0,1122.4786,310.0,74.0,1672.2411,310.0,74.0,1672.2411,324.0,312.0,7085.862
229.0,42.0,946.921,229.0,42.0,946.921,229.0,42.0,946.921,229.0,42.0,946.921,229.0,42.0,946.921,229.0,42.0,946.921,229.0,42.0,946.921,290.0,70.0,1571.4395,290.0,70.0,1571.4395,301.0,287.0,6513.445
207.0,37.0,834.4442,207.0,37.0,834.4442,207.0,37.0,834.4442,207.0,37.0,834.4442,207.0,37.0,834.4442,207.0,37.0,834.4442,207.0,37.0,834.4442,269.0,69.0,1550.6313,269.0,69.0,1550.6313,281.0,270.0,6133.034
212.0,36.0,814.63544,212.0,36.0,814.63544,212.0,36.0,814.63544,212.0,36.0,814.63544,212.0,36.0,814.63544,212.0,36.0,814.63544,212.0,36.0,814.63544,287.0,70.0,1582.6909,287.0,70.0,1582.6909,302.0,300.0,6816.5366
213.0,36.0,818.65137,213.0,36.0,818.65137,213.0,36.0,818.65137,213.0,36.0,818.65137,213.0,36.0,818.65137,213.0,36.0,818.65137,213.0,36.0,818.65137,288.0,70.0,1565.815,288.0,70.0,1565.815,304.0,303.0,7024.7085
205.0,33.0,744.7473,205.0,33.0,744.7473,205.0,33.0,744.7473,205.0,33.0,744.7473,205.0,33.0,744.7473,205.0,33.0,744.7473,205.0,33.0,744.7473,288.0,71.0,1581.2612,288.0,71.0,1581.2612,304.0,310.0,7210.2876
211.0,29.0,660.0831,211.0,29.0,660.0831,211.0,29.0,660.0831,211.0,29.0,660.0831,211.0,29.0,660.0831,211.0,29.0,660.0831,211.0,29.0,660.0831,298.0,70.0,1567.6923,298.0,70.0,1567.6923,313.0,322.0,7499.716
220.0,29.0,662.2252,220.0,29.0,662.2252,220.0,29.0,662.2252,220.0,29.0,662.2252,220.0,29.0,662.2252,220.0,29.0,662.2252,220.0,29.0,662.2252,327.0,71.0,1588.5208,327.0,71.0,1588.5208,345.0,372.0,8602.623
227.0,28.0,637.33356,227.0,28.0,637.33356,227.0,28.0,637.33356,227.0,28.0,637.33356,227.0,28.0,637.33356,227.0,28.0,637.33356,227.0,28.0,637.33356,346.0,76.0,1723.0944,346.0,76.0,1723.0944,367.0,403.0,9309.96
230.0,29.0,644.45667,230.0,29.0,644.45667,230.0,29.0,644.45667,230.0,29.0,644.45667,230.0,29.0,644.45667,230.0,29.0,644.45667,230.0,29.0,644.45667,347.0,77.0,1736.3838,347.0,77.0,1736.3838,367.0,401.0,9237.165
226.0,37.0,840.5938,226.0,37.0,840.5938,226.0,37.0,840.5938,226.0,37.0,840.5938,226.0,37.0,840.5938,226.0,37.0,840.5938,226.0,37.0,840.5938,338.0,81.0,1831.51,338.0,81.0,1831.51,357.0,382.0,8795.9795
213.0,31.0,723.96466,213.0,31.0,723.96466,213.0,31.0,723.96466,213.0,31.0,723.96466,213.0,31.0,723.96466,213.0,31.0,723.96466,213.0,31.0,723.96466,316.0,75.0,1701.9412,316.0,75.0,1701.9412,335.0,354.0,8113.245
216.0,36.0,851.3341,216.0,36.0,851.3341,216.0,36.0,851.3341,216.0,36.0,851.3341,216.0,36.0,851.3341,216.0,36.0,851.3341,216.0,36.0,851.3341,311.0,76.0,1726.1915,311.0,76.0,1726.1915,331.0,340.0,7783.6963
213.0,38.0,904.2907,213.0,38.0,904.2907,213.0,38.0,904.2907,213.0,38.0,904.2907,213.0,38.0,904.2907,213.0,38.0,904.2907,213.0,38.0,904.2907,302.0,81.0,1849.3223,302.0,81.0,1849.3223,319.0,319.0,7271.501
201.0,39.0,918.32697,201.0,39.0,918.32697,201.0,39.0,918.32697,201.0,39.0,918.32697,201.0,39.0,918.32697,201.0,39.0,918.32697,201.0,39.0,918.32697,269.0,78.0,1779.8713,269.0,78.0,1779.8713,284.0,267.0,6077.8486
201.0,45.0,1052.6113,201.0,45.0,1052.6113,201.0,45.0,1052.6113,201.0,45.0,1052.6113,201.0,45.0,1052.6113,201.0,45.0,1052.6113,201.0,45.0,1052.6113,246.0,72.0,1637.9946,246.0,72.0,1637.9946,259.0,226.0,5131.301
202.0,43.0,1005.6497,202.0,43.0,1005.6497,202.0,43.0,1005.6497,202.0,43.0,1005.6497,202.0,43.0,1005.6497,202.0,43.0,1005.6497,202.0,43.0,1005.6497,242.0,70.0,1587.6322,242.0,70.0,1587.6322,255.0,217.0,4940.0493
203.0,39.0,904.8396,203.0,39.0,904.8396,203.0,39.0,904.8396,203.0,39.0,904.8396,203.0,39.0,904.8396,203.0,39.0,904.8396,203.0,39.0,904.8396,236.0,63.0,1455.2249,236.0,63.0,1455.2249,248.0,210.0,4787.666
201.0,38.0,879.4383,201.0,38.0,879.4383,201.0,38.0,879.4383,201.0,38.0,879.4383,201.0,38.0,879.4383,201.0,38.0,879.4383,201.0,38.0,879.4383,285.0,76.0,1736.3276,285.0,76.0,1736.3276,297.0,297.0,6829.339
230.0,43.0,972.5068,230.0,43.0,972.5068,230.0,43.0,972.5068,230.0,43.0,972.5068,230.0,43.0,972.5068,230.0,43.0,972.5068,230.0,43.0,972.5068,311.0,84.0,1901.9242,311.0,84.0,1901.9242,323.0,313.0,7142.6646
232.0,47.0,1058.2644,232.0,47.0,1058.2644,232.0,47.0,1058.2644,232.0,47.0,1058.2644,232.0,47.0,1058.2644,232.0,47.0,1058.2644,232.0,47.0,1058.2644,333.0,94.0,2128.7117,333.0,94.0,2128.7117,346.0,346.0,7892.414
247.0,47.0,1068.2535,247.0,47.0,1068.2535,247.0,47.0,1068.2535,247.0,47.0,1068.2535,247.0,47.0,1068.2535,247.0,47.0,1068.2535,247.0,47.0,1068.2535,358.0,101.0,2297.5894,358.0,101.0,2297.5894,372.0,374.0,8537.555
272.0,49.0,1114.663,272.0,49.0,1114.663,272.0,49.0,1114.663,272.0,49.0,1114.663,272.0,49.0,1114.663,272.0,49.0,1114.663,272.0,49.0,1114.663,390.0,109.0,2471.148,390.0,109.0,2471.148,405.0,404.0,9201.939
316.0,58.0,1314.0859,316.0,58.0,1314.0859,316.0,58.0,1314.0859,316.0,58.0,1314.0859,316.0,58.0,1314.0859,316.0,58.0,1314.0859,316.0,58.0,1314.0859,428.0,122.0,2748.5208,428.0,122.0,2748.5208,445.0,426.0,9662.9
344.0,65.0,1460.5431,344.0,65.0,1460.5431,344.0,65.0,1460.5431,344.0,65.0,1460.5431,344.0,65.0,1460.5431,344.0,65.0,1460.5431,344.0,65.0,1460.5431,456.0,132.0,2957.5369,456.0,132.0,2957.5369,473.0,444.0,10064.807
358.0,79.0,1778.9287,358.0,79.0,1778.9287,358.0,79.0,1778.9287,358.0,79.0,1778.9287,358.0,79.0,1778.9287,358.0,79.0,1778.9287,358.0,79.0,1778.9287,439.0,138.0,3097.9758,439.0,138.0,3097.9758,457.0,393.0,8837.566
361.0,76.0,1737.9406,361.0,76.0,1737.9406,361.0,76.0,1737.9406,361.0,76.0,1737.9406,361.0,76.0,1737.9406,361.0,76.0,1737.9406,361.0,76.0,1737.9406,443.0,137.0,3080.3938,443.0,137.0,3080.3938,462.0,400.0,9004.105
363.0,74.0,1692.8926,363.0,74.0,1692.8926,363.0,74.0,1692.8926,363.0,74.0,1692.8926,363.0,74.0,1692.8926,363.0,74.0,1692.8926,363.0,74.0,1692.8926,445.0,142.0,3206.076,445.0,142.0,3206.076,463.0,397.0,8945.142
340.0,72.0,1655.0204,340.0,72.0,1655.0204,340.0,72.0,1655.0204,340.0,72.0,1655.0204,340.0,72.0,1655.0204,340.0,72.0,1655.0204,340.0,72.0,1655.0204,411.0,135.0,3046.2925,411.0,135.0,3046.2925,426.0,358.0,8046.4883
333.0,62.0,1421.7251,333.0,62.0,1421.7251,333.0,62.0,1421.7251,333.0,62.0,1421.7251,333.0,62.0,1421.7251,333.0,62.0,1421.7251,333.0,62.0,1421.7251,428.0,130.0,2928.0562,428.0,130.0,2928.0562,443.0,404.0,9086.034
362.0,64.0,1484.1653,362.0,64.0,1484.1653,362.0,64.0,1484.1653,362.0,64.0,1484.1653,362.0,64.0,1484.1653,362.0,64.0,1484.1653,362.0,64.0,1484.1653,446.0,127.0,2879.8818,446.0,127.0,2879.8818,460.0,413.0,9334.142
379.0,64.0,1483.7067,379.0,64.0,1483.7067,379.0,64.0,1483.7067,379.0,64.0,1483.7067,379.0,64.0,1483.7067,379.0,64.0,1483.7067,379.0,64.0,1483.7067,459.0,126.0,2867.661,459.0,126.0,2867.661,473.0,422.0,9519.435
369.0,58.0,1346.5299,369.0,58.0,1346.5299,369.0,58.0,1346.5299,369.0,58.0,1346.5299,369.0,58.0,1346.5299,369.0,58.0,1346.5299,369.0,58.0,1346.5299,442.0,116.0,2645.4463,442.0,116.0,2645.4463,456.0,409.0,9233.816
373.0,58.0,1331.1699,373.0,58.0,1331.1699,373.0,58.0,1331.1699,373.0,58.0,1331.1699,373.0,58.0,1331.1699,373.0,58.0,1331.1699,373.0,58.0,1331.1699,432.0,103.0,2343.9138,432.0,103.0,2343.9138,446.0,398.0,8993.3545
337.0,55.0,1269.6422,337.0,55.0,1269.6422,337.0,55.0,1269.6422,337.0,55.0,1269.6422,337.0,55.0,1269.6422,337.0,55.0,1269.6422,337.0,55.0,1269.6422,431.0,99.0,2264.825,431.0,99.0,2264.825,445.0,436.0,9855.038
343.0,54.0,1248.2386,343.0,54.0,1248.2386,343.0,54.0,1248.2386,343.0,54.0,1248.2386,343.0,54.0,1248.2386,343.0,54.0,1248.2386,343.0,54.0,1248.2386,448.0,103.0,2344.027,448.0,103.0,2344.027,463.0,461.0,10396.405
337.0,57.0,1331.9181,337.0,57.0,1331.9181,337.0,57.0,1331.9181,337.0,57.0,1331.9181,337.0,57.0,1331.9181,337.0,57.0,1331.9181,337.0,57.0,1331.9181,455.0,114.0,2609.691,455.0,114.0,2609.691,475.0,473.0,10675.343
334.0,57.0,1327.8027,334.0,57.0,1327.8027,334.0,57.0,1327.8027,334.0,57.0,1327.8027,334.0,57.0,1327.8027,334.0,57.0,1327.8027,334.0,57.0,1327.8027,460.0,109.0,2475.2122,460.0,109.0,2475.2122,483.0,494.0,11186.264
345.0,55.0,1270.7631,345.0,55.0,1270.7631,345.0,55.0,1270.7631,345.0,55.0,1270.7631,345.0,55.0,1270.7631,345.0,55.0,1270.7631,345.0,55.0,1270.7631,479.0,113.0,2549.2654,479.0,113.0,2549.2654,502.0,517.0,11694.987
367.0,58.0,1337.3369,367.0,58.0,1337.3369,367.0,58.0,1337.3369,367.0,58.0,1337.3369,367.0,58.0,1337.3369,367.0,58.0,1337.3369,367.0,58.0,1337.3369,500.0,116.0,2632.8953,500.0,116.0,2632.8953,522.0,533.0,12022.169
393.0,64.0,1457.3789,393.0,64.0,1457.3789,393.0,64.0,1457.3789,393.0,64.0,1457.3789,393.0,64.0,1457.3789,393.0,64.0,1457.3789,393.0,64.0,1457.3789,518.0,125.0,2805.4568,518.0,125.0,2805.4568,541.0,539.0,12073.4375
354.0,67.0,1518.7555,354.0,67.0,1518.7555,354.0,67.0,1518.7555,354.0,67.0,1518.7555,354.0,67.0,1518.7555,354.0,67.0,1518.7555,354.0,67.0,1518.7555,482.0,132.0,2945.7979,482.0,132.0,2945.7979,504.0,496.0,11099.708
360.0,68.0,1528.4756,360.0,68.0,1528.4756,360.0,68.0,1528.4756,360.0,68.0,1528.4756,360.0,68.0,1528.4756,360.0,68.0,1528.4756,360.0,68.0,1528.4756,491.0,131.0,2918.579,491.0,131.0,2918.579,515.0,510.0,11407.61
356.0,69.0,1548.8359,356.0,69.0,1548.8359,356.0,69.0,1548.8359,356.0,69.0,1548.8359,356.0,69.0,1548.8359,356.0,69.0,1548.8359,356.0,69.0,1548.8359,471.0,130.0,2871.1963,471.0,130.0,2871.1963,490.0,470.0,10516.787
364.0,76.0,1706.8597,364.0,76.0,1706.8597,364.0,76.0,1706.8597,364.0,76.0,1706.8597,364.0,76.0,1706.8597,364.0,76.0,1706.8597,364.0,76.0,1706.8597,474.0,139.0,3079.5488,474.0,139.0,3079.5488,492.0,459.0,10196.842
370.0,69.0,1563.2959,370.0,69.0,1563.2959,370.0,69.0,1563.2959,370.0,69.0,1563.2959,370.0,69.0,1563.2959,370.0,69.0,1563.2959,370.0,69.0,1563.2959,493.0,138.0,3071.17,493.0,138.0,3071.17,508.0,488.0,10914.299
373.0,68.0,1546.546,373.0,68.0,1546.546,373.0,68.0,1546.546,373.0,68.0,1546.546,373.0,68.0,1546.546,373.0,68.0,1546.546,373.0,68.0,1546.546,501.0,141.0,3155.4744,501.0,141.0,3155.4744,516.0,495.0,11137.246
367.0,61.0,1405.5367,367.0,61.0,1405.5367,367.0,61.0,1405.5367,367.0,61.0,1405.5367,367.0,61.0,1405.5367,367.0,61.0,1405.5367,367.0,61.0,1405.5367,497.0,139.0,3140.6572,497.0,139.0,3140.6572,511.0,496.0,11191.901
412.0,65.0,1512.3328,412.0,65.0,1512.3328,412.0,65.0,1512.3328,412.0,65.0,1512.3328,412.0,65.0,1512.3328,412.0,65.0,1512.3328,412.0,65.0,1512.3328,536.0,132.0,3025.825,536.0,132.0,3025.825,552.0,538.0,12217.003
450.0,66.0,1533.0503,450.0,66.0,1533.0503,450.0,66.0,1533.0503,450.0,66.0,1533.0503,450.0,66.0,1533.0503,450.0,66.0,1533.0503,450.0,66.0,1533.0503,573.0,135.0,3093.1592,573.0,135.0,3093.1592,589.0,573.0,13094.211
573.0,64.0,1495.8801,573.0,64.0,1495.8801,573.0,64.0,1495.8801,573.0,64.0,1495.8801,573.0,64.0,1495.8801,573.0,64.0,1495.8801,573.0,64.0,1495.8801,711.0,140.0,3203.2961,711.0,140.0,3203.2961,727.0,722.0,16584.576
740.0,69.0,1629.662,740.0,69.0,1629.662,740.0,69.0,1629.662,740.0,69.0,1629.662,740.0,69.0,1629.662,740.0,69.0,1629.662,740.0,69.0,1629.662,887.0,142.0,3272.3748,887.0,142.0,3272.3748,907.0,910.0,20827.28
705.0,60.0,1407.86,705.0,60.0,1407.86,705.0,60.0,1407.86,705.0,60.0,1407.86,705.0,60.0,1407.86,705.0,60.0,1407.86,705.0,60.0,1407.86,845.0,146.0,3368.461,845.0,146.0,3368.461,864.0,857.0,19614.176
752.0,54.0,1247.271,752.0,54.0,1247.271,752.0,54.0,1247.271,752.0,54.0,1247.271,752.0,54.0,1247.271,752.0,54.0,1247.271,752.0,54.0,1247.271,908.0,152.0,3527.536,908.0,152.0,3527.536,924.0,926.0,21163.477
805.0,58.0,1344.7811,805.0,58.0,1344.7811,805.0,58.0,1344.7811,805.0,58.0,1344.7811,805.0,58.0,1344.7811,805.0,58.0,1344.7811,805.0,58.0,1344.7811,982.0,166.0,3831.8857,982.0,166.0,3831.8857,1001.0,1010.0,23081.244
837.0,58.0,1329.2363,837.0,58.0,1329.2363,837.0,58.0,1329.2363,837.0,58.0,1329.2363,837.0,58.0,1329.2363,837.0,58.0,1329.2363,837.0,58.0,1329.2363,1010.0,163.0,3756.2583,1010.0,163.0,3756.2583,1031.0,1041.0,23694.912
868.0,52.0,1210.1642,868.0,52.0,1210.1642,868.0,52.0,1210.1642,868.0,52.0,1210.1642,868.0,52.0,1210.1642,868.0,52.0,1210.1642,868.0,52.0,1210.1642,1056.0,166.0,3828.9023,1056.0,166.0,3828.9023,1077.0,1097.0,24864.357
808.0,63.0,1468.3562,808.0,63.0,1468.3562,808.0,63.0,1468.3562,808.0,63.0,1468.3562,808.0,63.0,1468.3562,808.0,63.0,1468.3562,808.0,63.0,1468.3562,997.0,172.0,3912.215,997.0,172.0,3912.215,1020.0,1034.0,23200.646
673.0,67.0,1548.3289,673.0,67.0,1548.3289,673.0,67.0,1548.3289,673.0,67.0,1548.3289,673.0,67.0,1548.3289,673.0,67.0,1548.3289,673.0,67.0,1548.3289,830.0,152.0,3458.6072,830.0,152.0,3458.6072,856.0,853.0,19113.555
739.0,66.0,1529.0127,739.0,66.0,1529.0127,739.0,66.0,1529.0127,739.0,66.0,1529.0127,739.0,66.0,1529.0127,739.0,66.0,1529.0127,739.0,66.0,1529.0127,900.0,148.0,3358.5327,900.0,148.0,3358.5327,924.0,930.0,20829.838
745.0,67.0,1540.9198,745.0,67.0,1540.9198,745.0,67.0,1540.9198,745.0,67.0,1540.9198,745.0,67.0,1540.9198,745.0,67.0,1540.9198,745.0,67.0,1540.9198,904.0,156.0,3511.184,904.0,156.0,3511.184,925.0,923.0,20612.87
674.0,63.0,1432.4645,674.0,63.0,1432.4645,674.0,63.0,1432.4645,674.0,63.0,1432.4645,674.0,63.0,1432.4645,674.0,63.0,1432.4645,674.0,63.0,1432.4645,821.0,150.0,3361.1003,821.0,150.0,3361.1003,839.0,832.0,18536.902
696.0,62.0,1386.8254,696.0,62.0,1386.8254,696.0,62.0,1386.8254,696.0,62.0,1386.8254,696.0,62.0,1386.8254,696.0,62.0,1386.8254,696.0,62.0,1386.8254,844.0,143.0,3180.377,844.0,143.0,3180.377,863.0,862.0,19060.469
685.0,70.0,1556.907,685.0,70.0,1556.907,685.0,70.0,1556.907,685.0,70.0,1556.907,685.0,70.0,1556.907,685.0,70.0,1556.907,685.0,70.0,1556.907,804.0,137.0,3042.6938,804.0,137.0,3042.6938,822.0,800.0,17594.94
636.0,67.0,1472.1852,636.0,67.0,1472.1852,636.0,67.0,1472.1852,636.0,67.0,1472.1852,636.0,67.0,1472.1852,636.0,67.0,1472.1852,636.0,67.0,1472.1852,740.0,134.0,2960.8997,740.0,134.0,2960.8997,754.0,721.0,15888.624
580.0,62.0,1352.2549,580.0,62.0,1352.2549,580.0,62.0,1352.2549,580.0,62.0,1352.2549,580.0,62.0,1352.2549,580.0,62.0,1352.2549,580.0,62.0,1352.2549,678.0,125.0,2753.944,678.0,125.0,2753.944,691.0,662.0,14554.47
504.0,65.0,1423.6711,504.0,65.0,1423.6711,504.0,65.0,1423.6711,504.0,65.0,1423.6711,504.0,65.0,1423.6711,504.0,65.0,1423.6711,504.0,65.0,1423.6711,595.0,124.0,2724.6318,595.0,124.0,2724.6318,608.0,571.0,12502.8545
430.0,61.0,1356.476,430.0,61.0,1356.476,430.0,61.0,1356.476,430.0,61.0,1356.476,430.0,61.0,1356.476,430.0,61.0,1356.476,430.0,61.0,1356.476,515.0,118.0,2598.1526,515.0,118.0,2598.1526,525.0,488.0,10668.728
422.0,57.0,1257.6757,422.0,57.0,1257.6757,422.0,57.0,1257.6757,422.0,57.0,1257.6757,422.0,57.0,1257.6757,422.0,57.0,1257.6757,422.0,57.0,1257.6757,502.0,113.0,2483.7246,502.0,113.0,2483.7246,513.0,476.0,10362.848
313.0,58.0,1294.893,313.0,58.0,1294.893,313.0,58.0,1294.893,313.0,58.0,1294.893,313.0,58.0,1294.893,313.0,58.0,1294.893,313.0,58.0,1294.893,373.0,98.0,2174.7837,373.0,98.0,2174.7837,384.0,341.0,7480.988
282.0,64.0,1470.7432,282.0,64.0,1470.7432,282.0,64.0,1470.7432,282.0,64.0,1470.7432,282.0,64.0,1470.7432,282.0,64.0,1470.7432,282.0,64.0,1470.7432,344.0,108.0,2440.485,344.0,108.0,2440.485,354.0,303.0,6759.4043
274.0,61.0,1409.3009,274.0,61.0,1409.3009,274.0,61.0,1409.3009,274.0,61.0,1409.3009,274.0,61.0,1409.3009,274.0,61.0,1409.3009,274.0,61.0,1409.3009,324.0,96.0,2171.071,324.0,96.0,2171.071,336.0,285.0,6361.211
288.0,62.0,1450.6843,288.0,62.0,1450.6843,288.0,62.0,1450.6843,288.0,62.0,1450.6843,288.0,62.0,1450.6843,288.0,62.0,1450.6843,288.0,62.0,1450.6843,346.0,106.0,2396.0244,346.0,106.0,2396.0244,358.0,303.0,6781.587
284.0,62.0,1472.5565,284.0,62.0,1472.5565,284.0,62.0,1472.5565,284.0,62.0,1472.5565,284.0,62.0,1472.5565,284.0,62.0,1472.5565,284.0,62.0,1472.5565,341.0,106.0,2427.1401,341.0,106.0,2427.1401,353.0,300.0,6722.1636
277.0,62.0,1460.7079,277.0,62.0,1460.7079,277.0,62.0,1460.7079,277.0,62.0,1460.7079,277.0,62.0,1460.7079,277.0,62.0,1460.7079,277.0,62.0,1460.7079,336.0,105.0,2391.998,336.0,105.0,2391.998,350.0,299.0,6662.09
273.0,63.0,1483.3658,273.0,63.0,1483.3658,273.0,63.0,1483.3658,273.0,63.0,1483.3658,273.0,63.0,1483.3658,273.0,63.0,1483.3658,273.0,63.0,1483.3658,330.0,104.0,2393.535,330.0,104.0,2393.535,345.0,293.0,6584.018
261.0,62.0,1467.0648,261.0,62.0,1467.0648,261.0,62.0,1467.0648,261.0,62.0,1467.0648,261.0,62.0,1467.0648,261.0,62.0,1467.0648,261.0,62.0,1467.0648,320.0,103.0,2372.7747,320.0,103.0,2372.7747,336.0,287.0,6433.063
255.0,60.0,1403.4144,255.0,60.0,1403.4144,255.0,60.0,1403.4144,255.0,60.0,1403.4144,255.0,60.0,1403.4144,255.0,60.0,1403.4144,255.0,60.0,1403.4144,315.0,101.0,2317.61,315.0,101.0,2317.61,331.0,284.0,6309.171
249.0,61.0,1428.7074,249.0,61.0,1428.7074,249.0,61.0,1428.7074,249.0,61.0,1428.7074,249.0,61.0,1428.7074,249.0,61.0,1428.7074,249.0,61.0,1428.7074,315.0,101.0,2341.0288,315.0,101.0,2341.0288,331.0,291.0,6483.838
214.0,54.0,1259.9452,214.0,54.0,1259.9452,214.0,54.0,1259.9452,214.0,54.0,1259.9452,214.0,54.0,1259.9452,214.0,54.0,1259.9452,214.0,54.0,1259.9452,282.0,92.0,2106.6826,282.0,92.0,2106.6826,297.0,267.0,5935.0415
202.0,50.0,1129.1382,202.0,50.0,1129.1382,202.0,50.0,1129.1382,202.0,50.0,1129.1382,202.0,50.0,1129.1382,202.0,50.0,1129.1382,202.0,50.0,1129.1382,268.0,90.0,2010.1116,268.0,90.0,2010.1116,280.0,250.0,5520.784
206.0,55.0,1240.1796,206.0,55.0,1240.1796,206.0,55.0,1240.1796,206.0,55.0,1240.1796,206.0,55.0,1240.1796,206.0,55.0,1240.1796,206.0,55.0,1240.1796,264.0,91.0,2027.74,264.0,91.0,2027.74,273.0,235.0,5220.059
203.0,58.0,1300.6166,203.0,58.0,1300.6166,203.0,58.0,1300.6166,203.0,58.0,1300.6166,203.0,58.0,1300.6166,203.0,58.0,1300.6166,203.0,58.0,1300.6166,265.0,95.0,2126.3403,265.0,95.0,2126.3403,274.0,236.0,5247.736
206.0,61.0,1364.2423,206.0,61.0,1364.2423,206.0,61.0,1364.2423,206.0,61.0,1364.2423,206.0,61.0,1364.2423,206.0,61.0,1364.2423,206.0,61.0,1364.2423,270.0,102.0,2285.9773,270.0,102.0,2285.9773,279.0,236.0,5262.207
184.0,54.0,1219.4039,184.0,54.0,1219.4039,184.0,54.0,1219.4039,184.0,54.0,1219.4039,184.0,54.0,1219.4039,184.0,54.0,1219.4039,184.0,54.0,1219.4039,237.0,88.0,1980.6823,237.0,88.0,1980.6823,246.0,205.0,4616.9155
195.0,59.0,1325.3544,195.0,59.0,1325.3544,195.0,59.0,1325.3544,195.0,59.0,1325.3544,195.0,59.0,1325.3544,195.0,59.0,1325.3544,195.0,59.0,1325.3544,241.0,96.0,2166.5344,241.0,96.0,2166.5344,247.0,193.0,4378.809
205.0,61.0,1369.9216,205.0,61.0,1369.9216,205.0,61.0,1369.9216,205.0,61.0,1369.9216,205.0,61.0,1369.9216,205.0,61.0,1369.9216,205.0,61.0,1369.9216,250.0,102.0,2310.8013,250.0,102.0,2310.8013,257.0,195.0,4430.8804
218.0,62.0,1398.6941,218.0,62.0,1398.6941,218.0,62.0,1398.6941,218.0,62.0,1398.6941,218.0,62.0,1398.6941,218.0,62.0,1398.6941,218.0,62.0,1398.6941,268.0,99.0,2258.2268,268.0,99.0,2258.2268,278.0,221.0,5060.924
217.0,59.0,1321.9639,217.0,59.0,1321.9639,217.0,59.0,1321.9639,217.0,59.0,1321.9639,217.0,59.0,1321.9639,217.0,59.0,1321.9639,217.0,59.0,1321.9639,279.0,104.0,2351.1929,279.0,104.0,2351.1929,289.0,239.0,5410.5723
220.0,59.0,1322.0583,220.0,59.0,1322.0583,220.0,59.0,1322.0583,220.0,59.0,1322.0583,220.0,59.0,1322.0583,220.0,59.0,1322.0583,220.0,59.0,1322.0583,276.0,98.0,2209.7231,276.0,98.0,2209.7231,285.0,235.0,5310.457
240.0,61.0,1364.3833,240.0,61.0,1364.3833,240.0,61.0,1364.3833,240.0,61.0,1364.3833,240.0,61.0,1364.3833,240.0,61.0,1364.3833,240.0,61.0,1364.3833,297.0,101.0,2259.5999,297.0,101.0,2259.5999,306.0,254.0,5713.499
259.0,60.0,1336.3547,259.0,60.0,1336.3547,259.0,60.0,1336.3547,259.0,60.0,1336.3547,259.0,60.0,1336.3547,259.0,60.0,1336.3547,259.0,60.0,1336.3547,318.0,100.0,2239.3376,318.0,100.0,2239.3376,329.0,281.0,6346.5015
259.0,58.0,1286.8716,259.0,58.0,1286.8716,259.0,58.0,1286.8716,259.0,58.0,1286.8716,259.0,58.0,1286.8716,259.0,58.0,1286.8716,259.0,58.0,1286.8716,318.0,97.0,2190.3704,318.0,97.0,2190.3704,327.0,283.0,6389.6685
258.0,55.0,1237.4338,258.0,55.0,1237.4338,258.0,55.0,1237.4338,258.0,55.0,1237.4338,258.0,55.0,1237.4338,258.0,55.0,1237.4338,258.0,55.0,1237.4338,313.0,92.0,2094.7297,313.0,92.0,2094.7297,322.0,279.0,6328.5776
255.0,56.0,1242.9135,255.0,56.0,1242.9135,255.0,56.0,1242.9135,255.0,56.0,1242.9135,255.0,56.0,1242.9135,255.0,56.0,1242.9135,255.0,56.0,1242.9135,302.0,91.0,2047.2574,302.0,91.0,2047.2574,309.0,260.0,5870.9053
252.0,59.0,1326.3495,252.0,59.0,1326.3495,252.0,59.0,1326.3495,252.0,59.0,1326.3495,252.0,59.0,1326.3495,252.0,59.0,1326.3495,252.0,59.0,1326.3495,290.0,89.0,2025.598,290.0,89.0,2025.598,297.0,242.0,5518.9243
242.0,56.0,1262.2883,242.0,56.0,1262.2883,242.0,56.0,1262.2883,242.0,56.0,1262.2883,242.0,56.0,1262.2883,242.0,56.0,1262.2883,242.0,56.0,1262.2883,278.0,81.0,1837.8071,278.0,81.0,1837.8071,286.0,236.0,5393.6113
219.0,50.0,1153.3772,219.0,50.0,1153.3772,219.0,50.0,1153.3772,219.0,50.0,1153.3772,219.0,50.0,1153.3772,219.0,50.0,1153.3772,219.0,50.0,1153.3772,249.0,73.0,1676.6115,249.0,73.0,1676.6115,256.0,209.0,4812.437
204.0,52.0,1181.7328,204.0,52.0,1181.7328,204.0,52.0,1181.7328,204.0,52.0,1181.7328,204.0,52.0,1181.7328,204.0,52.0,1181.7328,204.0,52.0,1181.7328,233.0,72.0,1644.2461,233.0,72.0,1644.2461,241.0,193.0,4397.582
179.0,47.0,1069.6758,179.0,47.0,1069.6758,179.0,47.0,1069.6758,179.0,47.0,1069.6758,179.0,47.0,1069.6758,179.0,47.0,1069.6758,179.0,47.0,1069.6758,213.0,72.0,1625.2327,213.0,72.0,1625.2327,220.0,176.0,3968.5142
187.0,52.0,1174.2185,187.0,52.0,1174.2185,187.0,52.0,1174.2185,187.0,52.0,1174.2185,187.0,52.0,1174.2185,187.0,52.0,1174.2185,187.0,52.0,1174.2185,222.0,80.0,1786.4467,222.0,80.0,1786.4467,230.0,180.0,3950.8955
184.0,54.0,1230.8048,184.0,54.0,1230.8048,184.0,54.0,1230.8048,184.0,54.0,1230.8048,184.0,54.0,1230.8048,184.0,54.0,1230.8048,184.0,54.0,1230.8048,213.0,78.0,1761.5106,213.0,78.0,1761.5106,221.0,167.0,3674.4722
191.0,57.0,1283.5247,191.0,57.0,1283.5247,191.0,57.0,1283.5247,191.0,57.0,1283.5247,191.0,57.0,1283.5247,191.0,57.0,1283.5247,191.0,57.0,1283.5247,220.0,81.0,1797.7197,220.0,81.0,1797.7197,227.0,171.0,3733.9895
212.0,65.0,1461.3301,212.0,65.0,1461.3301,212.0,65.0,1461.3301,212.0,65.0,1461.3301,212.0,65.0,1461.3301,212.0,65.0,1461.3301,212.0,65.0,1461.3301,244.0,88.0,1957.8394,244.0,88.0,1957.8394,253.0,192.0,4214.386
215.0,63.0,1415.6433,215.0,63.0,1415.6433,215.0,63.0,1415.6433,215.0,63.0,1415.6433,215.0,63.0,1415.6433,215.0,63.0,1415.6433,215.0,63.0,1415.6433,259.0,93.0,2085.8135,259.0,93.0,2085.8135,269.0,214.0,4745.7544
213.0,61.0,1373.4249,213.0,61.0,1373.4249,213.0,61.0,1373.4249,213.0,61.0,1373.4249,213.0,61.0,1373.4249,213.0,61.0,1373.4249,213.0,61.0,1373.4249,266.0,100.0,2245.9502,266.0,100.0,2245.9502,275.0,222.0,4905.117
225.0,58.0,1320.7858,225.0,58.0,1320.7858,225.0,58.0,1320.7858,225.0,58.0,1320.7858,225.0,58.0,1320.7858,225.0,58.0,1320.7858,225.0,58.0,1320.7858,275.0,101.0,2285.1956,275.0,101.0,2285.1956,283.0,227.0,5041.925
234.0,61.0,1389.5416,234.0,61.0,1389.5416,234.0,61.0,1389.5416,234.0,61.0,1389.5416,234.0,61.0,1389.5416,234.0,61.0,1389.5416,234.0,61.0,1389.5416,283.0,103.0,2365.7437,283.0,103.0,2365.7437,289.0,230.0,5268.2246
258.0,66.0,1494.8296,258.0,66.0,1494.8296,258.0,66.0,1494.8296,258.0,66.0,1494.8296,258.0,66.0,1494.8296,258.0,66.0,1494.8296,258.0,66.0,1494.8296,310.0,109.0,2485.754,310.0,109.0,2485.754,317.0,255.0,5830.257
250.0,62.0,1408.3572,250.0,62.0,1408.3572,250.0,62.0,1408.3572,250.0,62.0,1408.3572,250.0,62.0,1408.3572,250.0,62.0,1408.3572,250.0,62.0,1408.3572,298.0,100.0,2285.2761,298.0,100.0,2285.2761,305.0,248.0,5671.672
246.0,59.0,1330.7472,246.0,59.0,1330.7472,246.0,59.0,1330.7472,246.0,59.0,1330.7472,246.0,59.0,1330.7472,246.0,59.0,1330.7472,246.0,59.0,1330.7472,294.0,97.0,2215.469,294.0,97.0,2215.469,301.0,247.0,5646.342
241.0,61.0,1372.8136,241.0,61.0,1372.8136,241.0,61.0,1372.8136,241.0,61.0,1372.8136,241.0,61.0,1372.8136,241.0,61.0,1372.8136,241.0,61.0,1372.8136,282.0,97.0,2187.6912,282.0,97.0,2187.6912,289.0,228.0,5167.3687
229.0,57.0,1294.621,229.0,57.0,1294.621,229.0,57.0,1294.621,229.0,57.0,1294.621,229.0,57.0,1294.621,229.0,57.0,1294.621,229.0,57.0,1294.621,268.0,93.0,2139.0332,268.0,93.0,2139.0332,275.0,216.0,4953.0913
224.0,60.0,1361.613,224.0,60.0,1361.613,224.0,60.0,1361.613,224.0,60.0,1361.613,224.0,60.0,1361.613,224.0,60.0,1361.613,224.0,60.0,1361.613,261.0,94.0,2146.864,261.0,94.0,2146.864,267.0,206.0,4699.3955
206.0,53.0,1186.6005,206.0,53.0,1186.6005,206.0,53.0,1186.6005,206.0,53.0,1186.6005,206.0,53.0,1186.6005,206.0,53.0,1186.6005,206.0,53.0,1186.6005,246.0,87.0,1968.9435,246.0,87.0,1968.9435,254.0,204.0,4603.495
188.0,45.0,1001.11847,188.0,45.0,1001.11847,188.0,45.0,1001.11847,188.0,45.0,1001.11847,188.0,45.0,1001.11847,188.0,45.0,1001.11847,188.0,45.0,1001.11847,232.0,82.0,1847.1799,232.0,82.0,1847.1799,242.0,198.0,4496.752
194.0,48.0,1074.4786,194.0,48.0,1074.4786,194.0,48.0,1074.4786,194.0,48.0,1074.4786,194.0,48.0,1074.4786,194.0,48.0,1074.4786,194.0,48.0,1074.4786,241.0,82.0,1857.5085,241.0,82.0,1857.5085,254.0,211.0,4818.7827
181.0,45.0,1014.56433,181.0,45.0,1014.56433,181.0,45.0,1014.56433,181.0,45.0,1014.56433,181.0,45.0,1014.56433,181.0,45.0,1014.56433,181.0,45.0,1014.56433,223.0,74.0,1682.2363,223.0,74.0,1682.2363,236.0,196.0,4488.064
186.0,46.0,1052.1035,186.0,46.0,1052.1035,186.0,46.0,1052.1035,186.0,46.0,1052.1035,186.0,46.0,1052.1035,186.0,46.0,1052.1035,186.0,46.0,1052.1035,233.0,75.0,1726.9329,233.0,75.0,1726.9329,248.0,211.0,4880.787
207.0,54.0,1239.3795,207.0,54.0,1239.3795,207.0,54.0,1239.3795,207.0,54.0,1239.3795,207.0,54.0,1239.3795,207.0,54.0,1239.3795,207.0,54.0,1239.3795,250.0,80.0,1828.3192,250.0,80.0,1828.3192,265.0,218.0,5014.689
218.0,56.0,1288.0044,218.0,56.0,1288.0044,218.0,56.0,1288.0044,218.0,56.0,1288.0044,218.0,56.0,1288.0044,218.0,56.0,1288.0044,218.0,56.0,1288.0044,259.0,80.0,1829.8423,259.0,80.0,1829.8423,275.0,225.0,5150.763
233.0,67.0,1538.7871,233.0,67.0,1538.7871,233.0,67.0,1538.7871,233.0,67.0,1538.7871,233.0,67.0,1538.7871,233.0,67.0,1538.7871,233.0,67.0,1538.7871,271.0,93.0,2108.0647,271.0,93.0,2108.0647,283.0,219.0,4995.7134
238.0,73.0,1656.2441,238.0,73.0,1656.2441,238.0,73.0,1656.2441,238.0,73.0,1656.2441,238.0,73.0,1656.2441,238.0,73.0,1656.2441,238.0,73.0,1656.2441,273.0,104.0,2353.7913,273.0,104.0,2353.7913,282.0,206.0,4665.4277
248.0,81.0,1858.3412,248.0,81.0,1858.3412,248.0,81.0,1858.3412,248.0,81.0,1858.3412,248.0,81.0,1858.3412,248.0,81.0,1858.3412,248.0,81.0,1858.3412,276.0,103.0,2345.4836,276.0,103.0,2345.4836,285.0,203.0,4588.605
263.0,84.0,1908.1094,263.0,84.0,1908.1094,263.0,84.0,1908.1094,263.0,84.0,1908.1094,263.0,84.0,1908.1094,263.0,84.0,1908.1094,263.0,84.0,1908.1094,295.0,110.0,2486.3943,295.0,110.0,2486.3943,304.0,218.0,4910.4165
288.0,81.0,1826.9796,288.0,81.0,1826.9796,288.0,81.0,1826.9796,288.0,81.0,1826.9796,288.0,81.0,1826.9796,288.0,81.0,1826.9796,288.0,81.0,1826.9796,317.0,107.0,2420.992,317.0,107.0,2420.992,327.0,242.0,5466.527
283.0,78.0,1751.3702,283.0,78.0,1751.3702,283.0,78.0,1751.3702,283.0,78.0,1751.3702,283.0,78.0,1751.3702,283.0,78.0,1751.3702,283.0,78.0,1751.3702,313.0,105.0,2365.065,313.0,105.0,2365.065,322.0,241.0,5451.617
289.0,83.0,1845.9224,289.0,83.0,1845.9224,289.0,83.0,1845.9224,289.0,83.0,1845.9224,289.0,83.0,1845.9224,289.0,83.0,1845.9224,289.0,83.0,1845.9224,320.0,112.0,2513.0134,320.0,112.0,2513.0134,328.0,242.0,5507.823
289.0,76.0,1700.1141,289.0,76.0,1700.1141,289.0,76.0,1700.1141,289.0,76.0,1700.1141,289.0,76.0,1700.1141,289.0,76.0,1700.1141,289.0,76.0,1700.1141,322.0,106.0,2389.1626,322.0,106.0,2389.1626,330.0,252.0,5762.6064
295.0,76.0,1705.278,295.0,76.0,1705.278,295.0,76.0,1705.278,295.0,76.0,1705.278,295.0,76.0,1705.278,295.0,76.0,1705.278,295.0,76.0,1705.278,328.0,103.0,2300.714,328.0,103.0,2300.714,337.0,261.0,5934.563
413.0,123.0,2825.5945,413.0,123.0,2825.5945,413.0,123.0,2825.5945,413.0,123.0,2825.5945,413.0,123.0,2825.5945,413.0,123.0,2825.5945,413.0,123.0,2825.5945,447.0,156.0,3562.1787,447.0,156.0,3562.1787,456.0,328.0,7552.764
472.0,141.0,3282.2212,472.0,141.0,3282.2212,472.0,141.0,3282.2212,472.0,141.0,3282.2212,472.0,141.0,3282.2212,472.0,141.0,3282.2212,472.0,141.0,3282.2212,511.0,181.0,4176.0425,511.0,181.0,4176.0425,522.0,373.0,8628.64
766.0,243.0,5619.4014,766.0,243.0,5619.4014,766.0,243.0,5619.4014,766.0,243.0,5619.4014,766.0,243.0,5619.4014,766.0,243.0,5619.4014,766.0,243.0,5619.4014,876.0,345.0,8026.135,876.0,345.0,8026.135,890.0,649.0,15134.259
829.0,249.0,5739.163,829.0,249.0,5739.163,829.0,249.0,5739.163,829.0,249.0,5739.163,829.0,249.0,5739.163,829.0,249.0,5739.163,829.0,249.0,5739.163,983.0,382.0,8898.827,983.0,382.0,8898.827,1000.0,764.0,17863.773
877.0,264.0,6074.911,877.0,264.0,6074.911,877.0,264.0,6074.911,877.0,264.0,6074.911,877.0,264.0,6074.911,877.0,264.0,6074.911,877.0,264.0,6074.911,1042.0,386.0,9001.395,1042.0,386.0,9001.395,1065.0,835.0,19434.826
901.0,265.0,6098.9253,901.0,265.0,6098.9253,901.0,265.0,6098.9253,901.0,265.0,6098.9253,901.0,265.0,6098.9253,901.0,265.0,6098.9253,901.0,265.0,6098.9253,1143.0,396.0,9236.95,1143.0,396.0,9236.95,1180.0,1027.0,23984.494
941.0,269.0,6184.1826,941.0,269.0,6184.1826,941.0,269.0,6184.1826,941.0,269.0,6184.1826,941.0,269.0,6184.1826,941.0,269.0,6184.1826,941.0,269.0,6184.1826,1186.0,409.0,9549.439,1186.0,409.0,9549.439,1229.0,1084.0,25367.64
856.0,226.0,5154.048,856.0,226.0,5154.048,856.0,226.0,5154.048,856.0,226.0,5154.048,856.0,226.0,5154.048,856.0,226.0,5154.048,856.0,226.0,5154.048,1092.0,355.0,8261.4795,1092.0,355.0,8261.4795,1136.0,1039.0,24243.684
819.0,218.0,4942.246,819.0,218.0,4942.246,819.0,218.0,4942.246,819.0,218.0,4942.246,819.0,218.0,4942.246,819.0,218.0,4942.246,819.0,218.0,4942.246,1056.0,334.0,7743.687,1056.0,334.0,7743.687,1101.0,1033.0,24090.928
550.0,127.0,2839.3838,550.0,127.0,2839.3838,550.0,127.0,2839.3838,550.0,127.0,2839.3838,550.0,127.0,2839.3838,550.0,127.0,2839.3838,550.0,127.0,2839.3838,736.0,193.0,4411.6733,736.0,193.0,4411.6733,779.0,808.0,18765.764
486.0,119.0,2658.4507,486.0,119.0,2658.4507,486.0,119.0,2658.4507,486.0,119.0,2658.4507,486.0,119.0,2658.4507,486.0,119.0,2658.4507,486.0,119.0,2658.4507,644.0,167.0,3797.286,644.0,167.0,3797.286,682.0,703.0,16293.473
467.0,101.0,2293.732,467.0,101.0,2293.732,467.0,101.0,2293.732,467.0,101.0,2293.732,467.0,101.0,2293.732,467.0,101.0,2293.732,467.0,101.0,2293.732,614.0,150.0,3453.5737,614.0,150.0,3453.5737,651.0,675.0,15727.441
411.0,86.0,1957.3167,411.0,86.0,1957.3167,411.0,86.0,1957.3167,411.0,86.0,1957.3167,411.0,86.0,1957.3167,411.0,86.0,1957.3167,411.0,86.0,1957.3167,500.0,125.0,2860.33,500.0,125.0,2860.33,534.0,516.0,11929.633
374.0,63.0,1433.9369,374.0,63.0,1433.9369,374.0,63.0,1433.9369,374.0,63.0,1433.9369,374.0,63.0,1433.9369,374.0,63.0,1433.9369,374.0,63.0,1433.9369,472.0,101.0,2296.1838,472.0,101.0,2296.1838,502.0,502.0,11632.563
382.0,58.0,1293.8013,382.0,58.0,1293.8013,382.0,58.0,1293.8013,382.0,58.0,1293.8013,382.0,58.0,1293.8013,382.0,58.0,1293.8013,382.0,58.0,1293.8013,500.0,107.0,2430.9507,500.0,107.0,2430.9507,528.0,545.0,12726.702
401.0,72.0,1626.2719,401.0,72.0,1626.2719,401.0,72.0,1626.2719,401.0,72.0,1626.2719,401.0,72.0,1626.2719,401.0,72.0,1626.2719,401.0,72.0,1626.2719,519.0,125.0,2853.6877,519.0,125.0,2853.6877,545.0,542.0,12643.45
395.0,66.0,1482.8593,395.0,66.0,1482.8593,395.0,66.0,1482.8593,395.0,66.0,1482.8593,395.0,66.0,1482.8593,395.0,66.0,1482.8593,395.0,66.0,1482.8593,495.0,119.0,2713.4138,495.0,119.0,2713.4138,516.0,496.0,11550.327
447.0,71.0,1582.4991,447.0,71.0,1582.4991,447.0,71.0,1582.4991,447.0,71.0,1582.4991,447.0,71.0,1582.4991,447.0,71.0,1582.4991,447.0,71.0,1582.4991,561.0,135.0,3074.7144,561.0,135.0,3074.7144,584.0,564.0,13130.514
457.0,83.0,1842.917,457.0,83.0,1842.917,457.0,83.0,1842.917,457.0,83.0,1842.917,457.0,83.0,1842.917,457.0,83.0,1842.917,457.0,83.0,1842.917,560.0,140.0,3173.4165,560.0,140.0,3173.4165,585.0,553.0,12897.6455
486.0,86.0,1882.5082,486.0,86.0,1882.5082,486.0,86.0,1882.5082,486.0,86.0,1882.5082,486.0,86.0,1882.5082,486.0,86.0,1882.5082,486.0,86.0,1882.5082,604.0,151.0,3407.765,604.0,151.0,3407.765,628.0,598.0,13972.901
495.0,98.0,2155.4934,495.0,98.0,2155.4934,495.0,98.0,2155.4934,495.0,98.0,2155.4934,495.0,98.0,2155.4934,495.0,98.0,2155.4934,495.0,98.0,2155.4934,616.0,169.0,3849.946,616.0,169.0,3849.946,642.0,595.0,13873.641
466.0,101.0,2210.38,466.0,101.0,2210.38,466.0,101.0,2210.38,466.0,101.0,2210.38,466.0,101.0,2210.38,466.0,101.0,2210.38,466.0,101.0,2210.38,596.0,178.0,4035.823,596.0,178.0,4035.823,624.0,575.0,13310.454
482.0,105.0,2285.7458,482.0,105.0,2285.7458,482.0,105.0,2285.7458,482.0,105.0,2285.7458,482.0,105.0,2285.7458,482.0,105.0,2285.7458,482.0,105.0,2285.7458,619.0,184.0,4152.5796,619.0,184.0,4152.5796,645.0,599.0,13863.965
487.0,107.0,2352.1738,487.0,107.0,2352.1738,487.0,107.0,2352.1738,487.0,107.0,2352.1738,487.0,107.0,2352.1738,487.0,107.0,2352.1738,487.0,107.0,2352.1738,635.0,180.0,4073.7227,635.0,180.0,4073.7227,667.0,642.0,14906.231
478.0,92.0,2006.8573,478.0,92.0,2006.8573,478.0,92.0,2006.8573,478.0,92.0,2006.8573,478.0,92.0,2006.8573,478.0,92.0,2006.8573,478.0,92.0,2006.8573,646.0,186.0,4227.4883,646.0,186.0,4227.4883,675.0,660.0,15291.773
490.0,90.0,1971.955,490.0,90.0,1971.955,490.0,90.0,1971.955,490.0,90.0,1971.955,490.0,90.0,1971.955,490.0,90.0,1971.955,490.0,90.0,1971.955,657.0,183.0,4153.207,657.0,183.0,4153.207,685.0,668.0,15418.152
472.0,92.0,2037.693,472.0,92.0,2037.693,472.0,92.0,2037.693,472.0,92.0,2037.693,472.0,92.0,2037.693,472.0,92.0,2037.693,472.0,92.0,2037.693,634.0,187.0,4232.067,634.0,187.0,4232.067,672.0,660.0,15156.669
455.0,84.0,1846.9961,455.0,84.0,1846.9961,455.0,84.0,1846.9961,455.0,84.0,1846.9961,455.0,84.0,1846.9961,455.0,84.0,1846.9961,455.0,84.0,1846.9961,612.0,172.0,3872.8623,612.0,172.0,3872.8623,653.0,656.0,15046.887
490.0,85.0,1886.0013,490.0,85.0,1886.0013,490.0,85.0,1886.0013,490.0,85.0,1886.0013,490.0,85.0,1886.0013,490.0,85.0,1886.0013,490.0,85.0,1886.0013,643.0,159.0,3580.33,643.0,159.0,3580.33,688.0,708.0,16188.177
464.0,70.0,1543.6676,464.0,70.0,1543.6676,464.0,70.0,1543.6676,464.0,70.0,1543.6676,464.0,70.0,1543.6676,464.0,70.0,1543.6676,464.0,70.0,1543.6676,602.0,137.0,3078.0789,602.0,137.0,3078.0789,647.0,679.0,15497.569
430.0,64.0,1404.7069,430.0,64.0,1404.7069,430.0,64.0,1404.7069,430.0,64.0,1404.7069,430.0,64.0,1404.7069,430.0,64.0,1404.7069,430.0,64.0,1404.7069,555.0,125.0,2791.929,555.0,125.0,2791.929,601.0,629.0,14288.918
392.0,62.0,1373.3711,392.0,62.0,1373.3711,392.0,62.0,1373.3711,392.0,62.0,1373.3711,392.0,62.0,1373.3711,392.0,62.0,1373.3711,392.0,62.0,1373.3711,510.0,113.0,2497.7388,510.0,113.0,2497.7388,554.0,589.0,13352.275
390.0,68.0,1520.3763,390.0,68.0,1520.3763,390.0,68.0,1520.3763,390.0,68.0,1520.3763,390.0,68.0,1520.3763,390.0,68.0,1520.3763,390.0,68.0,1520.3763,499.0,112.0,2463.2117,499.0,112.0,2463.2117,544.0,573.0,12946.586
374.0,63.0,1395.3488,374.0,63.0,1395.3488,374.0,63.0,1395.3488,374.0,63.0,1395.3488,374.0,63.0,1395.3488,374.0,63.0,1395.3488,374.0,63.0,1395.3488,480.0,99.0,2168.8047,480.0,99.0,2168.8047,519.0,545.0,12238.333
387.0,68.0,1494.9349,387.0,68.0,1494.9349,387.0,68.0,1494.9349,387.0,68.0,1494.9349,387.0,68.0,1494.9349,387.0,68.0,1494.9349,387.0,68.0,1494.9349,496.0,106.0,2312.7075,496.0,106.0,2312.7075,533.0,549.0,12250.569
351.0,65.0,1430.745,351.0,65.0,1430.745,351.0,65.0,1430.745,351.0,65.0,1430.745,351.0,65.0,1430.745,351.0,65.0,1430.745,351.0,65.0,1430.745,445.0,99.0,2149.0364,445.0,99.0,2149.0364,479.0,478.0,10666.925
360.0,74.0,1624.2393,360.0,74.0,1624.2393,360.0,74.0,1624.2393,360.0,74.0,1624.2393,360.0,74.0,1624.2393,360.0,74.0,1624.2393,360.0,74.0,1624.2393,446.0,107.0,2325.1604,446.0,107.0,2325.1604,481.0,467.0,10381.068
370.0,76.0,1673.5525,370.0,76.0,1673.5525,370.0,76.0,1673.5525,370.0,76.0,1673.5525,370.0,76.0,1673.5525,370.0,76.0,1673.5525,370.0,76.0,1673.5525,463.0,112.0,2455.4243,463.0,112.0,2455.4243,495.0,475.0,10593.884
373.0,78.0,1681.4094,373.0,78.0,1681.4094,373.0,78.0,1681.4094,373.0,78.0,1681.4094,373.0,78.0,1681.4094,373.0,78.0,1681.4094,373.0,78.0,1681.4094,469.0,124.0,2688.1838,469.0,124.0,2688.1838,497.0,466.0,10410.229
377.0,74.0,1576.0714,377.0,74.0,1576.0714,377.0,74.0,1576.0714,377.0,74.0,1576.0714,377.0,74.0,1576.0714,377.0,74.0,1576.0714,377.0,74.0,1576.0714,474.0,114.0,2459.0007,474.0,114.0,2459.0007,503.0,485.0,10895.056
386.0,77.0,1650.3402,386.0,77.0,1650.3402,386.0,77.0,1650.3402,386.0,77.0,1650.3402,386.0,77.0,1650.3402,386.0,77.0,1650.3402,386.0,77.0,1650.3402,476.0,119.0,2566.991,476.0,119.0,2566.991,501.0,472.0,10635.2705
417.0,80.0,1724.3014,417.0,80.0,1724.3014,417.0,80.0,1724.3014,417.0,80.0,1724.3014,417.0,80.0,1724.3014,417.0,80.0,1724.3014,417.0,80.0,1724.3014,494.0,119.0,2615.1392,494.0,119.0,2615.1392,517.0,478.0,10862.663
470.0,85.0,1830.5452,470.0,85.0,1830.5452,470.0,85.0,1830.5452,470.0,85.0,1830.5452,470.0,85.0,1830.5452,470.0,85.0,1830.5452,470.0,85.0,1830.5452,572.0,133.0,2930.7078,572.0,133.0,2930.7078,597.0,571.0,12991.22
535.0,98.0,2115.265,535.0,98.0,2115.265,535.0,98.0,2115.265,535.0,98.0,2115.265,535.0,98.0,2115.265,535.0,98.0,2115.265,535.0,98.0,2115.265,665.0,148.0,3260.703,665.0,148.0,3260.703,693.0,688.0,15696.649
564.0,100.0,2180.1602,564.0,100.0,2180.1602,564.0,100.0,2180.1602,564.0,100.0,2180.1602,564.0,100.0,2180.1602,564.0,100.0,2180.1602,564.0,100.0,2180.1602,720.0,157.0,3492.6772,720.0,157.0,3492.6772,756.0,775.0,17698.18
653.0,101.0,2224.7092,653.0,101.0,2224.7092,653.0,101.0,2224.7092,653.0,101.0,2224.7092,653.0,101.0,2224.7092,653.0,101.0,2224.7092,653.0,101.0,2224.7092,852.0,167.0,3778.4612,852.0,167.0,3778.4612,899.0,965.0,22098.336
687.0,103.0,2282.4954,687.0,103.0,2282.4954,687.0,103.0,2282.4954,687.0,103.0,2282.4954,687.0,103.0,2282.4954,687.0,103.0,2282.4954,687.0,103.0,2282.4954,909.0,174.0,3969.4666,909.0,174.0,3969.4666,967.0,1072.0,24659.861
702.0,102.0,2281.9124,702.0,102.0,2281.9124,702.0,102.0,2281.9124,702.0,102.0,2281.9124,702.0,102.0,2281.9124,702.0,102.0,2281.9124,702.0,102.0,2281.9124,941.0,172.0,3954.1016,941.0,172.0,3954.1016,1002.0,1130.0,26045.617
692.0,102.0,2280.8926,692.0,102.0,2280.8926,692.0,102.0,2280.8926,692.0,102.0,2280.8926,692.0,102.0,2280.8926,692.0,102.0,2280.8926,692.0,102.0,2280.8926,952.0,176.0,4020.276,952.0,176.0,4020.276,1016.0,1163.0,26805.916
949.0,96.0,2160.7517,949.0,96.0,2160.7517,949.0,96.0,2160.7517,949.0,96.0,2160.7517,949.0,96.0,2160.7517,949.0,96.0,2160.7517,949.0,96.0,2160.7517,1212.0,172.0,3953.7222,1212.0,172.0,3953.7222,1284.0,1465.0,33299.57
1041.0,87.0,1962.9137,1041.0,87.0,1962.9137,1041.0,87.0,1962.9137,1041.0,87.0,1962.9137,1041.0,87.0,1962.9137,1041.0,87.0,1962.9137,1041.0,87.0,1962.9137,1292.0,162.0,3751.8755,1292.0,162.0,3751.8755,1361.0,1535.0,34683.2
1087.0,77.0,1722.9111,1087.0,77.0,1722.9111,1087.0,77.0,1722.9111,1087.0,77.0,1722.9111,1087.0,77.0,1722.9111,1087.0,77.0,1722.9111,1087.0,77.0,1722.9111,1323.0,144.0,3315.3408,1323.0,144.0,3315.3408,1391.0,1565.0,35233.062
1066.0,73.0,1624.2498,1066.0,73.0,1624.2498,1066.0,73.0,1624.2498,1066.0,73.0,1624.2498,1066.0,73.0,1624.2498,1066.0,73.0,1624.2498,1066.0,73.0,1624.2498,1254.0,132.0,2993.9248,1254.0,132.0,2993.9248,1310.0,1427.0,31972.525
1025.0,69.0,1543.784,1025.0,69.0,1543.784,1025.0,69.0,1543.784,1025.0,69.0,1543.784,1025.0,69.0,1543.784,1025.0,69.0,1543.784,1025.0,69.0,1543.784,1190.0,130.0,2933.9578,1190.0,130.0,2933.9578,1243.0,1338.0,29815.525
973.0,64.0,1428.6047,973.0,64.0,1428.6047,973.0,64.0,1428.6047,973.0,64.0,1428.6047,973.0,64.0,1428.6047,973.0,64.0,1428.6047,973.0,64.0,1428.6047,1168.0,130.0,2923.4492,1168.0,130.0,2923.4492,1219.0,1341.0,29756.936
954.0,57.0,1269.6526,954.0,57.0,1269.6526,954.0,57.0,1269.6526,954.0,57.0,1269.6526,954.0,57.0,1269.6526,954.0,57.0,1269.6526,954.0,57.0,1269.6526,1130.0,116.0,2604.2576,1130.0,116.0,2604.2576,1183.0,1301.0,28833.27
714.0,64.0,1445.1965,714.0,64.0,1445.1965,714.0,64.0,1445.1965,714.0,64.0,1445.1965,714.0,64.0,1445.1965,714.0,64.0,1445.1965,714.0,64.0,1445.1965,823.0,108.0,2447.7698,823.0,108.0,2447.7698,866.0,900.0,20076.605
562.0,62.0,1380.4836,562.0,62.0,1380.4836,562.0,62.0,1380.4836,562.0,62.0,1380.4836,562.0,62.0,1380.4836,562.0,62.0,1380.4836,562.0,62.0,1380.4836,680.0,107.0,2413.6143,680.0,107.0,2413.6143,720.0,760.0,17105.918
498.0,68.0,1497.7443,498.0,68.0,1497.7443,498.0,68.0,1497.7443,498.0,68.0,1497.7443,498.0,68.0,1497.7443,498.0,68.0,1497.7443,498.0,68.0,1497.7443,612.0,122.0,2719.0674,612.0,122.0,2719.0674,649.0,672.0,15193.571
476.0,65.0,1445.7603,476.0,65.0,1445.7603,476.0,65.0,1445.7603,476.0,65.0,1445.7603,476.0,65.0,1445.7603,476.0,65.0,1445.7603,476.0,65.0,1445.7603,592.0,121.0,2721.8381,592.0,121.0,2721.8381,631.0,655.0,14850.63
439.0,62.0,1381.8431,439.0,62.0,1381.8431,439.0,62.0,1381.8431,439.0,62.0,1381.8431,439.0,62.0,1381.8431,439.0,62.0,1381.8431,439.0,62.0,1381.8431,541.0,109.0,2439.8518,541.0,109.0,2439.8518,579.0,599.0,13514.64
390.0,60.0,1332.3617,390.0,60.0,1332.3617,390.0,60.0,1332.3617,390.0,60.0,1332.3617,390.0,60.0,1332.3617,390.0,60.0,1332.3617,390.0,60.0,1332.3617,486.0,100.0,2223.9875,486.0,100.0,2223.9875,527.0,551.0,12476.825
414.0,61.0,1356.5714,414.0,61.0,1356.5714,414.0,61.0,1356.5714,414.0,61.0,1356.5714,414.0,61.0,1356.5714,414.0,61.0,1356.5714,414.0,61.0,1356.5714,533.0,119.0,2653.9219,533.0,119.0,2653.9219,581.0,630.0,14263.036
402.0,62.0,1334.7404,402.0,62.0,1334.7404,402.0,62.0,1334.7404,402.0,62.0,1334.7404,402.0,62.0,1334.7404,402.0,62.0,1334.7404,402.0,62.0,1334.7404,526.0,118.0,2596.3718,526.0,118.0,2596.3718,571.0,623.0,14056.445
374.0,57.0,1214.5762,374.0,57.0,1214.5762,374.0,57.0,1214.5762,374.0,57.0,1214.5762,374.0,57.0,1214.5762,374.0,57.0,1214.5762,374.0,57.0,1214.5762,501.0,115.0,2528.1873,501.0,115.0,2528.1873,547.0,603.0,13591.563
365.0,54.0,1171.0436,365.0,54.0,1171.0436,365.0,54.0,1171.0436,365.0,54.0,1171.0436,365.0,54.0,1171.0436,365.0,54.0,1171.0436,365.0,54.0,1171.0436,495.0,114.0,2538.6882,495.0,114.0,2538.6882,540.0,598.0,13514.246
355.0,53.0,1143.7084,355.0,53.0,1143.7084,355.0,53.0,1143.7084,355.0,53.0,1143.7084,355.0,53.0,1143.7084,355.0,53.0,1143.7084,355.0,53.0,1143.7084,490.0,111.0,2446.0955,490.0,111.0,2446.0955,534.0,598.0,13506.134
389.0,59.0,1278.387,389.0,59.0,1278.387,389.0,59.0,1278.387,389.0,59.0,1278.387,389.0,59.0,1278.387,389.0,59.0,1278.387,389.0,59.0,1278.387,523.0,123.0,2722.8123,523.0,123.0,2722.8123,573.0,636.0,14382.162
428.0,63.0,1371.9216,428.0,63.0,1371.9216,428.0,63.0,1371.9216,428.0,63.0,1371.9216,428.0,63.0,1371.9216,428.0,63.0,1371.9216,428.0,63.0,1371.9216,585.0,136.0,3048.5623,585.0,136.0,3048.5623,641.0,731.0,16623.814
801.0,104.0,2302.47,801.0,104.0,2302.47,801.0,104.0,2302.47,801.0,104.0,2302.47,801.0,104.0,2302.47,801.0,104.0,2302.47,801.0,104.0,2302.47,1096.0,260.0,5971.8984,1096.0,260.0,5971.8984,1177.0,1320.0,29841.275
905.0,118.0,2610.975,905.0,118.0,2610.975,905.0,118.0,2610.975,905.0,118.0,2610.975,905.0,118.0,2610.975,905.0,118.0,2610.975,905.0,118.0,2610.975,1246.0,303.0,6943.5864,1246.0,303.0,6943.5864,1346.0,1529.0,34522.125
974.0,127.0,2831.2073,974.0,127.0,2831.2073,974.0,127.0,2831.2073,974.0,127.0,2831.2073,974.0,127.0,2831.2073,974.0,127.0,2831.2073,974.0,127.0,2831.2073,1329.0,322.0,7529.137,1329.0,322.0,7529.137,1443.0,1653.0,37496.29
968.0,115.0,2575.5808,968.0,115.0,2575.5808,968.0,115.0,2575.5808,968.0,115.0,2575.5808,968.0,115.0,2575.5808,968.0,115.0,2575.5808,968.0,115.0,2575.5808,1354.0,323.0,7563.455,1354.0,323.0,7563.455,1479.0,1753.0,39703.547
980.0,116.0,2600.4568,980.0,116.0,2600.4568,980.0,116.0,2600.4568,980.0,116.0,2600.4568,980.0,116.0,2600.4568,980.0,116.0,2600.4568,980.0,116.0,2600.4568,1381.0,320.0,7494.323,1381.0,320.0,7494.323,1509.0,1808.0,40958.844
970.0,118.0,2622.374,970.0,118.0,2622.374,970.0,118.0,2622.374,970.0,118.0,2622.374,970.0,118.0,2622.374,970.0,118.0,2622.374,970.0,118.0,2622.374,1374.0,321.0,7497.8745,1374.0,321.0,7497.8745,1503.0,1804.0,40808.938
949.0,126.0,2787.3015,949.0,126.0,2787.3015,949.0,126.0,2787.3015,949.0,126.0,2787.3015,949.0,126.0,2787.3015,949.0,126.0,2787.3015,949.0,126.0,2787.3015,1332.0,317.0,7366.655,1332.0,317.0,7366.655,1452.0,1709.0,38612.766
632.0,97.0,2160.7695,632.0,97.0,2160.7695,632.0,97.0,2160.7695,632.0,97.0,2160.7695,632.0,97.0,2160.7695,632.0,97.0,2160.7695,632.0,97.0,2160.7695,836.0,188.0,4366.2896,836.0,188.0,4366.2896,912.0,1042.0,23620.018
492.0,74.0,1629.7109,492.0,74.0,1629.7109,492.0,74.0,1629.7109,492.0,74.0,1629.7109,492.0,74.0,1629.7109,492.0,74.0,1629.7109,492.0,74.0,1629.7109,657.0,139.0,3255.9646,657.0,139.0,3255.9646,714.0,822.0,18650.9
429.0,61.0,1332.3,429.0,61.0,1332.3,429.0,61.0,1332.3,429.0,61.0,1332.3,429.0,61.0,1332.3,429.0,61.0,1332.3,429.0,61.0,1332.3,557.0,111.0,2450.3667,557.0,111.0,2450.3667,613.0,699.0,15655.429
363.0,53.0,1160.6874,363.0,53.0,1160.6874,363.0,53.0,1160.6874,363.0,53.0,1160.6874,363.0,53.0,1160.6874,363.0,53.0,1160.6874,363.0,53.0,1160.6874,473.0,99.0,2167.8945,473.0,99.0,2167.8945,526.0,584.0,13097.627
317.0,48.0,1049.0671,317.0,48.0,1049.0671,317.0,48.0,1049.0671,317.0,48.0,1049.0671,317.0,48.0,1049.0671,317.0,48.0,1049.0671,317.0,48.0,1049.0671,410.0,88.0,1919.331,410.0,88.0,1919.331,458.0,492.0,10956.479
289.0,38.0,838.30914,289.0,38.0,838.30914,289.0,38.0,838.30914,289.0,38.0,838.30914,289.0,38.0,838.30914,289.0,38.0,838.30914,289.0,38.0,838.30914,382.0,82.0,1793.4613,382.0,82.0,1793.4613,426.0,463.0,10322.647
282.0,36.0,798.0062,282.0,36.0,798.0062,282.0,36.0,798.0062,282.0,36.0,798.0062,282.0,36.0,798.0062,282.0,36.0,798.0062,282.0,36.0,798.0062,385.0,83.0,1833.084,385.0,83.0,1833.084,425.0,471.0,10527.475
274.0,37.0,792.4561,274.0,37.0,792.4561,274.0,37.0,792.4561,274.0,37.0,792.4561,274.0,37.0,792.4561,274.0,37.0,792.4561,274.0,37.0,792.4561,370.0,84.0,1851.8389,370.0,84.0,1851.8389,404.0,427.0,9536.346
274.0,45.0,949.96,274.0,45.0,949.96,274.0,45.0,949.96,274.0,45.0,949.96,274.0,45.0,949.96,274.0,45.0,949.96,274.0,45.0,949.96,359.0,89.0,1962.8468,359.0,89.0,1962.8468,391.0,396.0,8838.777
306.0,56.0,1169.6304,306.0,56.0,1169.6304,306.0,56.0,1169.6304,306.0,56.0,1169.6304,306.0,56.0,1169.6304,306.0,56.0,1169.6304,306.0,56.0,1169.6304,411.0,107.0,2359.0303,411.0,107.0,2359.0303,452.0,475.0,10654.011
319.0,56.0,1176.6777,319.0,56.0,1176.6777,319.0,56.0,1176.6777,319.0,56.0,1176.6777,319.0,56.0,1176.6777,319.0,56.0,1176.6777,319.0,56.0,1176.6777,423.0,103.0,2270.7393,423.0,103.0,2270.7393,463.0,484.0,10830.089
342.0,67.0,1414.0138,342.0,67.0,1414.0138,342.0,67.0,1414.0138,342.0,67.0,1414.0138,342.0,67.0,1414.0138,342.0,67.0,1414.0138,342.0,67.0,1414.0138,446.0,117.0,2579.3433,446.0,117.0,2579.3433,486.0,499.0,11185.703
385.0,77.0,1660.4583,385.0,77.0,1660.4583,385.0,77.0,1660.4583,385.0,77.0,1660.4583,385.0,77.0,1660.4583,385.0,77.0,1660.4583,385.0,77.0,1660.4583,517.0,139.0,3085.1904,517.0,139.0,3085.1904,569.0,610.0,13716.604
396.0,79.0,1714.5104,396.0,79.0,1714.5104,396.0,79.0,1714.5104,396.0,79.0,1714.5104,396.0,79.0,1714.5104,396.0,79.0,1714.5104,396.0,79.0,1714.5104,540.0,146.0,3255.675,540.0,146.0,3255.675,592.0,641.0,14449.2705
408.0,72.0,1553.3228,408.0,72.0,1553.3228,408.0,72.0,1553.3228,408.0,72.0,1553.3228,408.0,72.0,1553.3228,408.0,72.0,1553.3228,408.0,72.0,1553.3228,582.0,158.0,3536.456,582.0,158.0,3536.456,639.0,716.0,16175.515
489.0,83.0,1817.616,489.0,83.0,1817.616,489.0,83.0,1817.616,489.0,83.0,1817.616,489.0,83.0,1817.616,489.0,83.0,1817.616,489.0,83.0,1817.616,672.0,168.0,3765.819,672.0,168.0,3765.819,739.0,834.0,18787.602
482.0,77.0,1698.5692,482.0,77.0,1698.5692,482.0,77.0,1698.5692,482.0,77.0,1698.5692,482.0,77.0,1698.5692,482.0,77.0,1698.5692,482.0,77.0,1698.5692,672.0,167.0,3756.684,672.0,167.0,3756.684,739.0,839.0,18892.486
523.0,80.0,1752.7174,523.0,80.0,1752.7174,523.0,80.0,1752.7174,523.0,80.0,1752.7174,523.0,80.0,1752.7174,523.0,80.0,1752.7174,523.0,80.0,1752.7174,748.0,196.0,4426.3916,748.0,196.0,4426.3916,816.0,924.0,20841.39
562.0,84.0,1822.5719,562.0,84.0,1822.5719,562.0,84.0,1822.5719,562.0,84.0,1822.5719,562.0,84.0,1822.5719,562.0,84.0,1822.5719,562.0,84.0,1822.5719,812.0,217.0,4913.5894,812.0,217.0,4913.5894,894.0,1032.0,23380.494
718.0,117.0,2526.4478,718.0,117.0,2526.4478,718.0,117.0,2526.4478,718.0,117.0,2526.4478,718.0,117.0,2526.4478,718.0,117.0,2526.4478,718.0,117.0,2526.4478,1007.0,279.0,6266.0767,1007.0,279.0,6266.0767,1091.0,1201.0,27050.045
831.0,137.0,2987.3467,831.0,137.0,2987.3467,831.0,137.0,2987.3467,831.0,137.0,2987.3467,831.0,137.0,2987.3467,831.0,137.0,2987.3467,831.0,137.0,2987.3467,1157.0,317.0,7130.376,1157.0,317.0,7130.376,1253.0,1370.0,30718.0
856.0,140.0,3037.698,856.0,140.0,3037.698,856.0,140.0,3037.698,856.0,140.0,3037.698,856.0,140.0,3037.698,856.0,140.0,3037.698,856.0,140.0,3037.698,1188.0,328.0,7333.449,1188.0,328.0,7333.449,1289.0,1406.0,31428.033
859.0,143.0,3081.3376,859.0,143.0,3081.3376,859.0,143.0,3081.3376,859.0,143.0,3081.3376,859.0,143.0,3081.3376,859.0,143.0,3081.3376,859.0,143.0,3081.3376,1185.0,335.0,7493.125,1185.0,335.0,7493.125,1281.0,1377.0,30771.066
881.0,151.0,3244.664,881.0,151.0,3244.664,881.0,151.0,3244.664,881.0,151.0,3244.664,881.0,151.0,3244.664,881.0,151.0,3244.664,881.0,151.0,3244.664,1196.0,334.0,7452.4917,1196.0,334.0,7452.4917,1291.0,1372.0,30587.113
819.0,142.0,3043.1274,819.0,142.0,3043.1274,819.0,142.0,3043.1274,819.0,142.0,3043.1274,819.0,142.0,3043.1274,819.0,142.0,3043.1274,819.0,142.0,3043.1274,1140.0,324.0,7180.184,1140.0,324.0,7180.184,1230.0,1313.0,29176.656
783.0,129.0,2774.31,783.0,129.0,2774.31,783.0,129.0,2774.31,783.0,129.0,2774.31,783.0,129.0,2774.31,783.0,129.0,2774.31,783.0,129.0,2774.31,1087.0,298.0,6603.863,1087.0,298.0,6603.863,1173.0,1255.0,27757.857
663.0,108.0,2348.039,663.0,108.0,2348.039,663.0,108.0,2348.039,663.0,108.0,2348.039,663.0,108.0,2348.039,663.0,108.0,2348.039,663.0,108.0,2348.039,905.0,241.0,5323.7393,905.0,241.0,5323.7393,965.0,1003.0,22055.979
589.0,96.0,2061.6897,589.0,96.0,2061.6897,589.0,96.0,2061.6897,589.0,96.0,2061.6897,589.0,96.0,2061.6897,589.0,96.0,2061.6897,589.0,96.0,2061.6897,766.0,186.0,4049.084,766.0,186.0,4049.084,827.0,850.0,18624.135
576.0,92.0,2007.5116,576.0,92.0,2007.5116,576.0,92.0,2007.5116,576.0,92.0,2007.5116,576.0,92.0,2007.5116,576.0,92.0,2007.5116,576.0,92.0,2007.5116,740.0,173.0,3800.0674,740.0,173.0,3800.0674,799.0,822.0,18030.42
558.0,90.0,1971.2379,558.0,90.0,1971.2379,558.0,90.0,1971.2379,558.0,90.0,1971.2379,558.0,90.0,1971.2379,558.0,90.0,1971.2379,558.0,90.0,1971.2379,723.0,166.0,3642.1785,723.0,166.0,3642.1785,776.0,800.0,17540.025
522.0,85.0,1867.6414,522.0,85.0,1867.6414,522.0,85.0,1867.6414,522.0,85.0,1867.6414,522.0,85.0,1867.6414,522.0,85.0,1867.6414,522.0,85.0,1867.6414,665.0,144.0,3168.8916,665.0,144.0,3168.8916,714.0,729.0,15966.516
496.0,84.0,1848.5342,496.0,84.0,1848.5342,496.0,84.0,1848.5342,496.0,84.0,1848.5342,496.0,84.0,1848.5342,496.0,84.0,1848.5342,496.0,84.0,1848.5342,630.0,142.0,3145.5598,630.0,142.0,3145.5598,674.0,687.0,15018.041
424.0,61.0,1316.6974,424.0,61.0,1316.6974,424.0,61.0,1316.6974,424.0,61.0,1316.6974,424.0,61.0,1316.6974,424.0,61.0,1316.6974,424.0,61.0,1316.6974,552.0,118.0,2610.782,552.0,118.0,2610.782,593.0,622.0,13613.766
555.0,57.0,1225.9647,555.0,57.0,1225.9647,555.0,57.0,1225.9647,555.0,57.0,1225.9647,555.0,57.0,1225.9647,555.0,57.0,1225.9647,555.0,57.0,1225.9647,678.0,112.0,2459.3706,678.0,112.0,2459.3706,718.0,753.0,16474.277
582.0,61.0,1329.5317,582.0,61.0,1329.5317,582.0,61.0,1329.5317,582.0,61.0,1329.5317,582.0,61.0,1329.5317,582.0,61.0,1329.5317,582.0,61.0,1329.5317,734.0,140.0,3106.7175,734.0,140.0,3106.7175,785.0,831.0,18320.012
606.0,75.0,1589.6791,606.0,75.0,1589.6791,606.0,75.0,1589.6791,606.0,75.0,1589.6791,606.0,75.0,1589.6791,606.0,75.0,1589.6791,606.0,75.0,1589.6791,774.0,167.0,3662.733,774.0,167.0,3662.733,819.0,847.0,18731.861
641.0,85.0,1798.4019,641.0,85.0,1798.4019,641.0,85.0,1798.4019,641.0,85.0,1798.4019,641.0,85.0,1798.4019,641.0,85.0,1798.4019,641.0,85.0,1798.4019,813.0,187.0,4111.9204,813.0,187.0,4111.9204,855.0,863.0,19131.47
658.0,95.0,2010.3842,658.0,95.0,2010.3842,658.0,95.0,2010.3842,658.0,95.0,2010.3842,658.0,95.0,2010.3842,658.0,95.0,2010.3842,658.0,95.0,2010.3842,834.0,198.0,4307.6577,834.0,198.0,4307.6577,877.0,882.0,19522.943
692.0,89.0,1887.3915,692.0,89.0,1887.3915,692.0,89.0,1887.3915,692.0,89.0,1887.3915,692.0,89.0,1887.3915,692.0,89.0,1887.3915,692.0,89.0,1887.3915,878.0,201.0,4399.2734,878.0,201.0,4399.2734,920.0,930.0,20565.756
681.0,91.0,1945.7242,681.0,91.0,1945.7242,681.0,91.0,1945.7242,681.0,91.0,1945.7242,681.0,91.0,1945.7242,681.0,91.0,1945.7242,681.0,91.0,1945.7242,874.0,206.0,4520.9434,874.0,206.0,4520.9434,917.0,928.0,20495.402
504.0,78.0,1641.6675,504.0,78.0,1641.6675,504.0,78.0,1641.6675,504.0,78.0,1641.6675,504.0,78.0,1641.6675,504.0,78.0,1641.6675,504.0,78.0,1641.6675,728.0,203.0,4470.9497,728.0,203.0,4470.9497,778.0,834.0,18520.135
447.0,66.0,1377.3065,447.0,66.0,1377.3065,447.0,66.0,1377.3065,447.0,66.0,1377.3065,447.0,66.0,1377.3065,447.0,66.0,1377.3065,447.0,66.0,1377.3065,640.0,173.0,3831.6526,640.0,173.0,3831.6526,680.0,722.0,15986.487
455.0,57.0,1207.8477,455.0,57.0,1207.8477,455.0,57.0,1207.8477,455.0,57.0,1207.8477,455.0,57.0,1207.8477,455.0,57.0,1207.8477,455.0,57.0,1207.8477,621.0,152.0,3391.6494,621.0,152.0,3391.6494,656.0,684.0,15057.401
458.0,62.0,1307.4115,458.0,62.0,1307.4115,458.0,62.0,1307.4115,458.0,62.0,1307.4115,458.0,62.0,1307.4115,458.0,62.0,1307.4115,458.0,62.0,1307.4115,594.0,144.0,3181.824,594.0,144.0,3181.824,628.0,634.0,13899.474
471.0,61.0,1291.2323,471.0,61.0,1291.2323,471.0,61.0,1291.2323,471.0,61.0,1291.2323,471.0,61.0,1291.2323,471.0,61.0,1291.2323,471.0,61.0,1291.2323,603.0,142.0,3143.2188,603.0,142.0,3143.2188,631.0,622.0,13669.091
440.0,62.0,1332.3038,440.0,62.0,1332.3038,440.0,62.0,1332.3038,440.0,62.0,1332.3038,440.0,62.0,1332.3038,440.0,62.0,1332.3038,440.0,62.0,1332.3038,589.0,147.0,3304.948,589.0,147.0,3304.948,621.0,623.0,13827.629
451.0,60.0,1280.8756,451.0,60.0,1280.8756,451.0,60.0,1280.8756,451.0,60.0,1280.8756,451.0,60.0,1280.8756,451.0,60.0,1280.8756,451.0,60.0,1280.8756,611.0,154.0,3422.4194,611.0,154.0,3422.4194,646.0,652.0,14429.723
416.0,64.0,1358.4336,416.0,64.0,1358.4336,416.0,64.0,1358.4336,416.0,64.0,1358.4336,416.0,64.0,1358.4336,416.0,64.0,1358.4336,416.0,64.0,1358.4336,564.0,154.0,3413.9321,564.0,154.0,3413.9321,599.0,591.0,13047.804
399.0,59.0,1232.8828,399.0,59.0,1232.8828,399.0,59.0,1232.8828,399.0,59.0,1232.8828,399.0,59.0,1232.8828,399.0,59.0,1232.8828,399.0,59.0,1232.8828,551.0,149.0,3317.6338,551.0,149.0,3317.6338,589.0,593.0,13128.769
378.0,63.0,1312.2556,378.0,63.0,1312.2556,378.0,63.0,1312.2556,378.0,63.0,1312.2556,378.0,63.0,1312.2556,378.0,63.0,1312.2556,378.0,63.0,1312.2556,522.0,139.0,3084.2854,522.0,139.0,3084.2854,565.0,575.0,12713.082
353.0,49.0,1013.08246,353.0,49.0,1013.08246,353.0,49.0,1013.08246,353.0,49.0,1013.08246,353.0,49.0,1013.08246,353.0,49.0,1013.08246,353.0,49.0,1013.08246,506.0,133.0,2957.3333,506.0,133.0,2957.3333,548.0,573.0,12684.982
330.0,40.0,821.5406,330.0,40.0,821.5406,330.0,40.0,821.5406,330.0,40.0,821.5406,330.0,40.0,821.5406,330.0,40.0,821.5406,330.0,40.0,821.5406,475.0,120.0,2669.4905,475.0,120.0,2669.4905,521.0,556.0,12329.18
319.0,42.0,858.4075,319.0,42.0,858.4075,319.0,42.0,858.4075,319.0,42.0,858.4075,319.0,42.0,858.4075,319.0,42.0,858.4075,319.0,42.0,858.4075,446.0,111.0,2456.8857,446.0,111.0,2456.8857,487.0,511.0,11245.674
298.0,44.0,944.61957,298.0,44.0,944.61957,298.0,44.0,944.61957,298.0,44.0,944.61957,298.0,44.0,944.61957,298.0,44.0,944.61957,298.0,44.0,944.61957,430.0,118.0,2602.703,430.0,118.0,2602.703,468.0,491.0,10843.623
297.0,46.0,983.621,297.0,46.0,983.621,297.0,46.0,983.621,297.0,46.0,983.621,297.0,46.0,983.621,297.0,46.0,983.621,297.0,46.0,983.621,435.0,118.0,2594.7266,435.0,118.0,2594.7266,476.0,511.0,11230.824
269.0,42.0,887.4241,269.0,42.0,887.4241,269.0,42.0,887.4241,269.0,42.0,887.4241,269.0,42.0,887.4241,269.0,42.0,887.4241,269.0,42.0,887.4241,396.0,105.0,2262.8062,396.0,105.0,2262.8062,430.0,466.0,10196.926
283.0,42.0,889.28485,283.0,42.0,889.28485,283.0,42.0,889.28485,283.0,42.0,889.28485,283.0,42.0,889.28485,283.0,42.0,889.28485,283.0,42.0,889.28485,421.0,106.0,2309.7808,421.0,106.0,2309.7808,461.0,516.0,11407.2
283.0,43.0,917.8518,283.0,43.0,917.8518,283.0,43.0,917.8518,283.0,43.0,917.8518,283.0,43.0,917.8518,283.0,43.0,917.8518,283.0,43.0,917.8518,425.0,109.0,2387.8096,425.0,109.0,2387.8096,465.0,521.0,11540.333
282.0,42.0,894.87396,282.0,42.0,894.87396,282.0,42.0,894.87396,282.0,42.0,894.87396,282.0,42.0,894.87396,282.0,42.0,894.87396,282.0,42.0,894.87396,418.0,104.0,2289.345,418.0,104.0,2289.345,458.0,511.0,11314.377
283.0,43.0,914.5349,283.0,43.0,914.5349,283.0,43.0,914.5349,283.0,43.0,914.5349,283.0,43.0,914.5349,283.0,43.0,914.5349,283.0,43.0,914.5349,407.0,97.0,2138.438,407.0,97.0,2138.438,445.0,490.0,10869.527
264.0,34.0,720.00745,264.0,34.0,720.00745,264.0,34.0,720.00745,264.0,34.0,720.00745,264.0,34.0,720.00745,264.0,34.0,720.00745,264.0,34.0,720.00745,386.0,90.0,1977.9371,386.0,90.0,1977.9371,425.0,478.0,10610.635
249.0,31.0,654.41724,249.0,31.0,654.41724,249.0,31.0,654.41724,249.0,31.0,654.41724,249.0,31.0,654.41724,249.0,31.0,654.41724,249.0,31.0,654.41724,363.0,84.0,1849.9092,363.0,84.0,1849.9092,403.0,457.0,10147.9
282.0,36.0,756.9285,282.0,36.0,756.9285,282.0,36.0,756.9285,282.0,36.0,756.9285,282.0,36.0,756.9285,282.0,36.0,756.9285,282.0,36.0,756.9285,401.0,92.0,2044.7971,401.0,92.0,2044.7971,445.0,493.0,10900.963
260.0,37.0,787.28,260.0,37.0,787.28,260.0,37.0,787.28,260.0,37.0,787.28,260.0,37.0,787.28,260.0,37.0,787.28,260.0,37.0,787.28,371.0,87.0,1924.0311,371.0,87.0,1924.0311,409.0,443.0,9730.557
314.0,31.0,661.2748,314.0,31.0,661.2748,314.0,31.0,661.2748,314.0,31.0,661.2748,314.0,31.0,661.2748,314.0,31.0,661.2748,314.0,31.0,661.2748,420.0,74.0,1631.8975,420.0,74.0,1631.8975,465.0,504.0,11245.076
344.0,41.0,856.475,344.0,41.0,856.475,344.0,41.0,856.475,344.0,41.0,856.475,344.0,41.0,856.475,344.0,41.0,856.475,344.0,41.0,856.475,458.0,92.0,2005.0996,458.0,92.0,2005.0996,503.0,531.0,11805.25
349.0,41.0,842.387,349.0,41.0,842.387,349.0,41.0,842.387,349.0,41.0,842.387,349.0,41.0,842.387,349.0,41.0,842.387,349.0,41.0,842.387,473.0,97.0,2105.454,473.0,97.0,2105.454,518.0,555.0,12343.543
341.0,40.0,827.18335,341.0,40.0,827.18335,341.0,40.0,827.18335,341.0,40.0,827.18335,341.0,40.0,827.18335,341.0,40.0,827.18335,341.0,40.0,827.18335,461.0,94.0,2034.5358,461.0,94.0,2034.5358,510.0,552.0,12279.518
337.0,47.0,966.97845,337.0,47.0,966.97845,337.0,47.0,966.97845,337.0,47.0,966.97845,337.0,47.0,966.97845,337.0,47.0,966.97845,337.0,47.0,966.97845,445.0,91.0,1943.3179,445.0,91.0,1943.3179,494.0,524.0,11646.046
327.0,38.0,772.353,327.0,38.0,772.353,327.0,38.0,772.353,327.0,38.0,772.353,327.0,38.0,772.353,327.0,38.0,772.353,327.0,38.0,772.353,437.0,92.0,1968.4814,437.0,92.0,1968.4814,484.0,510.0,11386.547
340.0,43.0,875.17474,340.0,43.0,875.17474,340.0,43.0,875.17474,340.0,43.0,875.17474,340.0,43.0,875.17474,340.0,43.0,875.17474,340.0,43.0,875.17474,438.0,101.0,2170.742,438.0,101.0,2170.742,484.0,492.0,10995.844
296.0,48.0,982.4561,296.0,48.0,982.4561,296.0,48.0,982.4561,296.0,48.0,982.4561,296.0,48.0,982.4561,296.0,48.0,982.4561,296.0,48.0,982.4561,407.0,118.0,2563.9133,407.0,118.0,2563.9133,449.0,462.0,10206.095
278.0,46.0,937.90436,278.0,46.0,937.90436,278.0,46.0,937.90436,278.0,46.0,937.90436,278.0,46.0,937.90436,278.0,46.0,937.90436,278.0,46.0,937.90436,382.0,107.0,2323.1611,382.0,107.0,2323.1611,425.0,445.0,9884.799
268.0,47.0,964.9297,268.0,47.0,964.9297,268.0,47.0,964.9297,268.0,47.0,964.9297,268.0,47.0,964.9297,268.0,47.0,964.9297,268.0,47.0,964.9297,365.0,106.0,2302.6965,365.0,106.0,2302.6965,406.0,415.0,9240.751
360.0,54.0,1091.4813,360.0,54.0,1091.4813,360.0,54.0,1091.4813,360.0,54.0,1091.4813,360.0,54.0,1091.4813,360.0,54.0,1091.4813,360.0,54.0,1091.4813,462.0,121.0,2569.5056,462.0,121.0,2569.5056,506.0,509.0,11299.534
