Graph Number,Average Node Degree,Unique Degree Count,Degree Centrality,Assortivity Coefficient,Clustering Coefficient,Density,Number of Weakly Connected Components,Number of Strongly Connected Components,Number of Nodes,Number of Edges,Eigenvalue_1,Eigenvalue_2,Eigenvalue_3,Eigenvalue_4,Eigenvalue_5
0,1.8194805194805195,24,0.0011822485506696031,-0.24183551568720543,0.02263161885093712,0.0005911242753348017,214,1491,1540,1401,2.6580539672124575,1.9999999999999982,1.610182791071391,-1.4142135623730951,1.4142135623730936
1,1.8201669877970457,25,0.001169773128404271,-0.24195142811026182,0.02101173286770776,0.0005848865642021355,217,1507,1557,1417,2.6580539672124597,2.0000000000000004,1.6101827910713875,-1.4142135623730956,1.414213562373095
2,1.8358340688437775,18,0.0016217615449149979,-0.3195739372248262,0.011326365477083763,0.0008108807724574989,132,1110,1133,1040,1.9495476375354288,-1.414213562373096,1.4142135623730956,1.000000000000001,1.0000000000000009
3,1.8408071748878925,16,0.002066001318617163,-0.33491777801858585,0.011585244422872332,0.0010330006593085815,98,872,892,821,1.9438231774462813,-1.4142135623730951,1.414213562373095,1.0000000000000002,1.0
4,1.816689466484268,15,0.002488615707512696,-0.31962079535172533,0.014365167119723438,0.001244307853756348,87,716,731,664,1.9041608591349228,1.0000000000000013,-1.0000000000000009,1.0,-1.0
5,1.7505112474437627,10,0.003587113211974923,-0.3779239751721995,0.023588062283356998,0.0017935566059874618,80,474,489,428,1.904160859134921,1.0,-1.0,1.0,1.0
6,1.7724288840262583,11,0.003886905447426005,-0.38678323091006694,0.020861621552144227,0.0019434527237130023,68,443,457,405,1.9041608591349228,1.0,-1.0,-1.0,1.0
7,1.6635514018691588,9,0.005198598130841121,-0.36773582663457116,0.023480544865921445,0.0025992990654205607,66,311,321,267,1.7963219032594442,1.0,1.0,1.0,1.0
8,1.6567656765676568,9,0.005485979061482307,-0.3711691907149494,0.02487775141991535,0.0027429895307411536,63,293,303,251,1.79632190325944,1.0,1.0,0.9999999999999999,-0.9999999999999993
9,1.6852459016393442,9,0.0055435720448662636,-0.4045206640057512,0.024711350099534447,0.002771786022433132,60,295,305,257,1.7963219032594449,-1.000000000000001,1.0,1.0,0.9999999999999982
10,1.6643835616438356,8,0.005719531139669538,-0.4122521734644602,0.015990122076227752,0.002859765569834769,58,286,292,243,1.5213797068045687,1.0,-1.0,1.0,1.0
11,1.6199095022624435,7,0.007363225010283832,-0.4513391469680736,0.0,0.003681612505141917,47,219,221,179,1.0,-1.0,1.0,-1.0,1.0
12,1.670995670995671,7,0.007265198569546396,-0.46719351699596834,0.0,0.003632599284773198,42,230,231,193,1.0,-1.0,1.0,0.0,0.0
13,1.7806451612903227,8,0.005762605699968682,-0.4688550593963909,0.02581617783881051,0.002881302849984341,41,309,310,276,1.0,-1.0,0.0,0.0,0.0
14,1.795275590551181,8,0.004724409448818898,-0.45452189116915087,0.031506089131246987,0.002362204724409449,53,375,381,342,1.521379706804566,1.0,-1.0,-0.7606898534022841,-0.7606898534022841
15,1.7583892617449663,9,0.0039425768200559794,-0.42525404913538817,0.026853763789668625,0.0019712884100279893,68,441,447,393,1.5213797068045687,1.0,-1.0,-0.7606898534022838,-0.7606898534022838
16,1.7372881355932204,8,0.0036885098420238226,-0.4032590865642778,0.030382897210108353,0.001844254921011911,78,467,472,410,1.259921049894873,1.0,-1.0,-0.6299605249474365,-0.6299605249474365
17,1.7206477732793521,9,0.0034901577551305326,-0.3946398888813767,0.03307891136066355,0.0017450788775652658,87,486,494,425,1.6716998816571598,-0.9999999999999998,0.9999999999999998,-0.83584994082858,-0.83584994082858
18,1.7137096774193548,8,0.0034620397523623335,-0.38978015665268134,0.035634239624410265,0.0017310198761811666,90,486,496,425,1.7963219032594413,-1.0000000000000002,1.0,-0.8981609516297215,-0.8981609516297215
19,1.6885245901639345,8,0.003467196283704178,-0.38148140111624806,0.032790614332853796,0.0017335981418520887,95,480,488,412,1.6716998816571627,1.0,-1.0,-0.8358499408285822,-0.8358499408285822
20,1.60613810741688,7,0.004118302839530461,-0.31143412705667445,0.011937308082098003,0.0020591514197652303,92,383,391,314,1.6716998816571598,-0.9999999999999998,0.9999999999999996,-0.83584994082858,-0.83584994082858
21,1.5891238670694865,7,0.004815526869907534,-0.30916130780923795,0.014102554196511127,0.0024077634349537673,79,324,331,263,1.6716998816571613,-0.8358499408285807,-0.8358499408285807,-1.4538216227420728e-10,1.453743180470762e-10
22,1.6074766355140186,6,0.005023364485981309,-0.3096593272453917,0.014542129341961956,0.0025116822429906544,73,314,321,258,1.6716998816571607,-0.8358499408285813,-0.8358499408285813,-6.09479574456389e-09,6.0947953473892594e-09
23,1.6194029850746268,6,0.006065179719380626,-0.2984845276772713,0.02426456252843186,0.0030325898596903125,61,261,268,217,1.6716998816571609,-0.8358499408285802,-0.8358499408285802,1.4320342881585344e-08,-1.4320342869059513e-08
24,1.6305220883534137,6,0.006574685840134731,-0.2973759290110038,0.023442562520613858,0.0032873429200673664,56,243,249,203,1.4422495703074105,-0.7211247851537046,-0.7211247851537046,3.640208794120081e-17,0.0
25,1.6186770428015564,6,0.00632295719844358,-0.2928925746979937,0.014926042442807076,0.00316147859922179,58,251,257,208,1.4422495703074105,-0.7211247851537044,-0.7211247851537044,2.314095542803452e-08,-2.3140955172507872e-08
26,1.628691983122363,6,0.006901237216620181,-0.2956535166172438,0.013371263911554123,0.003450618608310091,50,233,237,193,1.2599210498948739,-0.6299605249474372,-0.6299605249474372,1.5712461171567271e-16,0.0
27,1.6372093023255814,6,0.0076505107585307505,-0.30595184890317373,0.0,0.003825255379265377,45,215,215,176,0.0,0.0,0.0,0.0,0.0
28,1.625,6,0.00785024154589372,-0.30056128245646824,0.0,0.00392512077294686,45,208,208,169,0.0,0.0,0.0,0.0,0.0
29,1.6097560975609757,6,0.009875804279515187,-0.3122861306290241,0.0,0.004937902139757594,36,164,164,132,0.0,0.0,0.0,0.0,0.0
30,1.617283950617284,6,0.010045241929299899,-0.30880765728894805,0.012354009430032821,0.00502262096464995,35,162,162,131,0.0,0.0,0.0,0.0,0.0
31,1.6305732484076434,5,0.01045239261799771,-0.3343532085299124,0.012747019434917524,0.005226196308998857,33,157,157,128,0.0,0.0,0.0,0.0,0.0
32,1.6233766233766234,6,0.010610304727951787,-0.32905754394215375,0.012994204024104358,0.005305152363975893,35,154,154,125,0.0,0.0,0.0,0.0,0.0
33,1.6233766233766234,6,0.010610304727951785,-0.3441171083996249,0.01299493189737092,0.005305152363975893,34,154,154,125,0.0,0.0,0.0,0.0,0.0
34,1.6047904191616766,6,0.009667412163624559,-0.32316015209794696,0.011983002635843298,0.004833706081812279,38,166,167,134,1.0,-1.0,0.0,0.0,0.0
35,1.5925925925925926,5,0.00989187945709685,-0.3357988608540389,0.0,0.004945939728548425,36,161,162,129,1.0,-1.0,0.0,0.0,0.0
36,1.6022727272727273,6,0.009155844155844157,-0.33455790298832294,0.0,0.0045779220779220775,40,174,176,141,1.0,-1.0,1.0,-1.0,0.0
37,1.6179775280898876,6,0.00914111597790897,-0.3226350465688371,0.0,0.0045705579889544845,43,176,178,144,1.0,-1.0,1.0,-1.0,1.0
38,1.5909090909090908,6,0.009090909090909092,-0.30922395483486353,0.0,0.004545454545454545,44,174,176,140,1.0,-1.0,1.0,-1.0,1.0
39,1.631578947368421,7,0.00863269284321916,-0.34493569326272056,0.0,0.004316346421609579,42,188,190,155,1.0,-1.0,1.0,-1.0,1.0
40,1.6116504854368932,8,0.007861709685058017,-0.33205007414869486,0.0,0.003930854842529008,46,204,206,166,1.0,-1.0,1.0,-1.0,1.0
41,1.6161616161616161,8,0.008203866071886376,-0.3591051501189746,0.0,0.004101933035943188,43,197,198,160,1.0,-1.0,1.0,1.0,0.0
42,1.63,8,0.008190954773869347,-0.3440453835594403,0.010007936507936507,0.004095477386934674,43,197,200,163,1.0,-1.0,1.0,1.0,0.9999999999999998
43,1.6744186046511629,9,0.007824386003042815,-0.35421962717970695,0.009307727628771306,0.0039121930015214084,40,213,215,180,1.0,1.0,0.9999999999999998,-0.5000000000000002,-0.5000000000000002
44,1.752212389380531,10,0.007787610619469026,-0.3598967166703943,0.008854026995619917,0.0038938053097345134,38,218,226,198,2.4494897427831783,-2.449489742783178,1.0,0.9999999999999993,-0.5000000000000002
45,1.7617021276595746,9,0.0075286415711947625,-0.353942362014863,0.017027951606174384,0.0037643207855973812,38,225,235,207,2.449489742783178,-2.449489742783177,1.259921049894873,-0.6299605249474365,-0.6299605249474365
46,1.7729257641921397,9,0.007775990193825176,-0.3584086140203351,0.026209926931778843,0.0038879950969125873,37,219,229,203,2.449489742783178,-2.449489742783177,1.2599210498948732,-0.6299605249474363,-0.6299605249474363
47,1.7422222222222221,8,0.007777777777777776,-0.3557740358206599,0.017783916881253442,0.0038888888888888888,39,217,225,196,2.449489742783178,-2.449489742783177,0.9999999999999998,-0.5000000000000002,-0.5000000000000002
48,1.7433628318584071,8,0.007748279252704029,-0.34935584641741807,0.017705537595460653,0.003874139626352016,39,218,226,197,2.449489742783178,-2.449489742783177,0.9999999999999998,-0.5000000000000002,-0.5000000000000002
49,1.7662337662337662,8,0.007679277244494634,-0.3432547275603021,0.023096135503564895,0.0038396386222473177,40,223,231,204,2.449489742783178,-2.449489742783177,0.9999999999999998,-0.5000000000000002,-0.5000000000000002
50,1.7269076305220883,7,0.006963337219847128,-0.3206496860826696,0.014728711402731427,0.003481668609923565,46,243,249,215,2.4494897427831788,-2.4494897427831783,0.0,0.0,0.0
51,1.6339869281045751,6,0.005357334190506804,-0.31197491763492313,0.011984278211458739,0.002678667095253402,60,306,306,250,0.0,0.0,0.0,0.0,0.0
52,1.6265060240963856,5,0.004913915480653732,-0.2904736611700532,0.011045369597200684,0.0024569577403268663,67,332,332,270,0.0,0.0,0.0,0.0,0.0
53,1.6417910447761195,5,0.004915542050227904,-0.30229160899770724,0.004975641005770731,0.0024577710251139514,65,335,335,275,1.0,0.0,0.0,0.0,0.0
54,1.673913043478261,6,0.004561070963156024,-0.3781711203177348,0.009964582925928339,0.002280535481578012,67,368,368,308,1.0,0.0,0.0,0.0,0.0
55,1.6507936507936507,6,0.004378762999452655,-0.3713004605324106,0.009700929963950427,0.0021893814997263274,73,378,378,312,1.0,0.0,0.0,0.0,0.0
56,1.634020618556701,6,0.004222275500146515,-0.3727871773141699,0.005154982680467332,0.0021111377500732573,76,388,388,317,1.0,0.0,0.0,0.0,0.0
57,1.6177285318559558,6,0.004493690366266543,-0.37154306383926655,0.005540581509799117,0.002246845183133272,74,361,361,292,1.0,0.0,0.0,0.0,0.0
58,1.7094972067039107,9,0.00478850758180367,-0.3468530649414383,0.013966963883426055,0.0023942537909018356,66,358,358,306,1.0,0.0,0.0,0.0,0.0
59,1.7378917378917378,9,0.004965404965404965,-0.3344805675594107,0.03989809610592337,0.002482702482702483,63,345,351,305,1.4422495703074114,1.0,-0.721124785153705,-0.721124785153705,6.054914201686773e-09
60,1.743732590529248,9,0.004870761426059353,-0.3350480029762743,0.03900789658030256,0.0024353807130296757,63,353,359,313,1.442249570307411,-0.7211247851537046,-0.7211247851537046,-2.931612052625313e-09,2.9316120421947128e-09
61,1.7365269461077844,8,0.00521479563395731,-0.2692023420499885,0.03593857581005237,0.0026073978169786553,62,328,334,290,1.4422495703074096,-0.7211247851537046,-0.7211247851537046,3.549793878001523e-09,3.549793878001523e-09
62,1.7737003058103975,8,0.005440798484080974,-0.2843264396098808,0.03670416649369698,0.002720399242040487,55,321,327,290,1.4422495703074105,-0.7211247851537044,-0.7211247851537044,2.314095542803452e-08,-2.3140955172507872e-08
63,1.7854889589905363,8,0.005650281515792837,-0.28944261739389676,0.03786150295286656,0.0028251407578964182,51,311,317,283,1.4422495703074123,-0.7211247851537061,-0.7211247851537061,3.915224338087294e-09,-3.915224214910746e-09
64,1.7912457912457913,7,0.006051506051506052,-0.2957390158976627,0.03031064795770678,0.003025753025753026,45,291,297,266,1.4422495703074105,-0.7211247851537046,-0.7211247851537046,-3.903699432300346e-09,3.903699278658416e-09
65,1.759656652360515,5,0.007584726949829805,-0.3324052905139242,0.03004781925938888,0.003792363474914903,35,231,233,205,0.9999999999999998,-0.5000000000000002,-0.5000000000000002,0.0,0.0
66,1.7925311203319503,5,0.007468879668049791,-0.33287013076655975,0.016599221104259636,0.0037344398340248964,34,241,241,216,0.0,0.0,0.0,0.0,0.0
67,1.8339920948616601,6,0.0072777464081811875,-0.3505443663392514,0.012517787660116412,0.0036388732040905955,32,252,253,232,1.0,-1.0,0.0,0.0,0.0
68,1.8247011952191234,6,0.007298804780876495,-0.3115843851032454,0.012617507039817797,0.003649402390438247,31,249,251,229,1.0,-1.0,1.0,-1.0,0.0
69,1.8359375,6,0.007199754901960783,-0.293254037813719,0.009770339873007471,0.003599877450980392,31,251,256,235,1.0,-1.0,1.0,-1.0,1.0
70,1.8250950570342206,6,0.0069660116680695435,-0.28606966070144274,0.01711520847951859,0.003483005834034772,36,257,263,240,1.0,-1.0,1.0,-1.0,1.0
71,1.8297872340425532,6,0.006511698341788445,-0.3015520184485928,0.01596114318525397,0.0032558491708942227,38,276,282,258,1.0,-1.0,1.0,-1.0,1.0
72,1.8202247191011236,6,0.0068429500718087365,-0.3153254004461983,0.016858375935946284,0.003421475035904368,38,261,267,243,1.0,-1.0,1.0,-1.0,1.0
73,1.8468085106382979,6,0.007892344062556829,-0.32747443517445324,0.01915509450656462,0.003946172031278414,30,229,235,217,1.0,-1.0,1.0,-1.0,1.0
74,1.8143459915611815,6,0.007687906743903311,-0.34467079861761357,0.014069419999047688,0.0038439533719516555,31,232,237,215,1.0,-1.0,1.0,-1.0,1.0
75,1.837837837837838,6,0.007123402472239684,-0.37097237710489395,0.016738918294412534,0.0035617012361198407,32,250,259,238,1.6716998816571607,1.0,-1.0,1.0,0.9999999999999997
76,1.8515901060070672,6,0.006565922361727187,-0.36761582505059953,0.015317465514974383,0.003282961180863594,35,275,283,262,1.6716998816571589,1.0,-1.0,1.0,-0.8358499408285803
77,1.9037037037037037,6,0.00707696544127771,-0.3650049287776969,0.03210703797918516,0.0035384827206388545,31,262,270,257,1.6716998816571609,-1.0000000000000002,1.0,1.0,0.9999999999999997
78,1.930232558139535,8,0.0075106325219437145,-0.36842315261417147,0.0426444796449984,0.0037553162609718577,30,249,258,249,1.6716998816571602,1.6180339887498973,1.0,0.9999999999999999,-0.9999999999999998
79,1.9256505576208178,8,0.007185263274704545,-0.3433274690886593,0.03966135643690052,0.0035926316373522723,33,260,269,259,1.6716998816571553,1.618033988749901,1.0000000000000004,1.0,-0.9999999999999998
80,1.9416058394160585,8,0.007112109301890324,-0.3504962185387083,0.04745284103223647,0.003556054650945162,34,263,274,266,1.8932891963044987,1.6180339887498945,-1.0000000000000013,-1.0000000000000007,1.0000000000000004
81,1.8814814814814815,7,0.0069943549497452845,-0.30889275124817106,0.03333905941462202,0.0034971774748726423,40,260,270,254,1.7692923542386296,-1.0000000000000004,1.0,-1.0,1.0
82,1.841897233201581,7,0.007309116004768177,-0.2909120323319282,0.03623740826365929,0.0036545580023840895,41,244,253,233,1.5213797068045665,-1.0000000000000002,-1.0,-1.0,1.0
83,1.8149779735682818,6,0.008030875989240186,-0.28344857712133925,0.03084515479630135,0.004015437994620093,37,220,227,206,1.3247179572447476,1.0000000086031895,1.0,-1.0,1.0
84,1.8214285714285714,6,0.008167841127482384,-0.28967260298542397,0.02158564050041848,0.004083920563741191,37,217,224,204,1.3247179572447463,1.0000000086031895,1.0,-1.0,-1.0
85,1.7603305785123966,5,0.007304276259387538,-0.2653586156269333,0.027552785480903876,0.0036521381296937693,40,238,242,213,1.0,-1.0,1.0,-1.0,1.0
86,1.793991416309013,5,0.007732721622021605,-0.30372388740459433,0.018601801966334885,0.0038663608110108038,34,229,233,209,1.0,-1.0,1.0,-1.0,1.0
87,1.7322175732217573,5,0.0072782250975704085,-0.2860624112154764,0.01813532817716918,0.0036391125487852042,40,237,239,207,1.0,-1.0,1.0,-1.0,1.0
88,1.8333333333333333,6,0.007670850767085077,-0.3572735746233905,0.031950769442545754,0.0038354253835425384,34,237,240,220,1.0,-1.0,1.0,0.9999999999999998,-0.5000000000000002
89,1.8650793650793651,5,0.0074305950799974695,-0.3881234939229727,0.038366079264137515,0.003715297539998735,34,247,252,235,1.259921049894874,1.0,-1.0,1.0,-0.6299605249474374
90,1.8527131782945736,5,0.007209000693753204,-0.3965087238117915,0.020675921970753353,0.0036045003468766026,37,252,258,239,1.2599210498948745,1.0,-1.0,1.0,-1.0
91,1.8783269961977187,5,0.007169187008388241,-0.39186605420459586,0.025354525515185293,0.0035845935041941197,35,256,263,247,1.4422495703074079,-1.0,1.0,0.9999999999999999,-0.7211247851537049
92,1.8790322580645162,6,0.007607418048844193,-0.40085534313549487,0.026889071407972472,0.0038037090244220973,36,240,248,233,1.4422495703074125,1.0,-1.0,-1.0,1.0
93,1.8650793650793651,5,0.0074305950799974695,-0.3808149887999101,0.026463042641853812,0.003715297539998735,40,244,252,235,1.4422495703074112,1.0,-1.0,1.0,-1.0
94,1.9196787148594376,6,0.007740639979271924,-0.3873990948597415,0.029458489619064943,0.003870319989635963,36,240,249,239,1.6180339887498953,1.4422495703074087,1.0,-1.0,1.0
95,1.951219512195122,7,0.007964161274265804,-0.38243495856788756,0.022498410488018903,0.003982080637132902,34,241,246,240,1.618033988749895,1.0,-1.0,1.0,-1.0
96,1.9699248120300752,8,0.007433678535962548,-0.35126723575413116,0.04462068134426144,0.003716839267981274,40,256,266,262,1.618033988749895,1.4422495703074105,1.0,-1.0,1.0
97,1.9565217391304348,8,0.007114624505928854,-0.3467736579620581,0.05870705572976713,0.0035573122529644267,40,263,276,270,1.7099759466766968,1.6180339887498942,-1.0000000000000004,1.0,-1.0
98,1.9357142857142857,8,0.006938044034818228,-0.3352637327411823,0.06024718848701533,0.003469022017409114,42,271,280,271,1.618033988749895,1.4422495703074079,1.0000000000000009,1.0,-1.0
99,1.8862876254180603,8,0.006329824246369329,-0.34484096075410375,0.047944195136836884,0.003164912123184665,48,291,299,282,1.618033988749895,1.4422495703074105,1.0,1.0,-0.9999999999999999
100,1.8554913294797688,8,0.00537823573762252,-0.35273161947077913,0.06262805308497606,0.002689117868811259,58,332,346,321,1.817120592832144,1.6180339887498947,1.0,1.0,0.9999999999999994
101,1.846938775510204,8,0.0047236285818675295,-0.37284807585893365,0.06293070965076167,0.0023618142909337648,69,377,392,362,1.7099759466766968,1.3247179572447454,1.0000000000000004,1.0,-1.0
102,1.8198614318706698,9,0.004212642203404328,-0.34885629417932046,0.05889606285619971,0.002106321101702164,78,410,433,394,1.9631350868238657,1.3247179572447445,-1.211478586372642,-1.0000000000000002,1.0
103,1.786046511627907,8,0.004163278581883232,-0.3478678154950367,0.06512225114023604,0.0020816392909416164,83,401,430,384,2.1756386551610944,1.3247179572447467,1.0000000000000004,1.0000000000000004,1.0000000000000004
104,1.7647058823529411,8,0.004001600640256103,-0.34161351694471465,0.055058682544580906,0.0020008003201280513,89,408,442,390,2.300411054008462,1.3247179572447454,-1.0000000000000009,-1.0000000000000004,-1.0000000000000004
105,1.7875,8,0.0037317327766179537,-0.3193259796291522,0.04965781953211981,0.001865866388308977,90,445,480,429,2.30041105400846,1.3247179572447478,1.0000000000000009,-1.0000000000000004,-1.0000000000000004
106,1.7956777996070727,9,0.0035347988181241583,-0.29675482009489873,0.04813764774993797,0.0017673994090620794,91,474,509,457,2.300411054008464,1.3247179572447434,1.0000000000000013,1.0000000000000013,-1.0000000000000009
107,1.8413361169102296,9,0.003852167608598805,-0.2915933635118586,0.059852033822455006,0.0019260838042994034,81,443,479,441,2.325725096263394,1.3247179572447454,1.0000000000000036,1.0000000000000029,-1.0000000000000029
108,1.8451025056947608,8,0.004212562798389863,-0.29164538194676226,0.058852603970360344,0.0021062813991949325,70,404,439,405,2.423710117747539,-1.0965791114295909,-1.0965791114295909,-1.0000000000000004,1.0000000000000004
109,1.848866498740554,8,0.004668854794799379,-0.30709369776793016,0.043246856951917635,0.0023344273973996896,61,376,397,367,2.0800838230519028,-1.0400419115259507,-1.0400419115259507,-1.0000000000000004,-1.0000000000000002
110,1.815,8,0.004548872180451128,-0.29107879139906884,0.042923178692052304,0.002274436090225564,65,380,400,363,2.080083823051903,-1.040041911525952,-1.040041911525952,1.0000000000000016,-1.0000000000000016
111,1.8061224489795917,8,0.004619238999947805,-0.2929820457868781,0.04039653730091703,0.0023096194999739027,64,377,392,354,1.9129311827723898,-1.0000000000000004,0.9999999999999999,-0.9564655913861951,-0.9564655913861951
112,1.819277108433735,6,0.005496305463546026,-0.32203844145672045,0.018075078090138332,0.0027481527317730135,51,326,332,302,1.4422495703074087,-0.7211247851537048,-0.7211247851537048,3.8940473974500414e-09,-3.894047303789459e-09
113,1.8293515358361774,7,0.00626490251998691,-0.33695460691803886,0.021394664385711106,0.003132451259993455,46,287,293,268,1.4422495703074105,-0.7211247851537044,-0.7211247851537044,2.314095542803452e-08,-2.3140955172507872e-08
114,1.8518518518518519,7,0.006884207627702052,-0.33648491639672024,0.04667932440161558,0.003442103813851026,43,259,270,250,1.7099759466766984,1.0000000000000002,-1.0000000000000002,-0.8549879733383481,-0.8549879733383481
115,1.8455598455598456,7,0.007153332734728085,-0.34835418165465337,0.0486620111471961,0.0035766663673640416,42,248,259,239,1.709975946676697,1.0,-0.9999999999999998,-0.8549879733383474,-0.8549879733383474
116,1.773851590106007,8,0.006290253865624138,-0.3038516028710323,0.03275424988787943,0.003145126932812069,52,276,283,251,1.4422495703074103,-1.0,0.9999999999999999,-0.7211247851537039,-0.7211247851537039
117,1.7926421404682273,8,0.006015577652577944,-0.3056265529324765,0.03769135231982403,0.003007788826288972,55,289,299,268,1.5874010519681978,-1.0000000000000007,1.0000000000000002,1.0,-0.9999999999999997
118,1.735593220338983,7,0.005903378300472732,-0.29102296596592037,0.03345525863078061,0.002951689150236366,60,286,295,256,1.44224957030741,1.0,-1.0,1.0,-1.0
119,1.698360655737705,7,0.005586712683347713,-0.2765472141691744,0.026239025434818816,0.0027933563416738566,65,294,305,259,1.5874010519681996,1.0,-1.0,1.0,-1.0
120,1.730263157894737,8,0.005710439464999131,-0.28319306933501576,0.026324333561175667,0.0028552197324995658,63,289,304,263,1.6632519387714884,1.6180339887498758,1.0,-1.0,1.0
121,1.7173913043478262,6,0.004679540338822413,-0.28905365219164475,0.0416742944317315,0.0023397701694112074,79,346,368,316,2.0400418125015944,1.6180339887498956,-1.0000000000000002,1.0,-1.0
122,1.7650130548302871,7,0.004620453023115935,-0.3001971919757311,0.03307730942910602,0.0023102265115579677,76,365,383,338,1.869587574746548,1.6180339887498938,-1.0000000000000009,1.0000000000000004,1.0
123,1.8138297872340425,7,0.004836879432624113,-0.3160651937158188,0.04521808963139762,0.0024184397163120566,66,356,376,341,1.9583583177450914,1.6180339887498958,1.0000000000000013,-1.000000000000001,0.9999999999999997
124,1.8045977011494252,7,0.00520056974394647,-0.335351560289285,0.05172951482024291,0.0026002848719732354,64,334,348,314,1.8171205928321417,1.6180339887498958,0.9999999999999998,-0.9999999999999996,-0.9085602964160707
125,1.8352941176470587,7,0.005413846954711087,-0.34346320586777257,0.052946433936189384,0.002706923477355544,59,327,340,312,1.8171205928321417,1.6180339887498945,-0.9085602964160704,-0.9085602964160704,-0.6180339887498947
126,1.8641975308641976,7,0.005771509383480488,-0.34957102994106054,0.0555613307328535,0.002885754691740244,53,311,324,302,1.8171205928321403,1.6180339887498947,-0.90856029641607,-0.90856029641607,-0.6180339887498949
127,1.8585209003215435,7,0.005995228710714657,-0.3388547664287769,0.0664606663068777,0.002997614355357328,51,297,311,289,1.9129311827723878,-0.9564655913861941,-0.9564655913861941,-5.6146718608053625e-09,5.6146717138040915e-09
128,1.8492063492063493,7,0.007367355972933661,-0.35608042206652296,0.01852526342137905,0.003683677986466831,38,248,252,233,1.259921049894874,-0.6299605249474374,-0.6299605249474374,3.915224338087294e-09,-3.915224214910747e-09
129,1.8149779735682818,6,0.008030875989240188,-0.34336765944298964,0.02056740328096169,0.004015437994620093,35,223,227,206,1.259921049894873,-0.6299605249474365,-0.6299605249474365,-2.1951705861042448e-17,0.0
130,1.8109452736318408,7,0.009054726368159205,-0.3595779964555773,0.0265444267133932,0.004527363184079602,33,195,201,182,1.442249570307411,-0.7211247851537055,-0.7211247851537055,1.2011890888876054e-08,-1.2011890813381438e-08
131,1.797979797979798,8,0.009126801004973595,-0.32011132824924676,0.016844360970170405,0.0045634005024867965,33,194,198,178,1.259921049894874,-0.6299605249474374,-0.6299605249474374,3.915224338087294e-09,-3.915224214910747e-09
132,1.7818181818181817,8,0.00813615608136156,-0.30920714519839015,0.015160298638559508,0.00406807804068078,37,216,220,196,1.259921049894873,-0.6299605249474365,-0.6299605249474365,-2.1951705861042448e-17,0.0
133,1.7670682730923695,8,0.007125275294727295,-0.29270190338308305,0.013394311132906588,0.003562637647363648,42,245,249,220,1.259921049894874,-0.6299605249474374,-0.6299605249474374,3.915224338087294e-09,-3.915224214910747e-09
134,1.7720588235294117,7,0.006538962448448014,-0.2988483657950478,0.01471142755744832,0.003269481224224007,46,270,272,241,0.9999999999999998,-0.5000000000000002,-0.5000000000000002,0.0,0.0
135,1.8175182481751824,7,0.006657576000641693,-0.30952454212002983,0.019472665699080793,0.003328788000320847,43,272,274,249,0.9999999999999998,-0.5000000000000002,-0.5000000000000002,0.0,0.0
136,1.826086956521739,7,0.00612780857893201,-0.30990562097027746,0.017843521848098506,0.003063904289466005,45,297,299,273,0.9999999999999998,-0.5000000000000002,-0.5000000000000002,0.0,0.0
137,1.7964071856287425,6,0.005394616173059286,-0.28764803078228385,0.021961763843695997,0.0026973080865296435,52,325,334,300,1.57474307388702,-1.0000000000000009,-0.2873715369435105,-0.2873715369435105,0.0
138,1.7882352941176471,7,0.0052750303661287514,-0.31059848660236505,0.02157363892745514,0.002637515183064376,54,332,340,304,1.4945301804796705,-0.7976231097945158,-0.34845353534257706,-0.34845353534257706,-1.8002553233811377e-16
139,1.7882352941176471,6,0.0052750303661287514,-0.31272162072265586,0.01765172488879211,0.002637515183064376,56,332,340,304,1.4945301804796702,-0.7976231097945166,-0.34845353534257684,-0.34845353534257684,-3.3453670728605995e-16
140,1.8255813953488371,6,0.005322394738626347,-0.33178679810774936,0.024228871903290507,0.002661197369313174,52,336,344,314,1.49453018047967,-0.7976231097945168,-0.3484535353425767,-0.3484535353425767,-3.981022664442005e-16
141,1.8492753623188405,6,0.005375800471857094,-0.3321820336405932,0.024158295958585072,0.0026879002359285475,45,335,345,319,1.618033988749894,1.0,-0.6180339887498951,-0.5000000000000002,-0.5000000000000002
142,1.8190045248868778,7,0.004124726813802444,-0.3204974644223092,0.026398418496221474,0.002062363406901222,64,431,442,402,1.9041608591349226,1.0,1.0,-0.9520804295674605,-0.9520804295674605
143,1.817391304347826,7,0.003959458179407028,-0.31354214262032687,0.02536552024558754,0.001979729089703514,70,447,460,418,1.9041608591349197,1.0,1.0,-0.9999999999999998,0.9999999999999996
144,1.8422273781902552,7,0.004284249716721524,-0.33086810232475605,0.022431313665637047,0.002142124858360762,62,419,431,397,1.7963219032594426,1.0,-1.0,1.0,-1.0
145,1.8074398249452954,7,0.00396368382663442,-0.3154366025068915,0.0226140291358869,0.00198184191331721,70,445,457,413,1.7963219032594442,1.0,-1.0,1.0,1.0
146,1.808695652173913,7,0.003940513403429004,-0.3125899001428131,0.01811812430046229,0.001970256701714502,71,450,460,416,1.6716998816571607,1.0,-1.0,1.0,-1.0
147,1.8127659574468085,7,0.0038651726171573734,-0.31185281633926104,0.026952888613344293,0.0019325863085786872,75,458,470,426,1.7963219032594417,1.0,-1.0,1.0,-1.0
148,1.8455284552845528,7,0.0037587137582170116,-0.31860049047286154,0.03421655343718545,0.001879356879108506,72,477,492,454,1.8561416154673192,-1.0000000000000002,1.0,-1.0,1.0
149,1.875,7,0.003787878787878788,-0.32092528941237974,0.021170303807661005,0.001893939393939394,61,486,496,465,1.3953369944670717,1.0,-1.0,-1.0,1.0
150,1.8664643399089529,7,0.002836571945150384,-0.3288942272692667,0.020992124361047877,0.0014182859725751923,87,642,659,615,2.0674415888986273,-1.4362372651472217,1.0,1.0,1.0
151,1.8763157894736842,7,0.0024720893141945777,-0.3323389448005016,0.02609723563078314,0.0012360446570972886,95,737,760,713,2.302775637731996,-1.3027756377319955,1.0,1.0,-0.4999999999999992
152,1.8994845360824741,7,0.0024509477884935146,-0.33661757272783405,0.02685452488912124,0.0012254738942467575,91,751,776,737,2.327044112723623,1.0,1.0,-0.9685583504372386,-0.9685583504372386
153,1.882205513784461,7,0.002361612940758421,-0.3302085050375752,0.028201073244663026,0.0011808064703792104,101,773,798,751,2.3270441127236223,1.0,1.0,-0.968558350437239,-0.968558350437239
154,1.8800489596083232,8,0.0023039815681474545,-0.33571009675299873,0.026112315585290237,0.0011519907840737275,102,797,817,768,2.1938043109327454,-1.2542299100428118,1.0,1.0,-0.46978720044496713
155,1.880299251870324,8,0.002347439765131491,-0.33136710163644606,0.020366247625723123,0.0011737198825657455,101,785,802,754,1.96167388247121,1.0,1.0,-0.8800394301309927,-0.5408172261701085
156,1.8457446808510638,7,0.002457715953197155,-0.3214451267447447,0.016844516736806613,0.0012288579765985777,105,736,752,694,1.881239401076399,-1.0,1.0,-0.9999999999999999,0.9999999999999998
157,1.8307952622673436,6,0.003103042817402277,-0.3190948026594529,0.018049523041108958,0.0015515214087011386,84,582,591,541,1.5874010519681991,1.0,-1.0,-0.7937005259840997,-0.7937005259840997
158,1.8055045871559634,7,0.0033189422558014027,-0.29260278158624,0.025689723530696106,0.0016594711279007016,85,538,545,492,1.4422495703074103,1.0,-1.0,-0.721124785153705,-0.721124785153705
159,1.7870722433460076,9,0.0034039471301828723,-0.2786787835169064,0.02694415554906719,0.0017019735650914357,90,516,526,470,1.4422495703074116,1.259921049894876,1.0,-1.0,-0.7211247851537055
160,1.8119001919385798,10,0.0034844234460357296,-0.27557918784824675,0.030823422764599068,0.001742211723017865,85,506,521,472,1.9129311827723894,1.259921049894873,1.0000000000000004,-1.0000000000000002,-0.9564655913861947
161,1.8505747126436782,12,0.0035519668188938158,-0.2767343483667603,0.042247658160306685,0.001775983409446908,84,499,522,483,2.0426552308311585,1.6684740632623887,-1.1760178159533188,-1.0,0.9999999999999999
162,1.9148936170212767,11,0.0037110341415141023,-0.32947071924901916,0.08282114397959806,0.001855517070757051,81,471,517,495,3.0068667984683906,1.9115792863972192,-1.502430446970097,-1.502430446970097,-1.4104744068933186
163,1.9410609037328095,12,0.0038209860309700965,-0.34733686645971845,0.08312469951793111,0.0019104930154850487,74,461,509,494,3.1464504216162283,1.8365667346171066,-1.5726224112422567,-1.5726224112422567,-1.5072212879290607
164,1.9473684210526316,11,0.003667360491624541,-0.34612241110224123,0.0915479116199592,0.0018336802458122708,76,476,532,518,3.305662632472439,1.7568695978536553,-1.6524730407520134,-1.6524730407520134,-1.600347393974707
165,2.003968253968254,11,0.003984032314052195,-0.348781800430351,0.10944809093433343,0.0019920161570260975,63,438,504,505,3.506085738107866,-1.7528860705983662,-1.7528860705983662,1.6538783345215298,-1.4691082062046716
166,2.0166320166320166,11,0.004201316701316701,-0.3563343270488049,0.11162231151939907,0.0021006583506583505,58,416,481,485,3.478295491010173,-1.7390410111477939,-1.7390410111477939,1.7064883559346231,-1.4809744889962837
167,2.0216450216450217,10,0.004385347118535839,-0.3548725098113944,0.10264798770762278,0.0021926735592679193,52,405,462,467,3.3619754067989613,-1.6809877033994807,-1.6809877033994807,-1.6004851804402407,1.60048518044024
168,1.9817767653758542,10,0.0045246044871594835,-0.3527133930455479,0.08989386836767248,0.002262302243579742,52,395,439,435,3.107232505953867,-1.5536162529769297,-1.5536162529769297,1.0000000000000004,1.0
169,1.9953161592505855,11,0.004683840749414519,-0.3449152524013202,0.06121159517728306,0.00234192037470726,53,394,427,426,2.5198420997897437,1.465571231876766,-1.2599210498948739,-1.2599210498948739,-1.0000000000000002
170,2.004950495049505,10,0.004975063263150138,-0.3513086048535921,0.06989704715826486,0.002487531631575068,51,373,404,405,2.4662120743304756,1.5213797068045678,-1.2331060371652356,-1.2331060371652356,-1.0000000000000007
171,2.046511627906977,10,0.004770423375074538,-0.3676811821648437,0.045355893677144266,0.002385211687537269,52,405,430,440,2.223980090569317,1.5213797068045665,-1.1119900452846572,-1.1119900452846572,-1.0000000000000002
172,2.0606060606060606,9,0.004814500141602944,-0.38011924242475376,0.031085057985761725,0.002407250070801473,52,412,429,442,1.8171205928321406,1.5213797068045658,1.0,1.0,-0.9999999999999999
173,2.0275229357798166,9,0.004660972266160496,-0.3762008676409642,0.03211519936131059,0.0023304861330802487,56,420,436,442,1.8171205928321381,1.259921049894873,1.0,-1.0,1.0
174,2.0350877192982457,9,0.004472720262193946,-0.37620970435054546,0.03947856023210536,0.0022363601310969733,61,436,456,464,2.0000000000000004,1.259921049894872,1.0,1.0,0.9999999999999999
175,2.0085653104925054,8,0.0043102259881813414,-0.3662570022543388,0.047114405345996736,0.002155112994090671,65,446,467,469,2.080083823051903,1.259921049894874,-1.0400419115259516,-1.0400419115259516,1.0
176,1.9464285714285714,8,0.004354426334292105,-0.3452007064386133,0.03571905408430064,0.002177213167146053,63,434,448,436,1.7099759466766984,1.2599210498948727,1.0,1.0,-0.8549879733383488
177,1.9393939393939394,8,0.004206928285019392,-0.3466518510502362,0.028864411181185053,0.0021034641425096957,64,450,462,448,1.4422495703074079,1.4422495703074074,1.0,1.0,-0.7211247851537049
178,1.9380530973451326,9,0.004297235249102289,-0.3650036312045086,0.04093599314036634,0.002148617624551145,63,435,452,438,1.7099759466767002,1.5874010519682007,1.0,-0.8549879733383481,-0.8549879733383481
179,1.8698481561822127,9,0.004064887296048288,-0.35053821225428966,0.04570624072777824,0.002032443648024144,71,441,461,431,1.9129311827723894,1.5874010519681978,1.0,-0.9564655913861954,-0.9564655913861954
180,1.895615866388309,10,0.003965723569850018,-0.35011247880423096,0.04990483868174967,0.0019828617849250094,73,454,479,454,2.080083823051902,1.7099759466766957,-1.0400419115259538,-1.0400419115259538,1.0
181,1.9158316633266532,11,0.0038470515327844444,-0.33429402312047524,0.06460672443518536,0.0019235257663922222,77,464,499,478,2.4662120743304774,1.7099759466766966,-1.233106037165239,-1.233106037165239,0.9999999999999993
182,1.9590316573556796,12,0.003654909808499402,-0.34003059224446697,0.07586514889691867,0.0018274549042497012,80,486,537,526,2.8430396870743797,1.9805773590405447,-1.2990243958464762,-1.2990243958464762,-1.0000000000000009
183,2.0032520325203254,13,0.0032626254601308227,-0.3483713608566551,0.0675953658887621,0.0016313127300654113,81,557,615,616,2.9259095358850216,1.970817923403212,-1.313107433046392,-1.313107433046392,-1.0000000000000004
184,1.984472049689441,13,0.0030862706838093944,-0.34056361281834735,0.06559336161149004,0.0015431353419046974,86,583,644,639,2.959638066389391,1.9751334528018158,-1.3381803478013201,-1.3381803478013201,-1.0000000000000007
185,1.9342723004694835,11,0.00303177476562615,-0.336976171600054,0.039492807071770004,0.001515887382813075,86,598,639,618,2.3524494288338884,1.7181420404361474,1.6180339887498965,-1.1155120277955417,-1.1155120277955417
186,1.8898550724637682,11,0.002742895605898067,-0.321271758678451,0.03072752475319083,0.0013714478029490335,101,651,690,652,2.350348565042959,1.7435860026655876,1.6180339887498945,-1.431280012594059,-1.1252994381917425
187,1.8746518105849581,11,0.0026145771416805556,-0.31939535988873957,0.01843272752811331,0.0013072885708402776,104,689,718,673,2.0326626623765653,1.690054078158644,1.6180339887498971,-1.4487542197378358,-1.000000000000001
188,1.896792189679219,10,0.0026491511029039377,-0.3416395749895098,0.01836518359657936,0.0013245755514519687,94,686,717,680,2.097435380186072,1.6180339887498918,-1.3639292050517693,1.3574663981037474,-1.0000000000000002
189,1.8664850136239781,9,0.002546364275066819,-0.3359331553458967,0.016350007882168522,0.0012731821375334094,102,706,734,685,2.041013877408802,1.6180339887498956,-1.422343893526052,1.09816026935539,-0.6180339887498952
190,1.8404401650618982,9,0.0025350415496720367,-0.33234474356973664,0.016966209017663283,0.001267520774836018,100,705,727,669,1.8862424354652627,1.6180339887498971,1.4422495703074092,-1.320331240585795,1.0
191,1.8723958333333333,11,0.0024411940460669274,-0.336965505935038,0.03589631297670341,0.0012205970230334637,104,734,768,719,2.41014226417523,1.8350866816396374,1.6180339887498958,-1.2050711320876166,-1.2050711320876166
192,1.8456375838926173,9,0.002066783408614353,-0.3261941645145188,0.033065725160047514,0.0010333917043071766,123,855,894,825,2.6015653683150965,1.4916842529078425,-1.2043008341656596,-1.2043008341656596,1.0
193,1.8823529411764706,12,0.001944579484686437,-0.34728380750296794,0.0355973531858189,0.0009722897423432182,120,922,969,912,2.686385337210621,1.5812236032576905,-1.1066703994595972,-1.1066703994595972,1.0000000000000004
194,1.8872403560830862,11,0.001868554808003056,-0.35059777205319187,0.043673772572745,0.0009342774040015277,125,961,1011,954,2.8345163071255004,1.5618581887958796,-1.3437624616907153,-1.3437624616907153,-1.0000000000000009
195,1.8903290129611166,11,0.0018865559011587995,-0.3414386068985417,0.048176237085796575,0.0009432779505793996,130,947,1003,948,2.855555411901185,1.6060177475590716,-1.3157184643311446,-1.3157184643311446,1.0000000000000004
196,1.8986556359875906,10,0.0019654820248318746,-0.33434235936548196,0.05331353094350541,0.000982741012415937,122,914,967,918,2.848578288263936,1.5604986871852151,-1.3731156223021195,-1.3731156223021195,1.0000000000000016
197,1.9368635437881874,12,0.0019743767011092634,-0.34134374799623496,0.06528517844165876,0.0009871883505546317,120,908,982,951,3.297767472532727,1.4705289413442786,-1.3338611882920182,-1.3338611882920182,-1.0273646810731711
198,1.9355488418932527,12,0.0019511581067472306,-0.3415333285844615,0.07096519471632769,0.0009755790533736153,124,908,993,961,3.380738009888388,1.578854599137404,-1.412405518476028,-1.412405518476028,1.000000000000002
199,1.9791449426485923,13,0.0020659133013033316,-0.3570092411283343,0.07907732809744784,0.001032956650651666,106,870,959,949,3.4085542557556057,1.6380877285984605,-1.4370475185124056,-1.4370475185124056,1.0000000000000013
200,1.973741794310722,12,0.002161820147109224,-0.3551796311244638,0.0745097801375019,0.0010809100735546123,99,838,914,902,3.253096904079406,1.4739152963781443,-1.2968545216287544,-1.2968545216287544,-1.0000000000000022
201,1.9557344064386317,13,0.001969521053815339,-0.35742923075646393,0.0471509765557644,0.0009847605269076695,104,933,994,972,2.9972754575530876,1.4579817760015086,-1.033900411881394,-1.033900411881394,-1.0000000000000009
202,1.9806338028169015,15,0.0017450518086492527,-0.3668197255385825,0.06185574584627697,0.0008725259043246262,111,1057,1136,1125,3.37309904378612,-1.448675872315973,-1.448675872315973,1.4170945353365139,-1.0000000000000024
203,1.991876523151909,14,0.0016194118074405763,-0.35945075977959284,0.06279566983880673,0.0008097059037202882,118,1141,1231,1226,3.434398767917123,1.652995552490054,-1.4810120535364966,-1.4810120535364966,-1.0340345691480515
204,1.9969512195121952,16,0.0015232274748376773,-0.35367531531359225,0.06128156886083211,0.0007616137374188387,123,1219,1312,1310,3.3484672654687553,2.151906867850474,-1.660376255907885,-1.660376255907885,1.0000000000000029
205,2.0653769179452968,15,0.0013787562870128816,-0.3892905692959668,0.0711964199956137,0.0006893781435064409,125,1362,1499,1548,3.744879917079594,2.8330052642250045,-1.8612750359526118,-1.8612750359526118,-1.715970740367938
206,2.0660104226983207,16,0.0011969932924092241,-0.3905709911371509,0.07401457444650456,0.0005984966462046121,137,1559,1727,1784,3.9566537742582324,2.9817147422302357,-1.9670941788975211,-1.9670941788975211,-1.5004328714102602
207,2.0814383923849813,16,0.0011012901547010482,-0.38791998011103823,0.08227316271770241,0.0005506450773505242,147,1683,1891,1968,4.312295841455325,3.208832866526554,-2.1451803932086477,-2.1451803932086477,-1.818027498342696
208,2.0698782424563262,16,0.0010963338148603425,-0.39256248533206334,0.07226640919188806,0.0005481669074301711,143,1702,1889,1955,4.1206851484101605,3.020576008712483,-2.054667524920171,-2.054667524920171,-1.955575106694783
209,2.0703082747431045,17,0.001120296685467048,-0.385458353355977,0.0729319739678419,0.000560148342733524,143,1669,1849,1914,4.042159099606417,2.9628805040663155,-2.011773842467929,-2.011773842467929,-1.549161845769536
210,2.0847826086956522,17,0.0011336501406719152,-0.3946154699731522,0.07584921793502888,0.0005668250703359576,133,1659,1840,1918,4.160309596812039,2.9156517776997157,-2.0725248352216057,-2.0725248352216057,-1.4655234153417263
211,2.0728699551569507,17,0.0011625742878053564,-0.3904599254171564,0.07319100120049031,0.0005812871439026783,137,1607,1784,1849,4.15887152031842,2.760332397315843,-2.0723146017141003,-2.0723146017141003,-1.4431930046762385
212,2.0285714285714285,18,0.001208202161150345,-0.3526884151523982,0.07339041304357319,0.0006041010805751723,151,1524,1680,1704,4.066869234202629,2.3169324273283314,-2.0095113001727585,-2.0095113001727585,-1.4608744549159023
213,2.0157170923379173,17,0.0013209155257784518,-0.33494406326236337,0.06789846763901236,0.0006604577628892259,154,1393,1527,1539,3.847223320949891,2.0779450627287868,-1.895272290210586,-1.895272290210586,-1.378403866864375
214,1.985632183908046,15,0.0014274853946139798,-0.3304074243140828,0.05765130467128784,0.0007137426973069899,150,1290,1392,1382,3.278111986863486,2.0091144919927024,-1.5902917934588008,-1.5902917934588008,-1.1372608586808646
215,2.005925925925926,17,0.0014869725173654012,-0.3289449786241691,0.0637710987414296,0.0007434862586827005,146,1244,1350,1354,3.3733037752674773,2.250818783989931,-1.6724181324642349,-1.6724181324642349,-1.3628537279004695
216,2.0013262599469495,16,0.0013280200795931978,-0.4309412558118213,0.06143889032251051,0.0006640100397965991,149,1399,1508,1509,3.5117961026359565,2.229501716663992,-1.7167251598597706,-1.7167251598597706,-1.651353492113642
217,2.0103225806451612,15,0.0012978196130698262,-0.43727251852779364,0.07076947603536761,0.0006489098065349132,150,1426,1550,1558,3.9069749013825383,2.235288253920657,-1.9160766735055481,-1.9160766735055481,-1.725933763912442
218,2.0124843945068664,16,0.0012570171108724963,-0.43586397869140775,0.07702286891617256,0.0006285085554362481,151,1467,1602,1612,4.026441062274394,2.119313722083916,-1.9868160115212135,-1.9868160115212135,-1.2070874080292668
219,2.02263251935676,16,0.0012053829078407386,-0.43351021955705354,0.06859034144672434,0.0006026914539203695,146,1550,1679,1698,3.8913558940852893,2.1482722395936515,-1.9336368785722657,-1.9336368785722657,-1.2935301767297556
220,2.0495519240906694,18,0.001080987301735585,-0.4459955185622438,0.06423188959274648,0.0005404936508677926,163,1753,1897,1944,4.015306087959473,2.210913396093277,-1.9605627965232837,-1.9605627965232837,1.0000000000000033
221,2.0736940298507465,16,0.0009676593699723501,-0.44373944326373166,0.06769009731270878,0.00048382968498617506,156,1973,2144,2223,4.264846127791677,2.346930044664838,-2.0935715401014283,-2.0935715401014283,1.0000000000000033
222,2.0885416666666665,19,0.0009068787089303808,-0.44222944300981176,0.07040227007257681,0.0004534393544651903,155,2124,2304,2406,4.3166842269810415,2.3884142094821526,-2.121111707812811,-2.121111707812811,-1.084079102499821
223,2.1272331154684094,20,0.0009273030145895419,-0.3784476298622405,0.08988976900402668,0.00046365150729477106,155,2069,2295,2441,4.789494125127284,2.4806915562013714,-2.3733085084717422,-2.3733085084717422,-1.089103365970097
224,2.1181434599156117,19,0.0008941086787317906,-0.36812596843449785,0.08841342045581978,0.00044705433936589525,161,2138,2370,2510,4.830695981159999,2.4720256065661674,-2.390599977520897,-2.390599977520897,-1.0989164083886402
225,2.0899237254114813,18,0.0008393267973540086,-0.3447668169453501,0.08316468591078877,0.0004196633986770043,184,2265,2491,2603,4.764756757035319,2.640872308291022,-2.350432019813555,-2.350432019813555,-1.1953913005995727
226,2.0710011966493815,19,0.0008264170776733368,-0.3426380611564283,0.07634100178086296,0.00041320853883666835,192,2285,2507,2596,4.57953616449651,2.838647926934793,-2.2630066932070143,-2.2630066932070143,-1.3463669467350479
227,2.1213406873143827,16,0.0009003992730536428,-0.3756511586152543,0.11745335255893294,0.00045019963652682146,171,2053,2357,2500,5.443554020551105,2.9958358035589803,-2.718436056585188,-2.718436056585188,-1.016540398811471
228,2.0611973392461196,18,0.0009144619961162909,-0.3764359326660106,0.08127023054490856,0.00045723099805814545,188,2045,2255,2324,4.738716633974469,2.869048287895715,-2.363826709572275,-2.363826709572275,1.0035243675594687
229,2.0381471389645776,17,0.0009260096042546921,-0.3789137392995021,0.07628301647998252,0.00046300480212734614,200,2014,2202,2244,4.604544114777688,2.6949148729366863,-2.2914553712710664,-2.2914553712710664,-1.072658797783943
230,2.01108545034642,17,0.0009293370842635954,-0.37305701060163954,0.06671834318122956,0.0004646685421317977,209,1995,2165,2177,4.4716335195558345,2.6015796582977386,-2.2106986211388215,-2.2106986211388215,1.6180339887499013
231,2.005459508644222,16,0.0009128172547310976,-0.37798508116187685,0.07488898095190435,0.00045640862736554894,215,2014,2198,2204,4.640841016093961,2.648945386747074,-2.286634369368735,-2.286634369368735,1.6180339887499036
232,1.9735494880546076,16,0.0008423173231133622,-0.3772797049755132,0.06412218122491868,0.00042115866155668105,227,2184,2344,2313,4.456269653537753,2.4536842351948898,-2.202925946378433,-2.202925946378433,1.6180339887498931
233,2.012504884720594,17,0.0007867493685381525,-0.39126966735400465,0.06690452759121972,0.00039337468426907623,232,2367,2559,2575,4.623724281086623,2.7688347450728634,-2.2774277763106325,-2.2774277763106325,1.618033988749898
234,1.9790940766550522,16,0.0007664965440182231,-0.34604475640603555,0.06740574877867862,0.0003832482720091116,281,2391,2583,2556,4.50736429211175,2.5472917349750013,-2.2283227547046565,-2.2283227547046565,1.6180339887499038
235,1.9674906874365052,16,0.0006664941353104692,-0.34975213798305216,0.06278264757821596,0.0003332470676552346,327,2750,2953,2905,4.475426275517725,2.5005480836498157,-2.21193735491188,-2.21193735491188,1.6180339887498947
236,2.0123228589032656,15,0.0006201303109100972,-0.3626973515992024,0.07934469419867879,0.0003100651554550486,322,2980,3246,3266,4.87965332174179,2.724073921268576,-2.426375743934745,-2.426375743934745,1.0000000000000053
237,2.0269005847953214,18,0.0005928343330784796,-0.3590747945221921,0.08765349755939396,0.0002964171665392398,337,3105,3420,3466,5.245943027064869,2.711582759628315,-2.6014588958475637,-2.6014588958475637,1.0000000000000069
238,2.0311614730878187,19,0.0005755628997131818,-0.3621590984493851,0.08767608592173508,0.0002877814498565909,341,3200,3530,3585,5.414910491469795,2.8619628477773356,-2.690609540776645,-2.690609540776645,-1.0000000000000033
239,2.0246913580246915,20,0.0005682546612474575,-0.3723022683261251,0.08628319613679176,0.00028412733062372877,340,3243,3564,3608,5.410112802214826,2.7682036502407548,-2.6915820284644356,-2.6915820284644356,-1.107540989330816
240,2.0092378752886835,20,0.0005802015233291031,-0.3574488684201096,0.07374461028420214,0.0002901007616645515,347,3188,3464,3480,4.9071454226317615,2.842153530041136,-2.4404984961852523,-2.4404984961852523,1.8387593069888004
241,2.033560864618885,20,0.0005785379415700954,-0.3631832117520488,0.07677256780600535,0.00028926897078504764,317,3227,3516,3575,5.1209914480676915,2.839683585379262,-2.545305032421635,-2.545305032421635,1.6733432095007603
242,2.0445017736214126,20,0.0006595167011681975,-0.3739402780053531,0.0698488717315484,0.0003297583505840988,257,2864,3101,3170,4.810174412033552,2.7719017996162836,-2.386228520394427,-2.386228520394427,1.3846813930401236
243,2.0591240875912407,21,0.0007517795135418915,-0.37230161580642857,0.06632035119751258,0.0003758897567709458,219,2532,2740,2821,4.6644867568120985,3.002646880482172,-2.3222953085223015,-2.3222953085223015,-1.316740250803947
244,2.034021871202916,19,0.0008241579705036126,-0.37539483885502223,0.06414171577518811,0.0004120789852518064,213,2283,2469,2511,4.44732421003183,3.103007248432081,-2.2116146611183414,-2.2116146611183414,-1.308831154287428
245,1.9725055432372505,15,0.0008751133732197209,-0.3726704376420462,0.04995272155257251,0.00043755668660986035,216,2130,2255,2224,3.660204520082795,2.9205997074061627,-1.8190017399031406,-1.8190017399031406,-1.2341540555072141
246,1.9267175572519084,14,0.0009810170861771427,-0.3467056988948929,0.03259866387541811,0.0004905085430885714,213,1888,1965,1893,2.9798958101983355,2.620741394208894,-2.2893099722948116,-1.3103706971044495,-1.3103706971044495
247,1.8860898138006572,13,0.0010334738705757027,-0.32396718090852467,0.020450911501477848,0.0005167369352878512,221,1775,1826,1722,3.024048117505091,-2.589075425817961,1.5874010519681998,-1.000000000000001,1.0000000000000009
248,1.865588052271313,13,0.0011616363961838812,-0.3138765451746862,0.018467228072823503,0.0005808181980919405,211,1558,1607,1499,2.8906782683809844,-2.5051203396861097,1.7099759466766982,-1.0168239313899976,-1.0168239313899976
249,1.8866498740554156,15,0.0011888152955610686,-0.30298322612881445,0.023286145311594113,0.0005944076477805342,206,1521,1588,1498,2.8549642101256816,-2.340253585518776,2.053775557161982,-1.0285772047190802,-1.0285772047190802
250,1.8774728781110401,14,0.0011988971124591574,-0.29182134371555024,0.024634103797809385,0.0005994485562295786,205,1503,1567,1471,2.827169529705604,-2.253487303672114,2.135229126277673,-1.0653243576360085,-1.0653243576360085
251,1.9148403256105198,15,0.0011997746401068417,-0.30133172090971616,0.03317986370646412,0.000599887320053421,198,1515,1597,1529,2.909770265294883,2.718632815598443,-2.499596623742228,-1.3759582082188815,-1.3759582082188815
252,1.9412890874282067,16,0.0012396482039771434,-0.3164463009825374,0.03151278063232828,0.0006198241019885717,186,1480,1567,1521,2.9592114125853803,2.704831101615231,-2.4889909345925885,-1.4600991961690934,-1.4600991961690934
253,1.9614921780986763,17,0.001180910402226777,-0.3177809236425484,0.03353565938140121,0.0005904552011133885,190,1567,1662,1630,3.085131371663598,2.665376312487907,-2.432944853966569,1.618033988749898,-1.5345560614513452
254,1.9509862522414825,16,0.0011668578063645228,-0.3149168182569151,0.03204360787138877,0.0005834289031822615,195,1574,1673,1632,3.1627177955887973,2.572328543968267,-2.2551883765983023,1.6180339887498953,-1.5060548316515474
255,1.9441408621736491,16,0.001181130535949969,-0.3121394917082037,0.031291134060208114,0.0005905652679749846,195,1548,1647,1601,3.1747443174911885,2.5568409375002283,-2.2485886701092674,1.618033988749896,-1.4988152878361394
256,1.9485609308022045,16,0.001193971158579782,-0.32009220628629925,0.03706843951209295,0.0005969855792898911,196,1530,1633,1591,3.2203847937017156,2.3362806093374906,-1.7182330602756357,1.6180339887498927,-1.5948500065969604
257,1.9609040928527794,16,0.0011985966337730925,-0.32718562890123304,0.04322242430992243,0.0005992983168865463,190,1539,1637,1605,3.382476615625053,2.04731846375564,-1.6863277258580252,-1.6863277258580252,1.6180339887498993
258,1.9773156899810964,16,0.001246731204275597,-0.3392615733489272,0.059845866426650816,0.0006233656021377984,181,1472,1587,1569,3.860957781465372,1.9024170282070045,-1.9000781106791682,-1.9000781106791682,1.6180339887498953
259,1.981549815498155,14,0.0012194152710757879,-0.33948529561337026,0.06479095237216745,0.0006097076355378938,184,1496,1626,1611,4.02433992609104,2.158382947455221,-1.974776387493831,-1.974776387493831,1.618033988749897
260,2.0012515644555693,13,0.0012531318500034873,-0.359558461590306,0.07013431509905985,0.0006265659250017438,170,1458,1598,1599,4.193784913517119,2.3201783515302092,-2.0512291050896354,-2.048930915988069,-2.048930915988069
261,2.007594936708861,14,0.001271434412101875,-0.3530321042212123,0.07132223469033495,0.0006357172060509375,162,1436,1580,1586,4.14162940057349,2.35628382743398,-2.0226439878913167,-2.0226439878913167,-1.8091127424005977
262,1.9938537185003073,14,0.0012262322992006812,-0.3417572165079673,0.06288063697132343,0.0006131161496003405,172,1500,1627,1622,3.9364971831021696,2.541992295784302,-1.9682485915510883,-1.9682485915510883,-1.6635689923407018
263,1.9696601941747574,16,0.0011959078288857057,-0.3263629896698691,0.06341048970620082,0.0005979539144428528,179,1524,1648,1623,3.892996415873265,2.53984505697753,-1.9464982079366262,-1.9464982079366262,-1.6056530135043487
264,2.034647550776583,17,0.0012161670955030382,-0.35527742863008355,0.08469915896463802,0.0006080835477515191,167,1504,1674,1703,4.385310250171339,2.537651275088456,-2.1861243870102536,-2.1861243870102536,1.583975845032261
265,2.0150899593731864,16,0.0011702032284397134,-0.35185915228693404,0.07319175057923881,0.0005851016142198566,168,1570,1723,1736,4.103983294689319,2.531184458119011,-2.050378872672808,-2.050378872672808,1.5880301541851298
266,2.0079908675799087,15,0.0011467680568703078,-0.35028265660619184,0.0690745334894488,0.0005733840284351538,165,1614,1752,1759,3.8952207574596738,2.366125334473128,-1.946450992215763,-1.946450992215763,1.6801150579954487
267,2.011776251226693,16,0.0009876172072786904,-0.3470527582901058,0.0715344136792673,0.0004938086036393453,187,1880,2038,2050,4.256651281261989,2.389116045786784,-2.12668861474482,-2.12668861474482,-1.0261352011139606
268,2.036194895591647,19,0.0009453086794761594,-0.3540885153658114,0.06989900134059851,0.0004726543397380797,194,1994,2155,2194,4.384387739747901,2.151071864948022,-2.122493235602573,-2.122493235602573,1.0000000000000022
269,2.0711805555555554,19,0.0008993402325469194,-0.37899336134954165,0.0919753278571055,0.0004496701162734597,184,2080,2304,2386,5.264196531711769,-2.557315926734926,-2.557315926734926,2.144700302076615,1.0000000000000053
270,2.0839048003227107,18,0.0008409623891536362,-0.3934991401630939,0.11082528539773256,0.00042048119457681815,201,2193,2479,2583,5.712980157185802,-2.7728706858994014,-2.7728706858994014,2.2099729464954034,1.0000000000000098
271,2.1257275902211874,20,0.0008252048098684732,-0.3767297222612072,0.12238581251323553,0.00041260240493423667,203,2251,2577,2739,5.917290575928442,-2.8837743932857336,-2.8837743932857336,2.2828929383583927,1.0000000000000064
272,2.1535608308605343,21,0.0007990949279630923,-0.3802210833005639,0.1269702147736061,0.0003995474639815462,213,2341,2696,2903,6.082977851955832,-2.9727137925207954,-2.9727137925207954,2.2865333758018025,1.4580005452540101
273,2.1456133964324717,19,0.000781359576268198,-0.38225651159962437,0.12334517744870481,0.000390679788134099,222,2391,2747,2947,6.093319781999259,-2.97825818566604,-2.97825818566604,2.2890127481376594,1.4579066950344202
274,2.1244239631336406,21,0.0008161444345499963,-0.38468441207816023,0.11305931546877791,0.00040807221727499817,216,2302,2604,2766,5.815237590659093,-2.8526702434731903,-2.8526702434731903,2.1208510499317104,1.4564070651948806
275,2.0624529721595186,21,0.0007762337117649674,-0.3674287955701837,0.08573896953880436,0.00038811685588248374,252,2422,2658,2741,5.219562929863368,-2.6097021267113014,-2.6097021267113014,2.086557073745386,1.5995309050585553
276,2.0515613652868554,19,0.0007452093589854179,-0.36243962045131733,0.08071741781031061,0.00037260467949270897,274,2511,2754,2825,5.261556131921822,-2.629992265382135,-2.629992265382135,2.0424114233212953,1.5994804516358718
277,2.0484048404840483,18,0.0007514324433176995,-0.36074222578399145,0.07536528768311475,0.00037571622165884965,268,2503,2727,2793,4.99292199988344,-2.491333791973397,-2.491333791973397,2.0809014348809454,1.5961233826613117
278,2.029805120366832,20,0.0007759193885194313,-0.34800696208737325,0.07515774852924322,0.00038795969425971564,268,2403,2617,2656,4.8453911278024435,-2.4129846595920186,-2.4129846595920186,2.0331691769203015,1.6180339887498947
279,2.016812865497076,19,0.0007374087259587116,-0.3296442262196737,0.08511644925779734,0.00036870436297935575,299,2494,2736,2759,5.202820634895038,-2.578663338349424,-2.578663338349424,2.0997259854555517,-1.0569734076757245
280,2.023404255319149,19,0.0007177737691802587,-0.32600377091594124,0.08173288486627446,0.0003588868845901293,312,2573,2820,2853,5.161049284075018,-2.5656039585653483,-2.5656039585653483,2.2146418861081902,-1.1069644331604462
281,2.0233596702164203,21,0.0006953126014489417,-0.3201093408167755,0.07241420080120214,0.0003476563007244709,326,2683,2911,2945,5.08629408869758,-2.5146998518109847,-2.5146998518109847,2.1219400212766844,-1.073220310040428
282,2.0365111561866125,21,0.0006887085411520502,-0.324765520337648,0.057402810659957955,0.00034435427057602513,304,2784,2958,3012,4.683308630864474,-2.305317433783949,-2.305317433783949,1.7368416676025988,1.0000000000000029
283,2.0140646976090015,19,0.0007084293695423851,-0.3171023605371386,0.04842211762344505,0.00035421468477119265,304,2702,2844,2864,4.278886913019246,-2.118666842515802,-2.118666842515802,1.667215604970116,-1.0000000000000013
284,2.0206052801030263,21,0.0006507585443165947,-0.3140232663447403,0.05370525315161579,0.00032537927215829735,341,2928,3106,3138,4.65533596462184,-2.2844981149140664,-2.2844981149140664,1.8464156344733864,-1.0000000000000027
285,2.070514643161786,23,0.0005888835731404395,-0.32746470766092833,0.08096391067503081,0.0002944417865702198,356,3191,3517,3641,5.663656537795068,-2.807750087924518,-2.807750087924518,2.7265819647724463,-1.000000000000004
286,2.088812980358668,21,0.0005947645160474566,-0.3345630930726049,0.09512438799347842,0.0002973822580237283,349,3133,3513,3669,5.9953176372016985,-2.977990452904688,-2.977990452904688,2.3186997137044347,-1.197737869506047
287,2.0837577815506507,21,0.0005897984097227994,-0.3323400938942902,0.10048560279660192,0.00029489920486139976,355,3131,3534,3682,6.0571653940344445,-3.000102387264686,-3.000102387264686,2.6378106988469385,-1.343079803328369
288,2.0670132871172733,20,0.0005972300742898797,-0.3363350497127891,0.09996254775551436,0.0002986150371449398,352,3052,3462,3578,6.062389649199014,3.005639174135532,-2.997734339190772,-2.997734339190772,-1.5642922774814296
289,2.0708333333333333,19,0.0006165029274585689,-0.3381109156997733,0.10146079051132625,0.0003082514637292845,335,2960,3360,3479,6.07670569665674,-3.0045827871842796,-3.0045827871842796,2.9914740488036724,-1.563946066752534
290,2.0750446694460987,21,0.0006181247153548104,-0.33501522990990157,0.10341365263960567,0.00030906235767740525,338,2951,3358,3484,6.146976742756551,-3.0522183036125963,-3.0522183036125963,3.0384168882051488,-1.6183376260747684
291,2.0524271844660196,19,0.0006644309434982259,-0.3374534818512009,0.09425713707021804,0.0003322154717491129,322,2735,3090,3171,5.824322673416221,3.0442053635686093,-2.887205716853466,-2.887205716853466,-1.7847519400686107
292,2.0228163992869876,21,0.0007214038513862297,-0.33314109481950765,0.08475918780560558,0.0003607019256931148,317,2520,2805,2837,5.494019067684243,2.9838531628097713,-2.6815531724744424,-2.6815531724744424,-1.6039728701911304
293,2.0085669781931466,19,0.0007824569451473106,-0.32832632428459035,0.07404166078788238,0.0003912284725736553,288,2329,2568,2579,5.076497541950957,2.926568422620339,-2.4486489894951466,-2.4486489894951466,-1.6150342416983259
294,2.011995201919232,19,0.0008047980807676931,-0.33061533778599733,0.07335723649904907,0.00040239904038384645,278,2274,2501,2516,4.847309895281314,2.9093795827255273,-2.389264708758035,-2.389264708758035,1.4164590772334087
295,1.9689922480620154,18,0.0007634712090197811,-0.31842226598179657,0.06088196998501763,0.00038173560450989057,315,2370,2580,2540,4.6263926454869235,2.505009586603821,-2.296864668078886,-2.296864668078886,1.4176974836611516
296,2.0129770992366414,18,0.0007686052307127305,-0.32033905045832745,0.0593513397095067,0.00038430261535636525,301,2377,2620,2637,4.6407508698643465,2.7396892094593595,-2.21464365309714,-2.21464365309714,1.4155161445772204
297,2.0043509789702685,17,0.0007270043449293684,-0.31309850056674665,0.05243991276580752,0.0003635021724646841,328,2521,2758,2764,4.360043597748476,3.512870815266807,-2.936868791484882,-2.0292136342438702,-2.0292136342438702
298,2.0279206465833948,18,0.0007452850593838274,-0.31778321134493076,0.046929409661827015,0.0003726425296919137,324,2484,2722,2760,4.26888749078831,3.8906870099872513,-3.364961056021964,-1.9779469604977713,-1.9779469604977713
299,2.018154311649017,19,0.0007635846809114707,-0.31342158728509467,0.049282381352193004,0.00038179234045573527,328,2417,2644,2668,4.156100471461679,3.920603047327768,-3.496251400841204,-1.898507676447208,-1.898507676447208
300,1.9978134110787171,19,0.0007283315388548003,-0.3098863724075183,0.04789928575711031,0.00036416576942740016,339,2519,2744,2741,4.20154480375833,3.9106176718615737,-3.6232644360073563,-1.96972648130033,-1.96972648130033
301,1.9810102544625903,19,0.0007526634705404978,-0.3065342253769873,0.03946148229068145,0.0003763317352702489,335,2440,2633,2608,3.940115788879621,3.7308806397767134,-3.5078405656236002,-1.7806099049743644,-1.7806099049743644
302,1.9486774575602053,16,0.0007696198489574271,-0.31025244620889003,0.03516338932733057,0.00038480992447871353,333,2363,2533,2468,3.7208412761508645,3.650523925747884,-3.401944255338385,-1.6438830583752408,-1.6438830583752408
303,1.9002375296912113,18,0.0007525693186895888,-0.28458707402951405,0.03498386616948123,0.0003762846593447943,363,2378,2526,2400,3.6350847202669243,3.3279168130845944,-3.1049372447904093,-1.7920983488457352,-1.7920983488457352
304,1.9083139083139082,19,0.000741668833390559,-0.290764083801085,0.04091660684672496,0.0003708344166952795,355,2419,2574,2456,3.804370822563491,2.690050530723361,-2.451842632777794,-1.8715422665538242,-1.8715422665538242
305,1.9089517980107116,19,0.0007305594328399204,-0.2919894800815266,0.04483715536607304,0.0003652797164199601,349,2444,2614,2495,3.982055026731395,2.1817530882816456,-1.9971549990700816,-1.9713542103477286,-1.9713542103477286
306,1.9262917933130699,18,0.0007321519548890422,-0.2944905890493234,0.0578981745903608,0.0003660759774445211,351,2430,2632,2535,4.474752575124652,2.3839004307119303,-2.1712373076278455,-2.1712373076278455,-2.0799274876943943
307,1.8895606610237807,17,0.0007619196213805567,-0.2837300753618197,0.04433657848263091,0.00038095981069027836,359,2319,2481,2344,3.9462052540578525,2.4088824223499645,-2.21943859016791,-1.9514362323192322,-1.9514362323192322
308,1.8786885245901639,17,0.0007702699977819449,-0.28139439129609767,0.04549146924754323,0.0003851349988909725,358,2278,2440,2292,3.942488384974718,2.423809613009634,-2.122629651905831,-1.9503690034279502,-1.9503690034279502
309,1.8635014836795252,17,0.000790289009194031,-0.2772151184593357,0.04168398499690652,0.00039514450459701554,356,2225,2359,2198,3.7799383917093357,2.251618950169099,-1.9204561569691505,-1.8684485870710574,-1.8684485870710574
310,1.8766233766233766,17,0.0008708229125862537,-0.28762334866833594,0.039303365688551535,0.00043541145629312684,307,2048,2156,2023,3.6061343041449057,2.012977689381938,-1.7803965452731327,-1.7803965452731327,-1.4724689044530308
311,1.8408736349453978,14,0.0009577906529372518,-0.2835993100203878,0.024666596152570643,0.00047889532646862586,287,1854,1923,1770,3.039910818283476,1.746595397455476,-1.5360863923583918,-1.4819234665479586,-1.4819234665479586
312,1.8451102317693613,14,0.0010436143844849326,-0.27943850161419803,0.03014923365519032,0.0005218071922424664,265,1693,1769,1632,3.140064232622458,1.7432405682175958,-1.5346292037613343,-1.5346292037613343,-1.5327719984116877
313,1.8259187620889747,13,0.0011780121045735319,-0.27195707246661116,0.020749059041280483,0.000589006052286766,246,1493,1551,1416,2.724201207534728,1.83549604182391,-1.4165143715182371,-1.3043562328734053,-1.3043562328734053
314,1.8677581863979849,15,0.0011769112705721392,-0.2862974282662207,0.026041076678080692,0.0005884556352860696,225,1514,1588,1483,3.0626993899518635,1.880732886652556,-1.7199850537385217,-1.4322921159922648,-1.4322921159922648
315,1.8892857142857142,16,0.0011252446183953036,-0.2990041798489519,0.023225977009578996,0.0005626223091976517,227,1607,1680,1587,2.954732235602432,1.7982765039342785,-1.5923607857729265,-1.3670971606018973,-1.3670971606018973
316,1.8979118329466358,17,0.001101515863579011,-0.30138174588570693,0.02845287310763232,0.0005507579317895054,223,1655,1724,1636,3.090194057517046,-1.7821434336249784,1.7665086302496338,-1.4507519696173024,-1.4507519696173024
317,1.886255924170616,18,0.0011181125810139985,-0.2988667801875187,0.02981015257923642,0.0005590562905069995,222,1610,1688,1592,3.2361849739855586,-1.9586698268330651,1.9472721623920346,-1.5540988193748397,-1.5540988193748397
318,1.893761581222977,19,0.001170433610150171,-0.3032339832398034,0.03840356152834762,0.0005852168050750856,216,1538,1619,1533,3.5625942880966788,-1.7465722673688049,-1.7465722673688049,-1.656404944010765,1.6491135247641264
319,1.880201765447667,18,0.001186247170629443,-0.30284971337877115,0.03182076476777955,0.0005931235853147215,212,1516,1586,1491,3.3129571242430185,1.8388028783798576,-1.7635442377806845,-1.61263231671175,-1.61263231671175
320,1.8832923832923834,18,0.001157524513394212,-0.30247460159721046,0.03413421118586701,0.0005787622566971061,214,1549,1628,1533,3.3637336131271223,1.8840797848585888,-1.7798750689325062,-1.681698948762901,-1.681698948762901
321,1.85479797979798,18,0.0011716980289311306,-0.29788215347797153,0.031633942826639616,0.0005858490144655653,224,1515,1584,1469,3.361975406798963,1.8438627533031346,-1.7585623614999892,-1.6809877033994822,-1.6809877033994822
322,1.854368932038835,17,0.0012868625482573457,-0.29630358754982306,0.031666418078468775,0.0006434312741286728,209,1379,1442,1337,3.2075343299958288,1.843862753303131,-1.7585623614999863,-1.6037671649979184,-1.6037671649979184
323,1.8707824838478104,17,0.0013439529337987142,-0.2951515274733043,0.0460790924618952,0.0006719764668993572,201,1309,1393,1303,3.6342411856642833,-1.8171205928321417,-1.8171205928321417,1.723361464279555,-1.6247578729770917
324,1.8830584707646176,16,0.00141264701482717,-0.3003606861997459,0.04912935969743319,0.000706323507413585,190,1255,1334,1256,3.608826080138697,-1.8044130400693534,-1.8044130400693534,1.454921066104816,-1.3895795400799489
325,1.8665594855305465,16,0.0015016568668789593,-0.29159517611573527,0.05617606398045255,0.0007508284334394798,186,1161,1244,1161,3.6840314986403873,-1.8420157493201952,-1.8420157493201952,1.2207440846057585,1.0000000000000016
326,1.8369470945359931,16,0.0015945721306736052,-0.2896891146036805,0.05148232820445688,0.0007972860653368025,182,1085,1153,1059,3.476026644886461,-1.7380133224432313,-1.7380133224432313,-1.0000000000000009,1.0000000000000009
327,1.828351012536162,15,0.00176481757966811,-0.2756937714520923,0.0457765413005026,0.000882408789834055,165,983,1037,948,3.1748021039364027,-1.5874010519682018,-1.5874010519682018,-1.0000000000000013,1.0000000000000007
328,1.8274111675126903,15,0.001857125170236474,-0.2669143627861787,0.040240530183483524,0.0009285625851182369,155,939,985,900,3.018240031352813,-1.489970669380904,-1.489970669380904,-1.0000000000000022,-1.000000000000002
329,1.8180058083252661,15,0.001761633535198902,-0.26176957323405375,0.04092072319097645,0.0008808167675994507,171,979,1033,939,2.981540644030991,1.5747430738870252,-1.4708617093708232,-1.4708617093708232,1.0000000000000022
330,1.822595704948646,17,0.0017033604719146227,-0.28697601816956847,0.02843155508685994,0.0008516802359573113,164,1030,1071,976,2.393818215645288,1.8795300851508734,-1.1560121828612258,-1.1560121828612258,-1.0471612353858437
331,1.8212290502793296,18,0.0016973243711829722,-0.28360009916829715,0.02030830177940834,0.0008486621855914863,160,1043,1074,978,2.0747141416071284,1.8418002499393509,-1.1107926636722651,1.0000000000000009,-1.0000000000000004
332,1.836996336996337,17,0.0016837729944971006,-0.2865145827757301,0.027070540101040427,0.0008418864972485504,158,1055,1092,1003,2.393818215645286,1.7401117506804151,-1.2393631140467611,-1.1560121828612262,-1.1560121828612262
333,1.8280701754385964,16,0.0016049782049504797,-0.2958398340057412,0.024906916495016095,0.0008024891024752399,167,1100,1140,1042,2.4101422641752337,1.9013729395622148,-1.72861573640418,-1.205071132087618,-1.205071132087618
334,1.832324978392394,14,0.0015850562096820018,-0.30197844777585253,0.021947978658067892,0.0007925281048410009,171,1122,1157,1060,2.41014226417523,1.8281719014085924,-1.6278565879609497,-1.2050711320876146,-1.2050711320876146
335,1.8441780821917808,15,0.00158027256400324,-0.3026231170946147,0.0274361886580369,0.0007901362820016198,170,1131,1168,1077,2.5198420997897526,1.6471002646258337,-1.3681406337180728,-1.259921049894873,-1.259921049894873
336,1.8699743370402053,16,0.001601005425548121,-0.2986062940283169,0.025020830092877634,0.0008005027127740605,160,1123,1169,1093,2.410142264175227,1.926090806518196,-1.6915845792623432,-1.2050711320876157,-1.2050711320876157
337,1.843302443133951,17,0.0015542179115800598,-0.27466896474266117,0.03001429874361687,0.00077710895579003,183,1134,1187,1094,2.75892417638112,1.8391033557105942,-1.6095697543547551,-1.3794620881905586,-1.3794620881905586
338,1.8590657165479019,13,0.0014731107104183057,-0.281614346070959,0.051335537564464184,0.0007365553552091528,194,1177,1263,1174,3.6237593591058226,1.8716678513153129,-1.8110316546203173,-1.8110316546203173,-1.4367863763904858
339,1.8865671641791044,13,0.0014089373892301005,-0.2886626299977869,0.05572462765355065,0.0007044686946150502,200,1241,1340,1264,3.8252885835781583,-1.9030499901735223,-1.9030499901735223,1.8615264996782204,-1.4512053758709902
340,1.8828064764841943,15,0.0014527827750649646,-0.2774376839499882,0.054269081001094586,0.0007263913875324824,200,1202,1297,1221,3.7114224501296356,-1.844712204362877,-1.844712204362877,1.8401781857381676,-1.434495350312749
341,1.8597252349963846,16,0.0013456767257571522,-0.2645965821843318,0.051167567995203986,0.0006728383628785762,235,1286,1383,1286,3.6668513836522574,2.184066432795523,-1.8203785822027212,-1.8203785822027212,-1.6952680775355888
342,1.8502594514455153,16,0.0013725960322296105,-0.2640924521096943,0.05006586486513508,0.0006862980161148054,236,1250,1349,1248,3.643883725266737,2.3156972146720727,-1.8077928950444881,-1.8077928950444881,-1.803700687790769
343,1.833461835003855,15,0.001414708206021493,-0.25907996929406224,0.05038847263568481,0.0007073541030107465,235,1208,1297,1189,3.5648335075838,2.22175580655228,-1.7679878170543648,-1.7679878170543648,-1.7524093697043115
344,1.7974248927038627,14,0.0015441794610857927,-0.2600544708187099,0.046290105720854804,0.0007720897305428964,228,1082,1165,1047,3.3488321326624075,2.343940383051749,-1.8969271627084625,-1.652971265864797,-1.652971265864797
345,1.732943469785575,14,0.001690676555888366,-0.24650025385622293,0.01871732775589188,0.0008453382779441829,216,984,1026,889,2.2903791626978265,-2.0455313677837808,1.8695875747465467,1.0000000000000004,-1.0000000000000002
346,1.656497175141243,10,0.0018738655827389625,-0.2312222943614593,0.012053100474520637,0.0009369327913694813,210,855,885,733,2.219687333797952,-2.1226404015726827,1.2599210498948736,1.0000000000000007,1.0
347,1.6450892857142858,9,0.001838088587390263,-0.22415334569946846,0.012649346974056657,0.0009190442936951317,220,862,896,737,2.164793672021797,-1.9208039642081882,1.2599210498948739,-1.000000000000001,1.0000000000000004
348,1.6299112801013942,9,0.0020684153300779117,-0.22748066196206945,0.01326672442166072,0.0010342076650389556,199,765,789,643,2.17089124252347,-1.8194345608624305,1.2599210498948732,1.0,-1.0
349,1.6240208877284594,9,0.002122903121213672,-0.22564177136592486,0.011053821006209273,0.0010614515606068363,193,743,766,622,1.915631915423492,-1.6272413880609438,1.2599210498948727,-1.0000000000000009,-1.0000000000000007
350,1.6108247422680413,9,0.002078483538410375,-0.2253095375780813,0.007131242343509227,0.0010392417692051878,198,753,776,625,1.9435926937261643,-1.7349266366831593,1.259921049894873,1.0,-1.0
351,1.6076294277929155,9,0.0021932188646560918,-0.2234324456453083,0.0036337566647091186,0.001096609432328046,186,713,734,590,1.8787404132022787,-1.6610748186109043,-1.000000000000001,-1.0000000000000009,1.0000000000000009
352,1.6074270557029178,9,0.002134697285130037,-0.225438850701651,0.0061900676346996995,0.0010673486425650184,190,732,754,606,1.9391197221792622,-1.6167728023075147,-1.0000000000000002,1.0,1.0
353,1.6099476439790577,8,0.0021100231244810712,-0.2331462055264396,0.006108995716325559,0.0010550115622405358,198,737,764,615,2.5392638309220557,-2.3316511063518943,1.0000000000000009,-1.0000000000000004,1.0
354,1.726235741444867,11,0.0021906544942193744,-0.2819596046197213,0.004225404383476755,0.0010953272471096872,191,768,789,681,2.4985098448446905,-2.3582450459990447,1.0000000000000004,-1.0,1.0
355,1.7269372693726937,11,0.002126770036173268,-0.2745958814809075,0.016201568936205994,0.001063385018086634,194,784,813,702,2.2911094038488002,2.223980090569315,-2.2059349346347306,-1.1119900452846587,-1.1119900452846587
356,1.7401668653158522,11,0.002076571438324406,-0.28125364680905485,0.015667104637359517,0.001038285719162203,192,810,839,730,2.2240811379409524,2.2239800905693166,-2.133257427390487,-1.11199004528466,-1.11199004528466
357,1.7686139747995417,13,0.002028227035320575,-0.28082336106397404,0.017919789898064187,0.0010141135176602878,194,840,873,772,2.3031821573671003,2.2239800905693143,-2.1146104861146457,-1.1119900452846587,-1.1119900452846587
358,1.8008752735229758,13,0.0019724811320076404,-0.27074318244860984,0.023133359572760973,0.0009862405660038204,192,877,914,823,2.4662120743304703,1.8725873357790142,-1.5954872469326946,-1.2331060371652334,-1.2331060371652334
359,1.8378947368421052,14,0.0019366646331318278,-0.26923613174343375,0.0288763557676099,0.0009683323165659142,189,904,950,873,2.758924176381123,2.2994755620827574,-2.169776331338306,-1.3794620881905613,-1.3794620881905613
360,1.8407445708376422,14,0.0019055326820265448,-0.26837264476714456,0.03457676668443834,0.0009527663410132724,189,921,967,890,2.7589241763811203,2.0829611428489336,-1.6549527838826847,-1.37946208819056,-1.37946208819056
361,1.756989247311828,13,0.001891269372779147,-0.2623394765236963,0.03504947661217261,0.0009456346863895738,182,886,930,817,2.466212074330475,2.2322678354799956,-1.8547235936819957,-1.2331060371652351,-1.2331060371652351
362,1.742757821552723,12,0.0020217608138662683,-0.257478598993137,0.028155490887526342,0.0010108804069331341,171,827,863,752,2.2894284851066615,2.046970665309656,-1.7711453090062008,-1.1447142425533303,-1.1447142425533303
363,1.7478580171358629,12,0.0021419828641370863,-0.25697505522325853,0.029946619536871697,0.0010709914320685434,165,781,817,714,2.28942848510666,2.046970665309656,-1.7711453090061977,-1.1447142425533308,-1.1447142425533308
364,1.725,13,0.0021589486858573214,-0.2526113212875786,0.027255099282868015,0.001079474342928661,165,767,800,690,2.223980090569315,2.014440041300933,-1.726995195834666,-1.111990045284658,-1.111990045284658
365,1.7022332506203475,12,0.002114575466609127,-0.2502371558646255,0.015262185806661041,0.0010572877333045636,168,784,806,686,1.9690885970256913,1.8171205928321414,-1.7998273547040344,1.0,1.0
366,1.6516290726817042,12,0.0020723074939544596,-0.23363184074108187,0.006852497602293182,0.0010361537469772298,178,783,798,659,1.8567035028330505,-1.6733760362815533,1.259921049894876,1.0,1.0
367,1.6712962962962963,13,0.0019366121625681303,-0.2383919658323047,0.005291948141689536,0.000968306081284065,192,848,864,722,1.8757556575950554,-1.7217564874834723,1.2599210498948727,1.0,1.0
368,1.6609392898052693,13,0.0019047468919785194,-0.23159887809479374,0.010278636432548383,0.0009523734459892598,197,854,873,725,1.8171205928321386,1.7808190786395768,-1.5905897009645031,1.0,1.0
369,1.6771488469601676,14,0.0017598623787619808,-0.23590461796688417,0.012480927442729122,0.0008799311893809904,207,934,954,800,2.0,1.4526268788338468,-1.1640351402897708,1.0,1.0
370,1.674975074775673,15,0.001671631811153366,-0.23011827869706392,0.01077088072824118,0.0008358159055766831,214,984,1003,840,1.9999999999999982,1.3160740129524926,-1.3160740129524922,-1.0000000000000004,-1.0000000000000004
371,1.6944723618090451,14,0.0017047005652002468,-0.23898940035405664,0.019301687131116792,0.0008523502826001234,213,963,995,843,2.351334687720757,1.4592420296434896,-1.3453314791322688,-1.1756673438603789,-1.1756673438603789
372,1.7,14,0.0018104366347177854,-0.23868208564999738,0.021566688843725465,0.0009052183173588925,198,906,940,799,2.3513346877207564,1.5423162737875091,-1.3125387646606752,-1.1756673438603773,-1.1756673438603773
373,1.7107942973523422,13,0.001743928947352031,-0.2469802115328775,0.018063683749357524,0.0008719644736760153,199,946,982,840,2.223980090569316,1.7250358697782042,-1.2766200430965577,-1.1119900452846556,-1.1119900452846556
374,1.683083511777302,13,0.001803948029772028,-0.24356558021999017,0.0189925984289396,0.0009019740148860139,199,901,934,786,2.2894284851066664,1.7538399421879687,-1.3950340180584093,-1.1447142425533325,-1.1447142425533325
375,1.6733870967741935,13,0.0016885843559779955,-0.233445135730158,0.017212983210214895,0.0008442921779889977,215,963,992,830,1.9129311827723892,1.758076361262506,-1.2573395443900552,1.0000000000000018,1.0000000000000004
376,1.6789087093389297,13,0.001763559568633329,-0.22941409342688363,0.015397126671868218,0.0008817797843166647,214,925,953,800,1.9777083230305017,1.9129311827723903,-1.8765877445104961,1.0,-1.0
377,1.671291355389541,12,0.0017855676873819884,-0.23744686161237238,0.014664463162123453,0.0008927838436909942,212,910,937,783,2.029922018879571,-1.8286940387165127,1.7099759466767026,1.000000000000003,1.0000000000000004
378,1.6404736275565124,11,0.0017677517538324486,-0.23087677083106686,0.005741664438506524,0.0008838758769162243,215,912,929,762,1.8172755008171173,-1.7049867682048638,1.0000000000000007,1.0000000000000004,1.0000000000000002
379,1.6529100529100529,10,0.0017509640390996324,-0.23301571787672826,0.005468003756588368,0.0008754820195498162,216,927,945,781,1.8770181998918571,-1.7688144577086542,-1.0000000000000004,1.0000000000000002,-1.0
380,1.645631067961165,11,0.0019995517229175756,-0.2297498267473799,0.003843364910102732,0.000999775861458788,191,809,824,678,1.8770181998918525,-1.768814457708654,0.9999999999999999,-0.9999999999999998,-0.28562327637431995
381,1.6517533252720678,10,0.001999701362314852,-0.23998991738730963,0.003829423081262485,0.000999850681157426,193,812,827,683,1.9618844634960957,-1.8584030029180965,1.0,1.0,0.9999999999999996
382,1.6927152317880794,10,0.0022449804135120416,-0.2501361523677603,0.005963908810440279,0.0011224902067560208,167,740,755,639,2.0358004494163913,-1.9367757489371304,1.0,1.0,0.14045444347932842
383,1.6987788331071914,9,0.0023081234145478145,-0.26011467409692074,0.010632097362931933,0.001154061707273907,158,720,737,626,2.1841454949149908,-1.9999999999999991,1.0,1.0,0.2138421233610511
384,1.6985583224115335,10,0.002229079163269729,-0.2647596858930619,0.010051114223785185,0.0011145395816348645,163,746,763,648,2.1841454949149854,-2.0000000000000018,1.0,1.0,1.0
385,1.6988416988416988,9,0.0021892289933527044,-0.261537073664524,0.008368420956822654,0.0010946144966763524,162,761,777,660,2.1443842459994498,-1.9534213979433375,1.0,1.0,1.0
386,1.6915776986951365,11,0.0020089996421557444,-0.2534288228441016,0.007910390279923284,0.001004499821077872,181,826,843,713,2.184145494914987,2.000000000000001,-1.9999999999999958,1.0,1.0
387,1.701793721973094,11,0.0019099817306095334,-0.26254299871523656,0.007475438219787803,0.0009549908653047666,188,873,892,759,2.3824889041352186,-2.2506455708247795,2.000000000000002,1.0,1.0
388,1.7030752916224814,11,0.0018079355537393644,-0.2651180319305991,0.006716521292970498,0.0009039677768696823,191,924,943,803,2.1916662037379124,-2.0565290814629824,1.9999999999999993,1.0,1.0
389,1.6609485368314834,11,0.001677725794779276,-0.24962099582048297,0.0070639629423494546,0.0008388628973896381,215,972,991,823,2.0,1.9510296616806198,-1.826006071107285,1.0,1.0
390,1.6421845574387948,10,0.0015477705536652165,-0.23005104984859193,0.004708301673219805,0.0007738852768326083,237,1046,1062,872,2.0000000000000004,1.9999999999999998,-1.9316075830491806,1.0,-1.0
391,1.6147110332749561,11,0.001415171808304081,-0.21811582501639284,0.00554615941507268,0.0007075859041520404,268,1123,1142,922,2.016057879631211,2.0000000000000013,-1.878549980536805,1.0,1.0
392,1.6053736356003359,11,0.0013490534752944,-0.224377159963533,0.005597833197441795,0.0006745267376471999,293,1170,1191,956,2.261476414396051,-2.125660405117757,1.9999999999999993,-1.0000000000000002,1.0
393,1.6091578086672118,10,0.0013168230840157216,-0.22631133419890867,0.004816475666243768,0.0006584115420078608,303,1200,1223,984,2.6817123756651706,-2.4898407441137405,1.0000000000000004,-1.0000000000000002,1.0
394,1.5924764890282133,11,0.0012490011678652651,-0.21395956435151575,0.004087222868105924,0.0006245005839326327,322,1245,1276,1016,2.612431137993125,-2.431413809374755,-1.0000000000000004,1.0,1.0
395,1.5977564102564104,11,0.0012812802006867763,-0.2101571298527823,0.005768460313638923,0.0006406401003433883,315,1214,1248,997,2.737372746457516,-2.5000265146769585,1.0,-1.0,1.0
396,1.6135812449474536,11,0.0013054864441322442,-0.21870364703750234,0.004998555388311293,0.000652743222066122,307,1200,1237,998,2.90020859022767,-2.593331258466185,1.0,1.0,1.0
397,1.6255178127589063,10,0.0013478588828846653,-0.22564436739372976,0.00539118108540566,0.0006739294414423326,292,1169,1207,981,2.8785271706573505,-2.565167800127642,-1.0000000000000007,1.0000000000000002,1.0000000000000002
398,1.6257615317667538,9,0.001416168581678357,-0.22910591472045208,0.003922610311634209,0.0007080842908391785,278,1115,1149,934,2.664342658102407,-2.3655290319763753,-1.0000000000000004,1.0000000000000002,-1.0
399,1.644110275689223,9,0.0013746741435528619,-0.2791440475150553,0.005291299920484414,0.000687337071776431,273,1165,1197,984,2.2770331016583794,-1.8093411318030017,-1.0457891630499114,-1.0457891630499114,1.0000000000000004
400,1.6313446126447018,10,0.001453961330342871,-0.2839131745038536,0.0074252070562972495,0.0007269806651714357,255,1100,1123,916,1.8325238588346229,-1.1659505154314571,-1.1659505154314571,1.0000000000000013,1.000000000000001
401,1.6274328081556997,10,0.0015096779296435063,-0.2913079120935156,0.0018538047846292061,0.0007548389648217532,245,1073,1079,878,1.0,-1.0,1.0,-1.0,1.0
402,1.6231306081754735,10,0.0016198908265224288,-0.28890940363530765,0.0,0.0008099454132612144,233,999,1003,814,1.0,-1.0,1.0,-1.0,1.0
403,1.638095238095238,10,0.001735270379338176,-0.3058064066012065,0.0,0.000867635189669088,214,941,945,774,1.0,-1.0,1.0,-1.0,1.0
404,1.7178030303030303,10,0.0016282493178227777,-0.38126820836491465,0.001104831841261792,0.0008141246589113887,198,1049,1056,907,1.2207440846057627,1.0,-1.0,1.0,1.0
405,1.8633034987794954,10,0.0015173481260419347,-0.4572759203373693,0.002576633922651306,0.0007586740630209672,163,1211,1229,1145,1.970379067661649,-1.6995277743618624,-1.0,1.0,1.0
406,1.8871103622577927,10,0.0015911554487839739,-0.478545663374357,0.002667802578554344,0.0007955777243919868,156,1164,1187,1120,2.5022301625462915,-2.3328329257453437,1.0,1.0,1.0
407,1.870109546165884,11,0.0014644554002865187,-0.46887602193808964,0.002477840538337089,0.0007322277001432592,178,1251,1278,1195,2.801003066303804,-2.6656954105588877,1.0,-1.0,1.0
408,1.8653702318623784,11,0.0013962352034898042,-0.4651533667738693,0.002991986388939344,0.0006981176017449021,186,1311,1337,1247,2.805376848285793,-2.7466358245099842,-1.0000000000000002,1.0,1.0
409,1.8472873409243136,11,0.0012381282445873417,-0.44494381460058813,0.003572360781681708,0.0006190641222936707,224,1459,1493,1379,3.258098732048715,-3.1643291471523196,1.6180339887498967,1.0000000000000002,1.0
410,1.8309859154929577,11,0.0011729570246591656,-0.4339872747909127,0.004694970173908626,0.0005864785123295829,246,1526,1562,1430,3.279690796742951,-3.137238291398809,1.6180339887498958,-1.0000000000000004,1.0
411,1.8194898626553302,13,0.0011907656169210278,-0.3860547740571616,0.008066412552312585,0.0005953828084605138,261,1483,1529,1391,3.356089257197143,-3.142108150483934,1.6180339887498918,1.0281453880722433,-1.0000000000000002
412,1.78506629448709,13,0.0012465546749211521,-0.29928557593824606,0.00976995771954928,0.0006232773374605761,283,1392,1433,1279,3.025617903748492,-2.7734207207185273,1.6180339887498985,1.0000000000000004,-1.0000000000000004
413,1.7884160756501182,14,0.0010576085604081123,-0.2972174967548817,0.012214576835083747,0.0005288042802040563,333,1639,1692,1513,3.367479664460202,-2.892068393715563,1.6180339887498967,1.0,1.0
414,1.8212290502793296,14,0.0010180151203350082,-0.30964692587115517,0.010242216844476286,0.0005090075601675041,343,1736,1790,1630,3.4222950755759083,-2.8988260599730182,1.618033988749898,1.0,1.0
415,1.8174142480211082,14,0.0009595640169066043,-0.31122186662884227,0.009674685957576116,0.00047978200845330207,363,1838,1895,1722,3.6884322894050183,-3.234679079658453,1.6180339887498958,-1.0000000000000004,1.0
416,1.8332436793975255,14,0.000986675823141833,-0.3221160270065816,0.008068952485204065,0.0004933379115709165,340,1807,1859,1704,3.4809918496396564,-3.017995928409649,-1.0000000000000009,1.0000000000000004,1.0
417,1.8523290386521307,15,0.0009183584723114183,-0.323719351865484,0.010736788112163529,0.0004591792361557092,358,1948,2018,1869,3.8385435908420864,-3.3302655202899696,1.0000000000000018,-1.0000000000000016,-1.0000000000000013
418,1.8458438287153653,14,0.0009303648330218574,-0.3285518864619161,0.012426627674175367,0.00046518241651092874,357,1916,1985,1832,3.7208928737772284,-3.006712149953226,1.0110694082971539,1.0000000000000024,1.000000000000001
419,1.83445421624418,13,0.0009495104638945031,-0.33016590330069046,0.01345069952726382,0.00047475523194725154,351,1863,1933,1773,3.726113517455222,-3.0260686834312724,1.0086042906294426,-1.0000000000000009,1.0000000000000004
420,1.8113900796080833,12,0.0011099203919167175,-0.34521345180198915,0.012655794308992257,0.0005549601959583589,296,1580,1633,1479,3.2706780747537016,-2.6282639406924573,1.0108835749392335,-1.000000000000002,1.0000000000000009
421,1.7972350230414746,13,0.0011839492905411561,-0.32852582731797336,0.010972313304333068,0.000591974645270578,272,1477,1519,1365,2.9227554961644033,-2.2234677476167066,1.0215736885713507,1.0000000000000004,-1.0000000000000002
422,1.784765897973445,14,0.0012480880405408709,-0.3256253344020271,0.010249456324311507,0.0006240440202704353,259,1392,1431,1277,2.8083625388204982,-2.167277727409553,1.0,-1.0,1.0
423,1.7729502452697967,15,0.001243303117299998,-0.31448756415053564,0.006540590920534607,0.0006216515586499988,270,1392,1427,1265,2.576504345364069,-2.129092992493514,1.4142135623730958,-1.4142135623730951,1.0
424,1.7934868943606037,14,0.001425665257838318,-0.30983717709793146,0.005824802385421607,0.0007128326289191589,233,1212,1259,1129,2.8560540117172466,-2.5728632853626343,-1.4142135623730938,1.4142135623730938,1.0
425,1.7972350230414746,15,0.0013814258439980589,-0.31652680429251234,0.003072234311623106,0.0006907129219990294,232,1257,1302,1170,3.1009329804763905,-2.9593271549490083,1.0,1.0,1.0
426,1.8108747044917257,15,0.0014281346249934747,-0.3173989614281713,0.006304568832121223,0.0007140673124967373,223,1218,1269,1149,3.1531465730448396,-2.950536351929472,1.0415809394915134,1.0,1.0
427,1.809014514896868,15,0.001383038619951734,-0.3112156112551529,0.010950251689518653,0.000691519309975867,232,1250,1309,1184,3.243062974475458,-2.9298530058873027,1.0,1.0,1.0
428,1.8116731517509728,13,0.0014109603985599476,-0.3118573655160816,0.011414202431419327,0.0007054801992799738,226,1226,1285,1164,3.355642229444392,-3.1410405708352007,1.0,1.0,1.0
429,1.8185907046476761,14,0.0013642840995106349,-0.3126896929334807,0.011494670413123218,0.0006821420497553174,235,1277,1334,1213,3.2621321390135707,-3.082917697809995,1.0000000000000013,-1.0000000000000009,1.0000000000000007
430,1.7846374730796841,14,0.0012820671502009225,-0.3116790176308554,0.012443546290305578,0.0006410335751004612,260,1346,1393,1243,3.0541677119214214,-2.7728852643178756,1.0000000000000002,1.0,1.0
431,1.782258064516129,13,0.0011985595591904026,-0.3063949979994453,0.01142684495471807,0.0005992797795952014,281,1433,1488,1326,3.356123081074088,-3.020226869414243,1.0000000000000009,-1.0000000000000004,1.0
432,1.764505119453925,13,0.001004271553474061,-0.29491036044221486,0.010032162501479345,0.0005021357767370304,351,1694,1758,1551,3.414631723796521,-3.087630100693053,-1.0000000000000002,1.0,1.0
433,1.7668256491785903,13,0.0009368110547076301,-0.29595704619784763,0.010053157387392812,0.00046840552735381505,374,1823,1887,1667,3.4162455690844746,-3.0395734522545323,1.0000000000000016,1.000000000000001,-1.000000000000001
434,1.7868068833652007,13,0.0008545226606241997,-0.31397138864044805,0.009386318944460943,0.0004272613303120997,402,2022,2092,1869,3.4845460672450135,-3.1696949448588594,-1.000000000000001,1.0000000000000002,-1.0000000000000002
435,1.81292984869326,15,0.0008316191966482844,-0.30774577451596974,0.011232048836861618,0.0004158095983241422,408,2102,2181,1977,3.855222850562928,-3.5187659932651445,-1.0000000000000004,1.0000000000000002,1.0
436,1.846016114592659,17,0.0008266977673948315,-0.29516962182444706,0.00943174229921261,0.00041334888369741577,400,2141,2234,2062,4.203863342534998,-3.8850376804843334,-1.0000000000000002,1.0000000000000002,1.0
437,1.8615916955017302,16,0.0008055351343581696,-0.2875332900635476,0.00961368798183516,0.00040276756717908484,412,2213,2312,2152,4.425591203633647,-4.015942140791262,1.0,1.0,1.0
438,1.849039749888343,16,0.0008262018542843355,-0.28434092717884213,0.012902287364189519,0.0004131009271421678,422,2127,2239,2070,4.302814369357881,-3.7527939051261363,-1.0929512350881292,1.0,1.0
439,1.8169084542271137,16,0.000909363590704261,-0.285805437398633,0.010495996490698345,0.00045468179535213053,377,1900,1999,1816,3.8711301688411957,-3.319343786142032,-1.2178506536273557,1.1185683633002617,1.0
440,1.8076514346439958,16,0.0009610055473918105,-0.2861277299750776,0.010881788057212441,0.0004805027736959053,372,1778,1882,1701,3.870470131004943,-3.204161998120611,-1.3597727679703107,1.0,1.0
441,1.7863145258103241,16,0.001072861577063258,-0.29121194553728874,0.012572952922989203,0.0005364307885316288,349,1573,1666,1488,3.5190127835637446,-2.1577344146921678,-2.1577344146921678,1.0837277916890529,1.0
442,1.7983490566037736,16,0.0010609728947514887,-0.25159714762538365,0.013864577691243144,0.0005304864473757445,340,1610,1696,1525,3.431006954878113,-2.161332030129973,-2.161332030129973,1.0262370930085163,1.0
443,1.8188585607940446,16,0.0011290245566691773,-0.2630945512610441,0.01719377737900981,0.0005645122783345886,323,1537,1612,1466,3.3806163053730764,-2.112252396824749,-2.112252396824749,1.0174656189288478,1.0
444,1.875,15,0.001288659793814433,-0.2817039687546793,0.018692302828102553,0.0006443298969072165,264,1387,1456,1365,3.3016806764225133,-1.9496547802117628,-1.9496547802117628,-1.0000000000000004,1.0000000000000002
445,1.9335593220338982,17,0.0013117770163052227,-0.2858133376774377,0.015904035712311627,0.0006558885081526113,247,1378,1475,1426,3.2602611652547213,-2.045212522799431,-2.045212522799431,1.000000000000001,-1.0
446,1.9556786703601108,17,0.0013552866738462306,-0.29102681834728805,0.01520621365284429,0.0006776433369231153,229,1366,1444,1412,3.2592250289789457,-2.066199759379881,-2.066199759379881,1.0000000000000009,-1.0000000000000004
447,1.9687924016282226,18,0.001336586830704835,-0.2955162788591283,0.01433142986686626,0.0006682934153524176,228,1386,1474,1451,3.5110827539804284,-2.24944206180897,-2.24944206180897,1.0,1.0
448,2.020618556701031,18,0.0013896963938796634,-0.31929239539520204,0.016284495769905163,0.0006948481969398318,199,1358,1455,1470,3.555355422678251,-2.222861126151458,-2.222861126151458,-1.000000000000001,1.0000000000000007
449,1.9804069329314242,18,0.0014935195572635177,-0.3329928214531365,0.01636569245063166,0.0007467597786317587,195,1241,1327,1314,3.371639773775832,-2.0167235342845844,-2.0167235342845844,-1.0000000000000009,1.0000000000000004
450,1.917656373713381,18,0.0015195375386001433,-0.3475016623608903,0.011492367847296256,0.0007597687693000716,185,1200,1263,1211,2.9407498117725015,-1.86973240221522,-1.86973240221522,1.038077358771678,1.0
451,1.8781302170283807,16,0.0015690310919201174,-0.3453470127319756,0.009613856655026806,0.0007845155459600588,192,1143,1198,1125,2.7300992901711383,-1.667820382605433,-1.667820382605433,1.0,1.0
452,1.917562724014337,15,0.0017197871964254143,-0.3651563756996999,0.010326113415651416,0.0008598935982127072,175,1056,1116,1070,2.9147030545778234,-1.7822475227431847,-1.7822475227431847,-1.0000000000000016,-1.000000000000001
453,1.9299905392620624,14,0.001827642556119377,-0.3678562176311807,0.01279780058167092,0.0009138212780596887,159,997,1057,1020,2.831960587543099,-1.652797460383029,-1.652797460383029,1.0000000000000004,1.0
454,1.9,16,0.0019407558733401434,-0.37819403155194925,0.01431433754215615,0.0009703779366700715,149,934,980,931,2.598214306066267,-1.3818958881240828,-1.3818958881240828,-1.0000000000000013,1.0
455,1.8885316184351555,16,0.0020263214790076775,-0.3623939193596075,0.011633660316578281,0.0010131607395038387,150,893,933,881,2.578383758835592,-1.4890622506505924,-1.4890622506505924,-1.0000000000000002,-1.0
456,1.9065420560747663,15,0.001981852449142169,-0.35626909711108873,0.01092558007207592,0.0009909262245710844,156,917,963,918,2.5772571784208242,-1.533424429372375,-1.533424429372375,1.0111377345677528,-1.0106657623680613
457,1.8970427163198247,15,0.0020800906977191057,-0.30324390748124824,0.011521687745644328,0.001040045348859553,160,867,913,866,2.6225874961945057,-1.6170095710748147,-1.6170095710748147,1.0391298718843653,1.0
458,1.8826185101580135,15,0.0021272525538508632,-0.2971324789917712,0.014507291975440064,0.0010636262769254314,157,837,886,834,2.5505604651955465,-1.498347011826457,-1.498347011826457,1.0530068895273155,1.0
459,1.8585131894484412,14,0.0022311082706463876,-0.27412048377100745,0.01841334607677794,0.001115554135323194,154,801,834,775,2.2470350940268897,-1.0877974797985845,1.0546006933336423,1.0000000000000007,-1.0000000000000002
460,1.8511627906976744,13,0.00215502071094025,-0.2684714470488291,0.01552879881865343,0.0010775103554701247,156,827,860,796,2.067946561974531,-1.1237765996546631,1.0666510081153218,1.0000000000000007,-1.0000000000000002
461,1.8971291866028708,13,0.002272011001919606,-0.2858162778291718,0.01637359386191883,0.001136005500959803,146,795,836,793,2.122948710785196,-1.2164450025114422,1.066320143576564,1.0000000000000009,1.0000000000000002
462,1.8912237330037083,12,0.0023406234319352827,-0.28938806886459517,0.014032647105036726,0.0011703117159676413,137,779,809,765,1.9645468305738496,-1.0421027337992612,1.0000000000000002,-0.9999999999999999,0.9999999999999998
463,1.8788694481830417,14,0.0025321690676321316,-0.28698165342885573,0.01213726958064715,0.0012660845338160658,122,709,743,698,1.936515304222441,-1.289632358973909,-1.289632358973909,-0.9999999999999994,0.9999999999999994
464,1.910614525139665,14,0.002672188147048482,-0.29914299625227475,0.01748596520719185,0.001336094073524241,113,682,716,684,2.0483905479970956,-1.3877254042449314,-1.3877254042449314,-1.0000000000000002,1.0
465,1.924963924963925,13,0.002781739775959429,-0.3112680025685286,0.015180770494155381,0.0013908698879797146,108,662,693,667,2.07214982224948,-1.4797692083728222,-1.4797692083728222,1.000000000000001,1.0
466,1.9378068739770868,12,0.0031767325802903065,-0.3106755334538492,0.01229832484031812,0.001588366290145153,91,582,611,592,2.048274950051893,-1.4536257272402233,-1.4536257272402233,1.0,1.0
467,1.8977072310405643,13,0.0033528396308137184,-0.30211713253485595,0.010898366998279901,0.001676419815406859,91,546,567,538,1.897359939783734,-1.3851316413206853,-1.3851316413206853,1.0,1.0
468,1.8401360544217686,14,0.0031348144027628093,-0.27146047672789797,0.010501927436183096,0.0015674072013814044,97,576,588,541,1.5726049124411858,1.0,1.0,-0.9742341641943599,-0.9742341641943599
469,1.8507992895204264,13,0.0032932371699651714,-0.2696350186561584,0.013336905945324336,0.0016466185849825857,89,552,563,521,1.433591729393484,-1.0323484782037589,-1.0323484782037589,1.0,1.0
470,1.8128654970760234,13,0.003540752923976608,-0.26143746822576447,0.00978016581235275,0.001770376461988304,85,504,513,465,1.521379706804566,1.0,1.0,1.0,-0.7606898534022841
471,1.7901234567901234,11,0.0036909761995672645,-0.2519242630473941,0.00962516251245841,0.0018454880997836325,87,479,486,435,1.6180339887498931,1.0,1.0,1.0,-0.618033988749896
472,1.7656903765690377,13,0.0037016569739392827,-0.24857228556823727,0.010139092416559012,0.0018508284869696412,93,467,478,422,1.742959202166316,-1.0000000000000004,1.0,1.0,-0.371479601083158
473,1.7707509881422925,13,0.0035064376002817677,-0.2545942981614289,0.009570869952150772,0.0017532188001408836,92,494,506,448,1.742959202166316,1.0,-0.9999999999999998,-0.9999999999999997,0.9999999999999996
474,1.7833655705996132,11,0.003456134826743437,-0.25720025176901523,0.011625173752833326,0.0017280674133717182,89,505,517,461,1.7429592021663156,-1.0000000000000002,-1.0000000000000002,1.0,1.0
475,1.7882352941176471,12,0.003513232404946261,-0.2658283993346339,0.012445168778770712,0.0017566162024731306,89,499,510,456,1.642934884271909,-1.1439011119493818,1.0000000000000007,-1.0,1.0
476,1.8027079303675049,11,0.0034936200200920645,-0.27499931069856776,0.01615552216205181,0.0017468100100460318,88,502,517,466,1.740803648293543,-1.1090591589727938,1.0,-1.0,0.8017519642458468
477,1.8043052837573386,12,0.0035378534975634085,-0.2736317118860728,0.011755606235021988,0.0017689267487817045,89,501,511,461,1.5427974675976794,-0.9999999999999998,0.9999999999999998,-0.7713987337988406,-0.7713987337988406
478,1.8070500927643784,13,0.003358829168707023,-0.2797647340804585,0.014242341064919832,0.0016794145843535115,96,522,539,487,1.6608056464895087,-1.000000000000001,-0.9999999999999998,0.9999999999999997,0.891721647207963
479,1.8305709023941068,12,0.0033774370892880193,-0.27202997248864164,0.014137807533912004,0.0016887185446440099,92,521,543,497,1.8233527075439278,-1.0000000079201516,1.0000000000000002,-0.9999999999999997,-0.9999999920798467
480,1.8265895953757225,15,0.003526234740107572,-0.2608672514287057,0.01897426689594376,0.0017631173700537863,90,496,519,474,1.8233527075439326,-1.0000000272485612,0.9999999999999992,-0.9999999727514373,0.7520394918879655
481,1.839679358717435,13,0.0036941352584687445,-0.2694320984182201,0.020104385948268834,0.0018470676292343723,89,478,499,459,1.796197219538118,-1.1421849004033056,-1.0000000000000002,1.0,0.8828535605782344
482,1.834061135371179,16,0.0040132628782739155,-0.27209020485832547,0.013661658175339658,0.0020066314391369573,83,434,458,420,1.787139766936476,-1.000000000000003,0.9999999999999997,0.9999999999999997,-0.9505236271086488
483,1.8277511961722488,15,0.004383096393698438,-0.2737869880174558,0.010041615966019504,0.002191548196849219,77,398,418,382,1.6815902680996064,1.0000000000000007,-1.0000000000000004,-0.8396243646926561,-0.8396243646926561
484,1.8564356435643565,14,0.004606540058472349,-0.28563063159271845,0.010588565366331185,0.0023032700292361743,71,382,404,375,1.8281391487251204,-1.5055976864813623,-0.9999999999999998,0.9999999999999986,0.6422922594622482
485,1.8071625344352618,13,0.004992161697334976,-0.27405199695952814,0.0060790714953342035,0.0024960808486674886,63,351,363,328,1.2906488013467103,-1.0000000000000004,-1.0000000000000004,0.9999999999999997,0.9999999999999982
486,1.778443113772455,12,0.005340670011328693,-0.27707989027475666,0.0065940721623359575,0.002670335005664347,60,328,334,297,-1.1892071150027212,1.1892071150027208,1.1102230246251565e-16,1.1102230246251565e-16,0.0
487,1.8341708542713568,13,0.004620077718567649,-0.30418221465884876,0.0029975057343844687,0.0023100388592838246,73,385,398,365,1.5650845800732853,-1.5650845800732838,1.0773535129633425e-08,-1.0773535129633425e-08,-5.610460921165534e-09
488,1.8485523385300668,12,0.004126232898504613,-0.3010490635938899,0.01119572612999589,0.0020631164492523066,86,425,449,415,1.895203408258424,-0.9999999999999937,-0.8044649035631088,-0.04536925234766084,-0.04536925234766084
489,1.8502673796791445,14,0.0033040488922841866,-0.2961457309564247,0.012622732946746588,0.0016520244461420933,107,533,561,519,2.132493688476412,-0.9999999999999988,-0.9999999999999988,-0.06624684423820651,-0.06624684423820651
490,1.8815331010452963,15,0.0032836528814054037,-0.30296245953816076,0.013785846593051956,0.0016418264407027016,105,543,574,540,2.38896309607589,-1.3143803208576577,-1.3143803208576577,0.11989877281971505,0.11989877281971505
491,1.9,13,0.003171953255425709,-0.31985191722899353,0.022013003626040997,0.0015859766277128548,109,560,600,570,2.775693400420642,-1.6087411170435586,-1.6087411170435586,0.22089441683323954,0.22089441683323954
492,1.9650238473767885,14,0.0031290188652496635,-0.3361671894067147,0.026055820609280314,0.0015645094326248317,107,587,629,618,2.8569641801626813,-1.6454807403467424,-1.6454807403467424,1.0,0.2169986502654005
493,1.9658119658119657,13,0.0028042966702025193,-0.3359870564518403,0.021128974360138896,0.0014021483351012594,118,655,702,690,2.8212824379915746,-1.6721603260336435,-1.6721603260336435,1.0,1.0
494,1.9764705882352942,13,0.002910855063674954,-0.35180244431207774,0.021815580068388983,0.0014554275318374773,106,634,680,672,2.8383380990496248,-1.92916422064391,-1.3857859951260019,1.0,1.0
495,2.0,14,0.003134796238244514,-0.35105161663162926,0.02348567065976381,0.001567398119122257,96,595,639,639,2.8786072701550074,-2.2071167518808754,-1.1193505215366795,1.0,1.0
496,2.014519056261343,13,0.0036627619204751697,-0.35881912472996563,0.03112278776834986,0.0018313809602375846,85,513,551,555,2.7051284359485073,-2.2256784576150364,1.0,1.0,1.0
497,1.9926470588235294,14,0.0036696999241685626,-0.3490361511601318,0.031867888952462946,0.0018348499620842813,86,509,544,542,2.423179839641559,-2.0685939655951024,-1.0000000000000002,1.0,-1.0
498,1.9660377358490566,12,0.003716517459071941,-0.3252232717552982,0.023883240068044403,0.0018582587295359703,85,502,530,521,2.2590334187093633,-1.8163791135227219,-1.0000000000000007,1.0000000000000007,-1.0000000000000002
499,1.9630390143737166,13,0.0040391749266948905,-0.34177544687553146,0.026366842365129626,0.0020195874633474453,73,452,487,478,2.298180817441888,-1.8100130286920124,-1.0000000000000004,1.0,1.0
500,1.9557522123893805,13,0.002165838551926224,-0.6405232008775683,0.00958271649235972,0.001082919275963112,65,890,904,884,1.6180339887498965,-1.000000000000001,1.0000000000000004,-1.0000000000000002,1.0
501,1.9293598233995586,12,0.002131889307623822,-0.6217238073832314,0.005878003791123761,0.0010659446538119107,71,894,906,874,1.5079819785024962,-1.0,1.0,0.9999999999999997,-0.9999999999999997
502,1.9315068493150684,12,0.0022074363992172215,-0.620435591104544,0.009896038845809025,0.0011037181996086105,68,867,876,846,1.4945301804796691,-1.0000000000000002,1.0,-1.0,1.0
503,1.948896631823461,12,0.002266158874213327,-0.6260028601066084,0.008360656355765243,0.0011330794371066635,61,850,861,839,1.4945301804796687,1.000000000000001,-1.0000000000000004,1.0000000000000002,-0.9999999999999994
504,1.9545454545454546,11,0.002223601199710415,-0.6098419332996099,0.007602051156979508,0.0011118005998552074,61,866,880,860,1.568302721640844,0.9999999999999999,-0.9999999999999998,-0.877363265476067,-0.877363265476067
505,1.9457013574660633,12,0.002203512296111057,-0.6307139063260675,0.006619344201381119,0.0011017561480555285,60,871,884,860,1.5213797068045674,1.0000000000000004,-0.9999999999999998,-0.7606898534022835,-0.7606898534022835
506,1.929384965831435,12,0.0021999828572764365,-0.6352623186911498,0.004768699468790255,0.0010999914286382185,65,869,878,847,1.2980299423728368,1.0,-1.0,-0.8836516670881678,-0.8836516670881678
507,2.0253807106598987,13,0.0051536404851396924,-0.42389035861071234,0.012416828721342478,0.0025768202425698454,47,378,394,399,1.769292354238633,-1.0000000000000004,1.0000000000000004,-0.8846461771193159,-0.8846461771193159
508,2.064516129032258,13,0.005564733501434657,-0.4277935257772616,0.0158719543192223,0.002782366750717329,41,356,372,384,1.6878291372985332,-1.1734105821637457,-1.1734105821637457,1.0,-1.0
509,2.0242130750605325,13,0.004913138531700321,-0.42671623341805065,0.012692877481567888,0.002456569265850161,47,396,413,418,1.920603215737294,-1.143006200420967,-1.143006200420967,-1.000000000000001,1.0000000000000004
510,2.00990099009901,14,0.004987347369972729,-0.42796079224720635,0.01551122098624654,0.0024936736849863646,50,386,404,406,1.969525856194783,-1.1684136690286642,-1.1684136690286642,1.0000000000000002,-1.0000000000000002
511,2.0380434782608696,13,0.005553251984362042,-0.4674347798357674,0.017589548815745582,0.0027766259921810214,42,356,368,375,1.938752929548944,-1.233277541071189,-1.233277541071189,0.26390107629671566,0.26390107629671566
512,2.0110497237569063,13,0.005570774858052372,-0.4469217776098156,0.0194582102731274,0.0027853874290261855,43,349,362,364,1.9356316596228917,-1.150360634252828,-1.150360634252828,0.18254480444138393,0.18254480444138393
513,1.972972972972973,12,0.005346810224859006,-0.44670879188245,0.01998941429430889,0.0026734051124295026,49,358,370,365,1.8696174083598842,-1.1871334860655347,-1.1871334860655347,0.25232478188559293,0.25232478188559293
514,1.931888544891641,10,0.005999653866123109,-0.4425330831200897,0.021695832945525257,0.002999826933061554,41,315,323,312,1.3988137869248667,-0.8305568237952825,-0.8305568237952825,0.13114993033285008,0.13114993033285008
515,1.9247648902821317,10,0.006052719780761421,-0.44155651172052024,0.019877844042437004,0.0030263598903807103,43,308,319,307,1.3988137869248667,-0.8305568237952837,-0.8305568237952837,0.13114993033285063,0.13114993033285063
516,1.933993399339934,9,0.006403951653443491,-0.4362770622109422,0.013224168646460898,0.003201975826721745,40,298,303,293,1.134724138401522,-0.7780895986786013,-0.6293724284703152,-0.6293724284703152,0.45105515860885553
517,1.9732441471571907,9,0.0066216246548899006,-0.45420088295575745,0.023436908121866818,0.0033108123274449507,35,291,299,295,1.4175792917751318,-0.7303113426908254,-0.7303113426908254,-0.577560699933593,0.31030204677005413
518,1.9801980198019802,9,0.006556947085437021,-0.4471180435582062,0.03304171114013624,0.0032784735427185104,30,295,303,300,1.4175792917751329,-0.7303113426908249,-0.7303113426908249,-0.5775606999335953,0.31030204677005446
519,2.0258064516129033,8,0.006556007934022341,-0.43171159449564744,0.032295137094723717,0.00327800396701117,30,294,310,314,1.8324723399766736,-0.6516037631319984,-0.6516037631319984,-0.5964175821087182,0.033576384198022766
520,2.0781758957654723,9,0.006791424495965595,-0.45754032191146676,0.03586330548098175,0.003395712247982798,27,285,307,319,1.9544148698065489,-0.7311980115249824,-0.5000000000000009,-0.5000000000000009,-0.3801487474927677
521,2.196969696969697,11,0.005561948599923285,-0.46336878411957194,0.026122499020837242,0.0027809742999616418,38,366,396,435,2.2551515516375087,-1.0428907743399687,-1.0000000000000018,0.622845724992982,-0.5129922575126546
522,2.2823529411764705,13,0.005382907880133186,-0.46456611113280216,0.03864314749242226,0.0026914539400665926,40,391,425,485,2.4458259480280713,-1.1572170763412264,-0.9999999999999984,-0.49587670908520615,-0.49587670908520615
523,2.295,13,0.005751879699248119,-0.46905370371746435,0.03646237174063429,0.00287593984962406,38,383,400,459,2.0745332702379384,-1.0,1.0,-0.7584581769091963,-0.7584581769091963
524,2.29064039408867,13,0.005655902207626346,-0.4648561036147356,0.03424298238282224,0.002827951103813173,39,387,406,465,1.9616738824712086,0.9999999999999991,-0.9999999999999982,-0.880039430130993,-0.5408172261701086
525,2.2983682983682985,14,0.005370019388710976,-0.4368103970416005,0.03299100505111458,0.002685009694355489,43,408,429,493,1.9616738824712097,1.0000000093186723,-1.0000000000000007,0.9999999906813276,-0.8800394301309885
526,2.3292978208232444,14,0.005653635487435059,-0.4282607990995948,0.03541626152530219,0.00282681774371753,43,389,413,481,1.9999999999999982,1.0,0.9999999999999996,-0.9999999999999993,-0.9999999999999993
527,2.308788598574822,12,0.005497115710892432,-0.421642335305442,0.03734166473324392,0.0027485578554462165,45,397,421,486,2.000000000000004,1.0000000061393912,-1.0000000000000004,-1.0000000000000004,0.9999999938606075
528,2.1729106628242074,14,0.006280088620879212,-0.4405087183992591,0.03224044453937297,0.003140044310439606,39,335,347,377,1.6846157057901003,0.9999999999999997,-0.8366637550857426,-0.49999999999999933,-0.49999999999999933
529,1.9880239520958083,11,0.005970041898185611,-0.40388212028537546,0.030601101249793948,0.0029850209490928053,46,325,334,332,1.3953369944670713,0.9999999999999996,-0.49999999999999967,-0.49999999999999967,-0.47462661756260444
530,1.9445983379501386,12,0.005401662049861495,-0.36285027652660357,0.02275668380887991,0.002700831024930748,57,348,361,351,1.4252995776847,1.0,-1.0,1.0,0.9999999999999998
531,1.945054945054945,13,0.005358278085550813,-0.346933699722232,0.0225863235936496,0.0026791390427754066,59,350,364,354,1.465571231876766,-1.0000000000000018,1.0,-1.0,1.0
532,1.9385474860335195,12,0.005430105002895012,-0.3595618200336223,0.018782777642423507,0.0027150525014475063,62,346,358,347,1.4655712318767655,1.0,0.9999999999999999,-0.9999999999999998,-0.9999999999999996
533,1.888268156424581,12,0.005289266544606669,-0.3542647192468702,0.01276289017327145,0.002644633272303335,62,347,358,338,1.465571231876767,-1.0000000000000013,1.0,-1.0,1.0
534,1.8626373626373627,12,0.005131232403959678,-0.35735904427957027,0.012553831352239269,0.0025656162019798384,62,353,364,339,1.4655712318767686,-1.0000000000000016,1.0,-1.0,1.0
535,1.8412698412698412,11,0.004884004884004884,-0.352231162210189,0.016545023298374067,0.002442002442002442,69,366,378,348,1.5038623633921895,1.0,-1.0,1.0,-0.6961248605868403
536,1.8214285714285714,12,0.004658385093167702,-0.3299127536023223,0.01675828177550772,0.002329192546583851,75,380,392,357,1.5038623633921897,1.0,-1.0,1.0,-0.6961248605868403
537,1.8533007334963325,12,0.004542403758569442,-0.352575656172281,0.01061479897216068,0.002271201879284721,71,404,409,379,1.2207440846057587,-0.7244919590005148,-0.2481260628026219,-0.2481260628026219,0.0
538,1.9023255813953488,13,0.004434325364557923,-0.35626985823817,0.01006371848978199,0.002217162682278961,67,414,430,409,1.5632864918394693,-1.3393656911562708,-0.14412436994086156,-0.14412436994086156,0.03216396959926289
539,1.916083916083916,13,0.004476831579635317,-0.3452345523136964,0.01475145257917657,0.002238415789817659,63,412,429,411,1.6814079209105879,-0.7341891420961577,-0.5509837283363734,-0.5509837283363734,0.07737433892915764
540,1.9254385964912282,12,0.0042317331791015995,-0.3434746473546055,0.017584480044414853,0.0021158665895508,66,436,456,439,1.946367168228208,1.0,-0.7475497168145213,-0.7475497168145213,-0.7080687860155528
541,1.8893280632411067,13,0.0037412436895863507,-0.3368167727073162,0.01815109381724633,0.001870621844793175,80,484,506,478,2.069664103322064,1.0,-0.7427359422667685,-0.740056224500262,-0.740056224500262
