0,1,2,3,4,5,6,7,8,9,10,11,12,13,14,15,16,17,18,19,20,21,22,23,24,25,26,27,28,29
131.06583,52.478844,1321.128,140.70886,37.23521,1352.137,172.44716,32.38677,1381.6991,105.73359,29.82608,1328.7239,140.37375,30.654903,1380.9712,157.78104,31.73748,1363.6761,131.60475,29.191511,1360.3195,137.39488,38.41881,2247.4592,136.43364,63.607525,2213.905,176.09424,139.99284,6953.5654
148.7785,8.508596,1543.424,164.77742,61.375504,1367.2609,130.39178,34.04181,1412.9092,191.72614,11.947396,1388.5615,120.84962,24.315962,1497.6027,127.074524,55.649883,1359.91,167.6158,44.462475,1500.9728,150.9006,16.243008,2335.6484,136.26234,101.98467,2416.7363,174.49706,127.88174,6736.0347
127.0982,92.65152,1280.3442,117.02597,39.75135,1359.327,158.46262,10.607724,1341.7897,100.888214,41.16737,1357.1226,162.63849,25.520407,1321.9259,124.909256,32.026375,1364.4529,133.81444,37.06313,1340.7728,148.88507,76.89538,2147.835,146.1772,69.8991,2107.6423,159.2649,108.54443,6028.8354
145.97052,1.6460016,1436.8179,136.511,0.7238723,1393.7737,123.11817,42.628773,1430.3253,135.70282,36.574474,1383.3861,116.47043,22.9956,1461.9366,147.71078,6.565394,1382.9073,143.65211,33.030994,1396.0575,155.2528,44.915802,2214.5774,175.5512,30.040607,2225.4001,155.35828,128.32886,6286.9297
134.16788,32.89317,1394.073,131.15765,22.33847,1391.1553,118.96749,24.838215,1405.0308,115.55737,35.11972,1395.351,131.73602,24.851397,1396.572,119.39111,27.272165,1403.4739,127.02881,35.553215,1402.9979,147.58893,58.119537,2182.0952,146.50551,53.942524,2175.6606,154.33983,108.47526,5983.3467
151.34636,37.929825,1471.9678,143.23885,12.074934,1473.236,140.22665,28.284252,1499.1707,122.78294,30.98119,1462.805,145.36719,25.026945,1501.8068,146.34258,27.458881,1480.6277,141.01807,35.14392,1474.131,162.67137,54.65468,2360.8362,163.37845,49.73066,2362.1472,168.00182,121.59331,6855.79
139.14737,21.092264,1462.7452,135.9594,21.418234,1448.7719,119.4805,23.099453,1466.193,126.122284,27.139956,1438.5709,135.81522,26.347988,1456.6804,127.481735,27.74506,1455.0156,131.54924,36.522064,1453.9763,156.4484,50.81743,2296.354,159.0141,52.64593,2294.2231,156.7427,118.48696,6407.136
150.40973,38.714027,1546.1022,148.06694,15.529877,1547.1752,141.26292,33.47312,1564.9159,132.25311,33.097424,1533.618,149.86812,30.08615,1571.1296,147.23474,29.981627,1552.7836,144.83061,41.099346,1535.3184,171.05844,54.47046,2457.2473,174.7156,47.784325,2454.84,171.80377,130.38635,7073.827
150.87962,31.73256,1595.4447,144.80228,13.636999,1586.2115,133.771,34.501904,1610.1155,130.1052,29.585457,1574.9115,143.15106,29.103596,1609.2755,145.21727,25.889635,1602.4972,142.58463,35.838966,1593.3864,169.97543,56.40067,2498.3203,169.04558,48.655144,2500.6313,168.10222,128.89552,7041.653
151.35667,36.149975,1605.0723,147.40706,18.692514,1611.0258,136.32845,31.682945,1629.2216,129.36751,36.48042,1598.7552,149.67108,30.40399,1621.7582,144.1585,30.991972,1617.2491,144.15675,41.58709,1607.1478,169.71391,58.846386,2487.2905,168.82738,51.425938,2482.4434,170.11697,120.41988,6789.562
146.4663,37.001923,1404.1024,143.75308,39.312122,1466.9547,119.26722,3.264668,1461.8253,111.021416,41.95978,1465.2764,151.55016,41.222916,1405.2444,125.300186,47.35588,1467.7253,114.99374,46.467445,1471.2311,188.63441,78.25998,2395.485,162.97328,58.962757,2372.7803,190.7747,117.69637,7062.3174
162.48524,27.65764,1459.8427,163.38632,24.228767,1443.6201,158.80867,20.371822,1470.8971,148.87569,29.39812,1441.5491,164.42781,28.357698,1463.3147,161.92043,28.065102,1447.6222,154.05624,34.82779,1451.4236,187.71104,57.49036,2567.309,193.04454,63.019157,2571.5005,205.99384,164.97495,8457.606
143.89832,27.249706,1476.5927,149.84024,23.789637,1435.1091,148.2212,33.535378,1462.0164,150.88493,27.438353,1437.8308,151.43103,25.954765,1460.2979,146.97112,20.044603,1452.457,152.02411,30.676609,1446.0344,168.11015,52.451202,2469.0159,182.76912,59.362164,2478.011,182.2777,161.65907,7754.416
152.47594,49.837345,1511.203,154.55286,23.151701,1522.0558,160.48642,35.56445,1535.6857,140.96013,40.110016,1516.3577,164.09586,30.288074,1531.4349,153.82892,30.856245,1530.8665,154.11089,38.26673,1504.8127,179.02605,63.17667,2525.6213,185.922,54.24709,2527.62,188.27141,152.80855,7796.1514
125.21546,-52.80381,1424.2368,170.96292,99.51886,1327.1644,168.222,76.15187,1329.7556,188.69138,127.46412,1355.5828,87.56237,61.429268,1375.212,209.40913,2.5987937,1239.2073,220.73419,43.66686,1389.313,182.24808,69.60048,2251.922,187.76607,40.216755,2354.465,240.07355,201.1946,7464.7305
173.9702,65.42844,1353.6832,170.55136,18.89814,1369.6174,189.91196,9.340166,1412.1324,145.01198,32.894226,1401.8058,185.7258,27.00188,1420.2524,171.41,17.280525,1398.7798,144.6616,33.081512,1413.7373,222.15363,80.56996,2655.0793,203.3641,88.96351,2634.2397,251.70802,183.60245,9439.845
162.86061,41.71362,1433.9171,169.64069,27.909513,1371.6483,184.08878,33.779354,1397.704,162.80418,25.598173,1379.7291,177.65068,20.877016,1397.9902,174.86388,15.764555,1420.2094,192.45735,21.516228,1383.8248,186.74417,64.512,2684.087,207.21173,68.89584,2708.157,209.90323,210.55292,10066.602
167.92708,50.575714,1393.1471,169.29607,32.52584,1411.6989,176.04985,23.450106,1409.3359,160.53505,29.00378,1406.9552,185.4448,28.40339,1390.1757,157.54834,36.826847,1427.821,161.0898,30.31935,1402.5171,212.19579,69.65972,2704.2454,209.61087,70.03649,2709.1184,222.24895,202.34505,9915.492
142.27371,3.5145433,836.6986,128.18242,39.415096,915.0182,158.89328,24.501966,896.3731,102.68962,104.89785,1012.69775,119.07624,23.484617,795.0496,150.2539,-47.607628,958.27563,138.12724,-21.466162,981.3834,199.56342,157.02531,2190.5515,195.17665,50.19676,2167.3748,261.94135,248.03459,9575.273
190.32925,35.98397,1386.677,185.32185,-61.58412,1266.4559,221.87877,80.72667,1381.8433,187.41838,20.007116,1254.5128,178.01147,-9.67948,1490.5726,229.50473,-29.072947,1283.1349,222.13553,15.592993,1247.3702,174.67946,17.136679,2461.112,228.35562,36.01796,2494.8572,200.95352,193.99477,9466.618
186.23267,55.886948,1530.1302,173.0496,32.581913,1510.181,195.45465,25.135723,1520.1711,162.033,35.598137,1506.941,192.67584,13.193596,1524.8263,168.21968,28.303988,1542.2609,197.43716,25.665062,1504.5321,195.13658,77.7557,2782.2124,213.53447,81.74577,2804.807,206.37314,199.0295,9761.916
198.30217,54.63756,1711.4445,194.05934,25.070871,1683.059,212.60219,38.705036,1698.7427,188.81189,26.856707,1664.376,208.22472,23.153976,1716.3171,196.00592,33.810425,1704.3856,209.06715,31.887857,1660.8977,220.05328,64.68997,3108.9026,242.57492,72.69482,3134.7175,230.09172,227.31813,11031.875
255.03406,56.26199,2275.8542,244.45016,8.415865,2175.9585,272.10876,72.61802,2215.357,250.44789,20.233952,2138.7397,245.6552,20.285654,2296.8606,264.1946,26.681711,2206.1025,284.1481,32.617928,2150.8208,260.08618,57.346584,3944.5437,307.88675,76.08951,3999.3462,267.4349,291.4576,13808.482
268.25748,82.008224,2698.7615,259.46857,7.111972,2617.5627,281.61862,79.00347,2671.896,251.12634,15.936001,2581.7278,274.48785,26.441998,2717.064,269.4098,39.202488,2689.87,285.23264,36.132793,2609.9067,280.02863,70.74449,4446.023,305.13272,93.71278,4497.2383,279.79044,283.03543,14311.515
259.46344,75.95498,2746.7966,265.28793,59.15197,2737.1238,270.87067,51.513424,2749.3645,250.73949,52.58961,2708.429,289.72742,48.217815,2724.5635,252.61687,66.09573,2760.291,274.44458,62.979027,2706.81,294.53598,97.67091,4477.438,311.14825,110.267525,4497.888,303.991,263.60602,13445.987
288.05484,72.890305,2788.4602,290.27536,59.55497,2818.2966,278.72318,45.546078,2823.401,265.16794,67.285706,2797.0613,301.702,67.46057,2797.3503,278.5464,73.09961,2819.2283,273.85452,78.59495,2785.0527,352.06824,119.45782,4778.864,359.06027,99.56684,4779.3086,359.50986,294.38116,15074.316
295.82877,61.73723,2970.7168,297.45816,33.85988,2922.817,290.60742,68.12575,2963.174,288.7129,45.628433,2901.5574,301.15002,53.011147,2974.1418,293.24713,49.58312,2955.7578,293.8617,62.7314,2915.9304,346.30045,99.39174,4974.2935,365.2654,103.88835,4993.4497,353.25082,317.13174,15702.071
303.61172,93.17741,3142.9246,303.99786,36.831703,3124.08,314.46893,77.35383,3164.5432,283.1238,58.46508,3099.6235,321.08624,54.465485,3167.2173,307.32462,57.91715,3164.1543,312.1212,66.95468,3104.0537,344.97238,110.91204,5134.445,361.15607,108.02625,5155.778,354.38544,304.3921,15632.688
301.71106,33.573807,3161.7964,305.39624,66.066055,3101.3765,292.09372,67.6857,3124.6565,312.35098,85.15783,3087.958,298.43243,54.00137,3132.9546,294.30856,47.843685,3072.8499,324.10425,78.73154,3091.8943,331.06635,108.84557,4973.8193,373.49942,117.19957,4983.256,354.29794,295.85547,14076.896
296.55115,78.3289,2920.4727,286.77908,53.069927,2992.5068,252.75229,49.26766,2999.751,252.2953,94.60463,3001.3093,286.86758,79.60724,2959.1267,270.3602,68.16095,2985.1333,256.60687,93.33694,2994.8267,367.44885,150.72342,4814.2935,356.90118,90.909645,4771.558,370.9646,254.11926,13819.158
291.37323,57.236332,2714.1292,286.9007,53.748436,2766.1697,252.97012,28.688808,2779.57,246.6478,73.13005,2766.1333,292.19177,63.02441,2724.9954,260.20953,64.07699,2769.9094,249.52855,76.804,2775.6375,358.41122,131.7538,4655.8677,337.168,112.70668,4627.1484,370.3363,263.64038,14302.649
288.51138,66.84198,2710.782,293.85318,47.29699,2709.858,282.55222,37.24607,2741.8752,266.90356,52.90319,2699.319,309.6115,54.683117,2715.1584,277.7948,58.586636,2731.8396,272.4302,69.72563,2701.7188,349.9739,110.46886,4728.287,351.81577,117.69504,4722.0537,366.9411,295.92865,15323.274
270.1313,51.440296,2674.3374,277.76755,52.778637,2637.8044,273.32596,49.505806,2665.213,277.97305,56.31908,2628.1233,289.44717,47.607315,2651.99,263.17087,48.968277,2640.666,277.0721,64.34405,2628.0999,315.44434,97.703224,4506.9893,341.41537,113.39847,4510.858,336.51648,289.37137,14047.549
257.8336,68.172165,2416.126,262.79218,70.42877,2479.403,246.40637,26.572994,2466.4844,244.26456,76.06998,2477.9717,282.44315,64.059006,2410.0203,233.97679,70.907394,2461.3152,236.59569,79.134125,2450.4373,328.60934,124.64296,4247.078,330.6474,103.685875,4217.878,342.36447,262.44446,13320.947
248.40346,53.43066,2209.3093,247.37932,54.837944,2261.4106,228.57193,24.155502,2254.6538,234.38959,60.96393,2256.5903,260.7864,58.92417,2209.303,224.89757,58.858463,2248.0095,217.40735,68.11841,2241.1975,322.91205,114.170815,4023.3645,323.05914,91.365906,3996.8418,329.4484,265.7341,13248.386
219.23575,43.74801,1925.5671,229.82924,67.135475,1958.4392,217.41977,13.347041,1946.192,225.12236,55.985523,1964.0964,248.63412,48.54775,1889.876,197.07228,54.509056,1944.5171,203.5529,58.37015,1943.6954,288.07117,101.53012,3619.096,292.66913,103.48447,3597.5088,309.6955,257.1605,12318.707
180.98735,-40.645718,1557.5067,211.99136,104.99111,1470.5508,195.76765,4.599551,1440.0911,272.49286,75.02789,1499.9778,204.07431,27.131498,1432.8666,160.00145,23.552494,1361.27,218.52202,57.42463,1460.9462,217.62488,63.806698,2870.5208,287.81363,122.888885,2849.0562,279.8437,258.75708,9470.638
183.27258,63.19574,1332.9211,180.83519,36.509403,1388.6686,184.12642,18.823925,1376.9221,186.14366,56.336876,1418.3021,194.42505,43.076187,1375.307,161.09943,37.34188,1358.6028,151.38892,54.4094,1371.1902,246.82239,94.937256,2757.8914,262.5889,65.018974,2712.548,266.25934,217.80107,9963.065
180.35077,24.877436,1297.5487,174.31224,46.614437,1283.038,179.97481,22.347746,1255.5226,189.87296,37.521423,1285.9097,175.97203,27.079264,1262.9285,163.94673,24.524986,1274.9371,186.45068,27.599398,1279.0333,225.30931,77.967125,2731.3818,246.7629,67.959366,2736.9746,237.31485,248.8735,10889.291
181.04617,44.927155,1258.137,173.22752,28.895308,1258.5422,187.47186,29.130226,1244.6483,181.66605,30.335342,1262.441,182.11182,23.930468,1252.7618,169.54822,21.804983,1265.1266,181.79974,22.988766,1259.194,226.27548,75.51665,2712.5144,237.58238,64.748985,2712.382,238.79274,241.57881,11050.632
181.35065,48.151497,1165.464,172.1447,37.291027,1199.7738,187.19978,13.056986,1173.9473,171.62775,31.305952,1195.2668,192.14232,23.271984,1158.2172,162.6547,30.522541,1200.7053,175.00899,24.57141,1186.235,232.13571,80.4956,2656.7703,233.80013,72.333084,2650.925,241.81674,236.37123,11131.91
203.34842,38.758347,1318.7357,185.97797,19.786627,1301.8372,209.83543,34.283966,1289.2938,202.91412,26.501232,1281.6051,195.06961,16.925869,1328.1599,195.09985,16.290121,1291.9685,213.33858,22.686014,1276.0618,238.71497,67.457344,2859.5002,268.3132,60.251495,2869.0425,242.72699,265.28723,11985.593
214.51263,50.110653,1386.9813,196.21474,26.563997,1392.8768,213.25478,26.081043,1372.6948,199.81213,25.380505,1378.3374,210.88025,18.438938,1388.2533,191.1598,27.883104,1400.9847,211.1031,22.667316,1379.6531,255.9393,79.7593,3044.1487,266.23175,74.90532,3049.9006,259.57956,269.4612,12707.226
202.70311,55.412067,1352.1849,178.40685,20.80934,1368.109,203.35059,27.68071,1357.2833,188.1655,24.298714,1353.2286,200.05212,17.85866,1360.8058,184.06049,23.51891,1373.2506,198.44917,19.778238,1360.521,238.64195,79.621735,2896.3904,251.89078,67.30472,2896.6597,239.89088,246.4937,11690.432
169.29329,8.423623,1149.5316,176.94551,65.842026,1124.989,192.11653,7.41506,1101.7281,206.04723,51.80965,1138.9563,189.89014,14.604269,1089.2034,153.02539,19.268158,1077.5751,192.07175,29.503845,1111.8268,203.13885,69.30032,2478.987,241.33633,96.2595,2475.0918,243.00743,239.38478,9812.006
181.0871,47.558167,1149.8978,168.00325,24.462574,1161.9865,191.00673,28.584658,1150.081,185.44536,43.36247,1167.0453,179.06575,24.014362,1178.0505,170.78477,18.52908,1135.8566,179.62013,32.72438,1133.8296,221.29472,77.01007,2531.2275,255.40117,52.965557,2519.4502,234.16425,234.10876,10283.684
197.99347,30.570919,1265.6244,181.32216,29.708908,1244.3575,195.09462,30.546518,1219.2195,196.65317,31.645096,1237.0953,181.85164,17.417099,1255.105,178.3328,18.518126,1238.5134,205.09563,21.225657,1232.9884,232.3798,73.611275,2771.4338,257.69885,62.963295,2783.7478,238.86221,262.80273,11674.66
214.10915,42.87941,1402.2162,197.56163,24.364199,1370.9563,216.45164,36.255276,1353.575,211.36072,23.075207,1362.3472,202.00697,17.507627,1394.9052,199.07292,17.42035,1383.0844,224.1351,19.023584,1370.1926,252.92195,75.01967,3066.6462,273.275,70.94816,3078.9414,260.04767,285.74237,13008.577
191.17706,55.51217,1159.0826,175.36009,40.377872,1209.2654,189.1421,6.4728875,1177.0872,173.49992,26.95799,1210.7244,201.36598,22.039015,1140.79,160.27153,33.56662,1220.8572,175.09267,19.278364,1217.994,246.52184,91.424675,2770.354,234.44612,83.05157,2756.9714,255.59375,245.1994,11839.655
190.51706,49.35533,1054.1443,174.89795,35.9643,1106.6498,199.15816,8.336063,1073.0188,183.1693,34.20362,1091.6757,202.27394,21.886185,1061.1393,172.41911,29.282959,1081.6602,183.97717,27.361908,1069.0651,244.60213,81.94701,2627.556,257.716,67.85982,2612.4578,251.23569,250.90506,11609.61
210.7812,34.309048,1125.5594,186.4362,25.782772,1139.9141,204.53088,20.382286,1104.9115,204.1735,29.91817,1119.6227,197.10884,17.247751,1132.2887,186.91243,21.097763,1112.9242,206.98578,23.482504,1106.5382,256.2163,77.28732,2778.2617,281.22476,59.967857,2775.6934,256.13443,278.5974,12550.074
211.05333,42.51251,1105.3136,180.79219,23.232725,1122.1428,198.54257,19.582195,1086.6249,197.44261,23.290255,1110.8542,193.6857,14.855163,1105.0883,179.10912,20.081423,1113.4355,201.51645,16.31965,1115.0326,254.96233,83.134995,2782.8557,269.28683,64.061104,2776.3936,254.06427,275.60168,12656.078
224.29546,52.088352,1278.16,188.27545,-0.121023774,1270.0411,225.45686,39.319286,1262.5526,207.65808,19.76645,1244.2883,204.46906,3.206268,1316.9321,204.3684,8.77891,1262.4265,226.84764,12.475576,1248.4414,244.60521,68.86968,2893.8933,274.84177,60.98007,2900.1482,243.72957,271.5206,12542.85
212.93344,48.593098,1382.8362,180.95247,8.456893,1365.6572,216.83003,36.11145,1371.3209,197.98566,26.85236,1346.8127,200.37822,1.5195552,1406.999,191.68088,11.126467,1360.0854,219.36436,14.953387,1351.8042,219.96767,68.981094,2824.8994,253.28825,70.57889,2835.937,225.801,240.10481,11144.727
182.83301,23.314102,1365.3965,178.10274,42.620705,1317.2969,203.78412,25.642094,1319.8347,206.09036,46.51628,1321.4197,191.48975,7.97332,1340.1885,169.21045,14.0907,1285.0048,208.5016,28.462156,1299.3926,191.99092,63.723,2613.309,243.82603,86.32035,2621.694,222.61551,225.61212,9499.15
176.1335,53.861267,1366.5564,167.01317,26.681776,1371.5287,187.14244,32.27194,1374.2222,174.88217,44.201042,1376.56,181.24303,25.025534,1387.6511,165.82845,25.936316,1363.6375,176.14665,35.32482,1347.7987,204.93552,76.32052,2626.5315,235.94139,58.886635,2625.1348,218.07947,207.41136,9441.364
180.49034,39.425602,1432.6117,174.6343,34.692753,1423.0654,184.60182,29.579163,1412.2965,179.6852,34.695663,1415.0886,182.9851,24.913645,1422.408,167.11662,30.417658,1424.9807,185.06116,30.848803,1401.9518,213.34207,70.75219,2769.376,235.3624,64.65386,2781.8274,220.95816,224.47168,10283.179
164.84048,48.72359,1305.2238,159.08334,36.19233,1331.1694,164.92311,18.24342,1316.81,158.00432,28.011621,1328.6027,176.7546,29.426031,1290.9357,147.61444,36.282948,1342.7412,154.65886,28.628742,1325.4496,210.4202,75.74419,2623.1584,211.87032,65.070114,2620.2852,215.66681,204.00494,9799.973
181.184,44.276653,1463.9138,176.28404,20.685688,1446.8098,198.8487,39.464073,1451.452,185.38846,29.38902,1427.3931,188.72346,21.132788,1477.5486,182.90175,22.794952,1444.0406,193.80292,29.01875,1413.4524,209.96976,58.341434,2781.062,238.81548,59.639362,2795.4133,218.16377,224.59265,10297.761
155.51259,163.90038,1079.1547,93.383705,90.17539,1350.2423,246.70488,-8.63978,1143.5847,164.85213,0.45137948,1257.6682,215.66771,12.159451,1170.1133,127.81473,47.66728,1234.923,165.70749,6.2936697,1287.7343,210.6621,71.572556,2549.3257,183.82707,117.65064,2438.3792,190.4986,218.64171,9115.036
208.43864,-18.880318,1422.4318,197.48825,10.219097,1366.4015,204.40977,33.53727,1396.477,213.0515,39.41823,1332.8826,177.35037,19.6454,1463.326,222.10211,-3.2039938,1314.4486,213.33617,32.244255,1341.8411,249.28099,49.073597,2823.4045,281.18985,54.175014,2850.1675,255.40416,253.86958,11174.966
194.7352,56.47836,1499.3717,185.25922,20.56402,1443.9297,200.28421,40.06173,1457.708,189.51912,26.32547,1461.6102,192.99405,18.439135,1480.8085,183.14607,16.193916,1490.5698,209.32372,22.212065,1464.6702,218.33827,79.65451,2955.4495,244.25833,71.82192,2965.1963,235.13132,243.37949,11425.669
194.0055,53.36649,1487.073,192.10649,37.7692,1492.4142,210.87164,29.488039,1483.8593,188.69185,35.856865,1490.3433,208.06453,23.91962,1480.1149,184.16118,30.688446,1507.4668,199.70673,26.350327,1486.2151,236.63037,79.15472,2998.8235,241.38899,82.66795,3009.7693,253.93935,245.64896,11575.166
184.95474,50.606453,1453.5936,176.40956,29.47043,1452.9818,199.23756,32.907696,1456.7018,183.44557,36.18367,1450.1426,192.9506,25.996271,1453.9612,183.65472,22.161589,1460.132,192.47174,27.201792,1446.0458,223.34702,78.64268,2863.284,242.45314,66.46784,2868.7576,235.64229,231.20844,10734.005
166.9765,46.052036,1686.2808,194.59122,67.39505,1682.6398,249.37984,42.07258,1710.3624,177.22197,63.246983,1702.7045,195.92978,33.71619,1704.4144,219.29073,0.6768869,1700.6459,215.9562,23.317192,1711.7211,227.8314,75.37658,3234.3481,210.46861,118.17928,3216.504,292.41397,247.95569,11630.809
178.9938,-33.552563,1249.576,187.29843,105.87224,1115.3053,135.69218,24.086748,1113.7766,198.39394,94.157135,1266.6825,99.32684,42.34829,1107.4363,142.01685,-0.8886006,1150.4631,184.5739,8.646585,1381.5309,246.55042,146.48338,2738.7607,188.55641,122.20123,2790.0574,321.74725,262.59323,11294.494
180.99013,142.0023,1215.5063,173.24683,-27.079832,1251.1793,289.65244,32.373695,1332.7002,137.86514,29.772558,1271.7292,247.75523,-16.126165,1361.4653,220.00494,-27.550169,1318.6436,206.14873,-1.0967512,1245.1449,196.72075,77.508354,2616.533,189.86943,113.82846,2583.205,254.55879,196.70575,10668.864
225.31564,23.625793,1573.0431,197.24995,31.19665,1510.536,235.79073,27.07713,1519.7671,200.59914,49.81252,1484.6781,205.62234,5.780587,1558.2263,223.14922,-0.9436822,1513.3033,264.2368,16.3832,1476.5731,232.38925,92.294754,3116.399,277.4149,79.25323,3156.8508,243.07378,269.67133,12498.038
214.63214,48.700565,1554.7163,190.02458,29.08786,1538.9436,210.76219,28.628643,1532.4285,193.82933,38.570053,1546.2091,200.43523,17.63491,1538.0,189.84203,11.990569,1565.1495,215.2929,13.966694,1553.2834,248.2326,104.43807,3198.6265,257.0846,84.206955,3203.9927,261.1219,265.0581,12593.236
218.46315,61.944702,1614.8483,198.46005,25.309582,1613.4558,239.44765,30.050423,1615.445,197.98445,40.248543,1605.4994,224.58234,12.703109,1623.2168,207.28963,11.0513735,1631.8597,229.35297,15.6785,1595.7024,248.44104,97.306786,3269.7583,263.06168,91.82083,3274.5623,266.2821,265.81937,12729.873
314.91638,98.93182,1245.4977,190.19122,143.3675,1571.0012,276.4165,-116.72666,1482.1339,150.85443,-10.184164,1375.3483,263.07272,1.7345722,1404.4426,200.41473,206.23012,1324.1976,175.2373,10.136635,1671.4956,290.53363,55.591576,3031.3154,91.76411,211.7545,3171.1282,277.12186,100.64174,11333.44
279.97858,92.40622,2033.6376,221.10281,3.0304725,1963.3323,337.83627,17.181423,2016.4923,244.61046,10.700028,1850.0266,298.22653,13.8977995,2098.1958,339.2586,-3.820288,1953.5549,352.60956,39.848713,1809.7368,276.98553,86.30102,3987.22,404.63992,59.82162,3998.7927,255.30023,323.61218,15779.276
325.45514,1.8259268,2724.1116,310.07272,0.11493582,2531.548,302.63785,108.707634,2576.8787,325.65088,56.54679,2534.8596,256.86917,15.630733,2683.5803,312.69748,-11.170216,2579.2449,361.3412,15.493016,2547.9866,333.76776,102.77985,4889.922,389.1366,87.070145,4967.855,358.39413,405.53964,18282.096
334.34644,120.28781,2932.8184,309.46692,34.007835,2896.1487,362.9435,54.464462,2921.8823,288.76736,37.452805,2886.7717,352.5539,20.400879,2934.2976,310.80276,30.241283,2993.9788,347.1394,22.473204,2907.2117,367.54294,142.41237,5399.6416,367.1417,160.25906,5420.5166,389.37372,379.59213,19285.023
368.1407,17.450045,3164.905,512.51843,-62.8159,2520.9727,274.46228,151.93279,2962.7761,463.02005,202.29639,2963.7148,357.509,77.446625,2945.7415,366.3114,0.7904338,2661.6575,410.95804,184.39001,2658.1838,276.05576,182.93991,5124.296,580.009,54.442238,5050.889,559.9819,305.38132,16333.807
293.56567,-99.77676,1777.8281,277.40936,76.38502,1964.7943,307.7542,56.93444,1933.2798,182.65868,308.25665,2294.0251,180.61746,20.175861,1729.89,265.1494,-194.85576,2062.6562,221.29556,-92.66653,2230.0981,436.13882,383.68076,4460.5596,338.41882,173.2533,4385.3906,638.20013,528.6195,18234.959
401.8507,121.57408,3353.996,390.71957,-179.5315,2928.7495,528.6549,188.66682,3291.3862,369.53888,14.184651,2918.0222,398.32498,-57.653572,3587.109,540.7776,-126.593864,3097.5269,545.7401,3.0600626,2927.093,306.42752,31.035765,5489.8813,444.18253,110.5711,5582.54,388.18884,385.6235,20470.877
418.82928,121.12676,3823.6187,387.8096,77.82497,3738.2593,448.7775,57.805878,3780.1543,338.7556,86.618225,3730.7039,428.08115,15.95103,3784.3525,380.16684,45.12067,3859.8691,462.68573,33.745296,3752.1008,416.86795,192.40054,6581.103,429.30225,218.68837,6664.6343,452.90216,430.1026,22074.479
358.58484,84.81537,3540.3247,360.102,109.53295,3505.9675,388.2012,40.83965,3511.8164,356.15826,95.1054,3509.2957,398.92404,57.939022,3446.535,346.38187,52.845837,3537.7607,394.80353,63.891106,3499.7036,422.20648,183.7318,6207.4126,448.05237,188.58784,6214.6367,465.7833,419.33264,20285.316
346.62766,55.274616,3130.941,349.36557,108.93529,3162.3645,350.03186,31.679096,3140.0564,355.96967,126.41853,3183.436,367.3411,68.643715,3079.9685,317.77383,52.97487,3105.5503,347.43033,84.316154,3131.874,430.8141,185.9673,5663.0137,459.47372,162.73346,5622.8413,479.3853,395.76318,18452.078
327.02405,41.95633,2756.9673,314.40073,80.949295,2774.055,315.87253,26.233376,2767.4873,328.35687,109.9112,2801.215,326.9731,51.885265,2733.648,288.34302,32.451153,2716.922,312.09332,70.27843,2764.1648,394.7536,168.68687,5069.5938,426.4334,147.93695,5021.262,437.779,361.9442,16700.658
328.98605,79.83958,2807.7227,308.67847,38.821922,2793.9976,342.9122,53.986702,2825.1614,307.86563,85.47713,2801.9102,329.4734,37.775356,2843.416,313.2555,21.175459,2795.4148,328.87418,53.363594,2769.0623,374.13974,150.71504,5086.0845,410.6011,130.08318,5074.5674,405.7772,361.27118,17242.727
309.53656,86.66823,2799.4675,290.01617,47.129326,2794.0134,324.39627,46.848866,2821.5796,276.5982,71.519394,2792.4768,321.73663,35.25912,2799.179,290.8657,32.62121,2832.1257,312.53412,41.7206,2781.1714,349.04517,148.99481,4988.047,366.6496,135.23943,4997.481,373.26904,336.75995,16684.902
263.61566,-12.981538,2387.12,283.01804,132.26917,2321.6926,277.25638,2.619743,2282.8772,323.94815,103.708466,2343.6492,292.76453,34.93483,2238.281,227.06828,37.1999,2233.0938,305.25076,65.15261,2298.0037,304.18674,124.54143,4274.726,366.44434,171.47992,4256.125,369.65552,331.46158,13829.857
243.61191,22.973442,1960.0941,234.14476,71.979546,1965.4954,230.89691,22.276632,1944.4005,273.43896,100.287544,2010.4314,231.91074,47.515213,1944.0851,210.42494,19.951668,1875.475,232.58717,66.13118,1962.8988,300.8599,133.55539,3679.8132,349.40753,102.92716,3617.2646,342.54932,283.43292,12000.898
229.43748,53.856163,1804.952,204.1414,24.952349,1823.3054,223.43562,34.640175,1836.6898,207.81425,71.87214,1850.6201,213.28044,25.669676,1843.8328,202.12389,9.229877,1808.1288,210.53961,35.6723,1829.4307,261.12573,119.36421,3354.664,280.68607,87.017265,3326.0735,286.58234,239.7851,11278.727
212.34962,51.642616,1832.8008,196.19019,29.11632,1809.2877,227.21176,36.857796,1833.4473,195.19037,58.381237,1817.5833,211.54033,18.474165,1840.7875,204.30176,8.512633,1822.2549,224.94044,26.969677,1803.6089,229.74373,101.82917,3273.6997,256.7976,89.448586,3279.6646,254.01744,233.1519,11053.391
229.73434,50.580246,2155.475,224.70099,23.203342,2073.4495,262.77817,59.609024,2115.543,226.61366,53.431156,2070.5544,231.50201,17.412312,2163.502,240.86136,3.9554434,2101.8672,266.00998,27.062283,2054.863,241.13869,88.40789,3698.9565,283.39362,93.62224,3733.7532,269.49097,270.24152,12488.682
228.94522,68.05973,2258.7864,223.85089,37.418995,2220.99,249.72052,47.058872,2249.7664,209.9627,50.156498,2223.4663,241.2262,29.041239,2243.8198,226.57666,23.990383,2275.6018,246.3959,29.290293,2222.389,256.86493,107.99465,3896.21,269.2172,103.70159,3921.157,278.74545,260.25354,12858.225
242.67517,73.30827,2435.4722,227.20303,21.538567,2410.5642,259.14658,61.60888,2446.4268,217.87627,53.677116,2391.2761,245.40239,30.445435,2457.4092,247.17876,22.319176,2443.092,260.0998,35.443684,2388.7039,261.2358,103.5409,4028.3032,283.7761,87.58277,4048.9773,271.79532,249.32442,12586.095
263.6427,68.42637,2666.7463,242.81737,18.990976,2648.8733,264.1322,64.45789,2688.8806,224.37581,64.062874,2623.8198,254.10826,33.586338,2703.438,261.37048,25.239662,2673.0496,272.55478,44.210262,2623.6294,278.06805,110.89724,4273.885,297.3412,88.716934,4291.5454,283.68848,243.36409,12706.199
259.50317,56.69614,2630.7783,240.87878,42.301975,2646.67,235.06099,40.82518,2663.5403,214.71733,73.22065,2633.864,249.98404,45.207275,2634.0447,237.84769,39.102535,2659.4885,250.1944,55.596863,2638.4194,290.53146,127.88399,4246.7163,290.94196,98.10581,4238.5957,295.3841,226.38605,12280.355
260.68344,136.15706,3091.5796,275.01962,-13.059736,3132.0896,400.4563,13.759801,3240.1785,144.66333,7.945843,3046.4688,410.5578,-38.512657,3149.9536,322.3984,-30.943699,3311.9858,333.7692,-9.767022,3062.03,246.6021,75.716125,4812.861,190.29352,229.43814,4772.367,304.5046,204.33597,14230.923
305.66003,12.785974,3267.952,316.43195,78.444725,3243.8423,294.5387,11.67891,3327.1794,248.39594,73.232605,3185.6663,316.7972,70.91477,3242.1226,335.93597,59.690018,3263.886,302.8927,72.24253,3252.129,380.67572,127.97351,5313.1084,337.57224,143.58629,5376.6235,393.56882,276.38684,16170.925
292.37753,101.50956,2938.8062,292.83282,63.99702,3010.6292,277.62543,20.669666,3039.2366,235.50452,83.204414,3023.2732,326.577,77.351326,2922.4702,281.84714,67.73821,3054.2957,265.69522,79.40371,3005.064,369.6262,173.26256,5089.5474,349.29572,121.651306,5043.261,393.80695,270.6922,15760.3125
304.2598,43.151226,2889.7598,287.9328,38.372215,2913.5437,275.54565,45.23131,2938.9377,271.6165,81.36018,2895.3845,292.32465,54.032227,2909.5059,285.27777,35.73068,2894.9666,279.0988,64.68236,2893.1252,362.04178,136.86646,4890.5713,365.1322,107.72642,4868.6626,371.59076,291.08652,15011.79
242.62471,45.077446,2658.2688,277.4014,80.64478,2659.014,344.84695,-22.851818,2695.0613,218.05908,64.90725,2643.1167,371.0584,-16.98026,2571.0984,261.44955,-16.073128,2702.9014,318.63312,21.357883,2629.4443,252.72835,99.71503,4349.05,240.22964,248.91858,4279.101,348.4595,238.89383,12821.031
263.66843,22.320198,2399.4387,265.26517,70.17033,2475.1821,233.0856,-5.786149,2503.1848,224.11821,92.71456,2461.3652,268.02914,76.83548,2427.3137,261.1616,51.819546,2428.9023,218.82303,86.33836,2462.0952,370.1729,142.08801,4276.4272,335.73187,108.291725,4247.583,379.3319,246.07693,13559.691
251.81403,61.548138,2312.9734,244.8717,32.364544,2305.2712,253.14105,35.01355,2342.312,227.61165,64.31,2318.9944,261.56427,40.31963,2316.7104,245.96017,20.233686,2330.4749,247.50444,47.73841,2303.5889,299.10822,125.33995,4105.477,312.0586,103.21087,4082.16,325.44443,266.2246,13527.097
203.49179,-63.99043,1886.7343,235.8638,125.89723,1760.6274,213.80252,2.1063983,1734.8536,291.86282,100.748535,1811.043,215.2312,23.089699,1715.7258,176.52426,8.012673,1655.9028,256.95114,52.537548,1783.9675,230.83368,90.976814,3291.122,296.48047,156.88998,3274.3618,313.92548,276.99188,10300.911
192.30951,37.74525,1492.3391,181.48206,43.675034,1513.999,184.42131,22.577139,1510.9432,203.39986,88.2019,1571.4688,179.14146,38.655052,1521.706,168.60194,7.843033,1449.9443,174.7513,54.89876,1529.8394,238.26617,115.78244,2810.0396,269.04422,77.34745,2741.453,278.0462,206.60979,8983.415
176.23817,19.946613,1395.2076,156.22028,20.55643,1367.7909,171.80754,30.808184,1387.4916,167.54774,61.29458,1397.4028,151.51338,10.679828,1411.7062,157.30197,-8.386031,1348.6361,175.80261,21.82093,1392.8583,184.8993,86.33538,2487.088,210.11278,73.35252,2474.0234,214.37471,182.4914,8103.2764
161.95094,45.81785,1393.0717,150.68057,21.545298,1378.576,173.79857,27.225386,1401.038,142.88031,49.34374,1394.5973,161.83548,14.301209,1408.4019,154.83629,5.9891567,1393.711,169.90552,23.135658,1381.673,174.18277,82.23129,2467.5378,190.40749,71.3013,2466.437,196.96083,168.71608,8200.864
141.02568,-61.737957,1555.2284,187.00145,91.448555,1370.8533,218.62875,104.41512,1402.9796,220.84674,141.12016,1406.4233,90.12231,43.699806,1512.6731,252.00397,-31.860317,1285.3081,282.43448,26.025522,1440.4723,171.73611,67.11733,2419.0205,205.67628,50.181347,2562.5022,251.72615,243.42175,8514.452
212.32784,83.91663,1708.1259,185.62775,-1.8030889,1684.7327,235.68202,31.488344,1750.7601,161.66843,37.05373,1711.604,202.00418,11.781206,1804.852,213.05145,-6.5823812,1738.626,199.90318,17.474329,1736.9121,231.09892,97.2031,3134.7566,224.05157,98.04577,3132.373,259.69443,209.16505,10868.3955
189.9561,200.52922,1614.0541,109.35986,68.799965,1830.0818,311.42703,19.121878,1649.4316,176.39006,-8.177737,1719.4528,246.2012,-7.313975,1727.3984,184.55054,17.927347,1767.1217,244.05353,-14.709463,1776.6716,207.65753,79.93512,3194.937,189.39456,137.99284,3099.241,188.72647,240.13232,10769.382
227.5674,-7.9691653,1864.3773,214.22118,15.497599,1822.4546,224.43819,25.216738,1880.801,200.45862,49.214943,1794.0623,204.97661,17.490013,1901.4374,235.60873,-4.0924573,1808.3103,221.8558,25.314518,1825.972,265.3256,76.52687,3348.9868,262.11505,92.44839,3382.4822,279.84128,238.8195,11745.195
227.07208,80.57822,1992.5045,224.68015,40.72784,1938.72,261.96768,30.380476,1974.281,206.26093,46.39506,1956.2651,253.42953,22.82422,1966.0521,229.63026,21.54364,2001.3597,256.60437,28.804369,1937.4469,247.2056,110.6904,3700.1194,274.96188,110.65269,3715.377,285.67004,268.13687,13360.99
267.33295,59.859993,2215.978,251.26222,35.58039,2184.4385,280.7187,41.69068,2199.6685,240.71907,45.307175,2168.7007,265.12976,25.201574,2209.905,258.56412,26.46117,2213.4424,277.1007,25.020727,2172.848,298.4691,109.02698,4173.6743,312.1801,107.476425,4204.9624,320.10648,313.4531,15338.783
263.0434,74.952805,2332.2473,242.63766,28.96749,2307.082,276.8786,45.457188,2329.3271,239.39966,39.261673,2289.84,270.28305,27.283985,2326.6768,254.7832,23.172274,2352.7834,272.89148,26.464481,2296.433,298.80002,114.393715,4270.4507,315.0258,105.88275,4286.3203,309.14322,304.73517,15070.938
261.36038,79.86392,2454.0632,254.94382,38.436043,2436.8228,299.67258,51.942783,2468.2217,245.72304,60.53939,2425.943,286.35837,28.58244,2459.2441,265.6313,25.086576,2470.1558,283.2425,33.52477,2406.6355,294.07684,116.50684,4334.1304,316.9972,115.93151,4356.422,321.3086,300.36185,14619.693
261.60422,71.92064,2444.171,254.64978,58.387466,2456.0107,280.55444,39.57804,2463.2256,241.94955,75.399345,2451.3347,279.7972,44.719364,2429.9873,257.5385,36.604378,2474.3342,273.5803,46.71985,2424.469,312.09854,136.64351,4367.33,329.81064,109.48244,4375.397,333.1879,300.12482,14643.758
243.09677,62.357994,2136.1763,243.56488,78.1902,2198.801,246.99832,10.458249,2177.258,223.3135,75.93773,2211.6663,270.37372,53.579926,2094.0103,219.99107,49.21882,2210.0403,227.9117,49.20977,2183.3196,323.67596,147.84236,4116.5913,312.60797,118.09103,4098.4053,348.01773,293.80783,14458.342
368.2826,60.124344,2767.0347,351.22617,45.70389,2640.769,418.89838,67.74189,2687.971,353.06958,77.064804,2643.5376,346.96127,23.505371,2771.902,392.66476,5.6838627,2642.6157,420.34262,27.113632,2633.8325,379.8942,134.37329,5405.983,447.7727,138.08852,5468.698,452.08795,459.31897,21087.916
357.76688,71.36113,3005.6565,314.22647,15.325301,2893.644,344.17416,81.543945,2938.4102,325.99838,44.19265,2899.0098,313.8284,28.861982,2980.0935,341.70566,-1.1388204,2980.5276,373.42752,14.84194,2953.7202,393.8042,154.82108,5597.445,419.38077,121.12242,5631.8237,406.05566,427.71832,20592.598
304.52588,61.186077,2737.6816,333.33536,111.72957,2677.2417,382.3182,27.82174,2687.5886,337.39633,98.81173,2720.6194,373.2551,22.97324,2634.892,295.27698,25.961504,2689.617,360.32443,39.05773,2681.2017,352.26126,149.12193,5119.634,382.30478,215.10402,5129.8257,446.2559,401.95337,18037.127
347.18018,92.99536,2962.5564,337.057,55.76571,2921.8655,401.9092,67.02153,2948.176,348.64874,94.55278,2921.8545,364.11673,45.193207,2989.1538,363.6986,17.795467,2923.7524,385.1206,54.867615,2867.4824,406.4244,159.74176,5536.7695,467.50824,135.2306,5549.6064,446.60583,436.50778,19891.73
348.70383,76.204506,3093.0002,326.11768,50.14261,3021.8633,372.42407,79.87505,3050.7659,335.32083,85.50148,3035.3423,335.24466,36.251503,3072.1895,343.697,11.542725,3065.8,380.078,31.112944,3036.0972,388.2414,165.36942,5599.0244,427.022,137.76115,5636.1455,424.32367,424.55725,19616.424
352.72137,100.97399,3268.1953,350.5731,59.252472,3208.1702,411.355,76.286545,3251.6333,341.93637,93.91232,3223.0254,378.28708,38.859657,3261.427,364.2582,20.086147,3262.1104,396.76257,42.78947,3193.9558,398.49307,166.65477,5844.4976,436.56253,161.27303,5877.4287,451.47144,428.5325,20167.877
352.35413,94.33954,3239.7446,356.26364,88.7486,3223.2075,395.59204,50.26822,3236.5432,337.20117,97.98184,3238.8328,387.7422,55.265984,3192.9507,350.6882,41.52355,3275.0344,379.11908,52.25095,3208.6948,429.1958,186.20853,5981.4653,445.10477,171.2751,6002.9053,476.66565,440.49805,21022.484
327.76218,99.75339,2725.6655,334.69046,121.32384,2829.9595,349.40787,-1.8537354,2783.904,303.0121,94.699356,2850.8806,387.00174,72.55125,2646.651,295.114,75.00058,2861.368,309.1436,60.6174,2808.3474,454.21652,207.93797,5617.8975,427.1586,177.32701,5592.307,493.31607,428.06882,21039.793
542.0308,82.24652,3608.8008,505.7619,80.48102,3453.9531,608.89154,79.98818,3483.2764,513.36145,111.154175,3454.8218,498.38348,34.32702,3600.153,570.3579,12.362161,3431.5513,615.4259,31.339867,3442.7625,568.4706,205.65347,7654.4673,664.30023,193.93213,7743.473,674.27594,702.18524,32059.965
543.52277,-12.35393,2666.5686,432.1617,67.0249,2702.3608,498.37057,70.274315,2667.7815,371.7455,236.15178,2972.5632,357.28708,33.411118,2502.4482,509.7651,-170.22697,2894.9082,519.64624,-110.02334,3017.0032,668.412,473.8519,7508.642,638.6608,171.483,7483.717,827.5174,852.84973,36111.99
622.0591,159.8234,3610.6536,551.99176,-132.49553,3426.3108,685.7325,140.48051,3641.529,522.6652,37.941338,3402.5427,594.7631,-51.0312,3828.6345,643.9798,-81.4337,3546.458,663.62665,-12.2887,3433.5083,628.12616,161.9396,7913.9414,671.22943,207.13788,7943.4814,699.39453,679.92426,35219.137
658.37787,163.87428,4259.988,546.0225,59.92355,4209.48,704.43036,65.69306,4210.0425,550.0798,105.19938,4146.53,630.0596,-11.407424,4298.376,605.138,2.0519423,4256.697,720.50586,15.917507,4154.2456,677.0866,275.9896,8916.218,747.64746,269.30768,8967.197,706.223,758.27704,36463.582
643.6089,149.01245,4507.841,558.7659,66.286415,4464.297,671.7198,88.113434,4468.0015,570.2701,118.46135,4437.2227,613.61444,26.502598,4518.4873,599.5995,14.296438,4509.653,680.8491,32.995544,4437.8335,708.75006,287.24353,9242.338,766.0424,246.36769,9277.883,745.55536,773.23883,36720.258
622.51483,163.09433,4532.8066,552.6766,82.077774,4535.1216,660.0497,80.538765,4536.1006,559.1958,131.60262,4528.2324,618.6637,40.958572,4538.8647,578.86676,29.00903,4574.8784,646.4115,45.519176,4505.8066,704.8959,298.39758,9197.871,753.99945,251.68263,9210.498,752.5343,748.8946,35603.117
598.1503,149.83865,4623.0884,534.0849,66.957436,4591.9985,650.4717,101.39101,4629.7866,555.2988,140.3723,4584.2554,594.1038,35.722954,4653.193,575.2363,15.005484,4607.4,636.39935,48.347775,4552.0464,653.82574,274.27594,8899.518,731.5804,235.78502,8922.313,709.58215,701.21606,32782.414
370.16672,111.58149,3835.3057,433.9563,159.96918,3862.3076,614.2845,81.44125,3937.3992,389.58145,163.53862,3924.2458,466.5167,51.65449,3891.4602,513.57166,-48.50816,3914.2417,516.60913,14.7579565,3943.5803,537.4386,198.51486,7566.083,443.9692,334.46393,7532.1304,709.00903,575.3957,27697.766
502.70657,-42.810658,4404.949,504.98798,180.72006,3744.381,412.9225,98.26183,3882.1233,638.0567,84.66626,3882.283,334.21002,46.552418,4161.4404,418.20486,65.15895,3710.379,595.429,83.69918,4211.8228,494.99744,142.6283,7376.253,500.71347,320.13455,7597.0503,603.38464,518.6382,24950.314
429.87643,300.33084,3759.9707,379.25528,79.83043,3915.3977,620.1944,42.39482,3941.0984,339.05856,156.36046,3979.5056,543.53503,-1.3392208,3936.4739,433.97192,-17.25865,3976.672,491.72684,29.478394,3902.8484,445.24625,280.47556,6811.5933,450.75244,307.46002,6698.178,565.29016,428.43246,21737.36
442.73465,48.3552,3856.1526,380.71707,53.059795,3804.903,427.1505,60.202404,3878.1904,362.40762,154.34534,3806.9727,386.21457,39.415638,3872.9883,430.4661,-15.50323,3804.8123,462.95267,50.787766,3797.6438,467.16412,243.37029,6625.9365,516.12006,163.22606,6644.6357,501.71667,433.40182,21413.36
415.3979,97.29664,3718.6882,384.0732,85.87251,3710.7568,423.90372,47.405247,3731.9504,355.84665,140.8085,3751.3438,408.31384,49.509953,3691.6775,381.112,19.243052,3750.6514,425.91916,52.89023,3719.328,469.6316,250.0485,6660.1245,484.00763,197.26045,6649.5015,525.36865,447.91272,22196.926
645.5527,64.852104,3455.7634,289.27216,-0.6916791,3336.5327,45.42246,-53.134937,3239.0754,423.8007,23.327621,3334.9792,271.86102,80.96427,3160.461,180.71674,218.61682,3241.562,364.86322,156.38516,3223.2012,424.48514,362.60797,6646.12,822.50476,-114.50433,6515.726,220.63976,364.03607,21076.041
392.67175,-31.016964,3286.8323,399.00955,91.51246,3276.863,342.08908,93.29341,3155.867,424.35007,132.9993,3332.3154,340.81876,16.56119,3135.5847,246.16931,40.40067,3224.8982,345.5191,8.554769,3262.018,439.9305,175.66473,6184.741,435.49448,197.44795,6206.734,520.74304,523.98834,21805.094
385.4752,132.82303,3287.8245,347.74564,74.05325,3279.4297,440.5907,26.225292,3285.7905,348.98682,75.963165,3280.2646,420.19394,41.324085,3263.6208,380.59225,6.1650906,3348.0422,414.63412,31.826561,3255.5806,464.94852,222.26428,6451.192,492.11038,194.08334,6420.9575,500.2578,493.98572,23882.537
353.5945,62.74851,2875.8352,343.01666,113.884445,2886.543,389.22705,22.366282,2861.0762,341.4615,121.53922,2926.6028,375.3779,42.491512,2769.3113,327.80377,16.082449,2903.4502,377.93185,25.493431,2897.2537,440.29053,225.8661,5825.271,441.3348,198.5964,5824.484,509.13974,474.3882,22040.795
341.86163,95.72843,2442.247,317.2754,95.03759,2524.279,384.83203,7.7634487,2495.0044,314.42456,122.8485,2564.488,370.72495,46.869858,2413.3699,321.89505,12.3465395,2519.158,346.0284,35.336384,2496.8928,443.53824,234.09276,5376.2754,453.78772,171.74562,5332.1733,501.8269,456.65836,21331.799
345.32535,60.588455,2213.9106,300.7192,71.01698,2245.1736,367.1105,23.889,2214.1816,317.75906,114.41622,2272.8215,329.26157,27.673521,2188.2488,319.3731,-12.1191025,2223.2463,358.9227,16.363815,2227.4272,418.96362,214.07726,5023.0205,447.87024,146.46165,5002.4644,466.602,462.14877,20896.113
344.81177,68.915565,2143.791,283.09088,36.333195,2138.8726,365.69217,42.778744,2135.1343,306.78076,100.69001,2166.034,308.56113,7.8436975,2156.3867,319.36615,-32.51968,2132.0508,364.00424,1.2152528,2140.2788,383.88263,197.03651,4768.2314,424.3593,133.89886,4756.744,427.82147,437.35413,19819.748
349.57672,73.77779,2258.913,289.38376,28.729033,2225.6692,381.37363,50.103245,2238.9866,304.6617,98.849815,2245.5996,316.05283,-2.5577395,2282.9568,329.45975,-36.313805,2233.192,383.2542,-1.0790306,2219.1685,367.90878,186.8061,4799.2603,415.08994,140.84877,4805.331,414.81927,427.5502,19568.309
330.6054,77.33478,2256.1619,270.33762,30.672604,2232.1238,353.6627,44.996822,2250.893,279.71164,93.25373,2256.1633,300.0244,1.4522802,2268.6846,306.6976,-28.62472,2255.1887,355.87234,-0.48979023,2243.049,346.7728,186.50404,4641.417,383.7479,137.01881,4646.4185,388.2696,390.45267,18245.762
336.62622,71.264824,2290.3782,302.98343,68.65484,2280.8418,372.77017,22.873665,2265.4902,298.3923,102.92911,2301.6274,335.06485,14.832292,2264.8384,312.73865,-6.8670177,2295.2234,368.87143,16.382812,2254.6665,385.15076,194.11644,4924.408,413.12497,162.06653,4926.589,436.34918,432.98856,20114.932
348.5485,61.799274,2347.3347,291.27625,39.976215,2300.8462,360.07938,43.598316,2295.2783,311.4945,81.03802,2314.572,309.08896,11.453789,2327.6003,323.86572,-26.666542,2323.55,375.08188,0.47354892,2312.5212,390.0505,188.20627,5034.074,423.77414,138.21472,5038.463,423.1489,449.9652,20723.812
361.50815,88.63305,2473.9343,305.2692,28.438702,2447.8037,392.19904,48.216896,2459.7424,308.6185,82.35281,2456.1104,340.04092,0.2183617,2490.7942,336.6325,-23.635324,2482.6758,387.52634,-1.7776783,2444.673,388.93234,185.76833,5169.8154,414.73843,155.70412,5176.455,430.06277,438.24088,20834.12
378.7241,92.708374,2615.028,321.58377,43.99209,2611.1924,404.68958,30.656826,2610.3022,314.69122,82.772736,2600.9888,368.3213,6.0676537,2619.853,346.1316,-7.1063504,2644.3647,399.74887,8.327192,2580.4033,415.50647,196.36768,5466.225,437.91144,168.28543,5471.222,447.37283,451.77325,21922.82
390.04053,89.74726,2762.7422,325.2834,37.85278,2746.1694,405.65732,40.11272,2747.2563,330.0021,77.53466,2728.6191,367.85605,8.786223,2764.8865,355.96255,-8.237389,2776.5535,408.73654,7.7199664,2719.2073,425.15808,196.4578,5669.8276,454.6981,160.62784,5677.059,448.45776,463.9459,22402.67
275.14587,-120.12879,2673.4846,359.33957,203.55885,2324.3774,467.6856,164.39877,2384.9602,452.47638,278.81476,2420.8022,214.2839,54.478245,2531.8389,473.11285,-85.59954,2146.1855,556.93823,15.884746,2471.1328,332.58768,156.7601,4651.398,405.60193,162.97256,4916.1978,528.6426,525.0417,18055.6
398.62387,194.02582,2661.4858,317.67905,13.645759,2774.568,451.51917,19.785734,2827.1611,283.71527,105.08173,2804.7754,397.5837,21.995874,2885.3655,375.6412,-9.750745,2805.165,359.82745,38.63095,2763.6956,459.54245,236.74467,5532.3374,457.3961,176.00792,5467.993,493.6872,402.21075,20739.818
374.98083,66.224396,2913.1938,315.1596,27.836458,2786.3223,392.1334,62.245274,2836.8625,317.35165,82.78724,2793.9995,336.51224,-2.393837,2866.089,361.0835,-34.867683,2864.2498,433.6561,-4.892173,2800.6223,366.89435,190.62898,5526.2944,426.43732,151.33702,5571.2305,406.16974,439.3188,20980.266
380.25162,105.808014,3065.9446,333.1053,40.813393,3045.9514,409.83267,53.578274,3071.4316,323.73178,88.93671,3044.7734,374.90198,14.628751,3081.256,351.56494,3.581305,3092.3271,398.0373,18.082281,3026.261,407.56216,193.73703,5796.1123,430.8547,171.2827,5812.064,444.1883,428.97244,21050.348
378.9408,100.382675,3232.8315,339.82312,54.546646,3200.2537,424.08905,52.415134,3228.798,331.786,94.466965,3191.2166,386.30402,21.675558,3226.1226,370.40778,0.4670936,3248.739,416.37604,21.697273,3167.7427,413.48453,198.21317,6005.9263,446.58612,175.52916,6027.7407,452.73947,444.3241,21515.846
400.12836,92.426834,3515.4697,370.63138,58.31147,3443.8916,447.73157,67.99086,3480.421,366.5611,104.76808,3443.288,402.2779,28.655838,3497.5393,399.30417,-2.5090225,3494.397,448.17538,28.004663,3412.2688,440.01813,204.10233,6444.128,483.9825,179.97725,6476.3584,487.7412,483.7152,22982.852
422.50073,100.95761,3711.7473,398.22116,75.80948,3650.9277,469.7948,60.42862,3675.3306,384.3313,109.44079,3660.6055,433.11133,36.47213,3669.9397,414.01913,5.9765167,3719.801,465.68243,30.233324,3632.1152,481.66675,226.5319,6928.464,508.54733,203.85214,6955.2485,535.55347,522.6195,25058.602
478.16095,113.669914,3792.9756,449.02576,110.032745,3759.9233,530.0062,35.53587,3765.1865,419.22662,125.48572,3788.6475,490.125,44.48213,3720.4263,462.66016,18.6869,3825.7478,514.951,27.39902,3765.801,553.7238,271.88254,7619.396,564.8236,241.68996,7644.576,635.8955,604.9833,29336.904
502.46234,98.94797,3950.3997,448.51224,68.157005,3874.3533,530.0822,68.05615,3887.2993,459.50476,107.994095,3880.5854,479.6619,37.840145,3899.322,485.8687,-15.183041,3938.6804,541.85297,18.000393,3878.5532,583.7293,265.31287,7899.8975,616.8196,213.21182,7913.6616,630.7046,647.5963,30649.088
496.05823,146.56422,3877.7236,436.3932,58.72873,3893.5813,548.84186,62.351105,3923.034,419.77692,122.22866,3908.3472,503.63638,21.926601,3887.2327,468.31805,-6.21159,3963.8713,516.94135,11.649026,3891.4883,556.23285,274.55243,7649.283,564.73627,235.10762,7650.259,617.75073,584.2839,28708.3
549.5743,132.09212,4321.835,494.14276,73.0689,4281.0527,620.71277,66.82759,4307.0034,484.10538,136.52849,4251.482,558.95654,21.940884,4337.1626,538.5205,-4.537873,4316.64,608.2485,32.66226,4191.559,601.7842,270.7711,8365.106,659.58905,246.83725,8394.588,658.30615,658.13153,31500.268
551.7553,130.79509,4369.1094,479.04053,83.14304,4357.288,572.0193,55.626728,4360.7456,469.8361,124.95789,4349.6597,536.5513,36.435825,4333.037,505.09857,9.350235,4425.005,570.81024,25.079695,4339.284,623.2412,301.14865,8546.682,645.2476,244.92435,8560.845,662.59644,655.88245,31981.805
523.1905,158.76993,3957.8438,469.663,120.77573,4084.9397,556.28015,4.0398173,4042.5464,433.3214,132.84444,4083.1887,566.4122,50.36859,3911.0488,458.05872,49.257736,4133.6294,508.86337,40.772697,4030.7354,638.9687,319.14743,8227.526,619.5312,269.63654,8194.168,686.53723,628.7666,31536.33
559.9302,118.36482,4105.248,486.7612,85.23263,4119.5986,599.0148,49.971443,4095.3362,503.57986,130.16376,4079.7754,552.42554,36.550327,4096.0864,528.09247,4.0634847,4114.0303,589.88794,33.193474,4027.8828,647.60913,288.39734,8439.514,699.9784,231.25006,8438.004,683.84674,700.76294,33046.098
551.91797,132.52013,4073.4807,462.59888,63.52899,4089.1128,574.51013,63.97969,4091.5105,472.255,131.33661,4085.977,522.7358,26.081038,4078.01,504.01794,-8.279467,4122.071,564.11395,14.844316,4069.5725,615.8165,300.5398,8215.611,649.24945,228.32088,8214.308,657.8756,655.4766,31411.867
585.98224,134.0371,4398.111,522.4251,87.61748,4364.16,652.19684,66.43406,4367.041,521.826,152.04913,4353.6357,584.43835,24.035225,4394.2856,560.3729,-8.694472,4393.4785,642.5605,29.038855,4290.3804,650.9099,302.5909,8808.025,709.3671,263.6129,8827.858,716.76825,723.509,34075.0
688.9988,124.8683,5061.6143,600.15405,87.1018,4923.1724,740.7004,92.66505,4936.5806,608.4086,150.58519,4916.6206,631.34546,20.209877,5029.616,664.12994,-29.792845,4983.6533,765.5631,8.816865,4911.5093,739.8656,335.5854,10203.896,808.13513,289.73444,10266.966,817.0009,863.9858,40481.91
695.7066,156.27283,5063.3945,606.5081,115.94685,5030.5483,720.39557,54.247303,4998.515,593.8263,142.21028,5046.992,668.4027,38.138844,4973.2656,628.4512,-4.3695903,5146.185,726.9615,8.195877,5063.0605,811.29755,389.1463,10650.8,807.6618,327.94635,10659.868,873.5821,886.8556,42892.598
726.14453,170.681,5122.982,637.0838,115.12817,5109.505,799.7992,65.91638,5080.984,638.75336,164.58133,5110.6763,718.1974,29.24877,5078.812,686.5899,-21.531704,5178.993,785.5583,7.181814,5091.4497,841.7187,393.6847,10944.05,863.7913,341.41888,10949.974,923.21313,941.30817,44684.1
758.4834,168.17738,5399.2124,638.0876,68.23367,5326.695,828.49854,111.24513,5356.9165,663.6028,178.13939,5328.685,704.9785,12.637902,5420.2515,733.56067,-60.354218,5384.0864,830.97723,-3.846613,5323.8364,826.15063,393.16107,11080.225,892.62555,314.23798,11106.798,905.60284,938.6721,44036.305
704.02264,173.97026,5077.766,611.4731,123.96198,5091.2188,779.893,64.12716,5103.4585,609.3082,214.69319,5147.2593,698.84766,25.14072,5044.949,655.1728,-26.455177,5140.585,755.10803,15.331144,5103.349,785.5021,420.5661,10445.788,826.37823,345.56467,10442.309,895.503,856.57556,40471.285
709.9893,161.18855,4895.982,637.42926,156.3345,4942.1807,788.2993,38.89829,4901.5127,631.3986,227.32005,4980.9253,720.53284,48.472206,4853.576,664.45184,-3.6067712,4947.9805,760.4532,44.665974,4873.6743,838.6936,427.1996,10552.188,890.12555,338.81573,10533.923,941.8566,913.9168,42555.402
739.48206,123.67918,4991.401,624.3808,101.11068,4914.1855,775.83014,92.298836,4890.14,672.0446,193.32658,4943.672,661.4036,30.061275,4951.958,693.6304,-54.63366,4930.534,801.42865,7.6348577,4917.7324,835.3648,406.22595,10703.448,914.6671,294.9828,10713.689,913.587,965.69244,43881.023
693.3524,182.92757,4412.7144,584.9995,120.46821,4514.249,731.36115,32.610176,4468.0093,573.9493,192.61108,4576.9854,675.33044,29.043837,4381.7383,606.00946,-13.189623,4567.7324,695.0917,5.5879116,4542.0757,812.4215,433.83102,9997.533,808.3256,331.30826,9953.918,902.4233,865.16895,41459.793
665.408,160.45312,3925.7778,550.80066,119.70828,4055.4326,708.7578,13.438622,3989.5745,560.71906,189.42046,4074.0203,652.0,26.183344,3918.2942,591.08636,-13.257522,4035.2075,675.4516,16.040808,4004.7556,782.6262,405.42926,9279.67,813.4963,298.1027,9227.098,854.29834,839.13947,39560.984
721.71094,103.91784,4030.1182,610.4261,131.45863,4036.8313,760.20953,34.11801,3933.5015,651.11316,196.77927,4044.2463,661.7714,21.012669,3984.9463,652.9015,-38.79104,3985.6003,775.413,13.134072,3964.618,844.77405,399.39664,9853.465,916.3454,299.80072,9838.042,920.8433,982.3217,44257.242
827.8186,98.52197,4407.384,686.1193,119.985435,4307.4014,839.7133,55.382458,4178.553,743.4936,170.55951,4325.0654,708.07117,5.6657243,4317.8955,735.99536,-74.41202,4320.6924,896.4158,-23.324522,4316.5625,961.61163,433.89,11207.146,1019.4057,335.81244,11208.518,1035.1967,1166.925,52612.363
916.2042,162.01888,4646.1953,723.198,79.20389,4589.5293,921.45135,59.14099,4472.8984,767.3858,140.21162,4595.312,782.61523,-25.137762,4605.2075,793.75977,-91.437126,4666.495,960.8953,-64.1362,4654.7134,1037.2147,469.90366,12119.841,1050.2457,378.5619,12106.876,1101.8425,1234.2317,57669.344
976.009,194.01283,4795.032,772.9033,73.576775,4822.3066,1010.7753,32.072685,4729.814,776.68445,150.8166,4790.068,882.4172,-40.15944,4798.771,862.21295,-91.13296,4902.531,1018.4823,-68.23335,4834.484,1104.313,496.9319,12729.614,1093.8668,422.23404,12709.062,1175.4323,1268.5857,61049.887
1052.4978,73.699524,5239.524,937.50806,108.91543,5106.6704,1149.5044,22.151894,5086.7896,882.80255,201.10957,5077.595,996.17,-20.38391,5123.7886,1059.05,-157.08917,5221.943,1193.1882,-64.81004,5095.06,1278.2609,523.94086,14287.684,1256.1884,479.90634,14323.999,1421.7478,1502.1968,71641.46
1193.4878,28.88619,5850.472,1081.926,49.19987,5586.7656,1286.6428,47.89365,5669.242,982.6017,186.08127,5569.3022,1101.0121,-30.799908,5720.5303,1256.1688,-242.84036,5816.136,1354.0261,-110.63298,5683.008,1480.3124,565.96106,16293.315,1395.6311,528.01764,16355.424,1654.7917,1728.5496,83964.78
1307.6923,70.315796,6318.5566,1183.5133,-9.681118,6067.593,1445.4728,49.61777,6268.135,1015.6437,182.3275,6045.7764,1244.1648,-62.49878,6252.1436,1416.659,-301.15732,6399.918,1477.812,-154.49829,6223.5205,1611.8833,613.5423,17733.953,1457.4958,602.20966,17797.715,1822.9596,1831.4596,92034.94
1310.8623,119.304184,6205.999,1161.5078,-67.19324,6098.896,1477.5526,30.926506,6424.705,937.6703,204.97986,6068.2256,1291.3119,-82.57273,6260.66,1454.9222,-325.30276,6444.993,1449.978,-167.48535,6256.365,1595.2888,640.33575,17398.268,1405.5502,607.39105,17433.871,1819.2931,1711.3573,89510.51
1283.6229,107.23144,6034.1265,1171.0378,-42.32006,6009.183,1497.9867,-1.4929117,6380.0186,911.95294,275.73486,5969.07,1329.7385,-71.9598,6139.257,1467.1827,-308.80066,6267.653,1435.2194,-118.79618,6034.4424,1569.7244,643.35046,16833.064,1419.1364,605.99725,16860.445,1823.2101,1633.78,85987.55
1249.7944,8.056044,5886.624,1182.3445,-22.795483,5772.7793,1452.187,-4.5334907,6170.7114,919.383,308.8464,5758.3154,1283.0524,-45.24743,5918.9346,1479.0963,-332.23932,6006.3965,1426.6708,-98.74305,5794.8003,1573.8698,636.53143,16553.207,1445.99,574.86414,16600.305,1847.6134,1653.2446,85566.69
1246.0739,21.552784,5852.963,1138.8658,-48.71243,5669.218,1416.7914,43.69011,6053.1113,944.7677,298.71863,5692.4243,1209.532,-52.785778,5911.4785,1444.7404,-349.86627,5885.264,1417.413,-110.4432,5761.3584,1525.1469,630.31555,16254.929,1443.6849,534.61597,16297.251,1785.6138,1644.6603,83388.99
1260.8524,166.81718,5853.3945,1050.2102,-50.349453,5817.957,1393.0624,58.796207,6086.6416,930.9114,287.1064,5832.7285,1182.4979,-81.57448,6042.2915,1317.8345,-278.44415,5959.82,1362.6334,-101.99722,5874.9775,1427.0347,643.9887,15715.836,1402.7175,521.6149,15711.249,1628.3275,1530.836,77255.93
1223.9983,230.0932,5783.692,930.10284,45.10509,5797.5254,1308.6968,69.4785,5864.4966,973.2059,318.49103,5827.615,1082.7784,-78.50987,5943.2227,1138.924,-194.17636,5758.1235,1313.9309,-60.816723,5794.83,1277.3962,659.59064,14768.406,1409.5074,483.15558,14731.888,1425.5927,1447.7839,68315.56
1132.6825,204.8518,5619.4917,862.47504,79.82616,5606.5576,1205.2269,91.803246,5614.1245,954.0377,341.4563,5678.1157,981.6797,-71.60629,5744.693,1005.45703,-160.43835,5495.7754,1218.0002,-34.286312,5577.826,1140.0997,616.98004,13640.422,1331.739,450.12854,13603.791,1296.3685,1341.0049,60387.023
979.98834,57.039845,5259.2954,1310.4651,-130.15054,3748.441,778.4387,250.07924,4768.482,1221.6493,615.6391,5088.225,985.58636,128.30435,4666.744,846.3317,-121.20912,4121.7666,1037.4115,406.2779,4040.7556,877.8526,677.11865,11947.227,1683.77,238.80331,11608.171,1669.4003,1101.3639,51924.08
1332.1146,377.30438,3235.3772,754.626,211.51651,5259.249,1166.0182,-442.89285,5202.9946,101.975876,20.579922,4414.094,961.1631,-48.715195,4655.543,1052.8064,594.5831,4543.586,477.78613,-209.61356,5954.3877,1462.3593,341.54785,11347.79,-43.28719,788.9388,12024.351,1413.2675,277.403,54253.67
1114.9359,372.08344,5273.038,756.74615,133.06287,5162.922,1363.5529,-265.29855,5351.45,722.0235,40.803978,4733.818,1232.6934,-18.47628,5265.0835,1359.182,-117.167015,5254.257,1464.7737,29.052618,4703.361,1120.4211,573.1551,14251.505,1508.7727,390.30612,14222.148,1085.4915,1311.3396,70406.484
1180.5936,-132.98865,6030.8086,1048.0238,54.373993,5650.4688,1023.97266,211.47607,5620.2046,1118.5417,329.24377,5808.7085,842.09143,19.37468,5790.124,1042.6934,-174.68062,5628.1367,1222.7452,-45.402523,5784.217,1367.3416,579.7963,15298.557,1458.2008,334.3655,15398.229,1535.4977,1665.385,73714.25
1223.5487,186.95872,5246.263,906.52246,-323.42307,5651.6777,1230.9489,139.865,6067.1367,776.9224,307.25824,5699.8335,946.3557,53.84453,6147.2256,1394.7549,-405.58514,5676.094,992.13916,-69.56924,5782.6978,1633.8127,701.28595,14991.348,1486.635,208.61559,14754.194,1708.3462,1436.2456,72718.8
1322.4619,12.435314,6492.9224,1230.9493,176.69238,6038.2964,1493.9567,39.39269,6118.5767,1116.9949,355.02682,6111.7,1255.2393,-79.74136,6189.797,1361.7164,-257.27795,6246.9688,1650.5281,-85.25441,6045.2764,1485.1078,677.7863,17319.816,1563.6019,654.5915,17477.11,1773.8452,1876.0605,88120.82
1096.4188,32.34177,7610.098,1323.5653,556.1645,7209.207,1736.566,13.179571,7376.7827,1301.5266,623.9715,7993.609,1393.4401,67.42883,6944.3726,1483.1538,-378.13937,7416.2446,1740.3955,-98.940056,7709.67,1928.3295,850.05597,21617.016,1496.6392,1111.8999,21958.754,2554.818,2102.815,104928.484
1527.9901,448.80222,7597.1465,1121.7765,-131.61957,7488.9785,899.00903,219.38675,7823.7603,795.12506,118.161736,7798.0034,805.5999,362.6289,7697.078,1443.7161,-1.1952175,8407.932,1179.3701,-76.099815,8810.331,2212.063,1136.8389,21483.746,1401.5717,170.97192,21724.342,2040.8773,1718.2426,110627.82
1357.2719,243.11832,6599.0063,1478.5857,-115.783646,6876.907,2189.0823,-106.9442,7587.442,690.449,306.42188,6836.548,1909.2363,-283.66016,6827.3047,1908.4144,-618.42804,7725.208,1727.6246,-433.55893,6966.3237,1800.1243,727.6516,20022.178,1083.6649,1172.8572,20080.299,2443.0618,1896.8292,109952.59
1534.9036,-173.78412,7121.534,1497.2933,-61.447117,6760.1953,1856.4708,-132.15245,7531.529,1019.0117,368.67,6623.719,1630.873,-56.26247,7030.134,2088.072,-595.76483,7213.3433,1910.1422,-178.95117,6763.8564,2046.0443,827.66846,20992.863,1801.0626,738.2254,21125.592,2402.966,2108.925,114924.87
1674.7648,-128.50201,7758.6157,1617.7222,-135.09842,7311.256,1992.284,44.864365,8013.7656,1205.6514,413.467,7342.8076,1646.5107,-129.74254,7786.0576,2092.2148,-646.89056,7765.1265,2000.8624,-258.80002,7487.2563,2104.1328,839.8994,22285.871,1835.2628,808.7491,22432.264,2562.32,2308.5872,120077.17
1709.9172,39.474785,7876.1284,1537.1697,-148.8273,7579.965,2019.2609,8.836157,8266.577,1135.6173,381.08994,7614.923,1682.0912,-161.88284,7990.5225,2052.0703,-633.87915,8107.345,1990.565,-287.07645,7822.546,2065.325,917.2344,22386.266,1792.8881,844.3903,22461.877,2477.2107,2221.2803,118100.04
1650.8586,72.08111,7560.565,1495.3962,-132.92497,7437.5835,1968.7606,-28.635077,8124.237,1053.5895,410.66565,7448.789,1692.3604,-156.77254,7721.6323,1970.2474,-566.4171,7902.843,1889.685,-247.57387,7565.832,1986.9006,902.79785,21388.451,1712.7384,833.564,21443.47,2394.954,2053.4248,111687.11
1567.0557,-103.86444,7327.515,2307.0964,-342.02097,4681.632,1271.9808,335.27713,6710.5586,1883.2991,1006.64935,6786.661,1738.5043,196.86363,6186.901,1569.494,-243.47809,5421.948,1755.989,661.44495,4926.721,1479.7556,1021.99817,18743.027,2694.0916,346.55545,18312.98,2884.2556,1754.4078,93699.59
1744.9924,-138.74878,7653.8203,1412.1385,-59.088867,7713.389,1874.6964,214.4642,7834.2476,1374.7772,617.9801,7899.533,1290.5684,-199.56323,8169.058,1675.2654,-605.93896,7500.9165,1722.9734,-300.37732,7999.225,1972.0405,890.1731,20569.72,1801.2838,777.42114,20594.318,2385.6438,2271.1719,99514.07
1712.1343,448.28067,8385.131,1210.0363,-5.507158,8047.961,1821.7494,78.74469,8239.013,1252.7921,333.15698,8167.5947,1457.1804,-167.0569,8514.297,1593.7358,-392.74417,8367.237,1940.989,-169.67877,8222.125,1675.782,1002.32837,21059.81,1898.0504,705.18964,20989.338,1852.7153,2028.1704,98795.78
1723.4407,302.13263,8611.445,1314.5222,156.53555,8609.756,1821.4637,101.26744,8502.131,1337.5522,465.60583,8678.972,1468.6417,-137.18271,8669.043,1490.4552,-257.2123,8649.847,1859.1698,-162.5183,8646.68,1781.8083,984.8774,21544.057,1846.0079,778.32404,21574.244,2005.9194,2125.7625,99512.836
1751.118,311.50897,8674.795,1317.1802,222.61234,8673.326,1831.4403,33.567,8480.353,1395.4938,433.7586,8720.745,1503.5898,-81.40816,8630.785,1533.5471,-255.5685,8710.446,1897.2765,-134.77548,8689.552,1908.731,1051.6501,22532.023,2011.7947,774.5449,22477.506,2084.592,2282.5242,105716.49
1889.7467,211.605,9365.266,1508.3268,201.78487,9152.909,2004.9913,96.32832,8997.207,1564.6196,453.9978,9212.507,1606.4938,-97.052,9248.959,1736.6755,-342.41196,9244.82,2113.6768,-180.09038,9205.662,2105.4285,1063.7307,24665.834,2177.7903,835.0909,24688.936,2349.9133,2597.2546,119431.305
2083.5493,386.79523,10593.333,1495.4735,-6.6752462,10360.152,2129.608,206.22421,10325.327,1620.5588,355.94287,10342.625,1660.1464,-186.76617,10774.648,1849.3204,-402.95087,10532.098,2238.1282,-257.56488,10508.348,2120.888,1077.1119,26196.79,2237.6118,806.4545,26209.648,2266.627,2583.637,121863.49
2257.239,442.685,12022.483,1758.5594,213.90659,11906.545,2437.1082,102.33098,11745.689,1768.4539,484.01157,11870.395,2007.2197,-163.86368,12046.701,2009.1368,-307.4992,12080.079,2496.1094,-196.20358,11853.54,2377.3022,1220.4553,29450.373,2455.3672,1054.1842,29497.096,2613.6755,2862.6548,135751.75
2431.2534,392.18124,12666.33,1875.2089,310.96136,12575.729,2489.1116,44.14208,12265.322,1941.5745,492.59515,12557.86,2096.655,-93.14622,12474.077,2113.727,-300.0965,12745.818,2617.6855,-196.291,12612.832,2704.975,1391.3616,32321.164,2748.3606,1093.8749,32302.182,2897.911,3220.3386,151620.34
2562.5461,453.2249,12754.433,1946.7349,260.78445,12759.487,2632.3826,75.313934,12452.528,2040.338,511.01978,12778.8545,2198.5955,-121.48922,12647.522,2220.9055,-354.76996,12919.764,2714.5232,-249.89427,12865.078,2854.6707,1471.4371,33591.086,2866.9575,1135.0369,33513.48,3078.9417,3389.7869,159755.95
2654.8035,452.63586,12976.698,2036.2316,170.41385,12993.668,2810.7742,91.49274,12866.393,2053.7207,558.6322,12985.947,2326.089,-171.99782,13023.967,2411.1187,-452.00253,13175.678,2848.1497,-283.62006,13048.47,2925.8423,1490.8232,34244.496,2931.5452,1171.9895,34187.348,3206.9849,3435.7537,164100.03
2700.2712,449.84836,13052.979,2053.2515,150.77739,13106.441,2843.7837,72.99664,13052.885,2044.2316,597.5971,13095.241,2363.6135,-180.3015,13148.696,2464.4539,-469.55548,13271.743,2882.5225,-276.1696,13146.17,2951.157,1531.774,34362.49,2972.27,1172.2468,34303.812,3234.2285,3407.9836,164154.62
2676.5393,500.44977,12904.769,1965.1522,146.57446,13004.024,2799.151,109.61074,12930.536,2045.4368,639.893,13031.43,2288.2002,-184.87723,13083.715,2391.997,-457.6416,13058.457,2839.2356,-257.35388,13045.124,2841.0962,1547.5779,33428.27,2964.7283,1112.9867,33341.523,3107.6743,3297.7495,156635.95
2551.7073,329.78687,12485.442,2052.2446,222.24434,12467.766,2804.5613,73.501,12518.683,1984.6859,746.06415,12597.239,2301.0212,-145.35925,12494.089,2450.8574,-515.9897,12591.46,2827.5442,-234.65291,12501.089,2843.436,1531.8306,32821.098,2897.3877,1167.5112,32795.57,3266.98,3317.2454,157073.14
2250.9045,103.06388,10820.787,1831.6829,104.006874,10546.351,2468.3706,77.06255,10886.564,1795.458,677.9145,10778.372,1997.6299,-176.85457,10733.39,2262.5938,-637.1463,10675.091,2528.4658,-273.187,10843.98,2489.3638,1336.0814,28585.363,2543.7341,1062.9066,28547.31,2979.2927,2910.682,137736.39
1929.3303,66.92074,9141.776,1753.6517,47.179535,8967.449,2346.8438,11.383848,9582.721,1490.7781,707.21893,9216.778,1956.0784,-169.78212,9231.267,2161.748,-625.0804,9123.424,2241.2043,-196.05452,9084.713,2218.1292,1139.4652,24593.064,2184.4983,1039.2751,24554.219,2833.5593,2457.0403,120861.33
1846.4406,175.80627,8586.28,1500.7811,-17.98481,8521.177,2085.0645,62.20685,8985.26,1353.9049,620.4725,8655.194,1681.0616,-115.37835,8873.306,1985.4064,-532.3707,8604.604,2057.9407,-151.71495,8569.242,2060.2751,1109.8508,22727.625,2128.4688,765.0981,22691.156,2435.331,2240.109,109991.62
1758.9814,244.48854,8257.387,1325.3098,63.647194,8203.918,1903.261,107.36619,8378.197,1356.7604,582.0743,8361.131,1489.6084,-144.5963,8469.799,1668.2172,-412.72018,8160.258,1928.3267,-150.35437,8276.518,1806.5099,1054.4457,21033.367,1982.5941,725.89105,21001.004,2107.8254,2095.11,97712.625
1609.0153,167.06122,8097.7803,1213.4862,142.32816,7776.3896,1773.1758,141.39224,7857.9253,1429.3215,558.6815,7971.5967,1338.7559,-182.41283,8159.8438,1448.2773,-381.2514,7561.843,1857.9585,-116.23493,7832.692,1503.0674,895.73315,19063.838,1874.8811,732.00824,19042.982,1835.5759,1948.0074,83534.79
1504.8948,369.95572,8325.543,1082.8649,22.87806,8257.422,1620.7688,203.99464,8370.38,1180.2885,493.6784,8409.962,1231.4786,-118.1213,8667.582,1349.9846,-286.24207,8225.285,1624.6091,-86.194664,8273.242,1415.4409,883.6279,18355.633,1678.4701,568.2836,18331.355,1622.3351,1674.2227,76200.36
1333.6891,158.05096,8628.754,1030.3912,136.46594,8229.633,1466.1073,193.41692,8340.169,1193.6854,459.21024,8367.285,1108.1548,-126.1047,8613.817,1209.7244,-269.44238,8156.747,1575.7703,-75.94463,8288.866,1183.0612,725.4349,17199.742,1510.2146,613.21936,17285.47,1435.312,1549.7645,66650.91
1215.5732,335.56247,8374.638,994.91425,176.5581,8371.349,1353.1892,118.21534,8421.967,987.0782,443.2094,8534.664,1136.984,-1.8317635,8452.552,1102.2725,-115.22263,8445.472,1315.422,6.1538467,8365.1875,1260.5723,787.4661,17091.088,1390.7632,580.01416,17074.184,1469.8091,1406.5583,65712.08
1178.7083,230.44131,8442.618,962.6707,175.7047,8333.637,1273.851,131.0744,8344.959,996.9798,373.83322,8406.3,1059.378,8.100289,8396.853,1092.8983,-125.07967,8402.663,1306.4176,-19.112906,8331.816,1244.4808,718.31476,17087.023,1369.7667,531.3897,17125.66,1400.3157,1441.3859,66456.08
1161.3679,262.90616,8199.753,988.4013,213.47577,8211.344,1267.5278,77.09048,8177.875,967.5333,359.79767,8297.226,1113.9728,31.241997,8119.703,1059.2495,-76.90537,8318.044,1246.869,-6.0799947,8202.904,1306.9119,734.9908,17263.91,1343.3323,579.27783,17256.451,1476.7251,1454.512,68878.72
1142.732,258.98178,7727.111,940.0644,192.25,7798.4473,1221.8873,57.465385,7747.057,939.8804,325.33844,7850.8433,1083.1694,30.081736,7658.8076,1033.7102,-80.1589,7880.6333,1199.9569,-18.932852,7790.5376,1301.9137,723.94885,16776.383,1327.9882,545.9238,16738.168,1438.1462,1432.2898,68251.13
1224.9266,241.64911,7851.13,1032.9308,211.0386,7888.5425,1332.348,50.815327,7793.702,1032.161,340.0467,7902.2046,1171.0197,17.58321,7787.826,1117.8673,-85.62797,7926.853,1317.4855,-12.201309,7783.714,1401.2954,727.3911,17629.979,1450.2759,585.2299,17608.588,1550.1166,1585.3098,74582.26
1268.6476,246.95187,7908.02,988.05444,125.30052,7891.372,1305.7241,93.15517,7836.8877,1033.2869,290.77863,7896.7056,1112.6628,-11.73209,7889.216,1133.6464,-138.38622,7970.593,1331.5806,-65.27968,7901.7505,1392.3567,733.22943,17725.072,1447.7881,537.5452,17704.816,1494.7003,1585.5591,75082.61
1252.2487,309.4128,7756.9497,983.8018,128.34323,7854.9785,1338.6904,72.83639,7822.8457,983.5847,315.69003,7868.33,1163.2087,-28.858522,7803.7896,1111.944,-114.28378,7933.5845,1305.3152,-57.69779,7820.0396,1352.8296,738.4422,17319.154,1388.2281,574.06067,17282.396,1483.1024,1499.42,72453.81
1250.3256,269.73135,7844.752,988.3385,147.1106,7887.0225,1343.9963,77.36349,7856.6895,1012.0456,340.79388,7884.778,1150.6989,-18.82295,7875.211,1136.835,-122.95141,7912.607,1338.9628,-37.239605,7801.0054,1345.0756,732.5403,17278.766,1438.2452,552.29645,17262.045,1473.2883,1516.9158,71824.94
1233.9911,251.28145,7679.964,986.8682,175.2656,7731.7007,1302.1821,63.803326,7669.002,1005.6907,351.2794,7771.12,1127.5902,-1.4366663,7653.0684,1098.7042,-109.61264,7766.198,1302.7864,-31.676792,7686.0903,1358.8522,752.56744,17184.377,1429.0428,555.56366,17154.957,1495.981,1527.4254,71987.76
1203.6259,259.81424,7304.3774,947.9853,159.15746,7392.437,1262.3033,57.046505,7325.741,972.0945,333.259,7436.6353,1096.4237,-4.4370103,7294.1235,1060.9113,-110.59242,7426.3857,1251.4188,-39.85107,7365.9985,1330.9177,741.43665,16641.664,1387.8792,537.85394,16589.172,1460.169,1486.4835,70307.8
1242.4816,241.38876,7412.254,996.2328,165.74347,7441.7437,1326.4073,64.30486,7360.4976,1026.2435,339.354,7460.002,1133.5546,-15.261728,7405.3496,1114.9128,-123.58199,7452.7383,1329.0215,-38.494453,7361.36,1368.229,729.8071,17046.762,1451.004,554.4427,17019.21,1506.1431,1570.1823,73372.8
1217.4047,240.47633,7053.4375,937.9227,151.01082,7108.3945,1252.3411,57.383205,7022.6455,979.70734,318.60248,7157.407,1069.7145,-14.928189,7020.8584,1063.0721,-133.99002,7151.628,1267.5033,-63.772026,7130.57,1344.1194,748.49255,16567.494,1395.6484,530.724,16518.92,1464.4839,1528.1609,71869.39
1192.3933,248.13947,6689.9937,936.80206,163.31927,6774.1104,1274.6808,49.75411,6685.597,970.9826,342.23383,6835.3096,1081.6184,-22.255283,6681.987,1057.7303,-136.5495,6784.646,1263.8456,-57.746895,6756.1646,1320.3234,738.6229,16070.291,1380.7886,541.8297,16014.722,1471.1741,1515.1974,70709.22
1238.6649,209.30899,6835.5864,970.0477,149.33885,6810.2827,1318.8655,76.34942,6724.137,1030.7787,345.30383,6856.2207,1079.725,-35.079784,6831.309,1119.1735,-174.57549,6804.2397,1348.3671,-67.922134,6783.972,1350.9852,731.4968,16454.475,1452.8499,532.5677,16432.674,1499.5854,1604.8856,73542.984
1256.5928,219.91382,6979.718,956.6088,107.85432,6891.0605,1319.1023,112.24875,6842.5684,1029.7579,328.4612,6961.579,1051.0674,-55.54318,6989.9033,1130.0264,-209.24068,6939.1826,1367.8176,-101.91869,6958.283,1331.4424,736.18713,16561.709,1428.4484,525.7442,16555.889,1478.7063,1603.0845,73665.36
922.1063,-411.71136,6471.567,1132.6687,701.0765,5436.3276,1587.4146,496.07654,5517.403,1399.6285,1023.2373,5864.411,607.2011,147.81488,6043.18,1597.9028,-416.70654,4859.4414,1898.2423,-58.911785,6045.983,1186.827,683.8558,13953.633,1319.5875,531.2747,14837.1,1886.0625,1918.6323,67183.445
1372.2389,494.894,6320.3306,966.61505,6.2359223,6532.456,1524.3585,43.081642,6625.0303,946.0738,373.26498,6726.0693,1147.6815,-43.16554,6991.3286,1293.3271,-295.01944,6616.21,1337.3646,-68.318146,6746.1294,1553.3241,885.72516,16762.297,1528.1298,585.0811,16554.404,1715.9341,1601.7628,77050.46
1348.1991,184.28206,7089.085,1028.1165,49.126125,6657.152,1432.6544,148.59343,6727.2134,1057.29,317.91437,6786.9336,1088.8807,-149.52246,6973.666,1249.1511,-337.37732,6921.253,1600.5504,-191.99129,6850.441,1307.6677,761.1671,17123.254,1447.557,585.67975,17218.828,1514.4999,1734.0271,80498.89
1495.4105,236.25136,7429.803,1221.3624,230.37958,7401.338,1587.6431,-9.811146,7222.3003,1176.9534,350.40805,7451.124,1350.5424,-64.86556,7309.1885,1312.9999,-179.3419,7533.2104,1621.1965,-114.04646,7429.8315,1700.5753,871.2364,19758.336,1660.0258,752.2507,19756.04,1897.7003,2004.9894,95257.96
1555.7081,170.42549,7605.2266,1214.1641,69.83112,7443.6484,1618.6389,52.95921,7426.511,1201.4297,266.2943,7428.941,1326.6111,-94.847046,7519.6323,1477.6259,-330.891,7668.1475,1703.199,-209.31802,7594.0947,1772.8302,854.6898,20526.65,1717.3593,679.0687,20532.44,1931.0222,2106.7627,101493.56
1550.49,89.73094,7572.364,1385.7513,45.027348,7396.878,1785.7557,15.360375,7644.0444,1146.2969,351.1989,7431.935,1505.7319,-104.15949,7483.5723,1680.6858,-420.72177,7759.969,1782.5583,-223.57622,7531.5776,1879.7279,860.8252,21050.996,1680.423,796.52576,21104.787,2208.6523,2145.251,107842.81
1670.2078,1.4304897,8040.4487,1527.9053,15.300347,7716.876,1938.4949,2.1857967,8097.35,1238.6951,371.73083,7717.704,1621.7455,-103.24828,7943.8438,1917.0199,-515.3605,8118.959,1970.9299,-232.81395,7843.6245,2067.6816,894.86163,22675.34,1862.791,832.4155,22766.166,2428.4778,2348.4949,118630.77
1743.6108,-18.626682,8282.291,1608.0847,-66.16998,7901.817,2028.2123,19.154806,8445.217,1244.3563,374.6591,7937.749,1693.3708,-127.817955,8217.733,2055.864,-602.8509,8424.031,2050.1753,-283.40753,8142.5044,2165.8018,929.6447,23589.744,1885.2699,869.7422,23693.646,2576.1907,2417.964,124851.336
847.86694,937.7042,6827.215,1355.5648,149.2476,8160.2197,3286.5745,-13.603187,8216.194,907.293,-146.95729,7028.006,2646.2058,-357.68338,7558.455,2299.1504,-538.95123,8443.837,1972.5433,-631.4875,7055.049,1650.0519,0.3149086,21466.533,755.8033,1576.2417,21426.566,2409.0522,2305.5342,119631.52
1889.2185,-387.21423,8934.441,1643.197,215.59404,8905.095,1968.3425,-182.76213,9267.381,1447.4374,586.5635,8448.681,1650.7262,212.79604,8925.287,2436.6897,-470.39954,8631.369,2165.9968,21.260227,8575.783,2706.9875,1092.572,25575.568,2623.5762,533.31256,25754.967,2779.5398,2671.8171,132953.78
1853.8248,24.697266,8741.42,1658.4823,-237.01614,8220.677,2047.4185,211.62091,8917.646,1410.2297,486.03156,8543.161,1651.7793,-147.57208,8808.184,2079.5532,-709.2893,8724.406,2076.227,-292.33957,8621.987,2167.7244,1026.885,24107.785,2059.9116,767.1408,24095.836,2671.572,2481.601,123870.56
1992.1749,260.37485,9313.8545,1667.0668,-2.6806989,9216.064,2309.6184,33.524246,9591.694,1422.424,515.36304,9263.228,1904.2632,-193.36707,9546.651,2082.323,-515.7233,9496.381,2247.5884,-232.35257,9267.002,2214.8105,1091.5779,25083.02,2126.2942,974.6991,25104.385,2612.3928,2475.3948,124536.8
2135.8474,280.66724,10199.085,1636.7144,118.93136,10000.513,2284.6672,78.92703,10052.58,1657.8356,518.683,10015.178,1826.6321,-151.64932,10277.324,2035.2036,-443.5828,10094.663,2389.9575,-200.08313,10035.963,2291.2095,1193.9382,26699.393,2417.2244,899.3199,26718.34,2546.2004,2719.5234,128801.59
1610.8826,353.8014,11680.902,1128.0159,113.27283,9078.729,1806.9203,422.55576,9416.343,2162.2024,227.08011,10556.583,1184.657,-153.28943,10142.624,1537.142,-1152.5278,10157.849,2425.5127,-385.3401,10689.348,1414.7845,1379.3496,26518.266,2668.8396,858.4388,25730.434,2106.9373,3148.7197,113051.72
2011.4277,409.76584,9935.025,1742.2067,450.80405,10793.432,2247.208,143.21545,10323.07,1547.28,817.4136,10961.863,1803.5421,-71.35652,10352.513,1603.5353,2.55182,10490.93,1906.6991,-144.25679,10929.837,2348.49,1183.9507,25468.955,1820.8937,1167.5321,25670.197,2789.924,2433.1392,115653.19
2115.2664,505.312,11005.467,1496.2079,77.294846,10794.952,2310.1663,29.430641,10876.294,1596.719,376.68146,10724.463,1861.2075,-123.88464,11175.312,2071.042,-457.68646,11022.642,2397.3906,-173.62416,10747.443,2219.5413,1225.1152,27458.371,2517.6643,837.9511,27318.479,2354.3672,2670.789,127080.89
2213.32,311.5063,11500.392,1712.5112,190.04524,11401.519,2196.0615,142.63069,11226.91,1757.2468,524.9547,11468.014,1833.3761,-118.768234,11417.349,1863.0006,-269.85733,11497.164,2319.2056,-179.79967,11470.528,2352.1292,1233.6381,28413.662,2410.9487,932.1333,28456.137,2572.679,2770.6904,130704.77
2288.915,503.2269,11928.99,1701.5002,169.22232,11998.538,2381.6265,76.09357,11824.311,1773.9698,456.8136,11957.102,2005.8119,-132.25633,12034.936,1983.3372,-293.27643,12110.676,2404.375,-180.36809,11954.594,2445.653,1280.2046,29674.707,2541.3618,992.1639,29581.465,2613.7935,2841.2598,135481.4
2294.9326,476.68268,11646.901,1713.4674,229.8952,11886.762,2331.0813,18.241407,11644.16,1744.9786,498.0382,11848.803,2026.6256,-107.05697,11666.476,1929.9321,-229.94777,11958.026,2347.149,-164.18105,11820.24,2500.151,1336.1012,29637.678,2533.625,1006.8124,29532.7,2663.1655,2826.2822,136137.92
2283.813,508.47784,11434.515,1639.2955,130.30574,11730.013,2296.0742,50.264286,11546.042,1720.4713,468.12976,11632.004,1982.9336,-128.17809,11627.287,1916.3154,-244.63965,11720.017,2292.7932,-160.15305,11592.849,2424.1865,1285.2477,28798.768,2526.475,918.3311,28656.895,2534.715,2707.267,130741.79
2527.9497,449.61343,13271.845,1939.8757,203.50374,13297.149,2620.227,83.91978,13058.339,2012.1824,524.2317,13105.615,2233.5715,-141.47295,13407.337,2191.4907,-251.78802,13247.97,2684.0544,-118.52484,12925.48,2674.3135,1297.7064,32396.041,2879.6523,1043.6182,32375.148,2823.5151,3121.1855,147543.98
1922.7479,359.6053,15939.238,2329.5698,887.5873,15887.243,3152.8013,223.3949,16092.32,2488.4446,994.01324,17118.094,2669.8203,134.75972,15350.517,2537.9233,-556.1764,16190.473,2957.0593,-89.44578,16522.879,3657.701,1295.1008,40483.906,2703.356,2006.8859,40847.387,4458.888,3617.1252,178874.55
2895.0474,402.22943,17430.389,2433.3108,541.1067,16075.674,1808.205,398.4021,16249.358,2643.8264,359.0087,16621.648,1695.1248,614.09985,16821.555,2325.0698,518.0202,16467.926,2627.5195,323.487,18102.836,3652.366,1506.7588,39619.773,3034.891,761.08466,40301.832,3541.789,3226.6455,176489.95
2582.29,1492.856,13506.102,2211.1094,376.98068,15344.757,3546.1802,-187.08,15115.264,1707.1986,584.6655,15420.8955,3283.8818,-179.76573,14392.5,2404.6895,-111.43894,15857.501,2533.94,-252.72612,15107.845,3170.2222,1616.8372,36383.707,2500.1208,1831.2985,35800.766,3731.254,3195.448,165423.27
2807.7896,130.21623,14061.89,3519.3062,-527.502,10018.161,2200.8774,582.0891,13336.869,3069.321,1527.3702,13350.842,2675.4165,374.14172,12662.855,2789.17,-298.87158,11004.853,2922.093,992.1426,10892.859,2303.8936,1765.506,32299.682,4450.399,378.3495,31675.73,4446.5854,2748.9531,144458.06
2824.5796,-21.87721,13281.5,2329.3074,391.5155,14007.673,2681.4062,184.43965,13524.03,2392.4001,1043.9137,14329.426,2170.3503,-50.46068,13765.664,2192.2712,-268.87537,13314.331,2441.581,-121.308685,14152.893,3324.5469,1509.6272,34056.676,3082.8423,1211.5089,33954.992,3765.0813,3559.351,152408.53
2688.4656,644.81024,14169.03,2068.7473,106.86116,13855.889,2814.3657,145.79755,13958.671,2177.2383,448.21625,13908.003,2409.4536,-99.00756,14317.468,2509.0251,-373.32306,14192.384,2935.606,-115.86119,13834.957,2875.4377,1400.652,34747.785,3185.6477,1007.11316,34585.082,3053.2078,3379.8958,159896.48
2532.002,402.3948,13381.663,1972.7944,259.0349,13530.728,2525.8552,175.03961,13366.754,2084.3672,594.50055,13577.442,2171.4958,-97.49043,13424.282,2138.739,-191.56859,13474.084,2568.2834,-150.77263,13610.864,2714.5876,1316.0183,32148.748,2757.1147,1034.9471,32150.89,2939.1409,3067.1316,142920.73
2302.4382,466.18234,12756.279,1837.7798,277.06387,12888.512,2520.5532,116.91478,12867.176,1995.1262,629.15656,12921.467,2168.1277,-83.73874,12951.069,2085.0657,-209.24281,12675.386,2457.8894,-32.301353,12688.621,2439.0486,1203.4651,29561.887,2708.856,1003.88257,29441.89,2724.2927,2775.2493,126489.984
2090.413,345.46463,11853.772,1692.6573,323.91473,12008.278,2196.8225,107.71219,11932.389,1831.6133,668.2592,12106.763,1912.4988,-10.8836565,11939.704,1841.9128,-135.32205,11742.074,2178.2798,29.060974,11820.611,2256.7148,1160.1256,27018.363,2515.6472,869.31,26925.469,2516.065,2520.802,113312.7
1997.1744,377.7454,11497.6,1624.7262,298.21893,11681.143,2072.3516,126.54714,11546.545,1720.3452,605.17645,11758.924,1804.167,42.37578,11608.192,1775.6748,-101.038345,11524.264,2057.6765,38.376617,11483.537,2236.6265,1130.1215,26460.78,2432.168,769.34814,26376.785,2428.842,2483.2375,112587.445
2073.713,305.83902,12652.597,1694.9384,199.63844,12468.72,2158.994,254.78177,12412.977,1822.9916,511.28564,12467.059,1784.6843,-11.983583,12741.175,1917.9657,-195.79997,12438.461,2242.982,-41.023224,12353.581,2240.3875,1026.7606,27882.273,2451.6792,763.38556,27948.744,2414.2588,2633.988,118777.79
2019.9022,420.196,12379.8955,1678.1,294.28842,12497.861,2086.738,115.055016,12381.418,1663.5452,479.18848,12557.799,1867.3978,28.971836,12340.79,1789.7394,-83.061134,12647.287,2075.6868,-38.97645,12504.441,2301.7122,1121.7156,28088.37,2287.048,884.0857,28065.652,2485.019,2532.2551,120019.016
2121.536,376.98074,13104.859,1808.0753,308.78207,13078.396,2282.0215,157.19214,12957.547,1850.3661,492.19012,13039.086,1987.43,28.946154,13079.939,1990.2583,-123.334984,13130.769,2297.5137,-23.519392,12921.136,2427.876,1086.8564,29691.963,2510.3662,900.1711,29720.084,2623.8953,2775.9775,128612.84
2120.7437,410.03302,13007.864,1742.3558,252.97258,13081.302,2197.9778,166.90979,13004.789,1777.523,478.95602,13097.529,1925.5278,28.848831,13017.868,1938.1278,-134.7457,13195.587,2200.883,-60.545475,13089.678,2416.4072,1139.081,29461.004,2430.8823,868.87744,29450.53,2588.8638,2681.736,126307.82
2103.839,461.37643,13250.678,1746.5359,221.27477,13331.165,2280.45,199.40585,13345.596,1771.0198,522.3977,13329.771,1975.4517,3.0215933,13393.611,1978.2776,-146.22386,13396.078,2234.7144,-37.61717,13218.852,2328.8376,1103.6266,29082.42,2416.9207,872.793,29084.879,2540.1494,2586.8381,121759.84
2141.3774,402.54764,13843.509,1828.8463,310.31168,13856.601,2322.3196,181.43883,13824.265,1841.2439,577.61554,13858.896,2020.2351,36.90792,13882.193,2023.7117,-120.9859,13894.849,2312.84,4.1988726,13686.48,2404.8716,1136.6161,30050.328,2518.1414,909.9445,30093.578,2632.9524,2693.1775,125175.62
2058.3035,419.99402,13703.036,1701.0447,236.36638,13716.123,2166.6992,223.00641,13751.555,1744.9955,533.5714,13771.817,1877.3922,43.621666,13757.752,1923.0714,-140.15515,13818.042,2164.9556,-25.813818,13715.445,2286.1472,1127.0594,29088.744,2378.238,829.33484,29103.65,2482.3147,2521.0093,118092.03
1968.237,465.51062,13678.734,1683.7482,254.60573,13769.077,2184.5063,218.44958,13853.678,1673.2744,579.5869,13825.907,1905.5859,40.76674,13812.621,1882.6418,-105.933914,13839.764,2105.1477,13.96376,13649.137,2169.2173,1081.8799,28180.643,2272.6902,854.6672,28202.746,2417.8875,2360.6646,111068.93
2004.8612,410.9904,14832.022,1730.279,215.55986,14694.182,2223.1814,291.13763,14851.067,1746.1827,566.93494,14679.631,1897.1595,40.72398,14990.106,1974.1737,-130.4812,14764.277,2209.307,35.71951,14499.667,2150.0425,1017.72876,29063.193,2346.839,815.6069,29175.568,2370.109,2390.4905,111220.43
1941.4772,430.0643,14921.166,1727.7529,345.4741,14934.345,2106.1074,193.2368,14987.557,1664.7256,561.9226,14990.124,1910.9003,110.366455,14862.356,1838.8813,-17.847456,15112.532,2066.2532,66.42124,14836.613,2201.152,1090.6106,29442.857,2251.9033,890.4632,29509.11,2425.0383,2348.8042,111748.16
1934.6534,457.94687,14526.882,1740.1351,396.63278,14708.212,2106.7441,120.5412,14694.5205,1650.3613,541.0958,14740.399,1966.4395,144.8488,14440.262,1825.6708,45.24036,14847.302,2007.0697,83.665115,14570.42,2271.1272,1105.0919,29585.098,2262.4395,913.76166,29596.84,2500.7078,2376.89,114456.48
1979.7284,424.92285,14426.959,1751.3383,356.7513,14596.593,2111.0142,129.6445,14566.038,1702.6191,507.51978,14565.064,1965.8181,142.11372,14371.991,1866.1812,30.120445,14680.829,2035.6471,78.561424,14411.844,2330.2104,1083.0308,29836.527,2345.6238,870.2116,29838.584,2514.629,2448.7085,117419.3
1905.357,390.03445,14319.3545,1645.7966,256.85388,14345.836,2038.7354,212.26999,14419.113,1685.901,485.16248,14319.395,1845.7612,86.80571,14330.239,1807.1836,-48.693996,14395.768,1993.623,45.73789,14214.166,2141.6814,994.8239,28453.297,2244.1035,809.8634,28465.004,2318.9153,2291.0583,108144.734
1842.5858,489.6242,14206.309,1644.1768,305.61072,14434.368,2055.9072,169.03758,14504.222,1572.8556,551.4905,14429.07,1903.299,113.50768,14312.096,1761.2716,25.292885,14503.17,1916.027,103.45675,14175.308,2103.2085,1023.95996,27907.617,2163.9448,840.35095,27902.926,2311.934,2157.5366,103934.945
1786.2046,393.69656,14276.519,1578.4712,299.89618,14353.217,1939.0408,197.66214,14428.539,1563.7638,527.03235,14327.118,1772.6143,131.53905,14290.475,1725.363,3.8255036,14407.968,1885.1692,102.17845,14135.13,2027.3928,983.26447,27400.809,2141.5002,760.2577,27442.768,2193.9578,2119.4048,100387.92
1559.2012,154.51785,12638.837,1526.6008,560.5505,12580.218,1737.7803,39.62028,12503.388,1602.7769,590.47046,12732.9375,1674.5249,137.37215,12176.7,1426.1637,51.915787,12418.177,1712.304,156.15302,12460.206,1843.569,910.5409,24683.62,1991.411,919.7135,24640.479,2180.8386,2025.0413,89654.48
1472.9585,214.02243,11582.154,1362.2788,358.03644,11526.768,1623.9894,154.45651,11531.188,1519.722,551.64825,11665.061,1467.4543,133.5664,11497.588,1399.8579,-26.991367,11269.218,1586.0509,164.0794,11377.755,1698.5206,819.0013,22377.615,1944.138,687.9788,22261.861,1963.8287,1844.5319,80089.16
1375.5135,206.62134,10782.975,1247.4186,306.87796,10755.667,1480.3009,150.5524,10776.759,1333.6696,521.7042,10902.357,1328.2162,98.49984,10739.606,1268.6387,-29.656918,10591.533,1451.6433,124.40493,10680.04,1539.4493,778.7392,20527.26,1712.7781,646.5781,20460.586,1779.662,1640.9943,72583.26
1252.2039,104.600525,10169.866,1146.1534,299.8117,9933.896,1350.0918,156.15666,9978.495,1286.8497,484.7564,10073.423,1183.4796,64.83913,10029.3545,1168.0316,-66.64429,9728.781,1403.981,117.88062,9893.959,1331.3147,665.88464,18622.152,1576.7085,610.7395,18582.85,1579.2352,1490.0065,63762.45
1209.2657,303.24292,9526.128,1101.4597,257.81635,9701.467,1280.0408,93.79862,9706.864,1039.2314,437.90106,9829.354,1203.2614,132.12251,9587.024,1108.1256,38.970783,9711.955,1196.0892,129.75664,9634.682,1431.3402,744.5894,18459.299,1445.4877,560.7435,18371.184,1601.0077,1389.587,66280.125
1295.1987,234.11658,9770.142,1157.144,248.15393,9647.292,1413.8823,120.64995,9744.283,1120.7603,371.43845,9742.705,1222.7365,76.52081,9691.98,1271.249,-26.804125,9726.666,1389.0852,24.21155,9715.954,1413.5742,705.9132,19398.945,1474.0383,595.22235,19492.53,1647.5232,1574.1039,74125.68
1261.1456,264.83264,9739.0,1142.2354,225.98912,9723.904,1337.9554,114.56886,9753.854,1101.0574,324.2538,9767.217,1243.1989,104.30225,9639.75,1203.7601,0.26890442,9877.649,1317.4722,48.00167,9705.912,1494.6436,707.13385,19609.87,1491.2217,569.1266,19628.1,1631.1151,1582.5361,75936.49
1225.3528,310.6242,9344.761,1097.3748,218.20477,9492.487,1347.9569,100.392715,9501.648,1046.4049,328.4141,9501.922,1257.7528,83.4153,9327.143,1165.1031,10.520665,9602.726,1264.1792,35.23897,9418.397,1450.042,693.559,18921.262,1418.3992,580.5242,18912.984,1586.4894,1503.2292,72775.07
1182.8533,275.78522,9058.038,1057.0803,226.94125,9175.741,1322.136,106.48321,9198.719,1039.9502,362.2447,9182.17,1206.2343,90.24417,9053.584,1159.1979,-6.2453575,9207.249,1256.4504,54.73836,9055.399,1389.1117,679.5067,18142.008,1426.6249,535.421,18143.28,1528.6025,1458.9266,68993.25
1036.178,-18.43976,5478.7964,857.3153,295.5839,5952.429,1169.3359,95.765465,5888.4795,670.4564,825.9825,6667.9033,796.16876,81.45346,5206.6953,1070.1375,-451.0346,6188.4453,1055.615,-238.21585,6417.5513,1336.3657,1208.3016,14921.067,1277.2146,443.72726,14779.584,1838.642,1703.6873,67482.93
1307.4171,174.79121,8359.344,1174.8541,-282.83582,7709.76,1516.46,382.20926,8334.843,1165.3689,276.41727,7735.672,1148.9884,-114.21573,8895.464,1498.966,-346.8546,7820.287,1534.1108,-32.837563,7639.7495,1248.8104,390.67493,16583.871,1491.9221,379.4642,16725.295,1486.78,1458.303,69929.84
1271.8618,300.90256,9228.387,1027.9297,130.51535,9049.297,1367.156,160.3586,9170.429,996.6878,325.31406,9095.464,1145.0122,-43.939686,9267.346,1172.9688,-107.17755,9266.4795,1413.2115,-45.875835,9128.15,1243.1052,677.3553,17794.707,1320.822,580.30927,17919.541,1378.533,1407.5325,67575.89
872.51227,-442.76486,8664.582,1135.5753,694.5595,7553.993,1437.8772,501.96954,7711.7847,1422.8217,955.0412,7896.469,640.97845,169.76567,8160.5996,1479.5573,-291.6969,6928.6104,1798.3204,68.15482,8023.6426,1012.06226,522.3743,14369.123,1255.6735,520.2185,15147.948,1647.9517,1590.197,52976.58
1099.6257,503.50806,7656.752,915.345,82.9494,8008.3477,1255.6064,47.673344,8243.776,789.1711,398.96277,8275.983,1085.6716,95.086525,8305.083,1062.1218,-78.828476,8105.157,950.09796,109.052086,8177.8096,1337.1877,744.6283,15572.437,1241.7064,544.8821,15331.947,1525.1162,1106.8496,55884.145
1024.9728,184.8601,8202.577,916.78656,129.06825,7801.303,1193.492,189.46144,8055.2964,880.4258,332.52213,7943.987,955.49164,-6.9377613,8090.2134,1090.5726,-142.29166,8024.104,1266.3289,-31.383339,7922.455,977.57874,562.99835,15215.951,1135.2783,468.56055,15387.531,1219.1171,1220.317,56874.08
927.5076,190.17336,7638.656,871.08307,226.48172,7629.0537,1010.6863,77.32827,7683.891,836.12604,320.23434,7740.293,949.1047,78.340126,7533.6055,863.76825,16.750816,7701.3477,972.61005,64.88487,7650.8926,1073.092,557.0332,14576.541,1085.4862,489.98102,14589.038,1237.8213,1108.2402,52437.266
883.66406,173.22038,7520.898,812.46497,169.34337,7447.504,1013.9731,137.07912,7519.9297,847.6004,309.79324,7485.8813,887.978,59.827335,7512.898,893.1869,-35.272465,7417.2344,1000.8585,65.18683,7370.4185,971.0134,476.40784,13761.774,1085.6731,409.0132,13770.562,1117.2145,1055.5898,47906.016
815.8361,27.978045,6891.8047,781.7171,254.7407,6760.934,869.89124,76.3396,6762.145,849.9165,351.89584,6863.946,791.23346,64.88821,6719.711,756.07983,-17.634901,6601.167,917.0599,100.80848,6740.5894,898.90393,453.462,12456.504,1027.7709,434.34988,12426.077,1081.3032,969.47394,41734.727
773.0499,178.17883,6260.7417,675.2491,128.47285,6372.399,771.4026,92.37197,6400.396,664.45337,299.51248,6468.111,712.0053,97.59393,6354.162,712.6538,-1.239394,6330.115,747.78186,96.988106,6371.3076,900.9364,483.43436,11628.665,930.7449,305.2011,11527.469,992.375,825.8473,39380.12
724.29193,160.26591,7306.338,651.9626,87.47323,6391.569,893.124,225.14224,6756.5117,859.6916,196.76138,6888.2036,632.61206,6.477243,6939.993,815.81555,-282.0097,6729.5527,997.3648,-53.063625,6928.546,583.983,469.19476,12549.213,982.91583,393.95276,12476.56,950.87897,1058.2556,40946.043
779.8717,165.65588,6982.2837,774.4549,253.94829,7110.6196,828.94867,121.932884,7041.0083,686.82446,336.24585,7196.0566,752.89984,120.39526,6960.0405,706.3222,103.43083,7119.879,782.79926,84.362495,7153.426,956.0339,477.09134,12695.471,829.4029,407.28302,12793.753,1087.3744,903.47156,43519.793
771.7239,214.33882,6726.3423,699.6238,127.755424,6697.2017,883.6687,85.73066,6840.707,633.01776,232.68057,6780.695,781.9475,76.244095,6722.516,825.3665,-44.061077,6854.058,839.50055,25.394278,6786.9585,879.59296,475.13016,12549.328,879.73834,370.94406,12542.236,1024.6083,900.6967,44564.19
765.5212,142.51482,6640.5503,761.9865,187.01282,6608.4375,865.6809,76.21255,6683.7134,693.83716,263.71872,6681.3545,810.91095,85.638756,6545.311,772.21515,13.146813,6703.374,826.3559,59.110596,6601.245,923.47095,447.67624,12574.288,908.2231,403.35748,12614.323,1073.5668,953.34686,45734.176
1304.0757,124.74329,6522.4814,592.81805,13.912632,6203.5415,164.48051,-102.029274,6034.752,891.2211,43.14124,6209.596,559.3349,143.20007,5902.2017,418.34094,417.6377,6010.3896,795.9669,273.1089,5953.1465,836.92737,714.4535,13188.444,1681.1869,-235.4616,12996.306,465.11307,837.73236,45181.0
860.125,-88.772865,6925.8125,853.6028,154.42058,6805.474,781.35944,256.81073,6572.506,938.48206,273.63022,6881.063,695.92413,10.282022,6659.0693,604.35077,31.853195,6696.262,825.0664,-25.940266,6741.188,931.7375,338.2176,13123.071,950.6431,367.71677,13245.612,1085.7329,1199.1481,48597.95
1296.183,241.33739,6368.426,525.27747,-1.6993939,6196.6807,106.086464,-181.23386,5966.4536,824.0679,-66.89921,6154.751,600.6115,143.50186,5748.722,325.1436,467.0504,6106.327,700.8686,271.97003,5931.9487,860.7744,736.02594,13340.905,1662.7479,-217.27657,13033.185,395.32025,794.6004,45899.19
849.0995,-95.472534,6627.9546,858.5697,203.7385,6614.28,783.4988,226.71396,6290.16,941.52905,276.611,6633.2397,724.66064,16.4609,6315.975,577.638,81.07455,6439.078,815.32556,-18.005825,6453.669,947.9042,327.01593,12975.672,948.3543,378.06183,13105.81,1091.3877,1218.7379,49444.363
891.4543,275.75717,7210.419,742.37616,70.34142,7176.5356,974.56744,105.44733,7233.4956,765.031,127.327385,7108.318,878.4323,50.591022,7290.401,883.5028,-32.767857,7318.609,939.31824,17.285471,7116.116,1012.2878,441.9173,14005.612,1061.6924,362.39987,13976.652,1034.9208,1084.3911,52500.695
964.8669,198.97276,8146.345,898.0539,128.68521,8029.742,1087.381,159.2517,8103.2715,852.3014,230.19403,7974.8857,968.2483,35.36529,8133.179,961.69824,-6.398548,8158.3643,1078.8923,20.371706,7928.18,1056.459,445.50827,15151.942,1076.8926,444.09705,15274.909,1161.8611,1163.2432,56018.355
1019.24054,257.36844,8494.043,928.0738,183.40002,8468.043,1130.5941,99.10463,8545.337,860.71423,249.54411,8462.688,1038.8109,76.599815,8449.613,1008.308,21.467299,8623.499,1090.4412,38.589993,8435.184,1152.9661,547.0962,16194.41,1152.0184,485.38937,16259.97,1275.4762,1212.684,59707.375
969.4136,239.34152,8457.903,890.6004,161.44336,8464.558,1065.0975,124.08614,8551.602,850.25116,259.07037,8462.313,998.5787,90.548134,8419.211,960.69696,16.10093,8594.767,1024.0876,52.499115,8408.96,1127.6309,533.97363,15770.113,1135.064,443.1895,15805.05,1228.0997,1154.1365,56367.184
1090.2911,238.4193,9710.24,1037.7393,145.64964,9513.932,1294.3729,212.53696,9679.337,1010.18085,313.42676,9489.464,1115.2275,63.17675,9760.899,1163.2999,-34.557194,9610.283,1262.1807,59.908882,9363.743,1181.2096,513.0122,17446.678,1293.7057,486.29803,17575.096,1345.5632,1318.6431,61787.906
1066.4261,216.7907,10140.211,973.27527,147.0308,9937.59,1157.1776,219.06075,10109.211,960.4042,311.79324,9965.572,1022.59216,86.35725,10097.423,1082.4489,-32.23124,10092.412,1187.1187,56.505573,9953.608,1147.9722,561.8093,17455.9,1223.8325,461.0972,17552.799,1271.5074,1209.5426,57799.617
1075.2152,222.02956,10137.318,991.5049,192.47598,10134.522,1131.3202,188.461,10216.439,940.78705,398.17438,10153.621,1039.9998,116.48478,10159.718,1056.8727,18.921976,10138.857,1165.876,129.17351,10055.012,1172.1794,593.86005,17156.545,1226.6619,457.93262,17152.527,1298.7291,1103.9276,54166.027
1051.2152,9.180216,9897.44,964.2703,206.51962,9673.135,1009.519,172.79495,9768.721,1013.54834,419.0735,9738.215,907.0445,94.70803,9818.369,995.61957,-50.958637,9503.154,1146.4419,145.40976,9709.019,1098.4926,530.98914,16121.035,1229.6354,459.35602,16073.657,1253.6061,1045.8782,47778.44
928.71716,-30.977362,9175.075,830.4701,198.34859,8965.987,921.05206,190.56844,8963.452,960.5297,401.79785,9064.493,766.39685,60.074383,9090.763,878.8579,-134.92235,8726.5625,1055.6694,97.26582,9067.679,941.76196,475.53827,14501.387,1095.5989,443.48456,14343.574,1122.6699,965.06335,39955.543
739.995,58.45462,8492.229,559.4649,117.82391,8517.039,798.69293,219.85715,8340.217,764.4514,219.88605,8469.975,588.67303,39.252754,8500.465,746.8606,-207.41083,8360.457,857.07574,-31.553352,8641.251,778.9281,384.9867,13161.469,851.8516,347.64383,12895.294,843.74335,878.1777,34056.734
788.8723,182.1929,8727.8955,626.05756,-23.531773,8923.64,713.8999,217.09692,8975.687,571.54944,206.60695,8831.036,627.4575,109.99263,9035.071,789.9869,-60.60569,8953.795,721.97754,61.86735,8989.17,883.7291,402.74673,13313.796,777.58044,234.47356,13153.239,850.6034,638.44037,34657.523
562.71625,60.550823,8292.002,412.50748,173.85736,8402.716,646.7871,152.56528,8104.6978,583.3465,60.454193,8173.9272,519.5325,54.574703,8084.64,611.41565,-137.23787,8379.192,721.911,-77.01446,8478.372,642.3815,285.61526,12401.868,606.74884,337.26877,12179.829,609.3037,749.0545,30636.762
368.74963,140.87447,7811.4634,766.2912,399.49268,8003.3647,1197.3635,271.99582,8214.954,563.3974,208.14389,7731.495,727.3651,159.57079,8323.598,1020.8359,-53.64971,8038.6094,785.07153,40.96395,8099.884,649.4988,-28.101423,11845.103,423.59595,650.7667,11606.12,1094.8551,891.58734,31889.516
551.3391,129.3856,9187.556,427.44217,186.39755,8541.698,730.3984,345.2476,8458.074,821.8405,-196.01694,8358.683,366.24695,28.958384,9069.144,673.2613,-72.435326,8647.076,817.21466,-148.00493,9299.029,565.9702,-1.0787616,12998.37,406.66647,455.58633,13234.728,537.1933,827.8275,32303.674
408.0231,396.3006,7841.7676,317.986,327.23224,8483.703,685.0863,131.18709,7891.3867,433.39252,67.02732,8219.093,598.17676,155.38762,7710.176,522.5418,45.66734,8491.956,619.7443,-15.27741,8372.3,620.9106,331.8563,12020.001,485.01086,320.68274,11673.1045,554.43097,677.05096,28487.84
592.92737,4.5120754,7790.895,481.35968,-3.1092982,8166.0967,446.90283,184.63576,8087.205,482.6207,77.96955,7946.169,420.91153,204.8293,8007.606,676.3441,-14.533839,8058.996,432.84973,55.758877,8252.385,869.7234,245.97447,11954.919,648.51886,85.926994,11742.69,749.6933,583.2711,29885.668
576.468,159.75014,8072.9814,482.80957,36.98039,8302.977,527.42035,162.99403,8216.204,475.1539,23.399626,8084.7197,538.83307,151.38481,8152.5044,638.71826,18.510868,8378.396,554.11444,58.235394,8326.728,755.24,239.21223,12118.27,609.36084,183.71928,11910.121,642.1862,556.1143,30207.986
589.93396,108.20302,7938.3003,525.29315,69.49874,8263.034,524.0311,156.89854,8171.243,458.65646,109.38155,8089.476,535.4377,172.39081,8028.3604,647.98193,30.80432,8296.296,533.10065,70.189514,8297.764,811.0674,286.04175,12076.329,605.1427,190.13669,11898.161,734.6135,560.96625,30609.016
703.4961,101.84823,7990.6094,637.7118,43.178337,8185.407,582.4963,132.20862,8282.435,502.37613,170.98271,8101.945,604.2233,167.11623,8151.4897,741.087,54.616573,8206.5205,608.56067,123.34402,8281.3955,859.06836,324.11334,12312.284,690.76215,212.67307,12188.823,847.9954,528.48816,32259.89
754.862,98.956024,7966.6274,686.37634,47.191936,8093.129,604.12604,119.03793,8247.13,523.29376,214.09857,8070.65,638.1949,152.97134,8112.262,754.21124,61.758274,8131.912,656.47046,142.5815,8210.524,870.76807,361.86353,12359.457,731.49036,237.68423,12259.746,888.0841,526.2816,32964.6
739.9476,280.6725,5970.3916,450.8735,494.72702,7084.7583,970.3155,-327.686,6851.9067,328.8716,-135.72067,6507.656,793.9457,-27.132925,6321.5293,642.2937,446.66214,6538.3657,395.3516,-199.65173,7641.0605,688.00604,87.47628,10983.535,-83.89748,849.68866,11332.088,835.3471,326.04922,29347.115
747.9779,257.83017,7689.921,639.72626,84.313225,7713.9194,753.89355,67.01641,7965.334,574.59564,174.85059,7393.1465,763.8489,264.63086,7875.8296,1041.3345,155.4568,7587.841,896.9603,299.57083,7268.8467,835.9567,338.8304,12325.926,1109.5753,-22.138002,12309.982,720.83545,585.68,36674.52
763.07544,-163.7032,7898.775,844.57135,117.297516,7740.223,539.97125,188.6939,7847.642,740.9156,304.2212,7892.873,596.8638,185.74239,7738.2095,694.09296,54.761513,7750.655,651.19824,158.46317,7874.898,996.62335,354.37683,12987.431,902.2245,244.11938,12997.2,1098.6146,833.2187,39553.457
799.485,238.51987,7460.325,739.08154,113.15173,7548.7695,766.00073,99.0249,7677.162,610.24506,204.07126,7640.6587,763.8767,133.74982,7537.7144,786.38214,80.71702,7677.2397,747.7918,109.67179,7724.941,919.9281,424.31027,12951.405,819.2218,332.35873,12865.223,1019.3906,731.9343,40684.83
814.8529,1.2429495,7393.5137,775.49274,83.140724,7335.7026,754.7767,160.31615,7487.8174,676.117,306.17813,7385.8853,698.8223,65.019615,7435.668,790.74805,-6.8421707,7307.7876,820.4452,88.5372,7381.1113,856.25616,361.3655,12145.265,846.01526,308.59613,12175.121,977.8572,746.8895,36977.395
733.84106,57.9896,6964.759,693.3038,143.43008,6928.928,644.92,86.361855,7010.613,653.8133,262.97815,6991.2207,660.0841,122.06346,6955.9604,692.8124,39.972416,6878.0063,729.1254,159.95053,6982.515,846.8089,374.18924,11504.325,860.94293,291.92838,11404.653,910.8943,673.98596,33795.75
703.09424,78.053345,6602.079,653.2211,91.49247,6645.1494,614.4217,121.76234,6718.0566,595.6806,254.59099,6701.1924,603.68365,112.94124,6703.534,662.5488,30.502934,6597.1587,663.5725,135.39917,6709.3096,815.03406,350.5406,10869.225,780.11127,251.47185,10776.807,869.2009,622.5299,31778.521
695.50354,107.34959,6547.5337,625.8416,56.16443,6566.922,621.8743,124.53242,6691.7075,543.0933,223.46036,6605.2593,592.5057,94.81074,6685.9106,677.3655,16.753325,6584.5215,664.14526,109.34324,6654.2344,770.61664,338.41666,10672.986,729.324,241.68127,10616.281,818.14703,584.26984,31241.936
710.07947,106.48295,6874.572,649.56604,44.42873,6809.1143,661.08325,149.08394,6979.5806,558.2795,215.69225,6836.646,608.39325,83.63391,7003.9707,720.1753,9.3587675,6859.926,714.6615,98.85251,6898.303,751.01355,318.82504,10987.087,728.1371,247.64264,10985.017,813.34155,598.58093,32080.572
712.51447,113.40509,7328.7036,641.80286,16.504723,7244.043,643.0581,182.62329,7429.886,555.1451,208.9426,7247.246,592.8995,89.705414,7479.5176,727.4249,5.084892,7316.3765,720.92456,105.02558,7325.6094,743.91223,312.67584,11256.528,725.62646,219.89294,11257.739,773.1046,566.78186,31113.912
786.45544,127.50492,7910.353,721.8368,49.979042,7834.3057,729.4174,180.76666,8032.35,592.0245,250.85406,7859.7026,660.68634,99.45731,8064.466,810.1118,23.457155,7901.162,801.54047,114.38604,7942.8457,803.87524,353.0484,12259.3955,768.6303,264.86218,12282.106,879.5247,616.23553,34334.066
796.3566,120.591125,8130.794,710.57697,36.176273,8087.127,671.7237,165.38669,8299.177,573.3606,234.01578,8117.8135,646.52466,118.03669,8268.218,791.212,31.788668,8182.364,756.8264,121.53445,8251.732,837.50256,377.08478,12539.19,767.88617,253.07588,12523.517,880.3677,582.2145,34198.29
876.3012,153.7362,8476.906,804.03046,70.89181,8475.797,792.4485,146.77551,8697.779,621.07904,268.92123,8517.893,754.59424,119.02563,8637.728,881.2323,59.68414,8547.913,841.1305,131.73535,8622.837,909.17505,407.79843,13476.174,827.3989,314.1608,13472.741,1010.1474,653.0356,38477.836
901.2488,127.51058,8792.101,815.55273,56.30442,8729.437,781.57495,149.8776,8979.5,660.1461,241.0979,8764.759,758.26843,127.19721,8916.543,901.10345,47.176994,8827.82,850.48816,129.11047,8909.032,954.2242,410.9293,14044.264,882.87317,307.26117,14039.67,1028.033,701.59827,40497.0
887.9209,158.56021,8941.07,813.1484,58.797806,8967.827,772.3337,164.31795,9168.476,656.3362,257.92255,8976.759,776.25604,140.36206,9090.507,878.57697,66.526184,9051.562,838.7539,153.22302,9066.23,971.21893,417.63318,14112.714,889.6237,294.35446,14069.82,1013.83966,679.1274,39712.4
835.2219,34.683285,8443.302,787.2084,159.86722,8483.472,703.64667,100.90068,8551.271,696.71027,292.34512,8495.967,735.41895,137.9772,8435.671,781.814,61.830666,8409.118,804.4304,169.78754,8558.925,946.13727,402.77423,13344.162,886.8258,342.99826,13233.954,1010.3762,683.92725,36498.094
924.5099,163.54195,8315.444,826.71436,69.80332,8442.666,786.6172,107.695496,8637.332,653.3364,280.34457,8499.216,786.6876,142.54893,8546.966,881.6879,80.703896,8435.932,799.4541,163.58977,8583.104,1010.7999,445.72366,13751.838,910.3982,313.59094,13654.331,1097.3037,678.1626,40077.03
1306.9408,-60.575382,8134.917,661.7471,-16.436726,7726.8574,60.780834,-67.3098,7673.699,900.12964,69.62186,7703.872,499.35956,154.6943,7611.879,452.90146,399.78146,7412.9272,780.0433,354.93417,7636.259,827.79614,576.6506,13444.952,1551.0221,-191.13046,13182.463,459.75214,565.38776,35131.754
1332.9177,-144.24358,8353.624,698.6308,-90.234055,8130.8706,-169.34068,78.80719,7699.604,1005.02094,43.10656,8051.33,395.57294,162.34473,7795.088,165.6506,527.25024,7726.898,596.4996,375.2667,7772.0425,907.2739,502.09875,13783.884,1598.4633,-328.0088,13473.175,382.3011,674.997,35950.887
858.1276,-14.634417,8601.0,769.59296,23.556664,8616.707,582.29456,266.18265,8468.593,770.568,146.92899,8577.231,614.26514,43.00819,8581.258,557.16815,99.55115,8579.442,676.7457,46.167118,8687.939,874.76044,245.741,13448.847,758.6722,298.05084,13416.235,862.5803,779.0701,37084.19
837.3093,255.49986,8812.749,712.2178,38.684105,8945.665,731.13354,127.84956,9088.147,573.1233,158.83614,8839.892,764.43475,132.72311,9027.668,819.9365,96.2844,9053.56,778.4871,149.1511,8987.146,908.8971,375.46664,13658.429,809.3438,279.05453,13558.757,862.7183,572.12335,36718.914
679.7713,-197.04332,4482.932,578.8949,244.00615,4942.4033,670.6724,50.906864,5104.975,203.48685,813.629,5862.535,364.18262,102.26605,4188.589,753.25354,-443.13425,5257.94,562.61957,-235.91595,5837.504,832.48596,1053.6621,10138.45,624.7305,338.28287,9966.984,1445.0557,957.9593,36677.19
871.0599,104.58133,8217.666,908.3505,-511.31665,7295.267,1022.6474,455.90253,8330.842,799.1184,99.54496,7297.455,794.971,-73.55662,8955.528,1227.1179,-294.76077,7519.442,1054.1432,96.604675,7278.729,706.8385,-9.853946,11875.098,949.75775,146.52473,12005.818,887.3648,616.72064,36531.023
593.37836,107.519936,8180.0195,478.124,280.91275,8109.8057,758.43713,156.4598,7841.9497,628.7016,142.03441,8006.8735,592.3918,11.381719,7844.4043,611.56,-85.52934,8173.4146,869.7294,-67.608116,8196.725,561.7477,320.47806,12226.048,632.6882,421.9134,12170.982,609.71606,812.2882,30959.87
411.6905,-169.74883,7681.6655,406.8102,227.65254,7737.371,680.15454,563.1859,7458.8794,642.1767,447.21985,7622.5664,89.57978,258.2148,7778.965,954.13873,-277.86594,7354.5894,846.9581,-64.13362,7994.1064,706.01294,298.09598,10819.907,613.6375,-53.39435,11000.176,779.7758,908.73566,27743.07
582.2215,188.3998,6757.991,441.48132,-15.52254,7332.4478,480.17902,73.96383,7315.124,296.89578,104.06371,7273.3843,488.4813,145.78726,7152.338,575.4555,-29.987602,7430.892,334.66235,34.12627,7564.193,855.7326,360.27646,10866.961,494.97702,231.18712,10553.263,784.32166,441.41635,27452.734
673.2941,94.3343,6816.573,642.95276,43.854736,6818.163,582.164,88.667,7085.5464,427.03488,225.0388,6857.2847,597.9565,114.7898,6910.4644,725.06506,47.018337,6901.8945,647.89624,126.870255,6975.637,704.40106,327.57843,10501.038,598.9982,239.41626,10473.573,805.0337,400.24002,28579.035
704.28687,56.1344,6843.0234,654.1944,64.601395,6867.447,572.1714,82.8024,7049.9946,507.6733,223.3524,6904.486,589.39844,125.08249,6954.632,692.75104,47.774048,6882.444,622.7421,137.41884,7004.6675,794.4226,337.94467,10912.9,700.24524,247.01276,10855.312,853.93823,511.85443,30606.023
678.62665,94.634674,6806.538,631.0401,51.21946,6795.5845,586.5141,119.75442,6967.6104,507.87708,212.12885,6841.0605,582.676,111.20888,6904.795,682.16174,27.498423,6860.2075,643.646,116.993805,6927.6514,754.84064,331.21332,10788.094,682.6182,238.25447,10737.005,812.15924,527.26904,30467.887
754.78143,101.02055,7354.5454,711.2272,50.78999,7249.549,717.4549,155.2887,7462.7354,590.45215,229.17503,7291.9443,651.35693,91.806915,7487.0293,790.4983,10.764868,7310.0547,766.58136,104.36567,7371.916,792.2091,326.31754,11739.3955,756.5424,275.28162,11756.175,891.3336,634.0078,34464.77
770.12164,115.567856,7746.646,719.3969,57.543198,7624.695,711.73663,159.799,7840.84,601.35913,216.24467,7673.9224,664.9925,104.97219,7830.868,794.80286,18.994404,7744.73,776.12085,103.098785,7782.2153,824.609,352.0614,12345.424,777.6195,280.67566,12365.011,902.15063,660.4394,36131.996
796.73615,137.6307,8003.6553,755.2396,86.06297,7951.4277,751.9683,161.81348,8132.4624,624.74634,248.79114,7998.274,709.711,121.63051,8092.6646,823.28937,40.167587,8046.7803,807.0016,119.7173,8074.1777,873.87006,381.24606,12858.0625,814.66064,294.2746,12863.806,958.6716,692.2718,37795.906
872.5482,121.689384,8814.85,812.08405,34.01914,8639.611,834.029,222.96175,8893.744,707.0031,247.96439,8664.032,739.93274,104.74357,8970.332,928.48376,-4.197099,8733.62,910.2149,110.787315,8765.974,909.9724,363.82254,13850.45,897.3681,289.66034,13894.44,994.1709,759.96313,40231.875
932.07,154.94418,9684.304,865.3313,36.95983,9511.74,881.745,245.46687,9778.682,732.9347,268.29214,9535.055,794.0039,113.98605,9848.52,979.64874,9.435221,9648.623,973.4306,123.73557,9647.187,961.47516,399.86594,14947.721,933.04114,312.891,14997.633,1038.1926,775.6556,42243.77
1041.8807,175.06752,10909.718,953.2837,20.274117,10685.254,983.7157,285.11285,11006.622,811.1224,284.45987,10686.856,868.5264,120.10296,11129.254,1107.3462,6.890951,10822.294,1094.7769,136.53468,10839.347,1039.0073,421.28244,16572.533,1022.75806,333.80426,16642.045,1119.5801,828.2073,45815.457
1034.9984,191.57607,11948.066,932.51306,33.605583,11786.8,958.2943,301.58722,12023.892,840.1525,240.37144,11713.822,873.9901,164.25996,12137.715,1116.3622,1.5430975,11940.638,1090.6936,150.17256,11931.798,1113.328,430.06744,17820.035,1065.3179,325.3445,17796.623,1110.2462,860.3003,46977.992
991.9681,250.63672,12369.137,847.2459,58.90513,12527.928,949.19025,310.1939,12553.553,779.8183,201.75473,12367.317,857.8581,188.28442,12560.487,1083.4255,-10.800971,12674.275,1022.0961,90.63975,12651.464,1144.1757,461.01746,18539.41,999.5043,317.3679,18386.932,1088.479,896.42816,47522.56
1037.8643,207.47543,13038.91,896.035,53.193684,13210.572,965.5209,310.24396,13251.384,827.3059,184.1502,12994.877,885.64667,216.05539,13249.428,1152.7896,-2.2481453,13310.645,1036.9349,106.0889,13335.551,1230.061,444.1455,19540.844,1054.0347,316.69727,19377.941,1157.7051,932.7776,49996.207
890.75256,185.65062,12837.659,743.0767,144.92152,13186.843,872.9019,272.5914,12936.545,796.3238,90.46499,12876.672,819.09125,221.34377,12829.188,999.41956,-32.38249,13261.818,932.1527,37.126694,13280.152,1173.3483,413.51144,19303.867,960.5484,343.8239,18987.11,1040.9741,991.5092,48055.062
872.6054,173.17537,12444.707,749.43396,127.257744,12973.631,818.7656,263.826,12708.475,757.34406,119.55989,12657.069,799.39197,265.0397,12546.566,982.47174,4.131045,12974.084,825.44885,73.44279,13020.143,1239.5974,415.6553,18927.846,951.9505,294.11017,18571.242,1095.0856,945.44775,47278.27
850.2761,92.47562,11683.554,746.8263,167.94147,12184.649,766.3981,193.17487,11926.794,744.6202,141.39487,11910.343,781.6082,251.1984,11699.089,923.49475,9.137856,12130.939,784.6045,83.51756,12255.599,1213.3784,412.9326,17997.91,928.9597,329.56052,17636.205,1107.764,911.06274,45427.023
826.34735,69.062004,10867.828,743.1148,150.12195,11307.983,733.30896,172.58292,11110.054,734.74475,161.80127,11087.636,759.74774,237.02768,10908.807,885.91327,6.206019,11223.635,749.9736,106.34238,11368.791,1172.9733,395.41324,16881.361,924.70264,318.03705,16523.346,1097.1562,862.3573,43126.71
1050.466,114.7917,10861.569,985.11194,64.20925,11089.905,831.31866,165.66182,11300.754,750.69366,319.4757,11067.746,886.09515,232.6849,11137.632,1047.5413,106.53212,11063.627,870.4365,228.53574,11236.51,1259.2035,484.18167,17010.346,1031.5015,324.6144,16855.666,1296.7689,728.536,45713.375
896.86975,42.786823,10262.64,805.29736,137.50758,10373.804,787.7,147.34256,10386.654,759.56976,233.15068,10294.628,786.14056,162.5477,10267.63,913.71436,-22.495506,10353.856,881.0719,120.35949,10514.478,1084.0653,427.37357,15935.798,962.18427,370.91772,15713.02,1094.2214,823.08966,42085.973
866.37695,101.83056,9758.563,789.8834,85.59298,9993.356,765.1958,192.24776,10014.1455,702.97784,268.35052,9942.897,751.7493,181.75183,9923.677,892.65466,-2.088195,9962.905,805.0341,137.73018,10082.575,1078.058,430.3449,15208.962,925.76117,298.82605,14984.752,1088.374,765.70605,40239.355
782.4645,45.058426,9228.412,688.86957,112.58211,9402.845,710.7889,170.89111,9348.436,681.2194,208.73396,9308.416,669.6833,149.6055,9283.015,816.61926,-46.672314,9353.751,772.0734,83.69287,9514.248,974.3903,376.80112,14300.275,851.81836,305.68753,14078.016,968.1905,769.8685,37404.67
730.23676,60.98621,8630.812,660.1115,103.14873,8846.352,660.0945,166.24765,8796.43,627.38824,216.02016,8780.568,634.7106,159.19736,8711.39,764.28406,-26.916197,8802.167,699.8541,95.91809,8941.513,936.18835,368.02817,13430.29,798.90814,274.93835,13205.273,938.6056,709.5099,35167.19
935.4494,130.87837,7845.9033,1101.2205,-185.7064,7169.011,479.4422,285.1643,8128.654,712.5117,580.47894,8225.077,683.8402,311.7147,7749.9263,917.6204,38.948555,7485.0063,707.4366,408.42212,7795.645,858.30994,674.83765,12648.013,1120.477,11.041455,12264.932,1438.9926,421.87155,35090.27
915.42944,-188.1513,6976.542,1023.7666,319.5306,7073.6035,797.18823,-90.239426,7131.824,766.57477,364.25665,7355.094,848.555,141.48508,6830.273,792.5086,45.470222,7043.293,705.8547,115.527084,7463.161,1284.8485,485.3675,14078.244,922.74097,631.8124,13996.637,1583.6754,1052.0355,51319.047
812.9327,217.48753,6524.4487,816.18835,124.4031,6202.9624,953.5246,72.03383,6518.2656,747.2623,126.24783,6433.0034,866.74316,91.53268,6400.397,948.47205,-49.710346,6524.2734,917.17096,22.476543,6562.5728,977.595,415.3198,13412.891,962.2746,428.46747,13401.883,1215.061,1073.4742,53134.645
1434.8406,74.656265,6765.6006,742.1524,35.84297,6331.3896,151.903,-104.79878,6110.6587,1080.161,-5.2470937,6339.55,657.599,175.89522,6008.1987,444.27182,536.8092,6112.252,875.3884,352.55408,5988.1475,999.80273,673.91406,14493.2705,1934.6731,-276.3805,14303.586,569.7778,1036.7904,53230.773
975.3656,-139.58707,7528.3755,997.97473,186.41983,7279.2876,900.56903,354.51117,6974.5107,1165.1655,264.73425,7372.292,757.2777,33.08419,7210.6816,749.3757,41.366566,7129.5566,999.63715,-24.19484,7252.873,1106.286,294.1587,14899.617,1162.1483,352.44806,15072.99,1263.8022,1513.7909,58396.91
1085.948,265.55383,8774.939,1018.3971,131.25679,8509.187,1238.94,209.89603,8595.372,1047.8102,155.59302,8527.386,1066.3417,79.54747,8804.245,1156.6588,-25.955914,8720.384,1240.5979,35.301964,8557.17,1275.6715,438.0251,17334.256,1330.9248,446.34476,17396.36,1376.3179,1483.498,67657.9
1146.5935,194.74425,9961.44,1117.2976,144.43019,9614.938,1294.9338,292.05093,9764.695,1117.0502,234.97147,9644.107,1102.0133,77.352196,9919.216,1230.4362,-23.846151,9834.322,1340.0084,26.946644,9696.746,1306.843,451.69992,18518.553,1336.9355,474.64462,18710.295,1445.0978,1510.8993,69122.21
1121.03,310.5363,10449.972,1110.5593,170.55965,10305.097,1322.9579,246.00443,10514.603,1049.6262,283.00458,10367.036,1191.6498,110.622444,10490.586,1214.6323,27.766552,10539.943,1264.695,79.98294,10333.125,1302.2775,514.47437,18781.475,1312.6096,517.81366,18891.91,1463.5148,1375.8917,65314.723
1181.1292,221.88783,11472.45,1123.0388,135.14928,11244.742,1300.0425,334.19568,11453.501,1128.2247,364.5538,11225.238,1123.5271,125.7918,11586.806,1288.2328,5.8782425,11276.578,1370.1699,140.42683,11156.347,1268.6431,496.5418,19054.568,1414.1298,406.02124,19171.73,1380.8962,1301.1836,60486.01
731.9604,158.77786,13834.951,1578.0938,789.528,14031.694,2189.4446,510.47858,14327.412,1395.4423,370.57852,13869.639,1500.5593,346.74127,14412.568,1913.9913,-66.09392,14090.081,1585.1418,143.81187,14290.122,1677.613,-75.04924,23940.299,1154.4055,1215.9739,23694.557,2406.0305,2060.3506,77017.42
1642.6089,201.03249,16800.184,1794.2568,446.75745,15068.564,1274.4277,431.98267,15826.053,1886.0796,96.68669,15414.296,1221.4442,384.47888,16665.78,1523.512,595.26733,15310.945,1666.6611,494.03818,16590.285,1882.165,258.67374,26272.914,1506.0966,840.0552,27065.924,1995.2676,1381.0868,79777.805
1548.2179,1093.4656,15085.845,1423.8064,370.9009,16032.781,1960.702,225.76178,16031.764,1035.5133,475.26144,16083.923,1844.9333,271.56137,15710.031,1696.614,312.23572,16385.1,1653.0438,243.754,16026.702,1802.0613,913.1459,26174.236,1528.2987,751.9139,25924.672,1979.4415,1413.0833,80010.69
1655.0612,-15.3782215,15087.517,1592.0935,226.85492,15016.147,1359.0573,247.53226,15423.369,1376.5018,492.04745,15086.114,1374.1958,340.08664,15158.235,1706.9335,179.40982,14954.437,1518.1052,319.71783,15281.789,1955.1104,687.10736,25481.506,1861.0796,449.61972,25537.994,2072.1953,1523.7339,78898.0
1707.6068,305.06516,15165.096,1742.5547,331.58868,15160.654,1637.2816,229.98004,15457.138,1500.8718,474.44702,15372.274,1662.1934,340.15173,15252.339,1737.081,291.33142,15228.242,1636.9241,358.84692,15353.087,2040.4388,726.5296,26985.959,1961.116,632.46545,26940.45,2291.051,1741.8619,88550.63
1596.761,220.62209,14968.627,1603.4365,244.54153,14914.329,1475.3416,273.45898,15192.059,1466.0337,354.10257,15008.98,1529.7249,321.94983,15014.187,1621.461,222.7218,15047.812,1508.9912,300.879,15098.726,1998.8593,636.8547,26272.31,1894.0463,552.92694,26235.531,2098.9192,1719.3418,85510.09
1540.8251,322.93442,14619.554,1566.8213,292.24612,14815.497,1497.302,268.0893,14954.988,1405.8627,422.3431,14845.428,1568.349,329.8361,14750.472,1565.4492,279.85565,14851.1875,1498.3049,348.124,14771.74,1949.6204,651.4837,25456.242,1850.1104,542.14655,25363.771,2029.8942,1618.8927,81338.05
1354.3505,-323.93768,12856.633,1504.0732,622.6204,12380.622,1253.1991,123.18818,12305.454,1719.4625,575.3299,12573.709,1292.9647,249.50955,12240.484,1273.8706,131.16908,11793.22,1540.4266,387.45868,12472.796,1650.9941,506.9373,21754.871,1874.7064,723.49677,21600.482,1953.2314,1643.5255,65522.004
1296.9443,190.14699,11027.81,1260.3174,232.53287,11283.735,1100.3684,195.22867,11329.654,1247.3965,500.3006,11551.942,1147.7993,310.4315,11332.838,1185.3137,151.0555,10993.899,1101.8185,382.07996,11415.3955,1684.3807,643.6233,19593.967,1658.4302,411.11426,19196.42,1806.3936,1268.9829,59712.26
1218.4836,143.27602,10490.201,1137.1382,150.84583,10551.334,1073.2922,197.66019,10696.017,1058.444,355.37173,10668.294,1057.3638,182.02052,10704.477,1146.295,91.10827,10498.2705,1115.9985,219.50728,10722.013,1437.9901,519.4203,18221.592,1373.9763,419.84915,18092.225,1519.3458,1167.4188,57123.39
1191.1036,193.96669,10924.671,1171.7773,152.1721,10786.012,1183.1566,243.74503,11032.203,1071.7303,318.1949,10870.771,1114.8075,172.15433,11086.752,1241.695,96.078445,10846.166,1225.3962,204.87956,10901.726,1357.8231,456.46237,18616.756,1357.5184,428.09778,18627.434,1484.6241,1210.0618,59261.645
1029.966,-63.124718,10078.368,1102.4211,347.8538,9796.547,957.23596,139.58351,9854.675,1139.6923,362.83994,9931.851,988.68744,183.42574,9795.117,989.2024,113.534645,9633.455,1119.388,253.30879,9922.579,1233.386,408.01184,16821.299,1299.5228,500.86426,16756.982,1401.959,1147.3346,50727.11
1079.2947,222.92036,9594.425,1061.8032,176.05745,9737.667,1007.70905,191.7876,9849.022,964.6563,351.57364,9878.533,997.956,237.59953,9830.865,1077.6932,147.02835,9676.636,994.62756,256.66092,9835.188,1345.986,495.79547,16873.596,1287.7894,346.63428,16726.53,1450.8885,1079.0138,53300.94
927.20685,156.95815,9840.086,895.86646,143.61058,9016.575,922.55396,258.2536,9429.042,1045.2827,205.04066,9579.516,797.0569,150.47586,9466.183,1004.32874,-132.944,9377.587,1072.1156,83.40361,9747.201,944.1455,503.76102,16441.752,1223.1678,401.47964,16264.937,1265.6948,1178.2345,49243.086
832.2602,353.04727,9304.996,998.1569,238.33746,9829.792,1222.9557,2.0273879,9914.562,552.8878,234.68492,9742.497,1305.3882,8.115502,9389.48,965.2728,79.93589,10144.771,982.44995,59.347073,9729.126,1027.3003,337.85086,15498.805,618.6288,790.2475,15315.827,1288.3041,756.57794,46878.594
1026.9254,-33.464676,9621.253,1071.0513,229.52785,9551.003,1010.85284,65.31686,9926.699,888.6801,301.20193,9513.993,976.5098,258.9903,9734.3545,1258.9409,109.36747,9466.4795,1020.0326,237.77242,9706.132,1342.0541,391.9842,16657.03,1220.4999,377.41217,16760.582,1464.5625,1031.0468,53912.477
1040.343,188.32755,9897.789,1114.0206,156.8091,9694.726,1045.9429,213.86674,10010.57,973.2686,282.9374,9882.42,1040.881,223.65184,9909.197,1149.6123,125.86857,9861.263,1066.0891,218.25409,9857.126,1264.4828,435.48553,17299.375,1261.263,364.96417,17302.988,1447.4431,1139.8837,57005.047
992.29584,189.23134,11150.21,1020.9077,136.77464,10101.611,1095.0248,365.17215,10594.372,1206.2169,200.84627,10675.521,902.9663,162.14563,10748.923,1168.216,-147.76361,10530.796,1248.196,86.40091,10799.0,1000.9257,472.26678,18378.691,1367.0037,415.8592,18290.986,1370.9835,1373.6108,55998.12
1194.393,207.35127,11654.247,1268.2041,287.55524,11739.673,1190.3328,309.58087,11774.158,1123.7286,403.35632,11796.894,1127.5356,263.96222,11807.909,1209.8093,265.59882,11702.116,1187.4784,257.8653,11791.582,1486.3351,467.36407,19722.736,1327.6226,437.61322,19857.748,1606.0376,1282.9313,62155.312
704.78906,120.866516,14531.971,1654.9547,811.5992,14717.443,2146.3643,583.432,14971.178,1538.3728,287.09387,14480.929,1536.6919,429.673,15132.883,1934.0079,65.99596,14734.146,1567.4998,245.07677,14950.371,1768.2239,-235.71558,24614.762,1264.4597,1128.4962,24363.967,2413.796,2194.679,77617.984
1651.0051,221.65858,17834.951,1910.4001,477.8004,15979.699,1296.1611,526.19684,16801.238,2026.9171,38.621887,16335.145,1274.9447,468.44818,17744.959,1596.2421,742.4859,16219.372,1682.1747,594.7408,17565.137,1972.6149,104.547745,27307.63,1576.2244,796.23157,28191.238,2050.6582,1432.363,80720.63
1696.6245,1148.9785,16480.873,1609.5597,434.84854,17440.545,2097.4883,314.0308,17429.955,1206.0831,477.0515,17501.193,1969.6222,367.22583,17159.025,1907.2393,469.01724,17745.178,1811.4823,330.7618,17490.635,1987.8861,859.5974,28457.99,1717.7875,692.154,28273.656,2156.1975,1588.3448,87082.98
1915.4116,-63.94373,17440.031,1930.8712,245.15707,17096.611,1571.6094,370.04996,17641.227,1720.2568,438.43417,17212.0,1579.4156,428.18793,17506.27,2039.6302,303.4785,17057.588,1770.013,401.33823,17521.95,2280.9856,579.1042,29597.117,2204.2869,439.9812,29779.285,2417.692,1895.3739,93973.22
1751.3849,337.9051,16644.238,1863.9204,389.1381,16786.19,1541.2233,291.10376,16979.727,1636.1372,406.7436,16981.535,1752.724,496.2677,16657.537,1751.3467,490.9861,16903.064,1590.6256,499.52228,17002.703,2318.5793,671.463,29246.363,2134.2522,540.9873,29108.209,2402.9966,1847.7026,93687.234
1843.7211,218.97919,16946.463,1965.4363,352.58737,16923.16,1764.432,376.30597,17165.918,1815.765,412.72678,17022.787,1804.3163,435.4368,17083.959,1961.0573,386.10464,16893.312,1784.4591,435.43582,17071.084,2381.7249,564.6271,30065.797,2268.1704,565.10657,30067.629,2520.385,2096.43,99697.91
1757.311,243.77768,17311.361,1851.7443,265.84833,17171.87,1632.7057,449.30124,17435.74,1780.3475,351.87103,17227.145,1707.0223,433.2075,17440.857,1864.5208,337.9098,17260.457,1729.8059,439.9015,17281.248,2300.956,535.6669,29635.754,2241.7048,474.8299,29609.418,2306.1704,2001.2079,94794.86
1623.0265,-122.04602,16128.162,1826.8962,591.1765,15750.912,1537.1613,322.68842,15746.32,1949.5305,582.44684,15931.161,1589.879,361.4888,15750.691,1622.7085,287.20737,15305.033,1798.959,491.3636,15852.171,2032.117,500.7374,26746.775,2162.572,691.4144,26636.64,2269.856,1901.6819,80019.54
1642.6559,263.09885,15242.473,1602.8755,181.782,15492.547,1357.3029,398.08414,15647.757,1535.0076,506.31525,15657.336,1412.5992,431.14706,15755.991,1613.506,269.6569,15273.624,1428.9987,495.0044,15636.775,2120.9692,637.7422,25540.596,2044.9264,343.08902,25215.611,2112.8452,1547.2023,74926.586
1523.0135,-66.63394,14795.713,1541.5933,288.3698,14502.511,1271.6493,344.11667,14660.867,1557.8718,483.5316,14632.683,1283.6129,269.93896,14817.516,1462.0964,162.85106,14226.279,1536.4048,393.34778,14734.596,1764.0907,471.0817,23445.059,1803.7418,510.7275,23315.953,1869.5961,1447.4575,65656.78
1495.2478,249.26634,14152.989,1474.4749,203.27266,14316.306,1246.467,312.30762,14519.998,1287.0576,460.74695,14495.185,1302.7496,363.5834,14525.52,1472.3131,261.9857,14257.132,1336.103,421.84164,14572.583,1847.9019,598.28705,23252.436,1700.1022,402.28235,23033.35,1901.793,1298.8365,67085.125
1439.4725,144.48013,13782.2705,1409.9684,173.33511,13786.728,1175.742,300.00623,14058.155,1230.074,376.21994,13911.397,1224.7274,312.59134,14008.155,1432.1715,225.40749,13798.175,1305.0599,340.24414,14119.2295,1726.4694,519.64606,22479.244,1571.6399,399.50955,22380.627,1777.164,1258.5256,65463.23
1219.8469,-28.85834,11910.893,1333.6632,423.83197,11972.181,976.20825,109.5242,11977.588,1231.1503,437.02884,12143.543,1174.801,339.0591,11720.931,1132.682,286.52838,11757.8545,1141.3252,421.74442,12165.575,1630.6987,498.4946,19930.297,1502.4972,510.9012,19682.018,1740.678,1194.1022,57992.477
1250.6765,153.18533,10565.253,1294.2861,275.9299,10812.169,1071.2852,138.97157,10931.453,1132.9648,381.96207,11040.364,1161.0007,341.44266,10757.178,1234.415,264.575,10676.757,1051.2783,356.56918,11078.331,1679.0734,521.5784,19329.422,1500.545,405.26508,19096.123,1817.2361,1259.395,62705.164
1130.4427,85.800644,9839.374,1211.9973,254.6656,9793.908,1025.9253,150.92522,9956.844,1122.595,252.85088,9970.592,1105.851,273.01254,9813.587,1150.3037,211.33176,9821.786,1042.9741,268.74643,10043.124,1530.1842,402.47046,18280.156,1415.8452,411.17627,18196.814,1641.6653,1325.5781,62832.98
1071.036,161.26582,9582.54,1225.9639,299.45468,9518.838,1135.9565,197.79773,9621.27,1165.7446,257.5929,9667.024,1168.3353,271.33762,9535.837,1171.5797,231.22191,9562.085,1109.1914,266.51752,9599.299,1495.6344,360.67355,18163.744,1441.1384,415.47382,18150.643,1633.8264,1437.998,65118.656
988.7432,146.10097,8606.432,1146.0076,363.86597,8681.477,1029.4478,133.26894,8673.51,1102.7168,245.87721,8841.6,1111.4331,298.01526,8450.597,1047.879,267.8886,8716.594,978.7968,256.43918,8765.0205,1493.7273,391.78854,17255.55,1393.5093,402.36578,17218.86,1603.5519,1439.2471,64265.035
932.8833,151.29875,8020.2266,1046.2532,263.37125,8030.404,1012.58154,199.3617,8065.1855,1083.8555,223.963,8139.4565,1023.76166,243.93895,7985.8447,1022.4916,196.78644,7993.851,965.24426,220.44835,8035.844,1342.4025,319.1024,15832.319,1346.2494,319.26718,15810.946,1434.3075,1354.9879,58576.69
896.17993,128.63351,7637.4507,985.2612,258.89996,7645.507,973.78973,201.96573,7663.2974,1030.7528,266.09653,7750.756,951.822,215.42351,7632.1973,969.3695,172.14386,7546.5435,950.1833,214.05203,7617.185,1233.0745,318.63983,14724.188,1278.4369,299.45886,14718.148,1331.9019,1253.2963,53145.176
893.153,138.6402,7764.906,940.1133,173.1757,7711.1196,933.0626,245.22774,7785.7583,979.4035,241.69263,7794.083,882.5251,196.56937,7858.2246,967.3582,137.40485,7655.832,935.9496,199.23505,7694.584,1169.6288,297.26456,14375.135,1234.9249,238.34305,14389.674,1230.2714,1173.8604,50370.35
830.62885,123.316315,7382.3184,883.0767,218.2836,7402.5503,823.89703,183.18996,7421.6904,881.6666,240.61075,7499.5176,833.1814,200.64117,7376.9404,851.3137,171.6762,7369.0234,841.0827,200.7718,7428.2983,1108.4138,316.0008,13583.667,1110.6958,263.04123,13570.863,1165.0537,1052.81,46543.33
781.62354,130.24663,6758.271,832.49084,216.16882,6893.489,750.79456,132.9863,6879.167,804.4922,220.44148,6972.3994,800.6611,213.10056,6777.726,786.57556,192.56693,6844.548,740.88513,210.06612,6896.1147,1094.9777,312.93735,12799.48,1052.3215,244.81607,12735.308,1130.6575,978.557,44499.363
721.4699,80.52774,6284.926,767.9816,184.124,6322.2183,699.36884,140.61258,6337.653,777.87775,191.71263,6391.346,723.2504,181.94875,6286.4907,741.5139,145.35109,6260.1753,705.8281,179.59709,6346.2456,994.56464,260.84235,11789.634,983.64215,225.43042,11746.523,1035.0548,925.3756,40944.06
702.2819,109.25233,6247.333,748.10486,141.75764,6243.2754,715.04376,172.95934,6298.081,749.2576,185.76518,6301.8394,705.90436,162.08275,6317.264,749.6158,123.93289,6208.1865,715.42163,168.94879,6240.464,933.71814,234.96628,11422.044,944.82196,205.45874,11406.073,978.04224,883.7791,39205.574
733.7319,91.903725,6634.1187,798.4378,158.18277,6513.283,767.95746,185.16273,6596.507,791.28107,176.15874,6579.148,734.3905,156.2367,6654.671,801.81836,124.15858,6520.3203,784.1153,159.53278,6541.155,945.7213,220.85085,12042.06,969.4538,234.99942,12090.259,1016.2921,953.5021,41922.977
700.2055,123.29058,6743.5356,742.4393,121.392876,6663.1235,693.2391,196.04778,6754.955,733.6369,142.93596,6712.8257,693.88495,163.3495,6773.1973,748.90063,131.47475,6723.7417,717.1742,155.06767,6716.5195,912.89294,221.34764,11851.295,907.5084,200.72623,11874.557,934.6729,863.9333,39442.074
693.23285,134.17879,6706.197,730.21246,142.53157,6757.5894,677.1346,180.4552,6796.764,694.26807,187.32458,6780.9673,691.4056,176.58994,6775.628,732.64355,154.3329,6750.664,699.51385,179.93216,6748.095,909.32184,244.93594,11593.15,884.0776,190.78555,11581.388,922.42334,794.2555,37183.65
683.91364,76.31166,6511.916,705.1674,133.73576,6563.8804,609.21704,150.46606,6604.98,671.6659,187.88333,6587.8604,644.9249,172.42702,6574.5244,691.3161,141.05556,6513.799,650.41296,185.50928,6581.165,893.8797,241.36536,11138.968,860.92615,186.04958,11092.874,898.014,734.9563,34721.71
714.93744,100.19808,6522.5547,737.7193,130.00224,6541.8486,661.235,146.6305,6625.314,677.78784,184.50835,6595.303,674.01776,165.71107,6609.0894,736.94336,143.83928,6517.2314,682.3013,176.66045,6603.6,900.26746,244.86111,11368.941,864.8527,207.01707,11345.526,944.90704,760.14575,36509.72
668.8746,88.418465,6203.448,697.58105,140.99396,6239.8877,589.2849,116.02608,6307.9985,637.1264,157.03201,6300.185,643.9229,174.81467,6220.832,672.4746,153.7504,6254.723,613.3845,172.15277,6329.178,887.3572,247.07893,10979.995,823.15735,204.01387,10939.531,911.33777,731.2056,35638.473
635.7291,100.25328,5867.999,674.72253,141.14412,5950.797,586.6151,114.804756,5992.3047,620.03265,160.77864,5993.1743,638.6629,170.08212,5908.4517,649.50867,153.76498,5936.1353,592.8717,173.2374,5981.831,861.0365,232.12071,10488.707,802.2817,195.0705,10436.145,884.8281,711.99396,34371.125
575.76434,11.327259,5287.9478,628.84546,180.94382,5303.8936,521.31744,82.80853,5302.5063,628.5271,173.51869,5359.4165,575.4923,152.68456,5227.769,569.5131,126.86361,5206.119,559.08234,171.21234,5335.1987,791.0332,207.58646,9470.074,771.82654,211.61462,9401.437,833.65985,685.18866,30770.223
560.0566,86.61379,4854.31,593.5935,128.663,4952.9067,518.17346,92.1533,4970.1934,562.3867,158.06346,5017.123,558.246,153.05956,4920.84,562.3365,126.071625,4900.842,507.30435,161.47313,4975.0767,780.2575,216.4017,9013.404,738.26996,170.8955,8931.729,809.96185,651.579,30384.97
526.6806,60.969994,4555.02,562.56805,130.74408,4580.085,501.50323,83.877396,4608.968,540.4853,126.59995,4636.0586,530.0889,128.65134,4555.3413,534.861,111.6786,4566.2505,500.11313,127.39285,4626.3394,720.7996,188.40146,8563.862,686.19293,180.47968,8534.153,756.90314,651.0577,29836.164
448.72275,2.2330577,3887.5188,514.49896,186.74379,3868.1943,442.21918,44.588234,3843.3877,540.78174,138.62498,3941.2603,486.4248,114.88774,3766.176,440.46262,106.26839,3776.8435,460.40424,132.55319,3891.437,632.50366,162.7802,7436.285,639.872,205.56467,7384.145,699.13116,609.1232,25928.006
432.24442,79.530876,3558.5105,448.89078,87.45812,3626.094,423.02884,89.012505,3639.3645,461.2544,121.12508,3678.1277,430.20755,111.90782,3637.204,443.79907,82.80297,3563.2844,402.4437,116.910774,3623.8645,600.52905,162.1603,6834.311,602.71704,115.62247,6773.226,623.4296,539.98987,23883.744
442.1695,48.113335,3812.665,474.9378,88.38498,3743.6997,465.77664,107.29698,3786.0142,483.16705,101.57478,3774.3472,442.45645,81.62148,3837.739,473.6392,66.86612,3729.535,469.54584,90.446365,3740.4824,566.0552,123.52253,7063.6396,590.019,143.72731,7089.119,604.899,582.8552,25137.393
390.3216,71.182594,3550.7466,423.00964,112.9457,3555.1445,390.25375,75.570145,3565.131,417.47876,90.23302,3601.5366,410.82684,101.406334,3517.0942,400.30658,95.14029,3577.5261,390.82172,92.91558,3586.0,540.2038,148.11124,6648.8604,523.77277,138.0982,6645.2085,562.4388,516.02637,23248.44
374.47177,42.385586,3380.694,406.14175,104.94727,3378.1587,383.71216,85.52337,3378.7766,424.65503,107.924515,3405.337,384.18057,91.03727,3373.6807,394.6599,76.39965,3324.099,393.1983,97.059555,3366.2368,501.91766,125.20101,6173.0264,518.10547,121.48416,6161.0015,531.3072,486.39465,20978.307
366.9711,55.10587,3261.5103,377.9089,71.623375,3292.033,350.4134,84.52075,3311.2273,376.62866,102.74801,3320.7065,353.52103,88.495155,3311.378,375.99207,68.86055,3257.9927,352.9535,92.99399,3295.547,486.07455,132.36972,5874.114,483.94052,99.31574,5850.1934,498.81003,432.1935,19459.92
379.5072,45.455994,3569.5078,391.8766,47.765877,3499.0903,378.11343,116.88301,3555.6182,396.6619,90.15946,3511.877,352.38995,72.48905,3625.4097,411.66165,47.766422,3490.2964,403.24466,82.3357,3503.0059,462.2944,104.435036,6086.701,487.31723,96.111435,6104.689,477.3243,445.30905,19756.393
389.01648,62.750576,3729.1082,409.9423,72.6724,3686.1428,382.35608,99.73816,3740.139,382.53912,91.860596,3718.1829,374.54828,83.89477,3753.3433,412.1764,73.68327,3714.225,398.64987,84.55142,3729.1548,482.35898,126.02703,6409.2466,470.07095,121.87107,6431.6357,509.41263,444.02325,20763.691
383.34802,60.94086,3666.0044,405.42322,88.07328,3659.3838,363.27762,83.66151,3699.2988,375.22827,93.321915,3695.4592,372.86426,99.72341,3668.026,404.67102,85.91702,3679.5457,379.1161,92.12563,3712.8723,499.5081,139.64186,6425.6636,472.99084,117.95205,6428.91,522.92377,440.66562,20960.387
378.92636,54.727997,3589.615,405.72073,80.575714,3601.4,358.88412,82.72436,3639.0007,376.55847,94.44473,3631.0837,374.37836,99.359406,3608.9119,399.68723,83.035126,3606.0283,367.09183,96.24297,3634.3635,506.24466,132.66138,6331.7393,476.80457,114.68849,6321.3896,526.4515,437.32092,20733.63
393.11902,58.34308,3611.0352,419.47202,80.44383,3609.324,383.9346,80.858765,3657.9194,387.94412,92.053505,3638.7083,391.41757,93.06183,3637.1438,417.5107,82.80472,3614.41,385.5822,92.787735,3641.6345,511.03195,129.28304,6444.3066,487.84222,125.21642,6444.6465,541.2037,454.98126,21505.996
387.38388,57.10613,3656.469,410.0365,71.710754,3637.543,371.84326,88.51942,3688.6536,389.66214,82.17781,3658.225,382.3289,93.11863,3677.421,411.23846,79.70446,3651.283,382.52457,92.2619,3664.978,505.0452,123.042465,6438.647,490.17612,114.23713,6440.9575,520.6939,452.1829,21262.285
418.52353,62.870304,3942.6423,449.46625,74.87391,3886.1797,427.13718,108.16524,3950.5886,428.00247,91.25574,3907.3782,414.5654,90.27049,3974.7817,459.53464,79.2097,3898.4204,437.03882,92.83391,3905.9128,523.6018,118.669525,6894.234,524.0853,126.537056,6922.273,557.44824,497.9781,22968.56
405.37372,68.55774,3860.3442,431.22278,91.01934,3868.431,380.10858,81.93623,3907.52,397.88953,87.22584,3898.2273,405.6832,106.68548,3860.0144,419.58377,100.314095,3897.803,388.47473,99.431076,3910.4033,540.2265,143.50656,6852.006,505.78012,126.74852,6851.2534,555.24054,472.01315,22625.867
392.91986,62.693092,3779.7056,416.7049,81.31123,3806.7444,370.17725,92.02286,3831.9346,397.37012,96.37742,3819.3875,390.9009,106.58161,3805.6357,413.54446,90.53609,3799.7095,383.4292,105.77874,3811.0452,529.42786,135.28728,6615.1064,508.36252,107.1726,6597.6436,533.93335,454.64508,21434.885
395.28885,55.87305,3737.4802,414.56476,72.78712,3770.541,366.1547,88.63033,3802.0989,387.68414,101.02519,3784.039,385.03146,99.527954,3784.1873,408.641,84.19688,3756.5625,376.4857,104.40348,3776.3257,523.221,134.23848,6493.651,497.55115,110.2589,6472.7725,529.96387,437.21646,20785.791
374.7265,23.22546,3606.5874,393.34882,82.537704,3591.2214,336.1298,80.06588,3617.1768,388.83167,103.22826,3611.609,354.93143,89.84474,3610.3552,378.43652,70.695595,3552.1006,370.34787,103.42126,3611.0938,482.56152,124.15384,6114.0654,478.8127,115.478226,6087.0366,495.92896,410.13568,18889.336
352.79745,13.9607725,3341.8875,370.7093,86.507675,3341.8833,306.7851,68.25641,3354.2878,369.14075,115.07623,3377.1292,327.7927,86.469955,3349.6208,343.73676,65.8051,3274.2527,340.92105,107.359474,3366.6929,453.88983,125.581406,5630.999,451.02042,114.94147,5581.169,476.00357,369.73044,16882.25
340.74847,47.949596,3063.9434,341.22165,61.799335,3129.3657,283.19028,57.878582,3150.5696,309.39258,101.24381,3167.0352,308.79715,89.26611,3124.8413,327.9318,70.101135,3099.7864,293.67776,97.67541,3170.5664,448.75797,138.6497,5333.1304,412.2466,94.17455,5275.571,456.91177,333.1275,16466.861
298.35904,-6.8906355,2749.99,315.68216,82.15224,2739.1768,251.37422,39.448532,2748.9702,312.06314,89.14544,2771.0337,280.1391,67.88912,2724.8633,281.0792,54.507305,2687.0474,283.4564,85.95065,2777.464,387.64136,103.866615,4732.9653,375.37042,114.544136,4689.2905,409.71936,317.4715,14567.309
136.13002,19.264103,2537.2742,302.02612,143.9581,2562.7551,381.43945,100.26641,2602.7874,290.9189,53.859077,2544.9385,283.7433,75.8809,2619.9153,344.35556,10.95276,2567.2156,289.1611,44.30443,2609.3032,343.31332,-31.61053,4514.3145,248.0943,202.27408,4482.711,452.15417,411.16263,15055.887
342.90347,154.04619,3351.4412,340.7608,9.286915,3202.2124,241.29959,123.94458,3356.1143,292.94858,-23.0921,3220.4084,251.49818,114.85079,3500.118,338.99896,166.03514,3344.5852,275.44876,104.12681,3455.4148,445.4574,60.453323,5520.2793,301.32028,61.354023,5670.1226,379.65286,260.44705,18058.87
370.22244,188.91914,3557.3215,378.0363,85.270485,3632.5151,483.46393,65.09881,3683.5894,289.18167,57.29283,3612.968,449.1866,45.4054,3630.3945,434.03482,91.34517,3735.4836,425.09525,38.623096,3638.8342,407.15637,122.16224,6238.5083,359.40863,181.86734,6287.132,463.17133,395.46164,20754.092
494.02243,43.281456,4424.3555,523.80347,61.884182,4235.261,503.09296,108.601425,4416.2095,474.92242,66.27453,4251.933,468.0962,89.5829,4436.871,575.71075,92.64575,4280.1104,517.9024,84.4296,4302.0073,551.46356,101.7869,7800.3677,581.7924,134.53091,7921.418,622.9158,562.2177,27041.695
447.6994,98.14806,4467.848,477.5313,87.478134,4453.197,397.97598,93.622475,4511.046,440.48126,53.328087,4465.4546,460.59152,128.42012,4432.746,452.85825,145.6708,4532.1274,412.841,116.01404,4485.074,594.8394,141.75574,7854.055,563.32587,121.63023,7867.871,585.20184,517.1332,25804.764
489.6101,101.54715,4564.228,521.7414,104.66563,4641.0566,476.89743,98.07527,4662.8584,476.343,101.52399,4626.8433,509.80222,127.45809,4607.8467,512.5486,146.51096,4623.7593,467.01495,128.59903,4602.3345,641.50464,149.52794,8140.5234,610.1374,137.35933,8139.445,654.0866,553.9882,26970.629
514.4476,71.003845,4483.1836,541.51215,122.65537,4532.652,467.68054,62.32775,4573.8047,493.37515,95.5021,4555.044,517.3712,134.90892,4479.1616,518.5153,148.15312,4526.643,459.49237,128.28447,4563.043,685.16254,171.38245,8368.037,643.0346,158.93016,8360.249,710.1938,593.7493,28830.994
587.0668,99.46397,4913.103,633.8111,112.81716,4841.0127,606.1323,95.68887,4948.4644,591.0503,78.01953,4875.014,612.1448,117.17807,4923.9585,630.1536,146.71762,4866.565,576.07996,116.390785,4872.9917,727.75104,144.90657,9374.198,728.5929,196.41838,9428.158,802.366,724.3269,34123.84
501.33908,69.61107,4645.7427,558.03937,152.1296,4646.9805,469.5533,66.07151,4649.8994,559.6258,63.440117,4655.1177,556.91205,143.9213,4539.6714,495.61545,166.84013,4667.424,472.74908,138.31102,4633.79,720.78687,152.84541,8813.19,701.03174,176.00517,8801.226,718.2144,675.67896,31163.865
470.16852,69.99896,4102.5854,531.115,180.85123,4221.969,469.27527,61.12946,4149.1406,545.73663,127.88581,4238.1904,532.43317,146.94838,4048.4277,467.81418,160.17384,4122.192,453.9476,152.78279,4143.8027,697.12415,170.04608,8012.5654,688.51886,164.63695,7952.66,718.8484,644.02344,28393.305
437.67587,-26.239498,3609.1565,480.43628,156.15883,3579.0007,414.72467,64.29912,3546.3389,553.05023,136.50974,3634.46,433.91653,111.20987,3533.6025,430.25385,83.00851,3420.5154,438.8086,128.57516,3572.7175,610.4113,142.98073,6973.7007,661.02185,154.441,6916.106,659.45917,608.8356,24429.338
429.3238,79.75415,3441.0032,455.91248,88.325874,3481.772,427.51248,84.815636,3490.963,464.85254,111.61124,3539.5222,437.63562,101.93118,3505.508,430.31943,87.07966,3435.745,403.20966,113.72045,3465.7737,590.8617,150.57454,6744.478,600.201,126.585205,6694.556,620.74115,555.2754,24301.105
412.52036,61.216,3505.3733,434.92587,85.3488,3468.16,422.13293,87.13017,3496.7886,444.89136,74.82308,3492.139,421.1084,79.60965,3510.9905,424.92154,79.050804,3472.7976,418.57306,81.854355,3470.9656,537.9683,120.05381,6655.5117,549.6008,135.40088,6670.788,559.7837,546.54834,24025.81
367.55856,47.95696,3248.526,405.8721,123.96425,3244.388,375.95856,60.06003,3231.6404,422.8877,89.32773,3272.0618,400.92255,88.69094,3193.1936,368.89996,96.91859,3209.9573,380.65036,97.1022,3227.4082,500.20178,122.656876,6138.5635,513.7458,141.067,6128.4326,528.3915,495.16977,21556.932
544.68774,13.686101,2926.4763,667.85693,374.23123,2912.6594,632.4235,-37.321285,2801.3503,619.4831,193.48651,3130.1104,588.38074,168.18231,2653.266,598.89026,181.36584,2828.804,594.03064,109.498695,3074.7876,801.9214,259.20203,8407.939,767.05554,284.97806,8478.571,1037.7863,965.09515,40300.11
547.8391,-101.181786,2873.9248,573.49493,56.799076,2598.745,450.61514,135.76848,2628.168,657.9506,5.4030695,2702.4358,402.24988,131.78993,2721.3882,629.6638,-7.477235,2657.0884,562.75824,29.840214,2853.2556,854.4348,129.87416,8223.401,829.0469,50.396255,8250.629,871.7403,1009.4767,42424.44
485.33084,29.067884,2569.5254,610.20667,22.296381,2545.7075,610.44946,111.458954,2703.391,489.7389,68.440094,2629.116,575.79987,51.22676,2603.7422,641.7072,-6.7783556,2697.0554,545.1735,1.8141977,2654.1565,754.059,100.59765,7316.391,590.3987,193.68831,7371.7646,887.8847,803.91583,38293.438
482.92004,-36.59546,2472.1704,588.0692,69.101776,2436.6929,605.09033,33.65013,2606.1052,480.70462,86.238464,2451.8567,575.5714,72.47045,2480.8594,688.29877,-25.481586,2511.3743,574.6969,37.35285,2465.5234,777.0189,120.99957,7174.3047,672.86414,182.53741,7219.9873,875.85846,804.4774,37747.5
499.85562,-88.892365,2571.5542,623.91425,66.69676,2416.5298,596.3835,76.375435,2582.5247,546.42914,95.218575,2465.6758,544.7557,81.56238,2537.2625,706.21533,-37.2861,2479.1135,608.92035,41.07346,2480.0642,799.7705,106.37161,7398.657,721.46924,158.8782,7474.2183,910.6821,877.98615,39467.746
490.55258,-74.482414,2503.3022,610.98267,36.154514,2345.2139,589.9906,83.63583,2550.498,514.2781,78.62063,2419.0078,534.0224,70.673485,2487.6658,704.80536,-60.830235,2466.687,588.99744,16.73597,2477.5261,788.65796,107.39347,7303.482,673.9927,165.28937,7371.651,909.77155,855.21844,39331.18
497.11786,-47.262074,2523.1658,609.4947,39.42703,2386.769,614.8578,79.423,2588.7415,512.7864,82.881874,2448.7607,554.16736,61.881363,2534.8716,707.6329,-53.840927,2496.8196,602.8706,19.741556,2492.1738,777.1424,108.921936,7278.8975,673.07904,177.0438,7346.646,898.6144,841.2677,38870.51
369.26166,-500.32864,2442.2185,688.0769,420.72104,1626.7009,429.99606,166.987,1384.2167,1046.1879,304.39987,1603.2299,436.1133,14.97266,1591.2662,307.39005,213.47342,870.4729,793.3789,232.20284,1047.0021,274.6437,-173.01997,4515.633,851.72675,159.60321,4855.8125,527.1028,818.9925,20474.395
294.0696,-24.29023,1466.6808,305.8403,-17.6194,1449.6713,272.9407,77.38577,1539.001,429.75626,141.06041,1701.7706,234.07051,82.5317,1631.6165,299.9213,-85.78846,1284.3755,184.33034,86.01837,1545.9525,475.54852,151.17548,4004.0752,589.72754,38.015163,3761.463,587.26276,496.26956,15995.959
356.03183,30.789444,1864.7251,331.16327,74.20074,1752.2631,349.7922,80.59461,1704.0277,398.64368,80.37432,1807.1458,284.58456,18.623941,1866.0325,311.9226,40.278816,1680.0178,393.21,40.94208,1758.6548,382.10953,95.84516,4375.2134,469.58707,91.868195,4418.7676,419.27524,501.51758,19463.924
314.2959,37.786972,1975.9597,282.95898,29.897392,1894.6246,299.61734,84.54248,1890.2102,332.3216,29.11659,1924.805,251.34152,30.54169,1991.6104,308.54855,12.348614,1911.126,330.25107,15.547082,1963.2758,384.4022,87.03666,4408.8477,406.77554,67.730576,4431.4614,383.64078,456.5933,18981.19
259.2465,42.30041,1718.0732,281.3339,86.32645,1702.677,292.44785,33.288925,1689.0759,296.64502,58.617912,1755.6747,287.2937,33.173824,1672.3275,253.49896,43.906826,1699.4095,283.04773,36.27521,1728.8027,343.1637,89.889885,3914.543,347.01938,124.09843,3913.8955,390.82883,389.38364,16453.34
259.83585,47.735504,1645.6868,269.3214,69.736824,1678.2241,281.10553,35.23546,1652.862,288.02017,55.181686,1693.68,274.68695,50.844387,1661.1028,267.18472,51.002033,1642.9725,266.1439,51.816013,1646.0844,365.42184,87.282684,3863.5234,378.98013,79.08727,3853.8782,379.66992,390.2548,16531.498
280.35153,21.333792,1891.0516,281.47815,46.158756,1835.1173,286.76675,69.84596,1824.4622,319.40915,40.315594,1838.2909,257.39072,40.711315,1897.9614,292.3998,32.17522,1811.3372,304.83456,38.466785,1821.6805,362.66367,65.31807,4115.6313,395.45782,63.289875,4139.91,367.50568,422.19272,17402.643
238.62837,-8.828792,1754.011,260.88614,81.096436,1650.8761,260.742,42.811874,1647.3619,314.64612,50.751827,1694.365,244.17812,23.497074,1676.4817,233.48485,24.356287,1608.994,277.9897,34.134357,1682.3723,294.51608,57.18571,3625.7644,336.73068,115.015945,3637.025,343.25595,367.46976,14257.952
231.134,68.56513,1735.6396,244.31776,49.94999,1750.8507,265.68698,50.082035,1757.0365,258.22806,55.049053,1778.605,253.59637,45.608273,1779.3236,244.9296,44.59749,1735.4084,239.41383,51.714283,1725.7053,310.5405,78.064255,3597.208,331.5394,74.03523,3587.925,332.69202,325.72394,13870.415
216.09221,29.750648,1703.5127,224.15558,59.003952,1697.2769,223.54605,45.036682,1688.6932,240.71872,48.154987,1711.9474,217.217,45.095623,1689.7184,221.28987,43.39306,1686.585,225.90228,40.697144,1691.0857,289.71722,73.73096,3436.7703,303.32315,64.50968,3450.263,298.9209,311.46487,13137.724
194.4234,38.494167,1471.3838,221.37978,81.08234,1517.1033,206.50699,17.516315,1486.1702,220.27661,49.128597,1544.4943,225.88725,56.59806,1438.1538,192.98782,63.50236,1508.7948,188.70024,50.65763,1503.6465,298.08957,81.138985,3258.7156,286.41888,77.406685,3248.1448,315.57544,301.22647,13078.359
208.3198,31.191818,1291.185,220.01747,72.999855,1338.7683,210.17577,13.500438,1304.8213,225.55423,39.201244,1357.2886,219.49327,52.450478,1268.8851,206.25179,60.27822,1311.3375,195.21457,41.880585,1334.1919,305.24338,76.47059,3185.824,296.7818,66.31217,3178.4465,321.6287,318.22797,13863.837
216.03282,22.911383,1135.9833,221.72978,63.46089,1190.4144,200.39659,6.255523,1146.776,227.39691,25.218027,1197.2034,219.76508,49.295544,1114.7649,203.20238,60.14752,1163.3821,191.77821,39.59229,1179.7561,323.07452,70.538124,3137.155,306.7584,60.064228,3121.818,325.38705,332.08942,14721.451
203.88354,-4.085894,1069.4469,222.29279,32.76091,1075.614,201.97456,21.84286,1072.7542,221.64117,14.564719,1071.1149,209.98064,38.27398,1056.1212,225.36028,26.122341,1070.8451,202.25737,25.81957,1068.0466,315.15533,45.314777,2994.4924,294.09262,50.18295,2992.2275,319.80093,333.75214,14881.782
314.35034,6.6315875,1479.3546,338.98703,64.3583,1424.3397,337.20996,27.66685,1427.3466,324.87408,28.471792,1434.6104,308.0026,39.273064,1467.1055,350.2953,45.08967,1410.1255,339.8464,30.972874,1431.8989,417.31183,59.155186,4241.5254,412.37494,93.95291,4283.971,465.84805,491.3928,21753.53
321.39047,-15.593981,1632.1968,326.99152,33.627617,1554.8918,274.23196,41.676155,1546.3169,342.06552,-16.280416,1550.4512,282.9745,51.98572,1580.8828,331.78867,32.781727,1593.1786,317.92188,26.059189,1605.6079,474.6769,59.25116,4603.1094,444.01224,62.482044,4614.5234,456.08,524.05133,23500.238
293.8908,37.764103,1500.6698,317.05154,15.098599,1519.967,318.79492,38.922913,1562.7649,286.24454,6.419333,1524.937,322.8502,29.851664,1527.032,331.76004,23.55328,1571.1713,293.75433,13.031086,1550.5226,429.6236,59.311222,4212.1475,365.19452,97.29083,4212.362,453.67703,442.1216,21155.926
315.63068,29.750086,1597.6182,336.09686,51.32138,1635.1792,344.14102,17.019022,1644.702,317.27548,31.217886,1608.5862,351.43945,41.748657,1625.7173,351.17746,45.076694,1621.4916,327.56796,44.992092,1579.3317,456.25314,70.43748,4399.421,434.6499,98.18112,4400.1396,467.32422,469.92447,21643.807
340.60095,7.2514086,1740.6835,349.6903,60.138515,1728.4763,331.51993,35.435978,1703.7413,365.9176,28.067568,1714.6316,332.2165,51.92965,1730.5359,352.89777,48.30987,1702.4182,347.9364,47.069355,1699.1624,486.26526,76.61282,4739.427,484.7059,81.54817,4745.2617,483.58475,531.06104,23224.117
339.84772,36.419476,1732.0327,331.84268,42.564934,1742.1002,325.39362,45.241745,1721.7424,352.66052,20.344717,1743.5261,324.1781,43.775616,1745.8291,334.86316,45.7305,1732.9175,329.51035,34.89185,1745.8751,469.69888,83.238464,4669.428,458.5777,81.57678,4661.741,466.1847,506.20966,22435.71
342.88855,46.60854,1753.1237,344.08252,57.446724,1795.8363,346.38187,31.134205,1766.5077,350.71472,29.745974,1785.2048,352.94843,43.35916,1773.6835,338.9045,59.013172,1775.9506,336.53915,44.222343,1759.1727,476.00644,85.30084,4723.1885,463.59003,98.27169,4714.0376,477.4234,504.76147,22573.814
293.3097,-60.64974,1521.7097,302.25385,105.43638,1385.6312,302.30057,21.042553,1347.6895,409.53394,52.60882,1413.8065,282.71326,10.721167,1401.5231,269.51352,15.198385,1250.8639,344.68768,37.022507,1394.3219,355.8967,50.34008,3843.1748,441.7109,133.91693,3837.7258,409.0936,472.37286,17436.43
287.40973,85.03925,1616.6782,258.84674,4.3612785,1630.3673,311.10233,75.91472,1651.1105,305.29886,57.75428,1657.7462,267.31476,24.933346,1751.4529,287.83716,18.410433,1572.7075,284.21106,42.856194,1598.14,340.52985,80.81976,3686.3044,398.37848,52.83849,3660.9543,355.6046,370.49417,15342.496
308.4337,30.18292,2171.095,293.3299,29.532732,2079.1865,320.7538,85.588844,2090.5603,328.68817,47.57799,2065.545,273.14462,19.38991,2211.1548,314.09738,24.04557,2058.303,349.17975,35.40869,2039.5958,342.33777,60.642624,4281.016,403.92606,70.519325,4331.499,344.76575,412.33356,16977.473
283.2376,53.84815,2341.79,285.75046,45.757282,2283.3813,284.2934,71.519936,2299.2188,298.89047,32.14179,2295.2961,275.21063,43.84106,2337.4753,283.87576,50.82637,2319.9365,297.12845,41.735027,2298.0793,351.3388,76.11054,4489.692,364.5781,83.397156,4520.196,353.15222,381.08273,16796.434
275.22513,69.291084,2519.2925,299.1075,53.093822,2496.167,305.88593,69.738556,2519.3052,298.67468,37.523865,2491.8403,306.44647,51.79117,2531.9111,294.9917,65.67229,2523.3608,293.43057,54.931465,2467.787,355.85547,67.57825,4650.052,362.86334,94.48016,4676.26,365.12692,368.29416,16571.562
277.43124,61.34749,2611.494,289.58786,58.023388,2624.0017,280.4963,67.83734,2632.8716,288.5199,50.685425,2609.626,289.23813,67.407295,2626.2043,293.01086,73.89515,2626.0938,282.4277,66.78423,2590.9746,363.9776,82.99398,4679.2275,368.35208,72.950455,4693.1997,356.99405,344.98346,15839.321
288.4715,54.125282,2599.8796,299.6406,64.9905,2642.8176,273.0438,54.939255,2647.8098,283.8163,63.21535,2641.8552,291.4114,73.748726,2617.8872,291.62503,82.02508,2629.4229,271.23642,73.75684,2625.0806,380.01672,96.54101,4717.8096,368.716,78.528305,4716.2764,382.0205,335.5604,15849.966
313.63092,44.663143,2818.3994,323.56726,47.441406,2789.8503,304.23138,72.13935,2833.8909,315.68497,54.67931,2791.604,302.7465,65.63136,2847.4175,331.94907,65.68643,2784.9863,309.42816,68.04017,2791.6582,386.9799,82.78505,5023.393,395.1572,81.97143,5040.6196,399.9011,365.60013,16954.426
327.4485,56.060066,3151.9658,339.70065,35.88724,3096.675,319.42453,91.51864,3157.2297,329.0408,48.981304,3092.0298,318.12015,65.309296,3187.742,349.90155,65.740265,3119.5454,331.76724,70.08415,3098.0295,396.08447,78.534355,5384.369,404.88736,83.99579,5411.221,400.80975,372.05237,17531.96
327.99124,66.31161,3169.3176,342.22537,70.21716,3196.306,304.06848,67.52869,3218.3376,310.64294,68.666435,3199.7727,328.12164,85.05824,3181.5698,334.37143,92.74089,3211.0808,312.97845,84.0069,3202.886,422.9626,111.55325,5498.138,398.77216,94.33353,5500.4937,425.22104,358.3713,17639.43
341.67365,55.684525,2984.1072,360.30334,93.66316,3047.7476,310.92474,37.87437,3062.708,317.36887,78.99584,3073.1997,344.46085,94.842964,2981.3376,342.13428,104.44902,3038.7327,303.83865,88.73388,3077.0662,456.9061,129.20384,5553.889,416.42902,110.54466,5540.422,481.10165,382.06317,18867.861
318.12292,35.231205,2778.654,346.02997,86.48654,2803.7505,291.11853,40.212704,2819.9978,329.5355,64.38844,2831.711,327.50568,93.06882,2754.7537,324.71982,87.28691,2796.7417,288.3923,85.58571,2827.9631,452.50204,112.74148,5322.5693,426.86472,101.21382,5301.694,469.08316,401.43796,18797.357
329.33014,49.69515,2780.4421,375.78357,93.00584,2775.4834,351.5689,51.79688,2797.894,360.04126,66.04685,2808.6719,364.27643,81.27438,2764.2747,354.84204,84.43406,2776.0042,329.32507,77.78975,2779.2437,458.42554,99.796425,5498.5415,446.07794,124.161385,5504.6655,501.2928,455.51974,20509.213
