0,1,2,3,4,5,6,7,8,9,10,11,12,13,14,15,16,17,18,19,20,21,22,23,24,25,26,27,28,29
9.630637,9.3002405,9.783164,8.569574,8.737721,9.04994,8.433948,9.018623,9.560659,9.584302,9.1042385,9.870336,9.177918,9.25958,9.255441,9.061615,9.141205,10.393686,9.450217,8.862449,10.267819,9.128082,8.963656,9.1815195,8.830098,9.752305,9.336459,9.042539,9.473151,11.073156
11.009133,10.701496,11.182145,9.811841,9.9754095,10.279677,9.666346,10.342133,11.02048,11.010127,10.376876,11.302604,10.436676,10.609353,10.464746,10.337543,10.490258,11.837775,10.82391,10.027185,11.786726,10.436626,10.29215,10.526495,10.102768,11.162419,10.772463,10.318081,10.87798,12.771729
11.01743,10.70908,11.190683,9.819039,9.982187,10.287768,9.673975,10.350767,11.029217,11.018735,10.383874,11.3110075,10.444097,10.617727,10.471783,10.344441,10.4986515,11.84626,10.83147,10.033678,11.796332,10.4451065,10.300034,10.535175,10.110057,11.170387,10.781109,10.325585,10.88697,12.782053
11.018323,10.710021,11.191528,9.819873,9.982938,10.2885475,9.6747055,10.35158,11.030139,11.019542,10.384686,11.311981,10.444855,10.6186,10.472476,10.345282,10.49957,11.847026,10.832484,10.034443,11.797205,10.445915,10.300831,10.535954,10.110757,11.171268,10.782002,10.326395,10.887881,12.783215
11.017917,10.709627,11.191235,9.819667,9.982784,10.288207,9.67449,10.351274,11.029755,11.019338,10.384417,11.311702,10.444663,10.6182375,10.472256,10.345054,10.499388,11.846757,10.832164,10.034215,11.796952,10.445646,10.300556,10.535606,10.110517,11.171024,10.781648,10.326194,10.887624,12.782828
11.016743,10.708364,11.190057,9.818423,9.981695,10.287197,9.673513,10.350151,11.02854,11.0181875,10.3835,11.31039,10.443504,10.617112,10.471228,10.343697,10.497984,11.845657,10.830973,10.033172,11.795766,10.444542,10.299665,10.534661,10.109593,11.169787,10.780663,10.324965,10.886526,12.781421
11.017368,10.709039,11.190542,9.819008,9.981985,10.287678,9.673866,10.350657,11.02921,11.018525,10.38379,11.31091,10.443918,10.6177225,10.471506,10.344324,10.49854,11.845973,10.831535,10.033576,11.796112,10.445082,10.299934,10.535067,10.10994,11.170228,10.781114,10.325462,10.886847,12.782026
11.018151,10.709795,11.191336,9.819715,9.982807,10.288444,9.674566,10.351364,11.029885,11.019396,10.38457,11.311824,10.444722,10.618484,10.472339,10.345119,10.499383,11.846867,10.83228,10.034339,11.797098,10.445778,10.300719,10.535835,10.110598,11.171111,10.781818,10.326231,10.887741,12.782993
11.016715,10.708271,11.189883,9.818591,9.981565,10.286964,9.673445,10.349889,11.028557,11.018042,10.383205,11.310237,10.443585,10.61705,10.471024,10.343672,10.498058,11.84552,10.830987,10.033056,11.795627,10.444256,10.299301,10.534386,10.1094,11.169576,10.780392,10.325017,10.886298,12.781234
11.017982,10.709709,11.191229,9.819499,9.982657,10.288261,9.67442,10.351253,11.02984,11.01921,10.384414,11.311691,10.444531,10.618318,10.47218,10.344983,10.499232,11.84664,10.832207,10.034112,11.796878,10.445585,10.300543,10.535686,10.110487,11.17088,10.781792,10.326106,10.887607,12.782812
11.018388,10.710093,11.19157,9.81988,9.982965,10.288626,9.674754,10.3516,11.030201,11.0195675,10.384754,11.312042,10.444863,10.618685,10.47252,10.345314,10.499566,11.847047,10.832536,10.034461,11.797247,10.445995,10.300889,10.536034,10.110802,11.171311,10.782113,10.326396,10.887958,12.783255
11.017032,10.708726,11.190414,9.818923,9.982053,10.287458,9.673701,10.350522,11.0289,11.018455,10.383557,11.310742,10.443935,10.617433,10.471487,10.344221,10.498613,11.845972,10.831317,10.033566,11.796139,10.444735,10.299717,10.534789,10.109839,11.170201,10.780839,10.325424,10.886789,12.781817
11.015818,10.707605,11.189042,9.8178005,9.980881,10.286504,9.672588,10.349201,11.0275955,11.0171995,10.3826685,11.309428,10.442613,10.616474,10.47026,10.343003,10.497461,11.844514,10.83031,10.03241,11.7946615,10.443886,10.298715,10.533735,10.108612,11.168751,10.779624,10.3243685,10.885528,12.7804165
11.0167,10.708378,11.189895,9.8185215,9.981716,10.287119,9.673381,10.350161,11.028497,11.01795,10.383369,11.310241,10.443519,10.617095,10.471085,10.343702,10.497961,11.8454895,10.831004,10.033146,11.795652,10.4445,10.299542,10.534487,10.109361,11.169742,10.780294,10.324995,10.886313,12.781416
11.01837,10.710065,11.191547,9.819825,9.982954,10.288561,9.674682,10.3515835,11.030175,11.019523,10.384704,11.31199,10.444809,10.618653,10.472507,10.345292,10.499523,11.847029,10.832521,10.034437,11.797238,10.445957,10.3008795,10.536027,10.110796,11.171271,10.782113,10.3264,10.887897,12.783245
11.016932,10.7086525,11.190099,9.818474,9.981735,10.287167,9.673567,10.35018,11.028592,11.0180645,10.383233,11.310372,10.443543,10.61707,10.471087,10.3439865,10.498177,11.845544,10.831121,10.033152,11.795733,10.444611,10.299492,10.53457,10.109466,11.169873,10.780549,10.325175,10.886553,12.781519
11.017795,10.709548,11.19104,9.819386,9.982491,10.288003,9.674311,10.351025,11.029697,11.018951,10.384312,11.311491,10.444336,10.618161,10.471955,10.344742,10.498998,11.846458,10.832014,10.03401,11.796654,10.445414,10.300436,10.535559,10.110317,11.1706915,10.781604,10.325821,10.887413,12.782596
11.018348,10.710058,11.191583,9.819895,9.982971,10.288597,9.674757,10.3516,11.03017,11.019606,10.384735,11.312037,10.444876,10.6186495,10.472515,10.345327,10.499588,11.847057,10.832528,10.034464,11.797268,10.44598,10.300873,10.536025,10.110813,11.171318,10.782094,10.326414,10.887973,12.783255
11.013714,10.705777,11.187303,9.815826,9.979156,10.284576,9.671087,10.347246,11.02582,11.015115,10.380592,11.307326,10.440845,10.61433,10.4683895,10.341286,10.495142,11.842647,10.82799,10.030236,11.792554,10.441784,10.2965975,10.531703,10.107026,11.16654,10.778107,10.322303,10.883669,12.777816
11.018194,10.709913,11.19137,9.819714,9.982853,10.288394,9.674596,10.351411,11.030031,11.01933,10.384632,11.311806,10.44473,10.618474,10.472324,10.34509,10.499354,11.846896,10.832329,10.034311,11.79702,10.445745,10.300726,10.535774,10.110635,11.171171,10.781913,10.326177,10.887757,12.782989
11.01606,10.707965,11.189682,9.818415,9.981631,10.286531,9.673187,10.349807,11.027891,11.017904,10.382814,11.30991,10.443384,10.616368,10.470876,10.34367,10.498092,11.845436,10.83044,10.032927,11.795437,10.444288,10.299105,10.533838,10.1091795,11.169592,10.779891,10.3248825,10.886066,12.780845
11.01674,10.708355,11.189904,9.818196,9.981556,10.287371,9.673356,10.349982,11.028434,11.018008,10.383443,11.310356,10.443325,10.617214,10.471115,10.34378,10.497863,11.845639,10.8308,10.033127,11.795568,10.444685,10.299616,10.534607,10.109253,11.169592,10.780494,10.324912,10.886337,12.781172
11.017669,10.709374,11.190957,9.819252,9.982436,10.288009,9.674166,10.350982,11.0295105,11.0188875,10.384188,11.311331,10.444218,10.618053,10.471817,10.344674,10.498914,11.84634,10.831889,10.033844,11.796513,10.445372,10.30027,10.5353155,10.110191,11.170566,10.781443,10.325838,10.887229,12.782411
11.016978,10.708688,11.190209,9.818706,9.981793,10.287241,9.673578,10.350249,11.028903,11.018165,10.383539,11.310491,10.443767,10.617331,10.471331,10.343963,10.4981985,11.845742,10.831198,10.033296,11.795725,10.44455,10.299524,10.534585,10.109643,11.169842,10.780735,10.325187,10.886501,12.781602
11.018263,10.709964,11.19148,9.819753,9.982863,10.288509,9.674643,10.351506,11.030078,11.019465,10.384651,11.311922,10.444754,10.618546,10.472419,10.345225,10.49944,11.846948,10.832411,10.034329,11.797124,10.44589,10.300773,10.535895,10.110697,11.171154,10.781997,10.326312,10.887833,12.783116
11.017803,10.709513,11.191047,9.819428,9.982456,10.288093,9.6743,10.351118,11.0296335,11.019067,10.384255,11.311427,10.444339,10.618104,10.471956,10.344835,10.498998,11.8465395,10.831993,10.033979,11.796615,10.44553,10.300358,10.535455,10.110392,11.170708,10.781511,10.325923,10.887346,12.782589
11.0184145,10.710103,11.191588,9.819919,9.982948,10.288632,9.674765,10.35162,11.030221,11.019595,10.384755,11.312068,10.444881,10.618713,10.472539,10.345324,10.499588,11.847045,10.832559,10.034464,11.797256,10.446007,10.300894,10.536065,10.110815,11.171296,10.782105,10.326414,10.887966,12.783294
11.01694,10.708516,11.189858,9.8186,9.981712,10.2868595,9.673378,10.350179,11.028561,11.017888,10.383211,11.31029,10.443436,10.617126,10.470988,10.343826,10.49801,11.8453,10.831121,10.033036,11.795566,10.444603,10.299423,10.53445,10.109428,11.16977,10.780542,10.325039,10.886187,12.781378
11.018257,10.709989,11.19149,9.819826,9.982909,10.288518,9.674662,10.351522,11.030096,11.019485,10.384705,11.311915,10.444797,10.618574,10.472402,10.345209,10.4994755,11.847005,10.832435,10.034415,11.797145,10.445881,10.300805,10.535893,10.110716,11.171225,10.781998,10.326279,10.887839,12.783145
11.018168,10.709863,11.1913595,9.819709,9.982827,10.288399,9.674556,10.35137,11.029987,11.019364,10.384558,11.311838,10.444678,10.618502,10.472336,10.345131,10.499389,11.846842,10.832338,10.034273,11.79706,10.4457855,10.300704,10.535844,10.110632,11.1710825,10.78193,10.326235,10.887767,12.782984
11.0174675,10.709052,11.190666,9.819108,9.982131,10.287977,9.674024,10.350816,11.029211,11.018736,10.383993,11.310985,10.444161,10.617857,10.471649,10.344335,10.4986315,11.846252,10.831674,10.033822,11.7963295,10.445242,10.300108,10.535296,10.110069,11.170412,10.781046,10.3256,10.886983,12.782182
11.017839,10.709613,11.191119,9.819411,9.982528,10.288208,9.6742935,10.351105,11.029603,11.019047,10.384285,11.311456,10.444439,10.61822,10.47203,10.344862,10.499122,11.846556,10.832089,10.034069,11.79684,10.445499,10.300443,10.5356,10.110351,11.170826,10.78159,10.325948,10.887604,12.782662
11.018102,10.709836,11.191367,9.819682,9.982806,10.2883625,9.674549,10.351415,11.0299635,11.019392,10.38452,11.31182,10.444678,10.6184635,10.472295,10.345126,10.499352,11.846806,10.832333,10.034254,11.796991,10.44573,10.300637,10.535808,10.110651,11.171078,10.781903,10.326164,10.887728,12.782973
11.017858,10.709583,11.191058,9.819423,9.982521,10.288128,9.674341,10.351173,11.029709,11.019058,10.384303,11.311538,10.4444065,10.618186,10.472114,10.344844,10.499103,11.84659,10.832037,10.034056,11.796662,10.4456215,10.300484,10.535569,10.110319,11.170781,10.781623,10.325927,10.887465,12.782645
11.018103,10.709803,11.191349,9.8196945,9.98275,10.288385,9.674549,10.351397,11.029943,11.019362,10.384543,11.3117895,10.444647,10.618465,10.472262,10.345078,10.499352,11.846799,10.832323,10.034252,11.797001,10.44578,10.300663,10.535833,10.110622,11.17103,10.781869,10.326156,10.887734,12.782972
11.018164,10.709865,11.191356,9.819652,9.982776,10.288457,9.6745615,10.351417,11.029981,11.019335,10.384575,11.311806,10.444665,10.61849,10.472321,10.345098,10.499323,11.846837,10.832339,10.034268,11.797002,10.445805,10.300696,10.535862,10.110598,11.171074,10.781896,10.32619,10.887777,12.783021
11.017599,10.709254,11.190651,9.819046,9.982334,10.287715,9.673894,10.350805,11.029364,11.018538,10.383959,11.311059,10.444066,10.617853,10.471721,10.344516,10.49866,11.846175,10.831691,10.033691,11.796274,10.445124,10.300111,10.535141,10.11007,11.170463,10.781286,10.325659,10.886968,12.782204
11.01723,10.708871,11.190362,9.818854,9.9819765,10.287419,9.673805,10.350539,11.029018,11.018457,10.38362,11.310833,10.443686,10.617513,10.471469,10.344261,10.49834,11.845822,10.831342,10.03341,11.79597,10.445019,10.299882,10.534922,10.109684,11.170121,10.780974,10.325417,10.886742,12.781814
11.017674,10.709253,11.190796,9.819184,9.982397,10.287847,9.674006,10.350851,11.029343,11.018818,10.384129,11.311174,10.444149,10.617911,10.471916,10.344532,10.498696,11.846346,10.831864,10.033773,11.796525,10.445242,10.300275,10.535436,10.110168,11.170505,10.781388,10.325726,10.887201,12.782438
11.017469,10.709192,11.190733,9.819275,9.982323,10.287834,9.674037,10.350863,11.029201,11.018881,10.383955,11.311107,10.444239,10.617809,10.471743,10.344608,10.498954,11.846363,10.831715,10.033887,11.79652,10.445206,10.300118,10.535189,10.110043,11.170543,10.781118,10.325744,10.887201,12.782272
11.017635,10.709282,11.19071,9.819119,9.982327,10.287858,9.674028,10.350819,11.029439,11.018742,10.38404,11.311243,10.444112,10.617947,10.471865,10.344583,10.49871,11.846289,10.831702,10.033785,11.796338,10.445282,10.300234,10.535279,10.110029,11.170496,10.78134,10.32567,10.887078,12.7822695
11.017341,10.708991,11.190477,9.819007,9.982077,10.287717,9.6738825,10.350704,11.02912,11.018553,10.383806,11.310991,10.444032,10.617749,10.471504,10.344338,10.49862,11.8459425,10.831545,10.033575,11.796238,10.445051,10.299971,10.535108,10.109943,11.170255,10.781034,10.3254795,10.886924,12.7820425
11.017943,10.709527,11.191096,9.819429,9.982545,10.288269,9.6743355,10.3512,11.029715,11.019128,10.384375,11.311515,10.444474,10.6183195,10.472083,10.344827,10.499052,11.846637,10.832104,10.034144,11.796751,10.445568,10.300503,10.535687,10.110424,11.170826,10.781611,10.3259325,10.887429,12.782678
11.017649,10.709334,11.190855,9.819299,9.982343,10.287998,9.674128,10.350949,11.029451,11.018865,10.38409,11.311252,10.444195,10.618047,10.471863,10.344634,10.498934,11.846349,10.831753,10.033838,11.796486,10.445368,10.300255,10.5353365,10.110191,11.170534,10.781285,10.325789,10.887176,12.782377
11.017851,10.709564,11.19106,9.819543,9.9825735,10.28809,9.674346,10.351212,11.029679,11.019183,10.384268,11.311518,10.444433,10.618187,10.472031,10.344881,10.499169,11.846508,10.8320675,10.033997,11.79676,10.445543,10.300406,10.535545,10.110386,11.170849,10.781576,10.326009,10.887501,12.78265
11.017937,10.709649,11.191178,9.819443,9.982601,10.288338,9.674377,10.351162,11.02973,11.019142,10.384378,11.311597,10.444513,10.61834,10.472182,10.344904,10.499184,11.84666,10.83213,10.034138,11.796874,10.445581,10.300548,10.5357275,10.110414,11.1708765,10.78166,10.326031,10.887622,12.782748
11.01811,10.709808,11.191297,9.819698,9.982735,10.288383,9.674513,10.351337,11.029853,11.019372,10.384479,11.311706,10.44469,10.618388,10.472289,10.345058,10.499355,11.846823,10.832313,10.034315,11.797027,10.445755,10.300637,10.535825,10.110565,11.171048,10.781761,10.326194,10.887749,12.782985
11.017515,10.709289,11.190909,9.819294,9.982373,10.287859,9.674238,10.350936,11.029382,11.018991,10.384103,11.311256,10.444292,10.617884,10.47182,10.344604,10.498902,11.846378,10.831741,10.033735,11.796555,10.445177,10.300128,10.535366,10.110299,11.170573,10.781371,10.325717,10.88736,12.782289
11.017475,10.709182,11.1905985,9.819019,9.982235,10.287833,9.67393,10.350754,11.029291,11.0186615,10.383981,11.311057,10.444004,10.617904,10.471722,10.344457,10.498694,11.846163,10.831664,10.033685,11.796328,10.445211,10.300174,10.535238,10.110011,11.170469,10.781282,10.325672,10.88706,12.782158
11.018369,10.710066,11.191577,9.819865,9.982959,10.288636,9.674747,10.351584,11.030163,11.019578,10.384732,11.31204,10.444847,10.618681,10.472498,10.345323,10.499572,11.847032,10.832526,10.034435,11.797245,10.446005,10.300878,10.5360365,10.1107645,11.1712885,10.782093,10.326406,10.887993,12.783242
11.018147,10.709842,11.191399,9.819703,9.982757,10.288446,9.674541,10.3514185,11.029962,11.019375,10.384551,11.311802,10.444669,10.618464,10.472291,10.345139,10.499389,11.846834,10.832314,10.034293,11.79702,10.4458065,10.300669,10.535782,10.110592,11.171057,10.78186,10.326232,10.887711,12.783015
11.017511,10.709317,11.190754,9.819129,9.982227,10.287945,9.674102,10.350832,11.029387,11.018779,10.383983,11.311167,10.444157,10.617866,10.471683,10.3446865,10.498805,11.84619,10.831721,10.033693,11.796322,10.445236,10.299999,10.5351925,10.110077,11.170384,10.781335,10.3257,10.887197,12.782261
11.017977,10.709638,11.191189,9.819545,9.9826145,10.2883625,9.67439,10.351285,11.029778,11.019219,10.384446,11.3115835,10.444545,10.618364,10.47213,10.344905,10.499191,11.846728,10.832181,10.034196,11.796839,10.445648,10.30055,10.535708,10.110485,11.170897,10.781679,10.326045,10.887511,12.78281
11.017494,10.709194,11.19089,9.819249,9.982397,10.287837,9.674139,10.350954,11.029436,11.01893,10.384095,11.311319,10.444251,10.617871,10.472018,10.34462,10.498923,11.846427,10.831755,10.033846,11.796532,10.445318,10.30024,10.535284,10.110126,11.170584,10.781391,10.325802,10.887278,12.782386
11.01627,10.708096,11.189652,9.818533,9.981664,10.286641,9.6733055,10.349862,11.028231,11.017875,10.383047,11.310067,10.443569,10.6167755,10.470981,10.343609,10.498178,11.845358,10.83077,10.033078,11.7955475,10.444099,10.299256,10.534291,10.109332,11.169703,10.780006,10.324897,10.886333,12.781162
11.017812,10.709534,11.191073,9.819498,9.982573,10.288054,9.6742935,10.351071,11.029584,11.019095,10.384271,11.311426,10.444475,10.618058,10.472078,10.344847,10.499133,11.846659,10.832048,10.034074,11.796788,10.445471,10.300391,10.535473,10.110361,11.170788,10.781563,10.325992,10.887485,12.782628
11.016142,10.707552,11.18905,9.817968,9.981014,10.286653,9.672987,10.349064,11.027569,11.017276,10.382757,11.309701,10.442894,10.61665,10.470552,10.342999,10.497503,11.844439,10.830026,10.032414,11.794928,10.443943,10.29895,10.534056,10.1086,11.168836,10.779493,10.324225,10.885866,12.780234
11.018059,10.709717,11.191248,9.819606,9.982571,10.288329,9.6744585,10.351374,11.029893,11.01928,10.384362,11.311631,10.44457,10.618363,10.472223,10.344997,10.499194,11.846738,10.832228,10.0342245,11.796839,10.445713,10.3005,10.535798,10.110539,11.170971,10.78173,10.326104,10.88754,12.782885
11.017225,10.709035,11.190446,9.819085,9.982159,10.287479,9.673902,10.350562,11.02902,11.018463,10.383901,11.310766,10.443999,10.61751,10.471481,10.344201,10.498567,11.846135,10.8314,10.033597,11.796096,10.444984,10.299972,10.534812,10.109849,11.170294,10.780869,10.325364,10.886805,12.781907
11.0177145,10.709462,11.191032,9.819363,9.9825325,10.288003,9.674287,10.351,11.029565,11.019048,10.384291,11.311416,10.44442,10.618059,10.472044,10.344742,10.49898,11.846551,10.831939,10.033942,11.796717,10.445335,10.3003435,10.5354595,10.110357,11.170775,10.781575,10.325806,10.8874655,12.782522
11.018119,10.70979,11.191301,9.819563,9.982737,10.288443,9.6745,10.351312,11.029884,11.019295,10.384515,11.311743,10.444626,10.618452,10.47227,10.345067,10.499269,11.846805,10.832284,10.034284,11.79698,10.445717,10.30066,10.535824,10.1105585,11.171054,10.781842,10.326137,10.887698,12.78292
11.018506,10.710207,11.191713,9.819995,9.983068,10.2887335,9.674858,10.351716,11.030326,11.019709,10.3849,11.312174,10.444991,10.618796,10.472639,10.34542,10.499673,11.8472,10.832675,10.034583,11.797383,10.446089,10.301,10.536164,10.110905,11.171432,10.782231,10.326492,10.888104,12.783423
11.018059,10.7098,11.191373,9.81967,9.982712,10.28838,9.6745405,10.3513155,11.029946,11.019376,10.384538,11.3117695,10.44466,10.618379,10.472268,10.345096,10.499331,11.846853,10.83228,10.03424,11.797039,10.445677,10.300583,10.535793,10.110555,11.170969,10.78188,10.326184,10.887781,12.782948
11.018473,10.710154,11.191689,9.819979,9.983058,10.288721,9.674826,10.35169,11.030293,11.019676,10.3848505,11.312151,10.444982,10.618773,10.472616,10.345401,10.499666,11.847157,10.832666,10.034566,11.797355,10.446068,10.300954,10.536121,10.1108885,11.171404,10.782203,10.326489,10.888068,12.783387
9.634249,9.295773,9.782703,8.60141,8.806625,9.006902,8.442388,9.066189,9.583824,9.608604,9.117051,9.855059,9.1384945,9.293269,9.170312,9.056325,9.162897,10.324721,9.52826,8.855257,10.264271,9.164905,8.98207,9.147949,8.896822,9.734649,9.3783455,9.082726,9.404073,11.093956
11.011692,10.703907,11.18566,9.815298,9.978325,10.282553,9.669086,10.344936,11.023506,11.013455,10.380086,11.305721,10.43918,10.612311,10.467811,10.340717,10.4935,11.840832,10.827492,10.029716,11.789113,10.439649,10.294464,10.528877,10.106243,11.164649,10.775055,10.320574,10.880587,12.774621
11.019737,10.711584,11.193187,9.821498,9.984695,10.290342,9.676447,10.353221,11.031762,11.021074,10.386504,11.313602,10.446559,10.620235,10.474198,10.346828,10.501273,11.848596,10.834065,10.036284,11.798744,10.44757,10.302481,10.537558,10.112423,11.172736,10.783567,10.327922,10.889251,12.784399
11.020213,10.711964,11.193553,9.821796,9.984861,10.290591,9.67674,10.353546,11.0322275,11.021437,10.386587,11.313949,10.446761,10.620541,10.474543,10.347298,10.501429,11.848943,10.834475,10.036459,11.799177,10.447759,10.302686,10.538003,10.112703,11.173052,10.784048,10.328366,10.889666,12.784826
11.02119,10.712963,11.194547,9.822685,9.985817,10.291598,9.677546,10.354483,11.033166,11.022373,10.387648,11.315013,10.447686,10.6215725,10.475454,10.34814,10.502448,11.849989,10.83538,10.037333,11.800204,10.448761,10.303709,10.53892,10.113573,11.174133,10.784985,10.329158,10.89066,12.786003
11.021101,10.71284,11.194437,9.822637,9.985729,10.291518,9.677469,10.354366,11.03303,11.02234,10.387565,11.314881,10.4476,10.621459,10.475389,10.34803,10.502341,11.849945,10.835254,10.03728,11.800151,10.448667,10.303627,10.538856,10.113462,11.174021,10.784894,10.329051,10.890589,12.785878
11.020675,10.7124,11.194069,9.822254,9.985421,10.291091,9.67719,10.353956,11.032601,11.021936,10.387168,11.314497,10.44722,10.621066,10.475019,10.347664,10.501914,11.849484,10.834828,10.036843,11.799717,10.448318,10.303234,10.538475,10.113138,11.173607,10.784492,10.328716,10.890174,12.785369
11.018439,10.710349,11.191881,9.820324,9.983602,10.288894,9.675438,10.351858,11.030412,11.019692,10.385266,11.312128,10.445395,10.618862,10.473107,10.345489,10.499807,11.847409,10.832717,10.035026,11.797566,10.446281,10.301509,10.536373,10.111258,11.171509,10.782312,10.326695,10.888036,12.782753
11.020855,10.712552,11.19414,9.822362,9.985394,10.291236,9.677197,10.354087,11.032805,11.02199,10.387243,11.314548,10.4473095,10.621215,10.475091,10.347721,10.502036,11.849623,10.835001,10.037027,11.799788,10.448363,10.303297,10.538579,10.113217,11.173656,10.7846155,10.328777,10.890232,12.785519
11.01957,10.711337,11.1929035,9.821409,9.984463,10.290159,9.676234,10.352928,11.031373,11.020959,10.386131,11.313269,10.446237,10.620074,10.473917,10.346617,10.500979,11.848333,10.833693,10.035905,11.79861,10.447382,10.302278,10.537435,10.112105,11.172489,10.783296,10.327719,10.889137,12.784013
11.020616,10.71244,11.193988,9.822264,9.985314,10.2910795,9.677114,10.353997,11.032612,11.021842,10.3871,11.314363,10.44726,10.621013,10.474862,10.347601,10.501954,11.849486,10.834875,10.036889,11.799616,10.448191,10.30311,10.538365,10.113101,11.173545,10.784398,10.328664,10.890105,12.785366
11.020652,10.712414,11.193994,9.822216,9.985473,10.291097,9.677107,10.354023,11.03265,11.021789,10.3872,11.314383,10.447277,10.6211195,10.474913,10.347548,10.50192,11.849484,10.83491,10.036993,11.79966,10.448248,10.303321,10.538372,10.113135,11.173632,10.784429,10.328694,10.8900385,12.785369
11.019549,10.7112665,11.19279,9.821176,9.984325,10.289867,9.676179,10.352774,11.031361,11.02063,10.385955,11.313171,10.446022,10.619756,10.473881,10.346591,10.500787,11.848109,10.833669,10.035792,11.798358,10.447281,10.302112,10.537246,10.111992,11.172319,10.783268,10.3277645,10.88889,12.783912
11.020449,10.712278,11.193833,9.822094,9.985167,10.290871,9.676984,10.353802,11.032448,11.021755,10.386941,11.314228,10.447022,10.62083,10.474758,10.347494,10.501823,11.84931,10.834673,10.036666,11.799476,10.448057,10.303047,10.538223,10.112954,11.173357,10.784267,10.328565,10.890006,12.785151
11.020463,10.712179,11.193885,9.821987,9.985253,10.290909,9.676867,10.353766,11.032462,11.021614,10.386951,11.3142395,10.447052,10.620918,10.474847,10.347478,10.501692,11.849308,10.834772,10.036755,11.799549,10.448021,10.303065,10.538283,10.113015,11.173418,10.784339,10.328553,10.889948,12.785148
11.020798,10.712567,11.194131,9.822341,9.985466,10.291219,9.677221,10.354123,11.0327635,11.022031,10.387259,11.3145895,10.447345,10.621158,10.475055,10.347787,10.502032,11.849588,10.834975,10.036988,11.799771,10.448394,10.30332,10.538517,10.113194,11.173699,10.784557,10.328831,10.890204,12.78553
11.020274,10.712044,11.193632,9.82194,9.985005,10.290703,9.676871,10.353688,11.032296,11.021611,10.386777,11.314103,10.446851,10.620674,10.474619,10.347346,10.501494,11.848968,10.834542,10.036457,11.79926,10.447917,10.302796,10.538098,10.112776,11.173201,10.784143,10.328439,10.889751,12.784895
11.020478,10.712243,11.193859,9.822098,9.985095,10.290952,9.676953,10.353876,11.032462,11.021729,10.386833,11.314149,10.447032,10.620845,10.474739,10.347494,10.501687,11.849342,10.834663,10.036719,11.799393,10.448083,10.302899,10.538203,10.113006,11.17331,10.784267,10.32856,10.88984,12.7851
11.019804,10.711657,11.19324,9.821528,9.984822,10.290429,9.676523,10.353272,11.031753,11.021166,10.386373,11.313704,10.446702,10.620364,10.474328,10.347054,10.501341,11.848734,10.83411,10.03637,11.799054,10.447482,10.302566,10.537726,10.112546,11.173031,10.783725,10.328095,10.8894825,12.784472
11.018004,10.7099495,11.19141,9.819612,9.983023,10.288785,9.674918,10.351258,11.0301895,11.018979,10.384949,11.31179,10.444725,10.618577,10.472423,10.345169,10.499587,11.846753,10.832339,10.03455,11.7968645,10.445671,10.300956,10.536025,10.110819,11.170759,10.782129,10.326483,10.887644,12.782128
11.0213375,10.7130995,11.194699,9.822825,9.985946,10.291712,9.677678,10.354612,11.033303,11.022529,10.387774,11.315151,10.447825,10.621687,10.47559,10.34826,10.502579,11.850158,10.835529,10.03747,11.800357,10.448884,10.30384,10.539046,10.113698,11.174274,10.785119,10.329291,10.8907995,12.786184
11.019651,10.711443,11.193025,9.8213005,9.984618,10.290391,9.676263,10.353199,11.031689,11.020844,10.38645,11.313468,10.446446,10.620222,10.474016,10.346802,10.50106,11.848422,10.834122,10.036105,11.7986,10.447429,10.302312,10.53746,10.112444,11.1727705,10.783638,10.327924,10.889205,12.784249
11.020983,10.712716,11.194324,9.822525,9.985602,10.291396,9.677385,10.354255,11.032942,11.02218,10.3874235,11.314781,10.4474745,10.621355,10.475254,10.347934,10.502187,11.84974,10.835174,10.037154,11.799948,10.448561,10.303474,10.538709,10.113367,11.173868,10.784763,10.328959,10.890406,12.785716
11.020815,10.712546,11.194069,9.822448,9.985476,10.291223,9.677228,10.354143,11.032737,11.021991,10.38726,11.314566,10.447406,10.621191,10.475093,10.347771,10.502117,11.849591,10.835007,10.037064,11.799778,10.448403,10.30328,10.538527,10.113207,11.173764,10.7845335,10.328802,10.890265,12.785501
11.019798,10.711481,11.192908,9.821437,9.984592,10.2901745,9.676289,10.353289,11.03164,11.020891,10.386348,11.313412,10.446406,10.620241,10.473997,10.346722,10.501092,11.848383,10.834046,10.036107,11.79863,10.4474325,10.302351,10.537486,10.112355,11.172654,10.783542,10.327799,10.889199,12.784258
11.020693,10.712483,11.194006,9.822296,9.985389,10.291045,9.677169,10.354063,11.032632,11.021963,10.38714,11.314482,10.447217,10.621087,10.474979,10.347669,10.501996,11.849506,10.834869,10.036895,11.799682,10.448411,10.3032875,10.538485,10.113128,11.173641,10.784474,10.328713,10.890179,12.785461
11.020971,10.71273,11.1943445,9.82253,9.985677,10.291368,9.6773815,10.35427,11.032974,11.022206,10.387491,11.314807,10.447517,10.621361,10.4753,10.347942,10.502202,11.849823,10.835158,10.037157,11.799988,10.448557,10.303539,10.5387335,10.113405,11.1739025,10.784789,10.328961,10.890435,12.78577
11.020423,10.712172,11.1937475,9.821996,9.985201,10.290901,9.67686,10.3537855,11.032436,11.021624,10.386914,11.314168,10.447003,10.620881,10.474747,10.34739,10.501661,11.849261,10.834637,10.036706,11.799406,10.447999,10.3029785,10.538198,10.112934,11.173352,10.784363,10.328429,10.889859,12.785032
11.020845,10.712612,11.19416,9.82239,9.985503,10.291321,9.67728,10.354103,11.032767,11.021999,10.387346,11.314641,10.447396,10.621268,10.475135,10.347779,10.502139,11.849571,10.835032,10.037029,11.799835,10.448447,10.303395,10.538653,10.113243,11.173764,10.7846155,10.328824,10.890381,12.785588
11.02023,10.712066,11.193646,9.821835,9.985125,10.290646,9.676768,10.353606,11.032261,11.021417,10.386831,11.314109,10.446875,10.620692,10.474567,10.347275,10.501587,11.849041,10.834418,10.036493,11.799261,10.447842,10.302952,10.537991,10.112789,11.173102,10.78413,10.328321,10.889677,12.784871
11.020753,10.712471,11.194038,9.822343,9.985538,10.291183,9.677185,10.354101,11.032739,11.021901,10.387178,11.314539,10.447329,10.621199,10.475094,10.347691,10.50203,11.849548,10.834996,10.036985,11.799784,10.448392,10.30333,10.53855,10.113251,11.173714,10.784559,10.328835,10.890205,12.785484
11.02074,10.712534,11.194199,9.822364,9.985482,10.291255,9.677222,10.354168,11.032766,11.022062,10.38724,11.314587,10.44736,10.62115,10.47512,10.347778,10.502168,11.84966,10.834977,10.037057,11.799807,10.448379,10.303302,10.538533,10.113262,11.173757,10.784621,10.328856,10.890275,12.785579
11.020255,10.7120075,11.193519,9.821918,9.9848385,10.290784,9.676704,10.353573,11.032145,11.021429,10.386765,11.313869,10.446869,10.620707,10.474509,10.347181,10.501569,11.84908,10.8344555,10.036624,11.799261,10.447777,10.302751,10.5381365,10.11273,11.173061,10.783981,10.328205,10.889798,12.78491
11.020176,10.711939,11.1934805,9.822071,9.985024,10.290636,9.676797,10.353599,11.032043,11.021507,10.386746,11.313964,10.446909,10.620619,10.474516,10.347265,10.501696,11.849004,10.834407,10.03652,11.799226,10.447949,10.302801,10.537949,10.112715,11.173143,10.783814,10.32836,10.889717,12.784837
11.020613,10.712321,11.193879,9.822142,9.985243,10.290985,9.67697,10.353853,11.032467,11.0217705,10.387004,11.314253,10.44711,10.620896,10.474857,10.347584,10.501783,11.849367,10.8347845,10.036826,11.799562,10.448114,10.3030615,10.538293,10.112978,11.173487,10.784327,10.328624,10.890019,12.785253
11.021107,10.712795,11.194395,9.822563,9.985689,10.291549,9.677439,10.354366,11.033009,11.0222845,10.387556,11.314852,10.447578,10.621483,10.475365,10.348002,10.502288,11.849915,10.835252,10.037282,11.800063,10.448662,10.303618,10.538861,10.113442,11.174006,10.784834,10.329038,10.890509,12.7858515
11.020392,10.712122,11.193852,9.822017,9.98527,10.290903,9.676913,10.353806,11.032384,11.021694,10.386898,11.31423,10.447034,10.62086,10.474817,10.347392,10.501753,11.849307,10.834581,10.036712,11.799478,10.448009,10.30301,10.538252,10.112984,11.173419,10.784341,10.328499,10.889935,12.785088
11.020128,10.711932,11.193466,9.821669,9.984902,10.290546,9.676608,10.353539,11.032191,11.021373,10.386549,11.313954,10.446662,10.620548,10.474468,10.347256,10.501427,11.848871,10.834314,10.036374,11.799018,10.447789,10.30275,10.537949,10.112631,11.172979,10.784016,10.328257,10.889543,12.784823
11.021009,10.712717,11.194332,9.822441,9.985635,10.291434,9.677381,10.354246,11.032936,11.022168,10.387391,11.31478,10.447455,10.621353,10.475245,10.347948,10.502178,11.849762,10.835163,10.037126,11.799986,10.44858,10.303501,10.53873,10.113344,11.173886,10.784811,10.329002,10.890461,12.785727
11.020765,10.712469,11.194036,9.822383,9.985356,10.291176,9.677218,10.354012,11.032673,11.021924,10.387136,11.314496,10.447286,10.621078,10.474995,10.347753,10.502032,11.849483,10.83494,10.036927,11.799704,10.448336,10.303162,10.538452,10.113137,11.173574,10.784448,10.328812,10.890198,12.785416
11.020695,10.712478,11.194023,9.822241,9.985341,10.291112,9.677139,10.353949,11.03264,11.021845,10.387109,11.314447,10.4472,10.621043,10.474952,10.347687,10.501847,11.849442,10.834904,10.0368805,11.79966,10.448307,10.3032055,10.538437,10.113077,11.173598,10.784543,10.328732,10.890119,12.7854
11.0205145,10.71231,11.193925,9.822119,9.9851885,10.290991,9.677023,10.3538265,11.032544,11.021825,10.387016,11.314353,10.447075,10.620957,10.474818,10.347608,10.5017,11.849345,10.834718,10.036715,11.799589,10.448151,10.303039,10.538337,10.112959,11.173356,10.78443,10.328579,10.890045,12.78524
11.021011,10.71276,11.194358,9.822545,9.985699,10.291422,9.67738,10.354328,11.032978,11.022241,10.38745,11.314813,10.447546,10.621402,10.47531,10.347959,10.502305,11.849832,10.835238,10.037239,11.800052,10.44858,10.303536,10.538758,10.113401,11.173965,10.784837,10.329022,10.890502,12.785835
11.020152,10.7119055,11.193384,9.8216715,9.984746,10.290587,9.676602,10.353378,11.032018,11.0212555,10.386527,11.313758,10.446631,10.620459,10.474354,10.347125,10.501281,11.84889,10.834285,10.036317,11.799065,10.447662,10.3026,10.537899,10.112552,11.172875,10.783925,10.328139,10.889587,12.784709
11.021166,10.712895,11.194517,9.822668,9.985798,10.2915745,9.67755,10.354436,11.033119,11.022389,10.387595,11.314979,10.447656,10.621524,10.4754095,10.348123,10.502382,11.849981,10.835349,10.037298,11.800182,10.448739,10.303652,10.538888,10.1135235,11.174076,10.784953,10.329144,10.890629,12.785959
11.020556,10.712375,11.193958,9.822162,9.985331,10.291043,9.677083,10.353962,11.032553,11.021846,10.387098,11.3144045,10.447153,10.620969,10.474903,10.347593,10.501938,11.849386,10.834829,10.036863,11.799598,10.448237,10.30319,10.538375,10.11306,11.1735325,10.784412,10.328678,10.890064,12.785335
11.020308,10.712028,11.19364,9.8218975,9.985083,10.290811,9.676795,10.353718,11.03235,11.02149,10.386806,11.31402,10.446947,10.620826,10.474585,10.347206,10.501556,11.849145,10.834571,10.036678,11.7992,10.447907,10.302921,10.538078,10.1128845,11.173199,10.784129,10.328342,10.889612,12.784913
11.018447,10.710341,11.191801,9.820503,9.983374,10.289173,9.6754265,10.351925,11.030625,11.020012,10.385314,11.312171,10.44543,10.619118,10.472882,10.345534,10.499998,11.847199,10.8330145,10.03507,11.797329,10.446388,10.301251,10.536496,10.111259,11.171308,10.782365,10.326829,10.888069,12.78301
11.0206,10.712392,11.193922,9.8221655,9.985274,10.290979,9.676988,10.353975,11.032555,11.021805,10.38694,11.314301,10.447108,10.620969,10.4748535,10.347659,10.501863,11.849403,10.834774,10.036829,11.799515,10.44817,10.303069,10.538247,10.11309,11.173501,10.784373,10.328696,10.889968,12.785296
11.020823,10.712552,11.194186,9.822348,9.985497,10.291184,9.677284,10.354084,11.032805,11.02208,10.387294,11.314657,10.447347,10.6212015,10.47513,10.347776,10.502012,11.849619,10.834991,10.036972,11.799836,10.448382,10.303401,10.538601,10.113284,11.173703,10.784669,10.328804,10.890298,12.785513
11.021346,10.713103,11.194705,9.822841,9.985926,10.29173,9.677693,10.354615,11.033325,11.022554,10.387769,11.315166,10.447829,10.621701,10.475594,10.348271,10.502578,11.850175,10.835529,10.03747,11.800357,10.448888,10.303827,10.539066,10.113708,11.174266,10.785126,10.329287,10.890803,12.786189
11.019519,10.711373,11.192931,9.82126,9.984378,10.290106,9.676179,10.352881,11.03148,11.020808,10.386214,11.313274,10.446268,10.619903,10.474027,10.34664,10.500917,11.848469,10.83377,10.035953,11.798551,10.447157,10.302173,10.537398,10.112129,11.172448,10.783416,10.327672,10.889147,12.784039
11.020649,10.712401,11.194018,9.822303,9.985433,10.291125,9.6771345,10.354019,11.032611,11.021869,10.38722,11.314418,10.44727,10.621087,10.474942,10.347602,10.501966,11.849497,10.834907,10.036934,11.799682,10.4483185,10.303272,10.538383,10.113139,11.173623,10.784424,10.32872,10.890095,12.785391
11.019814,10.711642,11.193188,9.82165,9.98467,10.290306,9.67642,10.353188,11.031798,11.021206,10.386357,11.313575,10.446597,10.620169,10.4741955,10.347001,10.501138,11.848698,10.834041,10.036222,11.798836,10.447435,10.3023,10.537494,10.11237,11.1727705,10.783651,10.327933,10.889338,12.784387
11.020481,10.712234,11.193711,9.821988,9.985198,10.290831,9.676949,10.35373,11.032448,11.021585,10.386931,11.314195,10.446983,10.620864,10.474715,10.347354,10.501624,11.849164,10.834649,10.036714,11.799366,10.44804,10.303109,10.538186,10.112867,11.173383,10.784257,10.3284235,10.889843,12.785094
11.020772,10.712489,11.194056,9.822307,9.985465,10.291148,9.677161,10.354015,11.032766,11.02191,10.38726,11.314494,10.447287,10.621191,10.475033,10.347623,10.501978,11.849554,10.835011,10.036947,11.799724,10.448346,10.303318,10.538535,10.113181,11.173639,10.784613,10.328745,10.890205,12.785484
11.020644,10.712434,11.193989,9.822225,9.985371,10.29103,9.677065,10.354003,11.032595,11.021887,10.387066,11.314399,10.447227,10.621001,10.474942,10.347665,10.501915,11.849521,10.834754,10.036848,11.799635,10.448262,10.303194,10.538359,10.113148,11.173542,10.784404,10.328697,10.890034,12.785362
11.019008,10.710849,11.192307,9.820994,9.984145,10.289467,9.675798,10.352778,11.030879,11.020472,10.385574,11.312696,10.445893,10.619415,10.473338,10.346325,10.500674,11.847824,10.833335,10.035579,11.797925,10.44675,10.301627,10.536695,10.111895,11.172076,10.78272,10.327349,10.888524,12.7834835
11.021099,10.71283,11.194466,9.822636,9.985704,10.291543,9.677488,10.354438,11.033068,11.022364,10.387525,11.314865,10.447635,10.62146,10.475358,10.348031,10.502353,11.849981,10.83528,10.037291,11.800102,10.448691,10.303598,10.53886,10.113523,11.1740465,10.784837,10.3291025,10.890537,12.785889
11.0211,10.712843,11.194431,9.822652,9.985722,10.291507,9.677477,10.35439,11.033043,11.022329,10.387536,11.314881,10.4476185,10.6214485,10.4753895,10.348041,10.502391,11.849951,10.835267,10.037282,11.800115,10.448668,10.303622,10.53884,10.113472,11.174028,10.784828,10.329091,10.890564,12.785902
11.020901,10.712692,11.194302,9.822412,9.985563,10.291359,9.677345,10.354257,11.032941,11.022161,10.387355,11.314776,10.447453,10.621315,10.475204,10.347912,10.502215,11.849703,10.835143,10.037093,11.799878,10.44855,10.30345,10.538653,10.113371,11.173829,10.784728,10.328953,10.890374,12.785667
11.020214,10.711995,11.193529,9.821797,9.984968,10.290763,9.676708,10.353463,11.032048,11.021403,10.386702,11.313957,10.446825,10.620586,10.474522,10.347279,10.501485,11.848969,10.834336,10.036475,11.799219,10.4478655,10.302786,10.53796,10.112634,11.173157,10.783977,10.328296,10.889681,12.784768
11.020873,10.712588,11.194145,9.822332,9.985489,10.291265,9.677207,10.354139,11.032779,11.022014,10.387283,11.314565,10.447333,10.621247,10.475115,10.347769,10.502036,11.849605,10.83503,10.03701,11.799792,10.448425,10.303373,10.538581,10.113241,11.173787,10.784635,10.328837,10.890265,12.785583
11.020087,10.7117605,11.193625,9.821861,9.984775,10.290838,9.676793,10.353779,11.032222,11.021661,10.386504,11.313824,10.446964,10.620515,10.474515,10.34713,10.501468,11.849162,10.834356,10.03656,11.7991,10.447992,10.302625,10.53811,10.112936,11.1731825,10.783732,10.328331,10.889529,12.78475
8.970085,8.720357,9.182731,7.9974155,8.153383,8.46562,7.934525,8.475761,9.003322,9.030243,8.549667,9.231921,8.568274,8.6495,8.612681,8.532991,8.645561,9.69613,8.865405,8.313031,9.562041,8.482073,8.348339,8.5710125,8.329238,9.074987,8.784883,8.539036,8.838008,10.416489
11.000811,10.695752,11.175497,9.805743,9.969488,10.274975,9.661296,10.335094,11.01416,11.003878,10.372778,11.295693,10.429817,10.6022625,10.45965,10.332052,10.485401,11.831138,10.817673,10.021988,11.777709,10.430497,10.287002,10.520459,10.097444,11.154145,10.76528,10.31256,10.870596,12.762611
11.022329,10.714252,11.195956,9.8240185,9.987251,10.293155,9.678948,10.355766,11.0346575,11.023576,10.389153,11.316259,10.449038,10.622867,10.47701,10.349437,10.503727,11.851494,10.836572,10.038872,11.801396,10.449975,10.305088,10.54024,10.114881,11.175271,10.7862835,10.330495,10.891586,12.7868595
11.022976,10.714903,11.1964445,9.824571,9.987774,10.293631,9.679444,10.356462,11.0351095,11.024224,10.389509,11.316896,10.449575,10.623447,10.477385,10.350028,10.50436,11.851911,10.837184,10.039239,11.802076,10.450645,10.305536,10.540815,10.115429,11.175932,10.786889,10.330997,10.892305,12.787643
11.022121,10.713987,11.1954775,9.823754,9.987003,10.292626,9.678593,10.355517,11.03418,11.023246,10.388598,11.315996,10.44872,10.6227045,10.476571,10.349246,10.5034275,11.8509445,10.83617,10.038391,11.801158,10.449757,10.304731,10.53999,10.114657,11.174946,10.786072,10.330185,10.891385,12.7864895
11.020227,10.712327,11.193567,9.822355,9.98504,10.291276,9.67726,10.353687,11.032441,11.021623,10.3871975,11.313907,10.446944,10.6207905,10.47503,10.347553,10.501766,11.849207,10.834782,10.03691,11.799259,10.448581,10.303285,10.538718,10.112917,11.173089,10.784356,10.328798,10.889818,12.784857
11.023572,10.7154,11.197007,9.825064,9.988254,10.29408,9.679964,10.3569145,11.035684,11.024754,10.390085,11.317483,10.450098,10.623937,10.477909,10.350504,10.504869,11.852439,10.837736,10.039761,11.802639,10.451085,10.3060665,10.541312,10.115904,11.176476,10.787401,10.331505,10.8928795,12.788265
11.023305,10.715176,11.196795,9.824935,9.987954,10.293905,9.67977,10.35674,11.03545,11.024567,10.389826,11.317167,10.449943,10.623718,10.477678,10.3503,10.50473,11.852293,10.837545,10.039609,11.802426,10.450838,10.305787,10.541133,10.115767,11.176188,10.787076,10.331321,10.892662,12.788023
11.0214615,10.713292,11.194872,9.823659,9.986365,10.292169,9.678396,10.355053,11.033574,11.022933,10.388327,11.315177,10.448508,10.621827,10.4761,10.348596,10.503168,11.85064,10.835832,10.038101,11.800544,10.449129,10.304113,10.539527,10.114364,11.174388,10.785041,10.329791,10.890989,12.785908
11.023445,10.715259,11.196838,9.824957,9.988079,10.293931,9.679838,10.356724,11.035522,11.024559,10.389885,11.3172865,10.4499035,10.623806,10.477857,10.35035,10.504644,11.852294,10.837607,10.039636,11.802465,10.450958,10.305935,10.541198,10.115763,11.176344,10.787255,10.33135,10.892739,12.788036
11.021177,10.713091,11.194699,9.823121,9.986271,10.292098,9.678234,10.354643,11.03337,11.022512,10.388263,11.3152,10.448213,10.621909,10.475653,10.348197,10.502878,11.850163,10.835577,10.037841,11.800228,10.449031,10.303996,10.539169,10.113803,11.174011,10.785173,10.329446,10.890783,12.785484
11.023319,10.715142,11.196799,9.824938,9.987989,10.293898,9.679752,10.3567,11.035402,11.024568,10.389837,11.317146,10.449853,10.623733,10.477734,10.350278,10.504644,11.852321,10.837594,10.0395975,11.802433,10.450948,10.305876,10.541159,10.115757,11.1762295,10.787181,10.331333,10.892676,12.788019
11.022478,10.714261,11.196058,9.8244505,9.987458,10.293232,9.679198,10.356072,11.034536,11.023919,10.389192,11.316348,10.449211,10.623059,10.476932,10.349586,10.504072,11.851594,10.836829,10.038997,11.801639,10.450317,10.305178,10.540263,10.115182,11.175456,10.786302,10.330707,10.891866,12.787054
11.018695,10.710884,11.192343,9.821053,9.984337,10.289599,9.676143,10.352347,11.03131,11.019963,10.386157,11.313281,10.445751,10.619761,10.47374,10.346229,10.500713,11.84745,10.8330965,10.03557,11.797932,10.4468775,10.30212,10.537069,10.111916,11.171695,10.783174,10.327121,10.888595,12.782734
11.019339,10.711565,11.192709,9.8214245,9.984555,10.290445,9.676375,10.353119,11.0315,11.020747,10.386308,11.312957,10.446233,10.620062,10.474097,10.346716,10.501404,11.848183,10.833672,10.03617,11.798231,10.447489,10.302297,10.537556,10.112249,11.172375,10.783389,10.328007,10.888978,12.783522
11.02335,10.715239,11.196834,9.824962,9.988072,10.29389,9.679815,10.356771,11.035472,11.024663,10.389866,11.317301,10.449904,10.623795,10.477752,10.350356,10.504755,11.852324,10.837528,10.039602,11.80252,10.451011,10.305962,10.541182,10.115805,11.17632,10.787208,10.331327,10.89274,12.788071
11.022496,10.714263,11.195768,9.824229,9.987258,10.292941,9.679085,10.355718,11.034616,11.023542,10.389058,11.316158,10.449075,10.622848,10.476912,10.349307,10.5036545,11.85142,10.836553,10.038819,11.801367,10.450014,10.305099,10.540215,10.114889,11.175362,10.7861395,10.3304205,10.891587,12.786823
11.023527,10.715326,11.197104,9.825085,9.9882965,10.294142,9.679915,10.356949,11.035675,11.024766,10.390043,11.317511,10.450078,10.624001,10.477983,10.350506,10.504904,11.852513,10.837756,10.0398245,11.802717,10.451113,10.306084,10.54135,10.11593,11.176486,10.787478,10.331532,10.892875,12.7883
11.023441,10.715232,11.196935,9.824965,9.98814,10.293976,9.679888,10.356715,11.03559,11.02461,10.390021,11.317335,10.449954,10.62382,10.477886,10.350329,10.504711,11.85244,10.837612,10.039647,11.802553,10.450959,10.306047,10.5412445,10.115837,11.17633,10.787308,10.331388,10.892756,12.78805
11.02214,10.713872,11.195521,9.823705,9.987089,10.292874,9.678597,10.355449,11.034071,11.023327,10.388828,11.31593,10.448763,10.622785,10.476683,10.349058,10.503408,11.851013,10.836343,10.038644,11.801178,10.449838,10.304911,10.540076,10.11468,11.174963,10.785962,10.330201,10.891281,12.786526
11.023899,10.715703,11.197387,9.8253975,9.988549,10.294405,9.680236,10.357222,11.035999,11.025118,10.390356,11.317846,10.450369,10.624287,10.478296,10.350837,10.505154,11.852845,10.838074,10.040062,11.803038,10.451422,10.306401,10.541675,10.116214,11.176834,10.787756,10.331803,10.893225,12.788656
11.023129,10.7149105,11.196593,9.824671,9.988024,10.29368,9.679523,10.35655,11.035256,11.024257,10.389606,11.317028,10.4496975,10.623613,10.477576,10.350109,10.50448,11.852049,10.837372,10.039409,11.802304,10.450693,10.305733,10.54092,10.115584,11.176084,10.787023,10.331217,10.892429,12.787689
11.023067,10.71495,11.196656,9.824696,9.9879675,10.293758,9.679584,10.356483,11.035153,11.024301,10.38973,11.317013,10.449776,10.623633,10.477565,10.35008,10.504486,11.852099,10.837354,10.039473,11.802291,10.4507265,10.305795,10.540942,10.1156,11.176048,10.786908,10.331113,10.892457,12.787741
11.023511,10.715326,11.197005,9.825127,9.988265,10.294109,9.679946,10.356905,11.03561,11.024727,10.390036,11.317459,10.45013,10.623986,10.477952,10.350475,10.504913,11.852449,10.837779,10.0398035,11.802674,10.451096,10.30605,10.541338,10.11591,11.176471,10.787336,10.331502,10.892888,12.788239
11.022366,10.714064,11.196015,9.82415,9.987109,10.293178,9.679113,10.355927,11.034516,11.023772,10.38897,11.316144,10.449126,10.622809,10.476859,10.349381,10.5037155,11.851552,10.83666,10.038792,11.801374,10.450153,10.304958,10.540304,10.115256,11.175245,10.786136,10.330585,10.891617,12.786846
11.0237255,10.715501,11.197228,9.825298,9.988393,10.294297,9.680143,10.357058,11.035838,11.024952,10.390268,11.317663,10.450262,10.624145,10.478141,10.35066,10.505035,11.852704,10.837963,10.039924,11.802865,10.4512825,10.306244,10.541531,10.116106,11.176672,10.787567,10.331686,10.893085,12.788458
11.023363,10.715147,11.196797,9.824839,9.988013,10.293893,9.679721,10.356671,11.035453,11.024503,10.389812,11.317201,10.449828,10.623758,10.477788,10.350298,10.504604,11.852311,10.837486,10.039562,11.802397,10.450868,10.3058605,10.541149,10.115748,11.176193,10.787202,10.33131,10.892584,12.787958
11.023405,10.71521,11.196908,9.825038,9.988144,10.294004,9.679849,10.356794,11.035504,11.024597,10.390023,11.317263,10.450015,10.623832,10.477816,10.350328,10.504705,11.852396,10.837653,10.039706,11.802502,10.450997,10.305984,10.54118,10.115816,11.176361,10.787218,10.33139,10.892674,12.788101
11.023361,10.715108,11.19684,9.82499,9.987979,10.293963,9.67983,10.35672,11.035481,11.024548,10.389973,11.317125,10.449918,10.62372,10.477727,10.350251,10.504549,11.852334,10.837656,10.039604,11.802367,10.450974,10.305899,10.541186,10.115834,11.176328,10.787147,10.331359,10.892576,12.788044
11.021658,10.713537,11.195151,9.823552,9.986422,10.292348,9.678315,10.355114,11.033839,11.022819,10.388338,11.315182,10.448284,10.622191,10.476115,10.348715,10.502932,11.850807,10.835941,10.038127,11.800397,10.449401,10.304243,10.539388,10.114516,11.174382,10.785474,10.329882,10.890637,12.786001
11.021281,10.713287,11.194679,9.823435,9.986358,10.291973,9.678255,10.354876,11.033527,11.022502,10.388058,11.315006,10.448237,10.621808,10.475875,10.348437,10.502651,11.850187,10.83556,10.037952,11.800163,10.449141,10.304037,10.538964,10.114026,11.174382,10.785197,10.329552,10.890538,12.785702
11.019423,10.711571,11.192798,9.821836,9.984894,10.289885,9.6765995,10.353219,11.031973,11.020293,10.3866625,11.313273,10.446435,10.62004,10.474421,10.346626,10.500807,11.84851,10.833557,10.036247,11.797996,10.447196,10.302673,10.537511,10.112205,11.172453,10.783327,10.327626,10.88865,12.783718
11.018386,10.710669,11.191817,9.820997,9.983725,10.289009,9.675743,10.351555,11.031295,11.019051,10.385961,11.311528,10.445753,10.618789,10.473579,10.345335,10.499144,11.847811,10.832481,10.035412,11.796926,10.445697,10.301496,10.535991,10.111237,11.171603,10.782187,10.326409,10.887202,12.782188
11.023405,10.715192,11.196866,9.824985,9.988108,10.293887,9.679838,10.356669,11.035555,11.02449,10.389975,11.3172455,10.449958,10.62378,10.477823,10.350266,10.504635,11.852325,10.837536,10.039629,11.802446,10.450821,10.305926,10.541113,10.115733,11.17634,10.787174,10.331314,10.892658,12.787964
11.023791,10.715594,11.197262,9.825339,9.988445,10.294318,9.680144,10.357101,11.03589,11.02496,10.390267,11.317721,10.450301,10.624214,10.478192,10.35071,10.505062,11.852727,10.837982,10.039998,11.802923,10.451321,10.306288,10.541581,10.116105,11.176741,10.787624,10.3316965,10.893097,12.788525
11.023434,10.715239,11.196979,9.825069,9.988223,10.293983,9.679902,10.356794,11.035574,11.0247135,10.3899975,11.317361,10.45004,10.623833,10.477912,10.350386,10.50477,11.852502,10.837638,10.03974,11.802637,10.45097,10.306027,10.541218,10.115864,11.176441,10.78734,10.331424,10.892825,12.788134
11.023243,10.715121,11.196732,9.82492,9.988001,10.293808,9.679687,10.356644,11.0353565,11.024525,10.389775,11.317103,10.44976,10.623663,10.4777,10.350291,10.504644,11.85227,10.837437,10.03948,11.802407,10.450911,10.305833,10.541034,10.115604,11.176209,10.787156,10.331312,10.892688,12.787905
11.021729,10.713545,11.19512,9.823313,9.986479,10.292283,9.678148,10.355041,11.033842,11.022832,10.388254,11.315401,10.448172,10.622001,10.476211,10.348851,10.502977,11.850488,10.835631,10.037947,11.800573,10.449216,10.304287,10.539486,10.114146,11.174444,10.785691,10.32984,10.890809,12.786194
11.021929,10.713871,11.1953535,9.823967,9.986689,10.292555,9.678406,10.355475,11.0340185,11.023271,10.388573,11.315358,10.448508,10.622438,10.476322,10.349018,10.503374,11.85117,10.836105,10.038332,11.801028,10.44975,10.304518,10.539742,10.114461,11.17475,10.785834,10.330124,10.891301,12.786356
11.022823,10.714676,11.196351,9.824631,9.987683,10.293468,9.679485,10.356343,11.035009,11.0242605,10.389391,11.316763,10.449635,10.623235,10.477381,10.349939,10.504347,11.851886,10.837083,10.039286,11.801997,10.450421,10.305377,10.540662,10.115403,11.175885,10.786651,10.33098,10.892274,12.787451
11.020433,10.712232,11.194288,9.822556,9.985923,10.29154,9.677242,10.354159,11.03263,11.02193,10.387553,11.314371,10.447454,10.621034,10.475449,10.347689,10.502161,11.849803,10.834759,10.037443,11.79981,10.448202,10.303391,10.538447,10.113323,11.17353,10.784898,10.328892,10.889966,12.784971
11.021554,10.713426,11.19487,9.823627,9.986455,10.292051,9.678266,10.3551035,11.033559,11.02286,10.388198,11.315247,10.448272,10.622057,10.475909,10.348669,10.502939,11.850462,10.835827,10.038088,11.800536,10.449498,10.304254,10.539463,10.114194,11.174531,10.785332,10.329741,10.890825,12.785957
11.021448,10.713595,11.195182,9.823404,9.986522,10.292298,9.67834,10.35505,11.033985,11.022758,10.388417,11.315542,10.448128,10.622227,10.476224,10.348712,10.50308,11.850665,10.835674,10.038209,11.800584,10.449277,10.304471,10.539711,10.114286,11.174394,10.785763,10.329667,10.8908615,12.785948
11.023513,10.7153425,11.196938,9.8250675,9.988136,10.293999,9.679893,10.356827,11.035629,11.024691,10.389972,11.317391,10.449981,10.62389,10.477872,10.350447,10.504763,11.852439,10.837643,10.039695,11.802578,10.451017,10.306024,10.54129,10.115857,11.176394,10.787317,10.331398,10.892826,12.78817
11.021898,10.713898,11.195294,9.823836,9.98679,10.292401,9.678714,10.355259,11.033943,11.023254,10.388431,11.315752,10.448696,10.622326,10.476432,10.349055,10.503178,11.8507805,10.836221,10.038435,11.801183,10.449629,10.304648,10.539863,10.114401,11.174957,10.785806,10.330101,10.891338,12.786467
11.021063,10.712998,11.194445,9.823228,9.986194,10.29169,9.678121,10.354569,11.033233,11.022246,10.388017,11.314837,10.447974,10.62167,10.475706,10.348088,10.502668,11.849981,10.835327,10.03778,11.800048,10.448907,10.304001,10.539146,10.113888,11.174177,10.78477,10.329288,10.890482,12.78544
11.021839,10.713702,11.195196,9.823852,9.986768,10.292452,9.678487,10.355406,11.033835,11.023154,10.38848,11.315391,10.4484,10.622372,10.476266,10.348931,10.50326,11.850871,10.836165,10.038308,11.800816,10.44986,10.304522,10.539652,10.114434,11.174952,10.785721,10.330136,10.891146,12.786251
11.021013,10.712814,11.194474,9.822944,9.985641,10.291457,9.677631,10.354628,11.033225,11.022222,10.387418,11.314538,10.447684,10.621391,10.475351,10.3483095,10.502411,11.849867,10.835031,10.037516,11.799872,10.448663,10.303546,10.538757,10.113683,11.173767,10.784904,10.329363,10.889855,12.785383
11.023145,10.715028,11.196564,9.824789,9.987745,10.293762,9.6795635,10.356553,11.035299,11.024425,10.389654,11.316916,10.449666,10.623553,10.477566,10.350116,10.504492,11.852147,10.83734,10.0394745,11.802268,10.450687,10.305618,10.541005,10.115488,11.17599,10.787048,10.331107,10.892547,12.787798
11.022449,10.714133,11.195694,9.823903,9.987111,10.292875,9.678772,10.355716,11.034344,11.0234375,10.388699,11.316099,10.448816,10.622918,10.476823,10.349234,10.503504,11.851071,10.83648,10.038577,11.801355,10.449929,10.305004,10.540265,10.114826,11.175235,10.786264,10.3302765,10.8916025,12.786886
11.02325,10.7150545,11.196727,9.824887,9.987964,10.293746,9.679701,10.356604,11.035406,11.024496,10.389797,11.317141,10.44982,10.62366,10.477717,10.350212,10.504545,11.852167,10.837445,10.039512,11.8023205,10.450826,10.305758,10.54103,10.115629,11.176184,10.787049,10.331252,10.892539,12.78791
11.023008,10.714859,11.196472,9.824616,9.987749,10.29356,9.679458,10.356421,11.035151,11.024268,10.389471,11.316878,10.449517,10.623402,10.477447,10.3500595,10.504356,11.851946,10.8371525,10.039261,11.8021555,10.450667,10.305591,10.540818,10.115355,11.175999,10.786984,10.331075,10.892399,12.787647
11.02261,10.714495,11.195995,9.8244095,9.987487,10.293042,9.679178,10.355989,11.034724,11.023793,10.389223,11.316291,10.449239,10.6229515,10.476967,10.349571,10.503967,11.851655,10.83668,10.039026,11.801625,10.450177,10.305286,10.540205,10.115038,11.175606,10.786298,10.330627,10.891771,12.787075
11.02322,10.715092,11.1966,9.824756,9.987944,10.293627,9.679585,10.356511,11.03533,11.024311,10.389673,11.317004,10.449686,10.623561,10.477539,10.350181,10.504421,11.852115,10.837221,10.039366,11.802265,10.450711,10.305781,10.540883,10.115503,11.176177,10.787047,10.331162,10.892419,12.787762
11.020802,10.712884,11.194007,9.822756,9.985695,10.2913,9.677548,10.354224,11.032944,11.021855,10.387567,11.314275,10.447627,10.621309,10.4752,10.347818,10.502041,11.849626,10.8348465,10.037318,11.799544,10.448538,10.303428,10.538752,10.113369,11.173731,10.784523,10.328833,10.88988,12.785189
11.022927,10.714746,11.196316,9.824568,9.987631,10.293402,9.679403,10.356249,11.035048,11.024073,10.389462,11.316651,10.449477,10.623265,10.477248,10.349799,10.5041275,11.851823,10.83698,10.039182,11.801912,10.45045,10.305484,10.540589,10.115328,11.175874,10.786648,10.330843,10.892082,12.787407
11.022865,10.714562,11.196301,9.824451,9.98765,10.293331,9.679318,10.356152,11.034995,11.024122,10.389469,11.3167,10.449501,10.623231,10.477391,10.349685,10.503958,11.851813,10.837009,10.039057,11.802017,10.450289,10.305446,10.540663,10.115249,11.1757965,10.786807,10.330813,10.892262,12.787323
11.019914,10.712215,11.193327,9.822202,9.985337,10.290436,9.676663,10.35362,11.03214,11.021243,10.386748,11.3136835,10.446625,10.620871,10.474485,10.347394,10.501659,11.849013,10.833848,10.036357,11.79927,10.447948,10.302991,10.538078,10.112608,11.173025,10.784408,10.328333,10.889679,12.784214
11.0232315,10.715044,11.196601,9.824835,9.987912,10.293655,9.679614,10.356531,11.035289,11.024333,10.389701,11.31696,10.449715,10.62358,10.47759,10.350127,10.504433,11.852141,10.837383,10.039461,11.80225,10.450761,10.30576,10.540938,10.115579,11.176135,10.786996,10.331171,10.892462,12.787796
11.022889,10.714734,11.196328,9.82465,9.987762,10.293404,9.679364,10.356366,11.0350275,11.024164,10.389518,11.316692,10.449456,10.623379,10.47731,10.349884,10.504259,11.851921,10.837083,10.039163,11.802057,10.450588,10.305551,10.540642,10.115289,11.175975,10.786805,10.330926,10.892316,12.787506
11.020628,10.712625,11.193966,9.822582,9.985275,10.291389,9.677563,10.353976,11.032677,11.0218,10.386971,11.314077,10.447426,10.620928,10.475094,10.347668,10.501869,11.849473,10.834847,10.037243,11.799477,10.448306,10.30321,10.538638,10.1132765,11.173379,10.784336,10.328941,10.889855,12.78492
11.022402,10.714388,11.195883,9.824254,9.98732,10.293108,9.678901,10.35587,11.034516,11.0237465,10.389013,11.316171,10.449136,10.62295,10.477045,10.349485,10.504021,11.851554,10.8366375,10.038956,11.801739,10.450017,10.305044,10.540415,10.114872,11.175423,10.786424,10.330547,10.891977,12.787106
11.020486,10.712574,11.193469,9.82262,9.985717,10.290355,9.6773815,10.353574,11.033138,11.020976,10.387724,11.313562,10.447432,10.620643,10.4747925,10.346913,10.500999,11.8496475,10.834138,10.037092,11.798822,10.447511,10.303445,10.537658,10.112664,11.17387,10.783945,10.328182,10.888938,12.784134
11.023037,10.714914,11.196477,9.824721,9.987835,10.2935505,9.679449,10.356392,11.035173,11.024291,10.389596,11.316864,10.449558,10.623471,10.477464,10.349991,10.504311,11.85202,10.837147,10.03924,11.802184,10.450724,10.305719,10.540806,10.115376,11.176033,10.786946,10.331018,10.892366,12.787634
8.737148,8.606069,9.006425,7.8907557,7.991481,8.196246,7.725084,8.339165,8.8572235,8.8386755,8.343557,9.017123,8.374431,8.463774,8.380773,8.353167,8.411421,9.539473,8.645216,8.030238,9.446366,8.45419,8.204927,8.420219,8.109659,8.974321,8.67543,8.311461,8.764206,10.232397
10.983419,10.681205,11.159558,9.79427,9.955929,10.257482,9.6455965,10.321344,10.998042,10.987531,10.357638,11.2780695,10.415013,10.586314,10.444774,10.318093,10.469213,11.81611,10.800173,10.005209,11.761269,10.420849,10.271138,10.504706,10.082372,11.139261,10.751498,10.297325,10.855115,12.744695
11.024101,10.716228,11.197699,9.826076,9.989103,10.295152,9.680935,10.357658,11.0364,11.025425,10.390979,11.317893,10.450919,10.6245365,10.478999,10.351419,10.505803,11.853495,10.838476,10.040738,11.803252,10.452139,10.306994,10.542148,10.116812,11.177177,10.78815,10.332543,10.893526,12.78859
11.025845,10.71762,11.199334,9.827472,9.990526,10.296371,9.682346,10.359093,11.037963,11.027084,10.392263,11.319755,10.452434,10.626148,10.480302,10.352816,10.507112,11.854857,10.84001,10.042069,11.80502,10.453398,10.308421,10.543656,10.118245,11.178755,10.78967,10.333812,10.895093,12.790401
11.0254755,10.71726,11.198883,9.827167,9.990124,10.295987,9.681839,10.3588,11.037579,11.026673,10.391877,11.319268,10.452028,10.625822,10.479921,10.352512,10.506693,11.854436,10.839664,10.041698,11.804589,10.4530525,10.307965,10.543352,10.117847,11.178291,10.789308,10.333417,10.894677,12.790053
11.023353,10.715126,11.1964855,9.825229,9.987989,10.2937,9.680126,10.356537,11.03521,11.024421,10.389617,11.316599,10.449678,10.623508,10.477482,10.350395,10.504236,11.852066,10.8374195,10.039579,11.80204,10.451111,10.305912,10.540937,10.115801,11.175931,10.786897,10.3316345,10.892201,12.787307
11.024178,10.716305,11.197757,9.826244,9.989345,10.294653,9.681205,10.357607,11.036574,11.025313,10.391228,11.318009,10.45118,10.6245365,10.478844,10.351133,10.505638,11.85362,10.838256,10.040907,11.80334,10.451985,10.307349,10.541915,10.116732,11.177408,10.788128,10.332144,10.893479,12.78852
11.0255375,10.717339,11.198996,9.827105,9.990106,10.296087,9.681964,10.358764,11.037654,11.026672,10.391903,11.319375,10.452004,10.625787,10.479943,10.352606,10.506745,11.854497,10.839619,10.041692,11.804597,10.453019,10.3080225,10.543359,10.1178665,11.178303,10.789332,10.333505,10.894746,12.790047
11.020755,10.712654,11.194303,9.823405,9.986092,10.291306,9.678067,10.354926,11.032853,11.022457,10.387215,11.314174,10.44777,10.620962,10.475473,10.348434,10.502557,11.849732,10.835134,10.037811,11.799706,10.449059,10.303663,10.538541,10.113943,11.17411,10.784559,10.329867,10.889821,12.784621
11.019143,10.711193,11.192948,9.822219,9.984769,10.290011,9.677155,10.352939,11.031927,11.020577,10.386722,11.312682,10.446911,10.619893,10.474435,10.346579,10.500469,11.848643,10.833421,10.0365,11.798228,10.447024,10.302331,10.5374565,10.112863,11.172236,10.783297,10.327752,10.888259,12.782739
11.024735,10.716498,11.19813,9.826416,9.989575,10.2953005,9.681164,10.358032,11.036774,11.025748,10.391221,11.318389,10.451357,10.625058,10.479239,10.35167,10.505765,11.853674,10.838741,10.041004,11.803681,10.45224,10.307308,10.542422,10.117171,11.177635,10.788626,10.332618,10.893792,12.789126
11.026396,10.718148,11.199906,9.827883,9.9909525,10.296961,9.682733,10.359651,11.038549,11.027583,10.392771,11.320334,10.452874,10.626709,10.480816,10.35334,10.507607,11.855383,10.840555,10.0425,11.80553,10.453874,10.308834,10.544171,10.118675,11.17926,10.7902565,10.334288,10.895606,12.791063
11.021873,10.713818,11.195582,9.824032,9.987598,10.292488,9.679082,10.35543,11.034401,11.022699,10.388991,11.315275,10.449045,10.622492,10.476937,10.348861,10.503317,11.851282,10.836318,10.038867,11.8011265,10.449504,10.305448,10.539768,10.1150465,11.175352,10.785617,10.330373,10.891178,12.785617
11.02551,10.717269,11.199056,9.827155,9.990311,10.29619,9.682072,10.358865,11.037747,11.026712,10.39208,11.319425,10.45218,10.6258955,10.480013,10.352487,10.506791,11.854565,10.839723,10.0418415,11.804593,10.453026,10.308038,10.543255,10.11795,11.178461,10.789442,10.333504,10.894754,12.789995
11.025837,10.717479,11.199254,9.827303,9.9904,10.2964,9.682301,10.358939,11.037901,11.026985,10.392155,11.319707,10.452293,10.626058,10.480143,10.352819,10.506947,11.854727,10.839945,10.041878,11.804938,10.453283,10.308223,10.543568,10.118079,11.178504,10.789656,10.333772,10.895053,12.790241
11.025934,10.71766,11.199417,9.827583,9.990637,10.296573,9.682407,10.359322,11.03806,11.027167,10.392383,11.319872,10.452555,10.626346,10.480377,10.352907,10.507212,11.854912,10.840217,10.042224,11.80507,10.453546,10.308418,10.543777,10.118351,11.178836,10.789761,10.33388,10.89512,12.790537
11.026196,10.71792,11.1996975,9.827732,9.990772,10.296785,9.682534,10.359481,11.038318,11.027363,10.392575,11.320083,10.452714,10.626554,10.4806385,10.353111,10.507405,11.855181,10.840426,10.042375,11.805338,10.453662,10.30863,10.543992,10.118535,11.179018,10.790049,10.334104,10.89537,12.790833
11.025309,10.717006,11.198811,9.826948,9.990089,10.295984,9.681783,10.358653,11.037478,11.026413,10.391788,11.319143,10.451932,10.62568,10.479814,10.3523035,10.506523,11.854312,10.839489,10.041605,11.804301,10.452764,10.307787,10.543024,10.117789,11.178169,10.789203,10.333302,10.894411,12.789762
11.025822,10.717607,11.199402,9.827456,9.990531,10.296478,9.68233,10.359077,11.038029,11.027069,10.392418,11.319839,10.452432,10.626248,10.480369,10.3528,10.507065,11.8548975,10.840042,10.041996,11.804967,10.453448,10.308419,10.543722,10.118275,11.178686,10.789734,10.333766,10.895128,12.790407
11.026058,10.717727,11.199503,9.827553,9.990635,10.296542,9.682443,10.359246,11.038164,11.027181,10.392442,11.319957,10.452509,10.626356,10.480504,10.352938,10.507193,11.854964,10.840175,10.042113,11.805113,10.453557,10.308534,10.54385,10.118339,11.178835,10.789859,10.333925,10.895219,12.79058
11.0254545,10.717208,11.198881,9.827022,9.990181,10.296007,9.681981,10.358703,11.037609,11.026551,10.3919325,11.319309,10.452001,10.625825,10.479815,10.352386,10.5066185,11.854403,10.839583,10.041645,11.804509,10.452953,10.308018,10.543192,10.117888,11.178333,10.789324,10.333411,10.894634,12.789823
11.025812,10.717548,11.199326,9.827357,9.990598,10.296448,9.682254,10.359186,11.037904,11.026981,10.39232,11.319743,10.452455,10.626209,10.480192,10.352735,10.507111,11.854697,10.840083,10.042058,11.804991,10.453355,10.308359,10.543551,10.118199,11.178682,10.789666,10.333788,10.894999,12.790375
11.025075,10.716885,11.198676,9.8267765,9.98989,10.295883,9.681734,10.358379,11.037238,11.026234,10.391768,11.318952,10.4518175,10.625448,10.479675,10.352108,10.506368,11.854136,10.839285,10.041384,11.804163,10.452695,10.307655,10.542881,10.11762,11.177983,10.78898,10.333135,10.894366,12.78944
11.025041,10.716856,11.198613,9.826839,9.989744,10.295741,9.681707,10.358285,11.037418,11.02613,10.39174,11.318903,10.451773,10.625466,10.47957,10.352031,10.506087,11.854157,10.839204,10.041371,11.803987,10.452598,10.307597,10.54287,10.11755,11.177884,10.788874,10.332988,10.894082,12.789446
11.022573,10.71449,11.196342,9.824779,9.987898,10.293578,9.679634,10.356028,11.034938,11.024184,10.389779,11.316669,10.449651,10.623273,10.4777975,10.34998,10.504221,11.851904,10.8370075,10.039353,11.801945,10.450508,10.305749,10.5408325,10.115705,11.175404,10.786827,10.331048,10.892089,12.786885
11.023531,10.715515,11.197293,9.825501,9.988836,10.294574,9.6803,10.357392,11.035857,11.024814,10.390235,11.317495,10.450641,10.624261,10.478233,10.350921,10.50523,11.852692,10.837922,10.040357,11.80281,10.451349,10.306247,10.541321,10.116322,11.176675,10.787785,10.33187,10.892982,12.787958
11.025516,10.7172985,11.199059,9.82724,9.990257,10.296226,9.682137,10.358889,11.037677,11.026826,10.39202,11.319488,10.452205,10.625951,10.480082,10.352554,10.506818,11.854519,10.8398285,10.041819,11.804657,10.453211,10.308071,10.543456,10.118032,11.17847,10.7894535,10.333574,10.894862,12.790091
11.0261,10.717848,11.19961,9.827672,9.990752,10.296688,9.682508,10.359328,11.038274,11.027266,10.392597,11.320095,10.452603,10.626482,10.480603,10.353059,10.507321,11.855042,10.840282,10.042257,11.8052225,10.4536295,10.308633,10.543919,10.118413,11.178968,10.789968,10.333996,10.895319,12.790697
11.024819,10.716584,11.198296,9.826487,9.989531,10.295428,9.681474,10.358033,11.036996,11.025907,10.391372,11.318432,10.451514,10.625096,10.4794035,10.351612,10.505908,11.853918,10.839013,10.041193,11.803784,10.452338,10.30741,10.542709,10.117406,11.177715,10.7886915,10.332835,10.893921,12.789104
11.025925,10.717722,11.199419,9.827492,9.990515,10.296531,9.682388,10.359258,11.038096,11.027123,10.3923645,11.319853,10.452495,10.626261,10.480353,10.352958,10.50719,11.8549,10.840155,10.042109,11.805061,10.45343,10.308367,10.543759,10.118296,11.178783,10.789761,10.333875,10.895243,12.79051
11.02525,10.717208,11.198804,9.826968,9.989999,10.295963,9.681827,10.358572,11.037463,11.026493,10.391806,11.319189,10.451943,10.62569,10.4798355,10.3524065,10.506635,11.854318,10.839534,10.041595,11.804496,10.452898,10.30789,10.543252,10.117727,11.178119,10.789212,10.333331,10.894634,12.789864
11.02439,10.716449,11.197828,9.826224,9.9893055,10.295256,9.681171,10.357706,11.036781,11.025522,10.3913145,11.31801,10.451079,10.624711,10.479202,10.351424,10.505873,11.85372,10.838636,10.040954,11.803391,10.45217,10.307366,10.542318,10.116814,11.177496,10.7883215,10.332703,10.893542,12.788794
11.023245,10.715272,11.196959,9.825119,9.988293,10.294082,9.680144,10.356797,11.035387,11.024516,10.389949,11.316801,10.450189,10.623935,10.477918,10.350418,10.504691,11.852468,10.837659,10.039929,11.802745,10.450874,10.306223,10.541407,10.11625,11.176511,10.787191,10.331386,10.892853,12.787505
11.025274,10.717,11.19875,9.826913,9.989874,10.295905,9.681722,10.358556,11.037411,11.026456,10.391675,11.318986,10.451837,10.625592,10.479827,10.352188,10.506546,11.854317,10.839491,10.0416,11.804433,10.452717,10.307798,10.543202,10.117652,11.178087,10.789109,10.333308,10.894519,12.789774
11.02459,10.716418,11.198029,9.826146,9.98926,10.295296,9.681024,10.357866,11.036872,11.025647,10.391032,11.318215,10.451045,10.624921,10.479267,10.351587,10.505931,11.853627,10.838692,10.040917,11.803603,10.452064,10.30726,10.542432,10.11694,11.17733,10.7886,10.332824,10.893561,12.788967
11.025131,10.716964,11.198679,9.826916,9.989944,10.295839,9.681646,10.358588,11.037325,11.026381,10.391633,11.319005,10.45179,10.625594,10.479652,10.352209,10.506538,11.854126,10.839347,10.041438,11.804292,10.452805,10.3076315,10.542888,10.117514,11.178111,10.7890835,10.333223,10.89443,12.789601
11.023709,10.715533,11.19705,9.825417,9.988385,10.294251,9.680608,10.356887,11.035876,11.024813,10.390115,11.31744,10.450252,10.624087,10.478222,10.350864,10.504587,11.85244,10.837922,10.039996,11.802621,10.451421,10.306184,10.541608,10.1161785,11.17644,10.787721,10.331799,10.892828,12.787805
11.0248375,10.716535,11.198309,9.826562,9.989519,10.295508,9.681389,10.358212,11.036906,11.02602,10.391256,11.318472,10.451462,10.625123,10.479446,10.351744,10.506011,11.853885,10.839031,10.04114,11.803816,10.452416,10.307355,10.542698,10.117411,11.177758,10.788703,10.332876,10.893976,12.789256
11.024349,10.716121,11.197536,9.82614,9.989163,10.294817,9.680942,10.357657,11.036306,11.025329,10.390769,11.3179,10.45101,10.624726,10.478773,10.351262,10.505553,11.853177,10.8384075,10.0406275,11.803266,10.451966,10.306909,10.542035,10.116803,11.177264,10.7880335,10.332251,10.893583,12.788503
11.025362,10.717029,11.198913,9.827031,9.990046,10.29598,9.68192,10.35867,11.0375595,11.026645,10.391883,11.319301,10.451976,10.625783,10.479905,10.352287,10.50655,11.854339,10.839542,10.041525,11.804535,10.45292,10.307925,10.5432415,10.1177845,11.178188,10.789284,10.333375,10.894648,12.789768
11.022392,10.714711,11.195934,9.82461,9.987487,10.293262,9.67953,10.355955,11.034634,11.023567,10.389156,11.316163,10.449452,10.623176,10.476874,10.349841,10.503765,11.851454,10.836596,10.039165,11.801677,10.450106,10.305491,10.540395,10.115378,11.175498,10.786464,10.330692,10.891696,12.786552
11.024866,10.716551,11.198172,9.826453,9.989623,10.295335,9.681307,10.358207,11.036848,11.025981,10.391272,11.318487,10.451295,10.625172,10.479315,10.3517475,10.506007,11.853773,10.838943,10.041151,11.803889,10.452571,10.307549,10.542686,10.11727,11.177776,10.788702,10.332838,10.893883,12.78928
11.025146,10.717034,11.198751,9.826926,9.990015,10.295791,9.681722,10.358531,11.037415,11.026472,10.391725,11.319202,10.451785,10.625606,10.479876,10.352398,10.50651,11.854179,10.83933,10.0414,11.804462,10.45287,10.30785,10.543053,10.117561,11.178077,10.789203,10.333331,10.894445,12.7897835
11.021658,10.713739,11.195202,9.823723,9.986867,10.292476,9.678608,10.355234,11.033911,11.022569,10.388446,11.315105,10.448707,10.622282,10.476185,10.348833,10.50315,11.850552,10.835892,10.038298,11.800651,10.449257,10.30448,10.539261,10.114533,11.174764,10.785608,10.330171,10.89081,12.785282
11.025646,10.717482,11.199147,9.827375,9.990442,10.2962,9.682139,10.359014,11.037804,11.026841,10.392218,11.319518,10.452243,10.626006,10.480068,10.35268,10.50695,11.854707,10.839819,10.04189,11.804759,10.45331,10.308257,10.543346,10.118048,11.178614,10.789505,10.333626,10.894858,12.790192
11.024611,10.716464,11.19823,9.826589,9.989569,10.295518,9.681466,10.357995,11.03679,11.025924,10.391488,11.318649,10.451455,10.625179,10.479363,10.35168,10.506159,11.853746,10.8389435,10.041116,11.803933,10.452492,10.3075,10.542708,10.117206,11.177633,10.788511,10.332824,10.894165,12.789067
11.023754,10.715722,11.197401,9.825665,9.988628,10.294724,9.680627,10.357252,11.036174,11.02491,10.390606,11.317315,10.450702,10.624196,10.478405,10.350753,10.505186,11.853156,10.838062,10.04045,11.802766,10.4513035,10.306553,10.541681,10.116631,11.176867,10.787648,10.332025,10.892984,12.787989
11.025715,10.717586,11.199243,9.827309,9.990467,10.296401,9.682221,10.359009,11.037979,11.026876,10.392326,11.319621,10.452314,10.626093,10.480305,10.352714,10.507034,11.8548,10.840011,10.042023,11.804832,10.453293,10.308361,10.543568,10.1181755,11.17869,10.789683,10.333781,10.89494,12.790291
11.024425,10.716441,11.197998,9.826245,9.989147,10.295547,9.681251,10.35807,11.0367985,11.025813,10.39113,11.318293,10.451364,10.625002,10.479049,10.351489,10.505948,11.853645,10.83884,10.041026,11.803522,10.452194,10.306982,10.542641,10.117144,11.177403,10.788448,10.3325615,10.893873,12.7889385
11.024757,10.7164755,11.19817,9.826418,9.989416,10.295462,9.681354,10.358061,11.036834,11.025952,10.391195,11.318595,10.451366,10.625207,10.479226,10.351655,10.506163,11.853621,10.83884,10.041108,11.803786,10.452372,10.307394,10.542728,10.117245,11.177541,10.788542,10.332698,10.894034,12.789105
11.025253,10.717198,11.198768,9.826923,9.9899845,10.296086,9.681863,10.358762,11.03752,11.026612,10.391802,11.319222,10.451944,10.625731,10.479796,10.352346,10.506646,11.854284,10.839485,10.041555,11.804361,10.452986,10.30787,10.543223,10.117801,11.17822,10.789248,10.33325,10.894544,12.789818
11.024719,10.716606,11.198298,9.826457,9.989627,10.295548,9.681384,10.358237,11.036937,11.026022,10.391402,11.318634,10.45152,10.6251335,10.479417,10.351812,10.506258,11.853884,10.838976,10.041134,11.803921,10.452332,10.3074,10.5426855,10.11737,11.177784,10.788772,10.332903,10.894208,12.789187
11.025417,10.717263,11.199028,9.827168,9.990202,10.295937,9.682008,10.358894,11.037602,11.026682,10.391949,11.319368,10.452047,10.625661,10.480088,10.352548,10.506811,11.854526,10.83959,10.041682,11.804591,10.453233,10.308066,10.543205,10.117841,11.178365,10.789338,10.333515,10.894707,12.789956
11.025279,10.717106,11.198717,9.827035,9.990058,10.295845,9.681871,10.358602,11.037438,11.026444,10.391861,11.319177,10.451973,10.625721,10.479774,10.352184,10.506671,11.854235,10.839478,10.041612,11.804474,10.452887,10.307905,10.543162,10.117718,11.178238,10.789146,10.333235,10.894584,12.789786
11.025091,10.717003,11.198507,9.826812,9.989784,10.295613,9.681696,10.358379,11.03731,11.026185,10.391666,11.318897,10.4517765,10.625462,10.47953,10.35202,10.50632,11.854124,10.83927,10.041416,11.80415,10.452586,10.307674,10.54297,10.117524,11.177985,10.788937,10.333025,10.894317,12.789552
11.0234585,10.715398,11.196982,9.825553,9.988149,10.294496,9.680392,10.357074,11.035826,11.024879,10.390278,11.316971,10.45031,10.623917,10.478032,10.350568,10.504776,11.852825,10.837812,10.040158,11.802565,10.451371,10.306269,10.541693,10.116257,11.176344,10.78739,10.331779,10.892624,12.787824
11.025145,10.716991,11.1985655,9.826771,9.989988,10.29577,9.681661,10.358465,11.037243,11.0262785,10.391686,11.318986,10.451696,10.625507,10.479815,10.352159,10.50649,11.854127,10.8393345,10.041464,11.804296,10.452807,10.307858,10.543074,10.1175995,11.178102,10.789065,10.333212,10.894408,12.789706
11.024985,10.71681,11.198529,9.826742,9.989735,10.2958,9.681629,10.358552,11.037233,11.026321,10.391506,11.318752,10.451794,10.625392,10.479532,10.351945,10.506366,11.854123,10.839214,10.041448,11.804107,10.452784,10.307595,10.542978,10.117609,11.177971,10.788768,10.333063,10.894161,12.7894535
11.024604,10.716585,11.198369,9.826598,9.989547,10.295615,9.681532,10.358138,11.036962,11.025992,10.391561,11.31878,10.4513035,10.625228,10.479395,10.351898,10.506247,11.85383,10.838987,10.041125,11.803806,10.452666,10.307468,10.542783,10.11736,11.1775255,10.788744,10.332893,10.894125,12.789123
11.025466,10.71721,11.1989355,9.827132,9.990214,10.296129,9.682005,10.358806,11.03761,11.026641,10.392098,11.319335,10.452109,10.625902,10.479966,10.35238,10.506646,11.854502,10.839683,10.041761,11.8046,10.453015,10.3080435,10.5433235,10.117877,11.178392,10.789398,10.333353,10.894779,12.789946
11.025259,10.717009,11.1986885,9.827061,9.990012,10.29579,9.6817875,10.358608,11.037319,11.026453,10.391769,11.319085,10.45195,10.625569,10.479763,10.352284,10.506616,11.854206,10.83945,10.041581,11.80434,10.452858,10.307775,10.543051,10.117782,11.178076,10.789021,10.333263,10.894397,12.789702
11.024812,10.716673,11.198521,9.826682,9.98979,10.295561,9.681637,10.358313,11.0372,11.026191,10.391697,11.318844,10.451655,10.625311,10.479554,10.351843,10.506107,11.854057,10.839098,10.041218,11.804027,10.4526,10.307613,10.542775,10.117569,11.177888,10.788871,10.332844,10.894223,12.789294
11.025238,10.717034,11.198761,9.8269615,9.9899845,10.295885,9.681793,10.358516,11.037429,11.026331,10.3919,11.319048,10.451861,10.62556,10.479804,10.352215,10.506442,11.854301,10.83945,10.041551,11.80424,10.452752,10.307872,10.543102,10.117702,11.178179,10.789083,10.33323,10.894405,12.789774
11.024601,10.716458,11.198173,9.826405,9.989396,10.295474,9.681372,10.3581505,11.036893,11.025955,10.391236,11.3184595,10.451458,10.62517,10.479307,10.351643,10.505918,11.853705,10.839004,10.041093,11.803731,10.452412,10.307185,10.542675,10.117313,11.177615,10.788604,10.332653,10.894077,12.789111
9.187423,8.965308,9.396983,8.318381,8.377089,8.69473,8.180714,8.772148,9.233647,9.321596,8.71602,9.450853,8.824635,8.888819,8.8144,8.7730465,8.905446,10.023051,9.133893,8.523806,9.866264,8.82154,8.5743475,8.878655,8.572021,9.402173,8.989859,8.709536,9.197165,10.68109
11.010884,10.7036295,11.184456,9.81606,9.977294,10.283107,9.670393,10.345776,11.023588,11.013017,10.379618,11.30424,10.439805,10.611602,10.466904,10.340046,10.493139,11.83949,10.826817,10.029591,11.788263,10.441119,10.29414,10.529643,10.106042,11.164565,10.775007,10.321006,10.8801,12.772592
11.025017,10.716719,11.198232,9.827581,9.990019,10.29549,9.681882,10.358672,11.03711,11.026615,10.391588,11.318593,10.451819,10.625352,10.479545,10.352529,10.506388,11.853894,10.839306,10.041316,11.804061,10.453219,10.307897,10.542994,10.117852,11.177854,10.789163,10.333416,10.894361,12.789142
11.028438,10.7201,11.201856,9.830224,9.992801,10.2990885,9.684932,10.361613,11.040456,11.029786,10.394761,11.322111,10.455101,10.628612,10.482772,10.355489,10.509612,11.85754,10.842669,10.044624,11.807609,10.455996,10.310851,10.54638,10.120823,11.181203,10.792253,10.336387,10.897862,12.793034
11.029027,10.72054,11.202328,9.830591,9.993373,10.299371,9.6853895,10.362019,11.041033,11.030161,10.3952,11.322743,10.455485,10.629053,10.483339,10.355951,10.509872,11.857873,10.843169,10.044933,11.807939,10.456465,10.3113985,10.546788,10.121308,11.181795,10.792774,10.336875,10.898116,12.793624
11.02819,10.719756,11.201802,9.829924,9.992841,10.29882,9.684852,10.361353,11.040306,11.0295515,10.394659,11.322051,10.454976,10.628373,10.482775,10.35527,10.509371,11.857335,10.842487,10.044382,11.807417,10.4557705,10.310794,10.546088,10.120832,11.181136,10.792176,10.33631,10.8976145,12.792753
11.028058,10.719634,11.201466,9.829772,9.992689,10.298749,9.684643,10.361267,11.04008,11.029285,10.394435,11.321862,10.454757,10.628307,10.482506,10.3551855,10.50931,11.8569565,10.842355,10.044248,11.80709,10.455728,10.310597,10.545914,10.120642,11.180903,10.791917,10.336243,10.897258,12.792569
11.02855,10.720142,11.201975,9.830297,9.993125,10.299063,9.685113,10.361709,11.040558,11.029802,10.394953,11.322375,10.455251,10.628727,10.482962,10.355555,10.509691,11.857457,10.842834,10.04465,11.807632,10.456164,10.311062,10.5463505,10.120974,11.18139,10.792395,10.336534,10.897851,12.793129
11.028551,10.720129,11.202022,9.8302555,9.993134,10.29907,9.685103,10.361623,11.040509,11.029788,10.394927,11.322397,10.455182,10.628719,10.48306,10.355591,10.509704,11.857478,10.842773,10.044569,11.80764,10.456243,10.311119,10.54637,10.120978,11.181371,10.792386,10.336571,10.897872,12.79307
11.026541,10.718209,11.200099,9.828832,9.991599,10.297251,9.683653,10.359813,11.038561,11.028252,10.393136,11.320509,10.45366,10.626742,10.481435,10.354025,10.508324,11.855612,10.841004,10.043128,11.805776,10.454545,10.3094635,10.5445795,10.119296,11.179647,10.79031,10.335206,10.896164,12.790965
11.029133,10.72068,11.202517,9.830654,9.993553,10.299582,9.68551,10.362192,11.04112,11.030295,10.39534,11.322956,10.4556465,10.62926,10.483469,10.356096,10.510188,11.857978,10.843307,10.045047,11.808165,10.456643,10.311551,10.546891,10.121473,11.181949,10.792958,10.337045,10.89835,12.793735
11.028873,10.720407,11.202369,9.830512,9.993334,10.299492,9.68538,10.362042,11.040924,11.030167,10.395208,11.322725,10.4555,10.629063,10.483227,10.355854,10.509986,11.857844,10.843174,10.0449095,11.807915,10.456469,10.311334,10.546709,10.12135,11.181714,10.792749,10.336878,10.898118,12.793537
11.027566,10.71932,11.201104,9.829255,9.992273,10.29827,9.6844015,10.36077,11.039648,11.029024,10.393869,11.321537,10.454374,10.627784,10.482078,10.354873,10.508931,11.856487,10.84176,10.043745,11.806761,10.455218,10.310243,10.545568,10.120202,11.180455,10.791578,10.33581,10.8970585,12.792037
11.029386,10.720895,11.202807,9.830902,9.993758,10.299856,9.685762,10.362447,11.04141,11.0306225,10.395608,11.323258,10.455899,10.6295185,10.483703,10.356334,10.5104,11.858262,10.843607,10.045293,11.808438,10.456884,10.311783,10.547167,10.121704,11.182206,10.793228,10.337267,10.898624,12.794079
11.028883,10.720394,11.202253,9.830499,9.993336,10.299359,9.685324,10.361889,11.040862,11.030054,10.395148,11.322659,10.455464,10.62907,10.483237,10.355784,10.509955,11.857728,10.843129,10.044856,11.80791,10.456396,10.311332,10.546771,10.121228,11.181629,10.792689,10.336793,10.898177,12.79349
11.028406,10.7200365,11.201937,9.830231,9.993126,10.299036,9.684991,10.3616295,11.040413,11.029711,10.394866,11.322268,10.45523,10.628613,10.482898,10.35551,10.509652,11.857493,10.84272,10.044643,11.807571,10.456127,10.310972,10.546197,10.120901,11.18134,10.7923355,10.336474,10.897716,12.792997
11.029078,10.720529,11.202374,9.83052,9.99353,10.299466,9.685411,10.3620825,11.041088,11.03017,10.395224,11.322838,10.455522,10.629196,10.483364,10.355957,10.510012,11.857883,10.843295,10.044986,11.808081,10.456557,10.311524,10.546864,10.121407,11.181811,10.792947,10.336993,10.898197,12.793603
11.027959,10.719457,11.2011795,9.829822,9.992461,10.298385,9.68452,10.361065,11.039884,11.029118,10.394359,11.32158,10.454578,10.62816,10.482289,10.3548355,10.508979,11.856675,10.842273,10.043968,11.806849,10.45563,10.310451,10.545824,10.120296,11.180774,10.791724,10.335933,10.897234,12.792351
11.029094,10.720598,11.20247,9.830638,9.993532,10.299555,9.685492,10.362174,11.041081,11.030292,10.395336,11.322908,10.455639,10.629222,10.48337,10.356022,10.510105,11.8579445,10.843284,10.045062,11.808107,10.456625,10.311536,10.546837,10.121418,11.181901,10.79289,10.336971,10.898269,12.793711
11.023298,10.715451,11.19581,9.825609,9.988352,10.293831,9.680059,10.356699,11.035033,11.024269,10.390023,11.31615,10.450551,10.623932,10.477639,10.350428,10.504725,11.85142,10.837696,10.03993,11.801499,10.450996,10.305523,10.541566,10.115815,11.175782,10.787324,10.331144,10.893083,12.787413
11.026708,10.7186165,11.200478,9.829042,9.991898,10.297646,9.683823,10.360263,11.038942,11.028376,10.39362,11.320822,10.454048,10.62725,10.481596,10.354162,10.508561,11.855995,10.84143,10.043409,11.806176,10.454818,10.3097725,10.544891,10.119648,11.179893,10.790759,10.335256,10.8964615,12.79132
11.027682,10.719034,11.200875,9.829499,9.992131,10.298031,9.684349,10.360506,11.039572,11.028809,10.393825,11.321237,10.454389,10.627653,10.481932,10.354554,10.508589,11.856358,10.841922,10.043714,11.806571,10.455179,10.310072,10.545324,10.120028,11.180256,10.79125,10.335788,10.8967085,12.7918215
11.025854,10.717808,11.199385,9.828142,9.990771,10.296998,9.682932,10.35925,11.037973,11.027298,10.393027,11.319261,10.452907,10.626181,10.480797,10.352982,10.507399,11.855397,10.840506,10.042572,11.805052,10.454022,10.308971,10.544266,10.118824,11.17882,10.789985,10.334375,10.895405,12.7904
11.027849,10.719483,11.201349,9.829644,9.992465,10.298487,9.684503,10.36104,11.0399685,11.029121,10.394175,11.321691,10.454633,10.628108,10.482439,10.354943,10.509136,11.85683,10.842149,10.04402,11.806886,10.455428,10.310354,10.5458,10.120491,11.180624,10.79181,10.335992,10.897192,12.792368
11.028744,10.720204,11.202083,9.830267,9.993247,10.299148,9.685151,10.361814,11.040726,11.029925,10.39492,11.322536,10.455247,10.628934,10.483072,10.355636,10.509759,11.857517,10.842909,10.044673,11.807783,10.456264,10.31123,10.546519,10.121087,11.181525,10.7926035,10.33668,10.897921,12.793237
11.028746,10.7202215,11.202146,9.830355,9.99323,10.299245,9.685248,10.361758,11.040751,11.029906,10.395079,11.322501,10.455369,10.628883,10.48311,10.355623,10.509739,11.857634,10.842915,10.044769,11.807763,10.456226,10.311227,10.546542,10.121121,11.181551,10.792525,10.336642,10.897937,12.793216
11.029282,10.7207775,11.202681,9.830777,9.993645,10.2997265,9.685658,10.362276,11.041269,11.030487,10.395474,11.32312,10.455745,10.629368,10.483588,10.356225,10.510273,11.858141,10.843448,10.045163,11.8083315,10.456776,10.311706,10.547052,10.121561,11.182039,10.7930975,10.337177,10.898492,12.793908
11.02881,10.720348,11.2022705,9.830419,9.9933405,10.299342,9.68528,10.36195,11.040825,11.030081,10.39507,11.32271,10.455446,10.628997,10.483099,10.355823,10.509903,11.857636,10.84305,10.044837,11.80794,10.456376,10.311298,10.546559,10.121162,11.181588,10.792672,10.336795,10.897993,12.793419
11.028904,10.720307,11.202212,9.830349,9.993292,10.2992525,9.685337,10.361756,11.040861,11.030006,10.395116,11.322622,10.4553795,10.628936,10.483207,10.355675,10.509754,11.857688,10.84301,10.044762,11.807896,10.456289,10.311372,10.546663,10.121199,11.181593,10.792676,10.336745,10.898096,12.79331
11.028529,10.7200985,11.202005,9.830187,9.9931,10.299024,9.685131,10.361606,11.04056,11.029785,10.394934,11.322423,10.455204,10.628769,10.482939,10.355492,10.509659,11.857467,10.842789,10.044638,11.8076935,10.456093,10.311147,10.546458,10.121025,11.181363,10.7924595,10.336483,10.897908,12.793112
11.029022,10.720504,11.202434,9.830547,9.993478,10.29945,9.685436,10.362049,11.041045,11.030202,10.395297,11.322824,10.455549,10.629127,10.483385,10.355928,10.5099535,11.857937,10.84321,10.044957,11.808078,10.456502,10.311502,10.546807,10.121355,11.18185,10.792885,10.336914,10.89823,12.793604
11.02944,10.720946,11.2028265,9.830898,9.993787,10.299866,9.685773,10.36245,11.041439,11.030604,10.395596,11.32327,10.455901,10.629531,10.483726,10.356362,10.510396,11.858296,10.843598,10.045315,11.808474,10.456886,10.311809,10.547184,10.121685,11.182232,10.793256,10.337276,10.898644,12.794085
11.029189,10.720743,11.2026205,9.8307295,9.9936,10.29968,9.685576,10.362261,11.041199,11.030411,10.395413,11.323043,10.455727,10.629324,10.483528,10.356174,10.510272,11.85807,10.843421,10.0451355,11.80827,10.456692,10.311606,10.546983,10.121523,11.182006,10.793004,10.337115,10.898454,12.79385
11.027357,10.718723,11.200347,9.828949,9.992093,10.297638,9.683773,10.360179,11.03918,11.028058,10.393722,11.320649,10.453997,10.62731,10.481608,10.354118,10.507891,11.856152,10.84127,10.043492,11.805922,10.4546385,10.309893,10.544779,10.119549,11.180163,10.790795,10.335099,10.895972,12.791239
11.027849,10.719392,11.201304,9.829467,9.992445,10.298571,9.684442,10.360913,11.039989,11.029028,10.394244,11.321633,10.454532,10.628098,10.482324,10.35487,10.50901,11.856749,10.842238,10.044031,11.806879,10.455427,10.310438,10.545734,10.120338,11.180547,10.791797,10.336092,10.8969965,12.792228
11.028113,10.719625,11.201519,9.829776,9.992667,10.2986555,9.684733,10.361203,11.040103,11.029377,10.394439,11.321888,10.454763,10.628247,10.482428,10.355082,10.509058,11.857032,10.842346,10.04417,11.807155,10.455676,10.310693,10.545949,10.120553,11.180907,10.791942,10.336117,10.897294,12.79254
11.028679,10.720182,11.202145,9.83031,9.9932575,10.299263,9.685194,10.361823,11.040739,11.029909,10.395085,11.322553,10.455327,10.628895,10.483066,10.355667,10.509777,11.857569,10.8430195,10.044762,11.807724,10.45628,10.311224,10.546514,10.121164,11.181499,10.792547,10.336703,10.897864,12.793281
11.026526,10.718213,11.199924,9.828822,9.9914255,10.29728,9.683378,10.359963,11.038557,11.028019,10.393201,11.32005,10.453795,10.626971,10.481073,10.35368,10.508072,11.855728,10.841082,10.043349,11.805987,10.454086,10.309162,10.544683,10.119299,11.179381,10.790273,10.334804,10.896087,12.790985
11.02777,10.71928,11.201273,9.82991,9.992843,10.2982855,9.684673,10.361049,11.039763,11.029407,10.394209,11.321711,10.454918,10.627989,10.482555,10.355023,10.509392,11.856955,10.842196,10.044317,11.807144,10.455527,10.310566,10.545721,10.120529,11.181049,10.791515,10.336197,10.8973,12.792393
11.02862,10.720085,11.202034,9.830364,9.993151,10.299176,9.685202,10.361719,11.040578,11.029884,10.395019,11.322427,10.455224,10.628818,10.482998,10.355579,10.509706,11.857528,10.84286,10.044614,11.807671,10.456285,10.311167,10.54646,10.121072,11.181418,10.792394,10.336585,10.897907,12.793157
11.029012,10.720491,11.20241,9.830578,9.993425,10.299544,9.685469,10.362078,11.041011,11.03025,10.395326,11.322837,10.455566,10.629148,10.483354,10.355933,10.510027,11.857899,10.843253,10.044999,11.808044,10.456561,10.311474,10.546844,10.121365,11.181841,10.792832,10.336929,10.8982525,12.793635
11.028646,10.720134,11.202057,9.830447,9.993261,10.299159,9.685239,10.361721,11.040658,11.029903,10.395023,11.322521,10.455349,10.628818,10.4831295,10.355652,10.509845,11.857554,10.842837,10.044728,11.807751,10.456235,10.31122,10.5464735,10.121041,11.181549,10.792372,10.336668,10.897943,12.793182
11.027623,10.719249,11.201134,9.829566,9.992366,10.298386,9.684451,10.360892,11.0397215,11.029044,10.39416,11.32147,10.45453,10.627926,10.482271,10.35472,10.509146,11.856731,10.841964,10.044037,11.8068,10.455393,10.310355,10.545661,10.120314,11.180634,10.791518,10.335873,10.897108,12.792189
11.029387,10.720899,11.202799,9.830899,9.993744,10.299828,9.68577,10.362418,11.041418,11.030584,10.395603,11.323237,10.455885,10.629491,10.483691,10.35631,10.510353,11.858269,10.843583,10.045274,11.80842,10.456866,10.311781,10.54716,10.121685,11.182201,10.793218,10.337246,10.898611,12.794054
11.028291,10.719809,11.201682,9.829884,9.992823,10.298721,9.684791,10.361454,11.040312,11.029463,10.394485,11.322095,10.454898,10.628398,10.48263,10.355325,10.509356,11.857133,10.842407,10.044279,11.807255,10.455858,10.310821,10.546082,10.120736,11.181006,10.792082,10.336295,10.897378,12.792706
11.02879,10.720282,11.202196,9.8304615,9.99326,10.299315,9.685265,10.361886,11.040779,11.030084,10.395055,11.32259,10.455402,10.628919,10.483116,10.355763,10.509866,11.857706,10.842992,10.04484,11.80787,10.456315,10.311246,10.546578,10.121151,11.18162,10.792586,10.33675,10.898004,12.7933655
11.02931,10.720819,11.202718,9.830831,9.993717,10.299781,9.685686,10.362372,11.041313,11.030528,10.395536,11.323184,10.455825,10.629467,10.483621,10.356239,10.510343,11.858156,10.84353,10.045225,11.808378,10.45682,10.311733,10.547106,10.121616,11.18212,10.793152,10.337178,10.898558,12.793979
11.028851,10.720312,11.202215,9.83036,9.993273,10.2992525,9.685286,10.361797,11.040821,11.030027,10.39513,11.322616,10.455363,10.628953,10.4832,10.355713,10.509752,11.85774,10.84293,10.044788,11.807909,10.456305,10.311352,10.54668,10.121207,11.181591,10.792697,10.336664,10.89808,12.793319
11.02932,10.720821,11.202749,9.830887,9.993734,10.2997875,9.6857195,10.362377,11.041323,11.030574,10.395539,11.323198,10.455847,10.629445,10.483676,10.356285,10.510375,11.858214,10.843517,10.04524,11.808417,10.456829,10.311733,10.547111,10.121637,11.182156,10.793144,10.337219,10.898596,12.793993
11.02878,10.720305,11.202274,9.830491,9.993367,10.29934,9.685352,10.361901,11.040812,11.030138,10.395036,11.32272,10.455496,10.628936,10.483261,10.355874,10.509998,11.857759,10.843006,10.044876,11.807968,10.456336,10.311269,10.546648,10.121213,11.181707,10.79263,10.336855,10.898134,12.79342
11.028422,10.719889,11.201858,9.8300705,9.993029,10.298941,9.68489,10.361489,11.040513,11.029534,10.394789,11.322125,10.455108,10.628558,10.482828,10.355296,10.509424,11.857391,10.842573,10.044586,11.807436,10.455793,10.310895,10.546131,10.120763,11.18126,10.792268,10.336347,10.897523,12.792872
11.02852,10.720015,11.201861,9.830077,9.993074,10.298974,9.685013,10.361611,11.040575,11.029579,10.394802,11.322201,10.455167,10.628753,10.482803,10.355352,10.509521,11.857369,10.842791,10.044664,11.807538,10.455946,10.311059,10.546284,10.120977,11.181349,10.792314,10.336402,10.897651,12.792957
11.029527,10.721031,11.202911,9.831004,9.993876,10.299934,9.685851,10.362552,11.041531,11.030714,10.395686,11.323383,10.45599,10.629622,10.483807,10.356442,10.510501,11.858371,10.84371,10.045391,11.808575,10.45698,10.311892,10.547279,10.121779,11.182335,10.793354,10.337364,10.898732,12.794206
11.028017,10.719491,11.201464,9.829837,9.992754,10.298606,9.684701,10.3611,11.040015,11.02934,10.394377,11.321881,10.454877,10.628187,10.482541,10.355159,10.509204,11.856987,10.842307,10.044268,11.807137,10.455561,10.310518,10.545852,10.120529,11.180933,10.791781,10.3361,10.897337,12.792433
11.029405,10.72092,11.202783,9.830893,9.993756,10.299835,9.685743,10.362429,11.041415,11.0306015,10.395592,11.323238,10.455873,10.629502,10.483714,10.356327,10.510394,11.858278,10.843596,10.045307,11.808468,10.456861,10.311801,10.547187,10.121662,11.182211,10.79324,10.337255,10.898634,12.79407
11.029082,10.720572,11.202459,9.830562,9.993505,10.299493,9.685478,10.3621,11.041088,11.030266,10.395303,11.322903,10.455597,10.629154,10.483388,10.35603,10.510047,11.857914,10.843279,10.044989,11.80809,10.456536,10.311503,10.546853,10.1214,11.181848,10.792896,10.336993,10.898269,12.79369
11.027969,10.719571,11.201276,9.829693,9.992499,10.298384,9.684609,10.361005,11.040007,11.029179,10.394272,11.321747,10.45461,10.628218,10.482293,10.354995,10.508915,11.856817,10.842091,10.044042,11.806884,10.455689,10.310562,10.545925,10.1205225,11.180686,10.791773,10.335907,10.897132,12.79243
11.028014,10.719569,11.201479,9.829804,9.99267,10.298622,9.684618,10.361348,11.040069,11.029346,10.394359,11.321801,10.454779,10.628287,10.482327,10.355071,10.509165,11.856964,10.842313,10.044186,11.807167,10.4556465,10.310542,10.545908,10.1205635,11.180869,10.79192,10.336059,10.897262,12.792493
11.02826,10.719762,11.201574,9.830028,9.992679,10.298909,9.684731,10.361366,11.040222,11.029387,10.394504,11.321906,10.454948,10.628509,10.482615,10.355198,10.509277,11.857131,10.842506,10.044423,11.807229,10.455901,10.310614,10.546128,10.120645,11.181051,10.792056,10.336189,10.897385,12.792648
11.026992,10.718443,11.20039,9.828762,9.991909,10.297309,9.683644,10.360252,11.0389385,11.028216,10.393265,11.320636,10.453664,10.627141,10.481531,10.354077,10.508125,11.855846,10.841106,10.043068,11.806036,10.454707,10.309668,10.544774,10.119759,11.179686,10.790978,10.335263,10.895974,12.791112
11.028839,10.720328,11.202176,9.830419,9.993244,10.299241,9.685235,10.361849,11.04082,11.029996,10.395047,11.322619,10.455338,10.628958,10.483135,10.355778,10.509766,11.857613,10.843064,10.044788,11.807851,10.4563675,10.311282,10.546634,10.12117,11.181609,10.792692,10.336771,10.897967,12.79337
11.029304,10.720805,11.20271,9.830831,9.993662,10.299789,9.685699,10.362311,11.041285,11.030502,10.395519,11.323144,10.455816,10.629424,10.483616,10.356223,10.510309,11.858157,10.8434725,10.045198,11.80837,10.456783,10.311703,10.547102,10.121583,11.182079,10.793107,10.337159,10.898557,12.79393
11.028639,10.720108,11.201974,9.830245,9.993161,10.299098,9.685074,10.361746,11.040609,11.029789,10.394881,11.322392,10.455215,10.628782,10.482997,10.355538,10.509595,11.857451,10.842878,10.044599,11.807671,10.456138,10.311079,10.546438,10.121027,11.181432,10.792471,10.336536,10.897818,12.793173
11.029255,10.720778,11.202699,9.830758,9.993649,10.29971,9.685634,10.3623,11.041276,11.030443,10.395458,11.323081,10.455792,10.629389,10.483573,10.356182,10.510262,11.858163,10.843474,10.045179,11.808364,10.456686,10.311669,10.54705,10.121602,11.182075,10.793099,10.3371315,10.898528,12.793884
9.901776,9.575319,9.988516,8.838136,8.9334,9.212053,8.683955,9.280022,9.893411,9.9044,9.321854,10.135763,9.360109,9.457219,9.433125,9.31592,9.350218,10.639551,9.750544,9.043206,10.529239,9.351627,9.173864,9.454033,9.040808,10.003646,9.657842,9.315934,9.736767,11.420833
11.018563,10.709629,11.191508,9.821269,9.984532,10.289231,9.676216,10.350965,11.029188,11.019163,10.385451,11.3115425,10.445208,10.617276,10.474209,10.347478,10.49887,11.846159,10.833117,10.035923,11.795441,10.44578,10.301089,10.536222,10.112088,11.170592,10.7821,10.327994,10.886925,12.779398
11.0320425,10.723345,11.205324,9.833546,9.996356,10.30243,9.688414,10.364936,11.043931,11.033202,10.398113,11.325791,10.4585705,10.632024,10.486284,10.358942,10.512852,11.860813,10.84623,10.04787,11.810994,10.459492,10.31446,10.549815,10.124327,11.184821,10.795858,10.339867,10.90117,12.79659
11.032121,10.72341,11.205413,9.833554,9.996324,10.302542,9.688489,10.364952,11.044004,11.033288,10.398141,11.325856,10.458582,10.632084,10.486351,10.359046,10.512879,11.860892,10.846237,10.047866,11.811092,10.459572,10.314499,10.549947,10.1243515,11.184856,10.795938,10.339949,10.9013,12.796627
11.031909,10.7232895,11.205228,9.833481,9.996236,10.30232,9.688326,10.364812,11.043886,11.033122,10.398017,11.325686,10.458456,10.631895,10.486252,10.358905,10.512794,11.860789,10.846098,10.0477495,11.810901,10.45944,10.3143835,10.549776,10.124261,11.184691,10.795789,10.339839,10.901085,12.796511
11.032445,10.723805,11.205784,9.833935,9.996642,10.302807,9.688777,10.365316,11.044391,11.033653,10.398469,11.326239,10.458926,10.632394,10.486671,10.359381,10.513285,11.861253,10.846633,10.04818,11.811458,10.459885,10.314799,10.550233,10.124695,11.185218,10.7963085,10.340273,10.901645,12.797113
11.030833,10.722248,11.204235,9.83259,9.995319,10.301263,9.687513,10.363933,11.042742,11.032165,10.396963,11.324552,10.457563,10.630914,10.485193,10.357888,10.511871,11.859673,10.845182,10.046906,11.809988,10.458511,10.3134575,10.548786,10.123454,11.183773,10.794745,10.33893,10.900152,12.795311
11.031711,10.722968,11.2050495,9.833247,9.996089,10.302012,9.688177,10.364516,11.04366,11.032877,10.397873,11.3254175,10.458306,10.631638,10.486044,10.3585615,10.51244,11.860587,10.845872,10.047501,11.810719,10.459105,10.314173,10.549514,10.124122,11.184484,10.795631,10.339569,10.900915,12.796115
11.0317,10.722979,11.205008,9.833283,9.996048,10.30213,9.688096,10.3647,11.043638,11.032929,10.397764,11.325445,10.458264,10.631724,10.485985,10.358633,10.512566,11.860464,10.845928,10.047582,11.8106785,10.459223,10.314126,10.549504,10.124068,11.184461,10.795589,10.339602,10.90082,12.796199
11.031849,10.723206,11.205221,9.833509,9.99623,10.302209,9.6883335,10.364764,11.043818,11.0331545,10.397942,11.325668,10.458482,10.631787,10.486183,10.358924,10.512768,11.86071,10.846057,10.047707,11.810888,10.459349,10.314258,10.549618,10.124218,11.184693,10.795726,10.339831,10.901053,12.796448
11.031634,10.722979,11.204998,9.83322,9.995972,10.302071,9.688105,10.364609,11.043636,11.032915,10.397795,11.3254,10.458227,10.631628,10.485964,10.358608,10.512555,11.860453,10.845906,10.047537,11.810651,10.459137,10.314096,10.549489,10.123994,11.184418,10.795554,10.339623,10.90082,12.79625
11.032224,10.723568,11.205516,9.833737,9.996465,10.302593,9.688591,10.365103,11.044167,11.033392,10.398257,11.325973,10.458728,10.632177,10.486477,10.359141,10.513044,11.8610115,10.846433,10.047984,11.811165,10.459702,10.314588,10.549999,10.124505,11.185015,10.796078,10.340077,10.901399,12.79683
11.031776,10.723162,11.205156,9.83339,9.996151,10.3021755,9.688276,10.364675,11.043788,11.032957,10.397973,11.325575,10.458366,10.6317835,10.486076,10.358749,10.512619,11.860596,10.845977,10.047616,11.810771,10.4592705,10.314274,10.549582,10.124141,11.184587,10.795657,10.339668,10.9009695,12.796319
11.031524,10.7228985,11.204855,9.833098,9.995836,10.302044,9.688051,10.364438,11.043463,11.032742,10.397608,11.325337,10.458132,10.631525,10.485838,10.358587,10.5125,11.860209,10.845731,10.047342,11.810491,10.459078,10.313926,10.549359,10.123856,11.184245,10.795365,10.339511,10.900819,12.795984
11.032089,10.72344,11.2054,9.833573,9.996314,10.302462,9.688469,10.364919,11.044007,11.03325,10.398109,11.3258295,10.458566,10.632016,10.486313,10.359051,10.512886,11.860853,10.846248,10.047829,11.811057,10.459528,10.314438,10.54986,10.124352,11.184811,10.795944,10.339949,10.901286,12.796627
11.031391,10.722814,11.204704,9.833018,9.995653,10.301818,9.68785,10.364398,11.043345,11.032584,10.397375,11.325059,10.457938,10.631384,10.485638,10.358493,10.51235,11.860193,10.845553,10.047196,11.810269,10.458899,10.313729,10.549183,10.123823,11.184083,10.795204,10.339423,10.900514,12.795788
11.025759,10.716882,11.1980915,9.827907,9.990471,10.2955,9.683185,10.358756,11.037375,11.0266,10.391715,11.318592,10.452385,10.625809,10.480213,10.352736,10.506404,11.853739,10.840105,10.042196,11.803685,10.453438,10.308191,10.543887,10.11873,11.178388,10.789344,10.334026,10.894355,12.7889805
11.031259,10.722637,11.204614,9.832978,9.995594,10.301716,9.687863,10.364348,11.043203,11.0326605,10.397292,11.325008,10.457897,10.631298,10.485586,10.358341,10.512247,11.860067,10.845449,10.04717,11.810274,10.458933,10.313728,10.549228,10.123761,11.184107,10.79507,10.3392725,10.900513,12.7957325
11.031812,10.723123,11.205119,9.833408,9.996031,10.302129,9.68825,10.364646,11.043738,11.033022,10.397836,11.325519,10.458352,10.631726,10.486082,10.358744,10.512578,11.860571,10.846039,10.047623,11.810787,10.459225,10.314151,10.549611,10.124123,11.184511,10.795677,10.3397045,10.900974,12.796308
11.032299,10.723646,11.205619,9.833797,9.996506,10.302662,9.6886635,10.365193,11.044243,11.033515,10.398309,11.326091,10.4587555,10.632231,10.486561,10.359252,10.513117,11.861075,10.846488,10.048053,11.811262,10.459776,10.314671,10.550105,10.124557,11.185079,10.796164,10.340157,10.901477,12.796935
11.032021,10.7234125,11.205401,9.833622,9.996363,10.302448,9.688469,10.365001,11.043985,11.033309,10.398089,11.325851,10.4586,10.632005,10.486315,10.359062,10.512951,11.860871,10.846241,10.047837,11.811051,10.459534,10.314417,10.549846,10.12437,11.184882,10.795921,10.339953,10.901272,12.796644
11.031476,10.722757,11.204743,9.832946,9.995805,10.301815,9.68799,10.364282,11.043387,11.032629,10.397524,11.32522,10.457989,10.631427,10.485773,10.358436,10.512197,11.860135,10.845687,10.047188,11.810412,10.458986,10.313871,10.549267,10.123779,11.184203,10.795384,10.339432,10.900684,12.795841
11.0312195,10.722427,11.204334,9.832754,9.99549,10.301559,9.687707,10.364163,11.0429945,11.032336,10.397335,11.324754,10.457785,10.631168,10.485474,10.358059,10.511912,11.859975,10.8452835,10.047125,11.810066,10.458658,10.3136635,10.549066,10.123546,11.183927,10.79486,10.339047,10.900237,12.795454
11.031858,10.723271,11.205177,9.833458,9.996216,10.302286,9.688318,10.364822,11.043824,11.033097,10.39797,11.325648,10.458461,10.631894,10.486179,10.358823,10.512802,11.860654,10.8461275,10.047704,11.810872,10.459404,10.314304,10.54973,10.124207,11.18471,10.795777,10.339768,10.901182,12.79649
11.031493,10.722806,11.204689,9.833045,9.995788,10.301754,9.687983,10.36437,11.043405,11.032639,10.397509,11.325203,10.458036,10.63158,10.485748,10.358385,10.512378,11.860158,10.845702,10.047364,11.810402,10.459019,10.31394,10.549388,10.123888,11.184213,10.795393,10.339311,10.900686,12.79596
11.030397,10.721801,11.203836,9.832325,9.995004,10.301093,9.687249,10.363551,11.042318,11.03184,10.396721,11.324213,10.457341,10.630614,10.48476,10.3575325,10.511474,11.85925,10.844762,10.046677,11.809627,10.45812,10.313121,10.548351,10.123034,11.183339,10.794209,10.338519,10.899676,12.794803
11.030969,10.722285,11.204271,9.832521,9.995383,10.301378,9.687561,10.363772,11.042759,11.032088,10.39693,11.324623,10.457482,10.630911,10.485149,10.358015,10.511766,11.8596115,10.845018,10.046676,11.809935,10.458553,10.313406,10.548761,10.123301,11.183656,10.794879,10.339007,10.900163,12.795167
11.030402,10.721793,11.20362,9.831965,9.99501,10.300754,9.686899,10.363346,11.042227,11.031515,10.396508,11.323956,10.456962,10.63035,10.484726,10.357452,10.511286,11.859113,10.844571,10.046161,11.809402,10.457863,10.312977,10.548198,10.122888,11.183197,10.794453,10.338532,10.899641,12.794543
11.031234,10.722528,11.204513,9.832778,9.995525,10.301793,9.68768,10.364058,11.043074,11.032463,10.397434,11.324825,10.457783,10.631215,10.485582,10.358212,10.511988,11.860174,10.84531,10.047143,11.810326,10.458693,10.313712,10.549169,10.123583,11.18389,10.795143,10.339156,10.900464,12.795596
11.031472,10.722861,11.204748,9.833071,9.995766,10.301863,9.687956,10.364423,11.043435,11.032669,10.397569,11.32519,10.458048,10.631457,10.485727,10.358442,10.512333,11.860227,10.845721,10.047321,11.810444,10.459024,10.313927,10.549317,10.123812,11.18424,10.795404,10.339368,10.900734,12.795986
11.032457,10.72379,11.205785,9.833956,9.996645,10.302808,9.688793,10.365323,11.044388,11.033659,10.398461,11.326243,10.458932,10.632392,10.486685,10.35939,10.513287,11.861244,10.846639,10.048181,11.811444,10.459898,10.314793,10.550226,10.124699,11.185233,10.796284,10.340303,10.901633,12.79711
11.0320215,10.723342,11.205332,9.833583,9.996283,10.302381,9.688413,10.364942,11.043979,11.03323,10.398068,11.3257885,10.458518,10.632001,10.486269,10.358966,10.512857,11.860785,10.84624,10.047792,11.810984,10.459536,10.314419,10.54981,10.124357,11.184757,10.79589,10.339901,10.901162,12.79657
11.031811,10.723049,11.205094,9.833303,9.996043,10.302143,9.6881895,10.364597,11.043732,11.032929,10.39779,11.325505,10.458336,10.631732,10.486059,10.358718,10.512591,11.860542,10.845976,10.047539,11.810756,10.45915,10.314106,10.549529,10.124114,11.184473,10.795657,10.339728,10.900933,12.796213
11.031633,10.722969,11.205036,9.833233,9.99596,10.302179,9.688161,10.364556,11.0436125,11.032957,10.397841,11.325397,10.458242,10.631652,10.486044,10.358642,10.512485,11.86058,10.845854,10.047552,11.8107,10.4591675,10.314123,10.549574,10.124019,11.184427,10.795566,10.339577,10.900932,12.7961645
11.031379,10.722689,11.204606,9.832941,9.995626,10.301605,9.687885,10.3641815,11.043265,11.032511,10.397385,11.325074,10.457898,10.631381,10.485668,10.35831,10.51209,11.860054,10.845531,10.0471525,11.810329,10.458841,10.313816,10.549283,10.123755,11.184032,10.79524,10.339244,10.900501,12.795805
11.030278,10.72159,11.20347,9.831878,9.994526,10.300721,9.686867,10.363217,11.042157,11.031258,10.396232,11.323745,10.456839,10.630309,10.484653,10.357208,10.511121,11.858864,10.844499,10.046214,11.808983,10.457773,10.312686,10.548258,10.122781,11.1829405,10.794107,10.3383,10.899348,12.794447
11.031982,10.72337,11.2053585,9.833565,9.996319,10.302406,9.688463,10.364942,11.0439205,11.033269,10.398048,11.325831,10.458553,10.632001,10.486258,10.359015,10.512924,11.860776,10.846186,10.047788,11.811044,10.459528,10.314428,10.549839,10.124354,11.184831,10.795864,10.339922,10.901238,12.796587
11.031546,10.722857,11.204854,9.833212,9.995899,10.302027,9.688022,10.364561,11.043417,11.03274,10.397699,11.325186,10.458167,10.631577,10.485716,10.358465,10.512435,11.860323,10.845882,10.047474,11.810483,10.459108,10.313992,10.549325,10.123969,11.184292,10.795323,10.339502,10.90064,12.796092
11.031321,10.722642,11.204575,9.832876,9.995641,10.301672,9.687848,10.3642,11.043317,11.032499,10.397383,11.325072,10.457908,10.631415,10.48554,10.358271,10.512157,11.86001,10.84555,10.047174,11.810231,10.458828,10.313755,10.549161,10.123688,11.183997,10.795283,10.339242,10.900465,12.795753
11.031909,10.723258,11.205342,9.833507,9.996357,10.302373,9.688366,10.364922,11.043879,11.033165,10.398119,11.325746,10.45857,10.631969,10.486185,10.358837,10.512855,11.860749,10.846199,10.047828,11.810994,10.459444,10.314432,10.549691,10.124297,11.184717,10.795808,10.339847,10.901069,12.796498
11.03126,10.722559,11.204477,9.832806,9.995406,10.301575,9.68773,10.364081,11.043137,11.03237,10.397137,11.324849,10.457754,10.63112,10.485456,10.358281,10.511984,11.859904,10.845346,10.047027,11.810119,10.458729,10.313525,10.549016,10.123569,11.18379,10.795002,10.33923,10.90027,12.795543
11.031814,10.723149,11.20513,9.833338,9.9961405,10.302195,9.688281,10.36473,11.043716,11.033037,10.397913,11.325571,10.45836,10.631761,10.486095,10.358786,10.512613,11.8605585,10.846048,10.047654,11.810764,10.459326,10.314232,10.54961,10.124178,11.18462,10.795691,10.339724,10.900995,12.79634
11.030709,10.72201,11.203809,9.832338,9.995097,10.301135,9.687176,10.3636675,11.04252,11.031612,10.396659,11.324181,10.457358,10.6307,10.484974,10.357606,10.511522,11.859268,10.844816,10.046643,11.8094425,10.458178,10.31301,10.548424,10.12311,11.183541,10.794431,10.338655,10.899672,12.7948065
11.031967,10.72332,11.205268,9.833502,9.99626,10.302343,9.688348,10.3649,11.043893,11.033141,10.398016,11.3256855,10.458495,10.63195,10.486174,10.358883,10.51281,11.860764,10.846122,10.047781,11.810937,10.459467,10.314393,10.549735,10.124267,11.184756,10.795797,10.339829,10.901077,12.796504
11.030334,10.721779,11.203381,9.831896,9.994656,10.300586,9.686828,10.363361,11.042143,11.0313,10.3962755,11.323825,10.456844,10.630184,10.4846,10.357496,10.511325,11.858854,10.8443,10.046136,11.809018,10.457928,10.312731,10.548069,10.122849,11.182933,10.793927,10.33847,10.89926,12.79446
11.031375,10.7226305,11.204725,9.832954,9.995646,10.301825,9.687869,10.364233,11.043322,11.032578,10.3975935,11.325049,10.4579935,10.631355,10.485752,10.358252,10.51216,11.860236,10.845545,10.047178,11.810393,10.458836,10.313828,10.549271,10.123846,11.184113,10.7953205,10.339292,10.900615,12.795794
11.031926,10.723353,11.205223,9.83353,9.996136,10.302344,9.688318,10.364888,11.04392,11.033153,10.397996,11.325642,10.458459,10.631918,10.486179,10.358899,10.512828,11.860744,10.846133,10.047721,11.810881,10.459427,10.314272,10.54977,10.124252,11.184674,10.795791,10.339807,10.901141,12.796546
11.030124,10.721587,11.203307,9.831998,9.994627,10.300467,9.686696,10.363182,11.042113,11.031415,10.39636,11.323798,10.456801,10.630256,10.48447,10.357225,10.511223,11.858802,10.844288,10.046053,11.809098,10.457836,10.312783,10.548098,10.122626,11.182919,10.794146,10.338159,10.899388,12.794494
11.02822,10.720132,11.201369,9.830936,9.993011,10.298973,9.685618,10.3614855,11.040105,11.02982,10.394848,11.3219185,10.455705,10.628546,10.482655,10.355728,10.509969,11.857049,10.8426895,10.044869,11.807424,10.456236,10.310988,10.546592,10.121159,11.181094,10.79193,10.336767,10.898062,12.792667
11.029734,10.721316,11.202967,9.831875,9.99431,10.300336,9.686611,10.362809,11.04175,11.031378,10.396083,11.323512,10.456522,10.629958,10.483961,10.356759,10.510828,11.858368,10.843882,10.045791,11.808873,10.457848,10.312615,10.547702,10.122336,11.182651,10.793743,10.337702,10.899109,12.794091
11.03098,10.722387,11.204263,9.832617,9.99541,10.30145,9.687496,10.363954,11.04299,11.032143,10.39709,11.324738,10.457599,10.631117,10.485353,10.357981,10.511946,11.859713,10.845209,10.046957,11.809844,10.458641,10.313481,10.548908,10.123453,11.18373,10.794915,10.338948,10.90009,12.795377
11.031538,10.722882,11.204811,9.83329,9.995831,10.301906,9.688049,10.364529,11.043504,11.032779,10.397661,11.325231,10.458194,10.631494,10.485765,10.358502,10.51251,11.860385,10.84575,10.04742,11.81054,10.459011,10.313934,10.54937,10.123921,11.184287,10.795311,10.339476,10.900744,12.796025
11.030699,10.722044,11.204072,9.832306,9.995116,10.30115,9.687301,10.363739,11.0426035,11.031991,10.396732,11.324329,10.457249,10.630622,10.484877,10.357785,10.511527,11.859393,10.844969,10.046602,11.809626,10.458401,10.313259,10.548503,10.123183,11.183355,10.794564,10.338857,10.899739,12.795037
11.030895,10.722222,11.204267,9.8325205,9.995503,10.301362,9.687572,10.363943,11.042896,11.032162,10.3972225,11.324661,10.457666,10.631058,10.485195,10.357736,10.511889,11.859724,10.845216,10.047033,11.810038,10.458401,10.313652,10.548812,10.12351,11.183772,10.794933,10.338827,10.900132,12.795351
11.031424,10.722756,11.204666,9.833046,9.995672,10.301785,9.687829,10.364328,11.043277,11.032655,10.3974695,11.3250675,10.457973,10.631336,10.485628,10.358373,10.512235,11.860202,10.845548,10.047266,11.810442,10.458855,10.313781,10.549238,10.123749,11.184119,10.795269,10.339281,10.9005995,12.795854
11.030914,10.722206,11.204209,9.832681,9.995389,10.301406,9.687561,10.363943,11.042793,11.032197,10.3971,11.324599,10.457676,10.630973,10.48526,10.357836,10.511864,11.8597145,10.845203,10.046927,11.809951,10.458633,10.313478,10.548943,10.12348,11.183772,10.794782,10.338916,10.900133,12.795342
11.032067,10.723387,11.205444,9.833629,9.996365,10.302514,9.688511,10.364963,11.044011,11.033332,10.398146,11.325907,10.458621,10.632054,10.486389,10.359039,10.512981,11.86088,10.846254,10.047886,11.811112,10.459562,10.314484,10.549906,10.124384,11.18487,10.79595,10.339971,10.901333,12.796665
11.031245,10.722458,11.204623,9.832921,9.995574,10.301717,9.6879,10.364113,11.043158,11.0325165,10.397479,11.324921,10.457962,10.6311655,10.485561,10.35811,10.512055,11.860038,10.845522,10.047114,11.810244,10.458834,10.313757,10.549171,10.123849,11.184025,10.795102,10.339249,10.900462,12.795615
11.031999,10.723248,11.205381,9.833531,9.996306,10.302339,9.688478,10.364838,11.043926,11.033276,10.398139,11.325768,10.458582,10.63191,10.486324,10.358867,10.512804,11.860871,10.846153,10.047757,11.811085,10.459433,10.314451,10.549824,10.124397,11.184793,10.795895,10.339876,10.901256,12.796498
11.0317545,10.723061,11.205062,9.833376,9.996027,10.302222,9.6882925,10.3646555,11.043728,11.033002,10.3979,11.32552,10.458328,10.631757,10.486095,10.358692,10.512588,11.860604,10.845943,10.047576,11.810719,10.459328,10.314198,10.549656,10.124142,11.1845,10.795567,10.339661,10.900954,12.7962475
11.031427,10.722874,11.204811,9.833235,9.995863,10.301915,9.687958,10.364415,11.043385,11.032732,10.397579,11.325135,10.45819,10.631495,10.485897,10.358468,10.512538,11.860376,10.845737,10.04745,11.810533,10.459005,10.313895,10.549372,10.123888,11.184312,10.795331,10.33949,10.900773,12.796057
11.030412,10.721945,11.203949,9.832158,9.995096,10.301025,9.68726,10.3633995,11.042372,11.031789,10.396697,11.324206,10.457272,10.630542,10.48498,10.357678,10.511577,11.85941,10.844762,10.046539,11.809727,10.457951,10.313174,10.548482,10.123144,11.183402,10.794471,10.338627,10.9000435,12.794812
11.031788,10.723078,11.205118,9.833466,9.996143,10.302178,9.688317,10.364705,11.043723,11.0330925,10.397887,11.325622,10.458413,10.631752,10.486126,10.358798,10.512735,11.860608,10.845966,10.047624,11.810854,10.459324,10.314246,10.54962,10.124148,11.1846075,10.795627,10.339751,10.901021,12.796315
11.031833,10.723115,11.20517,9.833395,9.996104,10.302263,9.68827,10.364776,11.043764,11.033028,10.397882,11.325531,10.458368,10.631796,10.486074,10.358724,10.512662,11.860606,10.84604,10.047688,11.81075,10.4593315,10.314217,10.54962,10.124215,11.184604,10.7957115,10.339745,10.900944,12.796378
9.756115,9.466253,9.897042,8.702531,8.859962,9.0501,8.538903,9.202877,9.723305,9.744867,9.173353,9.9754505,9.238566,9.348825,9.292568,9.21396,9.256916,10.435071,9.6025715,8.911888,10.38631,9.251042,9.083459,9.304092,8.98936,9.872416,9.515728,9.207227,9.538786,11.300995
11.030001,10.721404,11.202881,9.831816,9.994803,10.300072,9.686591,10.362583,11.041394,11.030729,10.396203,11.323303,10.456473,10.629376,10.484822,10.357589,10.51045,11.858275,10.844078,10.046206,11.807853,10.457227,10.31261,10.547468,10.122607,11.18238,10.793413,10.338187,10.898231,12.793137
11.0348015,10.726129,11.208201,9.836399,9.999086,10.305266,9.691234,10.367687,11.046803,11.036055,10.40089,11.328621,10.461316,10.634759,10.489108,10.361795,10.515603,11.863656,10.849083,10.050562,11.813801,10.462381,10.317283,10.55267,10.127187,11.187547,10.798739,10.342726,10.903846,12.799318
11.034396,10.725755,11.207854,9.836085,9.99884,10.3048935,9.690922,10.367416,11.04639,11.035769,10.400503,11.328283,10.461016,10.634445,10.488787,10.361443,10.51537,11.863253,10.848607,10.050268,11.813517,10.461963,10.316905,10.552321,10.126811,11.187256,10.798416,10.342352,10.903574,12.7988615
11.035151,10.726462,11.20858,9.836746,9.999392,10.305645,9.691583,10.368067,11.047147,11.036442,10.401216,11.329013,10.461704,10.635111,10.489459,10.362129,10.516042,11.864025,10.849412,10.050934,11.814212,10.462668,10.317564,10.553017,10.127467,11.18797,10.799043,10.343044,10.904276,12.799751
11.03425,10.72555,11.207496,9.835822,9.998596,10.304637,9.690805,10.367075,11.04624,11.035386,10.40028,11.32799,10.460837,10.634146,10.488492,10.361249,10.514982,11.862968,10.848458,10.05005,11.81315,10.461731,10.316678,10.552018,10.126602,11.186973,10.798163,10.342159,10.903283,12.798554
11.033721,10.725073,11.207168,9.835398,9.998147,10.304217,9.690468,10.366575,11.045616,11.034999,10.399866,11.327532,10.46039,10.633698,10.488143,10.360755,10.514544,11.862583,10.847879,10.049576,11.812797,10.461394,10.3163185,10.551744,10.126269,11.18645,10.797722,10.341728,10.902949,12.79799
9.924478,9.623466,10.060641,8.847625,9.006864,9.256088,8.698357,9.317891,9.901133,9.909755,9.358588,10.169817,9.409139,9.535583,9.460172,9.354848,9.418319,10.676123,9.768846,9.075526,10.5711975,9.3870325,9.249685,9.474767,9.124834,10.047642,9.682151,9.310434,9.769753,11.457892
11.0307865,10.722381,11.204155,9.833402,9.996297,10.301451,9.687831,10.363638,11.04249,11.031929,10.39762,11.324598,10.457739,10.63054,10.486284,10.358919,10.511382,11.859435,10.845532,10.047665,11.808762,10.458251,10.313509,10.548654,10.123997,11.183628,10.794482,10.339184,10.899236,12.793514
11.037815,10.729189,11.211352,9.839391,10.00216,10.308415,9.694266,10.370745,11.0499325,11.039045,10.403945,11.331777,10.464372,10.637818,10.492294,10.364782,10.518706,11.86682,10.85201,10.053678,11.817,10.465244,10.320272,10.555737,10.130089,11.19061,10.801777,10.345639,10.906789,12.802182
11.037858,10.729228,11.211391,9.839423,10.002194,10.308459,9.6943035,10.370789,11.049975,11.039087,10.403977,11.331818,10.464407,10.637864,10.492326,10.364815,10.518747,11.866859,10.852045,10.053713,11.81705,10.465288,10.320307,10.555779,10.130121,11.190648,10.801823,10.345673,10.906834,12.802234
11.037858,10.729228,11.211391,9.839424,10.002194,10.308459,9.694304,10.370789,11.049975,11.039087,10.403977,11.331818,10.464408,10.637864,10.492326,10.364815,10.518747,11.866859,10.852045,10.053713,11.81705,10.465288,10.320307,10.55578,10.130121,11.190648,10.801823,10.345673,10.906834,12.802235
11.037858,10.729228,11.211391,9.839424,10.002194,10.308459,9.694304,10.370789,11.049975,11.039087,10.403977,11.331818,10.464408,10.637864,10.492326,10.364815,10.518747,11.866859,10.852045,10.053713,11.81705,10.465288,10.320307,10.55578,10.130121,11.190648,10.801823,10.345673,10.906834,12.802235
11.037858,10.729228,11.211391,9.839424,10.002194,10.308459,9.694304,10.370789,11.049975,11.039087,10.403977,11.331818,10.464408,10.637864,10.492326,10.364815,10.518747,11.866859,10.852045,10.053713,11.81705,10.465288,10.320307,10.55578,10.130121,11.190648,10.801823,10.345673,10.906834,12.802235
11.037842,10.729207,11.211366,9.839418,10.002146,10.30845,9.694294,10.370762,11.049973,11.039038,10.40398,11.331779,10.464384,10.63785,10.492305,10.36477,10.518726,11.866817,10.852039,10.053678,11.81698,10.465277,10.320273,10.555758,10.1301155,11.190611,10.801781,10.345654,10.906794,12.802201
11.037809,10.72918,11.211305,9.839372,10.002101,10.308394,9.694237,10.37074,11.049926,11.039006,10.403915,11.331721,10.464346,10.6377945,10.492239,10.364747,10.518685,11.866765,10.85198,10.053627,11.816943,10.465242,10.320213,10.555719,10.130066,11.190581,10.801749,10.345612,10.906755,12.802161
11.03781,10.729181,11.211304,9.839373,10.002101,10.308394,9.694238,10.37074,11.049926,11.039006,10.403915,11.331722,10.464345,10.637795,10.49224,10.364747,10.518685,11.866765,10.851981,10.053627,11.816943,10.465241,10.320213,10.555718,10.130066,11.19058,10.801748,10.345612,10.9067545,12.802161
11.037927,10.729293,11.211464,9.839491,10.002252,10.308514,9.6943655,10.3708515,11.050051,11.03916,10.40406,11.331882,10.464486,10.637923,10.492394,10.364859,10.51881,11.866943,10.852111,10.053766,11.817133,10.4653425,10.320376,10.555855,10.130196,11.190731,10.801891,10.345731,10.906914,12.802312
11.037927,10.729293,11.211465,9.839491,10.002253,10.308514,9.694366,10.370851,11.050051,11.03916,10.40406,11.331883,10.464487,10.637922,10.492394,10.364859,10.518809,11.866944,10.852111,10.053767,11.817133,10.4653425,10.320377,10.555855,10.130198,11.190731,10.801892,10.34573,10.906915,12.802314
11.037878,10.72925,11.211412,9.83946,10.002195,10.30848,9.69433,10.370806,11.05002,11.039086,10.404027,11.331824,10.46444,10.637886,10.492343,10.364808,10.518769,11.8668785,10.852075,10.053713,11.817047,10.46531,10.320313,10.5557995,10.130157,11.190676,10.801836,10.345685,10.906851,12.802255
11.037878,10.729251,11.211412,9.839459,10.002194,10.308481,9.694331,10.370807,11.050019,11.039085,10.404027,11.331824,10.464439,10.637884,10.492342,10.364807,10.518769,11.866878,10.852075,10.053712,11.817046,10.46531,10.3203125,10.555799,10.130156,11.190676,10.801836,10.345686,10.90685,12.802254
11.037878,10.729251,11.211412,9.839459,10.002194,10.308481,9.694331,10.370807,11.050019,11.039085,10.404027,11.331824,10.464439,10.637884,10.492342,10.364807,10.518769,11.866878,10.852075,10.053712,11.817046,10.46531,10.3203125,10.555799,10.130156,11.190676,10.801836,10.345686,10.90685,12.802254
11.037878,10.729251,11.211412,9.839459,10.002194,10.308481,9.694331,10.370807,11.050019,11.039085,10.404027,11.331824,10.464439,10.637884,10.492342,10.364807,10.518769,11.866878,10.852075,10.053712,11.817046,10.46531,10.3203125,10.555799,10.130156,11.190676,10.801836,10.345686,10.90685,12.802254
11.037677,10.729095,11.211223,9.839346,10.00204,10.308316,9.694189,10.370655,11.049843,11.038939,10.403871,11.331639,10.464299,10.637725,10.492204,10.364658,10.518636,11.866724,10.851893,10.053589,11.816888,10.465159,10.320161,10.5556555,10.129993,11.19052,10.801646,10.345522,10.9067135,12.802073
11.037578,10.729005,11.211075,9.839244,10.001907,10.308212,9.694062,10.370569,11.049724,11.038835,10.403731,11.331498,10.464173,10.637613,10.492058,10.364567,10.518532,11.866592,10.851773,10.053478,11.81676,10.46507,10.320033,10.555554,10.129873,11.1903925,10.801531,10.345415,10.906605,12.801951
11.037877,10.72925,11.211411,9.839459,10.002193,10.30848,9.69433,10.370807,11.050017,11.039085,10.404026,11.331822,10.464437,10.637883,10.492341,10.364806,10.518766,11.866877,10.852074,10.053712,11.817045,10.46531,10.320313,10.555799,10.130156,11.190674,10.801835,10.345685,10.906846,12.802253
11.037928,10.729293,11.211464,9.839491,10.002252,10.308515,9.6943655,10.370851,11.050051,11.03916,10.404062,11.331883,10.464487,10.637923,10.492394,10.364859,10.518809,11.866944,10.852111,10.053766,11.817133,10.465342,10.320377,10.555855,10.130196,11.190731,10.801892,10.34573,10.906915,12.802313
11.037579,10.729006,11.211075,9.839246,10.001906,10.308213,9.694064,10.370571,11.049724,11.0388365,10.403733,11.3315,10.464176,10.637614,10.492059,10.364568,10.518532,11.866592,10.851775,10.05348,11.816761,10.465071,10.320033,10.555554,10.129873,11.190394,10.801532,10.345416,10.906606,12.801953
11.037579,10.729005,11.211074,9.839245,10.001906,10.30821,9.694062,10.370569,11.049723,11.038835,10.403731,11.331497,10.464174,10.637612,10.492058,10.364566,10.518531,11.8665905,10.851773,10.053477,11.816759,10.46507,10.320031,10.555555,10.129871,11.190392,10.801531,10.345415,10.906604,12.801951
11.037579,10.729005,11.211074,9.839245,10.001906,10.30821,9.694062,10.370569,11.049723,11.038835,10.403731,11.331497,10.464174,10.637612,10.492058,10.364566,10.518531,11.8665905,10.851773,10.053477,11.816759,10.46507,10.320031,10.555555,10.129871,11.190392,10.801531,10.345415,10.906604,12.801951
11.037579,10.729005,11.211074,9.839245,10.001906,10.30821,9.694062,10.370569,11.049723,11.038835,10.403731,11.331497,10.464174,10.637612,10.492058,10.364566,10.518531,11.8665905,10.851773,10.053477,11.816759,10.46507,10.320031,10.555555,10.129871,11.190392,10.801531,10.345415,10.906604,12.801951
11.037579,10.729005,11.211074,9.839245,10.001906,10.30821,9.694062,10.370569,11.049723,11.038835,10.403731,11.331497,10.464174,10.637612,10.492058,10.364566,10.518531,11.8665905,10.851773,10.053477,11.816759,10.46507,10.320031,10.555555,10.129871,11.190392,10.801531,10.345415,10.906604,12.801951
11.0377245,10.72911,11.2112255,9.839325,10.002052,10.308347,9.6941805,10.370659,11.0498295,11.038947,10.403877,11.33166,10.464296,10.63774,10.492205,10.364668,10.518634,11.866702,10.851901,10.053568,11.816898,10.465178,10.320171,10.555674,10.129986,11.1905155,10.801678,10.345532,10.906733,12.802084
11.03781,10.72918,11.211304,9.839372,10.0021,10.3083935,9.694238,10.37074,11.049926,11.039006,10.403914,11.331723,10.464345,10.6377945,10.492239,10.364746,10.518685,11.866765,10.851979,10.053625,11.816943,10.465241,10.320212,10.555717,10.130064,11.19058,10.801748,10.345612,10.906755,12.80216
11.037877,10.729251,11.211412,9.839459,10.002194,10.30848,9.694331,10.370807,11.050018,11.039085,10.404026,11.331823,10.464439,10.637885,10.492343,10.364807,10.518768,11.866877,10.852074,10.053713,11.817045,10.465311,10.3203125,10.5557995,10.130154,11.190675,10.801836,10.345685,10.906849,12.802254
11.037878,10.729251,11.211412,9.839459,10.002194,10.308481,9.694331,10.370807,11.050019,11.039085,10.404027,11.331824,10.464439,10.637884,10.492342,10.364807,10.518769,11.866878,10.852075,10.053712,11.817046,10.46531,10.3203125,10.555799,10.130156,11.190676,10.801836,10.345686,10.90685,12.802254
11.037878,10.729251,11.211412,9.839459,10.002194,10.308481,9.694331,10.370807,11.050019,11.039085,10.404027,11.331824,10.464439,10.637884,10.492342,10.364807,10.518769,11.866878,10.852075,10.053712,11.817046,10.46531,10.3203125,10.555799,10.130156,11.190676,10.801836,10.345686,10.90685,12.802254
11.037809,10.72918,11.211306,9.839374,10.002102,10.308395,9.694238,10.370741,11.049926,11.039006,10.403916,11.331721,10.464346,10.637795,10.49224,10.364747,10.518686,11.866766,10.851981,10.053627,11.816944,10.465243,10.320214,10.555719,10.130066,11.190582,10.801749,10.345613,10.906756,12.802161
11.037809,10.72918,11.211304,9.839373,10.002101,10.308394,9.694238,10.37074,11.049926,11.039006,10.403915,11.331722,10.464346,10.637795,10.49224,10.364747,10.518685,11.866765,10.851981,10.053627,11.816943,10.465241,10.320213,10.555718,10.130066,11.19058,10.801748,10.345612,10.9067545,12.802161
11.037656,10.729052,11.211155,9.839299,10.001987,10.308265,9.694129,10.370618,11.049765,11.038902,10.403812,11.331562,10.46423,10.637656,10.49214,10.364614,10.518584,11.866656,10.8518505,10.053523,11.8168335,10.465139,10.320113,10.555613,10.129927,11.190465,10.801605,10.34549,10.906679,12.802022
11.037655,10.72905,11.211154,9.839299,10.0019865,10.308264,9.694128,10.370617,11.049764,11.038902,10.403811,11.331561,10.464229,10.637655,10.49214,10.364613,10.518583,11.866655,10.85185,10.053523,11.8168335,10.465138,10.320112,10.555612,10.129929,11.190463,10.801603,10.345489,10.906679,12.802021
11.037877,10.72925,11.2114105,9.83946,10.002194,10.308479,9.69433,10.370807,11.050018,11.039086,10.404026,11.331825,10.464437,10.637884,10.492342,10.364807,10.518767,11.866878,10.852074,10.053712,11.817044,10.46531,10.3203125,10.5557995,10.130156,11.190675,10.801835,10.345685,10.906848,12.802253
11.037921,10.729292,11.211443,9.83948,10.002248,10.308499,9.694345,10.370857,11.050048,11.039133,10.404037,11.331868,10.464478,10.637923,10.492385,10.364855,10.518807,11.866925,10.852113,10.0537615,11.817119,10.465324,10.320351,10.555839,10.13018,11.190725,10.801888,10.34572,10.906899,12.802301
11.037921,10.729292,11.211444,9.83948,10.002248,10.3085,9.694345,10.370857,11.050047,11.039133,10.4040365,11.331868,10.464478,10.637924,10.492385,10.364856,10.518809,11.866925,10.852114,10.053762,11.81712,10.465323,10.32035,10.55584,10.13018,11.190726,10.801887,10.34572,10.9068985,12.802302
11.037921,10.729292,11.211444,9.83948,10.002248,10.3085,9.694345,10.370857,11.050047,11.039133,10.4040365,11.331868,10.464478,10.637924,10.492385,10.364856,10.518809,11.866925,10.852114,10.053762,11.81712,10.465323,10.32035,10.55584,10.13018,11.190726,10.801887,10.34572,10.9068985,12.802302
11.037921,10.729292,11.211444,9.83948,10.002248,10.3085,9.694345,10.370857,11.050047,11.039133,10.4040365,11.331868,10.464478,10.637924,10.492385,10.364856,10.518809,11.866925,10.852114,10.053762,11.81712,10.465323,10.32035,10.55584,10.13018,11.190726,10.801887,10.34572,10.9068985,12.802302
11.037921,10.729292,11.211444,9.83948,10.002248,10.3085,9.694345,10.370857,11.050047,11.039133,10.4040365,11.331868,10.464478,10.637924,10.492385,10.364856,10.518809,11.866925,10.852114,10.053762,11.81712,10.465323,10.32035,10.55584,10.13018,11.190726,10.801887,10.34572,10.9068985,12.802302
11.037921,10.729292,11.211444,9.83948,10.002248,10.3085,9.694345,10.370857,11.050047,11.039133,10.4040365,11.331868,10.464478,10.637924,10.492385,10.364856,10.518809,11.866925,10.852114,10.053762,11.81712,10.465323,10.32035,10.55584,10.13018,11.190726,10.801887,10.34572,10.9068985,12.802302
11.037921,10.729292,11.211444,9.83948,10.002248,10.3085,9.694345,10.370857,11.050047,11.039133,10.4040365,11.331868,10.464478,10.637924,10.492385,10.364856,10.518809,11.866925,10.852114,10.053762,11.81712,10.465323,10.32035,10.55584,10.13018,11.190726,10.801887,10.34572,10.9068985,12.802302
11.037921,10.729292,11.211444,9.83948,10.002248,10.3085,9.694345,10.370857,11.050047,11.039133,10.4040365,11.331868,10.464478,10.637924,10.492385,10.364856,10.518809,11.866925,10.852114,10.053762,11.81712,10.465323,10.32035,10.55584,10.13018,11.190726,10.801887,10.34572,10.9068985,12.802302
11.037921,10.729292,11.211444,9.83948,10.002248,10.3085,9.694345,10.370857,11.050047,11.039133,10.4040365,11.331868,10.464478,10.637924,10.492385,10.364856,10.518809,11.866925,10.852114,10.053762,11.81712,10.465323,10.32035,10.55584,10.13018,11.190726,10.801887,10.34572,10.9068985,12.802302
11.037921,10.729292,11.211444,9.83948,10.002248,10.3085,9.694345,10.370857,11.050047,11.039133,10.4040365,11.331868,10.464478,10.637924,10.492385,10.364856,10.518809,11.866925,10.852114,10.053762,11.81712,10.465323,10.32035,10.55584,10.13018,11.190726,10.801887,10.34572,10.9068985,12.802302
11.037921,10.729292,11.211444,9.83948,10.002248,10.3085,9.694345,10.370857,11.050047,11.039133,10.4040365,11.331868,10.464478,10.637924,10.492385,10.364856,10.518809,11.866925,10.852114,10.053762,11.81712,10.465323,10.32035,10.55584,10.13018,11.190726,10.801887,10.34572,10.9068985,12.802302
11.037918,10.729292,11.211445,9.839481,10.002249,10.3085,9.694346,10.370858,11.050049,11.039135,10.404039,11.331869,10.4644785,10.637926,10.492384,10.364858,10.518808,11.866927,10.852115,10.053761,11.817121,10.465325,10.320352,10.5558405,10.130178,11.190726,10.80189,10.345721,10.906901,12.802305
11.037927,10.729293,11.211464,9.839492,10.002255,10.308515,9.694366,10.370852,11.050051,11.03916,10.404061,11.331884,10.464488,10.637924,10.492395,10.364859,10.518812,11.866945,10.852111,10.053766,11.817132,10.465343,10.320376,10.555856,10.130196,11.190729,10.801893,10.345731,10.906914,12.802314
11.037927,10.729293,11.211465,9.839491,10.002253,10.308514,9.694366,10.370851,11.050051,11.03916,10.40406,11.331883,10.464487,10.637922,10.492394,10.364859,10.518809,11.866944,10.852111,10.053767,11.817133,10.4653425,10.320377,10.555855,10.130198,11.190731,10.801892,10.34573,10.906915,12.802314
11.037927,10.729293,11.211465,9.839491,10.002253,10.308514,9.694366,10.370851,11.050051,11.03916,10.40406,11.331883,10.464487,10.637922,10.492394,10.364859,10.518809,11.866944,10.852111,10.053767,11.817133,10.4653425,10.320377,10.555855,10.130198,11.190731,10.801892,10.34573,10.906915,12.802314
11.037927,10.729293,11.211465,9.839491,10.002253,10.308514,9.694366,10.370851,11.050051,11.03916,10.40406,11.331883,10.464487,10.637922,10.492394,10.364859,10.518809,11.866944,10.852111,10.053767,11.817133,10.4653425,10.320377,10.555855,10.130198,11.190731,10.801892,10.34573,10.906915,12.802314
11.037927,10.729293,11.211465,9.839491,10.002253,10.308514,9.694366,10.370851,11.050051,11.03916,10.40406,11.331883,10.464487,10.637922,10.492394,10.364859,10.518809,11.866944,10.852111,10.053767,11.817133,10.4653425,10.320377,10.555855,10.130198,11.190731,10.801892,10.34573,10.906915,12.802314
11.037927,10.729293,11.211465,9.839491,10.002253,10.308514,9.694366,10.370851,11.050051,11.03916,10.40406,11.331883,10.464487,10.637922,10.492394,10.364859,10.518809,11.866944,10.852111,10.053767,11.817133,10.4653425,10.320377,10.555855,10.130198,11.190731,10.801892,10.34573,10.906915,12.802314
11.03792,10.729292,11.211444,9.83948,10.002248,10.308499,9.694345,10.370857,11.050048,11.039133,10.404037,11.331868,10.464478,10.637924,10.492385,10.364855,10.51881,11.866925,10.852115,10.053762,11.817119,10.465324,10.320351,10.55584,10.130178,11.190726,10.8018875,10.34572,10.906899,12.802301
9.939179,9.647181,10.080788,8.861053,9.018506,9.283556,8.723633,9.323755,9.913009,9.932509,9.397068,10.186323,9.427955,9.545395,9.477654,9.366853,9.441274,10.71222,9.773461,9.099584,10.593061,9.412886,9.2852335,9.494834,9.135328,10.060859,9.6885605,9.326005,9.790575,11.485264
11.030049,10.72181,11.203212,9.832578,9.9952965,10.300988,9.687246,10.362873,11.041808,11.031168,10.397185,11.32372,10.457003,10.629849,10.485466,10.358071,10.510805,11.858859,10.844603,10.046988,11.807767,10.4577,10.3129,10.548057,10.123253,11.182747,10.793511,10.33847,10.898479,12.792745
11.037852,10.729221,11.211386,9.839422,10.002182,10.308452,9.6943,10.370776,11.049972,11.039075,10.40399,11.331804,10.464406,10.637854,10.492324,10.3647995,10.518737,11.8668585,10.852049,10.053703,11.817036,10.465277,10.320305,10.5557785,10.130131,11.190636,10.801805,10.345665,10.906821,12.802223
11.03789,10.729259,11.2114315,9.839457,10.002216,10.308493,9.694337,10.370819,11.050015,11.039115,10.404022,11.331843,10.464444,10.6378975,10.492358,10.364832,10.518777,11.866895,10.852085,10.053739,11.817086,10.465315,10.32034,10.555819,10.130163,11.190678,10.80185,10.345705,10.906868,12.802273
11.03789,10.729259,11.2114315,9.839457,10.002216,10.308493,9.694337,10.37082,11.050015,11.039116,10.404022,11.331843,10.464444,10.637898,10.492358,10.364833,10.518778,11.866895,10.852085,10.053739,11.817086,10.465315,10.320341,10.5558195,10.130163,11.190678,10.80185,10.345706,10.906868,12.802273
11.037604,10.729,11.21109,9.839245,10.00192,10.308226,9.694083,10.370558,11.0497,11.038833,10.403752,11.331498,10.464163,10.637607,10.492089,10.364566,10.518524,11.866579,10.851805,10.053478,11.816753,10.46509,10.320057,10.555557,10.129881,11.190384,10.801528,10.345442,10.9066105,12.801954
11.037521,10.728948,11.211,9.839182,10.001829,10.3081665,9.694009,10.370502,11.049651,11.038752,10.4036665,11.33142,10.464102,10.63756,10.491998,10.3645115,10.518466,11.866509,10.851721,10.053426,11.816666,10.465011,10.3199625,10.555492,10.129818,11.190299,10.801451,10.345358,10.906527,12.801872
11.037521,10.728947,11.210999,9.839182,10.001829,10.3081665,9.694009,10.3705015,11.049651,11.038752,10.403666,11.33142,10.464101,10.637559,10.491998,10.36451,10.518466,11.866509,10.851722,10.053425,11.816666,10.465011,10.319962,10.555491,10.129816,11.1903,10.801449,10.345355,10.906527,12.801872
11.037521,10.728947,11.210999,9.839182,10.001829,10.3081665,9.694009,10.3705015,11.049651,11.038752,10.403666,11.33142,10.464101,10.637559,10.491998,10.36451,10.518466,11.866509,10.851722,10.053425,11.816666,10.465011,10.319962,10.555491,10.129816,11.1903,10.801449,10.345355,10.906527,12.801872
11.037521,10.728947,11.210999,9.839182,10.001829,10.3081665,9.694009,10.3705015,11.049651,11.038752,10.403666,11.33142,10.464101,10.637559,10.491998,10.36451,10.518466,11.866509,10.851722,10.053425,11.816666,10.465011,10.319962,10.555491,10.129816,11.1903,10.801449,10.345355,10.906527,12.801872
11.037521,10.728947,11.210999,9.839182,10.001829,10.3081665,9.694009,10.3705015,11.049651,11.038752,10.403666,11.33142,10.464101,10.637559,10.491998,10.36451,10.518466,11.866509,10.851722,10.053425,11.816666,10.465011,10.319962,10.555491,10.129816,11.1903,10.801449,10.345355,10.906527,12.801872
11.037521,10.728947,11.210999,9.839182,10.001829,10.3081665,9.694009,10.3705015,11.049651,11.038752,10.403666,11.33142,10.464101,10.637559,10.491998,10.36451,10.518466,11.866509,10.851722,10.053425,11.816666,10.465011,10.319962,10.555491,10.129816,11.1903,10.801449,10.345355,10.906527,12.801872
11.037602,10.728997,11.211088,9.839245,10.001918,10.308223,9.694081,10.370558,11.0497,11.038831,10.40375,11.331496,10.464161,10.637605,10.492086,10.364564,10.518522,11.866577,10.851804,10.053475,11.816752,10.46509,10.320056,10.555557,10.129877,11.19038,10.801526,10.345441,10.906607,12.80195
11.037521,10.728948,11.211,9.839182,10.001829,10.3081665,9.694009,10.370502,11.049651,11.038752,10.4036665,11.33142,10.464102,10.63756,10.491998,10.3645115,10.518466,11.866509,10.851721,10.053426,11.816666,10.465011,10.3199625,10.555492,10.129818,11.190299,10.801451,10.345358,10.906527,12.801872
11.037232,10.728674,11.210719,9.838946,10.001606,10.307821,9.693744,10.370224,11.049384,11.038468,10.4033785,11.331087,10.463845,10.637258,10.4917,10.364224,10.518162,11.86623,10.851386,10.053152,11.816414,10.464701,10.31971,10.55516,10.12953,11.190067,10.801212,10.3450985,10.906214,12.801526
11.037232,10.728673,11.210716,9.838945,10.001602,10.307818,9.693741,10.370221,11.049382,11.038465,10.403378,11.331082,10.463841,10.637256,10.491697,10.364223,10.51816,11.866227,10.851384,10.05315,11.816412,10.4647,10.319707,10.555158,10.129528,11.190066,10.801212,10.345097,10.906213,12.801524
11.037232,10.728673,11.210716,9.838945,10.001602,10.307818,9.693741,10.370221,11.049382,11.038465,10.403378,11.331082,10.463841,10.637256,10.491697,10.364223,10.51816,11.866227,10.851384,10.05315,11.816412,10.4647,10.319707,10.555158,10.129528,11.190066,10.801212,10.345097,10.906213,12.801524
11.037232,10.728673,11.210716,9.838945,10.001602,10.307818,9.693741,10.370221,11.049382,11.038465,10.403378,11.331082,10.463841,10.637256,10.491697,10.364223,10.51816,11.866227,10.851384,10.05315,11.816412,10.4647,10.319707,10.555158,10.129528,11.190066,10.801212,10.345097,10.906213,12.801524
11.037232,10.728673,11.210716,9.838945,10.001602,10.307818,9.693741,10.370221,11.049382,11.038465,10.403378,11.331082,10.463841,10.637256,10.491697,10.364223,10.51816,11.866227,10.851384,10.05315,11.816412,10.4647,10.319707,10.555158,10.129528,11.190066,10.801212,10.345097,10.906213,12.801524
11.037232,10.728673,11.210716,9.838945,10.001602,10.307818,9.693741,10.370221,11.049382,11.038465,10.403378,11.331082,10.463841,10.637256,10.491697,10.364223,10.51816,11.866227,10.851384,10.05315,11.816412,10.4647,10.319707,10.555158,10.129528,11.190066,10.801212,10.345097,10.906213,12.801524
11.037232,10.728673,11.210716,9.838945,10.001602,10.307818,9.693741,10.370221,11.049382,11.038465,10.403378,11.331082,10.463841,10.637256,10.491697,10.364223,10.51816,11.866227,10.851384,10.05315,11.816412,10.4647,10.319707,10.555158,10.129528,11.190066,10.801212,10.345097,10.906213,12.801524
11.037578,10.729006,11.211072,9.839244,10.001907,10.30821,9.69406,10.370568,11.049722,11.038834,10.403731,11.331495,10.464173,10.637612,10.492058,10.364567,10.51853,11.86659,10.851771,10.053477,11.816761,10.465069,10.320031,10.555553,10.129871,11.190392,10.80153,10.345414,10.906601,12.801952
11.037423,10.728884,11.21094,9.839134,10.001801,10.308056,9.693949,10.370448,11.049586,11.038696,10.40361,11.331334,10.464062,10.63746,10.491916,10.364443,10.518429,11.866483,10.851619,10.053365,11.816644,10.464921,10.319909,10.55539,10.129755,11.190275,10.801404,10.345299,10.906479,12.801776
11.03742,10.728883,11.210938,9.839133,10.0018015,10.308055,9.693948,10.370446,11.049584,11.038696,10.403611,11.331333,10.464062,10.63746,10.491913,10.36444,10.518428,11.866483,10.851618,10.053365,11.81664,10.46492,10.319908,10.555391,10.129753,11.190274,10.801403,10.345298,10.906477,12.801776
11.03742,10.728883,11.210938,9.839133,10.0018015,10.308055,9.693948,10.370446,11.049584,11.038696,10.403611,11.331333,10.464062,10.63746,10.491913,10.36444,10.518428,11.866483,10.851618,10.053365,11.81664,10.46492,10.319908,10.555391,10.129753,11.190274,10.801403,10.345298,10.906477,12.801776
11.03742,10.728883,11.210938,9.839133,10.0018015,10.308055,9.693948,10.370446,11.049584,11.038696,10.403611,11.331333,10.464062,10.63746,10.491913,10.36444,10.518428,11.866483,10.851618,10.053365,11.81664,10.46492,10.319908,10.555391,10.129753,11.190274,10.801403,10.345298,10.906477,12.801776
11.03742,10.728883,11.210938,9.839133,10.0018015,10.308055,9.693948,10.370446,11.049584,11.038696,10.403611,11.331333,10.464062,10.63746,10.491913,10.36444,10.518428,11.866483,10.851618,10.053365,11.81664,10.46492,10.319908,10.555391,10.129753,11.190274,10.801403,10.345298,10.906477,12.801776
11.03758,10.729008,11.211073,9.839245,10.001908,10.308211,9.694062,10.370568,11.049725,11.038836,10.403732,11.331496,10.464173,10.637613,10.492059,10.364568,10.518532,11.8665905,10.851771,10.053477,11.816762,10.465071,10.320031,10.555554,10.129873,11.190393,10.80153,10.345416,10.906605,12.801952
11.0375805,10.729009,11.211074,9.839247,10.001908,10.308212,9.694064,10.370569,11.049726,11.038836,10.403732,11.331498,10.464175,10.637613,10.492059,10.364568,10.518532,11.866591,10.851772,10.053479,11.816762,10.465071,10.320031,10.555554,10.129873,11.190393,10.801532,10.345416,10.906604,12.801953
11.0375805,10.729009,11.211074,9.839247,10.001908,10.308212,9.694064,10.370569,11.049726,11.038836,10.403732,11.331498,10.464175,10.637613,10.492059,10.364568,10.518532,11.866591,10.851772,10.053479,11.816762,10.465071,10.320031,10.555554,10.129873,11.190393,10.801532,10.345416,10.906604,12.801953
11.0375805,10.729009,11.211074,9.839247,10.001908,10.308212,9.694064,10.370569,11.049726,11.038836,10.403732,11.331498,10.464175,10.637613,10.492059,10.364568,10.518532,11.866591,10.851772,10.053479,11.816762,10.465071,10.320031,10.555554,10.129873,11.190393,10.801532,10.345416,10.906604,12.801953
11.037423,10.728884,11.21094,9.839134,10.001801,10.308056,9.693949,10.370448,11.049586,11.038696,10.40361,11.331334,10.464062,10.63746,10.491916,10.364443,10.518429,11.866483,10.851619,10.053365,11.816644,10.464921,10.319909,10.55539,10.129755,11.190275,10.801404,10.345299,10.906479,12.801776
11.037407,10.728815,11.210873,9.839074,10.001726,10.307997,9.69388,10.370372,11.049537,11.038628,10.403527,11.331279,10.463978,10.637425,10.491867,10.364376,10.518293,11.866354,10.851568,10.053288,11.816551,10.464875,10.319842,10.555343,10.129677,11.190196,10.801358,10.345235,10.906359,12.801731
11.037406,10.728816,11.210872,9.839074,10.001724,10.307996,9.693879,10.370371,11.049536,11.038628,10.403525,11.331278,10.463978,10.637426,10.491865,10.364375,10.518293,11.866353,10.851569,10.053287,11.816551,10.464875,10.319843,10.555341,10.129675,11.190194,10.801357,10.345234,10.90636,12.801731
11.037233,10.728674,11.210717,9.838945,10.001603,10.307818,9.693742,10.370222,11.049383,11.038468,10.4033785,11.331085,10.463844,10.637257,10.491698,10.364223,10.518162,11.866227,10.851385,10.053152,11.816413,10.464701,10.319709,10.555159,10.12953,11.190065,10.801211,10.345096,10.906214,12.801524
11.03742,10.728883,11.2109375,9.839133,10.0018,10.308053,9.693947,10.370445,11.049583,11.038696,10.403605,11.331331,10.464062,10.637457,10.491912,10.364439,10.518426,11.86648,10.851617,10.053362,11.816639,10.464919,10.319906,10.555388,10.129751,11.190273,10.8014,10.345295,10.906475,12.801773
11.03742,10.728883,11.210938,9.839133,10.0018015,10.308055,9.693948,10.370446,11.049584,11.038696,10.403611,11.331333,10.464062,10.63746,10.491913,10.36444,10.518428,11.866483,10.851618,10.053365,11.81664,10.46492,10.319908,10.555391,10.129753,11.190274,10.801403,10.345298,10.906477,12.801776
11.03742,10.728883,11.210938,9.839133,10.0018015,10.308055,9.693948,10.370446,11.049584,11.038696,10.403611,11.331333,10.464062,10.63746,10.491913,10.36444,10.518428,11.866483,10.851618,10.053365,11.81664,10.46492,10.319908,10.555391,10.129753,11.190274,10.801403,10.345298,10.906477,12.801776
11.03742,10.728883,11.210938,9.839133,10.0018015,10.308055,9.693948,10.370446,11.049584,11.038696,10.403611,11.331333,10.464062,10.63746,10.491913,10.36444,10.518428,11.866483,10.851618,10.053365,11.81664,10.46492,10.319908,10.555391,10.129753,11.190274,10.801403,10.345298,10.906477,12.801776
11.03742,10.728883,11.210938,9.839133,10.0018015,10.308055,9.693948,10.370446,11.049584,11.038696,10.403611,11.331333,10.464062,10.63746,10.491913,10.36444,10.518428,11.866483,10.851618,10.053365,11.81664,10.46492,10.319908,10.555391,10.129753,11.190274,10.801403,10.345298,10.906477,12.801776
11.03742,10.728883,11.210938,9.839133,10.0018015,10.308055,9.693948,10.370446,11.049584,11.038696,10.403611,11.331333,10.464062,10.63746,10.491913,10.36444,10.518428,11.866483,10.851618,10.053365,11.81664,10.46492,10.319908,10.555391,10.129753,11.190274,10.801403,10.345298,10.906477,12.801776
11.03742,10.728883,11.210938,9.839133,10.0018015,10.308055,9.693948,10.370446,11.049584,11.038696,10.403611,11.331333,10.464062,10.63746,10.491913,10.36444,10.518428,11.866483,10.851618,10.053365,11.81664,10.46492,10.319908,10.555391,10.129753,11.190274,10.801403,10.345298,10.906477,12.801776
11.03742,10.728883,11.210938,9.839133,10.0018015,10.308055,9.693948,10.370446,11.049584,11.038696,10.403611,11.331333,10.464062,10.63746,10.491913,10.36444,10.518428,11.866483,10.851618,10.053365,11.81664,10.46492,10.319908,10.555391,10.129753,11.190274,10.801403,10.345298,10.906477,12.801776
11.03758,10.729008,11.211073,9.839245,10.001908,10.308211,9.694062,10.370568,11.049725,11.038836,10.403732,11.331496,10.464173,10.637613,10.492059,10.364568,10.518532,11.8665905,10.851771,10.053477,11.816762,10.465071,10.320031,10.555554,10.129873,11.190393,10.80153,10.345416,10.906605,12.801952
11.0375805,10.729009,11.211074,9.839247,10.001908,10.308212,9.694064,10.370569,11.049726,11.038836,10.403732,11.331498,10.464175,10.637613,10.492059,10.364568,10.518532,11.866591,10.851772,10.053479,11.816762,10.465071,10.320031,10.555554,10.129873,11.190393,10.801532,10.345416,10.906604,12.801953
11.0375805,10.729009,11.211074,9.839247,10.001908,10.308212,9.694064,10.370569,11.049726,11.038836,10.403732,11.331498,10.464175,10.637613,10.492059,10.364568,10.518532,11.866591,10.851772,10.053479,11.816762,10.465071,10.320031,10.555554,10.129873,11.190393,10.801532,10.345416,10.906604,12.801953
11.0375805,10.729009,11.211074,9.839247,10.001908,10.308212,9.694064,10.370569,11.049726,11.038836,10.403732,11.331498,10.464175,10.637613,10.492059,10.364568,10.518532,11.866591,10.851772,10.053479,11.816762,10.465071,10.320031,10.555554,10.129873,11.190393,10.801532,10.345416,10.906604,12.801953
11.037657,10.729054,11.211155,9.839302,10.001988,10.308264,9.69413,10.370618,11.049765,11.038903,10.403811,11.331563,10.46423,10.637658,10.492141,10.364616,10.518586,11.866656,10.8518505,10.053523,11.816835,10.46514,10.320115,10.555614,10.129927,11.190463,10.801605,10.34549,10.906682,12.802024
11.037658,10.729054,11.211155,9.839302,10.001988,10.308265,9.694131,10.370617,11.049766,11.038903,10.403811,11.331564,10.464231,10.637657,10.492143,10.364617,10.518586,11.866656,10.851851,10.053525,11.816835,10.465139,10.320116,10.5556135,10.129929,11.190463,10.801605,10.34549,10.906682,12.802023
11.037882,10.729254,11.211412,9.839461,10.002195,10.308482,9.694332,10.370807,11.05002,11.039088,10.404029,11.331828,10.4644375,10.637886,10.492345,10.364809,10.51877,11.8668785,10.852074,10.053715,11.817048,10.465312,10.320313,10.555801,10.130156,11.190675,10.801837,10.345688,10.90685,12.802257
11.037811,10.729185,11.211306,9.839376,10.002104,10.308394,9.69424,10.370741,11.049928,11.039008,10.403917,11.331724,10.464347,10.637796,10.492243,10.36475,10.518691,11.866768,10.851981,10.05363,11.816947,10.465244,10.320215,10.555718,10.130066,11.190585,10.80175,10.345613,10.906756,12.802165
11.0375805,10.729011,11.211074,9.839248,10.001909,10.308213,9.694066,10.37057,11.049726,11.038836,10.403733,11.331501,10.464177,10.637615,10.49206,10.36457,10.518533,11.866591,10.851773,10.053481,11.816765,10.465071,10.320033,10.555555,10.129875,11.190395,10.801532,10.345417,10.906606,12.801955
11.0375805,10.729009,11.211074,9.839247,10.001908,10.308212,9.694064,10.370569,11.049726,11.038836,10.403732,11.331498,10.464175,10.637613,10.492059,10.364568,10.518532,11.866591,10.851772,10.053479,11.816762,10.465071,10.320031,10.555554,10.129873,11.190393,10.801532,10.345416,10.906604,12.801953
11.0375805,10.729009,11.211074,9.839247,10.001908,10.308212,9.694064,10.370569,11.049726,11.038836,10.403732,11.331498,10.464175,10.637613,10.492059,10.364568,10.518532,11.866591,10.851772,10.053479,11.816762,10.465071,10.320031,10.555554,10.129873,11.190393,10.801532,10.345416,10.906604,12.801953
11.0375805,10.729009,11.211074,9.839247,10.001908,10.308212,9.694064,10.370569,11.049726,11.038836,10.403732,11.331498,10.464175,10.637613,10.492059,10.364568,10.518532,11.866591,10.851772,10.053479,11.816762,10.465071,10.320031,10.555554,10.129873,11.190393,10.801532,10.345416,10.906604,12.801953
