0,1,2,3,4,5,6,7,8,9,10,11,12,13,14,15,16,17,18,19,20,21,22,23,24,25,26,27,28,29
168.0,32.0,1510.258,168.0,32.0,1510.258,168.0,32.0,1510.258,168.0,32.0,1510.258,168.0,32.0,1510.258,168.0,32.0,1510.258,168.0,32.0,1510.258,191.0,53.0,2498.3716,191.0,53.0,2498.3716,200.0,163.0,7741.3423
180.0,29.0,1373.4542,180.0,29.0,1373.4542,180.0,29.0,1373.4542,180.0,29.0,1373.4542,180.0,29.0,1373.4542,180.0,29.0,1373.4542,180.0,29.0,1373.4542,206.0,54.0,2555.081,206.0,54.0,2555.081,215.0,180.0,8598.324
185.0,29.0,1385.9265,185.0,29.0,1385.9265,185.0,29.0,1385.9265,185.0,29.0,1385.9265,185.0,29.0,1385.9265,185.0,29.0,1385.9265,185.0,29.0,1385.9265,217.0,52.0,2470.0715,217.0,52.0,2470.0715,226.0,198.0,9447.589
192.0,28.0,1338.3939,192.0,28.0,1338.3939,192.0,28.0,1338.3939,192.0,28.0,1338.3939,192.0,28.0,1338.3939,192.0,28.0,1338.3939,192.0,28.0,1338.3939,224.0,52.0,2472.5889,224.0,52.0,2472.5889,235.0,207.0,9868.648
184.0,28.0,1357.6488,184.0,28.0,1357.6488,184.0,28.0,1357.6488,184.0,28.0,1357.6488,184.0,28.0,1357.6488,184.0,28.0,1357.6488,184.0,28.0,1357.6488,221.0,58.0,2760.361,221.0,58.0,2760.361,229.0,203.0,9662.214
183.0,30.0,1448.3422,183.0,30.0,1448.3422,183.0,30.0,1448.3422,183.0,30.0,1448.3422,183.0,30.0,1448.3422,183.0,30.0,1448.3422,183.0,30.0,1448.3422,217.0,58.0,2758.4985,217.0,58.0,2758.4985,225.0,196.0,9337.497
182.0,31.0,1501.2769,182.0,31.0,1501.2769,182.0,31.0,1501.2769,182.0,31.0,1501.2769,182.0,31.0,1501.2769,182.0,31.0,1501.2769,182.0,31.0,1501.2769,217.0,58.0,2769.5667,217.0,58.0,2769.5667,226.0,197.0,9397.061
183.0,31.0,1504.7976,183.0,31.0,1504.7976,183.0,31.0,1504.7976,183.0,31.0,1504.7976,183.0,31.0,1504.7976,183.0,31.0,1504.7976,183.0,31.0,1504.7976,221.0,59.0,2830.4268,221.0,59.0,2830.4268,231.0,204.0,9749.983
199.0,34.0,1653.2589,199.0,34.0,1653.2589,199.0,34.0,1653.2589,199.0,34.0,1653.2589,199.0,34.0,1653.2589,199.0,34.0,1653.2589,199.0,34.0,1653.2589,240.0,73.0,3493.616,240.0,73.0,3493.616,249.0,215.0,10284.285
260.0,48.0,2327.5664,260.0,48.0,2327.5664,260.0,48.0,2327.5664,260.0,48.0,2327.5664,260.0,48.0,2327.5664,260.0,48.0,2327.5664,260.0,48.0,2327.5664,297.0,92.0,4400.173,297.0,92.0,4400.173,306.0,250.0,11932.593
281.0,56.0,2712.954,281.0,56.0,2712.954,281.0,56.0,2712.954,281.0,56.0,2712.954,281.0,56.0,2712.954,281.0,56.0,2712.954,281.0,56.0,2712.954,325.0,105.0,5020.354,325.0,105.0,5020.354,332.0,270.0,12886.673
286.0,55.0,2646.0227,286.0,55.0,2646.0227,286.0,55.0,2646.0227,286.0,55.0,2646.0227,286.0,55.0,2646.0227,286.0,55.0,2646.0227,286.0,55.0,2646.0227,327.0,100.0,4788.372,327.0,100.0,4788.372,335.0,275.0,13124.78
314.0,56.0,2696.5776,314.0,56.0,2696.5776,314.0,56.0,2696.5776,314.0,56.0,2696.5776,314.0,56.0,2696.5776,314.0,56.0,2696.5776,314.0,56.0,2696.5776,359.0,103.0,4928.9375,359.0,103.0,4928.9375,368.0,308.0,14654.563
327.0,61.0,2949.0376,327.0,61.0,2949.0376,327.0,61.0,2949.0376,327.0,61.0,2949.0376,327.0,61.0,2949.0376,327.0,61.0,2949.0376,327.0,61.0,2949.0376,369.0,107.0,5107.795,369.0,107.0,5107.795,378.0,312.0,14812.962
339.0,65.0,3143.5647,339.0,65.0,3143.5647,339.0,65.0,3143.5647,339.0,65.0,3143.5647,339.0,65.0,3143.5647,339.0,65.0,3143.5647,339.0,65.0,3143.5647,381.0,110.0,5244.9985,381.0,110.0,5244.9985,388.0,317.0,15064.332
319.0,64.0,3100.612,319.0,64.0,3100.612,319.0,64.0,3100.612,319.0,64.0,3100.612,319.0,64.0,3100.612,319.0,64.0,3100.612,319.0,64.0,3100.612,355.0,102.0,4890.5527,355.0,102.0,4890.5527,361.0,292.0,13861.065
292.0,59.0,2868.5544,292.0,59.0,2868.5544,292.0,59.0,2868.5544,292.0,59.0,2868.5544,292.0,59.0,2868.5544,292.0,59.0,2868.5544,292.0,59.0,2868.5544,340.0,92.0,4420.803,340.0,92.0,4420.803,358.0,306.0,14616.809
276.0,53.0,2591.4707,276.0,53.0,2591.4707,276.0,53.0,2591.4707,276.0,53.0,2591.4707,276.0,53.0,2591.4707,276.0,53.0,2591.4707,276.0,53.0,2591.4707,333.0,96.0,4646.9307,333.0,96.0,4646.9307,351.0,305.0,14601.081
280.0,54.0,2657.4683,280.0,54.0,2657.4683,280.0,54.0,2657.4683,280.0,54.0,2657.4683,280.0,54.0,2657.4683,280.0,54.0,2657.4683,280.0,54.0,2657.4683,342.0,101.0,4878.195,342.0,101.0,4878.195,359.0,313.0,14979.894
259.0,53.0,2611.3733,259.0,53.0,2611.3733,259.0,53.0,2611.3733,259.0,53.0,2611.3733,259.0,53.0,2611.3733,259.0,53.0,2611.3733,259.0,53.0,2611.3733,316.0,97.0,4674.472,316.0,97.0,4674.472,334.0,290.0,13923.023
252.0,46.0,2278.8496,252.0,46.0,2278.8496,252.0,46.0,2278.8496,252.0,46.0,2278.8496,252.0,46.0,2278.8496,252.0,46.0,2278.8496,252.0,46.0,2278.8496,310.0,91.0,4391.8066,310.0,91.0,4391.8066,327.0,290.0,13904.731
244.0,42.0,2093.222,244.0,42.0,2093.222,244.0,42.0,2093.222,244.0,42.0,2093.222,244.0,42.0,2093.222,244.0,42.0,2093.222,244.0,42.0,2093.222,299.0,85.0,4111.7554,299.0,85.0,4111.7554,317.0,283.0,13575.07
228.0,36.0,1779.0992,228.0,36.0,1779.0992,228.0,36.0,1779.0992,228.0,36.0,1779.0992,228.0,36.0,1779.0992,228.0,36.0,1779.0992,228.0,36.0,1779.0992,282.0,78.0,3749.109,282.0,78.0,3749.109,297.0,266.0,12750.913
193.0,28.0,1388.523,193.0,28.0,1388.523,193.0,28.0,1388.523,193.0,28.0,1388.523,193.0,28.0,1388.523,193.0,28.0,1388.523,193.0,28.0,1388.523,227.0,61.0,2924.3125,227.0,61.0,2924.3125,233.0,205.0,9736.272
198.0,26.0,1300.2517,198.0,26.0,1300.2517,198.0,26.0,1300.2517,198.0,26.0,1300.2517,198.0,26.0,1300.2517,198.0,26.0,1300.2517,198.0,26.0,1300.2517,235.0,61.0,2922.302,235.0,61.0,2922.302,241.0,216.0,10258.36
209.0,25.0,1201.9415,209.0,25.0,1201.9415,209.0,25.0,1201.9415,209.0,25.0,1201.9415,209.0,25.0,1201.9415,209.0,25.0,1201.9415,209.0,25.0,1201.9415,245.0,52.0,2472.08,245.0,52.0,2472.08,253.0,232.0,10997.276
207.0,26.0,1231.0865,207.0,26.0,1231.0865,207.0,26.0,1231.0865,207.0,26.0,1231.0865,207.0,26.0,1231.0865,207.0,26.0,1231.0865,207.0,26.0,1231.0865,243.0,54.0,2569.9473,243.0,54.0,2569.9473,251.0,229.0,10863.438
207.0,23.0,1101.7203,207.0,23.0,1101.7203,207.0,23.0,1101.7203,207.0,23.0,1101.7203,207.0,23.0,1101.7203,207.0,23.0,1101.7203,207.0,23.0,1101.7203,246.0,55.0,2631.4019,246.0,55.0,2631.4019,256.0,235.0,11163.29
214.0,28.0,1334.521,214.0,28.0,1334.521,214.0,28.0,1334.521,214.0,28.0,1334.521,214.0,28.0,1334.521,214.0,28.0,1334.521,214.0,28.0,1334.521,253.0,60.0,2870.5615,253.0,60.0,2870.5615,263.0,240.0,11392.168
228.0,28.0,1333.9319,228.0,28.0,1333.9319,228.0,28.0,1333.9319,228.0,28.0,1333.9319,228.0,28.0,1333.9319,228.0,28.0,1333.9319,228.0,28.0,1333.9319,273.0,68.0,3261.7288,273.0,68.0,3261.7288,282.0,258.0,12262.971
217.0,28.0,1332.2682,217.0,28.0,1332.2682,217.0,28.0,1332.2682,217.0,28.0,1332.2682,217.0,28.0,1332.2682,217.0,28.0,1332.2682,217.0,28.0,1332.2682,257.0,62.0,2974.7678,257.0,62.0,2974.7678,267.0,243.0,11549.255
193.0,23.0,1082.6207,193.0,23.0,1082.6207,193.0,23.0,1082.6207,193.0,23.0,1082.6207,193.0,23.0,1082.6207,193.0,23.0,1082.6207,193.0,23.0,1082.6207,225.0,48.0,2277.3738,225.0,48.0,2277.3738,235.0,217.0,10264.687
197.0,24.0,1156.375,197.0,24.0,1156.375,197.0,24.0,1156.375,197.0,24.0,1156.375,197.0,24.0,1156.375,197.0,24.0,1156.375,197.0,24.0,1156.375,228.0,53.0,2539.6467,228.0,53.0,2539.6467,237.0,215.0,10199.003
215.0,25.0,1213.3441,215.0,25.0,1213.3441,215.0,25.0,1213.3441,215.0,25.0,1213.3441,215.0,25.0,1213.3441,215.0,25.0,1213.3441,215.0,25.0,1213.3441,251.0,57.0,2739.1309,251.0,57.0,2739.1309,259.0,238.0,11299.341
233.0,29.0,1403.9199,233.0,29.0,1403.9199,233.0,29.0,1403.9199,233.0,29.0,1403.9199,233.0,29.0,1403.9199,233.0,29.0,1403.9199,233.0,29.0,1403.9199,273.0,61.0,2911.3958,273.0,61.0,2911.3958,283.0,262.0,12401.347
217.0,22.0,1060.1715,217.0,22.0,1060.1715,217.0,22.0,1060.1715,217.0,22.0,1060.1715,217.0,22.0,1060.1715,217.0,22.0,1060.1715,217.0,22.0,1060.1715,258.0,58.0,2761.7866,258.0,58.0,2761.7866,270.0,257.0,12134.492
206.0,21.0,1019.1888,206.0,21.0,1019.1888,206.0,21.0,1019.1888,206.0,21.0,1019.1888,206.0,21.0,1019.1888,206.0,21.0,1019.1888,206.0,21.0,1019.1888,245.0,56.0,2658.1726,245.0,56.0,2658.1726,258.0,249.0,11675.09
210.0,22.0,1078.9382,210.0,22.0,1078.9382,210.0,22.0,1078.9382,210.0,22.0,1078.9382,210.0,22.0,1078.9382,210.0,22.0,1078.9382,210.0,22.0,1078.9382,254.0,63.0,3001.1074,254.0,63.0,3001.1074,269.0,259.0,12162.115
212.0,22.0,1057.7086,212.0,22.0,1057.7086,212.0,22.0,1057.7086,212.0,22.0,1057.7086,212.0,22.0,1057.7086,212.0,22.0,1057.7086,212.0,22.0,1057.7086,257.0,61.0,2891.4004,257.0,61.0,2891.4004,274.0,266.0,12457.661
207.0,27.0,1326.2299,207.0,27.0,1326.2299,207.0,27.0,1326.2299,207.0,27.0,1326.2299,207.0,27.0,1326.2299,207.0,27.0,1326.2299,207.0,27.0,1326.2299,252.0,67.0,3191.5867,252.0,67.0,3191.5867,270.0,254.0,11885.375
193.0,29.0,1399.3195,193.0,29.0,1399.3195,193.0,29.0,1399.3195,193.0,29.0,1399.3195,193.0,29.0,1399.3195,193.0,29.0,1399.3195,193.0,29.0,1399.3195,237.0,67.0,3171.079,237.0,67.0,3171.079,253.0,233.0,10873.292
181.0,28.0,1347.5775,181.0,28.0,1347.5775,181.0,28.0,1347.5775,181.0,28.0,1347.5775,181.0,28.0,1347.5775,181.0,28.0,1347.5775,181.0,28.0,1347.5775,213.0,56.0,2663.165,213.0,56.0,2663.165,227.0,206.0,9635.631
176.0,28.0,1348.7122,176.0,28.0,1348.7122,176.0,28.0,1348.7122,176.0,28.0,1348.7122,176.0,28.0,1348.7122,176.0,28.0,1348.7122,176.0,28.0,1348.7122,212.0,57.0,2706.722,212.0,57.0,2706.722,224.0,204.0,9575.628
195.0,28.0,1353.9698,195.0,28.0,1353.9698,195.0,28.0,1353.9698,195.0,28.0,1353.9698,195.0,28.0,1353.9698,195.0,28.0,1353.9698,195.0,28.0,1353.9698,233.0,61.0,2901.2917,233.0,61.0,2901.2917,242.0,213.0,10025.23
189.0,25.0,1209.5564,189.0,25.0,1209.5564,189.0,25.0,1209.5564,189.0,25.0,1209.5564,189.0,25.0,1209.5564,189.0,25.0,1209.5564,189.0,25.0,1209.5564,228.0,58.0,2740.1086,228.0,58.0,2740.1086,233.0,209.0,9816.84
200.0,31.0,1486.4208,200.0,31.0,1486.4208,200.0,31.0,1486.4208,200.0,31.0,1486.4208,200.0,31.0,1486.4208,200.0,31.0,1486.4208,200.0,31.0,1486.4208,234.0,61.0,2875.2356,234.0,61.0,2875.2356,239.0,207.0,9714.555
192.0,28.0,1347.4714,192.0,28.0,1347.4714,192.0,28.0,1347.4714,192.0,28.0,1347.4714,192.0,28.0,1347.4714,192.0,28.0,1347.4714,192.0,28.0,1347.4714,235.0,59.0,2788.6794,235.0,59.0,2788.6794,240.0,220.0,10367.168
203.0,30.0,1443.2189,203.0,30.0,1443.2189,203.0,30.0,1443.2189,203.0,30.0,1443.2189,203.0,30.0,1443.2189,203.0,30.0,1443.2189,203.0,30.0,1443.2189,247.0,57.0,2686.532,247.0,57.0,2686.532,252.0,235.0,11042.048
208.0,31.0,1477.3529,208.0,31.0,1477.3529,208.0,31.0,1477.3529,208.0,31.0,1477.3529,208.0,31.0,1477.3529,208.0,31.0,1477.3529,208.0,31.0,1477.3529,251.0,59.0,2765.056,251.0,59.0,2765.056,258.0,239.0,11228.079
211.0,31.0,1473.5587,211.0,31.0,1473.5587,211.0,31.0,1473.5587,211.0,31.0,1473.5587,211.0,31.0,1473.5587,211.0,31.0,1473.5587,211.0,31.0,1473.5587,254.0,59.0,2757.6328,254.0,59.0,2757.6328,263.0,247.0,11590.056
201.0,31.0,1464.1642,201.0,31.0,1464.1642,201.0,31.0,1464.1642,201.0,31.0,1464.1642,201.0,31.0,1464.1642,201.0,31.0,1464.1642,201.0,31.0,1464.1642,240.0,55.0,2545.652,240.0,55.0,2545.652,248.0,233.0,10908.438
202.0,35.0,1648.1062,202.0,35.0,1648.1062,202.0,35.0,1648.1062,202.0,35.0,1648.1062,202.0,35.0,1648.1062,202.0,35.0,1648.1062,202.0,35.0,1648.1062,242.0,59.0,2723.7349,242.0,59.0,2723.7349,252.0,235.0,11001.244
194.0,30.0,1414.3677,194.0,30.0,1414.3677,194.0,30.0,1414.3677,194.0,30.0,1414.3677,194.0,30.0,1414.3677,194.0,30.0,1414.3677,194.0,30.0,1414.3677,238.0,58.0,2692.288,238.0,58.0,2692.288,249.0,239.0,11203.789
188.0,29.0,1370.2596,188.0,29.0,1370.2596,188.0,29.0,1370.2596,188.0,29.0,1370.2596,188.0,29.0,1370.2596,188.0,29.0,1370.2596,188.0,29.0,1370.2596,235.0,57.0,2653.941,235.0,57.0,2653.941,246.0,240.0,11212.773
193.0,32.0,1501.4778,193.0,32.0,1501.4778,193.0,32.0,1501.4778,193.0,32.0,1501.4778,193.0,32.0,1501.4778,193.0,32.0,1501.4778,193.0,32.0,1501.4778,253.0,67.0,3114.8428,253.0,67.0,3114.8428,266.0,262.0,12179.194
203.0,32.0,1498.9854,203.0,32.0,1498.9854,203.0,32.0,1498.9854,203.0,32.0,1498.9854,203.0,32.0,1498.9854,203.0,32.0,1498.9854,203.0,32.0,1498.9854,262.0,68.0,3171.1892,262.0,68.0,3171.1892,276.0,270.0,12522.701
206.0,34.0,1611.3855,206.0,34.0,1611.3855,206.0,34.0,1611.3855,206.0,34.0,1611.3855,206.0,34.0,1611.3855,206.0,34.0,1611.3855,206.0,34.0,1611.3855,266.0,71.0,3339.2466,266.0,71.0,3339.2466,280.0,271.0,12605.545
225.0,38.0,1801.4182,225.0,38.0,1801.4182,225.0,38.0,1801.4182,225.0,38.0,1801.4182,225.0,38.0,1801.4182,225.0,38.0,1801.4182,225.0,38.0,1801.4182,285.0,77.0,3635.1387,285.0,77.0,3635.1387,299.0,282.0,13128.297
265.0,45.0,2166.3674,265.0,45.0,2166.3674,265.0,45.0,2166.3674,265.0,45.0,2166.3674,265.0,45.0,2166.3674,265.0,45.0,2166.3674,265.0,45.0,2166.3674,331.0,91.0,4331.6475,331.0,91.0,4331.6475,346.0,321.0,14980.4795
297.0,55.0,2660.4397,297.0,55.0,2660.4397,297.0,55.0,2660.4397,297.0,55.0,2660.4397,297.0,55.0,2660.4397,297.0,55.0,2660.4397,297.0,55.0,2660.4397,374.0,107.0,5109.101,374.0,107.0,5109.101,392.0,362.0,16846.797
335.0,61.0,2957.995,335.0,61.0,2957.995,335.0,61.0,2957.995,335.0,61.0,2957.995,335.0,61.0,2957.995,335.0,61.0,2957.995,335.0,61.0,2957.995,414.0,118.0,5648.3984,414.0,118.0,5648.3984,433.0,394.0,18438.201
338.0,67.0,3262.261,338.0,67.0,3262.261,338.0,67.0,3262.261,338.0,67.0,3262.261,338.0,67.0,3262.261,338.0,67.0,3262.261,338.0,67.0,3262.261,412.0,121.0,5830.2954,412.0,121.0,5830.2954,430.0,384.0,18099.797
351.0,73.0,3548.8413,351.0,73.0,3548.8413,351.0,73.0,3548.8413,351.0,73.0,3548.8413,351.0,73.0,3548.8413,351.0,73.0,3548.8413,351.0,73.0,3548.8413,422.0,123.0,5937.0464,422.0,123.0,5937.0464,442.0,390.0,18434.654
374.0,73.0,3564.9229,374.0,73.0,3564.9229,374.0,73.0,3564.9229,374.0,73.0,3564.9229,374.0,73.0,3564.9229,374.0,73.0,3564.9229,374.0,73.0,3564.9229,456.0,131.0,6356.9375,456.0,131.0,6356.9375,480.0,429.0,20297.148
394.0,76.0,3736.707,394.0,76.0,3736.707,394.0,76.0,3736.707,394.0,76.0,3736.707,394.0,76.0,3736.707,394.0,76.0,3736.707,394.0,76.0,3736.707,483.0,139.0,6781.198,483.0,139.0,6781.198,509.0,457.0,21675.809
363.0,67.0,3303.517,363.0,67.0,3303.517,363.0,67.0,3303.517,363.0,67.0,3303.517,363.0,67.0,3303.517,363.0,67.0,3303.517,363.0,67.0,3303.517,451.0,126.0,6142.6025,451.0,126.0,6142.6025,479.0,441.0,20903.826
331.0,60.0,2958.6716,331.0,60.0,2958.6716,331.0,60.0,2958.6716,331.0,60.0,2958.6716,331.0,60.0,2958.6716,331.0,60.0,2958.6716,331.0,60.0,2958.6716,415.0,115.0,5606.1787,415.0,115.0,5606.1787,439.0,405.0,19317.396
296.0,53.0,2609.0967,296.0,53.0,2609.0967,296.0,53.0,2609.0967,296.0,53.0,2609.0967,296.0,53.0,2609.0967,296.0,53.0,2609.0967,296.0,53.0,2609.0967,377.0,108.0,5253.238,377.0,108.0,5253.238,397.0,367.0,17473.008
304.0,57.0,2793.8887,304.0,57.0,2793.8887,304.0,57.0,2793.8887,304.0,57.0,2793.8887,304.0,57.0,2793.8887,304.0,57.0,2793.8887,304.0,57.0,2793.8887,381.0,110.0,5335.586,381.0,110.0,5335.586,400.0,363.0,17255.703
298.0,55.0,2676.9133,298.0,55.0,2676.9133,298.0,55.0,2676.9133,298.0,55.0,2676.9133,298.0,55.0,2676.9133,298.0,55.0,2676.9133,298.0,55.0,2676.9133,376.0,112.0,5406.4233,376.0,112.0,5406.4233,392.0,354.0,16856.553
250.0,43.0,2082.3955,250.0,43.0,2082.3955,250.0,43.0,2082.3955,250.0,43.0,2082.3955,250.0,43.0,2082.3955,250.0,43.0,2082.3955,250.0,43.0,2082.3955,323.0,97.0,4665.292,323.0,97.0,4665.292,332.0,302.0,14378.567
228.0,39.0,1883.8506,228.0,39.0,1883.8506,228.0,39.0,1883.8506,228.0,39.0,1883.8506,228.0,39.0,1883.8506,228.0,39.0,1883.8506,228.0,39.0,1883.8506,281.0,75.0,3607.3018,281.0,75.0,3607.3018,293.0,268.0,12773.683
207.0,37.0,1775.7927,207.0,37.0,1775.7927,207.0,37.0,1775.7927,207.0,37.0,1775.7927,207.0,37.0,1775.7927,207.0,37.0,1775.7927,207.0,37.0,1775.7927,258.0,71.0,3406.3076,258.0,71.0,3406.3076,270.0,250.0,11894.065
201.0,38.0,1811.6072,201.0,38.0,1811.6072,201.0,38.0,1811.6072,201.0,38.0,1811.6072,201.0,38.0,1811.6072,201.0,38.0,1811.6072,201.0,38.0,1811.6072,248.0,67.0,3204.116,248.0,67.0,3204.116,259.0,239.0,11356.627
228.0,46.0,2198.6497,228.0,46.0,2198.6497,228.0,46.0,2198.6497,228.0,46.0,2198.6497,228.0,46.0,2198.6497,228.0,46.0,2198.6497,228.0,46.0,2198.6497,271.0,76.0,3633.8455,271.0,76.0,3633.8455,283.0,251.0,11955.233
235.0,46.0,2195.0527,235.0,46.0,2195.0527,235.0,46.0,2195.0527,235.0,46.0,2195.0527,235.0,46.0,2195.0527,235.0,46.0,2195.0527,235.0,46.0,2195.0527,286.0,82.0,3927.379,286.0,82.0,3927.379,299.0,268.0,12762.871
235.0,51.0,2434.5618,235.0,51.0,2434.5618,235.0,51.0,2434.5618,235.0,51.0,2434.5618,235.0,51.0,2434.5618,235.0,51.0,2434.5618,235.0,51.0,2434.5618,284.0,88.0,4208.3286,284.0,88.0,4208.3286,295.0,256.0,12184.37
244.0,56.0,2663.6887,244.0,56.0,2663.6887,244.0,56.0,2663.6887,244.0,56.0,2663.6887,244.0,56.0,2663.6887,244.0,56.0,2663.6887,244.0,56.0,2663.6887,296.0,96.0,4561.6807,296.0,96.0,4561.6807,305.0,259.0,12322.391
238.0,53.0,2521.1252,238.0,53.0,2521.1252,238.0,53.0,2521.1252,238.0,53.0,2521.1252,238.0,53.0,2521.1252,238.0,53.0,2521.1252,238.0,53.0,2521.1252,295.0,94.0,4463.2173,295.0,94.0,4463.2173,304.0,263.0,12476.776
286.0,69.0,3287.206,286.0,69.0,3287.206,286.0,69.0,3287.206,286.0,69.0,3287.206,286.0,69.0,3287.206,286.0,69.0,3287.206,286.0,69.0,3287.206,358.0,121.0,5784.369,358.0,121.0,5784.369,368.0,316.0,15053.893
296.0,65.0,3117.2505,296.0,65.0,3117.2505,296.0,65.0,3117.2505,296.0,65.0,3117.2505,296.0,65.0,3117.2505,296.0,65.0,3117.2505,296.0,65.0,3117.2505,371.0,119.0,5711.2563,371.0,119.0,5711.2563,383.0,338.0,16091.718
285.0,56.0,2705.602,285.0,56.0,2705.602,285.0,56.0,2705.602,285.0,56.0,2705.602,285.0,56.0,2705.602,285.0,56.0,2705.602,285.0,56.0,2705.602,364.0,113.0,5451.1807,364.0,113.0,5451.1807,376.0,341.0,16262.148
269.0,59.0,2855.7708,269.0,59.0,2855.7708,269.0,59.0,2855.7708,269.0,59.0,2855.7708,269.0,59.0,2855.7708,269.0,59.0,2855.7708,269.0,59.0,2855.7708,338.0,105.0,5062.965,338.0,105.0,5062.965,348.0,314.0,14995.242
260.0,54.0,2623.8018,260.0,54.0,2623.8018,260.0,54.0,2623.8018,260.0,54.0,2623.8018,260.0,54.0,2623.8018,260.0,54.0,2623.8018,260.0,54.0,2623.8018,329.0,98.0,4749.53,329.0,98.0,4749.53,340.0,312.0,14911.461
244.0,47.0,2280.8127,244.0,47.0,2280.8127,244.0,47.0,2280.8127,244.0,47.0,2280.8127,244.0,47.0,2280.8127,244.0,47.0,2280.8127,244.0,47.0,2280.8127,313.0,93.0,4497.8057,313.0,93.0,4497.8057,324.0,302.0,14416.136
234.0,46.0,2227.5723,234.0,46.0,2227.5723,234.0,46.0,2227.5723,234.0,46.0,2227.5723,234.0,46.0,2227.5723,234.0,46.0,2227.5723,234.0,46.0,2227.5723,297.0,87.0,4200.2656,297.0,87.0,4200.2656,311.0,289.0,13825.742
200.0,35.0,1696.8364,200.0,35.0,1696.8364,200.0,35.0,1696.8364,200.0,35.0,1696.8364,200.0,35.0,1696.8364,200.0,35.0,1696.8364,200.0,35.0,1696.8364,241.0,60.0,2898.1543,241.0,60.0,2898.1543,252.0,233.0,11125.672
185.0,31.0,1504.3699,185.0,31.0,1504.3699,185.0,31.0,1504.3699,185.0,31.0,1504.3699,185.0,31.0,1504.3699,185.0,31.0,1504.3699,185.0,31.0,1504.3699,216.0,52.0,2515.666,216.0,52.0,2515.666,227.0,206.0,9835.529
162.0,29.0,1396.8939,162.0,29.0,1396.8939,162.0,29.0,1396.8939,162.0,29.0,1396.8939,162.0,29.0,1396.8939,162.0,29.0,1396.8939,162.0,29.0,1396.8939,192.0,46.0,2212.3567,192.0,46.0,2212.3567,201.0,182.0,8680.086
154.0,29.0,1385.7924,154.0,29.0,1385.7924,154.0,29.0,1385.7924,154.0,29.0,1385.7924,154.0,29.0,1385.7924,154.0,29.0,1385.7924,154.0,29.0,1385.7924,189.0,49.0,2353.2307,189.0,49.0,2353.2307,198.0,178.0,8488.934
169.0,33.0,1582.599,169.0,33.0,1582.599,169.0,33.0,1582.599,169.0,33.0,1582.599,169.0,33.0,1582.599,169.0,33.0,1582.599,169.0,33.0,1582.599,211.0,60.0,2898.8574,211.0,60.0,2898.8574,220.0,196.0,9360.716
194.0,37.0,1781.9253,194.0,37.0,1781.9253,194.0,37.0,1781.9253,194.0,37.0,1781.9253,194.0,37.0,1781.9253,194.0,37.0,1781.9253,194.0,37.0,1781.9253,238.0,65.0,3160.5,238.0,65.0,3160.5,249.0,220.0,10539.883
213.0,40.0,1940.5195,213.0,40.0,1940.5195,213.0,40.0,1940.5195,213.0,40.0,1940.5195,213.0,40.0,1940.5195,213.0,40.0,1940.5195,213.0,40.0,1940.5195,260.0,71.0,3462.93,260.0,71.0,3462.93,272.0,241.0,11591.378
212.0,38.0,1847.7227,212.0,38.0,1847.7227,212.0,38.0,1847.7227,212.0,38.0,1847.7227,212.0,38.0,1847.7227,212.0,38.0,1847.7227,212.0,38.0,1847.7227,262.0,68.0,3319.4734,262.0,68.0,3319.4734,274.0,249.0,11960.789
231.0,40.0,1929.9939,231.0,40.0,1929.9939,231.0,40.0,1929.9939,231.0,40.0,1929.9939,231.0,40.0,1929.9939,231.0,40.0,1929.9939,231.0,40.0,1929.9939,288.0,77.0,3736.285,288.0,77.0,3736.285,299.0,273.0,13090.337
258.0,44.0,2134.7695,258.0,44.0,2134.7695,258.0,44.0,2134.7695,258.0,44.0,2134.7695,258.0,44.0,2134.7695,258.0,44.0,2134.7695,258.0,44.0,2134.7695,324.0,95.0,4624.6016,324.0,95.0,4624.6016,334.0,300.0,14392.424
272.0,47.0,2296.8364,272.0,47.0,2296.8364,272.0,47.0,2296.8364,272.0,47.0,2296.8364,272.0,47.0,2296.8364,272.0,47.0,2296.8364,272.0,47.0,2296.8364,333.0,93.0,4530.3467,333.0,93.0,4530.3467,340.0,304.0,14591.187
276.0,50.0,2453.4695,276.0,50.0,2453.4695,276.0,50.0,2453.4695,276.0,50.0,2453.4695,276.0,50.0,2453.4695,276.0,50.0,2453.4695,276.0,50.0,2453.4695,334.0,91.0,4420.327,334.0,91.0,4420.327,340.0,304.0,14541.082
276.0,48.0,2353.409,276.0,48.0,2353.409,276.0,48.0,2353.409,276.0,48.0,2353.409,276.0,48.0,2353.409,276.0,48.0,2353.409,276.0,48.0,2353.409,337.0,89.0,4304.9316,337.0,89.0,4304.9316,344.0,314.0,15017.195
279.0,40.0,1941.8268,279.0,40.0,1941.8268,279.0,40.0,1941.8268,279.0,40.0,1941.8268,279.0,40.0,1941.8268,279.0,40.0,1941.8268,279.0,40.0,1941.8268,340.0,84.0,4038.8125,340.0,84.0,4038.8125,345.0,319.0,15190.136
359.0,58.0,2834.3909,359.0,58.0,2834.3909,359.0,58.0,2834.3909,359.0,58.0,2834.3909,359.0,58.0,2834.3909,359.0,58.0,2834.3909,359.0,58.0,2834.3909,432.0,111.0,5352.628,432.0,111.0,5352.628,442.0,402.0,19143.307
378.0,62.0,3008.166,378.0,62.0,3008.166,378.0,62.0,3008.166,378.0,62.0,3008.166,378.0,62.0,3008.166,378.0,62.0,3008.166,378.0,62.0,3008.166,448.0,110.0,5304.5327,448.0,110.0,5304.5327,460.0,418.0,19890.986
357.0,55.0,2671.449,357.0,55.0,2671.449,357.0,55.0,2671.449,357.0,55.0,2671.449,357.0,55.0,2671.449,357.0,55.0,2671.449,357.0,55.0,2671.449,420.0,95.0,4577.1797,420.0,95.0,4577.1797,431.0,397.0,18832.117
378.0,62.0,3010.2104,378.0,62.0,3010.2104,378.0,62.0,3010.2104,378.0,62.0,3010.2104,378.0,62.0,3010.2104,378.0,62.0,3010.2104,378.0,62.0,3010.2104,448.0,110.0,5297.4473,448.0,110.0,5297.4473,457.0,413.0,19559.941
381.0,63.0,3051.7134,381.0,63.0,3051.7134,381.0,63.0,3051.7134,381.0,63.0,3051.7134,381.0,63.0,3051.7134,381.0,63.0,3051.7134,381.0,63.0,3051.7134,450.0,108.0,5193.2075,450.0,108.0,5193.2075,460.0,416.0,19692.662
390.0,68.0,3307.8577,390.0,68.0,3307.8577,390.0,68.0,3307.8577,390.0,68.0,3307.8577,390.0,68.0,3307.8577,390.0,68.0,3307.8577,390.0,68.0,3307.8577,460.0,110.0,5297.3726,460.0,110.0,5297.3726,470.0,426.0,20187.094
398.0,64.0,3119.5623,398.0,64.0,3119.5623,398.0,64.0,3119.5623,398.0,64.0,3119.5623,398.0,64.0,3119.5623,398.0,64.0,3119.5623,398.0,64.0,3119.5623,479.0,115.0,5537.162,479.0,115.0,5537.162,492.0,454.0,21464.527
394.0,50.0,2403.2263,394.0,50.0,2403.2263,394.0,50.0,2403.2263,394.0,50.0,2403.2263,394.0,50.0,2403.2263,394.0,50.0,2403.2263,394.0,50.0,2403.2263,483.0,117.0,5576.0674,483.0,117.0,5576.0674,496.0,465.0,22004.873
528.0,76.0,3655.1868,528.0,76.0,3655.1868,528.0,76.0,3655.1868,528.0,76.0,3655.1868,528.0,76.0,3655.1868,528.0,76.0,3655.1868,528.0,76.0,3655.1868,639.0,157.0,7533.6143,639.0,157.0,7533.6143,659.0,615.0,29092.186
601.0,83.0,3987.4478,601.0,83.0,3987.4478,601.0,83.0,3987.4478,601.0,83.0,3987.4478,601.0,83.0,3987.4478,601.0,83.0,3987.4478,601.0,83.0,3987.4478,739.0,185.0,8842.836,739.0,185.0,8842.836,760.0,713.0,33781.6
605.0,79.0,3782.9722,605.0,79.0,3782.9722,605.0,79.0,3782.9722,605.0,79.0,3782.9722,605.0,79.0,3782.9722,605.0,79.0,3782.9722,605.0,79.0,3782.9722,755.0,189.0,9003.328,755.0,189.0,9003.328,776.0,737.0,34946.62
630.0,91.0,4367.43,630.0,91.0,4367.43,630.0,91.0,4367.43,630.0,91.0,4367.43,630.0,91.0,4367.43,630.0,91.0,4367.43,630.0,91.0,4367.43,775.0,192.0,9149.162,775.0,192.0,9149.162,798.0,751.0,35639.523
647.0,92.0,4417.5596,647.0,92.0,4417.5596,647.0,92.0,4417.5596,647.0,92.0,4417.5596,647.0,92.0,4417.5596,647.0,92.0,4417.5596,647.0,92.0,4417.5596,793.0,198.0,9445.442,793.0,198.0,9445.442,817.0,768.0,36446.11
633.0,93.0,4471.866,633.0,93.0,4471.866,633.0,93.0,4471.866,633.0,93.0,4471.866,633.0,93.0,4471.866,633.0,93.0,4471.866,633.0,93.0,4471.866,775.0,191.0,9119.267,775.0,191.0,9119.267,802.0,754.0,35864.715
599.0,96.0,4627.6,599.0,96.0,4627.6,599.0,96.0,4627.6,599.0,96.0,4627.6,599.0,96.0,4627.6,599.0,96.0,4627.6,599.0,96.0,4627.6,729.0,187.0,8943.356,729.0,187.0,8943.356,752.0,694.0,33052.98
473.0,75.0,3628.5137,473.0,75.0,3628.5137,473.0,75.0,3628.5137,473.0,75.0,3628.5137,473.0,75.0,3628.5137,473.0,75.0,3628.5137,473.0,75.0,3628.5137,578.0,153.0,7343.1636,578.0,153.0,7343.1636,591.0,541.0,25764.203
439.0,76.0,3680.395,439.0,76.0,3680.395,439.0,76.0,3680.395,439.0,76.0,3680.395,439.0,76.0,3680.395,439.0,76.0,3680.395,439.0,76.0,3680.395,531.0,145.0,6973.886,531.0,145.0,6973.886,545.0,492.0,23383.314
426.0,82.0,3987.1921,426.0,82.0,3987.1921,426.0,82.0,3987.1921,426.0,82.0,3987.1921,426.0,82.0,3987.1921,426.0,82.0,3987.1921,426.0,82.0,3987.1921,512.0,142.0,6857.6436,512.0,142.0,6857.6436,526.0,470.0,22292.44
421.0,75.0,3634.9001,421.0,75.0,3634.9001,421.0,75.0,3634.9001,421.0,75.0,3634.9001,421.0,75.0,3634.9001,421.0,75.0,3634.9001,421.0,75.0,3634.9001,505.0,134.0,6450.1724,505.0,134.0,6450.1724,521.0,472.0,22371.477
416.0,74.0,3600.0388,416.0,74.0,3600.0388,416.0,74.0,3600.0388,416.0,74.0,3600.0388,416.0,74.0,3600.0388,416.0,74.0,3600.0388,416.0,74.0,3600.0388,506.0,132.0,6340.105,506.0,132.0,6340.105,522.0,483.0,22898.67
396.0,73.0,3550.54,396.0,73.0,3550.54,396.0,73.0,3550.54,396.0,73.0,3550.54,396.0,73.0,3550.54,396.0,73.0,3550.54,396.0,73.0,3550.54,505.0,131.0,6271.2686,505.0,131.0,6271.2686,517.0,495.0,23409.42
389.0,67.0,3229.082,389.0,67.0,3229.082,389.0,67.0,3229.082,389.0,67.0,3229.082,389.0,67.0,3229.082,389.0,67.0,3229.082,389.0,67.0,3229.082,497.0,123.0,5877.3804,497.0,123.0,5877.3804,509.0,494.0,23320.754
400.0,69.0,3309.2583,400.0,69.0,3309.2583,400.0,69.0,3309.2583,400.0,69.0,3309.2583,400.0,69.0,3309.2583,400.0,69.0,3309.2583,400.0,69.0,3309.2583,518.0,128.0,6060.8594,518.0,128.0,6060.8594,532.0,518.0,24390.87
372.0,55.0,2651.4927,372.0,55.0,2651.4927,372.0,55.0,2651.4927,372.0,55.0,2651.4927,372.0,55.0,2651.4927,372.0,55.0,2651.4927,372.0,55.0,2651.4927,487.0,109.0,5159.9927,487.0,109.0,5159.9927,504.0,505.0,23790.21
355.0,49.0,2344.306,355.0,49.0,2344.306,355.0,49.0,2344.306,355.0,49.0,2344.306,355.0,49.0,2344.306,355.0,49.0,2344.306,355.0,49.0,2344.306,464.0,100.0,4720.9585,464.0,100.0,4720.9585,481.0,485.0,22887.918
339.0,44.0,2110.086,339.0,44.0,2110.086,339.0,44.0,2110.086,339.0,44.0,2110.086,339.0,44.0,2110.086,339.0,44.0,2110.086,339.0,44.0,2110.086,445.0,95.0,4501.4795,445.0,95.0,4501.4795,462.0,467.0,22071.395
329.0,45.0,2158.516,329.0,45.0,2158.516,329.0,45.0,2158.516,329.0,45.0,2158.516,329.0,45.0,2158.516,329.0,45.0,2158.516,329.0,45.0,2158.516,423.0,91.0,4304.3867,423.0,91.0,4304.3867,439.0,435.0,20551.646
312.0,48.0,2313.2986,312.0,48.0,2313.2986,312.0,48.0,2313.2986,312.0,48.0,2313.2986,312.0,48.0,2313.2986,312.0,48.0,2313.2986,312.0,48.0,2313.2986,411.0,93.0,4386.6914,411.0,93.0,4386.6914,427.0,426.0,20157.309
292.0,47.0,2266.3857,292.0,47.0,2266.3857,292.0,47.0,2266.3857,292.0,47.0,2266.3857,292.0,47.0,2266.3857,292.0,47.0,2266.3857,292.0,47.0,2266.3857,389.0,90.0,4233.846,389.0,90.0,4233.846,404.0,405.0,19131.152
303.0,46.0,2223.681,303.0,46.0,2223.681,303.0,46.0,2223.681,303.0,46.0,2223.681,303.0,46.0,2223.681,303.0,46.0,2223.681,303.0,46.0,2223.681,415.0,96.0,4501.6396,415.0,96.0,4501.6396,430.0,440.0,20852.96
298.0,48.0,2313.3472,298.0,48.0,2313.3472,298.0,48.0,2313.3472,298.0,48.0,2313.3472,298.0,48.0,2313.3472,298.0,48.0,2313.3472,298.0,48.0,2313.3472,416.0,99.0,4637.6562,416.0,99.0,4637.6562,429.0,442.0,21010.338
305.0,52.0,2497.2517,305.0,52.0,2497.2517,305.0,52.0,2497.2517,305.0,52.0,2497.2517,305.0,52.0,2497.2517,305.0,52.0,2497.2517,305.0,52.0,2497.2517,426.0,109.0,5101.649,426.0,109.0,5101.649,436.0,442.0,20990.473
309.0,53.0,2535.2935,309.0,53.0,2535.2935,309.0,53.0,2535.2935,309.0,53.0,2535.2935,309.0,53.0,2535.2935,309.0,53.0,2535.2935,309.0,53.0,2535.2935,447.0,124.0,5819.6562,447.0,124.0,5819.6562,456.0,464.0,22018.357
318.0,56.0,2677.778,318.0,56.0,2677.778,318.0,56.0,2677.778,318.0,56.0,2677.778,318.0,56.0,2677.778,318.0,56.0,2677.778,318.0,56.0,2677.778,457.0,131.0,6153.882,457.0,131.0,6153.882,467.0,469.0,22273.377
316.0,56.0,2667.8748,316.0,56.0,2667.8748,316.0,56.0,2667.8748,316.0,56.0,2667.8748,316.0,56.0,2667.8748,316.0,56.0,2667.8748,316.0,56.0,2667.8748,439.0,128.0,6047.94,439.0,128.0,6047.94,448.0,436.0,20685.969
324.0,56.0,2656.3108,324.0,56.0,2656.3108,324.0,56.0,2656.3108,324.0,56.0,2656.3108,324.0,56.0,2656.3108,324.0,56.0,2656.3108,324.0,56.0,2656.3108,453.0,137.0,6477.203,453.0,137.0,6477.203,462.0,448.0,21312.613
325.0,55.0,2623.4612,325.0,55.0,2623.4612,325.0,55.0,2623.4612,325.0,55.0,2623.4612,325.0,55.0,2623.4612,325.0,55.0,2623.4612,325.0,55.0,2623.4612,442.0,125.0,5946.181,442.0,125.0,5946.181,452.0,438.0,20982.836
349.0,64.0,3053.4116,349.0,64.0,3053.4116,349.0,64.0,3053.4116,349.0,64.0,3053.4116,349.0,64.0,3053.4116,349.0,64.0,3053.4116,349.0,64.0,3053.4116,451.0,130.0,6202.5225,451.0,130.0,6202.5225,461.0,431.0,20602.74
362.0,66.0,3168.786,362.0,66.0,3168.786,362.0,66.0,3168.786,362.0,66.0,3168.786,362.0,66.0,3168.786,362.0,66.0,3168.786,362.0,66.0,3168.786,467.0,129.0,6164.8486,467.0,129.0,6164.8486,479.0,454.0,21693.072
374.0,72.0,3475.0454,374.0,72.0,3475.0454,374.0,72.0,3475.0454,374.0,72.0,3475.0454,374.0,72.0,3475.0454,374.0,72.0,3475.0454,374.0,72.0,3475.0454,486.0,134.0,6417.643,486.0,134.0,6417.643,499.0,478.0,22896.781
391.0,75.0,3619.3335,391.0,75.0,3619.3335,391.0,75.0,3619.3335,391.0,75.0,3619.3335,391.0,75.0,3619.3335,391.0,75.0,3619.3335,391.0,75.0,3619.3335,521.0,142.0,6798.548,521.0,142.0,6798.548,537.0,526.0,25193.227
441.0,75.0,3609.1333,441.0,75.0,3609.1333,441.0,75.0,3609.1333,441.0,75.0,3609.1333,441.0,75.0,3609.1333,441.0,75.0,3609.1333,441.0,75.0,3609.1333,596.0,154.0,7391.494,596.0,154.0,7391.494,615.0,616.0,29456.975
470.0,81.0,3901.2893,470.0,81.0,3901.2893,470.0,81.0,3901.2893,470.0,81.0,3901.2893,470.0,81.0,3901.2893,470.0,81.0,3901.2893,470.0,81.0,3901.2893,622.0,155.0,7442.6045,622.0,155.0,7442.6045,644.0,639.0,30506.96
477.0,80.0,3832.4814,477.0,80.0,3832.4814,477.0,80.0,3832.4814,477.0,80.0,3832.4814,477.0,80.0,3832.4814,477.0,80.0,3832.4814,477.0,80.0,3832.4814,620.0,161.0,7719.9927,620.0,161.0,7719.9927,639.0,618.0,29330.967
524.0,89.0,4268.5254,524.0,89.0,4268.5254,524.0,89.0,4268.5254,524.0,89.0,4268.5254,524.0,89.0,4268.5254,524.0,89.0,4268.5254,524.0,89.0,4268.5254,673.0,185.0,8870.907,673.0,185.0,8870.907,690.0,652.0,30945.273
547.0,86.0,4114.75,547.0,86.0,4114.75,547.0,86.0,4114.75,547.0,86.0,4114.75,547.0,86.0,4114.75,547.0,86.0,4114.75,547.0,86.0,4114.75,700.0,192.0,9203.343,700.0,192.0,9203.343,718.0,673.0,31961.02
542.0,75.0,3585.967,542.0,75.0,3585.967,542.0,75.0,3585.967,542.0,75.0,3585.967,542.0,75.0,3585.967,542.0,75.0,3585.967,542.0,75.0,3585.967,701.0,191.0,9153.406,701.0,191.0,9153.406,717.0,680.0,32279.285
567.0,82.0,3937.4197,567.0,82.0,3937.4197,567.0,82.0,3937.4197,567.0,82.0,3937.4197,567.0,82.0,3937.4197,567.0,82.0,3937.4197,567.0,82.0,3937.4197,718.0,192.0,9200.853,718.0,192.0,9200.853,734.0,685.0,32450.648
574.0,82.0,3923.7183,574.0,82.0,3923.7183,574.0,82.0,3923.7183,574.0,82.0,3923.7183,574.0,82.0,3923.7183,574.0,82.0,3923.7183,574.0,82.0,3923.7183,708.0,184.0,8776.445,708.0,184.0,8776.445,727.0,669.0,31594.734
605.0,90.0,4322.7534,605.0,90.0,4322.7534,605.0,90.0,4322.7534,605.0,90.0,4322.7534,605.0,90.0,4322.7534,605.0,90.0,4322.7534,605.0,90.0,4322.7534,748.0,189.0,9020.818,748.0,189.0,9020.818,768.0,719.0,33791.94
723.0,103.0,4948.863,723.0,103.0,4948.863,723.0,103.0,4948.863,723.0,103.0,4948.863,723.0,103.0,4948.863,723.0,103.0,4948.863,723.0,103.0,4948.863,876.0,219.0,10388.736,876.0,219.0,10388.736,894.0,825.0,38740.625
774.0,100.0,4809.8213,774.0,100.0,4809.8213,774.0,100.0,4809.8213,774.0,100.0,4809.8213,774.0,100.0,4809.8213,774.0,100.0,4809.8213,774.0,100.0,4809.8213,944.0,220.0,10458.338,944.0,220.0,10458.338,969.0,912.0,42593.75
812.0,105.0,5044.5137,812.0,105.0,5044.5137,812.0,105.0,5044.5137,812.0,105.0,5044.5137,812.0,105.0,5044.5137,812.0,105.0,5044.5137,812.0,105.0,5044.5137,979.0,219.0,10398.636,979.0,219.0,10398.636,1011.0,954.0,44479.332
800.0,114.0,5479.889,800.0,114.0,5479.889,800.0,114.0,5479.889,800.0,114.0,5479.889,800.0,114.0,5479.889,800.0,114.0,5479.889,800.0,114.0,5479.889,970.0,220.0,10435.703,970.0,220.0,10435.703,1003.0,948.0,44004.035
773.0,105.0,4978.96,773.0,105.0,4978.96,773.0,105.0,4978.96,773.0,105.0,4978.96,773.0,105.0,4978.96,773.0,105.0,4978.96,773.0,105.0,4978.96,931.0,202.0,9539.715,931.0,202.0,9539.715,967.0,918.0,42498.242
760.0,99.0,4691.158,760.0,99.0,4691.158,760.0,99.0,4691.158,760.0,99.0,4691.158,760.0,99.0,4691.158,760.0,99.0,4691.158,760.0,99.0,4691.158,946.0,211.0,9872.158,946.0,211.0,9872.158,982.0,951.0,43992.805
768.0,103.0,4902.4507,768.0,103.0,4902.4507,768.0,103.0,4902.4507,768.0,103.0,4902.4507,768.0,103.0,4902.4507,768.0,103.0,4902.4507,768.0,103.0,4902.4507,951.0,208.0,9821.181,951.0,208.0,9821.181,993.0,961.0,44195.766
719.0,88.0,4187.5957,719.0,88.0,4187.5957,719.0,88.0,4187.5957,719.0,88.0,4187.5957,719.0,88.0,4187.5957,719.0,88.0,4187.5957,719.0,88.0,4187.5957,919.0,203.0,9483.729,919.0,203.0,9483.729,959.0,949.0,43489.773
684.0,79.0,3718.3323,684.0,79.0,3718.3323,684.0,79.0,3718.3323,684.0,79.0,3718.3323,684.0,79.0,3718.3323,684.0,79.0,3718.3323,684.0,79.0,3718.3323,875.0,194.0,9061.821,875.0,194.0,9061.821,914.0,902.0,41238.504
765.0,84.0,3866.685,765.0,84.0,3866.685,765.0,84.0,3866.685,765.0,84.0,3866.685,765.0,84.0,3866.685,765.0,84.0,3866.685,765.0,84.0,3866.685,953.0,201.0,9306.43,953.0,201.0,9306.43,994.0,972.0,44473.273
868.0,91.0,4255.6216,868.0,91.0,4255.6216,868.0,91.0,4255.6216,868.0,91.0,4255.6216,868.0,91.0,4255.6216,868.0,91.0,4255.6216,868.0,91.0,4255.6216,1090.0,221.0,10265.298,1090.0,221.0,10265.298,1136.0,1125.0,51586.844
922.0,96.0,4552.102,922.0,96.0,4552.102,922.0,96.0,4552.102,922.0,96.0,4552.102,922.0,96.0,4552.102,922.0,96.0,4552.102,922.0,96.0,4552.102,1180.0,248.0,11617.091,1180.0,248.0,11617.091,1231.0,1226.0,56373.312
977.0,98.0,4632.1973,977.0,98.0,4632.1973,977.0,98.0,4632.1973,977.0,98.0,4632.1973,977.0,98.0,4632.1973,977.0,98.0,4632.1973,977.0,98.0,4632.1973,1255.0,274.0,12852.272,1255.0,274.0,12852.272,1312.0,1310.0,60202.76
1107.0,102.0,4833.946,1107.0,102.0,4833.946,1107.0,102.0,4833.946,1107.0,102.0,4833.946,1107.0,102.0,4833.946,1107.0,102.0,4833.946,1107.0,102.0,4833.946,1431.0,274.0,12791.887,1431.0,274.0,12791.887,1499.0,1548.0,71415.57
1282.0,113.0,5336.4683,1282.0,113.0,5336.4683,1282.0,113.0,5336.4683,1282.0,113.0,5336.4683,1282.0,113.0,5336.4683,1282.0,113.0,5336.4683,1282.0,113.0,5336.4683,1652.0,313.0,14698.08,1652.0,313.0,14698.08,1727.0,1784.0,81977.77
1387.0,124.0,5884.771,1387.0,124.0,5884.771,1387.0,124.0,5884.771,1387.0,124.0,5884.771,1387.0,124.0,5884.771,1387.0,124.0,5884.771,1387.0,124.0,5884.771,1807.0,342.0,16031.179,1807.0,342.0,16031.179,1891.0,1968.0,90424.91
1398.0,121.0,5784.745,1398.0,121.0,5784.745,1398.0,121.0,5784.745,1398.0,121.0,5784.745,1398.0,121.0,5784.745,1398.0,121.0,5784.745,1398.0,121.0,5784.745,1814.0,345.0,16226.618,1814.0,345.0,16226.618,1889.0,1955.0,89888.305
1359.0,117.0,5568.409,1359.0,117.0,5568.409,1359.0,117.0,5568.409,1359.0,117.0,5568.409,1359.0,117.0,5568.409,1359.0,117.0,5568.409,1359.0,117.0,5568.409,1773.0,343.0,16012.514,1773.0,343.0,16012.514,1849.0,1914.0,87783.43
1358.0,109.0,5174.319,1358.0,109.0,5174.319,1358.0,109.0,5174.319,1358.0,109.0,5174.319,1358.0,109.0,5174.319,1358.0,109.0,5174.319,1358.0,109.0,5174.319,1765.0,326.0,15262.084,1765.0,326.0,15262.084,1840.0,1918.0,87820.95
1343.0,115.0,5474.821,1343.0,115.0,5474.821,1343.0,115.0,5474.821,1343.0,115.0,5474.821,1343.0,115.0,5474.821,1343.0,115.0,5474.821,1343.0,115.0,5474.821,1714.0,306.0,14354.613,1714.0,306.0,14354.613,1784.0,1849.0,84829.06
1262.0,125.0,5829.99,1262.0,125.0,5829.99,1262.0,125.0,5829.99,1262.0,125.0,5829.99,1262.0,125.0,5829.99,1262.0,125.0,5829.99,1262.0,125.0,5829.99,1618.0,326.0,15213.35,1618.0,326.0,15213.35,1680.0,1704.0,78254.45
1145.0,129.0,6096.3936,1145.0,129.0,6096.3936,1145.0,129.0,6096.3936,1145.0,129.0,6096.3936,1145.0,129.0,6096.3936,1145.0,129.0,6096.3936,1145.0,129.0,6096.3936,1462.0,294.0,13666.199,1462.0,294.0,13666.199,1527.0,1539.0,70867.64
1055.0,121.0,5722.4893,1055.0,121.0,5722.4893,1055.0,121.0,5722.4893,1055.0,121.0,5722.4893,1055.0,121.0,5722.4893,1055.0,121.0,5722.4893,1055.0,121.0,5722.4893,1339.0,282.0,13093.357,1339.0,282.0,13093.357,1392.0,1382.0,63444.375
1011.0,117.0,5433.2876,1011.0,117.0,5433.2876,1011.0,117.0,5433.2876,1011.0,117.0,5433.2876,1011.0,117.0,5433.2876,1011.0,117.0,5433.2876,1011.0,117.0,5433.2876,1291.0,267.0,12182.912,1291.0,267.0,12182.912,1350.0,1354.0,61911.64
1166.0,116.0,5386.9336,1166.0,116.0,5386.9336,1166.0,116.0,5386.9336,1166.0,116.0,5386.9336,1166.0,116.0,5386.9336,1166.0,116.0,5386.9336,1166.0,116.0,5386.9336,1452.0,279.0,12743.39,1452.0,279.0,12743.39,1508.0,1509.0,68541.62
1180.0,118.0,5442.355,1180.0,118.0,5442.355,1180.0,118.0,5442.355,1180.0,118.0,5442.355,1180.0,118.0,5442.355,1180.0,118.0,5442.355,1180.0,118.0,5442.355,1487.0,286.0,13085.274,1487.0,286.0,13085.274,1550.0,1558.0,70341.94
1209.0,121.0,5556.493,1209.0,121.0,5556.493,1209.0,121.0,5556.493,1209.0,121.0,5556.493,1209.0,121.0,5556.493,1209.0,121.0,5556.493,1209.0,121.0,5556.493,1537.0,304.0,13787.884,1537.0,304.0,13787.884,1602.0,1612.0,72855.586
1279.0,117.0,5348.248,1279.0,117.0,5348.248,1279.0,117.0,5348.248,1279.0,117.0,5348.248,1279.0,117.0,5348.248,1279.0,117.0,5348.248,1279.0,117.0,5348.248,1605.0,297.0,13544.132,1605.0,297.0,13544.132,1679.0,1698.0,76571.22
1453.0,130.0,5858.4497,1453.0,130.0,5858.4497,1453.0,130.0,5858.4497,1453.0,130.0,5858.4497,1453.0,130.0,5858.4497,1453.0,130.0,5858.4497,1453.0,130.0,5858.4497,1818.0,317.0,14404.354,1818.0,317.0,14404.354,1897.0,1944.0,87975.16
1642.0,126.0,5802.2905,1642.0,126.0,5802.2905,1642.0,126.0,5802.2905,1642.0,126.0,5802.2905,1642.0,126.0,5802.2905,1642.0,126.0,5802.2905,1642.0,126.0,5802.2905,2058.0,335.0,15267.163,2058.0,335.0,15267.163,2144.0,2223.0,101129.08
1749.0,122.0,5709.1953,1749.0,122.0,5709.1953,1749.0,122.0,5709.1953,1749.0,122.0,5709.1953,1749.0,122.0,5709.1953,1749.0,122.0,5709.1953,1749.0,122.0,5709.1953,2213.0,359.0,16423.89,2213.0,359.0,16423.89,2304.0,2406.0,109707.484
1661.0,126.0,5935.688,1661.0,126.0,5935.688,1661.0,126.0,5935.688,1661.0,126.0,5935.688,1661.0,126.0,5935.688,1661.0,126.0,5935.688,1661.0,126.0,5935.688,2192.0,384.0,17631.94,2192.0,384.0,17631.94,2295.0,2441.0,112062.625
1727.0,128.0,6026.3477,1727.0,128.0,6026.3477,1727.0,128.0,6026.3477,1727.0,128.0,6026.3477,1727.0,128.0,6026.3477,1727.0,128.0,6026.3477,1727.0,128.0,6026.3477,2260.0,394.0,18160.371,2260.0,394.0,18160.371,2370.0,2510.0,115760.11
1833.0,151.0,7109.44,1833.0,151.0,7109.44,1833.0,151.0,7109.44,1833.0,151.0,7109.44,1833.0,151.0,7109.44,1833.0,151.0,7109.44,1833.0,151.0,7109.44,2374.0,430.0,19808.65,2374.0,430.0,19808.65,2491.0,2603.0,119743.41
1862.0,156.0,7304.456,1862.0,156.0,7304.456,1862.0,156.0,7304.456,1862.0,156.0,7304.456,1862.0,156.0,7304.456,1862.0,156.0,7304.456,1862.0,156.0,7304.456,2392.0,440.0,20282.727,2392.0,440.0,20282.727,2507.0,2596.0,119451.46
1674.0,143.0,6739.7573,1674.0,143.0,6739.7573,1674.0,143.0,6739.7573,1674.0,143.0,6739.7573,1674.0,143.0,6739.7573,1674.0,143.0,6739.7573,1674.0,143.0,6739.7573,2264.0,449.0,20673.084,2264.0,449.0,20673.084,2357.0,2500.0,115016.16
1641.0,158.0,7361.982,1641.0,158.0,7361.982,1641.0,158.0,7361.982,1641.0,158.0,7361.982,1641.0,158.0,7361.982,1641.0,158.0,7361.982,1641.0,158.0,7361.982,2178.0,458.0,21030.996,2178.0,458.0,21030.996,2255.0,2324.0,106928.99
1617.0,171.0,7956.767,1617.0,171.0,7956.767,1617.0,171.0,7956.767,1617.0,171.0,7956.767,1617.0,171.0,7956.767,1617.0,171.0,7956.767,1617.0,171.0,7956.767,2125.0,453.0,20812.65,2125.0,453.0,20812.65,2202.0,2244.0,103267.91
1632.0,183.0,8510.92,1632.0,183.0,8510.92,1632.0,183.0,8510.92,1632.0,183.0,8510.92,1632.0,183.0,8510.92,1632.0,183.0,8510.92,1632.0,183.0,8510.92,2087.0,436.0,19970.271,2087.0,436.0,19970.271,2165.0,2177.0,100202.5
1663.0,184.0,8494.994,1663.0,184.0,8494.994,1663.0,184.0,8494.994,1663.0,184.0,8494.994,1663.0,184.0,8494.994,1663.0,184.0,8494.994,1663.0,184.0,8494.994,2125.0,450.0,20626.527,2125.0,450.0,20626.527,2198.0,2204.0,101411.94
1846.0,183.0,8469.098,1846.0,183.0,8469.098,1846.0,183.0,8469.098,1846.0,183.0,8469.098,1846.0,183.0,8469.098,1846.0,183.0,8469.098,1846.0,183.0,8469.098,2275.0,449.0,20796.775,2275.0,449.0,20796.775,2344.0,2313.0,106849.25
1976.0,195.0,9053.448,1976.0,195.0,9053.448,1976.0,195.0,9053.448,1976.0,195.0,9053.448,1976.0,195.0,9053.448,1976.0,195.0,9053.448,1976.0,195.0,9053.448,2477.0,479.0,22230.14,2477.0,479.0,22230.14,2559.0,2575.0,119043.99
1939.0,234.0,10921.02,1939.0,234.0,10921.02,1939.0,234.0,10921.02,1939.0,234.0,10921.02,1939.0,234.0,10921.02,1939.0,234.0,10921.02,1939.0,234.0,10921.02,2493.0,569.0,26460.377,2493.0,569.0,26460.377,2583.0,2556.0,118178.664
2251.0,256.0,11986.936,2251.0,256.0,11986.936,2251.0,256.0,11986.936,2251.0,256.0,11986.936,2251.0,256.0,11986.936,2251.0,256.0,11986.936,2251.0,256.0,11986.936,2846.0,630.0,29283.936,2846.0,630.0,29283.936,2953.0,2905.0,134043.97
2421.0,258.0,12050.414,2421.0,258.0,12050.414,2421.0,258.0,12050.414,2421.0,258.0,12050.414,2421.0,258.0,12050.414,2421.0,258.0,12050.414,2421.0,258.0,12050.414,3126.0,684.0,31645.705,3126.0,684.0,31645.705,3246.0,3266.0,150285.88
2539.0,266.0,12392.837,2539.0,266.0,12392.837,2539.0,266.0,12392.837,2539.0,266.0,12392.837,2539.0,266.0,12392.837,2539.0,266.0,12392.837,2539.0,266.0,12392.837,3286.0,702.0,32475.107,3286.0,702.0,32475.107,3420.0,3466.0,159217.3
2621.0,271.0,12622.322,2621.0,271.0,12622.322,2621.0,271.0,12622.322,2621.0,271.0,12622.322,2621.0,271.0,12622.322,2621.0,271.0,12622.322,2621.0,271.0,12622.322,3397.0,724.0,33536.2,3397.0,724.0,33536.2,3530.0,3585.0,164732.6
2655.0,271.0,12627.551,2655.0,271.0,12627.551,2655.0,271.0,12627.551,2655.0,271.0,12627.551,2655.0,271.0,12627.551,2655.0,271.0,12627.551,2655.0,271.0,12627.551,3436.0,738.0,34158.2,3436.0,738.0,34158.2,3564.0,3608.0,165631.66
2618.0,278.0,12904.967,2618.0,278.0,12904.967,2618.0,278.0,12904.967,2618.0,278.0,12904.967,2618.0,278.0,12904.967,2618.0,278.0,12904.967,2618.0,278.0,12904.967,3334.0,704.0,32527.459,3334.0,704.0,32527.459,3464.0,3480.0,159561.11
2694.0,257.0,11872.594,2694.0,257.0,11872.594,2694.0,257.0,11872.594,2694.0,257.0,11872.594,2694.0,257.0,11872.594,2694.0,257.0,11872.594,2694.0,257.0,11872.594,3388.0,637.0,29298.953,3388.0,637.0,29298.953,3516.0,3575.0,163605.27
2368.0,216.0,9948.231,2368.0,216.0,9948.231,2368.0,216.0,9948.231,2368.0,216.0,9948.231,2368.0,216.0,9948.231,2368.0,216.0,9948.231,2368.0,216.0,9948.231,2993.0,555.0,25330.357,2993.0,555.0,25330.357,3101.0,3170.0,144847.22
2072.0,177.0,8185.4824,2072.0,177.0,8185.4824,2072.0,177.0,8185.4824,2072.0,177.0,8185.4824,2072.0,177.0,8185.4824,2072.0,177.0,8185.4824,2072.0,177.0,8185.4824,2647.0,491.0,22493.58,2647.0,491.0,22493.58,2740.0,2821.0,129143.4
1899.0,179.0,8339.668,1899.0,179.0,8339.668,1899.0,179.0,8339.668,1899.0,179.0,8339.668,1899.0,179.0,8339.668,1899.0,179.0,8339.668,1899.0,179.0,8339.668,2389.0,448.0,20666.36,2389.0,448.0,20666.36,2469.0,2511.0,115238.71
1801.0,180.0,8395.084,1801.0,180.0,8395.084,1801.0,180.0,8395.084,1801.0,180.0,8395.084,1801.0,180.0,8395.084,1801.0,180.0,8395.084,1801.0,180.0,8395.084,2189.0,418.0,19244.604,2189.0,418.0,19244.604,2255.0,2224.0,102060.96
1593.0,181.0,8341.488,1593.0,181.0,8341.488,1593.0,181.0,8341.488,1593.0,181.0,8341.488,1593.0,181.0,8341.488,1593.0,181.0,8341.488,1593.0,181.0,8341.488,1916.0,386.0,17782.623,1916.0,386.0,17782.623,1965.0,1893.0,86924.055
1492.0,186.0,8591.222,1492.0,186.0,8591.222,1492.0,186.0,8591.222,1492.0,186.0,8591.222,1492.0,186.0,8591.222,1492.0,186.0,8591.222,1492.0,186.0,8591.222,1790.0,394.0,18125.549,1790.0,394.0,18125.549,1826.0,1722.0,79152.08
1312.0,185.0,8619.19,1312.0,185.0,8619.19,1312.0,185.0,8619.19,1312.0,185.0,8619.19,1312.0,185.0,8619.19,1312.0,185.0,8619.19,1312.0,185.0,8619.19,1570.0,355.0,16388.176,1570.0,355.0,16388.176,1607.0,1499.0,69076.59
1263.0,176.0,8176.883,1263.0,176.0,8176.883,1263.0,176.0,8176.883,1263.0,176.0,8176.883,1263.0,176.0,8176.883,1263.0,176.0,8176.883,1263.0,176.0,8176.883,1547.0,357.0,16496.19,1547.0,357.0,16496.19,1588.0,1498.0,69054.555
1240.0,175.0,8112.1875,1240.0,175.0,8112.1875,1240.0,175.0,8112.1875,1240.0,175.0,8112.1875,1240.0,175.0,8112.1875,1240.0,175.0,8112.1875,1240.0,175.0,8112.1875,1519.0,355.0,16395.193,1519.0,355.0,16395.193,1567.0,1471.0,67869.234
1221.0,168.0,7791.407,1221.0,168.0,7791.407,1221.0,168.0,7791.407,1221.0,168.0,7791.407,1221.0,168.0,7791.407,1221.0,168.0,7791.407,1221.0,168.0,7791.407,1545.0,367.0,16900.176,1545.0,367.0,16900.176,1597.0,1529.0,70423.25
1171.0,158.0,7312.9214,1171.0,158.0,7312.9214,1171.0,158.0,7312.9214,1171.0,158.0,7312.9214,1171.0,158.0,7312.9214,1171.0,158.0,7312.9214,1171.0,158.0,7312.9214,1513.0,362.0,16647.377,1513.0,362.0,16647.377,1567.0,1521.0,69962.02
1215.0,161.0,7484.166,1215.0,161.0,7484.166,1215.0,161.0,7484.166,1215.0,161.0,7484.166,1215.0,161.0,7484.166,1215.0,161.0,7484.166,1215.0,161.0,7484.166,1597.0,391.0,17964.154,1597.0,391.0,17964.154,1662.0,1630.0,74861.64
1219.0,164.0,7608.557,1219.0,164.0,7608.557,1219.0,164.0,7608.557,1219.0,164.0,7608.557,1219.0,164.0,7608.557,1219.0,164.0,7608.557,1219.0,164.0,7608.557,1599.0,397.0,18346.834,1599.0,397.0,18346.834,1673.0,1632.0,75061.516
1209.0,163.0,7545.4414,1209.0,163.0,7545.4414,1209.0,163.0,7545.4414,1209.0,163.0,7545.4414,1209.0,163.0,7545.4414,1209.0,163.0,7545.4414,1209.0,163.0,7545.4414,1579.0,393.0,18187.537,1579.0,393.0,18187.537,1647.0,1601.0,73635.56
1198.0,165.0,7652.5977,1198.0,165.0,7652.5977,1198.0,165.0,7652.5977,1198.0,165.0,7652.5977,1198.0,165.0,7652.5977,1198.0,165.0,7652.5977,1198.0,165.0,7652.5977,1564.0,382.0,17692.938,1564.0,382.0,17692.938,1633.0,1591.0,73218.88
1196.0,158.0,7335.0034,1196.0,158.0,7335.0034,1196.0,158.0,7335.0034,1196.0,158.0,7335.0034,1196.0,158.0,7335.0034,1196.0,158.0,7335.0034,1196.0,158.0,7335.0034,1567.0,374.0,17352.65,1567.0,374.0,17352.65,1637.0,1605.0,73894.96
1153.0,150.0,6973.718,1153.0,150.0,6973.718,1153.0,150.0,6973.718,1153.0,150.0,6973.718,1153.0,150.0,6973.718,1153.0,150.0,6973.718,1153.0,150.0,6973.718,1521.0,363.0,16873.928,1521.0,363.0,16873.928,1587.0,1569.0,72315.7
1182.0,154.0,7164.385,1182.0,154.0,7164.385,1182.0,154.0,7164.385,1182.0,154.0,7164.385,1182.0,154.0,7164.385,1182.0,154.0,7164.385,1182.0,154.0,7164.385,1558.0,372.0,17280.516,1558.0,372.0,17280.516,1626.0,1611.0,74307.51
1173.0,144.0,6746.118,1173.0,144.0,6746.118,1173.0,144.0,6746.118,1173.0,144.0,6746.118,1173.0,144.0,6746.118,1173.0,144.0,6746.118,1173.0,144.0,6746.118,1537.0,352.0,16329.848,1537.0,352.0,16329.848,1598.0,1599.0,73896.84
1182.0,140.0,6534.9707,1182.0,140.0,6534.9707,1182.0,140.0,6534.9707,1182.0,140.0,6534.9707,1182.0,140.0,6534.9707,1182.0,140.0,6534.9707,1182.0,140.0,6534.9707,1518.0,329.0,15197.613,1518.0,329.0,15197.613,1580.0,1586.0,73183.05
1231.0,145.0,6748.596,1231.0,145.0,6748.596,1231.0,145.0,6748.596,1231.0,145.0,6748.596,1231.0,145.0,6748.596,1231.0,145.0,6748.596,1231.0,145.0,6748.596,1560.0,333.0,15396.038,1560.0,333.0,15396.038,1627.0,1622.0,74812.97
1270.0,151.0,6999.7026,1270.0,151.0,6999.7026,1270.0,151.0,6999.7026,1270.0,151.0,6999.7026,1270.0,151.0,6999.7026,1270.0,151.0,6999.7026,1270.0,151.0,6999.7026,1579.0,326.0,15068.19,1579.0,326.0,15068.19,1648.0,1623.0,74853.16
1236.0,143.0,6642.166,1236.0,143.0,6642.166,1236.0,143.0,6642.166,1236.0,143.0,6642.166,1236.0,143.0,6642.166,1236.0,143.0,6642.166,1236.0,143.0,6642.166,1606.0,336.0,15521.082,1606.0,336.0,15521.082,1674.0,1703.0,78568.266
1297.0,143.0,6653.889,1297.0,143.0,6653.889,1297.0,143.0,6653.889,1297.0,143.0,6653.889,1297.0,143.0,6653.889,1297.0,143.0,6653.889,1297.0,143.0,6653.889,1652.0,331.0,15270.54,1652.0,331.0,15270.54,1723.0,1736.0,79915.0
1322.0,140.0,6527.976,1322.0,140.0,6527.976,1322.0,140.0,6527.976,1322.0,140.0,6527.976,1322.0,140.0,6527.976,1322.0,140.0,6527.976,1322.0,140.0,6527.976,1683.0,342.0,15737.672,1683.0,342.0,15737.672,1752.0,1759.0,80830.3
1511.0,153.0,7089.395,1511.0,153.0,7089.395,1511.0,153.0,7089.395,1511.0,153.0,7089.395,1511.0,153.0,7089.395,1511.0,153.0,7089.395,1511.0,153.0,7089.395,1951.0,404.0,18552.31,1951.0,404.0,18552.31,2038.0,2050.0,94066.9
1571.0,152.0,7087.456,1571.0,152.0,7087.456,1571.0,152.0,7087.456,1571.0,152.0,7087.456,1571.0,152.0,7087.456,1571.0,152.0,7087.456,1571.0,152.0,7087.456,2065.0,426.0,19556.396,2065.0,426.0,19556.396,2155.0,2194.0,100601.21
1687.0,146.0,6809.008,1687.0,146.0,6809.008,1687.0,146.0,6809.008,1687.0,146.0,6809.008,1687.0,146.0,6809.008,1687.0,146.0,6809.008,1687.0,146.0,6809.008,2206.0,408.0,18760.344,2206.0,408.0,18760.344,2304.0,2386.0,109466.766
1808.0,156.0,7267.6978,1808.0,156.0,7267.6978,1808.0,156.0,7267.6978,1808.0,156.0,7267.6978,1808.0,156.0,7267.6978,1808.0,156.0,7267.6978,1808.0,156.0,7267.6978,2375.0,434.0,19952.098,2375.0,434.0,19952.098,2479.0,2583.0,118636.516
1823.0,159.0,7443.384,1823.0,159.0,7443.384,1823.0,159.0,7443.384,1823.0,159.0,7443.384,1823.0,159.0,7443.384,1823.0,159.0,7443.384,1823.0,159.0,7443.384,2456.0,448.0,20622.674,2456.0,448.0,20622.674,2577.0,2739.0,125885.58
1876.0,168.0,7881.1113,1876.0,168.0,7881.1113,1876.0,168.0,7881.1113,1876.0,168.0,7881.1113,1876.0,168.0,7881.1113,1876.0,168.0,7881.1113,1876.0,168.0,7881.1113,2574.0,474.0,21856.664,2574.0,474.0,21856.664,2696.0,2903.0,133607.67
1927.0,174.0,8144.284,1927.0,174.0,8144.284,1927.0,174.0,8144.284,1927.0,174.0,8144.284,1927.0,174.0,8144.284,1927.0,174.0,8144.284,1927.0,174.0,8144.284,2632.0,487.0,22388.713,2632.0,487.0,22388.713,2747.0,2947.0,135502.58
1869.0,177.0,8244.533,1869.0,177.0,8244.533,1869.0,177.0,8244.533,1869.0,177.0,8244.533,1869.0,177.0,8244.533,1869.0,177.0,8244.533,1869.0,177.0,8244.533,2509.0,454.0,20928.566,2509.0,454.0,20928.566,2604.0,2766.0,127198.46
1956.0,203.0,9450.194,1956.0,203.0,9450.194,1956.0,203.0,9450.194,1956.0,203.0,9450.194,1956.0,203.0,9450.194,1956.0,203.0,9450.194,1956.0,203.0,9450.194,2561.0,502.0,23220.877,2561.0,502.0,23220.877,2658.0,2741.0,126190.7
2030.0,222.0,10342.72,2030.0,222.0,10342.72,2030.0,222.0,10342.72,2030.0,222.0,10342.72,2030.0,222.0,10342.72,2030.0,222.0,10342.72,2030.0,222.0,10342.72,2654.0,529.0,24459.3,2654.0,529.0,24459.3,2754.0,2825.0,129892.234
2002.0,214.0,9954.3125,2002.0,214.0,9954.3125,2002.0,214.0,9954.3125,2002.0,214.0,9954.3125,2002.0,214.0,9954.3125,2002.0,214.0,9954.3125,2002.0,214.0,9954.3125,2626.0,530.0,24531.334,2626.0,530.0,24531.334,2727.0,2793.0,128294.65
1917.0,211.0,9820.14,1917.0,211.0,9820.14,1917.0,211.0,9820.14,1917.0,211.0,9820.14,1917.0,211.0,9820.14,1917.0,211.0,9820.14,1917.0,211.0,9820.14,2520.0,538.0,24872.701,2520.0,538.0,24872.701,2617.0,2656.0,121909.47
1962.0,232.0,10813.587,1962.0,232.0,10813.587,1962.0,232.0,10813.587,1962.0,232.0,10813.587,1962.0,232.0,10813.587,1962.0,232.0,10813.587,1962.0,232.0,10813.587,2614.0,587.0,27110.564,2614.0,587.0,27110.564,2736.0,2759.0,126253.77
1978.0,235.0,10927.87,1978.0,235.0,10927.87,1978.0,235.0,10927.87,1978.0,235.0,10927.87,1978.0,235.0,10927.87,1978.0,235.0,10927.87,1978.0,235.0,10927.87,2692.0,631.0,29140.473,2692.0,631.0,29140.473,2820.0,2853.0,130735.24
2011.0,254.0,11835.053,2011.0,254.0,11835.053,2011.0,254.0,11835.053,2011.0,254.0,11835.053,2011.0,254.0,11835.053,2011.0,254.0,11835.053,2011.0,254.0,11835.053,2775.0,669.0,30840.938,2775.0,669.0,30840.938,2911.0,2945.0,135120.28
2005.0,235.0,10928.746,2005.0,235.0,10928.746,2005.0,235.0,10928.746,2005.0,235.0,10928.746,2005.0,235.0,10928.746,2005.0,235.0,10928.746,2005.0,235.0,10928.746,2824.0,696.0,32019.734,2824.0,696.0,32019.734,2958.0,3012.0,138160.33
1919.0,235.0,10928.919,1919.0,235.0,10928.919,1919.0,235.0,10928.919,1919.0,235.0,10928.919,1919.0,235.0,10928.919,1919.0,235.0,10928.919,1919.0,235.0,10928.919,2716.0,715.0,32944.367,2716.0,715.0,32944.367,2844.0,2864.0,131443.2
2046.0,274.0,12759.155,2046.0,274.0,12759.155,2046.0,274.0,12759.155,2046.0,274.0,12759.155,2046.0,274.0,12759.155,2046.0,274.0,12759.155,2046.0,274.0,12759.155,2966.0,816.0,37631.547,2966.0,816.0,37631.547,3106.0,3138.0,144171.94
2261.0,288.0,13426.944,2261.0,288.0,13426.944,2261.0,288.0,13426.944,2261.0,288.0,13426.944,2261.0,288.0,13426.944,2261.0,288.0,13426.944,2261.0,288.0,13426.944,3351.0,901.0,41556.53,3351.0,901.0,41556.53,3517.0,3641.0,167367.94
2240.0,296.0,13758.995,2240.0,296.0,13758.995,2240.0,296.0,13758.995,2240.0,296.0,13758.995,2240.0,296.0,13758.995,2240.0,296.0,13758.995,2240.0,296.0,13758.995,3342.0,880.0,40598.05,3342.0,880.0,40598.05,3513.0,3669.0,168944.19
2257.0,303.0,14050.884,2257.0,303.0,14050.884,2257.0,303.0,14050.884,2257.0,303.0,14050.884,2257.0,303.0,14050.884,2257.0,303.0,14050.884,2257.0,303.0,14050.884,3360.0,893.0,41160.98,3360.0,893.0,41160.98,3534.0,3682.0,169457.23
2257.0,302.0,14035.084,2257.0,302.0,14035.084,2257.0,302.0,14035.084,2257.0,302.0,14035.084,2257.0,302.0,14035.084,2257.0,302.0,14035.084,2257.0,302.0,14035.084,3297.0,868.0,40061.54,3297.0,868.0,40061.54,3462.0,3578.0,164622.42
2194.0,285.0,13263.7,2194.0,285.0,13263.7,2194.0,285.0,13263.7,2194.0,285.0,13263.7,2194.0,285.0,13263.7,2194.0,285.0,13263.7,2194.0,285.0,13263.7,3206.0,839.0,38736.152,3206.0,839.0,38736.152,3360.0,3479.0,160065.12
2189.0,288.0,13433.199,2189.0,288.0,13433.199,2189.0,288.0,13433.199,2189.0,288.0,13433.199,2189.0,288.0,13433.199,2189.0,288.0,13433.199,2189.0,288.0,13433.199,3201.0,838.0,38730.605,3201.0,838.0,38730.605,3358.0,3484.0,160408.81
2074.0,277.0,12904.978,2074.0,277.0,12904.978,2074.0,277.0,12904.978,2074.0,277.0,12904.978,2074.0,277.0,12904.978,2074.0,277.0,12904.978,2074.0,277.0,12904.978,2949.0,760.0,35069.094,2949.0,760.0,35069.094,3090.0,3171.0,145924.55
1919.0,276.0,12829.146,1919.0,276.0,12829.146,1919.0,276.0,12829.146,1919.0,276.0,12829.146,1919.0,276.0,12829.146,1919.0,276.0,12829.146,1919.0,276.0,12829.146,2684.0,698.0,32207.557,2684.0,698.0,32207.557,2805.0,2837.0,130708.9
1773.0,242.0,11246.863,1773.0,242.0,11246.863,1773.0,242.0,11246.863,1773.0,242.0,11246.863,1773.0,242.0,11246.863,1773.0,242.0,11246.863,1773.0,242.0,11246.863,2463.0,653.0,30160.059,2463.0,653.0,30160.059,2568.0,2579.0,118926.38
1746.0,236.0,10984.866,1746.0,236.0,10984.866,1746.0,236.0,10984.866,1746.0,236.0,10984.866,1746.0,236.0,10984.866,1746.0,236.0,10984.866,1746.0,236.0,10984.866,2402.0,617.0,28575.283,2402.0,617.0,28575.283,2501.0,2516.0,116125.23
1844.0,268.0,12448.716,1844.0,268.0,12448.716,1844.0,268.0,12448.716,1844.0,268.0,12448.716,1844.0,268.0,12448.716,1844.0,268.0,12448.716,1844.0,268.0,12448.716,2475.0,645.0,29871.283,2475.0,645.0,29871.283,2580.0,2540.0,117228.04
1821.0,252.0,11756.3545,1821.0,252.0,11756.3545,1821.0,252.0,11756.3545,1821.0,252.0,11756.3545,1821.0,252.0,11756.3545,1821.0,252.0,11756.3545,1821.0,252.0,11756.3545,2512.0,648.0,29961.8,2512.0,648.0,29961.8,2620.0,2637.0,121720.25
1942.0,276.0,12869.844,1942.0,276.0,12869.844,1942.0,276.0,12869.844,1942.0,276.0,12869.844,1942.0,276.0,12869.844,1942.0,276.0,12869.844,1942.0,276.0,12869.844,2641.0,665.0,30778.518,2641.0,665.0,30778.518,2758.0,2764.0,127563.94
1896.0,272.0,12671.578,1896.0,272.0,12671.578,1896.0,272.0,12671.578,1896.0,272.0,12671.578,1896.0,272.0,12671.578,1896.0,272.0,12671.578,1896.0,272.0,12671.578,2613.0,665.0,30747.969,2613.0,665.0,30747.969,2722.0,2760.0,127584.59
1862.0,286.0,13287.092,1862.0,286.0,13287.092,1862.0,286.0,13287.092,1862.0,286.0,13287.092,1862.0,286.0,13287.092,1862.0,286.0,13287.092,1862.0,286.0,13287.092,2545.0,656.0,30326.879,2545.0,656.0,30326.879,2644.0,2668.0,123345.805
1959.0,293.0,13612.353,1959.0,293.0,13612.353,1959.0,293.0,13612.353,1959.0,293.0,13612.353,1959.0,293.0,13612.353,1959.0,293.0,13612.353,1959.0,293.0,13612.353,2642.0,674.0,31124.79,2642.0,674.0,31124.79,2744.0,2741.0,126599.01
1892.0,289.0,13457.447,1892.0,289.0,13457.447,1892.0,289.0,13457.447,1892.0,289.0,13457.447,1892.0,289.0,13457.447,1892.0,289.0,13457.447,1892.0,289.0,13457.447,2533.0,649.0,29971.018,2533.0,649.0,29971.018,2633.0,2608.0,120428.27
1865.0,292.0,13624.001,1865.0,292.0,13624.001,1865.0,292.0,13624.001,1865.0,292.0,13624.001,1865.0,292.0,13624.001,1865.0,292.0,13624.001,1865.0,292.0,13624.001,2449.0,629.0,29107.682,2449.0,629.0,29107.682,2533.0,2468.0,113962.68
1866.0,317.0,14778.414,1866.0,317.0,14778.414,1866.0,317.0,14778.414,1866.0,317.0,14778.414,1866.0,317.0,14778.414,1866.0,317.0,14778.414,1866.0,317.0,14778.414,2438.0,672.0,31173.848,2438.0,672.0,31173.848,2526.0,2400.0,110926.65
1891.0,306.0,14256.266,1891.0,306.0,14256.266,1891.0,306.0,14256.266,1891.0,306.0,14256.266,1891.0,306.0,14256.266,1891.0,306.0,14256.266,1891.0,306.0,14256.266,2482.0,679.0,31471.84,2482.0,679.0,31471.84,2574.0,2456.0,113448.79
1905.0,292.0,13611.838,1905.0,292.0,13611.838,1905.0,292.0,13611.838,1905.0,292.0,13611.838,1905.0,292.0,13611.838,1905.0,292.0,13611.838,1905.0,292.0,13611.838,2521.0,706.0,32708.059,2521.0,706.0,32708.059,2614.0,2495.0,115067.055
1869.0,292.0,13578.943,1869.0,292.0,13578.943,1869.0,292.0,13578.943,1869.0,292.0,13578.943,1869.0,292.0,13578.943,1869.0,292.0,13578.943,1869.0,292.0,13578.943,2532.0,731.0,33777.223,2532.0,731.0,33777.223,2632.0,2535.0,116747.6
1800.0,297.0,13858.974,1800.0,297.0,13858.974,1800.0,297.0,13858.974,1800.0,297.0,13858.974,1800.0,297.0,13858.974,1800.0,297.0,13858.974,1800.0,297.0,13858.974,2387.0,695.0,32186.914,2387.0,695.0,32186.914,2481.0,2344.0,108065.21
1782.0,295.0,13701.509,1782.0,295.0,13701.509,1782.0,295.0,13701.509,1782.0,295.0,13701.509,1782.0,295.0,13701.509,1782.0,295.0,13701.509,1782.0,295.0,13701.509,2349.0,686.0,31726.012,2349.0,686.0,31726.012,2440.0,2292.0,105712.234
1738.0,293.0,13626.011,1738.0,293.0,13626.011,1738.0,293.0,13626.011,1738.0,293.0,13626.011,1738.0,293.0,13626.011,1738.0,293.0,13626.011,1738.0,293.0,13626.011,2268.0,665.0,30711.852,2268.0,665.0,30711.852,2359.0,2198.0,101494.1
1599.0,245.0,11391.38,1599.0,245.0,11391.38,1599.0,245.0,11391.38,1599.0,245.0,11391.38,1599.0,245.0,11391.38,1599.0,245.0,11391.38,1599.0,245.0,11391.38,2079.0,590.0,27215.502,2079.0,590.0,27215.502,2156.0,2023.0,93424.08
1458.0,238.0,11055.347,1458.0,238.0,11055.347,1458.0,238.0,11055.347,1458.0,238.0,11055.347,1458.0,238.0,11055.347,1458.0,238.0,11055.347,1458.0,238.0,11055.347,1864.0,539.0,24872.68,1864.0,539.0,24872.68,1923.0,1770.0,81734.92
1349.0,221.0,10223.41,1349.0,221.0,10223.41,1349.0,221.0,10223.41,1349.0,221.0,10223.41,1349.0,221.0,10223.41,1349.0,221.0,10223.41,1349.0,221.0,10223.41,1715.0,492.0,22633.492,1715.0,492.0,22633.492,1769.0,1632.0,75320.836
1201.0,208.0,9671.033,1201.0,208.0,9671.033,1201.0,208.0,9671.033,1201.0,208.0,9671.033,1201.0,208.0,9671.033,1201.0,208.0,9671.033,1201.0,208.0,9671.033,1509.0,439.0,20284.684,1509.0,439.0,20284.684,1551.0,1416.0,65466.2
1216.0,194.0,8984.651,1216.0,194.0,8984.651,1216.0,194.0,8984.651,1216.0,194.0,8984.651,1216.0,194.0,8984.651,1216.0,194.0,8984.651,1216.0,194.0,8984.651,1547.0,436.0,20103.688,1547.0,436.0,20103.688,1588.0,1483.0,68500.45
1272.0,200.0,9294.872,1272.0,200.0,9294.872,1272.0,200.0,9294.872,1272.0,200.0,9294.872,1272.0,200.0,9294.872,1272.0,200.0,9294.872,1272.0,200.0,9294.872,1631.0,443.0,20410.818,1631.0,443.0,20410.818,1680.0,1587.0,73116.95
1304.0,199.0,9270.927,1304.0,199.0,9270.927,1304.0,199.0,9270.927,1304.0,199.0,9270.927,1304.0,199.0,9270.927,1304.0,199.0,9270.927,1304.0,199.0,9270.927,1679.0,451.0,20842.543,1679.0,451.0,20842.543,1724.0,1636.0,75385.664
1281.0,192.0,8932.555,1281.0,192.0,8932.555,1281.0,192.0,8932.555,1281.0,192.0,8932.555,1281.0,192.0,8932.555,1281.0,192.0,8932.555,1281.0,192.0,8932.555,1643.0,448.0,20682.012,1643.0,448.0,20682.012,1688.0,1592.0,73301.8
1242.0,189.0,8801.623,1242.0,189.0,8801.623,1242.0,189.0,8801.623,1242.0,189.0,8801.623,1242.0,189.0,8801.623,1242.0,189.0,8801.623,1242.0,189.0,8801.623,1576.0,409.0,18884.629,1576.0,409.0,18884.629,1619.0,1533.0,70687.28
1230.0,189.0,8808.929,1230.0,189.0,8808.929,1230.0,189.0,8808.929,1230.0,189.0,8808.929,1230.0,189.0,8808.929,1230.0,189.0,8808.929,1230.0,189.0,8808.929,1542.0,392.0,18109.084,1542.0,392.0,18109.084,1586.0,1491.0,68811.28
1252.0,189.0,8775.099,1252.0,189.0,8775.099,1252.0,189.0,8775.099,1252.0,189.0,8775.099,1252.0,189.0,8775.099,1252.0,189.0,8775.099,1252.0,189.0,8775.099,1581.0,405.0,18678.9,1581.0,405.0,18678.9,1628.0,1533.0,70666.87
1237.0,199.0,9255.288,1237.0,199.0,9255.288,1237.0,199.0,9255.288,1237.0,199.0,9255.288,1237.0,199.0,9255.288,1237.0,199.0,9255.288,1237.0,199.0,9255.288,1538.0,399.0,18430.604,1538.0,399.0,18430.604,1584.0,1469.0,67708.81
1126.0,184.0,8547.599,1126.0,184.0,8547.599,1126.0,184.0,8547.599,1126.0,184.0,8547.599,1126.0,184.0,8547.599,1126.0,184.0,8547.599,1126.0,184.0,8547.599,1401.0,366.0,16919.344,1401.0,366.0,16919.344,1442.0,1337.0,61749.11
1075.0,170.0,7861.9062,1075.0,170.0,7861.9062,1075.0,170.0,7861.9062,1075.0,170.0,7861.9062,1075.0,170.0,7861.9062,1075.0,170.0,7861.9062,1075.0,170.0,7861.9062,1344.0,343.0,15805.161,1344.0,343.0,15805.161,1393.0,1303.0,60034.273
1019.0,164.0,7573.9136,1019.0,164.0,7573.9136,1019.0,164.0,7573.9136,1019.0,164.0,7573.9136,1019.0,164.0,7573.9136,1019.0,164.0,7573.9136,1019.0,164.0,7573.9136,1285.0,325.0,14974.947,1285.0,325.0,14974.947,1334.0,1256.0,57820.977
943.0,159.0,7324.576,943.0,159.0,7324.576,943.0,159.0,7324.576,943.0,159.0,7324.576,943.0,159.0,7324.576,943.0,159.0,7324.576,943.0,159.0,7324.576,1198.0,324.0,14925.915,1198.0,324.0,14925.915,1244.0,1161.0,53461.984
885.0,161.0,7400.29,885.0,161.0,7400.29,885.0,161.0,7400.29,885.0,161.0,7400.29,885.0,161.0,7400.29,885.0,161.0,7400.29,885.0,161.0,7400.29,1111.0,312.0,14355.553,1111.0,312.0,14355.553,1153.0,1059.0,48743.27
792.0,140.0,6445.301,792.0,140.0,6445.301,792.0,140.0,6445.301,792.0,140.0,6445.301,792.0,140.0,6445.301,792.0,140.0,6445.301,792.0,140.0,6445.301,997.0,285.0,13124.194,997.0,285.0,13124.194,1037.0,948.0,43613.32
754.0,132.0,6092.5996,754.0,132.0,6092.5996,754.0,132.0,6092.5996,754.0,132.0,6092.5996,754.0,132.0,6092.5996,754.0,132.0,6092.5996,754.0,132.0,6092.5996,940.0,259.0,11929.226,940.0,259.0,11929.226,985.0,900.0,41443.285
792.0,149.0,6888.572,792.0,149.0,6888.572,792.0,149.0,6888.572,792.0,149.0,6888.572,792.0,149.0,6888.572,792.0,149.0,6888.572,792.0,149.0,6888.572,989.0,279.0,12853.401,989.0,279.0,12853.401,1033.0,939.0,43270.812
849.0,146.0,6783.11,849.0,146.0,6783.11,849.0,146.0,6783.11,849.0,146.0,6783.11,849.0,146.0,6783.11,849.0,146.0,6783.11,849.0,146.0,6783.11,1031.0,261.0,12067.408,1031.0,261.0,12067.408,1071.0,976.0,45112.56
860.0,140.0,6524.1133,860.0,140.0,6524.1133,860.0,140.0,6524.1133,860.0,140.0,6524.1133,860.0,140.0,6524.1133,860.0,140.0,6524.1133,860.0,140.0,6524.1133,1036.0,257.0,11924.596,1036.0,257.0,11924.596,1074.0,978.0,45254.27
862.0,138.0,6435.661,862.0,138.0,6435.661,862.0,138.0,6435.661,862.0,138.0,6435.661,862.0,138.0,6435.661,862.0,138.0,6435.661,862.0,138.0,6435.661,1054.0,261.0,12095.859,1054.0,261.0,12095.859,1092.0,1003.0,46368.707
904.0,147.0,6875.838,904.0,147.0,6875.838,904.0,147.0,6875.838,904.0,147.0,6875.838,904.0,147.0,6875.838,904.0,147.0,6875.838,904.0,147.0,6875.838,1102.0,273.0,12700.947,1102.0,273.0,12700.947,1140.0,1042.0,48297.004
916.0,148.0,6913.338,916.0,148.0,6913.338,916.0,148.0,6913.338,916.0,148.0,6913.338,916.0,148.0,6913.338,916.0,148.0,6913.338,916.0,148.0,6913.338,1126.0,288.0,13422.13,1126.0,288.0,13422.13,1157.0,1060.0,49209.793
904.0,144.0,6716.6646,904.0,144.0,6716.6646,904.0,144.0,6716.6646,904.0,144.0,6716.6646,904.0,144.0,6716.6646,904.0,144.0,6716.6646,904.0,144.0,6716.6646,1131.0,297.0,13816.943,1131.0,297.0,13816.943,1168.0,1077.0,49968.316
896.0,138.0,6437.44,896.0,138.0,6437.44,896.0,138.0,6437.44,896.0,138.0,6437.44,896.0,138.0,6437.44,896.0,138.0,6437.44,896.0,138.0,6437.44,1132.0,296.0,13773.219,1132.0,296.0,13773.219,1169.0,1093.0,50744.35
880.0,158.0,7367.2905,880.0,158.0,7367.2905,880.0,158.0,7367.2905,880.0,158.0,7367.2905,880.0,158.0,7367.2905,880.0,158.0,7367.2905,880.0,158.0,7367.2905,1142.0,334.0,15511.775,1142.0,334.0,15511.775,1187.0,1094.0,50713.367
919.0,171.0,7957.971,919.0,171.0,7957.971,919.0,171.0,7957.971,919.0,171.0,7957.971,919.0,171.0,7957.971,919.0,171.0,7957.971,919.0,171.0,7957.971,1218.0,366.0,16967.957,1218.0,366.0,16967.957,1263.0,1174.0,54528.883
966.0,176.0,8186.9937,966.0,176.0,8186.9937,966.0,176.0,8186.9937,966.0,176.0,8186.9937,966.0,176.0,8186.9937,966.0,176.0,8186.9937,966.0,176.0,8186.9937,1293.0,382.0,17763.998,1293.0,382.0,17763.998,1340.0,1264.0,58823.984
944.0,176.0,8187.2866,944.0,176.0,8187.2866,944.0,176.0,8187.2866,944.0,176.0,8187.2866,944.0,176.0,8187.2866,944.0,176.0,8187.2866,944.0,176.0,8187.2866,1247.0,365.0,16971.375,1247.0,365.0,16971.375,1297.0,1221.0,56844.246
1020.0,211.0,9823.174,1020.0,211.0,9823.174,1020.0,211.0,9823.174,1020.0,211.0,9823.174,1020.0,211.0,9823.174,1020.0,211.0,9823.174,1020.0,211.0,9823.174,1332.0,400.0,18617.846,1332.0,400.0,18617.846,1383.0,1286.0,59858.2
1010.0,214.0,9967.052,1010.0,214.0,9967.052,1010.0,214.0,9967.052,1010.0,214.0,9967.052,1010.0,214.0,9967.052,1010.0,214.0,9967.052,1010.0,214.0,9967.052,1301.0,391.0,18185.332,1301.0,391.0,18185.332,1349.0,1248.0,58132.035
966.0,213.0,9908.461,966.0,213.0,9908.461,966.0,213.0,9908.461,966.0,213.0,9908.461,966.0,213.0,9908.461,966.0,213.0,9908.461,966.0,213.0,9908.461,1253.0,389.0,18079.457,1253.0,389.0,18079.457,1297.0,1189.0,55419.586
894.0,208.0,9698.056,894.0,208.0,9698.056,894.0,208.0,9698.056,894.0,208.0,9698.056,894.0,208.0,9698.056,894.0,208.0,9698.056,894.0,208.0,9698.056,1129.0,353.0,16413.256,1129.0,353.0,16413.256,1165.0,1047.0,48952.645
818.0,196.0,9096.627,818.0,196.0,9096.627,818.0,196.0,9096.627,818.0,196.0,9096.627,818.0,196.0,9096.627,818.0,196.0,9096.627,818.0,196.0,9096.627,992.0,312.0,14512.313,992.0,312.0,14512.313,1026.0,889.0,41534.625
728.0,189.0,8774.819,728.0,189.0,8774.819,728.0,189.0,8774.819,728.0,189.0,8774.819,728.0,189.0,8774.819,728.0,189.0,8774.819,728.0,189.0,8774.819,861.0,287.0,13347.6,861.0,287.0,13347.6,885.0,733.0,34245.305
729.0,194.0,9056.669,729.0,194.0,9056.669,729.0,194.0,9056.669,729.0,194.0,9056.669,729.0,194.0,9056.669,729.0,194.0,9056.669,729.0,194.0,9056.669,872.0,303.0,14149.016,872.0,303.0,14149.016,896.0,737.0,34456.08
646.0,181.0,8462.39,646.0,181.0,8462.39,646.0,181.0,8462.39,646.0,181.0,8462.39,646.0,181.0,8462.39,646.0,181.0,8462.39,646.0,181.0,8462.39,764.0,265.0,12363.614,764.0,265.0,12363.614,789.0,643.0,30055.918
628.0,173.0,8119.305,628.0,173.0,8119.305,628.0,173.0,8119.305,628.0,173.0,8119.305,628.0,173.0,8119.305,628.0,173.0,8119.305,628.0,173.0,8119.305,742.0,257.0,12034.178,742.0,257.0,12034.178,766.0,622.0,29074.13
644.0,180.0,8442.961,644.0,180.0,8442.961,644.0,180.0,8442.961,644.0,180.0,8442.961,644.0,180.0,8442.961,644.0,180.0,8442.961,644.0,180.0,8442.961,753.0,261.0,12217.502,753.0,261.0,12217.502,776.0,625.0,29191.377
612.0,172.0,8091.614,612.0,172.0,8091.614,612.0,172.0,8091.614,612.0,172.0,8091.614,612.0,172.0,8091.614,612.0,172.0,8091.614,612.0,172.0,8091.614,715.0,247.0,11574.22,715.0,247.0,11574.22,734.0,590.0,27558.383
627.0,174.0,8161.9526,627.0,174.0,8161.9526,627.0,174.0,8161.9526,627.0,174.0,8161.9526,627.0,174.0,8161.9526,627.0,174.0,8161.9526,627.0,174.0,8161.9526,737.0,257.0,12023.685,737.0,257.0,12023.685,754.0,606.0,28328.535
637.0,184.0,8647.691,637.0,184.0,8647.691,637.0,184.0,8647.691,637.0,184.0,8647.691,637.0,184.0,8647.691,637.0,184.0,8647.691,637.0,184.0,8647.691,746.0,262.0,12273.658,746.0,262.0,12273.658,764.0,615.0,28742.738
626.0,177.0,8213.943,626.0,177.0,8213.943,626.0,177.0,8213.943,626.0,177.0,8213.943,626.0,177.0,8213.943,626.0,177.0,8213.943,626.0,177.0,8213.943,772.0,254.0,11815.63,772.0,254.0,11815.63,789.0,681.0,31206.998
640.0,177.0,8231.687,640.0,177.0,8231.687,640.0,177.0,8231.687,640.0,177.0,8231.687,640.0,177.0,8231.687,640.0,177.0,8231.687,640.0,177.0,8231.687,798.0,266.0,12399.449,798.0,266.0,12399.449,813.0,702.0,32164.67
657.0,175.0,8084.7637,657.0,175.0,8084.7637,657.0,175.0,8084.7637,657.0,175.0,8084.7637,657.0,175.0,8084.7637,657.0,175.0,8084.7637,657.0,175.0,8084.7637,824.0,270.0,12507.689,824.0,270.0,12507.689,839.0,730.0,33410.19
681.0,174.0,8052.5293,681.0,174.0,8052.5293,681.0,174.0,8052.5293,681.0,174.0,8052.5293,681.0,174.0,8052.5293,681.0,174.0,8052.5293,681.0,174.0,8052.5293,853.0,269.0,12465.104,853.0,269.0,12465.104,873.0,772.0,35413.766
704.0,171.0,7887.395,704.0,171.0,7887.395,704.0,171.0,7887.395,704.0,171.0,7887.395,704.0,171.0,7887.395,704.0,171.0,7887.395,704.0,171.0,7887.395,889.0,271.0,12519.0205,889.0,271.0,12519.0205,914.0,823.0,37783.95
726.0,162.0,7510.1743,726.0,162.0,7510.1743,726.0,162.0,7510.1743,726.0,162.0,7510.1743,726.0,162.0,7510.1743,726.0,162.0,7510.1743,726.0,162.0,7510.1743,924.0,270.0,12522.257,924.0,270.0,12522.257,950.0,873.0,40109.84
736.0,163.0,7574.4414,736.0,163.0,7574.4414,736.0,163.0,7574.4414,736.0,163.0,7574.4414,736.0,163.0,7574.4414,736.0,163.0,7574.4414,736.0,163.0,7574.4414,942.0,276.0,12824.245,942.0,276.0,12824.245,967.0,890.0,40930.418
735.0,155.0,7212.9097,735.0,155.0,7212.9097,735.0,155.0,7212.9097,735.0,155.0,7212.9097,735.0,155.0,7212.9097,735.0,155.0,7212.9097,735.0,155.0,7212.9097,903.0,273.0,12689.725,903.0,273.0,12689.725,930.0,817.0,38014.73
689.0,148.0,6864.07,689.0,148.0,6864.07,689.0,148.0,6864.07,689.0,148.0,6864.07,689.0,148.0,6864.07,689.0,148.0,6864.07,689.0,148.0,6864.07,839.0,251.0,11615.173,839.0,251.0,11615.173,863.0,752.0,34925.004
656.0,142.0,6622.0137,656.0,142.0,6622.0137,656.0,142.0,6622.0137,656.0,142.0,6622.0137,656.0,142.0,6622.0137,656.0,142.0,6622.0137,656.0,142.0,6622.0137,791.0,230.0,10690.401,791.0,230.0,10690.401,817.0,714.0,33194.133
648.0,143.0,6655.7236,648.0,143.0,6655.7236,648.0,143.0,6655.7236,648.0,143.0,6655.7236,648.0,143.0,6655.7236,648.0,143.0,6655.7236,648.0,143.0,6655.7236,774.0,225.0,10473.784,774.0,225.0,10473.784,800.0,690.0,32026.654
660.0,150.0,7036.6772,660.0,150.0,7036.6772,660.0,150.0,7036.6772,660.0,150.0,7036.6772,660.0,150.0,7036.6772,660.0,150.0,7036.6772,660.0,150.0,7036.6772,783.0,232.0,10875.218,783.0,232.0,10875.218,806.0,686.0,31934.69
664.0,161.0,7552.5186,664.0,161.0,7552.5186,664.0,161.0,7552.5186,664.0,161.0,7552.5186,664.0,161.0,7552.5186,664.0,161.0,7552.5186,664.0,161.0,7552.5186,776.0,238.0,11168.134,776.0,238.0,11168.134,798.0,659.0,30751.914
716.0,173.0,8119.385,716.0,173.0,8119.385,716.0,173.0,8119.385,716.0,173.0,8119.385,716.0,173.0,8119.385,716.0,173.0,8119.385,716.0,173.0,8119.385,839.0,256.0,12013.879,839.0,256.0,12013.879,864.0,722.0,33774.4
725.0,175.0,8233.712,725.0,175.0,8233.712,725.0,175.0,8233.712,725.0,175.0,8233.712,725.0,175.0,8233.712,725.0,175.0,8233.712,725.0,175.0,8233.712,848.0,264.0,12427.871,848.0,264.0,12427.871,873.0,725.0,34001.863
784.0,182.0,8564.018,784.0,182.0,8564.018,784.0,182.0,8564.018,784.0,182.0,8564.018,784.0,182.0,8564.018,784.0,182.0,8564.018,784.0,182.0,8564.018,931.0,295.0,13896.608,931.0,295.0,13896.608,954.0,800.0,37568.426
820.0,188.0,8862.22,820.0,188.0,8862.22,820.0,188.0,8862.22,820.0,188.0,8862.22,820.0,188.0,8862.22,820.0,188.0,8862.22,820.0,188.0,8862.22,975.0,307.0,14478.676,975.0,307.0,14478.676,1003.0,840.0,39405.04
801.0,191.0,9015.96,801.0,191.0,9015.96,801.0,191.0,9015.96,801.0,191.0,9015.96,801.0,191.0,9015.96,801.0,191.0,9015.96,801.0,191.0,9015.96,967.0,311.0,14670.356,967.0,311.0,14670.356,995.0,843.0,39599.688
752.0,175.0,8226.036,752.0,175.0,8226.036,752.0,175.0,8226.036,752.0,175.0,8226.036,752.0,175.0,8226.036,752.0,175.0,8226.036,752.0,175.0,8226.036,914.0,298.0,14006.611,914.0,298.0,14006.611,940.0,799.0,37468.918
774.0,176.0,8306.436,774.0,176.0,8306.436,774.0,176.0,8306.436,774.0,176.0,8306.436,774.0,176.0,8306.436,774.0,176.0,8306.436,774.0,176.0,8306.436,959.0,323.0,15259.199,959.0,323.0,15259.199,982.0,840.0,39529.875
742.0,177.0,8359.805,742.0,177.0,8359.805,742.0,177.0,8359.805,742.0,177.0,8359.805,742.0,177.0,8359.805,742.0,177.0,8359.805,742.0,177.0,8359.805,911.0,314.0,14736.542,911.0,314.0,14736.542,934.0,786.0,36875.945
798.0,190.0,8959.363,798.0,190.0,8959.363,798.0,190.0,8959.363,798.0,190.0,8959.363,798.0,190.0,8959.363,798.0,190.0,8959.363,798.0,190.0,8959.363,967.0,329.0,15415.848,967.0,329.0,15415.848,992.0,830.0,38890.152
759.0,189.0,8888.214,759.0,189.0,8888.214,759.0,189.0,8888.214,759.0,189.0,8888.214,759.0,189.0,8888.214,759.0,189.0,8888.214,759.0,189.0,8888.214,930.0,326.0,15253.372,930.0,326.0,15253.372,953.0,800.0,37553.36
755.0,192.0,9036.107,755.0,192.0,9036.107,755.0,192.0,9036.107,755.0,192.0,9036.107,755.0,192.0,9036.107,755.0,192.0,9036.107,755.0,192.0,9036.107,917.0,318.0,14882.001,917.0,318.0,14882.001,937.0,783.0,36834.14
763.0,193.0,9087.828,763.0,193.0,9087.828,763.0,193.0,9087.828,763.0,193.0,9087.828,763.0,193.0,9087.828,763.0,193.0,9087.828,763.0,193.0,9087.828,909.0,316.0,14814.32,909.0,316.0,14814.32,929.0,762.0,35873.453
778.0,194.0,9117.169,778.0,194.0,9117.169,778.0,194.0,9117.169,778.0,194.0,9117.169,778.0,194.0,9117.169,778.0,194.0,9117.169,778.0,194.0,9117.169,924.0,314.0,14716.965,924.0,314.0,14716.965,945.0,781.0,36840.95
693.0,174.0,8152.0356,693.0,174.0,8152.0356,693.0,174.0,8152.0356,693.0,174.0,8152.0356,693.0,174.0,8152.0356,693.0,174.0,8152.0356,693.0,174.0,8152.0356,805.0,262.0,12179.778,805.0,262.0,12179.778,824.0,678.0,31823.9
698.0,174.0,8146.787,698.0,174.0,8146.787,698.0,174.0,8146.787,698.0,174.0,8146.787,698.0,174.0,8146.787,698.0,174.0,8146.787,698.0,174.0,8146.787,808.0,260.0,12163.647,808.0,260.0,12163.647,827.0,683.0,32181.018
630.0,151.0,7075.4854,630.0,151.0,7075.4854,630.0,151.0,7075.4854,630.0,151.0,7075.4854,630.0,151.0,7075.4854,630.0,151.0,7075.4854,630.0,151.0,7075.4854,734.0,226.0,10596.818,734.0,226.0,10596.818,755.0,639.0,30102.352
616.0,143.0,6720.162,616.0,143.0,6720.162,616.0,143.0,6720.162,616.0,143.0,6720.162,616.0,143.0,6720.162,616.0,143.0,6720.162,616.0,143.0,6720.162,718.0,218.0,10234.915,718.0,218.0,10234.915,737.0,626.0,29498.336
643.0,150.0,7040.3745,643.0,150.0,7040.3745,643.0,150.0,7040.3745,643.0,150.0,7040.3745,643.0,150.0,7040.3745,643.0,150.0,7040.3745,643.0,150.0,7040.3745,742.0,222.0,10420.575,742.0,222.0,10420.575,763.0,648.0,30464.992
660.0,148.0,6915.1143,660.0,148.0,6915.1143,660.0,148.0,6915.1143,660.0,148.0,6915.1143,660.0,148.0,6915.1143,660.0,148.0,6915.1143,660.0,148.0,6915.1143,756.0,220.0,10306.716,756.0,220.0,10306.716,777.0,660.0,31009.645
713.0,163.0,7623.2544,713.0,163.0,7623.2544,713.0,163.0,7623.2544,713.0,163.0,7623.2544,713.0,163.0,7623.2544,713.0,163.0,7623.2544,713.0,163.0,7623.2544,819.0,241.0,11309.229,819.0,241.0,11309.229,843.0,713.0,33495.812
754.0,169.0,7908.73,754.0,169.0,7908.73,754.0,169.0,7908.73,754.0,169.0,7908.73,754.0,169.0,7908.73,754.0,169.0,7908.73,754.0,169.0,7908.73,865.0,252.0,11820.653,865.0,252.0,11820.653,892.0,759.0,35653.86
801.0,174.0,8153.7227,801.0,174.0,8153.7227,801.0,174.0,8153.7227,801.0,174.0,8153.7227,801.0,174.0,8153.7227,801.0,174.0,8153.7227,801.0,174.0,8153.7227,917.0,258.0,12120.325,917.0,258.0,12120.325,943.0,803.0,37734.29
853.0,196.0,9184.493,853.0,196.0,9184.493,853.0,196.0,9184.493,853.0,196.0,9184.493,853.0,196.0,9184.493,853.0,196.0,9184.493,853.0,196.0,9184.493,969.0,283.0,13282.116,969.0,283.0,13282.116,991.0,823.0,38693.688
916.0,214.0,10014.268,916.0,214.0,10014.268,916.0,214.0,10014.268,916.0,214.0,10014.268,916.0,214.0,10014.268,916.0,214.0,10014.268,916.0,214.0,10014.268,1035.0,310.0,14535.688,1035.0,310.0,14535.688,1062.0,872.0,40970.93
985.0,243.0,11351.31,985.0,243.0,11351.31,985.0,243.0,11351.31,985.0,243.0,11351.31,985.0,243.0,11351.31,985.0,243.0,11351.31,985.0,243.0,11351.31,1117.0,352.0,16475.936,1117.0,352.0,16475.936,1142.0,922.0,43300.637
1033.0,268.0,12506.621,1033.0,268.0,12506.621,1033.0,268.0,12506.621,1033.0,268.0,12506.621,1033.0,268.0,12506.621,1033.0,268.0,12506.621,1033.0,268.0,12506.621,1158.0,368.0,17188.229,1158.0,368.0,17188.229,1191.0,956.0,44815.574
1050.0,276.0,12863.583,1050.0,276.0,12863.583,1050.0,276.0,12863.583,1050.0,276.0,12863.583,1050.0,276.0,12863.583,1050.0,276.0,12863.583,1050.0,276.0,12863.583,1192.0,391.0,18232.832,1192.0,391.0,18232.832,1223.0,984.0,46125.914
1099.0,294.0,13681.842,1099.0,294.0,13681.842,1099.0,294.0,13681.842,1099.0,294.0,13681.842,1099.0,294.0,13681.842,1099.0,294.0,13681.842,1099.0,294.0,13681.842,1248.0,414.0,19297.441,1248.0,414.0,19297.441,1276.0,1016.0,47557.945
1069.0,287.0,13357.161,1069.0,287.0,13357.161,1069.0,287.0,13357.161,1069.0,287.0,13357.161,1069.0,287.0,13357.161,1069.0,287.0,13357.161,1069.0,287.0,13357.161,1219.0,409.0,19057.428,1219.0,409.0,19057.428,1248.0,997.0,46603.453
1054.0,280.0,13012.775,1054.0,280.0,13012.775,1054.0,280.0,13012.775,1054.0,280.0,13012.775,1054.0,280.0,13012.775,1054.0,280.0,13012.775,1054.0,280.0,13012.775,1207.0,400.0,18609.771,1207.0,400.0,18609.771,1237.0,998.0,46626.62
1027.0,259.0,12020.72,1027.0,259.0,12020.72,1027.0,259.0,12020.72,1027.0,259.0,12020.72,1027.0,259.0,12020.72,1027.0,259.0,12020.72,1027.0,259.0,12020.72,1181.0,382.0,17739.775,1181.0,382.0,17739.775,1207.0,981.0,45734.996
975.0,241.0,11180.652,975.0,241.0,11180.652,975.0,241.0,11180.652,975.0,241.0,11180.652,975.0,241.0,11180.652,975.0,241.0,11180.652,975.0,241.0,11180.652,1124.0,363.0,16843.656,1124.0,363.0,16843.656,1149.0,934.0,43506.516
1014.0,240.0,11128.362,1014.0,240.0,11128.362,1014.0,240.0,11128.362,1014.0,240.0,11128.362,1014.0,240.0,11128.362,1014.0,240.0,11128.362,1014.0,240.0,11128.362,1171.0,371.0,17254.303,1171.0,371.0,17254.303,1197.0,984.0,46060.336
964.0,224.0,10383.795,964.0,224.0,10383.795,964.0,224.0,10383.795,964.0,224.0,10383.795,964.0,224.0,10383.795,964.0,224.0,10383.795,964.0,224.0,10383.795,1101.0,335.0,15569.117,1101.0,335.0,15569.117,1123.0,916.0,42893.86
930.0,214.0,9969.493,930.0,214.0,9969.493,930.0,214.0,9969.493,930.0,214.0,9969.493,930.0,214.0,9969.493,930.0,214.0,9969.493,930.0,214.0,9969.493,1060.0,322.0,15006.535,1060.0,322.0,15006.535,1079.0,878.0,41196.824
874.0,203.0,9464.945,874.0,203.0,9464.945,874.0,203.0,9464.945,874.0,203.0,9464.945,874.0,203.0,9464.945,874.0,203.0,9464.945,874.0,203.0,9464.945,984.0,292.0,13628.819,984.0,292.0,13628.819,1003.0,814.0,38236.875
824.0,189.0,8837.427,824.0,189.0,8837.427,824.0,189.0,8837.427,824.0,189.0,8837.427,824.0,189.0,8837.427,824.0,189.0,8837.427,824.0,189.0,8837.427,930.0,272.0,12751.778,930.0,272.0,12751.778,945.0,774.0,36390.49
932.0,176.0,8238.856,932.0,176.0,8238.856,932.0,176.0,8238.856,932.0,176.0,8238.856,932.0,176.0,8238.856,932.0,176.0,8238.856,932.0,176.0,8238.856,1040.0,254.0,11902.854,1040.0,254.0,11902.854,1056.0,907.0,42858.72
1062.0,148.0,6933.9224,1062.0,148.0,6933.9224,1062.0,148.0,6933.9224,1062.0,148.0,6933.9224,1062.0,148.0,6933.9224,1062.0,148.0,6933.9224,1062.0,148.0,6933.9224,1210.0,234.0,11014.392,1210.0,234.0,11014.392,1229.0,1145.0,54393.176
1003.0,142.0,6638.4014,1003.0,142.0,6638.4014,1003.0,142.0,6638.4014,1003.0,142.0,6638.4014,1003.0,142.0,6638.4014,1003.0,142.0,6638.4014,1003.0,142.0,6638.4014,1170.0,234.0,11009.604,1170.0,234.0,11009.604,1187.0,1120.0,53140.82
1078.0,162.0,7566.5728,1078.0,162.0,7566.5728,1078.0,162.0,7566.5728,1078.0,162.0,7566.5728,1078.0,162.0,7566.5728,1078.0,162.0,7566.5728,1078.0,162.0,7566.5728,1260.0,265.0,12439.0,1260.0,265.0,12439.0,1278.0,1195.0,56637.418
1126.0,169.0,7908.1787,1126.0,169.0,7908.1787,1126.0,169.0,7908.1787,1126.0,169.0,7908.1787,1126.0,169.0,7908.1787,1126.0,169.0,7908.1787,1126.0,169.0,7908.1787,1313.0,279.0,13117.089,1313.0,279.0,13117.089,1337.0,1247.0,59111.99
1247.0,201.0,9393.311,1247.0,201.0,9393.311,1247.0,201.0,9393.311,1247.0,201.0,9393.311,1247.0,201.0,9393.311,1247.0,201.0,9393.311,1247.0,201.0,9393.311,1467.0,336.0,15806.843,1467.0,336.0,15806.843,1493.0,1379.0,65340.2
1308.0,221.0,10315.632,1308.0,221.0,10315.632,1308.0,221.0,10315.632,1308.0,221.0,10315.632,1308.0,221.0,10315.632,1308.0,221.0,10315.632,1308.0,221.0,10315.632,1534.0,358.0,16834.455,1534.0,358.0,16834.455,1562.0,1430.0,67750.51
1261.0,232.0,10799.474,1261.0,232.0,10799.474,1261.0,232.0,10799.474,1261.0,232.0,10799.474,1261.0,232.0,10799.474,1261.0,232.0,10799.474,1261.0,232.0,10799.474,1491.0,378.0,17750.523,1491.0,378.0,17750.523,1529.0,1391.0,65745.72
1151.0,253.0,11794.815,1151.0,253.0,11794.815,1151.0,253.0,11794.815,1151.0,253.0,11794.815,1151.0,253.0,11794.815,1151.0,253.0,11794.815,1151.0,253.0,11794.815,1388.0,404.0,18993.418,1388.0,404.0,18993.418,1433.0,1279.0,60233.473
1349.0,302.0,14085.247,1349.0,302.0,14085.247,1349.0,302.0,14085.247,1349.0,302.0,14085.247,1349.0,302.0,14085.247,1349.0,302.0,14085.247,1349.0,302.0,14085.247,1643.0,487.0,22905.137,1643.0,487.0,22905.137,1692.0,1513.0,71251.33
1407.0,318.0,14782.764,1407.0,318.0,14782.764,1407.0,318.0,14782.764,1407.0,318.0,14782.764,1407.0,318.0,14782.764,1407.0,318.0,14782.764,1407.0,318.0,14782.764,1742.0,511.0,23986.021,1742.0,511.0,23986.021,1790.0,1630.0,76796.74
1493.0,335.0,15566.911,1493.0,335.0,15566.911,1493.0,335.0,15566.911,1493.0,335.0,15566.911,1493.0,335.0,15566.911,1493.0,335.0,15566.911,1493.0,335.0,15566.911,1849.0,544.0,25510.766,1849.0,544.0,25510.766,1895.0,1722.0,81076.29
1465.0,315.0,14620.231,1465.0,315.0,14620.231,1465.0,315.0,14620.231,1465.0,315.0,14620.231,1465.0,315.0,14620.231,1465.0,315.0,14620.231,1465.0,315.0,14620.231,1821.0,524.0,24536.707,1821.0,524.0,24536.707,1859.0,1704.0,80130.38
1572.0,331.0,15363.903,1572.0,331.0,15363.903,1572.0,331.0,15363.903,1572.0,331.0,15363.903,1572.0,331.0,15363.903,1572.0,331.0,15363.903,1572.0,331.0,15363.903,1974.0,569.0,26682.94,1974.0,569.0,26682.94,2018.0,1869.0,87887.79
1542.0,322.0,14938.812,1542.0,322.0,14938.812,1542.0,322.0,14938.812,1542.0,322.0,14938.812,1542.0,322.0,14938.812,1542.0,322.0,14938.812,1542.0,322.0,14938.812,1945.0,564.0,26442.283,1945.0,564.0,26442.283,1985.0,1832.0,86143.555
1504.0,315.0,14599.341,1504.0,315.0,14599.341,1504.0,315.0,14599.341,1504.0,315.0,14599.341,1504.0,315.0,14599.341,1504.0,315.0,14599.341,1504.0,315.0,14599.341,1896.0,558.0,26137.84,1896.0,558.0,26137.84,1933.0,1773.0,83255.305
1315.0,264.0,12206.35,1315.0,264.0,12206.35,1315.0,264.0,12206.35,1315.0,264.0,12206.35,1315.0,264.0,12206.35,1315.0,264.0,12206.35,1315.0,264.0,12206.35,1601.0,440.0,20538.361,1601.0,440.0,20538.361,1633.0,1479.0,69280.76
1229.0,242.0,11201.375,1229.0,242.0,11201.375,1229.0,242.0,11201.375,1229.0,242.0,11201.375,1229.0,242.0,11201.375,1229.0,242.0,11201.375,1229.0,242.0,11201.375,1488.0,410.0,19181.402,1488.0,410.0,19181.402,1519.0,1365.0,63870.68
1170.0,228.0,10550.944,1170.0,228.0,10550.944,1170.0,228.0,10550.944,1170.0,228.0,10550.944,1170.0,228.0,10550.944,1170.0,228.0,10550.944,1170.0,228.0,10550.944,1401.0,381.0,17820.979,1401.0,381.0,17820.979,1431.0,1277.0,59746.23
1167.0,242.0,11208.529,1167.0,242.0,11208.529,1167.0,242.0,11208.529,1167.0,242.0,11208.529,1167.0,242.0,11208.529,1167.0,242.0,11208.529,1167.0,242.0,11208.529,1397.0,388.0,18150.656,1397.0,388.0,18150.656,1427.0,1265.0,59266.8
1012.0,210.0,9698.544,1012.0,210.0,9698.544,1012.0,210.0,9698.544,1012.0,210.0,9698.544,1012.0,210.0,9698.544,1012.0,210.0,9698.544,1012.0,210.0,9698.544,1233.0,348.0,16241.735,1233.0,348.0,16241.735,1259.0,1129.0,52851.055
1058.0,213.0,9825.135,1058.0,213.0,9825.135,1058.0,213.0,9825.135,1058.0,213.0,9825.135,1058.0,213.0,9825.135,1058.0,213.0,9825.135,1058.0,213.0,9825.135,1279.0,347.0,16167.439,1279.0,347.0,16167.439,1302.0,1170.0,54614.016
1022.0,203.0,9368.493,1022.0,203.0,9368.493,1022.0,203.0,9368.493,1022.0,203.0,9368.493,1022.0,203.0,9368.493,1022.0,203.0,9368.493,1022.0,203.0,9368.493,1246.0,340.0,15867.918,1246.0,340.0,15867.918,1269.0,1149.0,53685.1
1054.0,212.0,9807.807,1054.0,212.0,9807.807,1054.0,212.0,9807.807,1054.0,212.0,9807.807,1054.0,212.0,9807.807,1054.0,212.0,9807.807,1054.0,212.0,9807.807,1278.0,347.0,16223.805,1278.0,347.0,16223.805,1309.0,1184.0,55450.85
1031.0,209.0,9667.8955,1031.0,209.0,9667.8955,1031.0,209.0,9667.8955,1031.0,209.0,9667.8955,1031.0,209.0,9667.8955,1031.0,209.0,9667.8955,1031.0,209.0,9667.8955,1256.0,346.0,16163.786,1256.0,346.0,16163.786,1285.0,1164.0,54470.547
1074.0,215.0,9953.355,1074.0,215.0,9953.355,1074.0,215.0,9953.355,1074.0,215.0,9953.355,1074.0,215.0,9953.355,1074.0,215.0,9953.355,1074.0,215.0,9953.355,1303.0,353.0,16466.555,1303.0,353.0,16466.555,1334.0,1213.0,56788.293
1139.0,238.0,11000.691,1139.0,238.0,11000.691,1139.0,238.0,11000.691,1139.0,238.0,11000.691,1139.0,238.0,11000.691,1139.0,238.0,11000.691,1139.0,238.0,11000.691,1367.0,379.0,17649.691,1367.0,379.0,17649.691,1393.0,1243.0,58054.996
1218.0,258.0,11948.253,1218.0,258.0,11948.253,1218.0,258.0,11948.253,1218.0,258.0,11948.253,1218.0,258.0,11948.253,1218.0,258.0,11948.253,1218.0,258.0,11948.253,1461.0,405.0,18873.04,1461.0,405.0,18873.04,1488.0,1326.0,61924.58
1448.0,328.0,15220.474,1448.0,328.0,15220.474,1448.0,328.0,15220.474,1448.0,328.0,15220.474,1448.0,328.0,15220.474,1448.0,328.0,15220.474,1448.0,328.0,15220.474,1725.0,492.0,22957.744,1725.0,492.0,22957.744,1758.0,1551.0,72596.57
1558.0,349.0,16224.662,1558.0,349.0,16224.662,1558.0,349.0,16224.662,1558.0,349.0,16224.662,1558.0,349.0,16224.662,1558.0,349.0,16224.662,1558.0,349.0,16224.662,1851.0,522.0,24385.26,1851.0,522.0,24385.26,1887.0,1667.0,78059.57
1705.0,374.0,17354.324,1705.0,374.0,17354.324,1705.0,374.0,17354.324,1705.0,374.0,17354.324,1705.0,374.0,17354.324,1705.0,374.0,17354.324,1705.0,374.0,17354.324,2061.0,590.0,27541.623,2061.0,590.0,27541.623,2092.0,1869.0,87490.0
1753.0,379.0,17585.303,1753.0,379.0,17585.303,1753.0,379.0,17585.303,1753.0,379.0,17585.303,1753.0,379.0,17585.303,1753.0,379.0,17585.303,1753.0,379.0,17585.303,2142.0,606.0,28297.38,2142.0,606.0,28297.38,2181.0,1977.0,92562.86
1785.0,369.0,17124.084,1785.0,369.0,17124.084,1785.0,369.0,17124.084,1785.0,369.0,17124.084,1785.0,369.0,17124.084,1785.0,369.0,17124.084,1785.0,369.0,17124.084,2185.0,597.0,27871.771,2185.0,597.0,27871.771,2234.0,2062.0,96416.945
1836.0,382.0,17688.193,1836.0,382.0,17688.193,1836.0,382.0,17688.193,1836.0,382.0,17688.193,1836.0,382.0,17688.193,1836.0,382.0,17688.193,1836.0,382.0,17688.193,2255.0,617.0,28766.924,2255.0,617.0,28766.924,2312.0,2152.0,100631.51
1796.0,393.0,18198.088,1796.0,393.0,18198.088,1796.0,393.0,18198.088,1796.0,393.0,18198.088,1796.0,393.0,18198.088,1796.0,393.0,18198.088,1796.0,393.0,18198.088,2186.0,600.0,27963.46,2186.0,600.0,27963.46,2239.0,2070.0,96791.27
1641.0,352.0,16278.136,1641.0,352.0,16278.136,1641.0,352.0,16278.136,1641.0,352.0,16278.136,1641.0,352.0,16278.136,1641.0,352.0,16278.136,1641.0,352.0,16278.136,1953.0,530.0,24662.715,1953.0,530.0,24662.715,1999.0,1816.0,84821.05
1536.0,351.0,16214.324,1536.0,351.0,16214.324,1536.0,351.0,16214.324,1536.0,351.0,16214.324,1536.0,351.0,16214.324,1536.0,351.0,16214.324,1536.0,351.0,16214.324,1835.0,515.0,23950.977,1835.0,515.0,23950.977,1882.0,1701.0,79433.39
1377.0,330.0,15255.653,1377.0,330.0,15255.653,1377.0,330.0,15255.653,1377.0,330.0,15255.653,1377.0,330.0,15255.653,1377.0,330.0,15255.653,1377.0,330.0,15255.653,1623.0,469.0,21816.297,1623.0,469.0,21816.297,1666.0,1488.0,69450.25
1421.0,321.0,14886.532,1421.0,321.0,14886.532,1421.0,321.0,14886.532,1421.0,321.0,14886.532,1421.0,321.0,14886.532,1421.0,321.0,14886.532,1421.0,321.0,14886.532,1653.0,454.0,21169.824,1653.0,454.0,21169.824,1696.0,1525.0,71181.4
1330.0,309.0,14336.751,1330.0,309.0,14336.751,1330.0,309.0,14336.751,1330.0,309.0,14336.751,1330.0,309.0,14336.751,1330.0,309.0,14336.751,1330.0,309.0,14336.751,1570.0,438.0,20465.34,1570.0,438.0,20465.34,1612.0,1466.0,68586.39
1187.0,255.0,11816.882,1187.0,255.0,11816.882,1187.0,255.0,11816.882,1187.0,255.0,11816.882,1187.0,255.0,11816.882,1187.0,255.0,11816.882,1187.0,255.0,11816.882,1413.0,378.0,17682.93,1413.0,378.0,17682.93,1456.0,1365.0,63975.203
1177.0,237.0,11005.77,1177.0,237.0,11005.77,1177.0,237.0,11005.77,1177.0,237.0,11005.77,1177.0,237.0,11005.77,1177.0,237.0,11005.77,1177.0,237.0,11005.77,1429.0,362.0,16945.04,1429.0,362.0,16945.04,1475.0,1426.0,66899.07
1153.0,219.0,10201.747,1153.0,219.0,10201.747,1153.0,219.0,10201.747,1153.0,219.0,10201.747,1153.0,219.0,10201.747,1153.0,219.0,10201.747,1153.0,219.0,10201.747,1399.0,334.0,15679.933,1399.0,334.0,15679.933,1444.0,1412.0,66326.305
1182.0,217.0,10090.029,1182.0,217.0,10090.029,1182.0,217.0,10090.029,1182.0,217.0,10090.029,1182.0,217.0,10090.029,1182.0,217.0,10090.029,1182.0,217.0,10090.029,1426.0,327.0,15309.294,1426.0,327.0,15309.294,1474.0,1451.0,68109.79
1151.0,188.0,8724.85,1151.0,188.0,8724.85,1151.0,188.0,8724.85,1151.0,188.0,8724.85,1151.0,188.0,8724.85,1151.0,188.0,8724.85,1151.0,188.0,8724.85,1406.0,303.0,14205.007,1406.0,303.0,14205.007,1455.0,1470.0,69112.016
1053.0,181.0,8417.575,1053.0,181.0,8417.575,1053.0,181.0,8417.575,1053.0,181.0,8417.575,1053.0,181.0,8417.575,1053.0,181.0,8417.575,1053.0,181.0,8417.575,1285.0,291.0,13634.298,1285.0,291.0,13634.298,1327.0,1314.0,61840.406
1032.0,173.0,8022.641,1032.0,173.0,8022.641,1032.0,173.0,8022.641,1032.0,173.0,8022.641,1032.0,173.0,8022.641,1032.0,173.0,8022.641,1032.0,173.0,8022.641,1231.0,271.0,12682.27,1231.0,271.0,12682.27,1263.0,1211.0,56738.45
978.0,178.0,8248.546,978.0,178.0,8248.546,978.0,178.0,8248.546,978.0,178.0,8248.546,978.0,178.0,8248.546,978.0,178.0,8248.546,978.0,178.0,8248.546,1169.0,274.0,12795.622,1169.0,274.0,12795.622,1198.0,1125.0,52590.766
886.0,163.0,7547.7207,886.0,163.0,7547.7207,886.0,163.0,7547.7207,886.0,163.0,7547.7207,886.0,163.0,7547.7207,886.0,163.0,7547.7207,886.0,163.0,7547.7207,1085.0,260.0,12141.515,1085.0,260.0,12141.515,1116.0,1070.0,49957.133
827.0,148.0,6853.2896,827.0,148.0,6853.2896,827.0,148.0,6853.2896,827.0,148.0,6853.2896,827.0,148.0,6853.2896,827.0,148.0,6853.2896,827.0,148.0,6853.2896,1025.0,250.0,11690.273,1025.0,250.0,11690.273,1057.0,1020.0,47655.074
786.0,140.0,6490.7134,786.0,140.0,6490.7134,786.0,140.0,6490.7134,786.0,140.0,6490.7134,786.0,140.0,6490.7134,786.0,140.0,6490.7134,786.0,140.0,6490.7134,952.0,224.0,10488.669,952.0,224.0,10488.669,980.0,931.0,43494.13
746.0,143.0,6618.2314,746.0,143.0,6618.2314,746.0,143.0,6618.2314,746.0,143.0,6618.2314,746.0,143.0,6618.2314,746.0,143.0,6618.2314,746.0,143.0,6618.2314,906.0,220.0,10259.057,906.0,220.0,10259.057,933.0,881.0,41081.027
764.0,151.0,7003.723,764.0,151.0,7003.723,764.0,151.0,7003.723,764.0,151.0,7003.723,764.0,151.0,7003.723,764.0,151.0,7003.723,764.0,151.0,7003.723,933.0,229.0,10713.429,933.0,229.0,10713.429,963.0,918.0,42885.34
712.0,152.0,7043.6733,712.0,152.0,7043.6733,712.0,152.0,7043.6733,712.0,152.0,7043.6733,712.0,152.0,7043.6733,712.0,152.0,7043.6733,712.0,152.0,7043.6733,885.0,235.0,10994.723,885.0,235.0,10994.723,913.0,866.0,40634.445
701.0,151.0,7004.981,701.0,151.0,7004.981,701.0,151.0,7004.981,701.0,151.0,7004.981,701.0,151.0,7004.981,701.0,151.0,7004.981,701.0,151.0,7004.981,856.0,226.0,10596.888,856.0,226.0,10596.888,886.0,834.0,39170.156
654.0,144.0,6698.759,654.0,144.0,6698.759,654.0,144.0,6698.759,654.0,144.0,6698.759,654.0,144.0,6698.759,654.0,144.0,6698.759,654.0,144.0,6698.759,808.0,226.0,10603.917,808.0,226.0,10603.917,834.0,775.0,36538.113
680.0,146.0,6785.821,680.0,146.0,6785.821,680.0,146.0,6785.821,680.0,146.0,6785.821,680.0,146.0,6785.821,680.0,146.0,6785.821,680.0,146.0,6785.821,832.0,231.0,10844.69,832.0,231.0,10844.69,860.0,796.0,37545.062
649.0,136.0,6330.1885,649.0,136.0,6330.1885,649.0,136.0,6330.1885,649.0,136.0,6330.1885,649.0,136.0,6330.1885,649.0,136.0,6330.1885,649.0,136.0,6330.1885,806.0,218.0,10258.359,806.0,218.0,10258.359,836.0,793.0,37489.035
636.0,130.0,6041.856,636.0,130.0,6041.856,636.0,130.0,6041.856,636.0,130.0,6041.856,636.0,130.0,6041.856,636.0,130.0,6041.856,636.0,130.0,6041.856,780.0,209.0,9848.054,780.0,209.0,9848.054,809.0,765.0,36160.117
592.0,115.0,5340.5293,592.0,115.0,5340.5293,592.0,115.0,5340.5293,592.0,115.0,5340.5293,592.0,115.0,5340.5293,592.0,115.0,5340.5293,592.0,115.0,5340.5293,710.0,184.0,8661.354,710.0,184.0,8661.354,743.0,698.0,33019.95
562.0,108.0,5035.7646,562.0,108.0,5035.7646,562.0,108.0,5035.7646,562.0,108.0,5035.7646,562.0,108.0,5035.7646,562.0,108.0,5035.7646,562.0,108.0,5035.7646,683.0,176.0,8317.298,683.0,176.0,8317.298,716.0,684.0,32419.031
543.0,100.0,4664.639,543.0,100.0,4664.639,543.0,100.0,4664.639,543.0,100.0,4664.639,543.0,100.0,4664.639,543.0,100.0,4664.639,543.0,100.0,4664.639,660.0,165.0,7800.2124,660.0,165.0,7800.2124,693.0,667.0,31604.46
471.0,82.0,3821.3933,471.0,82.0,3821.3933,471.0,82.0,3821.3933,471.0,82.0,3821.3933,471.0,82.0,3821.3933,471.0,82.0,3821.3933,471.0,82.0,3821.3933,584.0,145.0,6866.343,584.0,145.0,6866.343,611.0,592.0,28031.008
444.0,81.0,3778.6704,444.0,81.0,3778.6704,444.0,81.0,3778.6704,444.0,81.0,3778.6704,444.0,81.0,3778.6704,444.0,81.0,3778.6704,444.0,81.0,3778.6704,545.0,133.0,6288.829,545.0,133.0,6288.829,567.0,538.0,25447.58
474.0,86.0,4018.8096,474.0,86.0,4018.8096,474.0,86.0,4018.8096,474.0,86.0,4018.8096,474.0,86.0,4018.8096,474.0,86.0,4018.8096,474.0,86.0,4018.8096,567.0,140.0,6618.2275,567.0,140.0,6618.2275,588.0,541.0,25575.91
453.0,76.0,3562.959,453.0,76.0,3562.959,453.0,76.0,3562.959,453.0,76.0,3562.959,453.0,76.0,3562.959,453.0,76.0,3562.959,453.0,76.0,3562.959,541.0,130.0,6156.9434,541.0,130.0,6156.9434,563.0,521.0,24619.77
425.0,75.0,3496.3684,425.0,75.0,3496.3684,425.0,75.0,3496.3684,425.0,75.0,3496.3684,425.0,75.0,3496.3684,425.0,75.0,3496.3684,425.0,75.0,3496.3684,499.0,120.0,5654.399,499.0,120.0,5654.399,513.0,465.0,21883.855
403.0,73.0,3399.0842,403.0,73.0,3399.0842,403.0,73.0,3399.0842,403.0,73.0,3399.0842,403.0,73.0,3399.0842,403.0,73.0,3399.0842,403.0,73.0,3399.0842,471.0,118.0,5537.653,471.0,118.0,5537.653,486.0,435.0,20422.004
399.0,82.0,3824.9817,399.0,82.0,3824.9817,399.0,82.0,3824.9817,399.0,82.0,3824.9817,399.0,82.0,3824.9817,399.0,82.0,3824.9817,399.0,82.0,3824.9817,463.0,120.0,5633.1733,463.0,120.0,5633.1733,478.0,422.0,19835.668
421.0,83.0,3870.788,421.0,83.0,3870.788,421.0,83.0,3870.788,421.0,83.0,3870.788,421.0,83.0,3870.788,421.0,83.0,3870.788,421.0,83.0,3870.788,491.0,128.0,6014.581,491.0,128.0,6014.581,506.0,448.0,21057.459
430.0,81.0,3777.6611,430.0,81.0,3777.6611,430.0,81.0,3777.6611,430.0,81.0,3777.6611,430.0,81.0,3777.6611,430.0,81.0,3777.6611,430.0,81.0,3777.6611,498.0,121.0,5690.3535,498.0,121.0,5690.3535,517.0,461.0,21623.018
420.0,80.0,3733.6865,420.0,80.0,3733.6865,420.0,80.0,3733.6865,420.0,80.0,3733.6865,420.0,80.0,3733.6865,420.0,80.0,3733.6865,420.0,80.0,3733.6865,492.0,121.0,5702.6914,492.0,121.0,5702.6914,510.0,456.0,21375.82
419.0,81.0,3756.78,419.0,81.0,3756.78,419.0,81.0,3756.78,419.0,81.0,3756.78,419.0,81.0,3756.78,419.0,81.0,3756.78,419.0,81.0,3756.78,499.0,129.0,6064.0513,499.0,129.0,6064.0513,517.0,466.0,21878.52
410.0,82.0,3805.9314,410.0,82.0,3805.9314,410.0,82.0,3805.9314,410.0,82.0,3805.9314,410.0,82.0,3805.9314,410.0,82.0,3805.9314,410.0,82.0,3805.9314,491.0,130.0,6106.419,491.0,130.0,6106.419,511.0,461.0,21635.906
434.0,90.0,4162.6226,434.0,90.0,4162.6226,434.0,90.0,4162.6226,434.0,90.0,4162.6226,434.0,90.0,4162.6226,434.0,90.0,4162.6226,434.0,90.0,4162.6226,517.0,140.0,6542.1436,517.0,140.0,6542.1436,539.0,487.0,22861.135
429.0,85.0,3925.145,429.0,85.0,3925.145,429.0,85.0,3925.145,429.0,85.0,3925.145,429.0,85.0,3925.145,429.0,85.0,3925.145,429.0,85.0,3925.145,518.0,140.0,6546.7646,518.0,140.0,6546.7646,543.0,497.0,23366.71
414.0,85.0,3935.5686,414.0,85.0,3935.5686,414.0,85.0,3935.5686,414.0,85.0,3935.5686,414.0,85.0,3935.5686,414.0,85.0,3935.5686,414.0,85.0,3935.5686,492.0,130.0,6084.0327,492.0,130.0,6084.0327,519.0,474.0,22294.615
389.0,84.0,3886.8416,389.0,84.0,3886.8416,389.0,84.0,3886.8416,389.0,84.0,3886.8416,389.0,84.0,3886.8416,389.0,84.0,3886.8416,389.0,84.0,3886.8416,474.0,132.0,6187.784,474.0,132.0,6187.784,499.0,459.0,21669.406
360.0,80.0,3710.7473,360.0,80.0,3710.7473,360.0,80.0,3710.7473,360.0,80.0,3710.7473,360.0,80.0,3710.7473,360.0,80.0,3710.7473,360.0,80.0,3710.7473,435.0,123.0,5773.644,435.0,123.0,5773.644,458.0,420.0,19852.842
327.0,74.0,3427.8457,327.0,74.0,3427.8457,327.0,74.0,3427.8457,327.0,74.0,3427.8457,327.0,74.0,3427.8457,327.0,74.0,3427.8457,327.0,74.0,3427.8457,397.0,113.0,5295.198,397.0,113.0,5295.198,418.0,382.0,18062.203
315.0,68.0,3164.333,315.0,68.0,3164.333,315.0,68.0,3164.333,315.0,68.0,3164.333,315.0,68.0,3164.333,315.0,68.0,3164.333,315.0,68.0,3164.333,384.0,105.0,4934.9106,384.0,105.0,4934.9106,404.0,375.0,17780.898
288.0,59.0,2755.6445,288.0,59.0,2755.6445,288.0,59.0,2755.6445,288.0,59.0,2755.6445,288.0,59.0,2755.6445,288.0,59.0,2755.6445,288.0,59.0,2755.6445,349.0,95.0,4483.5293,349.0,95.0,4483.5293,363.0,328.0,15567.112
272.0,56.0,2622.5286,272.0,56.0,2622.5286,272.0,56.0,2622.5286,272.0,56.0,2622.5286,272.0,56.0,2622.5286,272.0,56.0,2622.5286,272.0,56.0,2622.5286,321.0,89.0,4206.2666,321.0,89.0,4206.2666,334.0,297.0,14106.653
308.0,68.0,3179.1853,308.0,68.0,3179.1853,308.0,68.0,3179.1853,308.0,68.0,3179.1853,308.0,68.0,3179.1853,308.0,68.0,3179.1853,308.0,68.0,3179.1853,383.0,113.0,5325.206,383.0,113.0,5325.206,398.0,365.0,17368.842
334.0,80.0,3731.2878,334.0,80.0,3731.2878,334.0,80.0,3731.2878,334.0,80.0,3731.2878,334.0,80.0,3731.2878,334.0,80.0,3731.2878,334.0,80.0,3731.2878,433.0,139.0,6548.8164,433.0,139.0,6548.8164,449.0,415.0,19774.24
415.0,98.0,4556.8306,415.0,98.0,4556.8306,415.0,98.0,4556.8306,415.0,98.0,4556.8306,415.0,98.0,4556.8306,415.0,98.0,4556.8306,415.0,98.0,4556.8306,540.0,180.0,8481.673,540.0,180.0,8481.673,561.0,519.0,24674.453
422.0,96.0,4478.133,422.0,96.0,4478.133,422.0,96.0,4478.133,422.0,96.0,4478.133,422.0,96.0,4478.133,422.0,96.0,4478.133,422.0,96.0,4478.133,552.0,180.0,8497.515,552.0,180.0,8497.515,574.0,540.0,25667.807
438.0,100.0,4654.296,438.0,100.0,4654.296,438.0,100.0,4654.296,438.0,100.0,4654.296,438.0,100.0,4654.296,438.0,100.0,4654.296,438.0,100.0,4654.296,576.0,187.0,8813.32,576.0,187.0,8813.32,600.0,570.0,27050.105
445.0,96.0,4464.056,445.0,96.0,4464.056,445.0,96.0,4464.056,445.0,96.0,4464.056,445.0,96.0,4464.056,445.0,96.0,4464.056,445.0,96.0,4464.056,599.0,189.0,8917.188,599.0,189.0,8917.188,629.0,618.0,29305.582
485.0,108.0,5022.2515,485.0,108.0,5022.2515,485.0,108.0,5022.2515,485.0,108.0,5022.2515,485.0,108.0,5022.2515,485.0,108.0,5022.2515,485.0,108.0,5022.2515,668.0,222.0,10531.433,668.0,222.0,10531.433,702.0,690.0,32810.137
479.0,97.0,4516.187,479.0,97.0,4516.187,479.0,97.0,4516.187,479.0,97.0,4516.187,479.0,97.0,4516.187,479.0,97.0,4516.187,479.0,97.0,4516.187,648.0,204.0,9691.724,648.0,204.0,9691.724,680.0,672.0,31933.602
459.0,87.0,4051.839,459.0,87.0,4051.839,459.0,87.0,4051.839,459.0,87.0,4051.839,459.0,87.0,4051.839,459.0,87.0,4051.839,459.0,87.0,4051.839,603.0,173.0,8215.807,603.0,173.0,8215.807,639.0,639.0,30318.377
401.0,78.0,3652.2388,401.0,78.0,3652.2388,401.0,78.0,3652.2388,401.0,78.0,3652.2388,401.0,78.0,3652.2388,401.0,78.0,3652.2388,401.0,78.0,3652.2388,520.0,137.0,6520.7036,520.0,137.0,6520.7036,551.0,555.0,26343.77
395.0,77.0,3603.3748,395.0,77.0,3603.3748,395.0,77.0,3603.3748,395.0,77.0,3603.3748,395.0,77.0,3603.3748,395.0,77.0,3603.3748,395.0,77.0,3603.3748,513.0,140.0,6648.491,513.0,140.0,6648.491,544.0,542.0,25721.867
389.0,76.0,3590.6282,389.0,76.0,3590.6282,389.0,76.0,3590.6282,389.0,76.0,3590.6282,389.0,76.0,3590.6282,389.0,76.0,3590.6282,389.0,76.0,3590.6282,502.0,141.0,6715.8247,502.0,141.0,6715.8247,530.0,521.0,24738.195
354.0,68.0,3208.2617,354.0,68.0,3208.2617,354.0,68.0,3208.2617,354.0,68.0,3208.2617,354.0,68.0,3208.2617,354.0,68.0,3208.2617,354.0,68.0,3208.2617,465.0,132.0,6282.9253,465.0,132.0,6282.9253,487.0,478.0,22737.553
811.0,59.0,2778.0986,811.0,59.0,2778.0986,811.0,59.0,2778.0986,811.0,59.0,2778.0986,811.0,59.0,2778.0986,811.0,59.0,2778.0986,811.0,59.0,2778.0986,885.0,101.0,4762.3706,885.0,101.0,4762.3706,904.0,884.0,41576.855
817.0,63.0,2956.1611,817.0,63.0,2956.1611,817.0,63.0,2956.1611,817.0,63.0,2956.1611,817.0,63.0,2956.1611,817.0,63.0,2956.1611,817.0,63.0,2956.1611,885.0,106.0,4974.9575,885.0,106.0,4974.9575,906.0,874.0,41069.99
792.0,60.0,2809.7864,792.0,60.0,2809.7864,792.0,60.0,2809.7864,792.0,60.0,2809.7864,792.0,60.0,2809.7864,792.0,60.0,2809.7864,792.0,60.0,2809.7864,856.0,101.0,4741.998,856.0,101.0,4741.998,876.0,846.0,39720.277
775.0,55.0,2574.1106,775.0,55.0,2574.1106,775.0,55.0,2574.1106,775.0,55.0,2574.1106,775.0,55.0,2574.1106,775.0,55.0,2574.1106,775.0,55.0,2574.1106,843.0,98.0,4591.445,843.0,98.0,4591.445,861.0,839.0,39364.195
787.0,56.0,2644.4358,787.0,56.0,2644.4358,787.0,56.0,2644.4358,787.0,56.0,2644.4358,787.0,56.0,2644.4358,787.0,56.0,2644.4358,787.0,56.0,2644.4358,859.0,98.0,4630.7803,859.0,98.0,4630.7803,880.0,860.0,40389.617
800.0,55.0,2585.2288,800.0,55.0,2585.2288,800.0,55.0,2585.2288,800.0,55.0,2585.2288,800.0,55.0,2585.2288,800.0,55.0,2585.2288,800.0,55.0,2585.2288,863.0,92.0,4336.715,863.0,92.0,4336.715,884.0,860.0,40437.17
801.0,58.0,2728.4722,801.0,58.0,2728.4722,801.0,58.0,2728.4722,801.0,58.0,2728.4722,801.0,58.0,2728.4722,801.0,58.0,2728.4722,801.0,58.0,2728.4722,858.0,92.0,4332.982,858.0,92.0,4332.982,878.0,847.0,39808.71
287.0,42.0,1960.1875,287.0,42.0,1960.1875,287.0,42.0,1960.1875,287.0,42.0,1960.1875,287.0,42.0,1960.1875,287.0,42.0,1960.1875,287.0,42.0,1960.1875,375.0,91.0,4309.601,375.0,91.0,4309.601,394.0,399.0,18944.367
266.0,37.0,1713.8995,266.0,37.0,1713.8995,266.0,37.0,1713.8995,266.0,37.0,1713.8995,266.0,37.0,1713.8995,266.0,37.0,1713.8995,266.0,37.0,1713.8995,353.0,80.0,3781.3086,353.0,80.0,3781.3086,372.0,384.0,18269.139
305.0,43.0,1976.7543,305.0,43.0,1976.7543,305.0,43.0,1976.7543,305.0,43.0,1976.7543,305.0,43.0,1976.7543,305.0,43.0,1976.7543,305.0,43.0,1976.7543,395.0,87.0,4098.9946,395.0,87.0,4098.9946,413.0,418.0,19824.861
304.0,46.0,2118.815,304.0,46.0,2118.815,304.0,46.0,2118.815,304.0,46.0,2118.815,304.0,46.0,2118.815,304.0,46.0,2118.815,304.0,46.0,2118.815,387.0,82.0,3857.3586,387.0,82.0,3857.3586,404.0,406.0,19283.285
277.0,39.0,1786.4644,277.0,39.0,1786.4644,277.0,39.0,1786.4644,277.0,39.0,1786.4644,277.0,39.0,1786.4644,277.0,39.0,1786.4644,277.0,39.0,1786.4644,352.0,68.0,3181.4453,352.0,68.0,3181.4453,368.0,375.0,17822.484
267.0,38.0,1735.5405,267.0,38.0,1735.5405,267.0,38.0,1735.5405,267.0,38.0,1735.5405,267.0,38.0,1735.5405,267.0,38.0,1735.5405,267.0,38.0,1735.5405,347.0,75.0,3515.393,347.0,75.0,3515.393,362.0,364.0,17298.76
276.0,44.0,2024.0343,276.0,44.0,2024.0343,276.0,44.0,2024.0343,276.0,44.0,2024.0343,276.0,44.0,2024.0343,276.0,44.0,2024.0343,276.0,44.0,2024.0343,356.0,82.0,3841.6018,356.0,82.0,3841.6018,370.0,365.0,17349.717
245.0,39.0,1791.2921,245.0,39.0,1791.2921,245.0,39.0,1791.2921,245.0,39.0,1791.2921,245.0,39.0,1791.2921,245.0,39.0,1791.2921,245.0,39.0,1791.2921,314.0,73.0,3422.0498,314.0,73.0,3422.0498,323.0,312.0,14773.66
244.0,41.0,1881.0879,244.0,41.0,1881.0879,244.0,41.0,1881.0879,244.0,41.0,1881.0879,244.0,41.0,1881.0879,244.0,41.0,1881.0879,244.0,41.0,1881.0879,310.0,73.0,3423.8728,310.0,73.0,3423.8728,319.0,307.0,14508.018
231.0,37.0,1710.5272,231.0,37.0,1710.5272,231.0,37.0,1710.5272,231.0,37.0,1710.5272,231.0,37.0,1710.5272,231.0,37.0,1710.5272,231.0,37.0,1710.5272,292.0,68.0,3199.837,292.0,68.0,3199.837,303.0,293.0,13897.717
225.0,31.0,1424.382,225.0,31.0,1424.382,225.0,31.0,1424.382,225.0,31.0,1424.382,225.0,31.0,1424.382,225.0,31.0,1424.382,225.0,31.0,1424.382,288.0,64.0,3011.433,288.0,64.0,3011.433,299.0,295.0,14018.189
224.0,27.0,1229.4678,224.0,27.0,1229.4678,224.0,27.0,1229.4678,224.0,27.0,1229.4678,224.0,27.0,1229.4678,224.0,27.0,1229.4678,224.0,27.0,1229.4678,292.0,68.0,3205.3328,292.0,68.0,3205.3328,303.0,300.0,14245.552
223.0,23.0,1051.7722,223.0,23.0,1051.7722,223.0,23.0,1051.7722,223.0,23.0,1051.7722,223.0,23.0,1051.7722,223.0,23.0,1051.7722,223.0,23.0,1051.7722,297.0,72.0,3391.6694,297.0,72.0,3391.6694,310.0,314.0,14899.568
222.0,22.0,1010.0794,222.0,22.0,1010.0794,222.0,22.0,1010.0794,222.0,22.0,1010.0794,222.0,22.0,1010.0794,222.0,22.0,1010.0794,222.0,22.0,1010.0794,293.0,63.0,2972.6584,293.0,63.0,2972.6584,307.0,319.0,15141.918
259.0,33.0,1533.0018,259.0,33.0,1533.0018,259.0,33.0,1533.0018,259.0,33.0,1533.0018,259.0,33.0,1533.0018,259.0,33.0,1533.0018,259.0,33.0,1533.0018,375.0,88.0,4199.982,375.0,88.0,4199.982,396.0,435.0,20811.926
271.0,35.0,1646.3114,271.0,35.0,1646.3114,271.0,35.0,1646.3114,271.0,35.0,1646.3114,271.0,35.0,1646.3114,271.0,35.0,1646.3114,271.0,35.0,1646.3114,398.0,88.0,4213.086,398.0,88.0,4213.086,425.0,485.0,23238.367
254.0,34.0,1593.8779,254.0,34.0,1593.8779,254.0,34.0,1593.8779,254.0,34.0,1593.8779,254.0,34.0,1593.8779,254.0,34.0,1593.8779,254.0,34.0,1593.8779,372.0,83.0,3965.9639,372.0,83.0,3965.9639,400.0,459.0,21998.941
253.0,36.0,1689.923,253.0,36.0,1689.923,253.0,36.0,1689.923,253.0,36.0,1689.923,253.0,36.0,1689.923,253.0,36.0,1689.923,253.0,36.0,1689.923,379.0,92.0,4407.508,379.0,92.0,4407.508,406.0,465.0,22299.0
265.0,38.0,1781.2448,265.0,38.0,1781.2448,265.0,38.0,1781.2448,265.0,38.0,1781.2448,265.0,38.0,1781.2448,265.0,38.0,1781.2448,265.0,38.0,1781.2448,399.0,98.0,4698.483,399.0,98.0,4698.483,429.0,493.0,23634.936
250.0,39.0,1829.53,250.0,39.0,1829.53,250.0,39.0,1829.53,250.0,39.0,1829.53,250.0,39.0,1829.53,250.0,39.0,1829.53,250.0,39.0,1829.53,382.0,97.0,4656.434,382.0,97.0,4656.434,413.0,481.0,23087.248
252.0,39.0,1820.241,252.0,39.0,1820.241,252.0,39.0,1820.241,252.0,39.0,1820.241,252.0,39.0,1820.241,252.0,39.0,1820.241,252.0,39.0,1820.241,393.0,103.0,4936.7456,393.0,103.0,4936.7456,421.0,486.0,23330.188
230.0,33.0,1536.4974,230.0,33.0,1536.4974,230.0,33.0,1536.4974,230.0,33.0,1536.4974,230.0,33.0,1536.4974,230.0,33.0,1536.4974,230.0,33.0,1536.4974,324.0,83.0,3963.8472,324.0,83.0,3963.8472,347.0,377.0,18040.596
241.0,41.0,1918.9974,241.0,41.0,1918.9974,241.0,41.0,1918.9974,241.0,41.0,1918.9974,241.0,41.0,1918.9974,241.0,41.0,1918.9974,241.0,41.0,1918.9974,315.0,83.0,3966.235,315.0,83.0,3966.235,334.0,332.0,15867.235
264.0,49.0,2304.7117,264.0,49.0,2304.7117,264.0,49.0,2304.7117,264.0,49.0,2304.7117,264.0,49.0,2304.7117,264.0,49.0,2304.7117,264.0,49.0,2304.7117,339.0,96.0,4567.224,339.0,96.0,4567.224,361.0,351.0,16741.625
265.0,51.0,2401.4958,265.0,51.0,2401.4958,265.0,51.0,2401.4958,265.0,51.0,2401.4958,265.0,51.0,2401.4958,265.0,51.0,2401.4958,265.0,51.0,2401.4958,342.0,97.0,4619.865,342.0,97.0,4619.865,364.0,354.0,16894.295
257.0,56.0,2621.704,257.0,56.0,2621.704,257.0,56.0,2621.704,257.0,56.0,2621.704,257.0,56.0,2621.704,257.0,56.0,2621.704,257.0,56.0,2621.704,339.0,104.0,4929.039,339.0,104.0,4929.039,358.0,347.0,16587.867
260.0,57.0,2652.4524,260.0,57.0,2652.4524,260.0,57.0,2652.4524,260.0,57.0,2652.4524,260.0,57.0,2652.4524,260.0,57.0,2652.4524,260.0,57.0,2652.4524,342.0,106.0,5007.9907,342.0,106.0,5007.9907,358.0,338.0,16126.118
271.0,56.0,2599.844,271.0,56.0,2599.844,271.0,56.0,2599.844,271.0,56.0,2599.844,271.0,56.0,2599.844,271.0,56.0,2599.844,271.0,56.0,2599.844,349.0,108.0,5109.877,349.0,108.0,5109.877,364.0,339.0,16165.252
285.0,63.0,2921.0256,285.0,63.0,2921.0256,285.0,63.0,2921.0256,285.0,63.0,2921.0256,285.0,63.0,2921.0256,285.0,63.0,2921.0256,285.0,63.0,2921.0256,363.0,114.0,5378.8257,363.0,114.0,5378.8257,378.0,348.0,16563.896
293.0,71.0,3288.9055,293.0,71.0,3288.9055,293.0,71.0,3288.9055,293.0,71.0,3288.9055,293.0,71.0,3288.9055,293.0,71.0,3288.9055,293.0,71.0,3288.9055,377.0,124.0,5850.9873,377.0,124.0,5850.9873,392.0,357.0,17006.07
311.0,69.0,3194.546,311.0,69.0,3194.546,311.0,69.0,3194.546,311.0,69.0,3194.546,311.0,69.0,3194.546,311.0,69.0,3194.546,311.0,69.0,3194.546,395.0,121.0,5717.677,395.0,121.0,5717.677,409.0,379.0,18051.438
324.0,64.0,2951.1377,324.0,64.0,2951.1377,324.0,64.0,2951.1377,324.0,64.0,2951.1377,324.0,64.0,2951.1377,324.0,64.0,2951.1377,324.0,64.0,2951.1377,413.0,120.0,5654.9585,413.0,120.0,5654.9585,430.0,409.0,19442.47
329.0,61.0,2813.0037,329.0,61.0,2813.0037,329.0,61.0,2813.0037,329.0,61.0,2813.0037,329.0,61.0,2813.0037,329.0,61.0,2813.0037,329.0,61.0,2813.0037,410.0,107.0,5030.739,410.0,107.0,5030.739,429.0,411.0,19489.574
346.0,62.0,2865.0242,346.0,62.0,2865.0242,346.0,62.0,2865.0242,346.0,62.0,2865.0242,346.0,62.0,2865.0242,346.0,62.0,2865.0242,346.0,62.0,2865.0242,436.0,113.0,5328.6035,436.0,113.0,5328.6035,456.0,439.0,20807.521
387.0,76.0,3510.753,387.0,76.0,3510.753,387.0,76.0,3510.753,387.0,76.0,3510.753,387.0,76.0,3510.753,387.0,76.0,3510.753,387.0,76.0,3510.753,487.0,134.0,6309.6265,487.0,134.0,6309.6265,506.0,478.0,22615.982
