dataset,decay_factor,alpha,beta,mean_precision,std_precision,mode_precision,min_precision,max_precision,mean_recall,std_recall,mode_recall,min_recall,max_recall,mean_f1,std_f1,mode_f1,min_f1,max_f1
CollegeMsg,0,0,0.1,0.2900732891374651,0.12803382313525052,0.0,0.0,0.5714285714285714,0.21359378252956115,0.11017747718059717,0.0,0.0,0.4714285714285714,0.2435925800855241,0.11811087194957398,0.0,0.0,0.515625
CollegeMsg,0,0,0.25,0.30061422041486274,0.13034489993732076,0.0,0.0,0.6040816326530613,0.2215489838470938,0.11059718890009645,0.0,0.0,0.4785714285714286,0.25258739308798606,0.11873849941651142,0.0,0.0,0.5234375000000001
CollegeMsg,0,0,0.5,0.32555149370864406,0.14401163650623874,0.0,0.0,1.0,0.2373845202507773,0.11729154330728211,0.0,0.0,0.5,0.27108447893087034,0.12721754271324234,0.0,0.0,0.6666666666666666
CollegeMsg,0,0,0.75,0.3284355668469403,0.14641898254366764,0.0,0.0,0.6454545454545455,0.2425190312963895,0.12505447483600754,0.0,0.0,0.5202312138728323,0.2761915042374498,0.1345002449632555,0.0,0.0,0.5748987854251013
CollegeMsg,0,0,1.0,0.34403875824943897,0.14738410452454018,0.0,0.0,0.6363636363636364,0.256615915359477,0.12579866228850317,0.0,0.0,0.5214285714285715,0.2917640205846063,0.13524048137843492,0.0,0.0,0.5703125
CollegeMsg,0,0,2.0,0.4059878860483474,0.15659062255873696,0.0,0.0,0.6818181818181818,0.30225292764518324,0.13645274591403878,0.0,0.0,0.5683962264150944,0.34387744583933566,0.14573222418255036,0.0,0.0,0.6171874999999999
CollegeMsg,0,0,3.0,0.4457186251023575,0.1573695818158964,0.0,0.0,0.710204081632653,0.3287700079759717,0.14037871849996758,0.0,0.0,0.5785714285714286,0.3749497436410709,0.14845826304230036,0.0,0.0,0.6328125000000001
CollegeMsg,0,0,5.0,0.46946147898103574,0.16378468558677317,0.0,0.0,0.707641196013289,0.3488093215369371,0.14535951416321446,0.0,0.0,0.5911764705882353,0.39710208576961126,0.15410329110386634,0.0,0.0,0.6425196850393701
CollegeMsg,0,0.1,0,0.2926312726217378,0.14569044012703297,0.0,0.0,1.0,0.21512091294873245,0.11304587602102088,0.0,0.0,0.5,0.24572671392556786,0.12445832119079481,0.0,0.0,0.6666666666666666
CollegeMsg,0,0.1,0.1,0.29925854415838304,0.1422850044863998,0.0,0.0,1.0,0.2193714025389571,0.11180317304961056,0.0,0.0,0.5,0.25067548820986413,0.12266531786975743,0.0,0.0,0.6666666666666666
CollegeMsg,0,0.1,0.25,0.3167686416911176,0.13685050857706835,0.0,0.0,0.6090909090909091,0.23413431062002282,0.11489513623750276,0.0,0.0,0.48905109489051096,0.26688301897769756,0.12421091883351909,0.0,0.0,0.5425101214574899
CollegeMsg,0,0.1,0.5,0.32023847395755783,0.14690214898414547,0.0,0.0,0.6436781609195402,0.23581534109954458,0.12279046746015677,0.0,0.0,0.5333333333333333,0.26873999601973386,0.13269400518674335,0.0,0.0,0.5833333333333333
CollegeMsg,0,0.1,0.75,0.34502520536087294,0.14776602613842243,0.0,0.0,0.6666666666666666,0.2538940180181923,0.12247074208210246,0.0,0.0,0.5380952380952381,0.2895342618002413,0.13154802879048694,0.0,0.0,0.5885416666666666
CollegeMsg,0,0.1,1.0,0.36395835185955755,0.14918871376333195,0.0,0.0,0.6636363636363637,0.26985027149077845,0.12738308882940746,0.0,0.0,0.5377358490566038,0.307254101821748,0.1365804111122147,0.0,0.0,0.5910931174089069
CollegeMsg,0,0.1,2.0,0.42084467567122175,0.15780610805301848,0.0,0.0,1.0,0.31041792556402503,0.1346814613295253,0.0,0.0,0.5809248554913294,0.35413819247826733,0.14409444358806922,0.0,0.0,0.6666666666666666
CollegeMsg,0,0.1,3.0,0.44927200015479946,0.16092595725998302,0.0,0.0,0.7083333333333334,0.33095776738077715,0.1420028058801605,0.0,0.0,0.5769230769230769,0.37750455589755977,0.1505474139418015,0.0,0.0,0.6222961730449251
CollegeMsg,0,0.1,5.0,0.4688240228481446,0.1653308094865344,0.0,0.0,0.7162629757785467,0.3480960420221795,0.1474020210633642,0.0,0.0,0.5982658959537572,0.3962428987653071,0.15607864199593277,0.0,0.0,0.6519685039370079
CollegeMsg,0,0.25,0,0.30820955133940175,0.14471386278670983,0.0,0.0,1.0,0.22354529391446043,0.11514421768563159,0.0,0.0,0.5,0.2559003043405524,0.12531379366463244,0.0,0.0,0.6666666666666666
CollegeMsg,0,0.25,0.1,0.3086432566332605,0.1401385087548954,0.0,0.0,0.6068181818181818,0.22798565832355266,0.11767205037783378,0.0,0.0,0.4913294797687861,0.25991372199411467,0.12723780029580337,0.0,0.0,0.5404858299595142
CollegeMsg,0,0.25,0.25,0.315277789212705,0.14367965883372738,0.0,0.0,0.6227272727272727,0.2339328844676394,0.12084282801363339,0.0,0.0,0.5,0.2662154941406413,0.13034002125676572,0.0,0.0,0.5546558704453441
CollegeMsg,0,0.25,0.5,0.33577048727594944,0.14616692653211114,0.0,0.0,0.6643598615916955,0.24712343672627998,0.12442102919240172,0.0,0.0,0.5549132947976878,0.2815983120351961,0.13357743439782396,0.0,0.0,0.6047244094488189
CollegeMsg,0,0.25,0.75,0.3523375464951425,0.15186283235585607,0.0,0.0,0.6580459770114943,0.2613306785010366,0.13005406200796585,0.0,0.0,0.5452380952380952,0.29728767205067147,0.1395018170215174,0.0,0.0,0.5963541666666666
CollegeMsg,0,0.25,1.0,0.37164031372819695,0.15307211398725482,0.0,0.0,0.6590909090909091,0.27653191170146807,0.1315430553596954,0.0,0.0,0.5452488687782805,0.3146072541500078,0.14094076377329842,0.0,0.0,0.5911458333333334
CollegeMsg,0,0.25,2.0,0.42138048892441454,0.15954360979955243,0.0,0.0,0.75,0.3111221566129806,0.13878401329711282,0.0,0.0,0.6040462427745664,0.35452841802968893,0.14729558149606398,0.0,0.0,0.6582677165354331
CollegeMsg,0,0.25,3.0,0.44308217415403583,0.16280465800646488,0.0,0.0,0.6925287356321839,0.32936083039920017,0.14290397274446118,0.0,0.0,0.5904977375565611,0.37493798899460123,0.15173144525687202,0.0,0.0,0.6311970979443773
CollegeMsg,0,0.25,5.0,0.4808315230163121,0.15613871671190457,0.0,0.0,1.0,0.35381823228855847,0.14224028665978927,0.0,0.0,0.6040462427745664,0.4037339405775026,0.149642185597695,0.0,0.0,0.6666666666666666
CollegeMsg,0,0.5,0,0.31679590207025116,0.14705653478576386,0.0,0.0,0.6112956810631229,0.23374460207590841,0.12171165945416523,0.0,0.0,0.5057803468208093,0.26617995591805554,0.1313782654030672,0.0,0.0,0.5511811023622047
CollegeMsg,0,0.5,0.1,0.32720898841341545,0.15732121756415657,0.0,0.0,1.0,0.24122217618272376,0.1260863414248344,0.0,0.0,0.5166666666666667,0.2751428395916914,0.13799228995709922,0.0,0.0,0.6666666666666666
CollegeMsg,0,0.5,0.25,0.32912012243858624,0.1551936324956947,0.0,0.0,0.6379310344827587,0.2454360362089656,0.12899158200069835,0.0,0.0,0.5285714285714286,0.2791363640388265,0.139879941391702,0.0,0.0,0.5781249999999999
CollegeMsg,0,0.5,0.5,0.3558195990172912,0.1558096933220764,0.0,0.0,0.6521739130434783,0.2644826166410486,0.13153685816941676,0.0,0.0,0.5380952380952381,0.30095829296923043,0.1417595382611958,0.0,0.0,0.5885416666666666
CollegeMsg,0,0.5,0.75,0.37070564129081623,0.15482934487046499,0.0,0.0,1.0,0.27349294507153177,0.13022631167433885,0.0,0.0,0.5364963503649635,0.31177293619001717,0.1398096393715901,0.0,0.0,0.6666666666666666
CollegeMsg,0,0.5,1.0,0.387714903197784,0.1491929758180541,0.0,0.0,0.6839080459770115,0.28611638109528015,0.13142995382750106,0.0,0.0,0.5666666666666667,0.32589736319351403,0.1395611122543232,0.0,0.0,0.6197916666666666
CollegeMsg,0,0.5,2.0,0.4405941265348528,0.1602899753147494,0.0,0.0,0.7,0.32666647081604994,0.14121444397338678,0.0,0.0,0.579185520361991,0.37195123672784636,0.1499793368448288,0.0,0.0,0.6291486291486291
CollegeMsg,0,0.5,3.0,0.45605190667827356,0.1645719156922984,0.0,0.0,0.7227272727272728,0.3386638333332951,0.14442717644006234,0.0,0.0,0.5966981132075472,0.38552029112967073,0.153977486581171,0.0,0.0,0.6437659033078881
CollegeMsg,0,0.5,5.0,0.47222300527335254,0.16393232714432454,0.0,0.0,0.7301038062283737,0.35017688366535576,0.1494206235662051,0.0,0.0,0.6098265895953757,0.3985569507643493,0.15774103136810697,0.0,0.0,0.6645669291338583
CollegeMsg,0,0.75,0,0.3402649708560336,0.14837375941087916,0.0,0.0,0.6511627906976745,0.24997861473362426,0.12586025770826803,0.0,0.0,0.530952380952381,0.2852427270727304,0.13568076258567535,0.0,0.0,0.5807291666666666
CollegeMsg,0,0.75,0.1,0.34301380815661003,0.14585631176275898,0.0,0.0,0.6264367816091954,0.25492543902336473,0.12424559346457417,0.0,0.0,0.5202312138728323,0.29020759243641975,0.13356126850438274,0.0,0.0,0.5677083333333333
CollegeMsg,0,0.75,0.25,0.35932303017119654,0.15242073810770343,0.0,0.0,0.6681818181818182,0.2644211862773052,0.1303050643006374,0.0,0.0,0.5380952380952381,0.30117379356472096,0.1394677493688368,0.0,0.0,0.5951417004048583
CollegeMsg,0,0.75,0.5,0.38211954282714905,0.15100899677111357,0.0,0.0,0.678030303030303,0.2826348160652205,0.1307765494675403,0.0,0.0,0.5357142857142857,0.3219226428101699,0.1400255842636748,0.0,0.0,0.5956738768718802
CollegeMsg,0,0.75,0.75,0.3889620147006926,0.16030858432102002,0.0,0.0,1.0,0.28767893799265193,0.13324609347235966,0.0,0.0,0.5578034682080925,0.3279426708915848,0.1437500686454342,0.0,0.0,0.6666666666666666
CollegeMsg,0,0.75,1.0,0.4062545114526043,0.15721952359595479,0.0,0.0,0.7024221453287197,0.29909217601795235,0.13646784781917146,0.0,0.0,0.5867052023121387,0.34095865661820823,0.14568249404846112,0.0,0.0,0.6393700787401575
CollegeMsg,0,0.75,2.0,0.4441979650515719,0.15885798541957513,0.0,0.0,0.7386363636363636,0.32941988413750417,0.14288970243117435,0.0,0.0,0.5924855491329479,0.37493888357310673,0.15118955012906632,0.0,0.0,0.64891846921797
CollegeMsg,0,0.75,3.0,0.45919076467158937,0.16603674850218764,0.0,0.0,0.7126436781609196,0.34209037008677556,0.1457307342504258,0.0,0.0,0.5927601809954751,0.3892288313806467,0.15487972327742142,0.0,0.0,0.6458333333333334
CollegeMsg,0,0.75,5.0,0.47270000309438026,0.17126120763198427,0.0,0.0,0.726643598615917,0.3523247185122168,0.15083386978179059,0.0,0.0,0.6069364161849711,0.40068997719688404,0.1601587295746193,0.0,0.0,0.6614173228346457
CollegeMsg,0,1.0,0,0.34904287985794447,0.15185454409128982,0.0,0.0,0.6681818181818182,0.25879460351484523,0.12993097061710662,0.0,0.0,0.5364963503649635,0.29458551297108093,0.1393680081576438,0.0,0.0,0.5951417004048583
CollegeMsg,0,1.0,0.1,0.3545508347917312,0.1590857532383355,0.0,0.0,0.6644518272425249,0.2636055532956394,0.1328723265358345,0.0,0.0,0.5316742081447964,0.30003186582530983,0.14371654490250202,0.0,0.0,0.5839416058394161
CollegeMsg,0,1.0,0.25,0.36094266285252213,0.155734569748732,0.0,0.0,0.678030303030303,0.26760521808895155,0.13284561579829055,0.0,0.0,0.5404761904761904,0.30459552436582976,0.14268605170578366,0.0,0.0,0.5956738768718802
CollegeMsg,0,1.0,0.5,0.3844184030413261,0.1636355696494052,0.0,0.0,1.0,0.28470819986380097,0.1356503793130817,0.0,0.0,0.5780346820809249,0.3243771063278251,0.14677217626549835,0.0,0.0,0.6666666666666666
CollegeMsg,0,1.0,0.75,0.3967338532736655,0.15601266942564257,0.0,0.0,0.7009966777408638,0.2942634410862805,0.1364627091717785,0.0,0.0,0.5751445086705202,0.3350439026054667,0.14540740693347146,0.0,0.0,0.626771653543307
CollegeMsg,0,1.0,1.0,0.4130734400492909,0.15778007274708214,0.0,0.0,0.7007575757575758,0.3052868397254517,0.13841436346664351,0.0,0.0,0.5751445086705202,0.3478836898957647,0.14719199973105548,0.0,0.0,0.626771653543307
CollegeMsg,0,1.0,2.0,0.45216079745067267,0.16746187974826734,0.0,0.0,1.0,0.33412241812050925,0.1441049484279909,0.0,0.0,0.6040462427745664,0.38079539962183845,0.1538922600764804,0.0,0.0,0.6666666666666666
CollegeMsg,0,1.0,3.0,0.4688911203541761,0.16718885215434945,0.0,0.0,0.754325259515571,0.3472950003833016,0.1487876009144563,0.0,0.0,0.630057803468208,0.3953542316976328,0.1575930834843039,0.0,0.0,0.6866141732283465
CollegeMsg,0,1.0,5.0,0.48498063695018545,0.16287160176893303,0.0,0.0,0.7474048442906575,0.35851657592952657,0.14761466755993416,0.0,0.0,0.6242774566473989,0.4086120122793981,0.15589619315547787,0.0,0.0,0.6803149606299213
CollegeMsg,0,2.0,0,0.3939563876452108,0.1557967669465466,0.0,0.0,0.7045454545454546,0.29174249433940946,0.13511157769072513,0.0,0.0,0.5529100529100529,0.3323370788936021,0.14421669482775706,0.0,0.0,0.6189683860232945
CollegeMsg,0,2.0,0.1,0.4061403009716651,0.16353513428358704,0.0,0.0,1.0,0.298299928628113,0.13720752339202266,0.0,0.0,0.5635838150289018,0.3406013983717657,0.14791066244242995,0.0,0.0,0.6666666666666666
CollegeMsg,0,2.0,0.25,0.3996563937069831,0.16486178550223235,0.0,0.0,0.7009966777408638,0.29611779872114885,0.14095523686139902,0.0,0.0,0.5664739884393064,0.33724447773527816,0.1507892433036851,0.0,0.0,0.6173228346456693
CollegeMsg,0,2.0,0.5,0.4156289631400348,0.1645972862496365,0.0,0.0,0.7155172413793104,0.30779987193787706,0.1419013535913807,0.0,0.0,0.5928571428571429,0.3505040380577026,0.15180152116850884,0.0,0.0,0.6484375
CollegeMsg,0,2.0,0.75,0.4236778267196243,0.16703572483728651,0.0,0.0,0.7234848484848485,0.31419422664450886,0.1429509870122536,0.0,0.0,0.5982658959537572,0.3577280202363321,0.15273971596559688,0.0,0.0,0.6519685039370079
CollegeMsg,0,2.0,1.0,0.4315387184021901,0.1685560040769041,0.0,0.0,0.7378048780487805,0.3205690215743547,0.1463898856423985,0.0,0.0,0.6040462427745664,0.3646968477453838,0.15623570291629432,0.0,0.0,0.6582677165354331
CollegeMsg,0,2.0,2.0,0.46939844097819655,0.15935390640703173,0.0,0.0,1.0,0.34464623056819904,0.14242891031917967,0.0,0.0,0.6040462427745664,0.3934284452404263,0.1505058674627205,0.0,0.0,0.6666666666666666
CollegeMsg,0,2.0,3.0,0.4828718299892853,0.1707139365896544,0.0,0.0,0.7508650519031141,0.3584201249251774,0.14962601708199585,0.0,0.0,0.6271676300578035,0.4080965251397697,0.15899251983275245,0.0,0.0,0.6834645669291338
CollegeMsg,0,2.0,5.0,0.4981402929664538,0.16593955216823006,0.0,0.0,1.0,0.36770359716350765,0.14696629931468863,0.0,0.0,0.6184971098265896,0.4194184592997724,0.15545776288110624,0.0,0.0,0.6740157480314961
CollegeMsg,0,3.0,0,0.4193719128904739,0.16530645030930585,0.0,0.0,1.0,0.30913926362609784,0.13836290939784618,0.0,0.0,0.5746606334841629,0.3526452700699846,0.14866948651602677,0.0,0.0,0.6666666666666666
CollegeMsg,0,3.0,0.1,0.4193381751652567,0.17051650975862945,0.0,0.0,1.0,0.3099473203635582,0.14132327944173478,0.0,0.0,0.5740740740740741,0.35332388224178424,0.15260340764684407,0.0,0.0,0.6666666666666666
CollegeMsg,0,3.0,0.25,0.4180262223783612,0.1686211500039432,0.0,0.0,0.707641196013289,0.3106858927646274,0.14444739096945533,0.0,0.0,0.5785714285714286,0.35349909719814593,0.15484869459567166,0.0,0.0,0.6328125000000001
CollegeMsg,0,3.0,0.5,0.43812886804786605,0.15785018553579433,0.0,0.0,1.0,0.3210639784209513,0.13730707419198673,0.0,0.0,0.5976190476190476,0.36665540544069386,0.14591380189245695,0.0,0.0,0.6666666666666666
CollegeMsg,0,3.0,0.75,0.43983930903000573,0.1639738337913918,0.0,0.0,0.7441860465116279,0.3254828833617678,0.14230947246639078,0.0,0.0,0.5857664233576643,0.3708701599248142,0.15176586378432919,0.0,0.0,0.6540145985401459
CollegeMsg,0,3.0,1.0,0.44775997478298,0.16646504912514626,0.0,0.0,0.7275362318840579,0.3314428247629222,0.14487297258621232,0.0,0.0,0.5924855491329479,0.3776582610373638,0.15449788733241634,0.0,0.0,0.6485788113695089
CollegeMsg,0,3.0,2.0,0.4660422502914448,0.16986767822083587,0.0,0.0,0.7613636363636364,0.3447436463430392,0.14944547870172867,0.0,0.0,0.6127167630057804,0.39275587327830147,0.1589029695834397,0.0,0.0,0.6688851913477537
CollegeMsg,0,3.0,3.0,0.4775663574749499,0.17231419317458124,0.0,0.0,0.7651515151515151,0.35406125528195637,0.15122213819309868,0.0,0.0,0.6166666666666667,0.40315336759270604,0.1607351045834059,0.0,0.0,0.6744791666666666
CollegeMsg,0,3.0,5.0,0.4939485268886881,0.16784518318326902,0.0,0.0,0.7612456747404844,0.366042244835983,0.1516623101741607,0.0,0.0,0.6358381502890174,0.41692128170177795,0.15985549735335308,0.0,0.0,0.6929133858267716
CollegeMsg,0,5.0,0,0.43486848530868505,0.1635361597602179,0.0,0.0,0.7109634551495017,0.3215079565303279,0.14189208542733103,0.0,0.0,0.5761904761904761,0.3662708238938305,0.15107429963869415,0.0,0.0,0.6315789473684211
CollegeMsg,0,5.0,0.1,0.43288601694157997,0.15820290674719215,0.0,0.0,0.7195121951219512,0.3201833730148059,0.13964975901650578,0.0,0.0,0.5780346820809249,0.36475288629390956,0.14808414939849396,0.0,0.0,0.6302083333333333
CollegeMsg,0,5.0,0.25,0.43384517790466093,0.16516317092962687,0.0,0.0,0.7159420289855073,0.32067812663482864,0.1430408286973207,0.0,0.0,0.580952380952381,0.36530087940819705,0.1525185184720698,0.0,0.0,0.6382428940568475
CollegeMsg,0,5.0,0.5,0.44627100948002185,0.15970693787447401,0.0,0.0,0.7159090909090909,0.32770871254860967,0.14234396620031836,0.0,0.0,0.5882352941176471,0.3737859680524444,0.15058738287833381,0.0,0.0,0.6380208333333334
CollegeMsg,0,5.0,0.75,0.44317376696431277,0.16428245637763098,0.0,0.0,0.7234848484848485,0.3280728979006479,0.14236883368331832,0.0,0.0,0.5867052023121387,0.37383286415978995,0.15176250826589147,0.0,0.0,0.6393700787401575
CollegeMsg,0,5.0,1.0,0.45473152096781005,0.1592965764465263,0.0,0.0,0.7196969696969697,0.33529934389098315,0.14038619584372872,0.0,0.0,0.5982658959537572,0.38241817602417055,0.14856901698137254,0.0,0.0,0.6519685039370079
CollegeMsg,0,5.0,2.0,0.46906045447297395,0.1652260145725313,0.0,0.0,0.7308970099667774,0.3463753271787685,0.14583850634498607,0.0,0.0,0.6005291005291006,0.39490807504046044,0.154603738674658,0.0,0.0,0.6551226551226552
CollegeMsg,0,5.0,3.0,0.4746949534232393,0.1680613550414783,0.0,0.0,0.7462121212121212,0.35152030196311224,0.1494389638630568,0.0,0.0,0.615606936416185,0.40039098529895534,0.15820227526983424,0.0,0.0,0.6708661417322834
CollegeMsg,0,5.0,5.0,0.4982719962055881,0.17906207419335607,0.0,0.0,1.0,0.3683304062735086,0.15279637997996598,0.0,0.0,0.6358381502890174,0.42004284625032834,0.16362591500646043,0.0,0.0,0.6929133858267716
CollegeMsg,0.1,0,0,0.4514164571095099,0.1694627318894647,0.0,0.0,0.7387755102040816,0.3338797975535087,0.14811481734959117,0.0,0.0,0.6011560693641619,0.3803918367690953,0.15791359142406583,0.0,0.0,0.6551181102362205
CollegeMsg,0.1,0,0.1,0.45379934857477017,0.16871405519964353,0.0,0.0,0.7446808510638298,0.33517010434728434,0.1471269186862494,0.0,0.0,0.6069364161849711,0.3818996218147237,0.1567972627597896,0.0,0.0,0.6614173228346457
CollegeMsg,0.1,0,0.25,0.44830685322717495,0.17501883460264867,0.0,0.0,0.7387755102040816,0.3329814475289802,0.15054807039911822,0.0,0.0,0.6,0.37912098543775125,0.1611122116757275,0.0,0.0,0.65625
CollegeMsg,0.1,0,0.5,0.46703807495404986,0.17371572192211107,0.0,0.0,0.7420289855072464,0.34591018031982834,0.14936250752096164,0.0,0.0,0.6098265895953757,0.39412810104823165,0.15954230683188111,0.0,0.0,0.6645669291338583
CollegeMsg,0.1,0,0.75,0.47388651755888617,0.1705718303079218,0.0,0.0,0.75177304964539,0.35063815519327873,0.14989607976837202,0.0,0.0,0.60431654676259,0.3995210420177394,0.1591124286005235,0.0,0.0,0.6582677165354331
CollegeMsg,0.1,0,1.0,0.48427307817752324,0.16748063682025535,0.0,0.0,0.7551020408163265,0.35611496690410843,0.15008996769899505,0.0,0.0,0.6184971098265896,0.4061210229898195,0.1590562752889564,0.0,0.0,0.6740157480314961
CollegeMsg,0.1,0,2.0,0.49343219164228014,0.16905083192381748,0.0,0.0,0.7565217391304347,0.3660201085386128,0.150163992113569,0.0,0.0,0.6271676300578035,0.4169074145483027,0.1590216418357547,0.0,0.0,0.6834645669291338
CollegeMsg,0.1,0,3.0,0.5001262336397899,0.17131847060666197,0.0,0.0,0.7474048442906575,0.3705480959351907,0.15100890788900653,0.0,0.0,0.6242774566473989,0.4222606248613941,0.1603323532387189,0.0,0.0,0.6803149606299213
CollegeMsg,0.1,0,5.0,0.5030491660451158,0.17328821884537865,0.0,0.0,0.7577854671280276,0.3725593991372242,0.1530131466442302,0.0,0.0,0.6329479768786127,0.4244584134201953,0.16225424931656787,0.0,0.0,0.689763779527559
CollegeMsg,0.1,0.1,0,0.4633698696690878,0.163308858219779,0.0,0.0,0.7588652482269503,0.34126163957999206,0.14653743273334446,0.0,0.0,0.6069364161849711,0.3892033119561027,0.15511493497324774,0.0,0.0,0.6614173228346457
CollegeMsg,0.1,0.1,0.1,0.45667738045975775,0.16767831837332786,0.0,0.0,0.7478260869565218,0.3379655645389148,0.1476654895199022,0.0,0.0,0.6040462427745664,0.3850729636858402,0.15722374809467457,0.0,0.0,0.6666666666666666
CollegeMsg,0.1,0.1,0.25,0.46295266912430044,0.16910914748544048,0.0,0.0,0.7375886524822695,0.3421607447038921,0.14917268670978456,0.0,0.0,0.6040462427745664,0.3898369833058643,0.15867482658382612,0.0,0.0,0.6582677165354331
CollegeMsg,0.1,0.1,0.5,0.46664927983541105,0.17492916571809736,0.0,0.0,0.7510204081632653,0.3479005584779915,0.15137520502838436,0.0,0.0,0.6184971098265896,0.3957421906806482,0.16156814397925717,0.0,0.0,0.6740157480314961
CollegeMsg,0.1,0.1,0.75,0.4777866810225129,0.16892867189945152,0.0,0.0,0.75177304964539,0.35228170027984684,0.14780183724787127,0.0,0.0,0.6098265895953757,0.4015047714471413,0.1567980612959117,0.0,0.0,0.6645669291338583
CollegeMsg,0.1,0.1,1.0,0.4858241775772396,0.16907947141919397,0.0,0.0,0.7510204081632653,0.359332012014325,0.14941944548550945,0.0,0.0,0.6242774566473989,0.40957378142018913,0.15833042264248295,0.0,0.0,0.6803149606299213
CollegeMsg,0.1,0.1,2.0,0.4936642941340323,0.1734459925136473,0.0,0.0,0.7612456747404844,0.36625332680327954,0.1522492926904148,0.0,0.0,0.6358381502890174,0.417158436604134,0.16182573506862952,0.0,0.0,0.6929133858267716
CollegeMsg,0.1,0.1,3.0,0.5006808759901736,0.1757645102357555,0.0,0.0,0.7575757575757576,0.3708433697993814,0.15450623379153838,0.0,0.0,0.6266968325791855,0.42240285383556875,0.1644217564182643,0.0,0.0,0.6771653543307086
CollegeMsg,0.1,0.1,5.0,0.5087085778215635,0.16864931506350594,0.0,0.0,0.7623188405797101,0.3755141319315508,0.1520539528497276,0.0,0.0,0.6358381502890174,0.42799561548792164,0.16057720708053483,0.0,0.0,0.6929133858267716
CollegeMsg,0.1,0.25,0,0.462234873065856,0.17178960112305583,0.0,0.0,0.7446808510638298,0.3419369769092495,0.15041125743456119,0.0,0.0,0.6184971098265896,0.3896065312091205,0.1604570398692733,0.0,0.0,0.6740157480314961
CollegeMsg,0.1,0.25,0.1,0.4658376022638927,0.16785628127976504,0.0,0.0,0.7387755102040816,0.34431593022685364,0.14846853243030073,0.0,0.0,0.5982658959537572,0.3923451078454737,0.158010444357752,0.0,0.0,0.6519685039370079
CollegeMsg,0.1,0.25,0.25,0.4686253957210726,0.16957182023635678,0.0,0.0,0.7551020408163265,0.3462061733225593,0.14870561944091717,0.0,0.0,0.615606936416185,0.3945276262872904,0.15808840675651276,0.0,0.0,0.6708661417322834
CollegeMsg,0.1,0.25,0.5,0.4798601309566383,0.1680183059817463,0.0,0.0,0.754325259515571,0.3530804456472716,0.14938368940633256,0.0,0.0,0.630057803468208,0.40276201713551635,0.15825155298845153,0.0,0.0,0.6866141732283465
CollegeMsg,0.1,0.25,0.75,0.48991092542316206,0.16307185145227526,0.0,0.0,0.7588652482269503,0.359900513011338,0.14879358695402373,0.0,0.0,0.6271676300578035,0.41057695934719696,0.15693302678980853,0.0,0.0,0.6834645669291338
CollegeMsg,0.1,0.25,1.0,0.486032713335106,0.1682264833043648,0.0,0.0,0.7659574468085106,0.3591955939689039,0.1503959000079858,0.0,0.0,0.6271676300578035,0.4093988514408643,0.1594104695714468,0.0,0.0,0.6834645669291338
CollegeMsg,0.1,0.25,2.0,0.5054374875885655,0.16417306175745275,0.0,0.0,0.7537878787878788,0.3710592858985139,0.14961027918162187,0.0,0.0,0.6242774566473989,0.42334946232699877,0.15764692901205013,0.0,0.0,0.6803149606299213
CollegeMsg,0.1,0.25,3.0,0.500702729300532,0.1752119101886065,0.0,0.0,0.7551020408163265,0.37191552159234004,0.15298073991660427,0.0,0.0,0.6244343891402715,0.4235037479097723,0.16266882076814523,0.0,0.0,0.6708661417322834
CollegeMsg,0.1,0.25,5.0,0.5073667953571498,0.16800741993921953,0.0,0.0,0.7612456747404844,0.37492219812222904,0.151809659095485,0.0,0.0,0.6358381502890174,0.42728720081650606,0.1603759126476586,0.0,0.0,0.6929133858267716
CollegeMsg,0.1,0.5,0,0.4672804366488178,0.16829494337296633,0.0,0.0,0.75177304964539,0.3458213997249746,0.14889406020287793,0.0,0.0,0.6213872832369942,0.39400219722856517,0.1578726840053046,0.0,0.0,0.6771653543307086
CollegeMsg,0.1,0.5,0.1,0.47923496653341835,0.16331561149081772,0.5,0.0,0.7510204081632653,0.350936240309389,0.14610288730393678,0.0,0.0,0.6127167630057804,0.40064398251569927,0.15455299373395312,0.0,0.0,0.667716535433071
CollegeMsg,0.1,0.5,0.25,0.47899145084925476,0.1646945127697613,0.0,0.0,0.7510204081632653,0.35296256047489943,0.14823260677297956,0.0,0.0,0.6069364161849711,0.4025600142110369,0.15687334456134047,0.0,0.0,0.6614173228346457
CollegeMsg,0.1,0.5,0.5,0.48831496727477713,0.16230790662882633,0.0,0.0,0.7508650519031141,0.3605241797416589,0.1479825348806382,0.0,0.0,0.6271676300578035,0.41088115006376136,0.15582203818844767,0.0,0.0,0.6834645669291338
CollegeMsg,0.1,0.5,0.75,0.4929860884971975,0.16994583711959552,0.0,0.0,0.7551020408163265,0.3634497495447506,0.15163855328712145,0.0,0.0,0.6266968325791855,0.41434864402821,0.16083040257893114,0.0,0.0,0.6771653543307086
CollegeMsg,0.1,0.5,1.0,0.4975844764464881,0.16745814670878206,0.0,0.0,0.7820069204152249,0.36762924309515205,0.15021997546645594,0.0,0.0,0.653179190751445,0.41911288256918144,0.15925262275879604,0.0,0.0,0.7118110236220472
CollegeMsg,0.1,0.5,2.0,0.5030942351425901,0.17005944199522696,0.0,0.0,0.7577854671280276,0.3710703938607574,0.15284436351342695,0.0,0.0,0.6329479768786127,0.42301573374822005,0.16150753540660567,0.0,0.0,0.689763779527559
CollegeMsg,0.1,0.5,3.0,0.5107830740467376,0.1674017678521139,0.0,0.0,0.7651515151515151,0.3773384985122291,0.15161802357805673,0.0,0.0,0.630057803468208,0.4300858951052399,0.16006606346451072,0.0,0.0,0.6866141732283465
CollegeMsg,0.1,0.5,5.0,0.5101624386829302,0.17018963299863757,0.0,0.0,0.7613636363636364,0.37671205220930376,0.1527912520385752,0.0,0.0,0.6329479768786127,0.42942563430380354,0.16170442871760843,0.0,0.0,0.689763779527559
CollegeMsg,0.1,0.75,0,0.4805924815170458,0.17207462336770404,0.5,0.0,0.7508650519031141,0.3546176478698299,0.15143805425024667,0.0,0.0,0.6271676300578035,0.40411230446313223,0.16067820624520232,0.0,0.0,0.6834645669291338
CollegeMsg,0.1,0.75,0.1,0.48183352007048635,0.16779323337724752,0.0,0.0,0.7588652482269503,0.3550968190185341,0.15016082731303396,0.0,0.0,0.6184971098265896,0.4048998235479018,0.15904016073940633,0.0,0.0,0.6740157480314961
CollegeMsg,0.1,0.75,0.25,0.48871076472634745,0.16640132665894178,0.5,0.0,0.75177304964539,0.3604636990623322,0.15026033989851564,0.0,0.0,0.6213872832369942,0.41084798248628535,0.15857682904486825,0.0,0.0,0.6771653543307086
CollegeMsg,0.1,0.75,0.5,0.49208003686644625,0.1725051608917798,0.0,0.0,0.7647058823529411,0.36349834954130633,0.15081519129867144,0.0,0.0,0.638728323699422,0.41446258403560987,0.16031294823260026,0.0,0.0,0.6960629921259843
CollegeMsg,0.1,0.75,0.75,0.4960201423316025,0.17472344088838626,0.0,0.0,0.7536231884057971,0.3669001249170061,0.15242183994355876,0.0,0.0,0.6184971098265896,0.4181110660167112,0.16175680925703217,0.0,0.0,0.6740157480314961
CollegeMsg,0.1,0.75,1.0,0.4981083596271808,0.17013850065340919,0.0,0.0,0.7681660899653979,0.3671732109658649,0.15181400433966438,0.0,0.0,0.6416184971098265,0.4184930230980133,0.16033820098710294,0.0,0.0,0.6992125984251968
CollegeMsg,0.1,0.75,2.0,0.5020260106545449,0.1781423501830523,0.0,0.0,0.7741935483870968,0.3730033147435185,0.15501974285685508,0.0,0.0,0.638728323699422,0.42475330178211335,0.16499391569951471,0.0,0.0,0.6960629921259843
CollegeMsg,0.1,0.75,3.0,0.5108725709810055,0.17182547227715794,0.0,0.0,0.7820069204152249,0.3776575700246435,0.15516747215362328,0.0,0.0,0.653179190751445,0.4302376792771877,0.16399150002917276,0.0,0.0,0.7118110236220472
CollegeMsg,0.1,0.75,5.0,0.5131997095439876,0.1695421633762367,0.0,0.0,0.7651515151515151,0.3783704476471179,0.1529092271049862,0.0,0.0,0.630057803468208,0.4312582210284454,0.1613030424174286,0.0,0.0,0.6866141732283465
CollegeMsg,0.1,1.0,0,0.4865446689583331,0.16819012765265492,0.0,0.0,0.7659574468085106,0.3587558400254544,0.14863094068730703,0.0,0.0,0.615606936416185,0.409019608797296,0.1573161580036761,0.0,0.0,0.6708661417322834
CollegeMsg,0.1,1.0,0.1,0.4872124933390712,0.16952567111558073,0.0,0.0,0.7574750830564784,0.36042448181469283,0.14942870039005293,0.0,0.0,0.6184971098265896,0.4109176404345976,0.15855009674276954,0.0,0.0,0.6740157480314961
CollegeMsg,0.1,1.0,0.25,0.4936975580164484,0.17212535224848183,0.0,0.0,0.7508305647840532,0.36333048522347855,0.1527104263009748,0.0,0.0,0.6242774566473989,0.4142962125633367,0.16233392017613948,0.0,0.0,0.6803149606299213
CollegeMsg,0.1,1.0,0.5,0.4995490247952982,0.163208783375982,0.5,0.0,0.7681660899653979,0.3666656956143379,0.14905748750483042,0.0,0.0,0.6416184971098265,0.41841055548832234,0.15708744444119518,0.0,0.0,0.6992125984251968
CollegeMsg,0.1,1.0,0.75,0.5022373384742346,0.16691111139108192,0.5,0.0,0.7612456747404844,0.3692741705161542,0.1510116862006744,0.0,0.0,0.6358381502890174,0.42106823005932215,0.15893299014682638,0.0,0.0,0.6929133858267716
CollegeMsg,0.1,1.0,1.0,0.5004756469667884,0.1668701020803278,0.0,0.0,0.7689393939393939,0.36913497049475436,0.15029201028297764,0.0,0.0,0.6357466063348416,0.42093091054737763,0.1589691140893103,0.0,0.0,0.6834645669291338
CollegeMsg,0.1,1.0,2.0,0.5128106008851083,0.17181921695250188,0.0,0.0,0.7750865051903114,0.37959959794111603,0.1528426231437983,0.0,0.0,0.6473988439306358,0.43263747012305204,0.1619542199025182,0.0,0.0,0.705511811023622
CollegeMsg,0.1,1.0,3.0,0.5077074751912599,0.17430693396863953,0.5,0.0,0.7647058823529411,0.3769897167366516,0.15441812976472027,0.0,0.0,0.638728323699422,0.42927566068177053,0.16363969350958538,0.0,0.0,0.6960629921259843
CollegeMsg,0.1,1.0,5.0,0.5116726338072938,0.17331403303341084,0.0,0.0,0.7727272727272727,0.3787204737069527,0.15496841879109938,0.0,0.0,0.6445086705202312,0.4314381748384556,0.1642944033050117,0.0,0.0,0.7023622047244095
CollegeMsg,0.1,2.0,0,0.4949226163574673,0.16482161068422066,0.0,0.0,0.7750865051903114,0.36483168815683015,0.15008536950674917,0.0,0.0,0.6473988439306358,0.41589730180780954,0.1580561025609532,0.0,0.0,0.705511811023622
CollegeMsg,0.1,2.0,0.1,0.49487115193756726,0.16546702353322074,0.0,0.0,0.7549668874172185,0.3657643890595598,0.1482665486580369,0.0,0.0,0.6271676300578035,0.4169918345782345,0.15626254019126917,0.0,0.0,0.6834645669291338
CollegeMsg,0.1,2.0,0.25,0.49745562756807366,0.1690620769802622,0.0,0.0,0.7577854671280276,0.36718172841285085,0.1501615824597745,0.0,0.0,0.6329479768786127,0.4187026525089233,0.15875299913466592,0.0,0.0,0.689763779527559
CollegeMsg,0.1,2.0,0.5,0.4993455931959883,0.1721022223535848,0.0,0.0,0.7641196013289037,0.36977017884062474,0.15291046906342645,0.0,0.0,0.6358381502890174,0.4212857055169797,0.16185730873446122,0.0,0.0,0.6929133858267716
CollegeMsg,0.1,2.0,0.75,0.5009487617912964,0.1734079820691242,0.0,0.0,0.7750865051903114,0.3713158998525437,0.15322430311999735,0.0,0.0,0.6473988439306358,0.42310018445088393,0.16253344312447207,0.0,0.0,0.705511811023622
CollegeMsg,0.1,2.0,1.0,0.5070895194145671,0.17122027593866357,0.0,0.0,0.7750865051903114,0.37454453663370657,0.15352549527550802,0.0,0.0,0.6473988439306358,0.4268738333423106,0.16258555828427732,0.0,0.0,0.705511811023622
CollegeMsg,0.1,2.0,2.0,0.5126000715659667,0.1745111394566658,0.0,0.0,0.7765151515151515,0.37928530021818,0.15465612608660978,0.0,0.0,0.6473988439306358,0.4321976274545168,0.16358669305450424,0.0,0.0,0.705511811023622
CollegeMsg,0.1,2.0,3.0,0.5176508610221451,0.1737950215009067,0.0,0.0,0.7916666666666666,0.38177547854248534,0.1560263926394791,0.0,0.0,0.653179190751445,0.43504426989763945,0.16464485806773432,0.0,0.0,0.7118110236220472
CollegeMsg,0.1,2.0,5.0,0.5183262980573241,0.1758267501389863,0.0,0.0,0.7785467128027682,0.3828448290294604,0.15656458394142214,0.0,0.0,0.6502890173410405,0.436305954404081,0.16588472597697376,0.0,0.0,0.7086614173228346
CollegeMsg,0.1,3.0,0,0.4942728226784934,0.16545402378114477,0.0,0.0,0.7641196013289037,0.3645896520474729,0.14744025427366092,0.0,0.0,0.6040462427745664,0.4157900682345002,0.15563652173443593,0.0,0.0,0.6715328467153284
CollegeMsg,0.1,3.0,0.1,0.4967761211666585,0.16634936863657238,0.0,0.0,0.7577854671280276,0.3672127618733132,0.1479850643176416,0.0,0.0,0.6329479768786127,0.41870626994801724,0.1564956682874148,0.0,0.0,0.689763779527559
CollegeMsg,0.1,3.0,0.25,0.49607482114887536,0.16440858274737485,0.0,0.0,0.7541528239202658,0.3649255819826278,0.14842948619112717,0.0,0.0,0.6213872832369942,0.41628022932736974,0.15645453009055676,0.0,0.0,0.6771653543307086
CollegeMsg,0.1,3.0,0.5,0.5030568679850363,0.16699446110600502,0.0,0.0,0.7647058823529411,0.37021854883583416,0.15055762566964964,0.0,0.0,0.638728323699422,0.42227557845416647,0.15887966184228108,0.0,0.0,0.6960629921259843
CollegeMsg,0.1,3.0,0.75,0.5044974273713272,0.16601502330859394,0.0,0.0,0.7588652482269503,0.37185291846317586,0.1502762820945643,0.0,0.0,0.6271676300578035,0.42402789505408744,0.1585005405739131,0.0,0.0,0.6834645669291338
CollegeMsg,0.1,3.0,1.0,0.5062935584067112,0.16391288204165602,0.0,0.0,0.7807308970099668,0.37350790320642874,0.14942819909262336,0.0,0.0,0.6213872832369942,0.4258898722613101,0.1573314547436241,0.0,0.0,0.6861313868613139
CollegeMsg,0.1,3.0,2.0,0.514830733515566,0.1726763088563918,0.0,0.0,0.8260869565217391,0.38102611674269404,0.15380449939324506,0.0,0.0,0.6445086705202312,0.4341897671776749,0.1626939340362114,0.0,0.0,0.7023622047244095
CollegeMsg,0.1,3.0,3.0,0.5185444265321509,0.1742928443426728,0.0,0.0,0.7803030303030303,0.3837372531485498,0.154717084725538,0.0,0.0,0.6445086705202312,0.43739114528901696,0.16377771345348763,0.0,0.0,0.7023622047244095
CollegeMsg,0.1,3.0,5.0,0.5240118581934812,0.16980188212722636,0.0,0.0,0.7803030303030303,0.3866768714879978,0.15379777816904971,0.0,0.0,0.638728323699422,0.4409145992051552,0.1622874626726447,0.0,0.0,0.6960629921259843
CollegeMsg,0.1,5.0,0,0.4461591146534445,0.1529512923408446,0.0,0.0,0.7086092715231788,0.32759412230407486,0.1303739493893267,0.0,0.0,0.5515463917525774,0.3744081884550323,0.139615757794947,0.0,0.0,0.6202898550724637
CollegeMsg,0.1,5.0,0.1,0.45148797041702043,0.15018076110578552,0.0,0.0,0.6956521739130435,0.32959849351785075,0.13129332164923752,0.0,0.0,0.5343283582089552,0.3768863554089033,0.14025313561254482,0.0,0.0,0.5866666666666667
CollegeMsg,0.1,5.0,0.25,0.45137203417785654,0.15437575613676346,0.5,0.0,0.6890243902439024,0.33166467936919847,0.13241252547475676,0.0,0.0,0.5364583333333334,0.3789483478114404,0.14178025898385774,0.0,0.0,0.6014598540145987
CollegeMsg,0.1,5.0,0.5,0.4580247546905391,0.15632284008781813,0.0,0.0,0.71875,0.3372131956508198,0.13465737196511457,0.0,0.0,0.5751445086705202,0.38510453850764476,0.1439478856466161,0.0,0.0,0.626771653543307
CollegeMsg,0.1,5.0,0.75,0.4584957544131736,0.1559252161661935,0.0,0.0,0.6956521739130435,0.33773434790992235,0.13450447613420946,0.0,0.0,0.55,0.3855514867570866,0.14351823929916996,0.0,0.0,0.6043795620437956
CollegeMsg,0.1,5.0,1.0,0.46554971722410865,0.14937418437968425,0.0,0.0,0.7086092715231788,0.3412424776455443,0.1330004996842666,0.0,0.0,0.5515463917525774,0.38988476414802903,0.14090418937302576,0.0,0.0,0.6202898550724637
CollegeMsg,0.1,5.0,2.0,0.47924778595100587,0.1618507397182692,0.0,0.0,0.7419354838709677,0.35313060265240165,0.1393780377729586,0.0,0.0,0.5572916666666666,0.40320128963622415,0.14904766008861506,0.0,0.0,0.6248175182481752
CollegeMsg,0.1,5.0,3.0,0.49439781994523896,0.16067861694287242,0.0,0.0,0.7333333333333333,0.3641100884353244,0.1423835647657378,0.0,0.0,0.5785714285714286,0.4155873140905586,0.1513968786266493,0.0,0.0,0.6330749354005168
CollegeMsg,0.1,5.0,5.0,0.5060908463941756,0.16919945623013538,0.0,0.0,0.7441860465116279,0.37425597816292133,0.1493471781544528,0.0,0.0,0.6127167630057804,0.4266695174906514,0.15847323655409865,0.0,0.0,0.667716535433071
CollegeMsg,0.25,0,0,0.4508752885542701,0.16471974333519943,0.0,0.0,0.7346938775510204,0.3336660008818397,0.14541922497431004,0.0,0.0,0.6037234042553191,0.38007462663384683,0.15469577497418255,0.0,0.0,0.6589259796806967
CollegeMsg,0.25,0,0.1,0.4503934944494118,0.1688146872564509,0.0,0.0,0.7446808510638298,0.331506232422649,0.14697973924956115,0.0,0.0,0.5982658959537572,0.37791192554145814,0.1565243780951973,0.0,0.0,0.6519685039370079
CollegeMsg,0.25,0,0.25,0.45033296268720413,0.1710102686924536,0.0,0.0,0.7275747508305648,0.3342869573090713,0.14775558846708622,0.0,0.0,0.6023809523809524,0.38075250784616116,0.1578226412801617,0.0,0.0,0.6588541666666666
CollegeMsg,0.25,0,0.5,0.4713626917356349,0.16697837776980856,0.0,0.0,0.7346938775510204,0.34634448204707885,0.14748238596711977,0.0,0.0,0.6011560693641619,0.39505273450654455,0.1567899017837131,0.0,0.0,0.6551181102362205
CollegeMsg,0.25,0,0.75,0.47074443265607646,0.17295035790108132,0.0,0.0,0.7308970099667774,0.34905078035678416,0.1514037871641748,0.0,0.0,0.6098265895953757,0.39730559546935745,0.16145311968259146,0.0,0.0,0.6645669291338583
CollegeMsg,0.25,0,1.0,0.4716249150867558,0.17689690225182159,0.0,0.0,0.7462121212121212,0.3498810424083949,0.15136053577133984,0.0,0.0,0.6213872832369942,0.39858955725786616,0.16208455983746908,0.0,0.0,0.6771653543307086
CollegeMsg,0.25,0,2.0,0.4911119959951578,0.17306504074667867,0.0,0.0,0.7541528239202658,0.364865567803873,0.15106354613747244,0.0,0.0,0.6271676300578035,0.41549879914050436,0.16080470768792668,0.0,0.0,0.6834645669291338
CollegeMsg,0.25,0,3.0,0.502415895938065,0.16457539655259937,0.0,0.0,0.7478260869565218,0.369952950057885,0.1505708696717834,0.0,0.0,0.6221719457013575,0.42177161934806956,0.1587078548190704,0.0,0.0,0.6740157480314961
CollegeMsg,0.25,0,5.0,0.5059589541188546,0.16749599295120582,0.0,0.0,0.7575757575757576,0.3744699890144279,0.14898043079925893,0.0,0.0,0.6271676300578035,0.42682067441259697,0.15749684323441235,0.0,0.0,0.6834645669291338
CollegeMsg,0.25,0.1,0,0.4500245753530561,0.16999798990870968,0.0,0.0,0.7375886524822695,0.33314478492866945,0.14759177498097578,0.0,0.0,0.6040462427745664,0.37957951953965136,0.15755031118037036,0.0,0.0,0.6582677165354331
CollegeMsg,0.25,0.1,0.1,0.46058628261434637,0.161735552031178,0.0,0.0,0.7446808510638298,0.3390718157501534,0.14688312184875027,0.0,0.0,0.5982658959537572,0.38640942802817835,0.1550974509318657,0.0,0.0,0.6519685039370079
CollegeMsg,0.25,0.1,0.25,0.45771551908183455,0.17121241419311725,0.0,0.0,0.7375886524822695,0.33860836877820305,0.1502871944218924,0.0,0.0,0.5957446808510638,0.3855655824999352,0.16010851216052982,0.0,0.0,0.6537467700258398
CollegeMsg,0.25,0.1,0.5,0.46796233927113184,0.16976682939164306,0.0,0.0,0.7375886524822695,0.3463553833913287,0.1473877330730129,0.0,0.0,0.6069364161849711,0.39477930752835616,0.15697240441047802,0.0,0.0,0.6614173228346457
CollegeMsg,0.25,0.1,0.75,0.47000445153939147,0.171971043459442,0.0,0.0,0.7375886524822695,0.347269427043139,0.15109407489379958,0.0,0.0,0.615606936416185,0.39553712042255496,0.1605436225571338,0.0,0.0,0.6708661417322834
CollegeMsg,0.25,0.1,1.0,0.4863901218688731,0.16989696696991102,0.0,0.0,0.7594202898550725,0.3590679761577481,0.15075761202271995,0.0,0.0,0.6223021582733813,0.4092280205745896,0.16014602219839413,0.0,0.0,0.6770025839793282
CollegeMsg,0.25,0.1,2.0,0.491923211775528,0.1720271982643378,0.0,0.0,0.7612456747404844,0.3644299232261373,0.15272900573060955,0.0,0.0,0.6358381502890174,0.41503005011753125,0.1623796167803155,0.0,0.0,0.6929133858267716
CollegeMsg,0.25,0.1,3.0,0.5016348070118752,0.17065922192108157,0.0,0.0,0.7647058823529411,0.37137351191948703,0.15073973883783168,0.0,0.0,0.638728323699422,0.4232824338251209,0.15991601334678907,0.0,0.0,0.6960629921259843
CollegeMsg,0.25,0.1,5.0,0.5047680595315797,0.1687393157839393,0.0,0.0,0.7647058823529411,0.3733609013871798,0.15132074988110053,0.0,0.0,0.638728323699422,0.4254108829651189,0.16011812477888268,0.0,0.0,0.6960629921259843
CollegeMsg,0.25,0.25,0,0.45953105932621263,0.16970599407555265,0.0,0.0,0.7387755102040816,0.3407055161602606,0.14807102943525813,0.0,0.0,0.6018099547511312,0.38803911550105336,0.15745057211952843,0.0,0.0,0.6536458333333333
CollegeMsg,0.25,0.25,0.1,0.4581770556778664,0.17507083749076235,0.0,0.0,0.7391304347826086,0.34098120687713124,0.1511366931728727,0.0,0.0,0.6069364161849711,0.38785767609556815,0.16144381339099614,0.0,0.0,0.6614173228346457
CollegeMsg,0.25,0.25,0.25,0.46553297757706236,0.17341766559784735,0.0,0.0,0.7387755102040816,0.3446065310430337,0.1507852763040649,0.0,0.0,0.5976190476190476,0.39250441123645546,0.1610070382317497,0.0,0.0,0.6537467700258398
CollegeMsg,0.25,0.25,0.5,0.47816050428668455,0.16296499196524192,0.0,0.0,0.7408637873754153,0.3514214866880335,0.14560860741410872,0.0,0.0,0.6127167630057804,0.40100188370936596,0.15380031498082863,0.0,0.0,0.667716535433071
CollegeMsg,0.25,0.25,0.75,0.4824299743040787,0.16572924382338686,0.0,0.0,0.75177304964539,0.35681907455850853,0.14621145181326067,0.0,0.0,0.6184971098265896,0.4068459714221918,0.1551595323724617,0.0,0.0,0.6740157480314961
CollegeMsg,0.25,0.25,1.0,0.48742099833101654,0.17062154629326073,0.0,0.0,0.754325259515571,0.36004236474228946,0.15001758978906743,0.0,0.0,0.630057803468208,0.4103112160997731,0.15943471559408437,0.0,0.0,0.6866141732283465
CollegeMsg,0.25,0.25,2.0,0.49733342143233034,0.17278013663193104,0.0,0.0,0.7475083056478405,0.3690437449110085,0.15203649083632775,0.0,0.0,0.6223021582733813,0.42036144711617146,0.16152686737755645,0.0,0.0,0.6740157480314961
CollegeMsg,0.25,0.25,3.0,0.5047065760177476,0.17412693574124874,0.0,0.0,0.7577854671280276,0.37477102293081493,0.1530071975616053,0.0,0.0,0.6329479768786127,0.42680903501952183,0.16267730885868328,0.0,0.0,0.689763779527559
CollegeMsg,0.25,0.25,5.0,0.510127519833265,0.16516054834477556,0.0,0.0,0.7647058823529411,0.37543108164944966,0.14925827212306075,0.0,0.0,0.638728323699422,0.42813431502878363,0.15709927373987978,0.0,0.0,0.6960629921259843
CollegeMsg,0.25,0.5,0,0.4713744359737448,0.17194702468085168,0.0,0.0,0.75177304964539,0.34741960536375266,0.1505153390218753,0.0,0.0,0.6007194244604317,0.3960940398463302,0.16016148420799517,0.0,0.0,0.65625
CollegeMsg,0.25,0.5,0.1,0.47740969595668953,0.16577328020502352,0.0,0.0,0.75,0.3512278991134025,0.14836697766416274,0.0,0.0,0.6131221719457014,0.40041150814550747,0.15664388044128494,0.0,0.0,0.6614173228346457
CollegeMsg,0.25,0.5,0.25,0.47784014131545643,0.16731612543568936,0.0,0.0,0.7420289855072464,0.35302452467452783,0.14990106213514365,0.0,0.0,0.6127167630057804,0.40225008628250586,0.15880351941278473,0.0,0.0,0.667716535433071
CollegeMsg,0.25,0.5,0.5,0.484986969711988,0.1627638857800874,0.0,0.0,0.7439446366782007,0.35544327255351527,0.14859052906673545,0.0,0.0,0.6213872832369942,0.4056827186877522,0.15653426247372762,0.0,0.0,0.6771653543307086
CollegeMsg,0.25,0.5,0.75,0.4867189456482769,0.17319902312175395,0.0,0.0,0.7647058823529411,0.35852282004087715,0.15340074224513997,0.0,0.0,0.638728323699422,0.4088439526463643,0.16286213064071273,0.0,0.0,0.6960629921259843
CollegeMsg,0.25,0.5,1.0,0.4855493826216853,0.18252366594932898,0.0,0.0,0.7508650519031141,0.36109546664235553,0.15723639890781468,0.0,0.0,0.6271676300578035,0.41104348669467855,0.16825737403748045,0.0,0.0,0.6834645669291338
CollegeMsg,0.25,0.5,2.0,0.5045871376957143,0.1702122474673665,0.0,0.0,0.7785467128027682,0.37222867778764235,0.15189733600524163,0.0,0.0,0.6502890173410405,0.4243508893066406,0.16046718620354083,0.0,0.0,0.7086614173228346
CollegeMsg,0.25,0.5,3.0,0.5135426561301045,0.16477571377527087,0.0,0.0,0.7613636363636364,0.37708230317946756,0.15083192439089121,0.0,0.0,0.6358381502890174,0.43023790712947674,0.1587320695867606,0.0,0.0,0.6929133858267716
CollegeMsg,0.25,0.5,5.0,0.5109111253980172,0.16829630569267012,0.0,0.0,0.7613636363636364,0.3775838011541866,0.15228295944084605,0.0,0.0,0.6358381502890174,0.4302827804247421,0.16066812064971814,0.0,0.0,0.6929133858267716
CollegeMsg,0.25,0.75,0,0.4785831916651886,0.1720825067954089,0.0,0.0,0.746938775510204,0.35420515040735634,0.15103747356179661,0.0,0.0,0.6184971098265896,0.40355240540179993,0.16108265314577963,0.0,0.0,0.6740157480314961
CollegeMsg,0.25,0.75,0.1,0.47862227994040696,0.16775897775149642,0.0,0.0,0.75177304964539,0.3526905443069817,0.1497739021974364,0.0,0.0,0.6213872832369942,0.40211034378202026,0.1586164592152389,0.0,0.0,0.6771653543307086
CollegeMsg,0.25,0.75,0.25,0.4795582188176856,0.168533065850837,0.0,0.0,0.744927536231884,0.354640843984441,0.14971735826255167,0.0,0.0,0.6213872832369942,0.40399741312944976,0.15865945315992333,0.0,0.0,0.6771653543307086
CollegeMsg,0.25,0.75,0.5,0.4956140884775854,0.16888206838990255,0.5,0.0,0.7647058823529411,0.3646140938440433,0.1513522733112759,0.0,0.0,0.638728323699422,0.4157873183776195,0.160113878320421,0.0,0.0,0.6960629921259843
CollegeMsg,0.25,0.75,0.75,0.4916880036789384,0.17324581783202286,0.0,0.0,0.7641196013289037,0.3631518148557876,0.1519747810794079,0.0,0.0,0.6184971098265896,0.41393347201680875,0.16158324390441164,0.0,0.0,0.6744186046511628
CollegeMsg,0.25,0.75,1.0,0.4989309090200081,0.16888654809105297,0.0,0.0,0.7612456747404844,0.36804388669110033,0.15103892592483556,0.0,0.0,0.6358381502890174,0.4196671023971603,0.15992904230047394,0.0,0.0,0.6929133858267716
CollegeMsg,0.25,0.75,2.0,0.5092519974620607,0.17471289352477312,0.0,0.0,0.7682926829268293,0.37716274632220403,0.15626250886781481,0.0,0.0,0.638728323699422,0.42948649064235084,0.16549287865463674,0.0,0.0,0.6960629921259843
CollegeMsg,0.25,0.75,3.0,0.5076259556830485,0.17480737163041674,0.0,0.0,0.7575757575757576,0.37601449989991786,0.15407873432600083,0.0,0.0,0.6380090497737556,0.42835610333886376,0.16387960445390487,0.0,0.0,0.6866141732283465
CollegeMsg,0.25,0.75,5.0,0.5152161436119184,0.16839911776906014,0.0,0.0,0.7647058823529411,0.38012412654508637,0.15197170122480574,0.0,0.0,0.638728323699422,0.43339412570426666,0.16035079769572838,0.0,0.0,0.6960629921259843
CollegeMsg,0.25,1.0,0,0.48310107624845083,0.17167407224400502,0.5,0.0,0.7575757575757576,0.3555139605396,0.15364247148694068,0.0,0.0,0.6184971098265896,0.4052548019559333,0.16307529319808664,0.0,0.0,0.6740157480314961
CollegeMsg,0.25,1.0,0.1,0.48991277158634217,0.16230090633359595,0.5,0.0,0.7574750830564784,0.3596049476916109,0.14770082871658946,0.0,0.0,0.615606936416185,0.410317841263417,0.15556769471076354,0.0,0.0,0.6708661417322834
CollegeMsg,0.25,1.0,0.25,0.4887062732231982,0.16880430493877727,0.0,0.0,0.7508650519031141,0.36194794666198316,0.15027034108760937,0.0,0.0,0.6271676300578035,0.4124409053806113,0.15920843096868975,0.0,0.0,0.6834645669291338
CollegeMsg,0.25,1.0,0.5,0.4948414464836381,0.17226623219798945,0.0,0.0,0.7659574468085106,0.3653404959180147,0.15102313348118154,0.0,0.0,0.6329479768786127,0.4166096912441503,0.16016943943626727,0.0,0.0,0.689763779527559
CollegeMsg,0.25,1.0,0.75,0.5003027226778469,0.17214268960726398,0.0,0.0,0.7727272727272727,0.3705979228645995,0.15207795259920043,0.0,0.0,0.6329479768786127,0.42239445691143135,0.16115810981932438,0.0,0.0,0.689763779527559
CollegeMsg,0.25,1.0,1.0,0.5046086036944155,0.16518699260392603,0.0,0.0,0.7659574468085106,0.3710424465846307,0.15174573714305165,0.0,0.0,0.6271676300578035,0.4231169526876737,0.1596928032434047,0.0,0.0,0.6834645669291338
CollegeMsg,0.25,1.0,2.0,0.5102074057054681,0.16927168263098258,0.0,0.0,0.7785467128027682,0.3761733354633178,0.15233012856243155,0.0,0.0,0.6502890173410405,0.42894474593540527,0.16092333662210653,0.0,0.0,0.7086614173228346
CollegeMsg,0.25,1.0,3.0,0.508449582735157,0.1757010436588411,0.0,0.0,0.7765151515151515,0.3772277149137375,0.15469109472695933,0.0,0.0,0.6358381502890174,0.42967152742457987,0.16416278146257604,0.0,0.0,0.6929133858267716
CollegeMsg,0.25,1.0,5.0,0.5164258104358118,0.16844504585125272,0.0,0.0,0.7612456747404844,0.38067395109463653,0.15228768281323204,0.0,0.0,0.6358381502890174,0.43395898696149227,0.16046058561092427,0.0,0.0,0.6929133858267716
CollegeMsg,0.25,2.0,0,0.4971538679084989,0.16400220817647673,0.0,0.0,0.7641196013289037,0.36583960819718364,0.14828817592157467,0.0,0.0,0.6271676300578035,0.4173598916176533,0.15632878327098015,0.0,0.0,0.6834645669291338
CollegeMsg,0.25,2.0,0.1,0.4990336480497939,0.16875294236363172,0.0,0.0,0.7575757575757576,0.36737671829278207,0.1497521994342244,0.0,0.0,0.6127167630057804,0.4190785444518932,0.15843001524401135,0.0,0.0,0.6692506459948321
CollegeMsg,0.25,2.0,0.25,0.5008274766250027,0.16528253693356587,0.5,0.0,0.7681660899653979,0.3706813622615692,0.149424013214565,0.0,0.0,0.6416184971098265,0.4224329316301269,0.15713861137861565,0.0,0.0,0.6992125984251968
CollegeMsg,0.25,2.0,0.5,0.5097854557751453,0.16815404058074335,0.0,0.0,1.0,0.3751853445477471,0.14890274085561644,0.0,0.0,0.615606936416185,0.4283307002589292,0.15729001422975278,0.0,0.0,0.6718346253229974
CollegeMsg,0.25,2.0,0.75,0.5150171368405104,0.17230324824751386,0.5,0.0,1.0,0.37931323456758637,0.15096324895547897,0.0,0.0,0.630057803468208,0.4329818606401839,0.1598211074595994,0.0,0.0,0.6866141732283465
CollegeMsg,0.25,2.0,1.0,0.5059462773180137,0.17042696447748565,0.0,0.0,0.7820069204152249,0.3746621987259217,0.15269803802561674,0.0,0.0,0.653179190751445,0.4268806657038,0.16129399789183557,0.0,0.0,0.7118110236220472
CollegeMsg,0.25,2.0,2.0,0.5243870621423925,0.16910339013238043,0.0,0.0,0.7916666666666666,0.38649995979789864,0.15344280207183914,0.0,0.0,0.6416184971098265,0.44075075600567026,0.1616367062209547,0.0,0.0,0.6992125984251968
CollegeMsg,0.25,2.0,3.0,0.520573497066371,0.17514438643631466,0.0,0.0,0.7765151515151515,0.38536966530795347,0.15566310665389277,0.0,0.0,0.6473988439306358,0.43916244100747054,0.16462356543025725,0.0,0.0,0.705511811023622
CollegeMsg,0.25,2.0,5.0,0.5222100041593079,0.1713931420576315,0.0,0.0,0.7854671280276817,0.38590917923582724,0.15503009310825708,0.0,0.0,0.6560693641618497,0.43983220931528677,0.1637486812294669,0.0,0.0,0.7149606299212599
CollegeMsg,0.25,3.0,0,0.5011605632340477,0.16812866932248505,0.0,0.0,0.7641196013289037,0.36872553116339635,0.15179514444056447,0.0,0.0,0.6242774566473989,0.42049173041108256,0.1606474350935245,0.0,0.0,0.6803149606299213
CollegeMsg,0.25,3.0,0.1,0.49841346333840253,0.17246758194256515,0.0,0.0,0.7549668874172185,0.3691992465511828,0.15200744631760787,0.0,0.0,0.630057803468208,0.4206583609384474,0.1609027137535711,0.0,0.0,0.6866141732283465
CollegeMsg,0.25,3.0,0.25,0.506388826595735,0.16377080486477613,0.0,0.0,0.7612456747404844,0.37329682586808627,0.1503469140540961,0.0,0.0,0.6358381502890174,0.4256923086891874,0.15805361312414642,0.0,0.0,0.6929133858267716
CollegeMsg,0.25,3.0,0.5,0.508634722430408,0.16991626315347333,0.0,0.0,0.7727272727272727,0.37618336964872984,0.1530841266281071,0.0,0.0,0.6329479768786127,0.42881634710903266,0.1614079149311068,0.0,0.0,0.689763779527559
CollegeMsg,0.25,3.0,0.75,0.5077671256601859,0.17517315493998467,0.0,0.0,0.7651515151515151,0.3758764443478296,0.15446329142367637,0.0,0.0,0.6271676300578035,0.4283611622785713,0.1640130460986259,0.0,0.0,0.6834645669291338
CollegeMsg,0.25,3.0,1.0,0.5146398937961391,0.17140807615335302,0.0,0.0,0.7765151515151515,0.37909297504752826,0.15318350624703833,0.0,0.0,0.6329479768786127,0.432475986205943,0.16204925151799424,0.0,0.0,0.689763779527559
CollegeMsg,0.25,3.0,2.0,0.5205604174910935,0.17535242554387162,0.0,0.0,0.7803030303030303,0.3850574195040307,0.15594543500144556,0.0,0.0,0.6502890173410405,0.43884087365771113,0.16496209067952514,0.0,0.0,0.7086614173228346
CollegeMsg,0.25,3.0,3.0,0.5288974385253555,0.17133726451689701,0.0,0.0,0.7878787878787878,0.3909007758493694,0.15503770003175424,0.0,0.0,0.6447963800904978,0.44559653697644236,0.1630282719146589,0.0,0.0,0.6921797004991681
CollegeMsg,0.25,3.0,5.0,0.5255219056172233,0.17201355096320808,0.0,0.0,0.803030303030303,0.3879861120686238,0.15467340474328636,0.0,0.0,0.6473988439306358,0.44238530496440065,0.163593630587025,0.0,0.0,0.705511811023622
CollegeMsg,0.25,5.0,0,0.4924706719338945,0.16645199827638718,0.0,0.0,0.774390243902439,0.3625487378852653,0.1480824209735167,0.0,0.0,0.6445086705202312,0.41373278855782225,0.15702146764603986,0.0,0.0,0.7023622047244095
CollegeMsg,0.25,5.0,0.1,0.49498367149843814,0.16620818710654806,0.0,0.0,0.7682119205298014,0.36534496689073936,0.1477584069122218,0.0,0.0,0.6127167630057804,0.41667619365396663,0.15619783112086652,0.0,0.0,0.6724637681159421
CollegeMsg,0.25,5.0,0.25,0.49594894381283144,0.16682000695581187,0.0,0.0,0.7748344370860927,0.36605864728283527,0.14740266673194974,0.0,0.0,0.6242774566473989,0.41760190884175546,0.15631720982708006,0.0,0.0,0.6803149606299213
CollegeMsg,0.25,5.0,0.5,0.502602257209193,0.17058486552145613,0.0,0.0,0.7574750830564784,0.3708821445802335,0.1496601741437849,0.0,0.0,0.6242774566473989,0.4230435487235633,0.15886940953772777,0.0,0.0,0.6803149606299213
CollegeMsg,0.25,5.0,0.75,0.507373782894231,0.16643327979609834,0.0,0.0,0.770764119601329,0.373720134765505,0.14733356782916404,0.0,0.0,0.6329479768786127,0.4265208638291505,0.15568212592028613,0.0,0.0,0.689763779527559
CollegeMsg,0.25,5.0,1.0,0.5073149355441632,0.16799645882475855,0.0,0.0,0.7612456747404844,0.3746433729054512,0.1495437057121927,0.0,0.0,0.6358381502890174,0.427272541018295,0.15801502352176977,0.0,0.0,0.6929133858267716
CollegeMsg,0.25,5.0,2.0,0.5189073192684699,0.16504736766765002,0.0,0.0,0.7785467128027682,0.3827755905026327,0.1513902507063452,0.0,0.0,0.6502890173410405,0.4365316700432634,0.15944892855928386,0.0,0.0,0.7086614173228346
CollegeMsg,0.25,5.0,3.0,0.5231986683009612,0.17050849127033407,0.0,0.0,0.7889273356401384,0.38519776539704165,0.15312978740334407,0.0,0.0,0.6589595375722543,0.4394371707256997,0.1617384378519346,0.0,0.0,0.7181102362204725
CollegeMsg,0.25,5.0,5.0,0.531390880216485,0.16904276650611802,0.0,0.0,0.7916666666666666,0.3921026834539263,0.15382794849848958,0.0,0.0,0.6589595375722543,0.4471595653542826,0.16203476019259014,0.0,0.0,0.7181102362204725
CollegeMsg,0.5,0,0,0.4247661288987848,0.16318430921854615,0.0,0.0,0.710204081632653,0.3144138740278979,0.1409905138382939,0.0,0.0,0.5880952380952381,0.35821804618670533,0.15098811944702506,0.0,0.0,0.6432291666666666
CollegeMsg,0.5,0,0.1,0.4263446452333156,0.1638560934710459,0.5,0.0,0.723404255319149,0.31486897681508846,0.14396577144155367,0.0,0.0,0.580952380952381,0.358617590171362,0.15316218879657192,0.0,0.0,0.6354166666666667
CollegeMsg,0.5,0,0.25,0.43528377886143677,0.16715897192811388,0.0,0.0,1.0,0.3217920445317061,0.14122176793091917,0.0,0.0,0.5895953757225434,0.36699253267179655,0.1515676268345376,0.0,0.0,0.6666666666666666
CollegeMsg,0.5,0,0.5,0.44864745163558534,0.16802209949497457,0.0,0.0,0.7142857142857143,0.33251067953152447,0.14645743192312138,0.0,0.0,0.5904255319148937,0.3786005902180842,0.15644939821289292,0.0,0.0,0.6444121915820029
CollegeMsg,0.5,0,0.75,0.4527117190714778,0.16329085979933494,0.0,0.0,0.7142857142857143,0.3354795085333723,0.1443182924868371,0.0,0.0,0.5995475113122172,0.38204538578059294,0.15334676243865686,0.0,0.0,0.6408706166868198
CollegeMsg,0.5,0,1.0,0.46094039547624166,0.1634137511920634,0.0,0.0,0.7246376811594203,0.34086547164027153,0.1446173636380729,0.0,0.0,0.6011560693641619,0.38836557037470504,0.15374885716108122,0.0,0.0,0.6551181102362205
CollegeMsg,0.5,0,2.0,0.48864001921643846,0.16515481265317716,0.0,0.0,0.7419354838709677,0.3610511748899254,0.14787784786988606,0.0,0.0,0.6187050359712231,0.41151851791851357,0.15652455501297247,0.0,0.0,0.6740157480314961
CollegeMsg,0.5,0,3.0,0.495181639705467,0.16412366887298022,0.0,0.0,0.740484429065744,0.3675038442619585,0.14660017663766647,0.0,0.0,0.6184971098265896,0.41862446476465603,0.1549953844434153,0.0,0.0,0.6740157480314961
CollegeMsg,0.5,0,5.0,0.5026659540934277,0.16611633366596262,0.0,0.0,0.740484429065744,0.37171278219803494,0.15068288324975931,0.0,0.0,0.6221719457013575,0.42344797593378813,0.15878135615143937,0.0,0.0,0.6740157480314961
CollegeMsg,0.5,0.1,0,0.42901892291224103,0.16594708966573768,0.0,0.0,0.726530612244898,0.31858165567829416,0.14677206817805127,0.0,0.0,0.5880952380952381,0.36230987097707823,0.15629012787876453,0.0,0.0,0.6432291666666666
CollegeMsg,0.5,0.1,0.1,0.43596827055053705,0.1593320717781476,0.0,0.0,0.7183673469387755,0.3221768394005514,0.1403820946425206,0.0,0.0,0.5928571428571429,0.36723853007163015,0.14909221196880057,0.0,0.0,0.6484375
CollegeMsg,0.5,0.1,0.25,0.4391123947085091,0.1722527377419569,0.0,0.0,0.726530612244898,0.3258199522097285,0.1483085951314295,0.0,0.0,0.5877659574468085,0.3709719785636424,0.15902449368922583,0.0,0.0,0.6415094339622642
CollegeMsg,0.5,0.1,0.5,0.4574053573266495,0.1644362829773711,0.0,0.0,0.7298850574712644,0.33911311145105744,0.1427073638485572,0.0,0.0,0.6047619047619047,0.3864653267388783,0.15219729010486713,0.0,0.0,0.6614583333333334
CollegeMsg,0.5,0.1,0.75,0.4589053895434003,0.17427162709286723,0.0,0.0,0.7304964539007093,0.3415665329519749,0.14986932148197793,0.0,0.0,0.6023809523809524,0.3887376871412743,0.16053255597864619,0.0,0.0,0.6588541666666666
CollegeMsg,0.5,0.1,1.0,0.47007474280136474,0.17298574261656002,0.0,0.0,0.7370242214532872,0.3484191656586732,0.15278159400193997,0.0,0.0,0.615606936416185,0.39659115573770387,0.16249495498017624,0.0,0.0,0.6708661417322834
CollegeMsg,0.5,0.1,2.0,0.4882459612444874,0.16484711953090053,0.0,0.0,0.740484429065744,0.36099626505114724,0.1490716055026566,0.0,0.0,0.6184971098265896,0.4113786748162266,0.15774923734286964,0.0,0.0,0.6740157480314961
CollegeMsg,0.5,0.1,3.0,0.49487970025504846,0.1701573099669788,0.0,0.0,0.7508305647840532,0.366428724718105,0.15137565174304643,0.0,0.0,0.6221719457013575,0.4174441780183347,0.16065469555633738,0.0,0.0,0.6708661417322834
CollegeMsg,0.5,0.1,5.0,0.5036628280801071,0.1647859144410445,0.0,0.0,0.7462121212121212,0.37194788973321574,0.14939913163943364,0.0,0.0,0.615606936416185,0.42395986290846166,0.15747461384221287,0.0,0.0,0.6708661417322834
CollegeMsg,0.5,0.25,0,0.44480229447836006,0.1681402526396256,0.0,0.0,1.0,0.3277604399383085,0.1417741888668967,0.0,0.0,0.6047619047619047,0.373959878975873,0.15159031997821557,0.0,0.0,0.6666666666666666
CollegeMsg,0.5,0.25,0.1,0.4409627723781746,0.16746601180815138,0.0,0.0,0.7346938775510204,0.32582737097568953,0.14707779815108873,0.0,0.0,0.5877659574468085,0.37107808270996984,0.1565475921869448,0.0,0.0,0.6415094339622642
CollegeMsg,0.5,0.25,0.25,0.4449962522313829,0.16849999344422623,0.0,0.0,0.7387755102040816,0.3295617862257502,0.14511661309879087,0.0,0.0,0.5950226244343891,0.3754722943591039,0.15522692925750417,0.0,0.0,0.6458333333333334
CollegeMsg,0.5,0.25,0.5,0.4670514093701505,0.16681987588535668,0.0,0.0,1.0,0.34111579049874524,0.14344582760004787,0.0,0.0,0.6040462427745664,0.38947277003597264,0.1515605238977061,0.0,0.0,0.6582677165354331
CollegeMsg,0.5,0.25,0.75,0.46745339546246584,0.168865373162861,0.0,0.0,0.7298850574712644,0.3466306786259031,0.14765746523099452,0.0,0.0,0.6069364161849711,0.3947881576808709,0.1568461592978809,0.0,0.0,0.6614583333333334
CollegeMsg,0.5,0.25,1.0,0.47725739203334494,0.16253095895576794,0.0,0.0,0.7475083056478405,0.35066907807953007,0.14576336467069628,0.0,0.0,0.6176470588235294,0.39990618910530373,0.15374641524421467,0.0,0.0,0.6614173228346457
CollegeMsg,0.5,0.25,2.0,0.49519644799325085,0.15666378476040976,0.5,0.0,0.7370242214532872,0.36379865863063404,0.14688383342546393,0.0,0.0,0.6221719457013575,0.41489890869478036,0.15359345467120603,0.0,0.0,0.6708661417322834
CollegeMsg,0.5,0.25,3.0,0.5008165697140207,0.16442648538599625,0.0,0.0,0.7508650519031141,0.3677061931346349,0.1498195303334391,0.0,0.0,0.6271676300578035,0.41945872016217883,0.15738979188967417,0.0,0.0,0.6834645669291338
CollegeMsg,0.5,0.25,5.0,0.49744505250150256,0.16689985124710507,0.0,0.0,0.75,0.3681873378234631,0.15047851431327813,0.0,0.0,0.6242774566473989,0.41942252365537885,0.1590259693974375,0.0,0.0,0.6803149606299213
CollegeMsg,0.5,0.5,0,0.4541675766712821,0.16467336910809446,0.0,0.0,0.7428571428571429,0.33527756501584255,0.14571790108321586,0.0,0.0,0.601063829787234,0.38199360281104955,0.15488671430452905,0.0,0.0,0.6560232220609579
CollegeMsg,0.5,0.5,0.1,0.45824380298631995,0.16241485300444128,0.0,0.0,0.7346938775510204,0.339053124252713,0.14360109377423455,0.0,0.0,0.5924855491329479,0.38620163399559715,0.1523955565631491,0.0,0.0,0.6456692913385826
CollegeMsg,0.5,0.5,0.25,0.46798502099230893,0.16184277847778725,0.0,0.0,0.7446808510638298,0.34378935595751564,0.14585254431224262,0.0,0.0,0.6040462427745664,0.39187044650255054,0.15375381964421506,0.0,0.0,0.6582677165354331
CollegeMsg,0.5,0.5,0.5,0.4769996938111367,0.16743332870310784,0.0,0.0,0.7375415282392026,0.3526082801065957,0.14918126870534199,0.0,0.0,0.6098265895953757,0.4017987112326165,0.15825696695247846,0.0,0.0,0.6645669291338583
CollegeMsg,0.5,0.5,0.75,0.4713019284321669,0.17347378804079416,0.0,0.0,0.7474048442906575,0.3498645277759856,0.15082515316704967,0.0,0.0,0.6242774566473989,0.3984563003210957,0.1608631125313181,0.0,0.0,0.6803149606299213
CollegeMsg,0.5,0.5,1.0,0.4872395604301901,0.16364643877451387,0.0,0.0,0.7428571428571429,0.3588193046200247,0.14613198262686386,0.0,0.0,0.6199095022624435,0.4092926308874574,0.15417213581283118,0.0,0.0,0.6645669291338583
CollegeMsg,0.5,0.5,2.0,0.49694973201462905,0.17206877821162989,0.0,0.0,1.0,0.3682236522249688,0.1497180391184491,0.0,0.0,0.6223021582733813,0.41967645696566436,0.15909825623742227,0.0,0.0,0.667716535433071
CollegeMsg,0.5,0.5,3.0,0.5059543232067443,0.1632378260543397,0.5,0.0,0.7424242424242424,0.37288290146702746,0.14777637851898165,0.0,0.0,0.6176470588235294,0.42529534133933755,0.15574580420395914,0.0,0.0,0.6708661417322834
CollegeMsg,0.5,0.5,5.0,0.5053438962250125,0.16517086472962322,0.0,0.0,0.7474048442906575,0.3738752918037216,0.1510257458740356,0.0,0.0,0.6242774566473989,0.42598235083915026,0.15905345406795082,0.0,0.0,0.6803149606299213
CollegeMsg,0.5,0.75,0,0.4634544614236043,0.16272176629464438,0.0,0.0,0.7446808510638298,0.34181742798682757,0.1460023682956869,0.0,0.0,0.6011560693641619,0.38964756769133185,0.15466279089973237,0.0,0.0,0.65625
CollegeMsg,0.5,0.75,0.1,0.4641303268362136,0.16296934024669357,0.5,0.0,0.7428571428571429,0.34152120225138505,0.14445384764567065,0.0,0.0,0.6098265895953757,0.3895418417142264,0.15282030226006352,0.0,0.0,0.6645669291338583
CollegeMsg,0.5,0.75,0.25,0.4660449883278866,0.17051969297726885,0.0,0.0,0.7439446366782007,0.34421600592684976,0.14969683362339245,0.0,0.0,0.6213872832369942,0.3922441531428635,0.15920567326593738,0.0,0.0,0.6771653543307086
CollegeMsg,0.5,0.75,0.5,0.4751967723711279,0.17263520393686804,0.0,0.0,0.7387755102040816,0.35144670165880904,0.14849062825039705,0.0,0.0,0.6040462427745664,0.40057463566809287,0.15846573145687246,0.0,0.0,0.6582677165354331
CollegeMsg,0.5,0.75,0.75,0.4914556599045089,0.17078611871299837,0.0,0.0,1.0,0.3607936924501655,0.1470868860696527,0.0,0.0,0.6127167630057804,0.411994485705879,0.15652465384777603,0.0,0.0,0.675540765391015
CollegeMsg,0.5,0.75,1.0,0.4911208292194472,0.16348818278129476,0.5,0.0,0.7577854671280276,0.3637850659067533,0.14862445373486155,0.0,0.0,0.6329479768786127,0.41439006308092746,0.1569667385513901,0.0,0.0,0.689763779527559
CollegeMsg,0.5,0.75,2.0,0.5025155983849862,0.17044645360561772,0.0,0.0,0.7727272727272727,0.37110762888585214,0.1528081300440274,0.0,0.0,0.638728323699422,0.42296996734540243,0.1617154502325443,0.0,0.0,0.6960629921259843
CollegeMsg,0.5,0.75,3.0,0.5115885724740032,0.17008778463671972,0.5,0.0,1.0,0.37680330380134447,0.1507500411354415,0.0,0.0,0.6329479768786127,0.4298890383983009,0.1596543002367403,0.0,0.0,0.689763779527559
CollegeMsg,0.5,0.75,5.0,0.5117305860754292,0.1593032533074771,0.0,0.0,0.7613636363636364,0.3769965964840077,0.14738384767177912,0.0,0.0,0.630057803468208,0.43007638305365686,0.15467351286963005,0.0,0.0,0.6866141732283465
CollegeMsg,0.5,1.0,0,0.47176338084486247,0.16767774785509132,0.0,0.0,0.7378048780487805,0.34984846427008026,0.1465768121810458,0.0,0.0,0.6127167630057804,0.39861587032526546,0.15565302875025977,0.0,0.0,0.667716535433071
CollegeMsg,0.5,1.0,0.1,0.4722842024828552,0.17048278172739093,0.0,0.0,0.7424242424242424,0.3491790619779071,0.1489476472811264,0.0,0.0,0.6098265895953757,0.39802104031579405,0.15867136765750336,0.0,0.0,0.6645669291338583
CollegeMsg,0.5,1.0,0.25,0.4723289165439506,0.17517411856274714,0.0,0.0,0.7510204081632653,0.35131111281193855,0.15409237777150056,0.0,0.0,0.6176470588235294,0.3997026482633771,0.16408711413730973,0.0,0.0,0.667716535433071
CollegeMsg,0.5,1.0,0.5,0.48191920181839976,0.16758954886972102,0.0,0.0,0.7575757575757576,0.35807334090478793,0.15019557106444967,0.0,0.0,0.6176470588235294,0.4075432959063256,0.15890704462571087,0.0,0.0,0.6655574043261231
CollegeMsg,0.5,1.0,0.75,0.4885704493146542,0.17673721773482706,0.0,0.0,0.7575757575757576,0.3621034743394443,0.1532307091384744,0.0,0.0,0.6184971098265896,0.4125967329933822,0.16354471768522585,0.0,0.0,0.6740157480314961
CollegeMsg,0.5,1.0,1.0,0.48725810134741876,0.1750304449436053,0.0,0.0,0.7613636363636364,0.36230656997796845,0.15361144886963243,0.0,0.0,0.6271676300578035,0.41239382970035554,0.16315539811693872,0.0,0.0,0.6834645669291338
CollegeMsg,0.5,1.0,2.0,0.5082837036141327,0.16797455593712884,0.0,0.0,0.7575757575757576,0.3747556883013991,0.1516839321963107,0.0,0.0,0.630057803468208,0.42732680454676536,0.16014082949730377,0.0,0.0,0.6866141732283465
CollegeMsg,0.5,1.0,3.0,0.5074543761516851,0.1732733064365196,0.0,0.0,0.7840909090909091,0.3765647725376107,0.15277197748461666,0.0,0.0,0.6329479768786127,0.42895910136054255,0.16220308092100436,0.0,0.0,0.689763779527559
CollegeMsg,0.5,1.0,5.0,0.5129917157929216,0.16352564627694868,0.0,0.0,0.7474048442906575,0.3781683642240909,0.14866193206282052,0.0,0.0,0.6244343891402715,0.43123965996447866,0.15630067270442397,0.0,0.0,0.6803149606299213
CollegeMsg,0.5,2.0,0,0.4869838521192125,0.17269577431053565,0.0,0.0,0.75,0.36072812250793174,0.15018664247395505,0.0,0.0,0.6242774566473989,0.4110647254297281,0.15973473795370136,0.0,0.0,0.6803149606299213
CollegeMsg,0.5,2.0,0.1,0.4919042364832673,0.16288577454030725,0.0,0.0,0.7588652482269503,0.36250480551807646,0.14725208374798432,0.0,0.0,0.615606936416185,0.4135845449232729,0.1548216331464246,0.0,0.0,0.6708661417322834
CollegeMsg,0.5,2.0,0.25,0.4856952930393055,0.17159639283226136,0.0,0.0,0.7508650519031141,0.35771098171129523,0.1518758726479384,0.0,0.0,0.6271676300578035,0.40787225458459303,0.1609636399502864,0.0,0.0,0.6834645669291338
CollegeMsg,0.5,2.0,0.5,0.4925331538714977,0.17416783107543862,0.0,0.0,0.7551020408163265,0.3649802417302313,0.15265043342789733,0.0,0.0,0.6271676300578035,0.4157729518240882,0.16185896107799716,0.0,0.0,0.6834645669291338
CollegeMsg,0.5,2.0,0.75,0.4989656818514526,0.17075684710070685,0.0,0.0,0.7565217391304347,0.36966263531709587,0.15218705908483668,0.0,0.0,0.630057803468208,0.42114700656602455,0.16086719883510178,0.0,0.0,0.6866141732283465
CollegeMsg,0.5,2.0,1.0,0.5052597520363715,0.17090868493547462,0.0,0.0,0.7716262975778547,0.3718319769080592,0.15481202755275017,0.0,0.0,0.6445086705202312,0.4239984383751686,0.16366986665044522,0.0,0.0,0.7023622047244095
CollegeMsg,0.5,2.0,2.0,0.5163621642733103,0.16727188340441207,0.0,0.0,0.7681660899653979,0.3798266130138462,0.1524705389586802,0.0,0.0,0.6416184971098265,0.4331969014245833,0.16078496066664916,0.0,0.0,0.6992125984251968
CollegeMsg,0.5,2.0,3.0,0.5216245307387355,0.16261120825036393,0.0,0.0,0.7840909090909091,0.38315342018694865,0.1518547745146806,0.0,0.0,0.638728323699422,0.4371720813697281,0.1590762924922798,0.0,0.0,0.6960629921259843
CollegeMsg,0.5,2.0,5.0,0.5172359928362906,0.17318560667835375,0.0,0.0,0.7716262975778547,0.38269057437292897,0.1556021929311997,0.0,0.0,0.6445086705202312,0.4359940571917927,0.16469271546382416,0.0,0.0,0.7023622047244095
CollegeMsg,0.5,3.0,0,0.49225159785947137,0.17486444537256743,0.0,0.0,0.7560975609756098,0.364652583889054,0.15189553807212594,0.0,0.0,0.6127167630057804,0.41551454267943,0.16158877294339802,0.0,0.0,0.667716535433071
CollegeMsg,0.5,3.0,0.1,0.500793389024255,0.15609656644525846,0.5,0.0,0.7560975609756098,0.3652753102019307,0.14509002395835632,0.0,0.0,0.630057803468208,0.417301210350287,0.15153368550442534,0.0,0.0,0.6866141732283465
CollegeMsg,0.5,3.0,0.25,0.4915045520245789,0.17044445403560682,0.0,0.0,0.75,0.36410208008174694,0.1502669999418369,0.0,0.0,0.6127167630057804,0.41493332736470656,0.15934899056189328,0.0,0.0,0.667716535433071
CollegeMsg,0.5,3.0,0.5,0.5045615284476769,0.15808298156810463,0.5,0.0,0.7621951219512195,0.37041574010163975,0.14725610039045994,0.0,0.0,0.6271676300578035,0.42273362478835547,0.15415009274532138,0.0,0.0,0.6834645669291338
CollegeMsg,0.5,3.0,0.75,0.49976709490590104,0.17134559265328933,0.0,0.0,0.7613636363636364,0.36933266673533605,0.15161412555977438,0.0,0.0,0.6271676300578035,0.4210756268157756,0.1604595572067555,0.0,0.0,0.6834645669291338
CollegeMsg,0.5,3.0,1.0,0.5146148575161605,0.16992974477640016,0.0,0.0,1.0,0.3795724452505518,0.14865461282952264,0.0,0.0,0.6329479768786127,0.4331926288702205,0.15747190802489872,0.0,0.0,0.689763779527559
CollegeMsg,0.5,3.0,2.0,0.5110689543883613,0.1722916607056104,0.0,0.0,0.7878787878787878,0.37770088055091927,0.15526601742154184,0.0,0.0,0.6416184971098265,0.43042969492632294,0.16414849044327168,0.0,0.0,0.6992125984251968
CollegeMsg,0.5,3.0,3.0,0.5268731839098919,0.17113452136580215,0.0,0.0,0.7785467128027682,0.3871101766773269,0.15355994816817828,0.0,0.0,0.6502890173410405,0.4416363260991264,0.1619263611941555,0.0,0.0,0.7086614173228346
CollegeMsg,0.5,3.0,5.0,0.52005923843363,0.17106561786856014,0.0,0.0,0.7992424242424242,0.38452304556651995,0.15533474477767403,0.0,0.0,0.653179190751445,0.4381793600466761,0.16393077271926396,0.0,0.0,0.7118110236220472
CollegeMsg,0.5,5.0,0,0.49153922493826613,0.15919679376531393,0.0,0.0,0.7560975609756098,0.3626172385373811,0.14386030281296303,0.0,0.0,0.6023809523809524,0.4136784908147045,0.15111566351364525,0.0,0.0,0.661498708010336
CollegeMsg,0.5,5.0,0.1,0.49441077657691046,0.16046387046295732,0.0,0.0,0.7549668874172185,0.36310587111221354,0.14525870058419385,0.0,0.0,0.6242774566473989,0.4145466540458369,0.1532101553560606,0.0,0.0,0.6803149606299213
CollegeMsg,0.5,5.0,0.25,0.5007569515290777,0.16307333841474686,0.5,0.0,1.0,0.36726210789709357,0.14269960091430953,0.0,0.0,0.6271676300578035,0.41978337408515065,0.15097361046256913,0.0,0.0,0.6834645669291338
CollegeMsg,0.5,5.0,0.5,0.4969477191326938,0.16154860595600973,0.0,0.0,0.7651515151515151,0.3645995431595445,0.14650242974399885,0.0,0.0,0.6127167630057804,0.41623393978260576,0.15406795486083733,0.0,0.0,0.6722129783693844
CollegeMsg,0.5,5.0,0.75,0.4998573922589524,0.16415263283303563,0.0,0.0,0.75,0.36899889983527845,0.1473864335344693,0.0,0.0,0.615606936416185,0.42093466311246125,0.15543447882958433,0.0,0.0,0.6708661417322834
CollegeMsg,0.5,5.0,1.0,0.49911188812426854,0.16669861083413604,0.5,0.0,0.7560975609756098,0.3688352819547772,0.1489426412593739,0.0,0.0,0.6199095022624435,0.4205939486731092,0.15727624018798472,0.0,0.0,0.667716535433071
CollegeMsg,0.5,5.0,2.0,0.5061317369187932,0.17257665240316783,0.0,0.0,0.7613636363636364,0.37439129410174893,0.15364524392388268,0.0,0.0,0.6329479768786127,0.4266280007861013,0.16247840603236557,0.0,0.0,0.689763779527559
CollegeMsg,0.5,5.0,3.0,0.5189575153534115,0.16845883703398945,0.0,0.0,0.7804878048780488,0.38292248596210027,0.1516869409859557,0.0,0.0,0.6445086705202312,0.43678312175461703,0.15966512182882717,0.0,0.0,0.7023622047244095
CollegeMsg,0.5,5.0,5.0,0.5196393867125314,0.17392996166594457,0.0,0.0,0.7865853658536586,0.3836824444041291,0.15441019684851282,0.0,0.0,0.6502890173410405,0.43756711241346463,0.16325032151343066,0.0,0.0,0.7086614173228346
CollegeMsg,0.75,0,0,0.4074872975187121,0.15578537241723495,0.0,0.0,0.710204081632653,0.3023487661427254,0.13406532066965396,0.0,0.0,0.5714285714285714,0.3443566812070653,0.14309181743649646,0.0,0.0,0.625
CollegeMsg,0.75,0,0.1,0.40481681390610663,0.15890375529645764,0.0,0.0,0.6954545454545454,0.2994406901667388,0.136770640339309,0.0,0.0,0.5606936416184971,0.34109357301299426,0.1460527985557302,0.0,0.0,0.6194331983805669
CollegeMsg,0.75,0,0.25,0.42312719949809263,0.1611478936255816,0.0,0.0,0.6982758620689655,0.3122922478863443,0.14160174241661713,0.0,0.0,0.5785714285714286,0.35577540001037816,0.1508849662555671,0.0,0.0,0.6328125000000001
CollegeMsg,0.75,0,0.5,0.42973856350930545,0.16419353964388733,0.0,0.0,0.7028753993610224,0.3179385661946337,0.14300559926397285,0.0,0.0,0.5851063829787234,0.36198388309746726,0.15250457044595378,0.0,0.0,0.6386066763425254
CollegeMsg,0.75,0,0.75,0.43968307268892043,0.16157316890622717,0.0,0.0,0.6977272727272728,0.32651772383298483,0.14258418294633993,0.0,0.0,0.5927601809954751,0.3716462897583593,0.15127808129664083,0.0,0.0,0.6336154776299879
CollegeMsg,0.75,0,1.0,0.4536867738696279,0.16047124245231836,0.0,0.0,0.7224489795918367,0.3334790569409874,0.1416107460906565,0.0,0.0,0.5867052023121387,0.3804824252399274,0.15021598310295642,0.0,0.0,0.6393700787401575
CollegeMsg,0.75,0,2.0,0.47567394651021655,0.1660460685367879,0.0,0.0,0.7335640138408305,0.3513867275088942,0.1487856697347436,0.0,0.0,0.6127167630057804,0.4003455856436566,0.15754246237104383,0.0,0.0,0.667716535433071
CollegeMsg,0.75,0,3.0,0.4901661064504782,0.16572385982871043,0.0,0.0,0.7301038062283737,0.36296225823180445,0.14846565469612105,0.0,0.0,0.6098265895953757,0.41360173381812027,0.1567614954615562,0.0,0.0,0.6645669291338583
CollegeMsg,0.75,0,5.0,0.4944254125425523,0.1624024752504266,0.0,0.0,0.7508650519031141,0.3649452456883341,0.14803275611553607,0.0,0.0,0.6271676300578035,0.4159341279725579,0.15591807172516733,0.0,0.0,0.6834645669291338
CollegeMsg,0.75,0.1,0,0.41229482967648706,0.15901285624682315,0.0,0.0,0.6857142857142857,0.3051453500536,0.13776392846836738,0.0,0.0,0.5611702127659575,0.3475564460856742,0.1469356361670926,0.0,0.0,0.6124818577648766
CollegeMsg,0.75,0.1,0.1,0.41663481366745786,0.15622961888342263,0.0,0.0,0.7306122448979592,0.3072580286550116,0.13840634687867936,0.0,0.0,0.5714285714285714,0.3501859722365358,0.14715950227536245,0.0,0.0,0.625
CollegeMsg,0.75,0.1,0.25,0.4260931574819702,0.1621752913815475,0.0,0.0,0.7224489795918367,0.31475737648838337,0.13848883791828973,0.0,0.0,0.580952380952381,0.35892794590219934,0.14801098717472977,0.0,0.0,0.6354166666666667
CollegeMsg,0.75,0.1,0.5,0.4336915417326783,0.16097972447673206,0.0,0.0,0.7301038062283737,0.3211219387222326,0.143134717850446,0.0,0.0,0.6098265895953757,0.36565582008646597,0.15200547397055905,0.0,0.0,0.6645669291338583
CollegeMsg,0.75,0.1,0.75,0.4495462811250843,0.16526434326212155,0.0,0.0,0.7241379310344828,0.33213395500342074,0.14480458089919485,0.0,0.0,0.6,0.37851734343282695,0.1543666746180189,0.0,0.0,0.65625
CollegeMsg,0.75,0.1,1.0,0.4561008580625648,0.16220245395174496,0.0,0.0,0.7061224489795919,0.3363827239146377,0.14447020312254252,0.0,0.0,0.5895953757225434,0.38326887262386644,0.15337341522844677,0.0,0.0,0.6425196850393701
CollegeMsg,0.75,0.1,2.0,0.47917522148143477,0.1644168023359412,0.0,0.0,0.7348484848484849,0.3536420732892143,0.14824337438233298,0.0,0.0,0.6085972850678733,0.4031199082258933,0.156773678417763,0.0,0.0,0.6551181102362205
CollegeMsg,0.75,0.1,3.0,0.4859668261659693,0.16802618434177716,0.0,0.0,0.7310606060606061,0.3608087463885612,0.15006091488122777,0.0,0.0,0.6199095022624435,0.4108142726560001,0.158766434660458,0.0,0.0,0.6645669291338583
CollegeMsg,0.75,0.1,5.0,0.4989225192477088,0.1581098933281643,0.0,0.0,0.754325259515571,0.3677771433794168,0.14656709921195563,0.0,0.0,0.630057803468208,0.41929030651061594,0.15351267088832202,0.0,0.0,0.6866141732283465
CollegeMsg,0.75,0.25,0,0.4194539772698962,0.1664245309550344,0.0,0.0,0.7224489795918367,0.3101801722922702,0.1416058708502091,0.0,0.0,0.5785714285714286,0.3534137940980479,0.151495594148873,0.0,0.0,0.6328125000000001
CollegeMsg,0.75,0.25,0.1,0.42277577036049513,0.1632233671461196,0.0,0.0,0.7068965517241379,0.31225093120115077,0.1421355841958344,0.0,0.0,0.5867052023121387,0.3558026473771798,0.1511997733014403,0.0,0.0,0.640625
CollegeMsg,0.75,0.25,0.25,0.4288151168613881,0.16489317112494267,0.0,0.0,0.7212643678160919,0.3190112881005135,0.1430371930213387,0.0,0.0,0.5976190476190476,0.36298058135679706,0.15288074318106354,0.0,0.0,0.6536458333333333
CollegeMsg,0.75,0.25,0.5,0.4386047807008797,0.17101024973245427,0.0,0.0,0.7121212121212122,0.32730168716719593,0.14775887435759344,0.0,0.0,0.5924855491329479,0.37212159093438213,0.1576751786137446,0.0,0.0,0.6456692913385826
CollegeMsg,0.75,0.25,0.75,0.4563596278448475,0.16274351522262318,0.0,0.0,0.7310606060606061,0.3378727967662922,0.14428287701759485,0.0,0.0,0.6047619047619047,0.38497166333425825,0.15292456767342438,0.0,0.0,0.6614583333333334
CollegeMsg,0.75,0.25,1.0,0.4589921477397278,0.17103090998772513,0.0,0.0,0.726530612244898,0.33991763352031823,0.1493075358885238,0.0,0.0,0.5904761904761905,0.38706193460007493,0.15944592685005032,0.0,0.0,0.6458333333333334
CollegeMsg,0.75,0.25,2.0,0.4804326422485818,0.1723314474008518,0.0,0.0,0.7462121212121212,0.35613157142284624,0.15021684489110657,0.0,0.0,0.6184971098265896,0.40573140088526116,0.15980532125015445,0.0,0.0,0.6740157480314961
CollegeMsg,0.75,0.25,3.0,0.5007364273013613,0.16736349537221973,0.0,0.0,1.0,0.36889500909776574,0.15003781272941355,0.0,0.0,0.6242774566473989,0.4207566768135285,0.15862729335610107,0.0,0.0,0.6803149606299213
CollegeMsg,0.75,0.25,5.0,0.4978323624091171,0.16347668811156735,0.0,0.0,0.7391304347826086,0.36810473744910427,0.1489766852859086,0.0,0.0,0.615606936416185,0.41940819203752877,0.15717776489893104,0.0,0.0,0.6708661417322834
CollegeMsg,0.75,0.5,0,0.43423542408693433,0.16385325005556076,0.0,0.0,0.7306122448979592,0.32146944607987366,0.14458266954916096,0.0,0.0,0.5851063829787234,0.3660060749856911,0.15381256686704314,0.0,0.0,0.6386066763425254
CollegeMsg,0.75,0.5,0.1,0.44826423508989205,0.16369840037336877,0.0,0.0,1.0,0.3282910615621247,0.14237965682158335,0.0,0.0,0.6040723981900452,0.37442411701629674,0.15046324565858749,0.0,0.0,0.6457073760580411
CollegeMsg,0.75,0.5,0.25,0.45100105637729654,0.1572599079371378,0.0,0.0,0.7241379310344828,0.33266421836154986,0.14136657044483225,0.0,0.0,0.6018099547511312,0.37923506573289034,0.14942784175773255,0.0,0.0,0.65625
CollegeMsg,0.75,0.5,0.5,0.4483476187022864,0.17047590352676062,0.0,0.0,0.7551020408163265,0.33344437395423326,0.14778420308353155,0.0,0.0,0.6069364161849711,0.3794851648270075,0.1576589153294822,0.0,0.0,0.6614583333333334
CollegeMsg,0.75,0.5,0.75,0.46233580535404467,0.16865785556234733,0.5,0.0,0.7386363636363636,0.3419715358349481,0.14827121255279835,0.0,0.0,0.6131221719457014,0.3898134940053658,0.15748901915089092,0.0,0.0,0.6553808948004837
CollegeMsg,0.75,0.5,1.0,0.4836836896620317,0.1678934349747047,0.0,0.0,1.0,0.35512726599062355,0.14705950236410228,0.0,0.0,0.6063348416289592,0.40531177070073754,0.15620714436428973,0.0,0.0,0.6666666666666666
CollegeMsg,0.75,0.5,2.0,0.4941224681707564,0.1642252994540164,0.0,0.0,0.7716262975778547,0.3652654029672571,0.14717356744898583,0.0,0.0,0.6445086705202312,0.4163665146626838,0.15556649717162188,0.0,0.0,0.7023622047244095
CollegeMsg,0.75,0.5,3.0,0.4991007103222688,0.16184493527059565,0.0,0.0,0.7348484848484849,0.36891618416108046,0.14838207613944523,0.0,0.0,0.6153846153846154,0.42041616959756256,0.15597366464556053,0.0,0.0,0.6614173228346457
CollegeMsg,0.75,0.5,5.0,0.5002991010139216,0.1680670244971403,0.0,0.0,0.7537878787878788,0.36915824329697183,0.15017830247941874,0.0,0.0,0.6176470588235294,0.4208741152565576,0.15901593469261846,0.0,0.0,0.6708661417322834
CollegeMsg,0.75,0.75,0,0.45066758028737874,0.1656755772540748,0.5,0.0,1.0,0.3303834577467933,0.14182547881143104,0.0,0.0,0.5982658959537572,0.3774105440253086,0.15109778535834226,0.0,0.0,0.6666666666666666
CollegeMsg,0.75,0.75,0.1,0.45195616917420756,0.16332200591026244,0.0,0.0,0.7387755102040816,0.3349707527099514,0.1452734534440182,0.0,0.0,0.5928571428571429,0.381399155130736,0.15431749798257474,0.0,0.0,0.6484375
CollegeMsg,0.75,0.75,0.25,0.453539660947979,0.16628438562291709,0.0,0.0,0.7346938775510204,0.3367328659734823,0.14673436857524313,0.0,0.0,0.5882352941176471,0.38343426178341694,0.1559244565056227,0.0,0.0,0.640625
CollegeMsg,0.75,0.75,0.5,0.46802422357044854,0.16197846477863348,0.0,0.0,0.7375415282392026,0.34463770913311265,0.1452649342932674,0.0,0.0,0.6085972850678733,0.3931657300205406,0.15330977200797385,0.0,0.0,0.6614173228346457
CollegeMsg,0.75,0.75,0.75,0.47250496205642734,0.1625225056619514,0.0,0.0,0.7306122448979592,0.3478027713674787,0.1455019123138738,0.0,0.0,0.6040462427745664,0.39666816788753695,0.1539412272977595,0.0,0.0,0.6582677165354331
CollegeMsg,0.75,0.75,1.0,0.4726913164973908,0.1715214696517321,0.0,0.0,0.7508650519031141,0.3506944524938886,0.1505019253813978,0.0,0.0,0.6271676300578035,0.39921084376606175,0.15992235918726846,0.0,0.0,0.6834645669291338
CollegeMsg,0.75,0.75,2.0,0.49390458753536687,0.17026705338406234,0.0,0.0,0.744927536231884,0.3660837033387656,0.1516793206679329,0.0,0.0,0.6402714932126696,0.416962432030501,0.160574841494108,0.0,0.0,0.6844014510278112
CollegeMsg,0.75,0.75,3.0,0.5015719959817472,0.1710704832948099,0.0,0.0,0.7577854671280276,0.37045882821450166,0.15148433085555119,0.0,0.0,0.6329479768786127,0.42200005216783554,0.1602297841173808,0.0,0.0,0.689763779527559
CollegeMsg,0.75,0.75,5.0,0.5049837516922565,0.16987359035300792,0.0,0.0,0.75,0.3735830618860655,0.15042687667835217,0.0,0.0,0.6242774566473989,0.4257157094494806,0.15931407765028027,0.0,0.0,0.6803149606299213
CollegeMsg,0.75,1.0,0,0.4484915994300557,0.17096312158146287,0.0,0.0,0.7420289855072464,0.3312416620640022,0.14855033526715775,0.0,0.0,0.6023809523809524,0.37745232331274736,0.15851972063050818,0.0,0.0,0.661498708010336
CollegeMsg,0.75,1.0,0.1,0.4563966275825563,0.16700639511696186,0.0,0.0,0.726530612244898,0.33833619496363027,0.1466089994111314,0.0,0.0,0.6040462427745664,0.3853632421128784,0.15561259455942925,0.0,0.0,0.6582677165354331
CollegeMsg,0.75,1.0,0.25,0.46151910168852694,0.17230724000832195,0.0,0.0,0.7272727272727273,0.34101484486902356,0.1490660279612305,0.0,0.0,0.6018099547511312,0.3886833839451896,0.1585866109834568,0.0,0.0,0.6434108527131783
CollegeMsg,0.75,1.0,0.5,0.46843624969786957,0.1748851857281443,0.0,0.0,0.7574750830564784,0.3469264626158802,0.15214750653930142,0.0,0.0,0.6098265895953757,0.39517432175964684,0.16262776118576186,0.0,0.0,0.6656934306569342
CollegeMsg,0.75,1.0,0.75,0.4772520410212576,0.1622536027594029,0.0,0.0,0.7541528239202658,0.3520514499194851,0.14699986987362385,0.0,0.0,0.6266968325791855,0.4012354066228393,0.15491057929307514,0.0,0.0,0.6803149606299213
CollegeMsg,0.75,1.0,1.0,0.4838735073869969,0.16693169925949058,0.0,0.0,0.7462121212121212,0.3554292050668483,0.14891149263029216,0.0,0.0,0.615606936416185,0.4053662378793952,0.1577434281719945,0.0,0.0,0.6708661417322834
CollegeMsg,0.75,1.0,2.0,0.49945552169690005,0.17188486879172876,0.0,0.0,0.7765151515151515,0.37017455605878286,0.15108119563515923,0.0,0.0,0.6184971098265896,0.4217705553311432,0.1603574957530011,0.0,0.0,0.6821963394342762
CollegeMsg,0.75,1.0,3.0,0.5097525149466321,0.15879326405190802,0.0,0.0,0.754325259515571,0.37547919376279865,0.14822768067113726,0.0,0.0,0.630057803468208,0.4283061014749328,0.1550530696781523,0.0,0.0,0.6866141732283465
CollegeMsg,0.75,1.0,5.0,0.5034433668342535,0.16961939372058402,0.0,0.0,0.7508650519031141,0.3727669687635273,0.15283945718167632,0.0,0.0,0.6271676300578035,0.42457446093628454,0.16153354180623358,0.0,0.0,0.6834645669291338
CollegeMsg,0.75,2.0,0,0.4706690177480854,0.17070976199203838,0.0,0.0,0.7462121212121212,0.34883754257297017,0.1496128057695107,0.0,0.0,0.6098265895953757,0.3973484454075661,0.15908349477722208,0.0,0.0,0.6645669291338583
CollegeMsg,0.75,2.0,0.1,0.4811525437829004,0.1662894646250813,0.0,0.0,0.7441860465116279,0.3560082092451989,0.14695821976371878,0.0,0.0,0.6098265895953757,0.4057618100868632,0.15587928771950496,0.0,0.0,0.6645669291338583
CollegeMsg,0.75,2.0,0.25,0.4873405051351786,0.16015445091901337,0.0,0.0,0.7536231884057971,0.3582101877656246,0.14591171641704992,0.0,0.0,0.6221719457013575,0.40878679617386077,0.15339591144879244,0.0,0.0,0.6740157480314961
CollegeMsg,0.75,2.0,0.5,0.4880527935730951,0.1640399141736925,0.0,0.0,0.75,0.35869494897092585,0.14920569014420537,0.0,0.0,0.6242774566473989,0.4092435397310211,0.15724561337186718,0.0,0.0,0.6803149606299213
CollegeMsg,0.75,2.0,0.75,0.49032410850554425,0.17106000194297788,0.0,0.0,0.7462121212121212,0.36286766281685073,0.1520756953952587,0.0,0.0,0.6127167630057804,0.4134599859567583,0.16083648783266782,0.0,0.0,0.667716535433071
CollegeMsg,0.75,2.0,1.0,0.49598978655041376,0.17006327691768422,0.0,0.0,0.7689393939393939,0.36708853558147564,0.1512520137256145,0.0,0.0,0.6358381502890174,0.41835307623589435,0.160195115455581,0.0,0.0,0.6929133858267716
CollegeMsg,0.75,2.0,2.0,0.5051746502640372,0.16845276148279903,0.0,0.0,0.7689393939393939,0.3733952864530072,0.15041909072770646,0.0,0.0,0.6271676300578035,0.42575075586779665,0.15888161864577702,0.0,0.0,0.6834645669291338
CollegeMsg,0.75,2.0,3.0,0.5115543476632225,0.1743613814282928,0.0,0.0,0.7820069204152249,0.3789811741792579,0.1542935120534066,0.0,0.0,0.653179190751445,0.4318301808161759,0.16340585853278314,0.0,0.0,0.7118110236220472
CollegeMsg,0.75,2.0,5.0,0.5162961740864814,0.16220404832897242,0.0,0.0,0.7750865051903114,0.38028959864989753,0.14878543539097577,0.0,0.0,0.6473988439306358,0.4338102611279658,0.15616860555677975,0.0,0.0,0.705511811023622
CollegeMsg,0.75,3.0,0,0.4750231777226173,0.16835734980996492,0.0,0.0,0.7575757575757576,0.3515176878838652,0.14737865866488303,0.0,0.0,0.6031746031746031,0.40072311703494795,0.1568146300088072,0.0,0.0,0.6655574043261231
CollegeMsg,0.75,3.0,0.1,0.48921480690405467,0.16762435860605102,0.0,0.0,1.0,0.3609953471579002,0.146442227501664,0.0,0.0,0.6153846153846154,0.4118425875990505,0.15521862847523016,0.0,0.0,0.667716535433071
CollegeMsg,0.75,3.0,0.25,0.4841839187525985,0.16549150424943684,0.0,0.0,0.7536231884057971,0.3563751407110746,0.1478133438571124,0.0,0.0,0.6127167630057804,0.4065504247265944,0.1565603164224067,0.0,0.0,0.6718346253229974
CollegeMsg,0.75,3.0,0.5,0.49182367831023066,0.16621542564340835,0.0,0.0,0.7565217391304347,0.36230123432750583,0.15019557620571153,0.0,0.0,0.6213872832369942,0.4131393806577754,0.15869737296989447,0.0,0.0,0.6771653543307086
CollegeMsg,0.75,3.0,0.75,0.49731303213620653,0.15981457608978097,0.0,0.0,0.7560975609756098,0.3653191867209606,0.1460078062468222,0.0,0.0,0.6242774566473989,0.4170515298933573,0.15345666697537846,0.0,0.0,0.6803149606299213
CollegeMsg,0.75,3.0,1.0,0.4934243741047679,0.16577727447772,0.0,0.0,0.754325259515571,0.3640047090470453,0.14863122040716725,0.0,0.0,0.630057803468208,0.41515237532602384,0.15676158402565962,0.0,0.0,0.6866141732283465
CollegeMsg,0.75,3.0,2.0,0.5063775603750958,0.17243862120022474,0.0,0.0,0.7682926829268293,0.3740346734258351,0.15469616952162546,0.0,0.0,0.6329479768786127,0.4263096211054791,0.16365462631774608,0.0,0.0,0.689763779527559
CollegeMsg,0.75,3.0,3.0,0.5190710727935725,0.1685507930601321,0.0,0.0,0.782608695652174,0.3823094524713703,0.15210998081806315,0.0,0.0,0.6329479768786127,0.4361137204389161,0.16064270401866207,0.0,0.0,0.689763779527559
CollegeMsg,0.75,3.0,5.0,0.5143338503013136,0.17524865550184235,0.0,0.0,0.7716262975778547,0.3804764573705091,0.1556340505157045,0.0,0.0,0.6445086705202312,0.4335454226616773,0.16519890266110918,0.0,0.0,0.7023622047244095
CollegeMsg,0.75,5.0,0,0.4797691715493963,0.1659237602275158,0.0,0.0,0.7549668874172185,0.3536231946656913,0.14579411298509246,0.0,0.0,0.6071428571428571,0.4034380259128485,0.15464727454071997,0.0,0.0,0.6640624999999999
CollegeMsg,0.75,5.0,0.1,0.4850798274772185,0.16412374532823995,0.0,0.0,0.735632183908046,0.3569911651296062,0.14497418408045684,0.0,0.0,0.6095238095238096,0.40736098222572475,0.15314676657158302,0.0,0.0,0.6666666666666666
CollegeMsg,0.75,5.0,0.25,0.4844237628426152,0.166168235473751,0.0,0.0,0.7575757575757576,0.3573510109368716,0.1474697682598681,0.0,0.0,0.6069364161849711,0.40757568071687816,0.1560092661950288,0.0,0.0,0.6692506459948321
CollegeMsg,0.75,5.0,0.5,0.4883944441469203,0.16408756743627448,0.0,0.0,0.7575757575757576,0.3604425785393346,0.1467681595585294,0.0,0.0,0.6184971098265896,0.41109151360803164,0.15472367991302907,0.0,0.0,0.6740157480314961
CollegeMsg,0.75,5.0,0.75,0.49271987161127684,0.1597821035177024,0.0,0.0,0.7508305647840532,0.3615464576623197,0.14436423604565166,0.0,0.0,0.6166666666666667,0.4127638842681875,0.15196017197444617,0.0,0.0,0.6744791666666666
CollegeMsg,0.75,5.0,1.0,0.48790787982239076,0.17219216441732818,0.0,0.0,0.7575757575757576,0.36074178879092716,0.15033497336128693,0.0,0.0,0.6271676300578035,0.4112890319964379,0.1600685559961536,0.0,0.0,0.6834645669291338
CollegeMsg,0.75,5.0,2.0,0.5022595895006149,0.17239945800068987,0.0,0.0,0.7508650519031141,0.37115931043040684,0.15209605674495544,0.0,0.0,0.6271676300578035,0.4231780663974084,0.1611486111312469,0.0,0.0,0.6834645669291338
CollegeMsg,0.75,5.0,3.0,0.510122416401915,0.16748531908103587,0.0,0.0,0.7621951219512195,0.376687537718271,0.15078580246901227,0.0,0.0,0.630057803468208,0.4295759969282388,0.15886619621814,0.0,0.0,0.6866141732283465
CollegeMsg,0.75,5.0,5.0,0.5227273551765637,0.1706965897846806,0.0,0.0,0.7750865051903114,0.38543768705430487,0.1526993318304864,0.0,0.0,0.6473988439306358,0.4397399635539825,0.1610250198203895,0.0,0.0,0.705511811023622
CollegeMsg,1.0,0,0,0.3896435574156627,0.1463524873536879,0.0,0.0,0.673469387755102,0.28602700577024637,0.1297652548622919,0.0,0.0,0.55,0.3263316598833741,0.13776955374023622,0.0,0.0,0.6015625
CollegeMsg,1.0,0,0.1,0.39140042137863235,0.15452139752899494,0.0,0.0,0.6677740863787376,0.29070187894665045,0.13346420326291203,0.0,0.0,0.5542986425339367,0.3307987148783883,0.14253932419082685,0.0,0.0,0.6015625
CollegeMsg,1.0,0,0.25,0.4090740418037683,0.15616028041366292,0.0,0.0,0.6867816091954023,0.3001329931349211,0.13392794365224123,0.0,0.0,0.569047619047619,0.342673296241629,0.14307677829998108,0.0,0.0,0.6223958333333334
CollegeMsg,1.0,0,0.5,0.411863244528991,0.16368127824841294,0.0,0.0,0.6816326530612244,0.3067042620646457,0.14063393582873107,0.0,0.0,0.5723981900452488,0.3488638223496246,0.1506585654729329,0.0,0.0,0.6145833333333334
CollegeMsg,1.0,0,0.75,0.42980889373834713,0.16348649742628454,0.0,0.0,0.7197231833910035,0.3181598772033923,0.14259337320627624,0.0,0.0,0.6011560693641619,0.3623494186736868,0.1521158372070851,0.0,0.0,0.6551181102362205
CollegeMsg,1.0,0,1.0,0.4415512017288317,0.16085396098549035,0.0,0.0,0.7212643678160919,0.32674431781154006,0.1412016120869888,0.0,0.0,0.5976190476190476,0.3722865912906403,0.1504288402300616,0.0,0.0,0.6536458333333333
CollegeMsg,1.0,0,2.0,0.4660503372633919,0.16220846828813623,0.0,0.0,0.7272727272727273,0.34456402965223865,0.14661487898171627,0.0,0.0,0.6085972850678733,0.3924519395218451,0.1549634630352819,0.0,0.0,0.6510416666666666
CollegeMsg,1.0,0,3.0,0.47632968884252225,0.17016493808420752,0.0,0.0,0.7335640138408305,0.35419694002997604,0.1485307034298568,0.0,0.0,0.6127167630057804,0.40314020994351213,0.1579946813200025,0.0,0.0,0.667716535433071
CollegeMsg,1.0,0,5.0,0.49455911901178123,0.15859237209363516,0.0,0.0,0.7508650519031141,0.36485547462044593,0.1459935862209976,0.0,0.0,0.6271676300578035,0.4159792141774424,0.15354356931320712,0.0,0.0,0.6834645669291338
CollegeMsg,1.0,0.1,0,0.3930263776036594,0.1590531200098106,0.0,0.0,0.6896551724137931,0.2920433571623661,0.13859188925269558,0.0,0.0,0.5714285714285714,0.3322925514288592,0.14793296655466892,0.0,0.0,0.625
CollegeMsg,1.0,0.1,0.1,0.4083474014987525,0.15477861367414938,0.0,0.0,0.6857142857142857,0.30040290384088075,0.1369876905724539,0.0,0.0,0.5619047619047619,0.34242615784715497,0.14585251373049007,0.0,0.0,0.6145833333333334
CollegeMsg,1.0,0.1,0.25,0.4155977326284467,0.16502592585776127,0.0,0.0,1.0,0.3068993652951551,0.13837712945066089,0.0,0.0,0.5666666666666667,0.3498947011339294,0.14866152289771706,0.0,0.0,0.6666666666666666
CollegeMsg,1.0,0.1,0.5,0.4189234290816997,0.1592178253453224,0.0,0.0,0.7061224489795919,0.30711583582736923,0.13927768960041045,0.0,0.0,0.5714285714285714,0.3503996053594477,0.14821643184066507,0.0,0.0,0.625
CollegeMsg,1.0,0.1,0.75,0.43299253675637833,0.16313193231725534,0.0,0.0,0.7009966777408638,0.3190314465889167,0.14160007677481828,0.0,0.0,0.5950226244343891,0.36383873504719416,0.15081573186792693,0.0,0.0,0.6360338573155986
CollegeMsg,1.0,0.1,1.0,0.4508417352663824,0.1609799592431921,0.0,0.0,0.7061224489795919,0.3328579488306618,0.1407908469813019,0.0,0.0,0.580952380952381,0.37951284806313185,0.14987839245875628,0.0,0.0,0.6354166666666667
CollegeMsg,1.0,0.1,2.0,0.47372264135310777,0.16688073905504117,0.0,0.0,0.7298850574712644,0.35045454159840767,0.1483401680312764,0.0,0.0,0.6199095022624435,0.3991657199635356,0.15746925064554676,0.0,0.0,0.6626360338573156
CollegeMsg,1.0,0.1,3.0,0.4918781590544077,0.15801204537474525,0.0,0.0,0.7348484848484849,0.3627812642645768,0.14565983197571014,0.0,0.0,0.6098265895953757,0.413568815148752,0.1530541228576809,0.0,0.0,0.6645669291338583
CollegeMsg,1.0,0.1,5.0,0.4936825349245002,0.16695417742738655,0.0,0.0,0.7301038062283737,0.364577404126614,0.14858917584336356,0.0,0.0,0.6098265895953757,0.4154752552658976,0.1573528083594675,0.0,0.0,0.6645669291338583
CollegeMsg,1.0,0.25,0,0.4082578439545572,0.15380641489701616,0.0,0.0,0.6954022988505747,0.29737385391886856,0.13509463142191352,0.0,0.0,0.5761904761904761,0.33969043288945294,0.1436175302147463,0.0,0.0,0.6302083333333333
CollegeMsg,1.0,0.25,0.1,0.41558886366844033,0.16390912642848524,0.0,0.0,0.6938775510204082,0.30728203451118813,0.1393130951913617,0.0,0.0,0.5578034682080925,0.350351029721723,0.14961514971660325,0.0,0.0,0.611336032388664
CollegeMsg,1.0,0.25,0.25,0.41464924804358316,0.15961065098238614,0.0,0.0,0.7142857142857143,0.3060108816214537,0.13849882405978717,0.0,0.0,0.569047619047619,0.3487791749320306,0.14747286355398168,0.0,0.0,0.6223958333333334
CollegeMsg,1.0,0.25,0.5,0.4306217955412973,0.1631386060349561,0.0,0.0,1.0,0.31818401239533073,0.1387337810818807,0.0,0.0,0.5982658959537572,0.36283675380062125,0.14856734431148227,0.0,0.0,0.6666666666666666
CollegeMsg,1.0,0.25,0.75,0.43859341011436476,0.16156672635880784,0.0,0.0,0.710204081632653,0.3247469408253149,0.14211579077924028,0.0,0.0,0.5838150289017341,0.3700152176568474,0.15096669597687817,0.0,0.0,0.6362204724409449
CollegeMsg,1.0,0.25,1.0,0.4471752604681315,0.16067934032250922,0.0,0.0,0.7335640138408305,0.32935690573805976,0.14580502828005418,0.0,0.0,0.6127167630057804,0.3752284029646997,0.15413099620971163,0.0,0.0,0.667716535433071
CollegeMsg,1.0,0.25,2.0,0.4697377575784773,0.16789206152827635,0.0,0.0,0.7474048442906575,0.3483374830268922,0.14720349778406402,0.0,0.0,0.6242774566473989,0.3967396323693087,0.1568007281789498,0.0,0.0,0.6803149606299213
CollegeMsg,1.0,0.25,3.0,0.4895295007742079,0.16640352571371195,0.0,0.0,0.7391304347826086,0.36226610816420474,0.14935647424277293,0.0,0.0,0.6085972850678733,0.41266545780257785,0.15805778954190047,0.0,0.0,0.6614173228346457
CollegeMsg,1.0,0.25,5.0,0.49389574333704883,0.16439232591500527,0.0,0.0,0.7391304347826086,0.36491531912278347,0.14969058252456566,0.0,0.0,0.6131221719457014,0.4157073407250984,0.15776016811363086,0.0,0.0,0.6645669291338583
CollegeMsg,1.0,0.5,0,0.4243362182889394,0.1552272306160679,0.0,0.0,0.710204081632653,0.31122646809873655,0.13680032216412127,0.0,0.0,0.5838150289017341,0.3551315226589477,0.14507953805618154,0.0,0.0,0.6380208333333334
CollegeMsg,1.0,0.5,0.1,0.41038999288506983,0.16802005129862518,0.0,0.0,0.7011494252873564,0.3042301677536597,0.14674703417801574,0.0,0.0,0.580952380952381,0.346213022495004,0.15705801824213547,0.0,0.0,0.6354166666666667
CollegeMsg,1.0,0.5,0.25,0.43540309225501705,0.16826515394914499,0.0,0.0,1.0,0.3208211699276087,0.14250775752652303,0.0,0.0,0.5867052023121387,0.36581152706824915,0.15274311995719927,0.0,0.0,0.6666666666666666
CollegeMsg,1.0,0.5,0.5,0.4419202930438345,0.1654781166067535,0.0,0.0,0.7387755102040816,0.3280638864918626,0.1448746394415588,0.0,0.0,0.5880952380952381,0.37331218182170256,0.15448312884985912,0.0,0.0,0.6432291666666666
CollegeMsg,1.0,0.5,0.75,0.44993737004224255,0.15597163695714855,0.0,0.0,0.7310606060606061,0.3315677383543858,0.14149288728653403,0.0,0.0,0.5995475113122172,0.37809757502847274,0.14932695902360663,0.0,0.0,0.6432291666666666
CollegeMsg,1.0,0.5,1.0,0.45805543300094836,0.17167526798560037,0.0,0.0,0.7391304347826086,0.3393697417701163,0.15003029654033279,0.0,0.0,0.5919811320754716,0.38663722578327675,0.16013927951561877,0.0,0.0,0.6425196850393701
CollegeMsg,1.0,0.5,2.0,0.48881373823648244,0.1673804790988717,0.0,0.0,0.7475083056478405,0.3614867044125429,0.14918161893559947,0.0,0.0,0.6242774566473989,0.41197042033111736,0.1576738319589301,0.0,0.0,0.6803149606299213
CollegeMsg,1.0,0.5,3.0,0.49382063738567006,0.17104613853922784,0.0,0.0,0.75,0.36640163678148135,0.151726657634429,0.0,0.0,0.6213872832369942,0.41730277738391797,0.16085185145199246,0.0,0.0,0.6771653543307086
CollegeMsg,1.0,0.5,5.0,0.5035947470588473,0.16208212952561682,0.0,0.0,1.0,0.37260066212580695,0.1444944383658426,0.0,0.0,0.6199095022624435,0.42496744821188287,0.15206916862592804,0.0,0.0,0.6708661417322834
CollegeMsg,1.0,0.75,0,0.4265377700168364,0.16440858246958884,0.0,0.0,0.7197231833910035,0.31571281519350697,0.14355497610920534,0.0,0.0,0.6011560693641619,0.3594806506756978,0.15263238156801526,0.0,0.0,0.6551181102362205
CollegeMsg,1.0,0.75,0.1,0.4312543979275619,0.16788060940573382,0.0,0.0,0.726530612244898,0.3198590820215515,0.1437957690309401,0.0,0.0,0.5867052023121387,0.3642582995319874,0.15403469825287577,0.0,0.0,0.6393700787401575
CollegeMsg,1.0,0.75,0.25,0.43972430738179896,0.1630699066922647,0.0,0.0,0.7159420289855073,0.324393743589675,0.14467171927882846,0.0,0.0,0.5928571428571429,0.36939132757635207,0.15301651755297804,0.0,0.0,0.6484375
CollegeMsg,1.0,0.75,0.5,0.4501129646316644,0.1643741269919812,0.0,0.0,0.7386363636363636,0.33265112617235737,0.14350110615798073,0.0,0.0,0.5995475113122172,0.37920978827349505,0.1526179622021203,0.0,0.0,0.6519685039370079
CollegeMsg,1.0,0.75,0.75,0.46272278432884584,0.16511775497984554,0.0,0.0,0.726643598615917,0.34209455996443805,0.1464587505800588,0.0,0.0,0.6085972850678733,0.3897750687517394,0.15544612708268205,0.0,0.0,0.6614173228346457
CollegeMsg,1.0,0.75,1.0,0.4669290569312666,0.16650147059015205,0.0,0.0,0.7424242424242424,0.3451667869303176,0.14842643672062283,0.0,0.0,0.6127167630057804,0.3931466994713075,0.157336337665366,0.0,0.0,0.667716535433071
CollegeMsg,1.0,0.75,2.0,0.4966952910578042,0.1611068017799648,0.0,0.0,0.75,0.3659636552958886,0.14800251806125764,0.0,0.0,0.6151079136690647,0.41725952388780707,0.15553846058561974,0.0,0.0,0.667716535433071
CollegeMsg,1.0,0.75,3.0,0.49261979440315323,0.16940387666136286,0.0,0.0,0.7439446366782007,0.3655198329551216,0.1507507799293912,0.0,0.0,0.6213872832369942,0.41627898916982675,0.15960876991393688,0.0,0.0,0.6771653543307086
CollegeMsg,1.0,0.75,5.0,0.5012615623657982,0.1660063579375979,0.0,0.0,0.7647058823529411,0.3709242714365072,0.1493110766888247,0.0,0.0,0.638728323699422,0.4226450269144497,0.15740997224022876,0.0,0.0,0.6960629921259843
CollegeMsg,1.0,1.0,0,0.44069146831680145,0.16646290955953716,0.0,0.0,0.7272727272727273,0.32744695830307113,0.14430850896917197,0.0,0.0,0.5953757225433526,0.3727362950536638,0.15388856723369418,0.0,0.0,0.6488188976377952
CollegeMsg,1.0,1.0,0.1,0.4507114804598431,0.15957213777639914,0.0,0.0,0.7246376811594203,0.3319001075855724,0.14365352853513735,0.0,0.0,0.5950226244343891,0.37820803314829904,0.15186037830164323,0.0,0.0,0.6484375
CollegeMsg,1.0,1.0,0.25,0.45182455368650143,0.1612488237949224,0.0,0.0,0.7231833910034602,0.33339768679799303,0.14215500443461435,0.0,0.0,0.6040462427745664,0.38010162575578815,0.15083926528205835,0.0,0.0,0.6582677165354331
CollegeMsg,1.0,1.0,0.5,0.4642371064281883,0.16907599859253009,0.0,0.0,0.7541528239202658,0.34466397718133723,0.1474311286836646,0.0,0.0,0.6040462427745664,0.39249845199128264,0.15699560898913792,0.0,0.0,0.6627737226277373
CollegeMsg,1.0,1.0,0.75,0.4690294382757914,0.17273905030161493,0.0,0.0,0.7387755102040816,0.347269752805834,0.15261515480961868,0.0,0.0,0.615606936416185,0.39544473416493797,0.16253972775455794,0.0,0.0,0.6708661417322834
CollegeMsg,1.0,1.0,1.0,0.47439991585052604,0.16326873247286738,0.0,0.0,0.7462121212121212,0.35041848810282317,0.14670972677215197,0.0,0.0,0.6127167630057804,0.3993395168563291,0.1545309548197616,0.0,0.0,0.667716535433071
CollegeMsg,1.0,1.0,2.0,0.48799869654420563,0.17066391964860164,0.0,0.0,0.7612456747404844,0.36106950067365806,0.15170534904668279,0.0,0.0,0.6358381502890174,0.41129914894827413,0.16068418795187786,0.0,0.0,0.6929133858267716
CollegeMsg,1.0,1.0,3.0,0.49588477279063703,0.1750097414986029,0.0,0.0,0.7689393939393939,0.36802423981560256,0.15199892951046318,0.0,0.0,0.6184971098265896,0.41923120372904377,0.16212139766283234,0.0,0.0,0.675540765391015
CollegeMsg,1.0,1.0,5.0,0.5053091295131573,0.16791418114345494,0.0,0.0,0.7462121212121212,0.3729187760618362,0.15054682489154755,0.0,0.0,0.6184971098265896,0.4251321351090774,0.15920765528157943,0.0,0.0,0.6740157480314961
CollegeMsg,1.0,2.0,0,0.4616883147135863,0.16407056446536453,0.0,0.0,0.7424242424242424,0.3407827284134921,0.14449465542333534,0.0,0.0,0.6023809523809524,0.38859765648542693,0.15318079056915967,0.0,0.0,0.6588541666666666
CollegeMsg,1.0,2.0,0.1,0.46418267067752955,0.1685232812431575,0.0,0.0,0.7424242424242424,0.34448791123344064,0.14656499649944751,0.0,0.0,0.6131221719457014,0.39231700043794204,0.15607895271767433,0.0,0.0,0.6553808948004837
CollegeMsg,1.0,2.0,0.25,0.46920767557534165,0.1699618306943146,0.0,0.0,0.7462121212121212,0.3481406643507158,0.14814144143226401,0.0,0.0,0.615606936416185,0.39638877176771375,0.1574795634228218,0.0,0.0,0.6708661417322834
CollegeMsg,1.0,2.0,0.5,0.473410776507743,0.17035440670015475,0.0,0.0,0.7386363636363636,0.3503020480624584,0.149801231843487,0.0,0.0,0.6127167630057804,0.3991493502131851,0.15911389642115187,0.0,0.0,0.667716535433071
CollegeMsg,1.0,2.0,0.75,0.4821888136912005,0.17135880220213057,0.0,0.0,0.75,0.3569204055461627,0.15000537354303617,0.0,0.0,0.6179245283018868,0.40666112920156705,0.1594405543915361,0.0,0.0,0.6666666666666667
CollegeMsg,1.0,2.0,1.0,0.49623966971118705,0.17128657820868548,0.0,0.0,1.0,0.3667983489966125,0.14860803111693136,0.0,0.0,0.6329479768786127,0.4183135409422154,0.1580501061750322,0.0,0.0,0.689763779527559
CollegeMsg,1.0,2.0,2.0,0.5094526030386266,0.1696951917728135,0.0,0.0,1.0,0.3737271890311664,0.15105276935030013,0.0,0.0,0.6358381502890174,0.42630782721064786,0.15833148445582917,0.0,0.0,0.6929133858267716
CollegeMsg,1.0,2.0,3.0,0.5129283449263131,0.166858143336014,0.0,0.0,0.7716262975778547,0.37723793259482535,0.1515321376699613,0.0,0.0,0.6445086705202312,0.43033968641898496,0.16016819587857684,0.0,0.0,0.7023622047244095
CollegeMsg,1.0,2.0,5.0,0.5142103588960844,0.17107517193026145,0.0,0.0,0.7689393939393939,0.3802121950929668,0.1530734457965806,0.0,0.0,0.638728323699422,0.4333134341030911,0.16221816244809742,0.0,0.0,0.6960629921259843
CollegeMsg,1.0,3.0,0,0.47019369652595994,0.1649630127482163,0.0,0.0,0.7475083056478405,0.3475634877672672,0.14516583758471732,0.0,0.0,0.6153846153846154,0.39631145414268854,0.15419914025051837,0.0,0.0,0.6614583333333334
CollegeMsg,1.0,3.0,0.1,0.4737792290753453,0.1648955951358758,0.0,0.0,0.7446808510638298,0.3504893959459569,0.14656268589094107,0.0,0.0,0.6098265895953757,0.39941685892360984,0.15495324809858493,0.0,0.0,0.6645669291338583
CollegeMsg,1.0,3.0,0.25,0.4906080421063096,0.1516960615476609,0.5,0.0,1.0,0.3578228754321106,0.14025203530020428,0.0,0.0,0.6069364161849711,0.4090762891671152,0.14679538450790708,0.0,0.0,0.6666666666666666
CollegeMsg,1.0,3.0,0.5,0.47944689200568125,0.17145144909428894,0.0,0.0,0.7428571428571429,0.35532186391475024,0.150707774288991,0.0,0.0,0.6098265895953757,0.4047153090665148,0.16008735687364783,0.0,0.0,0.6645669291338583
CollegeMsg,1.0,3.0,0.75,0.4845309252449042,0.16337059921689462,0.0,0.0,0.7385057471264368,0.3577324411138877,0.14552600276015604,0.0,0.0,0.611904761904762,0.4080354313113244,0.1536331370698658,0.0,0.0,0.6692708333333335
CollegeMsg,1.0,3.0,1.0,0.4917094130433698,0.16855821495335904,0.0,0.0,0.7727272727272727,0.36373317110020614,0.1487639495776241,0.0,0.0,0.6213872832369942,0.41465034914823246,0.15767797809081996,0.0,0.0,0.6788685524126455
CollegeMsg,1.0,3.0,2.0,0.5062097311609005,0.17022041095419307,0.0,0.0,0.7727272727272727,0.3738298159622235,0.15084169539216383,0.0,0.0,0.6289592760180995,0.42632655703232025,0.159682966286919,0.0,0.0,0.6803149606299213
CollegeMsg,1.0,3.0,3.0,0.5111316435463025,0.1721747699668989,0.0,0.0,0.7689393939393939,0.37757309059430805,0.15255371778517818,0.0,0.0,0.6416184971098265,0.4304516166948812,0.1613988545949124,0.0,0.0,0.6992125984251968
CollegeMsg,1.0,3.0,5.0,0.5144988009616566,0.17660657713029343,0.0,0.0,0.7765151515151515,0.38037482351638124,0.15501021738956852,0.0,0.0,0.630057803468208,0.4335589642611219,0.16459626922150325,0.0,0.0,0.6866141732283465
CollegeMsg,1.0,5.0,0,0.4711237321386587,0.16299182650439228,0.0,0.0,0.7462121212121212,0.34732723743879335,0.14365712323858618,0.0,0.0,0.5995475113122172,0.39629741488036435,0.1524053425834783,0.0,0.0,0.6555740432612313
CollegeMsg,1.0,5.0,0.1,0.4717065248658257,0.16411860868931655,0.0,0.0,0.7375415282392026,0.34923601758141143,0.14581995096020492,0.0,0.0,0.6127167630057804,0.39798156700369386,0.15448629771171493,0.0,0.0,0.667716535433071
CollegeMsg,1.0,5.0,0.25,0.4828930089107454,0.167881196464268,0.0,0.0,1.0,0.3557931404142877,0.14444772344751927,0.0,0.0,0.6040462427745664,0.4061474940432881,0.15401420909072186,0.0,0.0,0.6666666666666666
CollegeMsg,1.0,5.0,0.5,0.48273454552139106,0.1684279589028967,0.0,0.0,0.7462121212121212,0.356002541373199,0.14753251230815423,0.0,0.0,0.6131221719457014,0.4060138841409332,0.156534676425936,0.0,0.0,0.667716535433071
CollegeMsg,1.0,5.0,0.75,0.4873763129531303,0.16922430585233286,0.0,0.0,1.0,0.35949322987945587,0.14724835086067284,0.0,0.0,0.6199095022624435,0.4102072261415773,0.15652829706899996,0.0,0.0,0.6708661417322834
CollegeMsg,1.0,5.0,1.0,0.4858328030319246,0.16506288364037486,0.0,0.0,0.7386363636363636,0.35871676451971973,0.1473590417720783,0.0,0.0,0.615606936416185,0.4089752725523592,0.15557165228336312,0.0,0.0,0.6708661417322834
CollegeMsg,1.0,5.0,2.0,0.4951520749575444,0.16939319898272112,0.0,0.0,0.7651515151515151,0.36585903479265314,0.15065747029205073,0.0,0.0,0.6184971098265896,0.4170761738219949,0.15931057967039802,0.0,0.0,0.6740157480314961
CollegeMsg,1.0,5.0,3.0,0.5062104713602024,0.17188364700129805,0.0,0.0,0.774390243902439,0.3748482010381685,0.1531576990907634,0.0,0.0,0.630057803468208,0.42712671474009817,0.16202464347161935,0.0,0.0,0.6866141732283465
CollegeMsg,1.0,5.0,5.0,0.517829901310944,0.1706677578695589,0.0,0.0,0.7716262975778547,0.38136837997866035,0.15369898577098468,0.0,0.0,0.6445086705202312,0.4349265529776507,0.16224997222802126,0.0,0.0,0.7023622047244095
CollegeMsg,2.0,0,0,0.3526928927359823,0.14788393650893386,0.0,0.0,0.6244897959183674,0.2602266122084521,0.12598320548656247,0.0,0.0,0.5166666666666667,0.2964475718447758,0.13529445609844035,0.0,0.0,0.5651041666666666
CollegeMsg,2.0,0,0.1,0.3600922065315772,0.14296673087886855,0.0,0.0,0.6386363636363637,0.2641493665961951,0.12340889038741745,0.0,0.0,0.5214285714285715,0.30117093628325936,0.13182614267339005,0.0,0.0,0.5703125
CollegeMsg,2.0,0,0.25,0.37478185086532667,0.1555185245635236,0.0,0.0,1.0,0.277160217711202,0.12601026157387768,0.0,0.0,0.5333333333333333,0.316201195791103,0.13679716280173032,0.0,0.0,0.6666666666666666
CollegeMsg,2.0,0,0.5,0.3709440902663684,0.15772809865344753,0.0,0.0,0.6704545454545454,0.2771132907776328,0.13466970445186116,0.0,0.0,0.5497737556561086,0.3149572414956902,0.14462741206496785,0.0,0.0,0.597165991902834
CollegeMsg,2.0,0,0.75,0.39357977576652536,0.15145403755016282,0.0,0.0,0.6724137931034483,0.2898052743770636,0.13173506968125945,0.0,0.0,0.5571428571428572,0.3304643823390327,0.14063572438124328,0.0,0.0,0.609375
CollegeMsg,2.0,0,1.0,0.4073707031107022,0.15771695552087775,0.0,0.0,0.6747404844290658,0.3024613737197233,0.13631003832669628,0.0,0.0,0.5635838150289018,0.3442481615352389,0.14565920757468337,0.0,0.0,0.6141732283464567
CollegeMsg,2.0,0,2.0,0.4465133904550361,0.16216601665145702,0.0,0.0,0.7061224489795919,0.3312392323361341,0.14468113963111293,0.0,0.0,0.5904977375565611,0.3768666298035357,0.1534441037234406,0.0,0.0,0.6311970979443773
CollegeMsg,2.0,0,3.0,0.47315430860471763,0.1596385259459295,0.5,0.0,0.71280276816609,0.34838149063294954,0.1427936641052617,0.0,0.0,0.5953757225433526,0.39741196469743184,0.15050725179464178,0.0,0.0,0.6488188976377952
CollegeMsg,2.0,0,5.0,0.4814113850977359,0.1610689464036748,0.0,0.0,0.7162629757785467,0.3563404783680405,0.1467272100933044,0.0,0.0,0.6108597285067874,0.4058342337491026,0.15474553060976484,0.0,0.0,0.6529625151148731
CollegeMsg,2.0,0.1,0,0.3492676017349168,0.15131190473137732,0.0,0.0,0.6580459770114943,0.2593954584949501,0.1253647102428565,0.0,0.0,0.5452380952380952,0.29536772367845965,0.13561392108811007,0.0,0.0,0.5963541666666666
CollegeMsg,2.0,0.1,0.1,0.3517642923222436,0.1560760475136524,0.0,0.0,0.6612244897959184,0.26265702929940005,0.13155395453603866,0.0,0.0,0.5357142857142857,0.2984291125584367,0.14172633813301497,0.0,0.0,0.5859375000000001
CollegeMsg,2.0,0.1,0.25,0.37053064354046694,0.14980484733072094,0.0,0.0,0.6489795918367347,0.2729655101604898,0.12826146338144365,0.0,0.0,0.5238095238095238,0.3111521951209309,0.13749783290943413,0.0,0.0,0.5729166666666667
CollegeMsg,2.0,0.1,0.5,0.3955452696292379,0.1602965957491798,0.0,0.0,1.0,0.2916564402208717,0.1330114414420262,0.0,0.0,0.5424528301886793,0.3326879726240758,0.14326215533122186,0.0,0.0,0.6666666666666666
CollegeMsg,2.0,0.1,0.75,0.40361309302130044,0.1663313229989455,0.0,0.0,1.0,0.29886513626752165,0.13613759989578175,0.0,0.0,0.5666666666666667,0.34073885934487536,0.14742456088712902,0.0,0.0,0.6666666666666666
CollegeMsg,2.0,0.1,1.0,0.4189101565205496,0.15433498243046115,0.0,0.0,0.689795918367347,0.3095279249716208,0.13404976853717515,0.0,0.0,0.5520231213872833,0.352830690421107,0.14274535105421718,0.0,0.0,0.6015748031496063
CollegeMsg,2.0,0.1,2.0,0.4466089162650001,0.17014836177105697,0.0,0.0,0.7196969696969697,0.3331509583185955,0.14524939973368886,0.0,0.0,0.583710407239819,0.3790889575413758,0.15580113935347567,0.0,0.0,0.6380208333333334
CollegeMsg,2.0,0.1,3.0,0.4752429585949146,0.16193527442189815,0.0,0.0,0.7391304347826086,0.35038929704172267,0.1450164970268957,0.0,0.0,0.6018099547511312,0.39941354037473803,0.15319305117526197,0.0,0.0,0.6519685039370079
CollegeMsg,2.0,0.1,5.0,0.48410472352913636,0.1588533174431862,0.0,0.0,0.7370242214532872,0.35793766965571366,0.1453362382663559,0.0,0.0,0.615606936416185,0.40779687905580997,0.15299326474618055,0.0,0.0,0.6708661417322834
CollegeMsg,2.0,0.25,0,0.368980384785241,0.14929362546556196,0.0,0.0,0.6666666666666666,0.2699116506240882,0.1262509629906622,0.0,0.0,0.5357142857142857,0.30799086030317735,0.13510331094959446,0.0,0.0,0.5931174089068826
CollegeMsg,2.0,0.25,0.1,0.372538547548196,0.1541623915427996,0.0,0.0,0.689795918367347,0.2751979555563504,0.12831667549479436,0.0,0.0,0.5491329479768786,0.31383458298643874,0.13803493216893792,0.0,0.0,0.5984251968503936
CollegeMsg,2.0,0.25,0.25,0.3807382694026218,0.15407256496474894,0.0,0.0,0.6704545454545454,0.28177702961635126,0.13419796394384412,0.0,0.0,0.546242774566474,0.32087986678614505,0.14321392536891053,0.0,0.0,0.597165991902834
CollegeMsg,2.0,0.25,0.5,0.39366304148699965,0.15763684865671818,0.0,0.0,0.689795918367347,0.2917641578172771,0.13761659317669458,0.0,0.0,0.5520361990950227,0.33204149583131254,0.14700095323156376,0.0,0.0,0.5963541666666666
CollegeMsg,2.0,0.25,0.75,0.41352309313286234,0.15619192932690437,0.0,0.0,0.6839080459770115,0.3067903669201907,0.13734006580083336,0.0,0.0,0.5746606334841629,0.3493240677810364,0.14596785577243254,0.0,0.0,0.6197916666666666
CollegeMsg,2.0,0.25,1.0,0.4191204222315598,0.1554720248106007,0.0,0.0,0.7121212121212122,0.3092883759577535,0.13822757933628005,0.0,0.0,0.5785714285714286,0.35251666335382964,0.1463551845233775,0.0,0.0,0.6328125000000001
CollegeMsg,2.0,0.25,2.0,0.4539265438341577,0.16085414789783298,0.0,0.0,0.71280276816609,0.3362071331658285,0.14450842517733883,0.0,0.0,0.6040723981900452,0.3827906590106044,0.15283193171727497,0.0,0.0,0.6488188976377952
CollegeMsg,2.0,0.25,3.0,0.4745055425825698,0.15784475863638528,0.0,0.0,0.726643598615917,0.35042394061160975,0.14419910143386358,0.0,0.0,0.6153846153846154,0.39934499358565445,0.15187702922607843,0.0,0.0,0.6614173228346457
CollegeMsg,2.0,0.25,5.0,0.48916633027065665,0.16410441730803593,0.0,0.0,1.0,0.3610732605751943,0.14727090449170077,0.0,0.0,0.6108597285067874,0.41169996696238514,0.15574322546389183,0.0,0.0,0.6666666666666666
CollegeMsg,2.0,0.5,0,0.37956383827790424,0.15482495192638984,0.0,0.0,0.6737588652482269,0.2794598317202575,0.13289832892191075,0.0,0.0,0.5523809523809524,0.3185817457577404,0.14257846876820968,0.0,0.0,0.6041666666666666
CollegeMsg,2.0,0.5,0.1,0.3863439178312489,0.15860841419389868,0.0,0.0,0.6857142857142857,0.28633209573693724,0.1350184612630023,0.0,0.0,0.5571428571428572,0.32608343526317585,0.14480524169579737,0.0,0.0,0.609375
CollegeMsg,2.0,0.5,0.25,0.3861549232457316,0.15854808051056535,0.0,0.0,0.6840909090909091,0.2883648349195916,0.13875815606084368,0.0,0.0,0.5547619047619048,0.32763629882729517,0.1481501788829547,0.0,0.0,0.6093117408906882
CollegeMsg,2.0,0.5,0.5,0.40350960122130713,0.16762459275802952,0.0,0.0,0.7045454545454546,0.30078687879141436,0.14170318949389724,0.0,0.0,0.581447963800905,0.3421961830960668,0.15255051365151448,0.0,0.0,0.6275303643724697
CollegeMsg,2.0,0.5,0.75,0.4332585200780695,0.15815374205044314,0.0,0.0,1.0,0.3188790978357351,0.13940499382356808,0.0,0.0,0.5731132075471698,0.36368596555574784,0.1481022879914166,0.0,0.0,0.6666666666666666
CollegeMsg,2.0,0.5,1.0,0.44019551497283504,0.16549030075782545,0.0,0.0,0.7217391304347827,0.32659764345415737,0.14229326811789544,0.0,0.0,0.5833333333333334,0.37204807268941065,0.15187105211594915,0.0,0.0,0.6434108527131783
CollegeMsg,2.0,0.5,2.0,0.4629632621282275,0.16725776813171667,0.0,0.0,0.740484429065744,0.34352483827009256,0.14738230102594674,0.0,0.0,0.6184971098265896,0.39111877928303534,0.1561402285037795,0.0,0.0,0.6740157480314961
CollegeMsg,2.0,0.5,3.0,0.47977730782107025,0.16777852076676936,0.0,0.0,0.740484429065744,0.35511544080576124,0.1485046865093732,0.0,0.0,0.6184971098265896,0.4046840432814196,0.15751861711907852,0.0,0.0,0.6740157480314961
CollegeMsg,2.0,0.5,5.0,0.48730054006841816,0.1675796326552557,0.0,0.0,0.7348484848484849,0.3607643682781571,0.1492844423780277,0.0,0.0,0.6131221719457014,0.41108364148385623,0.15785558913390918,0.0,0.0,0.667716535433071
CollegeMsg,2.0,0.75,0,0.40199395777649116,0.16153547983071256,0.0,0.0,1.0,0.2968601218424919,0.13449934360149607,0.0,0.0,0.581447963800905,0.33863179646438335,0.14464556726913166,0.0,0.0,0.6666666666666666
CollegeMsg,2.0,0.75,0.1,0.404788369861002,0.16324940091092718,0.0,0.0,1.0,0.2980561340226558,0.13723191732700762,0.0,0.0,0.5520231213872833,0.3400734805890969,0.14724982415718393,0.0,0.0,0.6666666666666666
CollegeMsg,2.0,0.75,0.25,0.40868862934225464,0.16226487394095962,0.0,0.0,0.7272727272727273,0.3040697434849805,0.14076671277407649,0.0,0.0,0.5714285714285714,0.3458958776947399,0.15034699045291536,0.0,0.0,0.6389351081530783
CollegeMsg,2.0,0.75,0.5,0.4168702193387152,0.1682281769101619,0.0,0.0,0.7196969696969697,0.30881707959367144,0.14201435035307167,0.0,0.0,0.5780346820809249,0.35178537944478316,0.15239740499795626,0.0,0.0,0.632279534109817
CollegeMsg,2.0,0.75,0.75,0.43834239351421067,0.16729079673170488,0.0,0.0,1.0,0.32265724689537373,0.14326175669933122,0.0,0.0,0.5952380952380952,0.36798913642713443,0.15332858152380702,0.0,0.0,0.6666666666666666
CollegeMsg,2.0,0.75,1.0,0.4457282756349048,0.16008781867617064,0.0,0.0,0.7234848484848485,0.32892051729434796,0.1436833768515811,0.0,0.0,0.5927601809954751,0.3746704539215802,0.1519428492094934,0.0,0.0,0.6432291666666666
CollegeMsg,2.0,0.75,2.0,0.4754949553003083,0.1656283404285637,0.0,0.0,0.7428571428571429,0.35126211555884435,0.14819596473787783,0.0,0.0,0.615606936416185,0.40024154066900125,0.15674933112917214,0.0,0.0,0.6708661417322834
CollegeMsg,2.0,0.75,3.0,0.4839517225836877,0.1705998880390582,0.0,0.0,0.7370242214532872,0.35894549475942317,0.15121697291690855,0.0,0.0,0.615606936416185,0.4088269073274693,0.1605125220614943,0.0,0.0,0.6708661417322834
CollegeMsg,2.0,0.75,5.0,0.49079385345368143,0.1629226649036469,0.0,0.0,0.7391304347826086,0.3632518074329638,0.14924537494496712,0.0,0.0,0.615606936416185,0.4137837145873028,0.15726529207060672,0.0,0.0,0.6708661417322834
CollegeMsg,2.0,1.0,0,0.4160787140880498,0.15663287723083552,0.0,0.0,1.0,0.30208139265910355,0.13558795346409738,0.0,0.0,0.5595238095238095,0.3450066389085369,0.14311863026488222,0.0,0.0,0.6119791666666667
CollegeMsg,2.0,1.0,0.1,0.41355182527646733,0.16190133369670107,0.0,0.0,0.7159090909090909,0.30650733319675766,0.1396573006149484,0.0,0.0,0.5714285714285714,0.34909301434829976,0.14947661270641946,0.0,0.0,0.6289517470881864
CollegeMsg,2.0,1.0,0.25,0.4212366198354153,0.1661457289571756,0.0,0.0,0.7121212121212122,0.3124884197380997,0.14389416790014822,0.0,0.0,0.569364161849711,0.3557202505323776,0.15390403423372936,0.0,0.0,0.6256239600665559
CollegeMsg,2.0,1.0,0.5,0.43452861468367643,0.16718724147849234,0.0,0.0,0.7197231833910035,0.3219154216922939,0.14481905114275476,0.0,0.0,0.6011560693641619,0.3664632603115717,0.15406458110313787,0.0,0.0,0.6551181102362205
CollegeMsg,2.0,1.0,0.75,0.43885223039435123,0.16512209841414677,0.0,0.0,0.7159090909090909,0.32595913173962726,0.14360482536661545,0.0,0.0,0.5882352941176471,0.37116896757034207,0.15307448660000708,0.0,0.0,0.6330708661417322
CollegeMsg,2.0,1.0,1.0,0.45032599688652586,0.1626194355362453,0.0,0.0,0.7424242424242424,0.3316263137634221,0.14298723357402376,0.0,0.0,0.5982658959537572,0.3781831202219381,0.15202542213072784,0.0,0.0,0.6522462562396008
CollegeMsg,2.0,1.0,2.0,0.48058661499153005,0.17139079768209947,0.0,0.0,1.0,0.3544675923721064,0.14742992523513943,0.0,0.0,0.6098265895953757,0.4044048906295208,0.1571969329205364,0.0,0.0,0.6666666666666666
CollegeMsg,2.0,1.0,3.0,0.4908534554370067,0.16894119788326953,0.0,0.0,0.7462121212121212,0.3637041877453911,0.14976037687053498,0.0,0.0,0.6213872832369942,0.4143189352416923,0.1587725838654152,0.0,0.0,0.6771653543307086
CollegeMsg,2.0,1.0,5.0,0.501212947618744,0.1687424662298079,0.0,0.0,1.0,0.36965838801287526,0.14979362358854026,0.0,0.0,0.6242774566473989,0.4215572123071069,0.1588401539696185,0.0,0.0,0.6803149606299213
CollegeMsg,2.0,2.0,0,0.4352616514170878,0.1645918204751625,0.0,0.0,0.7310606060606061,0.3222429821029459,0.14181623697636553,0.0,0.0,0.5924855491329479,0.36724598558433563,0.1515213230755733,0.0,0.0,0.6456692913385826
CollegeMsg,2.0,2.0,0.1,0.44216765799735586,0.161618891792026,0.0,0.0,0.7308970099667774,0.32604551748653865,0.1419062324352289,0.0,0.0,0.582010582010582,0.37160888958943616,0.15065774286188716,0.0,0.0,0.6423357664233577
CollegeMsg,2.0,2.0,0.25,0.44654061742296586,0.16574678683702698,0.0,0.0,0.7386363636363636,0.3299507711207783,0.1441805590029495,0.0,0.0,0.6023809523809524,0.37602418517646985,0.15397170034715413,0.0,0.0,0.6588541666666666
CollegeMsg,2.0,2.0,0.5,0.4594663266728517,0.1636682609088065,0.0,0.0,0.7350993377483444,0.3397636805527075,0.14774609483389636,0.0,0.0,0.6108597285067874,0.386947900164878,0.1560925042463501,0.0,0.0,0.6529625151148731
CollegeMsg,2.0,2.0,0.75,0.46362464074409476,0.17040736497072706,0.0,0.0,1.0,0.3422497583427696,0.14615321346444363,0.0,0.0,0.5972850678733032,0.39034274264672025,0.1560194038564775,0.0,0.0,0.6666666666666666
CollegeMsg,2.0,2.0,1.0,0.4672252197362275,0.17263353142855395,0.0,0.0,0.7439024390243902,0.3473683834563476,0.1498659336641067,0.0,0.0,0.6040462427745664,0.3954880861191163,0.15971318116709107,0.0,0.0,0.6588541666666666
CollegeMsg,2.0,2.0,2.0,0.48791116795114037,0.16924780950329396,0.0,0.0,0.7613636363636364,0.3619397574457861,0.15039657944044998,0.0,0.0,0.6127167630057804,0.4123482021422904,0.159339588006464,0.0,0.0,0.6688851913477537
CollegeMsg,2.0,2.0,3.0,0.49291264779358385,0.16883140174905661,0.0,0.0,0.7727272727272727,0.3637134456981004,0.15182737465885043,0.0,0.0,0.615606936416185,0.4146288763271667,0.16002605623464589,0.0,0.0,0.6788685524126455
CollegeMsg,2.0,2.0,5.0,0.5052548537384319,0.16354492654634628,0.5,0.0,0.7575757575757576,0.371501736768855,0.1504190837236705,0.0,0.0,0.630057803468208,0.42374057544609867,0.15829515944162398,0.0,0.0,0.6866141732283465
CollegeMsg,2.0,3.0,0,0.4474463776691478,0.16847294477821048,0.0,0.0,0.7441860465116279,0.3317740410850031,0.14714287449847,0.0,0.0,0.5904761904761905,0.3775682787608321,0.15702057245356618,0.0,0.0,0.6540145985401459
CollegeMsg,2.0,3.0,0.1,0.45592219626020974,0.15721332335909194,0.0,0.0,0.7246376811594203,0.3360737982803478,0.14201195442776865,0.0,0.0,0.5927601809954751,0.3832052302291036,0.150092510511235,0.0,0.0,0.6459948320413437
CollegeMsg,2.0,3.0,0.25,0.45466942353004774,0.16778089970244395,0.0,0.0,0.7439024390243902,0.337246423791401,0.14698194297672657,0.0,0.0,0.6153846153846154,0.38405020811920476,0.1564914342476681,0.0,0.0,0.6577992744860944
CollegeMsg,2.0,3.0,0.5,0.46478935870473714,0.16641954973960787,0.0,0.0,0.7342192691029901,0.3446482255838911,0.14543279794817604,0.0,0.0,0.6040462427745664,0.3926148677915158,0.15447051069257645,0.0,0.0,0.6582677165354331
CollegeMsg,2.0,3.0,0.75,0.47411554622392715,0.16437019338352477,0.0,0.0,0.7242524916943521,0.35041889414530775,0.14462993259594464,0.0,0.0,0.6040723981900452,0.399477893540401,0.15334050308436004,0.0,0.0,0.6582677165354331
CollegeMsg,2.0,3.0,1.0,0.4702545802896651,0.17075549616359056,0.0,0.0,0.7378048780487805,0.34792478047493797,0.15011252954809884,0.0,0.0,0.6063348416289592,0.39626218788984124,0.15979555729835715,0.0,0.0,0.6582677165354331
CollegeMsg,2.0,3.0,2.0,0.500586439981025,0.16571460290728696,0.0,0.0,1.0,0.3670440701358468,0.14685117718200777,0.0,0.0,0.6127167630057804,0.41928952475795983,0.15547300684929874,0.0,0.0,0.6688851913477537
CollegeMsg,2.0,3.0,3.0,0.49811792301157004,0.172813620605652,0.0,0.0,0.7681660899653979,0.36913347033141786,0.15350461632744652,0.0,0.0,0.6416184971098265,0.4203815240413721,0.16252502981925057,0.0,0.0,0.6992125984251968
CollegeMsg,2.0,3.0,5.0,0.5037197512993552,0.17624303522570064,0.0,0.0,0.7689393939393939,0.37357642391492585,0.15510462780327303,0.0,0.0,0.6358381502890174,0.42550838216771686,0.1647946929411716,0.0,0.0,0.6929133858267716
CollegeMsg,2.0,5.0,0,0.45525657220509785,0.17107098602447895,0.0,0.0,0.7275362318840579,0.3364689741171168,0.1467692305288574,0.0,0.0,0.585081585081585,0.3835293327408335,0.15710868179559126,0.0,0.0,0.6485788113695089
CollegeMsg,2.0,5.0,0.1,0.4583836246719696,0.1636652432363411,0.0,0.0,0.7310606060606061,0.33880868518586676,0.14381635847968235,0.0,0.0,0.5928571428571429,0.3862192594219479,0.15291446978433346,0.0,0.0,0.6484375
CollegeMsg,2.0,5.0,0.25,0.45732102953356174,0.16782148047744655,0.0,0.0,0.7275362318840579,0.33906137111489437,0.1457250450683357,0.0,0.0,0.5882352941176471,0.3862502697980202,0.15525387610943037,0.0,0.0,0.6485788113695089
CollegeMsg,2.0,5.0,0.5,0.47061572173063265,0.16343859685561654,0.0,0.0,1.0,0.34586773481566985,0.14219408583914742,0.0,0.0,0.6069364161849711,0.39489289129431404,0.15090185844633452,0.0,0.0,0.6666666666666666
CollegeMsg,2.0,5.0,0.75,0.4726150547212203,0.1713542795731146,0.0,0.0,1.0,0.3477752063535879,0.14631465321290119,0.0,0.0,0.5995475113122172,0.3969594453369649,0.15639508160106325,0.0,0.0,0.6666666666666666
CollegeMsg,2.0,5.0,1.0,0.47428422622092525,0.16122002431077107,0.0,0.0,0.7537878787878788,0.34898072657993773,0.14526349630734417,0.0,0.0,0.6040723981900452,0.39809125884184704,0.1535716333179311,0.0,0.0,0.6622296173044925
CollegeMsg,2.0,5.0,2.0,0.4871181387062429,0.17026265195804607,0.0,0.0,1.0,0.3595898957436349,0.1482098584011691,0.0,0.0,0.6127167630057804,0.41023956371078835,0.15761584406379314,0.0,0.0,0.667716535433071
CollegeMsg,2.0,5.0,3.0,0.5003277561819084,0.1671625530783481,0.0,0.0,1.0,0.36842354011931105,0.1470513300414694,0.0,0.0,0.6213872832369942,0.42048501412842004,0.15557211934749635,0.0,0.0,0.6771653543307086
CollegeMsg,2.0,5.0,5.0,0.5067014711162297,0.17314896942226404,0.0,0.0,0.7803030303030303,0.37494687206404287,0.15270989343308608,0.0,0.0,0.638728323699422,0.42733209253233945,0.16196352811091072,0.0,0.0,0.6960629921259843
CollegeMsg,3.0,0,0,0.3294542408267455,0.13905662210691205,0.0,0.0,0.6235632183908046,0.2434685910703068,0.11960593864418356,0.0,0.0,0.5166666666666667,0.2773525558006844,0.12828467650387151,0.0,0.0,0.5651041666666666
CollegeMsg,3.0,0,0.1,0.33800820272852716,0.15223352407449525,0.0,0.0,1.0,0.24815771977530662,0.12135365220087309,0.0,0.0,0.5095238095238095,0.2833789117020099,0.1320592725215693,0.0,0.0,0.6666666666666666
CollegeMsg,3.0,0,0.25,0.34789012703985805,0.1476324708891765,0.0,0.0,1.0,0.25515741082974214,0.11984298958169186,0.0,0.0,0.530952380952381,0.2916922393825602,0.1301675263844334,0.0,0.0,0.6666666666666666
CollegeMsg,3.0,0,0.5,0.36474589531225177,0.15394205931391036,0.0,0.0,1.0,0.26949831279412384,0.1261125198715746,0.0,0.0,0.5261904761904762,0.3074214427160268,0.1369561576974978,0.0,0.0,0.6666666666666666
CollegeMsg,3.0,0,0.75,0.37725084450881397,0.15594825963744333,0.0,0.0,0.6795454545454546,0.2786608015734865,0.13230164911893197,0.0,0.0,0.5475113122171946,0.31752282696576545,0.14184317529334386,0.0,0.0,0.605263157894737
CollegeMsg,3.0,0,1.0,0.3875782899456735,0.16665137483762188,0.0,0.0,0.6704545454545454,0.2882707246169236,0.14075552288561438,0.0,0.0,0.5566037735849056,0.3279104945991358,0.1514620561629744,0.0,0.0,0.6041666666666666
CollegeMsg,3.0,0,2.0,0.44651060901727746,0.16151552118829732,0.0,0.0,1.0,0.32780843483062605,0.14137141761267777,0.0,0.0,0.5880952380952381,0.3740026564451522,0.149963378522763,0.0,0.0,0.6666666666666666
CollegeMsg,3.0,0,3.0,0.46557275745024546,0.15894983363124063,0.0,0.0,0.7238095238095238,0.3430543115387224,0.14219831418956322,0.0,0.0,0.5995475113122172,0.39111977687475613,0.15038327489003955,0.0,0.0,0.6456692913385826
CollegeMsg,3.0,0,5.0,0.47152594581750573,0.16248316251172143,0.0,0.0,0.7301038062283737,0.34993365971579277,0.1472844602474846,0.0,0.0,0.6098265895953757,0.39827856776309756,0.1555807162039766,0.0,0.0,0.6645669291338583
CollegeMsg,3.0,0.1,0,0.33262499069107665,0.1468286130307333,0.0,0.0,0.6235632183908046,0.2457725772425363,0.12545504090904075,0.0,0.0,0.5202312138728323,0.2797513880282235,0.13477516975834997,0.0,0.0,0.5669291338582676
CollegeMsg,3.0,0.1,0.1,0.3448290218299867,0.1540336305829969,0.0,0.0,1.0,0.2523061526554282,0.12386617545440778,0.0,0.0,0.5214285714285715,0.2882614608519834,0.13517325887899806,0.0,0.0,0.6666666666666666
CollegeMsg,3.0,0.1,0.25,0.34955301623299273,0.15252826719385867,0.0,0.0,0.6522727272727272,0.2593490460707853,0.12734406072935658,0.0,0.0,0.5333333333333333,0.29530604396202936,0.13761704608287587,0.0,0.0,0.5833333333333333
CollegeMsg,3.0,0.1,0.5,0.37025280208819406,0.15862940430526357,0.0,0.0,1.0,0.27412942008144436,0.12937630561660535,0.0,0.0,0.5491329479768786,0.3125076594994777,0.14059960347904432,0.0,0.0,0.6666666666666666
CollegeMsg,3.0,0.1,0.75,0.3840503567536231,0.15422151899646058,0.0,0.0,0.6795454545454546,0.28413193973698636,0.13351114665342742,0.0,0.0,0.5523809523809524,0.32360484691022523,0.1427291514501766,0.0,0.0,0.605263157894737
CollegeMsg,3.0,0.1,1.0,0.39854776842283485,0.1605554939054964,0.0,0.0,1.0,0.29483791444036606,0.13480803280397335,0.0,0.0,0.5520361990950227,0.33608620958101937,0.14488235813607275,0.0,0.0,0.6666666666666666
CollegeMsg,3.0,0.1,2.0,0.4449058105039497,0.16237756403702078,0.0,0.0,0.7183673469387755,0.32939541519353616,0.14190041514961965,0.0,0.0,0.5950226244343891,0.3751932559654653,0.15069036734538557,0.0,0.0,0.6360338573155986
CollegeMsg,3.0,0.1,3.0,0.4658136289363807,0.16210555931905887,0.0,0.0,0.7126436781609196,0.34521045871503664,0.14413631080855027,0.0,0.0,0.5995475113122172,0.3932372076313008,0.15271925767963657,0.0,0.0,0.6458333333333334
CollegeMsg,3.0,0.1,5.0,0.47853299816383676,0.1588380289363829,0.0,0.0,0.726643598615917,0.35380283003806234,0.145841868153598,0.0,0.0,0.6069364161849711,0.40308673171430076,0.15354145777327213,0.0,0.0,0.6614173228346457
CollegeMsg,3.0,0.25,0,0.34071566930290553,0.14967632855695198,0.0,0.0,0.6409090909090909,0.2533695669650069,0.12549200600132684,0.0,0.0,0.5238095238095238,0.28850571115167856,0.13540615536846748,0.0,0.0,0.5729166666666667
CollegeMsg,3.0,0.25,0.1,0.347414010881379,0.15237303325469662,0.0,0.0,0.6551724137931034,0.25917889612100764,0.1295170149860296,0.0,0.0,0.5428571428571428,0.29466575050779586,0.13930661311681694,0.0,0.0,0.5937499999999999
CollegeMsg,3.0,0.25,0.25,0.36464252290365995,0.15771655515644456,0.0,0.0,1.0,0.2697578621340019,0.12972155070350752,0.0,0.0,0.5642857142857143,0.3074921508226637,0.14050406960717726,0.0,0.0,0.6666666666666666
CollegeMsg,3.0,0.25,0.5,0.38447212392412883,0.15734984455481602,0.0,0.0,1.0,0.2838841034486199,0.13181062371966978,0.0,0.0,0.5666666666666667,0.3237494988034029,0.1420012586752289,0.0,0.0,0.6666666666666666
CollegeMsg,3.0,0.25,0.75,0.3853030626391049,0.15894805441616364,0.0,0.0,0.6637931034482759,0.28748618008106347,0.1349650193438962,0.0,0.0,0.55,0.3269852858267026,0.14507725881944597,0.0,0.0,0.6015625
CollegeMsg,3.0,0.25,1.0,0.40594597537452126,0.16237612650001187,0.0,0.0,0.6931818181818182,0.3024001538624239,0.13775887624035663,0.0,0.0,0.5714285714285714,0.34411802098524935,0.14781538528044785,0.0,0.0,0.625
CollegeMsg,3.0,0.25,2.0,0.4531218327726102,0.1606419871599442,0.0,0.0,0.7386363636363636,0.3347629332428627,0.14407803546489273,0.0,0.0,0.5924855491329479,0.38134798514189594,0.1522028326821248,0.0,0.0,0.64891846921797
CollegeMsg,3.0,0.25,3.0,0.4684252985317514,0.1621094383134696,0.0,0.0,0.71280276816609,0.34713062464739897,0.14556661477721142,0.0,0.0,0.6108597285067874,0.3952848728370068,0.15405248687978412,0.0,0.0,0.6529625151148731
CollegeMsg,3.0,0.25,5.0,0.48544252937447685,0.16243271004348608,0.0,0.0,0.726643598615917,0.3592757579230811,0.1464712117944581,0.0,0.0,0.6131221719457014,0.4092675244221888,0.15487822729391929,0.0,0.0,0.6614173228346457
CollegeMsg,3.0,0.5,0,0.36304376737982463,0.1492776573954073,0.0,0.0,0.6724137931034483,0.2676297753966049,0.12880374140221698,0.0,0.0,0.5571428571428572,0.3050993365691777,0.13800510205586486,0.0,0.0,0.609375
CollegeMsg,3.0,0.5,0.1,0.3755805300729697,0.1515771684865992,0.0,0.0,0.6612244897959184,0.2772735019013943,0.1285035296901219,0.0,0.0,0.5248868778280543,0.31617006463702385,0.1380300405467316,0.0,0.0,0.576923076923077
CollegeMsg,3.0,0.5,0.25,0.38482380483691825,0.15922480728873434,0.0,0.0,1.0,0.28205978370842466,0.13278539091415792,0.0,0.0,0.5635838150289018,0.32204132508068556,0.14309578642779638,0.0,0.0,0.6666666666666666
CollegeMsg,3.0,0.5,0.5,0.39136369322315856,0.15950099325543582,0.0,0.0,0.6867816091954023,0.2914264920651842,0.1375330379380508,0.0,0.0,0.569047619047619,0.3312678814995256,0.14738428596900882,0.0,0.0,0.6223958333333334
CollegeMsg,3.0,0.5,0.75,0.41177787742600014,0.15827618124709095,0.0,0.0,0.7301038062283737,0.30570065200633517,0.13794088221333728,0.0,0.0,0.6098265895953757,0.3480305234577005,0.14695224455649958,0.0,0.0,0.6645669291338583
CollegeMsg,3.0,0.5,1.0,0.4219201915154928,0.15536941253200684,0.0,0.0,0.7113636363636363,0.3105076014140365,0.13842821531409663,0.0,0.0,0.580952380952381,0.35392621052472417,0.14655919915628726,0.0,0.0,0.6354166666666667
CollegeMsg,3.0,0.5,2.0,0.45439989020051225,0.16990871363725876,0.0,0.0,0.7196969696969697,0.33753279200789243,0.14714224386796346,0.0,0.0,0.5953757225433526,0.38426550174894647,0.15710133771842633,0.0,0.0,0.6488188976377952
CollegeMsg,3.0,0.5,3.0,0.4796862429278564,0.16610447126995667,0.0,0.0,1.0,0.3529114474457267,0.14504682874039643,0.0,0.0,0.5952380952380952,0.4026659338044683,0.15401825207398515,0.0,0.0,0.6666666666666666
CollegeMsg,3.0,0.5,5.0,0.4828302888210654,0.17192910338816197,0.0,0.0,0.7304347826086957,0.3596454863560586,0.15117008218939543,0.0,0.0,0.6011560693641619,0.409186897181409,0.160616175784201,0.0,0.0,0.6551181102362205
CollegeMsg,3.0,0.75,0,0.3710992317796157,0.15972289098796613,0.0,0.0,0.6839080459770115,0.2739388620807367,0.1358792318190811,0.0,0.0,0.5666666666666667,0.3121045414851894,0.14619617554273542,0.0,0.0,0.6197916666666666
CollegeMsg,3.0,0.75,0.1,0.38360773172746404,0.16179437178649142,0.0,0.0,0.6818181818181818,0.2855074576093908,0.13740330104267318,0.0,0.0,0.55,0.3246967431633462,0.14742269892862989,0.0,0.0,0.6072874493927125
CollegeMsg,3.0,0.75,0.25,0.39395324240567997,0.1634876019160321,0.0,0.0,1.0,0.29191413057766297,0.1365200572747406,0.0,0.0,0.5610859728506787,0.33266195238833557,0.147348134302721,0.0,0.0,0.6666666666666666
CollegeMsg,3.0,0.75,0.5,0.4026060405645392,0.1644437001796057,0.0,0.0,0.7009966777408638,0.3000182104961928,0.14063472218908027,0.0,0.0,0.5666666666666667,0.34114088119469194,0.15101815004538025,0.0,0.0,0.6197916666666666
CollegeMsg,3.0,0.75,0.75,0.42471451819934836,0.1587531677295329,0.0,0.0,0.7040229885057471,0.3139492672243156,0.138664810037106,0.0,0.0,0.5838150289017341,0.35782415470228723,0.1474736429595002,0.0,0.0,0.6380208333333334
CollegeMsg,3.0,0.75,1.0,0.4332818155180051,0.16562150123942854,0.0,0.0,0.7378048780487805,0.32142207653993454,0.14266276343458248,0.0,0.0,0.5895953757225434,0.36597237846562497,0.15250677274698282,0.0,0.0,0.6457489878542509
CollegeMsg,3.0,0.75,2.0,0.4676446042551322,0.16379737146034856,0.0,0.0,0.7217391304347827,0.3462766465649875,0.1465453416393429,0.0,0.0,0.6011560693641619,0.3943894933508711,0.15538503655168356,0.0,0.0,0.6551181102362205
CollegeMsg,3.0,0.75,3.0,0.4807974893748792,0.16236320333840382,0.0,0.0,0.7275362318840579,0.3558301351367509,0.14499505619289393,0.0,0.0,0.5982658959537572,0.40551425951906755,0.15315148636519685,0.0,0.0,0.6519685039370079
CollegeMsg,3.0,0.75,5.0,0.49943111978281163,0.16452983815194608,0.0,0.0,1.0,0.36743700637187254,0.14663809576448883,0.0,0.0,0.6151079136690647,0.41931438288608436,0.15502236326253221,0.0,0.0,0.6666666666666666
CollegeMsg,3.0,1.0,0,0.3923885918633181,0.15666889647327661,0.0,0.0,0.6877076411960132,0.2885201657798368,0.1359143038514938,0.0,0.0,0.5666666666666667,0.3289336845324871,0.14496484763045422,0.0,0.0,0.6197916666666666
CollegeMsg,3.0,1.0,0.1,0.3967309934102034,0.1601856647851103,0.0,0.0,0.7024221453287197,0.2948847854687579,0.1378161255796896,0.0,0.0,0.5867052023121387,0.3355503834210839,0.14749991279754715,0.0,0.0,0.6393700787401575
CollegeMsg,3.0,1.0,0.25,0.39982004053456105,0.16403244807778217,0.0,0.0,0.7020408163265306,0.29533959950516714,0.14112237364711058,0.0,0.0,0.5666666666666667,0.3364512712382702,0.1509208153765219,0.0,0.0,0.6234817813765182
CollegeMsg,3.0,1.0,0.5,0.4191509813098559,0.15718549464003964,0.0,0.0,0.7083333333333334,0.3090488390325792,0.13864343002605636,0.0,0.0,0.579185520361991,0.35233472266949,0.14760622850389477,0.0,0.0,0.6233766233766234
CollegeMsg,3.0,1.0,0.75,0.43526453135118703,0.16377559561133895,0.0,0.0,0.7234848484848485,0.323043435274952,0.14128136259343343,0.0,0.0,0.5895953757225434,0.36789912903088184,0.1505613004629776,0.0,0.0,0.6425196850393701
CollegeMsg,3.0,1.0,1.0,0.4438246679483213,0.16383449482423498,0.0,0.0,1.0,0.32728196476147153,0.14240241667739395,0.0,0.0,0.5982658959537572,0.3731762646583845,0.15178942262683046,0.0,0.0,0.6666666666666666
CollegeMsg,3.0,1.0,2.0,0.47073216382252897,0.16552062488003608,0.0,0.0,0.7439446366782007,0.3486423147047612,0.14695788424949818,0.0,0.0,0.6213872832369942,0.3970972470623189,0.15556359058475944,0.0,0.0,0.6771653543307086
CollegeMsg,3.0,1.0,3.0,0.4834264156850625,0.17262609899290485,0.0,0.0,1.0,0.3577179052550466,0.14891674021204773,0.0,0.0,0.6061320754716981,0.4078358637824038,0.15883561297199414,0.0,0.0,0.6666666666666666
CollegeMsg,3.0,1.0,5.0,0.49324874660876705,0.16717105043467356,0.0,0.0,1.0,0.36369370355626846,0.14844777761136194,0.0,0.0,0.6242774566473989,0.41477819463836757,0.15715292241711273,0.0,0.0,0.6803149606299213
CollegeMsg,3.0,2.0,0,0.42530094438602356,0.16189099147777158,0.0,0.0,1.0,0.31355726131383294,0.1383114788188076,0.0,0.0,0.5738095238095238,0.3576732295393053,0.14760233251353275,0.0,0.0,0.6666666666666666
CollegeMsg,3.0,2.0,0.1,0.42833812925701836,0.1583883769158959,0.0,0.0,0.7242524916943521,0.3159655025575865,0.14017946432638295,0.0,0.0,0.5838150289017341,0.36010197418917,0.1487038143265753,0.0,0.0,0.6364963503649634
CollegeMsg,3.0,2.0,0.25,0.44019869130672684,0.15691260781259803,0.0,0.0,0.7234848484848485,0.3246165169295217,0.13902087458946571,0.0,0.0,0.5895953757225434,0.37023223478424105,0.1471872602506068,0.0,0.0,0.6425196850393701
CollegeMsg,3.0,2.0,0.5,0.4514318553821792,0.17002786039873286,0.0,0.0,1.0,0.3332313317196571,0.142838475777851,0.0,0.0,0.6040462427745664,0.3801422201219549,0.15309478594459844,0.0,0.0,0.6666666666666666
CollegeMsg,3.0,2.0,0.75,0.45831789287622615,0.1677643534473411,0.0,0.0,0.7408637873754153,0.339459659970204,0.14474315134456334,0.0,0.0,0.6,0.386817308234399,0.15439321387470664,0.0,0.0,0.65625
CollegeMsg,3.0,2.0,1.0,0.45602307170733414,0.1655174644093025,0.0,0.0,0.7386363636363636,0.33701961886568094,0.14497318802254638,0.0,0.0,0.611904761904762,0.38418623151449366,0.15409459179067,0.0,0.0,0.6692708333333335
CollegeMsg,3.0,2.0,2.0,0.4798335026439495,0.1737024442363148,0.0,0.0,0.7537878787878788,0.35624180058144045,0.15216136280682135,0.0,0.0,0.6289592760180995,0.40559513402247066,0.16201760696261674,0.0,0.0,0.6723095525997581
CollegeMsg,3.0,2.0,3.0,0.491886325689419,0.16872806635748044,0.0,0.0,0.7474048442906575,0.3636999560895557,0.15157827117553474,0.0,0.0,0.6242774566473989,0.4143257577178744,0.16029986418974052,0.0,0.0,0.6803149606299213
CollegeMsg,3.0,2.0,5.0,0.5011223256156643,0.1707827550290554,0.0,0.0,0.7508650519031141,0.37139474624429913,0.15125333913178604,0.0,0.0,0.6271676300578035,0.423095995736859,0.16031655197940015,0.0,0.0,0.6834645669291338
CollegeMsg,3.0,3.0,0,0.4455547002229849,0.16272371888893294,0.0,0.0,0.7109634551495017,0.3274687694799845,0.1422582429430835,0.0,0.0,0.5838150289017341,0.37352250899915357,0.15126873229462343,0.0,0.0,0.6362204724409449
CollegeMsg,3.0,3.0,0.1,0.44174978448402996,0.16038064014464662,0.0,0.0,0.7231833910034602,0.3260820302248491,0.14137928900917487,0.0,0.0,0.6040462427745664,0.3717696147062882,0.15014207477703725,0.0,0.0,0.6582677165354331
CollegeMsg,3.0,3.0,0.25,0.4479445304943416,0.16892172770406955,0.0,0.0,0.7285714285714285,0.33077734670355574,0.14606088819528765,0.0,0.0,0.5928571428571429,0.37687837786763656,0.15617693353202716,0.0,0.0,0.6484375
CollegeMsg,3.0,3.0,0.5,0.45635997411307033,0.16505581564440452,0.0,0.0,0.7375415282392026,0.3377215681929678,0.14531308767372506,0.0,0.0,0.5904977375565611,0.3847806782557128,0.15406227295299338,0.0,0.0,0.6481751824817518
CollegeMsg,3.0,3.0,0.75,0.45727638773095947,0.1724910694291287,0.0,0.0,0.7439446366782007,0.33958373591966384,0.1487608792526889,0.0,0.0,0.6213872832369942,0.3866264569746491,0.1591218179857766,0.0,0.0,0.6771653543307086
CollegeMsg,3.0,3.0,1.0,0.4653590889261014,0.16873201960299913,0.0,0.0,0.735632183908046,0.3439808119040362,0.1475474358446692,0.0,0.0,0.6131221719457014,0.3920156925742683,0.15694881455550674,0.0,0.0,0.6666666666666666
CollegeMsg,3.0,3.0,2.0,0.48225719292084657,0.17040720485718447,0.0,0.0,0.7560975609756098,0.3567062106679853,0.15066131445625705,0.0,0.0,0.630057803468208,0.4063978674945487,0.15948058360506362,0.0,0.0,0.6866141732283465
CollegeMsg,3.0,3.0,3.0,0.4991376040973781,0.1707990229791546,0.0,0.0,0.7689393939393939,0.3686217338883522,0.1507847184403169,0.0,0.0,0.6271676300578035,0.4202138532103799,0.15968274069216803,0.0,0.0,0.6834645669291338
CollegeMsg,3.0,3.0,5.0,0.5023946519912422,0.17363638194963416,0.0,0.0,0.7651515151515151,0.3727649967713556,0.15288692653947952,0.0,0.0,0.638728323699422,0.4245778900535256,0.16229199020876792,0.0,0.0,0.6960629921259843
CollegeMsg,3.0,5.0,0,0.4471008699238792,0.16644546405965688,0.0,0.0,0.7348484848484849,0.3317105448412161,0.1438197850005956,0.0,0.0,0.5927601809954751,0.37780319511506083,0.15348423572897552,0.0,0.0,0.6455906821963394
CollegeMsg,3.0,5.0,0.1,0.447490800100549,0.1640199708257136,0.0,0.0,0.7310606060606061,0.33064077531390945,0.14261937815123324,0.0,0.0,0.5924855491329479,0.3768832576170833,0.15192502703282218,0.0,0.0,0.6456692913385826
CollegeMsg,3.0,5.0,0.25,0.4578748086801589,0.1722199913697556,0.0,0.0,1.0,0.33860146805918656,0.14476915932289577,0.0,0.0,0.5880952380952381,0.38607155708246016,0.15550036966826947,0.0,0.0,0.6666666666666666
CollegeMsg,3.0,5.0,0.5,0.45549589566405585,0.16740672233785614,0.0,0.0,0.7342192691029901,0.3380906269638382,0.14585750019248717,0.0,0.0,0.5928571428571429,0.3850388366138936,0.1554127446800446,0.0,0.0,0.6537467700258398
CollegeMsg,3.0,5.0,0.75,0.461987232088505,0.16090966122236908,0.0,0.0,0.7478260869565218,0.3414334193268158,0.1431339985800067,0.0,0.0,0.6013986013986014,0.3892637528326486,0.15156617513046122,0.0,0.0,0.6666666666666666
CollegeMsg,3.0,5.0,1.0,0.46552403557450067,0.1712687496684055,0.0,0.0,0.7308970099667774,0.3448790779709681,0.14778487363025924,0.0,0.0,0.6069364161849711,0.3928506557570115,0.15751971000289813,0.0,0.0,0.6614173228346457
CollegeMsg,3.0,5.0,2.0,0.4790786924896653,0.16943687568798177,0.0,0.0,0.7647058823529411,0.3544347014655466,0.1489795716054438,0.0,0.0,0.638728323699422,0.40383858969169045,0.1583267467324796,0.0,0.0,0.6960629921259843
CollegeMsg,3.0,5.0,3.0,0.48626577713428043,0.1710368594414823,0.0,0.0,0.7612456747404844,0.35988346883696676,0.15084302379657058,0.0,0.0,0.6358381502890174,0.4101210341420491,0.16011221456248273,0.0,0.0,0.6929133858267716
CollegeMsg,3.0,5.0,5.0,0.5020540894773025,0.17459102639481686,0.0,0.0,0.7727272727272727,0.3723780378811653,0.1541873936632806,0.0,0.0,0.6358381502890174,0.42408059330801867,0.16360475339438355,0.0,0.0,0.6929133858267716
CollegeMsg,5.0,0,0,0.316714767473269,0.13364542261904583,0.0,0.0,0.6293103448275862,0.23300511378662694,0.11391470016226986,0.0,0.0,0.5214285714285715,0.26568753508249987,0.12201815555506756,0.0,0.0,0.5703125
CollegeMsg,5.0,0,0.1,0.31905589516355964,0.14131640600785303,0.0,0.0,0.5954545454545455,0.23498228121125714,0.11828135625800246,0.0,0.0,0.4834905660377358,0.2678648396942399,0.1276758492376422,0.0,0.0,0.5303643724696355
CollegeMsg,5.0,0,0.25,0.33385812282557115,0.14237778998686615,0.0,0.0,0.617816091954023,0.2453895303660988,0.11959848800889787,0.0,0.0,0.5119047619047619,0.27979517115131475,0.12825283717652386,0.0,0.0,0.5598958333333333
CollegeMsg,5.0,0,0.5,0.3509717143500143,0.15058949601855318,0.0,0.0,1.0,0.25809735112662907,0.12117356965086355,0.0,0.0,0.5182481751824818,0.2945950488342802,0.13109454618606892,0.0,0.0,0.6666666666666666
CollegeMsg,5.0,0,0.75,0.3724829576180695,0.149680799954419,0.0,0.0,1.0,0.27363524629832076,0.12524446834429018,0.0,0.0,0.5404761904761904,0.31234163593582787,0.13493555516253095,0.0,0.0,0.6666666666666666
CollegeMsg,5.0,0,1.0,0.3790967058486325,0.14948175955250087,0.0,0.0,0.6781609195402298,0.2804378483035011,0.13034059508262538,0.0,0.0,0.5619047619047619,0.3194077583064608,0.13908118870060265,0.0,0.0,0.6145833333333334
CollegeMsg,5.0,0,2.0,0.43192150272531427,0.15544708985139635,0.0,0.0,0.7022727272727273,0.3190902346609531,0.13871871535097094,0.0,0.0,0.5780346820809249,0.36353528551108927,0.1472598894668617,0.0,0.0,0.6299212598425198
CollegeMsg,5.0,0,3.0,0.45792110642665323,0.15745915297848984,0.0,0.0,0.7126436781609196,0.33863477165169387,0.14173376755337744,0.0,0.0,0.6018099547511312,0.3859322506951536,0.15017801965551084,0.0,0.0,0.6458333333333334
CollegeMsg,5.0,0,5.0,0.47203139855326887,0.16115038570628562,0.5,0.0,0.7162629757785467,0.3492758764078434,0.14610277019556195,0.0,0.0,0.5982658959537572,0.39787765107373263,0.15439666647704678,0.0,0.0,0.6519685039370079
CollegeMsg,5.0,0.1,0,0.31872139553161194,0.14683490785736286,0.0,0.0,1.0,0.23289143454209774,0.11649361261981556,0.0,0.0,0.5095238095238095,0.2657242075376114,0.125460488437565,0.0,0.0,0.5572916666666666
CollegeMsg,5.0,0.1,0.1,0.31813625970849063,0.1498050347678559,0.0,0.0,0.6136363636363636,0.2372276798007415,0.12271877654803359,0.0,0.0,0.5023809523809524,0.2698054109990566,0.1331617451336547,0.0,0.0,0.5494791666666667
CollegeMsg,5.0,0.1,0.25,0.3287437403268757,0.14439814931089595,0.0,0.0,0.6379310344827587,0.24488013272701384,0.12333615882601061,0.0,0.0,0.5285714285714286,0.2785331916628157,0.13245134883190612,0.0,0.0,0.5781249999999999
CollegeMsg,5.0,0.1,0.5,0.35733996071282154,0.1536714222902743,0.0,0.0,1.0,0.2639733482987802,0.12675035067488755,0.0,0.0,0.5291375291375291,0.30093344736861555,0.13724208644724595,0.0,0.0,0.6666666666666666
CollegeMsg,5.0,0.1,0.75,0.379041733535548,0.1476665719104898,0.0,0.0,0.671280276816609,0.27951316484915084,0.12924987827663603,0.0,0.0,0.5606936416184971,0.31862902106230073,0.13767314617673185,0.0,0.0,0.611023622047244
CollegeMsg,5.0,0.1,1.0,0.38186463151602795,0.15575960712238532,0.0,0.0,0.6568181818181819,0.2842374540705441,0.13349856843440583,0.0,0.0,0.5475113122171946,0.3234440728866306,0.14296552792988396,0.0,0.0,0.5852478839177752
CollegeMsg,5.0,0.1,2.0,0.4415764679407508,0.16604227364137036,0.0,0.0,1.0,0.3271350394879688,0.13997122417137114,0.0,0.0,0.5953757225433526,0.3729229908333204,0.15017436543315676,0.0,0.0,0.6666666666666666
CollegeMsg,5.0,0.1,3.0,0.4592387369904736,0.16865297827588832,0.0,0.0,0.75,0.340336396156376,0.14570439276855102,0.0,0.0,0.6040723981900452,0.38760301047101053,0.15501216216369573,0.0,0.0,0.6457073760580411
CollegeMsg,5.0,0.1,5.0,0.48480934405588155,0.15832170444539564,0.0,0.0,1.0,0.3566614932966083,0.1435005263840179,0.0,0.0,0.6069364161849711,0.40688354618060835,0.1510922198075575,0.0,0.0,0.6666666666666666
CollegeMsg,5.0,0.25,0,0.32707149767388116,0.14135328761265956,0.0,0.0,0.6204545454545455,0.24184517205777353,0.12052200704181032,0.0,0.0,0.5095238095238095,0.27562812398252823,0.12928823410949536,0.0,0.0,0.5572916666666666
CollegeMsg,5.0,0.25,0.1,0.3545261700233771,0.14961617056571483,0.0,0.0,1.0,0.2575365852565943,0.12090488315522409,0.0,0.0,0.5333333333333333,0.29455485050117214,0.13058908935261473,0.0,0.0,0.6666666666666666
CollegeMsg,5.0,0.25,0.25,0.3436197460762606,0.15352554727951473,0.0,0.0,1.0,0.252699687541751,0.12623877953925475,0.0,0.0,0.5203619909502263,0.28838292554430583,0.13682539966224838,0.0,0.0,0.6666666666666666
CollegeMsg,5.0,0.25,0.5,0.36160414573706506,0.14883510740207287,0.0,0.0,0.6545454545454545,0.26789351024634345,0.12926865584275798,0.0,0.0,0.5520361990950227,0.30497277413144225,0.1376100440416938,0.0,0.0,0.5900846432889963
CollegeMsg,5.0,0.25,0.75,0.38665272297072606,0.16212910223174806,0.0,0.0,1.0,0.28632542189101323,0.1332632499810177,0.0,0.0,0.5523809523809524,0.32627413871726096,0.14421658742791543,0.0,0.0,0.6666666666666666
CollegeMsg,5.0,0.25,1.0,0.39258461238649156,0.16043541857382912,0.0,0.0,1.0,0.28973624065244763,0.13368014651010607,0.0,0.0,0.5595238095238095,0.33056243201419294,0.1439803508529136,0.0,0.0,0.6666666666666666
CollegeMsg,5.0,0.25,2.0,0.440880479867147,0.16439548089358685,0.0,0.0,0.7,0.32654401669298816,0.1426299662057514,0.0,0.0,0.5950226244343891,0.3720328239140409,0.1521498041057133,0.0,0.0,0.6360338573155986
CollegeMsg,5.0,0.25,3.0,0.46502905600510497,0.1667702272908519,0.0,0.0,0.7159090909090909,0.34537172751405487,0.14536053442113223,0.0,0.0,0.5953757225433526,0.3932880060530786,0.15489067184201272,0.0,0.0,0.6488188976377952
CollegeMsg,5.0,0.25,5.0,0.48050717964129486,0.16466550595770715,0.0,0.0,0.726643598615917,0.35657841511481914,0.1476588290278202,0.0,0.0,0.6069364161849711,0.40604700892041296,0.15596042227664697,0.0,0.0,0.6614173228346457
CollegeMsg,5.0,0.5,0,0.33954916266721397,0.15561677812626912,0.0,0.0,0.6571428571428571,0.2523814539185295,0.12996668256360522,0.0,0.0,0.5428571428571428,0.287215189753353,0.1405898162840028,0.0,0.0,0.5937499999999999
CollegeMsg,5.0,0.5,0.1,0.35091883254876555,0.1537087271412239,0.0,0.0,0.6522988505747126,0.260102157046126,0.12856016968459102,0.0,0.0,0.5404761904761904,0.2962320357905337,0.13874433044227136,0.0,0.0,0.5911458333333334
CollegeMsg,5.0,0.5,0.25,0.35624095184589705,0.15734095975038292,0.0,0.0,0.6578073089700996,0.26591350051822216,0.13352187466465074,0.0,0.0,0.5375722543352601,0.302292659821958,0.14379704517417624,0.0,0.0,0.5858267716535434
CollegeMsg,5.0,0.5,0.5,0.3889799402569459,0.15214985872089465,0.0,0.0,1.0,0.28637605178778097,0.12839312482616577,0.0,0.0,0.5452380952380952,0.32699074174757564,0.1377705583731677,0.0,0.0,0.6666666666666666
CollegeMsg,5.0,0.5,0.75,0.39199040534383933,0.15599517613686043,0.0,0.0,0.6839080459770115,0.28837560979248744,0.13610031958939195,0.0,0.0,0.5666666666666667,0.3286053646563268,0.14455796291884226,0.0,0.0,0.6197916666666666
CollegeMsg,5.0,0.5,1.0,0.41324447181528823,0.156193866305497,0.0,0.0,0.7391304347826086,0.3062043015767259,0.1357355987563054,0.0,0.0,0.5491329479768786,0.3488156850414332,0.1450750934864226,0.0,0.0,0.6071428571428571
CollegeMsg,5.0,0.5,2.0,0.4498410987088716,0.16958741886824352,0.0,0.0,1.0,0.3326037270297444,0.14605860770546503,0.0,0.0,0.5927601809954751,0.37894380006217177,0.15623843857954017,0.0,0.0,0.6666666666666666
CollegeMsg,5.0,0.5,3.0,0.4741114553139793,0.16350787386455543,0.0,0.0,0.7424242424242424,0.3507701612539419,0.14751240576555116,0.0,0.0,0.6127167630057804,0.3994745642190353,0.15601492948728854,0.0,0.0,0.667716535433071
CollegeMsg,5.0,0.5,5.0,0.4822727484964792,0.16341727275840134,0.0,0.0,0.740484429065744,0.35708127237955056,0.14839650605640695,0.0,0.0,0.6184971098265896,0.40662259291476477,0.15677583962110314,0.0,0.0,0.6740157480314961
CollegeMsg,5.0,0.75,0,0.3618258689212162,0.16094512418200957,0.0,0.0,0.6863636363636364,0.2691702638088642,0.1333225248193411,0.0,0.0,0.551094890510949,0.30628437931551084,0.14420925212897487,0.0,0.0,0.611336032388664
CollegeMsg,5.0,0.75,0.1,0.36290358535021217,0.152959191982394,0.0,0.0,0.6856060606060606,0.2690748942332204,0.13251323130813683,0.0,0.0,0.5380952380952381,0.30626540974703054,0.14179692824866852,0.0,0.0,0.6023294509151415
CollegeMsg,5.0,0.75,0.25,0.38432878967805467,0.15247029527391925,0.0,0.0,0.6727272727272727,0.2839712598312932,0.1314510877346907,0.0,0.0,0.55,0.32362820764324013,0.1400910357296322,0.0,0.0,0.6015625
CollegeMsg,5.0,0.75,0.5,0.3873481907633459,0.16233411919595012,0.0,0.0,0.7040229885057471,0.2867674179160179,0.13636432360815517,0.0,0.0,0.5833333333333334,0.326778232736228,0.14689126134776526,0.0,0.0,0.6380208333333334
CollegeMsg,5.0,0.75,0.75,0.41993035144381036,0.1621177287434915,0.0,0.0,0.75,0.30810713329768113,0.13668701936251176,0.0,0.0,0.5895953757225434,0.35161149823795673,0.14586350876590812,0.0,0.0,0.6425196850393701
CollegeMsg,5.0,0.75,1.0,0.41956620766422714,0.16430652171536606,0.0,0.0,0.7024221453287197,0.31128240758147,0.14176733036600397,0.0,0.0,0.5867052023121387,0.3542417295536075,0.1511142074222601,0.0,0.0,0.6393700787401575
CollegeMsg,5.0,0.75,2.0,0.460815279581741,0.16502949867579111,0.0,0.0,1.0,0.3385816222467466,0.14460294868316362,0.0,0.0,0.6023809523809524,0.3863340368772673,0.15404424947653342,0.0,0.0,0.6666666666666666
CollegeMsg,5.0,0.75,3.0,0.4693246256894504,0.1606508820919106,0.0,0.0,0.7391304347826086,0.34823326300550306,0.1447027189814704,0.0,0.0,0.6063348416289592,0.3966115575235367,0.15254132166754095,0.0,0.0,0.6551181102362205
CollegeMsg,5.0,0.75,5.0,0.49279649288509825,0.15486764124934868,0.0,0.0,0.7370242214532872,0.36259516342690673,0.14572974710772746,0.0,0.0,0.615606936416185,0.4133991893996596,0.15256691985285328,0.0,0.0,0.6708661417322834
CollegeMsg,5.0,1.0,0,0.3714981492061457,0.1583327742176611,0.0,0.0,0.6772727272727272,0.27624141539064695,0.13460401618985837,0.0,0.0,0.5549132947976878,0.31434790907691945,0.14475501417724876,0.0,0.0,0.6067708333333334
CollegeMsg,5.0,1.0,0.1,0.3872556941488513,0.15820947812526698,0.0,0.0,0.6893939393939394,0.28759014490002865,0.1359508960793045,0.0,0.0,0.5642857142857143,0.3274081732550797,0.14567045723647434,0.0,0.0,0.6171874999999999
CollegeMsg,5.0,1.0,0.25,0.39212492454376224,0.15784868349275824,0.0,0.0,0.6818181818181818,0.2897357877013812,0.13630124786628936,0.0,0.0,0.5606936416184971,0.3301659518396264,0.14565100497344047,0.0,0.0,0.611023622047244
CollegeMsg,5.0,1.0,0.5,0.4099374554562103,0.1621423719648195,0.0,0.0,1.0,0.30147147854171585,0.13700594453507028,0.0,0.0,0.5666666666666667,0.34422203393336714,0.14699094438197455,0.0,0.0,0.6666666666666666
CollegeMsg,5.0,1.0,0.75,0.4160743279096493,0.17166564722558417,0.0,0.0,1.0,0.30876792719001234,0.14283949418235448,0.0,0.0,0.5927601809954751,0.35159118710031634,0.1539155109131356,0.0,0.0,0.6666666666666666
CollegeMsg,5.0,1.0,1.0,0.43489236503480855,0.1658228083137011,0.0,0.0,0.7126436781609196,0.3211725139906376,0.14474711694953687,0.0,0.0,0.5904761904761905,0.36591887073812124,0.15401407674665654,0.0,0.0,0.6458333333333334
CollegeMsg,5.0,1.0,2.0,0.46386890271980735,0.16672117271542264,0.0,0.0,0.7234848484848485,0.3443875775868962,0.14774851767166686,0.0,0.0,0.5924855491329479,0.3920041764287725,0.1565044691603109,0.0,0.0,0.6458333333333334
CollegeMsg,5.0,1.0,3.0,0.4900749977084874,0.16042209377668062,0.0,0.0,1.0,0.36018673610047247,0.14395296771727337,0.0,0.0,0.6184971098265896,0.4111727007786767,0.15213378044296774,0.0,0.0,0.6740157480314961
CollegeMsg,5.0,1.0,5.0,0.4876191399638706,0.16881040671303682,0.0,0.0,0.7439446366782007,0.3615474035735928,0.15141959659588572,0.0,0.0,0.6213872832369942,0.41160695010954346,0.16044853844877835,0.0,0.0,0.6771653543307086
CollegeMsg,5.0,2.0,0,0.4061537747967892,0.16640052361521282,0.0,0.0,0.707641196013289,0.30043342318240834,0.14394513311580864,0.0,0.0,0.5701357466063348,0.3419809194152362,0.1542383100747569,0.0,0.0,0.6253229974160207
CollegeMsg,5.0,2.0,0.1,0.41529540502506834,0.1640800164058342,0.0,0.0,0.7121212121212122,0.3081130322653094,0.14252334366943117,0.0,0.0,0.5714285714285714,0.350731418525489,0.15217551937559393,0.0,0.0,0.6256239600665559
CollegeMsg,5.0,2.0,0.25,0.4250190821129085,0.1668444246614663,0.0,0.0,1.0,0.3143319105817177,0.14013953759372313,0.0,0.0,0.5793650793650794,0.35836115991923484,0.15073109542117974,0.0,0.0,0.6666666666666666
CollegeMsg,5.0,2.0,0.5,0.432989517125304,0.15886491816918766,0.0,0.0,0.7424242424242424,0.3207945501265842,0.14078568645924164,0.0,0.0,0.5952380952380952,0.3653015604611881,0.14937336308963559,0.0,0.0,0.6522462562396008
CollegeMsg,5.0,2.0,0.75,0.43971249208070323,0.16510450004711996,0.0,0.0,0.7310606060606061,0.32627417882716087,0.14402926531667112,0.0,0.0,0.6098265895953757,0.37154533530680806,0.15337859860351158,0.0,0.0,0.6645669291338583
CollegeMsg,5.0,2.0,1.0,0.454543962769726,0.16758999867552718,0.5,0.0,1.0,0.33519868317494256,0.14361671685654107,0.0,0.0,0.5924855491329479,0.3823799959456713,0.15324271271002513,0.0,0.0,0.6666666666666666
CollegeMsg,5.0,2.0,2.0,0.48075729951490515,0.16158643234177392,0.0,0.0,0.754325259515571,0.35514881666546616,0.14475992181092673,0.0,0.0,0.630057803468208,0.40487330576057834,0.1529145817192262,0.0,0.0,0.6866141732283465
CollegeMsg,5.0,2.0,3.0,0.48822154457732025,0.17234759669643163,0.0,0.0,0.7613636363636364,0.3618348572384801,0.15160455588003693,0.0,0.0,0.6242774566473989,0.4121601376881298,0.16118273557176385,0.0,0.0,0.6803149606299213
CollegeMsg,5.0,2.0,5.0,0.49769116720083517,0.1651316014354772,0.0,0.0,0.7612456747404844,0.36804269776041754,0.15088456269563733,0.0,0.0,0.6358381502890174,0.4192315264485167,0.15891719334601387,0.0,0.0,0.6929133858267716
CollegeMsg,5.0,3.0,0,0.43387530864030194,0.16132312860681586,0.0,0.0,0.7342192691029901,0.31924187011922905,0.14170553023779442,0.0,0.0,0.5755208333333334,0.3640023942216436,0.15086954872296446,0.0,0.0,0.6452554744525547
CollegeMsg,5.0,3.0,0.1,0.43317379085526253,0.16231625563664362,0.0,0.0,0.7348484848484849,0.3207826360306639,0.1411173389196194,0.0,0.0,0.6018099547511312,0.3654029728841891,0.15028397230733345,0.0,0.0,0.6455906821963394
CollegeMsg,5.0,3.0,0.25,0.4374795470073404,0.1733785979831133,0.0,0.0,1.0,0.32411611133791995,0.1452703068329116,0.0,0.0,0.5925925925925926,0.36930108766987524,0.15633732824089522,0.0,0.0,0.6666666666666666
CollegeMsg,5.0,3.0,0.5,0.4442640691889094,0.16774424923140038,0.0,0.0,0.7272727272727273,0.3298394741740839,0.1438424920861259,0.0,0.0,0.5873015873015873,0.3756593979995385,0.15395736210860148,0.0,0.0,0.6459948320413437
CollegeMsg,5.0,3.0,0.75,0.45502570876069,0.16157455276626617,0.0,0.0,0.7284768211920529,0.337103926510091,0.14288488422484066,0.0,0.0,0.5982658959537572,0.38401730313370147,0.15129436178149952,0.0,0.0,0.6519685039370079
CollegeMsg,5.0,3.0,1.0,0.45885487506092043,0.16981796198863133,0.0,0.0,0.7386363636363636,0.33880143190252926,0.14741617446368718,0.0,0.0,0.5904761904761905,0.3861005319067916,0.15694097590303974,0.0,0.0,0.64891846921797
CollegeMsg,5.0,3.0,2.0,0.47972905347095274,0.17165259149026024,0.0,0.0,1.0,0.3540375794578393,0.14858778818951737,0.0,0.0,0.6127167630057804,0.40367501074827644,0.15810951351115635,0.0,0.0,0.667716535433071
CollegeMsg,5.0,3.0,3.0,0.49171661747549006,0.16902965734496955,0.0,0.0,0.7575757575757576,0.3626353940029525,0.14826838893031272,0.0,0.0,0.6271676300578035,0.4136200794211898,0.1572750200115839,0.0,0.0,0.6834645669291338
CollegeMsg,5.0,3.0,5.0,0.5016694497348638,0.16858355974165867,0.5,0.0,0.7651515151515151,0.3709419619765515,0.15190706881592383,0.0,0.0,0.638728323699422,0.4226103519748962,0.16053880088210568,0.0,0.0,0.6960629921259843
CollegeMsg,5.0,5.0,0,0.4393322370741664,0.17157676224870363,0.0,0.0,0.7195121951219512,0.3259697340785317,0.14581107586666123,0.0,0.0,0.5928571428571429,0.3712776238972597,0.1565584327280139,0.0,0.0,0.6484375
CollegeMsg,5.0,5.0,0.1,0.4447985130704284,0.1649092757718003,0.0,0.0,0.7196969696969697,0.32898188777591164,0.14292376479187852,0.0,0.0,0.5880952380952381,0.3749237796546342,0.15231478466788903,0.0,0.0,0.6432291666666666
CollegeMsg,5.0,5.0,0.25,0.4517993561652325,0.17032003044628513,0.0,0.0,1.0,0.33430029407806267,0.1432291809835929,0.0,0.0,0.5904977375565611,0.3811041076964574,0.15383381367631313,0.0,0.0,0.6666666666666666
CollegeMsg,5.0,5.0,0.5,0.45287980779566245,0.16656197026265332,0.0,0.0,0.7310606060606061,0.33443728773814235,0.144397787179149,0.0,0.0,0.5895953757225434,0.3811261651809455,0.15405325390628477,0.0,0.0,0.6459948320413437
CollegeMsg,5.0,5.0,0.75,0.4604859546676056,0.16376125619741286,0.0,0.0,0.7441860465116279,0.3397203950343354,0.14325812533341978,0.0,0.0,0.6127167630057804,0.3874335638425603,0.15228387505122407,0.0,0.0,0.667716535433071
CollegeMsg,5.0,5.0,1.0,0.46263659702073145,0.1632345052698877,0.0,0.0,0.7424242424242424,0.3406212802700866,0.14492897739121555,0.0,0.0,0.6047619047619047,0.3884275498635458,0.15372178672614487,0.0,0.0,0.6614583333333334
CollegeMsg,5.0,5.0,2.0,0.4719212742305044,0.16745604418411406,0.0,0.0,0.7375415282392026,0.3489445372928681,0.14809545436514615,0.0,0.0,0.6069364161849711,0.39762151240203586,0.15684250436094122,0.0,0.0,0.6614583333333334
CollegeMsg,5.0,5.0,3.0,0.4828560581408849,0.17439326609405523,0.0,0.0,0.7462121212121212,0.35854165600546933,0.1528100522048738,0.0,0.0,0.6213872832369942,0.4081104344908987,0.16266329429955795,0.0,0.0,0.6771653543307086
CollegeMsg,5.0,5.0,5.0,0.5005193201583055,0.1721648795407393,0.0,0.0,0.7613636363636364,0.37020924766142316,0.1522070440805041,0.0,0.0,0.6329479768786127,0.4218937971896294,0.16141292098867605,0.0,0.0,0.689763779527559
