dataset,decay_factor,alpha,beta,mean_precision,std_precision,mode_precision,min_precision,max_precision,mean_recall,std_recall,mode_recall,min_recall,max_recall,mean_f1,std_f1,mode_f1,min_f1,max_f1
mathoverflow,0,0,0.1,0.18619699951636334,0.048636174100610635,0.16666666666666666,0.06,0.32051282051282054,0.10742197743799378,0.029479909526988493,0.11764705882352941,0.031914893617021274,0.19796954314720813,0.13606883131977374,0.036443001786826974,0.14285714285714285,0.041666666666666664,0.2445141065830721
mathoverflow,0,0,0.25,0.19363065102979699,0.05214032287929468,0.125,0.08108108108108109,0.33707865168539325,0.11168537409447024,0.031323223721188106,0.09352517985611511,0.034722222222222224,0.19480519480519481,0.14147783891553403,0.038832921284017365,0.14285714285714285,0.04926108374384237,0.2469135802469136
mathoverflow,0,0,0.5,0.20501596366489822,0.05050805183298307,0.16666666666666666,0.06,0.34375,0.11818342544363473,0.030355890795887193,0.125,0.031914893617021274,0.19298245614035087,0.14972973902495554,0.03752019308820013,0.13333333333333333,0.041666666666666664,0.24719101123595508
mathoverflow,0,0,0.75,0.2202960606899824,0.05209621612498687,0.16666666666666666,0.08823529411764706,0.37209302325581395,0.1269950107585322,0.031028956362697688,0.125,0.045871559633027525,0.2077922077922078,0.16089949677466814,0.03848318848222408,0.13333333333333333,0.06134969325153374,0.2666666666666666
mathoverflow,0,0,1.0,0.22961355697475888,0.057055638781429406,0.19480519480519481,0.0625,0.37362637362637363,0.13241815798183112,0.03461996135758797,0.14285714285714285,0.03636363636363636,0.22972972972972974,0.16774211528902658,0.04267988814746595,0.14285714285714285,0.04597701149425287,0.28451882845188287
mathoverflow,0,0,2.0,0.2913610949009338,0.05336497000466137,0.3333333333333333,0.1527777777777778,0.47191011235955055,0.16786978814687809,0.033503348123984485,0.16666666666666666,0.09482758620689655,0.2727272727272727,0.21271710839134927,0.04051696821122708,0.14285714285714285,0.11702127659574468,0.345679012345679
mathoverflow,0,0,3.0,0.3219366805552748,0.0587485777544269,0.3333333333333333,0.16666666666666666,0.47191011235955055,0.18581999214471007,0.03794064930897725,0.21212121212121213,0.0898876404494382,0.2953020134228188,0.23531178981103817,0.04550674960389365,0.22115384615384615,0.11678832116788322,0.3534136546184739
mathoverflow,0,0,5.0,0.35632652431210676,0.05231185544156805,0.3333333333333333,0.19230769230769232,0.4691358024691358,0.20535670204653778,0.034012937097308606,0.2,0.10526315789473684,0.29457364341085274,0.2601930218055103,0.04033163863560156,0.21875,0.1360544217687075,0.36190476190476195
mathoverflow,0,0.1,0,0.18954237336764948,0.05303373562311588,0.14285714285714285,0.041666666666666664,0.3194444444444444,0.10924392697393634,0.0315205357543097,0.09090909090909091,0.02247191011235955,0.19760479041916168,0.13842743880708056,0.03927391290404704,0.125,0.029197080291970805,0.2426470588235294
mathoverflow,0,0.1,0.1,0.19236399708175345,0.0526666120848296,0.18181818181818182,0.057971014492753624,0.3380281690140845,0.11113497990820058,0.03218410703931291,0.125,0.03007518796992481,0.2033898305084746,0.14069439775474776,0.039672946800416546,0.14782608695652175,0.0396039603960396,0.253968253968254
mathoverflow,0,0.1,0.25,0.1937832600763563,0.05160425959251688,0.16666666666666666,0.05555555555555555,0.36065573770491804,0.11163030319259766,0.030437683947277493,0.10526315789473684,0.027522935779816515,0.2233502538071066,0.1414743860149859,0.03796347527366121,0.10989010989010989,0.03680981595092025,0.2758620689655173
mathoverflow,0,0.1,0.5,0.20551688752272176,0.04835711587317233,0.16666666666666666,0.06557377049180328,0.31683168316831684,0.11850825452598658,0.029252287179575596,0.1,0.03669724770642202,0.19875776397515527,0.15012823292673444,0.03605666218286269,0.09722222222222222,0.04705882352941177,0.24427480916030536
mathoverflow,0,0.1,0.75,0.22848558470797584,0.046675369396514906,0.2,0.10294117647058823,0.38,0.1316579316217018,0.028614434056412754,0.125,0.05185185185185185,0.2550335570469799,0.16681894255715515,0.034898339282211276,0.13333333333333333,0.06896551724137931,0.3052208835341366
mathoverflow,0,0.1,1.0,0.23375044200071085,0.05813553945521086,0.25,0.078125,0.3564356435643564,0.13465113513355118,0.034559652886508536,0.125,0.045454545454545456,0.22794117647058823,0.17064514593033253,0.04292184089260819,0.15384615384615385,0.0574712643678161,0.27802690582959644
mathoverflow,0,0.1,2.0,0.2906771570921722,0.056280988263869354,0.25,0.14084507042253522,0.43661971830985913,0.16748499120861868,0.03481084833350114,0.14893617021276595,0.0851063829787234,0.28187919463087246,0.21222579923909082,0.04234459605977703,0.25,0.11111111111111112,0.3373493975903614
mathoverflow,0,0.1,3.0,0.33010740680125017,0.05237487451924783,0.3333333333333333,0.2112676056338028,0.4857142857142857,0.19028126125769707,0.03348786757522622,0.2,0.11702127659574468,0.2786885245901639,0.24108430266561345,0.04012646748250425,0.2,0.1527777777777778,0.35416666666666663
mathoverflow,0,0.1,5.0,0.3585173256740734,0.05169511530280534,0.3333333333333333,0.2222222222222222,0.5,0.20678936888535038,0.034640779577945466,0.2,0.11009174311926606,0.2874251497005988,0.26193410237968984,0.04074906215182799,0.24,0.147239263803681,0.3621399176954732
mathoverflow,0,0.25,0,0.1967115716766349,0.049316357875179614,0.14285714285714285,0.05405405405405406,0.319672131147541,0.11362113541404054,0.0305214910414631,0.125,0.032520325203252036,0.19796954314720813,0.143852265458897,0.03742086172120747,0.1111111111111111,0.041025641025641026,0.2445141065830721
mathoverflow,0,0.25,0.1,0.19305771877516148,0.047524019651715,0.12987012987012986,0.06,0.2978723404255319,0.1114217570479825,0.0291921276510297,0.14285714285714285,0.031914893617021274,0.1830065359477124,0.14110615241649535,0.03584580498665911,0.125,0.041666666666666664,0.22672064777327933
mathoverflow,0,0.25,0.25,0.20371940634915076,0.05351324725058242,0.14285714285714285,0.07692307692307693,0.375,0.11758582152748925,0.03255050937108885,0.14285714285714285,0.03937007874015748,0.20812182741116753,0.14891011978489319,0.04016558592860739,0.16666666666666666,0.053475935828877004,0.2647058823529412
mathoverflow,0,0.25,0.5,0.2193484650937236,0.05024398293402732,0.2222222222222222,0.07894736842105263,0.33636363636363636,0.12629559104713173,0.030258430642422972,0.125,0.05263157894736842,0.19875776397515527,0.16007325651730453,0.03728445881324269,0.13829787234042554,0.06521739130434782,0.2483221476510067
mathoverflow,0,0.25,0.75,0.22639651790942733,0.053218376735430575,0.16666666666666666,0.07142857142857142,0.37,0.13040723396012763,0.0321906440677667,0.1,0.0423728813559322,0.22424242424242424,0.16526719636451215,0.03970764912620798,0.12307692307692307,0.05319148936170212,0.2792452830188679
mathoverflow,0,0.25,1.0,0.23946112841613248,0.0510407340224823,0.2261904761904762,0.09836065573770492,0.3559322033898305,0.13806196322123682,0.03134507730268769,0.125,0.05185185185185185,0.2182741116751269,0.1748974604871823,0.038281905395498785,0.1111111111111111,0.06896551724137931,0.26959247648902823
mathoverflow,0,0.25,2.0,0.29912602384204595,0.0575946763346127,0.25,0.13846153846153847,0.44285714285714284,0.17262124795237724,0.03692116318004859,0.14285714285714285,0.07518796992481203,0.26993865030674846,0.21860488751735602,0.044378757761806775,0.2,0.09900990099009901,0.3308270676691729
mathoverflow,0,0.25,3.0,0.33216419632041083,0.04996837123021138,0.3333333333333333,0.19230769230769232,0.46,0.19156919084454807,0.033410001164115216,0.21428571428571427,0.11904761904761904,0.3087248322147651,0.24265043418119553,0.039240933887492224,0.25384615384615383,0.14705882352941174,0.3694779116465864
mathoverflow,0,0.25,5.0,0.35634332611008407,0.05080291095033253,0.3333333333333333,0.23880597014925373,0.48314606741573035,0.2054658264744523,0.03384809570184121,0.2,0.1323529411764706,0.2823529411764706,0.260284896799622,0.03980401585149395,0.25,0.17475728155339806,0.35390946502057613
mathoverflow,0,0.5,0,0.1976017731209359,0.051777567311266585,0.2,0.06756756756756757,0.3333333333333333,0.11399200637861068,0.03144673085930966,0.125,0.03937007874015748,0.21323529411764705,0.14439379124680474,0.038840167806762305,0.07881773399014778,0.052083333333333336,0.26008968609865474
mathoverflow,0,0.5,0.1,0.20051112651709044,0.051953433902774314,0.16666666666666666,0.07352941176470588,0.358695652173913,0.11552445320436956,0.030778615718857046,0.09090909090909091,0.03669724770642202,0.21052631578947367,0.14639591083728803,0.038299657387887175,0.13333333333333333,0.049079754601227,0.2641509433962264
mathoverflow,0,0.5,0.25,0.20935798008912268,0.0497336315820925,0.16666666666666666,0.041666666666666664,0.35454545454545455,0.12070675869889855,0.030138648330554036,0.14285714285714285,0.02247191011235955,0.2182741116751269,0.15291790969103147,0.037135696883709664,0.11111111111111112,0.029197080291970805,0.26959247648902823
mathoverflow,0,0.5,0.5,0.21895904701730318,0.05248971321107395,0.25,0.09722222222222222,0.37142857142857144,0.12615310608791375,0.03172171566781799,0.1,0.05504587155963303,0.21311475409836064,0.15985381013803848,0.03907649916961651,0.11111111111111112,0.0736196319018405,0.2708333333333333
mathoverflow,0,0.5,0.75,0.23534961788652195,0.054667770288592335,0.2,0.08333333333333333,0.39344262295081966,0.13584834758098832,0.033949086544286716,0.11688311688311688,0.0449438202247191,0.2436548223350254,0.17202213945182188,0.04141216985294388,0.13829787234042554,0.05839416058394161,0.3009404388714733
mathoverflow,0,0.5,1.0,0.24840194826092474,0.05432603711333225,0.16666666666666666,0.11842105263157894,0.37272727272727274,0.14317156094180425,0.033074654340817,0.16666666666666666,0.06382978723404255,0.23129251700680273,0.181395262325131,0.04057296626766114,0.125,0.08294930875576036,0.2786885245901639
mathoverflow,0,0.5,2.0,0.30313010501511384,0.05367647211735964,0.2857142857142857,0.16,0.4563106796116505,0.17479186127154253,0.033919012963349836,0.16666666666666666,0.09022556390977443,0.2883435582822086,0.22142200573132645,0.04086665092295351,0.1702127659574468,0.11764705882352942,0.3533834586466166
mathoverflow,0,0.5,3.0,0.3339925114300814,0.05958003238256458,0.3333333333333333,0.16666666666666666,0.48314606741573035,0.19246252900181507,0.03697412449365501,0.16666666666666666,0.0898876404494382,0.2792207792207792,0.24387194468456594,0.04490092149398389,0.22123893805309736,0.11678832116788322,0.35390946502057613
mathoverflow,0,0.5,5.0,0.36005543753475505,0.053991038854274975,0.3333333333333333,0.2,0.5056179775280899,0.20770609595684947,0.0359110907713536,0.2222222222222222,0.10638297872340426,0.2922077922077922,0.26307261646416347,0.04231488551166846,0.2857142857142857,0.13888888888888892,0.37037037037037035
mathoverflow,0,0.75,0,0.20426503679964408,0.05343233502374955,0.16666666666666666,0.08333333333333333,0.35454545454545455,0.11788284913001353,0.03236280815329845,0.08333333333333333,0.0449438202247191,0.20634920634920634,0.14928448629058047,0.03992582556637978,0.1098901098901099,0.05839416058394161,0.2608695652173913
mathoverflow,0,0.75,0.1,0.2123424149670656,0.05443849201249465,0.25,0.09375,0.375,0.1224778093836628,0.032998171735430015,0.0851063829787234,0.05263157894736842,0.20454545454545456,0.15514972930749338,0.040775532435418434,0.08888888888888888,0.06896551724137931,0.2647058823529412
mathoverflow,0,0.75,0.25,0.2201759690753783,0.05618024959049578,0.2,0.041666666666666664,0.38271604938271603,0.1270148296096025,0.03390053570683315,0.1111111111111111,0.02247191011235955,0.2233502538071066,0.1608794399477476,0.04189064347012097,0.10526315789473684,0.029197080291970805,0.2758620689655173
mathoverflow,0,0.75,0.5,0.23161586080075358,0.05901480015016373,0.2,0.0625,0.4,0.13357767972790366,0.035662134386802956,0.05263157894736842,0.033707865168539325,0.23404255319148937,0.16921207145547454,0.044080649252701255,0.10784313725490197,0.043795620437956206,0.2953020134228188
mathoverflow,0,0.75,0.75,0.24766337133638033,0.05502533265868531,0.25,0.125,0.3956043956043956,0.14269257914282413,0.0337796455212402,0.10909090909090909,0.06741573033707865,0.2483221476510067,0.18081459549351472,0.041363150102184124,0.2222222222222222,0.08759124087591241,0.2971887550200803
mathoverflow,0,0.75,1.0,0.2670784472189566,0.05978188415784536,0.2857142857142857,0.1,0.4444444444444444,0.153889209555744,0.03587202658965064,0.14285714285714285,0.05319148936170213,0.24242424242424243,0.19500455066844688,0.04433141013692089,0.13829787234042554,0.06944444444444446,0.3137254901960784
mathoverflow,0,0.75,2.0,0.30962248362766254,0.05940789615026829,0.3333333333333333,0.12962962962962962,0.45454545454545453,0.17872522200606394,0.03807660442934744,0.18181818181818182,0.06422018348623854,0.29850746268656714,0.22632116958453077,0.04583949584560251,0.2608695652173913,0.08588957055214724,0.36036036036036034
mathoverflow,0,0.75,3.0,0.3348847075990233,0.05408218943823533,0.3333333333333333,0.189873417721519,0.48314606741573035,0.1931383432546511,0.035001697306321765,0.2,0.1079136690647482,0.2883435582822086,0.24464710567344422,0.0417426776407491,0.2145922746781116,0.13761467889908258,0.35390946502057613
mathoverflow,0,0.75,5.0,0.3593863976328032,0.055309208772000344,0.3333333333333333,0.23529411764705882,0.5168539325842697,0.2071043561712678,0.03554538339985169,0.2,0.13333333333333333,0.2987012987012987,0.26241751591985035,0.04243146036892629,0.20833333333333334,0.1743119266055046,0.3786008230452675
mathoverflow,0,1.0,0,0.21883012418876766,0.0586955745014142,0.2,0.02,0.3888888888888889,0.12638946062071074,0.0360068743446569,0.125,0.010638297872340425,0.2348993288590604,0.1600188421305295,0.04428424967299505,0.08333333333333333,0.01388888888888889,0.28571428571428575
mathoverflow,0,1.0,0.1,0.22150207789595702,0.05551494486005307,0.2,0.08,0.34545454545454546,0.12772461104224428,0.03344037784324958,0.1111111111111111,0.0425531914893617,0.20812182741116753,0.16180431314779822,0.041332415300572106,0.13888888888888887,0.05555555555555556,0.25705329153605017
mathoverflow,0,1.0,0.25,0.22780909028286395,0.057768242565984236,0.2,0.078125,0.4,0.1312556979069541,0.03459069095221848,0.14285714285714285,0.045454545454545456,0.22950819672131148,0.1663271855626075,0.04286751892665095,0.1111111111111111,0.0574712643678161,0.2916666666666667
mathoverflow,0,1.0,0.5,0.23954646524418702,0.054877859441112765,0.25,0.06557377049180328,0.37373737373737376,0.13807275320860135,0.033320950113553155,0.125,0.03669724770642202,0.22699386503067484,0.17493266348149286,0.040967163906318896,0.1523809523809524,0.04705882352941177,0.2781954887218045
mathoverflow,0,1.0,0.75,0.2566920428283775,0.05621015864032251,0.21428571428571427,0.09259259259259259,0.4174757281553398,0.14790423364286068,0.03427950256274115,0.14285714285714285,0.045871559633027525,0.26380368098159507,0.18741259235804972,0.04202665309260136,0.2,0.06134969325153374,0.3233082706766917
mathoverflow,0,1.0,1.0,0.2692698131385596,0.06116461143211028,0.25,0.10638297872340426,0.4105263157894737,0.15502000931933604,0.035961506474732154,0.14893617021276595,0.056818181818181816,0.23529411764705882,0.19648730531223146,0.04465348992055952,0.15319148936170213,0.07407407407407407,0.29850746268656714
mathoverflow,0,1.0,2.0,0.31238153887098546,0.05516502527968374,0.3333333333333333,0.16901408450704225,0.449438202247191,0.17998732672455547,0.03452149990569328,0.11363636363636363,0.09722222222222222,0.26865671641791045,0.22807856248104888,0.041797066706630324,0.16,0.13407821229050276,0.3292181069958847
mathoverflow,0,1.0,3.0,0.34191296111344005,0.057358143772418324,0.3333333333333333,0.16,0.49295774647887325,0.1971112927250621,0.03652323388581949,0.2,0.0851063829787234,0.2953020134228188,0.24971684473353878,0.04382581019917618,0.22123893805309736,0.11111111111111112,0.35416666666666663
mathoverflow,0,1.0,5.0,0.3611479889587024,0.05699479391813404,0.3333333333333333,0.2112676056338028,0.5,0.20835900257951465,0.03764790910373303,0.2,0.11278195488721804,0.31543624161073824,0.26389365909986173,0.04458363459949049,0.25,0.1485148514851485,0.37751004016064255
mathoverflow,0,2.0,0,0.25423590869754326,0.05903179082763603,0.21428571428571427,0.0625,0.390625,0.14663491010431112,0.035986724399401315,0.18181818181818182,0.033707865168539325,0.26174496644295303,0.1857378988880589,0.044205077827637225,0.16666666666666666,0.043795620437956206,0.3132530120481927
mathoverflow,0,2.0,0.1,0.2523721338920163,0.05548246217389321,0.2,0.10126582278481013,0.4090909090909091,0.1455469325938823,0.034006198117434244,0.11818181818181818,0.05504587155963303,0.2393617021276596,0.18436343978224337,0.04163495789976744,0.1818181818181818,0.07339449541284403,0.30201342281879195
mathoverflow,0,2.0,0.25,0.259644685645861,0.05826094503271376,0.2,0.10416666666666667,0.42,0.14962642256436412,0.03517514418772147,0.14285714285714285,0.056179775280898875,0.2545454545454545,0.18959548059679154,0.04339128947529335,0.2222222222222222,0.07299270072992702,0.3169811320754717
mathoverflow,0,2.0,0.5,0.26867807415841577,0.05989727802259453,0.2,0.10416666666666667,0.4,0.15497598869948917,0.03684977227651273,0.14285714285714285,0.056179775280898875,0.25153374233128833,0.19629684183617432,0.04508147181195752,0.17167381974248927,0.07299270072992702,0.30827067669172936
mathoverflow,0,2.0,0.75,0.2765250741104644,0.059700340628055244,0.25,0.07407407407407407,0.44545454545454544,0.15937780430139253,0.035871233072267014,0.16666666666666666,0.03669724770642202,0.26063829787234044,0.20192913857426678,0.044167402872591355,0.16129032258064516,0.049079754601227,0.3288590604026846
mathoverflow,0,2.0,1.0,0.2812417772286179,0.05837390011093814,0.3333333333333333,0.14285714285714285,0.42424242424242425,0.16219704119016762,0.036030978704725415,0.125,0.07339449541284404,0.25735294117647056,0.20546634963635094,0.04404386675079027,0.16666666666666666,0.098159509202454,0.3139013452914798
mathoverflow,0,2.0,2.0,0.3191460625758538,0.058351647108769764,0.2857142857142857,0.14583333333333334,0.45454545454545453,0.18401755462276023,0.0365170876495853,0.2,0.07865168539325842,0.27607361963190186,0.2331133031976102,0.044183482711824595,0.25,0.10218978102189781,0.3383458646616541
mathoverflow,0,2.0,3.0,0.33999362940568834,0.05918180808576788,0.3333333333333333,0.17307692307692307,0.47126436781609193,0.19625074623423133,0.03842921942559756,0.18181818181818182,0.09473684210526316,0.3014705882352941,0.2485063234133482,0.0458443536904841,0.25,0.12244897959183673,0.3677130044843049
mathoverflow,0,2.0,5.0,0.3674934509113318,0.0546947001292755,0.3333333333333333,0.20588235294117646,0.5048543689320388,0.21190987901738595,0.03576124180154698,0.2,0.11290322580645161,0.31901840490797545,0.26843684035576143,0.0423136159100154,0.2857142857142857,0.14583333333333331,0.3909774436090226
mathoverflow,0,3.0,0,0.2645610082862377,0.05925076912899961,0.25,0.1111111111111111,0.45714285714285713,0.1526168291825701,0.03633533340508381,0.125,0.05504587155963303,0.26229508196721313,0.19330264455454024,0.04453137376136409,0.13333333333333333,0.0736196319018405,0.3333333333333333
mathoverflow,0,3.0,0.1,0.270207025480252,0.06386819917155358,0.2,0.10416666666666667,0.41818181818181815,0.15593003734519645,0.03904096559112114,0.14285714285714285,0.05504587155963303,0.24873096446700507,0.19747387358842344,0.04794122065475466,0.13541666666666666,0.07299270072992702,0.3076923076923077
mathoverflow,0,3.0,0.25,0.27390754192927175,0.06427512579591932,0.21428571428571427,0.06382978723404255,0.4166666666666667,0.1580249749915936,0.039055822912363154,0.13636363636363635,0.03409090909090909,0.2426470588235294,0.20014285582949354,0.048028549954202186,0.16666666666666666,0.04444444444444444,0.30188679245283023
mathoverflow,0,3.0,0.5,0.2828711446177325,0.05964947688914297,0.29411764705882354,0.041666666666666664,0.42424242424242425,0.16302432039521061,0.036450872575823454,0.13636363636363635,0.02247191011235955,0.2550335570469799,0.20655579084020181,0.044631632240542736,0.14893617021276595,0.029197080291970805,0.31347962382445144
mathoverflow,0,3.0,0.75,0.2860760604516173,0.06117525838443695,0.3076923076923077,0.0625,0.44545454545454544,0.1649367777922265,0.0372262486149031,0.10526315789473684,0.033707865168539325,0.26063829787234044,0.20894949140170363,0.04568238900039561,0.2,0.043795620437956206,0.3288590604026846
mathoverflow,0,3.0,1.0,0.29262957177782095,0.0603310440276254,0.2857142857142857,0.12962962962962962,0.4818181818181818,0.1686847591887827,0.03686094233721589,0.21428571428571427,0.06422018348623854,0.2867647058823529,0.2137129948106007,0.04514096660012104,0.1702127659574468,0.08588957055214724,0.3557046979865772
mathoverflow,0,3.0,2.0,0.3161448928941211,0.05831134631959374,0.2857142857142857,0.14814814814814814,0.4647887323943662,0.18219977627531722,0.035762793716348364,0.125,0.07339449541284404,0.2712765957446808,0.2308516846310623,0.043563530773935676,0.1595744680851064,0.098159509202454,0.3422818791946309
mathoverflow,0,3.0,3.0,0.33471563166072615,0.05838392289653945,0.3116883116883117,0.17307692307692307,0.5,0.19307656214327085,0.037244793653996994,0.2,0.09473684210526316,0.2925531914893617,0.24455017341316695,0.04470245308246463,0.25,0.12244897959183673,0.36912751677852346
mathoverflow,0,3.0,5.0,0.3585024942387613,0.055558968830384727,0.3333333333333333,0.22784810126582278,0.5056179775280899,0.20680364385523997,0.03632538217209556,0.2,0.11926605504587157,0.3067484662576687,0.26193520454774655,0.0430964495192316,0.2222222222222222,0.15950920245398773,0.37593984962406013
mathoverflow,0,5.0,0,0.27494803143308477,0.06463136647983801,0.25,0.08333333333333333,0.42727272727272725,0.15852091136202906,0.038816475075231976,0.14285714285714285,0.0449438202247191,0.25,0.200819125281731,0.04792013612975887,0.2,0.05839416058394161,0.31543624161073824
mathoverflow,0,5.0,0.1,0.2768248703377097,0.06159789918194504,0.28205128205128205,0.125,0.4305555555555556,0.15947810684859237,0.03701959730718663,0.1875,0.06666666666666667,0.2550335570469799,0.202087574894457,0.04561647827605118,0.16597510373443983,0.08866995073891625,0.31543624161073824
mathoverflow,0,5.0,0.25,0.2786600161458649,0.0597027693341978,0.2857142857142857,0.10416666666666667,0.4166666666666667,0.1606809776079047,0.03640940656799091,0.1276595744680851,0.056179775280898875,0.23952095808383234,0.20354003116507297,0.04457312799111352,0.1764705882352941,0.07299270072992702,0.30201342281879195
mathoverflow,0,5.0,0.5,0.28728671597638306,0.05999580016304598,0.25,0.10638297872340426,0.4444444444444444,0.16575382059817823,0.03720865428605645,0.2,0.056818181818181816,0.2550335570469799,0.20992215008129733,0.045289581297897404,0.2222222222222222,0.07407407407407407,0.3137254901960784
mathoverflow,0,5.0,0.75,0.2889378087018499,0.06082785315440991,0.25,0.125,0.4305555555555556,0.1666950105037921,0.03730293322513807,0.16666666666666666,0.06422018348623854,0.25,0.21112616238808535,0.04562769841313324,0.2222222222222222,0.08588957055214724,0.31543624161073824
mathoverflow,0,5.0,1.0,0.2895586409178244,0.0607569656958468,0.3333333333333333,0.09259259259259259,0.45454545454545453,0.16702713041888648,0.03739644982543899,0.13636363636363635,0.045871559633027525,0.27607361963190186,0.21155664808611657,0.045659925479745865,0.16666666666666666,0.06134969325153374,0.3383458646616541
mathoverflow,0,5.0,2.0,0.30506362020233985,0.06403184269195003,0.2857142857142857,0.10416666666666667,0.43636363636363634,0.17581103883202404,0.038587470638620655,0.125,0.056179775280898875,0.26993865030674846,0.2227621816927595,0.047500204566812115,0.19999999999999998,0.07299270072992702,0.3308270676691729
mathoverflow,0,5.0,3.0,0.321697455615849,0.060923630362696775,0.3333333333333333,0.125,0.4864864864864865,0.18557263284342643,0.03798337621184135,0.18032786885245902,0.06741573033707865,0.27205882352941174,0.23504374165130054,0.04604613271832779,0.2119815668202765,0.08759124087591241,0.3318385650224215
mathoverflow,0,5.0,5.0,0.3460976472736851,0.05764790283618195,0.3333333333333333,0.20833333333333334,0.4818181818181818,0.19948451153698726,0.03651361788933005,0.2,0.11009174311926606,0.3006134969325153,0.2527424309272137,0.043883192030304934,0.25,0.14563106796116507,0.36842105263157887
mathoverflow,0.1,0,0,0.34493866906889703,0.06038559256519307,0.3333333333333333,0.14864864864864866,0.5054945054945055,0.19902211802240335,0.0391535713518983,0.2,0.09322033898305085,0.30456852791878175,0.25206448032530976,0.0468443811493601,0.2,0.11458333333333334,0.3761755485893417
mathoverflow,0.1,0,0.1,0.3439225679074652,0.059122675172015846,0.3333333333333333,0.18055555555555555,0.5164835164835165,0.19835054610006836,0.037711999320963925,0.19148936170212766,0.10666666666666667,0.30128205128205127,0.251264540116501,0.0453888146588274,0.16666666666666666,0.14222222222222225,0.38056680161943324
mathoverflow,0.1,0,0.25,0.3482094777384825,0.05807045713996547,0.3333333333333333,0.2,0.5164835164835165,0.20095228222861286,0.03788569318024732,0.1875,0.09722222222222222,0.30128205128205127,0.25449627701636435,0.045208286860229714,0.2222222222222222,0.13793103448275862,0.38056680161943324
mathoverflow,0.1,0,0.5,0.35340102058680456,0.05574367615303513,0.3333333333333333,0.19230769230769232,0.5054945054945055,0.2038012062336766,0.036458646654597776,0.16546762589928057,0.10526315789473684,0.2948717948717949,0.25817034902876834,0.04339508929562545,0.21296296296296297,0.1360544217687075,0.3724696356275303
mathoverflow,0.1,0,0.75,0.36245687080506134,0.06149509317553082,0.3333333333333333,0.2,0.5604395604395604,0.20900630145737598,0.03906100661294172,0.18181818181818182,0.10638297872340426,0.3269230769230769,0.26477564463830794,0.047057395223799925,0.27530364372469635,0.13888888888888892,0.41295546558704455
mathoverflow,0.1,0,1.0,0.3753070708107539,0.05541843880744599,0.38095238095238093,0.2,0.5384615384615384,0.21644814791986727,0.036668118677778694,0.2,0.09210526315789473,0.32926829268292684,0.2741835885434516,0.04334265533156389,0.25,0.12612612612612611,0.4075471698113208
mathoverflow,0.1,0,2.0,0.38891281699362307,0.05333729052953011,0.4,0.23076923076923078,0.5384615384615384,0.22423180637823087,0.03578523247140508,0.2,0.12631578947368421,0.31645569620253167,0.28406218330834365,0.04189535850626343,0.26666666666666666,0.163265306122449,0.39676113360323884
mathoverflow,0.1,0,3.0,0.39246249912672226,0.05245822246323493,0.3333333333333333,0.17307692307692307,0.5714285714285714,0.22630758422019814,0.035454874632660845,0.2,0.09473684210526316,0.3333333333333333,0.28668282939543993,0.041415622556296695,0.2857142857142857,0.12244897959183673,0.4210526315789474
mathoverflow,0.1,0,5.0,0.39489296420544096,0.054839314696531104,0.35714285714285715,0.23076923076923078,0.5384615384615384,0.22765691643762134,0.03657980309870891,0.25,0.12631578947368421,0.3161764705882353,0.2884161600097915,0.042979142963613784,0.25641025641025644,0.163265306122449,0.39676113360323884
mathoverflow,0.1,0.1,0,0.34253537538827783,0.05975082334583691,0.2727272727272727,0.18181818181818182,0.5494505494505495,0.19762579953495132,0.03846260917058336,0.2,0.10091743119266056,0.32051282051282054,0.2503057096013198,0.04615638947094101,0.22549019607843138,0.13496932515337423,0.40485829959514175
mathoverflow,0.1,0.1,0.1,0.34680362205494153,0.06043294392629834,0.3333333333333333,0.17307692307692307,0.5164835164835165,0.20008894057146193,0.0391036758076702,0.1875,0.09473684210526316,0.30128205128205127,0.2534258194907804,0.04685251302527333,0.26666666666666666,0.12244897959183673,0.38056680161943324
mathoverflow,0.1,0.1,0.25,0.3538907022024887,0.0565046491614399,0.3333333333333333,0.2037037037037037,0.5164835164835165,0.20414612286228814,0.036836241118656694,0.21052631578947367,0.10091743119266056,0.30128205128205127,0.25857561246784877,0.04387401788039472,0.2608695652173913,0.13496932515337423,0.38056680161943324
mathoverflow,0.1,0.1,0.5,0.3570695949117258,0.06277396955288085,0.3333333333333333,0.16176470588235295,0.5054945054945055,0.20569315609156694,0.038733668062888874,0.18181818181818182,0.09166666666666666,0.3087248322147651,0.2606680591281408,0.047070806850328606,0.25,0.11702127659574468,0.3724696356275303
mathoverflow,0.1,0.1,0.75,0.36286611381301853,0.05779588528295202,0.3333333333333333,0.16417910447761194,0.5274725274725275,0.2091704433095551,0.03736318886629196,0.2,0.1111111111111111,0.31645569620253167,0.26501118278305813,0.04460833013029606,0.2857142857142857,0.13253012048192772,0.38866396761133604
mathoverflow,0.1,0.1,1.0,0.3772227732642394,0.055306244281746186,0.375,0.24675324675324675,0.5384615384615384,0.2174674520293898,0.03621273288839909,0.18181818181818182,0.12844036697247707,0.3141025641025641,0.27550712436356456,0.04285136020027999,0.2857142857142857,0.17177914110429449,0.39676113360323884
mathoverflow,0.1,0.1,2.0,0.38782152280681204,0.05688355360056219,0.38095238095238093,0.19230769230769232,0.5384615384615384,0.22349843139217632,0.03658541126082123,0.2,0.10526315789473684,0.32941176470588235,0.2831909623559017,0.04358873983826118,0.2857142857142857,0.1360544217687075,0.40579710144927533
mathoverflow,0.1,0.1,3.0,0.395580019129547,0.05475740672740542,0.38461538461538464,0.2676056338028169,0.5274725274725275,0.2280560832430702,0.03666541524464037,0.2,0.13815789473684212,0.31543624161073824,0.28892194798154636,0.043040177364602555,0.2857142857142857,0.18918918918918923,0.38866396761133604
mathoverflow,0.1,0.1,5.0,0.3964957077401654,0.055616400047985265,0.3333333333333333,0.23076923076923078,0.5238095238095238,0.22851478620522736,0.03659146667270165,0.25,0.12631578947368421,0.32323232323232326,0.2895332246599802,0.04315226109747647,0.23958333333333337,0.163265306122449,0.39751552795031053
mathoverflow,0.1,0.25,0,0.34615084931444884,0.057982753231946224,0.3333333333333333,0.14893617021276595,0.5384615384615384,0.19973622831594423,0.03776915944608765,0.2127659574468085,0.07954545454545454,0.3141025641025641,0.2529676339459631,0.04509013777294108,0.25,0.1037037037037037,0.39676113360323884
mathoverflow,0.1,0.25,0.1,0.3565859720189456,0.05991269728102966,0.3333333333333333,0.18309859154929578,0.5164835164835165,0.20551926027594344,0.037865686429280544,0.2,0.10526315789473684,0.30201342281879195,0.260400799141517,0.045609037541145404,0.25,0.1360544217687075,0.38056680161943324
mathoverflow,0.1,0.25,0.25,0.35761040200427946,0.05904877630928445,0.3,0.17307692307692307,0.5494505494505495,0.2062463008606717,0.03803901854212488,0.16666666666666666,0.09473684210526316,0.32051282051282054,0.2612546050709059,0.04549745003998815,0.26666666666666666,0.12244897959183673,0.40485829959514175
mathoverflow,0.1,0.25,0.5,0.3642467406073653,0.05952785623866589,0.2916666666666667,0.19444444444444445,0.5824175824175825,0.21000414683832794,0.03804582564339293,0.25,0.11023622047244094,0.33974358974358976,0.2660477658020147,0.04560657874715721,0.22222222222222224,0.14973262032085563,0.42914979757085026
mathoverflow,0.1,0.25,0.75,0.37425709908072724,0.054650511189000155,0.3333333333333333,0.19230769230769232,0.5384615384615384,0.21583484542388345,0.03598575734572246,0.18181818181818182,0.10526315789473684,0.3141025641025641,0.2734151165039304,0.04264348926309227,0.22222222222222224,0.1360544217687075,0.39676113360323884
mathoverflow,0.1,0.25,1.0,0.3778518030967021,0.057648749262169126,0.3333333333333333,0.17307692307692307,0.5494505494505495,0.21786687017704218,0.03768975480777876,0.21428571428571427,0.09473684210526316,0.32051282051282054,0.27599990886561965,0.044766077708002304,0.26666666666666666,0.12244897959183673,0.40485829959514175
mathoverflow,0.1,0.25,2.0,0.38941550139815434,0.05864894560042575,0.3333333333333333,0.21153846153846154,0.5604395604395604,0.22446408812720514,0.03800592617998773,0.25,0.11578947368421053,0.3288590604026846,0.2843926539751699,0.04523722551813771,0.24581005586592178,0.14965986394557823,0.41295546558704455
mathoverflow,0.1,0.25,3.0,0.3961681899576881,0.054043694791570535,0.4166666666666667,0.23076923076923078,0.5494505494505495,0.2284033391047217,0.03609864276614965,0.2,0.12631578947368421,0.32051282051282054,0.2893552468200114,0.04233855587337458,0.23958333333333337,0.163265306122449,0.40485829959514175
mathoverflow,0.1,0.25,5.0,0.3986008582905751,0.05454816306841397,0.32,0.21153846153846154,0.5494505494505495,0.22977713155767407,0.03608366268178139,0.25,0.11009174311926606,0.32051282051282054,0.29110894211610644,0.042432731990709606,0.2857142857142857,0.147239263803681,0.40485829959514175
mathoverflow,0.1,0.5,0,0.3587170009942098,0.06075340221216778,0.3333333333333333,0.19230769230769232,0.5274725274725275,0.2069998578181611,0.03918247899352467,0.2,0.09448818897637795,0.3076923076923077,0.26216085960108565,0.04693678272703306,0.2621359223300971,0.1283422459893048,0.38866396761133604
mathoverflow,0.1,0.5,0.1,0.3658121209108808,0.05709817432580279,0.3333333333333333,0.17307692307692307,0.5164835164835165,0.21102279865318901,0.037677621934760916,0.21428571428571427,0.09473684210526316,0.31097560975609756,0.267284887981328,0.044667441233503614,0.2857142857142857,0.12244897959183673,0.38490566037735846
mathoverflow,0.1,0.5,0.25,0.3667956962243377,0.06178170665989128,0.3333333333333333,0.1346153846153846,0.5384615384615384,0.2116546647233039,0.03999972784769117,0.2,0.07368421052631578,0.3147208121827411,0.26805956659472513,0.04786262871817324,0.25,0.09523809523809523,0.39676113360323884
mathoverflow,0.1,0.5,0.5,0.3768782776571493,0.054776386303821874,0.39285714285714285,0.2222222222222222,0.5604395604395604,0.21735602194607342,0.03644626150503285,0.2,0.13333333333333333,0.3269230769230769,0.2753280695538091,0.0429585580683247,0.2857142857142857,0.17582417582417584,0.41295546558704455
mathoverflow,0.1,0.5,0.75,0.3771787966469226,0.05765284172434625,0.3333333333333333,0.17307692307692307,0.5164835164835165,0.2174987579375133,0.03735127821074806,0.21428571428571427,0.09473684210526316,0.30201342281879195,0.27552617696504067,0.044482849439011825,0.22222222222222224,0.12244897959183673,0.38056680161943324
mathoverflow,0.1,0.5,1.0,0.38623572854905586,0.05896633257316105,0.3333333333333333,0.21153846153846154,0.5491803278688525,0.22270106286605107,0.03876566775504604,0.16666666666666666,0.11009174311926606,0.34177215189873417,0.2821266574315036,0.045997619773910245,0.2995169082125604,0.147239263803681,0.4200626959247649
mathoverflow,0.1,0.5,2.0,0.3939384009358444,0.056497889557646695,0.35714285714285715,0.25,0.5384615384615384,0.22714441879504654,0.03727851054186814,0.25,0.13157894736842105,0.3157894736842105,0.28775380075400264,0.04404947050499263,0.3333333333333333,0.17687074829931976,0.39676113360323884
mathoverflow,0.1,0.5,3.0,0.401233171500538,0.053534258851130126,0.3333333333333333,0.2777777777777778,0.5384615384615384,0.23117986473549265,0.03528814598530151,0.25,0.15730337078651685,0.32323232323232326,0.2929328030831294,0.04140359485884568,0.2857142857142857,0.2040816326530612,0.39751552795031053
mathoverflow,0.1,0.5,5.0,0.3993126475448213,0.054047244930320676,0.38461538461538464,0.23076923076923078,0.5494505494505495,0.2301822116629843,0.03594732983005045,0.2,0.12631578947368421,0.32051282051282054,0.291625269543724,0.04220242709323065,0.26666666666666666,0.163265306122449,0.40485829959514175
mathoverflow,0.1,0.75,0,0.36683128908235485,0.06193421037634892,0.3125,0.11538461538461539,0.5494505494505495,0.21150525652414906,0.0393491647643611,0.2,0.06315789473684211,0.32051282051282054,0.26794730507720954,0.04732534942640561,0.2857142857142857,0.0816326530612245,0.40485829959514175
mathoverflow,0.1,0.75,0.1,0.37045192385228165,0.05746062382500379,0.36904761904761907,0.21333333333333335,0.5185185185185185,0.21373681831387387,0.03790549543870807,0.18181818181818182,0.10666666666666667,0.3111111111111111,0.27070553982448464,0.04491635023395012,0.2222222222222222,0.14222222222222225,0.3888888888888889
mathoverflow,0.1,0.75,0.25,0.3727197788048704,0.05946230153155427,0.4,0.15384615384615385,0.5494505494505495,0.21495038734506727,0.03840116247932298,0.2,0.08421052631578947,0.32051282051282054,0.2722885132425757,0.04587968195502326,0.22222222222222224,0.108843537414966,0.40485829959514175
mathoverflow,0.1,0.75,0.5,0.37654827115808837,0.059803471935983565,0.35714285714285715,0.19642857142857142,0.5428571428571428,0.2170355039909554,0.03802609615146064,0.2,0.11578947368421053,0.3114754098360656,0.27498378057295975,0.04559030506809232,0.2857142857142857,0.1456953642384106,0.39583333333333337
mathoverflow,0.1,0.75,0.75,0.38576302347493596,0.06053502884583256,0.35064935064935066,0.15384615384615385,0.5384615384615384,0.22240942149910178,0.03883199624002407,0.2,0.08421052631578947,0.3141025641025641,0.28176794753276097,0.046471177729184625,0.25,0.108843537414966,0.39676113360323884
mathoverflow,0.1,0.75,1.0,0.38759280449697214,0.058854309626831025,0.38461538461538464,0.15384615384615385,0.5714285714285714,0.2234296918023307,0.037942468193432034,0.18518518518518517,0.08421052631578947,0.3333333333333333,0.28306859329418926,0.04518499660695046,0.25,0.108843537414966,0.4210526315789474
mathoverflow,0.1,0.75,2.0,0.4014675466890449,0.056197377265100386,0.3333333333333333,0.25,0.5384615384615384,0.23143063436328948,0.036966605769750534,0.2,0.125,0.3231707317073171,0.29320912112404457,0.043646439373911175,0.25,0.17117117117117117,0.39999999999999997
mathoverflow,0.1,0.75,3.0,0.401410811961553,0.05447707339994726,0.375,0.21153846153846154,0.5445544554455446,0.2314213187752265,0.03635510251353519,0.2,0.11578947368421053,0.3353658536585366,0.29317998872013284,0.04262777859950446,0.2857142857142857,0.14965986394557823,0.41509433962264153
mathoverflow,0.1,0.75,5.0,0.4001098562705097,0.05501453914122908,0.3333333333333333,0.23076923076923078,0.5384615384615384,0.23056780723747736,0.03603540988545023,0.2,0.12631578947368421,0.3141025641025641,0.2921463519327346,0.04249072280119549,0.24074074074074073,0.163265306122449,0.39676113360323884
mathoverflow,0.1,1.0,0,0.3753426435692237,0.05802053340999279,0.36363636363636365,0.2,0.5604395604395604,0.2163843311429329,0.037001847295719814,0.2,0.09868421052631579,0.3269230769230769,0.2741490081828408,0.04436031944046348,0.25,0.13513513513513514,0.41295546558704455
mathoverflow,0.1,1.0,0.1,0.3753663578420448,0.056860223839754115,0.4,0.21428571428571427,0.5604395604395604,0.2166027844127381,0.03788797702561724,0.25,0.09868421052631579,0.3269230769230769,0.27432794872664595,0.04480804204157286,0.26666666666666666,0.13513513513513514,0.41295546558704455
mathoverflow,0.1,1.0,0.25,0.37712863985618084,0.05808817007507025,0.375,0.1346153846153846,0.5384615384615384,0.21733523665596516,0.037091494839495795,0.2,0.07368421052631578,0.3170731707317073,0.27537983753106393,0.04437138980168479,0.2857142857142857,0.09523809523809523,0.39676113360323884
mathoverflow,0.1,1.0,0.5,0.3816594772750598,0.056423032216153406,0.35714285714285715,0.19230769230769232,0.5494505494505495,0.22009767229459862,0.03695772089256258,0.18181818181818182,0.10526315789473684,0.32051282051282054,0.2788186800077545,0.043877205776671466,0.24,0.1360544217687075,0.40485829959514175
mathoverflow,0.1,1.0,0.75,0.3869987540512652,0.05937038904323373,0.4,0.15384615384615385,0.5494505494505495,0.22314823823055338,0.03847139906171065,0.25,0.08421052631578947,0.32051282051282054,0.2826944602965462,0.04590143125519778,0.2857142857142857,0.108843537414966,0.40485829959514175
mathoverflow,0.1,1.0,1.0,0.3921579047988436,0.05841056731863766,0.3333333333333333,0.17307692307692307,0.5494505494505495,0.22589646123591314,0.03704613131257914,0.25,0.09473684210526316,0.32051282051282054,0.2862694305261569,0.0442996356831422,0.22222222222222224,0.12244897959183673,0.40485829959514175
mathoverflow,0.1,1.0,2.0,0.4016143591215118,0.058759967950501535,0.4444444444444444,0.23076923076923078,0.5494505494505495,0.2315102950766576,0.03830233418360382,0.25,0.11926605504587157,0.3248730964467005,0.2933116495857466,0.045447820789233755,0.2857142857142857,0.15950920245398773,0.4056603773584906
mathoverflow,0.1,1.0,3.0,0.40794506728893576,0.056059843555876246,0.375,0.21153846153846154,0.5604395604395604,0.2350398170465756,0.036545687380788776,0.2,0.11578947368421053,0.3288590604026846,0.297831591093789,0.04313344900760197,0.3333333333333333,0.14965986394557823,0.41295546558704455
mathoverflow,0.1,1.0,5.0,0.40278346059614173,0.058051688010378945,0.3246753246753247,0.19230769230769232,0.5494505494505495,0.23210378531476067,0.03775983343493549,0.25,0.10526315789473684,0.32727272727272727,0.294093332452191,0.0447215676848562,0.3157894736842105,0.1360544217687075,0.40485829959514175
mathoverflow,0.1,2.0,0,0.3853818680522677,0.060188342110849474,0.38095238095238093,0.15384615384615385,0.5181818181818182,0.22206534343260034,0.03818938289192053,0.2,0.08421052631578947,0.3288590604026846,0.2813813742622646,0.04575489369553685,0.2857142857142857,0.108843537414966,0.39357429718875503
mathoverflow,0.1,2.0,0.1,0.3901089781821493,0.059144885630920935,0.4,0.23076923076923078,0.5555555555555556,0.2249374979362247,0.038253770638518994,0.2,0.1118421052631579,0.3147208121827411,0.28495652256652587,0.04555612360610827,0.2857142857142857,0.15315315315315314,0.3982300884955753
mathoverflow,0.1,2.0,0.25,0.3930607429596867,0.060753630341149244,0.3333333333333333,0.21153846153846154,0.5238095238095238,0.22642581597411254,0.03796385682007787,0.25,0.11009174311926606,0.3014705882352941,0.28694163596751293,0.04571611646151469,0.2311111111111111,0.147239263803681,0.3819444444444444
mathoverflow,0.1,2.0,0.5,0.39601620892359035,0.05738454831130915,0.4,0.23076923076923078,0.5384615384615384,0.22841493029187815,0.0381299848546516,0.25,0.1118421052631579,0.3170731707317073,0.2893312511798664,0.044992556180668865,0.3333333333333333,0.15315315315315314,0.39676113360323884
mathoverflow,0.1,2.0,0.75,0.39926820530422263,0.05721995727350205,0.375,0.17307692307692307,0.5494505494505495,0.23012685471244881,0.0371685024701563,0.25,0.09473684210526316,0.3248730964467005,0.2915725535215275,0.044091788233462444,0.2446808510638298,0.12244897959183673,0.40485829959514175
mathoverflow,0.1,2.0,1.0,0.40051030946429006,0.05676105701187577,0.42857142857142855,0.19230769230769232,0.5384615384615384,0.23082294358728422,0.036909030516468065,0.21428571428571427,0.10526315789473684,0.3141025641025641,0.29246437630897165,0.04375034357868319,0.22222222222222224,0.1360544217687075,0.39676113360323884
mathoverflow,0.1,2.0,2.0,0.41105743113391624,0.05467950082089219,0.4,0.23076923076923078,0.5494505494505495,0.23700078355682103,0.036677879372249256,0.23529411764705882,0.12631578947368421,0.32051282051282054,0.3002450288480984,0.04295856063618771,0.3333333333333333,0.163265306122449,0.40485829959514175
mathoverflow,0.1,2.0,3.0,0.41356369133016074,0.05755536500782396,0.3333333333333333,0.23076923076923078,0.5714285714285714,0.2383732009023678,0.037918979131144545,0.19858156028368795,0.12631578947368421,0.3333333333333333,0.30201927143009216,0.044762530841855545,0.2580645161290323,0.163265306122449,0.4166666666666667
mathoverflow,0.1,2.0,5.0,0.41432968267805764,0.056589981666995505,0.4166666666666667,0.25,0.5384615384615384,0.238722815809866,0.03692073497498922,0.25,0.1368421052631579,0.32926829268292684,0.30249697236449347,0.04356220434888725,0.25,0.17687074829931976,0.4075471698113208
mathoverflow,0.1,3.0,0,0.3902231132022999,0.05873059095067733,0.4,0.21153846153846154,0.5181818181818182,0.22489317704719125,0.03769829523258977,0.2,0.11578947368421053,0.31901840490797545,0.28495183207562114,0.044976599069169225,0.2857142857142857,0.14965986394557823,0.3909774436090226
mathoverflow,0.1,3.0,0.1,0.3887774735679406,0.05835751843413615,0.3,0.17307692307692307,0.5185185185185185,0.22415714014984373,0.037892508240585196,0.25,0.09473684210526316,0.3176470588235294,0.283971232077584,0.04502894453944683,0.26666666666666666,0.12244897959183673,0.391304347826087
mathoverflow,0.1,3.0,0.25,0.39526370052860255,0.05808734614058756,0.4,0.21153846153846154,0.5604395604395604,0.22787822327884338,0.03805172689410189,0.2,0.11578947368421053,0.3269230769230769,0.288693300783733,0.045047853280631336,0.2857142857142857,0.14965986394557823,0.41295546558704455
mathoverflow,0.1,3.0,0.5,0.39973702338796946,0.056684841631441704,0.38095238095238093,0.23076923076923078,0.5384615384615384,0.2304623745269189,0.03747955905628352,0.2,0.125,0.31901840490797545,0.29197059249123225,0.04425112128306376,0.25,0.163265306122449,0.39676113360323884
mathoverflow,0.1,3.0,0.75,0.3995867659673081,0.061124634370107934,0.42857142857142855,0.19230769230769232,0.5384615384615384,0.23040241230256073,0.03982113496893207,0.2,0.10526315789473684,0.32515337423312884,0.2918819338006967,0.047371685535247766,0.26956521739130435,0.1360544217687075,0.39849624060150374
mathoverflow,0.1,3.0,1.0,0.40263191199687054,0.05741855677654381,0.4444444444444444,0.2222222222222222,0.5494505494505495,0.23218060660836132,0.03800285950091552,0.25,0.11009174311926606,0.3434343434343434,0.29412530253276714,0.04487713818858,0.3333333333333333,0.147239263803681,0.42236024844720493
mathoverflow,0.1,3.0,2.0,0.41383101360922575,0.058445839300348426,0.3333333333333333,0.24074074074074073,0.5604395604395604,0.23865350006041963,0.03891319677043369,0.21428571428571427,0.11926605504587157,0.3269230769230769,0.30230908332013234,0.045756899996549,0.3333333333333333,0.15950920245398773,0.41295546558704455
mathoverflow,0.1,3.0,3.0,0.41687471719550356,0.05715528363713767,0.42857142857142855,0.25,0.5714285714285714,0.24026265532635493,0.0375617016937662,0.2411764705882353,0.1368421052631579,0.3333333333333333,0.3044169987321386,0.04428391250719049,0.2857142857142857,0.17687074829931976,0.4210526315789474
mathoverflow,0.1,3.0,5.0,0.4172346210427827,0.05444204762963129,0.3333333333333333,0.23076923076923078,0.5494505494505495,0.24045389929718536,0.0360811716925357,0.25,0.12631578947368421,0.3333333333333333,0.30466285838312734,0.04226339582019451,0.2857142857142857,0.163265306122449,0.40993788819875776
mathoverflow,0.1,5.0,0,0.3755844650727886,0.058974654779545395,0.38461538461538464,0.2235294117647059,0.5274725274725275,0.21639446105135912,0.0371181832086729,0.25,0.11842105263157894,0.32515337423312884,0.2742087647419698,0.04459663074094846,0.22222222222222224,0.15763546798029557,0.39849624060150374
mathoverflow,0.1,5.0,0.1,0.37721024231724,0.056006674631548715,0.3333333333333333,0.22972972972972974,0.5063291139240507,0.21738753372451736,0.036089915636426766,0.25,0.125,0.3007518796992481,0.2754374195700576,0.04290945818575118,0.26666666666666666,0.16296296296296298,0.37735849056603776
mathoverflow,0.1,5.0,0.25,0.3772590417911214,0.0604670882266462,0.38461538461538464,0.19117647058823528,0.5494505494505495,0.21740244585626908,0.03825778407005744,0.22727272727272727,0.0962962962962963,0.32515337423312884,0.2754648148391608,0.04592613946154168,0.21276595744680848,0.12807881773399013,0.40485829959514175
mathoverflow,0.1,5.0,0.5,0.3825797245112908,0.05836855019397715,0.4,0.23076923076923078,0.5274725274725275,0.22046901777714656,0.037239636169143914,0.17985611510791366,0.11926605504587157,0.3096774193548387,0.27935093742691647,0.04450633064335583,0.25,0.15950920245398773,0.3902439024390244
mathoverflow,0.1,5.0,0.75,0.383832558962162,0.0581380966951369,0.4166666666666667,0.23076923076923078,0.5185185185185185,0.2212087241437006,0.03723675215278286,0.2,0.125,0.3048780487804878,0.2802809991266476,0.044448384915980424,0.22222222222222224,0.163265306122449,0.3773584905660377
mathoverflow,0.1,5.0,1.0,0.38849464052752186,0.0588529686470151,0.3333333333333333,0.2328767123287671,0.5604395604395604,0.22391581955143303,0.037843846388722256,0.25,0.12844036697247707,0.3269230769230769,0.28370183932842163,0.045126969348529014,0.3333333333333333,0.17177914110429449,0.41295546558704455
mathoverflow,0.1,5.0,2.0,0.4014851341165637,0.05942344256120526,0.37662337662337664,0.23076923076923078,0.5274725274725275,0.23130447731525652,0.03783317164246885,0.25,0.11851851851851852,0.3312883435582822,0.29310825342817864,0.04517217973777163,0.22222222222222224,0.15763546798029557,0.40601503759398494
mathoverflow,0.1,5.0,3.0,0.41214732065992926,0.058132812603766626,0.4,0.25,0.5545454545454546,0.23749443249417018,0.03742384324832881,0.25,0.13157894736842105,0.3312883435582822,0.30092453207546166,0.044357898431989354,0.26666666666666666,0.17687074829931976,0.40802675585284287
mathoverflow,0.1,5.0,5.0,0.42200882565297565,0.05785063543596894,0.3333333333333333,0.23076923076923078,0.5604395604395604,0.2432028340016216,0.0379028887416482,0.25,0.12631578947368421,0.3411764705882353,0.3081520008812895,0.044737306224941153,0.2857142857142857,0.163265306122449,0.42028985507246375
mathoverflow,0.25,0,0,0.339382926105054,0.05673039382028402,0.4,0.16901408450704225,0.5604395604395604,0.19581373252306553,0.03712942069266788,0.18181818181818182,0.1111111111111111,0.3269230769230769,0.2480043641938326,0.04425402158954094,0.2222222222222222,0.13407821229050276,0.41295546558704455
mathoverflow,0.25,0,0.1,0.3408068456916434,0.0642465664538068,0.34523809523809523,0.15384615384615385,0.5384615384615384,0.19656002750199744,0.04046353874152989,0.13157894736842105,0.08421052631578947,0.3141025641025641,0.2489877079955882,0.04897376603949413,0.16666666666666666,0.108843537414966,0.39676113360323884
mathoverflow,0.25,0,0.25,0.3448098444164612,0.06194161085863754,0.3333333333333333,0.16901408450704225,0.5164835164835165,0.19883650496912397,0.03939138342932584,0.22727272727272727,0.09448818897637795,0.31097560975609756,0.2518873033219368,0.047467039065383125,0.20183486238532108,0.1283422459893048,0.38490566037735846
mathoverflow,0.25,0,0.5,0.35091719962176404,0.06222481468483512,0.3333333333333333,0.11538461538461539,0.5164835164835165,0.20248276070795515,0.0397775705259835,0.2,0.06315789473684211,0.3037974683544304,0.25644760866296296,0.04784211538776591,0.2222222222222222,0.0816326530612245,0.38056680161943324
mathoverflow,0.25,0,0.75,0.364261835975536,0.05917373564032171,0.3333333333333333,0.2037037037037037,0.5054945054945055,0.21015463343041316,0.03837371055359163,0.2,0.10091743119266056,0.3,0.26617706178302974,0.04582745754309598,0.21890547263681592,0.13496932515337423,0.3724696356275303
mathoverflow,0.25,0,1.0,0.36634574463336006,0.056960621500054855,0.35714285714285715,0.13846153846153847,0.5274725274725275,0.2113937655668805,0.03786153991646235,0.25,0.08181818181818182,0.31097560975609756,0.26772715236894606,0.04480023150637683,0.2857142857142857,0.10285714285714287,0.38866396761133604
mathoverflow,0.25,0,2.0,0.38892117593049835,0.05461364496335555,0.3333333333333333,0.22916666666666666,0.5384615384615384,0.224215284928416,0.036164514693782256,0.2,0.12359550561797752,0.3141025641025641,0.2840524640362152,0.042550495643598675,0.27777777777777773,0.16058394160583941,0.39676113360323884
mathoverflow,0.25,0,3.0,0.3913944352899866,0.054584089357486015,0.3333333333333333,0.23076923076923078,0.5164835164835165,0.22569117688903453,0.03634165074343404,0.2,0.12631578947368421,0.31313131313131315,0.2859059774703339,0.042766446396564566,0.25,0.163265306122449,0.38509316770186336
mathoverflow,0.25,0,5.0,0.3968119729893295,0.05495542616946971,0.4,0.24074074074074073,0.5188679245283019,0.2288423490449264,0.03685212375048326,0.25,0.11926605504587157,0.3235294117647059,0.28988543205286943,0.043268800398271,0.2857142857142857,0.15950920245398773,0.39855072463768115
mathoverflow,0.25,0.1,0,0.33956144270209976,0.06192039793529652,0.3333333333333333,0.16666666666666666,0.5274725274725275,0.19564459312853544,0.038094561114820756,0.2,0.08552631578947369,0.3076923076923077,0.24792531999520942,0.04645455266004118,0.2311111111111111,0.11711711711711711,0.38866396761133604
mathoverflow,0.25,0.1,0.1,0.3433591464986648,0.05822610537315914,0.3333333333333333,0.15384615384615385,0.5164835164835165,0.19793314533006043,0.03657553441881913,0.125,0.08421052631578947,0.30128205128205127,0.25077653321634846,0.04421434682459046,0.18181818181818182,0.108843537414966,0.38056680161943324
mathoverflow,0.25,0.1,0.25,0.3489249659988834,0.061551974547932785,0.3333333333333333,0.17307692307692307,0.5384615384615384,0.20120924444133093,0.03881133512388269,0.15789473684210525,0.09473684210526316,0.3141025641025641,0.2549005325237142,0.046930839641596146,0.18681318681318682,0.12244897959183673,0.39676113360323884
mathoverflow,0.25,0.1,0.5,0.3617860129921866,0.061231866034435756,0.3333333333333333,0.171875,0.5494505494505495,0.20874668686396167,0.03941718277811892,0.18181818181818182,0.08552631578947369,0.32051282051282054,0.2643956898764715,0.047325961755379474,0.26666666666666666,0.11711711711711711,0.40485829959514175
mathoverflow,0.25,0.1,0.75,0.3670080167378272,0.05997023669643155,0.38461538461538464,0.19230769230769232,0.5054945054945055,0.21141049398904824,0.03755747099626016,0.16666666666666666,0.10526315789473684,0.31097560975609756,0.26792228286146047,0.04537115151143822,0.2857142857142857,0.1360544217687075,0.38490566037735846
mathoverflow,0.25,0.1,1.0,0.37297613852937134,0.05506376471307685,0.3333333333333333,0.2037037037037037,0.5164835164835165,0.21527310211634088,0.037320780103546204,0.2,0.10091743119266056,0.3288590604026846,0.2726177413110991,0.04382394154300999,0.21568627450980393,0.13496932515337423,0.39357429718875503
mathoverflow,0.25,0.1,2.0,0.3861994666597576,0.054780808281717594,0.3333333333333333,0.25,0.5494505494505495,0.22274067170089132,0.03685422432926691,0.2,0.1368421052631579,0.32051282051282054,0.28214172992734504,0.04321967253818535,0.26666666666666666,0.17687074829931976,0.40485829959514175
mathoverflow,0.25,0.1,3.0,0.39507880832184444,0.05433102779141566,0.3333333333333333,0.21153846153846154,0.53125,0.2276639365680299,0.035459804783107084,0.2,0.11578947368421053,0.3170731707317073,0.28846997579737027,0.04187180453618621,0.2857142857142857,0.14965986394557823,0.3924528301886792
mathoverflow,0.25,0.1,5.0,0.3983970284254262,0.05462017624272447,0.4,0.23076923076923078,0.5280898876404494,0.22961927734938248,0.03608801801464699,0.25,0.12631578947368421,0.32727272727272727,0.29092497309153365,0.042425284028640244,0.23008849557522124,0.163265306122449,0.38866396761133604
mathoverflow,0.25,0.25,0,0.345428983621544,0.059831971716841806,0.25,0.2,0.5164835164835165,0.19923256019874805,0.037942051529610936,0.2,0.09448818897637795,0.3037974683544304,0.25237495071659616,0.045752252482948445,0.25,0.1283422459893048,0.38056680161943324
mathoverflow,0.25,0.25,0.1,0.3513053018477463,0.05782348589853446,0.35714285714285715,0.17647058823529413,0.5274725274725275,0.20269741305264904,0.03767853316205771,0.21428571428571427,0.1,0.3096446700507614,0.25672490241507057,0.04496885250718795,0.23076923076923078,0.12765957446808512,0.38866396761133604
mathoverflow,0.25,0.25,0.25,0.3540657104670311,0.055378726043534825,0.3333333333333333,0.203125,0.5384615384615384,0.20425969551740972,0.0367299146912283,0.18181818181818182,0.1118421052631579,0.3141025641025641,0.2587120187345197,0.04346088989261697,0.2857142857142857,0.14942528735632185,0.39676113360323884
mathoverflow,0.25,0.25,0.5,0.3643572308362809,0.05754393645569471,0.3333333333333333,0.17307692307692307,0.5163934426229508,0.2100565985503173,0.03694147766945956,0.2222222222222222,0.09473684210526316,0.3197969543147208,0.2661205016863916,0.04416372316031274,0.2857142857142857,0.12244897959183673,0.39498432601880884
mathoverflow,0.25,0.25,0.75,0.3730857845233499,0.05973316631176486,0.3333333333333333,0.16666666666666666,0.5274725274725275,0.215236709664152,0.03867128641729554,0.2,0.08256880733944955,0.310126582278481,0.27261794259066835,0.04618191236579924,0.2553191489361702,0.11042944785276075,0.38866396761133604
mathoverflow,0.25,0.25,1.0,0.37088354397020973,0.05408486170556129,0.3194444444444444,0.23076923076923078,0.5121951219512195,0.21402539297234174,0.03638340066284931,0.2,0.1118421052631579,0.29878048780487804,0.2710532271344431,0.04279328681833998,0.25,0.15315315315315314,0.37004405286343617
mathoverflow,0.25,0.25,2.0,0.3909360912431833,0.05446684680555055,0.3333333333333333,0.2361111111111111,0.5274725274725275,0.22534517080968364,0.0361447972944998,0.2,0.13194444444444445,0.3181818181818182,0.2855040492606954,0.042537493281150786,0.26666666666666666,0.18085106382978722,0.38866396761133604
mathoverflow,0.25,0.25,3.0,0.3929150155137537,0.05487730450855792,0.3333333333333333,0.23076923076923078,0.5247524752475248,0.22651745126510273,0.036572705070472125,0.24431818181818182,0.12631578947368421,0.3231707317073171,0.2869734746253321,0.043002216337280325,0.2857142857142857,0.163265306122449,0.39999999999999997
mathoverflow,0.25,0.25,5.0,0.4013710970995858,0.05417970977100333,0.5,0.2692307692307692,0.5333333333333333,0.23138680769626782,0.0362332881499168,0.25,0.13761467889908258,0.3225806451612903,0.29314304181870793,0.042449136243235625,0.2857142857142857,0.18404907975460125,0.39215686274509803
mathoverflow,0.25,0.5,0,0.3546942934543876,0.05972967496975298,0.4,0.17307692307692307,0.5274725274725275,0.20467992592773054,0.03872699766649962,0.21428571428571427,0.09473684210526316,0.3076923076923077,0.25922376385776247,0.04631878709501453,0.20689655172413793,0.12244897959183673,0.38866396761133604
mathoverflow,0.25,0.5,0.1,0.36190945490064463,0.059498156120948505,0.32051282051282054,0.17307692307692307,0.5081967213114754,0.20878809391266123,0.038519866939229166,0.2127659574468085,0.09473684210526316,0.3147208121827411,0.2644474809627576,0.04601419490110427,0.2965779467680608,0.12244897959183673,0.3887147335423198
mathoverflow,0.25,0.5,0.25,0.3629523814871501,0.057297117124187766,0.3333333333333333,0.17307692307692307,0.5,0.20913621462207074,0.03649932184542821,0.21428571428571427,0.09473684210526316,0.31645569620253167,0.2650039341886951,0.04373087098576002,0.2222222222222222,0.12244897959183673,0.3831417624521073
mathoverflow,0.25,0.5,0.5,0.3670945411300371,0.06323501004488388,0.4,0.19230769230769232,0.5164835164835165,0.21151809030051263,0.03936183661536708,0.125,0.10526315789473684,0.30128205128205127,0.2680338638522484,0.0477225260568387,0.22608695652173913,0.1360544217687075,0.38056680161943324
mathoverflow,0.25,0.5,0.75,0.3785010263452754,0.06141192959134897,0.3333333333333333,0.21153846153846154,0.5384615384615384,0.21843060901300432,0.040188553487467284,0.2,0.10236220472440945,0.3227848101265823,0.2766317577088595,0.04785916370987549,0.24884792626728106,0.13903743315508021,0.39676113360323884
mathoverflow,0.25,0.5,1.0,0.38243487874655024,0.05994031052558717,0.3333333333333333,0.15384615384615385,0.5604395604395604,0.22057118621429803,0.03910125456400651,0.25,0.08421052631578947,0.3269230769230769,0.27939694539733084,0.04650799339441887,0.2857142857142857,0.108843537414966,0.41295546558704455
mathoverflow,0.25,0.5,2.0,0.39680874750238765,0.055561825418021835,0.3333333333333333,0.19230769230769232,0.5181818181818182,0.2287908361876569,0.03692160087184,0.25,0.10526315789473684,0.3221476510067114,0.2898346528839658,0.043377595978639376,0.25,0.1360544217687075,0.38554216867469876
mathoverflow,0.25,0.5,3.0,0.4004654811003237,0.0577989555678251,0.3333333333333333,0.19230769230769232,0.5428571428571428,0.23092109019911233,0.03836950941227032,0.25,0.10526315789473684,0.3288590604026846,0.2925259637903669,0.045200473652677334,0.26666666666666666,0.1360544217687075,0.39676113360323884
mathoverflow,0.25,0.5,5.0,0.4010153395999248,0.05524736393714138,0.38461538461538464,0.25,0.5280898876404494,0.23110235059311965,0.03617912378492115,0.2,0.1368421052631579,0.3161764705882353,0.29282418846132724,0.042747738810095796,0.25,0.17687074829931976,0.38866396761133604
mathoverflow,0.25,0.75,0,0.3595944202436725,0.061308775452207094,0.3333333333333333,0.19230769230769232,0.5164835164835165,0.2073260433920384,0.03913851124929666,0.21739130434782608,0.10526315789473684,0.3291139240506329,0.26265059159194554,0.04698320752806778,0.2222222222222222,0.1360544217687075,0.39846743295019155
mathoverflow,0.25,0.75,0.1,0.3694741071198088,0.05742953206983508,0.2857142857142857,0.14893617021276595,0.4909090909090909,0.21303198530735026,0.03697053740711024,0.23529411764705882,0.07954545454545454,0.3087248322147651,0.26987858313106194,0.0441411468682719,0.22222222222222224,0.1037037037037037,0.3694779116465864
mathoverflow,0.25,0.75,0.25,0.37043440382327963,0.06161183013148919,0.3333333333333333,0.17647058823529413,0.5494505494505495,0.2136660306410373,0.03977676754639358,0.2,0.1,0.32051282051282054,0.2706389234254465,0.04752711629268005,0.20833333333333334,0.12765957446808512,0.40485829959514175
mathoverflow,0.25,0.75,0.5,0.37365231779285896,0.0603124791286383,0.3333333333333333,0.23943661971830985,0.5454545454545454,0.21553424294479528,0.03918106764917149,0.25,0.11926605504587157,0.3191489361702128,0.27301279504306114,0.046812877132574336,0.26666666666666666,0.15950920245398773,0.4026845637583893
mathoverflow,0.25,0.75,0.75,0.38473592019439756,0.061308868330907075,0.36363636363636365,0.21875,0.5494505494505495,0.22161391384804768,0.03864814781103134,0.18181818181818182,0.11842105263157894,0.32051282051282054,0.2808504574638628,0.046476360862198036,0.26666666666666666,0.16091954022988506,0.40485829959514175
mathoverflow,0.25,0.75,1.0,0.3877739999073786,0.061799266641467974,0.36904761904761907,0.21153846153846154,0.5494505494505495,0.22368530050079274,0.040083866852998376,0.25,0.11578947368421053,0.32051282051282054,0.2833290335660986,0.0478300022530845,0.25,0.14965986394557823,0.40485829959514175
mathoverflow,0.25,0.75,2.0,0.3976026045699498,0.05871002237545369,0.42857142857142855,0.23076923076923078,0.5432098765432098,0.22915425988541774,0.03781615143760682,0.25,0.12631578947368421,0.3197969543147208,0.2903438907900477,0.04501248114483991,0.28444444444444444,0.163265306122449,0.39676113360323884
mathoverflow,0.25,0.75,3.0,0.40334883788371306,0.05707191808373334,0.42857142857142855,0.17307692307692307,0.5363636363636364,0.23246717141807413,0.036995562124312056,0.1736111111111111,0.09473684210526316,0.3181818181818182,0.29454215574468257,0.04386463947931614,0.25925925925925924,0.12244897959183673,0.39464882943143814
mathoverflow,0.25,0.75,5.0,0.406108155400826,0.0562616351164858,0.3333333333333333,0.2692307692307692,0.5604395604395604,0.2341275954060877,0.0375723072199381,0.2,0.14678899082568808,0.3382352941176471,0.2966096085488411,0.04410218565483213,0.2857142857142857,0.19047619047619047,0.41295546558704455
mathoverflow,0.25,1.0,0,0.3680672028119067,0.061953315071296984,0.3333333333333333,0.21621621621621623,0.5164835164835165,0.2121578846153988,0.039107427741915474,0.16911764705882354,0.10526315789473684,0.30128205128205127,0.2688056359982691,0.04717186845470946,0.22222222222222224,0.14414414414414414,0.38056680161943324
mathoverflow,0.25,1.0,0.1,0.3738617603037068,0.059195492549741185,0.35714285714285715,0.1346153846153846,0.4835164835164835,0.21558699137276066,0.03801231572756517,0.22794117647058823,0.07368421052631578,0.310126582278481,0.27309942639255397,0.04540927853706069,0.2857142857142857,0.09523809523809523,0.37547892720306514
mathoverflow,0.25,1.0,0.25,0.37559084449939933,0.05947567182899834,0.3333333333333333,0.19230769230769232,0.5384615384615384,0.21656973435397928,0.03831077169742411,0.19444444444444445,0.10526315789473684,0.3231707317073171,0.2743560080683044,0.045772854540309035,0.2580645161290323,0.1360544217687075,0.39999999999999997
mathoverflow,0.25,1.0,0.5,0.3882534783831593,0.056464372274584305,0.42857142857142855,0.22,0.5604395604395604,0.22384195159817025,0.03680148856308989,0.21428571428571427,0.11702127659574468,0.3269230769230769,0.2835872232399234,0.043720094168613506,0.3157894736842105,0.1527777777777778,0.41295546558704455
mathoverflow,0.25,1.0,0.75,0.3926096907708758,0.05564067626451216,0.42857142857142855,0.2361111111111111,0.5274725274725275,0.22639884824545675,0.03717996079295,0.2222222222222222,0.1348314606741573,0.31645569620253167,0.2867949463019572,0.04369185331710453,0.2857142857142857,0.17518248175182483,0.38866396761133604
mathoverflow,0.25,1.0,1.0,0.3940724972558029,0.05694117587388224,0.3333333333333333,0.2222222222222222,0.5164835164835165,0.22726481503438226,0.03820830472710173,0.25,0.11009174311926606,0.33636363636363636,0.2878829329504916,0.04490791656070241,0.25274725274725274,0.147239263803681,0.39849624060150374
mathoverflow,0.25,1.0,2.0,0.4003078050455853,0.055605702034493124,0.36470588235294116,0.25675675675675674,0.5604395604395604,0.23064126662752155,0.03599755853913895,0.25,0.12844036697247707,0.3269230769230769,0.2922612795020111,0.04263960014563004,0.26666666666666666,0.17177914110429449,0.41295546558704455
mathoverflow,0.25,1.0,3.0,0.40403554018865206,0.05497048375345305,0.3333333333333333,0.25,0.5346534653465347,0.23295122564577508,0.036617592575604756,0.2,0.1368421052631579,0.32926829268292684,0.29510924169144126,0.042940061738473236,0.26666666666666666,0.17687074829931976,0.4075471698113208
mathoverflow,0.25,1.0,5.0,0.4047550136361892,0.057215899820743536,0.3333333333333333,0.21153846153846154,0.5363636363636364,0.2332418350367626,0.03726147212666962,0.25,0.11578947368421053,0.3288590604026846,0.2955321531671709,0.04402709334315318,0.2857142857142857,0.14965986394557823,0.39855072463768115
mathoverflow,0.25,2.0,0,0.3836021308246021,0.058581891265024846,0.4,0.19230769230769232,0.5054945054945055,0.2210546645877107,0.03722050944827497,0.2,0.10526315789473684,0.3006134969325153,0.2801030571293239,0.0446334371719916,0.22222222222222224,0.1360544217687075,0.3724696356275303
mathoverflow,0.25,2.0,0.1,0.3833137046559857,0.05949471920757717,0.4,0.21153846153846154,0.5384615384615384,0.2208289121582654,0.03744873710156622,0.18181818181818182,0.11009174311926606,0.31901840490797545,0.2798367999566572,0.04497016308205084,0.2122905027932961,0.147239263803681,0.39676113360323884
mathoverflow,0.25,2.0,0.25,0.38773315498463523,0.06144261425979119,0.3333333333333333,0.2037037037037037,0.5308641975308642,0.2235553830960602,0.03950695087728217,0.2,0.10091743119266056,0.31097560975609756,0.2832137698173341,0.04724444274259517,0.2857142857142857,0.13496932515337423,0.38490566037735846
mathoverflow,0.25,2.0,0.5,0.3958604521448015,0.06069482200233352,0.38095238095238093,0.23076923076923078,0.5604395604395604,0.22834682726853753,0.03980968807473393,0.2,0.11926605504587157,0.3269230769230769,0.28923523104639254,0.04727419891321355,0.26373626373626374,0.15950920245398773,0.41295546558704455
mathoverflow,0.25,2.0,0.75,0.39643982968997565,0.06254827152119141,0.39285714285714285,0.2037037037037037,0.5494505494505495,0.22869535661935667,0.040810842380963844,0.2,0.10091743119266056,0.3291139240506329,0.2896691103887288,0.0485809107384843,0.23529411764705885,0.13496932515337423,0.40485829959514175
mathoverflow,0.25,2.0,1.0,0.40093946592749435,0.057639917018649865,0.4166666666666667,0.19230769230769232,0.5555555555555556,0.23121772355375905,0.038019953517140936,0.23684210526315788,0.10526315789473684,0.3299492385786802,0.2928967119382441,0.04493289803538618,0.24,0.1360544217687075,0.4075235109717868
mathoverflow,0.25,2.0,2.0,0.41053916158858755,0.05629209514729598,0.39473684210526316,0.25,0.5443037974683544,0.2365294093292996,0.03622799378737191,0.2,0.12844036697247707,0.30935251798561153,0.2997280788943743,0.04298891137448293,0.3333333333333333,0.17177914110429449,0.3944954128440367
mathoverflow,0.25,2.0,3.0,0.41129907728518955,0.0562450022059204,0.42857142857142855,0.25,0.5523809523809524,0.23717031247445453,0.037636064607208516,0.25,0.1368421052631579,0.3333333333333333,0.3004444929846075,0.044161982256348584,0.29493087557603687,0.17687074829931976,0.40993788819875776
mathoverflow,0.25,2.0,5.0,0.41508894126767437,0.05461579722029646,0.3333333333333333,0.25,0.5714285714285714,0.23927097707669828,0.03640601390952708,0.25,0.1368421052631579,0.3353658536585366,0.3031425503609904,0.04263699688314602,0.2580645161290323,0.17687074829931976,0.4166666666666667
mathoverflow,0.25,3.0,0,0.3842111094432459,0.06016626660508088,0.3333333333333333,0.23076923076923078,0.5272727272727272,0.22138299544030432,0.03796981233760876,0.2,0.11926605504587157,0.3128834355828221,0.2805206667355536,0.04557548160242491,0.3333333333333333,0.15950920245398773,0.38795986622073575
mathoverflow,0.25,3.0,0.1,0.38781918416511724,0.05650282616866831,0.35,0.23076923076923078,0.5308641975308642,0.22366720158599981,0.037443725864527905,0.25,0.12631578947368421,0.310126582278481,0.2833239852888796,0.04421258792098798,0.2222222222222222,0.163265306122449,0.3805309734513274
mathoverflow,0.25,3.0,0.25,0.3906092325751932,0.05866580453741032,0.3333333333333333,0.22,0.5185185185185185,0.225234204450052,0.03798426759925273,0.2,0.11009174311926606,0.3067484662576687,0.2853280577560984,0.04520423184622256,0.2857142857142857,0.147239263803681,0.37593984962406013
mathoverflow,0.25,3.0,0.5,0.3940336898970452,0.05579834286477115,0.4,0.24074074074074073,0.5274725274725275,0.22721593309276733,0.03707775456515854,0.1694915254237288,0.11926605504587157,0.31097560975609756,0.2878322758785343,0.04365484675793059,0.2857142857142857,0.15950920245398773,0.38866396761133604
mathoverflow,0.25,3.0,0.75,0.3944477411384466,0.06092361259440544,0.39285714285714285,0.16666666666666666,0.5384615384615384,0.22743811267168837,0.03935339041395401,0.25,0.08256880733944955,0.3141025641025641,0.28812128829345696,0.04688469082826227,0.2857142857142857,0.11042944785276075,0.39676113360323884
mathoverflow,0.25,3.0,1.0,0.40272771940367813,0.05629356409291261,0.42857142857142855,0.2638888888888889,0.5432098765432098,0.23212471299606088,0.037040456231987005,0.25,0.14678899082568808,0.31645569620253167,0.2941002151768822,0.04370615834165621,0.2786885245901639,0.19047619047619047,0.39676113360323884
mathoverflow,0.25,3.0,2.0,0.41007031416323797,0.058303402655224074,0.3333333333333333,0.19230769230769232,0.5909090909090909,0.23621581600777214,0.03694419629036568,0.25,0.10526315789473684,0.3439153439153439,0.29934627507758027,0.044067275148284256,0.2857142857142857,0.1360544217687075,0.4347826086956522
mathoverflow,0.25,3.0,3.0,0.4171190313256788,0.056066855003549125,0.4,0.2692307692307692,0.5428571428571428,0.2404380829400657,0.037020466772982104,0.25,0.13815789473684212,0.3235294117647059,0.30461879954333265,0.04347965588997751,0.23148148148148148,0.18918918918918923,0.39999999999999997
mathoverflow,0.25,3.0,5.0,0.41825233398656,0.05712359211260675,0.375,0.25,0.5494505494505495,0.24122118609852022,0.03847397044265063,0.24242424242424243,0.1368421052631579,0.3353658536585366,0.30555390585841324,0.04503960405065745,0.2857142857142857,0.17687074829931976,0.41509433962264153
mathoverflow,0.25,5.0,0,0.38028382161975366,0.058047242414540755,0.3333333333333333,0.23076923076923078,0.5308641975308642,0.21920032570153683,0.037152850344089286,0.2,0.11851851851851852,0.3128834355828221,0.2777174818882582,0.04435350676335647,0.22222222222222224,0.15763546798029557,0.3834586466165414
mathoverflow,0.25,5.0,0.1,0.38574046462739886,0.0598443278729892,0.4230769230769231,0.21153846153846154,0.5555555555555556,0.2224492210331962,0.03896085314335735,0.25,0.11009174311926606,0.3141025641025641,0.28178372264629875,0.04629268171447088,0.24581005586592178,0.147239263803681,0.3982300884955753
mathoverflow,0.25,5.0,0.25,0.38528072927573737,0.05980005657217695,0.3684210526315789,0.22950819672131148,0.5242718446601942,0.2220532061614045,0.0381792377120381,0.2,0.11926605504587157,0.3312883435582822,0.2813434131538673,0.0456367957554688,0.2580645161290323,0.15950920245398773,0.40601503759398494
mathoverflow,0.25,5.0,0.5,0.3880646568150175,0.05764833298856339,0.3815789473684211,0.22784810126582278,0.5825242718446602,0.22379986245217537,0.0380622435346379,0.2,0.11926605504587157,0.36809815950920244,0.2834901578388214,0.04496809161866816,0.3333333333333333,0.15950920245398773,0.45112781954887216
mathoverflow,0.25,5.0,0.75,0.3849821916396126,0.06176987090915311,0.3333333333333333,0.1702127659574468,0.5308641975308642,0.22195349446968551,0.03957652930174674,0.2,0.09090909090909091,0.3312883435582822,0.2811863453351838,0.047349119175397705,0.2857142857142857,0.11851851851851852,0.40601503759398494
mathoverflow,0.25,5.0,1.0,0.3928498734450881,0.059585810387520186,0.4,0.21153846153846154,0.5145631067961165,0.2264607107871574,0.03850394279659997,0.16666666666666666,0.11578947368421053,0.32515337423312884,0.28690522326261925,0.04579652410930753,0.25925925925925924,0.14965986394557823,0.39849624060150374
mathoverflow,0.25,5.0,2.0,0.3993149635577859,0.06050060119819094,0.4,0.23404255319148937,0.5384615384615384,0.2303804468483632,0.04005364102040166,0.2,0.125,0.3312883435582822,0.29178424246991363,0.04735202636205215,0.26666666666666666,0.16296296296296298,0.40601503759398494
mathoverflow,0.25,5.0,3.0,0.410841852597199,0.06021731184254639,0.375,0.23076923076923078,0.5555555555555556,0.23691113208223752,0.039657774083766105,0.25,0.125,0.3291139240506329,0.3001120676913296,0.046886504245009425,0.3,0.16296296296296298,0.40485829959514175
mathoverflow,0.25,5.0,5.0,0.4187794649709127,0.05728244846022402,0.42857142857142855,0.28169014084507044,0.5545454545454546,0.24149052562989945,0.03841106366039529,0.25,0.13815789473684212,0.3496932515337423,0.3059125647716126,0.045028891591144225,0.2857142857142857,0.18918918918918923,0.42857142857142855
mathoverflow,0.5,0,0,0.31620964655450595,0.05677303106340253,0.3333333333333333,0.07692307692307693,0.4725274725274725,0.18236679623420746,0.03592620789104298,0.14285714285714285,0.042105263157894736,0.2848101265822785,0.23100797579183577,0.04335205858151307,0.25,0.054421768707483,0.3481781376518219
mathoverflow,0.5,0,0.1,0.3199102288149811,0.05720587766534911,0.3333333333333333,0.15384615384615385,0.45081967213114754,0.18447451505601123,0.03615957948888456,0.15827338129496402,0.08421052631578947,0.27918781725888325,0.23369648458743475,0.04367440899098241,0.22222222222222224,0.108843537414966,0.3448275862068966
mathoverflow,0.5,0,0.25,0.32867478653862886,0.05549649136278779,0.2987012987012987,0.18,0.4725274725274725,0.1895023640025825,0.035047818369392726,0.18181818181818182,0.08552631578947369,0.2911392405063291,0.24007774051484096,0.042271519562555177,0.2,0.11711711711711711,0.35249042145593873
mathoverflow,0.5,0,0.5,0.3349366071662361,0.06095000213993187,0.3333333333333333,0.18666666666666668,0.5443037974683544,0.1932135633055081,0.038763289047628054,0.18181818181818182,0.10416666666666667,0.30935251798561153,0.24473794234782847,0.046801620991673495,0.22222222222222224,0.13999999999999999,0.3944954128440367
mathoverflow,0.5,0,0.75,0.34483272969827716,0.05800237792835645,0.3333333333333333,0.17142857142857143,0.5494505494505495,0.19875854097177642,0.036465726618425044,0.2,0.07894736842105263,0.32051282051282054,0.2518284851922299,0.04400147713858964,0.2857142857142857,0.10810810810810811,0.40485829959514175
mathoverflow,0.5,0,1.0,0.34927336199271203,0.06080010963000533,0.3333333333333333,0.171875,0.5189873417721519,0.20136228597286338,0.03859012380189873,0.2,0.08661417322834646,0.31543624161073824,0.2551116532049019,0.04652502912109952,0.2608695652173913,0.11764705882352942,0.37751004016064255
mathoverflow,0.5,0,2.0,0.3748708684321005,0.055200579616896575,0.3333333333333333,0.2465753424657534,0.5247524752475248,0.21615821521896442,0.03686812038353097,0.25,0.13157894736842105,0.3231707317073171,0.2738277857613581,0.043396321648736864,0.20833333333333334,0.17687074829931976,0.39999999999999997
mathoverflow,0.5,0,3.0,0.38345486388640526,0.056386367134671926,0.3333333333333333,0.21153846153846154,0.5384615384615384,0.22104026397565227,0.036878567364475055,0.21428571428571427,0.11578947368421053,0.3141025641025641,0.2800433663361196,0.0436692272858858,0.2647058823529412,0.14965986394557823,0.39676113360323884
mathoverflow,0.5,0,5.0,0.391539072533781,0.05332694200178294,0.36363636363636365,0.25882352941176473,0.5280898876404494,0.22577966368833283,0.03594256822624337,0.25,0.13761467889908258,0.3161764705882353,0.2860108884171281,0.04204381075545608,0.26666666666666666,0.18404907975460125,0.38683127572016457
mathoverflow,0.5,0.1,0,0.32546186599892785,0.058525863444345246,0.3333333333333333,0.1702127659574468,0.4945054945054945,0.18767119966537407,0.03716834571776458,0.1366906474820144,0.09090909090909091,0.28846153846153844,0.23773512894852497,0.04474069845368036,0.2222222222222222,0.11851851851851852,0.3643724696356275
mathoverflow,0.5,0.1,0.1,0.32854086299349794,0.0603315902574033,0.3333333333333333,0.1323529411764706,0.4945054945054945,0.18922451173187838,0.03673317915587318,0.16666666666666666,0.075,0.28846153846153844,0.23982336130842377,0.044987832510929845,0.2608695652173913,0.09574468085106383,0.3643724696356275
mathoverflow,0.5,0.1,0.25,0.33345702685803136,0.061782722647399646,0.3333333333333333,0.16666666666666666,0.4835164835164835,0.1925743753933978,0.03997009866243822,0.2,0.08256880733944955,0.2972972972972973,0.2438241980965538,0.04799410147841369,0.25,0.11042944785276075,0.3682008368200837
mathoverflow,0.5,0.1,0.5,0.34078594640525006,0.05632862538697057,0.3333333333333333,0.2,0.4691358024691358,0.19661647672970015,0.03652538371523366,0.14285714285714285,0.10638297872340426,0.2777777777777778,0.24901949349886426,0.043563557540994766,0.29629629629629634,0.13888888888888892,0.34008097165991896
mathoverflow,0.5,0.1,0.75,0.3498620441807503,0.057732919032086306,0.3333333333333333,0.16216216216216217,0.5384615384615384,0.20155873196384666,0.03651669416054578,0.19852941176470587,0.1016949152542373,0.3141025641025641,0.25542223453263746,0.043951327985450074,0.25,0.125,0.39676113360323884
mathoverflow,0.5,0.1,1.0,0.35741641449985573,0.0547714247845181,0.3333333333333333,0.22,0.4752475247524752,0.20604077154532682,0.03548229497280681,0.2,0.11009174311926606,0.3014705882352941,0.2610346091696353,0.0422163451858106,0.24888888888888888,0.147239263803681,0.3677130044843049
mathoverflow,0.5,0.1,2.0,0.37949396469928187,0.06019667846270289,0.4,0.14814814814814814,0.5056179775280899,0.2187979890135998,0.03855212639427036,0.2,0.07339449541284404,0.3181818181818182,0.2771831226059397,0.04607238175047355,0.2857142857142857,0.098159509202454,0.37634408602150543
mathoverflow,0.5,0.1,3.0,0.3878827233262127,0.05414568841846006,0.3055555555555556,0.21153846153846154,0.4945054945054945,0.2236643965537782,0.036156505607959424,0.25,0.11578947368421053,0.3161764705882353,0.2833369776408902,0.04247820877950213,0.24,0.14965986394557823,0.38565022421524664
mathoverflow,0.5,0.1,5.0,0.3947672997553197,0.05439892626238871,0.3333333333333333,0.21153846153846154,0.5168539325842697,0.22761863857839984,0.036386686598996264,0.2,0.11578947368421053,0.3288590604026846,0.2883489972219056,0.04264963590718867,0.24,0.14965986394557823,0.39357429718875503
mathoverflow,0.5,0.25,0,0.32984835158486286,0.05735251991005677,0.3333333333333333,0.175,0.46153846153846156,0.1902025574045485,0.03681765437822557,0.2,0.10071942446043165,0.2911392405063291,0.24094250352117963,0.044127718990521446,0.16666666666666666,0.12785388127853883,0.35249042145593873
mathoverflow,0.5,0.25,0.1,0.33092927326545946,0.0635162132045835,0.38461538461538464,0.171875,0.4945054945054945,0.19094503712058672,0.04033298569650672,0.18181818181818182,0.1,0.30201342281879195,0.24183160553769562,0.04868396563120733,0.17351598173515984,0.12643678160919541,0.3643724696356275
mathoverflow,0.5,0.25,0.25,0.3360528618221216,0.05920908918652512,0.3333333333333333,0.14814814814814814,0.4945054945054945,0.1938078629138739,0.03751568438823085,0.16666666666666666,0.07339449541284404,0.28846153846153844,0.24551332096139714,0.045274599596663814,0.25,0.098159509202454,0.3643724696356275
mathoverflow,0.5,0.25,0.5,0.34831778304733285,0.053747223602220756,0.3333333333333333,0.20270270270270271,0.46601941747572817,0.2009587666735619,0.03564513020310387,0.2,0.10091743119266056,0.3037974683544304,0.25452354765564406,0.042153886375813125,0.23076923076923078,0.13496932515337423,0.367816091954023
mathoverflow,0.5,0.25,0.75,0.34978809039507147,0.058193681458156,0.3333333333333333,0.19230769230769232,0.5384615384615384,0.20175730197863337,0.037455999363381426,0.2,0.09722222222222222,0.3141025641025641,0.25556703620520327,0.044868493059909934,0.2311111111111111,0.13496932515337423,0.39676113360323884
mathoverflow,0.5,0.25,1.0,0.3617470586548945,0.057279703253247376,0.3333333333333333,0.2361111111111111,0.4945054945054945,0.20825916028750752,0.03530448263921308,0.18181818181818182,0.12598425196850394,0.29441624365482233,0.26398049616505065,0.042763846054119356,0.2608695652173913,0.1711229946524064,0.3643724696356275
mathoverflow,0.5,0.25,2.0,0.3823019918382268,0.05645775983254356,0.375,0.22388059701492538,0.5168539325842697,0.22041670748710823,0.03709765152812746,0.18181818181818182,0.11926605504587157,0.3181818181818182,0.2792244856046295,0.04377113478356066,0.2608695652173913,0.15950920245398773,0.38490566037735846
mathoverflow,0.5,0.25,3.0,0.3901660352349297,0.055608240003941746,0.3333333333333333,0.19230769230769232,0.5063291139240507,0.22489511980939983,0.0363703864268079,0.2,0.10526315789473684,0.3090909090909091,0.2849365794990669,0.043020862331288774,0.21875,0.1360544217687075,0.3773584905660377
mathoverflow,0.5,0.25,5.0,0.3925934830001462,0.05390754752063825,0.375,0.25,0.5164835164835165,0.2262907368910267,0.03559661421691686,0.2,0.12844036697247707,0.3170731707317073,0.28670617824648886,0.041940293390681824,0.20833333333333334,0.17177914110429449,0.3924528301886792
mathoverflow,0.5,0.5,0,0.34117876059105257,0.06089952865218828,0.3333333333333333,0.1346153846153846,0.49382716049382713,0.19681745057130623,0.038864650375014236,0.2,0.07368421052631578,0.28703703703703703,0.24929623838487255,0.04679817188049313,0.25,0.09523809523809523,0.3557046979865772
mathoverflow,0.5,0.5,0.1,0.341563608069101,0.05787942060045964,0.3333333333333333,0.15625,0.4731182795698925,0.19681620438665753,0.03659003167361295,0.2,0.09090909090909091,0.2911392405063291,0.24938999714847965,0.04406637186641102,0.21004566210045664,0.1149425287356322,0.35249042145593873
mathoverflow,0.5,0.5,0.25,0.34662909741501396,0.05885169991509294,0.3333333333333333,0.1346153846153846,0.4835164835164835,0.20011511222413506,0.038186598557117826,0.19148936170212766,0.07368421052631578,0.2926829268292683,0.2534052577183501,0.045670956362750155,0.2222222222222222,0.09523809523809523,0.3622641509433962
mathoverflow,0.5,0.5,0.5,0.35460141602365525,0.059683570421826176,0.3333333333333333,0.18666666666666668,0.509090909090909,0.20458257484252984,0.0384412378965157,0.2222222222222222,0.10416666666666667,0.2978723404255319,0.25912036631425345,0.0460608050172983,0.2857142857142857,0.1372549019607843,0.37583892617449666
mathoverflow,0.5,0.5,0.75,0.3610837623873429,0.05860185361969467,0.3333333333333333,0.19672131147540983,0.5274725274725275,0.20821660420090968,0.037821395557258844,0.18181818181818182,0.10526315789473684,0.3076923076923077,0.2637644756617118,0.04519650267051874,0.2222222222222222,0.13714285714285715,0.38866396761133604
mathoverflow,0.5,0.5,1.0,0.37216782054410014,0.06041946527529758,0.3333333333333333,0.2037037037037037,0.5824175824175825,0.21445968149311131,0.038013496851823404,0.2,0.10091743119266056,0.33974358974358976,0.2717446649332493,0.045761324938771886,0.3333333333333333,0.13496932515337423,0.42914979757085026
mathoverflow,0.5,0.5,2.0,0.3907537945372546,0.05668177207787762,0.36,0.23943661971830985,0.5274725274725275,0.2253065481037571,0.03771637239224758,0.25,0.13157894736842105,0.33636363636363636,0.2854192176960652,0.044382503167734504,0.2857142857142857,0.1801801801801802,0.39999999999999997
mathoverflow,0.5,0.5,3.0,0.39107139467945107,0.055494927512451886,0.3333333333333333,0.24074074074074073,0.5384615384615384,0.22559812197643667,0.03754101610131863,0.19852941176470587,0.11926605504587157,0.3422818791946309,0.28574103930910566,0.043986499820675456,0.26666666666666666,0.15950920245398773,0.40963855421686746
mathoverflow,0.5,0.5,5.0,0.39362101755273915,0.05333632718630497,0.3,0.25,0.550561797752809,0.22691989294421813,0.0354244186181706,0.16666666666666666,0.1348314606741573,0.3181818181818182,0.2874850077372673,0.04162518870384783,0.24,0.17518248175182483,0.4032921810699589
mathoverflow,0.5,0.75,0,0.34687835137945994,0.05788497041869894,0.25,0.20833333333333334,0.49382716049382713,0.19968245919593003,0.0351163348086913,0.2,0.11009174311926606,0.27941176470588236,0.2531079471877661,0.04274586145438687,0.25,0.14598540145985403,0.35398230088495575
mathoverflow,0.5,0.75,0.1,0.34703470018593563,0.061459208249116645,0.3333333333333333,0.17567567567567569,0.4857142857142857,0.20019397563677974,0.03906951114002345,0.18181818181818182,0.09868421052631579,0.2867647058823529,0.25358055059143003,0.047173497984659,0.25,0.13333333333333333,0.35627530364372473
mathoverflow,0.5,0.75,0.25,0.3561088701956683,0.05837137279480392,0.2857142857142857,0.19444444444444445,0.5181818181818182,0.20543324277324967,0.038213671112009344,0.2222222222222222,0.11009174311926606,0.31097560975609756,0.2602002055363733,0.04547956375542555,0.25,0.147239263803681,0.38490566037735846
mathoverflow,0.5,0.75,0.5,0.3593902020068602,0.059478056095267684,0.3333333333333333,0.17647058823529413,0.5054945054945055,0.2072617964031889,0.03808763352863226,0.18796992481203006,0.1,0.3288590604026846,0.26254881506181715,0.04566462465060898,0.2122905027932961,0.12765957446808512,0.39357429718875503
mathoverflow,0.5,0.75,0.75,0.37004317411142756,0.06333929880530376,0.3333333333333333,0.17307692307692307,0.5352112676056338,0.21338293798396524,0.0403293517230292,0.18181818181818182,0.09473684210526316,0.3221476510067114,0.2703132131741104,0.048506457360176156,0.25,0.12244897959183673,0.38554216867469876
mathoverflow,0.5,0.75,1.0,0.3742367621573254,0.056805879813379354,0.3333333333333333,0.23529411764705882,0.5164835164835165,0.21560474640324634,0.036397161913518626,0.2,0.13333333333333333,0.31756756756756754,0.273215392669085,0.04346686331304036,0.2608695652173913,0.1702127659574468,0.3933054393305439
mathoverflow,0.5,0.75,2.0,0.3897138852962654,0.054436572411598085,0.375,0.2236842105263158,0.5189873417721519,0.22462804365131853,0.035775715599703925,0.25,0.12844036697247707,0.3128834355828221,0.2845935344221033,0.04213988741713319,0.26666666666666666,0.17177914110429449,0.3834586466165414
mathoverflow,0.5,0.75,3.0,0.39437409198741263,0.05781309265517033,0.375,0.23076923076923078,0.5168539325842697,0.22738437404704506,0.03765547956797269,0.2,0.11926605504587157,0.3161764705882353,0.28805558888444843,0.04461010829775064,0.2857142857142857,0.15950920245398773,0.38565022421524664
mathoverflow,0.5,0.75,5.0,0.39768252227900436,0.05801779673268663,0.3333333333333333,0.23943661971830985,0.5283018867924528,0.22926579962699,0.03820150728200501,0.25,0.12844036697247707,0.348993288590604,0.29045310554296305,0.04513002226486505,0.2857142857142857,0.17177914110429449,0.4176706827309237
mathoverflow,0.5,1.0,0,0.3557772089853919,0.06025649252506229,0.38461538461538464,0.14814814814814814,0.5,0.2054294429990635,0.03944483923237482,0.2,0.07339449541284404,0.3,0.26011219056903273,0.04704417769031057,0.2222222222222222,0.098159509202454,0.37499999999999994
mathoverflow,0.5,1.0,0.1,0.35550146181111847,0.06313059678768762,0.3333333333333333,0.09615384615384616,0.5185185185185185,0.2047236197365934,0.03851118001043512,0.21022727272727273,0.05263157894736842,0.3037974683544304,0.25946736063569864,0.04697186791891025,0.2608695652173913,0.06802721088435375,0.38056680161943324
mathoverflow,0.5,1.0,0.25,0.36003492542640897,0.05928860207640843,0.3333333333333333,0.19718309859154928,0.5245901639344263,0.20755585406925875,0.03802031776550692,0.2222222222222222,0.11009174311926606,0.3248730964467005,0.26294995321871145,0.04548672399627404,0.22222222222222224,0.147239263803681,0.4012539184952978
mathoverflow,0.5,1.0,0.5,0.36353696827950094,0.060647784617583675,0.3246753246753247,0.19444444444444445,0.5,0.2096083928859519,0.038582833338206446,0.25,0.10091743119266056,0.30201342281879195,0.2655416811994396,0.046358589276740296,0.2857142857142857,0.1339712918660287,0.36981132075471695
mathoverflow,0.5,1.0,0.75,0.3740528952313765,0.05550923776429454,0.3333333333333333,0.19230769230769232,0.5054945054945055,0.2158062172036892,0.036815956456703984,0.25,0.10526315789473684,0.3090909090909091,0.2733348051482776,0.0435273525836857,0.2941176470588235,0.1360544217687075,0.3724696356275303
mathoverflow,0.5,1.0,1.0,0.3807318621796134,0.05901359208130414,0.3333333333333333,0.21153846153846154,0.5494505494505495,0.21952534414976296,0.037966603805178405,0.16666666666666666,0.11578947368421053,0.32051282051282054,0.27809785802096,0.045288546645956544,0.2857142857142857,0.14965986394557823,0.40485829959514175
mathoverflow,0.5,1.0,2.0,0.39363512189982636,0.06008058742393959,0.3333333333333333,0.15384615384615385,0.5492957746478874,0.22693684221525928,0.03889467658358088,0.21428571428571427,0.08421052631578947,0.3116883116883117,0.2875007587597212,0.046287931669669824,0.20833333333333334,0.108843537414966,0.39506172839506176
mathoverflow,0.5,1.0,3.0,0.39836372448824003,0.054303986418491344,0.3333333333333333,0.2535211267605634,0.5445544554455446,0.22968955578864583,0.036576624389136884,0.25,0.14736842105263157,0.33557046979865773,0.2909750673308461,0.04280308394050164,0.26666666666666666,0.19047619047619047,0.41509433962264153
mathoverflow,0.5,1.0,5.0,0.4008652629030245,0.05596969756290606,0.38095238095238093,0.23943661971830985,0.5393258426966292,0.2311468540883447,0.037386223430866165,0.2,0.1368421052631579,0.3288590604026846,0.2928106185162533,0.043850076160959706,0.24,0.17687074829931976,0.39506172839506176
mathoverflow,0.5,2.0,0,0.3680369326187915,0.056720055212355694,0.29411764705882354,0.19148936170212766,0.509090909090909,0.21198584171125628,0.035612022466606386,0.18181818181818182,0.10227272727272728,0.3087248322147651,0.26864820074580686,0.04276103216756098,0.2222222222222222,0.13333333333333333,0.37583892617449666
mathoverflow,0.5,2.0,0.1,0.3662777273852526,0.061929375600023144,0.4,0.16455696202531644,0.5436893203883495,0.2112203474817655,0.039408348121899334,0.2,0.09352517985611511,0.34355828220858897,0.2675693502049155,0.04739410076769884,0.3076923076923077,0.11926605504587157,0.4210526315789474
mathoverflow,0.5,2.0,0.25,0.3697864091973503,0.05750615253029626,0.2857142857142857,0.20833333333333334,0.509090909090909,0.21319424031343223,0.03711220442158185,0.25,0.1118421052631579,0.3014705882352941,0.27009466616437383,0.044310375550623705,0.22222222222222224,0.14598540145985403,0.37583892617449666
mathoverflow,0.5,2.0,0.5,0.378436389070399,0.057607948158032246,0.3333333333333333,0.25,0.5238095238095238,0.21805161368844433,0.03668256712071574,0.25,0.12844036697247707,0.3087248322147651,0.27629847455698675,0.043824846436999444,0.3333333333333333,0.17177914110429449,0.3724696356275303
mathoverflow,0.5,2.0,0.75,0.37846219624758987,0.06111535263005251,0.3333333333333333,0.19230769230769232,0.5428571428571428,0.21834569886473315,0.03971974076862111,0.2,0.10526315789473684,0.3161764705882353,0.2765544550970776,0.0474232274820526,0.26666666666666666,0.1360544217687075,0.39583333333333337
mathoverflow,0.5,2.0,1.0,0.3878006885065711,0.060437531307170826,0.4166666666666667,0.19230769230769232,0.5631067961165048,0.22351764076264694,0.03896636588618979,0.25,0.10526315789473684,0.3558282208588957,0.2831924840341281,0.046439287906383325,0.22222222222222224,0.1360544217687075,0.43609022556390975
mathoverflow,0.5,2.0,2.0,0.4020048096860882,0.05677336764695174,0.4,0.19230769230769232,0.5487804878048781,0.23195917935362373,0.03840827820291651,0.2125,0.10526315789473684,0.3312883435582822,0.29377274258502156,0.044990446913921615,0.2580645161290323,0.1360544217687075,0.40601503759398494
mathoverflow,0.5,2.0,3.0,0.4033668711142808,0.0610524793055214,0.38961038961038963,0.25,0.5545454545454546,0.23248980738468875,0.039477675880386906,0.25,0.13533834586466165,0.3374233128834356,0.2945554060444322,0.046892583263594446,0.2857142857142857,0.17708333333333331,0.41353383458646614
mathoverflow,0.5,2.0,5.0,0.4041401704591815,0.05530118393887739,0.36363636363636365,0.2692307692307692,0.550561797752809,0.23309264772037278,0.03751100748668388,0.22695035460992907,0.14736842105263157,0.32558139534883723,0.295249465893289,0.04379670091172276,0.26666666666666666,0.19047619047619047,0.4032921810699589
mathoverflow,0.5,3.0,0,0.3624543460902672,0.056912852811768035,0.375,0.20833333333333334,0.5181818181818182,0.20888655723303198,0.03648330204829735,0.2,0.11363636363636363,0.3128834355828221,0.2646627590609186,0.04353709558901827,0.2647058823529412,0.14814814814814814,0.3834586466165414
mathoverflow,0.5,3.0,0.1,0.36782396782492816,0.0597330584873929,0.3333333333333333,0.1875,0.5185185185185185,0.21212308498857305,0.038239361870704085,0.2,0.10112359550561797,0.3067484662576687,0.2687009678521342,0.045755007057828076,0.2222222222222222,0.1313868613138686,0.3761755485893417
mathoverflow,0.5,3.0,0.25,0.3699658915370934,0.06069951080909123,0.3333333333333333,0.16666666666666666,0.5,0.2132976750716618,0.03863110930767281,0.2,0.08256880733944955,0.3087248322147651,0.2702179438325392,0.04631923800096028,0.25,0.11042944785276075,0.37593984962406013
mathoverflow,0.5,3.0,0.5,0.3744559784779624,0.05603567614046477,0.3333333333333333,0.2037037037037037,0.5,0.2159768103441706,0.03671113988746309,0.2,0.10091743119266056,0.3128834355828221,0.27357018197173594,0.043504793603029175,0.28431372549019607,0.13496932515337423,0.3834586466165414
mathoverflow,0.5,3.0,0.75,0.3798289129433548,0.06309818909204941,0.3333333333333333,0.1875,0.5242718446601942,0.21913393605746054,0.040939180216651425,0.25,0.10091743119266056,0.3312883435582822,0.27754720166392954,0.04889800208031665,0.3137254901960784,0.1313868613138686,0.40601503759398494
mathoverflow,0.5,3.0,1.0,0.38452612926754726,0.0572589800077657,0.38461538461538464,0.2222222222222222,0.5161290322580645,0.22176231809551256,0.03738629399015103,0.25,0.11009174311926606,0.3006134969325153,0.28091317679951344,0.04435207808319728,0.2857142857142857,0.147239263803681,0.3724696356275303
mathoverflow,0.5,3.0,2.0,0.3941357301454992,0.06080207007897838,0.4,0.20833333333333334,0.5272727272727272,0.2272906483943359,0.03917012714036973,0.25,0.11235955056179775,0.31901840490797545,0.28791612628432023,0.04667208060624103,0.25,0.14598540145985403,0.3909774436090226
mathoverflow,0.5,3.0,3.0,0.40715663476719144,0.05924206257443989,0.4,0.25,0.5533980582524272,0.23475495528421797,0.039053960941863516,0.20625,0.1348314606741573,0.3496932515337423,0.2973857755333558,0.0460201424445412,0.25,0.17518248175182483,0.42857142857142855
mathoverflow,0.5,3.0,5.0,0.40763203636902284,0.055130632226780864,0.4,0.2535211267605634,0.5533980582524272,0.23505036463266465,0.03744907368834241,0.25,0.15730337078651685,0.3496932515337423,0.2977525295476849,0.043640283121351896,0.2608695652173913,0.2011173184357542,0.42857142857142855
mathoverflow,0.5,5.0,0,0.3592357661687729,0.060774364500370416,0.3333333333333333,0.1276595744680851,0.49514563106796117,0.2071769263009326,0.03870798361591624,0.25,0.06818181818181818,0.3128834355828221,0.26242900321281826,0.04642949895755151,0.25,0.08888888888888888,0.3834586466165414
mathoverflow,0.5,5.0,0.1,0.360476630584426,0.05839476843950978,0.3246753246753247,0.1702127659574468,0.49382716049382713,0.20792415052001578,0.0376725220193863,0.23809523809523808,0.09090909090909091,0.294478527607362,0.26336306869981413,0.04497164244672988,0.25,0.11851851851851852,0.3609022556390977
mathoverflow,0.5,5.0,0.25,0.35851566464033113,0.058907371928921565,0.3333333333333333,0.1875,0.5061728395061729,0.2066609306394403,0.037439577984257004,0.2,0.10091743119266056,0.3067484662576687,0.2618201581540921,0.044865650976376056,0.30434782608695654,0.1313868613138686,0.37593984962406013
mathoverflow,0.5,5.0,0.5,0.3675785108156023,0.06045304306420978,0.3333333333333333,0.19148936170212766,0.49514563106796117,0.21188124114600454,0.0382500579154529,0.18181818181818182,0.10227272727272728,0.3128834355828221,0.26843994926481657,0.04593709718977064,0.25,0.13333333333333333,0.3834586466165414
mathoverflow,0.5,5.0,0.75,0.3655714219129086,0.060684034740254446,0.4,0.1702127659574468,0.49382716049382713,0.2108115318976307,0.03888028435617667,0.25,0.09090909090909091,0.3006134969325153,0.2670462363489118,0.046570568925111876,0.25,0.11851851851851852,0.36842105263157887
mathoverflow,0.5,5.0,1.0,0.36835270234999173,0.060116544541038645,0.35714285714285715,0.16666666666666666,0.5145631067961165,0.212356402192852,0.038019785788081406,0.2,0.08256880733944955,0.32515337423312884,0.26903144369669674,0.045684949017785366,0.25,0.11042944785276075,0.39849624060150374
mathoverflow,0.5,5.0,2.0,0.3799804577935212,0.060431656671500834,0.3333333333333333,0.16666666666666666,0.5272727272727272,0.2191584959031381,0.03890362774598761,0.2,0.08256880733944955,0.3128834355828221,0.2775979604650065,0.04638932746441138,0.25,0.11042944785276075,0.38795986622073575
mathoverflow,0.5,5.0,3.0,0.38511044287426416,0.06047559983644845,0.3333333333333333,0.19148936170212766,0.5339805825242718,0.2221074414422094,0.03901594763524116,0.2,0.10227272727272728,0.3374233128834356,0.2813450307909011,0.04655717276959787,0.25,0.13333333333333333,0.41353383458646614
mathoverflow,0.5,5.0,5.0,0.4005070059761405,0.06223412802556113,0.34523809523809523,0.22916666666666666,0.5544554455445545,0.23084091415750244,0.03972388091581346,0.25,0.11926605504587157,0.34355828220858897,0.2924646120299701,0.04740067101957201,0.25,0.15950920245398773,0.4226415094339623
mathoverflow,0.75,0,0,0.2948059181497874,0.051939585220251924,0.3333333333333333,0.1791044776119403,0.4175824175824176,0.17009016201292634,0.0336640004178453,0.14285714285714285,0.09722222222222222,0.26582278481012656,0.21542961318203271,0.04032930221854479,0.14814814814814814,0.1340782122905028,0.3218390804597701
mathoverflow,0.75,0,0.1,0.29838405267794144,0.05922533861376999,0.2857142857142857,0.125,0.4725274725274725,0.17211481792453967,0.036913910344445855,0.18181818181818182,0.06741573033707865,0.27564102564102566,0.21800747303452583,0.04486314701503606,0.2,0.08759124087591241,0.3481781376518219
mathoverflow,0.75,0,0.25,0.3069351284513795,0.05341299253081576,0.3333333333333333,0.15625,0.43478260869565216,0.17685928702708403,0.03347457174628312,0.125,0.09090909090909091,0.28187919463087246,0.2241071398523741,0.0404717177665158,0.21739130434782608,0.1149425287356322,0.3373493975903614
mathoverflow,0.75,0,0.5,0.3194744568618858,0.06107480982928397,0.3333333333333333,0.16666666666666666,0.4854368932038835,0.18416291852176642,0.03824541309100903,0.2,0.0898876404494382,0.31645569620253167,0.23332653887284188,0.04639264296312611,0.2608695652173913,0.11678832116788322,0.3831417624521073
mathoverflow,0.75,0,0.75,0.32955335362519567,0.05889776086107825,0.3333333333333333,0.1891891891891892,0.48360655737704916,0.19002349926690845,0.037525171870679434,0.19148936170212766,0.10967741935483871,0.29949238578680204,0.2407194445420291,0.045120238212547105,0.2857142857142857,0.1446808510638298,0.36990595611285265
mathoverflow,0.75,0,1.0,0.33811708798873247,0.06020786997043039,0.2857142857142857,0.17307692307692307,0.5164835164835165,0.19510199221355348,0.03813974888780689,0.25,0.09448818897637795,0.3087248322147651,0.24710482092157363,0.04606013477478229,0.25,0.12244897959183673,0.38056680161943324
mathoverflow,0.75,0,2.0,0.36940102276791775,0.0571163138879702,0.3333333333333333,0.19230769230769232,0.5,0.21286839996478601,0.03697526083045948,0.2,0.10526315789473684,0.33557046979865773,0.2697274575712636,0.04406743641488207,0.2608695652173913,0.1360544217687075,0.4016064257028113
mathoverflow,0.75,0,3.0,0.3754744623967536,0.05309057800769694,0.3333333333333333,0.25,0.4936708860759494,0.21643566520719726,0.034893060438284544,0.21212121212121213,0.13761467889908258,0.3087248322147651,0.2742168650417347,0.04124356547265145,0.19444444444444445,0.18404907975460125,0.3694779116465864
mathoverflow,0.75,0,5.0,0.3852781057552187,0.051018657784906926,0.3333333333333333,0.25,0.5054945054945055,0.22221981895484302,0.03502866870414411,0.25,0.12844036697247707,0.3221476510067114,0.2814775949931878,0.040708383323400744,0.26666666666666666,0.17177914110429449,0.38554216867469876
mathoverflow,0.75,0.1,0,0.29678347445516573,0.058149056740840865,0.2962962962962963,0.14893617021276595,0.45081967213114754,0.1713570346232046,0.03722488136107981,0.1292517006802721,0.07954545454545454,0.27918781725888325,0.2169831573246086,0.044954331154053784,0.22222222222222224,0.1037037037037037,0.3448275862068966
mathoverflow,0.75,0.1,0.1,0.308379045519098,0.055320566876763004,0.3333333333333333,0.1875,0.45054945054945056,0.1780082960565694,0.03567298983990248,0.2,0.08333333333333333,0.27848101265822783,0.2254199382549215,0.04282920684167296,0.25,0.11822660098522168,0.33716475095785436
mathoverflow,0.75,0.1,0.25,0.3132175815799017,0.058148683163373883,0.3333333333333333,0.16923076923076924,0.5079365079365079,0.18066056903072297,0.036494474299712275,0.14285714285714285,0.09027777777777778,0.2636363636363636,0.22884778307791945,0.044234224053773794,0.25,0.12571428571428572,0.3404255319148936
mathoverflow,0.75,0.1,0.5,0.31977883473295343,0.056736053424469766,0.3333333333333333,0.18181818181818182,0.4945054945054945,0.18423629520074328,0.03530203708114656,0.1875,0.10909090909090909,0.28846153846153844,0.23346338818820975,0.04279129204010885,0.16666666666666666,0.13793103448275862,0.3643724696356275
mathoverflow,0.75,0.1,0.75,0.32599784567466605,0.062230079676879636,0.3333333333333333,0.16666666666666666,0.5,0.1879202466960056,0.038686931484812205,0.1875,0.09210526315789473,0.3096446700507614,0.23809337884850001,0.04708247578579933,0.2133333333333333,0.12571428571428572,0.3824451410658307
mathoverflow,0.75,0.1,1.0,0.3413941212884285,0.05822298995544372,0.3333333333333333,0.140625,0.4835164835164835,0.19670483596013508,0.036690705106018816,0.16666666666666666,0.08181818181818182,0.28205128205128205,0.24925380333019995,0.044223541295295425,0.2608695652173913,0.10344827586206896,0.35627530364372473
mathoverflow,0.75,0.1,2.0,0.3677574529724363,0.05682007073556862,0.38461538461538464,0.23376623376623376,0.5189873417721519,0.2118364498787719,0.035947398191762944,0.2,0.13636363636363635,0.3087248322147651,0.2684508985307579,0.04306156710384905,0.26666666666666666,0.1724137931034483,0.38679245283018865
mathoverflow,0.75,0.1,3.0,0.3767043972692011,0.05758160226461042,0.3333333333333333,0.21153846153846154,0.5057471264367817,0.2173932739549596,0.03880628699750654,0.2222222222222222,0.11578947368421053,0.33557046979865773,0.27531383921560176,0.04567931668183275,0.2222222222222222,0.14965986394557823,0.4016064257028113
mathoverflow,0.75,0.1,5.0,0.38425904366020075,0.054906806429009594,0.375,0.25,0.5280898876404494,0.22144573427945427,0.03582332795206167,0.25,0.12844036697247707,0.3422818791946309,0.2805796951616582,0.042331773168607555,0.23963133640552994,0.17177914110429449,0.40963855421686746
mathoverflow,0.75,0.25,0,0.3020617801919815,0.05904039633999091,0.3333333333333333,0.16,0.4457831325301205,0.17412844569857688,0.03647965761634236,0.14285714285714285,0.0851063829787234,0.2721518987341772,0.2206106552998626,0.04446628497800069,0.11111111111111112,0.11111111111111112,0.32950191570881227
mathoverflow,0.75,0.25,0.1,0.31239883388434975,0.06214965625839667,0.3333333333333333,0.0851063829787234,0.48148148148148145,0.18013459084036318,0.03861184295114764,0.16666666666666666,0.045454545454545456,0.2974683544303797,0.22819894475907557,0.04700912828263806,0.2,0.05925925925925926,0.3601532567049808
mathoverflow,0.75,0.25,0.25,0.31577323467751367,0.06174143870688274,0.3333333333333333,0.171875,0.4854368932038835,0.18213684012025558,0.03896197868792601,0.2,0.09022556390977443,0.31645569620253167,0.23070709809619355,0.04716503416389395,0.25,0.11881188118811882,0.3831417624521073
mathoverflow,0.75,0.25,0.5,0.3253436998936383,0.06255734681640117,0.27380952380952384,0.15625,0.5054945054945055,0.18740221402541082,0.038187066938319414,0.18181818181818182,0.09090909090909091,0.2948717948717949,0.23750145842781356,0.046757126434369696,0.20444444444444446,0.1149425287356322,0.3724696356275303
mathoverflow,0.75,0.25,0.75,0.33635941510196776,0.056135190148995116,0.2857142857142857,0.19402985074626866,0.5047619047619047,0.19379655992258873,0.03519455812350396,0.2,0.1037037037037037,0.2896174863387978,0.2455842825326375,0.04257754137958326,0.25,0.13793103448275862,0.3680555555555555
mathoverflow,0.75,0.25,1.0,0.34346727739935456,0.05905643774070092,0.3333333333333333,0.15384615384615385,0.49295774647887325,0.1982369436703744,0.03858061784060029,0.2,0.08421052631578947,0.29949238578680204,0.25103421348863014,0.04596741546526182,0.22222222222222224,0.108843537414966,0.36990595611285265
mathoverflow,0.75,0.25,2.0,0.3682003963237234,0.05441040224085768,0.25,0.23943661971830985,0.5054945054945055,0.21226681566502334,0.03574635211787455,0.20833333333333334,0.13194444444444445,0.3221476510067114,0.2689240070756972,0.04234695342276521,0.25,0.1743119266055046,0.38554216867469876
mathoverflow,0.75,0.25,3.0,0.38184410447053996,0.05509755003750461,0.3333333333333333,0.23076923076923078,0.5145631067961165,0.220307847759357,0.03742599124427783,0.25,0.12631578947368421,0.32515337423312884,0.27902139833453093,0.04380424795943295,0.3333333333333333,0.163265306122449,0.39849624060150374
mathoverflow,0.75,0.25,5.0,0.38598268838321387,0.054718804952977054,0.3333333333333333,0.25,0.5280898876404494,0.22258848321858382,0.03651260096868845,0.19148936170212766,0.12844036697247707,0.3170731707317073,0.2819631797233189,0.04294378488436692,0.25,0.17177914110429449,0.3924528301886792
mathoverflow,0.75,0.5,0,0.3176709248249809,0.05959545267569704,0.2857142857142857,0.14814814814814814,0.463768115942029,0.18336579520683297,0.03789975664410445,0.15,0.07339449541284404,0.28859060402684567,0.23220974224069224,0.04578735071783368,0.2222222222222222,0.098159509202454,0.3453815261044177
mathoverflow,0.75,0.5,0.1,0.32155353109221774,0.05986892867393223,0.3333333333333333,0.1346153846153846,0.453125,0.1854618763355039,0.03756878282592324,0.2,0.07368421052631578,0.27607361963190186,0.23492671927006165,0.04550107400162031,0.16666666666666666,0.09523809523809523,0.3383458646616541
mathoverflow,0.75,0.5,0.25,0.3271159605446426,0.05787722768371612,0.3333333333333333,0.15384615384615385,0.47126436781609193,0.18858693201440513,0.03594774163617633,0.18181818181818182,0.07874015748031496,0.27848101265822783,0.2389211460863735,0.04360783862285064,0.25,0.10695187165775401,0.34008097165991896
mathoverflow,0.75,0.5,0.5,0.33531089205880327,0.058745239333450654,0.3333333333333333,0.16393442622950818,0.5057471264367817,0.19348665643808458,0.037706087983041564,0.16666666666666666,0.08771929824561403,0.3235294117647059,0.24505091217678107,0.04529168262365166,0.2222222222222222,0.11428571428571427,0.3946188340807176
mathoverflow,0.75,0.5,0.75,0.34553438841014245,0.05784021938134326,0.3333333333333333,0.18461538461538463,0.4842105263157895,0.19898428835354842,0.03541254569399415,0.18181818181818182,0.10909090909090909,0.28426395939086296,0.2521967218988324,0.04309126633216824,0.2222222222222222,0.13714285714285715,0.3557046979865772
mathoverflow,0.75,0.5,1.0,0.35521922369278147,0.06112555754659288,0.3333333333333333,0.20588235294117646,0.4766355140186916,0.20486961529456643,0.038779385638025216,0.2,0.10236220472440945,0.29411764705882354,0.2595084427358566,0.04666021465051638,0.22222222222222224,0.13903743315508021,0.3622641509433962
mathoverflow,0.75,0.5,2.0,0.3740682523905412,0.05698011214992025,0.3333333333333333,0.21153846153846154,0.5056179775280899,0.21566859221641516,0.037057622272972546,0.21052631578947367,0.11578947368421053,0.31543624161073824,0.273213482024715,0.043956383730105644,0.25,0.14965986394557823,0.37751004016064255
mathoverflow,0.75,0.5,3.0,0.38708312625440544,0.051689481377897,0.3333333333333333,0.2692307692307692,0.51,0.223379068349913,0.035861611522734475,0.2,0.125,0.3422818791946309,0.28289817715913557,0.041657466498255455,0.2857142857142857,0.17733990147783252,0.40963855421686746
mathoverflow,0.75,0.5,5.0,0.3901656180863301,0.05356876957852166,0.4,0.25,0.5280898876404494,0.22488418420863243,0.035424404336762284,0.16666666666666666,0.1348314606741573,0.31901840490797545,0.28492653862281053,0.04171377789148912,0.2857142857142857,0.17518248175182483,0.3909774436090226
mathoverflow,0.75,0.75,0,0.3239590388505154,0.06187962271342557,0.3333333333333333,0.125,0.46153846153846156,0.1867703687867621,0.03837198157026514,0.13636363636363635,0.06741573033707865,0.30201342281879195,0.23661216713748462,0.04663308292062318,0.1702127659574468,0.08759124087591241,0.36144578313253006
mathoverflow,0.75,0.75,0.1,0.33157920899509497,0.05830618611347862,0.3333333333333333,0.16417910447761194,0.46835443037974683,0.19119368668070955,0.03688946305224604,0.2,0.09649122807017543,0.27918781725888325,0.24221026223074874,0.044521427875944077,0.17777777777777776,0.1257142857142857,0.3490566037735849
mathoverflow,0.75,0.75,0.25,0.33193815800887283,0.05644865382580282,0.2857142857142857,0.2037037037037037,0.45569620253164556,0.19144019107727567,0.03640808639221116,0.2,0.10091743119266056,0.2867647058823529,0.24249728091523096,0.043552522507735586,0.2857142857142857,0.13496932515337423,0.3511450381679389
mathoverflow,0.75,0.75,0.5,0.3440345065815718,0.05995696850526845,0.3333333333333333,0.1346153846153846,0.49295774647887325,0.19810810885176733,0.03682691653683869,0.18181818181818182,0.07368421052631578,0.3014705882352941,0.2510824623029364,0.04471234104891747,0.22222222222222224,0.09523809523809523,0.3677130044843049
mathoverflow,0.75,0.75,0.75,0.35506831270870753,0.06169164188164744,0.3333333333333333,0.17307692307692307,0.4946236559139785,0.20476336884652527,0.039448032087037885,0.2,0.09473684210526316,0.3006134969325153,0.25938937944907076,0.047441405334959295,0.23963133640552994,0.12244897959183673,0.3709677419354839
mathoverflow,0.75,0.75,1.0,0.36262927254737376,0.05507443315619965,0.3333333333333333,0.17307692307692307,0.5185185185185185,0.20898883313023836,0.03531016142472444,0.2,0.09473684210526316,0.2925531914893617,0.2647897196786476,0.042065987310094144,0.25,0.12244897959183673,0.37168141592920356
mathoverflow,0.75,0.75,2.0,0.37909404849194395,0.05819822818943576,0.42857142857142855,0.23076923076923078,0.5247524752475248,0.21846416491111698,0.037324978475709224,0.25,0.125,0.3231707317073171,0.27680868618182575,0.04453883327740931,0.24,0.16296296296296298,0.39999999999999997
mathoverflow,0.75,0.75,3.0,0.38656712163989315,0.05503577169444822,0.32857142857142857,0.23076923076923078,0.5142857142857142,0.22297247008321655,0.037001007132314676,0.2,0.12631578947368421,0.3221476510067114,0.2824233549442043,0.04338257831953104,0.2647058823529412,0.163265306122449,0.38554216867469876
mathoverflow,0.75,0.75,5.0,0.39026654875803274,0.053834733186005894,0.42857142857142855,0.25,0.5393258426966292,0.22504214806946768,0.03609922930058599,0.2,0.1368421052631579,0.3221476510067114,0.2850781548939757,0.04231017563741779,0.27649769585253453,0.17687074829931976,0.39506172839506176
mathoverflow,0.75,1.0,0,0.3322862528739901,0.060903655720133724,0.3333333333333333,0.11538461538461539,0.4857142857142857,0.19179089792978682,0.03899908622222658,0.2,0.06315789473684211,0.28859060402684567,0.24288040212876577,0.04697186354055806,0.25,0.0816326530612245,0.35416666666666663
mathoverflow,0.75,1.0,0.1,0.33606757450953173,0.061480275663446216,0.25,0.15384615384615385,0.49206349206349204,0.1939770603841253,0.039368805188849366,0.2222222222222222,0.08421052631578947,0.296875,0.24564538526372207,0.047395012426288304,0.21238938053097342,0.108843537414966,0.3653846153846154
mathoverflow,0.75,1.0,0.25,0.3462406040389133,0.05914340868063375,0.2857142857142857,0.16666666666666666,0.4942528735632184,0.19969534609276246,0.03789939659795161,0.13636363636363635,0.0898876404494382,0.3161764705882353,0.2529549723994677,0.04549451749904812,0.1967213114754098,0.11678832116788322,0.38565022421524664
mathoverflow,0.75,1.0,0.5,0.3524944037687009,0.06132663039704493,0.32142857142857145,0.1346153846153846,0.5054945054945055,0.20341551371670444,0.0396220889489326,0.16666666666666666,0.07368421052631578,0.29878048780487804,0.2576209132173268,0.04751456749448643,0.22222222222222224,0.09523809523809523,0.3724696356275303
mathoverflow,0.75,1.0,0.75,0.3576809569867691,0.056705726124873845,0.3333333333333333,0.15384615384615385,0.5061728395061729,0.2062662420796705,0.036725539086174874,0.2222222222222222,0.08421052631578947,0.29878048780487804,0.2612862819208709,0.043780361517975,0.2857142857142857,0.108843537414966,0.36981132075471695
mathoverflow,0.75,1.0,1.0,0.3634531316545386,0.06029589389071128,0.25,0.19718309859154928,0.4946236559139785,0.2096400876192146,0.03888198170701536,0.2,0.12962962962962962,0.2967741935483871,0.26553762889826177,0.046465520953557195,0.18055555555555552,0.1564245810055866,0.3709677419354839
mathoverflow,0.75,1.0,2.0,0.38348880022676657,0.0566386416026526,0.3333333333333333,0.17307692307692307,0.5274725274725275,0.22091111327318463,0.0360145486021749,0.2,0.09473684210526316,0.31176470588235294,0.27994818855085835,0.04301190841831377,0.25,0.12244897959183673,0.38866396761133604
mathoverflow,0.75,1.0,3.0,0.3950447384195768,0.05757011307260523,0.4,0.24285714285714285,0.5238095238095238,0.22781909629054134,0.03816583717500495,0.25,0.125,0.3288590604026846,0.2885854053198776,0.0449888170140081,0.3137254901960784,0.17117117117117117,0.39849624060150374
mathoverflow,0.75,1.0,5.0,0.39350457277830103,0.05609163843657672,0.4,0.23529411764705882,0.5,0.2268703201313391,0.037129885652787256,0.25,0.1323529411764706,0.33557046979865773,0.2874206821876215,0.04385307139622729,0.3137254901960784,0.17467248908296945,0.4016064257028113
mathoverflow,0.75,2.0,0,0.3479097796690821,0.058741376867317875,0.3333333333333333,0.1917808219178082,0.49382716049382713,0.20048078440686845,0.03694051059150226,0.2,0.09868421052631579,0.3006134969325153,0.2540269123012877,0.044490206271788076,0.2222222222222222,0.13513513513513514,0.36842105263157887
mathoverflow,0.75,2.0,0.1,0.35482350842663707,0.057024093755910624,0.3333333333333333,0.14893617021276595,0.47474747474747475,0.20444420440499259,0.03550312272776828,0.2222222222222222,0.07954545454545454,0.2883435582822086,0.2590639837943392,0.042886322027214055,0.2608695652173913,0.1037037037037037,0.3533834586466166
mathoverflow,0.75,2.0,0.25,0.3543331571035379,0.061343638610867855,0.3717948717948718,0.18518518518518517,0.4835164835164835,0.20439064731166517,0.03894624532819066,0.21739130434782608,0.09174311926605505,0.3014705882352941,0.2588949678211628,0.04694553425719357,0.2222222222222222,0.12269938650306748,0.3677130044843049
mathoverflow,0.75,2.0,0.5,0.3611080875398647,0.0615627540314996,0.3333333333333333,0.19230769230769232,0.4909090909090909,0.208331693906768,0.03963588526127451,0.25,0.1037037037037037,0.3087248322147651,0.26386408976059306,0.047480170704252055,0.19555555555555557,0.1360544217687075,0.3694779116465864
mathoverflow,0.75,2.0,0.75,0.366769036332515,0.06129712868617136,0.41025641025641024,0.17307692307692307,0.4918032786885246,0.21140654331539993,0.0385786945852854,0.2,0.09473684210526316,0.30456852791878175,0.2678479718293455,0.046482412468098956,0.2222222222222222,0.12244897959183673,0.3761755485893417
mathoverflow,0.75,2.0,1.0,0.37213199630412375,0.05788911451711016,0.3333333333333333,0.22916666666666666,0.5164835164835165,0.2144676223020076,0.03707477139668573,0.2127659574468085,0.12359550561797752,0.3067484662576687,0.27174552235796073,0.04438878666594114,0.22222222222222224,0.16058394160583941,0.38056680161943324
mathoverflow,0.75,2.0,2.0,0.39055236937471977,0.062056472058889506,0.38095238095238093,0.24705882352941178,0.5454545454545454,0.22521626637712286,0.04013985139570564,0.25,0.13636363636363635,0.3235294117647059,0.2852928573492976,0.04786520373524074,0.2857142857142857,0.17573221757322177,0.39855072463768115
mathoverflow,0.75,2.0,3.0,0.39544651271906656,0.05598666594155132,0.4230769230769231,0.23076923076923078,0.5168539325842697,0.22785067104681359,0.03587628832768047,0.2,0.12631578947368421,0.3170731707317073,0.2887124731284036,0.04257366451438877,0.25,0.163265306122449,0.3924528301886792
mathoverflow,0.75,2.0,5.0,0.39745650798750454,0.05641435053915445,0.35294117647058826,0.2676056338028169,0.5544554455445545,0.22914061350307358,0.03740813119768754,0.25,0.15441176470588236,0.34146341463414637,0.2902929527836912,0.04407927535671227,0.3333333333333333,0.2038834951456311,0.4226415094339623
mathoverflow,0.75,3.0,0,0.3522067493685625,0.058482131410280774,0.3333333333333333,0.20833333333333334,0.49382716049382713,0.20311135103238734,0.03756908367897618,0.17532467532467533,0.11009174311926606,0.294478527607362,0.257288633598101,0.04497355740151948,0.20833333333333334,0.14598540145985403,0.3629032258064517
mathoverflow,0.75,3.0,0.1,0.35504988929540576,0.05900252782442527,0.3333333333333333,0.19117647058823528,0.4909090909090909,0.20473806229381294,0.03773884255983021,0.21052631578947367,0.0962962962962963,0.2883435582822086,0.259359417891976,0.04526620207693986,0.26666666666666666,0.12807881773399013,0.36120401337792646
mathoverflow,0.75,3.0,0.25,0.3593500759655968,0.061068120186574676,0.3684210526315789,0.1702127659574468,0.5185185185185185,0.2072114383814687,0.03884599370090898,0.2,0.09090909090909091,0.31901840490797545,0.26249207725600704,0.04667397266022748,0.28431372549019607,0.11851851851851852,0.3909774436090226
mathoverflow,0.75,3.0,0.5,0.3574582060250872,0.06493393008531217,0.2857142857142857,0.18518518518518517,0.5145631067961165,0.20632026934033557,0.041584212703133984,0.2,0.09174311926605505,0.32515337423312884,0.26127159822004514,0.049984599158990166,0.2304147465437788,0.12269938650306748,0.39849624060150374
mathoverflow,0.75,3.0,0.75,0.3651667544012894,0.060736487759631884,0.3333333333333333,0.14893617021276595,0.5,0.21060559619341707,0.03867419969962651,0.21428571428571427,0.07954545454545454,0.3088235294117647,0.26677079519510555,0.04638258610668344,0.24000000000000005,0.1037037037037037,0.37668161434977576
mathoverflow,0.75,3.0,1.0,0.367310146840939,0.059601594454474445,0.3717948717948718,0.1702127659574468,0.5142857142857142,0.21178454961194845,0.0380376865069918,0.2,0.09090909090909091,0.3067484662576687,0.2682901927040977,0.04554028441474524,0.25,0.11851851851851852,0.37593984962406013
mathoverflow,0.75,3.0,2.0,0.3813638931640295,0.06007106754527957,0.3974358974358974,0.20833333333333334,0.509090909090909,0.21979826760346463,0.0383139181168832,0.2,0.11235955056179775,0.3178294573643411,0.2784881183509012,0.04587066450797901,0.3157894736842105,0.14598540145985403,0.39047619047619053
mathoverflow,0.75,3.0,3.0,0.3933287130832876,0.057897855921068136,0.3,0.22,0.5106382978723404,0.22696636677958276,0.0385323953658841,0.25,0.11009174311926606,0.3128834355828221,0.28744229639510205,0.04541938169298744,0.2857142857142857,0.147239263803681,0.38490566037735846
mathoverflow,0.75,3.0,5.0,0.39595993976234206,0.0570905448432697,0.375,0.2553191489361702,0.5533980582524272,0.22827645043437725,0.037435944647718634,0.25,0.13636363636363635,0.3496932515337423,0.28919377028338544,0.044213183587272255,0.2857142857142857,0.17777777777777776,0.42857142857142855
mathoverflow,0.75,5.0,0,0.3415157867863687,0.05719873029696955,0.3333333333333333,0.14893617021276595,0.49514563106796117,0.19701235945513412,0.03687430618335323,0.2,0.07954545454545454,0.3128834355828221,0.2495283145436341,0.04406118631861168,0.16666666666666666,0.1037037037037037,0.3834586466165414
mathoverflow,0.75,5.0,0.1,0.3400258949126639,0.05957316740030903,0.3333333333333333,0.16666666666666666,0.4818181818181818,0.19604830434886625,0.03731256413189625,0.2,0.08256880733944955,0.2883435582822086,0.24835650262782727,0.04506539186037635,0.2222222222222222,0.11042944785276075,0.35451505016722407
mathoverflow,0.75,5.0,0.25,0.34279797373631576,0.06298786848667394,0.3333333333333333,0.14893617021276595,0.5,0.19775153217476088,0.03962202449744389,0.18181818181818182,0.07954545454545454,0.294478527607362,0.2504718236055761,0.047937252785451495,0.2222222222222222,0.1037037037037037,0.3678929765886288
mathoverflow,0.75,5.0,0.5,0.34750290438115145,0.06028886110193844,0.3,0.1875,0.49514563106796117,0.20029932226661287,0.03776123213623608,0.18181818181818182,0.10091743119266056,0.3128834355828221,0.2537674353878569,0.045564245788670785,0.26666666666666666,0.1313868613138686,0.3834586466165414
mathoverflow,0.75,5.0,0.75,0.3524692433487659,0.05549760449572514,0.3333333333333333,0.1702127659574468,0.4827586206896552,0.20326303611758034,0.03587988414933586,0.2,0.09090909090909091,0.3088235294117647,0.2574800647244716,0.042757246909331637,0.25,0.11851851851851852,0.37668161434977576
mathoverflow,0.75,5.0,1.0,0.3523359410941527,0.05931134433794616,0.3333333333333333,0.1702127659574468,0.4666666666666667,0.203174595739034,0.03765706393378728,0.18181818181818182,0.09090909090909091,0.294478527607362,0.25737137776432345,0.04521448957756333,0.273972602739726,0.11851851851851852,0.3609022556390977
mathoverflow,0.75,5.0,2.0,0.3637838992751172,0.06134170799711809,0.38461538461538464,0.18518518518518517,0.49514563106796117,0.2098416647119316,0.03930777778277697,0.25,0.09174311926605505,0.3128834355828221,0.26578920659631156,0.04709875619702984,0.2021276595744681,0.12269938650306748,0.3834586466165414
mathoverflow,0.75,5.0,3.0,0.3700613126366126,0.05790287920322923,0.3333333333333333,0.1702127659574468,0.5533980582524272,0.2136216807068095,0.038425191122566725,0.21428571428571427,0.09090909090909091,0.3496932515337423,0.2705056728062926,0.04546764622212975,0.2648401826484018,0.11851851851851852,0.42857142857142855
mathoverflow,0.75,5.0,5.0,0.38865574569872313,0.06173349324335295,0.3333333333333333,0.1875,0.5247524752475248,0.22417608052555124,0.039935908657755106,0.2413793103448276,0.10112359550561797,0.3312883435582822,0.2839466642237484,0.047553710042276105,0.2857142857142857,0.1313868613138686,0.40601503759398494
mathoverflow,1.0,0,0,0.27770261570857246,0.05577867056224608,0.2857142857142857,0.0945945945945946,0.43956043956043955,0.16017751043759815,0.03448929712159344,0.18181818181818182,0.05555555555555555,0.2564102564102564,0.20290603051938494,0.042129574744358994,0.17647058823529413,0.07291666666666667,0.3238866396761133
mathoverflow,1.0,0,0.1,0.2842438257714456,0.053678366130213796,0.2857142857142857,0.140625,0.4305555555555556,0.1635176403457885,0.03230547125808096,0.18181818181818182,0.08181818181818182,0.2721518987341772,0.20732217868192881,0.03965716983614385,0.2222222222222222,0.10344827586206896,0.32950191570881227
mathoverflow,1.0,0,0.25,0.2930012233244075,0.055123086019451005,0.2857142857142857,0.14583333333333334,0.44,0.16893030289366454,0.034867019268473146,0.14285714285714285,0.07865168539325842,0.2953020134228188,0.21401843191493097,0.04217575026191513,0.21052631578947367,0.10218978102189781,0.3534136546184739
mathoverflow,1.0,0,0.5,0.3100462073462685,0.05581413484172234,0.3333333333333333,0.16666666666666666,0.4642857142857143,0.1789448219629654,0.03629104816879638,0.17391304347826086,0.07874015748031496,0.2867647058823529,0.22660773834345185,0.043382901428354444,0.19444444444444445,0.10695187165775401,0.3497757847533632
mathoverflow,1.0,0,0.75,0.31796482559918293,0.05803964595727075,0.3076923076923077,0.17333333333333334,0.45081967213114754,0.18345301928278301,0.03692713002905573,0.2,0.08666666666666667,0.27918781725888325,0.23236088111292208,0.044595666325175795,0.1702127659574468,0.11555555555555556,0.3448275862068966
mathoverflow,1.0,0,1.0,0.32845677042055865,0.057840930559473626,0.3333333333333333,0.10416666666666667,0.4835164835164835,0.18968715304955805,0.03784769927762848,0.15789473684210525,0.056179775280898875,0.29411764705882354,0.24017094307417794,0.04521431747672535,0.2222222222222222,0.07299270072992702,0.3587443946188341
mathoverflow,1.0,0,2.0,0.35745458967093696,0.05343174360735433,0.3333333333333333,0.2236842105263158,0.4943820224719101,0.20582448320281327,0.03358756342341639,0.2,0.12631578947368421,0.2926829268292683,0.2608686542197863,0.040251083126468565,0.22222222222222224,0.163265306122449,0.3622641509433962
mathoverflow,1.0,0,3.0,0.3703068136944255,0.05364366691596546,0.3333333333333333,0.24615384615384617,0.4945054945054945,0.21343946931074428,0.035030030681168896,0.17647058823529413,0.1348314606741573,0.3221476510067114,0.2704276531109332,0.04152701825074055,0.2857142857142857,0.17518248175182483,0.38554216867469876
mathoverflow,1.0,0,5.0,0.37943681965289705,0.05490788382917123,0.4,0.25,0.5168539325842697,0.21875477065087165,0.03614567592888181,0.2,0.1348314606741573,0.3422818791946309,0.2771361671636355,0.042728263320769656,0.26666666666666666,0.17518248175182483,0.40963855421686746
mathoverflow,1.0,0.1,0,0.28747631722823713,0.05244090508105239,0.25,0.15625,0.43137254901960786,0.16572025960533565,0.03288841064484905,0.14285714285714285,0.09090909090909091,0.25949367088607594,0.20995838173375944,0.03983369748584407,0.1527777777777778,0.1149425287356322,0.3165467625899281
mathoverflow,1.0,0.1,0.1,0.29440736701029,0.0567125642187999,0.25,0.15714285714285714,0.43956043956043955,0.16978424565180975,0.03525503821700409,0.2,0.07236842105263158,0.26174496644295303,0.21508636762408495,0.04294692735667889,0.1553398058252427,0.0990990990990991,0.3238866396761133
mathoverflow,1.0,0.1,0.25,0.2937688703956383,0.05585275752774209,0.3333333333333333,0.1323529411764706,0.4358974358974359,0.1693824812676731,0.034520582501420274,0.16666666666666666,0.075,0.25882352941176473,0.21458567630994277,0.04208973287368466,0.17708333333333331,0.09574468085106383,0.3188405797101449
mathoverflow,1.0,0.1,0.5,0.30701239313391593,0.06250780957870607,0.2857142857142857,0.14473684210526316,0.45263157894736844,0.1770352708207049,0.03876385979556882,0.2,0.0743801652892562,0.28187919463087246,0.2242742420054119,0.047282414025838417,0.20689655172413793,0.0989010989010989,0.3373493975903614
mathoverflow,1.0,0.1,0.75,0.3130092860681327,0.058847399887518345,0.3333333333333333,0.16,0.5,0.18055880021088408,0.03726494771424708,0.18181818181818182,0.0851063829787234,0.3096446700507614,0.22870702951041857,0.04505266658658153,0.16666666666666666,0.11111111111111112,0.3824451410658307
mathoverflow,1.0,0.1,1.0,0.3285392393656419,0.055891288544400966,0.25,0.16,0.45161290322580644,0.18943085955159858,0.035557879564557186,0.2,0.0851063829787234,0.28859060402684567,0.23997737814176787,0.04274313176881406,0.16666666666666666,0.11111111111111112,0.3453815261044177
mathoverflow,1.0,0.1,2.0,0.355673027677977,0.05535751500842809,0.3333333333333333,0.21153846153846154,0.5148514851485149,0.20495574155234025,0.03516632930498542,0.16666666666666666,0.11578947368421053,0.3170731707317073,0.2596937792136231,0.042055269001442935,0.2608695652173913,0.14965986394557823,0.3924528301886792
mathoverflow,1.0,0.1,3.0,0.37648439961352476,0.056624432658376356,0.3472222222222222,0.22,0.5189873417721519,0.21721123704221834,0.037460946300584934,0.16911764705882354,0.11702127659574468,0.3221476510067114,0.27510487782006143,0.044266581468679254,0.22222222222222224,0.1527777777777778,0.38554216867469876
mathoverflow,1.0,0.1,5.0,0.3809695836568704,0.05181254678564219,0.3333333333333333,0.2222222222222222,0.5056179775280899,0.21966010001282715,0.03461467464096868,0.25,0.11009174311926606,0.3128834355828221,0.27827135924622914,0.040597672378423,0.23963133640552994,0.147239263803681,0.3834586466165414
mathoverflow,1.0,0.25,0,0.2909814383043417,0.056887949385296066,0.2222222222222222,0.12658227848101267,0.4691358024691358,0.167886166248025,0.035849690057152134,0.16666666666666666,0.07194244604316546,0.2620689655172414,0.2126444904520224,0.04351601319753979,0.1935483870967742,0.09174311926605505,0.33628318584070804
mathoverflow,1.0,0.25,0.1,0.29374408736582874,0.058852947535187244,0.2857142857142857,0.1346153846153846,0.449438202247191,0.16956258885149547,0.03715670024031047,0.18518518518518517,0.07368421052631578,0.27411167512690354,0.21473656052419146,0.045143481569530214,0.21739130434782608,0.09523809523809523,0.3385579937304075
mathoverflow,1.0,0.25,0.25,0.29900731376378564,0.058607993306340755,0.3,0.15384615384615385,0.4945054945054945,0.17251408366511542,0.03689698808012012,0.16666666666666666,0.08421052631578947,0.28846153846153844,0.2184973803904538,0.04470935386866503,0.1935483870967742,0.108843537414966,0.3643724696356275
mathoverflow,1.0,0.25,0.5,0.30958093732497693,0.06310199110265215,0.3333333333333333,0.14,0.45544554455445546,0.178711912968093,0.039740078488108274,0.10526315789473684,0.07446808510638298,0.2804878048780488,0.22631491213932786,0.04827259159449069,0.21052631578947367,0.09722222222222222,0.3471698113207548
mathoverflow,1.0,0.25,0.75,0.32273242905730154,0.05962922119431388,0.2857142857142857,0.17307692307692307,0.46601941747572817,0.18626215220208184,0.03845592014200759,0.2,0.09473684210526316,0.3037974683544304,0.2358855751140005,0.046210143725778655,0.22222222222222224,0.12244897959183673,0.367816091954023
mathoverflow,1.0,0.25,1.0,0.3297292101020262,0.05639061363294843,0.3333333333333333,0.125,0.4731182795698925,0.19035136616234039,0.036749879527251623,0.19402985074626866,0.06741573033707865,0.28187919463087246,0.24104237376162796,0.04394762885731363,0.2222222222222222,0.08759124087591241,0.3481781376518219
mathoverflow,1.0,0.25,2.0,0.35989360319836106,0.0576994379469181,0.3116883116883117,0.203125,0.49382716049382713,0.20742636344206888,0.03701722741171833,0.16666666666666666,0.11818181818181818,0.3014705882352941,0.26280275030922146,0.04419087277242513,0.21238938053097342,0.14942528735632185,0.36981132075471695
mathoverflow,1.0,0.25,3.0,0.37821158931453525,0.055903705895074825,0.4,0.25,0.5393258426966292,0.2181066645469871,0.03717868603787039,0.21428571428571427,0.13194444444444445,0.33557046979865773,0.27628698209721164,0.043835700839259154,0.23008849557522124,0.182648401826484,0.4016064257028113
mathoverflow,1.0,0.25,5.0,0.3853592150600957,0.05371365468502376,0.3333333333333333,0.24705882352941178,0.5280898876404494,0.222130195840904,0.035520555057484554,0.18181818181818182,0.13970588235294118,0.3221476510067114,0.281427410441867,0.04182340139230076,0.25,0.1834061135371179,0.38683127572016457
mathoverflow,1.0,0.5,0,0.30367181675874927,0.05916375264789013,0.2692307692307692,0.125,0.47540983606557374,0.17517800847260626,0.03725718231403617,0.16666666666666666,0.06741573033707865,0.29441624365482233,0.22188231369861622,0.045135247573205424,0.2222222222222222,0.08759124087591241,0.3636363636363636
mathoverflow,1.0,0.5,0.1,0.30744174128830226,0.05813840980012758,0.2857142857142857,0.13333333333333333,0.4430379746835443,0.17731269671004418,0.036433064810691355,0.14893617021276595,0.06299212598425197,0.2631578947368421,0.2246133441533716,0.044226337726772834,0.1917808219178082,0.0855614973262032,0.330188679245283
mathoverflow,1.0,0.5,0.25,0.31200650107589983,0.05687905691754652,0.3076923076923077,0.18333333333333332,0.45054945054945056,0.17985556797096452,0.03558589716409947,0.2222222222222222,0.08661417322834646,0.2684563758389262,0.22786690500541393,0.04310512439952499,0.16666666666666666,0.11764705882352942,0.3319838056680162
mathoverflow,1.0,0.5,0.5,0.32100594465817134,0.062336434187564745,0.2692307692307692,0.13114754098360656,0.4725274725274725,0.18546977729010541,0.04018287800743495,0.18181818181818182,0.07339449541284404,0.27564102564102566,0.23479663356259922,0.048404780479308754,0.20833333333333334,0.09411764705882354,0.3481781376518219
mathoverflow,1.0,0.5,0.75,0.32732177480312663,0.0582547358235413,0.3333333333333333,0.16666666666666666,0.46153846153846156,0.18850100177248064,0.03576526964246664,0.16312056737588654,0.08256880733944955,0.30201342281879195,0.23890633061077424,0.04353928108312551,0.2222222222222222,0.11042944785276075,0.36144578313253006
mathoverflow,1.0,0.5,1.0,0.3440779204699379,0.054611271378202694,0.3333333333333333,0.2112676056338028,0.5164835164835165,0.1982600801530327,0.03450984346346176,0.2,0.11612903225806452,0.30128205128205127,0.25121006763400067,0.041310724990011184,0.2608695652173913,0.1527777777777778,0.38056680161943324
mathoverflow,1.0,0.5,2.0,0.3666092337950812,0.05732995178934705,0.3333333333333333,0.19230769230769232,0.5164835164835165,0.2113010484329332,0.036512260895068795,0.18181818181818182,0.10526315789473684,0.30128205128205127,0.2677192420282794,0.04371836450926975,0.26373626373626374,0.1360544217687075,0.38056680161943324
mathoverflow,1.0,0.5,3.0,0.38049365891179754,0.05467535286025265,0.375,0.2222222222222222,0.5142857142857142,0.2191579166187298,0.03507552225260178,0.25,0.12631578947368421,0.31543624161073824,0.2777342212710226,0.04165254911812607,0.27450980392156865,0.163265306122449,0.38490566037735846
mathoverflow,1.0,0.5,5.0,0.3861499004760496,0.05706212004515892,0.36363636363636365,0.2537313432835821,0.5393258426966292,0.2225945930258574,0.0372861248563829,0.2,0.14473684210526316,0.3116883116883117,0.2820125546056994,0.04418597503197006,0.21714285714285717,0.19047619047619047,0.39506172839506176
mathoverflow,1.0,0.75,0,0.31032425871324765,0.0604388507175362,0.3333333333333333,0.1276595744680851,0.44660194174757284,0.17927789504193642,0.039034827655983304,0.18181818181818182,0.06818181818181818,0.2822085889570552,0.22695698352954236,0.04691310411361451,0.2222222222222222,0.08888888888888888,0.3458646616541354
mathoverflow,1.0,0.75,0.1,0.31383629917919,0.05855717766547835,0.25,0.14814814814814814,0.46153846153846156,0.18093271991514961,0.03649522135107309,0.18181818181818182,0.07339449541284404,0.27848101265822783,0.2292297187785608,0.04435881146839311,0.2222222222222222,0.098159509202454,0.34008097165991896
mathoverflow,1.0,0.75,0.25,0.32147494005678434,0.05797183433856514,0.2857142857142857,0.17307692307692307,0.4727272727272727,0.1853683011766582,0.03709211255879036,0.14285714285714285,0.09473684210526316,0.27918781725888325,0.2348240924196957,0.04459228878562006,0.21052631578947367,0.12244897959183673,0.3489932885906041
mathoverflow,1.0,0.75,0.5,0.330789829898978,0.06357313573516572,0.3333333333333333,0.16,0.4945054945054945,0.19053893039074823,0.039142568719627936,0.2,0.08256880733944955,0.2953020134228188,0.24146228822650173,0.04765484786044947,0.16666666666666666,0.11042944785276075,0.3643724696356275
mathoverflow,1.0,0.75,0.75,0.33699138146325563,0.056224480521931186,0.3333333333333333,0.17307692307692307,0.4725274725274725,0.19435437139494643,0.035920555713842485,0.19858156028368795,0.09473684210526316,0.28187919463087246,0.2461875268974642,0.04305257206182757,0.2857142857142857,0.12244897959183673,0.3481781376518219
mathoverflow,1.0,0.75,1.0,0.34982373273085937,0.059745960005265025,0.3333333333333333,0.14814814814814814,0.49504950495049505,0.2017712110240491,0.03818896147352437,0.18181818181818182,0.07339449541284404,0.31543624161073824,0.2555778122897486,0.04581485062535807,0.2857142857142857,0.098159509202454,0.37751004016064255
mathoverflow,1.0,0.75,2.0,0.37084861253857787,0.05476983709538862,0.375,0.22784810126582278,0.4691358024691358,0.21387493989687956,0.036305751864515304,0.2,0.11926605504587157,0.3181818181818182,0.2709201298801502,0.042861421851353186,0.3157894736842105,0.1592920353982301,0.37634408602150543
mathoverflow,1.0,0.75,3.0,0.3818621037583536,0.0576597687421705,0.35714285714285715,0.2222222222222222,0.5423728813559322,0.22030705296033964,0.03858714153028836,0.2,0.11009174311926606,0.32727272727272727,0.27902354594309975,0.0454043919927146,0.26666666666666666,0.147239263803681,0.391304347826087
mathoverflow,1.0,0.75,5.0,0.389481198974828,0.05558695370656522,0.3333333333333333,0.2676056338028169,0.5280898876404494,0.22460527070960382,0.03730136420417409,0.25,0.14606741573033707,0.3221476510067114,0.2845199355067451,0.04382952998452057,0.22222222222222224,0.18978102189781024,0.3924528301886792
mathoverflow,1.0,1.0,0,0.3194220494796211,0.05530456235427238,0.3333333333333333,0.1346153846153846,0.4444444444444444,0.18414812280245638,0.03505836998943411,0.2,0.07368421052631578,0.27906976744186046,0.23329764426141905,0.04223139557370525,0.16759776536312848,0.09523809523809523,0.34285714285714286
mathoverflow,1.0,1.0,0.1,0.32509872075741836,0.05745081693740054,0.3333333333333333,0.16393442622950818,0.4636363636363636,0.1876450031725211,0.0369907541205784,0.16176470588235295,0.08771929824561403,0.27205882352941174,0.23762271346510222,0.04436733503504668,0.2,0.11428571428571427,0.3422818791946309
mathoverflow,1.0,1.0,0.25,0.33287116004242656,0.0579383348933315,0.3333333333333333,0.16666666666666666,0.5081967213114754,0.19185571894758646,0.03658267890401555,0.2,0.0898876404494382,0.3147208121827411,0.2430848709899948,0.04411890726283418,0.25,0.11678832116788322,0.3887147335423198
mathoverflow,1.0,1.0,0.5,0.3397311791652652,0.05981393787108272,0.3333333333333333,0.2,0.4727272727272727,0.19578220850090233,0.03704540049517044,0.13636363636363635,0.09868421052631579,0.27564102564102566,0.24807442208603517,0.044989525513280254,0.21978021978021978,0.13513513513513514,0.3481781376518219
mathoverflow,1.0,1.0,0.75,0.34344046252882904,0.06302629615697408,0.3333333333333333,0.14893617021276595,0.4838709677419355,0.19799271613172684,0.039550510745258116,0.16666666666666666,0.07954545454545454,0.2926829268292683,0.25083196018875253,0.04781141095924477,0.20444444444444446,0.1037037037037037,0.3622641509433962
mathoverflow,1.0,1.0,1.0,0.354901887890176,0.05790980736032633,0.3333333333333333,0.17307692307692307,0.5048543689320388,0.20445143880195116,0.036254276950163596,0.2,0.09174311926605505,0.31901840490797545,0.2590889927740369,0.043730708208646406,0.1967213114754098,0.12244897959183673,0.3909774436090226
mathoverflow,1.0,1.0,2.0,0.37591682542431626,0.056871711511367336,0.36363636363636365,0.2037037037037037,0.5070422535211268,0.2167688903354222,0.037006628347583455,0.21052631578947367,0.10091743119266056,0.31901840490797545,0.27460339393763245,0.04399835240404008,0.19704433497536947,0.13496932515337423,0.3909774436090226
mathoverflow,1.0,1.0,3.0,0.3883550664906533,0.05428481109730901,0.3333333333333333,0.22916666666666666,0.504950495049505,0.22364939577626392,0.034738786084679875,0.25,0.12359550561797752,0.3288590604026846,0.2834418395602199,0.04119774521085492,0.25,0.16058394160583941,0.39357429718875503
mathoverflow,1.0,1.0,5.0,0.3874048648317668,0.050574385725412424,0.35714285714285715,0.2777777777777778,0.5070422535211268,0.22340965879181104,0.03443225695204847,0.2,0.13761467889908258,0.3088235294117647,0.2830051198257213,0.04013316585506161,0.21674876847290642,0.18404907975460125,0.3773584905660377
mathoverflow,1.0,2.0,0,0.3326442144091991,0.06141928377259534,0.2857142857142857,0.18032786885245902,0.4818181818181818,0.19170991741492177,0.0381435869789048,0.17647058823529413,0.09649122807017543,0.2865853658536585,0.24290302729843152,0.0463216108339507,0.2857142857142857,0.1257142857142857,0.3557046979865772
mathoverflow,1.0,2.0,0.1,0.33524392599472386,0.06380943905603292,0.34615384615384615,0.14893617021276595,0.4838709677419355,0.19314622426729233,0.039342210986329576,0.18181818181818182,0.07954545454545454,0.28426395939086296,0.24475296079152042,0.04794105582165156,0.2222222222222222,0.1037037037037037,0.3510971786833856
mathoverflow,1.0,2.0,0.25,0.3459158501871964,0.06063757006143893,0.3333333333333333,0.14893617021276595,0.5,0.19933862173497355,0.037574096179853314,0.2,0.07954545454545454,0.30201342281879195,0.25257739465166096,0.04556076396943913,0.25,0.1037037037037037,0.36912751677852346
mathoverflow,1.0,2.0,0.5,0.35112509361885447,0.06018175780817069,0.34615384615384615,0.16666666666666666,0.4727272727272727,0.20276509942439114,0.039476955738180344,0.2,0.08256880733944955,0.2883435582822086,0.25673096172757043,0.04708526009479055,0.24096385542168675,0.11042944785276075,0.3533834586466166
mathoverflow,1.0,2.0,0.75,0.3580084031903588,0.0591782257829598,0.32,0.19230769230769232,0.5048543689320388,0.20635329783146927,0.037812861001288896,0.2,0.10091743119266056,0.31901840490797545,0.2614369822956385,0.04523738408194385,0.1702127659574468,0.13496932515337423,0.3909774436090226
mathoverflow,1.0,2.0,1.0,0.3613465953409379,0.06606178880542346,0.3333333333333333,0.15384615384615385,0.5346534653465347,0.20830510971660568,0.04122173600467875,0.22727272727272727,0.08421052631578947,0.3312883435582822,0.2639081361635355,0.0499829446445614,0.2857142857142857,0.108843537414966,0.4075471698113208
mathoverflow,1.0,2.0,2.0,0.3767079869008618,0.05839715059798068,0.3333333333333333,0.1875,0.5339805825242718,0.21717235268593083,0.03784029030317644,0.25,0.10112359550561797,0.3374233128834356,0.2751340481239112,0.04505838093858475,0.2608695652173913,0.1313868613138686,0.41353383458646614
mathoverflow,1.0,2.0,3.0,0.3885882720915483,0.06126869015012318,0.4,0.2037037037037037,0.5339805825242718,0.22402296601557584,0.039529512246120266,0.25,0.10091743119266056,0.3374233128834356,0.2838127475116258,0.04716613727206183,0.25,0.13496932515337423,0.41353383458646614
mathoverflow,1.0,2.0,5.0,0.39211342200175475,0.05520275439932743,0.4,0.22916666666666666,0.5211267605633803,0.22598757711304598,0.03596782666450284,0.25,0.12359550561797752,0.32515337423312884,0.2863222854774172,0.04242295325197117,0.26666666666666666,0.16058394160583941,0.39849624060150374
mathoverflow,1.0,3.0,0,0.3387913329175231,0.060437890715527354,0.38461538461538464,0.10638297872340426,0.48148148148148145,0.1954284648811496,0.03837817351585467,0.18181818181818182,0.056818181818181816,0.2822085889570552,0.24753632594052813,0.046262396943776735,0.2222222222222222,0.07407407407407407,0.3458646616541354
mathoverflow,1.0,3.0,0.1,0.33607294816293193,0.0584384987765654,0.3333333333333333,0.14814814814814814,0.4909090909090909,0.19383406792103533,0.03702585567964037,0.2,0.07339449541284404,0.294478527607362,0.2455216869687241,0.044530975256083655,0.2222222222222222,0.098159509202454,0.36120401337792646
mathoverflow,1.0,3.0,0.25,0.33910611219530695,0.06131781145753778,0.3333333333333333,0.14893617021276595,0.49206349206349204,0.19551343487919198,0.038174425865819345,0.18181818181818182,0.07954545454545454,0.3006134969325153,0.24768925178716475,0.04631316610762293,0.1702127659574468,0.1037037037037037,0.36842105263157887
mathoverflow,1.0,3.0,0.5,0.34438349108306426,0.06021069842065182,0.2857142857142857,0.14893617021276595,0.4909090909090909,0.19858527598307146,0.03789406030942134,0.2,0.07954545454545454,0.2872340425531915,0.25156270908291206,0.045718855663698786,0.19444444444444445,0.1037037037037037,0.36241610738255037
mathoverflow,1.0,3.0,0.75,0.3557933937929084,0.05807681812034357,0.3974358974358974,0.1875,0.5145631067961165,0.20510091559002813,0.03690529509292096,0.2,0.10112359550561797,0.32515337423312884,0.2598474907196539,0.044306370889339426,0.20833333333333334,0.1313868613138686,0.39849624060150374
mathoverflow,1.0,3.0,1.0,0.35845574207463404,0.06033601909235427,0.3333333333333333,0.1702127659574468,0.5436893203883495,0.2066364757049806,0.03821599515845021,0.2,0.09090909090909091,0.34355828220858897,0.26178809064197944,0.045925329738889686,0.25,0.11851851851851852,0.4210526315789474
mathoverflow,1.0,3.0,2.0,0.37396717344557917,0.05971767592633171,0.3333333333333333,0.2037037037037037,0.5,0.2156000200268151,0.03808088912068329,0.2,0.10091743119266056,0.3128834355828221,0.27313525348972734,0.04558553513380503,0.25,0.13496932515337423,0.3834586466165414
mathoverflow,1.0,3.0,3.0,0.38166408866936247,0.061489941349351915,0.42857142857142855,0.2037037037037037,0.5048543689320388,0.22019217328945964,0.04004257202283991,0.21428571428571427,0.10091743119266056,0.31901840490797545,0.2788863261888769,0.04770105779165098,0.25,0.13496932515337423,0.3909774436090226
mathoverflow,1.0,3.0,5.0,0.39141063762803496,0.057279671880371426,0.36363636363636365,0.24074074074074073,0.5365853658536586,0.22574160349663658,0.03795745176599156,0.25,0.11926605504587157,0.32926829268292684,0.2859464683569404,0.044784824874789186,0.2857142857142857,0.15950920245398773,0.4075471698113208
mathoverflow,1.0,5.0,0,0.3244696592404596,0.06140241882640723,0.2857142857142857,0.125,0.4583333333333333,0.18724704647357848,0.03881619680439271,0.18181818181818182,0.06741573033707865,0.2883435582822086,0.23712898472556787,0.046868190723750286,0.19555555555555557,0.08759124087591241,0.3533834586466166
mathoverflow,1.0,5.0,0.1,0.32603724516543,0.060744869758441414,0.3333333333333333,0.14583333333333334,0.45454545454545453,0.1880586724508646,0.03799697269262435,0.2,0.07865168539325842,0.2751677852348993,0.2382027206744516,0.04603310785450556,0.22594142259414227,0.10218978102189781,0.3355704697986577
mathoverflow,1.0,5.0,0.25,0.331855707194696,0.05808869309516566,0.3333333333333333,0.1702127659574468,0.4727272727272727,0.19128551857451687,0.03640657217361685,0.2,0.09090909090909091,0.2883435582822086,0.24234362729976142,0.04392668998927998,0.18055555555555552,0.11851851851851852,0.3533834586466166
mathoverflow,1.0,5.0,0.5,0.3325171277078703,0.0597643772303034,0.38461538461538464,0.14893617021276595,0.48148148148148145,0.1917863143079518,0.03776312200667788,0.18181818181818182,0.07954545454545454,0.2822085889570552,0.24292454763266808,0.04551925318369373,0.2222222222222222,0.1037037037037037,0.3458646616541354
mathoverflow,1.0,5.0,0.75,0.3383063331048915,0.060277397538144366,0.3333333333333333,0.14583333333333334,0.4727272727272727,0.19504439334283225,0.0377120463170941,0.18181818181818182,0.07865168539325842,0.2883435582822086,0.24709648281696805,0.045633271944847134,0.2222222222222222,0.10218978102189781,0.3533834586466166
mathoverflow,1.0,5.0,1.0,0.3407704306479554,0.06315819527824745,0.3333333333333333,0.125,0.4666666666666667,0.1963864891424424,0.038707432497742666,0.18181818181818182,0.06741573033707865,0.27941176470588236,0.24882233332577794,0.04710483691869431,0.22222222222222224,0.08759124087591241,0.34080717488789236
mathoverflow,1.0,5.0,2.0,0.3568097269372222,0.057316959183518264,0.3333333333333333,0.19148936170212766,0.5145631067961165,0.20564320689840276,0.03623853328602691,0.2,0.10227272727272728,0.32515337423312884,0.26055331491679806,0.043523981012492705,0.25,0.13333333333333333,0.39849624060150374
mathoverflow,1.0,5.0,3.0,0.36131781992556966,0.059494404205456236,0.3333333333333333,0.18518518518518517,0.5145631067961165,0.2083964220512439,0.03820876654876037,0.2,0.09174311926605505,0.32515337423312884,0.26396696687615356,0.045686467175847005,0.20833333333333334,0.12269938650306748,0.39849624060150374
mathoverflow,1.0,5.0,5.0,0.3807908183284381,0.060913418646428574,0.37662337662337664,0.2127659574468085,0.5339805825242718,0.2195524985146587,0.03917568219862977,0.2222222222222222,0.11363636363636363,0.3374233128834356,0.27813088594167307,0.046735873849418914,0.25,0.14814814814814814,0.41353383458646614
mathoverflow,2.0,0,0,0.24633963581789584,0.05501139235445965,0.25,0.0958904109589041,0.375,0.1419655622895879,0.03350089968798714,0.1347517730496454,0.05343511450381679,0.24489795918367346,0.17988987131799888,0.04120606710046747,0.13888888888888892,0.06862745098039215,0.29508196721311475
mathoverflow,2.0,0,0.1,0.24775114677415563,0.05547014590427038,0.2857142857142857,0.10526315789473684,0.39325842696629215,0.1430577883141187,0.03479464842708829,0.125,0.06299212598425197,0.22818791946308725,0.18114054996464982,0.04238078725569872,0.15384615384615383,0.08333333333333333,0.28806584362139914
mathoverflow,2.0,0,0.25,0.2517360319955674,0.052976385460995215,0.21428571428571427,0.125,0.3877551020408163,0.14528785689423376,0.033156039828715476,0.125,0.06741573033707865,0.2411764705882353,0.18400129469308646,0.040393691919743714,0.11111111111111112,0.08759124087591241,0.2971014492753623
mathoverflow,2.0,0,0.5,0.26757043537127506,0.0551630109940959,0.23076923076923078,0.1346153846153846,0.3883495145631068,0.15446162622797563,0.03507419315881646,0.15151515151515152,0.07352941176470588,0.25316455696202533,0.19559431408282213,0.04243390252072271,0.13541666666666666,0.09523809523809523,0.3065134099616858
mathoverflow,2.0,0,0.75,0.2831918096837118,0.05619811892921976,0.3333333333333333,0.13333333333333333,0.4174757281553398,0.1634170171231095,0.03549278014624897,0.125,0.07751937984496124,0.2751677852348993,0.20695896027408636,0.04293383823643487,0.16666666666666666,0.09803921568627451,0.3293172690763052
mathoverflow,2.0,0,1.0,0.28419843120149463,0.055414542157626985,0.2,0.14583333333333334,0.42727272727272725,0.16383573874564683,0.0342623193731346,0.15584415584415584,0.07865168539325842,0.25,0.20757101887895793,0.04178372196614675,0.13793103448275862,0.10218978102189781,0.31543624161073824
mathoverflow,2.0,0,2.0,0.3326207670408069,0.05942488826736759,0.3333333333333333,0.16666666666666666,0.4915254237288136,0.1918088004337649,0.03749799750409867,0.2,0.0898876404494382,0.28187919463087246,0.2429750288706294,0.04522870665896811,0.25,0.11678832116788322,0.35416666666666663
mathoverflow,2.0,0,3.0,0.3561266200609366,0.053834404862573286,0.3333333333333333,0.2112676056338028,0.47191011235955055,0.20526329800424023,0.03491710782400428,0.14678899082568808,0.11578947368421053,0.294478527607362,0.26006402398637135,0.04147480463553274,0.22222222222222224,0.14965986394557823,0.3623188405797102
mathoverflow,2.0,0,5.0,0.3701030578855455,0.05349501400694268,0.3333333333333333,0.22916666666666666,0.5185185185185185,0.21337522639440432,0.03523324883765828,0.25,0.12359550561797752,0.3067484662576687,0.2703158847749268,0.04159760957799069,0.2222222222222222,0.16058394160583941,0.37593984962406013
mathoverflow,2.0,0.1,0,0.24357117682449558,0.051322702513322445,0.21428571428571427,0.125,0.36486486486486486,0.1405498257665868,0.032037257561833114,0.13636363636363635,0.07086614173228346,0.23275862068965517,0.1780094543637024,0.03903631046263301,0.11111111111111112,0.09523809523809523,0.2842105263157894
mathoverflow,2.0,0.1,0.1,0.2481282254845559,0.061182140013623466,0.23076923076923078,0.078125,0.4065934065934066,0.14362033220532774,0.03890302621382792,0.13636363636363635,0.045454545454545456,0.26174496644295303,0.18170188857552283,0.04729299869687223,0.15384615384615385,0.0574712643678161,0.3132530120481927
mathoverflow,2.0,0.1,0.25,0.2553072344366637,0.05872743565957349,0.25,0.0958904109589041,0.3902439024390244,0.14736114027007977,0.036295807419736856,0.125,0.05263157894736842,0.23225806451612904,0.18662707614959734,0.044498587041585616,0.13186813186813187,0.06802721088435375,0.29032258064516125
mathoverflow,2.0,0.1,0.5,0.2656933976798597,0.05931886058162952,0.25,0.11940298507462686,0.4186046511627907,0.15310397427456734,0.03579455626002334,0.125,0.06569343065693431,0.24161073825503357,0.1940011837497598,0.044109139424599965,0.14857142857142858,0.0861244019138756,0.3
mathoverflow,2.0,0.1,0.75,0.2845818169524447,0.05797960793854906,0.25,0.125,0.4065934065934066,0.16412161560703403,0.03583058620772099,0.16363636363636364,0.05921052631578947,0.2550335570469799,0.20791306992745884,0.04377199589226814,0.2222222222222222,0.08108108108108109,0.3052208835341366
mathoverflow,2.0,0.1,1.0,0.2941405032559972,0.060330191439294106,0.3333333333333333,0.14583333333333334,0.44554455445544555,0.16985776884871792,0.03829720152335962,0.13333333333333333,0.07236842105263158,0.27439024390243905,0.21506659378525989,0.04635216327303122,0.2222222222222222,0.0990990990990991,0.339622641509434
mathoverflow,2.0,0.1,2.0,0.3368625508569845,0.054123625861038575,0.3333333333333333,0.15384615384615385,0.47191011235955055,0.19410460647278832,0.03413715733389374,0.2,0.08421052631578947,0.2868217054263566,0.24595996261388317,0.041097719406531945,0.25,0.108843537414966,0.3523809523809524
mathoverflow,2.0,0.1,3.0,0.35853442160196664,0.0543085041823287,0.36904761904761907,0.21518987341772153,0.4818181818181818,0.20680293236636033,0.03604950906732806,0.25,0.11564625850340136,0.31543624161073824,0.26194550289987184,0.04255375856304189,0.22222222222222224,0.1504424778761062,0.37751004016064255
mathoverflow,2.0,0.1,5.0,0.37486218461662063,0.057463754904556484,0.3333333333333333,0.21153846153846154,0.5148514851485149,0.21609015386375585,0.03729775236627067,0.25,0.11578947368421053,0.3288590604026846,0.273771088608254,0.044355016432457775,0.26666666666666666,0.14965986394557823,0.39357429718875503
mathoverflow,2.0,0.25,0,0.25312370294416303,0.05517943441529022,0.25,0.057692307692307696,0.4,0.14618964171845408,0.03476628150466583,0.1223021582733813,0.031578947368421054,0.2468354430379747,0.18508816446557275,0.04222962360576663,0.1574074074074074,0.04081632653061225,0.29885057471264365
mathoverflow,2.0,0.25,0.1,0.2542703852354573,0.055685833016117216,0.2857142857142857,0.0851063829787234,0.38271604938271603,0.14657524279216544,0.033913962649735424,0.13636363636363635,0.045454545454545456,0.22842639593908629,0.18570774136903467,0.04169350181840319,0.16091954022988506,0.05925925925925926,0.2830188679245283
mathoverflow,2.0,0.25,0.25,0.2592337902463049,0.05881524676640125,0.25,0.10416666666666667,0.39344262295081966,0.14948356208716332,0.03628076103329509,0.14285714285714285,0.056179775280898875,0.2436548223350254,0.18936119618076958,0.04434861641698656,0.13888888888888887,0.07299270072992702,0.3009404388714733
mathoverflow,2.0,0.25,0.5,0.27205749493037606,0.06125378567869813,0.2597402597402597,0.11538461538461539,0.4177215189873418,0.15678852061689452,0.03721596254430738,0.14285714285714285,0.06315789473684211,0.24812030075187969,0.198662373324052,0.04577166811589739,0.2222222222222222,0.0816326530612245,0.3113207547169811
mathoverflow,2.0,0.25,0.75,0.2877574552249521,0.05960915481727975,0.25,0.12,0.43333333333333335,0.1659622073100379,0.037045265357154834,0.18181818181818182,0.06382978723404255,0.26380368098159507,0.21022137903381524,0.045084659697482724,0.2,0.08333333333333333,0.3245283018867925
mathoverflow,2.0,0.25,1.0,0.3022305809611874,0.05489018673442977,0.25,0.17142857142857143,0.45054945054945056,0.17429819800257132,0.03492862697242868,0.18181818181818182,0.07894736842105263,0.2835820895522388,0.2207852471484763,0.04200929550932675,0.2222222222222222,0.10810810810810811,0.34234234234234234
mathoverflow,2.0,0.25,2.0,0.33744249292133616,0.05853714216544965,0.25,0.16666666666666666,0.46153846153846156,0.1946598024159727,0.03758663321714889,0.18181818181818182,0.0898876404494382,0.27941176470588236,0.24655480894957058,0.04507568757827673,0.2222222222222222,0.11678832116788322,0.3416666666666666
mathoverflow,2.0,0.25,3.0,0.35848159506875504,0.055541721844928525,0.3333333333333333,0.16666666666666666,0.5164835164835165,0.20657508997713375,0.035166097912845244,0.2,0.0898876404494382,0.3221476510067114,0.26174194763817255,0.042065921208942585,0.25,0.11678832116788322,0.38554216867469876
mathoverflow,2.0,0.25,5.0,0.3746662580897337,0.05206052497255228,0.4,0.23076923076923078,0.5393258426966292,0.21610453680487576,0.03503220243646733,0.2222222222222222,0.11926605504587157,0.3116883116883117,0.2737333523148761,0.04109210781536125,0.22222222222222224,0.15950920245398773,0.39506172839506176
mathoverflow,2.0,0.5,0,0.2622640737454906,0.05213144534049223,0.2857142857142857,0.1388888888888889,0.42528735632183906,0.15138093321769797,0.03323151211177215,0.14285714285714285,0.08130081300813008,0.27205882352941174,0.19169742224012068,0.04010178072014639,0.14814814814814814,0.10256410256410256,0.3318385650224215
mathoverflow,2.0,0.5,0.1,0.2683688562018297,0.05942790249927555,0.3333333333333333,0.10416666666666667,0.4180327868852459,0.1547394155925122,0.03656578283659087,0.15789473684210525,0.056179775280898875,0.26380368098159507,0.19603470638210907,0.044769129976687146,0.1511111111111111,0.07299270072992702,0.3233082706766917
mathoverflow,2.0,0.5,0.25,0.26855551818774936,0.057644842820347986,0.16666666666666666,0.08695652173913043,0.45454545454545453,0.15463184397650176,0.03429718370246914,0.14285714285714285,0.045112781954887216,0.2542372881355932,0.19599290191481403,0.04241970269405274,0.18181818181818182,0.05940594059405941,0.3260869565217391
mathoverflow,2.0,0.5,0.5,0.28553639344523085,0.058437400475657694,0.3333333333333333,0.08,0.43956043956043955,0.1645773881545312,0.035949192223834116,0.18181818181818182,0.0425531914893617,0.27607361963190186,0.20852348453152694,0.04394582106153754,0.13333333333333333,0.05555555555555556,0.3383458646616541
mathoverflow,2.0,0.5,0.75,0.30368023666618416,0.059216075575879476,0.2857142857142857,0.15384615384615385,0.44,0.1751378777258173,0.036914526176540625,0.16541353383458646,0.08421052631578947,0.2953020134228188,0.22185079128850746,0.04483514191396329,0.16666666666666666,0.108843537414966,0.3534136546184739
mathoverflow,2.0,0.5,1.0,0.3087371817223165,0.059502809644331314,0.2857142857142857,0.1388888888888889,0.47540983606557374,0.17810984223090176,0.03764363744313983,0.16312056737588654,0.08181818181818182,0.29441624365482233,0.2255919330000623,0.04551118861611677,0.22222222222222224,0.10344827586206896,0.3636363636363636
mathoverflow,2.0,0.5,2.0,0.34312287879954895,0.05852065912283001,0.3333333333333333,0.2037037037037037,0.4942528735632184,0.19788018185039843,0.03745481486389765,0.2,0.10091743119266056,0.3161764705882353,0.25066175306238847,0.04493246076903514,0.2857142857142857,0.13496932515337423,0.38565022421524664
mathoverflow,2.0,0.5,3.0,0.36605574233725047,0.05617226676877645,0.3333333333333333,0.18518518518518517,0.49504950495049505,0.2109098202834229,0.03560524813259645,0.15789473684210525,0.09174311926605505,0.3087248322147651,0.26725602170690965,0.04262584317787037,0.2311111111111111,0.12269938650306748,0.3773584905660377
mathoverflow,2.0,0.5,5.0,0.37771458663147095,0.05630936970250106,0.3333333333333333,0.2,0.550561797752809,0.21770448617077062,0.036636828123485524,0.2,0.10638297872340426,0.3221476510067114,0.27582063993554573,0.04338810732262122,0.23333333333333334,0.13888888888888892,0.4032921810699589
mathoverflow,2.0,0.75,0,0.27032961345794404,0.05588732963414513,0.25,0.11940298507462686,0.41818181818181815,0.15591037838954264,0.034879189268335116,0.15789473684210525,0.07142857142857142,0.25735294117647056,0.19748636620559412,0.04236878632535629,0.19999999999999998,0.0893854748603352,0.3139013452914798
mathoverflow,2.0,0.75,0.1,0.2799397200333262,0.06328581033735797,0.25,0.14285714285714285,0.42857142857142855,0.16138309258028566,0.038480949732156045,0.125,0.07894736842105263,0.24060150375939848,0.2044639281640946,0.04736966458122314,0.21052631578947367,0.10285714285714284,0.3018867924528302
mathoverflow,2.0,0.75,0.25,0.28529304795037386,0.060022391640124684,0.2857142857142857,0.041666666666666664,0.43636363636363634,0.16457210553490081,0.03674139105397185,0.18181818181818182,0.02247191011235955,0.2553191489361702,0.20845523248767103,0.04501994486039013,0.22222222222222224,0.029197080291970805,0.3221476510067114
mathoverflow,2.0,0.75,0.5,0.29430521296390494,0.06150715948344865,0.3333333333333333,0.07407407407407407,0.41904761904761906,0.16983609209241018,0.03827932294952547,0.1476510067114094,0.03669724770642202,0.2647058823529412,0.2150945240029065,0.046658312395607436,0.14857142857142858,0.049079754601227,0.32286995515695066
mathoverflow,2.0,0.75,0.75,0.3072093477868285,0.057424358360895204,0.2857142857142857,0.15625,0.45121951219512196,0.17699648677638563,0.03531739916472958,0.125,0.0851063829787234,0.2684563758389262,0.22428562433618943,0.04302087818339061,0.1592920353982301,0.11111111111111112,0.32128514056224905
mathoverflow,2.0,0.75,1.0,0.3146617971232092,0.06130084899201877,0.3333333333333333,0.1346153846153846,0.4666666666666667,0.18141802294448592,0.0383760987825868,0.18181818181818182,0.07368421052631578,0.2953020134228188,0.22982653080659418,0.04652513909196063,0.16666666666666666,0.09523809523809523,0.3534136546184739
mathoverflow,2.0,0.75,2.0,0.3476650345072752,0.05562557227077275,0.2916666666666667,0.1875,0.4666666666666667,0.2005898595099897,0.03644258296174116,0.1773049645390071,0.10112359550561797,0.2848101265822785,0.2540479148890422,0.043284351643579924,0.22222222222222224,0.1313868613138686,0.34677419354838707
mathoverflow,2.0,0.75,3.0,0.36686899258230327,0.051903645842244786,0.3333333333333333,0.22916666666666666,0.4945054945054945,0.2116818846712755,0.034946288718622896,0.2,0.12359550561797752,0.3,0.2681040873685394,0.04111144357517809,0.25,0.16058394160583941,0.3695652173913043
mathoverflow,2.0,0.75,5.0,0.3794145158683243,0.051466390660114714,0.3472222222222222,0.23076923076923078,0.5333333333333333,0.2189031191340644,0.03521979890586818,0.2,0.12631578947368421,0.31097560975609756,0.2772536296738921,0.04110581832534847,0.2580645161290323,0.163265306122449,0.38490566037735846
mathoverflow,2.0,1.0,0,0.28048450785131007,0.06187820377729775,0.25,0.1276595744680851,0.42727272727272725,0.1617689914611465,0.03782111133644277,0.14285714285714285,0.06818181818181818,0.25,0.20492451879014578,0.046472208910983887,0.2222222222222222,0.08888888888888888,0.31543624161073824
mathoverflow,2.0,1.0,0.1,0.2836141912334875,0.05526682326807136,0.2857142857142857,0.14583333333333334,0.42727272727272725,0.1635521672077283,0.03452976146617741,0.13970588235294118,0.07865168539325842,0.24867724867724866,0.20718781901802927,0.041985568717711405,0.25,0.10218978102189781,0.31438127090301005
mathoverflow,2.0,1.0,0.25,0.29529152431717703,0.05844760646345964,0.2857142857142857,0.10294117647058823,0.42727272727272725,0.17042940105177834,0.03693401582341896,0.14545454545454545,0.056451612903225805,0.26174496644295303,0.21582397031300937,0.0446816553056541,0.25,0.07291666666666666,0.3157894736842105
mathoverflow,2.0,1.0,0.5,0.3036201706182913,0.05615125976525526,0.3333333333333333,0.14864864864864866,0.45901639344262296,0.17487459029918617,0.03434851969926165,0.14705882352941177,0.09322033898305085,0.28426395939086296,0.22163020274051726,0.04197660776435212,0.2222222222222222,0.11458333333333334,0.3510971786833856
mathoverflow,2.0,1.0,0.75,0.3061274212907145,0.06471250421278464,0.2857142857142857,0.136986301369863,0.449438202247191,0.17638361321456864,0.03938298253322966,0.14705882352941177,0.07339449541284404,0.2867647058823529,0.2235063666133159,0.048327581655948894,0.16666666666666666,0.098159509202454,0.3497757847533632
mathoverflow,2.0,1.0,1.0,0.32348104577525116,0.05343677475717545,0.2857142857142857,0.1702127659574468,0.46153846153846156,0.1862313908334266,0.032644001623614055,0.2,0.09090909090909091,0.26993865030674846,0.23605084191361916,0.03964423396606598,0.2222222222222222,0.11851851851851852,0.3344481605351171
mathoverflow,2.0,1.0,2.0,0.3566839660328442,0.06116115838264647,0.3333333333333333,0.16666666666666666,0.49514563106796117,0.20569209547285844,0.03929469354049955,0.2,0.0898876404494382,0.3128834355828221,0.2605666012999338,0.04715114152387497,0.2608695652173913,0.11678832116788322,0.3834586466165414
mathoverflow,2.0,1.0,3.0,0.3690787502120462,0.05805555258022843,0.4,0.19718309859154928,0.5142857142857142,0.21285708816395116,0.03789279059136789,0.2,0.11009174311926606,0.3128834355828221,0.26963172774642064,0.04507985787805172,0.22608695652173913,0.147239263803681,0.3834586466165414
mathoverflow,2.0,1.0,5.0,0.37892457790708767,0.05411364486947862,0.3333333333333333,0.2236842105263158,0.4943820224719101,0.2184968431220447,0.03621670486806328,0.2,0.1323529411764706,0.3288590604026846,0.2767827941341689,0.04247050507760211,0.22222222222222224,0.17475728155339806,0.39357429718875503
mathoverflow,2.0,2.0,0,0.30328627250610346,0.0616132699825963,0.25,0.10416666666666667,0.45454545454545453,0.17486793574138368,0.037874890431466454,0.13636363636363635,0.056179775280898875,0.26595744680851063,0.2215314877907851,0.04630329289085627,0.2,0.07299270072992702,0.3355704697986577
mathoverflow,2.0,2.0,0.1,0.30807051936608254,0.06208940410144975,0.25,0.13114754098360656,0.4636363636363636,0.1775494771587483,0.03763137696236207,0.16666666666666666,0.07017543859649122,0.2883435582822086,0.2249647568967902,0.04621942320609973,0.25,0.09142857142857141,0.3533834586466166
mathoverflow,2.0,2.0,0.25,0.31577508545198013,0.0576222050640762,0.3333333333333333,0.17307692307692307,0.4444444444444444,0.18219937558457236,0.03670232562621002,0.18181818181818182,0.09174311926605505,0.28859060402684567,0.23075580249612754,0.04420298317035311,0.25,0.12244897959183673,0.3453815261044177
mathoverflow,2.0,2.0,0.5,0.31911915937079616,0.06118428683165568,0.2857142857142857,0.14814814814814814,0.4818181818181818,0.18381308771331117,0.037072854605761506,0.17857142857142858,0.07339449541284404,0.28191489361702127,0.23294337751578006,0.04541194367057826,0.25,0.098159509202454,0.3557046979865772
mathoverflow,2.0,2.0,0.75,0.3291648665875877,0.06114433478707058,0.3333333333333333,0.16666666666666666,0.494949494949495,0.18964205867527179,0.037653744840831775,0.16233766233766234,0.0898876404494382,0.2883435582822086,0.2403144859470088,0.045876094902621414,0.2222222222222222,0.11678832116788322,0.3550724637681159
mathoverflow,2.0,2.0,1.0,0.33713175695741165,0.06087191021119127,0.3333333333333333,0.15384615384615385,0.4818181818181818,0.19444111390706706,0.038728820698845104,0.14583333333333334,0.08421052631578947,0.3087248322147651,0.24629164544459964,0.04659345631713387,0.25,0.108843537414966,0.3694779116465864
mathoverflow,2.0,2.0,2.0,0.3512038643383604,0.06367757158688639,0.3333333333333333,0.18666666666666668,0.5242718446601942,0.20254254429049826,0.040021620278570695,0.18181818181818182,0.0962962962962963,0.3312883435582822,0.2565600224799646,0.04832127807365082,0.22222222222222224,0.12807881773399013,0.40601503759398494
mathoverflow,2.0,2.0,3.0,0.3710101326194167,0.05751200559629336,0.4,0.19230769230769232,0.5070422535211268,0.21390682799045932,0.03714438255084936,0.2,0.10526315789473684,0.31543624161073824,0.2709816824310759,0.044196443085831254,0.25,0.1360544217687075,0.37751004016064255
mathoverflow,2.0,2.0,5.0,0.37726109468089486,0.05928821748435871,0.3333333333333333,0.14583333333333334,0.5181818181818182,0.21753933555885585,0.0381221131148434,0.175,0.07865168539325842,0.30319148936170215,0.27557097744513426,0.045457313997398587,0.26666666666666666,0.10218978102189781,0.3825503355704698
mathoverflow,2.0,3.0,0,0.31031248665566996,0.06120990532189272,0.3333333333333333,0.0851063829787234,0.4444444444444444,0.17897653984856202,0.037932396711581794,0.18181818181818182,0.045454545454545456,0.26380368098159507,0.22670415600346913,0.04616624014501099,0.1702127659574468,0.05925925925925926,0.3233082706766917
mathoverflow,2.0,3.0,0.1,0.31124166639837497,0.05467784208857783,0.3333333333333333,0.14814814814814814,0.4567901234567901,0.17938110487276646,0.033884375809748186,0.18181818181818182,0.07339449541284404,0.2822085889570552,0.22727982260979873,0.04110144290719461,0.19999999999999998,0.098159509202454,0.3458646616541354
mathoverflow,2.0,3.0,0.25,0.31557842975609357,0.06042014140840807,0.3333333333333333,0.16,0.4727272727272727,0.18193003325836654,0.03728342448053672,0.16176470588235295,0.09090909090909091,0.27941176470588236,0.23048443049901637,0.04541302448288075,0.16666666666666666,0.11764705882352942,0.3489932885906041
mathoverflow,2.0,3.0,0.5,0.32063623119545465,0.0583339390936733,0.25,0.14893617021276595,0.45161290322580644,0.18485957314686424,0.036254687545679266,0.2,0.07954545454545454,0.2709677419354839,0.234183627535586,0.04392348310008774,0.26666666666666666,0.1037037037037037,0.3387096774193548
mathoverflow,2.0,3.0,0.75,0.32596035904743786,0.05957149395200032,0.3333333333333333,0.11475409836065574,0.5048543689320388,0.1879415209648748,0.03747186201295386,0.14893617021276595,0.06140350877192982,0.31901840490797545,0.23808357440158157,0.04523288931652919,0.16666666666666666,0.08,0.3909774436090226
mathoverflow,2.0,3.0,1.0,0.3312239381426231,0.055304554867851255,0.2857142857142857,0.17647058823529413,0.4788732394366197,0.19092646763357174,0.03452932650287675,0.16666666666666666,0.08888888888888889,0.2765957446808511,0.24188012644123238,0.041535526632404264,0.25,0.1182266009852217,0.3489932885906041
mathoverflow,2.0,3.0,2.0,0.3486293365591473,0.05941825939978915,0.2987012987012987,0.1702127659574468,0.47191011235955055,0.2011043656010924,0.03816735144750079,0.2,0.09090909090909091,0.294478527607362,0.2547118132577858,0.04563726250959613,0.22119815668202764,0.11851851851851852,0.3609022556390977
mathoverflow,2.0,3.0,3.0,0.35978759094802837,0.058708317188333775,0.4444444444444444,0.20833333333333334,0.5145631067961165,0.20729324068826135,0.036923787242979,0.2,0.11009174311926606,0.32515337423312884,0.2626720548503059,0.044418782777475005,0.273972602739726,0.14598540145985403,0.39849624060150374
mathoverflow,2.0,3.0,5.0,0.37722375655269086,0.05777853931729632,0.38461538461538464,0.2,0.49504950495049505,0.2176185555697194,0.03791465860179055,0.2,0.10294117647058823,0.3067484662576687,0.2756299265866201,0.04496720287643209,0.23529411764705885,0.13592233009708737,0.3773584905660377
mathoverflow,2.0,5.0,0,0.3015343008648486,0.06308587601039765,0.3333333333333333,0.125,0.4421052631578947,0.17393544063344363,0.03878129353053544,0.14285714285714285,0.06741573033707865,0.27205882352941174,0.22030532021721688,0.047352465884228576,0.2,0.08759124087591241,0.3318385650224215
mathoverflow,2.0,5.0,0.1,0.3064033951798455,0.0597983459689718,0.2857142857142857,0.125,0.4444444444444444,0.17669284105828734,0.03709011154407832,0.16666666666666666,0.06741573033707865,0.27941176470588236,0.22381932609749405,0.045057510124340956,0.2213114754098361,0.08759124087591241,0.34080717488789236
mathoverflow,2.0,5.0,0.25,0.3076278608097118,0.05949446650188851,0.3333333333333333,0.14583333333333334,0.45454545454545453,0.17742684773234357,0.037011240074492004,0.18181818181818182,0.07339449541284404,0.27941176470588236,0.22474351691854438,0.04497727336201124,0.2222222222222222,0.098159509202454,0.34080717488789236
mathoverflow,2.0,5.0,0.5,0.3128303386458497,0.0629706525878104,0.2857142857142857,0.0851063829787234,0.4666666666666667,0.1803807900745755,0.03857390317493515,0.10526315789473684,0.045454545454545456,0.27607361963190186,0.22850207414184862,0.047124444644310065,0.1846153846153846,0.05925925925925926,0.34027777777777785
mathoverflow,2.0,5.0,0.75,0.315609168813121,0.0607442831559435,0.3333333333333333,0.1276595744680851,0.4444444444444444,0.18194622068446073,0.03752606046619684,0.1597222222222222,0.06818181818181818,0.27941176470588236,0.23049964814482418,0.04563220461376503,0.2222222222222222,0.08888888888888888,0.34080717488789236
mathoverflow,2.0,5.0,1.0,0.3184733209495186,0.062098253395128596,0.3333333333333333,0.1276595744680851,0.4636363636363636,0.18353266478290128,0.037806016777253294,0.18181818181818182,0.06818181818181818,0.27607361963190186,0.23254430515317362,0.046246833237828244,0.16666666666666666,0.08888888888888888,0.3411371237458194
mathoverflow,2.0,5.0,2.0,0.33312270425913215,0.058799739083842964,0.38461538461538464,0.125,0.4666666666666667,0.19208150631465584,0.0365825332341739,0.2222222222222222,0.06741573033707865,0.2712765957446808,0.24332300056576409,0.044251930426445256,0.2222222222222222,0.08759124087591241,0.3422818791946309
mathoverflow,2.0,5.0,3.0,0.34317985502632714,0.060165043392847284,0.3333333333333333,0.16666666666666666,0.49514563106796117,0.19791058764689828,0.038040865398616175,0.19642857142857142,0.08256880733944955,0.3128834355828221,0.2506960033145558,0.045808179500312705,0.2222222222222222,0.11042944785276075,0.3834586466165414
mathoverflow,2.0,5.0,5.0,0.3635288075858816,0.05948039438031466,0.3333333333333333,0.1875,0.509090909090909,0.2097215912954171,0.038315581960493554,0.2,0.10091743119266056,0.30201342281879195,0.265622655150554,0.045758402359689525,0.25,0.1313868613138686,0.37583892617449666
mathoverflow,3.0,0,0,0.22846269770661143,0.0533415514650597,0.16666666666666666,0.04918032786885246,0.3448275862068966,0.1318881528002334,0.03280661682199458,0.14285714285714285,0.027522935779816515,0.2131979695431472,0.16701657074586093,0.04027699144055313,0.12499999999999997,0.03529411764705882,0.26332288401253917
mathoverflow,3.0,0,0.1,0.22624958357276032,0.05225856195491598,0.2,0.11688311688311688,0.375,0.13048029616714849,0.031820936744973535,0.11764705882352941,0.06474820143884892,0.2214765100671141,0.16528930518507146,0.039152865327093805,0.17391304347826086,0.08333333333333333,0.26506024096385544
mathoverflow,3.0,0,0.25,0.23441940630224836,0.05278546960226004,0.25,0.08333333333333333,0.38,0.13518803220176517,0.03250093240554632,0.1111111111111111,0.04878048780487805,0.2550335570469799,0.17125756140939735,0.0398328231273171,0.13333333333333333,0.061538461538461535,0.3052208835341366
mathoverflow,3.0,0,0.5,0.25327813308391295,0.05033799329021568,0.2,0.13043478260869565,0.3888888888888889,0.14617962725721476,0.031669456137767095,0.11764705882352941,0.06766917293233082,0.22794117647058823,0.1851275942940142,0.038449448062569405,0.2,0.0891089108910891,0.27802690582959644
mathoverflow,3.0,0,0.75,0.2586762431753344,0.05438086484035784,0.25,0.10416666666666667,0.41975308641975306,0.14907842828814058,0.03287077648011094,0.13333333333333333,0.05511811023622047,0.2446043165467626,0.18890096714745572,0.04050522271213344,0.14444444444444443,0.07299270072992702,0.3090909090909091
mathoverflow,3.0,0,1.0,0.27208384333923263,0.055119887475415574,0.25,0.136986301369863,0.4175824175824176,0.15688229503050377,0.03407784167203868,0.14705882352941177,0.07633587786259542,0.24358974358974358,0.1987493717886401,0.04160569024086572,0.1818181818181818,0.09803921568627451,0.3076923076923077
mathoverflow,3.0,0,2.0,0.3168666098802719,0.05671088673118552,0.3333333333333333,0.125,0.46534653465346537,0.18278933224379854,0.036284956608591754,0.18705035971223022,0.07272727272727272,0.2865853658536585,0.2315259880523634,0.04365811529093216,0.2222222222222222,0.09195402298850575,0.3547169811320755
mathoverflow,3.0,0,3.0,0.34633423452883816,0.05578782693316293,0.3333333333333333,0.20833333333333334,0.4945054945054945,0.19953380445921526,0.03541020654933195,0.2,0.11235955056179775,0.3090909090909091,0.2528465225249675,0.04246851734862677,0.19444444444444445,0.14598540145985403,0.3655913978494624
mathoverflow,3.0,0,5.0,0.3711518200489566,0.051559908881296114,0.3333333333333333,0.2465753424657534,0.5280898876404494,0.21391001763611064,0.03406255868501193,0.25,0.13829787234042554,0.31543624161073824,0.271022585588761,0.04006079066749105,0.27777777777777773,0.18055555555555552,0.38683127572016457
mathoverflow,3.0,0.1,0,0.22914176058184405,0.05457428731280261,0.2,0.07692307692307693,0.37894736842105264,0.13206751367880767,0.0328394066767417,0.0851063829787234,0.046875,0.22818791946308725,0.16732571463661725,0.04050052295094016,0.11111111111111112,0.05825242718446602,0.2730923694779117
mathoverflow,3.0,0.1,0.1,0.22813285424409502,0.05511899566659766,0.2222222222222222,0.0625,0.4,0.13162678915799503,0.03389880265630141,0.125,0.033707865168539325,0.23404255319148937,0.1667141883953371,0.04160117648271589,0.16,0.043795620437956206,0.2953020134228188
mathoverflow,3.0,0.1,0.25,0.2352651849189325,0.057257864674171,0.2903225806451613,0.0625,0.38028169014084506,0.13565082534568737,0.03428234536447937,0.10344827586206896,0.033707865168539325,0.21637426900584794,0.17185265191398186,0.042451999477976295,0.11764705882352941,0.043795620437956206,0.27306273062730624
mathoverflow,3.0,0.1,0.5,0.24817204659936723,0.05731542327697956,0.16666666666666666,0.10294117647058823,0.37254901960784315,0.14318750393324384,0.03511544156939932,0.14285714285714285,0.058333333333333334,0.21476510067114093,0.18135946615710768,0.04312690798141184,0.2,0.07446808510638298,0.2676056338028169
mathoverflow,3.0,0.1,0.75,0.26065322611598085,0.05497074666095284,0.2,0.0625,0.4098360655737705,0.1506888056549178,0.035257163021160325,0.10638297872340426,0.033707865168539325,0.25380710659898476,0.1907204824662107,0.042613197226933755,0.1702127659574468,0.043795620437956206,0.31347962382445144
mathoverflow,3.0,0.1,1.0,0.28102719088177514,0.06014888457581235,0.2,0.08333333333333333,0.4426229508196721,0.16223278989964657,0.037425201032896344,0.2,0.0449438202247191,0.27411167512690354,0.20543779158200445,0.04565449162515981,0.16666666666666666,0.05839416058394161,0.3385579937304075
mathoverflow,3.0,0.1,2.0,0.32446883287853073,0.05963863592597491,0.3333333333333333,0.16901408450704225,0.45569620253164556,0.18686908609459615,0.036173502959301704,0.125,0.09174311926605505,0.26666666666666666,0.2368427739702587,0.04432962416388885,0.1978021978021978,0.12244897959183673,0.3320754716981132
mathoverflow,3.0,0.1,3.0,0.3511043876860879,0.0565065379862049,0.3333333333333333,0.17307692307692307,0.4909090909090909,0.2026325075064739,0.037332611091948215,0.2,0.09473684210526316,0.2953020134228188,0.25661116097289915,0.04425316560172648,0.2857142857142857,0.12244897959183673,0.36241610738255037
mathoverflow,3.0,0.1,5.0,0.3689927498398681,0.050735770015058336,0.3333333333333333,0.234375,0.4943820224719101,0.21272010111268824,0.033877426742495824,0.21818181818181817,0.13636363636363635,0.2953020134228188,0.26949675650116495,0.03977709596880311,0.2361111111111111,0.1724137931034483,0.3621399176954732
mathoverflow,3.0,0.25,0,0.23161798184424312,0.05466822195415652,0.2857142857142857,0.06382978723404255,0.3939393939393939,0.1334863945364485,0.03292198680120239,0.14285714285714285,0.03409090909090909,0.23857868020304568,0.16913337171820148,0.04063956783854019,0.11504424778761062,0.04444444444444444,0.29467084639498425
mathoverflow,3.0,0.25,0.1,0.23834568329421552,0.0541722230593519,0.2,0.10294117647058823,0.3627450980392157,0.13740956658544648,0.03289433058124203,0.10526315789473684,0.05263157894736842,0.2111801242236025,0.17408739635001194,0.04049141546104322,0.13389121338912133,0.07207207207207207,0.26337448559670784
mathoverflow,3.0,0.25,0.25,0.24786228427869,0.05249281166253226,0.2,0.1,0.38524590163934425,0.1428193044913942,0.031938927216932575,0.12727272727272726,0.046052631578947366,0.23857868020304568,0.18098239843442643,0.039253648617254194,0.16,0.06306306306306306,0.29467084639498425
mathoverflow,3.0,0.25,0.5,0.2539195451330463,0.05625925344589657,0.25,0.1038961038961039,0.4027777777777778,0.14644228214919874,0.03454450185320811,0.125,0.05755395683453238,0.23170731707317074,0.18551174974472426,0.04239150835512621,0.1568627450980392,0.07407407407407407,0.2916666666666667
mathoverflow,3.0,0.25,0.75,0.2720051055935263,0.05718364656255091,0.3333333333333333,0.12962962962962962,0.42727272727272725,0.15678260659841875,0.03499913421338695,0.16666666666666666,0.06422018348623854,0.2639593908629442,0.19863577703535043,0.04281654459221896,0.16666666666666666,0.08588957055214724,0.3260188087774295
mathoverflow,3.0,0.25,1.0,0.28456041951026406,0.05601132457366471,0.25,0.16,0.45454545454545453,0.16389517151529923,0.034211016577006335,0.11764705882352941,0.0851063829787234,0.26595744680851063,0.20770475069119942,0.04179861166984604,0.2222222222222222,0.11111111111111112,0.3355704697986577
mathoverflow,3.0,0.25,2.0,0.32694114755657955,0.05384028892145455,0.3333333333333333,0.14583333333333334,0.45,0.18841147747327616,0.03426326887254662,0.2,0.07865168539325842,0.30201342281879195,0.23873134792769557,0.041121913720187586,0.2222222222222222,0.10218978102189781,0.36144578313253006
mathoverflow,3.0,0.25,3.0,0.3508361504971898,0.0555609290186846,0.3333333333333333,0.18840579710144928,0.48360655737704916,0.20231463324163795,0.036084754182881366,0.2,0.09774436090225563,0.29949238578680204,0.2562831869879456,0.042959141630698444,0.2119815668202765,0.12871287128712872,0.36990595611285265
mathoverflow,3.0,0.25,5.0,0.36558210042930306,0.05581519666875666,0.3333333333333333,0.23076923076923078,0.49504950495049505,0.21058880657645052,0.03547202768546226,0.2,0.12631578947368421,0.3048780487804878,0.2668625614393806,0.04234820720421535,0.22222222222222224,0.163265306122449,0.3773584905660377
mathoverflow,3.0,0.5,0,0.24660238175688667,0.05213265451112891,0.25,0.09722222222222222,0.38028169014084506,0.14226221563595887,0.031839958028699454,0.11764705882352941,0.051094890510948905,0.22842639593908629,0.18018564445315396,0.03899981897370582,0.14574898785425103,0.06698564593301436,0.2821316614420063
mathoverflow,3.0,0.5,0.1,0.2458192137524376,0.05638976792188047,0.2,0.10416666666666667,0.3904761904761905,0.1418073891431136,0.03443990140796267,0.125,0.056179775280898875,0.22842639593908629,0.17961362218889296,0.04228413453131246,0.15384615384615385,0.07299270072992702,0.2847222222222222
mathoverflow,3.0,0.5,0.25,0.25603783236875355,0.056532984898559506,0.23529411764705882,0.125,0.4117647058823529,0.14775938819099788,0.03533810297942088,0.125,0.07339449541284404,0.23170731707317074,0.1871265206824641,0.04305407461193653,0.16,0.09271523178807946,0.29577464788732394
mathoverflow,3.0,0.5,0.5,0.26822059320922037,0.056187426005956095,0.25,0.11940298507462686,0.43333333333333335,0.15444082882369417,0.03356540308056276,0.1,0.06818181818181818,0.23780487804878048,0.19574990038227047,0.04145418488997918,0.16666666666666666,0.08888888888888888,0.3070866141732283
mathoverflow,3.0,0.5,0.75,0.2856593923154166,0.055940648164397234,0.3,0.12962962962962962,0.4727272727272727,0.16464105668699064,0.03449565013856679,0.14285714285714285,0.06422018348623854,0.2765957446808511,0.2086094600738978,0.042118742716824586,0.16,0.08588957055214724,0.3489932885906041
mathoverflow,3.0,0.5,1.0,0.2996445827462959,0.057884160147865966,0.3333333333333333,0.16666666666666666,0.45054945054945056,0.17268603452318032,0.036073774503634144,0.14285714285714285,0.0898876404494382,0.30201342281879195,0.21880611087850954,0.04382523956401959,0.16666666666666666,0.11678832116788322,0.36144578313253006
mathoverflow,3.0,0.5,2.0,0.331689634304805,0.055809110375456425,0.3333333333333333,0.19117647058823528,0.4943820224719101,0.1910933636207719,0.0347162667153217,0.2,0.0962962962962963,0.30201342281879195,0.24215168018629024,0.04197455680044354,0.25,0.12807881773399013,0.3621399176954732
mathoverflow,3.0,0.5,3.0,0.3579201996570574,0.05589089554621668,0.3333333333333333,0.2054794520547945,0.5111111111111111,0.20645674497406463,0.03678938682046469,0.1875,0.11363636363636363,0.3014705882352941,0.26150114762676246,0.043587020840999774,0.24,0.14705882352941174,0.3677130044843049
mathoverflow,3.0,0.5,5.0,0.3758169409289223,0.052959848821588475,0.3333333333333333,0.23943661971830985,0.5168539325842697,0.21659772276498385,0.034771917461412886,0.2,0.13829787234042554,0.31543624161073824,0.2744399155466268,0.0411223922204943,0.26666666666666666,0.18055555555555552,0.3786008230452675
mathoverflow,3.0,0.75,0,0.25785002368768717,0.0594746094924027,0.21176470588235294,0.0851063829787234,0.39344262295081966,0.1487741176318214,0.03647182899019873,0.125,0.045454545454545456,0.2436548223350254,0.18843243416028166,0.044785445558349624,0.2222222222222222,0.05925925925925926,0.3009404388714733
mathoverflow,3.0,0.75,0.1,0.25545271675560954,0.0626065531884516,0.25,0.08,0.4567901234567901,0.14718226935273904,0.037575448810042725,0.14285714285714285,0.0425531914893617,0.25517241379310346,0.18651002377968154,0.04652751610171382,0.13333333333333333,0.05555555555555556,0.3274336283185841
mathoverflow,3.0,0.75,0.25,0.26848235148002086,0.05552432880354619,0.3333333333333333,0.10294117647058823,0.41818181818181815,0.15498626552239894,0.0348677726433285,0.08421052631578947,0.056451612903225805,0.2684563758389262,0.19624469645362586,0.04222388340644407,0.2,0.07291666666666666,0.32128514056224905
mathoverflow,3.0,0.75,0.5,0.27509483350305114,0.05481539291236627,0.3333333333333333,0.1276595744680851,0.39344262295081966,0.15880086378783076,0.0346499269674176,0.125,0.06818181818181818,0.2436548223350254,0.20109743182165712,0.04202712578342137,0.14778325123152708,0.08888888888888888,0.3009404388714733
mathoverflow,3.0,0.75,0.75,0.28843986795343707,0.05904224618031103,0.2857142857142857,0.11538461538461539,0.4444444444444444,0.16654953155192634,0.03731614336708868,0.14285714285714285,0.06299212598425197,0.26174496644295303,0.2108797985301301,0.04518431473633392,0.11111111111111112,0.0816326530612245,0.3185840707964602
mathoverflow,3.0,0.75,1.0,0.29521662005451516,0.05887644837805073,0.25,0.13114754098360656,0.43636363636363634,0.1702772981049005,0.03647569989948363,0.14285714285714285,0.07017543859649122,0.25888324873096447,0.21568455941294276,0.0444325879967731,0.15555555555555556,0.09142857142857141,0.3221476510067114
mathoverflow,3.0,0.75,2.0,0.3396779010208105,0.0599471200400531,0.3333333333333333,0.18518518518518517,0.5063291139240507,0.19582099067598438,0.03761034260807627,0.2,0.09174311926605505,0.3087248322147651,0.24807709474420742,0.04534358217213122,0.21978021978021978,0.12269938650306748,0.37735849056603776
mathoverflow,3.0,0.75,3.0,0.360816284217443,0.054533041585120894,0.3333333333333333,0.17307692307692307,0.4777777777777778,0.2081663430356345,0.03612947098053474,0.18181818181818182,0.09473684210526316,0.30201342281879195,0.26365425389567304,0.04270611263620562,0.2222222222222222,0.12244897959183673,0.3636363636363636
mathoverflow,3.0,0.75,5.0,0.3714913123110529,0.054643563528943354,0.38461538461538464,0.22535211267605634,0.5168539325842697,0.21412425862894674,0.03558217513281086,0.19858156028368795,0.13533834586466165,0.3088235294117647,0.2712895535741889,0.04217778301414462,0.24,0.1782178217821782,0.3786008230452675
mathoverflow,3.0,1.0,0,0.2578587296043528,0.05592460460490321,0.25,0.09836065573770492,0.38317757009345793,0.14877228775586715,0.034652068518745395,0.12903225806451613,0.05263157894736842,0.2426470588235294,0.18842633393208158,0.04231663633364301,0.2222222222222222,0.06857142857142857,0.2959641255605381
mathoverflow,3.0,1.0,0.1,0.26650641338465675,0.060969227023592004,0.2857142857142857,0.10638297872340426,0.45555555555555555,0.1536802442842209,0.03708179920749514,0.14285714285714285,0.056818181818181816,0.2550335570469799,0.19468889713037887,0.04566781812258,0.1702127659574468,0.07407407407407407,0.3228346456692914
mathoverflow,3.0,1.0,0.25,0.27133127553057057,0.060337093419004846,0.2727272727272727,0.10416666666666667,0.4177215189873418,0.15651165892026944,0.03731623862243807,0.1276595744680851,0.056179775280898875,0.25,0.19824798990627016,0.04564067558639979,0.21052631578947367,0.07299270072992702,0.3113207547169811
mathoverflow,3.0,1.0,0.5,0.28467825082752873,0.06050496780924989,0.3333333333333333,0.14,0.49295774647887325,0.16405389305022278,0.0363296319981623,0.14184397163120568,0.07339449541284404,0.25806451612903225,0.20786620772874528,0.044754174330735766,0.13333333333333333,0.09722222222222222,0.3381642512077294
mathoverflow,3.0,1.0,0.75,0.29459333348858635,0.0611168857679766,0.2857142857142857,0.125,0.42857142857142855,0.1698513998138656,0.03772097879007981,0.18181818181818182,0.06741573033707865,0.26380368098159507,0.21516999235541942,0.04600514091530457,0.13186813186813187,0.08759124087591241,0.3233082706766917
mathoverflow,3.0,1.0,1.0,0.30826642066833576,0.060530387237267745,0.3333333333333333,0.125,0.47368421052631576,0.1777101129832116,0.03751861236111683,0.2,0.06741573033707865,0.2883435582822086,0.2251450787509785,0.045684100258461195,0.2,0.08759124087591241,0.3533834586466166
mathoverflow,3.0,1.0,2.0,0.34177934089961026,0.05364882133000247,0.3333333333333333,0.18,0.4854368932038835,0.19722858157709683,0.035277901178329164,0.13157894736842105,0.09574468085106383,0.3067484662576687,0.24977774015767684,0.04184983998696097,0.2092050209205021,0.12499999999999997,0.37593984962406013
mathoverflow,3.0,1.0,3.0,0.360794046719005,0.05440339498426538,0.3333333333333333,0.21739130434782608,0.49514563106796117,0.20814518002915783,0.036095337805626175,0.2,0.11278195488721804,0.3128834355828221,0.26362484325501606,0.042589248608180814,0.3333333333333333,0.1485148514851485,0.3834586466165414
mathoverflow,3.0,1.0,5.0,0.37658680978373327,0.055711134249327554,0.3333333333333333,0.2112676056338028,0.5056179775280899,0.2169414463418323,0.03547670087391079,0.2,0.11926605504587157,0.3128834355828221,0.27491764288629666,0.042378470379640085,0.20689655172413793,0.15950920245398773,0.3834586466165414
mathoverflow,3.0,2.0,0,0.28436068158683037,0.06133796029339788,0.2857142857142857,0.10416666666666667,0.4727272727272727,0.1642804328467375,0.03896504940926747,0.13636363636363635,0.056179775280898875,0.2765957446808511,0.20797273375271538,0.04724170751303089,0.19999999999999998,0.07299270072992702,0.3489932885906041
mathoverflow,3.0,2.0,0.1,0.2910582346110398,0.0578600186291162,0.25,0.1276595744680851,0.44545454545454544,0.16770205811126532,0.03530848085315696,0.125,0.06818181818181818,0.26063829787234044,0.21249341200383617,0.04312030651168198,0.21052631578947367,0.08888888888888888,0.3288590604026846
mathoverflow,3.0,2.0,0.25,0.29848324679995686,0.060310136297656636,0.2857142857142857,0.1506849315068493,0.43902439024390244,0.17195669269925554,0.03647674568142879,0.17197452229299362,0.08552631578947369,0.2647058823529412,0.2179074702233587,0.04480172228234459,0.2222222222222222,0.11695906432748537,0.32286995515695066
mathoverflow,3.0,2.0,0.5,0.3060305881798655,0.05781759054957938,0.3076923076923077,0.16666666666666666,0.4567901234567901,0.17647461355072927,0.0361522885977743,0.125,0.08256880733944955,0.26595744680851063,0.22355455451426537,0.04386648665370599,0.25,0.11042944785276075,0.3355704697986577
mathoverflow,3.0,2.0,0.75,0.30885562392380383,0.060568012372505024,0.3076923076923077,0.16455696202531644,0.4507042253521127,0.17811277368692988,0.037868250508968776,0.16666666666666666,0.08256880733944955,0.27607361963190186,0.22561762641525596,0.045900701753448736,0.15384615384615385,0.11042944785276075,0.3383458646616541
mathoverflow,3.0,2.0,1.0,0.32224286724179785,0.0589432213365426,0.3333333333333333,0.12962962962962962,0.45454545454545453,0.1860350980738643,0.038086232379137976,0.1323529411764706,0.06422018348623854,0.2822085889570552,0.23556261083738,0.04565533355817197,0.16666666666666666,0.08588957055214724,0.3458646616541354
mathoverflow,3.0,2.0,2.0,0.34699664642446526,0.05827591170918818,0.3333333333333333,0.2037037037037037,0.5,0.19983745330450622,0.03596298219659591,0.18181818181818182,0.10091743119266056,0.29411764705882354,0.2532601318050869,0.04351785257805866,0.2222222222222222,0.13496932515337423,0.3587443946188341
mathoverflow,3.0,2.0,3.0,0.36063650047372764,0.058337887299139586,0.375,0.24050632911392406,0.5242718446601942,0.20789817277977785,0.03712272788786979,0.2,0.11926605504587157,0.3312883435582822,0.2633906533708979,0.04453545119114244,0.26666666666666666,0.15950920245398773,0.40601503759398494
mathoverflow,3.0,2.0,5.0,0.37406576778395767,0.060430646457228857,0.3333333333333333,0.2037037037037037,0.5070422535211268,0.21566502270263838,0.03863230840547071,0.2,0.10091743119266056,0.3090909090909091,0.2732086071596968,0.0461556074700354,0.22222222222222224,0.13496932515337423,0.37037037037037035
mathoverflow,3.0,3.0,0,0.2922691905184872,0.06372893204814245,0.3333333333333333,0.10416666666666667,0.43902439024390244,0.1685942925322248,0.03906589655706538,0.125,0.05504587155963303,0.25766871165644173,0.21354053261565814,0.04782216482316982,0.16425120772946858,0.07299270072992702,0.3157894736842105
mathoverflow,3.0,3.0,0.1,0.29723340575047724,0.06254077015022118,0.25,0.10638297872340426,0.5,0.17161008589638185,0.03926326304297342,0.16666666666666666,0.056818181818181816,0.27607361963190186,0.217295357035842,0.04770802483798887,0.25,0.07407407407407407,0.3529411764705882
mathoverflow,3.0,3.0,0.25,0.2990278817837283,0.06355705887206285,0.3333333333333333,0.1276595744680851,0.44545454545454544,0.17234871928397125,0.03856039900919444,0.08421052631578947,0.06818181818181818,0.26063829787234044,0.2183621526979583,0.04733587992930418,0.16666666666666666,0.08888888888888888,0.3288590604026846
mathoverflow,3.0,3.0,0.5,0.3082969519810301,0.05990800028542881,0.2857142857142857,0.16923076923076924,0.5,0.177831934627115,0.03763435299800949,0.16666666666666666,0.08888888888888889,0.2925531914893617,0.2252458277958955,0.045573065117065686,0.16666666666666666,0.1182266009852217,0.36912751677852346
mathoverflow,3.0,3.0,0.75,0.312267349299437,0.060821891248015424,0.2857142857142857,0.1518987341772152,0.4810126582278481,0.18003500351556953,0.03740257218942539,0.16666666666666666,0.08633093525179857,0.2857142857142857,0.2280739285325302,0.045590222370076136,0.20895522388059704,0.11009174311926606,0.3584905660377359
mathoverflow,3.0,3.0,1.0,0.31930157425228356,0.06072237571853986,0.3333333333333333,0.10416666666666667,0.4818181818181818,0.18405180380695982,0.037287940263894606,0.2,0.056179775280898875,0.2883435582822086,0.23317097692751343,0.045321412545921626,0.25,0.07299270072992702,0.3557046979865772
mathoverflow,3.0,3.0,2.0,0.33917411114518015,0.059448512171841265,0.3333333333333333,0.1702127659574468,0.4854368932038835,0.19573756480724355,0.038351236954819436,0.18181818181818182,0.09090909090909091,0.3067484662576687,0.24788486974388854,0.04595390207705074,0.22119815668202764,0.11851851851851852,0.37593984962406013
mathoverflow,3.0,3.0,3.0,0.35669127060889194,0.061272194505013235,0.3333333333333333,0.18518518518518517,0.5056179775280899,0.20569932208083827,0.03888118956699508,0.1875,0.09174311926605505,0.29411764705882354,0.26056564379501146,0.046759222414796936,0.22222222222222224,0.12269938650306748,0.37037037037037035
mathoverflow,3.0,3.0,5.0,0.36969446496423014,0.05685473409965696,0.3333333333333333,0.2028985507246377,0.5211267605633803,0.21312790841544296,0.03650397379591854,0.2222222222222222,0.10526315789473684,0.3161764705882353,0.2700099669688207,0.0435490167335513,0.25,0.13861386138613863,0.38565022421524664
mathoverflow,3.0,5.0,0,0.29417438983820643,0.060628250401144224,0.3333333333333333,0.10638297872340426,0.42857142857142855,0.16950554338458465,0.036721399813483886,0.2,0.056818181818181816,0.26993865030674846,0.21477966916286584,0.04503871600097279,0.2222222222222222,0.07407407407407407,0.3308270676691729
mathoverflow,3.0,5.0,0.1,0.2974959173188955,0.06085121507488558,0.2857142857142857,0.10638297872340426,0.44761904761904764,0.17147214737873823,0.037039989151065,0.18181818181818182,0.056818181818181816,0.2647058823529412,0.2172516352914141,0.04539634743664904,0.2222222222222222,0.07407407407407407,0.3263888888888889
mathoverflow,3.0,5.0,0.25,0.29986630664940567,0.06159358149525606,0.3333333333333333,0.15384615384615385,0.4305555555555556,0.17286112962428765,0.03788358650668169,0.13636363636363635,0.08256880733944955,0.26993865030674846,0.21899757749301446,0.04625725486031979,0.25,0.108843537414966,0.3308270676691729
mathoverflow,3.0,5.0,0.5,0.3027792683838561,0.06443361360658964,0.2857142857142857,0.06382978723404255,0.45454545454545453,0.174510402110278,0.03905078620188907,0.11578947368421053,0.03409090909090909,0.26595744680851063,0.22109574055681164,0.04789419266973538,0.1702127659574468,0.04444444444444444,0.3355704697986577
mathoverflow,3.0,5.0,0.75,0.3064963511945274,0.06190716373863108,0.3333333333333333,0.10638297872340426,0.4563106796116505,0.17676345955871178,0.03824805228145951,0.1724137931034483,0.05504587155963303,0.2883435582822086,0.22390150426796482,0.04657930658644735,0.2,0.0736196319018405,0.3533834586466166
mathoverflow,3.0,5.0,1.0,0.3063539604384019,0.061447752724224716,0.3333333333333333,0.14814814814814814,0.42857142857142855,0.17654687032794072,0.037471918542308226,0.18181818181818182,0.07339449541284404,0.2647058823529412,0.22369070714833134,0.045823550658550975,0.2,0.098159509202454,0.3233082706766917
mathoverflow,3.0,5.0,2.0,0.3251236916119499,0.06303612243323539,0.3333333333333333,0.14814814814814814,0.4827586206896552,0.18752198001097092,0.03905509750161648,0.16666666666666666,0.07339449541284404,0.3088235294117647,0.2375279542688913,0.047501451767433533,0.2647058823529412,0.098159509202454,0.37668161434977576
mathoverflow,3.0,5.0,3.0,0.3386621686774158,0.06199233306788767,0.25,0.1702127659574468,0.48484848484848486,0.19521717991447932,0.03832407424730718,0.22727272727272727,0.09090909090909091,0.29411764705882354,0.24732436889360765,0.04654724511792989,0.25,0.11851851851851852,0.3587443946188341
mathoverflow,3.0,5.0,5.0,0.35728546320161486,0.062364369951054266,0.38461538461538464,0.16666666666666666,0.49514563106796117,0.20604047675790696,0.039489510291706595,0.2,0.0898876404494382,0.3128834355828221,0.26099717986158727,0.04751572048657721,0.21276595744680848,0.11678832116788322,0.3834586466165414
mathoverflow,5.0,0,0,0.20786188119064172,0.0439176044738746,0.16666666666666666,0.07352941176470588,0.32989690721649484,0.11989131276102333,0.027391317443094698,0.09090909090909091,0.041666666666666664,0.21768707482993196,0.15185409674407907,0.03326783322076753,0.1111111111111111,0.05319148936170212,0.26229508196721313
mathoverflow,5.0,0,0.1,0.21024295937843318,0.053740432103488375,0.2,0.078125,0.33,0.12139498108921963,0.032775025689316825,0.125,0.03937007874015748,0.2214765100671141,0.15371882003578152,0.04037440691434837,0.10185185185185183,0.053475935828877004,0.26506024096385544
mathoverflow,5.0,0,0.25,0.22018527876581953,0.04983140591546835,0.2,0.08955223880597014,0.35353535353535354,0.12693557452805182,0.03019479834490405,0.08333333333333333,0.05263157894736842,0.20958083832335328,0.16081436907171506,0.037161030510254586,0.14285714285714285,0.0670391061452514,0.2631578947368421
mathoverflow,5.0,0,0.5,0.2367152838157812,0.049951450728890776,0.25,0.13114754098360656,0.38,0.13658147142894456,0.03128334911149726,0.14285714285714285,0.0625,0.2550335570469799,0.17299070799668173,0.0380774213522041,0.11111111111111112,0.08866995073891626,0.3052208835341366
mathoverflow,5.0,0,0.75,0.2439380149080254,0.0553464673974604,0.25,0.041666666666666664,0.3786407766990291,0.14071672228946225,0.034167058621573924,0.14285714285714285,0.02247191011235955,0.2392638036809816,0.17823665864627747,0.04180487226393623,0.16666666666666666,0.029197080291970805,0.2932330827067669
mathoverflow,5.0,0,1.0,0.2612078756508002,0.057322382956015536,0.2619047619047619,0.09615384615384616,0.43956043956043955,0.15082709175443745,0.03606475708649272,0.12931034482758622,0.05263157894736842,0.2564102564102564,0.19096992282755743,0.043810697230842306,0.1935483870967742,0.06802721088435375,0.3238866396761133
mathoverflow,5.0,0,2.0,0.3095421952143915,0.05533558167827476,0.3333333333333333,0.1346153846153846,0.45454545454545453,0.17854226472596357,0.03532773867567657,0.13333333333333333,0.07368421052631578,0.27607361963190186,0.2261539949615653,0.04251321899677459,0.19444444444444445,0.09523809523809523,0.3383458646616541
mathoverflow,5.0,0,3.0,0.33521934500122885,0.05659773824231157,0.3333333333333333,0.16666666666666666,0.49295774647887325,0.19323097923056348,0.03583252080264023,0.2,0.0898876404494382,0.2751677852348993,0.2448106587307687,0.04308707337614932,0.2222222222222222,0.11678832116788322,0.3381642512077294
mathoverflow,5.0,0,5.0,0.36359322824475454,0.0530998437824697,0.35714285714285715,0.22857142857142856,0.5280898876404494,0.20958501926006262,0.03448225976325291,0.20588235294117646,0.11764705882352941,0.3087248322147651,0.2655334472618565,0.04091388289422881,0.26373626373626374,0.1553398058252427,0.38683127572016457
mathoverflow,5.0,0.1,0,0.21760739711660326,0.054712591034429936,0.2857142857142857,0.08,0.32926829268292684,0.12544812067922986,0.03319318022470346,0.125,0.0425531914893617,0.2037037037037037,0.15893900284409196,0.04095983277973191,0.10989010989010989,0.05555555555555556,0.24215246636771298
mathoverflow,5.0,0.1,0.1,0.216683756793159,0.051141220806737,0.2,0.0851063829787234,0.34065934065934067,0.1249357859362698,0.030888123245374963,0.14285714285714285,0.045454545454545456,0.20812182741116753,0.15827342209209008,0.038096158577217286,0.1559633027522936,0.05925925925925926,0.25705329153605017
mathoverflow,5.0,0.1,0.25,0.22916959777459034,0.04995412055551205,0.21428571428571427,0.08333333333333333,0.3524590163934426,0.13240204207889333,0.03131070017512241,0.125,0.041666666666666664,0.2182741116751269,0.16762332649219905,0.038163455140922835,0.15555555555555556,0.05839416058394161,0.26959247648902823
mathoverflow,5.0,0.1,0.5,0.23870991302140226,0.05147881006613936,0.23809523809523808,0.1111111111111111,0.3707865168539326,0.13772168599585777,0.032014711685235474,0.18181818181818182,0.05785123966942149,0.2185430463576159,0.17442143405684463,0.03895859696569728,0.17391304347826086,0.07692307692307694,0.275
mathoverflow,5.0,0.1,0.75,0.2526111768265677,0.053192325421281744,0.25,0.125,0.4157303370786517,0.14584309421832772,0.03357398506365178,0.15789473684210525,0.06741573033707865,0.24025974025974026,0.18467228669682673,0.04072912599692177,0.1935483870967742,0.08759124087591241,0.3045267489711934
mathoverflow,5.0,0.1,1.0,0.26394822920422434,0.05806417350385831,0.25,0.1267605633802817,0.44660194174757284,0.15222584194787991,0.035867324997667406,0.1111111111111111,0.06578947368421052,0.2822085889570552,0.1928335091078571,0.04385450540662678,0.14893617021276595,0.0900900900900901,0.3458646616541354
mathoverflow,5.0,0.1,2.0,0.3119400022279617,0.055967437811941925,0.3333333333333333,0.1276595744680851,0.46601941747572817,0.1798775874340028,0.035626352805710575,0.18181818181818182,0.06818181818181818,0.294478527607362,0.22786050135180466,0.04282819649416572,0.14893617021276595,0.08888888888888888,0.3609022556390977
mathoverflow,5.0,0.1,3.0,0.33827943602397614,0.056448377745666356,0.3333333333333333,0.19230769230769232,0.47191011235955055,0.19491612281754597,0.035388284090044304,0.175,0.10526315789473684,0.30201342281879195,0.24698619781540307,0.04268194122816671,0.2727272727272727,0.1360544217687075,0.36144578313253006
mathoverflow,5.0,0.1,5.0,0.3632716306415539,0.051427508374029894,0.3333333333333333,0.203125,0.504950495049505,0.20944546084866514,0.03388842160786776,0.2,0.1111111111111111,0.31097560975609756,0.2653328672835166,0.03994220684048736,0.25,0.14778325123152708,0.38490566037735846
mathoverflow,5.0,0.25,0,0.21757568020572687,0.0570116849044819,0.2857142857142857,0.041666666666666664,0.4050632911392405,0.1254507260757893,0.034362772304681106,0.1,0.02247191011235955,0.2302158273381295,0.15892950807476058,0.042516038923078675,0.11764705882352942,0.029197080291970805,0.2935779816513761
mathoverflow,5.0,0.25,0.1,0.22176575755437258,0.052695135439796,0.2,0.08333333333333333,0.3434343434343434,0.12801833851839894,0.03253124298607539,0.13636363636363635,0.0449438202247191,0.2,0.16211354489072313,0.03985653965881206,0.1372549019607843,0.05839416058394161,0.25
mathoverflow,5.0,0.25,0.25,0.22705354921843685,0.052399620398515485,0.2,0.07692307692307693,0.38202247191011235,0.13103393201864647,0.032120715536480354,0.125,0.042105263157894736,0.22077922077922077,0.1659487709765588,0.03944514011047692,0.15384615384615385,0.054421768707483,0.279835390946502
mathoverflow,5.0,0.25,0.5,0.2389288958305475,0.05757605170651892,0.25,0.0851063829787234,0.42424242424242425,0.13778289974280733,0.034670997231941274,0.14893617021276595,0.045454545454545456,0.23728813559322035,0.17455056088562904,0.042904530756903335,0.11504424778761062,0.05925925925925926,0.30434782608695654
mathoverflow,5.0,0.25,0.75,0.2521901511057501,0.0605035013412072,0.25,0.08333333333333333,0.4098360655737705,0.1455328757662598,0.03712818326012248,0.1111111111111111,0.0449438202247191,0.25380710659898476,0.18431460342996353,0.04560576646873819,0.1935483870967742,0.05839416058394161,0.31347962382445144
mathoverflow,5.0,0.25,1.0,0.2661501960967523,0.05325826358663039,0.25,0.0851063829787234,0.39344262295081966,0.15346498674477216,0.03294748497068699,0.16129032258064516,0.045454545454545456,0.2436548223350254,0.19440644016136993,0.040091529017713526,0.22641509433962265,0.05925925925925926,0.3009404388714733
mathoverflow,5.0,0.25,2.0,0.3145697844384956,0.061623351987156245,0.25,0.18055555555555555,0.4606741573033708,0.18161459996614313,0.03936407812298912,0.18181818181818182,0.09448818897637795,0.28187919463087246,0.22997675356093403,0.04756002339253635,0.1904761904761905,0.1283422459893048,0.3374485596707819
mathoverflow,5.0,0.25,3.0,0.34458221545062223,0.0585721533997558,0.3333333333333333,0.18823529411764706,0.4673913043478261,0.19854043021230827,0.03681432422342499,0.2,0.10483870967741936,0.2826086956521739,0.251578441202672,0.04438152271558867,0.23770491803278687,0.13541666666666666,0.34977578475336324
mathoverflow,5.0,0.25,5.0,0.3675906068542874,0.05510226176141885,0.3333333333333333,0.24,0.5168539325842697,0.2120378271946529,0.03657840016424406,0.2,0.11926605504587157,0.31543624161073824,0.2685672523663815,0.04311612309365505,0.20833333333333334,0.15950920245398773,0.3786008230452675
mathoverflow,5.0,0.5,0,0.22401275316460617,0.05484811622153633,0.2,0.08196721311475409,0.4098360655737705,0.12900979768446044,0.033127689103556714,0.125,0.045454545454545456,0.25380710659898476,0.16351191121781927,0.04094232467185117,0.13333333333333333,0.05882352941176471,0.31347962382445144
mathoverflow,5.0,0.5,0.1,0.23033197710875125,0.054647378365255586,0.16666666666666666,0.041666666666666664,0.3974358974358974,0.13299033462072557,0.033873666866812875,0.13636363636363635,0.02247191011235955,0.22962962962962963,0.1683965537256405,0.0414457405136888,0.12444444444444444,0.029197080291970805,0.29107981220657275
mathoverflow,5.0,0.5,0.25,0.23973437641436948,0.06021840773948072,0.19230769230769232,0.041666666666666664,0.4157303370786517,0.1381621959234503,0.03645997965069934,0.18181818181818182,0.02247191011235955,0.24025974025974026,0.17506950156625775,0.04504280243667455,0.21052631578947367,0.029197080291970805,0.3045267489711934
mathoverflow,5.0,0.5,0.5,0.24925363080822938,0.05570646616707527,0.25,0.0625,0.3956043956043956,0.14379841289944809,0.034176438995751415,0.125,0.033707865168539325,0.23376623376623376,0.18213709087847182,0.04192931109486047,0.125,0.043795620437956206,0.29387755102040813
mathoverflow,5.0,0.5,0.75,0.26764273618526574,0.05524934611307335,0.2375,0.10638297872340426,0.4,0.1541851652349557,0.03367523348128196,0.13636363636363635,0.056818181818181816,0.22950819672131148,0.1953835516492472,0.04121767310722119,0.2222222222222222,0.07407407407407407,0.2916666666666667
mathoverflow,5.0,0.5,1.0,0.2749604630121003,0.05351745557206403,0.3333333333333333,0.125,0.41,0.15875076962149573,0.03405568620977522,0.16666666666666666,0.06741573033707865,0.24848484848484848,0.2010108347447392,0.041095252925139464,0.20512820512820512,0.08759124087591241,0.30943396226415093
mathoverflow,5.0,0.5,2.0,0.3215461636171605,0.057884286172524474,0.3333333333333333,0.19230769230769232,0.4745762711864407,0.18527372006794315,0.03593525702541217,0.18181818181818182,0.10526315789473684,0.29838709677419356,0.23476708208251273,0.043599596843116116,0.2222222222222222,0.1360544217687075,0.36274509803921573
mathoverflow,5.0,0.5,3.0,0.350553657546008,0.055256631871480506,0.3333333333333333,0.21428571428571427,0.4835164835164835,0.2021546500286054,0.0358020408923005,0.2,0.11029411764705882,0.3087248322147651,0.25608230886567473,0.04268532627919984,0.20833333333333334,0.14563106796116507,0.3694779116465864
mathoverflow,5.0,0.5,5.0,0.36734179706768155,0.05268594637542618,0.3333333333333333,0.19718309859154928,0.48314606741573035,0.2118232985533564,0.03518092231807425,0.2,0.12844036697247707,0.3087248322147651,0.2683375633253742,0.041428452079626886,0.25,0.1564245810055866,0.3694779116465864
mathoverflow,5.0,0.75,0,0.238134298765723,0.055915262886153526,0.25,0.06,0.35454545454545455,0.13743315109853832,0.03438535665746323,0.14285714285714285,0.031914893617021274,0.21621621621621623,0.17404847161050088,0.042165073201768835,0.13541666666666666,0.041666666666666664,0.26778242677824265
mathoverflow,5.0,0.75,0.1,0.24516398423774885,0.05349007976141555,0.25,0.10294117647058823,0.4027777777777778,0.1414327144822206,0.033077776557290585,0.10909090909090909,0.05185185185185185,0.22818791946308725,0.17913498742222345,0.04039370530033067,0.08333333333333333,0.06896551724137931,0.28431372549019607
mathoverflow,5.0,0.75,0.25,0.24547432099421043,0.05716086675157981,0.2857142857142857,0.08333333333333333,0.39090909090909093,0.14205893634465155,0.036606057060359465,0.125,0.0449438202247191,0.2483221476510067,0.1797281133796947,0.04430326360531866,0.14583333333333334,0.05839416058394161,0.2971887550200803
mathoverflow,5.0,0.75,0.5,0.265303354977856,0.05587691189309784,0.21428571428571427,0.1276595744680851,0.411214953271028,0.1531597916191849,0.03550091661153339,0.17647058823529413,0.06818181818181818,0.24873096446700507,0.1939418492939636,0.04297445877885991,0.14893617021276595,0.08888888888888888,0.30721003134796243
mathoverflow,5.0,0.75,0.75,0.2720386632742129,0.056519184674909406,0.2222222222222222,0.1095890410958904,0.41818181818181815,0.15683283659491784,0.03459479481670107,0.12949640287769784,0.07339449541284404,0.24468085106382978,0.19870621423325627,0.04245966218345523,0.25,0.08791208791208792,0.3087248322147651
mathoverflow,5.0,0.75,1.0,0.2891964298854756,0.05977254359877221,0.25,0.13432835820895522,0.4157303370786517,0.1666999632343048,0.036823785655902636,0.14285714285714285,0.07894736842105263,0.2684563758389262,0.21120860567069907,0.045025025656025335,0.16666666666666666,0.10055865921787711,0.32286995515695066
mathoverflow,5.0,0.75,2.0,0.3253294421065828,0.0595571085466416,0.3333333333333333,0.1323529411764706,0.47,0.18770285074574689,0.038034452660915416,0.2,0.06666666666666667,0.31543624161073824,0.23772980303373653,0.04575841401451662,0.2222222222222222,0.08866995073891625,0.37751004016064255
mathoverflow,5.0,0.75,3.0,0.35070813776477694,0.05322962350234184,0.3333333333333333,0.1917808219178082,0.47126436781609193,0.20224590231561362,0.03519084880080465,0.18181818181818182,0.10526315789473684,0.3014705882352941,0.2561888309483437,0.04155311829283675,0.23008849557522124,0.13861386138613863,0.3677130044843049
mathoverflow,5.0,0.75,5.0,0.3699151792541566,0.05439154623109146,0.3333333333333333,0.2112676056338028,0.5352112676056338,0.21332783720749895,0.0360770163484846,0.21428571428571427,0.1388888888888889,0.3288590604026846,0.27023088030279835,0.04257550520008115,0.25,0.16759776536312848,0.39357429718875503
mathoverflow,5.0,1.0,0,0.24796754030176596,0.05966065600891178,0.2857142857142857,0.09722222222222222,0.41818181818181815,0.14316056274982877,0.03676638656905534,0.13333333333333333,0.05319148936170213,0.24390243902439024,0.18128557280050897,0.04514029821711257,0.1688888888888889,0.06944444444444446,0.3076923076923077
mathoverflow,5.0,1.0,0.1,0.24862020099346147,0.059492888213103876,0.25,0.08333333333333333,0.3924050632911392,0.14352421194021286,0.03672486113442267,0.14705882352941177,0.043795620437956206,0.23308270676691728,0.18175012708620272,0.045049385410503025,0.22641509433962265,0.05741626794258374,0.29245283018867924
mathoverflow,5.0,1.0,0.25,0.254470110637238,0.05759453814771427,0.25,0.11594202898550725,0.4,0.14667411864844213,0.034876752683974596,0.16666666666666666,0.06015037593984962,0.24539877300613497,0.1858412270520294,0.042991503863748566,0.14285714285714285,0.0792079207920792,0.3007518796992481
mathoverflow,5.0,1.0,0.5,0.26390311152357315,0.058836579341090045,0.2857142857142857,0.1,0.45454545454545453,0.15221749276525814,0.03613748722243401,0.1366906474820144,0.05319148936170213,0.26455026455026454,0.19281145895050708,0.04429858988646813,0.13333333333333333,0.06944444444444446,0.3344481605351171
mathoverflow,5.0,1.0,0.75,0.2826033753473898,0.05656885244551163,0.2857142857142857,0.12658227848101267,0.42727272727272725,0.1629937469614278,0.03545391945124923,0.09090909090909091,0.07194244604316546,0.2647058823529412,0.20645761675027446,0.04298503953095377,0.2,0.09174311926605505,0.32286995515695066
mathoverflow,5.0,1.0,1.0,0.2901686090718333,0.059676697319436735,0.3076923076923077,0.1044776119402985,0.45,0.16712326873451333,0.036428684550784664,0.16666666666666666,0.06818181818181818,0.2727272727272727,0.21180334182894142,0.04463979665827475,0.14893617021276595,0.08433734939759037,0.339622641509434
mathoverflow,5.0,1.0,2.0,0.3306280479381192,0.05992115092836071,0.3333333333333333,0.11538461538461539,0.46464646464646464,0.19065327358949866,0.037712215429814386,0.18181818181818182,0.06315789473684211,0.27941176470588236,0.24151361334049778,0.045550017440599534,0.2285714285714286,0.0816326530612245,0.3422818791946309
mathoverflow,5.0,1.0,3.0,0.3544392336311555,0.056360731479849276,0.3,0.15384615384615385,0.5211267605633803,0.20445645528536033,0.03676390399786063,0.2222222222222222,0.08421052631578947,0.31343283582089554,0.2589656160548408,0.04369933818540819,0.2857142857142857,0.108843537414966,0.3783783783783784
mathoverflow,5.0,1.0,5.0,0.367540981804358,0.05637206711765443,0.3333333333333333,0.2153846153846154,0.5168539325842697,0.21192507049594092,0.0366826580928897,0.25,0.11009174311926606,0.3087248322147651,0.26847039628520614,0.04362722062793771,0.25,0.147239263803681,0.3786008230452675
mathoverflow,5.0,2.0,0,0.26806652778518897,0.05547699272133131,0.3333333333333333,0.13432835820895522,0.43636363636363634,0.15475815469313256,0.034892496009507425,0.15517241379310345,0.07339449541284404,0.25766871165644173,0.19596115651660678,0.04234139107517062,0.15384615384615383,0.098159509202454,0.3221476510067114
mathoverflow,5.0,2.0,0.1,0.27344248196003285,0.05490520868273723,0.2857142857142857,0.13924050632911392,0.41818181818181815,0.15765819903128195,0.03390687597750122,0.14705882352941177,0.07913669064748201,0.26174496644295303,0.19972915439838013,0.041359754313739214,0.17142857142857143,0.10091743119266054,0.3132530120481927
mathoverflow,5.0,2.0,0.25,0.2827947987511321,0.05934199699218381,0.2857142857142857,0.1518987341772152,0.43636363636363634,0.1630820924054034,0.036921148280873194,0.18181818181818182,0.08256880733944955,0.2578125,0.2065780251418327,0.044916356328932136,0.14285714285714285,0.108843537414966,0.3221476510067114
mathoverflow,5.0,2.0,0.5,0.29380855072543594,0.062027350724949346,0.3333333333333333,0.125,0.4818181818181818,0.16941144285189014,0.03831011677501196,0.15441176470588236,0.06741573033707865,0.28191489361702127,0.21461196919291856,0.046769850404562496,0.13186813186813187,0.08759124087591241,0.3557046979865772
mathoverflow,5.0,2.0,0.75,0.3013548065715126,0.061907027526843614,0.25,0.1276595744680851,0.4942528735632184,0.1738569112435182,0.038713433204555114,0.125,0.06818181818181818,0.3161764705882353,0.22020308059905616,0.047074581918998194,0.13793103448275862,0.08888888888888888,0.38565022421524664
mathoverflow,5.0,2.0,1.0,0.30727206390627726,0.061793819428986374,0.25,0.14814814814814814,0.47619047619047616,0.17712924489581897,0.038135841938393984,0.125,0.07339449541284404,0.273224043715847,0.22440890131359056,0.04651552513035554,0.16,0.098159509202454,0.34722222222222227
mathoverflow,5.0,2.0,2.0,0.3322430943491836,0.06278468061207815,0.25,0.12962962962962962,0.5056179775280899,0.19175603394380442,0.0398154286655893,0.1875,0.06422018348623854,0.2953020134228188,0.2428383712565537,0.048103042258471694,0.20833333333333334,0.08588957055214724,0.37037037037037035
mathoverflow,5.0,2.0,3.0,0.35562372891297583,0.05945747437903959,0.35064935064935066,0.19148936170212766,0.4943820224719101,0.20504135165735063,0.03788617131580381,0.2,0.10227272727272728,0.3014705882352941,0.25975325493220747,0.0454713458220531,0.2133333333333333,0.13333333333333333,0.3677130044843049
mathoverflow,5.0,2.0,5.0,0.3712061914979516,0.055577070748402964,0.3246753246753247,0.20833333333333334,0.484375,0.21403002503119464,0.036099154430896487,0.25,0.11235955056179775,0.3006134969325153,0.27113391144444926,0.04281779725219755,0.22222222222222224,0.14598540145985403,0.36842105263157887
mathoverflow,5.0,3.0,0,0.2802753504561774,0.05991539739177318,0.2222222222222222,0.1276595744680851,0.4262295081967213,0.16151009755963547,0.03638574738176897,0.14285714285714285,0.06818181818181818,0.2639593908629442,0.20464974668812339,0.04469718891161551,0.22222222222222224,0.08888888888888888,0.3260188087774295
mathoverflow,5.0,3.0,0.1,0.28344895857021873,0.06498298827794564,0.25,0.06382978723404255,0.44545454545454544,0.1634610952573643,0.039565730827147275,0.125,0.03409090909090909,0.26063829787234044,0.20706563691574942,0.04864345941463147,0.22115384615384615,0.04444444444444444,0.3288590604026846
mathoverflow,5.0,3.0,0.25,0.29150383084444287,0.05935961444964998,0.3333333333333333,0.1276595744680851,0.4305555555555556,0.16789145395019558,0.03563449838730342,0.14285714285714285,0.06818181818181818,0.26993865030674846,0.21276634010015413,0.04379370362748418,0.16666666666666666,0.08888888888888888,0.3308270676691729
mathoverflow,5.0,3.0,0.5,0.29566747026696255,0.062355438331968924,0.3333333333333333,0.10416666666666667,0.4636363636363636,0.1704070695146363,0.037748540544110094,0.1527777777777778,0.056179775280898875,0.2822085889570552,0.21590186703174463,0.04632311270670473,0.20276497695852536,0.07299270072992702,0.3458646616541354
mathoverflow,5.0,3.0,0.75,0.3060304718742857,0.060276436358003005,0.3333333333333333,0.125,0.45454545454545453,0.17639352057977528,0.03708673306434398,0.125,0.06422018348623854,0.26993865030674846,0.22348240542003348,0.04521598131524908,0.1846153846153846,0.08588957055214724,0.3355704697986577
mathoverflow,5.0,3.0,1.0,0.30908123731366344,0.05801822173271663,0.2857142857142857,0.1506849315068493,0.43661971830985913,0.17803443683346143,0.03521094885753394,0.18181818181818182,0.08256880733944955,0.25766871165644173,0.22561814869100133,0.043064694393707574,0.2222222222222222,0.11042944785276075,0.3221476510067114
mathoverflow,5.0,3.0,2.0,0.33037357425879454,0.06158509481861873,0.3333333333333333,0.18518518518518517,0.47619047619047616,0.19057213376254686,0.03890813204994409,0.125,0.09174311926605505,0.3006134969325153,0.241373717627538,0.046918509720822475,0.2222222222222222,0.12269938650306748,0.36842105263157887
mathoverflow,5.0,3.0,3.0,0.34336489150444494,0.06143502403125281,0.3333333333333333,0.14893617021276595,0.4942528735632184,0.19810204443774135,0.039192015394476,0.1702127659574468,0.07954545454545454,0.3161764705882353,0.25090055315913257,0.04712038119951945,0.2119815668202765,0.1037037037037037,0.38565022421524664
mathoverflow,5.0,3.0,5.0,0.36866286472903115,0.0559959008266676,0.3333333333333333,0.22916666666666666,0.5242718446601942,0.2126056630869944,0.03660855432168552,0.2,0.12359550561797752,0.3312883435582822,0.2693038384586778,0.04331288748090278,0.25,0.16058394160583941,0.40601503759398494
mathoverflow,5.0,5.0,0,0.2903259143364164,0.06377286928896586,0.25,0.0851063829787234,0.43636363636363634,0.1674734452666782,0.038953264296204146,0.13636363636363635,0.045454545454545456,0.25396825396825395,0.21212615769904788,0.04779119808039373,0.17573221757322177,0.05925925925925926,0.3210702341137124
mathoverflow,5.0,5.0,0.1,0.28735925721810895,0.061590029706955686,0.3076923076923077,0.1111111111111111,0.45714285714285713,0.16569460839502065,0.0375488050820146,0.17647058823529413,0.05504587155963303,0.27205882352941174,0.20990017510581319,0.04603209592447428,0.19999999999999998,0.0736196319018405,0.3333333333333333
mathoverflow,5.0,5.0,0.25,0.29456119747339293,0.06332263344518196,0.3333333333333333,0.0625,0.4507042253521127,0.16973753200654515,0.038040774083554274,0.2,0.033707865168539325,0.26380368098159507,0.21507268333609506,0.04687318911379297,0.16,0.043795620437956206,0.3233082706766917
mathoverflow,5.0,5.0,0.5,0.29579037577601575,0.06022000341603288,0.25,0.0625,0.44545454545454544,0.1705313324106774,0.03677718473301177,0.14482758620689656,0.033707865168539325,0.26380368098159507,0.2160307032075269,0.044936485852200794,0.1978021978021978,0.043795620437956206,0.3288590604026846
mathoverflow,5.0,5.0,0.75,0.30086267764955726,0.060822016580462324,0.3333333333333333,0.125,0.4444444444444444,0.1733879320460201,0.03667674790640822,0.16666666666666666,0.06741573033707865,0.25766871165644173,0.21968753823403891,0.04504107035365657,0.19246861924686193,0.08759124087591241,0.3221476510067114
mathoverflow,5.0,5.0,1.0,0.3032550750981459,0.06143737435866587,0.3333333333333333,0.125,0.44545454545454544,0.17490868231724593,0.03804341809937579,0.10526315789473684,0.06741573033707865,0.27607361963190186,0.22155043259962912,0.04634382217155363,0.22608695652173913,0.08759124087591241,0.3383458646616541
mathoverflow,5.0,5.0,2.0,0.316992828385847,0.06131254419793021,0.3333333333333333,0.14583333333333334,0.4727272727272727,0.18276351452404338,0.03777123371881013,0.18181818181818182,0.07865168539325842,0.2765957446808511,0.23152411564208653,0.045943159289193236,0.22222222222222224,0.10218978102189781,0.3489932885906041
mathoverflow,5.0,5.0,3.0,0.33206983990715555,0.06191438578467514,0.3333333333333333,0.16666666666666666,0.47619047619047616,0.1914336965362199,0.03822977358949861,0.16666666666666666,0.08256880733944955,0.294478527607362,0.24251941797631915,0.04642999134552475,0.2222222222222222,0.11042944785276075,0.3609022556390977
mathoverflow,5.0,5.0,5.0,0.35154071820920824,0.06149302539670396,0.3333333333333333,0.17307692307692307,0.49523809523809526,0.20275713737087633,0.038892605326577845,0.23529411764705882,0.09473684210526316,0.3067484662576687,0.2568202872231631,0.04678959935844392,0.21311475409836067,0.12244897959183673,0.37593984962406013
