dataset,decay_factor,alpha,beta,mean_precision,std_precision,mode_precision,min_precision,max_precision,mean_recall,std_recall,mode_recall,min_recall,max_recall,mean_f1,std_f1,mode_f1,min_f1,max_f1
networkbancor,0,0,0.1,0.05834449098318871,0.04169579192831903,0.0,0.0,0.3474178403755869,0.013586169013338319,0.010479117818529502,0.0,0.0,0.050359712230215826,0.02179391249572929,0.01613540787260889,0.0,0.0,0.07894736842105264
networkbancor,0,0,0.25,0.05969889174111614,0.04169736441716481,0.0,0.0,0.3474178403755869,0.013909914892953769,0.010883522058186238,0.0,0.0,0.06611570247933884,0.022316013549732422,0.016711733914510862,0.0,0.0,0.09696969696969697
networkbancor,0,0,0.5,0.0704849994414226,0.04657744718100158,0.0,0.0,0.352112676056338,0.016750417827011817,0.013119003910556802,0.0,0.0,0.0784313725490196,0.026781218665396164,0.019869243633817767,0.0,0.0,0.11347517730496454
networkbancor,0,0,0.75,0.08491943762225787,0.049927568741199385,0.0,0.0,0.3615023474178404,0.019786311422569296,0.013674836899965131,0.0,0.0,0.09090909090909091,0.03176135864726564,0.020817356742691445,0.0,0.0,0.1340782122905028
networkbancor,0,0,1.0,0.10078416564395683,0.05353389602136501,0.07692307692307693,0.0,0.37777777777777777,0.023496657676338597,0.015942704144022928,0.0,0.0,0.1223021582733813,0.03770827113723462,0.02397135146281134,0.0,0.0,0.18478260869565216
networkbancor,0,0,2.0,0.21101210361349065,0.0718936741423728,0.2,0.0,0.4222222222222222,0.04836814812453986,0.02355666191653785,0.038461538461538464,0.0,0.15492957746478872,0.07792223512279933,0.03476379567816063,0.05,0.0,0.22564102564102562
networkbancor,0,0,3.0,0.32871313907955224,0.09381062028047335,0.3333333333333333,0.0,0.5909090909090909,0.0746236324374249,0.0320033075234425,0.0625,0.0,0.21487603305785125,0.12045263715272543,0.04668518343601138,0.0,0.0,0.3151515151515151
networkbancor,0,0,5.0,0.4105444953870369,0.10379649197206936,0.5,0.034482758620689655,0.7,0.0925915363000146,0.03473642170541451,0.08695652173913043,0.010050251256281407,0.23140495867768596,0.14967108199270546,0.050450578363631704,0.1,0.016260162601626015,0.33939393939393936
networkbancor,0,0.1,0,0.05305522010508963,0.03880075311222766,0.0,0.0,0.3615023474178404,0.012268230028914476,0.009495560086786517,0.0,0.0,0.05583756345177665,0.019707687429235055,0.014674168870672478,0.0,0.0,0.0846153846153846
networkbancor,0,0.1,0.1,0.0544883050409943,0.040197850085404906,0.0,0.0,0.3145539906103286,0.012705844311424097,0.01032144150457387,0.0,0.0,0.07042253521126761,0.020376886557130804,0.015871256917341404,0.0,0.0,0.10256410256410256
networkbancor,0,0.1,0.25,0.0645386151429008,0.044156602178963625,0.0,0.0,0.39436619718309857,0.014912820500560673,0.01091063916269762,0.0,0.0,0.05154639175257732,0.023970143517934132,0.016857231415030736,0.0,0.0,0.07874015748031495
networkbancor,0,0.1,0.5,0.07817768743018795,0.050949547793547094,0.0,0.0,0.4225352112676056,0.017986130598425524,0.013033980294753493,0.0,0.0,0.07746478873239436,0.028927473626727398,0.02002322235974397,0.0,0.0,0.11282051282051281
networkbancor,0,0.1,0.75,0.08985942724919843,0.051375281421116026,0.0,0.0,0.39906103286384975,0.02076414966856506,0.01375634997799175,0.0,0.0,0.08450704225352113,0.03338274858246543,0.021019324080619597,0.0,0.0,0.12307692307692307
networkbancor,0,0.1,1.0,0.11523518290416619,0.05904907879967827,0.1111111111111111,0.0,0.3755868544600939,0.02665655761839135,0.016829665091809696,0.0,0.0,0.09917355371900827,0.04285557383555818,0.02547511350137054,0.0,0.0,0.14545454545454545
networkbancor,0,0.1,2.0,0.2214259123202949,0.07741306022952547,0.25,0.0,0.5,0.05105887336982757,0.025809693721718045,0.041666666666666664,0.0,0.18181818181818182,0.08218112894144883,0.03814204455723125,0.0,0.0,0.26666666666666666
networkbancor,0,0.1,3.0,0.33678622791024126,0.09043267067377253,0.3333333333333333,0.0,0.5714285714285714,0.07634149510466888,0.030945656127804925,0.07692307692307693,0.0,0.19718309859154928,0.12328821891250384,0.045127133553528744,0.038461538461538464,0.0,0.28717948717948716
networkbancor,0,0.1,5.0,0.4123945969368127,0.10729622193775745,0.5,0.0,0.7142857142857143,0.0928306458658648,0.03474979800160422,0.07692307692307693,0.0,0.2231404958677686,0.15011799045641167,0.05074855282674662,0.0,0.0,0.32727272727272727
networkbancor,0,0.25,0,0.05924813227849005,0.040946009780734115,0.0,0.0,0.36619718309859156,0.013726843989765264,0.010256167633161471,0.0,0.0,0.05223880597014925,0.022049386347157852,0.01582926670092679,0.0,0.0,0.0782122905027933
networkbancor,0,0.25,0.1,0.062266338999213536,0.04221451346454617,0.0,0.0,0.3286384976525822,0.014273649807848688,0.010435636668453,0.0,0.0,0.05434782608695652,0.022965732308416295,0.016106761809100364,0.0,0.0,0.07894736842105264
networkbancor,0,0.25,0.25,0.07052841333088736,0.04271633762250062,0.0,0.0,0.3051643192488263,0.016315641424764427,0.011320746865401922,0.0,0.0,0.07092198581560284,0.026229285528375956,0.01739077534529102,0.0,0.0,0.10928961748633882
networkbancor,0,0.25,0.5,0.08471133544252113,0.051813617203822306,0.0,0.0,0.4084507042253521,0.019755453186150636,0.014542948986426862,0.0,0.0,0.08264462809917356,0.03169810499814298,0.022079290662927152,0.0,0.0,0.12121212121212122
networkbancor,0,0.25,0.75,0.09581728182369147,0.05260058151599396,0.0,0.0,0.352112676056338,0.022274844847315445,0.014462881887046955,0.0,0.0,0.08695652173913043,0.03578573436024428,0.02204032776499199,0.0,0.0,0.12403100775193798
networkbancor,0,0.25,1.0,0.12244215543530813,0.057930403394760445,0.14285714285714285,0.0,0.45539906103286387,0.02835000093833039,0.017222932324658328,0.034482758620689655,0.0,0.10869565217391304,0.04556115257370369,0.025766492488537966,0.0,0.0,0.15568862275449102
networkbancor,0,0.25,2.0,0.23794042816608726,0.07401288060256267,0.25,0.0,0.5185185185185185,0.054167323134981474,0.02423487740933472,0.05806451612903226,0.0,0.15819209039548024,0.08737508862817614,0.03565089865777192,0.0930232558139535,0.0,0.24242424242424246
networkbancor,0,0.25,3.0,0.3409924582185278,0.09016195010172089,0.3333333333333333,0.0,0.5416666666666666,0.07704190341315913,0.030344207375593058,0.07692307692307693,0.0,0.18181818181818182,0.12448424624517497,0.04427738164660505,0.0,0.0,0.26666666666666666
networkbancor,0,0.25,5.0,0.4131442815689123,0.10335658378312074,0.5,0.034482758620689655,0.7,0.09317297777692025,0.03500141356525215,0.09090909090909091,0.011904761904761904,0.24793388429752067,0.15061205201913383,0.05079902376806218,0.13043478260869565,0.017699115044247787,0.36363636363636365
networkbancor,0,0.5,0,0.0683374861833517,0.04476152496636412,0.0,0.0,0.3380281690140845,0.01588552331351937,0.011922863979346384,0.0,0.0,0.09166666666666666,0.025509868657133953,0.018312375305716066,0.0,0.0,0.13924050632911392
networkbancor,0,0.5,0.1,0.0687305105491593,0.046179386528097055,0.0,0.0,0.3568075117370892,0.016168724940375835,0.012764178274461547,0.0,0.0,0.0784313725490196,0.025888217793665513,0.019323133217694646,0.0,0.0,0.11347517730496454
networkbancor,0,0.5,0.25,0.07942732257930239,0.04455906517678334,0.0,0.0,0.3474178403755869,0.018359108751702647,0.012085803078381268,0.0,0.0,0.060669456066945605,0.029513614622847826,0.018397831724632534,0.0,0.0,0.09400324149108591
networkbancor,0,0.5,0.5,0.09571461769851171,0.04675181050354376,0.0,0.0,0.3755868544600939,0.022006143963141284,0.013172177640817363,0.0,0.0,0.09090909090909091,0.03541122248684468,0.019864083103185052,0.0,0.0,0.13333333333333333
networkbancor,0,0.5,0.75,0.11898130214150376,0.05093867147874282,0.0625,0.0,0.3474178403755869,0.027436864573540456,0.015279672253443108,0.023255813953488372,0.0,0.09836065573770492,0.04414660588848202,0.022901997333649907,0.0,0.0,0.14814814814814814
networkbancor,0,0.5,1.0,0.14072376678392945,0.055214522135472996,0.125,0.0,0.36619718309859156,0.03228999359528492,0.017519403624022923,0.03389830508474576,0.0,0.11194029850746269,0.0519776601633389,0.02593716619930451,0.05581395348837209,0.0,0.16759776536312848
networkbancor,0,0.5,2.0,0.2557311047022169,0.07508580821819963,0.25,0.0,0.5185185185185185,0.05833864730982628,0.02567179485275038,0.03225806451612903,0.0,0.15819209039548024,0.0940809620032434,0.03762863066647181,0.055045871559633024,0.0,0.24242424242424246
networkbancor,0,0.5,3.0,0.3475212706242693,0.09061238143026015,0.3333333333333333,0.034482758620689655,0.625,0.0785828231619239,0.03023815654277532,0.09090909090909091,0.010752688172043012,0.19008264462809918,0.12698525295530852,0.04422123173444543,0.1111111111111111,0.01652892561983471,0.2787878787878788
networkbancor,0,0.5,5.0,0.41261101880238393,0.10305959857936639,0.5,0.0,0.7045454545454546,0.09305477921240002,0.03493871823043929,0.0625,0.0,0.256198347107438,0.1504204917895508,0.050674113969623964,0.1,0.0,0.37575757575757573
networkbancor,0,0.75,0,0.08257982056224583,0.04972887237158565,0.0,0.0,0.38028169014084506,0.01906402420560852,0.013540468785235482,0.0,0.0,0.10743801652892562,0.030643353978765733,0.02058476348730022,0.0,0.0,0.15757575757575756
networkbancor,0,0.75,0.1,0.08920908537608256,0.049131746988672786,0.0,0.0,0.3192488262910798,0.020430198207767637,0.01327723688894439,0.0,0.0,0.07751937984496124,0.03288102204488955,0.0201986498534933,0.0,0.0,0.11834319526627218
networkbancor,0,0.75,0.25,0.10016618945897657,0.05003978840422788,0.0,0.0,0.36619718309859156,0.023178911845136055,0.014639222169154819,0.0,0.0,0.1056338028169014,0.037233960128142576,0.021924543191919863,0.0,0.0,0.15384615384615383
networkbancor,0,0.75,0.5,0.11785863402124705,0.053589245967463936,0.14285714285714285,0.0,0.39906103286384975,0.027372235331388595,0.016144723815686608,0.0,0.0,0.08943089430894309,0.043973839290635766,0.024224755462908382,0.0,0.0,0.13513513513513514
networkbancor,0,0.75,0.75,0.1412194782341058,0.058446411068149004,0.1111111111111111,0.0,0.37089201877934275,0.03235434438378116,0.017589939306289888,0.0,0.0,0.10869565217391304,0.05210313405109839,0.026228256354544763,0.0,0.0,0.15503875968992248
networkbancor,0,0.75,1.0,0.16653266833670213,0.06003901822948612,0.16666666666666666,0.0,0.3755868544600939,0.0381041300167374,0.01866883049213948,0.0,0.0,0.11627906976744186,0.06140954367540242,0.027753057977455548,0.0,0.0,0.16949152542372883
networkbancor,0,0.75,2.0,0.2724129742231222,0.08026593017194426,0.3333333333333333,0.02127659574468085,0.48148148148148145,0.0620029888143362,0.026584964434138696,0.058823529411764705,0.005025125628140704,0.14925373134328357,0.10005486331064455,0.03913041368442036,0.0611764705882353,0.008130081300813007,0.2251082251082251
networkbancor,0,0.75,3.0,0.3542659078376749,0.08965142070631353,0.42857142857142855,0.0,0.6071428571428571,0.07986116329592244,0.02997526459168417,0.07692307692307693,0.0,0.18478260869565216,0.12910134432507847,0.043525680556424175,0.1,0.0,0.2717391304347826
networkbancor,0,0.75,5.0,0.4144906374281266,0.10169344172714746,0.5,0.034482758620689655,0.7,0.09340840445498012,0.03381778344490278,0.09090909090909091,0.011904761904761904,0.23140495867768596,0.15102379233906624,0.049078804206389874,0.15000000000000002,0.017699115044247787,0.33939393939393936
networkbancor,0,1.0,0,0.10281446679622873,0.05199777467492194,0.0,0.0,0.38967136150234744,0.02370970726737633,0.014576423394161271,0.0,0.0,0.08823529411764706,0.03813296941144404,0.02203832278605945,0.0,0.0,0.12765957446808512
networkbancor,0,1.0,0.1,0.10974297455659968,0.047723718758361275,0.125,0.0,0.3427230046948357,0.025194856898679386,0.014205491181943421,0.0,0.0,0.08695652173913043,0.04054868270458309,0.021199308019613637,0.0,0.0,0.12403100775193798
networkbancor,0,1.0,0.25,0.1194144622170809,0.050872598489498475,0.125,0.0,0.3474178403755869,0.027463726175714197,0.015199072356119323,0.0,0.0,0.08943089430894309,0.04420765611243263,0.022805000995198898,0.0,0.0,0.1317365269461078
networkbancor,0,1.0,0.5,0.13918865273211772,0.05317104712746147,0.14285714285714285,0.0,0.37089201877934275,0.03159984960114587,0.015132259489643736,0.02631578947368421,0.0,0.09782608695652174,0.05097912178407465,0.022608786941204124,0.06666666666666667,0.0,0.13953488372093026
networkbancor,0,1.0,0.75,0.16109482357281632,0.060607378257752545,0.2,0.0,0.42857142857142855,0.03663192644802474,0.017957236969262404,0.024096385542168676,0.0,0.11382113821138211,0.059076484670054066,0.02673052839841262,0.03508771929824561,0.0,0.16766467065868262
networkbancor,0,1.0,1.0,0.18331619496183796,0.06578683808682728,0.2,0.0,0.431924882629108,0.041792720650228155,0.020271091901981092,0.0,0.0,0.12195121951219512,0.0673884678221939,0.03012552389715971,0.0,0.0,0.17964071856287425
networkbancor,0,1.0,2.0,0.2812255054603291,0.07965693067592983,0.25,0.0,0.5227272727272727,0.06372781141667963,0.026906284110780446,0.05555555555555555,0.0,0.19008264462809918,0.10288928763068607,0.03923061019991356,0.08695652173913045,0.0,0.2787878787878788
networkbancor,0,1.0,3.0,0.35326365040353086,0.09285140835263668,0.3333333333333333,0.0,0.6,0.07971168071955402,0.030789991298279532,0.07692307692307693,0.0,0.2066115702479339,0.1288530885940559,0.04495646238742003,0.11538461538461539,0.0,0.30303030303030304
networkbancor,0,1.0,5.0,0.416720728560402,0.10466046691056932,0.5,0.034482758620689655,0.6666666666666666,0.0939862940288039,0.03486050896205254,0.08333333333333333,0.010050251256281407,0.23140495867768596,0.1519369401416458,0.050732223683294254,0.13114754098360654,0.016260162601626015,0.33939393939393936
networkbancor,0,2.0,0,0.16382202351357678,0.05428910803784621,0.2,0.0,0.38636363636363635,0.036999816084040855,0.016335274355904903,0.022727272727272728,0.0,0.14049586776859505,0.0597751291039525,0.024223332341048724,0.06511627906976744,0.0,0.20606060606060608
networkbancor,0,2.0,0.1,0.17051546161722977,0.05497507728257704,0.16666666666666666,0.0,0.3615023474178404,0.03865860960595372,0.017455971235764867,0.038461538461538464,0.0,0.12396694214876033,0.062399153982726475,0.025682893515856724,0.08372093023255814,0.0,0.18181818181818182
networkbancor,0,2.0,0.25,0.1788155538104806,0.060965998402830686,0.2,0.0,0.45454545454545453,0.04057120300947232,0.019343112832662906,0.0,0.0,0.1652892561983471,0.06547642387720326,0.02855241134972112,0.0,0.0,0.24242424242424243
networkbancor,0,2.0,0.5,0.19209530333147493,0.06169523334683998,0.2,0.0,0.45454545454545453,0.04361573716835922,0.020118436299435164,0.02857142857142857,0.0,0.1652892561983471,0.07038297503326105,0.029509848123040406,0.08333333333333334,0.0,0.24242424242424243
networkbancor,0,2.0,0.75,0.21233506196041127,0.06659949093773984,0.2,0.0,0.45454545454545453,0.048185658846559065,0.02160028948246503,0.045454545454545456,0.0,0.1652892561983471,0.07776350607179856,0.03172522746589424,0.07017543859649122,0.0,0.24242424242424243
networkbancor,0,2.0,1.0,0.23161544001876996,0.0712746954573679,0.25,0.0,0.5,0.05264502755501901,0.023731306779726655,0.03389830508474576,0.0,0.18181818181818182,0.0849436768377092,0.03477295267348521,0.0,0.0,0.26666666666666666
networkbancor,0,2.0,2.0,0.2959316271600097,0.08376475594759368,0.3333333333333333,0.0,0.5909090909090909,0.0670678199491043,0.027988976971001247,0.045454545454545456,0.0,0.21487603305785125,0.10830410909077764,0.04100013248757738,0.0,0.0,0.3151515151515151
networkbancor,0,2.0,3.0,0.35836125995379053,0.09293829152921532,0.3333333333333333,0.0,0.65,0.08091639453373069,0.0310515311428621,0.07692307692307693,0.0,0.2231404958677686,0.13076695180017658,0.04518651007564705,0.125,0.0,0.32727272727272727
networkbancor,0,2.0,5.0,0.4148744084000136,0.1017256052668921,0.5,0.0,0.7,0.09347451115477967,0.03402075006890536,0.09090909090909091,0.0,0.24793388429752067,0.15113716089920395,0.04937613039561764,0.13114754098360654,0.0,0.36363636363636365
networkbancor,0,3.0,0,0.1927449504982797,0.05923595174191412,0.2,0.0,0.4318181818181818,0.0435082571578651,0.01847668966409296,0.038461538461538464,0.0,0.15702479338842976,0.07027949623230255,0.027116249717645684,0.07017543859649122,0.0,0.23030303030303031
networkbancor,0,3.0,0.1,0.19511943073938898,0.0628397184913308,0.2,0.0,0.4318181818181818,0.044023589971471926,0.01962761793246668,0.045454545454545456,0.0,0.15702479338842976,0.07110573265508038,0.02879428539303554,0.10256410256410256,0.0,0.23030303030303031
networkbancor,0,3.0,0.25,0.20560401114724486,0.06432459678603998,0.25,0.0,0.4318181818181818,0.046718447926830296,0.021229501238071023,0.0,0.0,0.15702479338842976,0.07536688323767522,0.031070800994284924,0.0,0.0,0.23030303030303031
networkbancor,0,3.0,0.5,0.21616122883908093,0.06907399041072167,0.2,0.0,0.5227272727272727,0.048993593646787306,0.02257430132137087,0.06060606060606061,0.0,0.19008264462809918,0.07908920860104668,0.033157163380304215,0.0736196319018405,0.0,0.2787878787878788
networkbancor,0,3.0,0.75,0.23084591852239006,0.07106208646443124,0.25,0.0,0.5227272727272727,0.05226960235425127,0.023002652504450223,0.08333333333333333,0.0,0.19008264462809918,0.08438657704721769,0.033690757277452736,0.0,0.0,0.2787878787878788
networkbancor,0,3.0,1.0,0.24382295513944557,0.07322013405460953,0.25,0.0,0.5,0.055271078463971314,0.024353577187856107,0.038461538461538464,0.0,0.18627450980392157,0.08922529570814965,0.035613186507836306,0.0,0.0,0.2695035460992907
networkbancor,0,3.0,2.0,0.2986464564927901,0.08756778069213851,0.3333333333333333,0.0,0.6136363636363636,0.06751361807443004,0.028548019670772987,0.09090909090909091,0.0,0.2231404958677686,0.109041351206736,0.041723035714955316,0.14285714285714288,0.0,0.32727272727272727
networkbancor,0,3.0,3.0,0.35031016436056417,0.09207201501393898,0.3333333333333333,0.0,0.6590909090909091,0.07926500532245144,0.0314015376403834,0.07142857142857142,0.0,0.2396694214876033,0.128049668546276,0.04569749081331803,0.13043478260869565,0.0,0.35151515151515156
networkbancor,0,3.0,5.0,0.41624962218716427,0.10344631938929158,0.5,0.0,0.7,0.09372622903101131,0.0342174393734651,0.09090909090909091,0.0,0.2396694214876033,0.15154521549407393,0.04965235468695651,0.13043478260869565,0.0,0.35151515151515156
networkbancor,0,5.0,0,0.21841890246638662,0.06968860855818615,0.25,0.0,0.4583333333333333,0.049198293129977866,0.021294986921278135,0.0,0.0,0.1652892561983471,0.0795226734136317,0.03149961931492607,0.0,0.0,0.24242424242424243
networkbancor,0,5.0,0.1,0.22111002898299056,0.070052128601012,0.25,0.0,0.4318181818181818,0.049760994672309204,0.021457803482087374,0.05,0.0,0.15702479338842976,0.08043134495339563,0.03159994794334428,0.0,0.0,0.23030303030303031
networkbancor,0,5.0,0.25,0.2256886947554756,0.07287822862475547,0.25,0.0,0.5,0.05091949375438178,0.022660538615391138,0.06779661016949153,0.0,0.18181818181818182,0.08225532483909197,0.03332691765041583,0.0,0.0,0.26666666666666666
networkbancor,0,5.0,0.5,0.23657553895654992,0.07421800469850229,0.25,0.0,0.5,0.053341265408029956,0.023167123170857635,0.043478260869565216,0.0,0.18627450980392157,0.0861833461997149,0.033982632617497156,0.047872340425531915,0.0,0.2695035460992907
networkbancor,0,5.0,0.75,0.2429318103915734,0.0746015058219656,0.25,0.0,0.4772727272727273,0.054889960094860295,0.023877532740479115,0.08620689655172414,0.0,0.18478260869565216,0.0886569457354947,0.03492306081374614,0.0,0.0,0.2635658914728682
networkbancor,0,5.0,1.0,0.2535649469698014,0.07700599524588707,0.3333333333333333,0.0,0.5454545454545454,0.05741271899742832,0.025010398930037366,0.045454545454545456,0.0,0.19834710743801653,0.09269639284887543,0.036625205676698476,0.07407407407407407,0.0,0.2909090909090909
networkbancor,0,5.0,2.0,0.29321151304577137,0.08566260328948598,0.3333333333333333,0.0,0.5909090909090909,0.06623256286717404,0.02714547937342673,0.0625,0.0,0.21487603305785125,0.1070127263872616,0.039884636553990195,0.0851063829787234,0.0,0.3151515151515151
networkbancor,0,5.0,3.0,0.3254864377183173,0.09161283908194691,0.3,0.034482758620689655,0.6590909090909091,0.07331986823840213,0.02913309822717511,0.07692307692307693,0.010752688172043012,0.2396694214876033,0.11852710604417852,0.042614123473894344,0.08510638297872342,0.01652892561983471,0.35151515151515156
networkbancor,0,5.0,5.0,0.3965769373811364,0.09959322772978248,0.5,0.0,0.7727272727272727,0.08946418014958726,0.033798500871248915,0.09090909090909091,0.0,0.2809917355371901,0.14462282586759267,0.04911604433504082,0.1276595744680851,0.0,0.41212121212121217
networkbancor,0.1,0,0,0.13540338299891322,0.06228114278432798,0.1111111111111111,0.0,0.4084507042253521,0.031769370929092405,0.01901657529185285,0.027624309392265192,0.0,0.1116751269035533,0.05095693176859679,0.0285861785966407,0.0,0.0,0.1692307692307692
networkbancor,0.1,0,0.1,0.14644239601826103,0.06647583368425687,0.1111111111111111,0.0,0.38028169014084506,0.03431738455024489,0.021351036950186718,0.01694915254237288,0.0,0.14130434782608695,0.05501815373050342,0.03166540689714113,0.038461538461538464,0.0,0.20155038759689922
networkbancor,0.1,0,0.25,0.15233846666953554,0.06090351224993552,0.16666666666666666,0.0,0.38497652582159625,0.03550195175232729,0.019082100016959008,0.01935483870967742,0.0,0.10152284263959391,0.05702465782676411,0.028532964734745925,0.0,0.0,0.15384615384615385
networkbancor,0.1,0,0.5,0.18363990997293733,0.06753402981495428,0.2,0.0,0.3968253968253968,0.04278790713548997,0.02246677111803638,0.021739130434782608,0.0,0.13953488372093023,0.0687172925431049,0.03316311740284298,0.1111111111111111,0.0,0.20338983050847456
networkbancor,0.1,0,0.75,0.2116354299335125,0.07205810585846333,0.25,0.03225806451612903,0.4375,0.04893441798678795,0.024411361548585527,0.05172413793103448,0.00684931506849315,0.1590909090909091,0.07869672111480969,0.03588318869710151,0.05128205128205128,0.011299435028248588,0.23333333333333334
networkbancor,0.1,0,1.0,0.245124276169085,0.07801677470889205,0.2,0.034482758620689655,0.46875,0.05653476806198625,0.02670978008894714,0.06060606060606061,0.005025125628140704,0.17045454545454544,0.09098932180035346,0.03925039119779983,0.07692307692307693,0.008810572687224669,0.25
networkbancor,0.1,0,2.0,0.3485592577813657,0.08124101867559713,0.3333333333333333,0.047619047619047616,0.5740740740740741,0.07928770647243295,0.0300576834275735,0.058823529411764705,0.012048192771084338,0.20930232558139536,0.12796593551914012,0.04332782462977831,0.13043478260869565,0.019230769230769232,0.30508474576271183
networkbancor,0.1,0,3.0,0.388876794336434,0.0936468818795473,0.3333333333333333,0.06382978723404255,0.65,0.08786230463158219,0.03184263367888965,0.07692307692307693,0.01507537688442211,0.21487603305785125,0.141974253032482,0.04600617972049105,0.10572687224669604,0.024390243902439025,0.3151515151515151
networkbancor,0.1,0,5.0,0.40831481739189296,0.09804168286155049,0.5,0.06896551724137931,0.7,0.09219247029390912,0.03338410115609788,0.09090909090909091,0.022092267706302793,0.23255813953488372,0.1489934514169552,0.04815935793170181,0.13333333333333333,0.035398230088495575,0.33898305084745767
networkbancor,0.1,0.1,0,0.142044533659514,0.06496544470568497,0.14285714285714285,0.0,0.37089201877934275,0.03364428868715102,0.020945990125488766,0.0,0.0,0.13008130081300814,0.053856875464311255,0.03122334064686378,0.0,0.0,0.19161676646706588
networkbancor,0.1,0.1,0.1,0.14715049747030445,0.06757672900164645,0.1111111111111111,0.0,0.4131455399061033,0.03440487606545576,0.02096255022082056,0.023076923076923078,0.0,0.13953488372093023,0.05520807115553269,0.03138268382081159,0.026109660574412535,0.0,0.20338983050847456
networkbancor,0.1,0.1,0.25,0.16424989083019242,0.06858616228600792,0.14285714285714285,0.016666666666666666,0.38461538461538464,0.038356975121945615,0.022070876715581732,0.03787878787878788,0.0035714285714285713,0.1223021582733813,0.06156562304679018,0.03283833281895434,0.02564102564102564,0.0058823529411764705,0.18478260869565216
networkbancor,0.1,0.1,0.5,0.19455626784927207,0.07010828476258678,0.25,0.0,0.3755868544600939,0.04503056595353008,0.023034837005367695,0.0425531914893617,0.0,0.13953488372093023,0.07240756618919741,0.034091225460070096,0.039603960396039604,0.0,0.20338983050847456
networkbancor,0.1,0.1,0.75,0.22840117108092495,0.07741455051917161,0.2,0.0,0.4444444444444444,0.053034400337115255,0.026928651432431342,0.03125,0.0,0.1619718309859155,0.08524132103829615,0.039586212423100266,0.0594059405940594,0.0,0.2358974358974359
networkbancor,0.1,0.1,1.0,0.2531544504226654,0.07970453641836635,0.25,0.0,0.4857142857142857,0.05826979053557985,0.02732388726042047,0.07142857142857142,0.0,0.1652892561983471,0.09380484152270159,0.0400935905370905,0.0851063829787234,0.0,0.24242424242424243
networkbancor,0.1,0.1,2.0,0.35476663988528034,0.0838155225390358,0.3333333333333333,0.034482758620689655,0.6296296296296297,0.08076313873264732,0.03145332185996153,0.11206896551724138,0.011904761904761904,0.19767441860465115,0.1303139123335874,0.04531225896396514,0.09174311926605504,0.017699115044247787,0.2943722943722944
networkbancor,0.1,0.1,3.0,0.3895292162270699,0.09172855185873273,0.42857142857142855,0.047619047619047616,0.65,0.08807096220483997,0.03208400032582558,0.08695652173913043,0.012048192771084338,0.23255813953488372,0.1423040977248327,0.04628084504208667,0.1875,0.019230769230769232,0.33898305084745767
networkbancor,0.1,0.1,5.0,0.4089127333734527,0.10075691751479167,0.5,0.034482758620689655,0.7,0.09218456233719426,0.03354867313296322,0.09090909090909091,0.011904761904761904,0.24390243902439024,0.14901462863048123,0.048487865949261647,0.13333333333333333,0.017699115044247787,0.3592814371257485
networkbancor,0.1,0.25,0,0.1529139318626881,0.06387995240172396,0.16666666666666666,0.0,0.3755868544600939,0.03546862398004501,0.020141629760333363,0.01507537688442211,0.0,0.12790697674418605,0.057000829453154364,0.030027015762684475,0.07142857142857142,0.0,0.1864406779661017
networkbancor,0.1,0.25,0.1,0.16562279002267277,0.06680851933201772,0.14285714285714285,0.0,0.42592592592592593,0.038529381092185795,0.021472131678751935,0.01935483870967742,0.0,0.14084507042253522,0.061900817111828065,0.031995454880327664,0.05128205128205128,0.0,0.20512820512820512
networkbancor,0.1,0.25,0.25,0.17743241796702908,0.06952783155014187,0.125,0.0,0.40375586854460094,0.04118695328707818,0.022467175119059733,0.03787878787878788,0.0,0.13253012048192772,0.06618809740316138,0.033395032752169596,0.032432432432432434,0.0,0.1929824561403509
networkbancor,0.1,0.25,0.5,0.20991155243389054,0.07452001616790527,0.2,0.0,0.46296296296296297,0.048456303853662244,0.024263990220273944,0.03125,0.0,0.14124293785310735,0.0779734114992941,0.03599059320989173,0.0,0.0,0.21645021645021645
networkbancor,0.1,0.25,0.75,0.2396135699151124,0.07950311636165346,0.25,0.03125,0.48148148148148145,0.05546703415772462,0.02678315353680176,0.05,0.006896551724137931,0.15702479338842976,0.08921039776684377,0.03947591148337208,0.047058823529411764,0.011299435028248588,0.23030303030303031
networkbancor,0.1,0.25,1.0,0.27142642461097055,0.08063251578243803,0.3333333333333333,0.030303030303030304,0.5079365079365079,0.0622410066931831,0.02799545672823928,0.03636363636363636,0.006896551724137931,0.18181818181818182,0.1002755537924635,0.04095415766660225,0.08695652173913045,0.011299435028248588,0.26666666666666666
networkbancor,0.1,0.25,2.0,0.3593027203207152,0.08458932242181491,0.3333333333333333,0.06896551724137931,0.59375,0.08152452879670338,0.030656150459679208,0.07692307692307693,0.02158273381294964,0.22093023255813954,0.1316437363664623,0.044217322450340525,0.0641025641025641,0.03333333333333333,0.3220338983050848
networkbancor,0.1,0.25,3.0,0.39031913295647946,0.0928521219990716,0.5,0.0,0.65,0.0880393661349349,0.03154873869566858,0.0625,0.0,0.21487603305785125,0.14231355311182475,0.04561303410860274,0.13333333333333333,0.0,0.3151515151515151
networkbancor,0.1,0.25,5.0,0.4072449569644607,0.09780678840694813,0.5,0.047619047619047616,0.7,0.09203634701596461,0.033712982097536176,0.09090909090909091,0.012048192771084338,0.23577235772357724,0.1487164760331788,0.04865210970640489,0.1875,0.019230769230769232,0.3473053892215569
networkbancor,0.1,0.5,0,0.17879510206674493,0.06722158441330638,0.2,0.0,0.3877551020408163,0.04150502697714687,0.021725923468414225,0.02857142857142857,0.0,0.12790697674418605,0.06670665917630812,0.03217601771178244,0.05581395348837209,0.0,0.1864406779661017
networkbancor,0.1,0.5,0.1,0.18701663305233404,0.0653815420044403,0.16666666666666666,0.0,0.4,0.04328720311855491,0.02205844184809762,0.058823529411764705,0.0,0.1322314049586777,0.06960528968237278,0.03254817789005399,0.07142857142857142,0.0,0.19393939393939394
networkbancor,0.1,0.5,0.25,0.19889044829876198,0.0655235361451154,0.2,0.03125,0.39622641509433965,0.046034684314244484,0.022765091851088295,0.03125,0.007352941176470588,0.14788732394366197,0.07402039699782655,0.03342485143010581,0.06896551724137931,0.01282051282051282,0.2153846153846154
networkbancor,0.1,0.5,0.5,0.235377313980882,0.07247014612948668,0.25,0.034482758620689655,0.5,0.05432047627708133,0.025764669817456173,0.024096385542168676,0.008264462809917356,0.15503875968992248,0.08741337058553872,0.03773386232368426,0.04674457429048414,0.014814814814814815,0.23668639053254437
networkbancor,0.1,0.5,0.75,0.26187066408944154,0.07449198526547442,0.25,0.02127659574468085,0.48148148148148145,0.06007851938954361,0.026178402398079267,0.06896551724137931,0.005025125628140704,0.17355371900826447,0.0968056059893977,0.03832738388205256,0.07142857142857142,0.008130081300813007,0.2545454545454546
networkbancor,0.1,0.5,1.0,0.2845747942449765,0.07822837555079398,0.3333333333333333,0.0425531914893617,0.5,0.06506142325990442,0.027328268673461695,0.05454545454545454,0.010050251256281407,0.1744186046511628,0.10490251342723678,0.039922609267339856,0.08510638297872342,0.016260162601626015,0.25423728813559326
networkbancor,0.1,0.5,2.0,0.3649384539946448,0.08723042597124939,0.4,0.0,0.6,0.08265637166138241,0.030711885959531386,0.06896551724137931,0.0,0.20588235294117646,0.1335079804736695,0.044377408685807425,0.1092896174863388,0.0,0.2978723404255319
networkbancor,0.1,0.5,3.0,0.3922902526630884,0.09674539308718998,0.5,0.0,0.7,0.08866450811436909,0.03321255271521786,0.06521739130434782,0.0,0.22764227642276422,0.14326539783282122,0.048053236473762896,0.13043478260869565,0.0,0.33532934131736525
networkbancor,0.1,0.5,5.0,0.40772585096059843,0.09912148657935317,0.5,0.047619047619047616,0.75,0.09201198610060568,0.03345452133684175,0.1111111111111111,0.012048192771084338,0.23140495867768596,0.1487127960913834,0.048304327071233735,0.14285714285714285,0.019230769230769232,0.33939393939393936
networkbancor,0.1,0.75,0,0.20085793802536384,0.05981137437260405,0.2,0.0625,0.40625,0.046076526316729406,0.020702125323241796,0.03125,0.007874015748031496,0.13253012048192772,0.07420817129938617,0.03019430913521533,0.07692307692307693,0.014134275618374558,0.1929824561403509
networkbancor,0.1,0.75,0.1,0.21079337267310927,0.06266170235426753,0.2,0.030303030303030304,0.4126984126984127,0.04836796943590492,0.021895321247436685,0.04201680672268908,0.008130081300813009,0.14130434782608695,0.07791060289606504,0.03200340306073385,0.07692307692307693,0.012820512820512822,0.20155038759689922
networkbancor,0.1,0.75,0.25,0.2245237428184448,0.07113198421260389,0.25,0.0,0.4318181818181818,0.05169194138714256,0.024480210629100878,0.03125,0.0,0.15702479338842976,0.08321093910466376,0.035915704378704186,0.0930232558139535,0.0,0.23030303030303031
networkbancor,0.1,0.75,0.5,0.247233304999349,0.0707643948636123,0.25,0.043478260869565216,0.45,0.0567746023108574,0.024705992126162916,0.08333333333333333,0.005813953488372093,0.14213197969543148,0.091454639657615,0.0361282680451719,0.08695652173913045,0.010256410256410258,0.21538461538461542
networkbancor,0.1,0.75,0.75,0.27782352325203197,0.07444775246867749,0.25,0.0,0.48148148148148145,0.063400444820409,0.025852695431460803,0.09090909090909091,0.0,0.14728682170542637,0.10225776345628905,0.03779393520403311,0.08695652173913043,0.0,0.2251082251082251
networkbancor,0.1,0.75,1.0,0.3010558513450705,0.07813431568749694,0.3333333333333333,0.06060606060606061,0.5833333333333334,0.06874278883443098,0.028063849475975948,0.05714285714285714,0.01507537688442211,0.1956521739130435,0.11084535035657864,0.040650178776227126,0.1,0.024390243902439025,0.2790697674418605
networkbancor,0.1,0.75,2.0,0.36597334422735067,0.0874588890620965,0.3333333333333333,0.0,0.6111111111111112,0.08289492249318466,0.030978942270221556,0.058823529411764705,0.0,0.19767441860465115,0.13388820749732144,0.0447119413031626,0.0,0.0,0.28813559322033894
networkbancor,0.1,0.75,3.0,0.3945568697241353,0.09377732648801707,0.3333333333333333,0.034482758620689655,0.6590909090909091,0.08920252207884366,0.03277757812354519,0.12931034482758622,0.011904761904761904,0.2396694214876033,0.1441259597762865,0.047269795453271604,0.10714285714285714,0.017699115044247787,0.35151515151515156
networkbancor,0.1,0.75,5.0,0.40843853284881376,0.09986008488846049,0.5,0.0,0.7,0.09225344424658485,0.034064495990129,0.09090909090909091,0.0,0.2441860465116279,0.14908535630880054,0.04929848584196065,0.13043478260869565,0.0,0.35593220338983045
networkbancor,0.1,1.0,0,0.21931709001798236,0.06371263943065798,0.2,0.0,0.45,0.050330967027612465,0.022574673631207607,0.01507537688442211,0.0,0.15217391304347827,0.08108185267563901,0.03301832396467952,0.06060606060606061,0.0,0.21705426356589147
networkbancor,0.1,1.0,0.1,0.22603329507195935,0.06912772690521818,0.25,0.0,0.4166666666666667,0.05196985225644032,0.02385757689027006,0.0603448275862069,0.0,0.14084507042253522,0.08367569697531514,0.034957208183981354,0.038461538461538464,0.0,0.20512820512820512
networkbancor,0.1,1.0,0.25,0.23867760309909944,0.07148133709175768,0.25,0.0,0.44,0.0547440727782821,0.024986103128205126,0.043478260869565216,0.0,0.16279069767441862,0.08818834818342346,0.036496852852458954,0.07692307692307693,0.0,0.23728813559322032
networkbancor,0.1,1.0,0.5,0.2624987335918571,0.0703853562104313,0.25,0.047619047619047616,0.5,0.059857202941012155,0.024944170810507538,0.046511627906976744,0.012048192771084338,0.17045454545454544,0.09653625149256626,0.036216407736438916,0.05555555555555555,0.019230769230769232,0.25
networkbancor,0.1,1.0,0.75,0.2821353542204685,0.07266457226573812,0.25,0.034482758620689655,0.4603174603174603,0.06429788164322119,0.0259354746364471,0.058823529411764705,0.011904761904761904,0.16901408450704225,0.10372218011514882,0.03763315035357865,0.1,0.017699115044247787,0.24615384615384614
networkbancor,0.1,1.0,1.0,0.30891306560996074,0.07974110588496186,0.3333333333333333,0.0,0.65,0.07029626483733975,0.02808964513014775,0.05714285714285714,0.0,0.18181818181818182,0.11342181366689515,0.040688531824624195,0.08,0.0,0.26666666666666666
networkbancor,0.1,1.0,2.0,0.3675648814801872,0.08594873410497125,0.3333333333333333,0.034482758620689655,0.65,0.08325197474053025,0.030478139723382387,0.07079646017699115,0.011904761904761904,0.20930232558139536,0.13447133524120244,0.04391090677172041,0.1,0.017699115044247787,0.30508474576271183
networkbancor,0.1,1.0,3.0,0.3929854545735633,0.09248209543056525,0.4,0.047619047619047616,0.6136363636363636,0.08887519417447452,0.032344063985586924,0.058823529411764705,0.012048192771084338,0.2231404958677686,0.14359596821239146,0.04667940849472922,0.13333333333333333,0.019230769230769232,0.32727272727272727
networkbancor,0.1,1.0,5.0,0.4099228813330186,0.10129741977917417,0.5,0.034482758620689655,0.7142857142857143,0.0924716973765653,0.03374028649216524,0.0703125,0.010050251256281407,0.23255813953488372,0.14946499215687892,0.04885773051164168,0.13043478260869565,0.016260162601626015,0.33898305084745767
networkbancor,0.1,2.0,0,0.2532260498965591,0.06930175036097312,0.25,0.034482758620689655,0.5227272727272727,0.057840071572448304,0.024700442448557455,0.058823529411764705,0.011904761904761904,0.19008264462809918,0.09324773846305622,0.035831138816117686,0.10526315789473684,0.017699115044247787,0.2787878787878788
networkbancor,0.1,2.0,0.1,0.2594508932874198,0.07063300826215599,0.2857142857142857,0.030303030303030304,0.5,0.05896885059702913,0.02381098934707399,0.058823529411764705,0.008130081300813009,0.15217391304347827,0.09515669041307279,0.03465129664170735,0.06010016694490818,0.012820512820512822,0.2181818181818182
networkbancor,0.1,2.0,0.25,0.268668568099132,0.07529623248989498,0.3333333333333333,0.034482758620689655,0.5555555555555556,0.061122228765205566,0.025439611407754952,0.046511627906976744,0.010050251256281407,0.19008264462809918,0.09861350713479507,0.03708472345329103,0.08695652173913045,0.016260162601626015,0.2787878787878788
networkbancor,0.1,2.0,0.5,0.28592608608139997,0.07839316130372194,0.25,0.034482758620689655,0.47619047619047616,0.0653544408375586,0.028355497017805976,0.043478260869565216,0.011904761904761904,0.18478260869565216,0.10533444428964368,0.04104770654546554,0.08588957055214724,0.017699115044247787,0.2635658914728682
networkbancor,0.1,2.0,0.75,0.29845563076303583,0.07877060613125011,0.25,0.06896551724137931,0.5740740740740741,0.06820108407412065,0.028645518647675023,0.061016949152542375,0.020316027088036117,0.19008264462809918,0.10995688887052432,0.041541435489563884,0.09523809523809523,0.03305785123966942,0.2787878787878788
networkbancor,0.1,2.0,1.0,0.31560542988743195,0.07785599494442261,0.3333333333333333,0.06382978723404255,0.5454545454545454,0.07195659110648284,0.029013810459185316,0.06451612903225806,0.01507537688442211,0.19834710743801653,0.11606328590144635,0.041781114850305084,0.08695652173913043,0.024390243902439025,0.2909090909090909
networkbancor,0.1,2.0,2.0,0.36410719149756926,0.08853560989329573,0.3333333333333333,0.0,0.65,0.08242381926975029,0.030793800524620992,0.06451612903225806,0.0,0.19834710743801653,0.1331350097241015,0.04448450268189339,0.1092896174863388,0.0,0.2909090909090909
networkbancor,0.1,2.0,3.0,0.39480204568467936,0.09518423534970506,0.5,0.047619047619047616,0.7142857142857143,0.08917595317307218,0.03259011314586493,0.12121212121212122,0.012048192771084338,0.2231404958677686,0.1441044480588243,0.04705008602535103,0.13333333333333333,0.019230769230769232,0.32727272727272727
networkbancor,0.1,2.0,5.0,0.412762050184318,0.09986955756951245,0.3333333333333333,0.034482758620689655,0.7142857142857143,0.0930319300468009,0.03343373443969981,0.09302325581395349,0.011904761904761904,0.23140495867768596,0.15039914186255587,0.04831793429623264,0.13333333333333333,0.017699115044247787,0.33939393939393936
networkbancor,0.1,3.0,0,0.24299878845356088,0.08396636817835798,0.14285714285714285,0.0425531914893617,0.4772727272727273,0.055545735520011005,0.027696468075472273,0.058823529411764705,0.010050251256281407,0.17391304347826086,0.08949287603665668,0.04070788455851367,0.07692307692307691,0.016260162601626015,0.2545454545454546
networkbancor,0.1,3.0,0.1,0.24928165342641762,0.0851570169185222,0.2,0.034482758620689655,0.5454545454545454,0.056886092391349355,0.02764024758763604,0.08620689655172414,0.011904761904761904,0.19834710743801653,0.09169750126282625,0.04072182833753162,0.043243243243243246,0.017699115044247787,0.2909090909090909
networkbancor,0.1,3.0,0.25,0.25724068400469063,0.08757235244751797,0.25,0.034482758620689655,0.5227272727272727,0.058529340599689124,0.027851095159590496,0.02857142857142857,0.011904761904761904,0.19008264462809918,0.09441581651436304,0.041186473802692025,0.125,0.017699115044247787,0.2787878787878788
networkbancor,0.1,3.0,0.5,0.2692243168718961,0.0859112838615289,0.3333333333333333,0.034482758620689655,0.5454545454545454,0.06127659891257268,0.028196582060634218,0.0625,0.011904761904761904,0.19834710743801653,0.09883952029681146,0.041416079622849995,0.066006600660066,0.017699115044247787,0.2909090909090909
networkbancor,0.1,3.0,0.75,0.2776226392364396,0.08926909534565747,0.25925925925925924,0.034482758620689655,0.5454545454545454,0.0632570659609461,0.029227703418388616,0.07692307692307693,0.011904761904761904,0.19834710743801653,0.10202319234549605,0.04300959414124128,0.125,0.017699115044247787,0.2909090909090909
networkbancor,0.1,3.0,1.0,0.2922318959978492,0.09212598326911291,0.25,0.034482758620689655,0.5909090909090909,0.06617249714938356,0.028843179543298014,0.046511627906976744,0.011904761904761904,0.21487603305785125,0.10685584100043184,0.04257163565260769,0.125,0.017699115044247787,0.3151515151515151
networkbancor,0.1,3.0,2.0,0.3390539306973781,0.09671003433557235,0.3333333333333333,0.0,0.6590909090909091,0.07689763718378494,0.03248177305917666,0.07142857142857142,0.0,0.2396694214876033,0.12415670407287512,0.04746796289320377,0.08759124087591241,0.0,0.35151515151515156
networkbancor,0.1,3.0,3.0,0.3731556021526409,0.0972365090846294,0.3333333333333333,0.047619047619047616,0.6363636363636364,0.08442164545660914,0.032671831497452446,0.07692307692307693,0.012048192771084338,0.23140495867768596,0.13639157434694218,0.047603015206840404,0.14285714285714285,0.019230769230769232,0.33939393939393936
networkbancor,0.1,3.0,5.0,0.4011023641042214,0.09928755337279677,0.5,0.034482758620689655,0.7,0.09065078679392165,0.03390549131387578,0.07692307692307693,0.011904761904761904,0.2396694214876033,0.14646893068641026,0.049024458262483,0.11538461538461539,0.017699115044247787,0.35151515151515156
networkbancor,0.1,5.0,0,0.16439889146748177,0.07340966319439464,0.2,0.0,0.40540540540540543,0.03761523122580006,0.021976106171314302,0.047619047619047616,0.0,0.16304347826086957,0.06057457856257974,0.03283736891759654,0.07142857142857142,0.0,0.23255813953488372
networkbancor,0.1,5.0,0.1,0.1701657069761574,0.0756989898053949,0.25,0.0,0.4444444444444444,0.038755645710151554,0.02168934375238334,0.034482758620689655,0.0,0.15217391304347827,0.06247487353312193,0.032645195770549584,0.05128205128205128,0.0,0.21705426356589147
networkbancor,0.1,5.0,0.25,0.1737576325582657,0.07977806263031001,0.16666666666666666,0.0,0.4444444444444444,0.03973314863964162,0.023625578008239646,0.045454545454545456,0.0,0.16304347826086957,0.06398090200171165,0.03535094151581515,0.0,0.0,0.23255813953488372
networkbancor,0.1,5.0,0.5,0.1788500425170805,0.08172768570944719,0.16666666666666666,0.03125,0.45,0.04085746254838637,0.02372356179484281,0.025210084033613446,0.0064516129032258064,0.16304347826086957,0.06581012010406352,0.035568818465777495,0.06134969325153374,0.0106951871657754,0.23255813953488372
networkbancor,0.1,5.0,0.75,0.1885390216435455,0.08522287045295765,0.25,0.0,0.55,0.04316483479416325,0.02500988022751104,0.03333333333333333,0.0,0.15217391304347827,0.069513064704416,0.0375632259045532,0.01092896174863388,0.0,0.2181818181818182
networkbancor,0.1,5.0,1.0,0.19018627435339944,0.0861060990316315,0.2,0.030303030303030304,0.5454545454545454,0.04358950270743889,0.025967623955789124,0.038461538461538464,0.006211180124223602,0.19834710743801653,0.07016342972109468,0.038754494343515314,0.0353356890459364,0.010309278350515464,0.2909090909090909
networkbancor,0.1,5.0,2.0,0.21279691078633048,0.09573949120008639,0.3333333333333333,0.034482758620689655,0.5714285714285714,0.04842307182320819,0.027187324586810533,0.03125,0.00816326530612245,0.18181818181818182,0.07806479947177287,0.040933844168018596,0.03005008347245409,0.014234875444839859,0.26666666666666666
networkbancor,0.1,5.0,3.0,0.2395881435127259,0.10975303019312344,0.2,0.0,0.6,0.054792250182169794,0.03228565408010471,0.07142857142857142,0.0,0.19008264462809918,0.08824643353087924,0.048494807415484634,0.05521472392638037,0.0,0.2787878787878788
networkbancor,0.1,5.0,5.0,0.2938027042845213,0.12269519690849172,0.25,0.034482758620689655,0.65,0.06695846852774802,0.03638317309845271,0.08333333333333333,0.011904761904761904,0.2231404958677686,0.10794757460131367,0.05449098734847942,0.13043478260869565,0.017699115044247787,0.32727272727272727
networkbancor,0.25,0,0,0.13126767461936667,0.0627540738795172,0.0,0.0,0.4084507042253521,0.03082478689056354,0.019426850712951138,0.0,0.0,0.116751269035533,0.04941274283269892,0.029078690227156707,0.0,0.0,0.1769230769230769
networkbancor,0.25,0,0.1,0.14168628504835934,0.06601070413557437,0.125,0.0,0.39906103286384975,0.033319095013292055,0.02048492946524216,0.0,0.0,0.14084507042253522,0.05340499418807135,0.030629921204225523,0.0,0.0,0.20512820512820512
networkbancor,0.25,0,0.25,0.15548484180172048,0.06719307537639854,0.14285714285714285,0.0,0.40375586854460094,0.03656687725214704,0.021505816539345572,0.021739130434782608,0.0,0.116751269035533,0.058622228481000765,0.03201728380297789,0.038461538461538464,0.0,0.1769230769230769
networkbancor,0.25,0,0.5,0.18080323541687557,0.06924707551408,0.16666666666666666,0.0,0.49206349206349204,0.04190457755498498,0.022424955181376376,0.03225806451612903,0.0,0.15736040609137056,0.06737802492939465,0.03338666621910141,0.07692307692307693,0.0,0.23846153846153847
networkbancor,0.25,0,0.75,0.21126017865973182,0.06993738055210787,0.16666666666666666,0.02127659574468085,0.4186046511627907,0.048850061089654666,0.02409271934329749,0.08333333333333333,0.005025125628140704,0.13953488372093023,0.0785810804774029,0.035505805845826174,0.038461538461538464,0.008130081300813007,0.20338983050847456
networkbancor,0.25,0,1.0,0.24351838794050215,0.07368340683592181,0.2,0.034482758620689655,0.46153846153846156,0.05599199506112919,0.02546752649905257,0.08620689655172414,0.011904761904761904,0.1568627450980392,0.09015881724103854,0.03730399718668286,0.07692307692307693,0.017699115044247787,0.22695035460992907
networkbancor,0.25,0,2.0,0.34845069997620565,0.08887017568382417,0.3333333333333333,0.034482758620689655,0.6296296296296297,0.07947766818795467,0.03212802729811207,0.06779661016949153,0.011904761904761904,0.22093023255813954,0.12820894264871374,0.046554999327541355,0.1111111111111111,0.017699115044247787,0.3220338983050848
networkbancor,0.25,0,3.0,0.3901947469270484,0.09405582064245141,0.4,0.0,0.625,0.08817539180927664,0.03276798427197135,0.09090909090909091,0.0,0.23255813953488372,0.14247208276159803,0.04726837839723531,0.13953488372093023,0.0,0.33898305084745767
networkbancor,0.25,0,5.0,0.41871581085557186,0.10029509768349243,0.5,0.034482758620689655,0.7142857142857143,0.09469662821011672,0.034853088565342694,0.07692307692307693,0.011904761904761904,0.24390243902439024,0.15299306282593853,0.05026779269402711,0.13114754098360654,0.017699115044247787,0.3592814371257485
networkbancor,0.25,0.1,0,0.14040069649873954,0.060995491227403074,0.125,0.0,0.37089201877934275,0.03295496115830189,0.01946833482239169,0.034482758620689655,0.0,0.10843373493975904,0.05284980346132917,0.02903200868896048,0.024539877300613498,0.0,0.15789473684210525
networkbancor,0.25,0.1,0.1,0.150694848031922,0.06075126022774455,0.14285714285714285,0.0,0.38028169014084506,0.03513303301862509,0.019346873231316026,0.0,0.0,0.11299435028248588,0.05641502825637935,0.028820901611345266,0.0,0.0,0.17316017316017315
networkbancor,0.25,0.1,0.25,0.16125710877459265,0.06240358861412062,0.16666666666666666,0.0,0.39436619718309857,0.03746016061563463,0.01998242801825987,0.029411764705882353,0.0,0.12048192771084337,0.060198804578693484,0.029775017863552,0.0625,0.0,0.17543859649122806
networkbancor,0.25,0.1,0.5,0.18703503472082075,0.0672964668824662,0.2,0.0,0.39906103286384975,0.043560340048599835,0.02237110202402086,0.029411764705882353,0.0,0.12048192771084337,0.06999498707298484,0.03318708013513002,0.07017543859649122,0.0,0.1775147928994083
networkbancor,0.25,0.1,0.75,0.22378416522056896,0.07685267260087794,0.25,0.0,0.5,0.05173521357812345,0.02622071325077072,0.045454545454545456,0.0,0.18181818181818182,0.0832045610256927,0.03856045427156872,0.06451612903225806,0.0,0.26666666666666666
networkbancor,0.25,0.1,1.0,0.25294738967684954,0.07713461521084852,0.25,0.0,0.4807692307692308,0.05825553326883163,0.027138332744514507,0.03389830508474576,0.0,0.16279069767441862,0.09377098300555115,0.03971819390423418,0.0,0.0,0.23728813559322032
networkbancor,0.25,0.1,2.0,0.3543730754901944,0.08756894077057409,0.3333333333333333,0.0,0.6428571428571429,0.08044061200450033,0.03085158912311362,0.09090909090909091,0.0,0.19008264462809918,0.12987039645822737,0.044645791910402764,0.13333333333333333,0.0,0.2787878787878788
networkbancor,0.25,0.1,3.0,0.3930534098015971,0.0965991216718729,0.5,0.0,0.7142857142857143,0.08890305478315563,0.033711455702149916,0.1,0.0,0.23255813953488372,0.14361225410150144,0.04858587608354755,0.1,0.0,0.33939393939393936
networkbancor,0.25,0.1,5.0,0.4173825137679454,0.10025261999957633,0.5,0.034482758620689655,0.7,0.09431725681924684,0.03444281688962846,0.08461538461538462,0.011904761904761904,0.22093023255813954,0.15241314865741876,0.04979639288761111,0.13333333333333333,0.017699115044247787,0.32335329341317365
networkbancor,0.25,0.25,0,0.14703839169477315,0.06530730072900114,0.14285714285714285,0.0,0.4074074074074074,0.03459643176147706,0.020598345896264064,0.034482758620689655,0.0,0.12429378531073447,0.055471519328032425,0.030850535647861024,0.0,0.0,0.19047619047619047
networkbancor,0.25,0.25,0.1,0.15992964259100317,0.06765860289978753,0.16666666666666666,0.0,0.4,0.03739578193394677,0.021669971092054728,0.030303030303030304,0.0,0.12790697674418605,0.0600116705280497,0.032292905432048956,0.0,0.0,0.1893491124260355
networkbancor,0.25,0.25,0.25,0.17893904200312719,0.0639188542569349,0.14285714285714285,0.02564102564102564,0.4225352112676056,0.041591747986110233,0.020673675268611223,0.030303030303030304,0.004424778761061947,0.11570247933884298,0.06685572868897825,0.030759428781938256,0.035398230088495575,0.007547169811320755,0.16969696969696968
networkbancor,0.25,0.25,0.5,0.20979093898890214,0.06965228292840585,0.25,0.03571428571428571,0.4090909090909091,0.04848653747695398,0.024053872266906237,0.03125,0.0064516129032258064,0.1487603305785124,0.07797516171244039,0.03525701290594474,0.0353356890459364,0.01092896174863388,0.2181818181818182
networkbancor,0.25,0.25,0.75,0.23657606496909436,0.07490086939902864,0.25,0.034482758620689655,0.46875,0.054482978503023104,0.02542319027968893,0.06060606060606061,0.011811023622047244,0.15217391304347827,0.08770902669650274,0.03733790611026475,0.1,0.017699115044247787,0.22099447513812157
networkbancor,0.25,0.25,1.0,0.26917087845379384,0.07816350687725587,0.2,0.02127659574468085,0.5227272727272727,0.06169014715135552,0.027451843766439134,0.07692307692307693,0.005025125628140704,0.19008264462809918,0.09938575030155632,0.03996346503377824,0.05128205128205128,0.008130081300813007,0.2787878787878788
networkbancor,0.25,0.25,2.0,0.35896622806068407,0.08649111673400928,0.3333333333333333,0.0,0.6190476190476191,0.08153039793376195,0.031211196696227198,0.0625,0.0,0.2066115702479339,0.1316140879257848,0.04505888414230736,0.1,0.0,0.30303030303030304
networkbancor,0.25,0.25,3.0,0.3890869174050796,0.09581635323613999,0.5,0.0,0.625,0.08795585151212804,0.03282625664980788,0.125,0.0,0.23255813953488372,0.1421071439595256,0.047481792058632205,0.07773851590106008,0.0,0.33898305084745767
networkbancor,0.25,0.25,5.0,0.4190040330566226,0.09896709713027692,0.5,0.06382978723404255,0.7,0.09474937318464856,0.03455853323675855,0.09090909090909091,0.01507537688442211,0.2323943661971831,0.15309903432219016,0.04992514591997989,0.1111111111111111,0.024390243902439025,0.33939393939393936
networkbancor,0.25,0.5,0,0.17381061435477738,0.0659011253383532,0.2,0.030303030303030304,0.4131455399061033,0.04032222472819059,0.02177397738831163,0.03225806451612903,0.007692307692307693,0.12048192771084337,0.06479707783810874,0.032244795153251515,0.05128205128205128,0.012269938650306749,0.17721518987341775
networkbancor,0.25,0.5,0.1,0.17922664914429542,0.06354457193527398,0.16666666666666666,0.0,0.38967136150234744,0.04168273024864697,0.02111989271220931,0.030508474576271188,0.0,0.1267605633802817,0.06697265204197544,0.031243413655902278,0.032786885245901634,0.0,0.18461538461538463
networkbancor,0.25,0.5,0.25,0.2007040844496171,0.0656485779307191,0.16666666666666666,0.047619047619047616,0.46511627906976744,0.04644079541338489,0.022800593482667563,0.03389830508474576,0.011406844106463879,0.14492753623188406,0.07467761806653148,0.03348300289792801,0.038461538461538464,0.019230769230769232,0.22099447513812157
networkbancor,0.25,0.5,0.5,0.22777726904318718,0.07098984554540695,0.21428571428571427,0.034482758620689655,0.46296296296296297,0.052519880172373155,0.024611936718620622,0.0425531914893617,0.003937007874015748,0.14772727272727273,0.0845377416622379,0.036134590292719156,0.07142857142857142,0.007067137809187279,0.2166666666666667
networkbancor,0.25,0.5,0.75,0.2645786196028753,0.07474433059814868,0.25,0.034482758620689655,0.5,0.06069573035983619,0.027166113273785163,0.043478260869565216,0.011627906976744186,0.18627450980392157,0.09777765445123336,0.039460755080285397,0.0875,0.017699115044247787,0.2711864406779661
networkbancor,0.25,0.5,1.0,0.2863028321357855,0.0778383289709824,0.3333333333333333,0.034482758620689655,0.5370370370370371,0.06521518385110671,0.0271315715721976,0.0625,0.011904761904761904,0.17391304347826086,0.1052004040500133,0.03947758048904442,0.06451612903225806,0.017699115044247787,0.251082251082251
networkbancor,0.25,0.5,2.0,0.3678319429554222,0.08983906905413472,0.3333333333333333,0.034482758620689655,0.6363636363636364,0.08351940354063911,0.03232623690812038,0.09090909090909091,0.010050251256281407,0.23140495867768596,0.1348362484005007,0.04669119022309121,0.10714285714285714,0.016260162601626015,0.33939393939393936
networkbancor,0.25,0.5,3.0,0.39584099425445024,0.09823936470729328,0.42857142857142855,0.047619047619047616,0.7,0.08955235100578181,0.03364027749448451,0.1111111111111111,0.012048192771084338,0.2396694214876033,0.14467513289677023,0.04871303913464286,0.11538461538461539,0.019230769230769232,0.35151515151515156
networkbancor,0.25,0.5,5.0,0.4169994776080288,0.09785583628492155,0.5,0.034482758620689655,0.6818181818181818,0.0942814693049326,0.03440278520850115,0.09090909090909091,0.011904761904761904,0.24793388429752067,0.15234376315373338,0.0496223788560448,0.13114754098360654,0.017699115044247787,0.36363636363636365
networkbancor,0.25,0.75,0,0.19808441198527169,0.06512050903465816,0.16666666666666666,0.06382978723404255,0.41379310344827586,0.04604627370696215,0.022562880104163522,0.020689655172413793,0.00980392156862745,0.12048192771084337,0.0740013099160821,0.033207559960777976,0.05128205128205128,0.017021276595744685,0.1794871794871795
networkbancor,0.25,0.75,0.1,0.20964569036876332,0.06395697566184651,0.25,0.047619047619047616,0.3968253968253968,0.04811424630341293,0.021929246060091084,0.03225806451612903,0.012048192771084338,0.13253012048192772,0.07749063602732334,0.032129905444228404,0.05,0.019230769230769232,0.19393939393939394
networkbancor,0.25,0.75,0.25,0.2253681296283456,0.07117649567489233,0.25,0.034482758620689655,0.46875,0.05193900079878102,0.02457238782013294,0.08333333333333333,0.008264462809917356,0.1652892561983471,0.08358326939196346,0.0359588914580808,0.06382978723404255,0.014814814814814815,0.24242424242424243
networkbancor,0.25,0.75,0.5,0.24986342527289998,0.06993384479564377,0.25,0.034482758620689655,0.47619047619047616,0.05716338399814162,0.02447922473469089,0.05555555555555555,0.011904761904761904,0.15228426395939088,0.09214525255455612,0.03573769510431013,0.038461538461538464,0.017699115044247787,0.23076923076923075
networkbancor,0.25,0.75,0.75,0.27002092930054555,0.07581894959542862,0.3333333333333333,0.0,0.5185185185185185,0.0619201153862547,0.02771321860816732,0.06060606060606061,0.0,0.1744186046511628,0.09973619557209713,0.040141005877651584,0.06611570247933884,0.0,0.25423728813559326
networkbancor,0.25,0.75,1.0,0.29379039109922167,0.07458689997559172,0.3333333333333333,0.0,0.5681818181818182,0.06700652091609188,0.027704350351327022,0.05,0.0,0.2066115702479339,0.10805971359893052,0.03997563991186163,0.13043478260869565,0.0,0.30303030303030304
networkbancor,0.25,0.75,2.0,0.3684225070803245,0.08896161136230021,0.4,0.047619047619047616,0.59375,0.0835738049718002,0.03156735051673801,0.052083333333333336,0.012048192771084338,0.2066115702479339,0.1349562723402188,0.045710917942199204,0.1276595744680851,0.019230769230769232,0.30303030303030304
networkbancor,0.25,0.75,3.0,0.39890105836144363,0.09632451748395861,0.5,0.034482758620689655,0.7,0.09023636946587892,0.03333966828197113,0.08333333333333333,0.011904761904761904,0.23255813953488372,0.1457833312046148,0.048180772900360234,0.13333333333333333,0.017699115044247787,0.33898305084745767
networkbancor,0.25,0.75,5.0,0.4210915015796654,0.10047591433838775,0.5,0.047619047619047616,0.7142857142857143,0.09515278796615965,0.03445289185058119,0.09090909090909091,0.012048192771084338,0.2396694214876033,0.15376238616376878,0.04973569910004242,0.15384615384615385,0.019230769230769232,0.35151515151515156
networkbancor,0.25,1.0,0,0.21705748053337928,0.06603069970161746,0.2,0.06896551724137931,0.45,0.04983192278340264,0.02280115055438312,0.03225806451612903,0.011857707509881422,0.1487603305785124,0.08026009069399355,0.03342344983539832,0.043795620437956206,0.020689655172413793,0.2181818181818182
networkbancor,0.25,1.0,0.1,0.22334239384215832,0.06536895708153755,0.25,0.06382978723404255,0.4131455399061033,0.05130095716707325,0.023034244011828853,0.038461538461538464,0.014285714285714285,0.14049586776859505,0.0826112406046023,0.033591901169330945,0.08695652173913043,0.024390243902439025,0.20606060606060608
networkbancor,0.25,1.0,0.25,0.24322630558356045,0.06957353042472689,0.25,0.034482758620689655,0.4594594594594595,0.055889007518431344,0.024697339572381776,0.03875968992248062,0.011904761904761904,0.18478260869565216,0.09001611492120785,0.03597191847075107,0.05128205128205128,0.017699115044247787,0.2635658914728682
networkbancor,0.25,1.0,0.5,0.2628619508331222,0.0713284212809768,0.25,0.030303030303030304,0.4716981132075472,0.06027068578054946,0.026591368315516267,0.043478260869565216,0.008130081300813009,0.176056338028169,0.09709574712291841,0.038501712817293365,0.07692307692307693,0.012820512820512822,0.25641025641025644
networkbancor,0.25,1.0,0.75,0.27983549430084387,0.07242731770594509,0.25,0.0,0.5,0.06382914630785928,0.025959448259071382,0.049723756906077346,0.0,0.16666666666666666,0.10295026048152255,0.037646034946694516,0.1,0.0,0.24113475177304963
networkbancor,0.25,1.0,1.0,0.3061141836266661,0.07713446828369254,0.3333333333333333,0.0,0.5416666666666666,0.06976709393603317,0.02819082813690592,0.058823529411764705,0.0,0.1956521739130435,0.11252348065648907,0.040664707123601096,0.125,0.0,0.2790697674418605
networkbancor,0.25,1.0,2.0,0.36804570789197166,0.08844339276939825,0.3333333333333333,0.034482758620689655,0.5932203389830508,0.08332581991521307,0.030938691461744168,0.08571428571428572,0.011904761904761904,0.2066115702479339,0.1345938904789023,0.04462639179983418,0.1092896174863388,0.017699115044247787,0.30303030303030304
networkbancor,0.25,1.0,3.0,0.3995175820176381,0.09580970650163075,0.5,0.0,0.7,0.09037722147441814,0.03317032161840368,0.07692307692307693,0.0,0.23140495867768596,0.14600730437493467,0.047887009918764156,0.16216216216216214,0.0,0.33939393939393936
networkbancor,0.25,1.0,5.0,0.4210884202841455,0.09867556558860648,0.5,0.0,0.7,0.09522176893088724,0.034890481353744895,0.1,0.0,0.24793388429752067,0.1538400253068059,0.050163093370742304,0.09411764705882353,0.0,0.36363636363636365
networkbancor,0.25,2.0,0,0.24964786850822812,0.07111853305911629,0.25,0.0,0.4583333333333333,0.057039805056189725,0.025076221615883642,0.06382978723404255,0.0,0.16304347826086957,0.09194847785811262,0.03648672763388244,0.06030150753768844,0.0,0.23255813953488372
networkbancor,0.25,2.0,0.1,0.26335322253186005,0.07147616305707796,0.25,0.06896551724137931,0.5,0.06029628654229082,0.02584358608815605,0.043478260869565216,0.017045454545454544,0.17355371900826447,0.0971631221196229,0.03748432013692029,0.0923076923076923,0.02898550724637681,0.2545454545454546
networkbancor,0.25,2.0,0.25,0.2690076045107327,0.07549948311646094,0.3333333333333333,0.0,0.5,0.06145111277333878,0.02642387872194888,0.03125,0.0,0.18181818181818182,0.09907401361194978,0.03851668806787876,0.1,0.0,0.26666666666666666
networkbancor,0.25,2.0,0.5,0.2830873204218338,0.07316125823342165,0.3333333333333333,0.0,0.5227272727272727,0.06448756038542446,0.02592454501771003,0.046511627906976744,0.0,0.19008264462809918,0.1040197835621933,0.03748762003390977,0.0641025641025641,0.0,0.2787878787878788
networkbancor,0.25,2.0,0.75,0.30278105087573265,0.07602811338959349,0.3333333333333333,0.034482758620689655,0.5454545454545454,0.06905380987515208,0.027730363969863003,0.06779661016949153,0.011904761904761904,0.19834710743801653,0.11137485970296827,0.040041421953680795,0.07729468599033816,0.017699115044247787,0.2909090909090909
networkbancor,0.25,2.0,1.0,0.314244284657234,0.0802763403946713,0.3333333333333333,0.047619047619047616,0.6,0.07135890148478347,0.02761361469334588,0.058823529411764705,0.012048192771084338,0.18181818181818182,0.11518366258192166,0.04001961613448743,0.08695652173913043,0.019230769230769232,0.26666666666666666
networkbancor,0.25,2.0,2.0,0.36942845175634803,0.08868557628689208,0.3333333333333333,0.034482758620689655,0.6,0.08370635466285202,0.03125915822125317,0.058823529411764705,0.011904761904761904,0.21487603305785125,0.1351914885791274,0.045144129319598825,0.09411764705882353,0.017699115044247787,0.3151515151515151
networkbancor,0.25,2.0,3.0,0.3979710367951955,0.09322681572148599,0.5,0.0,0.7,0.0900165765745652,0.03310296326769668,0.08461538461538462,0.0,0.23255813953488372,0.14542906978668854,0.04766418260269709,0.1111111111111111,0.0,0.33898305084745767
networkbancor,0.25,2.0,5.0,0.42137008610573806,0.09994166207287125,0.5,0.047619047619047616,0.7,0.09513768412156569,0.03420525513866012,0.08461538461538462,0.012048192771084338,0.23255813953488372,0.1537672000564263,0.04943716332813576,0.13953488372093023,0.019230769230769232,0.33939393939393936
networkbancor,0.25,3.0,0,0.2684998522043772,0.07159231756380002,0.25,0.034482758620689655,0.5,0.06119823161104132,0.025295509707303335,0.045454545454545456,0.011904761904761904,0.17355371900826447,0.09870958899558989,0.03670724342264383,0.1,0.017699115044247787,0.2545454545454546
networkbancor,0.25,3.0,0.1,0.2740314217581828,0.07093301817381541,0.25,0.034482758620689655,0.5,0.062460001646787694,0.025487331084840806,0.06779661016949153,0.011904761904761904,0.18181818181818182,0.10073101811138693,0.0368324717904653,0.07142857142857142,0.017699115044247787,0.26666666666666666
networkbancor,0.25,3.0,0.25,0.28211537525479985,0.07318393981007276,0.3333333333333333,0.034482758620689655,0.5227272727272727,0.06393207503450145,0.025327478516726204,0.07142857142857142,0.011904761904761904,0.19008264462809918,0.10322640274402847,0.03666826477472094,0.06557377049180327,0.017699115044247787,0.2787878787878788
networkbancor,0.25,3.0,0.5,0.29587687008289526,0.07546301360411484,0.3333333333333333,0.0,0.5227272727272727,0.06711306976791782,0.02635641227991265,0.0625,0.0,0.19008264462809918,0.10835116690042743,0.03814975838251528,0.07692307692307693,0.0,0.2787878787878788
networkbancor,0.25,3.0,0.75,0.30372732853925793,0.0765815491828637,0.3333333333333333,0.06896551724137931,0.5227272727272727,0.06896723443441272,0.026976050455917912,0.04519774011299435,0.021505376344086023,0.19008264462809918,0.1113272472142743,0.03906292584005271,0.10256410256410256,0.03305785123966942,0.2787878787878788
networkbancor,0.25,3.0,1.0,0.3174647158157302,0.07771454769986472,0.3333333333333333,0.047619047619047616,0.55,0.07225920873511524,0.028261118359801312,0.05454545454545454,0.012048192771084338,0.19834710743801653,0.11659303935441702,0.04078593787283901,0.13043478260869565,0.019230769230769232,0.2909090909090909
networkbancor,0.25,3.0,2.0,0.36623443563324776,0.08768218451302749,0.3333333333333333,0.034482758620689655,0.6136363636363636,0.0830544695229065,0.03140738263470224,0.06779661016949153,0.011904761904761904,0.2231404958677686,0.13410790075223625,0.04523124736998792,0.1111111111111111,0.017699115044247787,0.32727272727272727
networkbancor,0.25,3.0,3.0,0.39527875849708694,0.09236151386459573,0.5,0.0,0.6818181818181818,0.0894844258616976,0.03303902258356224,0.09090909090909091,0.0,0.24793388429752067,0.14456123302473978,0.04764971301959186,0.13043478260869565,0.0,0.36363636363636365
networkbancor,0.25,3.0,5.0,0.423972891914447,0.09927581206296214,0.5,0.0,0.7,0.09575066000449484,0.03426126235760643,0.09090909090909091,0.0,0.23140495867768596,0.15475944607221775,0.04953172948763341,0.18181818181818182,0.0,0.33939393939393936
networkbancor,0.25,5.0,0,0.24327912622959966,0.09176865057356277,0.3333333333333333,0.0,0.5227272727272727,0.055335726194596035,0.028134589688080677,0.045454545454545456,0.0,0.19008264462809918,0.08925095229757786,0.0418673309144894,0.07017543859649122,0.0,0.2787878787878788
networkbancor,0.25,5.0,0.1,0.2468673468727744,0.09137308067959667,0.3333333333333333,0.034482758620689655,0.5681818181818182,0.05611004030361673,0.02797457119310957,0.045454545454545456,0.011904761904761904,0.2066115702479339,0.09052646157278793,0.04165893406629603,0.08695652173913043,0.017699115044247787,0.30303030303030304
networkbancor,0.25,5.0,0.25,0.25256377350006654,0.0927789039400043,0.3333333333333333,0.034482758620689655,0.5454545454545454,0.05750562323012594,0.028896877598608473,0.06896551724137931,0.011904761904761904,0.19834710743801653,0.09274438464119802,0.04294373551983923,0.08695652173913043,0.017699115044247787,0.2909090909090909
networkbancor,0.25,5.0,0.5,0.2626686490242796,0.09365759080299951,0.3333333333333333,0.0,0.525,0.059710608000664196,0.02916242480234442,0.06779661016949153,0.0,0.19008264462809918,0.09631696108420816,0.043204882678707146,0.0594059405940594,0.0,0.2787878787878788
networkbancor,0.25,5.0,0.75,0.2661563866548417,0.09623097234848997,0.375,0.034482758620689655,0.5454545454545454,0.06042750580622992,0.02983858710078016,0.046511627906976744,0.011904761904761904,0.19834710743801653,0.09750326355236467,0.044303961029081726,0.07692307692307693,0.017699115044247787,0.2909090909090909
networkbancor,0.25,5.0,1.0,0.2767173944484195,0.09707488708067318,0.25,0.034482758620689655,0.5681818181818182,0.06305415529442,0.030973482446089648,0.07692307692307693,0.011904761904761904,0.2066115702479339,0.10167328532501282,0.04575429709586817,0.0546448087431694,0.017699115044247787,0.30303030303030304
networkbancor,0.25,5.0,2.0,0.312158453587615,0.10420595970255025,0.3333333333333333,0.06896551724137931,0.6,0.0708399677936553,0.03292511031875642,0.058823529411764705,0.02040816326530612,0.21487603305785125,0.11432764285809263,0.04861663731281282,0.09592326139088729,0.033633633633633635,0.3151515151515151
networkbancor,0.25,5.0,3.0,0.34531447641232305,0.10971776641231437,0.5,0.034482758620689655,0.6136363636363636,0.07826389769405905,0.03464873622042657,0.07692307692307693,0.011904761904761904,0.2231404958677686,0.12637221485999636,0.05118958912309105,0.09411764705882353,0.017699115044247787,0.32727272727272727
networkbancor,0.25,5.0,5.0,0.39468026978679904,0.1107002141806448,0.5,0.034482758620689655,0.6590909090909091,0.08917780205054467,0.03592687064163929,0.09090909090909091,0.011904761904761904,0.2396694214876033,0.1441037730162737,0.05265021957950783,0.13043478260869565,0.017699115044247787,0.35151515151515156
networkbancor,0.5,0,0,0.12913794630814435,0.06252269642074107,0.125,0.0,0.40375586854460094,0.030138355638240646,0.01900361492124983,0.0,0.0,0.11627906976744186,0.048369204095566914,0.028573949211859392,0.0,0.0,0.16969696969696968
networkbancor,0.5,0,0.1,0.13006196021972713,0.05868545978304008,0.125,0.0,0.4131455399061033,0.03038981943574602,0.017714875756629656,0.0,0.0,0.1116751269035533,0.04877570381117331,0.02661873149430492,0.0,0.0,0.1692307692307692
networkbancor,0.5,0,0.25,0.14820492453648376,0.065582219301905,0.14285714285714285,0.022727272727272728,0.40625,0.03462118428752856,0.02042715725478846,0.008849557522123894,0.004629629629629629,0.11594202898550725,0.055570982075973725,0.030603252164521744,0.03,0.007692307692307692,0.17679558011049723
networkbancor,0.5,0,0.5,0.17141345461363802,0.07188996537189106,0.16666666666666666,0.0,0.39436619718309857,0.039993971265294095,0.023104170015836867,0.0,0.0,0.14084507042253522,0.06420337600174514,0.03432278989645161,0.0,0.0,0.20512820512820512
networkbancor,0.5,0,0.75,0.19627740239538327,0.07697846897070877,0.25,0.0,0.4318181818181818,0.04578059623562358,0.025716988977877532,0.03389830508474576,0.0,0.15702479338842976,0.0735085128526283,0.03810493806278253,0.02120141342756184,0.0,0.23030303030303031
networkbancor,0.5,0,1.0,0.2238688003680719,0.07637959429780106,0.25,0.034482758620689655,0.5370370370370371,0.05182201698418876,0.02626305616762002,0.06896551724137931,0.010050251256281407,0.18181818181818182,0.08333789654819954,0.03866574167831454,0.038461538461538464,0.016260162601626015,0.26666666666666666
networkbancor,0.5,0,2.0,0.33741023741703025,0.08463195973228863,0.3333333333333333,0.0,0.5555555555555556,0.07678111600723546,0.030451149409470333,0.09401709401709402,0.0,0.19834710743801653,0.12390506172469261,0.04405950393730529,0.08974358974358974,0.0,0.2909090909090909
networkbancor,0.5,0,3.0,0.3932626872350449,0.09364321804377282,0.5,0.0425531914893617,0.6428571428571429,0.08904743697695791,0.03313927374526267,0.1111111111111111,0.010050251256281407,0.21487603305785125,0.1438392008695246,0.04784871690398029,0.10655737704918032,0.016260162601626015,0.3151515151515151
networkbancor,0.5,0,5.0,0.4258445886226081,0.10220663233401925,0.5,0.034482758620689655,0.7142857142857143,0.09613088567558264,0.03476205569226074,0.09090909090909091,0.011904761904761904,0.23140495867768596,0.1553720039400939,0.05028989079298167,0.1111111111111111,0.017699115044247787,0.33939393939393936
networkbancor,0.5,0.1,0,0.13109059710013587,0.057095335159431035,0.14285714285714285,0.0,0.39436619718309857,0.030461807348099404,0.017014782075099016,0.03389830508474576,0.0,0.10309278350515463,0.04894129931542174,0.025557321853209237,0.02564102564102564,0.0,0.1574803149606299
networkbancor,0.5,0.1,0.1,0.1381536470077495,0.061657217848365926,0.16666666666666666,0.022222222222222223,0.38497652582159625,0.03215084746890817,0.018697639891789738,0.011627906976744186,0.003952569169960474,0.11267605633802817,0.05163839850966243,0.028083464883075705,0.03508771929824561,0.006896551724137931,0.1641025641025641
networkbancor,0.5,0.1,0.25,0.15135459140950513,0.06735081177115358,0.14285714285714285,0.0,0.3755868544600939,0.035516371871231564,0.021594084370529138,0.023255813953488372,0.0,0.13380281690140844,0.056954752866442505,0.03219100429692328,0.0,0.0,0.19487179487179485
networkbancor,0.5,0.1,0.5,0.18382272133995703,0.06457704863575783,0.25,0.029411764705882353,0.4666666666666667,0.04280308154646508,0.02230816587122985,0.038461538461538464,0.004016064257028112,0.14432989690721648,0.06874947092976125,0.03282310363709841,0.05128205128205128,0.007067137809187278,0.22047244094488186
networkbancor,0.5,0.1,0.75,0.20241758655803324,0.07339327693413424,0.2,0.0,0.5185185185185185,0.04697830897139809,0.024273947493434325,0.046511627906976744,0.0,0.15819209039548024,0.07552376767639403,0.03603649880920597,0.03571428571428571,0.0,0.24242424242424246
networkbancor,0.5,0.1,1.0,0.23938155396370808,0.07515673945297018,0.25,0.0,0.47368421052631576,0.055156938626284985,0.026154155434155682,0.05555555555555555,0.0,0.15217391304347827,0.0887689892090296,0.03824762455686936,0.030769230769230767,0.0,0.2222222222222222
networkbancor,0.5,0.1,2.0,0.3460643880970974,0.08440481180189598,0.3333333333333333,0.034482758620689655,0.5925925925925926,0.07870581435186029,0.03086989248948379,0.11363636363636363,0.011904761904761904,0.19767441860465115,0.12703237203696433,0.044650478601746126,0.10526315789473684,0.017699115044247787,0.28813559322033894
networkbancor,0.5,0.1,3.0,0.393624317596897,0.09810075880969597,0.5,0.034482758620689655,0.7142857142857143,0.08893821105729618,0.033153556104464736,0.07692307692307693,0.011904761904761904,0.2396694214876033,0.1437230244288591,0.04812807082337453,0.08480565371024736,0.017699115044247787,0.35151515151515156
networkbancor,0.5,0.1,5.0,0.4240330288353991,0.10232835495400786,0.5,0.06896551724137931,0.7142857142857143,0.0957879392464981,0.034977026307191086,0.09090909090909091,0.023809523809523808,0.2396694214876033,0.15480210846271233,0.0506461016337222,0.11538461538461539,0.035398230088495575,0.35151515151515156
networkbancor,0.5,0.25,0,0.13788543710021667,0.06075709186786029,0.2,0.0,0.3755868544600939,0.032318510023842555,0.01901367163528846,0.02824858757062147,0.0,0.10869565217391304,0.051835566448543514,0.028412967629420544,0.038461538461538464,0.0,0.15503875968992248
networkbancor,0.5,0.25,0.1,0.1479433143204277,0.06405417556838192,0.125,0.0,0.38967136150234744,0.03449335877226368,0.01946837435029377,0.0,0.0,0.116751269035533,0.055392555871889404,0.029222749866111064,0.0,0.0,0.1769230769230769
networkbancor,0.5,0.25,0.25,0.16521159041753988,0.06687930973227149,0.14285714285714285,0.0,0.4318181818181818,0.03807728805125751,0.02043010731460882,0.03389830508474576,0.0,0.15702479338842976,0.06129011565056782,0.030594422489518738,0.0,0.0,0.23030303030303031
networkbancor,0.5,0.25,0.5,0.1958129981850688,0.07322862333708562,0.25,0.0,0.42424242424242425,0.04585026394243706,0.025128437714602072,0.030303030303030304,0.0,0.13953488372093023,0.07357716845480237,0.037101686465962014,0.05128205128205128,0.0,0.20338983050847456
networkbancor,0.5,0.25,0.75,0.223030680515103,0.07054163554715791,0.25,0.0,0.46511627906976744,0.0513068479537868,0.02473288168029532,0.0392156862745098,0.0,0.1487603305785124,0.08258770587766369,0.03619718897785696,0.06557377049180327,0.0,0.22099447513812157
networkbancor,0.5,0.25,1.0,0.25185044023118464,0.07320385364995642,0.25,0.034482758620689655,0.4444444444444444,0.05774121607548013,0.025767698390679418,0.043478260869565216,0.010050251256281407,0.15447154471544716,0.09302013976491728,0.03752771272112791,0.047058823529411764,0.017621145374449337,0.22754491017964074
networkbancor,0.5,0.25,2.0,0.35149682955429873,0.08789881847307446,0.3333333333333333,0.0625,0.5714285714285714,0.07976920521504065,0.03067839980383831,0.057291666666666664,0.01507537688442211,0.19014084507042253,0.12879613067956067,0.044514796073541765,0.08823529411764706,0.024390243902439025,0.27692307692307694
networkbancor,0.5,0.25,3.0,0.39588201440032605,0.09560394388212647,0.5,0.0,0.7142857142857143,0.08922973063995196,0.03178457842700975,0.09090909090909091,0.0,0.2231404958677686,0.14426267246663615,0.046086546583847095,0.10714285714285714,0.0,0.32727272727272727
networkbancor,0.5,0.25,5.0,0.4274749885204485,0.10179558440395362,0.5,0.034482758620689655,0.7045454545454546,0.0965013475089377,0.03516467887442044,0.09090909090909091,0.011904761904761904,0.256198347107438,0.15597139326501844,0.05081420012871761,0.17391304347826086,0.017699115044247787,0.37575757575757573
networkbancor,0.5,0.5,0,0.15760997845526484,0.06085658556134062,0.125,0.0,0.38967136150234744,0.036763346241555236,0.019393472110091722,0.0,0.0,0.1322314049586777,0.05904332333319676,0.028864014260781216,0.0,0.0,0.19393939393939394
networkbancor,0.5,0.5,0.1,0.1698633201520986,0.06703848412706119,0.16666666666666666,0.0,0.42592592592592593,0.03940228426723658,0.021626773245870052,0.020833333333333332,0.0,0.13380281690140844,0.06334535833679779,0.032183838588458274,0.05128205128205128,0.0,0.1991341991341991
networkbancor,0.5,0.5,0.25,0.18719192421848163,0.06458258940074645,0.2,0.0,0.38967136150234744,0.043264765079267554,0.021530855636686358,0.03636363636363636,0.0,0.13636363636363635,0.06960719129234745,0.031815378761954165,0.05,0.0,0.19999999999999998
networkbancor,0.5,0.5,0.5,0.2131784199051633,0.07138183065122582,0.2,0.034482758620689655,0.46296296296296297,0.049300025171086954,0.024411932808979103,0.0392156862745098,0.00847457627118644,0.14124293785310735,0.07929885995968458,0.03594414594747114,0.06451612903225806,0.014388489208633094,0.21645021645021645
networkbancor,0.5,0.5,0.75,0.24552704024444258,0.07265475288745578,0.25,0.06060606060606061,0.4864864864864865,0.05624959108909602,0.025923368410863457,0.06060606060606061,0.01507537688442211,0.1956521739130435,0.09059767745708511,0.03757108037395957,0.06382978723404255,0.024390243902439025,0.2790697674418605
networkbancor,0.5,0.5,1.0,0.2732250342966608,0.07297101645708202,0.25,0.0,0.4772727272727273,0.06228958405139295,0.026134037326657967,0.046511627906976744,0.0,0.17355371900826447,0.10045481213736841,0.03786189713813642,0.1,0.0,0.2545454545454546
networkbancor,0.5,0.5,2.0,0.35961455839176804,0.08780994666594348,0.3333333333333333,0.047619047619047616,0.6190476190476191,0.08168235528754118,0.031012123949812825,0.06451612903225806,0.012048192771084338,0.21138211382113822,0.1318739770259846,0.044972784865007595,0.07692307692307693,0.019230769230769232,0.31137724550898205
networkbancor,0.5,0.5,3.0,0.3961276231568613,0.09824941001878412,0.5,0.0,0.6590909090909091,0.08962420830126079,0.03365482928130743,0.07692307692307693,0.0,0.2396694214876033,0.14479667898695195,0.048832983911457406,0.11538461538461539,0.0,0.35151515151515156
networkbancor,0.5,0.5,5.0,0.4279912092109262,0.10237372861863443,0.5,0.0,0.7857142857142857,0.09654485711785482,0.034750657209311774,0.09090909090909091,0.0,0.24793388429752067,0.15606020119807967,0.05019370028294234,0.13043478260869565,0.0,0.36363636363636365
networkbancor,0.5,0.75,0,0.1858714219765304,0.06302068906594004,0.2,0.0,0.39436619718309857,0.042952720955868655,0.02154201901107127,0.03125,0.0,0.13953488372093023,0.06905884440107649,0.03154868810040396,0.13333333333333333,0.0,0.20338983050847456
networkbancor,0.5,0.75,0.1,0.19354840715011998,0.06102496724785171,0.2,0.03125,0.4090909090909091,0.044721296882524325,0.021413004264672755,0.030303030303030304,0.0064516129032258064,0.1487603305785124,0.07194276061022199,0.031351311852479725,0.04651162790697675,0.010869565217391304,0.2181818181818182
networkbancor,0.5,0.75,0.25,0.20683305823667586,0.06652049954908551,0.25,0.0,0.4074074074074074,0.04805673959526798,0.023414830558604834,0.06896551724137931,0.0,0.14049586776859505,0.07724747909858877,0.034420891257536265,0.1111111111111111,0.0,0.20606060606060608
networkbancor,0.5,0.75,0.5,0.234397069130787,0.06894864648600166,0.25,0.0,0.46296296296296297,0.053820808511090494,0.02452452092243943,0.06060606060606061,0.0,0.16666666666666666,0.08668201138785178,0.035761603096903655,0.06896551724137931,0.0,0.24113475177304963
networkbancor,0.5,0.75,0.75,0.26369543577325727,0.07098698652494163,0.25,0.02127659574468085,0.4583333333333333,0.060314029039674345,0.02524134799105487,0.06779661016949153,0.005025125628140704,0.14788732394366197,0.09721985584729365,0.03672916647433775,0.07692307692307693,0.008130081300813007,0.2153846153846154
networkbancor,0.5,0.75,1.0,0.2843927395856258,0.07112370102738652,0.25,0.0,0.5079365079365079,0.06483863191247635,0.026059244047005437,0.05084745762711865,0.0,0.1744186046511628,0.1045875795861512,0.037712503749495384,0.07092198581560284,0.0,0.25423728813559326
networkbancor,0.5,0.75,2.0,0.36361070281092306,0.08573844554259469,0.3333333333333333,0.06896551724137931,0.6111111111111112,0.08240821861521187,0.03076140006107404,0.0546875,0.020100502512562814,0.20930232558139536,0.1330904412410807,0.04439948297006402,0.11538461538461539,0.03252032520325203,0.30508474576271183
networkbancor,0.5,0.75,3.0,0.4027347587039975,0.09589709901296604,0.5,0.034482758620689655,0.65,0.09124944221510221,0.03421518310208914,0.09090909090909091,0.011904761904761904,0.23529411764705882,0.14737639319312,0.049371665127346184,0.1111111111111111,0.017699115044247787,0.3404255319148936
networkbancor,0.5,0.75,5.0,0.42925725563825357,0.10318670494872628,0.5,0.0,0.7,0.09690451220266172,0.03538698985954675,0.12878787878787878,0.0,0.23255813953488372,0.1566278158752147,0.051263178494733184,0.11538461538461539,0.0,0.33898305084745767
networkbancor,0.5,1.0,0,0.2019257767911625,0.0651360820339334,0.2,0.0,0.42592592592592593,0.046152434540821116,0.02132709819343944,0.0234375,0.0,0.12994350282485875,0.0743881990920271,0.03143772184330803,0.0,0.0,0.1991341991341991
networkbancor,0.5,1.0,0.1,0.2111183069754104,0.06732719774994429,0.2,0.030303030303030304,0.45714285714285713,0.04855254777635444,0.0226808374568836,0.043478260869565216,0.008130081300813009,0.14035087719298245,0.0781757586866812,0.033368732506781455,0.06557377049180327,0.012820512820512822,0.21476510067114096
networkbancor,0.5,1.0,0.25,0.22439555996256885,0.06795372976485374,0.2,0.0,0.4375,0.05173202907970702,0.024375059289074897,0.03636363636363636,0.0,0.1568627450980392,0.08323982346511624,0.03550582416029511,0.06451612903225806,0.0,0.22695035460992907
networkbancor,0.5,1.0,0.5,0.24956678368620103,0.06922178116600816,0.25,0.034482758620689655,0.5,0.05718296307395839,0.025057263867259243,0.043478260869565216,0.011904761904761904,0.1744186046511628,0.09213008339220423,0.036375911704946896,0.07692307692307693,0.017699115044247787,0.25423728813559326
networkbancor,0.5,1.0,0.75,0.27562885895056805,0.06624716687964947,0.3333333333333333,0.034482758620689655,0.4594594594594595,0.06293020406225364,0.02495901241943142,0.05,0.011904761904761904,0.17391304347826086,0.1014819146989488,0.035932422347696065,0.04444444444444444,0.017699115044247787,0.24806201550387597
networkbancor,0.5,1.0,1.0,0.2973854004233734,0.07736035075983097,0.25,0.0,0.5,0.06786330218642474,0.028103498363781714,0.0625,0.0,0.176056338028169,0.10944127821158735,0.04068467402392316,0.09900990099009901,0.0,0.25641025641025644
networkbancor,0.5,1.0,2.0,0.3633345445143319,0.08919914039961874,0.3333333333333333,0.0,0.6,0.08214812067753989,0.030682452757270603,0.07692307692307693,0.0,0.19767441860465115,0.13272161875291147,0.04443849614298232,0.1,0.0,0.28813559322033894
networkbancor,0.5,1.0,3.0,0.4009958254378993,0.09322699386278849,0.4,0.034482758620689655,0.7037037037037037,0.09073102608524637,0.03343627440629314,0.07692307692307693,0.011904761904761904,0.23529411764705882,0.1465813838174438,0.04814729955868678,0.14035087719298245,0.017699115044247787,0.3404255319148936
networkbancor,0.5,1.0,5.0,0.4295167221968517,0.10386869078490296,0.5,0.034482758620689655,0.7,0.09708432544835299,0.03565879488028802,0.1,0.011904761904761904,0.24793388429752067,0.15687949279283586,0.05164514381922238,0.25,0.017699115044247787,0.36363636363636365
networkbancor,0.5,2.0,0,0.24060297971092182,0.0678967785727758,0.25,0.034482758620689655,0.4444444444444444,0.05482180442832522,0.02318610129487979,0.04411764705882353,0.011904761904761904,0.16666666666666666,0.08843104653376319,0.033855353023123466,0.0611764705882353,0.017699115044247787,0.24113475177304963
networkbancor,0.5,2.0,0.1,0.25115116695061723,0.06973189949910029,0.25,0.034482758620689655,0.4772727272727273,0.056920227502986934,0.02310927885946158,0.046511627906976744,0.010050251256281407,0.17355371900826447,0.09189596000920992,0.03366873712175867,0.06557377049180327,0.016260162601626015,0.2545454545454546
networkbancor,0.5,2.0,0.25,0.26289356971543204,0.07157679293848376,0.25,0.0425531914893617,0.5,0.06005291062608399,0.024847525509864868,0.08333333333333333,0.010050251256281407,0.18181818181818182,0.09683211326667575,0.03621633688584584,0.08695652173913043,0.016260162601626015,0.26666666666666666
networkbancor,0.5,2.0,0.5,0.27849579728836177,0.0714609762272493,0.25,0.0,0.4772727272727273,0.06336287536955394,0.025282232400423217,0.05517241379310345,0.0,0.17355371900826447,0.10225356718857893,0.036726433653171305,0.08695652173913045,0.0,0.2545454545454546
networkbancor,0.5,2.0,0.75,0.2940565777638049,0.07996612546283485,0.3,0.0,0.5357142857142857,0.06678587562612966,0.02726169661137586,0.045454545454545456,0.0,0.18181818181818182,0.10778841178452264,0.03967691825584547,0.125,0.0,0.26666666666666666
networkbancor,0.5,2.0,1.0,0.30927729873197835,0.0804851996281172,0.3333333333333333,0.0,0.5454545454545454,0.07049468857985487,0.028860174428597823,0.07692307692307693,0.0,0.19834710743801653,0.1137166869250433,0.04185524311305382,0.10256410256410256,0.0,0.2909090909090909
networkbancor,0.5,2.0,2.0,0.36763523042798935,0.08988428229855978,0.3333333333333333,0.0,0.6363636363636364,0.08337889116739036,0.031473866465739984,0.1111111111111111,0.0,0.23140495867768596,0.13464864242592417,0.04562476160437259,0.14035087719298245,0.0,0.33939393939393936
networkbancor,0.5,2.0,3.0,0.4035415663881027,0.0947188869302803,0.5,0.034482758620689655,0.6428571428571429,0.09128776573582406,0.033309450271817365,0.08333333333333333,0.010050251256281407,0.21487603305785125,0.14749091090770275,0.04814624180058064,0.11764705882352941,0.016260162601626015,0.3151515151515151
networkbancor,0.5,2.0,5.0,0.4316325477630947,0.10227969227958493,0.5,0.034482758620689655,0.7,0.09746684984693683,0.03553122699707262,0.10526315789473684,0.011904761904761904,0.2396694214876033,0.15752075871775034,0.0512602237920239,0.11475409836065575,0.017699115044247787,0.35151515151515156
networkbancor,0.5,3.0,0,0.2603013056282096,0.07015544145760787,0.25,0.034482758620689655,0.4583333333333333,0.059230033902836356,0.02440131916083694,0.05084745762711865,0.011904761904761904,0.1652892561983471,0.09555994974695951,0.03544815420908241,0.06521739130434782,0.017699115044247787,0.24242424242424243
networkbancor,0.5,3.0,0.1,0.26878379948714964,0.07267239674907527,0.25,0.0,0.5,0.0612438039492772,0.025436295257487928,0.046511627906976744,0.0,0.18181818181818182,0.09878737344897749,0.03696031499184356,0.09090909090909091,0.0,0.26666666666666666
networkbancor,0.5,3.0,0.25,0.2749422732747885,0.07052626387868664,0.25,0.06896551724137931,0.5454545454545454,0.06265986187194517,0.025363185758260118,0.05,0.01968503937007874,0.19834710743801653,0.10107331601291877,0.03673006031869657,0.07692307692307693,0.03252032520325203,0.2909090909090909
networkbancor,0.5,3.0,0.5,0.28648606190864456,0.07381695820252918,0.25,0.034482758620689655,0.5,0.06512070448960598,0.026106873151726728,0.058823529411764705,0.011904761904761904,0.18181818181818182,0.10508998605207855,0.03778083015906466,0.13333333333333333,0.017699115044247787,0.26666666666666666
networkbancor,0.5,3.0,0.75,0.3033677064973245,0.07406741348667532,0.25,0.12121212121212122,0.5238095238095238,0.06871939301289487,0.02572757112825545,0.11363636363636363,0.020316027088036117,0.19008264462809918,0.11096873885954711,0.037089640442102396,0.15384615384615383,0.03673469387755102,0.2787878787878788
networkbancor,0.5,3.0,1.0,0.31470242183975605,0.08344428435344546,0.3333333333333333,0.0,0.6,0.07159296497391103,0.029084217520319287,0.07352941176470588,0.0,0.19607843137254902,0.11552112707868135,0.042204360246248906,0.12269938650306748,0.0,0.28368794326241137
networkbancor,0.5,3.0,2.0,0.3588728920593087,0.08639035666964623,0.3333333333333333,0.06896551724137931,0.6,0.08133559538172283,0.03024988287427789,0.07142857142857142,0.023809523809523808,0.2066115702479339,0.1313791759394915,0.04391273569168642,0.13043478260869565,0.035398230088495575,0.30303030303030304
networkbancor,0.5,3.0,3.0,0.39824002464676533,0.10014684914433557,0.3333333333333333,0.0,0.6428571428571429,0.08997291014372912,0.033763668108404324,0.07692307692307693,0.0,0.2231404958677686,0.14539586878173122,0.04907146092522413,0.0,0.0,0.32727272727272727
networkbancor,0.5,3.0,5.0,0.42996411537101364,0.10087857971981563,0.5,0.034482758620689655,0.6923076923076923,0.09705627524832804,0.035131932499552425,0.13636363636363635,0.011904761904761904,0.2647058823529412,0.15687069906195014,0.050639789775300245,0.11764705882352941,0.017699115044247787,0.3829787234042553
networkbancor,0.5,5.0,0,0.2569387905085373,0.08255889073244421,0.25,0.0,0.5227272727272727,0.058252806768321085,0.026181947721677003,0.07692307692307693,0.0,0.19008264462809918,0.09404242604013209,0.03865040150360033,0.08695652173913043,0.0,0.2787878787878788
networkbancor,0.5,5.0,0.1,0.2619841988998592,0.08320670336897512,0.3333333333333333,0.0,0.5227272727272727,0.059369711519380315,0.026479659285737776,0.03125,0.0,0.19008264462809918,0.09585517173389511,0.039041440499879405,0.07692307692307693,0.0,0.2787878787878788
networkbancor,0.5,5.0,0.25,0.26736010418951445,0.08485391611988286,0.3333333333333333,0.047619047619047616,0.5227272727272727,0.06065397129131867,0.026997444217784158,0.0625,0.012048192771084338,0.19008264462809918,0.09791490297764133,0.03986727061275713,0.1,0.019230769230769232,0.2787878787878788
networkbancor,0.5,5.0,0.5,0.2757029656253257,0.08581532567719276,0.3333333333333333,0.034482758620689655,0.5454545454545454,0.06246932041322289,0.027394943529121796,0.07692307692307693,0.011904761904761904,0.19834710743801653,0.10087535192467297,0.040416229155650504,0.13333333333333333,0.017699115044247787,0.2909090909090909
networkbancor,0.5,5.0,0.75,0.2825209766917967,0.08707629597286508,0.3333333333333333,0.034482758620689655,0.5454545454545454,0.06394677867821108,0.028038800381080774,0.08,0.010752688172043012,0.19834710743801653,0.10326378134240935,0.04119976906059516,0.10619469026548672,0.01652892561983471,0.2909090909090909
networkbancor,0.5,5.0,1.0,0.2927322321493642,0.0915415601885772,0.2857142857142857,0.034482758620689655,0.5681818181818182,0.06630769334661128,0.029254293300395324,0.058823529411764705,0.011904761904761904,0.2066115702479339,0.10706908902823437,0.04307473321759656,0.10619469026548672,0.017699115044247787,0.30303030303030304
networkbancor,0.5,5.0,2.0,0.32780646166376864,0.09746774931808996,0.3333333333333333,0.0,0.6,0.07434514474391793,0.03202479979973744,0.07692307692307693,0.0,0.22549019607843138,0.12003363955613688,0.04695365650964957,0.09523809523809523,0.0,0.3262411347517731
networkbancor,0.5,5.0,3.0,0.3640766697344857,0.10021041212559562,0.4,0.0,0.65,0.08243650405191065,0.033401930445683625,0.0625,0.0,0.23140495867768596,0.13314562469086294,0.04872800753339282,0.13333333333333333,0.0,0.33939393939393936
networkbancor,0.5,5.0,5.0,0.4138067806455461,0.10775307269869014,0.5,0.0,0.65,0.0933702765726871,0.035581106705507,0.09090909090909091,0.0,0.23140495867768596,0.15092246389076644,0.051897928160432136,0.1111111111111111,0.0,0.33939393939393936
networkbancor,0.75,0,0,0.11231413523422866,0.05599338759229698,0.14285714285714285,0.0,0.38967136150234744,0.026349979739140772,0.01611112892721368,0.0,0.0,0.08450704225352113,0.04227344710991189,0.024443629344405245,0.0,0.0,0.12307692307692307
networkbancor,0.75,0,0.1,0.12291498132120514,0.059408065941377285,0.1111111111111111,0.0,0.4084507042253521,0.028417092056125453,0.017388117583189287,0.0,0.0,0.10843373493975904,0.045682986694165505,0.026176814450045195,0.0,0.0,0.15789473684210525
networkbancor,0.75,0,0.25,0.12737953929281687,0.059168828414318475,0.1,0.0,0.431924882629108,0.029696272190712688,0.017703920230296568,0.0,0.0,0.10465116279069768,0.04768405499544448,0.026625036249689975,0.0,0.0,0.15469613259668508
networkbancor,0.75,0,0.5,0.15531395615211221,0.06702950410570806,0.16666666666666666,0.0,0.38967136150234744,0.03624684251366305,0.021464077597776906,0.023255813953488372,0.0,0.12745098039215685,0.058181653485047266,0.03200263498192352,0.03508771929824561,0.0,0.18439716312056736
networkbancor,0.75,0,0.75,0.17660749749214846,0.07402040991026307,0.25,0.0,0.4225352112676056,0.041208405610436025,0.023358340961948915,0.01694915254237288,0.0,0.13380281690140844,0.06616567315319714,0.03492200564556084,0.030769230769230767,0.0,0.19487179487179485
networkbancor,0.75,0,1.0,0.21237063446538004,0.07647431030531142,0.25,0.0,0.4444444444444444,0.04905203416427256,0.025199762041549018,0.06818181818181818,0.0,0.15702479338842976,0.07888923247022368,0.03721268229583827,0.09523809523809525,0.0,0.23030303030303031
networkbancor,0.75,0,2.0,0.3246545560563301,0.08413467536344192,0.3333333333333333,0.0,0.6111111111111112,0.07391937395951444,0.029790204457726458,0.05806451612903226,0.0,0.19008264462809918,0.11928629159240028,0.043304902050501914,0.08695652173913045,0.0,0.28571428571428575
networkbancor,0.75,0,3.0,0.39284976283022915,0.09374255501847395,0.5,0.034482758620689655,0.6428571428571429,0.08875738325469144,0.03255592514471703,0.0625,0.011904761904761904,0.23140495867768596,0.14343698120244863,0.04709796056448131,0.13333333333333333,0.017699115044247787,0.33939393939393936
networkbancor,0.75,0,5.0,0.4253890615112979,0.10157467675900991,0.5,0.0,0.6818181818181818,0.09610023238307379,0.03549660167078298,0.09090909090909091,0.0,0.24793388429752067,0.15530204262570405,0.051301898163855844,0.16666666666666666,0.0,0.36363636363636365
networkbancor,0.75,0.1,0,0.11864317479814802,0.05710251730806116,0.0,0.0,0.3755868544600939,0.027610304365187254,0.0165227014517115,0.0,0.0,0.09352517985611511,0.04434649242017521,0.024957807965681318,0.0,0.0,0.14130434782608697
networkbancor,0.75,0.1,0.1,0.12414231222088092,0.059034552796765886,0.0,0.0,0.4084507042253521,0.02907331105209579,0.018206325824021777,0.0,0.0,0.11570247933884298,0.04662851164808481,0.027216549377941365,0.0,0.0,0.16969696969696968
networkbancor,0.75,0.1,0.25,0.137741682810962,0.06130810253655011,0.1111111111111111,0.0,0.38497652582159625,0.03229387049051373,0.01937762577964024,0.0,0.0,0.10869565217391304,0.05179900428330825,0.02896224118113337,0.0,0.0,0.16574585635359115
networkbancor,0.75,0.1,0.5,0.16182455187481987,0.06748544411404306,0.16666666666666666,0.0,0.3953488372093023,0.037788271450709704,0.021797156391132923,0.02857142857142857,0.0,0.1322314049586777,0.06067204377229673,0.0325036269279821,0.0,0.0,0.19393939393939394
networkbancor,0.75,0.1,0.75,0.185143280531435,0.06444021450090681,0.25,0.024390243902439025,0.4131455399061033,0.042651671225301044,0.021299383972499912,0.03225806451612903,0.006896551724137931,0.13380281690140844,0.06863015324326735,0.031412123223167304,0.038461538461538464,0.01111111111111111,0.19487179487179485
networkbancor,0.75,0.1,1.0,0.21961691323573498,0.07381327792808764,0.25,0.0,0.5,0.05087259921794242,0.025236680128000646,0.08333333333333333,0.0,0.15254237288135594,0.0818067023063259,0.037174327111877424,0.08333333333333334,0.0,0.23376623376623376
networkbancor,0.75,0.1,2.0,0.33810979089218646,0.08806622779432598,0.375,0.0,0.6296296296296297,0.07684984172689871,0.031256099894397496,0.06666666666666667,0.0,0.192090395480226,0.12403733183526355,0.045409177560298546,0.10526315789473685,0.0,0.2943722943722944
networkbancor,0.75,0.1,3.0,0.3946307694407473,0.09483855322604377,0.4,0.034482758620689655,0.65,0.08904025202698411,0.03214855646734925,0.06521739130434782,0.011904761904761904,0.21487603305785125,0.14393555931035268,0.046603332044652196,0.14285714285714285,0.017699115044247787,0.3151515151515151
networkbancor,0.75,0.1,5.0,0.42601297880885663,0.10199891312608741,0.5,0.0,0.7,0.0960312136520551,0.03434269655026441,0.09090909090909091,0.0,0.23140495867768596,0.15526283949505523,0.04977277744432131,0.15384615384615385,0.0,0.33939393939393936
networkbancor,0.75,0.25,0,0.12926591134862123,0.05851961254044206,0.125,0.0,0.3427230046948357,0.030105174374155927,0.017844427817986914,0.015625,0.0,0.0963855421686747,0.04835131484478954,0.026797553723377485,0.0,0.0,0.14035087719298248
networkbancor,0.75,0.25,0.1,0.1354169048818167,0.05870871633038132,0.1,0.0,0.3474178403755869,0.03129545698940279,0.017503841862892933,0.0,0.0,0.1056338028169014,0.05032550886047455,0.02621485178349957,0.0,0.0,0.15384615384615383
networkbancor,0.75,0.25,0.25,0.1528362626064838,0.06310573869431083,0.1111111111111111,0.0,0.38028169014084506,0.03563902670259333,0.020040128943611957,0.021739130434782608,0.0,0.12396694214876033,0.05722909016034787,0.029901015418810104,0.0,0.0,0.18181818181818182
networkbancor,0.75,0.25,0.5,0.17757374647269883,0.06242828451178813,0.16666666666666666,0.03125,0.4090909090909091,0.04096886596706074,0.02045946543876383,0.038461538461538464,0.005813953488372093,0.1487603305785124,0.06591430789406444,0.030221774385445384,0.03529411764705882,0.010256410256410258,0.2181818181818182
networkbancor,0.75,0.25,0.75,0.21344973727479555,0.07292510372422556,0.2,0.0,0.46296296296296297,0.04922864769695543,0.024496629294013132,0.058823529411764705,0.0,0.1619718309859155,0.07920593084039942,0.03602616087197977,0.03846153846153846,0.0,0.2358974358974359
networkbancor,0.75,0.25,1.0,0.23857219769181415,0.0738100561962366,0.2857142857142857,0.0,0.4528301886792453,0.054678918780867745,0.024876162149459317,0.06818181818181818,0.0,0.16901408450704225,0.08810733272029009,0.036556962538370825,0.07920792079207921,0.0,0.24615384615384614
networkbancor,0.75,0.25,2.0,0.34789308940871805,0.08757381842995555,0.3333333333333333,0.034482758620689655,0.6,0.07906287086068198,0.03108755629900581,0.1,0.011904761904761904,0.19834710743801653,0.12761754468396724,0.04508071158934594,0.13043478260869565,0.017699115044247787,0.2909090909090909
networkbancor,0.75,0.25,3.0,0.39312915818286065,0.09316904885048102,0.5,0.034482758620689655,0.6428571428571429,0.08870489066130038,0.03218348771351072,0.06666666666666667,0.011904761904761904,0.2112676056338028,0.1433764443944198,0.04645779984384255,0.14285714285714285,0.017699115044247787,0.30769230769230765
networkbancor,0.75,0.25,5.0,0.42673404645057716,0.10515984225836549,0.5,0.0,0.7142857142857143,0.09633499007427455,0.03555237589916167,0.10526315789473684,0.0,0.2396694214876033,0.15570799954634507,0.05157296621306585,0.15384615384615385,0.0,0.35151515151515156
networkbancor,0.75,0.5,0,0.14756819516436973,0.05881096540309565,0.16666666666666666,0.0,0.38967136150234744,0.034141976471927814,0.018367902763059336,0.03314917127071823,0.0,0.11627906976744186,0.05489137987886236,0.027307262844303168,0.032786885245901634,0.0,0.1775147928994083
networkbancor,0.75,0.5,0.1,0.155519200731126,0.06062070036728108,0.14285714285714285,0.0,0.38028169014084506,0.036322118645535154,0.02001079448459057,0.029411764705882353,0.0,0.11299435028248588,0.058303284327836026,0.029664054078461993,0.0,0.0,0.17316017316017315
networkbancor,0.75,0.5,0.25,0.16949145577350003,0.06267183122386953,0.2,0.0,0.3615023474178404,0.039140578079801716,0.020212329876371372,0.03389830508474576,0.0,0.1267605633802817,0.06297516847664628,0.03002631450865274,0.0,0.0,0.18461538461538463
networkbancor,0.75,0.5,0.5,0.1982938234249155,0.06647863508756696,0.2,0.0,0.431924882629108,0.04563800391139678,0.021947102123839882,0.045454545454545456,0.0,0.13953488372093023,0.0734761125136594,0.032326297359573666,0.06557377049180327,0.0,0.20338983050847456
networkbancor,0.75,0.5,0.75,0.22745392624273736,0.0711403534998313,0.2,0.0,0.4444444444444444,0.05229937184275828,0.024584790422354313,0.023255813953488372,0.0,0.16279069767441862,0.08420303721101438,0.03598934256535414,0.05128205128205128,0.0,0.23728813559322032
networkbancor,0.75,0.5,1.0,0.25428681334110537,0.07495995280162392,0.3333333333333333,0.0,0.5,0.05845187651978247,0.026665040722720187,0.05,0.0,0.18181818181818182,0.09413716551213838,0.03899295768898129,0.06451612903225806,0.0,0.26666666666666666
networkbancor,0.75,0.5,2.0,0.3529473794592403,0.09042807808752767,0.3333333333333333,0.0,0.6111111111111112,0.08008273707320238,0.032026613261181676,0.08571428571428572,0.0,0.19834710743801653,0.12928532971528203,0.04636978699406047,0.06779661016949153,0.0,0.2909090909090909
networkbancor,0.75,0.5,3.0,0.3959305081555507,0.09632519113375076,0.5,0.0,0.6818181818181818,0.08948197496103269,0.03348766390750664,0.08333333333333333,0.0,0.24793388429752067,0.14457679837058798,0.048359168545625546,0.11009174311926605,0.0,0.36363636363636365
networkbancor,0.75,0.5,5.0,0.4296074036258513,0.10347278145169422,0.5,0.06896551724137931,0.7142857142857143,0.09698620276038103,0.035206412648608805,0.1,0.022742040285899934,0.24793388429752067,0.15675838824246105,0.0509872706923356,0.08480565371024736,0.035398230088495575,0.36363636363636365
networkbancor,0.75,0.75,0,0.1703120055840472,0.05533419306571479,0.14285714285714285,0.034482758620689655,0.3755868544600939,0.03921213537190955,0.018387032549685024,0.03125,0.004761904761904762,0.1267605633802817,0.0631213357278689,0.027053497649048505,0.032786885245901634,0.008368200836820085,0.18461538461538463
networkbancor,0.75,0.75,0.1,0.18136291848206626,0.05964374245439097,0.2,0.03571428571428571,0.39473684210526316,0.04180588847324684,0.020086371153431818,0.037037037037037035,0.0064516129032258064,0.12096774193548387,0.06726883576741244,0.029550751922269167,0.038461538461538464,0.01092896174863388,0.18518518518518517
networkbancor,0.75,0.75,0.25,0.1945710703844565,0.059815409943694504,0.16666666666666666,0.034482758620689655,0.42857142857142855,0.0445949129106681,0.020107323313941192,0.03225806451612903,0.011111111111111112,0.14084507042253522,0.07184952813955112,0.02949679826397253,0.0411522633744856,0.017699115044247787,0.20512820512820512
networkbancor,0.75,0.75,0.5,0.2197256239157701,0.06846079054955899,0.25,0.043478260869565216,0.43333333333333335,0.050443168051190576,0.023243431150740342,0.045454545454545456,0.005813953488372093,0.14788732394366197,0.08125906556549585,0.034226195361463485,0.05,0.010256410256410258,0.2153846153846154
networkbancor,0.75,0.75,0.75,0.24785378948019762,0.07079994464442424,0.3333333333333333,0.0,0.46153846153846156,0.05679711150426702,0.024905091741762454,0.043478260869565216,0.0,0.17647058823529413,0.09152158449954206,0.036273719106886655,0.04340567612687813,0.0,0.25531914893617025
networkbancor,0.75,0.75,1.0,0.27222197247148294,0.0737146568270859,0.25,0.047619047619047616,0.5,0.06225566043914782,0.02604652033801984,0.058823529411764705,0.012048192771084338,0.14728682170542637,0.10036690161535997,0.03798264153449106,0.12093023255813953,0.019230769230769232,0.22485207100591717
networkbancor,0.75,0.75,2.0,0.35493896848650913,0.08710685561612874,0.5,0.09375,0.6136363636363636,0.0806815470953918,0.03138741060883969,0.07692307692307693,0.024096385542168676,0.2231404958677686,0.13022876043905665,0.04537857497111127,0.10256410256410256,0.038461538461538464,0.32727272727272727
networkbancor,0.75,0.75,3.0,0.40000157144451287,0.10061249544436146,0.5,0.0,0.7,0.0903927538763361,0.03398559507012419,0.09090909090909091,0.0,0.23140495867768596,0.1460644868472215,0.0493668866871231,0.15384615384615385,0.0,0.33939393939393936
networkbancor,0.75,0.75,5.0,0.4289144325770905,0.10353451927784144,0.5,0.06896551724137931,0.7142857142857143,0.09676437366174877,0.03505734861858322,0.11764705882352941,0.020100502512562814,0.24793388429752067,0.1564101697159049,0.050731367575104824,0.11764705882352941,0.03252032520325203,0.36363636363636365
networkbancor,0.75,1.0,0,0.18674326029078964,0.06214135368389436,0.2,0.02702702702702703,0.38967136150234744,0.04315004908906435,0.02117191998044137,0.034482758620689655,0.003952569169960474,0.11956521739130435,0.06940485588421338,0.031110096035967136,0.03260869565217391,0.006896551724137931,0.17054263565891473
networkbancor,0.75,1.0,0.1,0.1971280710514259,0.062343170282638465,0.2,0.030303030303030304,0.38461538461538464,0.045349339942605864,0.02176814579697192,0.030303030303030304,0.008130081300813009,0.13253012048192772,0.07299331445772002,0.03184268632146408,0.05,0.012820512820512822,0.19393939393939394
networkbancor,0.75,1.0,0.25,0.21446266840031145,0.0632552622267268,0.16666666666666666,0.0425531914893617,0.4090909090909091,0.04921413738804303,0.022228645649515457,0.03614457831325301,0.010050251256281407,0.1487603305785124,0.07925415734763497,0.032430024496130826,0.05,0.016260162601626015,0.2181818181818182
networkbancor,0.75,1.0,0.5,0.24161277067973716,0.07102567727704749,0.25,0.0,0.46296296296296297,0.05509828248709901,0.024004527893151755,0.043478260869565216,0.0,0.15447154471544716,0.08886294529399348,0.035149501544183066,0.05369127516778524,0.0,0.22754491017964074
networkbancor,0.75,1.0,0.75,0.25598537357104234,0.07070513675103392,0.25,0.030303030303030304,0.47619047619047616,0.058598673890370434,0.02598719446908665,0.05263157894736842,0.008130081300813009,0.16666666666666666,0.09442527826399207,0.037686730784317404,0.0546448087431694,0.012820512820512822,0.24113475177304963
networkbancor,0.75,1.0,1.0,0.2787419109267221,0.07922164254036429,0.3333333333333333,0.0,0.5,0.0637247184695732,0.02804890731188928,0.08333333333333333,0.0,0.18627450980392157,0.10272668268527099,0.04086203537179368,0.1,0.0,0.2695035460992907
networkbancor,0.75,1.0,2.0,0.3593595287879248,0.08987386724875096,0.4,0.0,0.6818181818181818,0.08130863805617985,0.030879061108122736,0.06666666666666667,0.0,0.24793388429752067,0.13135710874863235,0.04481636763155874,0.0851063829787234,0.0,0.36363636363636365
networkbancor,0.75,1.0,3.0,0.4014677080549903,0.09824539624470466,0.5,0.0,0.7,0.09059350215211207,0.03323019108916662,0.05714285714285714,0.0,0.2231404958677686,0.1464330789711453,0.048164463626394365,0.15384615384615385,0.0,0.32727272727272727
networkbancor,0.75,1.0,5.0,0.4311904298679101,0.10319999118268913,0.5,0.0,0.6818181818181818,0.09723887538058737,0.03500874719586102,0.05714285714285714,0.0,0.24793388429752067,0.15720605843954974,0.05070239245311641,0.09999999999999999,0.0,0.36363636363636365
networkbancor,0.75,2.0,0,0.23424835989436235,0.06475806413527685,0.25,0.0,0.42105263157894735,0.053317878719325244,0.02224855570589634,0.05161290322580645,0.0,0.1322314049586777,0.08601899718563277,0.032453085240938234,0.06451612903225806,0.0,0.19753086419753085
networkbancor,0.75,2.0,0.1,0.24108961440412888,0.0659729701184991,0.25,0.047619047619047616,0.4131455399061033,0.05489017032322793,0.022959114721273276,0.0425531914893617,0.012048192771084338,0.16304347826086957,0.08853681796040169,0.033298165823555534,0.09090909090909091,0.019230769230769232,0.23255813953488372
networkbancor,0.75,2.0,0.25,0.24868429042499623,0.07551889931192582,0.25,0.0,0.45454545454545453,0.0565883913488753,0.024935502970804106,0.08333333333333333,0.0,0.16666666666666666,0.09129007090911744,0.03655124597419415,0.08695652173913045,0.0,0.24242424242424243
networkbancor,0.75,2.0,0.5,0.26285100938528655,0.07197864276292472,0.25,0.0,0.5,0.059772194374154146,0.024986073484836294,0.07692307692307693,0.0,0.17355371900826447,0.09644231299942357,0.036320497228621004,0.07017543859649122,0.0,0.2545454545454546
networkbancor,0.75,2.0,0.75,0.2836273241019676,0.07503284129164448,0.3333333333333333,0.0,0.5,0.0643028634410232,0.025377345708709705,0.09090909090909091,0.0,0.17355371900826447,0.10383026959047197,0.036938310070970856,0.06535947712418301,0.0,0.2545454545454546
networkbancor,0.75,2.0,1.0,0.2997578298786158,0.07828856342741612,0.25,0.0,0.55,0.06811213224847233,0.02725182144125393,0.07692307692307693,0.0,0.17355371900826447,0.1099425855507571,0.039666618201495224,0.125,0.0,0.2545454545454546
networkbancor,0.75,2.0,2.0,0.3598708898368609,0.086480264307692,0.3333333333333333,0.06896551724137931,0.65,0.08158727074674091,0.030865452854375818,0.07692307692307693,0.021505376344086023,0.21487603305785125,0.13175082163945098,0.04452937852482549,0.1111111111111111,0.03305785123966942,0.3151515151515151
networkbancor,0.75,2.0,3.0,0.399252971227132,0.09610443925792085,0.3333333333333333,0.0,0.65,0.09008890173726543,0.032610375923992255,0.0625,0.0,0.21487603305785125,0.14562547285220673,0.047304373502496076,0.16666666666666666,0.0,0.3151515151515151
networkbancor,0.75,2.0,5.0,0.43434882111893935,0.10247176979999678,0.5,0.034482758620689655,0.65625,0.09795331967915985,0.034982308048896085,0.09090909090909091,0.011904761904761904,0.22764227642276422,0.15835669963570118,0.05059168813837196,0.1111111111111111,0.017699115044247787,0.33532934131736525
networkbancor,0.75,3.0,0,0.2508456507959421,0.06945692734504212,0.25,0.0,0.45,0.057009639073116083,0.023607185956420692,0.043478260869565216,0.0,0.17391304347826086,0.09199581023275853,0.03432863833902944,0.1,0.0,0.24806201550387597
networkbancor,0.75,3.0,0.1,0.25929683679974236,0.07270693347108569,0.25,0.0,0.5454545454545454,0.05908454216511252,0.02505751203789909,0.02857142857142857,0.0,0.19834710743801653,0.09528974470382683,0.03644043861446193,0.06557377049180327,0.0,0.2909090909090909
networkbancor,0.75,3.0,0.25,0.26100841068470504,0.07230105414715729,0.2222222222222222,0.0,0.5681818181818182,0.059562403493941006,0.025657423363681237,0.05263157894736842,0.0,0.2066115702479339,0.09603860934757957,0.037243792979321524,0.0,0.0,0.30303030303030304
networkbancor,0.75,3.0,0.5,0.27916998115283187,0.07658839271419618,0.25,0.0,0.5681818181818182,0.06336371673277591,0.026441900768397933,0.041666666666666664,0.0,0.2066115702479339,0.10226645942175702,0.03837712758718954,0.07142857142857142,0.0,0.30303030303030304
networkbancor,0.75,3.0,0.75,0.2912254125236407,0.07748077163827165,0.3333333333333333,0.0,0.55,0.06616336983177505,0.026375575290932554,0.046511627906976744,0.0,0.19008264462809918,0.10680184420328766,0.038449501574741675,0.07692307692307693,0.0,0.2787878787878788
networkbancor,0.75,3.0,1.0,0.307997987344421,0.07847464031796701,0.25,0.0425531914893617,0.5681818181818182,0.06994174597647135,0.027538892300268424,0.058823529411764705,0.010050251256281407,0.2066115702479339,0.11289967484916236,0.03990939496931681,0.0875,0.016260162601626015,0.30303030303030304
networkbancor,0.75,3.0,2.0,0.35439263240274826,0.08728614235782858,0.3333333333333333,0.06896551724137931,0.6136363636363636,0.08029430259383315,0.03070039439376194,0.07692307692307693,0.020100502512562814,0.2231404958677686,0.12966397042760072,0.04435096232115848,0.1111111111111111,0.03252032520325203,0.32727272727272727
networkbancor,0.75,3.0,3.0,0.3965136620099408,0.09565183864438795,0.5,0.034482758620689655,0.6666666666666666,0.08969390762945995,0.03328660068386804,0.0625,0.011904761904761904,0.2231404958677686,0.144914810085242,0.04815871734146096,0.13043478260869565,0.017699115044247787,0.32727272727272727
networkbancor,0.75,3.0,5.0,0.4316178278841482,0.09976947094320322,0.5,0.0,0.6851851851851852,0.09743780065383778,0.03492728047352882,0.09090909090909091,0.0,0.24793388429752067,0.15748857958326629,0.0503663746828309,0.11538461538461539,0.0,0.36363636363636365
networkbancor,0.75,5.0,0,0.25360328541207183,0.07806170827321292,0.25,0.0,0.5454545454545454,0.05758365364194458,0.025641576487023438,0.04,0.0,0.19834710743801653,0.09294116740623187,0.03768080438707276,0.0,0.0,0.2909090909090909
networkbancor,0.75,5.0,0.1,0.2581315927653798,0.08245006420482696,0.2,0.0,0.5909090909090909,0.05844987888199528,0.02629857330492419,0.057692307692307696,0.0,0.21487603305785125,0.09437387720446273,0.038678252466201005,0.05008347245409015,0.0,0.3151515151515151
networkbancor,0.75,5.0,0.25,0.2629978203163941,0.08112277699694392,0.25,0.0625,0.5227272727272727,0.05977322873700912,0.026765770639471633,0.045454545454545456,0.01680672268907563,0.19008264462809918,0.09645898341208316,0.039303170459359764,0.13333333333333333,0.026490066225165563,0.2787878787878788
networkbancor,0.75,5.0,0.5,0.27357630312840325,0.0830236005301704,0.25,0.0,0.5681818181818182,0.06200247378221139,0.02706620285946465,0.10344827586206896,0.0,0.2066115702479339,0.10010131263915777,0.039711277743641964,0.08521303258145363,0.0,0.30303030303030304
networkbancor,0.75,5.0,0.75,0.2834480740299456,0.08593954476363685,0.3333333333333333,0.030303030303030304,0.5681818181818182,0.06416045951636343,0.02762392346489503,0.02857142857142857,0.008130081300813009,0.2066115702479339,0.1036216998421403,0.04061191336568713,0.12093023255813953,0.012820512820512822,0.30303030303030304
networkbancor,0.75,5.0,1.0,0.28870077591493104,0.08284320180014118,0.25,0.0,0.5681818181818182,0.06530559158199871,0.02713390923266488,0.046511627906976744,0.0,0.2066115702479339,0.10548086542739013,0.03970584774131264,0.13333333333333333,0.0,0.30303030303030304
networkbancor,0.75,5.0,2.0,0.3239726948086272,0.08949793106722603,0.3333333333333333,0.0,0.6136363636363636,0.07339068014937851,0.030071607832687378,0.058823529411764705,0.0,0.2231404958677686,0.11853107583020875,0.04393577178460606,0.08695652173913043,0.0,0.32727272727272727
networkbancor,0.75,5.0,3.0,0.36527975429881937,0.09749048791793488,0.3333333333333333,0.0,0.6136363636363636,0.08247327181603543,0.03193491305000764,0.09090909090909091,0.0,0.2231404958677686,0.13330276302430177,0.04671288667111531,0.0,0.0,0.32727272727272727
networkbancor,0.75,5.0,5.0,0.41711169325363817,0.10588152595244463,0.5,0.0,0.6818181818181818,0.09423881955446277,0.035979030691142916,0.08333333333333333,0.0,0.24793388429752067,0.1522985650399901,0.0523436779858039,0.15384615384615385,0.0,0.36363636363636365
networkbancor,1.0,0,0,0.10421005467711365,0.05803641644415585,0.0,0.0,0.38497652582159625,0.024578106681543352,0.017094979817206264,0.0,0.0,0.09090909090909091,0.03936731369966907,0.025832188329846722,0.0,0.0,0.13333333333333333
networkbancor,1.0,0,0.1,0.1058297666544008,0.05540111814481735,0.14285714285714285,0.0,0.38967136150234744,0.024740177540830147,0.01583726115969733,0.0,0.0,0.1056338028169014,0.039697280704792406,0.023990894812483326,0.0,0.0,0.15384615384615383
networkbancor,1.0,0,0.25,0.12032423095299655,0.06053021757758332,0.0,0.0,0.37037037037037035,0.028072669687101225,0.018029571041056926,0.0,0.0,0.11299435028248588,0.045057594271115775,0.02716997376271876,0.0,0.0,0.17316017316017315
networkbancor,1.0,0,0.5,0.14080735490556784,0.06376091518396566,0.14285714285714285,0.0,0.431924882629108,0.03286573235695344,0.020018210312392645,0.017699115044247787,0.0,0.14049586776859505,0.052737811204857064,0.02980679137849323,0.04255319148936171,0.0,0.20606060606060608
networkbancor,1.0,0,0.75,0.16827311490265698,0.06570936615521486,0.2,0.0,0.4084507042253521,0.03885500601679974,0.021044130192045846,0.023809523809523808,0.0,0.14788732394366197,0.06249052657603955,0.03120478108269955,0.038461538461538464,0.0,0.2153846153846154
networkbancor,1.0,0,1.0,0.1973255019715814,0.0748565688365478,0.2,0.0196078431372549,0.4074074074074074,0.04572821356453633,0.024494434866914966,0.033854166666666664,0.0043859649122807015,0.14084507042253522,0.07350661947298029,0.03632154548482637,0.02127659574468085,0.007168458781362007,0.20512820512820512
networkbancor,1.0,0,2.0,0.31882097039251445,0.08188125139183793,0.3333333333333333,0.034482758620689655,0.5660377358490566,0.07261654892196304,0.02955547197863853,0.05263157894736842,0.010050251256281407,0.2112676056338028,0.11716134053918915,0.04285617140249467,0.07058823529411765,0.016260162601626015,0.30769230769230765
networkbancor,1.0,0,3.0,0.39061023429687325,0.09343873354326206,0.5,0.034482758620689655,0.65,0.08822498487880176,0.03220086629471223,0.1,0.011904761904761904,0.2032520325203252,0.14258729874214846,0.04663298055945202,0.13333333333333333,0.017699115044247787,0.30303030303030304
networkbancor,1.0,0,5.0,0.4237770872842536,0.10239043318594239,0.5,0.034482758620689655,0.7037037037037037,0.09550913435973829,0.034358938970535206,0.09302325581395349,0.011904761904761904,0.2396694214876033,0.1544295618010085,0.04988179110862707,0.23076923076923075,0.017699115044247787,0.35151515151515156
networkbancor,1.0,0.1,0,0.10209417590361737,0.054647595895340004,0.07692307692307693,0.0,0.38028169014084506,0.023705934276150677,0.015782382514887245,0.0,0.0,0.11267605633802817,0.03807283049113898,0.02389007069915585,0.0,0.0,0.1641025641025641
networkbancor,1.0,0.1,0.1,0.11161975838419474,0.05623945085873689,0.1,0.0,0.40375586854460094,0.026017039383283407,0.016570349826210844,0.0,0.0,0.09859154929577464,0.041769710367356445,0.024997753853851497,0.0,0.0,0.14358974358974358
networkbancor,1.0,0.1,0.25,0.12398043506900751,0.056105081532604406,0.125,0.0,0.38967136150234744,0.028942105151192898,0.016985056023004777,0.0,0.0,0.09154929577464789,0.04645748699749847,0.025501245124788675,0.0,0.0,0.13636363636363635
networkbancor,1.0,0.1,0.5,0.14939674756013593,0.062427951364839744,0.14285714285714285,0.0,0.35185185185185186,0.03481638214264047,0.02021522419063217,0.0,0.0,0.11363636363636363,0.05590490741409842,0.030060149830889334,0.0,0.0,0.16666666666666666
networkbancor,1.0,0.1,0.75,0.17582438872818046,0.0657935832401026,0.16666666666666666,0.03125,0.45539906103286387,0.04081087259409647,0.02168723762703606,0.03546099290780142,0.0064516129032258064,0.125,0.0655772466854928,0.03204132990157782,0.044444444444444446,0.0106951871657754,0.18333333333333332
networkbancor,1.0,0.1,1.0,0.20431222423116827,0.07010462151894072,0.25,0.0,0.4084507042253521,0.04716487110117648,0.023703105992870267,0.038461538461538464,0.0,0.15217391304347827,0.07587041029418974,0.0349119477412074,0.03846153846153846,0.0,0.21705426356589147
networkbancor,1.0,0.1,2.0,0.3249332970583844,0.08400546674903639,0.3333333333333333,0.0425531914893617,0.5370370370370371,0.07406228017328817,0.030162257929348915,0.07692307692307693,0.010050251256281407,0.19767441860465115,0.11948415519097044,0.04374336238000848,0.16216216216216217,0.016260162601626015,0.28813559322033894
networkbancor,1.0,0.1,3.0,0.3895267572392371,0.09906689513707358,0.5,0.0,0.65,0.08809555700316764,0.033810047312241576,0.07692307692307693,0.0,0.2231404958677686,0.1423246544208068,0.049100179846539777,0.125,0.0,0.32727272727272727
networkbancor,1.0,0.1,5.0,0.42536029147752713,0.10643703981919887,0.42857142857142855,0.0,0.7045454545454546,0.09607901117162487,0.03647350315892016,0.05357142857142857,0.0,0.256198347107438,0.15526655666303307,0.052885981070833275,0.11009174311926605,0.0,0.37575757575757573
networkbancor,1.0,0.25,0,0.11277063681970227,0.05759041138917921,0.0,0.0,0.323943661971831,0.02641945273224827,0.017119232204444185,0.0,0.0,0.0963855421686747,0.04236676022914596,0.02572678436775468,0.0,0.0,0.14130434782608697
networkbancor,1.0,0.25,0.1,0.12065377828948691,0.05447308030179811,0.1111111111111111,0.0,0.38497652582159625,0.028188135708256602,0.01654682253403599,0.0,0.0,0.09782608695652174,0.04523205963161077,0.0247759519195201,0.0,0.0,0.13953488372093026
networkbancor,1.0,0.25,0.25,0.13684615166503966,0.062994426306616,0.15384615384615385,0.0,0.39906103286384975,0.03179913503254342,0.01929750280077642,0.0,0.0,0.13043478260869565,0.05106551255371885,0.028838490638341766,0.0,0.0,0.18604651162790697
networkbancor,1.0,0.25,0.5,0.16257680038533168,0.06682010814336503,0.14285714285714285,0.0,0.3755868544600939,0.038093442583702834,0.021668992174621145,0.023809523809523808,0.0,0.11956521739130435,0.061105002776893,0.03223816456774197,0.0625,0.0,0.17054263565891473
networkbancor,1.0,0.25,0.75,0.18799610940253325,0.07018481855223173,0.25,0.0,0.4444444444444444,0.043491216456760205,0.02299566752986208,0.030303030303030304,0.0,0.14084507042253522,0.06994620063768225,0.034065254460367955,0.07142857142857142,0.0,0.2077922077922078
networkbancor,1.0,0.25,1.0,0.219800682476388,0.06967265081517063,0.25,0.0659025787965616,0.4603174603174603,0.05054397846194002,0.023759638549653732,0.038461538461538464,0.011627906976744186,0.14720812182741116,0.08138451760105846,0.03492439635244302,0.061946902654867256,0.020512820512820516,0.22307692307692306
networkbancor,1.0,0.25,2.0,0.3298637734381336,0.08307975776433557,0.3333333333333333,0.0,0.5909090909090909,0.07499617490661813,0.02997054382605169,0.07142857142857142,0.0,0.21487603305785125,0.12103413676215964,0.043347150292258455,0.10256410256410256,0.0,0.3151515151515151
networkbancor,1.0,0.25,3.0,0.3876006186443281,0.09367265032413823,0.42857142857142855,0.034482758620689655,0.6071428571428571,0.08771186252352015,0.03295799304746483,0.09090909090909091,0.011904761904761904,0.21487603305785125,0.14170188477987802,0.04766472473561901,0.13043478260869565,0.017699115044247787,0.3151515151515151
networkbancor,1.0,0.25,5.0,0.4264893395424206,0.10335228953969572,0.5,0.06896551724137931,0.7,0.09621484610561618,0.03505500216523182,0.08333333333333333,0.023391812865497075,0.24793388429752067,0.15552581440936866,0.050741569630065445,0.19883040935672514,0.035398230088495575,0.36363636363636365
networkbancor,1.0,0.5,0,0.13209526599025417,0.05500533307708278,0.125,0.0,0.38497652582159625,0.030777783547310728,0.017414155989177345,0.020833333333333332,0.0,0.11299435028248588,0.04942863524638921,0.025939137955537327,0.0,0.0,0.17316017316017315
networkbancor,1.0,0.5,0.1,0.14337575090135812,0.06039474898860766,0.16666666666666666,0.0,0.3755868544600939,0.03334720501346399,0.018859353364026075,0.0,0.0,0.1065989847715736,0.053560856643761645,0.028126383493048662,0.0,0.0,0.16153846153846152
networkbancor,1.0,0.5,0.25,0.15619706147157875,0.06197889352060249,0.16666666666666666,0.0,0.40625,0.036082748991818875,0.02005737459886837,0.0,0.0,0.1511627906976744,0.058027013907286054,0.029704237202806943,0.0,0.0,0.22033898305084743
networkbancor,1.0,0.5,0.5,0.18115139475051378,0.06272594237655363,0.2,0.0,0.39906103286384975,0.04211542526749623,0.021538682371081197,0.030303030303030304,0.0,0.11627906976744186,0.06766459070002376,0.03166310886560121,0.0,0.0,0.17679558011049723
networkbancor,1.0,0.5,0.75,0.21309585374855422,0.06983564165612206,0.2,0.0,0.4090909090909091,0.04895412289971819,0.023632426222526377,0.038461538461538464,0.0,0.1487603305785124,0.07882802264184277,0.03477076229768963,0.06557377049180327,0.0,0.2181818181818182
networkbancor,1.0,0.5,1.0,0.2428819834852527,0.07079871439072082,0.25,0.0,0.4444444444444444,0.05554533576203407,0.024569902050916716,0.08333333333333333,0.0,0.1590909090909091,0.08954113169659499,0.036014281800607534,0.08695652173913043,0.0,0.23333333333333334
networkbancor,1.0,0.5,2.0,0.3433255294282636,0.08495458039965388,0.3333333333333333,0.034482758620689655,0.5909090909090909,0.07795790669669811,0.030546058751115452,0.07142857142857142,0.011904761904761904,0.21487603305785125,0.12584482076051964,0.04411088301247556,0.10256410256410256,0.017699115044247787,0.3151515151515151
networkbancor,1.0,0.5,3.0,0.39363830908043124,0.09468609639356079,0.5,0.034482758620689655,0.6785714285714286,0.0888445417001477,0.03208511525419148,0.08695652173913043,0.011904761904761904,0.2066115702479339,0.14361618458887263,0.046575190315980966,0.1016949152542373,0.017699115044247787,0.30303030303030304
networkbancor,1.0,0.5,5.0,0.42989279077686154,0.10414306823276955,0.5,0.034482758620689655,0.75,0.09704604829330012,0.035697439526750356,0.09090909090909091,0.011904761904761904,0.2727272727272727,0.15684516881845814,0.05162594569664344,0.15053763440860216,0.017699115044247787,0.39999999999999997
networkbancor,1.0,0.75,0,0.15540880005659607,0.06318305037592284,0.16666666666666666,0.0,0.43243243243243246,0.036137826565398816,0.02122812165543561,0.022727272727272728,0.0,0.17391304347826086,0.0580293251988681,0.03127192957448854,0.05128205128205128,0.0,0.24806201550387597
networkbancor,1.0,0.75,0.1,0.16425252388529038,0.060354331926616836,0.125,0.0,0.37089201877934275,0.038220061036765327,0.020600242715785835,0.028645833333333332,0.0,0.13380281690140844,0.06140117583175209,0.030382884598442027,0.05128205128205128,0.0,0.19487179487179485
networkbancor,1.0,0.75,0.25,0.17580587862669975,0.06339836496909865,0.2,0.0,0.3968253968253968,0.040490622269746854,0.020328704322593875,0.0,0.0,0.12690355329949238,0.0651714341918345,0.030140715941544327,0.0,0.0,0.1923076923076923
networkbancor,1.0,0.75,0.5,0.20555004046745246,0.06570461026345155,0.2,0.0,0.4444444444444444,0.04762753068356444,0.02299392994156995,0.047619047619047616,0.0,0.13821138211382114,0.07658334490224562,0.03369458732443305,0.08695652173913043,0.0,0.2077922077922078
networkbancor,1.0,0.75,0.75,0.23358469966516918,0.07319537734199748,0.2,0.0,0.4375,0.05343203483945023,0.024611426523825048,0.03773584905660377,0.0,0.1487603305785124,0.08610651604067042,0.03614156614062273,0.0,0.0,0.2181818181818182
networkbancor,1.0,0.75,1.0,0.26088937668449086,0.07603513485875696,0.25,0.0,0.5,0.059724773223021,0.027090715459354337,0.07142857142857142,0.0,0.16304347826086957,0.09622036404218916,0.03932255976924806,0.0,0.0,0.23728813559322032
networkbancor,1.0,0.75,2.0,0.3454179598761961,0.09010387001049332,0.3333333333333333,0.0,0.7045454545454546,0.07842506877637197,0.032010115544664104,0.07317073170731707,0.0,0.256198347107438,0.12659206724772043,0.04631880979936422,0.09448818897637795,0.0,0.37575757575757573
networkbancor,1.0,0.75,3.0,0.3947705060700284,0.09874086089917426,0.5,0.0,0.6481481481481481,0.08923360509405256,0.03403111966434843,0.06521739130434782,0.0,0.22764227642276422,0.14419022124848166,0.049383314413619005,0.14285714285714285,0.0,0.33532934131736525
networkbancor,1.0,0.75,5.0,0.4295157105010018,0.1031884437938441,0.5,0.0,0.7142857142857143,0.09696596852614314,0.035461761005095634,0.0625,0.0,0.24793388429752067,0.15672156818303168,0.05132321465597682,0.1276595744680851,0.0,0.36363636363636365
networkbancor,1.0,1.0,0,0.18108469745276054,0.059105478437321876,0.25,0.0,0.4186046511627907,0.04133794536212507,0.01924830507562167,0.034482758620689655,0.0,0.13043478260869565,0.0666473236006402,0.02837605299028574,0.0,0.0,0.1988950276243094
networkbancor,1.0,1.0,0.1,0.18331973462595633,0.058227980090011566,0.16666666666666666,0.0,0.37089201877934275,0.04193332434835002,0.019115470917831872,0.025,0.0,0.11627906976744186,0.06757348973814305,0.028116332508149846,0.0,0.0,0.16969696969696968
networkbancor,1.0,1.0,0.25,0.199529321317631,0.06582658383896646,0.16666666666666666,0.030303030303030304,0.4318181818181818,0.045929976779717614,0.02277964917562158,0.02857142857142857,0.008130081300813009,0.15702479338842976,0.07390426600962542,0.0332309615670104,0.07142857142857142,0.012820512820512822,0.23030303030303031
networkbancor,1.0,1.0,0.5,0.22512606442598432,0.06841672377181363,0.25,0.0,0.4318181818181818,0.05148819275928819,0.023317324915478194,0.03389830508474576,0.0,0.15702479338842976,0.08297908994135035,0.03413515400948331,0.0,0.0,0.23030303030303031
networkbancor,1.0,1.0,0.75,0.2496063503153621,0.0687320873136731,0.2222222222222222,0.047619047619047616,0.46296296296296297,0.05693364985357517,0.02394503182944601,0.07692307692307693,0.012048192771084338,0.16901408450704225,0.09182667169517836,0.034905729808976375,0.1,0.019230769230769232,0.24615384615384614
networkbancor,1.0,1.0,1.0,0.26721855185584625,0.0747520293571377,0.25,0.034482758620689655,0.4807692307692308,0.06103268755032442,0.02606026486600318,0.08333333333333333,0.010050251256281407,0.17073170731707318,0.09841331363895159,0.03800932249397253,0.07048458149779735,0.016260162601626015,0.25149700598802394
networkbancor,1.0,1.0,2.0,0.35137290506325497,0.0887212048863483,0.3333333333333333,0.034482758620689655,0.6,0.07943347289128203,0.030006424110226065,0.07142857142857142,0.011904761904761904,0.2112676056338028,0.1283430266173707,0.04354522908587659,0.11538461538461539,0.017699115044247787,0.30769230769230765
networkbancor,1.0,1.0,3.0,0.3960492295085156,0.09507930165314088,0.5,0.047619047619047616,0.6666666666666666,0.08955363320804932,0.03279316181349301,0.0625,0.012048192771084338,0.2231404958677686,0.14470426590781776,0.04749120913008875,0.1,0.019230769230769232,0.32727272727272727
networkbancor,1.0,1.0,5.0,0.4298998420048967,0.10299903862954901,0.5,0.047619047619047616,0.7142857142857143,0.09706260160893895,0.03515768583712118,0.09090909090909091,0.012048192771084338,0.24793388429752067,0.15686743059214378,0.0508215020949561,0.18181818181818182,0.019230769230769232,0.36363636363636365
networkbancor,1.0,2.0,0,0.22144022437019625,0.06340938931248276,0.25,0.034482758620689655,0.4090909090909091,0.050293148833655404,0.02133842976719197,0.06896551724137931,0.010752688172043012,0.1487603305785124,0.08115291938968375,0.03108663472760518,0.047961630695443645,0.01652892561983471,0.2181818181818182
networkbancor,1.0,2.0,0.1,0.2274965415134333,0.06751504260023526,0.2,0.0,0.4583333333333333,0.05184385796488603,0.023047712548565236,0.03125,0.0,0.1652892561983471,0.08360570150636834,0.03361127306554191,0.07692307692307693,0.0,0.24242424242424243
networkbancor,1.0,2.0,0.25,0.24048140281194588,0.06781617161182106,0.2222222222222222,0.0,0.45454545454545453,0.05463579381608354,0.02269211367850051,0.05,0.0,0.1652892561983471,0.08817224701306209,0.033087165121566287,0.08849557522123894,0.0,0.24242424242424243
networkbancor,1.0,2.0,0.5,0.2595335603387407,0.07066235687129215,0.25,0.034482758620689655,0.5227272727272727,0.05915317223286185,0.025198841217697127,0.03571428571428571,0.010050251256281407,0.19008264462809918,0.09539896239326663,0.036508182927560646,0.06557377049180327,0.016260162601626015,0.2787878787878788
networkbancor,1.0,2.0,0.75,0.2737434842463156,0.0748956785885746,0.2857142857142857,0.0,0.5227272727272727,0.06215343668539935,0.025304015067938047,0.05,0.0,0.19008264462809918,0.10033410585806972,0.036946080858547635,0.0717948717948718,0.0,0.2787878787878788
networkbancor,1.0,2.0,1.0,0.29121478353480235,0.07991913993497451,0.3333333333333333,0.0,0.5,0.06609665020039589,0.027215618393987548,0.058823529411764705,0.0,0.18627450980392157,0.10669224562379566,0.0396181169979364,0.0851063829787234,0.0,0.2695035460992907
networkbancor,1.0,2.0,2.0,0.3509952312237714,0.08602682733109739,0.3333333333333333,0.0,0.6,0.0793020843176987,0.029470576994029423,0.12931034482758622,0.0,0.21487603305785125,0.12813852076869262,0.04266050266307669,0.14285714285714285,0.0,0.3151515151515151
networkbancor,1.0,2.0,3.0,0.39611442442917116,0.0924802079667862,0.3333333333333333,0.09375,0.65,0.08953227227955549,0.03237262529254165,0.06666666666666667,0.024691358024691357,0.2231404958677686,0.14469030340554118,0.04677544274105262,0.16666666666666666,0.03973509933774835,0.32727272727272727
networkbancor,1.0,2.0,5.0,0.4313920745164842,0.10095088274628355,0.5,0.034482758620689655,0.7045454545454546,0.09743449238592031,0.03523534058699146,0.05714285714285714,0.011904761904761904,0.256198347107438,0.1574768439698115,0.05091595267568126,0.13043478260869565,0.017699115044247787,0.37575757575757573
networkbancor,1.0,3.0,0,0.24359409818205358,0.06882507351029331,0.25,0.0,0.5,0.055282618713690404,0.02303783812237906,0.045454545454545456,0.0,0.18181818181818182,0.08923165335277858,0.033601175323174436,0.07692307692307693,0.0,0.26666666666666666
networkbancor,1.0,3.0,0.1,0.2450634238480656,0.06949794931519211,0.25,0.0,0.45454545454545453,0.05557422289390659,0.022953198644247354,0.058823529411764705,0.0,0.1652892561983471,0.08971121851515207,0.03347262075647767,0.06382978723404255,0.0,0.24242424242424243
networkbancor,1.0,3.0,0.25,0.2540676966190233,0.07167733097988208,0.25,0.0,0.4772727272727273,0.057645826290925406,0.02407419650254302,0.03571428571428571,0.0,0.17355371900826447,0.09304793736368201,0.03510948790387072,0.08695652173913043,0.0,0.2545454545454546
networkbancor,1.0,3.0,0.5,0.27248727832285285,0.07713694671205197,0.3333333333333333,0.0,0.5227272727272727,0.0619482770251673,0.026202420222540306,0.046511627906976744,0.0,0.19008264462809918,0.09995641952511268,0.0381767467022856,0.0,0.0,0.2787878787878788
networkbancor,1.0,3.0,0.75,0.28602364237850325,0.07610781165979767,0.3333333333333333,0.034482758620689655,0.5227272727272727,0.0647401476093654,0.025442020004182875,0.058823529411764705,0.011904761904761904,0.19008264462809918,0.1045668632044104,0.037043461908560026,0.10619469026548672,0.017699115044247787,0.2787878787878788
networkbancor,1.0,3.0,1.0,0.29617323436318826,0.07795587746996598,0.25,0.0,0.5454545454545454,0.06722863882049301,0.027038810497152923,0.0625,0.0,0.19834710743801653,0.10852045153484022,0.039227942962495696,0.15384615384615385,0.0,0.2909090909090909
networkbancor,1.0,3.0,2.0,0.3493439610589741,0.08826512126040416,0.35714285714285715,0.0,0.6,0.0790426643854499,0.030119271986772164,0.06451612903225806,0.0,0.2066115702479339,0.1276944189148512,0.04372136079452424,0.12345679012345678,0.0,0.30303030303030304
networkbancor,1.0,3.0,3.0,0.39492683912728227,0.09472367601999597,0.5,0.0,0.6785714285714286,0.08933684404447002,0.03336409621259499,0.1111111111111111,0.0,0.2396694214876033,0.14433438847863891,0.048236405752007785,0.10256410256410256,0.0,0.35151515151515156
networkbancor,1.0,3.0,5.0,0.4331695595732817,0.09783141271872518,0.5,0.034482758620689655,0.7,0.09765977439537583,0.03401767108648275,0.09090909090909091,0.011904761904761904,0.24793388429752067,0.15788632543912542,0.04897139972203605,0.11538461538461539,0.017699115044247787,0.36363636363636365
networkbancor,1.0,5.0,0,0.25013011749398784,0.076498834167406,0.3333333333333333,0.0,0.5,0.056568594158050274,0.02402535855459843,0.08333333333333333,0.0,0.18181818181818182,0.09137795955098033,0.03542703011839733,0.08695652173913043,0.0,0.26666666666666666
networkbancor,1.0,5.0,0.1,0.2539296814438925,0.07680424025647502,0.25,0.0,0.5227272727272727,0.05729155086228306,0.02453677132666079,0.045454545454545456,0.0,0.19008264462809918,0.09258207621968538,0.03607217082598982,0.06382978723404255,0.0,0.2787878787878788
networkbancor,1.0,5.0,0.25,0.2622887846790834,0.08127148006051033,0.25,0.0,0.5,0.059251992051497136,0.025358893585265517,0.045454545454545456,0.0,0.18181818181818182,0.09571222576422338,0.037290265561796286,0.047058823529411764,0.0,0.26666666666666666
networkbancor,1.0,5.0,0.5,0.2670714017576748,0.08030367183055329,0.25,0.0,0.5384615384615384,0.060488973429345026,0.026238444713522397,0.03225806451612903,0.0,0.20588235294117646,0.09766575088065478,0.0383964926471581,0.13333333333333333,0.0,0.2978723404255319
networkbancor,1.0,5.0,0.75,0.28127593680182317,0.08477118307204325,0.25,0.0,0.5909090909090909,0.06368906482986159,0.027634739432280207,0.05555555555555555,0.0,0.21487603305785125,0.10284233656527568,0.0405424990311172,0.1,0.0,0.3151515151515151
networkbancor,1.0,5.0,1.0,0.28868616254412716,0.08357361917396909,0.25,0.0,0.55,0.0653181308274412,0.027029334424409784,0.07142857142857142,0.0,0.19607843137254902,0.10550982593903613,0.03964143205281998,0.0,0.0,0.28368794326241137
networkbancor,1.0,5.0,2.0,0.32269960457657754,0.08818028585702523,0.3333333333333333,0.0,0.5909090909090909,0.07296703245573088,0.0291831283710979,0.07142857142857142,0.0,0.21487603305785125,0.11788219668012112,0.042601160901720565,0.07650273224043715,0.0,0.3151515151515151
networkbancor,1.0,5.0,3.0,0.36200333457661643,0.09546559894895004,0.5,0.034482758620689655,0.6818181818181818,0.08171726891696346,0.03170361310631791,0.07692307692307693,0.011904761904761904,0.24793388429752067,0.1320724929692649,0.04621347823022743,0.13043478260869565,0.017699115044247787,0.36363636363636365
networkbancor,1.0,5.0,5.0,0.4156143461891744,0.10357181097426965,0.5,0.0,0.7272727272727273,0.09386433432295332,0.03533433455506684,0.09090909090909091,0.0,0.2644628099173554,0.15170779961473554,0.051346580940060775,0.10256410256410256,0.0,0.3878787878787879
networkbancor,2.0,0,0,0.07838445635700074,0.04876222342814263,0.0,0.0,0.37089201877934275,0.018436505902494734,0.013583612868302236,0.0,0.0,0.075,0.02953361605353957,0.020662165181743936,0.0,0.0,0.1139240506329114
networkbancor,2.0,0,0.1,0.08580792908051482,0.050571049964631826,0.0,0.0,0.3568075117370892,0.020208970554750946,0.014627340329090927,0.0,0.0,0.07608695652173914,0.03235834335877278,0.022127462994616175,0.0,0.0,0.11255411255411255
networkbancor,2.0,0,0.25,0.09402305937514803,0.05444201190067837,0.0,0.0,0.40375586854460094,0.021944597639444213,0.01540878803585696,0.0,0.0,0.08823529411764706,0.035191637478430605,0.023293721109660968,0.0,0.0,0.12765957446808512
networkbancor,2.0,0,0.5,0.11130670269191374,0.05283646363652392,0.14285714285714285,0.0,0.4131455399061033,0.025751362900057306,0.015308075214720739,0.023255813953488372,0.0,0.10869565217391304,0.04139659351730237,0.02303625981093092,0.0,0.0,0.15503875968992248
networkbancor,2.0,0,0.75,0.13203857984614706,0.06037646640408059,0.125,0.0,0.39906103286384975,0.030818649213003164,0.018598463012498644,0.0,0.0,0.1056338028169014,0.04947942499979956,0.027872788720558758,0.038461538461538464,0.0,0.15384615384615383
networkbancor,2.0,0,1.0,0.16109497329963637,0.0632672239929464,0.14285714285714285,0.0,0.39473684210526316,0.03715423857965204,0.019877175918631168,0.038461538461538464,0.0,0.12096774193548387,0.05977581548115316,0.02955910807445867,0.038461538461538464,0.0,0.18518518518518517
networkbancor,2.0,0,2.0,0.2840063570176113,0.08241264758649627,0.2857142857142857,0.0,0.5370370370370371,0.06501396435100987,0.029104844434291826,0.07142857142857142,0.0,0.19008264462809918,0.10479552219131193,0.04256413085213914,0.07692307692307693,0.0,0.2787878787878788
networkbancor,2.0,0,3.0,0.3695212465251059,0.09083807919627819,0.3333333333333333,0.0,0.6428571428571429,0.08355754809577132,0.03147566937080997,0.0625,0.0,0.2066115702479339,0.13498846204414375,0.045552062987849765,0.14285714285714285,0.0,0.30303030303030304
networkbancor,2.0,0,5.0,0.421622915487177,0.10542760483914984,0.5,0.034482758620689655,0.7142857142857143,0.09516356043087798,0.035503301520663555,0.09090909090909091,0.011904761904761904,0.24509803921568626,0.1538041150039394,0.05146761896545495,0.13333333333333333,0.017699115044247787,0.35460992907801414
networkbancor,2.0,0.1,0,0.08402316625044814,0.0503839825398588,0.0,0.0,0.3380281690140845,0.019666036753588006,0.014765678772915694,0.0,0.0,0.11956521739130435,0.031532020205501846,0.022215877778025712,0.0,0.0,0.17054263565891473
networkbancor,2.0,0.1,0.1,0.08891702092856829,0.05101218099580288,0.0,0.0,0.39436619718309857,0.02098909739532849,0.01477563109321783,0.0,0.0,0.07614213197969544,0.03360568214895026,0.022336958803252337,0.0,0.0,0.11538461538461538
networkbancor,2.0,0.1,0.25,0.10058206661007052,0.05062708283350213,0.07692307692307693,0.0,0.37089201877934275,0.023343484545168495,0.014267110790697502,0.0,0.0,0.09859154929577464,0.037515385611691154,0.021611476763948496,0.0,0.0,0.14358974358974358
networkbancor,2.0,0.1,0.5,0.12265219680023143,0.0602013373921107,0.1,0.0,0.38967136150234744,0.028439990747139952,0.017055477908231986,0.0,0.0,0.09166666666666666,0.045726313082600084,0.02594963915565783,0.0,0.0,0.14473684210526316
networkbancor,2.0,0.1,0.75,0.14126292123567677,0.06084490227863653,0.1111111111111111,0.0,0.39906103286384975,0.032861019628729074,0.01863120557182311,0.02127659574468085,0.0,0.11267605633802817,0.05280081202835104,0.027968682768650506,0.0,0.0,0.1641025641025641
networkbancor,2.0,0.1,1.0,0.1656556423882199,0.0664916243460995,0.14285714285714285,0.0,0.4131455399061033,0.03842688766545526,0.02174281097701208,0.020833333333333332,0.0,0.12745098039215685,0.06174417757194533,0.03222827249902191,0.0625,0.0,0.18461538461538463
networkbancor,2.0,0.1,2.0,0.29349357296104217,0.08353394405511075,0.25,0.0,0.5185185185185185,0.06697844783043608,0.02894993085473299,0.046875,0.0,0.1744186046511628,0.10801709192676195,0.042309116268013904,0.07058823529411765,0.0,0.2545454545454546
networkbancor,2.0,0.1,3.0,0.37282548171985025,0.09564997467068535,0.3333333333333333,0.047619047619047616,0.6851851851851852,0.08453199619177139,0.033303218817069186,0.08695652173913043,0.012048192771084338,0.20903954802259886,0.1365155540616434,0.04844015945065442,0.13043478260869565,0.019230769230769232,0.3203463203463204
networkbancor,2.0,0.1,5.0,0.42120106299002785,0.10258837526352542,0.5,0.034482758620689655,0.6666666666666666,0.09501462894948035,0.03489144391038346,0.09090909090909091,0.010050251256281407,0.23140495867768596,0.15359183132399498,0.05061864385328922,0.1276595744680851,0.016260162601626015,0.33939393939393936
networkbancor,2.0,0.25,0,0.09021361133895857,0.05285643497452631,0.07142857142857142,0.0,0.40375586854460094,0.021304578436238814,0.015764357522850523,0.0,0.0,0.09782608695652174,0.034084019173860405,0.023584031739374987,0.0,0.0,0.13953488372093026
networkbancor,2.0,0.25,0.1,0.09838624879850394,0.05121614475533775,0.0,0.0,0.3474178403755869,0.022991995189398175,0.015062830876270736,0.0,0.0,0.10743801652892562,0.03689611623038485,0.022721854204676338,0.0,0.0,0.15757575757575756
networkbancor,2.0,0.25,0.25,0.10731079146810842,0.05628136946568885,0.0,0.0,0.38497652582159625,0.024985906531742264,0.01629318327272736,0.0,0.0,0.09859154929577464,0.04010456130278037,0.02459164351953483,0.0,0.0,0.14358974358974358
networkbancor,2.0,0.25,0.5,0.1307694118327937,0.06198996942829764,0.125,0.0,0.36619718309859156,0.030520703402847852,0.018669429568776628,0.0,0.0,0.10526315789473684,0.04900611966551629,0.028111591070700527,0.0,0.0,0.1610738255033557
networkbancor,2.0,0.25,0.75,0.1495606878294374,0.06403106461673495,0.125,0.0,0.40625,0.03450098970066436,0.019909992380876873,0.020689655172413793,0.0,0.12318840579710146,0.05549051410593471,0.02974667208938495,0.03389830508474576,0.0,0.1878453038674033
networkbancor,2.0,0.25,1.0,0.17942078194776961,0.06793503990587163,0.14285714285714285,0.0,0.4225352112676056,0.04133018718971433,0.02173332918587257,0.034482758620689655,0.0,0.14049586776859505,0.06652569857252182,0.0322765054077708,0.04,0.0,0.20606060606060608
networkbancor,2.0,0.25,2.0,0.3041128785310842,0.08753380306706812,0.3333333333333333,0.0,0.5625,0.06925445687519322,0.029634974831422637,0.05384615384615385,0.0,0.19834710743801653,0.11173785539479812,0.04344473844670594,0.1,0.0,0.2909090909090909
networkbancor,2.0,0.25,3.0,0.3797232035305517,0.09328797118672164,0.4,0.0,0.65,0.08563148911194243,0.03137248779863892,0.0625,0.0,0.21487603305785125,0.1384338954833202,0.0456090582347289,0.14285714285714285,0.0,0.3151515151515151
networkbancor,2.0,0.25,5.0,0.4227242874057619,0.1049608854961559,0.5,0.0,0.7,0.09525970647004638,0.03532463270982499,0.078125,0.0,0.2396694214876033,0.15400872369818808,0.05122630028858164,0.15384615384615385,0.0,0.35151515151515156
networkbancor,2.0,0.5,0,0.10409474531845402,0.05185054396813208,0.14285714285714285,0.0,0.352112676056338,0.024306860787273395,0.0156585052999948,0.0,0.0,0.09929078014184398,0.0390152951482508,0.02359240961614801,0.0,0.0,0.15300546448087432
networkbancor,2.0,0.5,0.1,0.11476082241587302,0.05341254957581873,0.1,0.0,0.38497652582159625,0.02666860435763652,0.015576556525886963,0.0,0.0,0.08823529411764706,0.042855951036452435,0.023516677654058297,0.0,0.0,0.13259668508287292
networkbancor,2.0,0.5,0.25,0.1295120458806815,0.060709896631533714,0.1,0.0,0.40375586854460094,0.02999373373939865,0.01795857011207055,0.0,0.0,0.10084033613445378,0.048204429708961764,0.02698084926224971,0.0,0.0,0.1518987341772152
networkbancor,2.0,0.5,0.5,0.15099857010172435,0.06132301377654856,0.125,0.0,0.358974358974359,0.035049195073953154,0.01982358647456659,0.024096385542168676,0.0,0.13725490196078433,0.05631205601716991,0.02936242733240426,0.03496503496503497,0.0,0.19858156028368795
networkbancor,2.0,0.5,0.75,0.17307008418076308,0.0665260200298226,0.16666666666666666,0.0,0.4666666666666667,0.03953799552472985,0.020084528179745386,0.03787878787878788,0.0,0.1510791366906475,0.06372900925110679,0.029980767501302054,0.04761904761904762,0.0,0.22826086956521735
networkbancor,2.0,0.5,1.0,0.20810277651919082,0.07323874406277095,0.16666666666666666,0.0,0.45454545454545453,0.047951012787158694,0.025342423617765588,0.03418803418803419,0.0,0.16666666666666666,0.07714577074809033,0.037142666429965616,0.05,0.0,0.24242424242424243
networkbancor,2.0,0.5,2.0,0.31828908248511834,0.08301313452657991,0.3333333333333333,0.034482758620689655,0.5740740740740741,0.07228885192163516,0.029005566947223275,0.06060606060606061,0.011904761904761904,0.18604651162790697,0.1167009180988209,0.04218380373417355,0.10256410256410256,0.017699115044247787,0.2711864406779661
networkbancor,2.0,0.5,3.0,0.38130623963502563,0.09759845466098474,0.5,0.0,0.6481481481481481,0.08624821058764268,0.03364067110274561,0.1111111111111111,0.0,0.23140495867768596,0.13934293259247812,0.0489017572819688,0.2222222222222222,0.0,0.33939393939393936
networkbancor,2.0,0.5,5.0,0.42334174813609926,0.10583111859319533,0.5,0.0,0.7,0.09532372208095156,0.03468677766387576,0.12121212121212122,0.0,0.2396694214876033,0.1541552516342326,0.05051901064043452,0.0,0.0,0.35151515151515156
networkbancor,2.0,0.75,0,0.1262322059017848,0.05466106592735197,0.2,0.0,0.3333333333333333,0.028925325737974225,0.015880937931023364,0.025806451612903226,0.0,0.1056338028169014,0.046607529765903134,0.02397209483549432,0.030769230769230767,0.0,0.15469613259668508
networkbancor,2.0,0.75,0.1,0.12915833558733444,0.05466987722387574,0.10714285714285714,0.0,0.37089201877934275,0.029923367750979504,0.017120354052917168,0.023255813953488372,0.0,0.11363636363636363,0.048094330425427344,0.025468567043662935,0.030769230769230767,0.0,0.16666666666666666
networkbancor,2.0,0.75,0.25,0.1463033621071054,0.05608598450536312,0.09090909090909091,0.0,0.32432432432432434,0.03371024001355558,0.0178960864295764,0.023255813953488372,0.0,0.13043478260869565,0.05423555728936861,0.026506248490344417,0.0,0.0,0.18604651162790697
networkbancor,2.0,0.75,0.5,0.17547381356028363,0.06392626465215437,0.14285714285714285,0.030303030303030304,0.425,0.04046036097255909,0.021519150813513865,0.03225806451612903,0.008130081300813009,0.13432835820895522,0.0650872411248007,0.03164512995208582,0.05128205128205128,0.012820512820512822,0.20111731843575417
networkbancor,2.0,0.75,0.75,0.20285342938845113,0.06648814624811028,0.2,0.027777777777777776,0.4528301886792453,0.04675844909842819,0.022625991399541908,0.08333333333333333,0.004081632653061225,0.16901408450704225,0.07525948671158754,0.03324331478010037,0.07692307692307691,0.007117437722419929,0.24615384615384614
networkbancor,2.0,0.75,1.0,0.2248037788684798,0.07190854237885516,0.25,0.0,0.4318181818181818,0.051479052615660374,0.024307343684961066,0.058823529411764705,0.0,0.15702479338842976,0.08294487140249059,0.03566073377255179,0.0,0.0,0.23030303030303031
networkbancor,2.0,0.75,2.0,0.322963384100181,0.08645278864421164,0.3333333333333333,0.034482758620689655,0.5454545454545454,0.07316043036468921,0.029367450223437216,0.08333333333333333,0.011904761904761904,0.19834710743801653,0.11816047055059584,0.04284831867968979,0.10256410256410256,0.017699115044247787,0.2909090909090909
networkbancor,2.0,0.75,3.0,0.38274085662125823,0.09618517289780618,0.3333333333333333,0.0,0.6818181818181818,0.0863741606733634,0.03288318475762406,0.07079646017699115,0.0,0.24793388429752067,0.13960457301587698,0.047662643940827205,0.09999999999999999,0.0,0.36363636363636365
networkbancor,2.0,0.75,5.0,0.4213495271700028,0.1046858254967554,0.5,0.0,0.7142857142857143,0.09505625801702823,0.03507086737873183,0.09090909090909091,0.0,0.2396694214876033,0.15364929501342656,0.05087859983230504,0.1111111111111111,0.0,0.35151515151515156
networkbancor,2.0,1.0,0,0.14555892475000887,0.05793700811400015,0.16666666666666666,0.0,0.38967136150234744,0.033677172911634044,0.018366075560186535,0.0,0.0,0.11764705882352941,0.05414730398243528,0.027280675988734758,0.0,0.0,0.1702127659574468
networkbancor,2.0,1.0,0.1,0.15430325287760457,0.06022620855963884,0.16666666666666666,0.0,0.38497652582159625,0.03543551665741616,0.01886105118766637,0.0,0.0,0.11570247933884298,0.057053269262145614,0.02802936634147595,0.0,0.0,0.16969696969696968
networkbancor,2.0,1.0,0.25,0.16671145725166156,0.05752977553997017,0.2,0.0,0.38497652582159625,0.03814265251698651,0.01853833360803398,0.03614457831325301,0.0,0.11299435028248588,0.061448448616500735,0.027322436636820505,0.05,0.0,0.17316017316017315
networkbancor,2.0,1.0,0.5,0.1959295038828308,0.06585039445241939,0.16666666666666666,0.0,0.39215686274509803,0.04484821724573293,0.021836868893347117,0.05172413793103448,0.0,0.14130434782608695,0.07226252087746945,0.03208228416893796,0.07692307692307691,0.0,0.20155038759689922
networkbancor,2.0,1.0,0.75,0.2153238242223751,0.06251512792705588,0.2,0.03125,0.38461538461538464,0.04916262096699004,0.021457307089400662,0.08333333333333333,0.008403361344537815,0.14705882352941177,0.07925626374101478,0.03128855485945929,0.061538461538461535,0.013245033112582781,0.21276595744680854
networkbancor,2.0,1.0,1.0,0.24285149518487545,0.07339160186355927,0.25,0.0,0.5227272727272727,0.05545501056323348,0.02535249591491059,0.045454545454545456,0.0,0.19008264462809918,0.08939150502488329,0.036983119652946685,0.0,0.0,0.2787878787878788
networkbancor,2.0,1.0,2.0,0.3297266825129228,0.0880668733232724,0.25,0.0,0.5833333333333334,0.07483912568475105,0.030087746960185104,0.06779661016949153,0.0,0.19607843137254902,0.12083220070542504,0.043870005432855366,0.0851063829787234,0.0,0.28368794326241137
networkbancor,2.0,1.0,3.0,0.38793261435811544,0.09872230921843347,0.42857142857142855,0.0,0.7142857142857143,0.08757395981353933,0.03324380715247508,0.09090909090909091,0.0,0.22764227642276422,0.14152128814567838,0.04824457489015951,0.1111111111111111,0.0,0.33532934131736525
networkbancor,2.0,1.0,5.0,0.42602224532877153,0.1035476377619801,0.5,0.0,0.7272727272727273,0.09600894210410629,0.0349253323279836,0.09090909090909091,0.0,0.2644628099173554,0.1552353623403981,0.05064926125534628,0.15384615384615385,0.0,0.3878787878787879
networkbancor,2.0,2.0,0,0.20197747264296842,0.06316752630842254,0.2,0.0,0.4318181818181818,0.0457312729268578,0.019889164187598507,0.05084745762711865,0.0,0.15702479338842976,0.07382648664045441,0.029145189843390918,0.061538461538461535,0.0,0.23030303030303031
networkbancor,2.0,2.0,0.1,0.20773710528243625,0.06469809878946517,0.25,0.0,0.4318181818181818,0.047224374772644205,0.021207804150694273,0.05084745762711865,0.0,0.15702479338842976,0.0761866076860419,0.031064711099074282,0.05357142857142857,0.0,0.23030303030303031
networkbancor,2.0,2.0,0.25,0.2146330354636447,0.06360588982415712,0.25,0.0,0.4318181818181818,0.04885976353758689,0.021788195292382302,0.0392156862745098,0.0,0.16304347826086957,0.07879956338529202,0.03171275057125701,0.07692307692307691,0.0,0.23255813953488372
networkbancor,2.0,2.0,0.5,0.23270516347645917,0.06848124212208337,0.25,0.0,0.45454545454545453,0.052826586932098886,0.022863581307499416,0.05263157894736842,0.0,0.1652892561983471,0.08525060164389234,0.03341301146770088,0.0,0.0,0.24242424242424243
networkbancor,2.0,2.0,0.75,0.24890653281574238,0.0763170434813773,0.25,0.0,0.5909090909090909,0.056566798463297034,0.02525564248569738,0.043478260869565216,0.0,0.21487603305785125,0.0912644471546685,0.03697850298692122,0.07920792079207921,0.0,0.3151515151515151
networkbancor,2.0,2.0,1.0,0.26652103111297093,0.07498697419858238,0.25,0.0,0.6,0.060548338084266747,0.025022641514069365,0.07692307692307693,0.0,0.1652892561983471,0.09773509456045805,0.03661127649469219,0.0,0.0,0.24242424242424243
networkbancor,2.0,2.0,2.0,0.3370999833339442,0.08836493679388113,0.3333333333333333,0.047619047619047616,0.6363636363636364,0.07644462652986195,0.0305498952529451,0.07692307692307693,0.012048192771084338,0.23140495867768596,0.12343135680314106,0.04440648241941516,0.10810810810810811,0.019230769230769232,0.33939393939393936
networkbancor,2.0,2.0,3.0,0.38366855753843404,0.09628745317579851,0.5,0.034482758620689655,0.6363636363636364,0.08670209951402605,0.03264121377548236,0.08333333333333333,0.011904761904761904,0.23140495867768596,0.14011208246486906,0.04743751801392153,0.13043478260869565,0.017699115044247787,0.33939393939393936
networkbancor,2.0,2.0,5.0,0.42772015992884077,0.10268683891615636,0.5,0.0,0.7,0.09635102122191302,0.03451965848203982,0.09090909090909091,0.0,0.2396694214876033,0.15579995129049648,0.050071145498015085,0.0,0.0,0.35151515151515156
networkbancor,2.0,3.0,0,0.22484746025178748,0.06304472885381815,0.25,0.0,0.4318181818181818,0.05103395454728125,0.02116859931538883,0.06896551724137931,0.0,0.15702479338842976,0.08237601579512172,0.030858212984373933,0.04240282685512368,0.0,0.23030303030303031
networkbancor,2.0,3.0,0.1,0.22646954184025886,0.06612139209231548,0.25,0.02127659574468085,0.4318181818181818,0.05130144252464812,0.02161182955536329,0.043478260869565216,0.005025125628140704,0.15702479338842976,0.08283456317224587,0.031694057010745666,0.06338028169014084,0.008130081300813007,0.23030303030303031
networkbancor,2.0,3.0,0.25,0.23686703987512744,0.07028192154799677,0.25,0.0,0.4318181818181818,0.05396665805935671,0.023483681921355276,0.0,0.0,0.15702479338842976,0.08705185423230821,0.034460249819719915,0.0,0.0,0.23030303030303031
networkbancor,2.0,3.0,0.5,0.25410740129256343,0.07501886044294138,0.25,0.0,0.5128205128205128,0.05770099247325855,0.024879925418087416,0.05263157894736842,0.0,0.19607843137254902,0.09311203987458698,0.03627687413548094,0.09815950920245399,0.0,0.28368794326241137
networkbancor,2.0,3.0,0.75,0.2632685427794999,0.07299751987260872,0.25,0.0,0.5,0.059528919111729965,0.024111248185643693,0.045454545454545456,0.0,0.18181818181818182,0.09616481407203015,0.03521919720710829,0.06060606060606061,0.0,0.26666666666666666
networkbancor,2.0,3.0,1.0,0.2793171948695171,0.08291504227067974,0.25,0.0,0.6136363636363636,0.0633190834087416,0.02719777826574432,0.07692307692307693,0.0,0.2231404958677686,0.10222815823712052,0.039851459250225145,0.0636042402826855,0.0,0.32727272727272727
networkbancor,2.0,3.0,2.0,0.3342705263311253,0.087374622243091,0.3333333333333333,0.0,0.6136363636363636,0.07554052250627828,0.02930538826378699,0.058823529411764705,0.0,0.2231404958677686,0.12205623165048642,0.04266818504620397,0.13043478260869565,0.0,0.32727272727272727
networkbancor,2.0,3.0,3.0,0.3755180215737825,0.0933611974975293,0.3333333333333333,0.0,0.6590909090909091,0.08475050297398264,0.031512577993607106,0.047619047619047616,0.0,0.2396694214876033,0.1369779324890006,0.04567418233286314,0.1,0.0,0.35151515151515156
networkbancor,2.0,3.0,5.0,0.4269599147004142,0.10279401768945079,0.5,0.0,0.7272727272727273,0.09639450960574894,0.035426192315434465,0.1,0.0,0.2644628099173554,0.15580772404349874,0.05130392198424705,0.13043478260869565,0.0,0.3878787878787879
networkbancor,2.0,5.0,0,0.23845105123356355,0.07687467244315173,0.25,0.0,0.5227272727272727,0.05381339606478559,0.02411801629111477,0.08620689655172414,0.0,0.19008264462809918,0.0869255826900017,0.03541672833270377,0.0,0.0,0.2787878787878788
networkbancor,2.0,5.0,0.1,0.2408297905841091,0.07387909128793214,0.25,0.0,0.5454545454545454,0.05450479590052805,0.023724227326786584,0.06779661016949153,0.0,0.19834710743801653,0.08800490853141825,0.034793744273221634,0.13333333333333333,0.0,0.2909090909090909
networkbancor,2.0,5.0,0.25,0.2491120269990373,0.07590640813905807,0.25,0.0,0.5227272727272727,0.056412640667476324,0.02456210975972446,0.06896551724137931,0.0,0.19008264462809918,0.09108719402080592,0.03602076936626414,0.09090909090909091,0.0,0.2787878787878788
networkbancor,2.0,5.0,0.5,0.2555890142904251,0.08029020425539919,0.3333333333333333,0.0,0.5454545454545454,0.05777202994137263,0.025011062727139217,0.062146892655367235,0.0,0.19834710743801653,0.09332753151339361,0.036947014409477556,0.0,0.0,0.2909090909090909
networkbancor,2.0,5.0,0.75,0.2678870520589328,0.07896216717335491,0.25,0.0,0.5681818181818182,0.06062410529594552,0.0257080114127311,0.058823529411764705,0.0,0.2066115702479339,0.0979022517700442,0.03762094155922494,0.11042944785276074,0.0,0.30303030303030304
networkbancor,2.0,5.0,1.0,0.27549669757646705,0.08227498873204767,0.25,0.0,0.5681818181818182,0.06216361662096519,0.02593859738159774,0.043478260869565216,0.0,0.2066115702479339,0.10044151632871433,0.038055197334755646,0.09090909090909091,0.0,0.30303030303030304
networkbancor,2.0,5.0,2.0,0.30890854772134874,0.09100249982190836,0.25,0.0,0.6363636363636364,0.06991647678607088,0.029554921391006354,0.07692307692307693,0.0,0.23140495867768596,0.11293099756158563,0.04343733948977348,0.0,0.0,0.33939393939393936
networkbancor,2.0,5.0,3.0,0.3490424326763435,0.09674282941562837,0.3333333333333333,0.0,0.7045454545454546,0.07905174941603914,0.03237969525780805,0.09090909090909091,0.0,0.256198347107438,0.12768021581977196,0.047290057279676306,0.0,0.0,0.37575757575757573
networkbancor,2.0,5.0,5.0,0.4098793524016574,0.10153118419430301,0.5,0.047619047619047616,0.75,0.09251246222534357,0.03444700723358035,0.08333333333333333,0.012048192771084338,0.2727272727272727,0.14953393814118277,0.049974585363650195,0.13043478260869565,0.019230769230769232,0.39999999999999997
networkbancor,3.0,0,0,0.07104177742194964,0.04815574929121388,0.0,0.0,0.3568075117370892,0.016556878791778563,0.013242366976911913,0.0,0.0,0.09302325581395349,0.02655659756218305,0.020152923458308415,0.0,0.0,0.13559322033898305
networkbancor,3.0,0,0.1,0.0774815240275297,0.04946842684489235,0.0,0.0,0.3427230046948357,0.017950332503861778,0.013350729441329277,0.0,0.0,0.07746478873239436,0.02881640892106451,0.020370655358739,0.0,0.0,0.11282051282051281
networkbancor,3.0,0,0.25,0.08319952546994956,0.05178520856317232,0.0,0.0,0.38967136150234744,0.01943112152321369,0.013875792649785394,0.0,0.0,0.08433734939759036,0.03118339527300081,0.02121662965490297,0.0,0.0,0.12280701754385964
networkbancor,3.0,0,0.5,0.09685813315062536,0.05170983975679455,0.0,0.0,0.36619718309859156,0.022457873780784673,0.014298626386974217,0.0,0.0,0.09154929577464789,0.036101453550509255,0.021720178626058614,0.0,0.0,0.13333333333333333
networkbancor,3.0,0,0.75,0.11910052799040023,0.05926729166674676,0.09090909090909091,0.0,0.4225352112676056,0.027670677137720933,0.017573648382111298,0.0,0.0,0.1116751269035533,0.04444902145679915,0.026432809467079425,0.0,0.0,0.1692307692307692
networkbancor,3.0,0,1.0,0.1453912833914454,0.06322173112445166,0.16666666666666666,0.0,0.3953488372093023,0.033997226622840895,0.02059467237598266,0.0,0.0,0.1267605633802817,0.05456147503871095,0.030634595723408903,0.0,0.0,0.1878453038674033
networkbancor,3.0,0,2.0,0.2670764361716271,0.08022078270403264,0.3333333333333333,0.0,0.4864864864864865,0.06105326484460053,0.027867179453209188,0.03389830508474576,0.0,0.1652892561983471,0.09841859453625998,0.04080939177851833,0.08695652173913045,0.0,0.24242424242424243
networkbancor,3.0,0,3.0,0.3609215978979966,0.09264068307082171,0.3333333333333333,0.02127659574468085,0.65,0.08168391202988388,0.031987668552873716,0.06976744186046512,0.005025125628140704,0.21487603305785125,0.1319460418181184,0.04643297844559356,0.1092896174863388,0.008130081300813007,0.3151515151515151
networkbancor,3.0,0,5.0,0.4199870355587566,0.10479899271002828,0.5,0.0,0.7142857142857143,0.09459194816324384,0.03465919037425189,0.09090909090909091,0.0,0.22764227642276422,0.15294681427635054,0.050322728616101424,0.18181818181818182,0.0,0.33532934131736525
networkbancor,3.0,0.1,0,0.0736069339066964,0.04586104831588757,0.0,0.0,0.36619718309859156,0.017038998489517013,0.01196398289825181,0.0,0.0,0.06896551724137931,0.02736847386705518,0.018324841260863364,0.0,0.0,0.10596026490066225
networkbancor,3.0,0.1,0.1,0.07800605074625304,0.050016572441723785,0.0,0.0,0.3286384976525822,0.018277992991436787,0.01380529014761131,0.0,0.0,0.07894736842105263,0.029300638801801556,0.02105939211969913,0.0,0.0,0.12080536912751677
networkbancor,3.0,0.1,0.25,0.08508309777445876,0.05098170460874752,0.0,0.0,0.40375586854460094,0.01981308188889509,0.013899373844870923,0.0,0.0,0.07746478873239436,0.03179442502883387,0.021163179418616743,0.0,0.0,0.11282051282051281
networkbancor,3.0,0.1,0.5,0.10323332136862494,0.053851564107838264,0.07142857142857142,0.0,0.37089201877934275,0.02387325724099582,0.015119246115001359,0.0,0.0,0.08771929824561403,0.038392006179784915,0.023014837951278296,0.0,0.0,0.1342281879194631
networkbancor,3.0,0.1,0.75,0.1272975383906142,0.05848908305100918,0.1,0.0,0.39906103286384975,0.029300280457937932,0.017040457799731703,0.016574585635359115,0.0,0.10071942446043165,0.047145694097215286,0.025627073907058512,0.038461538461538464,0.0,0.15217391304347827
networkbancor,3.0,0.1,1.0,0.1462047865579987,0.0631315729941228,0.14285714285714285,0.0,0.39436619718309857,0.03381357147058349,0.01905010719617346,0.0,0.0,0.09929078014184398,0.05437444251437945,0.02861508523262128,0.0,0.0,0.155688622754491
networkbancor,3.0,0.1,2.0,0.26829275524834323,0.08112924410726545,0.25,0.0,0.5094339622641509,0.06145172691444894,0.0281239347277855,0.04580152671755725,0.0,0.19014084507042253,0.09904227373905165,0.04125787730288395,0.0,0.0,0.27692307692307694
networkbancor,3.0,0.1,3.0,0.36321024468533464,0.0914738526549927,0.3333333333333333,0.0,0.6111111111111112,0.08235608803770805,0.03248654741873258,0.1111111111111111,0.0,0.2066115702479339,0.1329945928882502,0.04711068276481291,0.10256410256410256,0.0,0.30303030303030304
networkbancor,3.0,0.1,5.0,0.4195673860913003,0.10343924852799935,0.5,0.0,0.7,0.09461414632497309,0.03485912604767527,0.07547169811320754,0.0,0.23140495867768596,0.15295440472180097,0.05057180597868623,0.17391304347826086,0.0,0.33939393939393936
networkbancor,3.0,0.25,0,0.07761913761892458,0.0473751820195416,0.0,0.0,0.38028169014084506,0.01821159711918059,0.013117408862391468,0.0,0.0,0.07608695652173914,0.029193342230114053,0.019910527440151326,0.0,0.0,0.10852713178294573
networkbancor,3.0,0.25,0.1,0.08043688131809412,0.04880294463435829,0.0,0.0,0.36619718309859156,0.018697526169200226,0.012761701294704698,0.0,0.0,0.06976744186046512,0.030029285056378936,0.0196226559074242,0.0,0.0,0.10169491525423728
networkbancor,3.0,0.25,0.25,0.0960579681003797,0.05391943926059052,0.0,0.0,0.37089201877934275,0.022386243386441466,0.015304824294814801,0.0,0.0,0.07913669064748201,0.0359343474420425,0.023229271599575513,0.0,0.0,0.11956521739130435
networkbancor,3.0,0.25,0.5,0.11128883284120138,0.05689895119599247,0.1111111111111111,0.0,0.38967136150234744,0.025884785830076248,0.01721201755636333,0.0,0.0,0.11570247933884298,0.04155205027605107,0.025732111361806902,0.0,0.0,0.16969696969696968
networkbancor,3.0,0.25,0.75,0.13727753995140293,0.0630207811675869,0.13333333333333333,0.0,0.4,0.031833496845965606,0.01944166776889103,0.038461538461538464,0.0,0.12949640287769784,0.05113845767637236,0.029016350959145537,0.0,0.0,0.19565217391304351
networkbancor,3.0,0.25,1.0,0.16523435344876006,0.06917674520461477,0.2,0.0,0.4375,0.03840889608878385,0.02228872418769532,0.030303030303030304,0.0,0.14084507042253522,0.06170362601448325,0.033108208227759596,0.05,0.0,0.20512820512820512
networkbancor,3.0,0.25,2.0,0.2850641788939098,0.08421340861761893,0.25,0.034482758620689655,0.6333333333333333,0.06488247369949707,0.02852849721333751,0.058823529411764705,0.010050251256281407,0.1958762886597938,0.10468246904067109,0.04178595258049392,0.10256410256410256,0.016260162601626015,0.2992125984251969
networkbancor,3.0,0.25,3.0,0.369393579299955,0.09296712485219939,0.3333333333333333,0.0,0.65,0.08358280858425453,0.0322824107117874,0.07692307692307693,0.0,0.2231404958677686,0.13501491102972463,0.04672061561995641,0.10256410256410256,0.0,0.32727272727272727
networkbancor,3.0,0.25,5.0,0.41959856926118216,0.10412786464008814,0.5,0.034482758620689655,0.7,0.09471730634995017,0.03522362174342926,0.09090909090909091,0.011904761904761904,0.2231404958677686,0.1530960697563324,0.05118934918713346,0.13043478260869565,0.017699115044247787,0.32727272727272727
networkbancor,3.0,0.5,0,0.09097003470579224,0.047874979591745685,0.0,0.0,0.37089201877934275,0.021008653365244254,0.013076778282628673,0.0,0.0,0.07971014492753623,0.033784330085182196,0.01990203263033086,0.0,0.0,0.12154696132596683
networkbancor,3.0,0.5,0.1,0.10001051875222833,0.05262874943321017,0.0,0.0,0.38497652582159625,0.022994289246617724,0.014543315877129124,0.0,0.0,0.08450704225352113,0.036992703449092675,0.022057967449685394,0.0,0.0,0.12307692307692307
networkbancor,3.0,0.5,0.25,0.1171671641835698,0.05807684955515401,0.125,0.0,0.38028169014084506,0.02717886543433786,0.016757745049872937,0.0,0.0,0.1092436974789916,0.04366998712398359,0.02528491882726282,0.0,0.0,0.16455696202531644
networkbancor,3.0,0.5,0.5,0.13161898620118123,0.05866057541218505,0.14285714285714285,0.0,0.41784037558685444,0.030481791137538506,0.017401470278808992,0.0,0.0,0.10869565217391304,0.04900623976186736,0.026144171972527483,0.0,0.0,0.15503875968992248
networkbancor,3.0,0.5,0.75,0.1574408093983696,0.060997544999924304,0.125,0.0,0.39436619718309857,0.0363333841355654,0.01939672199110486,0.030303030303030304,0.0,0.11570247933884298,0.05843833446919477,0.028767377798404842,0.05128205128205128,0.0,0.16969696969696968
networkbancor,3.0,0.5,1.0,0.18814797248778137,0.06490576409514852,0.16666666666666666,0.034482758620689655,0.39622641509433965,0.04335865486554615,0.02196722269413614,0.020833333333333332,0.009523809523809525,0.14788732394366197,0.06977523086835255,0.03231896969090759,0.05128205128205128,0.016260162601626015,0.2153846153846154
networkbancor,3.0,0.5,2.0,0.30467888578448543,0.08396323294409631,0.3333333333333333,0.0,0.55,0.06921156833997053,0.028626557925869163,0.046511627906976744,0.0,0.18309859154929578,0.11172628773114779,0.04182204070200404,0.08695652173913045,0.0,0.26666666666666666
networkbancor,3.0,0.5,3.0,0.37163051892283455,0.0911560419592882,0.3333333333333333,0.034482758620689655,0.6,0.08405058925523975,0.031778840787005665,0.07692307692307693,0.011904761904761904,0.21487603305785125,0.13578991667814014,0.04597102834658968,0.10256410256410256,0.017699115044247787,0.3151515151515151
networkbancor,3.0,0.5,5.0,0.42148102022739065,0.10529307795697362,0.5,0.034482758620689655,0.7,0.09527855885419563,0.036291443456214136,0.09090909090909091,0.010050251256281407,0.2396694214876033,0.153938585114781,0.052554848759239985,0.11009174311926605,0.016260162601626015,0.35151515151515156
networkbancor,3.0,0.75,0,0.10821475312938682,0.0491432283566701,0.125,0.0,0.38028169014084506,0.024792860555901193,0.013709349676038,0.0,0.0,0.07608695652173914,0.03994712348402023,0.020822608349478324,0.0,0.0,0.11023622047244093
networkbancor,3.0,0.75,0.1,0.12450522602208282,0.053645152737916854,0.07692307692307693,0.0,0.3615023474178404,0.028814902987907193,0.016387092000813064,0.0,0.0,0.09782608695652174,0.04632466619147316,0.024471468880207282,0.0,0.0,0.13953488372093026
networkbancor,3.0,0.75,0.25,0.13864244175047924,0.0586611115630962,0.2,0.0,0.39436619718309857,0.032080500140762046,0.017788694562549383,0.0,0.0,0.10743801652892562,0.05159137779199559,0.02666131434950732,0.0,0.0,0.15757575757575756
networkbancor,3.0,0.75,0.5,0.1595656391591999,0.06424381803910609,0.1111111111111111,0.0,0.4074074074074074,0.036812612773897975,0.020893244710059024,0.045454545454545456,0.0,0.13380281690140844,0.059199285073549414,0.030965785968858676,0.03508771929824561,0.0,0.19487179487179485
networkbancor,3.0,0.75,0.75,0.18344942732781075,0.06591433155488667,0.2,0.0,0.39906103286384975,0.04223327807329883,0.021548187458099395,0.030303030303030304,0.0,0.1322314049586777,0.06798943454876005,0.03190617015290223,0.061538461538461535,0.0,0.19393939393939394
networkbancor,3.0,0.75,1.0,0.20708937393365237,0.06843645556192361,0.2,0.0,0.5454545454545454,0.0474424943776225,0.023409811143225313,0.03125,0.0,0.19834710743801653,0.07642930414254807,0.03429724169313489,0.0,0.0,0.2909090909090909
networkbancor,3.0,0.75,2.0,0.3097739035149294,0.08278804860036215,0.3333333333333333,0.0,0.5217391304347826,0.06995005816178611,0.02729706029257421,0.07142857142857142,0.0,0.17355371900826447,0.11303912291912833,0.03988003398402195,0.08888888888888889,0.0,0.2545454545454546
networkbancor,3.0,0.75,3.0,0.3753754437512448,0.09390783163388182,0.4,0.0425531914893617,0.65,0.08483980288508673,0.03198123360552126,0.07692307692307693,0.010050251256281407,0.23140495867768596,0.13708100114823388,0.046382015839774006,0.09921671018276762,0.016260162601626015,0.33939393939393936
networkbancor,3.0,0.75,5.0,0.42178816200637476,0.10393741228112438,0.5,0.0,0.7142857142857143,0.0951017315606891,0.03530851923532795,0.10344827586206896,0.0,0.2396694214876033,0.15372755523428755,0.05110358273944916,0.1111111111111111,0.0,0.35151515151515156
networkbancor,3.0,1.0,0,0.13198349914248061,0.05177649245530193,0.125,0.0,0.39436619718309857,0.030436584316491183,0.015990561753890874,0.0,0.0,0.11570247933884298,0.04896939717609022,0.0237567870044928,0.0,0.0,0.16969696969696968
networkbancor,3.0,1.0,0.1,0.14122668537045027,0.056338680676564945,0.14285714285714285,0.0,0.38497652582159625,0.03225499860322627,0.01682362738913085,0.03787878787878788,0.0,0.11971830985915492,0.05199334028199628,0.025235431944248946,0.03389830508474576,0.0,0.17435897435897435
networkbancor,3.0,1.0,0.25,0.15804922821717865,0.05462727377064585,0.14285714285714285,0.034482758620689655,0.4090909090909091,0.03659514685545537,0.019065578233115364,0.03546099290780142,0.007874015748031496,0.1487603305785124,0.05883235268655269,0.027896866954846916,0.02564102564102564,0.014134275618374558,0.2181818181818182
networkbancor,3.0,1.0,0.5,0.1731839215118918,0.05467539704606587,0.16666666666666666,0.0,0.41784037558685444,0.03926371395694375,0.016762079175128494,0.030303030303030304,0.0,0.11382113821138211,0.06338924284620956,0.024764656217188787,0.038461538461538464,0.0,0.16766467065868262
networkbancor,3.0,1.0,0.75,0.2013419818330443,0.061992767868686946,0.25,0.0,0.4272300469483568,0.045941296841841305,0.020750858241023833,0.037037037037037035,0.0,0.13821138211382114,0.07408162857953522,0.030507725195630872,0.06382978723404255,0.0,0.20359281437125748
networkbancor,3.0,1.0,1.0,0.22745472618690915,0.07134705674127521,0.25,0.0,0.45714285714285713,0.05200307449209119,0.024450929068026945,0.038461538461538464,0.0,0.16666666666666666,0.08379198594612683,0.035733230085740635,0.0,0.0,0.24113475177304963
networkbancor,3.0,1.0,2.0,0.3165845940680008,0.08531963527917268,0.38461538461538464,0.0,0.5714285714285714,0.07175252790810169,0.029104129742487394,0.06666666666666667,0.0,0.19834710743801653,0.11586052229425721,0.04240230876476691,0.0875,0.0,0.2909090909090909
networkbancor,3.0,1.0,3.0,0.3760297838997177,0.09140450586969169,0.3333333333333333,0.034482758620689655,0.6136363636363636,0.08495342911431417,0.031562491938355905,0.0625,0.011904761904761904,0.2231404958677686,0.13728788709103046,0.045720651502640985,0.11538461538461539,0.017699115044247787,0.32727272727272727
networkbancor,3.0,1.0,5.0,0.42250968103044856,0.10333681311170716,0.5,0.0,0.7,0.09534607679695103,0.03549755960329172,0.08333333333333333,0.0,0.2396694214876033,0.15411184106223239,0.05142058200827995,0.13043478260869565,0.0,0.35151515151515156
networkbancor,3.0,2.0,0,0.19075010349003488,0.061771930143320206,0.2,0.0,0.42857142857142855,0.043251283900117454,0.019892581586712848,0.022900763358778626,0.0,0.14130434782608695,0.069800806092628,0.0292214125476105,0.05128205128205128,0.0,0.20155038759689922
networkbancor,3.0,2.0,0.1,0.1961898828676026,0.05985683241340898,0.2,0.0,0.4186046511627907,0.04453616539931842,0.019589163335602712,0.030927835051546393,0.0,0.1322314049586777,0.07186964375551551,0.028690891132998945,0.06451612903225806,0.0,0.1988950276243094
networkbancor,3.0,2.0,0.25,0.20450090877728538,0.06421727544092572,0.25,0.0,0.45454545454545453,0.04632993638514105,0.02072427518097906,0.04411764705882353,0.0,0.1652892561983471,0.0747952079817696,0.030453348777653093,0.061538461538461535,0.0,0.24242424242424243
networkbancor,3.0,2.0,0.5,0.22012643535583784,0.06780703068018999,0.25,0.0,0.5,0.05007273117112867,0.02220567647408898,0.05,0.0,0.1487603305785124,0.08077896014351567,0.03251171056664269,0.0,0.0,0.2181818181818182
networkbancor,3.0,2.0,0.75,0.2409973327534256,0.07145498205553782,0.25,0.0,0.45454545454545453,0.05461294872086153,0.023296137512109658,0.045454545454545456,0.0,0.1652892561983471,0.08815788486252821,0.03405263378800998,0.07692307692307691,0.0,0.24242424242424243
networkbancor,3.0,2.0,1.0,0.2593558921566167,0.07257982906575136,0.25,0.030303030303030304,0.45,0.058783566494968506,0.024340892523869253,0.08333333333333333,0.008130081300813009,0.15702479338842976,0.09490298788675341,0.035454621224169265,0.06557377049180327,0.012820512820512822,0.23030303030303031
networkbancor,3.0,2.0,2.0,0.32522658708145885,0.08681404593670834,0.3333333333333333,0.0,0.625,0.07356752872862085,0.02888882248998367,0.058823529411764705,0.0,0.2032520325203252,0.11885182810443594,0.04222866990978798,0.1,0.0,0.29940119760479045
networkbancor,3.0,2.0,3.0,0.37961190233685305,0.09261342147129072,0.5,0.0,0.65,0.0857944239812036,0.03192426704066118,0.07692307692307693,0.0,0.23140495867768596,0.1386343829962926,0.04626964985920863,0.1276595744680851,0.0,0.33939393939393936
networkbancor,3.0,2.0,5.0,0.423099622269845,0.10286569661277252,0.5,0.0,0.7045454545454546,0.0953972370748564,0.03501820269973483,0.12878787878787878,0.0,0.256198347107438,0.15421887993298433,0.0507338264943844,0.13043478260869565,0.0,0.37575757575757573
networkbancor,3.0,3.0,0,0.21412936622635245,0.06458343769825316,0.16666666666666666,0.0,0.38636363636363635,0.04846385604234759,0.020821265770885986,0.03125,0.0,0.15217391304347827,0.0782532837807398,0.03051878560799087,0.0736196319018405,0.0,0.21705426356589147
networkbancor,3.0,3.0,0.1,0.2196924141831858,0.0686921216347107,0.25,0.0,0.45454545454545453,0.04986753445788193,0.02222507085322558,0.0,0.0,0.1652892561983471,0.08047199151448628,0.03264757532978229,0.0,0.0,0.24242424242424243
networkbancor,3.0,3.0,0.25,0.228222779451444,0.06876247295979983,0.25,0.0,0.47619047619047616,0.05170231821762987,0.021898102594418344,0.045454545454545456,0.0,0.1652892561983471,0.08347584146836058,0.0321642492145552,0.0,0.0,0.24242424242424243
networkbancor,3.0,3.0,0.5,0.24262742820424196,0.07328806393752114,0.25,0.0,0.4772727272727273,0.05500572033741502,0.023506621680631022,0.08333333333333333,0.0,0.17355371900826447,0.08880595213962833,0.03454862255183426,0.038461538461538464,0.0,0.2545454545454546
networkbancor,3.0,3.0,0.75,0.2533959644407328,0.07388590143379771,0.25,0.0,0.5,0.05716151480114135,0.023516616635730764,0.058823529411764705,0.0,0.18181818181818182,0.09237187339658243,0.034488450385322854,0.0,0.0,0.26666666666666666
networkbancor,3.0,3.0,1.0,0.26765559384224885,0.07680725719806138,0.25,0.0,0.5454545454545454,0.0606355182695372,0.025837168547362666,0.058823529411764705,0.0,0.19834710743801653,0.09789359883831235,0.03760393747874165,0.07239819004524888,0.0,0.2909090909090909
networkbancor,3.0,3.0,2.0,0.32691107559742766,0.08883599162167492,0.3333333333333333,0.03125,0.5909090909090909,0.07389394376038425,0.029476880605169408,0.0625,0.008403361344537815,0.21487603305785125,0.11938708583012074,0.043012606514970096,0.07058823529411765,0.013245033112582781,0.3151515151515151
networkbancor,3.0,3.0,3.0,0.368678621383773,0.09442109978505596,0.3333333333333333,0.0,0.6818181818181818,0.0831852494315434,0.03153177331610502,0.0847457627118644,0.0,0.24793388429752067,0.13446405153432378,0.045902222239693084,0.0,0.0,0.36363636363636365
networkbancor,3.0,3.0,5.0,0.42156317929185244,0.10423768653226674,0.5,0.0,0.75,0.09508846628141143,0.03529145520011969,0.07344632768361582,0.0,0.2727272727272727,0.1537246698994153,0.051254153985468995,0.13114754098360654,0.0,0.39999999999999997
networkbancor,3.0,5.0,0,0.2309915411685258,0.07352607051989488,0.25,0.0,0.5454545454545454,0.05207022509302866,0.022882516243399167,0.0,0.0,0.19834710743801653,0.08413089931945845,0.033656048548894285,0.0,0.0,0.2909090909090909
networkbancor,3.0,5.0,0.1,0.2332869432091415,0.07162858572173667,0.16666666666666666,0.0,0.5,0.05267797270035196,0.022698797332875918,0.045454545454545456,0.0,0.18181818181818182,0.08509755969904922,0.0332888782078477,0.05128205128205128,0.0,0.26666666666666666
networkbancor,3.0,5.0,0.25,0.24162033200630176,0.07266287787572746,0.25,0.0,0.5,0.054492959276785394,0.022989006159900537,0.08333333333333333,0.0,0.18181818181818182,0.08804619844715587,0.033708209738181005,0.08695652173913045,0.0,0.26666666666666666
networkbancor,3.0,5.0,0.5,0.2521285777764748,0.07727247238413325,0.2222222222222222,0.0,0.5681818181818182,0.0570131945070979,0.024720540778824074,0.0,0.0,0.2066115702479339,0.09208720220760129,0.03630797941939661,0.0,0.0,0.30303030303030304
networkbancor,3.0,5.0,0.75,0.26031600536060595,0.07846041160681648,0.3333333333333333,0.0,0.6136363636363636,0.05870247073215761,0.02472968522663418,0.0,0.0,0.2231404958677686,0.09486528014753627,0.03635658118128667,0.13333333333333333,0.0,0.32727272727272727
networkbancor,3.0,5.0,1.0,0.2708180000499676,0.08004301650269548,0.25,0.0,0.5454545454545454,0.061299141998294365,0.02620461559872037,0.08333333333333333,0.0,0.19834710743801653,0.09900158805861227,0.03841040975944065,0.0,0.0,0.2909090909090909
networkbancor,3.0,5.0,2.0,0.3107420622962985,0.09039120385281324,0.3333333333333333,0.0,0.6363636363636364,0.07015527515485238,0.028945514749215355,0.0625,0.0,0.23140495867768596,0.1133662034710869,0.04250073361070666,0.0,0.0,0.33939393939393936
networkbancor,3.0,5.0,3.0,0.34145552418793523,0.09482413864495066,0.3333333333333333,0.0,0.6590909090909091,0.07718472909997132,0.03115122727029036,0.1,0.0,0.2396694214876033,0.12470009789400983,0.04546561016431362,0.0875,0.0,0.35151515151515156
networkbancor,3.0,5.0,5.0,0.4102063924675866,0.10628193714257624,0.5,0.0,0.75,0.09259118929175485,0.035553556207913235,0.06451612903225806,0.0,0.2727272727272727,0.14966493349785587,0.051878827050562466,0.0,0.0,0.39999999999999997
networkbancor,5.0,0,0,0.06116743606507249,0.04321470030522255,0.0,0.0,0.3474178403755869,0.014345455428489765,0.011459726048591967,0.0,0.0,0.07608695652173914,0.022975238315591825,0.017470545804974764,0.0,0.0,0.10852713178294573
networkbancor,5.0,0,0.1,0.06794707707565718,0.044177143904298784,0.0,0.0,0.37089201877934275,0.01598935029659787,0.011996558720240474,0.0,0.0,0.07228915662650602,0.025597864082674976,0.01821660785148978,0.0,0.0,0.10526315789473682
networkbancor,5.0,0,0.25,0.075695401608397,0.047546095629226154,0.0,0.0,0.38497652582159625,0.01772276809171029,0.013036667744738778,0.0,0.0,0.07971014492753623,0.02841451594245194,0.01980559334550218,0.0,0.0,0.12154696132596683
networkbancor,5.0,0,0.5,0.08669920546259217,0.04789909338928372,0.0,0.0,0.3286384976525822,0.020050284726937494,0.013407422255929917,0.0,0.0,0.08450704225352113,0.03223486608910581,0.02037390789341819,0.0,0.0,0.12307692307692307
networkbancor,5.0,0,0.75,0.1069421920781609,0.055838819630101025,0.1111111111111111,0.0,0.39906103286384975,0.02497258310280024,0.016745353002336084,0.0,0.0,0.1056338028169014,0.04005586836485336,0.025111492549517736,0.0,0.0,0.15384615384615383
networkbancor,5.0,0,1.0,0.12517209365175153,0.05910531507221121,0.10256410256410256,0.0,0.4131455399061033,0.029280537959283048,0.018413024855304244,0.012048192771084338,0.0,0.10869565217391304,0.04695181761896834,0.02744171298791988,0.0425531914893617,0.0,0.15503875968992248
networkbancor,5.0,0,2.0,0.23985016695876474,0.07625268255036861,0.25,0.0,0.45714285714285713,0.054820400801770384,0.025351963139802407,0.05555555555555555,0.0,0.1652892561983471,0.0883735990663819,0.03729614476205343,0.07142857142857142,0.0,0.24242424242424243
networkbancor,5.0,0,3.0,0.3530918608625409,0.0858366107904511,0.3333333333333333,0.034482758620689655,0.6428571428571429,0.07965084000774114,0.029504790299593155,0.09090909090909091,0.011904761904761904,0.1927710843373494,0.12875453989874233,0.04277372007949836,0.11764705882352941,0.017699115044247787,0.28070175438596495
networkbancor,5.0,0,5.0,0.4170427094595537,0.10615813087838943,0.5,0.034482758620689655,0.7037037037037037,0.09422904843017156,0.035904790698697335,0.08333333333333333,0.011904761904761904,0.2231404958677686,0.15227041221153959,0.05218091749016733,0.1111111111111111,0.017699115044247787,0.329004329004329
networkbancor,5.0,0.1,0,0.06547177879243232,0.043171613100593254,0.0,0.0,0.3380281690140845,0.015287552781981347,0.01165247581979518,0.0,0.0,0.06818181818181818,0.0245140628923367,0.0177417066229956,0.0,0.0,0.09999999999999999
networkbancor,5.0,0.1,0.1,0.0706232833655332,0.0434893973315486,0.0,0.0,0.3615023474178404,0.01663333515714016,0.011937722449678358,0.0,0.0,0.07462686567164178,0.026638347787372327,0.018126200938840868,0.0,0.0,0.11173184357541899
networkbancor,5.0,0.1,0.25,0.0783786965559301,0.04682385566856629,0.0,0.0,0.39906103286384975,0.01813074367186856,0.012141042759885867,0.0,0.0,0.08264462809917356,0.029147078648439503,0.01858875473055197,0.0,0.0,0.12121212121212122
networkbancor,5.0,0.1,0.5,0.09733225070651673,0.05166686834932032,0.0,0.0,0.3380281690140845,0.02256896883750167,0.01491685567403993,0.0,0.0,0.10144927536231885,0.03626696299011938,0.022591270710720396,0.0,0.0,0.15469613259668508
networkbancor,5.0,0.1,0.75,0.10887743717509976,0.05779495764172061,0.09090909090909091,0.0,0.4131455399061033,0.025464536648475956,0.017192960474665727,0.0,0.0,0.10465116279069768,0.04084023013624213,0.025853318462989293,0.0,0.0,0.16216216216216217
networkbancor,5.0,0.1,1.0,0.13542439756264318,0.058868655784091596,0.15384615384615385,0.0,0.3427230046948357,0.031156798276422037,0.017418429753885776,0.029411764705882353,0.0,0.1056338028169014,0.050141134727514046,0.026140664347563566,0.043478260869565216,0.0,0.15384615384615383
networkbancor,5.0,0.1,2.0,0.25757678776963483,0.0800776206983515,0.3333333333333333,0.0,0.5,0.05900478147725301,0.027432333999845356,0.03225806451612903,0.0,0.17355371900826447,0.09507810305802357,0.04020663081389434,0.08695652173913043,0.0,0.2545454545454546
networkbancor,5.0,0.1,3.0,0.35282642272188874,0.09150896680484562,0.3333333333333333,0.034482758620689655,0.6190476190476191,0.07982187727111881,0.031114386910413305,0.07692307692307693,0.010752688172043012,0.2066115702479339,0.12895741411825098,0.04530650211304997,0.12307692307692307,0.01652892561983471,0.30303030303030304
networkbancor,5.0,0.1,5.0,0.4141127121787075,0.10313625122119272,0.5,0.0,0.7,0.09337574193798746,0.03458353559420835,0.09090909090909091,0.0,0.23140495867768596,0.15095548488193844,0.0502326867639672,0.11538461538461539,0.0,0.33939393939393936
networkbancor,5.0,0.25,0,0.07034681423016009,0.04511117603133331,0.0,0.0,0.38497652582159625,0.016408332604725715,0.01187225398848109,0.0,0.0,0.07746478873239436,0.026339824837745652,0.018207612826589625,0.0,0.0,0.11282051282051281
networkbancor,5.0,0.25,0.1,0.07625181676300118,0.04744038456596752,0.0,0.0,0.38028169014084506,0.01762574041182416,0.012682307504101816,0.0,0.0,0.08695652173913043,0.028335178360610475,0.019366090626262208,0.0,0.0,0.12403100775193798
networkbancor,5.0,0.25,0.25,0.08704715160490348,0.04977610037714492,0.0,0.0,0.3755868544600939,0.020240857728606478,0.01385209565621374,0.0,0.0,0.08121827411167512,0.032512071032957154,0.021077873198999467,0.0,0.0,0.12307692307692306
networkbancor,5.0,0.25,0.5,0.10081159393678749,0.053592963193200324,0.0,0.0,0.3755868544600939,0.023415761338205575,0.01540974517308473,0.0,0.0,0.10071942446043165,0.03761381752149576,0.023306535634718677,0.0,0.0,0.15217391304347827
networkbancor,5.0,0.25,0.75,0.12067385214883111,0.05568365398169284,0.125,0.0,0.38967136150234744,0.028019845156639387,0.016633483337885818,0.0,0.0,0.11194029850746269,0.04500874667445181,0.02493365452830015,0.0,0.0,0.16759776536312848
networkbancor,5.0,0.25,1.0,0.14498461568104282,0.06263016453578951,0.14285714285714285,0.0,0.38967136150234744,0.03366835658806128,0.020370468479982418,0.030303030303030304,0.0,0.11764705882352941,0.054055913367224935,0.03011461886226218,0.0,0.0,0.17391304347826086
networkbancor,5.0,0.25,2.0,0.2673406251481191,0.07955012622350771,0.25,0.0,0.5,0.06096115964526304,0.02701732126066273,0.08333333333333333,0.0,0.17355371900826447,0.09832098310307771,0.0396276935134198,0.04240282685512368,0.0,0.2545454545454546
networkbancor,5.0,0.25,3.0,0.35947575961200856,0.09101799681041467,0.3333333333333333,0.034482758620689655,0.6,0.08114323306564375,0.030526331164898862,0.09090909090909091,0.010752688172043012,0.1951219512195122,0.1311558688787889,0.04444400139833285,0.07407407407407407,0.01652892561983471,0.28742514970059885
networkbancor,5.0,0.25,5.0,0.41750558310429914,0.10386910994351543,0.5,0.0,0.7,0.09414231256742694,0.034681622139302114,0.08333333333333333,0.0,0.2396694214876033,0.1521957798839875,0.05040444570572923,0.17391304347826086,0.0,0.35151515151515156
networkbancor,5.0,0.5,0,0.08474822355128117,0.04663584401269936,0.0,0.0,0.3615023474178404,0.01973441291439673,0.013081374727556102,0.0,0.0,0.08264462809917356,0.03168232512566456,0.019844528957754133,0.0,0.0,0.12121212121212122
networkbancor,5.0,0.5,0.1,0.09116766374779102,0.05419764401590105,0.0,0.0,0.37089201877934275,0.021343923969942953,0.015553116151173706,0.0,0.0,0.08823529411764706,0.03420994512553014,0.02347422917903251,0.0,0.0,0.12765957446808512
networkbancor,5.0,0.5,0.25,0.10111477935679986,0.05258399076458326,0.0,0.0,0.3755868544600939,0.023637004191385886,0.01571721364983843,0.0,0.0,0.11956521739130435,0.03790882939964522,0.02355177136667738,0.0,0.0,0.17054263565891473
networkbancor,5.0,0.5,0.5,0.12219062251874296,0.05613455308810943,0.1111111111111111,0.0,0.36619718309859156,0.02847388402720009,0.01748836017562884,0.0,0.0,0.12396694214876033,0.04569998569198708,0.026067668509153687,0.0,0.0,0.18181818181818182
networkbancor,5.0,0.5,0.75,0.1396458978359399,0.060297383918883035,0.15625,0.0,0.4225352112676056,0.032198753321479104,0.018067768171189273,0.023255813953488372,0.0,0.10743801652892562,0.05179213159457245,0.027059430814711873,0.032786885245901634,0.0,0.1645021645021645
networkbancor,5.0,0.5,1.0,0.1718637166153822,0.06393896364837627,0.2,0.0,0.3888888888888889,0.039529172363846614,0.020556131278170287,0.04411764705882353,0.0,0.12745098039215685,0.06362365410995069,0.03045656952211616,0.030769230769230767,0.0,0.18439716312056736
networkbancor,5.0,0.5,2.0,0.2839918543933005,0.07804303712656128,0.3333333333333333,0.0,0.5,0.06482429620880475,0.027976001497918186,0.043478260869565216,0.0,0.16901408450704225,0.10452352214700258,0.04065894069198601,0.125,0.0,0.24615384615384614
networkbancor,5.0,0.5,3.0,0.36544518881333815,0.09571101617650322,0.3333333333333333,0.0,0.6428571428571429,0.08254338218984969,0.031926964361545476,0.10204081632653061,0.0,0.21487603305785125,0.1333916703069753,0.04657188376804696,0.13333333333333333,0.0,0.3151515151515151
networkbancor,5.0,0.5,5.0,0.41755703521143167,0.10736920895219826,0.5,0.0,0.75,0.09401535773630199,0.03495982548229079,0.10344827586206896,0.0,0.22549019607843138,0.1520235373023327,0.050932464748069874,0.15384615384615383,0.0,0.3262411347517731
networkbancor,5.0,0.75,0,0.10114136600522348,0.04836527074183377,0.1111111111111111,0.0,0.3427230046948357,0.023414647605307478,0.014049041445323422,0.0,0.0,0.08823529411764706,0.03762872860864686,0.02108213565151799,0.0,0.0,0.12765957446808512
networkbancor,5.0,0.75,0.1,0.10970866049840394,0.05188673904868487,0.0,0.0,0.3380281690140845,0.025126842948779184,0.015004176783549405,0.0,0.0,0.09917355371900827,0.0404546680376739,0.02258317980028131,0.0,0.0,0.14545454545454545
networkbancor,5.0,0.75,0.25,0.12072907250093629,0.055235473418590884,0.1111111111111111,0.0,0.37089201877934275,0.02800954003302426,0.016854723453009417,0.034482758620689655,0.0,0.10743801652892562,0.04500537690568767,0.025217790008330788,0.0,0.0,0.15757575757575756
networkbancor,5.0,0.75,0.5,0.14389841172314616,0.06005238915058157,0.14285714285714285,0.0,0.375,0.03328367796125378,0.018691068714511084,0.034482758620689655,0.0,0.11267605633802817,0.053502603604370855,0.027834929366940056,0.0425531914893617,0.0,0.17218543046357615
networkbancor,5.0,0.75,0.75,0.17066401139618448,0.06283345189415017,0.16666666666666666,0.0,0.39285714285714285,0.039326276966544615,0.020535256028601206,0.047619047619047616,0.0,0.15217391304347827,0.06329266779757974,0.030358104814262956,0.032786885245901634,0.0,0.21705426356589147
networkbancor,5.0,0.75,1.0,0.1977125347328702,0.06774203957983861,0.2,0.0,0.4444444444444444,0.04498179042987905,0.02077817111376535,0.036458333333333336,0.0,0.12396694214876033,0.07256706431006388,0.03088155031301201,0.04371584699453552,0.0,0.18181818181818182
networkbancor,5.0,0.75,2.0,0.29431985860264037,0.08369753669515449,0.3333333333333333,0.0,0.5370370370370371,0.06689860657661671,0.029024261411463588,0.058823529411764705,0.0,0.19014084507042253,0.10795551739354389,0.04229958858569739,0.0,0.0,0.2787878787878788
networkbancor,5.0,0.75,3.0,0.37223580474365847,0.0949704685558703,0.3333333333333333,0.0,0.6111111111111112,0.08401744293949988,0.03190755772312013,0.07692307692307693,0.0,0.19607843137254902,0.1358005311085761,0.04646540675095215,0.13953488372093023,0.0,0.28571428571428575
networkbancor,5.0,0.75,5.0,0.4195613629513545,0.10328564292284605,0.5,0.0,0.7,0.09459584800457904,0.03478023964840783,0.09090909090909091,0.0,0.23140495867768596,0.15293247578790434,0.05047719999640121,0.13043478260869565,0.0,0.33939393939393936
networkbancor,5.0,1.0,0,0.12114964705142285,0.05147344067442167,0.1,0.0,0.38497652582159625,0.027706987591123708,0.014901168527096402,0.034482758620689655,0.0,0.10743801652892562,0.0446269857338756,0.022302428947018383,0.05128205128205128,0.0,0.15757575757575756
networkbancor,5.0,1.0,0.1,0.13067652557252712,0.054656544599090404,0.1111111111111111,0.0,0.38636363636363635,0.030123783140957695,0.01692046008785118,0.030303030303030304,0.0,0.14049586776859505,0.04845295868043093,0.025141307928757902,0.0,0.0,0.20606060606060608
networkbancor,5.0,1.0,0.25,0.1409906261401749,0.05313785167678905,0.125,0.0,0.39436619718309857,0.032456205635615874,0.017046639997786387,0.04310344827586207,0.0,0.12396694214876033,0.05222018399297097,0.025082675522904007,0.04,0.0,0.18181818181818182
networkbancor,5.0,1.0,0.5,0.1672921681350664,0.05935120554912923,0.16666666666666666,0.0,0.38636363636363635,0.0383998252038244,0.019902526855149826,0.029411764705882353,0.0,0.14130434782608695,0.06183524013062597,0.02929863845187908,0.05128205128205128,0.0,0.20359281437125748
networkbancor,5.0,1.0,0.75,0.1859278121362083,0.0642991273693173,0.25,0.0,0.47619047619047616,0.042471196863729736,0.020478079226226343,0.038461538461538464,0.0,0.1487603305785124,0.06845488438986724,0.030226707009066087,0.0,0.0,0.2181818181818182
networkbancor,5.0,1.0,1.0,0.2143484636105437,0.06779556717141436,0.25,0.0,0.4473684210526316,0.0487365675212472,0.02218953051418836,0.06896551724137931,0.0,0.15702479338842976,0.07864563149187155,0.03267351791112007,0.0,0.0,0.23030303030303031
networkbancor,5.0,1.0,2.0,0.30533928950677686,0.08486322808646435,0.3333333333333333,0.0,0.55,0.06933565066856286,0.028734520638053738,0.07142857142857142,0.0,0.17355371900826447,0.11192028698337206,0.041975428703212816,0.1,0.0,0.2545454545454546
networkbancor,5.0,1.0,3.0,0.37091173062897004,0.09761806204497173,0.5,0.0,0.6136363636363636,0.08404242235558854,0.033384321359783586,0.058823529411764705,0.0,0.2231404958677686,0.13574372167205592,0.04869906403430722,0.13043478260869565,0.0,0.32727272727272727
networkbancor,5.0,1.0,5.0,0.41867273062779475,0.10376861809993464,0.5,0.034482758620689655,0.7,0.09453465173788632,0.03520008554724151,0.09090909090909091,0.011904761904761904,0.2396694214876033,0.15279128606616382,0.0511010305837708,0.17391304347826086,0.017699115044247787,0.35151515151515156
networkbancor,5.0,2.0,0,0.17763927858269862,0.05826547044859537,0.14285714285714285,0.0,0.37089201877934275,0.04044560362223355,0.018923443275951173,0.0,0.0,0.13043478260869565,0.06521420161654322,0.02776862120498627,0.0,0.0,0.18604651162790697
networkbancor,5.0,2.0,0.1,0.18860488968573108,0.055719735091195544,0.25,0.0,0.36363636363636365,0.0425981314676332,0.01794998162639185,0.030303030303030304,0.0,0.14130434782608695,0.0688049714009052,0.026233767074792455,0.061538461538461535,0.0,0.20155038759689922
networkbancor,5.0,2.0,0.25,0.19806586448403066,0.06070861780197911,0.25,0.0,0.45454545454545453,0.045094773839092626,0.020199294179125086,0.0392156862745098,0.0,0.1652892561983471,0.07273306702428581,0.029572107418057058,0.047058823529411764,0.0,0.24242424242424243
networkbancor,5.0,2.0,0.5,0.2110736821788504,0.06705332404209188,0.2,0.0,0.42857142857142855,0.047718423140568254,0.02084766716545783,0.0425531914893617,0.0,0.15217391304347827,0.07707069713124541,0.03076799909297971,0.08974358974358974,0.0,0.21705426356589147
networkbancor,5.0,2.0,0.75,0.22830318747648803,0.07203197909945636,0.25,0.0,0.5454545454545454,0.05200909248504051,0.024292480968277585,0.08333333333333333,0.0,0.19834710743801653,0.08387090272993457,0.03557267886949803,0.044444444444444446,0.0,0.2909090909090909
networkbancor,5.0,2.0,1.0,0.24596967096633238,0.07325253590493086,0.25,0.0,0.46153846153846156,0.05578744876312228,0.024132832870554323,0.06779661016949153,0.0,0.17647058823529413,0.09005792757757534,0.03537219371205902,0.0,0.0,0.25531914893617025
networkbancor,5.0,2.0,2.0,0.31456339378805337,0.08343523242489556,0.3333333333333333,0.034482758620689655,0.6136363636363636,0.07121243870463889,0.02873961880485703,0.06060606060606061,0.011904761904761904,0.2231404958677686,0.11500676387966305,0.04171931068648063,0.10526315789473684,0.017699115044247787,0.32727272727272727
networkbancor,5.0,2.0,3.0,0.3734400729451126,0.09370662742685511,0.3333333333333333,0.034482758620689655,0.6296296296296297,0.0843604841210714,0.03196313195838611,0.08333333333333333,0.011904761904761904,0.2231404958677686,0.13631762408230336,0.04634750912719929,0.10884353741496598,0.017699115044247787,0.32727272727272727
networkbancor,5.0,2.0,5.0,0.4198890746666698,0.10463251566417836,0.5,0.0,0.7272727272727273,0.09471191527010844,0.035558040384337714,0.09090909090909091,0.0,0.2644628099173554,0.15310007646326193,0.0516065340883412,0.13043478260869565,0.0,0.3878787878787879
networkbancor,5.0,3.0,0,0.20482661082616402,0.06764932797575858,0.25,0.0,0.4772727272727273,0.046414323262392025,0.021290509169109947,0.045454545454545456,0.0,0.17355371900826447,0.07493303346632776,0.03144167927802783,0.08695652173913043,0.0,0.2545454545454546
networkbancor,5.0,3.0,0.1,0.21124429767179684,0.06410551568488311,0.25,0.0,0.45454545454545453,0.04774904599783828,0.020545173445218015,0.03125,0.0,0.1652892561983471,0.07712118695586469,0.030098499015098975,0.061538461538461535,0.0,0.24242424242424243
networkbancor,5.0,3.0,0.25,0.21983016882854944,0.07014939838537343,0.2,0.0,0.45454545454545453,0.04966383356316967,0.021610323783368603,0.08333333333333333,0.0,0.1652892561983471,0.08022556067685707,0.031922494574838735,0.08974358974358974,0.0,0.24242424242424243
networkbancor,5.0,3.0,0.5,0.22953199967891968,0.07125162475846429,0.2,0.0,0.45454545454545453,0.05195848718210595,0.022740068871314766,0.0,0.0,0.1652892561983471,0.08389427806865224,0.033429834961631585,0.0,0.0,0.24242424242424243
networkbancor,5.0,3.0,0.75,0.2447625338906191,0.07521358228000512,0.2,0.0,0.5,0.05531052603767476,0.02377248943550803,0.0,0.0,0.18181818181818182,0.08934503834419136,0.03498670422081916,0.0,0.0,0.26666666666666666
networkbancor,5.0,3.0,1.0,0.25929474919246454,0.07568913427641137,0.2857142857142857,0.0,0.5,0.05866114544939593,0.02481297926300938,0.0,0.0,0.17647058823529413,0.09472695051462421,0.036212857326206,0.0,0.0,0.25531914893617025
networkbancor,5.0,3.0,2.0,0.3145184185165107,0.08596463834756127,0.3333333333333333,0.0,0.55,0.07121098871504845,0.028498288433553606,0.06060606060606061,0.0,0.19008264462809918,0.11502136728896613,0.04168576843533398,0.125,0.0,0.2787878787878788
networkbancor,5.0,3.0,3.0,0.36301310715992696,0.09489690074163937,0.3333333333333333,0.0,0.6818181818181818,0.08203359634372608,0.032153284169879184,0.0625,0.0,0.24793388429752067,0.13256122950716057,0.04684395163959062,0.10256410256410256,0.0,0.36363636363636365
networkbancor,5.0,3.0,5.0,0.4196755137903023,0.10133797110677885,0.5,0.034482758620689655,0.7272727272727273,0.09468457684696076,0.034684330582667934,0.0625,0.011904761904761904,0.2644628099173554,0.153058696396777,0.05025236728511751,0.15384615384615385,0.017699115044247787,0.3878787878787879
networkbancor,5.0,5.0,0,0.22525039140263584,0.070350983224067,0.25,0.0,0.5,0.05083427054616983,0.022152474228029514,0.03867403314917127,0.0,0.18181818181818182,0.08212402958823432,0.032558578899243074,0.07692307692307691,0.0,0.26666666666666666
networkbancor,5.0,5.0,0.1,0.22931687514385463,0.07328200333208872,0.25,0.0,0.4772727272727273,0.05181045906681011,0.022930644680345374,0.045454545454545456,0.0,0.17355371900826447,0.08367863797219338,0.03375125826838455,0.08695652173913043,0.0,0.2545454545454546
networkbancor,5.0,5.0,0.25,0.23348390578708142,0.07185644619632303,0.25,0.0,0.5909090909090909,0.05294546838430346,0.023684253159087763,0.05,0.0,0.21487603305785125,0.08546284117997285,0.034667662960680426,0.13333333333333333,0.0,0.3151515151515151
networkbancor,5.0,5.0,0.5,0.24697198804955864,0.07627684331509502,0.25,0.0,0.5454545454545454,0.05571973054990582,0.023807578718466157,0.045454545454545456,0.0,0.19834710743801653,0.09003817344457504,0.03504617353278829,0.0,0.0,0.2909090909090909
networkbancor,5.0,5.0,0.75,0.2519738948107208,0.07573353593751432,0.25,0.0,0.5454545454545454,0.056909762271234766,0.024192737049200008,0.06779661016949153,0.0,0.19834710743801653,0.09193927259951153,0.03551220823455111,0.0,0.0,0.2909090909090909
networkbancor,5.0,5.0,1.0,0.26433916938000873,0.0807613331551412,0.25,0.0,0.5909090909090909,0.059722696430868895,0.025602829429894454,0.043478260869565216,0.0,0.21487603305785125,0.0964842652348218,0.03768163999382409,0.10619469026548672,0.0,0.3151515151515151
networkbancor,5.0,5.0,2.0,0.30202636844968905,0.08751945325640385,0.3333333333333333,0.034482758620689655,0.6363636363636364,0.06835594086936168,0.028652426057545404,0.07692307692307693,0.010752688172043012,0.23140495867768596,0.11039738388424,0.041912957721916624,0.13043478260869565,0.01652892561983471,0.33939393939393936
networkbancor,5.0,5.0,3.0,0.3393725065815211,0.09062734122043227,0.4,0.0,0.6590909090909091,0.07669812548374373,0.030156289684486217,0.07692307692307693,0.0,0.2396694214876033,0.1239257992277354,0.043948384218096055,0.10218978102189781,0.0,0.35151515151515156
networkbancor,5.0,5.0,5.0,0.4023315642118539,0.10162889139714068,0.5,0.0,0.7272727272727273,0.09074928237865183,0.03408710014021286,0.08333333333333333,0.0,0.2644628099173554,0.14669628042400318,0.04954451180629462,0.1092896174863388,0.0,0.3878787878787879
