dataset,decay_factor,alpha,beta,mean_precision,std_precision,mode_precision,min_precision,max_precision,mean_recall,std_recall,mode_recall,min_recall,max_recall,mean_f1,std_f1,mode_f1,min_f1,max_f1
networkcindicator,0,0,0.1,0.04787129213715432,0.051886670996130715,0.0,0.0,0.5,0.01043653226159542,0.011705461562886326,0.0,0.0,0.08823529411764706,0.016638038579366344,0.017272271407962666,0.0,0.0,0.11904761904761904
networkcindicator,0,0,0.25,0.05260687732758003,0.043789459776020265,0.0,0.0,0.25,0.012191798372386181,0.012928456530827017,0.0,0.0,0.08333333333333333,0.01936428182143756,0.019058995794261544,0.0,0.0,0.125
networkcindicator,0,0,0.5,0.061031594703395434,0.07951529558446704,0.0,0.0,1.0,0.01327294904284049,0.014501259244861417,0.0,0.0,0.1,0.021236267796815703,0.02238610263408798,0.0,0.0,0.18181818181818182
networkcindicator,0,0,0.75,0.056256281775337355,0.05118680616341211,0.0,0.0,0.3333333333333333,0.012781317854370351,0.01389943095568085,0.0,0.0,0.125,0.020367552479278166,0.02083670403010461,0.0,0.0,0.18181818181818182
networkcindicator,0,0,1.0,0.0675143235516513,0.05177234052899311,0.0,0.0,0.2777777777777778,0.015191469544389824,0.013667937606502931,0.0,0.0,0.09271523178807947,0.02431275511087717,0.02050218408734224,0.0,0.0,0.1275626423690205
networkcindicator,0,0,2.0,0.11597279252741304,0.0834663663931523,0.0,0.0,0.5,0.026611794427631025,0.025188460983396343,0.0,0.0,0.25,0.0424763776875478,0.036853955310891556,0.0,0.0,0.3333333333333333
networkcindicator,0,0,3.0,0.16967324411626403,0.09956635119236962,0.0,0.0,0.41509433962264153,0.03783898954809988,0.025304506457762454,0.0,0.0,0.13245033112582782,0.06104702556376771,0.03925198476223073,0.0,0.0,0.18223234624145784
networkcindicator,0,0,5.0,0.21266988070133114,0.12446031037735204,0.0,0.0,0.5454545454545454,0.046797498187480184,0.03025873129969886,0.0,0.0,0.1357615894039735,0.07565323814256253,0.04748315192548236,0.0,0.0,0.18840579710144928
networkcindicator,0,0.1,0,0.044823380097866364,0.04569113183254434,0.0,0.0,0.3333333333333333,0.010184783233494933,0.01171221175588422,0.0,0.0,0.07655502392344497,0.01619495480081547,0.017536183503686326,0.0,0.0,0.10491803278688525
networkcindicator,0,0.1,0.1,0.0536560987736587,0.05568604019632273,0.0,0.0,0.5,0.012122743475807473,0.013979781077260717,0.0,0.0,0.125,0.019358722044214433,0.021483996075091705,0.0,0.0,0.2
networkcindicator,0,0.1,0.25,0.051708276965239046,0.06093644705197631,0.0,0.0,0.5,0.012748192750171448,0.024832383376413164,0.0,0.0,0.25,0.019788484557701817,0.03372219664479591,0.0,0.0,0.3333333333333333
networkcindicator,0,0.1,0.5,0.06201002165057897,0.0799135494965538,0.0,0.0,1.0,0.013664866106030528,0.014525501182271328,0.0,0.0,0.1,0.021881874858995475,0.02267567396924385,0.0,0.0,0.18181818181818182
networkcindicator,0,0.1,0.75,0.0646817231635226,0.052429070266687944,0.0,0.0,0.3333333333333333,0.014661386359012065,0.013376176803900576,0.0,0.0,0.08278145695364239,0.023431368983988184,0.02023065060591431,0.0,0.0,0.11389521640091117
networkcindicator,0,0.1,1.0,0.07863524782200206,0.06373267380691293,0.0,0.0,0.5,0.01790635006548453,0.017013068079774027,0.0,0.0,0.125,0.028635821791926485,0.02590446224563135,0.0,0.0,0.2
networkcindicator,0,0.1,2.0,0.1253534321341398,0.09738863354235479,0.0,0.0,1.0,0.027339755471881198,0.020334451867885267,0.0,0.0,0.1291390728476821,0.04414152069159179,0.03181451588942585,0.0,0.0,0.18181818181818182
networkcindicator,0,0.1,3.0,0.1708025174481876,0.1038830498048853,0.0,0.0,0.5135135135135135,0.037319739514922005,0.0249351568702094,0.0,0.0,0.11949685534591195,0.06033550461687525,0.0390675969878201,0.0,0.0,0.19387755102040816
networkcindicator,0,0.1,5.0,0.21234736501115936,0.12341859764764938,0.0,0.0,0.5405405405405406,0.047133525207289736,0.030283339119953647,0.0,0.0,0.1390728476821192,0.0762357855075648,0.04764237061458179,0.0,0.0,0.20408163265306126
networkcindicator,0,0.25,0,0.05525854195214014,0.05741093245665103,0.0,0.0,0.5,0.012225382378803228,0.013241584554439915,0.0,0.0,0.08333333333333333,0.019462675065744752,0.019808260825955562,0.0,0.0,0.125
networkcindicator,0,0.25,0.1,0.052444843826572725,0.04525554666513671,0.0,0.0,0.2222222222222222,0.012234738038966865,0.012912115458974941,0.0,0.0,0.08433734939759036,0.019400733896299958,0.01913473172987,0.0,0.0,0.12017167381974249
networkcindicator,0,0.25,0.25,0.0581448960116828,0.05783154815158228,0.0,0.0,0.5,0.012782399595607912,0.0138017774748872,0.0,0.0,0.125,0.020495605758225992,0.021255249643727766,0.0,0.0,0.2
networkcindicator,0,0.25,0.5,0.05803981107152588,0.05156404689723705,0.0,0.0,0.3333333333333333,0.013303268190981543,0.01352210953094707,0.0,0.0,0.08333333333333333,0.021189698867974165,0.020324689008156264,0.0,0.0,0.125
networkcindicator,0,0.25,0.75,0.06788413443422399,0.05077180500251318,0.0,0.0,0.2222222222222222,0.015571489082094726,0.014164465449886027,0.0,0.0,0.08940397350993377,0.024889403023634297,0.021224220824846433,0.0,0.0,0.12300683371298407
networkcindicator,0,0.25,1.0,0.0848598932693421,0.09171089147421352,0.0,0.0,1.0,0.01942206361121213,0.023271319640422828,0.0,0.0,0.25,0.0308396270036253,0.033853258636653345,0.0,0.0,0.3333333333333333
networkcindicator,0,0.25,2.0,0.13035920332087284,0.08031586574963512,0.0,0.0,0.34285714285714286,0.02897250130216895,0.020604771963609703,0.0,0.0,0.1291390728476821,0.04673666162864098,0.031778538489184376,0.0,0.0,0.1776765375854214
networkcindicator,0,0.25,3.0,0.1769585985740067,0.10494988777437277,0.0,0.0,0.5,0.03928535325464498,0.025906987693887936,0.0,0.0,0.1291390728476821,0.06344257817629333,0.040593198788367195,0.0,0.0,0.2
networkcindicator,0,0.25,5.0,0.2115450417270114,0.12620082854640527,0.0,0.0,0.5416666666666666,0.04679522657723877,0.030510698413172943,0.0,0.0,0.1490066225165563,0.0757487589770353,0.048168567626152646,0.0,0.0,0.20501138952164008
networkcindicator,0,0.5,0,0.05760635732052994,0.049357224470201265,0.0,0.0,0.3888888888888889,0.012889112283649527,0.012205314458452531,0.0,0.0,0.07947019867549669,0.020565672763991027,0.018168105542769684,0.0,0.0,0.1093394077448747
networkcindicator,0,0.5,0.1,0.05748407209009161,0.04668808386747171,0.0,0.0,0.25,0.01286486186096358,0.012126917822428805,0.0,0.0,0.08333333333333333,0.020597511554740402,0.018256159080787343,0.0,0.0,0.125
networkcindicator,0,0.5,0.25,0.07057931729245666,0.08301154231220283,0.0,0.0,1.0,0.015060193968288033,0.013691823372806361,0.0,0.0,0.1,0.02425983764709853,0.021701160027274704,0.0,0.0,0.18181818181818182
networkcindicator,0,0.5,0.5,0.07250853179483581,0.05712131327547021,0.0,0.0,0.3888888888888889,0.016014095559791674,0.013952728232598643,0.0,0.0,0.07947019867549669,0.025670473883595838,0.02098580569017048,0.0,0.0,0.1093394077448747
networkcindicator,0,0.5,0.75,0.08542074388617966,0.06281363008515023,0.0,0.0,0.5,0.01952129958365969,0.01728423284490178,0.0,0.0,0.125,0.031212600240654635,0.026220771758619667,0.0,0.0,0.2
networkcindicator,0,0.5,1.0,0.09011473040782307,0.06348373587072922,0.0,0.0,0.3333333333333333,0.020265852197280148,0.016412095128106857,0.0,0.0,0.08609271523178808,0.03250756263815725,0.02503101718307851,0.0,0.0,0.11845102505694761
networkcindicator,0,0.5,2.0,0.14352610826148451,0.09099586648808022,0.0,0.0,0.5,0.032821950848766414,0.026918093664917334,0.0,0.0,0.25,0.05253707682478491,0.039724690986062586,0.0,0.0,0.3333333333333333
networkcindicator,0,0.5,3.0,0.17864893602400173,0.10387954196645913,0.0,0.0,0.47619047619047616,0.03944226050871079,0.025378047687273288,0.0,0.0,0.11920529801324503,0.0638026237660325,0.03990032068577697,0.0,0.0,0.17391304347826086
networkcindicator,0,0.5,5.0,0.21802122402023194,0.12477626868938636,0.0,0.0,0.5555555555555556,0.048099592392204085,0.030452558144620986,0.0,0.0,0.1291390728476821,0.07786739769611058,0.048081673765997514,0.0,0.0,0.20134228187919465
networkcindicator,0,0.75,0,0.07335786764738704,0.05887943906739346,0.0,0.0,0.5,0.01668170628232587,0.016170353526953857,0.0,0.0,0.125,0.026671648235552736,0.024455832338246983,0.0,0.0,0.2
networkcindicator,0,0.75,0.1,0.0709037559424656,0.04979803198069794,0.0,0.0,0.3333333333333333,0.01592714714014134,0.012824274700405182,0.0,0.0,0.0683453237410072,0.025505867319012894,0.01936902269277657,0.0,0.0,0.1043956043956044
networkcindicator,0,0.75,0.25,0.07700643351085638,0.05580110229527482,0.0,0.0,0.36666666666666664,0.017106854380044174,0.013882447352971216,0.0,0.0,0.08461538461538462,0.02752192169148675,0.02140070003660574,0.0,0.0,0.1375
networkcindicator,0,0.75,0.5,0.0865116567586226,0.05949357513239427,0.0,0.0,0.3888888888888889,0.01920879375254439,0.01482261291616102,0.0,0.0,0.08609271523178808,0.030853021664382283,0.02254153375336218,0.0,0.0,0.11845102505694761
networkcindicator,0,0.75,0.75,0.09330407628162996,0.05934130399789022,0.0,0.0,0.3157894736842105,0.020808775719483946,0.015385524460828423,0.0,0.0,0.08940397350993377,0.03351121225234822,0.023640390673470707,0.0,0.0,0.12300683371298407
networkcindicator,0,0.75,1.0,0.11038157715258921,0.07349359791541443,0.0,0.0,0.5,0.024080301453423738,0.01690815910710551,0.0,0.0,0.09271523178807947,0.038844414592647834,0.02615048668344623,0.0,0.0,0.1275626423690205
networkcindicator,0,0.75,2.0,0.1464628799495736,0.08739153033242643,0.0,0.0,0.39285714285714285,0.032375633985266696,0.02215649851353082,0.0,0.0,0.12251655629139073,0.052286161669145945,0.034346700794544376,0.0,0.0,0.16856492027334852
networkcindicator,0,0.75,3.0,0.18489372032616105,0.10722373023144281,0.0,0.0,0.5,0.04092566991728508,0.02637205446128496,0.0,0.0,0.125,0.06618027666423897,0.04133565909777144,0.0,0.0,0.2
networkcindicator,0,0.75,5.0,0.21783505700355796,0.12661219320217554,0.0,0.0,0.5666666666666667,0.048261447738944856,0.031049022138914265,0.0,0.0,0.1423841059602649,0.0780821410309979,0.04887224862213532,0.0,0.0,0.21250000000000002
networkcindicator,0,1.0,0,0.083567993251333,0.05884107716349133,0.0,0.0,0.3333333333333333,0.01881931581551379,0.01604474195594543,0.0,0.0,0.125,0.030173220315799384,0.024218281770733662,0.0,0.0,0.18181818181818182
networkcindicator,0,1.0,0.1,0.09176157654147044,0.08252419532890268,0.0,0.0,1.0,0.019851298252036853,0.015518113666453648,0.0,0.0,0.1,0.032064106960928325,0.024405552469463156,0.0,0.0,0.18181818181818182
networkcindicator,0,1.0,0.25,0.08793050930891015,0.058781555622451354,0.0,0.0,0.4,0.019443635909618284,0.014688319986292192,0.0,0.0,0.09090909090909091,0.03134719410689353,0.022664220900335482,0.0,0.0,0.14814814814814814
networkcindicator,0,1.0,0.5,0.10206172007876323,0.06591490999920671,0.0,0.0,0.5,0.022185949571354984,0.015199003806106167,0.0,0.0,0.08609271523178808,0.035834936434950525,0.02344023143440074,0.0,0.0,0.11845102505694761
networkcindicator,0,1.0,0.75,0.1051597977194058,0.06430797108461289,0.0,0.0,0.32142857142857145,0.023635079729031772,0.016778392497367837,0.0,0.0,0.10256410256410256,0.03803720634547698,0.025852674870213078,0.0,0.0,0.15384615384615385
networkcindicator,0,1.0,1.0,0.11851274053868731,0.07671508950827524,0.0,0.0,0.5,0.026260075275927466,0.01869715007969288,0.0,0.0,0.125,0.04234155417249419,0.02904645124906631,0.0,0.0,0.2
networkcindicator,0,1.0,2.0,0.1501264200523911,0.09047151059803041,0.0,0.0,0.5,0.03290580274496865,0.022190865145952744,0.0,0.0,0.12582781456953643,0.05313351842595475,0.03421596350064364,0.0,0.0,0.17312072892938496
networkcindicator,0,1.0,3.0,0.18226427719524466,0.10700878795526952,0.0,0.0,0.43333333333333335,0.04047731576121443,0.026480668252920173,0.0,0.0,0.13245033112582782,0.0654067402681748,0.04143351296136097,0.0,0.0,0.18223234624145784
networkcindicator,0,1.0,5.0,0.21788985151151902,0.1270723045397856,0.0,0.0,0.5357142857142857,0.04821770614951729,0.03087222934344702,0.0,0.0,0.1291390728476821,0.0780292817954885,0.04868234124443982,0.0,0.0,0.2
networkcindicator,0,2.0,0,0.10577050577542803,0.06213389535132805,0.0,0.0,0.3333333333333333,0.02286108885967728,0.01429505067759686,0.0,0.0,0.076158940397351,0.03702513188455419,0.022381390080310055,0.0,0.0,0.11249999999999999
networkcindicator,0,2.0,0.1,0.11264355460213975,0.06937379766168296,0.0,0.0,0.4444444444444444,0.02500368362953701,0.01752060006251276,0.0,0.0,0.125,0.04022611937475435,0.026739512595198484,0.0,0.0,0.18181818181818182
networkcindicator,0,2.0,0.25,0.11140785023200846,0.06528176192087456,0.0,0.0,0.2777777777777778,0.024543778736793292,0.01623835512603802,0.0,0.0,0.07692307692307693,0.03963355404281962,0.025145192174613234,0.0,0.0,0.11538461538461538
networkcindicator,0,2.0,0.5,0.12548910129131574,0.09134594213914718,0.0,0.0,1.0,0.027210473328515065,0.017751519270396716,0.0,0.0,0.1,0.04396367913413067,0.02799924017899917,0.0,0.0,0.18181818181818182
networkcindicator,0,2.0,0.75,0.12880517870191047,0.07973317002356875,0.0,0.0,0.5,0.027941211612850198,0.018157961502692693,0.0,0.0,0.09602649006622517,0.045200120868190315,0.02841725586721324,0.0,0.0,0.15
networkcindicator,0,2.0,1.0,0.13361611068087795,0.08087159821174893,0.0,0.0,0.5,0.029379058985296965,0.020003944212068893,0.0,0.0,0.125,0.04750566928158405,0.03128407197710957,0.0,0.0,0.2
networkcindicator,0,2.0,2.0,0.15866617223359208,0.09406371682124598,0.0,0.0,0.40476190476190477,0.03485362693501568,0.023200975178960644,0.0,0.0,0.1357615894039735,0.056368231502956286,0.03618704164464419,0.0,0.0,0.1867881548974943
networkcindicator,0,2.0,3.0,0.18769514485521158,0.11346212492462812,0.0,0.0,0.5666666666666667,0.041294661403016575,0.027665031048015192,0.0,0.0,0.13076923076923078,0.0668421805958692,0.04354855117869216,0.0,0.0,0.21250000000000002
networkcindicator,0,2.0,5.0,0.216212924444851,0.1236030568708619,0.0,0.0,0.5333333333333333,0.04761686458359533,0.029402206399255143,0.0,0.0,0.12307692307692308,0.07709045433403196,0.0465425890156813,0.0,0.0,0.2
networkcindicator,0,3.0,0,0.12634815823561768,0.09594488424917758,0.0,0.0,1.0,0.027347632155670033,0.022478115346242115,0.0,0.0,0.25,0.04406946556308611,0.03307267703415382,0.0,0.0,0.3333333333333333
networkcindicator,0,3.0,0.1,0.12570839220875887,0.09281807647267327,0.0,0.0,1.0,0.027552008919878194,0.02248589659620419,0.0,0.0,0.25,0.044371375032960014,0.033089533611315586,0.0,0.0,0.3333333333333333
networkcindicator,0,3.0,0.25,0.12431948060882037,0.07342818348803222,0.0,0.0,0.35,0.027308349544590604,0.017396347667124362,0.0,0.0,0.08536585365853659,0.04417657069017484,0.027451337426576235,0.0,0.0,0.1372549019607843
networkcindicator,0,3.0,0.5,0.1275006963133121,0.07676166788007449,0.0,0.0,0.4444444444444444,0.027961295016228644,0.018112826774320308,0.0,0.0,0.08450704225352113,0.045257096692343145,0.028584499172932376,0.0,0.0,0.1420118343195266
networkcindicator,0,3.0,0.75,0.14563834987881943,0.1006877802164734,0.0,0.0,1.0,0.03133053873737914,0.020113214595725157,0.0,0.0,0.125,0.05076803575777035,0.03198958313616363,0.0,0.0,0.2
networkcindicator,0,3.0,1.0,0.1462880302361027,0.08416048869611147,0.0,0.0,0.5,0.032283977567059356,0.020914456971191382,0.0,0.0,0.125,0.052202030812819586,0.03277047850851002,0.0,0.0,0.2
networkcindicator,0,3.0,2.0,0.1669039956334438,0.11171008741150025,0.0,0.0,1.0,0.03610863783928261,0.02361963886534833,0.0,0.0,0.10582010582010581,0.05854075058998912,0.0375800030837678,0.0,0.0,0.18181818181818182
networkcindicator,0,3.0,3.0,0.19259944888726585,0.11293092498299476,0.0,0.0,0.5,0.04250555525178661,0.027562944324752592,0.0,0.0,0.125,0.0687050660802471,0.04323400199160295,0.0,0.0,0.2
networkcindicator,0,3.0,5.0,0.216978284181403,0.12902961400675028,0.0,0.0,0.5454545454545454,0.04781603702611918,0.030846519110897152,0.0,0.0,0.12440191387559808,0.07746614229035294,0.048849708930488366,0.0,0.0,0.18918918918918917
networkcindicator,0,5.0,0,0.13613031907883852,0.0988600392379271,0.0,0.0,1.0,0.029604661696261487,0.02374450385879329,0.0,0.0,0.25,0.04760787119150641,0.03478880756643768,0.0,0.0,0.3333333333333333
networkcindicator,0,5.0,0.1,0.12698829922902147,0.07782667676362658,0.0,0.0,0.4444444444444444,0.02768055767387133,0.01768137272777064,0.0,0.0,0.08130081300813008,0.044791549675986544,0.027959859438695746,0.0,0.0,0.13071895424836602
networkcindicator,0,5.0,0.25,0.13823714452296623,0.07928038848550684,0.0,0.0,0.4,0.03014606268684434,0.01898356931395473,0.0,0.0,0.09230769230769231,0.04874864579642657,0.029724985034782055,0.0,0.0,0.15
networkcindicator,0,5.0,0.5,0.14420071169769727,0.10219574633875413,0.0,0.0,1.0,0.031511849020102914,0.024574950298772345,0.0,0.0,0.25,0.05102001854411255,0.03902385171301296,0.0,0.0,0.4
networkcindicator,0,5.0,0.75,0.1425233393362804,0.08935536977183924,0.0,0.0,0.5,0.03207469927099516,0.025311153320465775,0.0,0.0,0.25,0.05155770857699651,0.03769029965721208,0.0,0.0,0.3333333333333333
networkcindicator,0,5.0,1.0,0.1487007238827134,0.09331516907089073,0.0,0.0,0.5,0.032475687778655914,0.021788817222123114,0.0,0.0,0.125,0.052605560571342705,0.03463412258035662,0.0,0.0,0.2
networkcindicator,0,5.0,2.0,0.1696310029729862,0.11632618130875826,0.0,0.0,1.0,0.03602958370486897,0.023449658030068685,0.0,0.0,0.1016260162601626,0.05846334542448519,0.03730098289639015,0.0,0.0,0.16450216450216448
networkcindicator,0,5.0,3.0,0.18069536773619607,0.11151323919244828,0.0,0.0,0.48148148148148145,0.03960712393411763,0.026049698302268543,0.0,0.0,0.10852713178294573,0.06411274055471165,0.04134377673216409,0.0,0.0,0.17177914110429449
networkcindicator,0,5.0,5.0,0.2081711906487953,0.12580319281432029,0.0,0.0,0.5217391304347826,0.04631986374004375,0.032066960031271505,0.0,0.0,0.25,0.07474740736018279,0.04931124683352797,0.0,0.0,0.3333333333333333
networkcindicator,0.1,0,0,0.10099075085059292,0.07488040216258797,0.0,0.0,0.5,0.023240058889066075,0.020750094319514075,0.0,0.0,0.1291866028708134,0.037059506600057794,0.031013102676229524,0.0,0.0,0.2
networkcindicator,0.1,0,0.1,0.1110379630488748,0.08714645018033643,0.0,0.0,0.5,0.02595243377104131,0.027329704153457868,0.0,0.0,0.25,0.04109958351832215,0.03913142403403982,0.0,0.0,0.3333333333333333
networkcindicator,0.1,0,0.25,0.10977828654547873,0.07340966167984532,0.0,0.0,0.4444444444444444,0.025082857041674227,0.020778906398534223,0.0,0.0,0.1357615894039735,0.040047227890051766,0.030820043510862385,0.0,0.0,0.1867881548974943
networkcindicator,0.1,0,0.5,0.12501612331060152,0.09732528830407766,0.0,0.0,1.0,0.028749278587222624,0.027219802872038214,0.0,0.0,0.25,0.0458737589309827,0.041038094601651635,0.0,0.0,0.4
networkcindicator,0.1,0,0.75,0.13705699788804412,0.08878084087949649,0.0,0.0,0.5555555555555556,0.03188718451489343,0.027658526728971077,0.0,0.0,0.25,0.05070785986845365,0.039972027111565694,0.0,0.0,0.3333333333333333
networkcindicator,0.1,0,1.0,0.14924752530013558,0.09184646491005542,0.0,0.0,0.5,0.03473308797798979,0.028990431523588614,0.0,0.0,0.25,0.055294174117345336,0.042008419356511915,0.0,0.0,0.3333333333333333
networkcindicator,0.1,0,2.0,0.19437875484913678,0.11075458902661593,0.0,0.0,0.5555555555555556,0.04434396845357169,0.03138686244577515,0.0,0.0,0.25,0.07106761139036365,0.0469297534242362,0.0,0.0,0.3333333333333333
networkcindicator,0.1,0,3.0,0.21248223461833085,0.11940365430223966,0.0,0.0,0.5,0.048117173260268244,0.032807897901294764,0.0,0.0,0.25,0.07730533998640635,0.04953805504329746,0.0,0.0,0.3333333333333333
networkcindicator,0.1,0,5.0,0.22173896033670853,0.12925197373425995,0.0,0.0,0.5757575757575758,0.049241682307740765,0.03199041393034789,0.0,0.0,0.1456953642384106,0.07955527800509121,0.050069559240489864,0.0,0.0,0.20045558086560364
networkcindicator,0.1,0.1,0,0.09938476982460508,0.0686960448411035,0.0,0.0,0.3888888888888889,0.02275515398998042,0.020217773020907943,0.0,0.0,0.1339712918660287,0.03630901354787889,0.029855774167058962,0.0,0.0,0.18360655737704923
networkcindicator,0.1,0.1,0.1,0.11633232421786344,0.08554476517259246,0.0,0.0,0.5,0.027358090334055476,0.02693384409217383,0.0,0.0,0.25,0.043406980379049186,0.03906156381766938,0.0,0.0,0.3333333333333333
networkcindicator,0.1,0.1,0.25,0.11765614817413199,0.079554894711847,0.0,0.0,0.5,0.026723023603114644,0.02189620378089837,0.0,0.0,0.1423841059602649,0.04278426454276006,0.03294414399031175,0.0,0.0,0.2
networkcindicator,0.1,0.1,0.5,0.12433127435683865,0.0838289016829828,0.0,0.0,0.5,0.027984257376026285,0.022629703042594002,0.0,0.0,0.16556291390728478,0.04478481196753443,0.03362508410230502,0.0,0.0,0.22779043280182235
networkcindicator,0.1,0.1,0.75,0.13770213369921083,0.08316210554361585,0.0,0.0,0.5,0.03139463687144313,0.02378963309453958,0.0,0.0,0.1490066225165563,0.05032653558334631,0.035817598999410186,0.0,0.0,0.20501138952164008
networkcindicator,0.1,0.1,1.0,0.15511030043075122,0.09450055255123056,0.0,0.0,0.5,0.03505155372109436,0.02551955122604657,0.0,0.0,0.15894039735099338,0.05628645064417675,0.03867796239405617,0.0,0.0,0.2186788154897494
networkcindicator,0.1,0.1,2.0,0.19713144106910319,0.11076836364948929,0.0,0.0,0.5,0.04502005936417815,0.03185640179329549,0.0,0.0,0.25,0.07214814269961371,0.047520219326156285,0.0,0.0,0.3333333333333333
networkcindicator,0.1,0.1,3.0,0.21190863810288027,0.12039706734977694,0.0,0.0,0.5185185185185185,0.04705331205251392,0.030144364341543647,0.0,0.0,0.15562913907284767,0.07597829823972661,0.046948135246382014,0.0,0.0,0.21412300683371296
networkcindicator,0.1,0.1,5.0,0.226119025354877,0.12872654826200194,0.0,0.0,0.5454545454545454,0.05041621738224143,0.032394911282745534,0.0,0.0,0.16225165562913907,0.08141918499716114,0.05061927585540662,0.0,0.0,0.2232346241457859
networkcindicator,0.1,0.25,0,0.11038007645417165,0.0762908669609649,0.0,0.0,0.5,0.02545210985635617,0.021194880964489047,0.0,0.0,0.13245033112582782,0.04058812043178513,0.03164587103011996,0.0,0.0,0.2
networkcindicator,0.1,0.25,0.1,0.11535159733134548,0.08290803540974269,0.0,0.0,0.5,0.026943797296915657,0.026779772784429855,0.0,0.0,0.25,0.04275189499628259,0.038465574653764406,0.0,0.0,0.3333333333333333
networkcindicator,0.1,0.25,0.25,0.12276238325611992,0.0757166964601181,0.0,0.0,0.5,0.0280684455661524,0.021677045531482662,0.0,0.0,0.1423841059602649,0.04482256183746696,0.031967107860300346,0.0,0.0,0.1958997722095672
networkcindicator,0.1,0.25,0.5,0.13387838539752236,0.08683347735736353,0.0,0.0,0.5,0.030436923209912554,0.023857761752759474,0.0,0.0,0.1456953642384106,0.04872487164378162,0.0357687518447877,0.0,0.0,0.20045558086560364
networkcindicator,0.1,0.25,0.75,0.15106145975962984,0.08830198753651283,0.0,0.0,0.5,0.03368578681572202,0.02333628718405143,0.0,0.0,0.15894039735099338,0.05414056708123499,0.03522926555904962,0.0,0.0,0.2186788154897494
networkcindicator,0.1,0.25,1.0,0.1657714405757434,0.0979208771907637,0.0,0.0,0.6111111111111112,0.03740684003898291,0.026563626366113605,0.0,0.0,0.152317880794702,0.06004125549206142,0.040148792966696344,0.0,0.0,0.20956719817767655
networkcindicator,0.1,0.25,2.0,0.20068148381052714,0.11354954901774704,0.0,0.0,0.5,0.04473801304524445,0.029093868582745753,0.0,0.0,0.15894039735099338,0.07213235963697831,0.044963648727780664,0.0,0.0,0.2186788154897494
networkcindicator,0.1,0.25,3.0,0.21053381142742372,0.11943756202074399,0.0,0.0,0.6111111111111112,0.046611608993213025,0.029876061449926754,0.0,0.0,0.15894039735099338,0.0752549985817464,0.04636608179522827,0.0,0.0,0.2186788154897494
networkcindicator,0.1,0.25,5.0,0.2338475036504471,0.13896131733615324,0.0,0.0,1.0,0.052397320620112584,0.036581053848129146,0.0,0.0,0.25,0.08431586780784826,0.05599689386552569,0.0,0.0,0.4
networkcindicator,0.1,0.5,0,0.1265621772372303,0.08059567638424814,0.0,0.0,0.4444444444444444,0.028694972107262667,0.022876394927573776,0.0,0.0,0.15894039735099338,0.04594915084239394,0.03410754798350471,0.0,0.0,0.2186788154897494
networkcindicator,0.1,0.5,0.1,0.13576009973428085,0.08119173357702764,0.0,0.0,0.5,0.03150877287720142,0.026903374144446317,0.0,0.0,0.25,0.05015872670995432,0.03857631941327112,0.0,0.0,0.3333333333333333
networkcindicator,0.1,0.5,0.25,0.14037328908210914,0.08461749538792127,0.0,0.0,0.5555555555555556,0.03175767226661752,0.023561257689680204,0.0,0.0,0.1456953642384106,0.05088315403253357,0.03519628690304533,0.0,0.0,0.20045558086560364
networkcindicator,0.1,0.5,0.5,0.15246562758662918,0.08673974869545191,0.0,0.0,0.4444444444444444,0.03458601189959085,0.024325952719899593,0.0,0.0,0.1456953642384106,0.055492873792871544,0.03663847199350566,0.0,0.0,0.20045558086560364
networkcindicator,0.1,0.5,0.75,0.16667756023157745,0.09452557246689133,0.0,0.0,0.5,0.037270000631206286,0.024815535712515657,0.0,0.0,0.152317880794702,0.059911458535343076,0.037637809251239204,0.0,0.0,0.20956719817767655
networkcindicator,0.1,0.5,1.0,0.17326609242970673,0.0944923499572902,0.0,0.0,0.5,0.03913708757324421,0.025426773469489704,0.0,0.0,0.152317880794702,0.0629089827040336,0.038776134637666174,0.0,0.0,0.20956719817767655
networkcindicator,0.1,0.5,2.0,0.1984659567306699,0.11340290912154953,0.0,0.0,0.5185185185185185,0.04506740812333362,0.031855728207097055,0.0,0.0,0.25,0.07231412267934287,0.04776036033224402,0.0,0.0,0.3333333333333333
networkcindicator,0.1,0.5,3.0,0.21154391359353283,0.12082901039878283,0.0,0.0,0.5,0.046981345344939966,0.030117967865062715,0.0,0.0,0.16556291390728478,0.07587479613888015,0.04690669276490756,0.0,0.0,0.22779043280182235
networkcindicator,0.1,0.5,5.0,0.22496814443426544,0.12820795180462705,0.0,0.0,0.5555555555555556,0.04991212183309616,0.031779088354509516,0.0,0.0,0.15789473684210525,0.0806069086249085,0.04960758832048015,0.0,0.0,0.2163934426229508
networkcindicator,0.1,0.75,0,0.14275248166417734,0.08874629508684341,0.0,0.0,0.5,0.032432806070729674,0.024807788111201545,0.0,0.0,0.16666666666666666,0.05198041040522342,0.03743185584584418,0.0,0.0,0.25
networkcindicator,0.1,0.75,0.1,0.14314205271030683,0.08342194222423252,0.0,0.0,0.5,0.03234187337165358,0.02262675954719273,0.0,0.0,0.1423841059602649,0.051886712386475645,0.03418650582699717,0.0,0.0,0.1958997722095672
networkcindicator,0.1,0.75,0.25,0.15327971603109172,0.08873572008353706,0.0,0.0,0.5,0.03495973598898401,0.027164981238363077,0.0,0.0,0.25,0.05588772083182471,0.039465256460044784,0.0,0.0,0.3333333333333333
networkcindicator,0.1,0.75,0.5,0.16326529832707287,0.0927197936705764,0.0,0.0,0.5,0.03772296445062206,0.029169227445189846,0.0,0.0,0.25,0.06019602993828222,0.042438796278850846,0.0,0.0,0.3333333333333333
networkcindicator,0.1,0.75,0.75,0.16570505150284015,0.09730531310876915,0.0,0.0,0.5,0.03700158726037789,0.025401794334157245,0.0,0.0,0.16225165562913907,0.059556757087283314,0.03873611007876388,0.0,0.0,0.2232346241457859
networkcindicator,0.1,0.75,1.0,0.17266541774547248,0.09706019631049013,0.0,0.0,0.5555555555555556,0.038917743654017935,0.026049161793331638,0.0,0.0,0.152317880794702,0.06252905109702014,0.03948422634771346,0.0,0.0,0.20956719817767655
networkcindicator,0.1,0.75,2.0,0.2096822265663207,0.1260862847145572,0.0,0.0,1.0,0.047217069889314255,0.03280985601019778,0.0,0.0,0.25,0.07603824254228929,0.05094866651173048,0.0,0.0,0.4
networkcindicator,0.1,0.75,3.0,0.21671626553149625,0.12145282357284111,0.0,0.0,0.5185185185185185,0.04792085515441681,0.030338864912903437,0.0,0.0,0.152317880794702,0.07740938640273753,0.04727239623983435,0.0,0.0,0.20956719817767655
networkcindicator,0.1,0.75,5.0,0.22686793693572158,0.1300092344250809,0.0,0.0,0.5370370370370371,0.05075108280628114,0.03282634008063848,0.0,0.0,0.16225165562913907,0.08192316047204773,0.05127481761297178,0.0,0.0,0.2232346241457859
networkcindicator,0.1,1.0,0,0.1486323067973976,0.08542132915357553,0.0,0.0,0.5,0.033935778650663884,0.026457855734397323,0.0,0.0,0.25,0.054240264106382156,0.038319510934809314,0.0,0.0,0.3333333333333333
networkcindicator,0.1,1.0,0.1,0.14874010881239344,0.08393198353233439,0.0,0.0,0.4444444444444444,0.0334847271814076,0.02333246807865404,0.0,0.0,0.1490066225165563,0.05376946677069784,0.035008188932018465,0.0,0.0,0.20501138952164008
networkcindicator,0.1,1.0,0.25,0.16076700599257918,0.0926332996369518,0.0,0.0,0.6111111111111112,0.03602848189160671,0.024883709486047016,0.0,0.0,0.15894039735099338,0.05789967606421923,0.03754847322118895,0.0,0.0,0.2186788154897494
networkcindicator,0.1,1.0,0.5,0.16864926468249136,0.0948763839025695,0.0,0.0,0.5,0.03779122349703766,0.027746918897688252,0.0,0.0,0.25,0.06057606874055456,0.04040478372316648,0.0,0.0,0.3333333333333333
networkcindicator,0.1,1.0,0.75,0.17321200190449573,0.09892019432030331,0.0,0.0,0.5,0.03953284813465667,0.029452629757596018,0.0,0.0,0.25,0.06321884327842757,0.0430382168998927,0.0,0.0,0.3333333333333333
networkcindicator,0.1,1.0,1.0,0.1818638122377544,0.10320885288125291,0.0,0.0,0.5,0.04054631510661851,0.027160918794475904,0.0,0.0,0.15562913907284767,0.06525060302901324,0.04149076717555158,0.0,0.0,0.21412300683371296
networkcindicator,0.1,1.0,2.0,0.20449373238544846,0.12055840222127547,0.0,0.0,0.5185185185185185,0.04634488567533136,0.03323981057583572,0.0,0.0,0.25,0.07442027304573903,0.05017362129805711,0.0,0.0,0.3333333333333333
networkcindicator,0.1,1.0,3.0,0.21698348656498428,0.1232304399456209,0.0,0.0,0.5,0.04846498145504546,0.032969392822303475,0.0,0.0,0.25,0.07800061669639995,0.04989819883720631,0.0,0.0,0.3333333333333333
networkcindicator,0.1,1.0,5.0,0.22397268059220557,0.12584793127796243,0.0,0.0,0.5161290322580645,0.04972105816500321,0.03120909492233418,0.0,0.0,0.1490066225165563,0.08032904991661512,0.04884110041464643,0.0,0.0,0.20501138952164008
networkcindicator,0.1,2.0,0,0.1593325136815394,0.09172317370314846,0.0,0.0,0.4444444444444444,0.03616747248852571,0.025296834927650377,0.0,0.0,0.152317880794702,0.05804780893701996,0.03835363170601565,0.0,0.0,0.20956719817767655
networkcindicator,0.1,2.0,0.1,0.17172900403852023,0.10991003886362695,0.0,0.0,1.0,0.039656670165030494,0.039919390247315965,0.0,0.0,0.5,0.06315692257741555,0.05586068320552555,0.0,0.0,0.6666666666666666
networkcindicator,0.1,2.0,0.25,0.16704671938183932,0.09574838861582524,0.0,0.0,0.5555555555555556,0.037821971723735234,0.028150561329392823,0.0,0.0,0.25,0.06057963638680598,0.04124554589239155,0.0,0.0,0.3333333333333333
networkcindicator,0.1,2.0,0.5,0.16851128052758715,0.0969553607264326,0.0,0.0,0.4,0.0378022250786843,0.025508537175288545,0.0,0.0,0.1423841059602649,0.06082539581165188,0.039099128069118576,0.0,0.0,0.1958997722095672
networkcindicator,0.1,2.0,0.75,0.18426527355172712,0.10438000976023859,0.0,0.0,0.5555555555555556,0.04147091555304416,0.029877094204912236,0.0,0.0,0.25,0.06649685023522538,0.04408379576958176,0.0,0.0,0.3333333333333333
networkcindicator,0.1,2.0,1.0,0.183098167753168,0.10540710402807082,0.0,0.0,0.5185185185185185,0.041073512248171525,0.027304615576462243,0.0,0.0,0.152317880794702,0.06609448605514487,0.04193001377464105,0.0,0.0,0.20956719817767655
networkcindicator,0.1,2.0,2.0,0.20526214257149725,0.11513283652639152,0.0,0.0,0.5,0.04550479032692877,0.02892339761379981,0.0,0.0,0.1490066225165563,0.07338450350240093,0.044751089695250885,0.0,0.0,0.20501138952164008
networkcindicator,0.1,2.0,3.0,0.21942910756332537,0.12068839472393478,0.0,0.0,0.5,0.04948400016290715,0.03336343406300226,0.0,0.0,0.25,0.07958545858093448,0.050405923407594234,0.0,0.0,0.3333333333333333
networkcindicator,0.1,2.0,5.0,0.22632010286420656,0.126693899543707,0.0,0.0,0.5370370370370371,0.05056089457725455,0.03176595877241028,0.0,0.0,0.16887417218543047,0.08157496943284416,0.04952294705663417,0.0,0.0,0.2323462414578588
networkcindicator,0.1,3.0,0,0.14807462913620734,0.11237865425397754,0.0,0.0,1.0,0.033096283847380385,0.02832873385095654,0.0,0.0,0.25,0.0532302174359377,0.04389000412435427,0.0,0.0,0.4
networkcindicator,0.1,3.0,0.1,0.14141325718404296,0.09030769595858645,0.0,0.0,0.5,0.031553252873719836,0.022792888003617645,0.0,0.0,0.11961722488038277,0.05077427488187626,0.03509296141276431,0.0,0.0,0.16393442622950818
networkcindicator,0.1,3.0,0.25,0.14816690759907084,0.0954435893601059,0.0,0.0,0.5,0.034128865669451336,0.02872403857157076,0.0,0.0,0.25,0.05451138824491902,0.04236296810583563,0.0,0.0,0.3333333333333333
networkcindicator,0.1,3.0,0.5,0.15031399679970833,0.09736090668652357,0.0,0.0,0.5,0.03394987050205711,0.025563590649323953,0.0,0.0,0.1282051282051282,0.05452139182135417,0.0392488184931075,0.0,0.0,0.2
networkcindicator,0.1,3.0,0.75,0.159325337690542,0.113266247993772,0.0,0.0,1.0,0.03597362897821279,0.03155766153026679,0.0,0.0,0.25,0.05766120538610469,0.04759049110079482,0.0,0.0,0.4
networkcindicator,0.1,3.0,1.0,0.15596052034291635,0.10360808690416473,0.0,0.0,0.5555555555555556,0.034709833627040616,0.0257585151259528,0.0,0.0,0.125,0.055880988822486204,0.03985941550444404,0.0,0.0,0.18055555555555555
networkcindicator,0.1,3.0,2.0,0.17663916038913646,0.1136960284508885,0.0,0.0,0.5,0.039344648543066525,0.02876632768391203,0.0,0.0,0.16556291390728478,0.06337762212176891,0.044426356026459335,0.0,0.0,0.22779043280182235
networkcindicator,0.1,3.0,3.0,0.19296256339738038,0.12298871405454408,0.0,0.0,0.6666666666666666,0.043457044184578124,0.032640427255692744,0.0,0.0,0.25,0.06978929942497404,0.04941328179788751,0.0,0.0,0.3333333333333333
networkcindicator,0.1,3.0,5.0,0.2126115339246514,0.12882329649404345,0.0,0.0,0.5757575757575758,0.048190619058026025,0.03467735708166415,0.0,0.0,0.25,0.07735359571117387,0.05260164816796137,0.0,0.0,0.3333333333333333
networkcindicator,0.1,5.0,0,0.09953370662396004,0.07041428759408161,0.0,0.0,0.5,0.02198149746195856,0.016495838742302177,0.0,0.0,0.125,0.035388565878636806,0.025581820329860238,0.0,0.0,0.2
networkcindicator,0.1,5.0,0.1,0.10078789170227899,0.0681484549931358,0.0,0.0,0.5,0.023106713188556508,0.022205060694373474,0.0,0.0,0.25,0.03679741903320782,0.031541824342316165,0.0,0.0,0.3333333333333333
networkcindicator,0.1,5.0,0.25,0.10218571389162086,0.06299039419095043,0.0,0.0,0.4444444444444444,0.02277385914461249,0.016211592594313134,0.0,0.0,0.08823529411764706,0.036572986668163714,0.02440722350061245,0.0,0.0,0.125
networkcindicator,0.1,5.0,0.5,0.10462536643286366,0.0674842395489952,0.0,0.0,0.4444444444444444,0.02309343583120516,0.016426676010985266,0.0,0.0,0.11176470588235295,0.03719222238350539,0.02514341954125699,0.0,0.0,0.15079365079365079
networkcindicator,0.1,5.0,0.75,0.10634540302972666,0.07291271424603013,0.0,0.0,0.5,0.024317152947723717,0.022704273939064882,0.0,0.0,0.25,0.03884721756397626,0.03287651764754789,0.0,0.0,0.3333333333333333
networkcindicator,0.1,5.0,1.0,0.10478618094928048,0.06961465912828148,0.0,0.0,0.5,0.023072503224733896,0.01625303526185644,0.0,0.0,0.125,0.03718446229404785,0.02526461128402174,0.0,0.0,0.2
networkcindicator,0.1,5.0,2.0,0.10867174307954988,0.07146590987648856,0.0,0.0,0.4444444444444444,0.023932187215288538,0.016954847413990216,0.0,0.0,0.08653846153846154,0.038572941011323934,0.026230024732463563,0.0,0.0,0.13043478260869565
networkcindicator,0.1,5.0,3.0,0.11711401180463261,0.07900209980753348,0.0,0.0,0.5,0.02582423657847407,0.01839071618895636,0.0,0.0,0.09271523178807947,0.04160527619755928,0.028442461267478698,0.0,0.0,0.1275626423690205
networkcindicator,0.1,5.0,5.0,0.13989855678490318,0.09155300498933762,0.0,0.0,0.39285714285714285,0.0311252370755,0.022647088938232203,0.0,0.0,0.11258278145695365,0.050162272899113826,0.03526149696552326,0.0,0.0,0.1548974943052392
networkcindicator,0.25,0,0,0.10271027718638315,0.08161974841710373,0.0,0.0,0.5555555555555556,0.02416049420945452,0.026178369179731667,0.0,0.0,0.25,0.038190943879569436,0.037387361833984285,0.0,0.0,0.3333333333333333
networkcindicator,0.25,0,0.1,0.11193468788830484,0.09631671034049083,0.0,0.0,1.0,0.026730499271805062,0.03805222927151803,0.0,0.0,0.5,0.04212269750589955,0.05232153646383755,0.0,0.0,0.6666666666666666
networkcindicator,0.25,0,0.25,0.10922026647546791,0.07629027164018384,0.0,0.0,0.5,0.02523070578542097,0.022044037476530717,0.0,0.0,0.1390728476821192,0.04023944517702417,0.032853579218979176,0.0,0.0,0.2
networkcindicator,0.25,0,0.5,0.12218745787864715,0.08266026329425465,0.0,0.0,0.5,0.028170715459265246,0.025666963313654742,0.0,0.0,0.25,0.04481652962100813,0.03674529512476603,0.0,0.0,0.3333333333333333
networkcindicator,0.25,0,0.75,0.1321124944144141,0.08616685398559075,0.0,0.0,0.5,0.030505763448719445,0.027575779083529872,0.0,0.0,0.25,0.04860012968280852,0.03978958366129895,0.0,0.0,0.3333333333333333
networkcindicator,0.25,0,1.0,0.14458102411895918,0.09043378590013007,0.0,0.0,0.5,0.03270596923370443,0.02455687337365741,0.0,0.0,0.16887417218543047,0.05246752322771401,0.03714406410429419,0.0,0.0,0.2323462414578588
networkcindicator,0.25,0,2.0,0.1918797538309378,0.11082304490801832,0.0,0.0,0.5333333333333333,0.04383002701747205,0.031407041517201584,0.0,0.0,0.25,0.07026888688495943,0.04710826813060758,0.0,0.0,0.3333333333333333
networkcindicator,0.25,0,3.0,0.20749182932421487,0.11725133081475925,0.0,0.0,0.5,0.046161678861834025,0.029717201380290083,0.0,0.0,0.1456953642384106,0.0745075390127159,0.046206224400491304,0.0,0.0,0.20045558086560364
networkcindicator,0.25,0,5.0,0.22949009637098294,0.13018422670189223,0.0,0.0,0.5185185185185185,0.05154260691613551,0.03492414663535221,0.0,0.0,0.25,0.08295594975776095,0.053088072400830875,0.0,0.0,0.3333333333333333
networkcindicator,0.25,0.1,0,0.1043437207594516,0.09031158344849807,0.0,0.0,0.5,0.024622658460051898,0.02782383702055516,0.0,0.0,0.25,0.03891145918665901,0.04020936308991861,0.0,0.0,0.3333333333333333
networkcindicator,0.25,0.1,0.1,0.11054725403104237,0.08273668713119518,0.0,0.0,0.6111111111111112,0.025219013633375365,0.024653850671202647,0.0,0.0,0.25,0.04010192549344983,0.035121788198467264,0.0,0.0,0.3333333333333333
networkcindicator,0.25,0.1,0.25,0.11555996783955476,0.08157235400947267,0.0,0.0,0.5555555555555556,0.02702618902977455,0.026307094080385333,0.0,0.0,0.25,0.042849021144061625,0.03742631596777867,0.0,0.0,0.3333333333333333
networkcindicator,0.25,0.1,0.5,0.12331083802938526,0.0822896555337528,0.0,0.0,0.5,0.02811770070470401,0.022818241335431765,0.0,0.0,0.152317880794702,0.044959839440114835,0.034085489530582554,0.0,0.0,0.20956719817767655
networkcindicator,0.25,0.1,0.75,0.14363546379952696,0.09654369737448726,0.0,0.0,0.6666666666666666,0.03329833557649657,0.028606992885501743,0.0,0.0,0.25,0.05300837531546165,0.04170370557228412,0.0,0.0,0.3333333333333333
networkcindicator,0.25,0.1,1.0,0.15268737692449744,0.0892217091071391,0.0,0.0,0.4444444444444444,0.034545578300547705,0.024386009600932543,0.0,0.0,0.14354066985645933,0.05547889964449415,0.036904453320816884,0.0,0.0,0.19672131147540983
networkcindicator,0.25,0.1,2.0,0.19490110945251526,0.11223747077297137,0.0,0.0,0.5,0.043441669288189995,0.029164513983014895,0.0,0.0,0.15894039735099338,0.07003042194082931,0.044951577348720954,0.0,0.0,0.2186788154897494
networkcindicator,0.25,0.1,3.0,0.21328911575176712,0.11927233433047542,0.0,0.0,0.5,0.04805914803722011,0.032450525537453555,0.0,0.0,0.25,0.07725818277931275,0.04897444242250545,0.0,0.0,0.3333333333333333
networkcindicator,0.25,0.1,5.0,0.23194566171445588,0.1267016611548604,0.0,0.0,0.5555555555555556,0.05155408413950741,0.03215178938493751,0.0,0.0,0.17218543046357615,0.08317808751962678,0.049894572944179975,0.0,0.0,0.23690205011389523
networkcindicator,0.25,0.25,0,0.10726891575993983,0.07547202741343056,0.0,0.0,0.6111111111111112,0.02448513586093434,0.020620362750507066,0.0,0.0,0.1291390728476821,0.03905212928298223,0.03050298747997447,0.0,0.0,0.1776765375854214
networkcindicator,0.25,0.25,0.1,0.115537266310365,0.07696825732949641,0.0,0.0,0.5,0.026762416124027934,0.0248369521982673,0.0,0.0,0.25,0.042507646549421345,0.03536076051296801,0.0,0.0,0.3333333333333333
networkcindicator,0.25,0.25,0.25,0.1194037305551409,0.07603249457319806,0.0,0.0,0.5,0.027282327957775947,0.022003460933503572,0.0,0.0,0.16556291390728478,0.04358080504055579,0.03236847494513142,0.0,0.0,0.22779043280182235
networkcindicator,0.25,0.25,0.5,0.1362633946680303,0.0841395916368579,0.0,0.0,0.5,0.03058982849099339,0.02241007470038122,0.0,0.0,0.15894039735099338,0.04907017036156845,0.03369089410865909,0.0,0.0,0.2186788154897494
networkcindicator,0.25,0.25,0.75,0.15159240784045647,0.09213775758260002,0.0,0.0,0.5,0.03498656877915347,0.02894878126866149,0.0,0.0,0.25,0.05578659426926889,0.041972828416294884,0.0,0.0,0.3333333333333333
networkcindicator,0.25,0.25,1.0,0.1578529786795055,0.0921709043769039,0.0,0.0,0.5555555555555556,0.035519815670780934,0.024972516422882944,0.0,0.0,0.16225165562913907,0.05707226539090996,0.03774782673198847,0.0,0.0,0.2232346241457859
networkcindicator,0.25,0.25,2.0,0.20282466355888656,0.11308336909548808,0.0,0.0,0.5,0.04616919571262788,0.03223379048309368,0.0,0.0,0.25,0.07402689650613935,0.048124410700290915,0.0,0.0,0.3333333333333333
networkcindicator,0.25,0.25,3.0,0.2151399850097928,0.12078014769289114,0.0,0.0,0.5,0.04796028723371938,0.03074921236747699,0.0,0.0,0.16267942583732056,0.0773520500689693,0.04763769708371478,0.0,0.0,0.22295081967213112
networkcindicator,0.25,0.25,5.0,0.23097475462989822,0.1287013398769974,0.0,0.0,0.5757575757575758,0.0515277836233236,0.03407005982063269,0.0,0.0,0.25,0.08300166267679698,0.05182026128172493,0.0,0.0,0.3333333333333333
networkcindicator,0.25,0.5,0,0.13004215626523258,0.08096763195909418,0.0,0.0,0.5,0.029801425997320916,0.023008891201631635,0.0,0.0,0.1357615894039735,0.04763497809704501,0.03436333443633107,0.0,0.0,0.2
networkcindicator,0.25,0.5,0.1,0.12806175062192854,0.08056451235818034,0.0,0.0,0.4444444444444444,0.02931427189733959,0.0231410236741379,0.0,0.0,0.1490066225165563,0.04686875172842827,0.034504388597504924,0.0,0.0,0.20501138952164008
networkcindicator,0.25,0.5,0.25,0.1418227767281756,0.08425123570671715,0.0,0.0,0.5,0.032207455563697786,0.023119641185106416,0.0,0.0,0.14354066985645933,0.05167386499258227,0.03494315576191247,0.0,0.0,0.2
networkcindicator,0.25,0.5,0.5,0.1487982692502019,0.08548873396607329,0.0,0.0,0.5,0.03442767089233989,0.02748853130758976,0.0,0.0,0.25,0.05490568572044861,0.03976637971197491,0.0,0.0,0.3333333333333333
networkcindicator,0.25,0.5,0.75,0.16319633699935995,0.09296595006616491,0.0,0.0,0.5,0.03741087515577511,0.028200031574695653,0.0,0.0,0.25,0.059810523885405205,0.04127678616035333,0.0,0.0,0.3333333333333333
networkcindicator,0.25,0.5,1.0,0.1712468999330631,0.09453010616018762,0.0,0.0,0.4146341463414634,0.03883732558121712,0.02637549285567146,0.0,0.0,0.1456953642384106,0.062409037527317364,0.040046970590727204,0.0,0.0,0.20045558086560364
networkcindicator,0.25,0.5,2.0,0.1978690712067372,0.1132178693228936,0.0,0.0,0.4666666666666667,0.044025102398393474,0.02874604161400184,0.0,0.0,0.1490066225165563,0.07106055200692833,0.04466653323652042,0.0,0.0,0.20501138952164008
networkcindicator,0.25,0.5,3.0,0.2180391163135089,0.11988667364112275,0.0,0.0,0.5,0.04937156789466674,0.033410732878278365,0.0,0.0,0.25,0.0793257880890916,0.050350816899738936,0.0,0.0,0.3333333333333333
networkcindicator,0.25,0.5,5.0,0.23223892864229914,0.12960182381526242,0.0,0.0,0.5416666666666666,0.05154416252142603,0.03233950946765761,0.0,0.0,0.15894039735099338,0.08329622108394756,0.05051155492085316,0.0,0.0,0.2186788154897494
networkcindicator,0.25,0.75,0,0.1430810998466035,0.08589848703431233,0.0,0.0,0.5555555555555556,0.0320928185497612,0.02246349333784125,0.0,0.0,0.125,0.051452180508814005,0.033735768699232255,0.0,0.0,0.2
networkcindicator,0.25,0.75,0.1,0.14661662561781252,0.0843864384437227,0.0,0.0,0.5,0.03374207386231553,0.026891235523275273,0.0,0.0,0.25,0.05388921448483155,0.038919088850716606,0.0,0.0,0.3333333333333333
networkcindicator,0.25,0.75,0.25,0.14920918626866456,0.08356031670950093,0.0,0.0,0.5,0.03396988014531386,0.02603173641677096,0.0,0.0,0.25,0.05435781754758895,0.037703860112440625,0.0,0.0,0.3333333333333333
networkcindicator,0.25,0.75,0.5,0.15892214578782032,0.10498043733950879,0.0,0.0,1.0,0.0357573835048216,0.02779122130112063,0.0,0.0,0.25,0.05747133177478004,0.04271426126361955,0.0,0.0,0.4
networkcindicator,0.25,0.75,0.75,0.1691165295600914,0.09329136566671198,0.0,0.0,0.5,0.03838970469284437,0.027880434518053953,0.0,0.0,0.25,0.061522528577963635,0.0408810385633744,0.0,0.0,0.3333333333333333
networkcindicator,0.25,0.75,1.0,0.1736852680337663,0.10041596029996092,0.0,0.0,0.5,0.038895421888269374,0.02642957579929182,0.0,0.0,0.14354066985645933,0.06254336746179052,0.04043192993327758,0.0,0.0,0.19672131147540983
networkcindicator,0.25,0.75,2.0,0.2001199865336129,0.10885046012043516,0.0,0.0,0.4666666666666667,0.04465883158574169,0.028285245359841664,0.0,0.0,0.1490066225165563,0.07205287048710642,0.043744479674736714,0.0,0.0,0.20501138952164008
networkcindicator,0.25,0.75,3.0,0.21895449897659813,0.12154475657461318,0.0,0.0,0.5370370370370371,0.04864705372573424,0.030318873790969352,0.0,0.0,0.1490066225165563,0.07856569175049329,0.047287228716779095,0.0,0.0,0.20501138952164008
networkcindicator,0.25,0.75,5.0,0.22688487554880665,0.12694957095447665,0.0,0.0,0.5370370370370371,0.050360687468606925,0.03144582808051296,0.0,0.0,0.15894039735099338,0.08134058963662678,0.04912917460025019,0.0,0.0,0.2186788154897494
networkcindicator,0.25,1.0,0,0.14733208768640646,0.08544605133232722,0.0,0.0,0.5,0.03307098997311584,0.02312705146483655,0.0,0.0,0.1490066225165563,0.05315956521794195,0.03501623168675596,0.0,0.0,0.20501138952164008
networkcindicator,0.25,1.0,0.1,0.14656209393462305,0.08379404860687874,0.0,0.0,0.4444444444444444,0.032880182002062074,0.02273483068057476,0.0,0.0,0.1390728476821192,0.05279535652398889,0.03412529740046912,0.0,0.0,0.19134396355353075
networkcindicator,0.25,1.0,0.25,0.15480864780870077,0.08609834848952855,0.0,0.0,0.5,0.03501343074996505,0.024080822515606094,0.0,0.0,0.1456953642384106,0.05622555538774977,0.03648158147044855,0.0,0.0,0.20045558086560364
networkcindicator,0.25,1.0,0.5,0.16267063480475266,0.08899675761397417,0.0,0.0,0.5,0.03636906957186454,0.02387926783663427,0.0,0.0,0.1456953642384106,0.05851635732536225,0.03614156597723595,0.0,0.0,0.20045558086560364
networkcindicator,0.25,1.0,0.75,0.17317869765813926,0.09931298514487415,0.0,0.0,0.5555555555555556,0.03863761366965679,0.02594120488658482,0.0,0.0,0.152317880794702,0.062206893735223985,0.039625116330995164,0.0,0.0,0.20956719817767655
networkcindicator,0.25,1.0,1.0,0.18137816609298144,0.10349465509595347,0.0,0.0,0.5,0.04137226307064474,0.03083503904597079,0.0,0.0,0.25,0.06629945439873834,0.04566064447503463,0.0,0.0,0.3333333333333333
networkcindicator,0.25,1.0,2.0,0.20811822662634236,0.11723273074408726,0.0,0.0,0.5666666666666667,0.04725287618626439,0.0328813118400875,0.0,0.0,0.25,0.07585586543310008,0.04941524901536278,0.0,0.0,0.3333333333333333
networkcindicator,0.25,1.0,3.0,0.2199073698762812,0.12173604212614127,0.0,0.0,0.5238095238095238,0.04859143912421441,0.030432528560158937,0.0,0.0,0.152317880794702,0.07847225410088696,0.04728179283239562,0.0,0.0,0.2112676056338028
networkcindicator,0.25,1.0,5.0,0.23084904560435465,0.13073441694900362,0.0,0.0,0.5555555555555556,0.05123455595362712,0.03248340470196384,0.0,0.0,0.152317880794702,0.08282599742767019,0.05092935423065397,0.0,0.0,0.20956719817767655
networkcindicator,0.25,2.0,0,0.1630915873339176,0.0888861665555143,0.0,0.0,0.5,0.0364622169153926,0.02391180234464781,0.0,0.0,0.14354066985645933,0.05866981396839145,0.03622071420460831,0.0,0.0,0.2
networkcindicator,0.25,2.0,0.1,0.17131073984110815,0.09265926136445415,0.0,0.0,0.5,0.03849759436170851,0.02530356205792139,0.0,0.0,0.1339712918660287,0.06190362556117372,0.03838852821071649,0.0,0.0,0.2
networkcindicator,0.25,2.0,0.25,0.16794223556319077,0.09678025375698376,0.0,0.0,0.5,0.037556050001043395,0.025944961866425212,0.0,0.0,0.16666666666666666,0.060340070082292425,0.039137903269996735,0.0,0.0,0.25
networkcindicator,0.25,2.0,0.5,0.17871645718998175,0.10228057009966005,0.0,0.0,0.5555555555555556,0.03980755471063259,0.026698451110128838,0.0,0.0,0.12980769230769232,0.06404937188469961,0.0408476738244811,0.0,0.0,0.2
networkcindicator,0.25,2.0,0.75,0.18345787755744716,0.10286892214045255,0.0,0.0,0.5555555555555556,0.040887421937786474,0.027421954751148152,0.0,0.0,0.152317880794702,0.06578098403346473,0.04165860460589307,0.0,0.0,0.20956719817767655
networkcindicator,0.25,2.0,1.0,0.19266586238934583,0.10769307659239172,0.0,0.0,0.5,0.043831253980190665,0.030680847197468893,0.0,0.0,0.25,0.07029646680939464,0.045835983530006924,0.0,0.0,0.3333333333333333
networkcindicator,0.25,2.0,2.0,0.21083253441581756,0.11693283342149963,0.0,0.0,0.6111111111111112,0.04760056109563144,0.03219026957379102,0.0,0.0,0.25,0.0764114289516528,0.04818486501205563,0.0,0.0,0.3333333333333333
networkcindicator,0.25,2.0,3.0,0.22207213391743316,0.12174432965285721,0.0,0.0,0.5,0.04968151969068968,0.03147966553508045,0.0,0.0,0.16666666666666666,0.08009957914685462,0.048738074101413856,0.0,0.0,0.25
networkcindicator,0.25,2.0,5.0,0.2323086484331171,0.1287356933705707,0.0,0.0,0.5555555555555556,0.05198064068012419,0.033780961625816446,0.0,0.0,0.25,0.08370323367248884,0.05154329060241669,0.0,0.0,0.3333333333333333
networkcindicator,0.25,3.0,0,0.1718919360397829,0.0981345404984949,0.0,0.0,0.5,0.03814174773186648,0.025685631474367438,0.0,0.0,0.14354066985645933,0.06136957789205403,0.03898925459044945,0.0,0.0,0.19672131147540983
networkcindicator,0.25,3.0,0.1,0.17106498251624425,0.09537146055931166,0.0,0.0,0.5,0.03835259191954522,0.025392168672201305,0.0,0.0,0.12980769230769232,0.06174421674470317,0.038924576226423355,0.0,0.0,0.2
networkcindicator,0.25,3.0,0.25,0.17671355176935238,0.09942307130082287,0.0,0.0,0.5185185185185185,0.039496065713117756,0.028028889134762997,0.0,0.0,0.25,0.06341150113744871,0.04134958950115984,0.0,0.0,0.3333333333333333
networkcindicator,0.25,3.0,0.5,0.18345902084412652,0.10050374588442121,0.0,0.0,0.5,0.04099963380415122,0.026619539651570847,0.0,0.0,0.152317880794702,0.06600892951756628,0.04063091443775356,0.0,0.0,0.20956719817767655
networkcindicator,0.25,3.0,0.75,0.17936671515442656,0.10136406888297535,0.0,0.0,0.5,0.04047406564150689,0.02926904721908816,0.0,0.0,0.25,0.06491493069737324,0.0434267647196653,0.0,0.0,0.3333333333333333
networkcindicator,0.25,3.0,1.0,0.189146466442713,0.1087237195212514,0.0,0.0,0.5,0.04303408565916905,0.03126930268500443,0.0,0.0,0.25,0.06899182138976133,0.0466257800095764,0.0,0.0,0.3333333333333333
networkcindicator,0.25,3.0,2.0,0.21243420884657,0.12429550941035122,0.0,0.0,1.0,0.04764064998100047,0.03229345638693446,0.0,0.0,0.25,0.07677784119454005,0.050073856168851204,0.0,0.0,0.4
networkcindicator,0.25,3.0,3.0,0.21556648315625343,0.12024017164953457,0.0,0.0,0.5151515151515151,0.04782088800835425,0.03015760208451021,0.0,0.0,0.1423841059602649,0.07723323033977594,0.04693320723043336,0.0,0.0,0.1958997722095672
networkcindicator,0.25,3.0,5.0,0.23095334663232703,0.13160512977509928,0.0,0.0,0.5740740740740741,0.050906064835428935,0.03252981240082511,0.0,0.0,0.16887417218543047,0.08227742618984969,0.05084924421788122,0.0,0.0,0.2323462414578588
networkcindicator,0.25,5.0,0,0.13963278287758524,0.0915579361790213,0.0,0.0,0.5,0.03217160014880067,0.027782748694620347,0.0,0.0,0.25,0.051348594113748515,0.04077000624929148,0.0,0.0,0.3333333333333333
networkcindicator,0.25,5.0,0.1,0.1427748290984845,0.09477083137635942,0.0,0.0,0.5,0.032232824137199016,0.02697431304520514,0.0,0.0,0.25,0.05153074429009468,0.03946685602393586,0.0,0.0,0.3333333333333333
networkcindicator,0.25,5.0,0.25,0.14379865762626223,0.09178052687883674,0.0,0.0,0.5,0.03283282173950892,0.026981208050470093,0.0,0.0,0.25,0.05254494345798251,0.039855260754012384,0.0,0.0,0.3333333333333333
networkcindicator,0.25,5.0,0.5,0.1384470751929797,0.09154529442408134,0.0,0.0,0.5,0.03094111715227621,0.02324713354201368,0.0,0.0,0.1339712918660287,0.0497896255439683,0.03580121739061269,0.0,0.0,0.18360655737704923
networkcindicator,0.25,5.0,0.75,0.1463330699272489,0.09214661255103987,0.0,0.0,0.5,0.03262036408574781,0.023271929234848075,0.0,0.0,0.12980769230769232,0.05247994261930855,0.035708947121049515,0.0,0.0,0.18750000000000003
networkcindicator,0.25,5.0,1.0,0.15420612397245795,0.11189173509536307,0.0,0.0,1.0,0.03569960807534527,0.039600974752987524,0.0,0.0,0.5,0.05689462491966032,0.055851195607373845,0.0,0.0,0.6666666666666666
networkcindicator,0.25,5.0,2.0,0.16243529784273703,0.10524071550568707,0.0,0.0,0.4444444444444444,0.03617500855434637,0.02611653718078787,0.0,0.0,0.1339712918660287,0.05830081790921177,0.040560434303722484,0.0,0.0,0.18360655737704923
networkcindicator,0.25,5.0,3.0,0.17667275908370636,0.11465273316856639,0.0,0.0,0.5,0.040301497461473754,0.03167405936777751,0.0,0.0,0.25,0.06458662520715734,0.047730264356369574,0.0,0.0,0.3333333333333333
networkcindicator,0.25,5.0,5.0,0.19661904685393378,0.1284381579955887,0.0,0.0,0.5,0.04359602515829504,0.03136347836487371,0.0,0.0,0.1357615894039735,0.07040702573531914,0.04924326536305136,0.0,0.0,0.2
networkcindicator,0.5,0,0,0.09704490735731042,0.09403880527861651,0.0,0.0,1.0,0.02253105911918373,0.025517200672691052,0.0,0.0,0.25,0.03560730441194425,0.03664919155899541,0.0,0.0,0.3333333333333333
networkcindicator,0.5,0,0.1,0.0982975576925013,0.07504382182005524,0.0,0.0,0.5,0.02247004957942645,0.020270455686851735,0.0,0.0,0.1291866028708134,0.035747211121980864,0.029797057198987845,0.0,0.0,0.1776765375854214
networkcindicator,0.5,0,0.25,0.10259845524320152,0.07661078141556105,0.0,0.0,0.5555555555555556,0.024155594365349493,0.02443890927867914,0.0,0.0,0.25,0.03820067044917979,0.034660938774247876,0.0,0.0,0.3333333333333333
networkcindicator,0.5,0,0.5,0.11338367326988433,0.07674309733261635,0.0,0.0,0.5,0.026622447713751246,0.025702409668427847,0.0,0.0,0.25,0.04222730976851197,0.03656089263551866,0.0,0.0,0.3333333333333333
networkcindicator,0.5,0,0.75,0.12955863057357528,0.08553928056395796,0.0,0.0,0.5,0.029638961339187468,0.0237649273581873,0.0,0.0,0.15311004784688995,0.04741222106241794,0.03582005201674424,0.0,0.0,0.2098360655737705
networkcindicator,0.5,0,1.0,0.14406979637634995,0.09604528405660297,0.0,0.0,0.5,0.03289041499563117,0.028647492820075334,0.0,0.0,0.25,0.052444506200681765,0.0416496968366765,0.0,0.0,0.3333333333333333
networkcindicator,0.5,0,2.0,0.19104609743743395,0.11078185931798644,0.0,0.0,0.5,0.043630283077191793,0.03186229167379563,0.0,0.0,0.25,0.06993770122801732,0.0475573852877281,0.0,0.0,0.3333333333333333
networkcindicator,0.5,0,3.0,0.21248880321317726,0.1178117635362758,0.0,0.0,0.47619047619047616,0.0473589803649885,0.030822497247772144,0.0,0.0,0.16556291390728478,0.07637758245147865,0.04764531997458537,0.0,0.0,0.22779043280182235
networkcindicator,0.5,0,5.0,0.22831310773135619,0.12857532743042638,0.0,0.0,0.5454545454545454,0.050875406840273904,0.03237697173011746,0.0,0.0,0.16267942583732056,0.08214554132327553,0.05047095440515954,0.0,0.0,0.22295081967213112
networkcindicator,0.5,0.1,0,0.1033679026615931,0.07785151720684144,0.0,0.0,0.5,0.024430552331669193,0.026085119552394797,0.0,0.0,0.25,0.03863452291075282,0.03717134577016106,0.0,0.0,0.3333333333333333
networkcindicator,0.5,0.1,0.1,0.09416919972835144,0.06609229948642233,0.0,0.0,0.4444444444444444,0.021711349432462803,0.019087955562627445,0.0,0.0,0.1291866028708134,0.0345627527799353,0.028048322187128192,0.0,0.0,0.17704918032786887
networkcindicator,0.5,0.1,0.25,0.1047677406757179,0.07145553533981465,0.0,0.0,0.4444444444444444,0.02393720197691384,0.019822891281582294,0.0,0.0,0.11483253588516747,0.038207093502815,0.02940723556433608,0.0,0.0,0.15737704918032788
networkcindicator,0.5,0.1,0.5,0.11253596975558902,0.07818312962886291,0.0,0.0,0.5,0.02541577081997165,0.02158912125108646,0.0,0.0,0.1291866028708134,0.0407107157632576,0.03239142391756238,0.0,0.0,0.2
networkcindicator,0.5,0.1,0.75,0.13057487300666085,0.07890827595561654,0.0,0.0,0.5,0.029802417846243084,0.02232792811430578,0.0,0.0,0.13875598086124402,0.047662843144091735,0.033128673084202157,0.0,0.0,0.1901639344262295
networkcindicator,0.5,0.1,1.0,0.14843913936427247,0.09034490255667149,0.0,0.0,0.5555555555555556,0.03383727477276933,0.024957692721483796,0.0,0.0,0.15311004784688995,0.05418417276956379,0.037487122980899255,0.0,0.0,0.2098360655737705
networkcindicator,0.5,0.1,2.0,0.1940314998188051,0.1186184935418953,0.0,0.0,1.0,0.045073706761798726,0.04195653509092054,0.0,0.0,0.5,0.07186224295657852,0.05933626170274506,0.0,0.0,0.6666666666666666
networkcindicator,0.5,0.1,3.0,0.21105921063276475,0.11885585756750659,0.0,0.0,0.5416666666666666,0.046975799034537594,0.030168261005851512,0.0,0.0,0.15894039735099338,0.07584925417810331,0.04697191871877804,0.0,0.0,0.2186788154897494
networkcindicator,0.5,0.1,5.0,0.23331274528028004,0.1321906656166486,0.0,0.0,0.5740740740740741,0.05168499858773756,0.032509819540439806,0.0,0.0,0.152317880794702,0.08356257794351905,0.051021115158928064,0.0,0.0,0.20956719817767655
networkcindicator,0.5,0.25,0,0.10217917488971037,0.07480253724064577,0.0,0.0,0.5,0.0232974281145249,0.02033668310926038,0.0,0.0,0.12582781456953643,0.03719405739913274,0.030448371477502553,0.0,0.0,0.2
networkcindicator,0.5,0.25,0.1,0.10613802224248266,0.07253685785871934,0.0,0.0,0.4444444444444444,0.024708099541650038,0.02124262988019094,0.0,0.0,0.1423841059602649,0.03929799664649536,0.031350168587291505,0.0,0.0,0.1958997722095672
networkcindicator,0.5,0.25,0.25,0.11176713739979494,0.07151587208028679,0.0,0.0,0.5,0.026186368967756397,0.02489887245179167,0.0,0.0,0.25,0.0415539516122751,0.035244658233190174,0.0,0.0,0.3333333333333333
networkcindicator,0.5,0.25,0.5,0.12945887829754713,0.08100116716796787,0.0,0.0,0.5,0.02918625468595442,0.022283149575785147,0.0,0.0,0.1456953642384106,0.04674316592570982,0.0331738405176062,0.0,0.0,0.20045558086560364
networkcindicator,0.5,0.25,0.75,0.1392431993835565,0.10039099740060647,0.0,0.0,1.0,0.031932020938079425,0.02760345200156598,0.0,0.0,0.25,0.05111215605989515,0.042055664590524344,0.0,0.0,0.4
networkcindicator,0.5,0.25,1.0,0.15823328374648143,0.11781743807635019,0.0,0.0,1.0,0.036500481036351846,0.04112328440526557,0.0,0.0,0.5,0.05809883812150087,0.05808501169476501,0.0,0.0,0.6666666666666666
networkcindicator,0.5,0.25,2.0,0.18975921549648048,0.10761688084963705,0.0,0.0,0.43333333333333335,0.0427700507839976,0.028472986433192092,0.0,0.0,0.15311004784688995,0.06888397128364594,0.04382884127319713,0.0,0.0,0.2098360655737705
networkcindicator,0.5,0.25,3.0,0.21431266691604453,0.121052121403411,0.0,0.0,0.5,0.04829150468795285,0.03315910102278291,0.0,0.0,0.25,0.07763605857226999,0.04997911369781988,0.0,0.0,0.3333333333333333
networkcindicator,0.5,0.25,5.0,0.23069008970226743,0.13003339719389256,0.0,0.0,0.5,0.051070375741594544,0.032198224192304774,0.0,0.0,0.15894039735099338,0.08254631333888052,0.05033025453102241,0.0,0.0,0.2186788154897494
networkcindicator,0.5,0.5,0,0.1185412937415109,0.07437900325684348,0.0,0.0,0.5,0.027575691651235724,0.02477215720675558,0.0,0.0,0.25,0.04383950466428714,0.03524939245637708,0.0,0.0,0.3333333333333333
networkcindicator,0.5,0.5,0.1,0.1250543094124069,0.07247889759109165,0.0,0.0,0.4444444444444444,0.028424229719628307,0.020695190070327697,0.0,0.0,0.1339712918660287,0.045488913950579093,0.0306547604585249,0.0,0.0,0.18360655737704923
networkcindicator,0.5,0.5,0.25,0.1300154658116897,0.07682143575150661,0.0,0.0,0.3888888888888889,0.029446391058114144,0.02177864056813545,0.0,0.0,0.1291390728476821,0.0472231988647651,0.032644753693591,0.0,0.0,0.1776765375854214
networkcindicator,0.5,0.5,0.5,0.14451670125580415,0.08477773180456782,0.0,0.0,0.5,0.03289276234082815,0.023853753487490154,0.0,0.0,0.1390728476821192,0.05275339356862609,0.03605580688972878,0.0,0.0,0.2
networkcindicator,0.5,0.5,0.75,0.15573471290268884,0.0922318343996549,0.0,0.0,0.5,0.03502063151895669,0.025005392352274954,0.0,0.0,0.17218543046357615,0.05622498521334301,0.03772940706859648,0.0,0.0,0.23690205011389523
networkcindicator,0.5,0.5,1.0,0.1668338941499791,0.09709570646469828,0.0,0.0,0.5,0.03822654972994769,0.02925051394362326,0.0,0.0,0.25,0.06114198654205424,0.042975517303580985,0.0,0.0,0.3333333333333333
networkcindicator,0.5,0.5,2.0,0.2027711343722099,0.11302596198523607,0.0,0.0,0.5,0.04588022100405379,0.03204047872107436,0.0,0.0,0.25,0.07369248605688646,0.048030110748586256,0.0,0.0,0.3333333333333333
networkcindicator,0.5,0.5,3.0,0.2157816899493267,0.1197599956491621,0.0,0.0,0.5,0.047875159905640396,0.02994828141670054,0.0,0.0,0.1423841059602649,0.07732309291113856,0.046739927662733334,0.0,0.0,0.1958997722095672
networkcindicator,0.5,0.5,5.0,0.23556594207526177,0.14104512740838696,0.0,0.0,1.0,0.05229938006008945,0.03483395246895215,0.0,0.0,0.25,0.08454641439590008,0.05481587742615694,0.0,0.0,0.4
networkcindicator,0.5,0.75,0,0.13824424522193232,0.09820589040592022,0.0,0.0,1.0,0.03263069420498954,0.03862045268754142,0.0,0.0,0.5,0.0516547923392409,0.05328768466555401,0.0,0.0,0.6666666666666666
networkcindicator,0.5,0.75,0.1,0.1390156485781641,0.08056743552184074,0.0,0.0,0.5,0.03152250073074651,0.022690374180949983,0.0,0.0,0.1423841059602649,0.05056631039126695,0.034167619113575375,0.0,0.0,0.2
networkcindicator,0.5,0.75,0.25,0.13814476308539264,0.08420125466115337,0.0,0.0,0.5,0.03183184084684106,0.026783350446218213,0.0,0.0,0.25,0.050773988818662914,0.03863108565492031,0.0,0.0,0.3333333333333333
networkcindicator,0.5,0.75,0.5,0.15311976360813054,0.08886915948572523,0.0,0.0,0.5,0.03510636378819888,0.027836666769186735,0.0,0.0,0.25,0.05613577603736595,0.04053425368127231,0.0,0.0,0.3333333333333333
networkcindicator,0.5,0.75,0.75,0.15884758192021925,0.09319600622808466,0.0,0.0,0.5,0.03627907188105816,0.02641259149218782,0.0,0.0,0.14832535885167464,0.0581632090439585,0.039865948557541005,0.0,0.0,0.20327868852459016
networkcindicator,0.5,0.75,1.0,0.16639495780383953,0.09559087811895776,0.0,0.0,0.5,0.03733331395356935,0.02519236780082252,0.0,0.0,0.1423841059602649,0.060118088748836576,0.03871774736101731,0.0,0.0,0.2
networkcindicator,0.5,0.75,2.0,0.20007789385880947,0.11153097863619393,0.0,0.0,0.5,0.0455386270127293,0.03204404406433462,0.0,0.0,0.25,0.07307156528430478,0.04790853033963123,0.0,0.0,0.3333333333333333
networkcindicator,0.5,0.75,3.0,0.21655470426052367,0.12553274409800289,0.0,0.0,0.5555555555555556,0.04796810282497125,0.03119483387385773,0.0,0.0,0.1490066225165563,0.07747604577800728,0.04858482951156573,0.0,0.0,0.20833333333333334
networkcindicator,0.5,0.75,5.0,0.232462585179608,0.13240702331326748,0.0,0.0,0.5333333333333333,0.05145538193771006,0.03296396988707668,0.0,0.0,0.15311004784688995,0.08313805189856259,0.051411596660565016,0.0,0.0,0.2098360655737705
networkcindicator,0.5,1.0,0,0.1355945120631652,0.08280630937941894,0.0,0.0,0.5555555555555556,0.03106212937258675,0.025524894209290758,0.0,0.0,0.25,0.04956033506848699,0.036777846670772635,0.0,0.0,0.3333333333333333
networkcindicator,0.5,1.0,0.1,0.14709123346656044,0.08340338839873118,0.0,0.0,0.5,0.03315392548490844,0.023883808670588758,0.0,0.0,0.16666666666666666,0.053172724157150165,0.035784365165011024,0.0,0.0,0.25
networkcindicator,0.5,1.0,0.25,0.1499627281392224,0.0834616177074212,0.0,0.0,0.5,0.034012007391863545,0.023601858706101563,0.0,0.0,0.14832535885167464,0.05456354185551186,0.035454179365696045,0.0,0.0,0.20327868852459016
networkcindicator,0.5,1.0,0.5,0.16071123400698126,0.08874135882093888,0.0,0.0,0.5,0.035849737494607466,0.023223497606393244,0.0,0.0,0.1291866028708134,0.05766117527644065,0.03529834854475591,0.0,0.0,0.2
networkcindicator,0.5,1.0,0.75,0.1645352535163511,0.0900400991246964,0.0,0.0,0.37735849056603776,0.03710988233352667,0.024575235295802,0.0,0.0,0.152317880794702,0.05969143474774517,0.037406159680406115,0.0,0.0,0.20956719817767655
networkcindicator,0.5,1.0,1.0,0.17086013217172136,0.09896164161685748,0.0,0.0,0.5,0.0385300470044211,0.02641631243543273,0.0,0.0,0.15562913907284767,0.06192174848000766,0.04035464119482138,0.0,0.0,0.21412300683371296
networkcindicator,0.5,1.0,2.0,0.19979494608271647,0.11076289462358131,0.0,0.0,0.45454545454545453,0.044524652948470946,0.02836516097077736,0.0,0.0,0.15562913907284767,0.07185774400042495,0.043909189873615785,0.0,0.0,0.21412300683371296
networkcindicator,0.5,1.0,3.0,0.2256587001337231,0.12569032966359292,0.0,0.0,0.5454545454545454,0.050288791882154175,0.0317773905368564,0.0,0.0,0.1490066225165563,0.08118459754511985,0.04952584397608077,0.0,0.0,0.20501138952164008
networkcindicator,0.5,1.0,5.0,0.2368431675604403,0.13345978098458236,0.0,0.0,0.5555555555555556,0.052217715092129226,0.032298838997324185,0.0,0.0,0.1423841059602649,0.08447871249422358,0.05078609633108837,0.0,0.0,0.1958997722095672
networkcindicator,0.5,2.0,0,0.15597004822061106,0.08774371912125989,0.0,0.0,0.5,0.03537004972483684,0.026181668884187093,0.0,0.0,0.25,0.056639902685016556,0.03817280091512023,0.0,0.0,0.3333333333333333
networkcindicator,0.5,2.0,0.1,0.15580656281622204,0.0874427424712001,0.0,0.0,0.4444444444444444,0.034717311215708736,0.02276822318567404,0.0,0.0,0.13245033112582782,0.0559088303144001,0.03468960999558577,0.0,0.0,0.18223234624145784
networkcindicator,0.5,2.0,0.25,0.16212157606649896,0.0893239763528014,0.0,0.0,0.4,0.036455173171874015,0.024470321747153478,0.0,0.0,0.12582781456953643,0.05863910098487691,0.03708999833954087,0.0,0.0,0.17312072892938496
networkcindicator,0.5,2.0,0.5,0.1694076794917387,0.09731259100511089,0.0,0.0,0.5555555555555556,0.03838065515424278,0.028762689426790954,0.0,0.0,0.25,0.061465595115033925,0.04215481056752777,0.0,0.0,0.3333333333333333
networkcindicator,0.5,2.0,0.75,0.1792962556693614,0.09918018447760138,0.0,0.0,0.5555555555555556,0.04011191442479889,0.026074464515489455,0.0,0.0,0.15562913907284767,0.06455058654489976,0.039779369311242645,0.0,0.0,0.21412300683371296
networkcindicator,0.5,2.0,1.0,0.18474088507276468,0.10492444764444794,0.0,0.0,0.5,0.0421071904755992,0.030647541753798687,0.0,0.0,0.25,0.06747892546087603,0.045423834493563596,0.0,0.0,0.3333333333333333
networkcindicator,0.5,2.0,2.0,0.20422525873103745,0.118768534430568,0.0,0.0,0.5,0.04554451920265925,0.030381590545021788,0.0,0.0,0.17218543046357615,0.07342563006927781,0.046892986677238284,0.0,0.0,0.23690205011389523
networkcindicator,0.5,2.0,3.0,0.2210017174531854,0.12408944387846592,0.0,0.0,0.5,0.04904978309812485,0.03183658365065874,0.0,0.0,0.17549668874172186,0.07919939210645352,0.04924879294929315,0.0,0.0,0.24145785876993167
networkcindicator,0.5,2.0,5.0,0.240801961004923,0.13273618701793366,0.0,0.0,0.5370370370370371,0.052931013374245196,0.032839244665692914,0.0,0.0,0.18660287081339713,0.08563003489296064,0.05127977885082006,0.0,0.0,0.2557377049180328
networkcindicator,0.5,3.0,0,0.16663629637545624,0.09404323854794959,0.0,0.0,0.5,0.03786848435293656,0.02807414469755261,0.0,0.0,0.25,0.060665681655437446,0.041310207071696595,0.0,0.0,0.3333333333333333
networkcindicator,0.5,3.0,0.1,0.1634998557565703,0.09551952698126305,0.0,0.0,0.5,0.03632426368949123,0.02432628244472077,0.0,0.0,0.1339712918660287,0.05855391864326069,0.037447211197478555,0.0,0.0,0.2
networkcindicator,0.5,3.0,0.25,0.16403251514065403,0.0965808302820782,0.0,0.0,0.5,0.03651823389652613,0.02460787593797453,0.0,0.0,0.12582781456953643,0.05886106588101492,0.03804479182513812,0.0,0.0,0.2
networkcindicator,0.5,3.0,0.5,0.1805358288380438,0.09928874229153938,0.0,0.0,0.5,0.040749238453636,0.028859860961087676,0.0,0.0,0.25,0.06532204654523818,0.04269920657245795,0.0,0.0,0.3333333333333333
networkcindicator,0.5,3.0,0.75,0.17867404841090515,0.10123235055421224,0.0,0.0,0.5,0.04015205287178865,0.02663991448451927,0.0,0.0,0.1291390728476821,0.06463647734710354,0.04096827823140304,0.0,0.0,0.2
networkcindicator,0.5,3.0,1.0,0.188373605937959,0.10866141280065357,0.0,0.0,0.5333333333333333,0.042315949113946094,0.03068157188639047,0.0,0.0,0.25,0.06795514414950692,0.04563208578119459,0.0,0.0,0.3333333333333333
networkcindicator,0.5,3.0,2.0,0.20794741515042345,0.1267342888495691,0.0,0.0,1.0,0.04544954942317286,0.02933279911770044,0.0,0.0,0.16267942583732056,0.07348676352179404,0.04558789833960866,0.0,0.0,0.22295081967213112
networkcindicator,0.5,3.0,3.0,0.21975075810364167,0.12272413765748479,0.0,0.0,0.5555555555555556,0.04871771725072311,0.030304517135228477,0.0,0.0,0.14354066985645933,0.07868187607948003,0.047330596880725134,0.0,0.0,0.2
networkcindicator,0.5,3.0,5.0,0.23613847968088383,0.1313191976396053,0.0,0.0,0.5555555555555556,0.05232616771771476,0.03266319023090619,0.0,0.0,0.152317880794702,0.08454852353248768,0.05098904572713088,0.0,0.0,0.20956719817767655
networkcindicator,0.5,5.0,0,0.1536766196073033,0.10975279413225285,0.0,0.0,1.0,0.03553930697680065,0.039137213274441494,0.0,0.0,0.5,0.0566819530857371,0.055110717351963705,0.0,0.0,0.6666666666666666
networkcindicator,0.5,5.0,0.1,0.14798048350275858,0.08958569609714466,0.0,0.0,0.38333333333333336,0.03309684230956083,0.02307497075480366,0.0,0.0,0.11004784688995216,0.053279895646121726,0.03557855083067548,0.0,0.0,0.15081967213114755
networkcindicator,0.5,5.0,0.25,0.14842042867912658,0.09507536763539158,0.0,0.0,0.4074074074074074,0.03314500979660755,0.024072932300724652,0.0,0.0,0.11961722488038277,0.05341346993715453,0.03735424301743374,0.0,0.0,0.16393442622950818
networkcindicator,0.5,5.0,0.5,0.15994088821042962,0.09965877851310087,0.0,0.0,0.5,0.03607552480486192,0.028104097257070235,0.0,0.0,0.25,0.057871066103633774,0.04184203619753996,0.0,0.0,0.3333333333333333
networkcindicator,0.5,5.0,0.75,0.16721648340568365,0.11826175802688568,0.0,0.0,1.0,0.03742132017352157,0.02954320537667195,0.0,0.0,0.25,0.0600171214900715,0.044269693524467024,0.0,0.0,0.3333333333333333
networkcindicator,0.5,5.0,1.0,0.1697851882494352,0.11090900884892656,0.0,0.0,0.5,0.03811273882214182,0.030448707159245584,0.0,0.0,0.25,0.06116242839952953,0.04553301987563949,0.0,0.0,0.3333333333333333
networkcindicator,0.5,5.0,2.0,0.17433421250002226,0.11211812177402145,0.0,0.0,0.48148148148148145,0.039085559471116034,0.028435822933310335,0.0,0.0,0.1423841059602649,0.06295904337712413,0.0442217024009163,0.0,0.0,0.1958997722095672
networkcindicator,0.5,5.0,3.0,0.1909236532356767,0.11967540463769163,0.0,0.0,0.4666666666666667,0.042831215964986825,0.030284209538813542,0.0,0.0,0.14832535885167464,0.0690395166831763,0.04716494561565113,0.0,0.0,0.20327868852459016
networkcindicator,0.5,5.0,5.0,0.21285345554785542,0.13173956111019558,0.0,0.0,0.5185185185185185,0.04712843316587221,0.032199602818021526,0.0,0.0,0.1390728476821192,0.07612487975181122,0.05049435638340431,0.0,0.0,0.19889502762430936
networkcindicator,0.75,0,0,0.09334184018101896,0.09264020754335246,0.0,0.0,1.0,0.02051506426208538,0.01893315014442529,0.0,0.0,0.11483253588516747,0.032829667537541254,0.02880248416153809,0.0,0.0,0.18181818181818182
networkcindicator,0.75,0,0.1,0.09259713565361476,0.07239443456782732,0.0,0.0,0.5,0.021006519180970455,0.019091578751615185,0.0,0.0,0.13245033112582782,0.03350919246280717,0.028398190203714875,0.0,0.0,0.18223234624145784
networkcindicator,0.75,0,0.25,0.1023346154044572,0.07332647392988102,0.0,0.0,0.5,0.02348611145468845,0.02095053872074101,0.0,0.0,0.125,0.037463927745553335,0.03127954123114829,0.0,0.0,0.2
networkcindicator,0.75,0,0.5,0.11065072236765736,0.09365003189261695,0.0,0.0,1.0,0.024481946948670792,0.01999346163267431,0.0,0.0,0.12251655629139073,0.03924023652788262,0.030407005276198835,0.0,0.0,0.18181818181818182
networkcindicator,0.75,0,0.75,0.11347175343946432,0.08001560084092567,0.0,0.0,0.5555555555555556,0.026196897167279194,0.025098026516022585,0.0,0.0,0.25,0.041648605190877555,0.03589430143974059,0.0,0.0,0.3333333333333333
networkcindicator,0.75,0,1.0,0.12630005059855626,0.08122931492833203,0.0,0.0,0.3625,0.028976261711092022,0.023556563672423682,0.0,0.0,0.15789473684210525,0.046394352879606235,0.03521892767775611,0.0,0.0,0.2163934426229508
networkcindicator,0.75,0,2.0,0.18062555860332785,0.10485305999614244,0.0,0.0,0.5,0.04079915566666227,0.0296456157672434,0.0,0.0,0.25,0.06549957438228474,0.044267102563828785,0.0,0.0,0.3333333333333333
networkcindicator,0.75,0,3.0,0.21002024292194083,0.11445174518753169,0.0,0.0,0.5,0.047223491129953894,0.031937017986030214,0.0,0.0,0.25,0.0758761442748558,0.04775104172990671,0.0,0.0,0.3333333333333333
networkcindicator,0.75,0,5.0,0.22737043286736755,0.1303502138803645,0.0,0.0,0.5757575757575758,0.05049133798173925,0.03218937197524462,0.0,0.0,0.1490066225165563,0.08163032131210156,0.05055723846876556,0.0,0.0,0.20501138952164008
networkcindicator,0.75,0.1,0,0.08442607955713208,0.06836540065719246,0.0,0.0,0.5,0.02017514435444925,0.02395157480487446,0.0,0.0,0.25,0.03179659110633838,0.03376671189728787,0.0,0.0,0.3333333333333333
networkcindicator,0.75,0.1,0.1,0.09890667521219165,0.07897080076561977,0.0,0.0,0.5555555555555556,0.023411093708196974,0.025519212094667336,0.0,0.0,0.25,0.03698955774837761,0.036411014082058116,0.0,0.0,0.3333333333333333
networkcindicator,0.75,0.1,0.25,0.09437659117825918,0.06821762708402533,0.0,0.0,0.5,0.0209411132902756,0.01703330228735125,0.0,0.0,0.11920529801324503,0.0334906862545208,0.025254039853738922,0.0,0.0,0.16400911161731208
networkcindicator,0.75,0.1,0.5,0.1056461594371426,0.07237170372919846,0.0,0.0,0.4444444444444444,0.02394929109082176,0.019190900025379765,0.0,0.0,0.12251655629139073,0.03835736345979308,0.02895714153232087,0.0,0.0,0.16856492027334852
networkcindicator,0.75,0.1,0.75,0.12271192568051704,0.07996189836997249,0.0,0.0,0.5,0.028269256581633418,0.022442785397632174,0.0,0.0,0.1339712918660287,0.04520101834832455,0.033880082256651047,0.0,0.0,0.2
networkcindicator,0.75,0.1,1.0,0.13491779465268983,0.0804930387618621,0.0,0.0,0.5,0.03084289990978373,0.025627473102378326,0.0,0.0,0.25,0.04927221606308286,0.03691187302366847,0.0,0.0,0.3333333333333333
networkcindicator,0.75,0.1,2.0,0.18317859670747902,0.10533016685994824,0.0,0.0,0.5,0.04177439469307375,0.030540294791151036,0.0,0.0,0.25,0.06697881418562489,0.04546541632525792,0.0,0.0,0.3333333333333333
networkcindicator,0.75,0.1,3.0,0.20970167681248184,0.12551567371950634,0.0,0.0,1.0,0.04664810861858295,0.031933204254648004,0.0,0.0,0.25,0.07536183702922646,0.049886572568201136,0.0,0.0,0.4
networkcindicator,0.75,0.1,5.0,0.2276139240413808,0.12931933617425492,0.0,0.0,0.5740740740740741,0.05043418212771855,0.03199813684751721,0.0,0.0,0.14832535885167464,0.08152803208570748,0.050078877597105026,0.0,0.0,0.2080536912751678
networkcindicator,0.75,0.25,0,0.0913361467775138,0.06458298207499569,0.0,0.0,0.4444444444444444,0.02061108306857969,0.01769655055991319,0.0,0.0,0.12251655629139073,0.03292622806097924,0.026109923102053602,0.0,0.0,0.16856492027334852
networkcindicator,0.75,0.25,0.1,0.0995586004653327,0.07247723532346748,0.0,0.0,0.5,0.023519602425360164,0.025088549199339095,0.0,0.0,0.25,0.03717321865808676,0.03534440664640141,0.0,0.0,0.3333333333333333
networkcindicator,0.75,0.25,0.25,0.10148788050567191,0.07115510305569607,0.0,0.0,0.3888888888888889,0.022980113885946892,0.01888609163651218,0.0,0.0,0.11589403973509933,0.03679419401422975,0.02844918572985007,0.0,0.0,0.15945330296127563
networkcindicator,0.75,0.25,0.5,0.11502269150619515,0.07631944506433246,0.0,0.0,0.5,0.026506406977246204,0.022234675720588352,0.0,0.0,0.15562913907284767,0.04229301930754608,0.03301918162061296,0.0,0.0,0.21412300683371296
networkcindicator,0.75,0.25,0.75,0.1261243871618792,0.08017790680472067,0.0,0.0,0.5,0.028783601668662565,0.022598395905093834,0.0,0.0,0.1390728476821192,0.046089735024259296,0.03390544012857826,0.0,0.0,0.2
networkcindicator,0.75,0.25,1.0,0.14240489814969226,0.08316895988673738,0.0,0.0,0.3888888888888889,0.03196577300851959,0.02203541402269508,0.0,0.0,0.1390728476821192,0.05137673121671581,0.033423033572409395,0.0,0.0,0.19134396355353075
networkcindicator,0.75,0.25,2.0,0.1864509521770405,0.10702750919213402,0.0,0.0,0.5555555555555556,0.04136741553776805,0.027045411878077633,0.0,0.0,0.1339712918660287,0.06673279987219334,0.04175285013003643,0.0,0.0,0.18360655737704923
networkcindicator,0.75,0.25,3.0,0.21165228849619996,0.12003736263046791,0.0,0.0,0.5,0.0475345220355397,0.0325469342476911,0.0,0.0,0.25,0.07649137057815225,0.049250136715896016,0.0,0.0,0.3333333333333333
networkcindicator,0.75,0.25,5.0,0.22739185317447624,0.12979035190342178,0.0,0.0,0.5370370370370371,0.0503503156998733,0.03157963946445518,0.0,0.0,0.1357615894039735,0.08141019902791767,0.049706649437518034,0.0,0.0,0.19607843137254902
networkcindicator,0.75,0.5,0,0.10685558901200033,0.07199751863176056,0.0,0.0,0.5,0.024048679735865174,0.01907439236193393,0.0,0.0,0.12582781456953643,0.038505598567973656,0.028494913922047498,0.0,0.0,0.17312072892938496
networkcindicator,0.75,0.5,0.1,0.11522399842036789,0.08125420628450665,0.0,0.0,0.5,0.026846641236279643,0.026054513189877553,0.0,0.0,0.25,0.042645301865565234,0.03753888389458488,0.0,0.0,0.3333333333333333
networkcindicator,0.75,0.5,0.25,0.11914624052703195,0.07912406139127413,0.0,0.0,0.5,0.027602015677775198,0.026103096093497515,0.0,0.0,0.25,0.043839463328478497,0.037080140664490065,0.0,0.0,0.3333333333333333
networkcindicator,0.75,0.5,0.5,0.1370505605396193,0.08631623332361853,0.0,0.0,0.5,0.03198873920502527,0.029331214040641474,0.0,0.0,0.25,0.050775418285187314,0.041454804581896834,0.0,0.0,0.3333333333333333
networkcindicator,0.75,0.5,0.75,0.14613533516764093,0.08805760393897522,0.0,0.0,0.5555555555555556,0.03293725528983744,0.023785182846458818,0.0,0.0,0.15311004784688995,0.052865418045025696,0.03590430708337888,0.0,0.0,0.2098360655737705
networkcindicator,0.75,0.5,1.0,0.1581525283219639,0.0951684125336261,0.0,0.0,0.5,0.036180893010806355,0.028546579662582897,0.0,0.0,0.25,0.05787939613391594,0.04199362605427223,0.0,0.0,0.3333333333333333
networkcindicator,0.75,0.5,2.0,0.19455709105277588,0.1108285239558882,0.0,0.0,0.5,0.04381876606696102,0.03084153361514991,0.0,0.0,0.25,0.07043890755269627,0.046303743032721875,0.0,0.0,0.3333333333333333
networkcindicator,0.75,0.5,3.0,0.21021068587884645,0.1185781101018694,0.0,0.0,0.5,0.04688689238499123,0.0300848511630857,0.0,0.0,0.15789473684210525,0.07570146840182591,0.046895625986469076,0.0,0.0,0.2163934426229508
networkcindicator,0.75,0.5,5.0,0.23116365804973307,0.13227874100970158,0.0,0.0,0.5333333333333333,0.05122351894141884,0.032815586636879654,0.0,0.0,0.1674641148325359,0.08280834735598652,0.05128060095676774,0.0,0.0,0.22950819672131148
networkcindicator,0.75,0.75,0,0.1287272478371168,0.07930475624792585,0.0,0.0,0.5,0.02945202220885865,0.02513333539518575,0.0,0.0,0.25,0.046956040291657966,0.03610416652800141,0.0,0.0,0.3333333333333333
networkcindicator,0.75,0.75,0.1,0.12872919726206436,0.08009151818044682,0.0,0.0,0.5,0.029669262624754087,0.02628275611530079,0.0,0.0,0.25,0.047257266001352764,0.037691640629599066,0.0,0.0,0.3333333333333333
networkcindicator,0.75,0.75,0.25,0.13689138651634572,0.08171832091535079,0.0,0.0,0.5,0.030808165958586247,0.022325654874755296,0.0,0.0,0.1423841059602649,0.04947724938869025,0.03374283823893817,0.0,0.0,0.2
networkcindicator,0.75,0.75,0.5,0.14624400360031506,0.08170617231763756,0.0,0.0,0.5,0.03273308074544835,0.02119090600636354,0.0,0.0,0.12582781456953643,0.052615840407667425,0.032207635968563936,0.0,0.0,0.17312072892938496
networkcindicator,0.75,0.75,0.75,0.15595425727979348,0.08978921076912322,0.0,0.0,0.5,0.03496274316867114,0.024336963564141535,0.0,0.0,0.1339712918660287,0.056177337728757305,0.03690926477637625,0.0,0.0,0.2
networkcindicator,0.75,0.75,1.0,0.16535355589119424,0.09573420282266866,0.0,0.0,0.5,0.036931143792007536,0.025510253053823803,0.0,0.0,0.15311004784688995,0.0594376436912798,0.0387533820488142,0.0,0.0,0.2098360655737705
networkcindicator,0.75,0.75,2.0,0.19659189653270623,0.1112548804403437,0.0,0.0,0.5,0.04436717633728656,0.030717876539357942,0.0,0.0,0.25,0.07133051919934456,0.046272925265362336,0.0,0.0,0.3333333333333333
networkcindicator,0.75,0.75,3.0,0.21750812267978928,0.12351821103742675,0.0,0.0,0.6111111111111112,0.04893610752286061,0.03331087682684917,0.0,0.0,0.25,0.07865794378871474,0.05027196483574274,0.0,0.0,0.3333333333333333
networkcindicator,0.75,0.75,5.0,0.2352239897456351,0.13364999994049642,0.0,0.0,0.5757575757575758,0.05216429393146702,0.033118264950113885,0.0,0.0,0.15789473684210525,0.08432154524174591,0.051885156808179095,0.0,0.0,0.2163934426229508
networkcindicator,0.75,1.0,0,0.13700008587296766,0.09575093187042524,0.0,0.0,1.0,0.031431592963219165,0.029117928339870893,0.0,0.0,0.25,0.050141922295237853,0.04287502211292532,0.0,0.0,0.4
networkcindicator,0.75,1.0,0.1,0.13624728659967156,0.07936641640378161,0.0,0.0,0.5,0.030555300954227867,0.021711940597236353,0.0,0.0,0.1291866028708134,0.04903371938039515,0.0323975465926948,0.0,0.0,0.18181818181818182
networkcindicator,0.75,1.0,0.25,0.14027185703883865,0.08337800002437519,0.0,0.0,0.5,0.031906677022979606,0.025816018916992797,0.0,0.0,0.25,0.05098585587171906,0.03716395649656284,0.0,0.0,0.3333333333333333
networkcindicator,0.75,1.0,0.5,0.1455318770734004,0.0840055580053233,0.0,0.0,0.4444444444444444,0.03246471306964232,0.022257767479010468,0.0,0.0,0.12251655629139073,0.05224018940614052,0.03382094954265979,0.0,0.0,0.16856492027334852
networkcindicator,0.75,1.0,0.75,0.1628771354570834,0.09176548249955055,0.0,0.0,0.5,0.03628867961428676,0.02416607313663365,0.0,0.0,0.152317880794702,0.05847112051337525,0.03696157477503101,0.0,0.0,0.20956719817767655
networkcindicator,0.75,1.0,1.0,0.16821512109727252,0.09351595353513154,0.0,0.0,0.5,0.03834653684178604,0.028281589749400426,0.0,0.0,0.25,0.06141968317631048,0.04148419954930491,0.0,0.0,0.3333333333333333
networkcindicator,0.75,1.0,2.0,0.19780666912723607,0.11110324509075954,0.0,0.0,0.5238095238095238,0.04449607921405659,0.029163396262593642,0.0,0.0,0.152317880794702,0.07170493241736252,0.04507085069679293,0.0,0.0,0.20956719817767655
networkcindicator,0.75,1.0,3.0,0.22087010536662938,0.12418286271468927,0.0,0.0,0.5,0.048933855302877485,0.03138675973089173,0.0,0.0,0.16556291390728478,0.07902912558536843,0.04867709434397958,0.0,0.0,0.22779043280182235
networkcindicator,0.75,1.0,5.0,0.23162711379068548,0.13411269487546948,0.0,0.0,0.5757575757575758,0.05119688211416616,0.0327434583075135,0.0,0.0,0.14354066985645933,0.08282659239858646,0.05152083263614167,0.0,0.0,0.21250000000000002
networkcindicator,0.75,2.0,0,0.15061935059351908,0.08523937772873143,0.0,0.0,0.5,0.033902156803436,0.02306806904484426,0.0,0.0,0.125,0.05454794685416712,0.03518753710007298,0.0,0.0,0.2
networkcindicator,0.75,2.0,0.1,0.15516787928619805,0.08976914019290326,0.0,0.0,0.5555555555555556,0.03452564349302493,0.022763637531965367,0.0,0.0,0.125,0.05560067149615567,0.03503998898766893,0.0,0.0,0.2
networkcindicator,0.75,2.0,0.25,0.15906079421693203,0.09209324782736576,0.0,0.0,0.5,0.035474283113640696,0.023883273196119815,0.0,0.0,0.125,0.05708001029609788,0.03665700485566825,0.0,0.0,0.2
networkcindicator,0.75,2.0,0.5,0.16361540219319073,0.09049631452287361,0.0,0.0,0.5555555555555556,0.03605347397588653,0.022586105589278847,0.0,0.0,0.1357615894039735,0.05817165137175246,0.034602246175683034,0.0,0.0,0.1867881548974943
networkcindicator,0.75,2.0,0.75,0.1718086686859342,0.09979524541781883,0.0,0.0,0.5,0.03880019518095134,0.028686284063312594,0.0,0.0,0.25,0.0622532451789507,0.04249203342472155,0.0,0.0,0.3333333333333333
networkcindicator,0.75,2.0,1.0,0.1742216267333013,0.09811947310022186,0.0,0.0,0.4074074074074074,0.038617579289568806,0.024929905873734955,0.0,0.0,0.1423841059602649,0.06230650821033756,0.038470897192127575,0.0,0.0,0.1958997722095672
networkcindicator,0.75,2.0,2.0,0.20110829088349189,0.11190390911824256,0.0,0.0,0.5555555555555556,0.04471396307978538,0.02856566681601265,0.0,0.0,0.14832535885167464,0.07207268553716081,0.04396804256682925,0.0,0.0,0.20327868852459016
networkcindicator,0.75,2.0,3.0,0.23042264409385949,0.14405259847301846,0.0,0.0,1.0,0.04986611285307453,0.031159715497558336,0.0,0.0,0.15789473684210525,0.08070471553593281,0.048863169583843395,0.0,0.0,0.2163934426229508
networkcindicator,0.75,2.0,5.0,0.2383301271920551,0.1308238255565834,0.0,0.0,0.5185185185185185,0.05259962227741988,0.03280488536005865,0.0,0.0,0.14832535885167464,0.08507007359615619,0.05133247055033123,0.0,0.0,0.20327868852459016
networkcindicator,0.75,3.0,0,0.15821077690126018,0.09101347976262035,0.0,0.0,0.5,0.03574032763343199,0.026722260794449827,0.0,0.0,0.25,0.05732008728458436,0.03931265597349488,0.0,0.0,0.3333333333333333
networkcindicator,0.75,3.0,0.1,0.1663677309723059,0.09164984767138144,0.0,0.0,0.5,0.03737495629436539,0.027048730618363454,0.0,0.0,0.25,0.059935336684231795,0.039621553684371265,0.0,0.0,0.3333333333333333
networkcindicator,0.75,3.0,0.25,0.16753764641015337,0.09647078836648841,0.0,0.0,0.5,0.0382635397382021,0.030987046844582308,0.0,0.0,0.25,0.06108528292700294,0.044481126731569294,0.0,0.0,0.3333333333333333
networkcindicator,0.75,3.0,0.5,0.16914076710340945,0.09943881112611733,0.0,0.0,0.5,0.038107156412411435,0.028064356278754164,0.0,0.0,0.25,0.061156289984063146,0.04171910493043983,0.0,0.0,0.3333333333333333
networkcindicator,0.75,3.0,0.75,0.1700207608341656,0.10202012867059002,0.0,0.0,0.5,0.037846855693240526,0.02552608743833652,0.0,0.0,0.12582781456953643,0.0609952083730179,0.03953640136223692,0.0,0.0,0.17312072892938496
networkcindicator,0.75,3.0,1.0,0.1829587766640894,0.10634426480617633,0.0,0.0,0.5555555555555556,0.040567171056533693,0.026877581018471826,0.0,0.0,0.1357615894039735,0.0653905404984463,0.041383261587024225,0.0,0.0,0.2
networkcindicator,0.75,3.0,2.0,0.20410817227514336,0.1142529773398451,0.0,0.0,0.5,0.04590756622002817,0.0317487904286751,0.0,0.0,0.25,0.07383770210553998,0.047835173215213515,0.0,0.0,0.3333333333333333
networkcindicator,0.75,3.0,3.0,0.21980817062634084,0.12640451743131953,0.0,0.0,0.5,0.0493516410312745,0.03381584902236615,0.0,0.0,0.25,0.0794478805214875,0.05137965415792952,0.0,0.0,0.3333333333333333
networkcindicator,0.75,3.0,5.0,0.2327208543388513,0.13228153152702668,0.0,0.0,0.5357142857142857,0.05140405065986505,0.032310186232479964,0.0,0.0,0.1456953642384106,0.08317857993467696,0.05084519391344867,0.0,0.0,0.20045558086560364
networkcindicator,0.75,5.0,0,0.15575703980903688,0.11183769427003726,0.0,0.0,1.0,0.034505263513738796,0.027433133938952706,0.0,0.0,0.25,0.055412604075004465,0.04096606582164584,0.0,0.0,0.3333333333333333
networkcindicator,0.75,5.0,0.1,0.14837454202370232,0.0899065293206722,0.0,0.0,0.38461538461538464,0.03307210183723132,0.022965334232401175,0.0,0.0,0.1282051282051282,0.05332603662099348,0.03557580941122262,0.0,0.0,0.19230769230769232
networkcindicator,0.75,5.0,0.25,0.15837290328404824,0.11205946592751505,0.0,0.0,1.0,0.034626654500872385,0.024750741163628066,0.0,0.0,0.1291866028708134,0.055892053850438404,0.03857132160209846,0.0,0.0,0.18181818181818182
networkcindicator,0.75,5.0,0.5,0.15568073486490278,0.09991366443951245,0.0,0.0,0.43478260869565216,0.03465066677266255,0.024576093247018444,0.0,0.0,0.11258278145695365,0.05585197887619775,0.03830640701035126,0.0,0.0,0.15702479338842976
networkcindicator,0.75,5.0,0.75,0.15868055481690885,0.10157937886248193,0.0,0.0,0.42857142857142855,0.03563526837529367,0.026285571445899814,0.0,0.0,0.1291866028708134,0.057378908791003644,0.0406923512384878,0.0,0.0,0.17704918032786887
networkcindicator,0.75,5.0,1.0,0.16240373635677127,0.10628603625785432,0.0,0.0,0.5185185185185185,0.036071000358385605,0.02629920805528824,0.0,0.0,0.11920529801324503,0.05815487234029443,0.040957454698169644,0.0,0.0,0.1764705882352941
networkcindicator,0.75,5.0,2.0,0.18115160169790867,0.11783977795278781,0.0,0.0,0.5217391304347826,0.04008365277226036,0.028608998657486753,0.0,0.0,0.13245033112582782,0.06471756926600598,0.044841126203250425,0.0,0.0,0.2
networkcindicator,0.75,5.0,3.0,0.1922971726000802,0.12313567875941775,0.0,0.0,0.5555555555555556,0.04257592710552844,0.02988372970945802,0.0,0.0,0.1357615894039735,0.06874950789261762,0.046844829943479105,0.0,0.0,0.1867881548974943
networkcindicator,0.75,5.0,5.0,0.21439819095015403,0.13347349161663996,0.0,0.0,0.5166666666666667,0.04759233803774538,0.032321143103363495,0.0,0.0,0.1339712918660287,0.0768502063532223,0.050835475545556515,0.0,0.0,0.2026143790849673
networkcindicator,1.0,0,0,0.07297602885350894,0.05916567702154591,0.0,0.0,0.4444444444444444,0.01648681112689252,0.015379105673706156,0.0,0.0,0.10047846889952153,0.02628651187230049,0.0228169238073882,0.0,0.0,0.1377049180327869
networkcindicator,1.0,0,0.1,0.07729582297795144,0.06035158575508915,0.0,0.0,0.3333333333333333,0.017991281517834492,0.017904207031297786,0.0,0.0,0.125,0.02857033763763101,0.02630157845788217,0.0,0.0,0.18181818181818182
networkcindicator,1.0,0,0.25,0.08344136000217998,0.07068120519444218,0.0,0.0,0.5,0.018813928067945185,0.01820904478390074,0.0,0.0,0.1339712918660287,0.029998749824921876,0.02701569420540998,0.0,0.0,0.18360655737704923
networkcindicator,1.0,0,0.5,0.08724428444307385,0.06019594193122677,0.0,0.0,0.3888888888888889,0.019926231060046314,0.017408877191159078,0.0,0.0,0.11961722488038277,0.031783083787539676,0.02557576941484881,0.0,0.0,0.16393442622950818
networkcindicator,1.0,0,0.75,0.11378101636882353,0.08170117958580478,0.0,0.0,0.5,0.02671278803781481,0.028618850278004298,0.0,0.0,0.25,0.04223369039559051,0.039957038935733595,0.0,0.0,0.3333333333333333
networkcindicator,1.0,0,1.0,0.11655834167945699,0.08270027863191187,0.0,0.0,0.5,0.026296935765482848,0.022061468860502514,0.0,0.0,0.152317880794702,0.042064528208119546,0.03292455968445216,0.0,0.0,0.20956719817767655
networkcindicator,1.0,0,2.0,0.17555511853200384,0.10064912555563642,0.0,0.0,0.5,0.03902237095461747,0.02551892572443978,0.0,0.0,0.152317880794702,0.06292804574179119,0.03937885649661761,0.0,0.0,0.20956719817767655
networkcindicator,1.0,0,3.0,0.20671701098463444,0.11912223144260174,0.0,0.0,0.5185185185185185,0.04586021099050393,0.02980909761151827,0.0,0.0,0.1390728476821192,0.07406297909404191,0.046389439902666696,0.0,0.0,0.19444444444444445
networkcindicator,1.0,0,5.0,0.22901432448546344,0.1288193039964125,0.0,0.0,0.5454545454545454,0.050616703814145146,0.03160113035824749,0.0,0.0,0.1423841059602649,0.08182726450655482,0.04956262744772052,0.0,0.0,0.1958997722095672
networkcindicator,1.0,0.1,0,0.07986960175221665,0.06700247806481531,0.0,0.0,0.5,0.01854641158306727,0.018890755694332843,0.0,0.0,0.125,0.029484120412329725,0.028281555270895754,0.0,0.0,0.2
networkcindicator,1.0,0.1,0.1,0.08591979446378414,0.06837357886647052,0.0,0.0,0.5,0.0189357481973284,0.016276044343893004,0.0,0.0,0.10096153846153846,0.030280220679154476,0.024163640525389385,0.0,0.0,0.14583333333333334
networkcindicator,1.0,0.1,0.25,0.09974642763153116,0.08863562514338559,0.0,0.0,1.0,0.022005768128254482,0.01890519903109843,0.0,0.0,0.125,0.035302084575727664,0.028834380999926263,0.0,0.0,0.2
networkcindicator,1.0,0.1,0.5,0.09721014441566787,0.06700973907110888,0.0,0.0,0.5,0.02296379168384311,0.02354215514434935,0.0,0.0,0.25,0.036374487385077696,0.03328293657858093,0.0,0.0,0.3333333333333333
networkcindicator,1.0,0.1,0.75,0.11314969902467971,0.07537394706213772,0.0,0.0,0.5,0.02625600506176654,0.02503278093023201,0.0,0.0,0.25,0.0417861164228882,0.03582657386776148,0.0,0.0,0.3333333333333333
networkcindicator,1.0,0.1,1.0,0.11972211964788347,0.07841901086521677,0.0,0.0,0.3888888888888889,0.027026704403236883,0.02162269470172385,0.0,0.0,0.1390728476821192,0.043358977499953724,0.03264346421585664,0.0,0.0,0.19134396355353075
networkcindicator,1.0,0.1,2.0,0.1881232552993801,0.1180526809063201,0.0,0.0,1.0,0.04168352572455801,0.029804324415741847,0.0,0.0,0.25,0.0669763257587786,0.04463562598256083,0.0,0.0,0.3333333333333333
networkcindicator,1.0,0.1,3.0,0.21137910593187378,0.11856589497526035,0.0,0.0,0.5,0.046662826186501624,0.02949487597636734,0.0,0.0,0.1456953642384106,0.07538348920590517,0.045939730454915305,0.0,0.0,0.20045558086560364
networkcindicator,1.0,0.1,5.0,0.22760780954472173,0.1305135686557504,0.0,0.0,0.5185185185185185,0.05051359165401508,0.032035019837186846,0.0,0.0,0.15311004784688995,0.08164180891837984,0.05030193565804262,0.0,0.0,0.2098360655737705
networkcindicator,1.0,0.25,0,0.08584958763833236,0.0645729493350475,0.0,0.0,0.3888888888888889,0.019530469523487626,0.017383714711433535,0.0,0.0,0.10096153846153846,0.031205274004601487,0.026005910956514323,0.0,0.0,0.14583333333333334
networkcindicator,1.0,0.25,0.1,0.08617440001596302,0.06609602043989093,0.0,0.0,0.3888888888888889,0.019872916619602093,0.018656461396447888,0.0,0.0,0.12440191387559808,0.03161094273799971,0.027604566393805676,0.0,0.0,0.17049180327868854
networkcindicator,1.0,0.25,0.25,0.09643145748283953,0.06594684525424589,0.0,0.0,0.3333333333333333,0.02253888119324913,0.019552338949092262,0.0,0.0,0.12251655629139073,0.035853035747111135,0.028942973918317266,0.0,0.0,0.16856492027334852
networkcindicator,1.0,0.25,0.5,0.10486469508752035,0.07068348387640042,0.0,0.0,0.3888888888888889,0.023598348210994508,0.019283384728602866,0.0,0.0,0.1456953642384106,0.03775198220458952,0.028716519153345207,0.0,0.0,0.20045558086560364
networkcindicator,1.0,0.25,0.75,0.12037624849468695,0.07832966735826681,0.0,0.0,0.5,0.026962412016275698,0.021033066481726224,0.0,0.0,0.152317880794702,0.04319987553565008,0.03140616738386007,0.0,0.0,0.20956719817767655
networkcindicator,1.0,0.25,1.0,0.13245427068586907,0.07980805576312532,0.0,0.0,0.3888888888888889,0.03009545774947076,0.022121635031893898,0.0,0.0,0.11920529801324503,0.04822118894456438,0.03330373705269679,0.0,0.0,0.16400911161731208
networkcindicator,1.0,0.25,2.0,0.17982153042185267,0.10240301226273593,0.0,0.0,0.42592592592592593,0.04032845397833824,0.026744109298243685,0.0,0.0,0.1490066225165563,0.06496286350298498,0.04118512717905896,0.0,0.0,0.20501138952164008
networkcindicator,1.0,0.25,3.0,0.20719893976238626,0.11924273096793686,0.0,0.0,0.5185185185185185,0.046235445595880616,0.030416457051233796,0.0,0.0,0.16556291390728478,0.07457459592196167,0.04716267117362074,0.0,0.0,0.22779043280182235
networkcindicator,1.0,0.25,5.0,0.22484901946739383,0.12936140659066084,0.0,0.0,0.5370370370370371,0.0499899809489982,0.03188583821364365,0.0,0.0,0.14354066985645933,0.08080130701590695,0.05009612216221343,0.0,0.0,0.19672131147540983
networkcindicator,1.0,0.5,0,0.10536387713734631,0.07234680580205059,0.0,0.0,0.5,0.024113245026770674,0.02041191781693196,0.0,0.0,0.1423841059602649,0.038525680721136456,0.030566601289327453,0.0,0.0,0.2
networkcindicator,1.0,0.5,0.1,0.10533911601559476,0.06567670504250868,0.0,0.0,0.3888888888888889,0.023735031188418836,0.01834869762878049,0.0,0.0,0.1291390728476821,0.03802967578075509,0.027251589599623254,0.0,0.0,0.1776765375854214
networkcindicator,1.0,0.5,0.25,0.10911818455032804,0.0677390661043422,0.0,0.0,0.3888888888888889,0.024539236195210926,0.01851352611029364,0.0,0.0,0.11920529801324503,0.03937223620514447,0.027739962174633953,0.0,0.0,0.16400911161731208
networkcindicator,1.0,0.5,0.5,0.12463644551760601,0.07752254752662574,0.0,0.0,0.5,0.027845319064635953,0.02064071004795185,0.0,0.0,0.12582781456953643,0.04466078779063979,0.030873634423546407,0.0,0.0,0.17312072892938496
networkcindicator,1.0,0.5,0.75,0.14274534023582705,0.09019433765901436,0.0,0.0,0.5555555555555556,0.0322525894865209,0.026291208120946714,0.0,0.0,0.25,0.0516671286536825,0.038473066066347004,0.0,0.0,0.3333333333333333
networkcindicator,1.0,0.5,1.0,0.14103028940303958,0.08291063686424753,0.0,0.0,0.5,0.03182319420586334,0.022251714018570935,0.0,0.0,0.1291390728476821,0.05117558853148379,0.03407585105542353,0.0,0.0,0.2
networkcindicator,1.0,0.5,2.0,0.18748743856443303,0.10654661763908257,0.0,0.0,0.5,0.0423091025873568,0.030063094439621286,0.0,0.0,0.25,0.06796741829410755,0.04486599363875025,0.0,0.0,0.3333333333333333
networkcindicator,1.0,0.5,3.0,0.20391774028008586,0.11507243020857028,0.0,0.0,0.48148148148148145,0.04512913301462392,0.028713563261418825,0.0,0.0,0.1456953642384106,0.07294651853294717,0.04487163386517592,0.0,0.0,0.20045558086560364
networkcindicator,1.0,0.5,5.0,0.23039602442393198,0.13055229281697323,0.0,0.0,0.5370370370370371,0.05183252448581304,0.03467547686108914,0.0,0.0,0.25,0.08347774808851842,0.05300503186542553,0.0,0.0,0.3333333333333333
networkcindicator,1.0,0.75,0,0.10980352315314836,0.06803331178667994,0.0,0.0,0.3888888888888889,0.024692310481730328,0.01808453897320104,0.0,0.0,0.11057692307692307,0.03959748458558987,0.0271755589088473,0.0,0.0,0.1597222222222222
networkcindicator,1.0,0.75,0.1,0.1230189597195501,0.07298185572829355,0.0,0.0,0.5,0.028150158945429694,0.020995648062043955,0.0,0.0,0.125,0.04506957168710636,0.03150386871614683,0.0,0.0,0.2
networkcindicator,1.0,0.75,0.25,0.12819070602039945,0.0843310964157866,0.0,0.0,0.6666666666666666,0.028631106474596272,0.021349504957491196,0.0,0.0,0.13245033112582782,0.045976408153305025,0.03224255655999283,0.0,0.0,0.2
networkcindicator,1.0,0.75,0.5,0.13030185395868396,0.07491942401401173,0.0,0.0,0.36363636363636365,0.02935857339793107,0.020348605471038388,0.0,0.0,0.11920529801324503,0.04719042900737686,0.030907834951810983,0.0,0.0,0.16400911161731208
networkcindicator,1.0,0.75,0.75,0.14351303331622703,0.08260045463348414,0.0,0.0,0.5,0.03208212602371381,0.0217852247211045,0.0,0.0,0.125,0.05164114733108356,0.033231566526099376,0.0,0.0,0.2
networkcindicator,1.0,0.75,1.0,0.15846552597133767,0.09492709945704134,0.0,0.0,0.5,0.036106152423081794,0.027826636436233825,0.0,0.0,0.25,0.057828641810352126,0.04101089518018672,0.0,0.0,0.3333333333333333
networkcindicator,1.0,0.75,2.0,0.18861961702913396,0.10940294644833225,0.0,0.0,0.5,0.04206975739702463,0.02841473259201863,0.0,0.0,0.1674641148325359,0.06786517452469751,0.04389278171372508,0.0,0.0,0.22950819672131148
networkcindicator,1.0,0.75,3.0,0.21604726202209915,0.12144844136677418,0.0,0.0,0.5,0.0490827499850429,0.03538894258050253,0.0,0.0,0.25,0.07867885965704395,0.05229649307144444,0.0,0.0,0.3333333333333333
networkcindicator,1.0,0.75,5.0,0.22974402312479822,0.129661489612435,0.0,0.0,0.5185185185185185,0.0510301004504486,0.03171273650633769,0.0,0.0,0.14354066985645933,0.08253329263878319,0.04990479776332031,0.0,0.0,0.2
networkcindicator,1.0,1.0,0,0.12296948401911188,0.07203742852489314,0.0,0.0,0.3888888888888889,0.027405314926290444,0.018266565767347705,0.0,0.0,0.09602649006622517,0.04408259016596559,0.02788694095658493,0.0,0.0,0.13211845102505695
networkcindicator,1.0,1.0,0.1,0.12920948094385892,0.0906450606838194,0.0,0.0,1.0,0.028206012795457498,0.0192220503064308,0.0,0.0,0.12251655629139073,0.04549946610448268,0.029432770774640085,0.0,0.0,0.18181818181818182
networkcindicator,1.0,1.0,0.25,0.13940659791041285,0.09714503538065491,0.0,0.0,1.0,0.03258904189783251,0.03780548466849847,0.0,0.0,0.5,0.05171755543865247,0.05212079735871291,0.0,0.0,0.6666666666666666
networkcindicator,1.0,1.0,0.5,0.143497030419296,0.09720202824382504,0.0,0.0,1.0,0.03139827341470701,0.02075628027340632,0.0,0.0,0.1291390728476821,0.05065265477711251,0.03209411950118119,0.0,0.0,0.18181818181818182
networkcindicator,1.0,1.0,0.75,0.15713668945157908,0.09186082033024051,0.0,0.0,0.5555555555555556,0.0353693261243525,0.02395382817784759,0.0,0.0,0.125,0.05683114252767268,0.03656719878777498,0.0,0.0,0.2
networkcindicator,1.0,1.0,1.0,0.16581803944444376,0.09596152353891517,0.0,0.0,0.5,0.03726808246711987,0.025576653390986418,0.0,0.0,0.16666666666666666,0.05995306683823853,0.039176793585176554,0.0,0.0,0.25
networkcindicator,1.0,1.0,2.0,0.19262386757882455,0.10772779174874837,0.0,0.0,0.5,0.043044513099070994,0.02765850026041963,0.0,0.0,0.1423841059602649,0.06946044619672573,0.04296194171292616,0.0,0.0,0.2
networkcindicator,1.0,1.0,3.0,0.21189614574751905,0.12388165510237831,0.0,0.0,0.5454545454545454,0.047050540726586584,0.03077770219646012,0.0,0.0,0.15894039735099338,0.0760325344965282,0.04815133182399474,0.0,0.0,0.2186788154897494
networkcindicator,1.0,1.0,5.0,0.231957021321267,0.13223454981297594,0.0,0.0,0.5370370370370371,0.051442483662258884,0.032401426817658674,0.0,0.0,0.14354066985645933,0.08316991308777896,0.050928200283722073,0.0,0.0,0.19672131147540983
networkcindicator,1.0,2.0,0,0.14409293429861547,0.08193646012601558,0.0,0.0,0.5,0.03258263068887872,0.025202255038871732,0.0,0.0,0.25,0.05219358713259362,0.03659977771498501,0.0,0.0,0.3333333333333333
networkcindicator,1.0,2.0,0.1,0.1530378216452964,0.10023797858663762,0.0,0.0,1.0,0.03421028776349538,0.025924320301446438,0.0,0.0,0.25,0.05483689257641603,0.03794834760463283,0.0,0.0,0.3333333333333333
networkcindicator,1.0,2.0,0.25,0.15674979306169917,0.08636310511726421,0.0,0.0,0.5,0.03529366713817573,0.02576232780339983,0.0,0.0,0.25,0.05663584185062647,0.03773853267299973,0.0,0.0,0.3333333333333333
networkcindicator,1.0,2.0,0.5,0.15637348774590218,0.09013536486366844,0.0,0.0,0.5,0.03506441993449828,0.023894266320454507,0.0,0.0,0.152317880794702,0.05641347284846238,0.03649736414296836,0.0,0.0,0.20956719817767655
networkcindicator,1.0,2.0,0.75,0.169650937235648,0.09777844845748605,0.0,0.0,0.5,0.03826069060471336,0.028124004478331067,0.0,0.0,0.25,0.0613272637185222,0.041384031317527645,0.0,0.0,0.3333333333333333
networkcindicator,1.0,2.0,1.0,0.1693551388963333,0.09858075831848294,0.0,0.0,0.5,0.03746565072747723,0.025729893762461716,0.0,0.0,0.15562913907284767,0.06039545811860102,0.03921381373284982,0.0,0.0,0.21412300683371296
networkcindicator,1.0,2.0,2.0,0.19857811701916214,0.11179355638259202,0.0,0.0,0.5,0.04468206537243779,0.03074144374462026,0.0,0.0,0.25,0.07185200369419709,0.04621953673002309,0.0,0.0,0.3333333333333333
networkcindicator,1.0,2.0,3.0,0.21459872577139025,0.12070885404424338,0.0,0.0,0.5,0.04751015172563568,0.03065898599468732,0.0,0.0,0.1490066225165563,0.07677181205136899,0.04777196250432289,0.0,0.0,0.20501138952164008
networkcindicator,1.0,2.0,5.0,0.23476319813691418,0.13347253819270094,0.0,0.0,0.5555555555555556,0.05234174493983273,0.034763081543378295,0.0,0.0,0.25,0.08434704720046336,0.05309868700865066,0.0,0.0,0.3333333333333333
networkcindicator,1.0,3.0,0,0.15574206548853575,0.08821727377651235,0.0,0.0,0.5,0.034441488894993114,0.02243056360307093,0.0,0.0,0.125,0.0555885173375449,0.03463155801789569,0.0,0.0,0.2
networkcindicator,1.0,3.0,0.1,0.15571345402924847,0.08783686491837962,0.0,0.0,0.43333333333333335,0.03466020022757731,0.022608765368072988,0.0,0.0,0.1291866028708134,0.05586022110752136,0.03476776616266086,0.0,0.0,0.17704918032786887
networkcindicator,1.0,3.0,0.25,0.15567379902080633,0.08964591868431677,0.0,0.0,0.5,0.0341540246112774,0.021875056755965717,0.0,0.0,0.11920529801324503,0.055160217128794244,0.03386680050879947,0.0,0.0,0.16400911161731208
networkcindicator,1.0,3.0,0.5,0.16350159232556252,0.09290524529781763,0.0,0.0,0.4444444444444444,0.036140104871165715,0.023289891866041326,0.0,0.0,0.11589403973509933,0.058343826177073135,0.03605070416283602,0.0,0.0,0.1597222222222222
networkcindicator,1.0,3.0,0.75,0.1678746317199585,0.09843654257842004,0.0,0.0,0.5,0.036766229943472506,0.02378281751752218,0.0,0.0,0.12582781456953643,0.05941346567887795,0.03698275308795043,0.0,0.0,0.17312072892938496
networkcindicator,1.0,3.0,1.0,0.1741030151061634,0.09887803786500757,0.0,0.0,0.4444444444444444,0.03860603301964546,0.0250830611196467,0.0,0.0,0.1390728476821192,0.062318291523422796,0.03892694010830182,0.0,0.0,0.19134396355353075
networkcindicator,1.0,3.0,2.0,0.19816262264229959,0.11154943586848483,0.0,0.0,0.5,0.04348419252085544,0.02806848065730039,0.0,0.0,0.1490066225165563,0.07027838919881506,0.0435316513211171,0.0,0.0,0.20501138952164008
networkcindicator,1.0,3.0,3.0,0.21750881545252962,0.13290980144456868,0.0,0.0,1.0,0.04764134627910375,0.031190661990183072,0.0,0.0,0.16267942583732056,0.0770374836752951,0.04874379704059836,0.0,0.0,0.22295081967213112
networkcindicator,1.0,3.0,5.0,0.2379159255685592,0.14047167814313644,0.0,0.0,1.0,0.052105529916257616,0.03198203373540547,0.0,0.0,0.13875598086124402,0.0843019408445608,0.050364340805031924,0.0,0.0,0.1983471074380165
networkcindicator,1.0,5.0,0,0.1512862119899637,0.09522698349548499,0.0,0.0,0.5,0.03302407164889814,0.022285065028587576,0.0,0.0,0.109375,0.053375859913994565,0.03490586414282568,0.0,0.0,0.16470588235294117
networkcindicator,1.0,5.0,0.1,0.15133446958053476,0.09461694779441943,0.0,0.0,0.5,0.03390811349261765,0.026862151753788522,0.0,0.0,0.25,0.0543827705929838,0.039706603842967744,0.0,0.0,0.3333333333333333
networkcindicator,1.0,5.0,0.25,0.15290520137087604,0.09399975288696832,0.0,0.0,0.5,0.03391694562138163,0.022972404540699907,0.0,0.0,0.125,0.054736876755846695,0.03594927709089187,0.0,0.0,0.2
networkcindicator,1.0,5.0,0.5,0.16450116916657667,0.11354130611224614,0.0,0.0,1.0,0.03560210277786155,0.02400321266976766,0.0,0.0,0.125,0.057545704700233666,0.0376645767255118,0.0,0.0,0.2
networkcindicator,1.0,5.0,0.75,0.1600252977103431,0.10083536899295786,0.0,0.0,0.5,0.03552876583568659,0.024900442410432547,0.0,0.0,0.125,0.0572717259028946,0.0387136422335237,0.0,0.0,0.2
networkcindicator,1.0,5.0,1.0,0.16498799429164343,0.10597212734200862,0.0,0.0,0.5,0.03661940900116604,0.02575618352047227,0.0,0.0,0.125,0.05910732709668237,0.040462206118894575,0.0,0.0,0.2
networkcindicator,1.0,5.0,2.0,0.18272765825148518,0.1236197102954345,0.0,0.0,1.0,0.040734674799509464,0.030504087178672774,0.0,0.0,0.25,0.0657442547588853,0.04803790865334038,0.0,0.0,0.4
networkcindicator,1.0,5.0,3.0,0.19502741091485762,0.12390787005741422,0.0,0.0,0.5333333333333333,0.04326337345073623,0.030335958172488416,0.0,0.0,0.1291390728476821,0.06992549143850746,0.04778414028467672,0.0,0.0,0.2
networkcindicator,1.0,5.0,5.0,0.21675274673409056,0.13557940541456365,0.0,0.0,0.5185185185185185,0.04767897112737173,0.032282907694329614,0.0,0.0,0.12251655629139073,0.07719324270046969,0.051138682076748196,0.0,0.0,0.18954248366013074
networkcindicator,2.0,0,0,0.06474830424164806,0.05367648415470043,0.0,0.0,0.3333333333333333,0.014946744038900756,0.015420182338667128,0.0,0.0,0.125,0.023757638834301827,0.022777373755428723,0.0,0.0,0.18181818181818182
networkcindicator,2.0,0,0.1,0.06895490759200333,0.06205306457608954,0.0,0.0,0.5,0.016638915074435944,0.022932826412029202,0.0,0.0,0.25,0.026143797054116957,0.032033810341468315,0.0,0.0,0.3333333333333333
networkcindicator,2.0,0,0.25,0.064916873102901,0.05561933191882521,0.0,0.0,0.5,0.014544864593284829,0.0133248624564121,0.0,0.0,0.076158940397351,0.0232100970589138,0.01990290652095014,0.0,0.0,0.10478359908883828
networkcindicator,2.0,0,0.5,0.07919911631472656,0.06402781196774232,0.0,0.0,0.5,0.017840442884739557,0.017038059855869085,0.0,0.0,0.125,0.028573814575654673,0.025836270657464015,0.0,0.0,0.2
networkcindicator,2.0,0,0.75,0.08760563351433284,0.06610234238812172,0.0,0.0,0.5,0.02035863668900615,0.02190115801580061,0.0,0.0,0.25,0.03233419828057676,0.031133466242070466,0.0,0.0,0.3333333333333333
networkcindicator,2.0,0,1.0,0.10187960303586754,0.07392309732565255,0.0,0.0,0.5,0.022632151441470183,0.018853224112237145,0.0,0.0,0.12440191387559808,0.03627011135483295,0.02833073643906906,0.0,0.0,0.17049180327868854
networkcindicator,2.0,0,2.0,0.15262223097707683,0.09033942243008845,0.0,0.0,0.5,0.03405679505302238,0.02311342696067277,0.0,0.0,0.125,0.05483194534606968,0.03551647756331902,0.0,0.0,0.2
networkcindicator,2.0,0,3.0,0.18927420624396757,0.10788420221565151,0.0,0.0,0.46296296296296297,0.04193043158322803,0.026851944613502828,0.0,0.0,0.1423841059602649,0.06777666689063977,0.04199542653174967,0.0,0.0,0.1958997722095672
networkcindicator,2.0,0,5.0,0.22019883551982108,0.12714408701424887,0.0,0.0,0.5555555555555556,0.04872111433612939,0.03092891720032207,0.0,0.0,0.1423841059602649,0.07879256934603893,0.048641662551264335,0.0,0.0,0.20134228187919465
networkcindicator,2.0,0.1,0,0.07116433856690889,0.06374688383298885,0.0,0.0,0.5,0.016512444735833687,0.02109930205800744,0.0,0.0,0.25,0.02611450227007651,0.029523218942680816,0.0,0.0,0.3333333333333333
networkcindicator,2.0,0.1,0.1,0.06796133071968001,0.054022451690640017,0.0,0.0,0.3888888888888889,0.015174501982256462,0.01380520963667591,0.0,0.0,0.0861244019138756,0.024280667987556397,0.020614100908868067,0.0,0.0,0.1180327868852459
networkcindicator,2.0,0.1,0.25,0.07354383595057543,0.05526213343437737,0.0,0.0,0.2777777777777778,0.016826646979475442,0.015652139412561984,0.0,0.0,0.10526315789473684,0.026839293233403134,0.02319345250541028,0.0,0.0,0.14426229508196722
networkcindicator,2.0,0.1,0.5,0.08181813198019025,0.0683893877704619,0.0,0.0,0.5,0.0195052512247262,0.023573641145427215,0.0,0.0,0.25,0.030759054632014678,0.03339825844065571,0.0,0.0,0.3333333333333333
networkcindicator,2.0,0.1,0.75,0.09673851234352307,0.07267902806451679,0.0,0.0,0.5,0.02286376838040883,0.025143775119804354,0.0,0.0,0.25,0.036094189618495594,0.03537499151375677,0.0,0.0,0.3333333333333333
networkcindicator,2.0,0.1,1.0,0.10382002799543182,0.08742947630283068,0.0,0.0,1.0,0.023180359767567108,0.018946330106454943,0.0,0.0,0.10927152317880795,0.03713973648376163,0.02880927179266325,0.0,0.0,0.18181818181818182
networkcindicator,2.0,0.1,2.0,0.150858208521667,0.09249218164246888,0.0,0.0,0.42424242424242425,0.03363622896677178,0.023413810961445125,0.0,0.0,0.13245033112582782,0.054218747654429564,0.0362805080836888,0.0,0.0,0.18223234624145784
networkcindicator,2.0,0.1,3.0,0.20068555599757115,0.11116998951979443,0.0,0.0,0.5454545454545454,0.04539657910565172,0.031125048192337447,0.0,0.0,0.25,0.07297135660539923,0.04687273590861305,0.0,0.0,0.3333333333333333
networkcindicator,2.0,0.1,5.0,0.22156697108253873,0.1268327850142206,0.0,0.0,0.5185185185185185,0.049223548611418595,0.031582602412852254,0.0,0.0,0.1456953642384106,0.07959495040830016,0.049526790293811795,0.0,0.0,0.20045558086560364
networkcindicator,2.0,0.25,0,0.07917739104286005,0.08438731155892662,0.0,0.0,1.0,0.01767650503190848,0.017574676266933962,0.0,0.0,0.125,0.028211185597529217,0.02671453866173339,0.0,0.0,0.18181818181818182
networkcindicator,2.0,0.25,0.1,0.08094985580570835,0.07260713565707941,0.0,0.0,0.5,0.01834790416412949,0.018691008222577094,0.0,0.0,0.125,0.029277241953160345,0.028238332148126856,0.0,0.0,0.2
networkcindicator,2.0,0.25,0.25,0.08069099752256625,0.0648966057205955,0.0,0.0,0.5,0.018377091966180484,0.017926011895534923,0.0,0.0,0.125,0.029320089428522027,0.02685297614645456,0.0,0.0,0.2
networkcindicator,2.0,0.25,0.5,0.08565112854215211,0.06073755139743457,0.0,0.0,0.3888888888888889,0.01941842386171159,0.016441914518945916,0.0,0.0,0.09933774834437085,0.031065590219498864,0.024648161683290093,0.0,0.0,0.1388888888888889
networkcindicator,2.0,0.25,0.75,0.09618192969408727,0.07051899214540028,0.0,0.0,0.4444444444444444,0.02154525702669868,0.018595049363898684,0.0,0.0,0.1423841059602649,0.034523168076709555,0.027879428169384195,0.0,0.0,0.1958997722095672
networkcindicator,2.0,0.25,1.0,0.11892931424166528,0.08291367205462523,0.0,0.0,0.5555555555555556,0.027533411770662146,0.02799052195435537,0.0,0.0,0.25,0.04366718948050789,0.03915188557638274,0.0,0.0,0.3333333333333333
networkcindicator,2.0,0.25,2.0,0.1596804785564336,0.09171631682625889,0.0,0.0,0.4074074074074074,0.035380737193471845,0.023881208475808813,0.0,0.0,0.1423841059602649,0.05701272376918587,0.03660842123227881,0.0,0.0,0.1958997722095672
networkcindicator,2.0,0.25,3.0,0.19775682461549118,0.114081735608621,0.0,0.0,0.5,0.043430613208430224,0.027635591305515704,0.0,0.0,0.1357615894039735,0.07024390881196786,0.043295186153935496,0.0,0.0,0.1867881548974943
networkcindicator,2.0,0.25,5.0,0.22063445931718895,0.1252928921892622,0.0,0.0,0.5227272727272727,0.04905662759597711,0.031068937313889815,0.0,0.0,0.1456953642384106,0.07929484371516644,0.04878192612995605,0.0,0.0,0.2028985507246377
networkcindicator,2.0,0.5,0,0.09177086290675986,0.07739315377770475,0.0,0.0,0.5,0.020890064698345454,0.023026026064352497,0.0,0.0,0.25,0.033167944330422194,0.03301598554212004,0.0,0.0,0.3333333333333333
networkcindicator,2.0,0.5,0.1,0.08566541324380565,0.06647924965371324,0.0,0.0,0.5555555555555556,0.019367273396657978,0.016944219059695037,0.0,0.0,0.09933774834437085,0.030935205866030553,0.025342654603432428,0.0,0.0,0.1366742596810934
networkcindicator,2.0,0.5,0.25,0.09442681932609309,0.08639108051681817,0.0,0.0,1.0,0.020813300676387012,0.01782344613858544,0.0,0.0,0.12251655629139073,0.033385824143418216,0.02697249953134147,0.0,0.0,0.16856492027334852
networkcindicator,2.0,0.5,0.5,0.1025539818841901,0.06707004863021457,0.0,0.0,0.3333333333333333,0.023156096911073083,0.01824810235106829,0.0,0.0,0.125,0.037121281588945114,0.027525143940954264,0.0,0.0,0.18181818181818182
networkcindicator,2.0,0.5,0.75,0.12168087162937938,0.09705802472782278,0.0,0.0,1.0,0.02790752212723113,0.02852475953629739,0.0,0.0,0.25,0.04436219290167737,0.040341045305321704,0.0,0.0,0.3333333333333333
networkcindicator,2.0,0.5,1.0,0.13081862905735372,0.07707616180906927,0.0,0.0,0.5,0.02881032780263032,0.019820134117756044,0.0,0.0,0.12352941176470589,0.04635921503171886,0.02973407554123969,0.0,0.0,0.16666666666666669
networkcindicator,2.0,0.5,2.0,0.17573650418106604,0.09894946794086194,0.0,0.0,0.5,0.03960745041777896,0.027944044273466192,0.0,0.0,0.25,0.06359349731100748,0.04146249723775827,0.0,0.0,0.3333333333333333
networkcindicator,2.0,0.5,3.0,0.1965431975614517,0.11353132449010657,0.0,0.0,0.45614035087719296,0.04343804140881148,0.028096152169437776,0.0,0.0,0.12440191387559808,0.07022076609897558,0.04392129145500646,0.0,0.0,0.1750841750841751
networkcindicator,2.0,0.5,5.0,0.21869800312810436,0.12796576295070144,0.0,0.0,0.5476190476190477,0.048397542080237756,0.031452831553815834,0.0,0.0,0.15789473684210525,0.07829910463771154,0.049386891179439625,0.0,0.0,0.2163934426229508
networkcindicator,2.0,0.75,0,0.0983606640002994,0.07289669364554231,0.0,0.0,0.5,0.022680901509444556,0.023170939053647872,0.0,0.0,0.25,0.03611300456714742,0.0333269416204812,0.0,0.0,0.3333333333333333
networkcindicator,2.0,0.75,0.1,0.10278244685325741,0.06721168197069415,0.0,0.0,0.5,0.02261437612090603,0.01598110489308506,0.0,0.0,0.09271523178807947,0.0363960033308886,0.024298075955135414,0.0,0.0,0.1275626423690205
networkcindicator,2.0,0.75,0.25,0.10456614761613363,0.06299188646137174,0.0,0.0,0.3333333333333333,0.023003415317870278,0.01559218493858824,0.0,0.0,0.09602649006622517,0.03712280032131993,0.024060796941387484,0.0,0.0,0.13211845102505695
networkcindicator,2.0,0.75,0.5,0.11491873330837277,0.07587858365386718,0.0,0.0,0.5,0.026418286230707275,0.024300210533641526,0.0,0.0,0.25,0.04215267463343688,0.03503716608082856,0.0,0.0,0.3333333333333333
networkcindicator,2.0,0.75,0.75,0.12624411943529115,0.0751484182244135,0.0,0.0,0.4444444444444444,0.02795660591218479,0.01887722046624218,0.0,0.0,0.11764705882352941,0.04504478879687967,0.028880039804706277,0.0,0.0,0.15873015873015872
networkcindicator,2.0,0.75,1.0,0.14000922983001846,0.08712495421583821,0.0,0.0,0.5,0.0317417196746959,0.026242509726962925,0.0,0.0,0.25,0.050792762719028106,0.03817715276491007,0.0,0.0,0.3333333333333333
networkcindicator,2.0,0.75,2.0,0.1751155932823936,0.09948629032585718,0.0,0.0,0.4523809523809524,0.03895082093157505,0.025110216763750078,0.0,0.0,0.1423841059602649,0.06283573054662941,0.03888880551002417,0.0,0.0,0.1958997722095672
networkcindicator,2.0,0.75,3.0,0.19495669897688922,0.11248978681672657,0.0,0.0,0.48148148148148145,0.04332129034327693,0.028216157621615296,0.0,0.0,0.1291866028708134,0.06995395014069236,0.04400555330439151,0.0,0.0,0.17704918032786887
networkcindicator,2.0,0.75,5.0,0.2243625643599559,0.127898433079375,0.0,0.0,0.5185185185185185,0.049659219464555225,0.031332660586814755,0.0,0.0,0.1339712918660287,0.08034381258412873,0.04934427103643476,0.0,0.0,0.2
networkcindicator,2.0,1.0,0,0.11253036427444187,0.07168276727260824,0.0,0.0,0.5,0.025613685799425218,0.023001835703968247,0.0,0.0,0.25,0.04087686322257077,0.03271323563649292,0.0,0.0,0.3333333333333333
networkcindicator,2.0,1.0,0.1,0.11417949476514729,0.08867884373102045,0.0,0.0,1.0,0.025040460739227662,0.018273830079380226,0.0,0.0,0.1,0.04032068125114124,0.028278186332633605,0.0,0.0,0.18181818181818182
networkcindicator,2.0,1.0,0.25,0.11662431523689108,0.06705628061894658,0.0,0.0,0.3076923076923077,0.026398522853016533,0.0193177187495419,0.0,0.0,0.125,0.04234659071731206,0.028897008705357774,0.0,0.0,0.17777777777777778
networkcindicator,2.0,1.0,0.5,0.12930763168488332,0.09463706701285021,0.0,0.0,1.0,0.02802565985005725,0.019297109756243082,0.0,0.0,0.10927152317880795,0.045263090776992754,0.03000113608387674,0.0,0.0,0.18181818181818182
networkcindicator,2.0,1.0,0.75,0.13533101717811077,0.07852741500970649,0.0,0.0,0.5,0.029870891958714264,0.01932530211993959,0.0,0.0,0.11258278145695365,0.04814823247486793,0.02963170300228919,0.0,0.0,0.1548974943052392
networkcindicator,2.0,1.0,1.0,0.1442259162339702,0.08610667032338903,0.0,0.0,0.4444444444444444,0.03226968857174522,0.022841690030120876,0.0,0.0,0.1423841059602649,0.051962615397505636,0.03489920428816683,0.0,0.0,0.1958997722095672
networkcindicator,2.0,1.0,2.0,0.1800591161389766,0.10231840106583572,0.0,0.0,0.5,0.0403519302303539,0.028885442650318074,0.0,0.0,0.25,0.06485708493767903,0.04300240936805889,0.0,0.0,0.3333333333333333
networkcindicator,2.0,1.0,3.0,0.20064098313563497,0.11501692561535207,0.0,0.0,0.5,0.04536637412201564,0.03174445714797183,0.0,0.0,0.25,0.07296196358723066,0.04791044071225957,0.0,0.0,0.3333333333333333
networkcindicator,2.0,1.0,5.0,0.22286841492404677,0.12889336133408855,0.0,0.0,0.5333333333333333,0.049203222155922544,0.03164203605477121,0.0,0.0,0.1423841059602649,0.07961111826047981,0.04976339745568739,0.0,0.0,0.2
networkcindicator,2.0,2.0,0,0.1286197942650084,0.09145828319077576,0.0,0.0,1.0,0.02778940779874952,0.018009750101023028,0.0,0.0,0.1,0.04492222166607229,0.028273984904107697,0.0,0.0,0.18181818181818182
networkcindicator,2.0,2.0,0.1,0.13512322992437595,0.07972497582535913,0.0,0.0,0.5,0.0306332472678931,0.02446292846151709,0.0,0.0,0.25,0.0489979614413271,0.03533694432789935,0.0,0.0,0.3333333333333333
networkcindicator,2.0,2.0,0.25,0.13577632712593432,0.07826900109420779,0.0,0.0,0.4444444444444444,0.030008280822211183,0.0192399863418382,0.0,0.0,0.09602649006622517,0.04838444921802372,0.029713317254066653,0.0,0.0,0.1375
networkcindicator,2.0,2.0,0.5,0.14508324888478047,0.0824660135232104,0.0,0.0,0.5,0.03229389065197867,0.021572730365279246,0.0,0.0,0.125,0.05201695587330394,0.032887526190905854,0.0,0.0,0.2
networkcindicator,2.0,2.0,0.75,0.15112268016501826,0.08903071223163592,0.0,0.0,0.5,0.03471045189649587,0.02970596698740376,0.0,0.0,0.25,0.055410083225080224,0.04238822909017356,0.0,0.0,0.3333333333333333
networkcindicator,2.0,2.0,1.0,0.16654733260787338,0.09624566417244705,0.0,0.0,0.5,0.037011694377170036,0.02710490015206507,0.0,0.0,0.25,0.05941510264762963,0.039941512933755,0.0,0.0,0.3333333333333333
networkcindicator,2.0,2.0,2.0,0.1828945389074619,0.10690349798143758,0.0,0.0,0.5,0.04059261343086428,0.02716705464515538,0.0,0.0,0.1490066225165563,0.0655441150355132,0.042161558344192926,0.0,0.0,0.20501138952164008
networkcindicator,2.0,2.0,3.0,0.21194961477938717,0.1275339237187261,0.0,0.0,1.0,0.04706249761456523,0.03176402202432301,0.0,0.0,0.25,0.07584675563584517,0.04831304566841602,0.0,0.0,0.3333333333333333
networkcindicator,2.0,2.0,5.0,0.22798621400582425,0.13083363210512047,0.0,0.0,0.5357142857142857,0.05020696692696107,0.031542358010339874,0.0,0.0,0.1423841059602649,0.08128195073780242,0.049746178488881215,0.0,0.0,0.1958997722095672
networkcindicator,2.0,3.0,0,0.14502682388868754,0.08587572337140917,0.0,0.0,0.5,0.031779388150573844,0.020736874539948835,0.0,0.0,0.125,0.05135101781765312,0.03230443902692344,0.0,0.0,0.2
networkcindicator,2.0,3.0,0.1,0.14711882527702105,0.08047471477697658,0.0,0.0,0.38333333333333336,0.032432333085020554,0.02051334286932989,0.0,0.0,0.12582781456953643,0.05238024150221338,0.031616500112198104,0.0,0.0,0.17312072892938496
networkcindicator,2.0,3.0,0.25,0.14572402910502108,0.08321647452951789,0.0,0.0,0.43333333333333335,0.03209693336747359,0.02036798750118453,0.0,0.0,0.1,0.05183649603102126,0.03163681147790199,0.0,0.0,0.1625
networkcindicator,2.0,3.0,0.5,0.1578624231321355,0.1063449552689177,0.0,0.0,1.0,0.033851542955378656,0.0216823281773551,0.0,0.0,0.10596026490066225,0.05474079641891304,0.033728965010818075,0.0,0.0,0.1625
networkcindicator,2.0,3.0,0.75,0.15599517209819563,0.09113199339873386,0.0,0.0,0.5,0.0342140081236328,0.02230255498746827,0.0,0.0,0.10264900662251655,0.05528357396566138,0.03476767930856091,0.0,0.0,0.15
networkcindicator,2.0,3.0,1.0,0.16231342458794118,0.09247705024812619,0.0,0.0,0.5,0.036683102720190215,0.026846331554493685,0.0,0.0,0.25,0.058953803490664834,0.03987612308640199,0.0,0.0,0.3333333333333333
networkcindicator,2.0,3.0,2.0,0.18718290863204562,0.11242736778873551,0.0,0.0,0.4642857142857143,0.041067533256721335,0.026640661373961188,0.0,0.0,0.11920529801324503,0.06645881375039883,0.04201701950729179,0.0,0.0,0.17679558011049723
networkcindicator,2.0,3.0,3.0,0.20662337685388632,0.12034161147500352,0.0,0.0,0.5,0.04586313525125923,0.029843238285672504,0.0,0.0,0.13875598086124402,0.07412633728419196,0.046758248110066444,0.0,0.0,0.2
networkcindicator,2.0,3.0,5.0,0.22503381674761255,0.12842844646197168,0.0,0.0,0.5357142857142857,0.04957480192215546,0.030868406664945964,0.0,0.0,0.1291866028708134,0.08025882906940586,0.04878502215831612,0.0,0.0,0.18823529411764706
networkcindicator,2.0,5.0,0,0.1548051395925012,0.10542689010630686,0.0,0.0,1.0,0.033067604090283476,0.02131247183090744,0.0,0.0,0.125,0.053539543333610724,0.03354749336995415,0.0,0.0,0.2
networkcindicator,2.0,5.0,0.1,0.1455077227860039,0.0878762988084909,0.0,0.0,0.4444444444444444,0.03183034241734296,0.020443870453092185,0.0,0.0,0.0975609756097561,0.05148156787608941,0.03221334648162659,0.0,0.0,0.15686274509803924
networkcindicator,2.0,5.0,0.25,0.14973751854245623,0.10401035023588577,0.0,0.0,1.0,0.032233393040599634,0.021088006447010633,0.0,0.0,0.1,0.05214440771539018,0.0331061240598141,0.0,0.0,0.1625
networkcindicator,2.0,5.0,0.5,0.15196458043848762,0.09515153367385454,0.0,0.0,0.5,0.03386964316821049,0.026070333177120132,0.0,0.0,0.25,0.05449917749694252,0.039017536159322304,0.0,0.0,0.3333333333333333
networkcindicator,2.0,5.0,0.75,0.15200240695065378,0.0919419621744512,0.0,0.0,0.4,0.033478173738951046,0.022001903020780735,0.0,0.0,0.0975609756097561,0.05416992210536372,0.03472318034156669,0.0,0.0,0.15686274509803924
networkcindicator,2.0,5.0,1.0,0.16310998614517722,0.11258494888980378,0.0,0.0,1.0,0.034840585892656414,0.022960175242344796,0.0,0.0,0.1016260162601626,0.05651352204499301,0.036684135733472595,0.0,0.0,0.18181818181818182
networkcindicator,2.0,5.0,2.0,0.17932376449880588,0.11102634445489909,0.0,0.0,0.5,0.04003413928143197,0.0298157542987673,0.0,0.0,0.25,0.06443121450052018,0.045184645408050325,0.0,0.0,0.3333333333333333
networkcindicator,2.0,5.0,3.0,0.19051469604192645,0.11997851118041743,0.0,0.0,0.5555555555555556,0.04180470631932135,0.028361410911180062,0.0,0.0,0.1164021164021164,0.06761652047345215,0.04475146805121871,0.0,0.0,0.18300653594771243
networkcindicator,2.0,5.0,5.0,0.21248712628067015,0.13048215449130487,0.0,0.0,0.5185185185185185,0.04692028579291067,0.031245020507813144,0.0,0.0,0.1291390728476821,0.07590675761977336,0.04939488905963356,0.0,0.0,0.1875
networkcindicator,3.0,0,0,0.06167097238269972,0.05238712491785015,0.0,0.0,0.2777777777777778,0.014054079783876534,0.01369217257267744,0.0,0.0,0.08173076923076923,0.02243025285977312,0.020726468214011147,0.0,0.0,0.11805555555555555
networkcindicator,3.0,0,0.1,0.061252758760590165,0.05840407200163732,0.0,0.0,0.5,0.014639287111872398,0.020837998300067117,0.0,0.0,0.25,0.02303304141488813,0.029113280685039215,0.0,0.0,0.3333333333333333
networkcindicator,3.0,0,0.25,0.06568623785278684,0.06402790543293876,0.0,0.0,0.5,0.01505464142174634,0.017047967531489818,0.0,0.0,0.125,0.023932439059013298,0.02556995358298583,0.0,0.0,0.2
networkcindicator,3.0,0,0.5,0.06689700400728628,0.05616755006901883,0.0,0.0,0.3888888888888889,0.015229633081428282,0.014554009856268407,0.0,0.0,0.09933774834437085,0.02430204785031531,0.021811993785105996,0.0,0.0,0.1366742596810934
networkcindicator,3.0,0,0.75,0.08365847399128985,0.08915210647540436,0.0,0.0,1.0,0.018748166248144578,0.01929132738637975,0.0,0.0,0.125,0.029953439734155835,0.02945377096401797,0.0,0.0,0.2
networkcindicator,3.0,0,1.0,0.0816295828785815,0.0611419950594258,0.0,0.0,0.3333333333333333,0.01858097970513727,0.016241544734129074,0.0,0.0,0.09090909090909091,0.02970600979209258,0.024556748256583,0.0,0.0,0.12459016393442625
networkcindicator,3.0,0,2.0,0.13953683754237575,0.08624984201728535,0.0,0.0,0.5,0.031525075317862604,0.023147451632253815,0.0,0.0,0.1291866028708134,0.050703960834850646,0.035506259542961,0.0,0.0,0.2
networkcindicator,3.0,0,3.0,0.1814882200864162,0.10569420969905433,0.0,0.0,0.43859649122807015,0.0404971414433758,0.026765874391468294,0.0,0.0,0.15894039735099338,0.06536597938981102,0.041653713456613874,0.0,0.0,0.2186788154897494
networkcindicator,3.0,0,5.0,0.21915748625624204,0.125910312715869,0.0,0.0,0.5370370370370371,0.04865604303357461,0.031027552062732132,0.0,0.0,0.13245033112582782,0.07868862615023157,0.04875637901846217,0.0,0.0,0.2
networkcindicator,3.0,0.1,0,0.06055046600709779,0.05744365791465818,0.0,0.0,0.5,0.01369392559574907,0.01445685312431771,0.0,0.0,0.09271523178807947,0.0217815012377636,0.021473356810866727,0.0,0.0,0.1275626423690205
networkcindicator,3.0,0.1,0.1,0.061701350918217004,0.05035764381865523,0.0,0.0,0.2777777777777778,0.013992027088269274,0.013428714058215656,0.0,0.0,0.08278145695364239,0.02232491198495329,0.020044528528663265,0.0,0.0,0.11389521640091117
networkcindicator,3.0,0.1,0.25,0.06353268758134392,0.050327551047757886,0.0,0.0,0.2222222222222222,0.014648932858195574,0.013663013931591233,0.0,0.0,0.08940397350993377,0.023328196716575166,0.02043280550973167,0.0,0.0,0.12300683371298407
networkcindicator,3.0,0.1,0.5,0.06950785487439125,0.05734006862717597,0.0,0.0,0.2777777777777778,0.01562004335393114,0.014671974530451656,0.0,0.0,0.10596026490066225,0.025012155388123434,0.022314619350866982,0.0,0.0,0.1457858769931663
networkcindicator,3.0,0.1,0.75,0.08128073158185914,0.05712925250888274,0.0,0.0,0.2777777777777778,0.018575143942312307,0.01601384717410862,0.0,0.0,0.10927152317880795,0.029713375415290507,0.024057956098092612,0.0,0.0,0.15034168564920272
networkcindicator,3.0,0.1,1.0,0.08948466651198947,0.07125739174942675,0.0,0.0,0.5,0.020835505186658134,0.023427563667712085,0.0,0.0,0.25,0.033085673001278834,0.03357183203001956,0.0,0.0,0.3333333333333333
networkcindicator,3.0,0.1,2.0,0.14566711075955086,0.08968460243885117,0.0,0.0,0.42424242424242425,0.03236218724143416,0.02303382369817591,0.0,0.0,0.1357615894039735,0.05212071969884219,0.03538356069584756,0.0,0.0,0.1867881548974943
networkcindicator,3.0,0.1,3.0,0.1891169864500737,0.11013479052250252,0.0,0.0,0.5,0.042225087189896544,0.02784366354180981,0.0,0.0,0.1291866028708134,0.06818416035416115,0.043487407259357395,0.0,0.0,0.2
networkcindicator,3.0,0.1,5.0,0.2150228032154081,0.1252292294245919,0.0,0.0,0.5370370370370371,0.04779619960636848,0.031109493558994568,0.0,0.0,0.1490066225165563,0.07723545962223233,0.048744827684374395,0.0,0.0,0.20501138952164008
networkcindicator,3.0,0.25,0,0.06354427297620067,0.04836650766283805,0.0,0.0,0.2,0.014527062190203626,0.013479889702758355,0.0,0.0,0.08609271523178808,0.023202574632188555,0.020141016020124976,0.0,0.0,0.11845102505694761
networkcindicator,3.0,0.25,0.1,0.07075845713222115,0.08056166062373228,0.0,0.0,1.0,0.015511725265903284,0.014915955414800843,0.0,0.0,0.1,0.024865888692861212,0.02325413218769684,0.0,0.0,0.18181818181818182
networkcindicator,3.0,0.25,0.25,0.07466695408398064,0.08293589459763819,0.0,0.0,1.0,0.016743696045090788,0.017332736138559703,0.0,0.0,0.125,0.02669545000194046,0.026184644276700645,0.0,0.0,0.18181818181818182
networkcindicator,3.0,0.25,0.5,0.08191967748713817,0.0661008384723132,0.0,0.0,0.5,0.019223753911749637,0.021953899420677353,0.0,0.0,0.25,0.030394453962061387,0.03089646423117518,0.0,0.0,0.3333333333333333
networkcindicator,3.0,0.25,0.75,0.09382044350284012,0.0720030306617932,0.0,0.0,0.5,0.021742304349525156,0.023567256315109517,0.0,0.0,0.25,0.03453463985883555,0.03358915051894645,0.0,0.0,0.3333333333333333
networkcindicator,3.0,0.25,1.0,0.09816974156526347,0.06617780340370055,0.0,0.0,0.2777777777777778,0.021994372341905568,0.01713430045552184,0.0,0.0,0.10264900662251655,0.035360787107130594,0.02626680982357342,0.0,0.0,0.14123006833712984
networkcindicator,3.0,0.25,2.0,0.15968762333693096,0.10602910602921851,0.0,0.0,1.0,0.03498793966189016,0.02319812946797378,0.0,0.0,0.1291390728476821,0.056528610097884055,0.036268689366783416,0.0,0.0,0.18181818181818182
networkcindicator,3.0,0.25,3.0,0.19132256124183109,0.11113872622307885,0.0,0.0,0.46296296296296297,0.042884527669576004,0.028465667922594893,0.0,0.0,0.1456953642384106,0.0691577410138927,0.04419685243994475,0.0,0.0,0.20045558086560364
networkcindicator,3.0,0.25,5.0,0.22293805628956145,0.13581995357068116,0.0,0.0,1.0,0.04877068469829073,0.030780997825511074,0.0,0.0,0.1390728476821192,0.07900194268232356,0.048600324986972726,0.0,0.0,0.19134396355353075
networkcindicator,3.0,0.5,0,0.07169471198034927,0.058673110052185166,0.0,0.0,0.4444444444444444,0.01640730918536927,0.01557211463599349,0.0,0.0,0.10927152317880795,0.026127838746607835,0.02317227681394997,0.0,0.0,0.15034168564920272
networkcindicator,3.0,0.5,0.1,0.07796227063729476,0.05139244711017577,0.0,0.0,0.2777777777777778,0.017596996515475853,0.014071026933946327,0.0,0.0,0.08133971291866028,0.02816723907429961,0.020952129660647485,0.0,0.0,0.11147540983606556
networkcindicator,3.0,0.5,0.25,0.08294174000247731,0.057149460796364605,0.0,0.0,0.3333333333333333,0.018837894661604866,0.015700757215720635,0.0,0.0,0.09271523178807947,0.03013327606833092,0.023479441621728055,0.0,0.0,0.1275626423690205
networkcindicator,3.0,0.5,0.5,0.09369318212607089,0.0606951711713671,0.0,0.0,0.27586206896551724,0.021137617422386616,0.016224399355063545,0.0,0.0,0.08940397350993377,0.03390823614498697,0.02456609911590343,0.0,0.0,0.12300683371298407
networkcindicator,3.0,0.5,0.75,0.10433255998808928,0.07352774184503975,0.0,0.0,0.5,0.023938463816153475,0.02362624267305936,0.0,0.0,0.25,0.03818856897327093,0.034012082678438714,0.0,0.0,0.3333333333333333
networkcindicator,3.0,0.5,1.0,0.11376122032399853,0.07214328523765527,0.0,0.0,0.3333333333333333,0.025418042368413964,0.018985093283003508,0.0,0.0,0.12582781456953643,0.040841823671572595,0.02870969670953136,0.0,0.0,0.17312072892938496
networkcindicator,3.0,0.5,2.0,0.1652742659868473,0.09538569823883894,0.0,0.0,0.5,0.036928254345039345,0.02506336915417481,0.0,0.0,0.1423841059602649,0.05942512193495495,0.03822048713504531,0.0,0.0,0.2013888888888889
networkcindicator,3.0,0.5,3.0,0.19404454747699854,0.11116658057603021,0.0,0.0,0.45614035087719296,0.04324199328066992,0.028027261270733007,0.0,0.0,0.1291866028708134,0.06980864684255082,0.04369762760300115,0.0,0.0,0.17834394904458598
networkcindicator,3.0,0.5,5.0,0.22148235669991054,0.12376352082016008,0.0,0.0,0.5227272727272727,0.048982310811122524,0.030136214469702053,0.0,0.0,0.13875598086124402,0.07918972166526679,0.04730436696323887,0.0,0.0,0.1901639344262295
networkcindicator,3.0,0.75,0,0.08832414803390541,0.06848498756164431,0.0,0.0,0.5555555555555556,0.019655456808521717,0.016239194254061895,0.0,0.0,0.125,0.031506074635544015,0.024771658420638883,0.0,0.0,0.2
networkcindicator,3.0,0.75,0.1,0.09598558484215111,0.07164442947698543,0.0,0.0,0.5,0.02309675671728833,0.02739454354991122,0.0,0.0,0.25,0.03636588814208518,0.038033206036348674,0.0,0.0,0.3333333333333333
networkcindicator,3.0,0.75,0.25,0.09838817170077054,0.06902988139755584,0.0,0.0,0.5,0.022873688122921,0.023068464589002555,0.0,0.0,0.25,0.03640890146468285,0.03303651741355437,0.0,0.0,0.3333333333333333
networkcindicator,3.0,0.75,0.5,0.10209963602436523,0.0658937191756388,0.0,0.0,0.3888888888888889,0.022948992790284624,0.01754389381761353,0.0,0.0,0.11258278145695365,0.036831996232463124,0.026459549767740478,0.0,0.0,0.1548974943052392
networkcindicator,3.0,0.75,0.75,0.11927742302392419,0.07268247132852965,0.0,0.0,0.3888888888888889,0.026474954449912737,0.018514291697671208,0.0,0.0,0.09933774834437085,0.042637619371726734,0.028418346377068082,0.0,0.0,0.14084507042253522
networkcindicator,3.0,0.75,1.0,0.13149767536821297,0.09636749249234007,0.0,0.0,1.0,0.028780215559745716,0.020365078218790737,0.0,0.0,0.1291866028708134,0.0464170681634967,0.03160680848668925,0.0,0.0,0.18181818181818182
networkcindicator,3.0,0.75,2.0,0.17242839993159334,0.09999679644243688,0.0,0.0,0.5,0.03837058011668894,0.02527171630929163,0.0,0.0,0.125,0.06192785345790758,0.03938056837808915,0.0,0.0,0.2
networkcindicator,3.0,0.75,3.0,0.1992434319295105,0.1151532501084394,0.0,0.0,0.5,0.043612731331554806,0.027754628613993016,0.0,0.0,0.1291390728476821,0.0705536268337245,0.04345919188486802,0.0,0.0,0.1776765375854214
networkcindicator,3.0,0.75,5.0,0.22016062136392783,0.12912984543310685,0.0,0.0,0.5135135135135135,0.04871170779892463,0.03157611890007076,0.0,0.0,0.1423841059602649,0.07879917886238348,0.049636397056236896,0.0,0.0,0.1958997722095672
networkcindicator,3.0,1.0,0,0.10236507531312365,0.059784502574732314,0.0,0.0,0.3333333333333333,0.022697469687920132,0.015399223709177358,0.0,0.0,0.08609271523178808,0.036525620518186516,0.023385711615183265,0.0,0.0,0.11845102505694761
networkcindicator,3.0,1.0,0.1,0.10657805472905299,0.06853093711831662,0.0,0.0,0.5,0.02427024373286794,0.02210661045008362,0.0,0.0,0.25,0.03872971916850996,0.031448294952219166,0.0,0.0,0.3333333333333333
networkcindicator,3.0,1.0,0.25,0.11220442746897284,0.06649170175884227,0.0,0.0,0.3333333333333333,0.025187947500982574,0.017739516807710493,0.0,0.0,0.125,0.040445902506892964,0.026865923286399977,0.0,0.0,0.18181818181818182
networkcindicator,3.0,1.0,0.5,0.11869593747070313,0.07213762795364383,0.0,0.0,0.5,0.027041980652612818,0.022814945346945517,0.0,0.0,0.25,0.04323477447783686,0.032821925684148184,0.0,0.0,0.3333333333333333
networkcindicator,3.0,1.0,0.75,0.13225845167604308,0.09584756871443702,0.0,0.0,1.0,0.028250507621649094,0.018908131759149616,0.0,0.0,0.11258278145695365,0.04564930332030651,0.029046135599864444,0.0,0.0,0.1548974943052392
networkcindicator,3.0,1.0,1.0,0.13505092464255744,0.0812038942272553,0.0,0.0,0.5,0.030342508973593522,0.021450789983038836,0.0,0.0,0.125,0.0487757450069704,0.03274535940801903,0.0,0.0,0.2
networkcindicator,3.0,1.0,2.0,0.16565610070365366,0.09853436806779287,0.0,0.0,0.42857142857142855,0.03705710326955773,0.02539357331322057,0.0,0.0,0.1357615894039735,0.05972811611017263,0.039292257600042846,0.0,0.0,0.1867881548974943
networkcindicator,3.0,1.0,3.0,0.19870550922396593,0.11242005090455356,0.0,0.0,0.4857142857142857,0.04442630209697439,0.02853475460857267,0.0,0.0,0.13245033112582782,0.07170328593747251,0.044497493915875895,0.0,0.0,0.18784530386740333
networkcindicator,3.0,1.0,5.0,0.22827247400875902,0.13297415377403302,0.0,0.0,0.6111111111111112,0.05005171068313891,0.03137490340500143,0.0,0.0,0.13245033112582782,0.08104302213372229,0.049622879863501536,0.0,0.0,0.2
networkcindicator,3.0,2.0,0,0.12545461978611144,0.07314442854881045,0.0,0.0,0.5,0.027564295116828532,0.017706934446920015,0.0,0.0,0.125,0.04452180597816881,0.027566929557012017,0.0,0.0,0.2
networkcindicator,3.0,2.0,0.1,0.1301992579860381,0.09249735351654907,0.0,0.0,1.0,0.02808826807838803,0.018079247814710757,0.0,0.0,0.1,0.04544559988569533,0.028503187400123173,0.0,0.0,0.18181818181818182
networkcindicator,3.0,2.0,0.25,0.12823068192129156,0.0746480360260257,0.0,0.0,0.34285714285714286,0.028540530250944034,0.01899962547596864,0.0,0.0,0.09271523178807947,0.046035218771531286,0.029402134197062748,0.0,0.0,0.13259668508287292
networkcindicator,3.0,2.0,0.5,0.14068279758702257,0.08341059278099042,0.0,0.0,0.4444444444444444,0.030943001948093685,0.019967746114325106,0.0,0.0,0.09602649006622517,0.04996515431886562,0.031173939127562753,0.0,0.0,0.13211845102505695
networkcindicator,3.0,2.0,0.75,0.147071287888312,0.09862357089444489,0.0,0.0,1.0,0.032480510313101715,0.02173240587461421,0.0,0.0,0.125,0.05237599922046443,0.033813631924511554,0.0,0.0,0.2
networkcindicator,3.0,2.0,1.0,0.15608607210672656,0.08716583962383398,0.0,0.0,0.5,0.03531532430735906,0.0258012514757259,0.0,0.0,0.25,0.05665022228919298,0.03799403898712097,0.0,0.0,0.3333333333333333
networkcindicator,3.0,2.0,2.0,0.1823562050192788,0.10679541806617128,0.0,0.0,0.5,0.04058620425266222,0.02901038581330693,0.0,0.0,0.25,0.06531103291225288,0.04354788625471836,0.0,0.0,0.3333333333333333
networkcindicator,3.0,2.0,3.0,0.2017463594245623,0.11888173254739186,0.0,0.0,0.5185185185185185,0.04441009590279749,0.028909706297581973,0.0,0.0,0.1423841059602649,0.07184921469302938,0.04538819963566004,0.0,0.0,0.1958997722095672
networkcindicator,3.0,2.0,5.0,0.2297762150890568,0.1280814086949836,0.0,0.0,0.5476190476190477,0.05085442807482256,0.031517603736818674,0.0,0.0,0.152317880794702,0.08227662702090156,0.04958153154745181,0.0,0.0,0.20956719817767655
networkcindicator,3.0,3.0,0,0.1330986865725357,0.07941609044212476,0.0,0.0,0.5,0.029684823332882894,0.020312739383376757,0.0,0.0,0.125,0.04784950317513666,0.031537128892359836,0.0,0.0,0.2
networkcindicator,3.0,3.0,0.1,0.13921011153033613,0.08495647372852838,0.0,0.0,0.5,0.03129408456480105,0.024711156819955934,0.0,0.0,0.25,0.05020032382103044,0.03632256336712336,0.0,0.0,0.3333333333333333
networkcindicator,3.0,3.0,0.25,0.14203633299098425,0.07995293952813765,0.0,0.0,0.36666666666666664,0.03126421130342496,0.019501015912711313,0.0,0.0,0.09933774834437085,0.050510081685951995,0.030458929558879088,0.0,0.0,0.1375
networkcindicator,3.0,3.0,0.5,0.14417901881471426,0.08536754453561503,0.0,0.0,0.5,0.03160699572428542,0.020735433757558812,0.0,0.0,0.109375,0.05102850250244212,0.03197183770873906,0.0,0.0,0.16470588235294117
networkcindicator,3.0,3.0,0.75,0.15235419607794126,0.08470240542596753,0.0,0.0,0.4074074074074074,0.03382695328861623,0.021523002429453913,0.0,0.0,0.09523809523809523,0.05453476578276732,0.03315201717758275,0.0,0.0,0.15
networkcindicator,3.0,3.0,1.0,0.1557383608266011,0.09119149454597,0.0,0.0,0.4166666666666667,0.03489886779199775,0.023398830210521405,0.0,0.0,0.125,0.056254478926912106,0.03631313890894267,0.0,0.0,0.18181818181818182
networkcindicator,3.0,3.0,2.0,0.18658465804092797,0.1088144002661282,0.0,0.0,0.5,0.04126892975291233,0.028940898289785102,0.0,0.0,0.25,0.06648749040695894,0.04361230661398099,0.0,0.0,0.3333333333333333
networkcindicator,3.0,3.0,3.0,0.19875656761167085,0.11732053843537957,0.0,0.0,0.5,0.0439007555321567,0.028293403212736996,0.0,0.0,0.11920529801324503,0.07102633548429445,0.04460110731311582,0.0,0.0,0.1875
networkcindicator,3.0,3.0,5.0,0.22584697003384116,0.13025965206835327,0.0,0.0,0.5227272727272727,0.049944387586291175,0.03142774991635557,0.0,0.0,0.1390728476821192,0.0808513100920416,0.04967210483660684,0.0,0.0,0.2
networkcindicator,3.0,5.0,0,0.1420135288791165,0.0879022019745508,0.0,0.0,0.5,0.032620656708823983,0.028333131878715594,0.0,0.0,0.25,0.05202303953010532,0.04044032148553759,0.0,0.0,0.3333333333333333
networkcindicator,3.0,5.0,0.1,0.14124784903350437,0.08713689350840172,0.0,0.0,0.5,0.03147747979690424,0.024376524781100126,0.0,0.0,0.25,0.05064294799799247,0.03621191134840117,0.0,0.0,0.3333333333333333
networkcindicator,3.0,5.0,0.25,0.14821230492044266,0.09271974196303323,0.0,0.0,0.5,0.03231795202926372,0.02149349197850623,0.0,0.0,0.125,0.05226393939375834,0.033926078526648765,0.0,0.0,0.2
networkcindicator,3.0,5.0,0.5,0.14632867396289825,0.08876428766554678,0.0,0.0,0.4444444444444444,0.03209584090462182,0.02090145043061824,0.0,0.0,0.08823529411764706,0.05187654930657683,0.03280918281253892,0.0,0.0,0.1375
networkcindicator,3.0,5.0,0.75,0.15534569569097426,0.0920272485172273,0.0,0.0,0.5,0.03473695745530385,0.02331055815965048,0.0,0.0,0.125,0.056021331230937776,0.03644370742221808,0.0,0.0,0.2
networkcindicator,3.0,5.0,1.0,0.15798163520709116,0.11081030754901434,0.0,0.0,1.0,0.033975358885507886,0.022851463612563225,0.0,0.0,0.1,0.055086825193986444,0.03642397250632577,0.0,0.0,0.18181818181818182
networkcindicator,3.0,5.0,2.0,0.17392954100169913,0.1075553022128565,0.0,0.0,0.4666666666666667,0.03857562257741628,0.02632956778441503,0.0,0.0,0.125,0.06229241886960424,0.041293103741130044,0.0,0.0,0.18181818181818182
networkcindicator,3.0,5.0,3.0,0.18490819594357433,0.11555096087631798,0.0,0.0,0.48148148148148145,0.04084878781554706,0.02761239591884581,0.0,0.0,0.11589403973509933,0.0660784647713465,0.04369743396516404,0.0,0.0,0.17500000000000004
networkcindicator,3.0,5.0,5.0,0.21571285587205397,0.13934560080600275,0.0,0.0,1.0,0.04685505416596414,0.030704366931955933,0.0,0.0,0.12169312169312169,0.0758724823555678,0.04861997229482075,0.0,0.0,0.19791666666666669
networkcindicator,5.0,0,0,0.05761671261772442,0.058581860986939335,0.0,0.0,0.5,0.013921146809254837,0.021388032494618476,0.0,0.0,0.25,0.021808885347574546,0.02981867295622356,0.0,0.0,0.3333333333333333
networkcindicator,5.0,0,0.1,0.052429318424940426,0.04912140295923742,0.0,0.0,0.4,0.01201614914291339,0.013770158376955083,0.0,0.0,0.09090909090909091,0.01911395432135961,0.02056889230716549,0.0,0.0,0.14814814814814814
networkcindicator,5.0,0,0.25,0.060697001854307854,0.07830081525445846,0.0,0.0,1.0,0.012995278121391427,0.013198900442306616,0.0,0.0,0.1,0.020890041413378746,0.020817752460484337,0.0,0.0,0.18181818181818182
networkcindicator,5.0,0,0.5,0.07562873041851906,0.09301189393751301,0.0,0.0,1.0,0.01678192578101317,0.022326540624235586,0.0,0.0,0.25,0.026598535757629892,0.03214352471103147,0.0,0.0,0.3333333333333333
networkcindicator,5.0,0,0.75,0.07252268739205006,0.05459622757141029,0.0,0.0,0.3333333333333333,0.016211814875820844,0.013836041024320143,0.0,0.0,0.09134615384615384,0.025938350214734167,0.020768046163045947,0.0,0.0,0.13194444444444445
networkcindicator,5.0,0,1.0,0.07995840705349609,0.064319747716411,0.0,0.0,0.5,0.018444186137716107,0.0170045988584726,0.0,0.0,0.125,0.02950204376200418,0.026250174895741052,0.0,0.0,0.2
networkcindicator,5.0,0,2.0,0.1276637536688258,0.08060003667397807,0.0,0.0,0.3888888888888889,0.028638043291256614,0.021076994649005597,0.0,0.0,0.1357615894039735,0.04608021487259489,0.03233837194319104,0.0,0.0,0.1867881548974943
networkcindicator,5.0,0,3.0,0.18235423796979713,0.10750755793737686,0.0,0.0,0.5,0.040732046308927385,0.02693907791718996,0.0,0.0,0.125,0.06580383011062792,0.0421914343668966,0.0,0.0,0.2
networkcindicator,5.0,0,5.0,0.21517843289398705,0.12482339315680119,0.0,0.0,0.5416666666666666,0.04760397366022543,0.0304925707592025,0.0,0.0,0.1390728476821192,0.07700385021778103,0.048023334813822316,0.0,0.0,0.2028985507246377
networkcindicator,5.0,0.1,0,0.053586930202443185,0.04652950915737985,0.0,0.0,0.2777777777777778,0.01222305601257269,0.012188056163833654,0.0,0.0,0.06474820143884892,0.019458519986397076,0.018229538460082177,0.0,0.0,0.0989010989010989
networkcindicator,5.0,0.1,0.1,0.06217014359710998,0.08152984675036618,0.0,0.0,1.0,0.01351417415910078,0.014527841322777131,0.0,0.0,0.1,0.021657225284744043,0.02281249669185876,0.0,0.0,0.18181818181818182
networkcindicator,5.0,0.1,0.25,0.056621417975319686,0.05056218918043687,0.0,0.0,0.3333333333333333,0.013047277836054088,0.013396102095255918,0.0,0.0,0.0728476821192053,0.02072166136721007,0.01994202011568036,0.0,0.0,0.10022779043280182
networkcindicator,5.0,0.1,0.5,0.07120215336409513,0.06180461849401916,0.0,0.0,0.5,0.016286130216649763,0.016324571947487848,0.0,0.0,0.125,0.025946041544965166,0.024642328420401326,0.0,0.0,0.2
networkcindicator,5.0,0.1,0.75,0.07674732830990251,0.06808083167495636,0.0,0.0,0.5,0.017629439713970158,0.018282077206166272,0.0,0.0,0.125,0.028171915287560138,0.02801801299353219,0.0,0.0,0.2
networkcindicator,5.0,0.1,1.0,0.08736213941911601,0.07089300413281549,0.0,0.0,0.5,0.019960502180802912,0.018907416136211355,0.0,0.0,0.125,0.03192440553779908,0.028845712848327393,0.0,0.0,0.2
networkcindicator,5.0,0.1,2.0,0.1416556208491591,0.0854726388484264,0.0,0.0,0.3870967741935484,0.03166632043786625,0.022028261552664612,0.0,0.0,0.1291390728476821,0.05104206647418979,0.03402451824070167,0.0,0.0,0.1776765375854214
networkcindicator,5.0,0.1,3.0,0.17926286310650852,0.10560027019021276,0.0,0.0,0.48484848484848486,0.03999556023652796,0.02657098911378467,0.0,0.0,0.1390728476821192,0.06458710652047685,0.041498791164278445,0.0,0.0,0.19134396355353075
networkcindicator,5.0,0.1,5.0,0.22063676181558264,0.12766634864549284,0.0,0.0,0.5405405405405406,0.048287697655611424,0.030663021803690505,0.0,0.0,0.1357615894039735,0.07818523368624443,0.04827832392619031,0.0,0.0,0.20408163265306126
networkcindicator,5.0,0.25,0,0.05790005281098815,0.04816590447510055,0.0,0.0,0.2777777777777778,0.01326545717479695,0.013552528593524295,0.0,0.0,0.08333333333333333,0.02111455136389231,0.020158389037374942,0.0,0.0,0.125
networkcindicator,5.0,0.25,0.1,0.06068816085919791,0.05186560028976673,0.0,0.0,0.3,0.013679150734660367,0.013301173082253087,0.0,0.0,0.08333333333333333,0.021866008566010987,0.020088221046579768,0.0,0.0,0.125
networkcindicator,5.0,0.25,0.25,0.07528023601814715,0.08437086379561584,0.0,0.0,1.0,0.016042220501812133,0.01491915466050759,0.0,0.0,0.10264900662251655,0.025723827326379494,0.022577407965384797,0.0,0.0,0.14123006833712984
networkcindicator,5.0,0.25,0.5,0.07322325270209748,0.05506586169231213,0.0,0.0,0.3888888888888889,0.016193123852443682,0.013395025667309721,0.0,0.0,0.07655502392344497,0.02597953247800422,0.020227392499919374,0.0,0.0,0.10491803278688525
networkcindicator,5.0,0.25,0.75,0.08307537870264957,0.063154010357985,0.0,0.0,0.5,0.019292325021307948,0.021332791718643312,0.0,0.0,0.25,0.03064097672975588,0.030198638255522135,0.0,0.0,0.3333333333333333
networkcindicator,5.0,0.25,1.0,0.09697464875555764,0.07405273285724356,0.0,0.0,0.5,0.022845351562271608,0.026870358014689136,0.0,0.0,0.25,0.036091916046313025,0.037303274685177835,0.0,0.0,0.3333333333333333
networkcindicator,5.0,0.25,2.0,0.14276563783318794,0.08990087924507639,0.0,0.0,0.391304347826087,0.031698443226891804,0.022769467369983712,0.0,0.0,0.1291866028708134,0.05111867652417108,0.035101716439951705,0.0,0.0,0.1776765375854214
networkcindicator,5.0,0.25,3.0,0.18536336091673183,0.10706676143181626,0.0,0.0,0.5,0.04195148430277005,0.03018210820119864,0.0,0.0,0.25,0.06741253957723223,0.04528510769913997,0.0,0.0,0.3333333333333333
networkcindicator,5.0,0.25,5.0,0.2209313182684111,0.1290695070944042,0.0,0.0,0.5,0.04873603071237229,0.031213080492522718,0.0,0.0,0.1291390728476821,0.07886900162978575,0.04923963539484849,0.0,0.0,0.2
networkcindicator,5.0,0.5,0,0.07185981236808724,0.053673004413936624,0.0,0.0,0.3888888888888889,0.01607497540558768,0.013078329798799615,0.0,0.0,0.08278145695364239,0.02575312739585931,0.019828057055151806,0.0,0.0,0.11389521640091117
networkcindicator,5.0,0.5,0.1,0.07136405274101602,0.05952072426259484,0.0,0.0,0.5,0.01646466566343741,0.020785885778803873,0.0,0.0,0.25,0.026096499655367398,0.02906048923043891,0.0,0.0,0.3333333333333333
networkcindicator,5.0,0.5,0.25,0.07642599581745975,0.05682165882450198,0.0,0.0,0.3333333333333333,0.01743098286733516,0.01589679809689684,0.0,0.0,0.11004784688995216,0.027860252527155255,0.023715203074895844,0.0,0.0,0.15384615384615385
networkcindicator,5.0,0.5,0.5,0.08809796316406368,0.08404603026955851,0.0,0.0,1.0,0.01892128195643884,0.014432679905063561,0.0,0.0,0.09375,0.030394447713098884,0.021967744859837664,0.0,0.0,0.13333333333333333
networkcindicator,5.0,0.5,0.75,0.09460080860528088,0.0640166658965687,0.0,0.0,0.27007299270072993,0.021594644717874867,0.01863325214369602,0.0,0.0,0.12251655629139073,0.03455582937050922,0.027744344643861454,0.0,0.0,0.16856492027334852
networkcindicator,5.0,0.5,1.0,0.10359624289710756,0.07048836802816476,0.0,0.0,0.5,0.02380311859329972,0.022833081202481408,0.0,0.0,0.25,0.03791626811763632,0.03254864842748276,0.0,0.0,0.3333333333333333
networkcindicator,5.0,0.5,2.0,0.1597294543033889,0.09434029276375112,0.0,0.0,0.5,0.03527170689731269,0.023283172401184427,0.0,0.0,0.11920529801324503,0.056904948361555255,0.035945929430406746,0.0,0.0,0.16400911161731208
networkcindicator,5.0,0.5,3.0,0.19275401449045537,0.11297984079619258,0.0,0.0,0.5,0.043531542897504605,0.031109866963646305,0.0,0.0,0.25,0.06993977456917747,0.046864043410483225,0.0,0.0,0.3333333333333333
networkcindicator,5.0,0.5,5.0,0.22345565319019917,0.13458611452517896,0.0,0.0,1.0,0.04873049655450442,0.03054436893980387,0.0,0.0,0.1357615894039735,0.07894911487472764,0.048183162014339184,0.0,0.0,0.20392156862745098
networkcindicator,5.0,0.75,0,0.08107560450828162,0.060028408916096065,0.0,0.0,0.4444444444444444,0.017956370911092263,0.014803062488900537,0.0,0.0,0.08633093525179857,0.02881651405393203,0.022425462021097426,0.0,0.0,0.13186813186813187
networkcindicator,5.0,0.75,0.1,0.08681952757030233,0.06380444277591543,0.0,0.0,0.5,0.019915642083267522,0.02160603392484734,0.0,0.0,0.25,0.03168317150804332,0.03057071769297705,0.0,0.0,0.3333333333333333
networkcindicator,5.0,0.75,0.25,0.08726953580267512,0.05846704018992003,0.0,0.0,0.3333333333333333,0.019314039330937092,0.015003397367170879,0.0,0.0,0.08609271523178808,0.031039475673124272,0.02258733662027946,0.0,0.0,0.11845102505694761
networkcindicator,5.0,0.75,0.5,0.10060029744777463,0.08456125653987559,0.0,0.0,1.0,0.02197950009192918,0.01663875028637511,0.0,0.0,0.10596026490066225,0.03540236816051305,0.025824290942538637,0.0,0.0,0.18181818181818182
networkcindicator,5.0,0.75,0.75,0.10500075247763212,0.06419665293219654,0.0,0.0,0.2916666666666667,0.023436575550330994,0.016409623612041385,0.0,0.0,0.09933774834437085,0.03773047270634476,0.025202097188742167,0.0,0.0,0.1366742596810934
networkcindicator,5.0,0.75,1.0,0.1209104372278538,0.07459451936279644,0.0,0.0,0.3333333333333333,0.026662410348414538,0.018347633829606486,0.0,0.0,0.09602649006622517,0.04298553065338793,0.028418689993494634,0.0,0.0,0.13211845102505695
networkcindicator,5.0,0.75,2.0,0.15670469413454277,0.09492943414423761,0.0,0.0,0.4166666666666667,0.03470923584714412,0.023556549504218618,0.0,0.0,0.13245033112582782,0.05603803662967387,0.03672892915573425,0.0,0.0,0.18223234624145784
networkcindicator,5.0,0.75,3.0,0.19427519359188078,0.11182701179011025,0.0,0.0,0.5,0.04348519939038599,0.028393349698401293,0.0,0.0,0.1456953642384106,0.07010010561144031,0.04399977612648628,0.0,0.0,0.20045558086560364
networkcindicator,5.0,0.75,5.0,0.21749547411917577,0.12496621244198565,0.0,0.0,0.5135135135135135,0.048188567093603765,0.030684401695460575,0.0,0.0,0.13875598086124402,0.07794853461479775,0.048275401643851336,0.0,0.0,0.19387755102040816
networkcindicator,5.0,1.0,0,0.09448004702589877,0.06365807176261966,0.0,0.0,0.5,0.020937852970406973,0.016125218267595595,0.0,0.0,0.125,0.03369798408713527,0.02475259278349732,0.0,0.0,0.2
networkcindicator,5.0,1.0,0.1,0.10189759390363773,0.07163911790424864,0.0,0.0,0.5,0.023251157380046905,0.022704459055045444,0.0,0.0,0.25,0.0371248566890089,0.03276549478837798,0.0,0.0,0.3333333333333333
networkcindicator,5.0,1.0,0.25,0.10151579994272837,0.06179433561063503,0.0,0.0,0.3225806451612903,0.022695851949556988,0.015882593901874513,0.0,0.0,0.08609271523178808,0.03651173138459601,0.024288681388564954,0.0,0.0,0.11845102505694761
networkcindicator,5.0,1.0,0.5,0.11131808247555759,0.07309329296276895,0.0,0.0,0.5,0.025084731545766563,0.022829433771015616,0.0,0.0,0.25,0.040155152661805395,0.03289700968855161,0.0,0.0,0.3333333333333333
networkcindicator,5.0,1.0,0.75,0.11528240080279464,0.06917615346328619,0.0,0.0,0.30434782608695654,0.025911810627562155,0.018473369853504194,0.0,0.0,0.10096153846153846,0.04165977883690412,0.028077509800763067,0.0,0.0,0.14583333333333334
networkcindicator,5.0,1.0,1.0,0.13434004165928884,0.08288268934232619,0.0,0.0,0.5,0.030534938865945153,0.024670031059018122,0.0,0.0,0.25,0.04896733321821158,0.036316101402911166,0.0,0.0,0.3333333333333333
networkcindicator,5.0,1.0,2.0,0.16652222841112124,0.09767601904869033,0.0,0.0,0.5,0.03659728114122933,0.02383018550891883,0.0,0.0,0.11961722488038277,0.05910265558077932,0.036982805922536485,0.0,0.0,0.16400911161731208
networkcindicator,5.0,1.0,3.0,0.19713743593992067,0.11353914688895678,0.0,0.0,0.5,0.04331651768893579,0.02750446175040138,0.0,0.0,0.1390728476821192,0.0700774484951412,0.04313631573048367,0.0,0.0,0.2
networkcindicator,5.0,1.0,5.0,0.22042356168087274,0.12734714227180258,0.0,0.0,0.5370370370370371,0.048594414000792584,0.03112728136437317,0.0,0.0,0.1357615894039735,0.07867624953210253,0.0490122551571427,0.0,0.0,0.19463087248322147
networkcindicator,5.0,2.0,0,0.1150933051121141,0.06659772010094948,0.0,0.0,0.3333333333333333,0.025431669593616122,0.01673406553154779,0.0,0.0,0.09090909090909091,0.040961398233771484,0.025537113313332943,0.0,0.0,0.12459016393442625
networkcindicator,5.0,2.0,0.1,0.1201932849012981,0.0707128824963574,0.0,0.0,0.3333333333333333,0.026536777498500093,0.018072399126660636,0.0,0.0,0.12582781456953643,0.04277981029088548,0.02756276328015504,0.0,0.0,0.17312072892938496
networkcindicator,5.0,2.0,0.25,0.12637321660196446,0.07327888767799305,0.0,0.0,0.4444444444444444,0.027693039520534115,0.01760453795861117,0.0,0.0,0.09602649006622517,0.04471235087714361,0.027138285319290602,0.0,0.0,0.13211845102505695
networkcindicator,5.0,2.0,0.5,0.12842658414612973,0.07715942300417837,0.0,0.0,0.36666666666666664,0.0281070876680756,0.01869573415477954,0.0,0.0,0.09602649006622517,0.045446365944331615,0.02912661966512852,0.0,0.0,0.1411764705882353
networkcindicator,5.0,2.0,0.75,0.1360584765977655,0.08415970454603566,0.0,0.0,0.5,0.030741939533303567,0.024750136001289592,0.0,0.0,0.25,0.04927911864981595,0.03629419930707215,0.0,0.0,0.3333333333333333
networkcindicator,5.0,2.0,1.0,0.14202790010227628,0.0836072974942585,0.0,0.0,0.3888888888888889,0.031211599899570428,0.02032124531613295,0.0,0.0,0.09602649006622517,0.050439962483387564,0.031637705318264576,0.0,0.0,0.13861386138613863
networkcindicator,5.0,2.0,2.0,0.17452567197787872,0.10167240126655859,0.0,0.0,0.43333333333333335,0.038587122874218685,0.025275555465941717,0.0,0.0,0.1456953642384106,0.06233685734018276,0.0393884566277594,0.0,0.0,0.20045558086560364
networkcindicator,5.0,2.0,3.0,0.1998212213174464,0.12431529881357381,0.0,0.0,1.0,0.04352004889617102,0.02746136533442914,0.0,0.0,0.13245033112582782,0.07045596982595619,0.04338398669561704,0.0,0.0,0.18223234624145784
networkcindicator,5.0,2.0,5.0,0.22744944466923986,0.12918264618399128,0.0,0.0,0.5283018867924528,0.04983681281659986,0.030992119040432916,0.0,0.0,0.13861386138613863,0.08065736440489424,0.04882139947301713,0.0,0.0,0.2196078431372549
networkcindicator,5.0,3.0,0,0.13191041297271883,0.09223137763749792,0.0,0.0,1.0,0.028638249234678965,0.0184175557937141,0.0,0.0,0.1,0.046295800063106296,0.028984259136075764,0.0,0.0,0.18181818181818182
networkcindicator,5.0,3.0,0.1,0.1347062842007952,0.0794191332268496,0.0,0.0,0.5,0.02967596335286529,0.01943345200720431,0.0,0.0,0.125,0.0479570322359174,0.030394668739733777,0.0,0.0,0.2
networkcindicator,5.0,3.0,0.25,0.13584351846648382,0.08054677059645253,0.0,0.0,0.5,0.03067752546103546,0.023837911674909333,0.0,0.0,0.25,0.04923306866505556,0.03501731371516346,0.0,0.0,0.3333333333333333
networkcindicator,5.0,3.0,0.5,0.139261468270578,0.08009566063137362,0.0,0.0,0.38333333333333336,0.030310385397969215,0.018932651737568546,0.0,0.0,0.09349593495934959,0.049021170942861785,0.029605034950184874,0.0,0.0,0.1503267973856209
networkcindicator,5.0,3.0,0.75,0.14537178195285275,0.08335173490072713,0.0,0.0,0.3888888888888889,0.03173969513155807,0.01984286873161358,0.0,0.0,0.08536585365853659,0.05139318430609625,0.03120545312601721,0.0,0.0,0.1375
networkcindicator,5.0,3.0,1.0,0.15112445510922518,0.09080720834805629,0.0,0.0,0.5,0.03333124360505768,0.02219776266392387,0.0,0.0,0.125,0.05388127636096328,0.034832760405129774,0.0,0.0,0.2
networkcindicator,5.0,3.0,2.0,0.17058014999173945,0.10202499169543092,0.0,0.0,0.4074074074074074,0.03735478667012949,0.024828234269585116,0.0,0.0,0.11258278145695365,0.06044877799283972,0.03898312660731686,0.0,0.0,0.15686274509803924
networkcindicator,5.0,3.0,3.0,0.20029501864636115,0.11685603074481743,0.0,0.0,0.5,0.044103697536090655,0.028591824527015225,0.0,0.0,0.125,0.07131290264145387,0.044999793472344396,0.0,0.0,0.2
networkcindicator,5.0,3.0,5.0,0.22341702047261253,0.12961883028991966,0.0,0.0,0.5333333333333333,0.049301225564476026,0.03126963322981636,0.0,0.0,0.13875598086124402,0.0798106444609928,0.04936694121153841,0.0,0.0,0.2
networkcindicator,5.0,5.0,0,0.1376291812042458,0.08343718824868487,0.0,0.0,0.37037037037037035,0.030076447509081138,0.019824520888155096,0.0,0.0,0.125,0.04861846573770283,0.0311045557490149,0.0,0.0,0.18181818181818182
networkcindicator,5.0,5.0,0.1,0.14163580172383952,0.08336787648414155,0.0,0.0,0.3888888888888889,0.031027789810783052,0.020273606627837507,0.0,0.0,0.125,0.05007909753447532,0.03147657931239806,0.0,0.0,0.18181818181818182
networkcindicator,5.0,5.0,0.25,0.13982637211432994,0.0868841014818506,0.0,0.0,0.5,0.031215031872227746,0.024270402671746155,0.0,0.0,0.25,0.05015252228387387,0.03582511231357216,0.0,0.0,0.3333333333333333
networkcindicator,5.0,5.0,0.5,0.147374120776544,0.09088373486935185,0.0,0.0,0.5,0.032997770464008355,0.02536247204234104,0.0,0.0,0.25,0.05304527226082141,0.03778329384702048,0.0,0.0,0.3333333333333333
networkcindicator,5.0,5.0,0.75,0.15890209204377362,0.12439496542285404,0.0,0.0,1.0,0.033845045611179896,0.025729702186321566,0.0,0.0,0.25,0.054628286621989985,0.03889865656280343,0.0,0.0,0.3333333333333333
networkcindicator,5.0,5.0,1.0,0.1486495500751252,0.09035660038734883,0.0,0.0,0.4074074074074074,0.03274735221562776,0.02153582170667027,0.0,0.0,0.09375,0.05297466121349178,0.03401122870093877,0.0,0.0,0.1411764705882353
networkcindicator,5.0,5.0,2.0,0.16737015634744654,0.10645650569883106,0.0,0.0,0.5,0.03688414132699652,0.025279562789517873,0.0,0.0,0.125,0.0597074899293085,0.040121161579274194,0.0,0.0,0.2
networkcindicator,5.0,5.0,3.0,0.1852113131209978,0.11543148587545336,0.0,0.0,0.48148148148148145,0.040443313964919105,0.027247375565906003,0.0,0.0,0.11258278145695365,0.06548464000428168,0.043147345850989054,0.0,0.0,0.17316017316017315
networkcindicator,5.0,5.0,5.0,0.21519595482322237,0.13140248291143738,0.0,0.0,0.5454545454545454,0.047359129072586166,0.03085604392465369,0.0,0.0,0.12582781456953643,0.0766642129536,0.04898859060353164,0.0,0.0,0.2
