dataset,decay_factor,alpha,beta,mean_precision,std_precision,mode_precision,min_precision,max_precision,mean_recall,std_recall,mode_recall,min_recall,max_recall,mean_f1,std_f1,mode_f1,min_f1,max_f1
networkadex,0,0,0.1,0.05190058939988848,0.040691277727865044,0.0,0.0,0.27624309392265195,0.011547493474350669,0.010148486542681806,0.0,0.0,0.062266500622665005,0.018657404272465088,0.01585118079844574,0.0,0.0,0.10162601626016261
networkadex,0,0,0.25,0.05112266127794385,0.039758403796385754,0.0,0.0,0.27071823204419887,0.011669224337676821,0.01104788238039148,0.0,0.0,0.08264462809917356,0.018759175308388935,0.016783485531133357,0.0,0.0,0.1135972461273666
networkadex,0,0,0.5,0.06288309846930998,0.047083362664669004,0.0,0.0,0.3370165745856354,0.014201422852551332,0.012264695486464174,0.0,0.0,0.081145584725537,0.022896253269270774,0.01902135442117253,0.0,0.0,0.12398373983739838
networkadex,0,0,0.75,0.07634938765455354,0.05347246228247872,0.0,0.0,0.32,0.017240182230314486,0.014659864808712982,0.0,0.0,0.11570247933884298,0.027767834882477697,0.022280625440687298,0.0,0.0,0.15730337078651685
networkadex,0,0,1.0,0.08861524645119351,0.05877276323176325,0.0,0.0,0.3314917127071823,0.019905727728538745,0.015713199905124115,0.0,0.0,0.1322314049586777,0.032137581991785076,0.02405176326430988,0.0,0.0,0.17977528089887643
networkadex,0,0,2.0,0.16164021894243003,0.08321662072156454,0.14285714285714285,0.0,0.39285714285714285,0.0361300616405236,0.02353725737753247,0.0273972602739726,0.0,0.13580246913580246,0.05843094327446576,0.036034794352918315,0.0320855614973262,0.0,0.19642857142857142
networkadex,0,0,3.0,0.2500884942947376,0.10694910839299517,0.25,0.05,0.5333333333333333,0.054833906903701206,0.028876180797803786,0.023148148148148147,0.004101722723543888,0.1643835616438356,0.08905396832258985,0.04457524965527556,0.03902439024390244,0.00801924619085806,0.24615384615384614
networkadex,0,0,5.0,0.3108423939109342,0.12620738810510868,0.25,0.0582010582010582,0.6428571428571429,0.06824270709257849,0.03481229465213686,0.08823529411764706,0.004922067268252666,0.19753086419753085,0.11081047635718207,0.05347048349749887,0.05555555555555555,0.009623095429029671,0.2857142857142857
networkadex,0,0.1,0,0.05238088893964862,0.043453890618699816,0.0,0.0,0.2983425414364641,0.01195874312803448,0.011325641180274787,0.0,0.0,0.08264462809917356,0.019240130063698346,0.017489642744563102,0.0,0.0,0.11235955056179775
networkadex,0,0.1,0.1,0.05328225851234947,0.043858837264562495,0.0,0.0,0.3259668508287293,0.012133030828871644,0.0115139965985597,0.0,0.0,0.07446808510638298,0.01953111327772571,0.01775030285840765,0.0,0.0,0.11991869918699187
networkadex,0,0.1,0.25,0.058899895994386726,0.04097686798090987,0.0,0.0,0.2596685082872928,0.013240713105329212,0.010725004884384968,0.0,0.0,0.06382978723404255,0.021369925276876485,0.016633509210112234,0.0,0.0,0.09552845528455284
networkadex,0,0.1,0.5,0.06646537913975596,0.049784358633304444,0.0,0.0,0.3149171270718232,0.015212999042708524,0.013548915838308088,0.0,0.0,0.12396694214876033,0.024466425625992546,0.020676607132350353,0.0,0.0,0.16853932584269665
networkadex,0,0.1,0.75,0.0757306627613545,0.051729425788865344,0.0,0.0,0.281767955801105,0.016921119575976327,0.013943624104818862,0.0,0.0,0.09069212410501193,0.02733821731752011,0.021399055820867693,0.0,0.0,0.1308089500860585
networkadex,0,0.1,1.0,0.08903909338208459,0.05550412555337364,0.0,0.0,0.32044198895027626,0.02001373702001059,0.014791632337435658,0.0,0.0,0.08264462809917356,0.03232167744125075,0.02281317367471089,0.0,0.0,0.11788617886178862
networkadex,0,0.1,2.0,0.1746659330792889,0.08328409256630316,0.2,0.027777777777777776,0.45,0.0390597594655332,0.023924087178445293,0.07142857142857142,0.002461033634126333,0.1487603305785124,0.06320507511047924,0.03661729522305035,0.05405405405405406,0.0048115477145148355,0.20224719101123595
networkadex,0,0.1,3.0,0.25537414593195534,0.10735969593292267,0.2,0.05128205128205128,0.5625,0.056433040583920686,0.030833081882008978,0.047619047619047616,0.005742411812961444,0.18518518518518517,0.0915020283514263,0.0470804391861606,0.038709677419354833,0.011226944667201285,0.26785714285714285
networkadex,0,0.1,5.0,0.3173415999687616,0.12678666990854015,0.3333333333333333,0.07894736842105263,0.7142857142857143,0.06976418515180356,0.035496242485259864,0.05,0.004922067268252666,0.19148936170212766,0.1132513134282939,0.05439802632203513,0.13333333333333333,0.009623095429029671,0.2842105263157895
networkadex,0,0.25,0,0.056373726401760575,0.04189441842815045,0.0,0.0,0.2983425414364641,0.01289544215852213,0.011426272201961692,0.0,0.0,0.0684931506849315,0.020731191677019742,0.017527190976808146,0.0,0.0,0.10975609756097562
networkadex,0,0.25,0.1,0.056769311763939394,0.045287546588826354,0.0,0.0,0.3149171270718232,0.012867861190334026,0.01194095727261976,0.0,0.0,0.08264462809917356,0.02073402750040993,0.018406511658893492,0.0,0.0,0.11585365853658537
networkadex,0,0.25,0.25,0.06103551306300042,0.04551626789923805,0.0,0.0,0.30939226519337015,0.01386167565468335,0.0121122358802085,0.0,0.0,0.09090909090909091,0.022334747211411106,0.018633577805379425,0.0,0.0,0.12359550561797754
networkadex,0,0.25,0.5,0.0725467544974792,0.04796712610130443,0.0,0.0,0.34806629834254144,0.016447064730984756,0.012806025650442919,0.0,0.0,0.0784557907845579,0.026517811941924967,0.01977572447195038,0.0,0.0,0.12804878048780488
networkadex,0,0.25,0.75,0.0847852322673719,0.05700936894563225,0.0,0.0,0.325,0.018980599703058564,0.014959644648281993,0.0,0.0,0.10743801652892562,0.030628742273389784,0.022984745183140823,0.0,0.0,0.14606741573033705
networkadex,0,0.25,1.0,0.10319546425438823,0.06097577112886788,0.0,0.0,0.40331491712707185,0.023044094162277328,0.016306676748316193,0.0,0.0,0.09090909090909091,0.03726282969744139,0.025210063149707067,0.0,0.0,0.1483739837398374
networkadex,0,0.25,2.0,0.1795620976063784,0.08531110958553777,0.2,0.016666666666666666,0.45,0.03960816514230491,0.023650335739170598,0.030303030303030304,0.003281378178835111,0.1276595744680851,0.0642329659997502,0.036364497135413294,0.06,0.006415396952686447,0.1894736842105263
networkadex,0,0.25,3.0,0.26385373332221135,0.11343469990905668,0.3333333333333333,0.05263157894736842,0.6428571428571429,0.058053624515740115,0.03228507300861663,0.05555555555555555,0.004922067268252666,0.20987654320987653,0.09416514354671268,0.04914762149853149,0.06896551724137931,0.009623095429029671,0.30357142857142855
networkadex,0,0.25,5.0,0.3171140773864045,0.12495975664894696,0.3333333333333333,0.07407407407407407,0.6875,0.06954447044561816,0.03533659811217037,0.05,0.004101722723543888,0.19834710743801653,0.11291950025483054,0.053863022298533285,0.0392156862745098,0.00801924619085806,0.2857142857142857
networkadex,0,0.5,0,0.06377389389195769,0.04329829836608767,0.0,0.0,0.3259668508287293,0.014244504655065845,0.011693732935299966,0.0,0.0,0.08264462809917356,0.023007120388918455,0.017923124089053933,0.0,0.0,0.11991869918699187
networkadex,0,0.5,0.1,0.0716099281476508,0.04712981645620862,0.0,0.0,0.3259668508287293,0.016078544910845132,0.012148710125731774,0.0,0.0,0.07347447073474471,0.025991775637852443,0.01894867460000267,0.0,0.0,0.11991869918699187
networkadex,0,0.5,0.25,0.07432829989437621,0.04950762038820966,0.0,0.0,0.3425414364640884,0.01671801700667595,0.013347095967130181,0.0,0.0,0.08333333333333333,0.02697248213912597,0.020565438842677575,0.0,0.0,0.12844036697247707
networkadex,0,0.5,0.5,0.09004361120690663,0.059380879269809624,0.0,0.0,0.391304347826087,0.02032880781836091,0.015699985442297882,0.0,0.0,0.09917355371900827,0.03280822669282714,0.02429752014872567,0.0,0.0,0.1348314606741573
networkadex,0,0.5,0.75,0.10169604496615464,0.05792390057098289,0.0,0.0,0.35714285714285715,0.02291451694299706,0.015977552371389005,0.0,0.0,0.09917355371900827,0.03699413406725511,0.0245103083281902,0.0,0.0,0.1348314606741573
networkadex,0,0.5,1.0,0.11995370896244642,0.06497969988695063,0.08333333333333333,0.0,0.35714285714285715,0.026765216240044003,0.018249463435480458,0.018518518518518517,0.0,0.12396694214876033,0.04329115791170707,0.027857903571767508,0.03636363636363636,0.0,0.16853932584269665
networkadex,0,0.5,2.0,0.2055175871454335,0.09362249073671029,0.12698412698412698,0.044444444444444446,0.5238095238095238,0.04563244538993513,0.027424340198348485,0.047619047619047616,0.004101722723543888,0.1652892561983471,0.07390010584939155,0.041737025501525374,0.06504065040650406,0.00801924619085806,0.22680412371134023
networkadex,0,0.5,3.0,0.26811955491839284,0.1107747625558572,0.25,0.05,0.6,0.05877159064485808,0.030482886934987997,0.029411764705882353,0.004922067268252666,0.15625,0.09545188409207045,0.04690805286628238,0.08163265306122448,0.009623095429029671,0.24299065420560748
networkadex,0,0.5,5.0,0.31945772101384307,0.12434846874106378,0.5,0.08333333333333333,0.6666666666666666,0.06999676719439055,0.034599356954888104,0.08333333333333333,0.004922067268252666,0.19008264462809918,0.11367461708575455,0.05287764175088472,0.13333333333333333,0.009623095429029671,0.2736842105263158
networkadex,0,0.75,0,0.07724158130056853,0.04897801263811415,0.0,0.0,0.38095238095238093,0.017148192293115247,0.012555944980239713,0.0,0.0,0.09411764705882353,0.027754168356382388,0.019586560315827603,0.0,0.0,0.1509433962264151
networkadex,0,0.75,0.1,0.08266350403273119,0.04834672423297427,0.0,0.0,0.3370165745856354,0.01844285264423188,0.013529772171736261,0.0,0.0,0.09574468085106383,0.02981702704643065,0.020640432182544976,0.0,0.0,0.140625
networkadex,0,0.75,0.25,0.09494924608998104,0.05597480707799408,0.0,0.0,0.3149171270718232,0.0212871298702213,0.015208779228946935,0.0,0.0,0.09271523178807947,0.03438781493233377,0.023389318165669262,0.0,0.0,0.14285714285714285
networkadex,0,0.75,0.5,0.10732441047191975,0.056730131862765126,0.058823529411764705,0.0,0.39779005524861877,0.023877147550483868,0.015291587760428221,0.0,0.0,0.0896637608966376,0.03863468500349223,0.023578610707863316,0.0,0.0,0.14634146341463414
networkadex,0,0.75,0.75,0.12350383002354738,0.06471979548921693,0.08333333333333333,0.0,0.3756906077348066,0.027591944777267,0.018031219368898475,0.0,0.0,0.10273972602739725,0.04462345617480474,0.027667557002404714,0.0,0.0,0.15384615384615385
networkadex,0,0.75,1.0,0.13642315937512384,0.06152441847076855,0.14285714285714285,0.0,0.39285714285714285,0.030457173615866397,0.01736297069064117,0.0,0.0,0.09917355371900827,0.04929512205437892,0.026594728466966595,0.0,0.0,0.15172413793103448
networkadex,0,0.75,2.0,0.21569432607461592,0.0977174819751923,0.2,0.0603448275862069,0.55,0.047612254920663816,0.027233818422251085,0.023809523809523808,0.003281378178835111,0.14814814814814814,0.0772251695737271,0.0418757925257684,0.038910505836575876,0.006415396952686447,0.21428571428571427
networkadex,0,0.75,3.0,0.2716066737601228,0.11177202716317715,0.16666666666666666,0.08064516129032258,0.5714285714285714,0.05975564144740594,0.03123610533346039,0.058823529411764705,0.004922067268252666,0.1643835616438356,0.09698995720693272,0.04798235880217318,0.04878048780487805,0.009623095429029671,0.24615384615384614
networkadex,0,0.75,5.0,0.32455246286307265,0.12985003141504095,0.5,0.08333333333333333,0.7,0.07120292507434615,0.03631216231478965,0.05,0.004922067268252666,0.20987654320987653,0.11561896736537983,0.05559346482431887,0.2,0.009623095429029671,0.3076923076923077
networkadex,0,1.0,0,0.09521677995022483,0.05157169341350099,0.09090909090909091,0.0,0.35,0.021305133270774452,0.014468339492168322,0.0,0.0,0.08333333333333333,0.03443770505554329,0.022216400877747695,0.0,0.0,0.12804878048780488
networkadex,0,1.0,0.1,0.10140601237610279,0.05092935901268486,0.1,0.0,0.3259668508287293,0.022591292673626737,0.0138676188137249,0.0,0.0,0.09917355371900827,0.03657121404326309,0.021266317123311878,0.0,0.0,0.1348314606741573
networkadex,0,1.0,0.25,0.11408768009597366,0.05836059999800429,0.1,0.0,0.35359116022099446,0.02527661506744869,0.01640915459804893,0.023255813953488372,0.0,0.11702127659574468,0.040927078660601676,0.025045304477555194,0.0,0.0,0.171875
networkadex,0,1.0,0.5,0.12655529427893827,0.062013099668448084,0.1111111111111111,0.0,0.3695652173913043,0.028180878437581585,0.017072875894286164,0.0,0.0,0.10625,0.04559865553901922,0.026226426344276566,0.0,0.0,0.16504854368932037
networkadex,0,1.0,0.75,0.13507088332463507,0.06644330545537529,0.16666666666666666,0.0,0.4090909090909091,0.029826582478328822,0.018151535359656773,0.023255813953488372,0.0,0.12396694214876033,0.048341647754675234,0.02777360282408761,0.06,0.0,0.16853932584269665
networkadex,0,1.0,1.0,0.1584259401278021,0.0757614481419972,0.2,0.041666666666666664,0.47368421052631576,0.035237572925009814,0.021209118837488963,0.03333333333333333,0.003281378178835111,0.125,0.057060719295183665,0.03262378146062881,0.022222222222222223,0.006415396952686447,0.19780219780219782
networkadex,0,1.0,2.0,0.22225900417202116,0.09932075586427361,0.3333333333333333,0.05,0.5238095238095238,0.04907474895012397,0.028339825976356234,0.030303030303030304,0.003281378178835111,0.1728395061728395,0.07957123113200544,0.04340324246805736,0.03902439024390244,0.006415396952686447,0.25
networkadex,0,1.0,3.0,0.27649726866296337,0.11703577008085979,0.2,0.06451612903225806,0.6,0.060672890689981177,0.03234697190259292,0.07142857142857142,0.004101722723543888,0.1728395061728395,0.09851928567594426,0.049676089953552084,0.05405405405405406,0.00801924619085806,0.25
networkadex,0,1.0,5.0,0.3260958071161889,0.13018362205095263,0.5,0.06451612903225806,0.7142857142857143,0.07173960148981003,0.03700145322956089,0.047619047619047616,0.004101722723543888,0.20987654320987653,0.116440217426793,0.056583693734987714,0.06177606177606177,0.00801924619085806,0.30357142857142855
networkadex,0,2.0,0,0.1488710085607811,0.07165617599237246,0.14285714285714285,0.03125,0.42857142857142855,0.032806117317002975,0.019402083458527127,0.0196078431372549,0.002461033634126333,0.10625,0.05322274814456364,0.03001802075465134,0.025974025974025972,0.0048115477145148355,0.16981132075471697
networkadex,0,2.0,0.1,0.14940613048183995,0.06896284697233436,0.1,0.03333333333333333,0.40331491712707185,0.03302251903295953,0.019226717850393465,0.017857142857142856,0.002461033634126333,0.1125,0.05352125334205008,0.02946123765944911,0.03940886699507389,0.0048115477145148355,0.17475728155339806
networkadex,0,2.0,0.25,0.16418861932220083,0.0782270240112255,0.16666666666666666,0.03125,0.45,0.03606854510391655,0.022048456592948046,0.023809523809523808,0.004922067268252666,0.1322314049586777,0.058506811145015825,0.0337274371824554,0.025974025974025972,0.009623095429029671,0.18749999999999997
networkadex,0,2.0,0.5,0.17125964452540884,0.08024891102776795,0.25,0.04477611940298507,0.5238095238095238,0.03751434747386226,0.021562897656105393,0.018518518518518517,0.004101722723543888,0.12941176470588237,0.06091438343211452,0.033319332844758034,0.05555555555555555,0.00801924619085806,0.2075471698113208
networkadex,0,2.0,0.75,0.18334548843056084,0.08767297879102824,0.17647058823529413,0.05263157894736842,0.47368421052631576,0.04046014850137843,0.02401496657630575,0.030303030303030304,0.003281378178835111,0.13125,0.06562330193099486,0.03711327739505071,0.028436018957345967,0.006415396952686447,0.20388349514563106
networkadex,0,2.0,1.0,0.19382297548527944,0.09213456713888411,0.25,0.04819277108433735,0.5,0.04273892534935283,0.025641331846505036,0.0273972602739726,0.003281378178835111,0.14049586776859505,0.06932391460645597,0.0394643714103949,0.04615384615384615,0.006415396952686447,0.20512820512820512
networkadex,0,2.0,2.0,0.2395093939904051,0.11229204587210814,0.25,0.05,0.5714285714285714,0.052996781477990924,0.031121471844438437,0.02857142857142857,0.004101722723543888,0.1643835616438356,0.08593399757775486,0.0479679858986518,0.051948051948051945,0.00801924619085806,0.24615384615384614
networkadex,0,2.0,3.0,0.28425464679046336,0.12305922589571934,0.2,0.07936507936507936,0.6428571428571429,0.062498647255573636,0.034023938347548,0.07142857142857142,0.004101722723543888,0.18493150684931506,0.10145573941208316,0.05236081326787972,0.05555555555555555,0.00801924619085806,0.27692307692307694
networkadex,0,2.0,5.0,0.3281875320402971,0.13328630282398032,0.3333333333333333,0.10526315789473684,0.7142857142857143,0.07205262742330823,0.037140172832133875,0.05,0.004922067268252666,0.19863013698630136,0.11699490737481019,0.056984318135373545,0.2,0.009623095429029671,0.29743589743589743
networkadex,0,3.0,0,0.1724172145424489,0.08532922419112891,0.09090909090909091,0.041666666666666664,0.43478260869565216,0.03792348859774833,0.023264991001471204,0.0273972602739726,0.003281378178835111,0.125,0.061528919479982666,0.035806921987149506,0.03861003861003861,0.006415396952686447,0.19417475728155342
networkadex,0,3.0,0.1,0.18113776034189527,0.08857305750640307,0.14285714285714285,0.04411764705882353,0.5238095238095238,0.039703530051663584,0.023969662960624617,0.023952095808383235,0.004101722723543888,0.1375,0.06445520181094952,0.03703273287354183,0.03125,0.00801924619085806,0.21782178217821782
networkadex,0,3.0,0.25,0.18176974859449263,0.08486457923071672,0.2,0.05,0.4782608695652174,0.039972327735239295,0.023040904243310834,0.030303030303030304,0.003281378178835111,0.1375,0.06487614354769362,0.03560139326715114,0.03846153846153846,0.006415396952686447,0.21359223300970873
networkadex,0,3.0,0.5,0.1907006646752429,0.09492405936843654,0.14285714285714285,0.043478260869565216,0.5384615384615384,0.04189039163597531,0.025229432214472252,0.0196078431372549,0.003281378178835111,0.14,0.06800719643675329,0.039152409032011164,0.04278074866310161,0.006415396952686447,0.2222222222222222
networkadex,0,3.0,0.75,0.19962231974279068,0.09762016216201835,0.2,0.043478260869565216,0.5,0.04428414219049729,0.027927779628911593,0.02564102564102564,0.003281378178835111,0.17355371900826447,0.0717232062620071,0.04264993467606298,0.031914893617021274,0.006415396952686447,0.23595505617977525
networkadex,0,3.0,1.0,0.21312133262689775,0.10385308722275971,0.16666666666666666,0.04411764705882353,0.5714285714285714,0.04693868993622935,0.028486734140713656,0.02857142857142857,0.004101722723543888,0.15753424657534246,0.07615026481763902,0.04399852112712921,0.0975609756097561,0.00801924619085806,0.23589743589743586
networkadex,0,3.0,2.0,0.2503135799218782,0.11480698022679896,0.3333333333333333,0.07272727272727272,0.5714285714285714,0.05518075226479925,0.03173966267534074,0.03125,0.005742411812961444,0.1643835616438356,0.0895161702999314,0.04886355600625521,0.0425531914893617,0.011226944667201285,0.24615384615384614
networkadex,0,3.0,3.0,0.2897571675189114,0.12570420929022666,0.2,0.09523809523809523,0.7857142857142857,0.06393099904903686,0.0352975795063116,0.03125,0.004922067268252666,0.19753086419753085,0.10371589584458216,0.054264715762275956,0.06829268292682926,0.009623095429029671,0.2857142857142857
networkadex,0,3.0,5.0,0.327814724751247,0.13312506426318602,0.3333333333333333,0.08333333333333333,0.7142857142857143,0.07207581718601982,0.03752914263719352,0.05555555555555555,0.004922067268252666,0.19753086419753085,0.11700195277328605,0.057570972790592895,0.13333333333333333,0.009623095429029671,0.2857142857142857
networkadex,0,5.0,0,0.19223810483623338,0.09853112454695585,0.14285714285714285,0.016129032258064516,0.6428571428571429,0.04207821522720409,0.025826446591380454,0.047619047619047616,0.004629629629629629,0.125,0.06835327090698921,0.040171929621141654,0.0425531914893617,0.007575757575757576,0.19999999999999998
networkadex,0,5.0,0.1,0.19423308829093205,0.10464798921274313,0.16666666666666666,0.0,0.5714285714285714,0.042477091322728276,0.02709059224037716,0.02564102564102564,0.0,0.13125,0.06901440923172449,0.0422955157243729,0.051948051948051945,0.0,0.20634920634920637
networkadex,0,5.0,0.25,0.19908326082128958,0.10304592831046519,0.14285714285714285,0.0,0.5714285714285714,0.043779219971265666,0.02736725759125184,0.047619047619047616,0.0,0.13541666666666666,0.07104949684704419,0.042533979779497834,0.03902439024390244,0.0,0.20472440944881887
networkadex,0,5.0,0.5,0.20461874702700864,0.1061974494034877,0.2,0.0,0.5384615384615384,0.044958505253797805,0.02841693430159123,0.047619047619047616,0.0,0.14814814814814814,0.07297254338751163,0.044135477112446364,0.0,0.0,0.2222222222222222
networkadex,0,5.0,0.75,0.21529935569959024,0.11328850213416314,0.16666666666666666,0.036585365853658534,0.6428571428571429,0.04732021875828475,0.03004607468352699,0.03759398496240601,0.003281378178835111,0.14893617021276595,0.07682556222976679,0.04666671435023876,0.04633204633204633,0.006415396952686447,0.2204724409448819
networkadex,0,5.0,1.0,0.22106433400323386,0.11143273038020964,0.2,0.058823529411764705,0.5714285714285714,0.04857993530441638,0.029587808700756866,0.03125,0.003281378178835111,0.15625,0.07887071982162364,0.04599358268006217,0.03065134099616858,0.006415396952686447,0.23622047244094488
networkadex,0,5.0,2.0,0.25001380654909305,0.12420945317761092,0.2,0.016129032258064516,0.7142857142857143,0.05500131517934669,0.033406341010347916,0.05434782608695652,0.004101722723543888,0.16666666666666666,0.08927136391543886,0.0517611091547031,0.051948051948051945,0.00801924619085806,0.253968253968254
networkadex,0,5.0,3.0,0.27467454147103293,0.12870659483895094,0.3333333333333333,0.05,0.7142857142857143,0.060367798998328406,0.03484952305103999,0.05,0.004922067268252666,0.17123287671232876,0.09800913569476472,0.05393762288081313,0.06451612903225806,0.009623095429029671,0.2564102564102564
networkadex,0,5.0,5.0,0.3168792892084871,0.13645323092568862,0.3333333333333333,0.05,0.7142857142857143,0.06971546343166705,0.03802020422212863,0.07142857142857142,0.005742411812961444,0.19148936170212766,0.1131616775994418,0.05846265817571404,0.13333333333333333,0.011226944667201285,0.2842105263157895
networkadex,0.1,0,0,0.11715584653304142,0.07038605968521547,0.0,0.0,0.5911602209944752,0.026575936467810056,0.01980169348542138,0.0,0.0,0.15702479338842976,0.04282300867079042,0.03011714074820846,0.0,0.0,0.217479674796748
networkadex,0.1,0,0.1,0.11704681467502151,0.07182235364954866,0.1111111111111111,0.0,0.6077348066298343,0.026598288778842877,0.020862799184908486,0.0,0.0,0.17355371900826447,0.04284123459651326,0.03152333630534915,0.0,0.0,0.23595505617977525
networkadex,0.1,0,0.25,0.1320835479589502,0.07499633961555391,0.0,0.0,0.6464088397790055,0.029839297127923145,0.021306785139291393,0.0,0.0,0.1652892561983471,0.04811840395214671,0.03233496723773219,0.0,0.0,0.2378048780487805
networkadex,0.1,0,0.5,0.1488215444611428,0.07928326634432446,0.14285714285714285,0.0,0.6408839779005525,0.03369086946551828,0.02265865464212892,0.0,0.0,0.1487603305785124,0.05435045240870138,0.03453165361206939,0.0,0.0,0.23577235772357724
networkadex,0.1,0,0.75,0.16645501968474943,0.08093163879847332,0.14285714285714285,0.0,0.6077348066298343,0.0373300119602614,0.02359474504774129,0.043478260869565216,0.0,0.1506849315068493,0.06032801847564473,0.035893210987245995,0.0,0.0,0.22564102564102564
networkadex,0.1,0,1.0,0.1905939707560046,0.08813555721032855,0.2,0.0,0.6408839779005525,0.04253737338354337,0.02575697344488914,0.05,0.0,0.1652892561983471,0.06880632417735982,0.03912115888892567,0.029268292682926828,0.0,0.23577235772357724
networkadex,0.1,0,2.0,0.27127832592139006,0.10709154765330882,0.3333333333333333,0.05291005291005291,0.6187845303867403,0.06009687109401738,0.031457239257406185,0.047058823529411764,0.004922067268252666,0.2231404958677686,0.09740180011951302,0.04763799858099982,0.06382978723404255,0.009623095429029671,0.30337078651685395
networkadex,0.1,0,3.0,0.3010218054712149,0.11977155273131872,0.25,0.0582010582010582,0.65,0.0662966201678559,0.03384563960099453,0.03571428571428571,0.004101722723543888,0.19863013698630136,0.10755987118391622,0.051556796757943224,0.06896551724137931,0.00801924619085806,0.29743589743589743
networkadex,0.1,0,5.0,0.32075824340479797,0.12894809881699912,0.3333333333333333,0.07407407407407407,0.7857142857142857,0.07054792555818194,0.035704633177995465,0.038461538461538464,0.004922067268252666,0.2054794520547945,0.11451524541489476,0.05471942374037173,0.07804878048780488,0.009623095429029671,0.3076923076923077
networkadex,0.1,0.1,0,0.1201095376444046,0.07451924215167412,0.0,0.0,0.6408839779005525,0.02704331682716815,0.02022616166571377,0.0,0.0,0.1444582814445828,0.043617301106650616,0.031004866119950535,0.0,0.0,0.23577235772357724
networkadex,0.1,0.1,0.1,0.1273749316539973,0.07408446392405117,0.0,0.0,0.6243093922651933,0.028905011009425125,0.020750300290174713,0.0,0.0,0.14072229140722292,0.04660598969534459,0.03176486512346386,0.0,0.0,0.2296747967479675
networkadex,0.1,0.1,0.25,0.1374792510379437,0.07418590560943941,0.2,0.0,0.6132596685082873,0.031009225536067383,0.02134293627670365,0.018518518518518517,0.0,0.17355371900826447,0.05003714128299551,0.032378928545148754,0.022222222222222223,0.0,0.23595505617977525
networkadex,0.1,0.1,0.5,0.15952662252077554,0.08188852182159197,0.14285714285714285,0.0,0.6298342541436464,0.03608189325129079,0.023763980704836443,0.0,0.0,0.14196762141967623,0.058222474734167036,0.03629613399961295,0.0,0.0,0.23170731707317074
networkadex,0.1,0.1,0.75,0.17905457408399825,0.08154910472428524,0.2,0.0,0.6574585635359116,0.0399439711904606,0.0240966894631175,0.0,0.0,0.2066115702479339,0.06459219244470395,0.03617389494846059,0.0,0.0,0.28089887640449435
networkadex,0.1,0.1,1.0,0.20001363722996293,0.09230735575521531,0.16666666666666666,0.0,0.5911602209944752,0.04476695678039213,0.026456512550637558,0.0,0.0,0.19008264462809918,0.07239773894198574,0.04028699439512774,0.0,0.0,0.25842696629213485
networkadex,0.1,0.1,2.0,0.2763484247632626,0.1104334535414214,0.2,0.03225806451612903,0.6629834254143646,0.060848288155790686,0.03120407956578911,0.0625,0.004101722723543888,0.17355371900826447,0.09873246874936882,0.04766958037792257,0.05042016806722689,0.00801924619085806,0.24615384615384614
networkadex,0.1,0.1,3.0,0.30257878045634107,0.12134173460477508,0.3333333333333333,0.06666666666666667,0.6464088397790055,0.06673064745614157,0.034397717304143254,0.1,0.004922067268252666,0.2231404958677686,0.10825869456278499,0.05246203492006218,0.06451612903225806,0.009623095429029671,0.30337078651685395
networkadex,0.1,0.1,5.0,0.3191560321609018,0.12633098538896712,0.3333333333333333,0.09009009009009009,0.7857142857142857,0.07014569299982694,0.03531450091948857,0.07142857142857142,0.005742411812961444,0.23140495867768596,0.11384835836766923,0.053891373256821286,0.07881773399014778,0.011226944667201285,0.3146067415730337
networkadex,0.1,0.25,0,0.1359640916234329,0.07377786337412574,0.14285714285714285,0.0,0.6243093922651933,0.03066564329724891,0.02108427113501765,0.0,0.0,0.1487603305785124,0.04948627637920744,0.03211039201639859,0.0,0.0,0.2296747967479675
networkadex,0.1,0.25,0.1,0.14274948199439066,0.07388729866495776,0.16666666666666666,0.0,0.6298342541436464,0.03207229500721989,0.021213882207782666,0.0125,0.0,0.17355371900826447,0.051798185720876806,0.03219672632695874,0.041379310344827586,0.0,0.23595505617977525
networkadex,0.1,0.25,0.25,0.15191100345183012,0.08050903586393961,0.2,0.0,0.6464088397790055,0.03425818015146746,0.022491998107426595,0.019230769230769232,0.0,0.14570361145703611,0.055323567938526726,0.03448231627965504,0.0,0.0,0.2378048780487805
networkadex,0.1,0.25,0.5,0.17090401034830496,0.08138572731279156,0.125,0.0,0.6464088397790055,0.03815450734298165,0.02331015381766099,0.058823529411764705,0.0,0.14570361145703611,0.061692629532191436,0.03548314844605152,0.0642857142857143,0.0,0.2378048780487805
networkadex,0.1,0.25,0.75,0.187535491828021,0.08673556840969955,0.25,0.0,0.6464088397790055,0.04186426518821931,0.025223067542998634,0.038461538461538464,0.0,0.18181818181818182,0.06768025435663305,0.03815235461468322,0.02955665024630542,0.0,0.24719101123595508
networkadex,0.1,0.25,1.0,0.21626654907316747,0.0938762207313143,0.25,0.0,0.6353591160220995,0.048002113146870605,0.02667592631346223,0.02127659574468085,0.0,0.17355371900826447,0.07774578215704574,0.04074430710338121,0.04615384615384615,0.0,0.23595505617977525
networkadex,0.1,0.25,2.0,0.28129411463819354,0.11507228716111824,0.3333333333333333,0.05454545454545454,0.6187845303867403,0.06228990780735523,0.03336662455183686,0.07142857142857142,0.006562756357670222,0.19753086419753085,0.10093495599486418,0.0506680778210058,0.054474708171206226,0.012830793905372895,0.2857142857142857
networkadex,0.1,0.25,3.0,0.3064199055852199,0.11837583145013686,0.5,0.07407407407407407,0.6519337016574586,0.06739479571377342,0.033118422282842785,0.038461538461538464,0.004101722723543888,0.19008264462809918,0.10939133683130052,0.05062438794792206,0.08275862068965517,0.00801924619085806,0.25842696629213485
networkadex,0.1,0.25,5.0,0.32023369072667474,0.12625025672384455,0.25,0.07407407407407407,0.65,0.07031439490343151,0.03497030161374848,0.058394160583941604,0.005742411812961444,0.2054794520547945,0.11415858017728846,0.05354473320544763,0.0392156862745098,0.011226944667201285,0.3076923076923077
networkadex,0.1,0.5,0,0.15708362370023077,0.07833938193031324,0.125,0.0,0.6243093922651933,0.03539870153899645,0.022307890294974483,0.026785714285714284,0.0,0.1487603305785124,0.05717104520633723,0.03400497313258459,0.046242774566473986,0.0,0.2296747967479675
networkadex,0.1,0.5,0.1,0.1573353529332511,0.07713078408647335,0.14285714285714285,0.0,0.6408839779005525,0.03523204181147982,0.022065750642413937,0.0,0.0,0.15702479338842976,0.05692249302676785,0.03352849550327034,0.0,0.0,0.23577235772357724
networkadex,0.1,0.5,0.25,0.1698617934128592,0.07821367281865914,0.14285714285714285,0.016129032258064516,0.6243093922651933,0.038081887404312995,0.022600683669279822,0.038461538461538464,0.003281378178835111,0.14072229140722292,0.06155246039768003,0.034375855858374764,0.0425531914893617,0.006415396952686447,0.2296747967479675
networkadex,0.1,0.5,0.5,0.19727803113550202,0.08795189056766951,0.14285714285714285,0.030303030303030304,0.6740331491712708,0.04402109582246157,0.02473767623258849,0.03571428571428571,0.004101722723543888,0.1519302615193026,0.07124206925989535,0.03787691884242772,0.03225806451612903,0.00801924619085806,0.24796747967479676
networkadex,0.1,0.5,0.75,0.21101671012742143,0.09066915287676694,0.3333333333333333,0.03225806451612903,0.6408839779005525,0.047064848878755165,0.02583181066260102,0.07142857142857142,0.002461033634126333,0.1444582814445828,0.07620285705135686,0.03955427966897835,0.1111111111111111,0.0048115477145148355,0.23577235772357724
networkadex,0.1,0.5,1.0,0.22908374788098812,0.08978208881712746,0.3333333333333333,0.03225806451612903,0.6298342541436464,0.050689191290735666,0.02602043873649042,0.0392156862745098,0.004922067268252666,0.17355371900826447,0.0821548244514407,0.03953854654732053,0.06557377049180328,0.009623095429029671,0.23595505617977525
networkadex,0.1,0.5,2.0,0.2872193009479669,0.11583618703936484,0.2222222222222222,0.06349206349206349,0.6574585635359116,0.06320291483250169,0.03238534121148522,0.07142857142857142,0.004922067268252666,0.19863013698630136,0.10257165319291624,0.04959279198293468,0.16,0.009623095429029671,0.29743589743589743
networkadex,0.1,0.5,3.0,0.3058811574785034,0.12145066118924615,0.2857142857142857,0.08333333333333333,0.7142857142857143,0.06719651386252654,0.03371957715014652,0.04938271604938271,0.004922067268252666,0.2066115702479339,0.10908283691639958,0.05158695103107632,0.06896551724137931,0.009623095429029671,0.28717948717948716
networkadex,0.1,0.5,5.0,0.31775827019825625,0.12569831606313236,0.3333333333333333,0.07936507936507936,0.7142857142857143,0.06986557847881114,0.03507480918933461,0.09523809523809523,0.004101722723543888,0.23140495867768596,0.11340598175581758,0.053566786875735455,0.06896551724137931,0.00801924619085806,0.31794871794871793
networkadex,0.1,0.75,0,0.1773756260723997,0.07983912516872764,0.2222222222222222,0.02857142857142857,0.6298342541436464,0.0394549594106877,0.022704866270900438,0.021739130434782608,0.003281378178835111,0.14196762141967623,0.0638640800323126,0.034700860079135275,0.05555555555555555,0.006309148264984227,0.23170731707317074
networkadex,0.1,0.75,0.1,0.17799538025889117,0.0803097503038993,0.14285714285714285,0.03773584905660377,0.6685082872928176,0.039622572438948823,0.022387217057668413,0.023809523809523808,0.002461033634126333,0.1506849315068493,0.06413849247940105,0.03419846317149897,0.07142857142857142,0.0048115477145148355,0.2459349593495935
networkadex,0.1,0.75,0.25,0.18875500559298258,0.08039432262819562,0.1111111111111111,0.046153846153846156,0.6077348066298343,0.04209127382794166,0.023459146915165,0.05,0.003281378178835111,0.1487603305785124,0.06811092303493518,0.03563345346620498,0.07272727272727272,0.006415396952686447,0.22357723577235772
networkadex,0.1,0.75,0.5,0.2073427986759653,0.08847800443453109,0.125,0.04504504504504504,0.6408839779005525,0.04592671721174975,0.02511937379996576,0.046511627906976744,0.004922067268252666,0.1652892561983471,0.07440437842863118,0.03832957946356801,0.13333333333333333,0.009623095429029671,0.23577235772357724
networkadex,0.1,0.75,0.75,0.2263249503646038,0.09297517264123784,0.25,0.047619047619047616,0.6464088397790055,0.05029983618618407,0.027136116968811984,0.07142857142857142,0.004922067268252666,0.1506849315068493,0.08144575202091675,0.04126483746363441,0.05555555555555555,0.009623095429029671,0.2378048780487805
networkadex,0.1,0.75,1.0,0.23932175528555596,0.09959477318935801,0.3333333333333333,0.04838709677419355,0.6298342541436464,0.05290857273963738,0.02815766423942394,0.047619047619047616,0.005742411812961444,0.18181818181818182,0.08575120748631686,0.042888127228905074,0.05042016806722689,0.011226944667201285,0.24719101123595508
networkadex,0.1,0.75,2.0,0.28772139671537067,0.11222799447094362,0.2,0.07547169811320754,0.6574585635359116,0.06350371829670397,0.03235386430965011,0.02857142857142857,0.004101722723543888,0.19834710743801653,0.10298933463593983,0.04922304493016739,0.058536585365853655,0.00801924619085806,0.27692307692307694
networkadex,0.1,0.75,3.0,0.3095942248526327,0.120826279418773,0.25,0.06666666666666667,0.65,0.06810240054368348,0.03372516389437723,0.051094890510948905,0.004101722723543888,0.19834710743801653,0.11053417624829222,0.05156503726856244,0.0898876404494382,0.00801924619085806,0.2696629213483146
networkadex,0.1,0.75,5.0,0.32181693610052853,0.12563049570592438,0.3333333333333333,0.08994708994708994,0.7142857142857143,0.07058975295257691,0.034404961092814795,0.1,0.004922067268252666,0.19863013698630136,0.11464016137373957,0.05276763944426501,0.06451612903225806,0.009623095429029671,0.29743589743589743
networkadex,0.1,1.0,0,0.1886391863638264,0.0815746042327213,0.25,0.02857142857142857,0.6077348066298343,0.0420610051328451,0.023738475626967324,0.04477611940298507,0.002461033634126333,0.15841584158415842,0.06808574032118694,0.036231241839740004,0.05555555555555555,0.0048115477145148355,0.24615384615384614
networkadex,0.1,1.0,0.1,0.19535192398588425,0.08234022352897553,0.25,0.044444444444444446,0.6298342541436464,0.0433513228968863,0.023924244997850282,0.03225806451612903,0.004101722723543888,0.1652892561983471,0.07020497744039629,0.036321539664980376,0.07142857142857142,0.00801924619085806,0.23170731707317074
networkadex,0.1,1.0,0.25,0.2061270220740135,0.08620818616862409,0.2,0.04838709677419355,0.6243093922651933,0.04609188463793874,0.02689860773052255,0.047619047619047616,0.004922067268252666,0.23140495867768596,0.07449759757615602,0.04013436946927527,0.0392156862745098,0.009623095429029671,0.3146067415730337
networkadex,0.1,1.0,0.5,0.22042331503769627,0.09165485993570084,0.2,0.05,0.6132596685082873,0.04904085590294761,0.026726319014204244,0.03225806451612903,0.003281378178835111,0.15753424657534246,0.07941846121832545,0.040655507083976965,0.1111111111111111,0.006415396952686447,0.23589743589743586
networkadex,0.1,1.0,0.75,0.23337219564212552,0.09527215634038817,0.25,0.05454545454545454,0.6408839779005525,0.051778711870685286,0.027753924185833043,0.07692307692307693,0.003281378178835111,0.17355371900826447,0.08388684230433084,0.04226265627925216,0.03902439024390244,0.006415396952686447,0.23595505617977525
networkadex,0.1,1.0,1.0,0.24894211361035695,0.10139129685148741,0.2,0.06306306306306306,0.6519337016574586,0.054995296018600905,0.02907983349508427,0.07142857142857142,0.004922067268252666,0.18181818181818182,0.08916138744544201,0.044291654293979875,0.07142857142857142,0.009623095429029671,0.24719101123595508
networkadex,0.1,1.0,2.0,0.291734885217838,0.11826079163062567,0.2,0.07936507936507936,0.6464088397790055,0.06453623035336457,0.03384781090739995,0.02857142857142857,0.004101722723543888,0.18518518518518517,0.10463904576105187,0.0516815346692611,0.06896551724137931,0.00801924619085806,0.27692307692307694
networkadex,0.1,1.0,3.0,0.31053608988094583,0.12096193571720791,0.5,0.06666666666666667,0.7142857142857143,0.06820991969538397,0.033547094247204305,0.05,0.004101722723543888,0.19008264462809918,0.11073722612430502,0.05134217918960459,0.04195804195804196,0.00801924619085806,0.26666666666666666
networkadex,0.1,1.0,5.0,0.32495168085580534,0.1269574769694883,0.3333333333333333,0.05,0.7142857142857143,0.07131388427504702,0.03505288945662347,0.08333333333333333,0.004922067268252666,0.19834710743801653,0.11579506264809716,0.05370183551105319,0.06451612903225806,0.009623095429029671,0.28717948717948716
networkadex,0.1,2.0,0,0.21477178584488563,0.09541466690683281,0.2,0.04838709677419355,0.6408839779005525,0.047444643006188024,0.02661166898088432,0.058823529411764705,0.004101722723543888,0.1652892561983471,0.07691948190042025,0.04074130638733416,0.05555555555555555,0.00801924619085806,0.23577235772357724
networkadex,0.1,2.0,0.1,0.22252016218511753,0.10207623735044001,0.2,0.04838709677419355,0.6353591160220995,0.049096579241835914,0.027938169149641735,0.05555555555555555,0.004101722723543888,0.1487603305785124,0.07962299074356005,0.04308398881436068,0.03902439024390244,0.00801924619085806,0.23373983739837398
networkadex,0.1,2.0,0.25,0.2289712834954943,0.09958682404023754,0.3333333333333333,0.036036036036036036,0.6243093922651933,0.05051172380339611,0.027723829574574154,0.026785714285714284,0.003281378178835111,0.1506849315068493,0.08192343298624474,0.042546339346953024,0.041379310344827586,0.006415396952686447,0.2296747967479675
networkadex,0.1,2.0,0.5,0.2397550762223348,0.1059453940809191,0.3333333333333333,0.04838709677419355,0.6464088397790055,0.05323014206540484,0.029764456356205886,0.047619047619047616,0.003281378178835111,0.1487603305785124,0.08625830459324456,0.045742287498612734,0.041379310344827586,0.006415396952686447,0.2378048780487805
networkadex,0.1,2.0,0.75,0.24932376296830167,0.10917194969969204,0.25,0.0625,0.6243093922651933,0.055015030594978746,0.030468653399727385,0.02459016393442623,0.005742411812961444,0.17355371900826447,0.08921037415679851,0.04677791345129842,0.04633204633204633,0.011226944667201285,0.23809523809523805
networkadex,0.1,2.0,1.0,0.26144710002714516,0.11137287003866428,0.2,0.06451612903225806,0.6187845303867403,0.05763856059782064,0.03069197172905623,0.05555555555555555,0.003281378178835111,0.17355371900826447,0.09351067755921146,0.04715572332754744,0.04878048780487806,0.006415396952686447,0.23595505617977525
networkadex,0.1,2.0,2.0,0.2958861899204827,0.12036048431348524,0.25,0.0625,0.6666666666666666,0.0651066456357547,0.034042119478492845,0.047619047619047616,0.005742411812961444,0.19753086419753085,0.10565318640083292,0.05209001433092019,0.04739336492890995,0.011226944667201285,0.2857142857142857
networkadex,0.1,2.0,3.0,0.3092846890751472,0.12067148445079058,0.23529411764705882,0.1,0.6666666666666666,0.068322936199433,0.034946955574770976,0.0547945205479452,0.004922067268252666,0.19863013698630136,0.11079966286999782,0.05315517072442858,0.0898876404494382,0.009623095429029671,0.29743589743589743
networkadex,0.1,2.0,5.0,0.3244363656311747,0.126470922331082,0.3333333333333333,0.06666666666666667,0.7142857142857143,0.07128419434880313,0.03492764961889766,0.058823529411764705,0.004922067268252666,0.2054794520547945,0.11574885585713053,0.05358654489260887,0.06829268292682926,0.009623095429029671,0.3076923076923077
networkadex,0.1,3.0,0,0.20107256269073617,0.11133289411504887,0.25,0.02040816326530612,0.5,0.04425984502903582,0.029325369570619833,0.026785714285714284,0.005742411812961444,0.1643835616438356,0.07179629278339983,0.045616880230864916,0.03587443946188341,0.00947867298578199,0.24615384615384614
networkadex,0.1,3.0,0.1,0.20665451658440248,0.11381619475548703,0.2,0.0,0.5384615384615384,0.045855204389008385,0.030560327733366227,0.0,0.0,0.14583333333333334,0.07429281549271075,0.04737129519176674,0.0,0.0,0.2222222222222222
networkadex,0.1,3.0,0.25,0.21200070560978787,0.1147276750172446,0.25,0.0,0.5,0.04673994664371429,0.030353151717845958,0.029411764705882353,0.0,0.1506849315068493,0.07582516329887891,0.04725380555525507,0.06451612903225806,0.0,0.22564102564102564
networkadex,0.1,3.0,0.5,0.2232084611821886,0.12515936757369742,0.3333333333333333,0.0,0.6428571428571429,0.0490138730194052,0.03250215374990579,0.047619047619047616,0.0,0.16666666666666666,0.07957154419717344,0.05067803568951738,0.06451612903225806,0.0,0.25196850393700787
networkadex,0.1,3.0,0.75,0.2275759708357728,0.12503160392248436,0.3333333333333333,0.0,0.5789473684210527,0.050229569603517994,0.03318388639104699,0.030303030303030304,0.0,0.15702479338842976,0.08147915372348644,0.05161400910426626,0.0425531914893617,0.0,0.2417582417582418
networkadex,0.1,3.0,1.0,0.2350951693569672,0.123767334343691,0.3333333333333333,0.016129032258064516,0.5714285714285714,0.05176824050599669,0.03309725016898057,0.07142857142857142,0.004101722723543888,0.17123287671232876,0.0840047756420872,0.0513393879206877,0.05555555555555555,0.007575757575757576,0.2564102564102564
networkadex,0.1,3.0,2.0,0.26023671206588195,0.13038931870725826,0.2,0.05128205128205128,0.5918367346938775,0.05729152916459206,0.03510087262187824,0.07142857142857142,0.004922067268252666,0.19863013698630136,0.09296583678804062,0.054316770453587265,0.03846153846153846,0.009623095429029671,0.29743589743589743
networkadex,0.1,3.0,3.0,0.2872052821707072,0.1339347143041036,0.2,0.03225806451612903,0.6190476190476191,0.06320695548602871,0.03646089117673209,0.05555555555555555,0.004922067268252666,0.19008264462809918,0.10257358381227162,0.056219687945920735,0.055172413793103454,0.009623095429029671,0.27692307692307694
networkadex,0.1,3.0,5.0,0.3140864909080051,0.13471640945282684,0.3333333333333333,0.061224489795918366,0.7142857142857143,0.06884105403622857,0.036168471970213445,0.1,0.004101722723543888,0.19863013698630136,0.11183357730834854,0.05588590394066549,0.07804878048780488,0.00801924619085806,0.29743589743589743
networkadex,0.1,5.0,0,0.14255924706238426,0.08930993905933378,0.1,0.016129032258064516,0.5,0.03123065384345711,0.022537714461145716,0.017857142857142856,0.003281378178835111,0.13541666666666666,0.05071301394143063,0.03531398240187215,0.02127659574468085,0.006415396952686447,0.20472440944881887
networkadex,0.1,5.0,0.1,0.14473844692053628,0.09257459435944286,0.2,0.0,0.5,0.03201947355058855,0.02354100323910746,0.018867924528301886,0.0,0.13541666666666666,0.051923907080061726,0.0369929766641114,0.08130081300813008,0.0,0.20472440944881887
networkadex,0.1,5.0,0.25,0.14785175773350104,0.0955140346705326,0.14285714285714285,0.0,0.48,0.03247908802162888,0.023962445724327285,0.02857142857142857,0.0,0.14583333333333334,0.05270459585793165,0.037571835450446775,0.029268292682926828,0.0,0.2204724409448819
networkadex,0.1,5.0,0.5,0.15216689971280206,0.10137225465513157,0.16666666666666666,0.0,0.5483870967741935,0.033409585218976794,0.02553658567578395,0.07692307692307693,0.0,0.17708333333333334,0.05423312562746635,0.040043353430926534,0.02127659574468085,0.0,0.26771653543307083
networkadex,0.1,5.0,0.75,0.15687827922963224,0.09888890580349173,0.1111111111111111,0.0,0.5,0.034475531542557405,0.024609746762976354,0.014705882352941176,0.0,0.125,0.055977653483785174,0.03875691217529724,0.03587443946188341,0.0,0.1889763779527559
networkadex,0.1,5.0,1.0,0.16430481639480038,0.10595982088313204,0.1,0.0,0.55,0.03620460115432654,0.026714514490685213,0.018867924528301886,0.0,0.15625,0.058749648957824245,0.041976471672382776,0.0320855614973262,0.0,0.23622047244094488
networkadex,0.1,5.0,2.0,0.17834087920135633,0.1173917624852545,0.1,0.0,0.5714285714285714,0.039243691925208456,0.029859268238887605,0.02857142857142857,0.0,0.15702479338842976,0.06366559300278864,0.04671117991789715,0.03861003861003861,0.0,0.23076923076923078
networkadex,0.1,5.0,3.0,0.19298760802779177,0.12918968170320952,0.3333333333333333,0.0,0.7142857142857143,0.042607259645997875,0.032571269773076734,0.021739130434782608,0.0,0.16666666666666666,0.0691212955630716,0.05118719366787563,0.0,0.0,0.25196850393700787
networkadex,0.1,5.0,5.0,0.22117264673654022,0.14051776374519964,0.2,0.016129032258064516,0.7142857142857143,0.048621861939991524,0.03573829765271383,0.07142857142857142,0.004922067268252666,0.17708333333333334,0.07891473700340179,0.05607968445766551,0.017804154302670624,0.008438818565400845,0.26771653543307083
networkadex,0.25,0,0,0.1163277117449101,0.07225259213500235,0.0,0.0,0.6077348066298343,0.026395433667943963,0.020508913515032645,0.0,0.0,0.1487603305785124,0.042519208460785045,0.031182593455502075,0.0,0.0,0.22357723577235772
networkadex,0.25,0,0.1,0.11806878818533395,0.0676500697484522,0.14285714285714285,0.0,0.6077348066298343,0.02676626407576189,0.018633719929035623,0.0,0.0,0.136986301369863,0.043159864790823954,0.02852344990065977,0.0,0.0,0.22357723577235772
networkadex,0.25,0,0.25,0.12598417831755004,0.07380895867680135,0.0,0.0,0.5966850828729282,0.028609281841094562,0.02088817718589646,0.0,0.0,0.13449564134495642,0.04611666876731492,0.03189918567957791,0.0,0.0,0.21951219512195125
networkadex,0.25,0,0.5,0.14899051579683478,0.0778472777201387,0.14285714285714285,0.0,0.6519337016574586,0.03348848023387771,0.02184231126008846,0.0,0.0,0.14694894146948942,0.05410894512999599,0.033452967424308394,0.0,0.0,0.23983739837398374
networkadex,0.25,0,0.75,0.16433453191867387,0.08344358301242659,0.16666666666666666,0.0,0.6243093922651933,0.036596117035439045,0.022980460263410798,0.0,0.0,0.1487603305785124,0.05920184459685115,0.0351866608590042,0.0,0.0,0.2296747967479675
networkadex,0.25,0,1.0,0.18972531904546372,0.08824944264804796,0.25,0.029411764705882353,0.6408839779005525,0.042284890785821753,0.025661851346462896,0.02459016393442623,0.004101722723543888,0.1652892561983471,0.06839099558443207,0.03896572822524384,0.03076923076923077,0.00801924619085806,0.23577235772357724
networkadex,0.25,0,2.0,0.2642692085034867,0.10335818459491791,0.25,0.04838709677419355,0.6132596685082873,0.05864751917116083,0.030424070426514554,0.04794520547945205,0.002461033634126333,0.19008264462809918,0.09504276326482146,0.04616242417992641,0.14545454545454545,0.0048115477145148355,0.25842696629213485
networkadex,0.25,0,3.0,0.3013204584197568,0.11507913537141458,0.25,0.05263157894736842,0.6077348066298343,0.06609189966115797,0.03201332944656554,0.038461538461538464,0.005742411812961444,0.18493150684931506,0.10731957192199143,0.04895143917855801,0.06382978723404255,0.011226944667201285,0.27692307692307694
networkadex,0.25,0,5.0,0.32585367593203307,0.12506320736143592,0.3333333333333333,0.07407407407407407,0.7,0.07162780150734636,0.03536257695727635,0.05555555555555555,0.004922067268252666,0.2054794520547945,0.11626540993167428,0.05397021900146724,0.125,0.009623095429029671,0.3076923076923077
networkadex,0.25,0.1,0,0.1242702908937375,0.06877008391618492,0.14285714285714285,0.0,0.6187845303867403,0.028118533242527152,0.019449607859318388,0.0,0.0,0.1487603305785124,0.04535329404473011,0.02966053580242674,0.0,0.0,0.22764227642276422
networkadex,0.25,0.1,0.1,0.12716393010833588,0.07084739371297373,0.0,0.0,0.6243093922651933,0.02868642588634129,0.02010612861690649,0.0,0.0,0.1487603305785124,0.04629090534676843,0.03058882118167495,0.0,0.0,0.2296747967479675
networkadex,0.25,0.1,0.25,0.14096199964587935,0.07413931142385027,0.2,0.0,0.6243093922651933,0.03184387512441098,0.021492642635429368,0.018518518518518517,0.0,0.17355371900826447,0.05136921401375007,0.03261468492693863,0.03636363636363636,0.0,0.23595505617977525
networkadex,0.25,0.1,0.5,0.1560284343865719,0.07703641289887904,0.14285714285714285,0.0,0.5966850828729282,0.03488190221765147,0.02163183894787986,0.0,0.0,0.15702479338842976,0.056397212855237674,0.032935197984032286,0.03902439024390244,0.0,0.21951219512195125
networkadex,0.25,0.1,0.75,0.1752944552025145,0.0857943262446125,0.16666666666666666,0.0,0.6187845303867403,0.03918121659308911,0.024458710877804265,0.023809523809523808,0.0,0.1506849315068493,0.06336004553484362,0.03731076196681306,0.07272727272727272,0.0,0.22764227642276422
networkadex,0.25,0.1,1.0,0.20480003473979733,0.09454909252265897,0.2,0.0,0.6243093922651933,0.04571290601209329,0.027223920921417753,0.05555555555555555,0.0,0.1485148514851485,0.07395392130748543,0.041512603651565214,0.033613445378151266,0.0,0.23076923076923078
networkadex,0.25,0.1,2.0,0.2738196090961739,0.10747211417700755,0.3333333333333333,0.0,0.6464088397790055,0.06059757519693439,0.03138037967942462,0.05555555555555555,0.0,0.2066115702479339,0.09822782341509824,0.047633297274729085,0.13333333333333333,0.0,0.28089887640449435
networkadex,0.25,0.1,3.0,0.3027890115131417,0.12209651005390486,0.25,0.05263157894736842,0.6574585635359116,0.06662086962506981,0.03381365897427967,0.05434782608695652,0.005742411812961444,0.18181818181818182,0.10811492117482277,0.0517942396462058,0.13333333333333333,0.011226944667201285,0.2769230769230769
networkadex,0.25,0.1,5.0,0.32634580515880796,0.13037487350517452,0.3333333333333333,0.06666666666666667,0.7857142857142857,0.07169476398109703,0.035783122300287636,0.06666666666666667,0.004101722723543888,0.19863013698630136,0.11640500804079604,0.054969073186993636,0.07142857142857142,0.00801924619085806,0.29743589743589743
networkadex,0.25,0.25,0,0.12858160804206406,0.0690773515398043,0.14285714285714285,0.0,0.5911602209944752,0.028782564065323122,0.019507678772419892,0.0,0.0,0.15702479338842976,0.04649362818550925,0.029569273142986047,0.0,0.0,0.217479674796748
networkadex,0.25,0.25,0.1,0.13661575437000692,0.0749245220323419,0.1111111111111111,0.0,0.6187845303867403,0.03070322660162787,0.020990118915181967,0.0,0.0,0.1652892561983471,0.04957914480766372,0.03201713485588808,0.0,0.0,0.22764227642276422
networkadex,0.25,0.25,0.25,0.15161108736500453,0.0702150595535423,0.125,0.0,0.6187845303867403,0.033602921994665684,0.018932160838696904,0.022727272727272728,0.0,0.13947696139476962,0.05440152986362638,0.029004218159443127,0.06666666666666667,0.0,0.22764227642276422
networkadex,0.25,0.25,0.5,0.16706466388986216,0.08275523216695514,0.1,0.0,0.6298342541436464,0.03749666706065649,0.02331123882729145,0.046511627906976744,0.0,0.14196762141967623,0.06059551926175425,0.03564960635911018,0.0,0.0,0.23170731707317074
networkadex,0.25,0.25,0.75,0.19256232741220602,0.08508410786403349,0.2,0.0,0.6132596685082873,0.04311295041652067,0.025094174906172922,0.047619047619047616,0.0,0.1652892561983471,0.06972449544062495,0.03797154538267325,0.06666666666666667,0.0,0.23214285714285715
networkadex,0.25,0.25,1.0,0.21223554884986023,0.09057694763841932,0.25,0.03636363636363636,0.6519337016574586,0.04728729003239072,0.02711008348299633,0.05555555555555555,0.004101722723543888,0.19834710743801653,0.07651369263950496,0.04088758238686696,0.05555555555555555,0.00801924619085806,0.2696629213483146
networkadex,0.25,0.25,2.0,0.27925722895408056,0.11471871123881214,0.25,0.07017543859649122,0.7142857142857143,0.061672963052747914,0.032174262862462714,0.047619047619047616,0.004101722723543888,0.1728395061728395,0.10001640869437736,0.04922263865792332,0.0851063829787234,0.00801924619085806,0.2564102564102564
networkadex,0.25,0.25,3.0,0.30935536258784935,0.12356378479478852,0.28,0.07936507936507936,0.7857142857142857,0.06796359113872621,0.03404986078194187,0.02857142857142857,0.004101722723543888,0.18181818181818182,0.11032593716526103,0.052197845541536725,0.09090909090909091,0.00801924619085806,0.26666666666666666
networkadex,0.25,0.25,5.0,0.32636242795167325,0.12511395979121262,0.3333333333333333,0.06349206349206349,0.6666666666666666,0.0716782610088591,0.03540180701042903,0.07142857142857142,0.007383100902378999,0.19863013698630136,0.11634582340767409,0.05402948720558848,0.06635071090047394,0.014434643143544507,0.29743589743589743
networkadex,0.25,0.5,0,0.1572217129655087,0.0748116437152007,0.16666666666666666,0.0,0.6243093922651933,0.035309589247206744,0.021514208636345285,0.023809523809523808,0.0,0.14072229140722292,0.057052298258172644,0.03273340579453301,0.0,0.0,0.2296747967479675
networkadex,0.25,0.5,0.1,0.16007641468783546,0.07885462228779823,0.14285714285714285,0.0,0.5911602209944752,0.036004842308974286,0.02316794282489271,0.017857142857142856,0.0,0.19008264462809918,0.058137847991315154,0.03504035719422033,0.0,0.0,0.25842696629213485
networkadex,0.25,0.5,0.25,0.1731536393123239,0.0800667963980659,0.16666666666666666,0.016129032258064516,0.6187845303867403,0.03858472333347693,0.02282475935226047,0.0273972602739726,0.002461033634126333,0.1652892561983471,0.06242522210380639,0.03469053441622795,0.0449438202247191,0.0048115477145148355,0.22764227642276422
networkadex,0.25,0.5,0.5,0.19122866081629547,0.08338108815823328,0.2,0.0,0.6298342541436464,0.0425874595057904,0.02415339860407292,0.037037037037037035,0.0,0.18181818181818182,0.06889471107013263,0.03655399524952768,0.05555555555555555,0.0,0.24719101123595508
networkadex,0.25,0.5,0.75,0.21000924033176765,0.08936297396012759,0.25,0.04838709677419355,0.6243093922651933,0.046827539806386126,0.0260232459909848,0.03296703296703297,0.002461033634126333,0.18181818181818182,0.07580083350323913,0.039543984445787765,0.030888030888030885,0.0048115477145148355,0.24719101123595508
networkadex,0.25,0.5,1.0,0.2359237239043174,0.09633134664103822,0.25,0.047619047619047616,0.6132596685082873,0.05213869105214305,0.027691600051074745,0.047619047619047616,0.005742411812961444,0.1652892561983471,0.08450731636628418,0.0420984169243739,0.03076923076923077,0.011226944667201285,0.22560975609756098
networkadex,0.25,0.5,2.0,0.28496998000003465,0.1109939757407523,0.2,0.08333333333333333,0.6298342541436464,0.06286728199689146,0.03216164335560653,0.05555555555555555,0.004922067268252666,0.19834710743801653,0.10195064785160558,0.04882217515972112,0.06451612903225806,0.009623095429029671,0.27692307692307694
networkadex,0.25,0.5,3.0,0.31054851229458397,0.12060729328427659,0.4,0.06666666666666667,0.631578947368421,0.06825548610022687,0.03372639213955551,0.05555555555555555,0.003281378178835111,0.19008264462809918,0.1108061571402245,0.051531261053887896,0.06451612903225806,0.006415396952686447,0.27692307692307694
networkadex,0.25,0.5,5.0,0.32972187312798545,0.12646399818137874,0.3333333333333333,0.1,0.7142857142857143,0.0725755923364961,0.03579446861524651,0.07142857142857142,0.004101722723543888,0.2222222222222222,0.11778493703196663,0.05462677380700188,0.06382978723404255,0.00801924619085806,0.3214285714285714
networkadex,0.25,0.75,0,0.16775007268757264,0.07756153171757664,0.17391304347826086,0.03125,0.5966850828729282,0.03766654754420256,0.02376691618178336,0.014705882352941176,0.004101722723543888,0.19834710743801653,0.0608300905699119,0.03570302543693469,0.029268292682926828,0.00801924619085806,0.2696629213483146
networkadex,0.25,0.75,0.1,0.18164055482834726,0.08067189358107613,0.25,0.036585365853658534,0.6132596685082873,0.04031291138283547,0.022812745701111904,0.03225806451612903,0.003281378178835111,0.1382316313823163,0.06529342114938257,0.034874152474506315,0.06896551724137931,0.006415396952686447,0.22560975609756098
networkadex,0.25,0.75,0.25,0.19717633941023666,0.08308754436191865,0.2,0.05263157894736842,0.6408839779005525,0.04376713541496622,0.02396696482692318,0.04,0.004101722723543888,0.1652892561983471,0.07087689836497102,0.0364207708470935,0.03902439024390244,0.00801924619085806,0.23577235772357724
networkadex,0.25,0.75,0.5,0.2101026130834178,0.08800655199456822,0.25,0.05454545454545454,0.6187845303867403,0.04664214505567445,0.025924856609507996,0.05,0.003281378178835111,0.1652892561983471,0.07553537387690802,0.03931020507710864,0.03902439024390244,0.006415396952686447,0.22764227642276422
networkadex,0.25,0.75,0.75,0.2252352264243129,0.09447783759818361,0.14285714285714285,0.04838709677419355,0.6408839779005525,0.0498359351192748,0.026831358273797807,0.05555555555555555,0.003281378178835111,0.1652892561983471,0.08076747861104373,0.04092606021951082,0.033613445378151266,0.006415396952686447,0.23577235772357724
networkadex,0.25,0.75,1.0,0.23890835479984085,0.09572634613630486,0.25,0.06896551724137931,0.6408839779005525,0.052779861104032974,0.027568157690077668,0.06666666666666667,0.003281378178835111,0.19834710743801653,0.0855576611875547,0.04173082188318191,0.06896551724137931,0.006415396952686447,0.2696629213483146
networkadex,0.25,0.75,2.0,0.28502098587834535,0.11467980334627659,0.25,0.06349206349206349,0.6022099447513812,0.06275491324055629,0.03187013758478582,0.0446927374301676,0.004922067268252666,0.18181818181818182,0.10182991105666127,0.04880480818178105,0.05911330049261084,0.009623095429029671,0.25688073394495414
networkadex,0.25,0.75,3.0,0.3090490319848533,0.12053405018421436,0.3333333333333333,0.06666666666666667,0.6408839779005525,0.06791969007180096,0.03345699964767581,0.05128205128205128,0.004922067268252666,0.19008264462809918,0.1102670382938489,0.05128496179699109,0.06829268292682926,0.009623095429029671,0.26666666666666666
networkadex,0.25,0.75,5.0,0.33001201626078247,0.12815401087479605,0.3333333333333333,0.06666666666666667,0.7142857142857143,0.07258973130378027,0.03606445471671349,0.041666666666666664,0.004922067268252666,0.2054794520547945,0.11782333322525325,0.05515050936658978,0.05555555555555555,0.009623095429029671,0.3076923076923077
networkadex,0.25,1.0,0,0.18916141754828103,0.08166348529726408,0.16666666666666666,0.05,0.6464088397790055,0.042035355419731225,0.023247954400431533,0.047619047619047616,0.003281378178835111,0.15702479338842976,0.06805600276980935,0.03540575455259299,0.03587443946188341,0.006415396952686447,0.2378048780487805
networkadex,0.25,1.0,0.1,0.19401667546492374,0.08188847790452623,0.2,0.03333333333333333,0.6243093922651933,0.04303124529571672,0.02344868537524628,0.044444444444444446,0.002461033634126333,0.14072229140722292,0.0696887388911561,0.03568458614744035,0.07142857142857142,0.0048115477145148355,0.2296747967479675
networkadex,0.25,1.0,0.25,0.20976247909896678,0.09353206840421505,0.2,0.05454545454545454,0.5966850828729282,0.04628783322904694,0.025442706369232456,0.05555555555555555,0.004101722723543888,0.15702479338842976,0.07506501393436907,0.039160648800281056,0.03940886699507389,0.00801924619085806,0.21951219512195125
networkadex,0.25,1.0,0.5,0.2181598342392972,0.0937215420966714,0.2,0.05,0.6298342541436464,0.04856096870377085,0.0268730149740381,0.05263157894736842,0.004101722723543888,0.15702479338842976,0.07863192379569421,0.04104101368219295,0.13333333333333333,0.00801924619085806,0.23170731707317074
networkadex,0.25,1.0,0.75,0.23384517591914644,0.09884091306822389,0.3333333333333333,0.0582010582010582,0.6353591160220995,0.05176526277055489,0.02835332881664928,0.05555555555555555,0.005742411812961444,0.18181818181818182,0.08388381554671537,0.04322219755213875,0.038910505836575876,0.011226944667201285,0.24719101123595508
networkadex,0.25,1.0,1.0,0.2472139845732731,0.10244679552612952,0.25,0.06329113924050633,0.6629834254143646,0.05476046218345208,0.02931637446830041,0.037037037037037035,0.004101722723543888,0.17355371900826447,0.08873469494849921,0.04465619773798847,0.0641711229946524,0.00801924619085806,0.25688073394495414
networkadex,0.25,1.0,2.0,0.2929132380816084,0.112798167997401,0.4,0.07407407407407407,0.6685082872928176,0.06450431957847418,0.03231478413273767,0.07142857142857142,0.004922067268252666,0.19008264462809918,0.10466413701204984,0.04928587883978603,0.0392156862745098,0.009623095429029671,0.25842696629213485
networkadex,0.25,1.0,3.0,0.31320521934808154,0.1250690732305463,0.3333333333333333,0.06666666666666667,0.7142857142857143,0.06883664175084461,0.03452554503003883,0.038461538461538464,0.004922067268252666,0.1917808219178082,0.11174902297169426,0.05298115821772911,0.06451612903225806,0.009623095429029671,0.28717948717948716
networkadex,0.25,1.0,5.0,0.3293406223361114,0.12549326882986914,0.5,0.1,0.6818181818181818,0.07252781761458228,0.035854925733367134,0.0380952380952381,0.004101722723543888,0.2054794520547945,0.11769949830180199,0.054737726066970825,0.06896551724137931,0.00801924619085806,0.3076923076923077
networkadex,0.25,2.0,0,0.22074690595618607,0.0963726471261289,0.2,0.07272727272727272,0.5966850828729282,0.04904052319834851,0.027465571557480202,0.047619047619047616,0.003281378178835111,0.15702479338842976,0.07943549357417476,0.04193787316409892,0.03861003861003861,0.006415396952686447,0.21951219512195125
networkadex,0.25,2.0,0.1,0.22751729135375265,0.09484713580603081,0.3333333333333333,0.03333333333333333,0.6132596685082873,0.05036510666682832,0.02718368664935199,0.02564102564102564,0.002461033634126333,0.1652892561983471,0.08164057678794626,0.04148024116543978,0.033613445378151266,0.0048115477145148355,0.22560975609756098
networkadex,0.25,2.0,0.25,0.23507346548412594,0.09762672574289905,0.2,0.05384615384615385,0.6353591160220995,0.05218789522209876,0.028546387146476324,0.05555555555555555,0.003281378178835111,0.16666666666666666,0.08454862060710892,0.04352821640244761,0.06741573033707865,0.006415396952686447,0.26373626373626374
networkadex,0.25,2.0,0.5,0.24625187491230172,0.10072308509202561,0.3333333333333333,0.04838709677419355,0.6408839779005525,0.054537972831400536,0.029321471661577607,0.05,0.004922067268252666,0.19008264462809918,0.08837326194255252,0.04453180218349823,0.04878048780487805,0.009623095429029671,0.25842696629213485
networkadex,0.25,2.0,0.75,0.24952885316803694,0.10284813121524511,0.2,0.06666666666666667,0.6132596685082873,0.05521041486143771,0.029193732562854107,0.05555555555555555,0.004101722723543888,0.15,0.08950218719702759,0.044710997023931595,0.05555555555555555,0.00801924619085806,0.23300970873786406
networkadex,0.25,2.0,1.0,0.264323372262569,0.10962784634322095,0.2,0.07936507936507936,0.6795580110497238,0.05829274382430851,0.030549107864256415,0.07142857142857142,0.003281378178835111,0.18181818181818182,0.09455755697044267,0.04679207978595913,0.04201680672268907,0.006415396952686447,0.25
networkadex,0.25,2.0,2.0,0.2959490195270177,0.11603907249527806,0.3333333333333333,0.07272727272727272,0.6428571428571429,0.06539087415591549,0.03334253504370564,0.05555555555555555,0.004922067268252666,0.17708333333333334,0.10604221086840247,0.05090967604697502,0.058536585365853655,0.009623095429029671,0.26771653543307083
networkadex,0.25,2.0,3.0,0.3145733982079441,0.12424732204382935,0.2,0.07936507936507936,0.6428571428571429,0.06943843838350033,0.035381381707309346,0.038461538461538464,0.003281378178835111,0.19753086419753085,0.11263759258470403,0.054041883919967386,0.06896551724137931,0.006415396952686447,0.2857142857142857
networkadex,0.25,2.0,5.0,0.33598903318163925,0.12969515100321846,0.5,0.08333333333333333,0.7142857142857143,0.07382739078896822,0.03642372514198399,0.045454545454545456,0.004922067268252666,0.19863013698630136,0.11985945748094605,0.05575014099792017,0.13333333333333333,0.009623095429029671,0.29743589743589743
networkadex,0.25,3.0,0,0.23597798132595676,0.10257749440333286,0.25,0.06451612903225806,0.6243093922651933,0.0522183551617841,0.02935288675506601,0.02857142857142857,0.004101722723543888,0.15702479338842976,0.08464327670834486,0.044946725174263805,0.05555555555555555,0.00801924619085806,0.23622047244094488
networkadex,0.25,3.0,0.1,0.23878005092780813,0.10152871086990642,0.25,0.05405405405405406,0.6077348066298343,0.05264156073549642,0.02840280967756728,0.046511627906976744,0.004922067268252666,0.1487603305785124,0.08538680580019241,0.04354849964772117,0.043859649122807015,0.009623095429029671,0.22357723577235772
networkadex,0.25,3.0,0.25,0.2435130757605482,0.10743925637697106,0.2,0.05,0.6298342541436464,0.0540087242258005,0.030517171799758974,0.07142857142857142,0.004922067268252666,0.1652892561983471,0.08750751087435588,0.046748724255899536,0.06451612903225806,0.009623095429029671,0.23853211009174313
networkadex,0.25,3.0,0.5,0.254056076351229,0.10881838288621266,0.2,0.06306306306306306,0.6574585635359116,0.056097638948427675,0.031021156984476137,0.047619047619047616,0.004101722723543888,0.19008264462809918,0.09096236888552559,0.04741487996541993,0.05128205128205128,0.00801924619085806,0.25842696629213485
networkadex,0.25,3.0,0.75,0.2652847594376168,0.11300017663176108,0.25,0.05405405405405406,0.6353591160220995,0.058663032549946884,0.03198280777505633,0.05555555555555555,0.004922067268252666,0.15702479338842976,0.09511446997621618,0.049068694248609206,0.06451612903225806,0.009623095429029671,0.23853211009174313
networkadex,0.25,3.0,1.0,0.2676889416039013,0.11476893286911234,0.2,0.0625,0.6519337016574586,0.05926357916512833,0.03267600794396043,0.03571428571428571,0.004101722723543888,0.19834710743801653,0.09606165962026095,0.04993047548739439,0.06451612903225806,0.00801924619085806,0.2696629213483146
networkadex,0.25,3.0,2.0,0.29734043190835835,0.12439879491938277,0.5,0.061224489795918366,0.65,0.06555259737829824,0.03464674542772641,0.02857142857142857,0.003281378178835111,0.18493150684931506,0.10635684842348796,0.05315345158501398,0.04201680672268907,0.006415396952686447,0.27692307692307694
networkadex,0.25,3.0,3.0,0.31943323805095053,0.126019897082208,0.3333333333333333,0.0625,0.6519337016574586,0.07029976999235496,0.03568874626170753,0.03571428571428571,0.004101722723543888,0.1875,0.11408843902868433,0.054539655001228524,0.06896551724137931,0.00801924619085806,0.28346456692913385
networkadex,0.25,3.0,5.0,0.3360964601294731,0.13273314756509108,0.3333333333333333,0.0625,0.7857142857142857,0.07378418221840717,0.03665185293652152,0.058823529411764705,0.004922067268252666,0.1875,0.11981859518772463,0.056312550125535814,0.05555555555555555,0.009623095429029671,0.28346456692913385
networkadex,0.25,5.0,0,0.2016098610783,0.12227310312552254,0.25,0.02564102564102564,0.5789473684210527,0.044518290032386915,0.03191513950973788,0.023255813953488372,0.0032,0.16666666666666666,0.07219486334133415,0.049729840706754264,0.04878048780487805,0.005908419497784343,0.25196850393700787
networkadex,0.25,5.0,0.1,0.21028926414548885,0.1281735811577431,0.3333333333333333,0.0,0.5714285714285714,0.04633539474840151,0.03331112291158116,0.047619047619047616,0.0,0.16666666666666666,0.0751738501063946,0.052113212514110885,0.14545454545454545,0.0,0.25196850393700787
networkadex,0.25,5.0,0.25,0.21074271855950924,0.12635265405396295,0.11764705882352941,0.02040816326530612,0.5806451612903226,0.046436466820236826,0.03283956589280712,0.02857142857142857,0.004922067268252666,0.1875,0.0753203393213056,0.05120050413253231,0.03902439024390244,0.008888888888888889,0.28346456692913385
networkadex,0.25,5.0,0.5,0.2176853451906551,0.1341868187740387,0.125,0.0,0.6153846153846154,0.047997183576045,0.03473297361860754,0.018867924528301886,0.0,0.16666666666666666,0.07786730249585791,0.054295938747020246,0.0,0.0,0.253968253968254
networkadex,0.25,5.0,0.75,0.22240901302549482,0.13601429563090642,0.3333333333333333,0.0,0.5789473684210527,0.04905695303483683,0.035264092163010005,0.1276595744680851,0.0,0.17708333333333334,0.07958308106526758,0.055075903204512805,0.05,0.0,0.26771653543307083
networkadex,0.25,5.0,1.0,0.2242561620085712,0.13792639492250486,0.3333333333333333,0.0,0.6,0.04973244190320448,0.03610141292420602,0.029940119760479042,0.0,0.1875,0.0805983618560033,0.05632819259334714,0.06451612903225806,0.0,0.28346456692913385
networkadex,0.25,5.0,2.0,0.24445683723649195,0.144332917462633,0.5,0.016129032258064516,0.6451612903225806,0.05410235854637133,0.037951753943674955,0.07142857142857142,0.003281378178835111,0.20833333333333334,0.08770114367852734,0.059033722205952724,0.06451612903225806,0.006415396952686447,0.31496062992125984
networkadex,0.25,5.0,3.0,0.263512288314418,0.14764552128480748,0.16666666666666666,0.016129032258064516,0.6428571428571429,0.05814402245487814,0.039006579027648904,0.07142857142857142,0.004101722723543888,0.17708333333333334,0.09432415967158654,0.06068656137830885,0.031914893617021274,0.00801924619085806,0.26771653543307083
networkadex,0.25,5.0,5.0,0.2960000268012827,0.14885376696115096,0.25,0.03225806451612903,0.7857142857142857,0.0650077446405713,0.039490859417442195,0.05,0.004101722723543888,0.19008264462809918,0.10555628437845883,0.06123935782805904,0.13333333333333333,0.00801924619085806,0.2752293577981651
networkadex,0.5,0,0,0.10289759625686744,0.06548092337208616,0.0,0.0,0.580110497237569,0.023273893877216546,0.017392392166653135,0.0,0.0,0.1307596513075965,0.037549607347760965,0.026988077148623762,0.0,0.0,0.21341463414634146
networkadex,0.5,0,0.1,0.11621377418850343,0.0736009529736949,0.0,0.0,0.569060773480663,0.02640307387000101,0.019681255550707717,0.0,0.0,0.12826899128268993,0.04256715266481244,0.030446536758130513,0.0,0.0,0.20934959349593496
networkadex,0.5,0,0.25,0.12522316153299176,0.06872654068202788,0.125,0.0,0.6077348066298343,0.028142562303401054,0.019176429657019572,0.0,0.0,0.136986301369863,0.04546536069295622,0.02938458424178915,0.0,0.0,0.22357723577235772
networkadex,0.5,0,0.5,0.13806599286934837,0.07657986016092168,0.0,0.0,0.6077348066298343,0.031129491330784964,0.021638149815470832,0.0,0.0,0.136986301369863,0.05023777126991033,0.03305649745879803,0.0,0.0,0.22357723577235772
networkadex,0.5,0,0.75,0.160667302479248,0.0841978609668936,0.1,0.0,0.6243093922651933,0.0362694776634347,0.02387582853117435,0.0,0.0,0.14072229140722292,0.058539610397545745,0.03649798347024712,0.0,0.0,0.2296747967479675
networkadex,0.5,0,1.0,0.18200233647648556,0.08337383778454364,0.2,0.0,0.585635359116022,0.040763138567806306,0.024490640000596895,0.029411764705882353,0.0,0.17355371900826447,0.06590451553112381,0.037078678258038934,0.03940886699507389,0.0,0.24615384615384614
networkadex,0.5,0,2.0,0.26300233097131526,0.11056737681078124,0.3333333333333333,0.042328042328042326,0.6353591160220995,0.05831841719233895,0.03179756416407221,0.02857142857142857,0.004101722723543888,0.2231404958677686,0.09449567938866062,0.0483481546141574,0.13333333333333333,0.00801924619085806,0.30337078651685395
networkadex,0.5,0,3.0,0.30396774414241085,0.1171412856989268,0.3333333333333333,0.05,0.6428571428571429,0.06699394752475674,0.03343228971271425,0.05555555555555555,0.004101722723543888,0.18181818181818182,0.10870645233780081,0.0509784392856354,0.06896551724137931,0.00801924619085806,0.265625
networkadex,0.5,0,5.0,0.33155848539430366,0.12736915199848728,0.2,0.07407407407407407,0.7142857142857143,0.07267861839952766,0.03533625000260209,0.05128205128205128,0.004101722723543888,0.1917808219178082,0.11805839288755084,0.054187939957660344,0.06896551724137931,0.00801924619085806,0.2923076923076923
networkadex,0.5,0.1,0,0.10752491795887756,0.0662348311846155,0.1111111111111111,0.0,0.6022099447513812,0.02408423371051001,0.018565355664996355,0.0,0.0,0.1487603305785124,0.03888253072209288,0.02829405564245513,0.0,0.0,0.22154471544715443
networkadex,0.5,0.1,0.1,0.11761052942113553,0.06593355899806683,0.14285714285714285,0.0,0.580110497237569,0.02670962048378588,0.01923112146336014,0.0,0.0,0.15702479338842976,0.04299756268119414,0.028972032834172105,0.0,0.0,0.21348314606741575
networkadex,0.5,0.1,0.25,0.1292770884013956,0.07281473257006986,0.1,0.0,0.580110497237569,0.029258951039776243,0.02159152493917145,0.0,0.0,0.19834710743801653,0.04715601842306308,0.032454867176416616,0.0,0.0,0.2696629213483146
networkadex,0.5,0.1,0.5,0.14810273598716164,0.07642532441414465,0.14285714285714285,0.0,0.585635359116022,0.03338906816737788,0.02281925621880452,0.0,0.0,0.19834710743801653,0.05385446616729822,0.03421137230749694,0.0,0.0,0.2696629213483146
networkadex,0.5,0.1,0.75,0.1626037863401296,0.07988782619537363,0.16,0.0,0.5911602209944752,0.036404083544813726,0.022752796971963075,0.007936507936507936,0.0,0.1652892561983471,0.058853132929549384,0.03461008152261867,0.013888888888888888,0.0,0.2247191011235955
networkadex,0.5,0.1,1.0,0.18930498179152586,0.08767642111397196,0.25,0.0,0.5911602209944752,0.04224896192751415,0.0255906068216734,0.029850746268656716,0.0,0.21487603305785125,0.06831235966964867,0.03861015317667884,0.06557377049180328,0.0,0.2921348314606741
networkadex,0.5,0.1,2.0,0.2685552891307968,0.11124388865408097,0.3333333333333333,0.03333333333333333,0.6190476190476191,0.05956971253462291,0.032160293518526624,0.05555555555555555,0.005780346820809248,0.19008264462809918,0.09652003087858262,0.0490255820181181,0.03902439024390244,0.010362694300518135,0.2680412371134021
networkadex,0.5,0.1,3.0,0.30341348570678034,0.11692220625444355,0.5,0.06878306878306878,0.6428571428571429,0.06660788188729912,0.03269034378035288,0.07142857142857142,0.005742411812961444,0.1780821917808219,0.1081425178515335,0.05002157736427499,0.06451612903225806,0.011226944667201285,0.26666666666666666
networkadex,0.5,0.1,5.0,0.3312208509762965,0.12867434638929587,0.25,0.08333333333333333,0.7142857142857143,0.07285787042995148,0.0363676012504205,0.032407407407407406,0.004922067268252666,0.21232876712328766,0.11825173468501443,0.05558973496324112,0.06451612903225806,0.009623095429029671,0.31794871794871793
networkadex,0.5,0.25,0,0.12142419845515362,0.07299712374894289,0.0,0.0,0.56353591160221,0.02732947721254213,0.01993037808542444,0.0,0.0,0.14049586776859505,0.044129423997735354,0.030598457451471824,0.0,0.0,0.20731707317073175
networkadex,0.5,0.25,0.1,0.12437483807326438,0.07079689129090197,0.1111111111111111,0.0,0.585635359116022,0.028124651664353576,0.02000771784705807,0.0,0.0,0.1322314049586777,0.04534810352916863,0.030573036291470557,0.0,0.0,0.21544715447154472
networkadex,0.5,0.25,0.25,0.13644037098144057,0.07060573966111265,0.25,0.0,0.5911602209944752,0.030631284643801056,0.020156679346881253,0.0,0.0,0.13325031133250312,0.04948730798530756,0.03071482489681082,0.0,0.0,0.217479674796748
networkadex,0.5,0.25,0.5,0.15683875754044216,0.07999327734789688,0.1111111111111111,0.0,0.5966850828729282,0.03534019468207152,0.02298175963282809,0.029411764705882353,0.0,0.13449564134495642,0.057080739038487455,0.03509369467888137,0.05405405405405406,0.0,0.21951219512195125
networkadex,0.5,0.25,0.75,0.1818310031007209,0.0807456372470094,0.16666666666666666,0.0,0.574585635359116,0.040470119780567006,0.02319406379092186,0.02564102564102564,0.0,0.15702479338842976,0.06549893203112887,0.03526213430054362,0.058536585365853655,0.0,0.21348314606741575
networkadex,0.5,0.25,1.0,0.20511234896460842,0.09553162675068964,0.15384615384615385,0.0,0.6187845303867403,0.04556420440616486,0.026226326912587354,0.05,0.0,0.14049586776859505,0.07379231155783184,0.04036982086023125,0.041379310344827586,0.0,0.22764227642276422
networkadex,0.5,0.25,2.0,0.26844627961213297,0.10883323000918023,0.3333333333333333,0.05454545454545454,0.625,0.0594229984161779,0.03154659168830046,0.03571428571428571,0.004922067268252666,0.19834710743801653,0.0963062305951408,0.04800307215245915,0.050955414012738856,0.009623095429029671,0.2696629213483146
networkadex,0.5,0.25,3.0,0.30975039235592855,0.12210905430628735,0.25,0.07894736842105263,0.6408839779005525,0.06839154381544024,0.03500792593400545,0.047619047619047616,0.005742411812961444,0.2231404958677686,0.11091875239959646,0.053331115459242184,0.06451612903225806,0.011226944667201285,0.30337078651685395
networkadex,0.5,0.25,5.0,0.3330678164859043,0.12498457597058642,0.3333333333333333,0.06666666666666667,0.7142857142857143,0.0729859650401108,0.03516046635934349,0.05555555555555555,0.005742411812961444,0.19148936170212766,0.11853996993077086,0.053744103635187314,0.2222222222222222,0.011226944667201285,0.28125
networkadex,0.5,0.5,0,0.1434617097903303,0.07050717856332431,0.1111111111111111,0.0,0.569060773480663,0.03210515368866852,0.020397332929548293,0.0,0.0,0.1487603305785124,0.05187479579004425,0.030931165953808477,0.0,0.0,0.20934959349593496
networkadex,0.5,0.5,0.1,0.15034101395570845,0.07067557056422871,0.1111111111111111,0.02564102564102564,0.56353591160221,0.0334795139764707,0.01982691252856026,0.08333333333333333,0.004101722723543888,0.1322314049586777,0.05418101510122606,0.030375120328644756,0.0425531914893617,0.00801924619085806,0.20731707317073175
networkadex,0.5,0.5,0.25,0.1595895848960194,0.07840160769617135,0.16666666666666666,0.02,0.5911602209944752,0.03584276757385043,0.022430826479972747,0.026578073089700997,0.002461033634126333,0.1652892561983471,0.05790815067773795,0.03411465785836188,0.019704433497536946,0.0048115477145148355,0.2247191011235955
networkadex,0.5,0.5,0.5,0.18436919790331938,0.08203031630724344,0.2,0.018018018018018018,0.580110497237569,0.04122214105125584,0.024426532541634027,0.047619047619047616,0.002461033634126333,0.1780821917808219,0.06667759432567064,0.03695728855612832,0.07272727272727272,0.0048115477145148355,0.26666666666666666
networkadex,0.5,0.5,0.75,0.20138336692748474,0.08553628176089569,0.14285714285714285,0.0,0.6298342541436464,0.044852846605127394,0.024875107999649176,0.05,0.0,0.17355371900826447,0.0725871290196596,0.0377565305041229,0.0909090909090909,0.0,0.23595505617977525
networkadex,0.5,0.5,1.0,0.22133108449279,0.0875884107194265,0.2,0.03773584905660377,0.6132596685082873,0.04882631104279097,0.025596469367475186,0.05,0.004101722723543888,0.1652892561983471,0.07916099808057431,0.038790978319163255,0.06493506493506493,0.00801924619085806,0.23622047244094488
networkadex,0.5,0.5,2.0,0.2842328634429461,0.11655763129838051,0.3333333333333333,0.06306306306306306,0.64,0.06280982031154532,0.033743913831180514,0.125,0.006562756357670222,0.19834710743801653,0.10181445082107163,0.051348869992544136,0.06896551724137931,0.012830793905372895,0.29357798165137616
networkadex,0.5,0.5,3.0,0.30664365908564317,0.12035110924653422,0.2,0.07936507936507936,0.65,0.06756050051741351,0.03452339467817378,0.0547945205479452,0.004922067268252666,0.19753086419753085,0.10959367593144707,0.052520130333201576,0.06153846153846154,0.009623095429029671,0.2857142857142857
networkadex,0.5,0.5,5.0,0.33594113747050824,0.1285164195390999,0.42857142857142855,0.08333333333333333,0.7142857142857143,0.07390513037876845,0.03662880611585645,0.07142857142857142,0.004101722723543888,0.2066115702479339,0.11996259565683709,0.05591052474716963,0.13333333333333333,0.00801924619085806,0.28865979381443296
networkadex,0.5,0.75,0,0.1657550320012077,0.07654275565175368,0.14285714285714285,0.0,0.580110497237569,0.03688903045153028,0.021327361422585157,0.023255813953488372,0.0,0.1307596513075965,0.05972113579788009,0.03276718389911085,0.03821656050955414,0.0,0.21341463414634146
networkadex,0.5,0.75,0.1,0.17074799889179398,0.07692922344931358,0.2,0.0,0.6077348066298343,0.037857716106960836,0.021775653795286166,0.05263157894736842,0.0,0.15702479338842976,0.061310396743933356,0.033156723914335495,0.016806722689075633,0.0,0.22357723577235772
networkadex,0.5,0.75,0.25,0.1753563417231561,0.0861818727522121,0.1,0.047619047619047616,0.6132596685082873,0.03911813305619377,0.02416591796590748,0.023529411764705882,0.0048,0.1487603305785124,0.06328506716640125,0.03706882640802474,0.04878048780487805,0.008862629246676513,0.22560975609756098
networkadex,0.5,0.75,0.5,0.19567169064974468,0.0821803386083051,0.2,0.045454545454545456,0.569060773480663,0.04343345872179256,0.023662060567140403,0.05240174672489083,0.004101722723543888,0.1652892561983471,0.070336232637441,0.03591430188910241,0.08130081300813008,0.00801924619085806,0.2247191011235955
networkadex,0.5,0.75,0.75,0.21516182570904582,0.09143190010501924,0.2,0.036036036036036036,0.5911602209944752,0.0477019824482789,0.026091875517204346,0.047619047619047616,0.004101722723543888,0.1506849315068493,0.07727085400921802,0.039868911404719,0.05464480874316939,0.00801924619085806,0.22564102564102564
networkadex,0.5,0.75,1.0,0.23494005585241323,0.09608059831427422,0.25,0.0582010582010582,0.6243093922651933,0.05195015568537946,0.027660946886088715,0.05555555555555555,0.005742411812961444,0.1652892561983471,0.08420374989663153,0.04214584018407706,0.06451612903225806,0.011226944667201285,0.23214285714285715
networkadex,0.5,0.75,2.0,0.2838270934280788,0.10836738890120554,0.25,0.08333333333333333,0.7,0.06253499953491713,0.0307654367178547,0.05555555555555555,0.004101722723543888,0.18181818181818182,0.10146125480906527,0.04689210589560244,0.125,0.00801924619085806,0.26666666666666666
networkadex,0.5,0.75,3.0,0.31272652607893214,0.1250656354938057,0.5,0.06666666666666667,0.7142857142857143,0.06881970802530257,0.03547390340121567,0.07142857142857142,0.004101722723543888,0.21487603305785125,0.11167385975625463,0.05407988159883095,0.07792207792207792,0.00801924619085806,0.2921348314606741
networkadex,0.5,0.75,5.0,0.33423501168531516,0.12571180836505771,0.5,0.08333333333333333,0.7142857142857143,0.0736856532319747,0.036145962328166484,0.058823529411764705,0.004101722723543888,0.21487603305785125,0.11955877581247852,0.05505407064018921,0.2222222222222222,0.00801924619085806,0.29743589743589743
networkadex,0.5,1.0,0,0.1778535749493155,0.0783597093529047,0.125,0.02857142857142857,0.6022099447513812,0.03969963577430685,0.022595791839759297,0.0196078431372549,0.002461033634126333,0.1652892561983471,0.06424260242875153,0.03429047293032349,0.013986013986013986,0.0048115477145148355,0.2247191011235955
networkadex,0.5,1.0,0.1,0.18359626457802708,0.08134064662855278,0.2,0.03225806451612903,0.585635359116022,0.040814582441997684,0.023120269289260684,0.029411764705882353,0.004922067268252666,0.1487603305785124,0.06607883305897733,0.03529542819153505,0.05555555555555555,0.009623095429029671,0.21544715447154472
networkadex,0.5,1.0,0.25,0.1954878967203948,0.07982238633795265,0.14285714285714285,0.04838709677419355,0.6353591160220995,0.04334529597170596,0.022881606702010438,0.027777777777777776,0.004101722723543888,0.15702479338842976,0.07022137115532971,0.034792200890535134,0.06896551724137931,0.00801924619085806,0.23373983739837398
networkadex,0.5,1.0,0.5,0.21885027649635988,0.0933241871888676,0.14285714285714285,0.06306306306306306,0.569060773480663,0.048113574251056446,0.02502843839489771,0.047619047619047616,0.003281378178835111,0.12941176470588237,0.07810263074924334,0.03866131503960177,0.1111111111111111,0.006415396952686447,0.20934959349593496
networkadex,0.5,1.0,0.75,0.2227353568376972,0.09561240417469136,0.2,0.04838709677419355,0.585635359116022,0.049258826047222565,0.02716191436460119,0.07142857142857142,0.004922067268252666,0.17355371900826447,0.07983814393066209,0.04140578719777062,0.027777777777777776,0.009623095429029671,0.23622047244094488
networkadex,0.5,1.0,1.0,0.2408627580656943,0.1007448269864829,0.25,0.0625,0.6353591160220995,0.05320402851394412,0.028594535286715433,0.047619047619047616,0.004101722723543888,0.1643835616438356,0.08628445052469402,0.04382171704453412,0.03940886699507389,0.00801924619085806,0.24615384615384614
networkadex,0.5,1.0,2.0,0.2873790822482062,0.1151514862801801,0.2,0.06451612903225806,0.5789473684210527,0.06326919617671302,0.032255988415526314,0.07142857142857142,0.004101722723543888,0.1728395061728395,0.10266515255609288,0.0493269856359103,0.06451612903225806,0.00801924619085806,0.25
networkadex,0.5,1.0,3.0,0.3156742342338721,0.11962447238941609,0.3333333333333333,0.06666666666666667,0.6428571428571429,0.06941527419777213,0.034169515938973556,0.058823529411764705,0.004922067268252666,0.18518518518518517,0.11267559110766688,0.052119100192142206,0.07881773399014778,0.009623095429029671,0.26785714285714285
networkadex,0.5,1.0,5.0,0.33621899898862306,0.12849261641304477,0.3333333333333333,0.1,0.7142857142857143,0.07397812655739888,0.0366140962279555,0.045454545454545456,0.004101722723543888,0.21487603305785125,0.12007389744859706,0.0558038056821582,0.13333333333333333,0.00801924619085806,0.30357142857142855
networkadex,0.5,2.0,0,0.21301127379362367,0.09296665848578678,0.2,0.05,0.6022099447513812,0.04732664767168437,0.026920035481599977,0.026785714285714284,0.004101722723543888,0.19834710743801653,0.076634119607791,0.04089953971494996,0.04669260700389105,0.00801924619085806,0.2696629213483146
networkadex,0.5,2.0,0.1,0.21452505106125697,0.09368590238109607,0.25,0.0625,0.6022099447513812,0.0474802961855455,0.026069365800904975,0.044444444444444446,0.003281378178835111,0.1357409713574097,0.07696431149168022,0.040116243925434766,0.03902439024390244,0.006415396952686447,0.22154471544715443
networkadex,0.5,2.0,0.25,0.22764322380591664,0.09862628224612766,0.2,0.07317073170731707,0.5714285714285714,0.05032695130695899,0.02741771462133875,0.05555555555555555,0.004922067268252666,0.14583333333333334,0.08160024664013488,0.042188536585124954,0.038709677419354833,0.009623095429029671,0.2204724409448819
networkadex,0.5,2.0,0.5,0.23807583565728244,0.10560037883764277,0.25,0.06666666666666667,0.6243093922651933,0.052750535543907164,0.02929301529192464,0.05555555555555555,0.003281378178835111,0.1506849315068493,0.08550255871544647,0.04508605195880449,0.039735099337748346,0.006415396952686447,0.2296747967479675
networkadex,0.5,2.0,0.75,0.24978920318652506,0.10675654161792358,0.3333333333333333,0.07936507936507936,0.6428571428571429,0.055184303076471375,0.030107762848805186,0.07692307692307693,0.004101722723543888,0.19008264462809918,0.08948681439888773,0.046098648869002175,0.1111111111111111,0.00801924619085806,0.25842696629213485
networkadex,0.5,2.0,1.0,0.25750359799577316,0.10697255102304642,0.2,0.05,0.6298342541436464,0.05692629580366863,0.030393420539391723,0.05555555555555555,0.002461033634126333,0.17355371900826447,0.09229733219090722,0.0464632994288324,0.06153846153846154,0.0048115477145148355,0.23595505617977525
networkadex,0.5,2.0,2.0,0.2933479171186204,0.11878803922894866,0.3333333333333333,0.08333333333333333,0.6428571428571429,0.06465015369136816,0.03355784174987587,0.03773584905660377,0.005742411812961444,0.1780821917808219,0.10486881488815485,0.05132937807996498,0.06451612903225806,0.011226944667201285,0.26666666666666666
networkadex,0.5,2.0,3.0,0.3206044875920902,0.12516527112312287,0.5,0.07936507936507936,0.7142857142857143,0.07060937386091423,0.03535807034804244,0.05555555555555555,0.004101722723543888,0.18518518518518517,0.11459636342011131,0.054054807074922925,0.06451612903225806,0.00801924619085806,0.26785714285714285
networkadex,0.5,2.0,5.0,0.33867080406719957,0.12992986040013288,0.5,0.08333333333333333,0.7857142857142857,0.07454867266113269,0.03703660834453263,0.038461538461538464,0.004922067268252666,0.21487603305785125,0.12098404205181187,0.056468988432751076,0.0851063829787234,0.009623095429029671,0.2921348314606741
networkadex,0.5,3.0,0,0.22974636781079352,0.10334567707083442,0.2,0.06451612903225806,0.5714285714285714,0.05056727041490806,0.028055313223505133,0.0375,0.004922067268252666,0.14375,0.08207100449263939,0.043470448332491245,0.03902439024390244,0.009623095429029671,0.22330097087378636
networkadex,0.5,3.0,0.1,0.230906035416491,0.10173739470699146,0.2,0.058823529411764705,0.5789473684210527,0.05085986141823763,0.02818938299815478,0.05,0.004101722723543888,0.15625,0.08250225575759845,0.043360026580460176,0.058536585365853655,0.00801924619085806,0.2417582417582418
networkadex,0.5,3.0,0.25,0.24046902619211,0.10532854667995262,0.2,0.04838709677419355,0.56,0.05297754572941534,0.029593806128784216,0.044444444444444446,0.004922067268252666,0.16666666666666666,0.0859312550484171,0.04530984466842108,0.047619047619047616,0.009623095429029671,0.25688073394495414
networkadex,0.5,3.0,0.5,0.25037648371503785,0.11330695868193466,0.3333333333333333,0.061224489795918366,0.5966850828729282,0.05526467358086442,0.031080262888041728,0.029411764705882353,0.004922067268252666,0.16666666666666666,0.08964916877145045,0.04798003589367458,0.03902439024390244,0.009623095429029671,0.25196850393700787
networkadex,0.5,3.0,0.75,0.2569629186183094,0.10775402453172346,0.25,0.0625,0.6022099447513812,0.056730880844091745,0.030220853577477207,0.02857142857142857,0.004101722723543888,0.1527777777777778,0.09201801958402812,0.046418815236691786,0.04615384615384615,0.00801924619085806,0.2417582417582418
networkadex,0.5,3.0,1.0,0.2646963053212423,0.1139144194193959,0.25,0.05,0.6428571428571429,0.05858282760300216,0.03250396955401535,0.03571428571428571,0.004922067268252666,0.18181818181818182,0.09497753682839932,0.04976129282609437,0.04878048780487805,0.009623095429029671,0.26771653543307083
networkadex,0.5,3.0,2.0,0.29290910521753016,0.11976905672753596,0.2,0.07407407407407407,0.580110497237569,0.06461153378179758,0.03392315498726943,0.07142857142857142,0.004922067268252666,0.1917808219178082,0.10481789572230493,0.05201424796066446,0.06451612903225806,0.009623095429029671,0.28717948717948716
networkadex,0.5,3.0,3.0,0.3190637891257408,0.12682993023026143,0.5,0.06666666666666667,0.7142857142857143,0.07023049009709718,0.03579172310967784,0.047619047619047616,0.004922067268252666,0.18518518518518517,0.11398864922852217,0.05484412648436219,0.06177606177606177,0.009623095429029671,0.2803738317757009
networkadex,0.5,3.0,5.0,0.3407922592045418,0.12895540978433848,0.2222222222222222,0.08465608465608465,0.6521739130434783,0.07499392798262934,0.0370705675935656,0.08333333333333333,0.004922067268252666,0.19863013698630136,0.12171003487277109,0.05649504477429876,0.2,0.009623095429029671,0.29743589743589743
networkadex,0.5,5.0,0,0.22017203866645327,0.12241604798116147,0.2,0.0,0.5714285714285714,0.04835131534801748,0.03196803011680816,0.07142857142857142,0.0,0.15625,0.0784953156269296,0.04985113160538272,0.05555555555555555,0.0,0.24299065420560748
networkadex,0.5,5.0,0.1,0.22311034572489624,0.12204791965997125,0.3333333333333333,0.02564102564102564,0.5714285714285714,0.04909501690851893,0.03178775489666421,0.04,0.005376344086021506,0.16666666666666666,0.07967527625819965,0.04961513333272541,0.1111111111111111,0.008888888888888889,0.25196850393700787
networkadex,0.5,5.0,0.25,0.2234321604474744,0.12354617998292927,0.3333333333333333,0.02040816326530612,0.5714285714285714,0.04928364587102175,0.032804168593531566,0.07142857142857142,0.004101722723543888,0.17708333333333334,0.07993058572226905,0.050874279692554814,0.03902439024390244,0.00801924619085806,0.26771653543307083
networkadex,0.5,5.0,0.5,0.23268418458458887,0.12595111827691266,0.25,0.0,0.6428571428571429,0.051193490960823165,0.033172445245119545,0.07142857142857142,0.0,0.17355371900826447,0.08306243615892216,0.0515159443660446,0.0,0.0,0.25196850393700787
networkadex,0.5,5.0,0.75,0.23786315713866837,0.13033913017821713,0.2,0.0,0.5714285714285714,0.05235262312558859,0.03433240257043422,0.0,0.0,0.16666666666666666,0.08497099158705754,0.05343594309801042,0.0,0.0,0.25196850393700787
networkadex,0.5,5.0,1.0,0.24282091350974974,0.13130567809328067,0.3333333333333333,0.0,0.5789473684210527,0.05358963937802699,0.03513298572777515,0.023255813953488372,0.0,0.17708333333333334,0.08690183290305212,0.05450287913944212,0.031914893617021274,0.0,0.26771653543307083
networkadex,0.5,5.0,2.0,0.2669788248523516,0.1383495680307134,0.5,0.016129032258064516,0.7142857142857143,0.058859141533823406,0.03707693463849191,0.05,0.003281378178835111,0.18181818181818182,0.0954970852201833,0.05745500278643082,0.125,0.006415396952686447,0.26771653543307083
networkadex,0.5,5.0,3.0,0.28800592112729484,0.14279672947035968,0.25,0.016129032258064516,0.7142857142857143,0.0631549402104381,0.037852141214800496,0.07142857142857142,0.004101722723543888,0.1875,0.10257068834424045,0.05872615675227924,0.06,0.00801924619085806,0.28346456692913385
networkadex,0.5,5.0,5.0,0.32290420479898235,0.1446725606105013,0.5,0.04838709677419355,0.7857142857142857,0.0710128998471913,0.039506584148756164,0.08823529411764706,0.004101722723543888,0.19863013698630136,0.11528552168362471,0.06097324918671696,0.06451612903225806,0.00801924619085806,0.29743589743589743
networkadex,0.75,0,0,0.09599337476920627,0.061419729204441956,0.0,0.0,0.5138121546961326,0.021626821028986835,0.016759328782195663,0.0,0.0,0.11581569115815692,0.034901664057507414,0.025808694534276973,0.0,0.0,0.18902439024390244
networkadex,0.75,0,0.1,0.10492957140575582,0.0676635380572907,0.0,0.0,0.5303867403314917,0.02367256769109591,0.018163825033423394,0.0,0.0,0.1322314049586777,0.03818945472462771,0.027895907007632035,0.0,0.0,0.19512195121951217
networkadex,0.75,0,0.25,0.10708641845910653,0.06567096063363832,0.0,0.0,0.5414364640883977,0.02416772980968387,0.01760775916174912,0.0,0.0,0.12204234122042341,0.03899779897567666,0.02714773354935352,0.0,0.0,0.19918699186991867
networkadex,0.75,0,0.5,0.12560021741222221,0.07016015416321024,0.14285714285714285,0.0,0.4972375690607735,0.028271231152690326,0.019900258811626333,0.0,0.0,0.1487603305785124,0.04562149082733018,0.030318055648403272,0.0,0.0,0.20224719101123595
networkadex,0.75,0,0.75,0.15138760768180468,0.07851731176063219,0.14285714285714285,0.0,0.5248618784530387,0.03405098630392699,0.022363469133638812,0.0,0.0,0.1652892561983471,0.055003179208846266,0.03397684142872626,0.0,0.0,0.2247191011235955
networkadex,0.75,0,1.0,0.16385744607619432,0.08053169222725912,0.2,0.0,0.5911602209944752,0.03645785299379009,0.022388928421132877,0.03571428571428571,0.0,0.13325031133250312,0.059022351219276174,0.034423902803194316,0.03902439024390244,0.0,0.217479674796748
networkadex,0.75,0,2.0,0.25194324968157256,0.1027067454534201,0.25,0.042328042328042326,0.580110497237569,0.05598093687848282,0.030249264930479615,0.037037037037037035,0.002461033634126333,0.17355371900826447,0.0906773247714558,0.045860703373902766,0.05555555555555555,0.0048115477145148355,0.25
networkadex,0.75,0,3.0,0.30427941730810576,0.11791993150907619,0.25,0.07407407407407407,0.6428571428571429,0.06678563923158222,0.03346170718318119,0.05128205128205128,0.005742411812961444,0.2066115702479339,0.10843258084923137,0.051040411987559514,0.0694980694980695,0.011226944667201285,0.28125
networkadex,0.75,0,5.0,0.3324216661721019,0.13068169468042642,0.3333333333333333,0.0582010582010582,0.6875,0.07304219453998712,0.03657724996824698,0.04,0.004101722723543888,0.20212765957446807,0.11859333118618996,0.055999171894477735,0.0851063829787234,0.00801924619085806,0.296875
networkadex,0.75,0.1,0,0.1027328460931979,0.06319699001205084,0.0,0.0,0.5303867403314917,0.023309299505534845,0.017761559888060916,0.0,0.0,0.12396694214876033,0.0375754065314213,0.02714512578857168,0.0,0.0,0.19512195121951217
networkadex,0.75,0.1,0.1,0.10312078594030093,0.06054630090760756,0.0,0.0,0.5248618784530387,0.023261082139233384,0.017052336913445685,0.0,0.0,0.12396694214876033,0.03750726724444873,0.02592233849765801,0.0,0.0,0.19308943089430894
networkadex,0.75,0.1,0.25,0.11050462982090238,0.06741154421573015,0.0,0.0,0.5469613259668509,0.024964234177915386,0.018422394941313407,0.0,0.0,0.12396694214876033,0.0402625559512906,0.028247651371797983,0.0,0.0,0.2012195121951219
networkadex,0.75,0.1,0.5,0.13667952022840033,0.07149206964300354,0.1111111111111111,0.0,0.5027624309392266,0.030608944856264957,0.01997208484838136,0.018518518518518517,0.0,0.1133250311332503,0.049455626479120544,0.03055361583687726,0.0,0.0,0.18495934959349591
networkadex,0.75,0.1,0.75,0.15343423454629482,0.07718622964782172,0.2,0.0,0.5193370165745856,0.034423818660381474,0.022268279068471352,0.0,0.0,0.15702479338842976,0.05559833223876029,0.033754113046097795,0.0,0.0,0.21348314606741575
networkadex,0.75,0.1,1.0,0.1777674105633145,0.08456616654352006,0.14285714285714285,0.02040816326530612,0.56353591160221,0.03952687950146051,0.02387814972288628,0.0125,0.004101722723543888,0.1506849315068493,0.06399244557361097,0.03656232475122507,0.022222222222222223,0.007272727272727274,0.22564102564102564
networkadex,0.75,0.1,2.0,0.2586655475179325,0.10528069198805956,0.2,0.06306306306306306,0.580110497237569,0.05717529766056579,0.03043051816620965,0.05,0.004922067268252666,0.18181818181818182,0.09271306417176761,0.0464048586345918,0.1111111111111111,0.009623095429029671,0.24719101123595508
networkadex,0.75,0.1,3.0,0.30134407174916955,0.11739439601438359,0.2,0.06878306878306878,0.65,0.06620668774683283,0.032380461734955436,0.07142857142857142,0.004101722723543888,0.18181818181818182,0.10746613984465339,0.049568172491773074,0.0641711229946524,0.00801924619085806,0.26153846153846155
networkadex,0.75,0.1,5.0,0.33132581440430187,0.12908355729002907,0.5,0.10052910052910052,0.7142857142857143,0.07272961839108441,0.03639568395582006,0.1411764705882353,0.004101722723543888,0.19834710743801653,0.11808244631285084,0.05557948584430345,0.10389610389610389,0.00801924619085806,0.2923076923076923
networkadex,0.75,0.25,0,0.10966621226264574,0.06160780811354913,0.14285714285714285,0.0,0.56353591160221,0.02450463038501095,0.016464267120904572,0.0,0.0,0.12702366127023662,0.039599653681189145,0.02539238946276557,0.0,0.0,0.20731707317073175
networkadex,0.75,0.25,0.1,0.11922971171107516,0.06639666129773042,0.14285714285714285,0.0,0.5248618784530387,0.02676461747974967,0.017782297713011774,0.0,0.0,0.11830635118306351,0.0432482076525846,0.027365863918028338,0.0,0.0,0.19308943089430894
networkadex,0.75,0.25,0.25,0.12938338307124503,0.07077997188067593,0.1,0.0,0.5469613259668509,0.029030140239961578,0.019327758569906962,0.0,0.0,0.1232876712328767,0.04692027363820151,0.029813235609082077,0.0,0.0,0.2012195121951219
networkadex,0.75,0.25,0.5,0.14706334858005465,0.0811274054477497,0.14285714285714285,0.0,0.5469613259668509,0.03302078580613123,0.02239137761274441,0.009615384615384616,0.0,0.1322314049586777,0.05336051144772939,0.03440526870732335,0.03902439024390244,0.0,0.2012195121951219
networkadex,0.75,0.25,0.75,0.1712006914933904,0.0820674603640765,0.1,0.0,0.5138121546961326,0.038231424892962884,0.02358466370806719,0.026785714285714284,0.0,0.15702479338842976,0.0618051237176628,0.035843355124144965,0.0,0.0,0.21348314606741575
networkadex,0.75,0.25,1.0,0.19067781683326238,0.0878875919643632,0.14285714285714285,0.0,0.5966850828729282,0.042443372680157694,0.02516100238360185,0.025,0.0,0.14049586776859505,0.06868648622237143,0.03841317264981859,0.020689655172413793,0.0,0.21951219512195125
networkadex,0.75,0.25,2.0,0.26030128214244147,0.1053078714577383,0.2,0.06878306878306878,0.5833333333333334,0.05757810692756462,0.030321539797458833,0.038461538461538464,0.004101722723543888,0.16666666666666666,0.0933594785685169,0.04626574855994516,0.07881773399014778,0.00801924619085806,0.25196850393700787
networkadex,0.75,0.25,3.0,0.30097683032646794,0.12107977928227265,0.25,0.02631578947368421,0.7142857142857143,0.06629538224495092,0.03417386308901912,0.07142857142857142,0.004101722723543888,0.2066115702479339,0.107559896166405,0.05208654572914441,0.06666666666666667,0.00784313725490196,0.2857142857142857
networkadex,0.75,0.25,5.0,0.33675213734415693,0.13006318007843806,0.3333333333333333,0.07936507936507936,0.7142857142857143,0.07401370028832127,0.03703003811927452,0.02857142857142857,0.005742411812961444,0.19834710743801653,0.12013490445055895,0.05649462351741157,0.2,0.011226944667201285,0.28717948717948716
networkadex,0.75,0.5,0,0.1306629875588902,0.06717584329214367,0.1111111111111111,0.0,0.4861878453038674,0.02926377855898234,0.018863972335766782,0.0,0.0,0.1111111111111111,0.04729751277147639,0.02884262439298636,0.0,0.0,0.17886178861788615
networkadex,0.75,0.5,0.1,0.13112120645390724,0.06672840806571201,0.1111111111111111,0.0,0.5193370165745856,0.029497120760530907,0.0193491240771784,0.0,0.0,0.14049586776859505,0.047634376518989156,0.029414408356604017,0.0,0.0,0.19105691056910568
networkadex,0.75,0.5,0.25,0.14719258237670063,0.07253977595043723,0.1111111111111111,0.0,0.574585635359116,0.03294483719728263,0.019930035390984313,0.023809523809523808,0.0,0.1295143212951432,0.053280548779234355,0.03057645760412282,0.0,0.0,0.2113821138211382
networkadex,0.75,0.5,0.5,0.17175768658967297,0.08265395844164247,0.16666666666666666,0.020833333333333332,0.5359116022099447,0.038304093631404926,0.022994938491509423,0.0196078431372549,0.0008203445447087777,0.12396694214876033,0.061988518905989096,0.0352601097220265,0.04878048780487805,0.0016038492381716118,0.19715447154471544
networkadex,0.75,0.5,0.75,0.18818774598940255,0.08038375874284177,0.14285714285714285,0.0,0.569060773480663,0.04154907666259951,0.0225268594012205,0.02857142857142857,0.0,0.1487603305785124,0.06734005587058828,0.03432195205415933,0.03076923076923077,0.0,0.20934959349593496
networkadex,0.75,0.5,1.0,0.20719609901447328,0.09162885025172232,0.2,0.0,0.580110497237569,0.04584095767081995,0.025542115307821484,0.03496503496503497,0.0,0.15702479338842976,0.0742799286838718,0.03911211387896848,0.05555555555555555,0.0,0.21348314606741575
networkadex,0.75,0.5,2.0,0.27208608419077956,0.104501232953676,0.25,0.05,0.6086956521739131,0.06024904310979547,0.03116378869571897,0.05555555555555555,0.004101722723543888,0.19834710743801653,0.09765276146601033,0.047089795901051966,0.0392156862745098,0.00801924619085806,0.2696629213483146
networkadex,0.75,0.5,3.0,0.31062403990937726,0.11820288019000608,0.25,0.07936507936507936,0.6428571428571429,0.06834643261987215,0.034263553854848555,0.05027932960893855,0.004101722723543888,0.18518518518518517,0.1109121693236803,0.05213563736489162,0.05555555555555555,0.00801924619085806,0.27692307692307694
networkadex,0.75,0.5,5.0,0.33579265622152416,0.12764989864993737,0.3333333333333333,0.09523809523809523,0.65,0.07378960219075895,0.03606441427336802,0.038461538461538464,0.006562756357670222,0.19863013698630136,0.11979063487847197,0.05521778108587947,0.125,0.012830793905372895,0.29743589743589743
networkadex,0.75,0.75,0,0.15781112788265825,0.07193774936253018,0.1111111111111111,0.02531645569620253,0.5580110497237569,0.03501652435278849,0.02010561791619978,0.02702702702702703,0.004922067268252666,0.1276595744680851,0.056718891859738434,0.030856096230144233,0.03902439024390244,0.009237875288683603,0.20528455284552846
networkadex,0.75,0.75,0.1,0.15778296596777663,0.07283054586045486,0.14285714285714285,0.0,0.5248618784530387,0.035259055703050796,0.020774713967022716,0.017857142857142856,0.0,0.14049586776859505,0.057029176598552396,0.03163943232891092,0.0,0.0,0.19308943089430894
networkadex,0.75,0.75,0.25,0.16609106390215184,0.07649206253667463,0.1111111111111111,0.0,0.580110497237569,0.03702856634099804,0.021971271199584006,0.023529411764705882,0.0,0.18181818181818182,0.05991209349234938,0.03335289237276834,0.07272727272727272,0.0,0.24719101123595508
networkadex,0.75,0.75,0.5,0.1851305796665464,0.07810012801994495,0.25,0.0,0.585635359116022,0.04092851050518797,0.021727047590096464,0.02564102564102564,0.0,0.13829787234042554,0.06633889692598267,0.03323093028106301,0.05555555555555555,0.0,0.21544715447154472
networkadex,0.75,0.75,0.75,0.20840530490439116,0.08844709905185616,0.16666666666666666,0.045454545454545456,0.5303867403314917,0.046247558966402785,0.02554586458135195,0.0196078431372549,0.004101722723543888,0.17355371900826447,0.0748947099616487,0.03872326258652936,0.05555555555555555,0.00801924619085806,0.23595505617977525
networkadex,0.75,0.75,1.0,0.21557579184336367,0.08926112932658739,0.25,0.05263157894736842,0.580110497237569,0.04793638469723727,0.026173378418302255,0.047619047619047616,0.004922067268252666,0.15702479338842976,0.07762353700344862,0.039866142726759396,0.07142857142857144,0.009623095429029671,0.21348314606741575
networkadex,0.75,0.75,2.0,0.2757759201921885,0.11273091710145056,0.25,0.07894736842105263,0.6132596685082873,0.06099948975652579,0.03223037212423034,0.038461538461538464,0.003281378178835111,0.17857142857142858,0.09892207191182074,0.0493004892519593,0.05555555555555555,0.006415396952686447,0.2752293577981651
networkadex,0.75,0.75,3.0,0.3089332596868542,0.1204532724133946,0.2,0.06349206349206349,0.6428571428571429,0.06805225659479566,0.034757695548460296,0.07142857142857142,0.004922067268252666,0.19863013698630136,0.1104226311414055,0.0530116774479727,0.0748663101604278,0.009623095429029671,0.29743589743589743
networkadex,0.75,0.75,5.0,0.33845787843133235,0.1309588458023705,0.3333333333333333,0.08465608465608465,0.8571428571428571,0.07433470204985301,0.03657506297756332,0.06557377049180328,0.004922067268252666,0.19834710743801653,0.12068514673077675,0.05593370629011988,0.10714285714285715,0.009623095429029671,0.27692307692307694
networkadex,0.75,1.0,0,0.16713668658925301,0.07555466689204995,0.1,0.030303030303030304,0.5580110497237569,0.03699750647343452,0.020374294700064126,0.02564102564102564,0.004101722723543888,0.12577833125778332,0.05996957961832614,0.03144005660960153,0.06557377049180328,0.00801924619085806,0.20528455284552846
networkadex,0.75,1.0,0.1,0.16979893819387418,0.07571755910053088,0.15384615384615385,0.03636363636363636,0.5911602209944752,0.0379344522501637,0.022790966192675996,0.037037037037037035,0.004101722723543888,0.18181818181818182,0.06131953408795078,0.0343206135084291,0.04938271604938271,0.00801924619085806,0.24719101123595508
networkadex,0.75,1.0,0.25,0.18775802628843088,0.08526243617088684,0.16666666666666666,0.029411764705882353,0.580110497237569,0.04167934210506735,0.023933804847647712,0.026785714285714284,0.004101722723543888,0.1322314049586777,0.0675077963457072,0.036774941708358266,0.041379310344827586,0.00801924619085806,0.21341463414634146
networkadex,0.75,1.0,0.5,0.1958153443803884,0.08673634251833617,0.14285714285714285,0.06097560975609756,0.56353591160221,0.04340343922895022,0.02493547155077449,0.0392156862745098,0.004922067268252666,0.1652892561983471,0.0703051219485611,0.03803446233011875,0.027777777777777776,0.009623095429029671,0.2247191011235955
networkadex,0.75,1.0,0.75,0.21550914179971692,0.09112732325564146,0.14285714285714285,0.04504504504504504,0.6022099447513812,0.047865294884031316,0.02640719439142894,0.029197080291970802,0.003281378178835111,0.15702479338842976,0.07752035298630389,0.04020257755846918,0.029268292682926828,0.006415396952686447,0.22154471544715443
networkadex,0.75,1.0,1.0,0.23402082774373756,0.10023390933262602,0.25,0.058823529411764705,0.5580110497237569,0.051686006750425374,0.0283179954763738,0.058823529411764705,0.005742411812961444,0.19008264462809918,0.08379412552023463,0.04326057167063331,0.06451612903225806,0.011226944667201285,0.25842696629213485
networkadex,0.75,1.0,2.0,0.2820508299253531,0.11644787314553393,0.2,0.06451612903225806,0.6428571428571429,0.06218678624171335,0.03298837803950018,0.07142857142857142,0.004101722723543888,0.17355371900826447,0.10089050023242692,0.050448075777374625,0.06896551724137931,0.00801924619085806,0.2680412371134021
networkadex,0.75,1.0,3.0,0.31272089518982665,0.12117323931677346,0.3333333333333333,0.06666666666666667,0.6428571428571429,0.06890793172794003,0.034531574428671025,0.05660377358490566,0.004101722723543888,0.19008264462809918,0.11180112466725221,0.05268488959731889,0.06382978723404255,0.00801924619085806,0.27692307692307694
networkadex,0.75,1.0,5.0,0.3428174709656113,0.12912644863693407,0.3333333333333333,0.08333333333333333,0.6666666666666666,0.07524759382472894,0.03700575499530601,0.05,0.004101722723543888,0.21232876712328766,0.12217560494736668,0.0564090462096943,0.13333333333333333,0.00801924619085806,0.31794871794871793
networkadex,0.75,2.0,0,0.2032828863669588,0.08969736433765106,0.2,0.047619047619047616,0.574585635359116,0.044967087833678074,0.025473588591475305,0.07692307692307693,0.003281378178835111,0.14049586776859505,0.0728773791926689,0.0389080455436506,0.0425531914893617,0.006415396952686447,0.2113821138211382
networkadex,0.75,2.0,0.1,0.2085338397209954,0.09181220288019616,0.2,0.06329113924050633,0.5524861878453039,0.045942056742353965,0.02553980564889303,0.047619047619047616,0.004922067268252666,0.14049586776859505,0.07452538169963956,0.03932126642196089,0.03902439024390244,0.009623095429029671,0.21782178217821782
networkadex,0.75,2.0,0.25,0.2207502137065235,0.0999345992060317,0.2,0.04838709677419355,0.5714285714285714,0.04866317182516706,0.02735441785428202,0.047619047619047616,0.004922067268252666,0.1375,0.0789506926743582,0.04217000383136443,0.0310880829015544,0.009623095429029671,0.21782178217821782
networkadex,0.75,2.0,0.5,0.22844151758295006,0.09941399278968001,0.25,0.06451612903225806,0.569060773480663,0.05054107810441598,0.02781360437106319,0.029940119760479042,0.003281378178835111,0.15476190476190477,0.08193587822867587,0.04274588545828879,0.03846153846153846,0.006415396952686447,0.23853211009174313
networkadex,0.75,2.0,0.75,0.23671457297482454,0.1027808876391193,0.3333333333333333,0.06097560975609756,0.5714285714285714,0.05219041960493554,0.028227753048026303,0.07692307692307693,0.002461033634126333,0.15702479338842976,0.08466776649426085,0.043317260490084164,0.06451612903225806,0.0048115477145148355,0.22330097087378636
networkadex,0.75,2.0,1.0,0.25243959074737427,0.10645566453552519,0.25,0.05,0.5789473684210527,0.05572092096039735,0.03005478328501513,0.05952380952380952,0.003281378178835111,0.17355371900826447,0.09037738389488198,0.04603520720736328,0.1272727272727273,0.006415396952686447,0.2417582417582418
networkadex,0.75,2.0,2.0,0.2904140032312766,0.12221374603682446,0.3333333333333333,0.06451612903225806,0.6428571428571429,0.06405623779656056,0.034182812446307054,0.05,0.004922067268252666,0.17708333333333334,0.10391997245835774,0.05242702941464756,0.058536585365853655,0.009623095429029671,0.26771653543307083
networkadex,0.75,2.0,3.0,0.3152280993141117,0.12312696900376632,0.3333333333333333,0.09090909090909091,0.6428571428571429,0.06942696539624521,0.03543335168897391,0.041666666666666664,0.004922067268252666,0.21487603305785125,0.11265136609703279,0.05398756244129571,0.19999999999999998,0.009623095429029671,0.2921348314606741
networkadex,0.75,2.0,5.0,0.3439684623948962,0.13195431861058246,0.3333333333333333,0.1,0.7,0.0756395330401173,0.03732816537604728,0.05555555555555555,0.004101722723543888,0.1917808219178082,0.12278213216138532,0.05709576420373334,0.05555555555555555,0.00801924619085806,0.28717948717948716
networkadex,0.75,3.0,0,0.218342428503081,0.09842135129666539,0.3333333333333333,0.0603448275862069,0.5414364640883977,0.04806428442344033,0.02680016736250198,0.02564102564102564,0.003281378178835111,0.14583333333333334,0.07800867239101295,0.04138814583112095,0.125,0.006415396952686447,0.2204724409448819
networkadex,0.75,3.0,0.1,0.2249802326423778,0.10428774925715716,0.17647058823529413,0.05,0.5652173913043478,0.04969890464088699,0.02926979964597766,0.05,0.004101722723543888,0.1652892561983471,0.08059499132650468,0.04500667324002336,0.03940886699507389,0.00801924619085806,0.24299065420560748
networkadex,0.75,3.0,0.25,0.22828021601074142,0.09927815870967735,0.2,0.04838709677419355,0.56353591160221,0.050349610548159514,0.02804631114882254,0.047619047619047616,0.004922067268252666,0.15625,0.08165394656863487,0.04301940684262185,0.051948051948051945,0.009623095429029671,0.23622047244094488
networkadex,0.75,3.0,0.5,0.24434116431272818,0.10506235393761436,0.2,0.05,0.5714285714285714,0.053962647126669205,0.02953164333497962,0.05555555555555555,0.003281378178835111,0.1702127659574468,0.08751814505481166,0.04529602164976017,0.1111111111111111,0.006415396952686447,0.25
networkadex,0.75,3.0,0.75,0.25548717116864533,0.11167862165423889,0.2,0.07407407407407407,0.5911602209944752,0.05643191412549418,0.03103803972265066,0.07142857142857142,0.003281378178835111,0.16312056737588654,0.09154084337957435,0.04777495942432749,0.05405405405405406,0.006415396952686447,0.2421052631578948
networkadex,0.75,3.0,1.0,0.26194463128673284,0.11599034911505529,0.2,0.03333333333333333,0.65,0.0575181322705021,0.031742016399327784,0.0625,0.005742411812961444,0.1625,0.09336638323041815,0.04898412986865335,0.06451612903225806,0.011226944667201285,0.2524271844660194
networkadex,0.75,3.0,2.0,0.2920310497979432,0.1243962704139574,0.25,0.08333333333333333,0.7857142857142857,0.06442420126496778,0.035097276293308326,0.05,0.004101722723543888,0.1917808219178082,0.1045063192653817,0.053845028903095435,0.058536585365853655,0.00801924619085806,0.28717948717948716
networkadex,0.75,3.0,3.0,0.31615832226131396,0.1258106723238381,0.5,0.09523809523809523,0.6521739130434783,0.06963502466122212,0.03549497196918788,0.07142857142857142,0.004101722723543888,0.19834710743801653,0.11299591614307983,0.0542627574320717,0.06451612903225806,0.00801924619085806,0.2803738317757009
networkadex,0.75,3.0,5.0,0.3412959188139393,0.13085948694767774,0.3333333333333333,0.1,0.6785714285714286,0.07521344702578696,0.03750313611486168,0.08333333333333333,0.004101722723543888,0.19863013698630136,0.12204928675897879,0.05723854348901807,0.05555555555555555,0.00801924619085806,0.29743589743589743
networkadex,0.75,5.0,0,0.22153707577708015,0.11969485450907939,0.16666666666666666,0.016129032258064516,0.6428571428571429,0.04867192225977118,0.03128260337109643,0.030303030303030304,0.003281378178835111,0.15476190476190477,0.07901090993420322,0.04875116923835412,0.05555555555555555,0.006415396952686447,0.24299065420560748
networkadex,0.75,5.0,0.1,0.22069940950266229,0.11791508727612184,0.25,0.02040816326530612,0.5454545454545454,0.04856655452368895,0.030886672054776586,0.043478260869565216,0.004101722723543888,0.14583333333333334,0.078825850065413,0.048160393685485386,0.03225806451612903,0.00801924619085806,0.2222222222222222
networkadex,0.75,5.0,0.25,0.2267615414705436,0.11745504691359526,0.25,0.04081632653061224,0.6428571428571429,0.049947801619858824,0.031249640910464713,0.05,0.005742411812961444,0.16666666666666666,0.08102110740612334,0.04848221085960794,0.06896551724137931,0.011226944667201285,0.25196850393700787
networkadex,0.75,5.0,0.5,0.23360515774944457,0.12137995958447174,0.3333333333333333,0.0,0.5714285714285714,0.0514292007635194,0.03216699075394353,0.030303030303030304,0.0,0.16666666666666666,0.083460274032401,0.05000821310140668,0.05555555555555555,0.0,0.25196850393700787
networkadex,0.75,5.0,0.75,0.2364348817470355,0.12238975886549852,0.14285714285714285,0.0,0.5714285714285714,0.05206221900624748,0.03284383280499857,0.02857142857142857,0.0,0.19008264462809918,0.08445655498082334,0.050779847572886276,0.06451612903225806,0.0,0.25842696629213485
networkadex,0.75,5.0,1.0,0.24529416968328183,0.1269063646906543,0.3333333333333333,0.0,0.6428571428571429,0.0537602083999635,0.03376230185369568,0.05555555555555555,0.0,0.16666666666666666,0.08730379264046206,0.0524664997873019,0.06451612903225806,0.0,0.26168224299065423
networkadex,0.75,5.0,2.0,0.26903332536429553,0.1338616788017775,0.5,0.02040816326530612,0.7142857142857143,0.05923191375164329,0.03621154192274736,0.07142857142857142,0.004101722723543888,0.17218543046357615,0.09612955246272156,0.056093664627061994,0.06451612903225806,0.00801924619085806,0.26530612244897955
networkadex,0.75,5.0,3.0,0.29213246591042513,0.13753971108031351,0.3333333333333333,0.03225806451612903,0.7142857142857143,0.06430831781277153,0.037339801678366195,0.03592814371257485,0.004922067268252666,0.18181818181818182,0.10436045230853397,0.057712754690661214,0.058536585365853655,0.009623095429029671,0.26666666666666666
networkadex,0.75,5.0,5.0,0.32781133812384905,0.1412333851159071,0.3333333333333333,0.04504504504504504,0.7857142857142857,0.07202831102054537,0.03917946701991173,0.05,0.004922067268252666,0.2231404958677686,0.11693078763550238,0.06013603692608079,0.06493506493506493,0.009623095429029671,0.30337078651685395
networkadex,1.0,0,0,0.08754275202536727,0.060453233674130455,0.0,0.0,0.56353591160221,0.01978925680511964,0.0157758449867405,0.0,0.0,0.12702366127023662,0.03193427754870584,0.02451451828900863,0.0,0.0,0.20731707317073175
networkadex,1.0,0,0.1,0.09234061319363471,0.060530024476928804,0.0,0.0,0.49171270718232046,0.020887399276117425,0.01690696106086429,0.0,0.0,0.11083437110834371,0.03366432906399143,0.025851668773002923,0.0,0.0,0.18089430894308944
networkadex,1.0,0,0.25,0.10089127492461324,0.06260918722576041,0.0,0.0,0.5414364640883977,0.022608452820769974,0.016715373319305914,0.0,0.0,0.12204234122042341,0.03652631715942258,0.025828484079872937,0.0,0.0,0.19918699186991867
networkadex,1.0,0,0.5,0.11846617926759143,0.06431731643488585,0.14285714285714285,0.0,0.5359116022099447,0.026340860562744532,0.017489356431024644,0.0,0.0,0.12079701120797011,0.04260388791425595,0.026781691564536518,0.0,0.0,0.19715447154471544
networkadex,1.0,0,0.75,0.14017084677475428,0.07383305297986582,0.09090909090909091,0.0,0.5082872928176796,0.03154539182728438,0.02095122478693698,0.0,0.0,0.1322314049586777,0.050932654340011284,0.03191560125890559,0.0,0.0,0.18699186991869918
networkadex,1.0,0,1.0,0.1563615677089258,0.0795400237096782,0.125,0.0,0.4972375690607735,0.03505465444498129,0.022464859590015263,0.03571428571428571,0.0,0.1487603305785124,0.05664847456687035,0.03420988803721944,0.023166023166023165,0.0,0.20224719101123595
networkadex,1.0,0,2.0,0.24689412271787153,0.10913341304829557,0.25,0.025,0.625,0.05464410515566741,0.030788085323319232,0.0375,0.003875968992248062,0.17355371900826447,0.0885732085481892,0.0471571023844525,0.06,0.006711409395973154,0.2469135802469136
networkadex,1.0,0,3.0,0.2964923924573644,0.11505449014961165,0.2,0.0625,0.6428571428571429,0.06531919652096856,0.03279554832680152,0.07142857142857142,0.003281378178835111,0.18493150684931506,0.10598720217866638,0.05002153459718646,0.05405405405405406,0.006415396952686447,0.27692307692307694
networkadex,1.0,0,5.0,0.3324067222255426,0.12811871458035673,0.3333333333333333,0.07936507936507936,0.6875,0.07315442959037782,0.036515960371685224,0.023148148148148147,0.004922067268252666,0.20987654320987653,0.11872554245813396,0.05571181865651349,0.07804878048780488,0.009623095429029671,0.30357142857142855
networkadex,1.0,0.1,0,0.092994676299847,0.057858441037366294,0.0,0.0,0.4696132596685083,0.020830684106839612,0.015343241520968727,0.0,0.0,0.11570247933884298,0.03365102978138049,0.023629593246054355,0.0,0.0,0.17276422764227642
networkadex,1.0,0.1,0.1,0.09777280957443309,0.060567415748472214,0.0,0.0,0.4972375690607735,0.022165704602427796,0.01654916976529292,0.0,0.0,0.11207970112079702,0.03575028789174121,0.025472490556547076,0.0,0.0,0.18292682926829268
networkadex,1.0,0.1,0.25,0.10641477863632441,0.06455102261963437,0.0,0.0,0.5138121546961326,0.023869552043488052,0.01768154992891063,0.0,0.0,0.12396694214876033,0.0385350038897874,0.027076509710716103,0.0,0.0,0.18902439024390244
networkadex,1.0,0.1,0.5,0.12178193905108488,0.06948872960271321,0.14285714285714285,0.0,0.5469613259668509,0.027358707915520083,0.01883864119723474,0.0,0.0,0.1232876712328767,0.044200721070107536,0.02902126603696963,0.0,0.0,0.2012195121951219
networkadex,1.0,0.1,0.75,0.14161055764584515,0.07598389151093775,0.1111111111111111,0.0,0.5469613259668509,0.03182984924987858,0.02190981201574531,0.0,0.0,0.15702479338842976,0.05139711794851818,0.03322156318583377,0.0,0.0,0.21348314606741575
networkadex,1.0,0.1,1.0,0.1578822401906276,0.07720949162428001,0.14285714285714285,0.0,0.4530386740331492,0.035511573663165125,0.022512159567170082,0.017857142857142856,0.0,0.13580246913580246,0.05736468263251978,0.034208637794414666,0.03225806451612903,0.0,0.19642857142857142
networkadex,1.0,0.1,2.0,0.24590231464197165,0.1035630463315607,0.25,0.0,0.5789473684210527,0.05431768355657862,0.02910965560492052,0.058823529411764705,0.0,0.17355371900826447,0.08807463271889768,0.04443180985268637,0.05555555555555555,0.0,0.23762376237623759
networkadex,1.0,0.1,3.0,0.3013203786532525,0.11824606116966307,0.25,0.07207207207207207,0.7142857142857143,0.06641515336110905,0.03377192749925442,0.051094890510948905,0.005742411812961444,0.18493150684931506,0.10773008652278042,0.05146145179214832,0.13333333333333333,0.011226944667201285,0.27692307692307694
networkadex,1.0,0.1,5.0,0.3328814741726248,0.1304554033281505,0.3333333333333333,0.06666666666666667,0.7368421052631579,0.07288583509239346,0.036069260794045155,0.05027932960893855,0.006562756357670222,0.20987654320987653,0.11839325435679822,0.05529752595591537,0.08333333333333333,0.012830793905372895,0.30357142857142855
networkadex,1.0,0.25,0,0.10189504405807973,0.058329418424242496,0.0,0.0,0.4861878453038674,0.02270630488675469,0.015483769108944237,0.0,0.0,0.1095890410958904,0.03671162400695003,0.023922033168518698,0.0,0.0,0.17886178861788615
networkadex,1.0,0.25,0.1,0.10695849854127504,0.06719760433919904,0.0,0.0,0.5138121546961326,0.024419716682214546,0.019005713091050317,0.0,0.0,0.12396694214876033,0.03931618669165449,0.02903056806818765,0.0,0.0,0.18902439024390244
networkadex,1.0,0.25,0.25,0.11679860701663554,0.06372105429903849,0.1111111111111111,0.0,0.5580110497237569,0.026332244732065364,0.017660707001778474,0.028846153846153848,0.0,0.12577833125778332,0.04250970182486067,0.027016338982102716,0.0,0.0,0.20528455284552846
networkadex,1.0,0.25,0.5,0.1282256651419587,0.06990580797637158,0.14285714285714285,0.0,0.5580110497237569,0.02880346992241988,0.01994260072599797,0.0,0.0,0.1487603305785124,0.046521186932946386,0.030284923148835206,0.0,0.0,0.20528455284552846
networkadex,1.0,0.25,0.75,0.16012235670541414,0.07984603996793055,0.2,0.0,0.4972375690607735,0.035649656371638756,0.02166579339648052,0.02197802197802198,0.0,0.12396694214876033,0.05773111676584365,0.033384561418441816,0.041379310344827586,0.0,0.18292682926829268
networkadex,1.0,0.25,1.0,0.17948875652733173,0.08000799183455468,0.14285714285714285,0.0,0.5469613259668509,0.03996962522566723,0.02335979963434017,0.023809523809523808,0.0,0.18181818181818182,0.06468317787096584,0.035344549914973725,0.03902439024390244,0.0,0.24719101123595508
networkadex,1.0,0.25,2.0,0.2624670355145907,0.1065447464503713,0.3333333333333333,0.06666666666666667,0.5714285714285714,0.058000372593976654,0.03049773747169248,0.07142857142857142,0.003281378178835111,0.16556291390728478,0.09405115761284122,0.04657445666512094,0.051948051948051945,0.006415396952686447,0.2551020408163266
networkadex,1.0,0.25,3.0,0.302460303698496,0.11978595776106435,0.4,0.06349206349206349,0.7142857142857143,0.06655998614276067,0.034045807325521794,0.07142857142857142,0.006562756357670222,0.19834710743801653,0.1079980706813812,0.05196775614766608,0.03703703703703704,0.012830793905372895,0.2696629213483146
networkadex,1.0,0.25,5.0,0.33130203798516333,0.12677106229527593,0.3333333333333333,0.06666666666666667,0.6428571428571429,0.07288313206556449,0.036340850552446353,0.06521739130434782,0.004922067268252666,0.2066115702479339,0.11828323484992956,0.05536696256835932,0.125,0.009623095429029671,0.28717948717948716
networkadex,1.0,0.5,0,0.12452131723902214,0.06771029924741764,0.12,0.0,0.5193370165745856,0.02785471570825134,0.018393574941351336,0.0,0.0,0.11706102117061021,0.04503985409852946,0.02831422780605938,0.0,0.0,0.19105691056910568
networkadex,1.0,0.5,0.1,0.1247950526339967,0.062474613021479136,0.125,0.0,0.46408839779005523,0.02770380076337644,0.017113083479182837,0.03571428571428571,0.0,0.11570247933884298,0.044835741748511494,0.026177012838156665,0.0,0.0,0.17073170731707316
networkadex,1.0,0.5,0.25,0.1400942376411473,0.07061829441750406,0.1111111111111111,0.0,0.5414364640883977,0.03132863983367738,0.0198561014047947,0.0,0.0,0.12204234122042341,0.050626019130917015,0.030334891577506653,0.0,0.0,0.19918699186991867
networkadex,1.0,0.5,0.5,0.1572059864985628,0.07258330749676542,0.14285714285714285,0.0,0.49171270718232046,0.03525567089182796,0.021114855503752174,0.0136986301369863,0.0,0.12396694214876033,0.05699319199877318,0.032140611420177975,0.0,0.0,0.18089430894308944
networkadex,1.0,0.5,0.75,0.176969346678317,0.07769919924852212,0.14285714285714285,0.0,0.5524861878453039,0.0396325475171781,0.023153809289789606,0.018518518518518517,0.0,0.15702479338842976,0.0640707047089493,0.0350296114271994,0.05555555555555555,0.0,0.21348314606741575
networkadex,1.0,0.5,1.0,0.19863016365548475,0.08678479615417554,0.16666666666666666,0.0,0.5359116022099447,0.04425859474467965,0.025422902405783078,0.047619047619047616,0.0,0.15702479338842976,0.07163463938402057,0.03859775354699405,0.043668122270742356,0.0,0.21348314606741575
networkadex,1.0,0.5,2.0,0.26801310493250274,0.11048542352296076,0.2,0.07894736842105263,0.585635359116022,0.05913284319247712,0.031400280836097395,0.05555555555555555,0.004101722723543888,0.19008264462809918,0.0958950295405119,0.04785725864168399,0.06451612903225806,0.00801924619085806,0.25842696629213485
networkadex,1.0,0.5,3.0,0.3071858721941209,0.1210786222571084,0.25,0.06878306878306878,0.7142857142857143,0.06751070578114861,0.03373802619450648,0.058823529411764705,0.005742411812961444,0.18085106382978725,0.10958725841547241,0.05175955145711478,0.06451612903225806,0.011226944667201285,0.26666666666666666
networkadex,1.0,0.5,5.0,0.3330763421423091,0.13121359468256255,0.5,0.08333333333333333,0.7857142857142857,0.07319203285844929,0.03662780905306732,0.05,0.005742411812961444,0.19834710743801653,0.11880503780395671,0.056028079696561886,0.125,0.011226944667201285,0.27692307692307694
networkadex,1.0,0.75,0,0.13679395229803662,0.06853170498239021,0.14285714285714285,0.0,0.5193370165745856,0.030431992596567287,0.018810996579299667,0.0,0.0,0.12396694214876033,0.04928122864152693,0.0289345671222792,0.0,0.0,0.19105691056910568
networkadex,1.0,0.75,0.1,0.1400329773110551,0.06381662360145922,0.1111111111111111,0.0,0.5359116022099447,0.031185530031516653,0.018115936725081022,0.0,0.0,0.12079701120797011,0.050445954750289033,0.027607456673534637,0.0,0.0,0.19715447154471544
networkadex,1.0,0.75,0.25,0.15568482909338702,0.06744126817912137,0.2,0.0,0.5303867403314917,0.03448897541459318,0.01971775185350516,0.030303030303030304,0.0,0.1652892561983471,0.05582288038719754,0.029627019936585588,0.05555555555555555,0.0,0.2247191011235955
networkadex,1.0,0.75,0.5,0.1764724770120951,0.0811391328445186,0.2,0.02564102564102564,0.5469613259668509,0.03925536700951991,0.02338630119157056,0.044444444444444446,0.003281378178835111,0.19008264462809918,0.0635458448743297,0.03549367918704,0.03902439024390244,0.006415396952686447,0.25842696629213485
networkadex,1.0,0.75,0.75,0.1964282479714568,0.0863394446570989,0.2,0.05,0.5469613259668509,0.04345569406037786,0.02475463457651598,0.047619047619047616,0.005742411812961444,0.17355371900826447,0.07038616127044729,0.03757533998166674,0.022222222222222223,0.010362694300518135,0.23595505617977525
networkadex,1.0,0.75,1.0,0.21795960246811816,0.09023363945954246,0.25,0.03636363636363636,0.5469613259668509,0.04830301656660496,0.02577126917850028,0.02857142857142857,0.003281378178835111,0.14814814814814814,0.07829304218406222,0.03941664076432982,0.06557377049180328,0.006415396952686447,0.2153846153846154
networkadex,1.0,0.75,2.0,0.27389162385633226,0.11511196215733394,0.2,0.06451612903225806,0.6428571428571429,0.06043451730180691,0.03179053382931077,0.058823529411764705,0.003281378178835111,0.18181818181818182,0.09805841505126603,0.048820806215386134,0.05911330049261084,0.006415396952686447,0.2564102564102564
networkadex,1.0,0.75,3.0,0.30609950078106823,0.11984546850039152,0.3333333333333333,0.07407407407407407,0.6190476190476191,0.06758514561280135,0.034713661402387484,0.037037037037037035,0.004101722723543888,0.19008264462809918,0.10963087316809572,0.052947974128763266,0.06896551724137931,0.00801924619085806,0.26153846153846155
networkadex,1.0,0.75,5.0,0.3364264230932354,0.13044463820443908,0.5,0.07936507936507936,0.7142857142857143,0.07394808085034242,0.03678295775422964,0.05027932960893855,0.004922067268252666,0.2066115702479339,0.12005471102794772,0.05625383563271435,0.13333333333333333,0.009623095429029671,0.28717948717948716
networkadex,1.0,1.0,0,0.1565964175984579,0.07662018872672381,0.14285714285714285,0.03125,0.5303867403314917,0.034821596851759895,0.021005439895806426,0.03333333333333333,0.002461033634126333,0.11955168119551682,0.056375867531847194,0.032310943530217115,0.027777777777777776,0.0048115477145148355,0.19512195121951217
networkadex,1.0,1.0,0.1,0.1672111673091394,0.06920910192932221,0.25,0.04838709677419355,0.5027624309392266,0.036988749230651874,0.019607065707612302,0.03571428571428571,0.004101722723543888,0.1133250311332503,0.059949359228837075,0.0299801187875955,0.03225806451612903,0.00801924619085806,0.18495934959349591
networkadex,1.0,1.0,0.25,0.17500175435964424,0.07445868941342783,0.14285714285714285,0.03636363636363636,0.5138121546961326,0.03874608205533158,0.020963045223633594,0.023255813953488372,0.002461033634126333,0.11581569115815692,0.06280860803287382,0.03215877300243143,0.05555555555555555,0.0048115477145148355,0.18902439024390244
networkadex,1.0,1.0,0.5,0.19018680465606447,0.0843407352781408,0.14285714285714285,0.041666666666666664,0.5303867403314917,0.042278540179425395,0.024339420369216446,0.0273972602739726,0.004922067268252666,0.15702479338842976,0.06845785797905446,0.03704849403591373,0.0425531914893617,0.009623095429029671,0.21348314606741575
networkadex,1.0,1.0,0.75,0.21197173237502398,0.09155254017210968,0.16666666666666666,0.041666666666666664,0.5524861878453039,0.04694890708645899,0.026683816938280674,0.030864197530864196,0.004922067268252666,0.18181818181818182,0.07606301321333328,0.04054337050787051,0.06896551724137931,0.009623095429029671,0.25
networkadex,1.0,1.0,1.0,0.22424718180077072,0.09710510736755301,0.2,0.04838709677419355,0.55,0.04971629540223033,0.02841649643928467,0.018518518518518517,0.002461033634126333,0.2066115702479339,0.08056156912594689,0.04310694107402534,0.06451612903225806,0.0048115477145148355,0.28089887640449435
networkadex,1.0,1.0,2.0,0.2779240467237496,0.11555663621039153,0.2,0.06666666666666667,0.6666666666666666,0.06147832868888694,0.033383290028508726,0.058823529411764705,0.003281378178835111,0.19834710743801653,0.09967111200823746,0.05080221539150253,0.07142857142857142,0.006415396952686447,0.27722772277227725
networkadex,1.0,1.0,3.0,0.3103278946532969,0.12552814921757413,0.2,0.07936507936507936,0.7142857142857143,0.06848827492166251,0.03558016057584706,0.0547945205479452,0.005742411812961444,0.19008264462809918,0.11108828268039073,0.05447841536301741,0.06451612903225806,0.011226944667201285,0.2680412371134021
networkadex,1.0,1.0,5.0,0.3383215334758529,0.13112772634771871,0.5,0.06666666666666667,0.7142857142857143,0.07434356308829247,0.03719009870214406,0.06521739130434782,0.004922067268252666,0.21232876712328766,0.12069283088096366,0.05681781143567554,0.0851063829787234,0.009623095429029671,0.31794871794871793
networkadex,1.0,2.0,0,0.19743810189100605,0.08676301805552927,0.2,0.05454545454545454,0.5238095238095238,0.04356189626743897,0.024524805926029805,0.07142857142857142,0.004101722723543888,0.14049586776859505,0.07064166005304012,0.03757703194000449,0.05405405405405406,0.00801924619085806,0.21782178217821782
networkadex,1.0,2.0,0.1,0.1996959137737551,0.08986377331247063,0.14285714285714285,0.047619047619047616,0.5193370165745856,0.04418769783974755,0.024920480503920577,0.03592814371257485,0.004922067268252666,0.14049586776859505,0.07163541685950549,0.03833917180710921,0.03225806451612903,0.009623095429029671,0.19417475728155342
networkadex,1.0,2.0,0.25,0.20975653044027143,0.09129042557298542,0.2857142857142857,0.058823529411764705,0.5193370165745856,0.046184577678986566,0.025701677718289958,0.058823529411764705,0.004922067268252666,0.17355371900826447,0.0748947457431439,0.039248134040322576,0.04081632653061224,0.009623095429029671,0.23595505617977525
networkadex,1.0,2.0,0.5,0.2234752624298408,0.09680549618580178,0.2,0.06451612903225806,0.5714285714285714,0.04932677905776854,0.027355701956121716,0.0410958904109589,0.003281378178835111,0.16049382716049382,0.07999291823775044,0.0418536040764336,0.06741573033707865,0.006415396952686447,0.23762376237623759
networkadex,1.0,2.0,0.75,0.23552906004144988,0.10322401435057149,0.2,0.04838709677419355,0.5625,0.051911887130288,0.028447011621457442,0.05555555555555555,0.003281378178835111,0.14049586776859505,0.08421574538017755,0.04377687613632159,0.05555555555555555,0.006415396952686447,0.22222222222222224
networkadex,1.0,2.0,1.0,0.24131129868569362,0.10059328168140697,0.3333333333333333,0.07936507936507936,0.55,0.0532048261822825,0.028390613279382526,0.058823529411764705,0.003281378178835111,0.1652892561983471,0.0863005154739793,0.043438310438267076,0.05555555555555555,0.006415396952686447,0.2247191011235955
networkadex,1.0,2.0,2.0,0.28227043097432014,0.1172371312250793,0.25,0.08333333333333333,0.6428571428571429,0.06205762619406657,0.03257564007110635,0.07142857142857142,0.004101722723543888,0.18181818181818182,0.10072227550349395,0.04992790311213717,0.0816326530612245,0.00801924619085806,0.24719101123595508
networkadex,1.0,2.0,3.0,0.31291765421489365,0.12500978037193503,0.25,0.09090909090909091,0.65,0.06892117019895976,0.03564089730674056,0.1,0.005742411812961444,0.19834710743801653,0.11180240967628953,0.05435390994473998,0.07881773399014778,0.011226944667201285,0.28717948717948716
networkadex,1.0,2.0,5.0,0.34336818176745676,0.1347264321401242,0.3333333333333333,0.06666666666666667,0.8571428571428571,0.07551851449329625,0.03791127695958426,0.08333333333333333,0.004101722723543888,0.19753086419753085,0.12259642138542702,0.05813037503176694,0.2,0.00801924619085806,0.2857142857142857
networkadex,1.0,3.0,0,0.21585547604385946,0.09457365726469112,0.125,0.06451612903225806,0.5414364640883977,0.047623621278518664,0.026731827719940496,0.05,0.004101722723543888,0.14049586776859505,0.07722081571954746,0.040959509919090684,0.03902439024390244,0.00801924619085806,0.21359223300970873
networkadex,1.0,3.0,0.1,0.21517500398925804,0.09750368788657035,0.2,0.03333333333333333,0.5524861878453039,0.04734047200565486,0.026714768650627756,0.05555555555555555,0.004910988336402701,0.14583333333333334,0.07680448226730885,0.04106773586128015,0.0310880829015544,0.009324009324009324,0.2204724409448819
networkadex,1.0,3.0,0.25,0.22704515264985373,0.1057181777343665,0.16666666666666666,0.047619047619047616,0.5714285714285714,0.05021809268745098,0.029243383673644558,0.0273972602739726,0.003281378178835111,0.17355371900826447,0.08142833083008495,0.044966850109927146,0.038461538461538464,0.006415396952686447,0.23595505617977525
networkadex,1.0,3.0,0.5,0.23256989482729495,0.1047963006906595,0.2,0.03333333333333333,0.5263157894736842,0.0513001859792352,0.029282043781193614,0.043478260869565216,0.004101722723543888,0.1652892561983471,0.08319618372055446,0.04487642934655991,0.0392156862745098,0.00801924619085806,0.23622047244094488
networkadex,1.0,3.0,0.75,0.24860690896892493,0.11015802446428793,0.25,0.0625,0.5714285714285714,0.05492165305053148,0.030985331981231497,0.06349206349206349,0.004101722723543888,0.17355371900826447,0.08906664194606458,0.04752328748131116,0.05,0.00801924619085806,0.25196850393700787
networkadex,1.0,3.0,1.0,0.2550576998691174,0.11443254303398982,0.2,0.05,0.6428571428571429,0.056485836173167776,0.032427412164122066,0.03571428571428571,0.004922067268252666,0.17123287671232876,0.09155717493139628,0.0497422388164059,0.04615384615384615,0.009623095429029671,0.2564102564102564
networkadex,1.0,3.0,2.0,0.2903526318707277,0.12357526317468978,0.25,0.06451612903225806,0.64,0.06406438487542206,0.03490304734653539,0.07142857142857142,0.003281378178835111,0.1875,0.10392280407095876,0.05346521399061857,0.06153846153846154,0.006415396952686447,0.28346456692913385
networkadex,1.0,3.0,3.0,0.31273780989444283,0.12735199342334674,0.2,0.08994708994708994,0.7857142857142857,0.06884856933541005,0.03544179182723437,0.038461538461538464,0.004101722723543888,0.18518518518518517,0.11173758385428258,0.05437263953019838,0.06896551724137931,0.00801924619085806,0.26785714285714285
networkadex,1.0,3.0,5.0,0.3448465474546282,0.13551934990056558,0.5,0.06666666666666667,0.7857142857142857,0.07591374027063177,0.03846390512798669,0.11538461538461539,0.004922067268252666,0.2222222222222222,0.12320052474106638,0.058799045219547943,0.06451612903225806,0.009623095429029671,0.3214285714285714
networkadex,1.0,5.0,0,0.22403867147395518,0.11575097793491462,0.2,0.0,0.5238095238095238,0.049094656647381774,0.030138210089599358,0.058823529411764705,0.0,0.15625,0.07972679431962161,0.04696726787348355,0.03902439024390244,0.0,0.23622047244094488
networkadex,1.0,5.0,0.1,0.218801676777761,0.11429795599968896,0.14285714285714285,0.0,0.6428571428571429,0.04827517702536271,0.030532620792920743,0.043478260869565216,0.0,0.1652892561983471,0.07830608724351457,0.047314329506171274,0.05555555555555555,0.0,0.23762376237623759
networkadex,1.0,5.0,0.25,0.22712885191620671,0.11953602365168482,0.16666666666666666,0.02040816326530612,0.5714285714285714,0.049882840701457244,0.031215752628846197,0.02857142857142857,0.004101722723543888,0.15625,0.08098861468569356,0.048661117459839295,0.14545454545454545,0.00801924619085806,0.23762376237623759
networkadex,1.0,5.0,0.5,0.23337687465816742,0.11984068592898671,0.2,0.02564102564102564,0.6428571428571429,0.05124870891030919,0.03176750061071225,0.02857142857142857,0.004922067268252666,0.15625,0.08319607029732587,0.04932984871134385,0.04878048780487805,0.008888888888888889,0.23809523809523805
networkadex,1.0,5.0,0.75,0.24058502192893144,0.12347498912109527,0.25,0.02564102564102564,0.6428571428571429,0.052909701533535546,0.03300564165127776,0.05434782608695652,0.004922067268252666,0.15753424657534246,0.08587861765354686,0.05128719661896428,0.03636363636363636,0.008888888888888889,0.23622047244094488
networkadex,1.0,5.0,1.0,0.2483609168127889,0.12427253831345794,0.2,0.016129032258064516,0.6428571428571429,0.054679859848970884,0.0331324459111321,0.019230769230769232,0.004101722723543888,0.15625,0.08874419757923284,0.05143453187923635,0.04597701149425287,0.00801924619085806,0.23622047244094488
networkadex,1.0,5.0,2.0,0.26872072115030443,0.1315440655352537,0.2,0.02564102564102564,0.7142857142857143,0.059040949223892907,0.03559496810017967,0.05,0.005376344086021506,0.18181818181818182,0.09582427371987742,0.05496547763027756,0.06451612903225806,0.008888888888888889,0.26771653543307083
networkadex,1.0,5.0,3.0,0.2936186557201521,0.13863149438563266,0.2,0.061224489795918366,0.7142857142857143,0.06459830219429502,0.03782543087641943,0.07142857142857142,0.004101722723543888,0.1875,0.10484537662161841,0.05840707475409996,0.05555555555555555,0.00801924619085806,0.28346456692913385
networkadex,1.0,5.0,5.0,0.32857750322573587,0.14280058606736232,0.5,0.0625,0.7857142857142857,0.07220395086147187,0.03954180207826251,0.02857142857142857,0.004922067268252666,0.2066115702479339,0.11721254620172789,0.06075102978030884,0.03791469194312796,0.009623095429029671,0.29906542056074764
networkadex,2.0,0,0,0.07623888067819336,0.05217094214967984,0.0,0.0,0.430939226519337,0.01717825775127022,0.013583478984217265,0.0,0.0,0.09713574097135741,0.027742905457413473,0.02114064652865392,0.0,0.0,0.15853658536585366
networkadex,2.0,0,0.1,0.07459086140591639,0.051186911389799666,0.0,0.0,0.4088397790055249,0.016741303824973144,0.013598903477883832,0.0,0.0,0.0921544209215442,0.02701624861164431,0.02101927074496197,0.0,0.0,0.15040650406504064
networkadex,2.0,0,0.25,0.07718683665098874,0.05313280895021254,0.0,0.0,0.4530386740331492,0.017351159320571897,0.014238914990925914,0.0,0.0,0.10743801652892562,0.02797357233295895,0.021796965720939077,0.0,0.0,0.16666666666666669
networkadex,2.0,0,0.5,0.09758347650393907,0.05679682965804902,0.0,0.0,0.425414364640884,0.022013376265542835,0.015918027962927447,0.0,0.0,0.12396694214876033,0.035536064505157366,0.02432575972909166,0.0,0.0,0.16853932584269665
networkadex,2.0,0,0.75,0.11271203462963836,0.06812029426097217,0.0,0.0,0.430939226519337,0.025469478691156726,0.01887399954951944,0.0,0.0,0.11570247933884298,0.041096043321871445,0.028961578939715633,0.0,0.0,0.1732283464566929
networkadex,2.0,0,1.0,0.12323993894556727,0.07196008256125538,0.0,0.0,0.47513812154696133,0.02766513553809175,0.020598774412737334,0.0,0.0,0.13829787234042554,0.04465639124822515,0.03131782676105263,0.0,0.0,0.20312499999999997
networkadex,2.0,0,2.0,0.21495764156019484,0.09046309086552318,0.25,0.039473684210526314,0.5082872928176796,0.04756048592309835,0.025750330728158514,0.03571428571428571,0.003281378178835111,0.1506849315068493,0.07710000530038523,0.03938725200440846,0.05555555555555555,0.006415396952686447,0.22564102564102564
networkadex,2.0,0,3.0,0.28277079508715613,0.1124943133554364,0.25,0.0582010582010582,0.6428571428571429,0.062156825857236746,0.03157143863336136,0.046511627906976744,0.005742411812961444,0.17355371900826447,0.10087706470246205,0.048285869368369164,0.06896551724137931,0.011226944667201285,0.2564102564102564
networkadex,2.0,0,5.0,0.32628130385232473,0.1264822994741016,0.5,0.08333333333333333,0.6521739130434783,0.07156008445614828,0.03546140620805323,0.058823529411764705,0.004922067268252666,0.1917808219178082,0.11621188448051449,0.054296598628243216,0.2,0.009623095429029671,0.28717948717948716
networkadex,2.0,0.1,0,0.07265011335883648,0.055088032708491386,0.0,0.0,0.430939226519337,0.01634756588623147,0.014085197750348917,0.0,0.0,0.09713574097135741,0.02636996808891733,0.021880798790205096,0.0,0.0,0.15853658536585366
networkadex,2.0,0.1,0.1,0.07571648529944155,0.052243442712992916,0.0,0.0,0.39226519337016574,0.01703146655399256,0.013579471273963596,0.0,0.0,0.08841843088418432,0.02748629652797345,0.02107813109793447,0.0,0.0,0.14430894308943087
networkadex,2.0,0.1,0.25,0.08591575203201146,0.05282958797419567,0.0,0.0,0.3259668508287293,0.019386692537028,0.014704496300424275,0.0,0.0,0.12396694214876033,0.03125446834402072,0.022300722204931032,0.0,0.0,0.16853932584269665
networkadex,2.0,0.1,0.5,0.09787814627819318,0.05888144934662486,0.0,0.0,0.40331491712707185,0.022056272541839016,0.01578480389250747,0.0,0.0,0.09090909090909091,0.035614978616360725,0.024455384634366195,0.0,0.0,0.1483739837398374
networkadex,2.0,0.1,0.75,0.11674943214116244,0.0650992615741163,0.0,0.0,0.43646408839779005,0.026206937153286692,0.018152199423975866,0.0,0.0,0.13580246913580246,0.04233921819969013,0.027746754863291534,0.0,0.0,0.19642857142857142
networkadex,2.0,0.1,1.0,0.13096632757480675,0.07386808862567568,0.1111111111111111,0.0,0.47513812154696133,0.029300775518031386,0.020078691345987932,0.0,0.0,0.1322314049586777,0.04737991956107171,0.030937425730239134,0.0,0.0,0.17977528089887643
networkadex,2.0,0.1,2.0,0.22292129083100437,0.09247672602319174,0.2,0.05,0.5,0.049369301062917134,0.027058777800413093,0.04,0.002461033634126333,0.18181818181818182,0.07999780441512126,0.0409454176342762,0.06896551724137931,0.0048115477145148355,0.24719101123595508
networkadex,2.0,0.1,3.0,0.28516854052285107,0.11409929172592863,0.25,0.07692307692307693,0.6111111111111112,0.06261318451356065,0.03186525349487099,0.07142857142857142,0.003281378178835111,0.19834710743801653,0.10164181432691291,0.048552871996961754,0.04201680672268907,0.006415396952686447,0.2696629213483146
networkadex,2.0,0.1,5.0,0.3291123345147422,0.12814795749216099,0.3333333333333333,0.06666666666666667,0.7857142857142857,0.0722021580188373,0.03583519783955142,0.038461538461538464,0.004922067268252666,0.19148936170212766,0.1172488306619523,0.054915016455785226,0.07881773399014778,0.009623095429029671,0.28125
networkadex,2.0,0.25,0,0.08076489716916677,0.05543534426816706,0.0,0.0,0.4198895027624309,0.01822669950309675,0.014576917151299162,0.0,0.0,0.09464508094645081,0.02938948167708849,0.022468780142653213,0.0,0.0,0.15447154471544716
networkadex,2.0,0.25,0.1,0.08287445286734461,0.055839125963507916,0.0,0.0,0.39779005524861877,0.018880422529895316,0.015691720412678776,0.0,0.0,0.1322314049586777,0.03040183523766839,0.023888788196083387,0.0,0.0,0.17977528089887643
networkadex,2.0,0.25,0.25,0.09223477180944775,0.059086364340128594,0.0,0.0,0.47513812154696133,0.020743545336134997,0.01547973781961498,0.0,0.0,0.11570247933884298,0.03351744765562649,0.023925823905429716,0.0,0.0,0.17479674796747965
networkadex,2.0,0.25,0.5,0.11479200899090689,0.060290849892669786,0.0,0.0,0.4198895027624309,0.02570485842197954,0.016605069084728034,0.0,0.0,0.09917355371900827,0.04152823928041369,0.02534156156014766,0.0,0.0,0.15447154471544716
networkadex,2.0,0.25,0.75,0.13178424132689617,0.06744081599954484,0.14285714285714285,0.0,0.44751381215469616,0.029232131473854832,0.01878307622091482,0.02564102564102564,0.0,0.13013698630136986,0.0473273261221376,0.028768091012591413,0.0,0.0,0.19487179487179487
networkadex,2.0,0.25,1.0,0.15384463042570287,0.07904863777745959,0.1,0.0,0.5263157894736842,0.03450265457129447,0.02243137072722687,0.0,0.0,0.13245033112582782,0.05578728149685116,0.03439890543853733,0.0,0.0,0.20833333333333334
networkadex,2.0,0.25,2.0,0.23544560490547928,0.10107800019050969,0.2,0.03571428571428571,0.5238095238095238,0.05202654252006894,0.028993835911551774,0.047619047619047616,0.004101722723543888,0.18181818181818182,0.08432709870049766,0.044120590026302496,0.049180327868852465,0.00801924619085806,0.2564102564102564
networkadex,2.0,0.25,3.0,0.286221753756737,0.11857796937441126,0.3333333333333333,0.0625,0.6,0.06313116102379608,0.03340443495234812,0.05555555555555555,0.003281378178835111,0.17123287671232876,0.10243186141679839,0.05121917458856702,0.06451612903225806,0.006415396952686447,0.2564102564102564
networkadex,2.0,0.25,5.0,0.3283535927167703,0.12790147534155585,0.3333333333333333,0.07407407407407407,0.6428571428571429,0.07219705506690662,0.03666865472744087,0.04,0.004922067268252666,0.2066115702479339,0.11717967972404014,0.05586099132824764,0.05555555555555555,0.009623095429029671,0.28717948717948716
networkadex,2.0,0.5,0,0.09128997876331503,0.057396557180212096,0.0,0.0,0.4419889502762431,0.020526904052931724,0.015468816856693036,0.0,0.0,0.099626400996264,0.03313737657620328,0.023838572228338406,0.0,0.0,0.16260162601626016
networkadex,2.0,0.5,0.1,0.10093281382838205,0.06111528131600934,0.0,0.0,0.3867403314917127,0.02258236371540017,0.01625710246886816,0.0,0.0,0.09574468085106383,0.0365234798918678,0.025202426399794014,0.0,0.0,0.14227642276422764
networkadex,2.0,0.5,0.25,0.11528487353433835,0.06257790741539715,0.12,0.0,0.44751381215469616,0.025788031153939964,0.01739941904430826,0.0,0.0,0.10743801652892562,0.0416819167386529,0.026666099616431124,0.0,0.0,0.16494845360824742
networkadex,2.0,0.5,0.5,0.13222586326700145,0.07039924407523876,0.1,0.0,0.4530386740331492,0.029715466964267006,0.01939496884782659,0.0,0.0,0.10416666666666667,0.04800228698447883,0.02984770180144312,0.0,0.0,0.16666666666666669
networkadex,2.0,0.5,0.75,0.14918908749569898,0.07390148541116662,0.1,0.0,0.4419889502762431,0.03314138963095359,0.02002119816888307,0.0,0.0,0.10743801652892562,0.0536855814343353,0.03093149325736162,0.0,0.0,0.16260162601626016
networkadex,2.0,0.5,1.0,0.17206557115928606,0.0786264664776409,0.25,0.020833333333333332,0.47513812154696133,0.03833087697911146,0.022409813812911288,0.02564102564102564,0.004101722723543888,0.13829787234042554,0.06206406103958738,0.03440526976663027,0.0320855614973262,0.007575757575757576,0.20312499999999997
networkadex,2.0,0.5,2.0,0.24618049376371026,0.09999936017753085,0.2,0.058823529411764705,0.5714285714285714,0.054252966768661044,0.029121698462363524,0.05,0.003281378178835111,0.18181818181818182,0.08799711007858843,0.04423307580548096,0.06153846153846154,0.006415396952686447,0.2564102564102564
networkadex,2.0,0.5,3.0,0.2974969214030132,0.12224771315018888,0.2,0.07692307692307693,0.6428571428571429,0.06560296264800823,0.034656687782962034,0.05434782608695652,0.004922067268252666,0.18181818181818182,0.10641753526025861,0.05294877431734458,0.08275862068965517,0.009623095429029671,0.26771653543307083
networkadex,2.0,0.5,5.0,0.3297443869373125,0.12551327222572667,0.5,0.06666666666666667,0.6428571428571429,0.07241372695297338,0.03535589392127014,0.07142857142857142,0.004922067268252666,0.1917808219178082,0.11757660710843343,0.05405696429232056,0.125,0.009623095429029671,0.28717948717948716
networkadex,2.0,0.75,0,0.11471066182048209,0.06061147064547228,0.1,0.0,0.4696132596685083,0.025546872035661736,0.01657476442217672,0.0,0.0,0.10585305105853052,0.04134624890195321,0.025376363661625448,0.0,0.0,0.17276422764227642
networkadex,2.0,0.75,0.1,0.12209580378680486,0.06536729429420361,0.2,0.0,0.48066298342541436,0.02717940340471361,0.017930043034283496,0.0,0.0,0.10834371108343711,0.0439912742034647,0.027599195399814837,0.0,0.0,0.17682926829268295
networkadex,2.0,0.75,0.25,0.1262880927772219,0.06434311924964972,0.14285714285714285,0.0,0.4585635359116022,0.02814058006928953,0.017772507823669573,0.0,0.0,0.10638297872340426,0.04551293253992293,0.0271971034435197,0.0,0.0,0.16869918699186992
networkadex,2.0,0.75,0.5,0.14944824429375614,0.07206148862366572,0.14285714285714285,0.0,0.4585635359116022,0.03345160532893512,0.020294179079298463,0.047619047619047616,0.0,0.12396694214876033,0.05409874117527436,0.0310739680037057,0.0,0.0,0.16869918699186992
networkadex,2.0,0.75,0.75,0.16644777002187022,0.07138351198538656,0.2,0.037037037037037035,0.46408839779005523,0.03664556654047677,0.020189367756470105,0.05,0.004101722723543888,0.1487603305785124,0.0594166075543018,0.030674213293371982,0.04580152671755725,0.00801924619085806,0.20224719101123595
networkadex,2.0,0.75,1.0,0.18916276406860255,0.08217169372026265,0.25,0.020833333333333332,0.44,0.04159863436047974,0.022712940939567654,0.038461538461538464,0.002461033634126333,0.14049586776859505,0.06747692789269608,0.034652353411219354,0.03703703703703704,0.0048115477145148355,0.19101123595505617
networkadex,2.0,0.75,2.0,0.26156916821180765,0.10721054200726896,0.25,0.08465608465608465,0.5714285714285714,0.057736483505998464,0.030779831198184032,0.05555555555555555,0.004101722723543888,0.1728395061728395,0.09364902526355229,0.04700097547607455,0.04633204633204633,0.00801924619085806,0.25
networkadex,2.0,0.75,3.0,0.2969472577470166,0.11966369730329886,0.25,0.07894736842105263,0.6428571428571429,0.06532666814546773,0.033695323224443845,0.047619047619047616,0.004101722723543888,0.1780821917808219,0.10601589080138754,0.05152775436385069,0.19999999999999998,0.00801924619085806,0.26666666666666666
networkadex,2.0,0.75,5.0,0.33407119536219637,0.13193181386469907,0.2857142857142857,0.08333333333333333,0.65,0.07329941163873441,0.03685151002936285,0.04411764705882353,0.004922067268252666,0.19753086419753085,0.1190295714101869,0.05647952892836017,0.13333333333333333,0.009623095429029671,0.28717948717948716
networkadex,2.0,1.0,0,0.13383055312465575,0.05909735061941924,0.16666666666666666,0.0,0.4198895027624309,0.02968550118763873,0.016312183480578352,0.016129032258064516,0.0,0.09464508094645081,0.04809656521736287,0.025045647900114137,0.025974025974025972,0.0,0.15447154471544716
networkadex,2.0,1.0,0.1,0.13908112045245788,0.06725925572395491,0.14285714285714285,0.0,0.40331491712707185,0.031065706414773464,0.01921274112975399,0.024691358024691357,0.0,0.1095890410958904,0.050242328414075325,0.02929373328434336,0.0,0.0,0.16410256410256407
networkadex,2.0,1.0,0.25,0.14760481469620967,0.07048195603878987,0.16666666666666666,0.016129032258064516,0.43646408839779005,0.03276878155757623,0.019680672478800627,0.023809523809523808,0.002461033634126333,0.11570247933884298,0.053078019543900457,0.030169334288671083,0.041379310344827586,0.0048115477145148355,0.16326530612244897
networkadex,2.0,1.0,0.5,0.16952576808180542,0.07840778081456948,0.16666666666666666,0.014705882352941176,0.4666666666666667,0.0373593428100632,0.021536439366925873,0.05,0.002461033634126333,0.13013698630136986,0.06059932846160787,0.033064061105996585,0.04878048780487805,0.0048115477145148355,0.19487179487179487
networkadex,2.0,1.0,0.75,0.1770524195535442,0.07916620120427778,0.25,0.03225806451612903,0.42857142857142855,0.0389884798130215,0.021793146733555018,0.023255813953488372,0.003683241252302026,0.12396694214876033,0.06321876420353219,0.033337216467047334,0.04633204633204633,0.006993006993006993,0.171875
networkadex,2.0,1.0,1.0,0.2006442035374553,0.08865126127165623,0.25,0.06451612903225806,0.5263157894736842,0.044238421059701764,0.024477500903371273,0.047619047619047616,0.004101722723543888,0.13013698630136986,0.07175896846080963,0.03768320782545604,0.0320855614973262,0.00801924619085806,0.19487179487179487
networkadex,2.0,1.0,2.0,0.2561611500996127,0.10379146141119995,0.25,0.06666666666666667,0.5714285714285714,0.05648145737640545,0.029439617972495495,0.03125,0.003281378178835111,0.14583333333333334,0.09164314475289284,0.04514014201406012,0.05555555555555555,0.006415396952686447,0.22680412371134023
networkadex,2.0,1.0,3.0,0.3013874933629478,0.12330687559184951,0.5,0.08333333333333333,0.6060606060606061,0.0663965016686717,0.034284600724777736,0.047619047619047616,0.003281378178835111,0.1773049645390071,0.10777431141922625,0.052712611255750136,0.07881773399014778,0.006415396952686447,0.2631578947368421
networkadex,2.0,1.0,5.0,0.33307702775111464,0.12960632732205402,0.3333333333333333,0.09009009009009009,0.7857142857142857,0.0730595062516077,0.035904511272348325,0.037037037037037035,0.004101722723543888,0.1917808219178082,0.11864327391379088,0.05501210647298908,0.0851063829787234,0.00801924619085806,0.28717948717948716
networkadex,2.0,2.0,0,0.17654739181114984,0.0810178023851547,0.14285714285714285,0.0375,0.4782608695652174,0.03901936082349342,0.022817997645509177,0.05555555555555555,0.003281378178835111,0.14583333333333334,0.06326075041943252,0.035053702600321326,0.03902439024390244,0.006415396952686447,0.2204724409448819
networkadex,2.0,2.0,0.1,0.17847606452088516,0.08165420306966781,0.25,0.047619047619047616,0.5,0.03955043428725275,0.023742090397113006,0.023255813953488372,0.002461033634126333,0.14375,0.06407372065123405,0.03618016969664799,0.05555555555555555,0.0048115477145148355,0.22330097087378636
networkadex,2.0,2.0,0.25,0.19257030106577555,0.09011051145937624,0.14285714285714285,0.0379746835443038,0.5217391304347826,0.0425878336629796,0.02494279198967517,0.017857142857142856,0.002461033634126333,0.14285714285714285,0.06906514488202023,0.03843685256923635,0.03636363636363636,0.0048115477145148355,0.2242990654205607
networkadex,2.0,2.0,0.5,0.20550816100152958,0.09458021375672478,0.2,0.05442176870748299,0.5303867403314917,0.045484558222593556,0.026536769317890622,0.0392156862745098,0.003281378178835111,0.15625,0.07373481093128689,0.040840476357446504,0.05405405405405406,0.006415396952686447,0.23622047244094488
networkadex,2.0,2.0,0.75,0.21429581964906547,0.09700219359978834,0.16666666666666666,0.06521739130434782,0.5238095238095238,0.04728284011864829,0.02662566260577758,0.03007518796992481,0.003281378178835111,0.1487603305785124,0.07669032015187192,0.040979310736822684,0.07142857142857142,0.006415396952686447,0.2075471698113208
networkadex,2.0,2.0,1.0,0.22783609611142377,0.10009942651722073,0.16666666666666666,0.0759493670886076,0.5238095238095238,0.0503469467022068,0.02816151372932435,0.07142857142857142,0.004922067268252666,0.14893617021276595,0.08161057585764174,0.043147371455365756,0.04633204633204633,0.009623095429029671,0.21875
networkadex,2.0,2.0,2.0,0.27201956268253813,0.11682568020331799,0.25,0.06451612903225806,0.6,0.06002000603043335,0.03323384440844257,0.03225806451612903,0.004922067268252666,0.19753086419753085,0.09735459254861697,0.05087482330713143,0.0898876404494382,0.009623095429029671,0.2857142857142857
networkadex,2.0,2.0,3.0,0.3046821727802777,0.12142974233314671,0.3333333333333333,0.09523809523809523,0.7142857142857143,0.06712981204127666,0.034307829268089056,0.03571428571428571,0.004101722723543888,0.18,0.10894679699167818,0.052591956866681375,0.05555555555555555,0.00801924619085806,0.28571428571428575
networkadex,2.0,2.0,5.0,0.33814670348515413,0.1320989107530955,0.25,0.09090909090909091,0.7857142857142857,0.07427110632062862,0.03713728562803377,0.038461538461538464,0.005742411812961444,0.19008264462809918,0.12057044315702055,0.05685603351003336,0.07407407407407408,0.011226944667201285,0.27692307692307694
networkadex,2.0,3.0,0,0.19726771349294805,0.0890643074849336,0.25,0.05,0.47619047619047616,0.04347872768460371,0.024812820789060847,0.029411764705882353,0.002461033634126333,0.14383561643835616,0.07053028733444365,0.038130169164031294,0.05714285714285715,0.0048115477145148355,0.2153846153846154
networkadex,2.0,3.0,0.1,0.2026855896908914,0.09785824907042964,0.3333333333333333,0.03333333333333333,0.5238095238095238,0.044943388801307695,0.02695534712633942,0.047619047619047616,0.003281378178835111,0.14583333333333334,0.07285126860864727,0.04165084770574633,0.03902439024390244,0.006415396952686447,0.2204724409448819
networkadex,2.0,3.0,0.25,0.20657667223992127,0.09785271553917112,0.14285714285714285,0.04504504504504504,0.5,0.04536077117970453,0.026899610138488357,0.02857142857142857,0.006562756357670222,0.1487603305785124,0.0735876833814197,0.04131893328413531,0.04278074866310161,0.012830793905372895,0.21359223300970873
networkadex,2.0,3.0,0.5,0.21963496440507868,0.1031045614661551,0.2,0.0625,0.5714285714285714,0.04843739217661455,0.027767519745830985,0.07142857142857142,0.004101722723543888,0.1375,0.0785868239625133,0.0430111772746983,0.04615384615384615,0.00801924619085806,0.21782178217821782
networkadex,2.0,3.0,0.75,0.22632579553067916,0.10094270565736935,0.2,0.07407407407407407,0.49171270718232046,0.04992893288909114,0.027609990601128804,0.02564102564102564,0.004101722723543888,0.14583333333333334,0.08100556237111248,0.04264570925819284,0.1111111111111111,0.00801924619085806,0.2204724409448819
networkadex,2.0,3.0,1.0,0.23827008164803498,0.10944644678243526,0.3333333333333333,0.06451612903225806,0.6428571428571429,0.052472194411980255,0.030134978358113847,0.047619047619047616,0.004922067268252666,0.15625,0.08511952491664308,0.04639220046935651,0.04597701149425287,0.009623095429029671,0.23622047244094488
networkadex,2.0,3.0,2.0,0.27894569695376514,0.11973521734871621,0.25,0.05,0.6428571428571429,0.061399278916347506,0.03356506526403213,0.07142857142857142,0.005742411812961444,0.18518518518518517,0.09962189641522984,0.051511568160459,0.07881773399014778,0.011226944667201285,0.26785714285714285
networkadex,2.0,3.0,3.0,0.3067281232694351,0.1271820975141391,0.5,0.08333333333333333,0.7142857142857143,0.06731343588543523,0.03523650205567742,0.038461538461538464,0.005742411812961444,0.1780821917808219,0.10929283700207498,0.054188681375726265,0.07253886010362694,0.011226944667201285,0.26666666666666666
networkadex,2.0,3.0,5.0,0.3378535122542875,0.13368105371618405,0.5,0.10416666666666667,0.7857142857142857,0.07448247233300695,0.0381455980317764,0.045454545454545456,0.004922067268252666,0.20987654320987653,0.1208492719759359,0.05832936879474404,0.05555555555555555,0.009623095429029671,0.30357142857142855
networkadex,2.0,5.0,0,0.21005295022967896,0.10626703747350669,0.3333333333333333,0.0,0.6428571428571429,0.046081347640316885,0.027766537224870352,0.02564102564102564,0.0,0.14,0.0748304545830221,0.04331618134516683,0.03278688524590164,0.0,0.2222222222222222
networkadex,2.0,5.0,0.1,0.21269822768888608,0.11375602292292988,0.14285714285714285,0.0,0.5714285714285714,0.0467995987657983,0.029829486155809888,0.07142857142857142,0.0,0.15625,0.07597205178960571,0.04652138652038331,0.0,0.0,0.23622047244094488
networkadex,2.0,5.0,0.25,0.2184908918087073,0.11063356994283068,0.25,0.04081632653061224,0.5714285714285714,0.048074719424340856,0.029721543981455087,0.0273972602739726,0.004101722723543888,0.1506849315068493,0.0780192244989712,0.04610596513242009,0.03636363636363636,0.00801924619085806,0.22564102564102564
networkadex,2.0,5.0,0.5,0.2252169147001694,0.11093820776326101,0.2,0.03225806451612903,0.6428571428571429,0.049465226716334125,0.029324576023651135,0.0410958904109589,0.005742411812961444,0.14583333333333334,0.0803088203525064,0.04561847298356988,0.03571428571428572,0.011226944667201285,0.2222222222222222
networkadex,2.0,5.0,0.75,0.22986958338565008,0.11364864258205247,0.25,0.02040816326530612,0.7142857142857143,0.05055300097405365,0.03017614590356506,0.05,0.004101722723543888,0.14285714285714285,0.08207057511400279,0.04689676237661673,0.015151515151515152,0.00801924619085806,0.2242990654205607
networkadex,2.0,5.0,1.0,0.24034555893882711,0.12043439626472642,0.2,0.03225806451612903,0.7142857142857143,0.052892046331428626,0.03179315196655612,0.06451612903225806,0.003281378178835111,0.16666666666666666,0.08586530578095901,0.04944805376426146,0.03821656050955414,0.006415396952686447,0.25196850393700787
networkadex,2.0,5.0,2.0,0.26580785989492706,0.12606379710363483,0.2,0.016129032258064516,0.7142857142857143,0.058444999174416326,0.03430505170254565,0.038461538461538464,0.004922067268252666,0.17708333333333334,0.09486250290574673,0.05298526155864373,0.13333333333333333,0.008298755186721992,0.26771653543307083
networkadex,2.0,5.0,3.0,0.2908952016913767,0.13086087711103206,0.25,0.05405405405405406,0.7857142857142857,0.06387591706937158,0.03557797984946852,0.07142857142857142,0.004101722723543888,0.1702127659574468,0.10370739161458936,0.05488662718548237,0.06493506493506493,0.00801924619085806,0.2551020408163266
networkadex,2.0,5.0,5.0,0.33055298041084774,0.13911397086993224,0.5,0.0625,0.7857142857142857,0.07251450973178596,0.03868084104529397,0.047619047619047616,0.005742411812961444,0.20987654320987653,0.11775443150286143,0.05942390603860724,0.08333333333333333,0.011226944667201285,0.31496062992125984
networkadex,3.0,0,0,0.062224259009119355,0.04768116367678076,0.0,0.0,0.32044198895027626,0.013884436626296475,0.011638182260122993,0.0,0.0,0.0821917808219178,0.022443980425194993,0.018218709365734657,0.0,0.0,0.12307692307692307
networkadex,3.0,0,0.1,0.06947811589472563,0.05163976386625999,0.0,0.0,0.3701657458563536,0.015693881473954577,0.013702292341148269,0.0,0.0,0.09090909090909091,0.025296967791949974,0.0211217048324886,0.0,0.0,0.13617886178861788
networkadex,3.0,0,0.25,0.07077831937009335,0.05094157624077212,0.0,0.0,0.4143646408839779,0.015873874925013395,0.013445137490414514,0.0,0.0,0.09339975093399751,0.025628044692842338,0.020785259871076576,0.0,0.0,0.1524390243902439
networkadex,3.0,0,0.5,0.08067502105860909,0.05390026020184363,0.0,0.0,0.3756906077348066,0.018505650338228735,0.01513742806846697,0.0,0.0,0.09917355371900827,0.029763696999333407,0.023093502706646545,0.0,0.0,0.13821138211382114
networkadex,3.0,0,0.75,0.09775853674617375,0.05892789108708899,0.0,0.0,0.39779005524861877,0.02188779702439353,0.01599795170305843,0.0,0.0,0.11570247933884298,0.035358137327710974,0.024511063990801225,0.0,0.0,0.15730337078651685
networkadex,3.0,0,1.0,0.11459757215990168,0.06573965119015643,0.0,0.0,0.40331491712707185,0.025696019671583664,0.018823037755510245,0.0,0.0,0.14049586776859505,0.04147342975052216,0.028572278616734993,0.0,0.0,0.19101123595505617
networkadex,3.0,0,2.0,0.2059679568085509,0.09957001867147941,0.14285714285714285,0.02631578947368421,0.48484848484848486,0.045666655636183634,0.028525263747668995,0.038461538461538464,0.004101722723543888,0.21487603305785125,0.07396361750665817,0.04334192495651377,0.1111111111111111,0.00801924619085806,0.2921348314606741
networkadex,3.0,0,3.0,0.27607251757955364,0.1096851023302939,0.3333333333333333,0.06349206349206349,0.631578947368421,0.06083727687669174,0.03140901408569445,0.05555555555555555,0.004101722723543888,0.19753086419753085,0.09870406281261099,0.04790769910576647,0.05769230769230769,0.00801924619085806,0.2857142857142857
networkadex,3.0,0,5.0,0.3238665689866203,0.12636600114419544,0.3333333333333333,0.08333333333333333,0.7142857142857143,0.07120400710449701,0.03599105203316079,0.047619047619047616,0.003281378178835111,0.19834710743801653,0.11558172278780762,0.054948830758773035,0.07253886010362694,0.006415396952686447,0.27692307692307694
networkadex,3.0,0.1,0,0.06707676346300917,0.04839689097079498,0.0,0.0,0.3756906077348066,0.015127382953912515,0.012691544222914311,0.0,0.0,0.08468244084682441,0.024396358278859907,0.019648217899022092,0.0,0.0,0.13821138211382114
networkadex,3.0,0.1,0.1,0.07388907471019548,0.051918568743610574,0.0,0.0,0.34806629834254144,0.016612282397111985,0.013837527488441758,0.0,0.0,0.10743801652892562,0.026790439973418755,0.021161649073221992,0.0,0.0,0.14606741573033705
networkadex,3.0,0.1,0.25,0.07505055901639933,0.05030949762451564,0.0,0.0,0.36464088397790057,0.01694933064739553,0.013406251310716166,0.0,0.0,0.08264462809917356,0.02734143366370023,0.020703361026771873,0.0,0.0,0.13414634146341464
networkadex,3.0,0.1,0.5,0.08661308009464691,0.054035321546868256,0.0,0.0,0.39226519337016574,0.019376868771866795,0.013868223090898028,0.0,0.0,0.08841843088418432,0.03132936992930974,0.021630718890516872,0.0,0.0,0.14430894308943087
networkadex,3.0,0.1,0.75,0.10194476715853804,0.0648384081399182,0.0,0.0,0.44751381215469616,0.022969742468343487,0.0178848089221439,0.0,0.0,0.10596026490066225,0.03707981375494305,0.02749382226758659,0.0,0.0,0.16463414634146342
networkadex,3.0,0.1,1.0,0.11739433999645182,0.06557796880530463,0.0,0.0,0.35714285714285715,0.02602704133130026,0.017867578811578362,0.0,0.0,0.10596026490066225,0.04210155454557284,0.027375833030408043,0.0,0.0,0.16326530612244897
networkadex,3.0,0.1,2.0,0.2148251509554496,0.09273716789543697,0.2,0.05263157894736842,0.5111111111111111,0.047516093476040556,0.026634676518817325,0.029411764705882353,0.004101722723543888,0.152317880794702,0.07702557991379476,0.0407510553242702,0.03902439024390244,0.00801924619085806,0.2346938775510204
networkadex,3.0,0.1,3.0,0.27983653609397363,0.11534627753112363,0.3333333333333333,0.039473684210526314,0.6428571428571429,0.06167674027442567,0.03311715136584008,0.037037037037037035,0.004922067268252666,0.19008264462809918,0.10004636736885138,0.050450528222176376,0.05714285714285715,0.009623095429029671,0.27692307692307694
networkadex,3.0,0.1,5.0,0.3229450538668976,0.13071096415734113,0.5,0.0990990990990991,0.6818181818181818,0.07086430647376703,0.03613845466723003,0.029197080291970802,0.004922067268252666,0.18518518518518517,0.11507478090872335,0.05552809597774897,0.08275862068965517,0.009623095429029671,0.27692307692307694
networkadex,3.0,0.25,0,0.06979781165606923,0.051086341386081584,0.0,0.0,0.3701657458563536,0.015553720099917344,0.012523332679756296,0.0,0.0,0.08343711083437111,0.025126388617668003,0.01960912423445499,0.0,0.0,0.13617886178861788
networkadex,3.0,0.25,0.1,0.07536093772511394,0.0530399756000678,0.0,0.0,0.34806629834254144,0.01722736157692724,0.014541742244839789,0.0,0.0,0.0875,0.02771594245198734,0.022316508574092144,0.0,0.0,0.13861386138613863
networkadex,3.0,0.25,0.25,0.0828871216809431,0.0542626025172691,0.0,0.0,0.4198895027624309,0.018670044043048655,0.014055418678630532,0.0,0.0,0.09464508094645081,0.030158959274036532,0.021982000634248013,0.0,0.0,0.15447154471544716
networkadex,3.0,0.25,0.5,0.09778575724335183,0.058202007470200885,0.0,0.0,0.430939226519337,0.021890550624395128,0.01569485623725299,0.0,0.0,0.09917355371900827,0.035369901865744964,0.024146315878728706,0.0,0.0,0.15853658536585366
networkadex,3.0,0.25,0.75,0.1142735814938386,0.06742501162055475,0.0,0.0,0.40331491712707185,0.025581092571481702,0.01842657441971199,0.0,0.0,0.12396694214876033,0.041317320594373146,0.028249680171804438,0.0,0.0,0.16853932584269665
networkadex,3.0,0.25,1.0,0.13149386204423044,0.06656085940333567,0.2,0.0,0.43646408839779005,0.029433607919593378,0.019534518996441055,0.019230769230769232,0.0,0.14049586776859505,0.04755691161674024,0.02952833618711867,0.0,0.0,0.19101123595505617
networkadex,3.0,0.25,2.0,0.22031410973005144,0.09896524065102605,0.25,0.0,0.5238095238095238,0.04863177403600878,0.027712531172789937,0.05,0.0,0.14184397163120568,0.07886594301080163,0.04257275727619538,0.03861003861003861,0.0,0.2105263157894737
networkadex,3.0,0.25,3.0,0.28094725364726114,0.114742651530029,0.2,0.0625,0.6,0.061790825273466944,0.0329425024566225,0.041666666666666664,0.004101722723543888,0.18518518518518517,0.10027153898800312,0.05024267293228714,0.051948051948051945,0.00801924619085806,0.27692307692307694
networkadex,3.0,0.25,5.0,0.3265302499087763,0.12874199622659868,0.5,0.06666666666666667,0.7142857142857143,0.07151683373140803,0.03537772858679211,0.05555555555555555,0.005742411812961444,0.19148936170212766,0.11615615056825043,0.054259300409202724,0.09248554913294797,0.011226944667201285,0.2842105263157895
networkadex,3.0,0.5,0,0.08475027710747957,0.05413230394983285,0.0,0.0,0.3867403314917127,0.01907883424713902,0.014005809963833956,0.0,0.0,0.08717310087173101,0.03081148292040374,0.021867856659578782,0.0,0.0,0.14227642276422764
networkadex,3.0,0.5,0.1,0.0954528328123835,0.05723727411449967,0.0,0.0,0.3756906077348066,0.02138642205769344,0.015838523673362637,0.0,0.0,0.10743801652892562,0.03452498422586723,0.02418147210589451,0.0,0.0,0.14606741573033705
networkadex,3.0,0.5,0.25,0.09981288374989812,0.05951324626203824,0.0,0.0,0.4198895027624309,0.022346277075275773,0.01624662697399065,0.0,0.0,0.1322314049586777,0.03611881836758493,0.024804327790539735,0.0,0.0,0.17977528089887643
networkadex,3.0,0.5,0.5,0.1202564481636572,0.06427297417387641,0.14285714285714285,0.0,0.3756906077348066,0.026883721182810055,0.017764306930079087,0.0,0.0,0.09090909090909091,0.04344432548527452,0.027231824567383787,0.0,0.0,0.13821138211382114
networkadex,3.0,0.5,0.75,0.13676973216411004,0.06929522288275111,0.1111111111111111,0.0,0.430939226519337,0.030355266214147806,0.019331619695912787,0.018518518518518517,0.0,0.11643835616438356,0.049125207270348976,0.02960962605630862,0.03252032520325203,0.0,0.17435897435897438
networkadex,3.0,0.5,1.0,0.1490041951335094,0.06809498310006393,0.1111111111111111,0.0,0.425414364640884,0.03309265151193949,0.019269406589712164,0.017857142857142856,0.0,0.11570247933884298,0.05356259995551019,0.029293703552113325,0.025974025974025972,0.0,0.1607142857142857
networkadex,3.0,0.5,2.0,0.23496901823195113,0.09918969127429689,0.2,0.05128205128205128,0.49171270718232046,0.05184115946141148,0.02844797282023233,0.05,0.004101722723543888,0.1702127659574468,0.0840656828884385,0.043350547125822134,0.04149377593360996,0.00801924619085806,0.25
networkadex,3.0,0.5,3.0,0.28776892031050505,0.11760443772214328,0.3333333333333333,0.05263157894736842,0.6428571428571429,0.06324158387572301,0.032930365936530454,0.07142857142857142,0.003281378178835111,0.17355371900826447,0.10266361202554813,0.05039072545327652,0.06741573033707865,0.006415396952686447,0.2564102564102564
networkadex,3.0,0.5,5.0,0.3275924787912295,0.12757629238749607,0.25,0.06349206349206349,0.7142857142857143,0.07185964392207761,0.035981477220334214,0.07142857142857142,0.004922067268252666,0.19834710743801653,0.1166732051868825,0.05491637566923262,0.06451612903225806,0.009623095429029671,0.28865979381443296
networkadex,3.0,0.75,0,0.10362725193367499,0.057326985954110316,0.125,0.0,0.4143646408839779,0.023268823463354335,0.015571830831672025,0.0,0.0,0.09339975093399751,0.03760262193959801,0.024024187489089036,0.0,0.0,0.1524390243902439
networkadex,3.0,0.75,0.1,0.11091127484979428,0.06182338745117286,0.0,0.0,0.4143646408839779,0.024693177841258327,0.01670014746612621,0.0,0.0,0.09900990099009901,0.03994717969198109,0.02574348996557202,0.0,0.0,0.15384615384615388
networkadex,3.0,0.75,0.25,0.11953986476616207,0.05635580498436997,0.07692307692307693,0.0,0.3370165745856354,0.02651436549367721,0.01589552442463881,0.05,0.0,0.09375,0.04292887540212842,0.02428529566265838,0.0425531914893617,0.0,0.14173228346456693
networkadex,3.0,0.75,0.5,0.13219806165722242,0.06636091117393579,0.1111111111111111,0.0,0.4375,0.029482838057386926,0.018443450907080966,0.0136986301369863,0.0,0.12396694214876033,0.047698398168107545,0.02828068803215143,0.027777777777777776,0.0,0.1728395061728395
networkadex,3.0,0.75,0.75,0.15965089674986602,0.07330542534179346,0.1111111111111111,0.03125,0.42857142857142855,0.035275863300647026,0.019934377529685358,0.0625,0.0016406890894175555,0.12345679012345678,0.05720717087518007,0.030673198774145313,0.03076923076923077,0.0032076984763432237,0.18556701030927836
networkadex,3.0,0.75,1.0,0.17004924005247765,0.07461601893675568,0.14285714285714285,0.0,0.43646408839779005,0.0376705343486418,0.020951136956777975,0.03278688524590164,0.0,0.1322314049586777,0.061041433695646526,0.03205366323412387,0.05714285714285714,0.0,0.19487179487179487
networkadex,3.0,0.75,2.0,0.2477947758965798,0.11014447939935772,0.2,0.05263157894736842,0.6086956521739131,0.054536478040965834,0.030098035544442025,0.047619047619047616,0.003281378178835111,0.16666666666666666,0.08852269306531764,0.04640916926989349,0.04615384615384615,0.006415396952686447,0.26168224299065423
networkadex,3.0,0.75,3.0,0.29161882172159914,0.1224095531659715,0.2,0.0625,0.6111111111111112,0.06417555996123855,0.0343594343266411,0.05,0.004101722723543888,0.18518518518518517,0.10415283355009781,0.052657189151851955,0.13333333333333333,0.00801924619085806,0.26785714285714285
networkadex,3.0,0.75,5.0,0.32999001284104784,0.13159169943390592,0.5,0.06666666666666667,0.7142857142857143,0.0724986182019983,0.036707394943201195,0.05,0.004922067268252666,0.1917808219178082,0.11770067952333675,0.05626183808228942,0.053639846743295014,0.009623095429029671,0.28717948717948716
networkadex,3.0,1.0,0,0.11980117447049407,0.06198790274566226,0.1,0.0,0.3756906077348066,0.026598770953663378,0.016926494828575975,0.0,0.0,0.10416666666666667,0.04305741307975491,0.026115664932649045,0.0,0.0,0.15748031496062992
networkadex,3.0,1.0,0.1,0.12999033161857595,0.0610772493583634,0.1,0.0,0.3812154696132597,0.028890995479767933,0.016766658002880762,0.017857142857142856,0.0,0.10743801652892562,0.04678746159535421,0.02568473871863653,0.028571428571428567,0.0,0.14606741573033705
networkadex,3.0,1.0,0.25,0.13612286114868904,0.06537381151470786,0.09090909090909091,0.0,0.41935483870967744,0.03029355199893414,0.018437358658623913,0.023255813953488372,0.0,0.13541666666666666,0.04904666630066954,0.028303399796164305,0.041379310344827586,0.0,0.20472440944881887
networkadex,3.0,1.0,0.5,0.15522251459376815,0.0713633854001577,0.14285714285714285,0.041666666666666664,0.4143646408839779,0.034619045653630165,0.02078679455373697,0.017857142857142856,0.0016406890894175555,0.14049586776859505,0.05602257375188592,0.03159568984873271,0.02247191011235955,0.0032076984763432237,0.19101123595505617
networkadex,3.0,1.0,0.75,0.16619758442286792,0.07293937322899664,0.2,0.041666666666666664,0.44751381215469616,0.03670669549025825,0.020791103950125924,0.02127659574468085,0.004910988336402701,0.14049586776859505,0.0594718640303084,0.031603160220194944,0.025974025974025972,0.009324009324009324,0.19101123595505617
networkadex,3.0,1.0,1.0,0.1863297604320886,0.0814019974733786,0.14285714285714285,0.044444444444444446,0.5,0.040947324966890325,0.022577998413222986,0.0196078431372549,0.003281378178835111,0.1322314049586777,0.06645239981377647,0.03471714826308472,0.0425531914893617,0.006415396952686447,0.19310344827586207
networkadex,3.0,1.0,2.0,0.24831481409220968,0.10610277177362348,0.2,0.08064516129032258,0.5714285714285714,0.05474603098265534,0.0300709064682958,0.047619047619047616,0.004922067268252666,0.18181818181818182,0.08879342677686082,0.046001792936553904,0.06451612903225806,0.009623095429029671,0.24719101123595508
networkadex,3.0,1.0,3.0,0.2929472040598882,0.12049260066966211,0.3333333333333333,0.06666666666666667,0.65,0.06442206497532636,0.0335979741554232,0.0380952380952381,0.003281378178835111,0.18493150684931506,0.10456825584536812,0.05150900884651012,0.06451612903225806,0.006415396952686447,0.27692307692307694
networkadex,3.0,1.0,5.0,0.3300250777540184,0.1275422363328571,0.3333333333333333,0.06666666666666667,0.7142857142857143,0.07246790097694776,0.0355761468307639,0.058823529411764705,0.004101722723543888,0.19008264462809918,0.11765905645250106,0.05438823705596368,0.06829268292682926,0.00801924619085806,0.26785714285714285
networkadex,3.0,2.0,0,0.1719324461750016,0.07893718488656173,0.2,0.044444444444444446,0.42105263157894735,0.03795538334453397,0.02196061241900181,0.02459016393442623,0.002461033634126333,0.1322314049586777,0.061538577516726124,0.03362492108864553,0.0425531914893617,0.0048115477145148355,0.18446601941747576
networkadex,3.0,2.0,0.1,0.16738023189302614,0.07702176933763509,0.14285714285714285,0.03333333333333333,0.4696132596685083,0.036959935094946945,0.021739555222917945,0.020833333333333332,0.003281378178835111,0.11875,0.059919899568545154,0.03341296542804664,0.025974025974025972,0.006415396952686447,0.18446601941747576
networkadex,3.0,2.0,0.25,0.17987014400893447,0.080334623521236,0.25,0.043478260869565216,0.5,0.03942137557822179,0.02207202946126276,0.03571428571428571,0.003281378178835111,0.14375,0.06398450227192543,0.03381107863947631,0.03076923076923077,0.006415396952686447,0.22330097087378636
networkadex,3.0,2.0,0.5,0.19359790098874824,0.08709581814614493,0.1111111111111111,0.04477611940298507,0.55,0.04254477924244694,0.023483609528798285,0.03571428571428571,0.003281378178835111,0.12941176470588237,0.06905072587507871,0.03629183231721206,0.07142857142857142,0.006415396952686447,0.20952380952380958
networkadex,3.0,2.0,0.75,0.20368860388371018,0.09303506961937245,0.25,0.047619047619047616,0.5,0.04499826661686337,0.025932979745499064,0.037037037037037035,0.002461033634126333,0.136986301369863,0.07296664404968607,0.0398623491608834,0.038910505836575876,0.0048115477145148355,0.20512820512820512
networkadex,3.0,2.0,1.0,0.21459153631826186,0.10007540035385952,0.2,0.05,0.5238095238095238,0.047403121258349605,0.02776933418428409,0.07692307692307693,0.003281378178835111,0.1506849315068493,0.07686200847341236,0.04269332576766569,0.04484304932735426,0.006415396952686447,0.22564102564102564
networkadex,3.0,2.0,2.0,0.2625028144702593,0.11270757542246236,0.3333333333333333,0.06666666666666667,0.5454545454545454,0.057989097180673535,0.03215272411844082,0.05555555555555555,0.004922067268252666,0.1780821917808219,0.09403238849804235,0.049257695807590395,0.044444444444444446,0.009623095429029671,0.26666666666666666
networkadex,3.0,2.0,3.0,0.298539957934371,0.12228804580263736,0.5,0.08333333333333333,0.7857142857142857,0.06578466461062851,0.03432354909552458,0.0446927374301676,0.004922067268252666,0.17647058823529413,0.10674576745801947,0.05271389331013379,0.06,0.009623095429029671,0.2727272727272727
networkadex,3.0,2.0,5.0,0.33628712513819736,0.13306586497585923,0.3333333333333333,0.08333333333333333,0.7142857142857143,0.0739427275742332,0.03742331675802017,0.047619047619047616,0.004922067268252666,0.19148936170212766,0.12006084572287745,0.05746491254365467,0.06829268292682926,0.009623095429029671,0.28125
networkadex,3.0,3.0,0,0.1948039862939697,0.09637743527775108,0.14285714285714285,0.044444444444444446,0.5161290322580645,0.04288340264478146,0.026266059534065692,0.047619047619047616,0.003281378178835111,0.16666666666666666,0.06958604925733763,0.040649285116107145,0.05555555555555555,0.006415396952686447,0.25196850393700787
networkadex,3.0,3.0,0.1,0.19342512020717978,0.08581993145694157,0.2,0.052083333333333336,0.45652173913043476,0.042448658546625516,0.023527961066908343,0.029411764705882353,0.004101722723543888,0.13125,0.06892123836521773,0.036310958870811684,0.04278074866310161,0.00801924619085806,0.20388349514563106
networkadex,3.0,3.0,0.25,0.20435036829087225,0.09678547275131834,0.2,0.06451612903225806,0.5,0.04502461543386132,0.0261842830427156,0.047619047619047616,0.002461033634126333,0.13580246913580246,0.07305760190906685,0.04049572573166423,0.05555555555555555,0.0048115477145148355,0.20634920634920637
networkadex,3.0,3.0,0.5,0.20924235273676484,0.0944153141608837,0.2,0.06451612903225806,0.47619047619047616,0.04612246349070302,0.026188683292376922,0.05555555555555555,0.004101722723543888,0.136986301369863,0.07482097256200525,0.040322958604543706,0.03902439024390244,0.00801924619085806,0.20512820512820512
networkadex,3.0,3.0,0.75,0.21982124071225495,0.10455544418205268,0.16666666666666666,0.06097560975609756,0.5714285714285714,0.048265478455423935,0.02789363348729946,0.038461538461538464,0.004922067268252666,0.15,0.07835492038579966,0.04325848921541375,0.04633204633204633,0.009623095429029671,0.23300970873786406
networkadex,3.0,3.0,1.0,0.23345532453951545,0.10931189739790237,0.2,0.060240963855421686,0.6,0.051487858365836504,0.02996639389311397,0.047619047619047616,0.002461033634126333,0.16666666666666666,0.08353373178871723,0.04632538509622341,0.051948051948051945,0.0048115477145148355,0.25196850393700787
networkadex,3.0,3.0,2.0,0.26868788610173794,0.12600446995908582,0.2,0.05,0.6428571428571429,0.05939318033430925,0.03495181874457266,0.0410958904109589,0.003281378178835111,0.18085106382978725,0.09631754738789701,0.05382283839908782,0.05911330049261084,0.006415396952686447,0.2755102040816326
networkadex,3.0,3.0,3.0,0.30058322140998367,0.12456322976665758,0.25,0.03333333333333333,0.6428571428571429,0.066199282965458,0.03513749234650249,0.07142857142857142,0.005742411812961444,0.19008264462809918,0.10740649028783383,0.05376625967103583,0.125,0.011226944667201285,0.26785714285714285
networkadex,3.0,3.0,5.0,0.33600337029528804,0.13710864139676926,0.3333333333333333,0.08333333333333333,0.7857142857142857,0.07393500678793392,0.03836989663053931,0.05555555555555555,0.004922067268252666,0.1917808219178082,0.1200030703340683,0.05891243522704189,0.2,0.009623095429029671,0.28865979381443296
networkadex,3.0,5.0,0,0.2040792366843859,0.10253405082742945,0.3333333333333333,0.02564102564102564,0.6428571428571429,0.044839869201263156,0.027172209166260602,0.047619047619047616,0.003281378178835111,0.14583333333333334,0.07278512570495303,0.04213221180687903,0.05555555555555555,0.006415396952686447,0.2204724409448819
networkadex,3.0,5.0,0.1,0.20671474552436644,0.10407056357776732,0.2,0.0,0.5,0.04526129987735989,0.027457144173422453,0.047619047619047616,0.0,0.14583333333333334,0.0735071438333027,0.04261759199665865,0.07142857142857142,0.0,0.2204724409448819
networkadex,3.0,5.0,0.25,0.21324638170260182,0.11024306927038964,0.2,0.016129032258064516,0.5384615384615384,0.04702935624455266,0.029545364394619023,0.030303030303030304,0.003281378178835111,0.14,0.0762930135182346,0.045869457340271445,0.05555555555555555,0.006415396952686447,0.2222222222222222
networkadex,3.0,5.0,0.5,0.21908614613068797,0.11052275142720827,0.2,0.016129032258064516,0.6428571428571429,0.04820725189430669,0.029801236220708346,0.03333333333333333,0.003281378178835111,0.1487603305785124,0.07823998348693631,0.04615302064057449,0.05555555555555555,0.006415396952686447,0.20472440944881887
networkadex,3.0,5.0,0.75,0.2252612862110183,0.1160695160979093,0.2,0.02040816326530612,0.7142857142857143,0.049473967853592316,0.0307427665945555,0.026785714285714284,0.004101722723543888,0.15625,0.08033381166227005,0.04783657170119653,0.06741573033707865,0.00801924619085806,0.23622047244094488
networkadex,3.0,5.0,1.0,0.23775641364125433,0.1202725956936113,0.42857142857142855,0.03225806451612903,0.6428571428571429,0.05231387258612194,0.03245854640772685,0.023255813953488372,0.004101722723543888,0.15476190476190477,0.0849072792362653,0.050338572631012386,0.05555555555555555,0.00801924619085806,0.24299065420560748
networkadex,3.0,5.0,2.0,0.26232416511683576,0.1258999373871714,0.2,0.02564102564102564,0.7142857142857143,0.057730438998214346,0.03378352640836435,0.07142857142857142,0.004922067268252666,0.1643835616438356,0.09371864096290188,0.052464494143212075,0.05,0.008888888888888889,0.24615384615384614
networkadex,3.0,5.0,3.0,0.28729991389310244,0.13401130540774225,0.25,0.04838709677419355,0.7142857142857143,0.06303687750733238,0.0358271312419466,0.03571428571428571,0.004922067268252666,0.1875,0.10236638006834867,0.055475429017916716,0.0881057268722467,0.009623095429029671,0.28346456692913385
networkadex,3.0,5.0,5.0,0.32433863233643195,0.14044235632046367,0.3333333333333333,0.03333333333333333,0.7857142857142857,0.07138721364556948,0.03910181518479895,0.07142857142857142,0.005742411812961444,0.1875,0.11586945372351408,0.06021897339055117,0.08163265306122448,0.011226944667201285,0.28346456692913385
networkadex,5.0,0,0,0.06134986767860955,0.04784134231694165,0.0,0.0,0.3425414364640884,0.013719482571975194,0.012287195115856317,0.0,0.0,0.07721046077210461,0.022177410921534437,0.019125808559238174,0.0,0.0,0.12601626016260165
networkadex,5.0,0,0.1,0.06224859182944258,0.04681428011661565,0.0,0.0,0.3701657458563536,0.014125368672533535,0.01201180915354544,0.0,0.0,0.08343711083437111,0.022780149300849917,0.0188305338643855,0.0,0.0,0.13617886178861788
networkadex,5.0,0,0.25,0.06466651125280021,0.04676354302456412,0.0,0.0,0.39226519337016574,0.014521922972227593,0.012214492245055678,0.0,0.0,0.08841843088418432,0.023439830169046084,0.018943761167932102,0.0,0.0,0.14430894308943087
networkadex,5.0,0,0.5,0.07405963926862554,0.04980098205279212,0.0,0.0,0.3425414364640884,0.01679884808896236,0.013398232195942411,0.0,0.0,0.07721046077210461,0.027073024561717094,0.020619314787572517,0.0,0.0,0.12601626016260165
networkadex,5.0,0,0.75,0.08705012263488406,0.054132455871256306,0.0,0.0,0.3425414364640884,0.019404991925176796,0.014023084459910143,0.0,0.0,0.08264462809917356,0.03138955383913197,0.021719426773275548,0.0,0.0,0.12601626016260165
networkadex,5.0,0,1.0,0.1028222434170476,0.06158612288387915,0.0,0.0,0.4198895027624309,0.023141397030322013,0.017038789975955027,0.0,0.0,0.12396694214876033,0.037345478862164806,0.026034716430245113,0.0,0.0,0.16853932584269665
networkadex,5.0,0,2.0,0.18699505526920346,0.08611470550457327,0.14285714285714285,0.0,0.44,0.041671126241744155,0.024624968280102605,0.047619047619047616,0.0,0.1322314049586777,0.06746780300988013,0.037623720812425286,0.07142857142857142,0.0,0.18749999999999997
networkadex,5.0,0,3.0,0.2632048880077205,0.11010160995460015,0.2,0.041666666666666664,0.5652173913043478,0.05789872326094144,0.03113393017454929,0.03076923076923077,0.004922067268252666,0.17123287671232876,0.09395909965223333,0.047619165998089345,0.06896551724137931,0.009623095429029671,0.2564102564102564
networkadex,5.0,0,5.0,0.3196635106485597,0.12749545716032015,0.25,0.06666666666666667,0.6521739130434783,0.07008184755041226,0.035197152045138104,0.1,0.004101722723543888,0.19148936170212766,0.11381837469566929,0.05397757602764545,0.0851063829787234,0.00801924619085806,0.28125
networkadex,5.0,0.1,0,0.06306433828966947,0.045705385489214406,0.0,0.0,0.3701657458563536,0.014068459869801916,0.0117321796863952,0.0,0.0,0.08343711083437111,0.022734453223984513,0.018197315860154877,0.0,0.0,0.13617886178861788
networkadex,5.0,0.1,0.1,0.06573064519310994,0.046547261913557035,0.0,0.0,0.292817679558011,0.01468362617730552,0.011943848525152151,0.0,0.0,0.0660024906600249,0.02370841507843567,0.01855472773291479,0.0,0.0,0.10772357723577236
networkadex,5.0,0.1,0.25,0.06831737568939221,0.04822781294792566,0.0,0.0,0.40331491712707185,0.015472360095663643,0.012905637032496847,0.0,0.0,0.09090909090909091,0.02492695743841216,0.01985997017533668,0.0,0.0,0.1483739837398374
networkadex,5.0,0.1,0.5,0.08286808945388614,0.05571244922617708,0.0,0.0,0.34806629834254144,0.018829722346396596,0.015570244170672284,0.0,0.0,0.10743801652892562,0.030333104459213733,0.0237451939061149,0.0,0.0,0.14606741573033705
networkadex,5.0,0.1,0.75,0.09380752214669215,0.055698954274708515,0.0,0.0,0.425414364640884,0.020916501884052457,0.01497023790019447,0.0,0.0,0.0958904109589041,0.033800679089429166,0.02301296273985286,0.0,0.0,0.15650406504065037
networkadex,5.0,0.1,1.0,0.10574007116354826,0.05792772573755215,0.14285714285714285,0.0,0.3370165745856354,0.023786793803410623,0.016242446751523476,0.0,0.0,0.11570247933884298,0.03840911281021516,0.024712288699688664,0.0,0.0,0.15730337078651685
networkadex,5.0,0.1,2.0,0.19671475207786063,0.0953985755626264,0.16666666666666666,0.0,0.45454545454545453,0.04373471107978896,0.02713386708324684,0.07142857142857142,0.0,0.17355371900826447,0.07081366725010692,0.04144595988939625,0.05714285714285715,0.0,0.23595505617977525
networkadex,5.0,0.1,3.0,0.2707873678385844,0.11406922041920828,0.2,0.05128205128205128,0.65,0.059697087800019644,0.03226003861179961,0.058823529411764705,0.005742411812961444,0.18493150684931506,0.09682895007427694,0.04929987332526843,0.06802721088435375,0.011226944667201285,0.27692307692307694
networkadex,5.0,0.1,5.0,0.3210629089902109,0.1295749168362057,0.3333333333333333,0.07407407407407407,0.7857142857142857,0.07055334290510075,0.036163364801605875,0.038461538461538464,0.005742411812961444,0.19753086419753085,0.11453617989792474,0.05550331940326104,0.06451612903225806,0.011226944667201285,0.2857142857142857
networkadex,5.0,0.25,0,0.06560391356581109,0.049192888232590805,0.0,0.0,0.3867403314917127,0.014997129297502599,0.012999335844479676,0.0,0.0,0.08717310087173101,0.024139457621377244,0.020099164733220924,0.0,0.0,0.14227642276422764
networkadex,5.0,0.25,0.1,0.07025017610145831,0.04811241673950186,0.0,0.0,0.35359116022099446,0.015933120001118357,0.012986488507673085,0.0,0.0,0.08264462809917356,0.025698854801077663,0.020028820218689496,0.0,0.0,0.13008130081300814
networkadex,5.0,0.25,0.25,0.07411153511117048,0.05455098009162477,0.0,0.0,0.36363636363636365,0.01666238873743469,0.014607880315954279,0.0,0.0,0.09090909090909091,0.026861757504726868,0.02243982274484273,0.0,0.0,0.14545454545454545
networkadex,5.0,0.25,0.5,0.08374263805092506,0.05563931269695124,0.0,0.0,0.40331491712707185,0.018722845361758975,0.013980014639998463,0.0,0.0,0.09090909090909091,0.030240488198432634,0.021778574564914124,0.0,0.0,0.1483739837398374
networkadex,5.0,0.25,0.75,0.10357962784645033,0.06115322917086749,0.0,0.0,0.3812154696132597,0.0230780617172256,0.01616841401246964,0.0,0.0,0.10743801652892562,0.037324372082672114,0.024869011748033156,0.0,0.0,0.14606741573033705
networkadex,5.0,0.25,1.0,0.11889690932066571,0.06273361705261261,0.14285714285714285,0.0,0.3867403314917127,0.02629250033252184,0.016880010980659204,0.0,0.0,0.09929078014184398,0.0425686086814898,0.025918229009680736,0.0,0.0,0.14736842105263157
networkadex,5.0,0.25,2.0,0.21107869254085074,0.09474267360883487,0.14285714285714285,0.0,0.5217391304347826,0.046517899068377805,0.025868613684578285,0.07692307692307693,0.0,0.1506849315068493,0.07546300030014833,0.03983395138957415,0.04878048780487805,0.0,0.22564102564102564
networkadex,5.0,0.25,3.0,0.2765163425742244,0.11801817152657681,0.3333333333333333,0.05,0.6,0.060638571359388896,0.032329913687476786,0.037037037037037035,0.004101722723543888,0.17355371900826447,0.09845645567304526,0.04958860178357861,0.06451612903225806,0.00801924619085806,0.2564102564102564
networkadex,5.0,0.25,5.0,0.32367013312906967,0.1260955495797536,0.3333333333333333,0.07936507936507936,0.7142857142857143,0.07105361737462633,0.03529406872427539,0.03225806451612903,0.004101722723543888,0.18518518518518517,0.11538760044669652,0.054093849641007746,0.13333333333333333,0.00801924619085806,0.2680412371134021
networkadex,5.0,0.5,0,0.07795335523254669,0.054581582563200844,0.0,0.0,0.3259668508287293,0.01750154130790657,0.014128172107396345,0.0,0.0,0.08333333333333333,0.02823648939851849,0.0219766997279367,0.0,0.0,0.12598425196850394
networkadex,5.0,0.5,0.1,0.08230716128710516,0.05306319415814922,0.0,0.0,0.3701657458563536,0.018459026533731222,0.014024533626622105,0.0,0.0,0.08343711083437111,0.029815727885913745,0.021665440447482316,0.0,0.0,0.13617886178861788
networkadex,5.0,0.5,0.25,0.09055134451244355,0.05503135554980976,0.0,0.0,0.36464088397790057,0.02027644535939859,0.01477553106847997,0.0,0.0,0.10743801652892562,0.032770019016204736,0.02268671825425299,0.0,0.0,0.14606741573033705
networkadex,5.0,0.5,0.5,0.10389830797965079,0.06594037930687852,0.0,0.0,0.4088397790055249,0.023646102029448293,0.018051644697879156,0.0,0.0,0.09917355371900827,0.038114511334036746,0.027827601415178253,0.0,0.0,0.15040650406504064
networkadex,5.0,0.5,0.75,0.12239412317183111,0.06685004505540479,0.14285714285714285,0.0,0.4530386740331492,0.027254243430177405,0.018391664166140534,0.0196078431372549,0.0,0.12345679012345678,0.04410546242490114,0.028218724693974087,0.0,0.0,0.17857142857142858
networkadex,5.0,0.5,1.0,0.14019131496983506,0.0648336287244297,0.14285714285714285,0.0,0.4198895027624309,0.031082959219244644,0.01857142535474539,0.0,0.0,0.1322314049586777,0.05032975924204752,0.028192337283423224,0.0,0.0,0.1889763779527559
networkadex,5.0,0.5,2.0,0.2244999752787762,0.09887312622472362,0.2,0.05263157894736842,0.6428571428571429,0.04943662650495448,0.027645738976931226,0.022900763358778626,0.003281378178835111,0.1487603305785124,0.0802009636212563,0.042336900171401425,0.03821656050955414,0.006415396952686447,0.2204724409448819
networkadex,5.0,0.5,3.0,0.2813474439724362,0.12051671299811982,0.2857142857142857,0.06578947368421052,0.7142857142857143,0.06199919468180601,0.033405479767577774,0.047619047619047616,0.003281378178835111,0.18181818181818182,0.10060835312587452,0.05128577058493444,0.04878048780487805,0.006415396952686447,0.25263157894736843
networkadex,5.0,0.5,5.0,0.3248386564169632,0.1277495314400815,0.5,0.06666666666666667,0.7142857142857143,0.07130724015009658,0.035677475545827786,0.06521739130434782,0.004922067268252666,0.18518518518518517,0.11578849957119801,0.05466355020744387,0.06177606177606177,0.009623095429029671,0.2680412371134021
networkadex,5.0,0.75,0,0.09651469321890428,0.055237491801226606,0.0,0.0,0.35911602209944754,0.02134171465933087,0.014206323879668293,0.0,0.0,0.08094645080946451,0.034575920467878614,0.022108799780102485,0.0,0.0,0.13211382113821138
networkadex,5.0,0.75,0.1,0.09681886299911692,0.05345344750660134,0.1111111111111111,0.0,0.35911602209944754,0.021474987658026582,0.01410651655323517,0.0,0.0,0.10273972602739725,0.03477930590994753,0.02183149662002373,0.0,0.0,0.15384615384615385
networkadex,5.0,0.75,0.25,0.10967666815946137,0.05691908587601689,0.1,0.0,0.4143646408839779,0.02421910085210093,0.01531967452717671,0.0,0.0,0.09339975093399751,0.03924718369426165,0.02361359622609238,0.0,0.0,0.1524390243902439
networkadex,5.0,0.75,0.5,0.1266168670355922,0.06536541785437071,0.2,0.0,0.39779005524861877,0.028315908961451756,0.018135145830880797,0.0,0.0,0.10273972602739725,0.045788071067569394,0.027818028942366155,0.0,0.0,0.15384615384615385
networkadex,5.0,0.75,0.75,0.14588002084425758,0.06723446903656721,0.14285714285714285,0.029411764705882353,0.3701657458563536,0.03210451456322644,0.018544896796124855,0.02857142857142857,0.0016406890894175555,0.11702127659574468,0.05206688645490319,0.028335387749199605,0.021390374331550804,0.0032076984763432237,0.171875
networkadex,5.0,0.75,1.0,0.1625183769962745,0.07375236719793032,0.16666666666666666,0.0,0.47513812154696133,0.03619504950049154,0.02122939171761229,0.02564102564102564,0.0,0.12345679012345678,0.05860082053778764,0.03236526415269666,0.06666666666666667,0.0,0.1846153846153846
networkadex,5.0,0.75,2.0,0.23517192060718098,0.09985508830211948,0.3333333333333333,0.06097560975609756,0.6428571428571429,0.05178958851001993,0.028250479187121976,0.030303030303030304,0.004922067268252666,0.19008264462809918,0.08400716031866899,0.04314822039020635,0.04597701149425287,0.009623095429029671,0.25842696629213485
networkadex,5.0,0.75,3.0,0.2820035035882682,0.11637969380315752,0.3333333333333333,0.06666666666666667,0.6428571428571429,0.06207463142686664,0.032575107396311434,0.038461538461538464,0.002461033634126333,0.19753086419753085,0.10076945570536011,0.0500314369084386,0.07920792079207921,0.0048115477145148355,0.2857142857142857
networkadex,5.0,0.75,5.0,0.3272420054038731,0.13233068062869474,0.3333333333333333,0.06878306878306878,0.7142857142857143,0.07186756162787394,0.03670232511318439,0.08333333333333333,0.004922067268252666,0.19148936170212766,0.11668184998782735,0.056321149289338505,0.05555555555555555,0.009623095429029671,0.28125
networkadex,5.0,1.0,0,0.11283100312795048,0.05708940480351252,0.1,0.0,0.36464088397790057,0.025395690538968486,0.016278738054190642,0.017857142857142856,0.0,0.09090909090909091,0.04102899303519839,0.024871629272329426,0.03636363636363636,0.0,0.13636363636363638
networkadex,5.0,1.0,0.1,0.11492458881960012,0.06218869369182333,0.10344827586206896,0.0,0.3756906077348066,0.02529492569952769,0.016056642865679524,0.0,0.0,0.09375,0.0410229880050161,0.024995771393928418,0.0,0.0,0.14173228346456693
networkadex,5.0,1.0,0.25,0.12681545420254414,0.06335442717375081,0.1,0.0,0.3701657458563536,0.02829265969364025,0.017915305154446042,0.01639344262295082,0.0,0.1111111111111111,0.04577383884422544,0.027368347590542706,0.06,0.0,0.1607142857142857
networkadex,5.0,1.0,0.5,0.14334532725750415,0.06726038338631037,0.2,0.0,0.39226519337016574,0.03138259794140973,0.017494338810816572,0.023809523809523808,0.0,0.09375,0.050935445958593104,0.027108270518478503,0.02247191011235955,0.0,0.14563106796116504
networkadex,5.0,1.0,0.75,0.16558690390755665,0.0764487676486822,0.2,0.030303030303030304,0.40331491712707185,0.03655339369392332,0.021105663622403122,0.0273972602739726,0.004101722723543888,0.11643835616438356,0.0592614505394112,0.032464396742055424,0.05555555555555555,0.00801924619085806,0.17435897435897438
networkadex,5.0,1.0,1.0,0.18242221529388647,0.08091791118518964,0.16666666666666666,0.05,0.45454545454545453,0.0399935489259696,0.021948868185665132,0.02564102564102564,0.004101722723543888,0.125,0.06492971380822836,0.03384098518838746,0.04878048780487805,0.00801924619085806,0.1889763779527559
networkadex,5.0,1.0,2.0,0.2436919734247567,0.1091009633932498,0.3333333333333333,0.06666666666666667,0.7142857142857143,0.05361641436567924,0.029669693178857884,0.038461538461538464,0.004922067268252666,0.15702479338842976,0.08701547891345776,0.04574344500386735,0.05,0.009623095429029671,0.22641509433962265
networkadex,5.0,1.0,3.0,0.2868855649341657,0.11279507526880385,0.25,0.06451612903225806,0.6,0.06297074274037409,0.031808929803856245,0.05555555555555555,0.003281378178835111,0.1780821917808219,0.10225893387289033,0.04870135276438973,0.07881773399014778,0.006415396952686447,0.26666666666666666
networkadex,5.0,1.0,5.0,0.3326548957199288,0.13098498505134062,0.5,0.08333333333333333,0.7142857142857143,0.07308209317338352,0.0367665120925339,0.07142857142857142,0.004101722723543888,0.19148936170212766,0.11866676445435712,0.05637605775548955,0.09375,0.00801924619085806,0.28125
networkadex,5.0,2.0,0,0.15961094565423362,0.07408021825537675,0.2,0.04819277108433735,0.42105263157894735,0.03505722792526991,0.020546019304367613,0.03333333333333333,0.004101722723543888,0.11875,0.05688532352401269,0.03160514887288775,0.03571428571428571,0.00801924619085806,0.18446601941747576
networkadex,5.0,2.0,0.1,0.16896418014586942,0.07672128850471091,0.16666666666666666,0.04838709677419355,0.47619047619047616,0.03716634180236711,0.02149342062325835,0.02666666666666667,0.004101722723543888,0.13125,0.060293974516568115,0.03297766442346149,0.029268292682926828,0.00801924619085806,0.20388349514563106
networkadex,5.0,2.0,0.25,0.17264461234597764,0.08185171277833739,0.14285714285714285,0.03225806451612903,0.42857142857142855,0.03799799127545809,0.022411693949246636,0.013888888888888888,0.004101722723543888,0.1276595744680851,0.06163163134580994,0.034484170678269754,0.03861003861003861,0.00801924619085806,0.18749999999999997
networkadex,5.0,2.0,0.5,0.18734118226159427,0.08701667247028401,0.14285714285714285,0.044444444444444446,0.5,0.04115036105176517,0.02349562747983933,0.026785714285714284,0.004101722723543888,0.14049586776859505,0.0667752483913854,0.03614333666708638,0.08130081300813008,0.00801924619085806,0.19417475728155342
networkadex,5.0,2.0,0.75,0.19178776986116933,0.08884555262957122,0.25,0.05263157894736842,0.4782608695652174,0.042011052716811895,0.023794132810147542,0.0196078431372549,0.003281378178835111,0.1375,0.06822529729222894,0.036821939387614584,0.05555555555555555,0.006415396952686447,0.21359223300970873
networkadex,5.0,2.0,1.0,0.21002612742946622,0.09675067143748864,0.2,0.043478260869565216,0.5,0.04629913475685787,0.026592969714638617,0.05555555555555555,0.002461033634126333,0.1487603305785124,0.07510031100171807,0.0408368704166938,0.06896551724137931,0.0048115477145148355,0.2061855670103093
networkadex,5.0,2.0,2.0,0.2539358446629891,0.11275766446360862,0.2,0.07894736842105263,0.7142857142857143,0.055772872942564625,0.03090898779291057,0.058823529411764705,0.004101722723543888,0.17123287671232876,0.0905417436932856,0.04758598520808553,0.06451612903225806,0.00801924619085806,0.2564102564102564
networkadex,5.0,2.0,3.0,0.2943883361704163,0.12315480944434967,0.3333333333333333,0.09210526315789473,0.6071428571428571,0.06473410325431335,0.03392282361218532,0.05555555555555555,0.004101722723543888,0.18085106382978725,0.10507889475956238,0.05214735213692918,0.05555555555555555,0.00801924619085806,0.265625
networkadex,5.0,2.0,5.0,0.33397664452958636,0.1334557287736062,0.5,0.10052910052910052,0.7857142857142857,0.07341425375237057,0.03767620268021799,0.05555555555555555,0.005742411812961444,0.2222222222222222,0.11915145362146233,0.05755035457892738,0.08571428571428572,0.011226944667201285,0.3214285714285714
networkadex,5.0,3.0,0,0.18301619428557717,0.08669619335667637,0.25,0.047619047619047616,0.5,0.040266206271209595,0.023822888605572516,0.041666666666666664,0.004101722723543888,0.13125,0.06534729129794882,0.03677875414279461,0.06557377049180328,0.00801924619085806,0.20388349514563106
networkadex,5.0,3.0,0.1,0.1896540811739016,0.09394747025306734,0.125,0.043478260869565216,0.5,0.04169904884505672,0.025015872827605305,0.03225806451612903,0.004101722723543888,0.13541666666666666,0.06769614076541447,0.03893529401581015,0.0425531914893617,0.00801924619085806,0.20472440944881887
networkadex,5.0,3.0,0.25,0.19263394670146478,0.09135021028904264,0.2,0.05,0.4782608695652174,0.04256704432925965,0.024976124439191248,0.022727272727272728,0.003281378178835111,0.1375,0.06903366716072211,0.03858719730389827,0.04878048780487806,0.006415396952686447,0.21359223300970873
networkadex,5.0,3.0,0.5,0.2034404282438856,0.09922320334462766,0.15,0.04310344827586207,0.5,0.044676673628825964,0.02652667194285608,0.041666666666666664,0.004922067268252666,0.13125,0.07255160186808327,0.04130211613251789,0.08,0.009623095429029671,0.20388349514563106
networkadex,5.0,3.0,0.75,0.21425683535752651,0.10104007469268529,0.3333333333333333,0.06349206349206349,0.5714285714285714,0.04734361089095057,0.028080700556742857,0.044444444444444446,0.004922067268252666,0.15702479338842976,0.07677167638561519,0.04319809667308864,0.02955665024630542,0.009623095429029671,0.23300970873786406
networkadex,5.0,3.0,1.0,0.2227451213916057,0.10772986287814303,0.14285714285714285,0.016666666666666666,0.5714285714285714,0.04927566332049653,0.0297781471241499,0.05555555555555555,0.003281378178835111,0.1728395061728395,0.0798966659521729,0.0458458992093769,0.06451612903225806,0.006415396952686447,0.25
networkadex,5.0,3.0,2.0,0.2628277818328924,0.1191667628400061,0.16666666666666666,0.06666666666666667,0.6,0.05784957175873562,0.03261114108326848,0.030303030303030304,0.003281378178835111,0.1780821917808219,0.09390371592381874,0.0503869835208122,0.05,0.006415396952686447,0.26666666666666666
networkadex,5.0,3.0,3.0,0.29546381919605275,0.12996308923071623,0.2,0.06666666666666667,0.8571428571428571,0.06502452439007564,0.03568789222631229,0.07142857142857142,0.003281378178835111,0.19791666666666666,0.10552789730196063,0.054946075461653414,0.10714285714285715,0.006415396952686447,0.2992125984251969
networkadex,5.0,3.0,5.0,0.3331058823847974,0.13472135304036562,0.3333333333333333,0.06666666666666667,0.8571428571428571,0.07321594847930755,0.03763200630396189,0.1,0.005742411812961444,0.19753086419753085,0.11885555770054565,0.057744758287714984,0.13333333333333333,0.011226944667201285,0.2857142857142857
networkadex,5.0,5.0,0,0.1986985471413127,0.10171694550532137,0.2,0.016129032258064516,0.5,0.04347238332989796,0.026752564916946074,0.03571428571428571,0.004101722723543888,0.13125,0.07062796271295915,0.041649134268233155,0.03690036900369004,0.00801924619085806,0.20634920634920637
networkadex,5.0,5.0,0.1,0.2018464445445164,0.10315537591878023,0.2,0.0,0.52,0.04425478272724094,0.027342410165729806,0.022222222222222223,0.0,0.13541666666666666,0.07185403577261729,0.04251712314909721,0.028436018957345967,0.0,0.20472440944881887
networkadex,5.0,5.0,0.25,0.20689870057113963,0.10653410240114598,0.16666666666666666,0.04081632653061224,0.6428571428571429,0.04542524335262074,0.028142179814004048,0.05555555555555555,0.004101722723543888,0.15625,0.07374152722406838,0.04373187066566899,0.03902439024390244,0.00801924619085806,0.23622047244094488
networkadex,5.0,5.0,0.5,0.21312263676935012,0.10901842590937426,0.2,0.03225806451612903,0.5714285714285714,0.04672698520470439,0.028596478082084587,0.026785714285714284,0.004101722723543888,0.14383561643835616,0.07590042493176952,0.044567935805083836,0.03902439024390244,0.00801924619085806,0.2222222222222222
networkadex,5.0,5.0,0.75,0.22198935565388084,0.11319622437265457,0.16666666666666666,0.016129032258064516,0.6428571428571429,0.04866021499261287,0.029928088436808567,0.030534351145038167,0.003281378178835111,0.15,0.07903983250300098,0.046523579084505114,0.03636363636363636,0.006415396952686447,0.23809523809523805
networkadex,5.0,5.0,1.0,0.22869994255254536,0.11373092832437927,0.2,0.02564102564102564,0.5714285714285714,0.0502807811473977,0.030953783741523938,0.038461538461538464,0.004101722723543888,0.15625,0.08162958522078431,0.04795787139419412,0.04615384615384615,0.00801924619085806,0.23853211009174313
networkadex,5.0,5.0,2.0,0.25537224827261656,0.12420809082760971,0.3333333333333333,0.03225806451612903,0.6428571428571429,0.0560050515299025,0.033568917338543516,0.0410958904109589,0.006562756357670222,0.16666666666666666,0.09094109590927954,0.051983111859005164,0.03571428571428571,0.012830793905372895,0.25196850393700787
networkadex,5.0,5.0,3.0,0.28006687721675205,0.1317265378987215,0.25,0.06451612903225806,0.7142857142857143,0.06154605918707236,0.03581046484129392,0.07142857142857142,0.004101722723543888,0.17708333333333334,0.0999136986073983,0.05531764275700968,0.06896551724137931,0.00801924619085806,0.26771653543307083
networkadex,5.0,5.0,5.0,0.32134342539030764,0.1376664540732228,0.25,0.04838709677419355,0.7857142857142857,0.07072785982465238,0.038028928124806134,0.07352941176470588,0.004101722723543888,0.20987654320987653,0.1148138769464538,0.05849825506436889,0.06802721088435375,0.00801924619085806,0.30357142857142855
