dataset,decay_factor,alpha,beta,mean_precision,std_precision,mode_precision,min_precision,max_precision,mean_recall,std_recall,mode_recall,min_recall,max_recall,mean_f1,std_f1,mode_f1,min_f1,max_f1
networkdgd,0,0,0.1,0.09675867843388437,0.08815826150780467,0.0,0.0,0.5,0.03385932903528558,0.03333534374873275,0.0,0.0,0.18181818181818182,0.0493511941364011,0.04700373600478071,0.0,0.0,0.26086956521739135
networkdgd,0,0,0.25,0.09660968996446188,0.08959199828754534,0.0,0.0,0.5555555555555556,0.03403928898739488,0.03471829616406552,0.0,0.0,0.25,0.04947954101644994,0.04848601869898561,0.0,0.0,0.3333333333333333
networkdgd,0,0,0.5,0.11341172049804646,0.09625750216816656,0.0,0.0,0.5,0.039880306371493215,0.03842932007653963,0.0,0.0,0.21428571428571427,0.057987352529060954,0.05302496879788603,0.0,0.0,0.3
networkdgd,0,0,0.75,0.1257192140479833,0.09618783323425964,0.0,0.0,0.46153846153846156,0.04443278856733783,0.03930473344643538,0.0,0.0,0.21739130434782608,0.06453757005108716,0.054122027122437334,0.0,0.0,0.27027027027027023
networkdgd,0,0,1.0,0.15083557263193312,0.1038235490471852,0.0,0.0,0.6,0.052853698333325795,0.04287469612505831,0.0,0.0,0.30434782608695654,0.07690022618069868,0.05844900781047718,0.0,0.0,0.4
networkdgd,0,0,2.0,0.25561336151823555,0.11698795293489621,0.3333333333333333,0.0,0.75,0.08751882757605882,0.052976465059958976,0.0,0.0,0.4166666666666667,0.12794562404766427,0.06999732916777,0.0,0.0,0.45454545454545453
networkdgd,0,0,3.0,0.3487470404970194,0.12255141295198285,0.3333333333333333,0.0,1.0,0.11790073311865278,0.0576902719406498,0.14285714285714285,0.0,0.42857142857142855,0.17288845072576414,0.07472787371374186,0.18181818181818182,0.0,0.6
networkdgd,0,0,5.0,0.4210203878560364,0.13192314118356252,0.5,0.0,1.0,0.14088023398376104,0.062105899888683994,0.1111111111111111,0.0,0.4166666666666667,0.20705012420412103,0.07994977916801853,0.26666666666666666,0.0,0.5
networkdgd,0,0.1,0,0.09163339599860282,0.08587230720256162,0.0,0.0,0.5,0.032562220239754754,0.03377382337281916,0.0,0.0,0.21052631578947367,0.04718868158678936,0.0467511733772587,0.0,0.0,0.28571428571428575
networkdgd,0,0.1,0.1,0.08865138930389915,0.083998306735113,0.0,0.0,0.46153846153846156,0.03166139817347742,0.03532325689944038,0.0,0.0,0.3,0.045862348096026115,0.048140473507946493,0.0,0.0,0.3636363636363637
networkdgd,0,0.1,0.25,0.10083631987513592,0.0919676632700315,0.0,0.0,0.5,0.036146843685822785,0.036671369908819695,0.0,0.0,0.21052631578947367,0.052323328520891485,0.05066664873243774,0.0,0.0,0.2580645161290323
networkdgd,0,0.1,0.5,0.11118120000528788,0.09225961018315824,0.0,0.0,0.5,0.03907277165837077,0.03805103834080423,0.0,0.0,0.3333333333333333,0.056786288027157045,0.05163448048249875,0.0,0.0,0.3636363636363636
networkdgd,0,0.1,0.75,0.12627514804909065,0.09817389790529349,0.0,0.0,0.5,0.04404486461149386,0.0389768760969167,0.0,0.0,0.2222222222222222,0.06423107192383973,0.054106474277659224,0.0,0.0,0.3
networkdgd,0,0.1,1.0,0.1490177573213827,0.10125403642782511,0.0,0.0,0.5,0.0516837762827889,0.040456634041866946,0.0,0.0,0.23529411764705882,0.0754031287932333,0.055831917657255335,0.0,0.0,0.29629629629629634
networkdgd,0,0.1,2.0,0.26216488172798047,0.11581592943329078,0.3333333333333333,0.0,0.75,0.08955367686279204,0.05224888443657515,0.0,0.0,0.4166666666666667,0.13093062776189676,0.06875431167692436,0.0,0.0,0.45454545454545453
networkdgd,0,0.1,3.0,0.3511300136086279,0.12528223587149084,0.5,0.0,0.75,0.11855174812321616,0.058431120630324865,0.1,0.0,0.5,0.17393467527159504,0.07601797624007357,0.2,0.0,0.5454545454545454
networkdgd,0,0.1,5.0,0.4174186019426841,0.13121720388154273,0.5,0.0,1.0,0.1402158148711382,0.06399035306642674,0.14285714285714285,0.0,0.6666666666666666,0.20584627016660278,0.08126217331361094,0.26666666666666666,0.0,0.7272727272727272
networkdgd,0,0.25,0,0.09489930785916673,0.08394965488860787,0.0,0.0,0.5,0.033512921869192705,0.03407879152715681,0.0,0.0,0.2857142857142857,0.04854549123365402,0.0462039301341195,0.0,0.0,0.30769230769230765
networkdgd,0,0.25,0.1,0.09603334146598483,0.08677945360716562,0.0,0.0,0.5,0.03419063172906554,0.03536256579066748,0.0,0.0,0.2631578947368421,0.04953767795548866,0.04856748988432899,0.0,0.0,0.3448275862068966
networkdgd,0,0.25,0.25,0.1038935310722499,0.0892774202683765,0.0,0.0,0.6666666666666666,0.03637518376256172,0.034705232555651576,0.0,0.0,0.2222222222222222,0.05293292999693876,0.048260660218623075,0.0,0.0,0.3333333333333333
networkdgd,0,0.25,0.5,0.1154070486575571,0.09326306492916907,0.0,0.0,0.625,0.04079387623716378,0.037711531828341575,0.0,0.0,0.2222222222222222,0.05917810250540072,0.0518180190772806,0.0,0.0,0.3
networkdgd,0,0.25,0.75,0.1455881767185749,0.1043329943941337,0.0,0.0,0.7,0.05130913422309968,0.042691972339381976,0.0,0.0,0.30434782608695654,0.07462709951210607,0.05889988810423719,0.0,0.0,0.42424242424242425
networkdgd,0,0.25,1.0,0.16450101277931792,0.10866335984519936,0.0,0.0,0.75,0.05648654380280807,0.042814563796514216,0.0,0.0,0.23076923076923078,0.08267061405057785,0.059187498735115966,0.0,0.0,0.3157894736842105
networkdgd,0,0.25,2.0,0.2760557387818792,0.11494142285579761,0.25,0.0,0.6666666666666666,0.09401114079180427,0.05226203553708125,0.0,0.0,0.4166666666666667,0.1375325658123985,0.068260769338376,0.0,0.0,0.45454545454545453
networkdgd,0,0.25,3.0,0.35720495771530536,0.1160119167676036,0.3333333333333333,0.0,0.7692307692307693,0.11995151631017438,0.05529272955361078,0.1111111111111111,0.0,0.4166666666666667,0.17612072204166046,0.07126291680624286,0.2222222222222222,0.0,0.4571428571428571
networkdgd,0,0.25,5.0,0.41861649685913244,0.1309514655381279,0.5,0.0,1.0,0.14042562046838294,0.06249486517154628,0.1111111111111111,0.0,0.5833333333333334,0.20630419186717072,0.07999568197687273,0.26666666666666666,0.0,0.6363636363636365
networkdgd,0,0.5,0,0.10962048249441203,0.0908735614960581,0.0,0.0,0.5,0.03820020214536606,0.03651747734543868,0.0,0.0,0.25,0.05563200875367348,0.050336659275025626,0.0,0.0,0.32558139534883723
networkdgd,0,0.5,0.1,0.10689273801853194,0.09050737249833365,0.0,0.0,0.5,0.03747317882442537,0.03622277942491305,0.0,0.0,0.25,0.05451558008600982,0.05015791028448987,0.0,0.0,0.3333333333333333
networkdgd,0,0.5,0.25,0.11878850592305754,0.09419193331297956,0.0,0.0,0.6,0.0419525669384368,0.03806137445951021,0.0,0.0,0.25,0.060849260557147504,0.0521446489924564,0.0,0.0,0.32432432432432434
networkdgd,0,0.5,0.5,0.14007884305951424,0.09495197218471178,0.0,0.0,0.5,0.04889970498271784,0.039059672323804535,0.0,0.0,0.25,0.07123142595055612,0.05372733940046565,0.0,0.0,0.3333333333333333
networkdgd,0,0.5,0.75,0.16196134982126645,0.10331201509365684,0.0,0.0,0.6,0.05637230613515979,0.04269562964642017,0.0,0.0,0.3333333333333333,0.08221357793808791,0.05825611055888351,0.0,0.0,0.4
networkdgd,0,0.5,1.0,0.18701693656799473,0.10452539105090186,0.0,0.0,0.5714285714285714,0.06408453196801134,0.04412186025895721,0.0,0.0,0.4166666666666667,0.09371101561430951,0.05917793827790626,0.0,0.0,0.45454545454545453
networkdgd,0,0.5,2.0,0.2956729220374632,0.11673747854779049,0.3333333333333333,0.0,1.0,0.10055740340444574,0.053418077601204456,0.0,0.0,0.42857142857142855,0.1472298305115735,0.07020061695993599,0.0,0.0,0.6
networkdgd,0,0.5,3.0,0.36447149833123604,0.12320197806937054,0.3333333333333333,0.0,1.0,0.12254058225712527,0.05769918451106001,0.16666666666666666,0.0,0.5833333333333334,0.17985915833662303,0.07415215515960516,0.2222222222222222,0.0,0.6363636363636365
networkdgd,0,0.5,5.0,0.4211169044621985,0.13033978948579544,0.5,0.0,1.0,0.14102513153776677,0.060962789234748856,0.1111111111111111,0.0,0.5,0.20726355389861853,0.07859019730173886,0.25,0.0,0.5454545454545454
networkdgd,0,0.75,0,0.11617602478994511,0.09016140425995345,0.0,0.0,0.5,0.04140605255637675,0.037986654615550376,0.0,0.0,0.2222222222222222,0.0599644658827198,0.05174915962190006,0.0,0.0,0.30769230769230765
networkdgd,0,0.75,0.1,0.12379063885635794,0.1013348943877394,0.0,0.0,1.0,0.04230169025492866,0.036873870409010856,0.0,0.0,0.2631578947368421,0.06182759612194172,0.0512044634385527,0.0,0.0,0.3389830508474576
networkdgd,0,0.75,0.25,0.13938697651827403,0.09908161977797386,0.0,0.0,0.75,0.047847696416294744,0.03924764668497204,0.0,0.0,0.2857142857142857,0.0699388603768716,0.05414432834397857,0.0,0.0,0.4
networkdgd,0,0.75,0.5,0.17195000866191676,0.10300256372303403,0.0,0.0,0.6,0.05924964541459004,0.041476348029222974,0.0,0.0,0.21739130434782608,0.0865672606774568,0.05695890269673398,0.0,0.0,0.3
networkdgd,0,0.75,0.75,0.1842791767042076,0.10630262160517383,0.0,0.0,0.6,0.06329295802099796,0.04520485666082273,0.0,0.0,0.36363636363636365,0.09244196523373403,0.06078505860723397,0.0,0.0,0.4444444444444444
networkdgd,0,0.75,1.0,0.2142305446790901,0.11049539361892494,0.25,0.0,0.7,0.07312766198319665,0.046515067328413796,0.0,0.0,0.3333333333333333,0.10695692228964096,0.06252706545184117,0.0,0.0,0.42424242424242425
networkdgd,0,0.75,2.0,0.3027662979313223,0.11161740679043186,0.3333333333333333,0.0,0.6666666666666666,0.10276616377699523,0.05284573991688542,0.1111111111111111,0.0,0.34782608695652173,0.15054287608707834,0.06896585120632782,0.16666666666666666,0.0,0.4324324324324324
networkdgd,0,0.75,3.0,0.3650404465709334,0.11668284378843116,0.3333333333333333,0.0,0.8,0.12287666944474038,0.056216294677919394,0.09090909090909091,0.0,0.5,0.18037226157994593,0.07212838233108507,0.16666666666666666,0.0,0.5454545454545454
networkdgd,0,0.75,5.0,0.42415292748319,0.13005709417213265,0.5,0.0,1.0,0.14176190791747917,0.06138893688016309,0.1111111111111111,0.0,0.5833333333333334,0.20836828382095965,0.07818612224857974,0.26666666666666666,0.0,0.6363636363636365
networkdgd,0,1.0,0,0.13580330043436817,0.09770692385834695,0.0,0.0,0.5555555555555556,0.0474839419189389,0.040934512862217165,0.0,0.0,0.25,0.06916836487748716,0.05615269643017525,0.0,0.0,0.3225806451612903
networkdgd,0,1.0,0.1,0.14570566986372954,0.09725942040354417,0.0,0.0,0.6,0.05025890455157992,0.038799351868529036,0.0,0.0,0.2608695652173913,0.07337820740214288,0.05341660427844389,0.0,0.0,0.33333333333333337
networkdgd,0,1.0,0.25,0.15698169216763022,0.1015853329532422,0.0,0.0,0.5384615384615384,0.0548720909807679,0.04219479866000732,0.0,0.0,0.2916666666666667,0.07991969531277718,0.057472275022404117,0.0,0.0,0.3783783783783784
networkdgd,0,1.0,0.5,0.18019815100421246,0.10144319868178762,0.0,0.0,0.6666666666666666,0.061804999931539234,0.04244851733829403,0.0,0.0,0.2857142857142857,0.09031642789226375,0.05769972138094724,0.0,0.0,0.4
networkdgd,0,1.0,0.75,0.20394266134172728,0.0987224328339784,0.0,0.0,0.6,0.06958990986675709,0.04391625545032588,0.0,0.0,0.3333333333333333,0.10177297780698294,0.058124018628297476,0.0,0.0,0.4210526315789474
networkdgd,0,1.0,1.0,0.23088496414829573,0.10461118041212182,0.25,0.0,0.625,0.07889165539497393,0.04681254744073881,0.0,0.0,0.3333333333333333,0.1154139793967635,0.06197260257319597,0.0,0.0,0.36363636363636365
networkdgd,0,1.0,2.0,0.3146209858553909,0.11634443771692551,0.3333333333333333,0.0,1.0,0.10602908218010994,0.053252673626818174,0.1111111111111111,0.0,0.3888888888888889,0.1556006534521402,0.06973087774455142,0.13333333333333333,0.0,0.5185185185185185
networkdgd,0,1.0,3.0,0.3751039094000038,0.12156564628696699,0.3333333333333333,0.0,1.0,0.1259254907512149,0.060015517822164334,0.1111111111111111,0.0,0.6666666666666666,0.18480764219930068,0.07567934803799464,0.16666666666666666,0.0,0.7272727272727272
networkdgd,0,1.0,5.0,0.4232069153487114,0.13264814461802482,0.5,0.0,1.0,0.14148183391937352,0.0622650357815938,0.1111111111111111,0.0,0.5833333333333334,0.20795623966340424,0.07969048141992144,0.2222222222222222,0.0,0.6363636363636365
networkdgd,0,2.0,0,0.20134722531317484,0.10315938187338664,0.2,0.0,1.0,0.06816499227752713,0.04284328468204254,0.0,0.0,0.42857142857142855,0.09988759057599869,0.057706812211113866,0.0,0.0,0.6
networkdgd,0,2.0,0.1,0.20593561915897415,0.09213559102730129,0.2,0.0,0.625,0.0696846050686244,0.03962949699123858,0.0,0.0,0.25,0.10224301738051711,0.05326165675781597,0.0,0.0,0.35714285714285715
networkdgd,0,2.0,0.25,0.2201397548251018,0.09902294767996583,0.25,0.0,1.0,0.0745249418087349,0.04261298285120641,0.0,0.0,0.42857142857142855,0.10930135013903514,0.05704464360603557,0.0,0.0,0.6
networkdgd,0,2.0,0.5,0.2320089844968473,0.09643003546043714,0.25,0.0,0.6,0.07861414433997725,0.04248288646461703,0.0,0.0,0.2777777777777778,0.11524857968755282,0.05632473082676283,0.0,0.0,0.33333333333333337
networkdgd,0,2.0,0.75,0.25571502701619314,0.1031456083873864,0.25,0.0,1.0,0.086321672531926,0.04633502595893286,0.1111111111111111,0.0,0.42857142857142855,0.12666427300527405,0.061354615605683005,0.0,0.0,0.6
networkdgd,0,2.0,1.0,0.26792081178516153,0.10231370428780108,0.3333333333333333,0.0,0.6666666666666666,0.09035392468753807,0.0465426751635591,0.1111111111111111,0.0,0.3157894736842105,0.1325446859396655,0.061132134567898476,0.0,0.0,0.41379310344827586
networkdgd,0,2.0,2.0,0.3237911622077066,0.10704345889716053,0.3333333333333333,0.0,1.0,0.10866617284787185,0.050170671614531016,0.09090909090909091,0.0,0.42857142857142855,0.1597181550542961,0.06561172419309538,0.13333333333333333,0.0,0.6
networkdgd,0,2.0,3.0,0.3710946729776203,0.1203864751413391,0.3333333333333333,0.0,1.0,0.1239764370417425,0.05609104635823387,0.14285714285714285,0.0,0.5,0.18228514392682896,0.07241651657984449,0.13333333333333333,0.0,0.6
networkdgd,0,2.0,5.0,0.42274195103231504,0.1309573818172629,0.5,0.0,1.0,0.14151900756324068,0.06310961875871296,0.1111111111111111,0.0,0.5833333333333334,0.2079623395077587,0.08063481733571903,0.26666666666666666,0.0,0.6363636363636365
networkdgd,0,3.0,0,0.22883387153027956,0.09744245172283993,0.25,0.0,0.6666666666666666,0.07693219054012435,0.041461401774332426,0.0,0.0,0.2857142857142857,0.11295358381785549,0.05547495699718987,0.0,0.0,0.4
networkdgd,0,3.0,0.1,0.23405416863948048,0.09710659085432692,0.25,0.0,0.6666666666666666,0.07848092392360395,0.041134299424300164,0.0,0.0,0.2857142857142857,0.11535498396934044,0.05514031857922173,0.0,0.0,0.4
networkdgd,0,3.0,0.25,0.24308800109241172,0.09923264615162464,0.25,0.0,0.6666666666666666,0.08139470279517548,0.04315572841582417,0.1111111111111111,0.0,0.2857142857142857,0.11956060956007197,0.05703937407868081,0.0,0.0,0.4
networkdgd,0,3.0,0.5,0.25094803777814545,0.10035549777708365,0.25,0.0,0.6666666666666666,0.0848004827187051,0.044327051224667714,0.09090909090909091,0.0,0.2857142857142857,0.12440855189550774,0.05879237362170881,0.0,0.0,0.36363636363636365
networkdgd,0,3.0,0.75,0.26986426559343135,0.10817118237846907,0.3333333333333333,0.0,0.7142857142857143,0.08987212160845784,0.04569463605052656,0.1111111111111111,0.0,0.2857142857142857,0.13225534866393143,0.060877733071434424,0.0,0.0,0.4
networkdgd,0,3.0,1.0,0.2809291000199703,0.10563798844119207,0.3333333333333333,0.0,1.0,0.09438585403969796,0.048367770322768275,0.1111111111111111,0.0,0.42857142857142855,0.13855768788053574,0.06324183077278007,0.15384615384615385,0.0,0.6
networkdgd,0,3.0,2.0,0.33135962638329086,0.1169825755801919,0.3333333333333333,0.0,1.0,0.11049078937641825,0.051690000173056076,0.1111111111111111,0.0,0.42857142857142855,0.16254628510567212,0.06783309359990819,0.14285714285714285,0.0,0.6
networkdgd,0,3.0,3.0,0.3710488399861613,0.12350535287001031,0.3333333333333333,0.0,1.0,0.12350266026409466,0.055621610246104264,0.1111111111111111,0.0,0.5,0.18172278746272824,0.07200193729946151,0.16666666666666666,0.0,0.6
networkdgd,0,3.0,5.0,0.4193188469147648,0.13239599034681096,0.5,0.0,1.0,0.13986587421949218,0.06143253116498403,0.14285714285714285,0.0,0.5833333333333334,0.20569034503790748,0.07868693746662084,0.2,0.0,0.6363636363636365
networkdgd,0,5.0,0,0.2591993587925226,0.10383485481340143,0.3333333333333333,0.0,1.0,0.0860786749074277,0.04366761066359949,0.09090909090909091,0.0,0.42857142857142855,0.12673770267970963,0.05837153367072443,0.0,0.0,0.6
networkdgd,0,5.0,0.1,0.257843700931553,0.10243695754494209,0.3333333333333333,0.0,1.0,0.08629963589894697,0.045075083430794076,0.1111111111111111,0.0,0.42857142857142855,0.12681681989337962,0.05977387862160378,0.13333333333333333,0.0,0.6
networkdgd,0,5.0,0.25,0.2621462296215046,0.10634911813257633,0.3333333333333333,0.0,1.0,0.08729333434237836,0.04587618353762719,0.07692307692307693,0.0,0.42857142857142855,0.12845923721334676,0.0611198802619456,0.0,0.0,0.6
networkdgd,0,5.0,0.5,0.2733936009169811,0.10893699586342144,0.25,0.0,1.0,0.09128354740771069,0.04771551162065851,0.07692307692307693,0.0,0.42857142857142855,0.13420331258265755,0.06290823164829171,0.13333333333333333,0.0,0.6
networkdgd,0,5.0,0.75,0.28244715147021143,0.10398095476409898,0.3333333333333333,0.0,0.6666666666666666,0.09403644649880792,0.04481088329554487,0.07692307692307693,0.0,0.2857142857142857,0.13841865173042212,0.05942094383868633,0.13333333333333333,0.0,0.4
networkdgd,0,5.0,1.0,0.2888797695191531,0.11298015064539307,0.3333333333333333,0.0,1.0,0.09570694618635363,0.045389446419894786,0.1,0.0,0.42857142857142855,0.1410357299038756,0.06087508419226859,0.13333333333333333,0.0,0.6
networkdgd,0,5.0,2.0,0.31901342489480516,0.11740686220489098,0.3333333333333333,0.0,1.0,0.10608492755995129,0.050072275012614756,0.09090909090909091,0.0,0.42857142857142855,0.15621963162808547,0.06645486535315469,0.13333333333333333,0.0,0.6
networkdgd,0,5.0,3.0,0.34802661724567374,0.12211884351965928,0.3333333333333333,0.0,1.0,0.11589540545192936,0.054595166530089154,0.1111111111111111,0.0,0.5,0.1705329161989989,0.07108877151601979,0.125,0.0,0.6
networkdgd,0,5.0,5.0,0.3974154752572093,0.12999753778521478,0.5,0.0,1.0,0.1323653521541538,0.05980864475183064,0.1111111111111111,0.0,0.6666666666666666,0.19477065787694517,0.0768634686146947,0.2,0.0,0.7272727272727272
networkdgd,0.1,0,0,0.19987472567245715,0.1255443198404517,0.0,0.0,0.7,0.07104067514766756,0.056995999486538544,0.0,0.0,0.4166666666666667,0.10287306301210099,0.07571389420983993,0.0,0.0,0.5
networkdgd,0.1,0,0.1,0.21132160619765208,0.12968708529975675,0.0,0.0,0.7777777777777778,0.07494227369921384,0.05850408684653454,0.0,0.0,0.4166666666666667,0.10870277141237157,0.0780655811431957,0.0,0.0,0.5
networkdgd,0.1,0,0.25,0.22740441680801363,0.12720991129945883,0.0,0.0,0.6666666666666666,0.07960505667453321,0.056229101024888165,0.0,0.0,0.5,0.11574900266001727,0.07460611712265199,0.0,0.0,0.5454545454545454
networkdgd,0.1,0,0.5,0.24265848933049342,0.1257555611597774,0.0,0.0,0.6666666666666666,0.08546198836784713,0.05883932112185665,0.0,0.0,0.4166666666666667,0.12410931461611031,0.07766459269982869,0.0,0.0,0.5
networkdgd,0.1,0,0.75,0.26901252654965496,0.1326712630596015,0.2,0.0,0.75,0.09320256101053845,0.058108706429905996,0.0,0.0,0.4166666666666667,0.13587949069521343,0.0773886314895603,0.0,0.0,0.5
networkdgd,0.1,0,1.0,0.29574321664840175,0.1347573265806794,0.3333333333333333,0.0,0.75,0.10210721200933352,0.06187554553056032,0.0,0.0,0.4,0.14895572409529514,0.08175499507683344,0.0,0.0,0.5
networkdgd,0.1,0,2.0,0.37116208517456317,0.12490983817996429,0.3333333333333333,0.0,0.8333333333333334,0.1257878004365384,0.06165823172494049,0.1111111111111111,0.0,0.5833333333333334,0.18430497616969613,0.07909187806243824,0.2222222222222222,0.0,0.6363636363636365
networkdgd,0.1,0,3.0,0.4069593999115321,0.133061288561928,0.5,0.0,1.0,0.13720775869419644,0.06430532703191764,0.14285714285714285,0.0,0.5,0.20128036273902117,0.08258026522193343,0.25,0.0,0.5454545454545454
networkdgd,0.1,0,5.0,0.4191914531192744,0.13482656860538175,0.5,0.0,1.0,0.14120756819666744,0.06696757266715986,0.14285714285714285,0.0,0.6666666666666666,0.20715583093527304,0.08534852944370112,0.25,0.0,0.7272727272727272
networkdgd,0.1,0.1,0,0.20500950483225608,0.12992301597275838,0.0,0.0,0.6666666666666666,0.07306216653713284,0.05759353421824634,0.0,0.0,0.4,0.1058195872251432,0.07741458930594819,0.0,0.0,0.5
networkdgd,0.1,0.1,0.1,0.2171863777936721,0.1279615197379115,0.0,0.0,0.6842105263157895,0.0768603940202923,0.058345194673757705,0.0,0.0,0.4166666666666667,0.11147620050915838,0.07735826830118961,0.0,0.0,0.5
networkdgd,0.1,0.1,0.25,0.2399895370596277,0.12891768422691702,0.25,0.0,0.8333333333333334,0.08397110655566452,0.0582391248253425,0.0,0.0,0.5,0.12216650827861603,0.0776430221595179,0.0,0.0,0.625
networkdgd,0.1,0.1,0.5,0.2577009379343579,0.12934687534526115,0.25,0.0,0.8,0.09051136838702492,0.05943341610374694,0.0,0.0,0.4166666666666667,0.1315885560732386,0.07873116327398709,0.0,0.0,0.5
networkdgd,0.1,0.1,0.75,0.2760302091465603,0.1300829410934074,0.3333333333333333,0.0,0.7692307692307693,0.09577530429700046,0.06030575304367417,0.0,0.0,0.5,0.13958380971355228,0.07920991853106558,0.0,0.0,0.5454545454545454
networkdgd,0.1,0.1,1.0,0.3080086923258962,0.12717231225916623,0.3333333333333333,0.0,0.8333333333333334,0.10553063367808788,0.05857346903422271,0.1111111111111111,0.0,0.5,0.15427208851672222,0.07724111152772288,0.0,0.0,0.625
networkdgd,0.1,0.1,2.0,0.3785324522914807,0.1292139669614692,0.3333333333333333,0.0,0.8333333333333334,0.12844473846079896,0.06270348865247391,0.14285714285714285,0.0,0.4166666666666667,0.18816482118501263,0.08107237969896573,0.16666666666666666,0.0,0.5000000000000001
networkdgd,0.1,0.1,3.0,0.40757003631482613,0.13416345700159507,0.5,0.0,1.0,0.13752250800379973,0.06595469672554057,0.14285714285714285,0.0,0.5833333333333334,0.20164088261801294,0.08402108211107367,0.19047619047619047,0.0,0.6363636363636365
networkdgd,0.1,0.1,5.0,0.418433267379491,0.1359243822287625,0.5,0.0,1.0,0.141020522575801,0.06627964351686269,0.16666666666666666,0.0,0.5833333333333334,0.20691264311447105,0.08501125002809215,0.25,0.0,0.6363636363636365
networkdgd,0.1,0.25,0,0.2199219029634808,0.12127256723038257,0.0,0.0,0.6666666666666666,0.07751304744396403,0.055487737898195416,0.0,0.0,0.4166666666666667,0.1125106896873947,0.07328247184441664,0.0,0.0,0.5
networkdgd,0.1,0.25,0.1,0.23053940175822699,0.12468098008496757,0.0,0.0,0.6666666666666666,0.08126475034640902,0.05710772010932206,0.0,0.0,0.4,0.11806430367788506,0.0759775036560423,0.0,0.0,0.5
networkdgd,0.1,0.25,0.25,0.24229799508750546,0.12437444165956245,0.25,0.0,0.6923076923076923,0.08529190727717413,0.058165266188342515,0.0,0.0,0.4,0.1238494283526973,0.0769726596162904,0.0,0.0,0.5
networkdgd,0.1,0.25,0.5,0.2598481506954566,0.13052174580505108,0.3333333333333333,0.0,1.0,0.09094812911054764,0.05838598119084145,0.0,0.0,0.4,0.13234141207908554,0.07798988746441039,0.0,0.0,0.5
networkdgd,0.1,0.25,0.75,0.2923549107103663,0.1315328204438379,0.3333333333333333,0.0,0.75,0.10117837563583042,0.06144737307087448,0.0,0.0,0.5833333333333334,0.14748994352433714,0.0801222209098054,0.0,0.0,0.6363636363636365
networkdgd,0.1,0.25,1.0,0.31863052200949876,0.12468134372822895,0.3333333333333333,0.0,0.75,0.10988248768645353,0.059283483111410636,0.14285714285714285,0.0,0.4,0.16045440235602293,0.0777780225699057,0.0,0.0,0.5
networkdgd,0.1,0.25,2.0,0.38463201270870817,0.12162482402327598,0.3333333333333333,0.0,0.8571428571428571,0.1305165195614961,0.06158195312742227,0.16666666666666666,0.0,0.5,0.19121119176005602,0.07857039072171294,0.2,0.0,0.625
networkdgd,0.1,0.25,3.0,0.40688446771511966,0.1294538428648988,0.5,0.0,0.8333333333333334,0.13802252623574057,0.06632138354410165,0.14285714285714285,0.0,0.6666666666666666,0.20218128086681467,0.08433216908732431,0.25,0.0,0.7272727272727272
networkdgd,0.1,0.25,5.0,0.42212445692253103,0.14013667753545442,0.5,0.0,1.0,0.14178628848932923,0.06647077052103229,0.16666666666666666,0.0,0.5833333333333334,0.20815766372487407,0.08546373678241631,0.25,0.0,0.6363636363636365
networkdgd,0.1,0.5,0,0.23863622443660826,0.1209231492859687,0.2,0.0,0.8333333333333334,0.08348329074042639,0.05617635188106975,0.0,0.0,0.5,0.12152270231233989,0.07434949318674694,0.0,0.0,0.625
networkdgd,0.1,0.5,0.1,0.2521566912434112,0.124146674110844,0.25,0.0,0.6923076923076923,0.08774964415145495,0.056443020033148404,0.0,0.0,0.4,0.12783591497114735,0.07518735684984805,0.0,0.0,0.5
networkdgd,0.1,0.5,0.25,0.263070732880585,0.12130757181463582,0.3333333333333333,0.0,0.75,0.09190231992565906,0.058134348250780885,0.0,0.0,0.42857142857142855,0.13370551719987006,0.07616147955109345,0.0,0.0,0.5454545454545454
networkdgd,0.1,0.5,0.5,0.28418663487170354,0.12532125999983576,0.25,0.0,0.8,0.09880563085048365,0.05993725007957797,0.0,0.0,0.4166666666666667,0.14389647019744123,0.07839049584452519,0.0,0.0,0.5
networkdgd,0.1,0.5,0.75,0.3109074845597076,0.12044594223053079,0.3333333333333333,0.0,0.6666666666666666,0.10692623126838381,0.05909626526439445,0.0,0.0,0.5,0.15611737127838435,0.07654639829357661,0.0,0.0,0.5454545454545454
networkdgd,0.1,0.5,1.0,0.3337509928303956,0.1179859978243497,0.3333333333333333,0.0,0.8,0.11404580249705425,0.05896963520215053,0.09090909090909091,0.0,0.4,0.1667732291490953,0.07622593284327833,0.18181818181818182,0.0,0.5000000000000001
networkdgd,0.1,0.5,2.0,0.3881116850989975,0.12289902978799845,0.5,0.0,0.8,0.1308189277142982,0.06103935109324966,0.16666666666666666,0.0,0.4166666666666667,0.1918931341425159,0.07821791766261235,0.13333333333333333,0.0,0.5000000000000001
networkdgd,0.1,0.5,3.0,0.40887906901586146,0.12822112071978417,0.5,0.0,1.0,0.1379874676561921,0.06436171557490282,0.14285714285714285,0.0,0.5833333333333334,0.2023460051579325,0.08176911133437105,0.26666666666666666,0.0,0.6363636363636365
networkdgd,0.1,0.5,5.0,0.4209353977994176,0.13428282647451417,0.5,0.0,1.0,0.14143646004962562,0.06588954319769648,0.1111111111111111,0.0,0.6666666666666666,0.2075936420473507,0.08372501611449804,0.18181818181818182,0.0,0.7272727272727272
networkdgd,0.1,0.75,0,0.26053087709861417,0.1272307349228418,0.25,0.0,0.6666666666666666,0.09119148389519412,0.058191228793260816,0.0,0.0,0.4,0.13270196210807478,0.07752551098312337,0.0,0.0,0.5
networkdgd,0.1,0.75,0.1,0.27218186776416337,0.1223496191450156,0.3333333333333333,0.0,0.8333333333333334,0.09468848812260444,0.057856884374285204,0.0,0.0,0.5,0.13791278869996607,0.0760838315761399,0.0,0.0,0.625
networkdgd,0.1,0.75,0.25,0.2815919289160307,0.12289347335873274,0.25,0.0,0.75,0.09759344508371928,0.058585060341633535,0.1,0.0,0.4,0.14220641077617668,0.07673759433656957,0.0,0.0,0.5
networkdgd,0.1,0.75,0.5,0.30458427499100493,0.12059979298937,0.3333333333333333,0.0,0.6666666666666666,0.10434192456955461,0.058264176478077974,0.1,0.0,0.4,0.1524787176604301,0.07594620916779811,0.0,0.0,0.5
networkdgd,0.1,0.75,0.75,0.32832179892726865,0.12189729272920065,0.3333333333333333,0.0,0.8333333333333334,0.11280677959415984,0.059736636249216525,0.1111111111111111,0.0,0.4,0.16478934063416106,0.0777249664922492,0.13333333333333333,0.0,0.5
networkdgd,0.1,0.75,1.0,0.34436633554863505,0.1235563733537833,0.3333333333333333,0.0,0.875,0.11737743350732711,0.06069961015659857,0.1,0.0,0.5,0.17177590996948272,0.0784558485054659,0.0,0.0,0.5454545454545454
networkdgd,0.1,0.75,2.0,0.3867386733012342,0.12590601438530533,0.5,0.0,0.8095238095238095,0.1311646887878888,0.06473425248941551,0.16666666666666666,0.0,0.6666666666666666,0.1921129333822484,0.0822621970768349,0.16666666666666666,0.0,0.7272727272727272
networkdgd,0.1,0.75,3.0,0.4091063256787038,0.13078864442874016,0.5,0.0,0.8571428571428571,0.13817656806217918,0.06556092810326537,0.14285714285714285,0.0,0.6666666666666666,0.20263040744257807,0.08341755870755198,0.26666666666666666,0.0,0.7272727272727272
networkdgd,0.1,0.75,5.0,0.4222905061847467,0.13558833476778143,0.5,0.0,1.0,0.1420310127978777,0.0658678593811685,0.125,0.0,0.5833333333333334,0.2084224762039528,0.08406854752526273,0.26666666666666666,0.0,0.6363636363636365
networkdgd,0.1,1.0,0,0.279549031446087,0.11527024843945326,0.3333333333333333,0.0,0.6666666666666666,0.09657266698715193,0.05536682691807599,0.0,0.0,0.4,0.14088693181212317,0.07231500453620965,0.0,0.0,0.5
networkdgd,0.1,1.0,0.1,0.2904113682223799,0.12111540784622585,0.3333333333333333,0.0,0.8,0.10004711360049712,0.05791413124220513,0.0,0.0,0.42105263157894735,0.14602613418389782,0.07582460676428707,0.0,0.0,0.5517241379310345
networkdgd,0.1,1.0,0.25,0.29761094075747324,0.11332930333874017,0.3333333333333333,0.0,0.7142857142857143,0.10179769491293778,0.054340233312624726,0.1,0.0,0.4,0.1488371440163913,0.0706562420220218,0.13333333333333333,0.0,0.5
networkdgd,0.1,1.0,0.5,0.31507391760519793,0.1190358267935054,0.3333333333333333,0.0,0.8333333333333334,0.10801445926431814,0.05790209492973625,0.1111111111111111,0.0,0.5,0.15787929132974085,0.07514397135585482,0.13333333333333333,0.0,0.625
networkdgd,0.1,1.0,0.75,0.3296895471309483,0.11619431595112273,0.3333333333333333,0.0,0.75,0.11265550546727028,0.05840134308679494,0.1111111111111111,0.0,0.5,0.16473049915167967,0.0748303267856728,0.2222222222222222,0.0,0.5454545454545454
networkdgd,0.1,1.0,1.0,0.34426092019482357,0.11857362781638796,0.3333333333333333,0.0,0.8,0.11713233924430518,0.05865038415516404,0.1111111111111111,0.0,0.4166666666666667,0.1715368938349013,0.07603815360961676,0.13333333333333333,0.0,0.5
networkdgd,0.1,1.0,2.0,0.3879694506898297,0.12415814597429763,0.3333333333333333,0.0,0.8333333333333334,0.1315138872747895,0.06321167881382857,0.125,0.0,0.5833333333333334,0.19268624627028183,0.08045352898761311,0.18181818181818182,0.0,0.6363636363636365
networkdgd,0.1,1.0,3.0,0.41129095875874727,0.12909697330917697,0.5,0.0,1.0,0.1386915045624744,0.06465407102384876,0.16666666666666666,0.0,0.5833333333333334,0.2034095616937626,0.08213127899215063,0.16666666666666666,0.0,0.6363636363636365
networkdgd,0.1,1.0,5.0,0.42434969181499227,0.13126704751971266,0.5,0.0,1.0,0.14272200608786845,0.06494541909408239,0.14285714285714285,0.0,0.5833333333333334,0.2094734706131457,0.0826801897249068,0.25,0.0,0.6363636363636365
networkdgd,0.1,2.0,0,0.3065216620886361,0.11191234032058604,0.3333333333333333,0.0,1.0,0.10437109301054164,0.05357515169485618,0.1111111111111111,0.0,0.4,0.15283178439668269,0.06987639484692793,0.13333333333333333,0.0,0.5
networkdgd,0.1,2.0,0.1,0.3151554270643408,0.11892407854842656,0.3333333333333333,0.0,0.8333333333333334,0.10715089592405451,0.05646429133330894,0.16666666666666666,0.0,0.5,0.15690347732617457,0.07370174567165598,0.13333333333333333,0.0,0.625
networkdgd,0.1,2.0,0.25,0.32219321682003427,0.11574386721248343,0.3333333333333333,0.0,0.75,0.10955915012494993,0.05533607306312791,0.14285714285714285,0.0,0.4166666666666667,0.16046722032310662,0.07195846088564542,0.13333333333333333,0.0,0.5
networkdgd,0.1,2.0,0.5,0.33543841633932564,0.11258253847766124,0.3333333333333333,0.0,0.8,0.11409207478980096,0.05617116018330455,0.1,0.0,0.42105263157894735,0.16706181649054858,0.0722855784545032,0.13333333333333333,0.0,0.5517241379310345
networkdgd,0.1,2.0,0.75,0.3445481093489281,0.11283034400578715,0.3333333333333333,0.0,0.8,0.11707763475410263,0.057762599130269675,0.1111111111111111,0.0,0.4166666666666667,0.17138141780461857,0.07373755119329302,0.16666666666666666,0.0,0.5
networkdgd,0.1,2.0,1.0,0.35286372924241166,0.11428049260628864,0.3333333333333333,0.0,0.7,0.12005343986371428,0.05950770070770449,0.1111111111111111,0.0,0.5833333333333334,0.17572858180039927,0.0756597427122824,0.13333333333333333,0.0,0.6363636363636365
networkdgd,0.1,2.0,2.0,0.3882111184011631,0.12252348410871172,0.3333333333333333,0.0,0.7619047619047619,0.13082391273340424,0.060096088809237606,0.1111111111111111,0.0,0.5,0.19198436600865598,0.07712332436065776,0.18181818181818182,0.0,0.5454545454545454
networkdgd,0.1,2.0,3.0,0.4086791783025332,0.12992731694884613,0.5,0.0,1.0,0.13753252149755033,0.06349993102871547,0.16666666666666666,0.0,0.5,0.2018327794663927,0.08117463198431615,0.25,0.0,0.625
networkdgd,0.1,2.0,5.0,0.42319183016664386,0.1321132610475907,0.5,0.0,0.8571428571428571,0.14263877745260276,0.06687347096156915,0.2,0.0,0.6666666666666666,0.20919447491726037,0.08466785130700417,0.2,0.0,0.7272727272727272
networkdgd,0.1,3.0,0,0.3151456013678592,0.11003837715551482,0.3333333333333333,0.0,0.8333333333333334,0.10734840417711261,0.054655282602432055,0.1,0.0,0.5,0.15709992974198989,0.07052075994614748,0.13333333333333333,0.0,0.625
networkdgd,0.1,3.0,0.1,0.3158249681898071,0.11687348422989335,0.3333333333333333,0.0,1.0,0.1075891685558059,0.056248754345922906,0.1,0.0,0.4,0.15749882154340106,0.07356666717410229,0.16666666666666666,0.0,0.5
networkdgd,0.1,3.0,0.25,0.32391387735592825,0.11473709585356894,0.3333333333333333,0.0,0.8,0.11028850317841049,0.05632724189252,0.1,0.0,0.4,0.16145876382022809,0.07314593199909995,0.13333333333333333,0.0,0.5
networkdgd,0.1,3.0,0.5,0.33423392808847624,0.11772751862700749,0.3333333333333333,0.0,0.75,0.11340393542794358,0.05751488073470896,0.1,0.0,0.5,0.1660842976267096,0.07392170143796598,0.13333333333333333,0.0,0.5454545454545454
networkdgd,0.1,3.0,0.75,0.34197067959751515,0.11535406661781562,0.3333333333333333,0.0,0.75,0.11601314944284474,0.05643812652982339,0.1111111111111111,0.0,0.4,0.1699471830628517,0.0730216233433082,0.13333333333333333,0.0,0.5
networkdgd,0.1,3.0,1.0,0.3515578017138869,0.11895514744635077,0.3333333333333333,0.0,0.8,0.11972914291348823,0.06114453616173421,0.1,0.0,0.5,0.17513359245428625,0.0779872475289237,0.2222222222222222,0.0,0.5454545454545454
networkdgd,0.1,3.0,2.0,0.3855158523624748,0.12889130968082801,0.3333333333333333,0.0,1.0,0.13013948170152803,0.062299349957884914,0.1111111111111111,0.0,0.5833333333333334,0.19090608675593412,0.08016063563402263,0.14285714285714288,0.0,0.6363636363636365
networkdgd,0.1,3.0,3.0,0.4054305413566787,0.13060326598573824,0.5,0.0,0.8571428571428571,0.13710213796433915,0.0665430914728485,0.1111111111111111,0.0,0.6666666666666666,0.20095202567839776,0.08455111133624255,0.26666666666666666,0.0,0.7272727272727272
networkdgd,0.1,3.0,5.0,0.4232870134699832,0.13375118380203685,0.5,0.0,1.0,0.1422259862528178,0.06542063306381124,0.16666666666666666,0.0,0.5833333333333334,0.2087676693398663,0.08333276541421931,0.25,0.0,0.6363636363636365
networkdgd,0.1,5.0,0,0.27452305464885834,0.12310554232207989,0.3333333333333333,0.0,0.7,0.0932162779837646,0.05512715876326095,0.1,0.0,0.4,0.13643372102599394,0.07293912978502176,0.14285714285714288,0.0,0.5
networkdgd,0.1,5.0,0.1,0.27369279059540286,0.13105890649654614,0.3333333333333333,0.0,0.8333333333333334,0.0927351199506002,0.05787582552630697,0.1111111111111111,0.0,0.5,0.13577944220439064,0.07673451940933396,0.125,0.0,0.625
networkdgd,0.1,5.0,0.25,0.27765063711827825,0.1274192001140991,0.3333333333333333,0.0,1.0,0.09380998892803044,0.05499606584885687,0.1111111111111111,0.0,0.42857142857142855,0.13751245373328608,0.07364205823559797,0.16666666666666666,0.0,0.6
networkdgd,0.1,5.0,0.5,0.28211287750202096,0.12510524379849905,0.3333333333333333,0.0,0.8333333333333334,0.0956180058477106,0.056071299602139524,0.1111111111111111,0.0,0.4,0.13998729883207084,0.07412238044904523,0.14285714285714285,0.0,0.5
networkdgd,0.1,5.0,0.75,0.2865149669696373,0.12367746478039073,0.3333333333333333,0.0,0.8,0.09708645087005123,0.05614180945777805,0.1,0.0,0.4166666666666667,0.14214131865528346,0.07372310810773425,0.15384615384615383,0.0,0.5
networkdgd,0.1,5.0,1.0,0.2943533211260035,0.1276404124579564,0.3333333333333333,0.0,0.8,0.10007102874418668,0.05974616960284206,0.1111111111111111,0.0,0.5,0.14637108446290062,0.07798414466467336,0.14285714285714285,0.0,0.5454545454545454
networkdgd,0.1,5.0,2.0,0.3217260567257854,0.13338849448947632,0.3333333333333333,0.0,0.8,0.10897788712049,0.06089645662641647,0.1,0.0,0.5,0.1595886985771702,0.0796334825330283,0.13333333333333333,0.0,0.5454545454545454
networkdgd,0.1,5.0,3.0,0.34320009763629356,0.13902251076032163,0.3333333333333333,0.0,0.8,0.11565919367645248,0.0627045014829714,0.1,0.0,0.5833333333333334,0.1696109667046207,0.08188652402186934,0.13793103448275862,0.0,0.6363636363636365
networkdgd,0.1,5.0,5.0,0.38574727781897905,0.14184561037702134,0.5,0.0,0.8571428571428571,0.12988826034929346,0.06643504220591182,0.1,0.0,0.6666666666666666,0.1904860245455079,0.08565996834238221,0.25,0.0,0.7272727272727272
networkdgd,0.25,0,0,0.197826826686997,0.12322973905424212,0.0,0.0,0.6666666666666666,0.06987057527460594,0.05376383520070644,0.0,0.0,0.4,0.10140082465396301,0.07227346171929755,0.0,0.0,0.5
networkdgd,0.25,0,0.1,0.2036930302525418,0.12412362778924071,0.0,0.0,0.6666666666666666,0.0717088923576144,0.05413742915632114,0.0,0.0,0.4,0.10420127582343071,0.07331705321440846,0.0,0.0,0.5
networkdgd,0.25,0,0.25,0.22079644573728055,0.12774579329010324,0.0,0.0,0.75,0.07845829514072984,0.058943435415664554,0.0,0.0,0.4,0.11365511450080135,0.07812707271699404,0.0,0.0,0.5
networkdgd,0.25,0,0.5,0.24325965035187397,0.12803836884871578,0.0,0.0,0.6842105263157895,0.08534594259460734,0.058183983487645384,0.0,0.0,0.4166666666666667,0.12410227826744989,0.07737041987334033,0.0,0.0,0.45454545454545453
networkdgd,0.25,0,0.75,0.27076969098037,0.12459098642605572,0.25,0.0,0.8,0.09403903792152409,0.057399161359330764,0.0,0.0,0.4,0.13715759621200524,0.07631451733127077,0.0,0.0,0.5
networkdgd,0.25,0,1.0,0.30039554231632126,0.13243424975383086,0.3333333333333333,0.0,0.75,0.10445528700382596,0.06432123712384138,0.0,0.0,0.5,0.15204380748472696,0.08368399346915183,0.0,0.0,0.5555555555555556
networkdgd,0.25,0,2.0,0.3768374841353831,0.1275560163122834,0.3333333333333333,0.0,1.0,0.12835932422097843,0.0642057946267006,0.09090909090909091,0.0,0.6,0.18782527177740327,0.08217514798558069,0.2222222222222222,0.0,0.7499999999999999
networkdgd,0.25,0,3.0,0.4041228254297504,0.12838676925135034,0.5,0.0,1.0,0.13645017771546927,0.06420450961773642,0.2,0.0,0.6666666666666666,0.20012351651637264,0.08155988274484774,0.13333333333333333,0.0,0.7272727272727272
networkdgd,0.25,0,5.0,0.4330701729249704,0.13102251506635432,0.5,0.0,1.0,0.14556615197076506,0.06468429794393922,0.2,0.0,0.5833333333333334,0.2136776491908481,0.08213974755377004,0.25,0.0,0.6363636363636365
networkdgd,0.25,0.1,0,0.20492164371242308,0.12109010149025268,0.0,0.0,0.6,0.07145766949103839,0.05321996485262521,0.0,0.0,0.36363636363636365,0.10403295455344053,0.07138589893464252,0.0,0.0,0.4444444444444444
networkdgd,0.25,0.1,0.1,0.21301327367609635,0.1272260945989901,0.0,0.0,0.6666666666666666,0.07570780288871957,0.056730589913030476,0.0,0.0,0.4,0.10981888550411799,0.07623305548216117,0.0,0.0,0.5
networkdgd,0.25,0.1,0.25,0.22747934659900357,0.12973468217868267,0.0,0.0,0.8,0.08036341169476295,0.057896390635473645,0.0,0.0,0.4444444444444444,0.11666678571590991,0.07748927606461127,0.0,0.0,0.5333333333333333
networkdgd,0.25,0.1,0.5,0.2589496770691785,0.13118621366127065,0.3333333333333333,0.0,0.8333333333333334,0.09013268281836352,0.06085602079879941,0.0,0.0,0.5,0.1312162250635788,0.08028681182591456,0.0,0.0,0.625
networkdgd,0.25,0.1,0.75,0.28049478426580976,0.12754464983278904,0.3333333333333333,0.0,0.75,0.09726890720858489,0.05948421178125267,0.0,0.0,0.5,0.14182894984380265,0.07810295160140207,0.0,0.0,0.6
networkdgd,0.25,0.1,1.0,0.3083155690646273,0.1300534845196362,0.3333333333333333,0.0,0.8333333333333334,0.10606532095909958,0.06013585803167436,0.0,0.0,0.4,0.15493746468450992,0.07932634492340747,0.0,0.0,0.5
networkdgd,0.25,0.1,2.0,0.3785909574530077,0.12839090119559105,0.3333333333333333,0.0,1.0,0.1284038225213931,0.06294225103493141,0.14285714285714285,0.0,0.5833333333333334,0.18808456052439662,0.08059952458531487,0.26666666666666666,0.0,0.6363636363636365
networkdgd,0.25,0.1,3.0,0.40828849976945797,0.12725907447799306,0.5,0.0,0.8571428571428571,0.13770477184670718,0.06302656303753783,0.1,0.0,0.5833333333333334,0.2020303097833072,0.0803679409369989,0.25,0.0,0.6363636363636365
networkdgd,0.25,0.1,5.0,0.43305266591175023,0.13209670579821567,0.5,0.0,1.0,0.1459081286612912,0.06644560564762737,0.14285714285714285,0.0,0.6666666666666666,0.21406645092067533,0.084329505469375,0.26666666666666666,0.0,0.7272727272727272
networkdgd,0.25,0.25,0,0.21401881071303105,0.12777476405446578,0.0,0.0,0.75,0.07601861308480976,0.057543579523876766,0.0,0.0,0.4,0.11013040363444487,0.07671668548356789,0.0,0.0,0.5
networkdgd,0.25,0.25,0.1,0.2270054595304414,0.12082610374664236,0.0,0.0,0.6666666666666666,0.07945461456617225,0.05496081103183059,0.0,0.0,0.4,0.11540231859378663,0.07274358499001243,0.0,0.0,0.5
networkdgd,0.25,0.25,0.25,0.24040827067703577,0.12406324270113765,0.25,0.0,0.6666666666666666,0.08424442738095046,0.05588066331555421,0.0,0.0,0.4,0.12256330533465433,0.07473818203537297,0.0,0.0,0.5
networkdgd,0.25,0.25,0.5,0.26326579002476663,0.12630234756763628,0.3333333333333333,0.0,0.75,0.09112457667442918,0.057189045584465734,0.0,0.0,0.35,0.13285222847004788,0.07590556099712178,0.0,0.0,0.4324324324324324
networkdgd,0.25,0.25,0.75,0.2877536544318039,0.12655616836263864,0.3333333333333333,0.0,0.8333333333333334,0.09971429193750007,0.0590982870011417,0.0,0.0,0.5,0.1454100550475489,0.07789471050236138,0.0,0.0,0.625
networkdgd,0.25,0.25,1.0,0.3099082318892416,0.12106471777349787,0.3333333333333333,0.0,0.7142857142857143,0.10769901897965806,0.059686056828331426,0.1111111111111111,0.0,0.4166666666666667,0.15699719973366624,0.0777318566397229,0.0,0.0,0.5
networkdgd,0.25,0.25,2.0,0.3781527995380217,0.12747876795813257,0.3333333333333333,0.0,0.8,0.1283384531123501,0.06380535405674313,0.1,0.0,0.5833333333333334,0.18797338093340957,0.08167564835881859,0.2222222222222222,0.0,0.6363636363636365
networkdgd,0.25,0.25,3.0,0.4084721512033262,0.1257264797132378,0.5,0.0,0.8571428571428571,0.13819517353506747,0.06411116243275067,0.1111111111111111,0.0,0.5,0.2025445080650665,0.08171067813335268,0.25,0.0,0.5454545454545454
networkdgd,0.25,0.25,5.0,0.43228315732748457,0.13513722310027382,0.5,0.0,1.0,0.1449773988282491,0.06468707130544198,0.1111111111111111,0.0,0.5833333333333334,0.21295689620525288,0.08272389783029327,0.25,0.0,0.6363636363636365
networkdgd,0.25,0.5,0,0.23133311959181466,0.11863304605075715,0.0,0.0,0.6666666666666666,0.08180923825188452,0.05569153523416072,0.0,0.0,0.4,0.11876205783866944,0.07369179452855888,0.0,0.0,0.5
networkdgd,0.25,0.5,0.1,0.25408708541729624,0.12512315683292907,0.25,0.0,1.0,0.08896816123716844,0.05883028194743233,0.0,0.0,0.5,0.12939348329291173,0.07734766080737814,0.0,0.0,0.5454545454545454
networkdgd,0.25,0.5,0.25,0.2618674617033121,0.12394833497391888,0.3333333333333333,0.0,0.7,0.09071075808143846,0.056917212795465424,0.0,0.0,0.4,0.13227401498445804,0.07544416394853473,0.0,0.0,0.5
networkdgd,0.25,0.5,0.5,0.2897495953704102,0.12508252120926583,0.3333333333333333,0.0,1.0,0.10085820303181084,0.0607982969438608,0.0,0.0,0.5833333333333334,0.14688429215808185,0.07881477336186384,0.0,0.0,0.6363636363636365
networkdgd,0.25,0.5,0.75,0.3101792565170773,0.11531747521557002,0.3333333333333333,0.0,0.75,0.10664083694231155,0.05725009105010419,0.1,0.0,0.4,0.15571329325446293,0.0741219340768826,0.0,0.0,0.5
networkdgd,0.25,0.5,1.0,0.32480731007341856,0.1242033225388327,0.3333333333333333,0.0,0.8333333333333334,0.11114354577291183,0.06110599375463713,0.0,0.0,0.5833333333333334,0.16243258153364573,0.07885773847729266,0.0,0.0,0.6363636363636365
networkdgd,0.25,0.5,2.0,0.3856809387577986,0.12567192074193292,0.5,0.0,0.8333333333333334,0.1310002189703945,0.06400531366040726,0.14285714285714285,0.0,0.5833333333333334,0.1918520590994986,0.08168982416680735,0.13333333333333333,0.0,0.6363636363636365
networkdgd,0.25,0.5,3.0,0.41387369486083186,0.12937719252268787,0.5,0.0,0.8571428571428571,0.13933245432184208,0.06270136825591135,0.14285714285714285,0.0,0.5,0.20450884566794275,0.0806291563745902,0.2222222222222222,0.0,0.5454545454545454
networkdgd,0.25,0.5,5.0,0.43645508998244237,0.13325252570357135,0.5,0.0,1.0,0.14665844542203116,0.06516554127231737,0.2,0.0,0.5833333333333334,0.21535133669294076,0.08314889728467896,0.25,0.0,0.6363636363636365
networkdgd,0.25,0.75,0,0.2585936262503824,0.12031608607453134,0.25,0.0,0.6842105263157895,0.0900529897416254,0.056142712768603054,0.0,0.0,0.4,0.13116275498323893,0.07425676895996856,0.0,0.0,0.4848484848484849
networkdgd,0.25,0.75,0.1,0.2633096034200103,0.12249638775241116,0.3333333333333333,0.0,0.75,0.0915322254264385,0.056692415922778024,0.0,0.0,0.35,0.13325862087032936,0.07481490102240361,0.0,0.0,0.4242424242424242
networkdgd,0.25,0.75,0.25,0.2799986860235987,0.11457465119785316,0.3333333333333333,0.0,0.75,0.09632704533707956,0.05456463400685727,0.09090909090909091,0.0,0.4,0.14066787714261053,0.07148750325821927,0.0,0.0,0.5
networkdgd,0.25,0.75,0.5,0.2990034440895244,0.12484495956193772,0.3333333333333333,0.0,0.8333333333333334,0.1024882162831329,0.05813767108938166,0.0,0.0,0.5,0.14981009234479437,0.07650657340730632,0.0,0.0,0.625
networkdgd,0.25,0.75,0.75,0.322615450342825,0.12199675304804874,0.3333333333333333,0.0,0.8333333333333334,0.1109552958498165,0.06027789378445182,0.16666666666666666,0.0,0.5,0.16208273651623634,0.07819134951871888,0.0,0.0,0.625
networkdgd,0.25,0.75,1.0,0.34176463190490103,0.12125037853720004,0.3333333333333333,0.0,0.75,0.11658432261842891,0.0601721712735513,0.1111111111111111,0.0,0.5,0.17055665960481248,0.07757919741087069,0.13333333333333333,0.0,0.5454545454545454
networkdgd,0.25,0.75,2.0,0.39219507679609295,0.12647499028246673,0.3333333333333333,0.0,1.0,0.1326368003980538,0.06305601310429726,0.1,0.0,0.5,0.1944857177728131,0.08091934913631361,0.2222222222222222,0.0,0.625
networkdgd,0.25,0.75,3.0,0.4172245654326847,0.12975940502243544,0.5,0.0,1.0,0.14054139413387037,0.06442094720151931,0.16666666666666666,0.0,0.6666666666666666,0.20617828800795437,0.08185106052559735,0.25,0.0,0.7272727272727272
networkdgd,0.25,0.75,5.0,0.43653435798667034,0.13110543497578153,0.5,0.0,1.0,0.14664811895713495,0.06483809793233974,0.16666666666666666,0.0,0.5833333333333334,0.21534519698403243,0.08258942962153112,0.25,0.0,0.6363636363636365
networkdgd,0.25,1.0,0,0.2733809147511518,0.11714974624922996,0.3333333333333333,0.0,0.7,0.09494839943082499,0.056093816109149174,0.0,0.0,0.5,0.13837055736090406,0.07357468691290338,0.0,0.0,0.5454545454545454
networkdgd,0.25,1.0,0.1,0.2843257761243421,0.11749972875137905,0.3333333333333333,0.0,0.7142857142857143,0.09819597569991444,0.05687783896335257,0.0,0.0,0.3684210526315789,0.14332615650259267,0.07466964584931628,0.0,0.0,0.48275862068965514
networkdgd,0.25,1.0,0.25,0.2916133241368516,0.11625386103927454,0.3333333333333333,0.0,0.8333333333333334,0.10074641077284233,0.05732517727817064,0.1111111111111111,0.0,0.5,0.1469818518550575,0.07433734557925438,0.0,0.0,0.625
networkdgd,0.25,1.0,0.5,0.3125061249060627,0.11960664908086496,0.25,0.0,0.75,0.10778646985993129,0.060953607015162774,0.0,0.0,0.5,0.15725850650522452,0.07835351242469508,0.0,0.0,0.5454545454545454
networkdgd,0.25,1.0,0.75,0.3328160147238885,0.1196410065867285,0.3333333333333333,0.0,0.7619047619047619,0.11403608262869655,0.06010723238312868,0.1111111111111111,0.0,0.4166666666666667,0.1666570049907903,0.07766337823960742,0.125,0.0,0.48275862068965514
networkdgd,0.25,1.0,1.0,0.3510130200441957,0.11811524261896579,0.3333333333333333,0.0,0.8333333333333334,0.11992168742142435,0.06047661878873759,0.1111111111111111,0.0,0.5,0.17540030809877494,0.077703267935464,0.13333333333333333,0.0,0.625
networkdgd,0.25,1.0,2.0,0.397756432707759,0.12496852836217762,0.5,0.0,0.8571428571428571,0.13442789342382272,0.06323765669886745,0.14285714285714285,0.0,0.5833333333333334,0.1970519815542405,0.08040978728852202,0.2222222222222222,0.0,0.6363636363636365
networkdgd,0.25,1.0,3.0,0.41855776189980304,0.12694655425632928,0.5,0.0,0.8571428571428571,0.1405486713075732,0.062225954334830115,0.14285714285714285,0.0,0.5,0.20635560774995057,0.07931222134877439,0.125,0.0,0.5454545454545454
networkdgd,0.25,1.0,5.0,0.4394279082784333,0.1337315144081103,0.5,0.0,1.0,0.14752578774545352,0.06584777747899749,0.14285714285714285,0.0,0.5833333333333334,0.21659724212054576,0.08365797195233371,0.25,0.0,0.6363636363636365
networkdgd,0.25,2.0,0,0.30964575599744765,0.11333641190666352,0.3333333333333333,0.0,0.8333333333333334,0.10665048042599086,0.05818007106293776,0.1111111111111111,0.0,0.5,0.15568710010654063,0.0748983026695588,0.13333333333333333,0.0,0.625
networkdgd,0.25,2.0,0.1,0.3145219135845989,0.10718892306749833,0.3333333333333333,0.0,0.7,0.1072187354053852,0.054547002994621126,0.1111111111111111,0.0,0.4166666666666667,0.15685163801340268,0.06980080048938248,0.13333333333333333,0.0,0.45454545454545453
networkdgd,0.25,2.0,0.25,0.32786618284170027,0.11170220828950116,0.3333333333333333,0.0,0.7058823529411765,0.11190057290380447,0.056395745087076364,0.16666666666666666,0.0,0.4,0.16369831095974394,0.07278797028100734,0.2222222222222222,0.0,0.5
networkdgd,0.25,2.0,0.5,0.33332360167659414,0.11607874521390057,0.3333333333333333,0.0,0.8,0.11346640906533055,0.05726496543877833,0.1111111111111111,0.0,0.4,0.16609814782929014,0.07430346384771881,0.13333333333333333,0.0,0.5
networkdgd,0.25,2.0,0.75,0.3457900851419177,0.11898367519226345,0.3333333333333333,0.0,1.0,0.1172939213417059,0.05816024224517745,0.1111111111111111,0.0,0.4166666666666667,0.17187838891395887,0.07522911747233475,0.13333333333333333,0.0,0.5
networkdgd,0.25,2.0,1.0,0.3579574246861098,0.11735064404273352,0.3333333333333333,0.0,1.0,0.1212526726852792,0.057970926868763026,0.1111111111111111,0.0,0.42105263157894735,0.1777289146772306,0.0748588613411148,0.14285714285714285,0.0,0.5517241379310345
networkdgd,0.25,2.0,2.0,0.3922449011587417,0.12473536165931007,0.3333333333333333,0.0,0.8,0.13233063298659434,0.061465142318168776,0.14285714285714285,0.0,0.5,0.19407519392044803,0.07856319564219952,0.18181818181818182,0.0,0.5454545454545454
networkdgd,0.25,2.0,3.0,0.4155829450551349,0.1277206859989153,0.5,0.0,1.0,0.13975978594419397,0.06267232209515242,0.1111111111111111,0.0,0.5833333333333334,0.20516687110655232,0.08001452433938123,0.25,0.0,0.6363636363636365
networkdgd,0.25,2.0,5.0,0.4378786827504622,0.13151811085165427,0.5,0.0,1.0,0.14707302717958962,0.06499250479608838,0.1111111111111111,0.0,0.5833333333333334,0.21591805907966816,0.08251825222935154,0.25,0.0,0.6363636363636365
networkdgd,0.25,3.0,0,0.3185946075823873,0.11144365174946648,0.3333333333333333,0.0,0.7,0.10796893770125172,0.055003012470053306,0.09090909090909091,0.0,0.4,0.15816370029218926,0.07092878563840208,0.13333333333333333,0.0,0.5
networkdgd,0.25,3.0,0.1,0.32244408679044867,0.11231793454923003,0.3333333333333333,0.0,1.0,0.10992642900946066,0.056345979943263035,0.1111111111111111,0.0,0.42857142857142855,0.16087590045675798,0.0726463553840656,0.125,0.0,0.6
networkdgd,0.25,3.0,0.25,0.3325461625326933,0.1177204137730076,0.3333333333333333,0.0,0.8333333333333334,0.1131789240765178,0.058658766029699376,0.1111111111111111,0.0,0.5,0.16563130952012406,0.0755789831526493,0.16666666666666666,0.0,0.625
networkdgd,0.25,3.0,0.5,0.33919915833716296,0.11649234155283046,0.3333333333333333,0.0,0.75,0.11483416859731947,0.055646085785263845,0.1,0.0,0.4,0.16834392630048586,0.07240903180885692,0.26666666666666666,0.0,0.5
networkdgd,0.25,3.0,0.75,0.35225302225778093,0.11844866439240463,0.3333333333333333,0.0,1.0,0.11948479726728574,0.058791149263713746,0.1111111111111111,0.0,0.42857142857142855,0.17500190882378336,0.07557866962895728,0.13333333333333333,0.0,0.6
networkdgd,0.25,3.0,1.0,0.35572820522039533,0.11872559879174065,0.3333333333333333,0.0,0.8,0.12037679260581942,0.05841935720988748,0.1,0.0,0.4166666666666667,0.17648892632030339,0.07539407074469175,0.2222222222222222,0.0,0.5
networkdgd,0.25,3.0,2.0,0.3923427341987048,0.12138270666807052,0.5,0.0,1.0,0.13231438638068097,0.06111357052434393,0.2,0.0,0.5,0.19406567337675132,0.0778978557497108,0.2222222222222222,0.0,0.6
networkdgd,0.25,3.0,3.0,0.41421100471988487,0.12242625121168225,0.5,0.0,0.8,0.1395091066394541,0.06284509959993331,0.1111111111111111,0.0,0.5833333333333334,0.20468304934806786,0.07948134179311113,0.26666666666666666,0.0,0.6363636363636365
networkdgd,0.25,3.0,5.0,0.43658814023388226,0.13397782597617905,0.5,0.0,1.0,0.14692010211674583,0.066625719199287,0.2,0.0,0.5,0.21563248732330997,0.08503034950507175,0.26666666666666666,0.0,0.625
networkdgd,0.25,5.0,0,0.319833589129809,0.1145736597098135,0.3333333333333333,0.0,1.0,0.10830407446270358,0.05559284488020879,0.1111111111111111,0.0,0.42857142857142855,0.15870457085239595,0.0719805606758671,0.2222222222222222,0.0,0.6
networkdgd,0.25,5.0,0.1,0.3214423711750046,0.11531065010300133,0.3333333333333333,0.0,1.0,0.10944115690974582,0.05633744830704508,0.1111111111111111,0.0,0.42857142857142855,0.16014177738187169,0.07298677465039118,0.15384615384615383,0.0,0.6
networkdgd,0.25,5.0,0.25,0.32660190358233154,0.12300684636303615,0.3333333333333333,0.0,1.0,0.11070948182516495,0.05778120034265969,0.1111111111111111,0.0,0.42857142857142855,0.1622015691015825,0.0754243183229433,0.13333333333333333,0.0,0.6
networkdgd,0.25,5.0,0.5,0.3292951021463694,0.11813460586942826,0.3333333333333333,0.0,1.0,0.11170911571428573,0.05695183370686675,0.1111111111111111,0.0,0.42857142857142855,0.1636887174999328,0.07428270683249306,0.13333333333333333,0.0,0.6
networkdgd,0.25,5.0,0.75,0.33574407003417034,0.11605602900633717,0.3333333333333333,0.0,1.0,0.1132517202414955,0.054994008101150585,0.1111111111111111,0.0,0.42857142857142855,0.1661830810308458,0.07172577118207285,0.13333333333333333,0.0,0.6
networkdgd,0.25,5.0,1.0,0.3453904363864037,0.1190637200436803,0.3333333333333333,0.0,1.0,0.11704930010874623,0.05844164132579949,0.1111111111111111,0.0,0.5,0.1715348319849632,0.07543960706306418,0.2,0.0,0.6
networkdgd,0.25,5.0,2.0,0.37048595736587403,0.12179737969301395,0.3333333333333333,0.0,1.0,0.12533326529239727,0.05987536913715822,0.14285714285714285,0.0,0.42857142857142855,0.18377281156107983,0.07741015258823884,0.25,0.0,0.6
networkdgd,0.25,5.0,3.0,0.39413740337493813,0.12743540038685622,0.5,0.0,1.0,0.13263706256060886,0.06172104529287484,0.1111111111111111,0.0,0.5,0.19462554654428144,0.07926046663530532,0.25,0.0,0.6
networkdgd,0.25,5.0,5.0,0.4275127623176932,0.13377290982103376,0.5,0.0,1.0,0.1437335358685338,0.06609004936397861,0.14285714285714285,0.0,0.5833333333333334,0.21098720339544758,0.08431254207647576,0.25,0.0,0.6363636363636365
networkdgd,0.5,0,0,0.18176085095794564,0.12110760878783795,0.0,0.0,0.6666666666666666,0.06461117667354413,0.05315302172080387,0.0,0.0,0.4,0.09365716062232328,0.07156828965954418,0.0,0.0,0.5
networkdgd,0.5,0,0.1,0.1874321833840271,0.11719400402610415,0.0,0.0,0.6666666666666666,0.06595833665822895,0.05046842818858186,0.0,0.0,0.2916666666666667,0.09588392350604485,0.0683996331452775,0.0,0.0,0.3783783783783784
networkdgd,0.5,0,0.25,0.20089466227030311,0.11999091818836816,0.0,0.0,0.6666666666666666,0.0706072483887053,0.051775580867595004,0.0,0.0,0.4,0.1026864420845401,0.0699646653854307,0.0,0.0,0.5
networkdgd,0.5,0,0.5,0.22336716920418598,0.12220848960774952,0.0,0.0,0.7,0.07842907240586254,0.05598880665894584,0.0,0.0,0.5,0.11401670921358965,0.07425482007199809,0.0,0.0,0.5454545454545454
networkdgd,0.5,0,0.75,0.25693334752457253,0.12682584622751497,0.25,0.0,0.7,0.089270524644303,0.05951145674077682,0.0,0.0,0.5833333333333334,0.12993053860849627,0.07778477312507182,0.0,0.0,0.6363636363636365
networkdgd,0.5,0,1.0,0.2753572106378828,0.12835678912476403,0.3333333333333333,0.0,0.7,0.0955459494608163,0.0577644817931781,0.0,0.0,0.3333333333333333,0.1392225553068817,0.07675323455049379,0.0,0.0,0.4375
networkdgd,0.5,0,2.0,0.36859479025131325,0.12079627690399419,0.5,0.0,0.8,0.12547257714386587,0.06080467484002995,0.14285714285714285,0.0,0.5,0.18373019204662946,0.07818634696343403,0.26666666666666666,0.0,0.5454545454545454
networkdgd,0.5,0,3.0,0.4048788091020402,0.1270615615217354,0.5,0.0,1.0,0.13613671251630058,0.06197743600795752,0.14285714285714285,0.0,0.5,0.19985972546824562,0.07946032721035619,0.13333333333333333,0.0,0.5454545454545454
networkdgd,0.5,0,5.0,0.4378717148487853,0.13194814194654167,0.5,0.0,1.0,0.14701517175736456,0.06528062532029787,0.2,0.0,0.5833333333333334,0.21588712536763682,0.08313310566760868,0.25,0.0,0.6363636363636365
networkdgd,0.5,0.1,0,0.19184640175160686,0.12023918961853378,0.0,0.0,0.6666666666666666,0.06760070905458583,0.05239053319645404,0.0,0.0,0.3157894736842105,0.09817153717567449,0.07089119521567373,0.0,0.0,0.41379310344827586
networkdgd,0.5,0.1,0.1,0.1967927552960641,0.11868272921203527,0.0,0.0,0.6,0.06952438526885982,0.05200639445987452,0.0,0.0,0.3157894736842105,0.10095957809282698,0.06986459356680744,0.0,0.0,0.41379310344827586
networkdgd,0.5,0.1,0.25,0.20807405279723512,0.12201856052130487,0.0,0.0,0.7,0.07333616177573332,0.05473015472023598,0.0,0.0,0.3684210526315789,0.10639957149662152,0.07295307722432386,0.0,0.0,0.48275862068965514
networkdgd,0.5,0.1,0.5,0.23695575580455086,0.12741138465004945,0.0,0.0,0.75,0.08325235132996613,0.057649762849948015,0.0,0.0,0.4,0.12101671794157762,0.07690221937717404,0.0,0.0,0.5
networkdgd,0.5,0.1,0.75,0.266499714768854,0.12564972756415813,0.3333333333333333,0.0,0.6666666666666666,0.09277375335106337,0.05868085388706608,0.0,0.0,0.5,0.13514165143483212,0.07705304175722558,0.0,0.0,0.5454545454545454
networkdgd,0.5,0.1,1.0,0.2900247089043182,0.12736700880017848,0.3333333333333333,0.0,0.75,0.10068462427214354,0.059227644534282635,0.0,0.0,0.5,0.14676240763880105,0.07787082351879111,0.0,0.0,0.5454545454545454
networkdgd,0.5,0.1,2.0,0.37009903661310056,0.12472431551204136,0.5,0.0,0.75,0.12601256307015418,0.06151968908248012,0.14285714285714285,0.0,0.5,0.18441535488926805,0.07882025400632674,0.25,0.0,0.5454545454545454
networkdgd,0.5,0.1,3.0,0.40968054923347125,0.12931935851976867,0.5,0.0,1.0,0.13814882240050366,0.06333228384882483,0.1111111111111111,0.0,0.5,0.20263719394359167,0.08089737281503623,0.16666666666666666,0.0,0.5555555555555556
networkdgd,0.5,0.1,5.0,0.436606230924999,0.13379977432961523,0.5,0.0,1.0,0.14660054111403734,0.06596220204985195,0.1111111111111111,0.0,0.6666666666666666,0.21529970951622324,0.08398064663979948,0.16666666666666666,0.0,0.7272727272727272
networkdgd,0.5,0.25,0,0.1931543017682965,0.12306634780243046,0.0,0.0,0.8,0.06855702653818815,0.053956862337072746,0.0,0.0,0.36363636363636365,0.09958069586299081,0.07301158702519014,0.0,0.0,0.5000000000000001
networkdgd,0.5,0.25,0.1,0.20315215405771828,0.1201011707668542,0.0,0.0,0.7,0.07218151768386322,0.05380789338577893,0.0,0.0,0.3181818181818182,0.10469076606079995,0.07207125001566778,0.0,0.0,0.4375
networkdgd,0.5,0.25,0.25,0.2276053479785659,0.11650605186279864,0.25,0.0,0.6666666666666666,0.07935779092777455,0.05219249229315974,0.0,0.0,0.4166666666666667,0.11560578549852653,0.06957332901411505,0.0,0.0,0.45454545454545453
networkdgd,0.5,0.25,0.5,0.2514630267600428,0.12615891455086908,0.25,0.0,0.75,0.0870169155393594,0.05488444591087586,0.0,0.0,0.4,0.12688611685574921,0.07333092436529237,0.0,0.0,0.5
networkdgd,0.5,0.25,0.75,0.27761607333500904,0.12481027482123078,0.3333333333333333,0.0,0.75,0.09594925155358801,0.058077954552675344,0.0,0.0,0.4166666666666667,0.13998899502558335,0.07616814016642671,0.0,0.0,0.5
networkdgd,0.5,0.25,1.0,0.2971341483431764,0.12722636574064478,0.3333333333333333,0.0,0.75,0.10208913438041481,0.05868167022043667,0.0,0.0,0.4,0.14919959279670816,0.07748823599968958,0.0,0.0,0.5
networkdgd,0.5,0.25,2.0,0.3820569658031094,0.12342482144250436,0.3333333333333333,0.0,0.8571428571428571,0.13005945191449494,0.062123511114419244,0.16666666666666666,0.0,0.5,0.19041714067799187,0.07940145036288042,0.25,0.0,0.5454545454545454
networkdgd,0.5,0.25,3.0,0.4168527373000575,0.12652775609686773,0.5,0.0,0.8571428571428571,0.14065584781807178,0.06439549045980775,0.14285714285714285,0.0,0.5833333333333334,0.20633196129106057,0.0818865393135377,0.25,0.0,0.6363636363636365
networkdgd,0.5,0.25,5.0,0.4394837519163781,0.13414518247250587,0.5,0.0,1.0,0.147226645191101,0.06389570219005311,0.14285714285714285,0.0,0.5833333333333334,0.2163862127086025,0.08183887110516469,0.25,0.0,0.6363636363636365
networkdgd,0.5,0.5,0,0.220064598846878,0.11827366934798814,0.0,0.0,0.625,0.07647275549494621,0.052476081896326285,0.0,0.0,0.4166666666666667,0.11141694390038417,0.0700243409714643,0.0,0.0,0.45454545454545453
networkdgd,0.5,0.5,0.1,0.23419882831714506,0.12331484006225016,0.25,0.0,0.8333333333333334,0.08173240283640153,0.05500321783767967,0.0,0.0,0.5,0.1190075297180804,0.07331998860944638,0.0,0.0,0.625
networkdgd,0.5,0.5,0.25,0.2432342111352674,0.11744587313133997,0.25,0.0,0.6666666666666666,0.08439477278651716,0.05332741252651555,0.0,0.0,0.4,0.12310342678804843,0.07090565503458933,0.0,0.0,0.5
networkdgd,0.5,0.5,0.5,0.2715848486820711,0.11743196191404832,0.25,0.0,0.7142857142857143,0.09381202568757248,0.05487821995949513,0.0,0.0,0.3333333333333333,0.1369422737360161,0.0724811880545071,0.0,0.0,0.3846153846153846
networkdgd,0.5,0.5,0.75,0.2915641995014625,0.11495677704109591,0.3333333333333333,0.0,0.6666666666666666,0.09927168196579357,0.05312902992116063,0.1111111111111111,0.0,0.5,0.14538525402854213,0.06948251304244703,0.0,0.0,0.5454545454545454
networkdgd,0.5,0.5,1.0,0.31925906251896347,0.12238474401384929,0.3333333333333333,0.0,0.8333333333333334,0.10954640608435359,0.05952901039696087,0.1,0.0,0.391304347826087,0.16011156770680854,0.07764727695792882,0.0,0.0,0.4864864864864865
networkdgd,0.5,0.5,2.0,0.385234448809019,0.12477458808244765,0.3333333333333333,0.0,1.0,0.13025152789711714,0.06293917521593861,0.14285714285714285,0.0,0.5833333333333334,0.1909341975520021,0.08030148265824731,0.14285714285714288,0.0,0.6363636363636365
networkdgd,0.5,0.5,3.0,0.41769723854765245,0.12833147507262563,0.5,0.0,0.8571428571428571,0.14048881305266508,0.06375698092679072,0.14285714285714285,0.0,0.5833333333333334,0.20621000746791518,0.08115938812918633,0.26666666666666666,0.0,0.6363636363636365
networkdgd,0.5,0.5,5.0,0.43937233546812804,0.13018779489147886,0.5,0.0,1.0,0.14717258358235907,0.06278827193907699,0.1111111111111111,0.0,0.5833333333333334,0.21627510909516798,0.07999429336060052,0.25,0.0,0.6363636363636365
networkdgd,0.5,0.75,0,0.2427912384739174,0.11581141904126319,0.25,0.0,0.7,0.08482974624764879,0.052448804711602105,0.0,0.0,0.3333333333333333,0.1235452611214917,0.07003200581351013,0.0,0.0,0.4375
networkdgd,0.5,0.75,0.1,0.24803860352191556,0.1148682112198504,0.25,0.0,0.6666666666666666,0.08646186304203664,0.05511858561740592,0.0,0.0,0.35,0.12588601184118486,0.07250203802447,0.0,0.0,0.4444444444444444
networkdgd,0.5,0.75,0.25,0.2615688917872537,0.11666030501554539,0.3333333333333333,0.0,0.6666666666666666,0.09066854994034183,0.053199957381612775,0.0,0.0,0.3157894736842105,0.13221907305173675,0.07058822750220267,0.0,0.0,0.41379310344827586
networkdgd,0.5,0.75,0.5,0.29487698405138296,0.12198838889823227,0.3333333333333333,0.0,1.0,0.10116470965215832,0.05732566239364481,0.1111111111111111,0.0,0.4166666666666667,0.14775749489371895,0.07445408446868039,0.0,0.0,0.4666666666666666
networkdgd,0.5,0.75,0.75,0.31102844240813665,0.11638549628857513,0.3333333333333333,0.0,0.8,0.10680872199641286,0.058043574571034234,0.1111111111111111,0.0,0.5,0.15596778893922955,0.07469081324191007,0.13333333333333333,0.0,0.5454545454545454
networkdgd,0.5,0.75,1.0,0.32955041987940664,0.1204291305890213,0.3333333333333333,0.0,0.8,0.11280567127042757,0.05814597024747813,0.1111111111111111,0.0,0.4166666666666667,0.16502254344834852,0.07566177982306524,0.0,0.0,0.45454545454545453
networkdgd,0.5,0.75,2.0,0.38565094241091225,0.12032688360444078,0.5,0.0,1.0,0.1299756844757733,0.06125460184342132,0.2,0.0,0.5833333333333334,0.1907138047660222,0.0779630465348556,0.18181818181818182,0.0,0.6363636363636365
networkdgd,0.5,0.75,3.0,0.41343457703375985,0.12225500127654311,0.5,0.0,1.0,0.13892643765783777,0.06095896762463121,0.15384615384615385,0.0,0.5833333333333334,0.2039898072050765,0.07752637078485745,0.25,0.0,0.6363636363636365
networkdgd,0.5,0.75,5.0,0.44306663454558676,0.12812883537289896,0.5,0.0,1.0,0.14856195184068025,0.06414563209795437,0.14285714285714285,0.0,0.6666666666666666,0.2182596810264377,0.08114407520819746,0.2,0.0,0.7272727272727272
networkdgd,0.5,1.0,0,0.2569190555610698,0.1113103323072349,0.25,0.0,0.6666666666666666,0.08909081049305823,0.0528979182889856,0.0,0.0,0.4,0.12982900825626548,0.06928883495329305,0.0,0.0,0.5
networkdgd,0.5,1.0,0.1,0.26005117943093037,0.11562374205139365,0.3333333333333333,0.0,0.6666666666666666,0.08955482935947193,0.05320842163869462,0.0,0.0,0.4,0.13075415761695156,0.07043482888924367,0.0,0.0,0.5
networkdgd,0.5,1.0,0.25,0.2793240245020236,0.1092471685396974,0.3333333333333333,0.0,0.7,0.09584238511740487,0.053656989567199616,0.0,0.0,0.4,0.14002234932779314,0.06964225822753276,0.0,0.0,0.5
networkdgd,0.5,1.0,0.5,0.2991832094086568,0.11125772834464275,0.3333333333333333,0.0,0.8,0.10262782633979503,0.0544929257033072,0.09090909090909091,0.0,0.3888888888888889,0.1500521343016465,0.07135889908275218,0.0,0.0,0.48275862068965514
networkdgd,0.5,1.0,0.75,0.32515231034500786,0.11904369568407794,0.3333333333333333,0.0,1.0,0.11080653240121875,0.05578362030776146,0.1111111111111111,0.0,0.4,0.16222298954662365,0.07297871375654161,0.0,0.0,0.5
networkdgd,0.5,1.0,1.0,0.3431101126599265,0.1153059506263915,0.3333333333333333,0.0,1.0,0.11639911482370673,0.057729690187978605,0.1111111111111111,0.0,0.4166666666666667,0.1704993834750344,0.07429711956579806,0.18181818181818182,0.0,0.5
networkdgd,0.5,1.0,2.0,0.3891061051546343,0.1256030956260466,0.3333333333333333,0.0,1.0,0.13108541867122175,0.05994754582508612,0.14285714285714285,0.0,0.5,0.19237657975634995,0.07727560614038334,0.16666666666666666,0.0,0.5454545454545454
networkdgd,0.5,1.0,3.0,0.4194868691690539,0.12789193871923094,0.5,0.0,0.8571428571428571,0.1413206225915517,0.06436970176198073,0.1,0.0,0.6666666666666666,0.2073876667549492,0.08196033256062361,0.25,0.0,0.7272727272727272
networkdgd,0.5,1.0,5.0,0.4378367363371952,0.13229579734988708,0.5,0.0,1.0,0.1467359027718388,0.06517325145430586,0.2,0.0,0.6666666666666666,0.21555778385853264,0.08262777118495396,0.26666666666666666,0.0,0.7272727272727272
networkdgd,0.5,2.0,0,0.29576904690728,0.10861251830756548,0.3333333333333333,0.0,0.75,0.10057485551488698,0.05216117933683642,0.09090909090909091,0.0,0.3333333333333333,0.1472767022911381,0.06786617143724778,0.16666666666666666,0.0,0.41379310344827586
networkdgd,0.5,2.0,0.1,0.30452506839850585,0.11262894807065946,0.3333333333333333,0.0,0.75,0.10326793712169906,0.05350569362439161,0.1,0.0,0.4,0.1513103017650606,0.06976767886804353,0.13333333333333333,0.0,0.5
networkdgd,0.5,2.0,0.25,0.3120806977280956,0.11449010992438437,0.3333333333333333,0.0,0.75,0.10625197060176865,0.0546167833933584,0.1,0.0,0.3333333333333333,0.15555500355055193,0.07117564029934254,0.13333333333333333,0.0,0.41379310344827586
networkdgd,0.5,2.0,0.5,0.3332416983135178,0.11487118873320493,0.3333333333333333,0.0,1.0,0.11287169801913753,0.05577743884210643,0.1111111111111111,0.0,0.4,0.1653464733368685,0.07206778224488881,0.2222222222222222,0.0,0.5
networkdgd,0.5,2.0,0.75,0.34083774609689726,0.11432187700344311,0.3333333333333333,0.0,0.8333333333333334,0.11557592130035536,0.05796339765233492,0.1111111111111111,0.0,0.5,0.16924973723605208,0.07391630662447175,0.2222222222222222,0.0,0.625
networkdgd,0.5,2.0,1.0,0.3527706572080041,0.11415945603113234,0.3333333333333333,0.0,0.75,0.11910770744287398,0.05586461046691404,0.1111111111111111,0.0,0.391304347826087,0.17476819980929495,0.07237825989711556,0.13333333333333333,0.0,0.5
networkdgd,0.5,2.0,2.0,0.38648761447729874,0.12185232875436687,0.5,0.0,1.0,0.13074796934069166,0.06186567486434421,0.09090909090909091,0.0,0.45454545454545453,0.19168530079077792,0.07932621439252092,0.16666666666666666,0.0,0.6
networkdgd,0.5,2.0,3.0,0.4175464374808097,0.12589743728336647,0.5,0.0,0.8,0.1404170372895812,0.06432503875960653,0.16666666666666666,0.0,0.6666666666666666,0.20605561929437746,0.08109920003352364,0.25,0.0,0.7272727272727272
networkdgd,0.5,2.0,5.0,0.43979268643703023,0.13259411763104084,0.5,0.0,1.0,0.14755921391049812,0.06624441341912948,0.2,0.0,0.6666666666666666,0.21671096997620004,0.08397525303269099,0.25,0.0,0.7272727272727272
networkdgd,0.5,3.0,0,0.3166909022228509,0.11493633626367226,0.3333333333333333,0.0,1.0,0.10683555767905993,0.053034949624838144,0.1111111111111111,0.0,0.34782608695652173,0.15664152149706095,0.06896324769413201,0.13333333333333333,0.0,0.48484848484848486
networkdgd,0.5,3.0,0.1,0.313055014252052,0.10867196177153828,0.3333333333333333,0.0,0.6666666666666666,0.10588739792144061,0.05205632596335331,0.1111111111111111,0.0,0.30434782608695654,0.15533404826094574,0.06805726232560637,0.13333333333333333,0.0,0.4
networkdgd,0.5,3.0,0.25,0.3235247660002832,0.11379924821936525,0.3333333333333333,0.0,1.0,0.10914838941972262,0.05288470606423395,0.1111111111111111,0.0,0.42857142857142855,0.16015300014831535,0.06924350309250991,0.13333333333333333,0.0,0.6
networkdgd,0.5,3.0,0.5,0.3300984877098138,0.11833747862234384,0.3333333333333333,0.0,1.0,0.11195139202156265,0.05814053178420601,0.1111111111111111,0.0,0.42857142857142855,0.16396417994551077,0.07514416327513658,0.13333333333333333,0.0,0.6
networkdgd,0.5,3.0,0.75,0.34336517005701245,0.11372046036239868,0.3333333333333333,0.0,1.0,0.11635398419010376,0.05755382488337975,0.1,0.0,0.42857142857142855,0.1705476162192787,0.07429936611148397,0.125,0.0,0.6
networkdgd,0.5,3.0,1.0,0.3528496859774973,0.11713244147230724,0.3333333333333333,0.0,1.0,0.11903436839807965,0.056936811021465195,0.1111111111111111,0.0,0.5,0.17463361783974998,0.07331236482692849,0.2222222222222222,0.0,0.6
networkdgd,0.5,3.0,2.0,0.3895103405797444,0.1254506731509515,0.5,0.0,1.0,0.1310798474014446,0.06213057738070676,0.1111111111111111,0.0,0.5833333333333334,0.19236269236766132,0.07930860725707796,0.15384615384615385,0.0,0.6363636363636365
networkdgd,0.5,3.0,3.0,0.4132401735727889,0.12625735065846153,0.5,0.0,1.0,0.13887510616031318,0.06248150439025858,0.14285714285714285,0.0,0.5833333333333334,0.2039052899157832,0.07974102303255566,0.16666666666666666,0.0,0.6363636363636365
networkdgd,0.5,3.0,5.0,0.44213643960579446,0.13057668984865362,0.5,0.0,1.0,0.14823485866968691,0.06566418142733732,0.1111111111111111,0.0,0.6666666666666666,0.2177826853955614,0.08326673300135219,0.25,0.0,0.7272727272727272
networkdgd,0.5,5.0,0,0.31355278801427355,0.1136435756891227,0.3333333333333333,0.0,1.0,0.10576294217063895,0.052297048012962206,0.1111111111111111,0.0,0.42857142857142855,0.15522489901567738,0.06876704347680973,0.15384615384615383,0.0,0.6
networkdgd,0.5,5.0,0.1,0.31782118290693484,0.11446671993604299,0.3333333333333333,0.0,1.0,0.10687581049957452,0.05255028688712395,0.1,0.0,0.42857142857142855,0.15691364213652745,0.06873330725188223,0.125,0.0,0.6
networkdgd,0.5,5.0,0.25,0.3212659585726205,0.11294014541081593,0.3333333333333333,0.0,0.8,0.10834569144938368,0.05277546378872497,0.1,0.0,0.4,0.15893660801984666,0.0687343673544907,0.15384615384615385,0.0,0.5
networkdgd,0.5,5.0,0.5,0.3273848029870945,0.11452347146180966,0.3333333333333333,0.0,1.0,0.11084722010634969,0.05490769766489724,0.1111111111111111,0.0,0.42857142857142855,0.16246233891532189,0.07143244853073522,0.13333333333333333,0.0,0.6
networkdgd,0.5,5.0,0.75,0.330580525769586,0.11488390727801334,0.3333333333333333,0.0,1.0,0.1111709363403784,0.05306053962774409,0.1111111111111111,0.0,0.42857142857142855,0.16324809194522852,0.06950428718566953,0.16666666666666666,0.0,0.6
networkdgd,0.5,5.0,1.0,0.34096752819999265,0.12038746610064531,0.3333333333333333,0.0,1.0,0.11527878573656927,0.057718237009719654,0.1111111111111111,0.0,0.42857142857142855,0.16899540052662315,0.07488483309588419,0.16666666666666666,0.0,0.6
networkdgd,0.5,5.0,2.0,0.3656583993239727,0.12311362487889357,0.3333333333333333,0.0,1.0,0.1227947931564358,0.058199782686482404,0.1111111111111111,0.0,0.5,0.18029718875699347,0.07498176765609747,0.18181818181818182,0.0,0.6
networkdgd,0.5,5.0,3.0,0.39495591985104833,0.12567459716636778,0.5,0.0,1.0,0.13267757117542256,0.060060686151007556,0.1111111111111111,0.0,0.5,0.19487845422826033,0.07746610831371215,0.25,0.0,0.6
networkdgd,0.5,5.0,5.0,0.42769582716576926,0.13126340523127342,0.5,0.0,1.0,0.14365262589662253,0.06469838205814957,0.14285714285714285,0.0,0.5833333333333334,0.21097325241704543,0.08274939894106366,0.16666666666666666,0.0,0.6363636363636365
networkdgd,0.75,0,0,0.16219485659083352,0.1080326723200494,0.0,0.0,0.5,0.05784317324242005,0.046923427600847466,0.0,0.0,0.3,0.0837819151958476,0.06326142030531108,0.0,0.0,0.37499999999999994
networkdgd,0.75,0,0.1,0.16804971790010476,0.11077822773303542,0.0,0.0,0.6,0.059672803628135485,0.04858440014177694,0.0,0.0,0.3333333333333333,0.0864529586070797,0.0651523683606312,0.0,0.0,0.37499999999999994
networkdgd,0.75,0,0.25,0.1884818386461363,0.11857298516710152,0.0,0.0,0.8,0.06644364499660824,0.05140993910878107,0.0,0.0,0.3333333333333333,0.09649096070480698,0.06939223847558791,0.0,0.0,0.47058823529411764
networkdgd,0.75,0,0.5,0.20834388783589294,0.12375552648398466,0.0,0.0,0.7,0.07387179198861953,0.0551018067854124,0.0,0.0,0.4,0.10710870120781152,0.07389642293280675,0.0,0.0,0.5
networkdgd,0.75,0,0.75,0.24101393673388313,0.13027140325880932,0.0,0.0,0.8333333333333334,0.08485672709513094,0.05941662485216724,0.0,0.0,0.5833333333333334,0.12322214055522514,0.07854275696456081,0.0,0.0,0.6363636363636365
networkdgd,0.75,0,1.0,0.2613472338438785,0.12515308424034793,0.25,0.0,0.6666666666666666,0.09079493350531664,0.05559291875373818,0.0,0.0,0.3333333333333333,0.13235853227063063,0.07425705249919942,0.0,0.0,0.43243243243243246
networkdgd,0.75,0,2.0,0.35362542856137635,0.13243678983691975,0.3333333333333333,0.0,1.0,0.12038510011227048,0.06411013071854348,0.14285714285714285,0.0,0.5833333333333334,0.17615056894566228,0.08287428873824698,0.2222222222222222,0.0,0.6363636363636365
networkdgd,0.75,0,3.0,0.40148298469087396,0.1290932003871806,0.5,0.0,1.0,0.13527936456793535,0.06168064042513102,0.2,0.0,0.5,0.19850750500370762,0.07938671068562934,0.2222222222222222,0.0,0.5454545454545454
networkdgd,0.75,0,5.0,0.4352682338992249,0.13858926033998217,0.5,0.0,1.0,0.14560958380505848,0.06431513407242909,0.2,0.0,0.5833333333333334,0.21407074130387463,0.08298097405546566,0.25,0.0,0.6363636363636365
networkdgd,0.75,0.1,0,0.17727239215902393,0.11642631219355355,0.0,0.0,0.6666666666666666,0.06273858400515117,0.04956015073893651,0.0,0.0,0.3,0.09108410343559133,0.06738022088636741,0.0,0.0,0.4
networkdgd,0.75,0.1,0.1,0.1840950737373695,0.11474873948223828,0.0,0.0,0.7,0.06437660671835291,0.04986865315335973,0.0,0.0,0.34782608695652173,0.09360024062121802,0.06697466322556933,0.0,0.0,0.4324324324324324
networkdgd,0.75,0.1,0.25,0.1927332444981131,0.11624399015080537,0.0,0.0,0.5555555555555556,0.06801754986098636,0.051384400247682,0.0,0.0,0.30434782608695654,0.09876659340380742,0.0690739345302024,0.0,0.0,0.3888888888888889
networkdgd,0.75,0.1,0.5,0.22311001802792696,0.11981205331952506,0.0,0.0,0.7,0.07804420858412983,0.05372451628308193,0.0,0.0,0.3333333333333333,0.11352517939573631,0.07165396373019994,0.0,0.0,0.42424242424242425
networkdgd,0.75,0.1,0.75,0.2450120590077724,0.12531415816224706,0.3333333333333333,0.0,0.7,0.0848097677279563,0.05625922689482911,0.0,0.0,0.5,0.1236753173816985,0.07461573384044023,0.0,0.0,0.5454545454545454
networkdgd,0.75,0.1,1.0,0.2776408443119528,0.12885384179503048,0.25,0.0,0.8,0.09616069101449096,0.058348229866240046,0.0,0.0,0.36363636363636365,0.14025498013080656,0.07726353916049057,0.0,0.0,0.5000000000000001
networkdgd,0.75,0.1,2.0,0.368202742268878,0.12626443495119527,0.3333333333333333,0.0,0.8,0.12493220297793749,0.06074048785224333,0.1111111111111111,0.0,0.5,0.18305884499692898,0.07847049310138969,0.2222222222222222,0.0,0.5454545454545454
networkdgd,0.75,0.1,3.0,0.4082492555464804,0.12954373860683283,0.5,0.0,1.0,0.13700975805190796,0.061982862826245454,0.14285714285714285,0.0,0.5833333333333334,0.20120698592497852,0.07929211507337507,0.26666666666666666,0.0,0.6363636363636365
networkdgd,0.75,0.1,5.0,0.43787138486092814,0.13645933004137312,0.5,0.0,1.0,0.14645671852119826,0.0640758096921894,0.2,0.0,0.5833333333333334,0.21528510265245604,0.08219797350789607,0.25,0.0,0.6363636363636365
networkdgd,0.75,0.25,0,0.1821591886209338,0.11410365078176896,0.0,0.0,0.6,0.06380878620023318,0.049457631451047784,0.0,0.0,0.4166666666666667,0.09281002514069446,0.06651895569323113,0.0,0.0,0.45454545454545453
networkdgd,0.75,0.25,0.1,0.19386710021351072,0.11556767448226576,0.0,0.0,0.6666666666666666,0.06719929774833257,0.049480065603182084,0.0,0.0,0.3333333333333333,0.0979109908249543,0.06666392659648286,0.0,0.0,0.37499999999999994
networkdgd,0.75,0.25,0.25,0.2093081367667356,0.12141088362690701,0.0,0.0,0.75,0.07353223819234567,0.054407674279140505,0.0,0.0,0.4166666666666667,0.1067281697603122,0.07229474354662173,0.0,0.0,0.45454545454545453
networkdgd,0.75,0.25,0.5,0.22812188369494885,0.11864758481550648,0.0,0.0,0.6666666666666666,0.0796791051677107,0.05378309857720369,0.0,0.0,0.4166666666666667,0.11600619333371742,0.07135947772404887,0.0,0.0,0.5
networkdgd,0.75,0.25,0.75,0.2549685347927257,0.12224753581239899,0.3333333333333333,0.0,0.7142857142857143,0.08897734799587204,0.05690901262647724,0.0,0.0,0.5,0.12951812857766418,0.07480040435723291,0.0,0.0,0.5454545454545454
networkdgd,0.75,0.25,1.0,0.2790088649495323,0.12060975015847517,0.25,0.0,0.7142857142857143,0.09651211532221089,0.05813602348337325,0.0,0.0,0.4166666666666667,0.14070801760879575,0.07583636041005055,0.0,0.0,0.5
networkdgd,0.75,0.25,2.0,0.36800719509695784,0.12353041256310057,0.3333333333333333,0.0,0.8,0.12477107750283481,0.06086305655384194,0.1111111111111111,0.0,0.5833333333333334,0.18273902768883837,0.07750937597772485,0.2222222222222222,0.0,0.6363636363636365
networkdgd,0.75,0.25,3.0,0.40475062238085946,0.12419371340625732,0.5,0.0,0.8571428571428571,0.13676951217553845,0.06221093608398229,0.1111111111111111,0.0,0.5,0.20062934952587685,0.07979009810199429,0.25,0.0,0.5454545454545454
networkdgd,0.75,0.25,5.0,0.43596195219747463,0.1324018651363233,0.5,0.0,1.0,0.14643217141695922,0.06520561226368503,0.14285714285714285,0.0,0.5833333333333334,0.21501872249830667,0.08317544989159228,0.16666666666666666,0.0,0.6363636363636365
networkdgd,0.75,0.5,0,0.2043757573561458,0.11725122660968479,0.0,0.0,0.6,0.07235526616839222,0.05195529702959519,0.0,0.0,0.3333333333333333,0.10504933081895881,0.06964746820437644,0.0,0.0,0.3888888888888889
networkdgd,0.75,0.5,0.1,0.21827808850240685,0.11906400408011603,0.0,0.0,0.75,0.07630098649751381,0.05113968997650699,0.0,0.0,0.4,0.11106419298623309,0.06899033930956987,0.0,0.0,0.5
networkdgd,0.75,0.5,0.25,0.22475002593193658,0.12100986023350847,0.0,0.0,0.6923076923076923,0.07898382243757254,0.05507873306178542,0.0,0.0,0.391304347826087,0.11483163558293293,0.07341982147494933,0.0,0.0,0.5
networkdgd,0.75,0.5,0.5,0.254357673479216,0.11822236397532833,0.25,0.0,0.6666666666666666,0.08811038588171058,0.05374814698092107,0.0,0.0,0.3333333333333333,0.1284672589434074,0.07125584212933375,0.0,0.0,0.4
networkdgd,0.75,0.5,0.75,0.2785113892394132,0.12119538401849952,0.3333333333333333,0.0,1.0,0.09681281329942401,0.05797022083290409,0.0,0.0,0.42857142857142855,0.14103263124620496,0.0760100247411144,0.0,0.0,0.6
networkdgd,0.75,0.5,1.0,0.3045709125361531,0.12264434941259247,0.25,0.0,1.0,0.10371424828603557,0.05625840052553022,0.09090909090909091,0.0,0.391304347826087,0.15185081259167138,0.07425030233557647,0.0,0.0,0.5
networkdgd,0.75,0.5,2.0,0.37755195463567653,0.1283819235967202,0.3333333333333333,0.0,1.0,0.12800926312042743,0.06319442860856987,0.09090909090909091,0.0,0.5833333333333334,0.18752128306737453,0.0809885984169508,0.26666666666666666,0.0,0.6363636363636365
networkdgd,0.75,0.5,3.0,0.4111673638859368,0.1240560344345509,0.5,0.0,0.8571428571428571,0.13848423940615553,0.06172331505670659,0.14285714285714285,0.0,0.5,0.2032568796638742,0.07888041277983342,0.2222222222222222,0.0,0.5454545454545454
networkdgd,0.75,0.5,5.0,0.44231893225630864,0.13491397671784805,0.5,0.0,1.0,0.147785825987065,0.06382211462030178,0.15384615384615385,0.0,0.5833333333333334,0.21729220690913748,0.08153078020628193,0.25,0.0,0.6363636363636365
networkdgd,0.75,0.75,0,0.22567349300824083,0.11264307726144417,0.25,0.0,0.6666666666666666,0.07835903371520996,0.05000499502932195,0.0,0.0,0.3333333333333333,0.11423756894153596,0.06666190455283826,0.0,0.0,0.4
networkdgd,0.75,0.75,0.1,0.2304644821312584,0.1129289979347268,0.25,0.0,0.7,0.08051840177531515,0.051561294436100795,0.0,0.0,0.3181818181818182,0.11727023076544922,0.06871223320237736,0.0,0.0,0.4375
networkdgd,0.75,0.75,0.25,0.24466263198832913,0.11425345432063201,0.25,0.0,0.6666666666666666,0.08477306769950485,0.05237736463972286,0.0,0.0,0.3333333333333333,0.12362570000429557,0.06925688687025643,0.0,0.0,0.4
networkdgd,0.75,0.75,0.5,0.2731834153967313,0.11759777175059354,0.25,0.0,1.0,0.09327435024058768,0.0514611599308157,0.0,0.0,0.36363636363636365,0.1365730569923638,0.06867549751503439,0.0,0.0,0.5000000000000001
networkdgd,0.75,0.75,0.75,0.29573573924010793,0.11682530830944267,0.3333333333333333,0.0,0.8,0.10061269821419794,0.05399056580063143,0.1111111111111111,0.0,0.3181818181818182,0.14738339367158096,0.07122751105755043,0.0,0.0,0.4444444444444444
networkdgd,0.75,0.75,1.0,0.31609590149247846,0.11632877906464936,0.3333333333333333,0.0,0.8,0.10817257361898838,0.05677657079670972,0.1,0.0,0.4166666666666667,0.15811866916907424,0.07352501516764315,0.13333333333333333,0.0,0.47058823529411764
networkdgd,0.75,0.75,2.0,0.380853552746848,0.11952641880663692,0.3333333333333333,0.0,1.0,0.12870075157179853,0.05989459996759502,0.1,0.0,0.43478260869565216,0.18875958621105735,0.07708006438903932,0.16666666666666666,0.0,0.6
networkdgd,0.75,0.75,3.0,0.41282728404416913,0.1223233467826776,0.5,0.0,0.8571428571428571,0.13895295917160738,0.06197175183296608,0.125,0.0,0.6666666666666666,0.20398146898415084,0.07859496539134836,0.25,0.0,0.7272727272727272
networkdgd,0.75,0.75,5.0,0.4430894674842864,0.1338698131413259,0.5,0.0,1.0,0.14832326727696457,0.0651299314199835,0.14285714285714285,0.0,0.6666666666666666,0.21798073018250516,0.08287412827281558,0.26666666666666666,0.0,0.7272727272727272
networkdgd,0.75,1.0,0,0.24554038379960738,0.11415056434422245,0.25,0.0,0.7,0.0848026596944827,0.05254278275172344,0.0,0.0,0.3333333333333333,0.12378142308490321,0.06952248112887038,0.0,0.0,0.42424242424242425
networkdgd,0.75,1.0,0.1,0.24832437594452694,0.10696275362637071,0.25,0.0,0.75,0.0855251640048226,0.04977718809279318,0.0,0.0,0.3,0.12479500482209241,0.06534156869436569,0.0,0.0,0.37499999999999994
networkdgd,0.75,1.0,0.25,0.26490119510023075,0.11333456032758983,0.3333333333333333,0.0,0.6666666666666666,0.0907529113635632,0.051291511773730966,0.0,0.0,0.4166666666666667,0.1327271895518075,0.06777682916767544,0.0,0.0,0.45454545454545453
networkdgd,0.75,1.0,0.5,0.28523853508904967,0.1165577768259579,0.25,0.0,0.8,0.09780379338785593,0.0543785484376324,0.0,0.0,0.3333333333333333,0.14301698279246874,0.07166294496057628,0.0,0.0,0.4
networkdgd,0.75,1.0,0.75,0.3046242112284203,0.11107430653003875,0.3333333333333333,0.0,0.8333333333333334,0.1043430730276932,0.05474773148218363,0.1111111111111111,0.0,0.4166666666666667,0.1524673947405972,0.07048402983455244,0.13333333333333333,0.0,0.5
networkdgd,0.75,1.0,1.0,0.3270448262151349,0.1196749425801803,0.3333333333333333,0.0,1.0,0.11123635009284095,0.05602683483671385,0.1111111111111111,0.0,0.3684210526315789,0.1629106630731399,0.07326621212115567,0.0,0.0,0.48275862068965514
networkdgd,0.75,1.0,2.0,0.3851533298549687,0.126784512570838,0.3333333333333333,0.0,1.0,0.1299160705309556,0.06237457999521704,0.1,0.0,0.5833333333333334,0.19055490713510934,0.07979632623210074,0.16666666666666666,0.0,0.6363636363636365
networkdgd,0.75,1.0,3.0,0.4126462049954356,0.13065278843154232,0.5,0.0,1.0,0.13886563286703288,0.06414320893741607,0.14285714285714285,0.0,0.6666666666666666,0.20375551989462506,0.08138679730126196,0.26666666666666666,0.0,0.7272727272727272
networkdgd,0.75,1.0,5.0,0.4440482471417563,0.13591357311814195,0.5,0.0,1.0,0.1490028022520514,0.06675292534799042,0.1111111111111111,0.0,0.6666666666666666,0.21880762624023187,0.08483592944728095,0.25,0.0,0.7272727272727272
networkdgd,0.75,2.0,0,0.2865226532230634,0.1120135274349638,0.3333333333333333,0.0,1.0,0.09761249140596759,0.05325590508938246,0.1,0.0,0.42857142857142855,0.14281312091991463,0.06947751083722374,0.0,0.0,0.6
networkdgd,0.75,2.0,0.1,0.29341589147128183,0.11180243899390008,0.3333333333333333,0.0,0.8,0.10036584139595081,0.05385007362104563,0.09090909090909091,0.0,0.36363636363636365,0.14671246636189014,0.07009339787586834,0.0,0.0,0.5000000000000001
networkdgd,0.75,2.0,0.25,0.3044519547966484,0.10400861398441043,0.3333333333333333,0.0,0.75,0.10326919688180096,0.05067634607035548,0.14285714285714285,0.0,0.35,0.15131140415648792,0.06580162959940185,0.13333333333333333,0.0,0.4242424242424242
networkdgd,0.75,2.0,0.5,0.31810278591125635,0.11258478305735106,0.3333333333333333,0.0,1.0,0.10744255227782858,0.05406596130069548,0.09090909090909091,0.0,0.42857142857142855,0.1575367910924128,0.0700265512622267,0.13333333333333333,0.0,0.6
networkdgd,0.75,2.0,0.75,0.32563042645251805,0.11197752547218065,0.3333333333333333,0.0,0.7142857142857143,0.10985013621114544,0.052413416774267245,0.1111111111111111,0.0,0.375,0.16121279669117683,0.06850293944468884,0.13333333333333333,0.0,0.48648648648648646
networkdgd,0.75,2.0,1.0,0.34115969710074956,0.11788499638662771,0.3333333333333333,0.0,1.0,0.11539583605505656,0.0564563707421621,0.1111111111111111,0.0,0.42857142857142855,0.1692136140583278,0.07343392175705549,0.16666666666666666,0.0,0.6
networkdgd,0.75,2.0,2.0,0.38896980199865233,0.12060331481109256,0.3333333333333333,0.0,1.0,0.1308116831652506,0.059058718683688234,0.09090909090909091,0.0,0.5,0.19205085157899063,0.07586039084718521,0.125,0.0,0.6
networkdgd,0.75,2.0,3.0,0.41924358193588235,0.13159433666721215,0.5,0.0,1.0,0.1405984580650559,0.06417932232968825,0.1111111111111111,0.0,0.6666666666666666,0.2065012110643273,0.08167174800986687,0.16666666666666666,0.0,0.7272727272727272
networkdgd,0.75,2.0,5.0,0.44164761794242613,0.13473790249515968,0.5,0.0,1.0,0.14798651106540778,0.0658800119249502,0.2,0.0,0.6666666666666666,0.2173675739755341,0.08356072591175905,0.25,0.0,0.7272727272727272
networkdgd,0.75,3.0,0,0.29577904822862744,0.10739951135920218,0.3333333333333333,0.0,0.7,0.09988203418649395,0.05003404581674207,0.1111111111111111,0.0,0.3684210526315789,0.14653190354843368,0.06542267356812764,0.16666666666666666,0.0,0.48275862068965514
networkdgd,0.75,3.0,0.1,0.30524470225401085,0.10870518132540635,0.3333333333333333,0.0,1.0,0.10274702522550926,0.052202526855114936,0.14285714285714285,0.0,0.42857142857142855,0.15074051147774056,0.06728085113883027,0.1111111111111111,0.0,0.6
networkdgd,0.75,3.0,0.25,0.31176589457435866,0.11176992812441373,0.3333333333333333,0.0,1.0,0.10595232492467199,0.05546802818847166,0.1111111111111111,0.0,0.42857142857142855,0.1551261347014026,0.07180056309420088,0.15384615384615383,0.0,0.6
networkdgd,0.75,3.0,0.5,0.3230249283285789,0.1107276884770848,0.3333333333333333,0.0,1.0,0.10891531240227853,0.052536503027514614,0.1111111111111111,0.0,0.42857142857142855,0.1598286199170438,0.06840595456647777,0.13333333333333333,0.0,0.6
networkdgd,0.75,3.0,0.75,0.33113157101135177,0.11237963959335973,0.3333333333333333,0.0,1.0,0.11172168242349267,0.054158141916846855,0.1111111111111111,0.0,0.42857142857142855,0.1638737167227262,0.07014888266262917,0.13333333333333333,0.0,0.6
networkdgd,0.75,3.0,1.0,0.3411902052213452,0.11522327186685509,0.3333333333333333,0.0,1.0,0.11542961892546857,0.05684262115396632,0.1111111111111111,0.0,0.5,0.16922574376802652,0.07317057081104388,0.2222222222222222,0.0,0.6
networkdgd,0.75,3.0,2.0,0.38106885500411486,0.12298190348769243,0.3333333333333333,0.0,1.0,0.12862751728579846,0.06080657089044121,0.09090909090909091,0.0,0.5,0.18859002694087576,0.07770484683506236,0.25,0.0,0.6
networkdgd,0.75,3.0,3.0,0.40926027499706696,0.12424999029905395,0.5,0.0,1.0,0.1372783954789552,0.06182033336104237,0.1111111111111111,0.0,0.6666666666666666,0.20165843181655135,0.07858661277110753,0.25,0.0,0.7272727272727272
networkdgd,0.75,3.0,5.0,0.4439088740846678,0.1373109457605214,0.5,0.0,1.0,0.1485520613439267,0.06594830246347401,0.2,0.0,0.6666666666666666,0.21833270418435588,0.08418446903772793,0.26666666666666666,0.0,0.7272727272727272
networkdgd,0.75,5.0,0,0.3028990944262119,0.1151855820808827,0.3333333333333333,0.0,1.0,0.10188985142133469,0.05103518012756342,0.1111111111111111,0.0,0.42857142857142855,0.14964154689625686,0.06744185372082367,0.14285714285714285,0.0,0.6
networkdgd,0.75,5.0,0.1,0.31021426027289006,0.11332360222137494,0.3333333333333333,0.0,1.0,0.1041803924718401,0.051725965359226106,0.1111111111111111,0.0,0.42857142857142855,0.15302012068120324,0.06803038889883387,0.15384615384615385,0.0,0.6
networkdgd,0.75,5.0,0.25,0.3102920356588336,0.11797102445511255,0.3333333333333333,0.0,1.0,0.10383656118979527,0.05178104325206704,0.1,0.0,0.42857142857142855,0.15262447496278758,0.06833378809265782,0.16666666666666666,0.0,0.6
networkdgd,0.75,5.0,0.5,0.32264754960257086,0.1167320087608097,0.3333333333333333,0.0,1.0,0.10817847731925243,0.053049565855070244,0.1111111111111111,0.0,0.42857142857142855,0.15891014362542286,0.06925979934324243,0.16666666666666666,0.0,0.6
networkdgd,0.75,5.0,0.75,0.3253588027755068,0.11518971244581878,0.3333333333333333,0.0,1.0,0.10910218615501176,0.0526709707439099,0.1111111111111111,0.0,0.42857142857142855,0.1602863138744073,0.06871069569159173,0.14285714285714285,0.0,0.6
networkdgd,0.75,5.0,1.0,0.3354847169667624,0.1124304229637484,0.3333333333333333,0.0,1.0,0.11263447518893473,0.052285013219717985,0.1111111111111111,0.0,0.42857142857142855,0.16544883852595976,0.06806398168878786,0.15384615384615383,0.0,0.6
networkdgd,0.75,5.0,2.0,0.3554359236944565,0.11971408988905255,0.3333333333333333,0.0,1.0,0.11959092121554345,0.056506851460274794,0.1111111111111111,0.0,0.42857142857142855,0.17553748682172826,0.07326949932124346,0.16666666666666666,0.0,0.6
networkdgd,0.75,5.0,3.0,0.3865041008414366,0.1232022907408875,0.3333333333333333,0.0,1.0,0.12996944714910771,0.060757238777715376,0.14285714285714285,0.0,0.5833333333333334,0.19076830736244307,0.07749085147787538,0.26666666666666666,0.0,0.6363636363636365
networkdgd,0.75,5.0,5.0,0.4247638317443601,0.1318205970595961,0.5,0.0,1.0,0.14235565066818703,0.06436995292430377,0.2,0.0,0.6666666666666666,0.20915987393555402,0.08206071856570742,0.25,0.0,0.7272727272727272
networkdgd,1.0,0,0,0.14882168715960517,0.10991574728590943,0.0,0.0,0.5714285714285714,0.05292074992864717,0.04594554000681673,0.0,0.0,0.2894736842105263,0.07667178713233745,0.06250699422325234,0.0,0.0,0.3728813559322034
networkdgd,1.0,0,0.1,0.15972944468020295,0.1146063151384383,0.0,0.0,0.6666666666666666,0.056053520530928796,0.04791499942505124,0.0,0.0,0.3157894736842105,0.08147480521475717,0.06530774112249445,0.0,0.0,0.41379310344827586
networkdgd,1.0,0,0.25,0.17093532187708058,0.11249904087506264,0.0,0.0,0.5714285714285714,0.060645223014808514,0.04785031789723696,0.0,0.0,0.30434782608695654,0.08793071966306941,0.06484799659612595,0.0,0.0,0.3888888888888889
networkdgd,1.0,0,0.5,0.19146929792762865,0.11596549754015774,0.0,0.0,0.6666666666666666,0.06738864935340529,0.050890093185057675,0.0,0.0,0.4,0.09792346730178501,0.06835714027032368,0.0,0.0,0.5
networkdgd,1.0,0,0.75,0.22041172151119137,0.12212740006483465,0.0,0.0,0.6666666666666666,0.07667015751937739,0.0540173288393616,0.0,0.0,0.3333333333333333,0.11164393462618936,0.07225965224665934,0.0,0.0,0.3783783783783784
networkdgd,1.0,0,1.0,0.2475048243238516,0.12120806821701471,0.2,0.0,0.6666666666666666,0.08576437530877719,0.05378248642058538,0.0,0.0,0.3333333333333333,0.1251093800055544,0.07184949664063725,0.0,0.0,0.3783783783783784
networkdgd,1.0,0,2.0,0.3513523742417566,0.12876559411429167,0.3333333333333333,0.0,1.0,0.11964054947577064,0.061428950713691845,0.125,0.0,0.5833333333333334,0.1750941203153478,0.0793980561986037,0.0,0.0,0.6363636363636365
networkdgd,1.0,0,3.0,0.3984647446559295,0.13241096417039042,0.5,0.0,1.0,0.13421044140457442,0.06192474820698709,0.14285714285714285,0.0,0.4166666666666667,0.19704034473787135,0.08044608019380425,0.26666666666666666,0.0,0.5000000000000001
networkdgd,1.0,0,5.0,0.4362696397479717,0.13375238376599932,0.5,0.0,1.0,0.1462424569361228,0.06538456958361816,0.2,0.0,0.6666666666666666,0.21482248280148136,0.08307812552729422,0.25,0.0,0.7272727272727272
networkdgd,1.0,0.1,0,0.1554574634360522,0.10900856105870178,0.0,0.0,0.6666666666666666,0.05504755330872583,0.04684893772760283,0.0,0.0,0.36363636363636365,0.07981172781240838,0.06297604261881576,0.0,0.0,0.4444444444444444
networkdgd,1.0,0.1,0.1,0.16759798713618776,0.10651171875146988,0.0,0.0,0.6666666666666666,0.05813880029920861,0.043963604238029655,0.0,0.0,0.2857142857142857,0.08472304656597654,0.059733626555291915,0.0,0.0,0.37499999999999994
networkdgd,1.0,0.1,0.25,0.18030458609481376,0.11524702542016553,0.0,0.0,0.75,0.06290818377325087,0.04822861960975807,0.0,0.0,0.42857142857142855,0.09161478743476471,0.06553319318803917,0.0,0.0,0.5454545454545454
networkdgd,1.0,0.1,0.5,0.20437462247027494,0.11611943280406962,0.0,0.0,0.75,0.07174396791958897,0.05085029227541131,0.0,0.0,0.4166666666666667,0.10423396006042576,0.0678997759429611,0.0,0.0,0.45454545454545453
networkdgd,1.0,0.1,0.75,0.2328594129551486,0.12220920830457704,0.0,0.0,0.7777777777777778,0.08188781317085206,0.05499421631956954,0.0,0.0,0.34782608695652173,0.11906952802096127,0.0737270418392089,0.0,0.0,0.4444444444444444
networkdgd,1.0,0.1,1.0,0.25622470991078106,0.12112101265178792,0.25,0.0,0.8333333333333334,0.08876117631899641,0.05485401574728415,0.0,0.0,0.35294117647058826,0.12951971799198653,0.07305833610250892,0.0,0.0,0.46153846153846156
networkdgd,1.0,0.1,2.0,0.3516465966581035,0.12919115912762694,0.3333333333333333,0.0,1.0,0.11950519221042466,0.05943722497266153,0.16666666666666666,0.0,0.5,0.17515139104916388,0.07792342419023225,0.2222222222222222,0.0,0.5454545454545454
networkdgd,1.0,0.1,3.0,0.403800163103234,0.12934837933301288,0.5,0.0,1.0,0.13590131860220822,0.06368027813761618,0.14285714285714285,0.0,0.5,0.1994785446622575,0.08175157184192933,0.16666666666666666,0.0,0.6
networkdgd,1.0,0.1,5.0,0.4372859173816707,0.13584090856185682,0.5,0.0,1.0,0.14623082894487957,0.0637230100718456,0.2,0.0,0.5833333333333334,0.21494182252896804,0.08160888299711609,0.26666666666666666,0.0,0.6363636363636365
networkdgd,1.0,0.25,0,0.16571668092666578,0.11073681668752644,0.0,0.0,0.6666666666666666,0.059022727062727764,0.04773181610257598,0.0,0.0,0.2777777777777778,0.08558143250716432,0.06461810430214027,0.0,0.0,0.37499999999999994
networkdgd,1.0,0.25,0.1,0.1731571386731195,0.11608514621617702,0.0,0.0,0.6,0.06118021964235204,0.05009040477288341,0.0,0.0,0.3157894736842105,0.08882801898363732,0.06790294961079604,0.0,0.0,0.3870967741935484
networkdgd,1.0,0.25,0.25,0.1907669519255845,0.11441403651812183,0.0,0.0,0.7142857142857143,0.06722577320689384,0.05003779905020342,0.0,0.0,0.3333333333333333,0.09755580615479514,0.06685564154450496,0.0,0.0,0.4
networkdgd,1.0,0.25,0.5,0.21912516047330402,0.1147946750207619,0.0,0.0,0.8,0.07635038304764746,0.05071151207125111,0.0,0.0,0.3333333333333333,0.11111037660722278,0.06773676312754082,0.0,0.0,0.47058823529411764
networkdgd,1.0,0.25,0.75,0.24456789397378104,0.12434949078750182,0.0,0.0,0.8,0.08494641811692592,0.0561069374853008,0.0,0.0,0.5833333333333334,0.12383521465131887,0.07394652399239926,0.0,0.0,0.6363636363636365
networkdgd,1.0,0.25,1.0,0.27217212842177146,0.1197908654704822,0.3333333333333333,0.0,0.75,0.09309839373383805,0.05326036313460582,0.0,0.0,0.3333333333333333,0.1361283105712003,0.07063940323099606,0.0,0.0,0.4375
networkdgd,1.0,0.25,2.0,0.3619762673692395,0.12488612116351805,0.3333333333333333,0.0,1.0,0.12238200939320808,0.05952863117222632,0.1,0.0,0.5,0.179450961949447,0.0768504460756911,0.13333333333333333,0.0,0.5454545454545454
networkdgd,1.0,0.25,3.0,0.411650568716505,0.1320554362451664,0.5,0.0,1.0,0.1384992930619955,0.06396623121979259,0.1111111111111111,0.0,0.5833333333333334,0.20326758471811818,0.08180334808982777,0.16666666666666666,0.0,0.6363636363636365
networkdgd,1.0,0.25,5.0,0.4357472198563377,0.13169259395747152,0.5,0.0,1.0,0.14602582587209093,0.06379647815722336,0.14285714285714285,0.0,0.5,0.21455274651892206,0.08168878962319913,0.16666666666666666,0.0,0.5454545454545454
networkdgd,1.0,0.5,0,0.18224047218089404,0.10892626293556106,0.0,0.0,0.6,0.06379704360837068,0.04645490804552129,0.0,0.0,0.3684210526315789,0.0928739650852855,0.06287435610183331,0.0,0.0,0.4516129032258065
networkdgd,1.0,0.5,0.1,0.1924394154311479,0.11441323502367921,0.0,0.0,0.6,0.06753402756981053,0.04973796666108356,0.0,0.0,0.3,0.09819306736159733,0.06690323363866299,0.0,0.0,0.37499999999999994
networkdgd,1.0,0.5,0.25,0.21001017742039885,0.11525044361768609,0.0,0.0,0.75,0.07418085321853625,0.05207957653945231,0.0,0.0,0.3684210526315789,0.10774472403074864,0.06973352094108826,0.0,0.0,0.48275862068965514
networkdgd,1.0,0.5,0.5,0.23567221194412838,0.11698057221397358,0.0,0.0,0.6666666666666666,0.08154650030749895,0.050924436265758107,0.0,0.0,0.3333333333333333,0.11907333400363965,0.06837297238055547,0.0,0.0,0.41860465116279066
networkdgd,1.0,0.5,0.75,0.26090457270514383,0.11962702337747882,0.3333333333333333,0.0,1.0,0.08929171640016767,0.053058915901152956,0.0,0.0,0.4166666666666667,0.13055081128783777,0.07025039133774257,0.0,0.0,0.45454545454545453
networkdgd,1.0,0.5,1.0,0.2926028610035916,0.11803253079646088,0.3333333333333333,0.0,0.75,0.10044009657312014,0.05476211836226701,0.0,0.0,0.36363636363636365,0.14671774136014812,0.07178959713313965,0.0,0.0,0.45000000000000007
networkdgd,1.0,0.5,2.0,0.3712908695041883,0.12227857126113806,0.3333333333333333,0.0,1.0,0.1258200035417212,0.060984646296542676,0.14285714285714285,0.0,0.5833333333333334,0.1842714619337475,0.0776931320138394,0.13333333333333333,0.0,0.6363636363636365
networkdgd,1.0,0.5,3.0,0.4087989149686895,0.1258605467485803,0.5,0.0,1.0,0.1371550015189652,0.06056436862874179,0.14285714285714285,0.0,0.5,0.20142309850839274,0.07731124179373512,0.25,0.0,0.5454545454545454
networkdgd,1.0,0.5,5.0,0.4387702421566282,0.13494289314210603,0.5,0.0,1.0,0.147191292459122,0.06562542795381325,0.1111111111111111,0.0,0.5833333333333334,0.21614721936481707,0.08346767109530767,0.25,0.0,0.6363636363636365
networkdgd,1.0,0.75,0,0.20748058729409846,0.11565278807605268,0.0,0.0,0.6666666666666666,0.07265865587372959,0.05054387670569479,0.0,0.0,0.3333333333333333,0.10571850807314834,0.06782994298693341,0.0,0.0,0.4
networkdgd,1.0,0.75,0.1,0.21970994339496583,0.11394227299854416,0.0,0.0,0.6666666666666666,0.07597707582772766,0.04979353798649498,0.0,0.0,0.2857142857142857,0.11084149305217585,0.0669856928743631,0.0,0.0,0.36363636363636365
networkdgd,1.0,0.75,0.25,0.23110949899965677,0.1113352242391315,0.25,0.0,0.6666666666666666,0.08037028946186908,0.049366859574414355,0.0,0.0,0.2857142857142857,0.11715008025909975,0.06615080985132384,0.0,0.0,0.36363636363636365
networkdgd,1.0,0.75,0.5,0.25637533036211757,0.11542227020181778,0.3333333333333333,0.0,0.6666666666666666,0.08870701845907382,0.052917349317143494,0.0,0.0,0.3333333333333333,0.12939785204142912,0.07001726182461715,0.0,0.0,0.42105263157894735
networkdgd,1.0,0.75,0.75,0.2877084502282434,0.11621999441447439,0.3333333333333333,0.0,1.0,0.09846003052353178,0.05357198198957211,0.1,0.0,0.4166666666666667,0.14399680898446135,0.07019025183693406,0.0,0.0,0.45454545454545453
networkdgd,1.0,0.75,1.0,0.30407669757397937,0.11540818943676481,0.3333333333333333,0.0,0.75,0.10374243322117364,0.05428400620713501,0.1111111111111111,0.0,0.35,0.1518384625628511,0.0709264505633558,0.0,0.0,0.4242424242424242
networkdgd,1.0,0.75,2.0,0.37603685849515656,0.1180051173954941,0.3333333333333333,0.0,1.0,0.12710494441569417,0.05903992670322108,0.14285714285714285,0.0,0.5,0.1863481420707066,0.07527507615511801,0.2222222222222222,0.0,0.5454545454545454
networkdgd,1.0,0.75,3.0,0.41155178394437225,0.12653326339024826,0.5,0.0,1.0,0.13775210235262234,0.059735250314559625,0.2,0.0,0.5,0.20245617100925362,0.07672827850594843,0.16666666666666666,0.0,0.5454545454545454
networkdgd,1.0,0.75,5.0,0.4384875410779062,0.13224390788319207,0.5,0.0,1.0,0.14702926478716188,0.06518251069203766,0.1111111111111111,0.0,0.5833333333333334,0.21597921432536887,0.08301540797863535,0.25,0.0,0.6363636363636365
networkdgd,1.0,1.0,0,0.22780439613457243,0.10997953267600294,0.25,0.0,0.6666666666666666,0.07927767712196813,0.05018935210357052,0.0,0.0,0.4,0.11555637675017857,0.0669138325466342,0.0,0.0,0.5
networkdgd,1.0,1.0,0.1,0.23327713013048218,0.10824956302804255,0.25,0.0,0.7,0.08028178583269747,0.04821471511353689,0.0,0.0,0.30434782608695654,0.11733788067240469,0.06445496033280435,0.0,0.0,0.42424242424242425
networkdgd,1.0,1.0,0.25,0.2529360380871279,0.109436030189114,0.25,0.0,0.6,0.08703536875153202,0.05061667038572224,0.0,0.0,0.35,0.12712813143135804,0.06696170409081839,0.0,0.0,0.4242424242424242
networkdgd,1.0,1.0,0.5,0.26748977834933685,0.11154753624736136,0.3333333333333333,0.0,0.7,0.09172723569273644,0.0521078773959943,0.0,0.0,0.3333333333333333,0.1341119394801649,0.06870057598814658,0.0,0.0,0.4375
networkdgd,1.0,1.0,0.75,0.2913520379932426,0.11184808518342043,0.3333333333333333,0.0,0.8,0.09969958725806652,0.05410980907288517,0.0,0.0,0.5,0.14582217985187987,0.07021101282414999,0.0,0.0,0.5454545454545454
networkdgd,1.0,1.0,1.0,0.31349458564273996,0.11519258675914466,0.3333333333333333,0.0,0.8,0.10679087523744756,0.055676136795640624,0.09090909090909091,0.0,0.5833333333333334,0.15635513572082577,0.07192671414557279,0.13333333333333333,0.0,0.6363636363636365
networkdgd,1.0,1.0,2.0,0.37909200694270134,0.12179565415019578,0.3333333333333333,0.0,1.0,0.12795820647144562,0.06053514006722673,0.1111111111111111,0.0,0.5833333333333334,0.1876272482732172,0.07692113665861051,0.2222222222222222,0.0,0.6363636363636365
networkdgd,1.0,1.0,3.0,0.41383179819736327,0.12410603266544461,0.5,0.0,0.8571428571428571,0.13903241560254498,0.061602533250451785,0.14285714285714285,0.0,0.5833333333333334,0.20420174688168208,0.07862264466077414,0.25,0.0,0.6363636363636365
networkdgd,1.0,1.0,5.0,0.4402196513261016,0.13212788691096863,0.5,0.0,1.0,0.14744687491509176,0.06510308212921032,0.1111111111111111,0.0,0.6666666666666666,0.21659447124586928,0.08236795736245432,0.25,0.0,0.7272727272727272
networkdgd,1.0,2.0,0,0.2742581723123925,0.10730149861158123,0.3333333333333333,0.0,0.6666666666666666,0.09351576127916826,0.049710245075165284,0.1111111111111111,0.0,0.35,0.1369274708758604,0.06540625130350033,0.13333333333333333,0.0,0.4242424242424242
networkdgd,1.0,2.0,0.1,0.27741165115255734,0.10433923268799147,0.3333333333333333,0.0,0.6666666666666666,0.09419292764944776,0.04852149919983096,0.1111111111111111,0.0,0.3333333333333333,0.13800693628810382,0.06358035182676126,0.0,0.0,0.4
networkdgd,1.0,2.0,0.25,0.29142772254443977,0.11043245655479879,0.3333333333333333,0.0,0.7,0.09898724246596857,0.0517331590437097,0.1111111111111111,0.0,0.3333333333333333,0.14501023136829455,0.06780618880069415,0.0,0.0,0.4375
networkdgd,1.0,2.0,0.5,0.3042432468902804,0.10661530970186485,0.3333333333333333,0.0,0.75,0.10268094856553905,0.0505662572042797,0.1111111111111111,0.0,0.3684210526315789,0.15056935708538527,0.0656794391772441,0.13333333333333333,0.0,0.48275862068965514
networkdgd,1.0,2.0,0.75,0.32123793003732076,0.10615513014397525,0.3333333333333333,0.0,0.75,0.1086380379860129,0.05132680731927568,0.1111111111111111,0.0,0.3157894736842105,0.1593121308579911,0.06660495867166166,0.13333333333333333,0.0,0.41379310344827586
networkdgd,1.0,2.0,1.0,0.33424795288247033,0.11284145532888609,0.3333333333333333,0.0,0.8571428571428571,0.11206811193678372,0.05257697475668547,0.1111111111111111,0.0,0.5,0.1646407621797883,0.06813904140273737,0.13333333333333333,0.0,0.5454545454545454
networkdgd,1.0,2.0,2.0,0.37849767376011856,0.11982825418467566,0.5,0.0,1.0,0.12712600841502347,0.0578284015535467,0.1111111111111111,0.0,0.5,0.18667414677963168,0.0741524034646102,0.13333333333333333,0.0,0.5454545454545454
networkdgd,1.0,2.0,3.0,0.4129274825409972,0.12645155512355458,0.5,0.0,1.0,0.1385802682679194,0.06306354806056039,0.16666666666666666,0.0,0.6666666666666666,0.20354461118565007,0.08007688652545189,0.25,0.0,0.7272727272727272
networkdgd,1.0,2.0,5.0,0.43953341850725064,0.1339178302104522,0.5,0.0,1.0,0.14737323648034395,0.06550638951127925,0.14285714285714285,0.0,0.6666666666666666,0.21646664321980152,0.08313833901567903,0.16666666666666666,0.0,0.7272727272727272
networkdgd,1.0,3.0,0,0.2910875754204171,0.11200811368241981,0.3333333333333333,0.0,1.0,0.09819195461035066,0.05217804176030401,0.1,0.0,0.42857142857142855,0.14399275526783292,0.06851409968431126,0.13333333333333333,0.0,0.6
networkdgd,1.0,3.0,0.1,0.29542595759290924,0.10905421478877224,0.3333333333333333,0.0,1.0,0.10006629773388946,0.05194110818024511,0.1111111111111111,0.0,0.42857142857142855,0.14663858896511783,0.0677388340401798,0.13333333333333333,0.0,0.6
networkdgd,1.0,3.0,0.25,0.29965223263931956,0.11094098584809454,0.3333333333333333,0.0,1.0,0.10054425372400447,0.04922132389158314,0.09090909090909091,0.0,0.42857142857142855,0.14774807906862888,0.0650835393628875,0.11764705882352941,0.0,0.6
networkdgd,1.0,3.0,0.5,0.3153102507243382,0.11817155065981304,0.3333333333333333,0.0,1.0,0.10574789546649399,0.05356987160269815,0.09090909090909091,0.0,0.42857142857142855,0.1552787727627943,0.06991742903175684,0.13333333333333333,0.0,0.6
networkdgd,1.0,3.0,0.75,0.3267997323863394,0.1137618424824164,0.3333333333333333,0.0,1.0,0.10988117735995911,0.053051027327483846,0.1111111111111111,0.0,0.4444444444444444,0.16128045856135484,0.06894496917663898,0.13333333333333333,0.0,0.5333333333333333
networkdgd,1.0,3.0,1.0,0.3374237209260489,0.1110556700669386,0.3333333333333333,0.0,1.0,0.11370228951523305,0.05313764930797007,0.1111111111111111,0.0,0.34782608695652173,0.1668531001565034,0.0688520987658331,0.16666666666666666,0.0,0.43243243243243246
networkdgd,1.0,3.0,2.0,0.3717687279268005,0.11666045143051895,0.3333333333333333,0.0,1.0,0.12524790904000102,0.05832306117308173,0.1111111111111111,0.0,0.5833333333333334,0.18377917386990777,0.0743197355935478,0.25,0.0,0.6363636363636365
networkdgd,1.0,3.0,3.0,0.4103542045473802,0.12730159064491,0.5,0.0,1.0,0.13752527750748345,0.0618634427640919,0.1111111111111111,0.0,0.5833333333333334,0.20208287255697202,0.07923784760010334,0.16666666666666666,0.0,0.6363636363636365
networkdgd,1.0,3.0,5.0,0.4375802717857581,0.13099878839117648,0.5,0.0,1.0,0.1469241821592418,0.06526889474623201,0.1111111111111111,0.0,0.6666666666666666,0.21572345488122716,0.08251637155247744,0.25,0.0,0.7272727272727272
networkdgd,1.0,5.0,0,0.29610640831386925,0.10901855242538248,0.25,0.0,1.0,0.09920278611214686,0.0492363947839499,0.07692307692307693,0.0,0.42857142857142855,0.14577108073257516,0.06472090881834479,0.13333333333333333,0.0,0.6
networkdgd,1.0,5.0,0.1,0.29854334615931316,0.11010546509547471,0.3333333333333333,0.0,1.0,0.10085054058958373,0.05233828255857916,0.1111111111111111,0.0,0.42857142857142855,0.14784051663371547,0.06802431300235244,0.125,0.0,0.6
networkdgd,1.0,5.0,0.25,0.3072667513390859,0.11061452917920304,0.3333333333333333,0.0,1.0,0.10337996993165462,0.051285110578231215,0.09090909090909091,0.0,0.42857142857142855,0.15172520217287358,0.06705982484613018,0.13333333333333333,0.0,0.6
networkdgd,1.0,5.0,0.5,0.3142847231805422,0.11360852609350716,0.3333333333333333,0.0,1.0,0.10562005557395412,0.052316539352148604,0.09090909090909091,0.0,0.42857142857142855,0.15507750545875448,0.06839475817635551,0.13333333333333333,0.0,0.6
networkdgd,1.0,5.0,0.75,0.3182324813945457,0.11009250758973829,0.3333333333333333,0.0,1.0,0.10674221082583858,0.050932480759140815,0.1,0.0,0.42857142857142855,0.15684075530983838,0.06670736053476542,0.16666666666666666,0.0,0.6
networkdgd,1.0,5.0,1.0,0.3258329456232753,0.11600375105652865,0.3333333333333333,0.0,1.0,0.10950497454594421,0.05332157169220576,0.1,0.0,0.42857142857142855,0.16084756330809985,0.07008313684251456,0.1111111111111111,0.0,0.6
networkdgd,1.0,5.0,2.0,0.35313554299480715,0.1175624278690193,0.3333333333333333,0.0,1.0,0.118315934766405,0.05523413622436934,0.1111111111111111,0.0,0.5,0.17386257683979464,0.07141075724347866,0.16666666666666666,0.0,0.6
networkdgd,1.0,5.0,3.0,0.3817724824252388,0.12449549240048682,0.3333333333333333,0.0,1.0,0.12760635923080121,0.05711100335060595,0.2,0.0,0.42857142857142855,0.18762767375070177,0.07417421856536588,0.25,0.0,0.6
networkdgd,1.0,5.0,5.0,0.42301091506101157,0.13002204704153916,0.5,0.0,1.0,0.14172990472404504,0.06419739235844424,0.2,0.0,0.6666666666666666,0.208250863176572,0.08161168497936239,0.25,0.0,0.7272727272727272
networkdgd,2.0,0,0,0.12559239285445867,0.10263829507505091,0.0,0.0,0.6666666666666666,0.044189317654915954,0.041055431516595346,0.0,0.0,0.2727272727272727,0.06420962419415226,0.0567795052234408,0.0,0.0,0.37499999999999994
networkdgd,2.0,0,0.1,0.12916702198095767,0.09644011455835952,0.0,0.0,0.5238095238095238,0.04570101879890734,0.040542756462908454,0.0,0.0,0.2894736842105263,0.06620290835458262,0.054887702824439666,0.0,0.0,0.3728813559322034
networkdgd,2.0,0,0.25,0.14239801375601663,0.10593903805341473,0.0,0.0,0.6,0.05041374415228261,0.044317987346619334,0.0,0.0,0.30434782608695654,0.07300378668480144,0.05996620497424131,0.0,0.0,0.3783783783783784
networkdgd,2.0,0,0.5,0.16109558749757646,0.1120378413621789,0.0,0.0,1.0,0.056811152301028164,0.0461904373406818,0.0,0.0,0.4166666666666667,0.08252675172178799,0.06278866662533628,0.0,0.0,0.5
networkdgd,2.0,0,0.75,0.1774876170687904,0.11086097142980049,0.0,0.0,0.6666666666666666,0.06219833533792852,0.046863335608898014,0.0,0.0,0.3,0.090535835256907,0.0638137013453492,0.0,0.0,0.4
networkdgd,2.0,0,1.0,0.2098538590304476,0.1154479915405923,0.0,0.0,0.6666666666666666,0.07227061958039424,0.04818752059739164,0.0,0.0,0.2857142857142857,0.1056222606923832,0.06543712296602687,0.0,0.0,0.4
networkdgd,2.0,0,2.0,0.31479581894460373,0.12611458166169714,0.25,0.0,0.7142857142857143,0.10752825784817285,0.05806562733550811,0.0,0.0,0.35714285714285715,0.15726232735776122,0.07651140395526393,0.0,0.0,0.45454545454545453
networkdgd,2.0,0,3.0,0.38100558099644116,0.12870437784913977,0.3333333333333333,0.0,1.0,0.12852477525493164,0.061864632130794496,0.09090909090909091,0.0,0.5833333333333334,0.18850062280775048,0.07934574117364429,0.26666666666666666,0.0,0.6363636363636365
networkdgd,2.0,0,5.0,0.42674529050795695,0.12971118982487678,0.5,0.0,1.0,0.14356275246497435,0.06405252676977874,0.1111111111111111,0.0,0.5833333333333334,0.2107158589587151,0.0815972433502729,0.26666666666666666,0.0,0.6363636363636365
networkdgd,2.0,0.1,0,0.12447558191504327,0.1014940889489141,0.0,0.0,0.5,0.044217280183807744,0.042237804083413495,0.0,0.0,0.25,0.0641375028390542,0.057795217779597174,0.0,0.0,0.3125
networkdgd,2.0,0.1,0.1,0.13427767735857607,0.10330884970743955,0.0,0.0,0.8,0.04795362035499595,0.04477787641292881,0.0,0.0,0.34782608695652173,0.06940200581922407,0.06050639383311373,0.0,0.0,0.48484848484848486
networkdgd,2.0,0.1,0.25,0.1474544023913706,0.10707905200366577,0.0,0.0,0.6,0.05215180687758513,0.044520384702862376,0.0,0.0,0.30434782608695654,0.07563551957703817,0.060685539253068826,0.0,0.0,0.3888888888888889
networkdgd,2.0,0.1,0.5,0.1615603616631689,0.10502110351786118,0.0,0.0,0.5384615384615384,0.05656750974028758,0.0439726875609453,0.0,0.0,0.30434782608695654,0.08229224635748095,0.05985320549339173,0.0,0.0,0.3888888888888889
networkdgd,2.0,0.1,0.75,0.19097649913316814,0.11313597260078667,0.0,0.0,0.6666666666666666,0.06635284597358884,0.047658969876928456,0.0,0.0,0.3157894736842105,0.09668637183272143,0.06449065322009499,0.0,0.0,0.41379310344827586
networkdgd,2.0,0.1,1.0,0.21871065037156504,0.1187302037194872,0.0,0.0,0.75,0.07595034374738854,0.05162475574346415,0.0,0.0,0.3333333333333333,0.11071614138311245,0.06927667837417141,0.0,0.0,0.3829787234042553
networkdgd,2.0,0.1,2.0,0.3245928579445278,0.11681076869987829,0.3333333333333333,0.0,0.8,0.11023111061675611,0.05550673653235948,0.14285714285714285,0.0,0.3333333333333333,0.16153428599033995,0.07275473265722628,0.0,0.0,0.47058823529411764
networkdgd,2.0,0.1,3.0,0.38958272092221835,0.11983417317693507,0.5,0.0,0.8,0.13183117972760763,0.06171219364142187,0.1111111111111111,0.0,0.5833333333333334,0.1932021213364643,0.07829301784816513,0.16666666666666666,0.0,0.6363636363636365
networkdgd,2.0,0.1,5.0,0.42879515937705964,0.1343212002316066,0.5,0.0,1.0,0.1438624433502546,0.0644669387789502,0.2,0.0,0.5833333333333334,0.21134737202105294,0.08288669507149735,0.26666666666666666,0.0,0.6363636363636365
networkdgd,2.0,0.25,0,0.13504868814227639,0.09638445151709917,0.0,0.0,0.5,0.0478736352356482,0.040854704946227866,0.0,0.0,0.25,0.06937005215524758,0.055278993539454854,0.0,0.0,0.3333333333333333
networkdgd,2.0,0.25,0.1,0.14987534501620173,0.10220225728534886,0.0,0.0,0.6,0.05302585101198834,0.043442499284830446,0.0,0.0,0.3333333333333333,0.07690028238575058,0.05832759285876795,0.0,0.0,0.3636363636363636
networkdgd,2.0,0.25,0.25,0.15216968388162735,0.09888756407600574,0.0,0.0,0.6,0.05367468836797431,0.04186609331318195,0.0,0.0,0.23076923076923078,0.07791091452440946,0.05688314991582621,0.0,0.0,0.33333333333333337
networkdgd,2.0,0.25,0.5,0.1766949896672443,0.11197059437519757,0.0,0.0,0.6666666666666666,0.062467637924442695,0.05060728178931502,0.0,0.0,0.4444444444444444,0.09053639771830742,0.066692189164012,0.0,0.0,0.5333333333333333
networkdgd,2.0,0.25,0.75,0.20377136561218376,0.11536937198412926,0.0,0.0,0.6666666666666666,0.07079209651068483,0.05089928030401,0.0,0.0,0.4166666666666667,0.10317362024618641,0.06802018058448785,0.0,0.0,0.45454545454545453
networkdgd,2.0,0.25,1.0,0.23080220422425868,0.12306181319878501,0.0,0.0,0.75,0.07971379764995533,0.05280385465424261,0.0,0.0,0.4166666666666667,0.11628205382507557,0.07053500316780235,0.0,0.0,0.45454545454545453
networkdgd,2.0,0.25,2.0,0.33007171506964733,0.12132705678868579,0.3333333333333333,0.0,0.75,0.11212657651205328,0.05817972740268409,0.14285714285714285,0.0,0.5833333333333334,0.16415859856761675,0.07493367771651512,0.13333333333333333,0.0,0.6363636363636365
networkdgd,2.0,0.25,3.0,0.3894511429082563,0.1244966383119735,0.3333333333333333,0.0,0.8571428571428571,0.1310574014684811,0.05860226448181831,0.14285714285714285,0.0,0.4166666666666667,0.19246914087621608,0.07591313199613375,0.26666666666666666,0.0,0.47058823529411764
networkdgd,2.0,0.25,5.0,0.4308282139693086,0.13097801738538958,0.5,0.0,1.0,0.14441558907221572,0.06269226364801414,0.14285714285714285,0.0,0.5,0.21223229369787636,0.08059675946433346,0.25,0.0,0.5454545454545454
networkdgd,2.0,0.5,0,0.1518286391643869,0.10459479945312564,0.0,0.0,0.6666666666666666,0.05302807277570458,0.043404514616598965,0.0,0.0,0.3,0.07711616195782207,0.0589171620447611,0.0,0.0,0.37499999999999994
networkdgd,2.0,0.5,0.1,0.1598948845217077,0.10620026526042277,0.0,0.0,0.6666666666666666,0.05654690365377434,0.045886303807909506,0.0,0.0,0.3,0.08203102355434774,0.06189456367577974,0.0,0.0,0.37500000000000006
networkdgd,2.0,0.5,0.25,0.17576117220318138,0.10514464159232709,0.0,0.0,0.625,0.061202358557095056,0.04405139525439033,0.0,0.0,0.26666666666666666,0.08914401999115265,0.059903726524700336,0.0,0.0,0.33333333333333337
networkdgd,2.0,0.5,0.5,0.19576355144336255,0.11245569934772123,0.0,0.0,0.75,0.0676125861953428,0.047877748213015575,0.0,0.0,0.30434782608695654,0.0987485493517745,0.0651245792851161,0.0,0.0,0.4
networkdgd,2.0,0.5,0.75,0.2236741127445357,0.11366541904539645,0.25,0.0,0.7,0.07755580315372776,0.05059393845788948,0.0,0.0,0.30434782608695654,0.11314161127512354,0.06800722644126102,0.0,0.0,0.42424242424242425
networkdgd,2.0,0.5,1.0,0.25613477360494474,0.1159414518533213,0.3333333333333333,0.0,0.75,0.08763575635789699,0.05187442971187176,0.0,0.0,0.4166666666666667,0.12824889645738835,0.06901980572571138,0.0,0.0,0.45454545454545453
networkdgd,2.0,0.5,2.0,0.34954457766956476,0.12478860013165748,0.3333333333333333,0.0,1.0,0.11772887261439331,0.057963585251084866,0.14285714285714285,0.0,0.5,0.17271426252887995,0.07498610019057608,0.2,0.0,0.5454545454545454
networkdgd,2.0,0.5,3.0,0.3990414826207992,0.12986796988180196,0.5,0.0,1.0,0.13414756920756687,0.06098426792979504,0.14285714285714285,0.0,0.4166666666666667,0.19690926562659375,0.07858588145471848,0.25,0.0,0.5000000000000001
networkdgd,2.0,0.5,5.0,0.43185643617215963,0.1324161716598655,0.5,0.0,1.0,0.14449228567007597,0.06284749369460972,0.1111111111111111,0.0,0.5,0.2123604355542168,0.0805459730276945,0.16666666666666666,0.0,0.5454545454545454
networkdgd,2.0,0.75,0,0.17033627704007695,0.10513560587411833,0.0,0.0,1.0,0.05926919778556678,0.04347574305556036,0.0,0.0,0.3333333333333333,0.08633459492948027,0.05930969982188924,0.0,0.0,0.5
networkdgd,2.0,0.75,0.1,0.18327511898037882,0.10432362848197858,0.0,0.0,0.6666666666666666,0.06364501480704336,0.043762167967556866,0.0,0.0,0.2857142857142857,0.09275968731253159,0.05919230432525907,0.0,0.0,0.36363636363636365
networkdgd,2.0,0.75,0.25,0.19595718777654808,0.10835807071923795,0.0,0.0,0.5833333333333334,0.0683858977152295,0.04802905327261113,0.0,0.0,0.3,0.09953580002870126,0.0639990495943133,0.0,0.0,0.3529411764705882
networkdgd,2.0,0.75,0.5,0.22238866677032046,0.10813106336240445,0.2,0.0,0.6,0.07712443826861198,0.04756075753723078,0.0,0.0,0.3333333333333333,0.1125628269428898,0.0636919691410417,0.0,0.0,0.3636363636363636
networkdgd,2.0,0.75,0.75,0.2415580219837063,0.11272395747304495,0.25,0.0,0.75,0.08305446137166295,0.05059895688045382,0.0,0.0,0.4166666666666667,0.1213306032540633,0.06686689441579982,0.0,0.0,0.45454545454545453
networkdgd,2.0,0.75,1.0,0.27495805635829274,0.11171688877281331,0.3333333333333333,0.0,0.6666666666666666,0.0938213752551583,0.05215413407252649,0.0,0.0,0.4166666666666667,0.13729487608828908,0.06855632962548502,0.0,0.0,0.45454545454545453
networkdgd,2.0,0.75,2.0,0.3507338288784096,0.11732965632023191,0.3333333333333333,0.0,0.8571428571428571,0.11841737465163374,0.0576220287175353,0.09090909090909091,0.0,0.4166666666666667,0.17361304580841289,0.07403734806716114,0.16666666666666666,0.0,0.5
networkdgd,2.0,0.75,3.0,0.3998581477674933,0.12204073115507628,0.5,0.0,1.0,0.13427974711182475,0.06086105133723796,0.2,0.0,0.75,0.19717674703023197,0.07689572502325667,0.2,0.0,0.8181818181818182
networkdgd,2.0,0.75,5.0,0.4361769950200704,0.1357994598009666,0.5,0.0,1.0,0.1456085913999154,0.06370897356309517,0.2,0.0,0.5833333333333334,0.21413817745839317,0.08165751193194315,0.16666666666666666,0.0,0.6363636363636365
networkdgd,2.0,1.0,0,0.1961255523789679,0.10575797202937436,0.0,0.0,0.75,0.06770286817806487,0.04794254897455542,0.0,0.0,0.42857142857142855,0.09875250954810554,0.06324635499727432,0.0,0.0,0.5454545454545454
networkdgd,2.0,1.0,0.1,0.20330131161765685,0.10246614186351764,0.0,0.0,0.6666666666666666,0.07012471634987577,0.04513634753422897,0.0,0.0,0.3076923076923077,0.10240751648476926,0.06041562931777083,0.0,0.0,0.42105263157894735
networkdgd,2.0,1.0,0.25,0.22199808315077324,0.10213592476155113,0.25,0.0,0.6666666666666666,0.07578949119788028,0.04450071264475694,0.0,0.0,0.3157894736842105,0.11090123533194989,0.05927898918210621,0.0,0.0,0.41379310344827586
networkdgd,2.0,1.0,0.5,0.236353193788449,0.1088133629300814,0.25,0.0,0.6,0.08090997116859402,0.048182670091886856,0.0,0.0,0.4166666666666667,0.11839114017096247,0.06407201947070715,0.0,0.0,0.45454545454545453
networkdgd,2.0,1.0,0.75,0.26140992077245173,0.10854801019633988,0.25,0.0,0.7142857142857143,0.08899200675002017,0.04862853514262102,0.0,0.0,0.34782608695652173,0.13040710694498334,0.06494485480711769,0.0,0.0,0.4324324324324324
networkdgd,2.0,1.0,1.0,0.28876897774682037,0.10853122404895459,0.3333333333333333,0.0,0.8,0.09771309586378552,0.05147078161577195,0.09090909090909091,0.0,0.4166666666666667,0.1432911067670522,0.06721456766820916,0.13333333333333333,0.0,0.45454545454545453
networkdgd,2.0,1.0,2.0,0.35399515111772206,0.114066016803701,0.3333333333333333,0.0,0.75,0.11902416679397501,0.05473631210367999,0.1111111111111111,0.0,0.4166666666666667,0.17478557683121973,0.07066472324095674,0.125,0.0,0.48275862068965514
networkdgd,2.0,1.0,3.0,0.40299045107234316,0.1264416663491977,0.5,0.0,1.0,0.13495262137104685,0.06038088329245314,0.1111111111111111,0.0,0.5833333333333334,0.19819867593371324,0.07674183020265593,0.20689655172413793,0.0,0.6363636363636365
networkdgd,2.0,1.0,5.0,0.43450124714163335,0.13027646190472716,0.5,0.0,1.0,0.14548578701993325,0.06303551417059809,0.1111111111111111,0.0,0.5833333333333334,0.21379374051763375,0.08031632760183148,0.25,0.0,0.6363636363636365
networkdgd,2.0,2.0,0,0.24697156864470687,0.10123025320528538,0.25,0.0,0.6666666666666666,0.0837209664479008,0.04541523870402952,0.0,0.0,0.2857142857142857,0.12276081527001177,0.060043884073374805,0.0,0.0,0.36363636363636365
networkdgd,2.0,2.0,0.1,0.2527671881092874,0.10257966082893402,0.25,0.0,0.6666666666666666,0.08586046388773053,0.046655117128493004,0.0,0.0,0.2857142857142857,0.12575755351837883,0.061714795114034535,0.0,0.0,0.4
networkdgd,2.0,2.0,0.25,0.25942022232615497,0.09908337908775093,0.3333333333333333,0.0,0.6,0.08741153786171336,0.045053968547924456,0.1111111111111111,0.0,0.3333333333333333,0.1283153960236841,0.059258858510114344,0.0,0.0,0.41379310344827586
networkdgd,2.0,2.0,0.5,0.28184420381713726,0.10131772307548627,0.3333333333333333,0.0,0.6666666666666666,0.09490143200728217,0.04622070388300784,0.09090909090909091,0.0,0.3333333333333333,0.13930545407498643,0.06073346916771713,0.13333333333333333,0.0,0.4
networkdgd,2.0,2.0,0.75,0.3015353217800458,0.10801217330176884,0.3333333333333333,0.0,0.6666666666666666,0.10210499749530214,0.051532857751876764,0.1111111111111111,0.0,0.3333333333333333,0.14958777157646563,0.06691636259108652,0.0,0.0,0.4
networkdgd,2.0,2.0,1.0,0.30684727434049125,0.10909042677623224,0.3333333333333333,0.0,1.0,0.10290142585173359,0.04721082798799466,0.1111111111111111,0.0,0.30434782608695654,0.15123315145007182,0.06198293756647806,0.13333333333333333,0.0,0.4
networkdgd,2.0,2.0,2.0,0.3591540474223048,0.11713928808571612,0.3333333333333333,0.0,1.0,0.12139894186329682,0.059240093112792734,0.1111111111111111,0.0,0.5833333333333334,0.17799131193669182,0.07560138850581993,0.2222222222222222,0.0,0.6363636363636365
networkdgd,2.0,2.0,3.0,0.398223574406459,0.1230845285552264,0.5,0.0,1.0,0.1335517213001264,0.06085035740763808,0.1111111111111111,0.0,0.6666666666666666,0.1961669474123926,0.07719032003875116,0.25,0.0,0.7272727272727272
networkdgd,2.0,2.0,5.0,0.4349872904425051,0.13392541967275676,0.5,0.0,1.0,0.1455210929563112,0.06486432369060428,0.14285714285714285,0.0,0.6666666666666666,0.21387441290131615,0.08261056437270999,0.25,0.0,0.7272727272727272
networkdgd,2.0,3.0,0,0.26718557286966854,0.09974771085353108,0.3333333333333333,0.0,0.6666666666666666,0.0902455026662627,0.04582575771011792,0.09090909090909091,0.0,0.3,0.13231206428132503,0.05970254960644491,0.13333333333333333,0.0,0.4
networkdgd,2.0,3.0,0.1,0.27276707164204833,0.10449664753104254,0.3333333333333333,0.0,0.6666666666666666,0.09178924699052891,0.04718943624860823,0.09090909090909091,0.0,0.3333333333333333,0.13472336434167284,0.06182056273547335,0.13333333333333333,0.0,0.41379310344827586
networkdgd,2.0,3.0,0.25,0.28568529526350767,0.10997484940858553,0.25,0.0,1.0,0.09616603074435366,0.04905736933516366,0.09090909090909091,0.0,0.3157894736842105,0.14117857724437866,0.06479026754841552,0.13333333333333333,0.0,0.41379310344827586
networkdgd,2.0,3.0,0.5,0.2979549844342438,0.1126337835200411,0.3333333333333333,0.0,1.0,0.09985976478029639,0.050127083233235586,0.1111111111111111,0.0,0.42857142857142855,0.14666636968230645,0.06599863846681887,0.13333333333333333,0.0,0.6
networkdgd,2.0,3.0,0.75,0.3040204825060309,0.11260241722716313,0.3333333333333333,0.0,1.0,0.10183833249785955,0.05095731395988807,0.09090909090909091,0.0,0.42857142857142855,0.14962015436347448,0.06680996875224846,0.16666666666666666,0.0,0.6
networkdgd,2.0,3.0,1.0,0.3114085590168501,0.11039770841639705,0.3333333333333333,0.0,1.0,0.10447736781162961,0.05104164933168721,0.09090909090909091,0.0,0.42857142857142855,0.1534998457296783,0.06648163423136581,0.13333333333333333,0.0,0.6
networkdgd,2.0,3.0,2.0,0.3599348063059715,0.12087640353199411,0.3333333333333333,0.0,1.0,0.12084806468436336,0.056275103960746815,0.1111111111111111,0.0,0.42857142857142855,0.17753950758698006,0.0734284348588171,0.13333333333333333,0.0,0.6
networkdgd,2.0,3.0,3.0,0.3905930897802265,0.12634850986604731,0.5,0.0,1.0,0.13062247511921452,0.05846536950337108,0.125,0.0,0.5,0.19206974420366457,0.0758717894964186,0.16666666666666666,0.0,0.6
networkdgd,2.0,3.0,5.0,0.42984116109173803,0.1303963972555542,0.5,0.0,1.0,0.1438129811829035,0.06391389985543632,0.14285714285714285,0.0,0.6666666666666666,0.2113573790067872,0.08110648687550591,0.16666666666666666,0.0,0.7272727272727272
networkdgd,2.0,5.0,0,0.2836006300953723,0.10539895298137103,0.3333333333333333,0.0,1.0,0.09490458896781487,0.04742297182968196,0.09090909090909091,0.0,0.42857142857142855,0.139446816149509,0.062286850006519075,0.13333333333333333,0.0,0.6
networkdgd,2.0,5.0,0.1,0.28731581407186674,0.10912041735357159,0.3333333333333333,0.0,1.0,0.09594112352785515,0.04719239838966703,0.1111111111111111,0.0,0.42857142857142855,0.14113760411873946,0.06282380058219743,0.18181818181818182,0.0,0.6
networkdgd,2.0,5.0,0.25,0.2880251877768164,0.11186120551406531,0.3333333333333333,0.0,1.0,0.09659238831991933,0.04866742397952049,0.07692307692307693,0.0,0.42857142857142855,0.14186579253309722,0.06433505196230795,0.11764705882352941,0.0,0.6
networkdgd,2.0,5.0,0.5,0.29742397319145797,0.11186948690025232,0.3333333333333333,0.0,1.0,0.09906624864685283,0.04756055004579017,0.1111111111111111,0.0,0.42857142857142855,0.14580339397561046,0.06333344481169714,0.14285714285714285,0.0,0.6
networkdgd,2.0,5.0,0.75,0.3081261103003515,0.11001210115773519,0.3333333333333333,0.0,1.0,0.10335473309052351,0.05037694976676639,0.09090909090909091,0.0,0.42857142857142855,0.15184481549710444,0.06605071247884586,0.1111111111111111,0.0,0.6
networkdgd,2.0,5.0,1.0,0.3141951440072685,0.11573828236196711,0.3333333333333333,0.0,1.0,0.1050312371660624,0.05168988626655241,0.1111111111111111,0.0,0.42857142857142855,0.15438431462299962,0.06769382880112793,0.16666666666666666,0.0,0.6
networkdgd,2.0,5.0,2.0,0.34274335679735185,0.11988391197407892,0.3333333333333333,0.0,1.0,0.11461983141678346,0.05446788976538977,0.1111111111111111,0.0,0.42857142857142855,0.16847175328056943,0.07092783543730996,0.13333333333333333,0.0,0.6
networkdgd,2.0,5.0,3.0,0.37440379346445396,0.12200519256676193,0.3333333333333333,0.0,1.0,0.12496728196991579,0.05596744979742017,0.1111111111111111,0.0,0.42857142857142855,0.18381029938796864,0.07273639532163885,0.16666666666666666,0.0,0.6
networkdgd,2.0,5.0,5.0,0.4157317231771211,0.13023657234746752,0.5,0.0,1.0,0.13902775960592453,0.062432930971404295,0.2,0.0,0.5833333333333334,0.20436589361491173,0.0799322982211593,0.25,0.0,0.6363636363636365
networkdgd,3.0,0,0,0.11205232281987229,0.09100538426488888,0.0,0.0,0.4444444444444444,0.04016358926356927,0.037924552665891786,0.0,0.0,0.2777777777777778,0.058199362795720466,0.05205382566784555,0.0,0.0,0.33333333333333337
networkdgd,3.0,0,0.1,0.11641138925540602,0.09328601255636292,0.0,0.0,0.5,0.041350938952842115,0.04042397297294614,0.0,0.0,0.2857142857142857,0.05994486461488527,0.05467511456914428,0.0,0.0,0.36363636363636365
networkdgd,3.0,0,0.25,0.1294635124949517,0.10113138360828121,0.0,0.0,0.5714285714285714,0.0450922917590088,0.039558404695497054,0.0,0.0,0.30434782608695654,0.06567960183986467,0.05481992450794168,0.0,0.0,0.3888888888888889
networkdgd,3.0,0,0.5,0.14180781525156907,0.10174671390329708,0.0,0.0,0.5,0.04909287617978495,0.04117226254964533,0.0,0.0,0.3333333333333333,0.07159074405484607,0.05618873178669449,0.0,0.0,0.3636363636363636
networkdgd,3.0,0,0.75,0.16601441996026634,0.10850922086734524,0.0,0.0,0.6666666666666666,0.05852744461948117,0.04602730702453359,0.0,0.0,0.2777777777777778,0.08505975296918741,0.06265361430718384,0.0,0.0,0.3428571428571428
networkdgd,3.0,0,1.0,0.19823405583892006,0.1152572226845106,0.0,0.0,0.7142857142857143,0.06931168789705798,0.05018078011416036,0.0,0.0,0.3888888888888889,0.10082304000847614,0.06700699220624551,0.0,0.0,0.4666666666666666
networkdgd,3.0,0,2.0,0.3052431812580596,0.11919812286247691,0.3333333333333333,0.0,0.6666666666666666,0.10432742360446949,0.0562800329359373,0.0,0.0,0.34782608695652173,0.15256072669166304,0.07357771822041138,0.0,0.0,0.4571428571428571
networkdgd,3.0,0,3.0,0.37602419050638175,0.12809313939518216,0.3333333333333333,0.0,1.0,0.12639344359332502,0.05865702658979537,0.14285714285714285,0.0,0.42857142857142855,0.18552409105826095,0.07563081724422324,0.16666666666666666,0.0,0.5
networkdgd,3.0,0,5.0,0.4279140052118436,0.13452050105762675,0.5,0.0,1.0,0.1431295445047755,0.06261103725134365,0.1111111111111111,0.0,0.5833333333333334,0.21037289456656458,0.08033542921004991,0.16666666666666666,0.0,0.6363636363636365
networkdgd,3.0,0.1,0,0.1095877516538858,0.09639007488754492,0.0,0.0,0.5,0.038871417928461036,0.04021959008316089,0.0,0.0,0.4166666666666667,0.056388558077265144,0.05465086221077458,0.0,0.0,0.45454545454545453
networkdgd,3.0,0.1,0.1,0.12202077358899256,0.09812974982508606,0.0,0.0,0.5,0.04324957603735598,0.040267386551975023,0.0,0.0,0.25,0.06272011839319815,0.055142338729671704,0.0,0.0,0.30303030303030304
networkdgd,3.0,0.1,0.25,0.12838529558786435,0.09894905464043414,0.0,0.0,0.5,0.04545190125180344,0.041948634149913566,0.0,0.0,0.3333333333333333,0.06592137755928403,0.05675081751266885,0.0,0.0,0.4
networkdgd,3.0,0.1,0.5,0.1488734892022439,0.1018095524586382,0.0,0.0,0.5238095238095238,0.05241639764941178,0.04197146517810885,0.0,0.0,0.2631578947368421,0.07617893951464012,0.057418375731887246,0.0,0.0,0.3448275862068966
networkdgd,3.0,0.1,0.75,0.16955750646475307,0.10883288200345304,0.0,0.0,0.5555555555555556,0.05965886082444557,0.04539760260402322,0.0,0.0,0.23684210526315788,0.08678677671235993,0.06216329036140161,0.0,0.0,0.3125
networkdgd,3.0,0.1,1.0,0.19688810787205602,0.11361794382592337,0.0,0.0,0.6,0.06862749883478178,0.0494682816760567,0.0,0.0,0.3157894736842105,0.09990563575932056,0.06655661821981707,0.0,0.0,0.41379310344827586
networkdgd,3.0,0.1,2.0,0.302059196106025,0.11740735666810233,0.3333333333333333,0.0,0.8,0.10323732032140259,0.054952918914289786,0.0,0.0,0.4166666666666667,0.15105750861985356,0.07209673342743056,0.0,0.0,0.47058823529411764
networkdgd,3.0,0.1,3.0,0.3822551823126364,0.12400562857237933,0.3333333333333333,0.0,1.0,0.12870509038895483,0.05957675651399433,0.14285714285714285,0.0,0.5,0.18884541942961058,0.07644364915512371,0.2222222222222222,0.0,0.5454545454545454
networkdgd,3.0,0.1,5.0,0.4259483453467707,0.1345494945919511,0.5,0.0,1.0,0.14282040852797528,0.06446556633194146,0.14285714285714285,0.0,0.5833333333333334,0.2097950001015178,0.08255869805289343,0.16666666666666666,0.0,0.6363636363636365
networkdgd,3.0,0.25,0,0.12046882917179187,0.09679359957264129,0.0,0.0,0.75,0.042821426559518344,0.040184770868578745,0.0,0.0,0.375,0.0621108212437988,0.055023999854560975,0.0,0.0,0.5
networkdgd,3.0,0.25,0.1,0.13494546015981176,0.0988764905880545,0.0,0.0,0.5,0.04795726656369618,0.04187424876759257,0.0,0.0,0.3333333333333333,0.06948593110843677,0.056635834824859316,0.0,0.0,0.3636363636363636
networkdgd,3.0,0.25,0.25,0.1407784396503306,0.10204684662143614,0.0,0.0,0.6,0.05024745941756608,0.04345928585906739,0.0,0.0,0.2631578947368421,0.07275713359935196,0.05898191651921445,0.0,0.0,0.35000000000000003
networkdgd,3.0,0.25,0.5,0.15943912597999424,0.10392574988381441,0.0,0.0,0.6,0.05586520847751427,0.04348805963687009,0.0,0.0,0.2608695652173913,0.08122433048677778,0.059115474320584026,0.0,0.0,0.3428571428571428
networkdgd,3.0,0.25,0.75,0.18760569554205245,0.11322081775169884,0.0,0.0,0.6666666666666666,0.06446848027366747,0.04596641698160548,0.0,0.0,0.2857142857142857,0.09416424586263783,0.06252518132012652,0.0,0.0,0.4
networkdgd,3.0,0.25,1.0,0.20535796698688163,0.11504015448278157,0.0,0.0,0.7,0.07132396995102937,0.05129007603808844,0.0,0.0,0.5833333333333334,0.10383732601659594,0.06769897674305302,0.0,0.0,0.6363636363636365
networkdgd,3.0,0.25,2.0,0.3212403141987776,0.11950413292290005,0.3333333333333333,0.0,0.8333333333333334,0.10959418284926069,0.05840393162564163,0.14285714285714285,0.0,0.5833333333333334,0.16034899766624788,0.07546271143548437,0.0,0.0,0.6363636363636365
networkdgd,3.0,0.25,3.0,0.38970387537583256,0.12777567787545857,0.5,0.0,1.0,0.13128240811111916,0.060863575840276025,0.2,0.0,0.5,0.19256992666095263,0.0779661395406371,0.16666666666666666,0.0,0.5454545454545454
networkdgd,3.0,0.25,5.0,0.4276925657355821,0.1350010689469196,0.5,0.0,1.0,0.1432135365225783,0.06314186100945529,0.14285714285714285,0.0,0.5833333333333334,0.2105263688168263,0.08120629889248715,0.25,0.0,0.6363636363636365
networkdgd,3.0,0.5,0,0.1373607843779069,0.10075842484464236,0.0,0.0,0.5,0.04870911827649844,0.04249274199027127,0.0,0.0,0.3,0.0706008338852995,0.05757885732727425,0.0,0.0,0.3636363636363637
networkdgd,3.0,0.5,0.1,0.14872671535452833,0.09782081889100674,0.0,0.0,0.5,0.05181661779969392,0.04031983016823026,0.0,0.0,0.25,0.07549943774007158,0.0549001526518954,0.0,0.0,0.3125
networkdgd,3.0,0.5,0.25,0.16272785661438888,0.10520772260183192,0.0,0.0,0.75,0.056121550299264564,0.041905001801595385,0.0,0.0,0.3,0.081839559777582,0.05716523751323612,0.0,0.0,0.3636363636363637
networkdgd,3.0,0.5,0.5,0.18680289405553832,0.11066786037381741,0.0,0.0,0.6666666666666666,0.06550031016360172,0.04908543669042714,0.0,0.0,0.3333333333333333,0.09518877182124966,0.06557498300671916,0.0,0.0,0.3870967741935484
networkdgd,3.0,0.5,0.75,0.20998399198353118,0.1129769761209891,0.0,0.0,0.7142857142857143,0.07213101549625668,0.049107920192028476,0.0,0.0,0.5,0.10544589050108645,0.06547384484756803,0.0,0.0,0.5454545454545454
networkdgd,3.0,0.5,1.0,0.23363899450336817,0.11225500908552788,0.3333333333333333,0.0,0.6666666666666666,0.08071335679980593,0.05083977852340773,0.0,0.0,0.3333333333333333,0.11779243101660584,0.06748513071906906,0.0,0.0,0.37499999999999994
networkdgd,3.0,0.5,2.0,0.3274660027065882,0.1194839344233335,0.3333333333333333,0.0,1.0,0.11098507524208882,0.0542312530505198,0.1111111111111111,0.0,0.4166666666666667,0.16264098597913784,0.0705416409563315,0.125,0.0,0.45454545454545453
networkdgd,3.0,0.5,3.0,0.38884747418468046,0.1297374250656391,0.3333333333333333,0.0,1.0,0.13020753699472706,0.0591362206694954,0.1111111111111111,0.0,0.5,0.1913050302931861,0.07628316797024173,0.16666666666666666,0.0,0.5454545454545454
networkdgd,3.0,0.5,5.0,0.43243648238687815,0.13534887897913206,0.5,0.0,1.0,0.14448755366749086,0.06313495626062406,0.2,0.0,0.5833333333333334,0.2124657781215347,0.08113454597225121,0.26666666666666666,0.0,0.6363636363636365
networkdgd,3.0,0.75,0,0.15345996252463684,0.10278705743138136,0.0,0.0,0.5714285714285714,0.05349827422616006,0.04293362352955815,0.0,0.0,0.3333333333333333,0.0778516633541274,0.05801219598396485,0.0,0.0,0.3636363636363636
networkdgd,3.0,0.75,0.1,0.16513846694785653,0.10101146600725697,0.0,0.0,0.5555555555555556,0.05771170900729322,0.042994307214863574,0.0,0.0,0.2777777777777778,0.08392279676416813,0.058209087938280515,0.0,0.0,0.3703703703703704
networkdgd,3.0,0.75,0.25,0.17480657948465494,0.10506533174683001,0.0,0.0,0.6666666666666666,0.060037083086097544,0.042564087651582934,0.0,0.0,0.2222222222222222,0.08773987173875855,0.058277566057650505,0.0,0.0,0.3
networkdgd,3.0,0.75,0.5,0.20236105220029527,0.10996067841200169,0.0,0.0,0.6666666666666666,0.07066168063133957,0.04820684262506031,0.0,0.0,0.3684210526315789,0.10292795551611673,0.06506235172005524,0.0,0.0,0.4745762711864407
networkdgd,3.0,0.75,0.75,0.233961885451992,0.10966810988200268,0.25,0.0,0.6666666666666666,0.0799632246568215,0.0491957596381193,0.0,0.0,0.2916666666666667,0.11688180597618666,0.06517837795461016,0.0,0.0,0.4
networkdgd,3.0,0.75,1.0,0.2503305607176921,0.10863534913473635,0.3333333333333333,0.0,0.6666666666666666,0.08562156010714171,0.04877211602929834,0.0,0.0,0.2962962962962963,0.1251883478557356,0.06437591451768578,0.0,0.0,0.36363636363636365
networkdgd,3.0,0.75,2.0,0.34022927346269527,0.1089853388724015,0.3333333333333333,0.0,0.8,0.11450007368145607,0.052590624969161705,0.1,0.0,0.35,0.16807487513449862,0.06787005011134462,0.13333333333333333,0.0,0.47058823529411764
networkdgd,3.0,0.75,3.0,0.39186666225983985,0.12212787346058913,0.5,0.0,1.0,0.13171731027049335,0.05935864358012616,0.2,0.0,0.5833333333333334,0.19331960922349484,0.07538220447886113,0.26666666666666666,0.0,0.6363636363636365
networkdgd,3.0,0.75,5.0,0.43211908151549744,0.13456694503285302,0.5,0.0,1.0,0.14464684019956423,0.06336893960051422,0.2,0.0,0.5833333333333334,0.2124983374547943,0.08078854085312853,0.2,0.0,0.6363636363636365
networkdgd,3.0,1.0,0,0.17628135857970778,0.10246792378218189,0.0,0.0,0.625,0.06134121081032832,0.04414865014923174,0.0,0.0,0.2857142857142857,0.08932472148226199,0.0591976266898396,0.0,0.0,0.3243243243243243
networkdgd,3.0,1.0,0.1,0.18428561935297827,0.10065393881717775,0.0,0.0,0.6666666666666666,0.0631045733250423,0.0427687629211592,0.0,0.0,0.2916666666666667,0.09231029947283004,0.05779857649303046,0.0,0.0,0.3783783783783784
networkdgd,3.0,1.0,0.25,0.20425752659587046,0.10625139580377452,0.0,0.0,0.6,0.07085070386740355,0.047334271647969446,0.0,0.0,0.3,0.10329488623151609,0.06340922614027908,0.0,0.0,0.4
networkdgd,3.0,1.0,0.5,0.2171958763060004,0.1052241977810862,0.25,0.0,0.5714285714285714,0.0751779363413095,0.04730631370614188,0.0,0.0,0.34782608695652173,0.1096769152135705,0.06302612245649611,0.0,0.0,0.4324324324324324
networkdgd,3.0,1.0,0.75,0.24314791449080184,0.10761433216728616,0.25,0.0,0.6666666666666666,0.08283507172374832,0.04716468996195481,0.0,0.0,0.29411764705882354,0.12137031835387983,0.06315565749108817,0.0,0.0,0.3846153846153846
networkdgd,3.0,1.0,1.0,0.26975337857750276,0.10310135393640299,0.3333333333333333,0.0,1.0,0.0917732501847745,0.04873311830885914,0.1,0.0,0.42857142857142855,0.13442073564757787,0.06403116111189196,0.0,0.0,0.6
networkdgd,3.0,1.0,2.0,0.34491007811058877,0.11315051110807671,0.3333333333333333,0.0,0.75,0.11730322723549927,0.05889019159983737,0.14285714285714285,0.0,0.5833333333333334,0.17172927134119298,0.0748076621565587,0.18181818181818182,0.0,0.6363636363636365
networkdgd,3.0,1.0,3.0,0.3886544061788893,0.12293436316440427,0.3333333333333333,0.0,1.0,0.13092177303862887,0.06138703248286475,0.1111111111111111,0.0,0.6666666666666666,0.19211763887048247,0.07806783542594035,0.16666666666666666,0.0,0.7272727272727272
networkdgd,3.0,1.0,5.0,0.43178346404032053,0.13520465969479992,0.5,0.0,1.0,0.14480148253823835,0.06443899006867328,0.14285714285714285,0.0,0.5833333333333334,0.2126391840574062,0.08181418204678272,0.25,0.0,0.6363636363636365
networkdgd,3.0,2.0,0,0.2348658856491007,0.103321339254229,0.25,0.0,0.6666666666666666,0.07970989418918473,0.044618215409827876,0.0,0.0,0.3157894736842105,0.11683997632516546,0.05981868501938463,0.0,0.0,0.41379310344827586
networkdgd,3.0,2.0,0.1,0.24102009866922006,0.10230872162344606,0.25,0.0,0.6190476190476191,0.08204667750007229,0.04469796113489879,0.0,0.0,0.2857142857142857,0.12017301984560275,0.05955225029242766,0.0,0.0,0.36363636363636365
networkdgd,3.0,2.0,0.25,0.25231343653502747,0.10411398106331983,0.3333333333333333,0.0,0.6666666666666666,0.08527304730105702,0.047432568803831,0.0,0.0,0.34782608695652173,0.1250153573627174,0.0623047051028159,0.0,0.0,0.4571428571428571
networkdgd,3.0,2.0,0.5,0.2676505577735358,0.10444304471694013,0.25,0.0,0.7,0.09054836842510562,0.04647753683444261,0.1111111111111111,0.0,0.3333333333333333,0.13275764832577175,0.0611893816327721,0.13333333333333333,0.0,0.42424242424242425
networkdgd,3.0,2.0,0.75,0.28485428951753683,0.10462848475382644,0.3333333333333333,0.0,1.0,0.0963055177845563,0.04758186642887214,0.1111111111111111,0.0,0.42857142857142855,0.14129312310622788,0.06279009946077045,0.13333333333333333,0.0,0.6
networkdgd,3.0,2.0,1.0,0.29342315191676893,0.10527031203918741,0.3333333333333333,0.0,0.7142857142857143,0.09855941878429555,0.04604442574839068,0.1,0.0,0.2857142857142857,0.14490495258450733,0.06119238020335818,0.0,0.0,0.4
networkdgd,3.0,2.0,2.0,0.35433622259440817,0.12052753097189811,0.3333333333333333,0.0,1.0,0.11926798713565957,0.05684863902506517,0.14285714285714285,0.0,0.42857142857142855,0.17496926245738215,0.07325293245192246,0.13333333333333333,0.0,0.6
networkdgd,3.0,2.0,3.0,0.3948311803728411,0.12537869627405127,0.5,0.0,1.0,0.1322645234226591,0.059799445168022575,0.14285714285714285,0.0,0.5833333333333334,0.1943001315813574,0.07648442388491203,0.16666666666666666,0.0,0.6363636363636365
networkdgd,3.0,2.0,5.0,0.43335680813406957,0.13124208564851655,0.5,0.0,1.0,0.14505851557771096,0.06375060821200947,0.2,0.0,0.5833333333333334,0.2131770228995873,0.08111692206285781,0.16666666666666666,0.0,0.6363636363636365
networkdgd,3.0,3.0,0,0.25689605403481175,0.10530141991695888,0.3333333333333333,0.0,1.0,0.0866114506980315,0.04698562793582077,0.1111111111111111,0.0,0.42857142857142855,0.12710573057415891,0.06245903012556232,0.0,0.0,0.6
networkdgd,3.0,3.0,0.1,0.26738910854968984,0.10344522359346964,0.25,0.0,1.0,0.09000451835439251,0.047504804351170236,0.09090909090909091,0.0,0.42857142857142855,0.1321215083011796,0.06249055901302288,0.13333333333333333,0.0,0.6
networkdgd,3.0,3.0,0.25,0.2729657954222001,0.10459244924418608,0.3333333333333333,0.0,1.0,0.09161735013889193,0.04724336560231166,0.07692307692307693,0.0,0.42857142857142855,0.13457041630857045,0.06231121127771357,0.13333333333333333,0.0,0.6
networkdgd,3.0,3.0,0.5,0.2839181769463148,0.10685202120832998,0.3333333333333333,0.0,1.0,0.09520038438473157,0.04789439460979048,0.09090909090909091,0.0,0.42857142857142855,0.1399056361982201,0.06343061990582186,0.14285714285714285,0.0,0.6
networkdgd,3.0,3.0,0.75,0.2925227570269703,0.10334172665301235,0.3333333333333333,0.0,1.0,0.09793180673193405,0.0461575166852723,0.09090909090909091,0.0,0.42857142857142855,0.1439898716944508,0.06091571943877151,0.13333333333333333,0.0,0.6
networkdgd,3.0,3.0,1.0,0.3034351075737431,0.10457992913012401,0.3333333333333333,0.0,1.0,0.10177444779862115,0.04835126518342685,0.1111111111111111,0.0,0.42857142857142855,0.14960412279795243,0.0635142670237632,0.14285714285714285,0.0,0.6
networkdgd,3.0,3.0,2.0,0.3458455621389635,0.11567903143661798,0.3333333333333333,0.0,1.0,0.11570108378168963,0.05361453543607124,0.1111111111111111,0.0,0.42857142857142855,0.17010828152698873,0.07007835588113973,0.2222222222222222,0.0,0.6
networkdgd,3.0,3.0,3.0,0.38827299757060263,0.12596885583013193,0.3333333333333333,0.0,1.0,0.1297026572447602,0.05820547116225694,0.14285714285714285,0.0,0.5833333333333334,0.19066971650786146,0.07463764275968576,0.2222222222222222,0.0,0.6363636363636365
networkdgd,3.0,3.0,5.0,0.42966841392261745,0.13144895441769508,0.5,0.0,1.0,0.14398870933412156,0.06469765543953636,0.2,0.0,0.6666666666666666,0.2115818234336961,0.08234431457215861,0.26666666666666666,0.0,0.7272727272727272
networkdgd,3.0,5.0,0,0.27638448897095547,0.104358792270217,0.3333333333333333,0.0,1.0,0.0922880867795999,0.04602159303670355,0.1111111111111111,0.0,0.42857142857142855,0.13566357330138915,0.060620222224111876,0.13333333333333333,0.0,0.6
networkdgd,3.0,5.0,0.1,0.2765021588804651,0.10746973407376471,0.3333333333333333,0.0,1.0,0.09236692004570228,0.04694444878661139,0.09090909090909091,0.0,0.42857142857142855,0.13585910708447246,0.06244576714432751,0.13333333333333333,0.0,0.6
networkdgd,3.0,5.0,0.25,0.2849570192302764,0.1071706574245641,0.3333333333333333,0.0,0.7,0.09563225578823759,0.04836388802809074,0.1111111111111111,0.0,0.3684210526315789,0.14044012222027075,0.06352728161716525,0.13333333333333333,0.0,0.48275862068965514
networkdgd,3.0,5.0,0.5,0.2889213446332326,0.11474117829660109,0.3333333333333333,0.0,1.0,0.09648690798379322,0.048632017108326875,0.09090909090909091,0.0,0.42857142857142855,0.14187467307504306,0.06456202754213065,0.13333333333333333,0.0,0.6
networkdgd,3.0,5.0,0.75,0.2990707290277277,0.11055380735981832,0.3333333333333333,0.0,1.0,0.09993021842243556,0.048812736551232326,0.1111111111111111,0.0,0.42857142857142855,0.14697507395069653,0.06448454008221641,0.13333333333333333,0.0,0.6
networkdgd,3.0,5.0,1.0,0.30427154723736266,0.1095606878950588,0.3333333333333333,0.0,1.0,0.1015561925902107,0.04857008214073218,0.09090909090909091,0.0,0.42857142857142855,0.14935029269162867,0.06382403609897291,0.125,0.0,0.6
networkdgd,3.0,5.0,2.0,0.3335862619869718,0.11442877681184631,0.3333333333333333,0.0,1.0,0.1109113726260819,0.049917412913038126,0.1111111111111111,0.0,0.42857142857142855,0.1632904590936022,0.06556839099227077,0.15384615384615383,0.0,0.6
networkdgd,3.0,5.0,3.0,0.3642929635123292,0.12257862999069201,0.3333333333333333,0.0,1.0,0.121765099038353,0.056746615882713604,0.1111111111111111,0.0,0.42857142857142855,0.17899512389285793,0.07354992059714847,0.2,0.0,0.6
networkdgd,3.0,5.0,5.0,0.4097558016505556,0.12953859020833536,0.5,0.0,1.0,0.13687793672565737,0.060725214936358234,0.1111111111111111,0.0,0.5,0.2013268572529356,0.07858729051218089,0.25,0.0,0.6
networkdgd,5.0,0,0,0.10213575221785522,0.08796675948661359,0.0,0.0,0.5,0.03580070547023154,0.0337914449838501,0.0,0.0,0.2,0.05210451427784267,0.04714746713394705,0.0,0.0,0.28571428571428575
networkdgd,5.0,0,0.1,0.10177888436049713,0.0911451437162425,0.0,0.0,0.5,0.03550878051787505,0.0356555598577689,0.0,0.0,0.21739130434782608,0.051740596056337185,0.04958480849471843,0.0,0.0,0.3
networkdgd,5.0,0,0.25,0.11571928103710592,0.09627748712820956,0.0,0.0,0.5714285714285714,0.04122426422106386,0.039510573835458564,0.0,0.0,0.2631578947368421,0.05973435499096264,0.05422323652536553,0.0,0.0,0.3389830508474576
networkdgd,5.0,0,0.5,0.13039107904293698,0.10178012006823971,0.0,0.0,0.6666666666666666,0.046504867805907846,0.041991546905481694,0.0,0.0,0.23529411764705882,0.06739896464935634,0.05775848554778254,0.0,0.0,0.3333333333333333
networkdgd,5.0,0,0.75,0.15329778488151946,0.10656331569984147,0.0,0.0,0.75,0.05379315160968924,0.04531377627155372,0.0,0.0,0.3,0.07809643055649153,0.061253937215540774,0.0,0.0,0.37499999999999994
networkdgd,5.0,0,1.0,0.16370285814391275,0.10931790497790986,0.0,0.0,0.6666666666666666,0.05697897107328416,0.04447517970505953,0.0,0.0,0.3333333333333333,0.08305584041806609,0.060727108891499265,0.0,0.0,0.3783783783783784
networkdgd,5.0,0,2.0,0.2882657534947523,0.12466681396407082,0.3333333333333333,0.0,0.75,0.09874050665992261,0.05644252553723091,0.0,0.0,0.4166666666666667,0.14429420847144497,0.07417397530814672,0.0,0.0,0.45454545454545453
networkdgd,5.0,0,3.0,0.36720099004524337,0.12696358628323895,0.3333333333333333,0.0,1.0,0.12403366410276326,0.060000737838669084,0.14285714285714285,0.0,0.5,0.18191139216169822,0.0777484252911908,0.2222222222222222,0.0,0.5454545454545454
networkdgd,5.0,0,5.0,0.419312721964192,0.13703795230334448,0.5,0.0,1.0,0.14055634307853637,0.06383921487626522,0.1111111111111111,0.0,0.5833333333333334,0.2065333707600326,0.08252476681661651,0.2,0.0,0.6363636363636365
networkdgd,5.0,0.1,0,0.10524054324153125,0.09101965900002056,0.0,0.0,0.5,0.03757801146279172,0.03679112816086174,0.0,0.0,0.21052631578947367,0.05441890888175544,0.05068755592408081,0.0,0.0,0.28571428571428575
networkdgd,5.0,0.1,0.1,0.1062898961097624,0.08993562434604047,0.0,0.0,0.5,0.03744950831999914,0.03684805914934709,0.0,0.0,0.23076923076923078,0.05439952297288661,0.05066185389982871,0.0,0.0,0.3157894736842105
networkdgd,5.0,0.1,0.25,0.1153166151721791,0.09056313544056101,0.0,0.0,0.5,0.040189376965905854,0.03674422126060348,0.0,0.0,0.25,0.058544241315893,0.050618569772227805,0.0,0.0,0.3333333333333333
networkdgd,5.0,0.1,0.5,0.13697828654460595,0.09992272402519325,0.0,0.0,0.5,0.04869571693332517,0.0418076921870955,0.0,0.0,0.2608695652173913,0.07054838082228575,0.05699642521052263,0.0,0.0,0.3428571428571428
networkdgd,5.0,0.1,0.75,0.1604747218466986,0.11171138388331633,0.0,0.0,0.6666666666666666,0.056142547778859374,0.04506323577925158,0.0,0.0,0.26666666666666666,0.08177081153477053,0.06175759377870206,0.0,0.0,0.33333333333333337
networkdgd,5.0,0.1,1.0,0.1824076813990907,0.11221074664157646,0.0,0.0,0.6666666666666666,0.0630142357430015,0.04710659098113411,0.0,0.0,0.5,0.09187624629712336,0.06286716113904224,0.0,0.0,0.5454545454545454
networkdgd,5.0,0.1,2.0,0.28910697129273816,0.12021923364615875,0.3333333333333333,0.0,0.75,0.09817061437674397,0.0525556568210173,0.0,0.0,0.4166666666666667,0.14391017094600136,0.06956428895376199,0.0,0.0,0.45454545454545453
networkdgd,5.0,0.1,3.0,0.37071054854852625,0.12697186544300554,0.3333333333333333,0.0,1.0,0.125293581575558,0.061157668194110955,0.1111111111111111,0.0,0.5833333333333334,0.18368516155497364,0.07836313145973127,0.16666666666666666,0.0,0.6363636363636365
networkdgd,5.0,0.1,5.0,0.41900056374877825,0.130993068470543,0.5,0.0,0.8,0.1406134729531476,0.06294497943676872,0.2,0.0,0.5833333333333334,0.20654807191155122,0.08065514025770854,0.16666666666666666,0.0,0.6363636363636365
networkdgd,5.0,0.25,0,0.10657144415733287,0.09147563406514696,0.0,0.0,0.5555555555555556,0.03794396010279721,0.03729240468085041,0.0,0.0,0.2608695652173913,0.0550571967176156,0.05146435267424775,0.0,0.0,0.33333333333333337
networkdgd,5.0,0.25,0.1,0.11643915908630878,0.09423920433423598,0.0,0.0,0.6,0.041295830196999665,0.037977156625530535,0.0,0.0,0.22727272727272727,0.05997943277110795,0.05256001902343943,0.0,0.0,0.3125
networkdgd,5.0,0.25,0.25,0.1281849594495587,0.09693229855194863,0.0,0.0,0.6666666666666666,0.045060321209945346,0.04118606529837156,0.0,0.0,0.3333333333333333,0.06535730256256717,0.05526656416713002,0.0,0.0,0.4
networkdgd,5.0,0.25,0.5,0.14822141530683036,0.10267146579394727,0.0,0.0,0.625,0.052176670785204694,0.043737705655136225,0.0,0.0,0.25,0.07577195060442987,0.05917663002617389,0.0,0.0,0.35714285714285715
networkdgd,5.0,0.25,0.75,0.17418424207293776,0.10463804022857837,0.0,0.0,0.5833333333333334,0.06053862173750149,0.044228420874625675,0.0,0.0,0.3333333333333333,0.08823793881685232,0.05972823859907177,0.0,0.0,0.3636363636363636
networkdgd,5.0,0.25,1.0,0.20242195987918707,0.11637698202661881,0.0,0.0,0.6,0.07058738271209881,0.05103853865316113,0.0,0.0,0.5,0.102739155600578,0.06805399769558729,0.0,0.0,0.5454545454545454
networkdgd,5.0,0.25,2.0,0.30466836082316884,0.12031400897250245,0.3333333333333333,0.0,0.7142857142857143,0.1038294094355369,0.05492440637522366,0.0,0.0,0.4166666666666667,0.15208641806455853,0.07241639107455494,0.0,0.0,0.45454545454545453
networkdgd,5.0,0.25,3.0,0.36885151610909817,0.12666235558123615,0.3333333333333333,0.0,1.0,0.1243604710637537,0.05965359814617968,0.14285714285714285,0.0,0.5,0.18247990931249042,0.07723712436870853,0.13333333333333333,0.0,0.5454545454545454
networkdgd,5.0,0.25,5.0,0.4248884216728718,0.1302449796350428,0.5,0.0,1.0,0.14218054638553254,0.06238325530510222,0.14285714285714285,0.0,0.5833333333333334,0.20896916211539704,0.07969459895463346,0.25,0.0,0.6363636363636365
networkdgd,5.0,0.5,0,0.1222248640326625,0.0990567562961134,0.0,0.0,0.5,0.043152430786612996,0.04028427975238467,0.0,0.0,0.2777777777777778,0.0626958533744221,0.055291338847072914,0.0,0.0,0.3448275862068966
networkdgd,5.0,0.5,0.1,0.1327235125624201,0.0959026647628958,0.0,0.0,0.5714285714285714,0.046464637441594084,0.039458999022593345,0.0,0.0,0.3333333333333333,0.06767718010225524,0.05405901444299646,0.0,0.0,0.4210526315789474
networkdgd,5.0,0.5,0.25,0.14566172233783398,0.09965509029399026,0.0,0.0,0.5,0.05100616078436279,0.041920096460125955,0.0,0.0,0.30434782608695654,0.07418485877840598,0.05693751751905325,0.0,0.0,0.3783783783783784
networkdgd,5.0,0.5,0.5,0.15947614627970086,0.10363121269494381,0.0,0.0,0.625,0.05553824335200072,0.042670629480990964,0.0,0.0,0.2857142857142857,0.08090731352764215,0.05824702780776765,0.0,0.0,0.36363636363636365
networkdgd,5.0,0.5,0.75,0.19381301558577846,0.10800894903134346,0.0,0.0,0.6,0.0674217985166086,0.047498403617817826,0.0,0.0,0.3333333333333333,0.09817784874251136,0.06317622642851949,0.0,0.0,0.3703703703703704
networkdgd,5.0,0.5,1.0,0.2277980943992202,0.11099732167758637,0.25,0.0,0.6666666666666666,0.07809530916694313,0.04730078580524358,0.0,0.0,0.30434782608695654,0.11424396353805928,0.06372606260421564,0.0,0.0,0.3888888888888889
networkdgd,5.0,0.5,2.0,0.32091682688884887,0.11425101788703147,0.3333333333333333,0.0,0.7142857142857143,0.10923109481298388,0.05541717111723237,0.1,0.0,0.4166666666666667,0.15983072823475203,0.0714110188334077,0.13333333333333333,0.0,0.45454545454545453
networkdgd,5.0,0.5,3.0,0.37960100760503684,0.11746079323877746,0.3333333333333333,0.0,0.8,0.12771875504136257,0.05810860274574705,0.14285714285714285,0.0,0.5,0.1874560421573957,0.07415831702677125,0.2,0.0,0.5454545454545454
networkdgd,5.0,0.5,5.0,0.4268077365224833,0.13414258661222506,0.5,0.0,1.0,0.14271907184300175,0.06265552996841456,0.2,0.0,0.5833333333333334,0.20978580330907176,0.08031484203560411,0.16666666666666666,0.0,0.6363636363636365
networkdgd,5.0,0.75,0,0.14189929127743098,0.0974916206730072,0.0,0.0,0.5714285714285714,0.04995835428432852,0.0413750057727289,0.0,0.0,0.26666666666666666,0.07255657564908438,0.05599066054614113,0.0,0.0,0.36363636363636365
networkdgd,5.0,0.75,0.1,0.14794798541206483,0.09952414225340618,0.0,0.0,0.5,0.05174884054136986,0.04100075904283596,0.0,0.0,0.25,0.07535195366106812,0.05634743167355134,0.0,0.0,0.3333333333333333
networkdgd,5.0,0.75,0.25,0.16081079643446006,0.09506285077302265,0.0,0.0,0.5,0.055754237642278964,0.04087012733959187,0.0,0.0,0.3,0.08125295757258862,0.054752131928748456,0.0,0.0,0.3636363636363637
networkdgd,5.0,0.75,0.5,0.18614163627538285,0.10429628095262228,0.0,0.0,0.6,0.06470853164957714,0.045849143943274086,0.0,0.0,0.3,0.09419875738076842,0.06122970566250987,0.0,0.0,0.37499999999999994
networkdgd,5.0,0.75,0.75,0.2125819446121067,0.10715605692575095,0.25,0.0,1.0,0.0722625430965766,0.044214856042049874,0.0,0.0,0.3,0.10583457166810264,0.05958475887640347,0.0,0.0,0.37499999999999994
networkdgd,5.0,0.75,1.0,0.24066765652348632,0.11117869075831141,0.3333333333333333,0.0,0.75,0.0819916566485058,0.047872538268948044,0.0,0.0,0.3,0.12000185224485097,0.06390677608897162,0.0,0.0,0.4
networkdgd,5.0,0.75,2.0,0.32872669721760767,0.11264873536524012,0.3333333333333333,0.0,1.0,0.11129017316788019,0.05316595433557739,0.14285714285714285,0.0,0.3333333333333333,0.16310703306273458,0.06883752707895156,0.13333333333333333,0.0,0.4
networkdgd,5.0,0.75,3.0,0.3862377636041613,0.11946959458857011,0.3333333333333333,0.0,1.0,0.12955193534867515,0.057907319831059095,0.1111111111111111,0.0,0.5833333333333334,0.19027548105650724,0.0736015989939034,0.26666666666666666,0.0,0.6363636363636365
networkdgd,5.0,0.75,5.0,0.42677914017156443,0.12805782455896167,0.5,0.0,0.8571428571428571,0.14263683856720405,0.06147748353772079,0.14285714285714285,0.0,0.5833333333333334,0.20978284940374278,0.07875894578927745,0.16666666666666666,0.0,0.6363636363636365
networkdgd,5.0,1.0,0,0.1620883627882724,0.0978769448656114,0.0,0.0,0.5,0.056552360026531086,0.04124360583365009,0.0,0.0,0.2777777777777778,0.08233886849841122,0.05596029950621567,0.0,0.0,0.33333333333333337
networkdgd,5.0,1.0,0.1,0.16823154407389676,0.09862715218293784,0.0,0.0,0.5714285714285714,0.05776803519375384,0.04061243969290734,0.0,0.0,0.3333333333333333,0.0844530451326306,0.05511464367023204,0.0,0.0,0.3636363636363636
networkdgd,5.0,1.0,0.25,0.18878726940136584,0.098227104592001,0.0,0.0,0.6,0.06480338880388864,0.042918464030060235,0.0,0.0,0.30434782608695654,0.09464058923801559,0.057514380645800944,0.0,0.0,0.4
networkdgd,5.0,1.0,0.5,0.20815091224643326,0.10045462871363742,0.25,0.0,0.6666666666666666,0.071172343903953,0.04368390404679285,0.0,0.0,0.3333333333333333,0.10405385809962278,0.05793246580578228,0.0,0.0,0.4
networkdgd,5.0,1.0,0.75,0.22905852028425228,0.1054543759711684,0.25,0.0,0.6,0.07845697238935158,0.04608815171417359,0.0,0.0,0.3333333333333333,0.11479774231057852,0.061471869059465216,0.0,0.0,0.36363636363636365
networkdgd,5.0,1.0,1.0,0.25464345679647454,0.10731201764715294,0.3333333333333333,0.0,0.625,0.08666327802540619,0.04834780263601195,0.0,0.0,0.2857142857142857,0.12688456656026473,0.06423767834158284,0.0,0.0,0.3703703703703704
networkdgd,5.0,1.0,2.0,0.3375671249221188,0.11108680969472406,0.3333333333333333,0.0,1.0,0.1142078148757151,0.054486683007815756,0.1,0.0,0.4166666666666667,0.1673925915639722,0.06985980068554451,0.18181818181818182,0.0,0.5263157894736842
networkdgd,5.0,1.0,3.0,0.38516842424710346,0.12268748025205221,0.3333333333333333,0.0,1.0,0.12952377591295147,0.05874136961913045,0.14285714285714285,0.0,0.5,0.19023617713319563,0.07579377139897576,0.2222222222222222,0.0,0.5454545454545454
networkdgd,5.0,1.0,5.0,0.42843145126650384,0.1325826396116795,0.5,0.0,1.0,0.14355506491929443,0.06328245811537361,0.14285714285714285,0.0,0.5833333333333334,0.21092400737720435,0.0808322025432867,0.25,0.0,0.6363636363636365
networkdgd,5.0,2.0,0,0.22353035456926962,0.10009759349254924,0.25,0.0,0.8,0.07550187204694925,0.04340920721374394,0.0,0.0,0.42857142857142855,0.11080471011965282,0.058113770470242986,0.0,0.0,0.5454545454545454
networkdgd,5.0,2.0,0.1,0.23430108997636423,0.10645467921590018,0.25,0.0,1.0,0.08031769972772143,0.0480180772166703,0.0,0.0,0.42857142857142855,0.1173620996366061,0.06375476127682762,0.0,0.0,0.6
networkdgd,5.0,2.0,0.25,0.2392051116760275,0.10496826412237249,0.25,0.0,1.0,0.08096258163718778,0.045751849060531265,0.0,0.0,0.42857142857142855,0.11883873447392229,0.06146789044679145,0.0,0.0,0.6
networkdgd,5.0,2.0,0.5,0.25772651211668135,0.10295617631856833,0.25,0.0,0.6666666666666666,0.08732736046862212,0.0473920154250513,0.0,0.0,0.3333333333333333,0.12793757710629014,0.06162015399092328,0.0,0.0,0.4
networkdgd,5.0,2.0,0.75,0.2698240714667352,0.10450534470877203,0.25,0.0,0.6666666666666666,0.09107737407481108,0.04632406581697658,0.1,0.0,0.30434782608695654,0.13363405959221186,0.061577460461650226,0.13333333333333333,0.0,0.4
networkdgd,5.0,2.0,1.0,0.28688597771907764,0.11046469568237957,0.3333333333333333,0.0,1.0,0.09655252588980506,0.04882291645154748,0.1111111111111111,0.0,0.2857142857142857,0.14172773828846988,0.06434211511895872,0.0,0.0,0.4
networkdgd,5.0,2.0,2.0,0.3433993995417516,0.11966397919287669,0.3333333333333333,0.0,1.0,0.11536752613790685,0.05464088623983243,0.1111111111111111,0.0,0.42857142857142855,0.16941522853185392,0.07131087668405807,0.16666666666666666,0.0,0.6
networkdgd,5.0,2.0,3.0,0.3901013148242339,0.12686690408551496,0.3333333333333333,0.0,1.0,0.13044635560818196,0.0599340223603093,0.14285714285714285,0.0,0.5,0.19172571181311374,0.07713423062794818,0.14285714285714285,0.0,0.6
networkdgd,5.0,2.0,5.0,0.42896904302592526,0.12980842236878917,0.5,0.0,1.0,0.14340222097477187,0.06275488000925146,0.14285714285714285,0.0,0.5833333333333334,0.21086678932346786,0.08039267850843886,0.2,0.0,0.6363636363636365
networkdgd,5.0,3.0,0,0.24665338471550613,0.10460064179505289,0.3333333333333333,0.0,0.6666666666666666,0.08237106609129059,0.04275932822536179,0.0,0.0,0.3333333333333333,0.1211678255955218,0.05729722535847807,0.0,0.0,0.4
networkdgd,5.0,3.0,0.1,0.2521734651128093,0.1043037552760911,0.25,0.0,0.8,0.08434541322460332,0.04477577181085655,0.09090909090909091,0.0,0.30434782608695654,0.12398512165714737,0.05972129661544931,0.0,0.0,0.4
networkdgd,5.0,3.0,0.25,0.26003798454504057,0.10474258170973094,0.25,0.0,0.6666666666666666,0.08750927156460221,0.04624277486794684,0.0,0.0,0.3333333333333333,0.12850854518167212,0.06136655365722006,0.0,0.0,0.4
networkdgd,5.0,3.0,0.5,0.27486900697419725,0.10443514234973698,0.3333333333333333,0.0,0.75,0.09260716015633527,0.04773390215184954,0.09090909090909091,0.0,0.4166666666666667,0.13583311749723445,0.062183096871844624,0.18181818181818182,0.0,0.45454545454545453
networkdgd,5.0,3.0,0.75,0.2868173541179179,0.10989913914793788,0.3333333333333333,0.0,0.75,0.09622501523914331,0.04877960645482322,0.1111111111111111,0.0,0.3333333333333333,0.14134497709027266,0.0642066527563317,0.13333333333333333,0.0,0.4
networkdgd,5.0,3.0,1.0,0.29777165290124225,0.10378953961304814,0.3333333333333333,0.0,0.6666666666666666,0.09975211153428758,0.046900145638037426,0.1111111111111111,0.0,0.3333333333333333,0.1465517744303184,0.06136282800769028,0.13333333333333333,0.0,0.4
networkdgd,5.0,3.0,2.0,0.3394341384341052,0.11428261927938763,0.3333333333333333,0.0,1.0,0.11362018984930064,0.05452552347723722,0.1111111111111111,0.0,0.5,0.16700803370181608,0.07060068624506334,0.15384615384615385,0.0,0.6
networkdgd,5.0,3.0,3.0,0.37792462320320136,0.12038329819983737,0.5,0.0,1.0,0.12646708268013668,0.05793839853439665,0.14285714285714285,0.0,0.5833333333333334,0.18578596155667826,0.07382012627503733,0.14285714285714285,0.0,0.6363636363636365
networkdgd,5.0,3.0,5.0,0.4266500939751292,0.133509991519862,0.5,0.0,1.0,0.14243361528580653,0.06314729074655558,0.1111111111111111,0.0,0.6666666666666666,0.2094307080510528,0.08046099626303731,0.26666666666666666,0.0,0.7272727272727272
networkdgd,5.0,5.0,0,0.2622296205952667,0.09901449782962254,0.3333333333333333,0.0,0.6666666666666666,0.08756610036385155,0.04374339312804633,0.1111111111111111,0.0,0.2857142857142857,0.12876788897030694,0.05765500435025991,0.13333333333333333,0.0,0.4
networkdgd,5.0,5.0,0.1,0.27044085343475055,0.10548163875034569,0.3333333333333333,0.0,1.0,0.09046167679409786,0.046689498366065146,0.1111111111111111,0.0,0.42857142857142855,0.13297345048084283,0.06169242246439951,0.0,0.0,0.6
networkdgd,5.0,5.0,0.25,0.27462653233113427,0.10915184907088998,0.3333333333333333,0.0,1.0,0.09181455137392339,0.047365090016584024,0.09090909090909091,0.0,0.42857142857142855,0.1349700115050665,0.06285401214204053,0.13333333333333333,0.0,0.6
networkdgd,5.0,5.0,0.5,0.2827307615363247,0.11228426209859652,0.3333333333333333,0.0,1.0,0.09496398011868845,0.048865995709842625,0.09090909090909091,0.0,0.42857142857142855,0.1394501648189511,0.06455795813619346,0.0,0.0,0.6
networkdgd,5.0,5.0,0.75,0.2920832099589203,0.11472811731308469,0.3333333333333333,0.0,1.0,0.09691414310064185,0.04782023630851166,0.1111111111111111,0.0,0.42857142857142855,0.14266296845559462,0.0633358660680933,0.1111111111111111,0.0,0.6
networkdgd,5.0,5.0,1.0,0.29919483123066537,0.11431237356575004,0.3333333333333333,0.0,1.0,0.09955482784241862,0.0479880817905116,0.1111111111111111,0.0,0.42857142857142855,0.14653412495846085,0.06391649692928457,0.15384615384615383,0.0,0.6
networkdgd,5.0,5.0,2.0,0.3274280537991115,0.11443764034113359,0.3333333333333333,0.0,1.0,0.10923125083706058,0.05027558560443074,0.1111111111111111,0.0,0.42857142857142855,0.16076246817918233,0.06637349537165452,0.15384615384615385,0.0,0.6
networkdgd,5.0,5.0,3.0,0.35753148481768504,0.11820848832296618,0.3333333333333333,0.0,1.0,0.11949863704012005,0.055130101313879874,0.1111111111111111,0.0,0.5,0.17571094827939915,0.07133116278809358,0.2222222222222222,0.0,0.6
networkdgd,5.0,5.0,5.0,0.4078600651823542,0.1277294536653059,0.5,0.0,1.0,0.13584462612377865,0.059679359648871465,0.14285714285714285,0.0,0.5,0.19987240323105115,0.07669460418122173,0.2,0.0,0.6
