dataset,decay_factor,alpha,beta,mean_precision,std_precision,mode_precision,min_precision,max_precision,mean_recall,std_recall,mode_recall,min_recall,max_recall,mean_f1,std_f1,mode_f1,min_f1,max_f1
networkaion,0,0,0.1,0.05021887063603498,0.043313866399327605,0.0,0.0,0.2727272727272727,0.01000053662029688,0.010138221958000114,0.0,0.0,0.05970149253731343,0.01629966707291741,0.01540031735392738,0.0,0.0,0.08247422680412371
networkaion,0,0,0.25,0.051863951149794266,0.05018593869551066,0.0,0.0,0.2727272727272727,0.010311100900288458,0.011914664388755214,0.0,0.0,0.1044776119402985,0.016827675639430415,0.018023099838815105,0.0,0.0,0.14432989690721648
networkaion,0,0,0.5,0.05123019758324158,0.043109850061706326,0.0,0.0,0.22346368715083798,0.01025293974312562,0.010366627694073179,0.0,0.0,0.06868131868131869,0.016773075297530735,0.015986265470619355,0.0,0.0,0.09880609304240427
networkaion,0,0,0.75,0.059022364482336734,0.04739660535431471,0.0,0.0,0.24394785847299813,0.011907049150484685,0.012316809080798482,0.0,0.0,0.08333333333333333,0.01933910252261127,0.018381560047307437,0.0,0.0,0.11538461538461539
networkaion,0,0,1.0,0.062047330969495454,0.0478269262405629,0.0,0.0,0.1973929236499069,0.012489442536299038,0.011442366455937651,0.0,0.0,0.06593406593406594,0.02038285374295747,0.017527191918826412,0.0,0.0,0.08847926267281105
networkaion,0,0,2.0,0.10426172177364905,0.06102986654471258,0.0,0.0,0.25,0.02049130076903045,0.014398840216819106,0.0,0.0,0.0989010989010989,0.033707029024684615,0.02227326089036689,0.0,0.0,0.13271889400921658
networkaion,0,0,3.0,0.1632199492964071,0.0716403906084046,0.125,0.0,0.35714285714285715,0.03185045387465797,0.017944973765728386,0.024390243902439025,0.0,0.11263736263736264,0.05245255685066377,0.02731660064626642,0.0,0.0,0.15115207373271888
networkaion,0,0,5.0,0.19883934788224192,0.09355889332464279,0.125,0.0,0.5714285714285714,0.0385137708535389,0.022740833642364802,0.0,0.0,0.16758241758241757,0.06344794959592619,0.03430054458944545,0.0,0.0,0.2248847926267281
networkaion,0,0.1,0,0.04617965842062432,0.042008911200141344,0.0,0.0,0.22532588454376165,0.00932900374626342,0.010256170531384787,0.0,0.0,0.07462686567164178,0.015186000127623089,0.015598937840250442,0.0,0.0,0.10309278350515463
networkaion,0,0.1,0.1,0.04925394994730359,0.04687882836560931,0.0,0.0,0.25,0.009641295706825495,0.009951692743890569,0.0,0.0,0.06318681318681318,0.0158325908039201,0.015682920286704496,0.0,0.0,0.08727871552079045
networkaion,0,0.1,0.25,0.04954745527060477,0.04664369310053459,0.0,0.0,0.2777777777777778,0.00989507979459168,0.01028283370675656,0.0,0.0,0.059065934065934064,0.0161464214006991,0.015909095789162286,0.0,0.0,0.08480856319473035
networkaion,0,0.1,0.5,0.05611030985401501,0.04835381327578147,0.0,0.0,0.2777777777777778,0.011454975112100755,0.011648820642769994,0.0,0.0,0.07462686567164178,0.018644182646357425,0.017946594954149422,0.0,0.0,0.10309278350515463
networkaion,0,0.1,0.75,0.05819482056525478,0.047658990802648786,0.0,0.0,0.3055555555555556,0.012068771598106442,0.011552010897341472,0.0,0.0,0.06868131868131869,0.019614153253878306,0.017708078970138055,0.0,0.0,0.09551255660765746
networkaion,0,0.1,1.0,0.06262649577614193,0.046765272335255986,0.0,0.0,0.2222222222222222,0.012717897417957374,0.011717311057733631,0.0,0.0,0.08379120879120878,0.02075477025176202,0.017859744711784396,0.0,0.0,0.11244239631336406
networkaion,0,0.1,2.0,0.10516530607768264,0.056846802446437486,0.0,0.0,0.25,0.02081285319707839,0.014734774080870086,0.0,0.0,0.10027472527472528,0.03411673446056916,0.022170332591330465,0.0,0.0,0.13456221198156681
networkaion,0,0.1,3.0,0.1611761217476601,0.07331772176447884,0.25,0.0,0.38095238095238093,0.03149420742683813,0.018005013098947812,0.0,0.0,0.11126373626373626,0.05182395940768922,0.02736228359233269,0.0,0.0,0.14930875576036864
networkaion,0,0.1,5.0,0.20350048733689718,0.09157655627503747,0.125,0.0,0.5,0.039541607806289236,0.022843021002534256,0.024390243902439025,0.0,0.16071428571428573,0.06510667860361807,0.03445877825781972,0.04081632653061225,0.0,0.21566820276497695
networkaion,0,0.25,0,0.05126685758890787,0.04511908400148226,0.0,0.0,0.21428571428571427,0.010190357723781712,0.010700054091932554,0.0,0.0,0.05970149253731343,0.01667828813297828,0.016603821167026654,0.0,0.0,0.08810209962947717
networkaion,0,0.25,0.1,0.05243691456617658,0.050794422350055136,0.0,0.0,0.3055555555555556,0.010811549572850446,0.012343768364876627,0.0,0.0,0.08333333333333333,0.017543653900620168,0.01875245177340296,0.0,0.0,0.11609715932482502
networkaion,0,0.25,0.25,0.05593199016862462,0.05184040020044457,0.0,0.0,0.2727272727272727,0.011132184391481973,0.01158498488897,0.0,0.0,0.06659619450317125,0.018149665907104522,0.017825228160855782,0.0,0.0,0.1037463976945245
networkaion,0,0.25,0.5,0.05965474988047733,0.04795221654377075,0.0,0.0,0.3,0.012222412637074808,0.011591660514176306,0.0,0.0,0.07142857142857142,0.019880409037570046,0.017731711356170327,0.0,0.0,0.09585253456221197
networkaion,0,0.25,0.75,0.06458231320217955,0.059281419000632794,0.0,0.0,0.375,0.013060475948488571,0.015134154743198078,0.0,0.0,0.11940298507462686,0.021244662418296534,0.022844564369968897,0.0,0.0,0.16494845360824742
networkaion,0,0.25,1.0,0.07149350126685229,0.054178064215454326,0.0,0.0,0.3,0.014302327700917614,0.012482445280807466,0.0,0.0,0.06765327695560254,0.023399564475667014,0.019488776387680522,0.0,0.0,0.10539316591189789
networkaion,0,0.25,2.0,0.11855151731944796,0.05941781603586033,0.0,0.0,0.2597402597402597,0.023530209569606993,0.015799444282702763,0.0,0.0,0.10302197802197802,0.03859542823202462,0.023858989953604023,0.0,0.0,0.1382488479262673
networkaion,0,0.25,3.0,0.1659717486439328,0.07090054213730689,0.125,0.0,0.38095238095238093,0.032327655061065524,0.01898052820622306,0.024390243902439025,0.0,0.1388888888888889,0.05316009381220876,0.02802018899329616,0.04081632653061225,0.0,0.1923076923076923
networkaion,0,0.25,5.0,0.19486058289136535,0.09315388260488855,0.125,0.0,0.47619047619047616,0.03785979046023281,0.02235190428338946,0.04878048780487805,0.0,0.15796703296703296,0.06235076460630813,0.03388736165969137,0.0,0.0,0.2119815668202765
networkaion,0,0.5,0,0.0587706281542409,0.04977566491073113,0.0,0.0,0.2727272727272727,0.011804642971185867,0.010821347023631796,0.0,0.0,0.060782241014799156,0.01929768402141298,0.01690100321278841,0.0,0.0,0.09468917249897076
networkaion,0,0.5,0.1,0.05450410400830996,0.04577889993701042,0.0,0.0,0.22346368715083798,0.011050488251907232,0.012078014005672901,0.0,0.0,0.08955223880597014,0.017982947287449744,0.018009052221649786,0.0,0.0,0.12371134020618557
networkaion,0,0.5,0.25,0.06860638240978116,0.05383676035698704,0.0,0.0,0.28,0.013671952677443493,0.012079364869809579,0.0,0.0,0.06659619450317125,0.02237175659342418,0.01884151573332892,0.0,0.0,0.1037463976945245
networkaion,0,0.5,0.5,0.0718360541635112,0.05263987104239012,0.0,0.0,0.3333333333333333,0.014087370044395465,0.01243062306501941,0.0,0.0,0.1044776119402985,0.02310875748985187,0.01886420198671683,0.0,0.0,0.14432989690721648
networkaion,0,0.5,0.75,0.07220604007083767,0.04993751321356319,0.0,0.0,0.25,0.014136929785245195,0.012167217971384436,0.0,0.0,0.07967032967032966,0.02319563730231085,0.018532469342616206,0.0,0.0,0.10691244239631337
networkaion,0,0.5,1.0,0.09203221915306588,0.05308649996230178,0.0,0.0,0.25,0.018236785796496173,0.013257520516377606,0.0,0.0,0.08653846153846154,0.029894034542820018,0.019990270640917164,0.0,0.0,0.11612903225806452
networkaion,0,0.5,2.0,0.128955209549334,0.06175096369084052,0.125,0.0,0.3108108108108108,0.024927052233396873,0.014592195862801298,0.0,0.0,0.10164835164835165,0.041091630932602506,0.022294110400668553,0.0,0.0,0.13640552995391705
networkaion,0,0.5,3.0,0.1707867388073513,0.0761698922455502,0.125,0.0,0.42857142857142855,0.0331381110864347,0.018596338032005034,0.0,0.0,0.12362637362637363,0.05458288182998027,0.02821907480598825,0.0,0.0,0.16589861751152074
networkaion,0,0.5,5.0,0.20395120063819164,0.09889109371804791,0.25,0.0,0.5714285714285714,0.03936483343015236,0.02339100447126839,0.0,0.0,0.15934065934065933,0.06489393514271398,0.03558842989388819,0.0,0.0,0.21382488479262673
networkaion,0,0.75,0,0.0645034140814814,0.04726947016840387,0.0,0.0,0.25,0.01267577041814716,0.01086084831382327,0.0,0.0,0.06553911205073996,0.0208123006859119,0.016868691275529795,0.0,0.0,0.10209962947715111
networkaion,0,0.75,0.1,0.06834585523325905,0.046988947698583375,0.0,0.0,0.2222222222222222,0.013485284104909073,0.011018488815010951,0.0,0.0,0.06593406593406594,0.022092380458108924,0.01686486435187892,0.0,0.0,0.09139563606422396
networkaion,0,0.75,0.25,0.07816352089926804,0.05479479426749417,0.0,0.0,0.3333333333333333,0.015625539395945996,0.013426953821096292,0.0,0.0,0.1111111111111111,0.025502097001578156,0.020120652608865412,0.0,0.0,0.15384615384615383
networkaion,0,0.75,0.5,0.08490539865698107,0.05344947585394494,0.0,0.0,0.3076923076923077,0.01649119703276619,0.01256712296634716,0.0,0.0,0.08955223880597014,0.027105740978862067,0.01929825615160802,0.0,0.0,0.12371134020618557
networkaion,0,0.75,0.75,0.09513364140439055,0.058688008525620054,0.0,0.0,0.3333333333333333,0.018801471996160668,0.01378351767768541,0.0,0.0,0.09065934065934066,0.03081445838963435,0.02101404365279653,0.0,0.0,0.12165898617511521
networkaion,0,0.75,1.0,0.10629363285485204,0.05033930837149368,0.0,0.0,0.3,0.020893515210337884,0.013751168237787732,0.0,0.0,0.1044776119402985,0.03426028545828505,0.020242000146320518,0.0,0.0,0.14432989690721648
networkaion,0,0.75,2.0,0.13741026054574393,0.057709166493787725,0.1111111111111111,0.0,0.3,0.02663762011512681,0.014211869760045553,0.0,0.0,0.08379120879120878,0.04388862939870245,0.021579024732112834,0.0,0.0,0.11692054343351174
networkaion,0,0.75,3.0,0.17028646337296305,0.07792963083404339,0.125,0.0,0.5,0.03277415423858945,0.017804286096853257,0.0,0.0,0.12912087912087913,0.05402723801056034,0.026958091121566358,0.0,0.0,0.17327188940092167
networkaion,0,0.75,5.0,0.20200429643191564,0.0912843747368467,0.125,0.0,0.47619047619047616,0.03906736200071549,0.022375747391546946,0.024390243902439025,0.0,0.1510989010989011,0.06438541487231086,0.03375437812653372,0.04081632653061225,0.0,0.20276497695852533
networkaion,0,1.0,0,0.0816616605871447,0.05411404588091793,0.0,0.0,0.2727272727272727,0.015491990082637918,0.011829307006393236,0.0,0.0,0.07462686567164178,0.025555707543746763,0.01829376124424492,0.0,0.0,0.10309278350515463
networkaion,0,1.0,0.1,0.08893220941636693,0.04927569511205637,0.0,0.0,0.2777777777777778,0.01715393793872594,0.011166754418585213,0.0,0.0,0.07462686567164178,0.02822418608884607,0.016961023910808743,0.0,0.0,0.10309278350515463
networkaion,0,1.0,0.25,0.08777172674610295,0.05390288952191624,0.0,0.0,0.2727272727272727,0.01701051010709718,0.012640614680120147,0.0,0.0,0.08955223880597014,0.027954146215359865,0.01924066752141215,0.0,0.0,0.12371134020618557
networkaion,0,1.0,0.5,0.09536473601886444,0.05588759761825307,0.0,0.0,0.5,0.01824579198522881,0.011935832527905813,0.0,0.0,0.07692307692307693,0.03008877128754057,0.018325872006838252,0.0,0.0,0.1032258064516129
networkaion,0,1.0,0.75,0.10744166746278337,0.052020781981294936,0.125,0.0,0.3,0.020990577844575847,0.012664885991769181,0.0,0.0,0.07462686567164178,0.03450482081031223,0.019263907568819426,0.0,0.0,0.10309278350515463
networkaion,0,1.0,1.0,0.11607949945269755,0.057034072634527824,0.0,0.0,0.3611111111111111,0.02212723664206044,0.012457435356236954,0.0,0.0,0.07142857142857142,0.03649917146499294,0.019066447149612597,0.0,0.0,0.09836065573770493
networkaion,0,1.0,2.0,0.14868539306589723,0.06549045076720583,0.125,0.0,0.38095238095238093,0.028762275120396436,0.01589203907812355,0.0,0.0,0.09752747252747253,0.04738802642520274,0.024032190895527366,0.0,0.0,0.13087557603686634
networkaion,0,1.0,3.0,0.17232054274012454,0.07575517359041326,0.125,0.0,0.38095238095238093,0.03372997882873412,0.01968365469247971,0.024390243902439025,0.0,0.1388888888888889,0.05548620324934871,0.029562189037129774,0.0,0.0,0.1923076923076923
networkaion,0,1.0,5.0,0.20486695713048142,0.09588330930357901,0.125,0.0,0.5,0.039780029848584815,0.022659225863102764,0.024390243902439025,0.0,0.15796703296703296,0.06553831601621864,0.03455361292050968,0.0,0.0,0.2119815668202765
networkaion,0,2.0,0,0.11260944572526034,0.05647429627542945,0.125,0.0,0.3333333333333333,0.02108994590066417,0.011217812417432553,0.0,0.0,0.07462686567164178,0.03492768926973662,0.017537824757571527,0.0,0.0,0.10309278350515463
networkaion,0,2.0,0.1,0.10849738670110298,0.060042687407815556,0.08333333333333333,0.0,0.36363636363636365,0.020459194315249812,0.012907193271012555,0.0,0.0,0.1044776119402985,0.03377482646567023,0.01953248220256431,0.0,0.0,0.14432989690721648
networkaion,0,2.0,0.25,0.11811502351322899,0.056434804821656116,0.125,0.0,0.36363636363636365,0.022655386241375215,0.013402392263176563,0.0,0.0,0.08333333333333333,0.037319039431516786,0.02014062237717503,0.0,0.0,0.11538461538461539
networkaion,0,2.0,0.5,0.11437770366746279,0.05586180848823454,0.125,0.0,0.3333333333333333,0.02189393071871418,0.012732093488855597,0.0,0.0,0.1044776119402985,0.0360984596272741,0.019155777503388222,0.0,0.0,0.14432989690721648
networkaion,0,2.0,0.75,0.11791422919675924,0.05869821189011736,0.09090909090909091,0.0,0.32,0.02233644947508722,0.012433270123190517,0.0,0.0,0.07692307692307693,0.036914618870827635,0.01916656593982494,0.0,0.0,0.10810810810810811
networkaion,0,2.0,1.0,0.12770282141509987,0.05926501074081007,0.125,0.0,0.38095238095238093,0.02421314056263588,0.01296027677018943,0.0,0.0,0.08955223880597014,0.04000122353206134,0.01970047995374931,0.0,0.0,0.12371134020618557
networkaion,0,2.0,2.0,0.1489398391832677,0.06738778027581974,0.09090909090909091,0.0,0.38095238095238093,0.028510572366857966,0.014781385285434219,0.0,0.0,0.08928571428571429,0.0470775218072653,0.022748690565204295,0.0,0.0,0.12134831460674157
networkaion,0,2.0,3.0,0.17433070246791776,0.07923597798671463,0.125,0.0,0.47619047619047616,0.033433489332950775,0.018238810032378264,0.024390243902439025,0.0,0.11401098901098901,0.05517651470008404,0.02780470735023027,0.04081632653061225,0.0,0.15384615384615383
networkaion,0,2.0,5.0,0.20840966686622453,0.0946587372614083,0.125,0.0,0.5,0.04030888603405812,0.023319557283554476,0.024390243902439025,0.0,0.15384615384615385,0.06643227488382956,0.0352627249285736,0.04081632653061225,0.0,0.2064516129032258
networkaion,0,3.0,0,0.11529118191509896,0.058381246069480884,0.125,0.0,0.4,0.021667260947672292,0.011406786769097014,0.0,0.0,0.06666666666666667,0.035894729870774765,0.018011495518790503,0.0,0.0,0.1142857142857143
networkaion,0,3.0,0.1,0.12201874484029852,0.06098724377751499,0.125,0.0,0.36363636363636365,0.023219557501411598,0.01308044963394804,0.024390243902439025,0.0,0.08955223880597014,0.03831362442372289,0.01986177240686995,0.0,0.0,0.12371134020618557
networkaion,0,3.0,0.25,0.12045948381338378,0.06299267342273165,0.125,0.0,0.3888888888888889,0.022518653611371533,0.012165457618949405,0.0,0.0,0.07462686567164178,0.037311999334358255,0.019113891940197435,0.0,0.0,0.10309278350515463
networkaion,0,3.0,0.5,0.12219914676160414,0.05932046300551066,0.16666666666666666,0.0,0.3333333333333333,0.023231559475972594,0.012887023031724166,0.0,0.0,0.0782967032967033,0.03839193731888059,0.019884174564297655,0.0,0.0,0.11362700699876492
networkaion,0,3.0,0.75,0.12662806114809474,0.05730643748554222,0.125,0.0,0.3333333333333333,0.023996364382165434,0.012072719507771789,0.024390243902439025,0.0,0.07142857142857142,0.03967943858107532,0.01863960336829658,0.04081632653061225,0.0,0.11111111111111112
networkaion,0,3.0,1.0,0.13406793323846886,0.05953176376094737,0.125,0.0,0.3333333333333333,0.02562999907627453,0.014221771416145002,0.01694915254237288,0.0,0.1111111111111111,0.04227758325903144,0.021374755265185577,0.04081632653061225,0.0,0.15384615384615383
networkaion,0,3.0,2.0,0.15502838378001435,0.06788017384957991,0.125,0.0,0.38095238095238093,0.02944200061919802,0.014833285976038339,0.024390243902439025,0.0,0.0989010989010989,0.048719878357685514,0.02291133056703922,0.04081632653061225,0.0,0.13271889400921658
networkaion,0,3.0,3.0,0.17595410127076933,0.07855683133000886,0.25,0.0,0.4444444444444444,0.033988262838699594,0.01929557273432398,0.024390243902439025,0.0,0.1388888888888889,0.056042445539993165,0.029094051004721292,0.04081632653061225,0.0,0.1923076923076923
networkaion,0,3.0,5.0,0.20791857661013727,0.09357884162077273,0.125,0.0,0.5,0.04020874976789293,0.022140741557618287,0.024390243902439025,0.0,0.14697802197802198,0.06628189545256886,0.03363245949332999,0.04081632653061225,0.0,0.19723502304147467
networkaion,0,5.0,0,0.1209507637668731,0.06120945220754776,0.125,0.0,0.3333333333333333,0.022536466969267126,0.01177368652109867,0.0,0.0,0.06236786469344609,0.03735736106614654,0.018535305302639096,0.0,0.0,0.09715932482503088
networkaion,0,5.0,0.1,0.12306022625306255,0.06353124373304987,0.125,0.0,0.3333333333333333,0.022710023926380187,0.011473280911854046,0.024390243902439025,0.0,0.06289640591966174,0.037689769709281624,0.01815447943559395,0.04081632653061225,0.0,0.09798270893371759
networkaion,0,5.0,0.25,0.12468892390605016,0.0651097648763971,0.125,0.0,0.4444444444444444,0.023149446333649053,0.012140490446369147,0.024390243902439025,0.0,0.07272727272727272,0.03838521388133402,0.019136380610212056,0.04081632653061225,0.0,0.11594202898550722
networkaion,0,5.0,0.5,0.1257853427033796,0.06250324805267486,0.125,0.0,0.3333333333333333,0.02323492131343055,0.01175562890218181,0.024390243902439025,0.0,0.07462686567164178,0.03855240619423816,0.018340898746335682,0.04081632653061225,0.0,0.10309278350515463
networkaion,0,5.0,0.75,0.12864949465743417,0.06540051981803587,0.125,0.0,0.3333333333333333,0.023767537147083857,0.012367920844717032,0.024390243902439025,0.0,0.07462686567164178,0.03946008227906023,0.019489594122321166,0.04081632653061225,0.0,0.10309278350515463
networkaion,0,5.0,1.0,0.13301933383125883,0.06857848985139668,0.125,0.0,0.38095238095238093,0.025047473191851768,0.014310829965752513,0.0,0.0,0.1044776119402985,0.04140026214149813,0.02197708656738859,0.0,0.0,0.14432989690721648
networkaion,0,5.0,2.0,0.14363265222161933,0.07736434117162472,0.125,0.0,0.45454545454545453,0.02670694094218947,0.015320949014865836,0.0,0.0,0.10204081632653061,0.04429116417633622,0.024148322345396305,0.0,0.0,0.16666666666666669
networkaion,0,5.0,3.0,0.15487703661227173,0.07954913868009937,0.125,0.0,0.42857142857142855,0.02871471941225655,0.015348176340824271,0.024390243902439025,0.0,0.0861244019138756,0.047674347333776734,0.02426207974234998,0.04081632653061225,0.0,0.12631578947368421
networkaion,0,5.0,5.0,0.18612264581266452,0.09122325610322649,0.125,0.0,0.4642857142857143,0.03501796759133069,0.01826167357754774,0.024390243902439025,0.0,0.10964912280701754,0.05804752203539757,0.028888327647596062,0.04081632653061225,0.0,0.16393442622950818
networkaion,0.1,0,0,0.08847819976307482,0.06757581689485777,0.0,0.0,0.4444444444444444,0.019261323527138805,0.02064864788367862,0.0,0.0,0.1717032967032967,0.030965667199567094,0.03006400099999169,0.0,0.0,0.23041474654377883
networkaion,0.1,0,0.1,0.08952619610645228,0.06468041671776487,0.0,0.0,0.3611111111111111,0.018522013180344618,0.017664246139943104,0.0,0.0,0.16346153846153846,0.030130452918079254,0.02630889608357268,0.0,0.0,0.21935483870967742
networkaion,0.1,0,0.25,0.10072529246836356,0.06793271254540095,0.0,0.0,0.4166666666666667,0.020894469685881736,0.019300947865196854,0.0,0.0,0.17307692307692307,0.033913054717121235,0.028279834719959658,0.0,0.0,0.23225806451612904
networkaion,0.1,0,0.5,0.10236516067798633,0.06577824990814335,0.0,0.0,0.4166666666666667,0.021566869995340285,0.0195289305980795,0.0,0.0,0.17857142857142858,0.03495519328162257,0.028653904099592134,0.0,0.0,0.23963133640552994
networkaion,0.1,0,0.75,0.12177756536227552,0.07010397797400662,0.0,0.0,0.3888888888888889,0.025284532882306907,0.021349307105324112,0.0,0.0,0.18956043956043955,0.04106282129794069,0.031075492370124174,0.0,0.0,0.2543778801843318
networkaion,0.1,0,1.0,0.13596086418564893,0.07648778687656886,0.0,0.0,0.5,0.02767641983301096,0.021312245043893722,0.0,0.0,0.18406593406593408,0.04513810273444062,0.03141275342159408,0.0,0.0,0.24700460829493087
networkaion,0.1,0,2.0,0.17664746384334037,0.08408081341390612,0.16666666666666666,0.0,0.40336134453781514,0.03512189761034933,0.023517264826725587,0.0,0.0,0.1978021978021978,0.05756766257239274,0.034864872737747514,0.0,0.0,0.26543778801843315
networkaion,0.1,0,3.0,0.19798304827972954,0.08502124053423485,0.18181818181818182,0.0,0.41456582633053224,0.039202561907500155,0.02387739895181052,0.0,0.0,0.2032967032967033,0.06431417700700157,0.035188884264494805,0.0,0.0,0.2728110599078341
networkaion,0.1,0,5.0,0.21204168997122355,0.09544709262702834,0.125,0.0,0.6190476190476191,0.04160762855774548,0.024824017212854082,0.0,0.0,0.21153846153846154,0.06840678537298418,0.037100651849287215,0.0,0.0,0.2838709677419355
networkaion,0.1,0.1,0,0.09118367874776119,0.06489819321766019,0.0,0.0,0.4166666666666667,0.018945001714520446,0.0177890748220977,0.0,0.0,0.1717032967032967,0.030758604203402217,0.026239658108099282,0.0,0.0,0.23041474654377883
networkaion,0.1,0.1,0.1,0.09161470075475031,0.06524003972484117,0.0,0.0,0.3888888888888889,0.019248064010014148,0.019141860885612334,0.0,0.0,0.17582417582417584,0.031118237079335736,0.027898389521738575,0.0,0.0,0.2359447004608295
networkaion,0.1,0.1,0.25,0.10227730605909324,0.06530699597783571,0.0,0.0,0.3333333333333333,0.021474135270745796,0.01935406242098652,0.0,0.0,0.1620879120879121,0.034810745241195346,0.02845921497265246,0.0,0.0,0.21751152073732716
networkaion,0.1,0.1,0.5,0.10977168487136073,0.06877625927344226,0.0,0.0,0.3753501400560224,0.022953003981032942,0.020089752751197374,0.0,0.0,0.18406593406593408,0.03725364400982993,0.02950783322730407,0.0,0.0,0.24700460829493087
networkaion,0.1,0.1,0.75,0.13091502627351279,0.07203825950486852,0.0,0.0,0.4,0.026813516754764278,0.021754950939529703,0.0,0.0,0.18543956043956045,0.043662020036788346,0.03174599229952908,0.0,0.0,0.2488479262672811
networkaion,0.1,0.1,1.0,0.13749830834923765,0.06665836523408225,0.0,0.0,0.38095238095238093,0.02772163245542242,0.02015414883343977,0.0,0.0,0.18681318681318682,0.045277602581622445,0.029278330733658067,0.0,0.0,0.25069124423963135
networkaion,0.1,0.1,2.0,0.18187353110749707,0.0807675002327488,0.25,0.0,0.4005602240896359,0.03598392709940812,0.022569033356218883,0.0,0.0,0.19642857142857142,0.059058176262191446,0.0332951157770821,0.0,0.0,0.26359447004608294
networkaion,0.1,0.1,3.0,0.20149787149329568,0.09153583466517488,0.25,0.0,0.6666666666666666,0.03998059549974143,0.024797806817568775,0.02702702702702703,0.0,0.2129120879120879,0.06557563772807617,0.03678330517588513,0.0,0.0,0.2857142857142857
networkaion,0.1,0.1,5.0,0.20931995274941012,0.09554217038721825,0.125,0.0,0.5714285714285714,0.04133172429521932,0.024969571042554258,0.0,0.0,0.2087912087912088,0.06786799096307045,0.037293891980824376,0.0,0.0,0.280184331797235
networkaion,0.1,0.25,0,0.09734222485494401,0.06288002368108644,0.0,0.0,0.3888888888888889,0.019917773378305786,0.017632294800692807,0.0,0.0,0.1717032967032967,0.032382620671960176,0.02578095089808595,0.0,0.0,0.23041474654377883
networkaion,0.1,0.25,0.1,0.10061037155970522,0.06288750452924748,0.0,0.0,0.3888888888888889,0.020563258330087427,0.018616843852745996,0.0,0.0,0.17445054945054944,0.03341924590718701,0.026838987924547676,0.0,0.0,0.23410138248847925
networkaion,0.1,0.25,0.25,0.11100105362099028,0.06329113715373817,0.0,0.0,0.37254901960784315,0.02308918942513425,0.01973370030465253,0.0,0.0,0.18269230769230768,0.03749341675275332,0.028643823026405526,0.0,0.0,0.2451612903225806
networkaion,0.1,0.25,0.5,0.12299337096278319,0.06282509807032999,0.0,0.0,0.37254901960784315,0.025361478784659258,0.020176551137811992,0.0,0.0,0.18269230769230768,0.041223882937470605,0.029018981777260734,0.0,0.0,0.2451612903225806
networkaion,0.1,0.25,0.75,0.13731003674607742,0.06558407227303495,0.0,0.0,0.3888888888888889,0.027851712468117087,0.020076218579012966,0.0,0.0,0.18269230769230768,0.045420628826057796,0.029055859404420844,0.0,0.0,0.2451612903225806
networkaion,0.1,0.25,1.0,0.14905684925953597,0.07134990484386217,0.0,0.0,0.39215686274509803,0.03058566555668927,0.022198811146185996,0.0,0.0,0.19230769230769232,0.04983413220215549,0.03219167886419277,0.0,0.0,0.25806451612903225
networkaion,0.1,0.25,2.0,0.18285040840998554,0.07579157162923818,0.125,0.0,0.42016806722689076,0.036373510691232576,0.022477477454847426,0.024390243902439025,0.0,0.20604395604395603,0.05962248618754149,0.03279494442043902,0.04081632653061225,0.0,0.2764976958525346
networkaion,0.1,0.25,3.0,0.20070793373812768,0.0899463878317125,0.1,0.0,0.5238095238095238,0.03941185096740628,0.0235289077359965,0.0,0.0,0.21016483516483517,0.06479736163443113,0.03502820250639309,0.0,0.0,0.2820276497695853
networkaion,0.1,0.25,5.0,0.21393450185507493,0.10003482389426951,0.125,0.0,0.6666666666666666,0.04207647536848429,0.025955610571664317,0.0,0.0,0.20741758241758243,0.06909831046833916,0.038792871799044726,0.0,0.0,0.27834101382488485
networkaion,0.1,0.5,0,0.11160749310643969,0.06341984806641714,0.0,0.0,0.3888888888888889,0.022326187460868174,0.017432441837342567,0.0,0.0,0.15796703296703296,0.036532867568622056,0.02589439914635874,0.0,0.0,0.2119815668202765
networkaion,0.1,0.5,0.1,0.12718999732106248,0.06554298744706502,0.1,0.0,0.5,0.025407198531031898,0.01807772844022135,0.0,0.0,0.17582417582417584,0.04158710368184695,0.026578978694864117,0.0,0.0,0.2359447004608295
networkaion,0.1,0.5,0.25,0.13490010419065787,0.06989986137550568,0.0,0.0,0.4444444444444444,0.026980424781719085,0.019399080758806572,0.0,0.0,0.17032967032967034,0.044146872472823145,0.028612054630765514,0.0,0.0,0.22857142857142862
networkaion,0.1,0.5,0.5,0.13575832667137622,0.06505075482924491,0.0,0.0,0.3753501400560224,0.027034803256075653,0.019325557068642647,0.0,0.0,0.18406593406593408,0.04426285775468151,0.02820234307276826,0.0,0.0,0.24700460829493087
networkaion,0.1,0.5,0.75,0.14854764062470982,0.06889852809538202,0.09090909090909091,0.0,0.39215686274509803,0.029451323670309563,0.019689967438914328,0.0,0.0,0.19230769230769232,0.04825375725099318,0.028589630896243872,0.0,0.0,0.25806451612903225
networkaion,0.1,0.5,1.0,0.16315008219391014,0.0743066600643145,0.125,0.0,0.5,0.03179547759474366,0.01933084878047588,0.024390243902439025,0.0,0.18956043956043955,0.05225718912834945,0.028328050795370784,0.0,0.0,0.2543778801843318
networkaion,0.1,0.5,2.0,0.18632304101591862,0.08448018416355677,0.1,0.0,0.5238095238095238,0.03646721031768311,0.022593781627782538,0.03333333333333333,0.0,0.21153846153846154,0.05994067778688481,0.03330150770748264,0.0,0.0,0.2838709677419355
networkaion,0.1,0.5,3.0,0.20286794261640947,0.08831586812575097,0.25,0.0,0.5238095238095238,0.04012433916051431,0.024923041783545166,0.0,0.0,0.20054945054945056,0.06580837288258007,0.036656072586887224,0.0,0.0,0.26912442396313363
networkaion,0.1,0.5,5.0,0.21285654918290933,0.09848120496946328,0.125,0.0,0.6666666666666666,0.04192335361476532,0.025458127398363055,0.0,0.0,0.2129120879120879,0.06886151622869525,0.03806430456895995,0.0,0.0,0.2857142857142857
networkaion,0.1,0.75,0,0.12623758375272998,0.06473273708389927,0.0,0.0,0.4166666666666667,0.02535295837930598,0.01885295341314012,0.0,0.0,0.17445054945054944,0.04141634298150455,0.027558606675829402,0.0,0.0,0.23410138248847925
networkaion,0.1,0.75,0.1,0.13640400659373403,0.0605472601497958,0.125,0.0,0.4166666666666667,0.026825490453807468,0.017516064602703364,0.024390243902439025,0.0,0.17582417582417584,0.044054502180420466,0.025487352875238848,0.0,0.0,0.2359447004608295
networkaion,0.1,0.75,0.25,0.1356508167183137,0.06291384338982603,0.16666666666666666,0.0,0.3888888888888889,0.02672956635254135,0.018183087344047815,0.0,0.0,0.16483516483516483,0.04381944145442413,0.026401305262747116,0.0,0.0,0.22119815668202766
networkaion,0.1,0.75,0.5,0.14673846438167207,0.06601215953226369,0.125,0.0,0.4005602240896359,0.028774126158821214,0.01943695724035135,0.0,0.0,0.19642857142857142,0.04719030367919786,0.02790058533852521,0.0,0.0,0.26359447004608294
networkaion,0.1,0.75,0.75,0.15542285614135457,0.07049505895113994,0.25,0.0,0.4444444444444444,0.030384417397199763,0.01954588365583042,0.0,0.0,0.19642857142857142,0.04992139827722489,0.028398782839958878,0.0,0.0,0.26359447004608294
networkaion,0.1,0.75,1.0,0.1587867733620658,0.0721966042396274,0.125,0.0,0.4444444444444444,0.03112699598623005,0.020063609078137055,0.0,0.0,0.18956043956043955,0.05109507833218392,0.029286810444960294,0.0,0.0,0.2543778801843318
networkaion,0.1,0.75,2.0,0.18369589777311987,0.07960554823287846,0.125,0.0,0.4173669467787115,0.036360116487697026,0.022428826924942122,0.0,0.0,0.20467032967032966,0.05968937244074482,0.03308118085151691,0.0,0.0,0.2746543778801843
networkaion,0.1,0.75,3.0,0.20380564926110706,0.08292731278370857,0.125,0.0,0.5238095238095238,0.04004999932200979,0.023016399564981884,0.024390243902439025,0.0,0.2032967032967033,0.06579481680228248,0.03383304399739723,0.0,0.0,0.2728110599078341
networkaion,0.1,0.75,5.0,0.2140923155295129,0.08942587935188123,0.25,0.0,0.5238095238095238,0.042180241998292484,0.024385642382720972,0.0,0.0,0.20467032967032966,0.0692777452456218,0.03607738268177854,0.0,0.0,0.2746543778801843
networkaion,0.1,1.0,0,0.14343466130463398,0.0644387304589537,0.1,0.0,0.4166666666666667,0.028126561111319257,0.01780060661308369,0.0,0.0,0.1717032967032967,0.04614604407076832,0.02589012435806112,0.0,0.0,0.23041474654377883
networkaion,0.1,1.0,0.1,0.13884983163141737,0.061201097063693546,0.14285714285714285,0.0,0.3611111111111111,0.027510434098638466,0.017473955183392065,0.0,0.0,0.16071428571428573,0.04510274491671111,0.025583764987964146,0.0,0.0,0.21566820276497695
networkaion,0.1,1.0,0.25,0.14725575369747892,0.06722466951015302,0.125,0.0,0.4444444444444444,0.02888029161506174,0.01793152940201564,0.0,0.0,0.18406593406593408,0.04742459632295957,0.02619541703225699,0.0,0.0,0.24700460829493087
networkaion,0.1,1.0,0.5,0.149680154687099,0.0659255210763888,0.09090909090909091,0.0,0.3888888888888889,0.02964176012814562,0.019115314231393708,0.024390243902439025,0.0,0.17032967032967034,0.048569448829258496,0.027642364631392462,0.0,0.0,0.22857142857142862
networkaion,0.1,1.0,0.75,0.16554838189634355,0.07475268782256361,0.09090909090909091,0.0,0.5,0.032827498710411816,0.02113677156336043,0.024390243902439025,0.0,0.18406593406593408,0.05378731311621314,0.03064521192099651,0.0,0.0,0.24700460829493087
networkaion,0.1,1.0,1.0,0.16161075374927078,0.06804358520425553,0.125,0.0,0.3888888888888889,0.03181715873108827,0.019158636345182226,0.024390243902439025,0.0,0.18818681318681318,0.0521918341771961,0.027704595834188998,0.0,0.0,0.2525345622119816
networkaion,0.1,1.0,2.0,0.18733202890902761,0.08262328632067018,0.16666666666666666,0.0,0.5238095238095238,0.03693651829193035,0.022473035663123874,0.0,0.0,0.19917582417582416,0.060634287131032874,0.033184133950777954,0.0,0.0,0.2672811059907834
networkaion,0.1,1.0,3.0,0.2068121327085897,0.0829032351339079,0.16666666666666666,0.0,0.42857142857142855,0.04073833567888523,0.023594710675745815,0.058823529411764705,0.0,0.20054945054945056,0.0669215307797554,0.03480825993220172,0.0,0.0,0.26912442396313363
networkaion,0.1,1.0,5.0,0.21527351379331763,0.09759465638348298,0.1,0.0,0.6666666666666666,0.04235198081465856,0.02545105766497521,0.024390243902439025,0.0,0.20741758241758243,0.0695704134376318,0.03804269240150785,0.0,0.0,0.27834101382488485
networkaion,0.1,2.0,0,0.14213812806138934,0.06415493333280907,0.09090909090909091,0.0,0.3888888888888889,0.027190365439895336,0.015129971760512886,0.0,0.0,0.1346153846153846,0.044873168805791216,0.022741550104396855,0.0,0.0,0.1806451612903226
networkaion,0.1,2.0,0.1,0.1497996173942263,0.0677118703089031,0.125,0.0,0.4166666666666667,0.028604171465126775,0.01558111193356475,0.05263157894736842,0.0,0.11675824175824176,0.047236531972814674,0.0237798586867227,0.0,0.0,0.1566820276497696
networkaion,0.1,2.0,0.25,0.15168468857186881,0.07243299826425373,0.1,0.0,0.4444444444444444,0.02945024477129374,0.018359208354215305,0.0,0.0,0.12362637362637363,0.04842895710967789,0.027373762802569392,0.0,0.0,0.17857142857142858
networkaion,0.1,2.0,0.5,0.1530052001548827,0.06656953530353166,0.125,0.0,0.3888888888888889,0.029368006636188153,0.015539252065470186,0.024390243902439025,0.0,0.1304945054945055,0.04847294556122754,0.023524411952659405,0.04081632653061225,0.0,0.17511520737327188
networkaion,0.1,2.0,0.75,0.16420150013503737,0.07299938224995889,0.07692307692307693,0.0,0.4166666666666667,0.03174201649039924,0.01847280364502385,0.024390243902439025,0.0,0.13873626373626374,0.0522646652340078,0.027587195629211213,0.04081632653061225,0.0,0.1861751152073733
networkaion,0.1,2.0,1.0,0.15980325923210031,0.07024584605983333,0.09090909090909091,0.0,0.3888888888888889,0.03061410381290287,0.016792605722801262,0.024390243902439025,0.0,0.13873626373626374,0.05050366882809795,0.025203555494102362,0.0,0.0,0.1861751152073733
networkaion,0.1,2.0,2.0,0.18463975852070635,0.08173610699642284,0.1,0.0,0.5238095238095238,0.03608868763266316,0.02087281784594232,0.024390243902439025,0.0,0.16758241758241757,0.05937473182771981,0.03126089645109412,0.0,0.0,0.2248847926267281
networkaion,0.1,2.0,3.0,0.2021823528797036,0.08742370137073555,0.125,0.0,0.5714285714285714,0.039751856459086084,0.023805733058436376,0.0,0.0,0.19093406593406592,0.06531361143656879,0.035248085576184585,0.0,0.0,0.25622119815668204
networkaion,0.1,2.0,5.0,0.21695911112181662,0.10126456875680942,0.125,0.0,0.6666666666666666,0.04265312105980039,0.025917768898277398,0.024390243902439025,0.0,0.19230769230769232,0.07008638715736143,0.03886541837204349,0.0,0.0,0.25806451612903225
networkaion,0.1,3.0,0,0.12373046144622296,0.06877814315403713,0.09090909090909091,0.0,0.4166666666666667,0.02327758807135528,0.013612431419379328,0.017857142857142856,0.0,0.08333333333333333,0.03851503756324004,0.02144264970014552,0.0,0.0,0.11538461538461539
networkaion,0.1,3.0,0.1,0.12504620734055003,0.07130542905375335,0.125,0.0,0.42857142857142855,0.023317688717850147,0.013618026120782443,0.0,0.0,0.07344632768361582,0.038676468890661855,0.021905790731399546,0.0,0.0,0.11818181818181818
networkaion,0.1,3.0,0.25,0.1315066544972244,0.07380342393759558,0.09090909090909091,0.0,0.4444444444444444,0.024395701970625582,0.014205425507053601,0.024390243902439025,0.0,0.09090909090909091,0.040461411197666934,0.02244578023376788,0.0,0.0,0.14285714285714288
networkaion,0.1,3.0,0.5,0.12887735689548185,0.06850859020109834,0.125,0.0,0.3888888888888889,0.024042199546725117,0.013151578464424005,0.024390243902439025,0.0,0.06818181818181818,0.03987853037134171,0.02092701531873869,0.0,0.0,0.11111111111111109
networkaion,0.1,3.0,0.75,0.13344225437003535,0.07666206531589964,0.125,0.0,0.3888888888888889,0.024832758243747137,0.0145194491838956,0.0,0.0,0.09090909090909091,0.041190109092166444,0.02321502570336968,0.0,0.0,0.14285714285714288
networkaion,0.1,3.0,1.0,0.13399780332181804,0.0777129286233683,0.125,0.0,0.5,0.025142740204213337,0.015047746085810217,0.01694915254237288,0.0,0.09090909090909091,0.04165988810295467,0.0240997093278395,0.0,0.0,0.14285714285714288
networkaion,0.1,3.0,2.0,0.14739071230191272,0.08467608843048323,0.09090909090909091,0.0,0.4,0.027903999954707985,0.017108096143028332,0.024390243902439025,0.0,0.09569377990430622,0.0461517848683054,0.02711537785774488,0.0,0.0,0.14035087719298245
networkaion,0.1,3.0,3.0,0.16213189404023584,0.08489121661967916,0.125,0.0,0.5238095238095238,0.030689270280188294,0.017652765106074428,0.024390243902439025,0.0,0.1111111111111111,0.050750799898627415,0.027478167854605565,0.0,0.0,0.15384615384615383
networkaion,0.1,3.0,5.0,0.18616174694560245,0.09039673193155279,0.125,0.0,0.5238095238095238,0.03589988110962873,0.01995609255276732,0.024390243902439025,0.0,0.12440191387559808,0.05919813640166824,0.030745503844892035,0.0,0.0,0.18245614035087718
networkaion,0.1,5.0,0,0.10305553200288983,0.058750036162265415,0.125,0.0,0.3333333333333333,0.01951431356171791,0.01232515327551037,0.01694915254237288,0.0,0.08333333333333333,0.03219972543642368,0.01897705872679787,0.0,0.0,0.11538461538461539
networkaion,0.1,5.0,0.1,0.10367646372749649,0.06141845143104616,0.1,0.0,0.5,0.019365476202205016,0.011942320487186233,0.0,0.0,0.06818181818181818,0.032060204010188345,0.018754252014933605,0.0,0.0,0.10714285714285714
networkaion,0.1,5.0,0.25,0.10450983565838075,0.0635183898610127,0.125,0.0,0.42857142857142855,0.019534998425424076,0.012876696352541876,0.0,0.0,0.07462686567164178,0.032342715163996304,0.020259867807257463,0.0,0.0,0.10714285714285714
networkaion,0.1,5.0,0.5,0.10789591600012254,0.06566986772050046,0.09090909090909091,0.0,0.3888888888888889,0.02033087355051839,0.01343462567005239,0.0,0.0,0.08163265306122448,0.03365253478358775,0.021357152099583332,0.0,0.0,0.13333333333333333
networkaion,0.1,5.0,0.75,0.10202685348109841,0.057675598948566414,0.125,0.0,0.3055555555555556,0.019289203349668903,0.012437256977861445,0.0,0.0,0.07554945054945054,0.031854384129664,0.019155620818442184,0.0,0.0,0.10309278350515463
networkaion,0.1,5.0,1.0,0.10967169490493706,0.06366325093358516,0.0,0.0,0.3333333333333333,0.020723635330333973,0.01344879426861645,0.0,0.0,0.07462686567164178,0.03424178218065493,0.020989626433195734,0.0,0.0,0.10810810810810811
networkaion,0.1,5.0,2.0,0.1089432451843019,0.06146404860916641,0.125,0.0,0.375,0.020394767872570902,0.012636011908685464,0.024390243902439025,0.0,0.08955223880597014,0.03373994951828738,0.0196027058510194,0.0,0.0,0.12765957446808512
networkaion,0.1,5.0,3.0,0.11374443398712776,0.06360284519083192,0.125,0.0,0.3333333333333333,0.021396681696051217,0.012794310068820508,0.024390243902439025,0.0,0.08333333333333333,0.03536989538442622,0.019939991177487848,0.0,0.0,0.11538461538461539
networkaion,0.1,5.0,5.0,0.12542560291513136,0.0668359772849536,0.1,0.0,0.38095238095238093,0.023683085652066838,0.014040814081474154,0.024390243902439025,0.0,0.1111111111111111,0.039138139591066955,0.02163565506849165,0.0,0.0,0.15384615384615383
networkaion,0.25,0,0,0.08421630250772566,0.06587386128087248,0.0,0.0,0.3888888888888889,0.017981272386803936,0.018082921119532348,0.0,0.0,0.15384615384615385,0.02911221531542156,0.02706646248020412,0.0,0.0,0.2064516129032258
networkaion,0.25,0,0.1,0.08589495902826187,0.06633833722715964,0.0,0.0,0.3611111111111111,0.017874947581239843,0.01787878656139227,0.0,0.0,0.1565934065934066,0.02895878946897948,0.026567961918074277,0.0,0.0,0.21013824884792626
networkaion,0.25,0,0.25,0.09573970840851243,0.06308301226298062,0.0,0.0,0.4166666666666667,0.019933356303601307,0.01779231361358626,0.0,0.0,0.1565934065934066,0.03234191287317555,0.026222906312443655,0.0,0.0,0.21013824884792626
networkaion,0.25,0,0.5,0.10774017401168208,0.06668742994523622,0.0,0.0,0.3888888888888889,0.021900265391610624,0.017957076592091642,0.0,0.0,0.16483516483516483,0.03570804282604476,0.026593369616016327,0.0,0.0,0.22119815668202766
networkaion,0.25,0,0.75,0.11481142579256887,0.06943519115459162,0.0,0.0,0.4166666666666667,0.023789549416500036,0.01996969332969636,0.0,0.0,0.1813186813186813,0.038661529086280295,0.029313644619030185,0.0,0.0,0.24331797235023042
networkaion,0.25,0,1.0,0.12875412988660867,0.07827698962453562,0.0,0.0,0.5,0.026388800106864233,0.021514382766068957,0.0,0.0,0.18956043956043955,0.043002398080085165,0.03198777897774972,0.0,0.0,0.2543778801843318
networkaion,0.25,0,2.0,0.181700940364544,0.08502568210601123,0.25,0.0,0.5,0.036030002687486844,0.023175916479767862,0.0,0.0,0.19230769230769232,0.059086753382546174,0.03428698841559099,0.0,0.0,0.25806451612903225
networkaion,0.25,0,3.0,0.19888692350383366,0.08283110960955299,0.25,0.0,0.5238095238095238,0.03950307201108592,0.02431366724966321,0.0,0.0,0.2087912087912088,0.0647484024480193,0.035376819785863156,0.0,0.0,0.280184331797235
networkaion,0.25,0,5.0,0.21579927095669213,0.09433355411997575,0.25,0.0,0.5,0.042770491951148744,0.02593533772396479,0.0,0.0,0.2087912087912088,0.07017460043750567,0.03842382307226525,0.0,0.0,0.280184331797235
networkaion,0.25,0.1,0,0.08585466287695483,0.05986847413851524,0.0,0.0,0.33053221288515405,0.017892605308761595,0.01762163656433152,0.0,0.0,0.1620879120879121,0.029011729176647114,0.025853911837265132,0.0,0.0,0.21751152073732716
networkaion,0.25,0.1,0.1,0.09788914851527845,0.06769800490863286,0.0,0.0,0.4444444444444444,0.020323591840656834,0.01791043463501062,0.0,0.0,0.15521978021978022,0.03306635572452732,0.02691871003150955,0.0,0.0,0.20829493087557605
networkaion,0.25,0.1,0.25,0.10461049954663505,0.06388605426609388,0.0,0.0,0.3611111111111111,0.021615693280048615,0.018641609328197313,0.0,0.0,0.17582417582417584,0.03510553672781041,0.02724680887432973,0.0,0.0,0.2359447004608295
networkaion,0.25,0.1,0.5,0.11136167388818714,0.06690336229332738,0.0,0.0,0.4166666666666667,0.022927198890343448,0.0192736863201489,0.0,0.0,0.17857142857142858,0.0373174543071156,0.02831243813761269,0.0,0.0,0.23963133640552994
networkaion,0.25,0.1,0.75,0.12585125840572306,0.07215312293153975,0.0,0.0,0.5,0.025827151462606363,0.020691494905288415,0.0,0.0,0.18269230769230768,0.04205416451875947,0.030368045262249153,0.0,0.0,0.2451612903225806
networkaion,0.25,0.1,1.0,0.14051365930342066,0.07256566376139209,0.125,0.0,0.5,0.028385115912608103,0.02005994015744689,0.0,0.0,0.17857142857142858,0.04635973404171015,0.029542801224742815,0.0,0.0,0.23963133640552994
networkaion,0.25,0.1,2.0,0.1831647912660412,0.08338588328990718,0.16666666666666666,0.0,0.5,0.036279185135319136,0.02306197706432038,0.0,0.0,0.20192307692307693,0.05952154338876359,0.03407039600446772,0.0,0.0,0.27096774193548384
networkaion,0.25,0.1,3.0,0.19810337327743954,0.08911532765318703,0.09090909090909091,0.0,0.5238095238095238,0.03898592112949009,0.02365387092946674,0.0,0.0,0.2087912087912088,0.06404388693422577,0.03509249793575923,0.0,0.0,0.280184331797235
networkaion,0.25,0.1,5.0,0.2142825840076084,0.09600649355978502,0.25,0.0,0.5714285714285714,0.04233864995243199,0.02609243886261477,0.0,0.0,0.22252747252747251,0.06949273654879962,0.03864981599485277,0.0,0.0,0.2986175115207373
networkaion,0.25,0.25,0,0.10441121742808404,0.06485241372607463,0.0,0.0,0.4166666666666667,0.021675519669114664,0.018447280206514597,0.0,0.0,0.16758241758241757,0.03521866177663674,0.027201410550844674,0.0,0.0,0.2248847926267281
networkaion,0.25,0.25,0.1,0.10601792099058625,0.06617140987282645,0.0,0.0,0.4166666666666667,0.02166288739900502,0.018715395711378556,0.0,0.0,0.15247252747252749,0.03523815198719724,0.027448836946698675,0.0,0.0,0.2046082949308756
networkaion,0.25,0.25,0.25,0.11089528425005785,0.06591244940087254,0.0,0.0,0.3888888888888889,0.02258218609364652,0.018220643710387726,0.0,0.0,0.16071428571428573,0.03682653442701707,0.027034590893373886,0.0,0.0,0.21566820276497695
networkaion,0.25,0.25,0.5,0.11750533764419874,0.06684405030644872,0.0,0.0,0.36363636363636365,0.02389104307327114,0.01935420398282249,0.0,0.0,0.17307692307692307,0.0389619312798084,0.02849226893303302,0.0,0.0,0.23225806451612904
networkaion,0.25,0.25,0.75,0.14136339239059834,0.07154143825060197,0.0,0.0,0.5,0.028411189694918054,0.019329703115658448,0.0,0.0,0.16071428571428573,0.04645388337586655,0.028606913965201215,0.0,0.0,0.21566820276497695
networkaion,0.25,0.25,1.0,0.1478495756324726,0.06887437439765288,0.0,0.0,0.36363636363636365,0.029331719721165158,0.018971515239107162,0.0,0.0,0.17582417582417584,0.04806052064371502,0.027791140029473096,0.0,0.0,0.2359447004608295
networkaion,0.25,0.25,2.0,0.18608793267711077,0.0806748558118481,0.125,0.0,0.39775910364145656,0.03674281419262583,0.02299477880846679,0.0,0.0,0.19505494505494506,0.060272100120640854,0.03368896723070937,0.0,0.0,0.2617511520737327
networkaion,0.25,0.25,3.0,0.1972872144190122,0.08730067033581346,0.125,0.0,0.47619047619047616,0.03926394806103614,0.02470628986572377,0.0,0.0,0.21016483516483517,0.06435870014923507,0.03639086252341102,0.0,0.0,0.2820276497695853
networkaion,0.25,0.25,5.0,0.2201694261814452,0.0980306974944147,0.125,0.0,0.5238095238095238,0.04331275270768139,0.025918102261797638,0.0,0.0,0.2184065934065934,0.07112194665880756,0.038392403708411516,0.0,0.0,0.2930875576036866
networkaion,0.25,0.5,0,0.11463057774367284,0.06539240029433283,0.0,0.0,0.4166666666666667,0.02276171519393543,0.01764856653832574,0.0,0.0,0.16758241758241757,0.037232252813894674,0.02588441456457795,0.0,0.0,0.2248847926267281
networkaion,0.25,0.5,0.1,0.12207091871717142,0.06507478387794621,0.0,0.0,0.4444444444444444,0.024375609741950167,0.01762321511579545,0.0,0.0,0.15934065934065933,0.039894932357811184,0.026060862373141345,0.0,0.0,0.21382488479262673
networkaion,0.25,0.5,0.25,0.12259220334047134,0.06556328455783006,0.0,0.0,0.4444444444444444,0.024848466160404127,0.01836563235574954,0.0,0.0,0.15384615384615385,0.04054913812267848,0.027118712418009252,0.0,0.0,0.2064516129032258
networkaion,0.25,0.5,0.5,0.1408859938961476,0.07196447228351911,0.0,0.0,0.3888888888888889,0.028375815416634968,0.02037063769931453,0.0,0.0,0.16895604395604397,0.04633234546902783,0.0300352319624621,0.0,0.0,0.22672811059907838
networkaion,0.25,0.5,0.75,0.15455853807914505,0.06931633305825016,0.1,0.0,0.5,0.03081890852505359,0.020700875716399468,0.0,0.0,0.18681318681318682,0.05037281701513442,0.02971301076934621,0.0,0.0,0.25069124423963135
networkaion,0.25,0.5,1.0,0.15568784487489065,0.0709419336994172,0.16666666666666666,0.0,0.3888888888888889,0.03074647651845544,0.019883699955201006,0.0,0.0,0.18681318681318682,0.05041326842516527,0.028989251604892,0.0,0.0,0.25069124423963135
networkaion,0.25,0.5,2.0,0.19149320277592777,0.08125482483361192,0.125,0.0,0.5,0.03806681002130902,0.02338714807986977,0.024390243902439025,0.0,0.20604395604395603,0.06241250065963045,0.034320310345964986,0.0,0.0,0.2764976958525346
networkaion,0.25,0.5,3.0,0.1993589901198438,0.08513487979198567,0.125,0.0,0.5238095238095238,0.039701313570127905,0.02424326531941659,0.0,0.0,0.21153846153846154,0.06506875340044549,0.035631114939747015,0.0,0.0,0.2838709677419355
networkaion,0.25,0.5,5.0,0.21936905894760136,0.0977435771540232,0.125,0.0,0.6666666666666666,0.04346151828868989,0.027061777253249507,0.024390243902439025,0.0,0.2239010989010989,0.07127265963632051,0.03988625241449932,0.0,0.0,0.30046082949308756
networkaion,0.25,0.75,0,0.13225497407560702,0.06412363159377368,0.0,0.0,0.4166666666666667,0.025897811779824323,0.01651299734811002,0.0,0.0,0.1565934065934066,0.0425352246028023,0.024390564147951727,0.0,0.0,0.21013824884792626
networkaion,0.25,0.75,0.1,0.1374419275867327,0.06287816181012289,0.125,0.0,0.3888888888888889,0.027381024985848386,0.018105571736230685,0.0,0.0,0.17445054945054944,0.04485440860231079,0.026510383220521197,0.0,0.0,0.23410138248847925
networkaion,0.25,0.75,0.25,0.14390169488049773,0.06624733955693873,0.125,0.0,0.5,0.028210782400628066,0.017907328145251863,0.0,0.0,0.17032967032967034,0.046316803136863094,0.026233567883404883,0.0,0.0,0.22857142857142862
networkaion,0.25,0.75,0.5,0.14148675054523666,0.06807836013436462,0.0,0.0,0.3888888888888889,0.027583934229806813,0.018313803692633444,0.0,0.0,0.16758241758241757,0.04533256833326411,0.02705397990818844,0.0,0.0,0.2248847926267281
networkaion,0.25,0.75,0.75,0.15491640745170096,0.06372727166965056,0.09090909090909091,0.0,0.3641456582633053,0.030233554600939863,0.018225096009983774,0.0,0.0,0.17857142857142858,0.049689463329682555,0.02645411079259299,0.0,0.0,0.23963133640552994
networkaion,0.25,0.75,1.0,0.16043988868088835,0.06974667179398276,0.1,0.0,0.4166666666666667,0.03162516042794235,0.020030308785714292,0.024390243902439025,0.0,0.18269230769230768,0.05189490944168279,0.02922953904501476,0.0,0.0,0.2451612903225806
networkaion,0.25,0.75,2.0,0.19012808159660108,0.08194746954204034,0.125,0.0,0.5,0.03745958312928975,0.0224600451751122,0.024390243902439025,0.0,0.19917582417582416,0.061496142543880035,0.03304694224286963,0.0,0.0,0.2672811059907834
networkaion,0.25,0.75,3.0,0.20227175442669001,0.09253282128763313,0.1,0.0,0.6666666666666666,0.04003680179662149,0.02486045203121895,0.0,0.0,0.2032967032967033,0.06570821540371498,0.03698989250714828,0.0,0.0,0.2728110599078341
networkaion,0.25,0.75,5.0,0.21520311322199542,0.09442468627426201,0.1,0.0,0.5238095238095238,0.042413875576787635,0.025862441394742874,0.0,0.0,0.2184065934065934,0.06966261015493018,0.03833340989974022,0.0,0.0,0.2930875576036866
networkaion,0.25,1.0,0,0.14215705107406737,0.06422564290777254,0.125,0.0,0.375,0.02799838875390341,0.01842973074107533,0.024390243902439025,0.0,0.15796703296703296,0.04589270031522954,0.02662364783272267,0.0,0.0,0.2119815668202765
networkaion,0.25,1.0,0.1,0.13850594307607186,0.06128133453236634,0.125,0.0,0.3611111111111111,0.026823269796308162,0.01625919999156532,0.0,0.0,0.16071428571428573,0.04409832076806759,0.023673535736122152,0.0,0.0,0.21566820276497695
networkaion,0.25,1.0,0.25,0.1417354647286935,0.06069929179491486,0.125,0.0,0.3277310924369748,0.028040088452630927,0.017447895225289736,0.0,0.0,0.16071428571428573,0.04597054568235992,0.025426822032476586,0.0,0.0,0.21566820276497695
networkaion,0.25,1.0,0.5,0.15481553055820008,0.06852932206817175,0.25,0.0,0.3888888888888889,0.03062847791702348,0.019765481014437144,0.0,0.0,0.17994505494505494,0.050219681500916304,0.028730490189932727,0.0,0.0,0.24147465437788018
networkaion,0.25,1.0,0.75,0.1604691452565046,0.06705613394935227,0.125,0.0,0.42857142857142855,0.03142240723464569,0.018659888962012747,0.024390243902439025,0.0,0.17307692307692307,0.05160188805911839,0.02703489740237529,0.04081632653061225,0.0,0.23225806451612904
networkaion,0.25,1.0,1.0,0.16662606868625834,0.07268022600981605,0.125,0.0,0.4,0.03279010178911299,0.020514166690076756,0.01694915254237288,0.0,0.1813186813186813,0.05379355005240969,0.029948966314332595,0.0,0.0,0.24331797235023042
networkaion,0.25,1.0,2.0,0.1892294151692907,0.07821128930096441,0.16666666666666666,0.0,0.38935574229691877,0.03762752655361008,0.023010839747030186,0.0,0.0,0.19093406593406592,0.06167988078283503,0.03374860545296981,0.0,0.0,0.25622119815668204
networkaion,0.25,1.0,3.0,0.20573954811809442,0.08802011803387463,0.125,0.0,0.5,0.04053133441445965,0.024997043643949675,0.0,0.0,0.2184065934065934,0.06653046737559769,0.036598513397755356,0.0,0.0,0.2930875576036866
networkaion,0.25,1.0,5.0,0.21880916354706678,0.09605250953713129,0.16666666666666666,0.0,0.6190476190476191,0.04294546001428664,0.02545914030696266,0.0,0.0,0.21703296703296704,0.07057958664720611,0.0378898106484489,0.0,0.0,0.2912442396313364
networkaion,0.25,2.0,0,0.15421870585062164,0.06418098531796268,0.125,0.0,0.3888888888888889,0.02972890678206166,0.016468831830379303,0.024390243902439025,0.0,0.15384615384615385,0.048937940604916644,0.02402882412681911,0.0,0.0,0.2064516129032258
networkaion,0.25,2.0,0.1,0.15320802931114838,0.06823988919464094,0.125,0.0,0.47619047619047616,0.029508665749400073,0.01755104933098605,0.024390243902439025,0.0,0.14835164835164835,0.04856084103729075,0.025590878599376796,0.0,0.0,0.19907834101382488
networkaion,0.25,2.0,0.25,0.15879850919695324,0.06489085999672846,0.125,0.0,0.4166666666666667,0.031132988183440815,0.018225086105422592,0.024390243902439025,0.0,0.15796703296703296,0.05114238195610535,0.026543364549755043,0.04081632653061225,0.0,0.2119815668202765
networkaion,0.25,2.0,0.5,0.1576337003399186,0.0679802534735356,0.1,0.0,0.3888888888888889,0.03061313043004816,0.018391091510690957,0.024390243902439025,0.0,0.18269230769230768,0.05036659629959911,0.026797232570647842,0.04081632653061225,0.0,0.2451612903225806
networkaion,0.25,2.0,0.75,0.16334243809294893,0.06931072186262943,0.09090909090909091,0.0,0.4166666666666667,0.03226002853904967,0.01993010890401128,0.0,0.0,0.17307692307692307,0.052911243853583395,0.028957176785598556,0.0,0.0,0.23225806451612904
networkaion,0.25,2.0,1.0,0.17124417298395825,0.07288540418684451,0.125,0.0,0.5,0.033390414283705615,0.018943600815990436,0.017857142857142856,0.0,0.18543956043956045,0.05495142580985825,0.027996457369281986,0.043478260869565216,0.0,0.2488479262672811
networkaion,0.25,2.0,2.0,0.18986147678244106,0.08100003483839732,0.125,0.0,0.3949579831932773,0.037326831323753834,0.022627333488486084,0.024390243902439025,0.0,0.1936813186813187,0.06127021245335235,0.033176636988564774,0.0,0.0,0.25990783410138246
networkaion,0.25,2.0,3.0,0.20766460029219802,0.08778548520567568,0.25,0.0,0.5714285714285714,0.040836836342072795,0.023983451540945708,0.024390243902439025,0.0,0.21153846153846154,0.06706411017094596,0.03536042751926528,0.0,0.0,0.2838709677419355
networkaion,0.25,2.0,5.0,0.2215427629924021,0.09837695632699307,0.25,0.0,0.5714285714285714,0.04343963249507894,0.02566982174346804,0.0,0.0,0.21565934065934067,0.07139180874725966,0.038187639345661044,0.0,0.0,0.2894009216589862
networkaion,0.25,3.0,0,0.15263570540226254,0.06439432768815871,0.125,0.0,0.4166666666666667,0.029887472134708815,0.017376549876221174,0.024390243902439025,0.0,0.13598901098901098,0.04909159904264589,0.025471760192116607,0.04081632653061225,0.0,0.1824884792626728
networkaion,0.25,3.0,0.1,0.1527853124240876,0.06436031123502364,0.16666666666666666,0.0,0.3888888888888889,0.029644922171547145,0.016144121457790764,0.024390243902439025,0.0,0.14423076923076922,0.048776871372922595,0.023643995640353358,0.04081632653061225,0.0,0.19354838709677416
networkaion,0.25,3.0,0.25,0.15386991237217568,0.06441821054607098,0.16666666666666666,0.0,0.4444444444444444,0.029735547916393035,0.016487765279395772,0.024390243902439025,0.0,0.14697802197802198,0.04897554105944672,0.024351593516191546,0.0,0.0,0.19723502304147467
networkaion,0.25,3.0,0.5,0.15903407338580736,0.06715310395023154,0.16666666666666666,0.0,0.42857142857142855,0.03065095744015039,0.01634933053008632,0.01694915254237288,0.0,0.13186813186813187,0.05052199295489461,0.024479188603201755,0.0,0.0,0.1769585253456221
networkaion,0.25,3.0,0.75,0.16201094095701737,0.06689914974550878,0.125,0.0,0.42857142857142855,0.03150172622308582,0.017524266499077342,0.024390243902439025,0.0,0.1662087912087912,0.05186472518489172,0.025881470410208367,0.04081632653061225,0.0,0.22304147465437787
networkaion,0.25,3.0,1.0,0.16696748439805892,0.068800581751956,0.125,0.0,0.3888888888888889,0.03248161372667859,0.017771017451350575,0.024390243902439025,0.0,0.1565934065934066,0.05351226634613375,0.02658683951345297,0.03389830508474576,0.0,0.21013824884792626
networkaion,0.25,3.0,2.0,0.19162424984213353,0.08377746371290903,0.25,0.0,0.47619047619047616,0.0373684796726496,0.02173554627660403,0.024390243902439025,0.0,0.18818681318681318,0.06149919893930215,0.03237511825352093,0.0816326530612245,0.0,0.2525345622119816
networkaion,0.25,3.0,3.0,0.20456592769796667,0.09260871033268048,0.125,0.0,0.5238095238095238,0.04001979949151291,0.024085231906418262,0.0,0.0,0.20054945054945056,0.06580681106139256,0.03583530995410813,0.0,0.0,0.26912442396313363
networkaion,0.25,3.0,5.0,0.22122535900567794,0.09731046357422979,0.25,0.0,0.5714285714285714,0.04349211900301044,0.02626093158902556,0.024390243902439025,0.0,0.22115384615384615,0.07142687835500368,0.03887720519849721,0.0,0.0,0.2967741935483871
networkaion,0.25,5.0,0,0.12690829627005742,0.06813387966738556,0.125,0.0,0.3611111111111111,0.023587978928001962,0.012882354622089802,0.024390243902439025,0.0,0.06818181818181818,0.039124544772317575,0.020514932005596096,0.04081632653061225,0.0,0.10714285714285714
networkaion,0.25,5.0,0.1,0.12608838404717906,0.07066006082194316,0.125,0.0,0.3888888888888889,0.023766693196049758,0.014077347295295639,0.0,0.0,0.08163265306122448,0.03932391723668094,0.02226373873639381,0.0,0.0,0.13333333333333333
networkaion,0.25,5.0,0.25,0.12522122227739305,0.06590214146082314,0.125,0.0,0.42857142857142855,0.023612859724635282,0.013492399436836292,0.024390243902439025,0.0,0.08333333333333333,0.03903826579765057,0.020911416170708515,0.04081632653061225,0.0,0.11538461538461539
networkaion,0.25,5.0,0.5,0.12920644209745738,0.06777102794535084,0.125,0.0,0.3888888888888889,0.02468468915742895,0.015138666507358596,0.024390243902439025,0.0,0.1111111111111111,0.04070653274896819,0.02308010608813119,0.04081632653061225,0.0,0.15384615384615383
networkaion,0.25,5.0,0.75,0.1252623710662628,0.06883816339264419,0.125,0.0,0.3888888888888889,0.02339217129305594,0.0131470335885634,0.024390243902439025,0.0,0.06236786469344609,0.03879223184250795,0.021005395712110783,0.04081632653061225,0.0,0.1
networkaion,0.25,5.0,1.0,0.1330337464034176,0.07056579598707698,0.125,0.0,0.4166666666666667,0.025165070788713235,0.01477092033906774,0.024390243902439025,0.0,0.1111111111111111,0.041597186884767656,0.022856706963365177,0.04081632653061225,0.0,0.15384615384615383
networkaion,0.25,5.0,2.0,0.13822154663775385,0.07593278271407952,0.125,0.0,0.375,0.026143874092945482,0.01616574150304223,0.024390243902439025,0.0,0.1111111111111111,0.04318436259566583,0.024987155481078487,0.04081632653061225,0.0,0.15384615384615383
networkaion,0.25,5.0,3.0,0.14623173238859344,0.08503917865747958,0.125,0.0,0.42857142857142855,0.027582788570322776,0.01777006287458097,0.024390243902439025,0.0,0.1111111111111111,0.045623623405880644,0.027783091812495206,0.04081632653061225,0.0,0.15384615384615383
networkaion,0.25,5.0,5.0,0.15893515311277875,0.09100759219156612,0.125,0.0,0.4857142857142857,0.030004692919396732,0.01839806097318228,0.024390243902439025,0.0,0.1111111111111111,0.04965330448921012,0.029040170493061793,0.04081632653061225,0.0,0.15384615384615383
networkaion,0.5,0,0,0.07820209150248181,0.06353423702475308,0.0,0.0,0.375,0.016344369265357428,0.015957176882113105,0.0,0.0,0.11538461538461539,0.026576264751443465,0.02437940925606769,0.0,0.0,0.15483870967741936
networkaion,0.5,0,0.1,0.08215532542002642,0.05999782672907878,0.0,0.0,0.3611111111111111,0.017289136098106495,0.015733006485252034,0.0,0.0,0.11813186813186813,0.028074654068248002,0.0238253092332583,0.0,0.0,0.1585253456221198
networkaion,0.5,0,0.25,0.08564208865621946,0.058330888784728245,0.0,0.0,0.3611111111111111,0.017617293597056376,0.015789067678366613,0.0,0.0,0.12912087912087913,0.028639809036232956,0.023510404664205568,0.0,0.0,0.17327188940092167
networkaion,0.5,0,0.5,0.10097397757769774,0.060532353723833025,0.0,0.0,0.2777777777777778,0.020415820938494447,0.01697258778947974,0.0,0.0,0.1346153846153846,0.0332885600768391,0.025082854751040946,0.0,0.0,0.1806451612903226
networkaion,0.5,0,0.75,0.1168164210955113,0.06086960718603258,0.0,0.0,0.3333333333333333,0.023794932113362657,0.017484663641702466,0.0,0.0,0.14560439560439561,0.038820970264803516,0.025756554018478754,0.0,0.0,0.19539170506912443
networkaion,0.5,0,1.0,0.12235037991467113,0.06969454123828973,0.0,0.0,0.375,0.0247376939617637,0.018356154322766913,0.0,0.0,0.1304945054945055,0.04043883295593666,0.027596957459147413,0.0,0.0,0.17511520737327188
networkaion,0.5,0,2.0,0.17589949503079885,0.07491772765513219,0.16666666666666666,0.0,0.3697478991596639,0.03547899769481625,0.02278351255800266,0.0,0.0,0.1813186813186813,0.05802736711069058,0.03328638282947699,0.0,0.0,0.24331797235023042
networkaion,0.5,0,3.0,0.19971840531482402,0.08727391840456111,0.25,0.0,0.5238095238095238,0.03944260717182839,0.023681813435813274,0.0,0.0,0.19230769230769232,0.06474310114305205,0.03511823117419446,0.0,0.0,0.25806451612903225
networkaion,0.5,0,5.0,0.21777444360830533,0.09553350360376428,0.125,0.0,0.5238095238095238,0.0428243653974115,0.02550847384800125,0.0,0.0,0.2087912087912088,0.07036703369640891,0.038029435033086645,0.0,0.0,0.280184331797235
networkaion,0.5,0.1,0,0.08654814750554499,0.06025869740731922,0.0,0.0,0.3055555555555556,0.017762102490123586,0.015470659887271912,0.0,0.0,0.10851648351648352,0.028897869329769392,0.023319185791421285,0.0,0.0,0.1456221198156682
networkaion,0.5,0.1,0.1,0.09007879908247352,0.06325693842920335,0.0,0.0,0.3611111111111111,0.01851966905750185,0.017718354459176598,0.0,0.0,0.1388888888888889,0.030065582860867825,0.025981120818941175,0.0,0.0,0.1923076923076923
networkaion,0.5,0.1,0.25,0.08675140756127525,0.05974050548021462,0.0,0.0,0.3888888888888889,0.018218279134495342,0.016538948649271572,0.0,0.0,0.1304945054945055,0.029535132893553525,0.024588935873016884,0.0,0.0,0.17511520737327188
networkaion,0.5,0.1,0.5,0.10650843310603601,0.06693953608137518,0.0,0.0,0.5,0.021465030414656413,0.0170423695047605,0.0,0.0,0.14697802197802198,0.03508880140421386,0.02564863062134422,0.0,0.0,0.19723502304147467
networkaion,0.5,0.1,0.75,0.11713106866596396,0.06784354741334252,0.0,0.0,0.3888888888888889,0.023684292216740913,0.018324930800983154,0.0,0.0,0.1620879120879121,0.03864715104526354,0.027042614426799057,0.0,0.0,0.21751152073732716
networkaion,0.5,0.1,1.0,0.12660980800668317,0.0709650855806819,0.0,0.0,0.3888888888888889,0.025533565298138924,0.018943408280891725,0.0,0.0,0.14560439560439561,0.04173592469116553,0.028296660114509792,0.0,0.0,0.19539170506912443
networkaion,0.5,0.1,2.0,0.17545353917142004,0.07904317190788678,0.125,0.0,0.4583333333333333,0.03479081578058586,0.021592890294066896,0.024390243902439025,0.0,0.1771978021978022,0.057085758157512455,0.03217360500224718,0.0,0.0,0.23778801843317973
networkaion,0.5,0.1,3.0,0.1997395979796921,0.09029337599066413,0.125,0.0,0.6666666666666666,0.03895733616177052,0.023703071956404077,0.0,0.0,0.19093406593406592,0.06408897482577987,0.03529899544064911,0.0,0.0,0.25622119815668204
networkaion,0.5,0.1,5.0,0.21696794434235,0.09974346239259156,0.125,0.0,0.5238095238095238,0.042392072327688275,0.025492675146212146,0.0,0.0,0.2129120879120879,0.06972533723435592,0.0381438470900778,0.0,0.0,0.2857142857142857
networkaion,0.5,0.25,0,0.08997171024957279,0.05295907060536018,0.0,0.0,0.3333333333333333,0.018201025486079995,0.014237837243082216,0.0,0.0,0.11538461538461539,0.029687777190946108,0.02114143188345014,0.0,0.0,0.15483870967741936
networkaion,0.5,0.25,0.1,0.09293028638889726,0.0583809125150363,0.0,0.0,0.3333333333333333,0.018935305259202635,0.016001894499469073,0.0,0.0,0.12362637362637363,0.030845956752817694,0.023745491854801955,0.0,0.0,0.16589861751152074
networkaion,0.5,0.25,0.25,0.09833451627806288,0.06181715138672673,0.0,0.0,0.3333333333333333,0.019740754211136125,0.01655530428818909,0.0,0.0,0.13186813186813187,0.03223657005042705,0.024808063152278667,0.0,0.0,0.1769585253456221
networkaion,0.5,0.25,0.5,0.12241029091706958,0.06652287068558235,0.0,0.0,0.5,0.02475464263136856,0.01811488518964638,0.0,0.0,0.14423076923076922,0.04040274879173024,0.02674501017958985,0.0,0.0,0.19354838709677416
networkaion,0.5,0.25,0.75,0.12690634720354285,0.06254446715889454,0.0,0.0,0.33613445378151263,0.025551453047213353,0.018991802631190716,0.0,0.0,0.16483516483516483,0.04168460710233155,0.02744946287167592,0.0,0.0,0.22119815668202766
networkaion,0.5,0.25,1.0,0.1353709033407724,0.06635467491323883,0.0,0.0,0.3333333333333333,0.026966855962192365,0.01767045959022386,0.0,0.0,0.14697802197802198,0.04418027681013767,0.026286703463565327,0.0,0.0,0.19723502304147467
networkaion,0.5,0.25,2.0,0.18071392830289534,0.07994069806667672,0.125,0.0,0.38095238095238093,0.03560649725107025,0.021215929387374037,0.0,0.0,0.17307692307692307,0.05852134827769032,0.03163019962590866,0.0,0.0,0.23225806451612904
networkaion,0.5,0.25,3.0,0.19684555566292158,0.08615261511648539,0.1,0.0,0.42857142857142855,0.03827445403696402,0.022364831094873514,0.024390243902439025,0.0,0.18543956043956045,0.06297501236984816,0.03315686298109395,0.0,0.0,0.2488479262672811
networkaion,0.5,0.25,5.0,0.224647620811409,0.09864320152598839,0.125,0.0,0.5238095238095238,0.043901305726090384,0.02572881209079216,0.0,0.0,0.20741758241758243,0.07218553810541199,0.03825199078944536,0.0,0.0,0.27834101382488485
networkaion,0.5,0.5,0,0.10140364322139404,0.05518202519738968,0.0,0.0,0.3611111111111111,0.020598425112615774,0.015983026466361766,0.0,0.0,0.11126373626373626,0.03356829391223747,0.023507267421718894,0.0,0.0,0.14930875576036864
networkaion,0.5,0.5,0.1,0.11206649858145819,0.0633121460660237,0.0,0.0,0.3611111111111111,0.022692542503267236,0.016773718951571058,0.0,0.0,0.12362637362637363,0.03708101775648459,0.025294113549782414,0.0,0.0,0.16589861751152074
networkaion,0.5,0.5,0.25,0.11636443719059357,0.06524113368908564,0.0,0.0,0.3611111111111111,0.023139391136754745,0.01667058636517428,0.0,0.0,0.13598901098901098,0.03789164187139414,0.025028801315545534,0.0,0.0,0.1824884792626728
networkaion,0.5,0.5,0.5,0.12825655311277104,0.06323398423374166,0.0,0.0,0.3888888888888889,0.025322327259146057,0.01632030454455737,0.0,0.0,0.12225274725274725,0.04149796156327369,0.0240686052406317,0.0,0.0,0.1640552995391705
networkaion,0.5,0.5,0.75,0.13057815787145513,0.0635989576577846,0.125,0.0,0.3888888888888889,0.025992745241022904,0.01670459505859549,0.0,0.0,0.13324175824175824,0.042606955960021786,0.024911375712849352,0.0,0.0,0.17880184331797233
networkaion,0.5,0.5,1.0,0.1562619621593886,0.07487925365444646,0.25,0.0,0.5,0.030818630499158773,0.01955760576870729,0.0,0.0,0.15521978021978022,0.05062086534307044,0.029301755441057516,0.0,0.0,0.20829493087557605
networkaion,0.5,0.5,2.0,0.1864826036598493,0.07752871930234102,0.125,0.0,0.4,0.03651585063309151,0.020703173190469302,0.03571428571428571,0.0,0.18269230769230768,0.060052255958835316,0.03075498431583599,0.0,0.0,0.2451612903225806
networkaion,0.5,0.5,3.0,0.2013020026275732,0.08958513752166629,0.125,0.0,0.45454545454545453,0.039136866669433175,0.02316044548547777,0.0,0.0,0.1936813186813187,0.06438688889848401,0.03439320217570141,0.0,0.0,0.25990783410138246
networkaion,0.5,0.5,5.0,0.2214499638733736,0.09736379263260367,0.25,0.0,0.5238095238095238,0.04339434610535135,0.02526465911442899,0.024390243902439025,0.0,0.20604395604395603,0.07134963862110599,0.037793856010216745,0.0,0.0,0.2764976958525346
networkaion,0.5,0.75,0,0.12521424815322565,0.06609461189287134,0.0,0.0,0.3611111111111111,0.024029516608431663,0.01530178678454882,0.0,0.0,0.12637362637362637,0.0396002130626361,0.023055978245902768,0.0,0.0,0.1695852534562212
networkaion,0.5,0.75,0.1,0.1283633368353572,0.06612633953703703,0.0,0.0,0.5,0.024973121644552097,0.015827143871716187,0.0,0.0,0.11401098901098901,0.041031960650297905,0.02366176919566472,0.0,0.0,0.15299539170506912
networkaion,0.5,0.75,0.25,0.13300645620840398,0.06227203484916863,0.14285714285714285,0.0,0.4444444444444444,0.026226416032729318,0.01648782757815686,0.0,0.0,0.13186813186813187,0.04303634388635128,0.024484077480163815,0.0,0.0,0.1769585253456221
networkaion,0.5,0.75,0.5,0.1413311666064317,0.06452283708452378,0.125,0.0,0.4166666666666667,0.02767589148718262,0.017071001894895146,0.024390243902439025,0.0,0.12912087912087913,0.04541860509231111,0.025058636417727917,0.0,0.0,0.17327188940092167
networkaion,0.5,0.75,0.75,0.14871451439608288,0.06068945854432168,0.125,0.0,0.375,0.02944145238417406,0.017693224820018814,0.0,0.0,0.14285714285714285,0.04823707166294602,0.025781430583902254,0.0,0.0,0.19170506912442395
networkaion,0.5,0.75,1.0,0.15711566709597852,0.06914346963576501,0.125,0.0,0.5238095238095238,0.030766945299818542,0.01907422246562903,0.0,0.0,0.1565934065934066,0.05052823477516905,0.02786440924998083,0.0,0.0,0.21013824884792626
networkaion,0.5,0.75,2.0,0.18444830837073542,0.08541718050732477,0.25,0.0,0.5,0.03641927318756387,0.023686742778573314,0.0,0.0,0.19444444444444445,0.05973795622386968,0.03466474536031725,0.0,0.0,0.2692307692307693
networkaion,0.5,0.75,3.0,0.20273390826969087,0.08389300189226877,0.25,0.0,0.47619047619047616,0.03975503157657387,0.02281493598470508,0.0,0.0,0.19093406593406592,0.06535311911537707,0.03381644894901557,0.0,0.0,0.25622119815668204
networkaion,0.5,0.75,5.0,0.22427485014723203,0.09910626393217208,0.125,0.0,0.6190476190476191,0.04401031373960517,0.026007123507627336,0.058823529411764705,0.0,0.2129120879120879,0.07233583952801369,0.038725118526788456,0.04081632653061225,0.0,0.2857142857142857
networkaion,0.5,1.0,0,0.13089122953103832,0.056598142147633694,0.16666666666666666,0.0,0.3055555555555556,0.02573181561516413,0.01549262445732667,0.0,0.0,0.11401098901098901,0.042228999832249946,0.02282236366593189,0.0,0.0,0.15299539170506912
networkaion,0.5,1.0,0.1,0.13125139470145064,0.05808646952994863,0.1,0.0,0.3333333333333333,0.025527105379018332,0.015013023663166017,0.0,0.0,0.12637362637362637,0.04199161836169784,0.02223917737390526,0.0,0.0,0.1695852534562212
networkaion,0.5,1.0,0.25,0.1399207069483569,0.06191881847016673,0.125,0.0,0.3888888888888889,0.027390644864465123,0.016177126249485217,0.0,0.0,0.11950549450549451,0.04500700564703431,0.024008046298498092,0.0,0.0,0.16036866359447005
networkaion,0.5,1.0,0.5,0.14995422129715413,0.06766331210491879,0.125,0.0,0.5,0.029386068921852027,0.018268409287708683,0.0,0.0,0.14835164835164835,0.04824381473416498,0.026819628117980672,0.0,0.0,0.19907834101382488
networkaion,0.5,1.0,0.75,0.15662148067780268,0.06545802303548928,0.125,0.0,0.38095238095238093,0.030784628634713478,0.018170042050534334,0.024390243902439025,0.0,0.15384615384615385,0.05051164686170012,0.026490251995395626,0.0,0.0,0.2064516129032258
networkaion,0.5,1.0,1.0,0.1591131463566761,0.06676051610174628,0.2,0.0,0.3333333333333333,0.031315806422002046,0.018209638191336707,0.0,0.0,0.15247252747252749,0.051457185893477725,0.0269251749123433,0.0,0.0,0.2046082949308756
networkaion,0.5,1.0,2.0,0.1830444718747595,0.08111035988222255,0.25,0.0,0.42857142857142855,0.03577938857502895,0.02111338257240991,0.0,0.0,0.1717032967032967,0.058850464100731574,0.03153191010286621,0.0,0.0,0.23041474654377883
networkaion,0.5,1.0,3.0,0.20356331288914373,0.08858318307750321,0.25,0.0,0.5,0.039866246540266714,0.02298073844871172,0.01694915254237288,0.0,0.19505494505494506,0.06555796229521776,0.03415859173595077,0.04081632653061225,0.0,0.2617511520737327
networkaion,0.5,1.0,5.0,0.22055637396426475,0.09800268649994454,0.125,0.0,0.5714285714285714,0.04339743254720698,0.02578976794268123,0.024390243902439025,0.0,0.21153846153846154,0.07130547661946426,0.03846346053173951,0.04081632653061225,0.0,0.2838709677419355
networkaion,0.5,2.0,0,0.14323289729384264,0.057994435152105984,0.125,0.0,0.38095238095238093,0.02763506408160126,0.014173181096248101,0.024390243902439025,0.0,0.12912087912087913,0.04553576619470977,0.020916951168813157,0.04081632653061225,0.0,0.17327188940092167
networkaion,0.5,2.0,0.1,0.14806520566680226,0.06302873886633326,0.125,0.0,0.375,0.028899547572204882,0.01667240927834967,0.024390243902439025,0.0,0.125,0.04749937749385212,0.02457900895466534,0.0,0.0,0.16774193548387095
networkaion,0.5,2.0,0.25,0.14520162492698263,0.06075174609145386,0.125,0.0,0.3611111111111111,0.028453945521407738,0.0163264195040824,0.024390243902439025,0.0,0.11940298507462686,0.04672231051570701,0.023937779203739906,0.0,0.0,0.16494845360824742
networkaion,0.5,2.0,0.5,0.15066064011436056,0.06399489338401186,0.1,0.0,0.3611111111111111,0.02936646500343947,0.01722462409532458,0.024390243902439025,0.0,0.13186813186813187,0.048266396874789494,0.025309912524413898,0.0,0.0,0.1769585253456221
networkaion,0.5,2.0,0.75,0.16244132315384982,0.06672928081319328,0.125,0.0,0.38095238095238093,0.03170577879404842,0.017559959045328567,0.024390243902439025,0.0,0.15247252747252749,0.05212125994583571,0.02583655467013717,0.04081632653061225,0.0,0.2046082949308756
networkaion,0.5,2.0,1.0,0.1671223705519295,0.0678675903583887,0.125,0.0,0.38095238095238093,0.03248953911277555,0.017818135250781846,0.024390243902439025,0.0,0.15384615384615385,0.053457540647769745,0.026239628454983857,0.04081632653061225,0.0,0.2064516129032258
networkaion,0.5,2.0,2.0,0.1894419143181077,0.08115686204439382,0.1,0.0,0.47619047619047616,0.037365366545713714,0.022702458781032463,0.024390243902439025,0.0,0.18269230769230768,0.061327948887468633,0.033391807460465404,0.0,0.0,0.2451612903225806
networkaion,0.5,2.0,3.0,0.20372544805119738,0.08913895067173602,0.125,0.0,0.5238095238095238,0.039910661127748576,0.02354109809499966,0.024390243902439025,0.0,0.1978021978021978,0.06561316877092506,0.03499711915182812,0.04081632653061225,0.0,0.26543778801843315
networkaion,0.5,2.0,5.0,0.22084616992321543,0.09938213797581073,0.125,0.0,0.5714285714285714,0.04326488514866511,0.025934080943223338,0.024390243902439025,0.0,0.2129120879120879,0.07114978504159333,0.038766394815518,0.04081632653061225,0.0,0.2857142857142857
networkaion,0.5,3.0,0,0.14617590534460564,0.0592169913716439,0.125,0.0,0.3333333333333333,0.02804678720179415,0.014253738704872782,0.024390243902439025,0.0,0.12637362637362637,0.046275171918418886,0.021246360694122873,0.04081632653061225,0.0,0.1695852534562212
networkaion,0.5,3.0,0.1,0.15101992628512406,0.062060629560115384,0.125,0.0,0.38095238095238093,0.02924616606470705,0.015600774689393014,0.024390243902439025,0.0,0.12637362637362637,0.04815648042640248,0.02300203187804898,0.04081632653061225,0.0,0.1695852534562212
networkaion,0.5,3.0,0.25,0.15788232065495586,0.06575993279278178,0.125,0.0,0.42857142857142855,0.030629223603941647,0.016249251746564188,0.024390243902439025,0.0,0.12774725274725274,0.05045220213054722,0.024424012015979525,0.0,0.0,0.1714285714285714
networkaion,0.5,3.0,0.5,0.15701427802914014,0.061874718175698146,0.1,0.0,0.3333333333333333,0.030522212831079348,0.016102296843183518,0.024390243902439025,0.0,0.1346153846153846,0.05028558796581594,0.02410263327297917,0.04081632653061225,0.0,0.1806451612903226
networkaion,0.5,3.0,0.75,0.1676912666299443,0.07080791730460019,0.16666666666666666,0.0,0.3888888888888889,0.03219405727325415,0.017201582146517264,0.024390243902439025,0.0,0.14972527472527472,0.05315584702455946,0.02594344173390368,0.0,0.0,0.2009216589861751
networkaion,0.5,3.0,1.0,0.16811257015092979,0.07582472014080129,0.125,0.0,0.42857142857142855,0.03268866675264785,0.019043761393525545,0.024390243902439025,0.0,0.14560439560439561,0.053802811036555036,0.02849701637846998,0.04081632653061225,0.0,0.19539170506912443
networkaion,0.5,3.0,2.0,0.188556092517335,0.08032599490532685,0.1,0.0,0.42857142857142855,0.036566655836431046,0.020480320422063505,0.024390243902439025,0.0,0.16346153846153846,0.0602211453169788,0.030536189711688158,0.05479452054794521,0.0,0.21935483870967742
networkaion,0.5,3.0,3.0,0.20885687866047217,0.08588584854842296,0.125,0.0,0.47619047619047616,0.04067438048698736,0.022883574746165446,0.024390243902439025,0.0,0.20054945054945056,0.06695228246032386,0.03389011129515862,0.04081632653061225,0.0,0.26912442396313363
networkaion,0.5,3.0,5.0,0.22358178064722872,0.10087879078067458,0.125,0.0,0.5238095238095238,0.043619553807566894,0.02592917577859532,0.024390243902439025,0.0,0.20741758241758243,0.07176770717202649,0.038772050363603934,0.04081632653061225,0.0,0.27834101382488485
networkaion,0.5,5.0,0,0.12998307052702823,0.06807349314914635,0.125,0.0,0.38095238095238093,0.024254802596437496,0.013046514526554052,0.024390243902439025,0.0,0.08163265306122448,0.04021319643796468,0.02067114504135406,0.04081632653061225,0.0,0.13333333333333333
networkaion,0.5,5.0,0.1,0.12846808837550128,0.06737035049015387,0.25,0.0,0.38095238095238093,0.024401672141648362,0.015070389748521415,0.024390243902439025,0.0,0.1111111111111111,0.04027171050870702,0.02293787665362458,0.04081632653061225,0.0,0.15384615384615383
networkaion,0.5,5.0,0.25,0.13213739391633522,0.06982287773654784,0.125,0.0,0.3488372093023256,0.024973595172751648,0.014508513581629518,0.024390243902439025,0.0,0.08333333333333333,0.041292062766633136,0.022621504219590163,0.04081632653061225,0.0,0.11538461538461539
networkaion,0.5,5.0,0.5,0.13084662297579264,0.07058008283129004,0.125,0.0,0.3888888888888889,0.024519337764964597,0.014126829643084895,0.024390243902439025,0.0,0.07894736842105263,0.040610230935275694,0.022343225718808982,0.04081632653061225,0.0,0.13043478260869565
networkaion,0.5,5.0,0.75,0.13596682270097363,0.07140192078685412,0.125,0.0,0.34285714285714286,0.025685145237283283,0.014888002150760762,0.024390243902439025,0.0,0.08333333333333333,0.042496507615481724,0.02330330278088904,0.04081632653061225,0.0,0.11538461538461539
networkaion,0.5,5.0,1.0,0.13455798022611662,0.06944230324304941,0.09090909090909091,0.0,0.38095238095238093,0.025498186149536584,0.014455632188627705,0.024390243902439025,0.0,0.08333333333333333,0.04215020269411762,0.022523390739808205,0.04081632653061225,0.0,0.11678832116788322
networkaion,0.5,5.0,2.0,0.14685196456441937,0.07963712118522659,0.1,0.0,0.4444444444444444,0.02733740601481402,0.015057352557018431,0.024390243902439025,0.0,0.08333333333333333,0.045310498965271784,0.023728456755344123,0.04081632653061225,0.0,0.11538461538461539
networkaion,0.5,5.0,3.0,0.1544669449165532,0.08744430429133984,0.125,0.0,0.5,0.02924095605554485,0.017454401643728846,0.024390243902439025,0.0,0.09569377990430622,0.04837175681123177,0.027594054938445713,0.04081632653061225,0.0,0.14035087719298245
networkaion,0.5,5.0,5.0,0.17839203032875778,0.09632358261364013,0.125,0.0,0.6190476190476191,0.03352879334532931,0.018983453137571743,0.024390243902439025,0.0,0.1111111111111111,0.05555481817612003,0.03008206884412483,0.04081632653061225,0.0,0.1543859649122807
networkaion,0.75,0,0,0.0697462910600732,0.05628099519436227,0.0,0.0,0.3333333333333333,0.014388769101203985,0.014341045419208633,0.0,0.0,0.10027472527472528,0.023354205820854016,0.021518939087849888,0.0,0.0,0.13456221198156681
networkaion,0.75,0,0.1,0.07654184228301004,0.05525512799965973,0.0,0.0,0.25,0.015474605101936342,0.01382984277827624,0.0,0.0,0.09752747252747253,0.025273432913547084,0.021080800163300693,0.0,0.0,0.13087557603686634
networkaion,0.75,0,0.25,0.08114663711610588,0.05769436263019323,0.0,0.0,0.25,0.016848432358030612,0.01522346009189108,0.0,0.0,0.0989010989010989,0.02741931836369277,0.0232100126579815,0.0,0.0,0.13271889400921658
networkaion,0.75,0,0.5,0.0885944912332466,0.06349992412965845,0.0,0.0,0.3055555555555556,0.01812073273747155,0.016133456486703016,0.0,0.0,0.10164835164835165,0.029498969033424836,0.024457661525105936,0.0,0.0,0.13640552995391705
networkaion,0.75,0,0.75,0.10130022227087129,0.06296292084777386,0.0,0.0,0.3055555555555556,0.020812345281127954,0.017245469244758487,0.0,0.0,0.125,0.033902584579121375,0.02581860381593729,0.0,0.0,0.16774193548387095
networkaion,0.75,0,1.0,0.11749838046508415,0.0652536703727955,0.0,0.0,0.3333333333333333,0.023886608257234765,0.017978537923830272,0.0,0.0,0.13186813186813187,0.03895684747910425,0.02660952387249263,0.0,0.0,0.1769585253456221
networkaion,0.75,0,2.0,0.16494154616346432,0.07976571407494558,0.0,0.0,0.5,0.0326697147366589,0.02116638492732189,0.0,0.0,0.14835164835164835,0.05358472595184,0.03157675842459027,0.0,0.0,0.19907834101382488
networkaion,0.75,0,3.0,0.19345122018625183,0.08740466454464357,0.25,0.0,0.44155844155844154,0.03821745599644263,0.0235651722565087,0.0,0.0,0.17307692307692307,0.06274517578094613,0.03514073719924614,0.0,0.0,0.23225806451612904
networkaion,0.75,0,5.0,0.21572145891442493,0.1014576015644075,0.18181818181818182,0.0,0.6666666666666666,0.042418236660704725,0.025899478563701304,0.0,0.0,0.2129120879120879,0.06968758517645257,0.03880036808691507,0.0,0.0,0.2857142857142857
networkaion,0.75,0.1,0,0.06859887529682794,0.052668771895064845,0.0,0.0,0.2916666666666667,0.01454621056651329,0.014793738642155448,0.0,0.0,0.0989010989010989,0.023506749553134487,0.02200337476945615,0.0,0.0,0.13271889400921658
networkaion,0.75,0.1,0.1,0.0863419985321942,0.06072527959086891,0.0,0.0,0.3333333333333333,0.017849527597063108,0.015441002630174257,0.0,0.0,0.10576923076923077,0.02903085251665106,0.023387964584508453,0.0,0.0,0.14193548387096774
networkaion,0.75,0.1,0.25,0.08749886605617838,0.060754027162998124,0.0,0.0,0.25,0.017598921892714087,0.01490681412186005,0.0,0.0,0.09065934065934066,0.028754642687189795,0.02276537376180777,0.0,0.0,0.12165898617511521
networkaion,0.75,0.1,0.5,0.08820564546151526,0.05801248436233017,0.0,0.0,0.3055555555555556,0.018043326484394162,0.01569785886446971,0.0,0.0,0.13186813186813187,0.02936490665788274,0.023280031134400105,0.0,0.0,0.1769585253456221
networkaion,0.75,0.1,0.75,0.10927243554299837,0.06116299310219501,0.0,0.0,0.3,0.022190572910985716,0.016246851908865698,0.0,0.0,0.12087912087912088,0.03619196531012716,0.0242000989366549,0.0,0.0,0.16221198156682026
networkaion,0.75,0.1,1.0,0.12165369160873543,0.06605836405326551,0.0,0.0,0.36,0.024340986559024638,0.018003855123580645,0.0,0.0,0.13432835820895522,0.03982624314636528,0.026771211114380133,0.0,0.0,0.18556701030927836
networkaion,0.75,0.1,2.0,0.16469351094693818,0.07411315939553162,0.1,0.0,0.3761467889908257,0.03268028253834286,0.020610534551253203,0.0,0.0,0.1620879120879121,0.05360817317360325,0.030460590423644903,0.0,0.0,0.21751152073732716
networkaion,0.75,0.1,3.0,0.19809030730406085,0.08771905260942998,0.125,0.0,0.4642857142857143,0.0387691480114075,0.022335703742315395,0.0,0.0,0.16483516483516483,0.06377206056354148,0.03360360479525544,0.0,0.0,0.22119815668202766
networkaion,0.75,0.1,5.0,0.21933569263936925,0.09784867258940574,0.25,0.0,0.5714285714285714,0.04298732920139601,0.024737455052572677,0.0,0.0,0.19917582417582416,0.07070503018636301,0.037147231548293067,0.0,0.0,0.2672811059907834
networkaion,0.75,0.25,0,0.08418899131697484,0.05806047084516748,0.0,0.0,0.3333333333333333,0.017172844078656966,0.01441217669357708,0.0,0.0,0.09340659340659341,0.0280138343116562,0.021997253478555086,0.0,0.0,0.12534562211981568
networkaion,0.75,0.25,0.1,0.08211969922666698,0.057257115571475614,0.0,0.0,0.3333333333333333,0.016707860062099504,0.014387946862206095,0.0,0.0,0.10714285714285714,0.027268941445694653,0.021961069540574044,0.0,0.0,0.14377880184331795
networkaion,0.75,0.25,0.25,0.0921245881625188,0.053947844257034555,0.0,0.0,0.2727272727272727,0.018848253548802485,0.014609892964373743,0.0,0.0,0.10164835164835165,0.03069507797089296,0.021674345433944735,0.0,0.0,0.13640552995391705
networkaion,0.75,0.25,0.5,0.10600196879535388,0.06561293515161443,0.0,0.0,0.3888888888888889,0.021267430260304997,0.0169380567343616,0.0,0.0,0.11950549450549451,0.034711879622754946,0.025188914285399048,0.0,0.0,0.16036866359447005
networkaion,0.75,0.25,0.75,0.12079189117066422,0.06983263387503556,0.0,0.0,0.3888888888888889,0.023637591336277963,0.01662016599680846,0.0,0.0,0.125,0.03882389371560837,0.02524225360992578,0.0,0.0,0.16774193548387095
networkaion,0.75,0.25,1.0,0.132440243578078,0.06594137477107781,0.0,0.0,0.3333333333333333,0.026623688713197643,0.01845393155626017,0.0,0.0,0.1401098901098901,0.04355971579846352,0.02739230601282911,0.0,0.0,0.1880184331797235
networkaion,0.75,0.25,2.0,0.1718539588399225,0.07593833908393977,0.25,0.0,0.5238095238095238,0.03416791301793892,0.020971563474177224,0.0,0.0,0.14560439560439561,0.05602006441492121,0.031121454382054867,0.0,0.0,0.19539170506912443
networkaion,0.75,0.25,3.0,0.19614386713437712,0.08569454301454837,0.125,0.0,0.45,0.0382746739544615,0.02197875327601246,0.02702702702702703,0.0,0.1717032967032967,0.06297477997755108,0.03291893413863597,0.0,0.0,0.23041474654377883
networkaion,0.75,0.25,5.0,0.22205687791818363,0.09808629903461707,0.2,0.0,0.5238095238095238,0.04334944161754119,0.024678138272061348,0.0,0.0,0.19642857142857142,0.07132964226861647,0.03699100688235483,0.0,0.0,0.26359447004608294
networkaion,0.75,0.5,0,0.09109927735982742,0.05301321336104046,0.0,0.0,0.3333333333333333,0.01832252632523223,0.01389455711621831,0.0,0.0,0.10576923076923077,0.02994123282138468,0.020821775269758837,0.0,0.0,0.14193548387096774
networkaion,0.75,0.5,0.1,0.10020227826574174,0.06269358943052428,0.0,0.0,0.3333333333333333,0.020082150481253325,0.015757550936652966,0.0,0.0,0.11813186813186813,0.03287193175505468,0.02393909460891749,0.0,0.0,0.1585253456221198
networkaion,0.75,0.5,0.25,0.10116520988329343,0.05938597673570259,0.0,0.0,0.2777777777777778,0.020269813004285316,0.015296032401205637,0.0,0.0,0.11675824175824176,0.0331681395849776,0.022959984761031907,0.0,0.0,0.1566820276497696
networkaion,0.75,0.5,0.5,0.12711581888521323,0.05591698189173265,0.2,0.0,0.2777777777777778,0.025313779446730553,0.016424485397521667,0.0,0.0,0.1111111111111111,0.04146293942157444,0.024095815414180276,0.0,0.0,0.15384615384615383
networkaion,0.75,0.5,0.75,0.1351172012192685,0.07215013875011958,0.0,0.0,0.5,0.026480355564925364,0.017055190329505084,0.0,0.0,0.12637362637362637,0.04351362098664396,0.025964768267982375,0.0,0.0,0.1695852534562212
networkaion,0.75,0.5,1.0,0.1412169379762901,0.07318844951373764,0.0,0.0,0.6666666666666666,0.028000064029404626,0.018493346789577793,0.0,0.0,0.11950549450549451,0.045891731035047616,0.027809067757228505,0.0,0.0,0.18181818181818182
networkaion,0.75,0.5,2.0,0.17903650792032075,0.0769555445187537,0.125,0.0,0.45454545454545453,0.03499433800819946,0.019475260430872773,0.024390243902439025,0.0,0.1620879120879121,0.05757307477191045,0.029140734867283028,0.04081632653061225,0.0,0.21751152073732716
networkaion,0.75,0.5,3.0,0.2020219883859177,0.0870470265675512,0.125,0.0,0.5238095238095238,0.04013636892375748,0.024282089963557345,0.024390243902439025,0.0,0.18406593406593408,0.06577208806895504,0.03546556272256075,0.04081632653061225,0.0,0.24700460829493087
networkaion,0.75,0.5,5.0,0.2186912408853563,0.10047857532262408,0.125,0.0,0.6190476190476191,0.04275032359578021,0.025668403984557407,0.0,0.0,0.20604395604395603,0.07031765936464486,0.038475476488022305,0.0,0.0,0.2764976958525346
networkaion,0.75,0.75,0,0.11265135108734985,0.058201482930529756,0.0,0.0,0.3333333333333333,0.022218815872717065,0.014758750214897663,0.0,0.0,0.10714285714285714,0.036430526268722084,0.021976498998049564,0.0,0.0,0.14377880184331795
networkaion,0.75,0.75,0.1,0.11653422179244291,0.059345388499379675,0.0,0.0,0.3076923076923077,0.02310612494261402,0.0162214805030052,0.0,0.0,0.11675824175824176,0.03786656250226442,0.024205374395414953,0.0,0.0,0.1566820276497696
networkaion,0.75,0.75,0.25,0.12714647866111708,0.059774398731187665,0.0,0.0,0.3333333333333333,0.025024315397205975,0.016221523304323533,0.0,0.0,0.11950549450549451,0.041022509069677734,0.023793354720560513,0.0,0.0,0.16036866359447005
networkaion,0.75,0.75,0.5,0.13623698521763017,0.06336815288558797,0.2,0.0,0.3333333333333333,0.026584824538860276,0.016577891054332158,0.0,0.0,0.11675824175824176,0.04366078297462348,0.024575032824987016,0.0,0.0,0.1566820276497696
networkaion,0.75,0.75,0.75,0.13609248894271397,0.059142049146507836,0.125,0.0,0.3611111111111111,0.02673951761689236,0.015888317247579747,0.0,0.0,0.11950549450549451,0.043882883426550764,0.0233686993426061,0.0,0.0,0.16036866359447005
networkaion,0.75,0.75,1.0,0.150350525967857,0.06598901438636488,0.125,0.0,0.375,0.0295164533945908,0.018905305638603164,0.0,0.0,0.1388888888888889,0.04843120361372202,0.027616557827251798,0.0,0.0,0.1923076923076923
networkaion,0.75,0.75,2.0,0.18365349946400608,0.08284664735569049,0.125,0.0,0.5,0.036277988257109546,0.021564207460556397,0.024390243902439025,0.0,0.17032967032967034,0.059556686923498726,0.032130823996038574,0.0,0.0,0.22857142857142862
networkaion,0.75,0.75,3.0,0.20267768547033463,0.08874504687529343,0.125,0.0,0.5238095238095238,0.03971244433765625,0.023411952327901293,0.024390243902439025,0.0,0.1771978021978022,0.06528045031285253,0.03494588022202064,0.0,0.0,0.23778801843317973
networkaion,0.75,0.75,5.0,0.22287519321834423,0.09892860053765112,0.125,0.0,0.5714285714285714,0.043453888328197764,0.025474465611238225,0.024390243902439025,0.0,0.1978021978021978,0.07148197406306649,0.03795342885967567,0.04081632653061225,0.0,0.26543778801843315
networkaion,0.75,1.0,0,0.1266415676302988,0.0576292413239277,0.125,0.0,0.36363636363636365,0.02485817772863542,0.015063734024477853,0.0,0.0,0.1043956043956044,0.04082902514938894,0.022511867541625003,0.0,0.0,0.1400921658986175
networkaion,0.75,1.0,0.1,0.12922747036000243,0.05688797457786192,0.1,0.0,0.3611111111111111,0.02539784641282834,0.015307342387513913,0.0,0.0,0.11126373626373626,0.04168772609910826,0.02251560736903293,0.0,0.0,0.15384615384615383
networkaion,0.75,1.0,0.25,0.13404994199221543,0.05969544690477293,0.125,0.0,0.3888888888888889,0.025942468329748617,0.014476099300559006,0.024390243902439025,0.0,0.10302197802197802,0.0427063954034571,0.021684212828344564,0.0,0.0,0.1382488479262673
networkaion,0.75,1.0,0.5,0.1392011346565054,0.05922129672078946,0.1,0.0,0.3055555555555556,0.02685888180208007,0.014987219478499849,0.0,0.0,0.11675824175824176,0.044230314054363506,0.022192483117044335,0.0,0.0,0.1566820276497696
networkaion,0.75,1.0,0.75,0.15097458231445443,0.063769519100845,0.125,0.0,0.38095238095238093,0.02938784581321279,0.016380148339032858,0.024390243902439025,0.0,0.1304945054945055,0.04833600579884287,0.024342353630485713,0.0,0.0,0.17511520737327188
networkaion,0.75,1.0,1.0,0.15537490703790235,0.06544702454095076,0.125,0.0,0.3888888888888889,0.03036402733773029,0.017198146091885934,0.024390243902439025,0.0,0.1401098901098901,0.0499203029657048,0.025334458879675753,0.04081632653061225,0.0,0.1880184331797235
networkaion,0.75,1.0,2.0,0.18633196757058781,0.08185768582797498,0.25,0.0,0.5,0.03659820564566074,0.022043768194406517,0.01694915254237288,0.0,0.16666666666666666,0.06008507347738561,0.03235196526019635,0.04081632653061225,0.0,0.23076923076923078
networkaion,0.75,1.0,3.0,0.20400352198558885,0.09034949423593346,0.125,0.0,0.47619047619047616,0.04012745885478085,0.0241434099089273,0.0,0.0,0.19093406593406592,0.06590354216338404,0.0357448735618948,0.0,0.0,0.25622119815668204
networkaion,0.75,1.0,5.0,0.22631833495107953,0.0966409288677118,0.25,0.0,0.5714285714285714,0.04426500281497635,0.025157241392630907,0.024390243902439025,0.0,0.20604395604395603,0.07281697628081363,0.03750431220606254,0.0,0.0,0.2764976958525346
networkaion,0.75,2.0,0,0.1432864702998077,0.06389893165625302,0.125,0.0,0.4444444444444444,0.027892656958838177,0.015977104888908297,0.024390243902439025,0.0,0.10302197802197802,0.045849732888160605,0.0238140542087504,0.04081632653061225,0.0,0.1382488479262673
networkaion,0.75,2.0,0.1,0.13872974351570952,0.05974160108934331,0.125,0.0,0.38095238095238093,0.026896015157867346,0.015188521469316733,0.024390243902439025,0.0,0.11675824175824176,0.04423149153162312,0.022381593963642466,0.0,0.0,0.1566820276497696
networkaion,0.75,2.0,0.25,0.1471868510971305,0.0627335320756266,0.125,0.0,0.38095238095238093,0.028489719659633154,0.015960180024797634,0.024390243902439025,0.0,0.12362637362637363,0.04688067720212778,0.0236212649045066,0.04081632653061225,0.0,0.16589861751152074
networkaion,0.75,2.0,0.5,0.14333127550626504,0.06270684831139033,0.09090909090909091,0.0,0.3888888888888889,0.027616002935776443,0.015500826230985797,0.0,0.0,0.12912087912087913,0.04551806589118293,0.023146577472489015,0.0,0.0,0.17327188940092167
networkaion,0.75,2.0,0.75,0.15787164877499904,0.06066812695176187,0.125,0.0,0.38095238095238093,0.030437337833650983,0.0156907466692873,0.0,0.0,0.13186813186813187,0.05013594993951355,0.02289996369934013,0.0,0.0,0.1769585253456221
networkaion,0.75,2.0,1.0,0.16216441749899851,0.0664086741788552,0.125,0.0,0.38095238095238093,0.03171501808570204,0.01724405228492074,0.024390243902439025,0.0,0.1346153846153846,0.05216773531876625,0.02571590888092011,0.04081632653061225,0.0,0.1806451612903226
networkaion,0.75,2.0,2.0,0.18502198473236212,0.08326418227935621,0.125,0.0,0.5,0.03621308010515202,0.021830097230497388,0.024390243902439025,0.0,0.1662087912087912,0.05952583346710293,0.03252564785191737,0.04081632653061225,0.0,0.22304147465437787
networkaion,0.75,2.0,3.0,0.20168665428686633,0.08889562010780032,0.09090909090909091,0.0,0.47619047619047616,0.039547698660183817,0.02358795623113192,0.024390243902439025,0.0,0.18818681318681318,0.064980273445163,0.03510153804129288,0.04081632653061225,0.0,0.2525345622119816
networkaion,0.75,2.0,5.0,0.22690664292661109,0.09641873136326677,0.25,0.0,0.5714285714285714,0.04460770236514386,0.025211152583179807,0.058823529411764705,0.0,0.19917582417582416,0.07333264450372864,0.03769814584652986,0.04081632653061225,0.0,0.2672811059907834
networkaion,0.75,3.0,0,0.1412479565296658,0.06160058259111289,0.125,0.0,0.3333333333333333,0.027291311725755114,0.014750622203627382,0.01694915254237288,0.0,0.10989010989010989,0.04494327349619944,0.02207283029777136,0.0,0.0,0.14746543778801843
networkaion,0.75,3.0,0.1,0.14558641037304473,0.06217422631428616,0.125,0.0,0.36363636363636365,0.02824324432437476,0.01581269244009692,0.024390243902439025,0.0,0.1044776119402985,0.04648572184441875,0.023653920810415452,0.04081632653061225,0.0,0.14432989690721648
networkaion,0.75,3.0,0.25,0.14821567611426212,0.059776411205100126,0.125,0.0,0.38095238095238093,0.028681041582746734,0.015270026423466195,0.024390243902439025,0.0,0.125,0.047212665993941784,0.022532883428870127,0.04081632653061225,0.0,0.16774193548387095
networkaion,0.75,3.0,0.5,0.15017854317541363,0.06612793293974734,0.125,0.0,0.38095238095238093,0.028832870078917845,0.01543432579143636,0.024390243902439025,0.0,0.11538461538461539,0.04756500718605337,0.023384171522978347,0.0,0.0,0.15483870967741936
networkaion,0.75,3.0,0.75,0.16186739026573724,0.06925300611193477,0.125,0.0,0.38095238095238093,0.031197798705542276,0.01630179022228148,0.024390243902439025,0.0,0.125,0.05145170508131173,0.02461899860021361,0.04081632653061225,0.0,0.16774193548387095
networkaion,0.75,3.0,1.0,0.16237505055617252,0.06518598879704748,0.125,0.0,0.35,0.03127128290653888,0.016035798155931185,0.024390243902439025,0.0,0.13324175824175824,0.05158702777084728,0.024074320614776858,0.04081632653061225,0.0,0.17880184331797233
networkaion,0.75,3.0,2.0,0.18528471154861031,0.07478008337773233,0.125,0.0,0.4166666666666667,0.03608950152255036,0.01919726950259174,0.024390243902439025,0.0,0.13736263736263737,0.05943800909310718,0.028956655437934246,0.04081632653061225,0.0,0.18433179723502308
networkaion,0.75,3.0,3.0,0.2032956883870066,0.08675774667741178,0.25,0.0,0.42857142857142855,0.03993980957993557,0.02312473973858893,0.024390243902439025,0.0,0.16895604395604397,0.06562232091400398,0.03439062267983847,0.04081632653061225,0.0,0.22672811059907838
networkaion,0.75,3.0,5.0,0.22580048158426594,0.09577766581075213,0.125,0.0,0.5238095238095238,0.04411848295239519,0.025113235990866265,0.0273972602739726,0.0,0.19505494505494506,0.07257012237409392,0.037412526164657185,0.04081632653061225,0.0,0.2617511520737327
networkaion,0.75,5.0,0,0.12591616199117436,0.06793062921429042,0.125,0.0,0.3888888888888889,0.0234033912458126,0.012838321812175018,0.024390243902439025,0.0,0.062146892655367235,0.03882217623442454,0.02043670671508076,0.04081632653061225,0.0,0.10000000000000002
networkaion,0.75,5.0,0.1,0.12959032656016384,0.06806037551284902,0.125,0.0,0.3888888888888889,0.024272318337004092,0.013550116014340073,0.024390243902439025,0.0,0.07462686567164178,0.04019923028049907,0.0212459268297948,0.04081632653061225,0.0,0.10619469026548671
networkaion,0.75,5.0,0.25,0.133418667150451,0.07470616545512336,0.1,0.0,0.4444444444444444,0.024719172671762064,0.013864929362668029,0.024390243902439025,0.0,0.08955223880597014,0.04101895411575259,0.022072065969311636,0.04081632653061225,0.0,0.125
networkaion,0.75,5.0,0.5,0.1360283229821486,0.07071851183825333,0.25,0.0,0.3888888888888889,0.025558610772836044,0.013967284282774441,0.024390243902439025,0.0,0.07462686567164178,0.04231745334565824,0.02202973331774562,0.04081632653061225,0.0,0.10491803278688523
networkaion,0.75,5.0,0.75,0.13677446503199187,0.07029636038030651,0.125,0.0,0.42857142857142855,0.025544610215665575,0.013424949306477613,0.0136986301369863,0.0,0.061224489795918366,0.0423568391665116,0.021349683206869984,0.04081632653061225,0.0,0.10404624277456646
networkaion,0.75,5.0,1.0,0.13874204267907855,0.07125079921778045,0.1,0.0,0.36363636363636365,0.02610813637363261,0.014539020326378101,0.024390243902439025,0.0,0.08163265306122448,0.04324151467904017,0.022855500433392958,0.04081632653061225,0.0,0.13333333333333333
networkaion,0.75,5.0,2.0,0.14666341403224123,0.0829691158511651,0.1111111111111111,0.0,0.47619047619047616,0.027555609738920066,0.016286093145296283,0.024390243902439025,0.0,0.09090909090909091,0.04563134212305286,0.02580597314720626,0.04081632653061225,0.0,0.13333333333333333
networkaion,0.75,5.0,3.0,0.16018858379857367,0.08715519982365608,0.2,0.0,0.47619047619047616,0.029819374906090074,0.016566443624325345,0.024390243902439025,0.0,0.08955223880597014,0.049516008268350495,0.02658897544903043,0.04081632653061225,0.0,0.12371134020618557
networkaion,0.75,5.0,5.0,0.1862584110669979,0.09520071770225344,0.125,0.0,0.5238095238095238,0.0355282668790073,0.020733642972206145,0.024390243902439025,0.0,0.1388888888888889,0.058713155637130504,0.03217891459725055,0.04081632653061225,0.0,0.1923076923076923
networkaion,1.0,0,0,0.07107569606233616,0.05484853957592665,0.0,0.0,0.25,0.014923117909519758,0.014054983312562318,0.0,0.0,0.09478021978021978,0.024223789536009368,0.02137932062460118,0.0,0.0,0.1271889400921659
networkaion,1.0,0,0.1,0.07233818643244717,0.05045590498341088,0.0,0.0,0.25,0.014981931282517388,0.013696325439229549,0.0,0.0,0.09478021978021978,0.024299309969435735,0.020340556967152094,0.0,0.0,0.1271889400921659
networkaion,1.0,0,0.25,0.07241907416567508,0.0502608954520898,0.0,0.0,0.28,0.015019711828094971,0.0141515438239984,0.0,0.0,0.10714285714285714,0.0243618088018283,0.020939572532095576,0.0,0.0,0.14377880184331795
networkaion,1.0,0,0.5,0.07646704396520268,0.055265432617584445,0.0,0.0,0.3333333333333333,0.015888387266356163,0.014669034671949462,0.0,0.0,0.09615384615384616,0.02579887233293077,0.021950037012749127,0.0,0.0,0.12903225806451613
networkaion,1.0,0,0.75,0.09562605337460568,0.05677320464967744,0.0,0.0,0.2857142857142857,0.019457802404130538,0.015032639318664973,0.0,0.0,0.09065934065934066,0.03175605112444317,0.022791223590623355,0.0,0.0,0.13559322033898305
networkaion,1.0,0,1.0,0.10880730577364855,0.06520489331698091,0.0,0.0,0.2916666666666667,0.02238794536475922,0.018334095658745556,0.0,0.0,0.11813186813186813,0.03645585176742487,0.027386096691953576,0.0,0.0,0.1585253456221198
networkaion,1.0,0,2.0,0.15513150572275647,0.07262255261078533,0.09090909090909091,0.0,0.3888888888888889,0.03109142163793043,0.021543843713903634,0.0,0.0,0.16666666666666666,0.05084720771669385,0.031443894066563324,0.0,0.0,0.23076923076923078
networkaion,1.0,0,3.0,0.18998544672088932,0.08944816413070517,0.1,0.0,0.5238095238095238,0.037300605632143075,0.023059122262309356,0.0,0.0,0.18406593406593408,0.06131596609729597,0.03450686436663211,0.0,0.0,0.24700460829493087
networkaion,1.0,0,5.0,0.21349171819737744,0.09585129896792091,0.125,0.0,0.5238095238095238,0.04182167234396889,0.02479234203423121,0.0,0.0,0.19642857142857142,0.06876227941397771,0.037024399463631986,0.0,0.0,0.26359447004608294
networkaion,1.0,0.1,0,0.07386954916045432,0.0577663146778173,0.0,0.0,0.4166666666666667,0.01530019571342465,0.014030129708853005,0.0,0.0,0.07967032967032966,0.024869138165317703,0.021581232290611947,0.0,0.0,0.10691244239631337
networkaion,1.0,0.1,0.1,0.07043688491622027,0.05630519725124899,0.0,0.0,0.28,0.014452023296061683,0.014149859538752049,0.0,0.0,0.08333333333333333,0.023474689329181033,0.02136497879829171,0.0,0.0,0.11538461538461539
networkaion,1.0,0.1,0.25,0.07928191094750728,0.05539456101944813,0.0,0.0,0.2777777777777778,0.0161605294882933,0.013448821581224523,0.0,0.0,0.09752747252747253,0.0263729418822466,0.020550281215634986,0.0,0.0,0.13087557603686634
networkaion,1.0,0.1,0.5,0.09018634063993751,0.06017679380378214,0.0,0.0,0.2777777777777778,0.018250220343908958,0.015632054544907525,0.0,0.0,0.11401098901098901,0.029729652718474598,0.023330856250848065,0.0,0.0,0.15299539170506912
networkaion,1.0,0.1,0.75,0.10347732971077049,0.06342720845205439,0.0,0.0,0.3333333333333333,0.02108747837054729,0.017263572644859723,0.0,0.0,0.11538461538461539,0.03436840593728665,0.025634036803519604,0.0,0.0,0.15483870967741936
networkaion,1.0,0.1,1.0,0.10974166246774504,0.06295767228555534,0.0,0.0,0.375,0.022597003094984913,0.018906480711260616,0.0,0.0,0.16666666666666666,0.036757190090939675,0.027624344742137156,0.0,0.0,0.23076923076923078
networkaion,1.0,0.1,2.0,0.16054978481467727,0.07592131087627844,0.0,0.0,0.38095238095238093,0.031542404217455605,0.01955943128604238,0.0,0.0,0.14285714285714285,0.05184735818749396,0.029445547813290004,0.0,0.0,0.19170506912442395
networkaion,1.0,0.1,3.0,0.19235800472727124,0.08583444644633553,0.125,0.0,0.47619047619047616,0.03799455712905687,0.02324724812152499,0.0,0.0,0.1771978021978022,0.062392672030706905,0.034650532006307064,0.0,0.0,0.23778801843317973
networkaion,1.0,0.1,5.0,0.21373466661678162,0.09993717345961357,0.125,0.0,0.5,0.041765306904189926,0.025685617384304478,0.01694915254237288,0.0,0.18818681318681318,0.06866731698332611,0.03853335333969097,0.0,0.0,0.2525345622119816
networkaion,1.0,0.25,0,0.07748548695373624,0.05471156577272495,0.0,0.0,0.3333333333333333,0.01575818459386327,0.014095083567102665,0.0,0.0,0.09478021978021978,0.025668494238861923,0.021393212867634934,0.0,0.0,0.1271889400921659
networkaion,1.0,0.25,0.1,0.07766419718488798,0.05225503550733185,0.0,0.0,0.3333333333333333,0.015726197407511366,0.012899038579414272,0.0,0.0,0.08516483516483517,0.025673742298255354,0.019724059138308624,0.0,0.0,0.11428571428571431
networkaion,1.0,0.25,0.25,0.08584760177545085,0.053093127121548324,0.0,0.0,0.2777777777777778,0.017794208566259666,0.014532944327549086,0.0,0.0,0.09340659340659341,0.02893294156810725,0.021732983310461026,0.0,0.0,0.12534562211981568
networkaion,1.0,0.25,0.5,0.09874013910890685,0.0555206586981964,0.0,0.0,0.2916666666666667,0.02020637161461091,0.015981295849836038,0.0,0.0,0.1044776119402985,0.03290958277776749,0.023674645249874754,0.0,0.0,0.14432989690721648
networkaion,1.0,0.25,0.75,0.10351897916232447,0.06129605541427197,0.0,0.0,0.3333333333333333,0.020958433952603415,0.016073548768969093,0.0,0.0,0.11126373626373626,0.03422795894004496,0.02400883643579089,0.0,0.0,0.15384615384615383
networkaion,1.0,0.25,1.0,0.12227785434664697,0.06369409139579679,0.0,0.0,0.3333333333333333,0.02448002166726915,0.0171085382269174,0.0,0.0,0.11675824175824176,0.0400675587764291,0.025593420236804002,0.0,0.0,0.1566820276497696
networkaion,1.0,0.25,2.0,0.1727332694961341,0.07914672244357093,0.125,0.0,0.42857142857142855,0.03399918017917204,0.021229980486526672,0.0,0.0,0.1388888888888889,0.05584659113207523,0.031805606292967525,0.0,0.0,0.1923076923076923
networkaion,1.0,0.25,3.0,0.19535022964863868,0.08979522317784484,0.125,0.0,0.5714285714285714,0.038364161042982306,0.02351944265950762,0.0,0.0,0.16895604395604397,0.06303959689307138,0.035023304869454965,0.0,0.0,0.23076923076923078
networkaion,1.0,0.25,5.0,0.21789372677648594,0.09612727101147264,0.125,0.0,0.5,0.042689874150409056,0.025223557910454483,0.024390243902439025,0.0,0.19505494505494506,0.07018084874690374,0.03769634351343065,0.0,0.0,0.2617511520737327
networkaion,1.0,0.5,0,0.0959170968162055,0.05936491207024693,0.0,0.0,0.3333333333333333,0.019285501587309118,0.015361814865473531,0.0,0.0,0.0989010989010989,0.03148075993534426,0.02315435156357448,0.0,0.0,0.13271889400921658
networkaion,1.0,0.5,0.1,0.09636916093732599,0.05966424992000747,0.0,0.0,0.3055555555555556,0.019341716527115867,0.016080780814520395,0.0,0.0,0.11940298507462686,0.03156606458725224,0.0239624210726313,0.0,0.0,0.16494845360824742
networkaion,1.0,0.5,0.25,0.09957921093158205,0.05895949765052147,0.0,0.0,0.3333333333333333,0.01984435934631059,0.014868871953105047,0.0,0.0,0.10576923076923077,0.032459269970381774,0.02230296943950427,0.0,0.0,0.14193548387096774
networkaion,1.0,0.5,0.5,0.11650978787510338,0.055260224762295806,0.0,0.0,0.3333333333333333,0.02246110027818613,0.013463323272076692,0.0,0.0,0.0989010989010989,0.03701140212551276,0.020365448722028674,0.0,0.0,0.13271889400921658
networkaion,1.0,0.5,0.75,0.12759842991586445,0.06430981404246075,0.0,0.0,0.5,0.024688971444211213,0.0148832669452148,0.0,0.0,0.09615384615384616,0.040625733867046696,0.02248116512396939,0.0,0.0,0.12903225806451613
networkaion,1.0,0.5,1.0,0.13921933898877986,0.061076584618717525,0.125,0.0,0.3125,0.027473384716141667,0.01746089934461282,0.0,0.0,0.1388888888888889,0.04507203259508037,0.02563325871737751,0.0,0.0,0.1923076923076923
networkaion,1.0,0.5,2.0,0.1745579024865219,0.07703301216018531,0.2,0.0,0.425,0.0344867061731011,0.02153017252761443,0.0,0.0,0.1565934065934066,0.056573748107810136,0.031819772452314744,0.0,0.0,0.21013824884792626
networkaion,1.0,0.5,3.0,0.19193835757603092,0.08161572213762218,0.125,0.0,0.5,0.03723501147031061,0.02087100490680652,0.024390243902439025,0.0,0.15521978021978022,0.06130090182068068,0.031173517570963725,0.04081632653061225,0.0,0.20829493087557605
networkaion,1.0,0.5,5.0,0.21683402317021722,0.09811787273977116,0.125,0.0,0.5714285714285714,0.04235362202598543,0.024941883044918296,0.02702702702702703,0.0,0.1936813186813187,0.06965321960218701,0.0372876600708302,0.0,0.0,0.25990783410138246
networkaion,1.0,0.75,0,0.11173965670534125,0.05831615418186997,0.0,0.0,0.3125,0.022231868049983845,0.015650838981068695,0.0,0.0,0.1388888888888889,0.03641414526077523,0.02330611940903292,0.0,0.0,0.1923076923076923
networkaion,1.0,0.75,0.1,0.11475781873928825,0.05218993105154977,0.09090909090909091,0.0,0.2653061224489796,0.02265340325450532,0.014393267129767628,0.0,0.0,0.09478021978021978,0.0371361919279531,0.021337791793539673,0.0,0.0,0.1271889400921659
networkaion,1.0,0.75,0.25,0.12051588614287614,0.0554412325052389,0.125,0.0,0.3055555555555556,0.024075511963727075,0.015415312156458612,0.0,0.0,0.10302197802197802,0.039445304359495496,0.022977849058705205,0.0,0.0,0.1382488479262673
networkaion,1.0,0.75,0.5,0.1320717610971153,0.058356854331693075,0.0,0.0,0.3611111111111111,0.026246235555838212,0.01590189361771794,0.0,0.0,0.10851648351648352,0.043020795179187415,0.02363609714707007,0.0,0.0,0.1456221198156682
networkaion,1.0,0.75,0.75,0.13900483652513654,0.06258726495749896,0.14285714285714285,0.0,0.375,0.02744193428667037,0.017391446142656787,0.024390243902439025,0.0,0.13873626373626374,0.045016269670538255,0.0255747060772424,0.0,0.0,0.1861751152073733
networkaion,1.0,0.75,1.0,0.15142312273933756,0.06443203807445029,0.125,0.0,0.3611111111111111,0.029842560870303656,0.017057765231471567,0.0,0.0,0.12087912087912088,0.049001167917128,0.025379748234377823,0.0,0.0,0.16221198156682026
networkaion,1.0,0.75,2.0,0.18294747116130808,0.0782047766279382,0.25,0.0,0.42857142857142855,0.035592975094830163,0.019500719178030722,0.0,0.0,0.14423076923076922,0.05864252431292272,0.029375922200702512,0.0,0.0,0.19354838709677416
networkaion,1.0,0.75,3.0,0.19648279052077014,0.08394862438664366,0.125,0.0,0.5238095238095238,0.03852227986098066,0.021902169489750423,0.024390243902439025,0.0,0.15934065934065933,0.06328827122240183,0.03245781382745438,0.04081632653061225,0.0,0.21382488479262673
networkaion,1.0,0.75,5.0,0.22320617973406764,0.09854009221392303,0.25,0.0,0.5714285714285714,0.04345127390864335,0.024619282939059357,0.024390243902439025,0.0,0.18956043956043955,0.07154431570013069,0.037141039644639405,0.0,0.0,0.2543778801843318
networkaion,1.0,1.0,0,0.12021946974007061,0.05381333283801574,0.125,0.0,0.2857142857142857,0.02355692544351955,0.013758959960986798,0.0,0.0,0.08888888888888889,0.038713871692007254,0.020788918400152005,0.0,0.0,0.13559322033898305
networkaion,1.0,1.0,0.1,0.11927079678541075,0.06005601890921768,0.0,0.0,0.38095238095238093,0.02316705824820481,0.014375338149646514,0.0,0.0,0.08379120879120878,0.038106648429748084,0.02174607677754998,0.0,0.0,0.11538461538461539
networkaion,1.0,1.0,0.25,0.12538446895712896,0.05489510998050359,0.0,0.0,0.3333333333333333,0.024216399513229136,0.013937214240868802,0.0,0.0,0.08928571428571429,0.03985782590733449,0.02076793899285479,0.0,0.0,0.11981566820276497
networkaion,1.0,1.0,0.5,0.1332918585789153,0.06371194138103542,0.125,0.0,0.3888888888888889,0.02571965191726243,0.014462363939241352,0.0,0.0,0.09340659340659341,0.04237452922627533,0.022090997573344786,0.0,0.0,0.12534562211981568
networkaion,1.0,1.0,0.75,0.1452821723946283,0.06282628662155107,0.125,0.0,0.42857142857142855,0.02820843820980131,0.01587941036985331,0.0,0.0,0.10302197802197802,0.04643217560624436,0.02379632095128548,0.0,0.0,0.14285714285714288
networkaion,1.0,1.0,1.0,0.14949129014921217,0.06859250851014607,0.125,0.0,0.4,0.02888674515534802,0.01665949136183335,0.0,0.0,0.125,0.0475714087247806,0.025052878075679647,0.0,0.0,0.16774193548387095
networkaion,1.0,1.0,2.0,0.18270765241852482,0.08003711094509308,0.25,0.0,0.47619047619047616,0.03568683477545477,0.020559868401083238,0.0,0.0,0.15521978021978022,0.0586841661046833,0.03058862415961811,0.0,0.0,0.20829493087557605
networkaion,1.0,1.0,3.0,0.19853583057223842,0.08417994179812054,0.125,0.0,0.42857142857142855,0.03898050564860601,0.022834978941334728,0.024390243902439025,0.0,0.18406593406593408,0.06404537350306541,0.033821759623759176,0.04081632653061225,0.0,0.24700460829493087
networkaion,1.0,1.0,5.0,0.21912417677623744,0.0977435943732081,0.125,0.0,0.5238095238095238,0.04269051026219605,0.024788035138641595,0.024390243902439025,0.0,0.18956043956043955,0.07027833629443832,0.03721993387645723,0.04081632653061225,0.0,0.2543778801843318
networkaion,1.0,2.0,0,0.13243286421850725,0.06154328696212388,0.125,0.0,0.3333333333333333,0.02539842902196166,0.014405887129677587,0.024390243902439025,0.0,0.10027472527472528,0.04185814901674936,0.021684646414031682,0.0,0.0,0.13456221198156681
networkaion,1.0,2.0,0.1,0.1390979076697928,0.06241852495140143,0.16666666666666666,0.0,0.375,0.027182356856733186,0.0166652602672168,0.024390243902439025,0.0,0.1388888888888889,0.04462732826868118,0.02435979541154113,0.0,0.0,0.1923076923076923
networkaion,1.0,2.0,0.25,0.13892026818505124,0.060802151677308534,0.09090909090909091,0.0,0.3611111111111111,0.026978699713260463,0.01528648615614682,0.024390243902439025,0.0,0.11813186813186813,0.04439015561276668,0.022799851192951647,0.04081632653061225,0.0,0.1585253456221198
networkaion,1.0,2.0,0.5,0.15077799152219137,0.05896637948194483,0.125,0.0,0.38095238095238093,0.02918803266538039,0.014663065328945471,0.024390243902439025,0.0,0.10027472527472528,0.04806691642181816,0.021885560811104727,0.0,0.0,0.13456221198156681
networkaion,1.0,2.0,0.75,0.15159291459267737,0.06078918957168614,0.1111111111111111,0.0,0.38095238095238093,0.029606433032770902,0.016024491692901113,0.024390243902439025,0.0,0.125,0.048694454904971644,0.02373425055110463,0.04081632653061225,0.0,0.16774193548387095
networkaion,1.0,2.0,1.0,0.15265795164390825,0.0654973038709493,0.125,0.0,0.42857142857142855,0.02943125103662716,0.01551351084631844,0.024390243902439025,0.0,0.12362637362637363,0.04853273592499,0.02340299733772197,0.04081632653061225,0.0,0.16589861751152074
networkaion,1.0,2.0,2.0,0.17715917851225438,0.07689645318375704,0.125,0.0,0.38095238095238093,0.03438701308768464,0.0192684832341768,0.024390243902439025,0.0,0.14972527472527472,0.0566118725006278,0.028865176361296253,0.05263157894736842,0.0,0.2009216589861751
networkaion,1.0,2.0,3.0,0.2012871393169399,0.08640391387868587,0.125,0.0,0.47619047619047616,0.039289393472713416,0.02252885899721279,0.024390243902439025,0.0,0.14972527472527472,0.0646425599725905,0.033680700002235844,0.04081632653061225,0.0,0.2009216589861751
networkaion,1.0,2.0,5.0,0.2219158980393955,0.0961044338169638,0.125,0.0,0.47619047619047616,0.04352473061711977,0.02594518808193519,0.0,0.0,0.18681318681318682,0.0715283483671855,0.03851100553973799,0.0,0.0,0.25069124423963135
networkaion,1.0,3.0,0,0.13942229611030896,0.06307146217459329,0.125,0.0,0.36363636363636365,0.026976370353813294,0.0161996195241149,0.024390243902439025,0.0,0.1111111111111111,0.044374111574294994,0.023936109107247663,0.0,0.0,0.15384615384615383
networkaion,1.0,3.0,0.1,0.14747561467331566,0.0661593098797683,0.25,0.0,0.35,0.02821570385473298,0.014634106027283884,0.024390243902439025,0.0,0.09340659340659341,0.046586610872155605,0.02243892017401638,0.04081632653061225,0.0,0.12534562211981568
networkaion,1.0,3.0,0.25,0.1473163223274882,0.06184593399607289,0.1,0.0,0.375,0.02850619850638574,0.014674091581725692,0.024390243902439025,0.0,0.1043956043956044,0.046989858626165816,0.022259749607385946,0.04081632653061225,0.0,0.1400921658986175
networkaion,1.0,3.0,0.5,0.14696447558115067,0.0682107547922735,0.125,0.0,0.35,0.02815979290746062,0.015630978668298153,0.0,0.0,0.11813186813186813,0.04646550300913066,0.02369844399127194,0.0,0.0,0.1585253456221198
networkaion,1.0,3.0,0.75,0.15238894721808677,0.0655141102539657,0.125,0.0,0.42857142857142855,0.029569087012342316,0.015578657646385472,0.024390243902439025,0.0,0.10302197802197802,0.04871920178612247,0.02367756738086493,0.04081632653061225,0.0,0.1382488479262673
networkaion,1.0,3.0,1.0,0.16185724188626055,0.06557034327105533,0.2,0.0,0.4444444444444444,0.031325622750882624,0.016402324148113406,0.024390243902439025,0.0,0.1304945054945055,0.05157933675625931,0.024294340257352623,0.04081632653061225,0.0,0.17511520737327188
networkaion,1.0,3.0,2.0,0.17941631214856324,0.07356185848004966,0.125,0.0,0.42857142857142855,0.03479437477703322,0.018582110092446508,0.024390243902439025,0.0,0.14423076923076922,0.05732467065542923,0.027927655932424723,0.04081632653061225,0.0,0.19354838709677416
networkaion,1.0,3.0,3.0,0.19966987681690337,0.08472497329577676,0.125,0.0,0.42857142857142855,0.03861442165205715,0.021587970334153786,0.024390243902439025,0.0,0.17445054945054944,0.0636132144042058,0.03225265894698299,0.04081632653061225,0.0,0.23410138248847925
networkaion,1.0,3.0,5.0,0.2242038975090781,0.09740065648328061,0.125,0.0,0.5714285714285714,0.043590081073513594,0.024557796221767937,0.024390243902439025,0.0,0.18406593406593408,0.07178575513636207,0.03690671649409798,0.04081632653061225,0.0,0.24700460829493087
networkaion,1.0,5.0,0,0.1291808026706922,0.07094662033175776,0.09090909090909091,0.0,0.4,0.02408343317772687,0.013499596694410792,0.024390243902439025,0.0,0.07462686567164178,0.039962349384736334,0.02156499349918062,0.04081632653061225,0.0,0.10309278350515463
networkaion,1.0,5.0,0.1,0.1308444746854296,0.06672178927155684,0.125,0.0,0.38095238095238093,0.024518896235299868,0.01344919406470759,0.024390243902439025,0.0,0.08333333333333333,0.04059140843787722,0.02087226668215739,0.04081632653061225,0.0,0.11538461538461539
networkaion,1.0,5.0,0.25,0.13277983797295928,0.07085113885957282,0.125,0.0,0.42857142857142855,0.02480021473624977,0.014464548216264578,0.024390243902439025,0.0,0.08955223880597014,0.04108285239359716,0.022546388522821256,0.04081632653061225,0.0,0.125
networkaion,1.0,5.0,0.5,0.13510937632099831,0.06850144022611128,0.1,0.0,0.38095238095238093,0.025307665502969364,0.013999270800485235,0.024390243902439025,0.0,0.08955223880597014,0.04194053161901515,0.021972565528512483,0.04081632653061225,0.0,0.12371134020618557
networkaion,1.0,5.0,0.75,0.13743548282837004,0.07037609760613328,0.125,0.0,0.38095238095238093,0.02569216939533844,0.013886845517838966,0.024390243902439025,0.0,0.07317073170731707,0.042613806543567154,0.022090106510754985,0.04081632653061225,0.0,0.12244897959183672
networkaion,1.0,5.0,1.0,0.1374789777891144,0.07359678622017633,0.125,0.0,0.3333333333333333,0.02576659850154146,0.014605208673504205,0.024390243902439025,0.0,0.07462686567164178,0.042684524764247216,0.023043801308795672,0.04081632653061225,0.0,0.10309278350515463
networkaion,1.0,5.0,2.0,0.14860540400177016,0.07738505002689076,0.125,0.0,0.42857142857142855,0.028048090415742768,0.016192308093914257,0.024390243902439025,0.0,0.08771929824561403,0.0463764747782391,0.025219780623677305,0.04081632653061225,0.0,0.13114754098360656
networkaion,1.0,5.0,3.0,0.16229112019996994,0.08503117343636647,0.125,0.0,0.47619047619047616,0.030374471437964772,0.01662132457739109,0.024390243902439025,0.0,0.09569377990430622,0.05034172314334787,0.026222773791573506,0.04081632653061225,0.0,0.14035087719298245
networkaion,1.0,5.0,5.0,0.18576472040922384,0.0942459536327589,0.125,0.0,0.47619047619047616,0.03517884807279685,0.019368994260420748,0.024390243902439025,0.0,0.11961722488038277,0.05825727013661811,0.030596021947034927,0.04081632653061225,0.0,0.17543859649122806
networkaion,2.0,0,0,0.0625391389067603,0.05230172087365741,0.0,0.0,0.2857142857142857,0.01237065702457374,0.011594122854429427,0.0,0.0,0.07280219780219781,0.020191115385492668,0.017720356027239533,0.0,0.0,0.09769585253456221
networkaion,2.0,0,0.1,0.06122462444441165,0.054058480533239174,0.0,0.0,0.3888888888888889,0.012583073797816013,0.013224713570981343,0.0,0.0,0.08333333333333333,0.02043939336015535,0.020041789520192563,0.0,0.0,0.11538461538461539
networkaion,2.0,0,0.25,0.065494581747882,0.05643725982476939,0.0,0.0,0.4166666666666667,0.013711040399102871,0.01625520056259418,0.0,0.0,0.1388888888888889,0.022170907771573392,0.024108910411785672,0.0,0.0,0.1923076923076923
networkaion,2.0,0,0.5,0.06817026191558936,0.05358423813898323,0.0,0.0,0.2857142857142857,0.013999974748747611,0.013569263950126352,0.0,0.0,0.08333333333333333,0.0227801542389253,0.020667580167871562,0.0,0.0,0.11538461538461539
networkaion,2.0,0,0.75,0.07772136970925977,0.056419723273670265,0.0,0.0,0.25,0.01581944801362319,0.015170820446258103,0.0,0.0,0.0989010989010989,0.025742088114034507,0.02263183611830896,0.0,0.0,0.13271889400921658
networkaion,2.0,0,1.0,0.08487741233126135,0.05560735521811871,0.0,0.0,0.23255813953488372,0.017522927757773133,0.015185575317800222,0.0,0.0,0.09340659340659341,0.028454587300124283,0.022674649108297588,0.0,0.0,0.12534562211981568
networkaion,2.0,0,2.0,0.13690875941327257,0.07291208841494234,0.0,0.0,0.36,0.027318127858822792,0.019652985778050042,0.0,0.0,0.1388888888888889,0.04471266840116304,0.0292164688858175,0.0,0.0,0.1923076923076923
networkaion,2.0,0,3.0,0.17817124394665593,0.0793474351854013,0.25,0.0,0.358974358974359,0.035336150221210234,0.022067384870591317,0.0,0.0,0.14972527472527472,0.057978178899596784,0.03289814786641926,0.0,0.0,0.2009216589861751
networkaion,2.0,0,5.0,0.21034863612312465,0.09386324645492294,0.25,0.0,0.47619047619047616,0.041152498614153654,0.024134071798487484,0.0,0.0,0.1813186813186813,0.06767356855551797,0.036152738902312444,0.0,0.0,0.24331797235023042
networkaion,2.0,0.1,0,0.06474058401746449,0.053946535811447205,0.0,0.0,0.3333333333333333,0.013441432119988423,0.013691421313410349,0.0,0.0,0.08653846153846154,0.021806579393503042,0.020582359456174284,0.0,0.0,0.11612903225806452
networkaion,2.0,0.1,0.1,0.06647793962290516,0.05457982849459772,0.0,0.0,0.3076923076923077,0.013289729595465125,0.012943306376618153,0.0,0.0,0.08516483516483517,0.021722989977890413,0.019889137186561184,0.0,0.0,0.11428571428571431
networkaion,2.0,0.1,0.25,0.06346348030367821,0.04869189496191143,0.0,0.0,0.25,0.013011288773302983,0.01215613376182687,0.0,0.0,0.07142857142857142,0.0211789674627762,0.018461380028090932,0.0,0.0,0.09585253456221197
networkaion,2.0,0.1,0.5,0.06983206136593022,0.05289172893689825,0.0,0.0,0.3333333333333333,0.01379934643597199,0.012120808934556438,0.0,0.0,0.08791208791208792,0.022648280563458037,0.01872516367350934,0.0,0.0,0.11797235023041475
networkaion,2.0,0.1,0.75,0.08205784474925934,0.053454344145230516,0.0,0.0,0.2857142857142857,0.016691020951762434,0.014100519841093156,0.0,0.0,0.10302197802197802,0.027189631495623638,0.020986097789939553,0.0,0.0,0.1382488479262673
networkaion,2.0,0.1,1.0,0.09726780522000245,0.061088139400334716,0.0,0.0,0.3333333333333333,0.019319984102283895,0.015114025601419863,0.0,0.0,0.1111111111111111,0.03161290662125618,0.022720654290502813,0.0,0.0,0.15384615384615383
networkaion,2.0,0.1,2.0,0.14715803427432503,0.07235167844466721,0.0,0.0,0.3333333333333333,0.02916928973442659,0.019585113706887012,0.0,0.0,0.1388888888888889,0.04782633143070364,0.02917223474159337,0.0,0.0,0.1923076923076923
networkaion,2.0,0.1,3.0,0.1872289236063779,0.07987518216186998,0.125,0.0,0.5,0.0364670041135379,0.02044709717731225,0.0,0.0,0.16071428571428573,0.060012371131529976,0.03062592930928553,0.0,0.0,0.21566820276497695
networkaion,2.0,0.1,5.0,0.21031178847441573,0.09174442167044873,0.125,0.0,0.5714285714285714,0.04111785809418818,0.023738352271425418,0.0,0.0,0.17445054945054944,0.06762350891862004,0.03550378660250361,0.0,0.0,0.23410138248847925
networkaion,2.0,0.25,0,0.06616130658713335,0.05185417225441964,0.0,0.0,0.25,0.01352609982359697,0.013636753804346926,0.0,0.0,0.08379120879120878,0.02197213348192628,0.020409140858300603,0.0,0.0,0.11538461538461539
networkaion,2.0,0.25,0.1,0.06674137688270056,0.04861901416924112,0.0,0.0,0.2222222222222222,0.013539229927048235,0.01230127783026761,0.0,0.0,0.08333333333333333,0.022085253023727477,0.01855034940445952,0.0,0.0,0.11538461538461539
networkaion,2.0,0.25,0.25,0.06937101584688782,0.05842639125377003,0.0,0.0,0.2777777777777778,0.013881287925340218,0.013958353971202169,0.0,0.0,0.08241758241758242,0.022683726796591648,0.021506439937932612,0.0,0.0,0.11059907834101383
networkaion,2.0,0.25,0.5,0.07731498017558927,0.056126771250442443,0.0,0.0,0.25,0.015894399564677468,0.014747478208462056,0.0,0.0,0.09478021978021978,0.025833891919026748,0.02222702504647394,0.0,0.0,0.1271889400921659
networkaion,2.0,0.25,0.75,0.09543790552080665,0.061002400030608854,0.0,0.0,0.3333333333333333,0.019289920417777752,0.016502210330270103,0.0,0.0,0.1044776119402985,0.03145466906487491,0.024618107408057192,0.0,0.0,0.14432989690721648
networkaion,2.0,0.25,1.0,0.09943517605978773,0.05139662696777356,0.0,0.0,0.2222222222222222,0.020019818250520117,0.01420430087524693,0.0,0.0,0.10851648351648352,0.03271187470552879,0.021099956225597367,0.0,0.0,0.1456221198156682
networkaion,2.0,0.25,2.0,0.15386310738470094,0.07041413864990437,0.125,0.0,0.3333333333333333,0.030307864981643742,0.019046197121170252,0.0,0.0,0.14148351648351648,0.04974979949695676,0.028329607058288478,0.0,0.0,0.18986175115207374
networkaion,2.0,0.25,3.0,0.18529661371304676,0.0796677771972697,0.25,0.0,0.47619047619047616,0.03633244048092206,0.021417062841658927,0.024390243902439025,0.0,0.1662087912087912,0.059735564895578984,0.03194163879957925,0.04081632653061225,0.0,0.22304147465437787
networkaion,2.0,0.25,5.0,0.2140675664402014,0.09571072387246414,0.125,0.0,0.5,0.0416755218349973,0.023394544853688325,0.024390243902439025,0.0,0.1662087912087912,0.06862693212175794,0.03551509727055051,0.04081632653061225,0.0,0.22304147465437787
networkaion,2.0,0.5,0,0.07138549377000512,0.05168112734023736,0.0,0.0,0.3,0.014733528454343142,0.01411298949722664,0.0,0.0,0.1044776119402985,0.023938048545202286,0.020995244900039657,0.0,0.0,0.14432989690721648
networkaion,2.0,0.5,0.1,0.08871982148148569,0.0583778953324831,0.0,0.0,0.2777777777777778,0.017591874918402806,0.014468796777407904,0.0,0.0,0.08333333333333333,0.028786654639610273,0.02199076328508245,0.0,0.0,0.11538461538461539
networkaion,2.0,0.5,0.25,0.08754377185504271,0.05897630381654453,0.0,0.0,0.3,0.017651932506317733,0.014182412638819045,0.0,0.0,0.08955223880597014,0.028828564449359346,0.021639892621224798,0.0,0.0,0.12371134020618557
networkaion,2.0,0.5,0.5,0.09273547488474919,0.057210259596272975,0.0,0.0,0.3333333333333333,0.0180853906564268,0.012663977877449387,0.0,0.0,0.06868131868131869,0.02976547002307254,0.019812021981062584,0.0,0.0,0.09737827715355805
networkaion,2.0,0.5,0.75,0.10705167369678405,0.059168038763157745,0.0,0.0,0.3333333333333333,0.021189089781930216,0.014482919106760294,0.0,0.0,0.08928571428571429,0.03475423191067584,0.022006476979367272,0.0,0.0,0.11981566820276497
networkaion,2.0,0.5,1.0,0.12240242468397494,0.06262184778587913,0.0,0.0,0.3055555555555556,0.024078337274334005,0.016366487846111315,0.0,0.0,0.12225274725274725,0.03950669406136512,0.024393038439864127,0.0,0.0,0.1640552995391705
networkaion,2.0,0.5,2.0,0.16450190230565095,0.06672508964396374,0.125,0.0,0.38095238095238093,0.032279955655799566,0.0182185158126953,0.024390243902439025,0.0,0.12774725274725274,0.05303895270050594,0.026781813235679654,0.04081632653061225,0.0,0.1714285714285714
networkaion,2.0,0.5,3.0,0.1912777920625406,0.08185881052736443,0.1,0.0,0.47619047619047616,0.03720793553109564,0.021284908676697228,0.0,0.0,0.15384615384615385,0.061225137070666576,0.031709045644712296,0.0,0.0,0.2064516129032258
networkaion,2.0,0.5,5.0,0.21414822252441584,0.09387941279008374,0.125,0.0,0.5,0.04153740769950607,0.023387696446696818,0.024390243902439025,0.0,0.17994505494505494,0.0683816533474184,0.03501340985037364,0.0,0.0,0.24147465437788018
networkaion,2.0,0.75,0,0.08815773502340521,0.05866216806646723,0.0,0.0,0.35714285714285715,0.017547800398300745,0.015541629599928615,0.0,0.0,0.11940298507462686,0.028699831416915865,0.023358415171413,0.0,0.0,0.1694915254237288
networkaion,2.0,0.75,0.1,0.10299232079581816,0.05820310983566255,0.0,0.0,0.3888888888888889,0.020056128173339897,0.013502490457345764,0.0,0.0,0.0782967032967033,0.032960283897566334,0.020627640618935666,0.0,0.0,0.10526315789473685
networkaion,2.0,0.75,0.25,0.10157655337034519,0.05552260815420536,0.0,0.0,0.25,0.020160359133582925,0.014144021136837569,0.0,0.0,0.08955223880597014,0.033010059331433764,0.02126952635739504,0.0,0.0,0.12371134020618557
networkaion,2.0,0.75,0.5,0.11363490580685724,0.06134458504164822,0.0,0.0,0.5,0.022262148849417976,0.015627221289088063,0.0,0.0,0.1111111111111111,0.03655097220618335,0.02335854472451306,0.0,0.0,0.163265306122449
networkaion,2.0,0.75,0.75,0.11886971370670847,0.0589828320370966,0.0,0.0,0.3,0.023047455358631685,0.014316183429805935,0.0,0.0,0.08955223880597014,0.037906962032484795,0.02148054760890363,0.0,0.0,0.12371134020618557
networkaion,2.0,0.75,1.0,0.1245493890281779,0.05540490096083787,0.125,0.0,0.2727272727272727,0.024192460287728392,0.014694273665373216,0.0,0.0,0.1044776119402985,0.03974193087814437,0.02157871554696348,0.0,0.0,0.14432989690721648
networkaion,2.0,0.75,2.0,0.164263185764533,0.07232598836993855,0.125,0.0,0.38095238095238093,0.03191490540210554,0.017881970444695923,0.0,0.0,0.1304945054945055,0.052571612192235155,0.02714869643944259,0.0,0.0,0.17511520737327188
networkaion,2.0,0.75,3.0,0.1867961999830116,0.08189082445467974,0.125,0.0,0.42857142857142855,0.03655109939189867,0.021508436996689702,0.01694915254237288,0.0,0.14697802197802198,0.06008216640712264,0.03208044982013179,0.04081632653061225,0.0,0.19723502304147467
networkaion,2.0,0.75,5.0,0.21485746010992565,0.09409188590240072,0.125,0.0,0.47619047619047616,0.04171735694896587,0.023468876482209248,0.024390243902439025,0.0,0.1717032967032967,0.06872319577759783,0.03542653176145233,0.0,0.0,0.23041474654377883
networkaion,2.0,1.0,0,0.11012763394298221,0.05529907391296764,0.0,0.0,0.3333333333333333,0.021671396380251343,0.013881189037662734,0.0,0.0,0.08333333333333333,0.035567079289035554,0.02091907826346988,0.0,0.0,0.11538461538461539
networkaion,2.0,1.0,0.1,0.10787217584458902,0.052546902205686453,0.125,0.0,0.28,0.0209766299621285,0.013485600188808407,0.0,0.0,0.08333333333333333,0.03446771268591198,0.020125832653356098,0.0,0.0,0.11538461538461539
networkaion,2.0,1.0,0.25,0.11304447487384832,0.05822057499847228,0.0,0.0,0.3055555555555556,0.021881632103787418,0.013532814932084886,0.0,0.0,0.09340659340659341,0.0360238774500486,0.020605528720002673,0.0,0.0,0.12534562211981568
networkaion,2.0,1.0,0.5,0.12213198781137394,0.06107455202927144,0.09090909090909091,0.0,0.5,0.02387287558646043,0.01521677828695334,0.0,0.0,0.10027472527472528,0.03921710019752585,0.022996113586011512,0.0,0.0,0.163265306122449
networkaion,2.0,1.0,0.75,0.13436656543389575,0.05872505417462616,0.125,0.0,0.36363636363636365,0.026091676697098075,0.015444626619215161,0.0,0.0,0.1111111111111111,0.04289066780271699,0.022672574846324758,0.0,0.0,0.15384615384615383
networkaion,2.0,1.0,1.0,0.13265206411906738,0.06256584798638865,0.1,0.0,0.37142857142857144,0.026045167244295044,0.016002700545654055,0.0,0.0,0.10851648351648352,0.042753935513546754,0.023892464413462943,0.0,0.0,0.1456221198156682
networkaion,2.0,1.0,2.0,0.1699104997997353,0.07436515260618923,0.125,0.0,0.4375,0.033336266808254675,0.021109958338054888,0.05263157894736842,0.0,0.19444444444444445,0.054738807741604605,0.030863151831714578,0.0,0.0,0.2692307692307693
networkaion,2.0,1.0,3.0,0.18915081491497843,0.08501481512066164,0.1,0.0,0.45,0.03707642602134348,0.02231056607918086,0.024390243902439025,0.0,0.15247252747252749,0.06092441444460945,0.03325758727738884,0.04081632653061225,0.0,0.2046082949308756
networkaion,2.0,1.0,5.0,0.2201077993130845,0.09701232128726438,0.125,0.0,0.5,0.04267484034904297,0.024071021948536907,0.024390243902439025,0.0,0.18269230769230768,0.07030049881707232,0.036067373782601636,0.04081632653061225,0.0,0.2451612903225806
networkaion,2.0,2.0,0,0.12925762601961766,0.06164150716560302,0.125,0.0,0.375,0.02442697809911018,0.013196061869329615,0.024390243902439025,0.0,0.08241758241758242,0.040391299329732205,0.020384682128583662,0.04081632653061225,0.0,0.11111111111111109
networkaion,2.0,2.0,0.1,0.12577689609787773,0.05989669733251283,0.1,0.0,0.3333333333333333,0.02410918134609986,0.01329966623397601,0.024390243902439025,0.0,0.07692307692307693,0.03975670182930213,0.020357333063156305,0.0,0.0,0.10714285714285714
networkaion,2.0,2.0,0.25,0.12691788505140203,0.05694542206344998,0.125,0.0,0.3888888888888889,0.02432845119777779,0.013102327673353604,0.0,0.0,0.09065934065934066,0.04008326663216498,0.01951183324750079,0.0,0.0,0.12165898617511521
networkaion,2.0,2.0,0.5,0.13323654379520333,0.059528752831365835,0.125,0.0,0.3333333333333333,0.025489828515654,0.013139140183175626,0.024390243902439025,0.0,0.09340659340659341,0.042067629471261504,0.019963867681415795,0.0,0.0,0.12534562211981568
networkaion,2.0,2.0,0.75,0.143619168650247,0.061716188855719584,0.125,0.0,0.38095238095238093,0.0277517637769683,0.01576565550064997,0.024390243902439025,0.0,0.1388888888888889,0.045680472993738265,0.023212388543952453,0.0,0.0,0.1923076923076923
networkaion,2.0,2.0,1.0,0.14850385917066483,0.06422239179909787,0.125,0.0,0.3888888888888889,0.02843215244657128,0.015551777792416135,0.0,0.0,0.11813186813186813,0.04688620892875902,0.023132252314386984,0.0,0.0,0.1585253456221198
networkaion,2.0,2.0,2.0,0.1687547606517615,0.07539076850477365,0.125,0.0,0.5,0.0322625810826943,0.017287487066374795,0.01694915254237288,0.0,0.125,0.05327849238653061,0.02626991107337112,0.03389830508474576,0.0,0.16774193548387095
networkaion,2.0,2.0,3.0,0.19412401695965484,0.0822896696786839,0.125,0.0,0.42857142857142855,0.03763825676441402,0.021530150866598617,0.024390243902439025,0.0,0.16666666666666666,0.061995807951469036,0.03201480222018791,0.04081632653061225,0.0,0.23076923076923078
networkaion,2.0,2.0,5.0,0.21849199623313345,0.09631886693502198,0.125,0.0,0.6190476190476191,0.04257794539962301,0.023893560877816244,0.024390243902439025,0.0,0.16758241758241757,0.07008995305965518,0.036003928329137416,0.04081632653061225,0.0,0.2248847926267281
networkaion,2.0,3.0,0,0.13377335109620694,0.06429778946026414,0.125,0.0,0.4,0.025359070746222054,0.013593514781582607,0.024390243902439025,0.0,0.08928571428571429,0.04191061413102923,0.021002836117200035,0.04081632653061225,0.0,0.11981566820276497
networkaion,2.0,3.0,0.1,0.13971724206731284,0.05834788881249939,0.125,0.0,0.3888888888888889,0.02669036059779142,0.012709360111535856,0.024390243902439025,0.0,0.08928571428571429,0.044050398770695026,0.019229849225506912,0.0,0.0,0.11981566820276497
networkaion,2.0,3.0,0.25,0.1353118529651598,0.06233294641965536,0.125,0.0,0.38095238095238093,0.025550589300078003,0.01353190249111955,0.024390243902439025,0.0,0.10989010989010989,0.04224457182983262,0.020483518534522356,0.0,0.0,0.14746543778801843
networkaion,2.0,3.0,0.5,0.14102778983161599,0.05826476428537145,0.125,0.0,0.3333333333333333,0.026843986926234863,0.013271511250279304,0.0,0.0,0.10164835164835165,0.04432979746951154,0.02003526704203632,0.0,0.0,0.13640552995391705
networkaion,2.0,3.0,0.75,0.14635344843126366,0.06628915136503614,0.125,0.0,0.3888888888888889,0.02788319606024858,0.014787383727325706,0.024390243902439025,0.0,0.1111111111111111,0.046037904436823825,0.022359250217556043,0.04081632653061225,0.0,0.15384615384615383
networkaion,2.0,3.0,1.0,0.15273262428410825,0.06450749567685324,0.125,0.0,0.4,0.029105288315863398,0.014762256040015066,0.024390243902439025,0.0,0.10576923076923077,0.04807986453522748,0.02240416225989101,0.04081632653061225,0.0,0.14193548387096774
networkaion,2.0,3.0,2.0,0.16797510912220487,0.0736063434722556,0.125,0.0,0.5238095238095238,0.03241835659346625,0.017340603808791842,0.024390243902439025,0.0,0.12637362637362637,0.05344850636810922,0.026244843555756427,0.0,0.0,0.1695852534562212
networkaion,2.0,3.0,3.0,0.19419509388112044,0.08186687233015874,0.125,0.0,0.47619047619047616,0.03794962915031424,0.02127679521058029,0.024390243902439025,0.0,0.14148351648351648,0.06242273949486146,0.031738182772716755,0.04081632653061225,0.0,0.1923076923076923
networkaion,2.0,3.0,5.0,0.21502601979030617,0.09542405849711723,0.125,0.0,0.5714285714285714,0.041736238528232786,0.02383977097117014,0.024390243902439025,0.0,0.18818681318681318,0.06874504107268722,0.03588104883488657,0.04081632653061225,0.0,0.2525345622119816
networkaion,2.0,5.0,0,0.12459869985044407,0.061128747848134664,0.125,0.0,0.3333333333333333,0.023234364316602966,0.011974730417605177,0.024390243902439025,0.0,0.07462686567164178,0.03851907304362845,0.01877416152402469,0.04081632653061225,0.0,0.10309278350515463
networkaion,2.0,5.0,0.1,0.1302779834496691,0.06753326180299724,0.125,0.0,0.3888888888888889,0.024242311481005915,0.013143819069028555,0.024390243902439025,0.0,0.08955223880597014,0.04016555709679692,0.020473927260131343,0.04081632653061225,0.0,0.12371134020618557
networkaion,2.0,5.0,0.25,0.13023417554403022,0.06850182433885181,0.125,0.0,0.3611111111111111,0.024290351572473196,0.013554707983745641,0.024390243902439025,0.0,0.07462686567164178,0.04027850486404703,0.021351234979786735,0.04081632653061225,0.0,0.10491803278688523
networkaion,2.0,5.0,0.5,0.13205927701536652,0.0665039005529841,0.125,0.0,0.38095238095238093,0.024673366806418556,0.012858512272560504,0.024390243902439025,0.0,0.06318681318681318,0.04090100017753938,0.020323338535686894,0.04081632653061225,0.0,0.1
networkaion,2.0,5.0,0.75,0.13490417341395508,0.06703356160874833,0.125,0.0,0.3333333333333333,0.02536158256315727,0.013800920691913838,0.024390243902439025,0.0,0.08955223880597014,0.04199044936848106,0.021507913482695963,0.04081632653061225,0.0,0.12371134020618557
networkaion,2.0,5.0,1.0,0.13206658246694447,0.06837355324536702,0.125,0.0,0.3333333333333333,0.024697635824278943,0.013494999978760977,0.024390243902439025,0.0,0.08955223880597014,0.0409070695473238,0.021087666079727455,0.04081632653061225,0.0,0.12371134020618557
networkaion,2.0,5.0,2.0,0.15187644192428373,0.07865457239523192,0.125,0.0,0.45454545454545453,0.02851340963591884,0.016278609261062678,0.024390243902439025,0.0,0.10204081632653061,0.04720938151582585,0.02554707315644989,0.04081632653061225,0.0,0.16666666666666669
networkaion,2.0,5.0,3.0,0.1575135755164239,0.07899180754588099,0.125,0.0,0.47619047619047616,0.029739963107952214,0.01593536334120437,0.024390243902439025,0.0,0.08163265306122448,0.049278204238180766,0.025305960306783358,0.04081632653061225,0.0,0.13333333333333333
networkaion,2.0,5.0,5.0,0.1913350863245949,0.08876849905738839,0.125,0.0,0.42857142857142855,0.036291760383291384,0.018760803244732227,0.024390243902439025,0.0,0.10526315789473684,0.06009235591138323,0.029513207489593872,0.04081632653061225,0.0,0.1543859649122807
networkaion,3.0,0,0,0.0566723372227292,0.04383704759122905,0.0,0.0,0.2727272727272727,0.01167807514433892,0.011576333390507858,0.0,0.0,0.07317073170731707,0.01898032343321838,0.017637498388923305,0.0,0.0,0.11538461538461536
networkaion,3.0,0,0.1,0.053918318775661424,0.04510454079587759,0.0,0.0,0.24,0.01106845836825296,0.01059551748273098,0.0,0.0,0.05970149253731343,0.018031207454167225,0.01638083124413415,0.0,0.0,0.08247422680412371
networkaion,3.0,0,0.25,0.05822905872904478,0.04985458223724986,0.0,0.0,0.28,0.012379921253513162,0.013846641731791008,0.0,0.0,0.08955223880597014,0.019983144010862715,0.020643718298449347,0.0,0.0,0.12371134020618557
networkaion,3.0,0,0.5,0.068097192168688,0.05031218194944081,0.0,0.0,0.2727272727272727,0.01383912677878087,0.01298479165084771,0.0,0.0,0.08791208791208792,0.022532173264619336,0.019571253923705543,0.0,0.0,0.11797235023041475
networkaion,3.0,0,0.75,0.07773805690068356,0.05349193654454893,0.0,0.0,0.2777777777777778,0.01573740779401789,0.012988110228572372,0.0,0.0,0.07280219780219781,0.025728312977547792,0.01997558681515951,0.0,0.0,0.10169491525423728
networkaion,3.0,0,1.0,0.07762514471883807,0.058329349486043854,0.0,0.0,0.26666666666666666,0.015891619219300046,0.01579411860199702,0.0,0.0,0.11940298507462686,0.025822347659332185,0.023451840353004447,0.0,0.0,0.16494845360824742
networkaion,3.0,0,2.0,0.12709866622334878,0.0674507035792347,0.0,0.0,0.2916666666666667,0.025215859234831783,0.017428444319138824,0.0,0.0,0.11950549450549451,0.04135801014117559,0.026418970648767193,0.0,0.0,0.16036866359447005
networkaion,3.0,0,3.0,0.1773351609803698,0.07732608720684536,0.125,0.0,0.37662337662337664,0.03544751403591677,0.023324471774577332,0.024390243902439025,0.0,0.16666666666666666,0.05801711479496433,0.0340125964274252,0.0,0.0,0.23076923076923078
networkaion,3.0,0,5.0,0.2067897732817336,0.09111463891654649,0.125,0.0,0.5238095238095238,0.040299017276024716,0.022979971821029975,0.024390243902439025,0.0,0.16895604395604397,0.06633092184537343,0.034590679652245555,0.04081632653061225,0.0,0.22672811059907838
networkaion,3.0,0.1,0,0.05999132833900223,0.04910916069464661,0.0,0.0,0.2777777777777778,0.012700118116214711,0.013369181189017606,0.0,0.0,0.08955223880597014,0.020525934096673304,0.019903104786536882,0.0,0.0,0.12371134020618557
networkaion,3.0,0.1,0.1,0.0537307787222136,0.04370713318708024,0.0,0.0,0.24,0.011090664515731931,0.010658616998979624,0.0,0.0,0.0673076923076923,0.01807466292497776,0.01647509122318756,0.0,0.0,0.0903225806451613
networkaion,3.0,0.1,0.25,0.06424615427972775,0.0535424638417226,0.0,0.0,0.2727272727272727,0.013569824152489323,0.014600525310996535,0.0,0.0,0.08955223880597014,0.02195070633534955,0.022046998727723633,0.0,0.0,0.12371134020618557
networkaion,3.0,0.1,0.5,0.06762335450683774,0.049955803632120356,0.0,0.0,0.3333333333333333,0.013627716792688033,0.012170945796752817,0.0,0.0,0.08379120879120878,0.022206629272186213,0.01822923311484289,0.0,0.0,0.11244239631336406
networkaion,3.0,0.1,0.75,0.07835263250493939,0.05737187013225969,0.0,0.0,0.25,0.01554005586505353,0.013985184649853552,0.0,0.0,0.0989010989010989,0.025427296625394696,0.02129464722388345,0.0,0.0,0.13271889400921658
networkaion,3.0,0.1,1.0,0.08665748916470095,0.05788118604244585,0.0,0.0,0.375,0.017328343591857694,0.013726813261567852,0.0,0.0,0.08241758241758242,0.02832808130043606,0.0210400048392171,0.0,0.0,0.11111111111111109
networkaion,3.0,0.1,2.0,0.12970265631333408,0.0684502496626,0.0,0.0,0.30275229357798167,0.02560356120589755,0.017087853767030314,0.0,0.0,0.10851648351648352,0.042048880049608384,0.02606183181326499,0.0,0.0,0.14736842105263157
networkaion,3.0,0.1,3.0,0.17306987198132434,0.07849502920976481,0.125,0.0,0.38095238095238093,0.03376333717288764,0.019546098400414574,0.0,0.0,0.12912087912087913,0.05554583338819937,0.029514015992361097,0.0,0.0,0.17327188940092167
networkaion,3.0,0.1,5.0,0.2067441772388658,0.09482791759528064,0.125,0.0,0.5238095238095238,0.04051204235696877,0.024820089418899745,0.0,0.0,0.1717032967032967,0.06655599485158821,0.03688074226775981,0.0,0.0,0.23076923076923078
networkaion,3.0,0.25,0,0.06191505679648516,0.05170202953091253,0.0,0.0,0.2777777777777778,0.012935005381975995,0.012343934330397622,0.0,0.0,0.07462686567164178,0.020965811975896597,0.018809295212768952,0.0,0.0,0.10309278350515463
networkaion,3.0,0.25,0.1,0.05985185275572964,0.04592076521995977,0.0,0.0,0.2857142857142857,0.012639527659024822,0.013213601624058173,0.0,0.0,0.1111111111111111,0.02043553785640875,0.019530935135373968,0.0,0.0,0.15384615384615383
networkaion,3.0,0.25,0.25,0.06903754209821622,0.04893060858837192,0.0,0.0,0.25,0.014014558082768162,0.012523818593635794,0.0,0.0,0.08653846153846154,0.022860943082971034,0.01890432893538216,0.0,0.0,0.11612903225806452
networkaion,3.0,0.25,0.5,0.07422574401957263,0.05090535549441064,0.0,0.0,0.25,0.01458852659082477,0.01163640224328639,0.0,0.0,0.07280219780219781,0.023906362791159572,0.017836966693484155,0.0,0.0,0.09769585253456221
networkaion,3.0,0.25,0.75,0.0808583276315174,0.05095463126499301,0.0,0.0,0.24324324324324326,0.016398781042097948,0.01409691361320464,0.0,0.0,0.08955223880597014,0.026707025168249014,0.02084006646937402,0.0,0.0,0.12371134020618557
networkaion,3.0,0.25,1.0,0.0899943780315754,0.053320991570293665,0.0,0.0,0.22905027932960895,0.017994013696535624,0.01337966867396178,0.0,0.0,0.10302197802197802,0.02948485149769237,0.020313868972805457,0.0,0.0,0.1382488479262673
networkaion,3.0,0.25,2.0,0.14412341639625767,0.06992361735474578,0.0,0.0,0.42857142857142855,0.028176806799278628,0.017852109446685586,0.0,0.0,0.125,0.04638460947122834,0.027068614000555234,0.0,0.0,0.16774193548387095
networkaion,3.0,0.25,3.0,0.17849205374826058,0.08009973040793823,0.125,0.0,0.38461538461538464,0.03496193841750357,0.021661559205855725,0.017857142857142856,0.0,0.16666666666666666,0.057488681347929,0.03225703106822424,0.0,0.0,0.23076923076923078
networkaion,3.0,0.25,5.0,0.21036805083893662,0.09537839295306037,0.125,0.0,0.5,0.04095532881456402,0.023357639693392513,0.0,0.0,0.15796703296703296,0.06742435538433784,0.03524505777026321,0.0,0.0,0.2119815668202765
networkaion,3.0,0.5,0,0.07225857703440512,0.059249127649970534,0.0,0.0,0.3888888888888889,0.014642377152209502,0.014168025468304113,0.0,0.0,0.08333333333333333,0.02382872628695432,0.021524373288044272,0.0,0.0,0.11538461538461539
networkaion,3.0,0.5,0.1,0.07411690747044015,0.05061567143449197,0.0,0.0,0.25,0.015093949012816943,0.01310230552669056,0.0,0.0,0.07462686567164178,0.024604290148422043,0.01989365486166817,0.0,0.0,0.10714285714285714
networkaion,3.0,0.5,0.25,0.07665476123861274,0.053508098971965956,0.0,0.0,0.2777777777777778,0.0151655850180859,0.013054561453649813,0.0,0.0,0.08241758241758242,0.024817926667809184,0.01973685885801977,0.0,0.0,0.11059907834101383
networkaion,3.0,0.5,0.5,0.0929889622422144,0.055406722754752946,0.0,0.0,0.2777777777777778,0.018313633438151178,0.0133239631507025,0.0,0.0,0.07692307692307693,0.03003352261153554,0.020344725905067428,0.0,0.0,0.1032258064516129
networkaion,3.0,0.5,0.75,0.0993678075272668,0.052830048774843055,0.0,0.0,0.3333333333333333,0.019762011063131253,0.013980794675975567,0.0,0.0,0.08955223880597014,0.032333926198982926,0.020745523300404207,0.0,0.0,0.12371134020618557
networkaion,3.0,0.5,1.0,0.11530188323440453,0.055488545106581695,0.0,0.0,0.3,0.022169526842571376,0.013790953806344396,0.0,0.0,0.10576923076923077,0.036508587880446856,0.020707858989517002,0.0,0.0,0.14193548387096774
networkaion,3.0,0.5,2.0,0.15236241715537763,0.07185682349497226,0.125,0.0,0.42857142857142855,0.029275340444355553,0.016279158949299207,0.0,0.0,0.10302197802197802,0.0483292851144937,0.024998650205209166,0.0,0.0,0.1382488479262673
networkaion,3.0,0.5,3.0,0.18675304324556774,0.08170516831671734,0.125,0.0,0.5,0.036589536929008036,0.02176970540387439,0.024390243902439025,0.0,0.16666666666666666,0.060098654020947787,0.032120435152447786,0.04081632653061225,0.0,0.23076923076923078
networkaion,3.0,0.5,5.0,0.21411612264315183,0.09493596583412921,0.125,0.0,0.55,0.04175311143580325,0.023539037489716103,0.024390243902439025,0.0,0.17032967032967034,0.06875401656180896,0.0356763115143487,0.04081632653061225,0.0,0.22857142857142862
networkaion,3.0,0.75,0,0.0850411887440007,0.05955820563904652,0.0,0.0,0.4444444444444444,0.016648003639364622,0.013206202053714838,0.0,0.0,0.07462686567164178,0.027333932385520284,0.020409266754983536,0.0,0.0,0.10309278350515463
networkaion,3.0,0.75,0.1,0.08845153902707648,0.05588143758698545,0.0,0.0,0.29411764705882354,0.016847873838881356,0.011365622275488207,0.0,0.0,0.05972515856236787,0.027796945293716707,0.017812881436831664,0.0,0.0,0.09304240428159737
networkaion,3.0,0.75,0.25,0.08976746909456267,0.05246753015904867,0.0,0.0,0.24,0.017771582157034813,0.013365800691682899,0.0,0.0,0.08955223880597014,0.029115496064034924,0.02017257959782078,0.0,0.0,0.12371134020618557
networkaion,3.0,0.75,0.5,0.11011933766997557,0.056000011359130714,0.125,0.0,0.3333333333333333,0.021267793383677562,0.012121795944465219,0.0,0.0,0.07554945054945054,0.035052804314040724,0.0186893748559636,0.0,0.0,0.10138248847926266
networkaion,3.0,0.75,0.75,0.1124866522182956,0.05828360067890156,0.0,0.0,0.3,0.021980681756648898,0.014278443835099611,0.0,0.0,0.08791208791208792,0.03609264289012913,0.021453501313242643,0.0,0.0,0.11797235023041475
networkaion,3.0,0.75,1.0,0.12398792843954314,0.059268742060650956,0.0,0.0,0.3,0.024080020295085738,0.015418372515249029,0.0,0.0,0.1044776119402985,0.03956548792298923,0.022790157044286375,0.0,0.0,0.14432989690721648
networkaion,3.0,0.75,2.0,0.16164431222400497,0.07027742857527737,0.125,0.0,0.36363636363636365,0.0313722761733206,0.017535037627371294,0.0,0.0,0.12362637362637363,0.05162779377089883,0.02620316769415762,0.0,0.0,0.16589861751152074
networkaion,3.0,0.75,3.0,0.1806831944994673,0.08129918697630392,0.125,0.0,0.47619047619047616,0.035386528693465584,0.02062130949271767,0.024390243902439025,0.0,0.14835164835164835,0.05818273934037341,0.0310572824944879,0.0,0.0,0.19907834101382488
networkaion,3.0,0.75,5.0,0.21132006303420514,0.0917490405290716,0.125,0.0,0.47619047619047616,0.04154203078520799,0.02497912648563818,0.021739130434782608,0.0,0.16895604395604397,0.06823175167560623,0.03708237919860232,0.04081632653061225,0.0,0.23076923076923078
networkaion,3.0,1.0,0,0.09548147881160558,0.05009297334074029,0.0,0.0,0.2777777777777778,0.018370568075952224,0.012775005308007032,0.0,0.0,0.1044776119402985,0.030265497862236704,0.019160323897579698,0.0,0.0,0.14432989690721648
networkaion,3.0,1.0,0.1,0.10608803606440877,0.05704614387015299,0.0,0.0,0.3611111111111111,0.02078788371217859,0.014568419475711207,0.0,0.0,0.1111111111111111,0.0341094354142448,0.021754698716241194,0.0,0.0,0.15384615384615383
networkaion,3.0,1.0,0.25,0.10818909506430385,0.060389194393611095,0.0,0.0,0.3333333333333333,0.021319046801502158,0.015620435304151551,0.0,0.0,0.1111111111111111,0.03494319697868334,0.023360903582389205,0.0,0.0,0.15384615384615383
networkaion,3.0,1.0,0.5,0.11182332400055336,0.05404360177773627,0.0,0.0,0.36363636363636365,0.021571429070392063,0.013472653011592419,0.0,0.0,0.09478021978021978,0.0355101057420627,0.020210476451279057,0.0,0.0,0.13333333333333333
networkaion,3.0,1.0,0.75,0.12251593501205452,0.054463154755273115,0.125,0.0,0.3333333333333333,0.02358307380477127,0.012631031917748916,0.024390243902439025,0.0,0.08653846153846154,0.038851526722257036,0.019061470886479408,0.0,0.0,0.11612903225806452
networkaion,3.0,1.0,1.0,0.13386660862345826,0.05910366501238283,0.125,0.0,0.3333333333333333,0.025590913358894674,0.013633203038526887,0.024390243902439025,0.0,0.10302197802197802,0.042213831465085686,0.02059446793448117,0.0,0.0,0.1382488479262673
networkaion,3.0,1.0,2.0,0.17000759668585502,0.06831655447924162,0.125,0.0,0.4444444444444444,0.033040368616705694,0.01888679568933566,0.024390243902439025,0.0,0.1388888888888889,0.054337938889309906,0.02757314699965972,0.04081632653061225,0.0,0.1923076923076923
networkaion,3.0,1.0,3.0,0.1847755808562446,0.08000954435915995,0.09090909090909091,0.0,0.42857142857142855,0.03631753601196126,0.0215650983106116,0.0,0.0,0.16666666666666666,0.0596695518304604,0.03199572239958953,0.0,0.0,0.23076923076923078
networkaion,3.0,1.0,5.0,0.21053072498829214,0.09282923790000523,0.16666666666666666,0.0,0.4675324675324675,0.04090918615319755,0.023790457439567377,0.02702702702702703,0.0,0.18406593406593408,0.06734211228240732,0.03554241824277362,0.0,0.0,0.24700460829493087
networkaion,3.0,2.0,0,0.11891530970315367,0.056634183211337716,0.125,0.0,0.38095238095238093,0.02295754544554782,0.013118390524084698,0.0,0.0,0.07462686567164178,0.03781788568825234,0.02004604373289939,0.0,0.0,0.10714285714285714
networkaion,3.0,2.0,0.1,0.1218159445115447,0.05562487088739019,0.125,0.0,0.2857142857142857,0.02323552962327959,0.01241519204587485,0.024390243902439025,0.0,0.08955223880597014,0.03835122834563062,0.01881150184081545,0.0,0.0,0.12371134020618557
networkaion,3.0,2.0,0.25,0.1250785579510505,0.06057971589218338,0.125,0.0,0.38095238095238093,0.0242234536568524,0.01410789856647451,0.0,0.0,0.1044776119402985,0.03988500669640698,0.021375627690036442,0.0,0.0,0.14432989690721648
networkaion,3.0,2.0,0.5,0.12653927785793342,0.057848339134508375,0.125,0.0,0.3611111111111111,0.024027061337187128,0.012387714968524763,0.0,0.0,0.08516483516483517,0.039681687464206875,0.01885795599723355,0.0,0.0,0.11428571428571431
networkaion,3.0,2.0,0.75,0.13197257517647026,0.056976025258345296,0.125,0.0,0.38095238095238093,0.02527685621796292,0.013257833842456514,0.024390243902439025,0.0,0.09615384615384616,0.04171847379633262,0.019994153778976658,0.0,0.0,0.12903225806451613
networkaion,3.0,2.0,1.0,0.14052642343396501,0.06153695438732798,0.1,0.0,0.38095238095238093,0.02701944491273941,0.014402371960489513,0.01694915254237288,0.0,0.09615384615384616,0.0445776396697029,0.021906960571168223,0.0,0.0,0.12903225806451613
networkaion,3.0,2.0,2.0,0.1680653268670297,0.07305935530523792,0.125,0.0,0.42857142857142855,0.03230401315476932,0.017654245736871875,0.024390243902439025,0.0,0.11813186813186813,0.05326885028078617,0.026670068414597337,0.04081632653061225,0.0,0.1585253456221198
networkaion,3.0,2.0,3.0,0.18635848459964985,0.08661298266176162,0.125,0.0,0.47619047619047616,0.03613539538128907,0.020771954097135243,0.024390243902439025,0.0,0.15247252747252749,0.05951121002047308,0.03140341725152942,0.04081632653061225,0.0,0.2046082949308756
networkaion,3.0,2.0,5.0,0.21195729318259773,0.09377748246944499,0.125,0.0,0.5238095238095238,0.04149148714516779,0.02428322687472682,0.024390243902439025,0.0,0.1813186813186813,0.06821543779909862,0.03626357529261095,0.04081632653061225,0.0,0.24331797235023042
networkaion,3.0,3.0,0,0.13290072787043944,0.06378543792915083,0.125,0.0,0.42857142857142855,0.025496844485904075,0.014454423381500214,0.024390243902439025,0.0,0.1044776119402985,0.04204507671111806,0.02206623940488997,0.0,0.0,0.14432989690721648
networkaion,3.0,3.0,0.1,0.12903972394183755,0.057211843346286734,0.125,0.0,0.3333333333333333,0.024660041039161036,0.013774877452668598,0.024390243902439025,0.0,0.1111111111111111,0.04067323623254599,0.02053023401553701,0.04081632653061225,0.0,0.15384615384615383
networkaion,3.0,3.0,0.25,0.13414926094008267,0.06025723813598132,0.1,0.0,0.35,0.025763479528544034,0.014580839743363232,0.024390243902439025,0.0,0.1111111111111111,0.04246196688156414,0.021788173822197505,0.0,0.0,0.15384615384615383
networkaion,3.0,3.0,0.5,0.13268696096921076,0.06082084259172564,0.125,0.0,0.38095238095238093,0.025291525813561085,0.013529278711636249,0.024390243902439025,0.0,0.08333333333333333,0.04173421955321766,0.020477550493898804,0.0,0.0,0.11803278688524589
networkaion,3.0,3.0,0.75,0.14142225234669453,0.061928236220154545,0.125,0.0,0.38095238095238093,0.027214530387987483,0.014931158205441108,0.03389830508474576,0.0,0.1043956043956044,0.04484970546494679,0.022356041386018356,0.0,0.0,0.1400921658986175
networkaion,3.0,3.0,1.0,0.14336102174584106,0.062077163448217676,0.125,0.0,0.3333333333333333,0.027450365364443566,0.01386094117730649,0.024390243902439025,0.0,0.10302197802197802,0.04534012243597451,0.021204465492956234,0.04081632653061225,0.0,0.1382488479262673
networkaion,3.0,3.0,2.0,0.1658768093631528,0.07082352301567664,0.125,0.0,0.42857142857142855,0.032033736023885914,0.017495408609837962,0.024390243902439025,0.0,0.1111111111111111,0.052776933239861205,0.026160285499472715,0.04081632653061225,0.0,0.15384615384615383
networkaion,3.0,3.0,3.0,0.18560776506710772,0.08154001902791436,0.25,0.0,0.42857142857142855,0.0357067879237853,0.019674925443715928,0.0,0.0,0.15384615384615385,0.05888494258232272,0.029604948003861126,0.0,0.0,0.2064516129032258
networkaion,3.0,3.0,5.0,0.21440407418156698,0.09659678852659517,0.125,0.0,0.5238095238095238,0.04158947930730863,0.023580788662273623,0.024390243902439025,0.0,0.16346153846153846,0.06852857066059578,0.03578182327898697,0.04081632653061225,0.0,0.21935483870967742
networkaion,3.0,5.0,0,0.12506136494739675,0.06275614651311656,0.125,0.0,0.3333333333333333,0.023240113110398895,0.011792115844612065,0.024390243902439025,0.0,0.07462686567164178,0.03853544743006683,0.018571328723720987,0.04081632653061225,0.0,0.10309278350515463
networkaion,3.0,5.0,0.1,0.1264608098816733,0.06522211760361082,0.125,0.0,0.3333333333333333,0.023528206337062752,0.012978792246287826,0.024390243902439025,0.0,0.08955223880597014,0.038977140314451375,0.02012540880704543,0.04081632653061225,0.0,0.12371134020618557
networkaion,3.0,5.0,0.25,0.12526146938559463,0.06289109674076616,0.125,0.0,0.38095238095238093,0.023194536400935457,0.011899423555404598,0.024390243902439025,0.0,0.07462686567164178,0.03850218900256149,0.01875410266554761,0.04081632653061225,0.0,0.10309278350515463
networkaion,3.0,5.0,0.5,0.12840058618912195,0.06814851806566208,0.1,0.0,0.38095238095238093,0.024052969200607233,0.013487105366993504,0.0,0.0,0.07462686567164178,0.039849781521865364,0.02125915621019069,0.0,0.0,0.1048689138576779
networkaion,3.0,5.0,0.75,0.13190079880593644,0.06684132161319765,0.125,0.0,0.3333333333333333,0.02455660922353518,0.012925623254491142,0.024390243902439025,0.0,0.0761904761904762,0.040721536639966485,0.020410730647642282,0.04081632653061225,0.0,0.1198501872659176
networkaion,3.0,5.0,1.0,0.13770391986231262,0.0727501510549474,0.1,0.0,0.3333333333333333,0.025524304314076738,0.014237980231332418,0.024390243902439025,0.0,0.1111111111111111,0.04233544331128511,0.022123103449833963,0.04081632653061225,0.0,0.15384615384615383
networkaion,3.0,5.0,2.0,0.1449288568517916,0.07341278098091374,0.125,0.0,0.38095238095238093,0.02701491774226138,0.014177620888721335,0.024390243902439025,0.0,0.07655502392344497,0.044814151938964215,0.022436307449719067,0.04081632653061225,0.0,0.11678832116788322
networkaion,3.0,5.0,3.0,0.1619001887457904,0.08280468269767155,0.125,0.0,0.45,0.03052099590589291,0.016697378615191463,0.024390243902439025,0.0,0.08771929824561403,0.05051610288395286,0.026070077587521386,0.04081632653061225,0.0,0.13114754098360656
networkaion,3.0,5.0,5.0,0.188536915227574,0.08809772311617615,0.125,0.0,0.42857142857142855,0.03551444852837438,0.018164529562102943,0.024390243902439025,0.0,0.10526315789473684,0.058851213159441806,0.028491842170550067,0.04081632653061225,0.0,0.15737704918032788
networkaion,5.0,0,0,0.05311141323959645,0.048063301770404396,0.0,0.0,0.26666666666666666,0.011245626093824302,0.013831051741689242,0.0,0.0,0.11940298507462686,0.0181367783767891,0.020476627005802345,0.0,0.0,0.16494845360824742
networkaion,5.0,0,0.1,0.05397796750388165,0.044000982338080474,0.0,0.0,0.25,0.01120173324742773,0.010659556395223035,0.0,0.0,0.057692307692307696,0.018205624664713514,0.016414650281254144,0.0,0.0,0.08974886784685056
networkaion,5.0,0,0.25,0.0528485936025276,0.04297991635180948,0.0,0.0,0.2048417132216015,0.010713553735672132,0.011451213755305452,0.0,0.0,0.07462686567164178,0.01741977136403117,0.0170818225237221,0.0,0.0,0.10309278350515463
networkaion,5.0,0,0.5,0.05948073416618746,0.052144236070129954,0.0,0.0,0.2777777777777778,0.012178268971000597,0.012064917810888007,0.0,0.0,0.06448202959830866,0.019836896996509038,0.018747131462586962,0.0,0.0,0.10045286125977769
networkaion,5.0,0,0.75,0.06535287449561265,0.0488233501728385,0.0,0.0,0.23333333333333334,0.01351590262973374,0.013538035637131674,0.0,0.0,0.1044776119402985,0.02193744071633438,0.020115620792996277,0.0,0.0,0.14432989690721648
networkaion,5.0,0,1.0,0.07465157519531765,0.05540389066372507,0.0,0.0,0.2777777777777778,0.014931755944365167,0.013972694391082214,0.0,0.0,0.1044776119402985,0.02440443815857648,0.0210792821891137,0.0,0.0,0.14432989690721648
networkaion,5.0,0,2.0,0.12538315003149347,0.0750129125426991,0.0,0.0,0.5,0.02429540053854022,0.016992902397294635,0.0,0.0,0.11401098901098901,0.03995940932435744,0.02598152925098206,0.0,0.0,0.15299539170506912
networkaion,5.0,0,3.0,0.1742805020172423,0.08080458625258617,0.125,0.0,0.38095238095238093,0.034130770202298405,0.020319961488402174,0.0,0.0,0.13873626373626374,0.05615090787589966,0.030817433487073585,0.0,0.0,0.1861751152073733
networkaion,5.0,0,5.0,0.2086443415528596,0.0942027642820273,0.25,0.0,0.5238095238095238,0.04043914286510503,0.023444906386185203,0.0,0.0,0.1662087912087912,0.06659391385887362,0.03524253764587585,0.0,0.0,0.22304147465437787
networkaion,5.0,0.1,0,0.053734825335769246,0.04787294025639784,0.0,0.0,0.2727272727272727,0.010747222491817103,0.010647904201417082,0.0,0.0,0.06140350877192982,0.01754670508930198,0.016546041014706636,0.0,0.0,0.09180327868852459
networkaion,5.0,0.1,0.1,0.04820689024736155,0.04333817468719933,0.0,0.0,0.25,0.010075013200754658,0.011356257104374455,0.0,0.0,0.07462686567164178,0.01634525072556502,0.017235408864114864,0.0,0.0,0.10309278350515463
networkaion,5.0,0.1,0.25,0.05432370182767799,0.044967118630241824,0.0,0.0,0.2,0.011318473689592474,0.011931980668225817,0.0,0.0,0.08333333333333333,0.018343291747222032,0.01791996236514262,0.0,0.0,0.11538461538461539
networkaion,5.0,0.1,0.5,0.06577845107001874,0.05514497433120112,0.0,0.0,0.2777777777777778,0.013509844783868965,0.013448581470923216,0.0,0.0,0.07462686567164178,0.0219925160001597,0.02067654180751297,0.0,0.0,0.10714285714285714
networkaion,5.0,0.1,0.75,0.07248790212687423,0.05670596619274194,0.0,0.0,0.3125,0.014746994843068925,0.015530459851479298,0.0,0.0,0.1388888888888889,0.023974719302569295,0.0229335437975745,0.0,0.0,0.1923076923076923
networkaion,5.0,0.1,1.0,0.07301509245270922,0.06066881988158953,0.0,0.0,0.5,0.014713982229673746,0.01463653398297521,0.0,0.0,0.1044776119402985,0.023974535425717623,0.022028792909599536,0.0,0.0,0.14432989690721648
networkaion,5.0,0.1,2.0,0.12446760415513891,0.06697209390787227,0.0,0.0,0.28,0.02487261455214289,0.01691318307714217,0.0,0.0,0.1111111111111111,0.040768998940954634,0.025720456962365516,0.0,0.0,0.15384615384615383
networkaion,5.0,0.1,3.0,0.16847577022148752,0.07813483992703281,0.125,0.0,0.35064935064935066,0.0334080377381417,0.020786758210243436,0.0,0.0,0.13598901098901098,0.05485074360480423,0.03129411622801171,0.0,0.0,0.1824884792626728
networkaion,5.0,0.1,5.0,0.20605675105869342,0.08893157815830768,0.125,0.0,0.5238095238095238,0.03994591942762314,0.02223182144734729,0.024390243902439025,0.0,0.16483516483516483,0.06579814416120587,0.03338955868999392,0.04081632653061225,0.0,0.22119815668202766
networkaion,5.0,0.25,0,0.05553785760658319,0.04656961706646634,0.0,0.0,0.2222222222222222,0.011021845097787683,0.010943737454705041,0.0,0.0,0.06025369978858351,0.018025786646127046,0.016834916504740366,0.0,0.0,0.09386578839028407
networkaion,5.0,0.25,0.1,0.061106311891801386,0.05038986593520008,0.0,0.0,0.3333333333333333,0.012271135575116667,0.011203179902396426,0.0,0.0,0.061813186813186816,0.020048245136048498,0.017328867474610907,0.0,0.0,0.09221902017291066
networkaion,5.0,0.25,0.25,0.05982155133285427,0.049380763365094435,0.0,0.0,0.25,0.011915620072287043,0.011470409705104007,0.0,0.0,0.057610993657505286,0.019509372536732253,0.017855554589511612,0.0,0.0,0.08974886784685056
networkaion,5.0,0.25,0.5,0.06324188576362949,0.04930124160028752,0.0,0.0,0.24,0.013052082497058715,0.012534484969763416,0.0,0.0,0.07554945054945054,0.02122831356834994,0.01906461209451845,0.0,0.0,0.10138248847926266
networkaion,5.0,0.25,0.75,0.0744904843386292,0.053439670062586445,0.0,0.0,0.25,0.015072305249660098,0.01321780155904661,0.0,0.0,0.09478021978021978,0.02458443899135216,0.020091804090777647,0.0,0.0,0.1271889400921659
networkaion,5.0,0.25,1.0,0.08181030150259239,0.057993140699297764,0.0,0.0,0.2857142857142857,0.01653722045144369,0.015647653029779284,0.0,0.0,0.11940298507462686,0.026963957121092178,0.02338701163039017,0.0,0.0,0.16494845360824742
networkaion,5.0,0.25,2.0,0.13219445274493816,0.06639615339758226,0.0,0.0,0.3,0.025859368435971527,0.016407629186610453,0.0,0.0,0.10851648351648352,0.04252053966116134,0.02485092636504522,0.0,0.0,0.1456221198156682
networkaion,5.0,0.25,3.0,0.17703520915520282,0.07660815904396318,0.2,0.0,0.42857142857142855,0.03459005100284913,0.019938701064461675,0.0,0.0,0.1346153846153846,0.056887712445246826,0.02986830532761252,0.0,0.0,0.1806451612903226
networkaion,5.0,0.25,5.0,0.2082786952143959,0.09090449720193051,0.125,0.0,0.5238095238095238,0.040557784998305715,0.02329404614722904,0.0,0.0,0.17857142857142858,0.06674599409731338,0.03479144996342674,0.0,0.0,0.23963133640552994
networkaion,5.0,0.5,0,0.06896772540912624,0.05318667515555276,0.0,0.0,0.2857142857142857,0.014108682387803856,0.01336503829819707,0.0,0.0,0.07462686567164178,0.022966205158031428,0.02043466827096784,0.0,0.0,0.10309278350515463
networkaion,5.0,0.5,0.1,0.06471448881578026,0.0510410848678711,0.0,0.0,0.375,0.013122668424494765,0.012058977000183588,0.0,0.0,0.07317073170731707,0.0214134633479974,0.018622018569688637,0.0,0.0,0.12244897959183672
networkaion,5.0,0.5,0.25,0.07668176598794976,0.05132378735121483,0.0,0.0,0.2727272727272727,0.015238643972785248,0.013257342674280371,0.0,0.0,0.08333333333333333,0.024868376219491863,0.019793123897464144,0.0,0.0,0.11538461538461539
networkaion,5.0,0.5,0.5,0.08415797560165576,0.05591729814962771,0.0,0.0,0.2777777777777778,0.01674886921975139,0.013122425914951889,0.0,0.0,0.07142857142857142,0.027437670176590448,0.020318399788704766,0.0,0.0,0.11111111111111112
networkaion,5.0,0.5,0.75,0.09232623969367959,0.056748019138164234,0.0,0.0,0.2777777777777778,0.018111276458430123,0.014313950680796075,0.0,0.0,0.1111111111111111,0.02968153828144301,0.021368337529194276,0.0,0.0,0.15384615384615383
networkaion,5.0,0.5,1.0,0.10396421994245321,0.0563883458408207,0.0,0.0,0.28,0.020303215611880594,0.01381034177539161,0.0,0.0,0.08791208791208792,0.03335033472564585,0.02089585075736586,0.0,0.0,0.11797235023041475
networkaion,5.0,0.5,2.0,0.14854123847203474,0.06694784653897291,0.125,0.0,0.36363636363636365,0.028838596848145475,0.016435728168437098,0.0,0.0,0.12225274725274725,0.04746412888268928,0.024443535725185518,0.0,0.0,0.1640552995391705
networkaion,5.0,0.5,3.0,0.175988742327516,0.07692253990957845,0.125,0.0,0.4,0.0338543296424174,0.018465167436673292,0.024390243902439025,0.0,0.12774725274725274,0.05586094529786946,0.027970763487061033,0.04081632653061225,0.0,0.1714285714285714
networkaion,5.0,0.5,5.0,0.20981427204392547,0.09354188219650578,0.2,0.0,0.5238095238095238,0.04067527999302236,0.022835386483087517,0.024390243902439025,0.0,0.15934065934065933,0.06704424225597987,0.03462904701457068,0.04081632653061225,0.0,0.21382488479262673
networkaion,5.0,0.75,0,0.07949054134878197,0.05406240549670841,0.0,0.0,0.2727272727272727,0.015417673047344826,0.012490032926394612,0.0,0.0,0.07317073170731707,0.025296727638737016,0.01910370558175944,0.0,0.0,0.11538461538461536
networkaion,5.0,0.75,0.1,0.07913970583197379,0.05044912322312834,0.0,0.0,0.2777777777777778,0.01552966922758707,0.012019018477339029,0.0,0.0,0.07462686567164178,0.025439356890831176,0.01808169802397455,0.0,0.0,0.10309278350515463
networkaion,5.0,0.75,0.25,0.08791830561515881,0.05420193881082457,0.0,0.0,0.3333333333333333,0.017016774958648503,0.013139963835834797,0.0,0.0,0.11940298507462686,0.02795708580373461,0.01965388710491276,0.0,0.0,0.16494845360824742
networkaion,5.0,0.75,0.5,0.09456323337808668,0.05326419127898834,0.0,0.0,0.3,0.018313576424294896,0.012671316982089273,0.0,0.0,0.08241758241758242,0.03013427737652848,0.019286157519755792,0.0,0.0,0.11059907834101383
networkaion,5.0,0.75,0.75,0.10323903932219686,0.05295929019613376,0.0,0.0,0.2777777777777778,0.019829195118487644,0.011807266194560274,0.0,0.0,0.08104395604395605,0.03275583132842063,0.01833821798513338,0.0,0.0,0.10875576036866358
networkaion,5.0,0.75,1.0,0.12041091373718706,0.05977578675978368,0.07692307692307693,0.0,0.42857142857142855,0.023451378614975125,0.014343258133489991,0.0,0.0,0.08928571428571429,0.03860906553709194,0.0220522285120833,0.0,0.0,0.13636363636363638
networkaion,5.0,0.75,2.0,0.15104745217675528,0.06477803119155415,0.25,0.0,0.34285714285714286,0.029343988818520596,0.016895311431190677,0.0,0.0,0.1111111111111111,0.048261426582000694,0.02510992328989048,0.0,0.0,0.15384615384615383
networkaion,5.0,0.75,3.0,0.17995040927313086,0.07769487517648331,0.125,0.0,0.38095238095238093,0.034901244471642806,0.01911305157915147,0.0,0.0,0.1401098901098901,0.05751695043768946,0.028915795113903624,0.0,0.0,0.1880184331797235
networkaion,5.0,0.75,5.0,0.2167655548653068,0.09489259762986507,0.125,0.0,0.5,0.04220286009108716,0.02423181489335743,0.01694915254237288,0.0,0.15247252747252749,0.06943302709929153,0.036395598980989395,0.04081632653061225,0.0,0.2046082949308756
networkaion,5.0,1.0,0,0.09221889223215414,0.05278899062346434,0.0,0.0,0.3333333333333333,0.01816100251238086,0.01365930988676423,0.0,0.0,0.08955223880597014,0.029741601663027785,0.02029619480185794,0.0,0.0,0.12371134020618557
networkaion,5.0,1.0,0.1,0.09114465324347165,0.052058460526396226,0.0,0.0,0.3,0.01787143830295789,0.013340481660080273,0.0,0.0,0.1111111111111111,0.0293161116992144,0.01990276075736081,0.0,0.0,0.15384615384615383
networkaion,5.0,1.0,0.25,0.09732093816275439,0.04939891065371832,0.0,0.0,0.2727272727272727,0.019062256119858626,0.012442804134970644,0.0,0.0,0.08955223880597014,0.031294558080708315,0.018622297423198084,0.0,0.0,0.12371134020618557
networkaion,5.0,1.0,0.5,0.11001508749004957,0.05227921669215034,0.09090909090909091,0.0,0.2777777777777778,0.021416033101720567,0.01289572962958068,0.0,0.0,0.08333333333333333,0.03520552498946488,0.019420016290316616,0.0,0.0,0.11538461538461539
networkaion,5.0,1.0,0.75,0.11527001658143138,0.05739702267873296,0.0,0.0,0.375,0.022729782031456727,0.01628002690005833,0.0,0.0,0.16666666666666666,0.03725722158661805,0.023669449210360953,0.0,0.0,0.23076923076923078
networkaion,5.0,1.0,1.0,0.1188087590705897,0.05327306973844645,0.1,0.0,0.2727272727272727,0.023077199782558816,0.012856170783526742,0.0,0.0,0.08104395604395605,0.03802830137136627,0.01966989400816461,0.0,0.0,0.11609715932482502
networkaion,5.0,1.0,2.0,0.15651812259344197,0.06808957937932922,0.125,0.0,0.375,0.030064583434666517,0.01576541109776177,0.0,0.0,0.11126373626373626,0.049604171827371646,0.024040633991980927,0.0,0.0,0.14930875576036864
networkaion,5.0,1.0,3.0,0.1808080193117851,0.07482777341904563,0.25,0.0,0.4,0.035417527899085866,0.020039662754132975,0.02702702702702703,0.0,0.14148351648351648,0.05821286422512933,0.029650931120527062,0.04081632653061225,0.0,0.18986175115207374
networkaion,5.0,1.0,5.0,0.2077337858544751,0.09393132961986325,0.125,0.0,0.4805194805194805,0.04020071537716773,0.022809355321733366,0.024390243902439025,0.0,0.16346153846153846,0.06623186086837538,0.034434915760162346,0.0,0.0,0.21935483870967742
networkaion,5.0,2.0,0,0.11564386945683965,0.06272804362149523,0.125,0.0,0.42857142857142855,0.02220893148205458,0.013603593556594304,0.0,0.0,0.08333333333333333,0.036598864003059034,0.020929348670724022,0.0,0.0,0.13636363636363638
networkaion,5.0,2.0,0.1,0.1158221172932416,0.05492997508821895,0.125,0.0,0.38095238095238093,0.02202030286295707,0.011991422357274056,0.024390243902439025,0.0,0.09065934065934066,0.03636173026997966,0.018143817105947136,0.04081632653061225,0.0,0.12165898617511521
networkaion,5.0,2.0,0.25,0.11984638089673755,0.05434393992350161,0.09090909090909091,0.0,0.2857142857142857,0.022737874918673434,0.01158634141238297,0.024390243902439025,0.0,0.0782967032967033,0.037610735611637386,0.017914636121295572,0.0,0.0,0.10506912442396313
networkaion,5.0,2.0,0.5,0.12484740695187854,0.051294038135420356,0.125,0.0,0.2857142857142857,0.02375556870244353,0.01157215647894907,0.024390243902439025,0.0,0.08379120879120878,0.039245170257654824,0.017462750328516696,0.0,0.0,0.11244239631336406
networkaion,5.0,2.0,0.75,0.12910911902782612,0.056411353763692884,0.125,0.0,0.38095238095238093,0.02465647724893773,0.012593772380615417,0.0,0.0,0.08104395604395605,0.040710114120455006,0.019272378608937768,0.0,0.0,0.10875576036866358
networkaion,5.0,2.0,1.0,0.14040492261888943,0.0585410341603558,0.125,0.0,0.3333333333333333,0.02687017708754201,0.013834804595519357,0.024390243902439025,0.0,0.10302197802197802,0.0443232272846401,0.02075416885137893,0.04081632653061225,0.0,0.1382488479262673
networkaion,5.0,2.0,2.0,0.1599855000996784,0.0684619792623964,0.125,0.0,0.38095238095238093,0.030957857048994526,0.01653174680881932,0.03389830508474576,0.0,0.10989010989010989,0.0509762291852106,0.024813283456658924,0.04081632653061225,0.0,0.14746543778801843
networkaion,5.0,2.0,3.0,0.1823907555093576,0.08642768796540076,0.1111111111111111,0.0,0.42857142857142855,0.0351156489574183,0.019741415456700436,0.0,0.0,0.13598901098901098,0.05796174332735866,0.030396112263099195,0.0,0.0,0.1824884792626728
networkaion,5.0,2.0,5.0,0.21652873528893027,0.09690740692115102,0.25,0.0,0.46153846153846156,0.04210323957111357,0.023791838539988897,0.018867924528301886,0.0,0.16895604395604397,0.0693313102080992,0.03593231209841769,0.04081632653061225,0.0,0.22672811059907838
networkaion,5.0,3.0,0,0.12497668082869741,0.05909880426968996,0.125,0.0,0.3888888888888889,0.02370818344804111,0.012243690936187568,0.0,0.0,0.07417582417582418,0.039189725772344516,0.018971261629750446,0.0,0.0,0.09953917050691244
networkaion,5.0,3.0,0.1,0.12468108950931732,0.055775453750151915,0.09090909090909091,0.0,0.375,0.023498209899326987,0.011323706501809081,0.01694915254237288,0.0,0.0782967032967033,0.03889321534820388,0.01752700036507032,0.0,0.0,0.11111111111111109
networkaion,5.0,3.0,0.25,0.12823000556102482,0.05920827985337802,0.125,0.0,0.3333333333333333,0.024185300265328297,0.01184472515347168,0.024390243902439025,0.0,0.06868131868131869,0.040051477290930275,0.018589169938243447,0.04081632653061225,0.0,0.09551255660765746
networkaion,5.0,3.0,0.5,0.1322282708714319,0.06281072797199896,0.125,0.0,0.3611111111111111,0.025110401428272828,0.013137968819409453,0.024390243902439025,0.0,0.08928571428571429,0.04149815112979612,0.02027507463947081,0.04081632653061225,0.0,0.11981566820276497
networkaion,5.0,3.0,0.75,0.1347441841178305,0.05840267990584463,0.125,0.0,0.3333333333333333,0.025649326214676648,0.012670538112828183,0.024390243902439025,0.0,0.08516483516483517,0.04240412760464849,0.019572184672983856,0.0,0.0,0.11428571428571431
networkaion,5.0,3.0,1.0,0.137739569241926,0.06370084745364557,0.125,0.0,0.3333333333333333,0.026037191745324165,0.013521224240253272,0.024390243902439025,0.0,0.10027472527472528,0.04304361268518265,0.02066345607277068,0.0,0.0,0.13456221198156681
networkaion,5.0,3.0,2.0,0.16045503854378304,0.06998253576132234,0.125,0.0,0.3888888888888889,0.030833784698235583,0.016713046534770976,0.0136986301369863,0.0,0.11950549450549451,0.05085978459648144,0.025099300415277307,0.04081632653061225,0.0,0.16036866359447005
networkaion,5.0,3.0,3.0,0.1874084441864376,0.0850908455857673,0.125,0.0,0.45454545454545453,0.03623189412206905,0.020019119513108884,0.017857142857142856,0.0,0.11126373626373626,0.059768951564162454,0.0308083720987144,0.04081632653061225,0.0,0.15625000000000003
networkaion,5.0,3.0,5.0,0.21054022425746907,0.09394274868186556,0.125,0.0,0.47619047619047616,0.04051758370357392,0.02241895522049241,0.024390243902439025,0.0,0.15934065934065933,0.06686499523564514,0.03414353471089074,0.04081632653061225,0.0,0.21382488479262673
networkaion,5.0,5.0,0,0.12969273799486955,0.06788860611458114,0.14285714285714285,0.0,0.36363636363636365,0.02434320297472843,0.013687258546678564,0.024390243902439025,0.0,0.0847457627118644,0.040326338056632736,0.021657948086549136,0.04081632653061225,0.0,0.13333333333333333
networkaion,5.0,5.0,0.1,0.12846834296732731,0.06420819727310718,0.125,0.0,0.3333333333333333,0.023964359349513863,0.012465954054926079,0.024390243902439025,0.0,0.07462686567164178,0.03971641833769612,0.019548964695321885,0.04081632653061225,0.0,0.10526315789473684
networkaion,5.0,5.0,0.25,0.12843897698479603,0.06448140653805462,0.125,0.0,0.375,0.02401348033385211,0.012636554791611635,0.024390243902439025,0.0,0.06521739130434782,0.039791125971176414,0.01992211240473408,0.04081632653061225,0.0,0.11111111111111109
networkaion,5.0,5.0,0.5,0.1309721185007768,0.06821439854820323,0.09090909090909091,0.0,0.3333333333333333,0.02465613686543539,0.01462552134866632,0.0,0.0,0.1044776119402985,0.04073002083349591,0.022239085488505506,0.0,0.0,0.14432989690721648
networkaion,5.0,5.0,0.75,0.1331059146661008,0.06683414765746731,0.125,0.0,0.3333333333333333,0.024718550027184705,0.012879125957118757,0.024390243902439025,0.0,0.07967032967032966,0.0409935006506319,0.020190513177544726,0.04081632653061225,0.0,0.10691244239631337
networkaion,5.0,5.0,1.0,0.1337254609099935,0.06715963453918604,0.125,0.0,0.3888888888888889,0.02476750834002165,0.012575260116626982,0.024390243902439025,0.0,0.07462686567164178,0.04110958636813622,0.019846895371031265,0.04081632653061225,0.0,0.10309278350515463
networkaion,5.0,5.0,2.0,0.1411073119362363,0.07071673093725808,0.125,0.0,0.42857142857142855,0.02628189333082043,0.01374793908406248,0.024390243902439025,0.0,0.09090909090909091,0.04358151078738687,0.021534861785554166,0.04081632653061225,0.0,0.13333333333333333
networkaion,5.0,5.0,3.0,0.16272194934825224,0.07994665700672964,0.125,0.0,0.42857142857142855,0.03045984441135312,0.01625424262556453,0.024390243902439025,0.0,0.0861244019138756,0.050486769270717984,0.02546353011529788,0.04081632653061225,0.0,0.12631578947368421
networkaion,5.0,5.0,5.0,0.18616663683849274,0.09146903457877763,0.125,0.0,0.47619047619047616,0.035048457720893815,0.018668438121952482,0.024390243902439025,0.0,0.1111111111111111,0.05806487953917154,0.029214342735536348,0.04081632653061225,0.0,0.16140350877192983
