dataset,decay_factor,alpha,beta,mean_precision,std_precision,mode_precision,min_precision,max_precision,mean_recall,std_recall,mode_recall,min_recall,max_recall,mean_f1,std_f1,mode_f1,min_f1,max_f1
networkcoindash,0,0,0.1,0.06499260474130762,0.0531951148136862,0.0,0.0,0.28125,0.01906548638851213,0.019730462550916265,0.0,0.0,0.11538461538461539,0.028823499985278864,0.027879069699573385,0.0,0.0,0.14634146341463417
networkcoindash,0,0,0.25,0.07592427761688274,0.06489101072999805,0.0,0.0,0.3333333333333333,0.021953749005752695,0.022918757608138066,0.0,0.0,0.1346153846153846,0.03328325329109451,0.032806812353838415,0.0,0.0,0.19178082191780818
networkcoindash,0,0,0.5,0.08662402219573101,0.06315967688559831,0.0,0.0,0.3333333333333333,0.025610658510082967,0.02434284385116103,0.0,0.0,0.17204301075268819,0.038659079505626276,0.034011755500846286,0.0,0.0,0.22535211267605634
networkcoindash,0,0,0.75,0.09212953178125347,0.0621846638547544,0.0,0.0,0.3469387755102041,0.02662121132683008,0.023742621561045636,0.0,0.0,0.1827956989247312,0.04048342321426441,0.03342178199980196,0.0,0.0,0.23943661971830985
networkcoindash,0,0,1.0,0.1085668671402257,0.0683160951778256,0.0,0.0,0.3469387755102041,0.03154891413931691,0.027409911086899615,0.0,0.0,0.1827956989247312,0.0477702123013135,0.038045057090841036,0.0,0.0,0.23943661971830985
networkcoindash,0,0,2.0,0.20293206246371515,0.10124943414719909,0.14285714285714285,0.0,0.53125,0.05793476123436916,0.041986355465261964,0.018018018018018018,0.0,0.22580645161290322,0.08825713519513663,0.05836002717503674,0.047619047619047616,0.0,0.29577464788732394
networkcoindash,0,0,3.0,0.2939375025257534,0.11776804292867044,0.4,0.0,0.6666666666666666,0.08312407472417516,0.052010933498356296,0.045454545454545456,0.0,0.2571428571428571,0.12698252321075926,0.07168998846432055,0.08888888888888889,0.0,0.36363636363636365
networkcoindash,0,0,5.0,0.361686476651107,0.1291505037151158,0.5,0.0,0.8125,0.10142545348314794,0.057581229465748056,0.05263157894736842,0.0,0.3076923076923077,0.15524097877847096,0.07926845280619381,0.1111111111111111,0.0,0.4126984126984127
networkcoindash,0,0.1,0,0.06543544694525256,0.05463492423397568,0.0,0.0,0.34782608695652173,0.018959040429272135,0.019918713797701982,0.0,0.0,0.14545454545454545,0.02872158380167253,0.028339144228597585,0.0,0.0,0.20512820512820512
networkcoindash,0,0.1,0.1,0.07271441193766906,0.057715682569392,0.0,0.0,0.3333333333333333,0.020871637491225642,0.021427814558180536,0.0,0.0,0.15053763440860216,0.03171856404117124,0.0303937179608377,0.0,0.0,0.1971830985915493
networkcoindash,0,0.1,0.25,0.08036797050920481,0.06253363122015357,0.0,0.0,0.3333333333333333,0.023405780863981717,0.02335021210817774,0.0,0.0,0.15053763440860216,0.0354973245571934,0.03313121498713088,0.0,0.0,0.2033898305084746
networkcoindash,0,0.1,0.5,0.08988317146701646,0.0631680596506905,0.0,0.0,0.3401360544217687,0.026072329931541304,0.023557900768314908,0.0,0.0,0.12903225806451613,0.03952367118438256,0.03329098277580339,0.0,0.0,0.16901408450704222
networkcoindash,0,0.1,0.75,0.10481586843189582,0.0700039180524033,0.0,0.0,0.38095238095238093,0.03025126975978544,0.026210347001602505,0.0,0.0,0.16129032258064516,0.04591906377307942,0.037088752882207476,0.0,0.0,0.21917808219178084
networkcoindash,0,0.1,1.0,0.11612598272563528,0.07436859509015778,0.0,0.0,0.36,0.033830405679698625,0.02934331932620846,0.0,0.0,0.16129032258064516,0.051298751889806,0.04126656695360103,0.0,0.0,0.21951219512195122
networkcoindash,0,0.1,2.0,0.2092019885826998,0.10402843564536281,0.2,0.0,0.5,0.060168236536158215,0.044002794065503184,0.024390243902439025,0.0,0.2692307692307692,0.0914557819211335,0.060801805154100545,0.0,0.0,0.3414634146341463
networkcoindash,0,0.1,3.0,0.29815289455100397,0.1207344658110362,0.5,0.0,0.625,0.08441362487680844,0.053640809190383186,0.16666666666666666,0.0,0.3076923076923077,0.12890316912329086,0.07375635308870872,0.08695652173913045,0.0,0.3902439024390244
networkcoindash,0,0.1,5.0,0.36141979835798943,0.1282993981207103,0.5,0.0,0.6875,0.10149662107248097,0.058011205270070094,0.25,0.0,0.2894736842105263,0.15523117064218894,0.0794566373302294,0.2,0.0,0.4074074074074074
networkcoindash,0,0.25,0,0.07513491675127862,0.057116038824656275,0.0,0.0,0.3469387755102041,0.021605102370260473,0.021416377898230265,0.0,0.0,0.1827956989247312,0.032797273575906234,0.030143714874069905,0.0,0.0,0.23943661971830985
networkcoindash,0,0.25,0.1,0.07362028200727402,0.05510533832767023,0.0,0.0,0.35714285714285715,0.021400525052442138,0.019855741085834114,0.0,0.0,0.15053763440860216,0.032456926983219246,0.028203289136651696,0.0,0.0,0.1971830985915493
networkcoindash,0,0.25,0.25,0.07651307075806729,0.05527874740326958,0.0,0.0,0.3,0.021976111163524006,0.02023057272696901,0.0,0.0,0.13978494623655913,0.03343525248756133,0.028794726364548173,0.0,0.0,0.18309859154929578
networkcoindash,0,0.25,0.5,0.09836011490665224,0.06490032910115685,0.0,0.0,0.37037037037037035,0.028173309300548267,0.024176670709741273,0.0,0.0,0.16129032258064516,0.042825168090413805,0.033998800424087164,0.0,0.0,0.21126760563380284
networkcoindash,0,0.25,0.75,0.11136037133256359,0.07171492322253012,0.0,0.0,0.42105263157894735,0.032170478165802534,0.027785269023127702,0.0,0.0,0.16393442622950818,0.04883639805785922,0.039146503850094445,0.0,0.0,0.22988505747126436
networkcoindash,0,0.25,1.0,0.12895916497346752,0.076382165128587,0.07142857142857142,0.0,0.3888888888888889,0.03697931236954227,0.029431472346171637,0.0,0.0,0.17142857142857143,0.05621923014392778,0.04120631801109522,0.0,0.0,0.2333333333333333
networkcoindash,0,0.25,2.0,0.21982791470508517,0.1010993727641332,0.2,0.0,0.625,0.06316747018062736,0.04493018941433163,0.047619047619047616,0.0,0.2631578947368421,0.09610425956879927,0.061948851924607404,0.0,0.0,0.37037037037037035
networkcoindash,0,0.25,3.0,0.3077292065950845,0.12286549536619619,0.25,0.0,0.6875,0.08660651033885336,0.05290194510442781,0.125,0.0,0.25,0.13247866085150697,0.07330435248116515,0.0,0.0,0.3492063492063492
networkcoindash,0,0.25,5.0,0.3585382459316377,0.12701507031533849,0.5,0.0,0.7,0.10047987828280416,0.057299246743800214,0.125,0.0,0.2692307692307692,0.15374302538890636,0.07842805365004997,0.09045226130653267,0.0,0.36585365853658536
networkcoindash,0,0.5,0,0.08471070016334797,0.062410011733388455,0.0,0.0,0.35714285714285715,0.024526573246590383,0.02332293864015021,0.0,0.0,0.11940298507462686,0.03721188502204476,0.033106462689404086,0.0,0.0,0.16494845360824742
networkcoindash,0,0.5,0.1,0.08809582439499201,0.05773847064300503,0.0,0.0,0.29931972789115646,0.025528866958622224,0.021972772083272633,0.0,0.0,0.13978494623655913,0.038721086308447415,0.030883452454455538,0.0,0.0,0.18309859154929578
networkcoindash,0,0.5,0.25,0.09711579996084296,0.06709990382413014,0.0,0.0,0.3333333333333333,0.027867459647286562,0.024716445020525897,0.0,0.0,0.12195121951219512,0.04234629859375216,0.03513877273381658,0.0,0.0,0.16949152542372883
networkcoindash,0,0.5,0.5,0.11583785753152748,0.0729935509788361,0.0,0.0,0.375,0.03312173688599952,0.028738376368799282,0.0,0.0,0.1827956989247312,0.05033963212933925,0.04013351736546949,0.0,0.0,0.23943661971830985
networkcoindash,0,0.5,0.75,0.13406891328141823,0.07720486137114327,0.0,0.0,0.36363636363636365,0.038114650872020525,0.029052282119796557,0.0,0.0,0.16129032258064516,0.05813044885568249,0.041154876574725344,0.0,0.0,0.21126760563380284
networkcoindash,0,0.5,1.0,0.15485393715283732,0.08684119475540057,0.2,0.0,0.46153846153846156,0.04420233456907546,0.03521667175242949,0.0,0.0,0.19230769230769232,0.06723776021347204,0.04912731749516727,0.0,0.0,0.26666666666666666
networkcoindash,0,0.5,2.0,0.2440229310095764,0.10141743155458408,0.3333333333333333,0.0,0.5789473684210527,0.06887026627680098,0.045166614290914155,0.0,0.0,0.25,0.10519343290560199,0.06210165161854248,0.0,0.0,0.33707865168539325
networkcoindash,0,0.5,3.0,0.3084783349262187,0.12260156216684459,0.3333333333333333,0.0,0.75,0.08702770470305848,0.05345795151935933,0.14285714285714285,0.0,0.2571428571428571,0.1329759691820482,0.07382354272963063,0.07142857142857142,0.0,0.380952380952381
networkcoindash,0,0.5,5.0,0.36263618557094557,0.12999251161544534,0.5,0.047619047619047616,0.75,0.10223536166229286,0.05946289970646621,0.14634146341463414,0.012907608695652174,0.34615384615384615,0.15623836758222787,0.08120406711204033,0.13043478260869565,0.02398989898989899,0.43902439024390244
networkcoindash,0,0.75,0,0.10124355503306198,0.06240492462134046,0.0,0.0,0.3888888888888889,0.029248083208884206,0.025828425948812007,0.0,0.0,0.16666666666666666,0.044388946807339125,0.03596693309873653,0.0,0.0,0.2333333333333333
networkcoindash,0,0.75,0.1,0.10305098535296056,0.06652223826026457,0.0,0.0,0.34782608695652173,0.029256795870929293,0.02616053514447391,0.0,0.0,0.17204301075268819,0.04461895443046561,0.03675022923045002,0.0,0.0,0.22535211267605634
networkcoindash,0,0.75,0.25,0.11485784560177668,0.06538945555293409,0.0,0.0,0.34615384615384615,0.033174594626854396,0.02621759778929221,0.0,0.0,0.13978494623655913,0.05030715004980675,0.036555608473704974,0.0,0.0,0.18309859154929578
networkcoindash,0,0.75,0.5,0.1300371813813964,0.07111730288473612,0.125,0.0,0.4,0.03666192487288065,0.027613459770069886,0.0,0.0,0.15625,0.05598823230310887,0.038896665180152654,0.0,0.0,0.2127659574468085
networkcoindash,0,0.75,0.75,0.1542891020544831,0.07830673302436356,0.2,0.0,0.4489795918367347,0.04407730575326971,0.03271154574553179,0.0,0.0,0.23655913978494625,0.06703990467036065,0.04523003363348641,0.0,0.0,0.30985915492957744
networkcoindash,0,0.75,1.0,0.17555974969602442,0.08717001403051282,0.25,0.0,0.4666666666666667,0.04996536659987524,0.036989883030136776,0.0,0.0,0.21875,0.07610327330050282,0.05114350981989214,0.0,0.0,0.2978723404255319
networkcoindash,0,0.75,2.0,0.2593910121680964,0.10945532058492059,0.3333333333333333,0.02857142857142857,0.625,0.07335748646186292,0.04723117584371469,0.022388059701492536,0.009510869565217392,0.2857142857142857,0.11194292412721595,0.06501285917414504,0.2,0.017676767676767676,0.36363636363636365
networkcoindash,0,0.75,3.0,0.3151928334477732,0.11949675955185379,0.5,0.0,0.6363636363636364,0.08878881730815112,0.05381032343006197,0.058823529411764705,0.0,0.2857142857142857,0.13568036824976717,0.07369160339818645,0.26666666666666666,0.0,0.37037037037037035
networkcoindash,0,0.75,5.0,0.3677586318774594,0.13110247607834524,0.5,0.0,0.8125,0.10306860143085338,0.05823569949919053,0.09230769230769231,0.0,0.2878787878787879,0.15774428295744639,0.080156354613192,0.11055276381909547,0.0,0.4126984126984127
networkcoindash,0,1.0,0,0.11890316637231708,0.06345531558898009,0.0,0.0,0.3333333333333333,0.033617013978075115,0.024993584021087478,0.0,0.0,0.13157894736842105,0.05125979590708921,0.03496752903397096,0.0,0.0,0.18518518518518517
networkcoindash,0,1.0,0.1,0.12924964394501243,0.07245831043867888,0.0,0.0,0.41379310344827586,0.03661931593057141,0.028434927757554275,0.0,0.0,0.16666666666666666,0.05586582290318918,0.04014488636173532,0.0,0.0,0.2333333333333333
networkcoindash,0,1.0,0.25,0.14538698557204696,0.07567095142149474,0.09090909090909091,0.0,0.42857142857142855,0.04165027326720613,0.03186361912241564,0.0,0.0,0.18333333333333332,0.06340429876485874,0.044286372882786,0.0,0.0,0.2553191489361702
networkcoindash,0,1.0,0.5,0.15447575556058948,0.07458702438938851,0.125,0.0,0.4642857142857143,0.043974064083135984,0.03251523197657959,0.0,0.0,0.19696969696969696,0.06701652796725281,0.04506224509871377,0.0,0.0,0.2765957446808511
networkcoindash,0,1.0,0.75,0.17101262610735518,0.08351447146552984,0.25,0.0,0.46153846153846156,0.04867170623587245,0.03502363406246883,0.0,0.0,0.19230769230769232,0.07419851286458447,0.04859437413951236,0.0,0.0,0.2439024390243902
networkcoindash,0,1.0,1.0,0.1926274779646076,0.08389610654265463,0.25,0.0,0.43478260869565216,0.054125202566199224,0.03573301954993471,0.0,0.0,0.1875,0.08268766117957194,0.049225363452234654,0.13333333333333333,0.0,0.25641025641025644
networkcoindash,0,1.0,2.0,0.2643084201266741,0.10916550923367181,0.3333333333333333,0.0,0.5789473684210527,0.07456715900683679,0.04708658734019753,0.14285714285714285,0.0,0.23076923076923078,0.11391375820351776,0.06512694275021258,0.05025125628140703,0.0,0.2962962962962963
networkcoindash,0,1.0,3.0,0.32227478893363476,0.12475540099328175,0.2857142857142857,0.0,0.6666666666666666,0.09100358935679767,0.055074677437537294,0.045454545454545456,0.0,0.28125,0.139099643359995,0.07622570331370618,0.08333333333333333,0.0,0.3829787234042553
networkcoindash,0,1.0,5.0,0.3658280073850216,0.13037305231199983,0.5,0.0,0.75,0.10250485546775101,0.058207123544624866,0.08,0.0,0.2692307692307692,0.15689327763405997,0.0800101753324657,0.1111111111111111,0.0,0.380952380952381
networkcoindash,0,2.0,0,0.17666201459521744,0.08104683112926571,0.16666666666666666,0.0,0.5,0.0494930845888602,0.033505565673969666,0.0,0.0,0.21212121212121213,0.07567702160337877,0.04653843808038837,0.0,0.0,0.2978723404255319
networkcoindash,0,2.0,0.1,0.1833470901229999,0.08283078026067756,0.2,0.0,0.5,0.05068640201757152,0.032348917460623614,0.06097560975609756,0.0,0.18032786885245902,0.07777426833033163,0.04558539446780901,0.03508771929824562,0.0,0.25396825396825395
networkcoindash,0,2.0,0.25,0.1885441155300407,0.08387967000419963,0.25,0.0,0.4642857142857143,0.05300167235024339,0.03524242686282506,0.05263157894736842,0.0,0.19696969696969696,0.08097984688618369,0.04901313308550134,0.05970149253731343,0.0,0.2765957446808511
networkcoindash,0,2.0,0.5,0.20204352720715887,0.0879206167615844,0.2,0.0,0.5,0.056689675473935934,0.036965205120541834,0.046511627906976744,0.0,0.21052631578947367,0.08667689240482294,0.051444140149826345,0.06451612903225806,0.0,0.2962962962962963
networkcoindash,0,2.0,0.75,0.21764689118275546,0.09341684325617074,0.2857142857142857,0.0,0.5,0.060901640677625046,0.03830669526030848,0.03076923076923077,0.0,0.21311475409836064,0.09321119989325387,0.053615833489191835,0.13333333333333333,0.0,0.29885057471264365
networkcoindash,0,2.0,1.0,0.23276183434353823,0.10034455207167771,0.3333333333333333,0.0,0.5714285714285714,0.06576968786379585,0.04298268681798484,0.14285714285714285,0.0,0.22950819672131148,0.10042439380234065,0.05965201046504444,0.04938271604938271,0.0,0.3218390804597701
networkcoindash,0,2.0,2.0,0.27409813998939836,0.11173478809952461,0.3333333333333333,0.0,0.5555555555555556,0.07717007271417212,0.048835862803761475,0.0975609756097561,0.0,0.24731182795698925,0.11793177014056855,0.06740210132916184,0.0,0.0,0.32394366197183094
networkcoindash,0,2.0,3.0,0.32538911908814006,0.12205395802725662,0.5,0.05714285714285714,0.6875,0.09161405583567477,0.05317223600721523,0.05,0.012162162162162163,0.2631578947368421,0.14007461996873843,0.07351008184248908,0.2,0.02368421052631579,0.37037037037037035
networkcoindash,0,2.0,5.0,0.36985060903880795,0.1292267127266658,0.5,0.08571428571428572,0.6875,0.10394400085322636,0.05821693763037235,0.14634146341463414,0.014266304347826086,0.2894736842105263,0.1589855528023336,0.07993682816149512,0.1111111111111111,0.026515151515151512,0.4074074074074074
networkcoindash,0,3.0,0,0.20296435986366979,0.09218809644882257,0.3333333333333333,0.0,0.4444444444444444,0.05691264467595088,0.03712227840023723,0.047619047619047616,0.0,0.19230769230769232,0.08703138233565326,0.05187867284714024,0.047619047619047616,0.0,0.26666666666666666
networkcoindash,0,3.0,0.1,0.2052382251477176,0.09186255914191059,0.125,0.0,0.5,0.05760283810703467,0.03789382728178876,0.125,0.0,0.19230769230769232,0.0880360312979026,0.05277046359277267,0.13333333333333333,0.0,0.2553191489361702
networkcoindash,0,3.0,0.25,0.21501651770863783,0.09714916018783913,0.25,0.0,0.5,0.060961944804064215,0.04088372046015364,0.125,0.0,0.21311475409836064,0.09300990113038299,0.05694358731687872,0.18181818181818182,0.0,0.29885057471264365
networkcoindash,0,3.0,0.5,0.22334365917761836,0.10508587603714332,0.2,0.05714285714285714,0.5625,0.0628719832873191,0.04252163673796827,0.02702702702702703,0.008756567425569177,0.23684210526315788,0.09606582513580458,0.059620696740311535,0.05555555555555555,0.01646542261251372,0.3333333333333333
networkcoindash,0,3.0,0.75,0.2348703968087797,0.10727146705710609,0.3333333333333333,0.0,0.5625,0.06615526434888046,0.04405501431725421,0.13559322033898305,0.0,0.23684210526315788,0.10106219464568034,0.061463938082651166,0.16,0.0,0.3333333333333333
networkcoindash,0,3.0,1.0,0.24877961919730188,0.11193666020609551,0.5,0.02857142857142857,0.625,0.07024520061018424,0.046366052902055276,0.09090909090909091,0.009259259259259259,0.2631578947368421,0.10724338058146403,0.06473685720286738,0.07407407407407407,0.015384615384615384,0.37037037037037035
networkcoindash,0,3.0,2.0,0.2819524751413833,0.1151408157046638,0.14285714285714285,0.02857142857142857,0.625,0.0799913616289775,0.05057294293145876,0.125,0.010810810810810811,0.2571428571428571,0.12203020555543785,0.06971388743553554,0.07407407407407407,0.01785714285714286,0.32727272727272727
networkcoindash,0,3.0,3.0,0.32303489139085817,0.11957765822410635,0.5,0.08571428571428572,0.6190476190476191,0.09085928401226802,0.05278229989197449,0.12195121951219512,0.01358695652173913,0.24242424242424243,0.13893890040195506,0.07293141308683279,0.07142857142857142,0.02525252525252525,0.3404255319148936
networkcoindash,0,3.0,5.0,0.366913752646166,0.13066933480928558,0.3333333333333333,0.08571428571428572,0.7142857142857143,0.1033152128767586,0.05920929314070239,0.036036036036036036,0.01358695652173913,0.2894736842105263,0.1579792549209949,0.08134015431280188,0.25,0.02525252525252525,0.4074074074074074
networkcoindash,0,5.0,0,0.21349768310266787,0.10494277003022684,0.3333333333333333,0.04040404040404041,0.5769230769230769,0.06002320353872708,0.041952823667562984,0.02702702702702703,0.00642148277875073,0.2459016393442623,0.09167057493622982,0.05863596607065313,0.13333333333333333,0.012074643249176727,0.3448275862068965
networkcoindash,0,5.0,0.1,0.2160018379928637,0.10414367679199384,0.3333333333333333,0.03571428571428571,0.5,0.06006066462705772,0.04021197405692475,0.018018018018018018,0.008172796263864565,0.21212121212121213,0.09195047179019919,0.056565323353684194,0.030769230769230767,0.015367727771679473,0.2978723404255319
networkcoindash,0,5.0,0.25,0.21972418697936788,0.10928867635804272,0.3333333333333333,0.0410958904109589,0.5625,0.061694727925881904,0.04300534964341076,0.07317073170731707,0.008670520231213872,0.23684210526315788,0.09429295396366408,0.060531597822067955,0.025125628140703515,0.015075376884422113,0.3333333333333333
networkcoindash,0,5.0,0.5,0.22798164289505138,0.10963787360909182,0.3333333333333333,0.0,0.625,0.06396137152576895,0.043218862701739344,0.14285714285714285,0.0,0.2631578947368421,0.09780891315528777,0.06088297789562658,0.06451612903225806,0.0,0.37037037037037035
networkcoindash,0,5.0,0.75,0.2355009432952825,0.11182739461738829,0.4,0.025,0.5625,0.06583907652995104,0.044168108263295855,0.047619047619047616,0.007472826086956522,0.23684210526315788,0.1007379796902625,0.062119264680441766,0.061135371179039305,0.013157894736842103,0.3333333333333333
networkcoindash,0,5.0,1.0,0.24279624947721914,0.11865740751122192,0.3333333333333333,0.04878048780487805,0.625,0.068095226115856,0.045924260616847415,0.037037037037037035,0.0072254335260115606,0.2631578947368421,0.10416846982952223,0.06500453012308564,0.04743083003952569,0.012690355329949238,0.37037037037037035
networkcoindash,0,5.0,2.0,0.26875351714304835,0.12384638863512631,0.5,0.054878048780487805,0.625,0.07600169400536952,0.05123201900340315,0.047619047619047616,0.011560693641618497,0.2631578947368421,0.1160223010323368,0.07149741216325886,0.035175879396984924,0.02030456852791878,0.37037037037037035
networkcoindash,0,5.0,3.0,0.2987959738451054,0.1315606174842378,0.25,0.05263157894736842,0.6875,0.08407058395705812,0.05412906079235367,0.041666666666666664,0.012228260869565218,0.2894736842105263,0.12853694487579606,0.07565243944900364,0.25,0.022727272727272728,0.4074074074074074
networkcoindash,0,5.0,5.0,0.34651143221646086,0.13468013000661735,0.3333333333333333,0.0663265306122449,0.75,0.09657438310487484,0.056223237831818124,0.04054054054054054,0.01358695652173913,0.2631578947368421,0.14800436265613776,0.07824995405437994,0.06521739130434784,0.02525252525252525,0.380952380952381
networkcoindash,0.1,0,0,0.16264907880468815,0.09311780983261922,0.125,0.0,0.5185185185185185,0.049080386932002035,0.042877847683803275,0.05357142857142857,0.0,0.26881720430107525,0.07371045013829731,0.05788175746716642,0.1,0.0,0.352112676056338
networkcoindash,0.1,0,0.1,0.1700615240809623,0.10047429621063964,0.0,0.0,0.6428571428571429,0.0507175739269652,0.04206499691759404,0.0,0.0,0.26881720430107525,0.07648898872358693,0.058069385053012415,0.0,0.0,0.352112676056338
networkcoindash,0.1,0,0.25,0.17864699468250467,0.1003856114399569,0.16666666666666666,0.0,0.5555555555555556,0.053207884319666415,0.04357823184273113,0.0,0.0,0.26881720430107525,0.08024563406672468,0.05998475646432515,0.0,0.0,0.352112676056338
networkcoindash,0.1,0,0.5,0.20367244684538482,0.10048755013575286,0.3333333333333333,0.0,0.5925925925925926,0.060366690260806224,0.045889058406523915,0.05,0.0,0.27956989247311825,0.09112879231335981,0.06250666711007208,0.047619047619047616,0.0,0.36619718309859156
networkcoindash,0.1,0,0.75,0.22157042819950737,0.10783427834573665,0.25,0.0,0.5925925925925926,0.0653218815667419,0.047628576116035354,0.1016949152542373,0.0,0.26881720430107525,0.09882747218643442,0.0655413901581509,0.0,0.0,0.36363636363636365
networkcoindash,0.1,0,1.0,0.2468049952487115,0.1085564630649938,0.3333333333333333,0.0,0.6296296296296297,0.0725585105556595,0.050712715081431395,0.11864406779661017,0.0,0.2903225806451613,0.10979905009349818,0.06892963432601729,0.043795620437956206,0.0,0.38636363636363635
networkcoindash,0.1,0,2.0,0.3200458817149569,0.12147524149902496,0.5,0.0,0.7142857142857143,0.0918817949564203,0.05847493479582086,0.07317073170731707,0.0,0.3142857142857143,0.13975440301635592,0.0791682373226296,0.25,0.0,0.425531914893617
networkcoindash,0.1,0,3.0,0.3491876730426468,0.11929235648514963,0.5,0.08571428571428572,0.7142857142857143,0.09944963337357635,0.05854480065038219,0.047619047619047616,0.009510869565217392,0.3142857142857143,0.15155134414918667,0.07883211907824098,0.25,0.017676767676767676,0.4
networkcoindash,0.1,0,5.0,0.36747009369495465,0.12019606908485597,0.5,0.08571428571428572,0.6428571428571429,0.10380561474180935,0.05802438933821967,0.05825242718446602,0.01154891304347826,0.2903225806451613,0.15850989282382838,0.07848404935938282,0.07114624505928854,0.02146464646464646,0.38636363636363635
networkcoindash,0.1,0.1,0,0.16391540565710136,0.08962216940891624,0.16666666666666666,0.0,0.5306122448979592,0.049293210677872415,0.04116574870121201,0.0,0.0,0.27956989247311825,0.07409405988937297,0.05564371678045051,0.0,0.0,0.36619718309859156
networkcoindash,0.1,0.1,0.1,0.17483029808558279,0.0887549664377082,0.2,0.0,0.5102040816326531,0.05171131507549697,0.03943354596516386,0.0,0.0,0.26881720430107525,0.07809779397257406,0.05363946879397847,0.0,0.0,0.352112676056338
networkcoindash,0.1,0.1,0.25,0.1871319744309989,0.09983735727561117,0.14285714285714285,0.0,0.5185185185185185,0.05557397000454951,0.04345409905629485,0.09523809523809523,0.0,0.26881720430107525,0.08384495994458575,0.05978662134284166,0.08,0.0,0.352112676056338
networkcoindash,0.1,0.1,0.5,0.20793701227747274,0.11053493226582603,0.14285714285714285,0.0,0.6,0.062108401340602935,0.051173041111861974,0.0,0.0,0.34615384615384615,0.09349049170419553,0.06908897772240011,0.0,0.0,0.43902439024390244
networkcoindash,0.1,0.1,0.75,0.22893473111781545,0.10406749686533799,0.25,0.0,0.5925925925925926,0.06754098909646965,0.04790029358931057,0.0,0.0,0.27956989247311825,0.10215523462573098,0.06532554491456435,0.0,0.0,0.36619718309859156
networkcoindash,0.1,0.1,1.0,0.2567050448353087,0.11215611071823789,0.3333333333333333,0.0,0.5925925925925926,0.07531561096486995,0.052991053332085016,0.07317073170731707,0.0,0.27956989247311825,0.11393913193241362,0.07175252778827433,0.047619047619047616,0.0,0.36619718309859156
networkcoindash,0.1,0.1,2.0,0.3260269184626652,0.11708746017141826,0.5,0.0,0.6296296296296297,0.09324753050005169,0.05657550027097028,0.06666666666666667,0.0,0.3076923076923077,0.14194259033001808,0.07648295635701853,0.25,0.0,0.3902439024390244
networkcoindash,0.1,0.1,3.0,0.35183539504611583,0.12021182960939242,0.3333333333333333,0.08571428571428572,0.7142857142857143,0.09984215512236692,0.058784546754644916,0.058823529411764705,0.012162162162162163,0.34615384615384615,0.1522616896089396,0.07933450556640344,0.09523809523809523,0.02368421052631579,0.43902439024390244
networkcoindash,0.1,0.1,5.0,0.3683897021785493,0.12357044144777209,0.5,0.08571428571428572,0.7857142857142857,0.10404984895762819,0.05889033823121055,0.09302325581395349,0.012228260869565218,0.3076923076923077,0.1589023015385464,0.07985070740369854,0.13333333333333333,0.022727272727272728,0.3902439024390244
networkcoindash,0.1,0.25,0,0.1770360385411213,0.09911867203453496,0.0,0.0,0.5185185185185185,0.052524651502009606,0.043409307794791324,0.0,0.0,0.26881720430107525,0.0792031022854916,0.0593802653801124,0.0,0.0,0.352112676056338
networkcoindash,0.1,0.25,0.1,0.18864651824245274,0.09677408518522891,0.14285714285714285,0.0,0.5925925925925926,0.05549130727689948,0.04268424227463314,0.0,0.0,0.26881720430107525,0.08391151565365669,0.05857700592851594,0.0,0.0,0.36363636363636365
networkcoindash,0.1,0.25,0.25,0.1912015218777245,0.09355262402037234,0.3333333333333333,0.0,0.5510204081632653,0.05611320521499478,0.04099206413704642,0.024390243902439025,0.0,0.2903225806451613,0.08494083795938284,0.05614532412176631,0.13333333333333333,0.0,0.3802816901408451
networkcoindash,0.1,0.25,0.5,0.22057673187289484,0.0953157764045633,0.2,0.0,0.5555555555555556,0.06441099719176704,0.04449874490857173,0.09523809523809523,0.0,0.2857142857142857,0.09755224132816515,0.06029598265893453,0.16,0.0,0.36619718309859156
networkcoindash,0.1,0.25,0.75,0.24320523010560158,0.1029559698789746,0.2,0.0,0.6296296296296297,0.07072102319307405,0.047439946364598994,0.14285714285714285,0.0,0.2786885245901639,0.10728289792782296,0.06482068583157358,0.16,0.0,0.38636363636363635
networkcoindash,0.1,0.25,1.0,0.2692342722544242,0.1120246216900476,0.3333333333333333,0.0,0.6666666666666666,0.07834124086604237,0.05303745229518069,0.018018018018018018,0.0,0.3125,0.11887035575788417,0.07217134130522612,0.09090909090909091,0.0,0.425531914893617
networkcoindash,0.1,0.25,2.0,0.32856180038281313,0.11360608435007218,0.3333333333333333,0.08571428571428572,0.6296296296296297,0.093963079713745,0.05672747740634825,0.13114754098360656,0.008152173913043478,0.34615384615384615,0.14301167002907011,0.07607723331642947,0.26666666666666666,0.015151515151515152,0.43902439024390244
networkcoindash,0.1,0.25,3.0,0.35522798977707476,0.11935936243376105,0.5,0.1,0.7142857142857143,0.1005030034720414,0.05715186086004891,0.0784313725490196,0.010869565217391304,0.2857142857142857,0.1533908974785004,0.07737256105620144,0.13333333333333333,0.020202020202020204,0.38636363636363635
networkcoindash,0.1,0.25,5.0,0.37058296267438634,0.12339515156814537,0.5,0.09375,0.7142857142857143,0.1052499546870976,0.059852225689387174,0.14285714285714285,0.011675423234092236,0.34285714285714286,0.16055177507845647,0.0809276166756984,0.13333333333333333,0.02195389681668496,0.43636363636363634
networkcoindash,0.1,0.5,0,0.19852095497837108,0.09196939727194432,0.16666666666666666,0.0,0.5555555555555556,0.057699091021818694,0.04171124220581531,0.02702702702702703,0.0,0.27956989247311825,0.0874716415820387,0.057031380021098026,0.0,0.0,0.36619718309859156
networkcoindash,0.1,0.5,0.1,0.20619216068441126,0.09083120529550093,0.3333333333333333,0.0,0.5185185185185185,0.060724314655838246,0.043339495402721036,0.024390243902439025,0.0,0.26881720430107525,0.09180887173879197,0.05861704476711622,0.03571428571428571,0.0,0.352112676056338
networkcoindash,0.1,0.5,0.25,0.22107077348846624,0.09756682054789484,0.25,0.0,0.5306122448979592,0.06412181007992024,0.04463293745926615,0.03125,0.0,0.27956989247311825,0.09720536909785588,0.06052604023935407,0.05357142857142857,0.0,0.36619718309859156
networkcoindash,0.1,0.5,0.5,0.23549503385337822,0.1009663671319399,0.25,0.020202020202020204,0.5555555555555556,0.0686454190752693,0.04689609511868764,0.09523809523809523,0.0033967391304347825,0.26881720430107525,0.10408387762256802,0.06400868287546357,0.21333333333333335,0.006313131313131312,0.352112676056338
networkcoindash,0.1,0.5,0.75,0.26244672114878986,0.10199195831968964,0.18181818181818182,0.0,0.5769230769230769,0.07597284817289589,0.05024048770780806,0.14285714285714285,0.0,0.2692307692307692,0.11526362914410897,0.06764320921927022,0.061538461538461535,0.0,0.352112676056338
networkcoindash,0.1,0.5,1.0,0.28846978445994376,0.11627378697145373,0.3333333333333333,0.04,0.6363636363636364,0.08305230302221114,0.0541719741492065,0.06976744186046512,0.008831521739130434,0.2857142857142857,0.1262433870775005,0.0738303695770839,0.26666666666666666,0.016414141414141412,0.37037037037037035
networkcoindash,0.1,0.5,2.0,0.33921522776125695,0.12002082147829582,0.5,0.08333333333333333,0.6666666666666666,0.0972636812974763,0.059364252492967264,0.07692307692307693,0.008152173913043478,0.34615384615384615,0.147980129242238,0.07990810598848441,0.08695652173913043,0.015151515151515152,0.43902439024390244
networkcoindash,0.1,0.5,3.0,0.35371116620933085,0.12015387695735456,0.3333333333333333,0.09523809523809523,0.8571428571428571,0.1006096665544687,0.058511714211553253,0.07228915662650602,0.009510869565217392,0.34615384615384615,0.15341753072088904,0.07912354432429174,0.25,0.017676767676767676,0.43902439024390244
networkcoindash,0.1,0.5,5.0,0.37113402687204944,0.12581771871082084,0.5,0.09523809523809523,0.7857142857142857,0.10495219904712305,0.06035853005434874,0.12121212121212122,0.012907608695652174,0.38461538461538464,0.16021563262746813,0.0816213679539219,0.25,0.02398989898989899,0.4878048780487804
networkcoindash,0.1,0.75,0,0.22010269913413236,0.09350341856393977,0.25,0.0,0.5185185185185185,0.06389292362939879,0.04399885343472198,0.0847457627118644,0.0,0.26881720430107525,0.09681761248497345,0.05950127065691878,0.0,0.0,0.352112676056338
networkcoindash,0.1,0.75,0.1,0.23281042998881185,0.10093660611169473,0.2,0.0,0.5925925925925926,0.06770929715306229,0.04698268843331017,0.047619047619047616,0.0,0.27956989247311825,0.10265827368212162,0.06397660143380446,0.2,0.0,0.36619718309859156
networkcoindash,0.1,0.75,0.25,0.23793387446542547,0.09684681352006802,0.2,0.047619047619047616,0.5925925925925926,0.06914298060871257,0.046753369450630806,0.14285714285714285,0.006114130434782609,0.26881720430107525,0.10480577143130577,0.06309121227518336,0.058823529411764705,0.011363636363636364,0.36363636363636365
networkcoindash,0.1,0.75,0.5,0.2557907959666371,0.10159185888387688,0.3333333333333333,0.047619047619047616,0.5925925925925926,0.07392264609494217,0.04878399592312628,0.09836065573770492,0.006793478260869565,0.2903225806451613,0.112174506391345,0.06576705526275126,0.2,0.012626262626262624,0.3802816901408451
networkcoindash,0.1,0.75,0.75,0.27512769112207935,0.10642032521528348,0.22727272727272727,0.0,0.6,0.0793671458304505,0.052052964266171835,0.1016949152542373,0.0,0.34615384615384615,0.12046858996668941,0.06978400989728405,0.09523809523809523,0.0,0.43902439024390244
networkcoindash,0.1,0.75,1.0,0.29536351321106524,0.11529324051808813,0.2,0.07792207792207792,0.625,0.08527844156785237,0.055669130140640115,0.058823529411764705,0.007472826086956522,0.3076923076923077,0.12946391569949592,0.07530762649980613,0.06451612903225806,0.013888888888888888,0.3902439024390244
networkcoindash,0.1,0.75,2.0,0.33845210127512915,0.12030830585622589,0.3333333333333333,0.08823529411764706,0.7857142857142857,0.09618406622147274,0.05759961357413371,0.058823529411764705,0.012162162162162163,0.34285714285714286,0.14666176760840988,0.07803430201128207,0.08333333333333331,0.02368421052631579,0.43636363636363634
networkcoindash,0.1,0.75,3.0,0.3537206429004439,0.12250464114665774,0.5,0.09375,0.7142857142857143,0.10040784446721507,0.05772672321759358,0.058823529411764705,0.010190217391304348,0.3142857142857143,0.1531698512073479,0.07837128814324126,0.09523809523809523,0.01893939393939394,0.4
networkcoindash,0.1,0.75,5.0,0.3705696806054517,0.12226557749642114,0.5,0.10266159695817491,0.7142857142857143,0.10481209426417559,0.05929097647224157,0.14634146341463414,0.01358695652173913,0.34615384615384615,0.1599890721563713,0.08014088013499569,0.09523809523809523,0.02525252525252525,0.43902439024390244
networkcoindash,0.1,1.0,0,0.23186560585570556,0.09423417489532301,0.3333333333333333,0.0,0.5517241379310345,0.06717438567137704,0.044967218856096634,0.09615384615384616,0.0,0.2692307692307692,0.10184270299758887,0.060733231065023145,0.047619047619047616,0.0,0.352112676056338
networkcoindash,0.1,1.0,0.1,0.24374426522942969,0.09312473188861366,0.3333333333333333,0.05714285714285714,0.5185185185185185,0.07029386556134451,0.04560955650775212,0.14285714285714285,0.005434782608695652,0.26881720430107525,0.10674219937969992,0.061435000444273836,0.2,0.010101010101010102,0.352112676056338
networkcoindash,0.1,1.0,0.25,0.2529151364146192,0.0996665785345553,0.3333333333333333,0.05747126436781609,0.5555555555555556,0.07280141873176993,0.04785117992790714,0.125,0.007472826086956522,0.3076923076923077,0.11057670201814307,0.06443156866451369,0.0784313725490196,0.013888888888888888,0.3902439024390244
networkcoindash,0.1,1.0,0.5,0.26865284010569557,0.10500870522676568,0.3333333333333333,0.07142857142857142,0.5714285714285714,0.0769513681594306,0.04901415751095229,0.06153846153846154,0.008152173913043478,0.26881720430107525,0.11704213890337077,0.06664526728346747,0.2,0.015151515151515152,0.352112676056338
networkcoindash,0.1,1.0,0.75,0.2863177204191023,0.10521639220591182,0.3333333333333333,0.05714285714285714,0.6,0.08243301139824658,0.05263983316840601,0.125,0.008108108108108109,0.34285714285714286,0.12523052654347003,0.07059667903000448,0.06666666666666667,0.015789473684210527,0.43636363636363634
networkcoindash,0.1,1.0,1.0,0.30173175912504613,0.11249291596917421,0.42857142857142855,0.08080808080808081,0.6428571428571429,0.08668885555285749,0.05392219973475987,0.14285714285714285,0.008152173913043478,0.3076923076923077,0.13182951504874438,0.07309393821730206,0.04020100502512562,0.015151515151515152,0.3902439024390244
networkcoindash,0.1,1.0,2.0,0.34219291122314355,0.11931165082110609,0.3333333333333333,0.05714285714285714,0.9285714285714286,0.09695727720595473,0.05605382437127091,0.14285714285714285,0.012162162162162163,0.34285714285714286,0.14794038557099687,0.07601408104498183,0.13333333333333333,0.022727272727272728,0.43636363636363634
networkcoindash,0.1,1.0,3.0,0.35554102942053456,0.12383882031457609,0.5,0.09375,0.6875,0.10108110693478282,0.0591256281625093,0.058823529411764705,0.012162162162162163,0.34615384615384615,0.15416536279535947,0.08020569642082961,0.09523809523809523,0.022727272727272728,0.43902439024390244
networkcoindash,0.1,1.0,5.0,0.373257286450277,0.12554881219433575,0.5,0.09523809523809523,0.7142857142857143,0.10550861678011421,0.060341264810521614,0.14634146341463414,0.01154891304347826,0.34615384615384615,0.16110612963156198,0.08157177185937481,0.14814814814814817,0.02146464646464646,0.43902439024390244
networkcoindash,0.1,2.0,0,0.25623410284268955,0.10523263340476775,0.3333333333333333,0.05263157894736842,0.5925925925925926,0.07254742131055572,0.04648260629806019,0.0547945205479452,0.007472826086956522,0.27956989247311825,0.11067728815190718,0.06384686384794969,0.16,0.013888888888888888,0.36619718309859156
networkcoindash,0.1,2.0,0.1,0.25757763725869,0.10348581962949999,0.25,0.04878048780487805,0.5769230769230769,0.07319101858547657,0.04698640281626652,0.07317073170731707,0.00945945945945946,0.26881720430107525,0.11157721345781328,0.06429662503605726,0.2,0.01842105263157895,0.352112676056338
networkcoindash,0.1,2.0,0.25,0.2672209837417179,0.10792143551019277,0.25,0.05102040816326531,0.5714285714285714,0.07601296099481987,0.04926838214602374,0.04878048780487805,0.010810810810810811,0.3076923076923077,0.11584797788268843,0.06727500670937728,0.2,0.020202020202020204,0.3902439024390244
networkcoindash,0.1,2.0,0.5,0.2779389500129345,0.11284496686439416,0.3333333333333333,0.04081632653061224,0.5714285714285714,0.07898855339588648,0.050798263763996425,0.07142857142857142,0.008152173913043478,0.26881720430107525,0.12038096960490155,0.0695749750838441,0.07142857142857142,0.015151515151515152,0.352112676056338
networkcoindash,0.1,2.0,0.75,0.2906947346719858,0.11608599044779914,0.5,0.04591836734693878,0.6428571428571429,0.08243304737661691,0.052068620595079065,0.024390243902439025,0.009510869565217392,0.27956989247311825,0.12572579827905606,0.07134310588038566,0.0898876404494382,0.017676767676767676,0.36619718309859156
networkcoindash,0.1,2.0,1.0,0.3045614818150342,0.11833254420354958,0.3333333333333333,0.054878048780487805,0.625,0.08650074884146246,0.054319532969414434,0.06666666666666667,0.009510869565217392,0.27956989247311825,0.13187106536540494,0.07410338075541506,0.04522613065326633,0.017676767676767676,0.37037037037037035
networkcoindash,0.1,2.0,2.0,0.3304562868067573,0.12400908281243166,0.3333333333333333,0.0707070707070707,0.7142857142857143,0.09341325487299755,0.055822767041698536,0.06666666666666667,0.009510869565217392,0.26881720430107525,0.1427014757119494,0.07661631328615233,0.25,0.017676767676767676,0.36666666666666675
networkcoindash,0.1,2.0,3.0,0.3530936505350756,0.1256579834704841,0.5,0.08080808080808081,0.7857142857142857,0.09981925572618836,0.058830052149364945,0.14634146341463414,0.011675423234092236,0.34285714285714286,0.15240093543240477,0.07984008749778675,0.09523809523809523,0.02195389681668496,0.43636363636363634
networkcoindash,0.1,2.0,5.0,0.3733792951811524,0.12908992082678408,0.5,0.11428571428571428,0.7142857142857143,0.10530960044734383,0.05977974402937153,0.036036036036036036,0.012259194395796848,0.2894736842105263,0.16090382550525364,0.08153537301173704,0.25,0.02305159165751921,0.4074074074074074
networkcoindash,0.1,3.0,0,0.23114325068585023,0.12545396859296615,0.3333333333333333,0.0,0.5625,0.0655854522658597,0.05019173248909073,0.04,0.0,0.25806451612903225,0.09999102211821137,0.07042864070977159,0.07407407407407408,0.0,0.33802816901408445
networkcoindash,0.1,3.0,0.1,0.23259174119112463,0.12861738552919386,0.3333333333333333,0.0,0.5909090909090909,0.06637902223526118,0.05232088325184625,0.08536585365853659,0.0,0.26881720430107525,0.10108807047145774,0.07326029002297971,0.0,0.0,0.352112676056338
networkcoindash,0.1,3.0,0.25,0.23968924758853283,0.12928885934994813,0.3333333333333333,0.025,0.625,0.06834047020016225,0.05221709269603752,0.125,0.006793478260869565,0.26881720430107525,0.10411523877299991,0.07317597951114715,0.2,0.012626262626262624,0.37037037037037035
networkcoindash,0.1,3.0,0.5,0.2485837997119895,0.13375744666794337,0.3333333333333333,0.0,0.6,0.0706425053708331,0.053610765895664915,0.12195121951219512,0.0,0.28125,0.10770636717229035,0.07509969881962132,0.043478260869565216,0.0,0.3829787234042553
networkcoindash,0.1,3.0,0.75,0.2559914625145249,0.14007813485316487,0.3333333333333333,0.0,0.7142857142857143,0.07284654505327663,0.055986385867862865,0.047619047619047616,0.0,0.26881720430107525,0.11100352484752846,0.07850579688728858,0.26666666666666666,0.0,0.37037037037037035
networkcoindash,0.1,3.0,1.0,0.2628587074377876,0.13800235652862358,0.25,0.0273972602739726,0.6428571428571429,0.0747820449327117,0.056057904600155,0.125,0.006153846153846154,0.2692307692307692,0.11399452552013513,0.07838358166906935,0.03333333333333333,0.010050251256281405,0.36363636363636365
networkcoindash,0.1,3.0,2.0,0.2944980520320079,0.14469380291085965,0.5,0.025,0.7142857142857143,0.08343111742303305,0.05969624172287803,0.047619047619047616,0.008928571428571428,0.2894736842105263,0.12730579924721072,0.08316044884140432,0.14285714285714285,0.013157894736842103,0.4074074074074074
networkcoindash,0.1,3.0,3.0,0.31482492043550914,0.13774918980506587,0.5,0.054878048780487805,0.7058823529411765,0.08866508057129797,0.058484889706613814,0.047619047619047616,0.012162162162162163,0.3076923076923077,0.13549962411367644,0.08098758819795791,0.25,0.02301255230125523,0.4067796610169491
networkcoindash,0.1,3.0,5.0,0.3502436067722442,0.1399320963622893,0.5,0.042682926829268296,0.7857142857142857,0.09908913280596897,0.06136485878186529,0.05660377358490566,0.011560693641618497,0.3076923076923077,0.15133088485679339,0.08452508758194685,0.25,0.02030456852791878,0.4
networkcoindash,0.1,5.0,0,0.18301644871163714,0.12109310896631328,0.3333333333333333,0.0,0.6428571428571429,0.052772428817755755,0.04679818523758475,0.14285714285714285,0.0,0.23809523809523808,0.08016458618859636,0.06625352840868255,0.0,0.0,0.3333333333333333
networkcoindash,0.1,5.0,0.1,0.18665710828149282,0.12251675027827273,0.3333333333333333,0.0,0.5714285714285714,0.05415790687075055,0.048058711171080064,0.0,0.0,0.23684210526315788,0.0822904194922901,0.06807062555103209,0.0,0.0,0.3333333333333333
networkcoindash,0.1,5.0,0.25,0.18414168034070721,0.1206886699580582,0.0,0.0,0.6428571428571429,0.053203931581045825,0.04760164492395684,0.0,0.0,0.23684210526315788,0.0808414871187778,0.06732480835289101,0.0,0.0,0.3333333333333333
networkcoindash,0.1,5.0,0.5,0.18836408235307314,0.12241602861017904,0.3333333333333333,0.0,0.5882352941176471,0.05437253648390482,0.047786083108040014,0.0,0.0,0.21875,0.0826416928669136,0.06754790858604483,0.0,0.0,0.2978723404255319
networkcoindash,0.1,5.0,0.75,0.19201060913785015,0.1273570822830352,0.3333333333333333,0.0,0.6428571428571429,0.05546730313767659,0.04999294491101426,0.0,0.0,0.25,0.08426351163807097,0.07054386048074603,0.0,0.0,0.3404255319148936
networkcoindash,0.1,5.0,1.0,0.19685766053293913,0.13269551749337485,0.0,0.0,0.5714285714285714,0.05689115611422592,0.05070454020159362,0.0,0.0,0.23684210526315788,0.08649683124435018,0.07226163007838259,0.0,0.0,0.3333333333333333
networkcoindash,0.1,5.0,2.0,0.21590203591364054,0.14216351144875797,0.5,0.0,0.7857142857142857,0.06266711330680035,0.05630716581562866,0.0,0.0,0.2631578947368421,0.0950727076605489,0.0793842902020015,0.0,0.0,0.37037037037037035
networkcoindash,0.1,5.0,3.0,0.2306186009884641,0.15291486009651023,0.3333333333333333,0.0,0.7857142857142857,0.06662906162263121,0.05936254654728279,0.0,0.0,0.30952380952380953,0.10123962853959768,0.08418757778037379,0.0,0.0,0.4406779661016949
networkcoindash,0.1,5.0,5.0,0.26098659591703854,0.16078210462284964,0.5,0.0,0.7857142857142857,0.07469267070121602,0.06238154496250532,0.032362459546925564,0.0,0.2894736842105263,0.11375749917641004,0.08843188988703479,0.25,0.0,0.4074074074074074
networkcoindash,0.25,0,0,0.1582032079698077,0.09210346460374304,0.0,0.0,0.5102040816326531,0.04687983442603178,0.03901220537482347,0.0,0.0,0.26881720430107525,0.07074289713301189,0.053628101167084705,0.0,0.0,0.352112676056338
networkcoindash,0.25,0,0.1,0.16312056325058114,0.08429380900207505,0.1111111111111111,0.0,0.4897959183673469,0.048273384237769106,0.03748787138807184,0.0,0.0,0.25806451612903225,0.0728577032713108,0.0510278711903973,0.0,0.0,0.33802816901408445
networkcoindash,0.25,0,0.25,0.1685875642511797,0.0898462532384278,0.2222222222222222,0.0,0.5555555555555556,0.05032332622860965,0.04011311832041306,0.0,0.0,0.26881720430107525,0.07581701696833097,0.054656867287347644,0.0,0.0,0.352112676056338
networkcoindash,0.25,0,0.5,0.20128587095412265,0.09860642025453076,0.2,0.0,0.5185185185185185,0.05927188357879801,0.04451701348955499,0.05,0.0,0.26881720430107525,0.08956831148472907,0.06068731720122392,0.13333333333333333,0.0,0.352112676056338
networkcoindash,0.25,0,0.75,0.21873468722851233,0.10810683164888849,0.3333333333333333,0.0,0.5555555555555556,0.06437241673866137,0.04763087153128909,0.03875968992248062,0.0,0.2903225806451613,0.09737783601457066,0.06559747165443586,0.09876543209876543,0.0,0.3802816901408451
networkcoindash,0.25,0,1.0,0.2402944213464023,0.10133197815397921,0.2857142857142857,0.0,0.5306122448979592,0.07017864477830825,0.048036137279776625,0.10714285714285714,0.0,0.27956989247311825,0.1063069176765342,0.0650485583884854,0.04743083003952569,0.0,0.36619718309859156
networkcoindash,0.25,0,2.0,0.32170229899263497,0.11614877660574342,0.5,0.08745247148288973,0.7857142857142857,0.09212402625590156,0.05656311508341253,0.125,0.008831521739130434,0.34615384615384615,0.1401531541242326,0.07610720651225449,0.07142857142857142,0.016414141414141412,0.43902439024390244
networkcoindash,0.25,0,3.0,0.3528558209419946,0.12288625701717748,0.5,0.0,0.7857142857142857,0.1000512398646227,0.05866589479720959,0.1095890410958904,0.0,0.3142857142857143,0.1526879559530972,0.07960780507354254,0.25,0.0,0.4
networkcoindash,0.25,0,5.0,0.3763100196152733,0.12374091205678033,0.5,0.1,0.6875,0.10616476145457113,0.059741233288006075,0.05555555555555555,0.012907608695652174,0.3076923076923077,0.16212498789720664,0.08082781061565125,0.09090909090909091,0.02398989898989899,0.3902439024390244
networkcoindash,0.25,0.1,0,0.16000643171713871,0.09327884117206106,0.125,0.0,0.5510204081632653,0.04798317088496485,0.041089896223757964,0.0,0.0,0.2903225806451613,0.07218267479416363,0.056011059513941086,0.0,0.0,0.3802816901408451
networkcoindash,0.25,0.1,0.1,0.16835048262284424,0.09220240891653575,0.14285714285714285,0.0,0.5306122448979592,0.05024822883979221,0.04090656195559445,0.0,0.0,0.27956989247311825,0.07575240363905524,0.05597309300800163,0.0,0.0,0.36619718309859156
networkcoindash,0.25,0.1,0.25,0.17870962728897,0.09564467985031348,0.125,0.0,0.5555555555555556,0.05281468312396334,0.04231292590063278,0.013513513513513514,0.0,0.27956989247311825,0.07975546661546812,0.057971874533429266,0.05333333333333334,0.0,0.36619718309859156
networkcoindash,0.25,0.1,0.5,0.20650405985449236,0.09820795398716219,0.16666666666666666,0.0,0.5306122448979592,0.06051136139057955,0.043831364153271345,0.0,0.0,0.27956989247311825,0.09154313414702502,0.05986455793467268,0.0,0.0,0.36619718309859156
networkcoindash,0.25,0.1,0.75,0.23182421811096254,0.10688629634311649,0.14285714285714285,0.0,0.5454545454545454,0.06832057073951107,0.05020783294343008,0.14285714285714285,0.0,0.27956989247311825,0.1032768954198062,0.06808160128498487,0.13333333333333333,0.0,0.36619718309859156
networkcoindash,0.25,0.1,1.0,0.25140804540453815,0.1067245702866602,0.25,0.03125,0.6,0.07311198308776957,0.049290888451273336,0.14285714285714285,0.004335260115606936,0.28125,0.11088412286454871,0.06709432865988656,0.06666666666666667,0.0076142131979695426,0.3829787234042553
networkcoindash,0.25,0.1,2.0,0.32694859661745224,0.1168533552853866,0.3333333333333333,0.0,0.6296296296296297,0.09370250833468384,0.05632084909484565,0.058823529411764705,0.0,0.3076923076923077,0.14260427247526403,0.07615688138658352,0.12121212121212122,0.0,0.3902439024390244
networkcoindash,0.25,0.1,3.0,0.35526354236730945,0.12344317141021001,0.5,0.08571428571428572,0.7142857142857143,0.10098447621595237,0.05975192792514076,0.058823529411764705,0.009510869565217392,0.34615384615384615,0.15396669702006105,0.08078258411614979,0.25,0.017676767676767676,0.43902439024390244
networkcoindash,0.25,0.1,5.0,0.37892952445770617,0.12607579714315473,0.5,0.05714285714285714,0.7857142857142857,0.10695199930723583,0.060292996491188446,0.09302325581395349,0.012162162162162163,0.3076923076923077,0.1633410062344274,0.08160947228570532,0.25,0.02368421052631579,0.3902439024390244
networkcoindash,0.25,0.25,0,0.1713420429629852,0.09215399428439397,0.18181818181818182,0.0,0.5306122448979592,0.05087536986648316,0.041493837493527176,0.0,0.0,0.27956989247311825,0.07673192056419376,0.056385866462937334,0.0,0.0,0.36619718309859156
networkcoindash,0.25,0.25,0.1,0.18735536090971575,0.09039918714255211,0.16666666666666666,0.0,0.4897959183673469,0.055138603854973066,0.04033169704761267,0.046511627906976744,0.0,0.25806451612903225,0.0834107602409333,0.055224155804345795,0.06451612903225806,0.0,0.33802816901408445
networkcoindash,0.25,0.25,0.25,0.19376424966384284,0.09139281806473486,0.14285714285714285,0.0,0.5306122448979592,0.05698988170104684,0.041890744434955995,0.030303030303030304,0.0,0.27956989247311825,0.08609702302358324,0.0566106445354765,0.07547169811320754,0.0,0.36619718309859156
networkcoindash,0.25,0.25,0.5,0.2211117829480914,0.09950609294332247,0.3333333333333333,0.0136986301369863,0.5357142857142857,0.0644978772953524,0.04617006169322958,0.047619047619047616,0.003076923076923077,0.2857142857142857,0.09770786273616505,0.06258438614994935,0.07407407407407407,0.005025125628140703,0.36363636363636365
networkcoindash,0.25,0.25,0.75,0.23936789710584433,0.09965106699825173,0.3333333333333333,0.027777777777777776,0.5714285714285714,0.06945147026826995,0.0467104930040272,0.020833333333333332,0.0033967391304347825,0.26881720430107525,0.10534470338867123,0.06333788590818842,0.0606060606060606,0.006313131313131312,0.352112676056338
networkcoindash,0.25,0.25,1.0,0.26472419491358085,0.10834804547436824,0.2,0.047619047619047616,0.5454545454545454,0.07620062257782839,0.0497983963520827,0.0392156862745098,0.006793478260869565,0.27956989247311825,0.11577000092701628,0.0677616340809084,0.13333333333333333,0.012626262626262624,0.36619718309859156
networkcoindash,0.25,0.25,2.0,0.32825115344319133,0.11655502454718253,0.375,0.0,0.6428571428571429,0.09295961106392914,0.054710899307219556,0.15789473684210525,0.0,0.2903225806451613,0.14184175661734355,0.07424898750937292,0.09523809523809523,0.0,0.3802816901408451
networkcoindash,0.25,0.25,3.0,0.35537116444875755,0.12137903719893735,0.2727272727272727,0.05714285714285714,0.7142857142857143,0.10096176954353331,0.05879431405015951,0.16666666666666666,0.011675423234092236,0.3076923076923077,0.15397332617007453,0.07959150139386417,0.25,0.02195389681668496,0.3902439024390244
networkcoindash,0.25,0.25,5.0,0.3799660730209481,0.12392504658243338,0.5,0.10416666666666667,0.7142857142857143,0.10736765772244719,0.059277992073690465,0.036036036036036036,0.010190217391304348,0.2903225806451613,0.1639757160731153,0.08028278236949536,0.09523809523809523,0.01893939393939394,0.4
networkcoindash,0.25,0.5,0,0.20458713376894486,0.09091726517818587,0.16666666666666666,0.0,0.5185185185185185,0.0599279657518409,0.04310660493063489,0.09523809523809523,0.0,0.26881720430107525,0.09063676510936125,0.058088624255380576,0.0449438202247191,0.0,0.352112676056338
networkcoindash,0.25,0.5,0.1,0.20734035724270836,0.09530572423313624,0.2,0.0,0.5306122448979592,0.0608354587240613,0.043923686467297815,0.07317073170731707,0.0,0.27956989247311825,0.09199419221689803,0.0595898628419859,0.02197802197802198,0.0,0.36619718309859156
networkcoindash,0.25,0.5,0.25,0.22178461373030853,0.09898127727016284,0.2857142857142857,0.0,0.5102040816326531,0.0650360137624945,0.045927974353958984,0.07142857142857142,0.0,0.2857142857142857,0.09845733100304452,0.06233214710940076,0.16,0.0,0.36363636363636365
networkcoindash,0.25,0.5,0.5,0.239862120893509,0.09956022118802658,0.25,0.0,0.5925925925925926,0.06939804545663358,0.04692042952181951,0.07317073170731707,0.0,0.26881720430107525,0.10532175120269602,0.06356011835869763,0.16,0.0,0.36363636363636365
networkcoindash,0.25,0.5,0.75,0.26104510079876375,0.10113177672798075,0.25,0.02857142857142857,0.5925925925925926,0.07501056020681014,0.048189210575093726,0.125,0.006793478260869565,0.26229508196721313,0.11397642046552653,0.06530723490431416,0.07407407407407407,0.012626262626262624,0.36363636363636365
networkcoindash,0.25,0.5,1.0,0.27809560165647246,0.10760108536553892,0.3333333333333333,0.0661764705882353,0.6428571428571429,0.07974562892402243,0.05021295075462606,0.125,0.007472826086956522,0.26881720430107525,0.1213341317590117,0.06852068269223392,0.1111111111111111,0.013888888888888888,0.352112676056338
networkcoindash,0.25,0.5,2.0,0.3325884784488563,0.11269781950042616,0.3333333333333333,0.11026615969581749,0.6363636363636364,0.09461813329398143,0.05461041896036777,0.05263157894736842,0.01154891304347826,0.27956989247311825,0.14419254685293345,0.07389098348635045,0.25,0.02146464646464646,0.36619718309859156
networkcoindash,0.25,0.5,3.0,0.35578350418487625,0.1263486218286004,0.3333333333333333,0.08571428571428572,0.7857142857142857,0.10109816995000669,0.059919742302317044,0.047619047619047616,0.010190217391304348,0.38461538461538464,0.15416716516602033,0.08106126632305066,0.26666666666666666,0.01893939393939394,0.4878048780487804
networkcoindash,0.25,0.5,5.0,0.3789715600321058,0.1267952100842092,0.5,0.09375,0.75,0.1069941167235983,0.05973390750275752,0.05405405405405406,0.01154891304347826,0.2833333333333333,0.1634391247480731,0.08125407581735994,0.09547738693467336,0.02146464646464646,0.38356164383561636
networkcoindash,0.25,0.75,0,0.21955782867063245,0.08991188300604129,0.2857142857142857,0.0,0.5625,0.06304072659969785,0.04214615515460185,0.09523809523809523,0.0,0.25806451612903225,0.0957883975771493,0.057160895370102216,0.13333333333333333,0.0,0.33802816901408445
networkcoindash,0.25,0.75,0.1,0.22398266417626797,0.09502903190734593,0.3333333333333333,0.050505050505050504,0.5925925925925926,0.0652782341839687,0.04559460779499385,0.05263157894736842,0.006756756756756757,0.27956989247311825,0.09885566527288565,0.06162838086914783,0.03389830508474576,0.013157894736842106,0.36619718309859156
networkcoindash,0.25,0.75,0.25,0.23647759145410127,0.09608644764017073,0.3333333333333333,0.0,0.5,0.0683093629053872,0.0445158249137903,0.09090909090909091,0.0,0.25806451612903225,0.10370431550006354,0.06039569679398051,0.05357142857142857,0.0,0.33802816901408445
networkcoindash,0.25,0.75,0.5,0.25348017551300944,0.09945473358848546,0.2,0.0,0.5384615384615384,0.07332029963297527,0.047227997641699423,0.0410958904109589,0.0,0.26881720430107525,0.11133672196754982,0.06408978961248403,0.13333333333333333,0.0,0.352112676056338
networkcoindash,0.25,0.75,0.75,0.2758825226347207,0.1080031143334126,0.3333333333333333,0.04,0.6666666666666666,0.07933359334893417,0.050958260869317124,0.02702702702702703,0.006793478260869565,0.27956989247311825,0.12059552736659133,0.06928698886540773,0.03571428571428571,0.012626262626262624,0.36619718309859156
networkcoindash,0.25,0.75,1.0,0.29234374405085833,0.11002042950941784,0.3333333333333333,0.06896551724137931,0.6363636363636364,0.08409175324967581,0.05289812661074003,0.125,0.008152173913043478,0.27956989247311825,0.12783478789007388,0.07176101404273198,0.07947019867549669,0.015151515151515152,0.36619718309859156
networkcoindash,0.25,0.75,2.0,0.33573018749849337,0.11428990569615005,0.5,0.08571428571428572,0.6666666666666666,0.09558581454236388,0.056574892804421906,0.07692307692307693,0.010810810810810811,0.3125,0.1456879062329957,0.0763405500021148,0.07142857142857142,0.021052631578947368,0.425531914893617
networkcoindash,0.25,0.75,3.0,0.3584466108800831,0.12250292151573951,0.5,0.08333333333333333,0.7142857142857143,0.10164526382561889,0.058414979814278366,0.1,0.01154891304347826,0.3076923076923077,0.15511773138538318,0.07933675564363837,0.08333333333333331,0.02030456852791878,0.3902439024390244
networkcoindash,0.25,0.75,5.0,0.38254985588127455,0.12503436325936143,0.5,0.10416666666666667,0.75,0.10811986211373384,0.0605285581532904,0.09523809523809523,0.012907608695652174,0.34615384615384615,0.1650678411237055,0.08174997110933738,0.14285714285714285,0.02398989898989899,0.43902439024390244
networkcoindash,0.25,1.0,0,0.23602730894830817,0.09377626563830567,0.3333333333333333,0.047619047619047616,0.5769230769230769,0.0686053460983881,0.0469669929609866,0.043478260869565216,0.006114130434782609,0.27956989247311825,0.1039587021756927,0.06310774750696573,0.0449438202247191,0.011363636363636364,0.36619718309859156
networkcoindash,0.25,1.0,0.1,0.23722828564152926,0.09315775821522113,0.2,0.0,0.5102040816326531,0.06817119552622444,0.04337032107275766,0.07142857142857142,0.0,0.26881720430107525,0.10373337200925203,0.0592532270855272,0.04020100502512562,0.0,0.352112676056338
networkcoindash,0.25,1.0,0.25,0.2487270374790643,0.09591315049680985,0.2857142857142857,0.05714285714285714,0.5925925925925926,0.07150067015366132,0.046108178081306433,0.125,0.008108108108108109,0.2903225806451613,0.10868338950153722,0.062323717534167204,0.06896551724137932,0.015789473684210527,0.3802816901408451
networkcoindash,0.25,1.0,0.5,0.26870559396409344,0.10543704939780037,0.2857142857142857,0.02857142857142857,0.5714285714285714,0.07752621021338058,0.05070541541741436,0.0547945205479452,0.008152173913043478,0.27956989247311825,0.11773147246599178,0.06862483705874554,0.08791208791208792,0.015151515151515152,0.36619718309859156
networkcoindash,0.25,1.0,0.75,0.2828861167667532,0.10529663448325789,0.3333333333333333,0.08571428571428572,0.5925925925925926,0.08130086806029813,0.0506622236448986,0.09090909090909091,0.008152173913043478,0.2857142857142857,0.12362537873575367,0.06872569294645511,0.05025125628140703,0.015151515151515152,0.36619718309859156
networkcoindash,0.25,1.0,1.0,0.2938921580894373,0.11030897686573575,0.5,0.0,0.6,0.08434439479284682,0.05355617510927433,0.08536585365853659,0.0,0.2903225806451613,0.12826714206125023,0.07229817670893643,0.26666666666666666,0.0,0.3802816901408451
networkcoindash,0.25,1.0,2.0,0.3413454447639156,0.11640693201047603,0.5,0.09523809523809523,0.7142857142857143,0.0966356228176712,0.0553273508355999,0.047619047619047616,0.012907608695652174,0.2903225806451613,0.14749557778309355,0.07522030685640628,0.25,0.02398989898989899,0.38202247191011235
networkcoindash,0.25,1.0,3.0,0.36181020108296325,0.12409412491538316,0.5,0.09523809523809523,0.6875,0.10256332612020745,0.059415689680483066,0.047619047619047616,0.01154891304347826,0.3,0.15652177199910114,0.08062036875596164,0.25,0.02146464646464646,0.4074074074074074
networkcoindash,0.25,1.0,5.0,0.38290813791191103,0.12660367613188797,0.5,0.11026615969581749,0.7857142857142857,0.10798317504691732,0.06066686574488131,0.125,0.014010507880910683,0.34285714285714286,0.1649270341633,0.08208061822395292,0.09523809523809523,0.026344676180021953,0.43636363636363634
networkcoindash,0.25,2.0,0,0.2600400247653281,0.09392923617948094,0.3333333333333333,0.06060606060606061,0.5384615384615384,0.07383346749630905,0.04401268036533292,0.0975609756097561,0.00945945945945946,0.27956989247311825,0.11258893031617799,0.05982649862327881,0.05357142857142857,0.017676767676767676,0.36619718309859156
networkcoindash,0.25,2.0,0.1,0.2677198230920539,0.10174282813782949,0.2,0.050505050505050504,0.5625,0.07627798193978205,0.04738300522649629,0.14285714285714285,0.00945945945945946,0.27956989247311825,0.11615392573029976,0.06438212232657609,0.05533596837944664,0.017676767676767676,0.36619718309859156
networkcoindash,0.25,2.0,0.25,0.277520614598083,0.10674769494010564,0.2857142857142857,0.06060606060606061,0.6296296296296297,0.07971053024994697,0.051547983473966996,0.07317073170731707,0.010869565217391304,0.27956989247311825,0.12116243457396948,0.06975539984029534,0.06532663316582914,0.020202020202020204,0.38636363636363635
networkcoindash,0.25,2.0,0.5,0.28601770082514133,0.10773000335091468,0.5,0.0707070707070707,0.5625,0.0823688916570638,0.05163454057433036,0.09090909090909091,0.007472826086956522,0.2692307692307692,0.1251728103283441,0.06996672610643521,0.047619047619047616,0.013888888888888888,0.352112676056338
networkcoindash,0.25,2.0,0.75,0.29874851124800766,0.10800372609883943,0.25,0.058823529411764705,0.6,0.08469971983049299,0.05002426424143661,0.06153846153846154,0.008831521739130434,0.2857142857142857,0.12916387336821092,0.06787542708289196,0.05025125628140703,0.016414141414141412,0.36363636363636365
networkcoindash,0.25,2.0,1.0,0.3106768774346196,0.11519291178047317,0.4,0.09885931558935361,0.6428571428571429,0.08903471260101725,0.05500815982906321,0.14285714285714285,0.010507880910683012,0.2833333333333333,0.13543918938623695,0.07449625740284294,0.07035175879396985,0.01975850713501647,0.38202247191011235
networkcoindash,0.25,2.0,2.0,0.3444836040810087,0.11734828931350333,0.3333333333333333,0.08571428571428572,0.6428571428571429,0.09778696000275122,0.056633660173175074,0.05405405405405406,0.009510869565217392,0.3076923076923077,0.14911987155106785,0.0763774447911863,0.25,0.017676767676767676,0.3902439024390244
networkcoindash,0.25,2.0,3.0,0.3632241373033338,0.1233824656035522,0.5,0.09523809523809523,0.7857142857142857,0.1027293468382945,0.058752365752835656,0.1095890410958904,0.012162162162162163,0.34285714285714286,0.1568308117061818,0.07957434939137781,0.26666666666666666,0.022727272727272728,0.43636363636363634
networkcoindash,0.25,2.0,5.0,0.3872741800803067,0.12733937005793877,0.5,0.09523809523809523,0.7857142857142857,0.10911572686581868,0.06041942552043579,0.14285714285714285,0.012228260869565218,0.31666666666666665,0.16674781341203773,0.08200049699480245,0.13333333333333333,0.022727272727272728,0.42696629213483145
networkcoindash,0.25,3.0,0,0.2666179715579857,0.10473429935569782,0.2857142857142857,0.06707317073170732,0.5714285714285714,0.07562129928258864,0.0472790755042996,0.04878048780487805,0.00945945945945946,0.26881720430107525,0.11534210361232111,0.06472069150375381,0.2,0.017676767676767676,0.352112676056338
networkcoindash,0.25,3.0,0.1,0.27409728356705804,0.11211438807932117,0.3333333333333333,0.054878048780487805,0.7142857142857143,0.07789717213526318,0.050255500968456955,0.0975609756097561,0.008152173913043478,0.2903225806451613,0.11871139255947677,0.06862426940559721,0.14814814814814814,0.015151515151515152,0.3802816901408451
networkcoindash,0.25,3.0,0.25,0.2760716459720016,0.1095468825463269,0.5,0.05263157894736842,0.5625,0.07849040104533898,0.04980121172021506,0.02702702702702703,0.010190217391304348,0.25806451612903225,0.11959813488774401,0.06794808530970597,0.16,0.01893939393939394,0.3409090909090909
networkcoindash,0.25,3.0,0.5,0.2939905381486721,0.11367094759124644,0.3333333333333333,0.04878048780487805,0.6428571428571429,0.08333209288509821,0.05114496478164442,0.19047619047619047,0.010810810810810811,0.26881720430107525,0.12713233703522717,0.07003290539949301,0.06779661016949153,0.021052631578947368,0.352112676056338
networkcoindash,0.25,3.0,0.75,0.2937739537517922,0.11066777519802638,0.5,0.07653061224489796,0.5714285714285714,0.0832566338683236,0.051032829613943106,0.02702702702702703,0.010869565217391304,0.2903225806451613,0.1270310335392765,0.06968707970929537,0.06779661016949153,0.020202020202020204,0.3802816901408451
networkcoindash,0.25,3.0,1.0,0.3073498095060239,0.12204618204999836,0.3333333333333333,0.04040404040404041,0.6428571428571429,0.08734613461624426,0.05516863526667088,0.02702702702702703,0.010309278350515464,0.27956989247311825,0.13316409999148626,0.07556247221058392,0.08219178082191782,0.01642710472279261,0.367816091954023
networkcoindash,0.25,3.0,2.0,0.3380018339269965,0.123269220531162,0.5,0.05612244897959184,0.75,0.0957658725371936,0.057443433485865475,0.03205128205128205,0.010190217391304348,0.28125,0.14614417994869494,0.07822734525329841,0.1111111111111111,0.01893939393939394,0.38636363636363635
networkcoindash,0.25,3.0,3.0,0.3561557788083219,0.12380761028330783,0.5,0.07291666666666667,0.7857142857142857,0.10042046050817639,0.05751335705467134,0.0975609756097561,0.010115606936416185,0.2857142857142857,0.15342393800281684,0.07830777376065684,0.25,0.017766497461928935,0.4067796610169491
networkcoindash,0.25,3.0,5.0,0.3830634665076103,0.13084959029978985,0.5,0.09375,0.7857142857142857,0.10806561021659628,0.06119816604386266,0.2857142857142857,0.012907608695652174,0.3076923076923077,0.16512322961977727,0.08335828116987713,0.09523809523809523,0.02284263959390863,0.4067796610169491
networkcoindash,0.25,5.0,0,0.2342179550560052,0.1367222081312759,0.3333333333333333,0.0,0.6428571428571429,0.06672394120043362,0.05366074731927898,0.125,0.0,0.2631578947368421,0.10163731821522948,0.07556289079970471,0.0,0.0,0.37037037037037035
networkcoindash,0.25,5.0,0.1,0.23486648228347887,0.13890697053209597,0.5,0.0,0.7857142857142857,0.06700869039127538,0.054273192184690594,0.125,0.0,0.2631578947368421,0.10206880762498934,0.07651935438253787,0.0,0.0,0.37037037037037035
networkcoindash,0.25,5.0,0.25,0.2391309195232709,0.13799650481194856,0.3333333333333333,0.0,0.6428571428571429,0.06818986636743368,0.05412641924281522,0.125,0.0,0.26881720430107525,0.10386738725078697,0.07628673627994068,0.0,0.0,0.36363636363636365
networkcoindash,0.25,5.0,0.5,0.23976351744365498,0.13576692041171434,0.3333333333333333,0.025,0.5714285714285714,0.06825552055483604,0.053471167575502826,0.03333333333333333,0.005434782608695652,0.25806451612903225,0.10404691701860433,0.07531918942904013,0.035175879396984924,0.010050251256281405,0.33802816901408445
networkcoindash,0.25,5.0,0.75,0.24935243212741742,0.14299642197579032,0.5,0.0,0.7142857142857143,0.07129932506618755,0.056664840247599324,0.09090909090909091,0.0,0.2833333333333333,0.10860202392689706,0.07980932170017269,0.06451612903225806,0.0,0.38202247191011235
networkcoindash,0.25,5.0,1.0,0.2529721628113857,0.14651763641941654,0.3333333333333333,0.0,0.6428571428571429,0.07199460154027293,0.057133424502752765,0.04081632653061224,0.0,0.2903225806451613,0.10970038301813027,0.08032100746815457,0.06451612903225806,0.0,0.3802816901408451
networkcoindash,0.25,5.0,2.0,0.27421313184506624,0.15215078869472246,0.09090909090909091,0.04,0.7142857142857143,0.0782590510319088,0.06106191162868503,0.03773584905660377,0.0075075075075075074,0.3076923076923077,0.11921899583420137,0.08554485051870926,0.06666666666666667,0.01335113484646195,0.4074074074074074
networkcoindash,0.25,5.0,3.0,0.2973057461854342,0.1578268211331198,0.5,0.04,0.7857142857142857,0.08417411983670176,0.06210277023763772,0.047619047619047616,0.007472826086956522,0.2857142857142857,0.12845767858565565,0.08726487519835541,0.042884990253411304,0.013888888888888888,0.4067796610169491
networkcoindash,0.25,5.0,5.0,0.3313768275213627,0.15866005874776865,0.3333333333333333,0.061224489795918366,0.7857142857142857,0.09337327750083854,0.06429172907462144,0.047619047619047616,0.010115606936416185,0.2894736842105263,0.14270199632302677,0.08993203025013395,0.14285714285714285,0.017766497461928935,0.4074074074074074
networkcoindash,0.5,0,0,0.14413956167408587,0.08491162525104624,0.0,0.0,0.4897959183673469,0.04336149783974371,0.036957042494271425,0.0,0.0,0.25806451612903225,0.06518937026859672,0.05058708642099355,0.0,0.0,0.33802816901408445
networkcoindash,0.5,0,0.1,0.15297829521881898,0.08026992141767157,0.1111111111111111,0.0,0.4827586206896552,0.04513708629195109,0.034105310741820515,0.0,0.0,0.23655913978494625,0.06825903180352023,0.04686629897089325,0.0,0.0,0.30985915492957744
networkcoindash,0.5,0,0.25,0.16011780885677168,0.088881917263112,0.2,0.0,0.5185185185185185,0.047559157586070044,0.039795260982567235,0.0,0.0,0.2692307692307692,0.07168157459281,0.05397742887010828,0.0,0.0,0.3414634146341463
networkcoindash,0.5,0,0.5,0.1793063586575507,0.09657310238564333,0.2,0.0,0.5555555555555556,0.05275237047299533,0.04187247114693038,0.0,0.0,0.26881720430107525,0.07976701576193787,0.05749887981894051,0.0,0.0,0.352112676056338
networkcoindash,0.5,0,0.75,0.20421096216498025,0.10031405158765877,0.18181818181818182,0.0,0.5,0.059634609338634105,0.04382149636151796,0.0625,0.0,0.25806451612903225,0.09033738854883314,0.06022311683696974,0.1702127659574468,0.0,0.33802816901408445
networkcoindash,0.5,0,1.0,0.22601209058730204,0.10458932301161063,0.16666666666666666,0.0,0.5306122448979592,0.0662378683021379,0.0475532397024222,0.06976744186046512,0.0,0.27956989247311825,0.10029643728573653,0.06498255822142468,0.04597701149425287,0.0,0.36619718309859156
networkcoindash,0.5,0,2.0,0.30944122225639475,0.11012042508094545,0.3333333333333333,0.047619047619047616,0.6428571428571429,0.08822000262240395,0.052435771515884924,0.125,0.007472826086956522,0.2857142857142857,0.13444703842556507,0.0712718440752499,0.26666666666666666,0.013888888888888888,0.36363636363636365
networkcoindash,0.5,0,3.0,0.35541648066259834,0.12207213871230137,0.5,0.10101010101010101,0.7142857142857143,0.10130135144814915,0.059352267601409214,0.23809523809523808,0.010190217391304348,0.3076923076923077,0.15436976667898275,0.0803020506531543,0.36363636363636365,0.01893939393939394,0.3902439024390244
networkcoindash,0.5,0,5.0,0.3852761441948323,0.12878670390434807,0.5,0.047619047619047616,0.8125,0.10860020433510975,0.06075660640186222,0.14285714285714285,0.01358695652173913,0.34615384615384615,0.1658746105157891,0.08230741329128144,0.10050251256281406,0.02525252525252525,0.43902439024390244
networkcoindash,0.5,0.1,0,0.15013294752928388,0.09238740815004905,0.0,0.0,0.5102040816326531,0.04471173260110063,0.03981653722642565,0.0,0.0,0.26881720430107525,0.06734543434736055,0.05477592364561707,0.0,0.0,0.352112676056338
networkcoindash,0.5,0.1,0.1,0.1578191795644824,0.08642750609033409,0.125,0.0,0.5102040816326531,0.04648739751819081,0.03788246803565424,0.0,0.0,0.26881720430107525,0.07023272812312077,0.05189765279135131,0.0,0.0,0.352112676056338
networkcoindash,0.5,0.1,0.25,0.16264127214681945,0.08384926579904203,0.05555555555555555,0.0,0.5102040816326531,0.048179207037389406,0.037969032912134895,0.07142857142857142,0.0,0.26881720430107525,0.07269091312852917,0.051632871665186784,0.1,0.0,0.352112676056338
networkcoindash,0.5,0.1,0.5,0.19319735397765272,0.09919928691421702,0.0,0.0,0.5555555555555556,0.05658516040741562,0.04296162782958962,0.0,0.0,0.25806451612903225,0.08561321750136294,0.0590048325617829,0.0,0.0,0.3409090909090909
networkcoindash,0.5,0.1,0.75,0.21127823134271198,0.10316446015816051,0.3333333333333333,0.0,0.5306122448979592,0.062118722731444746,0.046365081944105234,0.02702702702702703,0.0,0.27956989247311825,0.0939529899955469,0.06350711565708858,0.043478260869565216,0.0,0.36619718309859156
networkcoindash,0.5,0.1,1.0,0.24537465029195116,0.11200876935471121,0.2,0.0,0.6666666666666666,0.07129299507720284,0.050733124222898544,0.0,0.0,0.3125,0.10814743647427207,0.06947864260609954,0.0,0.0,0.425531914893617
networkcoindash,0.5,0.1,2.0,0.31794800918148014,0.11901355108586369,0.3333333333333333,0.0,0.6666666666666666,0.09082186237327147,0.05538889750990852,0.125,0.0,0.2692307692307692,0.13838483126961834,0.07568987681758392,0.07692307692307691,0.0,0.38356164383561636
networkcoindash,0.5,0.1,3.0,0.35580033410509626,0.12494430843418157,0.5,0.08333333333333333,0.7142857142857143,0.10071676027824784,0.058531176970462416,0.058823529411764705,0.010869565217391304,0.3076923076923077,0.15373063698551032,0.07974807502683481,0.26666666666666666,0.020202020202020204,0.410958904109589
networkcoindash,0.5,0.1,5.0,0.3827125016035385,0.12431537143405243,0.5,0.11406844106463879,0.7142857142857143,0.10795945585523718,0.05934923235720399,0.0975609756097561,0.012228260869565218,0.3142857142857143,0.1649178240008142,0.08047628143330207,0.25,0.022727272727272728,0.40425531914893625
networkcoindash,0.5,0.25,0,0.16523990007524297,0.0834190542285351,0.1,0.0,0.48148148148148145,0.04852539487891199,0.036788625235375884,0.047619047619047616,0.0,0.22580645161290322,0.07335484482183426,0.05031714386680322,0.0,0.0,0.29577464788732394
networkcoindash,0.5,0.25,0.1,0.16795031913087566,0.08500471221501044,0.25,0.0,0.5,0.04977150136096598,0.03845066162795699,0.024390243902439025,0.0,0.24731182795698925,0.07509220754910281,0.0522922182580885,0.0,0.0,0.32394366197183094
networkcoindash,0.5,0.25,0.25,0.18735132794818044,0.091533507813984,0.2,0.0,0.5102040816326531,0.05492255247202767,0.0403445400699104,0.058823529411764705,0.0,0.26881720430107525,0.08315759116252579,0.05535427161422197,0.0,0.0,0.352112676056338
networkcoindash,0.5,0.25,0.5,0.20607956035789493,0.09865764826023819,0.3333333333333333,0.0,0.5714285714285714,0.06080113470396529,0.04503311247912253,0.0,0.0,0.3010752688172043,0.09193000439947904,0.06143310590517851,0.0,0.0,0.3943661971830986
networkcoindash,0.5,0.25,0.75,0.22247861628836346,0.10014355932579738,0.2222222222222222,0.0,0.55,0.06518997273170894,0.046814958234543395,0.06060606060606061,0.0,0.2692307692307692,0.0986942847199114,0.06365285670752592,0.043478260869565216,0.0,0.3414634146341463
networkcoindash,0.5,0.25,1.0,0.2514626752721608,0.1063920059552892,0.3333333333333333,0.0,0.5714285714285714,0.07306842949701642,0.04950223579947794,0.0,0.0,0.2857142857142857,0.11089433756459842,0.06762400097923053,0.07407407407407407,0.0,0.36363636363636365
networkcoindash,0.5,0.25,2.0,0.32350341466121885,0.11708773889225937,0.25,0.05714285714285714,0.7142857142857143,0.0925671966002789,0.056574271139864574,0.125,0.010190217391304348,0.38461538461538464,0.14090379057341426,0.07637049804928475,0.12903225806451613,0.01893939393939394,0.4878048780487804
networkcoindash,0.5,0.25,3.0,0.3589011570330824,0.12583804987682434,0.5,0.047619047619047616,0.75,0.10182545694226279,0.06032274665418247,0.14634146341463414,0.012907608695652174,0.3142857142857143,0.15529654306269905,0.08175948297273082,0.07299270072992702,0.02398989898989899,0.4074074074074074
networkcoindash,0.5,0.25,5.0,0.3830773232846791,0.12664485510551665,0.5,0.1,0.7142857142857143,0.10822030379514051,0.06043057016240978,0.09302325581395349,0.012228260869565218,0.2857142857142857,0.1652872719027227,0.08209381117275073,0.3333333333333333,0.022727272727272728,0.38356164383561636
networkcoindash,0.5,0.5,0,0.18249429318193489,0.08351688133751833,0.16666666666666666,0.0,0.5555555555555556,0.05282192312880794,0.03850417688243717,0.0625,0.0,0.24731182795698925,0.08014494356914273,0.052360513818615215,0.13333333333333333,0.0,0.3409090909090909
networkcoindash,0.5,0.5,0.1,0.18690551325570728,0.09188784696265384,0.125,0.0,0.5306122448979592,0.05469511296264093,0.041166555698392455,0.04294478527607362,0.0,0.27956989247311825,0.08282485261815285,0.05599149723070589,0.13333333333333333,0.0,0.36619718309859156
networkcoindash,0.5,0.5,0.25,0.20650225170009287,0.09246993607287976,0.2,0.0,0.5454545454545454,0.06035356541604717,0.04213535861936037,0.0,0.0,0.2571428571428571,0.09146671958053494,0.05738832343576384,0.0,0.0,0.32727272727272727
networkcoindash,0.5,0.5,0.5,0.2259790919187581,0.09920455964329483,0.3333333333333333,0.0,0.5185185185185185,0.06532437357837612,0.045471866779098716,0.09090909090909091,0.0,0.26881720430107525,0.09915183139628153,0.062059903643620296,0.16,0.0,0.352112676056338
networkcoindash,0.5,0.5,0.75,0.25423615286992163,0.10588071601896003,0.25,0.05714285714285714,0.6296296296296297,0.07336830745580672,0.04917920843872046,0.05813953488372093,0.005405405405405406,0.2786885245901639,0.11151410555384192,0.06732560056147228,0.16,0.010526315789473684,0.38636363636363635
networkcoindash,0.5,0.5,1.0,0.27265213228295443,0.10637336612747057,0.3333333333333333,0.0,0.5925925925925926,0.07822449487393301,0.05016848513079081,0.07317073170731707,0.0,0.2903225806451613,0.11899104033332444,0.06818459956781489,0.0606060606060606,0.0,0.3802816901408451
networkcoindash,0.5,0.5,2.0,0.33077423656281213,0.11912965606067136,0.25,0.08571428571428572,0.7142857142857143,0.09372942294994988,0.0555667991349688,0.125,0.009510869565217392,0.3076923076923077,0.14297874463884197,0.07546130576088517,0.13333333333333333,0.017676767676767676,0.3902439024390244
networkcoindash,0.5,0.5,3.0,0.36400259102733223,0.12742569536271556,0.2727272727272727,0.0,0.7857142857142857,0.10294699966605707,0.06032710390264314,0.0784313725490196,0.0,0.38461538461538464,0.15717188556568798,0.08180922367486881,0.25,0.0,0.4878048780487804
networkcoindash,0.5,0.5,5.0,0.386356753020909,0.12578947504507337,0.5,0.08571428571428572,0.75,0.10855130969836961,0.05969655218499098,0.125,0.01358695652173913,0.2857142857142857,0.1659499494578837,0.08096652938372059,0.25,0.02525252525252525,0.4
networkcoindash,0.5,0.75,0,0.20581591214898204,0.08985421281252744,0.25,0.0,0.5333333333333333,0.05971775117764779,0.043268194176170206,0.020833333333333332,0.0,0.27956989247311825,0.09051616210431007,0.05807906928154733,0.16,0.0,0.36619718309859156
networkcoindash,0.5,0.75,0.1,0.20991465963419983,0.0922890261340987,0.3333333333333333,0.0,0.5102040816326531,0.06037080019531615,0.04131740378842812,0.07317073170731707,0.0,0.26881720430107525,0.0917884031755417,0.05675579740852987,0.06622516556291391,0.0,0.352112676056338
networkcoindash,0.5,0.75,0.25,0.2328577474651898,0.09847676710927245,0.2857142857142857,0.0,0.5882352941176471,0.0673218339597197,0.04678230880975897,0.02702702702702703,0.0,0.2692307692307692,0.10221003572286155,0.06350049213167287,0.16,0.0,0.3414634146341463
networkcoindash,0.5,0.75,0.5,0.2480195637982894,0.09779676888288673,0.25,0.051470588235294115,0.5555555555555556,0.0709024755536514,0.04612753955168895,0.125,0.00945945945945946,0.2857142857142857,0.107916380483305,0.0626201297229447,0.1702127659574468,0.01842105263157895,0.36363636363636365
networkcoindash,0.5,0.75,0.75,0.2672601763400681,0.10629232185776168,0.25,0.02857142857142857,0.5555555555555556,0.07660926233130586,0.049543314485668136,0.046511627906976744,0.009510869565217392,0.2692307692307692,0.11651732271402716,0.06749062852457229,0.07407407407407407,0.017676767676767676,0.3414634146341463
networkcoindash,0.5,0.75,1.0,0.2804531140534491,0.10794560401533779,0.3333333333333333,0.047619047619047616,0.6111111111111112,0.08026886917089285,0.052083237830269996,0.07317073170731707,0.008831521739130434,0.34615384615384615,0.12206381620977064,0.07000407461687458,0.06451612903225806,0.016414141414141412,0.43902439024390244
networkcoindash,0.5,0.75,2.0,0.3354899950747268,0.12024952385629689,0.3333333333333333,0.08745247148288973,0.75,0.09498542237036331,0.05535915784163389,0.058823529411764705,0.008152173913043478,0.2631578947368421,0.14503902688145406,0.0758587964170441,0.1111111111111111,0.015151515151515152,0.380952380952381
networkcoindash,0.5,0.75,3.0,0.365037475539023,0.12538111361939466,0.3333333333333333,0.08571428571428572,0.7,0.10327856678893704,0.05961963262442965,0.25,0.008831521739130434,0.3142857142857143,0.15767899081260428,0.08089793326873611,0.26666666666666666,0.016414141414141412,0.4
networkcoindash,0.5,0.75,5.0,0.3873358943536395,0.128797463643266,0.5,0.1,0.75,0.1092843371425026,0.06134625727481255,0.08,0.014594279042615295,0.3142857142857143,0.1669032012193335,0.08302782637816482,0.25,0.027442371020856202,0.4
networkcoindash,0.5,1.0,0,0.22426151733077254,0.09262973770816031,0.25,0.0,0.6111111111111112,0.06450207224149247,0.04413573647924504,0.14285714285714285,0.0,0.26881720430107525,0.09794477786403084,0.05974897128666759,0.0,0.0,0.36666666666666675
networkcoindash,0.5,1.0,0.1,0.2277547491509101,0.09354487340544254,0.2,0.0,0.5384615384615384,0.06551673497705694,0.043546495181977174,0.09523809523809523,0.0,0.24731182795698925,0.0995456028842492,0.05929174046567,0.0449438202247191,0.0,0.32394366197183094
networkcoindash,0.5,1.0,0.25,0.2420434550889721,0.09498838206951879,0.16666666666666666,0.047619047619047616,0.5306122448979592,0.06895588963313554,0.04455808725384392,0.04878048780487805,0.00945945945945946,0.27956989247311825,0.10499537202759558,0.0603987903775233,0.2,0.017094017094017096,0.36619718309859156
networkcoindash,0.5,1.0,0.5,0.2584272601252885,0.10560401240420261,0.25,0.0,0.5625,0.07407131555305824,0.04867923125190854,0.11864406779661017,0.0,0.2571428571428571,0.11262746460511568,0.06647087070136656,0.055276381909547735,0.0,0.3333333333333333
networkcoindash,0.5,1.0,0.75,0.26830546135557926,0.10136939675378358,0.3333333333333333,0.05714285714285714,0.5714285714285714,0.07671835818965698,0.04781905356627916,0.125,0.008152173913043478,0.26666666666666666,0.11679041240770034,0.06496312479450848,0.21153846153846154,0.015151515151515152,0.35955056179775285
networkcoindash,0.5,1.0,1.0,0.2890387287392502,0.10778113179662914,0.25,0.04040404040404041,0.625,0.082479694570978,0.05005207121249621,0.041666666666666664,0.008172796263864565,0.2903225806451613,0.12562028180405,0.06820732082252141,0.05970149253731343,0.015367727771679473,0.3802816901408451
networkcoindash,0.5,1.0,2.0,0.3384565564461077,0.11759036035722854,0.3333333333333333,0.02857142857142857,0.6470588235294118,0.09636445556363187,0.056671323560812864,0.0975609756097561,0.009510869565217392,0.2857142857142857,0.146887759721385,0.07692371465770534,0.26666666666666666,0.017676767676767676,0.37288135593220334
networkcoindash,0.5,1.0,3.0,0.36472457221053933,0.1264993575229939,0.5,0.08571428571428572,0.7142857142857143,0.10301432314040569,0.05948732389423353,0.1694915254237288,0.009510869565217392,0.34615384615384615,0.1572944514050974,0.08062619823419237,0.25,0.017676767676767676,0.43902439024390244
networkcoindash,0.5,1.0,5.0,0.38472826287759443,0.12774801026512042,0.5,0.09523809523809523,0.8125,0.10873204616172026,0.060986215978119644,0.09302325581395349,0.013513513513513514,0.3,0.1660344930116151,0.08275732551118091,0.25,0.02525252525252525,0.4126984126984127
networkcoindash,0.5,2.0,0,0.2559432052086758,0.10110128748935418,0.25,0.0707070707070707,0.5882352941176471,0.07276904747497345,0.046005974115380904,0.08333333333333333,0.011091652072387624,0.2692307692307692,0.11086846025410788,0.06277330790350384,0.15384615384615385,0.02085620197585071,0.3414634146341463
networkcoindash,0.5,2.0,0.1,0.25813259451166837,0.09390795187727174,0.25,0.0661764705882353,0.5555555555555556,0.07312678915474286,0.04352614248497407,0.125,0.010507880910683012,0.26881720430107525,0.11154322070255249,0.05916651850496017,0.043478260869565216,0.01975850713501647,0.352112676056338
networkcoindash,0.5,2.0,0.25,0.2637057477623978,0.10373477832513675,0.3333333333333333,0.08080808080808081,0.625,0.07548932823981241,0.048255056509479755,0.14285714285714285,0.007472826086956522,0.2903225806451613,0.11484772902178964,0.06567583760326991,0.0676328502415459,0.013888888888888888,0.3802816901408451
networkcoindash,0.5,2.0,0.5,0.279336923656448,0.10636204325549914,0.5,0.05714285714285714,0.6470588235294118,0.07932479698262887,0.04900959332620067,0.047619047619047616,0.009510869565217392,0.2619047619047619,0.12100827608901976,0.06722372928687054,0.18181818181818182,0.017676767676767676,0.37288135593220334
networkcoindash,0.5,2.0,0.75,0.2954417055164514,0.11299990925785425,0.25,0.02857142857142857,0.6363636363636364,0.08422361370795323,0.05142436663298292,0.125,0.009510869565217392,0.25,0.12835007720870764,0.07051893264713816,0.05533596837944664,0.017676767676767676,0.3404255319148936
networkcoindash,0.5,2.0,1.0,0.30198240862601144,0.10975430918756915,0.3333333333333333,0.05714285714285714,0.6875,0.08600075284198216,0.05163326670897037,0.125,0.009340338587273789,0.2894736842105263,0.131051427409214,0.07030432146482053,0.07035175879396985,0.01756311745334797,0.4074074074074074
networkcoindash,0.5,2.0,2.0,0.3435644721358102,0.11701299197748756,0.5,0.07352941176470588,0.7142857142857143,0.09713049882317826,0.05522327329974408,0.125,0.01154891304347826,0.2833333333333333,0.14832620825829365,0.07520493471097751,0.09045226130653267,0.02146464646464646,0.38202247191011235
networkcoindash,0.5,2.0,3.0,0.36192820652006713,0.12133212324764373,0.5,0.08823529411764706,0.7222222222222222,0.10226150519337243,0.057772283079557875,0.041666666666666664,0.012259194395796848,0.30952380952380953,0.15616142573803626,0.07844653735934397,0.25,0.02305159165751921,0.4333333333333334
networkcoindash,0.5,2.0,5.0,0.390667306795124,0.12648662704891944,0.5,0.08571428571428572,0.7857142857142857,0.10994040800491574,0.06072114048500725,0.09230769230769231,0.01358695652173913,0.30952380952380953,0.1680215614650666,0.08224199858080136,0.25,0.02525252525252525,0.4333333333333334
networkcoindash,0.5,3.0,0,0.26475069149210223,0.10517307526345128,0.2,0.04591836734693878,0.5555555555555556,0.07496240243063006,0.04697391234380914,0.09090909090909091,0.00945945945945946,0.2692307692307692,0.11438701273572098,0.06443165190748187,0.2,0.01842105263157895,0.3414634146341463
networkcoindash,0.5,3.0,0.1,0.26873905575072426,0.10757579055648031,0.2,0.06140350877192982,0.625,0.0764811695662468,0.04897182829328093,0.125,0.0099241097489784,0.26881720430107525,0.1165281727867482,0.0668752843528361,0.13793103448275862,0.01866081229418222,0.37037037037037035
networkcoindash,0.5,3.0,0.25,0.28064807649070767,0.11378202569352362,0.25,0.054878048780487805,0.6875,0.07959078322712998,0.0499804110360492,0.07003891050583658,0.009340338587273789,0.2571428571428571,0.12138758198744526,0.06870470008249444,0.07692307692307693,0.01756311745334797,0.3492063492063492
networkcoindash,0.5,3.0,0.5,0.2818663379134251,0.11185648399391795,0.3333333333333333,0.06097560975609756,0.5925925925925926,0.07977024969828186,0.049127513196966004,0.125,0.010190217391304348,0.25806451612903225,0.12184921703925147,0.06801551299793351,0.13333333333333333,0.01893939393939394,0.3404255319148936
networkcoindash,0.5,3.0,0.75,0.2930917811278576,0.11596301099988572,0.5,0.050505050505050504,0.6428571428571429,0.08275375699386732,0.05081661248024188,0.125,0.010115606936416185,0.2459016393442623,0.12639968934227847,0.07024061101123025,0.0684931506849315,0.017766497461928935,0.3409090909090909
networkcoindash,0.5,3.0,1.0,0.30478625367898443,0.118174173600555,0.3333333333333333,0.06578947368421052,0.6666666666666666,0.08611020926265024,0.053412127516908964,0.047619047619047616,0.0099241097489784,0.2857142857142857,0.1314223631416512,0.07282290760103473,0.06779661016949153,0.01866081229418222,0.36619718309859156
networkcoindash,0.5,3.0,2.0,0.3388012713713365,0.11914099182303288,0.5,0.08080808080808081,0.6875,0.09510778050205107,0.05434848209237701,0.08,0.012259194395796848,0.2894736842105263,0.14545872282866198,0.07437992400275457,0.17391304347826086,0.02305159165751921,0.4074074074074074
networkcoindash,0.5,3.0,3.0,0.36282288461562767,0.1274905107242015,0.5,0.09523809523809523,0.6875,0.1024156190601244,0.05946929283599885,0.047619047619047616,0.012162162162162163,0.2894736842105263,0.15648868407433264,0.08127777715405629,0.25,0.02368421052631579,0.4074074074074074
networkcoindash,0.5,3.0,5.0,0.38932912909581396,0.1283717231570302,0.5,0.1,0.75,0.10955733792698821,0.06082917571250025,0.15789473684210525,0.015625,0.2857142857142857,0.16741793308118294,0.08249347551757615,0.25,0.027918781725888325,0.38636363636363635
networkcoindash,0.5,5.0,0,0.24125951237651191,0.1269394345620706,0.3333333333333333,0.0,0.5714285714285714,0.06850929201059207,0.05162001582228794,0.0975609756097561,0.0,0.2571428571428571,0.10436947865078283,0.07194649779322566,0.16,0.0,0.3333333333333333
networkcoindash,0.5,5.0,0.1,0.24369120352811713,0.12915756565529216,0.5,0.0136986301369863,0.625,0.06881663198394593,0.05050984229796657,0.09090909090909091,0.003076923076923077,0.2631578947368421,0.1050504811687599,0.07116225489841754,0.16,0.005025125628140703,0.37037037037037035
networkcoindash,0.5,5.0,0.25,0.2460218746628724,0.12845358191784037,0.3333333333333333,0.038461538461538464,0.6428571428571429,0.07010814703479173,0.05197681897794739,0.125,0.0075075075075075074,0.2631578947368421,0.10678165216347614,0.07260415739101905,0.05084745762711864,0.01335113484646195,0.37037037037037035
networkcoindash,0.5,5.0,0.5,0.25118918682578506,0.1308387902200259,0.3333333333333333,0.036585365853658534,0.5882352941176471,0.07134829818867926,0.052889824626752395,0.125,0.007472826086956522,0.26881720430107525,0.10872790748024488,0.07392078184926223,0.06451612903225806,0.013888888888888888,0.352112676056338
networkcoindash,0.5,5.0,0.75,0.2607371322967739,0.1339632682588111,0.4,0.025,0.6428571428571429,0.07361488651325193,0.05328737011834786,0.125,0.0072254335260115606,0.26666666666666666,0.11240542059988833,0.07479015122040722,0.2,0.012690355329949238,0.35955056179775285
networkcoindash,0.5,5.0,1.0,0.26676914648123323,0.13505757964339277,0.25,0.0,0.625,0.07569382978767551,0.05493138161712261,0.019230769230769232,0.0,0.2631578947368421,0.11541856047747269,0.07675263819030906,0.043478260869565216,0.0,0.37037037037037035
networkcoindash,0.5,5.0,2.0,0.28974702815786785,0.14344023364406905,0.2857142857142857,0.04824561403508772,0.7857142857142857,0.08219622116998335,0.058328534093949454,0.047619047619047616,0.008152173913043478,0.2894736842105263,0.1253754953468208,0.08157960464454418,0.25,0.015151515151515152,0.4074074074074074
networkcoindash,0.5,5.0,3.0,0.31844772263011145,0.1510927663202636,0.5,0.042682926829268296,0.7142857142857143,0.09021157004153678,0.06183906458469361,0.02702702702702703,0.01061320754716981,0.3,0.13765286080310635,0.08617188585380868,0.07407407407407407,0.01882845188284519,0.4074074074074074
networkcoindash,0.5,5.0,5.0,0.34913917912003567,0.14992794749468719,0.5,0.050505050505050504,0.7857142857142857,0.09833734995753024,0.06305239130969727,0.047619047619047616,0.010510510510510511,0.30952380952380953,0.15028695514570428,0.08746290136751066,0.09523809523809523,0.01869158878504673,0.4406779661016949
networkcoindash,0.75,0,0,0.1291055764513027,0.0852244775208066,0.0,0.0,0.46938775510204084,0.03837147754541227,0.03461806052766937,0.0,0.0,0.24731182795698925,0.057897957585208236,0.04818203537863124,0.0,0.0,0.32394366197183094
networkcoindash,0.75,0,0.1,0.14182028151650028,0.08340173178562851,0.14285714285714285,0.0,0.48148148148148145,0.04180453150775441,0.034539775596998015,0.0,0.0,0.21311475409836064,0.06316211731564479,0.04786636640571867,0.0,0.0,0.29545454545454547
networkcoindash,0.75,0,0.25,0.14582921417689648,0.08601963615379073,0.0,0.0,0.5,0.04321659573396361,0.03676881671089097,0.0,0.0,0.22580645161290322,0.06519698206595236,0.05067478400065932,0.0,0.0,0.29577464788732394
networkcoindash,0.75,0,0.5,0.16773247185005621,0.09531788463695756,0.14285714285714285,0.0,0.47368421052631576,0.04975966626936377,0.04053095127350056,0.0,0.0,0.20430107526881722,0.07513632934114872,0.05620505930458583,0.0,0.0,0.2696629213483146
networkcoindash,0.75,0,0.75,0.19122889736565477,0.09872463712665017,0.125,0.0,0.4897959183673469,0.05588609607605155,0.043782361119281694,0.0,0.0,0.25806451612903225,0.08462357759137257,0.059960303462856336,0.0,0.0,0.33802816901408445
networkcoindash,0.75,0,1.0,0.20932340964462012,0.10207293900759745,0.25,0.0,0.56,0.06092965074418707,0.04526987556221258,0.0,0.0,0.26881720430107525,0.09236444840552742,0.06206438120626015,0.0,0.0,0.352112676056338
networkcoindash,0.75,0,2.0,0.2988283175046263,0.11364154154443615,0.3333333333333333,0.0,0.6,0.08479692603465992,0.05115931388503115,0.125,0.0,0.26229508196721313,0.12944638647947873,0.07008749729146395,0.07142857142857142,0.0,0.36363636363636365
networkcoindash,0.75,0,3.0,0.3474416291029436,0.1310764099891565,0.5,0.0,0.75,0.09855499394736637,0.05971979519743371,0.14285714285714285,0.0,0.28125,0.15042581190191923,0.0819388766007596,0.0,0.0,0.38636363636363635
networkcoindash,0.75,0,5.0,0.37881239625143504,0.12680280049488876,0.5,0.047619047619047616,0.75,0.10655540636749392,0.05910669109999079,0.09302325581395349,0.012228260869565218,0.3076923076923077,0.16292281543908746,0.08050608683614359,0.25,0.022727272727272728,0.3902439024390244
networkcoindash,0.75,0.1,0,0.1348847000948239,0.08430985920066363,0.0,0.0,0.4489795918367347,0.040384762065969,0.036022794653223396,0.0,0.0,0.23655913978494625,0.060772517356116086,0.04936461827079349,0.0,0.0,0.30985915492957744
networkcoindash,0.75,0.1,0.1,0.1400704787915931,0.08465295114311555,0.0,0.0,0.4489795918367347,0.04100415833933651,0.03472708853648433,0.0,0.0,0.23655913978494625,0.06213301951963415,0.048411508157693524,0.0,0.0,0.30985915492957744
networkcoindash,0.75,0.1,0.25,0.14816313224014532,0.08565716670305772,0.0,0.0,0.5102040816326531,0.04386006089514228,0.03726770139964992,0.0,0.0,0.26881720430107525,0.0662376164808506,0.05121182891197085,0.0,0.0,0.352112676056338
networkcoindash,0.75,0.1,0.5,0.17269676890550367,0.08908557081240366,0.13333333333333333,0.0,0.5102040816326531,0.0504542665150319,0.03885093584747753,0.0,0.0,0.26881720430107525,0.07644567478637206,0.0534254499895112,0.0,0.0,0.352112676056338
networkcoindash,0.75,0.1,0.75,0.20144790672009585,0.10043535324871086,0.3333333333333333,0.0,0.55,0.058912082437042886,0.04505160735838917,0.0,0.0,0.3142857142857143,0.08919338510872032,0.061435989844692236,0.0,0.0,0.4
networkcoindash,0.75,0.1,1.0,0.22173916246447445,0.10018822453825334,0.3333333333333333,0.0,0.5454545454545454,0.06410300904060338,0.04443616670067841,0.09090909090909091,0.0,0.26881720430107525,0.09734485296150203,0.06093126532144332,0.07407407407407407,0.0,0.352112676056338
networkcoindash,0.75,0.1,2.0,0.30759873937532173,0.1172412006677368,0.25,0.0,0.6428571428571429,0.08780260885097727,0.05489774194018343,0.125,0.0,0.3076923076923077,0.13374310531980166,0.07462112058772435,0.1111111111111111,0.0,0.3902439024390244
networkcoindash,0.75,0.1,3.0,0.356733504203993,0.12585651034104336,0.5,0.047619047619047616,0.7142857142857143,0.10071443889885577,0.0585179621664851,0.056962025316455694,0.012907608695652174,0.2857142857142857,0.1537924455906703,0.07974026717006061,0.25,0.02398989898989899,0.38356164383561636
networkcoindash,0.75,0.1,5.0,0.382886977041261,0.1269765783754747,0.5,0.05714285714285714,0.6875,0.10784257578719053,0.060128801137341224,0.14634146341463414,0.013513513513513514,0.2857142857142857,0.16483284809167065,0.0817843485642254,0.11510791366906475,0.026315789473684213,0.39024390243902435
networkcoindash,0.75,0.25,0,0.14415366957988987,0.08542085478225189,0.0,0.0,0.4489795918367347,0.0423694515504675,0.03567630845354519,0.0,0.0,0.23655913978494625,0.06405842659847123,0.04927575528061978,0.0,0.0,0.30985915492957744
networkcoindash,0.75,0.25,0.1,0.15397692689839296,0.0939639878719641,0.0,0.0,0.5454545454545454,0.045412083560774176,0.03883172959681679,0.0,0.0,0.23655913978494625,0.0686497509481857,0.05411884323344751,0.0,0.0,0.30985915492957744
networkcoindash,0.75,0.25,0.25,0.1640778792564724,0.09019528812919092,0.09090909090909091,0.0,0.47619047619047616,0.04806535454146148,0.03774992667291556,0.0,0.0,0.22580645161290322,0.0727695897418065,0.052538232310448706,0.0,0.0,0.29577464788732394
networkcoindash,0.75,0.25,0.5,0.1921739325501488,0.09683291710840558,0.25,0.0,0.5510204081632653,0.056548926832491464,0.04271844148830008,0.0,0.0,0.2903225806451613,0.08557479684683077,0.05852282072550077,0.0,0.0,0.3802816901408451
networkcoindash,0.75,0.25,0.75,0.2087796663955858,0.09320676321240148,0.3333333333333333,0.0,0.5,0.06035161193020223,0.041136034101084434,0.034782608695652174,0.0,0.20430107526881722,0.09164094792521327,0.05641026134315702,0.13333333333333333,0.0,0.2765957446808511
networkcoindash,0.75,0.25,1.0,0.2374901594678152,0.10312936625498625,0.3333333333333333,0.0,0.5882352941176471,0.06891129135582377,0.04710934083102613,0.14285714285714285,0.0,0.25806451612903225,0.10460806142874972,0.06467406211903527,0.06666666666666667,0.0,0.33802816901408445
networkcoindash,0.75,0.25,2.0,0.31620031349586986,0.11427714365345805,0.3333333333333333,0.0,0.65,0.09001434207757887,0.05410122804898842,0.02702702702702703,0.0,0.2903225806451613,0.1371780041549184,0.07339307426737865,0.058394160583941604,0.0,0.3802816901408451
networkcoindash,0.75,0.25,3.0,0.355938582386734,0.1219525014107186,0.5,0.08571428571428572,0.7142857142857143,0.1002087597057337,0.056655026709194256,0.08536585365853659,0.010810810810810811,0.3076923076923077,0.15318676988152624,0.07719128009979909,0.25,0.021052631578947368,0.3902439024390244
networkcoindash,0.75,0.25,5.0,0.3818888138757905,0.12829188729565255,0.5,0.1,0.75,0.10767464113110023,0.060662259043758306,0.06557377049180328,0.012228260869565218,0.3076923076923077,0.16448175986956168,0.08232105360551471,0.2352941176470588,0.022727272727272728,0.40425531914893625
networkcoindash,0.75,0.5,0,0.17439356999808792,0.08704728702388,0.14285714285714285,0.0,0.5306122448979592,0.05033125049208271,0.03778349263056318,0.0,0.0,0.27956989247311825,0.07647474142943905,0.05205098082661144,0.0,0.0,0.36619718309859156
networkcoindash,0.75,0.5,0.1,0.17646060686160017,0.09127611504161869,0.16666666666666666,0.0,0.5185185185185185,0.051908535148461554,0.0411694657796002,0.0,0.0,0.2692307692307692,0.07845518489767908,0.05607924127689092,0.0,0.0,0.3414634146341463
networkcoindash,0.75,0.5,0.25,0.18832316468510013,0.08891367973098878,0.2,0.0,0.5306122448979592,0.0546614056074925,0.03999523899834557,0.04878048780487805,0.0,0.27956989247311825,0.08293082622493841,0.05485212620509369,0.0,0.0,0.36619718309859156
networkcoindash,0.75,0.5,0.5,0.20929337420654848,0.0947202401632798,0.25,0.0,0.5510204081632653,0.060068639793671816,0.0414755976430672,0.06666666666666667,0.0,0.2903225806451613,0.09130343436169382,0.05681755000356225,0.03389830508474576,0.0,0.3802816901408451
networkcoindash,0.75,0.5,0.75,0.235520240453366,0.10019327446038695,0.2857142857142857,0.0,0.5882352941176471,0.06729453283531688,0.045614802796462905,0.10714285714285714,0.0,0.27956989247311825,0.10241773526247283,0.06243767595903044,0.030769230769230767,0.0,0.36619718309859156
networkcoindash,0.75,0.5,1.0,0.2541686122705815,0.10596699995726855,0.3333333333333333,0.0,0.7037037037037037,0.0726183673075869,0.048135204683871946,0.07317073170731707,0.0,0.3114754098360656,0.11059028338450183,0.06602170890126084,0.047619047619047616,0.0,0.43181818181818177
networkcoindash,0.75,0.5,2.0,0.32509648972767974,0.1203298566110452,0.25,0.0,0.6875,0.09230317006970695,0.057129682073222526,0.09803921568627451,0.0,0.3142857142857143,0.14073082429516828,0.0774260719155866,0.08888888888888889,0.0,0.4
networkcoindash,0.75,0.5,3.0,0.3509112745569566,0.12065784379184379,0.5,0.0,0.6428571428571429,0.09947524250267813,0.05710303420173896,0.09302325581395349,0.0,0.3076923076923077,0.15180118666958511,0.0776227140567245,0.07035175879396985,0.0,0.3902439024390244
networkcoindash,0.75,0.5,5.0,0.38776985025802574,0.1317419099376199,0.5,0.08571428571428572,0.8125,0.10921964118974385,0.061841807236562935,0.08,0.012228260869565218,0.34615384615384615,0.16690496644603947,0.08397409130839668,0.2352941176470588,0.022727272727272728,0.43902439024390244
networkcoindash,0.75,0.75,0,0.18746467897743102,0.08731431737297131,0.2,0.0,0.4897959183673469,0.054342217585262864,0.038447208119510023,0.0,0.0,0.25806451612903225,0.08248332926598764,0.05300858323877283,0.0,0.0,0.33802816901408445
networkcoindash,0.75,0.75,0.1,0.19885931984790026,0.09422750073473828,0.14285714285714285,0.0,0.5555555555555556,0.05766430913745049,0.04131630481100975,0.0,0.0,0.24731182795698925,0.08751813373017334,0.056913913988815214,0.07407407407407407,0.0,0.32394366197183094
networkcoindash,0.75,0.75,0.25,0.2086850513200786,0.09446093371599452,0.25,0.04,0.5333333333333333,0.060830315860190755,0.044467956322131075,0.14285714285714285,0.008108108108108109,0.3076923076923077,0.09215708545842106,0.06029312414239104,0.0851063829787234,0.015151515151515152,0.3902439024390244
networkcoindash,0.75,0.75,0.5,0.22900255941114686,0.09672806949332952,0.25,0.0,0.5555555555555556,0.06577248554729688,0.04411804658539321,0.07317073170731707,0.0,0.26881720430107525,0.10005670612285263,0.060442412885482896,0.0,0.0,0.352112676056338
networkcoindash,0.75,0.75,0.75,0.25304012640005036,0.10614921770187069,0.3333333333333333,0.02857142857142857,0.5769230769230769,0.07292207120800737,0.04924131113094195,0.02631578947368421,0.007472826086956522,0.25,0.11077713855381408,0.06726837193424101,0.16,0.013888888888888888,0.3448275862068965
networkcoindash,0.75,0.75,1.0,0.2688386529593629,0.10542171511638852,0.3333333333333333,0.05714285714285714,0.6470588235294118,0.07641897040312332,0.04803468015583323,0.0392156862745098,0.00945945945945946,0.27956989247311825,0.1164724731672505,0.0656020324743783,0.09523809523809523,0.01842105263157895,0.36619718309859156
networkcoindash,0.75,0.75,2.0,0.3298257316189605,0.11778548953380048,0.3333333333333333,0.02857142857142857,0.6363636363636364,0.09356666827803034,0.05553294432750188,0.06097560975609756,0.008152173913043478,0.26881720430107525,0.14276745280174802,0.0757172150828116,0.3,0.015151515151515152,0.352112676056338
networkcoindash,0.75,0.75,3.0,0.3611476254386834,0.12356790823476721,0.5,0.08571428571428572,0.7142857142857143,0.10188969414383378,0.05737736864991208,0.125,0.012162162162162163,0.26666666666666666,0.1557161657045656,0.0784295539091369,0.25,0.02368421052631579,0.37288135593220334
networkcoindash,0.75,0.75,5.0,0.38502885608674214,0.12519645703281346,0.5,0.08571428571428572,0.7857142857142857,0.10856467746625972,0.05997990716336683,0.09302325581395349,0.014864864864864866,0.2857142857142857,0.16585730272561766,0.08135339012820562,0.1348314606741573,0.02894736842105264,0.38636363636363635
networkcoindash,0.75,1.0,0,0.206651611501182,0.09199954271840402,0.3333333333333333,0.0,0.5,0.05969448613644065,0.04120582098629613,0.03333333333333333,0.0,0.24731182795698925,0.09069005415800688,0.05664924350867865,0.0,0.0,0.32394366197183094
networkcoindash,0.75,1.0,0.1,0.21528056140966687,0.09320665365260118,0.14285714285714285,0.0,0.5555555555555556,0.06207337185096421,0.04320366682977769,0.04878048780487805,0.0,0.24731182795698925,0.0942616064815454,0.058956324043749064,0.16,0.0,0.3409090909090909
networkcoindash,0.75,1.0,0.25,0.2270152089859019,0.0992689444764323,0.18181818181818182,0.0,0.5625,0.06493182119345951,0.04382227778626744,0.058823529411764705,0.0,0.25806451612903225,0.09883724329946009,0.06041572635808653,0.043478260869565216,0.0,0.33802816901408445
networkcoindash,0.75,1.0,0.5,0.24070772358681894,0.09888486290254297,0.25,0.0,0.6,0.06913376082843857,0.04783259565741926,0.047619047619047616,0.0,0.34615384615384615,0.10507796258882154,0.06447750643183987,0.13333333333333333,0.0,0.43902439024390244
networkcoindash,0.75,1.0,0.75,0.26103185375754057,0.10899851925538175,0.3,0.0,0.625,0.07482854676884529,0.05047157564692711,0.02631578947368421,0.0,0.2903225806451613,0.11379611530132189,0.06884876758484561,0.07407407407407407,0.0,0.3802816901408451
networkcoindash,0.75,1.0,1.0,0.28035494701454744,0.1050691228261027,0.3333333333333333,0.0,0.5882352941176471,0.0796797976791627,0.04961197665744911,0.125,0.0,0.24561403508771928,0.12146913253231573,0.06760658481428554,0.2,0.0,0.3414634146341463
networkcoindash,0.75,1.0,2.0,0.32914318867106895,0.11628686879347848,0.5,0.02857142857142857,0.6333333333333333,0.09324534866057146,0.05477562931391813,0.09090909090909091,0.010190217391304348,0.28125,0.14230768753594317,0.07449768225480659,0.09523809523809523,0.01785714285714286,0.3829787234042553
networkcoindash,0.75,1.0,3.0,0.36459318713677563,0.12747779583524185,0.5,0.09523809523809523,0.7222222222222222,0.10306954659702636,0.06040345083853198,0.09302325581395349,0.009510869565217392,0.3142857142857143,0.15732527208122277,0.08181081391283716,0.1352657004830918,0.017676767676767676,0.4333333333333334
networkcoindash,0.75,1.0,5.0,0.3866092956775789,0.12946390585877388,0.5,0.09375,0.7142857142857143,0.10878667520718795,0.060565023880805334,0.047619047619047616,0.01300578034682081,0.3,0.1662679144039452,0.08226619844982244,0.11055276381909547,0.02284263959390863,0.40449438202247195
networkcoindash,0.75,2.0,0,0.24986545546241304,0.09563814303880575,0.3333333333333333,0.0661764705882353,0.5,0.07132220209043527,0.04441849082748012,0.125,0.0099241097489784,0.23655913978494625,0.10861636233398751,0.06061126964116469,0.037037037037037035,0.01866081229418222,0.30985915492957744
networkcoindash,0.75,2.0,0.1,0.25037524407044953,0.10319636006046831,0.25,0.0661764705882353,0.5217391304347826,0.07134493352834911,0.045502234486393935,0.04,0.007589025102159953,0.23655913978494625,0.10870933565803582,0.0626037484926839,0.08333333333333333,0.014270032930845226,0.30985915492957744
networkcoindash,0.75,2.0,0.25,0.25660795575999185,0.10447113979516195,0.3333333333333333,0.0,0.55,0.07235268402371085,0.045561174367283,0.0547945205479452,0.0,0.23655913978494625,0.11049494489473771,0.0627776241010355,0.047619047619047616,0.0,0.30985915492957744
networkcoindash,0.75,2.0,0.5,0.27501712716070276,0.1052773502327917,0.3333333333333333,0.0661764705882353,0.6428571428571429,0.07806173567761092,0.0480284021834405,0.0975609756097561,0.010507880910683012,0.25806451612903225,0.11902815771385225,0.0657552811621303,0.08333333333333333,0.01975850713501647,0.3404255319148936
networkcoindash,0.75,2.0,0.75,0.28460833895411175,0.11029286322673273,0.3333333333333333,0.08088235294117647,0.6428571428571429,0.08137986771557362,0.051997607325128585,0.125,0.008831521739130434,0.2692307692307692,0.12382819418092754,0.07058365381403674,0.061855670103092786,0.016414141414141412,0.36666666666666675
networkcoindash,0.75,2.0,1.0,0.29569524680194625,0.11898137311642858,0.3333333333333333,0.05714285714285714,0.7142857142857143,0.08442130099236293,0.05367002718978528,0.047619047619047616,0.008152173913043478,0.2631578947368421,0.12855711875371556,0.07365331988440493,0.07407407407407407,0.015151515151515152,0.37037037037037035
networkcoindash,0.75,2.0,2.0,0.34057979734826477,0.12333013115106196,0.5,0.09375,0.65,0.09686750441757845,0.0578198562216533,0.06153846153846154,0.01154891304347826,0.3076923076923077,0.14769235181594875,0.07874412337001022,0.07142857142857142,0.02146464646464646,0.3902439024390244
networkcoindash,0.75,2.0,3.0,0.36123386585472633,0.12528842331960385,0.5,0.08571428571428572,0.6785714285714286,0.10226931946960816,0.05928602469194441,0.08,0.010869565217391304,0.34615384615384615,0.156084076531634,0.08044058689042553,0.13333333333333333,0.020202020202020204,0.43902439024390244
networkcoindash,0.75,2.0,5.0,0.38772792960275926,0.1268124722889979,0.5,0.09523809523809523,0.7857142857142857,0.10879373346376114,0.058999473565734935,0.25,0.015178050204319907,0.2857142857142857,0.16638814364784152,0.08024421691955083,0.13333333333333333,0.027918781725888325,0.380952380952381
networkcoindash,0.75,3.0,0,0.25351142854029574,0.09569222354878282,0.3333333333333333,0.051470588235294115,0.5,0.07138803651943915,0.043020244405460206,0.11538461538461539,0.009510869565217392,0.25806451612903225,0.10906921567032271,0.05899311805948618,0.16,0.017676767676767676,0.33802816901408445
networkcoindash,0.75,3.0,0.1,0.25942248088401704,0.10462958413689764,0.3333333333333333,0.061224489795918366,0.5625,0.07377464058240125,0.047099160991316204,0.14285714285714285,0.008172796263864565,0.25806451612903225,0.11244666695573363,0.06472630517702438,0.16,0.015367727771679473,0.33802816901408445
networkcoindash,0.75,3.0,0.25,0.2726952719136331,0.10850205928061157,0.3333333333333333,0.05102040816326531,0.5625,0.07686355341499375,0.04757637638745206,0.06976744186046512,0.008172796263864565,0.24731182795698925,0.11745058749732203,0.06576971675358947,0.04522613065326633,0.015367727771679473,0.3333333333333333
networkcoindash,0.75,3.0,0.5,0.27917039203294,0.10919917900066825,0.3333333333333333,0.05714285714285714,0.625,0.07914242062756553,0.04954067237438101,0.125,0.010507880910683012,0.2631578947368421,0.12070523217930251,0.06769005260194981,0.18666666666666668,0.01975850713501647,0.37037037037037035
networkcoindash,0.75,3.0,0.75,0.29028073937178206,0.11260161796829603,0.3333333333333333,0.05714285714285714,0.625,0.08228582894465884,0.05020799919042624,0.04878048780487805,0.010190217391304348,0.2631578947368421,0.1255913497656491,0.0692101101634672,0.06666666666666667,0.01893939393939394,0.37037037037037035
networkcoindash,0.75,3.0,1.0,0.2987734565013665,0.11682175733137379,0.5,0.05714285714285714,0.6875,0.08419583109028776,0.05056626670743041,0.125,0.010190217391304348,0.24731182795698925,0.12863510028312328,0.06991332639678324,0.0847457627118644,0.01893939393939394,0.3492063492063492
networkcoindash,0.75,3.0,2.0,0.3386033190011916,0.12263008411125675,0.5,0.09090909090909091,0.7857142857142857,0.09572889152870134,0.05610000832631125,0.12195121951219512,0.01154891304347826,0.3076923076923077,0.14612249857796067,0.07651135607463871,0.10204081632653061,0.02146464646464646,0.3902439024390244
networkcoindash,0.75,3.0,3.0,0.36034607945966973,0.12697421126067443,0.5,0.09523809523809523,0.7857142857142857,0.101799168706043,0.05922563362072262,0.16666666666666666,0.010869565217391304,0.3076923076923077,0.1554222758662822,0.08052871217325808,0.2,0.020202020202020204,0.3902439024390244
networkcoindash,0.75,3.0,5.0,0.3889110213943113,0.12967096369176886,0.5,0.1,0.6875,0.1095432899419071,0.06049252001843804,0.05405405405405406,0.014594279042615295,0.2894736842105263,0.16742350681060678,0.08240207458137846,0.26666666666666666,0.027442371020856202,0.4074074074074074
networkcoindash,0.75,5.0,0,0.24017542445114615,0.12222487664111271,0.2,0.025,0.5714285714285714,0.06772199574525632,0.048050995642063256,0.125,0.006793478260869565,0.23684210526315788,0.10336721663273163,0.06744868252604302,0.07407407407407408,0.012626262626262624,0.3333333333333333
networkcoindash,0.75,5.0,0.1,0.2437830648185451,0.12600636746472282,0.3333333333333333,0.030303030303030304,0.625,0.06894160327612475,0.0498994533129322,0.09090909090909091,0.007472826086956522,0.2631578947368421,0.10519640846975695,0.07011676233712194,0.06451612903225806,0.012820512820512822,0.37037037037037035
networkcoindash,0.75,5.0,0.25,0.25049288934624137,0.12487185525744317,0.25,0.0136986301369863,0.625,0.07104331262997311,0.05080191187681943,0.0975609756097561,0.003076923076923077,0.2631578947368421,0.10833272207770032,0.07102086027789441,0.16,0.005025125628140703,0.37037037037037035
networkcoindash,0.75,5.0,0.5,0.2575513113010358,0.13611092886135487,0.5,0.025,0.6875,0.07270983995298338,0.053325513508247345,0.047619047619047616,0.006153846153846154,0.2894736842105263,0.11098436447324567,0.07513508969094253,0.05555555555555556,0.010050251256281405,0.4074074074074074
networkcoindash,0.75,5.0,0.75,0.26481560127737713,0.13395450029278938,0.3333333333333333,0.04,0.6875,0.07500118992483219,0.05341613627520285,0.125,0.008831521739130434,0.2894736842105263,0.11440398804313573,0.074915632168815,0.043478260869565216,0.016414141414141412,0.4074074074074074
networkcoindash,0.75,5.0,1.0,0.26740515272535037,0.13428239968193814,0.25,0.025,0.7142857142857143,0.07557200054625846,0.05278127389382393,0.02564102564102564,0.008831521739130434,0.24242424242424243,0.11541284987506169,0.07447579325383452,0.043478260869565216,0.013157894736842103,0.3404255319148936
networkcoindash,0.75,5.0,2.0,0.2963524229159248,0.14144146486605577,0.5,0.04878048780487805,0.7857142857142857,0.0838449656975287,0.057214997333332955,0.047619047619047616,0.010115606936416185,0.3076923076923077,0.12797717170947917,0.07997842237588605,0.08955223880597016,0.017766497461928935,0.3902439024390244
networkcoindash,0.75,5.0,3.0,0.3177229472115594,0.14405304932345295,0.5,0.042682926829268296,0.7142857142857143,0.08928779313699556,0.05853668337945773,0.047619047619047616,0.010115606936416185,0.2894736842105263,0.13652001001249622,0.08176249722595652,0.14285714285714285,0.017766497461928935,0.4074074074074074
networkcoindash,0.75,5.0,5.0,0.35575616781974184,0.1464749069333406,0.5,0.04824561403508772,0.75,0.09995532601652823,0.06204445895767692,0.07142857142857142,0.01154891304347826,0.3157894736842105,0.1528463068543251,0.08601760763937688,0.09523809523809523,0.02146464646464646,0.44444444444444436
networkcoindash,1.0,0,0,0.11697100808463447,0.07554525944734918,0.0,0.0,0.3877551020408163,0.03449503109699043,0.03064532955089658,0.0,0.0,0.20430107526881722,0.052154480317736125,0.04276718360124009,0.0,0.0,0.2676056338028169
networkcoindash,1.0,0,0.1,0.12641108701703815,0.07794556267582456,0.0,0.0,0.40816326530612246,0.03714059630487185,0.03186432726448186,0.0,0.0,0.21505376344086022,0.05618856503480754,0.044349000873555595,0.0,0.0,0.28169014084507044
networkcoindash,1.0,0,0.25,0.1325245937473304,0.07734110938381594,0.125,0.0,0.40816326530612246,0.038700863474319586,0.03151604181082378,0.0,0.0,0.21505376344086022,0.05865504827525219,0.0438098112379315,0.0,0.0,0.28169014084507044
networkcoindash,1.0,0,0.5,0.15186173286263818,0.08304183574518406,0.0,0.0,0.46938775510204084,0.044803704935605676,0.036213321950365286,0.0,0.0,0.24731182795698925,0.06775536183505937,0.04986338252179835,0.0,0.0,0.32394366197183094
networkcoindash,1.0,0,0.75,0.1740968648317482,0.09206178153636375,0.0,0.0,0.4489795918367347,0.05031072559984464,0.0376461597652869,0.0,0.0,0.23655913978494625,0.07643482592079558,0.05244745054160196,0.0,0.0,0.30985915492957744
networkcoindash,1.0,0,1.0,0.1960291336922035,0.10032286918934348,0.2,0.0,0.5,0.05703496544173988,0.04326665432471393,0.0,0.0,0.24731182795698925,0.08653165935298719,0.05980912398636799,0.0,0.0,0.32394366197183094
networkcoindash,1.0,0,2.0,0.2869676195407353,0.11409555594926557,0.25,0.0,0.6875,0.08150457375797865,0.051116209185598165,0.0,0.0,0.25,0.12435575426553502,0.07021251552278876,0.0,0.0,0.3492063492063492
networkcoindash,1.0,0,3.0,0.34429005046528777,0.12090872831261446,0.5,0.02857142857142857,0.7142857142857143,0.09754334838807255,0.057164830862229635,0.07692307692307693,0.012228260869565218,0.3076923076923077,0.14887007013823278,0.07768972843605626,0.25,0.01785714285714286,0.3943661971830986
networkcoindash,1.0,0,5.0,0.37953667689749304,0.12773162746400882,0.5,0.0,0.8125,0.10665156794882193,0.0594819077053215,0.09302325581395349,0.0,0.2765957446808511,0.1630893519027932,0.08114899012882222,0.25,0.0,0.4126984126984127
networkcoindash,1.0,0.1,0,0.12640784690070325,0.0723424975751493,0.0,0.0,0.36363636363636365,0.0368546503367044,0.02858492068202991,0.0,0.0,0.1827956989247312,0.05583878792396329,0.0399064781950109,0.0,0.0,0.23943661971830985
networkcoindash,1.0,0.1,0.1,0.12778115436646367,0.07628284052918503,0.0,0.0,0.5,0.03730222450310289,0.030993801217150112,0.0,0.0,0.22580645161290322,0.05651140066528575,0.04328977831202673,0.0,0.0,0.29577464788732394
networkcoindash,1.0,0.1,0.25,0.13880990269993376,0.08499298328738827,0.0,0.0,0.4897959183673469,0.041253229774233,0.03592948840629057,0.0,0.0,0.25806451612903225,0.062267715952188184,0.04972498570288308,0.0,0.0,0.33802816901408445
networkcoindash,1.0,0.1,0.5,0.15875286385390994,0.08804545776825022,0.0,0.0,0.45,0.046799673430153926,0.037758768197922524,0.0,0.0,0.23655913978494625,0.07076643167486785,0.0522532148417298,0.0,0.0,0.30985915492957744
networkcoindash,1.0,0.1,0.75,0.18569526863842875,0.09279395412703678,0.14285714285714285,0.0,0.5384615384615384,0.05382094500955723,0.04065747021355819,0.058823529411764705,0.0,0.25806451612903225,0.08162317929205426,0.055929979192724355,0.1176470588235294,0.0,0.33802816901408445
networkcoindash,1.0,0.1,1.0,0.2098275432943528,0.10013506124527145,0.14285714285714285,0.0,0.5333333333333333,0.06116620652293457,0.04465234377773619,0.07317073170731707,0.0,0.25,0.0926634683456031,0.0610104539289144,0.0,0.0,0.3404255319148936
networkcoindash,1.0,0.1,2.0,0.294030708580708,0.11021918292372755,0.3333333333333333,0.0,0.6111111111111112,0.08382480861997835,0.052680500773410056,0.025974025974025976,0.0,0.2857142857142857,0.12769867496135323,0.07139417015827008,0.08888888888888889,0.0,0.36666666666666675
networkcoindash,1.0,0.1,3.0,0.3488578065410156,0.1246929240970097,0.25,0.02857142857142857,0.7058823529411765,0.09896471555823315,0.05844671126310397,0.12121212121212122,0.010869565217391304,0.2857142857142857,0.1510123716471981,0.07979199556353933,0.09523809523809523,0.01785714285714286,0.4067796610169491
networkcoindash,1.0,0.1,5.0,0.3784150175085718,0.12953414880318717,0.5,0.0,0.8125,0.10640740225936739,0.06059124608211812,0.05501618122977346,0.0,0.34615384615384615,0.16270070936596442,0.08239029932674019,0.2352941176470588,0.0,0.43902439024390244
networkcoindash,1.0,0.25,0,0.1285419999061629,0.07782019748912515,0.0,0.0,0.3673469387755102,0.03780216017832081,0.031371439164928475,0.0,0.0,0.1935483870967742,0.05714620325300115,0.043757345431133285,0.0,0.0,0.2535211267605634
networkcoindash,1.0,0.25,0.1,0.14616562136912936,0.08315630489139038,0.125,0.0,0.4375,0.043166067040987986,0.03492430255001658,0.0,0.0,0.20430107526881722,0.0652082514706445,0.04836715999391668,0.0,0.0,0.2676056338028169
networkcoindash,1.0,0.25,0.25,0.14904770498606967,0.08219428315297339,0.0,0.0,0.4897959183673469,0.0430502080853924,0.033974191407272626,0.0,0.0,0.25806451612903225,0.06532063932938346,0.046978377975301515,0.0,0.0,0.33802816901408445
networkcoindash,1.0,0.25,0.5,0.17342092289146893,0.08784468403982404,0.14285714285714285,0.0,0.46938775510204084,0.05053833585617035,0.03815666527033122,0.0,0.0,0.24731182795698925,0.07666352874588347,0.05250861481679537,0.0,0.0,0.32394366197183094
networkcoindash,1.0,0.25,0.75,0.20002581356594326,0.09632869539317274,0.2,0.0,0.5555555555555556,0.058216733944950964,0.04329457763590334,0.02702702702702703,0.0,0.2459016393442623,0.08827282368454205,0.0593665401529309,0.047619047619047616,0.0,0.3409090909090909
networkcoindash,1.0,0.25,1.0,0.2188640239546207,0.10151069885686352,0.2,0.0,0.6,0.06298002899285521,0.04378000250442854,0.125,0.0,0.25,0.09576578171075978,0.060435302909288016,0.18181818181818182,0.0,0.33707865168539325
networkcoindash,1.0,0.25,2.0,0.30433228426752057,0.11800614560143542,0.25,0.02857142857142857,0.6428571428571429,0.08633539945586063,0.05368317538539992,0.06666666666666667,0.006793478260869565,0.26881720430107525,0.13169676054278653,0.0734230941336802,0.18181818181818182,0.012626262626262624,0.36363636363636365
networkcoindash,1.0,0.25,3.0,0.3521900252633541,0.11881470587745986,0.5,0.1,0.7142857142857143,0.0992987632738221,0.05567406984727506,0.125,0.013513513513513514,0.2833333333333333,0.15175470232083668,0.07592251618546354,0.25,0.026315789473684213,0.38202247191011235
networkcoindash,1.0,0.25,5.0,0.3783907375379119,0.13076385812242994,0.5,0.09523809523809523,0.75,0.10621447434356278,0.05938596797905511,0.25,0.012907608695652174,0.2692307692307692,0.16247989069110974,0.08129459063478388,0.1111111111111111,0.02398989898989899,0.380952380952381
networkcoindash,1.0,0.5,0,0.1562073017171419,0.08153511404508904,0.2,0.0,0.4444444444444444,0.04542568602479774,0.034156367356701606,0.0,0.0,0.1935483870967742,0.06890544857872329,0.04730033078240692,0.0,0.0,0.25531914893617025
networkcoindash,1.0,0.5,0.1,0.1640657957977555,0.08493639358342188,0.2,0.0,0.5102040816326531,0.0479007643443878,0.03679669638971178,0.0,0.0,0.26881720430107525,0.07262426532443546,0.05065326581719473,0.0,0.0,0.352112676056338
networkcoindash,1.0,0.5,0.25,0.1767836342812261,0.0874951644031897,0.2,0.0,0.47058823529411764,0.0513748909330954,0.037916426585012354,0.0,0.0,0.22580645161290322,0.0779606631414002,0.05230303086388627,0.0,0.0,0.29577464788732394
networkcoindash,1.0,0.5,0.5,0.1981257866273986,0.09658751314164139,0.14285714285714285,0.0,0.5357142857142857,0.0575619254343159,0.0433762682772839,0.0,0.0,0.24731182795698925,0.08720171770464691,0.05918804535221958,0.0,0.0,0.32394366197183094
networkcoindash,1.0,0.5,0.75,0.2210056802403913,0.09823212998535581,0.25,0.0,0.5,0.06297668743624865,0.042274341905872134,0.0,0.0,0.24731182795698925,0.09603306901936566,0.058697930486261686,0.0,0.0,0.32394366197183094
networkcoindash,1.0,0.5,1.0,0.2443123919610894,0.09903834074746944,0.25,0.047619047619047616,0.53125,0.06999924429181764,0.045176717794951124,0.14285714285714285,0.008152173913043478,0.23655913978494625,0.10645276164714527,0.06161361608733446,0.15384615384615385,0.015151515151515152,0.30985915492957744
networkcoindash,1.0,0.5,2.0,0.31791536844513124,0.11655404163410046,0.3333333333333333,0.02857142857142857,0.68,0.09049674682107958,0.05596343019695965,0.19230769230769232,0.010869565217391304,0.3142857142857143,0.13790744358555326,0.07593359011683128,0.0606060606060606,0.01785714285714286,0.4
networkcoindash,1.0,0.5,3.0,0.35473021077424227,0.12384369316471588,0.5,0.0,0.75,0.10014856865088646,0.05754596960816128,0.09302325581395349,0.0,0.3142857142857143,0.15296231545368566,0.07841506675593417,0.25,0.0,0.4
networkcoindash,1.0,0.5,5.0,0.3867992080980298,0.12980024387900527,0.5,0.08571428571428572,0.8125,0.10872534047065871,0.061084537292382446,0.08,0.012907608695652174,0.3118279569892473,0.16620522982934194,0.08295551891013707,0.09523809523809523,0.02398989898989899,0.4126984126984127
networkcoindash,1.0,0.75,0,0.17666583630576566,0.08511256340895475,0.125,0.0,0.4897959183673469,0.050439768763491995,0.03653732589302956,0.0,0.0,0.25806451612903225,0.07681482017381182,0.05054141397422405,0.0,0.0,0.33802816901408445
networkcoindash,1.0,0.75,0.1,0.17576525842584523,0.084181925328707,0.16666666666666666,0.0,0.4375,0.050386043467122076,0.03668623609585625,0.0,0.0,0.22580645161290322,0.0766372709002234,0.050537842033682404,0.0,0.0,0.29577464788732394
networkcoindash,1.0,0.75,0.25,0.1962802476728226,0.08872857488101868,0.2,0.0,0.5,0.05630001023058702,0.038898090660236195,0.0,0.0,0.22580645161290322,0.08572212268168473,0.05370844983426631,0.0,0.0,0.29577464788732394
networkcoindash,1.0,0.75,0.5,0.22036545521306047,0.09667772447284238,0.3333333333333333,0.0,0.5,0.06320199928332247,0.04365061975413005,0.125,0.0,0.25806451612903225,0.09619437133562908,0.0598259329663069,0.0,0.0,0.33802816901408445
networkcoindash,1.0,0.75,0.75,0.24041032713296076,0.10145740194106073,0.3333333333333333,0.0,0.52,0.06885865837128034,0.04624793504865942,0.125,0.0,0.2571428571428571,0.10472250761307723,0.0631602090519039,0.2,0.0,0.32727272727272727
networkcoindash,1.0,0.75,1.0,0.2596676516387834,0.10355572422872959,0.25,0.0,0.6111111111111112,0.07329358859683716,0.04520281656156272,0.125,0.0,0.2619047619047619,0.11188481218911045,0.0623228470133106,0.07843137254901962,0.0,0.36666666666666675
networkcoindash,1.0,0.75,2.0,0.3201667312472832,0.1163711570934178,0.3333333333333333,0.02857142857142857,0.65,0.09093684109224484,0.05477891512478807,0.12195121951219512,0.008152173913043478,0.3142857142857143,0.1386990519564233,0.07464439352774084,0.09876543209876543,0.015151515151515152,0.4
networkcoindash,1.0,0.75,3.0,0.35735400492036173,0.1274883511346237,0.5,0.08571428571428572,0.7142857142857143,0.10118429880948414,0.058983428667987975,0.09230769230769231,0.010869565217391304,0.30303030303030304,0.15445290924115979,0.08055391261974597,0.08333333333333333,0.020202020202020204,0.42553191489361697
networkcoindash,1.0,0.75,5.0,0.38202444965615123,0.12961326253862684,0.5,0.05714285714285714,0.8125,0.10718335712852156,0.059560636316777237,0.16666666666666666,0.014864864864864866,0.3142857142857143,0.1639660904037337,0.08127182288531447,0.09523809523809523,0.027777777777777776,0.4126984126984127
networkcoindash,1.0,1.0,0,0.19480354327951638,0.08398536108326579,0.16666666666666666,0.0,0.4375,0.055420844865677374,0.03733635890001679,0.03076923076923077,0.0,0.21505376344086022,0.08440230812243665,0.05111180952767432,0.2,0.0,0.28169014084507044
networkcoindash,1.0,1.0,0.1,0.2018066597460862,0.08425486748869694,0.16666666666666666,0.0,0.5306122448979592,0.05749646171649286,0.038306791211410916,0.0,0.0,0.27956989247311825,0.0875651217054716,0.052237799960555234,0.0,0.0,0.36619718309859156
networkcoindash,1.0,1.0,0.25,0.21949934430347684,0.08863544929027242,0.2,0.0,0.5384615384615384,0.06240016176497497,0.04045420361290396,0.021021021021021023,0.0,0.22950819672131148,0.09511208117507308,0.05547578312225847,0.2,0.0,0.3218390804597701
networkcoindash,1.0,1.0,0.5,0.2351757634971131,0.09746132755232136,0.2222222222222222,0.0,0.5102040816326531,0.06658918623508725,0.043442913502900374,0.018867924528301886,0.0,0.26881720430107525,0.10157172987440947,0.05935849398248227,0.06666666666666667,0.0,0.352112676056338
networkcoindash,1.0,1.0,0.75,0.24756803949552594,0.09935993706201413,0.3333333333333333,0.0,0.5,0.07097044204856813,0.045605812109583775,0.125,0.0,0.2692307692307692,0.10796247102589004,0.062277326432036643,0.07246376811594203,0.0,0.3414634146341463
networkcoindash,1.0,1.0,1.0,0.26916870154355066,0.10954206920266327,0.25,0.047619047619047616,0.5882352941176471,0.07699863768324053,0.05110479908055712,0.047619047619047616,0.010810810810810811,0.3010752688172043,0.11714408039158247,0.06958763976078511,0.05357142857142857,0.021052631578947368,0.3943661971830986
networkcoindash,1.0,1.0,2.0,0.32238267878903837,0.1169020286657436,0.5,0.07142857142857142,0.6428571428571429,0.09100499003668473,0.053716021868137696,0.047619047619047616,0.008831521739130434,0.2786885245901639,0.13901936720105523,0.07330612503762324,0.25,0.016414141414141412,0.38636363636363635
networkcoindash,1.0,1.0,3.0,0.3520718763907476,0.11881677421311337,0.5,0.05714285714285714,0.7058823529411765,0.09925395492781922,0.05641474947415164,0.07142857142857142,0.012228260869565218,0.2857142857142857,0.15166772762519726,0.0768548196162192,0.25,0.022727272727272728,0.4067796610169491
networkcoindash,1.0,1.0,5.0,0.38703349907140283,0.13053786174043394,0.5,0.09523809523809523,0.7142857142857143,0.10888415996597456,0.060956201737219176,0.05405405405405406,0.015178050204319907,0.3076923076923077,0.166457638169569,0.08310033036082413,0.32,0.02854006586169045,0.4074074074074074
networkcoindash,1.0,2.0,0,0.2360987441157508,0.09700047356261657,0.16666666666666666,0.0,0.5714285714285714,0.06682397027822562,0.04284501832468468,0.02631578947368421,0.0,0.22580645161290322,0.1019299552979371,0.059001237833139424,0.2,0.0,0.3116883116883116
networkcoindash,1.0,2.0,0.1,0.24080165206581933,0.10104057628241894,0.3333333333333333,0.02857142857142857,0.5,0.06823015490861241,0.043827973355370704,0.046153846153846156,0.009510869565217392,0.23076923076923078,0.10406826650612352,0.060452683275196956,0.16,0.017094017094017096,0.29268292682926833
networkcoindash,1.0,2.0,0.25,0.2439913580072858,0.09598880243947855,0.3333333333333333,0.02857142857142857,0.5555555555555556,0.0687882483513785,0.042577166803805785,0.0975609756097561,0.007472826086956522,0.23809523809523808,0.10506927833799234,0.05860782824435298,0.15384615384615385,0.013888888888888888,0.33333333333333326
networkcoindash,1.0,2.0,0.5,0.26417687307869187,0.11412370593462122,0.25,0.0,0.5769230769230769,0.07504066567328095,0.04923106101539936,0.037037037037037035,0.0,0.25806451612903225,0.11448220161279249,0.06835142749586909,0.16,0.0,0.3448275862068965
networkcoindash,1.0,2.0,0.75,0.27121788660224483,0.10846087803742148,0.25,0.02857142857142857,0.5769230769230769,0.07683457368804657,0.048223140358367333,0.14285714285714285,0.010190217391304348,0.24731182795698925,0.11720109656686517,0.06611165551622675,0.07142857142857142,0.01785714285714286,0.3404255319148936
networkcoindash,1.0,2.0,1.0,0.2874367732317877,0.11151316515044445,0.3333333333333333,0.02857142857142857,0.5714285714285714,0.08129295074521121,0.04921147889532352,0.047619047619047616,0.010869565217391304,0.25806451612903225,0.12404011782638959,0.06756826197330866,0.07407407407407408,0.01785714285714286,0.3409090909090909
networkcoindash,1.0,2.0,2.0,0.3294335342768093,0.12503087697324725,0.5,0.05714285714285714,0.6875,0.09328299338641688,0.05645805045882506,0.047619047619047616,0.01154891304347826,0.2894736842105263,0.14240345245416097,0.07771450927789277,0.07114624505928854,0.02146464646464646,0.4074074074074074
networkcoindash,1.0,2.0,3.0,0.3603383623907366,0.12590216690262826,0.5,0.09523809523809523,0.6875,0.10177905594357543,0.058755869826252055,0.047619047619047616,0.012228260869565218,0.3142857142857143,0.15545819304189645,0.08004718403439791,0.09523809523809523,0.022727272727272728,0.4074074074074074
networkcoindash,1.0,2.0,5.0,0.38634188092153987,0.12748821683964387,0.5,0.08571428571428572,0.75,0.10879142710098683,0.05985050210335551,0.09523809523809523,0.014266304347826086,0.2857142857142857,0.16624269488304447,0.08132018701014161,0.12903225806451613,0.026515151515151512,0.39024390243902435
networkcoindash,1.0,3.0,0,0.2505170629146618,0.1028673051590081,0.3333333333333333,0.07142857142857142,0.5625,0.0707569822215708,0.044611276976004255,0.14285714285714285,0.010115606936416185,0.23684210526315788,0.10803898993842405,0.06178130394100965,0.0641025641025641,0.017766497461928935,0.3333333333333333
networkcoindash,1.0,3.0,0.1,0.25604808504119897,0.1058528547889487,0.3333333333333333,0.02857142857142857,0.5384615384615384,0.07262969373656603,0.046957081252371746,0.125,0.008108108108108109,0.25,0.11079439005573051,0.06472764085054608,0.2,0.015789473684210527,0.3404255319148936
networkcoindash,1.0,3.0,0.25,0.26012111658554304,0.10608954155209419,0.25,0.05714285714285714,0.5714285714285714,0.07352766845133778,0.046700778705916705,0.0975609756097561,0.010869565217391304,0.24242424242424243,0.11220440742690539,0.0641723604863723,0.15384615384615385,0.020202020202020204,0.3404255319148936
networkcoindash,1.0,3.0,0.5,0.2691769458657259,0.10989231184070558,0.3333333333333333,0.05714285714285714,0.6071428571428571,0.07592980438001329,0.04750212952077079,0.14285714285714285,0.010190217391304348,0.25757575757575757,0.11597050808289384,0.06573651516040033,0.18181818181818182,0.01893939393939394,0.3617021276595745
networkcoindash,1.0,3.0,0.75,0.282323461222878,0.11410319614888954,0.4,0.02857142857142857,0.5625,0.08001721696083143,0.05088169396356079,0.047619047619047616,0.009340338587273789,0.2692307692307692,0.12207791958249826,0.0698785123264604,0.0684931506849315,0.01756311745334797,0.35955056179775285
networkcoindash,1.0,3.0,1.0,0.2925568305180741,0.11373151451283763,0.3333333333333333,0.0663265306122449,0.6428571428571429,0.0826893380169543,0.05024321918675286,0.06097560975609756,0.010869565217391304,0.2571428571428571,0.1262764526217629,0.0692636320848729,0.05533596837944664,0.020202020202020204,0.3404255319148936
networkcoindash,1.0,3.0,2.0,0.32918820261669834,0.12045195600381504,0.5,0.08571428571428572,0.6428571428571429,0.0930541694414925,0.05467343514635821,0.08139534883720931,0.012228260869565218,0.2631578947368421,0.1420827194155679,0.0749488529674036,0.13793103448275862,0.022727272727272728,0.36585365853658536
networkcoindash,1.0,3.0,3.0,0.3582297066341059,0.1283858315752273,0.5,0.1,0.7857142857142857,0.10116361035256649,0.05910967228819443,0.06329113924050633,0.011091652072387624,0.3076923076923077,0.15451751269252303,0.08072742086622225,0.09523809523809523,0.02085620197585071,0.4074074074074074
networkcoindash,1.0,3.0,5.0,0.38343864988028087,0.12864408732642937,0.3333333333333333,0.08571428571428572,0.7142857142857143,0.10772416875356132,0.05980117139619911,0.038461538461538464,0.014594279042615295,0.2894736842105263,0.16477306313569443,0.08170746219256067,0.25,0.027442371020856202,0.4074074074074074
networkcoindash,1.0,5.0,0,0.23866765085928218,0.11743258888608658,0.3333333333333333,0.0,0.5625,0.06725532888528672,0.04690696888554404,0.125,0.0,0.23684210526315788,0.10275827086740293,0.06593632381851681,0.16,0.0,0.3333333333333333
networkcoindash,1.0,5.0,0.1,0.24167008637586437,0.12066841326222572,0.3333333333333333,0.0,0.5714285714285714,0.06836096428057725,0.04834891746437601,0.0975609756097561,0.0,0.25,0.10432823105099367,0.0677445022012808,0.2,0.0,0.3404255319148936
networkcoindash,1.0,5.0,0.25,0.24543236000745003,0.12185330853108682,0.3333333333333333,0.0136986301369863,0.625,0.06948862663243748,0.04939734136350259,0.04878048780487805,0.003076923076923077,0.2631578947368421,0.10596433230946846,0.06891543029529296,0.06451612903225806,0.005025125628140703,0.37037037037037035
networkcoindash,1.0,5.0,0.5,0.25141277913599097,0.12430311129869745,0.3333333333333333,0.0273972602739726,0.5833333333333334,0.0710564467985519,0.04961673358087921,0.125,0.006153846153846154,0.23684210526315788,0.1084654743144557,0.06976008339112717,0.046403712296983764,0.010050251256281405,0.3333333333333333
networkcoindash,1.0,5.0,0.75,0.2589007176715769,0.12914951754892254,0.3333333333333333,0.0,0.75,0.07299993692843175,0.05137454387705666,0.125,0.0,0.3157894736842105,0.11147605691909082,0.0722555404136258,0.1111111111111111,0.0,0.44444444444444436
networkcoindash,1.0,5.0,1.0,0.26868381699198307,0.13160712829696247,0.3333333333333333,0.04040404040404041,0.7142857142857143,0.07568632145257007,0.05205658279053041,0.03773584905660377,0.008670520231213872,0.2631578947368421,0.11563747603397377,0.07332341267452325,0.10596026490066225,0.015075376884422113,0.37037037037037035
networkcoindash,1.0,5.0,2.0,0.2935899845543701,0.13813038369373765,0.5,0.043859649122807015,0.7142857142857143,0.08269589798254101,0.055524716515932236,0.125,0.010507880910683012,0.2894736842105263,0.12635173924880938,0.07786059700063717,0.043478260869565216,0.01869158878504673,0.4074074074074074
networkcoindash,1.0,5.0,3.0,0.3212586072421094,0.13981879567699285,0.5,0.0661764705882353,0.7222222222222222,0.09019007753920262,0.05852157890597592,0.03888888888888889,0.010115606936416185,0.30952380952380953,0.13790382899058362,0.08129487322057338,0.11764705882352941,0.017766497461928935,0.4333333333333334
networkcoindash,1.0,5.0,5.0,0.3571909161317411,0.14344899317560883,0.3333333333333333,0.04878048780487805,0.6875,0.10008027147878841,0.06106054177613273,0.07142857142857142,0.011560693641618497,0.2894736842105263,0.15315082052012188,0.08458910477526924,0.05025125628140703,0.02030456852791878,0.4074074074074074
networkcoindash,2.0,0,0,0.09226493412409675,0.06243399766275347,0.0,0.0,0.3333333333333333,0.02655629556231589,0.02391399175680536,0.0,0.0,0.16129032258064516,0.04034759858897445,0.033686520514107456,0.0,0.0,0.21126760563380284
networkcoindash,2.0,0,0.1,0.10014263798562067,0.07640618545835126,0.0,0.0,0.41379310344827586,0.02967328085317414,0.030214527561521515,0.0,0.0,0.16129032258064516,0.04476027613389451,0.042320116439971175,0.0,0.0,0.21686746987951805
networkcoindash,2.0,0,0.25,0.11255855114927488,0.07059124277950425,0.0,0.0,0.36,0.033193089498532564,0.02864460788372574,0.0,0.0,0.1827956989247312,0.05015148809825463,0.03975945773606176,0.0,0.0,0.23943661971830985
networkcoindash,2.0,0,0.5,0.12162460882189681,0.07182211597289002,0.0,0.0,0.40816326530612246,0.03548947166929094,0.03028519328341434,0.0,0.0,0.21505376344086022,0.05370434413153942,0.04154208925223079,0.0,0.0,0.28169014084507044
networkcoindash,2.0,0,0.75,0.13784830346463467,0.08456749815206711,0.0,0.0,0.46938775510204084,0.040267952894872276,0.03453833813309174,0.0,0.0,0.24731182795698925,0.06099072550892662,0.04817211222620094,0.0,0.0,0.32394366197183094
networkcoindash,2.0,0,1.0,0.1592226260656044,0.08697722354479358,0.2,0.0,0.4666666666666667,0.04639673849114354,0.03771072297476451,0.0,0.0,0.2692307692307692,0.07030914466813994,0.051649062057232145,0.0,0.0,0.3414634146341463
networkcoindash,2.0,0,2.0,0.25964265179787616,0.10994006201311071,0.3333333333333333,0.0,0.6363636363636364,0.07410572137986218,0.04919848847529859,0.05405405405405406,0.0,0.3076923076923077,0.11288846958350206,0.06736300234367777,0.0,0.0,0.3902439024390244
networkcoindash,2.0,0,3.0,0.3304806143771773,0.1245084374481879,0.5,0.0,0.7142857142857143,0.09269814339728549,0.05503540909596096,0.125,0.0,0.2631578947368421,0.1418498072577245,0.07590580784641779,0.0,0.0,0.37037037037037035
networkcoindash,2.0,0,5.0,0.3710776961165287,0.13066522169040024,0.5,0.0,0.75,0.1049167006136095,0.061001227139598255,0.09302325581395349,0.0,0.3076923076923077,0.16025331987918154,0.08333390770398269,0.3333333333333333,0.0,0.41463414634146345
networkcoindash,2.0,0.1,0,0.09965970522079089,0.06795714560938626,0.0,0.0,0.36363636363636365,0.02923089852078725,0.026657682434671304,0.0,0.0,0.16666666666666666,0.04426854594543686,0.037522080169697714,0.0,0.0,0.2247191011235955
networkcoindash,2.0,0.1,0.1,0.10447278532702206,0.06546383267505387,0.0,0.0,0.3103448275862069,0.030348968248780535,0.02593427486077382,0.0,0.0,0.16129032258064516,0.04603293433316244,0.03621791015108286,0.0,0.0,0.21126760563380284
networkcoindash,2.0,0.1,0.25,0.10628735303813637,0.07150567060627815,0.0,0.0,0.4,0.031202666468935377,0.028948232388723814,0.0,0.0,0.17204301075268819,0.0472090147915404,0.04042569715219292,0.0,0.0,0.2333333333333333
networkcoindash,2.0,0.1,0.5,0.12607182766010314,0.076348932053974,0.0,0.0,0.40816326530612246,0.03637249939783659,0.03051905934692497,0.0,0.0,0.21505376344086022,0.055302224714865435,0.042794672064899855,0.0,0.0,0.28169014084507044
networkcoindash,2.0,0.1,0.75,0.1581322999644901,0.09260405811977691,0.0,0.0,0.4666666666666667,0.04637050534834773,0.03812315687005549,0.0,0.0,0.21875,0.07020801346291149,0.05320781373075457,0.0,0.0,0.2978723404255319
networkcoindash,2.0,0.1,1.0,0.17230088712243963,0.08652706884469609,0.09090909090909091,0.0,0.45,0.04997953762349566,0.036557492452747226,0.0,0.0,0.1935483870967742,0.07589046222622356,0.05085016544459484,0.0,0.0,0.2535211267605634
networkcoindash,2.0,0.1,2.0,0.26651281123136394,0.1088881918414506,0.3333333333333333,0.0,0.5714285714285714,0.07617238314048456,0.05004462623126192,0.058823529411764705,0.0,0.3076923076923077,0.1160020469364737,0.06829018441801883,0.08791208791208792,0.0,0.3902439024390244
networkcoindash,2.0,0.1,3.0,0.3301469199960471,0.12173376496299829,0.3333333333333333,0.0,0.6875,0.09315425611862697,0.055131889249478955,0.0821917808219178,0.0,0.2692307692307692,0.14235209036533897,0.0758174241528444,0.07299270072992702,0.0,0.36666666666666675
networkcoindash,2.0,0.1,5.0,0.37579363844342595,0.13104026403303293,0.5,0.047619047619047616,0.8125,0.10564799194442259,0.05964923370679168,0.14285714285714285,0.01154891304347826,0.2857142857142857,0.1616009975592279,0.08189573413849442,0.17391304347826086,0.02146464646464646,0.4126984126984127
networkcoindash,2.0,0.25,0,0.1076626558674679,0.07028499442413982,0.0,0.0,0.3333333333333333,0.03186841981969237,0.028351741351811902,0.0,0.0,0.15625,0.048116395158996406,0.039671590242000704,0.0,0.0,0.2127659574468085
networkcoindash,2.0,0.25,0.1,0.11445387899373556,0.07390847130909622,0.0,0.0,0.3877551020408163,0.03337163133947109,0.029427839234802678,0.0,0.0,0.20430107526881722,0.05053276708726595,0.041116372713295386,0.0,0.0,0.2676056338028169
networkcoindash,2.0,0.25,0.25,0.12686280930102867,0.07927341286982238,0.0,0.0,0.4489795918367347,0.03755691746904336,0.03417576315106652,0.0,0.0,0.23655913978494625,0.056666240309500265,0.04690194931206319,0.0,0.0,0.30985915492957744
networkcoindash,2.0,0.25,0.5,0.139909032511776,0.08602339298972808,0.0,0.0,0.42857142857142855,0.04090130362756197,0.034765672324787444,0.0,0.0,0.21505376344086022,0.061972731555365285,0.04854475179710286,0.0,0.0,0.28169014084507044
networkcoindash,2.0,0.25,0.75,0.15896238151968578,0.09084209447018499,0.1111111111111111,0.0,0.46153846153846156,0.046458415649349105,0.038832434875395845,0.0,0.0,0.23655913978494625,0.0703842848291173,0.053668365599109424,0.0,0.0,0.30985915492957744
networkcoindash,2.0,0.25,1.0,0.1860602532599854,0.09782242476969644,0.0,0.0,0.4782608695652174,0.05388219380673013,0.04107943099544412,0.0,0.0,0.24731182795698925,0.08187694183963046,0.05712369313627918,0.0,0.0,0.32394366197183094
networkcoindash,2.0,0.25,2.0,0.285121483710966,0.11571111919808429,0.25,0.0,0.625,0.08170695319163633,0.054457279805163454,0.02857142857142857,0.0,0.34615384615384615,0.12431412030045486,0.0740721223391683,0.0,0.0,0.43902439024390244
networkcoindash,2.0,0.25,3.0,0.33698553538661513,0.12333038165908836,0.3333333333333333,0.0,0.6842105263157895,0.09516804422045108,0.0557647679396441,0.125,0.0,0.26666666666666666,0.14541807231057807,0.07658444650105943,0.09045226130653267,0.0,0.35955056179775285
networkcoindash,2.0,0.25,5.0,0.3754302389715917,0.130469136384946,0.5,0.0,0.8125,0.1053278837869998,0.05902915873558088,0.25,0.0,0.2857142857142857,0.16115603854080796,0.08086485886968708,0.25,0.0,0.4126984126984127
networkcoindash,2.0,0.5,0,0.1295501277846023,0.07592683082220696,0.0,0.0,0.4,0.03761277692464028,0.031462414490349,0.0,0.0,0.1827956989247312,0.05702549417311219,0.04362815224794875,0.0,0.0,0.23943661971830985
networkcoindash,2.0,0.5,0.1,0.13131670877861157,0.07335903917319413,0.2,0.0,0.4074074074074074,0.03812188153233819,0.030131675432473075,0.0,0.0,0.1827956989247312,0.05783472146278145,0.04193717257329022,0.0,0.0,0.25
networkcoindash,2.0,0.5,0.25,0.14848263045232463,0.08523122742691569,0.14285714285714285,0.0,0.43478260869565216,0.04332610322152815,0.03548348269906874,0.0,0.0,0.1935483870967742,0.06562531956824412,0.04933682062344959,0.0,0.0,0.25641025641025644
networkcoindash,2.0,0.5,0.5,0.16293987306530794,0.08598470804048543,0.14285714285714285,0.0,0.5,0.0473398316696904,0.03723483581910575,0.0,0.0,0.21505376344086022,0.07186412803777437,0.05166601985302405,0.0,0.0,0.3
networkcoindash,2.0,0.5,0.75,0.18202217259100603,0.08991214674969086,0.2,0.0,0.5,0.05223072049529794,0.03779759455767849,0.0,0.0,0.24731182795698925,0.07946701126620334,0.05254196524640207,0.0,0.0,0.32394366197183094
networkcoindash,2.0,0.5,1.0,0.2075091300468035,0.09228956118873241,0.25,0.0,0.5333333333333333,0.059563876984586824,0.041751737962201455,0.0,0.0,0.25,0.09060498438247432,0.05713228407544772,0.0,0.0,0.3404255319148936
networkcoindash,2.0,0.5,2.0,0.290862646174543,0.11667704574040283,0.3333333333333333,0.0,0.6875,0.08277004720411722,0.052563174272011175,0.02702702702702703,0.0,0.2894736842105263,0.12623136558930295,0.07226940051801355,0.09090909090909091,0.0,0.4074074074074074
networkcoindash,2.0,0.5,3.0,0.3435305819393593,0.12800443594549368,0.5,0.0,0.75,0.09690538151633458,0.057788416073974724,0.21428571428571427,0.0,0.2833333333333333,0.14807996527006295,0.07932904319007213,0.12121212121212122,0.0,0.38202247191011235
networkcoindash,2.0,0.5,5.0,0.377355820650702,0.1316248279946003,0.5,0.0,0.8125,0.10605207999087518,0.05994609518269949,0.14634146341463414,0.0,0.28125,0.16218946003690263,0.08206545573141079,0.2352941176470588,0.0,0.4126984126984127
networkcoindash,2.0,0.75,0,0.14294883125444774,0.07317212932136999,0.0,0.0,0.3877551020408163,0.04083102573351346,0.030013687332313535,0.0,0.0,0.20430107526881722,0.062199782396781984,0.04184016908725359,0.0,0.0,0.2676056338028169
networkcoindash,2.0,0.75,0.1,0.15412294451621394,0.07631023005547173,0.2,0.0,0.4897959183673469,0.04396502693785171,0.03222485875618457,0.0,0.0,0.25806451612903225,0.0669031236221165,0.044454770518083934,0.0,0.0,0.33802816901408445
networkcoindash,2.0,0.75,0.25,0.16524461873890917,0.08165009500673036,0.16666666666666666,0.0,0.44,0.04774788540087168,0.03538689729580851,0.0,0.0,0.19298245614035087,0.07247328826807929,0.04877965641402975,0.0,0.0,0.2682926829268293
networkcoindash,2.0,0.75,0.5,0.18631322620171936,0.08950796942065023,0.14285714285714285,0.0,0.5,0.053494025490564895,0.039964476700066226,0.0,0.0,0.21875,0.08131057456127772,0.05489734251858055,0.07407407407407407,0.0,0.2978723404255319
networkcoindash,2.0,0.75,0.75,0.20671026669764692,0.09258393770684507,0.16666666666666666,0.0,0.4583333333333333,0.05919604959751489,0.041114750446264337,0.0,0.0,0.21505376344086022,0.09012021982491966,0.05652536969720944,0.0,0.0,0.28169014084507044
networkcoindash,2.0,0.75,1.0,0.22960766720955011,0.10117584347144844,0.2,0.0,0.5625,0.06448998753550685,0.042410719735203654,0.0,0.0,0.22727272727272727,0.09859518305778008,0.058975665095668955,0.0,0.0,0.3191489361702128
networkcoindash,2.0,0.75,2.0,0.2998218203970301,0.11942823426931097,0.25,0.047619047619047616,0.6666666666666666,0.08537228296834544,0.05425981089007847,0.14285714285714285,0.010190217391304348,0.3076923076923077,0.1301429652180403,0.07451835309560549,0.25,0.01893939393939394,0.3902439024390244
networkcoindash,2.0,0.75,3.0,0.34477200834765626,0.12396222319361576,0.2857142857142857,0.02857142857142857,0.7058823529411765,0.09712210105161637,0.05595802888962487,0.08,0.009510869565217392,0.3076923076923077,0.14845824771166322,0.07658801769832663,0.25,0.017676767676767676,0.3902439024390244
networkcoindash,2.0,0.75,5.0,0.37765139128911995,0.13037157094413285,0.5,0.11235955056179775,0.75,0.10642060914256847,0.05989744768294841,0.058823529411764705,0.014266304347826086,0.2807017543859649,0.1626636167533573,0.08199930302541485,0.25,0.026515151515151512,0.39024390243902435
networkcoindash,2.0,1.0,0,0.15798777712745124,0.07384316229247236,0.14285714285714285,0.0,0.4230769230769231,0.044431758926771245,0.031110538887242672,0.0,0.0,0.21505376344086022,0.06786681628138325,0.0430409145202413,0.0,0.0,0.28169014084507044
networkcoindash,2.0,1.0,0.1,0.17543612912937462,0.07817310534816521,0.14285714285714285,0.0,0.5384615384615384,0.04964755691628254,0.03424591489110916,0.0625,0.0,0.22950819672131148,0.0757506756273766,0.04723550565832863,0.0,0.0,0.3218390804597701
networkcoindash,2.0,1.0,0.25,0.18153491398688923,0.08307510663569743,0.125,0.0,0.5,0.051756248938860897,0.037130043242018435,0.0,0.0,0.21505376344086022,0.07881692327234288,0.05096951906866563,0.13333333333333333,0.0,0.3
networkcoindash,2.0,1.0,0.5,0.20517491951442884,0.09284152339256806,0.2,0.0,0.5,0.058584325654592775,0.04119188952686313,0.02702702702702703,0.0,0.20430107526881722,0.08923889442180932,0.056723658063646494,0.0,0.0,0.27586206896551724
networkcoindash,2.0,1.0,0.75,0.22271610466022965,0.09811375102357428,0.16666666666666666,0.0,0.5263157894736842,0.06335548188022783,0.04372920716159477,0.09523809523809523,0.0,0.24731182795698925,0.09654866028429994,0.060271305794064124,0.0,0.0,0.32394366197183094
networkcoindash,2.0,1.0,1.0,0.24172734492773137,0.09997676893013716,0.25,0.0,0.5,0.06826414003705135,0.04439495655209519,0.0547945205479452,0.0,0.23076923076923078,0.1042444904095477,0.06113871057059255,0.0,0.0,0.29545454545454547
networkcoindash,2.0,1.0,2.0,0.30302360653793387,0.11564169708058321,0.3333333333333333,0.02857142857142857,0.6875,0.08619361438257087,0.0534730418709811,0.18032786885245902,0.009510869565217392,0.2631578947368421,0.1314037593428052,0.07320192673238708,0.07299270072992702,0.017676767676767676,0.37037037037037035
networkcoindash,2.0,1.0,3.0,0.34480061667397677,0.1224012309392647,0.5,0.02857142857142857,0.6875,0.09735393289200482,0.05643647755716828,0.06666666666666667,0.010810810810810811,0.3076923076923077,0.1487330366703818,0.07728633363491114,0.25,0.01785714285714286,0.3902439024390244
networkcoindash,2.0,1.0,5.0,0.3803575265845827,0.13107292318422903,0.5,0.02857142857142857,0.75,0.10672444448834406,0.05964789825449203,0.061488673139158574,0.012987012987012988,0.2807017543859649,0.16325838036248666,0.08166615726159146,0.09523809523809523,0.01785714285714286,0.39024390243902435
networkcoindash,2.0,2.0,0,0.2173086492855045,0.09411861923006389,0.3333333333333333,0.0,0.5454545454545454,0.061161019283350035,0.03939044045182501,0.0,0.0,0.21505376344086022,0.09341368471602085,0.054650762916980795,0.0,0.0,0.2823529411764706
networkcoindash,2.0,2.0,0.1,0.21694334591817271,0.09293639308916411,0.2,0.0,0.4782608695652174,0.06100069216514187,0.03892318492266559,0.07317073170731707,0.0,0.2,0.0932426552999982,0.054154324333305484,0.16,0.0,0.28205128205128205
networkcoindash,2.0,2.0,0.25,0.2248441587066928,0.09332349348874208,0.3333333333333333,0.0,0.5,0.06335073561184135,0.04018518294841303,0.046511627906976744,0.0,0.21428571428571427,0.09674876360569984,0.05552374199937253,0.18181818181818182,0.0,0.3
networkcoindash,2.0,2.0,0.5,0.2415109044556699,0.1022763049162692,0.3333333333333333,0.0,0.5384615384615384,0.06892597412211218,0.04623448912279021,0.0975609756097561,0.0,0.22950819672131148,0.10497464374092465,0.0636133639475351,0.16,0.0,0.3218390804597701
networkcoindash,2.0,2.0,0.75,0.25559631287993634,0.10570693829624701,0.3333333333333333,0.02857142857142857,0.625,0.07248955613218427,0.0467972728074174,0.14285714285714285,0.010810810810810811,0.2631578947368421,0.11056505140107538,0.06459360556553725,0.07692307692307691,0.01785714285714286,0.37037037037037035
networkcoindash,2.0,2.0,1.0,0.2663692952426157,0.10449904539375296,0.3333333333333333,0.05714285714285714,0.5625,0.07507135577248174,0.04551006552998245,0.125,0.010810810810810811,0.23684210526315788,0.11472544058893708,0.06300203040184175,0.2,0.020202020202020204,0.3333333333333333
networkcoindash,2.0,2.0,2.0,0.3131217332857426,0.11875976442220176,0.5,0.05714285714285714,0.75,0.08856445209547317,0.0539345440263874,0.125,0.01154891304347826,0.2857142857142857,0.1352263765760638,0.07408037935686093,0.0684931506849315,0.02146464646464646,0.380952380952381
networkcoindash,2.0,2.0,3.0,0.3522848524562976,0.12717018320107779,0.5,0.05714285714285714,0.7058823529411765,0.09956824003688461,0.05897718735205961,0.050314465408805034,0.013426736719206071,0.2894736842105263,0.15205422843224486,0.08068081228730649,0.08333333333333331,0.025246981339187704,0.4074074074074074
networkcoindash,2.0,2.0,5.0,0.3837230547167273,0.1327024668352817,0.5,0.09523809523809523,0.8125,0.10787242035626951,0.061235884428014004,0.09090909090909091,0.014864864864864866,0.3076923076923077,0.16496700992571514,0.08376726323904733,0.2352941176470588,0.02854006586169045,0.42666666666666664
networkcoindash,2.0,3.0,0,0.23274259243583592,0.10546823677667402,0.16666666666666666,0.047619047619047616,0.625,0.06590381976973908,0.04443119811817565,0.047619047619047616,0.0099241097489784,0.2631578947368421,0.10055616792471198,0.061870244712035206,0.13333333333333333,0.017094017094017096,0.37037037037037035
networkcoindash,2.0,3.0,0.1,0.23245657988827134,0.09893304669326829,0.14285714285714285,0.0,0.5,0.06549266434351497,0.042022942213776546,0.04878048780487805,0.0,0.21311475409836064,0.10002769233668246,0.05816132560119954,0.06779661016949153,0.0,0.29885057471264365
networkcoindash,2.0,3.0,0.25,0.24460605262884846,0.10118694879320568,0.4,0.05714285714285714,0.5625,0.06896204441396903,0.04306413195673218,0.0392156862745098,0.008831521739130434,0.23684210526315788,0.10531081423199992,0.05960924684497246,0.13333333333333333,0.016414141414141412,0.3333333333333333
networkcoindash,2.0,3.0,0.5,0.25166089820140153,0.10670381229808595,0.2,0.02857142857142857,0.5625,0.0706585868709045,0.044272200910588755,0.125,0.010869565217391304,0.23684210526315788,0.10802482150518,0.06180793232345424,0.18181818181818182,0.01785714285714286,0.3333333333333333
networkcoindash,2.0,3.0,0.75,0.26305047511310525,0.10820238250163976,0.25,0.047619047619047616,0.5714285714285714,0.07433266997688079,0.0468192362401392,0.125,0.009340338587273789,0.24242424242424243,0.11348637191381393,0.06480376235416785,0.15384615384615385,0.017094017094017096,0.3404255319148936
networkcoindash,2.0,3.0,1.0,0.27674483313965625,0.114383782312362,0.3333333333333333,0.047619047619047616,0.5714285714285714,0.07843265723172121,0.049414525981449145,0.125,0.010416666666666666,0.23684210526315788,0.1196520154982218,0.06830573520371025,0.26666666666666666,0.017094017094017096,0.3333333333333333
networkcoindash,2.0,3.0,2.0,0.31692136425068124,0.1212819074104872,0.5,0.09375,0.6428571428571429,0.08940869090020023,0.05279819338239715,0.07692307692307693,0.01154891304347826,0.2631578947368421,0.1365730638024936,0.0728488676176969,0.23076923076923075,0.02146464646464646,0.37037037037037035
networkcoindash,2.0,3.0,3.0,0.3475737066141212,0.12612368146223457,0.5,0.09375,0.7142857142857143,0.0979731043696908,0.056566224744978855,0.047619047619047616,0.01300578034682081,0.2894736842105263,0.14971424715764586,0.07784383008909283,0.25,0.02284263959390863,0.4074074074074074
networkcoindash,2.0,3.0,5.0,0.382577515840115,0.13414969254229786,0.5,0.1,0.8125,0.10805948389193806,0.06179173501567002,0.2033898305084746,0.012907608695652174,0.30952380952380953,0.16509182181982512,0.08457045760473125,0.08333333333333333,0.02398989898989899,0.4333333333333334
networkcoindash,2.0,5.0,0,0.2310123747017456,0.11411375106092131,0.5,0.0410958904109589,0.6875,0.065101319867195,0.04569430364867243,0.04878048780487805,0.008172796263864565,0.2894736842105263,0.0993862449643013,0.0639958481309973,0.06451612903225806,0.015075376884422113,0.4074074074074074
networkcoindash,2.0,5.0,0.1,0.23175886304582258,0.11767330243237854,0.3333333333333333,0.03571428571428571,0.625,0.06510622686910049,0.04588097164023403,0.14285714285714285,0.007472826086956522,0.2631578947368421,0.09947875231661689,0.06463550259818031,0.04743083003952569,0.013888888888888888,0.37037037037037035
networkcoindash,2.0,5.0,0.25,0.24010531149839612,0.11591438618274193,0.14285714285714285,0.030303030303030304,0.5,0.06761347035377313,0.046533752018298014,0.11764705882352941,0.008152173913043478,0.23076923076923078,0.10328719408724216,0.06510980120589026,0.044444444444444446,0.014925373134328358,0.2978723404255319
networkcoindash,2.0,5.0,0.5,0.2486051105953751,0.12120513936989685,0.2857142857142857,0.0547945205479452,0.625,0.0700502869222345,0.04786838517615772,0.020833333333333332,0.007472826086956522,0.2631578947368421,0.10699779709026877,0.06730414207363121,0.044444444444444446,0.013888888888888888,0.37037037037037035
networkcoindash,2.0,5.0,0.75,0.25219136520606045,0.11893290886215532,0.3333333333333333,0.0410958904109589,0.625,0.07095251720933012,0.04749088724350874,0.125,0.009230769230769232,0.2631578947368421,0.10840179529946763,0.06666685439951073,0.06593406593406594,0.015075376884422113,0.37037037037037035
networkcoindash,2.0,5.0,1.0,0.2632648298558767,0.12417238120844501,0.3333333333333333,0.025,0.6428571428571429,0.07424424376004775,0.05071024898373701,0.047619047619047616,0.008928571428571428,0.2631578947368421,0.11337005664641031,0.07083271033558951,0.2,0.013157894736842103,0.37037037037037035
networkcoindash,2.0,5.0,2.0,0.2880763490571284,0.13200301409351717,0.3333333333333333,0.06097560975609756,0.7857142857142857,0.08098605776702696,0.05310432444779285,0.047619047619047616,0.009510869565217392,0.2894736842105263,0.12384796937132171,0.07461858786050755,0.08633093525179857,0.017676767676767676,0.4074074074074074
networkcoindash,2.0,5.0,3.0,0.31170050851493647,0.13617160241931014,0.5,0.042682926829268296,0.7142857142857143,0.08753184353730191,0.055509184409135985,0.09302325581395349,0.01061320754716981,0.2894736842105263,0.13391032354611837,0.07775913121481329,0.0935672514619883,0.01882845188284519,0.4074074074074074
networkcoindash,2.0,5.0,5.0,0.35223641690900054,0.14452232073768695,0.5,0.04081632653061224,0.7142857142857143,0.09875242578350456,0.060810551752804316,0.08139534883720931,0.012907608695652174,0.2894736842105263,0.1511199618574645,0.08456918724592057,0.09523809523809523,0.02398989898989899,0.4074074074074074
networkcoindash,3.0,0,0,0.08352641791221437,0.06560903118674627,0.0,0.0,0.3877551020408163,0.024429888674769567,0.02557770723030083,0.0,0.0,0.20430107526881722,0.03695289084864658,0.03578491640419429,0.0,0.0,0.2676056338028169
networkcoindash,3.0,0,0.1,0.08788765789661213,0.056883675212669474,0.0,0.0,0.2857142857142857,0.025180628524600127,0.021347816488382056,0.0,0.0,0.12903225806451613,0.038240614013612374,0.030020778819492562,0.0,0.0,0.16901408450704222
networkcoindash,3.0,0,0.25,0.09739121284214466,0.06469999117466181,0.0,0.0,0.3469387755102041,0.02805954800419801,0.02453961174760662,0.0,0.0,0.17204301075268819,0.04257787941693619,0.034200441374232664,0.0,0.0,0.22535211267605634
networkcoindash,3.0,0,0.5,0.10715191226716565,0.07220769170540824,0.0,0.0,0.3333333333333333,0.03118412867826715,0.02794794360580385,0.0,0.0,0.17204301075268819,0.047301034757355906,0.03938108279037234,0.0,0.0,0.22535211267605634
networkcoindash,3.0,0,0.75,0.13121200844616468,0.08236876940754245,0.0,0.0,0.42857142857142855,0.038219302186196645,0.03220647946233158,0.0,0.0,0.22580645161290322,0.05795957028293954,0.045260618248001754,0.0,0.0,0.29577464788732394
networkcoindash,3.0,0,1.0,0.14706131099801903,0.087720884562369,0.14285714285714285,0.0,0.5,0.042609780757929164,0.036193767645306116,0.0,0.0,0.21428571428571427,0.06461778675570311,0.05008552216299555,0.0,0.0,0.3
networkcoindash,3.0,0,2.0,0.24460048415244592,0.10826831200875292,0.3333333333333333,0.0,0.5625,0.07019700604773603,0.04792703190527994,0.058823529411764705,0.0,0.2692307692307692,0.10683757478739242,0.06585388195411433,0.05479452054794521,0.0,0.3414634146341463
networkcoindash,3.0,0,3.0,0.32234385847302677,0.1256547732449282,0.3333333333333333,0.047619047619047616,0.7857142857142857,0.09107314634646861,0.05607714019036077,0.14285714285714285,0.012228260869565218,0.28125,0.13909640219886937,0.07714741226041086,0.07142857142857142,0.022727272727272728,0.38636363636363635
networkcoindash,3.0,0,5.0,0.368833781410045,0.13290317848394356,0.5,0.0,0.75,0.10349476095423547,0.059465420499056086,0.25,0.0,0.2833333333333333,0.15828487671119143,0.08150014918907675,0.12903225806451613,0.0,0.38202247191011235
networkcoindash,3.0,0.1,0,0.08772932688053929,0.059247615965788335,0.0,0.0,0.3673469387755102,0.02507683007528436,0.0216468970213446,0.0,0.0,0.13978494623655913,0.03809343858168634,0.03055014713522119,0.0,0.0,0.18309859154929578
networkcoindash,3.0,0.1,0.1,0.08910430964679009,0.06617085217143334,0.0,0.0,0.41379310344827586,0.025940212433080343,0.024885833563488658,0.0,0.0,0.14035087719298245,0.03931909400831977,0.035110718288235504,0.0,0.0,0.19834710743801653
networkcoindash,3.0,0.1,0.25,0.10227169619473386,0.06628894868563762,0.0,0.0,0.3333333333333333,0.030024314283920422,0.02669947192507943,0.0,0.0,0.17204301075268819,0.04542345856166044,0.03719405341759926,0.0,0.0,0.22535211267605634
networkcoindash,3.0,0.1,0.5,0.11439203974539926,0.07457842805458427,0.0,0.0,0.34615384615384615,0.033174334686370294,0.029297449097200962,0.0,0.0,0.17204301075268819,0.050266689546436524,0.04089497050139686,0.0,0.0,0.22535211267605634
networkcoindash,3.0,0.1,0.75,0.13655163613233223,0.0821927597582178,0.0,0.0,0.40816326530612246,0.039387219843716126,0.032511769484767,0.0,0.0,0.21505376344086022,0.05980546026953807,0.045242135524929915,0.0,0.0,0.28169014084507044
networkcoindash,3.0,0.1,1.0,0.16329602087744477,0.08833992791403915,0.16666666666666666,0.0,0.5,0.04758167341331569,0.037064549237815166,0.0,0.0,0.17204301075268819,0.07214257862459766,0.051393049371005764,0.0,0.0,0.25396825396825395
networkcoindash,3.0,0.1,2.0,0.25399543512329714,0.10881926921715261,0.16666666666666666,0.0,0.625,0.07218652527016377,0.046221027095041306,0.125,0.0,0.22727272727272727,0.11017968004524721,0.0642109520747232,0.12903225806451613,0.0,0.3191489361702128
networkcoindash,3.0,0.1,3.0,0.32567311662515924,0.12557332909184393,0.5,0.0,0.625,0.0920564903778448,0.05604618406498129,0.0,0.0,0.2692307692307692,0.14060195666356334,0.07708816691780578,0.0,0.0,0.37037037037037035
networkcoindash,3.0,0.1,5.0,0.3691863950958349,0.1277956340805358,0.5,0.0,0.75,0.10353412517401026,0.05817114329212583,0.14634146341463414,0.0,0.2727272727272727,0.15844049483218783,0.07978904706736803,0.12903225806451613,0.0,0.3829787234042553
networkcoindash,3.0,0.25,0,0.09354277153248358,0.06664412814889895,0.0,0.0,0.36363636363636365,0.027186155884439695,0.025238518510414455,0.0,0.0,0.1827956989247312,0.041232176666205766,0.0355683412308025,0.0,0.0,0.23943661971830985
networkcoindash,3.0,0.25,0.1,0.0966922479045927,0.06593167938256654,0.0,0.0,0.3333333333333333,0.02780223900996061,0.024523710939689025,0.0,0.0,0.13978494623655913,0.042262226083038895,0.034677507113195324,0.0,0.0,0.19148936170212766
networkcoindash,3.0,0.25,0.25,0.1084686562573625,0.07007528742392605,0.0,0.0,0.41379310344827586,0.03130267101950309,0.02735772987261313,0.0,0.0,0.15625,0.04746427895277881,0.03829143275447526,0.0,0.0,0.2127659574468085
networkcoindash,3.0,0.25,0.5,0.12460844450734682,0.07925937992671446,0.0,0.0,0.46938775510204084,0.0368698554996224,0.03385283760248286,0.0,0.0,0.24731182795698925,0.05566756948497778,0.046600140449850815,0.0,0.0,0.32394366197183094
networkcoindash,3.0,0.25,0.75,0.15153180987669201,0.08694148768187801,0.125,0.0,0.4489795918367347,0.04396237797222218,0.03589292531523169,0.0,0.0,0.23655913978494625,0.06668341835091995,0.049959822511143406,0.0,0.0,0.30985915492957744
networkcoindash,3.0,0.25,1.0,0.17303549493982534,0.09330323233959861,0.2,0.0,0.47058823529411764,0.05028462513977914,0.03942708344962863,0.0,0.0,0.24731182795698925,0.07626246917240419,0.05457443296087324,0.0,0.0,0.32394366197183094
networkcoindash,3.0,0.25,2.0,0.26519371323878466,0.10808312452451414,0.3333333333333333,0.0,0.5714285714285714,0.07543367908808342,0.04880999866909597,0.0,0.0,0.2571428571428571,0.11505052594123477,0.06691844980965969,0.0,0.0,0.33707865168539325
networkcoindash,3.0,0.25,3.0,0.32782665956090246,0.12149730358237856,0.5,0.0,0.65,0.09177185344782432,0.053689132071226824,0.0,0.0,0.2631578947368421,0.1405105221089287,0.07387243241838122,0.13333333333333333,0.0,0.37037037037037035
networkcoindash,3.0,0.25,5.0,0.37104572736423713,0.1310059602902824,0.5,0.0,0.8125,0.10451392722103797,0.059980788759650926,0.21428571428571427,0.0,0.3076923076923077,0.15975808261927962,0.08216500442021042,0.12903225806451613,0.0,0.4126984126984127
networkcoindash,3.0,0.5,0,0.10952960212544573,0.0662798575449446,0.0,0.0,0.3888888888888889,0.03160655727934054,0.027151638447576263,0.0,0.0,0.20430107526881722,0.04798805683904411,0.037668634556628625,0.0,0.0,0.2676056338028169
networkcoindash,3.0,0.5,0.1,0.11969026565771085,0.07184513803601585,0.0,0.0,0.3888888888888889,0.03486531102079845,0.03023702322230725,0.0,0.0,0.1827956989247312,0.05279773230548236,0.04175594085943593,0.0,0.0,0.23943661971830985
networkcoindash,3.0,0.5,0.25,0.1341964176611525,0.0770262309204997,0.0,0.0,0.40816326530612246,0.03860589893667208,0.031253440135355325,0.0,0.0,0.21505376344086022,0.05867616035579351,0.043505455138731906,0.0,0.0,0.28169014084507044
networkcoindash,3.0,0.5,0.5,0.1525821625906806,0.07901859354933277,0.16666666666666666,0.0,0.40625,0.04380019529031632,0.03248631367535259,0.0,0.0,0.19230769230769232,0.06662683003957616,0.045110359641888684,0.0,0.0,0.2439024390243902
networkcoindash,3.0,0.5,0.75,0.1675508347352218,0.08616632965904931,0.2,0.0,0.5263157894736842,0.048148293740299296,0.03672234655262532,0.0,0.0,0.24731182795698925,0.07321922554986744,0.05072371368789844,0.0,0.0,0.32394366197183094
networkcoindash,3.0,0.5,1.0,0.19584181343473211,0.09050293648181078,0.3333333333333333,0.0,0.5,0.05585874851082352,0.03877323484119939,0.0,0.0,0.21212121212121213,0.08511808771174773,0.05378889711354761,0.0,0.0,0.2978723404255319
networkcoindash,3.0,0.5,2.0,0.2783699661656564,0.10895185624877253,0.25,0.047619047619047616,0.6,0.07847293887167946,0.04819016120371198,0.058823529411764705,0.010869565217391304,0.2692307692307692,0.1198790229672733,0.06612544723388851,0.06741573033707865,0.02006688963210702,0.3414634146341463
networkcoindash,3.0,0.5,3.0,0.3315269758437664,0.12295653554831874,0.5,0.0,0.75,0.0936052425483086,0.0561465651343035,0.07142857142857142,0.0,0.2857142857142857,0.14299426588989916,0.07697318219122691,0.1111111111111111,0.0,0.3829787234042553
networkcoindash,3.0,0.5,5.0,0.37305885979793135,0.128844777432056,0.5,0.08571428571428572,0.6875,0.10521735502800453,0.05980077373445793,0.08,0.013513513513513514,0.3076923076923077,0.16074709455115793,0.08155459652145769,0.25,0.026315789473684213,0.3902439024390244
networkcoindash,3.0,0.75,0,0.13384602252474706,0.07223015089562863,0.1,0.0,0.4444444444444444,0.038349485389968775,0.030404305088998728,0.0,0.0,0.1935483870967742,0.058325347151377695,0.04189520770349889,0.0,0.0,0.2535211267605634
networkcoindash,3.0,0.75,0.1,0.13517783936141967,0.06920198479701284,0.125,0.0,0.34285714285714286,0.039000298546592795,0.029496835034410366,0.0,0.0,0.16129032258064516,0.05924476111209481,0.040680057280273074,0.0,0.0,0.21126760563380284
networkcoindash,3.0,0.75,0.25,0.14920811882678447,0.0777839967251571,0.08333333333333333,0.0,0.5,0.04281363017916223,0.03268018809446562,0.0,0.0,0.1935483870967742,0.06509909106786234,0.04530351648263671,0.0,0.0,0.2535211267605634
networkcoindash,3.0,0.75,0.5,0.17230874556715114,0.08038203355729219,0.2,0.0,0.42857142857142855,0.04949638433721908,0.03443590713085149,0.047619047619047616,0.0,0.1935483870967742,0.0752971678400043,0.047588518477002545,0.13333333333333333,0.0,0.2553191489361702
networkcoindash,3.0,0.75,0.75,0.19153494807874658,0.08864177369590195,0.12903225806451613,0.0,0.5,0.05429223759310763,0.0377693380099665,0.0,0.0,0.1935483870967742,0.08280885435584533,0.05236583407581498,0.0,0.0,0.25531914893617025
networkcoindash,3.0,0.75,1.0,0.21076709521507625,0.09544805726084069,0.3333333333333333,0.0,0.5,0.05956831693391481,0.040201971310149964,0.0,0.0,0.22580645161290322,0.09102272660427643,0.056097344736879905,0.0,0.0,0.29577464788732394
networkcoindash,3.0,0.75,2.0,0.28933277123155654,0.11401533910862495,0.25,0.0,0.625,0.08197539852826317,0.05201445470131573,0.058823529411764705,0.0,0.28125,0.12506756240909894,0.07126440917439981,0.0,0.0,0.3829787234042553
networkcoindash,3.0,0.75,3.0,0.33432428924762014,0.12413072362135986,0.3333333333333333,0.0,0.7142857142857143,0.09434869585179415,0.056797192193736384,0.038461538461538464,0.0,0.2692307692307692,0.14416835311184073,0.0778690089137206,0.26666666666666666,0.0,0.37037037037037035
networkcoindash,3.0,0.75,5.0,0.3778777803206206,0.1319652020971421,0.5,0.05714285714285714,0.8125,0.1063352197726321,0.060634844410522096,0.047619047619047616,0.013513513513513514,0.2857142857142857,0.16256580926973896,0.08288158029729749,0.10204081632653061,0.026315789473684213,0.4126984126984127
networkcoindash,3.0,1.0,0,0.15357418673779227,0.07748439816669439,0.08333333333333333,0.0,0.4897959183673469,0.043609827858762384,0.03204180560927572,0.047619047619047616,0.0,0.25806451612903225,0.06647434139416687,0.04441448849814329,0.0,0.0,0.33802816901408445
networkcoindash,3.0,1.0,0.1,0.1586708112944896,0.0752269442076306,0.2,0.0,0.4117647058823529,0.04515140428357983,0.03208118933699074,0.0,0.0,0.2,0.06886171387151532,0.04441062619336067,0.0,0.0,0.2545454545454545
networkcoindash,3.0,1.0,0.25,0.16955627102985604,0.07830162665225902,0.2,0.0,0.4117647058823529,0.048207632789762325,0.03362544907230773,0.0,0.0,0.20430107526881722,0.07347081238723556,0.046467173789519436,0.0,0.0,0.2676056338028169
networkcoindash,3.0,1.0,0.5,0.1895855692927697,0.08890807306345269,0.2,0.0,0.47368421052631576,0.05376558312326033,0.0375001906349172,0.07142857142857142,0.0,0.21505376344086022,0.08197063095886128,0.05203773274622582,0.06622516556291391,0.0,0.28169014084507044
networkcoindash,3.0,1.0,0.75,0.2087692212292554,0.0881692630135874,0.3333333333333333,0.0,0.4827586206896552,0.05925698952072949,0.03938960315739283,0.07317073170731707,0.0,0.23333333333333334,0.09041930558409039,0.05431064612166746,0.0,0.0,0.31460674157303375
networkcoindash,3.0,1.0,1.0,0.23247905281261352,0.10266324298779851,0.3333333333333333,0.0,0.5185185185185185,0.06624495891920225,0.0453181067474636,0.04878048780487805,0.0,0.23076923076923078,0.10090569554381877,0.062428657991549695,0.047619047619047616,0.0,0.29577464788732394
networkcoindash,3.0,1.0,2.0,0.2918319115086271,0.1164894145400215,0.42857142857142855,0.0,0.6428571428571429,0.08295512516004365,0.05321283265637815,0.125,0.0,0.3142857142857143,0.12643099463807322,0.07272329145167757,0.09523809523809523,0.0,0.4
networkcoindash,3.0,1.0,3.0,0.33876905727820045,0.12330053914182149,0.5,0.0,0.68,0.09533033848088482,0.056757156394660294,0.125,0.0,0.3076923076923077,0.14567821962529076,0.07739095157011301,0.07692307692307691,0.0,0.41463414634146345
networkcoindash,3.0,1.0,5.0,0.3755150703632148,0.13168957003692397,0.5,0.05714285714285714,0.7142857142857143,0.10548540777573312,0.05927688752953617,0.07692307692307693,0.014266304347826086,0.2727272727272727,0.1613506321855813,0.08136005190033993,0.2352941176470588,0.026515151515151512,0.3829787234042553
networkcoindash,3.0,2.0,0,0.20194167576978272,0.08854941374697493,0.16666666666666666,0.0,0.5357142857142857,0.056922354397996686,0.03871835053217372,0.07317073170731707,0.0,0.22727272727272727,0.08692258910803131,0.05342662463767476,0.07407407407407408,0.0,0.3191489361702128
networkcoindash,3.0,2.0,0.1,0.21241067259119661,0.0944007309101813,0.3333333333333333,0.0,0.5,0.05966458739662886,0.039319615669051164,0.08333333333333333,0.0,0.23076923076923078,0.09114999102011007,0.05454559273407569,0.13333333333333333,0.0,0.29268292682926833
networkcoindash,3.0,2.0,0.25,0.21500808572831956,0.08863660736163072,0.25,0.0,0.5384615384615384,0.06031197881749783,0.038044952067158674,0.0410958904109589,0.0,0.21505376344086022,0.09216969695816346,0.052446496577226,0.13333333333333333,0.0,0.3
networkcoindash,3.0,2.0,0.5,0.22556378181835646,0.09750386617242059,0.25,0.02857142857142857,0.5625,0.06300423997468088,0.03986011633433336,0.017341040462427744,0.009124087591240875,0.23684210526315788,0.09647117592933725,0.05588340219493983,0.06451612903225806,0.01574803149606299,0.3333333333333333
networkcoindash,3.0,2.0,0.75,0.23912164523905913,0.10179823882490144,0.3333333333333333,0.0,0.5625,0.06776565052596924,0.04363011779491225,0.046511627906976744,0.0,0.21311475409836064,0.10341902733137402,0.06062897838022405,0.07407407407407407,0.0,0.29885057471264365
networkcoindash,3.0,2.0,1.0,0.251448293369278,0.10779118004140437,0.3333333333333333,0.02857142857142857,0.5882352941176471,0.07110387844262388,0.04630595660351864,0.14285714285714285,0.010507880910683012,0.3076923076923077,0.1085202614400535,0.06387938843132161,0.2,0.01785714285714286,0.3902439024390244
networkcoindash,3.0,2.0,2.0,0.3069931625469477,0.11970509065847766,0.25,0.05714285714285714,0.6875,0.086951864015245,0.0536615446745854,0.07317073170731707,0.010115606936416185,0.2894736842105263,0.1326860100628243,0.07363628244400129,0.07692307692307691,0.017766497461928935,0.4074074074074074
networkcoindash,3.0,2.0,3.0,0.3408034597943533,0.12263570003461353,0.3333333333333333,0.0,0.6785714285714286,0.09551933100595855,0.054370028064737536,0.14285714285714285,0.0,0.2878787878787879,0.14616836116116663,0.0747358220157344,0.1111111111111111,0.0,0.40425531914893625
networkcoindash,3.0,2.0,5.0,0.37858047908891046,0.13281530002037362,0.3333333333333333,0.08571428571428572,0.8125,0.1064021545076394,0.06014830340604716,0.1864406779661017,0.014864864864864866,0.3076923076923077,0.1627723322384595,0.08261396834709897,0.09523809523809523,0.02894736842105264,0.4126984126984127
networkcoindash,3.0,3.0,0,0.22544999577481264,0.1025086433551285,0.3333333333333333,0.0,0.5,0.06350667236984563,0.041476707269995805,0.03773584905660377,0.0,0.21212121212121213,0.09697032406935498,0.05781080254297766,0.044444444444444446,0.0,0.2978723404255319
networkcoindash,3.0,3.0,0.1,0.22761354318831825,0.1015525801521626,0.3333333333333333,0.0,0.5625,0.06371872131496756,0.041027086580057236,0.07317073170731707,0.0,0.23684210526315788,0.09744886437863876,0.0573309315536839,0.18181818181818182,0.0,0.3333333333333333
networkcoindash,3.0,3.0,0.25,0.234128131063185,0.10463755023491918,0.3333333333333333,0.045454545454545456,0.625,0.06634228751435292,0.04430720289523459,0.047619047619047616,0.0070052539404553416,0.2631578947368421,0.10126237529929835,0.061773339077131964,0.043478260869565216,0.013172338090010977,0.37037037037037035
networkcoindash,3.0,3.0,0.5,0.24414149974317634,0.10681240782937962,0.3333333333333333,0.0,0.5625,0.06926548480624542,0.045162995495169396,0.125,0.0,0.25,0.10568242620177626,0.06292538666179645,0.044444444444444446,0.0,0.3404255319148936
networkcoindash,3.0,3.0,0.75,0.25219730723294864,0.10411674348201079,0.3333333333333333,0.047619047619047616,0.5,0.07107976042248898,0.04388442028858653,0.06666666666666667,0.008152173913043478,0.21428571428571427,0.10861852591628346,0.06107021411124781,0.2,0.015151515151515152,0.3
networkcoindash,3.0,3.0,1.0,0.2670092770583443,0.11010908151424947,0.3333333333333333,0.058823529411764705,0.6428571428571429,0.07561614861951084,0.047805658346625576,0.047619047619047616,0.008756567425569177,0.24242424242424243,0.11539634259017437,0.06616191087611835,0.043478260869565216,0.01646542261251372,0.3404255319148936
networkcoindash,3.0,3.0,2.0,0.305901924225851,0.11542626044443777,0.3333333333333333,0.05714285714285714,0.6666666666666666,0.08594866455495478,0.05020143378374626,0.125,0.010869565217391304,0.2857142857142857,0.13143955904119253,0.06935750823213069,0.26666666666666666,0.020202020202020204,0.4
networkcoindash,3.0,3.0,3.0,0.3442758153685838,0.1262219087928089,0.3333333333333333,0.05714285714285714,0.7142857142857143,0.09694566090583875,0.05616593054421637,0.09803921568627451,0.012228260869565218,0.2894736842105263,0.14819154174806806,0.07729822566256082,0.09523809523809523,0.022727272727272728,0.4074074074074074
networkcoindash,3.0,3.0,5.0,0.3808452373979173,0.1307084768696394,0.42857142857142855,0.09523809523809523,0.75,0.10708599040107009,0.06014453234593986,0.08,0.014945652173913044,0.2833333333333333,0.16373916146201004,0.08226676349721346,0.07114624505928854,0.027777777777777776,0.3829787234042553
networkcoindash,3.0,5.0,0,0.2275576946204513,0.11196126910910927,0.3333333333333333,0.0273972602739726,0.625,0.0638851174469582,0.04385151306853392,0.14285714285714285,0.006153846153846154,0.2631578947368421,0.0976350602735359,0.06176844305639476,0.16,0.010050251256281405,0.37037037037037035
networkcoindash,3.0,5.0,0.1,0.2290801181098883,0.11324667004063556,0.3333333333333333,0.03571428571428571,0.5625,0.06468340270114586,0.04484996876091656,0.047619047619047616,0.009009009009009009,0.23684210526315788,0.09876486342205244,0.06311703713781554,0.07407407407407408,0.015075376884422113,0.3333333333333333
networkcoindash,3.0,5.0,0.25,0.23347561470332176,0.10986773396545538,0.3333333333333333,0.025,0.5,0.06583235647874464,0.044658851514128774,0.02702702702702703,0.008928571428571428,0.21052631578947367,0.10052170977715372,0.06246556182935339,0.16,0.013157894736842103,0.2962962962962963
networkcoindash,3.0,5.0,0.5,0.2396170678208288,0.11382010907215875,0.4,0.025,0.625,0.06710942455574746,0.045238927446895,0.02702702702702703,0.008928571428571428,0.2631578947368421,0.10267395625016804,0.0637111602585954,0.2,0.013157894736842103,0.37037037037037035
networkcoindash,3.0,5.0,0.75,0.24876977353401517,0.11677181673286596,0.22580645161290322,0.03070175438596491,0.625,0.07016285969912521,0.04763530497944401,0.047619047619047616,0.008670520231213872,0.2631578947368421,0.10712005795408741,0.0665264276357323,0.06451612903225806,0.015228426395939085,0.37037037037037035
networkcoindash,3.0,5.0,1.0,0.2541961616652766,0.12146369905355285,0.3333333333333333,0.042682926829268296,0.625,0.0713757010612308,0.04839366076182579,0.047619047619047616,0.007472826086956522,0.2631578947368421,0.10916579445791935,0.06812128735571021,0.043478260869565216,0.013888888888888888,0.37037037037037035
networkcoindash,3.0,5.0,2.0,0.28336955548201725,0.13156118902059497,0.3333333333333333,0.046012269938650305,0.6296296296296297,0.07992435550116608,0.05344764951532462,0.061224489795918366,0.008670520231213872,0.2631578947368421,0.12213512068230935,0.07500106236832903,0.26666666666666666,0.015228426395939085,0.37037037037037035
networkcoindash,3.0,5.0,3.0,0.30779232919494875,0.13189795796457957,0.5,0.04591836734693878,0.6428571428571429,0.08677387833949986,0.05538688669746843,0.1864406779661017,0.010115606936416185,0.2631578947368421,0.13259970684638092,0.07706757903494904,0.1111111111111111,0.017766497461928935,0.37037037037037035
networkcoindash,3.0,5.0,5.0,0.3484972770043986,0.14027717753282745,0.5,0.050505050505050504,0.7142857142857143,0.09754478025407667,0.05943812608412169,0.09302325581395349,0.01288659793814433,0.2894736842105263,0.14930675808546956,0.08248928676359728,0.09523809523809523,0.02053388090349076,0.4074074074074074
networkcoindash,5.0,0,0,0.07524965546132967,0.05232744059375668,0.0,0.0,0.2789115646258503,0.022059713726100102,0.019782740867398122,0.0,0.0,0.11428571428571428,0.03336467442552835,0.02779041431099715,0.0,0.0,0.14545454545454545
networkcoindash,5.0,0,0.1,0.08313384924883163,0.059878182275762665,0.0,0.0,0.32653061224489793,0.02413526210122243,0.02263591753762275,0.0,0.0,0.17204301075268819,0.036616301419472495,0.031847833327443426,0.0,0.0,0.22535211267605634
networkcoindash,5.0,0,0.25,0.08900167141162717,0.06406767453754252,0.0,0.0,0.36363636363636365,0.025824426029218275,0.024551936868475795,0.0,0.0,0.16129032258064516,0.03907023373300954,0.034227380822665916,0.0,0.0,0.21126760563380284
networkcoindash,5.0,0,0.5,0.10041707304702946,0.06584213291090342,0.0,0.0,0.3333333333333333,0.029696799987167108,0.026370720869676158,0.0,0.0,0.13978494623655913,0.04486116625894278,0.036865703713133004,0.0,0.0,0.18309859154929578
networkcoindash,5.0,0,0.75,0.11427852522559653,0.06974504838776568,0.0,0.0,0.391304347826087,0.033076007952151466,0.02813832046907519,0.0,0.0,0.1827956989247312,0.05016980782455509,0.03915337858706608,0.0,0.0,0.24
networkcoindash,5.0,0,1.0,0.13487146308818868,0.08013889423871301,0.0,0.0,0.4090909090909091,0.039239679066504864,0.03245416983443587,0.0,0.0,0.17204301075268819,0.05953182820986598,0.045289135279738366,0.0,0.0,0.23076923076923078
networkcoindash,5.0,0,2.0,0.22601081605862894,0.11024212737777056,0.3333333333333333,0.0,0.5714285714285714,0.0649603112671585,0.047363458344757636,0.0,0.0,0.2692307692307692,0.09886361700036701,0.06564622016603057,0.0,0.0,0.3414634146341463
networkcoindash,5.0,0,3.0,0.31835808651722514,0.12423873075313029,0.25,0.02857142857142857,0.75,0.0904181267214633,0.056457857271139666,0.125,0.011675423234092236,0.3076923076923077,0.13794685798337147,0.07745685113951994,0.25,0.01785714285714286,0.3902439024390244
networkcoindash,5.0,0,5.0,0.3664086789246039,0.12963036721775875,0.5,0.0,0.8125,0.10308865891270799,0.059461426575603875,0.25,0.0,0.3076923076923077,0.15760392953460456,0.08127150738572178,0.15384615384615385,0.0,0.4126984126984127
networkcoindash,5.0,0.1,0,0.0804845964795021,0.059454294329900355,0.0,0.0,0.3125,0.023284091460693206,0.022251098312712346,0.0,0.0,0.15053763440860216,0.035334264214612526,0.03151919427610963,0.0,0.0,0.1971830985915493
networkcoindash,5.0,0.1,0.1,0.08688997641228768,0.06203898702710247,0.0,0.0,0.28,0.025299848765767217,0.02322059882958368,0.0,0.0,0.125,0.038320469169746824,0.03289432358356313,0.0,0.0,0.17073170731707316
networkcoindash,5.0,0.1,0.25,0.08909097459085462,0.06184539433740883,0.0,0.0,0.36363636363636365,0.025508484726163044,0.022421134790797853,0.0,0.0,0.13114754098360656,0.038802305137281196,0.031936673167422075,0.0,0.0,0.1927710843373494
networkcoindash,5.0,0.1,0.5,0.10049457945314846,0.07375836497398319,0.0,0.0,0.3877551020408163,0.02955308175625971,0.02821709886235866,0.0,0.0,0.20430107526881722,0.044735544614526446,0.039914093605914754,0.0,0.0,0.2676056338028169
networkcoindash,5.0,0.1,0.75,0.12498320904260911,0.07743936521456378,0.0,0.0,0.4117647058823529,0.036569953112522716,0.031071839753380532,0.0,0.0,0.17543859649122806,0.0553567432735895,0.04338520282334955,0.0,0.0,0.24390243902439024
networkcoindash,5.0,0.1,1.0,0.14482653782205587,0.08694647057487877,0.0,0.0,0.4827586206896552,0.042230898526768666,0.03673241801676807,0.0,0.0,0.23333333333333334,0.06389702571797316,0.05044334458285347,0.0,0.0,0.31460674157303375
networkcoindash,5.0,0.1,2.0,0.23966157232868412,0.1093232165026694,0.3333333333333333,0.0,0.5714285714285714,0.06860321332068287,0.04744301698288917,0.0,0.0,0.2692307692307692,0.10439714199947459,0.06532888728429997,0.0,0.0,0.3414634146341463
networkcoindash,5.0,0.1,3.0,0.3207070349693021,0.12299111007147677,0.25,0.0,0.6875,0.08982640756513574,0.05374980307187111,0.0,0.0,0.25,0.1375225109178805,0.07419482829428795,0.0,0.0,0.3492063492063492
networkcoindash,5.0,0.1,5.0,0.36875999508188567,0.1318875934243833,0.5,0.0,0.75,0.10374756404556366,0.05932323102745033,0.08,0.0,0.2692307692307692,0.15860322965295648,0.08131875388533921,0.08333333333333333,0.0,0.380952380952381
networkcoindash,5.0,0.25,0,0.08698351003133714,0.05967986617608193,0.0,0.0,0.3673469387755102,0.025255321212527646,0.02342657018813082,0.0,0.0,0.1935483870967742,0.03828519418374783,0.03265609716358381,0.0,0.0,0.2535211267605634
networkcoindash,5.0,0.25,0.1,0.08754829038716139,0.057077885221142904,0.0,0.0,0.26666666666666666,0.025319243388369012,0.02166927877052264,0.0,0.0,0.12903225806451613,0.03843440120161212,0.03044835320180782,0.0,0.0,0.16901408450704222
networkcoindash,5.0,0.25,0.25,0.0958452179526043,0.06652272559718252,0.0,0.0,0.35,0.027741052086076856,0.02487616934707529,0.0,0.0,0.13978494623655913,0.04213014216448379,0.03531363193167806,0.0,0.0,0.18309859154929578
networkcoindash,5.0,0.25,0.5,0.11555273629780616,0.07158990559030379,0.0,0.0,0.35185185185185186,0.033654313863505085,0.02924598494959221,0.0,0.0,0.19230769230769232,0.050971417300239276,0.04044721292816695,0.0,0.0,0.2439024390243902
networkcoindash,5.0,0.25,0.75,0.13231105157604417,0.07999524586994837,0.0,0.0,0.38461538461538464,0.03847996794525955,0.03192549270146961,0.0,0.0,0.1935483870967742,0.05836574407291649,0.0445689514649104,0.0,0.0,0.2535211267605634
networkcoindash,5.0,0.25,1.0,0.15253023218737896,0.08611171865851489,0.0,0.0,0.5294117647058824,0.04427975916205002,0.034575716728153676,0.0,0.0,0.1935483870967742,0.06715492985210393,0.04838679815726899,0.0,0.0,0.2535211267605634
networkcoindash,5.0,0.25,2.0,0.25666492597680796,0.10664920460330117,0.25,0.0,0.5789473684210527,0.07247455309692746,0.045278682457309066,0.047619047619047616,0.0,0.23076923076923078,0.11072018540122841,0.06267350909874862,0.07407407407407407,0.0,0.3
networkcoindash,5.0,0.25,3.0,0.3268061631510096,0.1253784769210052,0.5,0.0,0.6666666666666666,0.09206229302016224,0.05635646879774039,0.058823529411764705,0.0,0.2692307692307692,0.14070485678076433,0.077402281591897,0.23076923076923075,0.0,0.37037037037037035
networkcoindash,5.0,0.25,5.0,0.36579367837961874,0.129848435539962,0.5,0.047619047619047616,0.75,0.10290627424822378,0.05901185057926773,0.09803921568627451,0.010869565217391304,0.34615384615384615,0.15735988143913887,0.08082133059194241,0.3,0.020202020202020204,0.43902439024390244
networkcoindash,5.0,0.5,0,0.09852859491035784,0.06011591913540378,0.0,0.0,0.3197278911564626,0.028218710363903332,0.023055769153222726,0.0,0.0,0.13333333333333333,0.042912538516060306,0.03234588709787931,0.0,0.0,0.17977528089887643
networkcoindash,5.0,0.5,0.1,0.1133924324135769,0.07160987915945333,0.0,0.0,0.36363636363636365,0.03309810068578013,0.029267019514133588,0.0,0.0,0.17204301075268819,0.05015680994989813,0.040861483370034715,0.0,0.0,0.22535211267605634
networkcoindash,5.0,0.5,0.25,0.11243801114050737,0.06760971834667301,0.0,0.0,0.32653061224489793,0.032506036178501306,0.027403814070666024,0.0,0.0,0.17204301075268819,0.049292318771300817,0.03821318229316781,0.0,0.0,0.22535211267605634
networkcoindash,5.0,0.5,0.5,0.13608473000760699,0.07703559983192332,0.0,0.0,0.4090909090909091,0.038787213144489754,0.030683746268095374,0.0,0.0,0.20430107526881722,0.0590744607584562,0.042900393802358446,0.0,0.0,0.2676056338028169
networkcoindash,5.0,0.5,0.75,0.15724249532230775,0.08448996864593679,0.14285714285714285,0.0,0.4375,0.04487235794409145,0.03499983133955881,0.0,0.0,0.18421052631578946,0.06827692397984654,0.048585714813916964,0.0,0.0,0.25925925925925924
networkcoindash,5.0,0.5,1.0,0.1726254724053103,0.08864299483392579,0.125,0.0,0.5,0.049174289905937585,0.03676823772213575,0.0,0.0,0.21311475409836064,0.07495539787907564,0.051183223667065694,0.0,0.0,0.29885057471264365
networkcoindash,5.0,0.5,2.0,0.27127107748974344,0.11404996948081904,0.5,0.0,0.65,0.0769973503288113,0.05125822541943746,0.0,0.0,0.2692307692307692,0.11744154082424163,0.0702958994131495,0.0,0.0,0.3414634146341463
networkcoindash,5.0,0.5,3.0,0.32038113748374003,0.12067540680367661,0.3333333333333333,0.02857142857142857,0.6428571428571429,0.09079228237242327,0.055521719343882385,0.07142857142857142,0.008152173913043478,0.3076923076923077,0.13859203343154752,0.07604552091504116,0.05555555555555555,0.015151515151515152,0.3902439024390244
networkcoindash,5.0,0.5,5.0,0.37013652892359616,0.13122149580194897,0.5,0.0,0.75,0.10372296815773936,0.05829055323406487,0.10256410256410256,0.0,0.3181818181818182,0.15872335555412678,0.0799298703379662,0.09523809523809523,0.0,0.4468085106382979
networkcoindash,5.0,0.75,0,0.1169856814001215,0.06379422228929475,0.0,0.0,0.3125,0.033236648799816054,0.0253373231229797,0.0,0.0,0.16129032258064516,0.05067173627620101,0.035452635069489556,0.0,0.0,0.21126760563380284
networkcoindash,5.0,0.75,0.1,0.12275671022673187,0.06946226532279058,0.0,0.0,0.38461538461538464,0.03487905137647845,0.027895729931622936,0.0,0.0,0.16393442622950818,0.05310206285461961,0.03870521348642537,0.0,0.0,0.22988505747126436
networkcoindash,5.0,0.75,0.25,0.1382444368637709,0.07577995125302434,0.0,0.0,0.36363636363636365,0.03932292625465763,0.029657201197589605,0.0,0.0,0.16129032258064516,0.05995541432365693,0.041824837461032306,0.0,0.0,0.21126760563380284
networkcoindash,5.0,0.75,0.5,0.1528480661896392,0.08372276363182495,0.0,0.0,0.47619047619047616,0.043961691582275864,0.03509213896106455,0.0,0.0,0.23655913978494625,0.06679132871803134,0.04854361601013311,0.0,0.0,0.30985915492957744
networkcoindash,5.0,0.75,0.75,0.17213461070246194,0.08589593317398184,0.25,0.0,0.5,0.049644627888444225,0.038364777288323576,0.0,0.0,0.22580645161290322,0.0753828217275412,0.05252007099997968,0.0,0.0,0.3
networkcoindash,5.0,0.75,1.0,0.2008452494296407,0.09359637480975899,0.25,0.0,0.6071428571428571,0.05706556143604835,0.0414514609813119,0.05172413793103448,0.0,0.25757575757575757,0.08691863701267145,0.05685025184931327,0.18181818181818182,0.0,0.3617021276595745
networkcoindash,5.0,0.75,2.0,0.27785737999205284,0.1140700265754404,0.3333333333333333,0.0,0.6,0.07846998837816077,0.04964385684639072,0.04878048780487805,0.0,0.23684210526315788,0.11987122073331831,0.06873398580375148,0.0,0.0,0.3333333333333333
networkcoindash,5.0,0.75,3.0,0.324330891674017,0.1211059406198393,0.3333333333333333,0.0,0.6666666666666666,0.09171810728949314,0.05520448116589257,0.2,0.0,0.2692307692307692,0.14010114764666884,0.07583627078090785,0.3,0.0,0.3617021276595745
networkcoindash,5.0,0.75,5.0,0.37243463587904274,0.12931265007308318,0.5,0.0,0.75,0.1042100355470792,0.058008638074003804,0.09302325581395349,0.0,0.3076923076923077,0.15952660291178572,0.07945122091682322,0.25,0.0,0.3902439024390244
networkcoindash,5.0,1.0,0,0.13662802746411268,0.06892808620394161,0.2,0.0,0.3877551020408163,0.039035074607796594,0.029155040489206172,0.0,0.0,0.20430107526881722,0.05940352108345789,0.04030859900664166,0.0,0.0,0.2676056338028169
networkcoindash,5.0,1.0,0.1,0.14812209935283113,0.07563564404380373,0.0,0.0,0.4090909090909091,0.04215233460017747,0.032058219983762994,0.0,0.0,0.1827956989247312,0.06422365732689857,0.044525678946936924,0.0,0.0,0.23943661971830985
networkcoindash,5.0,1.0,0.25,0.16279390911461009,0.07761409919127654,0.125,0.0,0.4,0.04583929472134214,0.03223414366596635,0.0,0.0,0.20430107526881722,0.07003597259526774,0.044864264299867604,0.0,0.0,0.2676056338028169
networkcoindash,5.0,1.0,0.5,0.1780952681240422,0.08325922140876245,0.125,0.0,0.46153846153846156,0.05024541641426131,0.03522476927958891,0.0,0.0,0.22580645161290322,0.07668477430100012,0.04891034787250021,0.0,0.0,0.29577464788732394
networkcoindash,5.0,1.0,0.75,0.19500016471950776,0.08983415837098756,0.14285714285714285,0.0,0.48148148148148145,0.055877666912111316,0.040657805637500176,0.0,0.0,0.23655913978494625,0.08496903365242035,0.0556006757313934,0.0,0.0,0.30985915492957744
networkcoindash,5.0,1.0,1.0,0.21762620651045517,0.09275857756724656,0.25,0.0,0.5,0.061313787446189746,0.03919297333877893,0.0410958904109589,0.0,0.18421052631578946,0.09370546837419329,0.05442756184929964,0.1702127659574468,0.0,0.25925925925925924
networkcoindash,5.0,1.0,2.0,0.28395558841037294,0.10820622410334514,0.3333333333333333,0.0,0.5714285714285714,0.07994118227662639,0.04792342040925631,0.06976744186046512,0.0,0.24242424242424243,0.12223892867872642,0.06609715460857626,0.2,0.0,0.3404255319148936
networkcoindash,5.0,1.0,3.0,0.3330905230098709,0.12610705649264337,0.5,0.05714285714285714,0.8125,0.09421620031476975,0.05692034211814244,0.03003003003003003,0.010869565217391304,0.2857142857142857,0.14386693856473903,0.07810410397828396,0.08888888888888889,0.020202020202020204,0.4126984126984127
networkcoindash,5.0,1.0,5.0,0.37605899263195264,0.12813760647336653,0.5,0.1,0.75,0.10551741894087108,0.05801065085179887,0.14634146341463414,0.012228260869565218,0.2692307692307692,0.16144985802436657,0.07946201176371857,0.10552763819095477,0.022727272727272728,0.380952380952381
networkcoindash,5.0,2.0,0,0.196004622451456,0.08806530216799426,0.3333333333333333,0.0,0.5714285714285714,0.05484778719206221,0.03534517759823842,0.0410958904109589,0.0,0.1875,0.08389907064414194,0.04944622553696316,0.0,0.0,0.25531914893617025
networkcoindash,5.0,2.0,0.1,0.1979912450168251,0.08567825321744708,0.25,0.0,0.5,0.055609990245638494,0.036756626917528484,0.03076923076923077,0.0,0.21505376344086022,0.0850062252025795,0.05064992167099973,0.0,0.0,0.3
networkcoindash,5.0,2.0,0.25,0.2063672097372101,0.085205039400859,0.2,0.045454545454545456,0.4782608695652174,0.05807478991287536,0.03691570465903294,0.04,0.008108108108108109,0.2,0.08871047766507285,0.050893785812256176,0.18181818181818182,0.015228426395939085,0.28205128205128205
networkcoindash,5.0,2.0,0.5,0.21869903267347943,0.0985283753528923,0.3333333333333333,0.0,0.5384615384615384,0.062214397523009224,0.04229537029564515,0.04878048780487805,0.0,0.21875,0.09486110933581571,0.05877236192860129,0.0,0.0,0.2978723404255319
networkcoindash,5.0,2.0,0.75,0.23476800410274168,0.09889980629695642,0.25,0.0,0.5454545454545454,0.06599614547986069,0.04172479207752593,0.0975609756097561,0.0,0.21505376344086022,0.10091889177720825,0.058150632981749245,0.15384615384615385,0.0,0.2962962962962963
networkcoindash,5.0,2.0,1.0,0.24415542009669414,0.10472113494281883,0.3333333333333333,0.0,0.5555555555555556,0.06896474171174267,0.04415001983990474,0.04878048780487805,0.0,0.21212121212121213,0.10534694823030936,0.06145259438516036,0.15384615384615385,0.0,0.2978723404255319
networkcoindash,5.0,2.0,2.0,0.2918851050421636,0.11474076476810474,0.3333333333333333,0.02857142857142857,0.625,0.0823201929703797,0.05001042824386867,0.06666666666666667,0.010869565217391304,0.23684210526315788,0.125745774368979,0.06902391062376965,0.2,0.01785714285714286,0.33766233766233766
networkcoindash,5.0,2.0,3.0,0.3379430753689928,0.12029529742164503,0.5,0.02857142857142857,0.6875,0.09496523563026571,0.05461707520052381,0.07142857142857142,0.012259194395796848,0.2857142857142857,0.14522700646701034,0.07491047204274139,0.14285714285714285,0.01785714285714286,0.4
networkcoindash,5.0,2.0,5.0,0.3787496889568794,0.1315769956870019,0.3333333333333333,0.09523809523809523,0.75,0.10671362596871721,0.060145516731248634,0.25,0.014266304347826086,0.30303030303030304,0.16313004933659325,0.08241749982577636,0.09523809523809523,0.026515151515151512,0.42553191489361697
networkcoindash,5.0,3.0,0,0.22233393915477873,0.10143242557319986,0.3,0.0,0.5185185185185185,0.06266159662208229,0.041199386590556934,0.046511627906976744,0.0,0.19696969696969696,0.095653594581077,0.057432611627577373,0.16,0.0,0.2765957446808511
networkcoindash,5.0,3.0,0.1,0.22251118706242778,0.09845932930325717,0.2,0.0,0.5,0.06280557002236675,0.0408552379207004,0.14285714285714285,0.0,0.21311475409836064,0.09595104105159383,0.05709784496095877,0.18181818181818182,0.0,0.29885057471264365
networkcoindash,5.0,3.0,0.25,0.2223699148227307,0.0998702395243845,0.3333333333333333,0.0,0.5384615384615384,0.06283290955503706,0.041551582253213926,0.047619047619047616,0.0,0.19672131147540983,0.09594415434826767,0.05803743478030687,0.11764705882352942,0.0,0.27586206896551724
networkcoindash,5.0,3.0,0.5,0.23913260361619113,0.10557367484446624,0.3333333333333333,0.02857142857142857,0.5,0.06727820993329303,0.04297141685017424,0.047619047619047616,0.008108108108108109,0.22857142857142856,0.1028432043079371,0.06001857004022441,0.2,0.015789473684210527,0.2962962962962963
networkcoindash,5.0,3.0,0.75,0.2437857244824978,0.10601202237904464,0.3333333333333333,0.0,0.5625,0.06937220585622175,0.04574254752358005,0.125,0.0,0.25,0.10575692143780716,0.06339588239607824,0.13333333333333333,0.0,0.3404255319148936
networkcoindash,5.0,3.0,1.0,0.2587170223926362,0.11239516107200771,0.3333333333333333,0.0,0.625,0.0732146270578931,0.04743209870520743,0.047619047619047616,0.0,0.2631578947368421,0.11178277623300699,0.06599784571722656,0.15384615384615385,0.0,0.37037037037037035
networkcoindash,5.0,3.0,2.0,0.2970705396259343,0.11873290664697758,0.5,0.08088235294117647,0.6428571428571429,0.083952593304138,0.051034745650542106,0.125,0.010190217391304348,0.26666666666666666,0.12824330373762927,0.0708134134905241,0.25,0.01893939393939394,0.35955056179775285
networkcoindash,5.0,3.0,3.0,0.3335860470262454,0.1223960622433506,0.25,0.02857142857142857,0.6428571428571429,0.09422572797754881,0.05593063017597507,0.14285714285714285,0.012907608695652174,0.2857142857142857,0.1438934377512009,0.07654198685242962,0.1111111111111111,0.01785714285714286,0.3829787234042553
networkcoindash,5.0,3.0,5.0,0.3757233390426371,0.12932341748422183,0.3333333333333333,0.05714285714285714,0.75,0.10511495166960164,0.057971103122024505,0.047619047619047616,0.014266304347826086,0.2894736842105263,0.16095080620707175,0.07956626923511961,0.13333333333333333,0.026515151515151512,0.4074074074074074
networkcoindash,5.0,5.0,0,0.22388202226687123,0.10850770185016766,0.3333333333333333,0.03048780487804878,0.5625,0.06305334452226541,0.04319173425379022,0.047619047619047616,0.0070052539404553416,0.23684210526315788,0.09629846650899589,0.060389877522880435,0.16,0.013172338090010977,0.3333333333333333
networkcoindash,5.0,5.0,0.1,0.2246629440696804,0.1116963534787697,0.14285714285714285,0.04591836734693878,0.5625,0.06264409528295589,0.04257781454181487,0.10526315789473684,0.008172796263864565,0.23684210526315788,0.0959151063914975,0.06035243652059201,0.044444444444444446,0.015367727771679473,0.3333333333333333
networkcoindash,5.0,5.0,0.25,0.22855388825977976,0.11075698102680766,0.3333333333333333,0.0273972602739726,0.625,0.06442312494829126,0.044408920842848795,0.11538461538461539,0.006153846153846154,0.2631578947368421,0.09839722479170032,0.06231759099371111,0.044444444444444446,0.010050251256281405,0.37037037037037035
networkcoindash,5.0,5.0,0.5,0.23784118316539332,0.11218346621050068,0.3333333333333333,0.04,0.5625,0.06688221813872204,0.04495535380699055,0.1111111111111111,0.008670520231213872,0.23684210526315788,0.10217913391981037,0.06299417480422721,0.16,0.015075376884422113,0.3333333333333333
networkcoindash,5.0,5.0,0.75,0.24474290932008771,0.12035794405476334,0.14285714285714285,0.0410958904109589,0.5625,0.06891178878248813,0.04765951295237756,0.14285714285714285,0.007075471698113208,0.23809523809523808,0.10522368727257257,0.06684791490061498,0.25,0.012552301255230125,0.3333333333333333
networkcoindash,5.0,5.0,1.0,0.25257624024318803,0.12107548692163025,0.14285714285714285,0.03048780487804878,0.625,0.07101575269528287,0.04876442653706488,0.047619047619047616,0.010190217391304348,0.2631578947368421,0.10852050528636868,0.06831432044336318,0.05970149253731343,0.017094017094017096,0.37037037037037035
networkcoindash,5.0,5.0,2.0,0.28224206117603795,0.12829255421385907,0.3333333333333333,0.04,0.6428571428571429,0.07927838814215965,0.052217017072581806,0.06153846153846154,0.010526315789473684,0.2631578947368421,0.12118629040683683,0.07300067565269949,0.06666666666666667,0.016666666666666666,0.37037037037037035
networkcoindash,5.0,5.0,3.0,0.3072243882528172,0.13810856522657453,0.5,0.042682926829268296,0.6875,0.08662139553025948,0.05735365665430983,0.09090909090909091,0.010115606936416185,0.2894736842105263,0.13238221635869685,0.08017476950782225,0.125,0.017766497461928935,0.4074074074074074
networkcoindash,5.0,5.0,5.0,0.35185947907599335,0.13987950255211112,0.5,0.039473684210526314,0.75,0.09875056008007994,0.060305482347525405,0.02702702702702703,0.013513513513513514,0.2878787878787879,0.15110843744794314,0.08359610048168516,0.08888888888888889,0.022613065326633167,0.4067796610169491
