dataset,decay_factor,alpha,beta,mean_precision,std_precision,mode_precision,min_precision,max_precision,mean_recall,std_recall,mode_recall,min_recall,max_recall,mean_f1,std_f1,mode_f1,min_f1,max_f1
networkiconomi,0,0,0.1,0.06811093887197876,0.05530723169795751,0.0,0.0,0.35294117647058826,0.018404891985201604,0.017511273202640273,0.0,0.0,0.10638297872340426,0.028539834405729898,0.026017856709712482,0.0,0.0,0.15384615384615385
networkiconomi,0,0,0.25,0.06909031606685022,0.05472035076194923,0.0,0.0,0.3333333333333333,0.01887839394826058,0.01762595408445244,0.0,0.0,0.10714285714285714,0.029203173301235154,0.02605152201470168,0.0,0.0,0.15189873417721517
networkiconomi,0,0,0.5,0.07225434380716249,0.057471994815088794,0.0,0.0,0.3888888888888889,0.01990687332122587,0.01918476507753111,0.0,0.0,0.14893617021276595,0.030749745161860388,0.028177966919808974,0.0,0.0,0.21538461538461537
networkiconomi,0,0,0.75,0.08687660829472652,0.06201867769013824,0.0,0.0,0.4,0.023675087780114533,0.021296437262903048,0.0,0.0,0.17647058823529413,0.036594126128285075,0.03072389641025561,0.0,0.0,0.22857142857142856
networkiconomi,0,0,1.0,0.10526334271243767,0.06889911787934999,0.0,0.0,0.4444444444444444,0.02818741830040417,0.022689059978182123,0.0,0.0,0.1320754716981132,0.043781177951155784,0.03331932341816531,0.0,0.0,0.19148936170212763
networkiconomi,0,0,2.0,0.18715209217531234,0.08884700960430877,0.16666666666666666,0.0,0.5,0.04920484955493563,0.030189220833594682,0.0,0.0,0.18,0.07668670359640635,0.043503534250069406,0.0,0.0,0.25675675675675674
networkiconomi,0,0,3.0,0.2689820248951051,0.10695182010880648,0.2,0.0,0.6666666666666666,0.06939907737118453,0.03592646502376182,0.0625,0.0,0.24,0.10858871982194582,0.05154662856710719,0.18181818181818182,0.0,0.3380281690140845
networkiconomi,0,0,5.0,0.324227141064172,0.11664195882966623,0.3333333333333333,0.11764705882352941,0.7333333333333333,0.08338209241841432,0.04008828504179649,0.125,0.02276707530647986,0.29411764705882354,0.1305248442876274,0.056855035654593586,0.10526315789473684,0.04166666666666667,0.35714285714285715
networkiconomi,0,0.1,0,0.06136101506999141,0.05418208627162458,0.0,0.0,0.3,0.01695254356868694,0.017960913879598597,0.0,0.0,0.125,0.026138866423647274,0.026312361109225333,0.0,0.0,0.17647058823529413
networkiconomi,0,0.1,0.1,0.06198559968990673,0.051074586985823574,0.0,0.0,0.3333333333333333,0.016838252638547855,0.016102569154546977,0.0,0.0,0.1,0.02609015579124299,0.02390063700323441,0.0,0.0,0.15384615384615383
networkiconomi,0,0.1,0.25,0.0706059139889886,0.05591951158447764,0.0,0.0,0.29411764705882354,0.019151798242576457,0.01862055539355988,0.0,0.0,0.11764705882352941,0.029626259433366605,0.027174636829250896,0.0,0.0,0.14814814814814814
networkiconomi,0,0.1,0.5,0.08184602398952161,0.06261715247811141,0.0,0.0,0.3125,0.022234565880110618,0.020829138753457127,0.0,0.0,0.125,0.03444155657135722,0.03050722148918881,0.0,0.0,0.17721518987341772
networkiconomi,0,0.1,0.75,0.09191522898906462,0.06300574742182986,0.0,0.0,0.35294117647058826,0.024729280090508968,0.02106342606254319,0.0,0.0,0.17647058823529413,0.03836336913823063,0.03050747545528179,0.0,0.0,0.21428571428571427
networkiconomi,0,0.1,1.0,0.10819616313751915,0.06311522867104423,0.0,0.0,0.375,0.029157566223182795,0.022146858559183448,0.0,0.0,0.15,0.04519943389609465,0.03190615515081519,0.0,0.0,0.20338983050847456
networkiconomi,0,0.1,2.0,0.19570339276538845,0.09126077991597058,0.16666666666666666,0.0,0.5333333333333333,0.05131925946264762,0.030341387739510034,0.09090909090909091,0.0,0.20833333333333334,0.08012270999114048,0.044409547491618545,0.1111111111111111,0.0,0.29411764705882354
networkiconomi,0,0.1,3.0,0.27350115316313045,0.106180430571244,0.3333333333333333,0.06666666666666667,0.6428571428571429,0.07088128784116846,0.035925408870696826,0.0625,0.010869565217391304,0.24,0.11084403378548693,0.05175410205010485,0.13333333333333333,0.018691588785046728,0.3287671232876712
networkiconomi,0,0.1,5.0,0.32755092011280884,0.11780209393127805,0.3333333333333333,0.1,0.7368421052631579,0.08415400348604371,0.040395711295861454,0.0625,0.021739130434782608,0.35294117647058826,0.13177451451336775,0.057253307798523195,0.12903225806451613,0.036269430051813475,0.42857142857142855
networkiconomi,0,0.25,0,0.06450557220177525,0.05238018651430306,0.0,0.0,0.26666666666666666,0.01734743047335708,0.016696180653109568,0.0,0.0,0.11627906976744186,0.026946950325150352,0.024714442000903867,0.0,0.0,0.15873015873015872
networkiconomi,0,0.25,0.1,0.06973546187859458,0.05651694576432082,0.0,0.0,0.4,0.018810523132116987,0.017896098089187167,0.0,0.0,0.14285714285714285,0.029172439973379528,0.026495426010215362,0.0,0.0,0.21052631578947364
networkiconomi,0,0.25,0.25,0.07701997211789674,0.06004930830636545,0.0,0.0,0.3076923076923077,0.02075342579137249,0.01940527995324641,0.0,0.0,0.10714285714285714,0.032168778548353774,0.028460238189233253,0.0,0.0,0.15217391304347827
networkiconomi,0,0.25,0.5,0.08898098230360803,0.06503896722550184,0.0,0.0,0.4,0.02440664567326704,0.02113082723038348,0.0,0.0,0.10714285714285714,0.03773992754603186,0.03126299515493711,0.0,0.0,0.16901408450704225
networkiconomi,0,0.25,0.75,0.10109274600339445,0.06383626040264169,0.0,0.0,0.4166666666666667,0.027103719472509183,0.022060238082346147,0.0,0.0,0.17647058823529413,0.04204931995714752,0.0317816414403244,0.0,0.0,0.21428571428571427
networkiconomi,0,0.25,1.0,0.12011188316353606,0.06757677714949793,0.0,0.0,0.3888888888888889,0.03214734788773936,0.022826349639601347,0.0,0.0,0.12903225806451613,0.049950949577376225,0.03325551937148603,0.0,0.0,0.18604651162790697
networkiconomi,0,0.25,2.0,0.20221776847734743,0.08493107777949672,0.2,0.0,0.5384615384615384,0.05321038554292611,0.030569665893780653,0.045454545454545456,0.0,0.19230769230769232,0.08293875439476339,0.04368010012400365,0.06896551724137931,0.0,0.2564102564102564
networkiconomi,0,0.25,3.0,0.2785752551397566,0.10115281355393184,0.2,0.046875,0.6153846153846154,0.07200338448443891,0.035140602268734486,0.09090909090909091,0.009316770186335404,0.29411764705882354,0.11258610334530114,0.049589459583273314,0.18181818181818182,0.015544041450777202,0.35714285714285715
networkiconomi,0,0.25,5.0,0.32732045700541984,0.11511213720715822,0.3333333333333333,0.125,0.7333333333333333,0.08416648035205844,0.03961623153771717,0.0625,0.024518388791593695,0.29411764705882354,0.13174004062224778,0.05597589341264607,0.12903225806451613,0.04430379746835443,0.3589743589743589
networkiconomi,0,0.5,0,0.07657391505950671,0.060972112396886005,0.0,0.0,0.42857142857142855,0.020857823861174844,0.019940278675572923,0.0,0.0,0.11904761904761904,0.03228692212086746,0.029336629732876242,0.0,0.0,0.16666666666666663
networkiconomi,0,0.5,0.1,0.08338911267607696,0.0580348258236677,0.0,0.0,0.30434782608695654,0.022395952837430556,0.018917353406561664,0.0,0.0,0.14705882352941177,0.0347511727207343,0.02765278471439058,0.0,0.0,0.18518518518518517
networkiconomi,0,0.5,0.25,0.08784331189375783,0.0632220616537004,0.0,0.0,0.45,0.023638104313598484,0.02072452004883497,0.0,0.0,0.13846153846153847,0.036658467582552465,0.03042385416440658,0.0,0.0,0.21176470588235297
networkiconomi,0,0.5,0.5,0.10530846661390042,0.06418189507926587,0.0,0.0,0.38461538461538464,0.027853545630252278,0.020675278226460394,0.0,0.0,0.15151515151515152,0.0433858610064141,0.030395396868565887,0.0,0.0,0.21739130434782608
networkiconomi,0,0.5,0.75,0.11803495475448914,0.06590723708940568,0.0,0.0,0.42857142857142855,0.03119630240813008,0.02126641416540152,0.0,0.0,0.11627906976744186,0.04860626358250796,0.031214900180549177,0.0,0.0,0.15873015873015872
networkiconomi,0,0.5,1.0,0.1382715022400017,0.07420092588181823,0.0,0.0,0.4117647058823529,0.0363727123104183,0.024021895840194683,0.0,0.0,0.12727272727272726,0.056721558764744356,0.035256507223077986,0.0,0.0,0.19444444444444442
networkiconomi,0,0.5,2.0,0.22760238451009082,0.09304224159950174,0.25,0.0,0.6111111111111112,0.05932578185399511,0.03231167470004441,0.09090909090909091,0.0,0.20754716981132076,0.09262647531327278,0.0463108356903293,0.12903225806451613,0.0,0.3098591549295775
networkiconomi,0,0.5,3.0,0.2807554961397114,0.10478463734774664,0.25,0.09836065573770492,0.6428571428571429,0.07230841021497668,0.03604492486387474,0.045454545454545456,0.017513134851138354,0.24,0.11312509122275764,0.05102568499843966,0.06896551724137931,0.02985074626865672,0.3287671232876712
networkiconomi,0,0.5,5.0,0.3311648118204817,0.11928652196395682,0.5,0.125,0.6923076923076923,0.08484907479985987,0.03977325877560777,0.125,0.024518388791593695,0.29411764705882354,0.1329263321895291,0.05656497192386615,0.18181818181818182,0.04145077720207254,0.35714285714285715
networkiconomi,0,0.75,0,0.09313633631108015,0.06258211610845457,0.0,0.0,0.4166666666666667,0.025083439629659796,0.020958590645325844,0.0,0.0,0.15789473684210525,0.03892253409507491,0.03068626979485722,0.0,0.0,0.22222222222222218
networkiconomi,0,0.75,0.1,0.09730811751113963,0.06385247873336751,0.0,0.0,0.4,0.026298257139075416,0.02195642966421071,0.0,0.0,0.17647058823529413,0.040721616178177863,0.03163165830102542,0.0,0.0,0.21428571428571427
networkiconomi,0,0.75,0.25,0.11347669129230158,0.0709104747813079,0.0,0.0,0.5714285714285714,0.03036881944427372,0.022861507351831425,0.0,0.0,0.16,0.04717233933615604,0.0334761122764286,0.0,0.0,0.2222222222222222
networkiconomi,0,0.75,0.5,0.12784984676000768,0.06958460407506603,0.0,0.0,0.42857142857142855,0.03364305369266251,0.022816021583181894,0.0,0.0,0.17647058823529413,0.052450598973691406,0.03320810899118899,0.0,0.0,0.22222222222222224
networkiconomi,0,0.75,0.75,0.1471689917207091,0.07111066778694462,0.2,0.0,0.5,0.0387144916507545,0.02448828796121449,0.0,0.0,0.17647058823529413,0.06033136910621449,0.035271770677405036,0.0,0.0,0.23255813953488375
networkiconomi,0,0.75,1.0,0.16194817967208466,0.07037242853727167,0.2,0.0,0.42105263157894735,0.042614419172976335,0.025264881814919708,0.0,0.0,0.17647058823529413,0.06639998336698671,0.035991029473938695,0.0,0.0,0.21428571428571427
networkiconomi,0,0.75,2.0,0.23893519380806733,0.09319757559698807,0.25,0.07407407407407407,0.6,0.061312823998604486,0.029545125126167394,0.09090909090909091,0.01576182136602452,0.18604651162790697,0.09610161440907271,0.04302249252765606,0.06666666666666667,0.03015075376884422,0.26666666666666666
networkiconomi,0,0.75,3.0,0.28481601020665015,0.10645051060425599,0.25,0.1,0.6842105263157895,0.0731940870667412,0.03539060006618,0.09090909090909091,0.01926444833625219,0.26,0.11464555213443849,0.050903635241426694,0.13333333333333333,0.03685092127303182,0.3561643835616438
networkiconomi,0,0.75,5.0,0.33006131574419323,0.12053361199576244,0.3333333333333333,0.1,0.7692307692307693,0.08493277331372258,0.04223866570067061,0.0625,0.021015761821366025,0.4117647058823529,0.1329243597450262,0.05943556193513722,0.2222222222222222,0.04020100502512563,0.5
networkiconomi,0,1.0,0,0.10969808332599201,0.062223371079459015,0.0,0.0,0.3870967741935484,0.029017928776047874,0.02090414466734638,0.0,0.0,0.15151515151515152,0.04518071516860919,0.030300106280100526,0.0,0.0,0.20408163265306123
networkiconomi,0,1.0,0.1,0.11782550556534761,0.061658952919542154,0.0,0.0,0.42857142857142855,0.03131668869022344,0.021210859910864386,0.0,0.0,0.17647058823529413,0.04866223107618856,0.030333183013419057,0.0,0.0,0.21428571428571427
networkiconomi,0,1.0,0.25,0.12658322399553915,0.06485225541138105,0.16666666666666666,0.0,0.4375,0.033383558779183795,0.022162574594095475,0.0,0.0,0.14893617021276595,0.05201645147594575,0.03223735518952469,0.0,0.0,0.22222222222222218
networkiconomi,0,1.0,0.5,0.14181072466955622,0.06504892574448218,0.2,0.0,0.42857142857142855,0.0367309580585867,0.021722121371246166,0.0,0.0,0.15,0.05739507269267518,0.03131469950047495,0.0,0.0,0.20338983050847456
networkiconomi,0,1.0,0.75,0.15944685988467308,0.07207582278980701,0.2,0.0,0.5,0.04181089686311975,0.024882039429615734,0.05,0.0,0.2,0.06518593637703725,0.03573352906152583,0.0,0.0,0.28571428571428575
networkiconomi,0,1.0,1.0,0.17961547263545957,0.0765240177486659,0.16666666666666666,0.0,0.5,0.04629618777586788,0.02443560776698594,0.058823529411764705,0.0,0.16279069767441862,0.07245802530116593,0.03547618233701031,0.06451612903225806,0.0,0.22535211267605632
networkiconomi,0,1.0,2.0,0.2381682481735589,0.09470264697514806,0.25,0.07142857142857142,0.6,0.06147222721988791,0.03200332713334814,0.09090909090909091,0.015151515151515152,0.23529411764705882,0.09615834712117569,0.045794902016389034,0.06060606060606061,0.02666666666666667,0.2857142857142857
networkiconomi,0,1.0,3.0,0.2871177594653349,0.11006280346095879,0.3333333333333333,0.07692307692307693,0.6842105263157895,0.07358365015989685,0.03621712604927647,0.1,0.020689655172413793,0.24,0.11528407757066515,0.051977705433691346,0.13793103448275862,0.034026465028355386,0.3380281690140845
networkiconomi,0,1.0,5.0,0.3274557992348197,0.11821795276069516,0.3333333333333333,0.11764705882352941,0.7368421052631579,0.08400710907776474,0.03995284020981878,0.125,0.02276707530647986,0.29411764705882354,0.1315855904782424,0.05681862966119744,0.07792207792207792,0.04336043360433604,0.3589743589743589
networkiconomi,0,2.0,0,0.16668158332799143,0.06853845969364579,0.2,0.0,0.4444444444444444,0.04281237421961845,0.022089929032949738,0.058823529411764705,0.0,0.1509433962264151,0.06705205586976665,0.032017840982370385,0.06896551724137931,0.0,0.22535211267605632
networkiconomi,0,2.0,0.1,0.17410232769092318,0.06710865220558547,0.2,0.0,0.4444444444444444,0.04494098922802171,0.023182437844970007,0.03125,0.0,0.17647058823529413,0.07027218778908335,0.032848395516966354,0.06451612903225806,0.0,0.21428571428571427
networkiconomi,0,2.0,0.25,0.1783030091842588,0.07430141609233852,0.2,0.0,0.5,0.04578956399907516,0.023915389750467714,0.045454545454545456,0.0,0.16666666666666666,0.07169913136529471,0.034524506125942725,0.06451612903225806,0.0,0.23529411764705882
networkiconomi,0,2.0,0.5,0.18793892232781542,0.07771554646641639,0.2,0.0,0.47368421052631576,0.048808699293596734,0.02689813776553234,0.0625,0.0,0.18,0.07620128074774475,0.03813424521920563,0.06451612903225806,0.0,0.2465753424657534
networkiconomi,0,2.0,0.75,0.20154416985969373,0.08559686133234082,0.2,0.058823529411764705,0.5714285714285714,0.05193955642061253,0.02810897744191089,0.0625,0.012259194395796848,0.22857142857142856,0.08130022476623372,0.040773825853609696,0.06666666666666667,0.021818181818181816,0.32653061224489793
networkiconomi,0,2.0,1.0,0.2066814424431073,0.08399785724942753,0.2,0.06451612903225806,0.5384615384615384,0.052941797500167365,0.02663378633601943,0.09090909090909091,0.010507880910683012,0.17647058823529413,0.08295804704706185,0.03858631415058723,0.1111111111111111,0.020100502512562814,0.21428571428571427
networkiconomi,0,2.0,2.0,0.24948819579050519,0.10149993523405079,0.2,0.06451612903225806,0.6111111111111112,0.0638261969989898,0.032442371400074,0.1,0.014010507880910683,0.20754716981132076,0.10007874765080635,0.047084760479944074,0.06666666666666667,0.02680067001675042,0.3098591549295775
networkiconomi,0,2.0,3.0,0.2926318534762383,0.10986687018698787,0.25,0.07407407407407407,0.6428571428571429,0.07483492348041931,0.03508370794676433,0.06666666666666667,0.018633540372670808,0.20754716981132076,0.11734325535322847,0.050762212302666705,0.13793103448275862,0.031088082901554404,0.3098591549295775
networkiconomi,0,2.0,5.0,0.33271137150329494,0.11902594306335956,0.5,0.11764705882352941,0.7333333333333333,0.08538313450155939,0.04103631560284656,0.09090909090909091,0.02276707530647986,0.35294117647058826,0.1337429578978167,0.058114700258054236,0.10526315789473684,0.043551088777219436,0.42857142857142855
networkiconomi,0,3.0,0,0.18907870942521865,0.07923746571360067,0.2,0.053763440860215055,0.5,0.04866615035934313,0.026809828634368857,0.0625,0.013210039630118891,0.23529411764705882,0.07611085538384782,0.03800916697730189,0.08695652173913043,0.021810250817884406,0.2857142857142857
networkiconomi,0,3.0,0.1,0.195281263053197,0.08198778856344148,0.2,0.04918032786885246,0.46153846153846156,0.05007961433197395,0.026329669297452743,0.04878048780487805,0.011494252873563218,0.17647058823529413,0.07842413843096929,0.03795286664196193,0.06896551724137931,0.019769357495881382,0.22222222222222218
networkiconomi,0,3.0,0.25,0.19639911575911842,0.08275337692547889,0.2,0.05555555555555555,0.46153846153846156,0.04999006841993794,0.02568989190451171,0.045454545454545456,0.01485148514851485,0.18,0.0784164955885518,0.03737019134021375,0.06896551724137931,0.0234375,0.2465753424657534
networkiconomi,0,3.0,0.5,0.2035267813456551,0.08823111612622812,0.25,0.0,0.5384615384615384,0.05206027957914126,0.027269577833600855,0.04,0.0,0.17647058823529413,0.0815745294660578,0.039651888307955185,0.1111111111111111,0.0,0.23076923076923075
networkiconomi,0,3.0,0.75,0.2144428624787784,0.09288482595664511,0.2,0.07407407407407407,0.6153846153846154,0.054770629361937245,0.02841022630954404,0.0625,0.012259194395796848,0.17142857142857143,0.08589317484921057,0.041690206037578253,0.06896551724137931,0.023450586264656615,0.26229508196721313
networkiconomi,0,3.0,1.0,0.22151492587006535,0.09226250401414524,0.2,0.06451612903225806,0.5238095238095238,0.05633482438412882,0.0277364649096775,0.0625,0.01453104359313078,0.17142857142857143,0.08843136965054231,0.040718205714166136,0.06896551724137931,0.023991275899672846,0.24489795918367346
networkiconomi,0,3.0,2.0,0.2553843393612569,0.104852959128781,0.2,0.08333333333333333,0.631578947368421,0.06513123753225174,0.03278001241342079,0.05,0.017513134851138354,0.22,0.1021964321820964,0.047836010648128625,0.10526315789473684,0.03272727272727273,0.30136986301369867
networkiconomi,0,3.0,3.0,0.2856375969576285,0.1110028172522752,0.25,0.1,0.6666666666666666,0.07305352919371709,0.035564387488785786,0.0625,0.017513134851138354,0.22857142857142856,0.11456479240334605,0.051611222205521334,0.06666666666666667,0.03350083752093802,0.32653061224489793
networkiconomi,0,3.0,5.0,0.32918774781504134,0.12288689577333943,0.3333333333333333,0.12,0.7333333333333333,0.08414428173760989,0.039940584868294084,0.0625,0.02276707530647986,0.28,0.1319232027129917,0.057478817061692694,0.10526315789473684,0.043551088777219436,0.3835616438356165
networkiconomi,0,5.0,0,0.20544564608580237,0.08888601923464819,0.2,0.06451612903225806,0.5384615384615384,0.05216532961447553,0.02662039642471788,0.045454545454545456,0.010507880910683012,0.16666666666666666,0.08189456627546891,0.0390804561892101,0.06451612903225806,0.020100502512562814,0.2456140350877193
networkiconomi,0,5.0,0.1,0.21065812855160523,0.08968016383583242,0.25,0.04929577464788732,0.5,0.05381300885958992,0.02829467019827609,0.058823529411764705,0.009652509652509652,0.18,0.08434985571832314,0.04103376938333207,0.06896551724137931,0.016474464579901156,0.25316455696202533
networkiconomi,0,5.0,0.25,0.21092229792502093,0.0930379474781121,0.2,0.054945054945054944,0.5384615384615384,0.05351096096016848,0.027281146928300217,0.045454545454545456,0.012531328320802004,0.17142857142857143,0.08401801613713558,0.04029292053529767,0.08695652173913043,0.02040816326530612,0.24489795918367346
networkiconomi,0,5.0,0.5,0.21847181006687516,0.0949836587810395,0.2,0.06481481481481481,0.5384615384615384,0.05563341704324704,0.02899499260137868,0.045454545454545456,0.013714285714285714,0.17647058823529413,0.08727076255072623,0.042348252367926414,0.06896551724137931,0.023076923076923078,0.24489795918367346
networkiconomi,0,5.0,0.75,0.22173040814749215,0.09613481191921186,0.2,0.04964539007092199,0.6,0.056408934926447794,0.02890118134981145,0.0625,0.011666666666666667,0.18181818181818182,0.08852568047967238,0.04243532202920763,0.1111111111111111,0.018893387314439947,0.26666666666666666
networkiconomi,0,5.0,1.0,0.22849361202177118,0.09936766557900331,0.2,0.07092198581560284,0.55,0.058114303749910404,0.030396367443634602,0.0625,0.01576182136602452,0.2,0.09118776983748118,0.044371973675648706,0.06896551724137931,0.026990553306342778,0.28571428571428575
networkiconomi,0,5.0,2.0,0.25187102556000734,0.10950804116464115,0.2,0.07042253521126761,0.6923076923076923,0.06417920198936282,0.033698665294344426,0.045454545454545456,0.017374517374517374,0.22,0.10068662628288902,0.04930220113721073,0.08695652173913043,0.02965403624382208,0.30136986301369867
networkiconomi,0,5.0,3.0,0.2721280846157869,0.11614553608573938,0.25,0.07526881720430108,0.6923076923076923,0.06953003788388383,0.036121815511044764,0.045454545454545456,0.01926444833625219,0.23529411764705882,0.10900801361933717,0.05256078800563348,0.10526315789473684,0.03214285714285714,0.3098591549295775
networkiconomi,0,5.0,5.0,0.31597047839554143,0.12354070600678901,0.5,0.11538461538461539,0.8461538461538461,0.08049687854892368,0.03873365239950457,0.09090909090909091,0.02276707530647986,0.28,0.12632375349,0.056320158736623306,0.12903225806451613,0.0425531914893617,0.3835616438356165
networkiconomi,0.1,0,0,0.13237112653001212,0.07550201386001586,0.0,0.0,0.4166666666666667,0.036006699138902545,0.02746798490023551,0.0,0.0,0.23529411764705882,0.05568070712770552,0.039071189079570565,0.0,0.0,0.2857142857142857
networkiconomi,0.1,0,0.1,0.1459133458353631,0.08226863210980999,0.0,0.0,0.5,0.03945241331157854,0.028927460235095633,0.0,0.0,0.17647058823529413,0.06109937127495675,0.04155955290686272,0.0,0.0,0.22857142857142856
networkiconomi,0.1,0,0.25,0.1536150221791516,0.08276109893691808,0.14285714285714285,0.0,0.5,0.04162636259902613,0.03010077530692588,0.0,0.0,0.20833333333333334,0.06448196567199291,0.043331524508234395,0.0,0.0,0.29411764705882354
networkiconomi,0.1,0,0.5,0.17539911257817795,0.08924727423713573,0.2,0.0,0.6666666666666666,0.04747732075679132,0.032336936990248664,0.0,0.0,0.24242424242424243,0.07354510406663843,0.046469790871463114,0.0,0.0,0.3555555555555555
networkiconomi,0.1,0,0.75,0.1952689002716516,0.08818845329981624,0.2,0.0,0.5833333333333334,0.052924476937119276,0.03402547301168037,0.0,0.0,0.1956521739130435,0.0819726382785024,0.04837118366568345,0.0,0.0,0.27906976744186046
networkiconomi,0.1,0,1.0,0.21630327669095561,0.08890473439588013,0.16666666666666666,0.0,0.5,0.057541080922556324,0.033450503254211145,0.05,0.0,0.18181818181818182,0.08948527307682443,0.04763817398942808,0.0425531914893617,0.0,0.26666666666666666
networkiconomi,0.1,0,2.0,0.2934274944963521,0.10180389158715498,0.3333333333333333,0.0,0.6666666666666666,0.07616031170335916,0.03690849696508297,0.045454545454545456,0.0,0.2,0.11902907044017882,0.052354407905101055,0.0851063829787234,0.0,0.30769230769230765
networkiconomi,0.1,0,3.0,0.319313880459921,0.10672827086806133,0.3333333333333333,0.1,0.6666666666666666,0.0828384564399892,0.03985092995949785,0.0625,0.01576182136602452,0.28,0.12945588656029547,0.055917277794179335,0.10526315789473684,0.03015075376884422,0.3835616438356165
networkiconomi,0.1,0,5.0,0.3338126557205862,0.10841837150894192,0.3333333333333333,0.1,0.7333333333333333,0.08590733281643718,0.03895715249682929,0.125,0.017513134851138354,0.2692307692307692,0.13448196238363205,0.05475341659679942,0.18181818181818182,0.03350083752093802,0.3589743589743589
networkiconomi,0.1,0.1,0,0.14550324295301023,0.08058185884455217,0.0,0.0,0.5,0.039656036317500136,0.02916692842143135,0.0,0.0,0.15384615384615385,0.06131531973728276,0.04187106685753565,0.0,0.0,0.23529411764705882
networkiconomi,0.1,0.1,0.1,0.15608946699173357,0.08742528275945353,0.0,0.0,0.5,0.04289602404048506,0.03252237283345775,0.0,0.0,0.18181818181818182,0.06621690634816303,0.04663214031649927,0.0,0.0,0.26666666666666666
networkiconomi,0.1,0.1,0.25,0.16715545975948845,0.08562049920862129,0.2,0.0,0.5,0.04523574686457163,0.030917062454438853,0.0,0.0,0.17647058823529413,0.07007582263826044,0.04441510720546632,0.0,0.0,0.25
networkiconomi,0.1,0.1,0.5,0.18450244348165992,0.08958228304920784,0.2,0.0,0.5833333333333334,0.0496813636846742,0.03275119944787964,0.0,0.0,0.21212121212121213,0.07704976063871986,0.04686565190608823,0.0,0.0,0.3111111111111111
networkiconomi,0.1,0.1,0.75,0.20759796601463024,0.08703244955281086,0.2,0.0,0.5,0.05541369828350609,0.0331754505242592,0.0625,0.0,0.18333333333333332,0.08606451646573565,0.047030370050890946,0.0425531914893617,0.0,0.26829268292682923
networkiconomi,0.1,0.1,1.0,0.2250454877277939,0.08748315152929502,0.2,0.0,0.6666666666666666,0.059327204945560076,0.03270755537420251,0.05263157894736842,0.0,0.24242424242424243,0.09240592606098184,0.04645627233107144,0.07407407407407407,0.0,0.3555555555555555
networkiconomi,0.1,0.1,2.0,0.2924318852820761,0.0985358572980678,0.3333333333333333,0.1,0.6666666666666666,0.0760073709364653,0.036508687590340455,0.09090909090909091,0.01576182136602452,0.24,0.11872126061419902,0.051347083507313214,0.13793103448275862,0.03015075376884422,0.3287671232876712
networkiconomi,0.1,0.1,3.0,0.3206879137433989,0.10684267368612997,0.3333333333333333,0.11538461538461539,0.6666666666666666,0.08281087818164194,0.03851064364646084,0.125,0.017513134851138354,0.2692307692307692,0.12951846115090304,0.05409852565915594,0.18181818181818182,0.03350083752093802,0.3589743589743589
networkiconomi,0.1,0.1,5.0,0.3336142673742187,0.1103003985020777,0.3333333333333333,0.075,0.6875,0.08574944635957003,0.03898029245302643,0.058823529411764705,0.01576182136602452,0.26,0.134270411043551,0.05501469836053705,0.1111111111111111,0.026548672566371678,0.3561643835616438
networkiconomi,0.1,0.25,0,0.15410024755028134,0.08102649337009306,0.2,0.0,0.6,0.041785599463965026,0.029772830315848844,0.0,0.0,0.23076923076923078,0.06469293279546719,0.04263956010903485,0.0,0.0,0.33333333333333337
networkiconomi,0.1,0.25,0.1,0.16274014457296387,0.0813238505317665,0.16666666666666666,0.0,0.5,0.04365657138961274,0.029425102926586504,0.0,0.0,0.16129032258064516,0.06774494062195029,0.04227147769149833,0.0,0.0,0.23529411764705882
networkiconomi,0.1,0.25,0.25,0.1763517741031306,0.08434275864593425,0.2,0.0,0.5833333333333334,0.04765710110967165,0.03171446825754149,0.0625,0.0,0.21212121212121213,0.07384724495413936,0.04522073500578488,0.0,0.0,0.3111111111111111
networkiconomi,0.1,0.25,0.5,0.19615187719880006,0.08210714176253343,0.16666666666666666,0.0,0.46153846153846156,0.052646777858396304,0.031645472887312065,0.08333333333333333,0.0,0.2,0.08165406104748708,0.04472027815128077,0.0,0.0,0.2711864406779661
networkiconomi,0.1,0.25,0.75,0.21926211352717054,0.08837026979606415,0.2,0.0,0.5833333333333334,0.058208185896552064,0.03324279193923749,0.05,0.0,0.19148936170212766,0.09056937286785678,0.04731531002384986,0.10526315789473684,0.0,0.2857142857142857
networkiconomi,0.1,0.25,1.0,0.23852828421204092,0.09205182098325065,0.2,0.0,0.55,0.06260370446206637,0.0337537017660149,0.045454545454545456,0.0,0.20833333333333334,0.09760645059360928,0.04793062206474444,0.08695652173913043,0.0,0.29411764705882354
networkiconomi,0.1,0.25,2.0,0.29872196770771287,0.10131571076916984,0.3333333333333333,0.078125,0.631578947368421,0.07772038516175518,0.03794354597726464,0.09090909090909091,0.015527950310559006,0.25,0.12137057110867402,0.05333719021477346,0.13333333333333333,0.025906735751295335,0.3389830508474576
networkiconomi,0.1,0.25,3.0,0.32207549401872615,0.10959669248536656,0.25,0.0875,0.6666666666666666,0.08322094587368714,0.03936859157829136,0.0625,0.017513134851138354,0.3076923076923077,0.13016055012366592,0.05552837369497355,0.10526315789473684,0.03097345132743363,0.4102564102564103
networkiconomi,0.1,0.25,5.0,0.33276067366203355,0.1072203838272835,0.3333333333333333,0.1125,0.6875,0.08579762039609937,0.03903469811594168,0.0625,0.01576182136602452,0.26,0.134256040727166,0.05479884097807533,0.10526315789473684,0.03015075376884422,0.3561643835616438
networkiconomi,0.1,0.5,0,0.18146862120271992,0.08122952556365962,0.2,0.0,0.5,0.0484076286105371,0.030634425860914197,0.07142857142857142,0.0,0.23529411764705882,0.0751349121959385,0.04312712906959827,0.0,0.0,0.2857142857142857
networkiconomi,0.1,0.5,0.1,0.1892495103407143,0.08326384243759097,0.2,0.0,0.5,0.05050854271546807,0.03024514189461873,0.0,0.0,0.17857142857142858,0.07853245634259097,0.043464641019776984,0.0,0.0,0.2631578947368421
networkiconomi,0.1,0.5,0.25,0.19982851207370883,0.0829457048016561,0.2,0.0,0.5,0.05332748715825885,0.03165615786491365,0.0625,0.0,0.2,0.08283132146037948,0.04474166998427841,0.05263157894736842,0.0,0.2711864406779661
networkiconomi,0.1,0.5,0.5,0.21661691142980696,0.09064144206858629,0.25,0.0,0.5,0.05749754612976633,0.03322441580820076,0.045454545454545456,0.0,0.23529411764705882,0.08943410249538399,0.047287993270299575,0.12903225806451613,0.0,0.2857142857142857
networkiconomi,0.1,0.5,0.75,0.23915066974433508,0.08796008447221415,0.25,0.07692307692307693,0.5263157894736842,0.0630045819742259,0.03401573421839408,0.0625,0.010507880910683012,0.23529411764705882,0.09812610425806147,0.047798721561838446,0.05555555555555555,0.020100502512562814,0.2857142857142857
networkiconomi,0.1,0.5,1.0,0.25754039793564987,0.09229617594602202,0.3333333333333333,0.05263157894736842,0.6666666666666666,0.06743892944579276,0.034880592285451074,0.09090909090909091,0.010309278350515464,0.29411764705882354,0.10518429181640139,0.04895344888120813,0.13793103448275862,0.017241379310344827,0.35714285714285715
networkiconomi,0.1,0.5,2.0,0.30049673044351977,0.10338288985311558,0.3333333333333333,0.1,0.6666666666666666,0.07770165514234971,0.037337154787071405,0.0625,0.015267175572519083,0.29411764705882354,0.12146889945537116,0.05234923751997177,0.18181818181818182,0.027777777777777776,0.35714285714285715
networkiconomi,0.1,0.5,3.0,0.3232496755845968,0.10716742266907232,0.3333333333333333,0.10526315789473684,0.6666666666666666,0.08336082024535944,0.038589135935088954,0.07692307692307693,0.017513134851138354,0.28,0.130429876478348,0.054322730246546366,0.15789473684210525,0.03350083752093802,0.3835616438356165
networkiconomi,0.1,0.5,5.0,0.33250340937089135,0.11065983298786847,0.3333333333333333,0.11538461538461539,0.7222222222222222,0.08569365334177367,0.039654109718722165,0.125,0.01576182136602452,0.2692307692307692,0.13412995295814478,0.05600168272599754,0.1111111111111111,0.03015075376884422,0.3589743589743589
networkiconomi,0.1,0.75,0,0.20112840286561656,0.0780047913558126,0.25,0.0,0.5,0.053825385416094995,0.03175408097285524,0.0625,0.0,0.19230769230769232,0.08355230622317271,0.04449528132930962,0.06349206349206349,0.0,0.26666666666666666
networkiconomi,0.1,0.75,0.1,0.20754597701535746,0.07901673651300935,0.2,0.0,0.47619047619047616,0.0551520750264986,0.03081320495650667,0.0625,0.0,0.1792452830188679,0.08574733678579735,0.043516822508363535,0.08695652173913043,0.0,0.25675675675675674
networkiconomi,0.1,0.75,0.25,0.220446591404695,0.08493847671390778,0.25,0.0,0.6666666666666666,0.058234477741614686,0.03155619097792489,0.05,0.0,0.21212121212121213,0.0906521860362848,0.04472475644271137,0.06896551724137931,0.0,0.3111111111111111
networkiconomi,0.1,0.75,0.5,0.23488889467080476,0.09035038587538197,0.25,0.0,0.6666666666666666,0.06157230338307597,0.032160540513115066,0.05,0.0,0.20833333333333334,0.09607544169363845,0.04612937759984932,0.06451612903225806,0.0,0.29411764705882354
networkiconomi,0.1,0.75,0.75,0.25205898278933897,0.09010769843659396,0.25,0.0,0.6153846153846154,0.06593559971197624,0.03446325395360168,0.12121212121212122,0.0,0.3076923076923077,0.10285951108424626,0.04842454131589048,0.058823529411764705,0.0,0.4102564102564103
networkiconomi,0.1,0.75,1.0,0.2658214532963244,0.09389623529911315,0.2,0.09523809523809523,0.6111111111111112,0.06940919247207752,0.03507623873262579,0.045454545454545456,0.014010507880910683,0.23529411764705882,0.10831518136992098,0.04939902721332694,0.13793103448275862,0.02680067001675042,0.3098591549295775
networkiconomi,0.1,0.75,2.0,0.30158668384498444,0.1016339327545266,0.3333333333333333,0.1,0.6666666666666666,0.07819302648286153,0.037623372122617696,0.058823529411764705,0.017513134851138354,0.24242424242424243,0.12221403835917419,0.0529716717972056,0.10526315789473684,0.03350083752093802,0.3555555555555555
networkiconomi,0.1,0.75,3.0,0.3199039748730026,0.10749737930590746,0.3333333333333333,0.1,0.6666666666666666,0.08263614487973854,0.03934234990116414,0.0625,0.01926444833625219,0.29411764705882354,0.12923038404402737,0.055163421677201396,0.19047619047619047,0.03685092127303182,0.35714285714285715
networkiconomi,0.1,0.75,5.0,0.3341835045362169,0.10847863844873167,0.3333333333333333,0.11538461538461539,0.6666666666666666,0.08607231730165052,0.039372007196984984,0.0625,0.01576182136602452,0.2692307692307692,0.13471100522384974,0.055301460823410836,0.13793103448275862,0.03015075376884422,0.3589743589743589
networkiconomi,0.1,1.0,0,0.21454813768973757,0.0792571055178351,0.2,0.0,0.5833333333333334,0.05668122049981336,0.03117785275535835,0.0625,0.0,0.19230769230769232,0.08820818785975891,0.043649899101629336,0.06896551724137931,0.0,0.2745098039215686
networkiconomi,0.1,1.0,0.1,0.2186283619729981,0.08078949356317469,0.25,0.0,0.5833333333333334,0.05757369940322212,0.0309187015494318,0.05,0.0,0.21212121212121213,0.08964340266744578,0.043428536769048946,0.06666666666666667,0.0,0.3111111111111111
networkiconomi,0.1,1.0,0.25,0.23026746773990972,0.08485228507025858,0.2,0.058823529411764705,0.6666666666666666,0.060666130397394255,0.032318602562128956,0.058823529411764705,0.013888888888888888,0.2,0.09449001640200448,0.045649944989475,0.08695652173913043,0.02409638554216867,0.30769230769230765
networkiconomi,0.1,1.0,0.5,0.24860353395005916,0.08888379314947563,0.2,0.045454545454545456,0.5384615384615384,0.06483921077222805,0.03292973484486693,0.09090909090909091,0.011363636363636364,0.23076923076923078,0.101193214961919,0.046367543804595776,0.06666666666666667,0.01818181818181818,0.30769230769230776
networkiconomi,0.1,1.0,0.75,0.261330730041778,0.08977404661727115,0.2,0.08333333333333333,0.6,0.06845514307327531,0.03476020343769463,0.05,0.015267175572519083,0.23529411764705882,0.10674791028657518,0.04868117146713789,0.13793103448275862,0.027777777777777776,0.33333333333333337
networkiconomi,0.1,1.0,1.0,0.2686584927227526,0.09217404641913764,0.25,0.0851063829787234,0.625,0.06972995185184376,0.033555234589347456,0.0625,0.01576182136602452,0.23529411764705882,0.10896627451875025,0.047381234858452484,0.12903225806451613,0.03015075376884422,0.29411764705882354
networkiconomi,0.1,1.0,2.0,0.303617937223313,0.10407613995595863,0.3333333333333333,0.1,0.6666666666666666,0.0786419627619739,0.03793237931303666,0.045454545454545456,0.01926444833625219,0.2692307692307692,0.12292254435082506,0.053337770169042543,0.06896551724137931,0.03685092127303182,0.3589743589743589
networkiconomi,0.1,1.0,3.0,0.3216171808709782,0.1058508054385422,0.3333333333333333,0.11538461538461539,0.7142857142857143,0.08291652406821247,0.03841426296738639,0.07692307692307693,0.017513134851138354,0.29411764705882354,0.12973002413848886,0.053753117273814544,0.12903225806451613,0.03350083752093802,0.3589743589743589
networkiconomi,0.1,1.0,5.0,0.3323684879366324,0.10979422823295057,0.3333333333333333,0.1,0.6875,0.08552784026277095,0.03938500902293303,0.045454545454545456,0.017513134851138354,0.3076923076923077,0.13388553671728579,0.055341934453700295,0.18181818181818182,0.03350083752093802,0.4102564102564103
networkiconomi,0.1,2.0,0,0.23758462904551828,0.08841056043113983,0.25,0.0847457627118644,0.5833333333333334,0.061809168223527146,0.03182268174334805,0.045454545454545456,0.014652014652014652,0.21212121212121213,0.09652430266653708,0.04529056466642724,0.06666666666666667,0.025039123630672924,0.3111111111111111
networkiconomi,0.1,2.0,0.1,0.24264808749009165,0.08846895068743431,0.25,0.07407407407407407,0.5833333333333334,0.06323832356046381,0.03229471475793785,0.09090909090909091,0.01576182136602452,0.23529411764705882,0.09867073808333932,0.045392756562385846,0.13333333333333333,0.02877697841726619,0.3111111111111111
networkiconomi,0.1,2.0,0.25,0.24803898584987602,0.08657984122983554,0.25,0.07692307692307693,0.5333333333333333,0.06428876967382102,0.03101346561408942,0.0625,0.016129032258064516,0.19230769230769232,0.10046065517240647,0.04379601128590355,0.08695652173913043,0.026666666666666665,0.2564102564102564
networkiconomi,0.1,2.0,0.5,0.2565943576593095,0.09339227676398079,0.25,0.08196721311475409,0.5833333333333334,0.06644978080559634,0.03303160024027846,0.05,0.014010507880910683,0.21212121212121213,0.10387266375486794,0.04691642746107049,0.13793103448275862,0.02680067001675042,0.3111111111111111
networkiconomi,0.1,2.0,0.75,0.2677714836241709,0.09708251755231526,0.3333333333333333,0.09574468085106383,0.6428571428571429,0.06948585691125111,0.034673426589227056,0.09090909090909091,0.01576182136602452,0.2,0.10857624931913237,0.04919595025218702,0.1095890410958904,0.028169014084507043,0.28571428571428575
networkiconomi,0.1,2.0,1.0,0.27513951796035796,0.09884451279559951,0.3333333333333333,0.1,0.6666666666666666,0.07125018963371992,0.03505508220107882,0.09090909090909091,0.017513134851138354,0.23529411764705882,0.11137591709832347,0.049682464066352426,0.18181818181818182,0.03350083752093802,0.2857142857142857
networkiconomi,0.1,2.0,2.0,0.3067865759248388,0.10761602685896132,0.3333333333333333,0.1,0.7142857142857143,0.07949414676092442,0.03902509720538591,0.1,0.017513134851138354,0.29411764705882354,0.1242249013177426,0.054807897132593396,0.13157894736842105,0.03350083752093802,0.35714285714285715
networkiconomi,0.1,2.0,3.0,0.32267355754056326,0.11039573926398352,0.3333333333333333,0.1111111111111111,0.7333333333333333,0.08353663769027363,0.03963107767860158,0.09090909090909091,0.01926444833625219,0.26,0.13061234306307717,0.056133835456267774,0.13333333333333333,0.03685092127303182,0.3561643835616438
networkiconomi,0.1,2.0,5.0,0.3342857023544487,0.11082674452045864,0.5,0.1,0.6875,0.08615880523582117,0.040308967147494004,0.058823529411764705,0.01926444833625219,0.2692307692307692,0.13481597917199095,0.05659876604662265,0.12903225806451613,0.03685092127303182,0.3589743589743589
networkiconomi,0.1,3.0,0,0.22880501995804756,0.1041627949579229,0.2,0.0390625,0.6428571428571429,0.059360013340806206,0.03475233710966906,0.0625,0.011037527593818985,0.23529411764705882,0.0927155167764187,0.05007339743053743,0.15384615384615385,0.017391304347826087,0.29411764705882354
networkiconomi,0.1,3.0,0.1,0.23128178009631356,0.10223676939906022,0.2,0.046511627906976744,0.625,0.05990430228357089,0.03367282674958134,0.08,0.011494252873563218,0.23529411764705882,0.09358370594009204,0.04843866370573555,0.13333333333333333,0.018433179723502304,0.3111111111111111
networkiconomi,0.1,3.0,0.25,0.23746640252769083,0.10497328017672952,0.25,0.06349206349206349,0.6428571428571429,0.06153312301646776,0.03443300081192879,0.09090909090909091,0.012084592145015106,0.20754716981132076,0.0961808900444,0.0499790146823936,0.13793103448275862,0.020304568527918784,0.3098591549295775
networkiconomi,0.1,3.0,0.5,0.24219402975708645,0.10813645673436052,0.25,0.045454545454545456,0.6111111111111112,0.06285961018237708,0.03636663710868131,0.09090909090909091,0.011363636363636364,0.29411764705882354,0.09817365253809786,0.0521102824534841,0.08695652173913043,0.01818181818181818,0.35714285714285715
networkiconomi,0.1,3.0,0.75,0.2524205510540956,0.11019916673634642,0.3333333333333333,0.056074766355140186,0.6666666666666666,0.06524993834711658,0.035633952549369234,0.0625,0.013245033112582781,0.23529411764705882,0.10201834756560273,0.05161568719030705,0.06896551724137931,0.021428571428571425,0.2857142857142857
networkiconomi,0.1,3.0,1.0,0.25682494128535793,0.11455541286767106,0.3333333333333333,0.045454545454545456,0.6666666666666666,0.06658130643888052,0.03819860211151836,0.045454545454545456,0.011363636363636364,0.23076923076923078,0.10401282228328089,0.055109829539459934,0.13793103448275862,0.01818181818181818,0.3111111111111111
networkiconomi,0.1,3.0,2.0,0.2817775050000765,0.11795175805559874,0.3333333333333333,0.06451612903225806,0.7222222222222222,0.07284115799105803,0.039216530219411266,0.05,0.01282051282051282,0.23529411764705882,0.11391075689189092,0.05661549152631544,0.15384615384615385,0.02190923317683881,0.30136986301369867
networkiconomi,0.1,3.0,3.0,0.3055415958595076,0.12064086895864189,0.25,0.06593406593406594,0.6666666666666666,0.07868379650468708,0.04015804302063504,0.09090909090909091,0.018333333333333333,0.3076923076923077,0.12314344206000646,0.05774094900732308,0.18181818181818182,0.029689608636977054,0.4102564102564103
networkiconomi,0.1,3.0,5.0,0.3224928413979278,0.11857495496073356,0.3333333333333333,0.09523809523809523,0.7777777777777778,0.0830898691001596,0.04133780763943179,0.09090909090909091,0.01576182136602452,0.3076923076923077,0.1300384030910399,0.05883798276235161,0.12903225806451613,0.03015075376884422,0.4102564102564103
networkiconomi,0.1,5.0,0,0.18697086581165412,0.09768208403538821,0.2,0.03225806451612903,0.5714285714285714,0.048946162063974646,0.03120396240408973,0.09090909090909091,0.0070052539404553416,0.23529411764705882,0.07630025719832262,0.045309502162202586,0.06451612903225806,0.012987012987012988,0.2857142857142857
networkiconomi,0.1,5.0,0.1,0.18816730260362685,0.09819425276472694,0.2,0.03225806451612903,0.5,0.04925156688354224,0.03116423110122891,0.05,0.008756567425569177,0.17647058823529413,0.07679747972770107,0.04555355063253871,0.04166666666666667,0.015503875968992248,0.2222222222222222
networkiconomi,0.1,5.0,0.25,0.1892981315648212,0.09974919668868062,0.2,0.03225806451612903,0.5333333333333333,0.049392794538476587,0.03154453690143059,0.045454545454545456,0.008771929824561403,0.20833333333333334,0.07706537909577899,0.046200794363844125,0.06896551724137931,0.013840830449826988,0.29411764705882354
networkiconomi,0.1,5.0,0.5,0.19436414202055413,0.11056295532468809,0.2,0.03225806451612903,0.6666666666666666,0.050605083210779986,0.03459681494007067,0.021739130434782608,0.00641025641025641,0.29411764705882354,0.07896041636420122,0.05039571539120186,0.06451612903225806,0.010909090909090908,0.35714285714285715
networkiconomi,0.1,5.0,0.75,0.19724632733815356,0.11134208820477484,0.2,0.03225806451612903,0.6666666666666666,0.0513458086532629,0.03412031848798351,0.045454545454545456,0.00641025641025641,0.23529411764705882,0.08013068411819174,0.05016405266223853,0.06896551724137931,0.010909090909090908,0.2857142857142857
networkiconomi,0.1,5.0,1.0,0.20172668389513276,0.11051901737263298,0.16666666666666666,0.043010752688172046,0.6666666666666666,0.05285871873801917,0.03607325550558012,0.04,0.007326007326007326,0.29411764705882354,0.08235863645584363,0.05224144357095215,0.06896551724137931,0.012519561815336462,0.35714285714285715
networkiconomi,0.1,5.0,2.0,0.21593693440681389,0.11984136891033227,0.2,0.03225806451612903,0.75,0.056089055003443536,0.036535866661954595,0.045454545454545456,0.0106951871657754,0.2,0.08760877449860034,0.054030511440094034,0.2222222222222222,0.017316017316017316,0.3
networkiconomi,0.1,5.0,3.0,0.22377637728762498,0.12355099376757286,0.2,0.0425531914893617,0.6428571428571429,0.05812586619584693,0.038029385209669454,0.0625,0.01,0.23529411764705882,0.09080905542248327,0.056173775604318806,0.08695652173913043,0.016194331983805668,0.31746031746031744
networkiconomi,0.1,5.0,5.0,0.2597163701356554,0.13751970621543944,0.5,0.045454545454545456,0.6842105263157895,0.06736618749989434,0.04297967440412308,0.1,0.0106951871657754,0.26,0.1052671928812491,0.0631784022055069,0.12903225806451613,0.017316017316017316,0.3561643835616438
networkiconomi,0.25,0,0,0.13291671334366362,0.08150952444019513,0.0,0.0,0.5,0.03637876786078286,0.029316145630382446,0.0,0.0,0.1794871794871795,0.05618320067651976,0.042108478903672274,0.0,0.0,0.2641509433962264
networkiconomi,0.25,0,0.1,0.13972614718779014,0.07397948603767852,0.0,0.0,0.4166666666666667,0.03787769655957047,0.02665580420384399,0.0,0.0,0.15151515151515152,0.058655819941769965,0.038343198960743674,0.0,0.0,0.2222222222222222
networkiconomi,0.25,0,0.25,0.15347981436073355,0.08309858466465364,0.2,0.0,0.5,0.041754617050781026,0.029907968687293243,0.0,0.0,0.175,0.0646494794335587,0.04323828931867088,0.0,0.0,0.2439024390243902
networkiconomi,0.25,0,0.5,0.1715283812016546,0.08593030160735556,0.25,0.0,0.5,0.046547051298872696,0.032619724055185303,0.0,0.0,0.29411764705882354,0.0720590159881816,0.04609795288059641,0.0,0.0,0.35714285714285715
networkiconomi,0.25,0,0.75,0.19088305386827045,0.08405817683015113,0.16666666666666666,0.0,0.5,0.05117631433370671,0.032564579988104546,0.05,0.0,0.20833333333333334,0.07940176309126573,0.04600715268558473,0.0,0.0,0.29411764705882354
networkiconomi,0.25,0,1.0,0.21388335825842397,0.09294250142255142,0.2,0.0,0.6666666666666666,0.05677246961873657,0.03351823669247151,0.0,0.0,0.2,0.08827203432751171,0.047799220979913154,0.0,0.0,0.2711864406779661
networkiconomi,0.25,0,2.0,0.2867626477001725,0.09915591483725532,0.3333333333333333,0.09523809523809523,0.7142857142857143,0.07447672344865901,0.03549869669410716,0.09090909090909091,0.01576182136602452,0.21212121212121213,0.11637375181407432,0.05029262679661869,0.14285714285714288,0.03015075376884422,0.3111111111111111
networkiconomi,0.25,0,3.0,0.31931155533531624,0.10490460102278917,0.3333333333333333,0.1,0.6875,0.08265166254478448,0.0387018417857312,0.09090909090909091,0.01576182136602452,0.2692307692307692,0.12925281859231333,0.05443328696495369,0.2,0.03015075376884422,0.3589743589743589
networkiconomi,0.25,0,5.0,0.3380788182702152,0.11134390041068858,0.3333333333333333,0.10526315789473684,0.7777777777777778,0.08708127210901011,0.039845823670481305,0.09375,0.021015761821366025,0.24,0.13630746568933472,0.056221239858534826,0.18181818181818182,0.04020100502512563,0.3380281690140845
networkiconomi,0.25,0.1,0,0.14190842675048124,0.08311645290042649,0.0,0.0,0.5,0.038621630568138714,0.02934554021202122,0.0,0.0,0.17647058823529413,0.0597923478197436,0.04249852660516821,0.0,0.0,0.25
networkiconomi,0.25,0.1,0.1,0.15101153015988114,0.07798116854369752,0.16666666666666666,0.0,0.43478260869565216,0.04085800423464645,0.028327665484483722,0.0,0.0,0.17647058823529413,0.06328118697964995,0.04057602898837895,0.0,0.0,0.2222222222222222
networkiconomi,0.25,0.1,0.25,0.16054454509107627,0.08219820733430801,0.1,0.0,0.5,0.04300434505877669,0.029312827388144638,0.0,0.0,0.18181818181818182,0.06676761424301296,0.0421697788523219,0.0,0.0,0.26666666666666666
networkiconomi,0.25,0.1,0.5,0.18142304441381635,0.08589636699441103,0.2,0.0,0.5,0.04893471649225005,0.032875556046204436,0.0,0.0,0.19230769230769232,0.07580304820316752,0.04646280076243919,0.0,0.0,0.2777777777777778
networkiconomi,0.25,0.1,0.75,0.2046163430701742,0.08956284982782434,0.2,0.0,0.5833333333333334,0.054965248287753336,0.03421030156502255,0.0,0.0,0.21212121212121213,0.08529767431472869,0.048796261229759254,0.0,0.0,0.3111111111111111
networkiconomi,0.25,0.1,1.0,0.2265572277689037,0.08760024741789267,0.2,0.0,0.5416666666666666,0.06025022984935319,0.034329750845307684,0.0625,0.0,0.23529411764705882,0.09361205630011898,0.04785104620727672,0.10526315789473684,0.0,0.30769230769230776
networkiconomi,0.25,0.1,2.0,0.2893161956902741,0.09947924678520634,0.4,0.07352941176470588,0.6,0.07517518452093587,0.03678914905119432,0.07692307692307693,0.016611295681063124,0.24,0.11744497865818448,0.051865180051440925,0.18181818181818182,0.027100271002710032,0.3287671232876712
networkiconomi,0.25,0.1,3.0,0.31876950790739456,0.10781431094180996,0.5,0.1,0.6666666666666666,0.08215125153498616,0.03791797821606033,0.09090909090909091,0.017513134851138354,0.23529411764705882,0.12854758538532493,0.0535129090849312,0.10526315789473684,0.03350083752093802,0.3170731707317074
networkiconomi,0.25,0.1,5.0,0.3397735081772149,0.11143251709817088,0.3333333333333333,0.11764705882352941,0.6842105263157895,0.08741906156051313,0.03931998214143181,0.06666666666666667,0.017513134851138354,0.28,0.1368932387678579,0.05572102908536976,0.10526315789473684,0.03350083752093802,0.3835616438356165
networkiconomi,0.25,0.25,0,0.1524437429781198,0.0782664008349164,0.0,0.0,0.4166666666666667,0.041287093321119,0.02806024456825966,0.0,0.0,0.16666666666666666,0.063934248393868,0.0403085639550203,0.0,0.0,0.23529411764705882
networkiconomi,0.25,0.25,0.1,0.16431247514013522,0.0820217290943945,0.2,0.0,0.5,0.04454137013477002,0.03067121704995414,0.0,0.0,0.17391304347826086,0.0689615189642264,0.043867565576192306,0.0,0.0,0.24615384615384617
networkiconomi,0.25,0.25,0.25,0.17183054008810147,0.08341207070466734,0.2,0.0,0.6666666666666666,0.04638880610622728,0.030452844224042253,0.0,0.0,0.2,0.07191850391928555,0.0437769109249269,0.0,0.0,0.30769230769230765
networkiconomi,0.25,0.25,0.5,0.19799018265736898,0.08576213143592454,0.2,0.0,0.5555555555555556,0.052527754356782426,0.031748751919530284,0.09090909090909091,0.0,0.19230769230769232,0.08170139651845423,0.045135346347445066,0.13793103448275862,0.0,0.26666666666666666
networkiconomi,0.25,0.25,0.75,0.21910253329597867,0.09085694386423337,0.25,0.0,0.5333333333333333,0.058031769081976686,0.033987914063348904,0.0625,0.0,0.1875,0.09025076185370656,0.048103641268518495,0.12903225806451613,0.0,0.26666666666666666
networkiconomi,0.25,0.25,1.0,0.23616877424129273,0.08710780698970379,0.2,0.0625,0.5,0.06229733631511359,0.03316768046565126,0.0625,0.011363636363636364,0.23529411764705882,0.0970249867489962,0.04676178440819944,0.06666666666666667,0.019801980198019802,0.2857142857142857
networkiconomi,0.25,0.25,2.0,0.29951471947168984,0.09961867479460977,0.3333333333333333,0.08823529411764706,0.6666666666666666,0.07780221352181302,0.03679799586259967,0.09090909090909091,0.017513134851138354,0.23529411764705882,0.12154966174122388,0.05175357886297743,0.10526315789473684,0.03225806451612903,0.29268292682926833
networkiconomi,0.25,0.25,3.0,0.321743256872452,0.10765633205396065,0.5,0.11538461538461539,0.6428571428571429,0.08297178290658268,0.03827713738079084,0.09090909090909091,0.017513134851138354,0.26,0.12982297352941793,0.05401146997218792,0.13333333333333333,0.03350083752093802,0.3561643835616438
networkiconomi,0.25,0.25,5.0,0.3398538909983245,0.11059800452088152,0.3333333333333333,0.11764705882352941,0.7222222222222222,0.08734927383319552,0.0390458456174155,0.06666666666666667,0.01926444833625219,0.28,0.13680508940722794,0.05515023567737932,0.1111111111111111,0.03685092127303182,0.3835616438356165
networkiconomi,0.25,0.5,0,0.173118125141521,0.08163966727890312,0.16666666666666666,0.0,0.5,0.04647140927183067,0.03003328516098068,0.0,0.0,0.17647058823529413,0.07209521367100241,0.04286521572517529,0.0,0.0,0.24137931034482765
networkiconomi,0.25,0.5,0.1,0.18988039674061905,0.0802803529601359,0.16666666666666666,0.0,0.47368421052631576,0.05063447590704641,0.030168155285152667,0.05,0.0,0.225,0.07868471454158706,0.042878921622221795,0.0,0.0,0.30508474576271183
networkiconomi,0.25,0.5,0.25,0.2039583825578878,0.08277645261778073,0.25,0.0,0.6666666666666666,0.054254241405294175,0.03140510976385117,0.045454545454545456,0.0,0.24242424242424243,0.08436811749015599,0.04468403463052554,0.08602150537634408,0.0,0.3555555555555555
networkiconomi,0.25,0.5,0.5,0.21509346680903954,0.08662923655178739,0.2,0.0,0.5,0.05694880741699887,0.03295020622682621,0.06060606060606061,0.0,0.23076923076923078,0.0886213330946594,0.046568632921668775,0.06666666666666667,0.0,0.30769230769230776
networkiconomi,0.25,0.5,0.75,0.23337054525230677,0.08204859945928523,0.25,0.0,0.5789473684210527,0.061412923448254254,0.031359386743752264,0.09090909090909091,0.0,0.17857142857142858,0.09571506881350103,0.04423603665362241,0.13793103448275862,0.0,0.2588235294117647
networkiconomi,0.25,0.5,1.0,0.2552461769688015,0.0903662719605662,0.3333333333333333,0.0,0.5714285714285714,0.06675731930345907,0.03359184236652426,0.045454545454545456,0.0,0.2,0.1041617445677856,0.04756742423170157,0.15384615384615385,0.0,0.273972602739726
networkiconomi,0.25,0.5,2.0,0.30222331720580325,0.10043194855662964,0.5,0.1111111111111111,0.6111111111111112,0.07847255454682524,0.037541194220526174,0.09090909090909091,0.012259194395796848,0.29411764705882354,0.12260092603660669,0.05253276001700845,0.10526315789473684,0.023450586264656615,0.35714285714285715
networkiconomi,0.25,0.5,3.0,0.3231932172613421,0.10784009880806103,0.3333333333333333,0.10526315789473684,0.7222222222222222,0.08315077388306986,0.038015863607025115,0.09090909090909091,0.01926444833625219,0.26,0.13016095810984799,0.05364776325252315,0.12903225806451613,0.03685092127303182,0.3561643835616438
networkiconomi,0.25,0.5,5.0,0.33784020205469867,0.10828280733595504,0.3333333333333333,0.11538461538461539,0.6666666666666666,0.08697688522738747,0.039048019725879506,0.09090909090909091,0.017513134851138354,0.28,0.1361639141910363,0.054981692977745154,0.10526315789473684,0.03350083752093802,0.3835616438356165
networkiconomi,0.25,0.75,0,0.19988616738857554,0.08118043946332705,0.2,0.0,0.6666666666666666,0.053578940997232594,0.03184636056718498,0.034482758620689655,0.0,0.24242424242424243,0.08314860511798473,0.044985392998152206,0.1111111111111111,0.0,0.3555555555555555
networkiconomi,0.25,0.75,0.1,0.20413162818825353,0.0786450944616457,0.2,0.0,0.5,0.054370374321271515,0.031213454276539557,0.0625,0.0,0.18181818181818182,0.08447299925166805,0.04380045138621217,0.08695652173913043,0.0,0.26666666666666666
networkiconomi,0.25,0.75,0.25,0.2177130212517107,0.0886503545148241,0.2,0.0,0.625,0.05743148034067088,0.032596922694024706,0.045454545454545456,0.0,0.19230769230769232,0.08944244237767347,0.04637042803666592,0.07142857142857142,0.0,0.2777777777777778
networkiconomi,0.25,0.75,0.5,0.23387566311284885,0.08744368090368117,0.25,0.0,0.6666666666666666,0.06183979638031918,0.03331316166802119,0.09090909090909091,0.0,0.2,0.09623902420960823,0.04686335883900398,0.07518796992481204,0.0,0.2711864406779661
networkiconomi,0.25,0.75,0.75,0.24739513402690208,0.09193832447625651,0.25,0.0,0.6428571428571429,0.06480170569106741,0.0345596071704999,0.0625,0.0,0.29411764705882354,0.1010271408725412,0.04843801615561193,0.13793103448275862,0.0,0.35714285714285715
networkiconomi,0.25,0.75,1.0,0.2645317078898518,0.09329369648863457,0.25,0.07692307692307693,0.6,0.06891207889621746,0.03438629536987838,0.0625,0.01576182136602452,0.22,0.10762686362585283,0.04873557392938956,0.08695652173913043,0.026666666666666665,0.3111111111111111
networkiconomi,0.25,0.75,2.0,0.3043376090157001,0.10213431786981818,0.25,0.10526315789473684,0.6666666666666666,0.0787258322722684,0.03678547448273484,0.1,0.019083969465648856,0.23076923076923078,0.12309325410543494,0.051882642030934054,0.13793103448275862,0.03442879499217528,0.3111111111111111
networkiconomi,0.25,0.75,3.0,0.3224830557300647,0.10778845680246155,0.3333333333333333,0.11538461538461539,0.6666666666666666,0.08317269158789806,0.039005592860849446,0.0625,0.01926444833625219,0.29411764705882354,0.13013248453466097,0.054834833432723384,0.18181818181818182,0.03685092127303182,0.3589743589743589
networkiconomi,0.25,0.75,5.0,0.3409632070619393,0.11448658518059954,0.5,0.1,0.75,0.08769606852304027,0.04057174718921186,0.045454545454545456,0.021015761821366025,0.28,0.13730284172815987,0.057263238355450934,0.18181818181818182,0.03755868544600939,0.3835616438356165
networkiconomi,0.25,1.0,0,0.21325252271265946,0.07783555935312383,0.2,0.0,0.5,0.056041036405169026,0.029363814268360083,0.06666666666666667,0.0,0.18181818181818182,0.08733831372424598,0.04153454736127793,0.06451612903225806,0.0,0.26666666666666666
networkiconomi,0.25,1.0,0.1,0.21886645051972575,0.07862136511585809,0.2,0.0,0.5384615384615384,0.05787876504026809,0.03049071708989399,0.09090909090909091,0.0,0.17647058823529413,0.09009380468261012,0.042869413572025325,0.10526315789473684,0.0,0.24324324324324323
networkiconomi,0.25,1.0,0.25,0.230263197754906,0.08421684518217222,0.2,0.05,0.6666666666666666,0.060404465211257585,0.03161860943407938,0.09090909090909091,0.008,0.24242424242424243,0.09415631638266794,0.04455312489053455,0.06896551724137931,0.013793103448275862,0.3555555555555555
networkiconomi,0.25,1.0,0.5,0.23943878447608138,0.08614268338662381,0.2,0.0,0.5263157894736842,0.06276867449267838,0.03281752680622679,0.045454545454545456,0.0,0.23529411764705882,0.09784140714755919,0.04596187219658239,0.08695652173913043,0.0,0.28571428571428575
networkiconomi,0.25,1.0,0.75,0.2566452534645386,0.09266682316271647,0.2,0.0,0.6666666666666666,0.06701124540215472,0.03421530915895661,0.09090909090909091,0.0,0.24242424242424243,0.10460065196247387,0.04853229655774996,0.06896551724137931,0.0,0.3555555555555555
networkiconomi,0.25,1.0,1.0,0.269751575062894,0.09659689755925188,0.3333333333333333,0.1,0.6666666666666666,0.06962531809735904,0.033378072443301494,0.09090909090909091,0.017513134851138354,0.21212121212121213,0.10892189404495083,0.04751535164069208,0.10526315789473684,0.031007751937984496,0.3111111111111111
networkiconomi,0.25,1.0,2.0,0.30094209579075387,0.1004605771851144,0.3333333333333333,0.08,0.6111111111111112,0.07780757529486657,0.03663659389146556,0.058823529411764705,0.017857142857142856,0.24,0.12167811524905728,0.05160801904937067,0.06666666666666667,0.029197080291970802,0.34285714285714286
networkiconomi,0.25,1.0,3.0,0.32211182360091917,0.10799766160971173,0.3333333333333333,0.10526315789473684,0.75,0.08337470747439274,0.039901395038297816,0.09090909090909091,0.017513134851138354,0.29411764705882354,0.13033337159621994,0.055851889398854576,0.10526315789473684,0.03350083752093802,0.3835616438356165
networkiconomi,0.25,1.0,5.0,0.3410178242273445,0.11380345204782513,0.3333333333333333,0.11538461538461539,0.7222222222222222,0.08787037630628179,0.04048655986625636,0.06666666666666667,0.021015761821366025,0.2692307692307692,0.13751188924698696,0.0571369274562569,0.17391304347826086,0.04020100502512563,0.3589743589743589
networkiconomi,0.25,2.0,0,0.2400993286984272,0.08548121071832479,0.2,0.07407407407407407,0.5714285714285714,0.06265845385432212,0.03193696014989369,0.06666666666666667,0.013605442176870748,0.23529411764705882,0.09776019026598698,0.044737694799201026,0.08695652173913043,0.024390243902439025,0.30769230769230776
networkiconomi,0.25,2.0,0.1,0.24332129184654555,0.08364196659220338,0.25,0.058823529411764705,0.5,0.06322184782808771,0.03078252862925063,0.09090909090909091,0.014010507880910683,0.23529411764705882,0.09873651713955486,0.04312850109671713,0.1111111111111111,0.02680067001675042,0.2857142857142857
networkiconomi,0.25,2.0,0.25,0.2516634721855609,0.09313853143102517,0.2,0.09482758620689655,0.6666666666666666,0.06545363692757274,0.0326645796911133,0.09090909090909091,0.014010507880910683,0.18181818181818182,0.10224022810236925,0.0465635402340776,0.14285714285714288,0.02680067001675042,0.2777777777777778
networkiconomi,0.25,2.0,0.5,0.2595603077007281,0.092057418853899,0.25,0.09090909090909091,0.6153846153846154,0.06745990207659075,0.03307046895986159,0.045454545454545456,0.014010507880910683,0.23529411764705882,0.1053685302406707,0.046683397502219275,0.12903225806451613,0.02680067001675042,0.2857142857142857
networkiconomi,0.25,2.0,0.75,0.2679109065682387,0.09650774258303459,0.25,0.1,0.6111111111111112,0.06968507985004647,0.03508451612187136,0.05,0.017513134851138354,0.23529411764705882,0.10884723847232351,0.049724382394079676,0.08695652173913043,0.031746031746031744,0.32653061224489793
networkiconomi,0.25,2.0,1.0,0.2747495282823841,0.09431546927817798,0.3333333333333333,0.1,0.6666666666666666,0.07124150758400319,0.034357131184372565,0.07142857142857142,0.01926444833625219,0.23529411764705882,0.11131613356799455,0.048332919411726245,0.14285714285714288,0.03482587064676617,0.3098591549295775
networkiconomi,0.25,2.0,2.0,0.3050337917392296,0.10620027919750837,0.25,0.1,0.7333333333333333,0.07872363876583398,0.03742953512677611,0.045454545454545456,0.01926444833625219,0.2692307692307692,0.12315122119948532,0.05293400600500666,0.15384615384615385,0.03685092127303182,0.3589743589743589
networkiconomi,0.25,2.0,3.0,0.3258607724947221,0.11125002650397714,0.3333333333333333,0.1,0.6666666666666666,0.08422556210380043,0.04056491262305007,0.08333333333333333,0.017513134851138354,0.29411764705882354,0.13170997778383975,0.05700932300610716,0.13793103448275862,0.03350083752093802,0.3835616438356165
networkiconomi,0.25,2.0,5.0,0.3437312858509106,0.11151492983915415,0.3333333333333333,0.1,0.6923076923076923,0.088447871714524,0.04004715650881944,0.058823529411764705,0.01926444833625219,0.29411764705882354,0.13846809498036072,0.05620791204112095,0.18181818181818182,0.03685092127303182,0.3589743589743589
networkiconomi,0.25,3.0,0,0.2495104142753206,0.09327000612870075,0.2,0.07692307692307693,0.5714285714285714,0.0646159843175979,0.033039747260185284,0.05,0.017513134851138354,0.23529411764705882,0.10096162231077603,0.046657418727065636,0.10526315789473684,0.030456852791878174,0.32653061224489793
networkiconomi,0.25,3.0,0.1,0.251683467750097,0.09230331345488191,0.2,0.1,0.625,0.06507178439057447,0.03260043611682262,0.0625,0.017513134851138354,0.23529411764705882,0.10171817034626153,0.04592313306108523,0.08695652173913043,0.03350083752093802,0.28571428571428575
networkiconomi,0.25,3.0,0.25,0.2519158357355482,0.09011098487441006,0.25,0.0851063829787234,0.6,0.06535013225195445,0.03261048705464108,0.09090909090909091,0.014732965009208104,0.23529411764705882,0.10206722170155574,0.04579019213529815,0.08695652173913043,0.02511773940345369,0.2857142857142857
networkiconomi,0.25,3.0,0.5,0.26306990090236876,0.0999177599595098,0.3333333333333333,0.10526315789473684,0.625,0.06800116651417053,0.034228672200693006,0.05,0.017513134851138354,0.23076923076923078,0.10632534650548987,0.04879289633048346,0.08695652173913043,0.03350083752093802,0.30769230769230776
networkiconomi,0.25,3.0,0.75,0.2679223322670045,0.09629786077862566,0.2,0.07894736842105263,0.6111111111111112,0.06937569223485084,0.0344116162392373,0.045454545454545456,0.01576182136602452,0.23529411764705882,0.10844801598045085,0.04872122206257118,0.12903225806451613,0.03015075376884422,0.3098591549295775
networkiconomi,0.25,3.0,1.0,0.27845027065924316,0.10233079137859179,0.3333333333333333,0.07142857142857142,0.6666666666666666,0.0722187288303845,0.03616332672549798,0.0625,0.016666666666666666,0.23529411764705882,0.11282645731254756,0.05124144135520746,0.13793103448275862,0.02702702702702703,0.28571428571428575
networkiconomi,0.25,3.0,2.0,0.3072347572793499,0.10772597998079071,0.25,0.1,0.6666666666666666,0.07918739910273581,0.03746360939494571,0.09090909090909091,0.021015761821366025,0.2692307692307692,0.12394499860628999,0.05332555302262798,0.18181818181818182,0.04020100502512563,0.3589743589743589
networkiconomi,0.25,3.0,3.0,0.3256318243169956,0.11453474279218827,0.3333333333333333,0.1,0.6923076923076923,0.08371163789140772,0.039229411596004786,0.045454545454545456,0.01926444833625219,0.28,0.13109672835468653,0.05586326830074219,0.18181818181818182,0.03685092127303182,0.3835616438356165
networkiconomi,0.25,3.0,5.0,0.3424462370916443,0.11436880519379582,0.3333333333333333,0.1,0.7333333333333333,0.08811195115372458,0.04039533228549232,0.125,0.01926444833625219,0.2692307692307692,0.13795094332084118,0.05710200800727173,0.13333333333333333,0.03685092127303182,0.3589743589743589
networkiconomi,0.25,5.0,0,0.23303967237187326,0.11053945215029032,0.2,0.04672897196261682,0.6,0.06031071201693667,0.03533986050199088,0.045454545454545456,0.011037527593818985,0.22857142857142856,0.09427878633885792,0.05156109481396381,0.06451612903225806,0.01785714285714286,0.32653061224489793
networkiconomi,0.25,5.0,0.1,0.23362780163297964,0.11357830845727855,0.2,0.045454545454545456,0.6666666666666666,0.060462920059392626,0.035744821815448594,0.0625,0.0103359173126615,0.2,0.09451859760293962,0.05238602100425936,0.06666666666666667,0.016842105263157894,0.273972602739726
networkiconomi,0.25,5.0,0.25,0.23935905426179946,0.11578788545665639,0.3333333333333333,0.054945054945054944,0.6666666666666666,0.06208787142595027,0.03678926385923259,0.0625,0.011428571428571429,0.22857142857142856,0.09702341436624509,0.05380838935877153,0.06666666666666667,0.019230769230769232,0.32653061224489793
networkiconomi,0.25,5.0,0.5,0.239342397557584,0.11482434579977344,0.2,0.045454545454545456,0.6428571428571429,0.06203387058795913,0.03676801101034739,0.08,0.010285714285714285,0.23529411764705882,0.09694123141317378,0.05355471591854944,0.14285714285714288,0.01730769230769231,0.32653061224489793
networkiconomi,0.25,5.0,0.75,0.24697371459012818,0.11633592394062008,0.25,0.04672897196261682,0.6666666666666666,0.06362130486492515,0.03636818469284148,0.05,0.011037527593818985,0.22857142857142856,0.09955357921602263,0.05326706160920753,0.13793103448275862,0.01785714285714286,0.32653061224489793
networkiconomi,0.25,5.0,1.0,0.24912586064782224,0.12168242083337452,0.2,0.03546099290780142,0.6666666666666666,0.0641955296544006,0.038053051342142014,0.07692307692307693,0.008333333333333333,0.24242424242424243,0.10043700237955937,0.055693187437631186,0.12903225806451613,0.013495276653171389,0.3555555555555555
networkiconomi,0.25,5.0,2.0,0.26866259434321793,0.1278499054514139,0.3333333333333333,0.056074766355140186,0.6666666666666666,0.0693481747501422,0.040733795831854214,0.06666666666666667,0.013245033112582781,0.23529411764705882,0.10848447794335841,0.059457781400848536,0.18181818181818182,0.021428571428571425,0.3111111111111111
networkiconomi,0.25,5.0,3.0,0.2870054584387297,0.13055355469668145,0.3333333333333333,0.037383177570093455,0.7333333333333333,0.07402914742609942,0.04173748576631673,0.045454545454545456,0.008830022075055188,0.24,0.11582453268544897,0.06078045954177452,0.18181818181818182,0.014285714285714285,0.3287671232876712
networkiconomi,0.25,5.0,5.0,0.3161009374516919,0.13507316998826965,0.3333333333333333,0.07801418439716312,0.7222222222222222,0.08140898509031547,0.04388117756838889,0.125,0.017142857142857144,0.2692307692307692,0.1273957617872916,0.06350131479468159,0.14285714285714288,0.02884615384615385,0.3589743589743589
networkiconomi,0.5,0,0,0.12949075278142763,0.07579951864405932,0.0,0.0,0.4,0.03522338716909921,0.027036438863905884,0.0,0.0,0.18604651162790697,0.054483921313739414,0.03885196254799943,0.0,0.0,0.25396825396825395
networkiconomi,0.5,0,0.1,0.13203773820416567,0.07354245747279019,0.0,0.0,0.3684210526315789,0.035736127922732216,0.02569543094039509,0.0,0.0,0.15,0.05536122810601042,0.03712038076462647,0.0,0.0,0.20338983050847456
networkiconomi,0.5,0,0.25,0.146225823371241,0.07524188168542684,0.16666666666666666,0.0,0.4166666666666667,0.03938644063684177,0.026766171646442568,0.0,0.0,0.14285714285714285,0.061086438452433084,0.038571855604236656,0.0,0.0,0.21052631578947364
networkiconomi,0.5,0,0.5,0.1581166157535615,0.07888703597814407,0.2,0.0,0.42105263157894735,0.042433544340936415,0.028485318137102877,0.0,0.0,0.16666666666666666,0.06586985365703507,0.040990568850092904,0.0,0.0,0.23529411764705882
networkiconomi,0.5,0,0.75,0.17845920126338938,0.08262731379644228,0.16666666666666666,0.0,0.45,0.04773311710649708,0.030507058729048617,0.0,0.0,0.17647058823529413,0.07414469803880686,0.043576925707540355,0.0,0.0,0.23728813559322032
networkiconomi,0.5,0,1.0,0.21110766724004382,0.09396585810523898,0.2,0.0,0.6666666666666666,0.05623319309302199,0.03405240394733982,0.045454545454545456,0.0,0.23529411764705882,0.08741687797046617,0.04857012541964805,0.0,0.0,0.29411764705882354
networkiconomi,0.5,0,2.0,0.2880177791478673,0.10202622472362474,0.3333333333333333,0.0,0.6666666666666666,0.07529359151063865,0.03777373071000228,0.09090909090909091,0.0,0.23529411764705882,0.11750463482781155,0.05344615848394762,0.07575757575757576,0.0,0.3380281690140845
networkiconomi,0.5,0,3.0,0.31984822409742836,0.10889860364064646,0.3333333333333333,0.1,0.6842105263157895,0.08262140310505461,0.039033354860128586,0.08333333333333333,0.017513134851138354,0.3076923076923077,0.12921282863643185,0.05490317328491222,0.13333333333333333,0.03350083752093802,0.4102564102564103
networkiconomi,0.5,0,5.0,0.34226228814741233,0.11245789370645749,0.3333333333333333,0.11538461538461539,0.7333333333333333,0.0879126562062436,0.039498629868326605,0.058823529411764705,0.021015761821366025,0.3076923076923077,0.13772142744184077,0.05600921223508241,0.18181818181818182,0.04020100502512563,0.4102564102564103
networkiconomi,0.5,0.1,0,0.13185095344593015,0.07360455653395243,0.0,0.0,0.4166666666666667,0.03559714729016352,0.02569171613751802,0.0,0.0,0.17647058823529413,0.055158649509182166,0.036976336041488575,0.0,0.0,0.2222222222222222
networkiconomi,0.5,0.1,0.1,0.13822801963382694,0.07920955341793122,0.0,0.0,0.5,0.03730386927146003,0.027793727971431686,0.0,0.0,0.18181818181818182,0.05784300649934507,0.04027224443955269,0.0,0.0,0.26666666666666666
networkiconomi,0.5,0.1,0.25,0.1499261427070901,0.07857195064558911,0.2,0.0,0.5,0.04050544810405895,0.028801740857403352,0.0,0.0,0.18181818181818182,0.0627880540438547,0.04140362093201032,0.0,0.0,0.26666666666666666
networkiconomi,0.5,0.1,0.5,0.17048260384768132,0.08295330805451727,0.16666666666666666,0.0,0.6666666666666666,0.04539260369831713,0.028827016525182585,0.0,0.0,0.16666666666666666,0.07058666259166003,0.04161307091644834,0.0,0.0,0.23529411764705882
networkiconomi,0.5,0.1,0.75,0.18535919279490162,0.08635004308094577,0.2,0.0,0.5833333333333334,0.049756898043065066,0.031830391584667106,0.07142857142857142,0.0,0.23529411764705882,0.07721131362260783,0.045363976353760355,0.0,0.0,0.3111111111111111
networkiconomi,0.5,0.1,1.0,0.21513489742949418,0.08950550844854605,0.2,0.0,0.55,0.05707736485605569,0.03274916074245819,0.06666666666666667,0.0,0.19230769230769232,0.08881494350105303,0.04674477295163991,0.0851063829787234,0.0,0.2777777777777778
networkiconomi,0.5,0.1,2.0,0.2895541705749538,0.10282743706344129,0.3333333333333333,0.0,0.6666666666666666,0.07574166716605445,0.0388275366846475,0.045454545454545456,0.0,0.2692307692307692,0.11813702555140251,0.054604419718183896,0.12903225806451613,0.0,0.3589743589743589
networkiconomi,0.5,0.1,3.0,0.3210481060060219,0.10846027367343425,0.3333333333333333,0.1,0.6666666666666666,0.08264868961265047,0.03866117932195879,0.1,0.02276707530647986,0.3076923076923077,0.1293753064534945,0.05454986638524268,0.18181818181818182,0.0406885758998435,0.4102564102564103
networkiconomi,0.5,0.1,5.0,0.3434775614079093,0.11289983078067596,0.3333333333333333,0.1,0.7692307692307693,0.08841657820192989,0.040755414594569425,0.058823529411764705,0.021015761821366025,0.35294117647058826,0.13838847604902954,0.05701244414929419,0.18181818181818182,0.04020100502512563,0.42857142857142855
networkiconomi,0.5,0.25,0,0.14142376293570597,0.07589664750796186,0.2,0.0,0.5,0.03840413517420709,0.02696138421490535,0.0,0.0,0.15384615384615385,0.05948548107284636,0.03906571688204536,0.0,0.0,0.23076923076923075
networkiconomi,0.5,0.25,0.1,0.15272198207076246,0.07740563969367376,0.16666666666666666,0.0,0.5,0.041568644600423345,0.029024343809715268,0.0,0.0,0.18181818181818182,0.0642842716846691,0.04129750952129606,0.0,0.0,0.26666666666666666
networkiconomi,0.5,0.25,0.25,0.16358418129865335,0.08271079702757765,0.2,0.0,0.5,0.044584807710673934,0.0313226047310978,0.0,0.0,0.20833333333333334,0.06895926641276381,0.044539086409407756,0.0,0.0,0.29411764705882354
networkiconomi,0.5,0.25,0.5,0.1793085355086506,0.08056504444087788,0.2,0.0,0.5294117647058824,0.04758118825681466,0.02903063115096207,0.04,0.0,0.16666666666666666,0.07403378590812847,0.041706696181498484,0.0,0.0,0.24999999999999997
networkiconomi,0.5,0.25,0.75,0.20272359745432994,0.08862798462879032,0.2,0.0,0.5833333333333334,0.05341923859751827,0.030546875969363212,0.06666666666666667,0.0,0.21212121212121213,0.08325034317405888,0.04416837105436157,0.0,0.0,0.3111111111111111
networkiconomi,0.5,0.25,1.0,0.22792062685881523,0.08820405883542579,0.25,0.0,0.6,0.05997425748545608,0.03236837326888938,0.045454545454545456,0.0,0.18604651162790697,0.09347151219641676,0.046051033137959406,0.0,0.0,0.27906976744186046
networkiconomi,0.5,0.25,2.0,0.2931035467671266,0.10133553318198352,0.3333333333333333,0.09090909090909091,0.6666666666666666,0.0760567221798265,0.03719334527520444,0.09090909090909091,0.017513134851138354,0.26,0.11881996860493332,0.052206581024429266,0.10526315789473684,0.03225806451612903,0.3561643835616438
networkiconomi,0.5,0.25,3.0,0.31959007393808314,0.11091011657051524,0.3333333333333333,0.1,0.6875,0.08251076783430251,0.03944843172105173,0.045454545454545456,0.01576182136602452,0.24,0.12910088569621275,0.055981030974840314,0.18181818181818182,0.03015075376884422,0.33333333333333337
networkiconomi,0.5,0.25,5.0,0.34324606888734693,0.11381143762032242,0.3333333333333333,0.1,0.6923076923076923,0.08819689743186254,0.04048991174646059,0.07692307692307693,0.01926444833625219,0.29411764705882354,0.1380981744715059,0.05685493533220395,0.12903225806451613,0.03685092127303182,0.3589743589743589
networkiconomi,0.5,0.5,0,0.16496491794863014,0.07692929294610043,0.2,0.0,0.5,0.04445785468607272,0.02891722613266136,0.0,0.0,0.18181818181818182,0.06892130857370626,0.041131283578588015,0.0,0.0,0.26666666666666666
networkiconomi,0.5,0.5,0.1,0.1718523620436235,0.07604710415281214,0.16666666666666666,0.0,0.47058823529411764,0.04555567592397448,0.02792877033346737,0.0,0.0,0.16393442622950818,0.07086941780575906,0.03992594895930706,0.0,0.0,0.22727272727272727
networkiconomi,0.5,0.5,0.25,0.17956889142741472,0.07785213075076569,0.2,0.0,0.45,0.04782853500208462,0.028907210467678305,0.0,0.0,0.23529411764705882,0.07430759538666552,0.04087608600591312,0.0,0.0,0.2857142857142857
networkiconomi,0.5,0.5,0.5,0.20402938562541317,0.08562679500006268,0.16666666666666666,0.0,0.5,0.053873549385351424,0.03125044561747436,0.0,0.0,0.23529411764705882,0.08380691891399414,0.04410764217098322,0.0,0.0,0.2857142857142857
networkiconomi,0.5,0.5,0.75,0.2237563661114388,0.08581763132607173,0.25,0.05,0.5555555555555556,0.05881007062421498,0.03178514568572152,0.07142857142857142,0.008,0.20833333333333334,0.09168011273674374,0.045260963531103225,0.13793103448275862,0.013793103448275862,0.29411764705882354
networkiconomi,0.5,0.5,1.0,0.24568807564603715,0.09435356453227173,0.2,0.0,0.6666666666666666,0.0642783997605153,0.03365326478317608,0.07142857142857142,0.0,0.23529411764705882,0.10027584268827441,0.04781887009728478,0.08695652173913043,0.0,0.2857142857142857
networkiconomi,0.5,0.5,2.0,0.29769025800207494,0.10419267707644907,0.25,0.1,0.6666666666666666,0.0769386096328427,0.03666969982799299,0.1,0.017513134851138354,0.23076923076923078,0.12035311285848938,0.05212892800144566,0.13793103448275862,0.03350083752093802,0.3111111111111111
networkiconomi,0.5,0.5,3.0,0.3234761353334674,0.10858401334162857,0.3333333333333333,0.09375,0.7142857142857143,0.0833770984185756,0.0386409068193717,0.08333333333333333,0.018633540372670808,0.28,0.13047042271377565,0.05461122688828405,0.10526315789473684,0.031088082901554404,0.3835616438356165
networkiconomi,0.5,0.5,5.0,0.3450165589518446,0.11563533330433533,0.3333333333333333,0.1,0.7692307692307693,0.08859896630396014,0.040497075187325725,0.125,0.01926444833625219,0.26,0.13877962631208035,0.05739508383717429,0.10526315789473684,0.03685092127303182,0.3561643835616438
networkiconomi,0.5,0.75,0,0.18801038868710432,0.0794680610955896,0.2,0.0,0.5263157894736842,0.050050716672536216,0.030073566068602023,0.0,0.0,0.21739130434782608,0.0777764351940607,0.04249054146937379,0.0,0.0,0.3076923076923077
networkiconomi,0.5,0.75,0.1,0.18776156132074295,0.07091162076199092,0.2,0.0,0.4666666666666667,0.04997259603252908,0.02791972277528907,0.05,0.0,0.17647058823529413,0.07766189608530821,0.03918158101363661,0.08695652173913043,0.0,0.2222222222222222
networkiconomi,0.5,0.75,0.25,0.2087515808339775,0.0830603143481614,0.2,0.0,0.5833333333333334,0.05516635974239575,0.030447221134456238,0.09090909090909091,0.0,0.1794871794871795,0.08591155882827567,0.043449712862957755,0.1111111111111111,0.0,0.2745098039215686
networkiconomi,0.5,0.75,0.5,0.2174271091098268,0.08500155709266627,0.2,0.0,0.5833333333333334,0.057043236423446955,0.03025024876979965,0.045454545454545456,0.0,0.18,0.08898188640617888,0.04337457207755476,0.06451612903225806,0.0,0.2745098039215686
networkiconomi,0.5,0.75,0.75,0.23870524872496354,0.08700979090521206,0.2,0.0,0.5714285714285714,0.06282434952926035,0.034095481543628715,0.09090909090909091,0.0,0.29411764705882354,0.09781608183003909,0.047312352428638155,0.07407407407407407,0.0,0.35714285714285715
networkiconomi,0.5,0.75,1.0,0.25191549468125174,0.08601555359090544,0.2,0.08333333333333333,0.5384615384615384,0.0655685326938454,0.032694714787963465,0.09090909090909091,0.016,0.22,0.10238901569708399,0.04591921251690666,0.07142857142857142,0.027586206896551724,0.30136986301369867
networkiconomi,0.5,0.75,2.0,0.29678955739701085,0.10325918641430991,0.3333333333333333,0.1,0.7333333333333333,0.07653429282193942,0.0365765822876657,0.05,0.021505376344086023,0.26,0.11976204729966457,0.05172754492951936,0.13793103448275862,0.0367816091954023,0.3561643835616438
networkiconomi,0.5,0.75,3.0,0.32454916330933453,0.10799077839716349,0.3333333333333333,0.1,0.6842105263157895,0.08372990750092947,0.03856306979895532,0.09090909090909091,0.01926444833625219,0.24,0.13102050196819603,0.05442437218463804,0.10526315789473684,0.03685092127303182,0.3380281690140845
networkiconomi,0.5,0.75,5.0,0.3462634486407172,0.1155685533479576,0.3333333333333333,0.13978494623655913,0.7333333333333333,0.08898060683842664,0.04058795281978441,0.09090909090909091,0.021015761821366025,0.28,0.13934817928315382,0.05738283181141244,0.10526315789473684,0.04020100502512563,0.3835616438356165
networkiconomi,0.5,1.0,0,0.20331899990102772,0.07667462145037697,0.2,0.0,0.5,0.05380326184113679,0.030061522448136518,0.05,0.0,0.2,0.08371311103660081,0.0423370310855873,0.06666666666666667,0.0,0.28571428571428575
networkiconomi,0.5,1.0,0.1,0.2080580769696235,0.07946137069439445,0.25,0.0,0.5833333333333334,0.054805835789153004,0.030400610353993097,0.0625,0.0,0.2391304347826087,0.08536819230359674,0.0428776016489527,0.06896551724137931,0.0,0.3384615384615385
networkiconomi,0.5,1.0,0.25,0.21671466456499217,0.07678978704984912,0.2,0.0,0.5555555555555556,0.056699185038249965,0.0288026117300956,0.0625,0.0,0.18181818181818182,0.08846639507175283,0.0407529050537403,0.08695652173913043,0.0,0.26666666666666666
networkiconomi,0.5,1.0,0.5,0.2311104042285845,0.07954102493160671,0.25,0.07058823529411765,0.5,0.06059708265895119,0.031937866345614165,0.09090909090909091,0.013605442176870748,0.29411764705882354,0.09441438929413917,0.04399947722008387,0.13793103448275862,0.024390243902439025,0.35714285714285715
networkiconomi,0.5,1.0,0.75,0.24784666722647963,0.08684819260973681,0.25,0.07142857142857142,0.5625,0.06457899035214179,0.03184128698793087,0.09090909090909091,0.01576182136602452,0.23529411764705882,0.10083511860064687,0.04495505754310586,0.09090909090909091,0.03015075376884422,0.2857142857142857
networkiconomi,0.5,1.0,1.0,0.2564365469680585,0.09343514012340182,0.3333333333333333,0.07936507936507936,0.6666666666666666,0.06705861021074061,0.03518731582071368,0.0625,0.015105740181268883,0.24242424242424243,0.10457670235985468,0.04945839851613462,0.12903225806451613,0.025380710659898477,0.3555555555555555
networkiconomi,0.5,1.0,2.0,0.30079653477792867,0.104046441000732,0.3333333333333333,0.1,0.7333333333333333,0.07760315055124493,0.036803984440953716,0.09090909090909091,0.017513134851138354,0.23076923076923078,0.12141324481655946,0.052077850543005844,0.13793103448275862,0.03350083752093802,0.30769230769230776
networkiconomi,0.5,1.0,3.0,0.32790791743475567,0.11130438196592218,0.5,0.1,0.6666666666666666,0.08455407097442377,0.03991222628313724,0.1,0.021015761821366025,0.28,0.1323042622849884,0.05639301531704975,0.10526315789473684,0.04020100502512563,0.3835616438356165
networkiconomi,0.5,1.0,5.0,0.34644942640717,0.1142015172219626,0.3333333333333333,0.1,0.7333333333333333,0.08891596429967276,0.03990240054339213,0.1,0.021015761821366025,0.26,0.13929481933905893,0.05652099782640123,0.18181818181818182,0.04020100502512563,0.3561643835616438
networkiconomi,0.5,2.0,0,0.23406499496127917,0.08625694291648386,0.3333333333333333,0.0851063829787234,0.5714285714285714,0.060777742277870375,0.030250875884368967,0.05,0.012259194395796848,0.16216216216216217,0.09496934430835405,0.043169074804369316,0.06666666666666667,0.023450586264656615,0.25
networkiconomi,0.5,2.0,0.1,0.23680699516040382,0.08565704747021995,0.2,0.075,0.5333333333333333,0.06161689721661247,0.030961167956167573,0.09090909090909091,0.013761467889908258,0.19230769230769232,0.09624963876959099,0.04395972326757285,0.1111111111111111,0.023255813953488375,0.2777777777777778
networkiconomi,0.5,2.0,0.25,0.24500051399837813,0.09211884897402361,0.2,0.07936507936507936,0.5625,0.06341976418382718,0.03197413040947603,0.1,0.015105740181268883,0.23076923076923078,0.09913739637301289,0.04547934674418148,0.14285714285714288,0.025380710659898477,0.30769230769230776
networkiconomi,0.5,2.0,0.5,0.2536423987140093,0.09246408166238135,0.25,0.07936507936507936,0.625,0.06592891642096,0.03413990578468414,0.09090909090909091,0.013100436681222707,0.29411764705882354,0.1029653437027202,0.047958052173276214,0.06666666666666667,0.022988505747126433,0.35714285714285715
networkiconomi,0.5,2.0,0.75,0.25977042651165094,0.09533380015865042,0.2,0.09259259259259259,0.5714285714285714,0.06713742725095544,0.03345440055393881,0.0625,0.016129032258064516,0.24242424242424243,0.10501603870038378,0.04765768021242897,0.13793103448275862,0.02758620689655172,0.326530612244898
networkiconomi,0.5,2.0,1.0,0.2673363113573296,0.09664350888160139,0.25,0.08,0.6666666666666666,0.06918399216656504,0.0343728422861432,0.09090909090909091,0.01576182136602452,0.23529411764705882,0.10815829506681834,0.04862837459870544,0.13793103448275862,0.029197080291970802,0.32653061224489793
networkiconomi,0.5,2.0,2.0,0.30568024090892726,0.1061473584505046,0.3333333333333333,0.1,0.6111111111111112,0.0787198161635386,0.037073864050589,0.07142857142857142,0.021015761821366025,0.26,0.12326678125272134,0.05295546247931899,0.12698412698412698,0.04020100502512563,0.3561643835616438
networkiconomi,0.5,2.0,3.0,0.3257279775939712,0.11179268954400379,0.5,0.11764705882352941,0.6923076923076923,0.08386725115675076,0.03909260717900014,0.125,0.01926444833625219,0.26,0.1313118268648954,0.05560861684367871,0.18181818181818182,0.03647416413373861,0.3561643835616438
networkiconomi,0.5,2.0,5.0,0.3487047581074646,0.11553805516891409,0.3333333333333333,0.1,0.7368421052631579,0.08945062819523684,0.040525255760335575,0.075,0.021015761821366025,0.29411764705882354,0.14012005785210516,0.05710515629721503,0.18181818181818182,0.04020100502512563,0.3835616438356165
networkiconomi,0.5,3.0,0,0.24579097102476102,0.09471680617802579,0.2,0.07526881720430108,0.6666666666666666,0.06345761845930123,0.031810913058285636,0.09090909090909091,0.017094017094017096,0.20588235294117646,0.09926822690178302,0.045687876998069185,0.06666666666666667,0.029090909090909094,0.2916666666666667
networkiconomi,0.5,3.0,0.1,0.24783495367060576,0.09354925410374293,0.2,0.07142857142857142,0.5384615384615384,0.06394149978468154,0.031763230163466764,0.0625,0.016666666666666666,0.19230769230769232,0.10004332277929165,0.04552525166718791,0.08695652173913043,0.02702702702702703,0.2777777777777778
networkiconomi,0.5,3.0,0.25,0.25170187687575113,0.09632969953269457,0.2,0.09090909090909091,0.6,0.06487221382106806,0.03275345389482,0.05,0.017094017094017096,0.23529411764705882,0.10152059077538297,0.04685474211375461,0.09090909090909091,0.029090909090909094,0.28571428571428575
networkiconomi,0.5,3.0,0.5,0.25844327196113837,0.09853729771555471,0.25,0.1,0.6153846153846154,0.06685079417747948,0.034252700803765815,0.09090909090909091,0.015267175572519083,0.23529411764705882,0.10452368627064669,0.04881929666858802,0.11764705882352941,0.027777777777777776,0.32653061224489793
networkiconomi,0.5,3.0,0.75,0.263429031131689,0.09619891626403954,0.25,0.07692307692307693,0.5714285714285714,0.06802521976312,0.033196479057537996,0.07142857142857142,0.017513134851138354,0.22857142857142856,0.1064455637000602,0.04749636549796282,0.06666666666666667,0.03350083752093802,0.32653061224489793
networkiconomi,0.5,3.0,1.0,0.27064085451469033,0.09992544793264568,0.25,0.1,0.6111111111111112,0.06966997980869008,0.03377877563761913,0.07692307692307693,0.01926444833625219,0.20754716981132076,0.10905200859104985,0.04830059759052907,0.07407407407407407,0.03508771929824561,0.3098591549295775
networkiconomi,0.5,3.0,2.0,0.3009429407121839,0.10809538016578041,0.3333333333333333,0.1,0.6666666666666666,0.07759281042596256,0.03764838477065493,0.1,0.02276707530647986,0.26,0.12142189413845111,0.05352209082985356,0.2,0.039473684210526314,0.3561643835616438
networkiconomi,0.5,3.0,3.0,0.32440286256389606,0.11406807631524536,0.5,0.1,0.7692307692307693,0.08339913693564732,0.03891923625729232,0.09090909090909091,0.021015761821366025,0.29411764705882354,0.1305876445494625,0.05527009296198269,0.18181818181818182,0.04020100502512563,0.35714285714285715
networkiconomi,0.5,3.0,5.0,0.3453953068112245,0.11678904372653015,0.3333333333333333,0.1,0.7333333333333333,0.08840056467579424,0.04022553323535559,0.058823529411764705,0.02276707530647986,0.3076923076923077,0.1385755296691368,0.05710548509254537,0.12903225806451613,0.043551088777219436,0.4102564102564103
networkiconomi,0.5,5.0,0,0.23949023398139602,0.10980843567055773,0.2,0.0423728813559322,0.6666666666666666,0.06146086000651705,0.033863049925266044,0.08,0.010845986984815618,0.1875,0.09624962062602894,0.049616147554568786,0.07407407407407407,0.01727115716753022,0.2686567164179105
networkiconomi,0.5,5.0,0.1,0.23762137790244217,0.10582420528893462,0.2,0.04964539007092199,0.6153846153846154,0.060984411676163426,0.03341852411614514,0.045454545454545456,0.011666666666666667,0.19230769230769232,0.09550099190191531,0.04864264508921639,0.08695652173913043,0.018893387314439947,0.2564102564102564
networkiconomi,0.5,5.0,0.25,0.24379208307605216,0.10916374913886205,0.2,0.045454545454545456,0.7333333333333333,0.06276543961849532,0.03551134031700528,0.09090909090909091,0.011363636363636364,0.22857142857142856,0.09819206796698127,0.05143863682902834,0.06666666666666667,0.01818181818181818,0.32653061224489793
networkiconomi,0.5,5.0,0.5,0.24992746871788185,0.11357861739737245,0.25,0.06382978723404255,0.6153846153846154,0.06413782966099499,0.0353870793756058,0.09090909090909091,0.015,0.2,0.10044104193605904,0.051724072663458076,0.2,0.0242914979757085,0.28571428571428575
networkiconomi,0.5,5.0,0.75,0.2520954761669205,0.11404293865319177,0.25,0.04964539007092199,0.6153846153846154,0.0647015356200123,0.03586301846827144,0.09090909090909091,0.011666666666666667,0.2,0.10133636831129418,0.052415905824537944,0.08695652173913043,0.018893387314439947,0.28571428571428575
networkiconomi,0.5,5.0,1.0,0.2558590066623393,0.11467855735472732,0.25,0.05555555555555555,0.6428571428571429,0.06550050026418816,0.0356131190751267,0.0625,0.01282051282051282,0.2,0.10263989614535586,0.05207617198039912,0.08695652173913043,0.021428571428571425,0.28571428571428575
networkiconomi,0.5,5.0,2.0,0.2791959527735072,0.12197126422536919,0.3333333333333333,0.07058823529411765,0.7333333333333333,0.07154659190185328,0.03808317698268527,0.045454545454545456,0.016853932584269662,0.22,0.11211348726377414,0.05575475850807084,0.06451612903225806,0.027210884353741496,0.30136986301369867
networkiconomi,0.5,5.0,3.0,0.2981945185818817,0.1274002556773303,0.3333333333333333,0.06542056074766354,0.6923076923076923,0.07649274943435459,0.040676624601897346,0.05,0.01545253863134658,0.23529411764705882,0.11980942915233361,0.05902119862293354,0.18181818181818182,0.025000000000000005,0.3333333333333333
networkiconomi,0.5,5.0,5.0,0.3288041057941676,0.13049849211444858,0.5,0.07746478873239436,0.7692307692307693,0.0842030421130517,0.04254486396504715,0.045454545454545456,0.02,0.29411764705882354,0.13193535331805117,0.06120478539363682,0.2,0.032388663967611336,0.3835616438356165
networkiconomi,0.75,0,0,0.1172490770768064,0.07379882678226025,0.0,0.0,0.43478260869565216,0.031684979001361496,0.02484416574338287,0.0,0.0,0.16,0.04915836238757464,0.0364927046760841,0.0,0.0,0.2222222222222222
networkiconomi,0.75,0,0.1,0.12101084068358067,0.07304332566591454,0.0,0.0,0.4,0.033439279007484474,0.026857082773076975,0.0,0.0,0.15217391304347827,0.0515698241124819,0.0386489692425205,0.0,0.0,0.21538461538461537
networkiconomi,0.75,0,0.25,0.13140422101018495,0.07586253844966101,0.0,0.0,0.42857142857142855,0.03512601402641803,0.02549406194481656,0.0,0.0,0.14285714285714285,0.054569864202761574,0.03716816022803265,0.0,0.0,0.21052631578947364
networkiconomi,0.75,0,0.5,0.14845059949639175,0.07781108990794218,0.16666666666666666,0.0,0.5,0.04005610035740316,0.02783476395037569,0.0,0.0,0.17647058823529413,0.06207297977988463,0.03986947285859004,0.0,0.0,0.23880597014925375
networkiconomi,0.75,0,0.75,0.16786501172713017,0.08461570804047834,0.2,0.0,0.5,0.04509279117365203,0.029609690298001885,0.0,0.0,0.18181818181818182,0.06999018050732278,0.042760247487887884,0.0,0.0,0.26666666666666666
networkiconomi,0.75,0,1.0,0.19309662678120862,0.08870342552031447,0.25,0.0,0.4666666666666667,0.05133520309287329,0.031197757539002717,0.08333333333333333,0.0,0.17647058823529413,0.07983440597624013,0.04479546159498839,0.0,0.0,0.24691358024691357
networkiconomi,0.75,0,2.0,0.2755232663765092,0.1010289180353603,0.25,0.078125,0.6666666666666666,0.07197217405477059,0.03715774729680311,0.09090909090909091,0.015527950310559006,0.29411764705882354,0.11230118960209243,0.05234237084926085,0.13793103448275862,0.025906735751295335,0.35714285714285715
networkiconomi,0.75,0,3.0,0.31583906570227177,0.10713847849340764,0.3333333333333333,0.078125,0.7222222222222222,0.08104248430300719,0.03702882188306253,0.09090909090909091,0.015527950310559006,0.23529411764705882,0.12695573216763253,0.05251902063429267,0.125,0.025906735751295335,0.31746031746031744
networkiconomi,0.75,0,5.0,0.3434523279723554,0.11600491940038943,0.3333333333333333,0.1,0.6875,0.08838914437887556,0.040903187722014574,0.0625,0.02276707530647986,0.28,0.13839331722866494,0.057958815786325654,0.12903225806451613,0.03982300884955752,0.3835616438356165
networkiconomi,0.75,0.1,0,0.11868629917089762,0.06806045683069915,0.0,0.0,0.4,0.03236767256536428,0.02437438783441447,0.0,0.0,0.125,0.050086714557807596,0.03530184547518473,0.0,0.0,0.19047619047619047
networkiconomi,0.75,0.1,0.1,0.12783151335987628,0.07472268747688121,0.0,0.0,0.42857142857142855,0.03412515362759832,0.02492660332503712,0.0,0.0,0.15384615384615385,0.05303401767338126,0.03638196640079382,0.0,0.0,0.22641509433962267
networkiconomi,0.75,0.1,0.25,0.13400344634787215,0.0759159255206618,0.0,0.0,0.4666666666666667,0.03644440797901068,0.02656697988266325,0.0,0.0,0.15217391304347827,0.05639744804281028,0.03839112902595412,0.0,0.0,0.22950819672131148
networkiconomi,0.75,0.1,0.5,0.1619462048495917,0.08269085080348794,0.2,0.0,0.5,0.043503478280456316,0.029135441616012652,0.0,0.0,0.19230769230769232,0.06752547573670564,0.041975288443474146,0.0,0.0,0.2564102564102564
networkiconomi,0.75,0.1,0.75,0.17910968410153552,0.08308894936386314,0.2,0.0,0.5,0.047866655253990274,0.030082262911851898,0.0,0.0,0.23529411764705882,0.07433446018785765,0.04277353737085305,0.0,0.0,0.2857142857142857
networkiconomi,0.75,0.1,1.0,0.19458102452891513,0.08522527401097917,0.2,0.0,0.5,0.051979092440486714,0.031077012602679272,0.0,0.0,0.19230769230769232,0.0807455206408728,0.04429363146878516,0.0,0.0,0.2564102564102564
networkiconomi,0.75,0.1,2.0,0.278790653576655,0.09662654626575382,0.25,0.0,0.5652173913043478,0.07268311427033312,0.03568093152774853,0.09090909090909091,0.0,0.24,0.1134743899970651,0.05025448399914048,0.13793103448275862,0.0,0.3287671232876712
networkiconomi,0.75,0.1,3.0,0.31738634913631675,0.10649380926528466,0.3333333333333333,0.1,0.6875,0.08179431967715488,0.03813038581158282,0.125,0.020146520146520148,0.3076923076923077,0.1280141399621801,0.053794313967903795,0.0967741935483871,0.03442879499217528,0.4102564102564103
networkiconomi,0.75,0.1,5.0,0.34194961855533645,0.11884472147096277,0.3333333333333333,0.0875,0.7368421052631579,0.0877922737835037,0.04103192661458854,0.1,0.01881720430107527,0.35294117647058826,0.13748457167441183,0.057893286330765285,0.18181818181818182,0.03097345132743363,0.42857142857142855
networkiconomi,0.75,0.25,0,0.1294059404743339,0.07318874599140585,0.0,0.0,0.42105263157894735,0.034633472946858035,0.024617926266939705,0.0,0.0,0.16,0.0537728953337408,0.03583075680963224,0.0,0.0,0.2191780821917808
networkiconomi,0.75,0.25,0.1,0.1435465318802715,0.0782152178796188,0.0,0.0,0.42105263157894735,0.0384661216971186,0.027258076331272054,0.0,0.0,0.15625,0.059754163009446346,0.0395353602732295,0.0,0.0,0.21538461538461537
networkiconomi,0.75,0.25,0.25,0.1439688410161253,0.07735679997633096,0.0,0.0,0.4166666666666667,0.038698994606578135,0.02724310515788143,0.0,0.0,0.17647058823529413,0.06001850977427611,0.039155784120207204,0.0,0.0,0.2222222222222222
networkiconomi,0.75,0.25,0.5,0.16396150233657686,0.07827829186180821,0.16666666666666666,0.0,0.45,0.0435581136531285,0.027559799518497404,0.0,0.0,0.17647058823529413,0.06776217179046107,0.03964378879313424,0.0,0.0,0.22784810126582278
networkiconomi,0.75,0.25,0.75,0.19231366254226756,0.08598837680735581,0.2,0.0,0.5833333333333334,0.05090812372448696,0.030785940124946294,0.0625,0.0,0.21212121212121213,0.07929248100547738,0.04442844121258272,0.0,0.0,0.3111111111111111
networkiconomi,0.75,0.25,1.0,0.2159431921935197,0.0870038180229138,0.2,0.0,0.5217391304347826,0.05731018391216357,0.03237565204163559,0.0625,0.0,0.24,0.08914629881944149,0.045889585382358974,0.06666666666666667,0.0,0.3287671232876712
networkiconomi,0.75,0.25,2.0,0.2847284432509879,0.10074427145508207,0.3333333333333333,0.06451612903225806,0.6666666666666666,0.07405215077989812,0.03757083244296541,0.1,0.01576182136602452,0.29411764705882354,0.11563709895040673,0.05265616287323992,0.13793103448275862,0.03015075376884422,0.3589743589743589
networkiconomi,0.75,0.25,3.0,0.3180650514978224,0.10760418093344687,0.3333333333333333,0.11538461538461539,0.6923076923076923,0.08179297794261164,0.03737661185424017,0.0625,0.017513134851138354,0.26,0.12808959957048205,0.05297448240133347,0.18181818181818182,0.03350083752093802,0.3561643835616438
networkiconomi,0.75,0.25,5.0,0.34482451672184194,0.11862156448316283,0.3333333333333333,0.1,0.7368421052631579,0.08856620906387523,0.04072239414919523,0.125,0.021015761821366025,0.29411764705882354,0.13871451400578197,0.05770173912099051,0.10526315789473684,0.04020100502512563,0.36619718309859156
networkiconomi,0.75,0.5,0,0.1529828055410035,0.07574875564776892,0.2,0.0,0.4375,0.04148583531715525,0.027829148315724795,0.0,0.0,0.17073170731707318,0.06425076618449432,0.03993768686632871,0.0,0.0,0.2456140350877193
networkiconomi,0.75,0.5,0.1,0.16076080572406412,0.07628882902387416,0.2,0.0,0.4666666666666667,0.042887478905873806,0.026782422631988507,0.0,0.0,0.16666666666666666,0.06666916631636106,0.03871080370018588,0.0,0.0,0.23529411764705882
networkiconomi,0.75,0.5,0.25,0.16874466459037243,0.07758856307372934,0.16666666666666666,0.0,0.4166666666666667,0.045225839017189705,0.02794642184341752,0.0,0.0,0.16129032258064516,0.0702391566697852,0.04020489526019429,0.0,0.0,0.2325581395348837
networkiconomi,0.75,0.5,0.5,0.19070134735387861,0.07998704194360397,0.2,0.0,0.5833333333333334,0.050387421132663805,0.029283582637651608,0.034482758620689655,0.0,0.21212121212121213,0.07844026116096912,0.0417814510293498,0.06666666666666667,0.0,0.3111111111111111
networkiconomi,0.75,0.5,0.75,0.21201938311837024,0.07785172347410184,0.2,0.038461538461538464,0.5384615384615384,0.055981914515023386,0.030122011002882778,0.05,0.0064516129032258064,0.19230769230769232,0.08714261955217945,0.042310630382182926,0.06666666666666667,0.011494252873563218,0.26666666666666666
networkiconomi,0.75,0.5,1.0,0.2341200479875623,0.08252113550206243,0.25,0.0,0.5,0.06142964265968856,0.03118939742759482,0.09090909090909091,0.0,0.18181818181818182,0.09573536233419853,0.04371141538694265,0.13953488372093023,0.0,0.26666666666666666
networkiconomi,0.75,0.5,2.0,0.28983386548911005,0.09978397928490297,0.25,0.07142857142857142,0.631578947368421,0.07493234190814624,0.03592410133297117,0.08,0.01881720430107527,0.29411764705882354,0.11717820003128233,0.05053225944843651,0.18181818181818182,0.03097345132743363,0.35714285714285715
networkiconomi,0.75,0.5,3.0,0.3202221977498272,0.10780812256501969,0.3333333333333333,0.10294117647058823,0.6842105263157895,0.08260099452962821,0.038738519482785526,0.1,0.017513134851138354,0.24242424242424243,0.1292377906213194,0.054708143595161025,0.10526315789473684,0.03350083752093802,0.3555555555555555
networkiconomi,0.75,0.5,5.0,0.34515886402139956,0.11704225158420944,0.3333333333333333,0.11764705882352941,0.7333333333333333,0.08858349867384306,0.04084503742618999,0.09090909090909091,0.024518388791593695,0.35294117647058826,0.13873785494290125,0.05754524141862731,0.1111111111111111,0.04663212435233161,0.42857142857142855
networkiconomi,0.75,0.75,0,0.17448870537106043,0.07870445975924979,0.2,0.0,0.5,0.046627410479518086,0.02898766034265302,0.03333333333333333,0.0,0.16666666666666666,0.07242180849629734,0.04142387861953378,0.09090909090909091,0.0,0.24
networkiconomi,0.75,0.75,0.1,0.17949131618049874,0.0728981112350622,0.16666666666666666,0.0,0.5,0.047585425153097306,0.02801695631824862,0.034482758620689655,0.0,0.19230769230769232,0.07397502251211135,0.0393555557541405,0.06451612903225806,0.0,0.2564102564102564
networkiconomi,0.75,0.75,0.25,0.19582329645977634,0.07906748527455436,0.25,0.0,0.5,0.05218628360331744,0.030354965267441504,0.05263157894736842,0.0,0.18181818181818182,0.08110232156213147,0.04298994483045281,0.06451612903225806,0.0,0.26666666666666666
networkiconomi,0.75,0.75,0.5,0.21130228176750004,0.07613169065499617,0.16666666666666666,0.0,0.5333333333333333,0.0556022046550986,0.029153117903550938,0.09090909090909091,0.0,0.17647058823529413,0.08660246012024636,0.0408853832255997,0.06451612903225806,0.0,0.24691358024691357
networkiconomi,0.75,0.75,0.75,0.229739412457843,0.08480295590304185,0.25,0.0,0.5263157894736842,0.06000101887358511,0.03152776282290437,0.0625,0.0,0.23529411764705882,0.09362260705203396,0.04434660870133274,0.06666666666666667,0.0,0.2857142857142857
networkiconomi,0.75,0.75,1.0,0.2408365593193144,0.09040919069935935,0.2,0.0,0.6666666666666666,0.06303132827281775,0.03319474947469623,0.09090909090909091,0.0,0.24242424242424243,0.09832937796442952,0.04714104451679081,0.08695652173913043,0.0,0.3555555555555555
networkiconomi,0.75,0.75,2.0,0.29612665738683913,0.10223053774271139,0.25,0.1,0.6923076923076923,0.07642178665046412,0.03580971739781778,0.09090909090909091,0.01926444833625219,0.20754716981132076,0.1195685725503558,0.050857441072381986,0.18181818181818182,0.03685092127303182,0.3098591549295775
networkiconomi,0.75,0.75,3.0,0.31932209090363417,0.10905753035740512,0.3333333333333333,0.1,0.6875,0.08232741959310626,0.03860763508747827,0.09090909090909091,0.017513134851138354,0.23076923076923078,0.12886267123298492,0.05481117628900136,0.13793103448275862,0.03350083752093802,0.3333333333333333
networkiconomi,0.75,0.75,5.0,0.34868398672836515,0.11748212687848501,0.3333333333333333,0.1,0.7368421052631579,0.08954662536286397,0.04118550962771223,0.125,0.02276707530647986,0.29411764705882354,0.1402360866917683,0.05809772070250711,0.18181818181818182,0.043551088777219436,0.36619718309859156
networkiconomi,0.75,1.0,0,0.19230024815946986,0.07176171387437363,0.2,0.043478260869565216,0.5,0.05070602440136809,0.028344734533921674,0.08,0.007751937984496124,0.19230769230769232,0.07890008125980572,0.03950266412308185,0.07142857142857142,0.013157894736842105,0.2564102564102564
networkiconomi,0.75,1.0,0.1,0.19913263582535023,0.0751362303569158,0.25,0.0,0.4444444444444444,0.0524397829757143,0.02864694062253997,0.058823529411764705,0.0,0.17647058823529413,0.08165289117203109,0.04031295286692198,0.1111111111111111,0.0,0.22535211267605632
networkiconomi,0.75,1.0,0.25,0.2062950272690141,0.07779987871592164,0.2,0.0,0.5714285714285714,0.053944497311269414,0.028652513342272517,0.041666666666666664,0.0,0.20833333333333334,0.08413227583957562,0.0405681248582542,0.1111111111111111,0.0,0.29411764705882354
networkiconomi,0.75,1.0,0.5,0.21980666613414707,0.08048615090607684,0.2,0.05,0.4666666666666667,0.05733756999371352,0.02920800855869425,0.0625,0.008,0.18,0.0895220729102195,0.04150262216252697,0.1111111111111111,0.013793103448275862,0.24691358024691357
networkiconomi,0.75,1.0,0.75,0.23765403050082223,0.08710726846371315,0.25,0.07142857142857142,0.6666666666666666,0.061534948475745296,0.030129773494980333,0.09090909090909091,0.014705882352941176,0.19230769230769232,0.09618992931767954,0.0427688100072771,0.13793103448275862,0.02564102564102564,0.2777777777777778
networkiconomi,0.75,1.0,1.0,0.2528625111386495,0.08769383042226113,0.25,0.08411214953271028,0.6,0.06587937742483542,0.03229362091316103,0.058823529411764705,0.014010507880910683,0.2,0.10284597661897171,0.045453423021620205,0.13157894736842105,0.02680067001675042,0.28169014084507044
networkiconomi,0.75,1.0,2.0,0.2984135306302842,0.1060422275530691,0.3333333333333333,0.1,0.6666666666666666,0.07720537735470068,0.03861034980385985,0.1,0.02276707530647986,0.3076923076923077,0.12069954621400611,0.05430924128494107,0.12903225806451613,0.04166666666666667,0.4102564102564103
networkiconomi,0.75,1.0,3.0,0.3230387630920457,0.11147047774954263,0.3333333333333333,0.11538461538461539,0.6666666666666666,0.08283954387865632,0.037202668283154966,0.09090909090909091,0.02276707530647986,0.24,0.12981214246727188,0.05320020508599517,0.12903225806451613,0.043551088777219436,0.3287671232876712
networkiconomi,0.75,1.0,5.0,0.34716117971453997,0.11817262471981575,0.3333333333333333,0.11764705882352941,0.7333333333333333,0.08931280506896634,0.04189491002922225,0.09090909090909091,0.02276707530647986,0.35294117647058826,0.13978853009528897,0.05882443780134065,0.10526315789473684,0.043551088777219436,0.42857142857142855
networkiconomi,0.75,2.0,0,0.22209803516522714,0.08454938077318824,0.2,0.07142857142857142,0.5714285714285714,0.05742434824523968,0.02951221838623973,0.0625,0.014010507880910683,0.23529411764705882,0.08976392380954148,0.041824459694941835,0.08695652173913043,0.02680067001675042,0.2857142857142857
networkiconomi,0.75,2.0,0.1,0.22706412426424596,0.08285381064886058,0.25,0.08196721311475409,0.5161290322580645,0.05874767507653266,0.02950549090739486,0.05357142857142857,0.013888888888888888,0.2,0.09182623492659749,0.041613752156180364,0.1111111111111111,0.02409638554216867,0.2777777777777778
networkiconomi,0.75,2.0,0.25,0.23576682146932382,0.08557299414460047,0.2,0.07692307692307693,0.5,0.06097119261026523,0.02939907290530351,0.0625,0.015151515151515152,0.17857142857142858,0.09533736335318738,0.04180318012530063,0.09090909090909091,0.026666666666666665,0.25316455696202533
networkiconomi,0.75,2.0,0.5,0.24228687972261667,0.09408680571239308,0.2,0.06451612903225806,0.5555555555555556,0.0627024959452778,0.032102492511976895,0.09090909090909091,0.01576182136602452,0.2,0.09804457965275046,0.04596608379917252,0.06451612903225806,0.02758620689655172,0.273972602739726
networkiconomi,0.75,2.0,0.75,0.2577557862458741,0.0943656966097477,0.2,0.08888888888888889,0.6153846153846154,0.06629778130125451,0.031739037797633235,0.07692307692307693,0.018633540372670808,0.2,0.10378959244693213,0.045380926103499766,0.13333333333333333,0.031088082901554404,0.28571428571428575
networkiconomi,0.75,2.0,1.0,0.26092650534129214,0.09613670368709788,0.25,0.07894736842105263,0.6,0.06720800379648545,0.03281654845537643,0.0625,0.019083969465648856,0.23529411764705882,0.10516667894186829,0.04674030189007201,0.13333333333333333,0.034026465028355386,0.28571428571428575
networkiconomi,0.75,2.0,2.0,0.2990669560552263,0.1101723137981695,0.3333333333333333,0.1,0.6923076923076923,0.07681599902720276,0.03744858017668742,0.0625,0.02276707530647986,0.23529411764705882,0.1203081187391788,0.053486396736087134,0.13333333333333333,0.03875968992248062,0.33333333333333337
networkiconomi,0.75,2.0,3.0,0.32274188056068853,0.11244423399840837,0.3333333333333333,0.1111111111111111,0.7333333333333333,0.08305818377097343,0.039104311918662336,0.09090909090909091,0.01926444833625219,0.2692307692307692,0.13005240247725813,0.05562870196880353,0.18181818181818182,0.03685092127303182,0.3589743589743589
networkiconomi,0.75,2.0,5.0,0.3459475252082209,0.11425065241630968,0.3333333333333333,0.11764705882352941,0.6875,0.08890891718107072,0.04034762996024213,0.1,0.02276707530647986,0.29411764705882354,0.13919699810637548,0.0567373387496257,0.1176470588235294,0.043551088777219436,0.35714285714285715
networkiconomi,0.75,3.0,0,0.23666099460115195,0.09378664636663753,0.2,0.07446808510638298,0.625,0.060747558175114603,0.030406616956231362,0.0625,0.01289134438305709,0.17647058823529413,0.09515700974443343,0.04391372237025334,0.06451612903225806,0.02197802197802198,0.25806451612903225
networkiconomi,0.75,3.0,0.1,0.23930403243341047,0.09505681325829544,0.2,0.09523809523809523,0.6666666666666666,0.0618645398243634,0.032365023352273016,0.09090909090909091,0.01576182136602452,0.29411764705882354,0.09673593351757848,0.04606083292516741,0.08695652173913043,0.03015075376884422,0.35714285714285715
networkiconomi,0.75,3.0,0.25,0.24165325466241258,0.09191732502082695,0.25,0.08695652173913043,0.5714285714285714,0.062351542785983365,0.031327106259331466,0.09090909090909091,0.017094017094017096,0.23529411764705882,0.09751187521767699,0.04453946064745417,0.058823529411764705,0.029090909090909094,0.2857142857142857
networkiconomi,0.75,3.0,0.5,0.24947728459512833,0.09263986965003303,0.25,0.07936507936507936,0.5714285714285714,0.06412459928233893,0.031552802877550704,0.0625,0.015105740181268883,0.29411764705882354,0.10038152303042082,0.04471238463048758,0.13333333333333333,0.025380710659898477,0.35714285714285715
networkiconomi,0.75,3.0,0.75,0.2556328281589612,0.09865656760156645,0.25,0.09574468085106383,0.6666666666666666,0.06544789707085752,0.032183374312134944,0.09090909090909091,0.017595307917888565,0.21428571428571427,0.10256728506884422,0.0463234148838971,0.14285714285714288,0.02985074626865672,0.30379746835443033
networkiconomi,0.75,3.0,1.0,0.26503838171621846,0.10556121211995072,0.2,0.0851063829787234,0.6923076923076923,0.06804196354794385,0.03457383416452368,0.05,0.014732965009208104,0.21428571428571427,0.10659795569483477,0.050065398695255885,0.13793103448275862,0.02511773940345369,0.30379746835443033
networkiconomi,0.75,3.0,2.0,0.2982447688128558,0.11104477967310093,0.25,0.1,0.6875,0.07691615840422453,0.03817323977148064,0.07142857142857142,0.019083969465648856,0.29411764705882354,0.12033167863799553,0.054225172422400124,0.08219178082191782,0.034722222222222224,0.35714285714285715
networkiconomi,0.75,3.0,3.0,0.32293931904735146,0.1152067030378495,0.3,0.07692307692307693,0.6923076923076923,0.08276514922787125,0.038577458172035416,0.125,0.020905923344947737,0.2692307692307692,0.12971375102158167,0.055095059864841124,0.18181818181818182,0.03647416413373861,0.3589743589743589
networkiconomi,0.75,3.0,5.0,0.3451440686125883,0.11681464298362619,0.3333333333333333,0.11764705882352941,0.7333333333333333,0.0888450164662221,0.04106608878769509,0.058823529411764705,0.02276707530647986,0.26,0.13905753129047352,0.05801981258670245,0.12903225806451613,0.043551088777219436,0.3561643835616438
networkiconomi,0.75,5.0,0,0.2353904349033764,0.10152615704529956,0.2,0.06451612903225806,0.5789473684210527,0.06035949775169076,0.032111422489450904,0.041666666666666664,0.015105740181268883,0.2,0.094545140669939,0.04663453883878113,0.13793103448275862,0.025000000000000005,0.28571428571428575
networkiconomi,0.75,5.0,0.1,0.2368856170652127,0.10463679341818578,0.2,0.045454545454545456,0.6153846153846154,0.06058591741737411,0.03238832840425442,0.09090909090909091,0.011363636363636364,0.18,0.09493842795337609,0.047279113399958224,0.06349206349206349,0.01818181818181818,0.25396825396825395
networkiconomi,0.75,5.0,0.25,0.24182610194346324,0.10591540043102111,0.2,0.045454545454545456,0.7222222222222222,0.06209936298625229,0.03346102967443474,0.09090909090909091,0.011363636363636364,0.18,0.097236828674406,0.048687668869489324,0.06666666666666667,0.01818181818181818,0.27956989247311825
networkiconomi,0.75,5.0,0.5,0.24501821745190813,0.10967201740446572,0.25,0.047058823529411764,0.7333333333333333,0.06289846511576844,0.03487338151664814,0.0625,0.011235955056179775,0.22857142857142856,0.09847754834371245,0.05070891295492986,0.06896551724137931,0.018140589569160995,0.32653061224489793
networkiconomi,0.75,5.0,0.75,0.25088666228763756,0.10916876742886575,0.25,0.054945054945054944,0.6,0.06424624529943425,0.03406921067436183,0.05,0.012571428571428572,0.2,0.10068504655649649,0.049795447534200656,0.06896551724137931,0.021153846153846155,0.28571428571428575
networkiconomi,0.75,5.0,1.0,0.257551729633514,0.11229843442458427,0.25,0.06451612903225806,0.6428571428571429,0.065997811072102,0.035739648867193975,0.09090909090909091,0.016853932584269662,0.23076923076923078,0.10338203250415581,0.05191385072541855,0.06896551724137931,0.027210884353741496,0.30769230769230776
networkiconomi,0.75,5.0,2.0,0.27675205388756313,0.11785874645273305,0.25,0.07692307692307693,0.6923076923076923,0.07078168183488802,0.03658733336047576,0.09090909090909091,0.016129032258064516,0.23529411764705882,0.1109737378786039,0.0534532431501413,0.13333333333333333,0.02758620689655172,0.3098591549295775
networkiconomi,0.75,5.0,3.0,0.2995611367376909,0.11917970287570619,0.3333333333333333,0.07092198581560284,0.7692307692307693,0.07679282384436571,0.03846102421484119,0.1,0.016666666666666666,0.23529411764705882,0.12030050919533697,0.05551534411110301,0.18181818181818182,0.026990553306342778,0.32653061224489793
networkiconomi,0.75,5.0,5.0,0.330078573753639,0.1250420064306707,0.5,0.07425742574257425,0.7692307692307693,0.08445564239882825,0.04085251726325945,0.045454545454545456,0.02276707530647986,0.24528301886792453,0.13237005428879203,0.058744928576335884,0.2,0.03694581280788177,0.36619718309859156
networkiconomi,1.0,0,0,0.10692426414663762,0.06791602122076282,0.0,0.0,0.3888888888888889,0.02933441105663888,0.024937625386467887,0.0,0.0,0.17647058823529413,0.045295413892289436,0.035635240030912695,0.0,0.0,0.21538461538461537
networkiconomi,1.0,0,0.1,0.11306657795987822,0.07194148426896128,0.0,0.0,0.4666666666666667,0.030712426441090648,0.024336477349005084,0.0,0.0,0.15,0.04757185576342346,0.035571940332382895,0.0,0.0,0.20338983050847456
networkiconomi,1.0,0,0.25,0.11736690231928763,0.07352366313188209,0.0,0.0,0.4583333333333333,0.03218983208747585,0.025715165069651953,0.0,0.0,0.19298245614035087,0.04974156587841921,0.0372577658674082,0.0,0.0,0.2716049382716049
networkiconomi,1.0,0,0.5,0.13180546897482184,0.07516207606638672,0.0,0.0,0.4523809523809524,0.03548585309743808,0.025856070470787702,0.0,0.0,0.1792452830188679,0.05502881668195102,0.03749634388373437,0.0,0.0,0.25675675675675674
networkiconomi,1.0,0,0.75,0.15324848484038633,0.0771691692886378,0.2,0.0,0.42857142857142855,0.04126475279523041,0.0278287117082181,0.0,0.0,0.19230769230769232,0.06399251517411711,0.039921471274565426,0.0,0.0,0.2564102564102564
networkiconomi,1.0,0,1.0,0.17831595007605877,0.0845454929632067,0.2,0.0,0.5384615384615384,0.04717653698484814,0.02885037436142363,0.0,0.0,0.17647058823529413,0.07347600633280661,0.041674940292318996,0.0,0.0,0.2222222222222222
networkiconomi,1.0,0,2.0,0.2679749157681329,0.09708840712924811,0.25,0.08333333333333333,0.6,0.07026396132649608,0.03634088598708076,0.09090909090909091,0.012903225806451613,0.23529411764705882,0.10954037538621006,0.05112283740734675,0.16666666666666669,0.023255813953488372,0.30769230769230776
networkiconomi,1.0,0,3.0,0.3135048217825553,0.11039753295464903,0.4,0.07692307692307693,0.7333333333333333,0.0809172989702206,0.038722406016051744,0.125,0.018518518518518517,0.29411764705882354,0.12657017217391825,0.05473928900008521,0.10526315789473684,0.029850746268656716,0.35714285714285715
networkiconomi,1.0,0,5.0,0.34003486486432705,0.11619517284897597,0.3333333333333333,0.11224489795918367,0.7333333333333333,0.08737568033402983,0.04005018343690122,0.0625,0.01926444833625219,0.28,0.13683850570092834,0.056925565021334515,0.2,0.03685092127303182,0.3835616438356165
networkiconomi,1.0,0.1,0,0.10802168648989184,0.0711543206378171,0.0,0.0,0.4444444444444444,0.029173363265969393,0.023117284701651496,0.0,0.0,0.16279069767441862,0.04525051414046703,0.03397428728614819,0.0,0.0,0.22222222222222227
networkiconomi,1.0,0.1,0.1,0.11219551786192958,0.06829607277537013,0.0,0.0,0.4,0.030246738378975253,0.022927529837016958,0.0,0.0,0.14705882352941177,0.046924204346179214,0.03349329787386857,0.0,0.0,0.20833333333333334
networkiconomi,1.0,0.1,0.25,0.13736606119206168,0.07934171229876472,0.0,0.0,0.5,0.0373289069051903,0.027524111804443266,0.0,0.0,0.17647058823529413,0.0577942154066821,0.03981708076457083,0.0,0.0,0.2222222222222222
networkiconomi,1.0,0.1,0.5,0.1460531238665148,0.0792797545901079,0.2,0.0,0.4666666666666667,0.039721082344405224,0.02868180355079921,0.0,0.0,0.16279069767441862,0.061492291403777016,0.04132940712942637,0.0,0.0,0.24137931034482765
networkiconomi,1.0,0.1,0.75,0.16544558459810735,0.08072103094916272,0.16666666666666666,0.0,0.5294117647058824,0.044270940296652385,0.029850229561902437,0.0,0.0,0.23076923076923078,0.0687187667774378,0.04235613279648583,0.0,0.0,0.30769230769230776
networkiconomi,1.0,0.1,1.0,0.18036230347899673,0.08104643309325348,0.2,0.0,0.5294117647058824,0.047600033438718825,0.02827602751689734,0.0,0.0,0.16666666666666666,0.07421523877773645,0.04100872969743448,0.0,0.0,0.24999999999999997
networkiconomi,1.0,0.1,2.0,0.2725325110934184,0.1004240576191033,0.25,0.0625,0.6,0.07048831190850137,0.034244809518053664,0.09090909090909091,0.01327433628318584,0.19230769230769232,0.1102800510495523,0.04912840098589435,0.13793103448275862,0.02238805970149254,0.28
networkiconomi,1.0,0.1,3.0,0.3119137046068252,0.10780762576467705,0.3333333333333333,0.0875,0.6666666666666666,0.08053130490142238,0.037906517883238566,0.125,0.01881720430107527,0.23529411764705882,0.1259844202562099,0.053745094734190084,0.06666666666666667,0.03097345132743363,0.3157894736842105
networkiconomi,1.0,0.1,5.0,0.3436473056022505,0.11876361533864306,0.3333333333333333,0.11764705882352941,0.7692307692307693,0.08830886440519915,0.04088578310202879,0.125,0.021015761821366025,0.29411764705882354,0.1382856432008328,0.0580244302051421,0.18181818181818182,0.04020100502512563,0.35714285714285715
networkiconomi,1.0,0.25,0,0.12006312721564794,0.07474805939473433,0.0,0.0,0.4444444444444444,0.032416884792965554,0.026228743718807002,0.0,0.0,0.17647058823529413,0.05019900947696186,0.037615824440942434,0.0,0.0,0.24615384615384617
networkiconomi,1.0,0.25,0.1,0.1301894739343935,0.07209654641364743,0.0,0.0,0.4166666666666667,0.03514485190680354,0.025891269357407546,0.0,0.0,0.15384615384615385,0.05442703308965229,0.037114135384321525,0.0,0.0,0.2222222222222222
networkiconomi,1.0,0.25,0.25,0.13767227264855536,0.07080803079002491,0.14285714285714285,0.0,0.4444444444444444,0.0372438687729284,0.02520318071099682,0.0,0.0,0.13114754098360656,0.057724650798100914,0.036356769436103026,0.0,0.0,0.196078431372549
networkiconomi,1.0,0.25,0.5,0.15731833707446002,0.07873608817203531,0.16666666666666666,0.0,0.5,0.04214327941815035,0.027601543474645825,0.0,0.0,0.17647058823529413,0.06545030125635401,0.039731877631190154,0.0,0.0,0.23880597014925375
networkiconomi,1.0,0.25,0.75,0.17504357382081315,0.07891589964365227,0.2,0.0,0.42857142857142855,0.04651870972529035,0.02823835839659558,0.04,0.0,0.16981132075471697,0.07238653462150037,0.04068317465597838,0.06451612903225806,0.0,0.24324324324324323
networkiconomi,1.0,0.25,1.0,0.20318401709207376,0.08257997301737502,0.2,0.0,0.5333333333333333,0.05381559318066528,0.030445903046561307,0.0,0.0,0.19230769230769232,0.08372993084987605,0.04310511050511513,0.0,0.0,0.2564102564102564
networkiconomi,1.0,0.25,2.0,0.2774876434007825,0.09997104491652499,0.3333333333333333,0.0,0.6,0.07202431349739324,0.03588331100366442,0.045454545454545456,0.0,0.23529411764705882,0.11253623805636229,0.05075771338155009,0.1095890410958904,0.0,0.30136986301369867
networkiconomi,1.0,0.25,3.0,0.3160608759853816,0.11071252670890351,0.3333333333333333,0.07692307692307693,0.6923076923076923,0.08129099809042709,0.03829051918305276,0.045454545454545456,0.02276707530647986,0.2692307692307692,0.127275940124943,0.05447531725319429,0.18181818181818182,0.043551088777219436,0.3589743589743589
networkiconomi,1.0,0.25,5.0,0.34298149606048906,0.11762288087617409,0.3333333333333333,0.1375,0.75,0.0881475490910875,0.04068343114492051,0.09090909090909091,0.021015761821366025,0.3,0.13803991677016939,0.05770481973276373,0.12903225806451613,0.04020100502512563,0.410958904109589
networkiconomi,1.0,0.5,0,0.14498916569725584,0.08126051273246845,0.1,0.0,0.5,0.038622688889610984,0.028134703096127398,0.0,0.0,0.23529411764705882,0.06000655652828727,0.040559693237797755,0.0,0.0,0.2857142857142857
networkiconomi,1.0,0.5,0.1,0.14903550169891885,0.07637074318089383,0.16666666666666666,0.0,0.47368421052631576,0.03974148132613315,0.026812557271484818,0.0,0.0,0.1956521739130435,0.061782670185840036,0.03873164890307493,0.0,0.0,0.2769230769230769
networkiconomi,1.0,0.5,0.25,0.15697187335074678,0.07645562751249431,0.2,0.0,0.5,0.04154323511992668,0.02603871133229758,0.0,0.0,0.17647058823529413,0.06468702949527774,0.037627000541188296,0.0,0.0,0.21428571428571427
networkiconomi,1.0,0.5,0.5,0.1755121821998064,0.07660267128484016,0.2,0.0,0.45454545454545453,0.04652633943492266,0.02787086725199948,0.0,0.0,0.17647058823529413,0.07242778997325465,0.040018873041442464,0.0,0.0,0.25
networkiconomi,1.0,0.5,0.75,0.20164464639364701,0.08313170472955995,0.2,0.0,0.6666666666666666,0.053167370075054135,0.029802485698283386,0.07142857142857142,0.0,0.18181818181818182,0.08281397156773247,0.042667617066132875,0.06451612903225806,0.0,0.28571428571428575
networkiconomi,1.0,0.5,1.0,0.2222089189080365,0.08545204912252405,0.2,0.0,0.6666666666666666,0.058314999010048656,0.03151219227481481,0.09090909090909091,0.0,0.24242424242424243,0.0909336423109264,0.044887203382971044,0.14285714285714288,0.0,0.3555555555555555
networkiconomi,1.0,0.5,2.0,0.2771165625109756,0.09863034370995012,0.25,0.0,0.6153846153846154,0.07154813137307507,0.034358480015557955,0.1,0.0,0.24,0.11191677778611081,0.04857690921469802,0.12903225806451613,0.0,0.3287671232876712
networkiconomi,1.0,0.5,3.0,0.3187276452302801,0.11493155016636367,0.3333333333333333,0.1,0.8,0.08219598606906067,0.039670914361748334,0.058823529411764705,0.021015761821366025,0.29411764705882354,0.12862143966623865,0.05639496384890289,0.18181818181818182,0.036269430051813475,0.35714285714285715
networkiconomi,1.0,0.5,5.0,0.34391631564902614,0.11848952538506716,0.3333333333333333,0.1,0.75,0.08811585158114256,0.039785065296596325,0.09090909090909091,0.02276707530647986,0.26,0.1380882334431264,0.05672552636192561,0.1111111111111111,0.043551088777219436,0.3561643835616438
networkiconomi,1.0,0.75,0,0.15800345252114795,0.07043323766667471,0.16666666666666666,0.0,0.42857142857142855,0.0420032876843476,0.02583818124779181,0.0,0.0,0.16666666666666666,0.065350826838085,0.03703143209660829,0.0,0.0,0.2325581395348837
networkiconomi,1.0,0.75,0.1,0.16586742923717104,0.070533572865278,0.16666666666666666,0.0,0.5,0.0436581682768834,0.025631571170951842,0.043478260869565216,0.0,0.18181818181818182,0.06801896156572323,0.03647325454085483,0.0,0.0,0.25
networkiconomi,1.0,0.75,0.25,0.1803607754122836,0.07762998914791712,0.2,0.0,0.5,0.04800235150052376,0.0283928673377613,0.0,0.0,0.18181818181818182,0.07461969837100275,0.040563672647443226,0.0,0.0,0.26666666666666666
networkiconomi,1.0,0.75,0.5,0.1974258412912708,0.08055578551834697,0.2,0.0,0.5,0.0517707545669951,0.028419807360111633,0.045454545454545456,0.0,0.19230769230769232,0.08072950606715903,0.040612880291103874,0.05263157894736842,0.0,0.26666666666666666
networkiconomi,1.0,0.75,0.75,0.2165671896761951,0.07942341575424212,0.2,0.05555555555555555,0.5263157894736842,0.05661492029959792,0.029402132182757307,0.08333333333333333,0.009615384615384616,0.23529411764705882,0.08830125918721644,0.04124424859540205,0.1111111111111111,0.016393442622950824,0.2857142857142857
networkiconomi,1.0,0.75,1.0,0.2413494603938501,0.09529456697207515,0.25,0.0625,0.75,0.06292741362049181,0.03439128443488744,0.058823529411764705,0.012422360248447204,0.2727272727272727,0.09822412857548776,0.048882093739906686,0.12903225806451613,0.02072538860103627,0.39999999999999997
networkiconomi,1.0,0.75,2.0,0.289441765548083,0.1002714770084599,0.3333333333333333,0.1,0.6666666666666666,0.07454366978570802,0.03478662862804636,0.1,0.01576182136602452,0.23529411764705882,0.11669775998941796,0.04940762097114568,0.13333333333333333,0.03015075376884422,0.3111111111111111
networkiconomi,1.0,0.75,3.0,0.3163150060430963,0.10656615568755119,0.3333333333333333,0.11538461538461539,0.6666666666666666,0.0815149839976303,0.03755423531737768,0.09090909090909091,0.02276707530647986,0.24,0.12756714085088144,0.05308790809451008,0.10526315789473684,0.041587901701323246,0.34146341463414637
networkiconomi,1.0,0.75,5.0,0.3455994324889893,0.11721371513882956,0.3333333333333333,0.1,0.7333333333333333,0.08863091631831066,0.040331330783305634,0.125,0.02276707530647986,0.28,0.138853293914656,0.057240864945238314,0.10526315789473684,0.043551088777219436,0.3835616438356165
networkiconomi,1.0,1.0,0,0.18017374071530215,0.0742480578876495,0.2,0.0,0.5,0.04713380814133401,0.026352921145123335,0.0625,0.0,0.17142857142857143,0.07354024975894545,0.037680404004727955,0.05263157894736842,0.0,0.24489795918367346
networkiconomi,1.0,1.0,0.1,0.18513929352098435,0.07575579598005654,0.2,0.0,0.47058823529411764,0.04850323556348583,0.026871284111424833,0.09090909090909091,0.0,0.16279069767441862,0.07565610551393594,0.03843067936055399,0.1111111111111111,0.0,0.22500000000000003
networkiconomi,1.0,1.0,0.25,0.20153827455007456,0.07786347906662153,0.16666666666666666,0.0,0.5,0.05312012958589518,0.02953157546208497,0.06666666666666667,0.0,0.22,0.08273235707793804,0.04178687937992264,0.06060606060606061,0.0,0.30136986301369867
networkiconomi,1.0,1.0,0.5,0.21081980301283124,0.08025195090352233,0.2,0.0,0.5384615384615384,0.055297691310086244,0.029804077867658922,0.045454545454545456,0.0,0.19230769230769232,0.08619005444439895,0.04210073499804624,0.06896551724137931,0.0,0.2564102564102564
networkiconomi,1.0,1.0,0.75,0.2298877339060379,0.08568498409123307,0.2,0.0,0.5555555555555556,0.059836780212401804,0.030301334931435296,0.09090909090909091,0.0,0.18181818181818182,0.0934581212761302,0.043327585383462645,0.06896551724137931,0.0,0.26666666666666666
networkiconomi,1.0,1.0,1.0,0.2475545908239717,0.09244525866622096,0.25,0.07407407407407407,0.5789473684210527,0.06447244694088008,0.032707148445151,0.08,0.018315018315018316,0.17647058823529413,0.10068755332054533,0.04672002066312013,0.06896551724137931,0.03129890453834116,0.2558139534883721
networkiconomi,1.0,1.0,2.0,0.2892688368267178,0.10404624065859602,0.25,0.09259259259259259,0.6923076923076923,0.07428925629410171,0.03531463873051769,0.045454545454545456,0.017513134851138354,0.29411764705882354,0.11633514838541806,0.05005257399502544,0.10526315789473684,0.03350083752093802,0.35714285714285715
networkiconomi,1.0,1.0,3.0,0.32166048525565016,0.11308514358827497,0.3333333333333333,0.11538461538461539,0.6875,0.0828255119503247,0.03916126274193788,0.0625,0.021015761821366025,0.2692307692307692,0.1296340714847503,0.055585193972115865,0.12903225806451613,0.04020100502512563,0.3589743589743589
networkiconomi,1.0,1.0,5.0,0.3446869438191792,0.11707035569133135,0.5,0.11764705882352941,0.75,0.08837980163461151,0.04044592982606601,0.125,0.02276707530647986,0.29411764705882354,0.1384556264802441,0.057155239401434986,0.1095890410958904,0.043551088777219436,0.3589743589743589
networkiconomi,1.0,2.0,0,0.2171334722703391,0.08230701908416198,0.25,0.07142857142857142,0.5333333333333333,0.05646678909038742,0.029002991263409765,0.034482758620689655,0.013888888888888888,0.19230769230769232,0.08818366901102577,0.04130113072926352,0.08695652173913043,0.02409638554216867,0.2564102564102564
networkiconomi,1.0,2.0,0.1,0.21932201509640792,0.08611130486067058,0.2,0.0,0.5,0.0566948566822624,0.02922805911371425,0.045454545454545456,0.0,0.18,0.08868060079507754,0.04196906928616254,0.06451612903225806,0.0,0.2465753424657534
networkiconomi,1.0,2.0,0.25,0.22385256906221573,0.08452256414462041,0.2,0.07801418439716312,0.5263157894736842,0.057772820577780694,0.029214361793817808,0.09090909090909091,0.014184397163120567,0.23076923076923078,0.09038132730521083,0.041707872778966995,0.09523809523809523,0.02531645569620253,0.30769230769230776
networkiconomi,1.0,2.0,0.5,0.23636779813777592,0.0916526580004526,0.2,0.06451612903225806,0.5789473684210527,0.061043433084772114,0.03202850154030401,0.045454545454545456,0.015267175572519083,0.23529411764705882,0.09542476899625714,0.045315811330601155,0.06451612903225806,0.027777777777777776,0.2857142857142857
networkiconomi,1.0,2.0,0.75,0.24789604287368408,0.09522923550862328,0.2,0.07936507936507936,0.6,0.06386641683694749,0.03215477721466597,0.045454545454545456,0.015105740181268883,0.21212121212121213,0.09995073346442016,0.04613212057350045,0.1111111111111111,0.025380710659898477,0.3111111111111111
networkiconomi,1.0,2.0,1.0,0.25646087403275164,0.10065735983399052,0.25,0.08,0.5714285714285714,0.06613655276972018,0.03444801057636716,0.045454545454545456,0.017513134851138354,0.23529411764705882,0.10345241554256562,0.04908609162370374,0.13333333333333333,0.030303030303030304,0.30136986301369867
networkiconomi,1.0,2.0,2.0,0.2961444358468668,0.10672144338558874,0.3333333333333333,0.1,0.6923076923076923,0.07570217627833743,0.03494229083226356,0.0625,0.02276707530647986,0.24,0.11870711793143855,0.05022137339793594,0.18181818181818182,0.041176470588235294,0.3287671232876712
networkiconomi,1.0,2.0,3.0,0.3221373950180672,0.1165679815900475,0.5,0.1,0.6842105263157895,0.0827886139464383,0.04021690761387937,0.1,0.021015761821366025,0.29411764705882354,0.12961854210103319,0.05699800773634774,0.18181818181818182,0.04020100502512563,0.3589743589743589
networkiconomi,1.0,2.0,5.0,0.34454359332518814,0.11796826995859133,0.3333333333333333,0.11764705882352941,0.7333333333333333,0.08840948132532746,0.040607871246316304,0.125,0.021015761821366025,0.28,0.13850264052464198,0.0576789405016082,0.10526315789473684,0.04020100502512563,0.3835616438356165
networkiconomi,1.0,3.0,0,0.22760923612318915,0.08817441370792843,0.2,0.06451612903225806,0.5,0.05825237413922781,0.028210733681213563,0.09090909090909091,0.017513134851138354,0.17857142857142858,0.09128413470661642,0.0407211324740937,0.07407407407407407,0.02877697841726619,0.25316455696202533
networkiconomi,1.0,3.0,0.1,0.23130671407535744,0.09299025252747395,0.2,0.08333333333333333,0.5555555555555556,0.05941175778478701,0.029833457525219022,0.09090909090909091,0.010638297872340425,0.17647058823529413,0.09303078515052036,0.04310122244069948,0.06896551724137931,0.0189873417721519,0.24
networkiconomi,1.0,3.0,0.25,0.24036983592209063,0.09369213311526392,0.2,0.07526881720430108,0.5384615384615384,0.06168892920963256,0.03052198934043646,0.06666666666666667,0.015267175572519083,0.17647058823529413,0.0966278508180935,0.04400989863677581,0.13333333333333333,0.027777777777777776,0.2535211267605634
networkiconomi,1.0,3.0,0.5,0.24566547797803168,0.09583925304447873,0.2,0.08333333333333333,0.6,0.06316255534853245,0.03127810208741978,0.0625,0.017094017094017096,0.22857142857142856,0.0988936271230259,0.04507320902281204,0.08695652173913043,0.029090909090909094,0.32653061224489793
networkiconomi,1.0,3.0,0.75,0.2508479295216945,0.09692940846776688,0.2,0.07407407407407407,0.5833333333333334,0.06445545480374829,0.03235287252086786,0.045454545454545456,0.019083969465648856,0.21212121212121213,0.10092039266280917,0.04646073436282816,0.08695652173913043,0.034722222222222224,0.3111111111111111
networkiconomi,1.0,3.0,1.0,0.25991248853639515,0.1006385577062813,0.2,0.0967741935483871,0.5789473684210527,0.06652369958234114,0.03234195469115542,0.0625,0.01926444833625219,0.1956521739130435,0.10426962581350982,0.04676445011352868,0.13793103448275862,0.03636363636363636,0.28169014084507044
networkiconomi,1.0,3.0,2.0,0.29212704365139613,0.11117175456346973,0.3333333333333333,0.1,0.7,0.07502322061579499,0.0370916922046522,0.0625,0.01926444833625219,0.23529411764705882,0.11750885832186583,0.05318931354701151,0.06896551724137931,0.03685092127303182,0.3333333333333333
networkiconomi,1.0,3.0,3.0,0.3157253308277472,0.1137238874530907,0.3333333333333333,0.1,0.7692307692307693,0.08083094119838381,0.03772378760136043,0.0625,0.02346041055718475,0.29411764705882354,0.12670821290025094,0.05398862072087589,0.18181818181818182,0.03980099502487562,0.35714285714285715
networkiconomi,1.0,3.0,5.0,0.3459118504891499,0.11943809077952877,0.5,0.1,0.7692307692307693,0.08875289206873202,0.0411793409561983,0.07692307692307693,0.024518388791593695,0.26,0.13905818506850262,0.05867649489658057,0.12903225806451613,0.04690117252931323,0.3561643835616438
networkiconomi,1.0,5.0,0,0.23152113573503913,0.10129041195215563,0.25,0.037383177570093455,0.5384615384615384,0.05923004368863894,0.03194395295311704,0.05,0.008830022075055188,0.2,0.0927961029128465,0.046351421914765815,0.10526315789473684,0.014285714285714285,0.273972602739726
networkiconomi,1.0,5.0,0.1,0.23523141567416234,0.10116081077383109,0.2,0.07092198581560284,0.5384615384615384,0.060016058568047856,0.03108524421592318,0.06976744186046512,0.015105740181268883,0.2,0.0940882741285624,0.04527439951811292,0.08695652173913043,0.025380710659898477,0.28571428571428575
networkiconomi,1.0,5.0,0.25,0.2384462081243874,0.10467081887660307,0.2,0.05673758865248227,0.6153846153846154,0.061178524030866856,0.032981120992358365,0.09090909090909091,0.013333333333333334,0.19642857142857142,0.09579976914640383,0.0479658316520405,0.09090909090909091,0.021592442645074223,0.27848101265822783
networkiconomi,1.0,5.0,0.5,0.24200027292197024,0.10488382305908488,0.2,0.06382978723404255,0.6,0.06196022558550814,0.03349701502243997,0.041666666666666664,0.015,0.23529411764705882,0.09705508548759212,0.04845868772052376,0.06896551724137931,0.0242914979757085,0.28571428571428575
networkiconomi,1.0,5.0,0.75,0.24673985163803688,0.10697882247544993,0.2,0.0735930735930736,0.6153846153846154,0.06312338566147195,0.03350413114303722,0.05,0.018315018315018316,0.22857142857142856,0.09894029590519476,0.048942376759604826,0.06896551724137931,0.03129890453834116,0.32653061224489793
networkiconomi,1.0,5.0,1.0,0.2524629710966285,0.11079869299654019,0.2,0.06382978723404255,0.5789473684210527,0.06445174885156627,0.03394068572638784,0.045454545454545456,0.015,0.2,0.10105643694895879,0.049707820864633184,0.06451612903225806,0.0242914979757085,0.28571428571428575
networkiconomi,1.0,5.0,2.0,0.27617760071757025,0.11904009822788816,0.25,0.06926406926406926,0.7333333333333333,0.07093039410318416,0.03866161456917978,0.045454545454545456,0.014857142857142857,0.23529411764705882,0.11107058164966112,0.05599296349273496,0.13333333333333333,0.024999999999999998,0.32653061224489793
networkiconomi,1.0,5.0,3.0,0.29305882106337816,0.12023079169542841,0.3333333333333333,0.07746478873239436,0.6923076923076923,0.07479928722487705,0.03776316060085309,0.1,0.02079002079002079,0.26,0.11731007675869073,0.05488991074922823,0.06666666666666667,0.03367003367003367,0.3561643835616438
networkiconomi,1.0,5.0,5.0,0.32865566195128526,0.12969205079552668,0.3333333333333333,0.09900990099009901,0.8461538461538461,0.08400876264624309,0.04205646252322483,0.06666666666666667,0.02276707530647986,0.29411764705882354,0.13168509065382641,0.060523541693232506,0.09090909090909091,0.0425531914893617,0.3835616438356165
networkiconomi,2.0,0,0,0.0883969831731586,0.06295145115978383,0.0,0.0,0.42105263157894735,0.023831327912903082,0.020217100163636793,0.0,0.0,0.12244897959183673,0.03699236727493852,0.02993968817576307,0.0,0.0,0.18604651162790697
networkiconomi,2.0,0,0.1,0.09042003327020671,0.06367211797984006,0.0,0.0,0.5294117647058824,0.024599751647535577,0.02185359314784262,0.0,0.0,0.18,0.03809772859408424,0.03183753617512378,0.0,0.0,0.26865671641791045
networkiconomi,2.0,0,0.25,0.0976579340103294,0.06944920526234802,0.0,0.0,0.4444444444444444,0.026256471558694663,0.023247452510996965,0.0,0.0,0.13953488372093023,0.040771208799353774,0.034069820799611815,0.0,0.0,0.1956521739130435
networkiconomi,2.0,0,0.5,0.11482423930933967,0.07144705170157756,0.0,0.0,0.3888888888888889,0.031223653084057043,0.025212300072959114,0.0,0.0,0.23529411764705882,0.048327303008901104,0.03612633945721055,0.0,0.0,0.2857142857142857
networkiconomi,2.0,0,0.75,0.1268185034634274,0.0736649392842863,0.0,0.0,0.42105263157894735,0.03387039984226315,0.02469006407079585,0.0,0.0,0.14,0.05265041499131459,0.03600226952713025,0.0,0.0,0.19178082191780824
networkiconomi,2.0,0,1.0,0.1439081322965469,0.07942128888781601,0.0,0.0,0.46153846153846156,0.038567693771844866,0.0276827264410967,0.0,0.0,0.17647058823529413,0.05986456535672159,0.03993928156608372,0.0,0.0,0.21428571428571427
networkiconomi,2.0,0,2.0,0.23795157291450494,0.0920837680365716,0.25,0.0,0.5714285714285714,0.061868826134882725,0.03237433844061599,0.09090909090909091,0.0,0.23529411764705882,0.09665938199036811,0.046174284844373734,0.10526315789473684,0.0,0.30136986301369867
networkiconomi,2.0,0,3.0,0.3005691715663361,0.10607121916597535,0.3333333333333333,0.0875,0.6923076923076923,0.07769306332508488,0.03689963177871764,0.09090909090909091,0.01881720430107527,0.24,0.12149569814467319,0.05228160446304783,0.12903225806451613,0.03097345132743363,0.3287671232876712
networkiconomi,2.0,0,5.0,0.3357070361149503,0.11576591152877534,0.3333333333333333,0.109375,0.7368421052631579,0.08638872917811988,0.040496375997530316,0.1,0.021739130434782608,0.29411764705882354,0.1352370121860742,0.0573107827763758,0.12903225806451613,0.036269430051813475,0.35714285714285715
networkiconomi,2.0,0.1,0,0.09013012134433676,0.0662630882008405,0.0,0.0,0.5,0.024809167482895945,0.022783465323368016,0.0,0.0,0.15151515151515152,0.03830583448905069,0.03320979572406648,0.0,0.0,0.21739130434782608
networkiconomi,2.0,0.1,0.1,0.091999983283398,0.06325626319706472,0.0,0.0,0.3448275862068966,0.025192686621657214,0.022320124766057017,0.0,0.0,0.17647058823529413,0.038930786582267694,0.03215193966873491,0.0,0.0,0.22222222222222224
networkiconomi,2.0,0.1,0.25,0.10472574939510078,0.06440015001314409,0.0,0.0,0.3333333333333333,0.028497520501226115,0.02219524776668387,0.0,0.0,0.12,0.044125455158483276,0.032308054419506724,0.0,0.0,0.1724137931034483
networkiconomi,2.0,0.1,0.5,0.11646507161448466,0.06892723084269639,0.0,0.0,0.4,0.03128468314140344,0.023936133453875887,0.0,0.0,0.17647058823529413,0.04852333096554791,0.03452669075201726,0.0,0.0,0.21428571428571427
networkiconomi,2.0,0.1,0.75,0.1334074553083825,0.07286844954497088,0.0,0.0,0.3888888888888889,0.03574541869505673,0.024993571258981544,0.0,0.0,0.1320754716981132,0.05550653301856686,0.036339120369962764,0.0,0.0,0.19718309859154928
networkiconomi,2.0,0.1,1.0,0.1568985337629201,0.07540637484326194,0.2,0.0,0.5,0.0417974105685198,0.026605561081676686,0.0,0.0,0.15517241379310345,0.06498293467294664,0.03833121598098178,0.0,0.0,0.2222222222222222
networkiconomi,2.0,0.1,2.0,0.24972319250573816,0.08942631570385687,0.25,0.05,0.5789473684210527,0.06477964626451013,0.031676274025946076,0.0625,0.008,0.22,0.10125054472887128,0.044982746603124804,0.13793103448275862,0.013793103448275862,0.30136986301369867
networkiconomi,2.0,0.1,3.0,0.2991617185626695,0.1063043526496348,0.25,0.1,0.6666666666666666,0.07706511758496114,0.03678572434126441,0.0625,0.02276707530647986,0.29411764705882354,0.12061636767856306,0.052183355584267045,0.08333333333333334,0.037940379403794036,0.35714285714285715
networkiconomi,2.0,0.1,5.0,0.337349334494914,0.11557011198441478,0.5,0.09375,0.8,0.08672911372743271,0.039973218551753606,0.1,0.018633540372670808,0.28,0.13578540776914289,0.056623324054213324,0.2,0.031088082901554404,0.3835616438356165
networkiconomi,2.0,0.25,0,0.09886615096833583,0.06747849280027682,0.0,0.0,0.35,0.026688913911363972,0.022157354736434192,0.0,0.0,0.13793103448275862,0.04139683348288307,0.032584979274600585,0.0,0.0,0.19753086419753085
networkiconomi,2.0,0.25,0.1,0.0983992768184338,0.06367078540467111,0.0,0.0,0.3333333333333333,0.026508926631854675,0.02110345927437088,0.0,0.0,0.15,0.041116207723729724,0.03091096973164568,0.0,0.0,0.20338983050847456
networkiconomi,2.0,0.25,0.25,0.10819956172525617,0.06567073027856003,0.0,0.0,0.4,0.029498556413992173,0.023770261464961612,0.0,0.0,0.23529411764705882,0.04558837000737071,0.03377105579984141,0.0,0.0,0.2857142857142857
networkiconomi,2.0,0.25,0.5,0.1335981882546295,0.07504673569343097,0.0,0.0,0.4444444444444444,0.03584509331647815,0.026490209600188108,0.0,0.0,0.15217391304347827,0.05563839056716915,0.038281312059754984,0.0,0.0,0.21538461538461537
networkiconomi,2.0,0.25,0.75,0.14615770312826512,0.07689889058275626,0.16666666666666666,0.0,0.5,0.03907632216395484,0.025800058814323935,0.0,0.0,0.16037735849056603,0.060695900048887544,0.03743838946117905,0.0,0.0,0.22972972972972971
networkiconomi,2.0,0.25,1.0,0.1735632345400115,0.0796453583299957,0.2,0.0,0.5,0.045952521300533795,0.027224010423906788,0.09090909090909091,0.0,0.15151515151515152,0.07158231012483622,0.03947367879738103,0.0,0.0,0.2222222222222222
networkiconomi,2.0,0.25,2.0,0.25317397786847556,0.0906786337952942,0.2,0.0,0.5,0.06585262888810076,0.03290449351241551,0.04,0.0,0.2,0.10287027411016567,0.046743621047778294,0.12903225806451613,0.0,0.28571428571428575
networkiconomi,2.0,0.25,3.0,0.30554201170045076,0.10858284886835293,0.25,0.078125,0.6428571428571429,0.07874291408584008,0.0378412354838286,0.08333333333333333,0.015527950310559006,0.29411764705882354,0.12320907245272855,0.05360696388788481,0.18181818181818182,0.025906735751295335,0.35714285714285715
networkiconomi,2.0,0.25,5.0,0.3384858579803987,0.12010852225526346,0.3333333333333333,0.1,0.7368421052631579,0.08705689877829705,0.041386489560990704,0.125,0.021015761821366025,0.29411764705882354,0.13628523668887405,0.05867941209950843,0.08333333333333334,0.04020100502512563,0.3589743589743589
networkiconomi,2.0,0.5,0,0.11450051495667242,0.0679554596297218,0.0,0.0,0.4166666666666667,0.030529070895904748,0.022594861293274364,0.0,0.0,0.1282051282051282,0.04745029081472356,0.03310591852042707,0.0,0.0,0.196078431372549
networkiconomi,2.0,0.5,0.1,0.12832269155036738,0.070839902859175,0.0,0.0,0.4117647058823529,0.03434648828585721,0.024297705282964464,0.0,0.0,0.17647058823529413,0.053326560404037916,0.03508139829417843,0.0,0.0,0.21428571428571427
networkiconomi,2.0,0.5,0.25,0.12949830221673844,0.06677284481081493,0.0,0.0,0.375,0.03452840527812614,0.023070108111909366,0.0,0.0,0.14705882352941177,0.05365983018165241,0.033282972351142186,0.0,0.0,0.18518518518518517
networkiconomi,2.0,0.5,0.5,0.15010981617823974,0.07420275103811191,0.14285714285714285,0.0,0.5,0.039994347725515446,0.025977712472012186,0.0,0.0,0.16,0.06213930090027137,0.037328062982856645,0.0,0.0,0.22857142857142856
networkiconomi,2.0,0.5,0.75,0.1718862538302067,0.07965576400873754,0.25,0.0,0.5,0.04520795830306441,0.02711623514598229,0.0,0.0,0.17647058823529413,0.07042715435696632,0.03905341240127154,0.0,0.0,0.23529411764705882
networkiconomi,2.0,0.5,1.0,0.186397766115347,0.07438831361732838,0.2,0.0,0.47058823529411764,0.048695361413327885,0.025956411412559104,0.0625,0.0,0.14285714285714285,0.07604842020008837,0.037511443013232885,0.045454545454545456,0.0,0.21052631578947364
networkiconomi,2.0,0.5,2.0,0.26584194308856407,0.09784859202353442,0.25,0.08860759493670886,0.631578947368421,0.06893756458158894,0.03458138634630338,0.06666666666666667,0.01773049645390071,0.23529411764705882,0.10772851166599508,0.04898344682324637,0.13333333333333333,0.03164556962025317,0.28571428571428575
networkiconomi,2.0,0.5,3.0,0.3039408477716675,0.10662973910645601,0.3333333333333333,0.1125,0.6666666666666666,0.07803048874746671,0.03612292049590799,0.1,0.020905923344947737,0.24,0.12220055537618649,0.05143515952701785,0.18181818181818182,0.03647416413373861,0.34285714285714286
networkiconomi,2.0,0.5,5.0,0.3389204924814693,0.11942589361989775,0.5,0.109375,0.7368421052631579,0.08719729149822271,0.04183846036368233,0.1,0.021739130434782608,0.3076923076923077,0.1364904084914236,0.05916864657232089,0.2,0.036269430051813475,0.4102564102564103
networkiconomi,2.0,0.75,0,0.13623950216740283,0.0655235815672988,0.2,0.0,0.4,0.03649656206964968,0.02417287026457937,0.0,0.0,0.15384615384615385,0.05664959006098338,0.03446206291894777,0.0,0.0,0.20512820512820515
networkiconomi,2.0,0.75,0.1,0.14073658437384184,0.07118119797191927,0.2,0.0,0.42105263157894735,0.03746612619184897,0.02539534420530484,0.0,0.0,0.15151515151515152,0.05817910198584281,0.036301863877879766,0.0,0.0,0.20408163265306123
networkiconomi,2.0,0.75,0.25,0.14800290489435272,0.0726745346250295,0.2,0.0,0.42857142857142855,0.03881685758898665,0.024072387369738844,0.0,0.0,0.14705882352941177,0.06055701854912939,0.035010838961397533,0.0,0.0,0.18518518518518517
networkiconomi,2.0,0.75,0.5,0.1696516996314529,0.07191989238696551,0.16666666666666666,0.0,0.4,0.044533659294627014,0.025927408596953822,0.0625,0.0,0.19230769230769232,0.06941295476180005,0.03686646830655618,0.0,0.0,0.2564102564102564
networkiconomi,2.0,0.75,0.75,0.18706335490998416,0.07599767025636854,0.2,0.0,0.5,0.0488627979417795,0.026402465228892995,0.05,0.0,0.15151515151515152,0.0762523146979359,0.03780257052856986,0.06666666666666667,0.0,0.20930232558139533
networkiconomi,2.0,0.75,1.0,0.20745804165148127,0.08238913379682672,0.2,0.0,0.6,0.05435666297094343,0.029806912347939744,0.09090909090909091,0.0,0.19230769230769232,0.08476103949455568,0.042317624696920526,0.1111111111111111,0.0,0.27906976744186046
networkiconomi,2.0,0.75,2.0,0.2715984565471165,0.09648076553953641,0.3333333333333333,0.08,0.6153846153846154,0.07055968808647181,0.03542547631441507,0.09090909090909091,0.01926444833625219,0.24,0.11021763874290492,0.04995257674813439,0.12903225806451613,0.03482587064676617,0.3287671232876712
networkiconomi,2.0,0.75,3.0,0.30468895146033664,0.11033640178223064,0.25,0.1,0.7333333333333333,0.07836309551203202,0.03727542770721083,0.125,0.02276707530647986,0.23529411764705882,0.12271131145235141,0.053309520560038834,0.12903225806451613,0.04336043360433604,0.3380281690140845
networkiconomi,2.0,0.75,5.0,0.3413127626093786,0.11967302345715003,0.3333333333333333,0.1,0.75,0.08764374683130584,0.04147728728483942,0.0625,0.021505376344086023,0.35294117647058826,0.1372330803299423,0.058574303620514676,0.10526315789473684,0.035398230088495575,0.42857142857142855
networkiconomi,2.0,1.0,0,0.1574691657081755,0.07074609616019428,0.2,0.0,0.5,0.04166490607510585,0.02557327463080423,0.0,0.0,0.19230769230769232,0.06482109203045029,0.03634109637886448,0.0,0.0,0.2564102564102564
networkiconomi,2.0,1.0,0.1,0.161315388506291,0.06959155058739605,0.2,0.0,0.42857142857142855,0.04243049414672734,0.024720150510130053,0.04,0.0,0.14634146341463414,0.0661291886016578,0.035435262152006784,0.0,0.0,0.21052631578947364
networkiconomi,2.0,1.0,0.25,0.1707033333862808,0.06941683988289396,0.2,0.0,0.4444444444444444,0.044758901377585716,0.024771386298332497,0.045454545454545456,0.0,0.15151515151515152,0.06986191107899044,0.03564568896025576,0.045454545454545456,0.0,0.20408163265306123
networkiconomi,2.0,1.0,0.5,0.18925080437013744,0.07777497659946024,0.2,0.0,0.5,0.04898305021523406,0.02574296395167971,0.045454545454545456,0.0,0.1509433962264151,0.07658958613376012,0.03716478817144461,0.1111111111111111,0.0,0.22535211267605632
networkiconomi,2.0,1.0,0.75,0.20268805119047653,0.0783878433063416,0.2,0.0,0.5263157894736842,0.052966664163651415,0.02892679777528199,0.0625,0.0,0.23529411764705882,0.08261440661068344,0.040715887361416576,0.06451612903225806,0.0,0.2857142857142857
networkiconomi,2.0,1.0,1.0,0.2181223707071241,0.08118510794577864,0.2,0.058823529411764705,0.5,0.05662114744144905,0.028920825149791704,0.05555555555555555,0.014184397163120567,0.23255813953488372,0.08847660047818093,0.04111277999875535,0.08695652173913043,0.02531645569620253,0.31746031746031744
networkiconomi,2.0,1.0,2.0,0.27261816696545954,0.09780392288925706,0.2,0.1,0.631578947368421,0.07031615099862218,0.03409855049725697,0.1,0.01926444833625219,0.29411764705882354,0.11000742989746039,0.04815552246544779,0.0625,0.03685092127303182,0.35714285714285715
networkiconomi,2.0,1.0,3.0,0.30905208560844954,0.1098650454795272,0.3333333333333333,0.1,0.6923076923076923,0.07953114405549788,0.037675211238242336,0.125,0.021015761821366025,0.24,0.12451603940177282,0.05368932465004539,0.12903225806451613,0.04020100502512563,0.3287671232876712
networkiconomi,2.0,1.0,5.0,0.33826591937866746,0.11954211199152631,0.3333333333333333,0.11764705882352941,0.7142857142857143,0.08667592640863742,0.040164957199412765,0.09090909090909091,0.02276707530647986,0.28,0.13582365466433705,0.05725606077604665,0.09090909090909091,0.0425531914893617,0.3835616438356165
networkiconomi,2.0,2.0,0,0.1988708215119799,0.0766216218429747,0.2,0.06818181818181818,0.5,0.05154063876877434,0.026727727827706684,0.034482758620689655,0.015105740181268883,0.2,0.08054410250946717,0.03808220978408405,0.06451612903225806,0.025263157894736838,0.273972602739726
networkiconomi,2.0,2.0,0.1,0.20396412752187557,0.08102279497720954,0.2,0.0,0.5,0.05285703876335509,0.027880460408639902,0.0625,0.0,0.23529411764705882,0.08258661270415717,0.039526162441000066,0.06451612903225806,0.0,0.2857142857142857
networkiconomi,2.0,2.0,0.25,0.20881363323981328,0.08069617603876696,0.2,0.06896551724137931,0.5833333333333334,0.053789647306116344,0.0267753974777612,0.0625,0.01576182136602452,0.18,0.08416763216119234,0.038352304717803855,0.06451612903225806,0.02631578947368421,0.2465753424657534
networkiconomi,2.0,2.0,0.5,0.22054936402763547,0.08747979885304541,0.25,0.06349206349206349,0.5,0.05686024086363935,0.02957688829648959,0.0625,0.012084592145015106,0.23529411764705882,0.0889580469780379,0.04226092835214308,0.06896551724137931,0.020304568527918784,0.2857142857142857
networkiconomi,2.0,2.0,0.75,0.2330539958589904,0.09559574676568641,0.2,0.06451612903225806,0.5714285714285714,0.05995842790653562,0.030844799781635037,0.045454545454545456,0.011834319526627219,0.17777777777777778,0.09386030716753549,0.04461166292126559,0.08695652173913043,0.020050125313283207,0.2711864406779661
networkiconomi,2.0,2.0,1.0,0.23838878526531565,0.08811123956335476,0.2,0.06451612903225806,0.5,0.06152768107449384,0.030642314370991006,0.0625,0.01576182136602452,0.2,0.09628110763774624,0.043817901982270126,0.11764705882352941,0.03015075376884422,0.28571428571428575
networkiconomi,2.0,2.0,2.0,0.27952753032382477,0.1103514347278093,0.3333333333333333,0.08,0.6666666666666666,0.07200642217080322,0.036425997389219665,0.045454545454545456,0.017421602787456445,0.23529411764705882,0.11273188919714175,0.05260951502807881,0.06896551724137931,0.029197080291970802,0.3098591549295775
networkiconomi,2.0,2.0,3.0,0.3138673147054123,0.11330334285874613,0.3333333333333333,0.11764705882352941,0.6923076923076923,0.08082689957564515,0.03922094207821973,0.09090909090909091,0.021015761821366025,0.29411764705882354,0.1265080115129174,0.05568019283762009,0.1111111111111111,0.04020100502512563,0.35714285714285715
networkiconomi,2.0,2.0,5.0,0.34248948759961356,0.12192533658808026,0.5,0.1,0.7692307692307693,0.08785583994618985,0.04103864625543609,0.125,0.02276707530647986,0.26,0.13766818188386187,0.05883572954487971,0.13333333333333333,0.043551088777219436,0.3561643835616438
networkiconomi,2.0,3.0,0,0.21273832213678676,0.08494345834561283,0.2,0.056074766355140186,0.5714285714285714,0.0544628816096839,0.027063534919802436,0.0625,0.012084592145015106,0.17647058823529413,0.08532185592816574,0.038957033517923574,0.06451612903225806,0.020304568527918784,0.2191780821917808
networkiconomi,2.0,3.0,0.1,0.21757206504453055,0.08814809943025076,0.2,0.058823529411764705,0.5384615384615384,0.05575168262529492,0.028361893706576602,0.07142857142857142,0.01576182136602452,0.2,0.087323014864126,0.040906294333834144,0.08695652173913043,0.026315789473684213,0.273972602739726
networkiconomi,2.0,3.0,0.25,0.2252426148028789,0.08995394224330679,0.2,0.06557377049180328,0.6153846153846154,0.05776504783988095,0.028550160314382542,0.09090909090909091,0.015267175572519083,0.16666666666666666,0.09048546001797864,0.041394942405919,0.06896551724137931,0.027681660899653977,0.23529411764705882
networkiconomi,2.0,3.0,0.5,0.2319626631740467,0.0936551234368017,0.2,0.08333333333333333,0.5714285714285714,0.05959784394695794,0.03013500061953017,0.09090909090909091,0.017094017094017096,0.18,0.0933423753398816,0.043746751949002224,0.06896551724137931,0.029090909090909094,0.2465753424657534
networkiconomi,2.0,3.0,0.75,0.23791001629229191,0.09689808515429098,0.25,0.07692307692307693,0.5714285714285714,0.060854997408692976,0.030175667606920212,0.09090909090909091,0.01639344262295082,0.22857142857142856,0.09541702513035318,0.044115047272501755,0.06896551724137931,0.027932960893854747,0.32653061224489793
networkiconomi,2.0,3.0,1.0,0.2479244926788205,0.09912259740606573,0.2,0.08333333333333333,0.6153846153846154,0.0636903773638102,0.0320170973716998,0.07142857142857142,0.015267175572519083,0.19642857142857142,0.09974770042883971,0.04631643099132113,0.10526315789473684,0.027777777777777776,0.27848101265822783
networkiconomi,2.0,3.0,2.0,0.27813790262919214,0.10789446104372943,0.25,0.09482758620689655,0.6923076923076923,0.07123958965850874,0.03530206089625213,0.045454545454545456,0.01926444833625219,0.22857142857142856,0.1116474256136397,0.05098303088941501,0.10526315789473684,0.03618421052631579,0.32653061224489793
networkiconomi,2.0,3.0,3.0,0.3089251382109686,0.11842806229887531,0.5,0.1,0.7692307692307693,0.07903160356859604,0.03924346535829036,0.07142857142857142,0.02276707530647986,0.29411764705882354,0.12386875285754564,0.05613833315424533,0.10526315789473684,0.043551088777219436,0.3589743589743589
networkiconomi,2.0,3.0,5.0,0.33848660885277454,0.1221866275615292,0.5,0.11538461538461539,0.7692307692307693,0.08666449914792826,0.04072391352942993,0.0625,0.02276707530647986,0.3,0.13582924111285732,0.05827128480626167,0.2222222222222222,0.043551088777219436,0.410958904109589
networkiconomi,2.0,5.0,0,0.2249022535851846,0.09832029557417066,0.25,0.07407407407407407,0.6,0.05754150420898359,0.03080524261545464,0.041666666666666664,0.013513513513513514,0.23529411764705882,0.09015437790873893,0.04461433978451465,0.06451612903225806,0.023064250411861616,0.2857142857142857
networkiconomi,2.0,5.0,0.1,0.2256991644491876,0.09900321650791372,0.2,0.0425531914893617,0.5714285714285714,0.05754051555491737,0.030092218406418746,0.05,0.01,0.17857142857142858,0.09025432108621506,0.04418689605310142,0.09090909090909091,0.016194331983805668,0.25316455696202533
networkiconomi,2.0,5.0,0.25,0.2270620836838725,0.09552139030841429,0.2,0.07142857142857142,0.5384615384615384,0.05785031361869506,0.029587104700629155,0.09090909090909091,0.01576182136602452,0.2,0.0907343681852122,0.043042288816284836,0.08695652173913043,0.027131782945736434,0.273972602739726
networkiconomi,2.0,5.0,0.5,0.23186362738193114,0.10066491332370486,0.2,0.05673758865248227,0.6666666666666666,0.059120828750117246,0.03079434381950358,0.075,0.013333333333333334,0.2,0.0927181772401974,0.04496485268802094,0.06896551724137931,0.021592442645074223,0.273972602739726
networkiconomi,2.0,5.0,0.75,0.2397442422045495,0.10342244107671311,0.2,0.056074766355140186,0.6153846153846154,0.06136076193734053,0.03242330243200919,0.09090909090909091,0.013245033112582781,0.2,0.096145384906037,0.04717795127805733,0.13333333333333333,0.021428571428571425,0.28571428571428575
networkiconomi,2.0,5.0,1.0,0.2465709087177693,0.1055206230100892,0.2,0.06451612903225806,0.6,0.06287385765599574,0.03236070204399178,0.0625,0.01545253863134658,0.22,0.09862016263447346,0.047251562451762166,0.06451612903225806,0.025000000000000005,0.30136986301369867
networkiconomi,2.0,5.0,2.0,0.2635577297332642,0.11075136028578718,0.2,0.08235294117647059,0.6153846153846154,0.06719795341986386,0.034059358714931764,0.07692307692307693,0.01834862385321101,0.2,0.10541947271535702,0.04987786205883834,0.11764705882352941,0.031007751937984496,0.2888888888888889
networkiconomi,2.0,5.0,3.0,0.28815404826748187,0.1213430059641617,0.2,0.07526881720430108,0.7692307692307693,0.07337532155027972,0.03721206851369117,0.0625,0.017857142857142856,0.23076923076923078,0.11514504777914344,0.05443463307525149,0.13333333333333333,0.029197080291970802,0.3333333333333333
networkiconomi,2.0,5.0,5.0,0.3242843645642014,0.1243177492067082,0.3333333333333333,0.1,0.7692307692307693,0.08262310808916208,0.04002205773477504,0.05,0.024518388791593695,0.29411764705882354,0.1296675222506568,0.057798871547797795,0.10526315789473684,0.0437956204379562,0.3835616438356165
networkiconomi,3.0,0,0,0.07660982228476672,0.060231541851611024,0.0,0.0,0.3333333333333333,0.020918932903555513,0.019625611459347776,0.0,0.0,0.14705882352941177,0.032346130965347976,0.02876191772249685,0.0,0.0,0.18518518518518517
networkiconomi,3.0,0,0.1,0.08258586028225168,0.06356702968755339,0.0,0.0,0.4,0.022378342787817057,0.02069089998978995,0.0,0.0,0.1320754716981132,0.03465235195994033,0.030452289110811916,0.0,0.0,0.18918918918918917
networkiconomi,3.0,0,0.25,0.08481486388108841,0.06476536977233449,0.0,0.0,0.36363636363636365,0.022961901283268693,0.020640958985406212,0.0,0.0,0.11764705882352941,0.03555568007710687,0.030439977544545454,0.0,0.0,0.1724137931034483
networkiconomi,3.0,0,0.5,0.10247906183731026,0.06615081494863846,0.0,0.0,0.3333333333333333,0.027341617974005892,0.02143834098267667,0.0,0.0,0.12264150943396226,0.04252025633785801,0.03150415855561164,0.0,0.0,0.17567567567567569
networkiconomi,3.0,0,0.75,0.10953627157633852,0.0675136732905449,0.0,0.0,0.3684210526315789,0.029544627739289796,0.022494697051831516,0.0,0.0,0.15,0.04583952971572782,0.03279611867533272,0.0,0.0,0.20930232558139533
networkiconomi,3.0,0,1.0,0.13061475020976304,0.07490031154905724,0.0,0.0,0.42857142857142855,0.034910592122415846,0.02621660387025378,0.0,0.0,0.19230769230769232,0.054192260504650785,0.037567489924431804,0.0,0.0,0.2564102564102564
networkiconomi,3.0,0,2.0,0.22791115518587343,0.09305726640867963,0.2,0.0,0.5555555555555556,0.05945972558477839,0.03284149988322879,0.045454545454545456,0.0,0.23529411764705882,0.09281268501341278,0.0468211139300719,0.06451612903225806,0.0,0.30136986301369867
networkiconomi,3.0,0,3.0,0.29242118279206153,0.10319673326829266,0.3333333333333333,0.04411764705882353,0.6842105263157895,0.07524658110102012,0.03552540489603536,0.0625,0.009966777408637873,0.29411764705882354,0.11778474949452916,0.05025247545289334,0.10526315789473684,0.016260162601626015,0.35714285714285715
networkiconomi,3.0,0,5.0,0.3331263755423884,0.118571672103565,0.5,0.1,0.7333333333333333,0.08573129881923958,0.040978946933042354,0.1,0.02276707530647986,0.35294117647058826,0.1341801638080446,0.057895163160605716,0.18181818181818182,0.04145077720207254,0.42857142857142855
networkiconomi,3.0,0.1,0,0.0824662898126575,0.05861462538631797,0.0,0.0,0.375,0.02227908026671665,0.018969887261802244,0.0,0.0,0.10377358490566038,0.03453779770874417,0.027891120150728716,0.0,0.0,0.15
networkiconomi,3.0,0.1,0.1,0.08740835988887742,0.06608136710166189,0.0,0.0,0.4117647058823529,0.02371201246495185,0.021839263237288613,0.0,0.0,0.15555555555555556,0.03672449699992065,0.03213257052541722,0.0,0.0,0.22580645161290322
networkiconomi,3.0,0.1,0.25,0.09270409926740131,0.06376337330209705,0.0,0.0,0.375,0.02482200441483072,0.020691217975312367,0.0,0.0,0.18181818181818182,0.038578579283086493,0.030404991611734645,0.0,0.0,0.24489795918367344
networkiconomi,3.0,0.1,0.5,0.1020486941689818,0.06935269822955392,0.0,0.0,0.3684210526315789,0.027651785315718262,0.022980357174184108,0.0,0.0,0.12264150943396226,0.042847744759050066,0.03383280605037124,0.0,0.0,0.17777777777777776
networkiconomi,3.0,0.1,0.75,0.123126137811463,0.07251767731811974,0.0,0.0,0.38095238095238093,0.033248258749451025,0.02614104176480583,0.0,0.0,0.23529411764705882,0.05148634074236234,0.03720511398562654,0.0,0.0,0.2857142857142857
networkiconomi,3.0,0.1,1.0,0.13941786570465914,0.0765742181205308,0.16666666666666666,0.0,0.4,0.03715902754249108,0.02558221972259962,0.0,0.0,0.15151515151515152,0.05779088579326621,0.03730369256955701,0.0,0.0,0.20408163265306123
networkiconomi,3.0,0.1,2.0,0.23119816906520785,0.0966099347554569,0.25,0.0,0.6111111111111112,0.06016585838492233,0.032699199950645304,0.08,0.0,0.23529411764705882,0.09395217339140349,0.046797141943256404,0.06896551724137931,0.0,0.3098591549295775
networkiconomi,3.0,0.1,3.0,0.2965817857888447,0.11058414562257263,0.5,0.0,0.6666666666666666,0.0762288740231199,0.03713435258391725,0.045454545454545456,0.0,0.23529411764705882,0.11935083189096958,0.052998015954090774,0.13793103448275862,0.0,0.3380281690140845
networkiconomi,3.0,0.1,5.0,0.33490698127016333,0.12080552039714647,0.3333333333333333,0.1,0.8421052631578947,0.085806469886186,0.0400809075248432,0.125,0.01926444833625219,0.26,0.1344627733932382,0.05734953281607464,0.18181818181818182,0.03685092127303182,0.3764705882352941
networkiconomi,3.0,0.25,0,0.09067333722478498,0.061705654678008315,0.0,0.0,0.3333333333333333,0.02462403682984408,0.020581213327755848,0.0,0.0,0.11764705882352941,0.03811342115812443,0.030018779003928832,0.0,0.0,0.14457831325301204
networkiconomi,3.0,0.25,0.1,0.09210110846250388,0.06340109838634124,0.0,0.0,0.4444444444444444,0.02509507910663295,0.021768715544390336,0.0,0.0,0.17647058823529413,0.03881436483614526,0.03142149419701184,0.0,0.0,0.21428571428571427
networkiconomi,3.0,0.25,0.25,0.10570303922420464,0.06868998464011054,0.0,0.0,0.5,0.02903184350304558,0.023798033743321678,0.0,0.0,0.1935483870967742,0.044832707177183004,0.03448708392367826,0.0,0.0,0.27906976744186046
networkiconomi,3.0,0.25,0.5,0.11654328768771646,0.06912346091274842,0.0,0.0,0.35714285714285715,0.03138865709286662,0.023489190808553318,0.0,0.0,0.13333333333333333,0.04865859726644338,0.03414344459769465,0.0,0.0,0.19354838709677416
networkiconomi,3.0,0.25,0.75,0.13250207587455864,0.07322883468269643,0.0,0.0,0.3888888888888889,0.03524124098510265,0.02450941742763685,0.0,0.0,0.15151515151515152,0.05484455430680499,0.03576342876466742,0.0,0.0,0.21739130434782608
networkiconomi,3.0,0.25,1.0,0.15688580146994044,0.07672010796619758,0.16666666666666666,0.0,0.4375,0.04210317653967121,0.027864581557334418,0.0,0.0,0.21212121212121213,0.06530660551851886,0.03976577929564376,0.0,0.0,0.2857142857142857
networkiconomi,3.0,0.25,2.0,0.2428949310028136,0.09331737112112587,0.2,0.0,0.6111111111111112,0.06302384248830514,0.03202861788892172,0.0625,0.0,0.20754716981132076,0.0985246190982895,0.045971416003245155,0.08695652173913043,0.0,0.3098591549295775
networkiconomi,3.0,0.25,3.0,0.29968734863976615,0.10683348353411415,0.3333333333333333,0.1,0.631578947368421,0.07716482450444916,0.03656912054121355,0.07692307692307693,0.017513134851138354,0.23076923076923078,0.12080186123410587,0.05215908065967507,0.13793103448275862,0.03350083752093802,0.30769230769230776
networkiconomi,3.0,0.25,5.0,0.33547320892697363,0.11757014848485728,0.3333333333333333,0.125,0.7894736842105263,0.08625383926732616,0.04115691407969933,0.125,0.021015761821366025,0.35294117647058826,0.13502797985215476,0.05806873080015409,0.11764705882352941,0.04020100502512563,0.42857142857142855
networkiconomi,3.0,0.5,0,0.10061501861942608,0.06817999752558541,0.0,0.0,0.4166666666666667,0.027272673427911027,0.02307718102783111,0.0,0.0,0.14705882352941177,0.04223875079671588,0.03354075431494209,0.0,0.0,0.196078431372549
networkiconomi,3.0,0.5,0.1,0.10586012203343309,0.0679124346254166,0.0,0.0,0.35294117647058826,0.028576576391223987,0.023655972826277658,0.0,0.0,0.17647058823529413,0.044258266820097245,0.0340184860868326,0.0,0.0,0.21428571428571427
networkiconomi,3.0,0.5,0.25,0.1154399097075485,0.0663078727135442,0.0,0.0,0.39285714285714285,0.030661970714904254,0.0220050981479753,0.0,0.0,0.13953488372093023,0.04770011603570435,0.03213669721416056,0.0,0.0,0.1904761904761905
networkiconomi,3.0,0.5,0.5,0.1388519403525924,0.06761715621226604,0.2,0.0,0.3888888888888889,0.03746092126259707,0.02495946095907977,0.0,0.0,0.19230769230769232,0.05810788724254586,0.03568959171866834,0.0,0.0,0.2564102564102564
networkiconomi,3.0,0.5,0.75,0.15762070664749822,0.07439211052618513,0.2,0.0,0.5,0.04157543291477073,0.025108655859661717,0.0,0.0,0.16037735849056603,0.06476000994885625,0.03626593602975018,0.0,0.0,0.22972972972972971
networkiconomi,3.0,0.5,1.0,0.17461030968834662,0.0751089785442303,0.2,0.0,0.5,0.04620043855855191,0.027218461398427013,0.045454545454545456,0.0,0.20833333333333334,0.07193462320167804,0.03892095854896764,0.0,0.0,0.29411764705882354
networkiconomi,3.0,0.5,2.0,0.25775779943731,0.09296928978607086,0.25,0.0759493670886076,0.5384615384615384,0.06696762120356754,0.03340204876900709,0.07142857142857142,0.018518518518518517,0.23529411764705882,0.10461246445205592,0.04724738340623984,0.10526315789473684,0.029850746268656716,0.30379746835443033
networkiconomi,3.0,0.5,3.0,0.299651997050869,0.1043183783370399,0.25,0.1,0.6428571428571429,0.07719776901650108,0.03664835947240337,0.09090909090909091,0.01926444833625219,0.29411764705882354,0.12081018482986593,0.051702601256358977,0.14285714285714288,0.03685092127303182,0.35714285714285715
networkiconomi,3.0,0.5,5.0,0.3365625273067737,0.11852029938876747,0.5,0.1,0.7,0.08609306231456702,0.03935022281776877,0.125,0.021015761821366025,0.28,0.13495496273248925,0.056137212049751806,0.10526315789473684,0.04020100502512563,0.3835616438356165
networkiconomi,3.0,0.75,0,0.12448151143729971,0.06640780929868538,0.14285714285714285,0.0,0.4,0.03304383597550208,0.022118179937388044,0.0,0.0,0.13043478260869565,0.051414893903577535,0.03232812271945898,0.0,0.0,0.19672131147540983
networkiconomi,3.0,0.75,0.1,0.129846505189778,0.06528391482253058,0.16666666666666666,0.0,0.36363636363636365,0.03429335335405675,0.022274155110530113,0.0,0.0,0.15384615384615385,0.0534010031373804,0.03219174856892375,0.0,0.0,0.20512820512820515
networkiconomi,3.0,0.75,0.25,0.14206098260467237,0.06862912719606563,0.2,0.0,0.38461538461538464,0.03839132420788905,0.025007869856979354,0.0,0.0,0.13513513513513514,0.05952801083762478,0.035909849194550175,0.0,0.0,0.19867549668874177
networkiconomi,3.0,0.75,0.5,0.161054528049702,0.07358173969123799,0.16666666666666666,0.0,0.5,0.04240013947579176,0.025455899631592626,0.058823529411764705,0.0,0.17073170731707318,0.06608932646073083,0.03666697338509819,0.0,0.0,0.2456140350877193
networkiconomi,3.0,0.75,0.75,0.17670571204982852,0.07464281269989127,0.2,0.0,0.42857142857142855,0.04611385900726824,0.025831142003892364,0.03571428571428571,0.0,0.17647058823529413,0.071956588540727,0.03691953297585817,0.05263157894736842,0.0,0.2222222222222222
networkiconomi,3.0,0.75,1.0,0.19297589460621478,0.08019346842621161,0.25,0.0,0.47368421052631576,0.050089161334331604,0.02686090472623061,0.06666666666666667,0.0,0.16071428571428573,0.07827722209723309,0.03876427551783271,0.07692307692307693,0.0,0.22784810126582278
networkiconomi,3.0,0.75,2.0,0.26289260788500085,0.0974262684647835,0.25,0.1,0.625,0.0680643617594109,0.03393078748421164,0.045454545454545456,0.015873015873015872,0.23529411764705882,0.10639237722930103,0.048155260486314765,0.06666666666666667,0.0273972602739726,0.3098591549295775
networkiconomi,3.0,0.75,3.0,0.30259740010272657,0.11266731275093084,0.5,0.09375,0.6875,0.07778503429602743,0.037570108450565194,0.05,0.018633540372670808,0.23529411764705882,0.12180091317992081,0.0537805115516104,0.11764705882352941,0.031088082901554404,0.30769230769230776
networkiconomi,3.0,0.75,5.0,0.3350197591515423,0.11898338369025978,0.3333333333333333,0.11764705882352941,0.7692307692307693,0.08604260135603595,0.040561303010993977,0.0625,0.021015761821366025,0.29411764705882354,0.1347334960131415,0.0574613621276219,0.10526315789473684,0.04020100502512563,0.3835616438356165
networkiconomi,3.0,1.0,0,0.14623822613453694,0.07095715014104247,0.14285714285714285,0.0,0.5,0.03892307797304899,0.025649885458054675,0.0,0.0,0.1320754716981132,0.060481592396846466,0.03675712117571864,0.0,0.0,0.196078431372549
networkiconomi,3.0,1.0,0.1,0.15281787331520488,0.06774301373238321,0.2,0.0,0.5,0.04049165659582068,0.023954959298800656,0.0,0.0,0.14,0.06306889249855382,0.03460541082049749,0.0,0.0,0.21428571428571427
networkiconomi,3.0,1.0,0.25,0.15819535174219856,0.07139398468154565,0.2,0.0,0.4666666666666667,0.04174900285499232,0.025328546738825498,0.0,0.0,0.15384615384615385,0.06500945621711442,0.03628790307807351,0.0,0.0,0.2222222222222222
networkiconomi,3.0,1.0,0.5,0.17702327907594767,0.07294729518195373,0.16666666666666666,0.0,0.5,0.046193539333879194,0.024762784297248788,0.034482758620689655,0.0,0.14285714285714285,0.0721459307111367,0.03581668826964946,0.09090909090909091,0.0,0.21428571428571427
networkiconomi,3.0,1.0,0.75,0.19845418418151017,0.07956997769979199,0.2,0.0,0.5789473684210527,0.051967874608888416,0.028013024233684795,0.0625,0.0,0.16363636363636364,0.0810995397719048,0.04026012247448642,0.06451612903225806,0.0,0.24999999999999997
networkiconomi,3.0,1.0,1.0,0.20792578635524772,0.08577818536561707,0.2,0.05660377358490566,0.6666666666666666,0.054022557986318664,0.02903329308812295,0.0625,0.009836065573770493,0.2,0.08438150958071838,0.04166955629960543,0.06896551724137931,0.01675977653631285,0.30769230769230765
networkiconomi,3.0,1.0,2.0,0.26633565786642177,0.10409059835644027,0.25,0.07894736842105263,0.6923076923076923,0.06878239374969465,0.03543555865325603,0.045454545454545456,0.017543859649122806,0.29411764705882354,0.1075639684531121,0.05039726593662773,0.18181818181818182,0.02962962962962963,0.35714285714285715
networkiconomi,3.0,1.0,3.0,0.30664999463963843,0.11237750377986597,0.3333333333333333,0.1,0.6875,0.07886734093639422,0.03829686967774766,0.045454545454545456,0.01926444833625219,0.26,0.12347777155128409,0.05457776162852132,0.2,0.03647416413373861,0.3561643835616438
networkiconomi,3.0,1.0,5.0,0.3373960655584992,0.12080059669564674,0.3333333333333333,0.1,0.7692307692307693,0.08657960949628107,0.041196488460563084,0.1,0.024518388791593695,0.29411764705882354,0.13561253445522195,0.05860490304998394,0.14285714285714288,0.04690117252931323,0.3835616438356165
networkiconomi,3.0,2.0,0,0.18661073242249546,0.07360354025016386,0.2,0.0,0.42857142857142855,0.04812602452556155,0.024215138977266945,0.0625,0.0,0.18181818181818182,0.0753046466161047,0.03485627437496046,0.06896551724137931,0.0,0.24489795918367344
networkiconomi,3.0,2.0,0.1,0.1965950818080878,0.07932819354580672,0.25,0.0,0.5625,0.05076685434986465,0.02659607521188477,0.05,0.0,0.19148936170212766,0.07940305873878352,0.03819268791355051,0.06896551724137931,0.0,0.2857142857142857
networkiconomi,3.0,2.0,0.25,0.20430054027120678,0.08036582753598717,0.2,0.0,0.5,0.05296857042858161,0.02782379986744975,0.0625,0.0,0.17647058823529413,0.08274801187422036,0.039610546945358226,0.06896551724137931,0.0,0.2535211267605634
networkiconomi,3.0,2.0,0.5,0.21337895795056347,0.08694839433113094,0.2,0.06349206349206349,0.5555555555555556,0.05495819405352437,0.028725530817609833,0.045454545454545456,0.012084592145015106,0.18867924528301888,0.08598680149703974,0.041196849035473763,0.06896551724137931,0.020304568527918784,0.28169014084507044
networkiconomi,3.0,2.0,0.75,0.22017308537817473,0.08726948297379554,0.2,0.059322033898305086,0.5,0.05638718792094892,0.027551263611754476,0.045454545454545456,0.015184381778741865,0.18,0.08835739176970833,0.03993427755096894,0.08695652173913043,0.024179620034542312,0.2465753424657534
networkiconomi,3.0,2.0,1.0,0.23390035623953542,0.09034555280902054,0.2,0.08333333333333333,0.6666666666666666,0.05990514971153751,0.029177294835175366,0.09090909090909091,0.01576182136602452,0.18,0.09388402114700228,0.04205261324940309,0.09523809523809523,0.026845637583892617,0.25806451612903225
networkiconomi,3.0,2.0,2.0,0.2722803772584794,0.10607650787809744,0.25,0.09523809523809523,0.65,0.0695352019656958,0.033220642215636684,0.07692307692307693,0.017513134851138354,0.21428571428571427,0.10904939988027341,0.04817151515517267,0.10526315789473684,0.030456852791878174,0.30379746835443033
networkiconomi,3.0,2.0,3.0,0.3037682160571172,0.11044171046438295,0.3333333333333333,0.1,0.6923076923076923,0.07784624327208062,0.0368108936778229,0.09090909090909091,0.021015761821366025,0.24,0.12197872203237618,0.05262360394598088,0.06666666666666667,0.04020100502512563,0.3287671232876712
networkiconomi,3.0,2.0,5.0,0.33885443571724083,0.11876108929220594,0.3333333333333333,0.1,0.7692307692307693,0.08698496316175888,0.04068355213606037,0.125,0.021015761821366025,0.3,0.13624932068890244,0.05768184802526757,0.12903225806451613,0.04020100502512563,0.410958904109589
networkiconomi,3.0,3.0,0,0.20881831550640037,0.08719155563898932,0.2,0.04918032786885246,0.5384615384615384,0.05340168596196348,0.026920730975419884,0.0625,0.008875739644970414,0.2,0.08372647154465508,0.03928469536543271,0.06896551724137931,0.015037593984962405,0.28571428571428575
networkiconomi,3.0,3.0,0.1,0.20956085019876095,0.08551347609061721,0.25,0.06451612903225806,0.5833333333333334,0.053685744777138014,0.02706269838769356,0.045454545454545456,0.012259194395796848,0.19230769230769232,0.0841132986986541,0.03913959269087841,0.08695652173913043,0.023450586264656615,0.2631578947368421
networkiconomi,3.0,3.0,0.25,0.21763514752134563,0.08963454145782677,0.2,0.058823529411764705,0.5555555555555556,0.05564575753077349,0.028114716394150547,0.09090909090909091,0.015852047556142668,0.19230769230769232,0.08719897967707026,0.04071016151607488,0.08695652173913043,0.026172300981461286,0.2564102564102564
networkiconomi,3.0,3.0,0.5,0.22161681564444474,0.09109724119381753,0.2,0.07446808510638298,0.5238095238095238,0.05677439819514122,0.02871443274763329,0.058823529411764705,0.015267175572519083,0.17647058823529413,0.08892431686986038,0.04139997920168332,0.1111111111111111,0.026359143327841845,0.24489795918367346
networkiconomi,3.0,3.0,0.75,0.22829718382669806,0.09194483844389482,0.2,0.06451612903225806,0.5384615384615384,0.05833079234069235,0.029236583028312873,0.0625,0.015105740181268883,0.17647058823529413,0.09144541600600416,0.042305877027773046,0.06896551724137931,0.025380710659898477,0.24489795918367346
networkiconomi,3.0,3.0,1.0,0.2404355577088309,0.09806680088694411,0.2,0.06451612903225806,0.5833333333333334,0.06173305064814189,0.03206426761882764,0.0625,0.014010507880910683,0.23529411764705882,0.09663272352049061,0.045869281594806265,0.08695652173913043,0.02680067001675042,0.2857142857142857
networkiconomi,3.0,3.0,2.0,0.27099740826330626,0.10525274255031417,0.25,0.0967741935483871,0.6923076923076923,0.06942256952907186,0.03405994606929312,0.1,0.01773049645390071,0.24,0.10880408905832534,0.04923686282335369,0.08695652173913043,0.03164556962025317,0.3287671232876712
networkiconomi,3.0,3.0,3.0,0.2989049967545938,0.11595168799785091,0.3333333333333333,0.07526881720430108,0.7692307692307693,0.0764097960156143,0.03739256955811106,0.0625,0.017513134851138354,0.2692307692307692,0.11983502325729647,0.05406564976548293,0.13333333333333333,0.03350083752093802,0.3589743589743589
networkiconomi,3.0,3.0,5.0,0.33696283748339084,0.11757956870932647,0.5,0.125,0.7368421052631579,0.08616752258105267,0.039197590457954734,0.09090909090909091,0.024518388791593695,0.26,0.13509068512756742,0.056001866698703565,0.12903225806451613,0.04690117252931323,0.3561643835616438
networkiconomi,3.0,5.0,0,0.21699225441554962,0.09580089427910694,0.2,0.046875,0.5714285714285714,0.05505906190277152,0.02836261185920287,0.04,0.013422818791946308,0.18,0.08641596663403338,0.04166914295172582,0.06451612903225806,0.020869565217391303,0.25
networkiconomi,3.0,5.0,0.1,0.22048724525666163,0.09566188406692434,0.2,0.06542056074766354,0.5714285714285714,0.05616448920398256,0.028883670274345356,0.0625,0.014010507880910683,0.17142857142857143,0.08810244010969207,0.042368835018153556,0.13333333333333333,0.025000000000000005,0.24489795918367346
networkiconomi,3.0,5.0,0.25,0.22542208543670242,0.09853324716791378,0.2,0.053763440860215055,0.6153846153846154,0.057251261374724076,0.02938604873086289,0.045454545454545456,0.014957264957264958,0.16666666666666666,0.08988026457019108,0.04323031959114399,0.06896551724137931,0.025454545454545455,0.2444444444444444
networkiconomi,3.0,5.0,0.5,0.22753851005886225,0.09936974785466207,0.2,0.0641025641025641,0.6153846153846154,0.05781279138322802,0.029495435469918018,0.0625,0.016556291390728478,0.2,0.09076718554959788,0.043537483555971625,0.10526315789473684,0.026315789473684213,0.28571428571428575
networkiconomi,3.0,5.0,0.75,0.235828037380791,0.10136840241504524,0.2,0.06451612903225806,0.5384615384615384,0.06006663543719823,0.031227262038343678,0.09090909090909091,0.015444015444015444,0.23529411764705882,0.0942195517808613,0.04543767171816048,0.06451612903225806,0.026359143327841845,0.2857142857142857
networkiconomi,3.0,5.0,1.0,0.23975589167871764,0.10288508147816307,0.25,0.0703125,0.5714285714285714,0.06122025560509246,0.03188964470172254,0.09090909090909091,0.016,0.2,0.09599179732371141,0.046584703337492046,0.06896551724137931,0.026923076923076925,0.28571428571428575
networkiconomi,3.0,5.0,2.0,0.2623104397534063,0.11559144709659956,0.2,0.07042253521126761,0.7692307692307693,0.06680833631799306,0.03524453656520185,0.09090909090909091,0.01576182136602452,0.24,0.10483226314974553,0.051721431204952664,0.06896551724137931,0.03015075376884422,0.3287671232876712
networkiconomi,3.0,5.0,3.0,0.2802029026761185,0.11505761164891555,0.25,0.0851063829787234,0.6923076923076923,0.07122771876993292,0.03545967024454263,0.05,0.01926444833625219,0.26,0.11183359102440553,0.051864052652666116,0.06896551724137931,0.032388663967611336,0.3561643835616438
networkiconomi,3.0,5.0,5.0,0.3216310748927268,0.1258174876485944,0.3333333333333333,0.08,0.8461538461538461,0.08242677366663223,0.040978759685300785,0.1,0.017513134851138354,0.28,0.1291837322767575,0.05917092668106051,0.12903225806451613,0.029197080291970802,0.3835616438356165
networkiconomi,5.0,0,0,0.07089987305591636,0.05648691154151392,0.0,0.0,0.3333333333333333,0.01918812920982744,0.01848542095527403,0.0,0.0,0.1206896551724138,0.029729007341029488,0.027108323437685544,0.0,0.0,0.1728395061728395
networkiconomi,5.0,0,0.1,0.0735020871817036,0.05604882797089068,0.0,0.0,0.30434782608695654,0.01988188016784871,0.018473599980414816,0.0,0.0,0.1206896551724138,0.030813638710841584,0.027147970238967895,0.0,0.0,0.1728395061728395
networkiconomi,5.0,0,0.25,0.08532447696683605,0.06334235480335759,0.0,0.0,0.4166666666666667,0.02308365412146724,0.020232008480313462,0.0,0.0,0.12121212121212122,0.035772574115773385,0.02991524099481845,0.0,0.0,0.17391304347826086
networkiconomi,5.0,0,0.5,0.09155002274500226,0.06300549372834559,0.0,0.0,0.3333333333333333,0.02502084499133744,0.021228661661307997,0.0,0.0,0.12,0.03869295012242342,0.030863825704455613,0.0,0.0,0.16666666666666666
networkiconomi,5.0,0,0.75,0.10689864128695484,0.06961737490927246,0.0,0.0,0.375,0.028696163060789766,0.0228618173714238,0.0,0.0,0.12121212121212122,0.044573769520554155,0.033686474301776057,0.0,0.0,0.17391304347826086
networkiconomi,5.0,0,1.0,0.1222856447180129,0.07305483596104394,0.0,0.0,0.45454545454545453,0.03275184866702305,0.024493513014566277,0.0,0.0,0.1509433962264151,0.05086505379230712,0.03561082872716067,0.0,0.0,0.21621621621621623
networkiconomi,5.0,0,2.0,0.20834343038673173,0.09474450305417864,0.2,0.0,0.6,0.0548260194303956,0.03287053540732877,0.058823529411764705,0.0,0.23076923076923078,0.08549134629839333,0.04740451530389773,0.14285714285714288,0.0,0.30769230769230776
networkiconomi,5.0,0,3.0,0.28343408735139686,0.10388948145160293,0.2,0.06666666666666667,0.6666666666666666,0.07345474259342763,0.03670905124616526,0.08333333333333333,0.012903225806451613,0.3076923076923077,0.11481233332889368,0.0520137472296888,0.06493506493506493,0.023255813953488372,0.4102564102564103
networkiconomi,5.0,0,5.0,0.33057366270882726,0.11841360545420038,0.5,0.109375,0.7333333333333333,0.08486916938138181,0.040296895784393064,0.0625,0.021015761821366025,0.29411764705882354,0.1329116034302773,0.0572654798060556,0.12903225806451613,0.036269430051813475,0.3835616438356165
networkiconomi,5.0,0.1,0,0.0720104181332751,0.059450421845816476,0.0,0.0,0.35714285714285715,0.01969377957484482,0.01955235200515105,0.0,0.0,0.11538461538461539,0.030453512120022452,0.028817202830527935,0.0,0.0,0.16393442622950818
networkiconomi,5.0,0.1,0.1,0.0772855384790501,0.05733418161244199,0.0,0.0,0.3076923076923077,0.021131832882037623,0.01920739414999354,0.0,0.0,0.12121212121212122,0.03267436731607579,0.02808149242054088,0.0,0.0,0.17391304347826086
networkiconomi,5.0,0.1,0.25,0.08131040980841453,0.060878263014370736,0.0,0.0,0.3333333333333333,0.02173527711354462,0.0193975992523226,0.0,0.0,0.125,0.03375729054800114,0.02853412962895008,0.0,0.0,0.1791044776119403
networkiconomi,5.0,0.1,0.5,0.0936912424952595,0.06359541392270758,0.0,0.0,0.3333333333333333,0.025057481311300676,0.020599377139571422,0.0,0.0,0.12,0.0389551787850328,0.03037929519362444,0.0,0.0,0.16666666666666666
networkiconomi,5.0,0.1,0.75,0.11463263612233862,0.0695130319967383,0.0,0.0,0.38095238095238093,0.030642316948615293,0.023429938530097127,0.0,0.0,0.125,0.047616370391396386,0.03421766110750997,0.0,0.0,0.18181818181818182
networkiconomi,5.0,0.1,1.0,0.12920474252157457,0.07986625158184162,0.0,0.0,0.5,0.03428744150557574,0.02574562357242131,0.0,0.0,0.16279069767441862,0.05338902526246444,0.037933384593778825,0.0,0.0,0.22222222222222227
networkiconomi,5.0,0.1,2.0,0.21193345974239114,0.08587260617865845,0.25,0.0,0.5789473684210527,0.0553545453097194,0.029447682856529465,0.0625,0.0,0.1792452830188679,0.08640911419940578,0.04234130721453185,0.058823529411764705,0.0,0.2588235294117647
networkiconomi,5.0,0.1,3.0,0.2869914563557619,0.10758398319812998,0.25,0.0625,0.7777777777777778,0.0739839936106055,0.03646206177266342,0.07692307692307693,0.012422360248447204,0.29411764705882354,0.11581645942901883,0.052142609974240924,0.0606060606060606,0.02072538860103627,0.36619718309859156
networkiconomi,5.0,0.1,5.0,0.33327463963199,0.11987613494783034,0.3333333333333333,0.1,0.7857142857142857,0.08566590885624317,0.041068578172493035,0.0625,0.022900763358778626,0.29411764705882354,0.13412876210798141,0.058405746630226775,0.09090909090909091,0.04166666666666667,0.3728813559322034
networkiconomi,5.0,0.25,0,0.07955347535066234,0.057468335993434795,0.0,0.0,0.2857142857142857,0.021878343801065,0.019470500249876534,0.0,0.0,0.11764705882352941,0.03377767487924059,0.028239675330405056,0.0,0.0,0.15384615384615385
networkiconomi,5.0,0.25,0.1,0.08170884681038745,0.06114510751833021,0.0,0.0,0.4,0.02251635625290322,0.021071172975275276,0.0,0.0,0.12121212121212122,0.03474349233285414,0.030610477774746427,0.0,0.0,0.186046511627907
networkiconomi,5.0,0.25,0.25,0.0864934487320545,0.060086528500992255,0.0,0.0,0.35294117647058826,0.023154969173363005,0.018984794318375648,0.0,0.0,0.11320754716981132,0.03593885387495618,0.027966965811887446,0.0,0.0,0.1621621621621622
networkiconomi,5.0,0.25,0.5,0.10198274722366388,0.06698624354239462,0.0,0.0,0.42857142857142855,0.027315128921389962,0.02201713467603756,0.0,0.0,0.15517241379310345,0.042411667923770636,0.03227199513188606,0.0,0.0,0.2222222222222222
networkiconomi,5.0,0.25,0.75,0.12417649285153765,0.07212364884954847,0.0,0.0,0.42105263157894735,0.0334525752930634,0.02470862083870221,0.0,0.0,0.18604651162790697,0.05188063984492214,0.03591258431664666,0.0,0.0,0.25396825396825395
networkiconomi,5.0,0.25,1.0,0.13891757137469876,0.07470196027196033,0.2,0.0,0.46153846153846156,0.03717185158900517,0.02602644581596135,0.0,0.0,0.15384615384615385,0.05770850229696053,0.03755580743927111,0.0,0.0,0.20512820512820515
networkiconomi,5.0,0.25,2.0,0.2302997385046822,0.0943004049037645,0.2,0.0,0.6666666666666666,0.059821194500677764,0.031985032069178014,0.0625,0.0,0.23255813953488372,0.09348166423919003,0.04609254762599188,0.07407407407407407,0.0,0.31746031746031744
networkiconomi,5.0,0.25,3.0,0.28826011425802944,0.10859523961016865,0.2,0.1,0.6666666666666666,0.07410592112859896,0.03621133002147927,0.045454545454545456,0.01926444833625219,0.22,0.11605615902995774,0.05210129085197031,0.18181818181818182,0.034883720930232565,0.3098591549295775
networkiconomi,5.0,0.25,5.0,0.3284284338711327,0.11604175018472333,0.3333333333333333,0.125,0.7894736842105263,0.08453346993889824,0.040166515104266616,0.0625,0.021015761821366025,0.26,0.13231616173154925,0.05702690876753624,0.06666666666666667,0.04020100502512563,0.36619718309859156
networkiconomi,5.0,0.5,0,0.09320342584246862,0.06397342877399058,0.0,0.0,0.3333333333333333,0.025228466182740994,0.02136214879616076,0.0,0.0,0.11627906976744186,0.039099581448260166,0.03126912781099632,0.0,0.0,0.16326530612244897
networkiconomi,5.0,0.5,0.1,0.0939702241683781,0.0588073944140515,0.0,0.0,0.3333333333333333,0.025064853987772404,0.0192206188411657,0.0,0.0,0.11428571428571428,0.03896439610393861,0.028216769925568576,0.0,0.0,0.16326530612244897
networkiconomi,5.0,0.5,0.25,0.10415162562580678,0.06364137564046264,0.0,0.0,0.3684210526315789,0.028071299392810237,0.02163812405911824,0.0,0.0,0.17647058823529413,0.04353414332576533,0.03138584002281816,0.0,0.0,0.22222222222222224
networkiconomi,5.0,0.5,0.5,0.12414724720382006,0.07274475662462872,0.0,0.0,0.42857142857142855,0.03301854261317434,0.024397793857309374,0.0,0.0,0.15517241379310345,0.05134597401496396,0.03555187050401416,0.0,0.0,0.2222222222222222
networkiconomi,5.0,0.5,0.75,0.14617376216862735,0.07598389694126721,0.0,0.0,0.5384615384615384,0.03866544754882025,0.02702762465161148,0.0,0.0,0.23529411764705882,0.060140896123733745,0.03848103384653534,0.0,0.0,0.30769230769230776
networkiconomi,5.0,0.5,1.0,0.16008494355641265,0.07468743479523328,0.2,0.0,0.5,0.04227045507796145,0.02608338119657016,0.0,0.0,0.19230769230769232,0.06585849047252361,0.03765018140100189,0.0,0.0,0.2564102564102564
networkiconomi,5.0,0.5,2.0,0.24590647989504183,0.09432457397443246,0.3333333333333333,0.0,0.6111111111111112,0.06354055708541155,0.0325309376538538,0.0625,0.0,0.23076923076923078,0.09940248886962026,0.04650106033568493,0.12903225806451613,0.0,0.3098591549295775
networkiconomi,5.0,0.5,3.0,0.29635238720317914,0.11167549125474374,0.25,0.078125,0.6666666666666666,0.0763597849995597,0.037538587022904406,0.058823529411764705,0.015527950310559006,0.2692307692307692,0.11952355908612862,0.05375104296437635,0.09195402298850575,0.025906735751295335,0.3589743589743589
networkiconomi,5.0,0.5,5.0,0.33437641534907464,0.12247618295725053,0.3333333333333333,0.13333333333333333,0.75,0.08568200876353689,0.04071065374024975,0.0625,0.024518388791593695,0.26,0.13423352247319345,0.05818453300830919,0.16129032258064516,0.04690117252931323,0.3561643835616438
networkiconomi,5.0,0.75,0,0.10804181045210863,0.06303933780868358,0.0,0.0,0.4,0.028662405443407785,0.02122695726291436,0.0,0.0,0.125,0.044599935795145006,0.030974438386755968,0.0,0.0,0.18823529411764708
networkiconomi,5.0,0.75,0.1,0.11642746831625807,0.06278584319605728,0.0,0.0,0.3333333333333333,0.031069086179375233,0.02155861098506274,0.0,0.0,0.1206896551724138,0.04831323098906302,0.03127752742936397,0.0,0.0,0.1728395061728395
networkiconomi,5.0,0.75,0.25,0.1306139760208891,0.06788404353401523,0.0,0.0,0.45,0.03478201584577428,0.023705483839074337,0.0,0.0,0.16279069767441862,0.05407103237716445,0.03417930072492055,0.0,0.0,0.22222222222222227
networkiconomi,5.0,0.75,0.5,0.14506928240234104,0.06817190069549706,0.16666666666666666,0.0,0.3684210526315789,0.03839247711458679,0.02415977380652487,0.0,0.0,0.15151515151515152,0.059769304148639055,0.034697219024099696,0.0,0.0,0.20408163265306123
networkiconomi,5.0,0.75,0.75,0.16300853205921972,0.07220457751757434,0.2,0.0,0.42105263157894735,0.04314614114612012,0.025460201753683406,0.0,0.0,0.15384615384615385,0.06714274733485474,0.03647332219783077,0.0,0.0,0.21538461538461537
networkiconomi,5.0,0.75,1.0,0.18734368735456045,0.07811647779843958,0.25,0.0,0.5,0.04884328205288368,0.027146886764285387,0.0625,0.0,0.2,0.07628607916333753,0.03896760587213866,0.06896551724137931,0.0,0.2777777777777778
networkiconomi,5.0,0.75,2.0,0.25262286985861987,0.09379631031635784,0.25,0.08602150537634409,0.5714285714285714,0.06535671101535344,0.032268424874514486,0.09090909090909091,0.013888888888888888,0.23529411764705882,0.1021905237589597,0.04589368221316961,0.13793103448275862,0.02409638554216867,0.2857142857142857
networkiconomi,5.0,0.75,3.0,0.2938183139915014,0.10855288231411693,0.3333333333333333,0.1,0.6666666666666666,0.07542183192954119,0.03558311598874796,0.1,0.019083969465648856,0.23529411764705882,0.11814241584089138,0.05108279193439144,0.18181818181818182,0.034722222222222224,0.3380281690140845
networkiconomi,5.0,0.75,5.0,0.33032171659687515,0.11917597340940922,0.3333333333333333,0.1,0.7222222222222222,0.08483448198456489,0.04072706092203605,0.1,0.021015761821366025,0.26,0.13287957099443032,0.05812474241698216,0.08333333333333334,0.036269430051813475,0.36619718309859156
networkiconomi,5.0,1.0,0,0.1309651791015533,0.06770668790025705,0.0,0.0,0.5,0.034285507737908893,0.02220005036606529,0.0,0.0,0.13043478260869565,0.05347812013026333,0.03227773202333717,0.0,0.0,0.19672131147540983
networkiconomi,5.0,1.0,0.1,0.14448373658335678,0.06975709563793732,0.2,0.0,0.5,0.03832722574147939,0.023959108831327087,0.0,0.0,0.15384615384615385,0.05965522921655441,0.0346066995455246,0.0,0.0,0.20512820512820515
networkiconomi,5.0,1.0,0.25,0.15042345585240216,0.06675785154880812,0.16666666666666666,0.0,0.5,0.039694408427926486,0.023702817658272316,0.045454545454545456,0.0,0.15151515151515152,0.06181019267401437,0.03397200731097487,0.06896551724137931,0.0,0.2222222222222222
networkiconomi,5.0,1.0,0.5,0.1643487205568155,0.0696903298979235,0.16666666666666666,0.0,0.6,0.04290945463947083,0.023635872425556117,0.045454545454545456,0.0,0.16071428571428573,0.06697577875748296,0.03405791994855631,0.05263157894736842,0.0,0.22784810126582278
networkiconomi,5.0,1.0,0.75,0.18266701646746683,0.07457449379055749,0.2,0.0,0.5,0.04806060712448887,0.026953630918827583,0.05,0.0,0.18181818181818182,0.07489211622300702,0.038473360391675294,0.08,0.0,0.26666666666666666
networkiconomi,5.0,1.0,1.0,0.19672291465299296,0.07908350951454195,0.2,0.0,0.6428571428571429,0.05107659462632361,0.02706866722333091,0.05,0.0,0.18,0.07981711604547302,0.038828442487909,0.08695652173913043,0.0,0.28124999999999994
networkiconomi,5.0,1.0,2.0,0.2589906555353046,0.09932238141002168,0.25,0.08695652173913043,0.631578947368421,0.06653542940146358,0.03296751592760396,0.08,0.01773049645390071,0.26,0.10419682864313429,0.047327916968149975,0.06896551724137931,0.03164556962025317,0.3561643835616438
networkiconomi,5.0,1.0,3.0,0.29813787364163075,0.1088801943310962,0.3333333333333333,0.08,0.7333333333333333,0.0765387559323972,0.03655446531600516,0.09090909090909091,0.021015761821366025,0.29411764705882354,0.11984603638669619,0.05190317081787238,0.18181818181818182,0.03731343283582089,0.35714285714285715
networkiconomi,5.0,1.0,5.0,0.3336496765780366,0.11720131745307805,0.3333333333333333,0.11764705882352941,0.7368421052631579,0.08557247758819883,0.03996282588467716,0.09090909090909091,0.024518388791593695,0.29411764705882354,0.13403347734475463,0.05662794570085542,0.10752688172043011,0.04663212435233161,0.36619718309859156
networkiconomi,5.0,2.0,0,0.18086573047529042,0.07262530038957833,0.2,0.0,0.4444444444444444,0.046837395138294206,0.02455456486740929,0.04,0.0,0.16279069767441862,0.07322304588452398,0.03513828806727988,0.06451612903225806,0.0,0.22535211267605632
networkiconomi,5.0,2.0,0.1,0.18854760503648615,0.0787714764807833,0.2,0.0,0.6666666666666666,0.04869422483552791,0.025019284037998437,0.09090909090909091,0.0,0.15384615384615385,0.07618422264006738,0.03633325955098942,0.09090909090909091,0.0,0.2222222222222222
networkiconomi,5.0,2.0,0.25,0.19415329356484246,0.07843915444738027,0.2,0.045454545454545456,0.6363636363636364,0.050336721347329486,0.026830293057788532,0.05555555555555555,0.0103359173126615,0.1794871794871795,0.07866398333127328,0.0384164042253092,0.09090909090909091,0.016842105263157894,0.28
networkiconomi,5.0,2.0,0.5,0.2008287490251703,0.07719369384894874,0.2,0.0,0.5384615384615384,0.05197848723797263,0.027227870436144438,0.08333333333333333,0.0,0.23529411764705882,0.08120491604096265,0.0382660183419234,0.13333333333333333,0.0,0.2857142857142857
networkiconomi,5.0,2.0,0.75,0.2167013804967902,0.08702063016988423,0.2,0.06818181818181818,0.6153846153846154,0.05587126381415112,0.028668663916458108,0.0625,0.012259194395796848,0.17647058823529413,0.08741248198950478,0.04120433346117935,0.09090909090909091,0.023450586264656615,0.2711864406779661
networkiconomi,5.0,2.0,1.0,0.22478676531744057,0.08878593388981787,0.2,0.07446808510638298,0.5333333333333333,0.05781406428124566,0.028669992996961664,0.09090909090909091,0.014184397163120567,0.16981132075471697,0.09053646260007336,0.04152030317900456,0.06896551724137931,0.02511773940345369,0.2535211267605634
networkiconomi,5.0,2.0,2.0,0.2660718106021539,0.10202466911109838,0.25,0.1,0.6153846153846154,0.06826426547513881,0.03301054646802479,0.07142857142857142,0.017421602787456445,0.23529411764705882,0.10693342021298084,0.047410184922827454,0.13793103448275862,0.0303951367781155,0.30136986301369867
networkiconomi,5.0,2.0,3.0,0.30183410105307196,0.11364814714902291,0.25,0.1111111111111111,0.7692307692307693,0.07758247414121242,0.03816844957748855,0.045454545454545456,0.01773049645390071,0.28,0.12150066814583402,0.05465911322899203,0.18181818181818182,0.03164556962025317,0.3835616438356165
networkiconomi,5.0,2.0,5.0,0.33546161266207075,0.11901314635470192,0.5,0.1,0.8461538461538461,0.08597888788421298,0.04030867242675893,0.125,0.021015761821366025,0.3076923076923077,0.1347379576076904,0.05746013969280859,0.12903225806451613,0.04020100502512563,0.4102564102564103
networkiconomi,5.0,3.0,0,0.20244351433160035,0.08557592980351764,0.2,0.05625,0.5714285714285714,0.05184603331940261,0.02679702915333174,0.058823529411764705,0.011889035667107,0.18,0.08127209131167391,0.03915813299775397,0.09090909090909091,0.01962922573609597,0.2465753424657534
networkiconomi,5.0,3.0,0.1,0.20459348864427498,0.08513638691355994,0.2,0.06557377049180328,0.5714285714285714,0.05267976876416346,0.027402687820123294,0.0625,0.010638297872340425,0.17647058823529413,0.08242605747611481,0.039542692235974286,0.06896551724137931,0.0189873417721519,0.25
networkiconomi,5.0,3.0,0.25,0.21169670797255788,0.08839779512626492,0.2,0.06542056074766354,0.5833333333333334,0.05412287445076489,0.027359467759818384,0.0625,0.010507880910683012,0.15151515151515152,0.08485028713507045,0.03995771735909334,0.08695652173913043,0.020100502512562814,0.22950819672131148
networkiconomi,5.0,3.0,0.5,0.2214156855634672,0.0914537045293235,0.2,0.06896551724137931,0.5384615384615384,0.056632196892643816,0.02872609938878914,0.1,0.01466275659824047,0.17142857142857143,0.08877024163386481,0.04177810434009644,0.05357142857142857,0.024875621890547265,0.24489795918367346
networkiconomi,5.0,3.0,0.75,0.22241167200938394,0.0921275728237283,0.25,0.07526881720430108,0.5555555555555556,0.056907351905377844,0.02954871581310776,0.0625,0.017094017094017096,0.23529411764705882,0.08916337125041253,0.04253283058120919,0.06451612903225806,0.029090909090909094,0.2857142857142857
networkiconomi,5.0,3.0,1.0,0.22952755003883307,0.09700930356929491,0.2,0.06451612903225806,0.6666666666666666,0.05843821390693025,0.029288500888726723,0.04,0.015306122448979591,0.17857142857142858,0.09172391572412636,0.043080152070674574,0.06896551724137931,0.025974025974025976,0.273972602739726
networkiconomi,5.0,3.0,2.0,0.26758405966434756,0.10895232229485884,0.2,0.07526881720430108,0.6153846153846154,0.06852390188336936,0.03469313860787298,0.05,0.017094017094017096,0.2,0.10741633761119503,0.050498665673010375,0.2222222222222222,0.029090909090909094,0.28571428571428575
networkiconomi,5.0,3.0,3.0,0.2960819272437446,0.1130766192687441,0.25,0.0967741935483871,0.6923076923076923,0.07567055776944075,0.036780970885991526,0.09090909090909091,0.021367521367521368,0.28,0.11867283033710371,0.05306803603817866,0.13793103448275862,0.03636363636363636,0.3835616438356165
networkiconomi,5.0,3.0,5.0,0.3355824784528987,0.12503605685814723,0.5,0.11764705882352941,0.8461538461538461,0.08585221605915316,0.04088396482791137,0.1,0.02276707530647986,0.24528301886792453,0.1345992486203746,0.05888584426116823,0.2222222222222222,0.043551088777219436,0.36619718309859156
networkiconomi,5.0,5.0,0,0.21656315854054392,0.09301296405663638,0.2,0.05813953488372093,0.6153846153846154,0.05518781871413374,0.028276326040049468,0.034482758620689655,0.013513513513513514,0.17142857142857143,0.086572571004765,0.04146380045889219,0.06666666666666667,0.023041474654377878,0.26229508196721313
networkiconomi,5.0,5.0,0.1,0.21663926504259998,0.09567205542052577,0.25,0.056074766355140186,0.5384615384615384,0.05491862926068242,0.027943209696769344,0.09090909090909091,0.009652509652509652,0.18,0.08623437732612789,0.04117430161004451,0.06896551724137931,0.016474464579901156,0.2465753424657534
networkiconomi,5.0,5.0,0.25,0.22054192905194142,0.09689308686087136,0.2,0.05673758865248227,0.6153846153846154,0.05629461626312032,0.030144816386352982,0.09090909090909091,0.013333333333333334,0.23529411764705882,0.08823781322416736,0.04369404673463394,0.09090909090909091,0.021592442645074223,0.28571428571428575
networkiconomi,5.0,5.0,0.5,0.22607671038797103,0.09928421392285344,0.2,0.06451612903225806,0.5714285714285714,0.05749849484787747,0.02967858914058423,0.09090909090909091,0.014010507880910683,0.2,0.09023847766019208,0.04363354809003364,0.06451612903225806,0.025454545454545455,0.28571428571428575
networkiconomi,5.0,5.0,0.75,0.23185101520236148,0.10106700053109803,0.2,0.06451612903225806,0.6153846153846154,0.05908788430002146,0.03107363243396023,0.045454545454545456,0.014010507880910683,0.22857142857142856,0.09269230526508587,0.045463061482162864,0.08695652173913043,0.02680067001675042,0.32653061224489793
networkiconomi,5.0,5.0,1.0,0.23678150935591924,0.10373812187633297,0.25,0.07317073170731707,0.6153846153846154,0.060504044002995576,0.03243833501137083,0.041666666666666664,0.014957264957264958,0.2,0.0948237014883416,0.047197755507883674,0.06896551724137931,0.025454545454545455,0.28571428571428575
networkiconomi,5.0,5.0,2.0,0.2585750892625868,0.11265394967173091,0.2,0.06451612903225806,0.6153846153846154,0.06562533368960514,0.033776047623191585,0.07692307692307693,0.017513134851138354,0.22,0.10306113614005767,0.04967295182477417,0.18181818181818182,0.030534351145038167,0.3111111111111111
networkiconomi,5.0,5.0,3.0,0.2787612973508965,0.11715614096842376,0.25,0.08658008658008658,0.6923076923076923,0.07123636685120627,0.03658479162420923,0.09090909090909091,0.017374517374517374,0.2,0.11170123678522605,0.053365246278052635,0.08695652173913043,0.02965403624382208,0.28571428571428575
networkiconomi,5.0,5.0,5.0,0.31862839181284974,0.12764719362219368,0.3333333333333333,0.08,0.8461538461538461,0.08115468114745458,0.04037943899726715,0.045454545454545456,0.017857142857142856,0.28,0.1273592106066751,0.05864089513882089,0.13333333333333333,0.029197080291970802,0.3835616438356165
