dataset,decay_factor,alpha,beta,mean_precision,std_precision,mode_precision,min_precision,max_precision,mean_recall,std_recall,mode_recall,min_recall,max_recall,mean_f1,std_f1,mode_f1,min_f1,max_f1
networkcentra,0,0,0.1,0.06266991579194725,0.05349787357544238,0.0,0.0,0.3230769230769231,0.016686810591778005,0.017622834013658398,0.0,0.0,0.16342412451361868,0.025748104804200322,0.025145918084663585,0.0,0.0,0.21705426356589147
networkcentra,0,0,0.25,0.06666231986235775,0.05398903580125053,0.0,0.0,0.3157894736842105,0.01843207783348098,0.018430600744789083,0.0,0.0,0.15369649805447472,0.028272504152408572,0.026373761723613755,0.0,0.0,0.20413436692506462
networkcentra,0,0,0.5,0.07477273361875998,0.056112630081259426,0.0,0.0,0.28076923076923077,0.020269228401957322,0.0191086601497429,0.0,0.0,0.14202334630350194,0.031230518788338008,0.02739184174925011,0.0,0.0,0.18863049095607234
networkcentra,0,0,0.75,0.09084122521520786,0.05991516994706342,0.0,0.0,0.2823529411764706,0.024311752707663357,0.020378402873768492,0.0,0.0,0.14007782101167315,0.037562490683183104,0.029486439058045502,0.0,0.0,0.18604651162790697
networkcentra,0,0,1.0,0.0992452712794294,0.06602098758277707,0.0,0.0,0.38823529411764707,0.026538619513331,0.022090179941974347,0.0,0.0,0.1546692607003891,0.041046047053130114,0.03186406581842681,0.0,0.0,0.2054263565891473
networkcentra,0,0,2.0,0.18259291057486995,0.10639139679682157,0.0,0.0,0.6363636363636364,0.04856737010398434,0.03601499355419611,0.0,0.0,0.25925925925925924,0.07540687661883763,0.05279926618707329,0.0,0.0,0.368421052631579
networkcentra,0,0,3.0,0.2608484915817011,0.12717849813919724,0.1875,0.0,0.6111111111111112,0.06730791212388747,0.040910388240492285,0.05263157894736842,0.0,0.23214285714285715,0.1051641383873166,0.060399627921341646,0.06896551724137931,0.0,0.30952380952380953
networkcentra,0,0,5.0,0.3319124464933882,0.15129105347662453,0.5,0.0,0.8181818181818182,0.0845000958209608,0.04867734736256783,0.07692307692307693,0.0,0.3333333333333333,0.13225097289602794,0.07166836991758581,0.0,0.0,0.4736842105263157
networkcentra,0,0.1,0,0.06295837653877376,0.052708923205337245,0.0,0.0,0.3076923076923077,0.01727320903710017,0.01834900784066664,0.0,0.0,0.14980544747081712,0.026512859032396124,0.026151102370145247,0.0,0.0,0.19896640826873388
networkcentra,0,0.1,0.1,0.06567032350012332,0.052046061272773746,0.0,0.0,0.3384615384615385,0.018044332038798173,0.01842198791147704,0.0,0.0,0.17120622568093385,0.027679292748597033,0.025957519081459223,0.0,0.0,0.227390180878553
networkcentra,0,0.1,0.25,0.0686081537446659,0.05778330275911859,0.0,0.0,0.391304347826087,0.01868488140395351,0.020325186451921298,0.0,0.0,0.16363636363636364,0.02870474418590498,0.028944186494533227,0.0,0.0,0.23076923076923078
networkcentra,0,0.1,0.5,0.07849260279196119,0.05493725512186696,0.0,0.0,0.3411764705882353,0.020638463478576917,0.01776427565494475,0.0,0.0,0.14105058365758755,0.031938024780728116,0.02550897551948746,0.0,0.0,0.18733850129198965
networkcentra,0,0.1,0.75,0.09891475021411394,0.0655059281237075,0.0,0.0,0.3333333333333333,0.02657217573373483,0.02234033042013831,0.0,0.0,0.1566147859922179,0.04101480624791446,0.0319951346499481,0.0,0.0,0.20801033591731266
networkcentra,0,0.1,1.0,0.09972946009495859,0.06684885519706431,0.0,0.0,0.34782608695652173,0.02675912588679027,0.022510462581533625,0.0,0.0,0.1614785992217899,0.041341974863353934,0.03237871239110843,0.0,0.0,0.2144702842377261
networkcentra,0,0.1,2.0,0.18805661320212605,0.10416025833098186,0.0,0.0,0.5357142857142857,0.04958005579331271,0.03482222770459851,0.0,0.0,0.18518518518518517,0.07702927919767766,0.051012481537945166,0.0,0.0,0.2631578947368421
networkcentra,0,0.1,3.0,0.2727269327682898,0.13152967413558794,0.5,0.0,0.631578947368421,0.06999714750582774,0.04219611913326591,0.0,0.0,0.23076923076923078,0.1093990492648668,0.06222294601566092,0.0,0.0,0.33802816901408445
networkcentra,0,0.1,5.0,0.3318972332155789,0.1533028165572578,0.5,0.0,0.7777777777777778,0.08408529054845293,0.04824304579759843,0.07142857142857142,0.0,0.2962962962962963,0.13170730145066442,0.07117534621696066,0.0,0.0,0.42105263157894735
networkcentra,0,0.25,0,0.07029030463589334,0.05548664988650787,0.0,0.0,0.3192307692307692,0.019183491805313996,0.019450311857691763,0.0,0.0,0.1614785992217899,0.029464149942665985,0.027633985883046778,0.0,0.0,0.2144702842377261
networkcentra,0,0.25,0.1,0.06791041239083254,0.055058044227603645,0.0,0.0,0.3057692307692308,0.01852934032587523,0.018658265954221792,0.0,0.0,0.1546692607003891,0.02854046625123815,0.026731431791332225,0.0,0.0,0.2054263565891473
networkcentra,0,0.25,0.25,0.07495591900000165,0.05696371698660111,0.0,0.0,0.34782608695652173,0.020255075742594903,0.018872668193883096,0.0,0.0,0.14545454545454545,0.031212170510514475,0.02705541108870177,0.0,0.0,0.20512820512820512
networkcentra,0,0.25,0.5,0.0885451784194546,0.06105629716652632,0.0,0.0,0.2980769230769231,0.023579084317490825,0.02043636832178382,0.0,0.0,0.1507782101167315,0.03649804186942002,0.029429264186308236,0.0,0.0,0.20025839793281655
networkcentra,0,0.25,0.75,0.10097269677416117,0.0617846001813388,0.0,0.0,0.3176470588235294,0.02675150781987194,0.021160822325593392,0.0,0.0,0.1556420233463035,0.04140785945563053,0.030322332412500336,0.0,0.0,0.20671834625323
networkcentra,0,0.25,1.0,0.11468695002524887,0.07100218933284143,0.0,0.0,0.3333333333333333,0.030220773766952917,0.022855532768740684,0.0,0.0,0.16536964980544747,0.04693010993289147,0.03323026801221173,0.0,0.0,0.21963824289405684
networkcentra,0,0.25,2.0,0.20589933524766799,0.10675916733305305,0.1,0.0,0.5555555555555556,0.05428080567480973,0.03632260054417867,0.05263157894736842,0.0,0.18518518518518517,0.08443248472121198,0.05327107237955105,0.0,0.0,0.2631578947368421
networkcentra,0,0.25,3.0,0.28139523603268063,0.13100851620207335,0.3333333333333333,0.058823529411764705,0.6666666666666666,0.07194416506815934,0.041734379471238855,0.07142857142857142,0.007957559681697613,0.21428571428571427,0.11256133576083295,0.061862217238760536,0.04810996563573883,0.014598540145985403,0.30136986301369867
networkcentra,0,0.25,5.0,0.3345033706658763,0.15233790034796646,0.25,0.0,0.8181818181818182,0.08509767816002449,0.04857154374148441,0.16666666666666666,0.0,0.3333333333333333,0.13317564221754763,0.07141344151632253,0.13793103448275862,0.0,0.4736842105263157
networkcentra,0,0.5,0,0.08066413085209402,0.0566100149657499,0.0,0.0,0.3181818181818182,0.021322391870862625,0.018647807095553314,0.0,0.0,0.1507782101167315,0.033012449369822394,0.026840431067564865,0.0,0.0,0.20025839793281655
networkcentra,0,0.5,0.1,0.0773530123179677,0.05351599857419329,0.0,0.0,0.3157894736842105,0.02056069050854772,0.01841695282569876,0.0,0.0,0.14494163424124515,0.03178748269744962,0.026387139873233448,0.0,0.0,0.19250645994832039
networkcentra,0,0.5,0.25,0.08656068480306325,0.06227691443460724,0.0,0.0,0.3058823529411765,0.023226454559607458,0.02033063185407967,0.0,0.0,0.14785992217898833,0.03592232716064254,0.029418681173285693,0.0,0.0,0.1963824289405685
networkcentra,0,0.5,0.5,0.10378871193765392,0.06316292088256936,0.0,0.0,0.3684210526315789,0.027683224843352654,0.02231114373062024,0.0,0.0,0.14591439688715954,0.04282084196033957,0.03206468799283907,0.0,0.0,0.19379844961240308
networkcentra,0,0.5,0.75,0.11804423692437697,0.06445337361939585,0.0,0.0,0.34615384615384615,0.031063901071636535,0.0223730916242923,0.0,0.0,0.1605058365758755,0.048220827811201815,0.03227199269352895,0.0,0.0,0.21317829457364343
networkcentra,0,0.5,1.0,0.14039371644781617,0.0756461891334889,0.07692307692307693,0.0,0.4166666666666667,0.036668260243814574,0.025061322169430106,0.02040816326530612,0.0,0.14545454545454545,0.05703467251219539,0.036580974800294944,0.02666666666666667,0.0,0.20512820512820512
networkcentra,0,0.5,2.0,0.22709017823909983,0.11303116564112614,0.2,0.0,0.5555555555555556,0.058774412048055544,0.03723646160542419,0.0,0.0,0.19642857142857142,0.0917013083669892,0.054576981880333095,0.0,0.0,0.28169014084507044
networkcentra,0,0.5,3.0,0.28675177560715404,0.13865638975976086,0.5,0.0,0.7142857142857143,0.07327886167833329,0.043276301970538875,0.0,0.0,0.2222222222222222,0.11458904997733972,0.06391736205147969,0.0,0.0,0.3157894736842105
networkcentra,0,0.5,5.0,0.33867033998621443,0.15336262953484858,0.2857142857142857,0.0,0.8125,0.08579019422365777,0.04878517726513417,0.07692307692307693,0.0,0.2962962962962963,0.1343421215596532,0.07169702586205544,0.14285714285714285,0.0,0.42105263157894735
networkcentra,0,0.75,0,0.09366240294211246,0.05639970529204093,0.0,0.0,0.3,0.024559565941470532,0.018942593650136026,0.0,0.0,0.14688715953307394,0.03812224056371244,0.027296681046923104,0.0,0.0,0.1950904392764858
networkcentra,0,0.75,0.1,0.0947069069064143,0.060452205450613604,0.0,0.0,0.3058823529411765,0.024632181978821405,0.019630475117022848,0.0,0.0,0.14105058365758755,0.0382476647729853,0.02843520171634708,0.0,0.0,0.18733850129198965
networkcentra,0,0.75,0.25,0.1052640165828897,0.06346843129403247,0.0,0.0,0.36470588235294116,0.027505061196892888,0.021075802841499756,0.0,0.0,0.16926070038910507,0.04267938241758609,0.030325909187044815,0.0,0.0,0.2248062015503876
networkcentra,0,0.75,0.5,0.1211002531268581,0.06363925942064118,0.1,0.0,0.32941176470588235,0.03188062417873385,0.022061320761058302,0.0,0.0,0.14007782101167315,0.049482891166417534,0.03172035297596483,0.0,0.0,0.18604651162790697
networkcentra,0,0.75,0.75,0.13666532042618512,0.0731156717707055,0.15384615384615385,0.0,0.42857142857142855,0.035663403162677125,0.02439379902503167,0.0,0.0,0.1605058365758755,0.05544401698570137,0.035357991220117874,0.0,0.0,0.21317829457364343
networkcentra,0,0.75,1.0,0.16462664939155464,0.07965039521601318,0.25,0.0,0.42857142857142855,0.042846779973717074,0.027162744326658803,0.04081632653061224,0.0,0.16363636363636364,0.06669102186540263,0.0393161821582651,0.0,0.0,0.23076923076923078
networkcentra,0,0.75,2.0,0.2440590544449293,0.11272466984440102,0.3333333333333333,0.02631578947368421,0.5555555555555556,0.0629382222860053,0.03745789070902319,0.1111111111111111,0.0017574692442882249,0.20909090909090908,0.09819719593485746,0.05455574213997242,0.13793103448275862,0.0032948929159802303,0.2948717948717948
networkcentra,0,0.75,3.0,0.28850473509576474,0.1354754381913594,0.2857142857142857,0.0,0.6666666666666666,0.07362568059325886,0.04342660281280007,0.12037037037037036,0.0,0.2222222222222222,0.1151999001688985,0.06406840859923317,0.18181818181818182,0.0,0.3157894736842105
networkcentra,0,0.75,5.0,0.3414461596415159,0.15569516721758295,0.5,0.0,0.7333333333333333,0.0865634312050592,0.04951251279646693,0.08163265306122448,0.0,0.2962962962962963,0.1355841677684765,0.07302283725206596,0.07692307692307693,0.0,0.42105263157894735
networkcentra,0,1.0,0,0.11135102297450368,0.05883652010153111,0.0,0.0,0.3,0.02909798220661516,0.019854955109687083,0.0,0.0,0.14396887159533073,0.04519620161273516,0.028487358497948933,0.0,0.0,0.19121447028423771
networkcentra,0,1.0,0.1,0.12264676391322811,0.06192720414327158,0.0625,0.0,0.35,0.03193303637963351,0.02110325884546624,0.01020408163265306,0.0,0.1303501945525292,0.04967362735536428,0.030482603717598304,0.07142857142857142,0.0,0.1794871794871795
networkcentra,0,1.0,0.25,0.13278154778073026,0.0655444846475685,0.14285714285714285,0.0,0.3333333333333333,0.03469628563532062,0.02267299223124304,0.02040816326530612,0.0,0.1605058365758755,0.05394810289439522,0.032759776514121035,0.0,0.0,0.21317829457364343
networkcentra,0,1.0,0.5,0.1483353608255381,0.0712500938770022,0.14285714285714285,0.0,0.38095238095238093,0.038291630699431506,0.023839877203189065,0.03571428571428571,0.0,0.16342412451361868,0.0596762233907762,0.03439984758773559,0.0,0.0,0.21705426356589147
networkcentra,0,1.0,0.75,0.1643675972717646,0.07500968137953476,0.14285714285714285,0.0,0.391304347826087,0.04236143053781127,0.025764069051474648,0.03571428571428571,0.0,0.16363636363636364,0.0660435079095707,0.0371682100236322,0.06451612903225806,0.0,0.23076923076923078
networkcentra,0,1.0,1.0,0.18611168529565197,0.09016355734978557,0.2,0.0,0.5714285714285714,0.047510716192303036,0.027969678072899407,0.05555555555555555,0.0,0.16363636363636364,0.07425674676108146,0.04109934328523809,0.0,0.0,0.23076923076923078
networkcentra,0,1.0,2.0,0.253408219013707,0.11665093513724234,0.25,0.05263157894736842,0.5555555555555556,0.0651768725623109,0.03894688668262885,0.1111111111111111,0.0035149384885764497,0.2222222222222222,0.10173224414805156,0.0568902885867779,0.06451612903225806,0.0065897858319604605,0.3157894736842105
networkcentra,0,1.0,3.0,0.3007008216716493,0.13653024498699262,0.5,0.0,0.75,0.07677056643489444,0.04443319858882865,0.07692307692307693,0.0,0.23214285714285715,0.12005438639060266,0.06519203991996302,0.08955223880597014,0.0,0.3287671232876712
networkcentra,0,1.0,5.0,0.342488748690128,0.1533884566034579,0.5,0.07518796992481203,0.75,0.08691285747152733,0.04827329057630931,0.05263157894736842,0.010279001468428781,0.2962962962962963,0.1360517552844183,0.07107120499488565,0.09523809523809525,0.019193857965451058,0.42105263157894735
networkcentra,0,2.0,0,0.17640131524406377,0.07908787932124836,0.125,0.02040816326530612,0.4375,0.04467126092469289,0.024722420321180057,0.02040816326530612,0.002347417840375587,0.14591439688715954,0.06990779608557242,0.03630374776914777,0.04,0.0042105263157894745,0.19379844961240308
networkcentra,0,2.0,0.1,0.1864774768861356,0.08225154885422821,0.2,0.025210084033613446,0.5,0.047300482051960614,0.026678458368905106,0.07142857142857142,0.0035149384885764497,0.18181818181818182,0.07396739179446653,0.03869282492299881,0.09523809523809523,0.006349206349206349,0.25000000000000006
networkcentra,0,2.0,0.25,0.19157866368682802,0.08830172606337888,0.14285714285714285,0.0,0.5,0.04825243922590381,0.027044198465841083,0.03571428571428571,0.0,0.1575875486381323,0.07552291340764257,0.0396278372986372,0.07142857142857142,0.0,0.22222222222222224
networkcentra,0,2.0,0.5,0.20031998826240113,0.08882599241219995,0.21052631578947367,0.0,0.5384615384615384,0.05070716658391669,0.027737992024783848,0.03571428571428571,0.0,0.14591439688715954,0.07936395636368396,0.04065312762463345,0.06349206349206349,0.0,0.20618556701030927
networkcentra,0,2.0,0.75,0.21149592776051584,0.09679795057638674,0.2857142857142857,0.0,0.5714285714285714,0.05335340751801422,0.02969354457099226,0.05263157894736842,0.0,0.16363636363636364,0.08358539758696862,0.04365749345739992,0.07407407407407407,0.0,0.24657534246575344
networkcentra,0,2.0,1.0,0.22639193103634506,0.10660474626745152,0.3333333333333333,0.0,0.5263157894736842,0.0572858961873888,0.032763759485972196,0.02040816326530612,0.0,0.18518518518518517,0.08970926215110309,0.048225059218500566,0.07692307692307693,0.0,0.273972602739726
networkcentra,0,2.0,2.0,0.2675630082543334,0.12679684504983382,0.25,0.0,0.6363636363636364,0.06863149510491261,0.041992418642798686,0.041666666666666664,0.0,0.25925925925925924,0.10720295705773894,0.06145584449444268,0.07142857142857142,0.0,0.368421052631579
networkcentra,0,2.0,3.0,0.310555957787261,0.139921639481407,0.5,0.075,0.6875,0.07900774342329889,0.04481876533234711,0.07692307692307693,0.006172839506172839,0.25925925925925924,0.12365768120293569,0.06597165493227332,0.14285714285714285,0.011406844106463879,0.368421052631579
networkcentra,0,2.0,5.0,0.3475399597307835,0.15196062365910176,0.2857142857142857,0.07692307692307693,0.8181818181818182,0.08847296203740487,0.04907182623556201,0.07142857142857142,0.008064516129032258,0.3333333333333333,0.13845919265065515,0.0721166236954438,0.13793103448275862,0.014598540145985403,0.4736842105263157
networkcentra,0,3.0,0,0.2072514065048982,0.09550100392289336,0.14285714285714285,0.046875,0.5714285714285714,0.0524458628420079,0.029414003244182405,0.043478260869565216,0.0035149384885764497,0.1590909090909091,0.08209824953103972,0.04330429577890639,0.16666666666666666,0.0065897858319604605,0.22950819672131148
networkcentra,0,3.0,0.1,0.21008629363005843,0.09504815756344928,0.25,0.0,0.5,0.052941166093809215,0.028797341544702548,0.027777777777777776,0.0,0.14980544747081712,0.08297351585341176,0.04258377559925997,0.07407407407407407,0.0,0.21052631578947367
networkcentra,0,3.0,0.25,0.2138568428369487,0.0936545390971929,0.13636363636363635,0.04081632653061224,0.5714285714285714,0.054267076554637944,0.02946963743305019,0.1111111111111111,0.0035149384885764497,0.14814814814814814,0.08492140718266453,0.04315910549021247,0.09333333333333334,0.0065897858319604605,0.21359223300970873
networkcentra,0,3.0,0.5,0.2220368046401551,0.09498491997769137,0.25,0.03361344537815126,0.5217391304347826,0.05627912841925058,0.030201268140339965,0.07142857142857142,0.0035149384885764497,0.15,0.0880800949539418,0.04419975692521513,0.05970149253731343,0.0065897858319604605,0.23300970873786406
networkcentra,0,3.0,0.75,0.23191972417857776,0.1038962084460004,0.2,0.02631578947368421,0.5714285714285714,0.05878946387875803,0.032460323420014404,0.061224489795918366,0.0017574692442882249,0.1746031746031746,0.092010848909938,0.047692873338136876,0.13333333333333333,0.0032948929159802303,0.2619047619047619
networkcentra,0,3.0,1.0,0.24892005038739598,0.11412220412679788,0.16666666666666666,0.0,0.6153846153846154,0.06273274648485778,0.035462162319682904,0.03333333333333333,0.0,0.19047619047619047,0.09831731494557559,0.05249885814279846,0.09333333333333334,0.0,0.2857142857142857
networkcentra,0,3.0,2.0,0.27961168341603226,0.1263322318642238,0.25,0.0375,0.6923076923076923,0.07152561952917563,0.04086344534791397,0.043478260869565216,0.004032258064516129,0.2222222222222222,0.11181629756975506,0.06001227549086999,0.07407407407407407,0.007281553398058251,0.3157894736842105
networkcentra,0,3.0,3.0,0.31148087281656595,0.14003741425826524,0.5,0.06976744186046512,0.7777777777777778,0.07915782393647888,0.04477308913762396,0.047619047619047616,0.008787346221441126,0.23333333333333334,0.12395139639563806,0.06612206387919851,0.08695652173913043,0.016474464579901156,0.35897435897435903
networkcentra,0,3.0,5.0,0.34724743464965857,0.15081893510532074,0.25,0.09022556390977443,0.7777777777777778,0.08805675418617995,0.04817012232398378,0.07142857142857142,0.009177679882525698,0.2962962962962963,0.13790667258191971,0.07094363830689426,0.13333333333333333,0.0177999288002848,0.42105263157894735
networkcentra,0,5.0,0,0.21841837349887783,0.11008978267390213,0.5,0.009708737864077669,0.5555555555555556,0.055762456726047745,0.032978205153940295,0.05555555555555555,0.001017293997965412,0.16666666666666666,0.0872042971686183,0.048896036396771106,0.056074766355140186,0.0018416206261510125,0.2564102564102564
networkcentra,0,5.0,0.1,0.22463824446413205,0.11165055241100534,0.2,0.025,0.6,0.05741379291288476,0.03358213833518767,0.05263157894736842,0.0017574692442882249,0.17307692307692307,0.08977118349805054,0.04981678765298484,0.0816326530612245,0.0032948929159802303,0.2535211267605634
networkcentra,0,5.0,0.25,0.22675077795176266,0.11468189092533991,0.2,0.025,0.5769230769230769,0.05785303174532061,0.03458248432379016,0.03571428571428571,0.00205761316872428,0.18518518518518517,0.09049531509002623,0.05138756170113868,0.0816326530612245,0.0038022813688212928,0.2631578947368421
networkcentra,0,5.0,0.5,0.2349190286938717,0.11896330235560909,0.2,0.019417475728155338,0.6428571428571429,0.059994806525493105,0.03538310418918329,0.06329113924050633,0.002034587995930824,0.1746031746031746,0.09385009756248132,0.05260313927209081,0.14285714285714285,0.003683241252302025,0.2619047619047619
networkcentra,0,5.0,0.75,0.24402758654970477,0.12348311359965859,0.25,0.025,0.6111111111111112,0.06247789286802895,0.03779286404478531,0.08333333333333333,0.00205761316872428,0.20454545454545456,0.09769069499573405,0.055982287140338684,0.13333333333333333,0.0038022813688212928,0.29508196721311475
networkcentra,0,5.0,1.0,0.24445135730967799,0.12035502623175091,0.4,0.019417475728155338,0.5625,0.06250891951928089,0.03692694343100508,0.05,0.002034587995930824,0.17307692307692307,0.09773248523781203,0.05473263509056126,0.10526315789473684,0.003683241252302025,0.2564102564102564
networkcentra,0,5.0,2.0,0.2720505573061542,0.13864055328272037,0.5,0.025,0.6956521739130435,0.06978456303079758,0.041972982855137946,0.07692307692307693,0.00205761316872428,0.2222222222222222,0.10907164979970382,0.0622579159103929,0.13793103448275862,0.0038022813688212928,0.3368421052631579
networkcentra,0,5.0,3.0,0.2954066905948447,0.14779052396975798,0.1875,0.025210084033613446,0.7222222222222222,0.07566575364545303,0.04487027759381454,0.07692307692307693,0.0017574692442882249,0.2222222222222222,0.1183945357630727,0.0668711319250245,0.0759493670886076,0.0032948929159802303,0.3333333333333333
networkcentra,0,5.0,5.0,0.3328492080855076,0.15694514806585494,0.3333333333333333,0.02912621359223301,0.7222222222222222,0.08522420277911703,0.04833942115663832,0.041666666666666664,0.003051881993896236,0.25925925925925924,0.133317828754888,0.07162560062118879,0.125,0.0055248618784530384,0.368421052631579
networkcentra,0.1,0,0,0.14514793373504614,0.07887230747887562,0.14285714285714285,0.0,0.41304347826086957,0.03861915570572415,0.028746413545752254,0.0,0.0,0.193579766536965,0.059775266318905,0.040876255535900165,0.0,0.0,0.25710594315245483
networkcentra,0.1,0,0.1,0.14640028982771322,0.07593755209360903,0.0,0.0,0.40576923076923077,0.03918678425203768,0.027877300766047112,0.0,0.0,0.20525291828793774,0.060663419144765474,0.03961973696063467,0.0,0.0,0.272609819121447
networkcentra,0.1,0,0.25,0.16010328683034464,0.08567320051165994,0.0,0.0,0.42857142857142855,0.043052134031571085,0.031618326535467194,0.0,0.0,0.20719844357976655,0.06656946976270951,0.045056813006639176,0.0,0.0,0.2751937984496124
networkcentra,0.1,0,0.5,0.17494283289792167,0.0908746558590726,0.14285714285714285,0.0,0.4523809523809524,0.04647440403831976,0.03339938561525905,0.0,0.0,0.21428571428571427,0.07200933576443067,0.04768346759328672,0.0,0.0,0.2857142857142857
networkcentra,0.1,0,0.75,0.20396762224290713,0.09810976243230471,0.25,0.0,0.5,0.05373518765543065,0.035155388219254936,0.0,0.0,0.21428571428571427,0.08344977158234282,0.05040285111559553,0.0,0.0,0.2857142857142857
networkcentra,0.1,0,1.0,0.21818563164521873,0.10928216178705204,0.25,0.0,0.55,0.05773923550389595,0.038620184636618184,0.0,0.0,0.23214285714285715,0.0896172391760529,0.055668095836465085,0.0,0.0,0.30952380952380953
networkcentra,0.1,0,2.0,0.30005022694755407,0.1372979502143456,0.5,0.0,0.6923076923076923,0.07791968985706023,0.04709878708310268,0.0,0.0,0.25925925925925924,0.12150440868718511,0.06866915901474203,0.0,0.0,0.368421052631579
networkcentra,0.1,0,3.0,0.3266348386884289,0.13898942758592267,0.2727272727272727,0.0,0.7272727272727273,0.08363312481890985,0.04856011162655695,0.061224489795918366,0.0,0.30357142857142855,0.1306925108396158,0.07040640705112725,0.125,0.0,0.42105263157894735
networkcentra,0.1,0,5.0,0.34132115530566387,0.15109707608428,0.5,0.0,0.8181818181818182,0.08735459593006607,0.050916168396511204,0.12244897959183673,0.0,0.3333333333333333,0.1365158572818645,0.0740946463138397,0.0,0.0,0.4736842105263157
networkcentra,0.1,0.1,0,0.14884605356728595,0.08318834069436988,0.0,0.0,0.4115384615384615,0.03986841367598738,0.030919383610235874,0.0,0.0,0.20817120622568094,0.06163402882517106,0.04372651526315929,0.0,0.0,0.27648578811369506
networkcentra,0.1,0.1,0.1,0.15599515875166364,0.08732368004902866,0.0,0.0,0.4444444444444444,0.04212800472682392,0.03269379240389192,0.0,0.0,0.20525291828793774,0.06507771534003394,0.04646411972418945,0.0,0.0,0.272609819121447
networkcentra,0.1,0.1,0.25,0.16153365347727544,0.07960162465809095,0.14285714285714285,0.0,0.41304347826086957,0.04309314204254392,0.029675219367054462,0.0,0.0,0.20525291828793774,0.06675128481424196,0.04201280075056563,0.0,0.0,0.272609819121447
networkcentra,0.1,0.1,0.5,0.18443522260886797,0.09563027478964731,0.0,0.0,0.5454545454545454,0.04959211721445638,0.03548145955951019,0.0,0.0,0.2222222222222222,0.07672231827229663,0.050874016038139167,0.0,0.0,0.3157894736842105
networkcentra,0.1,0.1,0.75,0.20647535617454243,0.09407476084455531,0.2,0.0,0.45,0.05402754825873971,0.03373604690481915,0.0,0.0,0.20719844357976655,0.08401739668052471,0.048297521931451724,0.0,0.0,0.2751937984496124
networkcentra,0.1,0.1,1.0,0.22899154258467183,0.10828735826304614,0.16666666666666666,0.0,0.5625,0.06033144750268849,0.03789969481531257,0.0,0.0,0.20330739299610895,0.09377443202271167,0.05487292698639143,0.0,0.0,0.27002583979328165
networkcentra,0.1,0.1,2.0,0.29894989901362723,0.12782534644239066,0.25,0.0,0.6111111111111112,0.07722038963700524,0.04480874536610566,0.0,0.0,0.25,0.12050010841561865,0.06513932862822404,0.0,0.0,0.3333333333333333
networkcentra,0.1,0.1,3.0,0.32938556325919854,0.1481676681366761,0.25,0.0,0.8181818181818182,0.08451245627623681,0.05042407174334449,0.043478260869565216,0.0,0.3333333333333333,0.13200530870833735,0.0732352768464962,0.14285714285714285,0.0,0.4736842105263157
networkcentra,0.1,0.1,5.0,0.34335281206648144,0.14692734812328467,0.5,0.0,0.7333333333333333,0.0873870666951341,0.04875347588271088,0.0,0.0,0.2962962962962963,0.1367119398497645,0.07100315422086646,0.15789473684210525,0.0,0.42105263157894735
networkcentra,0.1,0.25,0,0.15955982112098605,0.07869356237775191,0.15384615384615385,0.0,0.391304347826087,0.04226289402913248,0.029346861045384753,0.0,0.0,0.19747081712062256,0.06551798288519034,0.041508324944110726,0.0,0.0,0.2622739018087855
networkcentra,0.1,0.25,0.1,0.17138611977180307,0.08204952456561126,0.25,0.0,0.4375,0.045557192213130884,0.03054291096677038,0.0,0.0,0.20817120622568094,0.07061836152999854,0.04352665032708334,0.0,0.0,0.27648578811369506
networkcentra,0.1,0.25,0.25,0.18029381261579944,0.0880572699605666,0.16666666666666666,0.0,0.42115384615384616,0.04771338492223951,0.03251117381785421,0.0,0.0,0.2130350194552529,0.07401532561793667,0.04633419694876202,0.0,0.0,0.28294573643410853
networkcentra,0.1,0.25,0.5,0.20764884434995098,0.09425647917374241,0.2,0.0,0.48148148148148145,0.05468436598835084,0.035010201887894006,0.0,0.0,0.20719844357976655,0.0849079735694867,0.049958470777076096,0.0,0.0,0.2751937984496124
networkcentra,0.1,0.25,0.75,0.21840111229047898,0.09729719882058849,0.25,0.0,0.48148148148148145,0.057629300627691595,0.03588178337022087,0.0,0.0,0.21108949416342412,0.08954515232778533,0.05150051893290158,0.0,0.0,0.2803617571059432
networkcentra,0.1,0.25,1.0,0.24256838828911545,0.10766033600086061,0.25,0.0,0.5454545454545454,0.06358701935006053,0.03931114556321167,0.07692307692307693,0.0,0.2222222222222222,0.09890285889288074,0.0564832117726275,0.034482758620689655,0.0,0.3157894736842105
networkcentra,0.1,0.25,2.0,0.30638992590649106,0.12678436582067257,0.5,0.0,0.6363636363636364,0.07876395919016167,0.04398040792527033,0.07692307692307693,0.0,0.25925925925925924,0.12302816141425399,0.06374752861739276,0.0,0.0,0.368421052631579
networkcentra,0.1,0.25,3.0,0.3286316658301443,0.14400361533606434,0.5,0.0,0.7272727272727273,0.08436316714173542,0.04873384224803969,0.07692307692307693,0.0,0.30357142857142855,0.13179473640623893,0.070913790371641,0.0,0.0,0.42105263157894735
networkcentra,0.1,0.25,5.0,0.3440697959480814,0.1464714651094538,0.25,0.0,0.7272727272727273,0.08787595153337306,0.049457206036674896,0.11428571428571428,0.0,0.30357142857142855,0.137369842127467,0.07185311626760942,0.12903225806451613,0.0,0.42105263157894735
networkcentra,0.1,0.5,0,0.18300019335374845,0.08750300994501209,0.2,0.0,0.46153846153846156,0.04901734098502493,0.03343268056545371,0.02040816326530612,0.0,0.20136186770428016,0.07587290575646864,0.04748524116586687,0.0,0.0,0.2692307692307692
networkcentra,0.1,0.5,0.1,0.19301203659183588,0.0853212832280909,0.2,0.0,0.5,0.05050772737467033,0.03239076667723166,0.0,0.0,0.21595330739299612,0.07853103528602952,0.04611711326132144,0.0,0.0,0.28682170542635665
networkcentra,0.1,0.5,0.25,0.1978581498486041,0.09071395977822977,0.14285714285714285,0.0,0.46153846153846156,0.05189875001709917,0.03367858577024965,0.020833333333333332,0.0,0.21428571428571427,0.0806085467983977,0.04793458010706366,0.0,0.0,0.2857142857142857
networkcentra,0.1,0.5,0.5,0.22662177998063604,0.09531807078024908,0.25,0.0,0.5,0.059342815584665275,0.03567277867658149,0.02040816326530612,0.0,0.20622568093385213,0.09228953580281062,0.05099547300637765,0.0625,0.0,0.27390180878552967
networkcentra,0.1,0.5,0.75,0.2463453952842786,0.10286317080884458,0.2,0.0,0.5625,0.06378934534231649,0.036521979766920974,0.07142857142857142,0.0,0.19642857142857142,0.09946944300975198,0.05271592577741036,0.0,0.0,0.26190476190476186
networkcentra,0.1,0.5,1.0,0.254124998349044,0.106898149123263,0.25,0.0,0.5555555555555556,0.0662305955873448,0.03874480356698538,0.043478260869565216,0.0,0.19552529182879377,0.10314599987479295,0.0556974947936255,0.0,0.0,0.273972602739726
networkcentra,0.1,0.5,2.0,0.30928213517441944,0.1346456212144765,0.2857142857142857,0.0,0.6666666666666666,0.07949766064610207,0.04609517787026389,0.054945054945054944,0.0,0.2857142857142857,0.12411619800425878,0.06687379075789304,0.2,0.0,0.38095238095238093
networkcentra,0.1,0.5,3.0,0.3332850193262743,0.141531464168839,0.5,0.0,0.7692307692307693,0.08500755205412454,0.04810559750281126,0.054945054945054944,0.0,0.2962962962962963,0.13292935754667815,0.06981324637530692,0.07560137457044673,0.0,0.42105263157894735
networkcentra,0.1,0.5,5.0,0.3443249242194368,0.14643007220146204,0.5,0.0,0.8181818181818182,0.0878788325538907,0.04966084916843717,0.07142857142857142,0.0,0.3333333333333333,0.13743282161592196,0.07223953372242993,0.13793103448275862,0.0,0.4736842105263157
networkcentra,0.1,0.75,0,0.2079442081879204,0.08955270229284915,0.2,0.0,0.4782608695652174,0.054857281454503665,0.03520960384819827,0.07407407407407407,0.0,0.21428571428571427,0.08513177769430708,0.04973340822904865,0.07228915662650602,0.0,0.2857142857142857
networkcentra,0.1,0.75,0.1,0.21226592758846338,0.08355001002959746,0.2,0.0,0.48148148148148145,0.055425949602188794,0.032791429742998424,0.1111111111111111,0.0,0.20914396887159534,0.08622018989680742,0.046432262686224746,0.05517241379310345,0.0,0.2777777777777778
networkcentra,0.1,0.75,0.25,0.22560478471355197,0.09680366793805967,0.25,0.0,0.55,0.058327956517597444,0.03463140217363235,0.02040816326530612,0.0,0.19941634241245138,0.09090228401060536,0.04955726840460047,0.13333333333333333,0.0,0.2650602409638554
networkcentra,0.1,0.75,0.5,0.24272604560989597,0.10113038493481706,0.2,0.0,0.6,0.06278670223666095,0.03615138679003812,0.07142857142857142,0.0,0.20719844357976655,0.09785444946315834,0.05185643496710679,0.07142857142857142,0.0,0.2751937984496124
networkcentra,0.1,0.75,0.75,0.2605070252949299,0.11456181653647352,0.2,0.0,0.6875,0.06722269629175931,0.03981381893191033,0.07692307692307693,0.0,0.26785714285714285,0.10485088146173198,0.05738965073841129,0.031746031746031744,0.0,0.3571428571428571
networkcentra,0.1,0.75,1.0,0.27040994176689875,0.11140733383878898,0.25,0.0,0.5789473684210527,0.06971808871201599,0.03965914600225536,0.07142857142857142,0.0,0.2222222222222222,0.10873047960781052,0.0569737619315554,0.125,0.0,0.3157894736842105
networkcentra,0.1,0.75,2.0,0.31644722007630993,0.13516890390787503,0.5,0.0,0.8181818181818182,0.08147420616178484,0.04763895571415458,0.125,0.0,0.3333333333333333,0.12715354863813416,0.0688849943850209,0.14285714285714285,0.0,0.4736842105263157
networkcentra,0.1,0.75,3.0,0.3356533669913829,0.1485019165781821,0.5,0.0,0.7142857142857143,0.08594136902699148,0.04900594254510269,0.043478260869565216,0.0,0.26785714285714285,0.13434119144858403,0.07165325888662301,0.0,0.0,0.368421052631579
networkcentra,0.1,0.75,5.0,0.34886324647060574,0.1478071126475777,0.5,0.0,0.8181818181818182,0.08885701685438645,0.049567399661988386,0.07692307692307693,0.0,0.3333333333333333,0.13898918817610723,0.07211166873129282,0.06896551724137931,0.0,0.4736842105263157
networkcentra,0.1,1.0,0,0.22503118062574334,0.09330380846555367,0.2,0.0,0.55,0.05842149459257631,0.03396806408309482,0.08333333333333333,0.0,0.20914396887159534,0.0909881774765544,0.048485157999354545,0.06349206349206349,0.0,0.2777777777777778
networkcentra,0.1,1.0,0.1,0.22590030792797364,0.09411053870936129,0.2727272727272727,0.0,0.5454545454545454,0.05799366946967729,0.03167496774949912,0.043478260869565216,0.0,0.20330739299610895,0.09051980041656896,0.04554570758379203,0.13333333333333333,0.0,0.27002583979328165
networkcentra,0.1,1.0,0.25,0.24306426317752333,0.0970851128515848,0.4,0.0,0.4444444444444444,0.06278689559776797,0.036082821438624166,0.04081632653061224,0.0,0.21428571428571427,0.09787475073565753,0.051381201198717204,0.06451612903225806,0.0,0.2857142857142857
networkcentra,0.1,1.0,0.5,0.2573688644422427,0.11108918720598288,0.29411764705882354,0.0,0.5714285714285714,0.06632344369953813,0.038220992570348035,0.1111111111111111,0.0,0.2222222222222222,0.10351263663832679,0.05538127142251498,0.0,0.0,0.3157894736842105
networkcentra,0.1,1.0,0.75,0.270093144561018,0.11360594709771034,0.25,0.0,0.5882352941176471,0.06958700442280236,0.040702166405685115,0.05263157894736842,0.0,0.25,0.10856460225364725,0.05865531374940467,0.06349206349206349,0.0,0.3333333333333333
networkcentra,0.1,1.0,1.0,0.2817888622938416,0.11648320575151232,0.5,0.0,0.5714285714285714,0.07238218832132837,0.040988265733225095,0.1111111111111111,0.0,0.26785714285714285,0.11295947791237805,0.058901925394174666,0.16666666666666666,0.0,0.3571428571428571
networkcentra,0.1,1.0,2.0,0.3216333264925258,0.13865285258265694,0.2857142857142857,0.0,0.6923076923076923,0.08241794220351427,0.04746950618186005,0.11224489795918367,0.0,0.2857142857142857,0.12877383889292765,0.06895032131709465,0.0,0.0,0.38095238095238093
networkcentra,0.1,1.0,3.0,0.3395171736949782,0.14391687309757328,0.5,0.0,0.7272727272727273,0.08665811124245554,0.048155410261954995,0.07142857142857142,0.0,0.2962962962962963,0.1355022736585064,0.07005409081206128,0.06896551724137931,0.0,0.42105263157894735
networkcentra,0.1,1.0,5.0,0.35041138051022175,0.1493784873458071,0.25,0.0,0.9090909090909091,0.08919680713567983,0.050469857415267924,0.14285714285714285,0.0,0.37037037037037035,0.13953704579542148,0.07326397898039279,0.13333333333333333,0.0,0.5263157894736842
networkcentra,0.1,2.0,0,0.2509811576567367,0.11568392597305308,0.21052631578947367,0.0,0.5555555555555556,0.06436293351772784,0.03752385014857862,0.07142857142857142,0.0,0.18518518518518517,0.10053256928995777,0.05472216478430021,0.13333333333333333,0.0,0.273972602739726
networkcentra,0.1,2.0,0.1,0.25746692142720357,0.1176808988216792,0.4,0.0,0.6153846153846154,0.06607495408321572,0.03812559233458855,0.05263157894736842,0.0,0.19649805447470817,0.10317507939646636,0.05559314997540384,0.06349206349206349,0.0,0.28169014084507044
networkcentra,0.1,2.0,0.25,0.26324515230252804,0.11791782642758952,0.5,0.0,0.5454545454545454,0.06779633086781792,0.03959985519334287,0.05263157894736842,0.0,0.2222222222222222,0.10579654690883535,0.05740993404656254,0.13793103448275862,0.0,0.3157894736842105
networkcentra,0.1,2.0,0.5,0.2714277421803009,0.12122205226141848,0.2857142857142857,0.0,0.7142857142857143,0.06983813971461415,0.0401318516426964,0.05263157894736842,0.0,0.19642857142857142,0.10902543461144096,0.058390324449855695,0.14285714285714285,0.0,0.273972602739726
networkcentra,0.1,2.0,0.75,0.27840652642971564,0.12444495416848797,0.5,0.0,0.5714285714285714,0.07205708469279676,0.042136416888693205,0.043478260869565216,0.0,0.2222222222222222,0.11238419382375346,0.061301002914586636,0.07142857142857142,0.0,0.3157894736842105
networkcentra,0.1,2.0,1.0,0.2928271192979359,0.1289751159717486,0.5,0.0,0.6153846153846154,0.07510484238303036,0.042606132408223425,0.07692307692307693,0.0,0.23214285714285715,0.11735484001803231,0.0622471541118082,0.16666666666666666,0.0,0.30952380952380953
networkcentra,0.1,2.0,2.0,0.31956147044653666,0.14472469402801041,0.5,0.0,0.6923076923076923,0.08190923750244607,0.04756586966627071,0.07142857142857142,0.0,0.2857142857142857,0.12798418265102812,0.06935913550707494,0.09523809523809525,0.0,0.38095238095238093
networkcentra,0.1,2.0,3.0,0.3359737486938307,0.1431179911094444,0.25,0.0,0.7857142857142857,0.08595912743004606,0.047409571972861934,0.07142857142857142,0.0,0.26785714285714285,0.1343879659110894,0.06922021195368162,0.06896551724137931,0.0,0.368421052631579
networkcentra,0.1,2.0,5.0,0.34778039866410837,0.14796295316276306,0.5,0.0,0.8181818181818182,0.08852774694611407,0.04966257640221281,0.07692307692307693,0.0,0.3333333333333333,0.13851610600650996,0.07227489450305659,0.06896551724137931,0.0,0.4736842105263157
networkcentra,0.1,3.0,0,0.24114508380155672,0.12654692698934747,0.3333333333333333,0.0,0.6153846153846154,0.062121949876337706,0.03926486701557626,0.03571428571428571,0.0,0.2,0.097044736785312,0.05828795767451464,0.05194805194805195,0.0,0.30136986301369867
networkcentra,0.1,3.0,0.1,0.24355354455196276,0.12930029345076688,0.375,0.0,0.5909090909090909,0.06270999307417563,0.04052658108680831,0.043478260869565216,0.0,0.21428571428571427,0.09792810336293326,0.05985690132213236,0.05622489959839357,0.0,0.28888888888888886
networkcentra,0.1,3.0,0.25,0.24857093207395758,0.12954191549845642,0.5,0.0,0.5769230769230769,0.06431438949210334,0.04092089861697217,0.034482758620689655,0.0,0.19642857142857142,0.10036845671284929,0.06046298348502648,0.06451612903225806,0.0,0.28169014084507044
networkcentra,0.1,3.0,0.5,0.25541162239257403,0.13550452093368745,0.2,0.0,0.6153846153846154,0.06556030863425472,0.04165605678033742,0.043478260869565216,0.0,0.19642857142857142,0.10245132377989823,0.061873887302456604,0.07142857142857142,0.0,0.273972602739726
networkcentra,0.1,3.0,0.75,0.26358606771358417,0.14399946676597047,0.4,0.0,0.625,0.06767229778736888,0.04400482509290589,0.04081632653061224,0.0,0.2,0.10578287243134651,0.0654591364790789,0.07228915662650602,0.0,0.30136986301369867
networkcentra,0.1,3.0,1.0,0.26620286383704134,0.1419507603743858,0.5,0.0,0.6666666666666666,0.06852845439041388,0.043955377434863725,0.06802721088435375,0.0,0.2222222222222222,0.10708610991297596,0.06528450019203354,0.13861386138613863,0.0,0.3287671232876712
networkcentra,0.1,3.0,2.0,0.2925798653551868,0.1480529337099241,0.5,0.0,0.6818181818181818,0.07559853168184137,0.04693783426089169,0.058823529411764705,0.0,0.25,0.118029571136125,0.06931111999465754,0.06896551724137931,0.0,0.3333333333333333
networkcentra,0.1,3.0,3.0,0.3117716910353859,0.16007303148211405,0.2857142857142857,0.0,0.7272727272727273,0.080160117761592,0.049739299245458,0.06382978723404255,0.0,0.2962962962962963,0.12528821022727793,0.07364894979369177,0.06896551724137931,0.0,0.42105263157894735
networkcentra,0.1,3.0,5.0,0.3316971299755594,0.1616252718434114,0.3,0.0,0.7692307692307693,0.08519988997142094,0.050589178699315784,0.12244897959183673,0.0,0.2962962962962963,0.133174027394584,0.07471527327334873,0.06896551724137931,0.0,0.42105263157894735
networkcentra,0.1,5.0,0,0.18461555653985756,0.11887533482771802,0.125,0.0,0.5384615384615384,0.04748262727900996,0.035850152792276484,0.02197802197802198,0.0,0.18518518518518517,0.07413554051496342,0.05350833199106615,0.029850746268656716,0.0,0.2631578947368421
networkcentra,0.1,5.0,0.1,0.18967557492771567,0.12910562680775142,0.1111111111111111,0.0,0.5789473684210527,0.04841724164147208,0.038174154274745666,0.058823529411764705,0.0,0.2037037037037037,0.0756906588909087,0.057246606058316135,0.038461538461538464,0.0,0.3013698630136986
networkcentra,0.1,5.0,0.25,0.19360684203094103,0.1265291718616867,0.125,0.019417475728155338,0.5454545454545454,0.04957607144907117,0.03760648323213914,0.07142857142857142,0.0017574692442882249,0.2222222222222222,0.07744154771145181,0.056269361395043904,0.02941176470588235,0.0032948929159802303,0.3157894736842105
networkcentra,0.1,5.0,0.5,0.19892866638595932,0.13354427211066458,0.21052631578947367,0.008403361344537815,0.5555555555555556,0.05124581316323774,0.04061020349168837,0.04081632653061224,0.0012106537530266344,0.2222222222222222,0.07997782011421678,0.060637864330131734,0.045454545454545456,0.0021164021164021165,0.3157894736842105
networkcentra,0.1,5.0,0.75,0.19920922899429622,0.13197880010550603,0.125,0.0,0.5555555555555556,0.05120858200989825,0.039066678912880314,0.1,0.0,0.18518518518518517,0.07997817148538669,0.05852394655268827,0.025974025974025976,0.0,0.273972602739726
networkcentra,0.1,5.0,1.0,0.20862400908276946,0.13888425345126904,0.2857142857142857,0.0,0.6153846153846154,0.05344888573004453,0.04114354801865016,0.04081632653061224,0.0,0.2222222222222222,0.08352270078247773,0.0615920303358059,0.052631578947368425,0.0,0.3157894736842105
networkcentra,0.1,5.0,2.0,0.2229600773941633,0.14831515839044243,0.5,0.014492753623188406,0.625,0.05718675457868202,0.04321786281395814,0.09090909090909091,0.001147227533460803,0.2222222222222222,0.08934028916234217,0.06490771323259335,0.0588235294117647,0.002126151665485471,0.3157894736842105
networkcentra,0.1,5.0,3.0,0.23748804240949298,0.1577980093639637,0.5,0.0,0.6521739130434783,0.06087878391092235,0.04685318973165788,0.03333333333333333,0.0,0.2222222222222222,0.09515945634490143,0.07028690494920674,0.037037037037037035,0.0,0.3287671232876712
networkcentra,0.1,5.0,5.0,0.2656515301281016,0.1674464349068688,0.14285714285714285,0.0,0.6923076923076923,0.0682917853373123,0.04958468188333032,0.043478260869565216,0.0,0.25925925925925924,0.10669467197372266,0.07423068718752951,0.04938271604938271,0.0,0.368421052631579
networkcentra,0.25,0,0,0.1401992426403075,0.0798607474376992,0.0,0.0,0.41923076923076924,0.0380655727205704,0.0299020491550279,0.0,0.0,0.21206225680933852,0.05868501939488985,0.04231244212175903,0.0,0.0,0.28165374677002586
networkcentra,0.25,0,0.1,0.14797552334446384,0.08337759335458082,0.0,0.0,0.43478260869565216,0.03965511267057877,0.031160694496507824,0.0,0.0,0.21498054474708173,0.061287278853619453,0.04421331007273549,0.0,0.0,0.28552971576227393
networkcentra,0.25,0,0.25,0.15758813581366257,0.08386173574185335,0.0,0.0,0.4090909090909091,0.04262464370295272,0.031256380822352804,0.0,0.0,0.20622568093385213,0.06586819338535775,0.044464193327596435,0.0,0.0,0.27390180878552967
networkcentra,0.25,0,0.5,0.18174943039129646,0.089699535506675,0.2,0.0,0.45652173913043476,0.048469157395542244,0.03317570591483116,0.0,0.0,0.20078740157480315,0.07507982071643976,0.0472108099275871,0.0,0.0,0.2692307692307692
networkcentra,0.25,0,0.75,0.1932149909713963,0.09850194269923654,0.25,0.0,0.5555555555555556,0.05149539051937363,0.03555904487387639,0.0,0.0,0.21011673151750973,0.07983446006573605,0.05114345191612449,0.0,0.0,0.28205128205128205
networkcentra,0.25,0,1.0,0.2204014795837598,0.10543593293201023,0.2,0.0,0.6111111111111112,0.058633667061591815,0.03852637555594411,0.0,0.0,0.21428571428571427,0.09096527833292356,0.05533721002844949,0.0,0.0,0.30136986301369867
networkcentra,0.25,0,2.0,0.2957831556689323,0.13618305699755445,0.2,0.0,0.7272727272727273,0.07676556774161587,0.04709593007479015,0.07142857142857142,0.0,0.2962962962962963,0.11971396873012606,0.06849171978410014,0.14285714285714285,0.0,0.42105263157894735
networkcentra,0.25,0,3.0,0.324319854138085,0.1404578419744986,0.5,0.0,0.6666666666666666,0.08330996605750708,0.047830016396948234,0.16666666666666666,0.0,0.25925925925925924,0.13013547287972427,0.06977656459475039,0.11290322580645162,0.0,0.368421052631579
networkcentra,0.25,0,5.0,0.35260741314222194,0.15268805177608716,0.5,0.0,0.9090909090909091,0.08973339562342542,0.051363143078440726,0.12244897959183673,0.0,0.37037037037037035,0.1403578904685362,0.07466705172315198,0.14285714285714285,0.0,0.5263157894736842
networkcentra,0.25,0.1,0,0.14516783950255138,0.08015438439486088,0.0,0.0,0.4288461538461538,0.0391039103150366,0.029959112995104557,0.0,0.0,0.2169260700389105,0.060386005617056426,0.04252887252694656,0.0,0.0,0.2881136950904393
networkcentra,0.25,0.1,0.1,0.15531381546429726,0.08053397314371052,0.0,0.0,0.4117647058823529,0.04139042888066264,0.029124757513308383,0.0,0.0,0.20136186770428016,0.06409230930554517,0.04146402187682014,0.0,0.0,0.26744186046511625
networkcentra,0.25,0.1,0.25,0.1660504556322273,0.09198728405649982,0.0,0.0,0.45454545454545453,0.04532425300866258,0.034343311600763364,0.0,0.0,0.20525291828793774,0.06990943045466744,0.048921196809377475,0.0,0.0,0.272609819121447
networkcentra,0.25,0.1,0.5,0.18623289510758786,0.09187910207155424,0.25,0.0,0.45454545454545453,0.04963069192789347,0.034752842631477064,0.0,0.0,0.21428571428571427,0.0768935416302104,0.049392018133348856,0.0,0.0,0.2857142857142857
networkcentra,0.25,0.1,0.75,0.20740505647047267,0.1042725482518137,0.2,0.0,0.5263157894736842,0.054830016764259366,0.03758851020809399,0.0,0.0,0.21011673151750973,0.08510308917487067,0.05405643439362403,0.0,0.0,0.2790697674418605
networkcentra,0.25,0.1,1.0,0.23000519812731318,0.10885465076681704,0.2,0.0,0.5714285714285714,0.06047325939234304,0.03750959751897616,0.0,0.0,0.19941634241245138,0.09409308891282575,0.054548752765904665,0.0,0.0,0.2648578811369509
networkcentra,0.25,0.1,2.0,0.2976956657002056,0.12367689340519175,0.25,0.0,0.7272727272727273,0.0770086841091339,0.044338775194553405,0.08333333333333333,0.0,0.2962962962962963,0.12014826755524682,0.06415439246628296,0.06896551724137931,0.0,0.42105263157894735
networkcentra,0.25,0.1,3.0,0.3318687845388478,0.14731538764138943,0.3333333333333333,0.0,0.8181818181818182,0.08528744234015168,0.05017677624220797,0.07142857142857142,0.0,0.3333333333333333,0.13320967526026278,0.07297640775525747,0.0,0.0,0.4736842105263157
networkcentra,0.25,0.1,5.0,0.35242270772461576,0.15123053891062105,0.5,0.0,0.7777777777777778,0.08989426812425506,0.05024643061245181,0.07142857142857142,0.0,0.2962962962962963,0.14058865388083824,0.07325231366933008,0.11764705882352941,0.0,0.42105263157894735
networkcentra,0.25,0.25,0,0.16027972223520084,0.08207920076046567,0.0,0.0,0.45652173913043476,0.042833295803762245,0.031230577544968156,0.0,0.0,0.19642857142857142,0.06626278189877927,0.04404596139317695,0.0,0.0,0.2692307692307692
networkcentra,0.25,0.25,0.1,0.16584063000797805,0.08281339898907465,0.0,0.0,0.41346153846153844,0.04437664049572294,0.0310335630496146,0.0,0.0,0.20914396887159534,0.06866423808932638,0.04410426191834105,0.0,0.0,0.2777777777777778
networkcentra,0.25,0.25,0.25,0.17616619787179472,0.08849912498156907,0.25,0.0,0.45652173913043476,0.04698957047275125,0.033220421161016006,0.0,0.0,0.20330739299610895,0.07277175886358828,0.04729554167632657,0.0,0.0,0.27002583979328165
networkcentra,0.25,0.25,0.5,0.19744654228621147,0.0905859099271116,0.25,0.0,0.45,0.052572931061448,0.0339970447670654,0.0,0.0,0.20817120622568094,0.08153721959692957,0.04853744551131657,0.0,0.0,0.27648578811369506
networkcentra,0.25,0.25,0.75,0.21905066436207563,0.0966176884684798,0.25,0.0,0.5,0.05759890098564582,0.03549272442481412,0.1111111111111111,0.0,0.20719844357976655,0.0895107445115088,0.051003966348844285,0.0,0.0,0.2751937984496124
networkcentra,0.25,0.25,1.0,0.24037979621825123,0.10709624944991883,0.2,0.0,0.5555555555555556,0.06297059605728027,0.038672267345433615,0.1111111111111111,0.0,0.2222222222222222,0.09799929878023579,0.055775713632281745,0.0,0.0,0.3157894736842105
networkcentra,0.25,0.25,2.0,0.3086544684787898,0.13771255003948743,0.5,0.0,0.7272727272727273,0.0797917878715316,0.04789461478971686,0.06666666666666667,0.0,0.2962962962962963,0.12448920322298947,0.0695558288593437,0.0625,0.0,0.42105263157894735
networkcentra,0.25,0.25,3.0,0.327798268840792,0.1403839235040903,0.4,0.0,0.6666666666666666,0.08418069407136784,0.04832095329707326,0.07692307692307693,0.0,0.30357142857142855,0.1314750095249145,0.07009808465743758,0.12903225806451613,0.0,0.40476190476190477
networkcentra,0.25,0.25,5.0,0.35425919733951855,0.15413005811055155,0.5,0.0,0.8181818181818182,0.0900534814163992,0.05090509980691763,0.07142857142857142,0.0,0.3333333333333333,0.14094422734133785,0.07428465628581718,0.11764705882352941,0.0,0.4736842105263157
networkcentra,0.25,0.5,0,0.1847257194393796,0.0839171352217739,0.2,0.0,0.4444444444444444,0.048709591959930694,0.03155098102911834,0.0,0.0,0.20038910505836577,0.07561938363114623,0.04475407734357733,0.0,0.0,0.2661498708010336
networkcentra,0.25,0.5,0.1,0.18904399442475192,0.09102602391631251,0.25,0.0,0.45,0.05001474027263154,0.03422784931715833,0.0,0.0,0.22081712062256809,0.0775956562962439,0.04885636615032494,0.0,0.0,0.29328165374677007
networkcentra,0.25,0.5,0.25,0.20200007409291978,0.09121972058063292,0.2,0.0,0.45652173913043476,0.053886026302280184,0.03480954364893113,0.0,0.0,0.21108949416342412,0.0835287155442833,0.04980201368256435,0.0,0.0,0.2803617571059432
networkcentra,0.25,0.5,0.5,0.2205933450487958,0.09977400990891748,0.2,0.0,0.5789473684210527,0.057821834372275734,0.036778658688067005,0.1,0.0,0.20719844357976655,0.08990250337908413,0.05277168462248765,0.10526315789473684,0.0,0.3013698630136986
networkcentra,0.25,0.5,0.75,0.24113621909138797,0.10418437903442682,0.3333333333333333,0.0,0.5454545454545454,0.06309853175096646,0.03835414468241629,0.058823529411764705,0.0,0.20914396887159534,0.09818172869142737,0.0550635455975158,0.16666666666666666,0.0,0.28205128205128205
networkcentra,0.25,0.5,1.0,0.26107484403768,0.11513826465816353,0.3333333333333333,0.0,0.6923076923076923,0.06805748713188242,0.04105806068855505,0.1111111111111111,0.0,0.26785714285714285,0.10597932607738637,0.05908407747509104,0.1276595744680851,0.0,0.3571428571428571
networkcentra,0.25,0.5,2.0,0.3133731005828613,0.13713416644706833,0.5,0.0,0.7272727272727273,0.08041727808641158,0.04659901882017969,0.07142857142857142,0.0,0.2962962962962963,0.12564013189171724,0.06771104226719904,0.18181818181818182,0.0,0.42105263157894735
networkcentra,0.25,0.5,3.0,0.33549528393602945,0.14721018553811047,0.25,0.0,0.9090909090909091,0.08603414644844429,0.05046835369210382,0.07692307692307693,0.0,0.37037037037037035,0.13441670392823377,0.07337769943332965,0.13793103448275862,0.0,0.5263157894736842
networkcentra,0.25,0.5,5.0,0.35573129161833345,0.14746238166732387,0.5,0.0,0.75,0.09027779593528701,0.04908680268315074,0.09090909090909091,0.0,0.2962962962962963,0.14132351843798147,0.07153026208018107,0.13333333333333333,0.0,0.42105263157894735
networkcentra,0.25,0.75,0,0.20474532741041043,0.08892642217264093,0.25,0.0,0.46153846153846156,0.053552038466805806,0.03300564566148303,0.05555555555555555,0.0,0.19941634241245138,0.08327490666868914,0.04725394550368642,0.07547169811320754,0.0,0.2648578811369509
networkcentra,0.25,0.75,0.1,0.21487869265392504,0.0927958460766121,0.2,0.0,0.5263157894736842,0.055888075864359184,0.03348556074359059,0.041666666666666664,0.0,0.20817120622568094,0.08699303090140822,0.047908275684303045,0.0,0.0,0.27648578811369506
networkcentra,0.25,0.75,0.25,0.22129975038639577,0.09692528771370601,0.2,0.0,0.5454545454545454,0.057456610694394915,0.035076811273253204,0.05263157894736842,0.0,0.2222222222222222,0.08951215403946111,0.050480992470777676,0.09523809523809523,0.0,0.3157894736842105
networkcentra,0.25,0.75,0.5,0.24391252262310448,0.10407141719482593,0.2,0.0,0.6363636363636364,0.06370243980629578,0.039005772123163404,0.03333333333333333,0.0,0.21428571428571427,0.09914282763786114,0.05602631020380506,0.0,0.0,0.3111111111111111
networkcentra,0.25,0.75,0.75,0.2622268843487505,0.10795088751212274,0.3333333333333333,0.0,0.6153846153846154,0.06776997882205747,0.038105016897348305,0.05263157894736842,0.0,0.21206225680933852,0.10571239126311623,0.05499057224065797,0.10526315789473684,0.0,0.28165374677002586
networkcentra,0.25,0.75,1.0,0.27385871895509273,0.11643798563177057,0.5,0.0,0.55,0.07068998479080812,0.040741232878782396,0.05263157894736842,0.0,0.23214285714285715,0.1102653487362257,0.058805661792481374,0.18181818181818182,0.0,0.3157894736842105
networkcentra,0.25,0.75,2.0,0.31758856474579633,0.12881255412808826,0.4,0.0,0.65,0.08152227065827637,0.04552555192486101,0.07692307692307693,0.0,0.26785714285714285,0.12732165191129302,0.06567531660733755,0.2,0.0,0.368421052631579
networkcentra,0.25,0.75,3.0,0.3361129026186019,0.14547490262543447,0.5,0.0,0.7272727272727273,0.08556989647979803,0.04905535496836729,0.07142857142857142,0.0,0.30357142857142855,0.13385987855907014,0.0713690257186913,0.06896551724137931,0.0,0.42105263157894735
networkcentra,0.25,0.75,5.0,0.35797601987741323,0.15349713162268658,0.5,0.0,0.8181818181818182,0.09131497707981326,0.051180290028992194,0.07017543859649122,0.0,0.3333333333333333,0.14282727883378857,0.07447838098305558,0.0,0.0,0.4736842105263157
networkcentra,0.25,1.0,0,0.22892864688114548,0.09269129676276719,0.2,0.0,0.5,0.05905203811099983,0.03381304119340467,0.02040816326530612,0.0,0.20038910505836577,0.09210553369677851,0.04829557127385159,0.0625,0.0,0.2661498708010336
networkcentra,0.25,1.0,0.1,0.22773204450425955,0.09507123115554172,0.2,0.0,0.5,0.05961139993003569,0.03589432474708443,0.017857142857142856,0.0,0.20914396887159534,0.09269167371276098,0.05118129648282936,0.0,0.0,0.2777777777777778
networkcentra,0.25,1.0,0.25,0.23521011072698933,0.09658149772023873,0.25,0.0,0.5454545454545454,0.06125765640833542,0.03597623512888877,0.1111111111111111,0.0,0.2222222222222222,0.09539506656684003,0.05146250446183386,0.13333333333333333,0.0,0.3157894736842105
networkcentra,0.25,1.0,0.5,0.2528921016139262,0.10629472096979173,0.3333333333333333,0.0,0.5789473684210527,0.06538191019817519,0.03823740224107036,0.1111111111111111,0.0,0.2222222222222222,0.10192987945399688,0.054868143214177684,0.1188118811881188,0.0,0.3157894736842105
networkcentra,0.25,1.0,0.75,0.2663855761570622,0.11406599200971936,0.16666666666666666,0.0,0.6111111111111112,0.06904198975624731,0.041554949919547064,0.041666666666666664,0.0,0.25,0.10761513144468803,0.05967309211313522,0.06896551724137931,0.0,0.3333333333333333
networkcentra,0.25,1.0,1.0,0.28150432370069833,0.1212646876519851,0.5,0.0,0.6,0.07234897888939,0.04178322989207827,0.05263157894736842,0.0,0.25,0.11293557137895552,0.06040362917420735,0.1509433962264151,0.0,0.3333333333333333
networkcentra,0.25,1.0,2.0,0.32046650337028276,0.1374994651268994,0.5,0.0,0.7272727272727273,0.08202495542040242,0.04763697533444196,0.05263157894736842,0.0,0.30357142857142855,0.12817671802632702,0.06898191105852405,0.2,0.0,0.42105263157894735
networkcentra,0.25,1.0,3.0,0.3361426760198499,0.14547883744104154,0.5,0.0,0.7272727272727273,0.0856691400501868,0.048671944860466276,0.06666666666666667,0.0,0.2962962962962963,0.1340077111737491,0.07092463460280943,0.06896551724137931,0.0,0.42105263157894735
networkcentra,0.25,1.0,5.0,0.36140133047010237,0.1520974094406952,0.5,0.08571428571428572,0.8181818181818182,0.09203358040369554,0.050911676324813124,0.09090909090909091,0.0102880658436214,0.3333333333333333,0.14395124879378987,0.0740318232826618,0.13793103448275862,0.019011406844106463,0.4736842105263157
networkcentra,0.25,2.0,0,0.2619856018275965,0.10837312054419115,0.3333333333333333,0.0,0.5769230769230769,0.0672040873440196,0.03689529951039459,0.07142857142857142,0.0,0.1857976653696498,0.10499145589242742,0.05356024169078764,0.06896551724137931,0.0,0.2528735632183908
networkcentra,0.25,2.0,0.1,0.2628560899016678,0.11023911144260827,0.25,0.0,0.5454545454545454,0.06743585060304633,0.03784408163825365,0.07692307692307693,0.0,0.2178988326848249,0.10535304268408399,0.05491528789630594,0.07142857142857142,0.0,0.28940568475452194
networkcentra,0.25,2.0,0.25,0.2669129035185541,0.11797501584302006,0.25,0.0,0.6190476190476191,0.06838109933178677,0.03922110595146745,0.05263157894736842,0.0,0.2222222222222222,0.10683255430021284,0.057239617043540865,0.0,0.0,0.3157894736842105
networkcentra,0.25,2.0,0.5,0.2773318653914193,0.11562244367262507,0.5,0.0,0.6190476190476191,0.07118832237702895,0.03997400927290435,0.07142857142857142,0.0,0.20038910505836577,0.1111551274433483,0.05787331058475518,0.14285714285714285,0.0,0.273972602739726
networkcentra,0.25,2.0,0.75,0.28817168304121854,0.12016585079981962,0.5,0.0,0.7142857142857143,0.07352715529810248,0.0406491600823452,0.04081632653061224,0.0,0.2222222222222222,0.11493318751862978,0.058912946247941286,0.06896551724137931,0.0,0.3157894736842105
networkcentra,0.25,2.0,1.0,0.2972132185864293,0.12394879200224704,0.5,0.0,0.6428571428571429,0.07610011737100461,0.04292342154733176,0.07017543859649122,0.0,0.25925925925925924,0.11886376246279666,0.06196216444695868,0.14285714285714285,0.0,0.368421052631579
networkcentra,0.25,2.0,2.0,0.3235638123173633,0.13868557948747035,0.5,0.0,0.7272727272727273,0.08259254171634298,0.046336506528795146,0.07692307692307693,0.0,0.2962962962962963,0.12914822146477503,0.06743662348155868,0.06896551724137931,0.0,0.42105263157894735
networkcentra,0.25,2.0,3.0,0.34528329206881997,0.14484257779344428,0.2857142857142857,0.0,0.7857142857142857,0.0879614631586364,0.04796020416075606,0.1,0.0,0.26785714285714285,0.13763106584082355,0.0700178460150452,0.11764705882352941,0.0,0.368421052631579
networkcentra,0.25,2.0,5.0,0.3638236626460968,0.14938529109339885,0.5,0.0,0.8181818181818182,0.09239724978456411,0.050715111875908714,0.07142857142857142,0.0,0.3333333333333333,0.14457869540249732,0.07365890771365337,0.14285714285714285,0.0,0.4736842105263157
networkcentra,0.25,3.0,0,0.2675256847368933,0.11983916381729129,0.25,0.0,0.6363636363636364,0.06866613033009028,0.03943558170343456,0.1111111111111111,0.0,0.20588235294117646,0.1073121318983583,0.05760306711464133,0.14285714285714285,0.0,0.3111111111111111
networkcentra,0.25,3.0,0.1,0.2720393838875839,0.11739959657231949,0.2,0.0,0.5769230769230769,0.0700531023661381,0.039835187471533764,0.06666666666666667,0.0,0.21428571428571427,0.10935210921375446,0.057706861891587725,0.1320754716981132,0.0,0.2857142857142857
networkcentra,0.25,3.0,0.25,0.2763424122302155,0.1233157272532894,0.3333333333333333,0.0,0.7142857142857143,0.07073031399637345,0.039614028550265336,0.1111111111111111,0.0,0.20038910505836577,0.11052155313137806,0.05768250593154921,0.07142857142857142,0.0,0.2661498708010336
networkcentra,0.25,3.0,0.5,0.2853468922064978,0.13399665338507913,0.5,0.0,0.7142857142857143,0.07336005657033945,0.04296602709506443,0.1111111111111111,0.0,0.2222222222222222,0.114575887824614,0.0629771230589045,0.06896551724137931,0.0,0.3287671232876712
networkcentra,0.25,3.0,0.75,0.2918067089176876,0.12814371050644602,0.3333333333333333,0.0,0.6428571428571429,0.07485660861159599,0.042617813040632085,0.05263157894736842,0.0,0.23214285714285715,0.11694971618031565,0.06213886744360316,0.06896551724137931,0.0,0.30952380952380953
networkcentra,0.25,3.0,1.0,0.29839915538703793,0.13503330083539786,0.25,0.0,0.6538461538461539,0.07660261901127517,0.04405897186963216,0.07142857142857142,0.0,0.23214285714285715,0.11968543925869499,0.06451022788598906,0.09523809523809525,0.0,0.3157894736842105
networkcentra,0.25,3.0,2.0,0.32388802545860973,0.14337123400259527,0.2857142857142857,0.0,0.7692307692307693,0.08318458981834562,0.04673221763729682,0.05,0.0,0.25,0.129977687720186,0.06833295748364208,0.06896551724137931,0.0,0.33802816901408445
networkcentra,0.25,3.0,3.0,0.34309618781938234,0.14625469820010661,0.5,0.0,0.7857142857142857,0.0880754287999308,0.04985503934915457,0.10526315789473684,0.0,0.32142857142857145,0.13758943970686047,0.07232743912898594,0.15789473684210525,0.0,0.4285714285714286
networkcentra,0.25,3.0,5.0,0.36789920739888377,0.15411601150263712,0.5,0.10650887573964497,0.8181818181818182,0.0937023119339946,0.051660373641076264,0.07142857142857142,0.0102880658436214,0.3333333333333333,0.14655850952605676,0.07517766525509315,0.11764705882352941,0.019011406844106463,0.4736842105263157
networkcentra,0.25,5.0,0,0.24599452500209076,0.1379127578765941,0.5,0.0,0.6818181818181818,0.0632318138257,0.042364816776525746,0.061224489795918366,0.0,0.2222222222222222,0.09877116537270601,0.06298572891981856,0.05714285714285714,0.0,0.3333333333333333
networkcentra,0.25,5.0,0.1,0.25265091707851534,0.14244923428463654,0.25,0.0,0.6153846153846154,0.06513077408150929,0.04370039110197066,0.04081632653061224,0.0,0.2037037037037037,0.10168932475815617,0.06488109452801492,0.06896551724137931,0.0,0.3013698630136986
networkcentra,0.25,5.0,0.25,0.25369652503097234,0.14263021624211308,0.5,0.015384615384615385,0.625,0.06499774279071308,0.04254476532561991,0.03571428571428571,0.0014005602240896359,0.2222222222222222,0.1015849235779641,0.06341411477781568,0.05194805194805195,0.0025673940949935818,0.3157894736842105
networkcentra,0.25,5.0,0.5,0.25661001496083286,0.14332248914831375,0.5,0.0,0.631578947368421,0.06627077233937233,0.043711016479741495,0.07692307692307693,0.0,0.2222222222222222,0.10354153908423837,0.0653815472750424,0.06896551724137931,0.0,0.3287671232876712
networkcentra,0.25,5.0,0.75,0.2632905364135571,0.1490288358498302,0.5,0.0,0.6923076923076923,0.0675855599427709,0.04510297886080761,0.041666666666666664,0.0,0.2222222222222222,0.10564394296466209,0.06721788715510275,0.13333333333333333,0.0,0.3157894736842105
networkcentra,0.25,5.0,1.0,0.2664276647663886,0.15242158316013255,0.5,0.0,0.6363636363636364,0.06820503197490757,0.04567023985055621,0.04081632653061224,0.0,0.25925925925925924,0.1066539321503287,0.06813118021064178,0.05622489959839357,0.0,0.368421052631579
networkcentra,0.25,5.0,2.0,0.2864065236673847,0.16144036917238747,0.25,0.0,0.6923076923076923,0.07347257248016126,0.04881424275459203,0.043478260869565216,0.0,0.25925925925925924,0.11486401651258345,0.07271672212256301,0.07692307692307693,0.0,0.368421052631579
networkcentra,0.25,5.0,3.0,0.30701895959244807,0.16575720028834814,0.5,0.02040816326530612,0.6923076923076923,0.07933265939391,0.05062962601631612,0.043478260869565216,0.00205761316872428,0.25925925925925924,0.12387559730056,0.0752957913977897,0.07142857142857142,0.0038022813688212928,0.368421052631579
networkcentra,0.25,5.0,5.0,0.32955294838077803,0.1708520978362441,0.5,0.0273972602739726,0.7692307692307693,0.08464989413202388,0.0518567703009869,0.08163265306122448,0.0029411764705882353,0.26785714285714285,0.13232117777501776,0.07708842387594711,0.12903225806451613,0.0053619302949061655,0.368421052631579
networkcentra,0.5,0,0,0.12609544472197565,0.07676988300081204,0.0,0.0,0.4346153846153846,0.0345719697489362,0.02973637159635855,0.0,0.0,0.2198443579766537,0.05314478795322331,0.041749166468585924,0.0,0.0,0.29198966408268734
networkcentra,0.5,0,0.1,0.13081204976708338,0.07347395783099456,0.0,0.0,0.3730769230769231,0.03572538949279993,0.027355282599031493,0.0,0.0,0.188715953307393,0.05504612184222713,0.038702036721026414,0.0,0.0,0.25064599483204136
networkcentra,0.5,0,0.25,0.1456568697563689,0.07608701610475876,0.0,0.0,0.45652173913043476,0.03942126280920864,0.02916885671573744,0.0,0.0,0.20622568093385213,0.060864250473322466,0.04129745982666056,0.0,0.0,0.27390180878552967
networkcentra,0.5,0,0.5,0.17363569552677077,0.08960918891595976,0.2,0.0,0.6111111111111112,0.04628349070942936,0.03380565516970769,0.05263157894736842,0.0,0.23214285714285715,0.0716587948374038,0.04801692401797244,0.0,0.0,0.30952380952380953
networkcentra,0.5,0,0.75,0.1864711221198441,0.09542215537062265,0.0,0.0,0.5,0.050446150618763286,0.03583672942975628,0.0,0.0,0.21108949416342412,0.07796355077087981,0.051091693498539495,0.0,0.0,0.28205128205128205
networkcentra,0.5,0,1.0,0.20388085977806292,0.09737989570944572,0.2,0.0,0.47619047619047616,0.05357567874712032,0.0345581451036307,0.05263157894736842,0.0,0.20817120622568094,0.08322552050000455,0.049591873633109636,0.0,0.0,0.27648578811369506
networkcentra,0.5,0,2.0,0.2873662193680946,0.1282964987153998,0.3333333333333333,0.0,0.6111111111111112,0.0744466947633903,0.044144661984835055,0.07017543859649122,0.0,0.26785714285714285,0.11614439990867961,0.0642128735757219,0.0,0.0,0.3571428571428571
networkcentra,0.5,0,3.0,0.3242329532586956,0.1442965204837296,0.5,0.0,0.7272727272727273,0.08315492980860444,0.048126440587295524,0.0,0.0,0.2962962962962963,0.12991625104290128,0.07019709439154452,0.0,0.0,0.42105263157894735
networkcentra,0.5,0,5.0,0.3552422408229612,0.1543950202627243,0.5,0.0,0.7692307692307693,0.09034137634591605,0.05044208105851476,0.061224489795918366,0.0,0.2962962962962963,0.1413493218936474,0.0737455979258835,0.0,0.0,0.42105263157894735
networkcentra,0.5,0.1,0,0.13692805647478792,0.07685362038979089,0.0,0.0,0.41304347826086957,0.03723793895487605,0.028826559918021032,0.0,0.0,0.1877431906614786,0.05744329588381964,0.04098745545120335,0.0,0.0,0.24935400516795866
networkcentra,0.5,0.1,0.1,0.14003149784492705,0.07432636770160723,0.0,0.0,0.41304347826086957,0.03732469639869934,0.028090445525312684,0.0,0.0,0.20719844357976655,0.05776114770531115,0.03971100087490863,0.0,0.0,0.2751937984496124
networkcentra,0.5,0.1,0.25,0.15836770554463342,0.08214305482905046,0.2,0.0,0.5454545454545454,0.041861247308843746,0.03018442733617012,0.0,0.0,0.2222222222222222,0.06488146735893711,0.04301607536025518,0.0,0.0,0.3157894736842105
networkcentra,0.5,0.1,0.5,0.17231738744320466,0.08648405832310817,0.1,0.0,0.45652173913043476,0.04593923973636871,0.032751517626930376,0.0,0.0,0.21428571428571427,0.07116714982828304,0.046467723741997154,0.0,0.0,0.2857142857142857
networkcentra,0.5,0.1,0.75,0.1956461092431925,0.10060426554186315,0.16666666666666666,0.0,0.5454545454545454,0.05222342430812418,0.037260724656801185,0.03571428571428571,0.0,0.2222222222222222,0.08094078090466221,0.05343834647204111,0.0,0.0,0.3157894736842105
networkcentra,0.5,0.1,1.0,0.21321224493883903,0.10188805059225252,0.2,0.0,0.5714285714285714,0.056485872791584076,0.03631479822388861,0.0,0.0,0.20233463035019456,0.08773011177674178,0.052587200876160436,0.0,0.0,0.2687338501291989
networkcentra,0.5,0.1,2.0,0.29638801509653423,0.1334349128147913,0.3333333333333333,0.0,0.6666666666666666,0.07638100936804092,0.04508017985388937,0.07142857142857142,0.0,0.25,0.11922289201346706,0.06563858725896324,0.07228915662650602,0.0,0.3333333333333333
networkcentra,0.5,0.1,3.0,0.3306589769249064,0.1477749963506746,0.5,0.0,0.7692307692307693,0.0843723969365174,0.04839096870274944,0.07692307692307693,0.0,0.2857142857142857,0.1319350123208722,0.07074191989332258,0.14285714285714285,0.0,0.38095238095238093
networkcentra,0.5,0.1,5.0,0.35457103871039947,0.1533838674926318,0.5,0.0,0.8181818181818182,0.0901343660674438,0.05076042261485934,0.043478260869565216,0.0,0.3333333333333333,0.14102928660735412,0.0740849391218932,0.0,0.0,0.4736842105263157
networkcentra,0.5,0.25,0,0.14825496175190148,0.07660114243934502,0.0,0.0,0.42105263157894735,0.039314919914548704,0.02825466629539552,0.0,0.0,0.20233463035019456,0.060918776791003486,0.04023048771582624,0.0,0.0,0.2687338501291989
networkcentra,0.5,0.25,0.1,0.15496640256108815,0.07815931991825051,0.0,0.0,0.4096153846153846,0.041492759174008166,0.029243314622053016,0.0,0.0,0.20719844357976655,0.06421156790840178,0.04160997752391628,0.0,0.0,0.2751937984496124
networkcentra,0.5,0.25,0.25,0.17134075814001423,0.08264522517282302,0.14285714285714285,0.0,0.5625,0.04488633512426684,0.029478716969522242,0.0,0.0,0.20817120622568094,0.0697442759484731,0.042054996441294144,0.0,0.0,0.27648578811369506
networkcentra,0.5,0.25,0.5,0.18677801464984753,0.0885678727529006,0.2,0.0,0.4444444444444444,0.049447247022236435,0.032656014488945846,0.029411764705882353,0.0,0.21108949416342412,0.07670595884269199,0.04647528797978522,0.07142857142857142,0.0,0.2803617571059432
networkcentra,0.5,0.25,0.75,0.2058209544550294,0.09632276737115746,0.2857142857142857,0.0,0.5,0.054167878282231526,0.035937770515042954,0.041666666666666664,0.0,0.25,0.08412494506340674,0.05116095576911763,0.0,0.0,0.3333333333333333
networkcentra,0.5,0.25,1.0,0.22482152490758994,0.10083863963846666,0.3333333333333333,0.0,0.47619047619047616,0.059413960720971104,0.036758298606750416,0.0,0.0,0.21428571428571427,0.09225429643854087,0.05262470583231054,0.0,0.0,0.2857142857142857
networkcentra,0.5,0.25,2.0,0.29756035992377616,0.12980312246194342,0.5,0.0,0.8181818181818182,0.0769511789117875,0.046788507231551216,0.07692307692307693,0.0,0.3333333333333333,0.11998306258384978,0.06730101734249665,0.06896551724137931,0.0,0.4736842105263157
networkcentra,0.5,0.25,3.0,0.33204654929101884,0.14394138489130748,0.5,0.0,0.7222222222222222,0.08503610873870847,0.04838856800028766,0.06043956043956044,0.0,0.25925925925925924,0.1329056668213462,0.0706227320336391,0.14285714285714285,0.0,0.368421052631579
networkcentra,0.5,0.25,5.0,0.35647595183644754,0.1533523556085404,0.25,0.0,0.7333333333333333,0.09091644261675762,0.05054051008378424,0.08163265306122448,0.0,0.2962962962962963,0.1422200817096027,0.07389158183751472,0.0,0.0,0.42105263157894735
networkcentra,0.5,0.5,0,0.1680252169159407,0.08181319936036667,0.2,0.0,0.4642857142857143,0.04465995477109047,0.03176626153747074,0.0,0.0,0.23214285714285715,0.06913805609873078,0.04459980325884082,0.0,0.0,0.30952380952380953
networkcentra,0.5,0.5,0.1,0.17895183977975154,0.08536228011611,0.14285714285714285,0.0,0.4096153846153846,0.04707559635710485,0.03159584656256373,0.023809523809523808,0.0,0.20719844357976655,0.07308481443778325,0.04488635693297301,0.07142857142857142,0.0,0.2751937984496124
networkcentra,0.5,0.5,0.25,0.18906916764264542,0.08375654562543344,0.21052631578947367,0.0,0.47619047619047616,0.04987550842848899,0.031685042255229307,0.014492753623188406,0.0,0.19844357976653695,0.07743418236333136,0.04523264261314873,0.09090909090909091,0.0,0.26356589147286824
networkcentra,0.5,0.5,0.5,0.21224866547620383,0.09741582736681281,0.2,0.0,0.5454545454545454,0.05576500264007542,0.03552812477444115,0.05555555555555555,0.0,0.2222222222222222,0.08669065984531565,0.050835632267576286,0.08571428571428572,0.0,0.3157894736842105
networkcentra,0.5,0.5,0.75,0.23186372630007887,0.09816772408329419,0.25,0.0,0.5357142857142857,0.060557492435944354,0.03567446861487422,0.053763440860215055,0.0,0.19941634241245138,0.09428948012498373,0.05134014949187156,0.06451612903225806,0.0,0.2648578811369509
networkcentra,0.5,0.5,1.0,0.25243990892087287,0.10447342539330189,0.3333333333333333,0.0,0.5555555555555556,0.06532376584331277,0.03741995552138464,0.125,0.0,0.20719844357976655,0.10184059127975396,0.05389258955967626,0.031746031746031744,0.0,0.2751937984496124
networkcentra,0.5,0.5,2.0,0.30687109402092366,0.13808617558529773,0.2,0.0,0.7272727272727273,0.07892088213180068,0.04608706561924929,0.07692307692307693,0.0,0.2962962962962963,0.12321797824103328,0.06706278709091663,0.0,0.0,0.42105263157894735
networkcentra,0.5,0.5,3.0,0.33626342554277655,0.14654473294260903,0.5,0.0,0.7222222222222222,0.08571042894884291,0.047942921219526966,0.07142857142857142,0.0,0.25925925925925924,0.1340606415423982,0.07022102074293063,0.11764705882352941,0.0,0.368421052631579
networkcentra,0.5,0.5,5.0,0.35846652839449744,0.1558021922373519,0.5,0.0,0.9090909090909091,0.09126888249587051,0.05178281652835109,0.08163265306122448,0.0,0.37037037037037035,0.14279008554172637,0.07543475031995685,0.14285714285714285,0.0,0.5263157894736842
networkcentra,0.5,0.75,0,0.19884549005057822,0.0877477684852155,0.25,0.0,0.5,0.051830044987989536,0.03228213316399455,0.03571428571428571,0.0,0.21206225680933852,0.08061688571704967,0.046158162310652034,0.13333333333333333,0.0,0.28165374677002586
networkcentra,0.5,0.75,0.1,0.1978384974201072,0.0869161727349226,0.2,0.0,0.5217391304347826,0.051544336831234785,0.03219808219552225,0.04081632653061224,0.0,0.21498054474708173,0.08020644218148311,0.04578773789757163,0.0,0.0,0.28552971576227393
networkcentra,0.5,0.75,0.25,0.2104094890095028,0.08995082283218558,0.2,0.0,0.46153846153846156,0.05504406253843067,0.03322247389530325,0.029411764705882353,0.0,0.19649805447470817,0.08559458414402357,0.04769916993431647,0.07142857142857142,0.0,0.26098191214470284
networkcentra,0.5,0.75,0.5,0.23051724946688606,0.09287678205912797,0.2,0.0,0.47619047619047616,0.06001777743970338,0.03511401794047503,0.043478260869565216,0.0,0.21428571428571427,0.09341015097829979,0.04994922259974872,0.0,0.0,0.2857142857142857
networkcentra,0.5,0.75,0.75,0.25085957326856806,0.10136983770154867,0.3333333333333333,0.0,0.5357142857142857,0.06505756996066034,0.03733820747897772,0.04081632653061224,0.0,0.26785714285714285,0.10142808621337891,0.05331638424743851,0.05517241379310345,0.0,0.3571428571428571
networkcentra,0.5,0.75,1.0,0.265009950974487,0.11866296139568958,0.5,0.0,0.6470588235294118,0.06862226615012242,0.040935965339948664,0.04081632653061224,0.0,0.25,0.10698607577551011,0.05914759813384851,0.06451612903225806,0.0,0.3333333333333333
networkcentra,0.5,0.75,2.0,0.3166295726202917,0.13701618376127905,0.4,0.0,0.6666666666666666,0.08083741336851874,0.04580444858414304,0.1111111111111111,0.0,0.2857142857142857,0.1263642118056007,0.066602089740338,0.14285714285714285,0.0,0.38095238095238093
networkcentra,0.5,0.75,3.0,0.33679828980349746,0.15058382581164478,0.5,0.0,0.7777777777777778,0.08623443135151479,0.04983072689374975,0.07142857142857142,0.0,0.2962962962962963,0.1347648828592191,0.07268380628059061,0.15789473684210525,0.0,0.42105263157894735
networkcentra,0.5,0.75,5.0,0.36518204381961383,0.1498120048862408,0.5,0.0,0.7692307692307693,0.09268840310048182,0.04999744138194893,0.07142857142857142,0.0,0.2962962962962963,0.1450810312298244,0.0728033798426823,0.09523809523809525,0.0,0.42105263157894735
networkcentra,0.5,1.0,0,0.2112620335912512,0.08697596392167399,0.25,0.0,0.46153846153846156,0.054571809621445866,0.031563062481688574,0.05063291139240506,0.0,0.20622568093385213,0.08506817197525653,0.04502429696166895,0.07142857142857142,0.0,0.27390180878552967
networkcentra,0.5,1.0,0.1,0.22010981315485198,0.09215276998127002,0.2,0.0,0.5,0.05746488964701232,0.03500185138528135,0.1111111111111111,0.0,0.23214285714285715,0.08937978300173093,0.04982303103507612,0.0625,0.0,0.30952380952380953
networkcentra,0.5,1.0,0.25,0.22741202588472184,0.09397259369622396,0.25,0.0,0.5,0.05853412058696631,0.03351314138652831,0.05263157894736842,0.0,0.20428015564202334,0.09130823284785301,0.04802273087315101,0.1276595744680851,0.0,0.2713178294573643
networkcentra,0.5,1.0,0.5,0.24673494379470612,0.10406825574143133,0.2,0.0,0.5454545454545454,0.0643156656291871,0.038932063341056956,0.03571428571428571,0.0,0.25,0.10012547426749208,0.05547022359138435,0.07142857142857142,0.0,0.3333333333333333
networkcentra,0.5,1.0,0.75,0.25912928252312906,0.1029184751482202,0.2222222222222222,0.0,0.5238095238095238,0.06675382305852864,0.03723465954324103,0.041666666666666664,0.0,0.19941634241245138,0.1041092624744088,0.05327955517464449,0.06965174129353234,0.0,0.2648578811369509
networkcentra,0.5,1.0,1.0,0.2779922413280577,0.11117253896608709,0.3333333333333333,0.0,0.5555555555555556,0.07147516530109907,0.0392126827548185,0.061224489795918366,0.0,0.23214285714285715,0.11160148083129497,0.056537256541124584,0.07142857142857142,0.0,0.30952380952380953
networkcentra,0.5,1.0,2.0,0.31698774102596894,0.14192015560310567,0.3333333333333333,0.0,0.7272727272727273,0.08097989525905748,0.04825978434109891,0.07017543859649122,0.0,0.32142857142857145,0.12651851717607446,0.06981833815890677,0.08571428571428572,0.0,0.4285714285714286
networkcentra,0.5,1.0,3.0,0.34071440188543334,0.14778606082990187,0.5,0.0,0.8181818181818182,0.0870503674494679,0.04952125539070357,0.08333333333333333,0.0,0.3333333333333333,0.13607990356351787,0.07210067027731967,0.12903225806451613,0.0,0.4736842105263157
networkcentra,0.5,1.0,5.0,0.36204419862605114,0.1529460189103024,0.25,0.0,0.8181818181818182,0.09191759567453184,0.05118104962085597,0.08333333333333333,0.0,0.3333333333333333,0.14384761607017657,0.07448943462656336,0.13333333333333333,0.0,0.4736842105263157
networkcentra,0.5,2.0,0,0.24680943698581972,0.1030355600944962,0.25,0.0,0.6,0.06313249075819488,0.034788487646515306,0.08333333333333333,0.0,0.20233463035019456,0.09860218403080231,0.05016411206662339,0.10344827586206896,0.0,0.2687338501291989
networkcentra,0.5,2.0,0.1,0.2549596787269059,0.10605593254917803,0.3333333333333333,0.0,0.5555555555555556,0.06537457074914127,0.03688190460407529,0.043478260869565216,0.0,0.2222222222222222,0.10208786146618316,0.05326858349308684,0.06451612903225806,0.0,0.3157894736842105
networkcentra,0.5,2.0,0.25,0.26385480198740946,0.11178392567841794,0.3333333333333333,0.05,0.6153846153846154,0.06758233673044224,0.03737365004355207,0.047619047619047616,0.005376344086021506,0.21428571428571427,0.10549752918434854,0.05402185019105578,0.03389830508474576,0.00970873786407767,0.2857142857142857
networkcentra,0.5,2.0,0.5,0.2707612756618395,0.11265170944170419,0.25,0.0,0.6111111111111112,0.0694115301534299,0.03898254176451454,0.07692307692307693,0.0,0.2222222222222222,0.10838771360167215,0.0560726007991395,0.07407407407407407,0.0,0.3157894736842105
networkcentra,0.5,2.0,0.75,0.28519316113411924,0.12635930816323812,0.5,0.0,0.6923076923076923,0.07316454135365667,0.04244159847973602,0.07692307692307693,0.0,0.25925925925925924,0.11426483443038173,0.061752803456100284,0.07407407407407407,0.0,0.368421052631579
networkcentra,0.5,2.0,1.0,0.2923743748276346,0.12343955695310872,0.2,0.0,0.6428571428571429,0.07478332054841187,0.0415470420281901,0.043478260869565216,0.0,0.23214285714285715,0.11686512166258993,0.06036033726414693,0.07407407407407407,0.0,0.3157894736842105
networkcentra,0.5,2.0,2.0,0.3264505661363629,0.13776072208808945,0.5,0.0,0.7222222222222222,0.08294192602432175,0.04489201571634546,0.07692307692307693,0.0,0.25,0.1297543925914736,0.06539055083358626,0.14285714285714285,0.0,0.3333333333333333
networkcentra,0.5,2.0,3.0,0.35095533041018984,0.14623095610905,0.5,0.0,0.7692307692307693,0.08906767201977214,0.04859978492380614,0.07142857142857142,0.0,0.2962962962962963,0.1393894909607254,0.07072068026680885,0.06896551724137931,0.0,0.42105263157894735
networkcentra,0.5,2.0,5.0,0.3663939447791477,0.15210985572861338,0.3333333333333333,0.09523809523809523,0.8181818181818182,0.0930977445265801,0.050620975447931094,0.061224489795918366,0.0102880658436214,0.3333333333333333,0.1456808871711915,0.07373642517729702,0.15789473684210525,0.019011406844106463,0.4736842105263157
networkcentra,0.5,3.0,0,0.26804852726520567,0.11338630714768266,0.3333333333333333,0.04201680672268908,0.6428571428571429,0.06874477930245865,0.03800366021096237,0.02040816326530612,0.0029411764705882353,0.21428571428571427,0.10733883182584655,0.05496153309393559,0.0625,0.005509641873278236,0.2857142857142857
networkcentra,0.5,3.0,0.1,0.2674880762941475,0.11307001719404577,0.25,0.0,0.6428571428571429,0.06833624821406506,0.03701396758044893,0.04081632653061224,0.0,0.19747081712062256,0.1068623272826707,0.054175951114673236,0.09523809523809523,0.0,0.2702702702702703
networkcentra,0.5,3.0,0.25,0.2737401330269979,0.11362961893923776,0.25,0.04201680672268908,0.6153846153846154,0.07011841367317106,0.038613721302184593,0.05263157894736842,0.005272407732864675,0.2222222222222222,0.10947330176551576,0.05567644535927066,0.13333333333333333,0.00972447325769854,0.3157894736842105
networkcentra,0.5,3.0,0.5,0.28436300089175476,0.12152422296393095,0.25,0.0,0.6428571428571429,0.07251123304342247,0.03987676815764363,0.061224489795918366,0.0,0.21428571428571427,0.1133912039006726,0.058050372361599746,0.14545454545454545,0.0,0.28888888888888886
networkcentra,0.5,3.0,0.75,0.2909527152868801,0.12512585594777886,0.3333333333333333,0.075,0.6923076923076923,0.07442318169423245,0.041859571912559394,0.1111111111111111,0.006172839506172839,0.25925925925925924,0.11624926952712908,0.06072427302683289,0.10526315789473685,0.011406844106463879,0.368421052631579
networkcentra,0.5,3.0,1.0,0.3016502576991893,0.13105346000298035,0.5,0.05042016806722689,0.6666666666666666,0.07736916325301113,0.044058386698037175,0.09090909090909091,0.0035149384885764497,0.25,0.12083886017844078,0.06416276457765169,0.13793103448275862,0.0065897858319604605,0.3333333333333333
networkcentra,0.5,3.0,2.0,0.32622803784501103,0.13797832361061538,0.5,0.08333333333333333,0.7142857142857143,0.08332348192865549,0.045315335455424995,0.07692307692307693,0.007029876977152899,0.23214285714285715,0.13028052354636233,0.06624742763728673,0.14285714285714285,0.012965964343598053,0.32876712328767127
networkcentra,0.5,3.0,3.0,0.3480608100096647,0.14333765296703824,0.4,0.09243697478991597,0.7142857142857143,0.08885289411399035,0.048322670821427605,0.07142857142857142,0.010279001468428781,0.2857142857142857,0.1389048299084924,0.07031715839042892,0.11764705882352941,0.019011406844106463,0.38095238095238093
networkcentra,0.5,3.0,5.0,0.36873547044485344,0.15287390951058444,0.5,0.09774436090225563,0.8333333333333334,0.09365996475926659,0.0503652428901571,0.08163265306122448,0.010279001468428781,0.3333333333333333,0.14660049373580558,0.07360688154781868,0.14285714285714285,0.019011406844106463,0.4736842105263157
networkcentra,0.5,5.0,0,0.2516315581702163,0.13072205713322893,0.25,0.0,0.6153846153846154,0.0646474186729166,0.04057596672746201,0.05263157894736842,0.0,0.2222222222222222,0.10100483978465952,0.0599218752928124,0.05970149253731343,0.0,0.3157894736842105
networkcentra,0.5,5.0,0.1,0.2586101471144367,0.1327614619485771,0.2,0.025,0.6538461538461539,0.06639509792231209,0.04000462494362617,0.1111111111111111,0.0017574692442882249,0.18518518518518517,0.10375674238697609,0.0595003154205394,0.13333333333333333,0.0032948929159802303,0.27586206896551724
networkcentra,0.5,5.0,0.25,0.26344521812821425,0.1332660522866702,0.5,0.02631578947368421,0.6538461538461539,0.06819600248110733,0.041397633728980344,0.03571428571428571,0.0017574692442882249,0.19230769230769232,0.10641240213576877,0.061316211483943894,0.056074766355140186,0.0032948929159802303,0.28169014084507044
networkcentra,0.5,5.0,0.5,0.2665577710358376,0.13829187010472319,0.5,0.0136986301369863,0.6363636363636364,0.06865905052972923,0.04210760302513899,0.07692307692307693,0.00205761316872428,0.20588235294117646,0.10725219983879405,0.06262278229286994,0.13333333333333333,0.0038022813688212928,0.3111111111111111
networkcentra,0.5,5.0,0.75,0.27394836388587396,0.14092996588073808,0.25,0.0136986301369863,0.6153846153846154,0.07072014878694449,0.0439434243825848,0.04081632653061224,0.002034587995930824,0.23214285714285715,0.11038561103831038,0.06474041063905418,0.0625,0.003683241252302025,0.3157894736842105
networkcentra,0.5,5.0,1.0,0.2784013665298422,0.1437408322256406,0.2,0.02040816326530612,0.6363636363636364,0.07186689368433075,0.04411295062326257,0.10204081632653061,0.0017574692442882249,0.25925925925925924,0.1122179972662845,0.0654638229727023,0.125,0.0032948929159802303,0.368421052631579
networkcentra,0.5,5.0,2.0,0.29449854319419544,0.15295714979603797,0.5,0.025,0.6923076923076923,0.07571703263094347,0.04658064560323211,0.1111111111111111,0.00205761316872428,0.26785714285714285,0.11833783299144426,0.06918749511666177,0.07407407407407407,0.0038022813688212928,0.3571428571428571
networkcentra,0.5,5.0,3.0,0.31875737099097295,0.16112980067577945,0.3333333333333333,0.025,0.6923076923076923,0.08202678234284272,0.050062295940744586,0.12244897959183673,0.002688172043010753,0.25925925925925924,0.12818846002143577,0.07422767095859202,0.11764705882352941,0.004854368932038835,0.368421052631579
networkcentra,0.5,5.0,5.0,0.34111888899557413,0.16487630437058354,0.25,0.03225806451612903,0.7272727272727273,0.08781017999223639,0.051485554853872795,0.07142857142857142,0.004069175991861648,0.2962962962962963,0.1372017979289584,0.07603949803904443,0.07962529274004683,0.00736648250460405,0.42105263157894735
networkcentra,0.75,0,0,0.11545607445470361,0.07075139624409671,0.0,0.0,0.38846153846153847,0.03162535161736602,0.026659038463728763,0.0,0.0,0.19649805447470817,0.048642173475509795,0.03755419506043974,0.0,0.0,0.26098191214470284
networkcentra,0.75,0,0.1,0.11914538985052257,0.07046310433417191,0.0,0.0,0.36153846153846153,0.03199024289752733,0.025356579500008913,0.0,0.0,0.1828793774319066,0.04942525771775205,0.03600584467189145,0.0,0.0,0.24289405684754525
networkcentra,0.75,0,0.25,0.13362195688328077,0.07938315954613495,0.0,0.0,0.43478260869565216,0.035975730914022674,0.028352202769159007,0.0,0.0,0.19649805447470817,0.05553426925504052,0.04029040488030138,0.0,0.0,0.26098191214470284
networkcentra,0.75,0,0.5,0.14716412536695095,0.08104497535501003,0.16666666666666666,0.0,0.4076923076923077,0.039969991951852635,0.030690395049574742,0.0,0.0,0.20622568093385213,0.061670647198986996,0.043465484515812954,0.0,0.0,0.27390180878552967
networkcentra,0.75,0,0.75,0.16263464881334813,0.08883829201534364,0.0,0.0,0.5,0.043442926301774897,0.03191696623137382,0.0,0.0,0.20525291828793774,0.06727367549214726,0.04571452280487642,0.0,0.0,0.272609819121447
networkcentra,0.75,0,1.0,0.19419593068637606,0.09932399288683051,0.2,0.0,0.5,0.05143522262999811,0.03466106383591582,0.0,0.0,0.19747081712062256,0.07982517829025114,0.04999025655410302,0.0,0.0,0.2622739018087855
networkcentra,0.75,0,2.0,0.2760769291595137,0.12760139993894912,0.25,0.0,0.6363636363636364,0.07203012496989859,0.04483485578487738,0.061224489795918366,0.0,0.26785714285714285,0.1121944477447704,0.06502311404105192,0.10526315789473684,0.0,0.368421052631579
networkcentra,0.75,0,3.0,0.3261138114454258,0.1433100085876772,0.25,0.0,0.8181818181818182,0.08406737041688951,0.04959041915232779,0.1,0.0,0.3333333333333333,0.13119917728279507,0.07194824961201748,0.13333333333333333,0.0,0.4736842105263157
networkcentra,0.75,0,5.0,0.35434733759850495,0.15759724618589657,0.3333333333333333,0.0,0.9090909090909091,0.09015403866276125,0.05170837666636279,0.07142857142857142,0.0,0.37037037037037035,0.14108608332275974,0.07564930257037762,0.13793103448275862,0.0,0.5263157894736842
networkcentra,0.75,0.1,0,0.11898169520038725,0.0724414023333978,0.0,0.0,0.4,0.03235313690429503,0.026344740435633295,0.0,0.0,0.20038910505836577,0.04987936249024461,0.037524729353873625,0.0,0.0,0.2661498708010336
networkcentra,0.75,0.1,0.1,0.12732895938375358,0.07441189859825494,0.0,0.0,0.3888888888888889,0.034572386201807685,0.027454132264851227,0.0,0.0,0.193579766536965,0.053297823469043465,0.03890841373566986,0.0,0.0,0.25710594315245483
networkcentra,0.75,0.1,0.25,0.1405526055864648,0.07818652418971424,0.0,0.0,0.4090909090909091,0.03802167666644587,0.029057857688470416,0.0,0.0,0.20038910505836577,0.05872533870918309,0.041322606844678804,0.0,0.0,0.2661498708010336
networkcentra,0.75,0.1,0.5,0.16127521539418718,0.0830382781900322,0.0,0.0,0.4,0.04291522610671794,0.0301927944961752,0.0,0.0,0.20233463035019456,0.06645624110807749,0.043084008960564045,0.0,0.0,0.2687338501291989
networkcentra,0.75,0.1,0.75,0.17900519024404138,0.08437829691976269,0.2,0.0,0.45454545454545453,0.047494646112562225,0.03199758778789672,0.0,0.0,0.21428571428571427,0.07362911314531276,0.04534020070315872,0.0,0.0,0.2857142857142857
networkcentra,0.75,0.1,1.0,0.2010456159630936,0.0953318721862572,0.25,0.0,0.47619047619047616,0.05315677919379476,0.03442901268876476,0.07142857142857142,0.0,0.19844357976653695,0.08252660957789623,0.04942195985476914,0.0,0.0,0.26356589147286824
networkcentra,0.75,0.1,2.0,0.2833655949750093,0.12821119050861868,0.5,0.0,0.6363636363636364,0.07365346300653308,0.044161564669780294,0.07142857142857142,0.0,0.25925925925925924,0.11483889691074776,0.0643382625434841,0.0967741935483871,0.0,0.368421052631579
networkcentra,0.75,0.1,3.0,0.3255571008632094,0.14742523978926841,0.5,0.0,0.7333333333333333,0.08304949660301698,0.047698837021341436,0.07142857142857142,0.0,0.25925925925925924,0.12988875959393814,0.0699595968030714,0.0,0.0,0.368421052631579
networkcentra,0.75,0.1,5.0,0.355242304286062,0.15812693008654716,0.25,0.0,0.9090909090909091,0.09044098124370402,0.05174169683039749,0.08163265306122448,0.0,0.37037037037037035,0.14149841681023922,0.0755520454988068,0.13793103448275862,0.0,0.5263157894736842
networkcentra,0.75,0.25,0,0.1272481692214987,0.07187305518927882,0.0,0.0,0.38269230769230766,0.03449155827469274,0.02666052626985353,0.0,0.0,0.193579766536965,0.05320319756377022,0.037732302460276985,0.0,0.0,0.25710594315245483
networkcentra,0.75,0.25,0.1,0.1438821194136081,0.08118888623854482,0.0,0.0,0.4444444444444444,0.03859652296584285,0.029321133707031478,0.0,0.0,0.20914396887159534,0.05966507957558854,0.041826034263024794,0.0,0.0,0.2777777777777778
networkcentra,0.75,0.25,0.25,0.150576092927262,0.08524718357249533,0.0,0.0,0.4230769230769231,0.04034710217810341,0.03022068597780569,0.0,0.0,0.2140077821011673,0.062479237293079776,0.04344091090991176,0.0,0.0,0.2842377260981912
networkcentra,0.75,0.25,0.5,0.16873809206006724,0.08783655879544718,0.14285714285714285,0.0,0.4269230769230769,0.045257911938611825,0.03209822883066513,0.0,0.0,0.21595330739299612,0.07002859454054226,0.04604929699393502,0.0,0.0,0.28682170542635665
networkcentra,0.75,0.25,0.75,0.19816332114840043,0.09386975434624603,0.25,0.0,0.4642857142857143,0.05201117717884976,0.032770063374378315,0.0,0.0,0.20330739299610895,0.08091158406412599,0.04739176792816693,0.0,0.0,0.27002583979328165
networkcentra,0.75,0.25,1.0,0.21276927587725195,0.10083624880255246,0.2,0.0,0.4782608695652174,0.056153839152726266,0.0364601240944305,0.0,0.0,0.23214285714285715,0.08722397388244578,0.05234107904494406,0.0,0.0,0.30952380952380953
networkcentra,0.75,0.25,2.0,0.29164165447126345,0.12957493215751067,0.2,0.0,0.6363636363636364,0.07541849618872816,0.044710872361120556,0.0,0.0,0.25925925925925924,0.11766460927263649,0.06492708709980693,0.0,0.0,0.368421052631579
networkcentra,0.75,0.25,3.0,0.3273185134918943,0.13926730088813627,0.5,0.0,0.7222222222222222,0.0839498636179835,0.04684062663142999,0.07142857142857142,0.0,0.26785714285714285,0.13119438322184318,0.06828058281363,0.14285714285714285,0.0,0.368421052631579
networkcentra,0.75,0.25,5.0,0.3589300233875466,0.15105724761482045,0.3333333333333333,0.0,0.8181818181818182,0.09120513794731497,0.050222685304362705,0.05263157894736842,0.0,0.3333333333333333,0.14278029465143935,0.07332845150002287,0.163265306122449,0.0,0.4736842105263157
networkcentra,0.75,0.5,0,0.1570031936334072,0.08129668971004161,0.0,0.0,0.391304347826087,0.04215263598359894,0.030326275778549554,0.0,0.0,0.19649805447470817,0.065227805691992,0.04320294140284705,0.0,0.0,0.26098191214470284
networkcentra,0.75,0.5,0.1,0.15368019784904666,0.07232679680296263,0.14285714285714285,0.0,0.39615384615384613,0.040954276517301734,0.02814255720080804,0.0,0.0,0.20038910505836577,0.06340241432249255,0.039490868795673095,0.0,0.0,0.2661498708010336
networkcentra,0.75,0.5,0.25,0.17408307447995972,0.07904789385453732,0.2222222222222222,0.0,0.391304347826087,0.045645699468630105,0.029094090660514913,0.05555555555555555,0.0,0.193579766536965,0.07092843600029931,0.04152783023455648,0.0,0.0,0.25710594315245483
networkcentra,0.75,0.5,0.5,0.1954507858793353,0.09492497615802813,0.2,0.0,0.5,0.05158380853010411,0.03339250323259643,0.0,0.0,0.20525291828793774,0.08010640504802108,0.0481849347744036,0.0,0.0,0.272609819121447
networkcentra,0.75,0.5,0.75,0.21778062575188864,0.09582873588810838,0.25,0.0,0.5,0.05742036274326103,0.036925536270683824,0.047619047619047616,0.0,0.25,0.08915227817074052,0.052358383639894396,0.10344827586206896,0.0,0.3333333333333333
networkcentra,0.75,0.5,1.0,0.24053531775242573,0.10213963689685816,0.25,0.0,0.5454545454545454,0.06287545367895096,0.037467293681638425,0.05263157894736842,0.0,0.2222222222222222,0.09782521345316234,0.053732507904675576,0.0,0.0,0.3157894736842105
networkcentra,0.75,0.5,2.0,0.29931708377736654,0.1332359402180629,0.25,0.0,0.6666666666666666,0.07692026841644166,0.045067659997933884,0.0851063829787234,0.0,0.26785714285714285,0.12013339442473729,0.06557148630570375,0.06896551724137931,0.0,0.3571428571428571
networkcentra,0.75,0.5,3.0,0.33431371216275263,0.14864210514450257,0.3333333333333333,0.0,0.75,0.08550388249450956,0.04910955175551704,0.061224489795918366,0.0,0.2962962962962963,0.13365319039785462,0.0717379683416441,0.0,0.0,0.42105263157894735
networkcentra,0.75,0.5,5.0,0.3608579452180452,0.15420612083216742,0.3333333333333333,0.0,0.8333333333333334,0.0921539931049403,0.05142651202255853,0.09090909090909091,0.0,0.3333333333333333,0.14407579373170246,0.07491747655823258,0.09523809523809525,0.0,0.4736842105263157
networkcentra,0.75,0.75,0,0.1736959186186636,0.07885020506622517,0.2,0.0,0.4,0.04582084660845355,0.029713256512223635,0.047619047619047616,0.0,0.20136186770428016,0.07111285349437295,0.04218508622055925,0.0,0.0,0.26744186046511625
networkcentra,0.75,0.75,0.1,0.1858141721212383,0.08475432928166649,0.2,0.0,0.47368421052631576,0.04901997779626222,0.033504268708035176,0.04081632653061224,0.0,0.20233463035019456,0.07600497041523423,0.04714300920168596,0.06451612903225806,0.0,0.2687338501291989
networkcentra,0.75,0.75,0.25,0.2010497306168739,0.0851951904448833,0.2,0.0,0.5,0.052332205936055136,0.0316256960236241,0.04081632653061224,0.0,0.20136186770428016,0.08141562744857561,0.0449296525289619,0.07142857142857142,0.0,0.26744186046511625
networkcentra,0.75,0.75,0.5,0.22306698916898032,0.08991733315406004,0.25,0.0,0.5,0.058052523239535206,0.03354958168631332,0.05063291139240506,0.0,0.20428015564202334,0.0903496451612014,0.047747521667232354,0.07407407407407407,0.0,0.2713178294573643
networkcentra,0.75,0.75,0.75,0.2350907850021662,0.09725146150346574,0.2,0.0,0.5384615384615384,0.060903948976310976,0.03481990612684944,0.07692307692307693,0.0,0.20330739299610895,0.09489048618212743,0.049856890850565314,0.05970149253731343,0.0,0.27002583979328165
networkcentra,0.75,0.75,1.0,0.2533493120383003,0.10811245272174258,0.3333333333333333,0.0,0.5555555555555556,0.06524715409094799,0.038119723721594556,0.05263157894736842,0.0,0.25,0.10178277518632974,0.05463930414752343,0.14285714285714285,0.0,0.3333333333333333
networkcentra,0.75,0.75,2.0,0.3078588332001179,0.13544714451393658,0.25,0.041666666666666664,0.6842105263157895,0.078931625540128,0.04481999542983374,0.07017543859649122,0.00411522633744856,0.25925925925925924,0.12327243846916253,0.06524739202698303,0.11428571428571428,0.0076045627376425855,0.368421052631579
networkcentra,0.75,0.75,3.0,0.3355547159577059,0.14661070810450258,0.25,0.0,0.7142857142857143,0.08556625049707006,0.04888615110291251,0.061224489795918366,0.0,0.2857142857142857,0.133774653547955,0.0711847085608547,0.11764705882352941,0.0,0.38095238095238093
networkcentra,0.75,0.75,5.0,0.3625059043562876,0.1564039144571935,0.3333333333333333,0.0,0.8181818181818182,0.09199851854368526,0.051381806162675125,0.043478260869565216,0.0,0.3333333333333333,0.14405591015220173,0.07513702701915609,0.13333333333333333,0.0,0.4736842105263157
networkcentra,0.75,1.0,0,0.1994705071557055,0.08286562738573658,0.3333333333333333,0.0,0.4827586206896552,0.052064567005419594,0.03163847804661074,0.05714285714285714,0.0,0.2169260700389105,0.08095807747444408,0.04485174885810135,0.0,0.0,0.2881136950904393
networkcentra,0.75,1.0,0.1,0.20570946836848078,0.08342763420128901,0.25,0.0,0.42857142857142855,0.05349970661007516,0.03122364330288374,0.04081632653061224,0.0,0.20330739299610895,0.08325394066319092,0.04428483216668325,0.06451612903225806,0.0,0.27002583979328165
networkcentra,0.75,1.0,0.25,0.2154747494534031,0.08531605602669201,0.25,0.0,0.4523809523809524,0.05605253470382181,0.032190489929307474,0.05263157894736842,0.0,0.20428015564202334,0.08727410594818744,0.04573664348754252,0.06896551724137931,0.0,0.2713178294573643
networkcentra,0.75,1.0,0.5,0.23386413799810288,0.10109973167417134,0.2,0.0,0.5555555555555556,0.06069773877344669,0.03648228884772891,0.07142857142857142,0.0,0.23214285714285715,0.09451910614492283,0.05217417879916679,0.06349206349206349,0.0,0.30952380952380953
networkcentra,0.75,1.0,0.75,0.24700553485829488,0.10697763228447868,0.21052631578947367,0.0,0.5294117647058824,0.06406949336293931,0.03743585866231836,0.05263157894736842,0.0,0.2,0.09984345694039598,0.05404411467271257,0.07142857142857142,0.0,0.28205128205128205
networkcentra,0.75,1.0,1.0,0.261944445775793,0.11100168781453994,0.25,0.0,0.5263157894736842,0.06716900903876712,0.037778669271327545,0.043478260869565216,0.0,0.20909090909090908,0.1049137925885463,0.05474686743400802,0.06896551724137931,0.0,0.2948717948717948
networkcentra,0.75,1.0,2.0,0.31350388932068785,0.13511176674599343,0.5,0.0,0.6666666666666666,0.08024139675445596,0.04549186479925404,0.061224489795918366,0.0,0.23214285714285715,0.12540789121362123,0.06638118130732672,0.11764705882352941,0.0,0.32876712328767127
networkcentra,0.75,1.0,3.0,0.3433265407171421,0.1451538866690634,0.25,0.0,0.7222222222222222,0.08710087476754796,0.047689916367646884,0.07142857142857142,0.0,0.26785714285714285,0.13632031855932597,0.06965357807042497,0.14285714285714285,0.0,0.368421052631579
networkcentra,0.75,1.0,5.0,0.35871583703310383,0.1504172167926465,0.6666666666666666,0.0,0.7272727272727273,0.09108852777749886,0.05009937339446825,0.05,0.0,0.30357142857142855,0.14256926310935128,0.07297035734734254,0.09523809523809525,0.0,0.42105263157894735
networkcentra,0.75,2.0,0,0.24242811461814665,0.10710975239039502,0.3333333333333333,0.0,0.5,0.061958852944816074,0.03581868287944486,0.10185185185185185,0.0,0.20038910505836577,0.09678595151548365,0.051830085390429166,0.0625,0.0,0.2661498708010336
networkcentra,0.75,2.0,0.1,0.24683117517025283,0.10006756416652493,0.2,0.0,0.5,0.06350529789532373,0.03545777783894259,0.034482758620689655,0.0,0.21428571428571427,0.09906961004414258,0.05072584976917545,0.08275862068965517,0.0,0.2857142857142857
networkcentra,0.75,2.0,0.25,0.25106336485156877,0.10374671950482824,0.2,0.0,0.5789473684210527,0.06426231891849588,0.03674309804472017,0.1111111111111111,0.0,0.23214285714285715,0.10030767804934959,0.05263554902288711,0.13333333333333333,0.0,0.30952380952380953
networkcentra,0.75,2.0,0.5,0.2609622438711525,0.10800219759188566,0.3333333333333333,0.0,0.5714285714285714,0.06668529931500473,0.03717766965379894,0.07142857142857142,0.0,0.19090909090909092,0.1042123816804731,0.05391042341559306,0.14285714285714285,0.0,0.2692307692307692
networkcentra,0.75,2.0,0.75,0.2729293728522493,0.11630091760354416,0.25,0.0,0.6111111111111112,0.07014743768438746,0.040222366657752036,0.04081632653061224,0.0,0.23214285714285715,0.10952098230461922,0.0581595085867068,0.13333333333333333,0.0,0.3157894736842105
networkcentra,0.75,2.0,1.0,0.2878419728489638,0.12203661241690916,0.5,0.058823529411764705,0.7142857142857143,0.0739488209682602,0.04173868771117816,0.061224489795918366,0.007029876977152899,0.25925925925925924,0.11543794981079156,0.06035114116581153,0.0625,0.012965964343598053,0.368421052631579
networkcentra,0.75,2.0,2.0,0.3252271352606166,0.1383482962350464,0.5,0.0970873786407767,0.7222222222222222,0.08307222306505752,0.04608069974310137,0.08163265306122448,0.007957559681697613,0.25,0.12985068403083863,0.06719067492206753,0.11764705882352941,0.01488833746898263,0.33802816901408445
networkcentra,0.75,2.0,3.0,0.35243510739548084,0.1444528960381774,0.5,0.1,0.7777777777777778,0.0893347004600277,0.04750372808599021,0.1388888888888889,0.00823045267489712,0.2857142857142857,0.13984629233179696,0.06931010791974888,0.14285714285714285,0.015209125475285171,0.38095238095238093
networkcentra,0.75,2.0,5.0,0.36830138500082427,0.14992607105610858,0.6666666666666666,0.1111111111111111,0.7777777777777778,0.09337892080982158,0.049437791291512274,0.14285714285714285,0.0102880658436214,0.2962962962962963,0.14618509864121934,0.07212621909692557,0.09523809523809525,0.019011406844106463,0.42105263157894735
networkcentra,0.75,3.0,0,0.2590192845169405,0.1088661436286527,0.4,0.058823529411764705,0.5714285714285714,0.06628019224031698,0.03643956611959173,0.058823529411764705,0.006172839506172839,0.19642857142857142,0.10353395065182804,0.052906806453335085,0.14285714285714285,0.011406844106463879,0.26190476190476186
networkcentra,0.75,3.0,0.1,0.2572741192693919,0.10490818334414899,0.2,0.061224489795918366,0.6153846153846154,0.06573792446182962,0.03527417231330097,0.07692307692307693,0.006172839506172839,0.20330739299610895,0.10268773002072053,0.05085454808055683,0.06451612903225806,0.011406844106463879,0.27002583979328165
networkcentra,0.75,3.0,0.25,0.26293415629133043,0.11137096970935395,0.3333333333333333,0.0,0.6428571428571429,0.06718653625818814,0.03727479175302092,0.047619047619047616,0.0,0.2,0.1049988645952269,0.05415689533583748,0.16,0.0,0.30136986301369867
networkcentra,0.75,3.0,0.5,0.2774168289759233,0.11793202628253613,0.5,0.058823529411764705,0.6428571428571429,0.07092774313895117,0.03937487401932112,0.03571428571428571,0.007029876977152899,0.2222222222222222,0.11083250702597994,0.057297395823273395,0.1276595744680851,0.012965964343598053,0.3157894736842105
networkcentra,0.75,3.0,0.75,0.2866410773471041,0.12501191424395947,0.25,0.05263157894736842,0.7142857142857143,0.07306248607571803,0.040300571850638296,0.03571428571428571,0.0035149384885764497,0.2,0.11427204716290333,0.059018586335215825,0.0625,0.0065897858319604605,0.30769230769230765
networkcentra,0.75,3.0,1.0,0.2904830763378245,0.12543803812325185,0.125,0.0,0.6428571428571429,0.07392597495250407,0.040930155281551195,0.1111111111111111,0.0,0.2037037037037037,0.11567630965112315,0.060129140754149456,0.06896551724137931,0.0,0.3013698630136986
networkcentra,0.75,3.0,2.0,0.3244021119772109,0.13608809586149376,0.2,0.1,0.7272727272727273,0.08292020295389967,0.04605967592422218,0.07692307692307693,0.008787346221441126,0.2962962962962963,0.12963107688643513,0.0672449004383784,0.06896551724137931,0.01620745542949757,0.42105263157894735
networkcentra,0.75,3.0,3.0,0.3442840772245421,0.14400634365038836,0.3333333333333333,0.07142857142857142,0.7272727272727273,0.08793957376491486,0.048256323128171755,0.07142857142857142,0.009911894273127754,0.2962962962962963,0.13748834582269928,0.07028877043721356,0.10810810810810811,0.019223923104307584,0.42105263157894735
networkcentra,0.75,3.0,5.0,0.36716896368771834,0.1519003180377629,0.3333333333333333,0.07692307692307693,0.7777777777777778,0.09337576801267283,0.05000735365907353,0.1,0.008064516129032258,0.2857142857142857,0.14614745342814872,0.07319878933538239,0.11764705882352941,0.014598540145985403,0.38095238095238093
networkcentra,0.75,5.0,0,0.2539180654744475,0.1266519813858836,0.2,0.008403361344537815,0.6153846153846154,0.06532554595751464,0.03911596903199603,0.038461538461538464,0.0012106537530266344,0.18181818181818182,0.1020367833883484,0.05789872202508308,0.056074766355140186,0.0021164021164021165,0.273972602739726
networkcentra,0.75,5.0,0.1,0.25623213675094175,0.12650093027833617,0.5,0.029585798816568046,0.6153846153846154,0.06629593772121445,0.040262855976633864,0.05263157894736842,0.0029411764705882353,0.18518518518518517,0.10346709999416605,0.059412267111638786,0.06779661016949153,0.005509641873278236,0.273972602739726
networkcentra,0.75,5.0,0.25,0.26074645497073473,0.12918280038838814,0.5,0.02040816326530612,0.6153846153846154,0.06725095548539647,0.04047919166758534,0.04081632653061224,0.002347417840375587,0.19642857142857142,0.10499543662650586,0.05974519366093295,0.1509433962264151,0.0042105263157894745,0.28169014084507044
networkcentra,0.75,5.0,0.5,0.2679361217459488,0.13755602939425257,0.5,0.009708737864077669,0.6153846153846154,0.06892439224667346,0.04194735277725883,0.05,0.001017293997965412,0.21428571428571427,0.10766840216513683,0.062206546013832936,0.14285714285714285,0.0018416206261510125,0.28888888888888886
networkcentra,0.75,5.0,0.75,0.2704093322773115,0.13688514030286464,0.2857142857142857,0.025,0.6190476190476191,0.06992715804505616,0.04330821081986339,0.04081632653061224,0.002688172043010753,0.20634920634920634,0.1091558147242744,0.06402342008304002,0.06896551724137931,0.004854368932038835,0.30952380952380953
networkcentra,0.75,5.0,1.0,0.2756894457859988,0.14589126383824594,0.2857142857142857,0.019417475728155338,0.6818181818181818,0.07119326770598884,0.04482449399484766,0.07142857142857142,0.002034587995930824,0.2222222222222222,0.11118721650977496,0.06660997260502807,0.04938271604938272,0.003683241252302025,0.3333333333333333
networkcentra,0.75,5.0,2.0,0.29594156531799237,0.1535712053532518,0.4,0.020833333333333332,0.6875,0.07608746198054922,0.04644657107856811,0.043478260869565216,0.0017574692442882249,0.2222222222222222,0.11893891120762556,0.06921649731886464,0.14285714285714285,0.0032948929159802303,0.3157894736842105
networkcentra,0.75,5.0,3.0,0.3103488223437729,0.15575068583814955,0.5,0.02040816326530612,0.6923076923076923,0.07999059674526793,0.04795308833654908,0.07142857142857142,0.0017574692442882249,0.25925925925925924,0.12494445054061086,0.07097583896206387,0.14285714285714285,0.0032948929159802303,0.368421052631579
networkcentra,0.75,5.0,5.0,0.34465347594803925,0.16433597409585832,0.25,0.02912621359223301,0.7777777777777778,0.08873748139602161,0.05100184086043019,0.14285714285714285,0.0029411764705882353,0.2857142857142857,0.13865849485650422,0.07531563487316216,0.2,0.0053619302949061655,0.38095238095238093
networkcentra,1.0,0,0,0.11343982294881827,0.06806550165018764,0.0,0.0,0.36346153846153845,0.030809224652979673,0.025494167356932745,0.0,0.0,0.18385214007782102,0.04748258125073331,0.03604269414133687,0.0,0.0,0.24418604651162787
networkcentra,1.0,0,0.1,0.1098453463224157,0.07124972609308186,0.0,0.0,0.38653846153846155,0.029810061796083608,0.025648816462761025,0.0,0.0,0.19552529182879377,0.045963250793938766,0.036467755832441176,0.0,0.0,0.2596899224806202
networkcentra,1.0,0,0.25,0.1183651673041591,0.07477147671274571,0.0,0.0,0.4230769230769231,0.032537376707292044,0.028179285156094195,0.0,0.0,0.2140077821011673,0.050052914694209874,0.03983836271802282,0.0,0.0,0.2842377260981912
networkcentra,1.0,0,0.5,0.13800000351582092,0.07662944433226578,0.0,0.0,0.45652173913043476,0.036859423617687556,0.02865474218460211,0.0,0.0,0.19747081712062256,0.05692653474561363,0.040293719873004494,0.0,0.0,0.2692307692307692
networkcentra,1.0,0,0.75,0.15896337025854798,0.08724683591380097,0.125,0.0,0.5,0.042439359175239146,0.03158575787926284,0.0,0.0,0.2237354085603113,0.06572649613547665,0.04529929993835269,0.0,0.0,0.2971576227390181
networkcentra,1.0,0,1.0,0.18029473414817654,0.09119198246186322,0.2222222222222222,0.0,0.42105263157894735,0.047543417691164935,0.032411375730546456,0.0,0.0,0.19649805447470817,0.07375676523716007,0.046215811714010756,0.0,0.0,0.26190476190476186
networkcentra,1.0,0,2.0,0.26562427022011936,0.12759835205889852,0.25,0.0,0.6363636363636364,0.0693381626484344,0.04349421460114692,0.0,0.0,0.25925925925925924,0.10799711886589726,0.06354677298468202,0.0,0.0,0.368421052631579
networkcentra,1.0,0,3.0,0.3200829083990943,0.1409588551874991,0.375,0.0,0.6666666666666666,0.0828455196654132,0.048535280250060424,0.0,0.0,0.30357142857142855,0.1292354517091767,0.07056990580328078,0.08695652173913043,0.0,0.40476190476190477
networkcentra,1.0,0,5.0,0.35163611429655023,0.15629657757369259,0.3333333333333333,0.0,0.75,0.08963746136960858,0.051092545553472916,0.16666666666666666,0.0,0.30357142857142855,0.1402528372160254,0.07482050123586267,0.0,0.0,0.42105263157894735
networkcentra,1.0,0.1,0,0.1076766526858567,0.06741281397954274,0.0,0.0,0.40192307692307694,0.028685266133172876,0.023887313026303685,0.0,0.0,0.20330739299610895,0.04431522366094628,0.03379692713070635,0.0,0.0,0.27002583979328165
networkcentra,1.0,0.1,0.1,0.11685417753655947,0.07100644513404335,0.0,0.0,0.38653846153846155,0.03168015533533684,0.025555873266239034,0.0,0.0,0.19552529182879377,0.04884412716649044,0.03631843093377061,0.0,0.0,0.2596899224806202
networkcentra,1.0,0.1,0.25,0.13450369838319642,0.07768824070937222,0.0,0.0,0.4117647058823529,0.03589152765885691,0.027565247184179287,0.0,0.0,0.20330739299610895,0.05551496249366171,0.03921113023774836,0.0,0.0,0.27002583979328165
networkcentra,1.0,0.1,0.5,0.1444647024471681,0.07881411198850155,0.0,0.0,0.4166666666666667,0.038759619873650564,0.028944158949601905,0.0,0.0,0.20330739299610895,0.059928742101406786,0.04090717352663881,0.0,0.0,0.27002583979328165
networkcentra,1.0,0.1,0.75,0.16124641940792042,0.09053215224177956,0.0,0.0,0.47619047619047616,0.043297669487841584,0.0320673166456963,0.0,0.0,0.20136186770428016,0.0670243398174509,0.04597996375045086,0.0,0.0,0.26744186046511625
networkcentra,1.0,0.1,1.0,0.1840098521120494,0.09362772974946726,0.2,0.0,0.47368421052631576,0.04869251609887842,0.03352667102770693,0.0,0.0,0.20428015564202334,0.07552966486195987,0.04819401472109478,0.0,0.0,0.2713178294573643
networkcentra,1.0,0.1,2.0,0.27132328530354766,0.12092802087344426,0.14285714285714285,0.0,0.6111111111111112,0.07076926077839846,0.04342821189548767,0.05263157894736842,0.0,0.25,0.11018906012039845,0.06265340797536058,0.06896551724137931,0.0,0.3333333333333333
networkcentra,1.0,0.1,3.0,0.3220124506688568,0.14706762106557472,0.5,0.0,0.7142857142857143,0.08242419105243456,0.04760492785589057,0.07017543859649122,0.0,0.25925925925925924,0.1288555952048319,0.06983023431451947,0.0,0.0,0.368421052631579
networkcentra,1.0,0.1,5.0,0.35557681853998657,0.15729506823215647,0.5,0.0,0.8333333333333334,0.09074595305066237,0.051116385369979776,0.07142857142857142,0.0,0.3333333333333333,0.14194059803898307,0.07496588898671519,0.13333333333333333,0.0,0.4736842105263157
networkcentra,1.0,0.25,0,0.11618156776536025,0.06728191107158901,0.0,0.0,0.3596153846153846,0.03120969612327489,0.02432177887703291,0.0,0.0,0.1819066147859922,0.04821731997863873,0.034571757113198445,0.0,0.0,0.24160206718346255
networkcentra,1.0,0.25,0.1,0.12072694139720178,0.07069696824363732,0.0,0.0,0.391304347826087,0.03243874636249542,0.025869789939423196,0.0,0.0,0.1926070038910506,0.05008972035887569,0.036760461812177216,0.0,0.0,0.2558139534883721
networkcentra,1.0,0.25,0.25,0.1331874441553094,0.07812889020455567,0.0,0.0,0.41923076923076924,0.03595443959559661,0.0287207004124502,0.0,0.0,0.21206225680933852,0.05551391567411101,0.040735727030156994,0.0,0.0,0.28165374677002586
networkcentra,1.0,0.25,0.5,0.1628654394033281,0.07681154965395584,0.16666666666666666,0.0,0.43478260869565216,0.04294526582974809,0.028707353281611222,0.047619047619047616,0.0,0.20817120622568094,0.0666503470530235,0.04075264123200346,0.0,0.0,0.27648578811369506
networkcentra,1.0,0.25,0.75,0.17521373091962295,0.09533749811392177,0.2,0.0,0.5454545454545454,0.0469546356888274,0.035289232381000055,0.0,0.0,0.2222222222222222,0.07262851562355203,0.05046126995755756,0.0,0.0,0.3157894736842105
networkcentra,1.0,0.25,1.0,0.20233949821400116,0.098181736888351,0.2,0.0,0.5555555555555556,0.052768537423977524,0.03411430199048882,0.08333333333333333,0.0,0.20038910505836577,0.08207762901061373,0.04912344176298318,0.0,0.0,0.273972602739726
networkcentra,1.0,0.25,2.0,0.2870168190933824,0.12912248702543752,0.5,0.0,0.6666666666666666,0.07375572611796553,0.04222507294931566,0.07142857142857142,0.0,0.2037037037037037,0.11523419002938756,0.0620035786514591,0.14285714285714285,0.0,0.3013698630136986
networkcentra,1.0,0.25,3.0,0.3215132582304124,0.14458383529274121,0.5,0.0,0.6842105263157895,0.082067685018594,0.04694737621618857,0.07692307692307693,0.0,0.25925925925925924,0.12836870084227406,0.0688373182666726,0.0,0.0,0.368421052631579
networkcentra,1.0,0.25,5.0,0.3560637428914025,0.1569903619566088,0.3,0.0,0.9090909090909091,0.09019747423109586,0.050920796205403025,0.1,0.0,0.37037037037037035,0.1412587926056908,0.07449264694767126,0.13793103448275862,0.0,0.5263157894736842
networkcentra,1.0,0.5,0,0.14485395650565022,0.07523862099155287,0.16666666666666666,0.0,0.391304347826087,0.03838517440734833,0.028174573097509745,0.0,0.0,0.188715953307393,0.05941404880605721,0.039811741368344374,0.0,0.0,0.25064599483204136
networkcentra,1.0,0.5,0.1,0.14764722795563906,0.07659988369118062,0.16666666666666666,0.0,0.45,0.03920594277955295,0.02790356960798873,0.0,0.0,0.1926070038910506,0.060738015038178085,0.03966648319201932,0.0,0.0,0.2558139534883721
networkcentra,1.0,0.5,0.25,0.16163980655823043,0.08271238554034206,0.2,0.0,0.5,0.04274269887748542,0.02975305698070104,0.0,0.0,0.19844357976653695,0.06626985939820662,0.042457052812765995,0.0,0.0,0.26356589147286824
networkcentra,1.0,0.5,0.5,0.18160311633342194,0.08660877966874256,0.16666666666666666,0.0,0.5263157894736842,0.047733084722208385,0.030353902824053414,0.0,0.0,0.20136186770428016,0.07415144328001677,0.04353061717854182,0.0,0.0,0.26744186046511625
networkcentra,1.0,0.5,0.75,0.2056950429060399,0.09574507393574817,0.2,0.0,0.5,0.05384740708158428,0.03303036960883131,0.1111111111111111,0.0,0.19455252918287938,0.08385807243791035,0.04807321871113017,0.0,0.0,0.2583979328165375
networkcentra,1.0,0.5,1.0,0.2258296354010958,0.102491206825161,0.14285714285714285,0.0,0.6111111111111112,0.05864237546735884,0.03557381048354803,0.05263157894736842,0.0,0.19747081712062256,0.09132552215255604,0.051364024736904705,0.14285714285714285,0.0,0.2622739018087855
networkcentra,1.0,0.5,2.0,0.2948553815979672,0.13171253056163926,0.5,0.0,0.75,0.07593648847713104,0.04364665475903911,0.09090909090909091,0.0,0.25,0.11854575762736243,0.06365576091282012,0.18181818181818182,0.0,0.3333333333333333
networkcentra,1.0,0.5,3.0,0.33070678609116794,0.1426287658822566,0.5,0.0,0.6923076923076923,0.08418348856346275,0.04695011967708296,0.08333333333333333,0.0,0.25925925925925924,0.13172307798152752,0.06869624092293215,0.11764705882352941,0.0,0.368421052631579
networkcentra,1.0,0.5,5.0,0.3583564749540541,0.15603924381925124,0.5,0.0,0.9090909090909091,0.09109990787771645,0.05157056662490591,0.16666666666666666,0.0,0.37037037037037035,0.14255312065525452,0.07518951423001714,0.13333333333333333,0.0,0.5263157894736842
networkcentra,1.0,0.75,0,0.16299830225052656,0.07359379265461657,0.25,0.0,0.4523809523809524,0.04207771021924759,0.026587654376715255,0.02040816326530612,0.0,0.1867704280155642,0.0655035522495007,0.03772930554516304,0.06666666666666667,0.0,0.24806201550387597
networkcentra,1.0,0.75,0.1,0.17732203885208972,0.07709474267196607,0.14285714285714285,0.0,0.41304347826086957,0.046704538488071774,0.029189054225145977,0.047619047619047616,0.0,0.20525291828793774,0.07252726800567318,0.041300253377342916,0.0851063829787234,0.0,0.272609819121447
networkcentra,1.0,0.75,0.25,0.18087651321929932,0.08175234910343365,0.14285714285714285,0.0,0.5,0.04800121640421952,0.03144898848600556,0.0,0.0,0.20817120622568094,0.07445532075807264,0.04476630036936424,0.0,0.0,0.27648578811369506
networkcentra,1.0,0.75,0.5,0.20817200564259866,0.09332478480091311,0.2,0.0,0.5384615384615384,0.054034599535767586,0.03226668194700621,0.03571428571428571,0.0,0.20136186770428016,0.08416587969467039,0.04630212920221238,0.08,0.0,0.26744186046511625
networkcentra,1.0,0.75,0.75,0.22635434474006264,0.09778014229728414,0.2,0.0,0.5217391304347826,0.05845030941889809,0.03441555743663182,0.04081632653061224,0.0,0.20038910505836577,0.09114151840239001,0.04963393456421525,0.0,0.0,0.2692307692307692
networkcentra,1.0,0.75,1.0,0.24343442041283958,0.10692686688906847,0.25,0.0,0.5789473684210527,0.06367886666107414,0.03869639528797938,0.041666666666666664,0.0,0.2222222222222222,0.09907564930338265,0.05576120172693934,0.0,0.0,0.3157894736842105
networkcentra,1.0,0.75,2.0,0.3021951532072234,0.136034544068804,0.5,0.0,0.631578947368421,0.07756500082497474,0.045875131043106136,0.08163265306122448,0.0,0.25,0.12115354860137102,0.0668580291813166,0.12903225806451613,0.0,0.33802816901408445
networkcentra,1.0,0.75,3.0,0.33411933837512403,0.1485737442371789,0.5,0.0,0.7272727272727273,0.08560424730257125,0.049998618338148816,0.061224489795918366,0.0,0.2962962962962963,0.1337780403710233,0.07300067774496537,0.14285714285714285,0.0,0.42105263157894735
networkcentra,1.0,0.75,5.0,0.3595796139432065,0.15619844969919558,0.3333333333333333,0.10526315789473684,0.9090909090909091,0.09157034703276475,0.051360047926663585,0.08241758241758242,0.007957559681697613,0.37037037037037035,0.14325209455106086,0.07502936143036636,0.13333333333333333,0.01488833746898263,0.5263157894736842
networkcentra,1.0,1.0,0,0.19093581175051588,0.08019640868595589,0.25,0.0,0.42857142857142855,0.04928040403521107,0.02908603096703539,0.05263157894736842,0.0,0.1877431906614786,0.07676572502809767,0.041331953945786024,0.034482758620689655,0.0,0.24935400516795866
networkcentra,1.0,1.0,0.1,0.1943821959920055,0.08014886996874952,0.2,0.0,0.4482758620689655,0.050656920923146644,0.02932084955656197,0.07407407407407407,0.0,0.19066147859922178,0.07883544982835988,0.04190663435526536,0.0759493670886076,0.0,0.2532299741602067
networkcentra,1.0,1.0,0.25,0.20756752199240389,0.08486752841446217,0.2,0.0,0.4444444444444444,0.05369895332685392,0.03159868876359463,0.04081632653061224,0.0,0.19649805447470817,0.08362936969860277,0.044951092378525466,0.031746031746031744,0.0,0.26098191214470284
networkcentra,1.0,1.0,0.5,0.22093336747183825,0.09498240837527507,0.25,0.0,0.5,0.05742380298875219,0.03375531284784108,0.05263157894736842,0.0,0.19455252918287938,0.0894315600792227,0.04858069761274675,0.07142857142857142,0.0,0.2583979328165375
networkcentra,1.0,1.0,0.75,0.241178610782152,0.10610734147580601,0.25,0.0,0.5357142857142857,0.06220605874917583,0.03612678862730723,0.02040816326530612,0.0,0.20038910505836577,0.09708473757733654,0.05254529660820653,0.07142857142857142,0.0,0.2661498708010336
networkcentra,1.0,1.0,1.0,0.2569788327893765,0.11417242751187154,0.2,0.0,0.6111111111111112,0.06640902430656566,0.039146750064449065,0.05263157894736842,0.0,0.2222222222222222,0.103589145363724,0.05686105397808441,0.0,0.0,0.3157894736842105
networkcentra,1.0,1.0,2.0,0.3038956360196064,0.1308048285779435,0.5,0.0,0.6428571428571429,0.07773562281508714,0.04386739655402208,0.043478260869565216,0.0,0.2222222222222222,0.12147356241651465,0.06389440554691135,0.125,0.0,0.3287671232876712
networkcentra,1.0,1.0,3.0,0.33436503025936004,0.1440441613765441,0.5,0.0,0.7777777777777778,0.08515648331153787,0.04772251062166361,0.07142857142857142,0.0,0.2962962962962963,0.13323117864953193,0.06971786782207462,0.12903225806451613,0.0,0.42105263157894735
networkcentra,1.0,1.0,5.0,0.35758574729980125,0.1526901268119501,0.3333333333333333,0.0,0.7777777777777778,0.09057361326399012,0.04983637265229023,0.08333333333333333,0.0,0.2962962962962963,0.1418350826157396,0.07284994371426134,0.13333333333333333,0.0,0.42105263157894735
networkcentra,1.0,2.0,0,0.23991239329756855,0.10519960871953539,0.25,0.0,0.5384615384615384,0.06131062891576504,0.03529097313745091,0.061224489795918366,0.0,0.18518518518518517,0.09575321792846983,0.050978833621427626,0.05333333333333334,0.0,0.2631578947368421
networkcentra,1.0,2.0,0.1,0.23388775939215778,0.10026554809821261,0.3333333333333333,0.0,0.5714285714285714,0.05991312368691409,0.03403563279980936,0.03571428571428571,0.0,0.23214285714285715,0.09349027797386558,0.048754558189000076,0.07142857142857142,0.0,0.30952380952380953
networkcentra,1.0,2.0,0.25,0.24602668379301262,0.09847307940431509,0.3333333333333333,0.075,0.5384615384615384,0.06298433021983835,0.03336856124309405,0.1111111111111111,0.005272407732864675,0.19455252918287938,0.09836769184054456,0.04817126208061343,0.19047619047619047,0.009884678747940691,0.2583979328165375
networkcentra,1.0,2.0,0.5,0.2548664581157757,0.10934989752811863,0.3333333333333333,0.0375,0.5714285714285714,0.06498111983705229,0.03589144249981316,0.07142857142857142,0.004032258064516129,0.1819066147859922,0.10160216486196944,0.0522497143944436,0.06451612903225806,0.007281553398058251,0.25263157894736843
networkcentra,1.0,2.0,0.75,0.26434772039798166,0.11313777417418691,0.5,0.0,0.5555555555555556,0.067686691894735,0.037371337165843906,0.14285714285714285,0.0,0.18093385214007782,0.1057941707902078,0.05461822983368742,0.07142857142857142,0.0,0.24657534246575344
networkcentra,1.0,2.0,1.0,0.2755271925351192,0.12558381872939237,0.375,0.0,0.7,0.07001016729189094,0.03986178714524196,0.05263157894736842,0.0,0.25925925925925924,0.10951194889617122,0.058214427980680626,0.07407407407407407,0.0,0.368421052631579
networkcentra,1.0,2.0,2.0,0.32041310017067803,0.13210218368832746,0.5,0.09523809523809523,0.7142857142857143,0.08183712688887067,0.04390449223654427,0.06666666666666667,0.00823045267489712,0.2222222222222222,0.1279585291225958,0.06410727610823727,0.125,0.015209125475285171,0.32876712328767127
networkcentra,1.0,2.0,3.0,0.341530423017779,0.14613978315263,0.5,0.0,0.7692307692307693,0.08709660951521629,0.048725798216342396,0.07692307692307693,0.0,0.2857142857142857,0.1362352752567494,0.07116057838246706,0.09090909090909091,0.0,0.38095238095238093
networkcentra,1.0,2.0,5.0,0.3640233324988744,0.15046781146824928,0.3333333333333333,0.10526315789473684,0.8181818181818182,0.09269979192058452,0.050544128177682036,0.043478260869565216,0.0102880658436214,0.3333333333333333,0.1449983991571171,0.07357541937893021,0.13793103448275862,0.019011406844106463,0.4736842105263157
networkcentra,1.0,3.0,0,0.25148145672932953,0.10652164362002296,0.2,0.0,0.5714285714285714,0.06377146190410361,0.034891758888528544,0.07692307692307693,0.0,0.1828793774319066,0.09978099135793557,0.05073312464273615,0.06896551724137931,0.0,0.24444444444444446
networkcentra,1.0,3.0,0.1,0.25400364155269645,0.10860029827301167,0.125,0.05042016806722689,0.5714285714285714,0.06500043753661501,0.03576037010990745,0.1111111111111111,0.0035149384885764497,0.18385214007782102,0.10151531478627877,0.05195109929666163,0.05714285714285714,0.0065897858319604605,0.273972602739726
networkcentra,1.0,3.0,0.25,0.263077921326804,0.11211711513462302,0.2857142857142857,0.0,0.6428571428571429,0.06732776102650465,0.03684327161519834,0.07692307692307693,0.0,0.19642857142857142,0.10521159476206629,0.053499758541238,0.13333333333333333,0.0,0.26190476190476186
networkcentra,1.0,3.0,0.5,0.2694833024452707,0.1091113653285327,0.5,0.0875,0.5714285714285714,0.0688479335888216,0.03694384965661145,0.07692307692307693,0.008264462809917356,0.18385214007782102,0.1075959980429555,0.053753442987159734,0.13333333333333333,0.01518987341772152,0.2702702702702703
networkcentra,1.0,3.0,0.75,0.2693865530285125,0.12021093577142873,0.3333333333333333,0.05263157894736842,0.6428571428571429,0.0687530037400064,0.038130978905680235,0.02040816326530612,0.0035149384885764497,0.18518518518518517,0.10752004323685815,0.056105329520981274,0.0625,0.0065897858319604605,0.273972602739726
networkcentra,1.0,3.0,1.0,0.28951395982768746,0.12346334611149178,0.5,0.06722689075630252,0.6428571428571429,0.0736572004697183,0.03962783650839326,0.041666666666666664,0.005272407732864675,0.2222222222222222,0.11523717671456994,0.058005971883542874,0.057692307692307696,0.009884678747940691,0.3157894736842105
networkcentra,1.0,3.0,2.0,0.3162777483271476,0.129675873438064,0.5,0.1,0.6666666666666666,0.08026575853335978,0.0430347588986732,0.07142857142857142,0.008787346221441126,0.23214285714285715,0.12562870468097181,0.06284053313287048,0.14285714285714285,0.016474464579901156,0.3168316831683169
networkcentra,1.0,3.0,3.0,0.3453930907040627,0.14262455210823274,0.5,0.10256410256410256,0.75,0.08773060148465268,0.046701062279414875,0.07142857142857142,0.01054481546572935,0.26785714285714285,0.1373188073067488,0.06831731492322589,0.12903225806451613,0.019464720194647202,0.368421052631579
networkcentra,1.0,3.0,5.0,0.36695721693901545,0.15408568919436386,0.3333333333333333,0.11904761904761904,0.8181818181818182,0.09302920897254871,0.050515496329150304,0.09090909090909091,0.010610079575596816,0.3333333333333333,0.14565176557764561,0.07380680162411878,0.11764705882352941,0.019851116625310174,0.4736842105263157
networkcentra,1.0,5.0,0,0.2535512343207031,0.12280337309423126,0.4,0.025,0.6538461538461539,0.06525707607398538,0.03867157747162819,0.08163265306122448,0.00205761316872428,0.18181818181818182,0.10189206647673052,0.056984116622448934,0.19047619047619047,0.0038022813688212928,0.273972602739726
networkcentra,1.0,5.0,0.1,0.24753267407881718,0.12112947156307459,0.2,0.02040816326530612,0.6153846153846154,0.06366914777049747,0.03703601710764156,0.07142857142857142,0.00205761316872428,0.18181818181818182,0.09942854520851609,0.054695712278319035,0.08163265306122448,0.0038022813688212928,0.273972602739726
networkcentra,1.0,5.0,0.25,0.25616855564517854,0.12670614483543907,0.2,0.0136986301369863,0.6153846153846154,0.06601588277299045,0.039274587605768865,0.14285714285714285,0.0017574692442882249,0.18518518518518517,0.10310275342975454,0.05821645202992617,0.04938271604938272,0.0032948929159802303,0.273972602739726
networkcentra,1.0,5.0,0.5,0.25922382887065637,0.1292752361283427,0.5,0.02040816326530612,0.5769230769230769,0.0664790316888639,0.03940751280996443,0.03571428571428571,0.00205761316872428,0.18518518518518517,0.10388443606604174,0.05843523073271485,0.07960199004975124,0.0038022813688212928,0.273972602739726
networkcentra,1.0,5.0,0.75,0.2677598880781842,0.1335493041179534,0.2,0.025,0.6153846153846154,0.06907978007409472,0.04170916935434473,0.10204081632653061,0.00205761316872428,0.2222222222222222,0.10784105333772626,0.06165447360832654,0.14285714285714285,0.0038022813688212928,0.3157894736842105
networkcentra,1.0,5.0,1.0,0.2740455163299287,0.1373133358617101,0.25,0.025,0.6363636363636364,0.07101136294417676,0.04347752750468903,0.03571428571428571,0.0017574692442882249,0.2222222222222222,0.11076084558310355,0.06404220747308809,0.04938271604938272,0.0032948929159802303,0.3157894736842105
networkcentra,1.0,5.0,2.0,0.2929664093468707,0.14890153523571512,0.25,0.02040816326530612,0.6923076923076923,0.0753350606616566,0.04547100180562517,0.041666666666666664,0.0017574692442882249,0.2222222222222222,0.11774103600746855,0.06755171865170528,0.125,0.0032948929159802303,0.31578947368421056
networkcentra,1.0,5.0,3.0,0.31686283170598334,0.1556446963177027,0.5,0.019417475728155338,0.6923076923076923,0.08170968881205423,0.04828173934034444,0.041666666666666664,0.002034587995930824,0.25,0.12765334850396295,0.07157684270858515,0.09655172413793103,0.003683241252302025,0.3333333333333333
networkcentra,1.0,5.0,5.0,0.34329216665576234,0.16442825882172543,0.3333333333333333,0.02631578947368421,0.7777777777777778,0.08839092669879929,0.05170483644489663,0.1111111111111111,0.0017574692442882249,0.2962962962962963,0.13810033595553023,0.07618182085072905,0.14285714285714285,0.0032948929159802303,0.42105263157894735
networkcentra,2.0,0,0,0.08821454592170475,0.05820100578671293,0.0,0.0,0.37884615384615383,0.024048004336389737,0.021646970713910866,0.0,0.0,0.1916342412451362,0.036986005984842155,0.030508583567187622,0.0,0.0,0.25452196382428943
networkcentra,2.0,0,0.1,0.0947888284042933,0.06194907903644922,0.0,0.0,0.40576923076923077,0.02572901064176157,0.02292878969847036,0.0,0.0,0.20525291828793774,0.03963946031112687,0.032354491981528594,0.0,0.0,0.272609819121447
networkcentra,2.0,0,0.25,0.09812717422551295,0.0651265331898411,0.0,0.0,0.5,0.026135847766996515,0.02381020143104335,0.0,0.0,0.20909090909090908,0.040373702654934486,0.03361400251809139,0.0,0.0,0.2948717948717948
networkcentra,2.0,0,0.5,0.11030880393764667,0.06732656886464608,0.0,0.0,0.3346153846153846,0.029755701023629177,0.0246763660137118,0.0,0.0,0.16926070038910507,0.04589477887978076,0.03500581929227187,0.0,0.0,0.2248062015503876
networkcentra,2.0,0,0.75,0.12383748320693826,0.07001436017280631,0.0,0.0,0.3888888888888889,0.03297044255125557,0.02514833278046084,0.0,0.0,0.17857142857142858,0.05099753863396666,0.03564769040415783,0.0,0.0,0.2380952380952381
networkcentra,2.0,0,1.0,0.15018402359133945,0.08495210001054829,0.2,0.0,0.5,0.03990150232208967,0.02914088146220756,0.0,0.0,0.19844357976653695,0.0618738870983094,0.04214058297307001,0.0,0.0,0.26356589147286824
networkcentra,2.0,0,2.0,0.235483948050533,0.11354425252726476,0.2,0.0,0.5652173913043478,0.06170375281170389,0.04002508636012246,0.041666666666666664,0.0,0.23636363636363636,0.09603080611730412,0.058076389395576855,0.07142857142857142,0.0,0.3333333333333333
networkcentra,2.0,0,3.0,0.30424639351200466,0.14136243918671865,0.25,0.0,0.6666666666666666,0.07859357709762994,0.04737249646085003,0.041666666666666664,0.0,0.30357142857142855,0.12265426849741866,0.06906375317504346,0.14285714285714285,0.0,0.40476190476190477
networkcentra,2.0,0,5.0,0.3449960872308366,0.1548594258609277,0.3333333333333333,0.0,0.7894736842105263,0.08783859437634223,0.050021607203814426,0.07142857142857142,0.0,0.2962962962962963,0.13743826199863424,0.07346367336585365,0.163265306122449,0.0,0.42105263157894735
networkcentra,2.0,0.1,0,0.08815442187833361,0.06216876794090902,0.0,0.0,0.3923076923076923,0.02420324213322938,0.02217752416319249,0.0,0.0,0.19844357976653695,0.03723416536072769,0.03145970342228423,0.0,0.0,0.26356589147286824
networkcentra,2.0,0.1,0.1,0.09974790063249764,0.06933434126668307,0.0,0.0,0.41346153846153844,0.026872072246368287,0.02430820279618399,0.0,0.0,0.20914396887159534,0.041442443123315194,0.03434016682804068,0.0,0.0,0.2777777777777778
networkcentra,2.0,0.1,0.25,0.1033468877247844,0.06396653908454238,0.0,0.0,0.36923076923076925,0.02809544088027208,0.024023659643148124,0.0,0.0,0.1867704280155642,0.04326215005113908,0.03387234123806228,0.0,0.0,0.24806201550387597
networkcentra,2.0,0.1,0.5,0.11772494604839949,0.06899511092362808,0.0,0.0,0.36538461538461536,0.030787027352633636,0.02366244331299938,0.0,0.0,0.18482490272373542,0.04777767949402172,0.033700616859040786,0.0,0.0,0.24547803617571057
networkcentra,2.0,0.1,0.75,0.13846410695907582,0.07715648758731856,0.1,0.0,0.3888888888888889,0.03675421115422455,0.026203824967572627,0.0,0.0,0.1916342412451362,0.057014383942450925,0.03783294158569627,0.0,0.0,0.25452196382428943
networkcentra,2.0,0.1,1.0,0.15413415400649413,0.08845069539340235,0.0,0.0,0.4583333333333333,0.04139492385340637,0.03070921192551856,0.0,0.0,0.19090909090909092,0.06408490210054439,0.044469629339885575,0.0,0.0,0.2692307692307692
networkcentra,2.0,0.1,2.0,0.2492409214548448,0.1224332222749803,0.2222222222222222,0.0,0.631578947368421,0.06519338024945717,0.041877746766621246,0.05263157894736842,0.0,0.23636363636363636,0.101501954508971,0.06106805206115491,0.0,0.0,0.3333333333333333
networkcentra,2.0,0.1,3.0,0.30861440097542114,0.13762266146715224,0.5,0.0,0.6842105263157895,0.07915174050925491,0.04571037487485675,0.07142857142857142,0.0,0.24074074074074073,0.12370212925444082,0.06702222425449428,0.06896551724137931,0.0,0.3561643835616438
networkcentra,2.0,0.1,5.0,0.3445336346324062,0.15400882593695092,0.5,0.0,0.8181818181818182,0.0874748682845007,0.04988695840740269,0.04081632653061224,0.0,0.3333333333333333,0.13692540133870573,0.07304957552229276,0.0,0.0,0.4736842105263157
networkcentra,2.0,0.25,0,0.10465507995602723,0.06371085713623434,0.0,0.0,0.3942307692307692,0.028795020495826298,0.024405672773722555,0.0,0.0,0.19941634241245138,0.0442458173049136,0.034208846764881215,0.0,0.0,0.2648578811369509
networkcentra,2.0,0.25,0.1,0.10468562271439484,0.06258666896681296,0.0,0.0,0.3730769230769231,0.028046894167461933,0.022709560470363047,0.0,0.0,0.188715953307393,0.04328890555987823,0.03198060758666397,0.0,0.0,0.25064599483204136
networkcentra,2.0,0.25,0.25,0.11256968183891383,0.07121313485345696,0.0,0.0,0.3769230769230769,0.030075360066598656,0.024606517069879322,0.0,0.0,0.19066147859922178,0.046506990309338886,0.0352211143418055,0.0,0.0,0.2532299741602067
networkcentra,2.0,0.25,0.5,0.1283145073394504,0.07416240196678221,0.0,0.0,0.4444444444444444,0.03429451895840336,0.025569303700367047,0.0,0.0,0.16439688715953307,0.05311109850710691,0.03693310183934479,0.0,0.0,0.21834625322997417
networkcentra,2.0,0.25,0.75,0.1440324960807743,0.0748007042473239,0.125,0.0,0.41304347826086957,0.03842973734299961,0.028004696732163506,0.0,0.0,0.19941634241245138,0.05950622895690359,0.03975654178573418,0.0,0.0,0.2648578811369509
networkcentra,2.0,0.25,1.0,0.16889586136541238,0.08979754506623312,0.25,0.0,0.47368421052631576,0.04468095888923681,0.031084918654902892,0.0,0.0,0.18385214007782102,0.06934534488560448,0.0448938706398433,0.0,0.0,0.24418604651162787
networkcentra,2.0,0.25,2.0,0.2583118744192546,0.1251929880279584,0.2,0.0,0.6363636363636364,0.0668541400464496,0.04187083723863362,0.1111111111111111,0.0,0.25925925925925924,0.10430928877249612,0.06124444652280466,0.06896551724137931,0.0,0.368421052631579
networkcentra,2.0,0.25,3.0,0.31478649603814884,0.14254700801824985,0.5,0.0,0.7222222222222222,0.08043910501104937,0.0463285951074355,0.08333333333333333,0.0,0.25,0.1257808238558837,0.06801037874207902,0.06896551724137931,0.0,0.33802816901408445
networkcentra,2.0,0.25,5.0,0.3501627892674588,0.15446962004126188,0.5,0.0,0.7777777777777778,0.08896742028559412,0.0491598541862148,0.07142857142857142,0.0,0.25925925925925924,0.13924020068928109,0.07219970703605809,0.13333333333333333,0.0,0.368421052631579
networkcentra,2.0,0.5,0,0.10757661497331682,0.06673637626480056,0.0,0.0,0.38846153846153847,0.029231463888658354,0.02475874535456417,0.0,0.0,0.19649805447470817,0.04503589841775043,0.034998823348314154,0.0,0.0,0.26098191214470284
networkcentra,2.0,0.5,0.1,0.11724394562992461,0.07115824063529864,0.0,0.0,0.35384615384615387,0.030515246604994942,0.023128016363645875,0.0,0.0,0.17898832684824903,0.04744393111738854,0.03353326262674937,0.0,0.0,0.2377260981912145
networkcentra,2.0,0.5,0.25,0.13059713565950717,0.06745195224680202,0.14285714285714285,0.0,0.45454545454545453,0.03453690488778007,0.02476973693364103,0.0,0.0,0.188715953307393,0.053514128248714675,0.03528369734659867,0.0,0.0,0.25064599483204136
networkcentra,2.0,0.5,0.5,0.149589412336435,0.07758313050647443,0.125,0.0,0.38461538461538464,0.039813680612623456,0.02837845576426122,0.0,0.0,0.19066147859922178,0.06166454717454317,0.04053145711704369,0.0,0.0,0.2532299741602067
networkcentra,2.0,0.5,0.75,0.1725331239613362,0.08592579406815913,0.2,0.0,0.41304347826086957,0.04553795209420169,0.031258225854216795,0.0,0.0,0.1877431906614786,0.07065218073052071,0.04480711805877439,0.0,0.0,0.24935400516795866
networkcentra,2.0,0.5,1.0,0.19625447717500288,0.09035835479045283,0.3333333333333333,0.0,0.47619047619047616,0.05121311599129781,0.03196055264572527,0.041666666666666664,0.0,0.19642857142857142,0.07970140850034395,0.04591164197975129,0.06666666666666667,0.0,0.26190476190476186
networkcentra,2.0,0.5,2.0,0.27310237828410083,0.1270872785332749,0.5,0.0,0.7272727272727273,0.0702059626065937,0.04317446786511117,0.08333333333333333,0.0,0.2962962962962963,0.10959312540512339,0.06282686827591785,0.10526315789473685,0.0,0.42105263157894735
networkcentra,2.0,0.5,3.0,0.3103901055581179,0.1419056167478361,0.5,0.0,0.7222222222222222,0.07975745056207603,0.047499589433917765,0.07142857142857142,0.0,0.26785714285714285,0.12457515643209757,0.0694449917370865,0.11764705882352941,0.0,0.368421052631579
networkcentra,2.0,0.5,5.0,0.3463422185147108,0.15361860713518313,0.1875,0.05,0.75,0.08800142633578813,0.04951610343212121,0.1,0.007957559681697613,0.2962962962962963,0.13769947787112558,0.0725286511431501,0.07692307692307693,0.01488833746898263,0.42105263157894735
networkcentra,2.0,0.75,0,0.13739310138836397,0.06753102526286812,0.0,0.0,0.42857142857142855,0.036096124687555874,0.024875124712772815,0.0,0.0,0.18968871595330739,0.055981108897434226,0.03514929005254027,0.0,0.0,0.25193798449612403
networkcentra,2.0,0.75,0.1,0.14413011667774278,0.06813517191778515,0.125,0.0,0.36153846153846153,0.037595788262431595,0.02499761512394694,0.02040816326530612,0.0,0.1828793774319066,0.05841440241741912,0.03529378549069655,0.06451612903225806,0.0,0.24289405684754525
networkcentra,2.0,0.75,0.25,0.1556646931551801,0.07296731346467894,0.2,0.0,0.391304347826087,0.04082042767480502,0.026637614380039566,0.0,0.0,0.193579766536965,0.0633577990333471,0.037821308864900385,0.0,0.0,0.25710594315245483
networkcentra,2.0,0.75,0.5,0.17420805462637234,0.08596321730078403,0.2,0.0,0.5555555555555556,0.04569708173925624,0.03034132196195326,0.043478260869565216,0.0,0.18181818181818182,0.0710278059193343,0.043765090074968746,0.0,0.0,0.273972602739726
networkcentra,2.0,0.75,0.75,0.19199901367904565,0.0844066706895272,0.2857142857142857,0.0,0.4444444444444444,0.0501247807164023,0.030156963367349937,0.03571428571428571,0.0,0.17801556420233464,0.0779955056598153,0.043463779654842605,0.06451612903225806,0.0,0.23643410852713184
networkcentra,2.0,0.75,1.0,0.21360730012802384,0.09583351410593563,0.2,0.0,0.5,0.055529368495560984,0.032494667344919806,0.061224489795918366,0.0,0.17315175097276264,0.08655961659815466,0.04745338336806914,0.06451612903225806,0.0,0.23404255319148937
networkcentra,2.0,0.75,2.0,0.2799628136711785,0.12200400893731328,0.25,0.0,0.6153846153846154,0.07198372025767487,0.04121538012057244,0.07692307692307693,0.0,0.21428571428571427,0.11243981602337869,0.060144557382070474,0.07142857142857142,0.0,0.3013698630136986
networkcentra,2.0,0.75,3.0,0.324998852322279,0.14236228901799267,0.5,0.09090909090909091,0.8181818181818182,0.08319263497833752,0.048086541011493865,0.07017543859649122,0.008823529411764706,0.3333333333333333,0.12994547531464926,0.06990363350044487,0.14285714285714285,0.0160857908847185,0.4736842105263157
networkcentra,2.0,0.75,5.0,0.35409175081722233,0.14886812258454474,0.3333333333333333,0.075,0.7272727272727273,0.08990361079441374,0.04860469641156377,0.09090909090909091,0.010279001468428781,0.2962962962962963,0.14073204510385062,0.07112608157589201,0.13793103448275862,0.019769357495881382,0.42105263157894735
networkcentra,2.0,1.0,0,0.158116101334221,0.0748174009457155,0.25,0.0,0.42857142857142855,0.04119291653213002,0.026511640947648452,0.05555555555555555,0.0,0.17996108949416342,0.06400341601150342,0.037622950516024434,0.0,0.0,0.23901808785529718
networkcentra,2.0,1.0,0.1,0.16115074889645625,0.07757401078891268,0.1111111111111111,0.0,0.42857142857142855,0.042112770519951,0.02739120785461519,0.06666666666666667,0.0,0.17120622568093385,0.06550882116830177,0.03935462196767677,0.0,0.0,0.227390180878553
networkcentra,2.0,1.0,0.25,0.1787439301584673,0.0802397243177908,0.125,0.0,0.5625,0.04645915135447353,0.027943903536130563,0.04081632653061224,0.0,0.1819066147859922,0.07227877614950452,0.03994383677501079,0.07142857142857142,0.0,0.24160206718346255
networkcentra,2.0,1.0,0.5,0.1976175857933938,0.08523509433583128,0.2,0.0,0.47619047619047616,0.05109753340625478,0.030319801061096247,0.0029411764705882353,0.0,0.18385214007782102,0.0796712065478512,0.043728303432680374,0.07228915662650602,0.0,0.24418604651162787
networkcentra,2.0,1.0,0.75,0.21003709156283426,0.09316890046061224,0.2857142857142857,0.0,0.5,0.05472355734392339,0.032926245090004864,0.1111111111111111,0.0,0.18518518518518517,0.08524949871447648,0.04756586047496673,0.06451612903225806,0.0,0.2631578947368421
networkcentra,2.0,1.0,1.0,0.2299627694723304,0.10440595343013734,0.2,0.0,0.7272727272727273,0.05956139930051377,0.037380223956141975,0.04081632653061224,0.0,0.2962962962962963,0.09275268955214724,0.053497718075567406,0.03389830508474576,0.0,0.42105263157894735
networkcentra,2.0,1.0,2.0,0.28820455340039525,0.132242172648557,0.25,0.0,0.6428571428571429,0.07372016243821929,0.043481269883725075,0.04081632653061224,0.0,0.23076923076923078,0.11522954616875503,0.06373097502500001,0.0,0.0,0.33802816901408445
networkcentra,2.0,1.0,3.0,0.32655650340206954,0.14463136560893852,0.5,0.07518796992481203,0.8181818181818182,0.08321640853904202,0.04721574681016007,0.08163265306122448,0.007957559681697613,0.3333333333333333,0.130168335047276,0.06904851138985865,0.07142857142857142,0.01488833746898263,0.4736842105263157
networkcentra,2.0,1.0,5.0,0.3534696843077023,0.15355191528103754,0.6666666666666666,0.10526315789473684,0.8181818181818182,0.08980693262044795,0.04955631514718119,0.09090909090909091,0.007957559681697613,0.3333333333333333,0.1405542350870514,0.07254311344235492,0.14285714285714285,0.01488833746898263,0.4736842105263157
networkcentra,2.0,2.0,0,0.21312550845575884,0.09413274240736873,0.2,0.02040816326530612,0.5,0.054216346796593935,0.030306443309146947,0.04081632653061224,0.002347417840375587,0.18093385214007782,0.08475343329506163,0.044044585499518736,0.06349206349206349,0.0042105263157894745,0.24031007751937988
networkcentra,2.0,2.0,0.1,0.216213127373027,0.09546704209572679,0.25,0.0,0.5714285714285714,0.05508692323063805,0.030918417024574225,0.061224489795918366,0.0,0.1828793774319066,0.0861037614197663,0.04492401886217253,0.07142857142857142,0.0,0.24657534246575344
networkcentra,2.0,2.0,0.25,0.22853266292961086,0.1020284465654092,0.25,0.0,0.5384615384615384,0.05798994538903547,0.03242405331437267,0.08333333333333333,0.0,0.17996108949416342,0.09074222261982712,0.04750358385948084,0.07142857142857142,0.0,0.24096385542168675
networkcentra,2.0,2.0,0.5,0.23485365224557792,0.10411643685632986,0.25,0.0,0.6666666666666666,0.05946284406801968,0.03335173323859951,0.04081632653061224,0.0,0.21818181818181817,0.09303461035460618,0.04861315723659669,0.0759493670886076,0.0,0.32876712328767127
networkcentra,2.0,2.0,0.75,0.2436055176966722,0.10464530744458293,0.3333333333333333,0.0,0.5714285714285714,0.06194638309538736,0.0339329654854951,0.05263157894736842,0.0,0.17857142857142858,0.0968867987165981,0.049380608234299225,0.05405405405405406,0.0,0.2380952380952381
networkcentra,2.0,2.0,1.0,0.2612618673672739,0.12062731506418248,0.5,0.0,0.6428571428571429,0.06651473356704142,0.037819698258965154,0.03571428571428571,0.0,0.19444444444444445,0.1040427479817762,0.05566874614822003,0.07142857142857142,0.0,0.2947368421052632
networkcentra,2.0,2.0,2.0,0.30029734640595585,0.13276700674274508,0.5,0.06060606060606061,0.6521739130434783,0.07659424596943688,0.04367239069220054,0.027777777777777776,0.0058823529411764705,0.30357142857142855,0.11977400297898148,0.06364002981042541,0.07692307692307693,0.010723860589812331,0.40476190476190477
networkcentra,2.0,2.0,3.0,0.3308152213812158,0.14308326448582645,0.3333333333333333,0.0,0.7142857142857143,0.08426849299037098,0.04700839248633363,0.07142857142857142,0.0,0.26785714285714285,0.13184134517709686,0.06877966936839003,0.11764705882352941,0.0,0.368421052631579
networkcentra,2.0,2.0,5.0,0.35677585094705544,0.15275995261260514,0.6666666666666666,0.0,0.7777777777777778,0.09062685857151254,0.05051082164370834,0.07142857142857142,0.0,0.2962962962962963,0.14185107001415748,0.07382176134572938,0.13793103448275862,0.0,0.42105263157894735
networkcentra,2.0,3.0,0,0.23180522751644475,0.10131707450299575,0.15384615384615385,0.043478260869565216,0.5769230769230769,0.05882682612627239,0.0319920526652465,0.03571428571428571,0.0029411764705882353,0.17307692307692307,0.09205892858818708,0.046963966194353376,0.09523809523809523,0.005509641873278236,0.2535211267605634
networkcentra,2.0,3.0,0.1,0.23757276811221964,0.10607823800856693,0.2,0.047619047619047616,0.6428571428571429,0.06021327220537409,0.033373206948483516,0.05,0.005272407732864675,0.17801556420233464,0.09423689861441295,0.048985494423647226,0.07142857142857142,0.009884678747940691,0.2564102564102564
networkcentra,2.0,3.0,0.25,0.2422125062937633,0.10718432935295825,0.125,0.0,0.6428571428571429,0.06148779174994996,0.03427198226971871,0.08333333333333333,0.0,0.18181818181818182,0.0962274079360621,0.05014964951942209,0.06896551724137931,0.0,0.273972602739726
networkcentra,2.0,3.0,0.5,0.2518561825698099,0.11005569601560342,0.2,0.0,0.6153846153846154,0.06420177691085055,0.03530333052387853,0.038461538461538464,0.0,0.18482490272373542,0.1003831578181385,0.0516032099501911,0.13333333333333333,0.0,0.24547803617571057
networkcentra,2.0,3.0,0.75,0.2592138317216155,0.11201193875815786,0.25,0.05042016806722689,0.6428571428571429,0.06609460906737485,0.03643482503928082,0.05,0.0035149384885764497,0.21428571428571427,0.10336791473848143,0.053100325020033645,0.125,0.0065897858319604605,0.2857142857142857
networkcentra,2.0,3.0,1.0,0.2670543261590475,0.1168547194786197,0.25,0.07142857142857142,0.6111111111111112,0.06805987163596956,0.03885307703491296,0.12,0.008787346221441126,0.23214285714285715,0.10635983292083011,0.056471241012478704,0.06349206349206349,0.016474464579901156,0.30952380952380953
networkcentra,2.0,3.0,2.0,0.3075438832924636,0.13876686234322685,0.25,0.0967741935483871,0.7142857142857143,0.07868705026186056,0.04533027985872824,0.09090909090909091,0.007029876977152899,0.23214285714285715,0.12303317325762052,0.06655068526603193,0.0967741935483871,0.013179571663920921,0.3287671232876712
networkcentra,2.0,3.0,3.0,0.3319904556662509,0.1376681123800279,0.3333333333333333,0.10256410256410256,0.7222222222222222,0.08445624261189309,0.04537367225553151,0.061224489795918366,0.00980392156862745,0.25,0.13217034813654988,0.06641434200625837,0.1176470588235294,0.017971758664955075,0.3333333333333333
networkcentra,2.0,3.0,5.0,0.3560990228617295,0.14667174403748956,0.25,0.1076923076923077,0.7777777777777778,0.09047616399210218,0.04844712760340758,0.07142857142857142,0.010610079575596816,0.2962962962962963,0.14163020951229283,0.07087518577318136,0.11764705882352941,0.019851116625310174,0.42105263157894735
networkcentra,2.0,5.0,0,0.23752013246637016,0.11770130918053803,0.2,0.025,0.6153846153846154,0.06083584287498499,0.036325835140505816,0.061224489795918366,0.00205761316872428,0.18518518518518517,0.09507557761938548,0.053619151210494986,0.05970149253731343,0.0038022813688212928,0.273972602739726
networkcentra,2.0,5.0,0.1,0.24124582369262568,0.12232548209826773,0.5,0.0,0.6153846153846154,0.06187791297253135,0.037375263165907946,0.08333333333333333,0.0,0.18518518518518517,0.09670755577848908,0.05533998812663656,0.13793103448275862,0.0,0.2631578947368421
networkcentra,2.0,5.0,0.25,0.2466465728588795,0.11983396926261622,0.25,0.009708737864077669,0.5555555555555556,0.06379387238003653,0.038083152320338126,0.043478260869565216,0.001017293997965412,0.18518518518518517,0.0995304247154835,0.05601394739858546,0.0909090909090909,0.0018416206261510125,0.2631578947368421
networkcentra,2.0,5.0,0.5,0.2524752324499187,0.1278093905913468,0.2,0.0125,0.6111111111111112,0.06482836586193574,0.03871471788455644,0.05844155844155844,0.0013440860215053765,0.18518518518518517,0.10128869007853286,0.05742435973400393,0.05970149253731343,0.0024271844660194177,0.273972602739726
networkcentra,2.0,5.0,0.75,0.26161373983476416,0.1301879908634504,0.3333333333333333,0.02040816326530612,0.6428571428571429,0.06702780215094777,0.039668575646075926,0.043478260869565216,0.00205761316872428,0.2222222222222222,0.10476879054442202,0.05881452478998557,0.14285714285714285,0.0038022813688212928,0.3157894736842105
networkcentra,2.0,5.0,1.0,0.26651032396606456,0.13273845702246567,0.2,0.025,0.6111111111111112,0.06846678980996404,0.0403672994143925,0.043478260869565216,0.0017574692442882249,0.19642857142857142,0.10705274137816902,0.06007510928877345,0.14285714285714285,0.0032948929159802303,0.2702702702702703
networkcentra,2.0,5.0,2.0,0.2884403604530441,0.1439670376512969,0.25,0.02040816326530612,0.6923076923076923,0.07431340322205718,0.04488893166471174,0.043478260869565216,0.00205761316872428,0.2222222222222222,0.11607644860030406,0.06641243246632136,0.13333333333333333,0.0038022813688212928,0.3157894736842105
networkcentra,2.0,5.0,3.0,0.30771513499352376,0.15403294553571706,0.5,0.02631578947368421,0.7692307692307693,0.07895090551727371,0.04667299164925746,0.2,0.0017574692442882249,0.25925925925925924,0.1234930872848729,0.06945846691954537,0.12903225806451613,0.0032948929159802303,0.368421052631579
networkcentra,2.0,5.0,5.0,0.3398233463383458,0.16152053567018435,0.3076923076923077,0.03361344537815126,0.7222222222222222,0.08732201774358196,0.05002110377347663,0.043478260869565216,0.0035149384885764497,0.26785714285714285,0.13649427859809463,0.07399914805526861,0.10526315789473684,0.0065897858319604605,0.3571428571428571
networkcentra,3.0,0,0,0.07669677001443409,0.05549792683913407,0.0,0.0,0.34615384615384615,0.020421789586725803,0.019122318131907207,0.0,0.0,0.17217898832684825,0.03150191416186337,0.026982593726967093,0.0,0.0,0.22868217054263568
networkcentra,3.0,0,0.1,0.07816490822437205,0.06003651155087133,0.0,0.0,0.3411764705882353,0.021446461817740986,0.021037462268875765,0.0,0.0,0.16634241245136186,0.032931454302405974,0.029868774546442243,0.0,0.0,0.22093023255813954
networkcentra,3.0,0,0.25,0.0916589583207441,0.06423361486793984,0.0,0.0,0.3596153846153846,0.024894416955847144,0.02232428000924768,0.0,0.0,0.1819066147859922,0.03834916753451654,0.0317039557459267,0.0,0.0,0.24160206718346255
networkcentra,3.0,0,0.5,0.10024575229847324,0.06803061407992689,0.0,0.0,0.35714285714285715,0.02721048821687946,0.023413300009454425,0.0,0.0,0.15369649805447472,0.041914715051689054,0.03345398350853637,0.0,0.0,0.20512820512820512
networkcentra,3.0,0,0.75,0.11145522555326137,0.07343731621559962,0.0,0.0,0.3684210526315789,0.029876063124559843,0.024448052624923382,0.0,0.0,0.17412451361867703,0.04619091146112037,0.03522344814487282,0.0,0.0,0.23126614987080105
networkcentra,3.0,0,1.0,0.1355073445203236,0.08150653523324684,0.0,0.0,0.38095238095238093,0.03628720472575632,0.028371153513435,0.0,0.0,0.1857976653696498,0.05611000997830192,0.04075455607430535,0.0,0.0,0.2467700258397933
networkcentra,3.0,0,2.0,0.22094775163467698,0.11583691312007723,0.18181818181818182,0.0,0.5789473684210527,0.05777624880092532,0.03865086700703122,0.0,0.0,0.21428571428571427,0.08996914424937896,0.056586670389841894,0.0,0.0,0.3013698630136986
networkcentra,3.0,0,3.0,0.2900702650069307,0.13737965819512116,0.5,0.0,0.6666666666666666,0.07450559337601063,0.04385242585991529,0.07692307692307693,0.0,0.25,0.11642386693633809,0.06458750058799191,0.0,0.0,0.3333333333333333
networkcentra,3.0,0,5.0,0.3408243480339713,0.15287059049497184,0.5,0.0,0.8181818181818182,0.08701904948716097,0.05012457157347162,0.043478260869565216,0.0,0.3333333333333333,0.13603323627567873,0.07323610791589959,0.06896551724137931,0.0,0.4736842105263157
networkcentra,3.0,0.1,0,0.07531533476656535,0.06197634712267759,0.0,0.0,0.36153846153846153,0.02064006488858091,0.021730413630670353,0.0,0.0,0.1828793774319066,0.03171804158340936,0.03100506960311588,0.0,0.0,0.24289405684754525
networkcentra,3.0,0.1,0.1,0.08394182070274542,0.057097743194628445,0.0,0.0,0.34807692307692306,0.02261541249375213,0.02035477129523429,0.0,0.0,0.17607003891050585,0.03485407194538256,0.0286433396586149,0.0,0.0,0.23385012919896642
networkcentra,3.0,0.1,0.25,0.09158257663242188,0.06811249350047115,0.0,0.0,0.38461538461538464,0.02509802967504808,0.02379409805730916,0.0,0.0,0.17898832684824903,0.03859102199072996,0.03409064819014376,0.0,0.0,0.2377260981912145
networkcentra,3.0,0.1,0.5,0.1020471027983876,0.06721851696492193,0.0,0.0,0.38461538461538464,0.027759209457524504,0.02553584476944063,0.0,0.0,0.19455252918287938,0.042719193113822995,0.035879349063247225,0.0,0.0,0.2583979328165375
networkcentra,3.0,0.1,0.75,0.12067914186994434,0.0732284797390396,0.0,0.0,0.3764705882352941,0.03210743715336131,0.024662734225676157,0.0,0.0,0.16926070038910507,0.049716305667428726,0.03567491200538088,0.0,0.0,0.2248062015503876
networkcentra,3.0,0.1,1.0,0.14607609504872612,0.08704145854416862,0.0,0.0,0.41935483870967744,0.03866310272895401,0.028562143194388465,0.0,0.0,0.17704280155642024,0.059974887620355785,0.04143190859533615,0.0,0.0,0.2435897435897436
networkcentra,3.0,0.1,2.0,0.23358930333627126,0.11166993985055547,0.25,0.0,0.6111111111111112,0.06115566580130113,0.03853040674222577,0.05263157894736842,0.0,0.21818181818181817,0.09518598064724162,0.0558976020246409,0.0,0.0,0.3076923076923077
networkcentra,3.0,0.1,3.0,0.29840776224091237,0.13676550926227704,0.2,0.0,0.8181818181818182,0.07706126726600036,0.04611182044486854,0.16666666666666666,0.0,0.3333333333333333,0.12022185505043215,0.06721294032389805,0.125,0.0,0.4736842105263157
networkcentra,3.0,0.1,5.0,0.34639391773375644,0.1566727153963297,0.3333333333333333,0.0,0.9090909090909091,0.08834913453266709,0.051009554822224835,0.07142857142857142,0.0,0.37037037037037035,0.138198595286501,0.07478806581994125,0.14285714285714285,0.0,0.5263157894736842
networkcentra,3.0,0.25,0,0.08388876273221887,0.05967536756941962,0.0,0.0,0.36346153846153845,0.022523281911944585,0.020803288941917294,0.0,0.0,0.18385214007782102,0.03476949384194648,0.029482276751523043,0.0,0.0,0.24418604651162787
networkcentra,3.0,0.25,0.1,0.09174118906873621,0.05931356718015487,0.0,0.0,0.3557692307692308,0.024858483027460368,0.02160004835065752,0.0,0.0,0.17996108949416342,0.03829229306622672,0.030525527533908386,0.0,0.0,0.23901808785529718
networkcentra,3.0,0.25,0.25,0.10083108407554651,0.062319409813649834,0.0,0.0,0.3730769230769231,0.026993392051640367,0.021958714651916355,0.0,0.0,0.188715953307393,0.04172608770563583,0.03131922516673339,0.0,0.0,0.25064599483204136
networkcentra,3.0,0.25,0.5,0.1157667178006206,0.06814631839401816,0.0,0.0,0.3557692307692308,0.030606354212618463,0.023670648729808293,0.0,0.0,0.17996108949416342,0.04741881344913469,0.03389522555718744,0.0,0.0,0.23901808785529718
networkcentra,3.0,0.25,0.75,0.13716772863324103,0.07765594145508256,0.125,0.0,0.4117647058823529,0.03633286458751108,0.02745001508899514,0.0,0.0,0.19066147859922178,0.05627294704707243,0.03922129254181797,0.0,0.0,0.2532299741602067
networkcentra,3.0,0.25,1.0,0.15140682527205007,0.07935698104277063,0.1,0.0,0.38095238095238093,0.04009761546234506,0.027969588200188116,0.0,0.0,0.188715953307393,0.062172580661865796,0.04012429944726099,0.0,0.0,0.25064599483204136
networkcentra,3.0,0.25,2.0,0.2471200350102526,0.11883863005144253,0.2,0.0,0.6111111111111112,0.06455044893049935,0.040484938200678625,0.07142857142857142,0.0,0.20454545454545456,0.10052577273479493,0.058957591210245255,0.07142857142857142,0.0,0.30136986301369867
networkcentra,3.0,0.25,3.0,0.3036397733549209,0.13691921750361538,0.5,0.0,0.6666666666666666,0.07798974473396299,0.04523967782352532,0.14285714285714285,0.0,0.25925925925925924,0.12181414429015683,0.06626277013311267,0.13333333333333333,0.0,0.368421052631579
networkcentra,3.0,0.25,5.0,0.34392278608504373,0.1533107580531335,0.3333333333333333,0.0,0.8181818181818182,0.08739342355903686,0.0498711283386702,0.043478260869565216,0.0,0.3333333333333333,0.13675663999023388,0.07299346212186378,0.0,0.0,0.4736842105263157
networkcentra,3.0,0.5,0,0.10551070277757454,0.06346024671765581,0.0,0.0,0.36538461538461536,0.028114863403745593,0.0224639125657164,0.0,0.0,0.18482490272373542,0.0435137300314575,0.03219770868847886,0.0,0.0,0.24547803617571057
networkcentra,3.0,0.5,0.1,0.10701476206339885,0.06526441301989351,0.0,0.0,0.38461538461538464,0.028514383921849473,0.02287244125570416,0.0,0.0,0.17509727626459143,0.044135973333296205,0.03271170829085337,0.0,0.0,0.23255813953488372
networkcentra,3.0,0.5,0.25,0.11719965684667824,0.06806907477739678,0.0,0.0,0.3769230769230769,0.031898342098824396,0.02601601739253781,0.0,0.0,0.19066147859922178,0.0491299644252457,0.036640923882532275,0.0,0.0,0.2532299741602067
networkcentra,3.0,0.5,0.5,0.136314042067862,0.07166296692589541,0.14285714285714285,0.0,0.3576923076923077,0.035809298472233395,0.02568207753008978,0.0,0.0,0.18093385214007782,0.05553867411397945,0.0365884896305848,0.0,0.0,0.24031007751937988
networkcentra,3.0,0.5,0.75,0.16558074127333783,0.08417271839089958,0.07692307692307693,0.0,0.43478260869565216,0.04400729323007695,0.029944085936835164,0.0,0.0,0.17412451361867703,0.06826407645610703,0.04319770932951907,0.0,0.0,0.23126614987080105
networkcentra,3.0,0.5,1.0,0.17868079316497118,0.09024915694671858,0.25,0.0,0.5555555555555556,0.04661603333149575,0.03042229130975971,0.0,0.0,0.17704280155642024,0.0725445664942122,0.044255924734249816,0.0,0.0,0.2380952380952381
networkcentra,3.0,0.5,2.0,0.26987986538802655,0.12605487661978587,0.3333333333333333,0.0,0.6818181818181818,0.06957399696703677,0.04265691415598072,0.047619047619047616,0.0,0.23214285714285715,0.10862574375796924,0.06234953950788359,0.07407407407407407,0.0,0.32876712328767127
networkcentra,3.0,0.5,3.0,0.313096651231752,0.1410245800712799,0.25,0.075,0.7272727272727273,0.08032198135925966,0.04703598796495459,0.05263157894736842,0.005305039787798408,0.2962962962962963,0.12548635147958936,0.06886891689370006,0.13333333333333333,0.009925558312655087,0.42105263157894735
networkcentra,3.0,0.5,5.0,0.34837957422806837,0.15596102445131238,0.5,0.0,0.8333333333333334,0.08862786134355519,0.04967627045192143,0.07482993197278912,0.0,0.2962962962962963,0.13870683453475885,0.07304285197974504,0.08695652173913043,0.0,0.42105263157894735
networkcentra,3.0,0.75,0,0.12274024856505535,0.0647412613505551,0.1111111111111111,0.0,0.3423076923076923,0.031898896479666816,0.02267988612122319,0.0,0.0,0.17315175097276264,0.04962140659852679,0.032385869050235126,0.0,0.0,0.22997416020671835
networkcentra,3.0,0.75,0.1,0.13699610449710728,0.06689953665908593,0.125,0.0,0.3695652173913043,0.03577942574334303,0.024042716868790285,0.05555555555555555,0.0,0.16439688715953307,0.05559032164437355,0.03417287104174563,0.06896551724137931,0.0,0.21834625322997417
networkcentra,3.0,0.75,0.25,0.13699175797287344,0.06715418990591,0.0,0.0,0.36153846153846153,0.03625693812692958,0.024812047658318664,0.0,0.0,0.1828793774319066,0.056214153463190836,0.03528743842274298,0.0,0.0,0.24289405684754525
networkcentra,3.0,0.75,0.5,0.16717879041348493,0.08416824756426988,0.2,0.0,0.5,0.04355415683060519,0.028961121188050405,0.06666666666666667,0.0,0.15454545454545454,0.06776918681674066,0.04202552591852941,0.06896551724137931,0.0,0.21794871794871795
networkcentra,3.0,0.75,0.75,0.18586821978416124,0.08551483987517144,0.25,0.0,0.4090909090909091,0.04854191173747807,0.029584646406970828,0.061224489795918366,0.0,0.17120622568093385,0.0755542491802147,0.04282533414701329,0.0,0.0,0.227390180878553
networkcentra,3.0,0.75,1.0,0.2025128875786039,0.0949914945848495,0.2,0.0,0.5714285714285714,0.052207013246595484,0.03255844093418572,0.047619047619047616,0.0,0.17307692307692307,0.08144063370193556,0.047365231081283744,0.07407407407407407,0.0,0.2535211267605634
networkcentra,3.0,0.75,2.0,0.2713603440804428,0.12410069653670794,0.2,0.0,0.5789473684210527,0.06958124475155952,0.041129710283968474,0.05263157894736842,0.0,0.21153846153846154,0.108723132426257,0.060252097041498295,0.0,0.0,0.30985915492957744
networkcentra,3.0,0.75,3.0,0.312489300975883,0.14055982910018416,0.5,0.0,0.6666666666666666,0.07957106643122097,0.045445115910310876,0.07692307692307693,0.0,0.26785714285714285,0.12450297778842634,0.06661240871764786,0.07142857142857142,0.0,0.3571428571428571
networkcentra,3.0,0.75,5.0,0.34926478726676147,0.15331886355114072,0.25,0.0,0.7272727272727273,0.08872057878430303,0.04963927593736437,0.06521739130434782,0.0,0.2962962962962963,0.13886751828188257,0.07273300907142698,0.13333333333333333,0.0,0.42105263157894735
networkcentra,3.0,1.0,0,0.1432468303140501,0.06734419764469081,0.14285714285714285,0.0,0.3684210526315789,0.037444256676788724,0.023821985372976712,0.0,0.0,0.17023346303501946,0.058225303134420585,0.034095964374307945,0.0,0.0,0.2260981912144703
networkcentra,3.0,1.0,0.1,0.1568335446346959,0.06805923071235787,0.25,0.0,0.38095238095238093,0.04052214580586918,0.024267710838276224,0.05555555555555555,0.0,0.16828793774319067,0.06306882751825205,0.034513267744954265,0.05263157894736842,0.0,0.2235142118863049
networkcentra,3.0,1.0,0.25,0.1662481795779692,0.07604976853299796,0.2,0.0,0.4444444444444444,0.04357138108420048,0.026613518285152325,0.04081632653061224,0.0,0.16731517509727625,0.06774019399202096,0.03842585978579281,0.06451612903225806,0.0,0.2222222222222222
networkcentra,3.0,1.0,0.5,0.1823623418182005,0.08128680401144907,0.21052631578947367,0.0,0.4166666666666667,0.04759550749216685,0.028751499697291988,0.04081632653061224,0.0,0.17272727272727273,0.07410517194389799,0.04137733076591575,0.0,0.0,0.2435897435897436
networkcentra,3.0,1.0,0.75,0.19459463020378517,0.08752488663838581,0.2,0.0,0.5217391304347826,0.050201975451881695,0.030305982375263475,0.03571428571428571,0.0,0.2,0.07830033818364068,0.04384790655481051,0.05357142857142857,0.0,0.28205128205128205
networkcentra,3.0,1.0,1.0,0.22325523573352563,0.09767888060780912,0.2,0.0,0.5263157894736842,0.05753117108598736,0.03382991114711852,0.08333333333333333,0.0,0.21428571428571427,0.08975896570852734,0.04881370658874126,0.1276595744680851,0.0,0.2857142857142857
networkcentra,3.0,1.0,2.0,0.27878262171422186,0.13052417164790572,0.2,0.0,0.6363636363636364,0.07098713959587351,0.04126466416565683,0.04081632653061224,0.0,0.2222222222222222,0.11107554979853229,0.06068344598489272,0.18181818181818182,0.0,0.3157894736842105
networkcentra,3.0,1.0,3.0,0.3181511940848379,0.14262283723422386,0.5,0.0,0.6875,0.0811280555546069,0.04588515344646667,0.07692307692307693,0.0,0.25925925925925924,0.1269103364600727,0.0673228345985257,0.0625,0.0,0.368421052631579
networkcentra,3.0,1.0,5.0,0.350742905992883,0.15093680688455355,0.3333333333333333,0.0,0.75,0.08870249989763282,0.04793524701201732,0.07142857142857142,0.0,0.25925925925925924,0.13896752912662558,0.07044952587717589,0.11764705882352941,0.0,0.368421052631579
networkcentra,3.0,2.0,0,0.19971061726961503,0.08595266939441061,0.2,0.02040816326530612,0.5,0.051082414828744496,0.028564651026098675,0.07407407407407407,0.002347417840375587,0.18093385214007782,0.07974031553835545,0.041091756846062685,0.07142857142857142,0.0042105263157894745,0.24031007751937988
networkcentra,3.0,2.0,0.1,0.20333699696585764,0.09223680591541825,0.2,0.0,0.5555555555555556,0.05162678824286207,0.028958179282935696,0.05263157894736842,0.0,0.16666666666666666,0.08074616563533914,0.04231082757356132,0.16666666666666666,0.0,0.2564102564102564
networkcentra,3.0,2.0,0.25,0.2111415447362277,0.0927340600702724,0.25,0.0,0.5,0.053285192775998226,0.029391839475699743,0.03571428571428571,0.0,0.17023346303501946,0.08342581341915493,0.04290499455739783,0.11764705882352941,0.0,0.22680412371134018
networkcentra,3.0,2.0,0.5,0.22923695435329194,0.09926185316456981,0.25,0.0,0.5714285714285714,0.05828196711533445,0.03254106437367204,0.03571428571428571,0.0,0.1828793774319066,0.09113768674638535,0.04728177823369073,0.19047619047619047,0.0,0.24289405684754525
networkcentra,3.0,2.0,0.75,0.2365106510717128,0.1058415775073394,0.2,0.0,0.5714285714285714,0.06017805601607074,0.03451561057639093,0.05263157894736842,0.0,0.18181818181818182,0.09411258834000716,0.050468198406437174,0.07142857142857142,0.0,0.273972602739726
networkcentra,3.0,2.0,1.0,0.24967621893629513,0.10913194838380068,0.3333333333333333,0.0,0.5384615384615384,0.06358940035750503,0.03554585915629653,0.05263157894736842,0.0,0.17307692307692307,0.0994944685590615,0.0521526316999637,0.045454545454545456,0.0,0.2535211267605634
networkcentra,3.0,2.0,2.0,0.29076666578118715,0.13099100025886634,0.2857142857142857,0.0,0.6470588235294118,0.07394018775672113,0.042173949722384536,0.16666666666666666,0.0,0.26785714285714285,0.1156925569125844,0.0618829397861155,0.07407407407407407,0.0,0.3571428571428571
networkcentra,3.0,2.0,3.0,0.3219716196446363,0.1426340839008317,0.2,0.07692307692307693,0.7142857142857143,0.08209703834327604,0.04586407463632295,0.03571428571428571,0.007029876977152899,0.26785714285714285,0.1284313029909369,0.06732725577264487,0.14285714285714285,0.012965964343598053,0.3571428571428571
networkcentra,3.0,2.0,5.0,0.3580542787762996,0.1540935701280976,0.25,0.10256410256410256,0.8181818181818182,0.09142428080982935,0.050930187669504724,0.14285714285714285,0.009544787077826725,0.3333333333333333,0.1429991358441689,0.07446699805804498,0.1103448275862069,0.01851192595229619,0.4736842105263157
networkcentra,3.0,3.0,0,0.22313237820548487,0.09652366406371911,0.2,0.04081632653061224,0.5454545454545454,0.05688764543128667,0.032572316275282835,0.05263157894736842,0.0035149384885764497,0.2222222222222222,0.08888160155474341,0.04698694764052798,0.09523809523809523,0.0065897858319604605,0.3157894736842105
networkcentra,3.0,3.0,0.1,0.23095286354750474,0.10099582122918627,0.25,0.05042016806722689,0.6153846153846154,0.05886029202404974,0.03265238885014139,0.061224489795918366,0.006720430107526882,0.1605058365758755,0.09199144638194176,0.04765255128892049,0.13793103448275862,0.012135922330097089,0.23188405797101452
networkcentra,3.0,3.0,0.25,0.23636029569689204,0.10414153150763032,0.2,0.05,0.5714285714285714,0.05961872552687574,0.0326170188071152,0.05263157894736842,0.005376344086021506,0.16666666666666666,0.0933646048373655,0.04789214786189796,0.08064516129032258,0.00970873786407767,0.2465753424657534
networkcentra,3.0,3.0,0.5,0.24223305942557102,0.11049151957173123,0.2,0.0,0.6428571428571429,0.061419332641253606,0.0350044095137605,0.1111111111111111,0.0,0.2222222222222222,0.09611452810422438,0.05121902041800673,0.16666666666666666,0.0,0.3157894736842105
networkcentra,3.0,3.0,0.75,0.2516889837803343,0.11261918614788764,0.25,0.06060606060606061,0.5769230769230769,0.06423188143839526,0.03643666560118666,0.05263157894736842,0.005272407732864675,0.19090909090909092,0.1004094074498919,0.05342080995382756,0.12903225806451613,0.00972447325769854,0.2692307692307692
networkcentra,3.0,3.0,1.0,0.25976742887632975,0.11804161097528539,0.2,0.05,0.7142857142857143,0.06601257419354714,0.03697882772165533,0.05263157894736842,0.005272407732864675,0.18518518518518517,0.1033062904755051,0.054533599705494665,0.07142857142857142,0.00970873786407767,0.273972602739726
networkcentra,3.0,3.0,2.0,0.29773262756660046,0.13498070302084803,0.2857142857142857,0.0625,0.6923076923076923,0.07585904085960474,0.04330800963985853,0.07692307692307693,0.006720430107526882,0.2222222222222222,0.11868609406999557,0.06380759180404195,0.07407407407407407,0.012135922330097089,0.3287671232876712
networkcentra,3.0,3.0,3.0,0.31984385797684606,0.14040806870814942,0.5,0.07692307692307693,0.6956521739130435,0.08147951913518026,0.04525261215287019,0.041666666666666664,0.008064516129032258,0.2222222222222222,0.1275003655128545,0.0667625063009382,0.14285714285714285,0.014598540145985403,0.3368421052631579
networkcentra,3.0,3.0,5.0,0.3546175593634435,0.15122671795276157,0.3076923076923077,0.07692307692307693,0.7222222222222222,0.08969573945277502,0.04822525834004987,0.041666666666666664,0.008064516129032258,0.25925925925925924,0.14053987425700212,0.0709716308974881,0.14285714285714285,0.014598540145985403,0.368421052631579
networkcentra,3.0,5.0,0,0.23263024249398737,0.11513185382619079,0.2,0.025,0.5384615384615384,0.059399899762395736,0.034773593374396713,0.05263157894736842,0.00205761316872428,0.18518518518518517,0.09291193585071832,0.05159186609435991,0.05970149253731343,0.0038022813688212928,0.2631578947368421
networkcentra,3.0,5.0,0.1,0.24060291083280164,0.11943850989981027,0.3333333333333333,0.03361344537815126,0.6,0.06183506391421478,0.03741775115699654,0.03333333333333333,0.0029411764705882353,0.19642857142857142,0.0965686124685137,0.05500405552593934,0.05620608899297424,0.005509641873278236,0.26190476190476186
networkcentra,3.0,5.0,0.25,0.24012911931845085,0.11866346588721717,0.25,0.02040816326530612,0.6,0.061442232524863256,0.03591365101927349,0.05263157894736842,0.0017574692442882249,0.17857142857142858,0.09608327376722317,0.05326274649181053,0.06802721088435375,0.0032948929159802303,0.2564102564102564
networkcentra,3.0,5.0,0.5,0.24656523338149286,0.12447851391541519,0.3333333333333333,0.02631578947368421,0.6428571428571429,0.0631214982098179,0.037425369743432704,0.04081632653061224,0.0017574692442882249,0.2,0.09868579779779367,0.05550620879674209,0.04555808656036446,0.0032948929159802303,0.30136986301369867
networkcentra,3.0,5.0,0.75,0.2559360625984769,0.12574756917503996,0.25,0.025,0.6153846153846154,0.06596137910589402,0.0393557674885204,0.08333333333333333,0.0017574692442882249,0.19230769230769232,0.10303149101059965,0.0582828068370113,0.04938271604938272,0.0032948929159802303,0.28169014084507044
networkcentra,3.0,5.0,1.0,0.26108759014750504,0.13150819781639836,0.4,0.025210084033613446,0.6923076923076923,0.06681554102860124,0.03977608587370352,0.07692307692307693,0.003051881993896236,0.2222222222222222,0.10448426205786776,0.05906819209474526,0.0625,0.0055248618784530384,0.3157894736842105
networkcentra,3.0,5.0,2.0,0.2841393608387781,0.14072383165385785,0.2,0.019417475728155338,0.6521739130434783,0.07328962266501278,0.043765305091506924,0.043478260869565216,0.0017574692442882249,0.21333333333333335,0.11445265956341816,0.06467216503557877,0.07142857142857142,0.0032948929159802303,0.3168316831683169
networkcentra,3.0,5.0,3.0,0.30733654504568814,0.14826402323587742,0.25,0.01680672268907563,0.6923076923076923,0.07887687430834567,0.04596855174822694,0.07142857142857142,0.002034587995930824,0.2222222222222222,0.12332247459307467,0.06797314780396918,0.05194805194805195,0.003683241252302025,0.3287671232876712
networkcentra,3.0,5.0,5.0,0.3353676805494763,0.15950280574769285,0.3333333333333333,0.030303030303030304,0.7142857142857143,0.08632443713867684,0.050021389617706066,0.1388888888888889,0.0029411764705882353,0.25925925925925924,0.1348906132971302,0.0738856851776166,0.11764705882352941,0.0053619302949061655,0.368421052631579
networkcentra,5.0,0,0,0.0729096301845002,0.055888639694170246,0.0,0.0,0.3557692307692308,0.019692269664996723,0.019174523673360783,0.0,0.0,0.17996108949416342,0.03032294663585187,0.027253859294356943,0.0,0.0,0.23901808785529718
networkcentra,5.0,0,0.1,0.07428649112676973,0.057160957232548805,0.0,0.0,0.3576923076923077,0.02033663004216256,0.020862538126500123,0.0,0.0,0.18093385214007782,0.03125780229154977,0.029384827922766456,0.0,0.0,0.24031007751937988
networkcentra,5.0,0,0.25,0.0794350413938634,0.05680962828293496,0.0,0.0,0.3326923076923077,0.021399387208106208,0.019745556334296428,0.0,0.0,0.16828793774319067,0.03301018365019864,0.028106708946799137,0.0,0.0,0.2235142118863049
networkcentra,5.0,0,0.5,0.08924633356282033,0.06260531897633616,0.0,0.0,0.35714285714285715,0.02406664941989181,0.02296482811817813,0.0,0.0,0.17857142857142858,0.03706597426951506,0.03223207257792574,0.0,0.0,0.2380952380952381
networkcentra,5.0,0,0.75,0.10475843093491043,0.0661453216679912,0.0,0.0,0.3346153846153846,0.02821246718120048,0.02326769736464582,0.0,0.0,0.16926070038910507,0.04358966947571274,0.033442022813399655,0.0,0.0,0.2248062015503876
networkcentra,5.0,0,1.0,0.12267973200731536,0.07332174922199572,0.0,0.0,0.41304347826086957,0.032976108229200565,0.026112358071440005,0.0,0.0,0.17704280155642024,0.05098640216070666,0.037518450775655424,0.0,0.0,0.2435897435897436
networkcentra,5.0,0,2.0,0.20711247667134153,0.1104761503934409,0.25,0.0,0.6111111111111112,0.054955857618923534,0.037561457108354346,0.0,0.0,0.2,0.08536809323860876,0.054932172809902605,0.0,0.0,0.30136986301369867
networkcentra,5.0,0,3.0,0.2796744466750625,0.1256357025207052,0.25,0.0,0.625,0.072030800097859,0.04277024808275427,0.04081632653061224,0.0,0.26785714285714285,0.11244326914077181,0.06214628374660903,0.0,0.0,0.3571428571428571
networkcentra,5.0,0,5.0,0.3387799928612245,0.15290940258735747,0.5,0.0,0.75,0.08666282208839556,0.048566662989183024,0.08163265306122448,0.0,0.2962962962962963,0.13550239041741158,0.07146728582145284,0.14285714285714285,0.0,0.42105263157894735
networkcentra,5.0,0.1,0,0.07343192353761792,0.05593716264381995,0.0,0.0,0.33653846153846156,0.02018945472471544,0.0208289695748054,0.0,0.0,0.17023346303501946,0.03098992378101214,0.029244478472630352,0.0,0.0,0.2260981912144703
networkcentra,5.0,0.1,0.1,0.07165580432080457,0.05484500339722324,0.0,0.0,0.35192307692307695,0.01965005922843817,0.019416876361744256,0.0,0.0,0.17801556420233464,0.030192582850383197,0.02759424253593994,0.0,0.0,0.23643410852713184
networkcentra,5.0,0.1,0.25,0.08055031348777482,0.060128378395666086,0.0,0.0,0.36923076923076925,0.021497643278759485,0.02090121813806034,0.0,0.0,0.1867704280155642,0.03317268533828394,0.02956839416650627,0.0,0.0,0.24806201550387597
networkcentra,5.0,0.1,0.5,0.09434660438644117,0.05729127522120036,0.0,0.0,0.35192307692307695,0.025360529360298634,0.020408312201698288,0.0,0.0,0.17801556420233464,0.0391452246233911,0.02884914652846097,0.0,0.0,0.23643410852713184
networkcentra,5.0,0.1,0.75,0.11376603447874609,0.07083647349666042,0.0,0.0,0.41304347826086957,0.030633289371648678,0.025530154016516052,0.0,0.0,0.17857142857142858,0.0473143957891083,0.036332539416850954,0.0,0.0,0.2435897435897436
networkcentra,5.0,0.1,1.0,0.13008017323295473,0.08044742836306724,0.0,0.0,0.41304347826086957,0.034952648778020144,0.027902069794651835,0.0,0.0,0.17272727272727273,0.05398557465065686,0.04004777778031985,0.0,0.0,0.2435897435897436
networkcentra,5.0,0.1,2.0,0.2184079557778492,0.10994742485103215,0.2,0.0,0.5454545454545454,0.05715591448500113,0.037664030937481746,0.06962025316455696,0.0,0.2222222222222222,0.0889524103843369,0.05478692802159098,0.0,0.0,0.3157894736842105
networkcentra,5.0,0.1,3.0,0.2914129891080208,0.1357060046287274,0.5,0.0,0.6363636363636364,0.07507975018224657,0.044289449307895155,0.07142857142857142,0.0,0.2222222222222222,0.11725311816201438,0.0651033207958993,0.14285714285714285,0.0,0.3157894736842105
networkcentra,5.0,0.1,5.0,0.33891342254586426,0.14795732248173804,0.5,0.0,0.8181818181818182,0.08628924215449986,0.04884018573009356,0.06666666666666667,0.0,0.3333333333333333,0.13497780867345568,0.07128300594708992,0.14285714285714285,0.0,0.4736842105263157
networkcentra,5.0,0.25,0,0.08318766177240919,0.05781453498954383,0.0,0.0,0.3333333333333333,0.022196957063923547,0.019472944303958423,0.0,0.0,0.16342412451361868,0.03429499633557035,0.02778716691283521,0.0,0.0,0.21705426356589147
networkcentra,5.0,0.25,0.1,0.08519653473388421,0.06140279619935828,0.0,0.0,0.3384615384615385,0.02305063127061277,0.020760546712033243,0.0,0.0,0.17120622568093385,0.0355975753999181,0.02996946329620496,0.0,0.0,0.227390180878553
networkcentra,5.0,0.25,0.25,0.0895901777274915,0.06238235237349948,0.0,0.0,0.34782608695652173,0.02403638808791404,0.022184493399319053,0.0,0.0,0.16634241245136186,0.03706957228271297,0.03136417815838788,0.0,0.0,0.22093023255813954
networkcentra,5.0,0.25,0.5,0.10387645389687153,0.0652781135652213,0.0,0.0,0.34782608695652173,0.02737459571796334,0.02201892809670629,0.0,0.0,0.16634241245136186,0.04242452225434947,0.031631420727157696,0.0,0.0,0.22093023255813954
networkcentra,5.0,0.25,0.75,0.11605361692811218,0.06722126368235891,0.0,0.0,0.3557692307692308,0.031021913222773912,0.024105673345851605,0.0,0.0,0.17996108949416342,0.04798322182427333,0.03437575755409907,0.0,0.0,0.23901808785529718
networkcentra,5.0,0.25,1.0,0.14268296549322815,0.08274801382328853,0.0,0.0,0.4074074074074074,0.037907126619575265,0.027321048352081812,0.0,0.0,0.17315175097276264,0.05883870488856707,0.03994736761494904,0.0,0.0,0.22997416020671835
networkcentra,5.0,0.25,2.0,0.22981784687552387,0.10726638056533049,0.3333333333333333,0.0,0.7272727272727273,0.05982040163470639,0.038601710267693684,0.04081632653061224,0.0,0.2962962962962963,0.09315345546975025,0.05565042769694351,0.13793103448275862,0.0,0.42105263157894735
networkcentra,5.0,0.25,3.0,0.29592527161963195,0.13547568497368906,0.3,0.0,0.6666666666666666,0.07576877386390474,0.044286955213576965,0.0759493670886076,0.0,0.23214285714285715,0.11846844668499301,0.06512189640371871,0.031746031746031744,0.0,0.30985915492957744
networkcentra,5.0,0.25,5.0,0.34095260563775914,0.15063798586241472,0.5,0.0,0.8181818181818182,0.08704275696104287,0.04985250411332257,0.07692307692307693,0.0,0.3333333333333333,0.13612169890994505,0.07280781490915873,0.0,0.0,0.4736842105263157
networkcentra,5.0,0.5,0,0.08990799119893925,0.058735786121643374,0.0,0.0,0.34782608695652173,0.024352014607905703,0.021428366707695243,0.0,0.0,0.17315175097276264,0.03750930893946874,0.030264395817418764,0.0,0.0,0.22997416020671835
networkcentra,5.0,0.5,0.1,0.09388627371072118,0.05874017134777207,0.0,0.0,0.35,0.02422346706323725,0.019412421680597338,0.0,0.0,0.17704280155642024,0.03762132746878296,0.02767283778055663,0.0,0.0,0.2351421188630491
networkcentra,5.0,0.5,0.25,0.10374402695461143,0.06431058781228315,0.0,0.0,0.3576923076923077,0.02757023068535176,0.02251284890949367,0.0,0.0,0.18093385214007782,0.042680578703023254,0.0323033111218841,0.0,0.0,0.24031007751937988
networkcentra,5.0,0.5,0.5,0.12296540276417656,0.07124737912191374,0.0,0.0,0.34782608695652173,0.03261069626037762,0.02442022310226596,0.0,0.0,0.16245136186770429,0.05052923433137893,0.03518276562505637,0.0,0.0,0.2157622739018088
networkcentra,5.0,0.5,0.75,0.14577415834373844,0.08058107879182974,0.0,0.0,0.4090909090909091,0.038078927853393625,0.02605277615568915,0.0,0.0,0.16634241245136186,0.05926444940013422,0.03811459394326431,0.0,0.0,0.22093023255813954
networkcentra,5.0,0.5,1.0,0.16268693708756005,0.07839781826117094,0.25,0.0,0.4074074074074074,0.042738096522486675,0.0280157845505453,0.0,0.0,0.18093385214007782,0.06639821865208756,0.04020504276229341,0.0,0.0,0.24031007751937988
networkcentra,5.0,0.5,2.0,0.2510029987153076,0.11637491214256782,0.25,0.0,0.5555555555555556,0.06408378324319573,0.03816290829303342,0.03571428571428571,0.0,0.19642857142857142,0.10020920274534376,0.05595548913669821,0.06557377049180328,0.0,0.2631578947368421
networkcentra,5.0,0.5,3.0,0.29846096823508433,0.1411458324206758,0.5,0.0,0.8181818181818182,0.07659164360542009,0.04536198861294329,0.07692307692307693,0.0,0.3333333333333333,0.11973431160469596,0.06683248340237745,0.0,0.0,0.4736842105263157
networkcentra,5.0,0.5,5.0,0.34215936802546526,0.15071689708020247,0.5,0.0,0.9090909090909091,0.0872069996431687,0.04990101966154249,0.07142857142857142,0.0,0.37037037037037035,0.13641611436246157,0.07295742053002185,0.13333333333333333,0.0,0.5263157894736842
networkcentra,5.0,0.75,0,0.1183048629223594,0.065120815802653,0.0,0.0,0.3384615384615385,0.031228220177704265,0.02317948797158565,0.0,0.0,0.17120622568093385,0.04835906536702102,0.033023793727147345,0.0,0.0,0.227390180878553
networkcentra,5.0,0.75,0.1,0.11560800169296155,0.06863648928051135,0.0,0.0,0.375,0.030647755791371155,0.0236152051725379,0.0,0.0,0.17898832684824903,0.047521146524221146,0.03408098253743695,0.0,0.0,0.2377260981912145
networkcentra,5.0,0.75,0.25,0.12391375257624003,0.06364155905940491,0.09090909090909091,0.0,0.34807692307692306,0.03281577584979827,0.022605220436226182,0.0,0.0,0.17607003891050585,0.050861014067153335,0.032219055230998196,0.0,0.0,0.23385012919896642
networkcentra,5.0,0.75,0.5,0.15121926560788176,0.0756425498042077,0.1,0.0,0.4117647058823529,0.039143142387374194,0.02635688331174992,0.0,0.0,0.16634241245136186,0.060893970563841375,0.03769163498276227,0.0,0.0,0.22950819672131148
networkcentra,5.0,0.75,0.75,0.1648524032803433,0.07371261333169482,0.1,0.0,0.5,0.04304814281553684,0.02645422916693283,0.06666666666666667,0.0,0.16536964980544747,0.06696152504216624,0.038099725115642254,0.07142857142857142,0.0,0.24657534246575344
networkcentra,5.0,0.75,1.0,0.18825750682242848,0.08323659888339958,0.2222222222222222,0.0196078431372549,0.4642857142857143,0.04925113164544169,0.02973588119920733,0.03571428571428571,0.0017574692442882249,0.18181818181818182,0.07664461184446751,0.042954306872246335,0.06451612903225806,0.003241491085899513,0.25641025641025644
networkcentra,5.0,0.75,2.0,0.26133302073847825,0.125956680496776,0.2,0.0,0.5882352941176471,0.0671204010207296,0.041216983171117376,0.1111111111111111,0.0,0.23214285714285715,0.10478973311509082,0.060346288229806755,0.07142857142857142,0.0,0.3157894736842105
networkcentra,5.0,0.75,3.0,0.31058136534291936,0.14405028819255605,0.5,0.0,0.7222222222222222,0.07933352492163784,0.04667420481327623,0.1111111111111111,0.0,0.2857142857142857,0.12402179694149336,0.06840668625573593,0.14285714285714285,0.0,0.38095238095238093
networkcentra,5.0,0.75,5.0,0.3461163598263659,0.1543735230052015,0.5,0.0,0.8181818181818182,0.0877287966172938,0.049893465930456085,0.14285714285714285,0.0,0.3333333333333333,0.1373745700831771,0.07310162905800506,0.13333333333333333,0.0,0.4736842105263157
networkcentra,5.0,1.0,0,0.13581813099019052,0.06828169222162601,0.15384615384615385,0.0,0.36153846153846153,0.03540231736177832,0.02376639211213585,0.0,0.0,0.1828793774319066,0.05499409643272727,0.03384523806381758,0.06451612903225806,0.0,0.24289405684754525
networkcentra,5.0,1.0,0.1,0.1408423129961426,0.06112200431054929,0.14285714285714285,0.0,0.34807692307692306,0.03680877189414694,0.023193342091507065,0.0,0.0,0.17607003891050585,0.05717062399674965,0.03273410092827253,0.0,0.0,0.23385012919896642
networkcentra,5.0,1.0,0.25,0.14888721791474463,0.0680262696232425,0.14285714285714285,0.0,0.4,0.03861582463418934,0.02435587546071131,0.03571428571428571,0.0,0.16828793774319067,0.06005523011102868,0.03436470262647099,0.048192771084337345,0.0,0.2235142118863049
networkcentra,5.0,1.0,0.5,0.17000893623200836,0.08078079365182057,0.125,0.0,0.45454545454545453,0.04389900678468883,0.028435092398266564,0.03571428571428571,0.0,0.18482490272373542,0.06833518149734345,0.04059010594791867,0.06451612903225806,0.0,0.24547803617571057
networkcentra,5.0,1.0,0.75,0.19420209182633563,0.08503775967091569,0.2857142857142857,0.025,0.42857142857142855,0.050397720818295313,0.02944221944950712,0.08333333333333333,0.0017574692442882249,0.16828793774319067,0.07852361117466242,0.042520300068560085,0.04938271604938272,0.0032948929159802303,0.2235142118863049
networkcentra,5.0,1.0,1.0,0.20205348326632788,0.08908781810981055,0.2,0.0,0.47058823529411764,0.05191212392207942,0.030428083147247036,0.05263157894736842,0.0,0.16731517509727625,0.08100166468959953,0.04390699568755168,0.06349206349206349,0.0,0.22222222222222224
networkcentra,5.0,1.0,2.0,0.2666903352367233,0.12138462631358231,0.2,0.0,0.6,0.06820765411060731,0.04013596709810912,0.05263157894736842,0.0,0.20454545454545456,0.1065878074871556,0.05864222418938594,0.06451612903225806,0.0,0.3013698630136986
networkcentra,5.0,1.0,3.0,0.30646393724735843,0.1400721473543296,0.5,0.0,0.6842105263157895,0.07833433856997855,0.04536769291551402,0.047619047619047616,0.0,0.25,0.12248867756465821,0.06669911217163332,0.0625,0.0,0.36619718309859156
networkcentra,5.0,1.0,5.0,0.3481396593258889,0.1518332602263865,0.5,0.10679611650485436,0.7777777777777778,0.08838745505210323,0.04922500282500333,0.043478260869565216,0.007957559681697613,0.2962962962962963,0.1383389594119054,0.07205529220819125,0.07560137457044673,0.01488833746898263,0.42105263157894735
networkcentra,5.0,2.0,0,0.19253143946760132,0.08513690164293802,0.14285714285714285,0.0,0.5,0.04906477136002806,0.02776253804274692,0.05263157894736842,0.0,0.15856031128404668,0.07666769590228392,0.040171340167313,0.08163265306122448,0.0,0.21059431524547803
networkcentra,5.0,2.0,0.1,0.19725495829890843,0.08799243866516043,0.2,0.0,0.5,0.050133116731428284,0.029236931497696097,0.03571428571428571,0.0,0.16634241245136186,0.07831300593261512,0.04216204418379378,0.06666666666666667,0.0,0.2376237623762376
networkcentra,5.0,2.0,0.25,0.20446032160148214,0.08810373827353628,0.25,0.0,0.5,0.051720349984483396,0.02810256947478422,0.038461538461538464,0.0,0.15953307392996108,0.0809553823417739,0.040865075722582855,0.07142857142857142,0.0,0.2191780821917808
networkcentra,5.0,2.0,0.5,0.21901955784259358,0.0951604704211295,0.2,0.0,0.5,0.0556241594461178,0.03094771936075073,0.04081632653061224,0.0,0.16634241245136186,0.08700036490162669,0.04501134657780323,0.19047619047619047,0.0,0.22093023255813954
networkcentra,5.0,2.0,0.75,0.22826224820480148,0.10350470244487764,0.25,0.0,0.5769230769230769,0.058087845631077495,0.03262289515994726,0.061224489795918366,0.0,0.17272727272727273,0.09090128504968611,0.0480887666118741,0.054982817869415807,0.0,0.2435897435897436
networkcentra,5.0,2.0,1.0,0.2456774310750287,0.11188098927192947,0.2,0.0,0.6428571428571429,0.06240980811709341,0.036052449832516376,0.041666666666666664,0.0,0.2222222222222222,0.09766433380724185,0.05279761101459066,0.0967741935483871,0.0,0.3157894736842105
networkcentra,5.0,2.0,2.0,0.2845304429648564,0.1290116694725119,0.5,0.0,0.7142857142857143,0.0724602265665878,0.04097959189369118,0.041666666666666664,0.0,0.2222222222222222,0.11341457883504438,0.060333137865101596,0.07142857142857142,0.0,0.3157894736842105
networkcentra,5.0,2.0,3.0,0.3214194322718846,0.14250918974978355,0.5,0.09230769230769231,0.7222222222222222,0.08178758472991692,0.04558305146605891,0.041666666666666664,0.008403361344537815,0.23214285714285715,0.12801198551923973,0.06716915637914034,0.14285714285714285,0.01540436456996149,0.33802816901408445
networkcentra,5.0,2.0,5.0,0.3541479214938869,0.14981132061065605,0.3333333333333333,0.075,0.7777777777777778,0.08953723732479564,0.04824928377659349,0.09090909090909091,0.010646108663729809,0.2962962962962963,0.1402480331418173,0.07069712417838306,0.10526315789473684,0.019464720194647202,0.42105263157894735
networkcentra,5.0,3.0,0,0.21759039440337938,0.09554904203891157,0.2,0.03361344537815126,0.5217391304347826,0.05502343613746309,0.030266966865782757,0.03571428571428571,0.004842615012106538,0.16731517509727625,0.0861333380428682,0.04447051829696394,0.05,0.008465608465608466,0.22950819672131148
networkcentra,5.0,3.0,0.1,0.22090380705345256,0.09895364352495804,0.25,0.0,0.6428571428571429,0.055908302372893466,0.030483736637136376,0.04081632653061224,0.0,0.17647058823529413,0.08754410045738088,0.044828026309705823,0.06451612903225806,0.0,0.26666666666666666
networkcentra,5.0,3.0,0.25,0.2249602940417194,0.10178243100212017,0.2,0.025210084033613446,0.6428571428571429,0.05692327385240861,0.031678046257055115,0.03571428571428571,0.0029411764705882353,0.16071428571428573,0.08912346194098314,0.046584925844926364,0.07894736842105263,0.0053619302949061655,0.23157894736842105
networkcentra,5.0,3.0,0.5,0.23887067718549582,0.10734375484041637,0.25,0.02631578947368421,0.6428571428571429,0.06063201239653601,0.034121731454557706,0.1,0.0017574692442882249,0.2222222222222222,0.09482328750132941,0.04966648476179879,0.10666666666666667,0.0032948929159802303,0.3157894736842105
networkcentra,5.0,3.0,0.75,0.24746741733879646,0.11022823640833732,0.25,0.041666666666666664,0.5714285714285714,0.06326030204676121,0.03537568886858446,0.05263157894736842,0.0035149384885764497,0.17857142857142858,0.09889559439234578,0.05189772183311126,0.13333333333333333,0.006482982171799026,0.2522522522522523
networkcentra,5.0,3.0,1.0,0.257478778113566,0.11943154720282917,0.25,0.0,0.6470588235294118,0.06542067603223223,0.03795785673746433,0.07142857142857142,0.0,0.2,0.10242322553775358,0.05608375030341638,0.13793103448275862,0.0,0.30136986301369867
networkcentra,5.0,3.0,2.0,0.2873313927363873,0.12921550702192722,0.5,0.07142857142857142,0.6666666666666666,0.0734981418973454,0.04190650701317565,0.04081632653061224,0.006172839506172839,0.25925925925925924,0.11485998201429819,0.061389095899405284,0.07142857142857142,0.011406844106463879,0.368421052631579
networkcentra,5.0,3.0,3.0,0.32255095689061697,0.14074206837109743,0.2,0.09375,0.7142857142857143,0.08218608846349695,0.04655325447014283,0.07142857142857142,0.008787346221441126,0.2857142857142857,0.12854371834908068,0.06793731043582009,0.14285714285714285,0.016474464579901156,0.38095238095238093
networkcentra,5.0,3.0,5.0,0.3533974607551778,0.15365682260023722,0.3333333333333333,0.07692307692307693,0.7777777777777778,0.08951197052635686,0.04946778077309371,0.07692307692307693,0.008064516129032258,0.2857142857142857,0.14020797019281125,0.07266418690383335,0.14285714285714285,0.014598540145985403,0.38095238095238093
networkcentra,5.0,5.0,0,0.2287275956120152,0.1117072711264945,0.25,0.025,0.5,0.05824481029912893,0.033740500791725817,0.1111111111111111,0.00205761316872428,0.16363636363636364,0.09115899797052683,0.050124162769537954,0.05970149253731343,0.0038022813688212928,0.24657534246575344
networkcentra,5.0,5.0,0.1,0.23283035935122987,0.11623478982951045,0.2,0.01680672268907563,0.5714285714285714,0.05967139178181423,0.03592687923887108,0.030612244897959183,0.002421307506053269,0.19642857142857142,0.0932530547672036,0.05303517824443333,0.07142857142857142,0.004232804232804233,0.273972602739726
networkcentra,5.0,5.0,0.25,0.23374245328002088,0.11770946978461222,0.2,0.02040816326530612,0.6153846153846154,0.05976249641484762,0.03521420732576351,0.1111111111111111,0.0017574692442882249,0.17857142857142858,0.09343465690668505,0.052200558340997044,0.0967741935483871,0.0032948929159802303,0.2564102564102564
networkcentra,5.0,5.0,0.5,0.24063131782777544,0.11982943436707497,0.2,0.02040816326530612,0.6428571428571429,0.061612192663032514,0.036457395060485814,0.03571428571428571,0.0017574692442882249,0.17857142857142858,0.09634352796378792,0.05397758877268875,0.07407407407407407,0.0032948929159802303,0.24657534246575344
networkcentra,5.0,5.0,0.75,0.24625996500562938,0.12423692155838092,0.2857142857142857,0.020833333333333332,0.6111111111111112,0.06332715063195542,0.038085485589353665,0.08333333333333333,0.0017574692442882249,0.2,0.0989622365168146,0.05653250877597312,0.10526315789473684,0.0032948929159802303,0.30136986301369867
networkcentra,5.0,5.0,1.0,0.25488189652499604,0.1283995384194107,0.5,0.019417475728155338,0.6153846153846154,0.06570003068869869,0.040252822370257194,0.07692307692307693,0.0017574692442882249,0.2222222222222222,0.10259096928115698,0.05934016360936898,0.13333333333333333,0.0032948929159802303,0.3157894736842105
networkcentra,5.0,5.0,2.0,0.2770003095320236,0.13844262868382698,0.5,0.019417475728155338,0.6538461538461539,0.07079288644263183,0.041450399466929314,0.05263157894736842,0.002034587995930824,0.2037037037037037,0.11079310466060709,0.06182812896679297,0.12903225806451613,0.003683241252302025,0.3013698630136986
networkcentra,5.0,5.0,3.0,0.29839842111367976,0.1514607651148532,0.25,0.02040816326530612,0.7222222222222222,0.07705752271186053,0.04664839312188441,0.07142857142857142,0.0017574692442882249,0.2222222222222222,0.1203927289378919,0.06941375219978921,0.11764705882352941,0.0032948929159802303,0.3333333333333333
networkcentra,5.0,5.0,5.0,0.3385880411726694,0.15769758324106073,0.3333333333333333,0.03361344537815126,0.7272727272727273,0.08709282607099476,0.04979044704065832,0.07142857142857142,0.0035149384885764497,0.2962962962962963,0.13610619214973402,0.0733753270871955,0.14285714285714285,0.0065897858319604605,0.42105263157894735
