dataset,decay_factor,alpha,beta,mean_precision,std_precision,mode_precision,min_precision,max_precision,mean_recall,std_recall,mode_recall,min_recall,max_recall,mean_f1,std_f1,mode_f1,min_f1,max_f1
networkaeternity,0,0,0.1,0.07228773793674778,0.053666875557713684,0.0,0.0,0.5041666666666667,0.020884885606688646,0.015512069588749238,0.0,0.0,0.1000827129859388,0.03201327592344486,0.023177539958336383,0.0,0.0,0.16701173222912355
networkaeternity,0,0,0.25,0.07743047845929793,0.05108071969251631,0.0,0.0,0.4666666666666667,0.022823895712497357,0.015700563995079003,0.0,0.0,0.09263854425144748,0.03486385690518165,0.023308689781035934,0.0,0.0,0.15458937198067632
networkaeternity,0,0,0.5,0.08745406372552371,0.05484871175983206,0.0,0.0,0.5041666666666667,0.025480447160766386,0.017503329780208583,0.0,0.0,0.1048951048951049,0.03897505934693128,0.02562112891576153,0.0,0.0,0.16701173222912355
networkaeternity,0,0,0.75,0.09967315170635085,0.05734416880739823,0.0,0.0,0.5166666666666667,0.029384793400781112,0.019313411287312093,0.0,0.0,0.11475409836065574,0.04482931062681222,0.027970882046948645,0.0,0.0,0.17115251897860595
networkaeternity,0,0,1.0,0.10945887224206215,0.062053472369853487,0.0,0.0,0.49583333333333335,0.032269513053007265,0.021143705783302522,0.0,0.0,0.10759493670886076,0.04923668481857899,0.030592872914485564,0.0,0.0,0.16425120772946858
networkaeternity,0,0,2.0,0.19001502529453995,0.08029150762528546,0.10526315789473684,0.0,0.4875,0.056120040947922355,0.03188145964606493,0.0,0.0,0.16083916083916083,0.08561033477506057,0.04499322737953516,0.0,0.0,0.2222222222222222
networkaeternity,0,0,3.0,0.26226418579597205,0.09540584411379165,0.14285714285714285,0.034482758620689655,0.5041666666666667,0.07664405880443494,0.039229774840603554,0.025,0.005988023952095809,0.1830065359477124,0.11717679962466652,0.05509725815377206,0.04615384615384616,0.010204081632653062,0.25925925925925924
networkaeternity,0,0,5.0,0.3127892073728528,0.10778345190737,0.3333333333333333,0.075,0.5441176470588235,0.09142322548875813,0.045199898595973724,0.03333333333333333,0.013333333333333334,0.23776223776223776,0.13982356439865393,0.06332006303858748,0.06837606837606838,0.023952095808383235,0.3285024154589372
networkaeternity,0,0.1,0,0.07163859433257458,0.05028194092103358,0.0,0.0,0.4875,0.02086432075264217,0.015041619315539267,0.0,0.0,0.0967741935483871,0.031932257921288794,0.02243706901670613,0.0,0.0,0.16149068322981366
networkaeternity,0,0.1,0.1,0.07635925805632865,0.052830304264592745,0.0,0.0,0.5208333333333334,0.022285273219620306,0.01614829940656573,0.0,0.0,0.10339123242349049,0.03406212361227871,0.023848686004036238,0.0,0.0,0.17253278122843344
networkaeternity,0,0.1,0.25,0.08281203785354707,0.052679327198370735,0.0,0.0,0.49166666666666664,0.02413022158781165,0.016598185175636812,0.0,0.0,0.09760132340777503,0.036897412483860595,0.024348235852520057,0.0,0.0,0.16287094547964115
networkaeternity,0,0.1,0.5,0.088962639842606,0.05276837867700307,0.0,0.0,0.4791666666666667,0.026019927041694497,0.01687722304836901,0.0,0.0,0.09511993382961124,0.039784653237588216,0.024648448907050882,0.0,0.0,0.15873015873015875
networkaeternity,0,0.1,0.75,0.10486137707379367,0.05869047419671383,0.0,0.0,0.4708333333333333,0.030902522731591015,0.020270656982039115,0.0,0.0,0.1092896174863388,0.04714769793888224,0.029269329264654576,0.0,0.0,0.15596963423050378
networkaeternity,0,0.1,1.0,0.1156808025333854,0.06971313243319562,0.0,0.0,0.5166666666666667,0.03439509416282163,0.024291214353578457,0.0,0.0,0.13286713286713286,0.052385709467870516,0.03512014527122853,0.0,0.0,0.18357487922705315
networkaeternity,0,0.1,2.0,0.1979346641023093,0.08103152342839837,0.125,0.0,0.5166666666666667,0.05779247921593908,0.030999208904938205,0.043478260869565216,0.0,0.17123287671232876,0.08836970677659144,0.043960554955301594,0.06451612903225806,0.0,0.24390243902439024
networkaeternity,0,0.1,3.0,0.2634709329692097,0.09295353785691614,0.125,0.05,0.49166666666666664,0.07706675032108046,0.038639694981743335,0.016666666666666666,0.009259259259259259,0.20279720279720279,0.11783981514758853,0.05423786515869414,0.061538461538461535,0.016260162601626015,0.2801932367149758
networkaeternity,0,0.1,5.0,0.3126300574685186,0.10487242446220701,0.25,0.0625,0.5441176470588235,0.0913161631320358,0.045117701696752034,0.041666666666666664,0.014285714285714285,0.23776223776223776,0.13964072024066146,0.06300042894570441,0.06666666666666667,0.023999999999999997,0.3285024154589372
networkaeternity,0,0.25,0,0.07502831406418994,0.04938115353149056,0.0,0.0,0.4666666666666667,0.021700789252304693,0.014547819189702419,0.0,0.0,0.09263854425144748,0.03326943851118214,0.0217796077511603,0.0,0.0,0.15458937198067632
networkaeternity,0,0.25,0.1,0.08397213441912571,0.04971297430642482,0.0,0.0,0.5166666666666667,0.024177163465246763,0.015418905336909556,0.0,0.0,0.10256410256410256,0.037075588309604016,0.02266634850448937,0.0,0.0,0.17115251897860595
networkaeternity,0,0.25,0.25,0.0898342853049274,0.053704896018466154,0.0,0.0,0.4875,0.02591246663130892,0.01632752815139229,0.0,0.0,0.0967741935483871,0.039729420693296436,0.024159733800601497,0.0,0.0,0.16149068322981366
networkaeternity,0,0.25,0.5,0.09754644712975631,0.05560774338387985,0.0,0.0,0.49583333333333335,0.028760964414132655,0.018881490169035522,0.0,0.0,0.11888111888111888,0.043886516204239126,0.027287309197309595,0.0,0.0,0.1642512077294686
networkaeternity,0,0.25,0.75,0.11607148367775859,0.058042195295522604,0.0,0.0,0.5,0.03374238736166208,0.019441302313101087,0.0,0.0,0.1,0.0516449905864722,0.028123795183361576,0.0,0.0,0.16563146997929606
networkaeternity,0,0.25,1.0,0.12734781685372018,0.06624388417971382,0.0,0.0,0.5333333333333333,0.03765211207468458,0.0235171452348786,0.0,0.0,0.125,0.057428005677900795,0.033836575311857416,0.0,0.0,0.1766735679779158
networkaeternity,0,0.25,2.0,0.20829660441166134,0.08225707269168026,0.2222222222222222,0.0,0.525,0.061092850715086126,0.03287161759442192,0.008333333333333333,0.0,0.17204301075268819,0.09334536359849185,0.046444194825561703,0.08672086720867209,0.0,0.24242424242424246
networkaeternity,0,0.25,3.0,0.26487144842653415,0.09591058779954338,0.25,0.03571428571428571,0.525,0.07765172122939025,0.039941502288456894,0.025,0.00819672131147541,0.20279720279720279,0.11867030697683616,0.05612233100133083,0.04081632653061225,0.013333333333333332,0.2801932367149758
networkaeternity,0,0.25,5.0,0.3173479550261652,0.10504087512749581,0.25,0.075,0.5392156862745098,0.09243724276517847,0.04459786996096279,0.03333333333333333,0.013605442176870748,0.23776223776223776,0.1414589099009221,0.062370529975900604,0.07692307692307693,0.02339181286549707,0.3285024154589372
networkaeternity,0,0.5,0,0.0898214296040318,0.0555157797650423,0.0,0.0,0.5375,0.026117284166941764,0.017673978089393375,0.0,0.0,0.1258741258741259,0.03997633088503317,0.02588057471977476,0.0,0.0,0.17805383022774324
networkaeternity,0,0.5,0.1,0.09332648713540048,0.05632098748421715,0.0,0.0,0.5541666666666667,0.027206059124772378,0.01781526059076459,0.0,0.0,0.11000827129859388,0.04160447038911789,0.02611597519082012,0.0,0.0,0.18357487922705312
networkaeternity,0,0.5,0.25,0.09595297662789269,0.054814863851563235,0.0,0.0,0.49166666666666664,0.027783996744797645,0.017681847544661972,0.0,0.0,0.10126582278481013,0.04255616161032865,0.02578424360388313,0.0,0.0,0.16287094547964115
networkaeternity,0,0.5,0.5,0.11091637756089869,0.061908010548478935,0.0,0.0,0.525,0.03254636564976698,0.02007859027972102,0.0,0.0,0.10421836228287841,0.04973927663240707,0.029432733560557568,0.0,0.0,0.17391304347826086
networkaeternity,0,0.5,0.75,0.12692610728036072,0.06293510568851877,0.0,0.0,0.49166666666666664,0.036965055663291176,0.02192806221741642,0.0,0.0,0.1258741258741259,0.056560207757911346,0.031651053434509066,0.0,0.0,0.17391304347826086
networkaeternity,0,0.5,1.0,0.1442803887078989,0.062347020671164974,0.125,0.0,0.475,0.042306172889555335,0.023972387821161532,0.016666666666666666,0.0,0.13,0.06463335877537131,0.0339629703524491,0.042735042735042736,0.0,0.17508417508417506
networkaeternity,0,0.5,2.0,0.21457200013202904,0.08360825937407523,0.2,0.0,0.5208333333333334,0.06289418976786969,0.03306627469362565,0.013422818791946308,0.0,0.1643835616438356,0.09614004724328877,0.04682462487022831,0.030769230769230767,0.0,0.23414634146341465
networkaeternity,0,0.5,3.0,0.2721883040391263,0.09817666645667929,0.16666666666666666,0.05263157894736842,0.5291666666666667,0.07984584794946228,0.041342172666963044,0.03355704697986577,0.008333333333333333,0.21678321678321677,0.12197157736754043,0.057850039252812784,0.10810810810810811,0.014388489208633093,0.2995169082125604
networkaeternity,0,0.5,5.0,0.3154618650349392,0.10833967044453405,0.17647058823529413,0.05263157894736842,0.5714285714285714,0.0921855983133925,0.045956225195074876,0.05,0.008333333333333333,0.24475524475524477,0.14095278807790013,0.0642655001840833,0.061538461538461535,0.014388489208633093,0.33816425120772947
networkaeternity,0,0.75,0,0.10183616519340306,0.051291059337018295,0.0,0.0,0.4708333333333333,0.029697334107527878,0.017199013619759347,0.0,0.0,0.0934656741108354,0.04542174429323222,0.024885267023674974,0.0,0.0,0.15596963423050378
networkaeternity,0,0.75,0.1,0.10857281483063745,0.05688772229628963,0.0,0.0,0.5,0.03142336303855656,0.01871805229093285,0.0,0.0,0.105,0.048127265568558356,0.027174530648791856,0.0,0.0,0.16563146997929606
networkaeternity,0,0.75,0.25,0.11254701805720889,0.05660520772727908,0.0,0.0,0.5208333333333334,0.032855347422841207,0.019385537886015644,0.0,0.0,0.10339123242349049,0.05024929861572751,0.0279995201717617,0.0,0.0,0.17253278122843344
networkaeternity,0,0.75,0.5,0.13256293466575944,0.05459807848648044,0.11764705882352941,0.0,0.5125,0.03810430556823529,0.019330191428297512,0.0,0.0,0.10173697270471464,0.05844220252790509,0.02761167937572198,0.0,0.0,0.16977225672877846
networkaeternity,0,0.75,0.75,0.1422961605081148,0.06082483706315372,0.14285714285714285,0.0,0.5208333333333334,0.04143384473952655,0.02222074232224042,0.0,0.0,0.11888111888111888,0.06340601032412876,0.03165253918350153,0.0,0.0,0.17253278122843344
networkaeternity,0,0.75,1.0,0.1621010398575276,0.06113247903874455,0.16666666666666666,0.03,0.49583333333333335,0.04701480746414504,0.023874131869699094,0.03278688524590164,0.007936507936507936,0.1366120218579235,0.07199491101286142,0.03372633278259449,0.06451612903225806,0.013605442176870748,0.19157088122605367
networkaeternity,0,0.75,2.0,0.22761817843291596,0.08492882231358244,0.2,0.05263157894736842,0.49166666666666664,0.06656269428967783,0.034931571416267494,0.025,0.008333333333333333,0.2097902097902098,0.10175151415064063,0.04904013709330006,0.20454545454545456,0.014388489208633093,0.28985507246376807
networkaeternity,0,0.75,3.0,0.2757722467867591,0.09342322450899343,0.2222222222222222,0.0625,0.5230769230769231,0.08039016392805162,0.03951895913703133,0.025,0.013605442176870748,0.2097902097902098,0.12296079456585665,0.055231649125721045,0.05333333333333333,0.02339181286549707,0.28985507246376807
networkaeternity,0,0.75,5.0,0.3184935733158654,0.10907269866162841,0.16666666666666666,0.05263157894736842,0.5441176470588235,0.09321565085375225,0.046820455959779066,0.05,0.008333333333333333,0.23076923076923078,0.14249339063808814,0.06543976797658055,0.125,0.014388489208633093,0.3188405797101449
networkaeternity,0,1.0,0,0.1215815244503313,0.048889358252295415,0.1,0.0,0.4666666666666667,0.03486617304018637,0.01746584071605871,0.022727272727272728,0.0,0.09263854425144748,0.05350178464821824,0.024873592427655376,0.014388489208633093,0.0,0.15458937198067632
networkaeternity,0,1.0,0.1,0.12217341651408334,0.05525439260040036,0.14285714285714285,0.0,0.5291666666666667,0.035158188746758384,0.01839617411557878,0.0,0.0,0.10504549214226634,0.053939599320141605,0.02667931731442131,0.0,0.0,0.17529330572808835
networkaeternity,0,1.0,0.25,0.1284146652751759,0.05667308327142091,0.1,0.0,0.5166666666666667,0.03703851828382194,0.019637920499093776,0.008333333333333333,0.0,0.10256410256410256,0.0567565952281785,0.028144223029825735,0.030769230769230767,0.0,0.17115251897860595
networkaeternity,0,1.0,0.5,0.14494832961405865,0.05976559884135987,0.125,0.0,0.5083333333333333,0.04175453462328921,0.022163904870601398,0.058823529411764705,0.0,0.1258741258741259,0.06399520658162312,0.03142137853313582,0.017094017094017096,0.0,0.17391304347826086
networkaeternity,0,1.0,0.75,0.15642214737473573,0.06197658738369684,0.14285714285714285,0.028985507246376812,0.5125,0.04527053511814185,0.023124622099096007,0.008333333333333333,0.005917159763313609,0.12,0.06933541829954105,0.03280281756566996,0.026666666666666665,0.009828009828009828,0.16977225672877846
networkaeternity,0,1.0,1.0,0.17068111080148946,0.06723593884501218,0.16666666666666666,0.03225806451612903,0.49583333333333335,0.04977154535995468,0.02670009957669708,0.016666666666666666,0.006622516556291391,0.13986013986013987,0.07612719427244873,0.03767487301682452,0.01098901098901099,0.01098901098901099,0.1932367149758454
networkaeternity,0,1.0,2.0,0.2282982447324063,0.08426378973548478,0.16666666666666666,0.05,0.5166666666666667,0.06678252311902007,0.034462324987293076,0.09090909090909091,0.008333333333333333,0.1888111888111888,0.10209078128411803,0.04851356586210681,0.09205020920502092,0.014388489208633093,0.2608695652173913
networkaeternity,0,1.0,3.0,0.2783739717820983,0.09900136842147193,0.16666666666666666,0.05263157894736842,0.5375,0.08112436266855101,0.04044340272278764,0.024242424242424242,0.008333333333333333,0.19680851063829788,0.12413724752658013,0.05691523600258835,0.04195804195804195,0.014388489208633093,0.27611940298507465
networkaeternity,0,1.0,5.0,0.31842470178068266,0.10586255026637603,0.16666666666666666,0.0625,0.5892857142857143,0.09280622207193125,0.04544566770032852,0.023809523809523808,0.01680672268907563,0.22023809523809523,0.1419800106523752,0.06347595236815938,0.061538461538461535,0.026490066225165563,0.3024390243902439
networkaeternity,0,2.0,0,0.15020841787146455,0.058443288836679465,0.10526315789473684,0.0,0.5458333333333333,0.04315408591226262,0.021729782523603018,0.016666666666666666,0.0,0.13333333333333333,0.06617719250626886,0.030769964229116036,0.028776978417266185,0.0,0.19696969696969696
networkaeternity,0,2.0,0.1,0.1556716470540418,0.057914101860819495,0.125,0.038461538461538464,0.5333333333333333,0.044715367080501695,0.02255328868115344,0.016666666666666666,0.008695652173913044,0.1258741258741259,0.06856137039576003,0.03171633930606917,0.028776978417266185,0.014184397163120569,0.1766735679779158
networkaeternity,0,2.0,0.25,0.15799054495355735,0.05856761659899476,0.14285714285714285,0.0,0.4791666666666667,0.04525533465523742,0.022606804071078068,0.016666666666666666,0.0,0.1232876712328767,0.06944238796064257,0.031914872565295106,0.028776978417266185,0.0,0.17560975609756097
networkaeternity,0,2.0,0.5,0.17330590735210494,0.06568607850010658,0.14285714285714285,0.03333333333333333,0.5333333333333333,0.04962794889600922,0.02475913497139933,0.015873015873015872,0.006060606060606061,0.144,0.07616446001781395,0.03509691849638785,0.030769230769230767,0.010256410256410256,0.2117647058823529
networkaeternity,0,2.0,0.75,0.18295110284650035,0.06715862625081721,0.16666666666666666,0.0,0.525,0.052546166995215665,0.02574598277261429,0.022727272727272728,0.0,0.14685314685314685,0.08059422236084436,0.036352605714467225,0.06666666666666667,0.0,0.20289855072463767
networkaeternity,0,2.0,1.0,0.19195326691286982,0.07113245133174312,0.16666666666666666,0.0,0.49166666666666664,0.05562892207025964,0.028449583985305657,0.018018018018018018,0.0,0.15384615384615385,0.08515996433132372,0.03998917107525069,0.030769230769230767,0.0,0.21256038647342998
networkaeternity,0,2.0,2.0,0.24320565285540285,0.08978249219704694,0.11764705882352941,0.05263157894736842,0.5291666666666667,0.07087842789318602,0.035689585762475044,0.025,0.008333333333333333,0.2097902097902098,0.10844958858964877,0.050381587269702696,0.030769230769230767,0.014388489208633093,0.28985507246376807
networkaeternity,0,2.0,3.0,0.2791419403018517,0.09724694063822965,0.13333333333333333,0.03571428571428571,0.5111111111111111,0.08157066583932365,0.04082731786653452,0.045454545454545456,0.00819672131147541,0.21678321678321677,0.12473494403839001,0.057230720425699266,0.06666666666666667,0.013333333333333332,0.2995169082125604
networkaeternity,0,2.0,5.0,0.3230503341565551,0.10792632590848313,0.3333333333333333,0.05263157894736842,0.5892857142857143,0.09420484766776142,0.046596284131123454,0.03333333333333333,0.008333333333333333,0.24475524475524477,0.1440925575020025,0.0649540708224727,0.07692307692307693,0.014388489208633093,0.33816425120772947
networkaeternity,0,3.0,0,0.16618775770574715,0.06288016319890205,0.125,0.037037037037037035,0.4708333333333333,0.04782976622906275,0.024756029106867066,0.01904761904761905,0.008333333333333333,0.14685314685314685,0.07332006639010201,0.034924521723322395,0.030769230769230767,0.014388489208633093,0.20289855072463767
networkaeternity,0,3.0,0.1,0.1721531447076001,0.0642453510813407,0.18181818181818182,0.03571428571428571,0.45416666666666666,0.049263719549943345,0.02466285916085245,0.016666666666666666,0.00819672131147541,0.152,0.07558537838762643,0.03474469970618862,0.0975609756097561,0.013333333333333332,0.2235294117647059
networkaeternity,0,3.0,0.25,0.17900800834578726,0.06692912979247632,0.14285714285714285,0.038461538461538464,0.5541666666666667,0.051484567088982296,0.02587101919701274,0.0625,0.009523809523809525,0.13986013986013987,0.07895209215030222,0.03656394706176759,0.028776978417266185,0.016,0.2
networkaeternity,0,3.0,0.5,0.18693519774450332,0.06925368212625675,0.16666666666666666,0.03333333333333333,0.5208333333333334,0.053793270626260443,0.026588224349017354,0.015873015873015872,0.008333333333333333,0.14358974358974358,0.08250164965928274,0.037661038994621206,0.030769230769230767,0.01337792642140468,0.21212121212121215
networkaeternity,0,3.0,0.75,0.1920493337359102,0.07048623850651274,0.125,0.03571428571428571,0.5333333333333333,0.05528277618486092,0.02710384666217853,0.018518518518518517,0.00819672131147541,0.152,0.08478887147183738,0.038444798077043055,0.05128205128205128,0.013333333333333332,0.2235294117647059
networkaeternity,0,3.0,1.0,0.20500205123466783,0.07540369988851003,0.16666666666666666,0.044444444444444446,0.49166666666666664,0.05896749780143458,0.029259299855555865,0.015873015873015872,0.013333333333333334,0.168,0.09043414242894354,0.04134485358147957,0.030769230769230767,0.023391812865497075,0.24705882352941178
networkaeternity,0,3.0,2.0,0.24416582581277055,0.0853949502190532,0.25,0.05,0.5166666666666667,0.07072619955994426,0.03505754309683208,0.016666666666666666,0.010309278350515464,0.1881720430107527,0.10830961399878603,0.04921164774967548,0.04615384615384616,0.017094017094017096,0.26515151515151514
networkaeternity,0,3.0,3.0,0.2771743610193146,0.0982804560097489,0.16666666666666666,0.03571428571428571,0.55,0.08049092980433341,0.039728386642417776,0.040268456375838924,0.00819672131147541,0.20279720279720279,0.12323331950545022,0.05598745689368241,0.06666666666666667,0.013333333333333332,0.2801932367149758
networkaeternity,0,3.0,5.0,0.3204776381084338,0.10599255373253319,0.2,0.09375,0.6071428571428571,0.09341735376554883,0.04535326892034726,0.01904761904761905,0.016666666666666666,0.22580645161290322,0.14293127076050566,0.0634406532639188,0.04195804195804195,0.028776978417266185,0.3181818181818182
networkaeternity,0,5.0,0,0.17831749367155064,0.06499994548689433,0.14285714285714285,0.03571428571428571,0.49166666666666664,0.051261361637299316,0.025120185070874674,0.025,0.00819672131147541,0.13986013986013987,0.07864497970645781,0.03555926769530651,0.05517241379310345,0.013333333333333332,0.1932367149758454
networkaeternity,0,5.0,0.1,0.1797038799232777,0.0684807352099166,0.14285714285714285,0.06,0.49583333333333335,0.051971373003299175,0.02704056116964035,0.025,0.010610079575596816,0.13986013986013987,0.07960865470052635,0.03815027732305435,0.08333333333333333,0.018369690011481053,0.1932367149758454
networkaeternity,0,5.0,0.25,0.18129306147582225,0.07083003376893011,0.18181818181818182,0.044444444444444446,0.5375,0.05247632446513913,0.027268312243505188,0.016666666666666666,0.010309278350515464,0.144,0.08040558491699566,0.03879275430687856,0.030769230769230767,0.017094017094017096,0.2117647058823529
networkaeternity,0,5.0,0.5,0.18727049295505627,0.07170724894139623,0.14285714285714285,0.05,0.49583333333333335,0.0543422671981037,0.028209778341774395,0.041666666666666664,0.008333333333333333,0.13986013986013987,0.08321483119980998,0.03992676413275464,0.030769230769230767,0.014388489208633093,0.20454545454545456
networkaeternity,0,5.0,0.75,0.19623510945314115,0.07598960938771253,0.10526315789473684,0.03571428571428571,0.5208333333333334,0.05684730564681313,0.029247093981789585,0.016666666666666666,0.008695652173913044,0.16083916083916083,0.08710800110744728,0.04157894479431279,0.030769230769230767,0.013986013986013988,0.2222222222222222
networkaeternity,0,5.0,1.0,0.20314856340018178,0.07692032463164634,0.16666666666666666,0.05,0.5458333333333333,0.05877693277200905,0.029794619428580187,0.025,0.009523809523809525,0.16083916083916083,0.09005964540230275,0.04226427859361667,0.04081632653061225,0.016,0.2222222222222222
networkaeternity,0,5.0,2.0,0.23499355086158044,0.09033061241377717,0.125,0.05,0.5791666666666667,0.06822053917588226,0.035360159754718526,0.016666666666666666,0.009523809523809525,0.17482517482517482,0.10446205812973317,0.05010671698859311,0.04615384615384616,0.016,0.24242424242424246
networkaeternity,0,5.0,3.0,0.2607169380995378,0.09561776932732617,0.25,0.05,0.5333333333333333,0.07563846397743704,0.03853219098210036,0.016666666666666666,0.009523809523809525,0.2097902097902098,0.11583483918856834,0.05432552640986617,0.027972027972027975,0.016,0.28985507246376807
networkaeternity,0,5.0,5.0,0.3042157243165595,0.10650257219196375,0.21052631578947367,0.05,0.5535714285714286,0.08860039915681618,0.043911030146902216,0.016666666666666666,0.009523809523809525,0.23076923076923078,0.1356097120791556,0.061835904242875016,0.10810810810810811,0.016,0.3188405797101449
networkaeternity,0.1,0,0,0.15929050782626206,0.07088677503245411,0.0,0.0,0.48333333333333334,0.04670212475176291,0.026072594386774926,0.0,0.0,0.1450381679389313,0.07139357998511636,0.03727452044692323,0.0,0.0,0.20105820105820102
networkaeternity,0.1,0,0.1,0.16210786713810504,0.07217055994686208,0.09090909090909091,0.0,0.4875,0.04767672829967596,0.027074704321878813,0.0,0.0,0.1557377049180328,0.07281137424714491,0.03852980437906004,0.0,0.0,0.21839080459770116
networkaeternity,0.1,0,0.25,0.17054976954498244,0.07737174106962999,0.125,0.0,0.5125,0.0501925378647662,0.029014628497189245,0.0,0.0,0.15846994535519127,0.07666236101468059,0.041439196517819785,0.0,0.0,0.22222222222222224
networkaeternity,0.1,0,0.5,0.19057792830057485,0.08238123956313118,0.0,0.0,0.4875,0.056079055064179414,0.030848501445891494,0.0,0.0,0.15027322404371585,0.08567526562971034,0.044099488424573875,0.0,0.0,0.210727969348659
networkaeternity,0.1,0,0.75,0.20885639914152535,0.08262396198850538,0.25,0.0,0.4666666666666667,0.061686227607675254,0.032925416829416077,0.0,0.0,0.16666666666666666,0.09414707283333155,0.04649143820583486,0.0,0.0,0.2285714285714286
networkaeternity,0.1,0,1.0,0.23004840286274392,0.08549709070334573,0.25,0.0,0.4791666666666667,0.06741639912301768,0.0346856090768443,0.016666666666666666,0.0,0.17261904761904762,0.10303804267452173,0.04882094542732557,0.028776978417266185,0.0,0.23673469387755097
networkaeternity,0.1,0,2.0,0.28990354284711267,0.09572763703615524,0.125,0.07692307692307693,0.5185185185185185,0.08494950764180931,0.0412027819454185,0.025,0.015267175572519083,0.19642857142857142,0.12987276176182713,0.05764938965618946,0.04316546762589928,0.025806451612903226,0.2693877551020408
networkaeternity,0.1,0,3.0,0.30955959874858413,0.09892126700850183,0.3333333333333333,0.08333333333333333,0.5535714285714286,0.08994292051508175,0.04196517255449072,0.03333333333333333,0.013605442176870748,0.19642857142857142,0.13772281565319672,0.05873610801374171,0.06666666666666667,0.02339181286549707,0.2789115646258503
networkaeternity,0.1,0,5.0,0.32421496453716236,0.10439450683956725,0.3333333333333333,0.0625,0.5714285714285714,0.0941970817102028,0.044245434694243246,0.03333333333333333,0.014285714285714285,0.20833333333333334,0.14422890530901908,0.06196346047479802,0.07692307692307693,0.023999999999999997,0.28703703703703703
networkaeternity,0.1,0.1,0,0.16319708117394588,0.07302150731812117,0.05263157894736842,0.0,0.4791666666666667,0.04808062764196136,0.027295932662875083,0.0,0.0,0.14754098360655737,0.07344106004991388,0.03898676317541242,0.0,0.0,0.20689655172413793
networkaeternity,0.1,0.1,0.1,0.16664996171345367,0.07626708177415685,0.0,0.0,0.4708333333333333,0.04943544185149162,0.02856201555193013,0.0,0.0,0.15846994535519127,0.07542000545462806,0.04082241484313521,0.0,0.0,0.22222222222222224
networkaeternity,0.1,0.1,0.25,0.17868824743723377,0.07558214887708674,0.09090909090909091,0.0,0.475,0.052658596156726405,0.029456989462664118,0.0,0.0,0.16120218579234974,0.080407649545574,0.04180663434645373,0.0,0.0,0.2260536398467433
networkaeternity,0.1,0.1,0.5,0.2014171830347377,0.08007988705884454,0.0,0.0,0.4625,0.05911931471504141,0.03110254954762341,0.0,0.0,0.16393442622950818,0.09037669857979998,0.044210623974912974,0.0,0.0,0.22988505747126436
networkaeternity,0.1,0.1,0.75,0.2175145498663082,0.08371915436261419,0.2,0.0,0.49166666666666664,0.06372296270952063,0.03314656762729619,0.0,0.0,0.16120218579234974,0.09741570758803432,0.046820083393448474,0.0,0.0,0.2260536398467433
networkaeternity,0.1,0.1,1.0,0.2398631966492342,0.08467531629385912,0.16666666666666666,0.0,0.475,0.0702397973649371,0.034938406471418854,0.016666666666666666,0.0,0.1780821917808219,0.10739928384634856,0.04911732562468821,0.028776978417266185,0.0,0.25365853658536586
networkaeternity,0.1,0.1,2.0,0.2917877370460532,0.09796814782777491,0.25,0.0,0.5357142857142857,0.08529587280343627,0.04163328481870262,0.11764705882352941,0.0,0.1958041958041958,0.1304410654707708,0.05829944594977544,0.04081632653061225,0.0,0.27053140096618356
networkaeternity,0.1,0.1,3.0,0.3089159388159654,0.10104562695856102,0.25,0.07142857142857142,0.5535714285714286,0.09005421732028557,0.042590741265153484,0.025210084033613446,0.014285714285714285,0.19642857142857142,0.13782588921018873,0.059790276809753844,0.1,0.023999999999999997,0.2693877551020408
networkaeternity,0.1,0.1,5.0,0.3262165486679979,0.10225355948737029,0.25,0.05,0.5714285714285714,0.09445440128387816,0.04307280455966056,0.09090909090909091,0.009523809523809525,0.20833333333333334,0.1447368315954175,0.06025177698994716,0.13114754098360656,0.016,0.28703703703703703
networkaeternity,0.1,0.25,0,0.16717240756935636,0.0752436629653965,0.0,0.0,0.4791666666666667,0.04947998036323071,0.02858006154101708,0.0,0.0,0.1643835616438356,0.0754914092652798,0.040697607021979866,0.0,0.0,0.23414634146341465
networkaeternity,0.1,0.25,0.1,0.17576779644927604,0.07083500373530394,0.16666666666666666,0.0,0.4875,0.05137708710789947,0.02685520484231464,0.0,0.0,0.1557377049180328,0.07859342139832258,0.038117421827178984,0.0,0.0,0.21839080459770116
networkaeternity,0.1,0.25,0.25,0.1919493092827416,0.07624495329039813,0.16666666666666666,0.0,0.49583333333333335,0.05621089702690362,0.029881142151330656,0.016666666666666666,0.0,0.16939890710382513,0.08595416357351915,0.0423453710183686,0.0,0.0,0.23754789272030646
networkaeternity,0.1,0.25,0.5,0.20640789630274628,0.07943792824607654,0.16666666666666666,0.0,0.4708333333333333,0.06031201856239474,0.031405774635777324,0.0,0.0,0.16666666666666666,0.09223331851429524,0.04443432329978687,0.0,0.0,0.2337164750957854
networkaeternity,0.1,0.25,0.75,0.22855729026712127,0.08339645113389278,0.25,0.0,0.4583333333333333,0.06695161273770486,0.03414186617911259,0.03409090909090909,0.0,0.17123287671232876,0.10234451441547435,0.04800848193585032,0.06896551724137931,0.0,0.24390243902439024
networkaeternity,0.1,0.25,1.0,0.24211202568363327,0.08599729848811896,0.125,0.043478260869565216,0.45416666666666666,0.07110414971802195,0.036210235150061845,0.025,0.006711409395973154,0.17857142857142858,0.10862378633611751,0.05072950032968059,0.04615384615384616,0.011627906976744186,0.25
networkaeternity,0.1,0.25,2.0,0.29585421085644475,0.09789009466688102,0.16666666666666666,0.05,0.5178571428571429,0.08624197634577635,0.041066267164024006,0.1111111111111111,0.009523809523809525,0.1830065359477124,0.13198551933949823,0.05764177269643973,0.08547008547008547,0.016,0.25925925925925924
networkaeternity,0.1,0.25,3.0,0.31149958400177846,0.10095712311796004,0.16666666666666666,0.05,0.5357142857142857,0.09065435736314693,0.04254374071560514,0.09090909090909091,0.008333333333333333,0.20261437908496732,0.13878430728656552,0.059616136422471884,0.14285714285714285,0.014388489208633093,0.28703703703703703
networkaeternity,0.1,0.25,5.0,0.3254689875178511,0.10068500953750623,0.3333333333333333,0.05,0.5714285714285714,0.09426730468213572,0.04310182214542155,0.041666666666666664,0.008333333333333333,0.20833333333333334,0.14442895830293603,0.06017139739220926,0.15384615384615385,0.014388489208633093,0.28571428571428575
networkaeternity,0.1,0.5,0,0.18881597388375942,0.07441778739446564,0.2,0.0,0.5041666666666667,0.054936866095812664,0.028362326622138816,0.01904761904761905,0.0,0.15053763440860216,0.08408556751755941,0.040189241435580884,0.0,0.0,0.21212121212121213
networkaeternity,0.1,0.5,0.1,0.19305833713227494,0.07576885356000379,0.0,0.0,0.5125,0.056457048919293186,0.029500108176937625,0.0,0.0,0.145,0.08632051539396687,0.04174035694104603,0.0,0.0,0.20306513409961688
networkaeternity,0.1,0.5,0.25,0.20611031343320674,0.07506518048225905,0.2,0.0,0.4791666666666667,0.060201304044383674,0.030393796055133985,0.0,0.0,0.16071428571428573,0.09208202799282944,0.04274737841628711,0.0,0.0,0.22040816326530613
networkaeternity,0.1,0.5,0.5,0.2249436364056709,0.08078202268749642,0.2857142857142857,0.03571428571428571,0.49583333333333335,0.06595135708911053,0.033665190836774606,0.045454545454545456,0.007518796992481203,0.17486338797814208,0.1007664009671223,0.04710841687790406,0.07692307692307693,0.012903225806451613,0.24521072796934867
networkaeternity,0.1,0.5,0.75,0.23783910943036318,0.08520599712271641,0.25,0.05263157894736842,0.4708333333333333,0.06950350178071314,0.03533295842670771,0.008333333333333333,0.006666666666666667,0.19047619047619047,0.10627406776743675,0.049491925181724065,0.014388489208633093,0.011976047904191617,0.2612244897959184
networkaeternity,0.1,0.5,1.0,0.2579719150041145,0.08718936593448774,0.25,0.0,0.5,0.0754187828415111,0.036974551549854774,0.025,0.0,0.1917808219178082,0.11535400773447685,0.051761622034326625,0.030769230769230767,0.0,0.2731707317073171
networkaeternity,0.1,0.5,2.0,0.29310159489683746,0.09857050794097505,0.3333333333333333,0.05263157894736842,0.5178571428571429,0.08562382163893995,0.041727857027689184,0.041666666666666664,0.008333333333333333,0.20261437908496732,0.13096221446446044,0.058490082852045655,0.04000000000000001,0.014388489208633093,0.28703703703703703
networkaeternity,0.1,0.5,3.0,0.3098380780623971,0.09947357556060304,0.16666666666666666,0.05,0.5535714285714286,0.09025675189110184,0.04240521786747345,0.025,0.009523809523809525,0.19607843137254902,0.13815019135156342,0.05945334218164332,0.061538461538461535,0.016,0.2777777777777778
networkaeternity,0.1,0.5,5.0,0.32146683163219325,0.10418870730812327,0.25,0.0625,0.5555555555555556,0.0937535948332859,0.04440397030451358,0.025,0.014285714285714285,0.20833333333333334,0.14347311636505491,0.062206772032108844,0.13259668508287295,0.023999999999999997,0.29411764705882354
networkaeternity,0.1,0.75,0,0.20257009661079498,0.07193486702961809,0.25,0.043478260869565216,0.4666666666666667,0.059117575342806296,0.029891676830308966,0.008333333333333333,0.008333333333333333,0.16071428571428573,0.09041828029785533,0.04184475907560903,0.014388489208633093,0.013986013986013988,0.22040816326530613
networkaeternity,0.1,0.75,0.1,0.2089296779289714,0.07468588849101919,0.2,0.0,0.5083333333333333,0.06086798970600219,0.030713853582217197,0.045454545454545456,0.0,0.15846994535519127,0.09312049426213659,0.043123304205318035,0.06451612903225806,0.0,0.22222222222222224
networkaeternity,0.1,0.75,0.25,0.2221930436238434,0.07751799234190103,0.16666666666666666,0.03571428571428571,0.5,0.06464326217623369,0.03212550287688909,0.03409090909090909,0.00819672131147541,0.16071428571428573,0.09893403081248014,0.044998994793520014,0.0446927374301676,0.013333333333333332,0.22222222222222224
networkaeternity,0.1,0.75,0.5,0.2333904818781375,0.08007849145189308,0.125,0.05,0.5125,0.06796924171948944,0.03281755178688559,0.025,0.008333333333333333,0.1721311475409836,0.10403095501559034,0.04604605126026908,0.05128205128205128,0.014388489208633093,0.2413793103448276
networkaeternity,0.1,0.75,0.75,0.251339573286342,0.08163480681128978,0.16666666666666666,0.05,0.4666666666666667,0.07307148193806215,0.034815574179935735,0.03333333333333333,0.009523809523809525,0.17261904761904762,0.11187274584422188,0.0486788015400025,0.05405405405405405,0.016,0.24074074074074076
networkaeternity,0.1,0.75,1.0,0.2616311759976257,0.08707491801143376,0.16666666666666666,0.03571428571428571,0.4791666666666667,0.07612008884444545,0.036465039561836825,0.041666666666666664,0.00819672131147541,0.17261904761904762,0.11651579468972113,0.05114464603180733,0.05405405405405405,0.013333333333333332,0.24705882352941178
networkaeternity,0.1,0.75,2.0,0.29414482469687164,0.09563521568945799,0.2,0.05263157894736842,0.5125,0.08589013158522912,0.04035767429833195,0.025,0.008333333333333333,0.18452380952380953,0.13142550397667038,0.056631113683200916,0.04615384615384616,0.014388489208633093,0.25757575757575757
networkaeternity,0.1,0.75,3.0,0.31474341994102145,0.10142051584255198,0.16666666666666666,0.05263157894736842,0.5357142857142857,0.09155157900150061,0.043029702383487196,0.025,0.008333333333333333,0.20238095238095238,0.14015779036387804,0.06028067675126562,0.05128205128205128,0.014388489208633093,0.2777777777777778
networkaeternity,0.1,0.75,5.0,0.32592652109218834,0.10337403081921212,0.4444444444444444,0.075,0.5535714285714286,0.09463149965848744,0.04400643018566368,0.03333333333333333,0.014285714285714285,0.21428571428571427,0.14491958425131504,0.06154180288792565,0.17857142857142858,0.023999999999999997,0.2938775510204082
networkaeternity,0.1,1.0,0,0.21647540549159028,0.0713709357583331,0.16666666666666666,0.03571428571428571,0.4666666666666667,0.06263191725822535,0.029725777133898075,0.016666666666666666,0.00819672131147541,0.15846994535519127,0.0959657172689236,0.04160656769371121,0.07692307692307693,0.013333333333333332,0.22222222222222224
networkaeternity,0.1,1.0,0.1,0.21884038773023876,0.0764950850348631,0.16666666666666666,0.041666666666666664,0.4875,0.06367717162833535,0.031269785195231554,0.043478260869565216,0.008130081300813009,0.16666666666666666,0.09747985471585052,0.04396646172373254,0.03418803418803419,0.013605442176870748,0.2348484848484848
networkaeternity,0.1,1.0,0.25,0.22666413641784175,0.07647644748929959,0.125,0.05813953488372093,0.49583333333333335,0.0656612174375225,0.03181123908285328,0.03333333333333333,0.009259259259259259,0.17204301075268819,0.10056626177397271,0.04445330785280816,0.030769230769230767,0.016260162601626015,0.24242424242424246
networkaeternity,0.1,1.0,0.5,0.24032109509519475,0.07872186364557897,0.125,0.0,0.5041666666666667,0.06976439109154023,0.03314606931083789,0.016666666666666666,0.0,0.16939890710382513,0.10682461639305237,0.046383622365431004,0.05128205128205128,0.0,0.23754789272030646
networkaeternity,0.1,1.0,0.75,0.24915941551309734,0.08513605338099128,0.2727272727272727,0.03571428571428571,0.48333333333333334,0.07273609937442391,0.035590398588029995,0.025,0.00819672131147541,0.18452380952380953,0.11126660747966843,0.04985568560469476,0.04316546762589928,0.013333333333333332,0.2530612244897959
networkaeternity,0.1,1.0,1.0,0.26699453014642466,0.0867725640923922,0.2,0.05263157894736842,0.4803921568627451,0.07751515318579398,0.03686087120499918,0.03409090909090909,0.008333333333333333,0.17204301075268819,0.11869060391558693,0.05153682327207615,0.04615384615384616,0.014388489208633093,0.25000000000000006
networkaeternity,0.1,1.0,2.0,0.2978285913823246,0.09387905280734464,0.16666666666666666,0.03571428571428571,0.49230769230769234,0.08663738983711325,0.04027624587389657,0.16,0.00819672131147541,0.18493150684931506,0.13264255986317822,0.05635748401632768,0.05128205128205128,0.013333333333333332,0.2634146341463414
networkaeternity,0.1,1.0,3.0,0.3120493561011648,0.1014307013591782,0.16666666666666666,0.05,0.5392156862745098,0.09109460811436634,0.04299594705637758,0.025,0.009523809523809525,0.19642857142857142,0.13938551226818593,0.06031111997141049,0.09401709401709402,0.016,0.2777777777777778
networkaeternity,0.1,1.0,5.0,0.328966574151561,0.10082922223816594,0.3333333333333333,0.075,0.5535714285714286,0.09544318698605199,0.04333255480347921,0.041666666666666664,0.014285714285714285,0.20915032679738563,0.14620293679399113,0.0605008354355219,0.05333333333333333,0.023999999999999997,0.2962962962962963
networkaeternity,0.1,2.0,0,0.22913700330323272,0.07537076095320729,0.25,0.05,0.5041666666666667,0.06628270589299043,0.03146735330602005,0.025,0.008333333333333333,0.15846994535519127,0.10156668447086466,0.04401872189387869,0.030769230769230767,0.014388489208633093,0.2235294117647059
networkaeternity,0.1,2.0,0.1,0.22987988131231363,0.07963526105543035,0.25,0.0,0.49583333333333335,0.06657236720192126,0.03248041175631477,0.016666666666666666,0.0,0.16393442622950818,0.10198597247182133,0.04563303267621273,0.04615384615384616,0.0,0.23148148148148145
networkaeternity,0.1,2.0,0.25,0.23907321068030082,0.07616814362389197,0.16666666666666666,0.075,0.5083333333333333,0.06919935761184672,0.032965719982559365,0.02857142857142857,0.013333333333333334,0.16923076923076924,0.10599707988799802,0.045855521045927966,0.05128205128205128,0.023952095808383235,0.25000000000000006
networkaeternity,0.1,2.0,0.5,0.24558637674209144,0.07834921556983446,0.15789473684210525,0.07,0.49583333333333335,0.07143811961330321,0.033840942388673294,0.045454545454545456,0.013605442176870748,0.16939890710382513,0.10934647432675805,0.04719286538934929,0.05128205128205128,0.02339181286549707,0.23754789272030646
networkaeternity,0.1,2.0,0.75,0.2556305196576634,0.08487152258975837,0.125,0.0,0.49583333333333335,0.07434663464939543,0.03585927260043336,0.02702702702702703,0.0,0.19607843137254902,0.11379653680107046,0.050146287494392525,0.14479638009049775,0.0,0.2777777777777778
networkaeternity,0.1,2.0,1.0,0.2651190215608689,0.0888281877821337,0.16666666666666666,0.05,0.5166666666666667,0.07726964219747398,0.03760350397887586,0.016666666666666666,0.009523809523809525,0.1774193548387097,0.11821567005107399,0.052595447871130456,0.05128205128205128,0.016,0.25000000000000006
networkaeternity,0.1,2.0,2.0,0.2958475101174516,0.09604194980395163,0.25,0.09090909090909091,0.49382716049382713,0.0862057487114248,0.04105249185922247,0.11764705882352941,0.016666666666666666,0.20238095238095238,0.13191335660620085,0.05740052126593025,0.16666666666666666,0.028776978417266185,0.27755102040816326
networkaeternity,0.1,2.0,3.0,0.3136241324073665,0.09918658360353641,0.4,0.05,0.525,0.0911749979915665,0.04226193553683462,0.03333333333333333,0.009523809523809525,0.20261437908496732,0.13960273979180104,0.05915679561319869,0.05755395683453237,0.016,0.28703703703703703
networkaeternity,0.1,2.0,5.0,0.3272656272603493,0.10181573243676909,0.25,0.03571428571428571,0.5507246376811594,0.09493151259045986,0.043553739380794966,0.03333333333333333,0.00819672131147541,0.20833333333333334,0.1453976589197441,0.060847520630839355,0.19047619047619047,0.013333333333333332,0.2878787878787879
networkaeternity,0.1,3.0,0,0.19073039550217058,0.07764359527600993,0.14285714285714285,0.03731343283582089,0.5,0.054920806774476354,0.02998046277382617,0.025,0.006702412868632708,0.16083916083916083,0.0841878895013083,0.042378020533486105,0.06666666666666667,0.011363636363636366,0.2222222222222222
networkaeternity,0.1,3.0,0.1,0.1919174137296301,0.07858891402604987,0.125,0.05,0.5166666666666667,0.05524194880988041,0.029925338558795225,0.018518518518518517,0.007957559681697613,0.1568627450980392,0.08472372127326043,0.04259541142476609,0.030769230769230767,0.013777267508610793,0.22727272727272724
networkaeternity,0.1,3.0,0.25,0.19366617337619413,0.08075216064337297,0.125,0.03488372093023256,0.5166666666666667,0.05586925686732865,0.030979669803066795,0.056818181818181816,0.009523809523809525,0.16666666666666666,0.08562308220175902,0.04396228008814232,0.03418803418803419,0.015748031496062992,0.2348484848484848
networkaeternity,0.1,3.0,0.5,0.199247175906448,0.08150054950803522,0.11764705882352941,0.03,0.5,0.05776552740817932,0.031561440005327686,0.05263157894736842,0.006702412868632708,0.15300546448087432,0.0884691317271878,0.04485191780754458,0.061452513966480445,0.011363636363636366,0.2196969696969697
networkaeternity,0.1,3.0,0.75,0.21510560282628574,0.0844401086879899,0.25,0.03571428571428571,0.45,0.061916272942090005,0.03260528694041563,0.024242424242424242,0.00804289544235925,0.1774193548387097,0.09496044412336464,0.04625862585517527,0.035842293906810034,0.013333333333333332,0.25
networkaeternity,0.1,3.0,1.0,0.21553622849388424,0.08559235630727595,0.125,0.05,0.48333333333333334,0.061964423404385564,0.032845935771441605,0.016666666666666666,0.010723860589812333,0.16923076923076924,0.0950356240539467,0.046599768946908725,0.05128205128205128,0.018181818181818184,0.25000000000000006
networkaeternity,0.1,3.0,2.0,0.250139776567193,0.09390332098859576,0.15789473684210525,0.05,0.4927536231884058,0.0725558786405427,0.03765326132078184,0.03333333333333333,0.009523809523809525,0.1830065359477124,0.11113996606742986,0.05330226629674899,0.04316546762589928,0.016,0.25925925925925924
networkaeternity,0.1,3.0,3.0,0.2769137484363183,0.1023201471367554,0.2,0.03571428571428571,0.5230769230769231,0.080468749419919,0.04083553806325073,0.041666666666666664,0.00819672131147541,0.20915032679738563,0.12321998309168115,0.05783019643727704,0.061538461538461535,0.013333333333333332,0.2962962962962963
networkaeternity,0.1,3.0,5.0,0.3080479891928095,0.10510085656257534,0.3333333333333333,0.05263157894736842,0.5535714285714286,0.08965316282244076,0.04387947927687609,0.03333333333333333,0.008333333333333333,0.21428571428571427,0.13723351336972417,0.06165304732277807,0.04615384615384616,0.014388489208633093,0.2962962962962963
networkaeternity,0.1,5.0,0,0.12503024211603236,0.05287057758567527,0.125,0.039473684210526314,0.4791666666666667,0.03553610929068516,0.018823323284147642,0.045454545454545456,0.008130081300813009,0.1258741258741259,0.05460064660342369,0.02678799402564103,0.03861003861003861,0.013605442176870748,0.17391304347826086
networkaeternity,0.1,5.0,0.1,0.13045974808820804,0.052332879351182734,0.125,0.023255813953488372,0.4708333333333333,0.0371540680177968,0.018834212862100096,0.03636363636363636,0.006702412868632708,0.1048951048951049,0.057073787560417234,0.02673275228479204,0.04878048780487805,0.010498687664041995,0.15596963423050378
networkaeternity,0.1,5.0,0.25,0.1278737146855785,0.05291879387278279,0.14285714285714285,0.030303030303030304,0.49166666666666664,0.03635443121150122,0.018593973290733055,0.01904761904761905,0.006828057107386716,0.11188811188811189,0.0558668749476407,0.0265226070225552,0.030769230769230767,0.012338754907459339,0.16287094547964115
networkaeternity,0.1,5.0,0.5,0.13304351745491153,0.05270603188912294,0.14285714285714285,0.02,0.4708333333333333,0.03782554362452937,0.01915039679677064,0.016666666666666666,0.006756756756756757,0.11888111888111888,0.05813827510519955,0.0272418260883185,0.030769230769230767,0.0101010101010101,0.1642512077294686
networkaeternity,0.1,5.0,0.75,0.13458916124428985,0.055162227342619524,0.14285714285714285,0.03488372093023256,0.4666666666666667,0.038119941111054385,0.01931779249702627,0.016666666666666666,0.006702412868632708,0.1258741258741259,0.058636700781875516,0.02764531455428489,0.030769230769230767,0.011363636363636366,0.17391304347826086
networkaeternity,0.1,5.0,1.0,0.13866455573406192,0.05426494666300069,0.16666666666666666,0.038461538461538464,0.5041666666666667,0.03937821908828649,0.019258411180699854,0.022727272727272728,0.007957559681697613,0.11888111888111888,0.0605338798765007,0.02741961687641462,0.04000000000000001,0.013636363636363637,0.16701173222912355
networkaeternity,0.1,5.0,2.0,0.14840882767284663,0.061458699594555265,0.1,0.03,0.5125,0.0424116881082102,0.022373131608641135,0.016666666666666666,0.008333333333333333,0.12307692307692308,0.06510515074295364,0.03187324637282152,0.030769230769230767,0.014388489208633093,0.18181818181818182
networkaeternity,0.1,5.0,3.0,0.1510528237689199,0.06646084809044708,0.125,0.03488372093023256,0.49583333333333335,0.043948196641413334,0.02584057245635818,0.015873015873015872,0.007957559681697613,0.15384615384615385,0.06722123308377619,0.03659101791547071,0.06557377049180328,0.013333333333333332,0.21256038647342998
networkaeternity,0.1,5.0,5.0,0.18298717472687986,0.08256524491927052,0.1,0.03333333333333333,0.475,0.05284234298438955,0.0309484183196748,0.05263157894736842,0.008333333333333333,0.18181818181818182,0.0809714103088721,0.044204117611421165,0.030769230769230767,0.01337792642140468,0.25120772946859904
networkaeternity,0.25,0,0,0.15705533455071335,0.06961333036411768,0.16666666666666666,0.0,0.5041666666666667,0.04604490341631618,0.026174463506835235,0.0,0.0,0.1448087431693989,0.0703668117144943,0.037257748911138096,0.0,0.0,0.20306513409961688
networkaeternity,0.25,0,0.1,0.16135446731714884,0.07216368419831587,0.14285714285714285,0.0,0.49583333333333335,0.04749125168105924,0.027286416361077898,0.0,0.0,0.14207650273224043,0.0725375334498387,0.03887766955201025,0.0,0.0,0.19923371647509577
networkaeternity,0.25,0,0.25,0.16964124282605364,0.07078003796575316,0.2,0.0,0.4583333333333333,0.049922251133603185,0.02758816222029167,0.008333333333333333,0.0,0.1448087431693989,0.07624454395180835,0.03911638433906352,0.030769230769230767,0.0,0.20306513409961688
networkaeternity,0.25,0,0.5,0.19009214977438055,0.07646408483218496,0.14285714285714285,0.0,0.44166666666666665,0.055572161526754385,0.030114268852734535,0.0,0.0,0.165,0.08495542964606603,0.04247075332798102,0.0,0.0,0.2222222222222222
networkaeternity,0.25,0,0.75,0.2080653224345411,0.08496369490226274,0.25,0.03333333333333333,0.4708333333333333,0.06140195249051341,0.03392081266937395,0.008333333333333333,0.006060606060606061,0.17088607594936708,0.09371339045804307,0.04790439683013886,0.03418803418803419,0.010256410256410256,0.2348484848484848
networkaeternity,0.25,0,1.0,0.2252966131906137,0.08819559459373046,0.16666666666666666,0.0,0.4875,0.06636644493380423,0.03562419405984288,0.0,0.0,0.16923076923076924,0.10135160421300739,0.050327035959830554,0.0,0.0,0.25000000000000006
networkaeternity,0.25,0,2.0,0.2855172675891846,0.09373977897457397,0.2,0.05263157894736842,0.4708333333333333,0.08336002960799224,0.039574575752897176,0.018018018018018018,0.008333333333333333,0.20238095238095238,0.12755200005689904,0.05547555571294321,0.030769230769230767,0.014388489208633093,0.27755102040816326
networkaeternity,0.25,0,3.0,0.31278584220169864,0.09709509478321501,0.3333333333333333,0.09375,0.5357142857142857,0.09099089335147224,0.04244916800797949,0.031746031746031744,0.016666666666666666,0.21428571428571427,0.13927756189111556,0.05913658338818493,0.061538461538461535,0.028776978417266185,0.2938775510204082
networkaeternity,0.25,0,5.0,0.3307198710219851,0.10334428181823897,0.16666666666666666,0.0625,0.5714285714285714,0.09599099312183623,0.044428475083517015,0.025,0.014285714285714285,0.22023809523809523,0.14700622950940778,0.06199926509976134,0.04316546762589928,0.023999999999999997,0.3020408163265306
networkaeternity,0.25,0.1,0,0.16152664906004793,0.07216263026759082,0.0,0.0,0.4875,0.04740748655215881,0.02716852810939431,0.0,0.0,0.15027322404371585,0.07241374047494381,0.03858222510107752,0.0,0.0,0.210727969348659
networkaeternity,0.25,0.1,0.1,0.16488651050118097,0.07648647089676072,0.16666666666666666,0.0,0.4583333333333333,0.0488124678545966,0.028095105082659316,0.0,0.0,0.15300546448087432,0.0745147707055011,0.040316670290391675,0.0,0.0,0.21455938697318008
networkaeternity,0.25,0.1,0.25,0.18279529839447592,0.07700946736622762,0.16666666666666666,0.0,0.4625,0.05385833203005785,0.02968140048165546,0.0,0.0,0.1503267973856209,0.08223932753751899,0.042166393416996,0.0,0.0,0.21296296296296297
networkaeternity,0.25,0.1,0.5,0.19431900410122904,0.07961287042100026,0.14285714285714285,0.0,0.4875,0.057201300063566836,0.031208425667451356,0.0,0.0,0.1557377049180328,0.08736144396337997,0.044115112082042274,0.0,0.0,0.21839080459770116
networkaeternity,0.25,0.1,0.75,0.2166444451092561,0.08249769070214164,0.16666666666666666,0.0,0.48333333333333334,0.06351166805237285,0.032496456073587865,0.016666666666666666,0.0,0.16120218579234974,0.09709286712210234,0.04604702625439066,0.06666666666666667,0.0,0.2260536398467433
networkaeternity,0.25,0.1,1.0,0.2319124153002211,0.0879646901101959,0.25,0.0,0.5041666666666667,0.0683030764559509,0.03535547354215536,0.0,0.0,0.1827956989247312,0.10434543865181611,0.04998642198917379,0.06837606837606838,0.0,0.25757575757575757
networkaeternity,0.25,0.1,2.0,0.28991713402436414,0.09411292866816404,0.25,0.05,0.5375,0.0845710905415546,0.04027487516239116,0.041666666666666664,0.009523809523809525,0.19642857142857142,0.12939116584194588,0.05630222161845656,0.05128205128205128,0.016,0.2693877551020408
networkaeternity,0.25,0.1,3.0,0.3140642966451469,0.09644940797119743,0.25,0.05,0.5178571428571429,0.09103065267102649,0.041710328939257114,0.041666666666666664,0.009523809523809525,0.20238095238095238,0.1394487222798906,0.05820620332399688,0.08187134502923976,0.016,0.27755102040816326
networkaeternity,0.25,0.1,5.0,0.333554869039535,0.1063221726262825,0.3333333333333333,0.05,0.6071428571428571,0.09714271708275912,0.04583644660400192,0.041666666666666664,0.009523809523809525,0.22377622377622378,0.14866931251646523,0.06403244640389105,0.06837606837606838,0.016,0.30917874396135264
networkaeternity,0.25,0.25,0,0.16845542442284975,0.06938456694498865,0.18181818181818182,0.0,0.44166666666666665,0.049310653770445564,0.026688181488338895,0.0,0.0,0.14207650273224043,0.07539136592679392,0.03791326509628038,0.0,0.0,0.19923371647509577
networkaeternity,0.25,0.25,0.1,0.17509467160785414,0.07175815146225638,0.11764705882352941,0.0,0.44166666666666665,0.05127688509182521,0.028064154740524976,0.016666666666666666,0.0,0.15300546448087432,0.07836971585929091,0.039766064967702616,0.0,0.0,0.21455938697318008
networkaeternity,0.25,0.25,0.25,0.18665730175516826,0.07458308114923483,0.125,0.0,0.4666666666666667,0.055055008045395454,0.03021061477180499,0.025,0.0,0.16393442622950818,0.08404191576075902,0.042597977932167824,0.0,0.0,0.22988505747126436
networkaeternity,0.25,0.25,0.5,0.2081893450986801,0.0756357840836463,0.125,0.025,0.49583333333333335,0.06080440754295698,0.030645490117219266,0.0625,0.004761904761904762,0.15846994535519127,0.09298133918601688,0.04302404190344246,0.05128205128205128,0.008,0.22222222222222224
networkaeternity,0.25,0.25,0.75,0.22459168446082012,0.08405380653233477,0.16666666666666666,0.0,0.4875,0.06596741288227657,0.034354917701035895,0.058823529411764705,0.0,0.16939890710382513,0.1007890919050043,0.048337051382146154,0.0,0.0,0.23754789272030646
networkaeternity,0.25,0.25,1.0,0.24168063320957694,0.08501675720253084,0.25,0.0,0.525,0.07056577005306167,0.03466078908869229,0.016666666666666666,0.0,0.16393442622950818,0.10795876807667204,0.048782873815363385,0.028776978417266185,0.0,0.22988505747126436
networkaeternity,0.25,0.25,2.0,0.2935047869169128,0.09665446367327085,0.25,0.05,0.5076923076923077,0.08586856548517831,0.041721554288635006,0.03409090909090909,0.009523809523809525,0.20833333333333334,0.13130783064582324,0.05837302664450619,0.04081632653061225,0.016,0.28571428571428575
networkaeternity,0.25,0.25,3.0,0.3149049393148748,0.0983284391009251,0.3333333333333333,0.07142857142857142,0.5535714285714286,0.09147294972535666,0.04249320019587448,0.03333333333333333,0.014285714285714285,0.20833333333333334,0.1400599132400706,0.059284269936971404,0.20134228187919462,0.023999999999999997,0.28571428571428575
networkaeternity,0.25,0.25,5.0,0.3312935882772165,0.10600138397990909,0.16666666666666666,0.05,0.5507246376811594,0.0966139253724238,0.0458665827457558,0.041666666666666664,0.009523809523809525,0.24475524475524477,0.14783647781353465,0.0640185803603957,0.05333333333333333,0.016,0.33816425120772947
networkaeternity,0.25,0.5,0,0.18715057186835538,0.07063114991078681,0.09090909090909091,0.03333333333333333,0.5083333333333333,0.05465574674913656,0.02851626800939627,0.008333333333333333,0.006666666666666667,0.13725490196078433,0.08357589798714202,0.04010399150432652,0.05128205128205128,0.0111731843575419,0.19444444444444448
networkaeternity,0.25,0.5,0.1,0.18903998460502835,0.07370102218822308,0.2,0.0,0.4625,0.05545773344272377,0.029359924561885676,0.0,0.0,0.15300546448087432,0.08474708122593995,0.04133512602625168,0.0,0.0,0.21455938697318008
networkaeternity,0.25,0.5,0.25,0.2075950999269233,0.07682843765855144,0.16666666666666666,0.0,0.49166666666666664,0.0610084968009869,0.031599631958320676,0.06882591093117409,0.0,0.1643835616438356,0.09321278728204026,0.04436929854187311,0.0,0.0,0.23414634146341465
networkaeternity,0.25,0.5,0.5,0.21983127289378346,0.07794131123161202,0.125,0.0,0.5083333333333333,0.06394576373340369,0.0322796910852143,0.045454545454545456,0.0,0.17204301075268819,0.09784792255867694,0.04521204837808218,0.03418803418803419,0.0,0.24242424242424246
networkaeternity,0.25,0.5,0.75,0.24396552392322166,0.08194853100745396,0.16666666666666666,0.05263157894736842,0.49166666666666664,0.07098965623965767,0.03453461965882761,0.043478260869565216,0.008333333333333333,0.18452380952380953,0.10863974157937943,0.048185392772038746,0.075,0.014388489208633093,0.2530612244897959
networkaeternity,0.25,0.5,1.0,0.253329561146713,0.0836218328532822,0.19047619047619047,0.05263157894736842,0.475,0.07393346433570568,0.03578028178150535,0.12234042553191489,0.008333333333333333,0.17482517482517482,0.11311553210330537,0.04996502953543453,0.06666666666666667,0.014388489208633093,0.24242424242424246
networkaeternity,0.25,0.5,2.0,0.29477336008331556,0.09446019398274276,0.16666666666666666,0.05,0.5061728395061729,0.08586569162929286,0.04050500268023428,0.04918032786885246,0.008333333333333333,0.19680851063829788,0.13141850079085055,0.056624284464345136,0.05128205128205128,0.014388489208633093,0.27611940298507465
networkaeternity,0.25,0.5,3.0,0.31264671058554766,0.10224264233582633,0.16666666666666666,0.07142857142857142,0.5357142857142857,0.09109716364362919,0.04324899782826391,0.03333333333333333,0.014285714285714285,0.21428571428571427,0.13941645294083485,0.06059470401508263,0.23166023166023167,0.023999999999999997,0.2938775510204082
networkaeternity,0.25,0.5,5.0,0.33384087428099485,0.1045547002736659,0.3333333333333333,0.075,0.5714285714285714,0.09697141922139191,0.04501747432431847,0.03333333333333333,0.014285714285714285,0.24475524475524477,0.1484869257181564,0.06278374602530724,0.061538461538461535,0.023999999999999997,0.33816425120772947
networkaeternity,0.25,0.75,0,0.19923708173333926,0.07188921005545036,0.16666666666666666,0.0,0.4708333333333333,0.058143906415026474,0.02918075932242031,0.009523809523809525,0.0,0.15846994535519127,0.08893342440983366,0.04091359160350467,0.03418803418803419,0.0,0.22222222222222224
networkaeternity,0.25,0.75,0.1,0.20279667620805017,0.0751246432091302,0.08333333333333333,0.03571428571428571,0.5083333333333333,0.059380098360073255,0.030864420705869755,0.016666666666666666,0.00819672131147541,0.15027322404371585,0.09074317849836655,0.043369440395638045,0.057347670250896064,0.013333333333333332,0.210727969348659
networkaeternity,0.25,0.75,0.25,0.21946220711668635,0.07670188833453744,0.25,0.06060606060606061,0.49166666666666664,0.0638682787356002,0.03172111764094871,0.013422818791946308,0.010526315789473684,0.16666666666666666,0.09773746276797649,0.04449584299237946,0.028776978417266185,0.018018018018018018,0.2337164750957854
networkaeternity,0.25,0.75,0.5,0.2282340405644547,0.07745291300623648,0.10526315789473684,0.03571428571428571,0.5083333333333333,0.06636807544733037,0.03222582717844714,0.045454545454545456,0.00819672131147541,0.16993464052287582,0.10159074551466489,0.04510006807557558,0.05128205128205128,0.013333333333333332,0.24074074074074076
networkaeternity,0.25,0.75,0.75,0.24669298122782665,0.07804186354581491,0.16666666666666666,0.06896551724137931,0.49583333333333335,0.07175728472567164,0.03416077910564852,0.023809523809523808,0.011976047904191617,0.16939890710382513,0.10982754246046579,0.04752088971695815,0.04,0.020408163265306124,0.23754789272030646
networkaeternity,0.25,0.75,1.0,0.2563345432413223,0.082756665333694,0.16666666666666666,0.05263157894736842,0.5125,0.07475754207053087,0.03584348894411725,0.058823529411764705,0.008333333333333333,0.1895424836601307,0.11437973887994013,0.050078880801102926,0.04615384615384616,0.014388489208633093,0.26851851851851855
networkaeternity,0.25,0.75,2.0,0.29822562518624074,0.09622673399891787,0.16666666666666666,0.03571428571428571,0.5178571428571429,0.08686164087654695,0.041151107361415674,0.01904761904761905,0.00819672131147541,0.1935483870967742,0.1329354211744472,0.05757886702908914,0.06666666666666667,0.013333333333333332,0.2727272727272727
networkaeternity,0.25,0.75,3.0,0.3162176562549364,0.10310846953499989,0.3333333333333333,0.05,0.5588235294117647,0.09217466824982921,0.04386881454914495,0.041666666666666664,0.009523809523809525,0.20279720279720279,0.14105040770460892,0.06142631086444578,0.04000000000000001,0.016,0.2857142857142857
networkaeternity,0.25,0.75,5.0,0.33503046438674833,0.10694842756796426,0.25,0.05,0.5535714285714286,0.09770845340380342,0.046324358740586574,0.041666666666666664,0.008333333333333333,0.24475524475524477,0.14950444120821768,0.06464782143000887,0.04615384615384616,0.014388489208633093,0.33816425120772947
networkaeternity,0.25,1.0,0,0.20970471194099743,0.0674298734817039,0.16666666666666666,0.0625,0.4708333333333333,0.060780741717886666,0.028800574426977504,0.03409090909090909,0.013245033112582781,0.15591397849462366,0.0930914970696419,0.04013967623869546,0.07017543859649122,0.02197802197802198,0.2196969696969697
networkaeternity,0.25,1.0,0.1,0.21749645213759344,0.07299551076740522,0.125,0.038461538461538464,0.525,0.06309896409276933,0.03078075778277511,0.009523809523809525,0.008130081300813009,0.15846994535519127,0.09660263404900321,0.04290588888177642,0.028776978417266185,0.013605442176870748,0.22222222222222224
networkaeternity,0.25,1.0,0.25,0.22592301876122775,0.07318047740740916,0.125,0.05,0.475,0.06544270057924136,0.030917932525563945,0.025,0.009523809523809525,0.1568627450980392,0.10023481835899735,0.04304248906024911,0.04,0.01652892561983471,0.2222222222222222
networkaeternity,0.25,1.0,0.5,0.2363642633459465,0.07758505921558594,0.125,0.06060606060606061,0.4708333333333333,0.0687220610554728,0.033092436543203214,0.041666666666666664,0.009523809523809525,0.1721311475409836,0.10517267583512588,0.04606874107690867,0.0975609756097561,0.017094017094017092,0.2413793103448276
networkaeternity,0.25,1.0,0.75,0.24838407045662658,0.08503491641038231,0.125,0.07,0.49166666666666664,0.07254334665393607,0.03585592473378473,0.016666666666666666,0.009523809523809525,0.17261904761904762,0.11095896563613566,0.05022446550778865,0.06666666666666667,0.017094017094017092,0.23673469387755097
networkaeternity,0.25,1.0,1.0,0.2609856485938175,0.08163795402560427,0.16666666666666666,0.075,0.49583333333333335,0.07573449254024757,0.03526711149518622,0.045454545454545456,0.014285714285714285,0.17759562841530055,0.11595576143204606,0.04909557016783124,0.04081632653061225,0.023999999999999997,0.24904214559386972
networkaeternity,0.25,1.0,2.0,0.2999736552372172,0.09855308968061069,0.25,0.05263157894736842,0.5178571428571429,0.08747439758234031,0.04194052314364639,0.01680672268907563,0.008333333333333333,0.20430107526881722,0.13384325441672604,0.058669102993171095,0.05128205128205128,0.014388489208633093,0.2878787878787879
networkaeternity,0.25,1.0,3.0,0.31651762326579885,0.10083385555510739,0.3333333333333333,0.075,0.5294117647058824,0.092132393499698,0.04318570770867145,0.025,0.014285714285714285,0.2097902097902098,0.1410217808058622,0.0603314010200754,0.06666666666666667,0.023999999999999997,0.28985507246376807
networkaeternity,0.25,1.0,5.0,0.3346615137339173,0.10278669289691372,0.3333333333333333,0.075,0.6071428571428571,0.0971877207680427,0.04498391577083824,0.041666666666666664,0.014285714285714285,0.21678321678321677,0.14881107186870868,0.06263984920834781,0.06666666666666667,0.023999999999999997,0.2995169082125604
networkaeternity,0.25,2.0,0,0.23003942734105112,0.07397137025699746,0.125,0.05263157894736842,0.48333333333333334,0.06678805741938741,0.03169678238725089,0.045454545454545456,0.008333333333333333,0.16393442622950818,0.10226940320582616,0.04420830919747285,0.07352941176470588,0.014388489208633093,0.23148148148148145
networkaeternity,0.25,2.0,0.1,0.2336920494583989,0.07320460508252667,0.16666666666666666,0.05,0.49583333333333335,0.06773813242294974,0.03151669632081293,0.0625,0.009523809523809525,0.16120218579234974,0.1037420957547714,0.043855915649445756,0.04615384615384616,0.016,0.2260536398467433
networkaeternity,0.25,2.0,0.25,0.24143593975465846,0.07466069661176028,0.125,0.06666666666666667,0.49583333333333335,0.06993279401884621,0.03227590459092075,0.02702702702702703,0.014285714285714285,0.16993464052287582,0.10712509941130127,0.044865203977421345,0.04615384615384616,0.023999999999999997,0.24074074074074076
networkaeternity,0.25,2.0,0.5,0.25035162442814146,0.07997096065851488,0.15789473684210525,0.05813953488372093,0.49583333333333335,0.07254330387938325,0.03389052664821379,0.025,0.012121212121212121,0.17647058823529413,0.11111702681551615,0.04727532889403278,0.04316546762589928,0.020512820512820513,0.25
networkaeternity,0.25,2.0,0.75,0.2584053160217531,0.08301000472528756,0.15789473684210525,0.03571428571428571,0.5291666666666667,0.07507026898840355,0.035429114426886926,0.01680672268907563,0.00819672131147541,0.1702127659574468,0.11491803051786417,0.04937399755640834,0.11764705882352941,0.013333333333333332,0.24705882352941178
networkaeternity,0.25,2.0,1.0,0.267362076980967,0.08628506747445183,0.25,0.03571428571428571,0.49583333333333335,0.07771540073717384,0.03682342661107909,0.025,0.00819672131147541,0.20279720279720279,0.1189670867707206,0.05140407305375118,0.030769230769230767,0.013333333333333332,0.2801932367149758
networkaeternity,0.25,2.0,2.0,0.29727010416301203,0.09150128145376947,0.23529411764705882,0.0625,0.5072463768115942,0.08637437310540716,0.03962790177033536,0.025,0.014285714285714285,0.1888111888111888,0.13225468765408396,0.055332266695722596,0.20689655172413793,0.023999999999999997,0.26515151515151514
networkaeternity,0.25,2.0,3.0,0.3199403625978326,0.10171970220109201,0.16666666666666666,0.05,0.6071428571428571,0.0929335218735762,0.04306230278128591,0.01680672268907563,0.008333333333333333,0.2054794520547945,0.14232167027915507,0.060323940638682676,0.09836065573770492,0.014388489208633093,0.29268292682926833
networkaeternity,0.25,2.0,5.0,0.3365673586601229,0.10888301995252998,0.25,0.05,0.5714285714285714,0.0978222753628076,0.04596922800443297,0.03333333333333333,0.009523809523809525,0.23776223776223776,0.14978459396012245,0.06438562917456964,0.15899581589958162,0.016,0.3285024154589372
networkaeternity,0.25,3.0,0,0.23975629482632907,0.07687859389667405,0.16666666666666666,0.075,0.5083333333333333,0.06939328748307694,0.03241983191166185,0.025,0.013333333333333334,0.16939890710382513,0.10632597692715348,0.04523092871913867,0.06451612903225806,0.023952095808383235,0.23754789272030646
networkaeternity,0.25,3.0,0.1,0.24097188715381007,0.0776061579062425,0.14285714285714285,0.0625,0.4625,0.06977792557444422,0.03285091199894002,0.025,0.012121212121212121,0.17647058823529413,0.1068993590863791,0.0458965935450972,0.05128205128205128,0.020512820512820513,0.25
networkaeternity,0.25,3.0,0.25,0.24403176055076664,0.08271661744698751,0.25,0.03571428571428571,0.49166666666666664,0.07079037080552474,0.034352945712843926,0.016666666666666666,0.00819672131147541,0.168,0.10841937669520038,0.04822243753202497,0.028776978417266185,0.013333333333333332,0.24705882352941178
networkaeternity,0.25,3.0,0.5,0.25419218015281336,0.08211994114956374,0.2,0.03571428571428571,0.4875,0.07363539764667368,0.034917882361994106,0.045454545454545456,0.00819672131147541,0.16783216783216784,0.1127711270504784,0.04864906881347384,0.07692307692307693,0.013333333333333332,0.2337164750957854
networkaeternity,0.25,3.0,0.75,0.26298409529097555,0.08295805210478754,0.125,0.0,0.4875,0.07631140841182958,0.03551295098606425,0.0625,0.0,0.17482517482517482,0.11686957989378162,0.0495513133200016,0.030769230769230767,0.0,0.24154589371980678
networkaeternity,0.25,3.0,1.0,0.2692500343715725,0.08471017767730998,0.16666666666666666,0.0625,0.48333333333333334,0.07804973371575306,0.03633734707552035,0.03333333333333333,0.013605442176870748,0.17857142857142858,0.11952963281261939,0.050606882615299484,0.0839160839160839,0.02339181286549707,0.24489795918367346
networkaeternity,0.25,3.0,2.0,0.2987826185037287,0.09263918472872602,0.15789473684210525,0.06060606060606061,0.4927536231884058,0.08674687817170665,0.040353823959337676,0.025,0.014285714285714285,0.19607843137254902,0.13283253830943798,0.05619812947785367,0.04615384615384616,0.023999999999999997,0.2777777777777778
networkaeternity,0.25,3.0,3.0,0.3150792390898512,0.09991221869513371,0.125,0.05263157894736842,0.5357142857142857,0.09165169814270403,0.04255423998314108,0.041666666666666664,0.008333333333333333,0.21678321678321677,0.14031564930760265,0.05951307222403642,0.04615384615384616,0.014388489208633093,0.2995169082125604
networkaeternity,0.25,3.0,5.0,0.3363243622542521,0.10629488006929146,0.26666666666666666,0.03571428571428571,0.5714285714285714,0.09783697520045513,0.0456124691624165,0.01680672268907563,0.00819672131147541,0.24475524475524477,0.14977627216235054,0.06374786633030473,0.14492753623188406,0.013333333333333332,0.33816425120772947
networkaeternity,0.25,5.0,0,0.1806955120416377,0.07718412615962067,0.16666666666666666,0.04,0.5,0.05182540316873259,0.028989739466736428,0.045454545454545456,0.009523809523809525,0.16783216783216784,0.07950797675580568,0.04127559552388843,0.030769230769230767,0.016,0.23188405797101452
networkaeternity,0.25,5.0,0.1,0.18351896433411394,0.07605146573759634,0.16666666666666666,0.044444444444444446,0.5041666666666667,0.05238227679896671,0.028348054898104554,0.016666666666666666,0.00938337801608579,0.15384615384615385,0.0804280562796841,0.04026723214814734,0.028776978417266185,0.015909090909090907,0.21256038647342998
networkaeternity,0.25,5.0,0.25,0.18561888216015202,0.07972598275248603,0.125,0.046511627906976744,0.5166666666666667,0.05307417636129132,0.02944846705537681,0.0625,0.010309278350515464,0.15591397849462366,0.08148930122124518,0.04209489266278413,0.030769230769230767,0.017094017094017096,0.2196969696969697
networkaeternity,0.25,5.0,0.5,0.18875916176117702,0.08233274199884207,0.125,0.02962962962962963,0.5041666666666667,0.054187317070239716,0.03107023850297971,0.047619047619047616,0.008368200836820083,0.18181818181818182,0.08311748096407652,0.044202687537525036,0.030769230769230767,0.01337792642140468,0.25120772946859904
networkaeternity,0.25,5.0,0.75,0.19302967286680534,0.08405736694698579,0.14285714285714285,0.04,0.5125,0.055691199194414315,0.03200792911256599,0.045454545454545456,0.00938337801608579,0.17482517482517482,0.08536429986917261,0.04560105673901083,0.04615384615384616,0.015909090909090907,0.25000000000000006
networkaeternity,0.25,5.0,1.0,0.1968436529429958,0.08450633190452854,0.16666666666666666,0.044444444444444446,0.5041666666666667,0.056533277851459736,0.031950083836072,0.03333333333333333,0.00938337801608579,0.16783216783216784,0.08670549927646025,0.045471494277392055,0.03508771929824561,0.015909090909090907,0.23188405797101452
networkaeternity,0.25,5.0,2.0,0.2170502917656477,0.09428731739888155,0.125,0.044444444444444446,0.5125,0.06280525383912153,0.03651063981181243,0.016666666666666666,0.009523809523809525,0.1958041958041958,0.09619392560327056,0.05195750701919518,0.04615384615384616,0.016,0.27053140096618356
networkaeternity,0.25,5.0,3.0,0.24084217034672442,0.10145081306889779,0.125,0.03571428571428571,0.4852941176470588,0.0697039601226344,0.03915373666606606,0.016666666666666666,0.00819672131147541,0.2097902097902098,0.10675666785566416,0.05559624114698462,0.05128205128205128,0.013333333333333332,0.28985507246376807
networkaeternity,0.25,5.0,5.0,0.2844610625279041,0.10941664062235539,0.3333333333333333,0.05185185185185185,0.5507246376811594,0.08273645928348099,0.04379542909706243,0.040268456375838924,0.008333333333333333,0.22377622377622378,0.12666353420874332,0.06205710034785667,0.16666666666666666,0.014388489208633093,0.30917874396135264
networkaeternity,0.5,0,0,0.1396946367442573,0.06624471429691331,0.0,0.0,0.45416666666666666,0.04130695579763501,0.024323579961366578,0.0,0.0,0.1258741258741259,0.0630466973483115,0.03472851457458775,0.0,0.0,0.17391304347826086
networkaeternity,0.5,0,0.1,0.1512847530601049,0.06794305575263405,0.125,0.0,0.475,0.044276752259077685,0.02501873212613172,0.0,0.0,0.1284153005464481,0.06767675578138066,0.03566058849045866,0.0,0.0,0.18007662835249044
networkaeternity,0.5,0,0.25,0.15967250763697252,0.06892414821975405,0.0,0.0,0.4625,0.04678595408203028,0.025722450215845998,0.0,0.0,0.1284153005464481,0.07151431966168298,0.03668223115805685,0.0,0.0,0.18007662835249044
networkaeternity,0.5,0,0.5,0.17856221351335091,0.07616122270746897,0.125,0.0,0.4875,0.05259834134983945,0.029841031550989883,0.0,0.0,0.16120218579234974,0.08028334459419582,0.042159026658282216,0.0,0.0,0.2260536398467433
networkaeternity,0.5,0,0.75,0.19626028816454524,0.07739308565736219,0.14285714285714285,0.0,0.4875,0.0577392740954972,0.030449331921185388,0.016666666666666666,0.0,0.16783216783216784,0.0882145417232692,0.0430859505098382,0.0,0.0,0.23188405797101452
networkaeternity,0.5,0,1.0,0.21309447217737307,0.08341284042586274,0.1,0.0,0.5,0.06259642410745614,0.033556447471603225,0.045454545454545456,0.0,0.1888111888111888,0.09563821988880057,0.047209473771446145,0.0,0.0,0.2608695652173913
networkaeternity,0.5,0,2.0,0.2805022649490468,0.09653605399631368,0.3333333333333333,0.07692307692307693,0.4782608695652174,0.08212757616374106,0.041006333069651346,0.023809523809523808,0.009523809523809525,0.1958041958041958,0.12556400135601756,0.05747691628388708,0.06837606837606838,0.017094017094017092,0.2731707317073171
networkaeternity,0.5,0,3.0,0.31362497760214786,0.10194167723368149,0.3333333333333333,0.0625,0.5538461538461539,0.09141408723855196,0.04369764848952182,0.025,0.013605442176870748,0.2261904761904762,0.13987873366779147,0.06104757669773194,0.08547008547008547,0.02339181286549707,0.31020408163265306
networkaeternity,0.5,0,5.0,0.33512529498682286,0.10706165578399719,0.25,0.07142857142857142,0.5588235294117647,0.0977130159433716,0.04645170612135738,0.041666666666666664,0.013605442176870748,0.24475524475524477,0.14951524680500114,0.06483505240392574,0.07692307692307693,0.02339181286549707,0.33816425120772947
networkaeternity,0.5,0.1,0,0.1486280211447179,0.07030307248078821,0.0,0.0,0.4666666666666667,0.0437179169977912,0.025253078430739845,0.0,0.0,0.136986301369863,0.06680897440996231,0.036380971993643214,0.0,0.0,0.1951219512195122
networkaeternity,0.5,0.1,0.1,0.15453739907477027,0.06912247191554619,0.125,0.0,0.475,0.0453057014124027,0.026000389205973005,0.008333333333333333,0.0,0.13095238095238096,0.06922910167789288,0.0370459336182417,0.0,0.0,0.18007662835249044
networkaeternity,0.5,0.1,0.25,0.1576611607349895,0.07718482648166265,0.0,0.0,0.5125,0.047072866135578595,0.029253381480143323,0.0,0.0,0.15846994535519127,0.07167201935099395,0.04168766573292474,0.0,0.0,0.22222222222222224
networkaeternity,0.5,0.1,0.5,0.17954463884138477,0.078899461449919,0.2,0.0,0.4708333333333333,0.052925871929362114,0.030147957753500428,0.0,0.0,0.16120218579234974,0.08079709305003147,0.042862486178819575,0.0,0.0,0.2260536398467433
networkaeternity,0.5,0.1,0.75,0.20234398717565755,0.08265788730385434,0.08333333333333333,0.038461538461538464,0.5291666666666667,0.05977287454701094,0.032593640297591105,0.008333333333333333,0.006666666666666667,0.1503267973856209,0.09122906252635406,0.046192613804109134,0.06557377049180328,0.011976047904191617,0.21804511278195488
networkaeternity,0.5,0.1,1.0,0.21921677346804372,0.08751241281428374,0.1724137931034483,0.0,0.5,0.06444330830935639,0.03409468317513872,0.0,0.0,0.1557377049180328,0.09848050703427404,0.04842701666242769,0.0,0.0,0.21839080459770116
networkaeternity,0.5,0.1,2.0,0.28584695985989417,0.09697805459133756,0.16666666666666666,0.05,0.5147058823529411,0.08371343028568742,0.04069357039517704,0.056818181818181816,0.008333333333333333,0.20238095238095238,0.12800588885730638,0.057075905897821855,0.06666666666666667,0.014388489208633093,0.27755102040816326
networkaeternity,0.5,0.1,3.0,0.3139149179582891,0.10191049504604417,0.16666666666666666,0.05,0.5384615384615384,0.09170240029391116,0.04401661003006118,0.016666666666666666,0.009523809523809525,0.22580645161290322,0.14026878662279446,0.061570744447389525,0.06666666666666667,0.016,0.3181818181818182
networkaeternity,0.5,0.1,5.0,0.3333926238611515,0.10748028002565187,0.25,0.075,0.625,0.09723312259504213,0.046241679793947436,0.025210084033613446,0.014285714285714285,0.2517482517482518,0.14877722192634907,0.06464558822391964,0.061538461538461535,0.023999999999999997,0.34782608695652173
networkaeternity,0.5,0.25,0,0.1583468393062405,0.06770690087329397,0.0,0.0,0.45416666666666666,0.04646536289534373,0.025407970068975636,0.0,0.0,0.13387978142076504,0.07101105860931783,0.0361842403400606,0.0,0.0,0.18773946360153254
networkaeternity,0.5,0.25,0.1,0.16371137461597482,0.07182507551256014,0.2,0.0,0.4791666666666667,0.04815338283897471,0.027607606856934554,0.0,0.0,0.1568627450980392,0.07350830656500837,0.039142255113330436,0.0,0.0,0.2222222222222222
networkaeternity,0.5,0.25,0.25,0.17409240316006402,0.0750296402179349,0.0,0.0,0.5166666666666667,0.05101520212604374,0.027965839505082475,0.0,0.0,0.1366120218579235,0.07797039406300497,0.03990563378889739,0.0,0.0,0.19157088122605367
networkaeternity,0.5,0.25,0.5,0.19549852938228873,0.07573047659566536,0.125,0.0,0.5333333333333333,0.05723758385047307,0.02975530850819082,0.0,0.0,0.145,0.08751568954574779,0.04204155369826682,0.0,0.0,0.20454545454545456
networkaeternity,0.5,0.25,0.75,0.21267343472201883,0.07995705659369838,0.125,0.0,0.49166666666666664,0.06243992421665947,0.032427776310851496,0.022727272727272728,0.0,0.16339869281045752,0.09541345144784269,0.045678012330519456,0.04081632653061225,0.0,0.23148148148148145
networkaeternity,0.5,0.25,1.0,0.2323009824663117,0.08385910531378805,0.25,0.03125,0.49166666666666664,0.0682411782782098,0.03502178385567666,0.025,0.006666666666666667,0.1827956989247312,0.10426744671315573,0.049162588831707835,0.05128205128205128,0.011976047904191617,0.25757575757575757
networkaeternity,0.5,0.25,2.0,0.28871519815343866,0.09315061723994797,0.25,0.05,0.5254237288135594,0.08422452629912376,0.040424996730621894,0.025,0.009523809523809525,0.21232876712328766,0.12884019905118888,0.056324077718459264,0.061538461538461535,0.016,0.3024390243902439
networkaeternity,0.5,0.25,3.0,0.3182020539277043,0.09720190434578926,0.3333333333333333,0.07692307692307693,0.5178571428571429,0.09272250005743204,0.04297339161846528,0.03333333333333333,0.015037593984962405,0.20279720279720279,0.141908243592324,0.05981203440603758,0.05755395683453237,0.025974025974025972,0.28030303030303033
networkaeternity,0.5,0.25,5.0,0.33776064686710394,0.10703155311595561,0.25,0.0625,0.5714285714285714,0.09849070289023248,0.046831484186310286,0.041666666666666664,0.014285714285714285,0.2517482517482518,0.15067824513713637,0.06517972524375933,0.05333333333333333,0.023999999999999997,0.34782608695652173
networkaeternity,0.5,0.5,0,0.17585829321885166,0.06844189070184156,0.125,0.0,0.4583333333333333,0.05116808689205182,0.02652779714505062,0.025,0.0,0.1437908496732026,0.07830407034053502,0.03747844779286258,0.07692307692307693,0.0,0.2037037037037037
networkaeternity,0.5,0.5,0.1,0.1845531377548445,0.07059956907362844,0.14285714285714285,0.0,0.4875,0.05409278798393426,0.028021582959739662,0.0,0.0,0.1448087431693989,0.08266921691911606,0.039416576892978006,0.0,0.0,0.20306513409961688
networkaeternity,0.5,0.5,0.25,0.1945541825845263,0.07467443336270987,0.16666666666666666,0.0,0.49166666666666664,0.05720673151533616,0.030235404720544354,0.0,0.0,0.16939890710382513,0.08738712244579466,0.042585715171142485,0.0,0.0,0.23754789272030646
networkaeternity,0.5,0.5,0.5,0.21487925063009022,0.07370637874644478,0.125,0.0,0.4708333333333333,0.06257330062858239,0.03079415491507216,0.04918032786885246,0.0,0.17486338797814208,0.09575984234274568,0.043003395006032764,0.04081632653061225,0.0,0.24521072796934867
networkaeternity,0.5,0.5,0.75,0.22357866333064658,0.07882079965395035,0.125,0.0,0.49583333333333335,0.06549197526400509,0.03309577502777197,0.045454545454545456,0.0,0.16120218579234974,0.10010189923191416,0.04622016223648982,0.04081632653061225,0.0,0.2260536398467433
networkaeternity,0.5,0.5,1.0,0.2474759085981997,0.08402103944521205,0.14285714285714285,0.03333333333333333,0.5291666666666667,0.07194035613373982,0.03543016809485122,0.1111111111111111,0.006711409395973154,0.1888111888111888,0.11009888533170883,0.049518025015054985,0.030769230769230767,0.0111731843575419,0.2608695652173913
networkaeternity,0.5,0.5,2.0,0.2914072689895347,0.09744603718502598,0.16666666666666666,0.05263157894736842,0.5230769230769231,0.08512039575507578,0.04111843250237705,0.03333333333333333,0.008333333333333333,0.1935483870967742,0.130207835282444,0.057690359950439425,0.04615384615384616,0.014388489208633093,0.2731707317073171
networkaeternity,0.5,0.5,3.0,0.31317461982824046,0.1040666932913588,0.3,0.0625,0.5362318840579711,0.09151016238671332,0.044133465981248114,0.03333333333333333,0.014285714285714285,0.2054794520547945,0.1399771798911391,0.061888609059075526,0.04000000000000001,0.023999999999999997,0.29268292682926833
networkaeternity,0.5,0.5,5.0,0.33811386760409523,0.10752887770060433,0.3333333333333333,0.07142857142857142,0.578125,0.0983761538068732,0.04653026938792262,0.023809523809523808,0.014285714285714285,0.25874125874125875,0.15057341885991088,0.06488001847438543,0.08547008547008547,0.023999999999999997,0.357487922705314
networkaeternity,0.5,0.75,0,0.18753104974198917,0.06440493114839196,0.14285714285714285,0.025,0.475,0.05432230068072248,0.02603224982235933,0.016666666666666666,0.004761904761904762,0.13986013986013987,0.08322118652765785,0.03658532948029079,0.04195804195804195,0.008,0.1954022988505747
networkaeternity,0.5,0.75,0.1,0.19499514767871517,0.06914419399182117,0.125,0.041666666666666664,0.5083333333333333,0.057213936490352606,0.02903782325044426,0.03409090909090909,0.006802721088435374,0.1568627450980392,0.08744749829510655,0.040627684147172514,0.014388489208633093,0.011695906432748536,0.2222222222222222
networkaeternity,0.5,0.75,0.25,0.20214852365880728,0.07304345866612502,0.25,0.038461538461538464,0.4583333333333333,0.058763249710478534,0.028747078636987618,0.06896551724137931,0.008130081300813009,0.14754098360655737,0.08999417017074388,0.04074526819324071,0.08547008547008547,0.013605442176870748,0.20689655172413793
networkaeternity,0.5,0.75,0.5,0.2233108005648814,0.07384962473608005,0.10526315789473684,0.03571428571428571,0.48333333333333334,0.06507556048743963,0.03180257830039719,0.016666666666666666,0.00819672131147541,0.17482517482517482,0.09955600742726031,0.04432371689034147,0.028776978417266185,0.013333333333333332,0.24154589371980678
networkaeternity,0.5,0.75,0.75,0.23670741108715193,0.0782565121812893,0.16666666666666666,0.05263157894736842,0.5041666666666667,0.06907567103868022,0.034406886059806865,0.03409090909090909,0.008333333333333333,0.1774193548387097,0.105624728879145,0.047792532483414696,0.030769230769230767,0.014388489208633093,0.25
networkaeternity,0.5,0.75,1.0,0.2510840061475238,0.0840361126826789,0.2,0.05263157894736842,0.4666666666666667,0.0732814618118929,0.03551577914938489,0.045454545454545456,0.008333333333333333,0.17482517482517482,0.11211606526672711,0.04971833311224033,0.0625,0.014388489208633093,0.24154589371980678
networkaeternity,0.5,0.75,2.0,0.2944244492260732,0.09291132041193151,0.25,0.05263157894736842,0.5125,0.08564500023877836,0.04043499760957728,0.0967741935483871,0.008333333333333333,0.19607843137254902,0.13109055549190918,0.0563116786946174,0.04081632653061225,0.014388489208633093,0.2777777777777778
networkaeternity,0.5,0.75,3.0,0.3164979356509949,0.10154329103595743,0.3333333333333333,0.05263157894736842,0.5357142857142857,0.09215347230061838,0.043467492339160835,0.025210084033613446,0.008333333333333333,0.21678321678321677,0.14103916341005054,0.06072172223686805,0.04615384615384616,0.014388489208633093,0.3055555555555556
networkaeternity,0.5,0.75,5.0,0.3384250189631182,0.10647457741672939,0.3333333333333333,0.05,0.578125,0.09844650657089238,0.04625923457579227,0.03333333333333333,0.009523809523809525,0.25874125874125875,0.15068248446947322,0.0644106618914539,0.08547008547008547,0.016,0.357487922705314
networkaeternity,0.5,1.0,0,0.20235697470774341,0.07040688975358834,0.2,0.03571428571428571,0.49166666666666664,0.05856097483912715,0.028701150485385737,0.016666666666666666,0.00819672131147541,0.16083916083916083,0.08970006532614777,0.0402210978476699,0.04081632653061225,0.013333333333333332,0.2222222222222222
networkaeternity,0.5,1.0,0.1,0.20601663973004153,0.06808419857465994,0.14285714285714285,0.03571428571428571,0.5375,0.05947432223171433,0.02731847593127758,0.016666666666666666,0.00819672131147541,0.136986301369863,0.09118914508920012,0.03835835498912777,0.028776978417266185,0.013333333333333332,0.1951219512195122
networkaeternity,0.5,1.0,0.25,0.21619775744605915,0.06891433669116342,0.16666666666666666,0.03571428571428571,0.49583333333333335,0.06263242652542407,0.029112929919216404,0.018018018018018018,0.00819672131147541,0.145,0.09593265874879617,0.04060517787440488,0.030769230769230767,0.013333333333333332,0.19696969696969696
networkaeternity,0.5,1.0,0.5,0.22739971734446993,0.07888351679149293,0.25,0.03571428571428571,0.48333333333333334,0.066354578471645,0.033351498262176,0.016666666666666666,0.00819672131147541,0.18181818181818182,0.10149333285358074,0.04667327955490321,0.028776978417266185,0.013333333333333332,0.25120772946859904
networkaeternity,0.5,1.0,0.75,0.23997003532103886,0.08103069240899544,0.25,0.05263157894736842,0.4875,0.06991206811409562,0.034350479459956354,0.025,0.008333333333333333,0.18181818181818182,0.10697266080773363,0.04801425727701229,0.05555555555555555,0.014388489208633093,0.25120772946859904
networkaeternity,0.5,1.0,1.0,0.25512034943744283,0.08620340269878307,0.25,0.03571428571428571,0.49583333333333335,0.07402834819431611,0.03508245486566331,0.016666666666666666,0.00819672131147541,0.17261904761904762,0.1133934801234272,0.04937609676892809,0.05128205128205128,0.013333333333333332,0.24074074074074076
networkaeternity,0.5,1.0,2.0,0.29939450461211103,0.09563989986058848,0.2857142857142857,0.05263157894736842,0.5535714285714286,0.08726352519058711,0.04098902467470482,0.045454545454545456,0.008333333333333333,0.20279720279720279,0.13354515540651052,0.05731746891562238,0.06451612903225806,0.014388489208633093,0.2801932367149758
networkaeternity,0.5,1.0,3.0,0.317675005325677,0.10343105420876081,0.3333333333333333,0.05263157894736842,0.546875,0.09259215373404114,0.04456978817965038,0.02459016393442623,0.008333333333333333,0.24475524475524477,0.1416519318752301,0.062207572950181096,0.04000000000000001,0.014388489208633093,0.33816425120772947
networkaeternity,0.5,1.0,5.0,0.34070153476358783,0.107468101717887,0.4,0.05,0.5777777777777777,0.0992503880700786,0.04677049909587489,0.03333333333333333,0.009523809523809525,0.24475524475524477,0.15189394830610492,0.06522833889580566,0.08333333333333334,0.016,0.33816425120772947
networkaeternity,0.5,2.0,0,0.21923591768360637,0.07220822102607692,0.16666666666666666,0.0,0.475,0.06332755396082561,0.030058285241996215,0.031746031746031744,0.0,0.15300546448087432,0.09704884204920891,0.04206695769240256,0.06837606837606838,0.0,0.21455938697318008
networkaeternity,0.5,2.0,0.1,0.22471568853088514,0.07755490374954935,0.16666666666666666,0.03571428571428571,0.5041666666666667,0.06529464350078133,0.03250843913615475,0.02857142857142857,0.00819672131147541,0.1568627450980392,0.0999316112298301,0.045506063964603806,0.030769230769230767,0.013333333333333332,0.2235294117647059
networkaeternity,0.5,2.0,0.25,0.23338811498838316,0.0751611590029273,0.16666666666666666,0.05263157894736842,0.4875,0.06760742263636108,0.03178332584298556,0.09574468085106383,0.008333333333333333,0.15648854961832062,0.10354373233280333,0.04431381694681683,0.05128205128205128,0.014388489208633093,0.2235294117647059
networkaeternity,0.5,2.0,0.5,0.24275087730358247,0.08008841710392246,0.25,0.0,0.5,0.07015771966770315,0.03302380891654352,0.0931174089068826,0.0,0.16783216783216784,0.10750570453780879,0.046227290250404535,0.07692307692307693,0.0,0.23188405797101452
networkaeternity,0.5,2.0,0.75,0.2522959507884612,0.08493473783118884,0.25,0.03571428571428571,0.5,0.07339913081401385,0.035034755406718215,0.025,0.00819672131147541,0.16339869281045752,0.11237806082655048,0.049296829357156034,0.05128205128205128,0.013333333333333332,0.23342175066312998
networkaeternity,0.5,2.0,1.0,0.26401646535549006,0.08585920757574143,0.16666666666666666,0.07142857142857142,0.49166666666666664,0.07655974494933471,0.03610361706350041,0.016666666666666666,0.015037593984962405,0.17482517482517482,0.11726184610814398,0.050543024930113825,0.05128205128205128,0.025974025974025972,0.24154589371980678
networkaeternity,0.5,2.0,2.0,0.3004558830212838,0.09636480516217877,0.16666666666666666,0.03571428571428571,0.5375,0.08762384697986644,0.041911849595599335,0.030303030303030304,0.00819672131147541,0.20430107526881722,0.13405240747570357,0.058452407065763115,0.0975609756097561,0.013333333333333332,0.2878787878787879
networkaeternity,0.5,2.0,3.0,0.32309950108847124,0.09996680245239314,0.25,0.075,0.5535714285714286,0.0936949112577624,0.043594711603900556,0.025,0.014285714285714285,0.24475524475524477,0.1434982801517262,0.06075177840964323,0.07692307692307693,0.023999999999999997,0.33816425120772947
networkaeternity,0.5,2.0,5.0,0.34252884155994634,0.10878234671415646,0.21052631578947367,0.0625,0.578125,0.0996414469512984,0.04698401011680582,0.09090909090909091,0.014285714285714285,0.25874125874125875,0.15250881225212748,0.06549590459463486,0.061538461538461535,0.023999999999999997,0.357487922705314
networkaeternity,0.5,3.0,0,0.23234028725550293,0.0731298662609995,0.25,0.05,0.5416666666666666,0.06689580258634485,0.03032887796094842,0.08823529411764706,0.009523809523809525,0.144,0.10258614341593768,0.042311563450340046,0.07692307692307693,0.016,0.21212121212121215
networkaeternity,0.5,3.0,0.1,0.2297187597008724,0.07618569966443545,0.16666666666666666,0.05,0.4875,0.06645588569611129,0.031630198643729936,0.016666666666666666,0.009523809523809525,0.16,0.1018187842607518,0.0442252465276247,0.03508771929824561,0.016,0.2154882154882155
networkaeternity,0.5,3.0,0.25,0.23942791216383086,0.07189090099453825,0.25,0.05263157894736842,0.5166666666666667,0.06907338708074935,0.0304248130536362,0.03333333333333333,0.008333333333333333,0.1488095238095238,0.10590664136860634,0.04235471154527113,0.04615384615384616,0.014388489208633093,0.21212121212121215
networkaeternity,0.5,3.0,0.5,0.24868531474761965,0.08067879655463468,0.25,0.05,0.5125,0.07188247329447912,0.03325949675489759,0.047619047619047616,0.009523809523809525,0.164021164021164,0.11016814521386914,0.04662081361150468,0.05555555555555555,0.016,0.23574144486692014
networkaeternity,0.5,3.0,0.75,0.25900404708865404,0.07964634805274637,0.15789473684210525,0.07142857142857142,0.5125,0.07466658145113067,0.033459903060606,0.025,0.013333333333333334,0.18181818181818182,0.11448423318770704,0.04665127709225587,0.04316546762589928,0.02339181286549707,0.25120772946859904
networkaeternity,0.5,3.0,1.0,0.26484093870742115,0.08487500694822753,0.125,0.07142857142857142,0.5041666666666667,0.07679684991137448,0.03546665463632219,0.025,0.015873015873015872,0.17482517482517482,0.11764805633689299,0.049699394619309514,0.04316546762589928,0.026666666666666665,0.24154589371980678
networkaeternity,0.5,3.0,2.0,0.2934337448380644,0.09599222436279767,0.3333333333333333,0.05,0.5208333333333334,0.08524710597993751,0.04014781548414471,0.025,0.009523809523809525,0.1888111888111888,0.13051738207274566,0.056295786714104366,0.06666666666666667,0.016,0.2608695652173913
networkaeternity,0.5,3.0,3.0,0.3168492104209008,0.10259416488697432,0.16666666666666666,0.05263157894736842,0.5535714285714286,0.0923548832986434,0.04392977970361232,0.025210084033613446,0.008333333333333333,0.21678321678321677,0.14132289388959626,0.06149470767695916,0.05128205128205128,0.014388489208633093,0.2995169082125604
networkaeternity,0.5,3.0,5.0,0.3416829734202679,0.1067273704815346,0.3333333333333333,0.05263157894736842,0.5892857142857143,0.09936268317309557,0.046228954492202726,0.03333333333333333,0.008333333333333333,0.23776223776223776,0.15211469043319706,0.06451280202877532,0.061538461538461535,0.014388489208633093,0.3285024154589372
networkaeternity,0.5,5.0,0,0.1984819577544517,0.08182364865428952,0.125,0.04,0.5208333333333334,0.057398579051817056,0.031538086733105666,0.041666666666666664,0.009523809523809525,0.15591397849462366,0.08793085807302996,0.04477192011438946,0.030769230769230767,0.016,0.2196969696969697
networkaeternity,0.5,5.0,0.1,0.20229413081654066,0.08403818125150062,0.125,0.03,0.48333333333333334,0.0584520079748853,0.032345047369792684,0.016666666666666666,0.00938337801608579,0.16129032258064516,0.08955344808274866,0.045935528994909734,0.14285714285714285,0.01515151515151515,0.22727272727272727
networkaeternity,0.5,5.0,0.25,0.20479718200291164,0.0876337247930402,0.16666666666666666,0.03,0.5,0.059157087416785305,0.033508787873044774,0.045454545454545456,0.008333333333333333,0.18181818181818182,0.09066070158319131,0.04771519817607985,0.06451612903225806,0.014388489208633093,0.25120772946859904
networkaeternity,0.5,5.0,0.5,0.21460351428896673,0.08568304860948167,0.125,0.04477611940298507,0.5041666666666667,0.06194235309293801,0.03337819183900204,0.016666666666666666,0.00804289544235925,0.1888111888111888,0.09495987525321851,0.047304136576729834,0.05405405405405405,0.013636363636363637,0.2608695652173913
networkaeternity,0.5,5.0,0.75,0.22158042974236727,0.0846418703463458,0.29411764705882354,0.03,0.525,0.06376998101738304,0.03318198600687229,0.03333333333333333,0.010135135135135136,0.1888111888111888,0.09778285762614058,0.046857828253202186,0.03508771929824561,0.01515151515151515,0.2608695652173913
networkaeternity,0.5,5.0,1.0,0.22302503486472516,0.0901855068364788,0.16666666666666666,0.05925925925925926,0.49166666666666664,0.06453543343213958,0.03529021533862214,0.016666666666666666,0.011936339522546418,0.18181818181818182,0.09886267725726998,0.05003645386558569,0.05128205128205128,0.020512820512820513,0.25120772946859904
networkaeternity,0.5,5.0,2.0,0.2508908666644438,0.09554783708329465,0.25,0.05,0.5291666666666667,0.07263779184621633,0.037870782184239594,0.09090909090909091,0.009523809523809525,0.1958041958041958,0.11128477872054922,0.05360424053525923,0.030769230769230767,0.016,0.27053140096618356
networkaeternity,0.5,5.0,3.0,0.27726608490147425,0.10338361172747969,0.2,0.03571428571428571,0.5362318840579711,0.08031542158623232,0.04168584307424971,0.025,0.00819672131147541,0.2097902097902098,0.12305297704386571,0.05888390393186024,0.05128205128205128,0.013333333333333332,0.28985507246376807
networkaeternity,0.5,5.0,5.0,0.3125330738393166,0.1115627073632618,0.21052631578947367,0.05,0.5538461538461539,0.09099040343807052,0.04590779835358313,0.03333333333333333,0.009523809523809525,0.24475524475524477,0.13927586918433146,0.0647208176751071,0.07692307692307693,0.016,0.33816425120772947
networkaeternity,0.75,0,0,0.13063809678240176,0.06130895724653762,0.0,0.0,0.48333333333333334,0.03811177017439211,0.021560248325804793,0.0,0.0,0.1284153005464481,0.058311213763542896,0.03091565493142014,0.0,0.0,0.18007662835249044
networkaeternity,0.75,0,0.1,0.14267592400215964,0.061839510169796004,0.0,0.0,0.4666666666666667,0.04198189754673288,0.023967848195873425,0.0,0.0,0.13114754098360656,0.06408531627439215,0.033834566877685636,0.0,0.0,0.1839080459770115
networkaeternity,0.75,0,0.25,0.14654109268553744,0.06923000912064878,0.0,0.0,0.5166666666666667,0.04317551978544003,0.025099228818743855,0.0,0.0,0.1258741258741259,0.06593724011505085,0.03594025722326869,0.0,0.0,0.17391304347826086
networkaeternity,0.75,0,0.5,0.15797212228024296,0.07489499906765691,0.0,0.0,0.5,0.046586874881908005,0.02725775564229116,0.0,0.0,0.1448087431693989,0.07113873795771707,0.039060890927094034,0.0,0.0,0.20306513409961688
networkaeternity,0.75,0,0.75,0.18496981495032305,0.07609067273463534,0.1,0.034482758620689655,0.5125,0.05430308701547328,0.029636994283529023,0.016666666666666666,0.005988023952095809,0.1557377049180328,0.08297551262698236,0.041990994716699516,0.05128205128205128,0.010204081632653062,0.21839080459770116
networkaeternity,0.75,0,1.0,0.20306261743528814,0.08255504224652041,0.2,0.0,0.5125,0.059856463060581795,0.03194326409416065,0.0,0.0,0.16083916083916083,0.09143468761809656,0.045459546714960046,0.0,0.0,0.2222222222222222
networkaeternity,0.75,0,2.0,0.27155086512787197,0.09601285887523743,0.2,0.03571428571428571,0.5,0.07952922117665577,0.039559140530082304,0.015873015873015872,0.00819672131147541,0.21678321678321677,0.12159497375246414,0.05560466482546084,0.11594202898550725,0.013333333333333332,0.2995169082125604
networkaeternity,0.75,0,3.0,0.307081200690064,0.09979261780357837,0.16666666666666666,0.07692307692307693,0.5147058823529411,0.08988058765286852,0.04382265430198448,0.01904761904761905,0.013333333333333334,0.22377622377622378,0.1374209672700275,0.061115293327889696,0.1272727272727273,0.023952095808383235,0.30917874396135264
networkaeternity,0.75,0,5.0,0.3363496099840232,0.10351686686853992,0.3333333333333333,0.0625,0.5714285714285714,0.09769214941702258,0.04517911668338145,0.05,0.014285714285714285,0.23076923076923078,0.1495845431348918,0.06284986196681347,0.07692307692307693,0.023999999999999997,0.3188405797101449
networkaeternity,0.75,0.1,0,0.1375966625000748,0.06329117226590261,0.0,0.0,0.49583333333333335,0.0405744540710701,0.023359595425030362,0.0,0.0,0.13071895424836602,0.06193478751083545,0.03335562789336205,0.0,0.0,0.1851851851851852
networkaeternity,0.75,0.1,0.1,0.14253347004408448,0.06552389797077111,0.13333333333333333,0.0,0.5083333333333333,0.04214516187942289,0.02475468539966909,0.0,0.0,0.12568306010928962,0.06430162059292942,0.03526452816926669,0.0,0.0,0.17624521072796936
networkaeternity,0.75,0.1,0.25,0.1519317346649917,0.07134636538287344,0.14285714285714285,0.0,0.49583333333333335,0.04506834158429624,0.027172973564297178,0.0,0.0,0.1503267973856209,0.06869363136231411,0.03860617403974445,0.0,0.0,0.21296296296296297
networkaeternity,0.75,0.1,0.5,0.1653670608368796,0.07729577766397411,0.0,0.0,0.48333333333333334,0.04897099218458964,0.028947906611473895,0.0,0.0,0.14383561643835616,0.07468874001846011,0.0412466815991662,0.0,0.0,0.2048780487804878
networkaeternity,0.75,0.1,0.75,0.18020397398619173,0.07422980989812068,0.08333333333333333,0.0,0.4583333333333333,0.05319196124482579,0.029438983647354568,0.0,0.0,0.15846994535519127,0.08117382186689061,0.04161025030473965,0.0,0.0,0.22222222222222224
networkaeternity,0.75,0.1,1.0,0.21047389564916405,0.0832123452094958,0.25,0.0,0.4666666666666667,0.06154575243121395,0.032530650556195334,0.025,0.0,0.17123287671232876,0.09412656968456541,0.046050659995000714,0.09929078014184398,0.0,0.24390243902439024
networkaeternity,0.75,0.1,2.0,0.27877505044308976,0.09296726705654482,0.15789473684210525,0.05263157894736842,0.5083333333333333,0.08155083727185342,0.039575612131262004,0.025,0.008333333333333333,0.20279720279720279,0.1247114131312009,0.0553913369044205,0.1610738255033557,0.014388489208633093,0.2801932367149758
networkaeternity,0.75,0.1,3.0,0.3112038987430856,0.09795198388987894,0.3333333333333333,0.05263157894736842,0.5294117647058824,0.09073207742749055,0.04292873427774062,0.09090909090909091,0.008333333333333333,0.22377622377622378,0.13881464739620206,0.05978997408309087,0.061538461538461535,0.014388489208633093,0.30917874396135264
networkaeternity,0.75,0.1,5.0,0.33733288723813676,0.10407030252256227,0.3333333333333333,0.05,0.5882352941176471,0.09821358570517849,0.0455363927148414,0.03333333333333333,0.009523809523809525,0.23076923076923078,0.15033770259690193,0.06343246184817258,0.07692307692307693,0.016,0.3188405797101449
networkaeternity,0.75,0.25,0,0.14452289961324086,0.06767792666789135,0.0,0.0,0.4666666666666667,0.04231209665236948,0.024027974074396833,0.0,0.0,0.125,0.06467221624696379,0.03441813465110335,0.0,0.0,0.17142857142857143
networkaeternity,0.75,0.25,0.1,0.1489164707721742,0.06319816525122021,0.125,0.021739130434782608,0.4708333333333333,0.04336461277926207,0.02374601823642872,0.008333333333333333,0.005714285714285714,0.1366120218579235,0.06635017879124311,0.03381879691901549,0.04878048780487805,0.00904977375565611,0.19157088122605367
networkaeternity,0.75,0.25,0.25,0.15902576857646483,0.07045395511725804,0.0,0.0,0.4708333333333333,0.04694255095913514,0.026513010781369865,0.0,0.0,0.13387978142076504,0.0716532707740057,0.03777727958482514,0.0,0.0,0.18773946360153254
networkaeternity,0.75,0.25,0.5,0.17671566750135592,0.06982626210076154,0.16666666666666666,0.0,0.48333333333333334,0.05173199985777059,0.027049568025859057,0.0,0.0,0.13071895424836602,0.07906747668441029,0.03824216445716375,0.0,0.0,0.18536585365853656
networkaeternity,0.75,0.25,0.75,0.20111724273402012,0.07720439455865764,0.16666666666666666,0.0,0.4791666666666667,0.05887012154101269,0.03003701540493146,0.10106382978723404,0.0,0.16083916083916083,0.09006724443810252,0.042716834878436874,0.0,0.0,0.2222222222222222
networkaeternity,0.75,0.25,1.0,0.21674392704037912,0.0823278684251641,0.18181818181818182,0.0,0.4875,0.0639697748873276,0.03426006065674067,0.016666666666666666,0.0,0.17647058823529413,0.09763254630784757,0.04808125031974408,0.0,0.0,0.25
networkaeternity,0.75,0.25,2.0,0.2820884782022032,0.09683100910645513,0.16666666666666666,0.05263157894736842,0.5333333333333333,0.0822316036944419,0.04054529168525745,0.01680672268907563,0.008333333333333333,0.20833333333333334,0.12581125402300455,0.05681622846328478,0.06666666666666667,0.014388489208633093,0.28571428571428575
networkaeternity,0.75,0.25,3.0,0.30974569784972733,0.10557717071432089,0.25,0.0625,0.5392156862745098,0.09052230254662096,0.04474802545755846,0.03333333333333333,0.009259259259259259,0.23776223776223776,0.1384419983615819,0.06267327591971276,0.05982905982905983,0.016260162601626015,0.3285024154589372
networkaeternity,0.75,0.25,5.0,0.33481531568537787,0.10851315610815648,0.16666666666666666,0.05263157894736842,0.625,0.09762349737014936,0.046608519459316405,0.025,0.008333333333333333,0.25874125874125875,0.14938410239195954,0.06512040076270229,0.05405405405405405,0.014388489208633093,0.357487922705314
networkaeternity,0.75,0.5,0,0.16437214654850646,0.06291333994550816,0.125,0.0,0.4875,0.04756425193642292,0.024520934792330452,0.0,0.0,0.14754098360655737,0.07285155794551339,0.03451562096302083,0.08333333333333333,0.0,0.20689655172413793
networkaeternity,0.75,0.5,0.1,0.16774787010604794,0.06527266378548814,0.125,0.0,0.45,0.04900600515768732,0.025397737655228264,0.008333333333333333,0.0,0.13013698630136986,0.07496333939835242,0.0359714533835418,0.06666666666666667,0.0,0.18823529411764706
networkaeternity,0.75,0.5,0.25,0.1809909435503875,0.06534793965041003,0.16666666666666666,0.0,0.5083333333333333,0.053049297924506536,0.02686937311546641,0.016666666666666666,0.0,0.1503267973856209,0.08109552910275059,0.03769956684829475,0.030769230769230767,0.0,0.21296296296296297
networkaeternity,0.75,0.5,0.5,0.1995024651846434,0.07227935113389415,0.125,0.0,0.4875,0.058284164313229164,0.029689285096201647,0.03409090909090909,0.0,0.15822784810126583,0.0891275650416418,0.04151590278790325,0.06666666666666667,0.0,0.21551724137931036
networkaeternity,0.75,0.5,0.75,0.21273649683043383,0.07724818807398406,0.125,0.04,0.49583333333333335,0.062285183291415205,0.03203637391414426,0.025,0.007518796992481203,0.15384615384615385,0.09520982341984142,0.045009712912422895,0.030769230769230767,0.012987012987012986,0.21256038647342998
networkaeternity,0.75,0.5,1.0,0.23236377468760067,0.07686812106184399,0.25,0.05,0.4875,0.06777721701237292,0.03300628891704331,0.05,0.009259259259259259,0.15846994535519127,0.10368848805863447,0.04606496130905888,0.061538461538461535,0.016,0.2330827067669173
networkaeternity,0.75,0.5,2.0,0.2877011274255214,0.09295887113053174,0.14285714285714285,0.0625,0.5196078431372549,0.08414284041513664,0.04092880437363378,0.040268456375838924,0.016666666666666666,0.2097902097902098,0.1286494760359202,0.05697990452368892,0.10909090909090909,0.026490066225165563,0.28985507246376807
networkaeternity,0.75,0.5,3.0,0.31444081437136323,0.10259479956632209,0.25,0.05,0.5423728813559322,0.09169194369871408,0.044195563547957555,0.02857142857142857,0.008333333333333333,0.22377622377622378,0.14028024561808405,0.061757946082363194,0.05128205128205128,0.014388489208633093,0.3121951219512195
networkaeternity,0.75,0.5,5.0,0.33556853175675994,0.10706747522349648,0.3181818181818182,0.05,0.59375,0.09770047763828607,0.04621525798806034,0.09090909090909091,0.008333333333333333,0.26573426573426573,0.14953186335385435,0.06445282487299106,0.1181818181818182,0.014388489208633093,0.3671497584541063
networkaeternity,0.75,0.75,0,0.1784275474773189,0.06700711275107706,0.2,0.041666666666666664,0.5208333333333334,0.05162524800478636,0.02552117784019013,0.016666666666666666,0.006666666666666667,0.15027322404371585,0.07909625630319585,0.03604808206278705,0.02564102564102564,0.011976047904191617,0.210727969348659
networkaeternity,0.75,0.75,0.1,0.1848249973897088,0.061441934100318576,0.16666666666666666,0.045454545454545456,0.475,0.05337154565964388,0.025777704524190516,0.016666666666666666,0.007936507936507936,0.13986013986013987,0.08178608822691967,0.03587428317656172,0.05128205128205128,0.013513513513513513,0.1932367149758454
networkaeternity,0.75,0.75,0.25,0.19034875386248176,0.07011566594114936,0.16666666666666666,0.0,0.42916666666666664,0.055635565348707845,0.028511470814850767,0.043478260869565216,0.0,0.1437908496732026,0.08507047761009441,0.04010840454978643,0.06666666666666667,0.0,0.2037037037037037
networkaeternity,0.75,0.75,0.5,0.21239306481746914,0.07307609202689755,0.16666666666666666,0.041666666666666664,0.5,0.06177879564771497,0.030455514570217876,0.058823529411764705,0.008333333333333333,0.1488095238095238,0.09455163094675803,0.042609132245745064,0.06451612903225806,0.014388489208633093,0.20408163265306123
networkaeternity,0.75,0.75,0.75,0.22666145421443804,0.07876972076058661,0.125,0.0,0.49230769230769234,0.06612551466464413,0.03295001830556341,0.025,0.0,0.1958041958041958,0.10116821422754434,0.046143240922648605,0.04316546762589928,0.0,0.27053140096618356
networkaeternity,0.75,0.75,1.0,0.2413102771795449,0.07995623271077434,0.16666666666666666,0.03571428571428571,0.4666666666666667,0.07023801885627527,0.03384689670021659,0.038461538461538464,0.00819672131147541,0.16071428571428573,0.10747975593610241,0.04729147322366839,0.05128205128205128,0.013333333333333332,0.224390243902439
networkaeternity,0.75,0.75,2.0,0.2883159429203104,0.09602417453843616,0.25,0.03571428571428571,0.5178571428571429,0.08415950713163173,0.04082353742070825,0.015873015873015872,0.00819672131147541,0.22377622377622378,0.12873267546193803,0.05709048963382057,0.061538461538461535,0.013333333333333332,0.30917874396135264
networkaeternity,0.75,0.75,3.0,0.31965124342889734,0.0996913947421226,0.16666666666666666,0.075,0.5535714285714286,0.09297730265238516,0.04318849010361377,0.023809523809523808,0.014285714285714285,0.23076923076923078,0.1423492015909794,0.06020849147978923,0.1,0.023999999999999997,0.3188405797101449
networkaeternity,0.75,0.75,5.0,0.33706502819870116,0.10893502146737533,0.3333333333333333,0.07142857142857142,0.5882352941176471,0.09845639476384795,0.046937159880524014,0.07954545454545454,0.014285714285714285,0.2517482517482518,0.1506122262527131,0.06560030768047853,0.04615384615384616,0.023999999999999997,0.34782608695652173
networkaeternity,0.75,1.0,0,0.18603157317116442,0.06669928682618542,0.2,0.03571428571428571,0.48333333333333334,0.05432039303390687,0.02702167636296407,0.008333333333333333,0.00819672131147541,0.15753424657534246,0.08309510897775858,0.03797807979179946,0.06451612903225806,0.013333333333333332,0.224390243902439
networkaeternity,0.75,1.0,0.1,0.1882961007638491,0.06423442584373625,0.14285714285714285,0.041666666666666664,0.4791666666666667,0.05429831519242822,0.025784934507726908,0.03409090909090909,0.008130081300813009,0.145,0.08322312789081729,0.03604930995093221,0.05017921146953406,0.013605442176870748,0.19696969696969696
networkaeternity,0.75,1.0,0.25,0.20393331983053659,0.06643480826635967,0.16666666666666666,0.047619047619047616,0.49583333333333335,0.05923360856617823,0.027993458314197747,0.016666666666666666,0.007518796992481203,0.14285714285714285,0.09068900793963855,0.03902055973382615,0.109375,0.012987012987012986,0.19696969696969696
networkaeternity,0.75,1.0,0.5,0.2169611147607145,0.07236255203814194,0.25,0.05,0.4791666666666667,0.06279498898986897,0.030149959963493508,0.125,0.009523809523809525,0.16339869281045752,0.09619102597583362,0.042117673442438594,0.028776978417266185,0.017094017094017092,0.23148148148148145
networkaeternity,0.75,1.0,0.75,0.23167792782235783,0.07774089371820257,0.2,0.0,0.4791666666666667,0.06759714627220759,0.0332915612556595,0.025,0.0,0.17647058823529413,0.10338495840102419,0.04646297901837474,0.030769230769230767,0.0,0.25
networkaeternity,0.75,1.0,1.0,0.24503559574526423,0.07924422280081367,0.16666666666666666,0.05263157894736842,0.4666666666666667,0.07090904493190328,0.0336371347381687,0.01904761904761905,0.008333333333333333,0.1888111888111888,0.10863631704371614,0.04692426956392004,0.05128205128205128,0.014388489208633093,0.2608695652173913
networkaeternity,0.75,1.0,2.0,0.2897931209429759,0.09669967038905346,0.16666666666666666,0.05263157894736842,0.5072463768115942,0.08477105579812345,0.04138130900447261,0.015873015873015872,0.008333333333333333,0.2097902097902098,0.12963151267836379,0.05790797137900933,0.10878661087866108,0.014388489208633093,0.28985507246376807
networkaeternity,0.75,1.0,3.0,0.31284413614990225,0.105413528842949,0.25,0.05,0.5714285714285714,0.09147066584856618,0.04455119006035823,0.03333333333333333,0.008333333333333333,0.23076923076923078,0.1398909693722015,0.06244352552144265,0.061538461538461535,0.014388489208633093,0.3188405797101449
networkaeternity,0.75,1.0,5.0,0.3380541585898492,0.10915734084848147,0.25,0.05263157894736842,0.6428571428571429,0.09848823346690876,0.04704994454729592,0.041666666666666664,0.008333333333333333,0.2727272727272727,0.1507070841965009,0.06566091965305285,0.1506276150627615,0.014388489208633093,0.3768115942028985
networkaeternity,0.75,2.0,0,0.20842122821138132,0.07008054827689993,0.16666666666666666,0.038461538461538464,0.4875,0.060058941266582545,0.028637402277852442,0.016666666666666666,0.010869565217391304,0.14685314685314685,0.09206408207053604,0.04005788036699174,0.028776978417266185,0.01694915254237288,0.2117647058823529
networkaeternity,0.75,2.0,0.1,0.21502016842637267,0.06919486484545971,0.2,0.041666666666666664,0.525,0.062046991696904266,0.028360411342419883,0.025,0.008130081300813009,0.14685314685314685,0.09513102248538394,0.03977146570078254,0.05128205128205128,0.013605442176870748,0.2117647058823529
networkaeternity,0.75,2.0,0.25,0.22299908468953764,0.07371111658735376,0.2222222222222222,0.041666666666666664,0.4791666666666667,0.06470215795734706,0.030755067032759723,0.016666666666666666,0.008130081300813009,0.16129032258064516,0.0990844014065231,0.0430847777646264,0.05128205128205128,0.013605442176870748,0.22727272727272727
networkaeternity,0.75,2.0,0.5,0.2320950330076521,0.07636252388291538,0.16666666666666666,0.0,0.45,0.06722219477963222,0.03179211889517639,0.016666666666666666,0.0,0.1830065359477124,0.1029695552285861,0.04448965403756556,0.028776978417266185,0.0,0.25925925925925924
networkaeternity,0.75,2.0,0.75,0.244936399909057,0.0825653129573212,0.25,0.06666666666666667,0.5166666666666667,0.07113020149078456,0.03424082895371819,0.016666666666666666,0.012121212121212121,0.1958041958041958,0.10891603630861148,0.0479561353569159,0.14414414414414414,0.020512820512820513,0.27053140096618356
networkaeternity,0.75,2.0,1.0,0.25417994864205123,0.08566474760860181,0.25,0.07692307692307693,0.48333333333333334,0.07394289482586477,0.035509961310346734,0.016666666666666666,0.013333333333333334,0.1895424836601307,0.11317278044678401,0.04975885639823719,0.028776978417266185,0.02339181286549707,0.26851851851851855
networkaeternity,0.75,2.0,2.0,0.294342662786682,0.09200795905515383,0.16666666666666666,0.05,0.5076923076923077,0.08560355033803728,0.04010377892256828,0.041666666666666664,0.009523809523809525,0.20279720279720279,0.13103115016225655,0.055926163663411674,0.14492753623188406,0.016,0.2801932367149758
networkaeternity,0.75,2.0,3.0,0.31842172713470557,0.10357566256294475,0.16666666666666666,0.05,0.5892857142857143,0.0925927655653467,0.043792817356596715,0.01680672268907563,0.009523809523809525,0.23076923076923078,0.14174331296451012,0.06128956578607106,0.04615384615384616,0.016,0.3188405797101449
networkaeternity,0.75,2.0,5.0,0.3440537524966451,0.1078643147355322,0.3333333333333333,0.05263157894736842,0.6071428571428571,0.10023170120320646,0.04710041724694559,0.01904761904761905,0.008333333333333333,0.24475524475524477,0.15339263727204627,0.06561970400408136,0.061538461538461535,0.014388489208633093,0.33816425120772947
networkaeternity,0.75,3.0,0,0.21996258387586645,0.07469176012882166,0.25,0.05,0.5,0.06342594613523929,0.0301493684086812,0.016666666666666666,0.009523809523809525,0.17482517482517482,0.09724083150007315,0.042320768102166575,0.028776978417266185,0.016,0.24154589371980678
networkaeternity,0.75,3.0,0.1,0.22705998373855182,0.07560229205057693,0.25,0.05,0.5125,0.06550731114589695,0.030558865443832586,0.03333333333333333,0.008333333333333333,0.16783216783216784,0.100431062832015,0.042891370498372564,0.03508771929824561,0.014388489208633093,0.23188405797101452
networkaeternity,0.75,3.0,0.25,0.22921539165359103,0.0760311854067619,0.15789473684210525,0.05,0.5,0.06617866997250879,0.03156950293101437,0.023809523809523808,0.009523809523809525,0.16,0.10141407140896166,0.04417994225317096,0.04316546762589928,0.016,0.23529411764705882
networkaeternity,0.75,3.0,0.5,0.23569353561267914,0.08237917906721208,0.25,0.0,0.49583333333333335,0.06859924647278332,0.034097583140318605,0.01680672268907563,0.0,0.18181818181818182,0.10497750511610705,0.047829830653674625,0.030769230769230767,0.0,0.25120772946859904
networkaeternity,0.75,3.0,0.75,0.24903670211136475,0.08057345172292482,0.25,0.06060606060606061,0.4625,0.0721534975368476,0.03363833361423067,0.016666666666666666,0.012121212121212121,0.16083916083916083,0.11052861383702517,0.04707615211213726,0.04615384615384616,0.020512820512820513,0.23529411764705882
networkaeternity,0.75,3.0,1.0,0.25817673674280234,0.08422733448552637,0.125,0.07407407407407407,0.525,0.07491080757253687,0.03593137201576627,0.025,0.013333333333333334,0.1888111888111888,0.11471296436266112,0.050156850130047836,0.05405405405405405,0.023952095808383235,0.2608695652173913
networkaeternity,0.75,3.0,2.0,0.2925240231244608,0.09469571266456367,0.16666666666666666,0.05,0.5333333333333333,0.08491118707930961,0.04042493468475115,0.025,0.008333333333333333,0.22377622377622378,0.13001331639338684,0.05644422672759249,0.17241379310344826,0.014388489208633093,0.30917874396135264
networkaeternity,0.75,3.0,3.0,0.31895456710266606,0.09803647953263439,0.3333333333333333,0.05,0.5466666666666666,0.0927082003583531,0.04299625424276855,0.025,0.009523809523809525,0.22377622377622378,0.14192606644320424,0.05980866262405002,0.07168458781362007,0.016,0.30917874396135264
networkaeternity,0.75,3.0,5.0,0.34077407171475865,0.1059787682847718,0.16666666666666666,0.05263157894736842,0.5625,0.09899333131285398,0.04629054631776026,0.041666666666666664,0.008333333333333333,0.2517482517482518,0.1515552242987085,0.06438897708679181,0.061538461538461535,0.014388489208633093,0.34782608695652173
networkaeternity,0.75,5.0,0,0.2011218618076255,0.08244692583290988,0.10526315789473684,0.04046242774566474,0.5208333333333334,0.05808356688408383,0.031611653985576964,0.016666666666666666,0.010723860589812333,0.16993464052287582,0.08900646882659023,0.04488045369932438,0.028776978417266185,0.018181818181818184,0.24074074074074076
networkaeternity,0.75,5.0,0.1,0.20993089991782204,0.08394727245840923,0.25,0.05,0.5208333333333334,0.06046844794838979,0.03170958894040641,0.043478260869565216,0.009523809523809525,0.16083916083916083,0.09271017238445997,0.045110292464456525,0.04615384615384616,0.016,0.23529411764705882
networkaeternity,0.75,5.0,0.25,0.20854350362970217,0.08173081571773871,0.2,0.04,0.5041666666666667,0.060257733141607615,0.03171433886425655,0.016666666666666666,0.012064343163538873,0.16,0.09235359146945817,0.045017327181335484,0.028776978417266185,0.0202020202020202,0.23529411764705882
networkaeternity,0.75,5.0,0.5,0.2152195016027303,0.08182919726054246,0.16666666666666666,0.05,0.5166666666666667,0.062044538737219594,0.03195034650306448,0.016666666666666666,0.00938337801608579,0.16783216783216784,0.09513589646468469,0.04524399503441391,0.09205020920502092,0.015909090909090907,0.24242424242424243
networkaeternity,0.75,5.0,0.75,0.22214881495918867,0.08594347815283196,0.16666666666666666,0.05,0.5208333333333334,0.06432041069780517,0.034006487561584066,0.016666666666666666,0.009523809523809525,0.176,0.09854711180533922,0.04814007684111215,0.06666666666666667,0.016,0.2588235294117647
networkaeternity,0.75,5.0,1.0,0.22960153197829064,0.09093359200392065,0.125,0.037037037037037035,0.5083333333333333,0.06660365785041202,0.03542132687226409,0.025,0.00804289544235925,0.17647058823529413,0.10202623392430084,0.05034373384546489,0.04195804195804195,0.013636363636363637,0.25
networkaeternity,0.75,5.0,2.0,0.25621929475944366,0.09808783159849765,0.25,0.05925925925925926,0.5041666666666667,0.07438796969841267,0.03898893768526405,0.041666666666666664,0.011936339522546418,0.18181818181818182,0.11392162592860015,0.055265357265615295,0.06451612903225806,0.020512820512820513,0.2588235294117647
networkaeternity,0.75,5.0,3.0,0.2773585258868185,0.10384073263709995,0.2857142857142857,0.05,0.5208333333333334,0.0806881823408165,0.041810381933229036,0.031746031746031744,0.008333333333333333,0.22377622377622378,0.12353030179718359,0.059120541208379104,0.05128205128205128,0.014388489208633093,0.30917874396135264
networkaeternity,0.75,5.0,5.0,0.319946162452169,0.10807495101376192,0.25,0.07407407407407407,0.5652173913043478,0.09271586595094033,0.04513794253049468,0.041666666666666664,0.014285714285714285,0.22377622377622378,0.1420230798641936,0.06333907569876811,0.07692307692307693,0.023999999999999997,0.30917874396135264
networkaeternity,1.0,0,0,0.12436072868071613,0.05930066571225935,0.0,0.0,0.4875,0.036233036936958035,0.020604613882766035,0.0,0.0,0.10273972602739725,0.05544479742262444,0.02966385789294199,0.0,0.0,0.16149068322981366
networkaeternity,1.0,0,0.1,0.12817824263941233,0.061292908217875905,0.0,0.0,0.4791666666666667,0.037630875016981,0.02196307875034848,0.0,0.0,0.11764705882352941,0.05748564534724104,0.03149265236406553,0.0,0.0,0.16666666666666666
networkaeternity,1.0,0,0.25,0.13282861729076373,0.060840552390262134,0.0,0.0,0.4666666666666667,0.03877291279037648,0.021037978508176694,0.0,0.0,0.12021857923497267,0.059340959353570255,0.03037029777107449,0.0,0.0,0.16858237547892718
networkaeternity,1.0,0,0.5,0.15344088771798056,0.06953401608510955,0.0,0.0,0.4791666666666667,0.04519347990864017,0.025884154490074703,0.0,0.0,0.14754098360655737,0.06898527381078019,0.03680053955647303,0.0,0.0,0.20689655172413793
networkaeternity,1.0,0,0.75,0.16588031841610834,0.07555835534935307,0.0,0.0,0.4666666666666667,0.04866236145749795,0.027089985517010293,0.0,0.0,0.14285714285714285,0.07440234621808704,0.038947346314669,0.0,0.0,0.19591836734693877
networkaeternity,1.0,0,1.0,0.18869981308906456,0.07647059900670924,0.16666666666666666,0.0,0.4875,0.055575582719157184,0.030106708324216445,0.016666666666666666,0.0,0.1488095238095238,0.08487869493094685,0.042639287077076996,0.0,0.0,0.20454545454545456
networkaeternity,1.0,0,2.0,0.26388559817596474,0.09958984025171846,0.16666666666666666,0.0,0.5125,0.07768087023819963,0.04122078050558966,0.016666666666666666,0.0,0.20915032679738563,0.11860472701197435,0.0580614797272183,0.028776978417266185,0.0,0.2962962962962963
networkaeternity,1.0,0,3.0,0.29800024733329467,0.10519757954079398,0.25,0.05,0.5714285714285714,0.08705916231398925,0.04279330488809334,0.056818181818181816,0.008333333333333333,0.19642857142857142,0.13317756762673988,0.06034336468160176,0.061538461538461535,0.014388489208633093,0.27067669172932335
networkaeternity,1.0,0,5.0,0.3325850298628812,0.10424899484170903,0.3333333333333333,0.07142857142857142,0.546875,0.09685507907379601,0.04599970549018532,0.01904761904761905,0.01639344262295082,0.24475524475524477,0.1481987328084257,0.06390489899495466,0.07692307692307693,0.026666666666666665,0.33816425120772947
networkaeternity,1.0,0.1,0,0.12286282104983703,0.06250878121408676,0.0,0.0,0.4666666666666667,0.03604863988430986,0.021514431476911816,0.0,0.0,0.13114754098360656,0.055109747536005046,0.031066926469885806,0.0,0.0,0.1839080459770115
networkaeternity,1.0,0.1,0.1,0.1327852590548648,0.065780363018169,0.0,0.0,0.475,0.03905910277596562,0.023190790970962955,0.0,0.0,0.11475409836065574,0.05965681835391033,0.03335110167729606,0.0,0.0,0.16091954022988506
networkaeternity,1.0,0.1,0.25,0.14096016823495824,0.06786919446408207,0.0,0.0,0.45,0.041492605182873336,0.0244052698668537,0.0,0.0,0.11764705882352941,0.06336739840316853,0.03508509327233957,0.0,0.0,0.16666666666666666
networkaeternity,1.0,0.1,0.5,0.15555714375633267,0.06783774535510699,0.14285714285714285,0.0,0.48333333333333334,0.04579938463911334,0.026215942414777826,0.0,0.0,0.15384615384615385,0.0699261891838402,0.037170283812881094,0.0,0.0,0.21256038647342998
networkaeternity,1.0,0.1,0.75,0.17175439000583204,0.07305292180173356,0.0,0.0,0.4666666666666667,0.05080203371000262,0.02834991620096849,0.0,0.0,0.15384615384615385,0.07752538581841864,0.040138600454497075,0.0,0.0,0.21256038647342998
networkaeternity,1.0,0.1,1.0,0.19313125980525447,0.08200374761364354,0.0,0.0,0.48333333333333334,0.057093808134461216,0.032120203156254724,0.0,0.0,0.18181818181818182,0.0871084604964582,0.045554936439479374,0.0,0.0,0.25120772946859904
networkaeternity,1.0,0.1,2.0,0.27351374815390195,0.09633737167288577,0.25,0.0,0.5147058823529411,0.07993906360497954,0.039994787737446906,0.025,0.0,0.20279720279720279,0.12224054509295734,0.05613817770096514,0.08547008547008547,0.0,0.2801932367149758
networkaeternity,1.0,0.1,3.0,0.30724768094644966,0.10314496962588564,0.20833333333333334,0.07142857142857142,0.5588235294117647,0.08988919319734698,0.04446450680556146,0.016666666666666666,0.014285714285714285,0.23076923076923078,0.13743382035946355,0.06213807615036685,0.06666666666666667,0.023999999999999997,0.3188405797101449
networkaeternity,1.0,0.1,5.0,0.3312924650241249,0.1091581828606318,0.5,0.0625,0.6071428571428571,0.0966096650750929,0.046624746333367786,0.03333333333333333,0.014285714285714285,0.25874125874125875,0.1477926937285418,0.06508004765937173,0.04316546762589928,0.023999999999999997,0.357487922705314
networkaeternity,1.0,0.25,0,0.13368920897762504,0.06200369680011902,0.14285714285714285,0.0,0.45416666666666666,0.03926975813633513,0.02238917399945252,0.0,0.0,0.1366120218579235,0.06000672862059615,0.032218640139840486,0.0,0.0,0.19157088122605367
networkaeternity,1.0,0.25,0.1,0.14195858295412545,0.06309443615149643,0.14285714285714285,0.0,0.49166666666666664,0.0413221791358918,0.022685889353932176,0.0,0.0,0.12568306010928962,0.06323980765009496,0.0324621581598438,0.0,0.0,0.17624521072796936
networkaeternity,1.0,0.25,0.25,0.14651594064120385,0.06807111863653281,0.0,0.0,0.49583333333333335,0.04321073778694786,0.025140066545640695,0.0,0.0,0.1506849315068493,0.06596884196341414,0.03588237235312984,0.0,0.0,0.21463414634146338
networkaeternity,1.0,0.25,0.5,0.16570087530380728,0.07286579656589191,0.0,0.0,0.45,0.04832880105217855,0.026615310863928012,0.0,0.0,0.13071895424836602,0.07392917356615358,0.037948686803630546,0.0,0.0,0.18536585365853656
networkaeternity,1.0,0.25,0.75,0.18793008614997972,0.0767566476204584,0.0,0.0,0.5,0.05525027834252588,0.029555217257195482,0.0,0.0,0.1488095238095238,0.08440661150837196,0.04190712247477763,0.0,0.0,0.2196969696969697
networkaeternity,1.0,0.25,1.0,0.20904492525764504,0.08430972761248444,0.16666666666666666,0.0,0.5041666666666667,0.0616413773355767,0.033617650624838326,0.0,0.0,0.17261904761904762,0.09409327755452428,0.04753688682329514,0.0,0.0,0.23673469387755097
networkaeternity,1.0,0.25,2.0,0.2724948039539869,0.09467265181733983,0.25,0.06976744186046512,0.5072463768115942,0.07989506812351117,0.04089172284722078,0.041666666666666664,0.014285714285714285,0.19642857142857142,0.12207035747919028,0.057129550618350365,0.04615384615384616,0.023999999999999997,0.2693877551020408
networkaeternity,1.0,0.25,3.0,0.30768885962005116,0.10240623693621538,0.16666666666666666,0.0625,0.5375,0.08949598708466473,0.043054462697648295,0.03333333333333333,0.014285714285714285,0.23076923076923078,0.13698884653899446,0.06028693655803858,0.06666666666666667,0.023999999999999997,0.3188405797101449
networkaeternity,1.0,0.25,5.0,0.33276865288513013,0.10624863642011473,0.3333333333333333,0.075,0.5735294117647058,0.09677812885713322,0.04614186901093365,0.03355704697986577,0.014285714285714285,0.24475524475524477,0.1481220426621269,0.06428479047048521,0.26515151515151514,0.023999999999999997,0.33816425120772947
networkaeternity,1.0,0.5,0,0.14902078109520883,0.06739598659344469,0.0,0.0,0.4791666666666667,0.04380130737105435,0.02505229352013601,0.0,0.0,0.13114754098360656,0.06689060133987362,0.03571550726085043,0.0,0.0,0.1839080459770115
networkaeternity,1.0,0.5,0.1,0.15649264152832118,0.06435159025523012,0.14285714285714285,0.0,0.49166666666666664,0.04581518718389694,0.024311342447488116,0.0,0.0,0.13,0.07005289531293984,0.034548662915359456,0.0,0.0,0.17508417508417506
networkaeternity,1.0,0.5,0.25,0.1655430389456036,0.07064178603431386,0.14285714285714285,0.0,0.4666666666666667,0.04878543840956233,0.026669817264722822,0.0,0.0,0.136986301369863,0.07452734623565165,0.03804746908339476,0.0,0.0,0.1951219512195122
networkaeternity,1.0,0.5,0.5,0.19274577018339392,0.0677683827810056,0.125,0.0,0.44583333333333336,0.05554226540740243,0.026500356984351527,0.025,0.0,0.15300546448087432,0.08515563872098986,0.03725053156131813,0.0,0.0,0.21455938697318008
networkaeternity,1.0,0.5,0.75,0.20120523987002603,0.07296399564890443,0.14285714285714285,0.0,0.49583333333333335,0.05868631202048333,0.029432720400076978,0.026845637583892617,0.0,0.14383561643835616,0.08978344501190505,0.04144885326195585,0.06666666666666667,0.0,0.2048780487804878
networkaeternity,1.0,0.5,1.0,0.21900264039334277,0.08099680821536269,0.16666666666666666,0.0,0.5166666666666667,0.0639380705740108,0.032840384933458054,0.009523809523809525,0.0,0.175,0.09778879666140979,0.0461261772620427,0.0,0.0,0.2356902356902357
networkaeternity,1.0,0.5,2.0,0.27779788678587,0.0993968496079841,0.2727272727272727,0.075,0.5079365079365079,0.08135431177433232,0.041411356743496754,0.025,0.013333333333333334,0.2097902097902098,0.12435097855402284,0.0580841234924953,0.04615384615384616,0.023952095808383235,0.2962962962962963
networkaeternity,1.0,0.5,3.0,0.3085912759046061,0.10265115249855697,0.18181818181818182,0.05263157894736842,0.5507246376811594,0.09026796015546457,0.043946257915022845,0.01680672268907563,0.008333333333333333,0.23776223776223776,0.13802383062955062,0.061405968446121915,0.05405405405405405,0.014388489208633093,0.3285024154589372
networkaeternity,1.0,0.5,5.0,0.3377286613045551,0.10764473978003024,0.375,0.05263157894736842,0.5714285714285714,0.09823652287314695,0.04630261266346737,0.05,0.008333333333333333,0.24475524475524477,0.1503889938063615,0.064628706266634,0.10256410256410256,0.014388489208633093,0.33816425120772947
networkaeternity,1.0,0.75,0,0.1694135898115718,0.06708527451449445,0.16666666666666666,0.0,0.49583333333333335,0.0492203109458872,0.02503704563776972,0.0,0.0,0.13387978142076504,0.07535686109163482,0.03548556988870944,0.0,0.0,0.18773946360153254
networkaeternity,1.0,0.75,0.1,0.1747927629921219,0.06403823930554044,0.17647058823529413,0.03508771929824561,0.5041666666666667,0.05065292459985638,0.025705269334518718,0.016666666666666666,0.00819672131147541,0.14383561643835616,0.07756628487373707,0.03610907074749951,0.04195804195804195,0.013333333333333332,0.2048780487804878
networkaeternity,1.0,0.75,0.25,0.18004032669895892,0.06890673114322236,0.125,0.030303030303030304,0.49583333333333335,0.05265446022448562,0.02723027950037988,0.009523809523809525,0.005681818181818182,0.1503267973856209,0.08050926765032376,0.03844720361576927,0.08,0.009615384615384616,0.21296296296296297
networkaeternity,1.0,0.75,0.5,0.2005859952305732,0.07050846910018516,0.14285714285714285,0.03571428571428571,0.5083333333333333,0.05848041708902571,0.029240547219694324,0.009523809523809525,0.00819672131147541,0.16083916083916083,0.08944167004377347,0.04079866917941481,0.044117647058823525,0.013333333333333332,0.2222222222222222
networkaeternity,1.0,0.75,0.75,0.21858962292972642,0.07019540179350461,0.14285714285714285,0.041666666666666664,0.4875,0.06310530670102651,0.029210416588769616,0.025,0.008130081300813009,0.14685314685314685,0.09671939082128593,0.040793575366038164,0.04316546762589928,0.013605442176870748,0.20289855072463767
networkaeternity,1.0,0.75,1.0,0.23182402571329522,0.07897025811380447,0.16666666666666666,0.041666666666666664,0.5041666666666667,0.06734692761432318,0.032867616558324896,0.025,0.008130081300813009,0.17482517482517482,0.10308741082674742,0.04593028671472225,0.11764705882352941,0.013605442176870748,0.24154589371980678
networkaeternity,1.0,0.75,2.0,0.2818010083177829,0.09244227136400497,0.25,0.0,0.5230769230769231,0.081920136440529,0.03929583033183921,0.025,0.0,0.20279720279720279,0.12538217122933326,0.054941836768312415,0.061538461538461535,0.0,0.2801932367149758
networkaeternity,1.0,0.75,3.0,0.3112127413424436,0.10069690818652138,0.25,0.05,0.5362318840579711,0.0908026705712508,0.043566761524698065,0.041666666666666664,0.009523809523809525,0.23776223776223776,0.1389132109481652,0.06076209522220386,0.14634146341463417,0.016,0.3285024154589372
networkaeternity,1.0,0.75,5.0,0.3375497213727949,0.10722812251084923,0.25,0.07142857142857142,0.59375,0.09831195574456267,0.047131033119713214,0.041666666666666664,0.014285714285714285,0.26573426573426573,0.15041739417837546,0.06554127012033906,0.07692307692307693,0.023999999999999997,0.3671497584541063
networkaeternity,1.0,1.0,0,0.1782317132044091,0.06092755488679365,0.125,0.03333333333333333,0.49166666666666664,0.05183895854554387,0.025045591685232075,0.016666666666666666,0.006711409395973154,0.14285714285714285,0.07935157167199487,0.035081819704028336,0.05128205128205128,0.0111731843575419,0.19591836734693877
networkaeternity,1.0,1.0,0.1,0.18542321692585859,0.06214046537889577,0.16666666666666666,0.0,0.4791666666666667,0.05343284427044085,0.02509300886459347,0.058823529411764705,0.0,0.13358778625954199,0.08192073457857348,0.0350696775641611,0.04615384615384616,0.0,0.18518518518518517
networkaeternity,1.0,1.0,0.25,0.19172293306076527,0.06360722858136607,0.25,0.03333333333333333,0.49166666666666664,0.055420413389068696,0.02635142048813523,0.03409090909090909,0.006711409395973154,0.1568627450980392,0.0849020234772467,0.03672636038552287,0.05128205128205128,0.011627906976744186,0.2222222222222222
networkaeternity,1.0,1.0,0.5,0.20480291917019552,0.0725134004777552,0.16666666666666666,0.0,0.5291666666666667,0.0594333573632744,0.028837856685242316,0.016666666666666666,0.0,0.13829787234042554,0.09104254383734256,0.04069935595505164,0.028776978417266185,0.0,0.20300751879699244
networkaeternity,1.0,1.0,0.75,0.21981387866019905,0.07686296468463269,0.125,0.047619047619047616,0.5333333333333333,0.0637796123153057,0.03159972688746288,0.016666666666666666,0.007518796992481203,0.16783216783216784,0.09763381888883065,0.04422114684708051,0.04615384615384616,0.012987012987012986,0.23188405797101452
networkaeternity,1.0,1.0,1.0,0.23401294476314902,0.08008862355525873,0.125,0.03571428571428571,0.4583333333333333,0.06806784262185095,0.033273676715305615,0.016666666666666666,0.00819672131147541,0.20279720279720279,0.10417355019980426,0.04663560300011182,0.07692307692307693,0.013333333333333332,0.2801932367149758
networkaeternity,1.0,1.0,2.0,0.28368605306663025,0.09448836262827784,0.25,0.05,0.5041666666666667,0.08244745781537831,0.03938349687356163,0.025,0.009523809523809525,0.22377622377622378,0.12623558234866558,0.05525022040065052,0.12637362637362637,0.016,0.30917874396135264
networkaeternity,1.0,1.0,3.0,0.315001788862375,0.10209571020561665,0.3333333333333333,0.0625,0.559322033898305,0.09170628930179697,0.04390019666414821,0.01680672268907563,0.016666666666666666,0.22602739726027396,0.14034451408161636,0.061271247745624265,0.04615384615384616,0.026490066225165563,0.3219512195121951
networkaeternity,1.0,1.0,5.0,0.33599082708903877,0.10569835935200014,0.25,0.09375,0.5735294117647058,0.0977341158320161,0.04603410417692696,0.025,0.01904761904761905,0.23776223776223776,0.14959030871364304,0.06412206875748305,0.08187134502923976,0.032,0.3285024154589372
networkaeternity,1.0,2.0,0,0.20773431118539407,0.06753626902038097,0.25,0.03571428571428571,0.4791666666666667,0.05967747182457239,0.027433508970372996,0.030303030303030304,0.00819672131147541,0.13333333333333333,0.09153605134317433,0.038405632063206914,0.04081632653061225,0.013333333333333332,0.19696969696969696
networkaeternity,1.0,2.0,0.1,0.2055551726446407,0.0684012380887285,0.2222222222222222,0.03571428571428571,0.4875,0.059716945212352844,0.02896277042427575,0.016666666666666666,0.00819672131147541,0.14685314685314685,0.09141915294254252,0.040476301067560935,0.028776978417266185,0.013333333333333332,0.2117647058823529
networkaeternity,1.0,2.0,0.25,0.21742670816255324,0.07556568242693103,0.25,0.03571428571428571,0.5208333333333334,0.06300116742233498,0.03135644021274282,0.016666666666666666,0.00819672131147541,0.17482517482517482,0.09645354769687678,0.043719063913277255,0.03508771929824561,0.013333333333333332,0.24154589371980678
networkaeternity,1.0,2.0,0.5,0.22675066716701614,0.07516797332906867,0.125,0.05263157894736842,0.49583333333333335,0.06572054110770073,0.03189203826445489,0.045454545454545456,0.008333333333333333,0.17482517482517482,0.10063293237954372,0.04444841837012052,0.06666666666666667,0.014388489208633093,0.24154589371980678
networkaeternity,1.0,2.0,0.75,0.23499335736557314,0.07982693886173434,0.2,0.07142857142857142,0.49166666666666664,0.06816691758191679,0.032713502729554415,0.016666666666666666,0.013605442176870748,0.1506849315068493,0.10440475950379081,0.04603256981918492,0.11764705882352941,0.02339181286549707,0.21463414634146338
networkaeternity,1.0,2.0,1.0,0.2482468520955006,0.08521130935607572,0.11764705882352941,0.05263157894736842,0.49583333333333335,0.07242201717270753,0.03571259164541884,0.016666666666666666,0.008333333333333333,0.16783216783216784,0.11078838931260993,0.050045985755958006,0.04615384615384616,0.014388489208633093,0.2348484848484848
networkaeternity,1.0,2.0,2.0,0.28849542710401793,0.09795100794369473,0.2857142857142857,0.03571428571428571,0.5230769230769231,0.08408657885392169,0.040818020406793956,0.025,0.00819672131147541,0.2097902097902098,0.12867615925022663,0.057323122807889426,0.04081632653061225,0.013333333333333332,0.28985507246376807
networkaeternity,1.0,2.0,3.0,0.31912622174839167,0.10102862436788047,0.125,0.03571428571428571,0.546875,0.09292846018585997,0.04414939737178515,0.047619047619047616,0.00819672131147541,0.24475524475524477,0.14220049527693948,0.061447684765478544,0.061538461538461535,0.013333333333333332,0.33816425120772947
networkaeternity,1.0,2.0,5.0,0.3401420274219258,0.10558163482554103,0.3333333333333333,0.075,0.5882352941176471,0.09911407832615152,0.04640711192928962,0.016666666666666666,0.014285714285714285,0.25874125874125875,0.1516700257489903,0.06463021403567784,0.15384615384615385,0.023999999999999997,0.357487922705314
networkaeternity,1.0,3.0,0,0.21532804389016502,0.07195657530392188,0.125,0.05,0.5041666666666667,0.06192243463051076,0.02930659474743665,0.025,0.009523809523809525,0.16783216783216784,0.0949749134229531,0.041072442232437625,0.05755395683453237,0.016,0.23188405797101452
networkaeternity,1.0,3.0,0.1,0.21099072638602173,0.07685562802813475,0.125,0.03571428571428571,0.5583333333333333,0.0609638597215405,0.030142550007993308,0.025,0.00819672131147541,0.15384615384615385,0.09341312558504379,0.04250531925315997,0.030769230769230767,0.013333333333333332,0.21256038647342998
networkaeternity,1.0,3.0,0.25,0.22033836136996385,0.07556273992738081,0.10526315789473684,0.05,0.475,0.06354930053086869,0.030635495951737264,0.016666666666666666,0.009523809523809525,0.16783216783216784,0.0974054610555678,0.04301221223076543,0.028776978417266185,0.016,0.23188405797101452
networkaeternity,1.0,3.0,0.5,0.23465725622357472,0.07774939548282811,0.125,0.03571428571428571,0.5041666666666667,0.06772232487543063,0.03160545960836127,0.016666666666666666,0.00819672131147541,0.15267175572519084,0.1038128765228947,0.044363185394267604,0.030769230769230767,0.013333333333333332,0.2235294117647059
networkaeternity,1.0,3.0,0.75,0.24330321234743854,0.08173426292752564,0.2,0.05,0.4875,0.07046094025409556,0.033358941102881394,0.01904761904761905,0.008333333333333333,0.16783216783216784,0.10794270090503896,0.04684975078481484,0.0816326530612245,0.014388489208633093,0.2330827067669173
networkaeternity,1.0,3.0,1.0,0.24987419517486756,0.08447362534282306,0.16666666666666666,0.03571428571428571,0.5333333333333333,0.07223988962665906,0.034436501128164286,0.045454545454545456,0.00819672131147541,0.16783216783216784,0.11067911127159097,0.04829188214463121,0.05128205128205128,0.013333333333333332,0.23188405797101452
networkaeternity,1.0,3.0,2.0,0.2817376178156998,0.0966945553167653,0.2,0.05,0.5166666666666667,0.08206116733645714,0.039999426269754154,0.045454545454545456,0.009523809523809525,0.20279720279720279,0.1255885952735439,0.056176076848919,0.061538461538461535,0.016,0.2801932367149758
networkaeternity,1.0,3.0,3.0,0.31325448656450167,0.10473472878477048,0.16666666666666666,0.05,0.5625,0.0913065726453831,0.0439386304829428,0.09090909090909091,0.008333333333333333,0.2517482517482518,0.1397035880539527,0.061515762791700686,0.07692307692307693,0.014388489208633093,0.34782608695652173
networkaeternity,1.0,3.0,5.0,0.33784592911199063,0.10802146754872342,0.3333333333333333,0.05263157894736842,0.5892857142857143,0.09834659047042607,0.046757831290113516,0.02857142857142857,0.008333333333333333,0.24475524475524477,0.15050508323728826,0.06522719711465796,0.06451612903225806,0.014388489208633093,0.33816425120772947
networkaeternity,1.0,5.0,0,0.2053670172203866,0.07588449765199964,0.25,0.05,0.475,0.05892591292986509,0.02955338805959893,0.025,0.012121212121212121,0.168,0.09043833072819052,0.04181258170761565,0.04081632653061225,0.020512820512820513,0.24705882352941178
networkaeternity,1.0,5.0,0.1,0.20741814084454238,0.0800884275115768,0.10526315789473684,0.05,0.5083333333333333,0.05987952036054532,0.031243582739862788,0.016666666666666666,0.010309278350515464,0.16083916083916083,0.09178447167969597,0.04424595423593746,0.07692307692307691,0.017094017094017096,0.2235294117647059
networkaeternity,1.0,5.0,0.25,0.2086107997347003,0.08180187946970205,0.16666666666666666,0.04672897196261682,0.4791666666666667,0.060232467796107796,0.03166271787476234,0.03333333333333333,0.011976047904191617,0.1568627450980392,0.09234317276188031,0.04499607971747558,0.046511627906976744,0.020408163265306124,0.2222222222222222
networkaeternity,1.0,5.0,0.5,0.21459872480897882,0.08172426932555743,0.125,0.03,0.475,0.06190137586127607,0.03145240107425371,0.038461538461538464,0.009523809523809525,0.15384615384615385,0.09493421161841814,0.044695335688339874,0.030769230769230767,0.01515151515151515,0.21256038647342998
networkaeternity,1.0,5.0,0.75,0.22378287860459678,0.08509464018630054,0.2,0.05,0.5333333333333333,0.06465344787291899,0.03295496814845442,0.08695652173913043,0.008333333333333333,0.16993464052287582,0.09911792286984526,0.046807526812011425,0.030769230769230767,0.014388489208633093,0.24074074074074076
networkaeternity,1.0,5.0,1.0,0.23075067562733595,0.08696171069858574,0.125,0.05,0.5125,0.06672113060263678,0.034803843910510356,0.025,0.012121212121212121,0.18181818181818182,0.10222327783691638,0.04907616891305248,0.04081632653061225,0.020512820512820513,0.2588235294117647
networkaeternity,1.0,5.0,2.0,0.25297196274910666,0.09527807978964288,0.25,0.03571428571428571,0.5125,0.07353760358514222,0.03786254158510378,0.018518518518518517,0.00819672131147541,0.1958041958041958,0.11263207743540497,0.053683777462518914,0.05128205128205128,0.013333333333333332,0.27053140096618356
networkaeternity,1.0,5.0,3.0,0.2805072003783336,0.09943158637678863,0.25,0.05,0.5333333333333333,0.08164085754137644,0.04134569335012932,0.025,0.009523809523809525,0.23776223776223776,0.12494841503934632,0.0580465717457021,0.04678362573099415,0.016,0.3285024154589372
networkaeternity,1.0,5.0,5.0,0.31812753863009124,0.111150382097194,0.3333333333333333,0.03571428571428571,0.5555555555555556,0.09254799144279723,0.045906372941872435,0.09090909090909091,0.00819672131147541,0.23776223776223776,0.14167527968740787,0.06464938626157363,0.013333333333333332,0.013333333333333332,0.3285024154589372
networkaeternity,2.0,0,0,0.09930975251646353,0.05557992598825181,0.0,0.0,0.4875,0.02916351483057334,0.018546332165402853,0.0,0.0,0.10382513661202186,0.04452486103977206,0.026794687943306486,0.0,0.0,0.16149068322981366
networkaeternity,2.0,0,0.1,0.10203545640622905,0.05619263701829247,0.0,0.0,0.4625,0.029769229379587408,0.01822288962775873,0.0,0.0,0.09181141439205956,0.04554654052258168,0.026596641608732974,0.0,0.0,0.15320910973084886
networkaeternity,2.0,0,0.25,0.11214559412003615,0.0585463844926135,0.0,0.0,0.4666666666666667,0.0325864975365083,0.019855101020384864,0.0,0.0,0.12021857923497267,0.04986383649216671,0.028703297330644098,0.0,0.0,0.16858237547892718
networkaeternity,2.0,0,0.5,0.12552777176779092,0.06463065636745152,0.0,0.0,0.4583333333333333,0.03693697825214518,0.022837939469677743,0.0,0.0,0.15384615384615385,0.05641063995067485,0.032869949111004416,0.0,0.0,0.21256038647342998
networkaeternity,2.0,0,0.75,0.1393006713554662,0.0667785193171607,0.0,0.0,0.5083333333333333,0.040984286912354985,0.02412520386451618,0.0,0.0,0.13,0.06257610143748854,0.034480367277159946,0.0,0.0,0.17508417508417506
networkaeternity,2.0,0,1.0,0.15489331552574337,0.07678083314506065,0.1111111111111111,0.0,0.5041666666666667,0.04580852373026476,0.028517805148914152,0.0,0.0,0.17482517482517482,0.06989455260101755,0.04083313488602533,0.0,0.0,0.24154589371980678
networkaeternity,2.0,0,2.0,0.2405890371905722,0.09414287089453371,0.10526315789473684,0.0,0.5,0.07064157664413842,0.03730960969933742,0.016666666666666666,0.0,0.17857142857142858,0.10794069734817215,0.05285318971491181,0.027972027972027975,0.0,0.24489795918367346
networkaeternity,2.0,0,3.0,0.2923547518343177,0.10077590177073688,0.25,0.05,0.5333333333333333,0.08526170131384428,0.04203077522409908,0.009523809523809525,0.009523809523809525,0.21678321678321677,0.13043152697108612,0.05889363929680449,0.05128205128205128,0.016,0.2995169082125604
networkaeternity,2.0,0,5.0,0.3274241341798777,0.10376896388816477,0.3333333333333333,0.075,0.59375,0.09544092140799876,0.04560938691295687,0.03333333333333333,0.014285714285714285,0.26573426573426573,0.14604232642041667,0.06348440138964993,0.09401709401709402,0.023999999999999997,0.3671497584541063
networkaeternity,2.0,0.1,0,0.10279544966512262,0.05688437984615121,0.0,0.0,0.5041666666666667,0.029900630515104155,0.01869092766479305,0.0,0.0,0.11,0.0457376981966044,0.027166371041013486,0.0,0.0,0.16701173222912355
networkaeternity,2.0,0.1,0.1,0.10429660912494837,0.05774804944246854,0.0,0.0,0.475,0.03070831415448418,0.020053407201582135,0.0,0.0,0.11748633879781421,0.046862066646286143,0.02884458488755047,0.0,0.0,0.16475095785440613
networkaeternity,2.0,0.1,0.25,0.11818121780198164,0.058874788327950164,0.0,0.0,0.5166666666666667,0.034082159718583,0.019964586611262002,0.0,0.0,0.10714285714285714,0.05222904456613056,0.02878829948539477,0.0,0.0,0.17115251897860595
networkaeternity,2.0,0.1,0.5,0.12538556360860317,0.06275102075381574,0.0,0.0,0.425,0.037125792331919504,0.0227418478295807,0.0,0.0,0.11904761904761904,0.05661546670456925,0.03264727427228989,0.0,0.0,0.16326530612244894
networkaeternity,2.0,0.1,0.75,0.14652760925653183,0.06458271975433535,0.16666666666666666,0.0,0.5041666666666667,0.04306577497632624,0.02386072490786844,0.0,0.0,0.12,0.065794148805028,0.034065760845090644,0.0,0.0,0.17424242424242425
networkaeternity,2.0,0.1,1.0,0.16395824343385226,0.0757136603160273,0.14285714285714285,0.0,0.4875,0.04831463316184782,0.027540584076968373,0.0,0.0,0.1414141414141414,0.07379585657022984,0.03959561163818437,0.0,0.0,0.21052631578947367
networkaeternity,2.0,0.1,2.0,0.24614944621540016,0.08987280710146507,0.125,0.0,0.5041666666666667,0.07237049009749956,0.03675537002894999,0.025,0.0,0.20279720279720279,0.1105683122211409,0.05169499253971202,0.06666666666666667,0.0,0.2801932367149758
networkaeternity,2.0,0.1,3.0,0.29337099719013016,0.10088821125078906,0.2857142857142857,0.05263157894736842,0.5535714285714286,0.08572943647179244,0.04250482034628182,0.01904761904761905,0.008333333333333333,0.22377622377622378,0.13110055550071997,0.059448586171844044,0.04615384615384616,0.014388489208633093,0.30917874396135264
networkaeternity,2.0,0.1,5.0,0.32544057353168515,0.10381619066496972,0.16666666666666666,0.09268292682926829,0.5714285714285714,0.09465509673065309,0.0451620557115775,0.040268456375838924,0.016666666666666666,0.23776223776223776,0.14488338195354367,0.06295747173393565,0.26515151515151514,0.028776978417266185,0.3285024154589372
networkaeternity,2.0,0.25,0,0.10788653224241461,0.05605031046806011,0.0,0.0,0.4875,0.03151417300344831,0.019741749031845696,0.0,0.0,0.10655737704918032,0.04815302375277836,0.028293744872943626,0.0,0.0,0.16149068322981366
networkaeternity,2.0,0.25,0.1,0.11853351141170462,0.06263843989054016,0.1,0.0,0.475,0.034697375337007993,0.02184863766968142,0.0,0.0,0.115,0.053038304250418125,0.031549932761106125,0.0,0.0,0.15734989648033126
networkaeternity,2.0,0.25,0.25,0.12035771653102835,0.05999927957019177,0.0,0.0,0.475,0.03507605988628433,0.02017081010300224,0.0,0.0,0.10109289617486339,0.053686839660573756,0.02931874800136066,0.0,0.0,0.15734989648033126
networkaeternity,2.0,0.25,0.5,0.13450642617604977,0.06615162811512745,0.0,0.0,0.5041666666666667,0.03949674214014284,0.023813052214717453,0.0,0.0,0.13387978142076504,0.06030986756261703,0.03408257218961882,0.0,0.0,0.18773946360153254
networkaeternity,2.0,0.25,0.75,0.1601499508047236,0.06578415489900408,0.16666666666666666,0.0,0.4708333333333333,0.04690794230215902,0.025295485085986603,0.0,0.0,0.1232876712328767,0.07170316154736764,0.03583576813626988,0.06666666666666667,0.0,0.17560975609756097
networkaeternity,2.0,0.25,1.0,0.17943997850466414,0.07361504293487277,0.16666666666666666,0.0,0.4875,0.05239041489729401,0.02836186011304065,0.0,0.0,0.15384615384615385,0.08010109113235526,0.04012082081077596,0.0,0.0,0.21463414634146338
networkaeternity,2.0,0.25,2.0,0.24936816707123982,0.0905258317378112,0.16666666666666666,0.038461538461538464,0.5,0.07277468791410009,0.03665573373912855,0.01904761904761905,0.007518796992481203,0.17482517482517482,0.1113445490296468,0.05172813363140719,0.05128205128205128,0.012987012987012986,0.24154589371980678
networkaeternity,2.0,0.25,3.0,0.295956440019285,0.1011044471852778,0.3,0.05,0.525,0.08654850333586069,0.042521784711359284,0.025,0.008333333333333333,0.2097902097902098,0.1323579889299452,0.05961000477905362,0.06666666666666667,0.014388489208633093,0.28985507246376807
networkaeternity,2.0,0.25,5.0,0.3277244210485363,0.10450493421277675,0.3333333333333333,0.075,0.578125,0.09536275543642797,0.04537035340826444,0.03333333333333333,0.014285714285714285,0.25874125874125875,0.14594404096402916,0.06316576278459589,0.10576923076923077,0.023999999999999997,0.357487922705314
networkaeternity,2.0,0.5,0,0.12885501144842879,0.05881206398744732,0.1,0.0,0.4875,0.03739555877805533,0.020677730710789845,0.0,0.0,0.12568306010928962,0.057260246487090584,0.029622751500490332,0.0,0.0,0.17624521072796936
networkaeternity,2.0,0.5,0.1,0.1250015326169165,0.0608697896637221,0.0,0.0,0.5125,0.03672671869838467,0.0211126708314857,0.0,0.0,0.10173697270471464,0.056120182075580304,0.030443718993301935,0.0,0.0,0.16977225672877846
networkaeternity,2.0,0.5,0.25,0.13887730120042546,0.06446535588595169,0.0,0.0,0.4666666666666667,0.04074459916941702,0.02289171233892554,0.0,0.0,0.10714285714285714,0.062277651771603146,0.03289330674261881,0.0,0.0,0.15458937198067632
networkaeternity,2.0,0.5,0.5,0.15744400455524968,0.06205283200643403,0.14285714285714285,0.0,0.5,0.045837312034862916,0.0237269929454437,0.0,0.0,0.11904761904761904,0.07014564866027273,0.03357110669723907,0.0,0.0,0.16563146997929606
networkaeternity,2.0,0.5,0.75,0.17373946682428182,0.07274468206174876,0.125,0.0,0.5083333333333333,0.05103516502717137,0.028091882080799657,0.008333333333333333,0.0,0.14685314685314685,0.07795712450561051,0.03975488036580545,0.06451612903225806,0.0,0.20289855072463767
networkaeternity,2.0,0.5,1.0,0.19501356021489452,0.07854963938543894,0.125,0.02,0.48333333333333334,0.057202525642539435,0.031113095776388565,0.01818181818181818,0.006711409395973154,0.15476190476190477,0.0873955425312719,0.043969041983288076,0.030769230769230767,0.0101010101010101,0.21224489795918366
networkaeternity,2.0,0.5,2.0,0.2608078009785626,0.0914517767366568,0.16666666666666666,0.05263157894736842,0.525,0.07618501722555486,0.038594075404848986,0.03355704697986577,0.008333333333333333,0.22377622377622378,0.11648869000214443,0.05395026548334716,0.06666666666666667,0.014388489208633093,0.30917874396135264
networkaeternity,2.0,0.5,3.0,0.2993253746453398,0.0985537657934398,0.16666666666666666,0.03571428571428571,0.5588235294117647,0.0873187350683552,0.04272566723124215,0.04918032786885246,0.00819672131147541,0.20967741935483872,0.13356178206929456,0.05956364657123753,0.061538461538461535,0.013333333333333332,0.29545454545454547
networkaeternity,2.0,0.5,5.0,0.3284992955837003,0.10663078767596908,0.375,0.05,0.5735294117647058,0.09587878976289388,0.046491899706426046,0.031746031746031744,0.009523809523809525,0.23776223776223776,0.14664541801370604,0.06482183331420784,0.061538461538461535,0.016,0.3285024154589372
networkaeternity,2.0,0.75,0,0.14134145058632486,0.059632397770749586,0.125,0.0,0.525,0.040984813934016366,0.02139401881738488,0.008333333333333333,0.0,0.11,0.06277618366796538,0.03060877673288115,0.06666666666666667,0.0,0.17391304347826086
networkaeternity,2.0,0.75,0.1,0.14637668346028518,0.058553941700642556,0.14285714285714285,0.0,0.48333333333333334,0.04230184985708226,0.021816269318859972,0.0,0.0,0.14685314685314685,0.06481200144559401,0.030884629842529203,0.0,0.0,0.20289855072463767
networkaeternity,2.0,0.75,0.25,0.15904072308160844,0.06300775739900619,0.08333333333333333,0.0,0.5333333333333333,0.0463344446138618,0.024102502979732206,0.016666666666666666,0.0,0.13934426229508196,0.07090380542797504,0.034150357834344794,0.05128205128205128,0.0,0.1954022988505747
networkaeternity,2.0,0.75,0.5,0.17334929724205547,0.06727385129780215,0.125,0.0,0.4875,0.05058527790302487,0.02690672642135391,0.023809523809523808,0.0,0.14646464646464646,0.07736378647893613,0.03797325989890835,0.030769230769230767,0.0,0.21804511278195488
networkaeternity,2.0,0.75,0.75,0.18589957466032286,0.07361122750692747,0.2222222222222222,0.03333333333333333,0.5291666666666667,0.05436416600514543,0.028578022050294596,0.008333333333333333,0.006060606060606061,0.14685314685314685,0.0831526136752542,0.04055815507939577,0.015384615384615384,0.010256410256410256,0.20289855072463767
networkaeternity,2.0,0.75,1.0,0.20360552002773571,0.07344718139949062,0.16666666666666666,0.05263157894736842,0.4791666666666667,0.05929830980744526,0.03036580519225841,0.03409090909090909,0.008333333333333333,0.18181818181818182,0.09070652971949393,0.04253224731342485,0.13793103448275862,0.014388489208633093,0.25120772946859904
networkaeternity,2.0,0.75,2.0,0.2637620696499688,0.09220671439070291,0.125,0.07,0.49166666666666664,0.07724007574043314,0.03927903788970315,0.016666666666666666,0.016260162601626018,0.2097902097902098,0.11805047983530396,0.05490745877056621,0.05128205128205128,0.026666666666666665,0.28985507246376807
networkaeternity,2.0,0.75,3.0,0.2995951478418876,0.10120719665412437,0.16666666666666666,0.05263157894736842,0.5357142857142857,0.08742323547741304,0.043059464737505375,0.03333333333333333,0.008333333333333333,0.21678321678321677,0.13371374906666653,0.06017403305071458,0.05128205128205128,0.014388489208633093,0.303030303030303
networkaeternity,2.0,0.75,5.0,0.3325617596681566,0.10537169875715578,0.3,0.07142857142857142,0.5714285714285714,0.09664033266662031,0.04580064557276966,0.0625,0.01639344262295082,0.23776223776223776,0.14793487334178823,0.0638091440250121,0.07692307692307693,0.026666666666666665,0.3285024154589372
networkaeternity,2.0,1.0,0,0.15676778810277414,0.058263545658162844,0.16666666666666666,0.0,0.5041666666666667,0.045383058421690894,0.02269219747098073,0.043478260869565216,0.0,0.11917098445595854,0.06950681846766388,0.032016272039295066,0.03418803418803419,0.0,0.17624521072796936
networkaeternity,2.0,1.0,0.1,0.15943716465961913,0.061467332711261986,0.16666666666666666,0.025,0.5083333333333333,0.04639800925095275,0.02360038041367247,0.008333333333333333,0.004761904761904762,0.14685314685314685,0.07102829876009249,0.033365671726498757,0.014388489208633093,0.008,0.20289855072463767
networkaeternity,2.0,1.0,0.25,0.17335269069796372,0.06498238123384094,0.125,0.03333333333333333,0.5791666666666667,0.05019825108194583,0.02514747095838201,0.026845637583892617,0.006060606060606061,0.13725490196078433,0.07688454687446258,0.03539623571581462,0.044117647058823525,0.010256410256410256,0.19444444444444448
networkaeternity,2.0,1.0,0.5,0.18432507115198704,0.06503747010784665,0.16666666666666666,0.05185185185185185,0.4875,0.05336929287609608,0.026426057541656077,0.058823529411764705,0.008333333333333333,0.13690476190476192,0.08173975270068282,0.03702818708222774,0.04301075268817204,0.014388489208633093,0.18823529411764706
networkaeternity,2.0,1.0,0.75,0.1992468596689194,0.07060241059217186,0.16666666666666666,0.038461538461538464,0.5166666666666667,0.05762139960006879,0.027851860188872816,0.01680672268907563,0.007518796992481203,0.13725490196078433,0.08830202705573191,0.039389096176638744,0.030769230769230767,0.012987012987012986,0.2
networkaeternity,2.0,1.0,1.0,0.2150065970887467,0.07476144236135382,0.2,0.038461538461538464,0.5291666666666667,0.06241328302145854,0.030768548682980346,0.022727272727272728,0.007936507936507936,0.16083916083916083,0.09554034283861434,0.04310963667127231,0.05017921146953406,0.013513513513513513,0.2222222222222222
networkaeternity,2.0,1.0,2.0,0.26961589726091056,0.09198559815289908,0.16666666666666666,0.0625,0.5076923076923077,0.07838469464952483,0.03843675920327955,0.01680672268907563,0.014285714285714285,0.1958041958041958,0.11996874554411173,0.053800179252059266,0.04316546762589928,0.023999999999999997,0.2727272727272727
networkaeternity,2.0,1.0,3.0,0.30250778578339743,0.10109363920448712,0.25,0.05,0.5686274509803921,0.08846540468893542,0.043567795887323256,0.03333333333333333,0.009523809523809525,0.22151898734177214,0.1352635110252256,0.060826869083694154,0.07692307692307693,0.016,0.3017241379310344
networkaeternity,2.0,1.0,5.0,0.3317428443038237,0.10618308984670999,0.3333333333333333,0.075,0.5892857142857143,0.09631599389560072,0.04579080173878589,0.05,0.014285714285714285,0.2517482517482518,0.14745698575230778,0.06382900251267282,0.04316546762589928,0.023999999999999997,0.34782608695652173
networkaeternity,2.0,2.0,0,0.18116140279574472,0.06555330460417326,0.14285714285714285,0.0,0.49583333333333335,0.052149537013868624,0.02558404925876195,0.016666666666666666,0.0,0.15053763440860216,0.07994314922032976,0.03597621076909258,0.027972027972027975,0.0,0.21212121212121213
networkaeternity,2.0,2.0,0.1,0.18879116372208127,0.06778609204406402,0.125,0.03571428571428571,0.475,0.05401666617948438,0.02603678733666688,0.016666666666666666,0.00819672131147541,0.144,0.0828906133092212,0.03663474564536561,0.07692307692307693,0.013333333333333332,0.2117647058823529
networkaeternity,2.0,2.0,0.25,0.19329399773863262,0.0683470542883428,0.125,0.046511627906976744,0.575,0.0555877702260558,0.027178058703497085,0.016666666666666666,0.013333333333333334,0.16783216783216784,0.08525025881898424,0.038157197429917335,0.044117647058823525,0.02099737532808399,0.23188405797101452
networkaeternity,2.0,2.0,0.5,0.20384250265148446,0.0706818782861907,0.10526315789473684,0.0,0.4375,0.0589101197332699,0.029011997580655105,0.058823529411764705,0.0,0.16083916083916083,0.09023677858632694,0.040531289483570876,0.030769230769230767,0.0,0.2222222222222222
networkaeternity,2.0,2.0,0.75,0.22014905571396473,0.07721628211395656,0.14285714285714285,0.05,0.5041666666666667,0.06382687588600261,0.031201031909777143,0.01904761904761905,0.008333333333333333,0.18181818181818182,0.09776793563888865,0.04391968929147157,0.04195804195804195,0.014388489208633093,0.25120772946859904
networkaeternity,2.0,2.0,1.0,0.22845861332440248,0.07814792802679933,0.16666666666666666,0.0392156862745098,0.5125,0.06643739670666367,0.0327002693732711,0.016666666666666666,0.008333333333333333,0.18181818181818182,0.10166350417900319,0.045704600651961226,0.06666666666666667,0.014388489208633093,0.25120772946859904
networkaeternity,2.0,2.0,2.0,0.26902850783984494,0.09186099363618466,0.25,0.05263157894736842,0.5084745762711864,0.07830355258261955,0.03852741378677314,0.01818181818181818,0.008333333333333333,0.2054794520547945,0.11981660777858984,0.0539448499706072,0.04081632653061225,0.014388489208633093,0.29268292682926833
networkaeternity,2.0,2.0,3.0,0.30319485778665334,0.10125672652627521,0.25,0.05263157894736842,0.5555555555555556,0.08822869905013278,0.04258444085167425,0.02608695652173913,0.008333333333333333,0.22377622377622378,0.13502898930211799,0.05965444501726481,0.08333333333333334,0.014388489208633093,0.30917874396135264
networkaeternity,2.0,2.0,5.0,0.3343980120314046,0.10748443673549414,0.3333333333333333,0.05263157894736842,0.5892857142857143,0.09731506541201713,0.04619135030587219,0.023809523809523808,0.008333333333333333,0.23076923076923078,0.14894796111760228,0.06441666992478604,0.0816326530612245,0.014388489208633093,0.3188405797101449
networkaeternity,2.0,3.0,0,0.19574778321597647,0.0711617260688288,0.16666666666666666,0.03571428571428571,0.5125,0.05661584425524064,0.028488484300443262,0.015873015873015872,0.00819672131147541,0.14685314685314685,0.08672735916775484,0.0400846736724818,0.04081632653061225,0.013333333333333332,0.20289855072463767
networkaeternity,2.0,3.0,0.1,0.2012737648562933,0.06731959333818405,0.16666666666666666,0.05,0.4875,0.05786005131270211,0.026989801615200707,0.023809523809523808,0.009523809523809525,0.1282051282051282,0.08875815523114351,0.037929686079261164,0.030769230769230767,0.016,0.1893939393939394
networkaeternity,2.0,3.0,0.25,0.202914492483038,0.07146270019448839,0.2222222222222222,0.05,0.525,0.058527877796195546,0.028446989841749603,0.01904761904761905,0.008333333333333333,0.16083916083916083,0.08971976899543091,0.040042999376217074,0.05128205128205128,0.014388489208633093,0.2222222222222222
networkaeternity,2.0,3.0,0.5,0.216213061874698,0.07326599628248746,0.25,0.05,0.5041666666666667,0.06215471471501924,0.02946482400417035,0.016666666666666666,0.009523809523809525,0.14685314685314685,0.09532628736178486,0.041314202887780024,0.06557377049180328,0.016,0.20454545454545456
networkaeternity,2.0,3.0,0.75,0.2251577430352252,0.07866553237556714,0.2857142857142857,0.03571428571428571,0.5708333333333333,0.06502553705766356,0.03193539667001753,0.01904761904761905,0.00819672131147541,0.16083916083916083,0.09962367129032786,0.04475986808010632,0.07692307692307693,0.013333333333333332,0.22727272727272724
networkaeternity,2.0,3.0,1.0,0.23253222901826154,0.07976746851805616,0.16666666666666666,0.0,0.5583333333333333,0.06703322672640429,0.03180348335261637,0.016666666666666666,0.0,0.1503267973856209,0.10278561530028721,0.044828748981221446,0.12612612612612611,0.0,0.22641509433962265
networkaeternity,2.0,3.0,2.0,0.27104949667568745,0.09147322524409157,0.16666666666666666,0.05,0.5458333333333333,0.07905986459504347,0.03868552240668288,0.016666666666666666,0.009523809523809525,0.2097902097902098,0.12094286816516121,0.054125303221480604,0.028776978417266185,0.016,0.28985507246376807
networkaeternity,2.0,3.0,3.0,0.2985042031197719,0.1014881926845272,0.23529411764705882,0.03571428571428571,0.5357142857142857,0.08687894523406925,0.04218301617822867,0.025,0.00819672131147541,0.2097902097902098,0.132960083660449,0.05921053134904039,0.08823529411764705,0.013333333333333332,0.28985507246376807
networkaeternity,2.0,3.0,5.0,0.3334473508688041,0.10770710668443031,0.3333333333333333,0.05263157894736842,0.5714285714285714,0.09716695009275113,0.04658968510921702,0.10762331838565023,0.008333333333333333,0.23076923076923078,0.14868026699728523,0.0650106859107615,0.061538461538461535,0.014388489208633093,0.3188405797101449
networkaeternity,2.0,5.0,0,0.19486468598952605,0.07334758604547352,0.16666666666666666,0.06,0.4791666666666667,0.05604444980318635,0.028176310938372404,0.025,0.012121212121212121,0.15384615384615385,0.08596126271921771,0.03991872482926587,0.07692307692307691,0.020512820512820513,0.21256038647342998
networkaeternity,2.0,5.0,0.1,0.19658776906663103,0.07389538164616286,0.16666666666666666,0.05970149253731343,0.5166666666666667,0.05661685792504539,0.02885968816125787,0.025,0.010723860589812333,0.14685314685314685,0.08680480182187256,0.040735879306565956,0.027972027972027975,0.018181818181818184,0.2117647058823529
networkaeternity,2.0,5.0,0.25,0.20321906172428597,0.07810348544961299,0.2,0.05,0.5291666666666667,0.05849229985897006,0.030041991731662214,0.014285714285714285,0.010309278350515464,0.16783216783216784,0.08971383478621785,0.04259983522624368,0.030769230769230767,0.017094017094017096,0.23188405797101452
networkaeternity,2.0,5.0,0.5,0.2121531562341727,0.07802095641041393,0.2,0.04477611940298507,0.5291666666666667,0.06106534394685857,0.030503534612450124,0.045454545454545456,0.00804289544235925,0.15384615384615385,0.09366165651276713,0.04313075663853116,0.06451612903225806,0.013636363636363637,0.2235294117647059
networkaeternity,2.0,5.0,0.75,0.21643228466974768,0.08131699234553992,0.16666666666666666,0.03571428571428571,0.4875,0.06264468108259966,0.032136550223216966,0.016666666666666666,0.00819672131147541,0.16,0.09597924459576372,0.045516694649684095,0.07692307692307693,0.013333333333333332,0.23529411764705882
networkaeternity,2.0,5.0,1.0,0.22382389302193792,0.08438921694717338,0.16666666666666666,0.06976744186046512,0.48333333333333334,0.06490756742872272,0.033695715003165164,0.10526315789473684,0.013333333333333334,0.1888111888111888,0.0994080007039365,0.04757947432393665,0.030769230769230767,0.02272727272727273,0.2608695652173913
networkaeternity,2.0,5.0,2.0,0.24657700777391225,0.09107199668216612,0.25,0.044444444444444446,0.49206349206349204,0.07162970902612596,0.036537268798532724,0.03333333333333333,0.009523809523809525,0.168,0.10968212335436396,0.051620024209921296,0.15172413793103448,0.016,0.24705882352941178
networkaeternity,2.0,5.0,3.0,0.2724038107373361,0.09777655628029173,0.25,0.07142857142857142,0.5083333333333333,0.07920618237436057,0.039759736780100016,0.025,0.014285714285714285,0.1888111888111888,0.12126287544029628,0.05607039608046595,0.04081632653061225,0.023999999999999997,0.26515151515151514
networkaeternity,2.0,5.0,5.0,0.3160270000870637,0.10726681556078999,0.2857142857142857,0.05263157894736842,0.5538461538461539,0.09212997491807899,0.04510159063058275,0.045454545454545456,0.008333333333333333,0.23776223776223776,0.14100023412138893,0.06335320045199715,0.06451612903225806,0.014388489208633093,0.3285024154589372
networkaeternity,3.0,0,0,0.0878619518551005,0.05251669678676035,0.0,0.0,0.5166666666666667,0.025637721152585932,0.01638132792277477,0.0,0.0,0.10256410256410256,0.039236465697634886,0.024107367350331678,0.0,0.0,0.17115251897860595
networkaeternity,3.0,0,0.1,0.09299283420484358,0.055536236095318735,0.0,0.0,0.475,0.02719594667973552,0.017954975639529063,0.0,0.0,0.12021857923497267,0.041579112180897354,0.026161473194500583,0.0,0.0,0.16858237547892718
networkaeternity,3.0,0,0.25,0.10014701292394079,0.05660124302662296,0.0,0.0,0.4791666666666667,0.02936634977772214,0.018687299081257203,0.0,0.0,0.1092896174863388,0.04490061184924198,0.027313903780470886,0.0,0.0,0.15873015873015875
networkaeternity,3.0,0,0.5,0.11091299585526775,0.05875807692663317,0.0,0.0,0.4875,0.03240791356431951,0.01978983009459436,0.0,0.0,0.09836065573770492,0.04957203076179847,0.02871672127291271,0.0,0.0,0.16149068322981366
networkaeternity,3.0,0,0.75,0.12976802856247158,0.06427737811808715,0.0,0.0,0.5041666666666667,0.03798843359511718,0.022363003574850934,0.0,0.0,0.1048951048951049,0.05808547839367442,0.032352811795580215,0.0,0.0,0.16701173222912355
networkaeternity,3.0,0,1.0,0.14414550935183548,0.06786189998142177,0.0,0.0,0.48333333333333334,0.042432445650097954,0.0243241061225443,0.0,0.0,0.12295081967213115,0.06480445816853131,0.03492808512851124,0.0,0.0,0.17241379310344826
networkaeternity,3.0,0,2.0,0.22108247896307015,0.09059994849719175,0.15789473684210525,0.0,0.48333333333333334,0.06513564492140467,0.03560694852448309,0.03409090909090909,0.0,0.1958041958041958,0.09945789373060995,0.05055663705986756,0.0,0.0,0.27053140096618356
networkaeternity,3.0,0,3.0,0.28522041643284984,0.10089426852679438,0.25,0.0,0.5178571428571429,0.08345832590206231,0.04181216265823194,0.09090909090909091,0.0,0.23076923076923078,0.12761916763048586,0.05874542099706833,0.028776978417266185,0.0,0.3188405797101449
networkaeternity,3.0,0,5.0,0.3206428693845464,0.10733574957055537,0.3333333333333333,0.03571428571428571,0.5714285714285714,0.09358392040195984,0.04590494822074442,0.03333333333333333,0.00819672131147541,0.23776223776223776,0.14314853346447837,0.06419224208289646,0.06666666666666667,0.013333333333333332,0.3285024154589372
networkaeternity,3.0,0.1,0,0.09639018399612818,0.05376133285102028,0.0,0.0,0.475,0.027900993173648633,0.017287068989949528,0.0,0.0,0.12021857923497267,0.04273131400366487,0.025224119927749387,0.0,0.0,0.16858237547892718
networkaeternity,3.0,0.1,0.1,0.09556700967483833,0.058131677993234855,0.0,0.0,0.525,0.02816692167634688,0.018892958007210362,0.0,0.0,0.10421836228287841,0.04299802539420392,0.027658492018784796,0.0,0.0,0.17391304347826086
networkaeternity,3.0,0.1,0.25,0.1034494913500636,0.05929887700528466,0.0,0.0,0.49166666666666664,0.030152447155459082,0.01940567108927865,0.0,0.0,0.10109289617486339,0.04612287613260838,0.028279807740928392,0.0,0.0,0.16287094547964115
networkaeternity,3.0,0.1,0.5,0.11490881657615491,0.063296961835724,0.0,0.0,0.5041666666666667,0.03423641218726044,0.02193425213308006,0.0,0.0,0.11475409836065574,0.052161576172625505,0.03169615333548726,0.0,0.0,0.16701173222912355
networkaeternity,3.0,0.1,0.75,0.13197999444744737,0.06801276245247727,0.0,0.0,0.49166666666666664,0.03865229099923291,0.023785472368500506,0.0,0.0,0.1282051282051282,0.059064013537296026,0.03428729711095288,0.0,0.0,0.1893939393939394
networkaeternity,3.0,0.1,1.0,0.1560135967101953,0.06850723248931602,0.0,0.0,0.49166666666666664,0.04562558167191241,0.025316489892980156,0.0,0.0,0.12568306010928962,0.06976168777165336,0.03623598738762827,0.0,0.0,0.17624521072796936
networkaeternity,3.0,0.1,2.0,0.23232690571590983,0.08408639017750298,0.2,0.03125,0.5083333333333333,0.06804222656379848,0.03512581094368514,0.020134228187919462,0.008333333333333333,0.18493150684931506,0.10398864169963197,0.04925786182147686,0.030769230769230767,0.013245033112582781,0.2634146341463414
networkaeternity,3.0,0.1,3.0,0.2851083437469629,0.09834683798258555,0.3333333333333333,0.05263157894736842,0.55,0.08331388706244397,0.04164934351100688,0.03278688524590164,0.008333333333333333,0.22377622377622378,0.12739329858280052,0.05826264527599647,0.05333333333333333,0.014388489208633093,0.30917874396135264
networkaeternity,3.0,0.1,5.0,0.32434391576062,0.10668793620434708,0.375,0.05,0.5714285714285714,0.0945466653866164,0.045954426144294735,0.03333333333333333,0.009523809523809525,0.2517482517482518,0.14464789148565713,0.06410020881260907,0.061538461538461535,0.016,0.34782608695652173
networkaeternity,3.0,0.25,0,0.10258176532980567,0.05650305279035287,0.0,0.0,0.5083333333333333,0.029913022857779064,0.01832134592977295,0.0,0.0,0.10090984284532671,0.045776474801252555,0.026752472754362235,0.0,0.0,0.168391994478951
networkaeternity,3.0,0.25,0.1,0.10429851820345759,0.05920445168067477,0.0,0.0,0.5125,0.030606617235841918,0.019734089463516496,0.0,0.0,0.10173697270471464,0.04676470099704541,0.028666401621925425,0.0,0.0,0.16977225672877846
networkaeternity,3.0,0.25,0.25,0.1118230528497934,0.058286800868989644,0.0,0.0,0.5,0.032598877557856426,0.020175971113291204,0.0,0.0,0.1284153005464481,0.049840906904472126,0.029022681514834305,0.0,0.0,0.18007662835249044
networkaeternity,3.0,0.25,0.5,0.1272929223842823,0.0628321103217213,0.1,0.0,0.5083333333333333,0.03743191435747106,0.022172712038866046,0.0,0.0,0.10964912280701754,0.057184162072202206,0.031996362724724454,0.0,0.0,0.168391994478951
networkaeternity,3.0,0.25,0.75,0.14531944484072537,0.06579018021382765,0.0,0.0,0.5083333333333333,0.042380573569084826,0.023634031610331892,0.0,0.0,0.14685314685314685,0.06484052975796514,0.03390241501160658,0.0,0.0,0.20289855072463767
networkaeternity,3.0,0.25,1.0,0.16336983365261337,0.07385363143427387,0.0,0.0,0.5166666666666667,0.047950922968394614,0.027420266311414473,0.0,0.0,0.15384615384615385,0.07325260273113511,0.03908318136403099,0.0,0.0,0.21256038647342998
networkaeternity,3.0,0.25,2.0,0.24195395171632234,0.08631841694913255,0.15625,0.0,0.525,0.07070735461093139,0.03552070965541779,0.015873015873015872,0.0,0.18181818181818182,0.10815932083749376,0.05003332641425806,0.04316546762589928,0.0,0.25120772946859904
networkaeternity,3.0,0.25,3.0,0.28781749588112465,0.1022150374848532,0.16666666666666666,0.05263157894736842,0.5416666666666666,0.08432690445285346,0.0427935417788785,0.02857142857142857,0.008333333333333333,0.21232876712328766,0.12889720059592372,0.060048537233398806,0.05128205128205128,0.014388489208633093,0.3024390243902439
networkaeternity,3.0,0.25,5.0,0.3267338052012407,0.1076742583608664,0.125,0.05263157894736842,0.5714285714285714,0.09536434744468797,0.045927278924779574,0.05,0.008333333333333333,0.23776223776223776,0.14589827051279425,0.06426304141533142,0.07692307692307693,0.014388489208633093,0.3285024154589372
networkaeternity,3.0,0.5,0,0.11429736636242827,0.055035241124163255,0.125,0.0,0.5208333333333334,0.0331414621649469,0.018938153408391892,0.0,0.0,0.115,0.05073717686247995,0.027211956933661158,0.0,0.0,0.17253278122843344
networkaeternity,3.0,0.5,0.1,0.11734125328370854,0.05622821310725165,0.0,0.0,0.48333333333333334,0.03383256133688721,0.01867946258651056,0.0,0.0,0.09594706368899918,0.05188246510427001,0.02714320766390376,0.0,0.0,0.1601104209799862
networkaeternity,3.0,0.5,0.25,0.12421986808190028,0.06138337541104015,0.0,0.0,0.49583333333333335,0.03642846239961041,0.02192239525453273,0.0,0.0,0.11290322580645161,0.05565429229817915,0.03140455783888409,0.0,0.0,0.16425120772946858
networkaeternity,3.0,0.5,0.5,0.14781972140221492,0.06442433495756754,0.1,0.0,0.5166666666666667,0.042994463085950334,0.02341300886693138,0.02702702702702703,0.0,0.13131313131313133,0.0657992230487156,0.0334315288327241,0.0,0.0,0.19548872180451132
networkaeternity,3.0,0.5,0.75,0.16557349842323468,0.06913191423036769,0.2,0.0,0.5208333333333334,0.04785805525489354,0.024914921741457822,0.0,0.0,0.11888111888111888,0.07333642294398321,0.035622030167590676,0.0,0.0,0.17253278122843344
networkaeternity,3.0,0.5,1.0,0.17502086084607682,0.07232213336481709,0.125,0.0,0.5166666666666667,0.051128178607019036,0.027705881406197223,0.0,0.0,0.13387978142076504,0.07818220636450758,0.03937229447204415,0.0,0.0,0.18773946360153254
networkaeternity,3.0,0.5,2.0,0.24805197113837338,0.09129653484354047,0.25,0.045454545454545456,0.5076923076923077,0.07261663027441914,0.037707197285074844,0.045454545454545456,0.008333333333333333,0.20279720279720279,0.11098134981063185,0.05296219351764432,0.04081632653061225,0.014084507042253521,0.2801932367149758
networkaeternity,3.0,0.5,3.0,0.2922015347602131,0.09861938251510106,0.2857142857142857,0.0625,0.53125,0.08534282164152043,0.04237185647196258,0.01904761904761905,0.013333333333333334,0.23776223776223776,0.13051867629922115,0.0591889083838501,0.05128205128205128,0.02339181286549707,0.3285024154589372
networkaeternity,3.0,0.5,5.0,0.3268432658930716,0.10825775923209799,0.16666666666666666,0.07142857142857142,0.5892857142857143,0.0954210940464498,0.04637249748684931,0.041666666666666664,0.014285714285714285,0.22377622377622378,0.14595856395881973,0.06484075934093086,0.08547008547008547,0.023999999999999997,0.3121951219512195
networkaeternity,3.0,0.75,0,0.13028546238079328,0.059050749445067406,0.14285714285714285,0.0,0.5041666666666667,0.037552238808055804,0.020517158242752243,0.008333333333333333,0.0,0.10714285714285714,0.057551398825965376,0.0294260243603442,0.015384615384615384,0.0,0.16701173222912355
networkaeternity,3.0,0.75,0.1,0.13473425195957525,0.05813031156975158,0.125,0.0,0.45,0.03940309580484858,0.02193541732123073,0.0,0.0,0.11202185792349727,0.06023344917249666,0.031168275604669803,0.0,0.0,0.15708812260536398
networkaeternity,3.0,0.75,0.25,0.14372029414355023,0.05955606520572513,0.125,0.0,0.5041666666666667,0.04148496946822456,0.021003019831588067,0.025,0.0,0.10655737704918032,0.0636374965347267,0.030245065653236057,0.0,0.0,0.16701173222912355
networkaeternity,3.0,0.75,0.5,0.160727832165677,0.06205127686280063,0.1,0.041666666666666664,0.5083333333333333,0.046777795356815616,0.02512230343570824,0.01904761904761905,0.006711409395973154,0.14556962025316456,0.07155167706636875,0.03513367026519489,0.03508771929824561,0.011627906976744186,0.1982758620689655
networkaeternity,3.0,0.75,0.75,0.17517843651771373,0.06538486139321466,0.16666666666666666,0.03571428571428571,0.4875,0.05082864080310928,0.025991328780662754,0.009523809523809525,0.00819672131147541,0.15384615384615385,0.07782765104507942,0.03661059085819102,0.030769230769230767,0.013333333333333332,0.21256038647342998
networkaeternity,3.0,0.75,1.0,0.19604777369148832,0.0766703582069909,0.1,0.0,0.4791666666666667,0.05720672940986233,0.030265320213433346,0.10526315789473684,0.0,0.16083916083916083,0.08747718093868276,0.04270283175658959,0.030769230769230767,0.0,0.2222222222222222
networkaeternity,3.0,0.75,2.0,0.2545188568813933,0.09011085305771249,0.125,0.0,0.525,0.07430184018797609,0.03749092589838038,0.012121212121212121,0.0,0.1958041958041958,0.11362915882408184,0.052567252394641245,0.05128205128205128,0.0,0.27053140096618356
networkaeternity,3.0,0.75,3.0,0.29506786961219744,0.09982872935323757,0.25,0.07142857142857142,0.53125,0.08590510510725743,0.04178974678354345,0.023809523809523808,0.013605442176870748,0.23776223776223776,0.13145540038090875,0.05853884177927348,0.1085972850678733,0.02339181286549707,0.3285024154589372
networkaeternity,3.0,0.75,5.0,0.329750163270215,0.1091630795575557,0.3333333333333333,0.05263157894736842,0.5892857142857143,0.09611831767619289,0.04657010031889295,0.01904761904761905,0.008333333333333333,0.24475524475524477,0.14707216829244774,0.06512561923318952,0.26515151515151514,0.014388489208633093,0.33816425120772947
networkaeternity,3.0,1.0,0,0.14401880186089697,0.05735807334719976,0.125,0.03,0.5291666666666667,0.04136973196451053,0.02076971881282632,0.008333333333333333,0.006060606060606061,0.1284153005464481,0.06346522604885117,0.029547125182206094,0.015384615384615384,0.010309278350515465,0.18007662835249044
networkaeternity,3.0,1.0,0.1,0.15104858466184481,0.05772029131061353,0.13793103448275862,0.0,0.525,0.04342521629359117,0.02133210100013141,0.016666666666666666,0.0,0.125,0.06660771689516155,0.03014279642579916,0.014388489208633093,0.0,0.17391304347826086
networkaeternity,3.0,1.0,0.25,0.15691082090363123,0.061910720839347066,0.13333333333333333,0.0,0.5208333333333334,0.045897207890777836,0.02417467461157144,0.0,0.0,0.13986013986013987,0.07017352437801484,0.03412002572149833,0.0,0.0,0.1932367149758454
networkaeternity,3.0,1.0,0.5,0.17240628180343578,0.06318756055171473,0.16666666666666666,0.03333333333333333,0.5041666666666667,0.05003446695349057,0.02486605185233126,0.016666666666666666,0.006060606060606061,0.11888111888111888,0.07659103949889634,0.035008725973995826,0.06451612903225806,0.010256410256410256,0.16701173222912355
networkaeternity,3.0,1.0,0.75,0.18465727277439384,0.06517719658861781,0.125,0.03333333333333333,0.48333333333333334,0.05336409544288553,0.025891501791493795,0.023809523809523808,0.006060606060606061,0.13690476190476192,0.08177655644000353,0.03638699134899833,0.028776978417266185,0.010256410256410256,0.18775510204081636
networkaeternity,3.0,1.0,1.0,0.20167033379112753,0.07489469535322536,0.2,0.03571428571428571,0.5041666666666667,0.058701931421128464,0.03017684528231379,0.016666666666666666,0.00819672131147541,0.16783216783216784,0.08983217633745341,0.0425293145975359,0.05128205128205128,0.013333333333333332,0.23188405797101452
networkaeternity,3.0,1.0,2.0,0.2531898126584484,0.08738894320547526,0.16666666666666666,0.038461538461538464,0.48333333333333334,0.07386584543068193,0.03683945648070557,0.02702702702702703,0.008695652173913044,0.1958041958041958,0.1129642256651993,0.051459447620594075,0.028776978417266185,0.014184397163120569,0.27053140096618356
networkaeternity,3.0,1.0,3.0,0.29252233643088754,0.10632115042559881,0.16666666666666666,0.0,0.525,0.08574050248779781,0.04403466155677454,0.041666666666666664,0.0,0.20833333333333334,0.13103710155894555,0.061898595784083736,0.17391304347826086,0.0,0.291044776119403
networkaeternity,3.0,1.0,5.0,0.32854918963048374,0.10843421819710898,0.25,0.05,0.578125,0.09574917655062404,0.046623041050165064,0.03333333333333333,0.009523809523809525,0.25874125874125875,0.14647761840697318,0.06510709520747995,0.04000000000000001,0.016,0.357487922705314
networkaeternity,3.0,2.0,0,0.1709361931069982,0.06160704078234112,0.125,0.03571428571428571,0.5125,0.04916142669048518,0.02407686846062966,0.01904761904761905,0.00819672131147541,0.12025316455696203,0.07536784862889641,0.033803394701685585,0.07317073170731707,0.013333333333333332,0.16977225672877846
networkaeternity,3.0,2.0,0.1,0.17506864334703304,0.06396667447818737,0.14285714285714285,0.03488372093023256,0.4708333333333333,0.05029256375811104,0.024486445309735833,0.014285714285714285,0.006802721088435374,0.12,0.0771303615884607,0.034567141110225956,0.06451612903225806,0.011695906432748536,0.18113207547169813
networkaeternity,3.0,2.0,0.25,0.1863127018575025,0.06553015375983057,0.16666666666666666,0.04,0.525,0.05354471998316566,0.02543685296921221,0.009523809523809525,0.008333333333333333,0.1282051282051282,0.08215997328863216,0.03596029911525975,0.028776978417266185,0.013986013986013988,0.1893939393939394
networkaeternity,3.0,2.0,0.5,0.19581119564935656,0.07169596578523865,0.125,0.044444444444444446,0.5333333333333333,0.05666136264219516,0.02875807602386156,0.016666666666666666,0.009523809523809525,0.1506849315068493,0.08679403698533909,0.0404585625820869,0.06451612903225806,0.016,0.21463414634146338
networkaeternity,3.0,2.0,0.75,0.20704504012381802,0.07183358425216013,0.1,0.05263157894736842,0.5,0.060026013754109396,0.029653058551759922,0.016666666666666666,0.008333333333333333,0.16783216783216784,0.09191874254558685,0.041501569290774865,0.030769230769230767,0.014388489208633093,0.23188405797101452
networkaeternity,3.0,2.0,1.0,0.22139288885820207,0.07481335151391226,0.125,0.05,0.5083333333333333,0.06366140180598644,0.030372510694720238,0.03355704697986577,0.014285714285714285,0.15822784810126583,0.09764596789016294,0.04261108426970031,0.04081632653061225,0.023999999999999997,0.21551724137931036
networkaeternity,3.0,2.0,2.0,0.2646847730764669,0.09232630206417736,0.2413793103448276,0.05,0.5333333333333333,0.0767917187096044,0.03799938507932612,0.025,0.008333333333333333,0.2097902097902098,0.11756683199864268,0.05327560377465278,0.03418803418803419,0.014388489208633093,0.28985507246376807
networkaeternity,3.0,2.0,3.0,0.2964669754112518,0.10258370837360545,0.125,0.075,0.5714285714285714,0.0863413887756277,0.04271051667779796,0.016666666666666666,0.014285714285714285,0.21678321678321677,0.13209471404545273,0.059837870999274824,0.030769230769230767,0.023999999999999997,0.2995169082125604
networkaeternity,3.0,2.0,5.0,0.3291260086806572,0.10880270914473188,0.16666666666666666,0.03571428571428571,0.5441176470588235,0.09602087349669537,0.0461431754086023,0.023809523809523808,0.00819672131147541,0.23776223776223776,0.14690702133461897,0.06459562521110047,0.2727272727272727,0.013333333333333332,0.3285024154589372
networkaeternity,3.0,3.0,0,0.18798580083491784,0.06684387241717941,0.16666666666666666,0.05,0.4708333333333333,0.0541562361774623,0.026608240650855094,0.016666666666666666,0.009523809523809525,0.1503267973856209,0.08303824612801715,0.03749553587710769,0.07239819004524888,0.016,0.21296296296296297
networkaeternity,3.0,3.0,0.1,0.19198726381776046,0.06790078632619446,0.16666666666666666,0.05263157894736842,0.525,0.05541208151286299,0.027222258537053193,0.016666666666666666,0.013333333333333334,0.1503267973856209,0.08491790762356675,0.03814365127588025,0.030769230769230767,0.023166023166023165,0.21296296296296297
networkaeternity,3.0,3.0,0.25,0.19651716115175177,0.07131733531458992,0.16666666666666666,0.0,0.49583333333333335,0.05665960067992135,0.028157926061440627,0.045454545454545456,0.0,0.15384615384615385,0.0868628399827683,0.03971474703840812,0.028776978417266185,0.0,0.21256038647342998
networkaeternity,3.0,3.0,0.5,0.20805541994989052,0.0763242709743446,0.10526315789473684,0.03,0.5291666666666667,0.06003879705578852,0.030176352363084514,0.01818181818181818,0.008333333333333333,0.17482517482517482,0.0920098145534861,0.04247232430981649,0.030769230769230767,0.014388489208633093,0.24154589371980678
networkaeternity,3.0,3.0,0.75,0.21676987660627214,0.07939954522851336,0.2,0.03571428571428571,0.5416666666666666,0.06255120144672736,0.03065545579165068,0.10526315789473684,0.00819672131147541,0.15384615384615385,0.09589825361314112,0.04341670109184473,0.027972027972027975,0.013333333333333332,0.21256038647342998
networkaeternity,3.0,3.0,1.0,0.22378316790628863,0.07962392472489085,0.2,0.05185185185185185,0.4875,0.06473798022272843,0.03220732915818735,0.045454545454545456,0.008333333333333333,0.1881720430107527,0.09917696770087825,0.04532026439298927,0.06666666666666667,0.014388489208633093,0.26515151515151514
networkaeternity,3.0,3.0,2.0,0.2654994301964723,0.08964074171595865,0.25,0.08148148148148149,0.5111111111111111,0.07681519654351135,0.03683008504386729,0.08695652173913043,0.01775147928994083,0.20279720279720279,0.11769480156892893,0.051643396960631714,0.030769230769230767,0.029484029484029485,0.2801932367149758
networkaeternity,3.0,3.0,3.0,0.2950872340140026,0.09808167825020285,0.125,0.05263157894736842,0.5230769230769231,0.0856509484835843,0.04159057807481546,0.041666666666666664,0.008333333333333333,0.2097902097902098,0.1311325294237192,0.05814558156485843,0.061538461538461535,0.014388489208633093,0.28985507246376807
networkaeternity,3.0,3.0,5.0,0.32900883253612956,0.10922454412265332,0.125,0.07142857142857142,0.6071428571428571,0.09581045878926445,0.04652879807554939,0.031746031746031744,0.01639344262295082,0.24475524475524477,0.14661723412695857,0.06511401533030554,0.05405405405405405,0.026666666666666665,0.33816425120772947
networkaeternity,3.0,5.0,0,0.18874842138619702,0.07322413211754421,0.14285714285714285,0.03571428571428571,0.49166666666666664,0.05448603788487003,0.02801828297063639,0.014285714285714285,0.00819672131147541,0.14685314685314685,0.08352063860326775,0.03980636332914133,0.06451612903225806,0.013333333333333332,0.20289855072463767
networkaeternity,3.0,5.0,0.1,0.18885917530220056,0.07082413541640602,0.16666666666666666,0.04,0.5166666666666667,0.054417502918242204,0.027317139973572692,0.025,0.010309278350515464,0.14871794871794872,0.08345930811584967,0.038762996081326224,0.04615384615384616,0.017094017094017096,0.2196969696969697
networkaeternity,3.0,5.0,0.25,0.1965776885235693,0.07654156612851076,0.16666666666666666,0.03571428571428571,0.4708333333333333,0.05675503309558585,0.02971971217465839,0.016666666666666666,0.00819672131147541,0.18181818181818182,0.08699237094278266,0.04216479589901275,0.027972027972027975,0.013333333333333332,0.25120772946859904
networkaeternity,3.0,5.0,0.5,0.2046611791901685,0.07645632363667419,0.16666666666666666,0.05970149253731343,0.5083333333333333,0.05903672493350024,0.029843519325071285,0.016666666666666666,0.010723860589812333,0.1437908496732026,0.09050490424171907,0.04223000024924009,0.030769230769230767,0.018181818181818184,0.2037037037037037
networkaeternity,3.0,5.0,0.75,0.21136645681832222,0.08219602919110253,0.14285714285714285,0.03571428571428571,0.5333333333333333,0.06086784968380198,0.031564215435817916,0.025,0.00819672131147541,0.17482517482517482,0.09333301737045431,0.044751831055173476,0.030769230769230767,0.013333333333333332,0.25000000000000006
networkaeternity,3.0,5.0,1.0,0.2184266448164861,0.0813510153857706,0.16666666666666666,0.037037037037037035,0.5125,0.06321789442897606,0.0324185162053423,0.03409090909090909,0.008333333333333333,0.16489361702127658,0.09686266983254105,0.04583026545578424,0.03508771929824561,0.014388489208633093,0.24242424242424243
networkaeternity,3.0,5.0,2.0,0.2441895452687169,0.09386987016728943,0.16666666666666666,0.05,0.5083333333333333,0.07101417736195788,0.03681447066199672,0.016666666666666666,0.008333333333333333,0.1774193548387097,0.10871677163897754,0.05225062717090884,0.04195804195804195,0.014388489208633093,0.2588235294117647
networkaeternity,3.0,5.0,3.0,0.2704310838567254,0.09863300189350332,0.25,0.0,0.5166666666666667,0.07863642955691741,0.03959363638960974,0.09090909090909091,0.0,0.20279720279720279,0.12038924476541697,0.05590723180642415,0.027972027972027975,0.0,0.2801932367149758
networkaeternity,3.0,5.0,5.0,0.312633680469871,0.10831976652953257,0.3333333333333333,0.07142857142857142,0.5892857142857143,0.09110103139061326,0.045272514737527816,0.031746031746031744,0.014285714285714285,0.23076923076923078,0.13940614098363172,0.06359673412922585,0.061538461538461535,0.023999999999999997,0.3188405797101449
networkaeternity,5.0,0,0,0.08066075749293392,0.050954490462899585,0.0,0.0,0.4708333333333333,0.023568315293919843,0.015611520423875707,0.0,0.0,0.0934656741108354,0.03605233495360813,0.02309584158327242,0.0,0.0,0.15596963423050378
networkaeternity,5.0,0,0.1,0.08793471400548473,0.05423603057424677,0.0,0.0,0.5,0.0257363287991341,0.016875622292179385,0.0,0.0,0.09925558312655088,0.03934958028150689,0.024926205034367963,0.0,0.0,0.16563146997929606
networkaeternity,5.0,0,0.25,0.09157811112787277,0.05549514713655454,0.0,0.0,0.525,0.026913049113154983,0.017843471442761497,0.0,0.0,0.10421836228287841,0.041106842495953685,0.026144604943588976,0.0,0.0,0.17391304347826086
networkaeternity,5.0,0,0.5,0.10044988118920149,0.05825347715237808,0.0,0.0,0.5,0.029276773529946103,0.0188684849722858,0.0,0.0,0.10185185185185185,0.04476491814102953,0.027593512415586347,0.0,0.0,0.16563146997929606
networkaeternity,5.0,0,0.75,0.11134649655785225,0.06461094140123966,0.0,0.0,0.5208333333333334,0.03291312624981124,0.02140421792105387,0.0,0.0,0.10526315789473684,0.050213351159015304,0.031185482900886442,0.0,0.0,0.17253278122843344
networkaeternity,5.0,0,1.0,0.13140369367507984,0.0691288429869106,0.0,0.0,0.4625,0.03885282733903934,0.024578429198011415,0.0,0.0,0.13291139240506328,0.05926412229480617,0.035267152819681666,0.0,0.0,0.18103448275862066
networkaeternity,5.0,0,2.0,0.21311466468272297,0.08892351108356056,0.14285714285714285,0.0,0.4791666666666667,0.06252855309406596,0.03472967491954302,0.0,0.0,0.18181818181818182,0.09551381562404439,0.04914329301319869,0.0,0.0,0.25120772946859904
networkaeternity,5.0,0,3.0,0.278091241173086,0.10013428552750146,0.25,0.05,0.5357142857142857,0.08159357819750326,0.042187025379246165,0.015873015873015872,0.009523809523809525,0.23076923076923078,0.12465168519601992,0.05906230247681838,0.04615384615384616,0.016,0.3188405797101449
networkaeternity,5.0,0,5.0,0.3226146544053613,0.10558402425732583,0.16666666666666666,0.03571428571428571,0.5396825396825397,0.09405157609531944,0.04563126680899994,0.03333333333333333,0.00819672131147541,0.23776223776223776,0.14388182255606735,0.06360905387106855,0.07692307692307693,0.013333333333333332,0.3285024154589372
networkaeternity,5.0,0.1,0,0.08511433010007204,0.05059079598309051,0.0,0.0,0.4666666666666667,0.02450273254891175,0.015097051399242592,0.0,0.0,0.09263854425144748,0.03760148837603671,0.022434040443297533,0.0,0.0,0.15458937198067632
networkaeternity,5.0,0.1,0.1,0.087113109168916,0.05296598383930934,0.0,0.0,0.5125,0.025442661049583384,0.01656142581594692,0.0,0.0,0.10173697270471464,0.03890907023429599,0.02437923005485453,0.0,0.0,0.16977225672877846
networkaeternity,5.0,0.1,0.25,0.09487704922010191,0.053963599263591414,0.0,0.0,0.4708333333333333,0.027506231281144617,0.0170193704173624,0.0,0.0,0.0934656741108354,0.042136326355354414,0.02496321929970232,0.0,0.0,0.15596963423050378
networkaeternity,5.0,0.1,0.5,0.10958732081188773,0.058877157588163476,0.0,0.0,0.4875,0.03195886123448877,0.019692489990401234,0.0,0.0,0.0979020979020979,0.048882858980446316,0.028578219380715853,0.0,0.0,0.16149068322981366
networkaeternity,5.0,0.1,0.75,0.12367568503044486,0.06126198340256702,0.125,0.0,0.5,0.036173925011602104,0.02191676944713877,0.0,0.0,0.11188811188811189,0.055293638332568625,0.03145025421696523,0.0,0.0,0.16563146997929606
networkaeternity,5.0,0.1,1.0,0.1366608004850537,0.06779633499142818,0.0,0.0,0.4625,0.040252953943737665,0.024051630007478536,0.0,0.0,0.11188811188811189,0.061473916973899215,0.034695198644645805,0.0,0.0,0.15789473684210525
networkaeternity,5.0,0.1,2.0,0.21662380756343153,0.08746626596749452,0.3333333333333333,0.0,0.5166666666666667,0.06359205535220751,0.034240971209314824,0.0,0.0,0.1780821917808219,0.09717034070663842,0.04861360873963569,0.0,0.0,0.25365853658536586
networkaeternity,5.0,0.1,3.0,0.2795388497782477,0.09788918647412342,0.14285714285714285,0.05263157894736842,0.5535714285714286,0.081661658291257,0.04115073136552486,0.03333333333333333,0.008333333333333333,0.2097902097902098,0.12488269057628754,0.05770054139566343,0.2,0.014388489208633093,0.28985507246376807
networkaeternity,5.0,0.1,5.0,0.32341064574916634,0.10682350713093185,0.3333333333333333,0.0962962962962963,0.5892857142857143,0.09424711300118606,0.04601361082116112,0.03333333333333333,0.018018018018018018,0.23076923076923078,0.14418575925283783,0.0642042703997567,0.07692307692307693,0.030769230769230767,0.3188405797101449
networkaeternity,5.0,0.25,0,0.08850508385376109,0.05247765779919755,0.0,0.0,0.4791666666666667,0.02585306998764186,0.016763175309735617,0.0,0.0,0.09511993382961124,0.039514280741640824,0.024535593568373117,0.0,0.0,0.15873015873015875
networkaeternity,5.0,0.25,0.1,0.09820741539745986,0.053732907219927614,0.0,0.0,0.4791666666666667,0.02856712138984568,0.017704334477427183,0.0,0.0,0.09511993382961124,0.04369381683833513,0.025683793021965197,0.0,0.0,0.15873015873015875
networkaeternity,5.0,0.25,0.25,0.10511351222355801,0.056370333271889714,0.0,0.0,0.4791666666666667,0.030664597778966414,0.01874007871059517,0.0,0.0,0.12021857923497267,0.04690403144482357,0.027213340973349803,0.0,0.0,0.16858237547892718
networkaeternity,5.0,0.25,0.5,0.11648537835125641,0.06423459687213372,0.0,0.0,0.5375,0.03428576447593829,0.022147716098447144,0.0,0.0,0.125,0.05234218204176823,0.03197276170537285,0.0,0.0,0.17805383022774324
networkaeternity,5.0,0.25,0.75,0.1281740356601806,0.0649099052536411,0.0,0.0,0.48333333333333334,0.037858147238615185,0.02308055894650745,0.0,0.0,0.11764705882352941,0.0577771845308887,0.03319187678467446,0.0,0.0,0.16666666666666666
networkaeternity,5.0,0.25,1.0,0.14978666495907172,0.0667140798081514,0.1,0.0,0.475,0.04389112238415123,0.025172248318147843,0.016666666666666666,0.0,0.13986013986013987,0.06706935976050993,0.035860658551455364,0.03418803418803419,0.0,0.1932367149758454
networkaeternity,5.0,0.25,2.0,0.22801687702791246,0.08534180560352574,0.125,0.03571428571428571,0.5083333333333333,0.06702140753703903,0.03564557930847165,0.045454545454545456,0.007936507936507936,0.18493150684931506,0.10235140517300997,0.050029482632728606,0.05594405594405595,0.013333333333333332,0.2634146341463414
networkaeternity,5.0,0.25,3.0,0.2815462789507219,0.10114795476476958,0.25,0.06666666666666667,0.5176470588235295,0.08233380787573516,0.04226576628668029,0.045454545454545456,0.009259259259259259,0.2097902097902098,0.12587031509943167,0.05925659169514849,0.04615384615384616,0.016260162601626015,0.28985507246376807
networkaeternity,5.0,0.25,5.0,0.3252062804090897,0.10855504075692257,0.21052631578947367,0.075,0.5892857142857143,0.09486852370494427,0.046824691877801826,0.03333333333333333,0.014285714285714285,0.2517482517482518,0.14510550285463705,0.06535198913832901,0.05755395683453237,0.023999999999999997,0.34782608695652173
networkaeternity,5.0,0.5,0,0.10607691196179522,0.05635874177515062,0.0,0.0,0.5458333333333333,0.030605788406225146,0.017745502394361165,0.0,0.0,0.10835401157981803,0.04692003631605769,0.025935790143048663,0.0,0.0,0.1808143547273982
networkaeternity,5.0,0.5,0.1,0.10636361108932486,0.0539094675525267,0.0,0.0,0.49583333333333335,0.03084280801876957,0.017347946722533467,0.0,0.0,0.09842845326716294,0.047244974139233,0.025355940941246127,0.0,0.0,0.16425120772946858
networkaeternity,5.0,0.5,0.25,0.11862543728040126,0.05847832910378555,0.08333333333333333,0.0,0.5125,0.034561532372060014,0.019919990465125603,0.0,0.0,0.10173697270471464,0.05289101806357569,0.028914737194723476,0.0,0.0,0.16977225672877846
networkaeternity,5.0,0.5,0.5,0.13229713852491798,0.06159660257041421,0.0,0.0,0.5,0.038717924145302236,0.022093688976263952,0.0,0.0,0.11188811188811189,0.05918638778869213,0.0317190665563625,0.0,0.0,0.16563146997929606
networkaeternity,5.0,0.5,0.75,0.15461733250325504,0.06825704591915654,0.0,0.0,0.4583333333333333,0.04522264813022194,0.024173906377522623,0.0,0.0,0.12025316455696203,0.06916085917590552,0.03459288538743303,0.0,0.0,0.16379310344827586
networkaeternity,5.0,0.5,1.0,0.16744459730787484,0.07332019621372142,0.08333333333333333,0.0,0.5166666666666667,0.04922319723270311,0.027531748360347934,0.0,0.0,0.13095238095238096,0.07517609612721539,0.03913142249239679,0.0,0.0,0.18823529411764706
networkaeternity,5.0,0.5,2.0,0.23714661176397267,0.08609264251816567,0.2,0.023809523809523808,0.5,0.06922821857658656,0.03552506773842398,0.015873015873015872,0.006711409395973154,0.1888111888111888,0.10585903742863163,0.049818623048180216,0.16666666666666669,0.010471204188481676,0.2608695652173913
networkaeternity,5.0,0.5,3.0,0.28558580770909825,0.09982458507660802,0.3333333333333333,0.07142857142857142,0.5535714285714286,0.08362332540299723,0.04233306181085,0.020134228187919462,0.014285714285714285,0.2097902097902098,0.1278227935718483,0.05927413835676736,0.06666666666666667,0.023999999999999997,0.28985507246376807
networkaeternity,5.0,0.5,5.0,0.32284000457628936,0.10564920997512078,0.25,0.07142857142857142,0.5357142857142857,0.09415808374954966,0.04578428949250121,0.023809523809523808,0.015873015873015872,0.23776223776223776,0.14402771585163723,0.06377874953908128,0.05594405594405595,0.026666666666666665,0.3285024154589372
networkaeternity,5.0,0.75,0,0.11986742657698045,0.05813813483333798,0.0,0.0,0.49166666666666664,0.03488475256501955,0.019807840915108094,0.0,0.0,0.1092896174863388,0.053392863678342596,0.028562133240513446,0.0,0.0,0.16287094547964115
networkaeternity,5.0,0.75,0.1,0.1197082887090814,0.057966850684799634,0.0,0.0,0.5208333333333334,0.03478149640786601,0.019624081925632517,0.0,0.0,0.10655737704918032,0.053279100590340286,0.028427516063896742,0.0,0.0,0.17253278122843344
networkaeternity,5.0,0.75,0.25,0.13391662681474503,0.060838134669545685,0.125,0.0,0.5041666666666667,0.03884815722543419,0.02186346113257449,0.022727272727272728,0.0,0.12021857923497267,0.05947752145648009,0.03126054957917833,0.0,0.0,0.16858237547892718
networkaeternity,5.0,0.75,0.5,0.14751119287071904,0.06286916566920421,0.09090909090909091,0.0,0.4875,0.042866461884516094,0.022297672521381318,0.06382978723404255,0.0,0.10457516339869281,0.06566860310832191,0.03214134446389074,0.0,0.0,0.16149068322981366
networkaeternity,5.0,0.75,0.75,0.16598687096557796,0.06553504830524505,0.2,0.0,0.49583333333333335,0.04831228850526239,0.024932779250513536,0.0,0.0,0.13071895424836602,0.07393948670049043,0.035338033643606354,0.0,0.0,0.18536585365853656
networkaeternity,5.0,0.75,1.0,0.18099836896527896,0.0659476764345772,0.125,0.03488372093023256,0.5041666666666667,0.0523114944799363,0.026037402711347604,0.025,0.007518796992481203,0.136986301369863,0.08014505359512991,0.03667955487070875,0.030769230769230767,0.012987012987012986,0.1951219512195122
networkaeternity,5.0,0.75,2.0,0.24272370074479366,0.08656956588997827,0.16666666666666666,0.047619047619047616,0.5083333333333333,0.0708479100472857,0.03623139298592825,0.03333333333333333,0.008333333333333333,0.1888111888111888,0.1083367714804183,0.05077414750945955,0.04081632653061225,0.014388489208633093,0.2608695652173913
networkaeternity,5.0,0.75,3.0,0.2894901493795771,0.09986513997645746,0.16666666666666666,0.05263157894736842,0.5588235294117647,0.08434025440731212,0.042021996696201484,0.045454545454545456,0.008333333333333333,0.23076923076923078,0.1290276289119783,0.05883286629269116,0.04081632653061225,0.014388489208633093,0.3188405797101449
networkaeternity,5.0,0.75,5.0,0.3261896175391558,0.10609856192400176,0.3333333333333333,0.0625,0.5625,0.09496926884013325,0.04582405162826899,0.036036036036036036,0.015873015873015872,0.2517482517482518,0.1453146340637973,0.06388245594882526,0.05405405405405405,0.026490066225165563,0.34782608695652173
networkaeternity,5.0,1.0,0,0.1340665077497791,0.052179332655146266,0.14285714285714285,0.0,0.49166666666666664,0.03827381655960215,0.018102089570020945,0.015873015873015872,0.0,0.0979020979020979,0.0587912879083142,0.025900943179318424,0.028776978417266185,0.0,0.16287094547964115
networkaeternity,5.0,1.0,0.1,0.1364338913320696,0.05785224808522987,0.08333333333333333,0.0,0.49583333333333335,0.039578140040469355,0.02105864327028671,0.0,0.0,0.1284153005464481,0.060603750761904676,0.02999061958558255,0.0,0.0,0.18007662835249044
networkaeternity,5.0,1.0,0.25,0.14711048582917252,0.0577448441340417,0.125,0.0,0.5083333333333333,0.04237059089008555,0.021677512584202654,0.041666666666666664,0.0,0.12418300653594772,0.06494145375666595,0.03065526341476583,0.030769230769230767,0.0,0.17592592592592593
networkaeternity,5.0,1.0,0.5,0.16257494647384335,0.06129796079672955,0.2,0.0,0.4875,0.04721235443017932,0.024039160568660383,0.016666666666666666,0.0,0.11888111888111888,0.0722594253042308,0.033905033870460045,0.026666666666666665,0.0,0.16611295681063123
networkaeternity,5.0,1.0,0.75,0.1759726190782504,0.06898882845262937,0.16666666666666666,0.03571428571428571,0.5375,0.05060412303108942,0.025676064751364917,0.025,0.008130081300813009,0.13440860215053763,0.07759133193501082,0.03644327089732222,0.04301075268817204,0.013333333333333332,0.1893939393939394
networkaeternity,5.0,1.0,1.0,0.1932360366026742,0.07040235611389449,0.16666666666666666,0.041666666666666664,0.5458333333333333,0.05621684948003244,0.028114233915733266,0.016666666666666666,0.007518796992481203,0.13978494623655913,0.08604780659119214,0.039611588562794516,0.05517241379310345,0.012987012987012986,0.2
networkaeternity,5.0,1.0,2.0,0.243868242371172,0.08657441237080618,0.16666666666666666,0.05263157894736842,0.5125,0.07117151825364718,0.03616813584917279,0.025,0.008333333333333333,0.1881720430107527,0.10884457205380582,0.05073565618126055,0.06557377049180328,0.014388489208633093,0.26515151515151514
networkaeternity,5.0,1.0,3.0,0.2861581533049179,0.0982533124565127,0.14285714285714285,0.05263157894736842,0.5084745762711864,0.08357080047272515,0.04154040667467834,0.02702702702702703,0.008333333333333333,0.2097902097902098,0.1277869367909452,0.05808426278586983,0.05128205128205128,0.014388489208633093,0.29268292682926833
networkaeternity,5.0,1.0,5.0,0.3259426000816351,0.105145769862936,0.25,0.075,0.5588235294117647,0.09488474176739564,0.04532125054384077,0.05,0.014285714285714285,0.23076923076923078,0.14520871002956665,0.0631918914875552,0.04316546762589928,0.023999999999999997,0.3188405797101449
networkaeternity,5.0,2.0,0,0.16365022821301464,0.05926733344802481,0.10526315789473684,0.037383177570093455,0.44583333333333336,0.04689469995596501,0.022444120127852157,0.022727272727272728,0.009259259259259259,0.12,0.07199258179816345,0.03186744328574024,0.030769230769230767,0.016,0.1764705882352941
networkaeternity,5.0,2.0,0.1,0.1726733693995044,0.06462453084417112,0.125,0.02,0.4791666666666667,0.049964681787472966,0.02516107598736628,0.013422818791946308,0.006756756756756757,0.15384615384615385,0.07654332706714957,0.03549901749708218,0.04000000000000001,0.0101010101010101,0.21256038647342998
networkaeternity,5.0,2.0,0.25,0.17440692889963397,0.0653445243948201,0.25,0.041666666666666664,0.5083333333333333,0.05030634746678895,0.025258981678670606,0.025,0.008130081300813009,0.13986013986013987,0.07710978663267697,0.03569345095397748,0.030769230769230767,0.013605442176870748,0.1932367149758454
networkaeternity,5.0,2.0,0.5,0.1871570413710793,0.06682487975323179,0.16666666666666666,0.0,0.5458333333333333,0.054200490348556,0.027304816102761986,0.016666666666666666,0.0,0.16083916083916083,0.08301201157272949,0.03827868683390629,0.030769230769230767,0.0,0.2222222222222222
networkaeternity,5.0,2.0,0.75,0.19372385805048792,0.06887996703487886,0.125,0.044444444444444446,0.49583333333333335,0.056153228948713343,0.02849736927893811,0.03409090909090909,0.008333333333333333,0.17482517482517482,0.08598183760625148,0.03987666872304446,0.030769230769230767,0.014388489208633093,0.24154589371980678
networkaeternity,5.0,2.0,1.0,0.21044721351402496,0.07611537301191776,0.16666666666666666,0.03571428571428571,0.5041666666666667,0.061220824191074295,0.03167951050335856,0.015873015873015872,0.00819672131147541,0.17482517482517482,0.09366852232656132,0.04435511945802034,0.05405405405405406,0.013333333333333332,0.24154589371980678
networkaeternity,5.0,2.0,2.0,0.2569238321766007,0.08907959573888721,0.125,0.05263157894736842,0.5375,0.0745865028915829,0.03687456375247664,0.016666666666666666,0.008333333333333333,0.1958041958041958,0.114198534941161,0.05168653007333278,0.04081632653061225,0.014388489208633093,0.27053140096618356
networkaeternity,5.0,2.0,3.0,0.29375160007030304,0.09888898527445561,0.25,0.07142857142857142,0.5208333333333334,0.08556417510991904,0.04179234371964482,0.1111111111111111,0.015873015873015872,0.2097902097902098,0.1309256093822651,0.058466717472891505,0.05405405405405405,0.026666666666666665,0.28985507246376807
networkaeternity,5.0,2.0,5.0,0.3243699199114882,0.10868594848437457,0.16666666666666666,0.075,0.5555555555555556,0.09483767479920006,0.04665211621773536,0.056818181818181816,0.014285714285714285,0.24475524475524477,0.14502999403848582,0.06526781104123752,0.1340782122905028,0.023999999999999997,0.33816425120772947
networkaeternity,5.0,3.0,0,0.17874926874106453,0.06717341783971349,0.16666666666666666,0.05,0.5166666666666667,0.05145455653087828,0.026278082150281476,0.025,0.009523809523809525,0.1568627450980392,0.07887400442928708,0.036996111077832815,0.030769230769230767,0.016,0.2222222222222222
networkaeternity,5.0,3.0,0.1,0.1823496889164261,0.06786248102590559,0.16666666666666666,0.0,0.5041666666666667,0.05214388987203033,0.025538959459772043,0.045454545454545456,0.0,0.13286713286713286,0.08005396620420477,0.0362055843955604,0.05017921146953406,0.0,0.18357487922705315
networkaeternity,5.0,3.0,0.25,0.18661315355143906,0.06721205531250274,0.16666666666666666,0.057803468208092484,0.4791666666666667,0.053660490865851194,0.026036227112460862,0.016666666666666666,0.012121212121212121,0.144,0.08231669248817844,0.03684980942428547,0.028776978417266185,0.020512820512820513,0.2117647058823529
networkaeternity,5.0,3.0,0.5,0.19724948542427542,0.07295324934580354,0.16666666666666666,0.046511627906976744,0.5125,0.057003652324595,0.02868537998001298,0.023809523809523808,0.008333333333333333,0.16783216783216784,0.08735565882904398,0.040569548399973544,0.026666666666666665,0.014388489208633093,0.23188405797101452
networkaeternity,5.0,3.0,0.75,0.20712291921267417,0.07596025450230855,0.125,0.03571428571428571,0.5125,0.060048576412840914,0.03047089448291303,0.016666666666666666,0.00819672131147541,0.18181818181818182,0.09195594981949459,0.042930958976529446,0.030769230769230767,0.013333333333333332,0.25120772946859904
networkaeternity,5.0,3.0,1.0,0.2176971976713943,0.07681324939564918,0.2,0.05,0.5166666666666667,0.06302619017636715,0.030876440302509165,0.014285714285714285,0.008333333333333333,0.18181818181818182,0.09653547616405432,0.0433641309897345,0.07692307692307693,0.014388489208633093,0.25120772946859904
networkaeternity,5.0,3.0,2.0,0.2574239294294885,0.09216912722041481,0.2727272727272727,0.05263157894736842,0.5041666666666667,0.0748611444116751,0.037737565823646346,0.025,0.008333333333333333,0.1958041958041958,0.11456008552614624,0.05303701052133348,0.027972027972027975,0.014388489208633093,0.2727272727272727
networkaeternity,5.0,3.0,3.0,0.2909644502799457,0.10019489170363327,0.16666666666666666,0.0,0.5238095238095238,0.08485800597519362,0.04171050801792806,0.023809523809523808,0.0,0.2097902097902098,0.12982543271394395,0.05858270886213469,0.15384615384615385,0.0,0.28985507246376807
networkaeternity,5.0,3.0,5.0,0.325451909202681,0.10692069895558143,0.2,0.05,0.5714285714285714,0.09465438861858921,0.045295247679155534,0.023809523809523808,0.009523809523809525,0.23076923076923078,0.14487838108976267,0.06335810380442328,0.061538461538461535,0.016,0.3188405797101449
networkaeternity,5.0,5.0,0,0.18589143197863173,0.07140701312579659,0.16666666666666666,0.03571428571428571,0.5291666666666667,0.05350395574124564,0.027334658026299495,0.015873015873015872,0.00819672131147541,0.15384615384615385,0.08204936855492688,0.038746574340801754,0.06666666666666667,0.013333333333333332,0.21256038647342998
networkaeternity,5.0,5.0,0.1,0.18886655503261818,0.07021516485278599,0.10526315789473684,0.044444444444444446,0.4708333333333333,0.054251673307473464,0.027157452808442523,0.0784313725490196,0.00804289544235925,0.14685314685314685,0.08323682823342919,0.038414822276460245,0.027972027972027975,0.013636363636363637,0.21132075471698117
networkaeternity,5.0,5.0,0.25,0.19049832376849624,0.07460239660543219,0.16666666666666666,0.03731343283582089,0.5208333333333334,0.05491434066874771,0.028572510871666363,0.04878048780487805,0.006702412868632708,0.13986013986013987,0.08419514459821598,0.04057467208921247,0.030769230769230767,0.011363636363636366,0.2
networkaeternity,5.0,5.0,0.5,0.20163146055752215,0.07734192118558049,0.125,0.044444444444444446,0.5125,0.05829247087892993,0.03038240730826906,0.015873015873015872,0.012064343163538873,0.15,0.08932587143818765,0.04293959954173087,0.030769230769230767,0.020454545454545454,0.2196969696969697
networkaeternity,5.0,5.0,0.75,0.20622150111314697,0.07890459209869771,0.16666666666666666,0.022222222222222223,0.5,0.05958347872308051,0.030305835476640456,0.025,0.007936507936507936,0.16,0.09133925421606211,0.04305156281953601,0.04000000000000001,0.011695906432748537,0.23529411764705882
networkaeternity,5.0,5.0,1.0,0.21259136107133983,0.08050562815902593,0.2,0.03571428571428571,0.5458333333333333,0.06155198745072891,0.03148597556541661,0.016666666666666666,0.00819672131147541,0.16783216783216784,0.09432628969971843,0.044643359538684174,0.06666666666666667,0.013333333333333332,0.23529411764705882
networkaeternity,5.0,5.0,2.0,0.24229469977728568,0.09047925185222694,0.16666666666666666,0.03571428571428571,0.5125,0.07043601536876662,0.03624711802834536,0.016666666666666666,0.00819672131147541,0.1881720430107527,0.10784943362013316,0.05124189040643666,0.027972027972027975,0.013333333333333332,0.26515151515151514
networkaeternity,5.0,5.0,3.0,0.26652031291377004,0.09721871084787186,0.16666666666666666,0.03571428571428571,0.5416666666666666,0.07733811740581163,0.03855255233582817,0.041666666666666664,0.00819672131147541,0.1958041958041958,0.11846436754881186,0.054592539194882966,0.07352941176470588,0.013333333333333332,0.27053140096618356
networkaeternity,5.0,5.0,5.0,0.30919255242130633,0.10712102352834202,0.3333333333333333,0.05,0.5507246376811594,0.09018775520671585,0.04458012930319961,0.041666666666666664,0.009523809523809525,0.22377622377622378,0.13800008038930697,0.06269641217460332,0.03508771929824561,0.016,0.30917874396135264
