dataset,decay_factor,alpha,beta,mean_precision,std_precision,mode_precision,min_precision,max_precision,mean_recall,std_recall,mode_recall,min_recall,max_recall,mean_f1,std_f1,mode_f1,min_f1,max_f1
networkaragon,0,0,0.1,0.04130170086448351,0.031166954788508828,0.0,0.0,0.15037593984962405,0.007892219122254822,0.007838382917046038,0.0,0.0,0.06546644844517185,0.013047104745498458,0.011937567210239588,0.0,0.0,0.09122006841505131
networkaragon,0,0,0.25,0.04452001655891872,0.033730575707041424,0.0,0.0,0.16666666666666666,0.008551086169927955,0.008461056071897467,0.0,0.0,0.061046511627906974,0.014130924819442161,0.012931982925654815,0.0,0.0,0.08936170212765956
networkaragon,0,0,0.5,0.04602737776030803,0.0340133676399866,0.0,0.0,0.14634146341463414,0.008706810699934429,0.008458927025064391,0.0,0.0,0.062193126022913256,0.014418002241128805,0.01286077443798051,0.0,0.0,0.08665906499429873
networkaragon,0,0,0.75,0.05419205925962227,0.0347987124174675,0.0,0.0,0.15555555555555556,0.010174058674868038,0.008601862649840458,0.0,0.0,0.054009819967266774,0.01688436720865545,0.013160240296158403,0.0,0.0,0.07659574468085106
networkaragon,0,0,1.0,0.058972272992284344,0.03976331371385235,0.0,0.0,0.2631578947368421,0.010990232218299359,0.00915674730063363,0.0,0.0,0.062193126022913256,0.0182685862771209,0.014233725011072404,0.0,0.0,0.08665906499429873
networkaragon,0,0,2.0,0.10782591350706398,0.0572251741366601,0.0,0.0,0.3157894736842105,0.019362981264157215,0.011859485773072899,0.0,0.0,0.078125,0.03244844808749398,0.01877232439903839,0.0,0.0,0.125
networkaragon,0,0,3.0,0.18046915622401632,0.0715336981050569,0.25,0.045454545454545456,0.4375,0.031217259226633855,0.01343685055043154,0.041666666666666664,0.005917159763313609,0.08695652173913043,0.0526403817839423,0.021484510044190105,0.049586776859504134,0.010471204188481674,0.14035087719298245
networkaragon,0,0,5.0,0.23401813499268545,0.08978608914247563,0.16666666666666666,0.08653846153846154,0.7142857142857143,0.040074960137579246,0.015286414124372977,0.029850746268656716,0.008849557522123894,0.109375,0.0677036424991279,0.02475649370699758,0.0625,0.016551724137931035,0.175
networkaragon,0,0.1,0,0.04286498155534332,0.03497958118186277,0.0,0.0,0.15384615384615385,0.00824246622316547,0.00857955953579286,0.0,0.0,0.06546644844517185,0.013608897567076433,0.013168138614996197,0.0,0.0,0.09122006841505131
networkaragon,0,0.1,0.1,0.0419510991917581,0.03329704032485516,0.0,0.0,0.16574585635359115,0.008046254428103746,0.008006078191687718,0.0,0.0,0.06912442396313365,0.013320929986548128,0.012397172325279112,0.0,0.0,0.0975609756097561
networkaragon,0,0.1,0.25,0.044296675058194394,0.03380010961038139,0.0,0.0,0.15384615384615385,0.008479783361939656,0.008133052253889245,0.0,0.0,0.05991735537190083,0.014030228896572195,0.012568708875784769,0.0,0.0,0.0838150289017341
networkaragon,0,0.1,0.5,0.04758272512441705,0.036290576688313224,0.0,0.0,0.17293233082706766,0.008846932910526375,0.008466186410135084,0.0,0.0,0.07528641571194762,0.014689829476745863,0.012958746055297784,0.0,0.0,0.10490307867730901
networkaragon,0,0.1,0.75,0.05223838470221004,0.0372306594383605,0.0,0.0,0.25,0.009762010693974746,0.008663361689133089,0.0,0.0,0.06682027649769585,0.016206615572741594,0.013391835746024528,0.0,0.0,0.09430894308943089
networkaragon,0,0.1,1.0,0.06385970068639889,0.041543928175138384,0.0,0.0,0.2857142857142857,0.01176601801189181,0.009262119248336587,0.0,0.0,0.06611570247933884,0.01957174213951384,0.014337469823366143,0.0,0.0,0.09248554913294797
networkaragon,0,0.1,2.0,0.11997206803042619,0.054539321051961985,0.14285714285714285,0.0,0.3333333333333333,0.021374853502057218,0.011769905322806572,0.01282051282051282,0.0,0.07201309328968904,0.03583964309077343,0.01845872995794112,0.018779342723004695,0.0,0.10344827586206896
networkaragon,0,0.1,3.0,0.18333563458598143,0.06929958974246228,0.25,0.058823529411764705,0.42857142857142855,0.0316628226973306,0.0129055167728936,0.02127659574468085,0.00819672131147541,0.09375,0.0534095178431408,0.020676933478370067,0.04444444444444444,0.014447884416924664,0.15
networkaragon,0,0.1,5.0,0.233013580780167,0.0873263041470173,0.25,0.06722689075630252,0.7142857142857143,0.039978211937979624,0.015388208413266144,0.030303030303030304,0.011799410029498525,0.109375,0.06751430684567548,0.024773024703814116,0.0975609756097561,0.02197802197802198,0.175
networkaragon,0,0.25,0,0.04299295880232574,0.03807591450542105,0.0,0.0,0.23809523809523808,0.008272967184034434,0.008763464394580518,0.0,0.0,0.06382978723404255,0.013674814286628416,0.013646552843861449,0.0,0.0,0.08893956670467501
networkaragon,0,0.25,0.1,0.04505812863003445,0.036968169256542276,0.0,0.0,0.21052631578947367,0.008567552525242692,0.00851914407892078,0.0,0.0,0.06221198156682028,0.014192893930141195,0.013260471288635434,0.0,0.0,0.08780487804878048
networkaragon,0,0.25,0.25,0.04554011682043509,0.03497110917907832,0.0,0.0,0.16666666666666666,0.008612229611380761,0.008649052377111627,0.0,0.0,0.06451612903225806,0.014259612988781327,0.01326765203180964,0.0,0.0,0.09105691056910568
networkaragon,0,0.25,0.5,0.052229627106867,0.03570229087022755,0.0,0.0,0.21052631578947367,0.009918550670640677,0.008780771157714189,0.0,0.0,0.060556464811783964,0.01643146837167974,0.013490854768351022,0.0,0.0,0.08437856328392246
networkaragon,0,0.25,0.75,0.06277637576106981,0.041906632962973686,0.0,0.0,0.20689655172413793,0.011693923681125653,0.009719021712338316,0.0,0.0,0.07142857142857142,0.019451036220716002,0.015116095658001986,0.0,0.0,0.10081300813008129
networkaragon,0,0.25,1.0,0.07581405563801175,0.04433346877887456,0.0,0.0,0.2857142857142857,0.013903290990300984,0.010159081521742086,0.0,0.0,0.06611570247933884,0.02316476571254936,0.015717345291619746,0.0,0.0,0.09248554913294797
networkaragon,0,0.25,2.0,0.13191173733683076,0.057100797358463816,0.1,0.0,0.38461538461538464,0.023232538429055337,0.011489676091817539,0.01694915254237288,0.0,0.07364975450081833,0.03905642220216971,0.018236582531559353,0.0,0.0,0.10262257696693272
networkaragon,0,0.25,3.0,0.18588473311551054,0.06901183778420339,0.14285714285714285,0.06422018348623854,0.42857142857142855,0.032206546867748195,0.013248249883320325,0.05555555555555555,0.010273972602739725,0.078125,0.05428276589039486,0.020994822541344167,0.03592814371257485,0.018691588785046728,0.125
networkaragon,0,0.25,5.0,0.23810296273350265,0.09244137754057936,0.25,0.058823529411764705,0.7142857142857143,0.040838126959732754,0.016160806634780308,0.030303030303030304,0.01032448377581121,0.109375,0.06896783112279896,0.026114807492900797,0.0784313725490196,0.019230769230769232,0.17777777777777778
networkaragon,0,0.5,0,0.0488577987368489,0.03730903048909705,0.0,0.0,0.2222222222222222,0.009149199538275823,0.008432638707084116,0.0,0.0,0.06451612903225806,0.015182700619723596,0.01315374237849708,0.0,0.0,0.09105691056910568
networkaragon,0,0.5,0.1,0.053091227381425396,0.03536388891612925,0.0,0.0,0.25,0.010005027429419496,0.008341320834215757,0.0,0.0,0.058919803600654665,0.01660818675069795,0.012890533835587465,0.0,0.0,0.08209806157354618
networkaragon,0,0.5,0.25,0.05537027033406784,0.03894735438850091,0.0,0.0,0.21052631578947367,0.010483003423881442,0.009656497320522076,0.0,0.0,0.07364975450081833,0.01735960920796521,0.014767122870659611,0.0,0.0,0.10262257696693272
networkaragon,0,0.5,0.5,0.062493597921995124,0.03845465042581003,0.0,0.0,0.2222222222222222,0.011610432118239254,0.00917862458324395,0.0,0.0,0.06220095693779904,0.019308861326823322,0.01417576699301065,0.0,0.0,0.08873720136518772
networkaragon,0,0.5,0.75,0.07804172541340769,0.040136573203332915,0.0,0.0,0.23076923076923078,0.014011039575905845,0.009031856100005337,0.0,0.0,0.07142857142857142,0.02345646777154679,0.01404545907815031,0.0,0.0,0.10081300813008129
networkaragon,0,0.5,1.0,0.08923232161116502,0.04632238034489147,0.0,0.0,0.25806451612903225,0.016075479404808312,0.01004234757023675,0.0,0.0,0.062193126022913256,0.026906073340092013,0.015798427427225873,0.0,0.0,0.08955223880597014
networkaragon,0,0.5,2.0,0.14866968896148872,0.061850731755625096,0.125,0.043478260869565216,0.4166666666666667,0.026008628337573756,0.012352545554219978,0.024630541871921183,0.005813953488372093,0.07834101382488479,0.04375762548171077,0.019552392370791944,0.03508771929824561,0.010526315789473684,0.125
networkaragon,0,0.5,3.0,0.19650379888568828,0.078339235724948,0.14285714285714285,0.06722689075630252,0.5833333333333334,0.03398863310569807,0.014455721096194665,0.02564102564102564,0.009881422924901186,0.09375,0.05731002520647715,0.023210018372806937,0.06896551724137931,0.01773049645390071,0.15555555555555556
networkaragon,0,0.5,5.0,0.2320764763343015,0.08579796492521377,0.25,0.0880503144654088,0.7142857142857143,0.03975256354597404,0.01491337753187148,0.043478260869565216,0.014749262536873156,0.109375,0.06714469862172609,0.02397342530937963,0.08333333333333334,0.026373626373626374,0.175
networkaragon,0,0.75,0,0.06102454866239597,0.03703449710955604,0.0,0.0,0.21875,0.011321521676278586,0.008747866545499618,0.0,0.0,0.055299539170506916,0.018844105257762048,0.013563598280088343,0.0,0.0,0.07804878048780488
networkaragon,0,0.75,0.1,0.0642535834565494,0.03643468429355415,0.0,0.0,0.2222222222222222,0.011874332557709042,0.008675080635818606,0.0,0.0,0.0576036866359447,0.0197808748720832,0.01347888098950484,0.0,0.0,0.08130081300813008
networkaragon,0,0.75,0.25,0.07021290786875448,0.037526582461725105,0.0,0.0,0.19047619047619047,0.012769819817110152,0.008733145436030883,0.0,0.0,0.06710310965630115,0.021318464532665896,0.013510692886643501,0.0,0.0,0.09350057012542759
networkaragon,0,0.75,0.5,0.07997360006021846,0.03927374943957667,0.058823529411764705,0.0,0.2777777777777778,0.014649355566773875,0.009552173406589422,0.0,0.0,0.06710310965630115,0.024443170847717646,0.014697261738722477,0.0,0.0,0.09350057012542759
networkaragon,0,0.75,0.75,0.09482755657486741,0.04434628956581954,0.1,0.0,0.2857142857142857,0.01705370831143799,0.009669109596664935,0.0,0.0,0.05785123966942149,0.028566908807506654,0.015254055922935175,0.0,0.0,0.08092485549132948
networkaragon,0,0.75,1.0,0.10363378318658582,0.04481171434962064,0.1,0.0,0.2777777777777778,0.018281530968149787,0.009487248947035365,0.014492753623188406,0.0,0.06221198156682028,0.03069012701002674,0.014818129073659043,0.0,0.0,0.0900900900900901
networkaragon,0,0.75,2.0,0.15460882307598642,0.060171401821269115,0.16666666666666666,0.05128205128205128,0.4,0.026904248465310733,0.011742128724854424,0.017045454545454544,0.007751937984496124,0.07291666666666667,0.04532092331153689,0.018734838770773417,0.029197080291970802,0.013999999999999999,0.11965811965811966
networkaragon,0,0.75,3.0,0.1955618912658451,0.08371673354973559,0.14285714285714285,0.057692307692307696,0.5714285714285714,0.03368355283835284,0.014963460214513941,0.02564102564102564,0.011857707509881422,0.109375,0.05681586747498303,0.02410269355149857,0.06896551724137931,0.021015761821366025,0.175
networkaragon,0,0.75,5.0,0.23390099101983594,0.08780157081442883,0.2,0.08176100628930817,0.5833333333333334,0.040074704006845346,0.015229970308722465,0.043478260869565216,0.01032448377581121,0.0967741935483871,0.06768965967393442,0.024573889055417075,0.03846153846153846,0.019310344827586205,0.16216216216216214
networkaragon,0,1.0,0,0.07459034521548051,0.03897335060207738,0.0,0.0,0.2857142857142857,0.013538502369843478,0.00892214081065862,0.0,0.0,0.06818181818181818,0.022601518405066787,0.013790021060520715,0.0,0.0,0.0953757225433526
networkaragon,0,1.0,0.1,0.07810940507041708,0.035156256274655434,0.0,0.0,0.1875,0.01420479410995825,0.008670639896242388,0.0,0.0,0.06451612903225806,0.023723828718352283,0.013240359372079258,0.0,0.0,0.09105691056910568
networkaragon,0,1.0,0.25,0.08073667000487261,0.03811258778944967,0.0,0.0,0.2,0.01464561270110213,0.009066893711409544,0.0,0.0,0.06221198156682028,0.024474060369732348,0.013996169494320771,0.0,0.0,0.08780487804878048
networkaragon,0,1.0,0.5,0.09246372103392202,0.03978803813194347,0.125,0.0,0.3333333333333333,0.01669606659471491,0.009726299613769238,0.009009009009009009,0.0,0.07855973813420622,0.027914348359426022,0.014826799895176095,0.0,0.0,0.10946408209806156
networkaragon,0,1.0,0.75,0.1041832672995039,0.04546844881739828,0.14285714285714285,0.02531645569620253,0.38461538461538464,0.018341751721399614,0.0094784645464204,0.01694915254237288,0.003669724770642202,0.06682027649769585,0.030803260681640035,0.014836112173877515,0.015748031496062992,0.006578947368421053,0.09821428571428571
networkaragon,0,1.0,1.0,0.1122572859623458,0.04257834903982941,0.1,0.0,0.3333333333333333,0.019869722259139064,0.009283412410451927,0.011363636363636364,0.0,0.06912442396313365,0.033351081528222554,0.014288454527848014,0.0,0.0,0.0975609756097561
networkaragon,0,1.0,2.0,0.1553254988302811,0.06078792964525918,0.14285714285714285,0.05555555555555555,0.36,0.026729372476320522,0.011130731027808715,0.023255813953488372,0.00936768149882904,0.06395348837209303,0.04508213201554359,0.017700649636276426,0.03508771929824561,0.01651186790505676,0.10434782608695652
networkaragon,0,1.0,3.0,0.19339651803170146,0.07597571609662948,0.2,0.05555555555555555,0.5,0.03314005140471096,0.013350658691052179,0.0625,0.008849557522123894,0.09375,0.05596885739289495,0.02156675828846761,0.05263157894736842,0.016551724137931035,0.15
networkaragon,0,1.0,5.0,0.236859622061435,0.0915000426817441,0.3333333333333333,0.06722689075630252,0.7142857142857143,0.04053905790470781,0.015713587172172572,0.034482758620689655,0.008849557522123894,0.1267605633802817,0.06847832674351195,0.025380132682860653,0.0821917808219178,0.016551724137931035,0.20689655172413793
networkaragon,0,2.0,0,0.10734923090516268,0.04733776119185139,0.09090909090909091,0.024691358024691357,0.3076923076923077,0.0185986989326549,0.008929606521291456,0.013986013986013986,0.0036363636363636364,0.05813953488372093,0.03132043572831312,0.01420256424399498,0.017241379310344827,0.006339144215530904,0.08849557522123895
networkaragon,0,2.0,0.1,0.10853769634900112,0.04516651981908608,0.1,0.027777777777777776,0.3125,0.01885958354536803,0.00889086685729212,0.02127659574468085,0.003952569169960474,0.07042253521126761,0.031757505886232884,0.014072964087152036,0.0392156862745098,0.007092198581560283,0.11494252873563218
networkaragon,0,2.0,0.25,0.11488612461494498,0.05054849888665055,0.1111111111111111,0.024691358024691357,0.3333333333333333,0.019846771568085127,0.009256660294214429,0.013986013986013986,0.0036363636363636364,0.0625,0.03344215384282963,0.014741850375693076,0.029411764705882356,0.006339144215530904,0.1
networkaragon,0,2.0,0.5,0.11775259567473599,0.04936666560948468,0.1,0.03333333333333333,0.3076923076923077,0.02048662800861007,0.009764934405463697,0.02127659574468085,0.005928853754940711,0.0625,0.034475008683092195,0.015394158089011458,0.02531645569620253,0.010638297872340425,0.10256410256410256
networkaragon,0,2.0,0.75,0.12846841193102995,0.058598284673233574,0.1,0.03636363636363636,0.35714285714285715,0.022195133394181478,0.010729194404310883,0.02127659574468085,0.005928853754940711,0.060556464811783964,0.03740969505056814,0.017239709440819265,0.016,0.010638297872340425,0.09467455621301774
networkaragon,0,2.0,1.0,0.1313090735114675,0.05356695054562328,0.1111111111111111,0.038461538461538464,0.35714285714285715,0.022717521389069514,0.009996319757397605,0.019704433497536946,0.005537098560354375,0.078125,0.03828750247221233,0.015951333034627677,0.037037037037037035,0.01,0.125
networkaragon,0,2.0,2.0,0.1601299523401445,0.06388355535667418,0.2,0.05384615384615385,0.4166666666666667,0.027626830959594093,0.011745902120889747,0.018018018018018018,0.007374631268436578,0.08333333333333333,0.046599277154721466,0.0188493912126168,0.05245901639344262,0.013793103448275862,0.13675213675213677
networkaragon,0,2.0,3.0,0.1926131148710993,0.07831055577358566,0.2,0.072,0.5714285714285714,0.03316494352068155,0.013976158847596502,0.022222222222222223,0.009881422924901186,0.09090909090909091,0.05596086116010333,0.022552918163851618,0.041666666666666664,0.01773049645390071,0.1492537313432836
networkaragon,0,2.0,5.0,0.23690024301495566,0.08927842119229192,0.2,0.07563025210084033,0.7142857142857143,0.04046022536359004,0.01524068203340724,0.0625,0.011799410029498525,0.125,0.0683802333869059,0.024660426856906385,0.04716981132075472,0.022068965517241378,0.2
networkaragon,0,3.0,0,0.11969897735606094,0.05134032412440996,0.09090909090909091,0.034482758620689655,0.3333333333333333,0.02068049980975378,0.00942369067847884,0.015151515151515152,0.003952569169960474,0.056179775280898875,0.034864481354730956,0.015148027920662997,0.02631578947368421,0.007092198581560283,0.09523809523809525
networkaragon,0,3.0,0.1,0.12212479450524912,0.055012266281854835,0.125,0.034482758620689655,0.3333333333333333,0.020878110974675863,0.009607852816735386,0.03125,0.003952569169960474,0.05813953488372093,0.03524749990612197,0.015508178054961625,0.019138755980861243,0.007092198581560283,0.09615384615384615
networkaragon,0,3.0,0.25,0.12340682846267047,0.0505040060568535,0.1,0.024,0.3333333333333333,0.02130412442216434,0.009411713875336925,0.02127659574468085,0.003952569169960474,0.056338028169014086,0.035911448579537125,0.01498462264638285,0.023622047244094488,0.007092198581560283,0.09615384615384615
networkaragon,0,3.0,0.5,0.1313796510248304,0.05840463174034939,0.125,0.038834951456310676,0.4166666666666667,0.02251980260416293,0.010259028783616909,0.02127659574468085,0.0058309037900874635,0.07526881720430108,0.03802228462807939,0.01669068868210827,0.021052631578947368,0.010139416983523447,0.12612612612612611
networkaragon,0,3.0,0.75,0.13493845597006937,0.058809932082261415,0.14285714285714285,0.03361344537815126,0.4,0.023130568876077482,0.010298873383055154,0.017241379310344827,0.005928853754940711,0.07526881720430108,0.03903687690487463,0.01661937246756191,0.026315789473684213,0.010638297872340425,0.12612612612612611
networkaragon,0,3.0,1.0,0.1401930381393238,0.06052067038742659,0.14285714285714285,0.045454545454545456,0.4166666666666667,0.024136748012527826,0.010912107983816609,0.017857142857142856,0.0058997050147492625,0.06796116504854369,0.0407362341257993,0.017752426965731503,0.04878048780487805,0.010638297872340425,0.11199999999999999
networkaragon,0,3.0,2.0,0.16481495559625914,0.07370983698258184,0.2,0.05,0.5,0.02833397392518568,0.013031966205623,0.02564102564102564,0.007905138339920948,0.08602150537634409,0.04780825786605634,0.021149261520063016,0.037037037037037035,0.014184397163120565,0.14414414414414414
networkaragon,0,3.0,3.0,0.18540385693214906,0.07150056686437578,0.16666666666666666,0.05042016806722689,0.5,0.032016575822661784,0.01329089568410699,0.02127659574468085,0.007374631268436578,0.08602150537634409,0.05399113776999405,0.021228679112699683,0.03397027600849257,0.013793103448275862,0.14414414414414414
networkaragon,0,3.0,5.0,0.23374735061330992,0.08757767088212887,0.2,0.0670391061452514,0.7142857142857143,0.040083759726904575,0.015384403970901468,0.030303030303030304,0.01032448377581121,0.109375,0.06769494071266954,0.024753252427352813,0.0975609756097561,0.019310344827586205,0.175
networkaragon,0,5.0,0,0.12893867712611382,0.0607799459303468,0.1111111111111111,0.03333333333333333,0.38095238095238093,0.021862339428437176,0.009941658752969585,0.023255813953488372,0.006349206349206349,0.06363636363636363,0.036970490656292584,0.016326579825934648,0.03257328990228013,0.010666666666666668,0.10447761194029849
networkaragon,0,5.0,0.1,0.13172845901343555,0.06263321754948911,0.1,0.031055900621118012,0.4,0.02232813328713155,0.010134375934313931,0.01694915254237288,0.003952569169960474,0.06451612903225806,0.03776649715530585,0.016674164236264864,0.03508771929824561,0.007092198581560283,0.1081081081081081
networkaragon,0,5.0,0.25,0.13307801315860537,0.06290103282028783,0.14285714285714285,0.024691358024691357,0.4166666666666667,0.02247628083744004,0.010190482480284284,0.023255813953488372,0.0036363636363636364,0.07042253521126761,0.0380533617214402,0.016875352229015157,0.04878048780487805,0.006339144215530904,0.11494252873563218
networkaragon,0,5.0,0.5,0.13583543457848918,0.06286858229352621,0.125,0.034482758620689655,0.4,0.023202378151164327,0.01082373548984818,0.010309278350515464,0.003952569169960474,0.07042253521126761,0.03918397818958009,0.01755768877020637,0.03125000000000001,0.007092198581560283,0.11494252873563218
networkaragon,0,5.0,0.75,0.14028304040350406,0.0696605259236714,0.125,0.0335195530726257,0.42857142857142855,0.023664226674700285,0.010889795825042878,0.014925373134328358,0.00585480093676815,0.0641025641025641,0.04004997034819626,0.018030718568956182,0.0392156862745098,0.010319917440660476,0.1111111111111111
networkaragon,0,5.0,1.0,0.1424021678111946,0.06853714027982538,0.14285714285714285,0.04395604395604396,0.4444444444444444,0.02431369946326275,0.011549473768854538,0.02127659574468085,0.005928853754940711,0.07526881720430108,0.04106481055842843,0.01887492170163624,0.03257328990228013,0.010638297872340425,0.12612612612612611
networkaragon,0,5.0,2.0,0.1570851545639766,0.07657873722637672,0.14285714285714285,0.045454545454545456,0.5714285714285714,0.026761612323547707,0.012448986224364982,0.02127659574468085,0.005928853754940711,0.07526881720430108,0.04521704032557763,0.020449171885520874,0.03257328990228013,0.010638297872340425,0.12612612612612611
networkaragon,0,5.0,3.0,0.17202970728152472,0.07880507443570682,0.14285714285714285,0.02912621359223301,0.5,0.02933660719895865,0.013247379767103648,0.02356020942408377,0.004373177842565598,0.078125,0.049574339974496937,0.021702275533744486,0.047058823529411764,0.007604562737642586,0.12612612612612611
networkaragon,0,5.0,5.0,0.20414959711880953,0.08761390628510758,0.16666666666666666,0.04201680672268908,0.5714285714285714,0.03496325269326807,0.014998877094459025,0.022727272727272728,0.008210180623973728,0.0898876404494382,0.05903645241003622,0.02434955067481115,0.032786885245901634,0.013736263736263736,0.15384615384615383
networkaragon,0.1,0,0,0.08539760842767233,0.05310797406682918,0.0,0.0,0.30386740331491713,0.016393629068570864,0.015181934446724586,0.0,0.0,0.12672811059907835,0.027083505345882254,0.022718057933649862,0.0,0.0,0.17886178861788618
networkaragon,0.1,0,0.1,0.0934421252721907,0.0502846115216606,0.0,0.0,0.36464088397790057,0.01780042611245039,0.014973103246913326,0.0,0.0,0.15207373271889402,0.02945735978683725,0.0222559942258962,0.0,0.0,0.2146341463414634
networkaragon,0.1,0,0.25,0.09428331766788213,0.05066497876813603,0.0,0.0,0.292817679558011,0.018060085808417232,0.015179904163107613,0.0,0.0,0.12211981566820276,0.029871463930292944,0.022550799877305776,0.0,0.0,0.17235772357723575
networkaragon,0.1,0,0.5,0.10579155742697985,0.055625203453183315,0.0,0.0,0.3,0.019780681042475746,0.015371911102334636,0.0,0.0,0.12211981566820276,0.03283437404016182,0.023029264824294602,0.0,0.0,0.17235772357723575
networkaragon,0.1,0,0.75,0.12668582019540003,0.06084117092603288,0.125,0.0,0.3370165745856354,0.023430820286788674,0.016263320452088968,0.0,0.0,0.14055299539170507,0.039011001787924576,0.02456989644676578,0.0,0.0,0.1983739837398374
networkaragon,0.1,0,1.0,0.14109011328161358,0.061598287070321625,0.16666666666666666,0.0,0.42857142857142855,0.025787314887911,0.015561497078532303,0.0,0.0,0.11292962356792144,0.04302681596449767,0.02355705309390784,0.0,0.0,0.1573546180159635
networkaragon,0.1,0,2.0,0.19714052163266232,0.0732119323145731,0.14285714285714285,0.0,0.5,0.03495675215703923,0.0164617879251748,0.043478260869565216,0.0,0.1115702479338843,0.05866406779979594,0.025308310647439995,0.05785123966942148,0.0,0.15606936416184972
networkaragon,0.1,0,3.0,0.22837373996171445,0.08201268286215865,0.3333333333333333,0.043859649122807015,0.5714285714285714,0.03983928777803894,0.017118230832414417,0.03125,0.010438413361169102,0.11947626841243862,0.06701890290685171,0.026376849989664376,0.0975609756097561,0.016863406408094434,0.175
networkaragon,0.1,0,5.0,0.2422283137889637,0.08233924813556386,0.2,0.061452513966480445,0.5555555555555556,0.042194038335000766,0.017139302353252908,0.034482758620689655,0.012181616832779624,0.109375,0.07102199282545105,0.026487201499048825,0.0625,0.022000000000000002,0.17600000000000002
networkaragon,0.1,0.1,0,0.08943926429281873,0.05517332912549482,0.0,0.0,0.3756906077348066,0.017008869457603455,0.015407701261244598,0.0,0.0,0.15668202764976957,0.028145428700969533,0.02308427366341953,0.0,0.0,0.22113821138211384
networkaragon,0.1,0.1,0.1,0.09286196291282692,0.05360594678438315,0.0,0.0,0.3149171270718232,0.017628806535664728,0.015047229098583654,0.0,0.0,0.1313364055299539,0.029187608560174248,0.02254406043127252,0.0,0.0,0.18536585365853658
networkaragon,0.1,0.1,0.25,0.1051271291477437,0.05663022437841095,0.0,0.0,0.32044198895027626,0.019866600478388233,0.015812082197288156,0.0,0.0,0.1336405529953917,0.03295246701552678,0.0237962856246801,0.0,0.0,0.18861788617886177
networkaragon,0.1,0.1,0.5,0.11177718284709025,0.057428210816833816,0.125,0.0,0.3173076923076923,0.020978699302427746,0.01642107103384074,0.0,0.0,0.13636363636363635,0.034808281837727606,0.0245328063304918,0.0,0.0,0.1907514450867052
networkaragon,0.1,0.1,0.75,0.13224330855041036,0.06096412791569795,0.1111111111111111,0.0,0.375,0.024273971630691005,0.016024346505763815,0.0,0.0,0.12672811059907835,0.04046091247362754,0.024243499937456274,0.0,0.0,0.17886178861788618
networkaragon,0.1,0.1,1.0,0.1450703810037236,0.06326511574916481,0.125,0.0,0.42857142857142855,0.02649298906154945,0.01616595432915441,0.0,0.0,0.11290322580645161,0.04419991533920638,0.024459671855842486,0.03125,0.0,0.15934959349593494
networkaragon,0.1,0.1,2.0,0.20549369536364315,0.07113512045645055,0.2,0.05027932960893855,0.47368421052631576,0.03631505020923168,0.016283658080130544,0.022727272727272728,0.006153846153846154,0.1152073732718894,0.0609800546555092,0.02496211232757412,0.07142857142857142,0.0110803324099723,0.16260162601626016
networkaragon,0.1,0.1,3.0,0.22913715370257698,0.08105667011833095,0.3333333333333333,0.061452513966480445,0.5714285714285714,0.040025495223777414,0.017065762309627752,0.043478260869565216,0.010610079575596816,0.1175115207373272,0.0673252835284849,0.02631882060663906,0.056338028169014086,0.01932367149758454,0.16585365853658537
networkaragon,0.1,0.1,5.0,0.2421201791170416,0.08370547886483835,0.2,0.055865921787709494,0.7142857142857143,0.042027158505777346,0.01671996810913126,0.043478260869565216,0.014749262536873156,0.1152073732718894,0.07077343474264518,0.025875027744194902,0.08333333333333334,0.02702702702702703,0.17600000000000002
networkaragon,0.1,0.25,0,0.10050908153880878,0.054043467797288136,0.0,0.0,0.3149171270718232,0.018938204767869803,0.01537482512414994,0.0,0.0,0.1313364055299539,0.03140297969495287,0.02303499988038809,0.0,0.0,0.18536585365853658
networkaragon,0.1,0.25,0.1,0.10525336505946656,0.05889492620117935,0.0,0.0,0.36464088397790057,0.019909925227895683,0.016606350872349455,0.0,0.0,0.15207373271889402,0.0329932125343931,0.024902482630604454,0.0,0.0,0.2146341463414634
networkaragon,0.1,0.25,0.25,0.11291039868090912,0.06043559949326607,0.0,0.0,0.38461538461538464,0.021119898353093455,0.015951976773840748,0.0,0.0,0.1497695852534562,0.03510010018498012,0.024077139565124066,0.0,0.0,0.2113821138211382
networkaragon,0.1,0.25,0.5,0.12556445960694654,0.059114867957932464,0.09090909090909091,0.0,0.35714285714285715,0.02321748209097503,0.016084552675624746,0.0,0.0,0.14055299539170507,0.03864860669286384,0.024214278370913937,0.0,0.0,0.1983739837398374
networkaragon,0.1,0.25,0.75,0.13965313655825132,0.056410035674145,0.125,0.0,0.35714285714285715,0.025629478737709835,0.015767927454030554,0.02054794520547945,0.0,0.11290322580645161,0.04272500268267704,0.023652338525466478,0.023255813953488372,0.0,0.15934959349593494
networkaragon,0.1,0.25,1.0,0.15732555769920248,0.06472476405682444,0.15,0.02857142857142857,0.375,0.028261577480724363,0.016425536028272597,0.022727272727272728,0.003676470588235294,0.14285714285714285,0.04726982633285661,0.024748200548072457,0.028169014084507043,0.006514657980456026,0.20162601626016258
networkaragon,0.1,0.25,2.0,0.2097709218467035,0.07665662238335084,0.2222222222222222,0.0,0.6,0.03699958983221131,0.016897713193343534,0.02564102564102564,0.0,0.11363636363636363,0.06213672429029391,0.02597451159585972,0.07142857142857142,0.0,0.17307692307692304
networkaragon,0.1,0.25,3.0,0.23165736930182207,0.08473109154037514,0.3333333333333333,0.0670391061452514,0.7142857142857143,0.04035235601829895,0.017220868911410513,0.0410958904109589,0.010610079575596816,0.11776859504132231,0.06788396634415172,0.026510818554231406,0.08264462809917356,0.01932367149758454,0.175
networkaragon,0.1,0.25,5.0,0.24412840624911952,0.08792229731972408,0.25,0.0670391061452514,0.7142857142857143,0.0423849838019461,0.01729338574926189,0.043478260869565216,0.01327433628318584,0.11059907834101383,0.07136112982286635,0.026799319536844037,0.0625,0.02482758620689655,0.17600000000000002
networkaragon,0.1,0.5,0,0.1134546947237955,0.05170495950965606,0.125,0.0,0.3333333333333333,0.021197021530453514,0.015147099526626155,0.0,0.0,0.1175115207373272,0.03521666352485553,0.022629071358169665,0.0,0.0,0.16585365853658537
networkaragon,0.1,0.5,0.1,0.12155312208879725,0.05229975943349722,0.11764705882352941,0.0,0.3333333333333333,0.02232908796572727,0.014794934934702998,0.017391304347826087,0.0,0.12442396313364056,0.037187439007654685,0.02208165082296009,0.02531645569620253,0.0,0.17560975609756097
networkaragon,0.1,0.5,0.25,0.1300638003010083,0.056194179247083746,0.16666666666666666,0.0,0.35714285714285715,0.02393687341905477,0.01503002365481137,0.02564102564102564,0.0,0.10950413223140495,0.039895677038101894,0.02266061096768425,0.02531645569620253,0.0,0.15317919075144507
networkaragon,0.1,0.5,0.5,0.14064760742525675,0.05462344110816977,0.1,0.0,0.3333333333333333,0.02557848583806067,0.015258949612321122,0.01932367149758454,0.0,0.1359447004608295,0.04268951363757113,0.022661299668487463,0.014814814814814815,0.0,0.19186991869918701
networkaragon,0.1,0.5,0.75,0.1562119577175251,0.06434019739970176,0.1111111111111111,0.027777777777777776,0.42857142857142855,0.028073727294688294,0.015818164589226715,0.02127659574468085,0.003076923076923077,0.12211981566820276,0.046952004565657575,0.02382154272288349,0.043795620437956206,0.00554016620498615,0.17235772357723575
networkaragon,0.1,0.5,1.0,0.1720841568457707,0.06686249845969375,0.16666666666666666,0.0,0.5,0.030693829759664622,0.015638450690052666,0.038461538461538464,0.0,0.11059907834101383,0.051418984589261016,0.023742778169038383,0.01941747572815534,0.0,0.15609756097560976
networkaragon,0.1,0.5,2.0,0.20965704941989302,0.07338034199162355,0.2,0.061452513966480445,0.47058823529411764,0.0368525629909508,0.0163433507746664,0.034482758620689655,0.008849557522123894,0.1115702479338843,0.06192731040834438,0.025049096254702533,0.037037037037037035,0.016551724137931035,0.15999999999999998
networkaragon,0.1,0.5,3.0,0.23370081712306834,0.08942692208441906,0.25,0.0670391061452514,0.7142857142857143,0.04053316702383069,0.01676081561608617,0.03409090909090909,0.011799410029498525,0.10310965630114566,0.06825916982277005,0.0263024097034012,0.03773584905660377,0.022068965517241378,0.17307692307692304
networkaragon,0.1,0.5,5.0,0.24413652073148226,0.08509941910243464,0.2,0.0670391061452514,0.7142857142857143,0.04241284556656728,0.016949367280576725,0.043478260869565216,0.011799410029498525,0.1152073732718894,0.07141525100298105,0.02627386857377888,0.08333333333333334,0.022068965517241378,0.175
networkaragon,0.1,0.75,0,0.1288061155149227,0.051184469377604694,0.14285714285714285,0.0392156862745098,0.3370165745856354,0.023568803212676934,0.014888449265133228,0.02564102564102564,0.005305039787798408,0.14055299539170507,0.039294062244726695,0.022129235629722903,0.03278688524590164,0.009433962264150943,0.1983739837398374
networkaragon,0.1,0.75,0.1,0.13567398946818057,0.05397793572027755,0.1111111111111111,0.034482758620689655,0.35714285714285715,0.024670329782671124,0.014676213135436536,0.015957446808510637,0.003424657534246575,0.1152073732718894,0.04119360741380965,0.022048331524145117,0.015625000000000003,0.006230529595015576,0.16260162601626016
networkaragon,0.1,0.75,0.25,0.14087033818038602,0.057389566161814856,0.125,0.0,0.42857142857142855,0.025478774484653213,0.01533534505858621,0.0136986301369863,0.0,0.1336405529953917,0.04256481373241071,0.022990696788655736,0.04878048780487805,0.0,0.18861788617886177
networkaragon,0.1,0.75,0.5,0.15553819501489707,0.05660336228224026,0.1111111111111111,0.05555555555555555,0.375,0.028023882156269497,0.01529876116652473,0.02564102564102564,0.004424778761061947,0.1313364055299539,0.04685767712901656,0.02288624917331301,0.03908794788273615,0.008275862068965517,0.18536585365853658
networkaragon,0.1,0.75,0.75,0.1650875214338513,0.05915608296070819,0.16666666666666666,0.05555555555555555,0.4,0.02952858464101167,0.015275285416593166,0.022727272727272728,0.006153846153846154,0.12442396313364056,0.049433020964994544,0.022819884640805768,0.04444444444444444,0.0110803324099723,0.17560975609756097
networkaragon,0.1,0.75,1.0,0.17700912903029356,0.06445993783519437,0.1111111111111111,0.0670391061452514,0.42857142857142855,0.031401520781727615,0.015801998532373067,0.04,0.007957559681697613,0.12396694214876033,0.05262766077809337,0.02369906605987244,0.05263157894736842,0.014492753623188404,0.17341040462427743
networkaragon,0.1,0.75,2.0,0.21160551082877915,0.07730457897821232,0.2,0.0670391061452514,0.5,0.037253265720993106,0.017039049055023427,0.030303030303030304,0.01032448377581121,0.11059907834101383,0.06257738831700807,0.02624890141126084,0.03840472673559823,0.019310344827586205,0.16091954022988506
networkaragon,0.1,0.75,3.0,0.2293231850198905,0.08113429472938787,0.2,0.061452513966480445,0.7142857142857143,0.03998121533700037,0.016635799257589068,0.030303030303030304,0.01032448377581121,0.11059907834101383,0.06725253236406047,0.02553907717910397,0.0625,0.019310344827586205,0.15609756097560976
networkaragon,0.1,0.75,5.0,0.2451927192174911,0.08939655905899864,0.25,0.07262569832402235,0.7142857142857143,0.04248311058931049,0.017084431971047784,0.043478260869565216,0.014749262536873156,0.125,0.07156430688373479,0.02670503013782309,0.08333333333333334,0.027586206896551724,0.2
networkaragon,0.1,1.0,0,0.13622232945480875,0.05456773875750455,0.14285714285714285,0.0,0.4444444444444444,0.024557866858558715,0.014502714469721742,0.01694915254237288,0.0,0.1313364055299539,0.041041731120938514,0.021648301907468047,0.04132231404958678,0.0,0.18536585365853658
networkaragon,0.1,1.0,0.1,0.1461908486942416,0.05490691909149612,0.14285714285714285,0.03896103896103896,0.4,0.026240920698910288,0.014387898708508103,0.023255813953488372,0.006993006993006993,0.12672811059907835,0.04390903972097926,0.02156194471819762,0.03305785123966942,0.011857707509881424,0.17886178861788618
networkaragon,0.1,1.0,0.25,0.14816505824961707,0.05251969303044964,0.16666666666666666,0.034482758620689655,0.3333333333333333,0.026532743330848305,0.014647768197092126,0.02127659574468085,0.004405286343612335,0.13016528925619836,0.044391335365759184,0.021628223272751535,0.037037037037037035,0.007812500000000002,0.18208092485549132
networkaragon,0.1,1.0,0.5,0.15808895877445941,0.05758214811366489,0.1111111111111111,0.05172413793103448,0.4375,0.02826220731946488,0.0145841384897963,0.043478260869565216,0.005928853754940711,0.1175115207373272,0.04733242841176483,0.021970979445054044,0.043795620437956206,0.010638297872340425,0.16585365853658537
networkaragon,0.1,1.0,0.75,0.1711206591491551,0.06564400769227824,0.14285714285714285,0.057971014492753624,0.4666666666666667,0.030387339948276585,0.015878324990226133,0.017699115044247787,0.009950248756218905,0.1382488479262673,0.05095354862022145,0.024199685102506908,0.05063291139240506,0.016985138004246284,0.1951219512195122
networkaragon,0.1,1.0,1.0,0.18104470847758797,0.06869826204083326,0.14285714285714285,0.0670391061452514,0.5,0.031973021910885004,0.01551079368426919,0.043478260869565216,0.008849557522123894,0.12211981566820276,0.053655218367719755,0.023591269056348906,0.052083333333333336,0.016551724137931035,0.17235772357723575
networkaragon,0.1,1.0,2.0,0.2084582122474416,0.07672836627734064,0.25,0.0670391061452514,0.7142857142857143,0.036434748555479304,0.015395382285268424,0.030303030303030304,0.011799410029498525,0.10599078341013825,0.061259957439257905,0.02364619031721335,0.07142857142857142,0.022000000000000002,0.14959349593495935
networkaragon,0.1,1.0,3.0,0.22840638220743056,0.08099818951532758,0.3333333333333333,0.055865921787709494,0.5714285714285714,0.03988634407056218,0.01679394274441908,0.043478260869565216,0.01032448377581121,0.1115702479338843,0.0670898025934738,0.025856748142552167,0.05947955390334572,0.019310344827586205,0.15609756097560976
networkaragon,0.1,1.0,5.0,0.24575775784173334,0.08830457473325212,0.25,0.0670391061452514,0.7142857142857143,0.04259019738026465,0.017156642529619133,0.05555555555555555,0.013262599469496022,0.1152073732718894,0.0717394383849106,0.026714801066209548,0.08333333333333334,0.02415458937198068,0.17600000000000002
networkaragon,0.1,2.0,0,0.1526258009968871,0.06196814959294756,0.125,0.04854368932038835,0.4,0.026963567972892028,0.013922939453559432,0.03125,0.007288629737609329,0.10829493087557604,0.04522687135577176,0.021216647579075845,0.016260162601626015,0.012674271229404309,0.15284552845528454
networkaragon,0.1,2.0,0.1,0.15400345870069868,0.062186585174369396,0.11764705882352941,0.041237113402061855,0.375,0.027409078151110104,0.014793939621007965,0.02127659574468085,0.0058997050147492625,0.12903225806451613,0.045915353079819,0.022433146819608972,0.03508771929824561,0.011034482758620689,0.18211382113821137
networkaragon,0.1,2.0,0.25,0.15872191377786024,0.06221434679291301,0.25,0.04854368932038835,0.4,0.0280010598687913,0.014497110631938565,0.025423728813559324,0.0058997050147492625,0.11981566820276497,0.04698075744882772,0.022040402823352363,0.05405405405405405,0.010638297872340425,0.16910569105691056
networkaragon,0.1,2.0,0.5,0.15888709012049293,0.06367429768968981,0.1,0.044444444444444446,0.42857142857142855,0.028012691447043596,0.0140399213886821,0.02564102564102564,0.006396588486140725,0.10368663594470046,0.04701960623024209,0.021544353032818982,0.03827751196172249,0.011406844106463877,0.14634146341463414
networkaragon,0.1,2.0,0.75,0.17577566009781592,0.07003682036150784,0.2,0.04854368932038835,0.42857142857142855,0.0308161024255721,0.015154085428276032,0.02564102564102564,0.007288629737609329,0.12442396313364056,0.05175442861106532,0.023160621234262657,0.045454545454545456,0.012674271229404309,0.17560975609756097
networkaragon,0.1,2.0,1.0,0.17581687641262353,0.06738186903897239,0.14285714285714285,0.05952380952380952,0.42857142857142855,0.030924021341897114,0.014962953480317887,0.02564102564102564,0.008849557522123894,0.12211981566820276,0.05191083263652617,0.022718830474585457,0.03508771929824561,0.016551724137931035,0.17235772357723575
networkaragon,0.1,2.0,2.0,0.20390222979380163,0.08011014210637567,0.2,0.07692307692307693,0.5,0.03574916835332311,0.016717629109740846,0.015384615384615385,0.008849557522123894,0.10638297872340426,0.06007916289544553,0.025954138810963995,0.06611570247933884,0.016551724137931035,0.16091954022988506
networkaragon,0.1,2.0,3.0,0.22355443143558865,0.08278830007409822,0.2,0.061452513966480445,0.7142857142857143,0.03889844678645367,0.016356091020024277,0.03,0.01020408163265306,0.10147299509001637,0.06545482395385303,0.025316761950497986,0.0625,0.017743979721166033,0.15384615384615383
networkaragon,0.1,2.0,5.0,0.2413564617328908,0.08826154026818928,0.2,0.0782122905027933,0.7142857142857143,0.041884272083552554,0.017172031203372476,0.046511627906976744,0.011799410029498525,0.109375,0.07053298317122944,0.02681157459313495,0.0625,0.022068965517241378,0.175
networkaragon,0.1,3.0,0,0.1294724947485041,0.07202280124179002,0.1111111111111111,0.025210084033613446,0.42857142857142855,0.0221464551706998,0.012149634116188752,0.02185792349726776,0.004424778761061947,0.06686046511627906,0.037382580596015944,0.019912002252166997,0.0206794682422452,0.008241758241758242,0.1098901098901099
networkaragon,0.1,3.0,0.1,0.12899345939835258,0.07108705072025748,0.16666666666666666,0.022988505747126436,0.4375,0.022173335979662926,0.012255092799608461,0.043478260869565216,0.003436426116838488,0.07364975450081833,0.03737605051183553,0.019887599299534417,0.026315789473684213,0.005979073243647234,0.11538461538461538
networkaragon,0.1,3.0,0.25,0.12954826114461598,0.07023262770818896,0.1,0.02531645569620253,0.4666666666666667,0.022240654509740394,0.012552464716091524,0.041666666666666664,0.004987531172069825,0.08019639934533551,0.03750146111922823,0.02029984603886726,0.04878048780487805,0.008333333333333335,0.13461538461538464
networkaragon,0.1,3.0,0.5,0.13899193255995188,0.07594065181521917,0.2,0.015384615384615385,0.4666666666666667,0.02387634234237485,0.013426478988046825,0.01639344262295082,0.002564102564102564,0.07865168539325842,0.0402672100801011,0.021841284395624837,0.01932367149758454,0.004395604395604396,0.13461538461538464
networkaragon,0.1,3.0,0.75,0.1399386550856355,0.07599037017910601,0.125,0.03296703296703297,0.42857142857142855,0.024048058140642956,0.013364913738586592,0.015706806282722512,0.0046875,0.07142857142857142,0.04056837346473822,0.02183938283199366,0.03908794788273615,0.008207934336525308,0.12068965517241378
networkaragon,0.1,3.0,1.0,0.14321052424245598,0.07858349369898562,0.1111111111111111,0.031055900621118012,0.42857142857142855,0.0245210024680552,0.01388835900176292,0.043478260869565216,0.004429678848283499,0.09375,0.0413747355092056,0.02257055488923816,0.020408163265306124,0.008,0.15
networkaragon,0.1,3.0,2.0,0.15986926656888206,0.08668923795272261,0.1,0.04,0.5714285714285714,0.02720535975782079,0.014193507104492175,0.043478260869565216,0.004429678848283499,0.08139534883720931,0.04595095117730452,0.023273465734647867,0.0625,0.008,0.11914893617021274
networkaragon,0.1,3.0,3.0,0.17682951194869523,0.09691613758401289,0.25,0.03333333333333333,0.7142857142857143,0.030205012764711648,0.016177376494077245,0.013745704467353952,0.006355932203389831,0.09375,0.050991961359521096,0.02654117245712905,0.05128205128205129,0.010676156583629894,0.15
networkaragon,0.1,3.0,5.0,0.20889364237666108,0.1000718124421894,0.25,0.04,0.7142857142857143,0.03569368108052565,0.01676650384877998,0.05555555555555555,0.008361204013377926,0.109375,0.0602719595228926,0.02742011942583729,0.06557377049180328,0.013831258644536652,0.175
networkaragon,0.1,5.0,0,0.0962059917664556,0.051689917562685705,0.10526315789473684,0.023809523809523808,0.3448275862068966,0.016716203735708007,0.009450433506410014,0.011627906976744186,0.004424778761061947,0.057283142389525366,0.02811839332913076,0.015151603491879597,0.015748031496062992,0.008275862068965517,0.08888888888888889
networkaragon,0.1,5.0,0.1,0.09754916647195638,0.054736600021979755,0.125,0.011111111111111112,0.35714285714285715,0.01724981526368776,0.01122695710247789,0.0136986301369863,0.00211864406779661,0.07231404958677685,0.028930493822692437,0.017722595756470078,0.017167381974248927,0.0035587188612099642,0.10115606936416185
networkaragon,0.1,5.0,0.25,0.09442769880626799,0.05010826422995233,0.058823529411764705,0.02127659574468085,0.4166666666666667,0.016587627294737076,0.010028447575839513,0.011363636363636364,0.002840909090909091,0.06329113924050633,0.02785268260288983,0.0159098027017329,0.013029315960912053,0.005031446540880503,0.1098901098901099
networkaragon,0.1,5.0,0.5,0.10012983228805701,0.058383408924964283,0.09090909090909091,0.016,0.4666666666666667,0.017393663956370917,0.01049979348785859,0.011363636363636364,0.0031746031746031746,0.0625,0.02925979869173026,0.016893430560544754,0.03571428571428571,0.005333333333333334,0.1
networkaragon,0.1,5.0,0.75,0.1020430747289139,0.05712523158398025,0.09090909090909091,0.017241379310344827,0.3333333333333333,0.017802949646011715,0.01081064171599631,0.015151515151515152,0.001976284584980237,0.07855973813420622,0.02992314255600878,0.017163765052496577,0.03125,0.0035460992907801413,0.10946408209806156
networkaragon,0.1,5.0,1.0,0.10039385454320102,0.0596512229844203,0.058823529411764705,0.017391304347826087,0.4166666666666667,0.01736519137076626,0.010708450620674438,0.010309278350515464,0.00234192037470726,0.07042253521126761,0.029245034405480583,0.017417677291188618,0.0392156862745098,0.00412796697626419,0.11494252873563218
networkaragon,0.1,5.0,2.0,0.11005734549042599,0.061034934645855236,0.08695652173913043,0.018518518518518517,0.4166666666666667,0.019107137041309803,0.011540449946197788,0.022727272727272728,0.0034904013961605585,0.078125,0.032148635162025894,0.018493705882161874,0.016,0.005873715124816446,0.125
networkaragon,0.1,5.0,3.0,0.12114829880524991,0.07320284579815904,0.07692307692307693,0.028985507246376812,0.42857142857142855,0.020714446186145177,0.01265365912354773,0.013986013986013986,0.003952569169960474,0.08450704225352113,0.034947252368248916,0.0206849015135681,0.008492569002123142,0.007092198581560283,0.13793103448275862
networkaragon,0.1,5.0,5.0,0.13576355612672247,0.07759799206297534,0.11764705882352941,0.022222222222222223,0.42857142857142855,0.02320994792572241,0.013151496003463867,0.043478260869565216,0.004357298474945534,0.078125,0.03916802533868097,0.021561933935135596,0.03257328990228013,0.007285974499089254,0.125
networkaragon,0.25,0,0,0.08833344707837029,0.05623088215223095,0.0,0.0,0.30386740331491713,0.016980051806337472,0.015298388916563143,0.0,0.0,0.12672811059907835,0.028075106919664042,0.023200600374231106,0.0,0.0,0.17886178861788618
networkaragon,0.25,0,0.1,0.08775223929986446,0.053712403240432374,0.0,0.0,0.3125,0.016917899123672926,0.015175207524873701,0.0,0.0,0.11620294599018004,0.02794597571506284,0.022822765289850385,0.0,0.0,0.16191562143671606
networkaragon,0.25,0,0.25,0.0948106055069426,0.04959691580998847,0.0,0.0,0.2983425414364641,0.017813161639055556,0.014431530182233442,0.0,0.0,0.12442396313364056,0.029538484942209686,0.021493980599896625,0.0,0.0,0.17560975609756097
networkaragon,0.25,0,0.5,0.10928041006050923,0.05744493690741998,0.0,0.0,0.375,0.020326283735767052,0.015811600658821857,0.0,0.0,0.14055299539170507,0.033772227718927475,0.02370891933327342,0.0,0.0,0.1983739837398374
networkaragon,0.25,0,0.75,0.12032889686068378,0.061182140123713806,0.0,0.0,0.35714285714285715,0.022347818834492012,0.016169225416615658,0.0,0.0,0.12672811059907835,0.037157747954383924,0.02449797113436966,0.0,0.0,0.17886178861788618
networkaragon,0.25,0,1.0,0.1397583010500938,0.06257472951093138,0.14285714285714285,0.0,0.36,0.025440013609067866,0.016324846416817213,0.0,0.0,0.1359447004608295,0.04244043120666073,0.024477071723264913,0.0,0.0,0.19186991869918701
networkaragon,0.25,0,2.0,0.19893310390262264,0.07309244360941151,0.2,0.05027932960893855,0.4666666666666667,0.03494325427301628,0.0159375514354951,0.025,0.008746355685131196,0.1175115207373272,0.05870632284918966,0.024427734951368265,0.06140350877192982,0.01515151515151515,0.16585365853658537
networkaragon,0.25,0,3.0,0.22731062704375432,0.08149205823767847,0.25,0.0782122905027933,0.5714285714285714,0.03968086877893623,0.016680450118135095,0.027972027972027972,0.012195121951219513,0.11059907834101383,0.06674277397789331,0.025725333645414843,0.03883495145631068,0.0221606648199446,0.15609756097560976
networkaragon,0.25,0,5.0,0.24909255856892257,0.09098773969812825,0.2,0.07262569832402235,0.7142857142857143,0.043191516723634825,0.017440289514035045,0.043478260869565216,0.012195121951219513,0.125,0.07276029163956527,0.027337046308689474,0.07017543859649122,0.022346368715083796,0.2
networkaragon,0.25,0.1,0,0.09023968255289103,0.05448454910661636,0.0,0.0,0.30939226519337015,0.017351031558652953,0.01552712870459609,0.0,0.0,0.12903225806451613,0.028671270710465636,0.023253872664390756,0.0,0.0,0.18211382113821137
networkaragon,0.25,0.1,0.1,0.09657823877094376,0.054559583642111,0.0,0.0,0.30386740331491713,0.018177963295011333,0.015260175268898219,0.0,0.0,0.12672811059907835,0.03013585485012415,0.02287755008825454,0.0,0.0,0.17886178861788618
networkaragon,0.25,0.1,0.25,0.09922809358257315,0.05364380889567688,0.0,0.0,0.2983425414364641,0.0185839272145666,0.014941458368338517,0.0,0.0,0.12442396313364056,0.03083217182324533,0.022330562377521238,0.0,0.0,0.17560975609756097
networkaragon,0.25,0.1,0.5,0.11144947270891785,0.05780263601511006,0.0,0.0,0.35714285714285715,0.02077377971450849,0.015207828865672407,0.0,0.0,0.1175115207373272,0.034534475436161685,0.023006876636064714,0.0,0.0,0.16585365853658537
networkaragon,0.25,0.1,0.75,0.1304781154054984,0.058090791714094515,0.14285714285714285,0.0,0.3333333333333333,0.024010198219717404,0.015638479968446847,0.010309278350515464,0.0,0.12211981566820276,0.04000118416833399,0.023485631849139606,0.03125,0.0,0.17235772357723575
networkaragon,0.25,0.1,1.0,0.14726720557943954,0.06476657535447673,0.14705882352941177,0.0,0.42857142857142855,0.02691977620370185,0.016700648487664088,0.0,0.0,0.12211981566820276,0.044907279675080375,0.025307342195822514,0.0,0.0,0.17235772357723575
networkaragon,0.25,0.1,2.0,0.2059133789525794,0.07260589176770114,0.2,0.07142857142857142,0.5333333333333333,0.03635291163065337,0.01648030531618693,0.027777777777777776,0.007374631268436578,0.1175115207373272,0.06104542337864983,0.02521039969460241,0.026315789473684213,0.013793103448275862,0.16585365853658537
networkaragon,0.25,0.1,3.0,0.23208890370369872,0.08213551635414405,0.25,0.09523809523809523,0.7142857142857143,0.040336461964384465,0.016171768749889123,0.043478260869565216,0.014749262536873156,0.10829493087557604,0.06789500251876412,0.024930029840170165,0.08333333333333334,0.027586206896551724,0.17600000000000002
networkaragon,0.25,0.1,5.0,0.251259410906444,0.08775790175120869,0.25,0.09497206703910614,0.7142857142857143,0.04367942705967647,0.017655012929930245,0.034482758620689655,0.011799410029498525,0.125,0.07354212659525007,0.027372237114286022,0.05882352941176471,0.022068965517241378,0.2
networkaragon,0.25,0.25,0,0.09632454379334884,0.05406216736655365,0.0,0.0,0.3125,0.018097068732175946,0.014440041714315573,0.0,0.0,0.1152073732718894,0.03002088756601258,0.021851307844902853,0.0,0.0,0.16260162601626016
networkaragon,0.25,0.25,0.1,0.1008508844897869,0.054630607722497816,0.0,0.0,0.3076923076923077,0.01897541769573554,0.014877396990009485,0.0,0.0,0.11059907834101383,0.031484032741153,0.022445124836657605,0.0,0.0,0.15609756097560976
networkaragon,0.25,0.25,0.25,0.10644558432795619,0.05283940071775783,0.0,0.0,0.287292817679558,0.020014707581778673,0.014622789619485412,0.0,0.0,0.11981566820276497,0.03322098572969668,0.022002308513947633,0.0,0.0,0.16910569105691056
networkaragon,0.25,0.25,0.5,0.1223330570580792,0.058538465141581814,0.14285714285714285,0.0,0.35714285714285715,0.022443693926568302,0.014947069908342214,0.0,0.0,0.1175115207373272,0.037390866031794937,0.022579401549435937,0.0,0.0,0.16585365853658537
networkaragon,0.25,0.25,0.75,0.13436612808978268,0.05587458198296374,0.1111111111111111,0.0,0.3425414364640884,0.024588535117327316,0.015215758854417815,0.0,0.0,0.14285714285714285,0.04102071365622225,0.022793757212958177,0.0,0.0,0.20162601626016258
networkaragon,0.25,0.25,1.0,0.15584147895899683,0.055835026254529976,0.14285714285714285,0.0,0.35714285714285715,0.028243674532437448,0.015209260629857946,0.030303030303030304,0.0,0.11981566820276497,0.04719597202972672,0.022772013373817606,0.05172413793103448,0.0,0.16910569105691056
networkaragon,0.25,0.25,2.0,0.20505681600045947,0.07339596941461336,0.25,0.07272727272727272,0.6,0.035989791731085935,0.016011727400404487,0.02127659574468085,0.009146341463414634,0.1313364055299539,0.060478207441643846,0.02449421280833943,0.047058823529411764,0.01662049861495845,0.18536585365853658
networkaragon,0.25,0.25,3.0,0.22794043500632677,0.08004148613455284,0.3333333333333333,0.08379888268156424,0.5714285714285714,0.03971468713105326,0.016242618465735097,0.030303030303030304,0.009146341463414634,0.109375,0.06684975632593516,0.02526953491854828,0.05321507760532151,0.01675977653631285,0.175
networkaragon,0.25,0.25,5.0,0.24941580574686406,0.08719025572208701,0.3333333333333333,0.0782122905027933,0.6,0.043268154783880214,0.017331207793684262,0.0425531914893617,0.01327433628318584,0.11129296235679215,0.07287988078088446,0.02695046303209136,0.05882352941176471,0.02482758620689655,0.175
networkaragon,0.25,0.5,0,0.11883000415838774,0.05418566105893415,0.1,0.0,0.3448275862068966,0.021867986053612436,0.015252455665373954,0.0,0.0,0.1336405529953917,0.0363945169827749,0.022639688196117336,0.0,0.0,0.18861788617886177
networkaragon,0.25,0.5,0.1,0.11743469321101258,0.050841516689112125,0.1111111111111111,0.0,0.3425414364640884,0.021809330796332106,0.014917738388293337,0.0136986301369863,0.0,0.14285714285714285,0.0362763528186166,0.02217766779098316,0.0,0.0,0.20162601626016258
networkaragon,0.25,0.5,0.25,0.1294525505302353,0.054012534415108275,0.14285714285714285,0.0,0.3333333333333333,0.02382205318745362,0.015340423939121543,0.02564102564102564,0.0,0.1313364055299539,0.039696980333571365,0.02293623997562608,0.026058631921824105,0.0,0.18536585365853658
networkaragon,0.25,0.5,0.5,0.14542007169564553,0.062321309484409754,0.14285714285714285,0.027777777777777776,0.4117647058823529,0.02640081034566895,0.015959921796514034,0.023255813953488372,0.003076923076923077,0.14285714285714285,0.04408624328289601,0.024037990946143426,0.03125,0.00554016620498615,0.20162601626016258
networkaragon,0.25,0.5,0.75,0.15788835460247141,0.05610346809778915,0.25,0.05555555555555555,0.4,0.02827146538739715,0.014683279836543899,0.02127659574468085,0.004424778761061947,0.12211981566820276,0.04733951727246704,0.022024499772055624,0.03125,0.008275862068965517,0.17235772357723575
networkaragon,0.25,0.5,1.0,0.16753195962940332,0.061836297926141474,0.14285714285714285,0.050505050505050504,0.5,0.030017229581544517,0.01559474013825179,0.02608695652173913,0.007704160246533128,0.12903225806451613,0.05025455419065324,0.023514626903735975,0.03125000000000001,0.013368983957219251,0.18211382113821137
networkaragon,0.25,0.5,2.0,0.21304774208278002,0.07768320271299733,0.2,0.0782122905027933,0.5714285714285714,0.037339204486382185,0.016396650976194055,0.02564102564102564,0.008849557522123894,0.12903225806451613,0.06274045340946909,0.025004272946859182,0.07142857142857142,0.016551724137931035,0.18211382113821137
networkaragon,0.25,0.5,3.0,0.2341309693515861,0.08413898189142416,0.2,0.0670391061452514,0.7142857142857143,0.04076579383647837,0.01703594924920273,0.027777777777777776,0.009881422924901186,0.11290322580645161,0.06860882909289331,0.026420565282785843,0.06282722513089005,0.01773049645390071,0.17600000000000002
networkaragon,0.25,0.5,5.0,0.25108893058585124,0.08946939084335928,0.25,0.09243697478991597,0.7142857142857143,0.043587052887407524,0.017691428589263175,0.03389830508474576,0.01327433628318584,0.125,0.07340814901937405,0.027579516254095816,0.05405405405405405,0.02482758620689655,0.2
networkaragon,0.25,0.75,0,0.13347740304261874,0.05644813631245312,0.125,0.029411764705882353,0.35714285714285715,0.024182766507332507,0.01479187081468117,0.010416666666666666,0.003389830508474576,0.1359447004608295,0.04038747745871446,0.022130920053354843,0.04878048780487805,0.0060975609756097554,0.19186991869918701
networkaragon,0.25,0.75,0.1,0.1300609387763626,0.05200111516769761,0.14285714285714285,0.0,0.3157894736842105,0.02369731700438655,0.014642428933662988,0.02830188679245283,0.0,0.1313364055299539,0.039540040065463265,0.02173239388590751,0.020833333333333332,0.0,0.18536585365853658
networkaragon,0.25,0.75,0.25,0.14102193186537623,0.05794349159960435,0.14285714285714285,0.0,0.35714285714285715,0.025591788637288004,0.01527739143394537,0.014925373134328358,0.0,0.12672811059907835,0.04274244496769786,0.02293855145511685,0.0,0.0,0.17886178861788618
networkaragon,0.25,0.75,0.5,0.15594598310916596,0.06067659645137667,0.14285714285714285,0.058823529411764705,0.42857142857142855,0.027927629298086527,0.014932340556283804,0.02564102564102564,0.004424778761061947,0.1152073732718894,0.046746391492642196,0.022525152282297137,0.0392156862745098,0.008275862068965517,0.16260162601626016
networkaragon,0.25,0.75,0.75,0.16345752413334871,0.06323321488999546,0.14285714285714285,0.0425531914893617,0.47368421052631576,0.02895263144281771,0.014882800162186351,0.014925373134328358,0.006153846153846154,0.12211981566820276,0.04854365295460418,0.02247532770300428,0.0625,0.01092896174863388,0.17235772357723575
networkaragon,0.25,0.75,1.0,0.17455264428686085,0.06461879784190129,0.16666666666666666,0.0670391061452514,0.42857142857142855,0.030976318063529032,0.01534185053658702,0.028985507246376812,0.008849557522123894,0.11570247933884298,0.051929044079226064,0.023200049682504387,0.04504504504504505,0.016,0.16184971098265896
networkaragon,0.25,0.75,2.0,0.21022699365221909,0.07675025114052247,0.25,0.07563025210084033,0.5,0.03695822601163322,0.01687289826892589,0.05555555555555555,0.012195121951219513,0.12903225806451613,0.06207567258074621,0.025823356769262007,0.04291845493562232,0.022187004754358162,0.18211382113821137
networkaragon,0.25,0.75,3.0,0.23467162153614057,0.08639475786815257,0.25,0.09497206703910614,0.5714285714285714,0.040848503461177896,0.01732026670546372,0.043478260869565216,0.014749262536873156,0.11650485436893204,0.06875559775899098,0.027013826893108956,0.0975609756097561,0.027586206896551724,0.192
networkaragon,0.25,0.75,5.0,0.2517785371804409,0.08844113410238934,0.25,0.0893854748603352,0.7142857142857143,0.043615148711167326,0.017281734322159778,0.038461538461538464,0.014396456256921373,0.125,0.07348134134995216,0.02692268040361372,0.08333333333333334,0.026000000000000002,0.2
networkaragon,0.25,1.0,0,0.1411308764026542,0.05511607049217594,0.1111111111111111,0.045454545454545456,0.4,0.025473208171386572,0.014709281026193113,0.02127659574468085,0.005376344086021506,0.12442396313364056,0.04257452723856271,0.022028090520415752,0.03305785123966942,0.009950248756218907,0.17560975609756097
networkaragon,0.25,1.0,0.1,0.14529463357902397,0.05397160397816768,0.16666666666666666,0.02857142857142857,0.35714285714285715,0.026024280638066964,0.014308436538290621,0.011363636363636364,0.005763688760806916,0.1313364055299539,0.04353922885544619,0.021283818513403677,0.027027027027027025,0.009592326139088728,0.18536585365853658
networkaragon,0.25,1.0,0.25,0.14907042029032858,0.05410553403908942,0.14285714285714285,0.05263157894736842,0.3333333333333333,0.026610379644973505,0.01369308506898866,0.02127659574468085,0.004424778761061947,0.11290322580645161,0.04458602572868999,0.02064225074892004,0.05263157894736842,0.008275862068965517,0.15934959349593494
networkaragon,0.25,1.0,0.5,0.15965765746891458,0.0620829113108119,0.14285714285714285,0.04854368932038835,0.42857142857142855,0.02860431625935605,0.01580573056899678,0.043478260869565216,0.005928853754940711,0.12211981566820276,0.0478667494891592,0.023771044592747245,0.0591715976331361,0.010638297872340425,0.17235772357723575
networkaragon,0.25,1.0,0.75,0.16846941812344257,0.06428873738332402,0.14285714285714285,0.05172413793103448,0.5714285714285714,0.029877907796175728,0.015053343355498072,0.02127659574468085,0.005928853754940711,0.12190082644628099,0.050090341315946245,0.02271290184369221,0.030418250950570346,0.010638297872340425,0.17052023121387286
networkaragon,0.25,1.0,1.0,0.17958533069019347,0.0665984167596279,0.16666666666666666,0.06666666666666667,0.45454545454545453,0.03182579854696245,0.015712612392902434,0.02564102564102564,0.0058997050147492625,0.11981566820276497,0.05338183872709776,0.023912975855408847,0.03257328990228013,0.011034482758620689,0.16910569105691056
networkaragon,0.25,1.0,2.0,0.21052314902627434,0.07797449424711965,0.16666666666666666,0.0782122905027933,0.7142857142857143,0.036720160230077674,0.01579720038812824,0.043478260869565216,0.011799410029498525,0.11059907834101383,0.061747973242537925,0.02423448399850202,0.06140350877192982,0.022068965517241378,0.15609756097560976
networkaragon,0.25,1.0,3.0,0.23272916541521443,0.0839405091407586,0.3333333333333333,0.07262569832402235,0.7142857142857143,0.04038581422212139,0.016372325296506673,0.034482758620689655,0.011799410029498525,0.10138248847926268,0.06799681132004337,0.025382456225888566,0.08333333333333334,0.022068965517241378,0.15999999999999998
networkaragon,0.25,1.0,5.0,0.24980836931183023,0.08835595808526789,0.2,0.0782122905027933,0.7142857142857143,0.04336615750022488,0.01727433371520488,0.03389830508474576,0.01327433628318584,0.109375,0.0730347808104481,0.02694331722734282,0.07017543859649122,0.024822695035460994,0.175
networkaragon,0.25,2.0,0,0.15486553065975767,0.06121516336981529,0.2,0.045454545454545456,0.4666666666666667,0.02732557171156963,0.014026193799351532,0.02127659574468085,0.007374631268436578,0.1175115207373272,0.045852710089134635,0.021366205647284725,0.042704626334519574,0.013793103448275862,0.16585365853658537
networkaragon,0.25,2.0,0.1,0.158887148353703,0.05839286127530325,0.16666666666666666,0.028985507246376812,0.3333333333333333,0.028206236375218945,0.014504308492105263,0.017241379310344827,0.004975124378109453,0.11981566820276497,0.04728241072126986,0.021828722000218723,0.0591715976331361,0.008492569002123142,0.16910569105691056
networkaragon,0.25,2.0,0.25,0.1600148435389941,0.0574194620417307,0.25,0.05555555555555555,0.4666666666666667,0.02844815496447556,0.014409401101941836,0.030303030303030304,0.007374631268436578,0.1152073732718894,0.04765022553661612,0.021414877636305056,0.045454545454545456,0.013793103448275862,0.16260162601626016
networkaragon,0.25,2.0,0.5,0.17089128751159405,0.06387540633727959,0.18181818181818182,0.05714285714285714,0.42857142857142855,0.03026906893770995,0.015110064614534617,0.02654867256637168,0.009708737864077669,0.12442396313364056,0.0507489155747069,0.02282334154777579,0.026058631921824105,0.01659751037344398,0.17560975609756097
networkaragon,0.25,2.0,0.75,0.1739872267073799,0.06834405529927025,0.25,0.05,0.5714285714285714,0.030770445721692956,0.015690324025112563,0.02564102564102564,0.008746355685131196,0.12442396313364056,0.05159671458234704,0.02377970997535796,0.04878048780487805,0.015209125475285173,0.17560975609756097
networkaragon,0.25,2.0,1.0,0.1832665762110569,0.07015511256192104,0.2,0.061452513966480445,0.5,0.03217963612414972,0.015107786073419118,0.02564102564102564,0.007374631268436578,0.12211981566820276,0.05404451983940674,0.023075229699342857,0.049586776859504134,0.013793103448275862,0.17235772357723575
networkaragon,0.25,2.0,2.0,0.20992279630685343,0.07893546877496081,0.2,0.07262569832402235,0.5714285714285714,0.03661566781405599,0.015911557019407566,0.03125,0.01032448377581121,0.10829493087557604,0.06157919372849272,0.024538572364284982,0.04291845493562232,0.019310344827586205,0.15284552845528454
networkaragon,0.25,2.0,3.0,0.22870630660764696,0.08041652390660528,0.16666666666666666,0.0782122905027933,0.5714285714285714,0.03977491389557947,0.01623382526400185,0.029850746268656716,0.008849557522123894,0.10330578512396695,0.06695415950744321,0.025128221161033703,0.06557377049180328,0.016551724137931035,0.15384615384615385
networkaragon,0.25,2.0,5.0,0.24989196329753988,0.08969911050987422,0.2,0.07262569832402235,0.7142857142857143,0.04325626626549645,0.01731555816409357,0.0425531914893617,0.01327433628318584,0.125,0.07289828948169509,0.027187404285283854,0.06896551724137931,0.02482758620689655,0.2
networkaragon,0.25,3.0,0,0.1568401457737824,0.06462433046134962,0.14285714285714285,0.046153846153846156,0.42857142857142855,0.02768622128286502,0.014652760470381583,0.02564102564102564,0.007374631268436578,0.1152073732718894,0.04645306822357556,0.02240540293698656,0.03773584905660377,0.013186813186813187,0.16260162601626016
networkaragon,0.25,3.0,0.1,0.15800298782929845,0.06700367434899138,0.2,0.043478260869565216,0.42857142857142855,0.027795153014929342,0.014483280206664263,0.043478260869565216,0.005928853754940711,0.1175115207373272,0.046655029571592,0.02224944591470138,0.024390243902439022,0.010638297872340425,0.16585365853658537
networkaragon,0.25,3.0,0.25,0.1622036153732895,0.06543064046278711,0.14285714285714285,0.04395604395604396,0.4166666666666667,0.028564412749642727,0.014833982900219794,0.017045454545454544,0.008528784648187633,0.11290322580645161,0.04794450971043647,0.022683645092397835,0.02898550724637681,0.014598540145985401,0.15934959349593494
networkaragon,0.25,3.0,0.5,0.1688324770346864,0.0662220627563007,0.2,0.057971014492753624,0.42857142857142855,0.0296633859528047,0.014662253886919541,0.043478260869565216,0.008849557522123894,0.12211981566820276,0.04980034415437145,0.022328027699729833,0.03755868544600939,0.016551724137931035,0.17235772357723575
networkaragon,0.25,3.0,0.75,0.17467593355815642,0.07281417661997967,0.14285714285714285,0.046153846153846156,0.5714285714285714,0.030626772557991514,0.015344672939062014,0.043478260869565216,0.006644518272425249,0.12211981566820276,0.05141946129968087,0.02345938883915183,0.0625,0.012,0.17235772357723575
networkaragon,0.25,3.0,1.0,0.17829550295706967,0.07000270623564403,0.125,0.05063291139240506,0.42857142857142855,0.03140931051023127,0.015719533176433674,0.043478260869565216,0.008849557522123894,0.10599078341013825,0.052726436961166766,0.024099131611740824,0.037037037037037035,0.016551724137931035,0.14959349593495935
networkaragon,0.25,3.0,2.0,0.19854294555934485,0.07361992234410882,0.16666666666666666,0.05825242718446602,0.5714285714285714,0.03476854562826756,0.01577100058641148,0.034482758620689655,0.008746355685131196,0.11059907834101383,0.05842774423518738,0.024131392717417176,0.0625,0.015209125475285173,0.15609756097560976
networkaragon,0.25,3.0,3.0,0.21926849825405845,0.07917422639184409,0.2,0.07246376811594203,0.5714285714285714,0.03801733045883227,0.015325749292483141,0.02564102564102564,0.011857707509881422,0.10138248847926268,0.06401980766645764,0.02383568433254484,0.07692307692307693,0.021231422505307858,0.14400000000000002
networkaragon,0.25,3.0,5.0,0.2465596576169764,0.08838221152796609,0.2,0.0782122905027933,0.7142857142857143,0.042650140897770465,0.01689156386094185,0.034482758620689655,0.01383399209486166,0.109375,0.07186296588035919,0.026408885553209836,0.05511811023622047,0.024822695035460994,0.175
networkaragon,0.25,5.0,0,0.13044925102384272,0.07532659112078562,0.125,0.024691358024691357,0.42857142857142855,0.02236605966545989,0.013104875499728398,0.04,0.0036363636363636364,0.078125,0.03773858843630335,0.021523103809512403,0.018726591760299626,0.006339144215530904,0.125
networkaragon,0.25,5.0,0.1,0.12638535618160143,0.07279406022995757,0.1,0.02531645569620253,0.42857142857142855,0.021630218136270023,0.012350956737619368,0.017699115044247787,0.0033222591362126247,0.06741573033707865,0.036484911097686513,0.02016899592624338,0.017543859649122806,0.006,0.11538461538461538
networkaragon,0.25,5.0,0.25,0.1293883903119558,0.07736431041430288,0.2,0.02531645569620253,0.5,0.022061173430203425,0.013004828281960777,0.010309278350515464,0.004987531172069825,0.07766990291262135,0.037244148153812086,0.021376434884766902,0.022304832713754646,0.008333333333333335,0.128
networkaragon,0.25,5.0,0.5,0.13299151760057576,0.07917308654675273,0.1,0.023076923076923078,0.4666666666666667,0.022689435526948912,0.0135538657443411,0.019230769230769232,0.0038461538461538464,0.07766990291262135,0.03828188245953832,0.022062746794225138,0.03305785123966942,0.006593406593406593,0.128
networkaragon,0.25,5.0,0.75,0.13525522024594686,0.07749891545317124,0.14285714285714285,0.03296703296703297,0.5714285714285714,0.02297683824236154,0.012561010253967674,0.01639344262295082,0.0046875,0.06741573033707865,0.03879742518385889,0.020588972294256935,0.014492753623188404,0.008207934336525308,0.11538461538461538
networkaragon,0.25,5.0,1.0,0.13897800351088996,0.08053766100698975,0.25,0.0297029702970297,0.4375,0.023640850691022303,0.013478969118170476,0.0625,0.003952569169960474,0.07201309328968904,0.039932855078165234,0.022168419462428125,0.0221606648199446,0.007092198581560283,0.11538461538461538
networkaragon,0.25,5.0,2.0,0.14815773630478507,0.08877366083331605,0.25,0.027522935779816515,0.5714285714285714,0.025190213232206615,0.014818861083032682,0.012437810945273632,0.0058309037900874635,0.07848837209302326,0.04253649720929615,0.02433249188342634,0.021231422505307858,0.010139416983523447,0.128
networkaragon,0.25,5.0,3.0,0.15767836967434037,0.09506135837534628,0.125,0.030927835051546393,0.5714285714285714,0.02664887869574413,0.0152317256787104,0.0625,0.0058997050147492625,0.08450704225352113,0.045071213011982005,0.02530720788354146,0.021887824897400824,0.010676156583629894,0.13793103448275862
networkaragon,0.25,5.0,5.0,0.1819223814210194,0.10458549553966719,0.125,0.030534351145038167,0.5714285714285714,0.031002320866626475,0.01766350496923165,0.016,0.007751937984496124,0.09859154929577464,0.052364691225624004,0.029094666367754145,0.03257328990228013,0.013531799729364004,0.16091954022988506
networkaragon,0.5,0,0,0.07845536847511976,0.047390047719942416,0.0,0.0,0.292817679558011,0.01522977710647207,0.014193743361266505,0.0,0.0,0.12211981566820276,0.025112505302831108,0.021157990361521505,0.0,0.0,0.17235772357723575
networkaragon,0.5,0,0.1,0.08215942976701637,0.051158945570617516,0.0,0.0,0.2692307692307692,0.015797587292622855,0.014365287722000816,0.0,0.0,0.11570247933884298,0.026084747959508152,0.021460895305129075,0.0,0.0,0.16184971098265896
networkaragon,0.5,0,0.25,0.08840787244489628,0.04944950923517982,0.0,0.0,0.287292817679558,0.0168029710652016,0.014242536707345318,0.0,0.0,0.11981566820276497,0.027806484387131625,0.021215939081034533,0.0,0.0,0.16910569105691056
networkaragon,0.5,0,0.5,0.10310510347388603,0.054216806517521005,0.0,0.0,0.2857142857142857,0.01927333670010696,0.014386397272559805,0.0,0.0,0.10330578512396695,0.03201212937601449,0.021752001643395767,0.0,0.0,0.1445086705202312
networkaragon,0.5,0,0.75,0.11290816056828722,0.05626605809693094,0.0,0.0,0.35714285714285715,0.020958795364691703,0.015109824319437784,0.0,0.0,0.12211981566820276,0.03485599738355744,0.022793414059495393,0.0,0.0,0.17235772357723575
networkaragon,0.5,0,1.0,0.13045133608711534,0.06320566335479605,0.1111111111111111,0.0,0.4375,0.023617200158752672,0.01489526597305147,0.0,0.0,0.1175115207373272,0.039444283026436266,0.02262803065157928,0.0,0.0,0.16585365853658537
networkaragon,0.5,0,2.0,0.1909769357581857,0.0657017988600594,0.25,0.03125,0.42857142857142855,0.03385224725888367,0.015524678125967,0.02127659574468085,0.002967359050445104,0.11456628477905073,0.056815339376805045,0.023688221147921386,0.03636363636363636,0.005420054200542006,0.15963511972633979
networkaragon,0.5,0,3.0,0.22798828445905311,0.07950234916514626,0.2,0.043859649122807015,0.5714285714285714,0.0397703959380332,0.01672050889831366,0.034482758620689655,0.010438413361169102,0.11981566820276497,0.06691494155305241,0.025816851749807378,0.05263157894736842,0.016863406408094434,0.18390804597701152
networkaragon,0.5,0,5.0,0.2501203674477047,0.0867565612383719,0.25,0.08403361344537816,0.7142857142857143,0.04336511264220191,0.01692138846288335,0.05555555555555555,0.014396456256921373,0.125,0.07306984317106448,0.026519762401094212,0.07017543859649122,0.026000000000000002,0.2
networkaragon,0.5,0.1,0,0.0831538246155555,0.05188156751595752,0.0,0.0,0.375,0.015847747133069065,0.014240431041739656,0.0,0.0,0.11290322580645161,0.02622039699559714,0.02148524868863436,0.0,0.0,0.15934959349593494
networkaragon,0.5,0.1,0.1,0.08320306674979228,0.05140416141042272,0.0,0.0,0.27071823204419887,0.01588830282043583,0.014248994260730749,0.0,0.0,0.11290322580645161,0.026276849209681562,0.021469324436104307,0.0,0.0,0.15934959349593494
networkaragon,0.5,0.1,0.25,0.09159101673130751,0.050940453872657276,0.0,0.0,0.2857142857142857,0.01724774266118885,0.013944890911010309,0.0,0.0,0.11059907834101383,0.028606607920883063,0.021046839561516126,0.0,0.0,0.15609756097560976
networkaragon,0.5,0.1,0.5,0.10216858921149459,0.055871943422797124,0.14285714285714285,0.0,0.35714285714285715,0.018941864458815558,0.014738916220466636,0.0,0.0,0.12211981566820276,0.031494414139404465,0.022155922061820096,0.0,0.0,0.17235772357723575
networkaragon,0.5,0.1,0.75,0.12022922616487866,0.05848651554388582,0.11764705882352941,0.0,0.35294117647058826,0.02202850174957175,0.01491892658790314,0.0,0.0,0.10829493087557604,0.03671575133616837,0.02260028150187558,0.0,0.0,0.15284552845528454
networkaragon,0.5,0.1,1.0,0.1358514836056136,0.058979148329955745,0.1,0.0,0.3333333333333333,0.024908124695788077,0.015423814639791564,0.0,0.0,0.10829493087557604,0.04152951394920136,0.023339210376973767,0.0,0.0,0.15284552845528454
networkaragon,0.5,0.1,2.0,0.20090430503266987,0.07203022259997234,0.3333333333333333,0.07142857142857142,0.4444444444444444,0.035141529761997206,0.015145778719598527,0.030303030303030304,0.008849557522123894,0.10368663594470046,0.059094861161000184,0.02334614614978001,0.058394160583941604,0.016551724137931035,0.15
networkaragon,0.5,0.1,3.0,0.22811016798709433,0.07881564655830522,0.2,0.08403361344537816,0.5714285714285714,0.039742223610368756,0.016108632334850298,0.035398230088495575,0.01032448377581121,0.10829493087557604,0.06689418182938149,0.024962720406365137,0.04453441295546559,0.019310344827586205,0.15384615384615383
networkaragon,0.5,0.1,5.0,0.2537378884046051,0.09044226352952991,0.25,0.1092436974789916,0.7142857142857143,0.04398390264828486,0.017468380306890248,0.0625,0.012181616832779624,0.125,0.07411810966826925,0.027497615277908644,0.08333333333333334,0.022000000000000002,0.2
networkaragon,0.5,0.25,0,0.0887761174815301,0.05196956162250142,0.0,0.0,0.3149171270718232,0.016879343982104774,0.014585887372304545,0.0,0.0,0.1313364055299539,0.027932191096881102,0.021856098852767153,0.0,0.0,0.18536585365853658
networkaragon,0.5,0.25,0.1,0.09564443332056352,0.054306718633494115,0.0,0.0,0.2631578947368421,0.017973511478196032,0.014135750657807969,0.0,0.0,0.11292962356792144,0.029831045605053175,0.021449819066734002,0.0,0.0,0.1573546180159635
networkaragon,0.5,0.25,0.25,0.10404625151997539,0.053574408670958126,0.0,0.0,0.3149171270718232,0.019382458107399768,0.014930813933716836,0.0,0.0,0.1313364055299539,0.03219068162065348,0.02239250128864058,0.0,0.0,0.18536585365853658
networkaragon,0.5,0.25,0.5,0.11649914582031255,0.055267281840710274,0.0,0.0,0.3170731707317073,0.021591713134873815,0.014747030773731252,0.0,0.0,0.1152073732718894,0.035941958270317126,0.0223523713915049,0.0,0.0,0.16260162601626016
networkaragon,0.5,0.25,0.75,0.13031667246022674,0.05629242545596224,0.1111111111111111,0.0,0.42857142857142855,0.023829470405089637,0.014776718532760778,0.02127659574468085,0.0,0.10368663594470046,0.039734454074970615,0.02227268813749297,0.046511627906976744,0.0,0.15
networkaragon,0.5,0.25,1.0,0.14723215658765232,0.05306944068920901,0.16666666666666666,0.0,0.3333333333333333,0.02651116153853246,0.01463225688292332,0.02127659574468085,0.0,0.128099173553719,0.04432975625750028,0.021684008648366646,0.034482758620689655,0.0,0.1791907514450867
networkaragon,0.5,0.25,2.0,0.20417597317404898,0.06858439716028353,0.25,0.08461538461538462,0.42857142857142855,0.03584040941549504,0.01540158814882695,0.043478260869565216,0.011857707509881422,0.10829493087557604,0.060231050844136005,0.02354703867101452,0.03252032520325203,0.02127659574468085,0.15284552845528454
networkaragon,0.5,0.25,3.0,0.230558014940577,0.0823074825055191,0.2,0.08461538461538462,0.7142857142857143,0.040091761162323235,0.01644361913550804,0.03389830508474576,0.013262599469496022,0.109375,0.06748622204591463,0.025503551867022564,0.05511811023622047,0.02415458937198068,0.175
networkaragon,0.5,0.25,5.0,0.2532162204610623,0.09085364768223403,0.3333333333333333,0.0893854748603352,0.7142857142857143,0.043930209025675,0.01764804403567151,0.043478260869565216,0.011799410029498525,0.125,0.07401238092351006,0.027725101056631746,0.08333333333333333,0.022068965517241378,0.2
networkaragon,0.5,0.5,0,0.10823258829043766,0.04849316577274023,0.1111111111111111,0.0,0.3314917127071823,0.020201681973777433,0.014264818699377513,0.0,0.0,0.1382488479262673,0.0335704254783014,0.021186278139665723,0.0,0.0,0.1951219512195122
networkaragon,0.5,0.5,0.1,0.11247578922652265,0.05332515128104124,0.08333333333333333,0.0,0.375,0.020762815273851702,0.014834851828316611,0.0,0.0,0.12672811059907835,0.03456330213871958,0.022171575246524636,0.0,0.0,0.17886178861788618
networkaragon,0.5,0.5,0.25,0.11983746999845249,0.052618598443338105,0.1,0.0,0.375,0.022165789791773565,0.015437488014410604,0.0,0.0,0.1382488479262673,0.03687217152188846,0.02298263693684341,0.0,0.0,0.1951219512195122
networkaragon,0.5,0.5,0.5,0.13777356385357192,0.054763079953944166,0.125,0.0,0.4,0.025006402373904682,0.014763229814931328,0.015384615384615385,0.0,0.1175115207373272,0.04174719453750161,0.022044855377172285,0.04878048780487805,0.0,0.16585365853658537
networkaragon,0.5,0.5,0.75,0.14673592268519717,0.05454165046598788,0.14285714285714285,0.02857142857142857,0.36363636363636365,0.02652824488740062,0.01436090729343513,0.02564102564102564,0.005,0.11290322580645161,0.04434439033676128,0.02164140802733148,0.038461538461538464,0.008583690987124463,0.15934959349593494
networkaragon,0.5,0.5,1.0,0.16331240522332946,0.05745293208885278,0.14285714285714285,0.04938271604938271,0.42857142857142855,0.029049295189265596,0.014375037215519252,0.022222222222222223,0.005934718100890208,0.10743801652892562,0.04867126585276997,0.021513989605582495,0.03614457831325301,0.010840108401084013,0.15028901734104047
networkaragon,0.5,0.5,2.0,0.20883694949917514,0.07505875643901525,0.25,0.06896551724137931,0.5333333333333333,0.036610112364221035,0.01600561258344093,0.02127659574468085,0.007905138339920948,0.1152073732718894,0.06154772647655841,0.024707310171765712,0.03773584905660377,0.014184397163120565,0.175
networkaragon,0.5,0.5,3.0,0.23371210880248564,0.08624816012733447,0.16666666666666666,0.09090909090909091,0.7142857142857143,0.04066301211841037,0.017253574978478216,0.030303030303030304,0.011799410029498525,0.140625,0.06844293672025063,0.026820169003418052,0.03846153846153846,0.02127659574468085,0.225
networkaragon,0.5,0.5,5.0,0.2548101579196408,0.08676215093488719,0.2,0.10084033613445378,0.7142857142857143,0.044051025283047135,0.01636483526827847,0.043478260869565216,0.011799410029498525,0.109375,0.07425416936395342,0.025577134094402657,0.0498220640569395,0.022068965517241378,0.175
networkaragon,0.5,0.75,0,0.12023726575705904,0.05069951889779205,0.14285714285714285,0.0,0.3181818181818182,0.022014595201553685,0.014317694379560103,0.0,0.0,0.12903225806451613,0.036680360181412415,0.021287445981801625,0.0,0.0,0.18211382113821137
networkaragon,0.5,0.75,0.1,0.12360732689774143,0.04753213987703708,0.14285714285714285,0.0,0.3333333333333333,0.02254743157241667,0.013464918306408873,0.016,0.0,0.10743801652892562,0.03761521728632468,0.020064982367685946,0.020833333333333332,0.0,0.15028901734104047
networkaragon,0.5,0.75,0.25,0.12942901664527903,0.05234152201462111,0.14285714285714285,0.0,0.3333333333333333,0.023565342259091356,0.01420157143306296,0.0136986301369863,0.0,0.0967741935483871,0.0393233157733817,0.021350906013314176,0.018018018018018018,0.0,0.13658536585365852
networkaragon,0.5,0.75,0.5,0.14513869716769576,0.05244595201428766,0.1111111111111111,0.03333333333333333,0.3333333333333333,0.026129529351963443,0.013749203486482599,0.01694915254237288,0.003952569169960474,0.11290322580645161,0.04371535636756441,0.020647998090029058,0.022641509433962266,0.007092198581560283,0.15934959349593494
networkaragon,0.5,0.75,0.75,0.15780457263231604,0.054753802524625854,0.16666666666666666,0.05263157894736842,0.42857142857142855,0.028126818510865743,0.013832129524488552,0.02127659574468085,0.005555555555555556,0.10474631751227496,0.04711373764235473,0.020648565383993442,0.037037037037037035,0.010050251256281407,0.1459521094640821
networkaragon,0.5,0.75,1.0,0.17027131437624615,0.05868013141148483,0.16666666666666666,0.05172413793103448,0.38095238095238093,0.03022880976381849,0.014883558608896333,0.02564102564102564,0.005928853754940711,0.11947626841243862,0.05067162634367425,0.02229065108567084,0.0221606648199446,0.010638297872340425,0.16647662485746864
networkaragon,0.5,0.75,2.0,0.209769260251016,0.07620003650552637,0.2,0.07017543859649122,0.5714285714285714,0.036746537587433736,0.01625550754168988,0.027777777777777776,0.010610079575596816,0.11267605633802817,0.06176752163727669,0.025018912808993828,0.04166666666666667,0.01932367149758454,0.18390804597701152
networkaragon,0.5,0.75,3.0,0.23037360333865803,0.0817454461965207,0.2,0.07563025210084033,0.5714285714285714,0.04013556798012708,0.016587574570396578,0.030303030303030304,0.008849557522123894,0.10679611650485436,0.067548539287306,0.025780237859072547,0.0625,0.016551724137931035,0.17600000000000002
networkaragon,0.5,0.75,5.0,0.25445503220137666,0.09136201311284727,0.3333333333333333,0.08771929824561403,0.7142857142857143,0.04399740838298145,0.01725517642784609,0.04,0.011799410029498525,0.125,0.07416727589246792,0.027146991503997714,0.05714285714285714,0.022068965517241378,0.2
networkaragon,0.5,1.0,0,0.13539263884181257,0.05578071143059743,0.14285714285714285,0.0,0.36363636363636365,0.024451663653802306,0.014476059104086843,0.022727272727272728,0.0,0.12442396313364056,0.04085336941214189,0.02174251495953972,0.03508771929824561,0.0,0.17560975609756097
networkaragon,0.5,1.0,0.1,0.13490859370905015,0.05184695492466895,0.16666666666666666,0.045454545454545456,0.3157894736842105,0.02429689350544166,0.014176984445351768,0.01639344262295082,0.005681818181818182,0.1322314049586777,0.040589451795146336,0.02089972883156509,0.03508771929824561,0.01038961038961039,0.18497109826589594
networkaragon,0.5,1.0,0.25,0.1425156766650163,0.05459283030972901,0.14285714285714285,0.043795620437956206,0.35714285714285715,0.025620134203156886,0.01426784286705775,0.020833333333333332,0.004424778761061947,0.1152073732718894,0.04284614787379413,0.021353908805902842,0.0425531914893617,0.008275862068965517,0.16260162601626016
networkaragon,0.5,1.0,0.5,0.15309301569092326,0.05766714130738171,0.16666666666666666,0.04878048780487805,0.42105263157894735,0.027482623406311274,0.014487674422131462,0.013986013986013986,0.0058997050147492625,0.12672811059907835,0.04599174403801718,0.021928120057773268,0.043795620437956206,0.011034482758620689,0.17886178861788618
networkaragon,0.5,1.0,0.75,0.1634557464268636,0.05767073573645973,0.25,0.05,0.4166666666666667,0.029188635741626272,0.01477386777010726,0.025974025974025976,0.006872852233676976,0.11456628477905073,0.04889644640508449,0.022269192200266005,0.0392156862745098,0.012084592145015106,0.15963511972633979
networkaragon,0.5,1.0,1.0,0.17241578976718505,0.061274309667837916,0.2,0.05384615384615385,0.5294117647058824,0.030461675122768213,0.01403493906607733,0.03488372093023256,0.006153846153846154,0.10829493087557604,0.05114383769381842,0.021415966853592948,0.047244094488188976,0.0110803324099723,0.15284552845528454
networkaragon,0.5,1.0,2.0,0.20893351320747894,0.07846321620036463,0.2,0.07547169811320754,0.7142857142857143,0.03653095640349759,0.015502353337963416,0.043478260869565216,0.01032448377581121,0.0967741935483871,0.061437227787541925,0.02412611526076965,0.058394160583941604,0.019310344827586205,0.14400000000000002
networkaragon,0.5,1.0,3.0,0.23054610136296622,0.0822187218867399,0.2,0.0782122905027933,0.5833333333333334,0.04014526979456615,0.01670099339472986,0.030303030303030304,0.01327433628318584,0.109375,0.0675642691312257,0.02594421970296428,0.08333333333333333,0.02476780185758514,0.175
networkaragon,0.5,1.0,5.0,0.25371049847106836,0.08985298854583111,0.25,0.07894736842105263,0.7142857142857143,0.043845757572463145,0.017009397500289233,0.05555555555555555,0.01327433628318584,0.140625,0.07392674066196064,0.026837518188825057,0.08333333333333334,0.024,0.225
networkaragon,0.5,2.0,0,0.1497400370511434,0.06263536321363553,0.14285714285714285,0.03333333333333333,0.5333333333333333,0.026536199436442254,0.014338724420170557,0.01639344262295082,0.006349206349206349,0.11059907834101383,0.044494964350565665,0.021967428984826145,0.025559105431309903,0.010666666666666668,0.15609756097560976
networkaragon,0.5,2.0,0.1,0.15277889026299543,0.05852804356785803,0.14285714285714285,0.05128205128205128,0.3333333333333333,0.027061177711010836,0.013807718553942597,0.02564102564102564,0.007374631268436578,0.1152073732718894,0.04538339356499099,0.020989548814321926,0.02,0.013793103448275862,0.16260162601626016
networkaragon,0.5,2.0,0.25,0.15740113192244096,0.06120121411474926,0.2,0.05063291139240506,0.4166666666666667,0.027838006376646043,0.014015349548218203,0.01639344262295082,0.0058997050147492625,0.10829493087557604,0.04670650655214793,0.02146906810881605,0.016,0.010638297872340425,0.15284552845528454
networkaragon,0.5,2.0,0.5,0.1633993021378241,0.06303498436141024,0.14285714285714285,0.05042016806722689,0.5,0.028943748627204488,0.014758652171936436,0.02564102564102564,0.006396588486140725,0.12211981566820276,0.04853072792175271,0.022397758529233737,0.026607538802660754,0.011406844106463877,0.17235772357723575
networkaragon,0.5,2.0,0.75,0.1723060418145658,0.06589112971283223,0.2,0.06451612903225806,0.42857142857142855,0.03019247309791916,0.013689107433391674,0.022727272727272728,0.007374631268436578,0.08755760368663594,0.05074428817258875,0.021192744016126613,0.03508771929824561,0.013793103448275862,0.128
networkaragon,0.5,2.0,1.0,0.17738664375138624,0.06495755031573551,0.2,0.05825242718446602,0.5,0.03121813771142985,0.014467118259226423,0.02127659574468085,0.008746355685131196,0.10368663594470046,0.05241458199465193,0.022033361043859934,0.03305785123966942,0.015209125475285173,0.14634146341463414
networkaragon,0.5,2.0,2.0,0.20804406717679674,0.07896642004120422,0.25,0.05825242718446602,0.5294117647058824,0.03632270044207982,0.015979221384202234,0.034482758620689655,0.0058997050147492625,0.10965630114566285,0.06109120445187449,0.024807357375452338,0.042105263157894736,0.011034482758620689,0.15999999999999998
networkaragon,0.5,2.0,3.0,0.22727989220606531,0.08144871590172607,0.25,0.08379888268156424,0.5714285714285714,0.03932814106161297,0.015533004738094897,0.0625,0.011857707509881422,0.0970873786407767,0.06626569548134,0.02431268452091821,0.05063291139240506,0.02127659574468085,0.15999999999999998
networkaragon,0.5,2.0,5.0,0.25579314702976197,0.0899388394510897,0.3333333333333333,0.0893854748603352,0.7142857142857143,0.044272385282735006,0.01731984678945217,0.047619047619047616,0.01032448377581121,0.10965630114566285,0.07461297097724233,0.027162255874287094,0.06896551724137931,0.019310344827586205,0.175
networkaragon,0.5,3.0,0,0.15709614902994043,0.062038858193920174,0.25,0.05172413793103448,0.4,0.027720651588218653,0.013995667609772064,0.015384615384615385,0.005928853754940711,0.11290322580645161,0.04650014868305858,0.02133027514232619,0.0625,0.010638297872340425,0.15934959349593494
networkaragon,0.5,3.0,0.1,0.15239156578610963,0.06014821255499008,0.14285714285714285,0.0379746835443038,0.4,0.026736577973177345,0.01321263715521119,0.023255813953488372,0.0058997050147492625,0.09907834101382489,0.044899570485695615,0.020144620102023055,0.025477707006369425,0.011034482758620689,0.13983739837398373
networkaragon,0.5,3.0,0.25,0.16012002129979563,0.06497034381620301,0.16666666666666666,0.05128205128205128,0.4166666666666667,0.028099750947716648,0.013950932405291452,0.015384615384615385,0.007905138339920948,0.09656301145662848,0.04719013346824264,0.02148202140179944,0.03508771929824561,0.014184397163120565,0.1345496009122007
networkaragon,0.5,3.0,0.5,0.16766026034260093,0.06586184792946041,0.14285714285714285,0.058823529411764705,0.42857142857142855,0.02935351886986651,0.014119028459744078,0.022727272727272728,0.008849557522123894,0.10801963993453355,0.04930872814867256,0.02155237978785833,0.03257328990228013,0.016551724137931035,0.15051311288483465
networkaragon,0.5,3.0,0.75,0.16950701992743827,0.06919543518138403,0.14285714285714285,0.05172413793103448,0.4375,0.029829711075616144,0.01494718545374265,0.023809523809523808,0.005928853754940711,0.109375,0.05007265880995726,0.023068956508592458,0.024390243902439022,0.010638297872340425,0.175
networkaragon,0.5,3.0,1.0,0.17814185946832695,0.06714011162436151,0.2857142857142857,0.05217391304347826,0.42857142857142855,0.03130377887058769,0.01475059022304291,0.02564102564102564,0.00702576112412178,0.1175115207373272,0.05257247298292206,0.022620837971896336,0.031042128603104215,0.01238390092879257,0.16585365853658537
networkaragon,0.5,3.0,2.0,0.19995223321629763,0.07656737258784152,0.2,0.07246376811594203,0.5714285714285714,0.034874060759139985,0.015425906994903574,0.022727272727272728,0.008859357696566999,0.09907834101382489,0.058648258981929956,0.02388776261998228,0.05263157894736842,0.016,0.14400000000000002
networkaragon,0.5,3.0,3.0,0.22553709556923635,0.08485681017927471,0.3333333333333333,0.09259259259259259,0.5714285714285714,0.039274620593133636,0.01679518097962137,0.0625,0.01032448377581121,0.109375,0.0660974575731525,0.02624729204479331,0.0392156862745098,0.019310344827586205,0.175
networkaragon,0.5,3.0,5.0,0.2516803587589615,0.08897556264287561,0.25,0.1076923076923077,0.7142857142857143,0.043470192841565045,0.016634376601487387,0.030303030303030304,0.013289036544850499,0.125,0.07327755307238426,0.026093938557460325,0.0625,0.024,0.2
networkaragon,0.5,5.0,0,0.13968781215741236,0.07426725109306938,0.14285714285714285,0.03333333333333333,0.42857142857142855,0.02398436921537036,0.013151315617462505,0.02127659574468085,0.005312084993359893,0.08019639934533551,0.04045400629293761,0.021357117417766372,0.03908794788273615,0.009205983889528193,0.11538461538461538
networkaragon,0.5,5.0,0.1,0.1398306095981985,0.07518815608332509,0.14285714285714285,0.018633540372670808,0.42857142857142855,0.023851886320367274,0.012783626489797738,0.043478260869565216,0.004615384615384616,0.07855973813420622,0.040267702066039794,0.020842346142299347,0.03908794788273615,0.007398273736128238,0.11538461538461538
networkaragon,0.5,5.0,0.25,0.1387110098407943,0.07230524487006668,0.25,0.03296703296703297,0.4166666666666667,0.023686552867938207,0.012440937963600737,0.015037593984962405,0.00585480093676815,0.06796116504854369,0.039998639584020584,0.020384724175048694,0.0625,0.010319917440660476,0.11538461538461538
networkaragon,0.5,5.0,0.5,0.14423589406227857,0.07657103769973787,0.125,0.04225352112676056,0.42857142857142855,0.02454482855005124,0.01285880210481606,0.01567398119122257,0.00585480093676815,0.078125,0.04146188425969863,0.021105160493172983,0.04878048780487805,0.010319917440660476,0.125
networkaragon,0.5,5.0,0.75,0.14341168028644902,0.07747042798088741,0.1111111111111111,0.024691358024691357,0.42857142857142855,0.024513765628443217,0.01340162537057814,0.02564102564102564,0.0036363636363636364,0.078125,0.04137454729577371,0.021901254467636203,0.03508771929824561,0.006339144215530904,0.125
networkaragon,0.5,5.0,1.0,0.149208710376276,0.08024720223824254,0.125,0.022222222222222223,0.4444444444444444,0.02554283853978278,0.013882569211672038,0.015384615384615385,0.00423728813559322,0.078125,0.043107250352428926,0.022714460395122125,0.019230769230769232,0.0071174377224199285,0.12612612612612611
networkaragon,0.5,5.0,2.0,0.15740860241825416,0.08570562407391802,0.3333333333333333,0.045454545454545456,0.5714285714285714,0.026930176720226552,0.014830521158293622,0.013745704467353952,0.005928853754940711,0.08019639934533551,0.045443047341738,0.024140231390620947,0.02898550724637681,0.010638297872340425,0.12612612612612611
networkaragon,0.5,5.0,3.0,0.173263619271761,0.09464515472842723,0.3333333333333333,0.044444444444444446,0.7142857142857143,0.029582282143253938,0.015851628962411296,0.03365384615384615,0.0058997050147492625,0.09375,0.04993837913529874,0.025922213326486938,0.016,0.011034482758620689,0.15
networkaragon,0.5,5.0,5.0,0.20136485384525682,0.10303124354882852,0.3333333333333333,0.04938271604938271,0.7142857142857143,0.03455725209660087,0.017789935564242992,0.022727272727272728,0.007272727272727273,0.109375,0.05830277105541654,0.02904567520769553,0.08333333333333333,0.012678288431061807,0.17600000000000002
networkaragon,0.75,0,0,0.07062029933416121,0.047558858312907466,0.0,0.0,0.2541436464088398,0.013608951045019989,0.01280150490400231,0.0,0.0,0.10599078341013825,0.02247103320502212,0.01937085419449646,0.0,0.0,0.14959349593495935
networkaragon,0.75,0,0.1,0.07305029388342757,0.04580900613723441,0.0,0.0,0.23684210526315788,0.014063413496227988,0.012637764166743505,0.0,0.0,0.10310965630114566,0.02322966577299461,0.01904465877213763,0.0,0.0,0.14367160775370583
networkaragon,0.75,0,0.25,0.07802436861640662,0.049691959383428214,0.0,0.0,0.375,0.014787523958761874,0.013224405967952345,0.0,0.0,0.10599078341013825,0.024493152426107945,0.02010302341888564,0.0,0.0,0.14959349593495935
networkaragon,0.75,0,0.5,0.09305317716874939,0.04983111166908373,0.0,0.0,0.3333333333333333,0.01764104295228093,0.014205860481550934,0.0,0.0,0.12903225806451613,0.029223061741411472,0.021216077254810357,0.0,0.0,0.18211382113821137
networkaragon,0.75,0,0.75,0.10644021801693201,0.0547185296564909,0.0,0.0,0.3157894736842105,0.019866182229902805,0.014535656363604356,0.0,0.0,0.10368663594470046,0.033008032996402634,0.022006512982639063,0.0,0.0,0.14634146341463414
networkaragon,0.75,0,1.0,0.1198583131228824,0.054631405991381915,0.125,0.0,0.32,0.021716603941073272,0.013102808106195993,0.0,0.0,0.09656301145662848,0.03627925828865164,0.019982963786844537,0.0,0.0,0.1345496009122007
networkaragon,0.75,0,2.0,0.18280679544454193,0.06823125043495884,0.2,0.03571428571428571,0.4375,0.03213903334258231,0.014596802380429623,0.030303030303030304,0.005797101449275362,0.09375,0.05401362802722907,0.02268581094161409,0.02830188679245283,0.00997506234413965,0.15
networkaragon,0.75,0,3.0,0.22642142776034446,0.08190467923576171,0.3333333333333333,0.06923076923076923,0.7142857142857143,0.03928063721536592,0.01591962619568657,0.0625,0.011538461538461539,0.11267605633802817,0.06614556420876144,0.02474463057584912,0.04716981132075472,0.019780219780219783,0.18390804597701152
networkaragon,0.75,0,5.0,0.2502033069437039,0.09072507710323682,0.25,0.08403361344537816,0.5714285714285714,0.04325461277923503,0.01727350582173949,0.043478260869565216,0.015384615384615385,0.125,0.07291764770559121,0.027314662435330685,0.07142857142857142,0.027472527472527472,0.2
networkaragon,0.75,0.1,0,0.07611559696922844,0.047607864258083075,0.0,0.0,0.281767955801105,0.014569817673593779,0.012854193574469003,0.0,0.0,0.1175115207373272,0.024097311807936415,0.019419813285753786,0.0,0.0,0.16585365853658537
networkaragon,0.75,0.1,0.1,0.08113863217109821,0.051055348407997705,0.0,0.0,0.2727272727272727,0.01562746951056426,0.014518452409532938,0.0,0.0,0.11059907834101383,0.02577975853962132,0.02168276105479662,0.0,0.0,0.15609756097560976
networkaragon,0.75,0.1,0.25,0.08986598064746014,0.0493001622235542,0.0,0.0,0.292817679558011,0.017005263689196838,0.014408561791820566,0.0,0.0,0.12211981566820276,0.02815351206846918,0.02142611203982115,0.0,0.0,0.17235772357723575
networkaragon,0.75,0.1,0.5,0.09812046727540757,0.05591312245996381,0.0,0.0,0.3333333333333333,0.018182056024995723,0.013333234093248467,0.0,0.0,0.09907834101382489,0.030254137674087044,0.02046819560084582,0.0,0.0,0.13983739837398373
networkaragon,0.75,0.1,0.75,0.11286556732677923,0.054561696930040864,0.1,0.0,0.4166666666666667,0.020834145214621746,0.01379317184290429,0.0,0.0,0.1152073732718894,0.03470480203204293,0.021044200160679198,0.0,0.0,0.16260162601626016
networkaragon,0.75,0.1,1.0,0.12539534367262786,0.056504582704905416,0.14285714285714285,0.0,0.3333333333333333,0.022901584423418858,0.014327623551357924,0.0,0.0,0.11292962356792144,0.03819885476638211,0.021682539883940897,0.0,0.0,0.1573546180159635
networkaragon,0.75,0.1,2.0,0.18947273750657012,0.0669315325727041,0.2,0.06896551724137931,0.5,0.03321651932305787,0.01441932439686248,0.02127659574468085,0.007905138339920948,0.1152073732718894,0.055830293622404825,0.022082192707139472,0.03773584905660377,0.014184397163120565,0.16260162601626016
networkaragon,0.75,0.1,3.0,0.22647979616248867,0.08156279888094763,0.2,0.0782608695652174,0.5833333333333334,0.03934711499983935,0.015993823369701267,0.030303030303030304,0.008849557522123894,0.11129296235679215,0.06625564233044773,0.02495205220397704,0.08333333333333333,0.016551724137931035,0.1565217391304348
networkaragon,0.75,0.1,5.0,0.2507813352031981,0.0895394709479359,0.3333333333333333,0.09497206703910614,0.7142857142857143,0.04317047613956456,0.016112016979286298,0.030303030303030304,0.011799410029498525,0.109375,0.0728327974678089,0.02551979052238261,0.0625,0.022068965517241378,0.175
networkaragon,0.75,0.25,0,0.08131878636505882,0.05144604539562039,0.0,0.0,0.4,0.01537533705873598,0.013390152129789336,0.0,0.0,0.10599078341013825,0.025458509655550726,0.020178131325875925,0.0,0.0,0.14959349593495935
networkaragon,0.75,0.25,0.1,0.0873876227823318,0.04991597246010391,0.0,0.0,0.2727272727272727,0.01636013958384598,0.013407965887361515,0.0,0.0,0.10829493087557604,0.02713731051661775,0.02012563293872997,0.0,0.0,0.15284552845528454
networkaragon,0.75,0.25,0.25,0.08748404701486652,0.05011553487628246,0.0,0.0,0.2608695652173913,0.01665957105471206,0.013767402367458008,0.0,0.0,0.11292962356792144,0.02756670357982509,0.02064410225072839,0.0,0.0,0.1573546180159635
networkaragon,0.75,0.25,0.5,0.10484702938940743,0.04875742656252019,0.1111111111111111,0.0,0.3314917127071823,0.019442777122044758,0.013808702900729504,0.0,0.0,0.1382488479262673,0.032332259349946026,0.02058736222964899,0.0,0.0,0.1951219512195122
networkaragon,0.75,0.25,0.75,0.11847900147798308,0.05271256292992659,0.1111111111111111,0.0,0.35714285714285715,0.021823351065835914,0.01421064484178578,0.011363636363636364,0.0,0.1152073732718894,0.036356772105260594,0.02137953622786896,0.03508771929824561,0.0,0.16260162601626016
networkaragon,0.75,0.25,1.0,0.13751689935310082,0.05822194711161035,0.14285714285714285,0.0,0.4117647058823529,0.024885762759036152,0.014567565846744422,0.022222222222222223,0.0,0.09907834101382489,0.04160044786445874,0.022284390587154677,0.0392156862745098,0.0,0.13983739837398373
networkaragon,0.75,0.25,2.0,0.19797504044441805,0.07165517228931571,0.14285714285714285,0.057971014492753624,0.5625,0.034784443564129054,0.015588257877158769,0.03,0.008547008547008548,0.10965630114566285,0.058454313217736684,0.02400864160038423,0.06896551724137931,0.015625000000000003,0.1565217391304348
networkaragon,0.75,0.25,3.0,0.22644265871319633,0.0816735552101586,0.2,0.09649122807017543,0.5714285714285714,0.03918898230461168,0.015656241196768964,0.027777777777777776,0.01524390243902439,0.10310965630114566,0.06602668527643046,0.024471212584622936,0.06140350877192982,0.02770083102493075,0.15
networkaragon,0.75,0.25,5.0,0.24972204340842752,0.08569723807510468,0.3333333333333333,0.08403361344537816,0.7142857142857143,0.043194392665806866,0.016266120452332174,0.07692307692307693,0.01327433628318584,0.125,0.0728156442637168,0.025552224511822392,0.06557377049180328,0.02482758620689655,0.2
networkaragon,0.75,0.5,0,0.09854866393844222,0.05405517272240121,0.0,0.0,0.292817679558011,0.018594903911666183,0.014889742453177942,0.0,0.0,0.12211981566820276,0.03082840052865512,0.022349826392970038,0.0,0.0,0.17235772357723575
networkaragon,0.75,0.5,0.1,0.10385987932004963,0.049579760800901124,0.0,0.0,0.3076923076923077,0.019213873713156398,0.013769333118589439,0.0,0.0,0.1152073732718894,0.03196273105607941,0.020625738431120966,0.0,0.0,0.16260162601626016
networkaragon,0.75,0.5,0.25,0.11047471145655303,0.05372160313264291,0.125,0.0,0.35714285714285715,0.020323507241155635,0.013644679987371008,0.0,0.0,0.11059907834101383,0.033858213348621304,0.02065506070625684,0.0,0.0,0.15609756097560976
networkaragon,0.75,0.5,0.5,0.12345909783059507,0.052836881241939845,0.14285714285714285,0.0,0.375,0.02251680005439501,0.01398481476642685,0.0125,0.0,0.10474631751227496,0.037569083764111014,0.021129559299841595,0.06896551724137931,0.0,0.14634146341463414
networkaragon,0.75,0.5,0.75,0.1349870376354414,0.05426752483300666,0.14285714285714285,0.0,0.4166666666666667,0.024535047140595394,0.014991552569976536,0.02127659574468085,0.0,0.11620294599018004,0.04094289332022403,0.02234107853577947,0.04878048780487805,0.0,0.16191562143671606
networkaragon,0.75,0.5,1.0,0.15241557267229058,0.05692300032961997,0.1,0.0,0.4117647058823529,0.0272713396048329,0.01403831792260162,0.030303030303030304,0.0,0.10474631751227496,0.04567222511097567,0.02124401856558831,0.02112676056338028,0.0,0.1459521094640821
networkaragon,0.75,0.5,2.0,0.19770786442611687,0.07038129609889118,0.25,0.07017543859649122,0.4666666666666667,0.03465451199241175,0.015145597568589757,0.028985507246376812,0.008849557522123894,0.10638297872340426,0.05825800189162827,0.023292856774526745,0.03614457831325301,0.016551724137931035,0.15
networkaragon,0.75,0.5,3.0,0.22855991525157632,0.0867070482033038,0.3333333333333333,0.07017543859649122,0.7142857142857143,0.039586620426331875,0.01645227585648359,0.043478260869565216,0.012181616832779624,0.125,0.06669028093232526,0.025855738358159623,0.08333333333333334,0.022000000000000002,0.2
networkaragon,0.75,0.5,5.0,0.25231107158899213,0.08911895445689919,0.2,0.10084033613445378,0.7142857142857143,0.0435259124304546,0.016460793299701366,0.047619047619047616,0.014749262536873156,0.109375,0.0734109107545594,0.026040246657018137,0.08333333333333333,0.027586206896551724,0.175
networkaragon,0.75,0.75,0,0.1147146953683716,0.048133080964557345,0.125,0.0,0.2857142857142857,0.021037991852255168,0.013191788014013483,0.0,0.0,0.10138248847926268,0.03507288610067725,0.019808854541219077,0.0,0.0,0.14308943089430895
networkaragon,0.75,0.75,0.1,0.11836069903643057,0.04951022886991111,0.11764705882352941,0.0,0.3684210526315789,0.021613194380989357,0.013696450306006847,0.02,0.0,0.12442396313364056,0.03604484985665541,0.020485513541808224,0.036036036036036036,0.0,0.17560975609756097
networkaragon,0.75,0.75,0.25,0.12017737407739452,0.05125076406695895,0.1,0.0,0.36363636363636365,0.02200104564334156,0.013762978800539767,0.0,0.0,0.10638297872340426,0.0366914008579041,0.02076362189861887,0.0,0.0,0.14823261117445838
networkaragon,0.75,0.75,0.5,0.13905243093185055,0.05228168124403261,0.1,0.043478260869565216,0.3333333333333333,0.0250163159192243,0.01378541295174548,0.018867924528301886,0.004424778761061947,0.11290322580645161,0.04184619254579209,0.020656855706551645,0.02531645569620253,0.008275862068965517,0.15934959349593494
networkaragon,0.75,0.75,0.75,0.14955538023317688,0.056961776793224304,0.14285714285714285,0.0,0.4,0.026619422257613122,0.013831470271489985,0.02127659574468085,0.0,0.10829493087557604,0.044597321485514284,0.020909752810525404,0.05063291139240506,0.0,0.15284552845528454
networkaragon,0.75,0.75,1.0,0.16089108784997766,0.06038984148315049,0.14285714285714285,0.050505050505050504,0.42857142857142855,0.028334905933757478,0.01364815166674343,0.017241379310344827,0.007704160246533128,0.10474631751227496,0.04757753498599807,0.020880589744101594,0.03508771929824561,0.013368983957219251,0.15
networkaragon,0.75,0.75,2.0,0.20292348477320268,0.0737327831347396,0.16666666666666666,0.06896551724137931,0.5333333333333333,0.035508127962001104,0.015237378065940471,0.01694915254237288,0.007905138339920948,0.10147299509001637,0.05970315251161328,0.023561999837056632,0.052083333333333336,0.014184397163120565,0.14139110604332955
networkaragon,0.75,0.75,3.0,0.22557631068107228,0.0767420072453377,0.25,0.07017543859649122,0.5714285714285714,0.03940553343660383,0.01600447314242719,0.0625,0.009146341463414634,0.10368663594470046,0.06629863485420538,0.024730651961783142,0.08333333333333334,0.01675977653631285,0.16091954022988506
networkaragon,0.75,0.75,5.0,0.2545037899961783,0.09199463823591798,0.25,0.09523809523809523,0.7142857142857143,0.043791476704828476,0.016513189091510717,0.0625,0.01405152224824356,0.109375,0.07388999966934683,0.026241459557884383,0.05882352941176471,0.02476780185758514,0.175
networkaragon,0.75,1.0,0,0.12491580922498285,0.05184973843115788,0.125,0.0,0.42857142857142855,0.02241610048980873,0.013311025181703249,0.0136986301369863,0.0,0.11783960720130933,0.03747129609726263,0.019834770095044082,0.0221606648199446,0.0,0.16419612314709237
networkaragon,0.75,1.0,0.1,0.1278779174021713,0.04934225848028536,0.14285714285714285,0.03225806451612903,0.3125,0.023201814392759142,0.013531832460099152,0.02127659574468085,0.004424778761061947,0.10310965630114566,0.038770792131936155,0.02040804924525735,0.018691588785046728,0.007782101167315174,0.14367160775370583
networkaragon,0.75,1.0,0.25,0.138803834833672,0.054020998673641844,0.14285714285714285,0.043478260869565216,0.3333333333333333,0.024952361913192982,0.013822982650521603,0.01282051282051282,0.005934718100890208,0.10638297872340426,0.04173015265171786,0.020820683510598452,0.027027027027027025,0.010840108401084013,0.14823261117445838
networkaragon,0.75,1.0,0.5,0.14648649363364072,0.05810996562838128,0.14285714285714285,0.045454545454545456,0.4166666666666667,0.025977145871641384,0.013551408906864919,0.03488372093023256,0.006097560975609756,0.10330578512396695,0.04354825010157997,0.020599132452326682,0.04132231404958678,0.011173184357541898,0.1445086705202312
networkaragon,0.75,1.0,0.75,0.15151115647675664,0.05544596905144558,0.14285714285714285,0.034482758620689655,0.42857142857142855,0.026802688397545755,0.013189768531661478,0.024,0.003952569169960474,0.10599078341013825,0.04495451803661091,0.01989021256354225,0.023529411764705882,0.007092198581560283,0.14959349593495935
networkaragon,0.75,1.0,1.0,0.16305935504628993,0.05758917166448669,0.16666666666666666,0.05154639175257732,0.36363636363636365,0.02867872377061131,0.013532608895154546,0.018018018018018018,0.008902077151335312,0.10950413223140495,0.048151830691736994,0.020405172655878937,0.0390625,0.01620745542949757,0.15317919075144507
networkaragon,0.75,1.0,2.0,0.20136655274872456,0.07367708345301317,0.25,0.06153846153846154,0.5714285714285714,0.03512914544263748,0.015025463995339253,0.02564102564102564,0.010256410256410256,0.10965630114566285,0.05908899267714061,0.02313690536554486,0.04291845493562232,0.017582417582417582,0.15279361459521096
networkaragon,0.75,1.0,3.0,0.22645477849099047,0.08217705619570255,0.25,0.07563025210084033,0.7142857142857143,0.039215612784155585,0.015588043327442831,0.02702702702702703,0.01032448377581121,0.109375,0.06606842378364312,0.024385943132977844,0.047058823529411764,0.019310344827586205,0.175
networkaragon,0.75,1.0,5.0,0.25542809101552455,0.08766517645731728,0.2,0.0893854748603352,0.7142857142857143,0.04408399066910158,0.01646039608598736,0.043478260869565216,0.01327433628318584,0.125,0.07434745782092414,0.025921981926753497,0.08333333333333333,0.02482758620689655,0.2
networkaragon,0.75,2.0,0,0.14514733361601284,0.05553023023350342,0.14285714285714285,0.034482758620689655,0.42857142857142855,0.025711096807483895,0.013179258154793093,0.018018018018018018,0.003952569169960474,0.10368663594470046,0.04309849483484387,0.019899334897585427,0.03508771929824561,0.007092198581560283,0.14634146341463414
networkaragon,0.75,2.0,0.1,0.14704801796606956,0.05613902896120695,0.14285714285714285,0.05,0.4,0.026033402109472883,0.013155234390280612,0.02127659574468085,0.006396588486140725,0.09917355371900827,0.043657764327585356,0.019936379671992955,0.018691588785046728,0.011406844106463877,0.13983739837398373
networkaragon,0.75,2.0,0.25,0.15070003691607609,0.056493692690061076,0.125,0.05172413793103448,0.4166666666666667,0.02664376794081441,0.013318567552158754,0.023255813953488372,0.005928853754940711,0.0944700460829493,0.044681211538132676,0.02016121314116935,0.03508771929824561,0.010638297872340425,0.13333333333333333
networkaragon,0.75,2.0,0.5,0.16052070833968535,0.06038546677038782,0.1,0.046153846153846156,0.4166666666666667,0.028214769627234217,0.013258364171984867,0.04,0.005928853754940711,0.08986175115207373,0.047400747556075436,0.02043282361431556,0.03305785123966942,0.010638297872340425,0.12682926829268293
networkaragon,0.75,2.0,0.75,0.16836525718485618,0.06328468693169163,0.16666666666666666,0.05042016806722689,0.42857142857142855,0.029452869267551637,0.013410621016370234,0.021645021645021644,0.007905138339920948,0.09492635024549918,0.04951342137913729,0.02067475827949853,0.031413612565445025,0.014184397163120565,0.1322690992018244
networkaragon,0.75,2.0,1.0,0.17464747328348504,0.06988516506413195,0.17647058823529413,0.06060606060606061,0.42857142857142855,0.030582768831528297,0.014592509187660387,0.025974025974025976,0.007374631268436578,0.10147299509001637,0.05140587839846452,0.02267972073893946,0.03257328990228013,0.013793103448275862,0.15
networkaragon,0.75,2.0,2.0,0.2008265090336057,0.07565109438990889,0.3333333333333333,0.07936507936507936,0.5625,0.03502272899070218,0.015092031775751948,0.03125,0.011799410029498525,0.09165302782324058,0.05890942852883239,0.023415917149900035,0.05405405405405405,0.022068965517241378,0.128
networkaragon,0.75,2.0,3.0,0.22628066955412157,0.07993170969214873,0.25,0.06722689075630252,0.6,0.03923058045126239,0.015362475311766936,0.0273972602739726,0.01032448377581121,0.10112359550561797,0.06608156861260156,0.02400207241498006,0.0975609756097561,0.019310344827586205,0.17307692307692304
networkaragon,0.75,2.0,5.0,0.2537971207852782,0.0913240698047747,0.25,0.1111111111111111,0.7142857142857143,0.043801919970487324,0.01674608271195639,0.047619047619047616,0.008849557522123894,0.125,0.07387045806360912,0.02655822535491512,0.08333333333333333,0.016551724137931035,0.2
networkaragon,0.75,3.0,0,0.14989412389001,0.05892213213680318,0.1111111111111111,0.04201680672268908,0.42857142857142855,0.026136219233967837,0.01269278365081387,0.015384615384615385,0.008210180623973728,0.09917355371900827,0.04394301461160868,0.01941683961140736,0.03125000000000001,0.013736263736263736,0.13872832369942198
networkaragon,0.75,3.0,0.1,0.1529537314157085,0.05748839927364276,0.14285714285714285,0.04285714285714286,0.3333333333333333,0.026900839675566616,0.012824061905210698,0.020202020202020204,0.005928853754940711,0.09216589861751152,0.04515619959452768,0.01952553528638751,0.026607538802660754,0.010638297872340425,0.13008130081300814
networkaragon,0.75,3.0,0.25,0.15545836111095981,0.06364161650714723,0.125,0.04201680672268908,0.47058823529411764,0.027315511294304297,0.01362567311238052,0.02127659574468085,0.0058997050147492625,0.09492635024549918,0.04587932876769243,0.021114182029232688,0.026607538802660754,0.011034482758620689,0.13793103448275862
networkaragon,0.75,3.0,0.5,0.16040494888377485,0.06492528774534592,0.125,0.044444444444444446,0.42857142857142855,0.027998988161351546,0.013083580263785194,0.015384615384615385,0.00847457627118644,0.088379705400982,0.047074431187984246,0.020340606236388167,0.03508771929824562,0.014234875444839857,0.12314709236031927
networkaragon,0.75,3.0,0.75,0.16614912994888154,0.0710770639940878,0.16666666666666666,0.05042016806722689,0.4666666666666667,0.028943495696654224,0.014022835031453362,0.02127659574468085,0.0058997050147492625,0.10368663594470046,0.04867201493199474,0.021822541885619103,0.0390625,0.011034482758620689,0.14634146341463414
networkaragon,0.75,3.0,1.0,0.1723847662912519,0.07143354361434918,0.2222222222222222,0.05555555555555555,0.5,0.02994535981434472,0.013928620915830208,0.030303030303030304,0.007905138339920948,0.0967741935483871,0.05040945500537759,0.02187641378564064,0.046511627906976744,0.014184397163120565,0.14400000000000002
networkaragon,0.75,3.0,2.0,0.1971288173862671,0.07685769229163222,0.25,0.058823529411764705,0.5714285714285714,0.03439587627834921,0.015262276387929293,0.038461538461538464,0.007905138339920948,0.11267605633802817,0.05786651655446514,0.023943656783945753,0.0625,0.014184397163120565,0.18390804597701152
networkaragon,0.75,3.0,3.0,0.22141856060065213,0.08358328341618225,0.2,0.09243697478991597,0.5714285714285714,0.03833508443203951,0.015653665686204167,0.034482758620689655,0.008849557522123894,0.09375,0.0646007182318233,0.02474412105293605,0.0625,0.016551724137931035,0.15
networkaragon,0.75,3.0,5.0,0.24961973744387495,0.08496363135286158,0.25,0.1076923076923077,0.7142857142857143,0.04302917194455557,0.01565762019314052,0.0625,0.015810276679841896,0.09597523219814241,0.07257220031520671,0.024599963180574256,0.0821917808219178,0.02836879432624113,0.15384615384615383
networkaragon,0.75,5.0,0,0.13958209421623266,0.0739456180379549,0.18181818181818182,0.024691358024691357,0.4166666666666667,0.02391043773319395,0.012840459248090925,0.012437810945273632,0.0036363636363636364,0.078125,0.04034870012536911,0.020973005146489247,0.0392156862745098,0.006339144215530904,0.125
networkaragon,0.75,5.0,0.1,0.13988192971602315,0.07296636641137916,0.2,0.028985507246376812,0.4666666666666667,0.023931390174114105,0.012790291905253015,0.02127659574468085,0.004975124378109453,0.09165302782324058,0.040382166923383644,0.020675088448741052,0.019230769230769232,0.008492569002123142,0.12770809578107184
networkaragon,0.75,5.0,0.25,0.14233825782145326,0.07159676079735902,0.25,0.034482758620689655,0.4666666666666667,0.024340019973715793,0.012278081063559758,0.017699115044247787,0.003952569169960474,0.07865168539325842,0.04109952903619473,0.02008926429367855,0.0392156862745098,0.007092198581560283,0.13461538461538464
networkaragon,0.75,5.0,0.5,0.143539817633033,0.07384876094373218,0.1,0.032,0.4166666666666667,0.024586000918636924,0.013091485850599206,0.023255813953488372,0.0058997050147492625,0.08294930875576037,0.04149158429033876,0.021263030088443286,0.027923211169284468,0.010914051841746247,0.128
networkaragon,0.75,5.0,0.75,0.14806846322995063,0.07480337265856012,0.1,0.04938271604938271,0.42857142857142855,0.025432408193920304,0.013152697109894727,0.01639344262295082,0.0058997050147492625,0.078125,0.042889253920675885,0.021298003952809594,0.047058823529411764,0.010638297872340425,0.125
networkaragon,0.75,5.0,1.0,0.14941338617865776,0.07608307954573097,0.14285714285714285,0.044444444444444446,0.4444444444444444,0.025423644328203158,0.012768721497198975,0.043478260869565216,0.005928853754940711,0.07526881720430108,0.04293646422887192,0.02078783451369211,0.02898550724637681,0.010638297872340425,0.12612612612612611
networkaragon,0.75,5.0,2.0,0.16161424016391615,0.08440980866488795,0.16666666666666666,0.030534351145038167,0.5,0.027628004895784528,0.014732809904205777,0.027131782945736434,0.004429678848283499,0.09375,0.046633286831428214,0.023959599174734843,0.0392156862745098,0.008,0.15
networkaragon,0.75,5.0,3.0,0.17499337432539488,0.09014866851450681,0.14285714285714285,0.03333333333333333,0.5714285714285714,0.029861126798676654,0.014832860228866039,0.015384615384615385,0.006355932203389831,0.078125,0.0504237836744661,0.024351088597093742,0.0625,0.010676156583629894,0.12612612612612611
networkaragon,0.75,5.0,5.0,0.20612679475857235,0.1056506099786258,0.3333333333333333,0.048,0.7142857142857143,0.03523403265943764,0.017874307123763263,0.022727272727272728,0.00909090909090909,0.109375,0.05948084640795533,0.029245255600640556,0.08333333333333334,0.015847860538827255,0.175
networkaragon,1.0,0,0,0.06844158946790944,0.04440364332633602,0.0,0.0,0.23557692307692307,0.013331838663977873,0.012946892503372151,0.0,0.0,0.1012396694214876,0.021961522535903145,0.019333324802855566,0.0,0.0,0.14161849710982657
networkaragon,1.0,0,0.1,0.06899294403020831,0.04281588058716868,0.0,0.0,0.22932330827067668,0.013219734256705914,0.012048225167401505,0.0,0.0,0.09983633387888707,0.02184376463356514,0.018015339186534907,0.0,0.0,0.13911060433295325
networkaragon,1.0,0,0.25,0.0774423487362778,0.046376686657875116,0.0,0.0,0.2857142857142857,0.0146586066844523,0.012689144765313434,0.0,0.0,0.09710743801652892,0.02426998749205333,0.019159510855401112,0.0,0.0,0.13583815028901733
networkaragon,1.0,0,0.5,0.07926794607196051,0.04848473612423022,0.0,0.0,0.26666666666666666,0.015115415074933426,0.013212580333126382,0.0,0.0,0.11059907834101383,0.025017476388824615,0.01989968121157234,0.0,0.0,0.15609756097560976
networkaragon,1.0,0,0.75,0.09060632096713024,0.05005841716715122,0.0,0.0,0.25,0.017057851861245765,0.013122054421904554,0.0,0.0,0.09328968903436989,0.02831643860619657,0.01998987284403014,0.0,0.0,0.13008130081300814
networkaragon,1.0,0,1.0,0.10654190581391912,0.05084805773292384,0.14285714285714285,0.0,0.2926829268292683,0.019559390685924497,0.01307623207612164,0.0,0.0,0.11059907834101383,0.0325991385004997,0.019742787149910398,0.0,0.0,0.15609756097560976
networkaragon,1.0,0,2.0,0.17496771406242878,0.06605257917644153,0.14285714285714285,0.027777777777777776,0.42857142857142855,0.031004379982501596,0.014366443928316238,0.02127659574468085,0.003076923076923077,0.08450704225352113,0.05204076081188266,0.022309467820745006,0.05405405405405405,0.00554016620498615,0.13793103448275862
networkaragon,1.0,0,3.0,0.2223060101910673,0.08514653267912681,0.3333333333333333,0.07017543859649122,0.7142857142857143,0.038547262804161125,0.016011468227431283,0.03896103896103896,0.009146341463414634,0.109375,0.06493584231301561,0.025261777074882693,0.03846153846153846,0.01675977653631285,0.175
networkaragon,1.0,0,5.0,0.2511539474223752,0.0912668532948787,0.2,0.07894736842105263,0.7142857142857143,0.04331634317866673,0.016764303664840843,0.034482758620689655,0.011799410029498525,0.125,0.07306999705825398,0.026673526005449817,0.08333333333333333,0.022068965517241378,0.2
networkaragon,1.0,0.1,0,0.06819557256836797,0.04383250600056088,0.0,0.0,0.26519337016574585,0.013120323254393116,0.01224232557813384,0.0,0.0,0.11059907834101383,0.02167294832784314,0.018350929154516773,0.0,0.0,0.15609756097560976
networkaragon,1.0,0.1,0.1,0.070392766069717,0.044844177443298265,0.0,0.0,0.23756906077348067,0.013464148947467431,0.012328456228637362,0.0,0.0,0.09907834101382489,0.022267088144502244,0.01856500087234757,0.0,0.0,0.13983739837398373
networkaragon,1.0,0.1,0.25,0.07763594911562254,0.04725254666841109,0.0,0.0,0.27071823204419887,0.014861642827675424,0.012991644733975951,0.0,0.0,0.11290322580645161,0.024577118705469303,0.01955867809950617,0.0,0.0,0.15934959349593494
networkaragon,1.0,0.1,0.5,0.09026382139523834,0.05027499254957172,0.0,0.0,0.2857142857142857,0.0167924023427988,0.012423222787454464,0.0,0.0,0.09001636661211129,0.02792630387375068,0.018992404607924538,0.0,0.0,0.12542759407069556
networkaragon,1.0,0.1,0.75,0.09892202094038591,0.05079255142625828,0.0,0.0,0.2916666666666667,0.018480885853815975,0.013602195425056248,0.0,0.0,0.09819967266775777,0.030703647276277304,0.02058598365229674,0.0,0.0,0.13683010262257694
networkaragon,1.0,0.1,1.0,0.11639281299710544,0.057676947449055556,0.125,0.0,0.3684210526315789,0.02137727003758625,0.014421793444702654,0.0,0.0,0.10330578512396695,0.03561003043698159,0.021899073502963707,0.0,0.0,0.1445086705202312
networkaragon,1.0,0.1,2.0,0.18479986760144546,0.07102794055727402,0.2,0.03333333333333333,0.5263157894736842,0.032454150854771026,0.01490880262166128,0.030303030303030304,0.003048780487804878,0.10474631751227496,0.05454151264844321,0.02311817372347095,0.043859649122807015,0.005586592178770949,0.1459521094640821
networkaragon,1.0,0.1,3.0,0.22370245986130924,0.08034387602699879,0.2,0.1,0.5882352941176471,0.03887957367103697,0.015836325854006125,0.023809523809523808,0.01032448377581121,0.09656301145662848,0.06550685427018393,0.025046276257814214,0.06896551724137931,0.019310344827586205,0.1626016260162602
networkaragon,1.0,0.1,5.0,0.24934891938949844,0.0883345652037818,0.3333333333333333,0.09243697478991597,0.7142857142857143,0.043021220540812706,0.01644771068695584,0.0625,0.011799410029498525,0.109375,0.07256287367782653,0.026019283944040586,0.03252032520325203,0.022068965517241378,0.175
networkaragon,1.0,0.25,0,0.07509026147485488,0.0503024167866131,0.0,0.0,0.2857142857142857,0.01436421466790991,0.013449740655688582,0.0,0.0,0.11290322580645161,0.023742063979117118,0.02033869393766814,0.0,0.0,0.15934959349593494
networkaragon,1.0,0.25,0.1,0.07398359850518285,0.04539024630293588,0.0,0.0,0.2596685082872928,0.014180532183667435,0.012543920541924476,0.0,0.0,0.10829493087557604,0.023439701911242613,0.018842863568485572,0.0,0.0,0.15284552845528454
networkaragon,1.0,0.25,0.25,0.08751658574204788,0.05002948361572707,0.0,0.0,0.2857142857142857,0.01644760369493969,0.01314072716012276,0.0,0.0,0.10743801652892562,0.02730464962200925,0.01992308759471483,0.0,0.0,0.15028901734104047
networkaragon,1.0,0.25,0.5,0.09588521999441428,0.04971091511630074,0.0,0.0,0.3076923076923077,0.017735440070813818,0.01257207531697194,0.0,0.0,0.09907834101382489,0.02951647785301942,0.019105265483246446,0.0,0.0,0.13983739837398373
networkaragon,1.0,0.25,0.75,0.10962803339042511,0.05124277022458276,0.1,0.0,0.3103448275862069,0.02006061880329155,0.012922210029125164,0.0,0.0,0.10599078341013825,0.03345200674955749,0.01957692757190374,0.0,0.0,0.14959349593495935
networkaragon,1.0,0.25,1.0,0.1296046140089938,0.05753572728397703,0.14285714285714285,0.0,0.46153846153846156,0.023627288089857465,0.014326554195170172,0.0,0.0,0.08986175115207373,0.03944541963319362,0.021905138214964683,0.0,0.0,0.12682926829268293
networkaragon,1.0,0.25,2.0,0.18707248438011326,0.06580619105188776,0.16666666666666666,0.07272727272727272,0.4375,0.033132153616712075,0.015728294732164527,0.043478260869565216,0.009146341463414634,0.11620294599018004,0.055607005934731314,0.023989109099899132,0.05063291139240506,0.01662049861495845,0.16191562143671606
networkaragon,1.0,0.25,3.0,0.22580021516840493,0.07998462528317747,0.3333333333333333,0.08771929824561403,0.5714285714285714,0.03922495540724828,0.015835537678226878,0.043478260869565216,0.01032448377581121,0.125,0.06607271674104202,0.024860913490924223,0.0625,0.019310344827586205,0.2
networkaragon,1.0,0.25,5.0,0.24861200056404928,0.08822517717917024,0.25,0.09090909090909091,0.7142857142857143,0.04284537267040776,0.0162288496283464,0.0625,0.01524390243902439,0.125,0.07228005541992884,0.02571432220673092,0.08333333333333334,0.02770083102493075,0.2
networkaragon,1.0,0.5,0,0.09014150895463696,0.04623461814831824,0.0,0.0,0.24861878453038674,0.016803067548279323,0.012345936588156284,0.0,0.0,0.10368663594470046,0.027928295922271213,0.01860210815511585,0.0,0.0,0.14634146341463414
networkaragon,1.0,0.5,0.1,0.09188902800099327,0.049034119056082466,0.0,0.0,0.3333333333333333,0.01723094243506682,0.013058560788696699,0.0,0.0,0.10950413223140495,0.0286059032461277,0.019627582669082738,0.0,0.0,0.15317919075144507
networkaragon,1.0,0.5,0.25,0.10091850120569533,0.04825467489134696,0.1,0.0,0.3314917127071823,0.018730291403058465,0.01360260758418918,0.0,0.0,0.1382488479262673,0.031148641749511895,0.02028028664920197,0.0,0.0,0.1951219512195122
networkaragon,1.0,0.5,0.5,0.11675914654382588,0.04852281960739852,0.14285714285714285,0.0,0.4117647058823529,0.021263318727316852,0.012765278551277178,0.017391304347826087,0.0,0.10743801652892562,0.03549518141283135,0.019166661637300637,0.0,0.0,0.15028901734104047
networkaragon,1.0,0.5,0.75,0.13009039037850315,0.05579529720237158,0.1111111111111111,0.0,0.35714285714285715,0.02370542356950934,0.014336565205347667,0.02127659574468085,0.0,0.1175115207373272,0.0395704624890738,0.02162857319152386,0.0,0.0,0.16585365853658537
networkaragon,1.0,0.5,1.0,0.1483165473247733,0.05662943341128215,0.1111111111111111,0.03571428571428571,0.38461538461538464,0.02669665101746743,0.01423870593453823,0.04,0.0049261083743842365,0.10474631751227496,0.04466945854303955,0.02165303604930647,0.018018018018018018,0.008658008658008658,0.1459521094640821
networkaragon,1.0,0.5,2.0,0.19772012613425083,0.07640317855838036,0.25,0.07563025210084033,0.5714285714285714,0.034554834981672854,0.015188292293498072,0.043478260869565216,0.009146341463414634,0.09656301145662848,0.058134771793240024,0.023850263430505596,0.03125000000000001,0.01675977653631285,0.14414414414414414
networkaragon,1.0,0.5,3.0,0.2237186654298931,0.08160921212002156,0.2,0.08695652173913043,0.5714285714285714,0.03878402013276797,0.015486394882062838,0.038461538461538464,0.011799410029498525,0.109375,0.06533092795915484,0.024278494275113506,0.0975609756097561,0.022068965517241378,0.175
networkaragon,1.0,0.5,5.0,0.24956842438253857,0.08994770115253727,0.16666666666666666,0.09497206703910614,0.7142857142857143,0.04300751557033057,0.016353945690416757,0.05555555555555555,0.014396456256921373,0.09859154929577464,0.07254161358459504,0.025915088616772206,0.0625,0.026000000000000002,0.16216216216216214
networkaragon,1.0,0.75,0,0.10224339820223753,0.04558459422471367,0.1111111111111111,0.0,0.3125,0.018896209277066044,0.013215218730590493,0.0,0.0,0.10638297872340426,0.03143343396252059,0.019666282774702174,0.0,0.0,0.14823261117445838
networkaragon,1.0,0.75,0.1,0.11219467092853125,0.04888203175331911,0.125,0.0,0.42857142857142855,0.020377205657437215,0.012622591283778671,0.020833333333333332,0.0,0.0967741935483871,0.03399927508000644,0.018901842480885382,0.03305785123966942,0.0,0.13658536585365852
networkaragon,1.0,0.75,0.25,0.11613163099192869,0.048285723714392784,0.14285714285714285,0.02857142857142857,0.2857142857142857,0.020979150537587386,0.012438575450545362,0.011363636363636364,0.003676470588235294,0.10599078341013825,0.03505577468641647,0.018685331197561543,0.0410958904109589,0.006514657980456026,0.14959349593495935
networkaragon,1.0,0.75,0.5,0.13178683198302607,0.055429826583032804,0.14285714285714285,0.0,0.4,0.02345385139401055,0.012610866114633232,0.03125,0.0,0.0944700460829493,0.03929233453512556,0.019261041110039963,0.03571428571428571,0.0,0.13333333333333333
networkaragon,1.0,0.75,0.75,0.14324995553482986,0.057823526046450656,0.1111111111111111,0.038461538461538464,0.42857142857142855,0.02554013341555306,0.013583423159045382,0.041666666666666664,0.005319148936170213,0.10801963993453355,0.04279155683869874,0.020740569000794958,0.0392156862745098,0.009345794392523364,0.15051311288483465
networkaragon,1.0,0.75,1.0,0.15228382418964834,0.056280774433938786,0.14285714285714285,0.0625,0.35714285714285715,0.027028350534906972,0.013355871666496778,0.018867924528301886,0.005934718100890208,0.10138248847926268,0.045329572655561645,0.02034621256646176,0.043795620437956206,0.010840108401084013,0.14308943089430895
networkaragon,1.0,0.75,2.0,0.19827631824039665,0.07778029831402133,0.16666666666666666,0.07017543859649122,0.5294117647058824,0.03453254785117197,0.014902247041194637,0.02564102564102564,0.007374631268436578,0.09165302782324058,0.058118031814454935,0.023402081615194758,0.0625,0.013793103448275862,0.13793103448275862
networkaragon,1.0,0.75,3.0,0.22547795196215642,0.07797994427186876,0.2,0.09243697478991597,0.5294117647058824,0.03903812231868087,0.0148571411646039,0.043478260869565216,0.012307692307692308,0.09983633387888707,0.06579607577811558,0.023322713230434482,0.0625,0.0221606648199446,0.15
networkaragon,1.0,0.75,5.0,0.25324087823642233,0.0914890429973607,0.25,0.0893854748603352,0.7142857142857143,0.04357921401913788,0.016411350720390152,0.0625,0.01032448377581121,0.125,0.07352794723810555,0.02602608551864626,0.08333333333333333,0.019310344827586205,0.2
networkaragon,1.0,1.0,0,0.11918002815715947,0.05085070518196216,0.09090909090909091,0.02857142857142857,0.3333333333333333,0.021477202981305996,0.01282294765570258,0.02127659574468085,0.003048780487804878,0.10537190082644628,0.035887006490934986,0.019282114672830204,0.03508771929824561,0.005586592178770949,0.14739884393063582
networkaragon,1.0,1.0,0.1,0.12168818145478798,0.04914549366051854,0.1,0.0392156862745098,0.4166666666666667,0.02178471713810094,0.012282506314477396,0.01639344262295082,0.005361930294906166,0.09328968903436989,0.0364554679719428,0.01853379596195905,0.029850746268656716,0.009433962264150943,0.1300578034682081
networkaragon,1.0,1.0,0.25,0.13089696761592887,0.052074084040228175,0.1,0.029411764705882353,0.3333333333333333,0.023162443189632318,0.011920911067276677,0.011627906976744186,0.0045045045045045045,0.09090909090909091,0.038839596507075726,0.018110256222024484,0.03305785123966942,0.0078125,0.1271676300578035
networkaragon,1.0,1.0,0.5,0.13764951713300805,0.05257980451424895,0.1111111111111111,0.045454545454545456,0.3333333333333333,0.02444620138742181,0.0125208000012986,0.019704433497536946,0.006779661016949152,0.10138248847926268,0.04098526042571448,0.01902982283892278,0.049586776859504134,0.012048192771084336,0.14308943089430895
networkaragon,1.0,1.0,0.75,0.14964053510952235,0.05707574938543849,0.1,0.06172839506172839,0.38461538461538464,0.02662388793743857,0.013594081607627276,0.027777777777777776,0.008849557522123894,0.09001636661211129,0.04460830879979561,0.02063159713256106,0.024096385542168672,0.015847860538827255,0.12542759407069556
networkaragon,1.0,1.0,1.0,0.16066241240105916,0.05992482085349936,0.14285714285714285,0.05555555555555555,0.4090909090909091,0.028474640986613623,0.01404691521848878,0.02564102564102564,0.006153846153846154,0.10599078341013825,0.0477674034177207,0.021405663361914,0.04878048780487805,0.0110803324099723,0.14959349593495935
networkaragon,1.0,1.0,2.0,0.197251270919712,0.07169034292479351,0.25,0.06481481481481481,0.42857142857142855,0.03442622005082547,0.014727546353054344,0.043478260869565216,0.007374631268436578,0.09983633387888707,0.057915309034389156,0.02283814877161642,0.03773584905660377,0.013793103448275862,0.15
networkaragon,1.0,1.0,3.0,0.2223679838931081,0.08109227795563477,0.2,0.08247422680412371,0.7142857142857143,0.03852881805360524,0.015544770497425163,0.030303030303030304,0.01032448377581121,0.1267605633802817,0.06490724651865494,0.024358035239854595,0.05714285714285714,0.019310344827586205,0.20689655172413793
networkaragon,1.0,1.0,5.0,0.2501641675401565,0.08748480971732471,0.3333333333333333,0.09243697478991597,0.7142857142857143,0.04310812095360302,0.01602264869708632,0.043478260869565216,0.01327433628318584,0.125,0.0727126208236629,0.02526569405079036,0.08333333333333334,0.02482758620689655,0.2
networkaragon,1.0,2.0,0,0.1402366524029357,0.05623698460326113,0.1111111111111111,0.03361344537815126,0.42857142857142855,0.02455845386432476,0.012110887178404472,0.020833333333333332,0.006568144499178982,0.10330578512396695,0.04125195772132304,0.018471184333049787,0.027027027027027025,0.01098901098901099,0.1445086705202312
networkaragon,1.0,2.0,0.1,0.139758291126665,0.053211822618426836,0.14285714285714285,0.03361344537815126,0.4,0.024615338429081396,0.012286913467721108,0.030303030303030304,0.006568144499178982,0.09656301145662848,0.04130354835770385,0.0186141468482402,0.027027027027027025,0.01098901098901099,0.1345496009122007
networkaragon,1.0,2.0,0.25,0.14480803673928166,0.055490403247206214,0.125,0.038834951456310676,0.36363636363636365,0.025240234476153117,0.011473051309314291,0.01694915254237288,0.0058309037900874635,0.08139534883720931,0.042460603959635225,0.017732408715449507,0.031413612565445025,0.010139416983523447,0.11914893617021274
networkaragon,1.0,2.0,0.5,0.1541064926587094,0.06796297963955021,0.14285714285714285,0.03361344537815126,0.42857142857142855,0.026960840092558107,0.013794011839057336,0.01694915254237288,0.005928853754940711,0.08450704225352113,0.04532537617627416,0.021704792974201657,0.034334763948497854,0.010638297872340425,0.13793103448275862
networkaragon,1.0,2.0,0.75,0.15980230763525136,0.06494242194860535,0.125,0.04395604395604396,0.4166666666666667,0.028027417748098176,0.013547550764519365,0.021645021645021644,0.0058997050147492625,0.09216589861751152,0.047096034465510056,0.02105112107247887,0.027027027027027025,0.011034482758620689,0.13008130081300814
networkaragon,1.0,2.0,1.0,0.16625956284951426,0.060328225237426106,0.14285714285714285,0.03361344537815126,0.36363636363636365,0.029065258511794766,0.012710562751939202,0.043478260869565216,0.005928853754940711,0.08677685950413223,0.048890016380635,0.01968479273826322,0.024390243902439022,0.010638297872340425,0.12138728323699423
networkaragon,1.0,2.0,2.0,0.19342602842695147,0.07029829259970596,0.2,0.07936507936507936,0.5714285714285714,0.033773202250505716,0.014442276673033048,0.047619047619047616,0.009881422924901186,0.10310965630114566,0.0568026323120939,0.022330796728677212,0.0625,0.01773049645390071,0.14367160775370583
networkaragon,1.0,2.0,3.0,0.22268585848465472,0.07933524308250428,0.3333333333333333,0.09243697478991597,0.5714285714285714,0.03846084074603582,0.014933413287357694,0.0625,0.011799410029498525,0.109375,0.0648276081160651,0.023409143394835824,0.04878048780487805,0.02127659574468085,0.175
networkaragon,1.0,2.0,5.0,0.2548586321509076,0.09336405271438616,0.3333333333333333,0.09243697478991597,0.7142857142857143,0.04384284848163499,0.016766359442764403,0.030303030303030304,0.014749262536873156,0.125,0.07398737034596319,0.026751756705256008,0.08333333333333334,0.026607538802660754,0.2
networkaragon,1.0,3.0,0,0.14736631745152146,0.06092284267232146,0.1,0.041237113402061855,0.4666666666666667,0.025693291587324044,0.012184631345358393,0.04,0.006644518272425249,0.07865168539325842,0.04321267528790336,0.019030599237568342,0.041666666666666664,0.012,0.13461538461538464
networkaragon,1.0,3.0,0.1,0.14791255783397844,0.05822984569301505,0.125,0.05042016806722689,0.4117647058823529,0.025847809004642827,0.012110372013979537,0.041666666666666664,0.005928853754940711,0.07851239669421488,0.0434505313341877,0.018746345605160867,0.0392156862745098,0.010638297872340425,0.125
networkaragon,1.0,3.0,0.25,0.15079403608261044,0.0627114774555516,0.16666666666666666,0.038834951456310676,0.4166666666666667,0.026412850069605774,0.012975690382022733,0.02564102564102564,0.005537098560354375,0.09375,0.0443930610962828,0.020271287618456472,0.03508771929824562,0.01,0.15
networkaragon,1.0,3.0,0.5,0.1574479248930685,0.06798112337065963,0.1,0.05042016806722689,0.42857142857142855,0.02730250376457851,0.01277951772170689,0.02127659574468085,0.008746355685131196,0.0867430441898527,0.04595568345090604,0.0201462703345075,0.026315789473684213,0.015209125475285173,0.12086659064994297
networkaragon,1.0,3.0,0.75,0.16043455219124308,0.06422651496856852,0.14285714285714285,0.04201680672268908,0.42857142857142855,0.027939337392169424,0.012984211612496206,0.019886363636363636,0.0058997050147492625,0.08677685950413223,0.04700779888050301,0.0202871936446784,0.052083333333333336,0.011034482758620689,0.128
networkaragon,1.0,3.0,1.0,0.16895256470156683,0.06969992249367846,0.14285714285714285,0.04201680672268908,0.5714285714285714,0.02936529303036939,0.013215838449606887,0.02127659574468085,0.008210180623973728,0.08064516129032258,0.049424340084473786,0.020809947335773175,0.0625,0.013736263736263736,0.11940298507462686
networkaragon,1.0,3.0,2.0,0.19561881127138847,0.07723055672032927,0.25,0.05042016806722689,0.5,0.03401144045039867,0.014991063917957941,0.030303030303030304,0.009852216748768473,0.08755760368663594,0.05724080104742635,0.023542429718386985,0.03773584905660377,0.016483516483516484,0.13675213675213677
networkaragon,1.0,3.0,3.0,0.21503166014427672,0.07854561299779197,0.2,0.06923076923076923,0.5714285714285714,0.03719070550176128,0.014365491640177608,0.034482758620689655,0.01032448377581121,0.09001636661211129,0.06268166983931868,0.022668757836152503,0.03773584905660377,0.019310344827586205,0.1391304347826087
networkaragon,1.0,3.0,5.0,0.24835513333917422,0.08536947773754396,0.25,0.09523809523809523,0.7142857142857143,0.0428825226529146,0.015980105874542377,0.03389830508474576,0.011799410029498525,0.109375,0.07232286589739093,0.025251889576550175,0.059259259259259255,0.022068965517241378,0.175
networkaragon,1.0,5.0,0,0.13841192675565445,0.06815837598685938,0.14285714285714285,0.034482758620689655,0.4166666666666667,0.023783497494617934,0.012060663650870444,0.02127659574468085,0.003952569169960474,0.07855973813420622,0.0400998218446354,0.01940367146631603,0.0392156862745098,0.007092198581560283,0.1098901098901099
networkaragon,1.0,5.0,0.1,0.13901095610162753,0.07166428267848061,0.125,0.030534351145038167,0.4666666666666667,0.023683842744795104,0.012134720322412468,0.017045454545454544,0.003952569169960474,0.06666666666666667,0.04001639166420344,0.019918323815933506,0.015209125475285173,0.007092198581560283,0.1142857142857143
networkaragon,1.0,5.0,0.25,0.1406743142271253,0.06863494731868403,0.14285714285714285,0.03361344537815126,0.4166666666666667,0.02404300263088558,0.011868629184890272,0.04,0.005928853754940711,0.07201309328968904,0.04058324891866812,0.019233919355383093,0.037037037037037035,0.010638297872340425,0.11538461538461538
networkaragon,1.0,5.0,0.5,0.142992974382515,0.0745819092726339,0.1111111111111111,0.021897810218978103,0.4375,0.02450795928199148,0.013008398684970302,0.043478260869565216,0.0038910505836575876,0.09859154929577464,0.04134891880057206,0.021188841976411934,0.03508771929824561,0.006607929515418502,0.16091954022988506
networkaragon,1.0,5.0,0.75,0.14688943826702475,0.07502890341079646,0.125,0.03636363636363636,0.42857142857142855,0.02517074763686291,0.013049874753298704,0.015384615384615385,0.005454545454545455,0.07692307692307693,0.04246691508961985,0.02118013701784617,0.046511627906976744,0.009508716323296355,0.12612612612612611
networkaragon,1.0,5.0,1.0,0.14923377361575862,0.0757588424688335,0.1,0.03333333333333333,0.5,0.025490558992233722,0.012907043640605315,0.023255813953488372,0.006535947712418301,0.07526881720430108,0.043038365131120596,0.021077194443853333,0.04878048780487805,0.01092896174863388,0.12612612612612611
networkaragon,1.0,5.0,2.0,0.16277617349461046,0.08539959319331906,0.14285714285714285,0.03636363636363636,0.5,0.027604033195630644,0.014055204088414317,0.022388059701492536,0.005454545454545455,0.08602150537634409,0.04668722849565211,0.023309273185271144,0.05245901639344262,0.009508716323296355,0.14414414414414414
networkaragon,1.0,5.0,3.0,0.17891091360233466,0.0894865903671912,0.2,0.037037037037037035,0.5833333333333334,0.03060228836976254,0.01532422145568748,0.02127659574468085,0.005454545454545455,0.109375,0.05165987701546871,0.02502383721756356,0.032846715328467155,0.009508716323296355,0.175
networkaragon,1.0,5.0,5.0,0.20943265812753675,0.10063401167690934,0.2,0.044444444444444446,0.7142857142857143,0.03586980333940329,0.017329390660489347,0.05555555555555555,0.007288629737609329,0.11267605633802817,0.06053917518678881,0.028185014393411405,0.08333333333333334,0.012674271229404309,0.18390804597701152
networkaragon,2.0,0,0,0.056130680996641674,0.041379291502990745,0.0,0.0,0.19047619047619047,0.010878833958684733,0.010485862956886409,0.0,0.0,0.07834101382488479,0.01797360525380415,0.016122192206894866,0.0,0.0,0.11056910569105692
networkaragon,2.0,0,0.1,0.05560757390030513,0.039129838444981545,0.0,0.0,0.21428571428571427,0.010747353504735152,0.010412822777614898,0.0,0.0,0.08755760368663594,0.017735698463674347,0.015755512141599752,0.0,0.0,0.12357723577235771
networkaragon,2.0,0,0.25,0.060400353085921704,0.04068176061479609,0.0,0.0,0.21052631578947367,0.011565075506674372,0.010671194106874865,0.0,0.0,0.09165302782324058,0.019120106033966893,0.016196163739201925,0.0,0.0,0.12770809578107184
networkaragon,2.0,0,0.5,0.0690679807871214,0.04157681810919262,0.0,0.0,0.19548872180451127,0.01310199219430185,0.011278191822563125,0.0,0.0,0.0851063829787234,0.02168174292434698,0.01696714829728515,0.0,0.0,0.11858608893956668
networkaragon,2.0,0,0.75,0.07572877731154967,0.046445554921750204,0.0,0.0,0.2727272727272727,0.014273025829984265,0.011825788724762672,0.0,0.0,0.08064516129032258,0.023666680065149947,0.01805570020806789,0.0,0.0,0.11382113821138212
networkaragon,2.0,0,1.0,0.08677290182436892,0.04601246328923248,0.0,0.0,0.25,0.016020072588231148,0.011706779919565424,0.0,0.0,0.09328968903436989,0.02664945198959595,0.017697797606591265,0.0,0.0,0.12998859749144814
networkaragon,2.0,0,2.0,0.1484410225950713,0.06526417738241995,0.14285714285714285,0.0,0.4666666666666667,0.026500774076334,0.014176134457204151,0.008849557522123894,0.0,0.09375,0.04441969231841344,0.022115933729150557,0.03125,0.0,0.15
networkaragon,2.0,0,3.0,0.20638363545971594,0.07438591236349863,0.2,0.06930693069306931,0.5,0.035954174092142036,0.014886321079269071,0.030303030303030304,0.01032448377581121,0.09907834101382489,0.06053681962958961,0.023358145828379653,0.0625,0.018944519621109605,0.15
networkaragon,2.0,0,5.0,0.24547081444675103,0.08973782865894618,0.16666666666666666,0.07017543859649122,0.7142857142857143,0.04214557351369328,0.015746539193447744,0.034482758620689655,0.011799410029498525,0.109375,0.0711460846954645,0.025153838522270336,0.08333333333333334,0.022068965517241378,0.175
networkaragon,2.0,0.1,0,0.05811980221204846,0.04206144733192112,0.0,0.0,0.22099447513812154,0.011027377106886393,0.011075798663667502,0.0,0.0,0.09216589861751152,0.01822784640164106,0.016670745015767183,0.0,0.0,0.13008130081300814
networkaragon,2.0,0.1,0.1,0.05917346020258877,0.03950604276585019,0.0,0.0,0.20833333333333334,0.011252531667794783,0.010492723733241444,0.0,0.0,0.088379705400982,0.018626612655050976,0.015838769702571507,0.0,0.0,0.12314709236031927
networkaragon,2.0,0.1,0.25,0.06405154898664697,0.04104418872223851,0.0,0.0,0.27586206896551724,0.012180971661027969,0.010801214647970946,0.0,0.0,0.08346972176759411,0.020160989984152045,0.016330423585991398,0.0,0.0,0.11707317073170731
networkaragon,2.0,0.1,0.5,0.07176128610212033,0.0464054559562333,0.0,0.0,0.2222222222222222,0.013462080213217235,0.011456232535422052,0.0,0.0,0.0851063829787234,0.022343205655263886,0.017517870176709416,0.0,0.0,0.11858608893956668
networkaragon,2.0,0.1,0.75,0.08326144288613331,0.04684299250589353,0.0,0.0,0.26666666666666666,0.015307182239814109,0.011442212222303393,0.0,0.0,0.10368663594470046,0.025477099431243756,0.017392370890016166,0.0,0.0,0.14634146341463414
networkaragon,2.0,0.1,1.0,0.0913829325485821,0.04961385602748209,0.0,0.0,0.3888888888888889,0.016828399389056756,0.012145329604694851,0.0,0.0,0.09216589861751152,0.028030167207368926,0.0185900567423948,0.0,0.0,0.13008130081300814
networkaragon,2.0,0.1,2.0,0.15879902112572405,0.06520593604831218,0.14285714285714285,0.0,0.5,0.028215955632537218,0.01392022502979216,0.022727272727272728,0.0,0.09656301145662848,0.04734351956757384,0.02170797941896929,0.037383177570093455,0.0,0.1345496009122007
networkaragon,2.0,0.1,3.0,0.20969595224080947,0.07836792874902337,0.25,0.06140350877192982,0.5,0.036335035897915056,0.015132722480460773,0.047619047619047616,0.0058997050147492625,0.09859154929577464,0.06123782828100064,0.023941473508530764,0.03773584905660377,0.011034482758620689,0.16091954022988506
networkaragon,2.0,0.1,5.0,0.24314744217737816,0.08815272582162118,0.3333333333333333,0.09243697478991597,0.7142857142857143,0.04177787176826669,0.015675364139242625,0.034482758620689655,0.01327433628318584,0.109375,0.07051388344963794,0.024985504557489956,0.0975609756097561,0.024,0.175
networkaragon,2.0,0.25,0,0.05930853908934571,0.04075796355622588,0.0,0.0,0.2154696132596685,0.011486131272074084,0.011054219577256967,0.0,0.0,0.08986175115207373,0.018956264796918275,0.0166105257009044,0.0,0.0,0.12682926829268293
networkaragon,2.0,0.25,0.1,0.06502622542806477,0.04326542750166553,0.0,0.0,0.23255813953488372,0.0123420078434378,0.011020156554048319,0.0,0.0,0.0851063829787234,0.020431688356450463,0.016769567816571046,0.0,0.0,0.11858608893956668
networkaragon,2.0,0.25,0.25,0.06610352404171073,0.041991024869136064,0.0,0.0,0.21052631578947367,0.012578008212027625,0.011388837781940052,0.0,0.0,0.09001636661211129,0.020801810218768004,0.01709599794904358,0.0,0.0,0.12542759407069556
networkaragon,2.0,0.25,0.5,0.07874116473818582,0.04531812971147105,0.0,0.0,0.25,0.014586397954613509,0.011311027902406507,0.0,0.0,0.08525345622119816,0.02425447624056688,0.017204465200387722,0.0,0.0,0.12032520325203254
networkaragon,2.0,0.25,0.75,0.09347246615995604,0.04859280350327498,0.0,0.0,0.3333333333333333,0.017068654992803606,0.011597923742349064,0.0,0.0,0.0867430441898527,0.02846328419690025,0.01775222290644118,0.0,0.0,0.12086659064994297
networkaragon,2.0,0.25,1.0,0.10607619314236504,0.049696477842114076,0.09090909090909091,0.0,0.35,0.019239319610860537,0.011798250028574734,0.0,0.0,0.09001636661211129,0.032161216062102656,0.018171038876940226,0.0,0.0,0.12542759407069556
networkaragon,2.0,0.25,2.0,0.17588414703838426,0.06498737153776074,0.14285714285714285,0.03773584905660377,0.4444444444444444,0.030878503285867078,0.014039959185227758,0.04,0.0058309037900874635,0.10599078341013825,0.05189902788490537,0.021684872814623325,0.02985074626865672,0.0101010101010101,0.14959349593495935
networkaragon,2.0,0.25,3.0,0.21330147200687968,0.07767237968866567,0.16666666666666666,0.06923076923076923,0.5833333333333334,0.03678925476555834,0.014136285170640132,0.02127659574468085,0.01032448377581121,0.08974358974358974,0.06204592900847402,0.022403184490800136,0.05128205128205129,0.019310344827586205,0.15555555555555556
networkaragon,2.0,0.25,5.0,0.2444862391714471,0.0870372064566826,0.2,0.08379888268156424,0.7142857142857143,0.042097371573109055,0.01587114370229412,0.03418803418803419,0.01327433628318584,0.109375,0.0710424013560506,0.025301345724146742,0.05714285714285714,0.02482758620689655,0.175
networkaragon,2.0,0.5,0,0.0740885573652226,0.04616732016052372,0.0,0.0,0.23529411764705882,0.013825751067842422,0.011838863811172242,0.0,0.0,0.10147299509001637,0.022931739066082535,0.01782115019637805,0.0,0.0,0.14139110604332955
networkaragon,2.0,0.5,0.1,0.07542702823565299,0.04309641617315019,0.0,0.0,0.23404255319148937,0.014288422449792348,0.011838125365592759,0.0,0.0,0.0967741935483871,0.023666595570402012,0.017842354616470386,0.0,0.0,0.13658536585365852
networkaragon,2.0,0.5,0.25,0.08592614698669228,0.04543814874626238,0.0,0.0,0.2777777777777778,0.0160976625552461,0.012319124184913453,0.0,0.0,0.09656301145662848,0.02672151396237759,0.018551983858073863,0.0,0.0,0.1345496009122007
networkaragon,2.0,0.5,0.5,0.09412296039075332,0.045369168495035216,0.0,0.0,0.25925925925925924,0.01742852888403223,0.011617197320094707,0.0,0.0,0.09001636661211129,0.0290084216102367,0.017549684614023973,0.0,0.0,0.12542759407069556
networkaragon,2.0,0.5,0.75,0.11054187807322584,0.04749230861358215,0.1,0.0,0.2857142857142857,0.01984530455234192,0.011027663537963615,0.0,0.0,0.07834101382488479,0.03323041543550441,0.016994717576051265,0.0,0.0,0.11056910569105692
networkaragon,2.0,0.5,1.0,0.1243556991452907,0.05232840815847034,0.14285714285714285,0.0,0.3333333333333333,0.02218443534931709,0.012281356845241845,0.0136986301369863,0.0,0.09656301145662848,0.037163259369872255,0.018762382611996063,0.0,0.0,0.1345496009122007
networkaragon,2.0,0.5,2.0,0.181808912392883,0.06877181570320667,0.2,0.06930693069306931,0.47058823529411764,0.031844135496793546,0.014155601907468342,0.023255813953488372,0.007957559681697613,0.10147299509001637,0.05354302444649071,0.0220282722028619,0.06451612903225806,0.014492753623188404,0.15
networkaragon,2.0,0.5,3.0,0.21197745576902022,0.07559390452435444,0.2,0.07563025210084033,0.5,0.03671475224040292,0.014643143088190248,0.043478260869565216,0.01107419712070875,0.09375,0.06189003774193725,0.023163905957816904,0.04528301886792453,0.02,0.15
networkaragon,2.0,0.5,5.0,0.2478255615769706,0.09062139528661371,0.25,0.08403361344537816,0.7142857142857143,0.0424815233011547,0.015853253954882674,0.03418803418803419,0.01327433628318584,0.10752688172043011,0.07172486917098564,0.025298778364398804,0.08333333333333334,0.02482758620689655,0.1801801801801802
networkaragon,2.0,0.75,0,0.08925984140383598,0.04153565511927121,0.1,0.0,0.2608695652173913,0.016271637887090015,0.01028102887089247,0.0,0.0,0.08064516129032258,0.027152293913988098,0.015647609379261296,0.0,0.0,0.11382113821138212
networkaragon,2.0,0.75,0.1,0.08629027341182254,0.04208550325956027,0.08333333333333333,0.0,0.29411764705882354,0.015920522378544043,0.010772063640137207,0.0,0.0,0.08183306055646482,0.026521613124472494,0.01637369602718471,0.0,0.0,0.11402508551881413
networkaragon,2.0,0.75,0.25,0.09823364750829203,0.04694971422913865,0.14285714285714285,0.0,0.3076923076923077,0.017808975001621322,0.011311865879183725,0.0,0.0,0.07655502392344497,0.0297438597720082,0.01733219658006343,0.0,0.0,0.10921501706484642
networkaragon,2.0,0.75,0.5,0.10958385949115086,0.043438230620904086,0.1111111111111111,0.0,0.2777777777777778,0.019619976131822477,0.010846762456441743,0.016,0.0,0.07692307692307693,0.03284206240760004,0.016394741934044273,0.0,0.0,0.10718358038768527
networkaragon,2.0,0.75,0.75,0.12444870879637003,0.05209994383060937,0.1111111111111111,0.0,0.4,0.022383364732436444,0.0126494677811453,0.02127659574468085,0.0,0.08986175115207373,0.037433073332564744,0.019169883039853963,0.020833333333333332,0.0,0.12682926829268293
networkaragon,2.0,0.75,1.0,0.13982898508033434,0.055747384586671285,0.1,0.038834951456310676,0.4,0.024768823014516488,0.012580617327589253,0.025974025974025976,0.0058309037900874635,0.08986175115207373,0.041520462149179836,0.019157830988454323,0.03508771929824561,0.010139416983523447,0.12682926829268293
networkaragon,2.0,0.75,2.0,0.18258695310242,0.067953263116074,0.16666666666666666,0.058823529411764705,0.42105263157894735,0.03187947893287444,0.013734005066291743,0.02564102564102564,0.007374631268436578,0.08333333333333333,0.05364039537232923,0.02151837819586071,0.03508771929824561,0.013793103448275862,0.1391304347826087
networkaragon,2.0,0.75,3.0,0.21674407145581776,0.07777249857910903,0.25,0.088,0.5714285714285714,0.03746713194918325,0.014375275613082524,0.03864734299516908,0.008849557522123894,0.09375,0.06315607913929121,0.02262887834502589,0.0625,0.016551724137931035,0.1565217391304348
networkaragon,2.0,0.75,5.0,0.2471793549943834,0.09051019843782417,0.3333333333333333,0.08379888268156424,0.7142857142857143,0.042344114293765285,0.0156722558973043,0.043478260869565216,0.013289036544850499,0.109375,0.07151565711469379,0.025129133377140084,0.06140350877192982,0.024,0.175
networkaragon,2.0,1.0,0,0.09941049850338503,0.04119141772816233,0.14285714285714285,0.0,0.25,0.01800301249866743,0.010939574229473753,0.018867924528301886,0.0,0.09090909090909091,0.030065551579589463,0.01644612446793816,0.016,0.0,0.1271676300578035
networkaragon,2.0,1.0,0.1,0.1040605706204278,0.04419162245374469,0.1,0.0,0.2857142857142857,0.018663186500948864,0.010720229037850658,0.021739130434782608,0.0,0.09001636661211129,0.03122341713538999,0.01613304545672342,0.0,0.0,0.12542759407069556
networkaragon,2.0,1.0,0.25,0.11464465438386486,0.044756262249892674,0.1,0.03333333333333333,0.2857142857142857,0.020426190300236534,0.010840019704275977,0.0136986301369863,0.0058997050147492625,0.08471074380165289,0.03423130800820704,0.016559357878134708,0.020833333333333332,0.010666666666666668,0.1184971098265896
networkaragon,2.0,1.0,0.5,0.12389836378258966,0.04910917154730262,0.1111111111111111,0.0,0.3333333333333333,0.022020662809240445,0.011431540407361692,0.02127659574468085,0.0,0.08019639934533551,0.03692900534876245,0.017583632547167067,0.03508771929824561,0.0,0.11174458380843784
networkaragon,2.0,1.0,0.75,0.13103599641198488,0.0520532663747618,0.14285714285714285,0.03409090909090909,0.4375,0.023090938503308716,0.01161930246064973,0.02564102564102564,0.005154639175257732,0.078125,0.038759850567930326,0.017854148541349348,0.020833333333333332,0.008968609865470852,0.125
networkaragon,2.0,1.0,1.0,0.14145438927003787,0.053653258734769047,0.14285714285714285,0.045454545454545456,0.42857142857142855,0.02494582714879374,0.012020139406544176,0.02564102564102564,0.005928853754940711,0.09001636661211129,0.04187863922985225,0.018410102309214582,0.0392156862745098,0.010638297872340425,0.12542759407069556
networkaragon,2.0,1.0,2.0,0.18142089387483898,0.07387853883082307,0.14285714285714285,0.05555555555555555,0.5714285714285714,0.03131711578325477,0.013226392336014902,0.02127659574468085,0.009146341463414634,0.07865168539325842,0.052795711652240965,0.021098448637534375,0.03257328990228013,0.01675977653631285,0.13461538461538464
networkaragon,2.0,1.0,3.0,0.21414947955169017,0.08291017431448806,0.3333333333333333,0.07272727272727272,0.7142857142857143,0.037054284952000784,0.01515056223706293,0.043478260869565216,0.009146341463414634,0.09859154929577464,0.0624416097510271,0.02401149016575614,0.03773584905660377,0.01675977653631285,0.16091954022988506
networkaragon,2.0,1.0,5.0,0.24800529406708724,0.08766011232771656,0.25,0.09497206703910614,0.7142857142857143,0.04256785223587769,0.01542525877536902,0.046153846153846156,0.013289036544850499,0.09375,0.07185652271480537,0.024530195801588113,0.07692307692307693,0.024,0.15555555555555556
networkaragon,2.0,2.0,0,0.12692453120178462,0.052540138068974354,0.1111111111111111,0.03361344537815126,0.375,0.022023387861570324,0.01021705935683618,0.02040816326530612,0.005454545454545455,0.07855973813420622,0.037061269863480344,0.015888335713413155,0.03508771929824561,0.009508716323296355,0.10946408209806156
networkaragon,2.0,2.0,0.1,0.12797149779847586,0.053518049733587855,0.14285714285714285,0.041237113402061855,0.4166666666666667,0.022365166749168018,0.010833883813288177,0.020833333333333332,0.0058997050147492625,0.07848837209302326,0.037606427442833386,0.01694480058068672,0.029197080291970802,0.011034482758620689,0.1148936170212766
networkaragon,2.0,2.0,0.25,0.13091308363181564,0.05008450278416238,0.125,0.05154639175257732,0.3333333333333333,0.022899646286026334,0.01054926917720198,0.023255813953488372,0.007374631268436578,0.08019639934533551,0.03849427568307051,0.016204768762093966,0.024390243902439025,0.013793103448275862,0.11174458380843784
networkaragon,2.0,2.0,0.5,0.14070269686614303,0.054731862199914334,0.1,0.04201680672268908,0.4166666666666667,0.024424872936700936,0.010592971670049302,0.02830188679245283,0.006872852233676976,0.06682027649769585,0.0411275736662895,0.016657431300953266,0.023529411764705882,0.012084592145015106,0.1098901098901099
networkaragon,2.0,2.0,0.75,0.1465332250491569,0.06391138422042304,0.14285714285714285,0.04201680672268908,0.5555555555555556,0.025329656006239237,0.01151533481992887,0.023809523809523808,0.0058997050147492625,0.07855973813420622,0.04266863935272818,0.018231026292474823,0.04878048780487805,0.010638297872340425,0.11627906976744184
networkaragon,2.0,2.0,1.0,0.15719866204909194,0.06221099538467293,0.125,0.043478260869565216,0.42857142857142855,0.02734191618163976,0.012286815674065884,0.02127659574468085,0.007374631268436578,0.09001636661211129,0.046007105364671126,0.01913174864987475,0.02898550724637681,0.012738853503184712,0.12542759407069556
networkaragon,2.0,2.0,2.0,0.18608184972983496,0.07066468247600657,0.2,0.05555555555555555,0.47368421052631576,0.032296771793746834,0.013580322625269663,0.02127659574468085,0.00936768149882904,0.09375,0.05439504747660184,0.021405266606062682,0.043795620437956206,0.01651186790505676,0.1565217391304348
networkaragon,2.0,2.0,3.0,0.2135946109292392,0.08065934710364561,0.25,0.06153846153846154,0.5714285714285714,0.03693682988144982,0.014874951063121459,0.02702702702702703,0.008849557522123894,0.09859154929577464,0.06227204678298344,0.023691235314063933,0.047058823529411764,0.016551724137931035,0.16091954022988506
networkaragon,2.0,2.0,5.0,0.24622030625613617,0.08846600134051039,0.25,0.09230769230769231,0.6666666666666666,0.042329624462885344,0.016039805325437365,0.043478260869565216,0.011799410029498525,0.11267605633802817,0.07145479800185695,0.02566380867584667,0.0743801652892562,0.022068965517241378,0.18390804597701152
networkaragon,2.0,3.0,0,0.13664842744804848,0.05572168917170002,0.14285714285714285,0.03361344537815126,0.35714285714285715,0.023676853257706527,0.010738696600486757,0.041666666666666664,0.005928853754940711,0.06818181818181818,0.03987401230968142,0.016919372084288474,0.03305785123966942,0.010638297872340425,0.10344827586206896
networkaragon,2.0,3.0,0.1,0.13822715276371145,0.05876911094932939,0.125,0.043478260869565216,0.42857142857142855,0.024025064619379324,0.011534238957869612,0.02127659574468085,0.007374631268436578,0.08450704225352113,0.04043991848126937,0.018252034166695092,0.04878048780487805,0.012738853503184712,0.13793103448275862
networkaragon,2.0,3.0,0.25,0.14244934786256866,0.06532643641083212,0.14285714285714285,0.03333333333333333,0.5,0.024681234785293337,0.012290702193249901,0.016,0.005454545454545455,0.08294930875576037,0.04156072086701522,0.01958179054595612,0.03508771929824561,0.009508716323296355,0.13461538461538464
networkaragon,2.0,3.0,0.5,0.14643804279105674,0.058304485326545266,0.14285714285714285,0.044444444444444446,0.35714285714285715,0.025393265001324057,0.011140266813490922,0.041666666666666664,0.007374631268436578,0.07272727272727272,0.04276742799514784,0.01760406992655439,0.02197802197802198,0.013793103448275862,0.11940298507462686
networkaragon,2.0,3.0,0.75,0.15192444643293998,0.06336488312677438,0.125,0.041237113402061855,0.4444444444444444,0.026346836128775288,0.012305248809665709,0.034782608695652174,0.007692307692307693,0.09375,0.04436993406428073,0.01950422661606335,0.03125000000000001,0.012965964343598056,0.15
networkaragon,2.0,3.0,1.0,0.1616274369396162,0.07269718998088413,0.16666666666666666,0.04938271604938271,0.5555555555555556,0.027806122214321407,0.012898668643217887,0.017045454545454544,0.005928853754940711,0.10752688172043011,0.046898488051805784,0.020833890960578676,0.026607538802660754,0.010638297872340425,0.1801801801801802
networkaragon,2.0,3.0,2.0,0.18257780454925557,0.07481279970428838,0.14285714285714285,0.06349206349206349,0.5714285714285714,0.03158786888043899,0.01367484367522316,0.018808777429467086,0.008849557522123894,0.078125,0.053219729379925675,0.021702995716210233,0.049586776859504134,0.016551724137931035,0.12612612612612611
networkaragon,2.0,3.0,3.0,0.20965477202373012,0.08748568755812884,0.25,0.07777777777777778,0.7142857142857143,0.03610694288304177,0.015197634280718247,0.038461538461538464,0.007374631268436578,0.11267605633802817,0.06089978878709399,0.02443726988748192,0.03908794788273615,0.013793103448275862,0.18390804597701152
networkaragon,2.0,3.0,5.0,0.2390476878155506,0.08526235691785798,0.25,0.08379888268156424,0.5714285714285714,0.04116322685917805,0.01582156542076781,0.05555555555555555,0.011799410029498525,0.109375,0.0694865969270375,0.025356102258185645,0.05063291139240506,0.022068965517241378,0.175
networkaragon,2.0,5.0,0,0.1392705624292926,0.06750130027285388,0.125,0.024,0.4,0.023740737489566437,0.011361595935234309,0.02127659574468085,0.005016722408026756,0.0625,0.04008511261846852,0.01842958530443035,0.0392156862745098,0.008298755186721992,0.1
networkaragon,2.0,5.0,0.1,0.1396615050493425,0.06893816486659032,0.1,0.03076923076923077,0.4444444444444444,0.02394793461301729,0.012088179656606622,0.023255813953488372,0.003952569169960474,0.078125,0.040413813281754835,0.01964683868199174,0.02531645569620253,0.007092198581560283,0.12612612612612611
networkaragon,2.0,5.0,0.25,0.13863214184244713,0.066304203835985,0.1111111111111111,0.030927835051546393,0.4166666666666667,0.023660760255914546,0.011252180917506535,0.025974025974025976,0.005928853754940711,0.06451612903225806,0.039971357434759235,0.01841015088966429,0.0392156862745098,0.010638297872340425,0.1098901098901099
networkaragon,2.0,5.0,0.5,0.14284501586901782,0.07228399099114924,0.125,0.024691358024691357,0.5,0.024375476240987626,0.012280568370422778,0.021645021645021644,0.0036363636363636364,0.07766990291262135,0.04116874222699871,0.020113059334515113,0.03592814371257485,0.006339144215530904,0.128
networkaragon,2.0,5.0,0.75,0.14479560851540524,0.07431793295361706,0.125,0.024691358024691357,0.4444444444444444,0.02468544021343775,0.012479402666527249,0.02127659574468085,0.0036363636363636364,0.08450704225352113,0.04170855132861541,0.02052007124336975,0.0625,0.006339144215530904,0.13793103448275862
networkaragon,2.0,5.0,1.0,0.14927180847240396,0.07448814241858838,0.25,0.034482758620689655,0.5,0.02547125744594594,0.012529684969177331,0.01694915254237288,0.003952569169960474,0.07526881720430108,0.04302230474561447,0.020538225234295486,0.0591715976331361,0.007092198581560283,0.12612612612612611
networkaragon,2.0,5.0,2.0,0.16264272479604036,0.08054616074137512,0.1,0.034482758620689655,0.5,0.02783170329606737,0.013875708631851013,0.02830188679245283,0.003952569169960474,0.078125,0.04700452984474388,0.022737662032463784,0.03194888178913738,0.007092198581560283,0.128
networkaragon,2.0,5.0,3.0,0.1719869363629773,0.08249412724644442,0.25,0.045454545454545456,0.5714285714285714,0.029493301054629804,0.014306868848187168,0.0625,0.005537098560354375,0.08602150537634409,0.04974980267659226,0.023135275776281165,0.08333333333333333,0.01,0.14414414414414414
networkaragon,2.0,5.0,5.0,0.2093759518025377,0.09460605826975886,0.16666666666666666,0.048,0.5714285714285714,0.03590463075250705,0.016373717192639425,0.02127659574468085,0.007905138339920948,0.09859154929577464,0.06061019214847865,0.02664963866987276,0.040145985401459854,0.014184397163120565,0.16091954022988506
networkaragon,3.0,0,0,0.05256125169059496,0.03790963051445445,0.0,0.0,0.2222222222222222,0.009887024897437646,0.009299382665458118,0.0,0.0,0.08183306055646482,0.016396816294417995,0.014160182862499683,0.0,0.0,0.11402508551881413
networkaragon,3.0,0,0.1,0.050004647881814836,0.03741396821565599,0.0,0.0,0.17647058823529413,0.009535957852312383,0.00922951280239446,0.0,0.0,0.07201309328968904,0.015778620273458298,0.01414065526992388,0.0,0.0,0.10034207525655645
networkaragon,3.0,0,0.25,0.05428798637955654,0.035681035084955806,0.0,0.0,0.17669172932330826,0.010280108274567726,0.009613806690624971,0.0,0.0,0.07692307692307693,0.0169983799938227,0.014412473422646734,0.0,0.0,0.10718358038768527
networkaragon,3.0,0,0.5,0.061988648794915176,0.0435929173529921,0.0,0.0,0.22727272727272727,0.011817843689058815,0.01138507746473284,0.0,0.0,0.08294930875576037,0.019536251537682528,0.01719068243179226,0.0,0.0,0.11707317073170731
networkaragon,3.0,0,0.75,0.07066497320384693,0.04216241037582968,0.0,0.0,0.2608695652173913,0.013109140320689883,0.010275050246106003,0.0,0.0,0.0743801652892562,0.02178618350027882,0.015666988947925654,0.0,0.0,0.10406504065040649
networkaragon,3.0,0,1.0,0.08177300055060918,0.05257611223831225,0.0,0.0,0.3,0.015351518925632773,0.012801432149682622,0.0,0.0,0.09819967266775777,0.025496598499398795,0.019666299840310136,0.0,0.0,0.13683010262257694
networkaragon,3.0,0,2.0,0.14383608108175178,0.06406285254448996,0.14285714285714285,0.0,0.391304347826087,0.025577611957369153,0.014192027775602155,0.02127659574468085,0.0,0.09375,0.04285978759525195,0.02190592410756963,0.034482758620689655,0.0,0.15
networkaragon,3.0,0,3.0,0.20050358081023686,0.07318916012227654,0.17647058823529413,0.06557377049180328,0.4375,0.03486661051396163,0.01436277299377331,0.02564102564102564,0.008849557522123894,0.09859154929577464,0.058729853817060744,0.02264209706654515,0.07142857142857142,0.016551724137931035,0.16091954022988506
networkaragon,3.0,0,5.0,0.24046039670769254,0.08565747397890411,0.3333333333333333,0.07272727272727272,0.5833333333333334,0.04132497447714282,0.015702796404213397,0.030303030303030304,0.014749262536873156,0.109375,0.06976468468021883,0.025071743188283303,0.0625,0.024725274725274724,0.175
networkaragon,3.0,0.1,0,0.052187503793409,0.03476428684650182,0.0,0.0,0.19548872180451127,0.010052539944889647,0.00948199416970487,0.0,0.0,0.0851063829787234,0.01659362590523062,0.014246589663681171,0.0,0.0,0.11858608893956668
networkaragon,3.0,0.1,0.1,0.05249044149798371,0.03719796020424487,0.0,0.0,0.17679558011049723,0.010049214841318032,0.0096267948943667,0.0,0.0,0.07528641571194762,0.016631144424703863,0.014649653730828579,0.0,0.0,0.10490307867730901
networkaragon,3.0,0.1,0.25,0.05398249260701845,0.03858086975520515,0.0,0.0,0.21428571428571427,0.010504024326006979,0.010370955607345009,0.0,0.0,0.08346972176759411,0.017320365351207262,0.015652811946069926,0.0,0.0,0.1163055872291904
networkaragon,3.0,0.1,0.5,0.06647158383607936,0.04331646201836621,0.0,0.0,0.21428571428571427,0.012682801601656165,0.011052719283218264,0.0,0.0,0.08755760368663594,0.020993650639868393,0.016865560564355595,0.0,0.0,0.12357723577235771
networkaragon,3.0,0.1,0.75,0.0772979201910754,0.04288716302883472,0.0,0.0,0.26666666666666666,0.014367319214499692,0.010537109493748044,0.0,0.0,0.07037643207855974,0.023898004964970115,0.016177972235251623,0.0,0.0,0.09806157354618017
networkaragon,3.0,0.1,1.0,0.08863907327709095,0.04875935174951294,0.0,0.0,0.2857142857142857,0.01632032852171365,0.01166190176416223,0.0,0.0,0.07855973813420622,0.027193884712540545,0.017993028999704806,0.0,0.0,0.10946408209806156
networkaragon,3.0,0.1,2.0,0.1469345249961088,0.05920561979522037,0.125,0.0,0.34782608695652173,0.026030365022226346,0.01241178622085293,0.0,0.0,0.08346972176759411,0.043708116826801154,0.01938353073270281,0.04878048780487805,0.0,0.1163055872291904
networkaragon,3.0,0.1,3.0,0.20275473138367,0.07521872804081652,0.16666666666666666,0.06140350877192982,0.5,0.03500335943417733,0.013832326086677983,0.02654867256637168,0.009966777408637873,0.08450704225352113,0.05902982446844022,0.02197456507834201,0.04504504504504505,0.018,0.13793103448275862
networkaragon,3.0,0.1,5.0,0.2406636000609726,0.09156566634453708,0.25,0.08771929824561403,0.7142857142857143,0.041222004241463904,0.01587322962623901,0.038461538461538464,0.011799410029498525,0.125,0.06961077869743844,0.025480606080643706,0.08333333333333334,0.022068965517241378,0.2
networkaragon,3.0,0.25,0,0.05620032299955074,0.03875483914915744,0.0,0.0,0.20994475138121546,0.010636651107261912,0.010413393453580925,0.0,0.0,0.08884297520661157,0.017597264020040897,0.015631750760814443,0.0,0.0,0.12427745664739884
networkaragon,3.0,0.25,0.1,0.058493764580071717,0.0387511467072909,0.0,0.0,0.26666666666666666,0.01117099390316471,0.010272741286841336,0.0,0.0,0.07834101382488479,0.0184713892628595,0.01558158463641884,0.0,0.0,0.11056910569105692
networkaragon,3.0,0.25,0.25,0.06202598132461312,0.04106137674954459,0.0,0.0,0.25,0.01161132335583076,0.010146842274672389,0.0,0.0,0.06682027649769585,0.01927377994184353,0.015644169493388045,0.0,0.0,0.1
networkaragon,3.0,0.25,0.5,0.07038895933641218,0.04564465003159654,0.0,0.0,0.26666666666666666,0.013041345725684873,0.011081349339939995,0.0,0.0,0.08264462809917356,0.021664730694548134,0.016920614888460025,0.0,0.0,0.11560693641618495
networkaragon,3.0,0.25,0.75,0.08311555298371673,0.04688908471546842,0.0,0.0,0.2857142857142857,0.015310449632768206,0.01127849235051496,0.0,0.0,0.08294930875576037,0.02549503771708368,0.017305312318381054,0.0,0.0,0.11707317073170731
networkaragon,3.0,0.25,1.0,0.09323266956327232,0.049962214556379815,0.0,0.0,0.2777777777777778,0.01726480925317474,0.012172895006244938,0.0,0.0,0.0851063829787234,0.028747522266548635,0.018735903434243507,0.0,0.0,0.11858608893956668
networkaragon,3.0,0.25,2.0,0.1602842788458506,0.06089444339941893,0.25,0.03333333333333333,0.42857142857142855,0.02824222242078123,0.013616914742727063,0.02564102564102564,0.004464285714285714,0.09375,0.04743421093474717,0.02111323845159814,0.027027027027027025,0.007874015748031496,0.15384615384615383
networkaragon,3.0,0.25,3.0,0.2061592329033408,0.07939852367001594,0.2,0.0782122905027933,0.5714285714285714,0.03557246770209345,0.014942142264248112,0.027777777777777776,0.01032448377581121,0.125,0.060007998058230046,0.023925438409128957,0.06329113924050632,0.019310344827586205,0.2
networkaragon,3.0,0.25,5.0,0.24274635155276736,0.08740211852034366,0.3333333333333333,0.08641975308641975,0.7142857142857143,0.04162478177122371,0.01519321369213461,0.030303030303030304,0.011799410029498525,0.09375,0.07029386835619933,0.024345125111478003,0.08333333333333334,0.022068965517241378,0.15384615384615383
networkaragon,3.0,0.5,0,0.06477004284576933,0.041185572543041914,0.0,0.0,0.2073170731707317,0.01220641136112161,0.010374178901852339,0.0,0.0,0.07037643207855974,0.02024088155311882,0.015913822219213756,0.0,0.0,0.09806157354618017
networkaragon,3.0,0.5,0.1,0.066665282239411,0.04051283383169623,0.0,0.0,0.25,0.012385781736358615,0.010109600105158585,0.0,0.0,0.08264462809917356,0.020569760612526317,0.015363209824375513,0.0,0.0,0.11560693641618495
networkaragon,3.0,0.5,0.25,0.07200512174052055,0.03943084377345778,0.0,0.0,0.2222222222222222,0.013457026466478556,0.010094747246397057,0.0,0.0,0.07201309328968904,0.022366066173868784,0.015384577565298893,0.0,0.0,0.10034207525655645
networkaragon,3.0,0.5,0.5,0.08590687128650218,0.049197616218567,0.0,0.0,0.2857142857142857,0.015827854693495586,0.011393091594544531,0.0,0.0,0.08525345622119816,0.02637127507310641,0.0176746206352109,0.0,0.0,0.12032520325203254
networkaragon,3.0,0.5,0.75,0.10108216416313377,0.047589127510810486,0.1,0.0,0.3181818181818182,0.01819620642118425,0.011418583685347542,0.0,0.0,0.0944700460829493,0.0304206674865688,0.017393743401398504,0.0,0.0,0.13333333333333333
networkaragon,3.0,0.5,1.0,0.1130587126856817,0.046934107640532005,0.1111111111111111,0.0,0.3076923076923077,0.02016896408190914,0.011033499961487985,0.0,0.0,0.09819967266775777,0.03378324600612709,0.0168316406487606,0.0,0.0,0.13683010262257694
networkaragon,3.0,0.5,2.0,0.1660242715447658,0.06301834616223063,0.17647058823529413,0.06666666666666667,0.47368421052631576,0.02905128740692065,0.012946705926235865,0.030303030303030304,0.008849557522123894,0.09001636661211129,0.04888563231190762,0.020353048887581212,0.04878048780487805,0.016551724137931035,0.128
networkaragon,3.0,0.5,3.0,0.20867012100124036,0.07854327472997927,0.3333333333333333,0.058823529411764705,0.5,0.036080284329183775,0.014890873860428571,0.043478260869565216,0.011494252873563218,0.09375,0.0608167501168992,0.023586329270503525,0.037383177570093455,0.019230769230769232,0.15
networkaragon,3.0,0.5,5.0,0.2444287922328105,0.09361856891183327,0.3333333333333333,0.08653846153846154,0.7142857142857143,0.04187223001706852,0.01638860812132655,0.043478260869565216,0.014749262536873156,0.11267605633802817,0.07072692589094404,0.026462308784549103,0.07058823529411765,0.027586206896551724,0.18390804597701152
networkaragon,3.0,0.75,0,0.08096953338892554,0.04308021298102524,0.0,0.0,0.2857142857142857,0.014998913100842476,0.01052975923305918,0.0,0.0,0.07692307692307693,0.024963417666812926,0.01614503756017667,0.0,0.0,0.10718358038768527
networkaragon,3.0,0.75,0.1,0.08399469744610169,0.04521192035191061,0.0,0.0,0.29411764705882354,0.015177196047303707,0.010590525324821026,0.0,0.0,0.08294930875576037,0.02534089969681862,0.016172455125514854,0.0,0.0,0.11707317073170731
networkaragon,3.0,0.75,0.25,0.08985612735336967,0.045208794986327516,0.09090909090909091,0.0,0.3333333333333333,0.016450412396011166,0.011499675678421258,0.0,0.0,0.0851063829787234,0.027412941681011806,0.01741658779825272,0.0,0.0,0.11858608893956668
networkaragon,3.0,0.75,0.5,0.10221075016327356,0.04003648649296976,0.1,0.0,0.25,0.0185024872415909,0.010176778902517516,0.007462686567164179,0.0,0.07364975450081833,0.03093462049577977,0.015417901526171012,0.016,0.0,0.10262257696693272
networkaragon,3.0,0.75,0.75,0.11288753955738827,0.044654591151634546,0.1,0.0,0.2692307692307692,0.020341935978324253,0.011578117166313264,0.0136986301369863,0.0,0.0967741935483871,0.03401895638415945,0.01747428618452643,0.0,0.0,0.13658536585365852
networkaragon,3.0,0.75,1.0,0.12903051606528226,0.05148000945602522,0.1111111111111111,0.03333333333333333,0.42857142857142855,0.022656395905217397,0.010611321422011323,0.017094017094017096,0.003048780487804878,0.07231404958677685,0.03806154034835541,0.016413101645845224,0.03508771929824561,0.005586592178770949,0.10227272727272727
networkaragon,3.0,0.75,2.0,0.1773036947842137,0.06670334701430218,0.2,0.05454545454545454,0.5,0.030753392908488563,0.012855592042562206,0.02127659574468085,0.00872093023255814,0.08294930875576037,0.051802309626059966,0.02023274399938136,0.05063291139240506,0.015789473684210527,0.13333333333333336
networkaragon,3.0,0.75,3.0,0.20957722199711007,0.07938538913046321,0.25,0.07563025210084033,0.5714285714285714,0.03623856992183941,0.01447969803154253,0.043478260869565216,0.007374631268436578,0.08450704225352113,0.061098290797520584,0.023076637948644473,0.08333333333333333,0.013793103448275862,0.1391304347826087
networkaragon,3.0,0.75,5.0,0.24576880654565006,0.09157875336230809,0.3333333333333333,0.09497206703910614,0.7142857142857143,0.04216288374367758,0.016027473838557384,0.0625,0.011799410029498525,0.109375,0.07118593828220258,0.02568968428642736,0.08264462809917356,0.022068965517241378,0.175
networkaragon,3.0,1.0,0,0.09259234542213501,0.0412277034416135,0.11764705882352941,0.0,0.2777777777777778,0.016795925833437163,0.010036953894236441,0.014925373134328358,0.0,0.07142857142857142,0.028069595723110907,0.015432791694559961,0.02531645569620253,0.0,0.10081300813008129
networkaragon,3.0,1.0,0.1,0.10129325755516388,0.04170987413370256,0.1,0.0,0.25,0.018134322764491912,0.00998982913506201,0.02564102564102564,0.0,0.08294930875576037,0.03036891088467631,0.01523534833656787,0.0,0.0,0.11707317073170731
networkaragon,3.0,1.0,0.25,0.1020336487360802,0.042469915910043406,0.1,0.0,0.2857142857142857,0.01827206715902144,0.01048193902969729,0.014925373134328358,0.0,0.08884297520661157,0.030596899063031494,0.01593869108218511,0.018691588785046728,0.0,0.12427745664739884
networkaragon,3.0,1.0,0.5,0.11503268581293119,0.05123360894315118,0.125,0.0,0.3333333333333333,0.020452605777518416,0.011181412071426566,0.017241379310344827,0.0,0.07373271889400922,0.03430434374150902,0.01740881130972122,0.0,0.0,0.10406504065040649
networkaragon,3.0,1.0,0.75,0.1250305807383337,0.050227306701689865,0.1,0.024691358024691357,0.35294117647058826,0.022097228101211702,0.011360663001145611,0.014925373134328358,0.0036363636363636364,0.09090909090909091,0.03707549794250663,0.01732531407903852,0.03257328990228013,0.006339144215530904,0.1271676300578035
networkaragon,3.0,1.0,1.0,0.1344293222415434,0.04991422790436107,0.16666666666666666,0.05,0.35714285714285715,0.023540385459991795,0.01071361085213376,0.02608695652173913,0.005928853754940711,0.07644628099173553,0.03957915875782317,0.016569562199306248,0.037037037037037035,0.010638297872340425,0.11965811965811966
networkaragon,3.0,1.0,2.0,0.17537808078986844,0.0707265052717451,0.14285714285714285,0.05,0.4444444444444444,0.03038948751612185,0.013510103375942882,0.04,0.009146341463414634,0.08450704225352113,0.05120242940789927,0.021474263989437498,0.03257328990228013,0.016483516483516484,0.13793103448275862
networkaragon,3.0,1.0,3.0,0.2106535348174014,0.08335984126012423,0.3333333333333333,0.06923076923076923,0.7142857142857143,0.0364595411453499,0.015105832214610135,0.03389830508474576,0.007374631268436578,0.09375,0.06146952904258006,0.024189159612282792,0.05263157894736842,0.013793103448275862,0.15555555555555556
networkaragon,3.0,1.0,5.0,0.24333264589596573,0.089719977802402,0.25,0.08403361344537816,0.7142857142857143,0.041784183741381056,0.015644137865598935,0.043478260869565216,0.011799410029498525,0.09859154929577464,0.07054561082308097,0.025105051217768393,0.08333333333333334,0.022068965517241378,0.16091954022988506
networkaragon,3.0,2.0,0,0.11789201739075521,0.05074204775971201,0.14285714285714285,0.03333333333333333,0.3333333333333333,0.02058325880572883,0.010010120525983816,0.01639344262295082,0.0058997050147492625,0.06873977086743044,0.03462189530572766,0.01573272268727324,0.031413612565445025,0.010638297872340425,0.09578107183580388
networkaragon,3.0,2.0,0.1,0.11953967486647414,0.046444730198919884,0.125,0.0379746835443038,0.2857142857142857,0.02095837015914523,0.009872375740878203,0.023255813953488372,0.004424778761061947,0.07373271889400922,0.03522457107682519,0.015303996371170452,0.015209125475285173,0.008275862068965517,0.10406504065040649
networkaragon,3.0,2.0,0.25,0.12797137750006207,0.05814288413906464,0.1,0.034482758620689655,0.5714285714285714,0.022207189326619442,0.010728673293102562,0.02127659574468085,0.003952569169960474,0.07024793388429752,0.03736191424316093,0.016788702006316925,0.020833333333333332,0.007092198581560283,0.1
networkaragon,3.0,2.0,0.5,0.13413921577259622,0.05195509258075924,0.125,0.03361344537815126,0.34782608695652173,0.02351957198320178,0.011128366352170696,0.016,0.006568144499178982,0.07201309328968904,0.03954059987050188,0.01733857630060659,0.03125000000000001,0.01098901098901099,0.10447761194029849
networkaragon,3.0,2.0,0.75,0.14308277586731066,0.06362253849893448,0.125,0.03361344537815126,0.4375,0.024850129917922976,0.012191918271467391,0.02127659574468085,0.0058997050147492625,0.09859154929577464,0.04182905639368944,0.019331162837291433,0.04132231404958678,0.010638297872340425,0.16091954022988506
networkaragon,3.0,2.0,1.0,0.1498822698736374,0.05970381837263629,0.14285714285714285,0.045454545454545456,0.4,0.0260617609923914,0.011897477583060609,0.023255813953488372,0.008726003490401396,0.07364975450081833,0.04386667758512377,0.018687805930847755,0.0392156862745098,0.014684287812041116,0.11538461538461538
networkaragon,3.0,2.0,2.0,0.18425659932035288,0.07213959465238404,0.25,0.061855670103092786,0.5,0.03173948988104385,0.012905928523575305,0.03773584905660377,0.009881422924901186,0.07291666666666667,0.053537503269278384,0.020642604086697644,0.05263157894736842,0.01773049645390071,0.12173913043478261
networkaragon,3.0,2.0,3.0,0.20779989843129537,0.0796882231248973,0.25,0.07633587786259542,0.6,0.035932846126256135,0.014990615773851019,0.043478260869565216,0.01032448377581121,0.109375,0.060580804888950866,0.02389391798211517,0.03846153846153846,0.019310344827586205,0.175
networkaragon,3.0,2.0,5.0,0.24334392829607454,0.09128349028400604,0.16666666666666666,0.0782608695652174,0.7142857142857143,0.04159815918132412,0.015589428261650025,0.043478260869565216,0.01053864168618267,0.109375,0.07027613119197225,0.025107446278208507,0.08333333333333334,0.018575851393188854,0.175
networkaragon,3.0,3.0,0,0.13106834115280122,0.054617778128617914,0.14285714285714285,0.025210084033613446,0.375,0.02264716859953256,0.01047189095719996,0.02127659574468085,0.0049261083743842365,0.08450704225352113,0.03815050659743416,0.016514545036629674,0.03773584905660377,0.008241758241758242,0.13793103448275862
networkaragon,3.0,3.0,0.1,0.13271286126815954,0.05671257556139328,0.14285714285714285,0.02727272727272727,0.4166666666666667,0.022919842538005372,0.010647603027390847,0.02127659574468085,0.005291005291005291,0.078125,0.038625456854639195,0.016931852443812793,0.03508771929824561,0.008862629246676513,0.125
networkaragon,3.0,3.0,0.25,0.13663844192682262,0.059281295970986525,0.14285714285714285,0.038461538461538464,0.4444444444444444,0.02365647436933402,0.011119078697612791,0.018018018018018018,0.0058309037900874635,0.078125,0.03984764730818595,0.017665094164685227,0.02898550724637681,0.010139416983523447,0.125
networkaragon,3.0,3.0,0.5,0.14034497101812674,0.06138055119889907,0.125,0.03333333333333333,0.4375,0.024149998470007848,0.010888944438048753,0.02127659574468085,0.006355932203389831,0.06912442396313365,0.04070866853475409,0.017291511586050617,0.03636363636363636,0.010676156583629894,0.10638297872340426
networkaragon,3.0,3.0,0.75,0.14615847753636763,0.06163262081580109,0.125,0.04201680672268908,0.42857142857142855,0.02519421190968141,0.011159832581524635,0.02127659574468085,0.007288629737609329,0.08139534883720931,0.04246815729905251,0.017778988099047672,0.0392156862745098,0.012674271229404309,0.11914893617021274
networkaragon,3.0,3.0,1.0,0.1484201758805782,0.06320596147465084,0.14285714285714285,0.03333333333333333,0.4166666666666667,0.02563231405768902,0.011861463026239912,0.017699115044247787,0.006355932203389831,0.09375,0.043216353986456985,0.01902063226550535,0.02898550724637681,0.010676156583629894,0.15
networkaragon,3.0,3.0,2.0,0.1792204127643431,0.0751447659892216,0.16666666666666666,0.048,0.5714285714285714,0.030822557528436545,0.01320202165085719,0.022222222222222223,0.007374631268436578,0.0763888888888889,0.051984713353732996,0.021129243203251512,0.05263157894736842,0.013793103448275862,0.12865497076023394
networkaragon,3.0,3.0,3.0,0.2018839362865403,0.07845891767115876,0.16666666666666666,0.061855670103092786,0.5714285714285714,0.03473316117833439,0.013764799143181735,0.043478260869565216,0.01032448377581121,0.08602150537634409,0.05859119128469366,0.021970610384227485,0.047058823529411764,0.019310344827586205,0.14414414414414414
networkaragon,3.0,3.0,5.0,0.2402813716086869,0.08849314515188936,0.3333333333333333,0.0670391061452514,0.6666666666666666,0.04131262909644425,0.016042286170153953,0.0410958904109589,0.01032448377581121,0.125,0.06976020810921044,0.025856484688218807,0.06896551724137931,0.019310344827586205,0.2
networkaragon,3.0,5.0,0,0.13599431072575155,0.06552979016680661,0.1,0.030534351145038167,0.4166666666666667,0.02335455890462149,0.0114999155255127,0.02127659574468085,0.005454545454545455,0.06741573033707865,0.03941299583299049,0.01873380987722523,0.016,0.009508716323296355,0.11538461538461538
networkaragon,3.0,5.0,0.1,0.13519825936588376,0.06527887004196184,0.1,0.024,0.4166666666666667,0.023123583905114386,0.011470638348224219,0.017857142857142856,0.004975124378109453,0.07526881720430108,0.03903295731018554,0.018592325603833608,0.04878048780487805,0.008298755186721992,0.12612612612612611
networkaragon,3.0,5.0,0.25,0.13788982788874904,0.06688304266281636,0.1,0.03361344537815126,0.4166666666666667,0.023531433569248788,0.011419466374229912,0.01694915254237288,0.005454545454545455,0.07042253521126761,0.03973925474237712,0.018586526916947125,0.02531645569620253,0.009508716323296355,0.11494252873563218
networkaragon,3.0,5.0,0.5,0.13985796296989036,0.06878425873478537,0.14285714285714285,0.03333333333333333,0.42857142857142855,0.023752654227139174,0.0114099511490172,0.025974025974025976,0.0058309037900874635,0.078125,0.040169714727325286,0.018836808005574114,0.03305785123966942,0.010139416983523447,0.12612612612612611
networkaragon,3.0,5.0,0.75,0.14336835380957022,0.0702042493512731,0.125,0.032,0.4666666666666667,0.024532735131324757,0.012144499266687562,0.017241379310344827,0.006688963210702341,0.078125,0.041423781248540355,0.01982788582474183,0.03908794788273615,0.011065006915629321,0.125
networkaragon,3.0,5.0,1.0,0.14732831548972466,0.06930060189358281,0.14285714285714285,0.030927835051546393,0.4166666666666667,0.025206693011892406,0.012223839085152313,0.02564102564102564,0.0057692307692307696,0.07526881720430108,0.042557638627132285,0.019863305094891013,0.02898550724637681,0.009724473257698542,0.12612612612612611
networkaragon,3.0,5.0,2.0,0.16223712166942983,0.08016804624435347,0.16666666666666666,0.04,0.5,0.02771870292082765,0.013664025065411409,0.02127659574468085,0.0058997050147492625,0.09375,0.04681494064956769,0.0223835974863456,0.03908794788273615,0.010638297872340425,0.15
networkaragon,3.0,5.0,3.0,0.17341375028976683,0.08293364597046425,0.14285714285714285,0.05,0.5555555555555556,0.029560179050368316,0.013751652833642977,0.02564102564102564,0.00702576112412178,0.078125,0.04996056541939411,0.022647365550701164,0.0392156862745098,0.01238390092879257,0.12612612612612611
networkaragon,3.0,5.0,5.0,0.2119431948722174,0.09451443529269359,0.16666666666666666,0.05217391304347826,0.7142857142857143,0.036304465531537745,0.016010079544583587,0.030303030303030304,0.00702576112412178,0.109375,0.06129959841684484,0.026082820775661385,0.0625,0.01238390092879257,0.175
networkaragon,5.0,0,0,0.04743832685895006,0.036601443983388264,0.0,0.0,0.17682926829268292,0.009133485688957747,0.00938528326289897,0.0,0.0,0.07373271889400922,0.015069896734878439,0.014249509162707393,0.0,0.0,0.10406504065040649
networkaragon,5.0,0,0.1,0.04702908641613608,0.035841217241635415,0.0,0.0,0.17669172932330826,0.009123468987263014,0.009267784900885225,0.0,0.0,0.07692307692307693,0.015051682756449117,0.01408831669443576,0.0,0.0,0.10718358038768527
networkaragon,5.0,0,0.25,0.047875306722636804,0.03793864914548191,0.0,0.0,0.2222222222222222,0.009036254660258952,0.008556070134366814,0.0,0.0,0.06873977086743044,0.014975163841578872,0.013320284112510048,0.0,0.0,0.09578107183580388
networkaragon,5.0,0,0.5,0.053787671197683545,0.03605570189134857,0.0,0.0,0.19047619047619047,0.010300248852106607,0.0093933900553974,0.0,0.0,0.06912442396313365,0.017032841847104654,0.014279704195064247,0.0,0.0,0.0975609756097561
networkaragon,5.0,0,0.75,0.06508386056937092,0.042341507365388116,0.0,0.0,0.2777777777777778,0.012133154727217594,0.009534164897494445,0.0,0.0,0.06382978723404255,0.020191327361294534,0.014952930218661299,0.0,0.0,0.0900900900900901
networkaragon,5.0,0,1.0,0.07232153486008418,0.044856542145333966,0.0,0.0,0.25,0.013267056725033735,0.010410817889707795,0.0,0.0,0.08294930875576037,0.022089496683653193,0.015960126965047543,0.0,0.0,0.11707317073170731
networkaragon,5.0,0,2.0,0.13195490857272882,0.05961559896293835,0.1111111111111111,0.0,0.4666666666666667,0.023347299468400598,0.012274850342050149,0.02564102564102564,0.0,0.07865168539325842,0.03918196220478466,0.019255458632765222,0.03508771929824562,0.0,0.13461538461538464
networkaragon,5.0,0,3.0,0.1892399722862155,0.06957269455826517,0.3333333333333333,0.06382978723404255,0.4666666666666667,0.032943896584436076,0.013433295421705828,0.05555555555555555,0.007957559681697613,0.07865168539325842,0.05551124568970485,0.021426381505841977,0.03592814371257485,0.014492753623188404,0.13461538461538464
networkaragon,5.0,0,5.0,0.23936425829341598,0.08862936123542689,0.3333333333333333,0.0880503144654088,0.7142857142857143,0.041157660313798736,0.01581819224509144,0.029850746268656716,0.008849557522123894,0.109375,0.06947380328125767,0.02530758082628135,0.07692307692307693,0.016551724137931035,0.175
networkaragon,5.0,0.1,0,0.048029769113940995,0.039885476695918645,0.0,0.0,0.2777777777777778,0.00925654796064545,0.009329554282375842,0.0,0.0,0.06221198156682028,0.015296326449772036,0.014536327511337476,0.0,0.0,0.08780487804878048
networkaragon,5.0,0.1,0.1,0.04910026675736234,0.03499718584206733,0.0,0.0,0.1712707182320442,0.009280305942912292,0.008596989765102672,0.0,0.0,0.07142857142857142,0.015371664798890109,0.013180419814018981,0.0,0.0,0.10081300813008129
networkaragon,5.0,0.1,0.25,0.05048372296466374,0.03908673363314401,0.0,0.0,0.20441988950276244,0.009747527418391038,0.009945286495847349,0.0,0.0,0.08525345622119816,0.016092704141599756,0.015206607580330316,0.0,0.0,0.12032520325203254
networkaragon,5.0,0.1,0.5,0.05847744982365516,0.04136724107024639,0.0,0.0,0.25,0.011071248564707703,0.010239892314540535,0.0,0.0,0.07373271889400922,0.01835325490350437,0.015787240194853877,0.0,0.0,0.10406504065040649
networkaragon,5.0,0.1,0.75,0.06770205809163554,0.04387884232733187,0.0,0.0,0.2727272727272727,0.012536177186034036,0.009740719884323675,0.0,0.0,0.05564648117839607,0.020858241712754116,0.015203866292307546,0.0,0.0,0.07753705815279362
networkaragon,5.0,0.1,1.0,0.07423223080448134,0.04385005230972736,0.0,0.0,0.2222222222222222,0.013799307098679934,0.010521424321819517,0.0,0.0,0.09165302782324058,0.022962689779311266,0.016176415723405325,0.0,0.0,0.12770809578107184
networkaragon,5.0,0.1,2.0,0.1366802150608896,0.05851880575671937,0.14285714285714285,0.0,0.38095238095238093,0.02431596522533635,0.0128563963348002,0.008849557522123894,0.0,0.0851063829787234,0.040784003032468506,0.02002977316696445,0.03636363636363636,0.0,0.13675213675213677
networkaragon,5.0,0.1,3.0,0.19709176530470976,0.07659849998216882,0.18181818181818182,0.057692307692307696,0.5714285714285714,0.03411747185685163,0.014430673344649916,0.043478260869565216,0.01032448377581121,0.109375,0.05752563333230494,0.02305269974817504,0.03252032520325203,0.019310344827586205,0.175
networkaragon,5.0,0.1,5.0,0.23735999560573706,0.09035924466878399,0.25,0.09243697478991597,0.7142857142857143,0.04074132581359525,0.015622214054743943,0.031914893617021274,0.011799410029498525,0.109375,0.06879309190188956,0.02519881615803471,0.06896551724137931,0.022068965517241378,0.175
networkaragon,5.0,0.25,0,0.05014940807036647,0.037685059222034016,0.0,0.0,0.21428571428571427,0.009546048903109785,0.00897742583930074,0.0,0.0,0.060556464811783964,0.01581171402114988,0.013895494282442486,0.0,0.0,0.08437856328392246
networkaragon,5.0,0.25,0.1,0.05204156713157468,0.03926774686326327,0.0,0.0,0.24,0.009901109343023233,0.009501025023319195,0.0,0.0,0.06395348837209303,0.01639010960759777,0.014610189357160784,0.0,0.0,0.09361702127659575
networkaragon,5.0,0.25,0.25,0.05570386338527082,0.03820122467374295,0.0,0.0,0.19230769230769232,0.01060502300220815,0.009790933508287105,0.0,0.0,0.07373271889400922,0.017552940461453705,0.014901647043730683,0.0,0.0,0.10406504065040649
networkaragon,5.0,0.25,0.5,0.06222282108169057,0.04036318069826274,0.0,0.0,0.2,0.011503683761765205,0.009390276106290299,0.0,0.0,0.07603686635944701,0.019136730046734135,0.014483832175731855,0.0,0.0,0.1073170731707317
networkaragon,5.0,0.25,0.75,0.07242703885803684,0.04193730430313332,0.0,0.0,0.29411764705882354,0.013423094307927617,0.010081185753500418,0.0,0.0,0.07692307692307693,0.02233921966905159,0.015458172874256512,0.0,0.0,0.10718358038768527
networkaragon,5.0,0.25,1.0,0.085322666836649,0.04717549499300197,0.0,0.0,0.30434782608695654,0.01547654712766193,0.010160872249746399,0.0,0.0,0.06912442396313365,0.02586740417094944,0.015917424849091567,0.0,0.0,0.0975609756097561
networkaragon,5.0,0.25,2.0,0.15132398408743086,0.06091450848096587,0.14285714285714285,0.0,0.4117647058823529,0.026553127557806814,0.012613355306996536,0.03125,0.0,0.088379705400982,0.044636042848078386,0.019740919630026284,0.037383177570093455,0.0,0.12314709236031927
networkaragon,5.0,0.25,3.0,0.19906254033819987,0.07336386091840746,0.2,0.0547945205479452,0.42857142857142855,0.03435320995488829,0.013729474901661862,0.019704433497536946,0.00954653937947494,0.09375,0.05793663794511895,0.02181193477657627,0.07142857142857142,0.016260162601626015,0.15
networkaragon,5.0,0.25,5.0,0.2399238331511587,0.08938844411910421,0.3333333333333333,0.07211538461538461,0.7142857142857143,0.04112020765875187,0.015400103741699669,0.043478260869565216,0.01032448377581121,0.10256410256410256,0.06945787625024284,0.024831011401166867,0.08333333333333333,0.019310344827586205,0.17777777777777778
networkaragon,5.0,0.5,0,0.061634062592438775,0.04121790253954532,0.0,0.0,0.19230769230769232,0.01168837871316124,0.010193444426191387,0.0,0.0,0.07364975450081833,0.019365161986921196,0.01562452731505736,0.0,0.0,0.10262257696693272
networkaragon,5.0,0.5,0.1,0.06423317757144387,0.04221028825337647,0.0,0.0,0.2222222222222222,0.01209438024701648,0.010073711674498127,0.0,0.0,0.07373271889400922,0.020073464441451076,0.015609357244258718,0.0,0.0,0.10406504065040649
networkaragon,5.0,0.5,0.25,0.06640033982177913,0.039633025647147185,0.0,0.0,0.25,0.012334021714961608,0.009503777030835351,0.0,0.0,0.06912442396313365,0.0205074442480366,0.01459208084941433,0.0,0.0,0.0975609756097561
networkaragon,5.0,0.5,0.5,0.07781885407277608,0.04286104682503343,0.0,0.0,0.2631578947368421,0.014234831602391643,0.010117220268807072,0.0,0.0,0.07037643207855974,0.023729437442448296,0.015653655189790668,0.0,0.0,0.09806157354618017
networkaragon,5.0,0.5,0.75,0.08694556282540315,0.04488394639477459,0.0,0.0,0.2777777777777778,0.015790696211052644,0.010617208254050846,0.0,0.0,0.0851063829787234,0.026366081786565205,0.01632204725383602,0.0,0.0,0.11858608893956668
networkaragon,5.0,0.5,1.0,0.1052224746037398,0.044650850454030486,0.09523809523809523,0.0,0.2857142857142857,0.01901575811001222,0.010890684166579827,0.0,0.0,0.07834101382488479,0.031794144048009634,0.016658929736116816,0.0,0.0,0.11056910569105692
networkaragon,5.0,0.5,2.0,0.1631006728438535,0.06372082912304797,0.14285714285714285,0.06382978723404255,0.42857142857142855,0.028264861718733054,0.011947306818942807,0.02127659574468085,0.010238907849829351,0.07037643207855974,0.0476197164064105,0.01891195880347508,0.0425531914893617,0.017964071856287425,0.11538461538461538
networkaragon,5.0,0.5,3.0,0.19829392070138027,0.07493924343813112,0.16666666666666666,0.07692307692307693,0.4444444444444444,0.034363976956593364,0.014201454203772574,0.02564102564102564,0.008849557522123894,0.0867430441898527,0.057905746070684376,0.022467190740655462,0.0625,0.016551724137931035,0.1391304347826087
networkaragon,5.0,0.5,5.0,0.24126914313016165,0.09115102647942513,0.25,0.07272727272727272,0.7142857142857143,0.04119346595783223,0.015326194389021875,0.030303030303030304,0.01327433628318584,0.10416666666666667,0.06962324132029739,0.024806259440634956,0.08333333333333334,0.02482758620689655,0.17094017094017094
networkaragon,5.0,0.75,0,0.07053074406727607,0.03911459182625136,0.0,0.0,0.2777777777777778,0.013108202441916047,0.009648405286110369,0.0,0.0,0.06710310965630115,0.02180738625868828,0.014824694027074946,0.0,0.0,0.09350057012542759
networkaragon,5.0,0.75,0.1,0.0719894434193107,0.03913966150186855,0.0,0.0,0.25806451612903225,0.01331124763197223,0.009601971767387647,0.0,0.0,0.07692307692307693,0.022176405272654492,0.014741592527199742,0.0,0.0,0.10718358038768527
networkaragon,5.0,0.75,0.25,0.08157750138135542,0.04519814078698826,0.0,0.0,0.35714285714285715,0.01479767928421741,0.01018007073676985,0.0,0.0,0.08294930875576037,0.024711432568397744,0.01567749877097649,0.0,0.0,0.11707317073170731
networkaragon,5.0,0.75,0.5,0.09486112881295344,0.03890935781880018,0.1,0.0,0.25,0.017165634614839272,0.009803030772267395,0.0,0.0,0.06682027649769585,0.028687385504947656,0.014887642277022294,0.0,0.0,0.1
networkaragon,5.0,0.75,0.75,0.10684838305806603,0.04899067756455631,0.1111111111111111,0.0,0.42857142857142855,0.019020714674510386,0.01083404142839631,0.0125,0.0,0.075,0.03186557277983873,0.016781996562270918,0.03508771929824561,0.0,0.1276595744680851
networkaragon,5.0,0.75,1.0,0.12176808224584178,0.05082785204722267,0.1111111111111111,0.0,0.375,0.021683092950749664,0.011580353122740396,0.02127659574468085,0.0,0.07373271889400922,0.036343949404775436,0.01784997637827343,0.0392156862745098,0.0,0.10406504065040649
networkaragon,5.0,0.75,2.0,0.1688731213613486,0.06539745495517701,0.14285714285714285,0.05,0.5,0.029436178455520882,0.012841239974371418,0.043478260869565216,0.007374631268436578,0.0759493670886076,0.0495686128285112,0.020372963672234703,0.05555555555555555,0.013793103448275862,0.13186813186813187
networkaragon,5.0,0.75,3.0,0.20259749229121654,0.0802158461283993,0.2,0.07246376811594203,0.7142857142857143,0.034942923809129826,0.01405805701054998,0.043478260869565216,0.01032448377581121,0.08450704225352113,0.05892350833329226,0.022425704456430086,0.037037037037037035,0.019310344827586205,0.13793103448275862
networkaragon,5.0,0.75,5.0,0.2394758529440578,0.0851110867551633,0.3333333333333333,0.08653846153846154,0.5833333333333334,0.041197522823794124,0.015700217338519864,0.034482758620689655,0.01032448377581121,0.109375,0.06955095142083545,0.025101723750374096,0.0625,0.019310344827586205,0.175
networkaragon,5.0,1.0,0,0.08839498087639348,0.042149431475595314,0.08333333333333333,0.0,0.2777777777777778,0.016167989534937297,0.010250095452071738,0.0,0.0,0.07848837209302326,0.0269957852936683,0.015801371692859997,0.0,0.0,0.1148936170212766
networkaragon,5.0,1.0,0.1,0.09030969706726577,0.043289661045233095,0.09090909090909091,0.0,0.2857142857142857,0.016304387026961974,0.009931734020553177,0.0,0.0,0.06912442396313365,0.02726637675072985,0.015298616361570289,0.0,0.0,0.0975609756097561
networkaragon,5.0,1.0,0.25,0.0946433105816606,0.046638220409575264,0.09090909090909091,0.0,0.42857142857142855,0.016779123377527495,0.009873077792182067,0.0,0.0,0.08346972176759411,0.028095625927012324,0.015048344777997961,0.0,0.0,0.1163055872291904
networkaragon,5.0,1.0,0.5,0.1068445802605407,0.04329748433795682,0.14285714285714285,0.0,0.25,0.019080312630803727,0.010282587090925811,0.020833333333333332,0.0,0.07037643207855974,0.031958202655381365,0.015735332952083167,0.03571428571428571,0.0,0.09806157354618017
networkaragon,5.0,1.0,0.75,0.11536441689977017,0.04579067079699522,0.125,0.03361344537815126,0.3125,0.020327865488335775,0.009806118359671288,0.015037593984962405,0.005154639175257732,0.06873977086743044,0.03415774513802824,0.015284174142076553,0.026607538802660754,0.008968609865470852,0.09578107183580388
networkaragon,5.0,1.0,1.0,0.12455087216165146,0.053311791938679035,0.125,0.04310344827586207,0.35714285714285715,0.021885236171928148,0.011013986457568247,0.01282051282051282,0.005928853754940711,0.07528641571194762,0.036762320045869275,0.017227226233051406,0.03125,0.010638297872340425,0.11965811965811966
networkaragon,5.0,1.0,2.0,0.1719094573087092,0.06905778030686345,0.25,0.06172839506172839,0.5294117647058824,0.030065842298851758,0.014079186928329697,0.02127659574468085,0.0058997050147492625,0.109375,0.050583146653798816,0.02221170922139451,0.03508771929824561,0.011034482758620689,0.175
networkaragon,5.0,1.0,3.0,0.20030143396531325,0.07810729573601684,0.2,0.0707070707070707,0.5714285714285714,0.03447947670452543,0.013877281845280646,0.022727272727272728,0.009230769230769232,0.08695652173913043,0.05818231117300636,0.022331393829057977,0.03755868544600939,0.01662049861495845,0.14414414414414414
networkaragon,5.0,1.0,5.0,0.24290694760823867,0.0902770707258992,0.25,0.07262569832402235,0.7142857142857143,0.04178749937962412,0.01630146866046136,0.043478260869565216,0.01032448377581121,0.1,0.07055073761403126,0.02623950481551565,0.08333333333333334,0.019310344827586205,0.16417910447761194
networkaragon,5.0,2.0,0,0.11587297416508362,0.04824434650174243,0.14285714285714285,0.030927835051546393,0.2857142857142857,0.02010872615642756,0.009355798847855007,0.02127659574468085,0.003952569169960474,0.07037643207855974,0.033846627865749546,0.014617461009193327,0.02531645569620253,0.007092198581560283,0.09806157354618017
networkaragon,5.0,2.0,0.1,0.11884530325233011,0.044435750659902795,0.1,0.03361344537815126,0.3076923076923077,0.02080222096991214,0.009587714416853708,0.018018018018018018,0.005376344086021506,0.06382978723404255,0.03497738162057441,0.014818298709055185,0.03125,0.009950248756218907,0.1
networkaragon,5.0,2.0,0.25,0.12005491716890757,0.04863393658630423,0.125,0.028985507246376812,0.3076923076923077,0.020945142080668642,0.010002188958198889,0.03125,0.004975124378109453,0.06912442396313365,0.035229333934394036,0.01561589296336367,0.02112676056338028,0.008492569002123142,0.0975609756097561
networkaragon,5.0,2.0,0.5,0.12794838551448243,0.05315619254963098,0.125,0.02727272727272727,0.3333333333333333,0.02224629587031475,0.010406210360931617,0.014925373134328358,0.005291005291005291,0.06710310965630115,0.037448325916233254,0.01640971188147978,0.06504065040650407,0.008862629246676513,0.1081081081081081
networkaragon,5.0,2.0,0.75,0.1359768623122546,0.05825428695018574,0.14285714285714285,0.038461538461538464,0.42857142857142855,0.023521825181199052,0.01093635458705384,0.02127659574468085,0.00702576112412178,0.07526881720430108,0.039625810606566406,0.017386098860691316,0.03257328990228013,0.01238390092879257,0.12612612612612611
networkaragon,5.0,2.0,1.0,0.14070709942966958,0.058667332281585875,0.14285714285714285,0.05042016806722689,0.4666666666666667,0.024318464032073227,0.010984180144812814,0.02127659574468085,0.005928853754940711,0.07865168539325842,0.04098401150956859,0.017514763750581062,0.034334763948497854,0.010638297872340425,0.13461538461538464
networkaragon,5.0,2.0,2.0,0.17284731278673973,0.06982216654428325,0.25,0.045454545454545456,0.42857142857142855,0.02981631268770436,0.012617152796188112,0.02564102564102564,0.008676789587852495,0.07037643207855974,0.050257936468109075,0.02004720544259969,0.03257328990228013,0.014771048744460856,0.11320754716981131
networkaragon,5.0,2.0,3.0,0.20119974311389674,0.07611763211140797,0.2,0.072,0.5333333333333333,0.034883605187012855,0.014846809067900707,0.022727272727272728,0.009146341463414634,0.09375,0.058786540979860843,0.023567302459088082,0.03571428571428571,0.01675977653631285,0.15384615384615383
networkaragon,5.0,2.0,5.0,0.24075743205673877,0.09241430994475895,0.25,0.08403361344537816,0.7142857142857143,0.041232799111008515,0.015826247637305727,0.034482758620689655,0.01032448377581121,0.09859154929577464,0.0696270519414824,0.025431511250051348,0.06896551724137931,0.019310344827586205,0.16091954022988506
networkaragon,5.0,3.0,0,0.12424481355750001,0.04973789523805217,0.1,0.03361344537815126,0.30434782608695654,0.021341584030718893,0.009026408854684856,0.014925373134328358,0.003952569169960474,0.056338028169014086,0.03599875866617917,0.01432815492835232,0.03305785123966942,0.007092198581560283,0.09195402298850576
networkaragon,5.0,3.0,0.1,0.12719200652443288,0.05458045706701532,0.1,0.030303030303030304,0.3333333333333333,0.02191266191167269,0.010076001254661668,0.024390243902439025,0.003952569169960474,0.0625,0.03694740259539794,0.016135510028072404,0.03614457831325301,0.007092198581560283,0.1
networkaragon,5.0,3.0,0.25,0.13271709823295982,0.06027135034376729,0.11764705882352941,0.03571428571428571,0.4166666666666667,0.022863005800886765,0.011113533096901686,0.025974025974025976,0.0058997050147492625,0.07272727272727272,0.03853745322860025,0.017750593709774137,0.04878048780487805,0.011034482758620689,0.11940298507462686
networkaragon,5.0,3.0,0.5,0.13663453624190178,0.060658473109392715,0.125,0.04040404040404041,0.4166666666666667,0.023483509708389177,0.010519488141552383,0.015037593984962405,0.0058997050147492625,0.06395348837209303,0.03961105370434081,0.01692868903456212,0.03125,0.010638297872340425,0.1098901098901099
networkaragon,5.0,3.0,0.75,0.1437416546482518,0.0632530840755441,0.14285714285714285,0.02727272727272727,0.4166666666666667,0.024762951619373003,0.011512311564114992,0.02127659574468085,0.005291005291005291,0.07042253521126761,0.04176524737311701,0.01851904868602903,0.02531645569620253,0.008862629246676513,0.11494252873563218
networkaragon,5.0,3.0,1.0,0.1484453785391915,0.06353785086045231,0.14285714285714285,0.05,0.4,0.025402920474304265,0.010910775883949467,0.02830188679245283,0.008676789587852495,0.06741573033707865,0.04288811417478773,0.017659260675772052,0.03508771929824561,0.015209125475285173,0.11538461538461538
networkaragon,5.0,3.0,2.0,0.17068919604334928,0.07514970345389736,0.2,0.05343511450381679,0.5714285714285714,0.02924059906852059,0.01269637961242123,0.02097902097902098,0.007374631268436578,0.07766990291262135,0.04935554149130271,0.020545285290759472,0.03508771929824561,0.013793103448275862,0.128
networkaragon,5.0,3.0,3.0,0.19742269750896568,0.08156495960832337,0.2,0.06153846153846154,0.5714285714285714,0.03387464108576827,0.01401815671642091,0.034482758620689655,0.008849557522123894,0.09859154929577464,0.05718043387697314,0.02265347117974353,0.06611570247933884,0.016551724137931035,0.16091954022988506
networkaragon,5.0,3.0,5.0,0.23717705530360733,0.08610254656466818,0.3333333333333333,0.0670391061452514,0.5714285714285714,0.04068454187549715,0.015201322044890575,0.03389830508474576,0.008849557522123894,0.09375,0.06871325480382716,0.024424188447415777,0.03846153846153846,0.016551724137931035,0.15384615384615383
networkaragon,5.0,5.0,0,0.13236328998971006,0.06091768165392454,0.125,0.0379746835443038,0.4444444444444444,0.02254405788141403,0.010383107370074212,0.023255813953488372,0.0058997050147492625,0.078125,0.03808279200337646,0.016819976515746408,0.04878048780487805,0.010638297872340425,0.125
networkaragon,5.0,5.0,0.1,0.13609756033493273,0.06603367190782101,0.14285714285714285,0.043478260869565216,0.4444444444444444,0.023148231303059815,0.010840449501027525,0.043478260869565216,0.00585480093676815,0.06741573033707865,0.03912523802353708,0.017788155240370623,0.0392156862745098,0.010319917440660476,0.11538461538461538
networkaragon,5.0,5.0,0.25,0.1355295396717366,0.06467575804605209,0.14285714285714285,0.038461538461538464,0.4166666666666667,0.023153473694889508,0.011005466877015556,0.02127659574468085,0.005928853754940711,0.078125,0.039111319737897735,0.0180252645497823,0.04878048780487805,0.010638297872340425,0.125
networkaragon,5.0,5.0,0.5,0.1395508852082578,0.06840581374395703,0.1,0.030534351145038167,0.4166666666666667,0.023752052265422405,0.011461185587819748,0.015384615384615385,0.006644518272425249,0.06796116504854369,0.0401413289029613,0.0187802878963011,0.03908794788273615,0.012,0.11538461538461538
networkaragon,5.0,5.0,0.75,0.14409930592515535,0.06707805588215363,0.11764705882352941,0.030534351145038167,0.5,0.024570387576325677,0.011489485080141425,0.023255813953488372,0.007281553398058253,0.0759493670886076,0.041529190742961755,0.018826140950977167,0.02973977695167286,0.012448132780082988,0.13186813186813187
networkaragon,5.0,5.0,1.0,0.14545908422981685,0.07052447098754765,0.125,0.037037037037037035,0.4166666666666667,0.02487233146839098,0.012309203931622464,0.015037593984962405,0.005454545454545455,0.078125,0.04198789885498374,0.019995162478565455,0.02531645569620253,0.009508716323296355,0.125
networkaragon,5.0,5.0,2.0,0.15956094174700464,0.07743311213841848,0.14285714285714285,0.02727272727272727,0.5,0.02720335132718591,0.013068107961691073,0.02097902097902098,0.003952569169960474,0.09375,0.045979409956547285,0.021503141916257195,0.045454545454545456,0.007092198581560283,0.15
networkaragon,5.0,5.0,3.0,0.17198444727632606,0.08168841387198003,0.14285714285714285,0.04,0.5555555555555556,0.02941385425009749,0.013797670946989896,0.043478260869565216,0.005928853754940711,0.08602150537634409,0.049675792648345776,0.0226073315259095,0.02197802197802198,0.010638297872340425,0.14414414414414414
networkaragon,5.0,5.0,5.0,0.20765878619483116,0.09054879197088757,0.3333333333333333,0.0446927374301676,0.5714285714285714,0.03548811134712791,0.015219004821587046,0.03225806451612903,0.007905138339920948,0.09375,0.05996186950758307,0.024894687797333018,0.056338028169014086,0.014184397163120565,0.15
