dataset,decay_factor,alpha,beta,mean_precision,std_precision,mode_precision,min_precision,max_precision,mean_recall,std_recall,mode_recall,min_recall,max_recall,mean_f1,std_f1,mode_f1,min_f1,max_f1
Reddit_B,0,0,0.1,0.14904826093453977,0.02835758218422726,0.14285714285714285,0.04487179487179487,0.24817518248175183,0.07542029584462068,0.01571828272948706,0.06601466992665037,0.0219435736677116,0.1284246575342466,0.10005021703906812,0.019977102878868863,0.06060606060606061,0.029473684210526315,0.1656516443361754
Reddit_B,0,0,0.25,0.15645593415332143,0.030636223828916887,0.16666666666666666,0.06629834254143646,0.2631578947368421,0.07928905795067664,0.017680415046349988,0.08333333333333333,0.029339853300733496,0.14423076923076922,0.10513090817743202,0.02225292554951705,0.09523809523809523,0.04067796610169492,0.18633540372670807
Reddit_B,0,0,0.5,0.17170778899678205,0.029601503250618888,0.2,0.08333333333333333,0.27165354330708663,0.08697353791081072,0.017243343151549944,0.06716417910447761,0.038011695906432746,0.16083916083916083,0.11534247527805688,0.021602632350805985,0.08571428571428572,0.05220883534136546,0.2020497803806735
Reddit_B,0,0,0.75,0.1900553806943002,0.03327615969022619,0.17647058823529413,0.09375,0.3024193548387097,0.09625307105635614,0.019188617662237492,0.1,0.043859649122807015,0.15753424657534246,0.12765565132955978,0.024126830455095654,0.10695187165775401,0.0597609561752988,0.2066115702479339
Reddit_B,0,0,1.0,0.21034092279717687,0.03437957637900839,0.2,0.11979166666666667,0.3079268292682927,0.10657290756857321,0.0203219165700104,0.125,0.05555555555555555,0.17294520547945205,0.1413238033495418,0.025352833608187512,0.11619718309859155,0.07675906183368869,0.22149122807017543
Reddit_B,0,0,2.0,0.2967662311242596,0.03982079299345341,0.3333333333333333,0.16666666666666666,0.45121951219512196,0.15033036533439084,0.024878939413024655,0.125,0.06613756613756613,0.2534246575342466,0.19936517081396413,0.03043962032352827,0.1705685618729097,0.1008064516129032,0.3245614035087719
Reddit_B,0,0,3.0,0.3560390492678282,0.041852262248995326,0.3333333333333333,0.2457627118644068,0.4692982456140351,0.18032530351215853,0.027254136418627027,0.16417910447761194,0.07671957671957672,0.26098191214470284,0.23915707481050247,0.0328575037265538,0.21526418786692758,0.11693548387096772,0.3333333333333333
Reddit_B,0,0,5.0,0.40114924928553114,0.04130480137698031,0.4,0.2857142857142857,0.5263157894736842,0.20303309408527007,0.0275453630696434,0.17647058823529413,0.1111111111111111,0.2914046121593291,0.2693309835641502,0.0328022997330895,0.23076923076923075,0.1693548387096774,0.3736559139784946
Reddit_B,0,0.1,0,0.1441262778134995,0.02896487774546045,0.12935323383084577,0.0641025641025641,0.2682926829268293,0.07293414216786843,0.0159933573985078,0.07142857142857142,0.03058103975535168,0.1506849315068493,0.0967537500108019,0.02040737556176523,0.07394366197183098,0.041407867494824016,0.19298245614035087
Reddit_B,0,0.1,0.1,0.14841863119198706,0.029697738904174528,0.14285714285714285,0.06626506024096386,0.23125,0.07508218765100687,0.016203419484813773,0.07692307692307693,0.03287671232876712,0.1222879684418146,0.09961325195896639,0.02073874498429008,0.08,0.044444444444444446,0.15776081424936386
Reddit_B,0,0.1,0.25,0.16000076497071686,0.02900885173676974,0.16,0.08441558441558442,0.26294820717131473,0.08104238174472769,0.0166677722376076,0.08333333333333333,0.03816793893129771,0.14726027397260275,0.10747827411500648,0.020999350922532564,0.0909090909090909,0.053571428571428575,0.18859649122807018
Reddit_B,0,0.1,0.5,0.17458133316919452,0.03168424613002518,0.15,0.10194174757281553,0.28353658536585363,0.08846799611341505,0.018517155505620088,0.07692307692307693,0.04918032786885246,0.15924657534246575,0.11730779985110767,0.02322026394857096,0.09000000000000001,0.0670926517571885,0.20394736842105263
Reddit_B,0,0.1,0.75,0.1954878837010337,0.03142873504041706,0.2,0.10476190476190476,0.2927927927927928,0.09899593679413128,0.018417868692772715,0.09090909090909091,0.05034324942791762,0.1558219178082192,0.13129713078615407,0.023006454961428533,0.09999999999999999,0.06800618238021638,0.20058997050147492
Reddit_B,0,0.1,1.0,0.2145894901233361,0.036509211764260155,0.2,0.11688311688311688,0.32926829268292684,0.10866585408245921,0.021154122508483166,0.125,0.05089058524173028,0.18493150684931506,0.14412102224295006,0.02651967632433933,0.14473684210526316,0.07142857142857142,0.23684210526315788
Reddit_B,0,0.1,2.0,0.29992618784876773,0.03967069622459513,0.25,0.192090395480226,0.43902439024390244,0.15196785438518834,0.025267710593510097,0.14285714285714285,0.06878306878306878,0.2465753424657534,0.2015189069797534,0.030755088676915805,0.17834394904458598,0.10483870967741933,0.3157894736842105
Reddit_B,0,0.1,3.0,0.36074989228988585,0.04167749948077866,0.3333333333333333,0.2411764705882353,0.46613545816733065,0.18270475023715724,0.0272795206837335,0.17647058823529413,0.082010582010582,0.2611764705882353,0.2423158060878626,0.03283747411943193,0.21508828250401282,0.12499999999999999,0.33433734939759036
Reddit_B,0,0.1,5.0,0.4017867643496173,0.04093918968259383,0.42857142857142855,0.3,0.5396341463414634,0.20337011217148387,0.027604374082646266,0.15789473684210525,0.1164021164021164,0.3030821917808219,0.26977149480598367,0.03279119969225932,0.26421404682274247,0.17741935483870966,0.38815789473684215
Reddit_B,0,0.25,0,0.14913549498160714,0.02888109575954645,0.14814814814814814,0.08241758241758242,0.25757575757575757,0.07545764209502814,0.015876604872468038,0.06896551724137931,0.038356164383561646,0.13013698630136986,0.10010124942295315,0.020215162905121313,0.06211180124223603,0.05243445692883895,0.16666666666666666
Reddit_B,0,0.25,0.1,0.15227978754418584,0.030038659099637332,0.16666666666666666,0.06936416184971098,0.26262626262626265,0.077071697767344,0.016690613983324804,0.07517084282460136,0.034782608695652174,0.13527397260273974,0.102237093858438,0.021243612877108957,0.0879120879120879,0.04633204633204633,0.1732456140350877
Reddit_B,0,0.25,0.25,0.16562768296606975,0.03150131656800108,0.16666666666666666,0.0893854748603352,0.25462962962962965,0.08388179792691257,0.017793141325033287,0.08333333333333333,0.04281345565749235,0.1421232876712329,0.11124807632283829,0.022545894455136863,0.0821917808219178,0.057971014492753624,0.18201754385964913
Reddit_B,0,0.25,0.5,0.18007026995523792,0.031163589154113613,0.2,0.08176100628930817,0.27598566308243727,0.09125308346239545,0.018442966493429393,0.09375,0.040880503144654086,0.15187376725838264,0.1209982338659842,0.023015430011989375,0.1095890410958904,0.05450733752620544,0.19592875318066158
Reddit_B,0,0.25,0.75,0.20066508161627294,0.03477150057247158,0.2,0.09615384615384616,0.3048780487804878,0.10161795573799133,0.01995052554238307,0.10909090909090909,0.045871559633027525,0.17123287671232876,0.13477621702489206,0.025118283536739984,0.10526315789473685,0.06211180124223603,0.21929824561403508
Reddit_B,0,0.25,1.0,0.2208572106038963,0.03398337128234158,0.2,0.1206896551724138,0.3217391304347826,0.11186038023062103,0.020342397008694436,0.11764705882352941,0.05785123966942149,0.1780821917808219,0.1483500895567587,0.025227673755577173,0.12807881773399013,0.07821229050279331,0.22807017543859648
Reddit_B,0,0.25,2.0,0.3056266806764451,0.03864264594037054,0.295,0.20555555555555555,0.4298780487804878,0.1547636752678207,0.02434768804684793,0.14285714285714285,0.08994708994708994,0.24143835616438356,0.20526562715285038,0.02964884054220514,0.16470588235294117,0.13653136531365315,0.3092105263157895
Reddit_B,0,0.25,3.0,0.36201294291199587,0.04146114152112912,0.3333333333333333,0.24705882352941178,0.4878048780487805,0.18323501206067785,0.026634057828855615,0.1691542288557214,0.10052910052910052,0.273972602739726,0.24306370981845563,0.03214291660529306,0.22222222222222224,0.1532258064516129,0.3508771929824562
Reddit_B,0,0.25,5.0,0.40313268059343593,0.041305441763346155,0.4,0.2677595628415301,0.5482456140350878,0.2040663218229064,0.027752412397854326,0.2,0.10052910052910052,0.3004807692307692,0.27069078208743563,0.03301462098462795,0.27986348122866894,0.1532258064516129,0.38819875776397517
Reddit_B,0,0.5,0,0.15736584457660646,0.02826580351215389,0.14285714285714285,0.07614213197969544,0.2530487804878049,0.079689853243081,0.016169837111555743,0.057534246575342465,0.04043126684636118,0.1421232876712329,0.10569342378873463,0.02039654388628384,0.09523809523809523,0.0528169014084507,0.18201754385964913
Reddit_B,0,0.5,0.1,0.1627688448734975,0.03014541121225028,0.16666666666666666,0.0880503144654088,0.25914634146341464,0.08236706733120591,0.016919897275968012,0.08333333333333333,0.0440251572327044,0.14554794520547945,0.1092650715983945,0.021419990824828254,0.11764705882352942,0.05870020964360586,0.18640350877192982
Reddit_B,0,0.5,0.25,0.17218531940511758,0.030423000198081793,0.14285714285714285,0.07547169811320754,0.29573170731707316,0.08724385579554732,0.0177184891309715,0.08333333333333333,0.03773584905660377,0.1660958904109589,0.11568937400183897,0.022229972478083438,0.08695652173913043,0.05031446540880503,0.21271929824561403
Reddit_B,0,0.5,0.5,0.19005334575398697,0.03252823321797519,0.16,0.1111111111111111,0.29878048780487804,0.09621416998257469,0.01862725814823337,0.09090909090909091,0.053824362606232294,0.1678082191780822,0.12761972483674033,0.02343677347982149,0.10229276895943562,0.07251908396946564,0.2149122807017544
Reddit_B,0,0.5,0.75,0.21135030788019252,0.032695952530776104,0.2222222222222222,0.10880829015544041,0.34146341463414637,0.10705107081328682,0.019395802653667457,0.10160427807486631,0.05223880597014925,0.1917808219178082,0.14197380052546543,0.024152116434282785,0.12631578947368421,0.07058823529411765,0.24561403508771934
Reddit_B,0,0.5,1.0,0.2324150087361684,0.035464869597717476,0.2,0.11981566820276497,0.3384146341463415,0.11771521397690653,0.021344415998049808,0.11027568922305764,0.06483790523690773,0.19006849315068494,0.15611563792316357,0.02643086169402877,0.14201183431952663,0.08414239482200647,0.24342105263157895
Reddit_B,0,0.5,2.0,0.31390166031269856,0.038979200474035886,0.3333333333333333,0.20125786163522014,0.42358078602620086,0.1589458185477028,0.02469414419167051,0.14285714285714285,0.0873015873015873,0.2345890410958904,0.2108170790058912,0.030018665807224797,0.18471337579617833,0.13306451612903228,0.300438596491228
Reddit_B,0,0.5,3.0,0.366238820689837,0.04073355258626963,0.3333333333333333,0.2185792349726776,0.49122807017543857,0.18542938436064643,0.026810775463939698,0.2,0.09259259259259259,0.2692307692307692,0.24595210894141936,0.032170374614494256,0.19797979797979798,0.14112903225806453,0.3478260869565218
Reddit_B,0,0.5,5.0,0.4034866054317924,0.04112348592793011,0.395,0.3005464480874317,0.5614035087719298,0.20430526224044945,0.02805397442032217,0.22323462414578588,0.09788359788359788,0.3076923076923077,0.27098270896256005,0.03329062338374073,0.26666666666666666,0.14919354838709678,0.39751552795031053
Reddit_B,0,0.75,0,0.1621352150058855,0.029733178004283614,0.14285714285714285,0.075,0.25609756097560976,0.08216679830248577,0.01718347324407144,0.07213930348258707,0.03508771929824561,0.14383561643835616,0.10894788493600614,0.021601184270656028,0.10256410256410256,0.04780876494023904,0.18421052631578946
Reddit_B,0,0.75,0.1,0.17049946151551762,0.03131046785869182,0.15228426395939088,0.08235294117647059,0.2774390243902439,0.08634851502256104,0.017947218674222665,0.08333333333333333,0.042042042042042045,0.1558219178082192,0.11451745753064295,0.022608771229613675,0.10578512396694215,0.055666003976143144,0.19956140350877197
Reddit_B,0,0.75,0.25,0.18093509773770905,0.03269799361180465,0.16666666666666666,0.08045977011494253,0.2675438596491228,0.09163880259160857,0.018561181513161617,0.07692307692307693,0.037037037037037035,0.1466346153846154,0.12153803861284186,0.023476693232236667,0.15384615384615385,0.052141527001862205,0.1894409937888199
Reddit_B,0,0.75,0.5,0.2014952309915852,0.03346706485527816,0.16666666666666666,0.09411764705882353,0.3179916317991632,0.10206269359121704,0.01958605713367652,0.1111111111111111,0.046753246753246755,0.17882352941176471,0.13535524133067448,0.02450732852992157,0.13698630136986303,0.0636182902584493,0.22891566265060243
Reddit_B,0,0.75,0.75,0.22018725918116297,0.034797327214306874,0.2,0.12980769230769232,0.33771929824561403,0.11145298410949078,0.020303115621017838,0.11764705882352941,0.061068702290076333,0.18509615384615385,0.14784065536011867,0.025367452554343098,0.1111111111111111,0.08571428571428572,0.2391304347826087
Reddit_B,0,0.75,1.0,0.23993398952468578,0.03679531772390891,0.25,0.12790697674418605,0.3567073170731707,0.12152567490516454,0.021918892032964966,0.125,0.0582010582010582,0.20034246575342465,0.1611698307501721,0.02722673576077917,0.12631578947368421,0.08576998050682261,0.2565789473684211
Reddit_B,0,0.75,2.0,0.3192541455697023,0.03972329510367161,0.3333333333333333,0.23204419889502761,0.45121951219512196,0.16170678546555028,0.0254278736746372,0.1493975903614458,0.082010582010582,0.2534246575342466,0.2144559952766772,0.030835462494269727,0.19999999999999998,0.12499999999999999,0.3245614035087719
Reddit_B,0,0.75,3.0,0.3678563047611591,0.04011690566893912,0.3333333333333333,0.26380368098159507,0.4824561403508772,0.18623670878342385,0.026548114357606893,0.1875,0.10317460317460317,0.26588235294117646,0.24702619866482628,0.03177095815786372,0.19615384615384615,0.15725806451612906,0.34161490683229817
Reddit_B,0,0.75,5.0,0.4073871407946586,0.039488167225721,0.35714285714285715,0.30386740331491713,0.5570175438596491,0.2062211157827746,0.027241845590608132,0.15497076023391812,0.11375661375661375,0.30528846153846156,0.273547020402577,0.03213962354410081,0.22487223168654175,0.17338709677419353,0.3944099378881988
Reddit_B,0,1.0,0,0.1736889912837109,0.0328520579644002,0.16666666666666666,0.0880503144654088,0.2926829268292683,0.08795183358478519,0.018676238138332475,0.08163265306122448,0.04281345565749235,0.1643835616438356,0.1166490791945407,0.023594198962824674,0.08955223880597016,0.057971014492753624,0.21052631578947367
Reddit_B,0,1.0,0.1,0.18155165907835052,0.032121995243323216,0.2,0.08235294117647059,0.27134146341463417,0.09181427986025788,0.01778386892046565,0.08823529411764706,0.042042042042042045,0.1523972602739726,0.12182175766981711,0.022562274196078824,0.1033210332103321,0.055666003976143144,0.19517543859649122
Reddit_B,0,1.0,0.25,0.1914094948424132,0.03220299746319015,0.2,0.10734463276836158,0.32621951219512196,0.09688281654440772,0.01858723925370415,0.1,0.05454545454545454,0.1832191780821918,0.12851424468897713,0.02332340373117885,0.10666666666666666,0.07238095238095238,0.23464912280701752
Reddit_B,0,1.0,0.5,0.21031963018387478,0.03457278105873335,0.2,0.1038961038961039,0.3089430894308943,0.10642379593277565,0.019867655483643044,0.10526315789473684,0.05144694533762058,0.1731266149870801,0.1411845300432876,0.024941371017134936,0.1254125412541254,0.06881720430107527,0.21895424836601307
Reddit_B,0,1.0,0.75,0.2302127968184923,0.03243475934465535,0.25,0.14465408805031446,0.3295880149812734,0.11656492975269,0.019650274202841624,0.125,0.06349206349206349,0.18448637316561844,0.15460802410563923,0.024260640940897554,0.1265377855887522,0.09643605870020963,0.2365591397849462
Reddit_B,0,1.0,1.0,0.2504378861449482,0.03632203936701408,0.25,0.16022099447513813,0.3475609756097561,0.12680246604603612,0.021716864154302268,0.1111111111111111,0.06349206349206349,0.1952054794520548,0.16818789976249965,0.026911561231527017,0.1301775147928994,0.0967741935483871,0.25
Reddit_B,0,1.0,2.0,0.326553466191506,0.03877219597066415,0.3333333333333333,0.21666666666666667,0.4353448275862069,0.1653713186911008,0.024999325752521707,0.15201900237529692,0.09259259259259259,0.238013698630137,0.21932970497690102,0.030193642787274943,0.20512820512820512,0.13076923076923078,0.3048245614035088
Reddit_B,0,1.0,3.0,0.3708796140521347,0.041022061305354886,0.3333333333333333,0.22404371584699453,0.4824561403508772,0.18782090401197202,0.027202423834951833,0.18181818181818182,0.0873015873015873,0.2644230769230769,0.24910760402447435,0.03259805430578927,0.2727272727272727,0.13306451612903228,0.34161490683229817
Reddit_B,0,1.0,5.0,0.4065278512305698,0.03930076924730333,0.4,0.3,0.5482456140350878,0.20577192016927204,0.027018355860683175,0.2,0.1164021164021164,0.3004807692307692,0.2729574243252761,0.03188960246300169,0.25,0.17741935483870966,0.38819875776397517
Reddit_B,0,2.0,0,0.20993585518703825,0.031698019695290104,0.2,0.11764705882352941,0.33189655172413796,0.10623459848290663,0.018453283552341295,0.10160427807486631,0.059748427672955975,0.1726457399103139,0.14093166060318926,0.023040240612023755,0.15481832543443919,0.07966457023060797,0.22713864306784662
Reddit_B,0,2.0,0.1,0.21795489495093676,0.03344524720948516,0.20833333333333334,0.13333333333333333,0.3157894736842105,0.11031707246948949,0.019538805777366712,0.10294117647058823,0.06432748538011696,0.17307692307692307,0.14633412057948736,0.024359403727998403,0.1059390048154093,0.08678500986193294,0.22360248447204967
Reddit_B,0,2.0,0.25,0.22619722535094772,0.03437030387179612,0.2,0.12941176470588237,0.3346613545816733,0.11448739182797898,0.02015945345812274,0.1,0.06340057636887608,0.18461538461538463,0.15186849028166746,0.025109420281457517,0.14285714285714288,0.08510638297872342,0.23796033994334279
Reddit_B,0,2.0,0.5,0.2448750927152653,0.03512849783003685,0.22857142857142856,0.1377245508982036,0.36681222707423583,0.12392797488884444,0.020770562883358917,0.11764705882352941,0.058524173027989825,0.1952054794520548,0.164399756927608,0.025794238928241054,0.14285714285714285,0.08214285714285716,0.25
Reddit_B,0,2.0,0.75,0.25886382422140447,0.03629792558467786,0.25,0.15204678362573099,0.3684210526315789,0.1309824206095859,0.02143864866031506,0.125,0.07386363636363637,0.20034246575342465,0.17376734438645636,0.026592020574084566,0.13333333333333333,0.0994263862332696,0.2565789473684211
Reddit_B,0,2.0,1.0,0.27641446486790855,0.03722203704127,0.2727272727272727,0.18238993710691823,0.3827751196172249,0.13994344473569803,0.022755616828229595,0.1111111111111111,0.07142857142857142,0.2097560975609756,0.18562215096760654,0.027965188939349496,0.17094017094017094,0.10887096774193548,0.2679127725856698
Reddit_B,0,2.0,2.0,0.33165770703762865,0.039129178327871404,0.3333333333333333,0.2185792349726776,0.46215139442231074,0.167938057853814,0.025353966342547187,0.1657754010695187,0.09523809523809523,0.2549450549450549,0.2227401021476918,0.030568912165533826,0.2,0.14492753623188406,0.32861189801699714
Reddit_B,0,2.0,3.0,0.3748479148184975,0.04086938728306148,0.3333333333333333,0.26380368098159507,0.4978165938864629,0.18981379034054086,0.02720765861252864,0.2,0.10052910052910052,0.2668269230769231,0.2517563031934478,0.032549566595011334,0.21337579617834393,0.1532258064516129,0.3447204968944099
Reddit_B,0,2.0,5.0,0.4100712535558338,0.04143604307021648,0.4,0.2896174863387978,0.5394736842105263,0.20757407369380845,0.027943165744436192,0.16666666666666666,0.10846560846560846,0.2956730769230769,0.27534478242255805,0.0331842395348077,0.2452229299363057,0.16532258064516128,0.38198757763975155
Reddit_B,0,3.0,0,0.23826728223743124,0.03551323998666894,0.25,0.14792899408284024,0.35344827586206895,0.12049493649998512,0.020418205007957376,0.10377358490566038,0.07142857142857142,0.1917808219178082,0.15988214181716554,0.025544319900975748,0.12780656303972365,0.09920634920634921,0.24561403508771934
Reddit_B,0,3.0,0.1,0.24471362289382664,0.034096572174941164,0.25,0.14213197969543148,0.36585365853658536,0.12381170489482834,0.020203256156252715,0.1111111111111111,0.07407407407407407,0.2,0.16425928266164147,0.02503409928175016,0.1567291311754685,0.09756097560975611,0.2586206896551724
Reddit_B,0,3.0,0.25,0.251435483557749,0.03357528098074953,0.25,0.16875,0.36637931034482757,0.12718113635118938,0.019776699498654668,0.11764705882352941,0.06349206349206349,0.1905829596412556,0.16874459455708046,0.02449302258614174,0.1444866920152091,0.0967741935483871,0.25073746312684364
Reddit_B,0,3.0,0.5,0.2644095203782893,0.03559634095351512,0.25,0.16666666666666666,0.3780487804878049,0.1337083098701001,0.02087470365163307,0.14285714285714285,0.07951070336391437,0.2106164383561644,0.1774167397606851,0.025864003887963873,0.1901639344262295,0.10766045548654245,0.26973684210526316
Reddit_B,0,3.0,0.75,0.27675292021130693,0.03562914331933554,0.2727272727272727,0.18536585365853658,0.375,0.1400419595172154,0.021657735437010106,0.15,0.08465608465608465,0.2106164383561644,0.18578269461888386,0.02658368024933896,0.15384615384615385,0.1195219123505976,0.26973684210526316
Reddit_B,0,3.0,1.0,0.29012851759225444,0.03623778054716946,0.2857142857142857,0.1878453038674033,0.4051724137931034,0.14682931532060556,0.022324572562211757,0.13636363636363635,0.07936507936507936,0.2188235294117647,0.19478096221666888,0.027301076789209323,0.17770034843205573,0.12096774193548387,0.28012048192771083
Reddit_B,0,3.0,2.0,0.33519947968497993,0.036677000158995526,0.3333333333333333,0.2436548223350254,0.4420731707317073,0.16967903699085518,0.02396259760288645,0.16326530612244897,0.0873015873015873,0.2482876712328767,0.22507472727962247,0.02874206500544478,0.20481927710843373,0.13306451612903228,0.31798245614035087
Reddit_B,0,3.0,3.0,0.37368030862556567,0.0416187421584263,0.39303482587064675,0.24043715846994534,0.4868421052631579,0.1891817873616805,0.027139471744803266,0.1875,0.082010582010582,0.2668269230769231,0.2509368825047101,0.032619536384938204,0.2490566037735849,0.12499999999999999,0.3447204968944099
Reddit_B,0,3.0,5.0,0.4112918864098075,0.04162222659943069,0.4,0.28846153846153844,0.543859649122807,0.20819955763954592,0.028170689526888726,0.17647058823529413,0.10582010582010581,0.2980769230769231,0.27617063909984035,0.0334285417327609,0.2602739726027397,0.16129032258064516,0.3850931677018634
Reddit_B,0,5.0,0,0.268467112532825,0.03653452125159999,0.25,0.1477832512315271,0.3922413793103448,0.13576792698117635,0.021468745839280202,0.11764705882352941,0.07780979827089338,0.2088888888888889,0.18014950094247004,0.02664021699331216,0.13333333333333333,0.10444874274661509,0.2701149425287357
Reddit_B,0,5.0,0.1,0.2731070601964456,0.03566027120531397,0.25,0.16666666666666666,0.3780487804878049,0.13810418338834815,0.021051218827397168,0.13012048192771083,0.07951070336391437,0.20754716981132076,0.1832510496322006,0.026010253660961172,0.17035775127768313,0.10766045548654245,0.2672413793103448
Reddit_B,0,5.0,0.25,0.2776266778403281,0.037430057569229576,0.25,0.16025641025641027,0.40086206896551724,0.14037213471073612,0.02181442567687851,0.14285714285714285,0.0764525993883792,0.21777777777777776,0.1862696650256429,0.0270932742582366,0.14685314685314685,0.10351966873706005,0.28160919540229884
Reddit_B,0,5.0,0.5,0.28498982918238264,0.03696340376274317,0.2222222222222222,0.1858974358974359,0.4024390243902439,0.1441609017359595,0.02219473445313958,0.14350797266514806,0.08504398826979472,0.22,0.19126842276243383,0.0273274741516429,0.14331210191082802,0.11717171717171718,0.28448275862068967
Reddit_B,0,5.0,0.75,0.2925178383588508,0.0360804755402011,0.3333333333333333,0.16939890710382513,0.4019138755980861,0.1479187006040372,0.021688996863431877,0.16666666666666666,0.0873015873015873,0.21777777777777776,0.19627754796838084,0.026641866410403805,0.18181818181818182,0.11764705882352938,0.28160919540229884
Reddit_B,0,5.0,1.0,0.2994231983542177,0.0371230968450128,0.2777777777777778,0.18579234972677597,0.42276422764227645,0.1514208026611333,0.022360653688394034,0.14705882352941177,0.09523809523809523,0.23270440251572327,0.20091854584493743,0.027444112039746272,0.1818181818181818,0.12903225806451613,0.2988505747126437
Reddit_B,0,5.0,2.0,0.3255317179175518,0.037259096388364665,0.3333333333333333,0.21311475409836064,0.44308943089430897,0.1646808472366636,0.023300619683781054,0.16666666666666666,0.09259259259259259,0.24222222222222223,0.21849093849965126,0.028274887569630258,0.16083916083916083,0.14078674948240166,0.31321839080459773
Reddit_B,0,5.0,3.0,0.3583067951203012,0.04044641393390367,0.3333333333333333,0.22950819672131148,0.47161572052401746,0.18131242991166227,0.025809338538301092,0.2,0.10582010582010581,0.2585616438356164,0.24053211540510325,0.0311422323416779,0.2692307692307692,0.15939278937381404,0.33114035087719296
Reddit_B,0,5.0,5.0,0.4031078043226624,0.04123206322730765,0.42857142857142855,0.28415300546448086,0.5263157894736842,0.20401639792909562,0.027385529092575252,0.19705882352941176,0.09788359788359788,0.28846153846153844,0.2706412136441,0.03263841062648462,0.2608695652173913,0.14919354838709678,0.37267080745341613
Reddit_B,0.1,0,0,0.2255635429613238,0.03940087550116363,0.2,0.116751269035533,0.42073170731707316,0.11438169641646191,0.023455680188430677,0.125,0.0582010582010582,0.2363013698630137,0.15163712075181607,0.02926344690314377,0.11570247933884298,0.0821917808219178,0.3026315789473684
Reddit_B,0.1,0,0.1,0.23400271275919202,0.03937912466448917,0.2,0.13253012048192772,0.4329268292682927,0.11855460536956622,0.02342176115106851,0.125,0.06583072100313479,0.24315068493150685,0.15721054184413044,0.02915486351194053,0.1288135593220339,0.08842105263157896,0.3114035087719298
Reddit_B,0.1,0,0.25,0.24422099172089753,0.039572056928621105,0.25,0.12837837837837837,0.4573170731707317,0.12376990852456043,0.023683821006638333,0.1,0.06312292358803986,0.2568493150684932,0.1641155813413445,0.029455004694009065,0.14516129032258063,0.08463251670378619,0.3289473684210527
Reddit_B,0.1,0,0.5,0.2640853883677139,0.040125496335627404,0.25,0.15228426395939088,0.45121951219512196,0.13380160315015846,0.02440076848225536,0.125,0.06613756613756613,0.2534246575342466,0.1774306603595257,0.03014364939366836,0.1509433962264151,0.09999999999999999,0.3245614035087719
Reddit_B,0.1,0,0.75,0.28134774504992754,0.03889343612470949,0.24,0.1695906432748538,0.4420731707317073,0.14250486736602277,0.024088649685878878,0.14705882352941177,0.07671957671957672,0.2482876712328767,0.1889910594625935,0.029543648962944667,0.1818181818181818,0.11417322834645668,0.31798245614035087
Reddit_B,0.1,0,1.0,0.2967056714018926,0.041183487678685474,0.3,0.17567567567567569,0.5152439024390244,0.1503762742205622,0.025856110225960516,0.16666666666666666,0.06613756613756613,0.2893835616438356,0.19939255691386493,0.03164281890095996,0.1509433962264151,0.1008064516129032,0.37061403508771934
Reddit_B,0.1,0,2.0,0.3375482608015605,0.04208947250765782,0.4,0.23717948717948717,0.5274390243902439,0.17090496399914729,0.02655033029829512,0.17647058823529413,0.08465608465608465,0.2962328767123288,0.22668622264513166,0.0323047859687029,0.17834394904458598,0.12903225806451613,0.3793859649122807
Reddit_B,0.1,0,3.0,0.3509409636952496,0.041320920586471445,0.3333333333333333,0.2430939226519337,0.5152439024390244,0.1776301388460606,0.026271926629310726,0.14492753623188406,0.09259259259259259,0.2893835616438356,0.2356295876795381,0.03181438051554534,0.25,0.14112903225806453,0.37061403508771934
Reddit_B,0.1,0,5.0,0.3613157010647646,0.042492231873618655,0.4,0.25,0.5304878048780488,0.18287321485262367,0.02702631639903289,0.16666666666666666,0.10582010582010581,0.2979452054794521,0.24258620697080804,0.03270940452946885,0.21245421245421245,0.16129032258064516,0.3815789473684211
Reddit_B,0.1,0.1,0,0.22971676827959686,0.03807150484159207,0.25,0.13095238095238096,0.4573170731707317,0.1164131307554675,0.022705145171874615,0.10714285714285714,0.05555555555555555,0.2568493150684932,0.15436374469592573,0.028275360241774627,0.13380281690140844,0.0846774193548387,0.3289473684210527
Reddit_B,0.1,0.1,0.1,0.23816085414213753,0.03848410079917415,0.2,0.1286549707602339,0.4634146341463415,0.12061437267884648,0.022717965909137158,0.1,0.047619047619047616,0.2602739726027397,0.15996930683461577,0.028334950176856562,0.09999999999999999,0.07258064516129033,0.3333333333333333
Reddit_B,0.1,0.1,0.25,0.24909497105233427,0.039629581814675685,0.25,0.1065989847715736,0.45121951219512196,0.12617529800130692,0.023620528520235464,0.1111111111111111,0.05898876404494382,0.2534246575342466,0.16733042907547271,0.029366226131788485,0.14545454545454545,0.0759493670886076,0.3245614035087719
Reddit_B,0.1,0.1,0.5,0.26827881564292283,0.0404494232113284,0.25,0.16666666666666666,0.4847560975609756,0.13593091828790094,0.02465926343862095,0.13333333333333333,0.06878306878306878,0.2722602739726027,0.1802531917211256,0.03044930728753885,0.13090909090909092,0.10441767068273092,0.3486842105263158
Reddit_B,0.1,0.1,0.75,0.28455852864459263,0.039038046856821156,0.2342857142857143,0.16463414634146342,0.4481707317073171,0.14414481011329455,0.024320936332419576,0.14285714285714285,0.07407407407407407,0.2517123287671233,0.1911615180919105,0.029798911725803352,0.15384615384615385,0.10909090909090909,0.3223684210526316
Reddit_B,0.1,0.1,1.0,0.3006594069557117,0.040917455800348085,0.3333333333333333,0.17307692307692307,0.4878048780487805,0.15229486299363532,0.02548305057854377,0.15056818181818182,0.07936507936507936,0.273972602739726,0.20197229547602208,0.03121120032982935,0.2,0.11368421052631579,0.3508771929824562
Reddit_B,0.1,0.1,2.0,0.337722462590289,0.042209316456511894,0.3165829145728643,0.2131979695431472,0.5365853658536586,0.1710431942863566,0.026920608960660553,0.16666666666666666,0.07936507936507936,0.3013698630136986,0.22684817318352485,0.0326834957145256,0.1884297520661157,0.12096774193548387,0.38596491228070173
Reddit_B,0.1,0.1,3.0,0.3513490761645399,0.04253411806183266,0.3333333333333333,0.2484472049689441,0.5182926829268293,0.1778357491951154,0.026827793190983485,0.14285714285714285,0.09788359788359788,0.2910958904109589,0.2359019822831052,0.03258221972465485,0.19108280254777069,0.14919354838709678,0.37280701754385964
Reddit_B,0.1,0.1,5.0,0.3616257379485334,0.04250031184064491,0.4,0.2484472049689441,0.524390243902439,0.182975644394122,0.02668058364039694,0.18181818181818182,0.10846560846560846,0.2945205479452055,0.24274584345885492,0.03237291702902743,0.25,0.16096579476861167,0.37719298245614036
Reddit_B,0.1,0.25,0,0.23602554925432512,0.0388124427219918,0.25,0.1111111111111111,0.4054878048780488,0.11956091681058185,0.022936525614787096,0.12903225806451613,0.05637982195845697,0.22773972602739725,0.15855620061667047,0.028600698802319323,0.15384615384615385,0.0748031496062992,0.2916666666666667
Reddit_B,0.1,0.25,0.1,0.24287067916567454,0.03771149821218421,0.25,0.14857142857142858,0.4146341463414634,0.1229810004946847,0.02237051135396297,0.125,0.06341463414634146,0.2328767123287671,0.16311090535391615,0.027804679896591165,0.1568627450980392,0.08888888888888889,0.2982456140350877
Reddit_B,0.1,0.25,0.25,0.2530381473249431,0.04039614272359504,0.25,0.15384615384615385,0.45426829268292684,0.12825583927194703,0.024365665195799444,0.12280701754385964,0.0582010582010582,0.2551369863013699,0.17005731381695804,0.03023680633351924,0.15384615384615385,0.08870967741935483,0.3267543859649123
Reddit_B,0.1,0.25,0.5,0.2719396603629158,0.04074449169879716,0.23076923076923078,0.12690355329949238,0.4573170731707317,0.13773259566173193,0.024721662486392293,0.125,0.0702247191011236,0.2568493150684932,0.1826621791323465,0.03052890726481513,0.1705685618729097,0.09041591320072333,0.3289473684210527
Reddit_B,0.1,0.25,0.75,0.2898115620282346,0.04141112424769643,0.25,0.1871345029239766,0.4817073170731707,0.1468426780840656,0.025644676695970967,0.1111111111111111,0.07407407407407407,0.2705479452054795,0.19472273092263417,0.031498167659882934,0.15,0.1129032258064516,0.3464912280701754
Reddit_B,0.1,0.25,1.0,0.30425947118474045,0.03962605690235475,0.3333333333333333,0.21052631578947367,0.4695121951219512,0.154088978424687,0.024913512105542598,0.14285714285714285,0.07671957671957672,0.2636986301369863,0.20436368551946812,0.03038270629761824,0.21254355400696864,0.11693548387096772,0.33771929824561403
Reddit_B,0.1,0.25,2.0,0.3405195468135045,0.04065023743964587,0.3333333333333333,0.23497267759562843,0.4969512195121951,0.17237321654398843,0.025882038094995917,0.16666666666666666,0.10052910052910052,0.2791095890410959,0.22864685180274172,0.03134682470817538,0.2,0.1532258064516129,0.35745614035087725
Reddit_B,0.1,0.25,3.0,0.3515188997061726,0.04127373207897472,0.3333333333333333,0.24358974358974358,0.5213414634146342,0.1778952834940561,0.02616366215064726,0.16666666666666666,0.11375661375661375,0.2928082191780822,0.2359897640762131,0.03166787556070424,0.21714285714285714,0.16,0.37500000000000006
Reddit_B,0.1,0.25,5.0,0.36169902468875764,0.04187438014345042,0.3333333333333333,0.2422360248447205,0.5121951219512195,0.18303023494814943,0.026517703969432316,0.16666666666666666,0.10582010582010581,0.2876712328767123,0.2428111328158572,0.03209748303825673,0.1942675159235669,0.15694164989939638,0.3684210526315789
Reddit_B,0.1,0.5,0,0.24409946852858072,0.040135484678432067,0.25,0.1375,0.4481707317073171,0.1236909499354403,0.023913382253410276,0.125,0.06349206349206349,0.2517123287671233,0.16401765856614733,0.02977546630007079,0.14260249554367202,0.08764940239043825,0.3223684210526316
Reddit_B,0.1,0.5,0.1,0.2500787280701062,0.03987066262313887,0.25,0.14720812182741116,0.43902439024390244,0.12671850491240597,0.023852246251736316,0.1,0.05291005291005291,0.2465753424657534,0.1680341919258091,0.029643294553784387,0.13457943925233645,0.08064516129032258,0.3157894736842105
Reddit_B,0.1,0.5,0.25,0.26192422373600616,0.0394385249228269,0.25,0.15976331360946747,0.46646341463414637,0.1326686579363795,0.023727927768541483,0.10688836104513064,0.06613756613756613,0.261986301369863,0.1759464703534338,0.029397603265557463,0.16638370118845502,0.1008064516129032,0.33552631578947373
Reddit_B,0.1,0.5,0.5,0.27963386709702226,0.03849904797327857,0.25,0.18274111675126903,0.4725609756097561,0.14168184749155516,0.024092694772183305,0.125,0.06613756613756613,0.2654109589041096,0.18788269224929782,0.029501720854866614,0.16483516483516483,0.1008064516129032,0.33991228070175433
Reddit_B,0.1,0.5,0.75,0.29343126501511946,0.0400086654958599,0.3333333333333333,0.19879518072289157,0.5091463414634146,0.1486569076232139,0.02510066804944579,0.1322314049586777,0.07936507936507936,0.285958904109589,0.19713770711071146,0.030696283522915837,0.18181818181818182,0.12096774193548387,0.3662280701754386
Reddit_B,0.1,0.5,1.0,0.306526188656907,0.040893429229185464,0.2857142857142857,0.19230769230769232,0.4603658536585366,0.15531635492064888,0.025783622521177985,0.1642156862745098,0.06878306878306878,0.2585616438356164,0.20596011650654214,0.03148828234864944,0.16755793226381463,0.10483870967741933,0.33114035087719296
Reddit_B,0.1,0.5,2.0,0.3414527190818555,0.04047267271885007,0.3333333333333333,0.2324561403508772,0.5091463414634146,0.17287608489224593,0.026126828665604607,0.16666666666666666,0.10846560846560846,0.285958904109589,0.22929789670387005,0.031519551696053145,0.19999999999999998,0.15892053973013495,0.3662280701754386
Reddit_B,0.1,0.5,3.0,0.3527091513604879,0.04214799846499461,0.3333333333333333,0.2422360248447205,0.5152439024390244,0.17852160956334992,0.026712620685990274,0.17647058823529413,0.11375661375661375,0.2893835616438356,0.23680937414329908,0.03235451183333136,0.20289855072463767,0.15694164989939638,0.37061403508771934
Reddit_B,0.1,0.5,5.0,0.3626028318160201,0.04163187199857504,0.3333333333333333,0.25,0.5030487804878049,0.18348938453321995,0.02646436479350756,0.18181818181818182,0.1111111111111111,0.2825342465753425,0.24341882210411772,0.03198904599619815,0.2105263157894737,0.16565656565656567,0.3618421052631579
Reddit_B,0.1,0.75,0,0.252932891677805,0.03850159589603391,0.25,0.15656565656565657,0.4603658536585366,0.12810481502981022,0.023232343442521716,0.12987012987012986,0.07407407407407407,0.2585616438356164,0.169895445566106,0.02875167327718522,0.14545454545454545,0.10526315789473685,0.33114035087719296
Reddit_B,0.1,0.75,0.1,0.25921432220771334,0.037498764110302805,0.26732673267326734,0.1657142857142857,0.4481707317073171,0.13131908784107482,0.023014659799354336,0.125,0.06613756613756613,0.2517123287671233,0.17414582440295814,0.02833445128573932,0.1436893203883495,0.1008064516129032,0.3223684210526316
Reddit_B,0.1,0.75,0.25,0.2676209728569784,0.03978952237342277,0.25,0.15789473684210525,0.45426829268292684,0.13554556623085295,0.02409973077828629,0.12672176308539945,0.07123287671232877,0.2551369863013699,0.1797641117099058,0.029783307608127293,0.18867924528301885,0.09999999999999999,0.3267543859649123
Reddit_B,0.1,0.75,0.5,0.2850556659506808,0.04032991719218543,0.25,0.18823529411764706,0.4573170731707317,0.14439930600984136,0.024929026512156647,0.11956521739130435,0.08396946564885496,0.2568493150684932,0.1914951547730266,0.030608203457627294,0.17600000000000002,0.11785714285714285,0.3289473684210527
Reddit_B,0.1,0.75,0.75,0.298589373694732,0.04042337446772997,0.3333333333333333,0.17766497461928935,0.4817073170731707,0.15121378773692354,0.02511662254702765,0.14285714285714285,0.07936507936507936,0.2705479452054795,0.20055262308382865,0.030772002117599513,0.16666666666666669,0.12096774193548387,0.3464912280701754
Reddit_B,0.1,0.75,1.0,0.3128386406820866,0.04046201173177902,0.3333333333333333,0.211864406779661,0.5030487804878049,0.15845827167362445,0.025607484328572686,0.16666666666666666,0.06613756613756613,0.2825342465753425,0.2101506411757488,0.031191805771036456,0.17142857142857143,0.1008064516129032,0.3618421052631579
Reddit_B,0.1,0.75,2.0,0.3417982216090225,0.04100039076357815,0.3333333333333333,0.22981366459627328,0.5060975609756098,0.1730303807445715,0.026102645642118238,0.14285714285714285,0.09523809523809523,0.2842465753424658,0.22951518416476205,0.031630185758725414,0.19875776397515527,0.14516129032258066,0.36403508771929827
Reddit_B,0.1,0.75,3.0,0.3539674310103926,0.04283741120899363,0.3333333333333333,0.248868778280543,0.5060975609756098,0.17916640501049863,0.02696623900065082,0.18181818181818182,0.0873015873015873,0.2842465753424658,0.23766683197380242,0.032777556513080945,0.20289855072463767,0.13306451612903228,0.36403508771929827
Reddit_B,0.1,0.75,5.0,0.36357910653353886,0.04262987554479781,0.3333333333333333,0.2484472049689441,0.5030487804878049,0.1839581744408716,0.02676788880632716,0.1636828644501279,0.11904761904761904,0.2825342465753425,0.2440489334528262,0.03244206808484941,0.1935483870967742,0.16096579476861167,0.3618421052631579
Reddit_B,0.1,1.0,0,0.2599245897249174,0.038771159923786554,0.2727272727272727,0.16304347826086957,0.47865853658536583,0.13161128028429125,0.023316421596310137,0.1443850267379679,0.07936507936507936,0.2688356164383562,0.17456075071954924,0.028853826567736825,0.15384615384615385,0.11320754716981132,0.3442982456140351
Reddit_B,0.1,1.0,0.1,0.2658845831668027,0.03950193103579033,0.25,0.12690355329949238,0.45121951219512196,0.13462993787009922,0.023668388368841907,0.14285714285714285,0.0702247191011236,0.2534246575342466,0.17856560347957473,0.029329231318222078,0.2191780821917808,0.09041591320072333,0.3245614035087719
Reddit_B,0.1,1.0,0.25,0.27421285964742165,0.03998074483099646,0.25,0.16470588235294117,0.4634146341463415,0.13889110370837904,0.02421616401616386,0.14754098360655737,0.06349206349206349,0.2602739726027397,0.18420150244490302,0.029939054297942046,0.16,0.0967741935483871,0.3333333333333333
Reddit_B,0.1,1.0,0.5,0.29035648581667145,0.03909296110915373,0.2935323383084577,0.19298245614035087,0.4847560975609756,0.1470678451111405,0.024513248925467915,0.14285714285714285,0.09259259259259259,0.2722602739726027,0.19504104806670994,0.029946908577974177,0.18181818181818182,0.12793176972281448,0.3486842105263158
Reddit_B,0.1,1.0,0.75,0.3023723194641311,0.039196387631846935,0.3333333333333333,0.21153846153846154,0.5121951219512195,0.1530927683396993,0.024451037011274778,0.14285714285714285,0.07671957671957672,0.2876712328767123,0.20306068842960634,0.02986713869658643,0.1739130434782609,0.11693548387096772,0.3684210526315789
Reddit_B,0.1,1.0,1.0,0.3131618137359834,0.041143941413001574,0.3333333333333333,0.19375,0.5,0.15855927889712665,0.025664880045648736,0.16,0.0873015873015873,0.2808219178082192,0.21030753886510692,0.0313469626950358,0.18181818181818182,0.12350597609561753,0.35964912280701755
Reddit_B,0.1,1.0,2.0,0.34350761147026565,0.041867443123869745,0.3333333333333333,0.24043715846994534,0.5060975609756098,0.1739028428652951,0.026697428012090962,0.17647058823529413,0.11375661375661375,0.2842465753424658,0.23066545926593132,0.032332308377715425,0.19797979797979798,0.16498993963782693,0.36403508771929827
Reddit_B,0.1,1.0,3.0,0.35500850710788984,0.04255540179210707,0.3333333333333333,0.2543859649122807,0.5213414634146342,0.17970855916720482,0.02707454372658829,0.16666666666666666,0.09523809523809523,0.2928082191780822,0.2383772750428984,0.03280443518864456,0.2029520295202952,0.14516129032258066,0.37500000000000006
Reddit_B,0.1,1.0,5.0,0.3627837260091681,0.04224940265016897,0.3,0.2422360248447205,0.524390243902439,0.18360777080766422,0.0268907172519422,0.16666666666666666,0.10317460317460317,0.2945205479452055,0.24356524318856154,0.03253368635183605,0.25,0.15694164989939638,0.37719298245614036
Reddit_B,0.1,2.0,0,0.2728485569361226,0.03833247916814165,0.25,0.1871345029239766,0.4603658536585366,0.1381149334764517,0.02314057080254692,0.13012048192771083,0.06878306878306878,0.2585616438356164,0.183206900144243,0.028565711636720763,0.15384615384615383,0.10483870967741933,0.33114035087719296
Reddit_B,0.1,2.0,0.1,0.27834517414574605,0.039383840355333086,0.25,0.18292682926829268,0.47560975609756095,0.14092018051650307,0.023883024718033486,0.125,0.07407407407407407,0.2671232876712329,0.18691840583088143,0.029464906981388837,0.1643835616438356,0.1129032258064516,0.34210526315789475
Reddit_B,0.1,2.0,0.25,0.2847856465055869,0.03951778593392644,0.2857142857142857,0.17766497461928935,0.49085365853658536,0.14415025334407,0.023930459896165157,0.125,0.07945205479452055,0.2756849315068493,0.19121534973394597,0.029505492050773765,0.16134453781512606,0.11153846153846154,0.3530701754385964
Reddit_B,0.1,2.0,0.5,0.29634683908954634,0.040190963166430504,0.3333333333333333,0.19672131147540983,0.4695121951219512,0.1500072028268558,0.024428971895582928,0.13157894736842105,0.07671957671957672,0.2636986301369863,0.1989843788482259,0.030086499579006058,0.14990138067061146,0.11693548387096772,0.33771929824561403
Reddit_B,0.1,2.0,0.75,0.3077192915827766,0.040665185338837555,0.2857142857142857,0.20218579234972678,0.4451219512195122,0.15582736461562888,0.025133360067092495,0.14285714285714285,0.07142857142857142,0.25,0.20667879395203861,0.03082219946687871,0.23529411764705885,0.10887096774193548,0.3201754385964913
Reddit_B,0.1,2.0,1.0,0.31858990961392486,0.04134328531232169,0.30434782608695654,0.21637426900584794,0.5182926829268293,0.1612806262957566,0.02572366597459758,0.14705882352941177,0.08994708994708994,0.2910958904109589,0.21392939676198078,0.03143028166667784,0.17142857142857143,0.13709677419354838,0.37280701754385964
Reddit_B,0.1,2.0,2.0,0.34384928984145496,0.04235327754211259,0.3076923076923077,0.2459016393442623,0.5152439024390244,0.1740802377187845,0.026898169049819568,0.17518248175182483,0.10317460317460317,0.2893835616438356,0.23090049114287975,0.03263224309635246,0.19875776397515527,0.15725806451612906,0.37061403508771934
Reddit_B,0.1,2.0,3.0,0.35469298711771585,0.04218498362102192,0.3333333333333333,0.25339366515837103,0.5060975609756098,0.17949721466783033,0.02657494155047478,0.16666666666666666,0.10582010582010581,0.2842465753424658,0.23811827350144893,0.03224080820340899,0.2222222222222222,0.1606837606837607,0.36403508771929827
Reddit_B,0.1,2.0,5.0,0.36426254136148867,0.04204916178044668,0.3333333333333333,0.2616279069767442,0.5091463414634146,0.18432105072469876,0.02666157914472218,0.16666666666666666,0.1111111111111111,0.285958904109589,0.24452497657353817,0.03224384985867819,0.19108280254777069,0.1693548387096774,0.3662280701754386
Reddit_B,0.1,3.0,0,0.27108166989743193,0.03979332038758739,0.25,0.12568306010928962,0.3902439024390244,0.13704986324012142,0.022819305603019875,0.13333333333333333,0.06686046511627906,0.21333333333333335,0.18187015319882635,0.02859034383930524,0.16,0.0872865275142315,0.27586206896551724
Reddit_B,0.1,3.0,0.1,0.2762716194249497,0.042213992330638,0.2692307692307692,0.1092896174863388,0.388646288209607,0.13967281545496224,0.02392406435567728,0.12935323383084577,0.05813953488372093,0.20705882352941177,0.185352258389384,0.030116934280738358,0.17491749174917492,0.07590132827324478,0.2672413793103448
Reddit_B,0.1,3.0,0.25,0.282185435462093,0.04172542305380923,0.3,0.1187214611872146,0.3904382470119522,0.14267073691522936,0.023932636241983777,0.15775401069518716,0.05829596412556054,0.2153846153846154,0.18932246641850847,0.029951722763973274,0.1565217391304348,0.07819548872180451,0.2776203966005666
Reddit_B,0.1,3.0,0.5,0.2918223284216253,0.040756448208587065,0.3,0.14285714285714285,0.42358078602620086,0.14763454780111193,0.0240890814281402,0.14463840399002495,0.07142857142857142,0.2164705882352941,0.19587497414231445,0.029911181412158747,0.15384615384615385,0.1013986013986014,0.2807525325615051
Reddit_B,0.1,3.0,0.75,0.30174906538196095,0.0422915705822937,0.3333333333333333,0.13793103448275862,0.4302788844621514,0.1526415531037152,0.025021556806257634,0.16666666666666666,0.0755813953488372,0.23736263736263735,0.20252260800022637,0.03104401321831712,0.16878980891719744,0.0979020979020979,0.3059490084985836
Reddit_B,0.1,3.0,1.0,0.311198170476629,0.04250725556291551,0.3333333333333333,0.15300546448087432,0.42358078602620086,0.15740617052955,0.0252283723742009,0.14285714285714285,0.08139534883720931,0.22544642857142858,0.208847450742367,0.031221225770527387,0.17142857142857143,0.1062618595825427,0.28939828080229224
Reddit_B,0.1,3.0,2.0,0.33764932591705166,0.04277967215533782,0.3076923076923077,0.18579234972677597,0.4560669456066946,0.17085014803043308,0.0261514404035156,0.15789473684210525,0.07936507936507936,0.2564705882352941,0.2266618535655608,0.0320752363995493,0.24999999999999994,0.12096774193548387,0.32831325301204817
Reddit_B,0.1,3.0,3.0,0.35192882431218364,0.04190282368468713,0.3333333333333333,0.18579234972677597,0.47280334728033474,0.17806158302064393,0.02616863140369093,0.16666666666666666,0.09883720930232558,0.26588235294117646,0.23623188269202566,0.031834021793221895,0.2222222222222222,0.12903225806451613,0.3403614457831325
Reddit_B,0.1,3.0,5.0,0.3646564255681531,0.04282231477841785,0.4,0.2374429223744292,0.49390243902439024,0.18452351596324865,0.02695422377521523,0.16666666666666666,0.10582010582010581,0.2773972602739726,0.24479402399230465,0.03269840935534355,0.19108280254777069,0.15639097744360902,0.35526315789473684
Reddit_B,0.1,5.0,0,0.22357497006917404,0.048878107571900316,0.25,0.08974358974358974,0.3427230046948357,0.11268384566786335,0.02465158891864519,0.1,0.0438871473354232,0.1769041769041769,0.14968808215863907,0.03239770491035955,0.13333333333333333,0.05894736842105263,0.2306477093206951
Reddit_B,0.1,5.0,0.1,0.22637132650071967,0.047406015849409934,0.2,0.11176470588235295,0.340625,0.11416081613014475,0.024039349431546852,0.07692307692307693,0.05194805194805195,0.17249417249417248,0.15161907356490428,0.03150335523963925,0.18181818181818182,0.07171314741035857,0.22655298416565164
Reddit_B,0.1,5.0,0.25,0.23017536310921777,0.04874372583541371,0.25,0.07647058823529412,0.3564356435643564,0.11607387137093698,0.024767634654442483,0.0743801652892562,0.03903903903903904,0.17936117936117937,0.15416642343076314,0.03248622630767577,0.13756613756613756,0.05168986083499006,0.23300970873786409
Reddit_B,0.1,5.0,0.5,0.2388182937022861,0.04984720201327019,0.25,0.1005586592178771,0.35148514851485146,0.12047409616926949,0.025549368112344116,0.10526315789473684,0.04918032786885246,0.18660287081339713,0.15999327870260285,0.03340360935980469,0.14545454545454545,0.06605504587155964,0.23816793893129773
Reddit_B,0.1,5.0,0.75,0.24374837311718742,0.05235903499076366,0.2222222222222222,0.10240963855421686,0.38461538461538464,0.12289175288981792,0.026444677846856012,0.09615384615384616,0.051515151515151514,0.19002375296912113,0.16323320829659707,0.03475533435302113,0.15384615384615385,0.06854838709677419,0.2543720190779014
Reddit_B,0.1,5.0,1.0,0.25074458942224237,0.05259970535814456,0.25,0.08597285067873303,0.3924050632911392,0.12650815578230343,0.027151363449243328,0.12,0.04484304932735426,0.22248803827751196,0.16800104461237145,0.03543623342700847,0.15284552845528457,0.06015037593984962,0.283969465648855
Reddit_B,0.1,5.0,2.0,0.27566594623985796,0.057994044912479274,0.25,0.12179487179487179,0.4177215189873418,0.13907366369619872,0.02988388671928577,0.15035799522673032,0.05956112852664577,0.23684210526315788,0.1846880664748747,0.039013880741885304,0.13056379821958455,0.08,0.3022900763358779
Reddit_B,0.1,5.0,3.0,0.3009094306908303,0.06036118549168091,0.3333333333333333,0.08743169398907104,0.43037974683544306,0.1518678748703598,0.0315051727967495,0.16666666666666666,0.046511627906976744,0.24401913875598086,0.20165427144364573,0.04093348555954201,0.2222222222222222,0.06072106261859583,0.3114503816793893
Reddit_B,0.1,5.0,5.0,0.3353915387389571,0.054951156256827276,0.2857142857142857,0.12690355329949238,0.45454545454545453,0.1695157937361833,0.030415623336665736,0.16666666666666666,0.0702247191011236,0.2462686567164179,0.22498061651927878,0.038651394266667076,0.22535211267605634,0.09041591320072333,0.31329113924050633
Reddit_B,0.25,0,0,0.22576340238300835,0.03904185337646131,0.25,0.11864406779661017,0.4329268292682927,0.11448733325364933,0.023252748785869987,0.0967741935483871,0.037037037037037035,0.24315068493150685,0.15177766424053651,0.028992318317701136,0.16,0.0564516129032258,0.3114035087719298
Reddit_B,0.25,0,0.1,0.2321858723472521,0.041267811100752005,0.25,0.1346153846153846,0.43902439024390244,0.11769280496577465,0.024301524981702568,0.10344827586206896,0.0582010582010582,0.2465753424657534,0.15604709331352928,0.030410309440747213,0.13861386138613863,0.08214285714285716,0.3157894736842105
Reddit_B,0.25,0,0.25,0.24347014920685445,0.04026304988584278,0.25,0.14457831325301204,0.4847560975609756,0.12341626550790367,0.024340703264782108,0.125,0.06753246753246753,0.2722602739726027,0.16363191919152745,0.030188325040286845,0.14789915966386555,0.0935251798561151,0.3486842105263158
Reddit_B,0.25,0,0.5,0.26366079212363575,0.0397907244735989,0.25,0.14720812182741116,0.4603658536585366,0.13361857744964467,0.024484539409467838,0.11246943765281174,0.07012987012987013,0.2585616438356164,0.177172781518533,0.030157211827729923,0.14285714285714285,0.09712230215827337,0.33114035087719296
Reddit_B,0.25,0,0.75,0.2811009608094869,0.04016688497773919,0.25,0.18292682926829268,0.4817073170731707,0.1424322614821697,0.024980838591663713,0.125,0.07671957671957672,0.2705479452054795,0.1888712915324911,0.0306470489482485,0.15384615384615383,0.11693548387096772,0.3464912280701754
Reddit_B,0.25,0,1.0,0.29597347122292944,0.04063995715244068,0.3,0.18235294117647058,0.4847560975609756,0.14993258656188502,0.02534609268538175,0.14285714285714285,0.08465608465608465,0.2722602739726027,0.19883088277100266,0.031010416881272342,0.21176470588235294,0.12038834951456308,0.3486842105263158
Reddit_B,0.25,0,2.0,0.33823516259593767,0.040724839743990396,0.3333333333333333,0.24358974358974358,0.4969512195121951,0.17130244700338354,0.026268681322708345,0.14285714285714285,0.07936507936507936,0.2791095890410959,0.2271933794629353,0.031787065217528936,0.25448613376835233,0.12096774193548387,0.35745614035087725
Reddit_B,0.25,0,3.0,0.35724389984681104,0.04136484768802532,0.3076923076923077,0.2608695652173913,0.5304878048780488,0.1808268095522894,0.02655992012933996,0.15789473684210525,0.09788359788359788,0.2979452054794521,0.23986609799877961,0.03205745958986175,0.25,0.14919354838709678,0.3815789473684211
Reddit_B,0.25,0,5.0,0.38137041929841253,0.04059948884869701,0.35,0.2804878048780488,0.5365853658536586,0.19303176388442816,0.026886249099383162,0.16666666666666666,0.12433862433862433,0.3013698630136986,0.25605579121739386,0.03208052411192001,0.22222222222222224,0.17692307692307693,0.38596491228070173
Reddit_B,0.25,0.1,0,0.22672539346720916,0.038673269575087134,0.25,0.10588235294117647,0.43597560975609756,0.11490946335951867,0.023045871651384445,0.1,0.05217391304347826,0.24486301369863014,0.1523612010903215,0.028705957152080862,0.15,0.06990291262135923,0.3135964912280702
Reddit_B,0.25,0.1,0.1,0.23604787590117615,0.03850641900935078,0.2,0.125,0.4268292682926829,0.11962249562093968,0.0230526139507941,0.13333333333333333,0.05597964376590331,0.23972602739726026,0.1586151827280359,0.028636720438895428,0.12837837837837837,0.07857142857142858,0.3070175438596491
Reddit_B,0.25,0.1,0.25,0.2477371590334434,0.039175481686770576,0.25,0.15294117647058825,0.4481707317073171,0.12547407024915722,0.02330465008335457,0.11764705882352941,0.06878306878306878,0.2517123287671233,0.1664077367247512,0.028988627470633414,0.13333333333333333,0.09931506849315068,0.3223684210526316
Reddit_B,0.25,0.1,0.5,0.26631472088830155,0.03960384166907254,0.25,0.18125,0.4817073170731707,0.13492428853392582,0.024201635131118306,0.11764705882352941,0.06084656084656084,0.2705479452054795,0.17892474362984065,0.02986555759673293,0.1509433962264151,0.09274193548387097,0.3464912280701754
Reddit_B,0.25,0.1,0.75,0.2818584948016092,0.04088493790480728,0.2857142857142857,0.1864406779661017,0.4817073170731707,0.14281965348943915,0.025233691742835372,0.125,0.06349206349206349,0.2705479452054795,0.18938530592109334,0.031024455685810935,0.12631578947368421,0.0967741935483871,0.3464912280701754
Reddit_B,0.25,0.1,1.0,0.3008104582093061,0.040828218481797095,0.3333333333333333,0.20512820512820512,0.5,0.152361174363932,0.025388727164269636,0.15384615384615385,0.07936507936507936,0.2808219178082192,0.20206453516541265,0.03110152509509028,0.1782178217821782,0.12096774193548387,0.35964912280701755
Reddit_B,0.25,0.1,2.0,0.3407277146102711,0.04031326922843249,0.3333333333333333,0.22842639593908629,0.5152439024390244,0.17250028209932267,0.02589076393762854,0.1493975903614458,0.09523809523809523,0.2893835616438356,0.2288066105694237,0.03129377922074831,0.18152866242038218,0.14516129032258066,0.37061403508771934
Reddit_B,0.25,0.1,3.0,0.35779205875375025,0.04108570422791653,0.3333333333333333,0.25,0.524390243902439,0.18113297837905915,0.026669944086904773,0.15789473684210525,0.10846560846560846,0.2945205479452055,0.24025832401874375,0.03210282782239833,0.25,0.1641025641025641,0.37719298245614036
Reddit_B,0.25,0.1,5.0,0.38185007932990633,0.040543876490163326,0.3333333333333333,0.27325581395348836,0.5213414634146342,0.19328196680166787,0.02684949398819579,0.16666666666666666,0.1164021164021164,0.2928082191780822,0.25638627814128734,0.03205403657859653,0.25,0.17741935483870966,0.37500000000000006
Reddit_B,0.25,0.25,0,0.23334262493712454,0.039026922707727854,0.2222222222222222,0.11666666666666667,0.4481707317073171,0.118240926194044,0.023059722217383057,0.10602409638554217,0.057356608478802994,0.2517123287671233,0.1567894020052328,0.02877560747510078,0.12091503267973856,0.07749077490774908,0.3223684210526316
Reddit_B,0.25,0.25,0.1,0.24230294461741803,0.03795990484930563,0.25,0.1218274111675127,0.43597560975609756,0.12274063422096138,0.02264140384278597,0.11764705882352941,0.05555555555555555,0.24486301369863014,0.16277627301407785,0.028152260884836373,0.1450777202072539,0.0846774193548387,0.3135964912280702
Reddit_B,0.25,0.25,0.25,0.2505608159971377,0.03974688094675982,0.25,0.14838709677419354,0.45121951219512196,0.12695082779415606,0.023902734344752027,0.11764705882352941,0.06301369863013699,0.2534246575342466,0.16834317203544974,0.029641252744208396,0.13186813186813187,0.08846153846153847,0.3245614035087719
Reddit_B,0.25,0.25,0.5,0.2710003442057153,0.04065537252480937,0.25,0.17543859649122806,0.4817073170731707,0.13728507890427877,0.024636047616711464,0.13636363636363635,0.06613756613756613,0.2705479452054795,0.18206120707319912,0.030472721804050522,0.2045060658578856,0.1008064516129032,0.3464912280701754
Reddit_B,0.25,0.25,0.75,0.28787429890275806,0.040596576049264685,0.3034825870646766,0.1780821917808219,0.4695121951219512,0.14580122609002838,0.024947031098029617,0.14285714285714285,0.0804953560371517,0.2636986301369863,0.1933638760258795,0.030650872766015646,0.16310679611650486,0.11087420042643924,0.33771929824561403
Reddit_B,0.25,0.25,1.0,0.3044905450759421,0.03966638022811792,0.3333333333333333,0.16751269035532995,0.5060975609756098,0.1542067497040626,0.024970840971907556,0.13432835820895522,0.07407407407407407,0.2842465753424658,0.20452145656721857,0.03046472813316043,0.17142857142857143,0.1129032258064516,0.36403508771929827
Reddit_B,0.25,0.25,2.0,0.3412322404147547,0.041047536038327004,0.3333333333333333,0.2182741116751269,0.5274390243902439,0.17282586986716003,0.026547826661233433,0.14285714285714285,0.082010582010582,0.2962328767123288,0.22920989676171186,0.032082041873274916,0.1935483870967742,0.12499999999999999,0.3793859649122807
Reddit_B,0.25,0.25,3.0,0.3567340824808364,0.04008554458001913,0.3333333333333333,0.24873096446700507,0.5152439024390244,0.18058228512058352,0.026096018486416253,0.18181818181818182,0.09788359788359788,0.2893835616438356,0.23953609569861894,0.03136931922264028,0.17777777777777778,0.14919354838709678,0.37061403508771934
Reddit_B,0.25,0.25,5.0,0.38339104529319007,0.040535289388320246,0.3333333333333333,0.281767955801105,0.5182926829268293,0.19407007347547708,0.026950691900152934,0.2,0.11904761904761904,0.2910958904109589,0.25742750855331387,0.0321345064439042,0.19797979797979798,0.17307692307692307,0.37280701754385964
Reddit_B,0.25,0.5,0,0.24297899527408803,0.037747701479452306,0.2727272727272727,0.15294117647058825,0.4451219512195122,0.12307798128740438,0.02263691460842716,0.11764705882352941,0.0684931506849315,0.25,0.1632230255199602,0.02808434289001493,0.13028169014084506,0.09615384615384615,0.3201754385964913
Reddit_B,0.25,0.5,0.1,0.25065391959737554,0.03874061190325714,0.25,0.14720812182741116,0.4451219512195122,0.12696691714583688,0.023262859407566353,0.11764705882352941,0.07123287671232877,0.25,0.1683806251097953,0.028852284651231012,0.13333333333333333,0.09999999999999999,0.3201754385964913
Reddit_B,0.25,0.5,0.25,0.2603462504166683,0.03961284052576586,0.2577777777777778,0.14213197969543148,0.4268292682926829,0.13182699642014598,0.023599607291332543,0.14285714285714285,0.075,0.23972602739726026,0.17484654820064757,0.029302985091240998,0.13333333333333333,0.10126582278481013,0.3070175438596491
Reddit_B,0.25,0.5,0.5,0.28048717868268497,0.03908113200554716,0.25,0.19289340101522842,0.49085365853658536,0.1420413700200902,0.02400931525852163,0.1,0.07671957671957672,0.2756849315068493,0.18838988199661413,0.02952489988961925,0.15841584158415842,0.11693548387096772,0.3530701754385964
Reddit_B,0.25,0.5,0.75,0.2960687403520047,0.04066806341631957,0.3333333333333333,0.18781725888324874,0.4969512195121951,0.14991567827771116,0.02498993033726911,0.14285714285714285,0.082010582010582,0.2791095890410959,0.1988387665438099,0.030691219959641265,0.1464968152866242,0.12499999999999999,0.35745614035087725
Reddit_B,0.25,0.5,1.0,0.3086224669702483,0.04146777129920934,0.3333333333333333,0.2,0.5030487804878049,0.15632705047783582,0.025910662829435677,0.125,0.0873015873015873,0.2825342465753425,0.2073195414864113,0.03169239472434761,0.1739130434782609,0.12982998454404945,0.3618421052631579
Reddit_B,0.25,0.5,2.0,0.3443605645623352,0.04080137355487853,0.3333333333333333,0.2436548223350254,0.5030487804878049,0.17430337609149416,0.025894971844994723,0.14285714285714285,0.09523809523809523,0.2825342465753425,0.2312131595804035,0.03136225750284475,0.20504201680672268,0.14516129032258066,0.3618421052631579
Reddit_B,0.25,0.5,3.0,0.35932860979687087,0.040850288464112657,0.3333333333333333,0.2558139534883721,0.5274390243902439,0.18188245436873277,0.026392250570588763,0.12876712328767123,0.10317460317460317,0.2962328767123288,0.24126522292385014,0.0317793369820924,0.1942675159235669,0.15725806451612906,0.3793859649122807
Reddit_B,0.25,0.5,5.0,0.3834646734138371,0.042161311347229204,0.375,0.27918781725888325,0.5213414634146342,0.19414955785560314,0.027890324936899892,0.19607843137254902,0.1164021164021164,0.2928082191780822,0.25751424512846294,0.03336065394110391,0.22222222222222224,0.17094017094017094,0.37500000000000006
Reddit_B,0.25,0.75,0,0.2521255574419374,0.03731250859924027,0.25,0.14743589743589744,0.45426829268292684,0.12773057335964091,0.02278513442241063,0.1,0.07033639143730887,0.2551369863013699,0.1693842217629718,0.02809522626872576,0.15841584158415842,0.09523809523809523,0.3267543859649123
Reddit_B,0.25,0.75,0.1,0.2584216130774009,0.03833930824837612,0.25,0.14838709677419354,0.43902439024390244,0.13088096666638757,0.023076758055189835,0.12745098039215685,0.06301369863013699,0.2465753424657534,0.17358221757418918,0.028581787205752135,0.15654952076677314,0.08846153846153847,0.3157894736842105
Reddit_B,0.25,0.75,0.25,0.2674127598312436,0.03959765559737631,0.25,0.1695906432748538,0.4298780487804878,0.1354488045142682,0.02402394698062815,0.12745098039215685,0.07888040712468193,0.24143835616438356,0.17962960844061926,0.02965882454600861,0.18181818181818182,0.11068702290076336,0.3092105263157895
Reddit_B,0.25,0.75,0.5,0.28547690786271335,0.039283450584048,0.26666666666666666,0.19480519480519481,0.4817073170731707,0.14454150224853984,0.023942572529584885,0.14728682170542637,0.07936507936507936,0.2705479452054795,0.19171728265236285,0.029483890352287958,0.16,0.12096774193548387,0.3464912280701754
Reddit_B,0.25,0.75,0.75,0.2991195399694918,0.03958005526993957,0.3333333333333333,0.18274111675126903,0.45426829268292684,0.15143552794161713,0.02445073266411124,0.125,0.07407407407407407,0.2551369863013699,0.20086681287736935,0.02995367852566373,0.17567567567567569,0.1129032258064516,0.3267543859649123
Reddit_B,0.25,0.75,1.0,0.3129928413405623,0.04064407786924173,0.3,0.21052631578947367,0.5,0.15853043594416036,0.02566308463466908,0.125,0.07142857142857142,0.2808219178082192,0.21024824782508966,0.031275174288423004,0.18688524590163932,0.10887096774193548,0.35964912280701755
Reddit_B,0.25,0.75,2.0,0.345300845136339,0.04152830042737595,0.3333333333333333,0.23857868020304568,0.5213414634146342,0.17482999270990285,0.026612640013899513,0.15789473684210525,0.09788359788359788,0.2928082191780822,0.23188975266904904,0.03220083842380703,0.1898989898989899,0.14919354838709678,0.37500000000000006
Reddit_B,0.25,0.75,3.0,0.36154830321078096,0.040906821626897856,0.3333333333333333,0.25380710659898476,0.5396341463414634,0.18304489366879856,0.026738904972553705,0.17857142857142858,0.10052910052910052,0.3030821917808219,0.24279069473310214,0.03212343071648558,0.25,0.1532258064516129,0.38815789473684215
Reddit_B,0.25,0.75,5.0,0.3857963582748261,0.04060713587745857,0.4,0.27918781725888325,0.524390243902439,0.19530179942319595,0.027160269195883928,0.16666666666666666,0.11375661375661375,0.2945205479452055,0.25905625043351643,0.03235429211692884,0.2184873949579832,0.17338709677419353,0.37719298245614036
Reddit_B,0.25,1.0,0,0.2584508881482377,0.03953017029687849,0.25,0.1638418079096045,0.4268292682926829,0.13088627455792426,0.023609694676527543,0.125,0.07142857142857142,0.23972602739726026,0.17359115706222555,0.029304039227225392,0.16666666666666666,0.10887096774193548,0.3070175438596491
Reddit_B,0.25,1.0,0.1,0.26341282423363493,0.039533342266760294,0.23076923076923078,0.16463414634146342,0.4268292682926829,0.13345058981551383,0.023867415810462627,0.12280701754385964,0.05555555555555555,0.23972602739726026,0.17697392103224116,0.029556769458357203,0.13592233009708737,0.0846774193548387,0.3070175438596491
Reddit_B,0.25,1.0,0.25,0.27225582343752214,0.040004892075965685,0.25,0.16751269035532995,0.4725609756097561,0.13792309837232083,0.02437246646315478,0.13432835820895522,0.06613756613756613,0.2654109589041096,0.18290644768824527,0.030082979661205992,0.14285714285714285,0.1008064516129032,0.33991228070175433
Reddit_B,0.25,1.0,0.5,0.29044354046989307,0.040096519711274065,0.25,0.16243654822335024,0.47560975609756095,0.14703963588607233,0.024453368444756002,0.14035087719298245,0.07671957671957672,0.2671232876712329,0.19503763268104873,0.03009810509860986,0.15999999999999998,0.11573236889692586,0.34210526315789475
Reddit_B,0.25,1.0,0.75,0.3025648259216141,0.039797676124963925,0.3333333333333333,0.21794871794871795,0.4603658536585366,0.15317291627068197,0.02453996286385324,0.15,0.08465608465608465,0.2585616438356164,0.20317486410963584,0.030089195307184156,0.25,0.12903225806451613,0.33114035087719296
Reddit_B,0.25,1.0,1.0,0.31513808413028904,0.040969093354561704,0.3333333333333333,0.19491525423728814,0.4817073170731707,0.15962219931479993,0.02575015390350989,0.125,0.06084656084656084,0.2705479452054795,0.21169559543734404,0.03142010247811805,0.2222222222222222,0.09274193548387097,0.3464912280701754
Reddit_B,0.25,1.0,2.0,0.34555158061208674,0.04336177592859966,0.3,0.22435897435897437,0.5152439024390244,0.1749695999648683,0.027541620681373016,0.17647058823529413,0.10846560846560846,0.2893835616438356,0.23206723303955631,0.03343541890027765,0.21840873634945396,0.1473684210526316,0.37061403508771934
Reddit_B,0.25,1.0,3.0,0.3627782971194314,0.04116040182172007,0.3333333333333333,0.2436548223350254,0.524390243902439,0.183657517122528,0.026888433119979304,0.17647058823529413,0.10317460317460317,0.2945205479452055,0.2436068989591115,0.032301248414369176,0.2111801242236025,0.15725806451612906,0.37719298245614036
Reddit_B,0.25,1.0,5.0,0.38585397761785895,0.04130532236678418,0.375,0.2804878048780488,0.5457317073170732,0.19532340604359508,0.027465749254375813,0.18181818181818182,0.1164021164021164,0.3065068493150685,0.259087236731786,0.03277346454515796,0.23529411764705885,0.17741935483870966,0.39254385964912275
Reddit_B,0.25,2.0,0,0.2742648857086649,0.037506648205129056,0.25,0.19047619047619047,0.43597560975609756,0.13888323566643163,0.023025575649014446,0.13636363636363635,0.06613756613756613,0.24486301369863014,0.18420450078671627,0.028294340223326345,0.18181818181818182,0.1008064516129032,0.3135964912280702
Reddit_B,0.25,2.0,0.1,0.27904189847371064,0.038886230616045576,0.2727272727272727,0.17582417582417584,0.4634146341463415,0.1412415773063714,0.023439997473741623,0.13333333333333333,0.07671957671957672,0.2602739726027397,0.1873578178768649,0.02894017311445899,0.1684867394695788,0.11636363636363638,0.3333333333333333
Reddit_B,0.25,2.0,0.25,0.286650922578911,0.03989982732627718,0.25,0.1935483870967742,0.4329268292682927,0.14515327831163577,0.024379833058008202,0.12530120481927712,0.07936507936507936,0.24315068493150685,0.19251971283955308,0.029999995874516277,0.18181818181818182,0.11538461538461538,0.3114035087719298
Reddit_B,0.25,2.0,0.5,0.29864609630469735,0.03936162397793571,0.26666666666666666,0.18226600985221675,0.45426829268292684,0.15122340859290925,0.024473047968712202,0.14214463840399003,0.082010582010582,0.2551369863013699,0.20057383094787867,0.02994823397976515,0.19584569732937687,0.12499999999999999,0.3267543859649123
Reddit_B,0.25,2.0,0.75,0.31020314464643317,0.03963046430494929,0.3333333333333333,0.2097560975609756,0.46646341463414637,0.1570715109038026,0.02496638827773618,0.14285714285714285,0.0951219512195122,0.261986301369863,0.20832777013988013,0.030379459877479687,0.20880913539967375,0.13333333333333336,0.33552631578947373
Reddit_B,0.25,2.0,1.0,0.31977261539896373,0.04034133860721965,0.3333333333333333,0.21311475409836064,0.5,0.16190774852912354,0.025337277465294746,0.14814814814814814,0.07407407407407407,0.2808219178082192,0.21475142852941634,0.030871304021079647,0.1795774647887324,0.1129032258064516,0.35964912280701755
Reddit_B,0.25,2.0,2.0,0.350457041604186,0.04171826085747318,0.3333333333333333,0.25136612021857924,0.5213414634146342,0.17740014116424993,0.026438481636898093,0.15625,0.09523809523809523,0.2928082191780822,0.2353173087823526,0.03204662554889297,0.19230769230769232,0.14516129032258066,0.37500000000000006
Reddit_B,0.25,2.0,3.0,0.3682665337086628,0.04154113894769081,0.3333333333333333,0.27325581395348836,0.5152439024390244,0.18644880851289844,0.027127584040667656,0.2,0.1111111111111111,0.2893835616438356,0.2473041001000015,0.03259613911534294,0.20512820512820512,0.16538461538461538,0.37061403508771934
Reddit_B,0.25,2.0,5.0,0.3889639183566426,0.04089431848157017,0.3333333333333333,0.2857142857142857,0.524390243902439,0.19688675072784698,0.027269229650498886,0.15555555555555556,0.11375661375661375,0.2945205479452055,0.2611675013487245,0.03250850967879472,0.2608695652173913,0.17338709677419353,0.37719298245614036
Reddit_B,0.25,3.0,0,0.2821169775543091,0.0374806374551032,0.25,0.18285714285714286,0.4176829268292683,0.14281528726623754,0.022863717468538335,0.13725490196078433,0.06878306878306878,0.2345890410958904,0.18944082654096833,0.028119293254335702,0.15353535353535352,0.10483870967741933,0.300438596491228
Reddit_B,0.25,3.0,0.1,0.2855553909094875,0.03990708731388426,0.25,0.18285714285714286,0.4695121951219512,0.14454931644581917,0.0242315804460847,0.14285714285714285,0.07804878048780488,0.2636986301369863,0.19173544473647472,0.029816435643688043,0.2,0.1094017094017094,0.33771929824561403
Reddit_B,0.25,3.0,0.25,0.29357142570054384,0.03823760095633878,0.3,0.19375,0.4573170731707317,0.1485630950054594,0.023330384720008444,0.125,0.08292682926829269,0.2568493150684932,0.19708131768892723,0.02861615314068974,0.17142857142857143,0.11623931623931623,0.3289473684210527
Reddit_B,0.25,3.0,0.5,0.3041098506773369,0.03834562448831907,0.3333333333333333,0.20765027322404372,0.43597560975609756,0.15392097777671587,0.023792566534263693,0.14285714285714285,0.0873015873015873,0.24486301369863014,0.20417955125586973,0.029041443851419654,0.18181818181818182,0.13306451612903228,0.3135964912280702
Reddit_B,0.25,3.0,0.75,0.3133137239161008,0.03928969361212954,0.3333333333333333,0.21142857142857144,0.4481707317073171,0.15861777544603878,0.0245965025931712,0.14285714285714285,0.082010582010582,0.2517123287671233,0.21039473852781213,0.029972105107901766,0.16605166051660517,0.12499999999999999,0.3223684210526316
Reddit_B,0.25,3.0,1.0,0.3245165795057586,0.038694985518273696,0.3333333333333333,0.22842639593908629,0.49390243902439024,0.1642615095546381,0.024533100112660428,0.14705882352941177,0.08994708994708994,0.2773972602739726,0.21789219271109425,0.029736982280355477,0.2,0.13709677419354838,0.35526315789473684
Reddit_B,0.25,3.0,2.0,0.3529909118350987,0.040018716140653506,0.4,0.2568306010928962,0.5060975609756098,0.17874680234920481,0.026366489409546986,0.16666666666666666,0.09523809523809523,0.2842465753424658,0.23707563927215958,0.03164436734175423,0.20689655172413793,0.14516129032258066,0.36403508771929827
Reddit_B,0.25,3.0,3.0,0.3709375091923813,0.0407393311660141,0.3333333333333333,0.2639593908629442,0.5396341463414634,0.18778724579402958,0.02676546978885717,0.19230769230769232,0.09788359788359788,0.3030821917808219,0.24908761051853556,0.032088603945621894,0.23247232472324725,0.14919354838709678,0.38815789473684215
Reddit_B,0.25,3.0,5.0,0.3921908834798674,0.04145079468544952,0.375,0.2732919254658385,0.551829268292683,0.19853502913079288,0.027686377930616485,0.2,0.12594458438287154,0.3099315068493151,0.2633441310419528,0.03297003879957895,0.25,0.17482517482517484,0.3969298245614036
Reddit_B,0.25,5.0,0,0.28292335240983174,0.04332605652733795,0.2857142857142857,0.12941176470588237,0.39375,0.14302856746580603,0.024382472259344902,0.125,0.06606606606606606,0.20705882352941177,0.18980855411627223,0.03075218315617955,0.15584415584415584,0.0874751491053678,0.2662889518413597
Reddit_B,0.25,5.0,0.1,0.2846895452316798,0.04364444221235457,0.3333333333333333,0.08196721311475409,0.3930131004366812,0.14392587597766981,0.024759811714731562,0.14285714285714285,0.0436046511627907,0.210989010989011,0.19099852482028132,0.031174635072283532,0.1652892561983471,0.056925996204933584,0.2719546742209632
Reddit_B,0.25,5.0,0.25,0.2897598707303523,0.043340976703523125,0.25,0.08743169398907104,0.415625,0.1464929577245385,0.02474000732234466,0.15384615384615385,0.046511627906976744,0.2108695652173913,0.19440243754879627,0.031063501534189276,0.17391304347826086,0.06072106261859583,0.2762201453790239
Reddit_B,0.25,5.0,0.5,0.30017218904271614,0.04516048933593333,0.2857142857142857,0.1092896174863388,0.41089108910891087,0.15174265534604675,0.025689187727427697,0.14285714285714285,0.05813953488372093,0.21212121212121213,0.2013757642975994,0.03229026698795741,0.16568047337278105,0.07590132827324478,0.2686084142394822
Reddit_B,0.25,5.0,0.75,0.3076976026754062,0.04575354835056382,0.3333333333333333,0.116751269035533,0.4251012145748988,0.1555529754745389,0.026240425508341658,0.15555555555555556,0.06395348837209303,0.23385300668151449,0.2064279271592126,0.03287960427946993,0.17926186291739893,0.08318264014466546,0.30172413793103453
Reddit_B,0.25,5.0,1.0,0.3170543352480425,0.04706418929588258,0.3333333333333333,0.10152284263959391,0.44541484716157204,0.160303538608216,0.027087088858405182,0.16666666666666666,0.056179775280898875,0.23385300668151449,0.212722598044001,0.033910298263701434,0.2222222222222222,0.07233273056057866,0.30172413793103453
Reddit_B,0.25,5.0,2.0,0.3468808875380764,0.04821507849711258,0.3333333333333333,0.12807881773399016,0.4574898785425101,0.17542365814706498,0.02835603505275782,0.15,0.07046070460704607,0.2516703786191537,0.23277245174062797,0.035242726751451785,0.19108280254777069,0.0909090909090909,0.32471264367816094
Reddit_B,0.25,5.0,3.0,0.3686443170561362,0.04760577950886693,0.32038834951456313,0.1552511415525114,0.47410358565737054,0.18646630245620496,0.028696579831709087,0.17032967032967034,0.07623318385650224,0.26057906458797325,0.24740663804688232,0.03532670801278225,0.20063694267515925,0.10225563909774436,0.33620689655172414
Reddit_B,0.25,5.0,5.0,0.3897885397786065,0.04483066601231657,0.375,0.18579234972677597,0.4939271255060729,0.19720075293503997,0.028297712973253276,0.16666666666666666,0.09883720930232558,0.2717149220489978,0.2616310194614606,0.03428703804169308,0.2608695652173913,0.12903225806451613,0.3505747126436781
Reddit_B,0.5,0,0,0.21711897412207004,0.036998387114250575,0.2222222222222222,0.12154696132596685,0.4024390243902439,0.10992973872887324,0.02150364801568464,0.125,0.05365853658536585,0.22602739726027396,0.14580677378442977,0.026949209648779733,0.11698113207547169,0.07521367521367521,0.2894736842105263
Reddit_B,0.5,0,0.1,0.22228281042455122,0.0375053270831434,0.2222222222222222,0.11538461538461539,0.39634146341463417,0.11260527057537838,0.021988532565301522,0.11764705882352941,0.05291005291005291,0.2226027397260274,0.1493324396177782,0.02751783283664157,0.14285714285714285,0.07578947368421053,0.2850877192982456
Reddit_B,0.5,0,0.25,0.2364168835954105,0.03681399846358055,0.25,0.1065989847715736,0.42073170731707316,0.11969198488078538,0.021759728588013335,0.125,0.05898876404494382,0.2363013698630137,0.15876010272134417,0.027088232707737112,0.12121212121212122,0.0759493670886076,0.3026315789473684
Reddit_B,0.5,0,0.5,0.25514115413014343,0.03917934118683983,0.25,0.14035087719298245,0.4451219512195122,0.12925533893518554,0.023612110958040958,0.125,0.05555555555555555,0.25,0.17140974318950902,0.02924824256614509,0.14965986394557823,0.0846774193548387,0.3201754385964913
Reddit_B,0.5,0,0.75,0.2750851274536823,0.04070932900832756,0.25,0.17177914110429449,0.46646341463414637,0.13933826005289635,0.024671010290547517,0.13333333333333333,0.0582010582010582,0.261986301369863,0.18479228321987543,0.030503434921418642,0.15087719298245614,0.08870967741935483,0.33552631578947373
Reddit_B,0.5,0,1.0,0.2940117786348285,0.03929367046718282,0.3333333333333333,0.18604651162790697,0.4634146341463415,0.14889228279433164,0.02430704477003576,0.13333333333333333,0.07407407407407407,0.2602739726027397,0.197474761557421,0.02978310560748768,0.19607843137254902,0.1129032258064516,0.3333333333333333
Reddit_B,0.5,0,2.0,0.3449936453581106,0.04058866810340996,0.3333333333333333,0.22842639593908629,0.4969512195121951,0.17467852950567966,0.026153166736807856,0.14285714285714285,0.08994708994708994,0.2791095890410959,0.23168822135032383,0.031583855647660385,0.21245421245421245,0.13709677419354838,0.35745614035087725
Reddit_B,0.5,0,3.0,0.37227924543300533,0.041207053046107105,0.375,0.2541436464088398,0.5274390243902439,0.18851548675244614,0.02726676987800425,0.16666666666666666,0.09259259259259259,0.2962328767123288,0.25003263894074534,0.03266480196714167,0.21656050955414013,0.14112903225806453,0.3793859649122807
Reddit_B,0.5,0,5.0,0.39877233644736554,0.041248436821722946,0.375,0.2893401015228426,0.5182926829268293,0.2018599954474998,0.027666969926455127,0.2,0.11375661375661375,0.2910958904109589,0.267761225224415,0.032920996343565684,0.25,0.17338709677419353,0.37280701754385964
Reddit_B,0.5,0.1,0,0.2199954098711753,0.03689417520892806,0.25,0.1111111111111111,0.39939024390243905,0.11150466855286593,0.022031138494801063,0.09722222222222222,0.04935064935064935,0.2243150684931507,0.14784480300871047,0.02742073313718012,0.12499999999999997,0.06834532374100719,0.2872807017543859
Reddit_B,0.5,0.1,0.1,0.22803323039914075,0.0360375824743289,0.2,0.13450292397660818,0.4115853658536585,0.11550793527685378,0.021487500807512147,0.10526315789473684,0.06084656084656084,0.23116438356164384,0.1531848908421409,0.026722064910857463,0.13445378151260504,0.0905511811023622,0.2960526315789474
Reddit_B,0.5,0.1,0.25,0.237465008426609,0.03850438509840045,0.25,0.13253012048192772,0.4146341463414634,0.12028959851721224,0.02290202299692553,0.125,0.0668693009118541,0.2328767123287671,0.15952152936717143,0.028493302699615003,0.14285714285714285,0.08888888888888889,0.2982456140350877
Reddit_B,0.5,0.1,0.5,0.2569538394382937,0.03632318061351056,0.25,0.15789473684210525,0.4451219512195122,0.13012437101072002,0.0223038097854832,0.11764705882352941,0.07816091954022988,0.25,0.17257950394035565,0.027401730342317566,0.13664596273291926,0.1062992125984252,0.3201754385964913
Reddit_B,0.5,0.1,0.75,0.27783025200311984,0.04113205435654202,0.25,0.16463414634146342,0.47865853658536583,0.1407527359018092,0.025132218566029194,0.1443850267379679,0.07633587786259542,0.2688356164383562,0.18665189920357825,0.030979753084253395,0.14736842105263157,0.10714285714285715,0.3442982456140351
Reddit_B,0.5,0.1,1.0,0.29374709919591463,0.03956704834632939,0.25,0.17258883248730963,0.45426829268292684,0.14876697132651273,0.024496148319025756,0.13970588235294118,0.06349206349206349,0.2551369863013699,0.19730648614539362,0.030027544977452917,0.19999999999999998,0.0967741935483871,0.3267543859649123
Reddit_B,0.5,0.1,2.0,0.346912307262571,0.03974701927267496,0.3333333333333333,0.25136612021857924,0.5091463414634146,0.17565896631912628,0.026031672060559865,0.16666666666666666,0.10052910052910052,0.285958904109589,0.23298269755107254,0.03127815906413247,0.2222222222222222,0.1532258064516129,0.3662280701754386
Reddit_B,0.5,0.1,3.0,0.371978027676097,0.03999940721291842,0.375,0.2608695652173913,0.5274390243902439,0.1883394793591277,0.026640454525481947,0.16152019002375298,0.09259259259259259,0.2962328767123288,0.2498103439427855,0.031836599024073375,0.22772277227722773,0.14112903225806453,0.3793859649122807
Reddit_B,0.5,0.1,5.0,0.3997689658049351,0.04073565460139416,0.4,0.29949238578680204,0.5307017543859649,0.20235167318990654,0.02741521575949596,0.2,0.11375661375661375,0.2979452054794521,0.26841844471658194,0.03256038900946858,0.2222222222222222,0.17338709677419353,0.3815789473684211
Reddit_B,0.5,0.25,0,0.22354554724996656,0.03870225215045774,0.25,0.1032258064516129,0.4176829268292683,0.11328170621579366,0.022685278685888252,0.1,0.043835616438356165,0.2345890410958904,0.1502121269957881,0.02839437236902274,0.11570247933884298,0.061538461538461535,0.300438596491228
Reddit_B,0.5,0.25,0.1,0.2329354983564264,0.035558328048315525,0.2222222222222222,0.12837837837837837,0.42073170731707316,0.11796362917527455,0.02115577270488504,0.10526315789473684,0.0582010582010582,0.2363013698630137,0.15645470002205836,0.026294762994768243,0.15,0.08463251670378619,0.3026315789473684
Reddit_B,0.5,0.25,0.25,0.2455517720226983,0.03647203725191956,0.25,0.1411764705882353,0.4268292682926829,0.1244263193978987,0.022275445482313,0.10526315789473684,0.0582010582010582,0.23972602739726026,0.16499528844282857,0.027504824483117984,0.13333333333333333,0.08870967741935483,0.3070175438596491
Reddit_B,0.5,0.25,0.5,0.2647728573419275,0.03985370177589327,0.2857142857142857,0.13705583756345177,0.4420731707317073,0.13410561841346516,0.02408963804187208,0.14754098360655737,0.07407407407407407,0.2482876712328767,0.17785153404801649,0.02978019085921551,0.13861386138613863,0.09764918625678119,0.31798245614035087
Reddit_B,0.5,0.25,0.75,0.28311713504387404,0.03941414045683807,0.25,0.17682926829268292,0.4298780487804878,0.1434497987837264,0.024513078638676692,0.09669211195928754,0.06878306878306878,0.24143835616438356,0.19022463285021232,0.030056528455935025,0.17161716171617164,0.10483870967741933,0.3092105263157895
Reddit_B,0.5,0.25,1.0,0.3005268265579211,0.04012819143913457,0.3333333333333333,0.19411764705882353,0.47560975609756095,0.15224489511223865,0.025238673704089686,0.14285714285714285,0.07142857142857142,0.2671232876712329,0.20189964170816732,0.030832576887167257,0.15384615384615385,0.10887096774193548,0.34210526315789475
Reddit_B,0.5,0.25,2.0,0.3487975018631163,0.04064627465417578,0.3333333333333333,0.23717948717948717,0.49085365853658536,0.17657009127696982,0.02609154336388563,0.14285714285714285,0.08994708994708994,0.2756849315068493,0.23421304521335956,0.03152681465949101,0.19875776397515527,0.13709677419354838,0.3530701754385964
Reddit_B,0.5,0.25,3.0,0.3737094147105308,0.0406568813994209,0.3333333333333333,0.24873096446700507,0.524390243902439,0.18923923295882103,0.027202547542083927,0.2,0.10317460317460317,0.2945205479452055,0.2509909716867484,0.03247480292367805,0.23271500843170317,0.15725806451612906,0.37719298245614036
Reddit_B,0.5,0.25,5.0,0.4001353089827915,0.03989857667309848,0.4,0.29891304347826086,0.5526315789473685,0.20257138403976577,0.02736840724124382,0.2,0.10846560846560846,0.3047945205479452,0.2686954540266733,0.03235980652036418,0.2222222222222222,0.16532258064516128,0.391304347826087
Reddit_B,0.5,0.5,0,0.2332069228347113,0.03710655086174938,0.25,0.12690355329949238,0.4054878048780488,0.1181327213455449,0.02204761192502319,0.09090909090909091,0.0582010582010582,0.22773972602739725,0.15666553592372393,0.027451767947857943,0.16666666666666669,0.08870967741935483,0.2916666666666667
Reddit_B,0.5,0.5,0.1,0.24243176782439657,0.035789511898905106,0.25,0.136986301369863,0.3902439024390244,0.12280392614766805,0.02161087478935314,0.1,0.06191950464396285,0.2191780821917808,0.16286167917906888,0.02676007386204777,0.13190730837789663,0.08528784648187634,0.2807017543859649
Reddit_B,0.5,0.5,0.25,0.2544664868588717,0.03768088685637602,0.25,0.15384615384615385,0.4054878048780488,0.12890767066440392,0.02280387314655971,0.11566265060240964,0.06084656084656084,0.22773972602739725,0.17095205138171013,0.02819556153854752,0.18181818181818182,0.09274193548387097,0.2916666666666667
Reddit_B,0.5,0.5,0.5,0.27387942272193855,0.0398243939574861,0.25,0.17365269461077845,0.45426829268292684,0.1387858984015937,0.024493373360126205,0.10326086956521739,0.06349206349206349,0.2551369863013699,0.18403408502140428,0.030170670061378763,0.18181818181818182,0.0967741935483871,0.3267543859649123
Reddit_B,0.5,0.5,0.75,0.2916491631656438,0.03934171480462212,0.26666666666666666,0.19289340101522842,0.4573170731707317,0.14768108422086987,0.02426396041741935,0.125,0.07407407407407407,0.2568493150684932,0.19587513667556414,0.029770533102997536,0.1782178217821782,0.1129032258064516,0.3289473684210527
Reddit_B,0.5,0.5,1.0,0.3060001222563141,0.03854681244512344,0.3,0.22099447513812154,0.45426829268292684,0.15497973581327476,0.024639822115995927,0.13734939759036144,0.07671957671957672,0.2551369863013699,0.20554029510974475,0.029887021586859144,0.1739130434782609,0.11693548387096772,0.3267543859649123
Reddit_B,0.5,0.5,2.0,0.35213803684991685,0.04017981436845455,0.3333333333333333,0.233502538071066,0.5335365853658537,0.17826728867597255,0.026104656988775458,0.16541353383458646,0.08994708994708994,0.2996575342465753,0.23646115562023984,0.03142216888520173,0.19047619047619047,0.13709677419354838,0.3837719298245614
Reddit_B,0.5,0.5,3.0,0.3755994358007863,0.04048016856884226,0.3333333333333333,0.25888324873096447,0.5152439024390244,0.19015993422084562,0.026950722488033464,0.1791044776119403,0.10317460317460317,0.2893835616438356,0.25222812137009504,0.032181600822161226,0.23934426229508196,0.15725806451612906,0.37061403508771934
Reddit_B,0.5,0.5,5.0,0.4000466780100958,0.040543315855898196,0.4,0.28426395939086296,0.5304878048780488,0.20248714393390238,0.027329407508167355,0.20320855614973263,0.10846560846560846,0.2979452054794521,0.26860141311318586,0.03244478222949519,0.24000000000000002,0.16532258064516128,0.3815789473684211
Reddit_B,0.5,0.75,0,0.24367867346657443,0.03718734113400138,0.25,0.15204678362573099,0.43902439024390244,0.1234399831500702,0.022402881312653954,0.12771084337349398,0.06349206349206349,0.2465753424657534,0.16370167361504592,0.027762428441585378,0.11070110701107012,0.0967741935483871,0.3157894736842105
Reddit_B,0.5,0.75,0.1,0.25183856633788493,0.03685102151727129,0.25,0.15483870967741936,0.4268292682926829,0.12755703950692365,0.022370860642694595,0.125,0.06575342465753424,0.23972602739726026,0.16916795719823866,0.027628063437512538,0.14022140221402216,0.0923076923076923,0.3070175438596491
Reddit_B,0.5,0.75,0.25,0.26154063042110276,0.03697345142402606,0.25,0.15228426395939088,0.4298780487804878,0.1324370150384889,0.02251601886389222,0.125,0.07142857142857142,0.24143835616438356,0.1756559382244137,0.02776249997099663,0.18181818181818182,0.10849909584086799,0.3092105263157895
Reddit_B,0.5,0.75,0.5,0.2787874292827233,0.039609097724122376,0.2857142857142857,0.175,0.46646341463414637,0.14117236102975325,0.0241247897339461,0.13636363636363635,0.08187134502923976,0.261986301369863,0.18723756545436038,0.029715067513300563,0.13333333333333333,0.11155378486055777,0.33552631578947373
Reddit_B,0.5,0.75,0.75,0.2965898608878077,0.04005278786344793,0.3,0.17419354838709677,0.43597560975609756,0.15027291300361975,0.02524862374647467,0.14545454545454545,0.06878306878306878,0.24486301369863014,0.19927426404719722,0.03083489015720356,0.17647058823529416,0.10384615384615385,0.3135964912280702
Reddit_B,0.5,0.75,1.0,0.3109717996995566,0.039289112744545905,0.3157894736842105,0.2111801242236025,0.4725609756097561,0.15754482321642,0.025209756353308643,0.14285714285714285,0.07142857142857142,0.2654109589041096,0.2089248103953926,0.03059901695618028,0.19999999999999998,0.10887096774193548,0.33991228070175433
Reddit_B,0.5,0.75,2.0,0.3537522885526466,0.041060143991583316,0.4,0.233502538071066,0.5121951219512195,0.17910728592606454,0.02658941343156878,0.163855421686747,0.09259259259259259,0.2876712328767123,0.23756477531318626,0.03205337327653712,0.2,0.14112903225806453,0.3684210526315789
Reddit_B,0.5,0.75,3.0,0.3779873935292492,0.04020784350238697,0.3333333333333333,0.2714285714285714,0.5213414634146342,0.19131575569960452,0.026504266853954482,0.18181818181818182,0.10582010582010581,0.2928082191780822,0.25378475370679227,0.03168610530232417,0.22524271844660193,0.16129032258064516,0.37500000000000006
Reddit_B,0.5,0.75,5.0,0.40243344685117627,0.04107213973819837,0.4,0.2865853658536585,0.5335365853658537,0.20371099637643478,0.02774560830376427,0.20588235294117646,0.1164021164021164,0.2996575342465753,0.27021667254374937,0.03293478500994047,0.24598930481283424,0.17741935483870966,0.3837719298245614
Reddit_B,0.5,1.0,0,0.2491583910171496,0.03801153031965836,0.23857868020304568,0.14193548387096774,0.4420731707317073,0.12622092012447664,0.022849181996581206,0.11470588235294117,0.06027397260273973,0.2482876712328767,0.1673858472031334,0.028308474206445795,0.13333333333333333,0.0846153846153846,0.31798245614035087
Reddit_B,0.5,1.0,0.1,0.2565972228594739,0.03667665106814664,0.25,0.1625,0.3932926829268293,0.12995361956082963,0.022279825843749303,0.1111111111111111,0.07142857142857142,0.2208904109589041,0.1723527331090692,0.027491392523485262,0.15384615384615383,0.10358565737051792,0.28289473684210525
Reddit_B,0.5,1.0,0.25,0.2695537118636625,0.03893406013599566,0.25,0.15228426395939088,0.43597560975609756,0.13653065857749588,0.023808359443405896,0.125,0.07142857142857142,0.24486301369863014,0.1810683009252461,0.029336969504826296,0.15128593040847202,0.10800744878957169,0.3135964912280702
Reddit_B,0.5,1.0,0.5,0.2836987973786314,0.038638172362431965,0.25,0.1858974358974359,0.4634146341463415,0.14366255829489052,0.023828200919834324,0.125,0.07936507936507936,0.2602739726027397,0.19054219991204596,0.029250076730670278,0.25,0.12096774193548387,0.3333333333333333
Reddit_B,0.5,1.0,0.75,0.30030021146388675,0.039244045268058025,0.26256983240223464,0.19796954314720813,0.4634146341463415,0.15209839270920505,0.024723481848715884,0.14285714285714285,0.08994708994708994,0.2602739726027397,0.20171583769480603,0.030139238340682016,0.16563146997929606,0.12749003984063745,0.3333333333333333
Reddit_B,0.5,1.0,1.0,0.31644945783095263,0.037557923983526066,0.3333333333333333,0.211864406779661,0.4878048780487805,0.1602976739518791,0.024440678862234232,0.14285714285714285,0.06613756613756613,0.273972602739726,0.21258587422293368,0.02949330760863373,0.2222222222222222,0.1008064516129032,0.3508771929824562
Reddit_B,0.5,1.0,2.0,0.35600935428345765,0.041360339337172806,0.3333333333333333,0.23076923076923078,0.49390243902439024,0.18032224545958592,0.026993519750267564,0.18181818181818182,0.082010582010582,0.2773972602739726,0.23914790129677077,0.03252347034460901,0.19413919413919414,0.12499999999999999,0.35526315789473684
Reddit_B,0.5,1.0,3.0,0.37818032167362653,0.04001424978982287,0.3333333333333333,0.2857142857142857,0.524390243902439,0.19148726115025103,0.026884406097188646,0.1724137931034483,0.09523809523809523,0.2945205479452055,0.2539815274559729,0.032036159629788195,0.25,0.14516129032258066,0.37719298245614036
Reddit_B,0.5,1.0,5.0,0.4023203055009814,0.039913385275858304,0.391304347826087,0.30601092896174864,0.5131578947368421,0.2036817632893179,0.02746221579270729,0.2,0.1111111111111111,0.28705882352941176,0.2701669321967352,0.03245287709879912,0.2608695652173913,0.1693548387096774,0.3674698795180723
Reddit_B,0.5,2.0,0,0.27319824893416483,0.03645946387803418,0.25,0.18781725888324874,0.39939024390243905,0.1382990730325161,0.022407681586908458,0.1111111111111111,0.07407407407407407,0.2243150684931507,0.18344752828751204,0.02749013035428884,0.1858108108108108,0.1129032258064516,0.2872807017543859
Reddit_B,0.5,2.0,0.1,0.28000005571550346,0.03760276098593171,0.25842696629213485,0.18902439024390244,0.4481707317073171,0.1417908256670488,0.02334372987202172,0.10526315789473684,0.07936507936507936,0.2517123287671233,0.18805685959544796,0.028574317287962978,0.1917808219178082,0.12096774193548387,0.3223684210526316
Reddit_B,0.5,2.0,0.25,0.2894534176652802,0.03769436433036266,0.2857142857142857,0.18125,0.45121951219512196,0.14650109139885625,0.022959944210820826,0.14285714285714285,0.07142857142857142,0.2534246575342466,0.19434064438844387,0.0282090094945937,0.1464968152866242,0.10887096774193548,0.3245614035087719
Reddit_B,0.5,2.0,0.5,0.29987346059951603,0.039080476753258125,0.3105263157894737,0.18579234972677597,0.5030487804878049,0.15179096229597192,0.024161373814930748,0.14285714285714285,0.0951219512195122,0.2825342465753425,0.20134717184186837,0.029562394117229954,0.15353535353535352,0.12877263581488935,0.3618421052631579
Reddit_B,0.5,2.0,0.75,0.31239336762459535,0.036502051960465354,0.3,0.21311475409836064,0.47560975609756095,0.15818470499286483,0.02369468018728037,0.15196078431372548,0.07671957671957672,0.2671232876712329,0.20980645855706145,0.02856647515799149,0.18181818181818182,0.11693548387096772,0.34210526315789475
Reddit_B,0.5,2.0,1.0,0.3239504973067042,0.03905895162918898,0.3333333333333333,0.22580645161290322,0.4817073170731707,0.16404235469930042,0.025054032072122194,0.15931372549019607,0.07936507936507936,0.2705479452054795,0.21757332004867463,0.0303240450167283,0.2018348623853211,0.12096774193548387,0.3464912280701754
Reddit_B,0.5,2.0,2.0,0.360499311526142,0.038935055040706816,0.3333333333333333,0.24861878453038674,0.5182926829268293,0.1825570904128124,0.026184886896087358,0.16666666666666666,0.09523809523809523,0.2910958904109589,0.24212572455060502,0.0312240682580435,0.25,0.14516129032258066,0.37280701754385964
Reddit_B,0.5,2.0,3.0,0.3834243475920524,0.0403990128023598,0.3333333333333333,0.27918781725888325,0.5304878048780488,0.19414666138060413,0.027213199910823667,0.16666666666666666,0.09788359788359788,0.2979452054794521,0.25750700744647553,0.032412073543988035,0.2857142857142857,0.14919354838709678,0.3815789473684211
Reddit_B,0.5,2.0,5.0,0.40738103248518076,0.039496349192687345,0.4,0.29441624365482233,0.5335365853658537,0.2062181847969447,0.027271744123685465,0.2,0.11375661375661375,0.2996575342465753,0.2735430062827627,0.0321677596968045,0.2522851919561243,0.17338709677419353,0.3837719298245614
Reddit_B,0.5,3.0,0,0.2854906852069941,0.0383099594142989,0.24719101123595505,0.1870967741935484,0.4451219512195122,0.14449502239998355,0.02331431061498305,0.1323529411764706,0.07945205479452055,0.25,0.1916776621252184,0.028673958067731604,0.15157894736842106,0.11153846153846154,0.3201754385964913
Reddit_B,0.5,3.0,0.1,0.28890849650892453,0.03698222139796638,0.3,0.17543859649122806,0.47560975609756095,0.1461970292491311,0.022758191241593943,0.15384615384615385,0.08522727272727272,0.2671232876712329,0.1939425157854043,0.027802581904674648,0.13333333333333333,0.1147227533460803,0.34210526315789475
Reddit_B,0.5,3.0,0.25,0.29611872429014247,0.0362685547655602,0.25,0.19672131147540983,0.43597560975609756,0.1498693314599303,0.022625006646813824,0.13202933985330073,0.0873015873015873,0.24486301369863014,0.1988079198534421,0.02754818283831662,0.17475728155339806,0.1301775147928994,0.3135964912280702
Reddit_B,0.5,3.0,0.5,0.30828298145422595,0.037927341912480025,0.3333333333333333,0.21935483870967742,0.47865853658536583,0.15606884906214052,0.023813233075148845,0.125,0.082010582010582,0.2688356164383562,0.2070150777365342,0.028979369588742573,0.1592356687898089,0.12499999999999999,0.3442982456140351
Reddit_B,0.5,3.0,0.75,0.3180832309328832,0.03760304479860535,0.3333333333333333,0.20555555555555555,0.4603658536585366,0.16108280205865735,0.024358108621293437,0.16666666666666666,0.08465608465608465,0.2585616438356164,0.21364183068883932,0.029391106345690636,0.2222222222222222,0.12903225806451613,0.33114035087719296
Reddit_B,0.5,3.0,1.0,0.3277446954693923,0.03690987489758353,0.3333333333333333,0.233502538071066,0.4634146341463415,0.16595420670174668,0.024267078277291142,0.16666666666666666,0.0873015873015873,0.2602739726027397,0.22011148533968303,0.0291122710683716,0.1739130434782609,0.13306451612903228,0.3333333333333333
Reddit_B,0.5,3.0,2.0,0.36397578265486075,0.03963847269280923,0.4,0.2459016393442623,0.49390243902439024,0.1842688614958954,0.026000206143633003,0.1846590909090909,0.0873015873015873,0.2773972602739726,0.2444221660957416,0.03121491597985506,0.2,0.13306451612903228,0.35526315789473684
Reddit_B,0.5,3.0,3.0,0.3859499259061992,0.040136347736177365,0.3333333333333333,0.2677595628415301,0.524390243902439,0.19544056768912615,0.027316815727777447,0.2,0.09259259259259259,0.2945205479452055,0.25921757941732093,0.032456552168826494,0.2608695652173913,0.14112903225806453,0.37719298245614036
Reddit_B,0.5,3.0,5.0,0.4080352016201412,0.040124167338110264,0.4090909090909091,0.27918781725888325,0.5487804878048781,0.20655733335987964,0.027596605656390914,0.2,0.11375661375661375,0.3082191780821918,0.2739883417237658,0.03259159680679799,0.23247232472324725,0.17338709677419353,0.3947368421052632
Reddit_B,0.5,5.0,0,0.29172071906228153,0.03949654392622293,0.2857142857142857,0.13114754098360656,0.40948275862068967,0.14749790275122382,0.023102130134305208,0.125,0.06976744186046512,0.21300448430493274,0.1957275504367784,0.028693974847762118,0.17475728155339806,0.09108159392789374,0.28023598820059
Reddit_B,0.5,5.0,0.1,0.29447153378283475,0.04087887515188439,0.3333333333333333,0.1141552511415525,0.41379310344827586,0.14886478195853872,0.023681021784166582,0.13043478260869565,0.05605381165919283,0.21524663677130046,0.19755160081387743,0.02950275785415423,0.14022140221402213,0.07518796992481204,0.2831858407079646
Reddit_B,0.5,5.0,0.25,0.29776093077988064,0.04131502465499151,0.3333333333333333,0.12568306010928962,0.4051724137931034,0.15055639954360153,0.024141881423428123,0.16666666666666666,0.06686046511627906,0.22,0.1997852291603839,0.030026852392052612,0.19047619047619047,0.0872865275142315,0.28448275862068967
Reddit_B,0.5,5.0,0.5,0.30923990706170396,0.04151378730946468,0.3157894736842105,0.1187214611872146,0.4225941422594142,0.15640656568190434,0.02464930134849135,0.14285714285714285,0.05829596412556054,0.2376470588235294,0.20752828820486577,0.030497029460918115,0.15384615384615385,0.07819548872180451,0.3042168674698795
Reddit_B,0.5,5.0,0.75,0.318355803602623,0.04102458828367408,0.3333333333333333,0.14207650273224043,0.440625,0.16102581986761466,0.024712199375725247,0.16666666666666666,0.0755813953488372,0.24053452115812918,0.21365369998915398,0.03042753310747936,0.2191780821917808,0.09867172675521821,0.3103448275862069
Reddit_B,0.5,5.0,1.0,0.32636752315701295,0.043313032583860246,0.3333333333333333,0.15300546448087432,0.44541484716157204,0.16509728535785198,0.025990752547476386,0.16666666666666666,0.08139534883720931,0.2383073496659243,0.21904908509166976,0.03209134013607643,0.2,0.1062618595825427,0.3074712643678161
Reddit_B,0.5,5.0,2.0,0.35975334819510474,0.04436597354892383,0.3333333333333333,0.17194570135746606,0.47844827586206895,0.18194291797941534,0.026923669510487205,0.2,0.09593023255813954,0.26153846153846155,0.2414167951454874,0.033021961092893924,0.20289855072463767,0.1252371916508539,0.33711048158640233
Reddit_B,0.5,5.0,3.0,0.3803800985395359,0.04376483260976107,0.4,0.2054794520547945,0.4956896551724138,0.19242644120654429,0.027497015883216083,0.2,0.10089686098654709,0.26616915422885573,0.2553027062040469,0.03333569612299855,0.23602484472049692,0.13533834586466165,0.3392330383480826
Reddit_B,0.5,5.0,5.0,0.4042072593987472,0.042222933070826384,0.4444444444444444,0.21311475409836064,0.5099601593625498,0.20451951089287473,0.027546037307100743,0.14634146341463414,0.10317460317460317,0.27555555555555555,0.27133296110545874,0.03299669750888839,0.24242424242424243,0.14800759013282733,0.3563218390804598
Reddit_B,0.75,0,0,0.2053412827875589,0.03601590385028163,0.2,0.12179487179487179,0.375,0.10401410043718301,0.02101103421025576,0.10526315789473684,0.05555555555555555,0.2106164383561644,0.13793858673801399,0.02632355460090888,0.13333333333333333,0.07630522088353413,0.26973684210526316
Reddit_B,0.75,0,0.1,0.21415544964586133,0.03454238974045573,0.2,0.10256410256410256,0.375,0.10846420936815314,0.020451755108738492,0.09090909090909091,0.050156739811912224,0.2106164383561644,0.14384829966107382,0.025477742230616954,0.11594202898550725,0.06736842105263156,0.26973684210526316
Reddit_B,0.75,0,0.25,0.22332862501524123,0.0363422958905185,0.2,0.12837837837837837,0.4298780487804878,0.11311629174969966,0.021491272641200293,0.09090909090909091,0.06027397260273973,0.24143835616438356,0.15001645089929003,0.026797139833664038,0.14285714285714285,0.0846153846153846,0.3092105263157895
Reddit_B,0.75,0,0.5,0.24414175871776048,0.03843021800003375,0.25,0.1411764705882353,0.4268292682926829,0.1237122251862089,0.023270318746099413,0.12990196078431374,0.06613756613756613,0.23972602739726026,0.16404516515796513,0.028818009714026607,0.12008281573498966,0.09542743538767397,0.3070175438596491
Reddit_B,0.75,0,0.75,0.26477943542167504,0.03731907502655805,0.25,0.14534883720930233,0.4481707317073171,0.1341508017991089,0.02305430752467369,0.13636363636363635,0.05555555555555555,0.2517123287671233,0.1778987179300601,0.02833432402838947,0.13380281690140844,0.0846774193548387,0.3223684210526316
Reddit_B,0.75,0,1.0,0.28662619062291766,0.0388497392666465,0.25,0.16243654822335024,0.4420731707317073,0.14522228213805763,0.02448683354620421,0.1377672209026128,0.06613756613756613,0.2482876712328767,0.19257770535169552,0.029907097125039264,0.16134453781512606,0.1008064516129032,0.31798245614035087
Reddit_B,0.75,0,2.0,0.3465781982472649,0.041376899478190565,0.35714285714285715,0.2288135593220339,0.5121951219512195,0.1755530438199197,0.026804493580842647,0.17647058823529413,0.07142857142857142,0.2876712328767123,0.2328209151357491,0.032388910829942545,0.20512820512820512,0.10887096774193548,0.3684210526315789
Reddit_B,0.75,0,3.0,0.3759925159280381,0.038845189356605365,0.3333333333333333,0.2639593908629442,0.5121951219512195,0.1903882433252802,0.026413163357160367,0.16279069767441862,0.10052910052910052,0.2876712328767123,0.25252161645631505,0.0313947488129708,0.23076923076923078,0.1532258064516129,0.3684210526315789
Reddit_B,0.75,0,5.0,0.4032334411353345,0.039377834193342266,0.4,0.3058823529411765,0.5274390243902439,0.20411945706380627,0.027065636082289717,0.2,0.10846560846560846,0.2962328767123288,0.27075917233952546,0.03196881948309445,0.2962962962962963,0.16532258064516128,0.3793859649122807
Reddit_B,0.75,0.1,0,0.2094205044185793,0.03724533954972973,0.19230769230769232,0.10256410256410256,0.3902439024390244,0.10616270755988089,0.021992578033656722,0.11538461538461539,0.04892966360856269,0.2191780821917808,0.14075432499567694,0.02748797696879179,0.14189189189189189,0.06625258799171843,0.2807017543859649
Reddit_B,0.75,0.1,0.1,0.21630160517747854,0.03526221866605493,0.2,0.12690355329949238,0.3932926829268293,0.10959231163292704,0.021038052712613855,0.125,0.06084656084656084,0.2208904109589041,0.1453266094362967,0.026171995065284778,0.11478260869565217,0.08576998050682261,0.28289473684210525
Reddit_B,0.75,0.1,0.25,0.2272728090426594,0.03736995724855462,0.2,0.12994350282485875,0.42073170731707316,0.11517684441165352,0.022180873471498032,0.11764705882352941,0.05291005291005291,0.2363013698630137,0.15272393991977032,0.027649142784640233,0.13120567375886524,0.08064516129032258,0.3026315789473684
Reddit_B,0.75,0.1,0.5,0.24834643669705747,0.037330613445854664,0.2222222222222222,0.14754098360655737,0.3902439024390244,0.12579304714297856,0.022509145504323168,0.125,0.07397260273972603,0.2191780821917808,0.1668258854770267,0.02786793145509029,0.15384615384615385,0.10266159695817491,0.2807017543859649
Reddit_B,0.75,0.1,0.75,0.27041685223314094,0.03825249569924552,0.25,0.17543859649122806,0.4115853658536585,0.13704609447727456,0.023769267280514896,0.125,0.05555555555555555,0.23116438356164384,0.18172118824327813,0.02917951178701264,0.13737373737373737,0.0846774193548387,0.2960526315789474
Reddit_B,0.75,0.1,1.0,0.2909729338706209,0.04065669375242728,0.25146198830409355,0.1858974358974359,0.47560975609756095,0.14742792062915414,0.025302974646970136,0.125,0.06613756613756613,0.2671232876712329,0.19550142038956136,0.031025160557341457,0.1596958174904943,0.1008064516129032,0.34210526315789475
Reddit_B,0.75,0.1,2.0,0.3454681679741097,0.04041662438307305,0.3333333333333333,0.233502538071066,0.4817073170731707,0.17494652302218558,0.02620393665617163,0.17647058823529413,0.07936507936507936,0.2705479452054795,0.23203596870176071,0.03164148115294724,0.19797979797979798,0.12096774193548387,0.3464912280701754
Reddit_B,0.75,0.1,3.0,0.37763043090719645,0.040247945937948726,0.4,0.2627118644067797,0.5,0.19123776921526858,0.027063302416314047,0.2,0.082010582010582,0.2808219178082192,0.25364058499645814,0.03227848064335826,0.20606060606060606,0.12499999999999999,0.35964912280701755
Reddit_B,0.75,0.1,5.0,0.4028779580979599,0.04008535984089969,0.4,0.2948717948717949,0.5307017543859649,0.20396747051505038,0.0275243654858364,0.2,0.10317460317460317,0.2945205479452055,0.2705454759669191,0.03255047395971609,0.2318840579710145,0.15725806451612906,0.37719298245614036
Reddit_B,0.75,0.25,0,0.2126029795893705,0.037111770671965506,0.2,0.11695906432748537,0.39939024390243905,0.10780392028270777,0.021975182285314275,0.09090909090909091,0.04497354497354497,0.2243150684931507,0.14292118014239813,0.02745885730703626,0.101010101010101,0.06854838709677419,0.2872807017543859
Reddit_B,0.75,0.25,0.1,0.2211518749083177,0.03405451002099988,0.2,0.13664596273291926,0.3780487804878049,0.11199975420647665,0.020277344579798424,0.10526315789473684,0.06233766233766234,0.21232876712328766,0.14853990046338922,0.025183327653784903,0.12903225806451613,0.08633093525179857,0.2719298245614035
Reddit_B,0.75,0.25,0.25,0.23376553440642983,0.03559926698511306,0.25,0.11875,0.36585365853658536,0.11841221392795045,0.021419345561639914,0.1,0.05555555555555555,0.2054794520547945,0.15703577323407952,0.026535951314790803,0.12631578947368421,0.07569721115537847,0.26315789473684204
Reddit_B,0.75,0.25,0.5,0.2533451827889378,0.038384060760884874,0.2,0.15,0.4054878048780488,0.1284491085437806,0.023702031626483912,0.09090909090909091,0.05291005291005291,0.22773972602739725,0.170297695288735,0.029205825699159676,0.14285714285714285,0.08064516129032258,0.2916666666666667
Reddit_B,0.75,0.25,0.75,0.27281843184370924,0.03913359933285541,0.3333333333333333,0.18023255813953487,0.4420731707317073,0.1382410065017128,0.02423326997567565,0.14285714285714285,0.06349206349206349,0.2482876712328767,0.183312917292389,0.029772235874464217,0.15140845070422534,0.0967741935483871,0.31798245614035087
Reddit_B,0.75,0.25,1.0,0.2935427805772935,0.039786443317441765,0.3333333333333333,0.18493150684931506,0.46646341463414637,0.14876368636108656,0.02511072720347081,0.14285714285714285,0.06084656084656084,0.261986301369863,0.197259893791051,0.030679503307546103,0.15129151291512916,0.09274193548387097,0.33552631578947373
Reddit_B,0.75,0.25,2.0,0.3512069061646242,0.041351560425930134,0.3333333333333333,0.233502538071066,0.4878048780487805,0.1778861628092541,0.02699131560195145,0.16666666666666666,0.07671957671957672,0.273972602739726,0.23591940539554798,0.03254183002659834,0.20063694267515925,0.11693548387096772,0.3508771929824562
Reddit_B,0.75,0.25,3.0,0.37935893057559383,0.039930644826851255,0.4,0.2742857142857143,0.524390243902439,0.1921003209299808,0.02705290291135831,0.16666666666666666,0.10052910052910052,0.2945205479452055,0.25478657510730296,0.03217341457853486,0.25,0.1532258064516129,0.37719298245614036
Reddit_B,0.75,0.25,5.0,0.40391186380425376,0.04046773722566811,0.42857142857142855,0.28205128205128205,0.5394736842105263,0.20444437061905874,0.027462453343520033,0.19047619047619047,0.1111111111111111,0.3013698630136986,0.2711966565457651,0.032539409199339744,0.25546218487394956,0.1693548387096774,0.38596491228070173
Reddit_B,0.75,0.5,0,0.22366261520374003,0.03512426115826377,0.25,0.13559322033898305,0.375,0.11326659061146013,0.020851616892388607,0.11764705882352941,0.06896551724137931,0.2106164383561644,0.1502194577649609,0.02590768287712135,0.11478260869565217,0.09142857142857143,0.26973684210526316
Reddit_B,0.75,0.5,0.1,0.23458232049797478,0.037625758811437,0.25,0.10975609756097561,0.4054878048780488,0.11889122161814474,0.02241948618261349,0.09375,0.042328042328042326,0.22773972602739725,0.157647898857787,0.02792322146946339,0.18641390205371247,0.06451612903225806,0.2916666666666667
Reddit_B,0.75,0.5,0.25,0.24326302657269402,0.03720758598305283,0.25,0.16062176165803108,0.3871951219512195,0.12318224536676564,0.02203521363537363,0.125,0.0582010582010582,0.21746575342465754,0.16338137462472752,0.027427404152215444,0.15384615384615385,0.08870967741935483,0.27850877192982454
Reddit_B,0.75,0.5,0.5,0.26402211821226496,0.03721976045421199,0.25,0.1588235294117647,0.4420731707317073,0.13365594065071268,0.022559807714533565,0.1,0.07532467532467532,0.2482876712328767,0.1772847840227487,0.02780261221634286,0.15384615384615385,0.10431654676258993,0.31798245614035087
Reddit_B,0.75,0.5,0.75,0.28516320988769994,0.03896261064741714,0.25,0.18285714285714286,0.4481707317073171,0.14447362266962346,0.02417403526268583,0.13970588235294118,0.06349206349206349,0.2517123287671233,0.19159010710689955,0.029650167955519887,0.21052631578947367,0.0967741935483871,0.3223684210526316
Reddit_B,0.75,0.5,1.0,0.3013473143007587,0.038511986477026854,0.25,0.17567567567567569,0.4725609756097561,0.1526745192642719,0.024546756442345923,0.16042780748663102,0.06878306878306878,0.2654109589041096,0.20246320921150665,0.029842161534354147,0.1643835616438356,0.10483870967741933,0.33991228070175433
Reddit_B,0.75,0.5,2.0,0.3541087118011671,0.039755986708051916,0.3333333333333333,0.21311475409836064,0.4969512195121951,0.17922766777853513,0.02569492574839821,0.16666666666666666,0.10052910052910052,0.2791095890410959,0.23775030447106232,0.030928672257971378,0.22262773722627738,0.14800759013282733,0.35745614035087725
Reddit_B,0.75,0.5,3.0,0.38229549134260177,0.04152421608742348,0.3333333333333333,0.2564102564102564,0.5274390243902439,0.19355339747045588,0.027572799748808767,0.18414322250639387,0.09788359788359788,0.2962328767123288,0.25672906712936533,0.03296975945026593,0.2261146496815287,0.14919354838709678,0.3793859649122807
Reddit_B,0.75,0.5,5.0,0.4061893993664246,0.0408605755518391,0.4,0.3,0.5394736842105263,0.2056195751861154,0.02783755034304734,0.22641509433962265,0.11375661375661375,0.2979452054794521,0.2727460111961112,0.032972672048458294,0.25,0.17338709677419353,0.38198757763975155
Reddit_B,0.75,0.75,0,0.23467331489978857,0.03600625330133292,0.2222222222222222,0.14689265536723164,0.4054878048780488,0.11886241565545683,0.02156491334093477,0.125,0.07124681933842239,0.22773972602739725,0.15763728748587083,0.02676725868589559,0.14736842105263157,0.09904761904761906,0.2916666666666667
Reddit_B,0.75,0.75,0.1,0.2409911519666045,0.03728504431249968,0.25,0.14193548387096774,0.3902439024390244,0.12205952816957902,0.022196932320851247,0.1,0.06027397260273973,0.2191780821917808,0.16187867669551617,0.027591686975521914,0.12121212121212123,0.0846153846153846,0.2807017543859649
Reddit_B,0.75,0.75,0.25,0.25310992255742976,0.03739856590680522,0.25,0.15384615384615385,0.4146341463414634,0.12818359392311365,0.02248809045651973,0.125,0.06084656084656084,0.2328767123287671,0.17000730668364075,0.02784290946357577,0.13333333333333333,0.09274193548387097,0.2982456140350877
Reddit_B,0.75,0.75,0.5,0.2744615170034253,0.035779787349645625,0.25,0.1822429906542056,0.42378048780487804,0.13898041285915788,0.02219800948323859,0.09090909090909091,0.07407407407407407,0.238013698630137,0.18433393669993872,0.02716405030921488,0.1553398058252427,0.1129032258064516,0.3048245614035088
Reddit_B,0.75,0.75,0.75,0.29098548456800666,0.039373117097435024,0.26285714285714284,0.19186046511627908,0.45426829268292684,0.14738041639267865,0.024332652968746975,0.14216867469879518,0.06084656084656084,0.2551369863013699,0.19546169313952289,0.02983763814573585,0.18181818181818182,0.09274193548387097,0.3267543859649123
Reddit_B,0.75,0.75,1.0,0.30762264974179093,0.03887581640352669,0.2857142857142857,0.19289340101522842,0.46646341463414637,0.15574017060431158,0.024489455230052554,0.16666666666666666,0.0911214953271028,0.261986301369863,0.206573703067763,0.029792605513759934,0.2222222222222222,0.12892561983471074,0.33552631578947373
Reddit_B,0.75,0.75,2.0,0.3571508004913762,0.0416687043879169,0.36363636363636365,0.24516129032258063,0.5274390243902439,0.18085161673305125,0.027058536954682987,0.18181818181818182,0.09788359788359788,0.2962328767123288,0.2398692907740983,0.03262619775690518,0.20382165605095542,0.14615384615384616,0.3793859649122807
Reddit_B,0.75,0.75,3.0,0.3812376919112515,0.04133266175827926,0.3333333333333333,0.273224043715847,0.5274390243902439,0.19305485495512725,0.02768421812988313,0.17391304347826086,0.08994708994708994,0.2962328767123288,0.25605207914139144,0.03304500351656105,0.25,0.13709677419354838,0.3793859649122807
Reddit_B,0.75,0.75,5.0,0.40703462570529125,0.040929620505282434,0.42857142857142855,0.30128205128205127,0.5426829268292683,0.20603018638589757,0.027716799952467053,0.16666666666666666,0.11375661375661375,0.3047945205479452,0.2732988782315849,0.032874549540629606,0.2857142857142857,0.17338709677419353,0.39035087719298245
Reddit_B,0.75,1.0,0,0.2437630552619404,0.035540249926414885,0.25,0.15083798882681565,0.4054878048780488,0.12345960584920904,0.021559171973357126,0.11538461538461539,0.06878306878306878,0.22773972602739725,0.1637356766022175,0.026610262912184844,0.14545454545454545,0.09808102345415777,0.2916666666666667
Reddit_B,0.75,1.0,0.1,0.24980370396745427,0.03722427790037185,0.25,0.1511627906976744,0.4268292682926829,0.12653093324927603,0.022370806159000323,0.125,0.05555555555555555,0.23972602739726026,0.16780802763979583,0.02772572926925793,0.18181818181818182,0.0846774193548387,0.3070175438596491
Reddit_B,0.75,1.0,0.25,0.2598792797444331,0.03678196197657464,0.2727272727272727,0.1566265060240964,0.4298780487804878,0.13163458304796635,0.022551334691477035,0.1111111111111111,0.05291005291005291,0.24143835616438356,0.17457791675395848,0.02778205514751212,0.18181818181818182,0.08064516129032258,0.3092105263157895
Reddit_B,0.75,1.0,0.5,0.27797096398805987,0.037765115527985525,0.2347417840375587,0.2,0.4603658536585366,0.14068124316726524,0.022878818361509654,0.125,0.06349206349206349,0.2585616438356164,0.18662318958490476,0.02817580168552382,0.14634146341463417,0.0967741935483871,0.33114035087719296
Reddit_B,0.75,1.0,0.75,0.29590257358285466,0.03940498983779048,0.3,0.1853932584269663,0.4329268292682927,0.1498946699341049,0.024627617553028742,0.14216867469879518,0.07142857142857142,0.24315068493150685,0.19878627084016195,0.030125050789304123,0.17073170731707316,0.10887096774193548,0.3114035087719298
Reddit_B,0.75,1.0,1.0,0.31422988310180605,0.038967136087812555,0.3333333333333333,0.20812182741116753,0.4481707317073171,0.1591420976894006,0.02487628490622902,0.1282798833819242,0.07671957671957672,0.2517123287671233,0.21106668644455623,0.030208228914032638,0.17,0.11693548387096772,0.3223684210526316
Reddit_B,0.75,1.0,2.0,0.35825613305863996,0.040984301015277155,0.3125,0.2422360248447205,0.4969512195121951,0.181435935646092,0.027051681608733894,0.17647058823529413,0.10052910052910052,0.2791095890410959,0.24063103993993362,0.032462813049904296,0.23076923076923075,0.1532258064516129,0.35745614035087725
Reddit_B,0.75,1.0,3.0,0.3847450217909833,0.040116455790214875,0.4,0.25888324873096447,0.4978165938864629,0.19478588914632808,0.02687539631640471,0.14912280701754385,0.09259259259259259,0.2791095890410959,0.2583703342083325,0.032044663495704485,0.2556131260794473,0.14112903225806453,0.35745614035087725
Reddit_B,0.75,1.0,5.0,0.4090492139888065,0.04056795475318988,0.38011695906432746,0.30434782608695654,0.543859649122807,0.20705749371656623,0.027595358850826722,0.2,0.10846560846560846,0.2996575342465753,0.2746590090786427,0.0326788907721116,0.2608695652173913,0.16532258064516128,0.3850931677018634
Reddit_B,0.75,2.0,0,0.26749570629825675,0.03497085808030891,0.23737373737373738,0.16111111111111112,0.4176829268292683,0.13541248396155667,0.02154950456652406,0.11735941320293398,0.06613756613756613,0.2345890410958904,0.1796186661623413,0.02639061820811237,0.18923327895595432,0.1008064516129032,0.300438596491228
Reddit_B,0.75,2.0,0.1,0.2730138272800394,0.038056207777432946,0.25,0.18857142857142858,0.42073170731707316,0.13818003638902437,0.0228107515210735,0.125,0.08292682926829269,0.2363013698630137,0.18329967249688914,0.028195507936859807,0.13333333333333333,0.11623931623931623,0.3026315789473684
Reddit_B,0.75,2.0,0.25,0.28279867081072024,0.037389524186855566,0.25,0.17777777777777778,0.4573170731707317,0.14314465229941614,0.02276469738819741,0.14285714285714285,0.07671957671957672,0.2568493150684932,0.18988131471299946,0.02797511571488788,0.1643835616438356,0.11538461538461539,0.3289473684210527
Reddit_B,0.75,2.0,0.5,0.29861029857468513,0.037150982651851655,0.3333333333333333,0.2064516129032258,0.4146341463414634,0.1511791494791458,0.023348696532789905,0.125,0.0873015873015873,0.23294117647058823,0.20052475503544448,0.02841546789401016,0.2222222222222222,0.12307692307692307,0.2982456140350877
Reddit_B,0.75,2.0,0.75,0.3113148784268951,0.03731955620213313,0.28,0.2182741116751269,0.4573170731707317,0.15764751611412442,0.0238439115225039,0.15384615384615385,0.07671957671957672,0.2568493150684932,0.2090913819821344,0.028892969858118903,0.2,0.11693548387096772,0.3289473684210527
Reddit_B,0.75,2.0,1.0,0.3223182284900067,0.03692780264250596,0.3333333333333333,0.20625,0.43902439024390244,0.16318971701231225,0.024005347738064932,0.14285714285714285,0.08994708994708994,0.24486301369863014,0.21645101866830987,0.028874353366912926,0.20869565217391303,0.13147410358565736,0.3135964912280702
Reddit_B,0.75,2.0,2.0,0.3636106323706029,0.03866255786638327,0.4,0.2596685082872928,0.49085365853658536,0.18406259886883627,0.025761286099414114,0.2,0.1111111111111111,0.2756849315068493,0.24415113501472593,0.03072686882301996,0.2,0.16520210896309315,0.3530701754385964
Reddit_B,0.75,2.0,3.0,0.3888948337654533,0.03997923178671819,0.375,0.26875,0.5,0.19687392150339408,0.026800183780302515,0.18181818181818182,0.09259259259259259,0.2791095890410959,0.26114467755767395,0.03191023935379546,0.21337579617834396,0.14112903225806453,0.35745614035087725
Reddit_B,0.75,2.0,5.0,0.41105305523529456,0.0406496661596384,0.4444444444444444,0.2893401015228426,0.5384615384615384,0.20810379957473718,0.02792744829945506,0.16111111111111112,0.1111111111111111,0.2962328767123288,0.27603273074601264,0.0330140672240302,0.21656050955414013,0.1693548387096774,0.38218390804597707
Reddit_B,0.75,3.0,0,0.2812006949119369,0.03622867373276201,0.2727272727272727,0.17708333333333334,0.42073170731707316,0.1422944345364849,0.022150970575112505,0.125,0.08333333333333333,0.2363013698630137,0.18876693577933626,0.027112389485246146,0.16580310880829016,0.11333333333333333,0.3026315789473684
Reddit_B,0.75,3.0,0.1,0.28669860712902395,0.03710731713484264,0.24561403508771928,0.1751412429378531,0.42378048780487804,0.1451219258457325,0.022822668852150944,0.12437810945273632,0.07671232876712329,0.238013698630137,0.19250218013057527,0.02795678082892969,0.16666666666666669,0.1076923076923077,0.3048245614035088
Reddit_B,0.75,3.0,0.25,0.2958328347887045,0.036818010215473235,0.2857142857142857,0.19375,0.4268292682926829,0.1497167104698406,0.02267275128564642,0.13793103448275862,0.07671957671957672,0.23972602739726026,0.19861220084356626,0.02773518868559767,0.18118466898954705,0.11693548387096772,0.3070175438596491
Reddit_B,0.75,3.0,0.5,0.3053733960008332,0.03677452113324318,0.3333333333333333,0.21052631578947367,0.4573170731707317,0.15453908089892954,0.022949194273932924,0.16666666666666666,0.09259259259259259,0.2568493150684932,0.20500807417717604,0.02790585835620033,0.1818181818181818,0.1294964028776978,0.3289473684210527
Reddit_B,0.75,3.0,0.75,0.3159737925984178,0.03797478950729215,0.3,0.21212121212121213,0.45121951219512196,0.1600069135865421,0.024480361839267977,0.14705882352941177,0.0873015873015873,0.24666666666666667,0.21221836286211193,0.029591876790604536,0.17777777777777778,0.13306451612903228,0.31896551724137934
Reddit_B,0.75,3.0,1.0,0.32716050080440395,0.03754509529629404,0.3,0.2046783625730994,0.46646341463414637,0.1656370988066475,0.024268445313921225,0.15196078431372548,0.0873015873015873,0.261986301369863,0.21970225445500366,0.029267805963618165,0.18181818181818182,0.13306451612903228,0.33552631578947373
Reddit_B,0.75,3.0,2.0,0.36528880101186173,0.0396366995586247,0.3333333333333333,0.24043715846994534,0.5060975609756098,0.18492674235630666,0.026055080306390102,0.15022421524663676,0.08994708994708994,0.2842465753424658,0.2452958351313224,0.031234407858053214,0.2287480680061824,0.13709677419354838,0.36403508771929827
Reddit_B,0.75,3.0,3.0,0.39081976419450165,0.04056258072731133,0.4,0.27918781725888325,0.5304878048780488,0.19789691644845914,0.027566012596842205,0.17647058823529413,0.09788359788359788,0.2979452054794521,0.2624788540059911,0.03275024644805619,0.20606060606060606,0.14919354838709678,0.3815789473684211
Reddit_B,0.75,3.0,5.0,0.4125034173655322,0.04062566608729368,0.4,0.30386740331491713,0.5365853658536586,0.2087997359819075,0.027703520538292087,0.1875,0.11375661375661375,0.3013698630136986,0.27697178908379033,0.03277014382518421,0.2608695652173913,0.17338709677419353,0.38596491228070173
Reddit_B,0.75,5.0,0,0.2926697360817992,0.041628016775378446,0.2857142857142857,0.1330049261083744,0.4148471615720524,0.14797318491509107,0.024069923189295402,0.14285714285714285,0.07267441860465117,0.2211764705882353,0.1963619487956809,0.03004914783284919,0.1652892561983471,0.0944055944055944,0.28313253012048195
Reddit_B,0.75,5.0,0.1,0.295348928227361,0.03993780347867684,0.2857142857142857,0.1506849315068493,0.4148471615720524,0.14930459391474102,0.02316890977904451,0.15180722891566265,0.07399103139013453,0.22,0.19813737458162006,0.028825351657699175,0.18181818181818182,0.09924812030075189,0.28448275862068967
Reddit_B,0.75,5.0,0.25,0.3009908160224377,0.03960776554597666,0.3333333333333333,0.15163934426229508,0.4146341463414634,0.1522398948045069,0.023645365757444473,0.13691931540342298,0.07936507936507936,0.22666666666666666,0.2019978795366035,0.029200955688652826,0.16236162361623616,0.1054131054131054,0.2931034482758621
Reddit_B,0.75,5.0,0.5,0.3090507376118737,0.039515387446305866,0.3333333333333333,0.13114754098360656,0.4267241379310345,0.15622721055747013,0.02329459155128247,0.14457831325301204,0.06976744186046512,0.22857142857142856,0.20732436816519187,0.028783079754084066,0.2,0.09108159392789374,0.29461756373937675
Reddit_B,0.75,5.0,0.75,0.31681820327784843,0.04109026983524696,0.3333333333333333,0.1415525114155251,0.4192139737991266,0.16025057203566348,0.024690108233906154,0.14285714285714285,0.06950672645739911,0.23058823529411765,0.21262415505059423,0.030426332610387307,0.19047619047619047,0.09323308270676692,0.29518072289156627
Reddit_B,0.75,5.0,1.0,0.3247289491175269,0.04040310828073035,0.3333333333333333,0.1780821917808219,0.4410480349344978,0.16422732013219254,0.024314393365329614,0.14285714285714285,0.08465608465608465,0.23294117647058823,0.21791188342888843,0.02989445474487018,0.19582664526484753,0.11729323308270678,0.29819277108433734
Reddit_B,0.75,5.0,2.0,0.35757805713477714,0.04228400591654373,0.3333333333333333,0.20765027322404372,0.4759825327510917,0.18091494507394607,0.02625591860683056,0.14619883040935672,0.082010582010582,0.25176470588235295,0.2400232743791652,0.031983984617679345,0.2222222222222222,0.12499999999999999,0.322289156626506
Reddit_B,0.75,5.0,3.0,0.38130374716323207,0.04486462795216494,0.4,0.19672131147540983,0.47844827586206895,0.19296442926537088,0.028429580724618576,0.2,0.10052910052910052,0.26616915422885573,0.2559878030851055,0.03447758643424576,0.21656050955414013,0.13533834586466165,0.3403614457831325
Reddit_B,0.75,5.0,5.0,0.4086843889294306,0.041397635563698416,0.4117647058823529,0.2568306010928962,0.5394736842105263,0.20684432601144212,0.027773508890408766,0.1695906432748538,0.10317460317460317,0.2956730769230769,0.2743900002393801,0.033026448644023786,0.2608695652173913,0.15725806451612906,0.38198757763975155
Reddit_B,1.0,0,0,0.19636794178562197,0.033650088280781136,0.18181818181818182,0.1069182389937107,0.3323170731707317,0.09943833311571784,0.019498831552505553,0.08333333333333333,0.05379746835443038,0.18664383561643835,0.13188573190717748,0.024476691569714746,0.12121212121212122,0.07157894736842105,0.23903508771929827
Reddit_B,1.0,0,0.1,0.20455834524904656,0.03347615660489737,0.1793478260869565,0.11797752808988764,0.3902439024390244,0.1036307645058549,0.019929550567362647,0.09523809523809523,0.05426356589147287,0.2191780821917808,0.13742416369957997,0.024791177913455684,0.11666666666666667,0.0743362831858407,0.2807017543859649
Reddit_B,1.0,0,0.25,0.21770128095177937,0.03384912719341474,0.2222222222222222,0.10179640718562874,0.3445121951219512,0.1103112293913163,0.02034434487769517,0.09523809523809523,0.043256997455470736,0.1934931506849315,0.14627788891824314,0.02524662869048196,0.12765957446808512,0.060714285714285714,0.24780701754385964
Reddit_B,1.0,0,0.5,0.23601486308285233,0.035420332322751685,0.2,0.14035087719298245,0.36890243902439024,0.11955849456404272,0.02136764076686184,0.10526315789473684,0.05291005291005291,0.2071917808219178,0.15855439870989227,0.026450377887644424,0.12302284710017575,0.08064516129032258,0.26535087719298245
Reddit_B,1.0,0,0.75,0.2576365611386277,0.037413856416120106,0.25,0.14375,0.4329268292682927,0.1305509012819418,0.023100836508436733,0.11764705882352941,0.05555555555555555,0.24315068493150685,0.17311377388039115,0.028394046342060972,0.14012738853503187,0.0846774193548387,0.3114035087719298
Reddit_B,1.0,0,1.0,0.2799506100414172,0.03709411926888122,0.3,0.1695906432748538,0.42073170731707316,0.14179463940173867,0.023056345869901126,0.125,0.0582010582010582,0.2363013698630137,0.1880554357190305,0.02825258553389415,0.14760147601476012,0.08870967741935483,0.3026315789473684
Reddit_B,1.0,0,2.0,0.3424813807069464,0.03970321948229361,0.3333333333333333,0.2265193370165746,0.5091463414634146,0.17347222362513523,0.02618296128251251,0.16666666666666666,0.08465608465608465,0.285958904109589,0.23006131403794536,0.031472684981611265,0.20512820512820512,0.12903225806451613,0.3662280701754386
Reddit_B,1.0,0,3.0,0.3777081718756301,0.03974511847756839,0.3333333333333333,0.26285714285714284,0.5060975609756098,0.19123924371637363,0.026733148251882725,0.16666666666666666,0.10582010582010581,0.2842465753424658,0.2536561513648698,0.031848996544880014,0.2153209109730849,0.16083916083916083,0.36403508771929827
Reddit_B,1.0,0,5.0,0.4049632639779358,0.04022434330000145,0.3888888888888889,0.30386740331491713,0.5213414634146342,0.2050161380377341,0.0275296658639465,0.20855614973262032,0.10317460317460317,0.2928082191780822,0.27194091367943574,0.03259292185921087,0.25641025641025644,0.15725806451612906,0.37500000000000006
Reddit_B,1.0,0.1,0,0.19885652423852243,0.03511478785481912,0.2,0.10625,0.38414634146341464,0.10073045431246001,0.020481550691475364,0.09090909090909091,0.04657534246575343,0.21575342465753425,0.13358506572008683,0.025672766018210162,0.11239669421487603,0.06538461538461539,0.27631578947368424
Reddit_B,1.0,0.1,0.1,0.2079669256242031,0.03801193664401614,0.2,0.0958904109589041,0.3871951219512195,0.10545910723084367,0.02228815289977266,0.07142857142857142,0.043343653250773995,0.21746575342465754,0.1398085117522626,0.027951705538552918,0.11214953271028037,0.05970149253731344,0.27850877192982454
Reddit_B,1.0,0.1,0.25,0.21853711446027624,0.03597877976172268,0.25,0.10256410256410256,0.38109756097560976,0.11073141626649256,0.021297052218025095,0.09090909090909091,0.04892966360856269,0.21404109589041095,0.1468358204981284,0.026565043181218016,0.12436974789915965,0.06625258799171843,0.2741228070175438
Reddit_B,1.0,0.1,0.5,0.2386795709940692,0.03580144268316328,0.21890547263681592,0.13705583756345177,0.39634146341463417,0.12094258376549735,0.02182062366956256,0.125,0.0582010582010582,0.2226027397260274,0.16037599916992445,0.026960325255384228,0.15384615384615385,0.08870967741935483,0.2850877192982456
Reddit_B,1.0,0.1,0.75,0.26253949344404,0.036984001711854265,0.25,0.17123287671232876,0.4024390243902439,0.13301829230976506,0.023007803162698032,0.125,0.07142857142857142,0.22602739726027396,0.17639212771186125,0.028211723531311184,0.14705882352941177,0.10660980810234541,0.2894736842105263
Reddit_B,1.0,0.1,1.0,0.28299500331346594,0.0385533472723435,0.2692307692307692,0.1694915254237288,0.4298780487804878,0.14336240289699848,0.02399973807844409,0.125,0.07407407407407407,0.24143835616438356,0.19011955346492249,0.029406214951989907,0.18181818181818182,0.1129032258064516,0.3092105263157895
Reddit_B,1.0,0.1,2.0,0.34651031418258466,0.04002060451859382,0.3333333333333333,0.2182741116751269,0.5091463414634146,0.17546146732960263,0.026279586706618285,0.16666666666666666,0.10052910052910052,0.285958904109589,0.23271705003826043,0.03155727607734978,0.19428571428571428,0.1532258064516129,0.3662280701754386
Reddit_B,1.0,0.1,3.0,0.3783875947302714,0.03993308115560577,0.3333333333333333,0.2692307692307692,0.4852941176470588,0.19158522149858467,0.02675706118737441,0.16666666666666666,0.09259259259259259,0.2705479452054795,0.2541167865202088,0.0319250165934629,0.22140221402214025,0.14112903225806453,0.3464912280701754
Reddit_B,1.0,0.1,5.0,0.40595175344886414,0.042028848716077705,0.3333333333333333,0.29714285714285715,0.5526315789473685,0.2054977367998893,0.028202082842109705,0.19047619047619047,0.1111111111111111,0.3047945205479452,0.2725858974210749,0.03356122084877085,0.21656050955414013,0.1693548387096774,0.391304347826087
Reddit_B,1.0,0.25,0,0.20747023069372375,0.035043018216237544,0.2,0.10555555555555556,0.35060975609756095,0.10507801032213088,0.020455281299177903,0.09090909090909091,0.052486187845303865,0.1969178082191781,0.1393573830458733,0.025608987753281503,0.12979351032448377,0.07011070110701106,0.2521929824561404
Reddit_B,1.0,0.25,0.1,0.21227435349834675,0.03376743779752088,0.2,0.11627906976744186,0.3475609756097561,0.10754046075132244,0.020091007739432478,0.09523809523809523,0.05763688760806916,0.1952054794520548,0.14261336087346488,0.025016805315603918,0.14354066985645933,0.07707129094412331,0.25
Reddit_B,1.0,0.25,0.25,0.22403495333705334,0.036250147662521943,0.25,0.14124293785310735,0.3902439024390244,0.11351614772175288,0.021583121102470616,0.125,0.05291005291005291,0.2191780821917808,0.1505288157297728,0.02686061548244678,0.14968152866242038,0.08064516129032258,0.2807017543859649
Reddit_B,1.0,0.25,0.5,0.24329373117510017,0.03679410027201899,0.25,0.14375,0.4268292682926829,0.12327928079774778,0.022411172903528204,0.11764705882352941,0.06084656084656084,0.23972602739726026,0.16347274760659478,0.027678798709392733,0.11834319526627218,0.09163346613545816,0.3070175438596491
Reddit_B,1.0,0.25,0.75,0.2691027565831719,0.03777156382851317,0.25,0.15294117647058825,0.43597560975609756,0.13631095641367233,0.023274210470090578,0.11694510739856802,0.07407407407407407,0.24486301369863014,0.18077263795383633,0.028592926971346043,0.1643835616438356,0.10337972166998012,0.3135964912280702
Reddit_B,1.0,0.25,1.0,0.2874490664648035,0.039329689373988314,0.2608695652173913,0.1871345029239766,0.42073170731707316,0.14567021605585181,0.024655555321593692,0.14705882352941177,0.06084656084656084,0.2363013698630137,0.19316151101320117,0.03019416773820432,0.18181818181818182,0.09274193548387097,0.3026315789473684
Reddit_B,1.0,0.25,2.0,0.34850505968047407,0.040707482816171946,0.32,0.21935483870967742,0.4847560975609756,0.1765347668970089,0.026752225420514603,0.16666666666666666,0.07671957671957672,0.2722602739726027,0.23411874975357175,0.03218640355259824,0.2066420664206642,0.11693548387096772,0.3486842105263158
Reddit_B,1.0,0.25,3.0,0.38010015659060925,0.039583788252649556,0.4,0.2792207792207792,0.5152439024390244,0.1923970015165618,0.026427079245996823,0.21136363636363636,0.10052910052910052,0.2893835616438356,0.2552136424218347,0.03146960077904614,0.25,0.1532258064516129,0.37061403508771934
Reddit_B,1.0,0.25,5.0,0.4060473980248815,0.04105595858988382,0.375,0.30601092896174864,0.5526315789473685,0.20551855569328598,0.027668202121643233,0.16666666666666666,0.12169312169312169,0.30288461538461536,0.27262311989463656,0.0328276826259242,0.23247232472324725,0.18548387096774194,0.391304347826087
Reddit_B,1.0,0.5,0,0.2144154036485146,0.03560568917186283,0.2,0.11695906432748537,0.3475609756097561,0.10862823096601555,0.020921623963752158,0.09090909090909091,0.05194805194805195,0.1952054794520548,0.14405096986222934,0.026132888210174336,0.12330827067669173,0.07194244604316546,0.25
Reddit_B,1.0,0.5,0.1,0.2240626100585293,0.03527183540603215,0.23076923076923078,0.1377245508982036,0.39634146341463417,0.1134068022475189,0.020424871913028754,0.1,0.05555555555555555,0.2226027397260274,0.15044135248677226,0.02560638675434726,0.1256198347107438,0.08214285714285716,0.2850877192982456
Reddit_B,1.0,0.5,0.25,0.23501721276181936,0.038557738333829174,0.2,0.12337662337662338,0.36585365853658536,0.11908000598803235,0.022860481352526767,0.11764705882352941,0.05571847507331378,0.2054794520547945,0.1579052981202227,0.028485618261289664,0.16,0.07676767676767676,0.26315789473684204
Reddit_B,1.0,0.5,0.5,0.2551261575924751,0.036916296549369315,0.25,0.14465408805031446,0.4146341463414634,0.12925383140683055,0.022704046730677316,0.09090909090909091,0.07232704402515723,0.2328767123287671,0.17140368670461617,0.027943621173717213,0.13969335604770017,0.09643605870020963,0.2982456140350877
Reddit_B,1.0,0.5,0.75,0.27673416722362937,0.03783385589506381,0.25,0.17766497461928935,0.43597560975609756,0.14018398501492194,0.02359098398525461,0.14950980392156862,0.07936507936507936,0.24486301369863014,0.18590525400521024,0.02887535420583246,0.2222222222222222,0.12096774193548387,0.3135964912280702
Reddit_B,1.0,0.5,1.0,0.2942058558689755,0.03925904034298502,0.3333333333333333,0.175,0.4176829268292683,0.14898335115900338,0.024219424742661665,0.13333333333333333,0.07142857142857142,0.2345890410958904,0.19759932218032913,0.029696596687669694,0.1567291311754685,0.10887096774193548,0.300438596491228
Reddit_B,1.0,0.5,2.0,0.3521850225845952,0.041463848247744156,0.3333333333333333,0.2331288343558282,0.47161572052401746,0.17836454528132897,0.02695139434305431,0.2,0.0873015873015873,0.2602739726027397,0.23655894068467806,0.032508117114987294,0.22535211267605634,0.13306451612903228,0.3333333333333333
Reddit_B,1.0,0.5,3.0,0.38208281745107064,0.040357059464719756,0.4,0.2857142857142857,0.5,0.19346441665214892,0.02719263511747864,0.2,0.09788359788359788,0.2808219178082192,0.25660272427928016,0.03237377712624676,0.202020202020202,0.14919354838709678,0.35964912280701755
Reddit_B,1.0,0.5,5.0,0.4086085445592787,0.040234495243868885,0.4,0.29508196721311475,0.5394736842105263,0.20681099233937425,0.027406175044514706,0.18181818181818182,0.1164021164021164,0.2979452054794521,0.27433942971878605,0.03239569023456779,0.2857142857142857,0.17741935483870966,0.38198757763975155
Reddit_B,1.0,0.75,0,0.22459242504932142,0.03314425781558147,0.2,0.12790697674418605,0.34146341463414637,0.11377246586330236,0.02014123888141114,0.125,0.0547945205479452,0.1917808219178082,0.15087802299946115,0.024856439311633817,0.08421052631578947,0.07692307692307691,0.24561403508771934
Reddit_B,1.0,0.75,0.1,0.2319160400999945,0.034887416778376514,0.25,0.1319796954314721,0.346875,0.11745744252444813,0.02082797294539557,0.125,0.0582010582010582,0.18835616438356165,0.1557793989519485,0.02586449569173695,0.14285714285714285,0.08870967741935483,0.24122807017543862
Reddit_B,1.0,0.75,0.25,0.24469663217152318,0.037583157770479,0.25,0.14035087719298245,0.4008097165991903,0.12393874369005277,0.022397925799452236,0.1111111111111111,0.05555555555555555,0.2226027397260274,0.16437194927049045,0.027844974835141808,0.15384615384615383,0.0846774193548387,0.2850877192982456
Reddit_B,1.0,0.75,0.5,0.2630544246678318,0.03831314156034931,0.25,0.1440677966101695,0.4024390243902439,0.13327741346166835,0.023209663771464068,0.13636363636363635,0.04497354497354497,0.22602739726027396,0.1767430922885746,0.028703739162591897,0.16666666666666669,0.06854838709677419,0.2894736842105263
Reddit_B,1.0,0.75,0.75,0.2851617159583563,0.039117814265835674,0.25,0.1781609195402299,0.42378048780487804,0.1443872428205871,0.02384380142818758,0.10526315789473684,0.06349206349206349,0.238013698630137,0.19151219726247676,0.029361373005957044,0.16666666666666669,0.0967741935483871,0.3048245614035088
Reddit_B,1.0,0.75,1.0,0.3032202870440645,0.03872354309981506,0.3333333333333333,0.19230769230769232,0.45426829268292684,0.15358080033977647,0.024445837706184994,0.14705882352941177,0.07407407407407407,0.2551369863013699,0.20368324742585403,0.029777300485982885,0.21212121212121213,0.1129032258064516,0.3267543859649123
Reddit_B,1.0,0.75,2.0,0.35594598401011723,0.03854838755361801,0.4,0.25,0.49085365853658536,0.18026114045257813,0.02570050586331204,0.18181818181818182,0.082010582010582,0.2756849315068493,0.2390812930669094,0.03075182830212169,0.19393939393939394,0.12499999999999999,0.3530701754385964
Reddit_B,1.0,0.75,3.0,0.3851726687685403,0.03990917739548762,0.3787878787878788,0.27058823529411763,0.5152439024390244,0.19505131478174995,0.027174434087827735,0.19230769230769232,0.08994708994708994,0.2893835616438356,0.2586989802597552,0.03226682558158758,0.25,0.13709677419354838,0.37061403508771934
Reddit_B,1.0,0.75,5.0,0.40933575059159666,0.04059313845317838,0.35714285714285715,0.28846153846153844,0.5335365853658537,0.20718663839138282,0.027590035045415354,0.2,0.1111111111111111,0.2996575342465753,0.27483653088741883,0.032670171361673904,0.25,0.1693548387096774,0.3837719298245614
Reddit_B,1.0,1.0,0,0.2355375665307884,0.03647378304458836,0.2727272727272727,0.1282051282051282,0.3932926829268293,0.11922644846084918,0.021362180532004067,0.1008174386920981,0.06269592476489028,0.2208904109589041,0.1581480348380481,0.02661702691717796,0.13513513513513514,0.08421052631578947,0.28289473684210525
Reddit_B,1.0,1.0,0.1,0.24157257273404614,0.037066939039525695,0.25,0.1437125748502994,0.3780487804878049,0.1223014956072166,0.021932966963531194,0.1,0.061068702290076333,0.21232876712328766,0.16222002613874795,0.027274377357680527,0.12631578947368421,0.08571428571428572,0.2719298245614035
Reddit_B,1.0,1.0,0.25,0.253144338123593,0.03737619419077495,0.2222222222222222,0.13953488372093023,0.3902439024390244,0.12824741967125156,0.022767899018798547,0.125,0.07038123167155426,0.2191780821917808,0.1700694908275492,0.028095460444213703,0.11313131313131314,0.0935672514619883,0.2807017543859649
Reddit_B,1.0,1.0,0.5,0.27136914104029447,0.037763390512584864,0.26666666666666666,0.16363636363636364,0.4115853658536585,0.13743381231145246,0.02306088779025868,0.10526315789473684,0.06084656084656084,0.23116438356164384,0.1822764970996081,0.028406043538462794,0.13737373737373737,0.09274193548387097,0.2960526315789474
Reddit_B,1.0,1.0,0.75,0.2893190288105503,0.03725136988693678,0.2835820895522388,0.19298245614035087,0.4268292682926829,0.14648516762883687,0.023146846133567982,0.125,0.07142857142857142,0.23972602739726026,0.19429723159843246,0.02830712824475815,0.17717206132879046,0.10887096774193548,0.3070175438596491
Reddit_B,1.0,1.0,1.0,0.3079627891316551,0.03805163744270565,0.3333333333333333,0.20625,0.4420731707317073,0.15600981495055266,0.02438881935637424,0.14285714285714285,0.06613756613756613,0.2482876712328767,0.20689522209751196,0.02959123589556247,0.19141914191419143,0.1008064516129032,0.31798245614035087
Reddit_B,1.0,1.0,2.0,0.3579122823066467,0.04012098897968635,0.4,0.24873096446700507,0.5152439024390244,0.1812394253163714,0.02664190734275598,0.18181818181818182,0.10317460317460317,0.2893835616438356,0.24037957302727564,0.03189007999434339,0.23529411764705882,0.15725806451612906,0.37061403508771934
Reddit_B,1.0,1.0,3.0,0.3876044930506457,0.040450325501247705,0.4,0.2639593908629442,0.5219298245614035,0.19621795599610706,0.027208522769950432,0.16666666666666666,0.11375661375661375,0.2876712328767123,0.2602709610460135,0.0323586808950177,0.25,0.17338709677419353,0.3695652173913044
Reddit_B,1.0,1.0,5.0,0.40992224107489006,0.04070555273849299,0.4444444444444444,0.29411764705882354,0.5657894736842105,0.20751879967834033,0.02779133840327207,0.2,0.10052910052910052,0.31009615384615385,0.2752647683806398,0.03291978634956421,0.2608695652173913,0.1532258064516129,0.4006211180124224
Reddit_B,1.0,2.0,0,0.2627479374466894,0.03468773298390671,0.25,0.1744186046511628,0.38362068965517243,0.13302619759703022,0.021399267213084053,0.125,0.07142857142857142,0.21707317073170732,0.17644665447082453,0.026231209843528218,0.1597444089456869,0.10887096774193548,0.2772585669781932
Reddit_B,1.0,2.0,0.1,0.26874023809141656,0.03591617889216081,0.2727272727272727,0.16111111111111112,0.4115853658536585,0.13601299436352227,0.02174638272995511,0.14705882352941177,0.06878306878306878,0.23116438356164384,0.18042797269701,0.026764418069697104,0.15087719298245614,0.10483870967741933,0.2960526315789474
Reddit_B,1.0,2.0,0.25,0.2763978350503722,0.035855143187213376,0.2857142857142857,0.18229166666666666,0.42073170731707316,0.1398872414153663,0.022005272197458483,0.125,0.07671957671957672,0.2363013698630137,0.1855679889934029,0.026971995657976575,0.1904761904761905,0.11693548387096772,0.3026315789473684
Reddit_B,1.0,2.0,0.5,0.291142877250281,0.03656177252281573,0.3333333333333333,0.19428571428571428,0.4100418410041841,0.14735397031538433,0.022671766577026183,0.125,0.08292682926829269,0.23058823529411765,0.19546798417899763,0.027648919421333355,0.1568627450980392,0.11623931623931623,0.29518072289156627
Reddit_B,1.0,2.0,0.75,0.30689407920038836,0.036147876883534796,0.2857142857142857,0.23163841807909605,0.4481707317073171,0.15541853404426978,0.023383632811165487,0.16666666666666666,0.07936507936507936,0.2517123287671233,0.206131435225921,0.02825113828478454,0.17805383022774324,0.12096774193548387,0.3223684210526316
Reddit_B,1.0,2.0,1.0,0.3176215838339875,0.03623776326059402,0.3333333333333333,0.2111111111111111,0.4573170731707317,0.1607827328240146,0.023490931812594706,0.14285714285714285,0.09788359788359788,0.2568493150684932,0.21327013942799955,0.028262835222748202,0.18823529411764706,0.14022140221402213,0.3289473684210527
Reddit_B,1.0,2.0,2.0,0.3610909657175622,0.03947233140501007,0.3333333333333333,0.26282051282051283,0.4725609756097561,0.1828147630626325,0.025936181568811504,0.16666666666666666,0.08465608465608465,0.2654109589041096,0.24248805117935712,0.031091309205143594,0.2101010101010101,0.12903225806451613,0.33991228070175433
Reddit_B,1.0,2.0,3.0,0.38982782816646255,0.03908000388544148,0.4,0.287292817679558,0.5,0.19737027510068014,0.0268893111023538,0.18181818181818182,0.11904761904761904,0.2756849315068493,0.261786505468169,0.03176532067847693,0.25,0.18145161290322578,0.3530701754385964
Reddit_B,1.0,2.0,5.0,0.4129846583094894,0.04029215723334007,0.4,0.30456852791878175,0.543859649122807,0.20901345676464045,0.027404593035128395,0.2,0.1111111111111111,0.2996575342465753,0.27726906916153693,0.03241589876626057,0.2608695652173913,0.1693548387096774,0.3850931677018634
Reddit_B,1.0,3.0,0,0.2789253648923192,0.03596246758284382,0.3,0.1870967741935484,0.3902439024390244,0.14108061298068936,0.021436607517539234,0.14285714285714285,0.07945205479452055,0.2191780821917808,0.18718641191345464,0.02641963419831091,0.18181818181818182,0.11153846153846154,0.2807017543859649
Reddit_B,1.0,3.0,0.1,0.2834432997520019,0.03512555221507614,0.25,0.19672131147540983,0.41832669322709165,0.1434949070540434,0.02205260040536305,0.13333333333333333,0.07671957671957672,0.23076923076923078,0.19033569782914325,0.026844441042748097,0.19999999999999998,0.11693548387096772,0.2974504249291785
Reddit_B,1.0,3.0,0.25,0.29002729629279067,0.037647659354900935,0.3333333333333333,0.17777777777777778,0.41810344827586204,0.14679781747682918,0.02314658502327307,0.1480637813211845,0.07407407407407407,0.22271714922049,0.19472983280063935,0.028355413826617253,0.1568627450980392,0.1129032258064516,0.2873563218390805
Reddit_B,1.0,3.0,0.5,0.30169099111143094,0.03703045232634069,0.3333333333333333,0.2,0.4329268292682927,0.15276102899259128,0.023418437018975585,0.13333333333333333,0.07671957671957672,0.24315068493150685,0.20261526699051685,0.028461456535317994,0.16,0.11693548387096772,0.3114035087719298
Reddit_B,1.0,3.0,0.75,0.313217257019445,0.03664607197897655,0.2962962962962963,0.21764705882352942,0.421259842519685,0.15847804959932807,0.022940962018374325,0.125,0.0873015873015873,0.2363013698630137,0.21024740797748484,0.027834599969714574,0.20512820512820512,0.13076923076923078,0.3026315789473684
Reddit_B,1.0,3.0,1.0,0.323508824949221,0.038704700415609576,0.2857142857142857,0.2247191011235955,0.46646341463414637,0.16382860836661461,0.02491001072784845,0.13055555555555556,0.0873015873015873,0.261986301369863,0.2172861830981825,0.030140807496345665,0.17948717948717946,0.13306451612903228,0.33552631578947373
Reddit_B,1.0,3.0,2.0,0.36369873064505776,0.03965060799221735,0.375,0.23756906077348067,0.47865853658536583,0.18414047331978184,0.0262605345816563,0.136986301369863,0.10317460317460317,0.2688356164383562,0.24424067467640487,0.03141154762646581,0.25,0.15114235500878734,0.3442982456140351
Reddit_B,1.0,3.0,3.0,0.38940066532562556,0.0401647686450438,0.42857142857142855,0.273224043715847,0.4969512195121951,0.19707983691934144,0.026695864483103935,0.2,0.10846560846560846,0.2791095890410959,0.2614365667563128,0.03180761572493751,0.2181818181818182,0.16532258064516128,0.35745614035087725
Reddit_B,1.0,3.0,5.0,0.4131675472236475,0.04068947916083871,0.4,0.3050847457627119,0.543859649122807,0.20913834445814966,0.027783872881024265,0.20512820512820512,0.10582010582010581,0.3047945205479452,0.2774212650511269,0.03286948371738683,0.25,0.16129032258064516,0.39035087719298245
Reddit_B,1.0,5.0,0,0.2910603237065386,0.039992942331102434,0.3125,0.12315270935960591,0.39748953974895396,0.14715424922047307,0.023373560989385617,0.16666666666666666,0.06775067750677506,0.2235294117647059,0.19527239008331,0.029011868328963734,0.16859504132231404,0.08741258741258741,0.286144578313253
Reddit_B,1.0,5.0,0.1,0.2930121530064645,0.03923085600452339,0.3333333333333333,0.15228426395939088,0.41379310344827586,0.14813734041273202,0.02299914409961336,0.13333333333333333,0.07954545454545454,0.2153846153846154,0.1965800321745353,0.02851314339745265,0.18490566037735848,0.10707456978967496,0.2831858407079646
Reddit_B,1.0,5.0,0.25,0.2976715614103472,0.04053194222907191,0.3125,0.1415525114155251,0.4105691056910569,0.15049814955634416,0.02347883081032738,0.11695906432748537,0.06950672645739911,0.22444444444444445,0.19971555137083988,0.029266593298740796,0.17862838915470494,0.09323308270676692,0.29022988505747127
Reddit_B,1.0,5.0,0.5,0.3039882816892145,0.039929137906356854,0.3333333333333333,0.15270935960591134,0.4105691056910569,0.15372673207393303,0.02365288345497312,0.13636363636363635,0.08401084010840108,0.22494432071269488,0.20398336675228265,0.0292648012939436,0.19047619047619047,0.1083916083916084,0.29022988505747127
Reddit_B,1.0,5.0,0.75,0.31356639627695176,0.040504960712473836,0.3333333333333333,0.15270935960591134,0.43103448275862066,0.15856271307606706,0.02414777097992782,0.15,0.08401084010840108,0.22666666666666666,0.2104036755982843,0.02980762942038427,0.16962524654832345,0.1083916083916084,0.2949852507374632
Reddit_B,1.0,5.0,1.0,0.3228666016445075,0.0418003268925535,0.3333333333333333,0.16393442622950818,0.44396551724137934,0.1633053436377999,0.02496355779977542,0.16666666666666666,0.082010582010582,0.24175824175824176,0.2166813076790505,0.03082295788874918,0.16878980891719744,0.11385199240986717,0.311614730878187
Reddit_B,1.0,5.0,2.0,0.3530477088600026,0.04148696983188719,0.3333333333333333,0.1912568306010929,0.4672489082969432,0.17861533202763646,0.025907757513377407,0.16666666666666666,0.09788359788359788,0.2564705882352941,0.23697212060433676,0.031489731784707514,0.20377358490566036,0.13282732447817838,0.32831325301204817
Reddit_B,1.0,5.0,3.0,0.37844849391280916,0.04347543777328633,0.375,0.2100456621004566,0.5023923444976076,0.19153956475658201,0.02783040253701796,0.19801980198019803,0.09523809523809523,0.273972602739726,0.2540897504677558,0.03364609835455315,0.2070063694267516,0.13834586466165413,0.3508771929824562
Reddit_B,1.0,5.0,5.0,0.4070130615598793,0.04030354970760342,0.4,0.21311475409836064,0.5263157894736842,0.20597321626094325,0.0271274786034766,0.2,0.10582010582010581,0.28846153846153844,0.27324514957770585,0.032190864336464474,0.2603773584905661,0.14800759013282733,0.37267080745341613
Reddit_B,2.0,0,0,0.1740025697046869,0.03265030948105856,0.2,0.0847457627118644,0.3323170731707317,0.08816199066708091,0.018723728602242935,0.08674698795180723,0.04310344827586207,0.18664383561643835,0.11690916178746566,0.023622594243724104,0.10404624277456648,0.05714285714285714,0.23903508771929827
Reddit_B,2.0,0,0.1,0.1829331170650066,0.03091729242981369,0.16666666666666666,0.0872093023255814,0.32926829268292684,0.0926350433808132,0.0179047064996857,0.08997429305912596,0.043227665706051875,0.18493150684931506,0.12286267878006037,0.022469504728060023,0.11764705882352941,0.05780346820809249,0.23684210526315788
Reddit_B,2.0,0,0.25,0.19394357522653274,0.033291160159623454,0.2,0.09375,0.29573170731707316,0.09813648452333605,0.01883682889483009,0.0963855421686747,0.043859649122807015,0.1660958904109589,0.13019021526615077,0.023782790687207622,0.11538461538461539,0.0597609561752988,0.21271929824561403
Reddit_B,2.0,0,0.5,0.21252669709580463,0.03587930391661591,0.2,0.11428571428571428,0.38414634146341464,0.1077076253829204,0.02132594344902147,0.1,0.05089058524173028,0.21575342465753425,0.14281574331982222,0.026582447813712565,0.14285714285714285,0.07042253521126761,0.27631578947368424
Reddit_B,2.0,0,0.75,0.23600410111088768,0.036689015937495836,0.21428571428571427,0.15294117647058825,0.35365853658536583,0.11954275875713898,0.021810099847397985,0.125,0.05026455026455026,0.19863013698630136,0.1585397217596562,0.027143741001306974,0.125,0.07661290322580645,0.25438596491228066
Reddit_B,2.0,0,1.0,0.25560955081577724,0.0387335065200652,0.25,0.14035087719298245,0.4115853658536585,0.12951954674089006,0.023516535368682454,0.1276595744680851,0.06084656084656084,0.23116438356164384,0.1717490197823777,0.029083324945574925,0.15471698113207547,0.08633093525179857,0.2960526315789474
Reddit_B,2.0,0,2.0,0.3323007449451833,0.03874799718791156,0.3333333333333333,0.23353293413173654,0.4481707317073171,0.16825660984058108,0.025069875224839864,0.14285714285714285,0.08465608465608465,0.2517123287671233,0.2231703642996932,0.03026347491820046,0.17777777777777778,0.12903225806451613,0.3223684210526316
Reddit_B,2.0,0,3.0,0.3728491197809439,0.04028605310904042,0.3333333333333333,0.25153374233128833,0.5152439024390244,0.18876669576506983,0.02671450776037187,0.2,0.09523809523809523,0.2893835616438356,0.2503825255591024,0.03195244685557799,0.1898989898989899,0.14516129032258066,0.37061403508771934
Reddit_B,2.0,0,5.0,0.405401053431802,0.03960715652905065,0.36363636363636365,0.28415300546448086,0.543859649122807,0.2052137140626133,0.02725412933702136,0.19786096256684493,0.11375661375661375,0.2980769230769231,0.27221122606967046,0.03217966269232083,0.28571428571428575,0.17338709677419353,0.3850931677018634
Reddit_B,2.0,0.1,0,0.17886615299375966,0.03195197937354515,0.16666666666666666,0.08904109589041095,0.2926829268292683,0.0905801102130991,0.018198786985405148,0.09893048128342247,0.03968253968253968,0.1643835616438356,0.12013770359716767,0.022984510108230514,0.10510046367851622,0.05543710021321962,0.21052631578947367
Reddit_B,2.0,0.1,0.1,0.18571475122113937,0.03286248209785812,0.2,0.07514450867052024,0.36890243902439024,0.09406934234238178,0.018949027847951137,0.09090909090909091,0.034666666666666665,0.2071917808219178,0.12475434512536834,0.02384093612238224,0.08727272727272728,0.04744525547445255,0.26535087719298245
Reddit_B,2.0,0.1,0.25,0.19566957336965515,0.03368605198752186,0.16666666666666666,0.11538461538461539,0.3384146341463415,0.09909995964315337,0.019504747079026538,0.08539944903581267,0.05412371134020619,0.19006849315068494,0.13142782907433478,0.02446984666657362,0.09917355371900825,0.07381370826010544,0.24342105263157895
Reddit_B,2.0,0.1,0.5,0.21615261629898255,0.03621540395136614,0.2,0.10285714285714286,0.3475609756097561,0.10950783066478396,0.02130907669934856,0.1,0.04390243902439024,0.1952054794520548,0.14521984092466425,0.02662568298872425,0.11604095563139931,0.06153846153846153,0.25
Reddit_B,2.0,0.1,0.75,0.2373721544577032,0.035798609032736885,0.25,0.11976047904191617,0.3871951219512195,0.1202302806289096,0.021472761318110826,0.09523809523809523,0.05089058524173028,0.21746575342465754,0.15945211448761284,0.026628197808520552,0.14608695652173914,0.07142857142857142,0.27850877192982454
Reddit_B,2.0,0.1,1.0,0.2592580185381639,0.03687114483469259,0.25,0.15789473684210525,0.3932926829268293,0.13131689298639868,0.02268217002260412,0.14285714285714285,0.0737913486005089,0.2208904109589041,0.17415084954575624,0.027871931308248485,0.13203883495145632,0.10357142857142856,0.28289473684210525
Reddit_B,2.0,0.1,2.0,0.33361283795690383,0.03934755434050175,0.3333333333333333,0.22972972972972974,0.4725609756097561,0.16895967947842033,0.025645176285017165,0.14285714285714285,0.0873015873015873,0.2654109589041096,0.22408413862923607,0.030911728149860023,0.2,0.13306451612903228,0.33991228070175433
Reddit_B,2.0,0.1,3.0,0.3758124518159701,0.04165444765223561,0.3333333333333333,0.27586206896551724,0.5,0.19024003872629286,0.027130789405627853,0.2,0.09259259259259259,0.2791095890410959,0.2523493031872,0.032615663401795836,0.19999999999999998,0.14112903225806453,0.35745614035087725
Reddit_B,2.0,0.1,5.0,0.40533153323136656,0.0393270290435206,0.36538461538461536,0.30456852791878175,0.5394736842105263,0.20516885343903313,0.027033945931111376,0.1875,0.10582010582010581,0.2979452054794521,0.27215696917970394,0.031913110986079886,0.2608695652173913,0.16129032258064516,0.38198757763975155
Reddit_B,2.0,0.25,0,0.1833550989573761,0.03130414957352751,0.16666666666666666,0.0898876404494382,0.3018292682926829,0.09286095189494767,0.018235060137080303,0.08333333333333333,0.047619047619047616,0.1695205479452055,0.1231580459411865,0.02286003633930345,0.10578512396694215,0.0636182902584493,0.21710526315789475
Reddit_B,2.0,0.25,0.1,0.1901134889195139,0.032409669010745615,0.2,0.07614213197969544,0.3231707317073171,0.0962659216711372,0.01878526230853633,0.08539944903581267,0.042134831460674156,0.1815068493150685,0.12767794976886127,0.023547852067438927,0.15,0.054249547920433995,0.2324561403508772
Reddit_B,2.0,0.25,0.25,0.1994540611759163,0.03329204373670151,0.16666666666666666,0.10734463276836158,0.3107569721115538,0.10102574462402335,0.019377966495100773,0.08823529411764706,0.04785894206549118,0.17123287671232876,0.13398142153645948,0.02427758034115925,0.1,0.06643356643356643,0.21929824561403508
Reddit_B,2.0,0.25,0.5,0.21982738098433413,0.03297911895041471,0.25,0.116751269035533,0.36585365853658536,0.11128425450188216,0.019549645132200196,0.1,0.06349206349206349,0.2054794520547945,0.1476135969123642,0.024312759539306155,0.12631578947368421,0.08318264014466546,0.26315789473684204
Reddit_B,2.0,0.25,0.75,0.2432197350415834,0.036908907155409745,0.25,0.1271186440677966,0.3932926829268293,0.12314332885759635,0.021787232753747245,0.10695187165775401,0.03968253968253968,0.2208904109589041,0.16334082242356762,0.02714016719812107,0.15384615384615385,0.06048387096774194,0.28289473684210525
Reddit_B,2.0,0.25,1.0,0.2665048295421009,0.03595717204449903,0.25,0.16574585635359115,0.40853658536585363,0.1350200390421685,0.022635668698468392,0.14285714285714285,0.06349206349206349,0.22945205479452055,0.17905062553823822,0.027633393419151355,0.15384615384615385,0.0967741935483871,0.29385964912280704
Reddit_B,2.0,0.25,2.0,0.3387014450570501,0.04239355134084394,0.3333333333333333,0.2033898305084746,0.4878048780487805,0.1715838282428265,0.026996703817135637,0.2,0.06349206349206349,0.273972602739726,0.2275493442039975,0.032814172546968175,0.2222222222222222,0.0967741935483871,0.3508771929824562
Reddit_B,2.0,0.25,3.0,0.37873200934488394,0.03944164319045323,0.38461538461538464,0.28125,0.543859649122807,0.19174382144109478,0.02665338002642799,0.2,0.10052910052910052,0.2980769230769231,0.25433208668979396,0.03171290208316301,0.25,0.1532258064516129,0.3850931677018634
Reddit_B,2.0,0.25,5.0,0.4061330297415708,0.039334324132664,0.42857142857142855,0.28415300546448086,0.5307017543859649,0.20559303797470835,0.02725294412930005,0.21428571428571427,0.11375661375661375,0.2928082191780822,0.2727096264786541,0.03210997633400227,0.2857142857142857,0.17338709677419353,0.375776397515528
Reddit_B,2.0,0.5,0,0.19009265484472873,0.032429058864337335,0.2,0.10285714285714286,0.3125,0.0962773118513054,0.01894025650643059,0.09090909090909091,0.05144694533762058,0.17123287671232876,0.12768487216826682,0.023712603206392558,0.1033210332103321,0.06881720430107527,0.21929824561403508
Reddit_B,2.0,0.5,0.1,0.2015034890037813,0.03218824882052873,0.2,0.09433962264150944,0.3445121951219512,0.10207948195885627,0.019194534033091015,0.09523809523809523,0.04716981132075472,0.1934931506849315,0.1353710208646222,0.023866207612902528,0.11764705882352941,0.06289308176100628,0.24780701754385964
Reddit_B,2.0,0.5,0.25,0.211974553969126,0.034099054361005576,0.25,0.11377245508982035,0.3353658536585366,0.10732383823547646,0.020027475658168727,0.09090909090909091,0.04834605597964377,0.18835616438356165,0.14234797250076983,0.024962833105868085,0.11570247933884298,0.06785714285714285,0.24122807017543862
Reddit_B,2.0,0.5,0.5,0.23216099961903822,0.03598082173585113,0.25,0.12179487179487179,0.3508771929824561,0.11754555596105726,0.021253196831454053,0.125,0.0581039755351682,0.19230769230769232,0.15590781888880845,0.026449310805259668,0.14125200642054575,0.07867494824016562,0.2484472049689441
Reddit_B,2.0,0.5,0.75,0.253135448852021,0.03435077778277477,0.25,0.16184971098265896,0.3902439024390244,0.12821939153779502,0.021426117717423972,0.12295081967213115,0.06878306878306878,0.2191780821917808,0.17004383550441837,0.02622740466970805,0.1643835616438356,0.10483870967741933,0.2807017543859649
Reddit_B,2.0,0.5,1.0,0.274061333380294,0.037569963177562775,0.25,0.17307692307692307,0.4054878048780488,0.13882711813116907,0.023233783308281103,0.13636363636363635,0.06878306878306878,0.22773972602739725,0.18411069073077505,0.02852591131414658,0.14012738853503187,0.10483870967741933,0.2916666666666667
Reddit_B,2.0,0.5,2.0,0.34251043053204633,0.041885293279656455,0.3333333333333333,0.21794871794871795,0.4817073170731707,0.17346348935404782,0.02674785705710165,0.2,0.07671957671957672,0.2705479452054795,0.2300600135059394,0.032427740304451405,0.19413919413919414,0.11693548387096772,0.3464912280701754
Reddit_B,2.0,0.5,3.0,0.37976292453023536,0.041474213881135175,0.4,0.2796610169491525,0.50199203187251,0.1923166324984506,0.02770827991076851,0.15538847117794485,0.0873015873015873,0.27403846153846156,0.255070012706418,0.03311407828972017,0.22292993630573246,0.13306451612903228,0.35403726708074534
Reddit_B,2.0,0.5,5.0,0.40900687535251634,0.04124207317325875,0.4,0.28426395939086296,0.5304878048780488,0.20701642864673434,0.027868999515387457,0.2,0.10846560846560846,0.2979452054794521,0.2746122759116605,0.03305917477426138,0.2603773584905661,0.16532258064516128,0.3815789473684211
Reddit_B,2.0,0.75,0,0.20276954186566296,0.03349960900998655,0.2,0.10256410256410256,0.3353658536585366,0.10267016342920897,0.019437352786013728,0.0851063829787234,0.04497354497354497,0.18835616438356165,0.13617957647559173,0.02437669644248125,0.11464968152866241,0.06736842105263156,0.24122807017543862
Reddit_B,2.0,0.75,0.1,0.20931606837792363,0.036190768097413235,0.1956521739130435,0.11494252873563218,0.3475609756097561,0.10596460751695216,0.02082416831273523,0.09090909090909091,0.05509641873278237,0.1952054794520548,0.1405537269470981,0.02618131767388037,0.10526315789473684,0.074487895716946,0.25
Reddit_B,2.0,0.75,0.25,0.22405967265140794,0.03455260380971066,0.25,0.11299435028248588,0.3567073170731707,0.11339468140714634,0.020270963537342715,0.10144927536231885,0.05747126436781609,0.20034246575342465,0.15042598049354755,0.025279982218904314,0.13333333333333333,0.07619047619047618,0.2565789473684211
Reddit_B,2.0,0.75,0.5,0.24216586105870097,0.034701017447510446,0.25,0.14705882352941177,0.3780487804878049,0.1226429456262268,0.02104680861333318,0.1111111111111111,0.06878306878306878,0.21232876712328766,0.16265829943172114,0.025992553798353517,0.13333333333333333,0.09523809523809523,0.2719298245614035
Reddit_B,2.0,0.75,0.75,0.26193073436008324,0.03607565618977588,0.25,0.15625,0.3932926829268293,0.13259259295239695,0.021711035039455134,0.125,0.0684931506849315,0.2208904109589041,0.17588080212948087,0.026810743876989583,0.12836438923395446,0.09615384615384615,0.28289473684210525
Reddit_B,2.0,0.75,1.0,0.2825126140140718,0.03818888911148553,0.24581005586592178,0.16025641025641027,0.40853658536585363,0.14315013528459034,0.023938245373720954,0.15384615384615385,0.06084656084656084,0.22945205479452055,0.1898248013801627,0.029268485945292966,0.2222222222222222,0.09274193548387097,0.29385964912280704
Reddit_B,2.0,0.75,2.0,0.34703875683938734,0.039950792867366344,0.3333333333333333,0.2265193370165746,0.4868421052631579,0.17569271300097047,0.025926518386669577,0.16666666666666666,0.10052910052910052,0.2668269230769231,0.23303981153182476,0.031206231874736406,0.2222222222222222,0.1524163568773234,0.3447204968944099
Reddit_B,2.0,0.75,3.0,0.38328028675661585,0.04028437875946958,0.375,0.25,0.5043859649122807,0.19407043195350754,0.027104139505452148,0.19047619047619047,0.09259259259259259,0.28,0.2574089730351718,0.032298194404519594,0.23529411764705882,0.14112903225806453,0.35843373493975905
Reddit_B,2.0,0.75,5.0,0.40995344969498027,0.04062706070964331,0.4,0.2983425414364641,0.5657894736842105,0.20748588058768855,0.027512772418806387,0.2,0.12169312169312169,0.31009615384615385,0.2752385806937048,0.032591080448899,0.26666666666666666,0.18214285714285713,0.4006211180124224
Reddit_B,2.0,1.0,0,0.21003580491406093,0.03277446054742112,0.2,0.13114754098360656,0.35365853658536583,0.10634870392759341,0.019404784371614706,0.1111111111111111,0.05853658536585366,0.19863013698630136,0.14105595726869705,0.024158063182783976,0.10526315789473684,0.08205128205128205,0.25438596491228066
Reddit_B,2.0,1.0,0.1,0.2203211473806995,0.03532247922875172,0.2,0.11612903225806452,0.3780487804878049,0.1115320148838833,0.020519697308903514,0.10526315789473684,0.049315068493150684,0.21232876712328766,0.14793625929825666,0.025633401084082286,0.1033210332103321,0.06923076923076922,0.2719298245614035
Reddit_B,2.0,1.0,0.25,0.23149472869771157,0.036375802023795145,0.25,0.11602209944751381,0.34146341463414637,0.11723179502465662,0.021580804933894773,0.1111111111111111,0.05865921787709497,0.1917808219178082,0.15548231183940073,0.02685418491618862,0.14968152866242038,0.07792207792207792,0.24561403508771934
Reddit_B,2.0,1.0,0.5,0.25068399568466954,0.03680579500751328,0.25,0.15544041450777202,0.3628048780487805,0.12693532937301563,0.021980825778653772,0.12530120481927712,0.07142857142857142,0.20376712328767124,0.1683586668594367,0.027242832991532653,0.14285714285714285,0.099601593625498,0.2609649122807018
Reddit_B,2.0,1.0,0.75,0.2692186257718559,0.03590370279051781,0.25,0.16025641025641027,0.4115853658536585,0.13633543617537244,0.02225092085736787,0.10526315789473684,0.06878306878306878,0.23116438356164384,0.18082169989953314,0.02726168291531725,0.18181818181818182,0.10483870967741933,0.2960526315789474
Reddit_B,2.0,1.0,1.0,0.2906022152502964,0.0378051717537099,0.25,0.18493150684931506,0.4268292682926829,0.14718961177250145,0.023735617523578948,0.14285714285714285,0.07671957671957672,0.23333333333333334,0.1952065267777938,0.028969382255452883,0.1568627450980392,0.11513859275053304,0.3017241379310345
Reddit_B,2.0,1.0,2.0,0.35034015140873737,0.03994397072524534,0.3,0.24375,0.47368421052631576,0.17745961121562298,0.02651541683155009,0.15,0.09523809523809523,0.25961538461538464,0.23534474516768564,0.031801005351586115,0.19797979797979798,0.14516129032258066,0.33540372670807456
Reddit_B,2.0,1.0,3.0,0.3835845448107713,0.04106127313591316,0.3333333333333333,0.26229508196721313,0.49390243902439024,0.1942061517180483,0.027218068601733068,0.15542521994134897,0.09523809523809523,0.2773972602739726,0.2575964011008222,0.03254691605905975,0.25,0.14516129032258066,0.35526315789473684
Reddit_B,2.0,1.0,5.0,0.41022909665088747,0.04105565712000279,0.4,0.2893401015228426,0.543859649122807,0.20764733876119162,0.027774052035527342,0.21428571428571427,0.11375661375661375,0.2980769230769231,0.27544535994630626,0.032960897035025256,0.25,0.17338709677419353,0.3850931677018634
Reddit_B,2.0,2.0,0,0.24446333623760344,0.03395919430605928,0.25,0.15384615384615385,0.38109756097560976,0.12371215439995992,0.02025762433438062,0.12032085561497326,0.07602339181286549,0.21404109589041095,0.16411413524937016,0.025043546034984366,0.13333333333333333,0.10317460317460317,0.2741228070175438
Reddit_B,2.0,2.0,0.1,0.25099988396355605,0.03461918539122597,0.25,0.15,0.3597560975609756,0.12700844690216206,0.020534666531222705,0.14285714285714285,0.07017543859649122,0.20205479452054795,0.16849268897150116,0.02542410516154967,0.15280135823429541,0.09561752988047809,0.25877192982456143
Reddit_B,2.0,2.0,0.25,0.2609166317766595,0.035606041410123655,0.25,0.16352201257861634,0.3871951219512195,0.1320778139951908,0.02163378072998761,0.12224938875305623,0.07936507936507936,0.21746575342465754,0.17519630277232795,0.026631459117963534,0.1568627450980392,0.1094736842105263,0.27850877192982454
Reddit_B,2.0,2.0,0.5,0.27771442093005677,0.03724340763733561,0.2857142857142857,0.18536585365853658,0.39655172413793105,0.14052793086669985,0.022517464486162455,0.13043478260869565,0.089058524173028,0.2226027397260274,0.18642663281518831,0.02771571037991511,0.139622641509434,0.125,0.2850877192982456
Reddit_B,2.0,2.0,0.75,0.29259659864578513,0.03678959721177053,0.3333333333333333,0.16666666666666666,0.4176829268292683,0.1481383420802219,0.022907105834113827,0.13636363636363635,0.06613756613756613,0.2345890410958904,0.19649388591090727,0.027979173457141644,0.16420361247947454,0.1008064516129032,0.300438596491228
Reddit_B,2.0,2.0,1.0,0.3072558473230165,0.0383114526865903,0.27918781725888325,0.2054794520547945,0.4298780487804878,0.15551058581067778,0.02366588100120677,0.14285714285714285,0.07936507936507936,0.24143835616438356,0.20629138613602152,0.02892159626225902,0.1818181818181818,0.12096774193548387,0.3092105263157895
Reddit_B,2.0,2.0,2.0,0.3548700758894982,0.03909124778256255,0.3333333333333333,0.2457627118644068,0.4847560975609756,0.1797356044192508,0.026125390193792366,0.16666666666666666,0.07671957671957672,0.2722602739726027,0.23837399668898726,0.03124721579398842,0.20186915887850468,0.11693548387096772,0.3486842105263158
Reddit_B,2.0,2.0,3.0,0.3865067683660965,0.03980151387714913,0.3333333333333333,0.26903553299492383,0.5,0.1957084752593742,0.027002146179019967,0.16666666666666666,0.08994708994708994,0.2808219178082192,0.2595802501650966,0.03209143366976972,0.23434991974317815,0.13709677419354838,0.35964912280701755
Reddit_B,2.0,2.0,5.0,0.4137879674378864,0.0410811233955077,0.4,0.29949238578680204,0.5614035087719298,0.20948324336525626,0.028274440232568462,0.18181818181818182,0.11904761904761904,0.3082191780821918,0.27786318682401595,0.03340769909418718,0.2857142857142857,0.18145161290322578,0.39751552795031053
Reddit_B,2.0,3.0,0,0.26579436863366573,0.03595342193235943,0.25,0.16666666666666666,0.375,0.13444756582533585,0.02122153418680557,0.14841849148418493,0.07397260273972603,0.2106164383561644,0.1783839610382958,0.02629392021222247,0.1951219512195122,0.10384615384615385,0.26973684210526316
Reddit_B,2.0,3.0,0.1,0.2704994072580085,0.03573743506142439,0.25,0.18012422360248448,0.3821138211382114,0.13688211207074816,0.021514245503466013,0.12834224598930483,0.07671957671957672,0.2088888888888889,0.18158967604094367,0.026499964072463522,0.19999999999999998,0.11670020120724345,0.2701149425287357
Reddit_B,2.0,3.0,0.25,0.27892995176975993,0.03553829004332869,0.25,0.15168539325842698,0.39655172413793105,0.14115246076215698,0.021767465486362048,0.13941018766756033,0.07417582417582418,0.2191780821917808,0.1872531380852709,0.02666944846172079,0.19999999999999998,0.09963099630996311,0.2807017543859649
Reddit_B,2.0,3.0,0.5,0.29216761184956136,0.03577361802311389,0.28,0.1695906432748538,0.3991228070175439,0.14788644472116605,0.022223410333476152,0.14285714285714285,0.06613756613756613,0.2188235294117647,0.1961743612010573,0.027109515664320873,0.19622641509433963,0.1008064516129032,0.28012048192771083
Reddit_B,2.0,3.0,0.75,0.3023918680340933,0.035590166948798185,0.2857142857142857,0.21052631578947367,0.4186991869918699,0.15308104270907938,0.022690395941718497,0.16666666666666666,0.08465608465608465,0.22945205479452055,0.20305413210796122,0.027471952438179698,0.18691588785046728,0.12903225806451613,0.2959770114942529
Reddit_B,2.0,3.0,1.0,0.31425122196278293,0.0368384787161801,0.3333333333333333,0.2182741116751269,0.42378048780487804,0.15900658149297794,0.02294216078215165,0.125,0.09259259259259259,0.238013698630137,0.2109472918689389,0.02789195419582548,0.19999999999999998,0.14017094017094017,0.3048245614035088
Reddit_B,2.0,3.0,2.0,0.3564139718720788,0.03939174340972551,0.3333333333333333,0.23163841807909605,0.4603658536585366,0.18036327665982832,0.02531669853838506,0.1710843373493976,0.09788359788359788,0.2585616438356164,0.23927126300112808,0.030490231767320554,0.1845018450184502,0.14919354838709678,0.33114035087719296
Reddit_B,2.0,3.0,3.0,0.38614296985100083,0.03947414329676617,0.4,0.2639593908629442,0.5060975609756098,0.1954441504948161,0.026500155388769632,0.16381418092909536,0.10317460317460317,0.2842465753424658,0.2592610969316766,0.031504642100213295,0.2608695652173913,0.15725806451612906,0.36403508771929827
Reddit_B,2.0,3.0,5.0,0.4148074133241204,0.04105729528400074,0.4,0.29441624365482233,0.5350877192982456,0.20996130010148606,0.02803810502302087,0.2,0.1164021164021164,0.2979452054794521,0.278514033401631,0.033161657634710726,0.22929936305732482,0.17741935483870966,0.3815789473684211
Reddit_B,2.0,5.0,0,0.2867629620174008,0.037499454760599966,0.3181818181818182,0.18229166666666666,0.4065040650406504,0.14501273781766655,0.022169605505777363,0.125,0.07936507936507936,0.2222222222222222,0.1924212865762667,0.027429441755484982,0.18181818181818182,0.11666666666666667,0.28735632183908044
Reddit_B,2.0,5.0,0.1,0.28841533000366004,0.038302339125130605,0.2571428571428571,0.152,0.3930131004366812,0.14579792698712654,0.02219068207490308,0.1377672209026128,0.07723577235772358,0.2164705882352941,0.19348547432717184,0.027617470490148247,0.16755793226381463,0.10242587601078168,0.27710843373493976
Reddit_B,2.0,5.0,0.25,0.2917063284529742,0.037666473315320664,0.2857142857142857,0.12568306010928962,0.4024390243902439,0.14749995748262726,0.022353256521074887,0.13043478260869565,0.06686046511627906,0.2208904109589041,0.19572625801841656,0.02760714545519439,0.15384615384615383,0.0872865275142315,0.28448275862068967
Reddit_B,2.0,5.0,0.5,0.2990090264649133,0.038305050057548425,0.2857142857142857,0.15300546448087432,0.40948275862068967,0.15117376974000407,0.022568076616844946,0.13333333333333333,0.08139534883720931,0.22,0.20061010000464438,0.027915782083959655,0.18181818181818182,0.1062618595825427,0.28448275862068967
Reddit_B,2.0,5.0,0.75,0.30570685355381827,0.03844339393215981,0.2857142857142857,0.1625615763546798,0.41810344827586204,0.15456228028281901,0.022790803117917632,0.14285714285714285,0.0872093023255814,0.2180293501048218,0.2051064056623784,0.028133825873605776,0.15129151291512916,0.11385199240986717,0.2861356932153392
Reddit_B,2.0,5.0,1.0,0.31190587505517015,0.03868064816179533,0.3333333333333333,0.15846994535519127,0.4192139737991266,0.15776078684305442,0.023400511311506646,0.1480637813211845,0.08430232558139535,0.22439024390243903,0.20932318069544942,0.028741051938875325,0.19148936170212766,0.11005692599620494,0.28680688336520077
Reddit_B,2.0,5.0,2.0,0.34387428008785104,0.0389877230645702,0.3333333333333333,0.20765027322404372,0.4493927125506073,0.17397180942025015,0.024550999943368908,0.17571059431524547,0.0873015873015873,0.24737945492662475,0.2308137723155059,0.029736538019111768,0.21768707482993196,0.13306451612903228,0.31896551724137934
Reddit_B,2.0,5.0,3.0,0.3739958985592701,0.04156307291866872,0.375,0.21311475409836064,0.49344978165938863,0.18922661851468056,0.02647865778738881,0.17647058823529413,0.10052910052910052,0.26666666666666666,0.25104649480190766,0.03198277691220941,0.24,0.14800759013282733,0.3448275862068965
Reddit_B,2.0,5.0,5.0,0.40837787207156256,0.04175759494038401,0.38235294117647056,0.2459016393442623,0.5394736842105263,0.20666902681917498,0.0276971862637075,0.2,0.1111111111111111,0.2956730769230769,0.27416492398914205,0.03301020886345384,0.2413162705667276,0.1693548387096774,0.38198757763975155
Reddit_B,3.0,0,0,0.1643538758804725,0.028301846338701912,0.16666666666666666,0.07784431137724551,0.29573170731707316,0.0831544675070939,0.016044310807165296,0.0774818401937046,0.03307888040712468,0.1660958904109589,0.11031668258185684,0.02021885669337641,0.09411764705882354,0.04642857142857143,0.21271929824561403
Reddit_B,3.0,0,0.1,0.1727865371612514,0.031040570356961554,0.16666666666666666,0.07741935483870968,0.29573170731707316,0.08754219554050324,0.01793295251040707,0.0784313725490196,0.03287671232876712,0.1660958904109589,0.11608559278530296,0.022532380481715606,0.08945686900958466,0.04615384615384615,0.21271929824561403
Reddit_B,3.0,0,0.25,0.18269975166275357,0.03385378440757293,0.17647058823529413,0.09770114942528736,0.32926829268292684,0.09245998631425627,0.019026737893441458,0.07142857142857142,0.046831955922865015,0.18493150684931506,0.12265255188895731,0.02410304662660969,0.09836065573770492,0.06331471135940409,0.23684210526315788
Reddit_B,3.0,0,0.5,0.20288254185315735,0.03427831278270666,0.2,0.11377245508982035,0.31097560975609756,0.10290810301732929,0.020642932705991747,0.10294117647058823,0.04497354497354497,0.17465753424657535,0.13641516872799597,0.02565935199162752,0.12830188679245283,0.06785714285714285,0.22368421052631582
Reddit_B,3.0,0,0.75,0.22276243357401637,0.03613555581940158,0.25,0.12987012987012986,0.3628048780487805,0.1128131169810256,0.021325785128136862,0.0945273631840796,0.05793450881612091,0.20376712328767124,0.1496195671169384,0.026584414616015326,0.1208791208791209,0.08041958041958042,0.2609649122807018
Reddit_B,3.0,0,1.0,0.24591031486319814,0.03642286991242213,0.25,0.1437125748502994,0.3628048780487805,0.12459499614008987,0.022213040123749656,0.13101604278074866,0.061068702290076333,0.20376712328767124,0.16522147973761547,0.027415651842493106,0.1464968152866242,0.08571428571428572,0.2609649122807018
Reddit_B,3.0,0,2.0,0.3233364788756388,0.038390470090127575,0.3333333333333333,0.21084337349397592,0.4573170731707317,0.1637240834062668,0.024609235664765333,0.16176470588235295,0.07671957671957672,0.2568493150684932,0.2171553554564822,0.029773343453017506,0.1739130434782609,0.11693548387096772,0.3289473684210527
Reddit_B,3.0,0,3.0,0.3693614459385411,0.0412550422647932,0.375,0.2598870056497175,0.5060975609756098,0.18703396797837277,0.02724898916380489,0.18181818181818182,0.08994708994708994,0.2842465753424658,0.24807043996382572,0.032677726486797384,0.26621160409556316,0.13709677419354838,0.36403508771929827
Reddit_B,3.0,0,5.0,0.4051455717907374,0.04028892992213169,0.4,0.2896174863387978,0.5394736842105263,0.2050807010978321,0.027392384125553,0.2,0.10317460317460317,0.2962328767123288,0.2720387665446223,0.03246772782305013,0.25,0.15725806451612906,0.38198757763975155
Reddit_B,3.0,0.1,0,0.16974812069178546,0.031768872509167496,0.2,0.09137055837563451,0.2865853658536585,0.08587577204370013,0.01760920324006826,0.075,0.045871559633027525,0.16095890410958905,0.11393074269141532,0.022392167078397567,0.09393346379647749,0.06211180124223603,0.20614035087719296
Reddit_B,3.0,0.1,0.1,0.1764625154098642,0.031021397454455545,0.16666666666666666,0.0945945945945946,0.2804878048780488,0.08936946969915412,0.017920265155855784,0.08823529411764706,0.04071246819338423,0.15753424657534246,0.11852676355893428,0.02252376461629803,0.10221465076660988,0.05714285714285714,0.20175438596491227
Reddit_B,3.0,0.1,0.25,0.18641588068392043,0.03162947628527991,0.2,0.08121827411167512,0.29375,0.09439643427798063,0.018353636683758202,0.07960199004975124,0.0449438202247191,0.1643835616438356,0.12520300531209985,0.02305142913499972,0.1111111111111111,0.05786618444846293,0.21052631578947367
Reddit_B,3.0,0.1,0.5,0.20585591245109666,0.03293909218951744,0.2,0.11695906432748537,0.3026315789473684,0.1042236348914776,0.019242154251344026,0.1,0.05934718100890208,0.1658653846153846,0.13823962099039702,0.024034166010308982,0.11464968152866241,0.07874015748031496,0.21428571428571427
Reddit_B,3.0,0.1,0.75,0.22755639874303923,0.03519482818838107,0.25,0.13333333333333333,0.3780487804878049,0.11518300671713738,0.020618692294565366,0.11566265060240964,0.0582010582010582,0.21232876712328766,0.15279125568222296,0.02573356434716809,0.12525252525252525,0.08870967741935483,0.2719298245614035
Reddit_B,3.0,0.1,1.0,0.24625759852429335,0.038655302892177494,0.21739130434782608,0.14761904761904762,0.4024390243902439,0.12471646614552247,0.022949085273132754,0.1,0.07093821510297482,0.22602739726027396,0.1654060045820452,0.028554788732949848,0.1383177570093458,0.09582689335394126,0.2894736842105263
Reddit_B,3.0,0.1,2.0,0.32444595266105264,0.04085986666340946,0.3333333333333333,0.22171945701357465,0.4573170731707317,0.16430849187158056,0.02593780730199565,0.16666666666666666,0.07671957671957672,0.25839793281653745,0.21792071399378818,0.031530787631882835,0.1731748726655348,0.11693548387096772,0.3289473684210527
Reddit_B,3.0,0.1,3.0,0.37136209841016976,0.040621131731802186,0.375,0.24043715846994534,0.5099601593625498,0.18800842941823823,0.02680568476725377,0.2,0.08994708994708994,0.2756849315068493,0.24937990299148627,0.03211395261055097,0.21656050955414013,0.13709677419354838,0.35403726708074534
Reddit_B,3.0,0.1,5.0,0.40565062751768133,0.041493327780453025,0.4,0.29411764705882354,0.5396341463414634,0.2053679528901024,0.028060021391845432,0.2,0.10317460317460317,0.3030821917808219,0.272404671315435,0.0333268213842033,0.2607260726072607,0.15725806451612906,0.38815789473684215
Reddit_B,3.0,0.25,0,0.17451377177749292,0.032231712767000376,0.16666666666666666,0.08441558441558442,0.3323170731707317,0.08841296112838404,0.018602140777100307,0.07542579075425791,0.04024767801857585,0.18664383561643835,0.11724180440929656,0.023390825781372894,0.09872611464968152,0.05543710021321962,0.23903508771929827
Reddit_B,3.0,0.25,0.1,0.17884071768471602,0.03153501567180077,0.16666666666666666,0.07692307692307693,0.3018292682926829,0.09054004392420059,0.01800025327033472,0.07692307692307693,0.03761755485893417,0.1695205479452055,0.12009159308212487,0.02268013671526045,0.11320754716981131,0.05052631578947369,0.21710526315789475
Reddit_B,3.0,0.25,0.25,0.1912796487909066,0.03125053484357815,0.2,0.10526315789473684,0.32926829268292684,0.09689565971335116,0.018492296927900376,0.1111111111111111,0.04580152671755725,0.18493150684931506,0.12849721971209663,0.023044946505908798,0.09090909090909091,0.06428571428571428,0.23684210526315788
Reddit_B,3.0,0.25,0.5,0.2094088453725294,0.033681129562631015,0.2,0.11976047904191617,0.3384146341463415,0.10613289655776373,0.020180172987061835,0.0782608695652174,0.05089058524173028,0.19006849315068494,0.1407264823641024,0.025083432743553305,0.11764705882352941,0.07142857142857142,0.24342105263157895
Reddit_B,3.0,0.25,0.75,0.23243318304041022,0.03473059101305094,0.25,0.13496932515337423,0.38109756097560976,0.1177214542569858,0.02103722984904314,0.125,0.06301369863013699,0.21404109589041095,0.15612322439514068,0.025978614265187754,0.1487603305785124,0.08846153846153847,0.2741228070175438
Reddit_B,3.0,0.25,1.0,0.25400859520270874,0.03583725813358629,0.25,0.1319796954314721,0.36890243902439024,0.12869328824607335,0.022218919284341974,0.10526315789473684,0.06613756613756613,0.2071917808219178,0.17065858811577203,0.027266988567698405,0.13307240704500978,0.09403254972875226,0.26535087719298245
Reddit_B,3.0,0.25,2.0,0.329816720953211,0.038471349289191395,0.3333333333333333,0.22404371584699453,0.46646341463414637,0.16705414551761993,0.025139398750643405,0.18181818181818182,0.07407407407407407,0.261986301369863,0.22155281212206818,0.030296374425594106,0.16563146997929606,0.1129032258064516,0.33552631578947373
Reddit_B,3.0,0.25,3.0,0.37471343912192334,0.04096640549799776,0.3333333333333333,0.26285714285714284,0.49390243902439024,0.18977644342248662,0.02744664672772033,0.18181818181818182,0.0873015873015873,0.2773972602739726,0.2516940937815224,0.032790683718304396,0.2222222222222222,0.13306451612903228,0.35526315789473684
Reddit_B,3.0,0.25,5.0,0.4065258003219082,0.041917717380930794,0.34615384615384615,0.30434782608695654,0.5487804878048781,0.20580737390115658,0.02820687753536909,0.2,0.09523809523809523,0.3082191780821918,0.2729922123254675,0.0335795801871748,0.2222222222222222,0.14516129032258066,0.3947368421052632
Reddit_B,3.0,0.5,0,0.18160886848468608,0.03217227238589831,0.14285714285714285,0.08974358974358974,0.275,0.09195147023284317,0.018270506014601104,0.08823529411764706,0.042328042328042326,0.1541095890410959,0.12196373620720766,0.02308365143435391,0.10666666666666666,0.057971014492753624,0.1973684210526316
Reddit_B,3.0,0.5,0.1,0.18842466588093362,0.0345481515132776,0.2,0.1,0.3231707317073171,0.09537886820276302,0.019589601199154538,0.06666666666666667,0.04785894206549118,0.1815068493150685,0.12651508848435666,0.024746090180516263,0.09109730848861283,0.06643356643356643,0.2324561403508772
Reddit_B,3.0,0.5,0.25,0.20013966340173844,0.03388020022299783,0.2,0.0972972972972973,0.3201219512195122,0.10142290970058307,0.01989923486276315,0.08674698795180723,0.0469208211143695,0.1797945205479452,0.1344852283266353,0.024884393510165893,0.11070110701107012,0.06417112299465241,0.23026315789473684
Reddit_B,3.0,0.5,0.5,0.2221125763606594,0.03380529957699325,0.25,0.1282051282051282,0.31402439024390244,0.11245467321201294,0.020013971037851616,0.13613861386138615,0.06084656084656084,0.17647058823529413,0.14915750662651076,0.024882413487726386,0.13464696223316913,0.08421052631578947,0.2259036144578313
Reddit_B,3.0,0.5,0.75,0.24286163508245856,0.03599363575125604,0.25,0.14743589743589744,0.36890243902439024,0.12293222526379956,0.021157977369650555,0.125,0.05555555555555555,0.2071917808219178,0.1630716038740158,0.02636610465710301,0.128,0.0846774193548387,0.26535087719298245
Reddit_B,3.0,0.5,1.0,0.2645647496219754,0.036621632966605415,0.25,0.17766497461928935,0.39634146341463417,0.1339889531364674,0.02251829643269751,0.13333333333333333,0.0582010582010582,0.2226027397260274,0.17770620854732805,0.02767692356462478,0.1337579617834395,0.08870967741935483,0.2850877192982456
Reddit_B,3.0,0.5,2.0,0.3366680557903592,0.039743143460263405,0.25,0.22857142857142856,0.4649122807017544,0.17042144984250118,0.025397375039709916,0.17647058823529413,0.10052910052910052,0.2564705882352941,0.22605807155287752,0.030715075178258798,0.21138211382113822,0.13986013986013987,0.3291925465838509
Reddit_B,3.0,0.5,3.0,0.3772317858014614,0.04086728616650769,0.3333333333333333,0.2542372881355932,0.49390243902439024,0.1910645805724535,0.027418491478454994,0.22807017543859648,0.07936507936507936,0.2773972602739726,0.25339851499940946,0.03273867825304733,0.24873949579831936,0.12096774193548387,0.35526315789473684
Reddit_B,3.0,0.5,5.0,0.40778544669486183,0.04192578907194732,0.375,0.28415300546448086,0.5394736842105263,0.20646325717680655,0.02846073947255574,0.22997416020671835,0.1164021164021164,0.2956730769230769,0.2738490213808214,0.03378084397164041,0.24801271860095395,0.17741935483870966,0.38198757763975155
Reddit_B,3.0,0.75,0,0.18815686555046704,0.033506861489638474,0.2,0.0935672514619883,0.3475609756097561,0.09532260695382483,0.019439001571722167,0.08181818181818182,0.04155844155844156,0.1952054794520548,0.12640941666395603,0.024414942320847816,0.08904109589041095,0.05755395683453237,0.25
Reddit_B,3.0,0.75,0.1,0.19684219147554533,0.03171201558524942,0.2,0.10897435897435898,0.29375,0.09963763444543837,0.018403486903618954,0.08333333333333333,0.05198776758409786,0.16,0.13216402706692804,0.023015384646730953,0.1282051282051282,0.07039337474120083,0.20689655172413796
Reddit_B,3.0,0.75,0.25,0.20969491918764588,0.03319456150988236,0.2,0.12626262626262627,0.3079268292682927,0.10621608369572769,0.019693705400646678,0.1,0.06205250596658711,0.17294520547945205,0.14086141358958593,0.024505771952016142,0.14285714285714285,0.08333333333333334,0.22149122807017543
Reddit_B,3.0,0.75,0.5,0.2320212817478669,0.034558790648739075,0.23076923076923078,0.11176470588235295,0.36585365853658536,0.11739344770006936,0.02029234222214495,0.13636363636363635,0.057057057057057055,0.2054794520547945,0.15573771271148937,0.02521274330649467,0.13333333333333333,0.07554671968190854,0.26315789473684204
Reddit_B,3.0,0.75,0.75,0.2523561598118275,0.035360314419756886,0.25,0.1340782122905028,0.36890243902439024,0.12775708771745722,0.021428014073621427,0.125,0.06557377049180328,0.2071917808219178,0.16945709080662655,0.026401515406436895,0.13109243697478992,0.08807339449541286,0.26535087719298245
Reddit_B,3.0,0.75,1.0,0.27309004578797524,0.03516368978992679,0.25,0.16265060240963855,0.4024390243902439,0.13829062118673394,0.021885762530497035,0.125,0.06613756613756613,0.22602739726027396,0.1834206464685735,0.02678620314630273,0.1509433962264151,0.1008064516129032,0.2894736842105263
Reddit_B,3.0,0.75,2.0,0.3405547530730402,0.040156737531588695,0.3333333333333333,0.24375,0.4605263157894737,0.17244087558504184,0.025844430751416438,0.16666666666666666,0.07671957671957672,0.25365853658536586,0.22871797449576378,0.031228380208455524,0.2191780821917808,0.11693548387096772,0.32608695652173914
Reddit_B,3.0,0.75,3.0,0.3807713435178222,0.04073649109495173,0.4,0.26666666666666666,0.5087719298245614,0.19276159649706634,0.027009563566118475,0.2072892938496583,0.08994708994708994,0.2842465753424658,0.25568827467596267,0.03227344042017998,0.23652173913043478,0.13709677419354838,0.36403508771929827
Reddit_B,3.0,0.75,5.0,0.4096475465912959,0.04055589592433581,0.34615384615384615,0.29411764705882354,0.5701754385964912,0.20733382021298186,0.027453803526313422,0.23809523809523808,0.1111111111111111,0.3125,0.2750364894188958,0.03252679409135956,0.25,0.1693548387096774,0.4037267080745342
Reddit_B,3.0,1.0,0,0.19984113226175684,0.032139282936287976,0.18181818181818182,0.10674157303370786,0.3079268292682927,0.10114485161792912,0.018568346731121874,0.09090909090909091,0.0521978021978022,0.17294520547945205,0.13416746651528308,0.023237536189281077,0.1460101867572156,0.07011070110701108,0.22149122807017543
Reddit_B,3.0,1.0,0.1,0.2080422433767241,0.03198040772740071,0.2,0.12154696132596685,0.31097560975609756,0.10531413252031904,0.018703295622780565,0.1,0.05291005291005291,0.17465753424657535,0.13969653191396192,0.02335544706976113,0.125,0.0773286467486819,0.22368421052631582
Reddit_B,3.0,1.0,0.25,0.2214838225370351,0.034505036016444675,0.25,0.1282051282051282,0.3567073170731707,0.11213239416362598,0.020338618211754436,0.0819277108433735,0.06269592476489028,0.20034246575342465,0.148732975388906,0.02534908975790063,0.130718954248366,0.08421052631578947,0.2565789473684211
Reddit_B,3.0,1.0,0.5,0.24105882075814106,0.03724980140051872,0.25,0.10967741935483871,0.375,0.12209425183699883,0.02204956166324341,0.125,0.04657534246575343,0.2106164383561644,0.16192333467075037,0.027437221992944363,0.12698412698412698,0.06538461538461539,0.26973684210526316
Reddit_B,3.0,1.0,0.75,0.259492862456479,0.035409759229878775,0.25,0.15428571428571428,0.36890243902439024,0.13138110668039768,0.021606384316346296,0.11764705882352941,0.06084656084656084,0.2071917808219178,0.17426423836968608,0.026589393865062833,0.18181818181818182,0.09274193548387097,0.26535087719298245
Reddit_B,3.0,1.0,1.0,0.2785678631869541,0.03898525506344447,0.3,0.1858974358974359,0.4146341463414634,0.14110430379504918,0.023957503898542374,0.1111111111111111,0.06349206349206349,0.2328767123287671,0.1871331626232557,0.029468344496569494,0.13333333333333333,0.0967741935483871,0.2982456140350877
Reddit_B,3.0,1.0,2.0,0.342576187770942,0.03979147277936674,0.35294117647058826,0.24390243902439024,0.46646341463414637,0.17345087804035125,0.025664870145145242,0.15526315789473685,0.0873015873015873,0.261986301369863,0.2300629163952743,0.030992359185529842,0.19248120300751878,0.13306451612903228,0.33552631578947373
Reddit_B,3.0,1.0,3.0,0.3821111590830545,0.041930520037137216,0.3333333333333333,0.26380368098159507,0.5131578947368421,0.1934772888490156,0.02781520529896284,0.16666666666666666,0.10582010582010581,0.2876712328767123,0.2566202895476341,0.03329111566999203,0.22995461422087743,0.16129032258064516,0.3684210526315789
Reddit_B,3.0,1.0,5.0,0.4107269058029228,0.04010692067209966,0.4,0.3,0.524390243902439,0.20790446681707553,0.02746126732116489,0.25,0.1111111111111111,0.2945205479452055,0.2757834437698956,0.032452099869827084,0.25,0.1693548387096774,0.37719298245614036
Reddit_B,3.0,2.0,0,0.23436160595374866,0.03271450763902179,0.25,0.13450292397660818,0.35365853658536583,0.11856378752996256,0.019349267528633078,0.11764705882352941,0.06515580736543909,0.19863013698630136,0.15729954380004219,0.023968325277511946,0.14285714285714285,0.08778625954198473,0.25438596491228066
Reddit_B,3.0,2.0,0.1,0.24372799702384143,0.03294718689334898,0.25,0.13812154696132597,0.352059925093633,0.12328519190386472,0.01956191853834364,0.10526315789473684,0.06443298969072164,0.1970649895178197,0.1635698394021101,0.0241571763619886,0.15384615384615385,0.08787346221441124,0.25268817204301075
Reddit_B,3.0,2.0,0.25,0.25041630500412915,0.034780240943058524,0.2608695652173913,0.15,0.375,0.12679389389703916,0.021183282523194038,0.11764705882352941,0.07017543859649122,0.2106164383561644,0.16817093968697194,0.026058347474611783,0.12745098039215688,0.09561752988047809,0.26973684210526316
Reddit_B,3.0,2.0,0.5,0.26725130666485086,0.03589766607665558,0.275,0.16875,0.3719512195121951,0.13523932361186508,0.021475755523499465,0.14285714285714285,0.07894736842105263,0.2089041095890411,0.17940918087393531,0.026510196552606863,0.18300653594771243,0.10756972111553785,0.26754385964912286
Reddit_B,3.0,2.0,0.75,0.2830234408626716,0.03669851880725048,0.2857142857142857,0.1858974358974359,0.3910891089108911,0.14321352315062155,0.022223824579502567,0.14285714285714285,0.08504398826979472,0.2144702842377261,0.1899918748849535,0.027319621697255003,0.17607973421926912,0.11717171717171718,0.2719298245614035
Reddit_B,3.0,2.0,1.0,0.29941621200495766,0.038774967154219395,0.2857142857142857,0.19230769230769232,0.43597560975609756,0.1515462691571162,0.0239704224713024,0.15789473684210525,0.07936507936507936,0.24486301369863014,0.20102872912873612,0.029309526133725936,0.19047619047619047,0.12096774193548387,0.3135964912280702
Reddit_B,3.0,2.0,2.0,0.35071921911854337,0.03822591618242316,0.3333333333333333,0.23391812865497075,0.4672489082969432,0.1775718980937261,0.0251616316396388,0.18313253012048192,0.0873015873015873,0.261986301369863,0.2355302622228658,0.030159459076495525,0.2222222222222222,0.13306451612903228,0.33552631578947373
Reddit_B,3.0,2.0,3.0,0.3844333207184214,0.03915805905471979,0.4,0.27411167512690354,0.5175438596491229,0.19457588912811682,0.02626795352692978,0.18604651162790697,0.1111111111111111,0.28365384615384615,0.2581102087029759,0.031224401137990056,0.20606060606060606,0.1693548387096774,0.36645962732919257
Reddit_B,3.0,2.0,5.0,0.4121883065871916,0.04016526046330913,0.4,0.28415300546448086,0.5482456140350878,0.20862751730261583,0.027469846450895837,0.21122994652406418,0.1164021164021164,0.3004807692307692,0.27674866227302997,0.03245347743456829,0.3076923076923077,0.17741935483870966,0.38819875776397517
Reddit_B,3.0,3.0,0,0.2566732521040837,0.035584521562909976,0.25,0.15625,0.3598326359832636,0.1299134099696809,0.021345593490053525,0.14285714285714285,0.07352941176470588,0.2023529411764706,0.1723300260832933,0.026350182385450616,0.13872832369942195,0.1,0.2590361445783133
Reddit_B,3.0,3.0,0.1,0.2627363945752387,0.035027670335636966,0.25,0.15384615384615385,0.37083333333333335,0.13287045407631057,0.020636583496886993,0.12686567164179105,0.07339449541284404,0.2,0.17630145937922195,0.025534333087406613,0.1473684210526316,0.09937888198757763,0.2586206896551724
Reddit_B,3.0,3.0,0.25,0.272717908140767,0.03435602012856879,0.26,0.18831168831168832,0.375,0.1379967521218003,0.020902674516911426,0.1331877729257642,0.07671957671957672,0.20705882352941177,0.18307420086947393,0.025660814898832915,0.1818181818181818,0.11693548387096772,0.2650602409638554
Reddit_B,3.0,3.0,0.5,0.2827816222218823,0.034966754104361765,0.295,0.1794871794871795,0.40948275862068967,0.14306999188510944,0.021449526984954018,0.125,0.0856269113149847,0.21555555555555556,0.18981071704230287,0.026236300655884975,0.18152866242038218,0.11594202898550725,0.28023598820059
Reddit_B,3.0,3.0,0.75,0.29517269274650415,0.035822503921266916,0.25,0.19883040935672514,0.40669856459330145,0.14936992887005768,0.02233212756415918,0.14705882352941177,0.08994708994708994,0.21634615384615385,0.19815349149923406,0.027171087821355872,0.1794871794871795,0.13001912045889102,0.28192371475953565
Reddit_B,3.0,3.0,1.0,0.3085460335756881,0.034014713784941586,0.3,0.2046783625730994,0.4115853658536585,0.1561365615879869,0.021950423081339345,0.15384615384615385,0.09259259259259259,0.23116438356164384,0.20713023631352154,0.02637557264498229,0.18691588785046728,0.1338432122370937,0.2960526315789474
Reddit_B,3.0,3.0,2.0,0.349954700056372,0.03573015134508478,0.3333333333333333,0.24561403508771928,0.45539906103286387,0.17713508322239738,0.02392647305937835,0.17647058823529413,0.09523809523809523,0.2534246575342466,0.23497182609618375,0.028480633776026,0.20504201680672268,0.14516129032258066,0.3245614035087719
Reddit_B,3.0,3.0,3.0,0.3832838146573592,0.039317647726791964,0.4,0.23857868020304568,0.5086206896551724,0.19397818150159354,0.026174018414738327,0.2,0.09523809523809523,0.2722602739726027,0.2573264839968782,0.031180872407936013,0.22459893048128343,0.14516129032258066,0.3486842105263158
Reddit_B,3.0,3.0,5.0,0.41466686220469706,0.0411204182123976,0.36,0.288135593220339,0.543859649122807,0.2098991988257623,0.028066685352829156,0.18055555555555555,0.11375661375661375,0.2980769230769231,0.27842809723189577,0.0332062571033997,0.2222222222222222,0.17338709677419353,0.3850931677018634
Reddit_B,3.0,5.0,0,0.2809365188457486,0.0368502413702377,0.28,0.14285714285714285,0.3943089430894309,0.14211963340400882,0.0220548089253409,0.15,0.07859078590785908,0.21555555555555556,0.18855989416699095,0.0272238779766199,0.13333333333333333,0.1013986013986014,0.27873563218390807
Reddit_B,3.0,5.0,0.1,0.2835649141444923,0.03726899842967541,0.2857142857142857,0.1735159817351598,0.40948275862068967,0.1434040981551941,0.0220554612502832,0.125,0.08520179372197309,0.21555555555555556,0.19028118662360774,0.027276953514494693,0.13664596273291926,0.11428571428571427,0.28023598820059
Reddit_B,3.0,5.0,0.25,0.2880123618849915,0.03736730401955297,0.22857142857142856,0.14754098360655737,0.4065040650406504,0.14565956712571626,0.022305895369746025,0.12280701754385964,0.07847533632286996,0.2222222222222222,0.19327232746567397,0.027522168068971224,0.1606425702811245,0.10246679316888045,0.28735632183908044
Reddit_B,3.0,5.0,0.5,0.2971009677947435,0.03824223726309536,0.3,0.1366120218579235,0.40611353711790393,0.15027547386993642,0.022961588383389162,0.16666666666666666,0.07267441860465117,0.2235294117647059,0.19938790001125242,0.0282801848657715,0.1818181818181818,0.094876660341556,0.286144578313253
Reddit_B,3.0,5.0,0.75,0.3035109109844272,0.039469972684634584,0.3333333333333333,0.16939890710382513,0.4148471615720524,0.15350011915820277,0.023579804866042414,0.15,0.08520179372197309,0.2226027397260274,0.20367116273402644,0.029049584236968143,0.1818181818181818,0.11428571428571427,0.2850877192982456
Reddit_B,3.0,5.0,1.0,0.30805862327519773,0.03724890565973439,0.3333333333333333,0.14754098360655737,0.4186991869918699,0.15579918954639937,0.02272412012682138,0.15384615384615385,0.07848837209302326,0.23270440251572327,0.20672476973335108,0.027790961830452956,0.17647058823529416,0.10246679316888045,0.2983870967741935
Reddit_B,3.0,5.0,2.0,0.3371469116402473,0.03884094529031396,0.3333333333333333,0.20812182741116753,0.4482758620689655,0.17058280177326085,0.024387541121276987,0.14285714285714285,0.082010582010582,0.2517123287671233,0.22631191710721604,0.02959120822087261,0.20512820512820512,0.12499999999999999,0.3223684210526316
Reddit_B,3.0,5.0,3.0,0.36917173589178814,0.040563419853588197,0.36363636363636365,0.23857868020304568,0.49344978165938863,0.18681015327775954,0.026167272120409906,0.2,0.09788359788359788,0.2722602739726027,0.2478285997831638,0.031489899777423856,0.20382165605095542,0.14919354838709678,0.3486842105263158
Reddit_B,3.0,5.0,5.0,0.40797866515261094,0.04195539647912878,0.391304347826087,0.273224043715847,0.5301724137931034,0.20649545865638552,0.02800180537160455,0.1875,0.11375661375661375,0.2860576923076923,0.27392095150097595,0.03333585022140044,0.23566878980891717,0.17338709677419353,0.3695652173913044
Reddit_B,5.0,0,0,0.15640777872980954,0.028495950291074563,0.125,0.07534246575342465,0.28353658536585363,0.0791589882930496,0.015963904690609366,0.06896551724137931,0.034055727554179564,0.15924657534246575,0.10500681327617026,0.020229694951796856,0.0808080808080808,0.04690831556503198,0.20394736842105263
Reddit_B,5.0,0,0.1,0.16264299971391918,0.03213814022104019,0.15,0.07792207792207792,0.2682926829268293,0.082355954592978,0.017988148526514116,0.058823529411764705,0.03858520900321544,0.1506849315068493,0.10922892129894697,0.022851368271880248,0.125,0.05161290322580645,0.19298245614035087
Reddit_B,5.0,0,0.25,0.1726407918470916,0.030577634622524264,0.16666666666666666,0.08441558441558442,0.29573170731707316,0.08742467180136214,0.017678847478306923,0.06666666666666667,0.04180064308681672,0.1660958904109589,0.11595050433685866,0.022208660130268985,0.09523809523809523,0.05591397849462366,0.21271929824561403
Reddit_B,5.0,0,0.5,0.19113854458041415,0.03332728649529196,0.16666666666666666,0.11428571428571428,0.34146341463414637,0.0968288868538209,0.019398510195240647,0.09090909090909091,0.05089058524173028,0.1917808219178082,0.1284073679598669,0.024327712416555382,0.09506398537477148,0.07142857142857142,0.24561403508771934
Reddit_B,5.0,0,0.75,0.21171605105616423,0.032920971813471867,0.2,0.125,0.3231707317073171,0.10723387835936783,0.019688724477538257,0.09397590361445783,0.0582010582010582,0.1815068493150685,0.14221545398729757,0.024453754500056327,0.1090289608177172,0.0821917808219178,0.2324561403508772
Reddit_B,5.0,0,1.0,0.23219279626125586,0.0338605925427002,0.25,0.13559322033898305,0.3567073170731707,0.11754969314005129,0.020200931426737335,0.09879518072289156,0.06341463414634146,0.20034246575342465,0.15592073163533618,0.025055030533643483,0.1076923076923077,0.08888888888888889,0.2565789473684211
Reddit_B,5.0,0,2.0,0.3143099430316397,0.04051778685283044,0.3333333333333333,0.19375,0.4603658536585366,0.15914411810444484,0.02541742539430751,0.15384615384615385,0.09064327485380116,0.2585616438356164,0.21108219548975482,0.030993488724582442,0.1818181818181818,0.12350597609561753,0.33114035087719296
Reddit_B,5.0,0,3.0,0.36524746502849725,0.04197988459390208,0.3333333333333333,0.26285714285714284,0.49085365853658536,0.18500755034869876,0.027783959912667352,0.2,0.08994708994708994,0.2756849315068493,0.24535597204472467,0.03333508666015117,0.2,0.13709677419354838,0.3530701754385964
Reddit_B,5.0,0,5.0,0.40514133279003595,0.03916568409350794,0.4,0.29508196721311475,0.5219298245614035,0.2050610831679479,0.026847643661928954,0.2,0.1111111111111111,0.2928082191780822,0.2720173225787803,0.031679406082676054,0.25,0.1693548387096774,0.37500000000000006
Reddit_B,5.0,0.1,0,0.16063511319674173,0.03047542819638065,0.14285714285714285,0.07926829268292683,0.2631578947368421,0.08140473049009436,0.01756112822872432,0.06666666666666667,0.03927492447129909,0.14423076923076922,0.10794057388596827,0.02213116234889613,0.07984790874524715,0.052525252525252523,0.18633540372670807
Reddit_B,5.0,0.1,0.1,0.16371160767070603,0.030618741118274957,0.16,0.08125,0.3048780487804878,0.08284121677400032,0.017173531209790604,0.08759124087591241,0.038011695906432746,0.17123287671232876,0.1098983739434823,0.021780263751931712,0.11764705882352942,0.05179282868525896,0.21929824561403508
Reddit_B,5.0,0.1,0.25,0.17581410065113454,0.029095621754588092,0.1691542288557214,0.0875,0.2804878048780488,0.08898842538581121,0.016743924935617653,0.08823529411764706,0.04093567251461988,0.15753424657534246,0.11804031704097014,0.020994637124578764,0.1111111111111111,0.055776892430278883,0.20175438596491227
Reddit_B,5.0,0.1,0.5,0.19488753278886406,0.031505070735984034,0.2,0.10897435897435898,0.2908366533864542,0.09871683210539188,0.018509864036493517,0.1111111111111111,0.03968253968253968,0.16083916083916083,0.13092031164462037,0.023127681343089457,0.09523809523809523,0.06048387096774194,0.2020497803806735
Reddit_B,5.0,0.1,0.75,0.2113731472059747,0.03344573804519461,0.2,0.11834319526627218,0.32926829268292684,0.10705288398337857,0.019866762638703836,0.09090909090909091,0.0547945205479452,0.18493150684931506,0.14197751228431718,0.024718956193393656,0.14285714285714285,0.0749063670411985,0.23684210526315788
Reddit_B,5.0,0.1,1.0,0.23732715780526517,0.036375639827085596,0.25,0.12994350282485875,0.3408239700374532,0.12025456985278524,0.02199796966338812,0.1111111111111111,0.0582010582010582,0.19077568134171907,0.15946259834945475,0.027229363217778184,0.1337579617834395,0.08761904761904762,0.24462365591397844
Reddit_B,5.0,0.1,2.0,0.319161063147655,0.042094746440627086,0.3,0.1987179487179487,0.4759825327510917,0.16166358623295468,0.02639646592134198,0.16666666666666666,0.07671957671957672,0.24486301369863014,0.214399804686264,0.03225471293647144,0.17725752508361203,0.11693548387096772,0.31548480463096956
Reddit_B,5.0,0.1,3.0,0.36770498284070985,0.04160796375494418,0.3181818181818182,0.2459016393442623,0.47808764940239046,0.18617616316799715,0.027121970113846955,0.2,0.08465608465608465,0.2585616438356164,0.2469410893684987,0.0326278455011435,0.19797979797979798,0.12903225806451613,0.3322981366459627
Reddit_B,5.0,0.1,5.0,0.4043765043245222,0.04181202341043228,0.35714285714285715,0.30128205128205127,0.5182926829268293,0.20466021771698983,0.027848832389967947,0.15789473684210525,0.1164021164021164,0.2910958904109589,0.2714912020437779,0.033166995814339725,0.25,0.17741935483870966,0.37280701754385964
Reddit_B,5.0,0.25,0,0.16391355397082774,0.031206341020003452,0.16666666666666666,0.0625,0.29573170731707316,0.08303287957194919,0.017805098355989767,0.0625,0.026829268292682926,0.1660958904109589,0.11011033739532722,0.022463334378502106,0.06315789473684211,0.037606837606837605,0.21271929824561403
Reddit_B,5.0,0.25,0.1,0.1694120566920867,0.0312237267518676,0.14285714285714285,0.07142857142857142,0.2865853658536585,0.08582046983324973,0.017894980944750748,0.08055555555555556,0.03536977491961415,0.16095890410958905,0.11381152767976017,0.022583448117478755,0.08,0.047311827956989246,0.20614035087719296
Reddit_B,5.0,0.25,0.25,0.18047532768232016,0.03371436278916248,0.16666666666666666,0.0847457627118644,0.2682926829268293,0.09143352038469624,0.01906153462974212,0.09545454545454546,0.026455026455026454,0.1506849315068493,0.12125620495450366,0.0241589804466702,0.101010101010101,0.04032258064516129,0.19298245614035087
Reddit_B,5.0,0.25,0.5,0.20236522457501252,0.032713639927476064,0.25,0.11578947368421053,0.30303030303030304,0.10236070453994339,0.01849858577084664,0.1111111111111111,0.05555555555555555,0.1695205479452055,0.1358110905842739,0.02330875695903946,0.09000000000000001,0.07707129094412331,0.21710526315789475
Reddit_B,5.0,0.25,0.75,0.2202975487425472,0.034948269090524904,0.2,0.1111111111111111,0.32669322709163345,0.1115988930470141,0.020720478682538766,0.1,0.042328042328042326,0.18021978021978022,0.14800018125628045,0.025822022879242842,0.11698113207547169,0.06451612903225806,0.23229461756373937
Reddit_B,5.0,0.25,1.0,0.24285263779360408,0.03818426294090193,0.2,0.14754098360655737,0.3932926829268293,0.123063479756437,0.02290493139936155,0.14285714285714285,0.05291005291005291,0.2208904109589041,0.16318525379590837,0.028438870101107232,0.18749999999999997,0.08064516129032258,0.28289473684210525
Reddit_B,5.0,0.25,2.0,0.3219199284054834,0.03919504227990639,0.3333333333333333,0.21794871794871795,0.43902439024390244,0.16310400802759142,0.025432301074729966,0.15326633165829145,0.06878306878306878,0.2465753424657534,0.21629317319349578,0.030767319276856435,0.19047619047619047,0.10483870967741933,0.3157894736842105
Reddit_B,5.0,0.25,3.0,0.370034871000555,0.040409320948992494,0.4,0.2711864406779661,0.4824561403508772,0.1874108410285663,0.027149632543898856,0.16666666666666666,0.08465608465608465,0.2644230769230769,0.24855525810961407,0.03242253500026056,0.20063694267515925,0.12903225806451613,0.34161490683229817
Reddit_B,5.0,0.25,5.0,0.40706228410582446,0.04100410123762027,0.4444444444444444,0.29411764705882354,0.5396341463414634,0.20606313172060378,0.027877366236594283,0.19786096256684493,0.11375661375661375,0.3030821917808219,0.2733339942312843,0.03304199816493833,0.24,0.17338709677419353,0.38815789473684215
Reddit_B,5.0,0.5,0,0.17125701216554493,0.029182427184171706,0.16666666666666666,0.09740259740259741,0.27439024390243905,0.08661005041390606,0.016383138050593007,0.06501547987616099,0.046511627906976744,0.1541095890410959,0.11491792677069941,0.02070362030737833,0.10467289719626169,0.06371681415929203,0.1973684210526316
Reddit_B,5.0,0.5,0.1,0.17827384120055684,0.03328593213790437,0.17647058823529413,0.07602339181286549,0.3010752688172043,0.09030513280893226,0.0190846573029568,0.09444444444444444,0.036931818181818184,0.16568047337278108,0.11975942979217367,0.024074240225186675,0.08856088560885608,0.0497131931166348,0.21374045801526717
Reddit_B,5.0,0.5,0.25,0.18755927583992002,0.031680093593248616,0.2,0.08974358974358974,0.31402439024390244,0.09495993370606912,0.01823011064522445,0.09090909090909091,0.0438871473354232,0.17636986301369864,0.12595300424075562,0.022901543039309573,0.10526315789473684,0.05894736842105263,0.22587719298245612
Reddit_B,5.0,0.5,0.5,0.2106947063802413,0.03270634539099055,0.2,0.08695652173913043,0.3323170731707317,0.10672380447125734,0.019622056800334648,0.09090909090909091,0.046242774566473986,0.18664383561643835,0.14153542049558274,0.0243405662335522,0.13333333333333333,0.06037735849056603,0.23903508771929827
Reddit_B,5.0,0.5,0.75,0.23070005284766684,0.03460288080437319,0.25,0.14606741573033707,0.36890243902439024,0.11684079096215938,0.02072804727597924,0.11475409836065574,0.05555555555555555,0.2071917808219178,0.1549629919767594,0.025718624604483504,0.13090909090909092,0.0846774193548387,0.26535087719298245
Reddit_B,5.0,0.5,1.0,0.25287939251920183,0.035290246496730446,0.235,0.14689265536723164,0.35365853658536583,0.1280829122505487,0.021600607124712012,0.125,0.0582010582010582,0.19863013698630136,0.16986840052217073,0.026596062492623185,0.15018315018315018,0.08870967741935483,0.25438596491228066
Reddit_B,5.0,0.5,2.0,0.32852651294495294,0.04286361211985937,0.3333333333333333,0.20765027322404372,0.4695121951219512,0.1664134773378699,0.02703008058390249,0.16666666666666666,0.07936507936507936,0.2636986301369863,0.22069599359005262,0.03296931935530487,0.17777777777777778,0.12096774193548387,0.33771929824561403
Reddit_B,5.0,0.5,3.0,0.3744107970097271,0.04295120528175719,0.36363636363636365,0.2625,0.5,0.18964641332966628,0.0282798090596735,0.2,0.08465608465608465,0.2808219178082192,0.2515135826868849,0.03401408199144829,0.22535211267605634,0.12903225806451613,0.35964912280701755
Reddit_B,5.0,0.5,5.0,0.4060709198881559,0.039847105274146345,0.4,0.29508196721311475,0.5369458128078818,0.20550736173011347,0.02703324569186868,0.17647058823529413,0.1164021164021164,0.2953929539295393,0.2726204563189044,0.032002268069994,0.2363636363636364,0.17741935483870966,0.38111888111888104
Reddit_B,5.0,0.75,0,0.18004896962695535,0.032076605211430624,0.2,0.08771929824561403,0.290625,0.09117546139512508,0.01842708811545734,0.1,0.03896103896103896,0.14726027397260275,0.12092369030594632,0.023180480191195434,0.12121212121212122,0.0539568345323741,0.1931464174454829
Reddit_B,5.0,0.75,0.1,0.18871734094783388,0.03081252362587371,0.2,0.1,0.29573170731707316,0.09555905840124189,0.0179723266482842,0.08235294117647059,0.049315068493150684,0.1660958904109589,0.126742846810084,0.022480168786406008,0.11764705882352942,0.0688259109311741,0.21271929824561403
Reddit_B,5.0,0.75,0.25,0.19960680674323655,0.0336380177332279,0.2,0.11046511627906977,0.3103448275862069,0.10108737390123015,0.019579606721352033,0.0945273631840796,0.05343511450381679,0.17294520547945205,0.13406799296873254,0.024522939478166226,0.12773109243697478,0.07321772639691716,0.22149122807017543
Reddit_B,5.0,0.75,0.5,0.21975908485037168,0.03271568048096611,0.2,0.10555555555555556,0.3353658536585366,0.11129195808312856,0.019719702188436713,0.08823529411764706,0.052486187845303865,0.18835616438356165,0.14760234846904163,0.024389052650913897,0.1276595744680851,0.07011070110701106,0.24122807017543862
Reddit_B,5.0,0.75,0.75,0.24061361853516366,0.036103781976674486,0.25,0.13714285714285715,0.3902439024390244,0.12179364255003033,0.02137457475819913,0.11764705882352941,0.06349206349206349,0.2191780821917808,0.16155723992051976,0.0265523274495964,0.16013628620102213,0.08856088560885608,0.2807017543859649
Reddit_B,5.0,0.75,1.0,0.26187938902991026,0.0363234970892385,0.23369565217391305,0.16265060240963855,0.43902439024390244,0.13254702489282005,0.02204884359146038,0.125,0.08206686930091185,0.2465753424657534,0.1758224762547062,0.027119087995847016,0.13333333333333333,0.10909090909090907,0.3157894736842105
Reddit_B,5.0,0.75,2.0,0.33284185849011994,0.04056862539874373,0.3333333333333333,0.2182741116751269,0.4517543859649123,0.16858451914552744,0.02596759794658826,0.13447432762836187,0.07142857142857142,0.24759615384615385,0.22358463334611842,0.03150438888638261,0.19047619047619047,0.10887096774193548,0.3198757763975155
Reddit_B,5.0,0.75,3.0,0.3770966727254413,0.03952369701926085,0.375,0.2571428571428571,0.5,0.1908877832466212,0.02639211531810087,0.17647058823529413,0.10052910052910052,0.27403846153846156,0.253207574310917,0.03145334664623416,0.25,0.1532258064516129,0.35403726708074534
Reddit_B,5.0,0.75,5.0,0.4079687119829126,0.04025327821393078,0.4,0.2983425414364641,0.5307017543859649,0.20653091700824805,0.02758788164520754,0.1882640586797066,0.10317460317460317,0.2910958904109589,0.27395240244128105,0.03262792081393831,0.22929936305732482,0.15725806451612906,0.375776397515528
Reddit_B,5.0,1.0,0,0.18953769409987054,0.031110552993072572,0.2,0.1125,0.3048780487804878,0.09596561414219419,0.018109905358601762,0.06666666666666667,0.05263157894736842,0.17123287671232876,0.12728543911667245,0.022666715599614855,0.09523809523809525,0.07171314741035857,0.21929824561403508
Reddit_B,5.0,1.0,0.1,0.19746370364433183,0.033596693468324036,0.17543859649122806,0.1043956043956044,0.29385964912280704,0.09995882601377115,0.019266820480398968,0.09397590361445783,0.04834605597964377,0.1643835616438356,0.13258881302576694,0.02422128617470386,0.10093457943925234,0.06785714285714285,0.21052631578947367
Reddit_B,5.0,1.0,0.25,0.2099709119681683,0.03298509784997462,0.25,0.11494252873563218,0.31097560975609756,0.10637041893099365,0.01968708839795998,0.1,0.05473684210526316,0.17465753424657535,0.14105938985733824,0.024459152804488498,0.1033210332103321,0.074487895716946,0.22368421052631582
Reddit_B,5.0,1.0,0.5,0.22858847937074045,0.03583454581728516,0.25,0.1218274111675127,0.35365853658536583,0.11574081154206338,0.021152617134817205,0.1111111111111111,0.06741573033707865,0.19863013698630136,0.15351074230661033,0.02632973955184328,0.15384615384615385,0.0867992766726944,0.25438596491228066
Reddit_B,5.0,1.0,0.75,0.24777570608112884,0.03744910003209249,0.25,0.125,0.375,0.12548627345163074,0.022380685224894,0.125,0.05847953216374269,0.2106164383561644,0.16642710797697308,0.02776958221896113,0.12631578947368421,0.0796812749003984,0.26973684210526316
Reddit_B,5.0,1.0,1.0,0.2700915549401643,0.03732646420554193,0.25,0.1807909604519774,0.39634146341463417,0.13664216626574435,0.022172784916426564,0.1271393643031785,0.082010582010582,0.2226027397260274,0.18128420516770136,0.027434213676847376,0.18627450980392157,0.1188811188811189,0.2850877192982456
Reddit_B,5.0,1.0,2.0,0.33707292992566706,0.039847207624866085,0.3333333333333333,0.233502538071066,0.45426829268292684,0.17070989281071666,0.02586598281126052,0.16666666666666666,0.08465608465608465,0.2551369863013699,0.2264073274172692,0.031214152336348472,0.2,0.12903225806451613,0.3267543859649123
Reddit_B,5.0,1.0,3.0,0.37715581189164415,0.04024084041985334,0.391304347826087,0.2655367231638418,0.5307017543859649,0.19092698862462287,0.02682158382205865,0.19896640826873385,0.10846560846560846,0.29086538461538464,0.25325390840717765,0.03200184534135899,0.25,0.16532258064516128,0.375776397515528
Reddit_B,5.0,1.0,5.0,0.40860531175222387,0.04256865566046726,0.4,0.29523809523809524,0.5482456140350878,0.20687683563571402,0.028606283699466772,0.20588235294117646,0.10846560846560846,0.3004807692307692,0.2744017261542092,0.034083727815313304,0.2857142857142857,0.16532258064516128,0.38819875776397517
Reddit_B,5.0,2.0,0,0.22503125937454824,0.03422505338774516,0.25,0.10526315789473684,0.3353658536585366,0.11390394630975544,0.02001103353106772,0.1,0.046753246753246755,0.18835616438356165,0.15109280985806656,0.024961856511157492,0.136986301369863,0.0647482014388489,0.24122807017543862
Reddit_B,5.0,2.0,0.1,0.23269973485448733,0.035006722168857585,0.25,0.13333333333333333,0.3444976076555024,0.11777336761664352,0.020517959640694132,0.1111111111111111,0.0672782874617737,0.18274111675126903,0.15623074739030166,0.02557170704439245,0.12929292929292927,0.09109730848861283,0.23880597014925373
Reddit_B,5.0,2.0,0.25,0.2429374064642472,0.033621957112121514,0.25,0.16233766233766234,0.3389830508474576,0.12298789195089534,0.02034962977139011,0.10776942355889724,0.07142857142857142,0.17819706498951782,0.16313639136346383,0.025124750020741916,0.12420382165605096,0.1070110701107011,0.23054755043227665
Reddit_B,5.0,2.0,0.5,0.25737150670681114,0.038087694914958975,0.25,0.14857142857142858,0.3670886075949367,0.13032888404272,0.022882242336876937,0.1111111111111111,0.07084468664850137,0.19951923076923078,0.17285418179828815,0.02831654125224626,0.12525252525252525,0.09594095940959411,0.25776397515527955
Reddit_B,5.0,2.0,0.75,0.2759161978036067,0.03747354627856828,0.25,0.16853932584269662,0.40086206896551724,0.13962041914591966,0.022548728210215554,0.14925373134328357,0.07407407407407407,0.21746575342465754,0.1852246738615653,0.02782107524560741,0.15537190082644628,0.11070110701107011,0.27850877192982454
Reddit_B,5.0,2.0,1.0,0.2919584743247198,0.03481862109605643,0.25,0.18857142857142858,0.39634146341463417,0.1477764393601576,0.021973086670225413,0.15384615384615385,0.07936507936507936,0.2226027397260274,0.1960280274792139,0.026676198490370846,0.20132013201320131,0.12096774193548387,0.2850877192982456
Reddit_B,5.0,2.0,2.0,0.344978280809317,0.038014313239420096,0.30303030303030304,0.24375,0.45614035087719296,0.1746583187906678,0.024992969172632364,0.16666666666666666,0.09523809523809523,0.25,0.23166653168655554,0.029960001809427657,0.2222222222222222,0.14516129032258066,0.32298136645962733
Reddit_B,5.0,2.0,3.0,0.38215167431271874,0.04071258472171048,0.33695652173913043,0.2598870056497175,0.50199203187251,0.19348822685679146,0.027332865250755428,0.16666666666666666,0.10582010582010581,0.2809224318658281,0.25663678640929444,0.032558542670343714,0.21656050955414013,0.16129032258064516,0.3602150537634408
Reddit_B,5.0,2.0,5.0,0.41233618226953583,0.0397867816564332,0.42857142857142855,0.3107344632768362,0.5745614035087719,0.20872355556842068,0.027394577845641494,0.2,0.10317460317460317,0.31490384615384615,0.2768688118933711,0.032318106717463095,0.23248407643312105,0.15725806451612906,0.40683229813664595
Reddit_B,5.0,3.0,0,0.2483332572663727,0.03368041508169432,0.23076923076923078,0.17222222222222222,0.39603960396039606,0.12561106662668245,0.019855456158547617,0.1111111111111111,0.07671957671957672,0.19863013698630136,0.16665967601502904,0.024596353763123843,0.14285714285714285,0.1090909090909091,0.25889967637540456
Reddit_B,5.0,3.0,0.1,0.2565064081897141,0.03354195803870977,0.2222222222222222,0.16748768472906403,0.35406698564593303,0.12982490260515922,0.0205362930534848,0.11764705882352941,0.07671957671957672,0.19111111111111112,0.17221679430669354,0.025192455513687234,0.14814814814814814,0.11247803163444639,0.2471264367816092
Reddit_B,5.0,3.0,0.25,0.2656777579585734,0.03521311281093626,0.25,0.15384615384615385,0.37799043062200954,0.13441076040354313,0.02116466510021076,0.13032581453634084,0.07339449541284404,0.20754716981132076,0.17832146418807956,0.026049782189206717,0.15666666666666665,0.09937888198757763,0.26612903225806456
Reddit_B,5.0,3.0,0.5,0.2787059425057378,0.035905731904693504,0.25,0.18128654970760233,0.4063745019920319,0.14102277611414768,0.021804324995690356,0.125,0.08051948051948052,0.22417582417582418,0.18708705262561687,0.026767901462622968,0.18181818181818182,0.11151079136690649,0.28895184135977336
Reddit_B,5.0,3.0,0.75,0.2880853701379684,0.035284707100186496,0.28,0.2,0.40823970037453183,0.14577975941717816,0.021791169965439974,0.14285714285714285,0.08994708994708994,0.22851153039832284,0.1933947285471262,0.026610401743904406,0.18181818181818182,0.13005780346820808,0.29301075268817206
Reddit_B,5.0,3.0,1.0,0.3023549166191199,0.03676844956551527,0.32,0.19689119170984457,0.42696629213483145,0.15294275345572186,0.022455366799672142,0.14285714285714285,0.07936507936507936,0.2389937106918239,0.20292212939295132,0.027445062380610067,0.2222222222222222,0.12096774193548387,0.3064516129032258
Reddit_B,5.0,3.0,2.0,0.3453226451946538,0.0379963993405123,0.3333333333333333,0.22842639593908629,0.462882096069869,0.17475752230554126,0.024491089919197444,0.15789473684210525,0.10317460317460317,0.25,0.23182929031117236,0.02944585506107786,0.23529411764705885,0.15619047619047619,0.32298136645962733
Reddit_B,5.0,3.0,3.0,0.3795505563447359,0.038542710178662516,0.3686868686868687,0.2647058823529412,0.491869918699187,0.19215170258352754,0.026099271927178425,0.16666666666666666,0.09523809523809523,0.2688888888888889,0.2548770392745415,0.031005275268418567,0.20606060606060606,0.14516129032258066,0.34770114942528735
Reddit_B,5.0,3.0,5.0,0.41334379121079823,0.041955962920108794,0.4444444444444444,0.2786885245901639,0.5701754385964912,0.20920605893489674,0.0281491911329356,0.2,0.1164021164021164,0.3125,0.27751879790096573,0.033455856427875304,0.2608695652173913,0.17741935483870966,0.4037267080745342
Reddit_B,5.0,5.0,0,0.2776531072282058,0.03716821689143286,0.3333333333333333,0.14743589743589744,0.3943089430894309,0.14037728761296353,0.02177940992638792,0.15,0.07033639143730887,0.21555555555555556,0.1862790766061794,0.026992233847104755,0.17391304347826086,0.09523809523809523,0.27873563218390807
Reddit_B,5.0,5.0,0.1,0.27951337824995276,0.03684515665382544,0.2,0.1724137931034483,0.3983739837398374,0.14129961987292958,0.021510988599778548,0.11363636363636363,0.08744394618834081,0.21777777777777776,0.18750936236220225,0.026643616092020005,0.1509433962264151,0.11729323308270678,0.28160919540229884
Reddit_B,5.0,5.0,0.25,0.2859622110882736,0.03765648664550391,0.28,0.1461187214611872,0.4186991869918699,0.14463516275772637,0.022401422793044284,0.14350797266514806,0.07174887892376682,0.2288888888888889,0.1919064421560782,0.027664673540439545,0.12903225806451613,0.09624060150375939,0.2959770114942529
Reddit_B,5.0,5.0,0.5,0.29196804972904766,0.03765520191009892,0.28,0.1477832512315271,0.3871951219512195,0.14758908120590838,0.0220398385215094,0.13734939759036144,0.07399103139013453,0.21746575342465754,0.19586307211338033,0.027302418496121937,0.16666666666666663,0.09924812030075189,0.27850877192982454
Reddit_B,5.0,5.0,0.75,0.2975096787946522,0.03654304480335672,0.3333333333333333,0.1912568306010929,0.40611353711790393,0.15040587624440951,0.021739974030022608,0.13333333333333333,0.0873015873015873,0.2243150684931507,0.19959437299050667,0.026759834900708424,0.1818181818181818,0.12619502868068835,0.2872807017543859
Reddit_B,5.0,5.0,1.0,0.30561906195582245,0.038562400541131955,0.285,0.15846994535519127,0.4019138755980861,0.1545454906346142,0.022997838113370618,0.16666666666666666,0.08430232558139535,0.2235294117647059,0.20507055934537038,0.028336887350311223,0.2222222222222222,0.11005692599620494,0.286144578313253
Reddit_B,5.0,5.0,2.0,0.3337160488584655,0.03900926230308214,0.3333333333333333,0.1912568306010929,0.4525862068965517,0.1688219297059191,0.024240490598827186,0.1497326203208556,0.08465608465608465,0.24034334763948498,0.22398559495410722,0.029487534169729247,0.20462046204620463,0.12903225806451613,0.3128491620111732
Reddit_B,5.0,5.0,3.0,0.36565327891102245,0.041170500784412326,0.3333333333333333,0.20218579234972678,0.47865853658536583,0.18505365353158276,0.02626895475082532,0.17435897435897435,0.08994708994708994,0.2688356164383562,0.2454893351340902,0.03173474048203082,0.20442930153321975,0.13709677419354838,0.3442982456140351
Reddit_B,5.0,5.0,5.0,0.4064163753198299,0.04043314779451938,0.4,0.26229508196721313,0.5394736842105263,0.20568017890371423,0.02711377765808169,0.2,0.10052910052910052,0.2956730769230769,0.2728532195597641,0.032210603833577614,0.2679245283018868,0.1532258064516129,0.38198757763975155
