from,to,date,value
1,2,2004-04-15,1.0
3,4,2004-04-16,1.0
5,2,2004-04-19,1.0
29,25,2004-04-20,1.0
27,28,2004-04-20,1.0
26,7,2004-04-20,1.0
25,21,2004-04-20,1.0
9,22,2004-04-20,1.0
9,24,2004-04-20,1.0
19,22,2004-04-20,1.0
20,21,2004-04-20,1.0
19,18,2004-04-20,1.0
9,18,2004-04-20,1.0
8,23,2004-04-20,1.0
9,17,2004-04-20,1.0
9,16,2004-04-20,1.0
9,15,2004-04-20,1.0
9,14,2004-04-20,1.0
12,13,2004-04-20,1.0
9,11,2004-04-20,1.0
9,10,2004-04-20,1.0
8,7,2004-04-20,1.0
6,7,2004-04-20,1.0
41,39,2004-04-21,1.0
41,42,2004-04-21,1.0
41,43,2004-04-21,1.0
9,40,2004-04-21,1.0
48,46,2004-04-21,1.0
46,22,2004-04-21,1.0
44,46,2004-04-21,1.0
47,46,2004-04-21,1.0
41,13,2004-04-21,1.0
44,45,2004-04-21,1.0
41,14,2004-04-21,1.0
41,15,2004-04-21,1.0
30,31,2004-04-21,1.0
36,40,2004-04-21,1.0
38,39,2004-04-21,1.0
36,37,2004-04-21,1.0
34,33,2004-04-21,1.0
34,35,2004-04-21,1.0
32,33,2004-04-21,1.0
41,11,2004-04-21,1.0
99,8,2004-04-22,1.0
48,97,2004-04-22,1.0
97,98,2004-04-22,1.0
98,97,2004-04-22,1.0
96,88,2004-04-22,1.0
91,47,2004-04-22,1.0
84,8,2004-04-22,1.0
8,84,2004-04-22,1.0
97,48,2004-04-22,1.0
48,58,2004-04-22,1.0
102,97,2004-04-22,1.0
97,102,2004-04-22,1.0
101,100,2004-04-22,1.0
103,72,2004-04-22,1.0
103,58,2004-04-22,1.0
104,59,2004-04-22,1.0
100,101,2004-04-22,1.0
91,81,2004-04-22,1.0
87,8,2004-04-22,1.0
3,84,2004-04-22,1.0
36,89,2004-04-22,1.0
90,56,2004-04-22,1.0
36,90,2004-04-22,1.0
36,84,2004-04-22,1.0
91,92,2004-04-22,1.0
36,93,2004-04-22,1.0
36,60,2004-04-22,1.0
51,58,2004-04-22,1.0
94,84,2004-04-22,1.0
69,84,2004-04-22,1.0
69,95,2004-04-22,1.0
105,56,2004-04-22,1.0
29,58,2004-04-22,1.0
105,61,2004-04-22,1.0
44,79,2004-04-22,1.0
80,58,2004-04-22,1.0
96,32,2004-04-22,1.0
118,100,2004-04-22,1.0
119,120,2004-04-22,1.0
120,119,2004-04-22,1.0
120,75,2004-04-22,1.0
119,58,2004-04-22,1.0
74,73,2004-04-22,1.0
118,120,2004-04-22,1.0
121,108,2004-04-22,1.0
72,106,2004-04-22,1.0
44,92,2004-04-22,1.0
26,122,2004-04-22,1.0
1,123,2004-04-22,1.0
96,124,2004-04-22,1.0
125,126,2004-04-22,1.0
44,117,2004-04-22,1.0
106,72,2004-04-22,1.0
87,58,2004-04-22,1.0
105,8,2004-04-22,1.0
105,33,2004-04-22,1.0
105,107,2004-04-22,1.0
105,81,2004-04-22,1.0
44,102,2004-04-22,1.0
36,105,2004-04-22,1.0
36,104,2004-04-22,1.0
34,108,2004-04-22,1.0
34,109,2004-04-22,1.0
36,110,2004-04-22,1.0
111,112,2004-04-22,1.0
34,58,2004-04-22,1.0
36,113,2004-04-22,1.0
36,109,2004-04-22,1.0
79,109,2004-04-22,1.0
114,105,2004-04-22,1.0
101,115,2004-04-22,1.0
56,90,2004-04-22,1.0
56,105,2004-04-22,1.0
56,68,2004-04-22,1.0
36,88,2004-04-22,1.0
44,116,2004-04-22,1.0
87,63,2004-04-22,1.0
48,86,2004-04-22,1.0
41,43,2004-04-22,1.0
41,52,2004-04-22,1.0
41,58,2004-04-22,1.0
41,59,2004-04-22,1.0
9,64,2004-04-22,1.0
9,58,2004-04-22,1.0
12,66,2004-04-22,1.0
32,58,2004-04-22,1.0
67,32,2004-04-22,1.0
41,32,2004-04-22,1.0
32,68,2004-04-22,1.0
68,56,2004-04-22,1.0
68,61,2004-04-22,1.0
67,8,2004-04-22,1.0
69,67,2004-04-22,1.0
70,51,2004-04-22,1.0
41,61,2004-04-22,1.0
41,56,2004-04-22,1.0
41,65,2004-04-22,1.0
41,64,2004-04-22,1.0
9,49,2004-04-22,1.0
86,48,2004-04-22,1.0
44,51,2004-04-22,1.0
32,52,2004-04-22,1.0
36,32,2004-04-22,1.0
53,54,2004-04-22,1.0
36,55,2004-04-22,1.0
56,57,2004-04-22,1.0
36,58,2004-04-22,1.0
44,50,2004-04-22,1.0
44,59,2004-04-22,1.0
44,14,2004-04-22,1.0
36,56,2004-04-22,1.0
56,61,2004-04-22,1.0
62,50,2004-04-22,1.0
32,59,2004-04-22,1.0
36,50,2004-04-22,1.0
41,63,2004-04-22,1.0
71,72,2004-04-22,1.0
19,58,2004-04-22,1.0
19,52,2004-04-22,1.0
83,59,2004-04-22,1.0
51,70,2004-04-22,1.0
38,58,2004-04-22,1.0
63,79,2004-04-22,1.0
67,59,2004-04-22,1.0
44,84,2004-04-22,1.0
19,85,2004-04-22,1.0
19,72,2004-04-22,1.0
19,8,2004-04-22,1.0
84,86,2004-04-22,1.0
71,58,2004-04-22,1.0
19,64,2004-04-22,1.0
12,32,2004-04-22,1.0
83,58,2004-04-22,1.0
72,71,2004-04-22,1.0
73,74,2004-04-22,1.0
44,75,2004-04-22,1.0
32,77,2004-04-22,1.0
19,82,2004-04-22,1.0
9,76,2004-04-22,1.0
41,81,2004-04-22,1.0
79,58,2004-04-22,1.0
41,80,2004-04-22,1.0
79,70,2004-04-22,1.0
79,48,2004-04-22,1.0
41,78,2004-04-22,1.0
41,76,2004-04-22,1.0
79,63,2004-04-22,1.0
95,63,2004-04-23,1.0
103,109,2004-04-23,1.0
103,63,2004-04-23,1.0
48,81,2004-04-23,1.0
95,81,2004-04-23,1.0
145,48,2004-04-23,1.0
145,95,2004-04-23,1.0
96,95,2004-04-23,1.0
95,109,2004-04-23,1.0
96,48,2004-04-23,1.0
9,109,2004-04-23,1.0
144,121,2004-04-23,1.0
71,72,2004-04-23,1.0
144,99,2004-04-23,1.0
19,82,2004-04-23,1.0
105,56,2004-04-23,1.0
124,135,2004-04-23,1.0
105,58,2004-04-23,1.0
105,63,2004-04-23,1.0
105,61,2004-04-23,1.0
105,135,2004-04-23,1.0
135,124,2004-04-23,1.0
9,32,2004-04-23,1.0
63,105,2004-04-23,1.0
72,71,2004-04-23,1.0
142,58,2004-04-23,1.0
143,32,2004-04-23,1.0
144,105,2004-04-23,1.0
9,135,2004-04-23,1.0
1,135,2004-04-23,1.0
3,155,2004-04-23,1.0
36,109,2004-04-23,1.0
30,132,2004-04-23,1.0
3,58,2004-04-23,1.0
68,56,2004-04-23,1.0
36,156,2004-04-23,1.0
131,30,2004-04-23,1.0
101,51,2004-04-23,1.0
101,34,2004-04-23,1.0
9,8,2004-04-23,1.0
36,73,2004-04-23,1.0
9,76,2004-04-23,1.0
9,157,2004-04-23,1.0
19,158,2004-04-23,1.0
9,58,2004-04-23,1.0
140,124,2004-04-23,1.0
9,121,2004-04-23,1.0
105,144,2004-04-23,1.0
9,154,2004-04-23,1.0
9,22,2004-04-23,1.0
6,146,2004-04-23,1.0
44,60,2004-04-23,1.0
44,105,2004-04-23,1.0
63,95,2004-04-23,1.0
44,32,2004-04-23,1.0
114,105,2004-04-23,1.0
34,109,2004-04-23,1.0
36,105,2004-04-23,1.0
36,147,2004-04-23,1.0
19,120,2004-04-23,1.0
9,136,2004-04-23,1.0
9,148,2004-04-23,1.0
9,149,2004-04-23,1.0
9,150,2004-04-23,1.0
9,151,2004-04-23,1.0
9,152,2004-04-23,1.0
9,153,2004-04-23,1.0
44,74,2004-04-23,1.0
99,126,2004-04-23,1.0
103,72,2004-04-23,1.0
103,117,2004-04-23,1.0
69,95,2004-04-23,1.0
72,124,2004-04-23,1.0
69,124,2004-04-23,1.0
132,30,2004-04-23,1.0
36,99,2004-04-23,1.0
36,133,2004-04-23,1.0
36,60,2004-04-23,1.0
36,134,2004-04-23,1.0
36,81,2004-04-23,1.0
103,135,2004-04-23,1.0
69,79,2004-04-23,1.0
124,85,2004-04-23,1.0
36,112,2004-04-23,1.0
32,130,2004-04-23,1.0
44,127,2004-04-23,1.0
36,104,2004-04-23,1.0
44,79,2004-04-23,1.0
36,124,2004-04-23,1.0
36,127,2004-04-23,1.0
36,128,2004-04-23,1.0
44,129,2004-04-23,1.0
44,116,2004-04-23,1.0
9,120,2004-04-23,1.0
79,58,2004-04-23,1.0
124,109,2004-04-23,1.0
124,61,2004-04-23,1.0
124,72,2004-04-23,1.0
85,124,2004-04-23,1.0
133,135,2004-04-23,1.0
135,133,2004-04-23,1.0
124,8,2004-04-23,1.0
19,111,2004-04-23,1.0
44,90,2004-04-23,1.0
44,141,2004-04-23,1.0
38,86,2004-04-23,1.0
38,101,2004-04-23,1.0
103,101,2004-04-23,1.0
38,61,2004-04-23,1.0
75,120,2004-04-23,1.0
38,81,2004-04-23,1.0
44,102,2004-04-23,1.0
140,105,2004-04-23,1.0
19,52,2004-04-23,1.0
44,88,2004-04-23,1.0
96,32,2004-04-23,1.0
62,136,2004-04-23,1.0
137,138,2004-04-23,1.0
96,137,2004-04-23,1.0
19,139,2004-04-23,1.0
101,190,2004-04-24,1.0
103,192,2004-04-24,1.0
140,185,2004-04-24,1.0
191,175,2004-04-24,1.0
101,100,2004-04-24,1.0
41,188,2004-04-24,1.0
41,86,2004-04-24,1.0
102,97,2004-04-24,1.0
189,8,2004-04-24,1.0
176,86,2004-04-24,1.0
185,109,2004-04-24,1.0
176,97,2004-04-24,1.0
176,132,2004-04-24,1.0
176,120,2004-04-24,1.0
176,149,2004-04-24,1.0
176,61,2004-04-24,1.0
176,20,2004-04-24,1.0
194,195,2004-04-24,1.0
194,149,2004-04-24,1.0
41,192,2004-04-24,1.0
193,149,2004-04-24,1.0
103,109,2004-04-24,1.0
103,190,2004-04-24,1.0
109,124,2004-04-24,1.0
193,190,2004-04-24,1.0
190,109,2004-04-24,1.0
191,78,2004-04-24,1.0
187,186,2004-04-24,1.0
41,177,2004-04-24,1.0
189,175,2004-04-24,1.0
186,185,2004-04-24,1.0
32,185,2004-04-24,1.0
41,185,2004-04-24,1.0
185,32,2004-04-24,1.0
185,147,2004-04-24,1.0
41,168,2004-04-24,1.0
9,32,2004-04-24,1.0
63,174,2004-04-24,1.0
174,63,2004-04-24,1.0
176,72,2004-04-24,1.0
155,32,2004-04-24,1.0
185,186,2004-04-24,1.0
103,188,2004-04-24,1.0
103,63,2004-04-24,1.0
103,58,2004-04-24,1.0
63,185,2004-04-24,1.0
63,155,2004-04-24,1.0
185,63,2004-04-24,1.0
32,155,2004-04-24,1.0
41,186,2004-04-24,1.0
103,97,2004-04-24,1.0
185,97,2004-04-24,1.0
103,177,2004-04-24,1.0
155,63,2004-04-24,1.0
176,58,2004-04-24,1.0
184,101,2004-04-24,1.0
176,196,2004-04-24,1.0
103,215,2004-04-24,1.0
44,214,2004-04-24,1.0
103,82,2004-04-24,1.0
214,215,2004-04-24,1.0
189,199,2004-04-24,1.0
211,85,2004-04-24,1.0
211,93,2004-04-24,1.0
211,213,2004-04-24,1.0
212,209,2004-04-24,1.0
211,101,2004-04-24,1.0
32,198,2004-04-24,1.0
68,101,2004-04-24,1.0
176,101,2004-04-24,1.0
101,184,2004-04-24,1.0
199,210,2004-04-24,1.0
199,209,2004-04-24,1.0
209,199,2004-04-24,1.0
63,199,2004-04-24,1.0
63,127,2004-04-24,1.0
103,56,2004-04-24,1.0
103,168,2004-04-24,1.0
88,101,2004-04-24,1.0
19,109,2004-04-24,1.0
219,124,2004-04-24,1.0
176,218,2004-04-24,1.0
36,209,2004-04-24,1.0
176,216,2004-04-24,1.0
214,109,2004-04-24,1.0
215,62,2004-04-24,1.0
103,127,2004-04-24,1.0
41,216,2004-04-24,1.0
41,215,2004-04-24,1.0
215,67,2004-04-24,1.0
176,217,2004-04-24,1.0
176,8,2004-04-24,1.0
103,210,2004-04-24,1.0
189,144,2004-04-24,1.0
204,184,2004-04-24,1.0
204,104,2004-04-24,1.0
204,205,2004-04-24,1.0
176,166,2004-04-24,1.0
176,175,2004-04-24,1.0
176,184,2004-04-24,1.0
176,177,2004-04-24,1.0
176,181,2004-04-24,1.0
176,180,2004-04-24,1.0
176,203,2004-04-24,1.0
176,185,2004-04-24,1.0
176,202,2004-04-24,1.0
176,188,2004-04-24,1.0
176,201,2004-04-24,1.0
176,192,2004-04-24,1.0
176,190,2004-04-24,1.0
176,200,2004-04-24,1.0
176,199,2004-04-24,1.0
176,198,2004-04-24,1.0
176,197,2004-04-24,1.0
3,185,2004-04-24,1.0
3,32,2004-04-24,1.0
199,58,2004-04-24,1.0
103,132,2004-04-24,1.0
199,20,2004-04-24,1.0
191,121,2004-04-24,1.0
101,88,2004-04-24,1.0
63,46,2004-04-24,1.0
101,208,2004-04-24,1.0
36,105,2004-04-24,1.0
204,129,2004-04-24,1.0
175,191,2004-04-24,1.0
121,191,2004-04-24,1.0
204,123,2004-04-24,1.0
194,207,2004-04-24,1.0
194,206,2004-04-24,1.0
194,199,2004-04-24,1.0
199,101,2004-04-24,1.0
63,184,2004-04-24,1.0
41,63,2004-04-24,1.0
38,109,2004-04-24,1.0
161,164,2004-04-24,1.0
38,128,2004-04-24,1.0
164,8,2004-04-24,1.0
124,109,2004-04-24,1.0
103,85,2004-04-24,1.0
175,50,2004-04-24,1.0
32,174,2004-04-24,1.0
32,109,2004-04-24,1.0
9,61,2004-04-24,1.0
9,165,2004-04-24,1.0
9,20,2004-04-24,1.0
41,56,2004-04-24,1.0
176,63,2004-04-24,1.0
32,177,2004-04-24,1.0
32,175,2004-04-24,1.0
164,177,2004-04-24,1.0
164,178,2004-04-24,1.0
161,63,2004-04-24,1.0
32,164,2004-04-24,1.0
9,58,2004-04-24,1.0
96,163,2004-04-24,1.0
32,26,2004-04-24,1.0
163,72,2004-04-24,1.0
161,162,2004-04-24,1.0
34,101,2004-04-24,1.0
9,8,2004-04-24,1.0
36,129,2004-04-24,1.0
36,109,2004-04-24,1.0
36,147,2004-04-24,1.0
129,8,2004-04-24,1.0
160,72,2004-04-24,1.0
44,129,2004-04-24,1.0
44,74,2004-04-24,1.0
1,159,2004-04-24,1.0
51,101,2004-04-24,1.0
105,129,2004-04-24,1.0
105,135,2004-04-24,1.0
58,8,2004-04-24,1.0
32,58,2004-04-24,1.0
41,76,2004-04-24,1.0
41,120,2004-04-24,1.0
67,154,2004-04-24,1.0
103,173,2004-04-24,1.0
8,164,2004-04-24,1.0
8,58,2004-04-24,1.0
32,130,2004-04-24,1.0
51,157,2004-04-24,1.0
103,101,2004-04-24,1.0
56,172,2004-04-24,1.0
56,171,2004-04-24,1.0
56,170,2004-04-24,1.0
56,68,2004-04-24,1.0
41,134,2004-04-24,1.0
41,169,2004-04-24,1.0
41,167,2004-04-24,1.0
41,157,2004-04-24,1.0
41,166,2004-04-24,1.0
41,165,2004-04-24,1.0
41,132,2004-04-24,1.0
56,154,2004-04-24,1.0
164,179,2004-04-24,1.0
32,179,2004-04-24,1.0
177,32,2004-04-24,1.0
175,32,2004-04-24,1.0
183,184,2004-04-24,1.0
41,180,2004-04-24,1.0
96,164,2004-04-24,1.0
177,180,2004-04-24,1.0
180,177,2004-04-24,1.0
180,181,2004-04-24,1.0
180,182,2004-04-24,1.0
41,90,2004-04-24,1.0
220,48,2004-04-25,1.0
144,222,2004-04-25,1.0
175,48,2004-04-25,1.0
144,185,2004-04-25,1.0
48,175,2004-04-25,1.0
9,175,2004-04-25,1.0
9,209,2004-04-25,1.0
12,175,2004-04-25,1.0
48,52,2004-04-25,1.0
144,195,2004-04-25,1.0
176,198,2004-04-25,1.0
95,168,2004-04-25,1.0
220,95,2004-04-25,1.0
191,237,2004-04-25,1.0
103,66,2004-04-25,1.0
88,220,2004-04-25,1.0
220,214,2004-04-25,1.0
52,48,2004-04-25,1.0
103,52,2004-04-25,1.0
191,175,2004-04-25,1.0
9,144,2004-04-25,1.0
176,201,2004-04-25,1.0
168,95,2004-04-25,1.0
194,209,2004-04-25,1.0
227,144,2004-04-25,1.0
63,127,2004-04-25,1.0
204,241,2004-04-25,1.0
32,243,2004-04-25,1.0
32,144,2004-04-25,1.0
194,182,2004-04-25,1.0
194,199,2004-04-25,1.0
194,242,2004-04-25,1.0
9,216,2004-04-25,1.0
103,144,2004-04-25,1.0
144,241,2004-04-25,1.0
44,214,2004-04-25,1.0
41,32,2004-04-25,1.0
9,244,2004-04-25,1.0
88,32,2004-04-25,1.0
211,233,2004-04-25,1.0
32,88,2004-04-25,1.0
9,177,2004-04-25,1.0
9,235,2004-04-25,1.0
143,95,2004-04-25,1.0
144,48,2004-04-25,1.0
143,32,2004-04-25,1.0
19,233,2004-04-25,1.0
34,242,2004-04-25,1.0
233,88,2004-04-25,1.0
19,52,2004-04-25,1.0
211,246,2004-04-25,1.0
211,228,2004-04-25,1.0
228,97,2004-04-25,1.0
245,191,2004-04-25,1.0
127,63,2004-04-25,1.0
144,240,2004-04-25,1.0
239,175,2004-04-25,1.0
175,191,2004-04-25,1.0
144,238,2004-04-25,1.0
144,88,2004-04-25,1.0
239,236,2004-04-25,1.0
88,144,2004-04-25,1.0
36,222,2004-04-25,1.0
144,32,2004-04-25,1.0
3,132,2004-04-25,1.0
144,23,2004-04-25,1.0
12,90,2004-04-25,1.0
36,214,2004-04-25,1.0
36,221,2004-04-25,1.0
225,223,2004-04-25,1.0
214,175,2004-04-25,1.0
175,214,2004-04-25,1.0
96,224,2004-04-25,1.0
212,66,2004-04-25,1.0
51,215,2004-04-25,1.0
41,134,2004-04-25,1.0
41,97,2004-04-25,1.0
41,223,2004-04-25,1.0
41,222,2004-04-25,1.0
222,120,2004-04-25,1.0
176,223,2004-04-25,1.0
176,226,2004-04-25,1.0
221,161,2004-04-25,1.0
229,230,2004-04-25,1.0
214,101,2004-04-25,1.0
227,26,2004-04-25,1.0
204,221,2004-04-25,1.0
3,32,2004-04-25,1.0
56,214,2004-04-25,1.0
44,226,2004-04-25,1.0
161,221,2004-04-25,1.0
103,98,2004-04-25,1.0
176,221,2004-04-25,1.0
103,175,2004-04-25,1.0
19,215,2004-04-25,1.0
19,109,2004-04-25,1.0
19,175,2004-04-25,1.0
214,56,2004-04-25,1.0
103,56,2004-04-25,1.0
215,51,2004-04-25,1.0
96,231,2004-04-25,1.0
214,215,2004-04-25,1.0
220,32,2004-04-25,1.0
103,215,2004-04-25,1.0
96,164,2004-04-25,1.0
96,32,2004-04-25,1.0
96,95,2004-04-25,1.0
103,168,2004-04-25,1.0
96,232,2004-04-25,1.0
103,20,2004-04-25,1.0
97,191,2004-04-25,1.0
9,101,2004-04-25,1.0
176,233,2004-04-25,1.0
48,81,2004-04-25,1.0
237,32,2004-04-25,1.0
101,34,2004-04-25,1.0
96,48,2004-04-25,1.0
103,221,2004-04-25,1.0
12,81,2004-04-25,1.0
41,174,2004-04-25,1.0
12,168,2004-04-25,1.0
32,237,2004-04-25,1.0
131,30,2004-04-25,1.0
9,190,2004-04-25,1.0
9,97,2004-04-25,1.0
103,233,2004-04-25,1.0
9,233,2004-04-25,1.0
63,185,2004-04-25,1.0
63,202,2004-04-25,1.0
103,8,2004-04-25,1.0
103,185,2004-04-25,1.0
212,6,2004-04-25,1.0
124,109,2004-04-25,1.0
103,86,2004-04-25,1.0
191,236,2004-04-25,1.0
166,234,2004-04-25,1.0
69,34,2004-04-25,1.0
103,93,2004-04-25,1.0
235,191,2004-04-25,1.0
103,58,2004-04-25,1.0
32,58,2004-04-25,1.0
97,228,2004-04-25,1.0
63,92,2004-04-25,1.0
103,166,2004-04-25,1.0
63,199,2004-04-25,1.0
1,30,2004-04-25,1.0
41,166,2004-04-25,1.0
69,185,2004-04-25,1.0
41,173,2004-04-25,1.0
191,136,2004-04-25,1.0
34,101,2004-04-26,1.0
103,52,2004-04-26,1.0
260,127,2004-04-26,1.0
101,68,2004-04-26,1.0
9,135,2004-04-26,1.0
127,260,2004-04-26,1.0
20,275,2004-04-26,1.0
140,278,2004-04-26,1.0
140,6,2004-04-26,1.0
263,277,2004-04-26,1.0
101,34,2004-04-26,1.0
199,279,2004-04-26,1.0
199,260,2004-04-26,1.0
41,280,2004-04-26,1.0
176,283,2004-04-26,1.0
276,8,2004-04-26,1.0
282,34,2004-04-26,1.0
277,68,2004-04-26,1.0
260,199,2004-04-26,1.0
176,101,2004-04-26,1.0
68,101,2004-04-26,1.0
271,101,2004-04-26,1.0
19,52,2004-04-26,1.0
63,127,2004-04-26,1.0
41,101,2004-04-26,1.0
281,254,2004-04-26,1.0
103,228,2004-04-26,1.0
144,260,2004-04-26,1.0
272,273,2004-04-26,1.0
69,271,2004-04-26,1.0
212,48,2004-04-26,1.0
176,267,2004-04-26,1.0
176,270,2004-04-26,1.0
212,254,2004-04-26,1.0
95,168,2004-04-26,1.0
19,265,2004-04-26,1.0
103,166,2004-04-26,1.0
204,48,2004-04-26,1.0
176,269,2004-04-26,1.0
48,256,2004-04-26,1.0
274,48,2004-04-26,1.0
101,271,2004-04-26,1.0
263,239,2004-04-26,1.0
135,105,2004-04-26,1.0
275,20,2004-04-26,1.0
176,256,2004-04-26,1.0
103,270,2004-04-26,1.0
198,256,2004-04-26,1.0
263,222,2004-04-26,1.0
103,265,2004-04-26,1.0
176,248,2004-04-26,1.0
58,199,2004-04-26,1.0
176,166,2004-04-26,1.0
295,296,2004-04-26,1.0
204,79,2004-04-26,1.0
204,276,2004-04-26,1.0
204,68,2004-04-26,1.0
211,260,2004-04-26,1.0
291,32,2004-04-26,1.0
211,228,2004-04-26,1.0
105,135,2004-04-26,1.0
36,236,2004-04-26,1.0
51,294,2004-04-26,1.0
36,291,2004-04-26,1.0
32,291,2004-04-26,1.0
63,290,2004-04-26,1.0
199,58,2004-04-26,1.0
114,124,2004-04-26,1.0
9,260,2004-04-26,1.0
69,104,2004-04-26,1.0
211,288,2004-04-26,1.0
204,288,2004-04-26,1.0
289,220,2004-04-26,1.0
103,267,2004-04-26,1.0
220,221,2004-04-26,1.0
9,177,2004-04-26,1.0
9,32,2004-04-26,1.0
294,51,2004-04-26,1.0
204,298,2004-04-26,1.0
53,291,2004-04-26,1.0
70,124,2004-04-26,1.0
297,191,2004-04-26,1.0
44,129,2004-04-26,1.0
6,221,2004-04-26,1.0
204,284,2004-04-26,1.0
211,284,2004-04-26,1.0
69,293,2004-04-26,1.0
291,292,2004-04-26,1.0
27,221,2004-04-26,1.0
189,132,2004-04-26,1.0
101,32,2004-04-26,1.0
36,285,2004-04-26,1.0
286,221,2004-04-26,1.0
220,67,2004-04-26,1.0
12,101,2004-04-26,1.0
67,256,2004-04-26,1.0
41,270,2004-04-26,1.0
220,271,2004-04-26,1.0
221,3,2004-04-26,1.0
181,180,2004-04-26,1.0
181,177,2004-04-26,1.0
44,290,2004-04-26,1.0
3,221,2004-04-26,1.0
204,271,2004-04-26,1.0
204,221,2004-04-26,1.0
289,135,2004-04-26,1.0
176,284,2004-04-26,1.0
79,260,2004-04-26,1.0
1,255,2004-04-26,1.0
215,51,2004-04-26,1.0
51,288,2004-04-26,1.0
260,181,2004-04-26,1.0
236,239,2004-04-26,1.0
260,287,2004-04-26,1.0
181,260,2004-04-26,1.0
79,256,2004-04-26,1.0
79,166,2004-04-26,1.0
69,254,2004-04-26,1.0
254,8,2004-04-26,1.0
8,254,2004-04-26,1.0
44,88,2004-04-26,1.0
44,48,2004-04-26,1.0
212,34,2004-04-26,1.0
8,164,2004-04-26,1.0
164,8,2004-04-26,1.0
9,251,2004-04-26,1.0
53,253,2004-04-26,1.0
212,252,2004-04-26,1.0
103,256,2004-04-26,1.0
263,254,2004-04-26,1.0
103,260,2004-04-26,1.0
204,262,2004-04-26,1.0
260,51,2004-04-26,1.0
51,260,2004-04-26,1.0
259,256,2004-04-26,1.0
204,81,2004-04-26,1.0
261,256,2004-04-26,1.0
259,260,2004-04-26,1.0
168,95,2004-04-26,1.0
258,76,2004-04-26,1.0
52,48,2004-04-26,1.0
204,257,2004-04-26,1.0
143,32,2004-04-26,1.0
103,63,2004-04-26,1.0
34,242,2004-04-26,1.0
41,251,2004-04-26,1.0
41,248,2004-04-26,1.0
41,250,2004-04-26,1.0
249,63,2004-04-26,1.0
32,88,2004-04-26,1.0
176,63,2004-04-26,1.0
88,32,2004-04-26,1.0
211,232,2004-04-26,1.0
248,247,2004-04-26,1.0
247,248,2004-04-26,1.0
176,72,2004-04-26,1.0
101,208,2004-04-26,1.0
103,86,2004-04-26,1.0
204,51,2004-04-26,1.0
144,247,2004-04-26,1.0
41,97,2004-04-26,1.0
51,86,2004-04-26,1.0
12,168,2004-04-26,1.0
103,177,2004-04-26,1.0
12,175,2004-04-26,1.0
204,266,2004-04-26,1.0
263,191,2004-04-26,1.0
12,260,2004-04-26,1.0
260,267,2004-04-26,1.0
267,256,2004-04-26,1.0
267,260,2004-04-26,1.0
211,251,2004-04-26,1.0
96,6,2004-04-26,1.0
51,267,2004-04-26,1.0
268,149,2004-04-26,1.0
267,51,2004-04-26,1.0
212,6,2004-04-26,1.0
127,63,2004-04-26,1.0
189,8,2004-04-26,1.0
36,254,2004-04-26,1.0
36,6,2004-04-26,1.0
41,265,2004-04-26,1.0
6,122,2004-04-26,1.0
264,158,2004-04-26,1.0
36,222,2004-04-26,1.0
41,256,2004-04-26,1.0
62,215,2004-04-26,1.0
256,259,2004-04-26,1.0
9,288,2004-04-27,1.0
332,281,2004-04-27,1.0
333,308,2004-04-27,1.0
323,281,2004-04-27,1.0
128,324,2004-04-27,1.0
335,34,2004-04-27,1.0
336,333,2004-04-27,1.0
308,333,2004-04-27,1.0
336,315,2004-04-27,1.0
281,323,2004-04-27,1.0
324,51,2004-04-27,1.0
51,324,2004-04-27,1.0
12,288,2004-04-27,1.0
9,97,2004-04-27,1.0
9,282,2004-04-27,1.0
324,329,2004-04-27,1.0
333,319,2004-04-27,1.0
9,316,2004-04-27,1.0
329,324,2004-04-27,1.0
220,221,2004-04-27,1.0
34,313,2004-04-27,1.0
41,308,2004-04-27,1.0
337,260,2004-04-27,1.0
337,281,2004-04-27,1.0
281,254,2004-04-27,1.0
254,281,2004-04-27,1.0
62,260,2004-04-27,1.0
308,311,2004-04-27,1.0
176,311,2004-04-27,1.0
103,324,2004-04-27,1.0
128,329,2004-04-27,1.0
36,189,2004-04-27,1.0
333,329,2004-04-27,1.0
323,333,2004-04-27,1.0
34,101,2004-04-27,1.0
36,75,2004-04-27,1.0
329,333,2004-04-27,1.0
128,221,2004-04-27,1.0
103,316,2004-04-27,1.0
36,211,2004-04-27,1.0
260,211,2004-04-27,1.0
41,97,2004-04-27,1.0
38,288,2004-04-27,1.0
297,325,2004-04-27,1.0
204,68,2004-04-27,1.0
9,318,2004-04-27,1.0
9,78,2004-04-27,1.0
38,52,2004-04-27,1.0
9,52,2004-04-27,1.0
308,60,2004-04-27,1.0
9,330,2004-04-27,1.0
51,52,2004-04-27,1.0
9,86,2004-04-27,1.0
51,331,2004-04-27,1.0
332,333,2004-04-27,1.0
9,61,2004-04-27,1.0
9,262,2004-04-27,1.0
12,168,2004-04-27,1.0
9,294,2004-04-27,1.0
204,51,2004-04-27,1.0
325,319,2004-04-27,1.0
52,328,2004-04-27,1.0
281,144,2004-04-27,1.0
212,51,2004-04-27,1.0
62,78,2004-04-27,1.0
72,291,2004-04-27,1.0
316,303,2004-04-27,1.0
334,128,2004-04-27,1.0
303,316,2004-04-27,1.0
67,90,2004-04-27,1.0
313,78,2004-04-27,1.0
34,299,2004-04-27,1.0
338,260,2004-04-27,1.0
317,308,2004-04-27,1.0
263,308,2004-04-27,1.0
308,263,2004-04-27,1.0
103,97,2004-04-27,1.0
317,263,2004-04-27,1.0
308,281,2004-04-27,1.0
281,308,2004-04-27,1.0
191,347,2004-04-27,1.0
317,254,2004-04-27,1.0
319,338,2004-04-27,1.0
314,48,2004-04-27,1.0
349,8,2004-04-27,1.0
349,319,2004-04-27,1.0
9,233,2004-04-27,1.0
44,308,2004-04-27,1.0
97,338,2004-04-27,1.0
263,281,2004-04-27,1.0
281,263,2004-04-27,1.0
254,302,2004-04-27,1.0
272,263,2004-04-27,1.0
263,254,2004-04-27,1.0
302,254,2004-04-27,1.0
303,298,2004-04-27,1.0
204,327,2004-04-27,1.0
44,34,2004-04-27,1.0
337,254,2004-04-27,1.0
317,191,2004-04-27,1.0
302,281,2004-04-27,1.0
9,308,2004-04-27,1.0
314,95,2004-04-27,1.0
314,228,2004-04-27,1.0
9,311,2004-04-27,1.0
103,311,2004-04-27,1.0
254,8,2004-04-27,1.0
204,339,2004-04-27,1.0
313,34,2004-04-27,1.0
335,191,2004-04-27,1.0
260,338,2004-04-27,1.0
254,311,2004-04-27,1.0
311,308,2004-04-27,1.0
263,311,2004-04-27,1.0
311,254,2004-04-27,1.0
191,315,2004-04-27,1.0
311,50,2004-04-27,1.0
34,311,2004-04-27,1.0
53,34,2004-04-27,1.0
50,311,2004-04-27,1.0
41,120,2004-04-27,1.0
47,78,2004-04-27,1.0
345,56,2004-04-27,1.0
345,318,2004-04-27,1.0
299,34,2004-04-27,1.0
220,32,2004-04-27,1.0
63,32,2004-04-27,1.0
294,51,2004-04-27,1.0
44,299,2004-04-27,1.0
332,308,2004-04-27,1.0
88,144,2004-04-27,1.0
277,6,2004-04-27,1.0
53,308,2004-04-27,1.0
53,346,2004-04-27,1.0
319,333,2004-04-27,1.0
297,88,2004-04-27,1.0
314,333,2004-04-27,1.0
235,347,2004-04-27,1.0
32,8,2004-04-27,1.0
344,209,2004-04-27,1.0
120,222,2004-04-27,1.0
53,340,2004-04-27,1.0
53,305,2004-04-27,1.0
53,341,2004-04-27,1.0
48,311,2004-04-27,1.0
338,319,2004-04-27,1.0
319,34,2004-04-27,1.0
338,348,2004-04-27,1.0
67,32,2004-04-27,1.0
319,325,2004-04-27,1.0
317,311,2004-04-27,1.0
97,191,2004-04-27,1.0
34,343,2004-04-27,1.0
342,260,2004-04-27,1.0
302,193,2004-04-27,1.0
303,212,2004-04-27,1.0
36,155,2004-04-27,1.0
193,302,2004-04-27,1.0
193,311,2004-04-27,1.0
36,34,2004-04-27,1.0
194,296,2004-04-27,1.0
211,128,2004-04-27,1.0
296,63,2004-04-27,1.0
194,312,2004-04-27,1.0
281,302,2004-04-27,1.0
9,8,2004-04-27,1.0
128,51,2004-04-27,1.0
194,132,2004-04-27,1.0
121,228,2004-04-27,1.0
9,299,2004-04-27,1.0
310,72,2004-04-27,1.0
143,67,2004-04-27,1.0
212,209,2004-04-27,1.0
307,67,2004-04-27,1.0
189,302,2004-04-27,1.0
212,34,2004-04-27,1.0
277,184,2004-04-27,1.0
9,177,2004-04-27,1.0
309,175,2004-04-27,1.0
103,299,2004-04-27,1.0
277,191,2004-04-27,1.0
193,280,2004-04-27,1.0
314,254,2004-04-27,1.0
263,315,2004-04-27,1.0
263,316,2004-04-27,1.0
260,51,2004-04-27,1.0
51,59,2004-04-27,1.0
260,79,2004-04-27,1.0
299,209,2004-04-27,1.0
299,6,2004-04-27,1.0
248,283,2004-04-27,1.0
128,236,2004-04-27,1.0
36,299,2004-04-27,1.0
19,302,2004-04-27,1.0
313,228,2004-04-27,1.0
314,308,2004-04-27,1.0
306,305,2004-04-27,1.0
60,308,2004-04-27,1.0
193,149,2004-04-27,1.0
289,8,2004-04-27,1.0
140,124,2004-04-27,1.0
6,88,2004-04-27,1.0
302,138,2004-04-27,1.0
288,51,2004-04-27,1.0
288,211,2004-04-27,1.0
228,211,2004-04-27,1.0
260,199,2004-04-27,1.0
63,301,2004-04-27,1.0
303,294,2004-04-27,1.0
155,3,2004-04-27,1.0
205,304,2004-04-27,1.0
155,8,2004-04-27,1.0
277,252,2004-04-27,1.0
32,184,2004-04-27,1.0
301,63,2004-04-27,1.0
144,48,2004-04-27,1.0
211,265,2004-04-27,1.0
221,3,2004-04-27,1.0
221,6,2004-04-27,1.0
221,211,2004-04-27,1.0
27,221,2004-04-27,1.0
277,34,2004-04-27,1.0
263,277,2004-04-27,1.0
277,299,2004-04-27,1.0
300,52,2004-04-27,1.0
212,67,2004-04-27,1.0
277,50,2004-04-27,1.0
204,221,2004-04-27,1.0
204,181,2004-04-27,1.0
211,221,2004-04-27,1.0
6,221,2004-04-27,1.0
184,32,2004-04-27,1.0
193,233,2004-04-27,1.0
212,211,2004-04-27,1.0
307,6,2004-04-27,1.0
307,51,2004-04-27,1.0
6,299,2004-04-27,1.0
277,51,2004-04-27,1.0
277,79,2004-04-27,1.0
3,155,2004-04-27,1.0
3,221,2004-04-27,1.0
67,175,2004-04-27,1.0
288,50,2004-04-27,1.0
101,32,2004-04-27,1.0
212,228,2004-04-27,1.0
228,121,2004-04-27,1.0
67,164,2004-04-27,1.0
67,132,2004-04-27,1.0
228,304,2004-04-27,1.0
305,306,2004-04-27,1.0
239,236,2004-04-27,1.0
114,124,2004-04-27,1.0
51,294,2004-04-27,1.0
67,172,2004-04-27,1.0
51,288,2004-04-27,1.0
277,172,2004-04-27,1.0
209,299,2004-04-27,1.0
228,61,2004-04-27,1.0
128,211,2004-04-27,1.0
260,181,2004-04-27,1.0
314,51,2004-04-27,1.0
144,99,2004-04-27,1.0
144,322,2004-04-27,1.0
44,99,2004-04-27,1.0
144,193,2004-04-27,1.0
99,144,2004-04-27,1.0
95,52,2004-04-27,1.0
52,95,2004-04-27,1.0
63,155,2004-04-27,1.0
176,324,2004-04-27,1.0
9,132,2004-04-27,1.0
297,34,2004-04-27,1.0
9,260,2004-04-27,1.0
318,34,2004-04-27,1.0
318,124,2004-04-27,1.0
176,32,2004-04-27,1.0
228,315,2004-04-27,1.0
321,144,2004-04-27,1.0
184,101,2004-04-27,1.0
41,184,2004-04-27,1.0
193,315,2004-04-27,1.0
307,325,2004-04-27,1.0
27,194,2004-04-27,1.0
324,34,2004-04-27,1.0
34,324,2004-04-27,1.0
48,144,2004-04-27,1.0
34,88,2004-04-27,1.0
63,67,2004-04-27,1.0
323,34,2004-04-27,1.0
155,63,2004-04-27,1.0
78,326,2004-04-27,1.0
144,51,2004-04-27,1.0
67,63,2004-04-27,1.0
193,144,2004-04-27,1.0
204,298,2004-04-27,1.0
314,34,2004-04-27,1.0
50,288,2004-04-27,1.0
286,34,2004-04-27,1.0
176,306,2004-04-27,1.0
176,299,2004-04-27,1.0
176,319,2004-04-27,1.0
176,300,2004-04-27,1.0
282,67,2004-04-27,1.0
176,315,2004-04-27,1.0
176,316,2004-04-27,1.0
286,221,2004-04-27,1.0
308,315,2004-04-27,1.0
9,315,2004-04-27,1.0
317,315,2004-04-27,1.0
63,296,2004-04-27,1.0
254,308,2004-04-27,1.0
211,288,2004-04-27,1.0
94,320,2004-04-27,1.0
282,214,2004-04-27,1.0
211,260,2004-04-27,1.0
212,6,2004-04-27,1.0
211,228,2004-04-27,1.0
194,88,2004-04-27,1.0
144,290,2004-04-27,1.0
9,32,2004-04-27,1.0
124,318,2004-04-27,1.0
176,233,2004-04-27,1.0
308,254,2004-04-27,1.0
101,184,2004-04-27,1.0
282,34,2004-04-27,1.0
289,212,2004-04-27,1.0
83,313,2004-04-27,1.0
103,318,2004-04-27,1.0
34,318,2004-04-27,1.0
144,88,2004-04-27,1.0
144,288,2004-04-27,1.0
214,154,2004-04-27,1.0
316,355,2004-04-28,1.0
103,375,2004-04-28,1.0
372,242,2004-04-28,1.0
128,324,2004-04-28,1.0
9,371,2004-04-28,1.0
103,365,2004-04-28,1.0
103,316,2004-04-28,1.0
44,373,2004-04-28,1.0
9,177,2004-04-28,1.0
368,340,2004-04-28,1.0
95,365,2004-04-28,1.0
281,308,2004-04-28,1.0
355,316,2004-04-28,1.0
44,372,2004-04-28,1.0
372,368,2004-04-28,1.0
44,174,2004-04-28,1.0
212,263,2004-04-28,1.0
263,316,2004-04-28,1.0
144,48,2004-04-28,1.0
44,365,2004-04-28,1.0
332,281,2004-04-28,1.0
235,191,2004-04-28,1.0
373,308,2004-04-28,1.0
248,283,2004-04-28,1.0
308,373,2004-04-28,1.0
338,144,2004-04-28,1.0
308,281,2004-04-28,1.0
248,374,2004-04-28,1.0
220,221,2004-04-28,1.0
365,95,2004-04-28,1.0
372,376,2004-04-28,1.0
335,155,2004-04-28,1.0
337,72,2004-04-28,1.0
335,88,2004-04-28,1.0
103,378,2004-04-28,1.0
102,97,2004-04-28,1.0
176,374,2004-04-28,1.0
53,305,2004-04-28,1.0
248,375,2004-04-28,1.0
316,263,2004-04-28,1.0
375,248,2004-04-28,1.0
9,368,2004-04-28,1.0
335,72,2004-04-28,1.0
376,377,2004-04-28,1.0
372,371,2004-04-28,1.0
340,368,2004-04-28,1.0
48,314,2004-04-28,1.0
372,375,2004-04-28,1.0
48,311,2004-04-28,1.0
236,128,2004-04-28,1.0
376,372,2004-04-28,1.0
281,323,2004-04-28,1.0
277,191,2004-04-28,1.0
212,75,2004-04-28,1.0
254,337,2004-04-28,1.0
254,281,2004-04-28,1.0
281,254,2004-04-28,1.0
20,21,2004-04-28,1.0
20,275,2004-04-28,1.0
367,368,2004-04-28,1.0
368,367,2004-04-28,1.0
9,212,2004-04-28,1.0
32,63,2004-04-28,1.0
63,74,2004-04-28,1.0
63,32,2004-04-28,1.0
368,288,2004-04-28,1.0
327,144,2004-04-28,1.0
74,63,2004-04-28,1.0
75,313,2004-04-28,1.0
334,128,2004-04-28,1.0
128,236,2004-04-28,1.0
36,361,2004-04-28,1.0
212,224,2004-04-28,1.0
72,337,2004-04-28,1.0
358,88,2004-04-28,1.0
36,75,2004-04-28,1.0
97,349,2004-04-28,1.0
286,367,2004-04-28,1.0
19,365,2004-04-28,1.0
9,282,2004-04-28,1.0
9,358,2004-04-28,1.0
286,202,2004-04-28,1.0
288,368,2004-04-28,1.0
32,263,2004-04-28,1.0
371,306,2004-04-28,1.0
314,95,2004-04-28,1.0
311,48,2004-04-28,1.0
144,359,2004-04-28,1.0
314,48,2004-04-28,1.0
323,372,2004-04-28,1.0
289,212,2004-04-28,1.0
144,283,2004-04-28,1.0
144,370,2004-04-28,1.0
212,74,2004-04-28,1.0
313,75,2004-04-28,1.0
144,88,2004-04-28,1.0
97,327,2004-04-28,1.0
144,142,2004-04-28,1.0
314,228,2004-04-28,1.0
144,369,2004-04-28,1.0
323,281,2004-04-28,1.0
144,281,2004-04-28,1.0
335,368,2004-04-28,1.0
385,70,2004-04-28,1.0
204,374,2004-04-28,1.0
204,298,2004-04-28,1.0
145,88,2004-04-28,1.0
189,349,2004-04-28,1.0
70,385,2004-04-28,1.0
72,30,2004-04-28,1.0
191,376,2004-04-28,1.0
389,254,2004-04-28,1.0
63,337,2004-04-28,1.0
63,193,2004-04-28,1.0
337,63,2004-04-28,1.0
212,388,2004-04-28,1.0
263,378,2004-04-28,1.0
365,311,2004-04-28,1.0
365,79,2004-04-28,1.0
212,376,2004-04-28,1.0
311,365,2004-04-28,1.0
388,306,2004-04-28,1.0
378,32,2004-04-28,1.0
50,386,2004-04-28,1.0
50,376,2004-04-28,1.0
359,144,2004-04-28,1.0
34,365,2004-04-28,1.0
1,30,2004-04-28,1.0
254,378,2004-04-28,1.0
345,361,2004-04-28,1.0
345,346,2004-04-28,1.0
371,377,2004-04-28,1.0
27,184,2004-04-28,1.0
8,395,2004-04-28,1.0
9,386,2004-04-28,1.0
9,8,2004-04-28,1.0
176,396,2004-04-28,1.0
289,392,2004-04-28,1.0
41,391,2004-04-28,1.0
289,375,2004-04-28,1.0
41,325,2004-04-28,1.0
289,391,2004-04-28,1.0
308,263,2004-04-28,1.0
263,308,2004-04-28,1.0
60,308,2004-04-28,1.0
378,254,2004-04-28,1.0
289,371,2004-04-28,1.0
9,52,2004-04-28,1.0
9,391,2004-04-28,1.0
391,349,2004-04-28,1.0
349,391,2004-04-28,1.0
378,263,2004-04-28,1.0
392,383,2004-04-28,1.0
319,337,2004-04-28,1.0
387,386,2004-04-28,1.0
393,394,2004-04-28,1.0
395,8,2004-04-28,1.0
393,263,2004-04-28,1.0
396,378,2004-04-28,1.0
386,387,2004-04-28,1.0
386,343,2004-04-28,1.0
390,316,2004-04-28,1.0
379,349,2004-04-28,1.0
368,194,2004-04-28,1.0
194,368,2004-04-28,1.0
368,236,2004-04-28,1.0
171,56,2004-04-28,1.0
368,309,2004-04-28,1.0
62,102,2004-04-28,1.0
62,347,2004-04-28,1.0
176,378,2004-04-28,1.0
368,322,2004-04-28,1.0
332,352,2004-04-28,1.0
335,98,2004-04-28,1.0
41,380,2004-04-28,1.0
41,371,2004-04-28,1.0
98,97,2004-04-28,1.0
335,50,2004-04-28,1.0
41,381,2004-04-28,1.0
335,365,2004-04-28,1.0
41,382,2004-04-28,1.0
41,343,2004-04-28,1.0
41,383,2004-04-28,1.0
189,358,2004-04-28,1.0
386,50,2004-04-28,1.0
386,260,2004-04-28,1.0
319,338,2004-04-28,1.0
376,50,2004-04-28,1.0
239,349,2004-04-28,1.0
30,72,2004-04-28,1.0
277,362,2004-04-28,1.0
277,376,2004-04-28,1.0
376,191,2004-04-28,1.0
228,314,2004-04-28,1.0
79,386,2004-04-28,1.0
79,365,2004-04-28,1.0
317,311,2004-04-28,1.0
300,384,2004-04-28,1.0
41,300,2004-04-28,1.0
97,338,2004-04-28,1.0
309,368,2004-04-28,1.0
372,97,2004-04-28,1.0
1,146,2004-04-28,1.0
1,101,2004-04-28,1.0
1,211,2004-04-28,1.0
154,56,2004-04-28,1.0
321,154,2004-04-28,1.0
27,221,2004-04-28,1.0
32,378,2004-04-28,1.0
212,88,2004-04-28,1.0
323,75,2004-04-28,1.0
323,34,2004-04-28,1.0
3,308,2004-04-28,1.0
176,61,2004-04-28,1.0
61,105,2004-04-28,1.0
328,52,2004-04-28,1.0
32,291,2004-04-28,1.0
12,360,2004-04-28,1.0
235,263,2004-04-28,1.0
332,263,2004-04-28,1.0
204,184,2004-04-28,1.0
204,271,2004-04-28,1.0
332,308,2004-04-28,1.0
69,349,2004-04-28,1.0
191,237,2004-04-28,1.0
69,155,2004-04-28,1.0
263,32,2004-04-28,1.0
291,32,2004-04-28,1.0
291,72,2004-04-28,1.0
317,308,2004-04-28,1.0
289,86,2004-04-28,1.0
3,51,2004-04-28,1.0
72,291,2004-04-28,1.0
323,340,2004-04-28,1.0
357,358,2004-04-28,1.0
357,128,2004-04-28,1.0
60,194,2004-04-28,1.0
302,281,2004-04-28,1.0
323,102,2004-04-28,1.0
41,308,2004-04-28,1.0
34,313,2004-04-28,1.0
277,263,2004-04-28,1.0
323,191,2004-04-28,1.0
313,34,2004-04-28,1.0
323,88,2004-04-28,1.0
349,8,2004-04-28,1.0
307,48,2004-04-28,1.0
41,32,2004-04-28,1.0
131,297,2004-04-28,1.0
211,221,2004-04-28,1.0
103,314,2004-04-28,1.0
103,360,2004-04-28,1.0
103,158,2004-04-28,1.0
12,316,2004-04-28,1.0
332,316,2004-04-28,1.0
308,337,2004-04-28,1.0
221,211,2004-04-28,1.0
221,128,2004-04-28,1.0
44,308,2004-04-28,1.0
357,175,2004-04-28,1.0
317,263,2004-04-28,1.0
176,101,2004-04-28,1.0
337,281,2004-04-28,1.0
263,281,2004-04-28,1.0
281,263,2004-04-28,1.0
317,281,2004-04-28,1.0
53,341,2004-04-28,1.0
160,72,2004-04-28,1.0
281,302,2004-04-28,1.0
296,63,2004-04-28,1.0
51,324,2004-04-28,1.0
350,6,2004-04-28,1.0
99,349,2004-04-28,1.0
172,128,2004-04-28,1.0
321,233,2004-04-28,1.0
6,252,2004-04-28,1.0
8,349,2004-04-28,1.0
272,316,2004-04-28,1.0
356,63,2004-04-28,1.0
237,191,2004-04-28,1.0
289,359,2004-04-28,1.0
281,316,2004-04-28,1.0
103,353,2004-04-28,1.0
316,281,2004-04-28,1.0
351,299,2004-04-28,1.0
350,299,2004-04-28,1.0
304,228,2004-04-28,1.0
263,352,2004-04-28,1.0
319,349,2004-04-28,1.0
101,208,2004-04-28,1.0
353,254,2004-04-28,1.0
103,134,2004-04-28,1.0
317,319,2004-04-28,1.0
281,352,2004-04-28,1.0
62,354,2004-04-28,1.0
324,51,2004-04-28,1.0
209,242,2004-04-28,1.0
307,254,2004-04-28,1.0
307,281,2004-04-28,1.0
209,365,2004-04-28,1.0
308,254,2004-04-28,1.0
19,331,2004-04-28,1.0
254,308,2004-04-28,1.0
334,364,2004-04-28,1.0
308,316,2004-04-28,1.0
316,308,2004-04-28,1.0
88,323,2004-04-28,1.0
88,358,2004-04-28,1.0
9,308,2004-04-28,1.0
9,311,2004-04-28,1.0
9,366,2004-04-28,1.0
88,212,2004-04-28,1.0
365,209,2004-04-28,1.0
323,124,2004-04-28,1.0
345,318,2004-04-28,1.0
308,60,2004-04-28,1.0
286,221,2004-04-28,1.0
297,349,2004-04-28,1.0
294,339,2004-04-28,1.0
297,248,2004-04-28,1.0
272,260,2004-04-28,1.0
349,297,2004-04-28,1.0
272,263,2004-04-28,1.0
97,316,2004-04-28,1.0
344,128,2004-04-28,1.0
363,364,2004-04-28,1.0
212,51,2004-04-28,1.0
212,211,2004-04-28,1.0
242,209,2004-04-28,1.0
19,302,2004-04-28,1.0
266,50,2004-04-28,1.0
124,323,2004-04-28,1.0
349,97,2004-04-28,1.0
162,161,2004-04-28,1.0
277,308,2004-04-28,1.0
277,361,2004-04-28,1.0
372,407,2004-04-29,1.0
144,283,2004-04-29,1.0
303,212,2004-04-29,1.0
423,410,2004-04-29,1.0
335,373,2004-04-29,1.0
335,60,2004-04-29,1.0
263,405,2004-04-29,1.0
372,368,2004-04-29,1.0
405,263,2004-04-29,1.0
212,413,2004-04-29,1.0
335,115,2004-04-29,1.0
6,378,2004-04-29,1.0
413,212,2004-04-29,1.0
41,407,2004-04-29,1.0
335,72,2004-04-29,1.0
372,212,2004-04-29,1.0
6,413,2004-04-29,1.0
372,72,2004-04-29,1.0
335,6,2004-04-29,1.0
372,389,2004-04-29,1.0
294,368,2004-04-29,1.0
289,212,2004-04-29,1.0
256,48,2004-04-29,1.0
294,51,2004-04-29,1.0
378,6,2004-04-29,1.0
340,56,2004-04-29,1.0
372,311,2004-04-29,1.0
372,233,2004-04-29,1.0
335,174,2004-04-29,1.0
413,6,2004-04-29,1.0
41,419,2004-04-29,1.0
335,19,2004-04-29,1.0
228,386,2004-04-29,1.0
423,97,2004-04-29,1.0
423,128,2004-04-29,1.0
144,374,2004-04-29,1.0
72,372,2004-04-29,1.0
424,405,2004-04-29,1.0
300,384,2004-04-29,1.0
263,311,2004-04-29,1.0
368,221,2004-04-29,1.0
321,212,2004-04-29,1.0
228,378,2004-04-29,1.0
69,373,2004-04-29,1.0
19,109,2004-04-29,1.0
373,311,2004-04-29,1.0
176,419,2004-04-29,1.0
367,323,2004-04-29,1.0
69,228,2004-04-29,1.0
144,48,2004-04-29,1.0
144,338,2004-04-29,1.0
423,8,2004-04-29,1.0
144,413,2004-04-29,1.0
389,68,2004-04-29,1.0
96,74,2004-04-29,1.0
57,56,2004-04-29,1.0
398,378,2004-04-29,1.0
398,368,2004-04-29,1.0
51,419,2004-04-29,1.0
44,129,2004-04-29,1.0
74,419,2004-04-29,1.0
228,311,2004-04-29,1.0
3,51,2004-04-29,1.0
19,396,2004-04-29,1.0
3,132,2004-04-29,1.0
398,405,2004-04-29,1.0
62,102,2004-04-29,1.0
249,8,2004-04-29,1.0
378,325,2004-04-29,1.0
212,372,2004-04-29,1.0
289,419,2004-04-29,1.0
335,278,2004-04-29,1.0
161,162,2004-04-29,1.0
19,8,2004-04-29,1.0
19,419,2004-04-29,1.0
102,62,2004-04-29,1.0
325,378,2004-04-29,1.0
321,52,2004-04-29,1.0
44,19,2004-04-29,1.0
335,263,2004-04-29,1.0
145,281,2004-04-29,1.0
368,294,2004-04-29,1.0
212,51,2004-04-29,1.0
398,6,2004-04-29,1.0
132,3,2004-04-29,1.0
422,212,2004-04-29,1.0
294,288,2004-04-29,1.0
288,294,2004-04-29,1.0
51,3,2004-04-29,1.0
323,356,2004-04-29,1.0
36,296,2004-04-29,1.0
323,102,2004-04-29,1.0
323,367,2004-04-29,1.0
19,420,2004-04-29,1.0
323,421,2004-04-29,1.0
424,236,2004-04-29,1.0
56,345,2004-04-29,1.0
321,392,2004-04-29,1.0
289,392,2004-04-29,1.0
242,429,2004-04-29,1.0
424,315,2004-04-29,1.0
51,429,2004-04-29,1.0
32,8,2004-04-29,1.0
310,405,2004-04-29,1.0
263,72,2004-04-29,1.0
63,430,2004-04-29,1.0
398,8,2004-04-29,1.0
395,8,2004-04-29,1.0
41,300,2004-04-29,1.0
378,425,2004-04-29,1.0
189,8,2004-04-29,1.0
388,212,2004-04-29,1.0
431,407,2004-04-29,1.0
431,32,2004-04-29,1.0
431,365,2004-04-29,1.0
321,371,2004-04-29,1.0
430,164,2004-04-29,1.0
430,58,2004-04-29,1.0
424,260,2004-04-29,1.0
431,371,2004-04-29,1.0
424,175,2004-04-29,1.0
431,88,2004-04-29,1.0
432,8,2004-04-29,1.0
27,414,2004-04-29,1.0
429,309,2004-04-29,1.0
342,194,2004-04-29,1.0
281,263,2004-04-29,1.0
56,154,2004-04-29,1.0
323,413,2004-04-29,1.0
372,429,2004-04-29,1.0
429,32,2004-04-29,1.0
429,242,2004-04-29,1.0
174,335,2004-04-29,1.0
44,432,2004-04-29,1.0
62,266,2004-04-29,1.0
350,376,2004-04-29,1.0
389,62,2004-04-29,1.0
335,50,2004-04-29,1.0
372,236,2004-04-29,1.0
32,430,2004-04-29,1.0
56,340,2004-04-29,1.0
212,388,2004-04-29,1.0
334,358,2004-04-29,1.0
409,413,2004-04-29,1.0
409,191,2004-04-29,1.0
409,50,2004-04-29,1.0
433,434,2004-04-29,1.0
189,358,2004-04-29,1.0
350,335,2004-04-29,1.0
103,392,2004-04-29,1.0
435,308,2004-04-29,1.0
435,281,2004-04-29,1.0
372,409,2004-04-29,1.0
372,392,2004-04-29,1.0
350,436,2004-04-29,1.0
434,433,2004-04-29,1.0
72,263,2004-04-29,1.0
32,429,2004-04-29,1.0
194,184,2004-04-29,1.0
48,6,2004-04-29,1.0
194,1,2004-04-29,1.0
176,392,2004-04-29,1.0
194,296,2004-04-29,1.0
41,392,2004-04-29,1.0
69,356,2004-04-29,1.0
425,396,2004-04-29,1.0
422,335,2004-04-29,1.0
425,378,2004-04-29,1.0
48,256,2004-04-29,1.0
335,356,2004-04-29,1.0
392,228,2004-04-29,1.0
368,236,2004-04-29,1.0
236,368,2004-04-29,1.0
72,335,2004-04-29,1.0
356,335,2004-04-29,1.0
6,335,2004-04-29,1.0
103,417,2004-04-29,1.0
329,415,2004-04-29,1.0
422,194,2004-04-29,1.0
317,308,2004-04-29,1.0
386,399,2004-04-29,1.0
308,373,2004-04-29,1.0
36,428,2004-04-29,1.0
308,311,2004-04-29,1.0
36,413,2004-04-29,1.0
342,8,2004-04-29,1.0
342,63,2004-04-29,1.0
398,335,2004-04-29,1.0
297,234,2004-04-29,1.0
424,144,2004-04-29,1.0
338,386,2004-04-29,1.0
263,391,2004-04-29,1.0
409,149,2004-04-29,1.0
426,427,2004-04-29,1.0
409,8,2004-04-29,1.0
409,194,2004-04-29,1.0
409,6,2004-04-29,1.0
409,260,2004-04-29,1.0
234,391,2004-04-29,1.0
131,393,2004-04-29,1.0
9,52,2004-04-29,1.0
9,8,2004-04-29,1.0
30,72,2004-04-29,1.0
310,97,2004-04-29,1.0
9,212,2004-04-29,1.0
403,8,2004-04-29,1.0
9,88,2004-04-29,1.0
9,34,2004-04-29,1.0
402,281,2004-04-29,1.0
323,281,2004-04-29,1.0
9,175,2004-04-29,1.0
176,396,2004-04-29,1.0
303,389,2004-04-29,1.0
44,242,2004-04-29,1.0
176,263,2004-04-29,1.0
393,191,2004-04-29,1.0
191,396,2004-04-29,1.0
8,403,2004-04-29,1.0
396,191,2004-04-29,1.0
95,365,2004-04-29,1.0
400,396,2004-04-29,1.0
368,309,2004-04-29,1.0
378,396,2004-04-29,1.0
12,175,2004-04-29,1.0
74,378,2004-04-29,1.0
36,128,2004-04-29,1.0
36,401,2004-04-29,1.0
378,74,2004-04-29,1.0
12,402,2004-04-29,1.0
396,74,2004-04-29,1.0
396,399,2004-04-29,1.0
212,303,2004-04-29,1.0
365,399,2004-04-29,1.0
405,191,2004-04-29,1.0
314,281,2004-04-29,1.0
194,406,2004-04-29,1.0
103,396,2004-04-29,1.0
103,405,2004-04-29,1.0
389,254,2004-04-29,1.0
389,303,2004-04-29,1.0
191,405,2004-04-29,1.0
396,378,2004-04-29,1.0
400,323,2004-04-29,1.0
41,263,2004-04-29,1.0
384,300,2004-04-29,1.0
6,404,2004-04-29,1.0
212,394,2004-04-29,1.0
373,308,2004-04-29,1.0
254,396,2004-04-29,1.0
321,396,2004-04-29,1.0
396,254,2004-04-29,1.0
32,378,2004-04-29,1.0
32,63,2004-04-29,1.0
327,97,2004-04-29,1.0
357,396,2004-04-29,1.0
378,254,2004-04-29,1.0
378,32,2004-04-29,1.0
332,308,2004-04-29,1.0
357,378,2004-04-29,1.0
254,378,2004-04-29,1.0
220,373,2004-04-29,1.0
220,308,2004-04-29,1.0
220,224,2004-04-29,1.0
220,62,2004-04-29,1.0
1,397,2004-04-29,1.0
260,386,2004-04-29,1.0
393,263,2004-04-29,1.0
281,308,2004-04-29,1.0
372,97,2004-04-29,1.0
321,359,2004-04-29,1.0
372,376,2004-04-29,1.0
283,260,2004-04-29,1.0
308,281,2004-04-29,1.0
62,371,2004-04-29,1.0
399,59,2004-04-29,1.0
289,371,2004-04-29,1.0
399,386,2004-04-29,1.0
399,76,2004-04-29,1.0
400,32,2004-04-29,1.0
74,379,2004-04-29,1.0
74,396,2004-04-29,1.0
399,365,2004-04-29,1.0
399,311,2004-04-29,1.0
48,311,2004-04-29,1.0
399,149,2004-04-29,1.0
316,355,2004-04-29,1.0
316,390,2004-04-29,1.0
228,392,2004-04-29,1.0
220,254,2004-04-29,1.0
32,58,2004-04-29,1.0
399,299,2004-04-29,1.0
376,191,2004-04-29,1.0
204,294,2004-04-29,1.0
32,396,2004-04-29,1.0
398,209,2004-04-29,1.0
355,316,2004-04-29,1.0
399,396,2004-04-29,1.0
145,88,2004-04-29,1.0
145,263,2004-04-29,1.0
399,364,2004-04-29,1.0
399,382,2004-04-29,1.0
209,396,2004-04-29,1.0
399,375,2004-04-29,1.0
79,365,2004-04-29,1.0
399,126,2004-04-29,1.0
281,402,2004-04-29,1.0
416,212,2004-04-29,1.0
325,6,2004-04-29,1.0
281,352,2004-04-29,1.0
212,387,2004-04-29,1.0
6,325,2004-04-29,1.0
212,416,2004-04-29,1.0
321,72,2004-04-29,1.0
32,308,2004-04-29,1.0
6,376,2004-04-29,1.0
67,410,2004-04-29,1.0
303,6,2004-04-29,1.0
357,343,2004-04-29,1.0
67,396,2004-04-29,1.0
83,368,2004-04-29,1.0
344,172,2004-04-29,1.0
9,177,2004-04-29,1.0
325,344,2004-04-29,1.0
321,344,2004-04-29,1.0
321,389,2004-04-29,1.0
69,6,2004-04-29,1.0
103,343,2004-04-29,1.0
38,405,2004-04-29,1.0
69,403,2004-04-29,1.0
204,374,2004-04-29,1.0
38,177,2004-04-29,1.0
321,177,2004-04-29,1.0
317,281,2004-04-29,1.0
277,417,2004-04-29,1.0
357,405,2004-04-29,1.0
350,6,2004-04-29,1.0
212,376,2004-04-29,1.0
323,337,2004-04-29,1.0
52,201,2004-04-29,1.0
321,311,2004-04-29,1.0
376,6,2004-04-29,1.0
69,75,2004-04-29,1.0
281,314,2004-04-29,1.0
357,393,2004-04-29,1.0
67,378,2004-04-29,1.0
357,63,2004-04-29,1.0
311,365,2004-04-29,1.0
311,399,2004-04-29,1.0
69,418,2004-04-29,1.0
365,311,2004-04-29,1.0
378,67,2004-04-29,1.0
357,389,2004-04-29,1.0
41,396,2004-04-29,1.0
396,214,2004-04-29,1.0
214,396,2004-04-29,1.0
103,371,2004-04-29,1.0
308,32,2004-04-29,1.0
344,403,2004-04-29,1.0
201,52,2004-04-29,1.0
410,201,2004-04-29,1.0
281,323,2004-04-29,1.0
414,396,2004-04-29,1.0
9,405,2004-04-29,1.0
404,132,2004-04-29,1.0
314,228,2004-04-29,1.0
297,62,2004-04-29,1.0
103,393,2004-04-29,1.0
74,408,2004-04-29,1.0
201,410,2004-04-29,1.0
103,344,2004-04-29,1.0
172,344,2004-04-29,1.0
9,411,2004-04-29,1.0
394,368,2004-04-29,1.0
409,263,2004-04-29,1.0
38,288,2004-04-29,1.0
131,191,2004-04-29,1.0
260,283,2004-04-29,1.0
38,175,2004-04-29,1.0
415,329,2004-04-29,1.0
321,405,2004-04-29,1.0
368,394,2004-04-29,1.0
297,272,2004-04-29,1.0
307,368,2004-04-29,1.0
272,273,2004-04-29,1.0
63,337,2004-04-29,1.0
27,406,2004-04-29,1.0
88,3,2004-04-29,1.0
321,412,2004-04-29,1.0
3,308,2004-04-29,1.0
234,166,2004-04-29,1.0
321,411,2004-04-29,1.0
3,88,2004-04-29,1.0
38,365,2004-04-29,1.0
405,497,2004-04-30,1.0
368,236,2004-04-30,1.0
297,263,2004-04-30,1.0
321,405,2004-04-30,1.0
263,297,2004-04-30,1.0
321,437,2004-04-30,1.0
498,495,2004-04-30,1.0
103,437,2004-04-30,1.0
389,263,2004-04-30,1.0
497,405,2004-04-30,1.0
321,365,2004-04-30,1.0
212,372,2004-04-30,1.0
400,392,2004-04-30,1.0
236,389,2004-04-30,1.0
236,368,2004-04-30,1.0
355,316,2004-04-30,1.0
355,102,2004-04-30,1.0
389,236,2004-04-30,1.0
497,302,2004-04-30,1.0
263,344,2004-04-30,1.0
405,263,2004-04-30,1.0
344,263,2004-04-30,1.0
484,372,2004-04-30,1.0
483,368,2004-04-30,1.0
336,333,2004-04-30,1.0
468,300,2004-04-30,1.0
475,468,2004-04-30,1.0
466,51,2004-04-30,1.0
475,496,2004-04-30,1.0
479,278,2004-04-30,1.0
372,466,2004-04-30,1.0
466,372,2004-04-30,1.0
103,480,2004-04-30,1.0
263,405,2004-04-30,1.0
103,454,2004-04-30,1.0
321,392,2004-04-30,1.0
321,502,2004-04-30,1.0
62,236,2004-04-30,1.0
501,236,2004-04-30,1.0
309,502,2004-04-30,1.0
6,343,2004-04-30,1.0
502,309,2004-04-30,1.0
332,263,2004-04-30,1.0
194,223,2004-04-30,1.0
379,74,2004-04-30,1.0
379,289,2004-04-30,1.0
62,465,2004-04-30,1.0
62,502,2004-04-30,1.0
263,503,2004-04-30,1.0
221,368,2004-04-30,1.0
368,468,2004-04-30,1.0
6,84,2004-04-30,1.0
194,499,2004-04-30,1.0
194,303,2004-04-30,1.0
194,184,2004-04-30,1.0
53,481,2004-04-30,1.0
496,475,2004-04-30,1.0
194,344,2004-04-30,1.0
63,193,2004-04-30,1.0
496,454,2004-04-30,1.0
62,368,2004-04-30,1.0
194,60,2004-04-30,1.0
6,376,2004-04-30,1.0
41,437,2004-04-30,1.0
194,182,2004-04-30,1.0
297,289,2004-04-30,1.0
194,368,2004-04-30,1.0
62,349,2004-04-30,1.0
62,481,2004-04-30,1.0
498,97,2004-04-30,1.0
194,62,2004-04-30,1.0
62,454,2004-04-30,1.0
194,209,2004-04-30,1.0
321,500,2004-04-30,1.0
1,477,2004-04-30,1.0
321,491,2004-04-30,1.0
321,487,2004-04-30,1.0
263,389,2004-04-30,1.0
277,172,2004-04-30,1.0
483,479,2004-04-30,1.0
409,8,2004-04-30,1.0
51,149,2004-04-30,1.0
19,409,2004-04-30,1.0
389,68,2004-04-30,1.0
19,109,2004-04-30,1.0
321,480,2004-04-30,1.0
317,479,2004-04-30,1.0
321,376,2004-04-30,1.0
321,72,2004-04-30,1.0
424,175,2004-04-30,1.0
389,62,2004-04-30,1.0
19,302,2004-04-30,1.0
321,236,2004-04-30,1.0
321,325,2004-04-30,1.0
376,6,2004-04-30,1.0
350,376,2004-04-30,1.0
51,476,2004-04-30,1.0
321,490,2004-04-30,1.0
321,372,2004-04-30,1.0
321,344,2004-04-30,1.0
321,402,2004-04-30,1.0
51,466,2004-04-30,1.0
321,368,2004-04-30,1.0
51,489,2004-04-30,1.0
475,481,2004-04-30,1.0
502,62,2004-04-30,1.0
321,309,2004-04-30,1.0
372,460,2004-04-30,1.0
479,358,2004-04-30,1.0
321,479,2004-04-30,1.0
439,440,2004-04-30,1.0
321,450,2004-04-30,1.0
368,483,2004-04-30,1.0
317,281,2004-04-30,1.0
321,313,2004-04-30,1.0
321,489,2004-04-30,1.0
140,308,2004-04-30,1.0
479,8,2004-04-30,1.0
321,228,2004-04-30,1.0
172,460,2004-04-30,1.0
321,358,2004-04-30,1.0
317,429,2004-04-30,1.0
321,476,2004-04-30,1.0
44,19,2004-04-30,1.0
321,172,2004-04-30,1.0
321,174,2004-04-30,1.0
494,445,2004-04-30,1.0
400,365,2004-04-30,1.0
209,437,2004-04-30,1.0
494,429,2004-04-30,1.0
9,389,2004-04-30,1.0
400,61,2004-04-30,1.0
209,429,2004-04-30,1.0
9,8,2004-04-30,1.0
9,177,2004-04-30,1.0
400,396,2004-04-30,1.0
400,429,2004-04-30,1.0
400,472,2004-04-30,1.0
400,454,2004-04-30,1.0
263,454,2004-04-30,1.0
400,343,2004-04-30,1.0
472,263,2004-04-30,1.0
409,302,2004-04-30,1.0
400,389,2004-04-30,1.0
228,463,2004-04-30,1.0
494,389,2004-04-30,1.0
447,372,2004-04-30,1.0
9,282,2004-04-30,1.0
51,120,2004-04-30,1.0
236,407,2004-04-30,1.0
492,389,2004-04-30,1.0
493,128,2004-04-30,1.0
494,63,2004-04-30,1.0
492,343,2004-04-30,1.0
128,493,2004-04-30,1.0
9,466,2004-04-30,1.0
447,51,2004-04-30,1.0
9,472,2004-04-30,1.0
236,191,2004-04-30,1.0
494,463,2004-04-30,1.0
9,460,2004-04-30,1.0
263,308,2004-04-30,1.0
402,281,2004-04-30,1.0
308,263,2004-04-30,1.0
424,495,2004-04-30,1.0
9,465,2004-04-30,1.0
9,463,2004-04-30,1.0
425,396,2004-04-30,1.0
503,263,2004-04-30,1.0
513,388,2004-04-30,1.0
513,514,2004-04-30,1.0
465,62,2004-04-30,1.0
323,88,2004-04-30,1.0
323,124,2004-04-30,1.0
440,513,2004-04-30,1.0
317,308,2004-04-30,1.0
474,74,2004-04-30,1.0
474,32,2004-04-30,1.0
422,365,2004-04-30,1.0
263,212,2004-04-30,1.0
323,281,2004-04-30,1.0
422,460,2004-04-30,1.0
453,516,2004-04-30,1.0
228,392,2004-04-30,1.0
474,236,2004-04-30,1.0
517,368,2004-04-30,1.0
289,391,2004-04-30,1.0
517,68,2004-04-30,1.0
517,289,2004-04-30,1.0
379,450,2004-04-30,1.0
359,460,2004-04-30,1.0
465,398,2004-04-30,1.0
379,432,2004-04-30,1.0
432,379,2004-04-30,1.0
101,515,2004-04-30,1.0
297,248,2004-04-30,1.0
460,372,2004-04-30,1.0
128,325,2004-04-30,1.0
263,257,2004-04-30,1.0
454,510,2004-04-30,1.0
456,194,2004-04-30,1.0
448,352,2004-04-30,1.0
181,454,2004-04-30,1.0
74,379,2004-04-30,1.0
350,365,2004-04-30,1.0
69,450,2004-04-30,1.0
69,263,2004-04-30,1.0
296,194,2004-04-30,1.0
69,124,2004-04-30,1.0
372,508,2004-04-30,1.0
212,211,2004-04-30,1.0
44,432,2004-04-30,1.0
34,313,2004-04-30,1.0
44,372,2004-04-30,1.0
53,254,2004-04-30,1.0
44,34,2004-04-30,1.0
325,128,2004-04-30,1.0
447,325,2004-04-30,1.0
44,511,2004-04-30,1.0
447,34,2004-04-30,1.0
212,263,2004-04-30,1.0
212,48,2004-04-30,1.0
19,512,2004-04-30,1.0
299,399,2004-04-30,1.0
297,272,2004-04-30,1.0
181,432,2004-04-30,1.0
368,359,2004-04-30,1.0
359,368,2004-04-30,1.0
316,355,2004-04-30,1.0
378,425,2004-04-30,1.0
474,359,2004-04-30,1.0
378,396,2004-04-30,1.0
32,209,2004-04-30,1.0
19,519,2004-04-30,1.0
520,32,2004-04-30,1.0
493,329,2004-04-30,1.0
143,32,2004-04-30,1.0
400,504,2004-04-30,1.0
521,305,2004-04-30,1.0
400,428,2004-04-30,1.0
273,272,2004-04-30,1.0
389,496,2004-04-30,1.0
273,522,2004-04-30,1.0
518,345,2004-04-30,1.0
194,456,2004-04-30,1.0
194,211,2004-04-30,1.0
368,194,2004-04-30,1.0
281,402,2004-04-30,1.0
281,323,2004-04-30,1.0
368,221,2004-04-30,1.0
425,378,2004-04-30,1.0
297,75,2004-04-30,1.0
368,309,2004-04-30,1.0
342,454,2004-04-30,1.0
294,51,2004-04-30,1.0
9,194,2004-04-30,1.0
9,391,2004-04-30,1.0
391,289,2004-04-30,1.0
517,359,2004-04-30,1.0
68,437,2004-04-30,1.0
454,181,2004-04-30,1.0
454,496,2004-04-30,1.0
181,495,2004-04-30,1.0
181,294,2004-04-30,1.0
220,505,2004-04-30,1.0
220,88,2004-04-30,1.0
128,62,2004-04-30,1.0
62,128,2004-04-30,1.0
321,504,2004-04-30,1.0
60,296,2004-04-30,1.0
32,429,2004-04-30,1.0
70,174,2004-04-30,1.0
70,482,2004-04-30,1.0
429,372,2004-04-30,1.0
398,405,2004-04-30,1.0
398,97,2004-04-30,1.0
289,97,2004-04-30,1.0
342,194,2004-04-30,1.0
334,437,2004-04-30,1.0
392,502,2004-04-30,1.0
334,62,2004-04-30,1.0
502,392,2004-04-30,1.0
453,264,2004-04-30,1.0
321,495,2004-04-30,1.0
429,209,2004-04-30,1.0
212,303,2004-04-30,1.0
431,454,2004-04-30,1.0
405,508,2004-04-30,1.0
398,254,2004-04-30,1.0
508,405,2004-04-30,1.0
41,503,2004-04-30,1.0
358,479,2004-04-30,1.0
509,454,2004-04-30,1.0
431,372,2004-04-30,1.0
372,355,2004-04-30,1.0
260,236,2004-04-30,1.0
260,51,2004-04-30,1.0
176,453,2004-04-30,1.0
303,212,2004-04-30,1.0
303,194,2004-04-30,1.0
508,372,2004-04-30,1.0
321,454,2004-04-30,1.0
454,263,2004-04-30,1.0
211,194,2004-04-30,1.0
27,184,2004-04-30,1.0
212,480,2004-04-30,1.0
431,398,2004-04-30,1.0
209,194,2004-04-30,1.0
321,316,2004-04-30,1.0
321,209,2004-04-30,1.0
348,338,2004-04-30,1.0
321,506,2004-04-30,1.0
321,507,2004-04-30,1.0
316,263,2004-04-30,1.0
321,348,2004-04-30,1.0
263,316,2004-04-30,1.0
32,154,2004-04-30,1.0
344,194,2004-04-30,1.0
429,32,2004-04-30,1.0
321,349,2004-04-30,1.0
423,392,2004-04-30,1.0
274,6,2004-04-30,1.0
41,389,2004-04-30,1.0
372,392,2004-04-30,1.0
44,296,2004-04-30,1.0
388,212,2004-04-30,1.0
140,201,2004-04-30,1.0
274,74,2004-04-30,1.0
176,445,2004-04-30,1.0
274,416,2004-04-30,1.0
88,323,2004-04-30,1.0
372,461,2004-04-30,1.0
460,172,2004-04-30,1.0
44,74,2004-04-30,1.0
74,459,2004-04-30,1.0
396,124,2004-04-30,1.0
124,396,2004-04-30,1.0
357,65,2004-04-30,1.0
132,149,2004-04-30,1.0
453,32,2004-04-30,1.0
302,393,2004-04-30,1.0
425,52,2004-04-30,1.0
289,65,2004-04-30,1.0
372,429,2004-04-30,1.0
357,454,2004-04-30,1.0
27,414,2004-04-30,1.0
323,455,2004-04-30,1.0
297,372,2004-04-30,1.0
310,405,2004-04-30,1.0
323,98,2004-04-30,1.0
317,316,2004-04-30,1.0
456,457,2004-04-30,1.0
368,441,2004-04-30,1.0
323,458,2004-04-30,1.0
389,454,2004-04-30,1.0
392,228,2004-04-30,1.0
274,462,2004-04-30,1.0
466,392,2004-04-30,1.0
398,74,2004-04-30,1.0
41,463,2004-04-30,1.0
176,463,2004-04-30,1.0
396,425,2004-04-30,1.0
389,467,2004-04-30,1.0
286,468,2004-04-30,1.0
447,456,2004-04-30,1.0
398,134,2004-04-30,1.0
398,463,2004-04-30,1.0
164,430,2004-04-30,1.0
134,398,2004-04-30,1.0
398,164,2004-04-30,1.0
396,378,2004-04-30,1.0
263,409,2004-04-30,1.0
409,263,2004-04-30,1.0
469,463,2004-04-30,1.0
398,396,2004-04-30,1.0
465,456,2004-04-30,1.0
302,372,2004-04-30,1.0
1,211,2004-04-30,1.0
62,389,2004-04-30,1.0
19,443,2004-04-30,1.0
19,446,2004-04-30,1.0
103,464,2004-04-30,1.0
447,172,2004-04-30,1.0
447,6,2004-04-30,1.0
297,172,2004-04-30,1.0
409,6,2004-04-30,1.0
409,413,2004-04-30,1.0
323,276,2004-04-30,1.0
323,395,2004-04-30,1.0
400,323,2004-04-30,1.0
400,188,2004-04-30,1.0
400,157,2004-04-30,1.0
407,236,2004-04-30,1.0
400,52,2004-04-30,1.0
52,201,2004-04-30,1.0
400,144,2004-04-30,1.0
400,314,2004-04-30,1.0
400,82,2004-04-30,1.0
191,236,2004-04-30,1.0
398,6,2004-04-30,1.0
392,30,2004-04-30,1.0
387,386,2004-04-30,1.0
391,263,2004-04-30,1.0
391,349,2004-04-30,1.0
391,234,2004-04-30,1.0
357,407,2004-04-30,1.0
286,416,2004-04-30,1.0
431,407,2004-04-30,1.0
74,437,2004-04-30,1.0
321,52,2004-04-30,1.0
68,389,2004-04-30,1.0
345,56,2004-04-30,1.0
395,175,2004-04-30,1.0
204,432,2004-04-30,1.0
204,298,2004-04-30,1.0
306,438,2004-04-30,1.0
236,260,2004-04-30,1.0
441,442,2004-04-30,1.0
30,392,2004-04-30,1.0
145,281,2004-04-30,1.0
140,470,2004-04-30,1.0
451,32,2004-04-30,1.0
451,67,2004-04-30,1.0
124,452,2004-04-30,1.0
297,234,2004-04-30,1.0
308,281,2004-04-30,1.0
281,308,2004-04-30,1.0
211,212,2004-04-30,1.0
357,429,2004-04-30,1.0
357,8,2004-04-30,1.0
29,443,2004-04-30,1.0
172,488,2004-04-30,1.0
400,441,2004-04-30,1.0
400,443,2004-04-30,1.0
400,444,2004-04-30,1.0
400,445,2004-04-30,1.0
400,446,2004-04-30,1.0
260,448,2004-04-30,1.0
260,283,2004-04-30,1.0
289,449,2004-04-30,1.0
234,391,2004-04-30,1.0
407,396,2004-04-30,1.0
396,407,2004-04-30,1.0
51,314,2004-04-30,1.0
274,481,2004-04-30,1.0
460,359,2004-04-30,1.0
423,343,2004-04-30,1.0
481,6,2004-04-30,1.0
423,454,2004-04-30,1.0
277,482,2004-04-30,1.0
321,88,2004-04-30,1.0
357,466,2004-04-30,1.0
321,343,2004-04-30,1.0
277,481,2004-04-30,1.0
274,376,2004-04-30,1.0
321,460,2004-04-30,1.0
357,120,2004-04-30,1.0
368,460,2004-04-30,1.0
212,481,2004-04-30,1.0
398,175,2004-04-30,1.0
6,481,2004-04-30,1.0
392,466,2004-04-30,1.0
282,34,2004-04-30,1.0
19,481,2004-04-30,1.0
398,72,2004-04-30,1.0
321,352,2004-04-30,1.0
372,482,2004-04-30,1.0
172,486,2004-04-30,1.0
321,288,2004-04-30,1.0
193,63,2004-04-30,1.0
321,481,2004-04-30,1.0
67,396,2004-04-30,1.0
321,75,2004-04-30,1.0
321,120,2004-04-30,1.0
479,481,2004-04-30,1.0
321,175,2004-04-30,1.0
481,479,2004-04-30,1.0
321,464,2004-04-30,1.0
308,435,2004-04-30,1.0
19,134,2004-04-30,1.0
463,469,2004-04-30,1.0
289,392,2004-04-30,1.0
131,368,2004-04-30,1.0
321,472,2004-04-30,1.0
321,191,2004-04-30,1.0
423,464,2004-04-30,1.0
321,278,2004-04-30,1.0
228,314,2004-04-30,1.0
321,8,2004-04-30,1.0
485,175,2004-04-30,1.0
357,409,2004-04-30,1.0
309,352,2004-04-30,1.0
277,352,2004-04-30,1.0
282,214,2004-04-30,1.0
357,480,2004-04-30,1.0
321,212,2004-04-30,1.0
398,480,2004-04-30,1.0
321,482,2004-04-30,1.0
38,288,2004-04-30,1.0
263,472,2004-04-30,1.0
357,437,2004-04-30,1.0
67,32,2004-04-30,1.0
409,349,2004-04-30,1.0
357,405,2004-04-30,1.0
38,409,2004-04-30,1.0
212,472,2004-04-30,1.0
67,378,2004-04-30,1.0
474,456,2004-04-30,1.0
103,134,2004-04-30,1.0
460,368,2004-04-30,1.0
398,365,2004-04-30,1.0
398,471,2004-04-30,1.0
398,468,2004-04-30,1.0
41,473,2004-04-30,1.0
38,365,2004-04-30,1.0
38,437,2004-04-30,1.0
6,472,2004-04-30,1.0
263,479,2004-04-30,1.0
475,368,2004-04-30,1.0
480,212,2004-04-30,1.0
321,263,2004-04-30,1.0
357,464,2004-04-30,1.0
373,308,2004-04-30,1.0
479,263,2004-04-30,1.0
357,460,2004-04-30,1.0
477,1,2004-04-30,1.0
357,476,2004-04-30,1.0
424,405,2004-04-30,1.0
424,343,2004-04-30,1.0
38,405,2004-04-30,1.0
263,332,2004-04-30,1.0
41,407,2004-04-30,1.0
317,309,2004-04-30,1.0
38,464,2004-04-30,1.0
19,478,2004-04-30,1.0
38,478,2004-04-30,1.0
263,460,2004-04-30,1.0
357,168,2004-04-30,1.0
542,97,2004-05-01,1.0
74,378,2004-05-01,1.0
97,542,2004-05-01,1.0
325,97,2004-05-01,1.0
119,144,2004-05-01,1.0
543,542,2004-05-01,1.0
97,325,2004-05-01,1.0
74,544,2004-05-01,1.0
128,236,2004-05-01,1.0
74,527,2004-05-01,1.0
74,528,2004-05-01,1.0
325,482,2004-05-01,1.0
74,519,2004-05-01,1.0
236,128,2004-05-01,1.0
74,541,2004-05-01,1.0
542,543,2004-05-01,1.0
236,501,2004-05-01,1.0
128,97,2004-05-01,1.0
501,236,2004-05-01,1.0
325,523,2004-05-01,1.0
145,119,2004-05-01,1.0
325,72,2004-05-01,1.0
540,308,2004-05-01,1.0
325,513,2004-05-01,1.0
513,325,2004-05-01,1.0
41,513,2004-05-01,1.0
481,62,2004-05-01,1.0
542,513,2004-05-01,1.0
513,542,2004-05-01,1.0
68,48,2004-05-01,1.0
325,61,2004-05-01,1.0
482,325,2004-05-01,1.0
68,61,2004-05-01,1.0
68,97,2004-05-01,1.0
97,68,2004-05-01,1.0
302,509,2004-05-01,1.0
44,74,2004-05-01,1.0
68,308,2004-05-01,1.0
75,475,2004-05-01,1.0
475,75,2004-05-01,1.0
19,538,2004-05-01,1.0
539,368,2004-05-01,1.0
236,242,2004-05-01,1.0
41,538,2004-05-01,1.0
282,456,2004-05-01,1.0
257,263,2004-05-01,1.0
19,109,2004-05-01,1.0
539,502,2004-05-01,1.0
422,536,2004-05-01,1.0
475,74,2004-05-01,1.0
517,481,2004-05-01,1.0
140,276,2004-05-01,1.0
422,97,2004-05-01,1.0
308,540,2004-05-01,1.0
308,538,2004-05-01,1.0
308,68,2004-05-01,1.0
368,542,2004-05-01,1.0
542,368,2004-05-01,1.0
9,177,2004-05-01,1.0
41,355,2004-05-01,1.0
128,62,2004-05-01,1.0
513,440,2004-05-01,1.0
522,273,2004-05-01,1.0
97,352,2004-05-01,1.0
144,398,2004-05-01,1.0
532,463,2004-05-01,1.0
282,34,2004-05-01,1.0
532,536,2004-05-01,1.0
191,536,2004-05-01,1.0
38,313,2004-05-01,1.0
536,532,2004-05-01,1.0
536,191,2004-05-01,1.0
532,541,2004-05-01,1.0
542,61,2004-05-01,1.0
321,119,2004-05-01,1.0
103,358,2004-05-01,1.0
289,536,2004-05-01,1.0
103,168,2004-05-01,1.0
103,365,2004-05-01,1.0
321,68,2004-05-01,1.0
51,553,2004-05-01,1.0
103,553,2004-05-01,1.0
103,554,2004-05-01,1.0
103,62,2004-05-01,1.0
447,119,2004-05-01,1.0
465,398,2004-05-01,1.0
103,465,2004-05-01,1.0
204,456,2004-05-01,1.0
204,432,2004-05-01,1.0
103,549,2004-05-01,1.0
423,294,2004-05-01,1.0
423,454,2004-05-01,1.0
9,76,2004-05-01,1.0
552,236,2004-05-01,1.0
103,466,2004-05-01,1.0
36,119,2004-05-01,1.0
375,372,2004-05-01,1.0
536,509,2004-05-01,1.0
536,289,2004-05-01,1.0
474,32,2004-05-01,1.0
19,451,2004-05-01,1.0
509,536,2004-05-01,1.0
41,375,2004-05-01,1.0
291,393,2004-05-01,1.0
551,224,2004-05-01,1.0
9,543,2004-05-01,1.0
482,389,2004-05-01,1.0
551,545,2004-05-01,1.0
551,377,2004-05-01,1.0
36,73,2004-05-01,1.0
103,502,2004-05-01,1.0
103,538,2004-05-01,1.0
551,306,2004-05-01,1.0
41,542,2004-05-01,1.0
509,97,2004-05-01,1.0
103,500,2004-05-01,1.0
509,236,2004-05-01,1.0
509,272,2004-05-01,1.0
103,128,2004-05-01,1.0
62,285,2004-05-01,1.0
302,119,2004-05-01,1.0
61,325,2004-05-01,1.0
509,302,2004-05-01,1.0
119,302,2004-05-01,1.0
61,68,2004-05-01,1.0
103,556,2004-05-01,1.0
61,542,2004-05-01,1.0
398,509,2004-05-01,1.0
241,501,2004-05-01,1.0
62,554,2004-05-01,1.0
236,509,2004-05-01,1.0
103,61,2004-05-01,1.0
97,509,2004-05-01,1.0
509,454,2004-05-01,1.0
555,509,2004-05-01,1.0
51,528,2004-05-01,1.0
51,215,2004-05-01,1.0
204,540,2004-05-01,1.0
456,294,2004-05-01,1.0
456,175,2004-05-01,1.0
456,553,2004-05-01,1.0
379,74,2004-05-01,1.0
379,482,2004-05-01,1.0
509,389,2004-05-01,1.0
193,502,2004-05-01,1.0
546,454,2004-05-01,1.0
546,97,2004-05-01,1.0
547,311,2004-05-01,1.0
546,542,2004-05-01,1.0
546,532,2004-05-01,1.0
325,109,2004-05-01,1.0
72,325,2004-05-01,1.0
513,545,2004-05-01,1.0
325,542,2004-05-01,1.0
542,325,2004-05-01,1.0
542,548,2004-05-01,1.0
537,74,2004-05-01,1.0
398,308,2004-05-01,1.0
537,536,2004-05-01,1.0
447,325,2004-05-01,1.0
415,329,2004-05-01,1.0
389,482,2004-05-01,1.0
389,456,2004-05-01,1.0
451,32,2004-05-01,1.0
76,399,2004-05-01,1.0
76,258,2004-05-01,1.0
41,76,2004-05-01,1.0
285,536,2004-05-01,1.0
536,285,2004-05-01,1.0
212,289,2004-05-01,1.0
513,98,2004-05-01,1.0
548,542,2004-05-01,1.0
297,75,2004-05-01,1.0
325,549,2004-05-01,1.0
549,325,2004-05-01,1.0
62,481,2004-05-01,1.0
432,379,2004-05-01,1.0
545,513,2004-05-01,1.0
321,84,2004-05-01,1.0
321,550,2004-05-01,1.0
321,203,2004-05-01,1.0
321,242,2004-05-01,1.0
321,491,2004-05-01,1.0
321,365,2004-05-01,1.0
277,352,2004-05-01,1.0
501,241,2004-05-01,1.0
67,72,2004-05-01,1.0
143,201,2004-05-01,1.0
456,501,2004-05-01,1.0
357,168,2004-05-01,1.0
357,502,2004-05-01,1.0
193,355,2004-05-01,1.0
41,502,2004-05-01,1.0
474,372,2004-05-01,1.0
103,456,2004-05-01,1.0
502,193,2004-05-01,1.0
41,452,2004-05-01,1.0
501,456,2004-05-01,1.0
482,532,2004-05-01,1.0
398,502,2004-05-01,1.0
103,452,2004-05-01,1.0
172,531,2004-05-01,1.0
475,62,2004-05-01,1.0
62,278,2004-05-01,1.0
176,502,2004-05-01,1.0
526,477,2004-05-01,1.0
483,62,2004-05-01,1.0
357,428,2004-05-01,1.0
209,355,2004-05-01,1.0
400,441,2004-05-01,1.0
193,63,2004-05-01,1.0
193,149,2004-05-01,1.0
456,209,2004-05-01,1.0
467,389,2004-05-01,1.0
502,398,2004-05-01,1.0
67,378,2004-05-01,1.0
67,215,2004-05-01,1.0
67,533,2004-05-01,1.0
67,534,2004-05-01,1.0
67,529,2004-05-01,1.0
67,527,2004-05-01,1.0
67,371,2004-05-01,1.0
67,482,2004-05-01,1.0
67,273,2004-05-01,1.0
67,8,2004-05-01,1.0
67,288,2004-05-01,1.0
67,440,2004-05-01,1.0
67,535,2004-05-01,1.0
67,74,2004-05-01,1.0
67,236,2004-05-01,1.0
313,34,2004-05-01,1.0
63,193,2004-05-01,1.0
103,134,2004-05-01,1.0
532,482,2004-05-01,1.0
228,475,2004-05-01,1.0
38,365,2004-05-01,1.0
67,260,2004-05-01,1.0
62,475,2004-05-01,1.0
32,527,2004-05-01,1.0
457,456,2004-05-01,1.0
350,365,2004-05-01,1.0
9,282,2004-05-01,1.0
36,413,2004-05-01,1.0
9,465,2004-05-01,1.0
425,378,2004-05-01,1.0
460,359,2004-05-01,1.0
9,8,2004-05-01,1.0
9,527,2004-05-01,1.0
9,528,2004-05-01,1.0
302,497,2004-05-01,1.0
477,526,2004-05-01,1.0
321,480,2004-05-01,1.0
321,359,2004-05-01,1.0
41,523,2004-05-01,1.0
62,368,2004-05-01,1.0
62,465,2004-05-01,1.0
523,524,2004-05-01,1.0
469,519,2004-05-01,1.0
44,432,2004-05-01,1.0
379,432,2004-05-01,1.0
469,463,2004-05-01,1.0
400,454,2004-05-01,1.0
400,396,2004-05-01,1.0
520,291,2004-05-01,1.0
520,292,2004-05-01,1.0
400,429,2004-05-01,1.0
44,211,2004-05-01,1.0
422,365,2004-05-01,1.0
496,454,2004-05-01,1.0
214,525,2004-05-01,1.0
321,454,2004-05-01,1.0
392,228,2004-05-01,1.0
297,234,2004-05-01,1.0
209,32,2004-05-01,1.0
12,502,2004-05-01,1.0
32,209,2004-05-01,1.0
32,52,2004-05-01,1.0
53,254,2004-05-01,1.0
41,527,2004-05-01,1.0
41,529,2004-05-01,1.0
355,316,2004-05-01,1.0
357,501,2004-05-01,1.0
103,503,2004-05-01,1.0
228,392,2004-05-01,1.0
400,502,2004-05-01,1.0
447,34,2004-05-01,1.0
62,375,2004-05-01,1.0
12,175,2004-05-01,1.0
12,302,2004-05-01,1.0
51,529,2004-05-01,1.0
51,523,2004-05-01,1.0
441,368,2004-05-01,1.0
51,530,2004-05-01,1.0
456,527,2004-05-01,1.0
447,48,2004-05-01,1.0
363,502,2004-05-01,1.0
389,424,2004-05-01,1.0
400,428,2004-05-01,1.0
400,286,2004-05-01,1.0
396,378,2004-05-01,1.0
357,409,2004-05-01,1.0
67,313,2004-05-01,1.0
67,242,2004-05-01,1.0
38,177,2004-05-01,1.0
38,502,2004-05-01,1.0
38,475,2004-05-01,1.0
41,528,2004-05-01,1.0
474,74,2004-05-01,1.0
38,288,2004-05-01,1.0
74,379,2004-05-01,1.0
355,193,2004-05-01,1.0
386,387,2004-05-01,1.0
355,209,2004-05-01,1.0
38,386,2004-05-01,1.0
509,534,2004-05-01,1.0
38,168,2004-05-01,1.0
400,378,2004-05-01,1.0
456,405,2004-05-01,1.0
400,365,2004-05-01,1.0
352,309,2004-05-01,1.0
143,456,2004-05-01,1.0
456,389,2004-05-01,1.0
67,502,2004-05-01,1.0
214,512,2004-05-01,1.0
41,536,2004-05-01,1.0
19,409,2004-05-01,1.0
469,97,2004-05-01,1.0
41,464,2004-05-01,1.0
342,502,2004-05-01,1.0
393,32,2004-05-01,1.0
400,168,2004-05-01,1.0
67,475,2004-05-01,1.0
74,503,2004-05-01,1.0
389,467,2004-05-01,1.0
67,424,2004-05-01,1.0
67,521,2004-05-01,1.0
67,365,2004-05-01,1.0
67,172,2004-05-01,1.0
241,260,2004-05-01,1.0
27,414,2004-05-01,1.0
297,482,2004-05-01,1.0
409,302,2004-05-01,1.0
409,413,2004-05-01,1.0
233,372,2004-05-01,1.0
67,88,2004-05-01,1.0
336,368,2004-05-02,1.0
289,538,2004-05-02,1.0
48,538,2004-05-02,1.0
308,352,2004-05-02,1.0
538,48,2004-05-02,1.0
308,454,2004-05-02,1.0
355,193,2004-05-02,1.0
454,308,2004-05-02,1.0
336,294,2004-05-02,1.0
38,128,2004-05-02,1.0
321,538,2004-05-02,1.0
538,289,2004-05-02,1.0
308,540,2004-05-02,1.0
321,454,2004-05-02,1.0
128,236,2004-05-02,1.0
540,538,2004-05-02,1.0
321,270,2004-05-02,1.0
38,270,2004-05-02,1.0
73,393,2004-05-02,1.0
144,48,2004-05-02,1.0
308,336,2004-05-02,1.0
73,454,2004-05-02,1.0
336,308,2004-05-02,1.0
392,228,2004-05-02,1.0
73,343,2004-05-02,1.0
48,144,2004-05-02,1.0
73,452,2004-05-02,1.0
204,336,2004-05-02,1.0
144,283,2004-05-02,1.0
144,456,2004-05-02,1.0
74,459,2004-05-02,1.0
9,127,2004-05-02,1.0
193,355,2004-05-02,1.0
538,540,2004-05-02,1.0
422,536,2004-05-02,1.0
193,389,2004-05-02,1.0
236,128,2004-05-02,1.0
193,368,2004-05-02,1.0
119,538,2004-05-02,1.0
83,536,2004-05-02,1.0
308,220,2004-05-02,1.0
363,454,2004-05-02,1.0
495,540,2004-05-02,1.0
204,482,2004-05-02,1.0
404,6,2004-05-02,1.0
538,570,2004-05-02,1.0
75,475,2004-05-02,1.0
83,386,2004-05-02,1.0
517,481,2004-05-02,1.0
392,127,2004-05-02,1.0
41,389,2004-05-02,1.0
538,438,2004-05-02,1.0
536,532,2004-05-02,1.0
517,438,2004-05-02,1.0
517,540,2004-05-02,1.0
532,536,2004-05-02,1.0
75,97,2004-05-02,1.0
277,567,2004-05-02,1.0
252,389,2004-05-02,1.0
540,495,2004-05-02,1.0
355,316,2004-05-02,1.0
48,371,2004-05-02,1.0
289,97,2004-05-02,1.0
454,363,2004-05-02,1.0
321,365,2004-05-02,1.0
336,536,2004-05-02,1.0
277,73,2004-05-02,1.0
308,97,2004-05-02,1.0
540,365,2004-05-02,1.0
199,536,2004-05-02,1.0
365,540,2004-05-02,1.0
277,172,2004-05-02,1.0
551,456,2004-05-02,1.0
289,449,2004-05-02,1.0
8,32,2004-05-02,1.0
32,8,2004-05-02,1.0
525,214,2004-05-02,1.0
551,147,2004-05-02,1.0
355,102,2004-05-02,1.0
316,355,2004-05-02,1.0
540,308,2004-05-02,1.0
540,571,2004-05-02,1.0
449,289,2004-05-02,1.0
456,449,2004-05-02,1.0
551,319,2004-05-02,1.0
321,449,2004-05-02,1.0
449,456,2004-05-02,1.0
517,252,2004-05-02,1.0
266,97,2004-05-02,1.0
289,365,2004-05-02,1.0
212,119,2004-05-02,1.0
456,355,2004-05-02,1.0
266,449,2004-05-02,1.0
6,404,2004-05-02,1.0
302,449,2004-05-02,1.0
6,515,2004-05-02,1.0
6,122,2004-05-02,1.0
297,75,2004-05-02,1.0
38,502,2004-05-02,1.0
212,6,2004-05-02,1.0
539,454,2004-05-02,1.0
574,6,2004-05-02,1.0
233,481,2004-05-02,1.0
365,289,2004-05-02,1.0
283,144,2004-05-02,1.0
70,573,2004-05-02,1.0
9,97,2004-05-02,1.0
41,567,2004-05-02,1.0
325,559,2004-05-02,1.0
204,567,2004-05-02,1.0
308,316,2004-05-02,1.0
389,252,2004-05-02,1.0
389,193,2004-05-02,1.0
233,193,2004-05-02,1.0
103,144,2004-05-02,1.0
316,102,2004-05-02,1.0
316,308,2004-05-02,1.0
571,128,2004-05-02,1.0
128,571,2004-05-02,1.0
440,460,2004-05-02,1.0
172,392,2004-05-02,1.0
546,454,2004-05-02,1.0
405,456,2004-05-02,1.0
189,144,2004-05-02,1.0
571,260,2004-05-02,1.0
97,308,2004-05-02,1.0
392,538,2004-05-02,1.0
38,378,2004-05-02,1.0
103,378,2004-05-02,1.0
103,396,2004-05-02,1.0
282,456,2004-05-02,1.0
103,270,2004-05-02,1.0
400,454,2004-05-02,1.0
481,348,2004-05-02,1.0
546,572,2004-05-02,1.0
481,252,2004-05-02,1.0
317,308,2004-05-02,1.0
308,549,2004-05-02,1.0
27,414,2004-05-02,1.0
252,481,2004-05-02,1.0
62,60,2004-05-02,1.0
6,566,2004-05-02,1.0
214,525,2004-05-02,1.0
536,336,2004-05-02,1.0
456,396,2004-05-02,1.0
9,144,2004-05-02,1.0
551,224,2004-05-02,1.0
551,83,2004-05-02,1.0
204,571,2004-05-02,1.0
475,75,2004-05-02,1.0
289,319,2004-05-02,1.0
27,456,2004-05-02,1.0
220,308,2004-05-02,1.0
398,465,2004-05-02,1.0
302,557,2004-05-02,1.0
242,236,2004-05-02,1.0
19,233,2004-05-02,1.0
19,65,2004-05-02,1.0
557,302,2004-05-02,1.0
527,32,2004-05-02,1.0
527,554,2004-05-02,1.0
554,527,2004-05-02,1.0
252,6,2004-05-02,1.0
41,460,2004-05-02,1.0
527,74,2004-05-02,1.0
553,51,2004-05-02,1.0
553,456,2004-05-02,1.0
325,542,2004-05-02,1.0
389,559,2004-05-02,1.0
1,302,2004-05-02,1.0
325,548,2004-05-02,1.0
325,560,2004-05-02,1.0
465,398,2004-05-02,1.0
560,325,2004-05-02,1.0
447,119,2004-05-02,1.0
36,3,2004-05-02,1.0
204,242,2004-05-02,1.0
144,398,2004-05-02,1.0
74,302,2004-05-02,1.0
74,527,2004-05-02,1.0
103,175,2004-05-02,1.0
103,513,2004-05-02,1.0
103,128,2004-05-02,1.0
41,561,2004-05-02,1.0
474,74,2004-05-02,1.0
214,302,2004-05-02,1.0
97,266,2004-05-02,1.0
325,97,2004-05-02,1.0
97,325,2004-05-02,1.0
325,549,2004-05-02,1.0
302,74,2004-05-02,1.0
209,527,2004-05-02,1.0
41,527,2004-05-02,1.0
527,209,2004-05-02,1.0
542,325,2004-05-02,1.0
542,548,2004-05-02,1.0
252,97,2004-05-02,1.0
97,252,2004-05-02,1.0
474,32,2004-05-02,1.0
389,482,2004-05-02,1.0
525,211,2004-05-02,1.0
557,527,2004-05-02,1.0
97,289,2004-05-02,1.0
549,325,2004-05-02,1.0
535,513,2004-05-02,1.0
74,379,2004-05-02,1.0
103,365,2004-05-02,1.0
258,76,2004-05-02,1.0
509,236,2004-05-02,1.0
509,302,2004-05-02,1.0
204,62,2004-05-02,1.0
532,364,2004-05-02,1.0
379,74,2004-05-02,1.0
95,393,2004-05-02,1.0
302,558,2004-05-02,1.0
36,73,2004-05-02,1.0
68,61,2004-05-02,1.0
1,477,2004-05-02,1.0
302,138,2004-05-02,1.0
302,214,2004-05-02,1.0
393,54,2004-05-02,1.0
103,393,2004-05-02,1.0
393,291,2004-05-02,1.0
294,456,2004-05-02,1.0
62,554,2004-05-02,1.0
481,479,2004-05-02,1.0
260,241,2004-05-02,1.0
389,509,2004-05-02,1.0
523,565,2004-05-02,1.0
561,51,2004-05-02,1.0
456,144,2004-05-02,1.0
119,168,2004-05-02,1.0
41,353,2004-05-02,1.0
465,456,2004-05-02,1.0
176,270,2004-05-02,1.0
41,566,2004-05-02,1.0
483,127,2004-05-02,1.0
38,393,2004-05-02,1.0
38,233,2004-05-02,1.0
103,168,2004-05-02,1.0
214,437,2004-05-02,1.0
398,175,2004-05-02,1.0
214,564,2004-05-02,1.0
260,283,2004-05-02,1.0
494,325,2004-05-02,1.0
494,389,2004-05-02,1.0
400,286,2004-05-02,1.0
51,465,2004-05-02,1.0
539,396,2004-05-02,1.0
41,270,2004-05-02,1.0
400,396,2004-05-02,1.0
567,260,2004-05-02,1.0
62,454,2004-05-02,1.0
539,536,2004-05-02,1.0
41,481,2004-05-02,1.0
9,527,2004-05-02,1.0
9,177,2004-05-02,1.0
9,389,2004-05-02,1.0
9,569,2004-05-02,1.0
9,566,2004-05-02,1.0
370,568,2004-05-02,1.0
525,93,2004-05-02,1.0
38,168,2004-05-02,1.0
19,566,2004-05-02,1.0
168,119,2004-05-02,1.0
567,460,2004-05-02,1.0
568,370,2004-05-02,1.0
297,481,2004-05-02,1.0
277,252,2004-05-02,1.0
454,181,2004-05-02,1.0
313,127,2004-05-02,1.0
456,553,2004-05-02,1.0
204,456,2004-05-02,1.0
456,527,2004-05-02,1.0
555,562,2004-05-02,1.0
400,144,2004-05-02,1.0
297,263,2004-05-02,1.0
456,252,2004-05-02,1.0
252,456,2004-05-02,1.0
325,553,2004-05-02,1.0
214,500,2004-05-02,1.0
563,239,2004-05-02,1.0
51,561,2004-05-02,1.0
367,393,2004-05-02,1.0
283,375,2004-05-02,1.0
283,515,2004-05-02,1.0
51,39,2004-05-02,1.0
286,549,2004-05-02,1.0
549,286,2004-05-02,1.0
103,525,2004-05-02,1.0
398,456,2004-05-02,1.0
38,148,2004-05-02,1.0
38,177,2004-05-02,1.0
398,394,2004-05-02,1.0
357,134,2004-05-02,1.0
357,538,2004-05-02,1.0
400,428,2004-05-02,1.0
103,134,2004-05-02,1.0
456,27,2004-05-02,1.0
456,538,2004-05-02,1.0
400,429,2004-05-02,1.0
372,445,2004-05-03,1.0
598,103,2004-05-03,1.0
212,368,2004-05-03,1.0
12,569,2004-05-03,1.0
598,289,2004-05-03,1.0
9,569,2004-05-03,1.0
599,289,2004-05-03,1.0
9,598,2004-05-03,1.0
289,598,2004-05-03,1.0
368,514,2004-05-03,1.0
372,527,2004-05-03,1.0
598,542,2004-05-03,1.0
12,480,2004-05-03,1.0
520,220,2004-05-03,1.0
176,603,2004-05-03,1.0
144,561,2004-05-03,1.0
423,598,2004-05-03,1.0
12,391,2004-05-03,1.0
561,51,2004-05-03,1.0
9,514,2004-05-03,1.0
598,567,2004-05-03,1.0
36,601,2004-05-03,1.0
567,538,2004-05-03,1.0
532,463,2004-05-03,1.0
12,527,2004-05-03,1.0
514,368,2004-05-03,1.0
514,388,2004-05-03,1.0
6,48,2004-05-03,1.0
9,601,2004-05-03,1.0
9,409,2004-05-03,1.0
542,97,2004-05-03,1.0
19,480,2004-05-03,1.0
372,103,2004-05-03,1.0
283,445,2004-05-03,1.0
97,542,2004-05-03,1.0
445,283,2004-05-03,1.0
368,454,2004-05-03,1.0
555,590,2004-05-03,1.0
605,263,2004-05-03,1.0
289,454,2004-05-03,1.0
41,598,2004-05-03,1.0
454,289,2004-05-03,1.0
103,598,2004-05-03,1.0
555,463,2004-05-03,1.0
555,365,2004-05-03,1.0
41,389,2004-05-03,1.0
555,393,2004-05-03,1.0
103,561,2004-05-03,1.0
350,576,2004-05-03,1.0
355,193,2004-05-03,1.0
41,603,2004-05-03,1.0
561,103,2004-05-03,1.0
540,495,2004-05-03,1.0
103,601,2004-05-03,1.0
48,6,2004-05-03,1.0
605,272,2004-05-03,1.0
69,368,2004-05-03,1.0
69,119,2004-05-03,1.0
368,604,2004-05-03,1.0
368,162,2004-05-03,1.0
368,401,2004-05-03,1.0
538,567,2004-05-03,1.0
372,437,2004-05-03,1.0
12,175,2004-05-03,1.0
454,368,2004-05-03,1.0
454,514,2004-05-03,1.0
69,308,2004-05-03,1.0
325,97,2004-05-03,1.0
482,368,2004-05-03,1.0
542,389,2004-05-03,1.0
19,601,2004-05-03,1.0
317,368,2004-05-03,1.0
19,409,2004-05-03,1.0
368,482,2004-05-03,1.0
289,149,2004-05-03,1.0
567,602,2004-05-03,1.0
277,263,2004-05-03,1.0
602,567,2004-05-03,1.0
324,128,2004-05-03,1.0
437,372,2004-05-03,1.0
9,527,2004-05-03,1.0
371,368,2004-05-03,1.0
149,289,2004-05-03,1.0
389,542,2004-05-03,1.0
447,368,2004-05-03,1.0
502,172,2004-05-03,1.0
97,325,2004-05-03,1.0
368,300,2004-05-03,1.0
569,372,2004-05-03,1.0
102,98,2004-05-03,1.0
6,540,2004-05-03,1.0
372,598,2004-05-03,1.0
372,514,2004-05-03,1.0
596,57,2004-05-03,1.0
368,538,2004-05-03,1.0
596,119,2004-05-03,1.0
567,598,2004-05-03,1.0
527,263,2004-05-03,1.0
9,482,2004-05-03,1.0
368,404,2004-05-03,1.0
371,306,2004-05-03,1.0
263,527,2004-05-03,1.0
36,400,2004-05-03,1.0
189,144,2004-05-03,1.0
368,388,2004-05-03,1.0
9,502,2004-05-03,1.0
98,102,2004-05-03,1.0
368,371,2004-05-03,1.0
514,437,2004-05-03,1.0
324,329,2004-05-03,1.0
306,285,2004-05-03,1.0
9,389,2004-05-03,1.0
437,325,2004-05-03,1.0
144,142,2004-05-03,1.0
306,239,2004-05-03,1.0
586,389,2004-05-03,1.0
586,409,2004-05-03,1.0
325,437,2004-05-03,1.0
398,144,2004-05-03,1.0
41,561,2004-05-03,1.0
355,316,2004-05-03,1.0
103,462,2004-05-03,1.0
51,601,2004-05-03,1.0
596,62,2004-05-03,1.0
70,620,2004-05-03,1.0
88,427,2004-05-03,1.0
429,400,2004-05-03,1.0
495,540,2004-05-03,1.0
462,103,2004-05-03,1.0
596,388,2004-05-03,1.0
30,103,2004-05-03,1.0
204,609,2004-05-03,1.0
454,509,2004-05-03,1.0
617,308,2004-05-03,1.0
619,97,2004-05-03,1.0
27,620,2004-05-03,1.0
539,396,2004-05-03,1.0
621,593,2004-05-03,1.0
551,456,2004-05-03,1.0
27,414,2004-05-03,1.0
119,596,2004-05-03,1.0
509,454,2004-05-03,1.0
103,593,2004-05-03,1.0
19,65,2004-05-03,1.0
103,149,2004-05-03,1.0
321,495,2004-05-03,1.0
414,607,2004-05-03,1.0
621,48,2004-05-03,1.0
593,228,2004-05-03,1.0
610,325,2004-05-03,1.0
609,386,2004-05-03,1.0
617,272,2004-05-03,1.0
72,611,2004-05-03,1.0
609,449,2004-05-03,1.0
132,449,2004-05-03,1.0
132,589,2004-05-03,1.0
132,103,2004-05-03,1.0
347,191,2004-05-03,1.0
609,607,2004-05-03,1.0
449,422,2004-05-03,1.0
586,607,2004-05-03,1.0
449,302,2004-05-03,1.0
449,266,2004-05-03,1.0
449,289,2004-05-03,1.0
145,147,2004-05-03,1.0
586,460,2004-05-03,1.0
289,449,2004-05-03,1.0
36,547,2004-05-03,1.0
617,72,2004-05-03,1.0
212,305,2004-05-03,1.0
395,394,2004-05-03,1.0
399,365,2004-05-03,1.0
399,386,2004-05-03,1.0
399,299,2004-05-03,1.0
143,103,2004-05-03,1.0
399,76,2004-05-03,1.0
618,3,2004-05-03,1.0
212,48,2004-05-03,1.0
386,609,2004-05-03,1.0
386,387,2004-05-03,1.0
596,72,2004-05-03,1.0
456,449,2004-05-03,1.0
449,456,2004-05-03,1.0
551,62,2004-05-03,1.0
583,234,2004-05-03,1.0
624,437,2004-05-03,1.0
624,452,2004-05-03,1.0
234,583,2004-05-03,1.0
9,607,2004-05-03,1.0
616,615,2004-05-03,1.0
57,596,2004-05-03,1.0
41,609,2004-05-03,1.0
53,456,2004-05-03,1.0
514,256,2004-05-03,1.0
176,101,2004-05-03,1.0
495,498,2004-05-03,1.0
97,285,2004-05-03,1.0
542,325,2004-05-03,1.0
460,608,2004-05-03,1.0
422,449,2004-05-03,1.0
277,468,2004-05-03,1.0
422,536,2004-05-03,1.0
9,177,2004-05-03,1.0
302,296,2004-05-03,1.0
468,594,2004-05-03,1.0
336,536,2004-05-03,1.0
607,542,2004-05-03,1.0
302,449,2004-05-03,1.0
607,609,2004-05-03,1.0
607,67,2004-05-03,1.0
551,147,2004-05-03,1.0
277,414,2004-05-03,1.0
498,495,2004-05-03,1.0
303,212,2004-05-03,1.0
622,607,2004-05-03,1.0
619,475,2004-05-03,1.0
596,622,2004-05-03,1.0
605,302,2004-05-03,1.0
542,607,2004-05-03,1.0
583,34,2004-05-03,1.0
34,583,2004-05-03,1.0
622,623,2004-05-03,1.0
365,399,2004-05-03,1.0
622,596,2004-05-03,1.0
52,368,2004-05-03,1.0
546,454,2004-05-03,1.0
586,300,2004-05-03,1.0
536,532,2004-05-03,1.0
540,6,2004-05-03,1.0
605,308,2004-05-03,1.0
561,99,2004-05-03,1.0
409,147,2004-05-03,1.0
573,242,2004-05-03,1.0
176,598,2004-05-03,1.0
569,174,2004-05-03,1.0
242,573,2004-05-03,1.0
147,236,2004-05-03,1.0
174,260,2004-05-03,1.0
62,454,2004-05-03,1.0
605,337,2004-05-03,1.0
321,454,2004-05-03,1.0
555,517,2004-05-03,1.0
62,422,2004-05-03,1.0
608,460,2004-05-03,1.0
62,607,2004-05-03,1.0
325,607,2004-05-03,1.0
495,181,2004-05-03,1.0
297,422,2004-05-03,1.0
62,567,2004-05-03,1.0
350,592,2004-05-03,1.0
594,90,2004-05-03,1.0
350,480,2004-05-03,1.0
392,172,2004-05-03,1.0
569,606,2004-05-03,1.0
542,598,2004-05-03,1.0
72,596,2004-05-03,1.0
422,391,2004-05-03,1.0
252,463,2004-05-03,1.0
236,128,2004-05-03,1.0
305,212,2004-05-03,1.0
560,607,2004-05-03,1.0
67,607,2004-05-03,1.0
67,598,2004-05-03,1.0
70,573,2004-05-03,1.0
128,236,2004-05-03,1.0
128,324,2004-05-03,1.0
611,72,2004-05-03,1.0
329,324,2004-05-03,1.0
427,88,2004-05-03,1.0
427,426,2004-05-03,1.0
176,607,2004-05-03,1.0
321,392,2004-05-03,1.0
242,607,2004-05-03,1.0
612,613,2004-05-03,1.0
321,300,2004-05-03,1.0
422,62,2004-05-03,1.0
598,32,2004-05-03,1.0
598,67,2004-05-03,1.0
204,191,2004-05-03,1.0
536,422,2004-05-03,1.0
536,199,2004-05-03,1.0
615,616,2004-05-03,1.0
248,283,2004-05-03,1.0
372,495,2004-05-03,1.0
36,614,2004-05-03,1.0
316,355,2004-05-03,1.0
388,514,2004-05-03,1.0
555,607,2004-05-03,1.0
607,325,2004-05-03,1.0
392,127,2004-05-03,1.0
321,607,2004-05-03,1.0
62,50,2004-05-03,1.0
392,228,2004-05-03,1.0
321,598,2004-05-03,1.0
609,391,2004-05-03,1.0
454,62,2004-05-03,1.0
321,609,2004-05-03,1.0
321,280,2004-05-03,1.0
622,592,2004-05-03,1.0
172,502,2004-05-03,1.0
571,540,2004-05-03,1.0
12,593,2004-05-03,1.0
447,95,2004-05-03,1.0
509,272,2004-05-03,1.0
27,422,2004-05-03,1.0
454,363,2004-05-03,1.0
62,285,2004-05-03,1.0
389,193,2004-05-03,1.0
308,566,2004-05-03,1.0
389,252,2004-05-03,1.0
12,148,2004-05-03,1.0
12,355,2004-05-03,1.0
552,266,2004-05-03,1.0
212,119,2004-05-03,1.0
212,73,2004-05-03,1.0
212,67,2004-05-03,1.0
321,437,2004-05-03,1.0
212,509,2004-05-03,1.0
308,371,2004-05-03,1.0
9,127,2004-05-03,1.0
555,388,2004-05-03,1.0
372,538,2004-05-03,1.0
283,248,2004-05-03,1.0
583,308,2004-05-03,1.0
308,583,2004-05-03,1.0
83,386,2004-05-03,1.0
34,527,2004-05-03,1.0
463,252,2004-05-03,1.0
463,532,2004-05-03,1.0
34,335,2004-05-03,1.0
302,51,2004-05-03,1.0
51,302,2004-05-03,1.0
463,469,2004-05-03,1.0
586,481,2004-05-03,1.0
143,415,2004-05-03,1.0
321,593,2004-05-03,1.0
463,228,2004-05-03,1.0
297,272,2004-05-03,1.0
317,571,2004-05-03,1.0
74,592,2004-05-03,1.0
308,456,2004-05-03,1.0
204,298,2004-05-03,1.0
83,551,2004-05-03,1.0
266,236,2004-05-03,1.0
204,456,2004-05-03,1.0
357,593,2004-05-03,1.0
283,375,2004-05-03,1.0
204,481,2004-05-03,1.0
583,172,2004-05-03,1.0
193,593,2004-05-03,1.0
538,372,2004-05-03,1.0
300,468,2004-05-03,1.0
193,389,2004-05-03,1.0
95,371,2004-05-03,1.0
371,308,2004-05-03,1.0
282,462,2004-05-03,1.0
289,371,2004-05-03,1.0
289,97,2004-05-03,1.0
289,306,2004-05-03,1.0
19,593,2004-05-03,1.0
520,8,2004-05-03,1.0
289,437,2004-05-03,1.0
368,594,2004-05-03,1.0
363,454,2004-05-03,1.0
294,51,2004-05-03,1.0
97,289,2004-05-03,1.0
593,19,2004-05-03,1.0
73,212,2004-05-03,1.0
274,462,2004-05-03,1.0
583,325,2004-05-03,1.0
274,32,2004-05-03,1.0
204,303,2004-05-03,1.0
569,336,2004-05-03,1.0
212,263,2004-05-03,1.0
131,548,2004-05-03,1.0
321,306,2004-05-03,1.0
325,583,2004-05-03,1.0
325,391,2004-05-03,1.0
44,456,2004-05-03,1.0
212,388,2004-05-03,1.0
475,266,2004-05-03,1.0
266,475,2004-05-03,1.0
321,373,2004-05-03,1.0
594,475,2004-05-03,1.0
594,502,2004-05-03,1.0
212,289,2004-05-03,1.0
469,463,2004-05-03,1.0
520,291,2004-05-03,1.0
212,480,2004-05-03,1.0
321,480,2004-05-03,1.0
586,538,2004-05-03,1.0
283,144,2004-05-03,1.0
363,475,2004-05-03,1.0
41,460,2004-05-03,1.0
551,497,2004-05-03,1.0
63,127,2004-05-03,1.0
321,402,2004-05-03,1.0
212,303,2004-05-03,1.0
62,60,2004-05-03,1.0
212,372,2004-05-03,1.0
60,62,2004-05-03,1.0
581,582,2004-05-03,1.0
282,456,2004-05-03,1.0
583,214,2004-05-03,1.0
214,584,2004-05-03,1.0
214,512,2004-05-03,1.0
252,389,2004-05-03,1.0
214,583,2004-05-03,1.0
456,302,2004-05-03,1.0
456,553,2004-05-03,1.0
481,371,2004-05-03,1.0
302,456,2004-05-03,1.0
553,325,2004-05-03,1.0
553,456,2004-05-03,1.0
549,495,2004-05-03,1.0
249,302,2004-05-03,1.0
563,538,2004-05-03,1.0
418,580,2004-05-03,1.0
418,579,2004-05-03,1.0
263,297,2004-05-03,1.0
306,438,2004-05-03,1.0
398,394,2004-05-03,1.0
69,289,2004-05-03,1.0
228,392,2004-05-03,1.0
102,316,2004-05-03,1.0
127,313,2004-05-03,1.0
127,392,2004-05-03,1.0
62,266,2004-05-03,1.0
212,6,2004-05-03,1.0
38,128,2004-05-03,1.0
9,97,2004-05-03,1.0
575,576,2004-05-03,1.0
418,512,2004-05-03,1.0
549,308,2004-05-03,1.0
578,341,2004-05-03,1.0
540,538,2004-05-03,1.0
387,386,2004-05-03,1.0
474,48,2004-05-03,1.0
538,540,2004-05-03,1.0
103,577,2004-05-03,1.0
551,306,2004-05-03,1.0
474,32,2004-05-03,1.0
398,313,2004-05-03,1.0
475,363,2004-05-03,1.0
38,378,2004-05-03,1.0
38,52,2004-05-03,1.0
38,386,2004-05-03,1.0
38,502,2004-05-03,1.0
19,527,2004-05-03,1.0
145,119,2004-05-03,1.0
591,475,2004-05-03,1.0
475,591,2004-05-03,1.0
440,590,2004-05-03,1.0
586,589,2004-05-03,1.0
6,578,2004-05-03,1.0
440,588,2004-05-03,1.0
440,587,2004-05-03,1.0
252,6,2004-05-03,1.0
396,456,2004-05-03,1.0
103,538,2004-05-03,1.0
38,527,2004-05-03,1.0
422,285,2004-05-03,1.0
103,527,2004-05-03,1.0
34,313,2004-05-03,1.0
272,509,2004-05-03,1.0
38,302,2004-05-03,1.0
285,422,2004-05-03,1.0
38,592,2004-05-03,1.0
396,400,2004-05-03,1.0
422,549,2004-05-03,1.0
1,302,2004-05-03,1.0
495,424,2004-05-03,1.0
495,549,2004-05-03,1.0
586,252,2004-05-03,1.0
372,365,2004-05-03,1.0
193,355,2004-05-03,1.0
372,97,2004-05-03,1.0
372,233,2004-05-03,1.0
372,375,2004-05-03,1.0
495,585,2004-05-03,1.0
62,343,2004-05-03,1.0
372,508,2004-05-03,1.0
289,391,2004-05-03,1.0
372,391,2004-05-03,1.0
389,289,2004-05-03,1.0
567,542,2004-05-03,1.0
409,103,2004-05-03,1.0
567,502,2004-05-03,1.0
289,600,2004-05-03,1.0
289,389,2004-05-03,1.0
41,90,2004-05-03,1.0
289,463,2004-05-03,1.0
502,567,2004-05-03,1.0
463,289,2004-05-03,1.0
36,511,2004-05-03,1.0
41,502,2004-05-03,1.0
103,391,2004-05-03,1.0
596,542,2004-05-03,1.0
569,103,2004-05-03,1.0
409,542,2004-05-03,1.0
423,437,2004-05-03,1.0
90,594,2004-05-03,1.0
372,489,2004-05-03,1.0
514,513,2004-05-03,1.0
514,454,2004-05-03,1.0
103,409,2004-05-03,1.0
325,567,2004-05-03,1.0
368,52,2004-05-03,1.0
567,325,2004-05-03,1.0
482,437,2004-05-03,1.0
542,567,2004-05-03,1.0
567,548,2004-05-03,1.0
289,596,2004-05-03,1.0
596,289,2004-05-03,1.0
489,372,2004-05-03,1.0
371,95,2004-05-03,1.0
41,596,2004-05-03,1.0
62,463,2004-05-03,1.0
371,289,2004-05-03,1.0
289,504,2004-05-03,1.0
51,502,2004-05-03,1.0
162,161,2004-05-03,1.0
504,289,2004-05-03,1.0
594,368,2004-05-03,1.0
463,62,2004-05-03,1.0
12,389,2004-05-03,1.0
517,289,2004-05-03,1.0
372,389,2004-05-03,1.0
103,306,2004-05-03,1.0
343,62,2004-05-03,1.0
567,595,2004-05-03,1.0
161,162,2004-05-03,1.0
341,578,2004-05-03,1.0
309,391,2004-05-03,1.0
220,283,2004-05-03,1.0
494,389,2004-05-03,1.0
343,6,2004-05-03,1.0
343,73,2004-05-03,1.0
595,567,2004-05-03,1.0
542,142,2004-05-03,1.0
36,598,2004-05-03,1.0
542,596,2004-05-03,1.0
12,343,2004-05-03,1.0
19,598,2004-05-03,1.0
12,142,2004-05-03,1.0
103,569,2004-05-03,1.0
176,515,2004-05-03,1.0
103,489,2004-05-03,1.0
212,597,2004-05-03,1.0
103,402,2004-05-03,1.0
289,517,2004-05-03,1.0
12,300,2004-05-03,1.0
12,402,2004-05-03,1.0
104,97,2004-05-03,1.0
569,289,2004-05-03,1.0
36,73,2004-05-03,1.0
97,104,2004-05-03,1.0
289,569,2004-05-03,1.0
95,682,2004-05-04,1.0
367,323,2004-05-04,1.0
323,640,2004-05-04,1.0
300,368,2004-05-04,1.0
289,638,2004-05-04,1.0
617,74,2004-05-04,1.0
525,51,2004-05-04,1.0
679,132,2004-05-04,1.0
323,181,2004-05-04,1.0
325,316,2004-05-04,1.0
51,525,2004-05-04,1.0
681,588,2004-05-04,1.0
323,367,2004-05-04,1.0
640,617,2004-05-04,1.0
9,409,2004-05-04,1.0
9,8,2004-05-04,1.0
617,640,2004-05-04,1.0
405,514,2004-05-04,1.0
646,673,2004-05-04,1.0
316,325,2004-05-04,1.0
74,680,2004-05-04,1.0
317,325,2004-05-04,1.0
638,289,2004-05-04,1.0
181,355,2004-05-04,1.0
323,68,2004-05-04,1.0
617,487,2004-05-04,1.0
368,300,2004-05-04,1.0
680,74,2004-05-04,1.0
297,272,2004-05-04,1.0
525,103,2004-05-04,1.0
68,3,2004-05-04,1.0
487,658,2004-05-04,1.0
355,181,2004-05-04,1.0
103,525,2004-05-04,1.0
176,475,2004-05-04,1.0
300,321,2004-05-04,1.0
679,162,2004-05-04,1.0
640,323,2004-05-04,1.0
277,583,2004-05-04,1.0
278,6,2004-05-04,1.0
317,316,2004-05-04,1.0
278,638,2004-05-04,1.0
588,440,2004-05-04,1.0
588,51,2004-05-04,1.0
259,242,2004-05-04,1.0
181,495,2004-05-04,1.0
277,652,2004-05-04,1.0
431,323,2004-05-04,1.0
334,128,2004-05-04,1.0
617,112,2004-05-04,1.0
679,404,2004-05-04,1.0
74,617,2004-05-04,1.0
662,625,2004-05-04,1.0
439,636,2004-05-04,1.0
573,184,2004-05-04,1.0
439,440,2004-05-04,1.0
259,256,2004-05-04,1.0
638,278,2004-05-04,1.0
603,248,2004-05-04,1.0
259,289,2004-05-04,1.0
513,388,2004-05-04,1.0
625,534,2004-05-04,1.0
513,588,2004-05-04,1.0
605,413,2004-05-04,1.0
683,413,2004-05-04,1.0
396,181,2004-05-04,1.0
172,684,2004-05-04,1.0
413,683,2004-05-04,1.0
638,651,2004-05-04,1.0
555,502,2004-05-04,1.0
316,74,2004-05-04,1.0
316,355,2004-05-04,1.0
651,638,2004-05-04,1.0
651,97,2004-05-04,1.0
603,6,2004-05-04,1.0
74,316,2004-05-04,1.0
683,72,2004-05-04,1.0
263,647,2004-05-04,1.0
439,513,2004-05-04,1.0
388,590,2004-05-04,1.0
6,603,2004-05-04,1.0
647,263,2004-05-04,1.0
6,278,2004-05-04,1.0
607,74,2004-05-04,1.0
128,685,2004-05-04,1.0
638,242,2004-05-04,1.0
242,638,2004-05-04,1.0
631,115,2004-05-04,1.0
72,683,2004-05-04,1.0
631,335,2004-05-04,1.0
388,513,2004-05-04,1.0
242,259,2004-05-04,1.0
588,513,2004-05-04,1.0
631,596,2004-05-04,1.0
316,181,2004-05-04,1.0
415,436,2004-05-04,1.0
44,456,2004-05-04,1.0
355,316,2004-05-04,1.0
308,540,2004-05-04,1.0
344,254,2004-05-04,1.0
68,323,2004-05-04,1.0
181,598,2004-05-04,1.0
248,375,2004-05-04,1.0
605,263,2004-05-04,1.0
539,425,2004-05-04,1.0
642,325,2004-05-04,1.0
323,642,2004-05-04,1.0
181,323,2004-05-04,1.0
181,316,2004-05-04,1.0
181,396,2004-05-04,1.0
625,662,2004-05-04,1.0
487,437,2004-05-04,1.0
44,74,2004-05-04,1.0
44,432,2004-05-04,1.0
638,88,2004-05-04,1.0
513,641,2004-05-04,1.0
513,636,2004-05-04,1.0
72,678,2004-05-04,1.0
254,299,2004-05-04,1.0
321,280,2004-05-04,1.0
642,263,2004-05-04,1.0
422,194,2004-05-04,1.0
555,62,2004-05-04,1.0
317,368,2004-05-04,1.0
103,675,2004-05-04,1.0
103,673,2004-05-04,1.0
372,673,2004-05-04,1.0
555,147,2004-05-04,1.0
640,638,2004-05-04,1.0
642,418,2004-05-04,1.0
654,652,2004-05-04,1.0
481,6,2004-05-04,1.0
605,103,2004-05-04,1.0
194,482,2004-05-04,1.0
51,314,2004-05-04,1.0
53,456,2004-05-04,1.0
289,673,2004-05-04,1.0
12,658,2004-05-04,1.0
654,456,2004-05-04,1.0
617,516,2004-05-04,1.0
211,194,2004-05-04,1.0
280,321,2004-05-04,1.0
277,496,2004-05-04,1.0
479,314,2004-05-04,1.0
317,6,2004-05-04,1.0
277,673,2004-05-04,1.0
638,640,2004-05-04,1.0
605,74,2004-05-04,1.0
617,340,2004-05-04,1.0
496,658,2004-05-04,1.0
73,6,2004-05-04,1.0
317,308,2004-05-04,1.0
673,289,2004-05-04,1.0
321,675,2004-05-04,1.0
658,496,2004-05-04,1.0
555,676,2004-05-04,1.0
631,463,2004-05-04,1.0
673,103,2004-05-04,1.0
12,8,2004-05-04,1.0
252,6,2004-05-04,1.0
277,514,2004-05-04,1.0
652,654,2004-05-04,1.0
6,73,2004-05-04,1.0
605,289,2004-05-04,1.0
551,456,2004-05-04,1.0
281,323,2004-05-04,1.0
199,536,2004-05-04,1.0
41,598,2004-05-04,1.0
349,655,2004-05-04,1.0
482,194,2004-05-04,1.0
41,658,2004-05-04,1.0
297,422,2004-05-04,1.0
673,254,2004-05-04,1.0
496,475,2004-05-04,1.0
674,302,2004-05-04,1.0
515,194,2004-05-04,1.0
254,673,2004-05-04,1.0
355,193,2004-05-04,1.0
388,596,2004-05-04,1.0
73,74,2004-05-04,1.0
6,481,2004-05-04,1.0
456,654,2004-05-04,1.0
617,456,2004-05-04,1.0
74,73,2004-05-04,1.0
277,299,2004-05-04,1.0
673,372,2004-05-04,1.0
323,281,2004-05-04,1.0
496,437,2004-05-04,1.0
254,598,2004-05-04,1.0
424,495,2004-05-04,1.0
555,306,2004-05-04,1.0
631,662,2004-05-04,1.0
323,636,2004-05-04,1.0
555,636,2004-05-04,1.0
277,468,2004-05-04,1.0
639,642,2004-05-04,1.0
617,272,2004-05-04,1.0
605,272,2004-05-04,1.0
555,654,2004-05-04,1.0
9,658,2004-05-04,1.0
636,388,2004-05-04,1.0
468,594,2004-05-04,1.0
388,636,2004-05-04,1.0
212,479,2004-05-04,1.0
9,638,2004-05-04,1.0
652,302,2004-05-04,1.0
181,454,2004-05-04,1.0
9,389,2004-05-04,1.0
9,569,2004-05-04,1.0
212,642,2004-05-04,1.0
639,481,2004-05-04,1.0
325,642,2004-05-04,1.0
660,659,2004-05-04,1.0
9,640,2004-05-04,1.0
69,119,2004-05-04,1.0
69,6,2004-05-04,1.0
6,252,2004-05-04,1.0
496,523,2004-05-04,1.0
9,636,2004-05-04,1.0
248,603,2004-05-04,1.0
617,254,2004-05-04,1.0
638,48,2004-05-04,1.0
667,658,2004-05-04,1.0
617,677,2004-05-04,1.0
99,654,2004-05-04,1.0
479,212,2004-05-04,1.0
596,388,2004-05-04,1.0
99,626,2004-05-04,1.0
396,481,2004-05-04,1.0
525,211,2004-05-04,1.0
325,632,2004-05-04,1.0
681,388,2004-05-04,1.0
339,493,2004-05-04,1.0
339,698,2004-05-04,1.0
551,83,2004-05-04,1.0
639,252,2004-05-04,1.0
589,132,2004-05-04,1.0
272,297,2004-05-04,1.0
681,52,2004-05-04,1.0
698,184,2004-05-04,1.0
339,437,2004-05-04,1.0
681,627,2004-05-04,1.0
681,32,2004-05-04,1.0
394,393,2004-05-04,1.0
321,587,2004-05-04,1.0
394,676,2004-05-04,1.0
394,177,2004-05-04,1.0
586,481,2004-05-04,1.0
586,252,2004-05-04,1.0
184,573,2004-05-04,1.0
632,626,2004-05-04,1.0
586,666,2004-05-04,1.0
681,698,2004-05-04,1.0
282,456,2004-05-04,1.0
616,570,2004-05-04,1.0
184,698,2004-05-04,1.0
220,337,2004-05-04,1.0
236,389,2004-05-04,1.0
509,454,2004-05-04,1.0
147,349,2004-05-04,1.0
555,402,2004-05-04,1.0
605,337,2004-05-04,1.0
681,140,2004-05-04,1.0
376,687,2004-05-04,1.0
376,514,2004-05-04,1.0
638,567,2004-05-04,1.0
513,649,2004-05-04,1.0
481,396,2004-05-04,1.0
337,220,2004-05-04,1.0
282,34,2004-05-04,1.0
376,252,2004-05-04,1.0
32,474,2004-05-04,1.0
697,422,2004-05-04,1.0
266,155,2004-05-04,1.0
266,695,2004-05-04,1.0
266,658,2004-05-04,1.0
266,676,2004-05-04,1.0
400,429,2004-05-04,1.0
266,694,2004-05-04,1.0
266,677,2004-05-04,1.0
266,680,2004-05-04,1.0
266,693,2004-05-04,1.0
266,692,2004-05-04,1.0
266,687,2004-05-04,1.0
266,68,2004-05-04,1.0
266,688,2004-05-04,1.0
266,252,2004-05-04,1.0
67,683,2004-05-04,1.0
266,663,2004-05-04,1.0
67,430,2004-05-04,1.0
96,62,2004-05-04,1.0
41,515,2004-05-04,1.0
254,344,2004-05-04,1.0
321,663,2004-05-04,1.0
321,3,2004-05-04,1.0
321,300,2004-05-04,1.0
41,375,2004-05-04,1.0
266,691,2004-05-04,1.0
498,495,2004-05-04,1.0
212,687,2004-05-04,1.0
336,536,2004-05-04,1.0
394,522,2004-05-04,1.0
586,638,2004-05-04,1.0
586,300,2004-05-04,1.0
29,654,2004-05-04,1.0
319,540,2004-05-04,1.0
394,456,2004-05-04,1.0
321,299,2004-05-04,1.0
697,321,2004-05-04,1.0
9,177,2004-05-04,1.0
536,532,2004-05-04,1.0
244,415,2004-05-04,1.0
36,73,2004-05-04,1.0
36,413,2004-05-04,1.0
36,259,2004-05-04,1.0
475,594,2004-05-04,1.0
429,289,2004-05-04,1.0
696,212,2004-05-04,1.0
70,620,2004-05-04,1.0
567,638,2004-05-04,1.0
536,199,2004-05-04,1.0
509,616,2004-05-04,1.0
429,400,2004-05-04,1.0
509,698,2004-05-04,1.0
626,689,2004-05-04,1.0
103,441,2004-05-04,1.0
339,314,2004-05-04,1.0
598,289,2004-05-04,1.0
339,598,2004-05-04,1.0
598,252,2004-05-04,1.0
626,649,2004-05-04,1.0
317,659,2004-05-04,1.0
103,617,2004-05-04,1.0
649,626,2004-05-04,1.0
649,513,2004-05-04,1.0
289,598,2004-05-04,1.0
339,289,2004-05-04,1.0
317,680,2004-05-04,1.0
339,626,2004-05-04,1.0
389,236,2004-05-04,1.0
289,429,2004-05-04,1.0
482,598,2004-05-04,1.0
349,147,2004-05-04,1.0
626,632,2004-05-04,1.0
626,590,2004-05-04,1.0
626,99,2004-05-04,1.0
590,626,2004-05-04,1.0
681,306,2004-05-04,1.0
306,540,2004-05-04,1.0
30,103,2004-05-04,1.0
252,598,2004-05-04,1.0
282,103,2004-05-04,1.0
302,652,2004-05-04,1.0
302,674,2004-05-04,1.0
302,557,2004-05-04,1.0
598,482,2004-05-04,1.0
639,687,2004-05-04,1.0
649,590,2004-05-04,1.0
103,314,2004-05-04,1.0
372,314,2004-05-04,1.0
590,649,2004-05-04,1.0
687,481,2004-05-04,1.0
339,441,2004-05-04,1.0
204,481,2004-05-04,1.0
103,699,2004-05-04,1.0
103,688,2004-05-04,1.0
646,683,2004-05-04,1.0
673,454,2004-05-04,1.0
639,509,2004-05-04,1.0
599,79,2004-05-04,1.0
639,632,2004-05-04,1.0
454,509,2004-05-04,1.0
509,389,2004-05-04,1.0
220,79,2004-05-04,1.0
252,376,2004-05-04,1.0
79,8,2004-05-04,1.0
509,513,2004-05-04,1.0
162,368,2004-05-04,1.0
673,88,2004-05-04,1.0
372,375,2004-05-04,1.0
372,437,2004-05-04,1.0
673,422,2004-05-04,1.0
699,245,2004-05-04,1.0
673,620,2004-05-04,1.0
673,337,2004-05-04,1.0
617,557,2004-05-04,1.0
617,103,2004-05-04,1.0
642,323,2004-05-04,1.0
617,259,2004-05-04,1.0
509,302,2004-05-04,1.0
220,308,2004-05-04,1.0
9,683,2004-05-04,1.0
611,72,2004-05-04,1.0
342,658,2004-05-04,1.0
686,72,2004-05-04,1.0
632,325,2004-05-04,1.0
496,588,2004-05-04,1.0
176,248,2004-05-04,1.0
588,496,2004-05-04,1.0
496,375,2004-05-04,1.0
72,677,2004-05-04,1.0
375,496,2004-05-04,1.0
323,98,2004-05-04,1.0
375,248,2004-05-04,1.0
683,48,2004-05-04,1.0
68,607,2004-05-04,1.0
594,468,2004-05-04,1.0
191,239,2004-05-04,1.0
48,683,2004-05-04,1.0
687,212,2004-05-04,1.0
540,306,2004-05-04,1.0
683,325,2004-05-04,1.0
252,687,2004-05-04,1.0
325,683,2004-05-04,1.0
686,640,2004-05-04,1.0
351,658,2004-05-04,1.0
540,308,2004-05-04,1.0
375,283,2004-05-04,1.0
252,607,2004-05-04,1.0
422,375,2004-05-04,1.0
440,588,2004-05-04,1.0
603,375,2004-05-04,1.0
375,603,2004-05-04,1.0
555,391,2004-05-04,1.0
631,625,2004-05-04,1.0
212,236,2004-05-04,1.0
63,95,2004-05-04,1.0
496,101,2004-05-04,1.0
236,212,2004-05-04,1.0
496,683,2004-05-04,1.0
496,316,2004-05-04,1.0
236,128,2004-05-04,1.0
590,388,2004-05-04,1.0
588,560,2004-05-04,1.0
683,194,2004-05-04,1.0
194,683,2004-05-04,1.0
520,321,2004-05-04,1.0
688,260,2004-05-04,1.0
252,638,2004-05-04,1.0
103,683,2004-05-04,1.0
683,103,2004-05-04,1.0
638,102,2004-05-04,1.0
447,612,2004-05-04,1.0
638,98,2004-05-04,1.0
638,396,2004-05-04,1.0
638,687,2004-05-04,1.0
638,252,2004-05-04,1.0
688,103,2004-05-04,1.0
413,690,2004-05-04,1.0
413,654,2004-05-04,1.0
666,689,2004-05-04,1.0
687,638,2004-05-04,1.0
62,688,2004-05-04,1.0
194,515,2004-05-04,1.0
194,422,2004-05-04,1.0
677,72,2004-05-04,1.0
594,475,2004-05-04,1.0
409,236,2004-05-04,1.0
688,72,2004-05-04,1.0
555,641,2004-05-04,1.0
555,545,2004-05-04,1.0
655,349,2004-05-04,1.0
72,688,2004-05-04,1.0
252,387,2004-05-04,1.0
252,472,2004-05-04,1.0
447,103,2004-05-04,1.0
447,254,2004-05-04,1.0
323,88,2004-05-04,1.0
454,363,2004-05-04,1.0
88,323,2004-05-04,1.0
475,283,2004-05-04,1.0
599,34,2004-05-04,1.0
638,254,2004-05-04,1.0
277,321,2004-05-04,1.0
555,517,2004-05-04,1.0
277,103,2004-05-04,1.0
574,321,2004-05-04,1.0
639,479,2004-05-04,1.0
32,8,2004-05-04,1.0
642,212,2004-05-04,1.0
644,355,2004-05-04,1.0
321,595,2004-05-04,1.0
41,638,2004-05-04,1.0
34,502,2004-05-04,1.0
323,643,2004-05-04,1.0
595,567,2004-05-04,1.0
41,389,2004-05-04,1.0
389,193,2004-05-04,1.0
638,643,2004-05-04,1.0
128,236,2004-05-04,1.0
517,289,2004-05-04,1.0
642,479,2004-05-04,1.0
590,641,2004-05-04,1.0
641,590,2004-05-04,1.0
392,321,2004-05-04,1.0
103,392,2004-05-04,1.0
639,321,2004-05-04,1.0
392,103,2004-05-04,1.0
479,103,2004-05-04,1.0
321,392,2004-05-04,1.0
583,124,2004-05-04,1.0
6,479,2004-05-04,1.0
479,6,2004-05-04,1.0
6,591,2004-05-04,1.0
142,144,2004-05-04,1.0
209,355,2004-05-04,1.0
124,6,2004-05-04,1.0
638,74,2004-05-04,1.0
599,321,2004-05-04,1.0
646,323,2004-05-04,1.0
646,638,2004-05-04,1.0
194,583,2004-05-04,1.0
220,266,2004-05-04,1.0
514,376,2004-05-04,1.0
422,389,2004-05-04,1.0
642,6,2004-05-04,1.0
574,266,2004-05-04,1.0
389,422,2004-05-04,1.0
621,321,2004-05-04,1.0
219,321,2004-05-04,1.0
590,440,2004-05-04,1.0
514,649,2004-05-04,1.0
621,48,2004-05-04,1.0
638,266,2004-05-04,1.0
627,649,2004-05-04,1.0
194,325,2004-05-04,1.0
648,514,2004-05-04,1.0
74,607,2004-05-04,1.0
266,638,2004-05-04,1.0
612,626,2004-05-04,1.0
481,376,2004-05-04,1.0
323,124,2004-05-04,1.0
648,627,2004-05-04,1.0
376,481,2004-05-04,1.0
502,34,2004-05-04,1.0
642,645,2004-05-04,1.0
475,502,2004-05-04,1.0
474,479,2004-05-04,1.0
463,252,2004-05-04,1.0
463,532,2004-05-04,1.0
646,72,2004-05-04,1.0
646,212,2004-05-04,1.0
514,463,2004-05-04,1.0
646,289,2004-05-04,1.0
321,466,2004-05-04,1.0
194,303,2004-05-04,1.0
323,289,2004-05-04,1.0
194,296,2004-05-04,1.0
6,642,2004-05-04,1.0
194,456,2004-05-04,1.0
514,590,2004-05-04,1.0
555,388,2004-05-04,1.0
388,212,2004-05-04,1.0
325,625,2004-05-04,1.0
388,368,2004-05-04,1.0
36,625,2004-05-04,1.0
502,468,2004-05-04,1.0
388,514,2004-05-04,1.0
350,626,2004-05-04,1.0
514,388,2004-05-04,1.0
95,626,2004-05-04,1.0
625,607,2004-05-04,1.0
625,630,2004-05-04,1.0
625,325,2004-05-04,1.0
629,97,2004-05-04,1.0
72,611,2004-05-04,1.0
296,302,2004-05-04,1.0
60,62,2004-05-04,1.0
368,52,2004-05-04,1.0
368,388,2004-05-04,1.0
212,388,2004-05-04,1.0
144,635,2004-05-04,1.0
590,514,2004-05-04,1.0
414,475,2004-05-04,1.0
62,60,2004-05-04,1.0
514,59,2004-05-04,1.0
551,62,2004-05-04,1.0
634,626,2004-05-04,1.0
631,52,2004-05-04,1.0
393,263,2004-05-04,1.0
263,393,2004-05-04,1.0
631,633,2004-05-04,1.0
555,318,2004-05-04,1.0
627,513,2004-05-04,1.0
555,570,2004-05-04,1.0
603,628,2004-05-04,1.0
193,389,2004-05-04,1.0
193,355,2004-05-04,1.0
398,468,2004-05-04,1.0
363,454,2004-05-04,1.0
474,32,2004-05-04,1.0
536,336,2004-05-04,1.0
97,542,2004-05-04,1.0
542,325,2004-05-04,1.0
542,97,2004-05-04,1.0
325,542,2004-05-04,1.0
62,596,2004-05-04,1.0
468,502,2004-05-04,1.0
193,616,2004-05-04,1.0
593,228,2004-05-04,1.0
372,495,2004-05-04,1.0
555,514,2004-05-04,1.0
555,627,2004-05-04,1.0
555,626,2004-05-04,1.0
514,626,2004-05-04,1.0
323,456,2004-05-04,1.0
586,607,2004-05-04,1.0
586,386,2004-05-04,1.0
212,303,2004-05-04,1.0
372,508,2004-05-04,1.0
228,593,2004-05-04,1.0
648,368,2004-05-04,1.0
638,321,2004-05-04,1.0
6,636,2004-05-04,1.0
392,514,2004-05-04,1.0
103,538,2004-05-04,1.0
103,183,2004-05-04,1.0
6,597,2004-05-04,1.0
638,636,2004-05-04,1.0
551,124,2004-05-04,1.0
8,32,2004-05-04,1.0
551,592,2004-05-04,1.0
638,637,2004-05-04,1.0
283,248,2004-05-04,1.0
639,103,2004-05-04,1.0
6,124,2004-05-04,1.0
479,358,2004-05-04,1.0
639,6,2004-05-04,1.0
9,626,2004-05-04,1.0
220,321,2004-05-04,1.0
9,127,2004-05-04,1.0
626,636,2004-05-04,1.0
103,185,2004-05-04,1.0
636,626,2004-05-04,1.0
513,627,2004-05-04,1.0
636,590,2004-05-04,1.0
636,6,2004-05-04,1.0
636,32,2004-05-04,1.0
599,636,2004-05-04,1.0
32,626,2004-05-04,1.0
32,598,2004-05-04,1.0
422,607,2004-05-04,1.0
422,394,2004-05-04,1.0
316,102,2004-05-04,1.0
620,27,2004-05-04,1.0
32,636,2004-05-04,1.0
103,462,2004-05-04,1.0
626,32,2004-05-04,1.0
586,349,2004-05-04,1.0
552,349,2004-05-04,1.0
323,637,2004-05-04,1.0
277,124,2004-05-04,1.0
302,296,2004-05-04,1.0
551,147,2004-05-04,1.0
41,609,2004-05-04,1.0
606,569,2004-05-04,1.0
609,607,2004-05-04,1.0
124,97,2004-05-04,1.0
127,392,2004-05-04,1.0
283,628,2004-05-04,1.0
638,141,2004-05-04,1.0
626,350,2004-05-04,1.0
263,642,2004-05-04,1.0
266,666,2004-05-04,1.0
655,665,2004-05-04,1.0
254,626,2004-05-04,1.0
655,664,2004-05-04,1.0
495,254,2004-05-04,1.0
655,662,2004-05-04,1.0
659,660,2004-05-04,1.0
266,661,2004-05-04,1.0
655,645,2004-05-04,1.0
655,636,2004-05-04,1.0
456,194,2004-05-04,1.0
259,638,2004-05-04,1.0
655,657,2004-05-04,1.0
655,656,2004-05-04,1.0
648,349,2004-05-04,1.0
254,495,2004-05-04,1.0
495,498,2004-05-04,1.0
626,228,2004-05-04,1.0
655,632,2004-05-04,1.0
131,527,2004-05-04,1.0
655,672,2004-05-04,1.0
514,405,2004-05-04,1.0
38,475,2004-05-04,1.0
655,671,2004-05-04,1.0
655,670,2004-05-04,1.0
266,637,2004-05-04,1.0
418,642,2004-05-04,1.0
72,652,2004-05-04,1.0
655,630,2004-05-04,1.0
266,642,2004-05-04,1.0
655,669,2004-05-04,1.0
655,668,2004-05-04,1.0
655,640,2004-05-04,1.0
655,626,2004-05-04,1.0
655,627,2004-05-04,1.0
654,254,2004-05-04,1.0
655,633,2004-05-04,1.0
619,596,2004-05-04,1.0
619,194,2004-05-04,1.0
557,302,2004-05-04,1.0
652,574,2004-05-04,1.0
103,63,2004-05-04,1.0
574,652,2004-05-04,1.0
277,74,2004-05-04,1.0
638,482,2004-05-04,1.0
277,649,2004-05-04,1.0
372,103,2004-05-04,1.0
648,513,2004-05-04,1.0
619,475,2004-05-04,1.0
649,289,2004-05-04,1.0
342,194,2004-05-04,1.0
475,127,2004-05-04,1.0
652,72,2004-05-04,1.0
285,422,2004-05-04,1.0
228,392,2004-05-04,1.0
495,372,2004-05-04,1.0
567,595,2004-05-04,1.0
596,644,2004-05-04,1.0
254,343,2004-05-04,1.0
67,598,2004-05-04,1.0
605,266,2004-05-04,1.0
371,636,2004-05-04,1.0
259,48,2004-05-04,1.0
145,479,2004-05-04,1.0
393,62,2004-05-04,1.0
615,666,2004-05-04,1.0
73,343,2004-05-04,1.0
636,371,2004-05-04,1.0
259,299,2004-05-04,1.0
599,511,2004-05-04,1.0
62,393,2004-05-04,1.0
654,99,2004-05-04,1.0
619,661,2004-05-04,1.0
514,517,2004-05-04,1.0
259,343,2004-05-04,1.0
422,285,2004-05-04,1.0
12,175,2004-05-04,1.0
252,463,2004-05-04,1.0
615,616,2004-05-04,1.0
12,527,2004-05-04,1.0
12,101,2004-05-04,1.0
176,515,2004-05-04,1.0
612,502,2004-05-04,1.0
394,422,2004-05-04,1.0
212,576,2004-05-04,1.0
648,590,2004-05-04,1.0
646,651,2004-05-04,1.0
638,481,2004-05-04,1.0
588,636,2004-05-04,1.0
214,626,2004-05-04,1.0
532,536,2004-05-04,1.0
214,584,2004-05-04,1.0
266,124,2004-05-04,1.0
266,437,2004-05-04,1.0
212,305,2004-05-04,1.0
266,651,2004-05-04,1.0
266,289,2004-05-04,1.0
266,571,2004-05-04,1.0
266,626,2004-05-04,1.0
409,34,2004-05-04,1.0
266,220,2004-05-04,1.0
648,649,2004-05-04,1.0
475,266,2004-05-04,1.0
266,475,2004-05-04,1.0
587,588,2004-05-04,1.0
481,517,2004-05-04,1.0
596,57,2004-05-04,1.0
648,388,2004-05-04,1.0
648,626,2004-05-04,1.0
62,162,2004-05-04,1.0
62,367,2004-05-04,1.0
646,650,2004-05-04,1.0
649,514,2004-05-04,1.0
57,596,2004-05-04,1.0
481,452,2004-05-04,1.0
481,59,2004-05-04,1.0
621,593,2004-05-04,1.0
481,378,2004-05-04,1.0
481,566,2004-05-04,1.0
140,574,2004-05-04,1.0
646,647,2004-05-04,1.0
481,638,2004-05-04,1.0
626,514,2004-05-04,1.0
646,220,2004-05-04,1.0
38,502,2004-05-04,1.0
38,128,2004-05-04,1.0
38,177,2004-05-04,1.0
74,638,2004-05-04,1.0
38,101,2004-05-04,1.0
266,112,2004-05-04,1.0
214,101,2004-05-04,1.0
3,618,2004-05-04,1.0
266,72,2004-05-04,1.0
1,477,2004-05-04,1.0
654,228,2004-05-04,1.0
266,522,2004-05-04,1.0
212,289,2004-05-04,1.0
266,583,2004-05-04,1.0
266,172,2004-05-04,1.0
266,228,2004-05-04,1.0
266,554,2004-05-04,1.0
214,475,2004-05-04,1.0
266,590,2004-05-04,1.0
266,325,2004-05-04,1.0
266,627,2004-05-04,1.0
289,649,2004-05-04,1.0
266,243,2004-05-04,1.0
654,481,2004-05-04,1.0
596,62,2004-05-04,1.0
127,475,2004-05-04,1.0
38,626,2004-05-04,1.0
475,214,2004-05-04,1.0
555,463,2004-05-04,1.0
569,372,2004-05-04,1.0
228,626,2004-05-04,1.0
372,652,2004-05-04,1.0
654,514,2004-05-04,1.0
574,140,2004-05-04,1.0
266,368,2004-05-04,1.0
266,388,2004-05-04,1.0
266,650,2004-05-04,1.0
266,645,2004-05-04,1.0
266,321,2004-05-04,1.0
643,638,2004-05-04,1.0
266,653,2004-05-04,1.0
266,652,2004-05-04,1.0
266,577,2004-05-04,1.0
266,103,2004-05-04,1.0
266,367,2004-05-04,1.0
266,429,2004-05-04,1.0
266,8,2004-05-04,1.0
368,162,2004-05-04,1.0
266,481,2004-05-04,1.0
266,48,2004-05-04,1.0
266,242,2004-05-04,1.0
266,573,2004-05-04,1.0
266,299,2004-05-04,1.0
131,638,2004-05-04,1.0
266,649,2004-05-04,1.0
266,557,2004-05-04,1.0
103,299,2004-05-04,1.0
266,214,2004-05-04,1.0
266,596,2004-05-04,1.0
27,620,2004-05-04,1.0
266,482,2004-05-04,1.0
27,414,2004-05-04,1.0
266,542,2004-05-04,1.0
266,502,2004-05-04,1.0
561,127,2004-05-05,1.0
38,475,2004-05-05,1.0
617,73,2004-05-05,1.0
728,617,2004-05-05,1.0
38,502,2004-05-05,1.0
481,396,2004-05-05,1.0
638,602,2004-05-05,1.0
63,385,2004-05-05,1.0
263,277,2004-05-05,1.0
73,617,2004-05-05,1.0
739,6,2004-05-05,1.0
63,95,2004-05-05,1.0
605,368,2004-05-05,1.0
277,609,2004-05-05,1.0
617,302,2004-05-05,1.0
277,263,2004-05-05,1.0
339,256,2004-05-05,1.0
119,617,2004-05-05,1.0
590,583,2004-05-05,1.0
646,638,2004-05-05,1.0
439,590,2004-05-05,1.0
728,323,2004-05-05,1.0
323,719,2004-05-05,1.0
355,316,2004-05-05,1.0
323,68,2004-05-05,1.0
482,316,2004-05-05,1.0
638,263,2004-05-05,1.0
212,678,2004-05-05,1.0
323,617,2004-05-05,1.0
302,617,2004-05-05,1.0
316,355,2004-05-05,1.0
638,385,2004-05-05,1.0
68,323,2004-05-05,1.0
278,27,2004-05-05,1.0
649,723,2004-05-05,1.0
617,323,2004-05-05,1.0
95,63,2004-05-05,1.0
644,711,2004-05-05,1.0
638,323,2004-05-05,1.0
332,281,2004-05-05,1.0
73,463,2004-05-05,1.0
680,317,2004-05-05,1.0
385,638,2004-05-05,1.0
74,463,2004-05-05,1.0
605,726,2004-05-05,1.0
638,542,2004-05-05,1.0
631,437,2004-05-05,1.0
334,128,2004-05-05,1.0
385,63,2004-05-05,1.0
350,617,2004-05-05,1.0
631,625,2004-05-05,1.0
102,98,2004-05-05,1.0
325,97,2004-05-05,1.0
439,102,2004-05-05,1.0
102,97,2004-05-05,1.0
355,102,2004-05-05,1.0
97,325,2004-05-05,1.0
36,281,2004-05-05,1.0
97,102,2004-05-05,1.0
36,73,2004-05-05,1.0
102,355,2004-05-05,1.0
97,726,2004-05-05,1.0
316,325,2004-05-05,1.0
560,588,2004-05-05,1.0
644,102,2004-05-05,1.0
316,726,2004-05-05,1.0
468,617,2004-05-05,1.0
532,364,2004-05-05,1.0
726,97,2004-05-05,1.0
726,316,2004-05-05,1.0
95,712,2004-05-05,1.0
325,532,2004-05-05,1.0
532,536,2004-05-05,1.0
98,102,2004-05-05,1.0
325,316,2004-05-05,1.0
351,658,2004-05-05,1.0
583,590,2004-05-05,1.0
378,396,2004-05-05,1.0
102,323,2004-05-05,1.0
686,263,2004-05-05,1.0
605,413,2004-05-05,1.0
542,460,2004-05-05,1.0
323,646,2004-05-05,1.0
617,119,2004-05-05,1.0
51,525,2004-05-05,1.0
605,337,2004-05-05,1.0
396,378,2004-05-05,1.0
325,645,2004-05-05,1.0
323,102,2004-05-05,1.0
542,252,2004-05-05,1.0
396,481,2004-05-05,1.0
316,102,2004-05-05,1.0
368,542,2004-05-05,1.0
316,496,2004-05-05,1.0
617,74,2004-05-05,1.0
605,625,2004-05-05,1.0
617,640,2004-05-05,1.0
103,617,2004-05-05,1.0
605,317,2004-05-05,1.0
617,272,2004-05-05,1.0
272,281,2004-05-05,1.0
514,386,2004-05-05,1.0
72,644,2004-05-05,1.0
658,163,2004-05-05,1.0
711,644,2004-05-05,1.0
475,678,2004-05-05,1.0
73,626,2004-05-05,1.0
337,281,2004-05-05,1.0
398,465,2004-05-05,1.0
103,462,2004-05-05,1.0
73,389,2004-05-05,1.0
644,72,2004-05-05,1.0
163,658,2004-05-05,1.0
617,317,2004-05-05,1.0
392,228,2004-05-05,1.0
27,278,2004-05-05,1.0
638,110,2004-05-05,1.0
561,254,2004-05-05,1.0
617,103,2004-05-05,1.0
638,254,2004-05-05,1.0
617,337,2004-05-05,1.0
617,514,2004-05-05,1.0
409,191,2004-05-05,1.0
644,518,2004-05-05,1.0
678,475,2004-05-05,1.0
644,274,2004-05-05,1.0
454,181,2004-05-05,1.0
181,454,2004-05-05,1.0
638,98,2004-05-05,1.0
713,724,2004-05-05,1.0
343,424,2004-05-05,1.0
72,683,2004-05-05,1.0
38,128,2004-05-05,1.0
133,437,2004-05-05,1.0
605,74,2004-05-05,1.0
63,313,2004-05-05,1.0
194,482,2004-05-05,1.0
236,128,2004-05-05,1.0
704,63,2004-05-05,1.0
343,735,2004-05-05,1.0
199,673,2004-05-05,1.0
514,617,2004-05-05,1.0
605,88,2004-05-05,1.0
638,242,2004-05-05,1.0
236,389,2004-05-05,1.0
368,736,2004-05-05,1.0
191,738,2004-05-05,1.0
605,254,2004-05-05,1.0
74,617,2004-05-05,1.0
9,638,2004-05-05,1.0
681,626,2004-05-05,1.0
350,632,2004-05-05,1.0
615,740,2004-05-05,1.0
738,191,2004-05-05,1.0
739,616,2004-05-05,1.0
73,391,2004-05-05,1.0
73,460,2004-05-05,1.0
638,456,2004-05-05,1.0
259,617,2004-05-05,1.0
638,289,2004-05-05,1.0
73,658,2004-05-05,1.0
9,711,2004-05-05,1.0
737,627,2004-05-05,1.0
626,73,2004-05-05,1.0
220,646,2004-05-05,1.0
9,683,2004-05-05,1.0
482,194,2004-05-05,1.0
687,463,2004-05-05,1.0
462,103,2004-05-05,1.0
308,317,2004-05-05,1.0
520,8,2004-05-05,1.0
317,617,2004-05-05,1.0
372,495,2004-05-05,1.0
640,617,2004-05-05,1.0
495,372,2004-05-05,1.0
76,399,2004-05-05,1.0
317,739,2004-05-05,1.0
372,482,2004-05-05,1.0
53,325,2004-05-05,1.0
605,124,2004-05-05,1.0
342,583,2004-05-05,1.0
131,753,2004-05-05,1.0
372,454,2004-05-05,1.0
752,502,2004-05-05,1.0
648,723,2004-05-05,1.0
372,753,2004-05-05,1.0
425,407,2004-05-05,1.0
73,697,2004-05-05,1.0
697,741,2004-05-05,1.0
754,755,2004-05-05,1.0
697,73,2004-05-05,1.0
754,739,2004-05-05,1.0
652,302,2004-05-05,1.0
327,617,2004-05-05,1.0
327,589,2004-05-05,1.0
739,337,2004-05-05,1.0
739,317,2004-05-05,1.0
70,90,2004-05-05,1.0
396,67,2004-05-05,1.0
739,308,2004-05-05,1.0
746,527,2004-05-05,1.0
713,388,2004-05-05,1.0
713,462,2004-05-05,1.0
713,161,2004-05-05,1.0
713,726,2004-05-05,1.0
99,194,2004-05-05,1.0
713,124,2004-05-05,1.0
723,649,2004-05-05,1.0
713,184,2004-05-05,1.0
124,617,2004-05-05,1.0
617,462,2004-05-05,1.0
617,161,2004-05-05,1.0
713,339,2004-05-05,1.0
161,221,2004-05-05,1.0
462,617,2004-05-05,1.0
713,90,2004-05-05,1.0
69,727,2004-05-05,1.0
36,129,2004-05-05,1.0
69,649,2004-05-05,1.0
502,752,2004-05-05,1.0
514,63,2004-05-05,1.0
644,654,2004-05-05,1.0
654,738,2004-05-05,1.0
254,266,2004-05-05,1.0
454,509,2004-05-05,1.0
644,97,2004-05-05,1.0
652,756,2004-05-05,1.0
212,757,2004-05-05,1.0
753,48,2004-05-05,1.0
48,753,2004-05-05,1.0
753,758,2004-05-05,1.0
48,758,2004-05-05,1.0
758,48,2004-05-05,1.0
557,302,2004-05-05,1.0
712,758,2004-05-05,1.0
758,640,2004-05-05,1.0
272,617,2004-05-05,1.0
758,712,2004-05-05,1.0
401,368,2004-05-05,1.0
639,509,2004-05-05,1.0
678,72,2004-05-05,1.0
542,317,2004-05-05,1.0
439,545,2004-05-05,1.0
753,372,2004-05-05,1.0
513,589,2004-05-05,1.0
401,639,2004-05-05,1.0
389,236,2004-05-05,1.0
616,509,2004-05-05,1.0
41,743,2004-05-05,1.0
389,482,2004-05-05,1.0
571,652,2004-05-05,1.0
389,73,2004-05-05,1.0
389,727,2004-05-05,1.0
212,48,2004-05-05,1.0
474,400,2004-05-05,1.0
509,454,2004-05-05,1.0
9,282,2004-05-05,1.0
276,711,2004-05-05,1.0
308,739,2004-05-05,1.0
711,276,2004-05-05,1.0
652,707,2004-05-05,1.0
212,303,2004-05-05,1.0
741,697,2004-05-05,1.0
52,646,2004-05-05,1.0
465,398,2004-05-05,1.0
9,697,2004-05-05,1.0
9,561,2004-05-05,1.0
254,697,2004-05-05,1.0
758,741,2004-05-05,1.0
652,571,2004-05-05,1.0
161,617,2004-05-05,1.0
617,124,2004-05-05,1.0
303,212,2004-05-05,1.0
646,52,2004-05-05,1.0
252,463,2004-05-05,1.0
252,542,2004-05-05,1.0
325,707,2004-05-05,1.0
325,743,2004-05-05,1.0
128,236,2004-05-05,1.0
540,588,2004-05-05,1.0
128,715,2004-05-05,1.0
571,638,2004-05-05,1.0
482,389,2004-05-05,1.0
297,234,2004-05-05,1.0
462,299,2004-05-05,1.0
583,542,2004-05-05,1.0
462,316,2004-05-05,1.0
234,297,2004-05-05,1.0
400,617,2004-05-05,1.0
400,683,2004-05-05,1.0
545,627,2004-05-05,1.0
536,199,2004-05-05,1.0
199,536,2004-05-05,1.0
462,638,2004-05-05,1.0
720,274,2004-05-05,1.0
244,415,2004-05-05,1.0
342,658,2004-05-05,1.0
739,583,2004-05-05,1.0
638,744,2004-05-05,1.0
638,646,2004-05-05,1.0
638,95,2004-05-05,1.0
638,726,2004-05-05,1.0
638,571,2004-05-05,1.0
536,532,2004-05-05,1.0
495,181,2004-05-05,1.0
400,721,2004-05-05,1.0
325,542,2004-05-05,1.0
723,513,2004-05-05,1.0
686,542,2004-05-05,1.0
741,542,2004-05-05,1.0
683,646,2004-05-05,1.0
683,72,2004-05-05,1.0
297,727,2004-05-05,1.0
583,739,2004-05-05,1.0
297,683,2004-05-05,1.0
388,737,2004-05-05,1.0
462,742,2004-05-05,1.0
733,502,2004-05-05,1.0
542,325,2004-05-05,1.0
260,688,2004-05-05,1.0
260,236,2004-05-05,1.0
513,723,2004-05-05,1.0
260,174,2004-05-05,1.0
482,454,2004-05-05,1.0
260,283,2004-05-05,1.0
542,583,2004-05-05,1.0
260,571,2004-05-05,1.0
260,567,2004-05-05,1.0
627,545,2004-05-05,1.0
542,741,2004-05-05,1.0
462,101,2004-05-05,1.0
1,323,2004-05-05,1.0
303,194,2004-05-05,1.0
260,509,2004-05-05,1.0
713,740,2004-05-05,1.0
713,706,2004-05-05,1.0
713,720,2004-05-05,1.0
594,468,2004-05-05,1.0
713,749,2004-05-05,1.0
713,738,2004-05-05,1.0
713,737,2004-05-05,1.0
385,3,2004-05-05,1.0
713,748,2004-05-05,1.0
713,67,2004-05-05,1.0
364,532,2004-05-05,1.0
713,351,2004-05-05,1.0
161,162,2004-05-05,1.0
713,750,2004-05-05,1.0
713,751,2004-05-05,1.0
334,364,2004-05-05,1.0
468,594,2004-05-05,1.0
713,325,2004-05-05,1.0
496,316,2004-05-05,1.0
713,252,2004-05-05,1.0
260,103,2004-05-05,1.0
617,400,2004-05-05,1.0
67,396,2004-05-05,1.0
63,514,2004-05-05,1.0
286,400,2004-05-05,1.0
739,745,2004-05-05,1.0
294,513,2004-05-05,1.0
588,540,2004-05-05,1.0
460,542,2004-05-05,1.0
415,244,2004-05-05,1.0
356,536,2004-05-05,1.0
204,536,2004-05-05,1.0
204,181,2004-05-05,1.0
509,306,2004-05-05,1.0
509,302,2004-05-05,1.0
509,316,2004-05-05,1.0
431,299,2004-05-05,1.0
686,321,2004-05-05,1.0
509,616,2004-05-05,1.0
3,68,2004-05-05,1.0
509,260,2004-05-05,1.0
649,632,2004-05-05,1.0
527,746,2004-05-05,1.0
713,482,2004-05-05,1.0
713,681,2004-05-05,1.0
713,102,2004-05-05,1.0
713,372,2004-05-05,1.0
713,74,2004-05-05,1.0
712,6,2004-05-05,1.0
713,363,2004-05-05,1.0
747,221,2004-05-05,1.0
713,172,2004-05-05,1.0
645,274,2004-05-05,1.0
713,103,2004-05-05,1.0
645,325,2004-05-05,1.0
228,392,2004-05-05,1.0
713,712,2004-05-05,1.0
713,242,2004-05-05,1.0
514,177,2004-05-05,1.0
590,440,2004-05-05,1.0
713,236,2004-05-05,1.0
713,714,2004-05-05,1.0
713,283,2004-05-05,1.0
597,274,2004-05-05,1.0
697,422,2004-05-05,1.0
378,481,2004-05-05,1.0
674,302,2004-05-05,1.0
400,638,2004-05-05,1.0
513,590,2004-05-05,1.0
456,394,2004-05-05,1.0
495,254,2004-05-05,1.0
586,402,2004-05-05,1.0
337,583,2004-05-05,1.0
586,707,2004-05-05,1.0
649,337,2004-05-05,1.0
638,603,2004-05-05,1.0
337,649,2004-05-05,1.0
573,325,2004-05-05,1.0
583,337,2004-05-05,1.0
349,147,2004-05-05,1.0
638,532,2004-05-05,1.0
181,495,2004-05-05,1.0
400,224,2004-05-05,1.0
74,73,2004-05-05,1.0
513,400,2004-05-05,1.0
513,263,2004-05-05,1.0
73,74,2004-05-05,1.0
74,699,2004-05-05,1.0
509,707,2004-05-05,1.0
263,513,2004-05-05,1.0
88,673,2004-05-05,1.0
74,708,2004-05-05,1.0
74,707,2004-05-05,1.0
181,97,2004-05-05,1.0
299,321,2004-05-05,1.0
400,513,2004-05-05,1.0
638,400,2004-05-05,1.0
299,254,2004-05-05,1.0
9,708,2004-05-05,1.0
400,598,2004-05-05,1.0
239,191,2004-05-05,1.0
99,8,2004-05-05,1.0
176,707,2004-05-05,1.0
8,99,2004-05-05,1.0
400,396,2004-05-05,1.0
337,673,2004-05-05,1.0
400,621,2004-05-05,1.0
351,598,2004-05-05,1.0
678,707,2004-05-05,1.0
212,236,2004-05-05,1.0
678,212,2004-05-05,1.0
34,707,2004-05-05,1.0
590,513,2004-05-05,1.0
678,437,2004-05-05,1.0
704,707,2004-05-05,1.0
678,323,2004-05-05,1.0
644,707,2004-05-05,1.0
124,323,2004-05-05,1.0
644,547,2004-05-05,1.0
400,286,2004-05-05,1.0
176,184,2004-05-05,1.0
639,632,2004-05-05,1.0
678,570,2004-05-05,1.0
679,688,2004-05-05,1.0
594,475,2004-05-05,1.0
679,26,2004-05-05,1.0
679,162,2004-05-05,1.0
302,652,2004-05-05,1.0
678,572,2004-05-05,1.0
617,340,2004-05-05,1.0
400,437,2004-05-05,1.0
678,699,2004-05-05,1.0
569,191,2004-05-05,1.0
639,481,2004-05-05,1.0
644,52,2004-05-05,1.0
224,400,2004-05-05,1.0
274,201,2004-05-05,1.0
323,400,2004-05-05,1.0
400,323,2004-05-05,1.0
396,400,2004-05-05,1.0
400,63,2004-05-05,1.0
357,598,2004-05-05,1.0
357,711,2004-05-05,1.0
323,678,2004-05-05,1.0
602,297,2004-05-05,1.0
34,698,2004-05-05,1.0
297,602,2004-05-05,1.0
598,400,2004-05-05,1.0
297,272,2004-05-05,1.0
704,711,2004-05-05,1.0
638,687,2004-05-05,1.0
638,252,2004-05-05,1.0
277,602,2004-05-05,1.0
704,712,2004-05-05,1.0
514,396,2004-05-05,1.0
514,698,2004-05-05,1.0
481,6,2004-05-05,1.0
437,372,2004-05-05,1.0
400,474,2004-05-05,1.0
357,659,2004-05-05,1.0
372,437,2004-05-05,1.0
551,62,2004-05-05,1.0
236,212,2004-05-05,1.0
551,34,2004-05-05,1.0
681,52,2004-05-05,1.0
569,606,2004-05-05,1.0
709,689,2004-05-05,1.0
697,74,2004-05-05,1.0
481,378,2004-05-05,1.0
281,337,2004-05-05,1.0
659,413,2004-05-05,1.0
302,674,2004-05-05,1.0
41,707,2004-05-05,1.0
407,425,2004-05-05,1.0
407,461,2004-05-05,1.0
705,710,2004-05-05,1.0
551,124,2004-05-05,1.0
705,707,2004-05-05,1.0
461,407,2004-05-05,1.0
520,638,2004-05-05,1.0
539,536,2004-05-05,1.0
323,124,2004-05-05,1.0
547,644,2004-05-05,1.0
48,683,2004-05-05,1.0
701,481,2004-05-05,1.0
277,649,2004-05-05,1.0
701,254,2004-05-05,1.0
619,194,2004-05-05,1.0
254,495,2004-05-05,1.0
481,387,2004-05-05,1.0
481,642,2004-05-05,1.0
296,194,2004-05-05,1.0
605,272,2004-05-05,1.0
132,589,2004-05-05,1.0
673,422,2004-05-05,1.0
551,673,2004-05-05,1.0
482,598,2004-05-05,1.0
551,456,2004-05-05,1.0
289,598,2004-05-05,1.0
145,479,2004-05-05,1.0
422,673,2004-05-05,1.0
145,254,2004-05-05,1.0
551,83,2004-05-05,1.0
404,368,2004-05-05,1.0
404,6,2004-05-05,1.0
586,616,2004-05-05,1.0
586,481,2004-05-05,1.0
555,440,2004-05-05,1.0
586,589,2004-05-05,1.0
683,67,2004-05-05,1.0
36,317,2004-05-05,1.0
598,542,2004-05-05,1.0
700,481,2004-05-05,1.0
277,422,2004-05-05,1.0
586,252,2004-05-05,1.0
134,103,2004-05-05,1.0
72,611,2004-05-05,1.0
252,598,2004-05-05,1.0
495,424,2004-05-05,1.0
481,429,2004-05-05,1.0
495,498,2004-05-05,1.0
481,687,2004-05-05,1.0
422,598,2004-05-05,1.0
228,626,2004-05-05,1.0
586,698,2004-05-05,1.0
212,388,2004-05-05,1.0
12,389,2004-05-05,1.0
394,456,2004-05-05,1.0
103,683,2004-05-05,1.0
644,596,2004-05-05,1.0
697,644,2004-05-05,1.0
463,514,2004-05-05,1.0
683,48,2004-05-05,1.0
12,536,2004-05-05,1.0
554,673,2004-05-05,1.0
704,212,2004-05-05,1.0
454,673,2004-05-05,1.0
103,673,2004-05-05,1.0
704,72,2004-05-05,1.0
513,649,2004-05-05,1.0
649,513,2004-05-05,1.0
99,626,2004-05-05,1.0
644,626,2004-05-05,1.0
586,687,2004-05-05,1.0
586,673,2004-05-05,1.0
686,72,2004-05-05,1.0
484,706,2004-05-05,1.0
705,154,2004-05-05,1.0
581,328,2004-05-05,1.0
687,479,2004-05-05,1.0
277,172,2004-05-05,1.0
686,339,2004-05-05,1.0
686,640,2004-05-05,1.0
673,337,2004-05-05,1.0
357,134,2004-05-05,1.0
551,590,2004-05-05,1.0
642,481,2004-05-05,1.0
642,323,2004-05-05,1.0
673,554,2004-05-05,1.0
673,413,2004-05-05,1.0
12,300,2004-05-05,1.0
12,101,2004-05-05,1.0
245,699,2004-05-05,1.0
325,573,2004-05-05,1.0
259,598,2004-05-05,1.0
204,103,2004-05-05,1.0
337,220,2004-05-05,1.0
540,616,2004-05-05,1.0
212,703,2004-05-05,1.0
673,702,2004-05-05,1.0
12,8,2004-05-05,1.0
12,479,2004-05-05,1.0
147,349,2004-05-05,1.0
368,404,2004-05-05,1.0
732,233,2004-05-05,1.0
103,731,2004-05-05,1.0
728,730,2004-05-05,1.0
728,729,2004-05-05,1.0
728,560,2004-05-05,1.0
598,337,2004-05-05,1.0
337,598,2004-05-05,1.0
599,74,2004-05-05,1.0
184,101,2004-05-05,1.0
728,711,2004-05-05,1.0
728,712,2004-05-05,1.0
727,561,2004-05-05,1.0
103,587,2004-05-05,1.0
727,297,2004-05-05,1.0
63,719,2004-05-05,1.0
518,644,2004-05-05,1.0
252,481,2004-05-05,1.0
502,468,2004-05-05,1.0
63,724,2004-05-05,1.0
63,400,2004-05-05,1.0
103,378,2004-05-05,1.0
337,263,2004-05-05,1.0
103,712,2004-05-05,1.0
725,607,2004-05-05,1.0
214,274,2004-05-05,1.0
74,607,2004-05-05,1.0
413,659,2004-05-05,1.0
214,712,2004-05-05,1.0
97,181,2004-05-05,1.0
712,103,2004-05-05,1.0
317,308,2004-05-05,1.0
725,389,2004-05-05,1.0
654,413,2004-05-05,1.0
611,72,2004-05-05,1.0
561,350,2004-05-05,1.0
626,99,2004-05-05,1.0
725,707,2004-05-05,1.0
409,74,2004-05-05,1.0
263,337,2004-05-05,1.0
9,699,2004-05-05,1.0
307,317,2004-05-05,1.0
726,317,2004-05-05,1.0
654,99,2004-05-05,1.0
626,649,2004-05-05,1.0
281,332,2004-05-05,1.0
481,252,2004-05-05,1.0
282,256,2004-05-05,1.0
679,372,2004-05-05,1.0
658,351,2004-05-05,1.0
6,712,2004-05-05,1.0
673,199,2004-05-05,1.0
658,487,2004-05-05,1.0
463,252,2004-05-05,1.0
256,339,2004-05-05,1.0
679,404,2004-05-05,1.0
728,63,2004-05-05,1.0
63,725,2004-05-05,1.0
727,734,2004-05-05,1.0
660,725,2004-05-05,1.0
191,365,2004-05-05,1.0
19,331,2004-05-05,1.0
727,389,2004-05-05,1.0
19,233,2004-05-05,1.0
646,683,2004-05-05,1.0
617,468,2004-05-05,1.0
252,73,2004-05-05,1.0
73,252,2004-05-05,1.0
727,588,2004-05-05,1.0
733,712,2004-05-05,1.0
733,561,2004-05-05,1.0
281,317,2004-05-05,1.0
254,561,2004-05-05,1.0
728,402,2004-05-05,1.0
63,193,2004-05-05,1.0
254,626,2004-05-05,1.0
683,297,2004-05-05,1.0
277,518,2004-05-05,1.0
713,156,2004-05-05,1.0
616,540,2004-05-05,1.0
212,712,2004-05-05,1.0
400,659,2004-05-05,1.0
713,32,2004-05-05,1.0
712,212,2004-05-05,1.0
713,717,2004-05-05,1.0
32,711,2004-05-05,1.0
713,359,2004-05-05,1.0
713,105,2004-05-05,1.0
711,32,2004-05-05,1.0
713,17,2004-05-05,1.0
6,481,2004-05-05,1.0
713,718,2004-05-05,1.0
233,19,2004-05-05,1.0
101,184,2004-05-05,1.0
274,720,2004-05-05,1.0
274,719,2004-05-05,1.0
162,161,2004-05-05,1.0
713,400,2004-05-05,1.0
274,703,2004-05-05,1.0
274,597,2004-05-05,1.0
713,716,2004-05-05,1.0
522,394,2004-05-05,1.0
712,214,2004-05-05,1.0
351,99,2004-05-05,1.0
372,385,2004-05-05,1.0
274,645,2004-05-05,1.0
212,480,2004-05-05,1.0
713,715,2004-05-05,1.0
659,400,2004-05-05,1.0
32,708,2004-05-05,1.0
54,393,2004-05-05,1.0
110,638,2004-05-05,1.0
681,32,2004-05-05,1.0
686,103,2004-05-05,1.0
482,396,2004-05-05,1.0
719,358,2004-05-05,1.0
423,598,2004-05-05,1.0
423,101,2004-05-05,1.0
385,274,2004-05-05,1.0
681,659,2004-05-05,1.0
712,719,2004-05-05,1.0
683,103,2004-05-05,1.0
62,236,2004-05-05,1.0
683,400,2004-05-05,1.0
697,698,2004-05-05,1.0
686,719,2004-05-05,1.0
337,632,2004-05-05,1.0
598,252,2004-05-05,1.0
598,351,2004-05-05,1.0
534,625,2004-05-05,1.0
603,722,2004-05-05,1.0
127,707,2004-05-05,1.0
598,259,2004-05-05,1.0
274,644,2004-05-05,1.0
274,6,2004-05-05,1.0
595,321,2004-05-05,1.0
234,183,2004-05-05,1.0
603,628,2004-05-05,1.0
713,127,2004-05-05,1.0
621,400,2004-05-05,1.0
627,723,2004-05-05,1.0
603,515,2004-05-05,1.0
595,567,2004-05-05,1.0
733,128,2004-05-06,1.0
502,250,2004-05-06,1.0
733,616,2004-05-06,1.0
250,502,2004-05-06,1.0
642,711,2004-05-06,1.0
479,711,2004-05-06,1.0
542,460,2004-05-06,1.0
758,646,2004-05-06,1.0
542,548,2004-05-06,1.0
733,783,2004-05-06,1.0
460,289,2004-05-06,1.0
711,642,2004-05-06,1.0
53,642,2004-05-06,1.0
733,502,2004-05-06,1.0
733,101,2004-05-06,1.0
646,758,2004-05-06,1.0
9,142,2004-05-06,1.0
479,432,2004-05-06,1.0
548,542,2004-05-06,1.0
259,532,2004-05-06,1.0
308,263,2004-05-06,1.0
711,479,2004-05-06,1.0
681,788,2004-05-06,1.0
542,97,2004-05-06,1.0
733,460,2004-05-06,1.0
733,437,2004-05-06,1.0
437,625,2004-05-06,1.0
263,308,2004-05-06,1.0
788,479,2004-05-06,1.0
38,783,2004-05-06,1.0
726,638,2004-05-06,1.0
542,325,2004-05-06,1.0
38,460,2004-05-06,1.0
788,681,2004-05-06,1.0
479,788,2004-05-06,1.0
482,761,2004-05-06,1.0
733,407,2004-05-06,1.0
523,791,2004-05-06,1.0
646,753,2004-05-06,1.0
588,263,2004-05-06,1.0
479,659,2004-05-06,1.0
761,482,2004-05-06,1.0
733,626,2004-05-06,1.0
753,646,2004-05-06,1.0
783,542,2004-05-06,1.0
642,784,2004-05-06,1.0
642,652,2004-05-06,1.0
652,642,2004-05-06,1.0
522,598,2004-05-06,1.0
425,407,2004-05-06,1.0
638,646,2004-05-06,1.0
9,753,2004-05-06,1.0
250,407,2004-05-06,1.0
325,523,2004-05-06,1.0
212,741,2004-05-06,1.0
9,788,2004-05-06,1.0
532,364,2004-05-06,1.0
686,782,2004-05-06,1.0
733,784,2004-05-06,1.0
599,534,2004-05-06,1.0
48,721,2004-05-06,1.0
321,783,2004-05-06,1.0
236,128,2004-05-06,1.0
555,754,2004-05-06,1.0
495,498,2004-05-06,1.0
721,48,2004-05-06,1.0
754,321,2004-05-06,1.0
128,542,2004-05-06,1.0
212,48,2004-05-06,1.0
128,236,2004-05-06,1.0
783,321,2004-05-06,1.0
625,437,2004-05-06,1.0
616,623,2004-05-06,1.0
48,212,2004-05-06,1.0
542,128,2004-05-06,1.0
321,607,2004-05-06,1.0
607,728,2004-05-06,1.0
321,754,2004-05-06,1.0
321,721,2004-05-06,1.0
721,321,2004-05-06,1.0
683,48,2004-05-06,1.0
242,321,2004-05-06,1.0
212,439,2004-05-06,1.0
638,687,2004-05-06,1.0
642,721,2004-05-06,1.0
686,321,2004-05-06,1.0
713,339,2004-05-06,1.0
713,632,2004-05-06,1.0
616,687,2004-05-06,1.0
321,242,2004-05-06,1.0
794,616,2004-05-06,1.0
713,542,2004-05-06,1.0
754,607,2004-05-06,1.0
48,683,2004-05-06,1.0
252,616,2004-05-06,1.0
616,794,2004-05-06,1.0
625,662,2004-05-06,1.0
495,181,2004-05-06,1.0
191,365,2004-05-06,1.0
721,782,2004-05-06,1.0
590,626,2004-05-06,1.0
782,483,2004-05-06,1.0
687,480,2004-05-06,1.0
325,542,2004-05-06,1.0
181,495,2004-05-06,1.0
687,283,2004-05-06,1.0
687,263,2004-05-06,1.0
687,41,2004-05-06,1.0
793,353,2004-05-06,1.0
498,495,2004-05-06,1.0
687,616,2004-05-06,1.0
368,401,2004-05-06,1.0
439,212,2004-05-06,1.0
562,590,2004-05-06,1.0
687,97,2004-05-06,1.0
687,128,2004-05-06,1.0
562,762,2004-05-06,1.0
689,474,2004-05-06,1.0
793,405,2004-05-06,1.0
689,626,2004-05-06,1.0
334,437,2004-05-06,1.0
321,299,2004-05-06,1.0
263,687,2004-05-06,1.0
194,99,2004-05-06,1.0
321,595,2004-05-06,1.0
721,400,2004-05-06,1.0
721,642,2004-05-06,1.0
475,642,2004-05-06,1.0
321,616,2004-05-06,1.0
321,626,2004-05-06,1.0
583,754,2004-05-06,1.0
754,583,2004-05-06,1.0
128,687,2004-05-06,1.0
788,728,2004-05-06,1.0
753,323,2004-05-06,1.0
323,68,2004-05-06,1.0
728,323,2004-05-06,1.0
479,90,2004-05-06,1.0
753,758,2004-05-06,1.0
704,776,2004-05-06,1.0
642,323,2004-05-06,1.0
68,323,2004-05-06,1.0
9,569,2004-05-06,1.0
323,728,2004-05-06,1.0
9,409,2004-05-06,1.0
316,355,2004-05-06,1.0
323,642,2004-05-06,1.0
9,683,2004-05-06,1.0
90,479,2004-05-06,1.0
728,758,2004-05-06,1.0
27,278,2004-05-06,1.0
701,771,2004-05-06,1.0
542,783,2004-05-06,1.0
701,351,2004-05-06,1.0
263,588,2004-05-06,1.0
277,498,2004-05-06,1.0
220,479,2004-05-06,1.0
605,289,2004-05-06,1.0
758,728,2004-05-06,1.0
660,659,2004-05-06,1.0
624,97,2004-05-06,1.0
701,121,2004-05-06,1.0
713,252,2004-05-06,1.0
278,27,2004-05-06,1.0
652,598,2004-05-06,1.0
479,687,2004-05-06,1.0
367,323,2004-05-06,1.0
761,34,2004-05-06,1.0
649,337,2004-05-06,1.0
728,788,2004-05-06,1.0
761,372,2004-05-06,1.0
701,644,2004-05-06,1.0
323,400,2004-05-06,1.0
649,498,2004-05-06,1.0
687,479,2004-05-06,1.0
683,194,2004-05-06,1.0
598,652,2004-05-06,1.0
523,496,2004-05-06,1.0
289,598,2004-05-06,1.0
128,629,2004-05-06,1.0
523,325,2004-05-06,1.0
523,51,2004-05-06,1.0
701,224,2004-05-06,1.0
323,367,2004-05-06,1.0
9,711,2004-05-06,1.0
761,388,2004-05-06,1.0
343,438,2004-05-06,1.0
294,372,2004-05-06,1.0
713,372,2004-05-06,1.0
523,41,2004-05-06,1.0
495,263,2004-05-06,1.0
638,479,2004-05-06,1.0
294,250,2004-05-06,1.0
788,542,2004-05-06,1.0
679,792,2004-05-06,1.0
542,788,2004-05-06,1.0
371,789,2004-05-06,1.0
638,242,2004-05-06,1.0
365,191,2004-05-06,1.0
483,782,2004-05-06,1.0
560,638,2004-05-06,1.0
483,583,2004-05-06,1.0
431,299,2004-05-06,1.0
286,339,2004-05-06,1.0
598,289,2004-05-06,1.0
407,425,2004-05-06,1.0
646,638,2004-05-06,1.0
542,659,2004-05-06,1.0
204,404,2004-05-06,1.0
479,220,2004-05-06,1.0
389,184,2004-05-06,1.0
389,372,2004-05-06,1.0
790,343,2004-05-06,1.0
532,536,2004-05-06,1.0
652,659,2004-05-06,1.0
482,588,2004-05-06,1.0
250,8,2004-05-06,1.0
739,317,2004-05-06,1.0
679,62,2004-05-06,1.0
739,755,2004-05-06,1.0
755,343,2004-05-06,1.0
733,286,2004-05-06,1.0
791,523,2004-05-06,1.0
762,788,2004-05-06,1.0
652,534,2004-05-06,1.0
343,790,2004-05-06,1.0
483,325,2004-05-06,1.0
799,103,2004-05-06,1.0
770,454,2004-05-06,1.0
799,372,2004-05-06,1.0
103,799,2004-05-06,1.0
372,799,2004-05-06,1.0
454,456,2004-05-06,1.0
372,766,2004-05-06,1.0
212,765,2004-05-06,1.0
766,372,2004-05-06,1.0
766,321,2004-05-06,1.0
212,678,2004-05-06,1.0
41,687,2004-05-06,1.0
456,454,2004-05-06,1.0
103,721,2004-05-06,1.0
509,364,2004-05-06,1.0
509,316,2004-05-06,1.0
509,454,2004-05-06,1.0
725,719,2004-05-06,1.0
619,389,2004-05-06,1.0
34,761,2004-05-06,1.0
644,220,2004-05-06,1.0
321,460,2004-05-06,1.0
128,372,2004-05-06,1.0
460,542,2004-05-06,1.0
801,768,2004-05-06,1.0
95,638,2004-05-06,1.0
800,766,2004-05-06,1.0
321,766,2004-05-06,1.0
321,297,2004-05-06,1.0
536,372,2004-05-06,1.0
605,332,2004-05-06,1.0
220,644,2004-05-06,1.0
605,337,2004-05-06,1.0
605,617,2004-05-06,1.0
396,400,2004-05-06,1.0
704,617,2004-05-06,1.0
189,712,2004-05-06,1.0
297,321,2004-05-06,1.0
713,716,2004-05-06,1.0
713,102,2004-05-06,1.0
101,514,2004-05-06,1.0
337,769,2004-05-06,1.0
321,758,2004-05-06,1.0
337,649,2004-05-06,1.0
713,462,2004-05-06,1.0
321,784,2004-05-06,1.0
758,321,2004-05-06,1.0
626,689,2004-05-06,1.0
713,242,2004-05-06,1.0
712,189,2004-05-06,1.0
586,598,2004-05-06,1.0
782,398,2004-05-06,1.0
713,479,2004-05-06,1.0
605,734,2004-05-06,1.0
586,534,2004-05-06,1.0
321,765,2004-05-06,1.0
770,534,2004-05-06,1.0
586,244,2004-05-06,1.0
67,8,2004-05-06,1.0
454,181,2004-05-06,1.0
616,321,2004-05-06,1.0
713,283,2004-05-06,1.0
321,798,2004-05-06,1.0
619,502,2004-05-06,1.0
404,30,2004-05-06,1.0
619,784,2004-05-06,1.0
9,27,2004-05-06,1.0
429,372,2004-05-06,1.0
683,67,2004-05-06,1.0
67,683,2004-05-06,1.0
474,646,2004-05-06,1.0
474,224,2004-05-06,1.0
646,474,2004-05-06,1.0
67,798,2004-05-06,1.0
325,483,2004-05-06,1.0
474,400,2004-05-06,1.0
483,194,2004-05-06,1.0
341,638,2004-05-06,1.0
9,783,2004-05-06,1.0
569,372,2004-05-06,1.0
248,603,2004-05-06,1.0
9,802,2004-05-06,1.0
9,798,2004-05-06,1.0
9,784,2004-05-06,1.0
317,343,2004-05-06,1.0
299,321,2004-05-06,1.0
708,224,2004-05-06,1.0
350,802,2004-05-06,1.0
372,128,2004-05-06,1.0
400,474,2004-05-06,1.0
586,804,2004-05-06,1.0
350,617,2004-05-06,1.0
462,299,2004-05-06,1.0
752,502,2004-05-06,1.0
462,103,2004-05-06,1.0
705,803,2004-05-06,1.0
802,34,2004-05-06,1.0
802,350,2004-05-06,1.0
400,683,2004-05-06,1.0
679,404,2004-05-06,1.0
400,721,2004-05-06,1.0
34,802,2004-05-06,1.0
705,788,2004-05-06,1.0
687,757,2004-05-06,1.0
9,282,2004-05-06,1.0
762,562,2004-05-06,1.0
681,52,2004-05-06,1.0
802,762,2004-05-06,1.0
683,297,2004-05-06,1.0
697,640,2004-05-06,1.0
801,321,2004-05-06,1.0
625,534,2004-05-06,1.0
103,462,2004-05-06,1.0
296,63,2004-05-06,1.0
754,570,2004-05-06,1.0
211,597,2004-05-06,1.0
640,697,2004-05-06,1.0
760,212,2004-05-06,1.0
639,687,2004-05-06,1.0
551,400,2004-05-06,1.0
400,396,2004-05-06,1.0
299,462,2004-05-06,1.0
546,542,2004-05-06,1.0
586,784,2004-05-06,1.0
277,603,2004-05-06,1.0
713,103,2004-05-06,1.0
713,738,2004-05-06,1.0
713,105,2004-05-06,1.0
713,41,2004-05-06,1.0
277,794,2004-05-06,1.0
713,714,2004-05-06,1.0
713,325,2004-05-06,1.0
713,327,2004-05-06,1.0
51,523,2004-05-06,1.0
567,753,2004-05-06,1.0
514,386,2004-05-06,1.0
498,548,2004-05-06,1.0
536,782,2004-05-06,1.0
474,741,2004-05-06,1.0
626,590,2004-05-06,1.0
626,309,2004-05-06,1.0
626,762,2004-05-06,1.0
32,780,2004-05-06,1.0
277,263,2004-05-06,1.0
589,513,2004-05-06,1.0
297,683,2004-05-06,1.0
422,297,2004-05-06,1.0
513,589,2004-05-06,1.0
752,278,2004-05-06,1.0
339,286,2004-05-06,1.0
765,309,2004-05-06,1.0
496,316,2004-05-06,1.0
496,523,2004-05-06,1.0
796,747,2004-05-06,1.0
424,343,2004-05-06,1.0
41,754,2004-05-06,1.0
739,540,2004-05-06,1.0
297,498,2004-05-06,1.0
498,297,2004-05-06,1.0
204,794,2004-05-06,1.0
204,181,2004-05-06,1.0
583,795,2004-05-06,1.0
786,783,2004-05-06,1.0
3,68,2004-05-06,1.0
244,415,2004-05-06,1.0
534,625,2004-05-06,1.0
679,72,2004-05-06,1.0
41,794,2004-05-06,1.0
713,124,2004-05-06,1.0
713,363,2004-05-06,1.0
713,172,2004-05-06,1.0
683,103,2004-05-06,1.0
479,8,2004-05-06,1.0
407,250,2004-05-06,1.0
683,400,2004-05-06,1.0
713,359,2004-05-06,1.0
194,683,2004-05-06,1.0
713,482,2004-05-06,1.0
214,768,2004-05-06,1.0
536,532,2004-05-06,1.0
712,753,2004-05-06,1.0
712,719,2004-05-06,1.0
731,314,2004-05-06,1.0
639,401,2004-05-06,1.0
625,775,2004-05-06,1.0
540,739,2004-05-06,1.0
782,721,2004-05-06,1.0
616,252,2004-05-06,1.0
263,495,2004-05-06,1.0
364,532,2004-05-06,1.0
728,607,2004-05-06,1.0
679,317,2004-05-06,1.0
342,598,2004-05-06,1.0
711,547,2004-05-06,1.0
27,620,2004-05-06,1.0
547,711,2004-05-06,1.0
220,372,2004-05-06,1.0
220,678,2004-05-06,1.0
220,624,2004-05-06,1.0
754,41,2004-05-06,1.0
798,309,2004-05-06,1.0
372,765,2004-05-06,1.0
372,437,2004-05-06,1.0
212,321,2004-05-06,1.0
398,782,2004-05-06,1.0
372,278,2004-05-06,1.0
372,798,2004-05-06,1.0
154,719,2004-05-06,1.0
154,644,2004-05-06,1.0
766,642,2004-05-06,1.0
321,212,2004-05-06,1.0
713,321,2004-05-06,1.0
713,48,2004-05-06,1.0
713,90,2004-05-06,1.0
713,624,2004-05-06,1.0
758,753,2004-05-06,1.0
713,644,2004-05-06,1.0
713,161,2004-05-06,1.0
755,386,2004-05-06,1.0
713,727,2004-05-06,1.0
713,567,2004-05-06,1.0
547,154,2004-05-06,1.0
372,536,2004-05-06,1.0
372,761,2004-05-06,1.0
204,303,2004-05-06,1.0
626,738,2004-05-06,1.0
629,128,2004-05-06,1.0
456,697,2004-05-06,1.0
254,30,2004-05-06,1.0
615,365,2004-05-06,1.0
738,626,2004-05-06,1.0
586,309,2004-05-06,1.0
342,797,2004-05-06,1.0
598,342,2004-05-06,1.0
9,177,2004-05-06,1.0
30,404,2004-05-06,1.0
514,177,2004-05-06,1.0
177,514,2004-05-06,1.0
697,224,2004-05-06,1.0
297,263,2004-05-06,1.0
283,687,2004-05-06,1.0
297,422,2004-05-06,1.0
309,52,2004-05-06,1.0
372,569,2004-05-06,1.0
620,27,2004-05-06,1.0
798,513,2004-05-06,1.0
103,731,2004-05-06,1.0
103,683,2004-05-06,1.0
52,681,2004-05-06,1.0
53,250,2004-05-06,1.0
388,761,2004-05-06,1.0
401,776,2004-05-06,1.0
401,639,2004-05-06,1.0
590,513,2004-05-06,1.0
590,440,2004-05-06,1.0
282,34,2004-05-06,1.0
309,798,2004-05-06,1.0
52,309,2004-05-06,1.0
401,773,2004-05-06,1.0
679,787,2004-05-06,1.0
462,638,2004-05-06,1.0
263,317,2004-05-06,1.0
74,758,2004-05-06,1.0
172,595,2004-05-06,1.0
193,538,2004-05-06,1.0
679,474,2004-05-06,1.0
538,193,2004-05-06,1.0
595,172,2004-05-06,1.0
758,642,2004-05-06,1.0
758,626,2004-05-06,1.0
758,74,2004-05-06,1.0
626,758,2004-05-06,1.0
517,96,2004-05-06,1.0
642,735,2004-05-06,1.0
263,337,2004-05-06,1.0
263,272,2004-05-06,1.0
479,758,2004-05-06,1.0
474,479,2004-05-06,1.0
509,306,2004-05-06,1.0
272,509,2004-05-06,1.0
479,474,2004-05-06,1.0
509,272,2004-05-06,1.0
509,616,2004-05-06,1.0
704,758,2004-05-06,1.0
448,711,2004-05-06,1.0
199,72,2004-05-06,1.0
72,768,2004-05-06,1.0
595,321,2004-05-06,1.0
758,479,2004-05-06,1.0
263,332,2004-05-06,1.0
263,281,2004-05-06,1.0
74,753,2004-05-06,1.0
603,283,2004-05-06,1.0
372,392,2004-05-06,1.0
372,639,2004-05-06,1.0
249,474,2004-05-06,1.0
539,765,2004-05-06,1.0
739,392,2004-05-06,1.0
392,372,2004-05-06,1.0
639,372,2004-05-06,1.0
372,429,2004-05-06,1.0
103,711,2004-05-06,1.0
372,758,2004-05-06,1.0
758,372,2004-05-06,1.0
642,758,2004-05-06,1.0
474,642,2004-05-06,1.0
642,474,2004-05-06,1.0
297,272,2004-05-06,1.0
767,766,2004-05-06,1.0
758,103,2004-05-06,1.0
704,393,2004-05-06,1.0
768,214,2004-05-06,1.0
719,154,2004-05-06,1.0
95,654,2004-05-06,1.0
325,645,2004-05-06,1.0
762,758,2004-05-06,1.0
193,595,2004-05-06,1.0
758,762,2004-05-06,1.0
768,72,2004-05-06,1.0
697,741,2004-05-06,1.0
605,317,2004-05-06,1.0
645,325,2004-05-06,1.0
758,741,2004-05-06,1.0
402,632,2004-05-06,1.0
74,73,2004-05-06,1.0
741,758,2004-05-06,1.0
733,758,2004-05-06,1.0
492,598,2004-05-06,1.0
551,592,2004-05-06,1.0
357,753,2004-05-06,1.0
605,341,2004-05-06,1.0
74,765,2004-05-06,1.0
679,102,2004-05-06,1.0
514,392,2004-05-06,1.0
727,389,2004-05-06,1.0
514,617,2004-05-06,1.0
193,233,2004-05-06,1.0
254,697,2004-05-06,1.0
654,95,2004-05-06,1.0
8,771,2004-05-06,1.0
401,368,2004-05-06,1.0
654,99,2004-05-06,1.0
99,654,2004-05-06,1.0
34,396,2004-05-06,1.0
596,317,2004-05-06,1.0
770,297,2004-05-06,1.0
592,74,2004-05-06,1.0
704,766,2004-05-06,1.0
762,627,2004-05-06,1.0
319,338,2004-05-06,1.0
509,758,2004-05-06,1.0
509,140,2004-05-06,1.0
509,592,2004-05-06,1.0
768,564,2004-05-06,1.0
704,96,2004-05-06,1.0
592,509,2004-05-06,1.0
704,297,2004-05-06,1.0
72,199,2004-05-06,1.0
41,769,2004-05-06,1.0
592,622,2004-05-06,1.0
592,350,2004-05-06,1.0
307,317,2004-05-06,1.0
586,758,2004-05-06,1.0
741,474,2004-05-06,1.0
449,289,2004-05-06,1.0
308,769,2004-05-06,1.0
605,272,2004-05-06,1.0
733,454,2004-05-06,1.0
449,132,2004-05-06,1.0
733,639,2004-05-06,1.0
74,592,2004-05-06,1.0
654,738,2004-05-06,1.0
733,297,2004-05-06,1.0
233,732,2004-05-06,1.0
639,509,2004-05-06,1.0
19,711,2004-05-06,1.0
481,429,2004-05-06,1.0
38,592,2004-05-06,1.0
681,762,2004-05-06,1.0
644,753,2004-05-06,1.0
372,711,2004-05-06,1.0
725,474,2004-05-06,1.0
761,747,2004-05-06,1.0
325,644,2004-05-06,1.0
678,475,2004-05-06,1.0
402,590,2004-05-06,1.0
644,617,2004-05-06,1.0
3,385,2004-05-06,1.0
3,99,2004-05-06,1.0
539,536,2004-05-06,1.0
590,402,2004-05-06,1.0
704,260,2004-05-06,1.0
704,504,2004-05-06,1.0
644,517,2004-05-06,1.0
644,393,2004-05-06,1.0
760,474,2004-05-06,1.0
183,269,2004-05-06,1.0
183,234,2004-05-06,1.0
183,103,2004-05-06,1.0
617,272,2004-05-06,1.0
99,154,2004-05-06,1.0
638,562,2004-05-06,1.0
644,183,2004-05-06,1.0
644,325,2004-05-06,1.0
638,505,2004-05-06,1.0
711,124,2004-05-06,1.0
474,124,2004-05-06,1.0
728,712,2004-05-06,1.0
124,711,2004-05-06,1.0
638,269,2004-05-06,1.0
638,560,2004-05-06,1.0
638,549,2004-05-06,1.0
124,101,2004-05-06,1.0
638,462,2004-05-06,1.0
272,297,2004-05-06,1.0
41,746,2004-05-06,1.0
474,689,2004-05-06,1.0
392,228,2004-05-06,1.0
474,309,2004-05-06,1.0
644,102,2004-05-06,1.0
631,437,2004-05-06,1.0
32,753,2004-05-06,1.0
615,308,2004-05-06,1.0
482,389,2004-05-06,1.0
36,281,2004-05-06,1.0
308,759,2004-05-06,1.0
119,617,2004-05-06,1.0
617,119,2004-05-06,1.0
617,73,2004-05-06,1.0
392,739,2004-05-06,1.0
349,753,2004-05-06,1.0
523,490,2004-05-06,1.0
547,644,2004-05-06,1.0
474,644,2004-05-06,1.0
398,465,2004-05-06,1.0
741,212,2004-05-06,1.0
189,371,2004-05-06,1.0
514,101,2004-05-06,1.0
557,101,2004-05-06,1.0
189,708,2004-05-06,1.0
638,365,2004-05-06,1.0
643,758,2004-05-06,1.0
734,727,2004-05-06,1.0
272,617,2004-05-06,1.0
228,392,2004-05-06,1.0
638,726,2004-05-06,1.0
638,520,2004-05-06,1.0
189,144,2004-05-06,1.0
638,289,2004-05-06,1.0
638,401,2004-05-06,1.0
372,753,2004-05-06,1.0
681,590,2004-05-06,1.0
638,341,2004-05-06,1.0
627,762,2004-05-06,1.0
638,293,2004-05-06,1.0
753,74,2004-05-06,1.0
753,567,2004-05-06,1.0
103,617,2004-05-06,1.0
753,131,2004-05-06,1.0
583,72,2004-05-06,1.0
753,644,2004-05-06,1.0
617,350,2004-05-06,1.0
72,583,2004-05-06,1.0
753,372,2004-05-06,1.0
753,48,2004-05-06,1.0
415,244,2004-05-06,1.0
69,75,2004-05-06,1.0
617,514,2004-05-06,1.0
69,649,2004-05-06,1.0
733,536,2004-05-06,1.0
69,752,2004-05-06,1.0
632,402,2004-05-06,1.0
429,481,2004-05-06,1.0
429,400,2004-05-06,1.0
103,758,2004-05-06,1.0
48,753,2004-05-06,1.0
372,495,2004-05-06,1.0
681,758,2004-05-06,1.0
681,711,2004-05-06,1.0
29,657,2004-05-06,1.0
38,343,2004-05-06,1.0
38,502,2004-05-06,1.0
9,697,2004-05-06,1.0
392,514,2004-05-06,1.0
248,374,2004-05-06,1.0
758,643,2004-05-06,1.0
525,211,2004-05-06,1.0
586,454,2004-05-06,1.0
586,504,2004-05-06,1.0
617,103,2004-05-06,1.0
124,474,2004-05-06,1.0
19,764,2004-05-06,1.0
586,183,2004-05-06,1.0
211,593,2004-05-06,1.0
567,763,2004-05-06,1.0
617,644,2004-05-06,1.0
658,73,2004-05-06,1.0
658,163,2004-05-06,1.0
593,211,2004-05-06,1.0
51,658,2004-05-06,1.0
733,712,2004-05-06,1.0
733,393,2004-05-06,1.0
193,63,2004-05-06,1.0
393,644,2004-05-06,1.0
502,752,2004-05-06,1.0
193,355,2004-05-06,1.0
41,184,2004-05-06,1.0
73,617,2004-05-06,1.0
334,364,2004-05-06,1.0
605,74,2004-05-06,1.0
177,394,2004-05-06,1.0
474,74,2004-05-06,1.0
236,389,2004-05-06,1.0
162,161,2004-05-06,1.0
642,766,2004-05-06,1.0
463,252,2004-05-06,1.0
463,73,2004-05-06,1.0
386,514,2004-05-06,1.0
263,762,2004-05-06,1.0
463,74,2004-05-06,1.0
212,760,2004-05-06,1.0
463,687,2004-05-06,1.0
400,286,2004-05-06,1.0
306,592,2004-05-06,1.0
642,781,2004-05-06,1.0
309,626,2004-05-06,1.0
774,400,2004-05-06,1.0
306,783,2004-05-06,1.0
644,154,2004-05-06,1.0
771,224,2004-05-06,1.0
638,95,2004-05-06,1.0
392,400,2004-05-06,1.0
161,162,2004-05-06,1.0
681,562,2004-05-06,1.0
286,400,2004-05-06,1.0
103,592,2004-05-06,1.0
562,440,2004-05-06,1.0
592,103,2004-05-06,1.0
204,479,2004-05-06,1.0
95,592,2004-05-06,1.0
181,454,2004-05-06,1.0
605,644,2004-05-06,1.0
697,482,2004-05-06,1.0
161,617,2004-05-06,1.0
41,780,2004-05-06,1.0
103,774,2004-05-06,1.0
642,90,2004-05-06,1.0
780,41,2004-05-06,1.0
90,642,2004-05-06,1.0
364,509,2004-05-06,1.0
41,783,2004-05-06,1.0
634,657,2004-05-06,1.0
400,774,2004-05-06,1.0
783,400,2004-05-06,1.0
586,774,2004-05-06,1.0
400,776,2004-05-06,1.0
785,786,2004-05-06,1.0
711,276,2004-05-06,1.0
592,95,2004-05-06,1.0
400,783,2004-05-06,1.0
686,263,2004-05-06,1.0
103,534,2004-05-06,1.0
400,784,2004-05-06,1.0
534,67,2004-05-06,1.0
642,475,2004-05-06,1.0
753,400,2004-05-06,1.0
762,263,2004-05-06,1.0
498,598,2004-05-06,1.0
753,309,2004-05-06,1.0
704,788,2004-05-06,1.0
400,323,2004-05-06,1.0
789,371,2004-05-06,1.0
102,355,2004-05-06,1.0
687,463,2004-05-06,1.0
634,768,2004-05-06,1.0
343,386,2004-05-06,1.0
309,765,2004-05-06,1.0
343,755,2004-05-06,1.0
355,102,2004-05-06,1.0
481,233,2004-05-06,1.0
400,428,2004-05-06,1.0
343,317,2004-05-06,1.0
68,3,2004-05-06,1.0
481,396,2004-05-06,1.0
659,660,2004-05-06,1.0
787,106,2004-05-06,1.0
762,513,2004-05-06,1.0
498,649,2004-05-06,1.0
242,638,2004-05-06,1.0
787,122,2004-05-06,1.0
63,193,2004-05-06,1.0
787,404,2004-05-06,1.0
513,762,2004-05-06,1.0
350,592,2004-05-06,1.0
783,306,2004-05-06,1.0
624,658,2004-05-06,1.0
289,449,2004-05-06,1.0
479,638,2004-05-06,1.0
454,509,2004-05-06,1.0
479,712,2004-05-06,1.0
771,8,2004-05-06,1.0
642,673,2004-05-06,1.0
479,753,2004-05-06,1.0
276,711,2004-05-06,1.0
605,511,2004-05-06,1.0
774,775,2004-05-06,1.0
774,642,2004-05-06,1.0
357,758,2004-05-06,1.0
254,352,2004-05-06,1.0
768,774,2004-05-06,1.0
41,719,2004-05-06,1.0
642,774,2004-05-06,1.0
184,389,2004-05-06,1.0
753,73,2004-05-06,1.0
492,774,2004-05-06,1.0
277,777,2004-05-06,1.0
372,389,2004-05-06,1.0
739,302,2004-05-06,1.0
776,773,2004-05-06,1.0
605,400,2004-05-06,1.0
73,753,2004-05-06,1.0
753,479,2004-05-06,1.0
776,401,2004-05-06,1.0
747,761,2004-05-06,1.0
73,389,2004-05-06,1.0
621,772,2004-05-06,1.0
307,642,2004-05-06,1.0
509,389,2004-05-06,1.0
654,34,2004-05-06,1.0
352,97,2004-05-06,1.0
400,392,2004-05-06,1.0
389,482,2004-05-06,1.0
773,401,2004-05-06,1.0
719,712,2004-05-06,1.0
97,352,2004-05-06,1.0
758,102,2004-05-06,1.0
102,758,2004-05-06,1.0
400,617,2004-05-06,1.0
389,73,2004-05-06,1.0
389,727,2004-05-06,1.0
389,236,2004-05-06,1.0
492,712,2004-05-06,1.0
592,34,2004-05-06,1.0
400,607,2004-05-06,1.0
34,592,2004-05-06,1.0
555,762,2004-05-06,1.0
367,642,2004-05-06,1.0
728,762,2004-05-06,1.0
642,367,2004-05-06,1.0
69,727,2004-05-06,1.0
73,372,2004-05-06,1.0
316,509,2004-05-06,1.0
762,142,2004-05-06,1.0
597,211,2004-05-06,1.0
780,769,2004-05-06,1.0
607,400,2004-05-06,1.0
592,306,2004-05-06,1.0
673,642,2004-05-06,1.0
739,778,2004-05-06,1.0
779,607,2004-05-06,1.0
754,778,2004-05-06,1.0
762,626,2004-05-06,1.0
586,768,2004-05-06,1.0
400,758,2004-05-06,1.0
758,400,2004-05-06,1.0
762,48,2004-05-06,1.0
372,73,2004-05-06,1.0
592,285,2004-05-06,1.0
48,762,2004-05-06,1.0
605,704,2004-05-07,1.0
9,569,2004-05-07,1.0
713,842,2004-05-07,1.0
617,704,2004-05-07,1.0
790,386,2004-05-07,1.0
679,841,2004-05-07,1.0
617,688,2004-05-07,1.0
555,641,2004-05-07,1.0
617,640,2004-05-07,1.0
297,573,2004-05-07,1.0
679,504,2004-05-07,1.0
801,63,2004-05-07,1.0
801,313,2004-05-07,1.0
313,801,2004-05-07,1.0
283,766,2004-05-07,1.0
573,297,2004-05-07,1.0
721,782,2004-05-07,1.0
617,462,2004-05-07,1.0
843,798,2004-05-07,1.0
400,712,2004-05-07,1.0
95,753,2004-05-07,1.0
400,596,2004-05-07,1.0
462,617,2004-05-07,1.0
704,617,2004-05-07,1.0
843,576,2004-05-07,1.0
400,396,2004-05-07,1.0
814,603,2004-05-07,1.0
103,841,2004-05-07,1.0
835,289,2004-05-07,1.0
95,63,2004-05-07,1.0
103,843,2004-05-07,1.0
605,442,2004-05-07,1.0
234,297,2004-05-07,1.0
297,234,2004-05-07,1.0
605,29,2004-05-07,1.0
683,400,2004-05-07,1.0
289,835,2004-05-07,1.0
462,103,2004-05-07,1.0
9,142,2004-05-07,1.0
103,462,2004-05-07,1.0
766,41,2004-05-07,1.0
12,681,2004-05-07,1.0
9,681,2004-05-07,1.0
766,283,2004-05-07,1.0
12,689,2004-05-07,1.0
603,814,2004-05-07,1.0
355,316,2004-05-07,1.0
504,586,2004-05-07,1.0
605,462,2004-05-07,1.0
103,840,2004-05-07,1.0
63,801,2004-05-07,1.0
103,839,2004-05-07,1.0
605,640,2004-05-07,1.0
194,482,2004-05-07,1.0
534,625,2004-05-07,1.0
783,843,2004-05-07,1.0
704,605,2004-05-07,1.0
605,372,2004-05-07,1.0
482,194,2004-05-07,1.0
194,456,2004-05-07,1.0
372,835,2004-05-07,1.0
194,583,2004-05-07,1.0
845,808,2004-05-07,1.0
372,823,2004-05-07,1.0
194,555,2004-05-07,1.0
372,605,2004-05-07,1.0
783,400,2004-05-07,1.0
442,753,2004-05-07,1.0
835,372,2004-05-07,1.0
194,422,2004-05-07,1.0
823,372,2004-05-07,1.0
9,844,2004-05-07,1.0
9,343,2004-05-07,1.0
9,256,2004-05-07,1.0
504,719,2004-05-07,1.0
99,194,2004-05-07,1.0
442,144,2004-05-07,1.0
400,783,2004-05-07,1.0
256,48,2004-05-07,1.0
400,504,2004-05-07,1.0
400,721,2004-05-07,1.0
400,683,2004-05-07,1.0
9,8,2004-05-07,1.0
843,783,2004-05-07,1.0
372,765,2004-05-07,1.0
808,244,2004-05-07,1.0
194,99,2004-05-07,1.0
504,400,2004-05-07,1.0
194,296,2004-05-07,1.0
194,683,2004-05-07,1.0
701,372,2004-05-07,1.0
701,193,2004-05-07,1.0
372,844,2004-05-07,1.0
701,103,2004-05-07,1.0
194,586,2004-05-07,1.0
194,823,2004-05-07,1.0
590,835,2004-05-07,1.0
823,199,2004-05-07,1.0
712,400,2004-05-07,1.0
595,321,2004-05-07,1.0
595,193,2004-05-07,1.0
753,542,2004-05-07,1.0
557,708,2004-05-07,1.0
12,402,2004-05-07,1.0
643,638,2004-05-07,1.0
120,222,2004-05-07,1.0
542,753,2004-05-07,1.0
220,654,2004-05-07,1.0
41,741,2004-05-07,1.0
346,345,2004-05-07,1.0
596,388,2004-05-07,1.0
638,753,2004-05-07,1.0
440,795,2004-05-07,1.0
741,212,2004-05-07,1.0
596,400,2004-05-07,1.0
719,686,2004-05-07,1.0
605,557,2004-05-07,1.0
712,644,2004-05-07,1.0
12,588,2004-05-07,1.0
681,52,2004-05-07,1.0
605,795,2004-05-07,1.0
495,498,2004-05-07,1.0
678,212,2004-05-07,1.0
679,557,2004-05-07,1.0
454,181,2004-05-07,1.0
454,249,2004-05-07,1.0
617,250,2004-05-07,1.0
52,681,2004-05-07,1.0
220,372,2004-05-07,1.0
12,753,2004-05-07,1.0
252,757,2004-05-07,1.0
741,607,2004-05-07,1.0
12,140,2004-05-07,1.0
640,389,2004-05-07,1.0
514,832,2004-05-07,1.0
638,102,2004-05-07,1.0
498,495,2004-05-07,1.0
686,400,2004-05-07,1.0
638,400,2004-05-07,1.0
250,475,2004-05-07,1.0
598,644,2004-05-07,1.0
193,233,2004-05-07,1.0
87,475,2004-05-07,1.0
475,68,2004-05-07,1.0
68,475,2004-05-07,1.0
400,323,2004-05-07,1.0
475,250,2004-05-07,1.0
644,598,2004-05-07,1.0
794,549,2004-05-07,1.0
400,638,2004-05-07,1.0
644,708,2004-05-07,1.0
400,708,2004-05-07,1.0
644,712,2004-05-07,1.0
57,708,2004-05-07,1.0
590,795,2004-05-07,1.0
741,758,2004-05-07,1.0
598,68,2004-05-07,1.0
12,288,2004-05-07,1.0
68,598,2004-05-07,1.0
199,823,2004-05-07,1.0
9,598,2004-05-07,1.0
741,41,2004-05-07,1.0
475,418,2004-05-07,1.0
598,124,2004-05-07,1.0
9,683,2004-05-07,1.0
418,475,2004-05-07,1.0
596,57,2004-05-07,1.0
199,638,2004-05-07,1.0
400,466,2004-05-07,1.0
708,557,2004-05-07,1.0
396,400,2004-05-07,1.0
321,774,2004-05-07,1.0
549,794,2004-05-07,1.0
624,8,2004-05-07,1.0
638,160,2004-05-07,1.0
12,569,2004-05-07,1.0
313,34,2004-05-07,1.0
289,460,2004-05-07,1.0
463,74,2004-05-07,1.0
795,681,2004-05-07,1.0
194,679,2004-05-07,1.0
463,687,2004-05-07,1.0
282,462,2004-05-07,1.0
321,595,2004-05-07,1.0
142,762,2004-05-07,1.0
761,372,2004-05-07,1.0
823,308,2004-05-07,1.0
676,719,2004-05-07,1.0
638,640,2004-05-07,1.0
583,557,2004-05-07,1.0
460,542,2004-05-07,1.0
638,643,2004-05-07,1.0
120,488,2004-05-07,1.0
838,644,2004-05-07,1.0
8,624,2004-05-07,1.0
638,646,2004-05-07,1.0
837,346,2004-05-07,1.0
321,765,2004-05-07,1.0
321,460,2004-05-07,1.0
12,527,2004-05-07,1.0
305,212,2004-05-07,1.0
12,101,2004-05-07,1.0
640,617,2004-05-07,1.0
488,120,2004-05-07,1.0
194,836,2004-05-07,1.0
721,400,2004-05-07,1.0
835,590,2004-05-07,1.0
605,263,2004-05-07,1.0
12,830,2004-05-07,1.0
686,719,2004-05-07,1.0
12,96,2004-05-07,1.0
307,317,2004-05-07,1.0
586,832,2004-05-07,1.0
12,757,2004-05-07,1.0
681,32,2004-05-07,1.0
363,816,2004-05-07,1.0
498,831,2004-05-07,1.0
605,596,2004-05-07,1.0
704,835,2004-05-07,1.0
605,32,2004-05-07,1.0
32,681,2004-05-07,1.0
160,638,2004-05-07,1.0
462,675,2004-05-07,1.0
193,595,2004-05-07,1.0
681,795,2004-05-07,1.0
757,252,2004-05-07,1.0
482,823,2004-05-07,1.0
831,372,2004-05-07,1.0
704,839,2004-05-07,1.0
448,375,2004-05-07,1.0
586,244,2004-05-07,1.0
34,538,2004-05-07,1.0
704,848,2004-05-07,1.0
704,852,2004-05-07,1.0
626,856,2004-05-07,1.0
72,857,2004-05-07,1.0
856,626,2004-05-07,1.0
473,771,2004-05-07,1.0
715,128,2004-05-07,1.0
34,843,2004-05-07,1.0
687,783,2004-05-07,1.0
843,34,2004-05-07,1.0
53,847,2004-05-07,1.0
809,325,2004-05-07,1.0
19,114,2004-05-07,1.0
34,351,2004-05-07,1.0
53,855,2004-05-07,1.0
858,701,2004-05-07,1.0
72,704,2004-05-07,1.0
161,617,2004-05-07,1.0
785,793,2004-05-07,1.0
617,161,2004-05-07,1.0
302,823,2004-05-07,1.0
474,741,2004-05-07,1.0
741,474,2004-05-07,1.0
617,514,2004-05-07,1.0
469,463,2004-05-07,1.0
824,816,2004-05-07,1.0
474,124,2004-05-07,1.0
824,823,2004-05-07,1.0
800,766,2004-05-07,1.0
617,26,2004-05-07,1.0
514,617,2004-05-07,1.0
514,835,2004-05-07,1.0
72,337,2004-05-07,1.0
704,72,2004-05-07,1.0
272,632,2004-05-07,1.0
34,313,2004-05-07,1.0
713,644,2004-05-07,1.0
708,719,2004-05-07,1.0
713,603,2004-05-07,1.0
792,679,2004-05-07,1.0
337,777,2004-05-07,1.0
635,442,2004-05-07,1.0
713,48,2004-05-07,1.0
713,95,2004-05-07,1.0
343,688,2004-05-07,1.0
63,547,2004-05-07,1.0
511,349,2004-05-07,1.0
204,830,2004-05-07,1.0
431,617,2004-05-07,1.0
617,681,2004-05-07,1.0
719,708,2004-05-07,1.0
44,400,2004-05-07,1.0
853,838,2004-05-07,1.0
835,514,2004-05-07,1.0
439,540,2004-05-07,1.0
26,823,2004-05-07,1.0
713,586,2004-05-07,1.0
547,63,2004-05-07,1.0
67,843,2004-05-07,1.0
771,337,2004-05-07,1.0
605,317,2004-05-07,1.0
30,644,2004-05-07,1.0
617,854,2004-05-07,1.0
770,617,2004-05-07,1.0
605,337,2004-05-07,1.0
605,73,2004-05-07,1.0
617,308,2004-05-07,1.0
605,681,2004-05-07,1.0
36,828,2004-05-07,1.0
372,831,2004-05-07,1.0
617,596,2004-05-07,1.0
794,449,2004-05-07,1.0
713,363,2004-05-07,1.0
826,32,2004-05-07,1.0
823,26,2004-05-07,1.0
372,391,2004-05-07,1.0
638,637,2004-05-07,1.0
835,296,2004-05-07,1.0
681,605,2004-05-07,1.0
392,475,2004-05-07,1.0
785,687,2004-05-07,1.0
609,391,2004-05-07,1.0
389,830,2004-05-07,1.0
389,640,2004-05-07,1.0
389,644,2004-05-07,1.0
296,835,2004-05-07,1.0
220,646,2004-05-07,1.0
391,289,2004-05-07,1.0
638,642,2004-05-07,1.0
555,391,2004-05-07,1.0
834,592,2004-05-07,1.0
282,9,2004-05-07,1.0
859,34,2004-05-07,1.0
74,449,2004-05-07,1.0
835,861,2004-05-07,1.0
859,32,2004-05-07,1.0
861,72,2004-05-07,1.0
431,323,2004-05-07,1.0
859,679,2004-05-07,1.0
74,389,2004-05-07,1.0
765,372,2004-05-07,1.0
74,840,2004-05-07,1.0
74,860,2004-05-07,1.0
859,644,2004-05-07,1.0
41,766,2004-05-07,1.0
859,704,2004-05-07,1.0
785,786,2004-05-07,1.0
765,830,2004-05-07,1.0
391,325,2004-05-07,1.0
391,309,2004-05-07,1.0
391,103,2004-05-07,1.0
391,372,2004-05-07,1.0
814,47,2004-05-07,1.0
830,765,2004-05-07,1.0
47,814,2004-05-07,1.0
448,823,2004-05-07,1.0
47,567,2004-05-07,1.0
659,644,2004-05-07,1.0
765,651,2004-05-07,1.0
617,728,2004-05-07,1.0
830,389,2004-05-07,1.0
256,514,2004-05-07,1.0
826,372,2004-05-07,1.0
617,124,2004-05-07,1.0
349,511,2004-05-07,1.0
263,513,2004-05-07,1.0
296,355,2004-05-07,1.0
561,514,2004-05-07,1.0
391,422,2004-05-07,1.0
391,609,2004-05-07,1.0
391,555,2004-05-07,1.0
296,375,2004-05-07,1.0
296,781,2004-05-07,1.0
687,252,2004-05-07,1.0
547,154,2004-05-07,1.0
687,843,2004-05-07,1.0
687,785,2004-05-07,1.0
53,785,2004-05-07,1.0
391,73,2004-05-07,1.0
834,708,2004-05-07,1.0
154,547,2004-05-07,1.0
847,194,2004-05-07,1.0
514,256,2004-05-07,1.0
640,543,2004-05-07,1.0
847,101,2004-05-07,1.0
337,771,2004-05-07,1.0
687,757,2004-05-07,1.0
73,697,2004-05-07,1.0
588,846,2004-05-07,1.0
73,605,2004-05-07,1.0
311,321,2004-05-07,1.0
683,413,2004-05-07,1.0
625,534,2004-05-07,1.0
835,388,2004-05-07,1.0
841,848,2004-05-07,1.0
754,438,2004-05-07,1.0
388,835,2004-05-07,1.0
687,815,2004-05-07,1.0
687,823,2004-05-07,1.0
513,263,2004-05-07,1.0
97,726,2004-05-07,1.0
809,823,2004-05-07,1.0
809,340,2004-05-07,1.0
540,439,2004-05-07,1.0
128,542,2004-05-07,1.0
809,281,2004-05-07,1.0
651,765,2004-05-07,1.0
823,482,2004-05-07,1.0
783,687,2004-05-07,1.0
823,687,2004-05-07,1.0
439,795,2004-05-07,1.0
542,128,2004-05-07,1.0
687,832,2004-05-07,1.0
687,586,2004-05-07,1.0
683,194,2004-05-07,1.0
103,835,2004-05-07,1.0
590,681,2004-05-07,1.0
681,590,2004-05-07,1.0
701,48,2004-05-07,1.0
422,297,2004-05-07,1.0
95,175,2004-05-07,1.0
36,73,2004-05-07,1.0
75,120,2004-05-07,1.0
323,400,2004-05-07,1.0
625,437,2004-05-07,1.0
758,719,2004-05-07,1.0
758,741,2004-05-07,1.0
713,498,2004-05-07,1.0
189,774,2004-05-07,1.0
847,97,2004-05-07,1.0
846,588,2004-05-07,1.0
835,103,2004-05-07,1.0
543,640,2004-05-07,1.0
689,626,2004-05-07,1.0
308,823,2004-05-07,1.0
194,755,2004-05-07,1.0
194,203,2004-05-07,1.0
194,355,2004-05-07,1.0
194,375,2004-05-07,1.0
132,449,2004-05-07,1.0
586,687,2004-05-07,1.0
586,504,2004-05-07,1.0
617,236,2004-05-07,1.0
316,355,2004-05-07,1.0
316,327,2004-05-07,1.0
431,52,2004-05-07,1.0
181,495,2004-05-07,1.0
831,540,2004-05-07,1.0
513,798,2004-05-07,1.0
431,343,2004-05-07,1.0
204,181,2004-05-07,1.0
431,727,2004-05-07,1.0
495,181,2004-05-07,1.0
308,273,2004-05-07,1.0
830,502,2004-05-07,1.0
317,605,2004-05-07,1.0
830,339,2004-05-07,1.0
508,372,2004-05-07,1.0
830,468,2004-05-07,1.0
244,586,2004-05-07,1.0
204,198,2004-05-07,1.0
711,644,2004-05-07,1.0
851,679,2004-05-07,1.0
626,590,2004-05-07,1.0
29,850,2004-05-07,1.0
626,400,2004-05-07,1.0
798,513,2004-05-07,1.0
836,194,2004-05-07,1.0
214,815,2004-05-07,1.0
214,839,2004-05-07,1.0
41,817,2004-05-07,1.0
244,808,2004-05-07,1.0
536,250,2004-05-07,1.0
244,415,2004-05-07,1.0
236,617,2004-05-07,1.0
468,830,2004-05-07,1.0
72,701,2004-05-07,1.0
781,642,2004-05-07,1.0
308,849,2004-05-07,1.0
308,311,2004-05-07,1.0
638,269,2004-05-07,1.0
626,689,2004-05-07,1.0
509,306,2004-05-07,1.0
621,542,2004-05-07,1.0
621,372,2004-05-07,1.0
638,68,2004-05-07,1.0
542,729,2004-05-07,1.0
509,364,2004-05-07,1.0
120,75,2004-05-07,1.0
851,852,2004-05-07,1.0
632,272,2004-05-07,1.0
632,654,2004-05-07,1.0
851,162,2004-05-07,1.0
679,308,2004-05-07,1.0
337,605,2004-05-07,1.0
831,498,2004-05-07,1.0
63,95,2004-05-07,1.0
9,282,2004-05-07,1.0
638,95,2004-05-07,1.0
189,712,2004-05-07,1.0
733,297,2004-05-07,1.0
74,607,2004-05-07,1.0
603,157,2004-05-07,1.0
12,308,2004-05-07,1.0
626,513,2004-05-07,1.0
302,557,2004-05-07,1.0
733,168,2004-05-07,1.0
770,626,2004-05-07,1.0
557,302,2004-05-07,1.0
599,41,2004-05-07,1.0
599,250,2004-05-07,1.0
686,131,2004-05-07,1.0
770,454,2004-05-07,1.0
74,753,2004-05-07,1.0
686,542,2004-05-07,1.0
3,814,2004-05-07,1.0
74,617,2004-05-07,1.0
733,302,2004-05-07,1.0
814,3,2004-05-07,1.0
372,128,2004-05-07,1.0
766,482,2004-05-07,1.0
372,569,2004-05-07,1.0
635,74,2004-05-07,1.0
74,635,2004-05-07,1.0
799,103,2004-05-07,1.0
74,460,2004-05-07,1.0
799,514,2004-05-07,1.0
586,816,2004-05-07,1.0
586,815,2004-05-07,1.0
770,460,2004-05-07,1.0
498,815,2004-05-07,1.0
277,448,2004-05-07,1.0
460,321,2004-05-07,1.0
364,771,2004-05-07,1.0
41,811,2004-05-07,1.0
103,815,2004-05-07,1.0
357,798,2004-05-07,1.0
103,799,2004-05-07,1.0
705,712,2004-05-07,1.0
514,799,2004-05-07,1.0
342,364,2004-05-07,1.0
448,784,2004-05-07,1.0
448,365,2004-05-07,1.0
448,244,2004-05-07,1.0
681,654,2004-05-07,1.0
805,250,2004-05-07,1.0
681,617,2004-05-07,1.0
364,815,2004-05-07,1.0
12,784,2004-05-07,1.0
74,708,2004-05-07,1.0
654,762,2004-05-07,1.0
357,818,2004-05-07,1.0
103,817,2004-05-07,1.0
74,592,2004-05-07,1.0
771,364,2004-05-07,1.0
357,816,2004-05-07,1.0
308,155,2004-05-07,1.0
176,603,2004-05-07,1.0
34,815,2004-05-07,1.0
103,454,2004-05-07,1.0
454,467,2004-05-07,1.0
74,463,2004-05-07,1.0
12,8,2004-05-07,1.0
513,626,2004-05-07,1.0
364,342,2004-05-07,1.0
103,617,2004-05-07,1.0
342,815,2004-05-07,1.0
3,132,2004-05-07,1.0
815,364,2004-05-07,1.0
766,769,2004-05-07,1.0
379,51,2004-05-07,1.0
777,795,2004-05-07,1.0
777,798,2004-05-07,1.0
617,400,2004-05-07,1.0
725,547,2004-05-07,1.0
617,734,2004-05-07,1.0
29,389,2004-05-07,1.0
474,400,2004-05-07,1.0
654,632,2004-05-07,1.0
27,278,2004-05-07,1.0
372,448,2004-05-07,1.0
389,448,2004-05-07,1.0
372,621,2004-05-07,1.0
272,448,2004-05-07,1.0
400,617,2004-05-07,1.0
365,448,2004-05-07,1.0
29,697,2004-05-07,1.0
708,57,2004-05-07,1.0
448,272,2004-05-07,1.0
308,794,2004-05-07,1.0
351,815,2004-05-07,1.0
821,805,2004-05-07,1.0
708,473,2004-05-07,1.0
617,272,2004-05-07,1.0
172,820,2004-05-07,1.0
473,708,2004-05-07,1.0
12,389,2004-05-07,1.0
299,705,2004-05-07,1.0
708,74,2004-05-07,1.0
379,683,2004-05-07,1.0
212,48,2004-05-07,1.0
389,598,2004-05-07,1.0
621,819,2004-05-07,1.0
805,41,2004-05-07,1.0
640,175,2004-05-07,1.0
41,805,2004-05-07,1.0
372,766,2004-05-07,1.0
793,785,2004-05-07,1.0
429,372,2004-05-07,1.0
766,372,2004-05-07,1.0
372,560,2004-05-07,1.0
343,74,2004-05-07,1.0
364,429,2004-05-07,1.0
372,429,2004-05-07,1.0
297,683,2004-05-07,1.0
482,766,2004-05-07,1.0
617,103,2004-05-07,1.0
560,372,2004-05-07,1.0
617,74,2004-05-07,1.0
297,250,2004-05-07,1.0
297,321,2004-05-07,1.0
640,323,2004-05-07,1.0
448,372,2004-05-07,1.0
313,63,2004-05-07,1.0
704,798,2004-05-07,1.0
73,617,2004-05-07,1.0
605,272,2004-05-07,1.0
605,617,2004-05-07,1.0
626,795,2004-05-07,1.0
617,73,2004-05-07,1.0
183,644,2004-05-07,1.0
771,504,2004-05-07,1.0
805,780,2004-05-07,1.0
806,469,2004-05-07,1.0
805,807,2004-05-07,1.0
469,806,2004-05-07,1.0
805,144,2004-05-07,1.0
189,708,2004-05-07,1.0
795,626,2004-05-07,1.0
705,299,2004-05-07,1.0
342,698,2004-05-07,1.0
425,407,2004-05-07,1.0
342,544,2004-05-07,1.0
274,212,2004-05-07,1.0
562,795,2004-05-07,1.0
342,598,2004-05-07,1.0
810,349,2004-05-07,1.0
400,474,2004-05-07,1.0
586,183,2004-05-07,1.0
405,793,2004-05-07,1.0
805,325,2004-05-07,1.0
805,241,2004-05-07,1.0
36,644,2004-05-07,1.0
52,309,2004-05-07,1.0
514,101,2004-05-07,1.0
57,596,2004-05-07,1.0
704,504,2004-05-07,1.0
708,32,2004-05-07,1.0
1,159,2004-05-07,1.0
708,224,2004-05-07,1.0
224,708,2004-05-07,1.0
350,617,2004-05-07,1.0
27,9,2004-05-07,1.0
552,769,2004-05-07,1.0
1,146,2004-05-07,1.0
439,212,2004-05-07,1.0
74,788,2004-05-07,1.0
128,372,2004-05-07,1.0
621,774,2004-05-07,1.0
274,645,2004-05-07,1.0
607,728,2004-05-07,1.0
683,379,2004-05-07,1.0
683,617,2004-05-07,1.0
57,798,2004-05-07,1.0
437,625,2004-05-07,1.0
687,283,2004-05-07,1.0
254,408,2004-05-07,1.0
605,341,2004-05-07,1.0
795,439,2004-05-07,1.0
57,802,2004-05-07,1.0
504,771,2004-05-07,1.0
738,654,2004-05-07,1.0
805,617,2004-05-07,1.0
274,639,2004-05-07,1.0
640,783,2004-05-07,1.0
753,131,2004-05-07,1.0
783,640,2004-05-07,1.0
339,493,2004-05-07,1.0
640,712,2004-05-07,1.0
67,8,2004-05-07,1.0
9,753,2004-05-07,1.0
131,753,2004-05-07,1.0
783,542,2004-05-07,1.0
542,325,2004-05-07,1.0
124,598,2004-05-07,1.0
712,640,2004-05-07,1.0
9,708,2004-05-07,1.0
9,802,2004-05-07,1.0
357,402,2004-05-07,1.0
181,454,2004-05-07,1.0
124,712,2004-05-07,1.0
357,299,2004-05-07,1.0
811,58,2004-05-07,1.0
811,376,2004-05-07,1.0
704,813,2004-05-07,1.0
635,812,2004-05-07,1.0
278,27,2004-05-07,1.0
376,811,2004-05-07,1.0
244,448,2004-05-07,1.0
63,296,2004-05-07,1.0
654,738,2004-05-07,1.0
387,386,2004-05-07,1.0
387,252,2004-05-07,1.0
387,481,2004-05-07,1.0
357,783,2004-05-07,1.0
327,774,2004-05-07,1.0
605,734,2004-05-07,1.0
834,175,2004-05-07,1.0
767,741,2004-05-07,1.0
805,274,2004-05-07,1.0
327,784,2004-05-07,1.0
327,798,2004-05-07,1.0
41,183,2004-05-07,1.0
283,687,2004-05-07,1.0
327,316,2004-05-07,1.0
327,589,2004-05-07,1.0
250,297,2004-05-07,1.0
639,401,2004-05-07,1.0
493,339,2004-05-07,1.0
679,714,2004-05-07,1.0
770,365,2004-05-07,1.0
131,125,2004-05-07,1.0
770,316,2004-05-07,1.0
250,502,2004-05-07,1.0
770,101,2004-05-07,1.0
638,697,2004-05-07,1.0
569,372,2004-05-07,1.0
638,323,2004-05-07,1.0
342,638,2004-05-07,1.0
32,605,2004-05-07,1.0
697,638,2004-05-07,1.0
372,761,2004-05-07,1.0
364,830,2004-05-07,1.0
638,87,2004-05-07,1.0
495,831,2004-05-07,1.0
697,475,2004-05-07,1.0
638,758,2004-05-07,1.0
697,73,2004-05-07,1.0
495,263,2004-05-07,1.0
175,640,2004-05-07,1.0
69,498,2004-05-07,1.0
787,73,2004-05-07,1.0
708,357,2004-05-07,1.0
828,96,2004-05-07,1.0
249,163,2004-05-07,1.0
249,659,2004-05-07,1.0
357,708,2004-05-07,1.0
9,697,2004-05-07,1.0
155,308,2004-05-07,1.0
9,601,2004-05-07,1.0
63,313,2004-05-07,1.0
728,607,2004-05-07,1.0
343,386,2004-05-07,1.0
638,794,2004-05-07,1.0
830,364,2004-05-07,1.0
542,816,2004-05-07,1.0
638,250,2004-05-07,1.0
757,212,2004-05-07,1.0
728,758,2004-05-07,1.0
542,621,2004-05-07,1.0
250,638,2004-05-07,1.0
757,687,2004-05-07,1.0
542,783,2004-05-07,1.0
829,819,2004-05-07,1.0
542,460,2004-05-07,1.0
617,90,2004-05-07,1.0
679,654,2004-05-07,1.0
638,719,2004-05-07,1.0
679,7,2004-05-07,1.0
719,638,2004-05-07,1.0
679,833,2004-05-07,1.0
557,583,2004-05-07,1.0
68,832,2004-05-07,1.0
250,617,2004-05-07,1.0
124,474,2004-05-07,1.0
475,697,2004-05-07,1.0
400,639,2004-05-07,1.0
644,378,2004-05-07,1.0
96,828,2004-05-07,1.0
400,286,2004-05-07,1.0
644,389,2004-05-07,1.0
233,193,2004-05-07,1.0
259,256,2004-05-07,1.0
801,103,2004-05-07,1.0
712,719,2004-05-07,1.0
753,719,2004-05-07,1.0
400,250,2004-05-07,1.0
753,74,2004-05-07,1.0
712,124,2004-05-07,1.0
590,626,2004-05-07,1.0
415,244,2004-05-07,1.0
400,626,2004-05-07,1.0
644,659,2004-05-07,1.0
68,798,2004-05-07,1.0
19,525,2004-05-07,1.0
644,30,2004-05-07,1.0
624,343,2004-05-07,1.0
644,711,2004-05-07,1.0
250,536,2004-05-07,1.0
250,260,2004-05-07,1.0
644,39,2004-05-07,1.0
250,72,2004-05-07,1.0
719,712,2004-05-07,1.0
539,765,2004-05-07,1.0
624,437,2004-05-07,1.0
233,481,2004-05-07,1.0
199,72,2004-05-07,1.0
67,806,2004-05-07,1.0
644,59,2004-05-07,1.0
337,769,2004-05-07,1.0
72,250,2004-05-07,1.0
67,825,2004-05-07,1.0
32,825,2004-05-07,1.0
719,753,2004-05-07,1.0
733,708,2004-05-07,1.0
823,325,2004-05-07,1.0
12,823,2004-05-07,1.0
823,824,2004-05-07,1.0
697,29,2004-05-07,1.0
697,341,2004-05-07,1.0
605,224,2004-05-07,1.0
12,617,2004-05-07,1.0
626,649,2004-05-07,1.0
649,626,2004-05-07,1.0
474,74,2004-05-07,1.0
819,825,2004-05-07,1.0
12,825,2004-05-07,1.0
474,651,2004-05-07,1.0
296,823,2004-05-07,1.0
581,328,2004-05-07,1.0
581,582,2004-05-07,1.0
681,626,2004-05-07,1.0
249,454,2004-05-07,1.0
605,194,2004-05-07,1.0
819,822,2004-05-07,1.0
272,617,2004-05-07,1.0
249,654,2004-05-07,1.0
249,617,2004-05-07,1.0
617,644,2004-05-07,1.0
795,777,2004-05-07,1.0
296,63,2004-05-07,1.0
617,201,2004-05-07,1.0
9,212,2004-05-07,1.0
700,481,2004-05-07,1.0
605,74,2004-05-07,1.0
733,639,2004-05-07,1.0
323,640,2004-05-07,1.0
389,29,2004-05-07,1.0
163,658,2004-05-07,1.0
712,705,2004-05-07,1.0
688,103,2004-05-07,1.0
325,823,2004-05-07,1.0
29,823,2004-05-07,1.0
733,626,2004-05-07,1.0
638,744,2004-05-07,1.0
638,341,2004-05-07,1.0
705,825,2004-05-07,1.0
638,342,2004-05-07,1.0
805,821,2004-05-07,1.0
823,29,2004-05-07,1.0
823,296,2004-05-07,1.0
386,790,2004-05-07,1.0
733,475,2004-05-07,1.0
386,343,2004-05-07,1.0
777,784,2004-05-07,1.0
103,688,2004-05-07,1.0
644,617,2004-05-07,1.0
826,814,2004-05-07,1.0
679,67,2004-05-07,1.0
733,654,2004-05-07,1.0
771,473,2004-05-07,1.0
9,607,2004-05-07,1.0
700,654,2004-05-07,1.0
700,626,2004-05-07,1.0
700,68,2004-05-07,1.0
733,761,2004-05-07,1.0
827,61,2004-05-07,1.0
765,321,2004-05-07,1.0
765,212,2004-05-07,1.0
765,532,2004-05-07,1.0
400,538,2004-05-08,1.0
400,459,2004-05-08,1.0
400,419,2004-05-08,1.0
400,890,2004-05-08,1.0
400,802,2004-05-08,1.0
297,242,2004-05-08,1.0
400,499,2004-05-08,1.0
400,517,2004-05-08,1.0
400,512,2004-05-08,1.0
400,708,2004-05-08,1.0
400,114,2004-05-08,1.0
103,260,2004-05-08,1.0
400,572,2004-05-08,1.0
640,885,2004-05-08,1.0
400,891,2004-05-08,1.0
400,64,2004-05-08,1.0
400,892,2004-05-08,1.0
400,816,2004-05-08,1.0
853,400,2004-05-08,1.0
400,154,2004-05-08,1.0
400,840,2004-05-08,1.0
400,895,2004-05-08,1.0
400,894,2004-05-08,1.0
400,444,2004-05-08,1.0
400,893,2004-05-08,1.0
204,830,2004-05-08,1.0
204,181,2004-05-08,1.0
400,799,2004-05-08,1.0
400,315,2004-05-08,1.0
242,297,2004-05-08,1.0
252,598,2004-05-08,1.0
400,108,2004-05-08,1.0
400,853,2004-05-08,1.0
400,265,2004-05-08,1.0
371,400,2004-05-08,1.0
400,564,2004-05-08,1.0
834,323,2004-05-08,1.0
400,376,2004-05-08,1.0
400,76,2004-05-08,1.0
400,882,2004-05-08,1.0
400,439,2004-05-08,1.0
400,59,2004-05-08,1.0
400,592,2004-05-08,1.0
400,81,2004-05-08,1.0
400,464,2004-05-08,1.0
400,166,2004-05-08,1.0
400,452,2004-05-08,1.0
400,13,2004-05-08,1.0
400,888,2004-05-08,1.0
181,454,2004-05-08,1.0
400,868,2004-05-08,1.0
9,753,2004-05-08,1.0
400,889,2004-05-08,1.0
9,313,2004-05-08,1.0
400,360,2004-05-08,1.0
9,626,2004-05-08,1.0
400,20,2004-05-08,1.0
400,386,2004-05-08,1.0
9,260,2004-05-08,1.0
317,605,2004-05-08,1.0
9,569,2004-05-08,1.0
400,420,2004-05-08,1.0
338,319,2004-05-08,1.0
400,101,2004-05-08,1.0
400,831,2004-05-08,1.0
400,866,2004-05-08,1.0
492,712,2004-05-08,1.0
400,460,2004-05-08,1.0
834,513,2004-05-08,1.0
546,835,2004-05-08,1.0
642,323,2004-05-08,1.0
400,798,2004-05-08,1.0
834,771,2004-05-08,1.0
834,168,2004-05-08,1.0
400,902,2004-05-08,1.0
400,294,2004-05-08,1.0
712,719,2004-05-08,1.0
400,721,2004-05-08,1.0
234,194,2004-05-08,1.0
400,39,2004-05-08,1.0
834,343,2004-05-08,1.0
400,735,2004-05-08,1.0
400,825,2004-05-08,1.0
400,85,2004-05-08,1.0
712,753,2004-05-08,1.0
370,765,2004-05-08,1.0
834,712,2004-05-08,1.0
400,747,2004-05-08,1.0
400,411,2004-05-08,1.0
400,904,2004-05-08,1.0
400,2,2004-05-08,1.0
903,792,2004-05-08,1.0
400,841,2004-05-08,1.0
400,284,2004-05-08,1.0
495,41,2004-05-08,1.0
400,358,2004-05-08,1.0
834,297,2004-05-08,1.0
546,853,2004-05-08,1.0
400,15,2004-05-08,1.0
194,516,2004-05-08,1.0
400,788,2004-05-08,1.0
400,901,2004-05-08,1.0
72,857,2004-05-08,1.0
400,158,2004-05-08,1.0
400,852,2004-05-08,1.0
400,11,2004-05-08,1.0
400,898,2004-05-08,1.0
194,449,2004-05-08,1.0
400,673,2004-05-08,1.0
400,897,2004-05-08,1.0
400,527,2004-05-08,1.0
400,165,2004-05-08,1.0
400,862,2004-05-08,1.0
400,896,2004-05-08,1.0
400,382,2004-05-08,1.0
400,675,2004-05-08,1.0
400,600,2004-05-08,1.0
400,743,2004-05-08,1.0
546,199,2004-05-08,1.0
400,899,2004-05-08,1.0
400,900,2004-05-08,1.0
400,711,2004-05-08,1.0
400,528,2004-05-08,1.0
546,297,2004-05-08,1.0
400,519,2004-05-08,1.0
400,97,2004-05-08,1.0
546,583,2004-05-08,1.0
400,443,2004-05-08,1.0
400,819,2004-05-08,1.0
400,701,2004-05-08,1.0
598,194,2004-05-08,1.0
194,234,2004-05-08,1.0
400,523,2004-05-08,1.0
400,391,2004-05-08,1.0
596,254,2004-05-08,1.0
400,887,2004-05-08,1.0
830,297,2004-05-08,1.0
830,605,2004-05-08,1.0
297,830,2004-05-08,1.0
617,770,2004-05-08,1.0
770,617,2004-05-08,1.0
250,41,2004-05-08,1.0
883,882,2004-05-08,1.0
431,617,2004-05-08,1.0
605,254,2004-05-08,1.0
605,881,2004-05-08,1.0
605,830,2004-05-08,1.0
41,250,2004-05-08,1.0
884,297,2004-05-08,1.0
640,175,2004-05-08,1.0
640,617,2004-05-08,1.0
605,73,2004-05-08,1.0
881,605,2004-05-08,1.0
175,640,2004-05-08,1.0
297,884,2004-05-08,1.0
617,640,2004-05-08,1.0
765,882,2004-05-08,1.0
41,766,2004-05-08,1.0
711,873,2004-05-08,1.0
38,313,2004-05-08,1.0
617,350,2004-05-08,1.0
640,389,2004-05-08,1.0
830,880,2004-05-08,1.0
765,370,2004-05-08,1.0
400,905,2004-05-08,1.0
882,765,2004-05-08,1.0
687,194,2004-05-08,1.0
882,536,2004-05-08,1.0
254,596,2004-05-08,1.0
254,605,2004-05-08,1.0
313,38,2004-05-08,1.0
733,313,2004-05-08,1.0
882,594,2004-05-08,1.0
770,538,2004-05-08,1.0
41,863,2004-05-08,1.0
687,463,2004-05-08,1.0
48,683,2004-05-08,1.0
400,886,2004-05-08,1.0
260,338,2004-05-08,1.0
260,250,2004-05-08,1.0
400,596,2004-05-08,1.0
260,688,2004-05-08,1.0
400,396,2004-05-08,1.0
260,283,2004-05-08,1.0
400,776,2004-05-08,1.0
242,451,2004-05-08,1.0
400,323,2004-05-08,1.0
885,798,2004-05-08,1.0
400,676,2004-05-08,1.0
48,713,2004-05-08,1.0
400,123,2004-05-08,1.0
400,544,2004-05-08,1.0
400,371,2004-05-08,1.0
88,323,2004-05-08,1.0
770,454,2004-05-08,1.0
563,409,2004-05-08,1.0
400,835,2004-05-08,1.0
885,576,2004-05-08,1.0
400,168,2004-05-08,1.0
242,389,2004-05-08,1.0
242,713,2004-05-08,1.0
475,770,2004-05-08,1.0
316,777,2004-05-08,1.0
454,770,2004-05-08,1.0
242,823,2004-05-08,1.0
189,712,2004-05-08,1.0
431,323,2004-05-08,1.0
843,885,2004-05-08,1.0
260,174,2004-05-08,1.0
260,704,2004-05-08,1.0
209,713,2004-05-08,1.0
678,212,2004-05-08,1.0
400,626,2004-05-08,1.0
400,713,2004-05-08,1.0
871,640,2004-05-08,1.0
260,103,2004-05-08,1.0
738,713,2004-05-08,1.0
400,476,2004-05-08,1.0
183,916,2004-05-08,1.0
400,570,2004-05-08,1.0
183,620,2004-05-08,1.0
509,707,2004-05-08,1.0
509,513,2004-05-08,1.0
509,364,2004-05-08,1.0
183,41,2004-05-08,1.0
884,194,2004-05-08,1.0
715,784,2004-05-08,1.0
609,598,2004-05-08,1.0
834,862,2004-05-08,1.0
194,283,2004-05-08,1.0
194,199,2004-05-08,1.0
194,400,2004-05-08,1.0
194,823,2004-05-08,1.0
711,400,2004-05-08,1.0
194,99,2004-05-08,1.0
768,801,2004-05-08,1.0
679,841,2004-05-08,1.0
599,400,2004-05-08,1.0
599,41,2004-05-08,1.0
282,9,2004-05-08,1.0
525,865,2004-05-08,1.0
841,704,2004-05-08,1.0
621,194,2004-05-08,1.0
482,901,2004-05-08,1.0
482,555,2004-05-08,1.0
282,34,2004-05-08,1.0
206,194,2004-05-08,1.0
768,214,2004-05-08,1.0
437,625,2004-05-08,1.0
768,34,2004-05-08,1.0
799,400,2004-05-08,1.0
768,704,2004-05-08,1.0
768,72,2004-05-08,1.0
194,422,2004-05-08,1.0
194,296,2004-05-08,1.0
400,220,2004-05-08,1.0
212,352,2004-05-08,1.0
278,27,2004-05-08,1.0
915,874,2004-05-08,1.0
800,766,2004-05-08,1.0
220,400,2004-05-08,1.0
283,823,2004-05-08,1.0
603,814,2004-05-08,1.0
283,32,2004-05-08,1.0
283,260,2004-05-08,1.0
852,400,2004-05-08,1.0
809,884,2004-05-08,1.0
32,283,2004-05-08,1.0
915,224,2004-05-08,1.0
569,9,2004-05-08,1.0
400,504,2004-05-08,1.0
194,847,2004-05-08,1.0
194,687,2004-05-08,1.0
492,835,2004-05-08,1.0
504,400,2004-05-08,1.0
873,711,2004-05-08,1.0
686,873,2004-05-08,1.0
513,834,2004-05-08,1.0
27,278,2004-05-08,1.0
19,862,2004-05-08,1.0
309,212,2004-05-08,1.0
586,598,2004-05-08,1.0
679,221,2004-05-08,1.0
212,309,2004-05-08,1.0
242,325,2004-05-08,1.0
199,858,2004-05-08,1.0
103,72,2004-05-08,1.0
834,874,2004-05-08,1.0
325,242,2004-05-08,1.0
183,644,2004-05-08,1.0
72,768,2004-05-08,1.0
915,626,2004-05-08,1.0
103,765,2004-05-08,1.0
474,679,2004-05-08,1.0
103,841,2004-05-08,1.0
103,874,2004-05-08,1.0
389,41,2004-05-08,1.0
841,103,2004-05-08,1.0
72,103,2004-05-08,1.0
874,103,2004-05-08,1.0
765,362,2004-05-08,1.0
389,830,2004-05-08,1.0
876,212,2004-05-08,1.0
389,194,2004-05-08,1.0
389,242,2004-05-08,1.0
389,640,2004-05-08,1.0
768,586,2004-05-08,1.0
679,474,2004-05-08,1.0
621,598,2004-05-08,1.0
835,492,2004-05-08,1.0
704,768,2004-05-08,1.0
67,917,2004-05-08,1.0
212,639,2004-05-08,1.0
67,601,2004-05-08,1.0
212,303,2004-05-08,1.0
768,593,2004-05-08,1.0
454,181,2004-05-08,1.0
841,679,2004-05-08,1.0
194,183,2004-05-08,1.0
103,831,2004-05-08,1.0
183,242,2004-05-08,1.0
212,480,2004-05-08,1.0
586,768,2004-05-08,1.0
626,737,2004-05-08,1.0
724,523,2004-05-08,1.0
712,834,2004-05-08,1.0
400,513,2004-05-08,1.0
400,698,2004-05-08,1.0
67,901,2004-05-08,1.0
400,911,2004-05-08,1.0
400,613,2004-05-08,1.0
400,579,2004-05-08,1.0
400,451,2004-05-08,1.0
400,766,2004-05-08,1.0
400,910,2004-05-08,1.0
400,543,2004-05-08,1.0
400,909,2004-05-08,1.0
400,823,2004-05-08,1.0
400,449,2004-05-08,1.0
400,908,2004-05-08,1.0
194,598,2004-05-08,1.0
400,402,2004-05-08,1.0
400,541,2004-05-08,1.0
12,32,2004-05-08,1.0
809,913,2004-05-08,1.0
809,912,2004-05-08,1.0
12,101,2004-05-08,1.0
495,400,2004-05-08,1.0
755,194,2004-05-08,1.0
809,400,2004-05-08,1.0
809,340,2004-05-08,1.0
765,883,2004-05-08,1.0
400,495,2004-05-08,1.0
629,128,2004-05-08,1.0
765,651,2004-05-08,1.0
400,864,2004-05-08,1.0
400,583,2004-05-08,1.0
400,149,2004-05-08,1.0
400,463,2004-05-08,1.0
400,773,2004-05-08,1.0
400,707,2004-05-08,1.0
400,251,2004-05-08,1.0
400,601,2004-05-08,1.0
400,584,2004-05-08,1.0
400,304,2004-05-08,1.0
712,492,2004-05-08,1.0
400,844,2004-05-08,1.0
400,817,2004-05-08,1.0
400,135,2004-05-08,1.0
853,906,2004-05-08,1.0
400,587,2004-05-08,1.0
400,299,2004-05-08,1.0
400,734,2004-05-08,1.0
400,907,2004-05-08,1.0
781,296,2004-05-08,1.0
651,765,2004-05-08,1.0
400,682,2004-05-08,1.0
492,784,2004-05-08,1.0
400,151,2004-05-08,1.0
400,556,2004-05-08,1.0
400,566,2004-05-08,1.0
400,311,2004-05-08,1.0
400,173,2004-05-08,1.0
400,324,2004-05-08,1.0
400,436,2004-05-08,1.0
400,832,2004-05-08,1.0
400,70,2004-05-08,1.0
400,152,2004-05-08,1.0
546,598,2004-05-08,1.0
400,109,2004-05-08,1.0
283,766,2004-05-08,1.0
835,303,2004-05-08,1.0
70,400,2004-05-08,1.0
484,400,2004-05-08,1.0
484,770,2004-05-08,1.0
598,68,2004-05-08,1.0
598,687,2004-05-08,1.0
598,469,2004-05-08,1.0
598,342,2004-05-08,1.0
598,830,2004-05-08,1.0
598,252,2004-05-08,1.0
168,834,2004-05-08,1.0
168,400,2004-05-08,1.0
249,861,2004-05-08,1.0
19,525,2004-05-08,1.0
303,835,2004-05-08,1.0
68,598,2004-05-08,1.0
173,749,2004-05-08,1.0
468,914,2004-05-08,1.0
173,400,2004-05-08,1.0
770,708,2004-05-08,1.0
260,9,2004-05-08,1.0
199,598,2004-05-08,1.0
468,830,2004-05-08,1.0
363,713,2004-05-08,1.0
194,173,2004-05-08,1.0
884,913,2004-05-08,1.0
835,9,2004-05-08,1.0
523,724,2004-05-08,1.0
583,400,2004-05-08,1.0
704,605,2004-05-08,1.0
638,884,2004-05-08,1.0
638,642,2004-05-08,1.0
713,586,2004-05-08,1.0
713,41,2004-05-08,1.0
843,575,2004-05-08,1.0
843,777,2004-05-08,1.0
901,400,2004-05-08,1.0
901,67,2004-05-08,1.0
73,605,2004-05-08,1.0
835,752,2004-05-08,1.0
835,400,2004-05-08,1.0
874,254,2004-05-08,1.0
194,913,2004-05-08,1.0
712,189,2004-05-08,1.0
734,400,2004-05-08,1.0
297,678,2004-05-08,1.0
678,297,2004-05-08,1.0
176,297,2004-05-08,1.0
297,834,2004-05-08,1.0
700,400,2004-05-08,1.0
41,901,2004-05-08,1.0
41,495,2004-05-08,1.0
708,473,2004-05-08,1.0
823,869,2004-05-08,1.0
823,242,2004-05-08,1.0
708,770,2004-05-08,1.0
536,250,2004-05-08,1.0
708,492,2004-05-08,1.0
536,882,2004-05-08,1.0
555,482,2004-05-08,1.0
481,687,2004-05-08,1.0
323,161,2004-05-08,1.0
687,481,2004-05-08,1.0
161,323,2004-05-08,1.0
536,372,2004-05-08,1.0
721,388,2004-05-08,1.0
721,867,2004-05-08,1.0
725,728,2004-05-08,1.0
323,88,2004-05-08,1.0
191,765,2004-05-08,1.0
704,841,2004-05-08,1.0
334,823,2004-05-08,1.0
214,868,2004-05-08,1.0
536,765,2004-05-08,1.0
765,830,2004-05-08,1.0
765,191,2004-05-08,1.0
823,498,2004-05-08,1.0
128,715,2004-05-08,1.0
388,721,2004-05-08,1.0
323,68,2004-05-08,1.0
830,765,2004-05-08,1.0
498,823,2004-05-08,1.0
728,617,2004-05-08,1.0
551,676,2004-05-08,1.0
439,131,2004-05-08,1.0
866,834,2004-05-08,1.0
9,617,2004-05-08,1.0
765,372,2004-05-08,1.0
404,679,2004-05-08,1.0
605,272,2004-05-08,1.0
605,60,2004-05-08,1.0
605,704,2004-05-08,1.0
73,74,2004-05-08,1.0
53,542,2004-05-08,1.0
389,74,2004-05-08,1.0
74,73,2004-05-08,1.0
686,498,2004-05-08,1.0
551,587,2004-05-08,1.0
372,536,2004-05-08,1.0
765,425,2004-05-08,1.0
595,660,2004-05-08,1.0
765,536,2004-05-08,1.0
12,175,2004-05-08,1.0
776,793,2004-05-08,1.0
32,632,2004-05-08,1.0
323,400,2004-05-08,1.0
147,191,2004-05-08,1.0
765,126,2004-05-08,1.0
765,407,2004-05-08,1.0
400,783,2004-05-08,1.0
400,683,2004-05-08,1.0
776,401,2004-05-08,1.0
350,481,2004-05-08,1.0
67,323,2004-05-08,1.0
713,400,2004-05-08,1.0
713,242,2004-05-08,1.0
713,252,2004-05-08,1.0
713,321,2004-05-08,1.0
713,103,2004-05-08,1.0
713,704,2004-05-08,1.0
19,114,2004-05-08,1.0
757,687,2004-05-08,1.0
713,372,2004-05-08,1.0
713,462,2004-05-08,1.0
644,659,2004-05-08,1.0
713,350,2004-05-08,1.0
615,765,2004-05-08,1.0
67,862,2004-05-08,1.0
830,389,2004-05-08,1.0
334,687,2004-05-08,1.0
552,765,2004-05-08,1.0
793,776,2004-05-08,1.0
625,437,2004-05-08,1.0
176,823,2004-05-08,1.0
403,769,2004-05-08,1.0
834,866,2004-05-08,1.0
632,32,2004-05-08,1.0
350,605,2004-05-08,1.0
830,840,2004-05-08,1.0
12,711,2004-05-08,1.0
103,868,2004-05-08,1.0
12,823,2004-05-08,1.0
792,679,2004-05-08,1.0
212,439,2004-05-08,1.0
765,226,2004-05-08,1.0
765,568,2004-05-08,1.0
765,212,2004-05-08,1.0
869,823,2004-05-08,1.0
313,34,2004-05-08,1.0
770,437,2004-05-08,1.0
212,765,2004-05-08,1.0
212,305,2004-05-08,1.0
212,678,2004-05-08,1.0
9,56,2004-05-08,1.0
583,308,2004-05-08,1.0
9,835,2004-05-08,1.0
704,822,2004-05-08,1.0
489,372,2004-05-08,1.0
826,372,2004-05-08,1.0
704,617,2004-05-08,1.0
617,704,2004-05-08,1.0
626,681,2004-05-08,1.0
372,765,2004-05-08,1.0
540,439,2004-05-08,1.0
540,831,2004-05-08,1.0
9,683,2004-05-08,1.0
401,639,2004-05-08,1.0
252,481,2004-05-08,1.0
252,687,2004-05-08,1.0
32,640,2004-05-08,1.0
640,32,2004-05-08,1.0
687,598,2004-05-08,1.0
32,155,2004-05-08,1.0
32,52,2004-05-08,1.0
32,626,2004-05-08,1.0
448,244,2004-05-08,1.0
431,52,2004-05-08,1.0
32,68,2004-05-08,1.0
793,863,2004-05-08,1.0
793,785,2004-05-08,1.0
766,41,2004-05-08,1.0
581,249,2004-05-08,1.0
590,835,2004-05-08,1.0
859,357,2004-05-08,1.0
646,220,2004-05-08,1.0
325,391,2004-05-08,1.0
861,752,2004-05-08,1.0
861,249,2004-05-08,1.0
835,590,2004-05-08,1.0
34,313,2004-05-08,1.0
580,418,2004-05-08,1.0
708,834,2004-05-08,1.0
481,252,2004-05-08,1.0
681,626,2004-05-08,1.0
72,704,2004-05-08,1.0
72,861,2004-05-08,1.0
679,580,2004-05-08,1.0
770,784,2004-05-08,1.0
679,404,2004-05-08,1.0
341,863,2004-05-08,1.0
289,391,2004-05-08,1.0
341,697,2004-05-08,1.0
834,708,2004-05-08,1.0
214,862,2004-05-08,1.0
266,617,2004-05-08,1.0
626,32,2004-05-08,1.0
12,439,2004-05-08,1.0
12,681,2004-05-08,1.0
12,140,2004-05-08,1.0
12,343,2004-05-08,1.0
12,527,2004-05-08,1.0
439,212,2004-05-08,1.0
697,289,2004-05-08,1.0
12,391,2004-05-08,1.0
492,708,2004-05-08,1.0
9,391,2004-05-08,1.0
865,514,2004-05-08,1.0
617,74,2004-05-08,1.0
44,770,2004-05-08,1.0
212,48,2004-05-08,1.0
32,60,2004-05-08,1.0
12,8,2004-05-08,1.0
32,704,2004-05-08,1.0
495,864,2004-05-08,1.0
859,687,2004-05-08,1.0
859,308,2004-05-08,1.0
532,364,2004-05-08,1.0
859,679,2004-05-08,1.0
770,654,2004-05-08,1.0
859,32,2004-05-08,1.0
372,489,2004-05-08,1.0
599,32,2004-05-08,1.0
770,798,2004-05-08,1.0
551,32,2004-05-08,1.0
770,32,2004-05-08,1.0
859,325,2004-05-08,1.0
74,617,2004-05-08,1.0
513,263,2004-05-08,1.0
551,224,2004-05-08,1.0
605,350,2004-05-08,1.0
697,637,2004-05-08,1.0
475,392,2004-05-08,1.0
36,110,2004-05-08,1.0
220,646,2004-05-08,1.0
770,853,2004-05-08,1.0
697,341,2004-05-08,1.0
53,785,2004-05-08,1.0
542,352,2004-05-08,1.0
713,283,2004-05-08,1.0
713,325,2004-05-08,1.0
41,610,2004-05-08,1.0
224,771,2004-05-08,1.0
36,770,2004-05-08,1.0
770,605,2004-05-08,1.0
12,569,2004-05-08,1.0
605,770,2004-05-08,1.0
617,403,2004-05-08,1.0
350,860,2004-05-08,1.0
605,103,2004-05-08,1.0
350,626,2004-05-08,1.0
842,713,2004-05-08,1.0
103,605,2004-05-08,1.0
12,757,2004-05-08,1.0
617,103,2004-05-08,1.0
36,19,2004-05-08,1.0
830,877,2004-05-08,1.0
103,617,2004-05-08,1.0
254,701,2004-05-08,1.0
624,697,2004-05-08,1.0
701,858,2004-05-08,1.0
624,8,2004-05-08,1.0
777,843,2004-05-08,1.0
617,596,2004-05-08,1.0
321,713,2004-05-08,1.0
68,323,2004-05-08,1.0
12,617,2004-05-08,1.0
131,874,2004-05-08,1.0
103,713,2004-05-08,1.0
777,316,2004-05-08,1.0
12,605,2004-05-08,1.0
250,536,2004-05-08,1.0
876,757,2004-05-08,1.0
873,128,2004-05-08,1.0
638,830,2004-05-08,1.0
638,254,2004-05-08,1.0
63,547,2004-05-08,1.0
254,396,2004-05-08,1.0
638,29,2004-05-08,1.0
379,74,2004-05-08,1.0
765,594,2004-05-08,1.0
733,52,2004-05-08,1.0
638,766,2004-05-08,1.0
686,770,2004-05-08,1.0
539,605,2004-05-08,1.0
830,598,2004-05-08,1.0
36,250,2004-05-08,1.0
679,701,2004-05-08,1.0
878,482,2004-05-08,1.0
638,870,2004-05-08,1.0
638,753,2004-05-08,1.0
254,874,2004-05-08,1.0
679,865,2004-05-08,1.0
19,654,2004-05-08,1.0
254,654,2004-05-08,1.0
638,323,2004-05-08,1.0
716,713,2004-05-08,1.0
19,109,2004-05-08,1.0
873,343,2004-05-08,1.0
36,597,2004-05-08,1.0
830,638,2004-05-08,1.0
36,879,2004-05-08,1.0
857,72,2004-05-08,1.0
874,875,2004-05-08,1.0
9,72,2004-05-08,1.0
9,282,2004-05-08,1.0
711,339,2004-05-08,1.0
9,862,2004-05-08,1.0
713,363,2004-05-08,1.0
713,738,2004-05-08,1.0
713,651,2004-05-08,1.0
713,847,2004-05-08,1.0
713,482,2004-05-08,1.0
770,396,2004-05-08,1.0
770,502,2004-05-08,1.0
870,638,2004-05-08,1.0
683,48,2004-05-08,1.0
713,770,2004-05-08,1.0
327,765,2004-05-08,1.0
713,624,2004-05-08,1.0
713,124,2004-05-08,1.0
713,714,2004-05-08,1.0
713,209,2004-05-08,1.0
713,359,2004-05-08,1.0
713,479,2004-05-08,1.0
700,68,2004-05-08,1.0
700,555,2004-05-08,1.0
226,765,2004-05-08,1.0
713,102,2004-05-08,1.0
765,615,2004-05-08,1.0
713,48,2004-05-08,1.0
713,67,2004-05-08,1.0
103,601,2004-05-08,1.0
713,716,2004-05-08,1.0
770,379,2004-05-08,1.0
131,439,2004-05-08,1.0
713,199,2004-05-08,1.0
594,765,2004-05-08,1.0
319,338,2004-05-08,1.0
713,727,2004-05-08,1.0
711,9,2004-05-08,1.0
9,212,2004-05-08,1.0
770,97,2004-05-08,1.0
9,711,2004-05-08,1.0
469,806,2004-05-08,1.0
220,654,2004-05-08,1.0
770,475,2004-05-08,1.0
733,753,2004-05-08,1.0
733,475,2004-05-08,1.0
516,617,2004-05-08,1.0
38,475,2004-05-08,1.0
475,502,2004-05-08,1.0
871,502,2004-05-08,1.0
733,502,2004-05-08,1.0
753,712,2004-05-08,1.0
719,712,2004-05-08,1.0
294,830,2004-05-08,1.0
41,502,2004-05-08,1.0
601,51,2004-05-08,1.0
601,103,2004-05-08,1.0
873,770,2004-05-08,1.0
819,829,2004-05-08,1.0
350,872,2004-05-08,1.0
792,841,2004-05-08,1.0
713,9,2004-05-08,1.0
342,544,2004-05-08,1.0
83,835,2004-05-08,1.0
422,391,2004-05-08,1.0
41,389,2004-05-08,1.0
342,598,2004-05-08,1.0
323,67,2004-05-08,1.0
626,400,2004-05-08,1.0
469,598,2004-05-08,1.0
733,626,2004-05-08,1.0
719,862,2004-05-08,1.0
339,711,2004-05-08,1.0
871,97,2004-05-08,1.0
753,638,2004-05-08,1.0
770,323,2004-05-08,1.0
675,462,2004-05-09,1.0
638,758,2004-05-09,1.0
928,732,2004-05-09,1.0
936,687,2004-05-09,1.0
732,928,2004-05-09,1.0
599,41,2004-05-09,1.0
679,174,2004-05-09,1.0
638,355,2004-05-09,1.0
325,874,2004-05-09,1.0
375,32,2004-05-09,1.0
308,561,2004-05-09,1.0
941,816,2004-05-09,1.0
431,308,2004-05-09,1.0
638,940,2004-05-09,1.0
308,431,2004-05-09,1.0
638,51,2004-05-09,1.0
802,719,2004-05-09,1.0
934,128,2004-05-09,1.0
638,724,2004-05-09,1.0
787,720,2004-05-09,1.0
145,719,2004-05-09,1.0
325,760,2004-05-09,1.0
370,278,2004-05-09,1.0
303,212,2004-05-09,1.0
495,103,2004-05-09,1.0
874,74,2004-05-09,1.0
824,774,2004-05-09,1.0
774,824,2004-05-09,1.0
308,638,2004-05-09,1.0
760,325,2004-05-09,1.0
128,934,2004-05-09,1.0
638,308,2004-05-09,1.0
719,802,2004-05-09,1.0
74,940,2004-05-09,1.0
938,325,2004-05-09,1.0
325,938,2004-05-09,1.0
874,325,2004-05-09,1.0
51,638,2004-05-09,1.0
445,283,2004-05-09,1.0
940,638,2004-05-09,1.0
283,297,2004-05-09,1.0
557,513,2004-05-09,1.0
557,445,2004-05-09,1.0
945,625,2004-05-09,1.0
404,679,2004-05-09,1.0
172,638,2004-05-09,1.0
738,191,2004-05-09,1.0
625,945,2004-05-09,1.0
345,518,2004-05-09,1.0
345,346,2004-05-09,1.0
388,408,2004-05-09,1.0
783,325,2004-05-09,1.0
345,691,2004-05-09,1.0
345,946,2004-05-09,1.0
345,947,2004-05-09,1.0
345,95,2004-05-09,1.0
242,913,2004-05-09,1.0
103,386,2004-05-09,1.0
103,345,2004-05-09,1.0
103,948,2004-05-09,1.0
874,191,2004-05-09,1.0
901,482,2004-05-09,1.0
901,41,2004-05-09,1.0
941,926,2004-05-09,1.0
283,445,2004-05-09,1.0
583,557,2004-05-09,1.0
942,651,2004-05-09,1.0
942,646,2004-05-09,1.0
942,943,2004-05-09,1.0
942,650,2004-05-09,1.0
934,437,2004-05-09,1.0
325,941,2004-05-09,1.0
408,254,2004-05-09,1.0
944,128,2004-05-09,1.0
408,388,2004-05-09,1.0
557,583,2004-05-09,1.0
73,74,2004-05-09,1.0
283,194,2004-05-09,1.0
704,924,2004-05-09,1.0
770,386,2004-05-09,1.0
873,224,2004-05-09,1.0
770,686,2004-05-09,1.0
770,928,2004-05-09,1.0
847,97,2004-05-09,1.0
770,513,2004-05-09,1.0
325,783,2004-05-09,1.0
679,903,2004-05-09,1.0
393,431,2004-05-09,1.0
555,514,2004-05-09,1.0
679,393,2004-05-09,1.0
928,191,2004-05-09,1.0
853,597,2004-05-09,1.0
928,41,2004-05-09,1.0
393,679,2004-05-09,1.0
431,393,2004-05-09,1.0
687,936,2004-05-09,1.0
191,928,2004-05-09,1.0
237,711,2004-05-09,1.0
687,376,2004-05-09,1.0
87,393,2004-05-09,1.0
308,254,2004-05-09,1.0
393,87,2004-05-09,1.0
308,237,2004-05-09,1.0
41,928,2004-05-09,1.0
830,454,2004-05-09,1.0
884,194,2004-05-09,1.0
851,679,2004-05-09,1.0
851,852,2004-05-09,1.0
792,679,2004-05-09,1.0
454,830,2004-05-09,1.0
546,583,2004-05-09,1.0
131,439,2004-05-09,1.0
546,598,2004-05-09,1.0
41,389,2004-05-09,1.0
41,913,2004-05-09,1.0
470,621,2004-05-09,1.0
792,339,2004-05-09,1.0
679,404,2004-05-09,1.0
725,928,2004-05-09,1.0
719,621,2004-05-09,1.0
874,254,2004-05-09,1.0
794,598,2004-05-09,1.0
621,719,2004-05-09,1.0
835,492,2004-05-09,1.0
934,460,2004-05-09,1.0
783,103,2004-05-09,1.0
638,939,2004-05-09,1.0
598,794,2004-05-09,1.0
938,95,2004-05-09,1.0
915,393,2004-05-09,1.0
172,598,2004-05-09,1.0
237,308,2004-05-09,1.0
741,711,2004-05-09,1.0
583,308,2004-05-09,1.0
309,937,2004-05-09,1.0
60,605,2004-05-09,1.0
638,744,2004-05-09,1.0
95,938,2004-05-09,1.0
768,819,2004-05-09,1.0
621,834,2004-05-09,1.0
621,470,2004-05-09,1.0
325,924,2004-05-09,1.0
615,765,2004-05-09,1.0
924,830,2004-05-09,1.0
884,913,2004-05-09,1.0
189,735,2004-05-09,1.0
67,683,2004-05-09,1.0
676,400,2004-05-09,1.0
103,52,2004-05-09,1.0
103,599,2004-05-09,1.0
599,68,2004-05-09,1.0
599,103,2004-05-09,1.0
189,682,2004-05-09,1.0
189,802,2004-05-09,1.0
68,599,2004-05-09,1.0
103,831,2004-05-09,1.0
830,952,2004-05-09,1.0
953,265,2004-05-09,1.0
220,103,2004-05-09,1.0
953,85,2004-05-09,1.0
953,954,2004-05-09,1.0
950,913,2004-05-09,1.0
950,260,2004-05-09,1.0
189,862,2004-05-09,1.0
283,853,2004-05-09,1.0
103,853,2004-05-09,1.0
586,538,2004-05-09,1.0
308,586,2004-05-09,1.0
942,72,2004-05-09,1.0
189,712,2004-05-09,1.0
36,189,2004-05-09,1.0
830,549,2004-05-09,1.0
355,194,2004-05-09,1.0
355,296,2004-05-09,1.0
355,316,2004-05-09,1.0
942,454,2004-05-09,1.0
189,579,2004-05-09,1.0
189,868,2004-05-09,1.0
654,915,2004-05-09,1.0
183,289,2004-05-09,1.0
128,715,2004-05-09,1.0
509,272,2004-05-09,1.0
212,439,2004-05-09,1.0
632,654,2004-05-09,1.0
942,42,2004-05-09,1.0
42,339,2004-05-09,1.0
738,626,2004-05-09,1.0
42,573,2004-05-09,1.0
212,765,2004-05-09,1.0
42,445,2004-05-09,1.0
573,42,2004-05-09,1.0
42,922,2004-05-09,1.0
509,513,2004-05-09,1.0
586,308,2004-05-09,1.0
586,952,2004-05-09,1.0
42,72,2004-05-09,1.0
72,42,2004-05-09,1.0
42,194,2004-05-09,1.0
42,738,2004-05-09,1.0
42,632,2004-05-09,1.0
42,955,2004-05-09,1.0
42,41,2004-05-09,1.0
103,929,2004-05-09,1.0
654,632,2004-05-09,1.0
952,830,2004-05-09,1.0
183,769,2004-05-09,1.0
654,620,2004-05-09,1.0
498,194,2004-05-09,1.0
338,454,2004-05-09,1.0
950,429,2004-05-09,1.0
103,306,2004-05-09,1.0
103,598,2004-05-09,1.0
590,835,2004-05-09,1.0
950,588,2004-05-09,1.0
103,886,2004-05-09,1.0
473,620,2004-05-09,1.0
498,389,2004-05-09,1.0
949,679,2004-05-09,1.0
950,517,2004-05-09,1.0
68,375,2004-05-09,1.0
949,27,2004-05-09,1.0
913,814,2004-05-09,1.0
913,797,2004-05-09,1.0
913,51,2004-05-09,1.0
72,857,2004-05-09,1.0
913,41,2004-05-09,1.0
913,242,2004-05-09,1.0
913,884,2004-05-09,1.0
915,901,2004-05-09,1.0
474,679,2004-05-09,1.0
830,913,2004-05-09,1.0
913,830,2004-05-09,1.0
199,445,2004-05-09,1.0
462,913,2004-05-09,1.0
474,847,2004-05-09,1.0
400,396,2004-05-09,1.0
913,462,2004-05-09,1.0
708,834,2004-05-09,1.0
915,928,2004-05-09,1.0
949,199,2004-05-09,1.0
400,823,2004-05-09,1.0
462,675,2004-05-09,1.0
944,393,2004-05-09,1.0
626,738,2004-05-09,1.0
621,686,2004-05-09,1.0
801,768,2004-05-09,1.0
194,283,2004-05-09,1.0
903,933,2004-05-09,1.0
903,679,2004-05-09,1.0
830,924,2004-05-09,1.0
857,72,2004-05-09,1.0
184,928,2004-05-09,1.0
32,375,2004-05-09,1.0
400,517,2004-05-09,1.0
928,184,2004-05-09,1.0
41,901,2004-05-09,1.0
484,770,2004-05-09,1.0
32,940,2004-05-09,1.0
809,573,2004-05-09,1.0
765,568,2004-05-09,1.0
621,774,2004-05-09,1.0
393,263,2004-05-09,1.0
174,679,2004-05-09,1.0
727,638,2004-05-09,1.0
679,474,2004-05-09,1.0
254,408,2004-05-09,1.0
254,874,2004-05-09,1.0
254,308,2004-05-09,1.0
951,474,2004-05-09,1.0
928,915,2004-05-09,1.0
768,801,2004-05-09,1.0
437,625,2004-05-09,1.0
474,951,2004-05-09,1.0
68,173,2004-05-09,1.0
70,400,2004-05-09,1.0
679,949,2004-05-09,1.0
36,834,2004-05-09,1.0
36,940,2004-05-09,1.0
734,617,2004-05-09,1.0
915,823,2004-05-09,1.0
400,819,2004-05-09,1.0
915,654,2004-05-09,1.0
400,639,2004-05-09,1.0
27,949,2004-05-09,1.0
27,184,2004-05-09,1.0
770,484,2004-05-09,1.0
770,173,2004-05-09,1.0
915,437,2004-05-09,1.0
915,886,2004-05-09,1.0
400,676,2004-05-09,1.0
296,194,2004-05-09,1.0
296,445,2004-05-09,1.0
915,862,2004-05-09,1.0
400,673,2004-05-09,1.0
620,473,2004-05-09,1.0
913,950,2004-05-09,1.0
915,841,2004-05-09,1.0
913,638,2004-05-09,1.0
913,548,2004-05-09,1.0
400,700,2004-05-09,1.0
638,913,2004-05-09,1.0
781,233,2004-05-09,1.0
224,873,2004-05-09,1.0
339,792,2004-05-09,1.0
921,536,2004-05-09,1.0
536,921,2004-05-09,1.0
586,768,2004-05-09,1.0
826,925,2004-05-09,1.0
44,719,2004-05-09,1.0
44,189,2004-05-09,1.0
768,924,2004-05-09,1.0
288,620,2004-05-09,1.0
214,101,2004-05-09,1.0
859,400,2004-05-09,1.0
859,325,2004-05-09,1.0
859,214,2004-05-09,1.0
859,681,2004-05-09,1.0
708,770,2004-05-09,1.0
834,708,2004-05-09,1.0
204,198,2004-05-09,1.0
768,679,2004-05-09,1.0
431,617,2004-05-09,1.0
768,874,2004-05-09,1.0
249,711,2004-05-09,1.0
712,753,2004-05-09,1.0
768,483,2004-05-09,1.0
327,774,2004-05-09,1.0
639,400,2004-05-09,1.0
639,401,2004-05-09,1.0
834,712,2004-05-09,1.0
639,212,2004-05-09,1.0
719,838,2004-05-09,1.0
838,719,2004-05-09,1.0
924,719,2004-05-09,1.0
838,853,2004-05-09,1.0
73,617,2004-05-09,1.0
660,595,2004-05-09,1.0
770,708,2004-05-09,1.0
51,525,2004-05-09,1.0
191,874,2004-05-09,1.0
913,309,2004-05-09,1.0
913,194,2004-05-09,1.0
913,191,2004-05-09,1.0
525,51,2004-05-09,1.0
32,926,2004-05-09,1.0
325,194,2004-05-09,1.0
913,88,2004-05-09,1.0
536,927,2004-05-09,1.0
194,913,2004-05-09,1.0
921,882,2004-05-09,1.0
770,396,2004-05-09,1.0
272,605,2004-05-09,1.0
34,768,2004-05-09,1.0
128,629,2004-05-09,1.0
296,781,2004-05-09,1.0
681,626,2004-05-09,1.0
492,835,2004-05-09,1.0
834,393,2004-05-09,1.0
191,371,2004-05-09,1.0
194,97,2004-05-09,1.0
679,768,2004-05-09,1.0
768,72,2004-05-09,1.0
74,513,2004-05-09,1.0
103,72,2004-05-09,1.0
375,194,2004-05-09,1.0
375,296,2004-05-09,1.0
474,346,2004-05-09,1.0
474,719,2004-05-09,1.0
484,400,2004-05-09,1.0
422,194,2004-05-09,1.0
72,103,2004-05-09,1.0
72,768,2004-05-09,1.0
621,819,2004-05-09,1.0
768,621,2004-05-09,1.0
786,785,2004-05-09,1.0
823,400,2004-05-09,1.0
823,548,2004-05-09,1.0
194,296,2004-05-09,1.0
309,823,2004-05-09,1.0
704,919,2004-05-09,1.0
309,913,2004-05-09,1.0
555,482,2004-05-09,1.0
309,848,2004-05-09,1.0
74,874,2004-05-09,1.0
74,598,2004-05-09,1.0
103,874,2004-05-09,1.0
396,770,2004-05-09,1.0
396,254,2004-05-09,1.0
396,400,2004-05-09,1.0
276,903,2004-05-09,1.0
242,389,2004-05-09,1.0
194,325,2004-05-09,1.0
513,509,2004-05-09,1.0
214,768,2004-05-09,1.0
918,708,2004-05-09,1.0
103,686,2004-05-09,1.0
357,379,2004-05-09,1.0
517,570,2004-05-09,1.0
882,921,2004-05-09,1.0
882,226,2004-05-09,1.0
194,498,2004-05-09,1.0
103,734,2004-05-09,1.0
131,734,2004-05-09,1.0
882,532,2004-05-09,1.0
882,922,2004-05-09,1.0
865,525,2004-05-09,1.0
721,400,2004-05-09,1.0
721,923,2004-05-09,1.0
103,920,2004-05-09,1.0
686,103,2004-05-09,1.0
852,704,2004-05-09,1.0
882,388,2004-05-09,1.0
819,400,2004-05-09,1.0
617,73,2004-05-09,1.0
704,605,2004-05-09,1.0
431,538,2004-05-09,1.0
679,923,2004-05-09,1.0
781,296,2004-05-09,1.0
525,865,2004-05-09,1.0
517,400,2004-05-09,1.0
920,103,2004-05-09,1.0
454,338,2004-05-09,1.0
517,438,2004-05-09,1.0
342,598,2004-05-09,1.0
296,375,2004-05-09,1.0
174,260,2004-05-09,1.0
809,242,2004-05-09,1.0
103,379,2004-05-09,1.0
103,495,2004-05-09,1.0
830,389,2004-05-09,1.0
830,468,2004-05-09,1.0
830,598,2004-05-09,1.0
495,400,2004-05-09,1.0
535,440,2004-05-09,1.0
495,41,2004-05-09,1.0
768,586,2004-05-09,1.0
797,913,2004-05-09,1.0
559,97,2004-05-09,1.0
933,903,2004-05-09,1.0
97,559,2004-05-09,1.0
97,400,2004-05-09,1.0
97,770,2004-05-09,1.0
97,847,2004-05-09,1.0
97,687,2004-05-09,1.0
103,930,2004-05-09,1.0
259,598,2004-05-09,1.0
733,454,2004-05-09,1.0
928,194,2004-05-09,1.0
51,913,2004-05-09,1.0
625,437,2004-05-09,1.0
797,454,2004-05-09,1.0
934,97,2004-05-09,1.0
51,919,2004-05-09,1.0
924,185,2004-05-09,1.0
561,74,2004-05-09,1.0
620,288,2004-05-09,1.0
654,738,2004-05-09,1.0
768,34,2004-05-09,1.0
308,930,2004-05-09,1.0
194,463,2004-05-09,1.0
276,924,2004-05-09,1.0
308,931,2004-05-09,1.0
308,863,2004-05-09,1.0
308,185,2004-05-09,1.0
673,400,2004-05-09,1.0
194,621,2004-05-09,1.0
194,884,2004-05-09,1.0
103,932,2004-05-09,1.0
74,379,2004-05-09,1.0
621,194,2004-05-09,1.0
74,561,2004-05-09,1.0
620,654,2004-05-09,1.0
289,183,2004-05-09,1.0
454,797,2004-05-09,1.0
252,935,2004-05-09,1.0
557,926,2004-05-09,1.0
439,131,2004-05-09,1.0
393,834,2004-05-09,1.0
777,843,2004-05-09,1.0
191,913,2004-05-09,1.0
97,191,2004-05-09,1.0
308,929,2004-05-09,1.0
483,768,2004-05-09,1.0
454,733,2004-05-09,1.0
935,252,2004-05-09,1.0
388,882,2004-05-09,1.0
700,400,2004-05-09,1.0
191,738,2004-05-09,1.0
325,926,2004-05-09,1.0
422,386,2004-05-09,1.0
378,396,2004-05-09,1.0
131,686,2004-05-09,1.0
439,212,2004-05-09,1.0
422,768,2004-05-09,1.0
103,378,2004-05-09,1.0
103,783,2004-05-09,1.0
97,934,2004-05-09,1.0
422,835,2004-05-09,1.0
378,644,2004-05-09,1.0
928,482,2004-05-09,1.0
768,422,2004-05-09,1.0
308,583,2004-05-09,1.0
734,131,2004-05-09,1.0
734,103,2004-05-09,1.0
913,99,2004-05-09,1.0
913,795,2004-05-09,1.0
548,823,2004-05-09,1.0
928,794,2004-05-09,1.0
163,249,2004-05-09,1.0
853,838,2004-05-09,1.0
913,339,2004-05-09,1.0
69,687,2004-05-09,1.0
913,719,2004-05-09,1.0
792,903,2004-05-09,1.0
926,325,2004-05-09,1.0
925,814,2004-05-09,1.0
538,431,2004-05-09,1.0
814,913,2004-05-09,1.0
339,913,2004-05-09,1.0
151,907,2004-05-09,1.0
738,654,2004-05-09,1.0
400,852,2004-05-09,1.0
926,32,2004-05-09,1.0
568,765,2004-05-09,1.0
719,913,2004-05-09,1.0
797,342,2004-05-09,1.0
44,214,2004-05-09,1.0
814,925,2004-05-09,1.0
97,194,2004-05-09,1.0
44,834,2004-05-09,1.0
652,27,2004-05-10,1.0
277,871,2004-05-10,1.0
176,815,2004-05-10,1.0
68,173,2004-05-10,1.0
971,972,2004-05-10,1.0
777,277,2004-05-10,1.0
277,823,2004-05-10,1.0
884,928,2004-05-10,1.0
871,277,2004-05-10,1.0
498,823,2004-05-10,1.0
815,176,2004-05-10,1.0
871,466,2004-05-10,1.0
283,277,2004-05-10,1.0
601,400,2004-05-10,1.0
679,851,2004-05-10,1.0
823,277,2004-05-10,1.0
871,969,2004-05-10,1.0
9,601,2004-05-10,1.0
297,777,2004-05-10,1.0
783,871,2004-05-10,1.0
950,823,2004-05-10,1.0
679,72,2004-05-10,1.0
41,815,2004-05-10,1.0
569,199,2004-05-10,1.0
679,396,2004-05-10,1.0
277,283,2004-05-10,1.0
823,498,2004-05-10,1.0
277,777,2004-05-10,1.0
396,679,2004-05-10,1.0
41,277,2004-05-10,1.0
711,341,2004-05-10,1.0
325,713,2004-05-10,1.0
41,283,2004-05-10,1.0
601,851,2004-05-10,1.0
557,926,2004-05-10,1.0
277,41,2004-05-10,1.0
809,482,2004-05-10,1.0
27,652,2004-05-10,1.0
400,859,2004-05-10,1.0
176,928,2004-05-10,1.0
498,495,2004-05-10,1.0
9,683,2004-05-10,1.0
823,950,2004-05-10,1.0
9,859,2004-05-10,1.0
940,36,2004-05-10,1.0
400,517,2004-05-10,1.0
9,177,2004-05-10,1.0
341,711,2004-05-10,1.0
173,194,2004-05-10,1.0
325,952,2004-05-10,1.0
396,400,2004-05-10,1.0
72,679,2004-05-10,1.0
601,103,2004-05-10,1.0
48,274,2004-05-10,1.0
400,447,2004-05-10,1.0
815,364,2004-05-10,1.0
809,830,2004-05-10,1.0
400,402,2004-05-10,1.0
199,952,2004-05-10,1.0
974,971,2004-05-10,1.0
971,974,2004-05-10,1.0
204,176,2004-05-10,1.0
203,194,2004-05-10,1.0
199,569,2004-05-10,1.0
652,194,2004-05-10,1.0
144,805,2004-05-10,1.0
448,69,2004-05-10,1.0
204,498,2004-05-10,1.0
498,274,2004-05-10,1.0
199,971,2004-05-10,1.0
777,176,2004-05-10,1.0
973,448,2004-05-10,1.0
831,652,2004-05-10,1.0
297,448,2004-05-10,1.0
199,949,2004-05-10,1.0
103,601,2004-05-10,1.0
400,396,2004-05-10,1.0
41,943,2004-05-10,1.0
448,59,2004-05-10,1.0
448,454,2004-05-10,1.0
143,201,2004-05-10,1.0
969,961,2004-05-10,1.0
652,831,2004-05-10,1.0
194,652,2004-05-10,1.0
971,199,2004-05-10,1.0
448,626,2004-05-10,1.0
809,884,2004-05-10,1.0
448,973,2004-05-10,1.0
794,42,2004-05-10,1.0
448,971,2004-05-10,1.0
972,971,2004-05-10,1.0
928,283,2004-05-10,1.0
871,831,2004-05-10,1.0
871,783,2004-05-10,1.0
448,297,2004-05-10,1.0
714,713,2004-05-10,1.0
782,721,2004-05-10,1.0
400,823,2004-05-10,1.0
815,283,2004-05-10,1.0
448,52,2004-05-10,1.0
971,448,2004-05-10,1.0
969,719,2004-05-10,1.0
364,815,2004-05-10,1.0
402,400,2004-05-10,1.0
448,371,2004-05-10,1.0
831,871,2004-05-10,1.0
9,788,2004-05-10,1.0
41,928,2004-05-10,1.0
823,915,2004-05-10,1.0
73,617,2004-05-10,1.0
594,882,2004-05-10,1.0
594,765,2004-05-10,1.0
36,940,2004-05-10,1.0
32,654,2004-05-10,1.0
498,389,2004-05-10,1.0
679,306,2004-05-10,1.0
19,525,2004-05-10,1.0
830,389,2004-05-10,1.0
928,176,2004-05-10,1.0
36,189,2004-05-10,1.0
925,826,2004-05-10,1.0
928,725,2004-05-10,1.0
720,787,2004-05-10,1.0
679,341,2004-05-10,1.0
586,840,2004-05-10,1.0
683,67,2004-05-10,1.0
41,389,2004-05-10,1.0
283,853,2004-05-10,1.0
36,834,2004-05-10,1.0
68,599,2004-05-10,1.0
364,532,2004-05-10,1.0
725,928,2004-05-10,1.0
364,509,2004-05-10,1.0
142,244,2004-05-10,1.0
599,68,2004-05-10,1.0
823,400,2004-05-10,1.0
61,940,2004-05-10,1.0
212,741,2004-05-10,1.0
586,654,2004-05-10,1.0
834,168,2004-05-10,1.0
447,400,2004-05-10,1.0
325,859,2004-05-10,1.0
586,815,2004-05-10,1.0
823,309,2004-05-10,1.0
396,372,2004-05-10,1.0
199,212,2004-05-10,1.0
928,884,2004-05-10,1.0
830,454,2004-05-10,1.0
704,617,2004-05-10,1.0
801,42,2004-05-10,1.0
561,956,2004-05-10,1.0
212,199,2004-05-10,1.0
966,697,2004-05-10,1.0
654,346,2004-05-10,1.0
704,605,2004-05-10,1.0
795,913,2004-05-10,1.0
781,721,2004-05-10,1.0
53,953,2004-05-10,1.0
74,44,2004-05-10,1.0
561,103,2004-05-10,1.0
389,242,2004-05-10,1.0
834,708,2004-05-10,1.0
389,830,2004-05-10,1.0
389,498,2004-05-10,1.0
967,279,2004-05-10,1.0
928,41,2004-05-10,1.0
498,393,2004-05-10,1.0
654,32,2004-05-10,1.0
389,41,2004-05-10,1.0
389,619,2004-05-10,1.0
68,952,2004-05-10,1.0
283,297,2004-05-10,1.0
801,313,2004-05-10,1.0
835,492,2004-05-10,1.0
777,297,2004-05-10,1.0
814,913,2004-05-10,1.0
495,498,2004-05-10,1.0
341,950,2004-05-10,1.0
204,181,2004-05-10,1.0
950,341,2004-05-10,1.0
871,495,2004-05-10,1.0
9,626,2004-05-10,1.0
9,142,2004-05-10,1.0
782,483,2004-05-10,1.0
782,536,2004-05-10,1.0
725,697,2004-05-10,1.0
840,777,2004-05-10,1.0
492,835,2004-05-10,1.0
212,303,2004-05-10,1.0
758,741,2004-05-10,1.0
297,283,2004-05-10,1.0
950,815,2004-05-10,1.0
840,586,2004-05-10,1.0
36,19,2004-05-10,1.0
725,952,2004-05-10,1.0
840,74,2004-05-10,1.0
27,970,2004-05-10,1.0
283,194,2004-05-10,1.0
586,969,2004-05-10,1.0
151,940,2004-05-10,1.0
181,454,2004-05-10,1.0
940,151,2004-05-10,1.0
181,967,2004-05-10,1.0
777,840,2004-05-10,1.0
831,448,2004-05-10,1.0
121,144,2004-05-10,1.0
495,181,2004-05-10,1.0
448,831,2004-05-10,1.0
9,652,2004-05-10,1.0
337,297,2004-05-10,1.0
448,561,2004-05-10,1.0
858,199,2004-05-10,1.0
557,561,2004-05-10,1.0
831,980,2004-05-10,1.0
194,296,2004-05-10,1.0
980,831,2004-05-10,1.0
561,448,2004-05-10,1.0
711,356,2004-05-10,1.0
708,940,2004-05-10,1.0
549,969,2004-05-10,1.0
124,712,2004-05-10,1.0
969,549,2004-05-10,1.0
95,63,2004-05-10,1.0
189,36,2004-05-10,1.0
704,971,2004-05-10,1.0
704,978,2004-05-10,1.0
95,708,2004-05-10,1.0
831,981,2004-05-10,1.0
95,712,2004-05-10,1.0
68,323,2004-05-10,1.0
124,713,2004-05-10,1.0
969,557,2004-05-10,1.0
539,840,2004-05-10,1.0
104,638,2004-05-10,1.0
297,337,2004-05-10,1.0
104,97,2004-05-10,1.0
199,858,2004-05-10,1.0
708,834,2004-05-10,1.0
124,617,2004-05-10,1.0
686,621,2004-05-10,1.0
498,204,2004-05-10,1.0
561,308,2004-05-10,1.0
448,244,2004-05-10,1.0
974,978,2004-05-10,1.0
212,439,2004-05-10,1.0
561,557,2004-05-10,1.0
176,978,2004-05-10,1.0
67,978,2004-05-10,1.0
356,711,2004-05-10,1.0
181,204,2004-05-10,1.0
204,303,2004-05-10,1.0
448,809,2004-05-10,1.0
296,194,2004-05-10,1.0
193,823,2004-05-10,1.0
915,823,2004-05-10,1.0
557,969,2004-05-10,1.0
323,638,2004-05-10,1.0
323,68,2004-05-10,1.0
809,448,2004-05-10,1.0
448,254,2004-05-10,1.0
979,978,2004-05-10,1.0
199,978,2004-05-10,1.0
68,969,2004-05-10,1.0
103,975,2004-05-10,1.0
546,460,2004-05-10,1.0
103,708,2004-05-10,1.0
498,686,2004-05-10,1.0
823,546,2004-05-10,1.0
103,969,2004-05-10,1.0
644,977,2004-05-10,1.0
961,42,2004-05-10,1.0
969,103,2004-05-10,1.0
686,498,2004-05-10,1.0
546,823,2004-05-10,1.0
103,795,2004-05-10,1.0
103,587,2004-05-10,1.0
68,840,2004-05-10,1.0
847,140,2004-05-10,1.0
605,272,2004-05-10,1.0
605,704,2004-05-10,1.0
943,644,2004-05-10,1.0
199,498,2004-05-10,1.0
475,392,2004-05-10,1.0
72,683,2004-05-10,1.0
498,881,2004-05-10,1.0
176,975,2004-05-10,1.0
644,943,2004-05-10,1.0
625,662,2004-05-10,1.0
95,638,2004-05-10,1.0
346,977,2004-05-10,1.0
346,654,2004-05-10,1.0
95,345,2004-05-10,1.0
460,934,2004-05-10,1.0
683,9,2004-05-10,1.0
644,378,2004-05-10,1.0
969,68,2004-05-10,1.0
686,924,2004-05-10,1.0
95,938,2004-05-10,1.0
189,144,2004-05-10,1.0
95,713,2004-05-10,1.0
704,943,2004-05-10,1.0
629,713,2004-05-10,1.0
308,561,2004-05-10,1.0
498,194,2004-05-10,1.0
283,41,2004-05-10,1.0
687,97,2004-05-10,1.0
546,831,2004-05-10,1.0
823,193,2004-05-10,1.0
662,625,2004-05-10,1.0
392,475,2004-05-10,1.0
569,448,2004-05-10,1.0
199,460,2004-05-10,1.0
199,355,2004-05-10,1.0
917,103,2004-05-10,1.0
978,979,2004-05-10,1.0
194,448,2004-05-10,1.0
176,777,2004-05-10,1.0
454,181,2004-05-10,1.0
400,601,2004-05-10,1.0
144,121,2004-05-10,1.0
341,840,2004-05-10,1.0
448,194,2004-05-10,1.0
942,871,2004-05-10,1.0
341,157,2004-05-10,1.0
871,942,2004-05-10,1.0
714,297,2004-05-10,1.0
871,437,2004-05-10,1.0
448,299,2004-05-10,1.0
151,971,2004-05-10,1.0
652,389,2004-05-10,1.0
768,355,2004-05-10,1.0
454,448,2004-05-10,1.0
448,569,2004-05-10,1.0
652,322,2004-05-10,1.0
144,142,2004-05-10,1.0
557,583,2004-05-10,1.0
306,679,2004-05-10,1.0
203,866,2004-05-10,1.0
448,969,2004-05-10,1.0
768,801,2004-05-10,1.0
448,967,2004-05-10,1.0
41,151,2004-05-10,1.0
41,969,2004-05-10,1.0
448,712,2004-05-10,1.0
201,143,2004-05-10,1.0
151,41,2004-05-10,1.0
852,851,2004-05-10,1.0
144,189,2004-05-10,1.0
448,587,2004-05-10,1.0
400,974,2004-05-10,1.0
400,973,2004-05-10,1.0
181,495,2004-05-10,1.0
337,966,2004-05-10,1.0
977,346,2004-05-10,1.0
297,714,2004-05-10,1.0
586,978,2004-05-10,1.0
973,400,2004-05-10,1.0
204,777,2004-05-10,1.0
41,978,2004-05-10,1.0
283,815,2004-05-10,1.0
294,831,2004-05-10,1.0
283,928,2004-05-10,1.0
41,59,2004-05-10,1.0
199,975,2004-05-10,1.0
67,475,2004-05-10,1.0
448,601,2004-05-10,1.0
341,460,2004-05-10,1.0
652,149,2004-05-10,1.0
853,976,2004-05-10,1.0
770,36,2004-05-10,1.0
770,61,2004-05-10,1.0
144,41,2004-05-10,1.0
72,967,2004-05-10,1.0
454,830,2004-05-10,1.0
950,454,2004-05-10,1.0
194,516,2004-05-10,1.0
19,859,2004-05-10,1.0
928,334,2004-05-10,1.0
334,928,2004-05-10,1.0
289,599,2004-05-10,1.0
770,599,2004-05-10,1.0
19,654,2004-05-10,1.0
194,42,2004-05-10,1.0
599,289,2004-05-10,1.0
194,621,2004-05-10,1.0
599,770,2004-05-10,1.0
194,283,2004-05-10,1.0
194,355,2004-05-10,1.0
194,498,2004-05-10,1.0
765,425,2004-05-10,1.0
498,874,2004-05-10,1.0
859,626,2004-05-10,1.0
679,949,2004-05-10,1.0
194,928,2004-05-10,1.0
194,97,2004-05-10,1.0
194,334,2004-05-10,1.0
42,961,2004-05-10,1.0
928,194,2004-05-10,1.0
949,679,2004-05-10,1.0
88,952,2004-05-10,1.0
334,194,2004-05-10,1.0
626,859,2004-05-10,1.0
949,199,2004-05-10,1.0
626,681,2004-05-10,1.0
859,733,2004-05-10,1.0
32,940,2004-05-10,1.0
859,400,2004-05-10,1.0
454,950,2004-05-10,1.0
923,721,2004-05-10,1.0
940,32,2004-05-10,1.0
859,551,2004-05-10,1.0
42,952,2004-05-10,1.0
376,687,2004-05-10,1.0
19,711,2004-05-10,1.0
704,140,2004-05-10,1.0
425,765,2004-05-10,1.0
626,915,2004-05-10,1.0
42,794,2004-05-10,1.0
625,437,2004-05-10,1.0
63,242,2004-05-10,1.0
242,63,2004-05-10,1.0
928,42,2004-05-10,1.0
63,963,2004-05-10,1.0
242,297,2004-05-10,1.0
482,901,2004-05-10,1.0
962,616,2004-05-10,1.0
176,42,2004-05-10,1.0
63,103,2004-05-10,1.0
42,928,2004-05-10,1.0
67,928,2004-05-10,1.0
770,194,2004-05-10,1.0
638,520,2004-05-10,1.0
638,939,2004-05-10,1.0
814,928,2004-05-10,1.0
103,63,2004-05-10,1.0
942,72,2004-05-10,1.0
928,814,2004-05-10,1.0
950,687,2004-05-10,1.0
67,679,2004-05-10,1.0
277,194,2004-05-10,1.0
942,454,2004-05-10,1.0
296,355,2004-05-10,1.0
297,242,2004-05-10,1.0
42,176,2004-05-10,1.0
928,67,2004-05-10,1.0
721,781,2004-05-10,1.0
67,721,2004-05-10,1.0
67,460,2004-05-10,1.0
721,923,2004-05-10,1.0
721,777,2004-05-10,1.0
801,768,2004-05-10,1.0
42,801,2004-05-10,1.0
194,770,2004-05-10,1.0
67,536,2004-05-10,1.0
934,460,2004-05-10,1.0
687,950,2004-05-10,1.0
19,924,2004-05-10,1.0
103,525,2004-05-10,1.0
183,956,2004-05-10,1.0
183,289,2004-05-10,1.0
103,853,2004-05-10,1.0
41,913,2004-05-10,1.0
41,42,2004-05-10,1.0
393,263,2004-05-10,1.0
289,835,2004-05-10,1.0
525,103,2004-05-10,1.0
400,168,2004-05-10,1.0
400,676,2004-05-10,1.0
777,429,2004-05-10,1.0
400,70,2004-05-10,1.0
859,189,2004-05-10,1.0
308,586,2004-05-10,1.0
859,325,2004-05-10,1.0
19,957,2004-05-10,1.0
853,103,2004-05-10,1.0
263,42,2004-05-10,1.0
42,263,2004-05-10,1.0
835,289,2004-05-10,1.0
212,678,2004-05-10,1.0
841,915,2004-05-10,1.0
42,600,2004-05-10,1.0
289,183,2004-05-10,1.0
42,767,2004-05-10,1.0
103,799,2004-05-10,1.0
42,353,2004-05-10,1.0
168,834,2004-05-10,1.0
103,841,2004-05-10,1.0
168,400,2004-05-10,1.0
42,291,2004-05-10,1.0
42,132,2004-05-10,1.0
481,769,2004-05-10,1.0
853,283,2004-05-10,1.0
404,679,2004-05-10,1.0
263,393,2004-05-10,1.0
704,901,2004-05-10,1.0
777,317,2004-05-10,1.0
768,481,2004-05-10,1.0
768,393,2004-05-10,1.0
481,768,2004-05-10,1.0
302,42,2004-05-10,1.0
103,917,2004-05-10,1.0
42,302,2004-05-10,1.0
777,59,2004-05-10,1.0
733,502,2004-05-10,1.0
733,626,2004-05-10,1.0
924,686,2004-05-10,1.0
770,768,2004-05-10,1.0
621,768,2004-05-10,1.0
830,621,2004-05-10,1.0
884,556,2004-05-10,1.0
687,836,2004-05-10,1.0
621,830,2004-05-10,1.0
103,967,2004-05-10,1.0
687,473,2004-05-10,1.0
958,704,2004-05-10,1.0
67,282,2004-05-10,1.0
958,959,2004-05-10,1.0
770,788,2004-05-10,1.0
770,454,2004-05-10,1.0
242,454,2004-05-10,1.0
770,960,2004-05-10,1.0
103,931,2004-05-10,1.0
704,958,2004-05-10,1.0
454,770,2004-05-10,1.0
517,950,2004-05-10,1.0
34,768,2004-05-10,1.0
517,400,2004-05-10,1.0
277,770,2004-05-10,1.0
513,777,2004-05-10,1.0
768,770,2004-05-10,1.0
952,586,2004-05-10,1.0
277,254,2004-05-10,1.0
733,859,2004-05-10,1.0
67,917,2004-05-10,1.0
97,847,2004-05-10,1.0
97,934,2004-05-10,1.0
777,721,2004-05-10,1.0
132,42,2004-05-10,1.0
733,835,2004-05-10,1.0
19,598,2004-05-10,1.0
189,859,2004-05-10,1.0
454,338,2004-05-10,1.0
551,859,2004-05-10,1.0
103,52,2004-05-10,1.0
52,103,2004-05-10,1.0
933,903,2004-05-10,1.0
952,42,2004-05-10,1.0
103,345,2004-05-10,1.0
626,733,2004-05-10,1.0
626,738,2004-05-10,1.0
777,513,2004-05-10,1.0
103,957,2004-05-10,1.0
928,915,2004-05-10,1.0
277,884,2004-05-10,1.0
940,61,2004-05-10,1.0
94,320,2004-05-10,1.0
27,953,2004-05-10,1.0
949,913,2004-05-10,1.0
913,830,2004-05-10,1.0
94,965,2004-05-10,1.0
913,950,2004-05-10,1.0
194,619,2004-05-10,1.0
809,777,2004-05-10,1.0
950,913,2004-05-10,1.0
940,798,2004-05-10,1.0
697,966,2004-05-10,1.0
586,952,2004-05-10,1.0
913,884,2004-05-10,1.0
809,573,2004-05-10,1.0
884,913,2004-05-10,1.0
239,950,2004-05-10,1.0
586,538,2004-05-10,1.0
686,131,2004-05-10,1.0
654,586,2004-05-10,1.0
871,840,2004-05-10,1.0
913,949,2004-05-10,1.0
840,573,2004-05-10,1.0
635,597,2004-05-10,1.0
940,708,2004-05-10,1.0
619,194,2004-05-10,1.0
940,713,2004-05-10,1.0
940,913,2004-05-10,1.0
686,770,2004-05-10,1.0
913,462,2004-05-10,1.0
965,928,2004-05-10,1.0
770,277,2004-05-10,1.0
840,352,2004-05-10,1.0
619,784,2004-05-10,1.0
928,965,2004-05-10,1.0
619,389,2004-05-10,1.0
953,840,2004-05-10,1.0
840,725,2004-05-10,1.0
953,588,2004-05-10,1.0
826,913,2004-05-10,1.0
913,242,2004-05-10,1.0
940,274,2004-05-10,1.0
573,840,2004-05-10,1.0
725,840,2004-05-10,1.0
913,41,2004-05-10,1.0
940,52,2004-05-10,1.0
334,840,2004-05-10,1.0
913,940,2004-05-10,1.0
928,573,2004-05-10,1.0
372,396,2004-05-10,1.0
396,378,2004-05-10,1.0
193,63,2004-05-10,1.0
809,771,2004-05-10,1.0
63,949,2004-05-10,1.0
63,193,2004-05-10,1.0
393,498,2004-05-10,1.0
950,239,2004-05-10,1.0
965,94,2004-05-10,1.0
681,388,2004-05-10,1.0
388,681,2004-05-10,1.0
840,724,2004-05-10,1.0
840,539,2004-05-10,1.0
840,590,2004-05-10,1.0
74,840,2004-05-10,1.0
346,345,2004-05-10,1.0
68,924,2004-05-10,1.0
967,103,2004-05-10,1.0
74,379,2004-05-10,1.0
516,194,2004-05-10,1.0
697,341,2004-05-10,1.0
68,375,2004-05-10,1.0
770,44,2004-05-10,1.0
561,727,2004-05-10,1.0
254,277,2004-05-10,1.0
32,957,2004-05-10,1.0
968,78,2004-05-10,1.0
263,840,2004-05-10,1.0
840,263,2004-05-10,1.0
640,638,2004-05-10,1.0
830,840,2004-05-10,1.0
635,719,2004-05-10,1.0
830,277,2004-05-10,1.0
573,928,2004-05-10,1.0
830,913,2004-05-10,1.0
640,784,2004-05-10,1.0
770,256,2004-05-10,1.0
621,686,2004-05-10,1.0
638,640,2004-05-10,1.0
19,527,2004-05-10,1.0
19,806,2004-05-10,1.0
590,840,2004-05-10,1.0
371,191,2004-05-10,1.0
719,635,2004-05-10,1.0
724,840,2004-05-10,1.0
52,940,2004-05-10,1.0
19,410,2004-05-10,1.0
953,27,2004-05-10,1.0
770,840,2004-05-10,1.0
949,63,2004-05-10,1.0
940,536,2004-05-10,1.0
193,302,2004-05-10,1.0
569,949,2004-05-10,1.0
940,598,2004-05-10,1.0
103,402,2004-05-10,1.0
638,964,2004-05-10,1.0
277,830,2004-05-10,1.0
263,132,2004-05-10,1.0
536,940,2004-05-10,1.0
103,617,2004-05-10,1.0
964,638,2004-05-10,1.0
402,103,2004-05-10,1.0
423,675,2004-05-10,1.0
942,646,2004-05-10,1.0
103,938,2004-05-10,1.0
276,924,2004-05-10,1.0
277,271,2004-05-10,1.0
72,942,2004-05-10,1.0
851,679,2004-05-10,1.0
924,768,2004-05-10,1.0
851,787,2004-05-10,1.0
375,32,2004-05-10,1.0
67,212,2004-05-10,1.0
617,73,2004-05-10,1.0
375,68,2004-05-10,1.0
303,840,2004-05-10,1.0
378,644,2004-05-10,1.0
728,617,2004-05-10,1.0
53,250,2004-05-10,1.0
583,557,2004-05-10,1.0
103,256,2004-05-10,1.0
103,840,2004-05-10,1.0
734,617,2004-05-10,1.0
950,840,2004-05-10,1.0
840,334,2004-05-10,1.0
520,964,2004-05-10,1.0
132,263,2004-05-10,1.0
800,765,2004-05-10,1.0
840,950,2004-05-10,1.0
728,607,2004-05-10,1.0
840,536,2004-05-10,1.0
454,942,2004-05-10,1.0
94,928,2004-05-10,1.0
454,940,2004-05-10,1.0
926,325,2004-05-10,1.0
940,454,2004-05-10,1.0
617,734,2004-05-10,1.0
928,94,2004-05-10,1.0
926,557,2004-05-10,1.0
97,194,2004-05-10,1.0
926,941,2004-05-10,1.0
242,256,2004-05-10,1.0
924,68,2004-05-10,1.0
498,256,2004-05-10,1.0
256,498,2004-05-10,1.0
498,840,2004-05-10,1.0
840,303,2004-05-10,1.0
36,189,2004-05-11,1.0
448,971,2004-05-11,1.0
189,712,2004-05-11,1.0
286,400,2004-05-11,1.0
771,969,2004-05-11,1.0
36,940,2004-05-11,1.0
834,771,2004-05-11,1.0
771,988,2004-05-11,1.0
586,513,2004-05-11,1.0
915,654,2004-05-11,1.0
990,63,2004-05-11,1.0
431,402,2004-05-11,1.0
915,841,2004-05-11,1.0
817,42,2004-05-11,1.0
448,840,2004-05-11,1.0
431,626,2004-05-11,1.0
771,783,2004-05-11,1.0
986,771,2004-05-11,1.0
431,697,2004-05-11,1.0
986,652,2004-05-11,1.0
27,652,2004-05-11,1.0
852,355,2004-05-11,1.0
337,297,2004-05-11,1.0
598,794,2004-05-11,1.0
199,840,2004-05-11,1.0
986,482,2004-05-11,1.0
402,448,2004-05-11,1.0
327,297,2004-05-11,1.0
586,194,2004-05-11,1.0
586,783,2004-05-11,1.0
712,189,2004-05-11,1.0
840,176,2004-05-11,1.0
986,448,2004-05-11,1.0
712,95,2004-05-11,1.0
95,63,2004-05-11,1.0
114,400,2004-05-11,1.0
513,586,2004-05-11,1.0
971,151,2004-05-11,1.0
712,448,2004-05-11,1.0
971,448,2004-05-11,1.0
971,704,2004-05-11,1.0
95,712,2004-05-11,1.0
114,19,2004-05-11,1.0
765,425,2004-05-11,1.0
801,768,2004-05-11,1.0
448,402,2004-05-11,1.0
448,712,2004-05-11,1.0
986,48,2004-05-11,1.0
513,652,2004-05-11,1.0
337,840,2004-05-11,1.0
212,6,2004-05-11,1.0
542,460,2004-05-11,1.0
598,542,2004-05-11,1.0
249,713,2004-05-11,1.0
249,779,2004-05-11,1.0
762,627,2004-05-11,1.0
70,400,2004-05-11,1.0
342,971,2004-05-11,1.0
598,652,2004-05-11,1.0
598,19,2004-05-11,1.0
9,27,2004-05-11,1.0
9,835,2004-05-11,1.0
492,835,2004-05-11,1.0
679,404,2004-05-11,1.0
513,654,2004-05-11,1.0
652,513,2004-05-11,1.0
557,969,2004-05-11,1.0
492,817,2004-05-11,1.0
212,704,2004-05-11,1.0
402,586,2004-05-11,1.0
652,598,2004-05-11,1.0
542,598,2004-05-11,1.0
318,132,2004-05-11,1.0
454,181,2004-05-11,1.0
400,311,2004-05-11,1.0
454,448,2004-05-11,1.0
454,338,2004-05-11,1.0
400,504,2004-05-11,1.0
783,103,2004-05-11,1.0
176,840,2004-05-11,1.0
783,586,2004-05-11,1.0
212,646,2004-05-11,1.0
431,975,2004-05-11,1.0
212,263,2004-05-11,1.0
783,771,2004-05-11,1.0
6,833,2004-05-11,1.0
942,454,2004-05-11,1.0
400,402,2004-05-11,1.0
212,439,2004-05-11,1.0
797,454,2004-05-11,1.0
586,626,2004-05-11,1.0
199,975,2004-05-11,1.0
67,281,2004-05-11,1.0
151,103,2004-05-11,1.0
952,725,2004-05-11,1.0
654,586,2004-05-11,1.0
586,654,2004-05-11,1.0
498,501,2004-05-11,1.0
654,346,2004-05-11,1.0
41,840,2004-05-11,1.0
498,869,2004-05-11,1.0
272,308,2004-05-11,1.0
272,605,2004-05-11,1.0
272,509,2004-05-11,1.0
41,176,2004-05-11,1.0
851,601,2004-05-11,1.0
176,41,2004-05-11,1.0
851,852,2004-05-11,1.0
429,950,2004-05-11,1.0
204,949,2004-05-11,1.0
342,544,2004-05-11,1.0
543,42,2004-05-11,1.0
42,543,2004-05-11,1.0
949,63,2004-05-11,1.0
103,988,2004-05-11,1.0
42,964,2004-05-11,1.0
964,42,2004-05-11,1.0
934,460,2004-05-11,1.0
536,336,2004-05-11,1.0
765,594,2004-05-11,1.0
3,372,2004-05-11,1.0
283,840,2004-05-11,1.0
105,61,2004-05-11,1.0
838,840,2004-05-11,1.0
342,969,2004-05-11,1.0
991,986,2004-05-11,1.0
402,400,2004-05-11,1.0
809,103,2004-05-11,1.0
809,482,2004-05-11,1.0
840,352,2004-05-11,1.0
840,317,2004-05-11,1.0
400,109,2004-05-11,1.0
173,68,2004-05-11,1.0
342,840,2004-05-11,1.0
797,389,2004-05-11,1.0
429,777,2004-05-11,1.0
610,41,2004-05-11,1.0
422,389,2004-05-11,1.0
801,313,2004-05-11,1.0
439,212,2004-05-11,1.0
425,765,2004-05-11,1.0
68,173,2004-05-11,1.0
42,817,2004-05-11,1.0
801,42,2004-05-11,1.0
636,562,2004-05-11,1.0
697,966,2004-05-11,1.0
986,42,2004-05-11,1.0
636,439,2004-05-11,1.0
495,498,2004-05-11,1.0
586,402,2004-05-11,1.0
495,181,2004-05-11,1.0
63,297,2004-05-11,1.0
63,549,2004-05-11,1.0
626,586,2004-05-11,1.0
448,817,2004-05-11,1.0
986,418,2004-05-11,1.0
212,289,2004-05-11,1.0
73,991,2004-05-11,1.0
297,63,2004-05-11,1.0
966,697,2004-05-11,1.0
966,337,2004-05-11,1.0
986,991,2004-05-11,1.0
817,448,2004-05-11,1.0
986,73,2004-05-11,1.0
697,475,2004-05-11,1.0
986,50,2004-05-11,1.0
212,413,2004-05-11,1.0
679,448,2004-05-11,1.0
831,448,2004-05-11,1.0
805,807,2004-05-11,1.0
72,679,2004-05-11,1.0
817,325,2004-05-11,1.0
993,994,2004-05-11,1.0
871,815,2004-05-11,1.0
325,817,2004-05-11,1.0
325,713,2004-05-11,1.0
263,679,2004-05-11,1.0
834,708,2004-05-11,1.0
72,966,2004-05-11,1.0
482,901,2004-05-11,1.0
615,713,2004-05-11,1.0
263,992,2004-05-11,1.0
686,163,2004-05-11,1.0
686,621,2004-05-11,1.0
686,448,2004-05-11,1.0
686,873,2004-05-11,1.0
463,469,2004-05-11,1.0
463,687,2004-05-11,1.0
212,299,2004-05-11,1.0
463,400,2004-05-11,1.0
994,993,2004-05-11,1.0
463,194,2004-05-11,1.0
681,992,2004-05-11,1.0
372,831,2004-05-11,1.0
679,263,2004-05-11,1.0
402,590,2004-05-11,1.0
504,337,2004-05-11,1.0
873,711,2004-05-11,1.0
475,697,2004-05-11,1.0
504,131,2004-05-11,1.0
337,504,2004-05-11,1.0
41,901,2004-05-11,1.0
966,72,2004-05-11,1.0
831,495,2004-05-11,1.0
817,492,2004-05-11,1.0
700,400,2004-05-11,1.0
901,41,2004-05-11,1.0
831,372,2004-05-11,1.0
103,215,2004-05-11,1.0
619,654,2004-05-11,1.0
462,103,2004-05-11,1.0
379,32,2004-05-11,1.0
9,713,2004-05-11,1.0
995,379,2004-05-11,1.0
9,711,2004-05-11,1.0
462,26,2004-05-11,1.0
783,933,2004-05-11,1.0
462,713,2004-05-11,1.0
462,274,2004-05-11,1.0
933,783,2004-05-11,1.0
679,474,2004-05-11,1.0
388,346,2004-05-11,1.0
346,590,2004-05-11,1.0
346,388,2004-05-11,1.0
590,346,2004-05-11,1.0
777,204,2004-05-11,1.0
103,504,2004-05-11,1.0
63,990,2004-05-11,1.0
783,785,2004-05-11,1.0
593,768,2004-05-11,1.0
593,621,2004-05-11,1.0
32,991,2004-05-11,1.0
975,939,2004-05-11,1.0
364,815,2004-05-11,1.0
509,272,2004-05-11,1.0
364,532,2004-05-11,1.0
509,364,2004-05-11,1.0
815,993,2004-05-11,1.0
679,72,2004-05-11,1.0
131,504,2004-05-11,1.0
379,341,2004-05-11,1.0
379,73,2004-05-11,1.0
768,593,2004-05-11,1.0
687,463,2004-05-11,1.0
9,56,2004-05-11,1.0
460,934,2004-05-11,1.0
460,542,2004-05-11,1.0
504,400,2004-05-11,1.0
448,454,2004-05-11,1.0
448,831,2004-05-11,1.0
364,939,2004-05-11,1.0
815,364,2004-05-11,1.0
592,400,2004-05-11,1.0
498,831,2004-05-11,1.0
831,498,2004-05-11,1.0
939,975,2004-05-11,1.0
660,659,2004-05-11,1.0
991,73,2004-05-11,1.0
801,121,2004-05-11,1.0
840,337,2004-05-11,1.0
654,915,2004-05-11,1.0
498,495,2004-05-11,1.0
654,513,2004-05-11,1.0
498,194,2004-05-11,1.0
498,985,2004-05-11,1.0
949,679,2004-05-11,1.0
949,260,2004-05-11,1.0
701,60,2004-05-11,1.0
679,949,2004-05-11,1.0
985,498,2004-05-11,1.0
815,191,2004-05-11,1.0
785,783,2004-05-11,1.0
44,249,2004-05-11,1.0
679,962,2004-05-11,1.0
785,513,2004-05-11,1.0
869,498,2004-05-11,1.0
852,42,2004-05-11,1.0
840,448,2004-05-11,1.0
785,786,2004-05-11,1.0
950,823,2004-05-11,1.0
830,389,2004-05-11,1.0
713,103,2004-05-11,1.0
713,325,2004-05-11,1.0
971,342,2004-05-11,1.0
713,629,2004-05-11,1.0
389,830,2004-05-11,1.0
634,988,2004-05-11,1.0
389,652,2004-05-11,1.0
652,389,2004-05-11,1.0
389,422,2004-05-11,1.0
926,73,2004-05-11,1.0
768,501,2004-05-11,1.0
372,713,2004-05-11,1.0
768,801,2004-05-11,1.0
296,194,2004-05-11,1.0
296,445,2004-05-11,1.0
901,915,2004-05-11,1.0
901,482,2004-05-11,1.0
901,704,2004-05-11,1.0
389,797,2004-05-11,1.0
950,913,2004-05-11,1.0
950,429,2004-05-11,1.0
222,120,2004-05-11,1.0
590,513,2004-05-11,1.0
713,372,2004-05-11,1.0
713,615,2004-05-11,1.0
590,402,2004-05-11,1.0
807,805,2004-05-11,1.0
708,103,2004-05-11,1.0
204,777,2004-05-11,1.0
713,762,2004-05-11,1.0
708,834,2004-05-11,1.0
389,498,2004-05-11,1.0
389,41,2004-05-11,1.0
713,321,2004-05-11,1.0
439,636,2004-05-11,1.0
131,815,2004-05-11,1.0
389,242,2004-05-11,1.0
103,783,2004-05-11,1.0
826,925,2004-05-11,1.0
392,475,2004-05-11,1.0
809,448,2004-05-11,1.0
884,658,2004-05-11,1.0
975,590,2004-05-11,1.0
151,982,2004-05-11,1.0
242,297,2004-05-11,1.0
599,250,2004-05-11,1.0
12,599,2004-05-11,1.0
346,654,2004-05-11,1.0
12,73,2004-05-11,1.0
969,372,2004-05-11,1.0
242,913,2004-05-11,1.0
242,63,2004-05-11,1.0
12,527,2004-05-11,1.0
242,389,2004-05-11,1.0
12,711,2004-05-11,1.0
95,983,2004-05-11,1.0
12,817,2004-05-11,1.0
297,242,2004-05-11,1.0
686,372,2004-05-11,1.0
250,599,2004-05-11,1.0
372,969,2004-05-11,1.0
454,372,2004-05-11,1.0
770,768,2004-05-11,1.0
975,199,2004-05-11,1.0
658,103,2004-05-11,1.0
975,103,2004-05-11,1.0
975,176,2004-05-11,1.0
821,475,2004-05-11,1.0
590,964,2004-05-11,1.0
770,454,2004-05-11,1.0
964,590,2004-05-11,1.0
103,658,2004-05-11,1.0
590,975,2004-05-11,1.0
73,617,2004-05-11,1.0
73,74,2004-05-11,1.0
176,975,2004-05-11,1.0
809,598,2004-05-11,1.0
388,513,2004-05-11,1.0
12,766,2004-05-11,1.0
809,250,2004-05-11,1.0
263,762,2004-05-11,1.0
109,400,2004-05-11,1.0
639,400,2004-05-11,1.0
809,821,2004-05-11,1.0
12,713,2004-05-11,1.0
983,95,2004-05-11,1.0
762,263,2004-05-11,1.0
109,719,2004-05-11,1.0
297,372,2004-05-11,1.0
639,590,2004-05-11,1.0
762,562,2004-05-11,1.0
250,109,2004-05-11,1.0
372,297,2004-05-11,1.0
212,590,2004-05-11,1.0
12,282,2004-05-11,1.0
103,983,2004-05-11,1.0
543,400,2004-05-11,1.0
12,984,2004-05-11,1.0
513,388,2004-05-11,1.0
766,41,2004-05-11,1.0
983,103,2004-05-11,1.0
766,400,2004-05-11,1.0
766,283,2004-05-11,1.0
956,183,2004-05-11,1.0
475,392,2004-05-11,1.0
766,638,2004-05-11,1.0
103,817,2004-05-11,1.0
969,283,2004-05-11,1.0
84,437,2004-05-11,1.0
596,103,2004-05-11,1.0
969,103,2004-05-11,1.0
9,282,2004-05-11,1.0
9,978,2004-05-11,1.0
9,977,2004-05-11,1.0
561,557,2004-05-11,1.0
561,448,2004-05-11,1.0
445,296,2004-05-11,1.0
294,103,2004-05-11,1.0
204,498,2004-05-11,1.0
973,103,2004-05-11,1.0
881,498,2004-05-11,1.0
103,973,2004-05-11,1.0
445,199,2004-05-11,1.0
498,881,2004-05-11,1.0
561,308,2004-05-11,1.0
250,53,2004-05-11,1.0
199,445,2004-05-11,1.0
103,445,2004-05-11,1.0
302,193,2004-05-11,1.0
981,831,2004-05-11,1.0
913,884,2004-05-11,1.0
913,950,2004-05-11,1.0
41,283,2004-05-11,1.0
193,913,2004-05-11,1.0
41,913,2004-05-11,1.0
41,975,2004-05-11,1.0
981,817,2004-05-11,1.0
254,277,2004-05-11,1.0
596,400,2004-05-11,1.0
103,841,2004-05-11,1.0
498,823,2004-05-11,1.0
9,683,2004-05-11,1.0
504,103,2004-05-11,1.0
536,782,2004-05-11,1.0
536,940,2004-05-11,1.0
473,687,2004-05-11,1.0
250,358,2004-05-11,1.0
250,853,2004-05-11,1.0
686,74,2004-05-11,1.0
372,396,2004-05-11,1.0
741,758,2004-05-11,1.0
475,821,2004-05-11,1.0
283,41,2004-05-11,1.0
475,142,2004-05-11,1.0
12,175,2004-05-11,1.0
44,189,2004-05-11,1.0
142,144,2004-05-11,1.0
44,834,2004-05-11,1.0
660,777,2004-05-11,1.0
697,725,2004-05-11,1.0
884,913,2004-05-11,1.0
939,638,2004-05-11,1.0
942,349,2004-05-11,1.0
109,282,2004-05-11,1.0
176,978,2004-05-11,1.0
454,467,2004-05-11,1.0
73,773,2004-05-11,1.0
762,513,2004-05-11,1.0
969,181,2004-05-11,1.0
681,590,2004-05-11,1.0
985,983,2004-05-11,1.0
986,590,2004-05-11,1.0
542,840,2004-05-11,1.0
986,542,2004-05-11,1.0
986,984,2004-05-11,1.0
513,372,2004-05-11,1.0
513,555,2004-05-11,1.0
12,681,2004-05-11,1.0
840,542,2004-05-11,1.0
181,969,2004-05-11,1.0
939,364,2004-05-11,1.0
555,513,2004-05-11,1.0
555,840,2004-05-11,1.0
714,840,2004-05-11,1.0
12,969,2004-05-11,1.0
181,840,2004-05-11,1.0
840,555,2004-05-11,1.0
986,263,2004-05-11,1.0
181,783,2004-05-11,1.0
840,714,2004-05-11,1.0
590,681,2004-05-11,1.0
681,388,2004-05-11,1.0
181,766,2004-05-11,1.0
263,989,2004-05-11,1.0
204,181,2004-05-11,1.0
590,639,2004-05-11,1.0
590,212,2004-05-11,1.0
212,555,2004-05-11,1.0
681,988,2004-05-11,1.0
181,513,2004-05-11,1.0
983,985,2004-05-11,1.0
681,562,2004-05-11,1.0
263,843,2004-05-11,1.0
986,619,2004-05-11,1.0
372,769,2004-05-11,1.0
939,977,2004-05-11,1.0
583,557,2004-05-11,1.0
783,181,2004-05-11,1.0
986,939,2004-05-11,1.0
181,204,2004-05-11,1.0
939,457,2004-05-11,1.0
12,513,2004-05-11,1.0
513,263,2004-05-11,1.0
103,840,2004-05-11,1.0
639,555,2004-05-11,1.0
532,364,2004-05-11,1.0
103,151,2004-05-11,1.0
840,103,2004-05-11,1.0
181,194,2004-05-11,1.0
539,985,2004-05-11,1.0
308,769,2004-05-11,1.0
308,311,2004-05-11,1.0
980,840,2004-05-11,1.0
439,131,2004-05-11,1.0
985,976,2004-05-11,1.0
103,439,2004-05-11,1.0
504,542,2004-05-11,1.0
542,504,2004-05-11,1.0
546,766,2004-05-11,1.0
308,272,2004-05-11,1.0
191,501,2004-05-11,1.0
191,815,2004-05-11,1.0
372,513,2004-05-11,1.0
236,501,2004-05-11,1.0
546,823,2004-05-11,1.0
263,513,2004-05-11,1.0
555,886,2004-05-11,1.0
683,72,2004-05-11,1.0
63,242,2004-05-11,1.0
63,95,2004-05-11,1.0
191,874,2004-05-11,1.0
72,683,2004-05-11,1.0
986,835,2004-05-11,1.0
835,986,2004-05-11,1.0
448,987,2004-05-11,1.0
388,212,2004-05-11,1.0
338,454,2004-05-11,1.0
250,513,2004-05-11,1.0
338,348,2004-05-11,1.0
338,475,2004-05-11,1.0
338,97,2004-05-11,1.0
448,392,2004-05-11,1.0
311,400,2004-05-11,1.0
513,250,2004-05-11,1.0
513,762,2004-05-11,1.0
372,988,2004-05-11,1.0
297,513,2004-05-11,1.0
616,962,2004-05-11,1.0
513,297,2004-05-11,1.0
388,439,2004-05-11,1.0
800,616,2004-05-11,1.0
41,817,2004-05-11,1.0
181,495,2004-05-11,1.0
212,388,2004-05-11,1.0
181,454,2004-05-11,1.0
975,296,2004-05-11,1.0
915,823,2004-05-11,1.0
448,569,2004-05-11,1.0
448,835,2004-05-11,1.0
297,448,2004-05-11,1.0
448,513,2004-05-11,1.0
627,388,2004-05-11,1.0
388,627,2004-05-11,1.0
513,448,2004-05-11,1.0
501,236,2004-05-11,1.0
448,297,2004-05-11,1.0
988,372,2004-05-11,1.0
627,762,2004-05-11,1.0
835,448,2004-05-11,1.0
926,557,2004-05-11,1.0
392,448,2004-05-11,1.0
448,815,2004-05-11,1.0
681,987,2004-05-11,1.0
372,766,2004-05-11,1.0
95,311,2004-05-11,1.0
681,513,2004-05-11,1.0
392,815,2004-05-11,1.0
501,498,2004-05-11,1.0
986,681,2004-05-11,1.0
501,768,2004-05-11,1.0
68,783,2004-05-12,1.0
252,831,2004-05-12,1.0
783,68,2004-05-12,1.0
783,252,2004-05-12,1.0
325,318,2004-05-12,1.0
252,297,2004-05-12,1.0
481,561,2004-05-12,1.0
481,783,2004-05-12,1.0
783,933,2004-05-12,1.0
794,27,2004-05-12,1.0
212,339,2004-05-12,1.0
252,783,2004-05-12,1.0
481,988,2004-05-12,1.0
783,481,2004-05-12,1.0
969,771,2004-05-12,1.0
252,765,2004-05-12,1.0
204,498,2004-05-12,1.0
975,481,2004-05-12,1.0
481,815,2004-05-12,1.0
1023,373,2004-05-12,1.0
795,1025,2004-05-12,1.0
388,1019,2004-05-12,1.0
174,260,2004-05-12,1.0
975,539,2004-05-12,1.0
481,27,2004-05-12,1.0
712,95,2004-05-12,1.0
103,819,2004-05-12,1.0
686,6,2004-05-12,1.0
599,105,2004-05-12,1.0
144,975,2004-05-12,1.0
103,975,2004-05-12,1.0
874,254,2004-05-12,1.0
874,498,2004-05-12,1.0
542,460,2004-05-12,1.0
783,998,2004-05-12,1.0
144,103,2004-05-12,1.0
998,783,2004-05-12,1.0
103,144,2004-05-12,1.0
483,768,2004-05-12,1.0
103,798,2004-05-12,1.0
548,913,2004-05-12,1.0
542,504,2004-05-12,1.0
686,667,2004-05-12,1.0
542,598,2004-05-12,1.0
1005,482,2004-05-12,1.0
969,949,2004-05-12,1.0
523,549,2004-05-12,1.0
933,783,2004-05-12,1.0
881,999,2004-05-12,1.0
642,1024,2004-05-12,1.0
928,714,2004-05-12,1.0
27,481,2004-05-12,1.0
1004,687,2004-05-12,1.0
687,1004,2004-05-12,1.0
482,1005,2004-05-12,1.0
212,211,2004-05-12,1.0
481,992,2004-05-12,1.0
1003,1000,2004-05-12,1.0
252,391,2004-05-12,1.0
964,212,2004-05-12,1.0
966,318,2004-05-12,1.0
638,103,2004-05-12,1.0
638,105,2004-05-12,1.0
462,26,2004-05-12,1.0
777,721,2004-05-12,1.0
851,302,2004-05-12,1.0
244,142,2004-05-12,1.0
851,1014,2004-05-12,1.0
26,462,2004-05-12,1.0
851,679,2004-05-12,1.0
26,1014,2004-05-12,1.0
949,969,2004-05-12,1.0
244,448,2004-05-12,1.0
244,586,2004-05-12,1.0
834,144,2004-05-12,1.0
105,1027,2004-05-12,1.0
105,1021,2004-05-12,1.0
105,599,2004-05-12,1.0
342,638,2004-05-12,1.0
638,939,2004-05-12,1.0
539,975,2004-05-12,1.0
442,635,2004-05-12,1.0
509,364,2004-05-12,1.0
509,260,2004-05-12,1.0
509,236,2004-05-12,1.0
509,140,2004-05-12,1.0
966,617,2004-05-12,1.0
638,1001,2004-05-12,1.0
212,439,2004-05-12,1.0
509,454,2004-05-12,1.0
997,142,2004-05-12,1.0
1,1014,2004-05-12,1.0
638,342,2004-05-12,1.0
638,996,2004-05-12,1.0
308,1026,2004-05-12,1.0
339,212,2004-05-12,1.0
979,978,2004-05-12,1.0
250,513,2004-05-12,1.0
84,639,2004-05-12,1.0
504,542,2004-05-12,1.0
498,831,2004-05-12,1.0
1025,795,2004-05-12,1.0
252,687,2004-05-12,1.0
704,1026,2004-05-12,1.0
425,765,2004-05-12,1.0
42,726,2004-05-12,1.0
481,975,2004-05-12,1.0
42,163,2004-05-12,1.0
68,391,2004-05-12,1.0
84,638,2004-05-12,1.0
84,1000,2004-05-12,1.0
84,391,2004-05-12,1.0
84,765,2004-05-12,1.0
933,765,2004-05-12,1.0
683,48,2004-05-12,1.0
338,454,2004-05-12,1.0
783,1025,2004-05-12,1.0
103,988,2004-05-12,1.0
721,781,2004-05-12,1.0
539,765,2004-05-12,1.0
144,1017,2004-05-12,1.0
9,711,2004-05-12,1.0
9,8,2004-05-12,1.0
144,515,2004-05-12,1.0
27,479,2004-05-12,1.0
770,484,2004-05-12,1.0
297,337,2004-05-12,1.0
391,263,2004-05-12,1.0
144,1004,2004-05-12,1.0
400,447,2004-05-12,1.0
418,711,2004-05-12,1.0
840,590,2004-05-12,1.0
337,297,2004-05-12,1.0
144,142,2004-05-12,1.0
323,642,2004-05-12,1.0
400,973,2004-05-12,1.0
400,396,2004-05-12,1.0
479,27,2004-05-12,1.0
263,391,2004-05-12,1.0
1019,439,2004-05-12,1.0
1004,144,2004-05-12,1.0
667,840,2004-05-12,1.0
758,681,2004-05-12,1.0
1019,588,2004-05-12,1.0
323,557,2004-05-12,1.0
144,1018,2004-05-12,1.0
323,834,2004-05-12,1.0
871,721,2004-05-12,1.0
716,429,2004-05-12,1.0
603,814,2004-05-12,1.0
667,686,2004-05-12,1.0
73,63,2004-05-12,1.0
652,115,2004-05-12,1.0
144,189,2004-05-12,1.0
652,190,2004-05-12,1.0
831,1004,2004-05-12,1.0
629,713,2004-05-12,1.0
617,462,2004-05-12,1.0
1004,831,2004-05-12,1.0
337,840,2004-05-12,1.0
1014,1,2004-05-12,1.0
652,215,2004-05-12,1.0
588,953,2004-05-12,1.0
193,233,2004-05-12,1.0
557,561,2004-05-12,1.0
681,758,2004-05-12,1.0
307,317,2004-05-12,1.0
652,1016,2004-05-12,1.0
652,1015,2004-05-12,1.0
758,834,2004-05-12,1.0
144,121,2004-05-12,1.0
617,73,2004-05-12,1.0
263,642,2004-05-12,1.0
652,35,2004-05-12,1.0
41,901,2004-05-12,1.0
642,263,2004-05-12,1.0
652,761,2004-05-12,1.0
9,788,2004-05-12,1.0
1019,676,2004-05-12,1.0
667,391,2004-05-12,1.0
679,310,2004-05-12,1.0
181,766,2004-05-12,1.0
144,479,2004-05-12,1.0
181,454,2004-05-12,1.0
181,495,2004-05-12,1.0
988,771,2004-05-12,1.0
1004,437,2004-05-12,1.0
479,144,2004-05-12,1.0
95,63,2004-05-12,1.0
942,454,2004-05-12,1.0
448,840,2004-05-12,1.0
771,988,2004-05-12,1.0
339,463,2004-05-12,1.0
871,391,2004-05-12,1.0
144,834,2004-05-12,1.0
586,687,2004-05-12,1.0
492,835,2004-05-12,1.0
1019,555,2004-05-12,1.0
323,373,2004-05-12,1.0
144,1023,2004-05-12,1.0
144,996,2004-05-12,1.0
835,492,2004-05-12,1.0
1018,53,2004-05-12,1.0
418,1024,2004-05-12,1.0
1018,561,2004-05-12,1.0
373,1023,2004-05-12,1.0
95,712,2004-05-12,1.0
204,298,2004-05-12,1.0
714,928,2004-05-12,1.0
189,144,2004-05-12,1.0
501,768,2004-05-12,1.0
787,720,2004-05-12,1.0
992,481,2004-05-12,1.0
181,765,2004-05-12,1.0
204,418,2004-05-12,1.0
555,1019,2004-05-12,1.0
73,617,2004-05-12,1.0
563,239,2004-05-12,1.0
323,400,2004-05-12,1.0
716,840,2004-05-12,1.0
9,212,2004-05-12,1.0
1019,402,2004-05-12,1.0
603,375,2004-05-12,1.0
721,777,2004-05-12,1.0
323,643,2004-05-12,1.0
721,782,2004-05-12,1.0
1014,1020,2004-05-12,1.0
9,318,2004-05-12,1.0
143,681,2004-05-12,1.0
1017,144,2004-05-12,1.0
143,6,2004-05-12,1.0
871,765,2004-05-12,1.0
144,1022,2004-05-12,1.0
928,652,2004-05-12,1.0
176,1021,2004-05-12,1.0
249,44,2004-05-12,1.0
840,716,2004-05-12,1.0
563,97,2004-05-12,1.0
840,667,2004-05-12,1.0
1004,194,2004-05-12,1.0
991,286,2004-05-12,1.0
555,992,2004-05-12,1.0
447,400,2004-05-12,1.0
60,308,2004-05-12,1.0
454,992,2004-05-12,1.0
679,317,2004-05-12,1.0
57,596,2004-05-12,1.0
368,992,2004-05-12,1.0
308,373,2004-05-12,1.0
373,308,2004-05-12,1.0
992,454,2004-05-12,1.0
308,60,2004-05-12,1.0
992,368,2004-05-12,1.0
8,250,2004-05-12,1.0
250,475,2004-05-12,1.0
475,250,2004-05-12,1.0
308,1004,2004-05-12,1.0
652,324,2004-05-12,1.0
250,8,2004-05-12,1.0
626,308,2004-05-12,1.0
468,475,2004-05-12,1.0
992,373,2004-05-12,1.0
308,783,2004-05-12,1.0
373,992,2004-05-12,1.0
1004,639,2004-05-12,1.0
67,63,2004-05-12,1.0
388,212,2004-05-12,1.0
60,679,2004-05-12,1.0
388,639,2004-05-12,1.0
161,30,2004-05-12,1.0
308,626,2004-05-12,1.0
765,871,2004-05-12,1.0
475,468,2004-05-12,1.0
250,502,2004-05-12,1.0
599,998,2004-05-12,1.0
204,667,2004-05-12,1.0
622,638,2004-05-12,1.0
622,592,2004-05-12,1.0
697,966,2004-05-12,1.0
212,590,2004-05-12,1.0
212,388,2004-05-12,1.0
998,599,2004-05-12,1.0
873,144,2004-05-12,1.0
495,498,2004-05-12,1.0
250,204,2004-05-12,1.0
143,163,2004-05-12,1.0
949,260,2004-05-12,1.0
386,422,2004-05-12,1.0
588,250,2004-05-12,1.0
926,992,2004-05-12,1.0
588,1019,2004-05-12,1.0
639,388,2004-05-12,1.0
639,590,2004-05-12,1.0
639,509,2004-05-12,1.0
595,372,2004-05-12,1.0
242,389,2004-05-12,1.0
250,943,2004-05-12,1.0
8,1000,2004-05-12,1.0
639,84,2004-05-12,1.0
765,425,2004-05-12,1.0
1004,463,2004-05-12,1.0
765,933,2004-05-12,1.0
679,465,2004-05-12,1.0
193,314,2004-05-12,1.0
151,971,2004-05-12,1.0
770,815,2004-05-12,1.0
448,244,2004-05-12,1.0
1000,8,2004-05-12,1.0
701,88,2004-05-12,1.0
770,817,2004-05-12,1.0
679,72,2004-05-12,1.0
1033,590,2004-05-12,1.0
228,815,2004-05-12,1.0
770,701,2004-05-12,1.0
590,1033,2004-05-12,1.0
296,1000,2004-05-12,1.0
701,60,2004-05-12,1.0
770,61,2004-05-12,1.0
783,308,2004-05-12,1.0
593,768,2004-05-12,1.0
311,317,2004-05-12,1.0
250,561,2004-05-12,1.0
72,679,2004-05-12,1.0
644,378,2004-05-12,1.0
561,250,2004-05-12,1.0
193,686,2004-05-12,1.0
831,1031,2004-05-12,1.0
561,281,2004-05-12,1.0
583,209,2004-05-12,1.0
48,683,2004-05-12,1.0
942,654,2004-05-12,1.0
639,1004,2004-05-12,1.0
418,1000,2004-05-12,1.0
992,555,2004-05-12,1.0
1019,388,2004-05-12,1.0
939,638,2004-05-12,1.0
97,559,2004-05-12,1.0
48,986,2004-05-12,1.0
1028,1032,2004-05-12,1.0
986,48,2004-05-12,1.0
114,400,2004-05-12,1.0
1031,707,2004-05-12,1.0
986,418,2004-05-12,1.0
1031,831,2004-05-12,1.0
986,652,2004-05-12,1.0
679,60,2004-05-12,1.0
468,277,2004-05-12,1.0
1030,620,2004-05-12,1.0
127,63,2004-05-12,1.0
314,992,2004-05-12,1.0
163,42,2004-05-12,1.0
1014,132,2004-05-12,1.0
314,228,2004-05-12,1.0
617,431,2004-05-12,1.0
431,617,2004-05-12,1.0
143,966,2004-05-12,1.0
143,201,2004-05-12,1.0
871,988,2004-05-12,1.0
817,679,2004-05-12,1.0
771,992,2004-05-12,1.0
1014,26,2004-05-12,1.0
866,203,2004-05-12,1.0
617,704,2004-05-12,1.0
676,1019,2004-05-12,1.0
679,817,2004-05-12,1.0
617,74,2004-05-12,1.0
63,73,2004-05-12,1.0
513,250,2004-05-12,1.0
132,1014,2004-05-12,1.0
592,74,2004-05-12,1.0
592,1014,2004-05-12,1.0
63,95,2004-05-12,1.0
559,97,2004-05-12,1.0
590,587,2004-05-12,1.0
439,1019,2004-05-12,1.0
402,1019,2004-05-12,1.0
761,652,2004-05-12,1.0
439,212,2004-05-12,1.0
871,1026,2004-05-12,1.0
834,758,2004-05-12,1.0
617,681,2004-05-12,1.0
297,999,2004-05-12,1.0
260,950,2004-05-12,1.0
297,252,2004-05-12,1.0
27,794,2004-05-12,1.0
777,1021,2004-05-12,1.0
617,103,2004-05-12,1.0
509,707,2004-05-12,1.0
509,513,2004-05-12,1.0
999,297,2004-05-12,1.0
391,84,2004-05-12,1.0
391,68,2004-05-12,1.0
391,252,2004-05-12,1.0
391,667,2004-05-12,1.0
431,975,2004-05-12,1.0
260,949,2004-05-12,1.0
926,73,2004-05-12,1.0
1000,418,2004-05-12,1.0
454,181,2004-05-12,1.0
454,338,2004-05-12,1.0
992,926,2004-05-12,1.0
454,942,2004-05-12,1.0
779,249,2004-05-12,1.0
103,638,2004-05-12,1.0
779,581,2004-05-12,1.0
771,969,2004-05-12,1.0
462,992,2004-05-12,1.0
926,557,2004-05-12,1.0
617,966,2004-05-12,1.0
1028,260,2004-05-12,1.0
260,509,2004-05-12,1.0
260,174,2004-05-12,1.0
1000,84,2004-05-12,1.0
408,254,2004-05-12,1.0
209,583,2004-05-12,1.0
281,561,2004-05-12,1.0
204,777,2004-05-12,1.0
667,389,2004-05-12,1.0
400,314,2004-05-12,1.0
667,204,2004-05-12,1.0
915,901,2004-05-12,1.0
400,428,2004-05-12,1.0
204,42,2004-05-12,1.0
400,463,2004-05-12,1.0
679,404,2004-05-12,1.0
697,645,2004-05-12,1.0
372,595,2004-05-12,1.0
463,339,2004-05-12,1.0
36,770,2004-05-12,1.0
463,400,2004-05-12,1.0
966,697,2004-05-12,1.0
463,687,2004-05-12,1.0
400,323,2004-05-12,1.0
463,469,2004-05-12,1.0
463,1004,2004-05-12,1.0
400,173,2004-05-12,1.0
598,542,2004-05-12,1.0
498,495,2004-05-12,1.0
398,313,2004-05-12,1.0
765,252,2004-05-12,1.0
586,1029,2004-05-12,1.0
400,402,2004-05-12,1.0
400,866,2004-05-12,1.0
67,281,2004-05-12,1.0
595,624,2004-05-12,1.0
1014,592,2004-05-12,1.0
595,41,2004-05-12,1.0
400,601,2004-05-12,1.0
460,542,2004-05-12,1.0
800,740,2004-05-12,1.0
254,408,2004-05-12,1.0
254,874,2004-05-12,1.0
42,325,2004-05-12,1.0
27,42,2004-05-12,1.0
995,318,2004-05-12,1.0
30,162,2004-05-12,1.0
679,30,2004-05-12,1.0
400,592,2004-05-12,1.0
551,992,2004-05-12,1.0
400,504,2004-05-12,1.0
765,84,2004-05-12,1.0
400,286,2004-05-12,1.0
765,181,2004-05-12,1.0
400,543,2004-05-12,1.0
495,181,2004-05-12,1.0
400,798,2004-05-12,1.0
437,1004,2004-05-12,1.0
557,323,2004-05-12,1.0
978,199,2004-05-12,1.0
978,704,2004-05-12,1.0
978,979,2004-05-12,1.0
291,520,2004-05-12,1.0
291,42,2004-05-12,1.0
103,978,2004-05-12,1.0
1002,32,2004-05-12,1.0
978,974,2004-05-12,1.0
978,176,2004-05-12,1.0
978,41,2004-05-12,1.0
978,586,2004-05-12,1.0
58,811,2004-05-12,1.0
537,942,2004-05-12,1.0
581,779,2004-05-12,1.0
484,297,2004-05-12,1.0
501,191,2004-05-12,1.0
783,103,2004-05-12,1.0
988,372,2004-05-12,1.0
495,831,2004-05-12,1.0
41,938,2004-05-12,1.0
297,484,2004-05-12,1.0
652,513,2004-05-12,1.0
73,926,2004-05-12,1.0
617,508,2004-05-12,1.0
504,131,2004-05-12,1.0
617,734,2004-05-12,1.0
73,991,2004-05-12,1.0
617,403,2004-05-12,1.0
73,379,2004-05-12,1.0
988,103,2004-05-12,1.0
988,681,2004-05-12,1.0
32,938,2004-05-12,1.0
712,189,2004-05-12,1.0
103,783,2004-05-12,1.0
176,1001,2004-05-12,1.0
308,520,2004-05-12,1.0
103,708,2004-05-12,1.0
938,32,2004-05-12,1.0
986,103,2004-05-12,1.0
991,73,2004-05-12,1.0
103,151,2004-05-12,1.0
484,770,2004-05-12,1.0
986,73,2004-05-12,1.0
823,498,2004-05-12,1.0
32,991,2004-05-12,1.0
986,619,2004-05-12,1.0
63,297,2004-05-12,1.0
719,109,2004-05-12,1.0
297,950,2004-05-12,1.0
70,400,2004-05-12,1.0
986,552,2004-05-12,1.0
679,396,2004-05-12,1.0
988,634,2004-05-12,1.0
67,938,2004-05-12,1.0
482,297,2004-05-12,1.0
969,557,2004-05-12,1.0
396,679,2004-05-12,1.0
557,926,2004-05-12,1.0
483,193,2004-05-12,1.0
297,482,2004-05-12,1.0
950,297,2004-05-12,1.0
758,741,2004-05-12,1.0
950,260,2004-05-12,1.0
658,884,2004-05-12,1.0
193,483,2004-05-12,1.0
557,969,2004-05-12,1.0
308,332,2004-05-12,1.0
915,823,2004-05-12,1.0
32,1005,2004-05-12,1.0
193,708,2004-05-12,1.0
44,249,2004-05-12,1.0
332,308,2004-05-12,1.0
372,831,2004-05-12,1.0
67,928,2004-05-12,1.0
332,527,2004-05-12,1.0
527,332,2004-05-12,1.0
1001,176,2004-05-12,1.0
681,388,2004-05-12,1.0
498,389,2004-05-12,1.0
498,823,2004-05-12,1.0
814,297,2004-05-12,1.0
286,991,2004-05-12,1.0
9,27,2004-05-12,1.0
323,991,2004-05-12,1.0
545,992,2004-05-12,1.0
938,41,2004-05-12,1.0
1000,1003,2004-05-12,1.0
379,73,2004-05-12,1.0
297,814,2004-05-12,1.0
687,586,2004-05-12,1.0
325,938,2004-05-12,1.0
809,103,2004-05-12,1.0
189,712,2004-05-12,1.0
586,978,2004-05-12,1.0
323,645,2004-05-12,1.0
586,244,2004-05-12,1.0
681,988,2004-05-12,1.0
586,513,2004-05-12,1.0
483,782,2004-05-12,1.0
103,938,2004-05-12,1.0
991,194,2004-05-12,1.0
345,346,2004-05-12,1.0
345,103,2004-05-12,1.0
999,881,2004-05-12,1.0
726,42,2004-05-12,1.0
617,728,2004-05-12,1.0
103,462,2004-05-12,1.0
998,990,2004-05-12,1.0
63,990,2004-05-12,1.0
708,834,2004-05-12,1.0
63,996,2004-05-12,1.0
990,63,2004-05-12,1.0
996,63,2004-05-12,1.0
12,766,2004-05-12,1.0
996,27,2004-05-12,1.0
456,394,2004-05-12,1.0
345,95,2004-05-12,1.0
27,996,2004-05-12,1.0
67,1000,2004-05-12,1.0
590,513,2004-05-12,1.0
998,713,2004-05-12,1.0
103,345,2004-05-12,1.0
400,70,2004-05-12,1.0
97,687,2004-05-12,1.0
928,965,2004-05-12,1.0
996,97,2004-05-12,1.0
346,590,2004-05-12,1.0
63,127,2004-05-12,1.0
63,949,2004-05-12,1.0
996,277,2004-05-12,1.0
840,176,2004-05-12,1.0
840,337,2004-05-12,1.0
840,448,2004-05-12,1.0
12,101,2004-05-12,1.0
509,272,2004-05-12,1.0
965,928,2004-05-12,1.0
766,372,2004-05-12,1.0
513,950,2004-05-12,1.0
996,69,2004-05-12,1.0
83,840,2004-05-12,1.0
513,590,2004-05-12,1.0
766,181,2004-05-12,1.0
513,586,2004-05-12,1.0
513,785,2004-05-12,1.0
513,652,2004-05-12,1.0
1005,32,2004-05-12,1.0
915,654,2004-05-12,1.0
950,513,2004-05-12,1.0
323,68,2004-05-12,1.0
252,513,2004-05-12,1.0
770,938,2004-05-12,1.0
163,686,2004-05-12,1.0
314,103,2004-05-12,1.0
314,479,2004-05-12,1.0
679,962,2004-05-12,1.0
103,460,2004-05-12,1.0
462,103,2004-05-12,1.0
950,823,2004-05-12,1.0
687,97,2004-05-12,1.0
823,915,2004-05-12,1.0
991,992,2004-05-12,1.0
991,986,2004-05-12,1.0
823,950,2004-05-12,1.0
323,753,2004-05-12,1.0
991,32,2004-05-12,1.0
296,516,2004-05-12,1.0
785,513,2004-05-12,1.0
314,372,2004-05-12,1.0
962,679,2004-05-12,1.0
403,617,2004-05-12,1.0
652,954,2004-05-12,1.0
68,938,2004-05-12,1.0
938,67,2004-05-12,1.0
938,68,2004-05-12,1.0
297,327,2004-05-12,1.0
484,913,2004-05-12,1.0
297,63,2004-05-12,1.0
933,840,2004-05-12,1.0
322,652,2004-05-12,1.0
143,103,2004-05-12,1.0
143,542,2004-05-12,1.0
938,325,2004-05-12,1.0
346,840,2004-05-12,1.0
176,840,2004-05-12,1.0
346,345,2004-05-12,1.0
372,988,2004-05-12,1.0
314,131,2004-05-12,1.0
314,966,2004-05-12,1.0
297,131,2004-05-12,1.0
834,323,2004-05-12,1.0
596,989,2004-05-12,1.0
131,297,2004-05-12,1.0
830,389,2004-05-12,1.0
128,934,2004-05-12,1.0
407,372,2004-05-12,1.0
1004,596,2004-05-12,1.0
830,621,2004-05-12,1.0
777,992,2004-05-12,1.0
132,318,2004-05-12,1.0
596,1004,2004-05-12,1.0
840,346,2004-05-12,1.0
686,74,2004-05-12,1.0
398,1013,2004-05-12,1.0
479,642,2004-05-12,1.0
993,815,2004-05-12,1.0
642,323,2004-05-12,1.0
479,713,2004-05-12,1.0
204,949,2004-05-12,1.0
314,400,2004-05-12,1.0
840,317,2004-05-12,1.0
915,536,2004-05-12,1.0
429,950,2004-05-12,1.0
871,429,2004-05-12,1.0
621,593,2004-05-12,1.0
372,766,2004-05-12,1.0
950,429,2004-05-12,1.0
41,595,2004-05-12,1.0
407,765,2004-05-12,1.0
810,349,2004-05-12,1.0
596,73,2004-05-12,1.0
768,501,2004-05-12,1.0
815,1004,2004-05-12,1.0
372,314,2004-05-12,1.0
652,928,2004-05-12,1.0
557,708,2004-05-12,1.0
536,915,2004-05-12,1.0
316,355,2004-05-12,1.0
621,830,2004-05-12,1.0
131,1008,2004-05-12,1.0
642,479,2004-05-12,1.0
605,272,2004-05-12,1.0
561,557,2004-05-12,1.0
901,915,2004-05-12,1.0
212,555,2004-05-12,1.0
642,640,2004-05-12,1.0
590,835,2004-05-12,1.0
378,407,2004-05-12,1.0
901,41,2004-05-12,1.0
831,372,2004-05-12,1.0
73,596,2004-05-12,1.0
378,644,2004-05-12,1.0
1004,308,2004-05-12,1.0
687,463,2004-05-12,1.0
567,823,2004-05-12,1.0
652,265,2004-05-12,1.0
233,193,2004-05-12,1.0
418,966,2004-05-12,1.0
407,378,2004-05-12,1.0
418,580,2004-05-12,1.0
590,840,2004-05-12,1.0
966,314,2004-05-12,1.0
372,407,2004-05-12,1.0
768,483,2004-05-12,1.0
6,686,2004-05-12,1.0
640,642,2004-05-12,1.0
479,314,2004-05-12,1.0
835,590,2004-05-12,1.0
567,713,2004-05-12,1.0
303,298,2004-05-12,1.0
131,314,2004-05-12,1.0
1000,302,2004-05-12,1.0
821,475,2004-05-12,1.0
567,47,2004-05-12,1.0
142,475,2004-05-12,1.0
551,371,2004-05-12,1.0
317,311,2004-05-12,1.0
317,840,2004-05-12,1.0
595,176,2004-05-12,1.0
176,595,2004-05-12,1.0
520,291,2004-05-12,1.0
1004,815,2004-05-12,1.0
884,658,2004-05-12,1.0
212,1004,2004-05-12,1.0
142,997,2004-05-12,1.0
869,498,2004-05-12,1.0
372,1005,2004-05-12,1.0
596,103,2004-05-12,1.0
1008,1004,2004-05-12,1.0
964,847,2004-05-12,1.0
708,193,2004-05-12,1.0
325,379,2004-05-12,1.0
323,1006,2004-05-12,1.0
708,103,2004-05-12,1.0
704,978,2004-05-12,1.0
826,925,2004-05-12,1.0
1004,212,2004-05-12,1.0
520,308,2004-05-12,1.0
1005,372,2004-05-12,1.0
323,1007,2004-05-12,1.0
212,964,2004-05-12,1.0
686,163,2004-05-12,1.0
996,323,2004-05-12,1.0
1005,878,2004-05-12,1.0
142,73,2004-05-12,1.0
1004,1012,2004-05-12,1.0
1004,598,2004-05-12,1.0
463,293,2004-05-12,1.0
317,1011,2004-05-12,1.0
142,244,2004-05-12,1.0
463,1010,2004-05-12,1.0
463,748,2004-05-12,1.0
317,394,2004-05-12,1.0
73,142,2004-05-12,1.0
645,323,2004-05-12,1.0
469,598,2004-05-12,1.0
871,371,2004-05-12,1.0
469,463,2004-05-12,1.0
302,1000,2004-05-12,1.0
72,966,2004-05-12,1.0
966,72,2004-05-12,1.0
372,818,2004-05-12,1.0
204,456,2004-05-12,1.0
204,999,2004-05-12,1.0
74,686,2004-05-12,1.0
460,608,2004-05-12,1.0
323,996,2004-05-12,1.0
460,934,2004-05-12,1.0
389,652,2004-05-12,1.0
498,869,2004-05-12,1.0
652,460,2004-05-12,1.0
317,408,2004-05-12,1.0
818,357,2004-05-12,1.0
389,830,2004-05-12,1.0
388,681,2004-05-12,1.0
463,1009,2004-05-12,1.0
711,873,2004-05-12,1.0
498,495,2004-05-13,1.0
318,995,2004-05-13,1.0
377,1047,2004-05-13,1.0
517,586,2004-05-13,1.0
1014,1046,2004-05-13,1.0
770,36,2004-05-13,1.0
1033,379,2004-05-13,1.0
658,990,2004-05-13,1.0
638,991,2004-05-13,1.0
41,1041,2004-05-13,1.0
800,495,2004-05-13,1.0
638,939,2004-05-13,1.0
638,758,2004-05-13,1.0
341,323,2004-05-13,1.0
990,658,2004-05-13,1.0
638,996,2004-05-13,1.0
250,323,2004-05-13,1.0
990,277,2004-05-13,1.0
323,341,2004-05-13,1.0
638,622,2004-05-13,1.0
193,686,2004-05-13,1.0
969,557,2004-05-13,1.0
36,770,2004-05-13,1.0
1046,1014,2004-05-13,1.0
981,1021,2004-05-13,1.0
781,721,2004-05-13,1.0
1037,274,2004-05-13,1.0
810,323,2004-05-13,1.0
557,969,2004-05-13,1.0
394,456,2004-05-13,1.0
1041,41,2004-05-13,1.0
595,372,2004-05-13,1.0
377,790,2004-05-13,1.0
495,1000,2004-05-13,1.0
595,41,2004-05-13,1.0
495,498,2004-05-13,1.0
658,884,2004-05-13,1.0
377,871,2004-05-13,1.0
101,282,2004-05-13,1.0
1040,1045,2004-05-13,1.0
701,858,2004-05-13,1.0
840,74,2004-05-13,1.0
1006,323,2004-05-13,1.0
643,638,2004-05-13,1.0
323,1006,2004-05-13,1.0
168,400,2004-05-13,1.0
323,999,2004-05-13,1.0
228,392,2004-05-13,1.0
168,834,2004-05-13,1.0
794,27,2004-05-13,1.0
643,323,2004-05-13,1.0
964,555,2004-05-13,1.0
1042,527,2004-05-13,1.0
999,323,2004-05-13,1.0
109,1000,2004-05-13,1.0
323,643,2004-05-13,1.0
392,228,2004-05-13,1.0
277,990,2004-05-13,1.0
999,969,2004-05-13,1.0
377,475,2004-05-13,1.0
830,605,2004-05-13,1.0
143,1037,2004-05-13,1.0
41,595,2004-05-13,1.0
143,201,2004-05-13,1.0
517,1048,2004-05-13,1.0
638,103,2004-05-13,1.0
447,1037,2004-05-13,1.0
901,915,2004-05-13,1.0
800,393,2004-05-13,1.0
686,193,2004-05-13,1.0
765,84,2004-05-13,1.0
393,800,2004-05-13,1.0
318,325,2004-05-13,1.0
765,830,2004-05-13,1.0
325,1049,2004-05-13,1.0
318,966,2004-05-13,1.0
228,314,2004-05-13,1.0
999,297,2004-05-13,1.0
686,27,2004-05-13,1.0
249,779,2004-05-13,1.0
785,786,2004-05-13,1.0
323,966,2004-05-13,1.0
1040,1000,2004-05-13,1.0
1000,712,2004-05-13,1.0
323,88,2004-05-13,1.0
701,640,2004-05-13,1.0
701,72,2004-05-13,1.0
41,277,2004-05-13,1.0
1000,1040,2004-05-13,1.0
1000,992,2004-05-13,1.0
1000,1034,2004-05-13,1.0
966,323,2004-05-13,1.0
1000,701,2004-05-13,1.0
640,701,2004-05-13,1.0
1000,1041,2004-05-13,1.0
644,378,2004-05-13,1.0
393,291,2004-05-13,1.0
1000,286,2004-05-13,1.0
1037,712,2004-05-13,1.0
193,118,2004-05-13,1.0
681,802,2004-05-13,1.0
1000,420,2004-05-13,1.0
88,323,2004-05-13,1.0
1000,8,2004-05-13,1.0
686,341,2004-05-13,1.0
176,277,2004-05-13,1.0
483,768,2004-05-13,1.0
32,825,2004-05-13,1.0
851,1014,2004-05-13,1.0
770,63,2004-05-13,1.0
567,311,2004-05-13,1.0
277,176,2004-05-13,1.0
557,605,2004-05-13,1.0
325,712,2004-05-13,1.0
851,162,2004-05-13,1.0
338,454,2004-05-13,1.0
1000,495,2004-05-13,1.0
336,536,2004-05-13,1.0
1000,154,2004-05-13,1.0
1000,419,2004-05-13,1.0
1000,862,2004-05-13,1.0
686,1000,2004-05-13,1.0
770,175,2004-05-13,1.0
1037,460,2004-05-13,1.0
667,204,2004-05-13,1.0
605,830,2004-05-13,1.0
767,63,2004-05-13,1.0
302,557,2004-05-13,1.0
557,302,2004-05-13,1.0
1037,900,2004-05-13,1.0
770,311,2004-05-13,1.0
762,713,2004-05-13,1.0
1033,437,2004-05-13,1.0
1000,686,2004-05-13,1.0
394,422,2004-05-13,1.0
72,701,2004-05-13,1.0
527,32,2004-05-13,1.0
679,60,2004-05-13,1.0
212,439,2004-05-13,1.0
1000,65,2004-05-13,1.0
1037,447,2004-05-13,1.0
1000,140,2004-05-13,1.0
1000,366,2004-05-13,1.0
1000,825,2004-05-13,1.0
1000,480,2004-05-13,1.0
1000,135,2004-05-13,1.0
1000,1026,2004-05-13,1.0
236,1043,2004-05-13,1.0
394,317,2004-05-13,1.0
281,67,2004-05-13,1.0
1000,109,2004-05-13,1.0
1000,410,2004-05-13,1.0
1000,118,2004-05-13,1.0
527,1042,2004-05-13,1.0
311,567,2004-05-13,1.0
189,712,2004-05-13,1.0
626,224,2004-05-13,1.0
142,144,2004-05-13,1.0
142,244,2004-05-13,1.0
142,997,2004-05-13,1.0
831,1050,2004-05-13,1.0
831,1057,2004-05-13,1.0
752,598,2004-05-13,1.0
586,460,2004-05-13,1.0
536,372,2004-05-13,1.0
392,998,2004-05-13,1.0
392,1054,2004-05-13,1.0
752,1032,2004-05-13,1.0
224,626,2004-05-13,1.0
752,986,2004-05-13,1.0
991,209,2004-05-13,1.0
9,318,2004-05-13,1.0
9,391,2004-05-13,1.0
9,314,2004-05-13,1.0
27,686,2004-05-13,1.0
9,686,2004-05-13,1.0
27,794,2004-05-13,1.0
1038,1026,2004-05-13,1.0
9,938,2004-05-13,1.0
1004,277,2004-05-13,1.0
303,212,2004-05-13,1.0
342,588,2004-05-13,1.0
1039,72,2004-05-13,1.0
1054,639,2004-05-13,1.0
995,318,2004-05-13,1.0
105,1055,2004-05-13,1.0
687,1054,2004-05-13,1.0
1054,687,2004-05-13,1.0
105,713,2004-05-13,1.0
878,1005,2004-05-13,1.0
437,1033,2004-05-13,1.0
1033,1056,2004-05-13,1.0
927,536,2004-05-13,1.0
72,1039,2004-05-13,1.0
60,679,2004-05-13,1.0
60,701,2004-05-13,1.0
928,714,2004-05-13,1.0
536,927,2004-05-13,1.0
536,336,2004-05-13,1.0
242,219,2004-05-13,1.0
242,454,2004-05-13,1.0
523,549,2004-05-13,1.0
626,440,2004-05-13,1.0
615,740,2004-05-13,1.0
342,969,2004-05-13,1.0
342,460,2004-05-13,1.0
32,527,2004-05-13,1.0
884,658,2004-05-13,1.0
1039,1042,2004-05-13,1.0
626,50,2004-05-13,1.0
683,563,2004-05-13,1.0
460,586,2004-05-13,1.0
323,250,2004-05-13,1.0
1038,145,2004-05-13,1.0
431,323,2004-05-13,1.0
323,431,2004-05-13,1.0
350,626,2004-05-13,1.0
638,236,2004-05-13,1.0
377,755,2004-05-13,1.0
323,632,2004-05-13,1.0
242,209,2004-05-13,1.0
638,394,2004-05-13,1.0
454,242,2004-05-13,1.0
626,350,2004-05-13,1.0
50,654,2004-05-13,1.0
1018,502,2004-05-13,1.0
50,626,2004-05-13,1.0
654,50,2004-05-13,1.0
673,1013,2004-05-13,1.0
502,1018,2004-05-13,1.0
616,586,2004-05-13,1.0
1054,392,2004-05-13,1.0
63,770,2004-05-13,1.0
209,242,2004-05-13,1.0
638,1059,2004-05-13,1.0
209,991,2004-05-13,1.0
1038,502,2004-05-13,1.0
752,513,2004-05-13,1.0
966,318,2004-05-13,1.0
201,1053,2004-05-13,1.0
966,617,2004-05-13,1.0
1058,345,2004-05-13,1.0
145,1033,2004-05-13,1.0
250,712,2004-05-13,1.0
144,142,2004-05-13,1.0
549,523,2004-05-13,1.0
460,1023,2004-05-13,1.0
212,321,2004-05-13,1.0
460,542,2004-05-13,1.0
201,143,2004-05-13,1.0
375,603,2004-05-13,1.0
377,482,2004-05-13,1.0
272,605,2004-05-13,1.0
143,1042,2004-05-13,1.0
181,495,2004-05-13,1.0
396,400,2004-05-13,1.0
63,549,2004-05-13,1.0
603,176,2004-05-13,1.0
810,816,2004-05-13,1.0
603,475,2004-05-13,1.0
377,941,2004-05-13,1.0
460,934,2004-05-13,1.0
814,603,2004-05-13,1.0
181,765,2004-05-13,1.0
1042,143,2004-05-13,1.0
603,814,2004-05-13,1.0
442,1041,2004-05-13,1.0
297,482,2004-05-13,1.0
377,950,2004-05-13,1.0
377,289,2004-05-13,1.0
1052,72,2004-05-13,1.0
1037,143,2004-05-13,1.0
442,143,2004-05-13,1.0
1037,682,2004-05-13,1.0
272,632,2004-05-13,1.0
482,297,2004-05-13,1.0
281,561,2004-05-13,1.0
341,686,2004-05-13,1.0
495,800,2004-05-13,1.0
495,1050,2004-05-13,1.0
549,63,2004-05-13,1.0
549,969,2004-05-13,1.0
549,830,2004-05-13,1.0
41,495,2004-05-13,1.0
297,999,2004-05-13,1.0
377,1051,2004-05-13,1.0
924,686,2004-05-13,1.0
176,603,2004-05-13,1.0
586,517,2004-05-13,1.0
1034,938,2004-05-13,1.0
938,1034,2004-05-13,1.0
475,603,2004-05-13,1.0
586,1039,2004-05-13,1.0
392,400,2004-05-13,1.0
144,975,2004-05-13,1.0
495,41,2004-05-13,1.0
495,181,2004-05-13,1.0
144,479,2004-05-13,1.0
560,495,2004-05-13,1.0
495,560,2004-05-13,1.0
1041,546,2004-05-13,1.0
543,400,2004-05-13,1.0
546,1041,2004-05-13,1.0
546,1053,2004-05-13,1.0
144,991,2004-05-13,1.0
1034,1036,2004-05-13,1.0
1021,981,2004-05-13,1.0
189,44,2004-05-13,1.0
423,277,2004-05-13,1.0
542,460,2004-05-13,1.0
144,996,2004-05-13,1.0
602,151,2004-05-13,1.0
144,873,2004-05-13,1.0
392,321,2004-05-13,1.0
72,1052,2004-05-13,1.0
1037,311,2004-05-13,1.0
1037,707,2004-05-13,1.0
308,990,2004-05-13,1.0
72,318,2004-05-13,1.0
1023,460,2004-05-13,1.0
546,823,2004-05-13,1.0
546,809,2004-05-13,1.0
546,475,2004-05-13,1.0
475,546,2004-05-13,1.0
1041,442,2004-05-13,1.0
567,974,2004-05-13,1.0
998,392,2004-05-13,1.0
983,176,2004-05-13,1.0
567,602,2004-05-13,1.0
448,495,2004-05-13,1.0
176,983,2004-05-13,1.0
605,557,2004-05-13,1.0
783,1004,2004-05-13,1.0
975,176,2004-05-13,1.0
975,41,2004-05-13,1.0
334,815,2004-05-13,1.0
975,144,2004-05-13,1.0
777,307,2004-05-13,1.0
277,468,2004-05-13,1.0
777,204,2004-05-13,1.0
777,405,2004-05-13,1.0
372,595,2004-05-13,1.0
372,314,2004-05-13,1.0
372,391,2004-05-13,1.0
176,975,2004-05-13,1.0
966,368,2004-05-13,1.0
758,834,2004-05-13,1.0
758,741,2004-05-13,1.0
73,596,2004-05-13,1.0
645,697,2004-05-13,1.0
368,966,2004-05-13,1.0
712,1037,2004-05-13,1.0
834,758,2004-05-13,1.0
997,12,2004-05-13,1.0
1031,831,2004-05-13,1.0
598,542,2004-05-13,1.0
596,57,2004-05-13,1.0
621,55,2004-05-13,1.0
1022,144,2004-05-13,1.0
725,707,2004-05-13,1.0
1008,1032,2004-05-13,1.0
1022,815,2004-05-13,1.0
958,704,2004-05-13,1.0
425,765,2004-05-13,1.0
704,958,2004-05-13,1.0
1033,325,2004-05-13,1.0
617,966,2004-05-13,1.0
815,1022,2004-05-13,1.0
378,644,2004-05-13,1.0
297,252,2004-05-13,1.0
1033,542,2004-05-13,1.0
297,337,2004-05-13,1.0
815,996,2004-05-13,1.0
88,701,2004-05-13,1.0
1033,548,2004-05-13,1.0
307,777,2004-05-13,1.0
617,681,2004-05-13,1.0
975,939,2004-05-13,1.0
847,868,2004-05-13,1.0
681,617,2004-05-13,1.0
334,1002,2004-05-13,1.0
939,975,2004-05-13,1.0
176,297,2004-05-13,1.0
176,928,2004-05-13,1.0
996,63,2004-05-13,1.0
996,815,2004-05-13,1.0
63,127,2004-05-13,1.0
103,277,2004-05-13,1.0
63,73,2004-05-13,1.0
701,88,2004-05-13,1.0
204,725,2004-05-13,1.0
63,332,2004-05-13,1.0
277,1004,2004-05-13,1.0
332,63,2004-05-13,1.0
831,1031,2004-05-13,1.0
67,63,2004-05-13,1.0
297,176,2004-05-13,1.0
701,1000,2004-05-13,1.0
297,283,2004-05-13,1.0
1033,823,2004-05-13,1.0
176,250,2004-05-13,1.0
770,277,2004-05-13,1.0
176,815,2004-05-13,1.0
176,598,2004-05-13,1.0
815,176,2004-05-13,1.0
758,638,2004-05-13,1.0
815,283,2004-05-13,1.0
252,297,2004-05-13,1.0
277,283,2004-05-13,1.0
1000,1035,2004-05-13,1.0
204,777,2004-05-13,1.0
1004,783,2004-05-13,1.0
596,73,2004-05-13,1.0
391,325,2004-05-13,1.0
391,289,2004-05-13,1.0
391,400,2004-05-13,1.0
634,988,2004-05-13,1.0
815,498,2004-05-13,1.0
667,686,2004-05-13,1.0
325,42,2004-05-13,1.0
996,144,2004-05-13,1.0
325,391,2004-05-13,1.0
996,638,2004-05-13,1.0
938,67,2004-05-13,1.0
938,103,2004-05-13,1.0
938,41,2004-05-13,1.0
32,1034,2004-05-13,1.0
1000,296,2004-05-13,1.0
325,1033,2004-05-13,1.0
701,60,2004-05-13,1.0
741,758,2004-05-13,1.0
244,448,2004-05-13,1.0
808,244,2004-05-13,1.0
249,711,2004-05-13,1.0
204,498,2004-05-13,1.0
204,667,2004-05-13,1.0
204,250,2004-05-13,1.0
391,609,2004-05-13,1.0
391,372,2004-05-13,1.0
498,204,2004-05-13,1.0
296,928,2004-05-13,1.0
124,114,2004-05-13,1.0
296,974,2004-05-13,1.0
296,975,2004-05-13,1.0
176,1026,2004-05-13,1.0
520,308,2004-05-13,1.0
439,212,2004-05-13,1.0
67,281,2004-05-13,1.0
687,463,2004-05-13,1.0
67,132,2004-05-13,1.0
314,372,2004-05-13,1.0
498,449,2004-05-13,1.0
481,783,2004-05-13,1.0
481,27,2004-05-13,1.0
391,68,2004-05-13,1.0
498,815,2004-05-13,1.0
391,667,2004-05-13,1.0
391,555,2004-05-13,1.0
422,386,2004-05-13,1.0
400,463,2004-05-13,1.0
400,114,2004-05-13,1.0
8,1000,2004-05-13,1.0
1035,1000,2004-05-13,1.0
725,952,2004-05-13,1.0
67,938,2004-05-13,1.0
454,338,2004-05-13,1.0
271,277,2004-05-13,1.0
725,697,2004-05-13,1.0
44,770,2004-05-13,1.0
768,483,2004-05-13,1.0
1004,1008,2004-05-13,1.0
609,391,2004-05-13,1.0
1004,69,2004-05-13,1.0
625,662,2004-05-13,1.0
1037,379,2004-05-13,1.0
286,991,2004-05-13,1.0
286,400,2004-05-13,1.0
768,593,2004-05-13,1.0
617,12,2004-05-13,1.0
448,244,2004-05-13,1.0
101,1002,2004-05-13,1.0
242,823,2004-05-13,1.0
770,101,2004-05-13,1.0
400,391,2004-05-13,1.0
770,783,2004-05-13,1.0
1002,101,2004-05-13,1.0
770,975,2004-05-13,1.0
250,204,2004-05-13,1.0
12,391,2004-05-13,1.0
12,766,2004-05-13,1.0
41,975,2004-05-13,1.0
428,400,2004-05-13,1.0
770,928,2004-05-13,1.0
928,296,2004-05-13,1.0
1004,1032,2004-05-13,1.0
561,250,2004-05-13,1.0
938,1035,2004-05-13,1.0
250,561,2004-05-13,1.0
12,997,2004-05-13,1.0
561,281,2004-05-13,1.0
1000,783,2004-05-13,1.0
12,527,2004-05-13,1.0
41,938,2004-05-13,1.0
714,815,2004-05-13,1.0
456,204,2004-05-13,1.0
323,1042,2004-05-13,1.0
758,643,2004-05-13,1.0
642,758,2004-05-13,1.0
1040,41,2004-05-13,1.0
84,765,2004-05-13,1.0
1042,1039,2004-05-13,1.0
1038,1039,2004-05-13,1.0
758,642,2004-05-13,1.0
41,1040,2004-05-13,1.0
714,928,2004-05-13,1.0
1043,236,2004-05-13,1.0
926,557,2004-05-13,1.0
1014,312,2004-05-13,1.0
557,926,2004-05-13,1.0
605,272,2004-05-13,1.0
605,810,2004-05-13,1.0
847,471,2004-05-13,1.0
605,277,2004-05-13,1.0
277,605,2004-05-13,1.0
830,765,2004-05-13,1.0
63,67,2004-05-13,1.0
581,779,2004-05-13,1.0
991,78,2004-05-13,1.0
323,1044,2004-05-13,1.0
758,1044,2004-05-13,1.0
494,389,2004-05-13,1.0
32,1039,2004-05-13,1.0
144,834,2004-05-13,1.0
527,12,2004-05-13,1.0
559,97,2004-05-13,1.0
542,1033,2004-05-13,1.0
74,840,2004-05-13,1.0
189,144,2004-05-13,1.0
542,325,2004-05-13,1.0
325,542,2004-05-13,1.0
323,98,2004-05-13,1.0
712,325,2004-05-13,1.0
555,964,2004-05-13,1.0
712,189,2004-05-13,1.0
712,250,2004-05-13,1.0
145,349,2004-05-13,1.0
728,617,2004-05-13,1.0
391,12,2004-05-13,1.0
701,1006,2004-05-13,1.0
27,481,2004-05-13,1.0
291,393,2004-05-13,1.0
244,808,2004-05-13,1.0
1025,783,2004-05-13,1.0
1038,402,2004-05-13,1.0
323,400,2004-05-13,1.0
162,30,2004-05-13,1.0
725,204,2004-05-13,1.0
632,272,2004-05-13,1.0
346,995,2004-05-13,1.0
654,619,2004-05-13,1.0
991,144,2004-05-13,1.0
1004,991,2004-05-13,1.0
991,638,2004-05-13,1.0
991,1004,2004-05-13,1.0
991,986,2004-05-13,1.0
479,144,2004-05-13,1.0
323,753,2004-05-13,1.0
44,189,2004-05-13,1.0
74,617,2004-05-13,1.0
128,934,2004-05-13,1.0
1022,598,2004-05-13,1.0
697,645,2004-05-13,1.0
1033,768,2004-05-13,1.0
783,1025,2004-05-13,1.0
487,1026,2004-05-13,1.0
934,460,2004-05-13,1.0
555,391,2004-05-13,1.0
1,1014,2004-05-13,1.0
934,128,2004-05-13,1.0
41,1039,2004-05-13,1.0
555,992,2004-05-13,1.0
323,645,2004-05-13,1.0
817,194,2004-05-14,1.0
1056,687,2004-05-14,1.0
687,1056,2004-05-14,1.0
595,590,2004-05-14,1.0
617,701,2004-05-14,1.0
765,252,2004-05-14,1.0
323,632,2004-05-14,1.0
211,212,2004-05-14,1.0
53,250,2004-05-14,1.0
713,609,2004-05-14,1.0
160,783,2004-05-14,1.0
323,687,2004-05-14,1.0
316,955,2004-05-14,1.0
1056,609,2004-05-14,1.0
681,388,2004-05-14,1.0
53,1018,2004-05-14,1.0
681,590,2004-05-14,1.0
840,701,2004-05-14,1.0
590,595,2004-05-14,1.0
50,102,2004-05-14,1.0
388,439,2004-05-14,1.0
517,616,2004-05-14,1.0
679,60,2004-05-14,1.0
713,950,2004-05-14,1.0
242,209,2004-05-14,1.0
950,1026,2004-05-14,1.0
1026,950,2004-05-14,1.0
60,679,2004-05-14,1.0
523,791,2004-05-14,1.0
704,1067,2004-05-14,1.0
1026,609,2004-05-14,1.0
102,50,2004-05-14,1.0
1026,176,2004-05-14,1.0
193,233,2004-05-14,1.0
704,617,2004-05-14,1.0
296,42,2004-05-14,1.0
592,400,2004-05-14,1.0
263,176,2004-05-14,1.0
551,388,2004-05-14,1.0
194,121,2004-05-14,1.0
609,151,2004-05-14,1.0
121,194,2004-05-14,1.0
68,391,2004-05-14,1.0
102,943,2004-05-14,1.0
609,836,2004-05-14,1.0
391,68,2004-05-14,1.0
609,840,2004-05-14,1.0
990,698,2004-05-14,1.0
586,1065,2004-05-14,1.0
704,1053,2004-05-14,1.0
840,609,2004-05-14,1.0
194,817,2004-05-14,1.0
853,400,2004-05-14,1.0
391,325,2004-05-14,1.0
242,454,2004-05-14,1.0
252,765,2004-05-14,1.0
609,783,2004-05-14,1.0
50,654,2004-05-14,1.0
252,783,2004-05-14,1.0
783,609,2004-05-14,1.0
616,517,2004-05-14,1.0
701,840,2004-05-14,1.0
303,212,2004-05-14,1.0
439,388,2004-05-14,1.0
283,72,2004-05-14,1.0
415,997,2004-05-14,1.0
297,609,2004-05-14,1.0
339,1066,2004-05-14,1.0
701,915,2004-05-14,1.0
561,281,2004-05-14,1.0
609,297,2004-05-14,1.0
997,142,2004-05-14,1.0
783,252,2004-05-14,1.0
357,964,2004-05-14,1.0
517,709,2004-05-14,1.0
542,598,2004-05-14,1.0
357,818,2004-05-14,1.0
590,408,2004-05-14,1.0
282,1071,2004-05-14,1.0
738,626,2004-05-14,1.0
542,543,2004-05-14,1.0
357,1068,2004-05-14,1.0
357,626,2004-05-14,1.0
697,73,2004-05-14,1.0
475,468,2004-05-14,1.0
509,454,2004-05-14,1.0
626,590,2004-05-14,1.0
357,938,2004-05-14,1.0
9,391,2004-05-14,1.0
9,938,2004-05-14,1.0
1004,463,2004-05-14,1.0
697,1070,2004-05-14,1.0
986,48,2004-05-14,1.0
986,991,2004-05-14,1.0
986,752,2004-05-14,1.0
543,542,2004-05-14,1.0
543,356,2004-05-14,1.0
1037,311,2004-05-14,1.0
214,1072,2004-05-14,1.0
1037,595,2004-05-14,1.0
214,1068,2004-05-14,1.0
357,1039,2004-05-14,1.0
598,542,2004-05-14,1.0
357,654,2004-05-14,1.0
590,371,2004-05-14,1.0
626,738,2004-05-14,1.0
204,456,2004-05-14,1.0
830,389,2004-05-14,1.0
389,498,2004-05-14,1.0
32,1068,2004-05-14,1.0
323,98,2004-05-14,1.0
586,394,2004-05-14,1.0
542,783,2004-05-14,1.0
830,765,2004-05-14,1.0
44,189,2004-05-14,1.0
841,915,2004-05-14,1.0
1026,1050,2004-05-14,1.0
463,400,2004-05-14,1.0
463,687,2004-05-14,1.0
463,1004,2004-05-14,1.0
463,339,2004-05-14,1.0
204,667,2004-05-14,1.0
204,250,2004-05-14,1.0
204,498,2004-05-14,1.0
204,725,2004-05-14,1.0
517,1065,2004-05-14,1.0
389,830,2004-05-14,1.0
389,667,2004-05-14,1.0
355,316,2004-05-14,1.0
1069,586,2004-05-14,1.0
151,602,2004-05-14,1.0
151,609,2004-05-14,1.0
44,129,2004-05-14,1.0
1068,32,2004-05-14,1.0
145,1033,2004-05-14,1.0
297,242,2004-05-14,1.0
72,194,2004-05-14,1.0
72,283,2004-05-14,1.0
194,289,2004-05-14,1.0
482,194,2004-05-14,1.0
194,72,2004-05-14,1.0
242,389,2004-05-14,1.0
687,463,2004-05-14,1.0
389,242,2004-05-14,1.0
32,1042,2004-05-14,1.0
9,1062,2004-05-14,1.0
1064,475,2004-05-14,1.0
783,542,2004-05-14,1.0
794,194,2004-05-14,1.0
542,1033,2004-05-14,1.0
1033,542,2004-05-14,1.0
189,72,2004-05-14,1.0
308,1014,2004-05-14,1.0
194,296,2004-05-14,1.0
437,1033,2004-05-14,1.0
659,413,2004-05-14,1.0
194,1004,2004-05-14,1.0
194,991,2004-05-14,1.0
194,463,2004-05-14,1.0
194,498,2004-05-14,1.0
194,586,2004-05-14,1.0
413,659,2004-05-14,1.0
194,181,2004-05-14,1.0
311,567,2004-05-14,1.0
103,783,2004-05-14,1.0
311,1037,2004-05-14,1.0
783,103,2004-05-14,1.0
42,296,2004-05-14,1.0
915,297,2004-05-14,1.0
915,815,2004-05-14,1.0
1061,1062,2004-05-14,1.0
523,724,2004-05-14,1.0
934,460,2004-05-14,1.0
934,128,2004-05-14,1.0
713,884,2004-05-14,1.0
713,1043,2004-05-14,1.0
713,1028,2004-05-14,1.0
713,1032,2004-05-14,1.0
713,716,2004-05-14,1.0
999,297,2004-05-14,1.0
713,842,2004-05-14,1.0
713,325,2004-05-14,1.0
209,242,2004-05-14,1.0
85,400,2004-05-14,1.0
85,953,2004-05-14,1.0
244,142,2004-05-14,1.0
214,297,2004-05-14,1.0
3,42,2004-05-14,1.0
42,325,2004-05-14,1.0
488,3,2004-05-14,1.0
3,72,2004-05-14,1.0
944,659,2004-05-14,1.0
199,971,2004-05-14,1.0
283,277,2004-05-14,1.0
283,815,2004-05-14,1.0
72,1039,2004-05-14,1.0
686,341,2004-05-14,1.0
687,673,2004-05-14,1.0
377,1019,2004-05-14,1.0
495,41,2004-05-14,1.0
495,498,2004-05-14,1.0
495,181,2004-05-14,1.0
377,790,2004-05-14,1.0
377,103,2004-05-14,1.0
189,712,2004-05-14,1.0
362,765,2004-05-14,1.0
3,488,2004-05-14,1.0
1018,502,2004-05-14,1.0
815,283,2004-05-14,1.0
72,595,2004-05-14,1.0
425,765,2004-05-14,1.0
377,1060,2004-05-14,1.0
595,338,2004-05-14,1.0
481,27,2004-05-14,1.0
595,1037,2004-05-14,1.0
659,595,2004-05-14,1.0
595,659,2004-05-14,1.0
212,1054,2004-05-14,1.0
881,498,2004-05-14,1.0
74,840,2004-05-14,1.0
560,495,2004-05-14,1.0
498,881,2004-05-14,1.0
632,97,2004-05-14,1.0
509,364,2004-05-14,1.0
1033,437,2004-05-14,1.0
509,389,2004-05-14,1.0
603,814,2004-05-14,1.0
777,988,2004-05-14,1.0
777,882,2004-05-14,1.0
1064,783,2004-05-14,1.0
835,1063,2004-05-14,1.0
884,658,2004-05-14,1.0
377,992,2004-05-14,1.0
713,95,2004-05-14,1.0
713,124,2004-05-14,1.0
713,940,2004-05-14,1.0
617,728,2004-05-14,1.0
338,595,2004-05-14,1.0
297,999,2004-05-14,1.0
713,479,2004-05-14,1.0
212,439,2004-05-14,1.0
590,439,2004-05-14,1.0
713,105,2004-05-14,1.0
713,363,2004-05-14,1.0
713,209,2004-05-14,1.0
1023,460,2004-05-14,1.0
840,74,2004-05-14,1.0
68,783,2004-05-14,1.0
212,303,2004-05-14,1.0
783,68,2004-05-14,1.0
1033,149,2004-05-14,1.0
654,50,2004-05-14,1.0
454,509,2004-05-14,1.0
454,242,2004-05-14,1.0
498,194,2004-05-14,1.0
588,342,2004-05-14,1.0
34,313,2004-05-14,1.0
34,282,2004-05-14,1.0
713,242,2004-05-14,1.0
713,629,2004-05-14,1.0
713,542,2004-05-14,1.0
944,569,2004-05-14,1.0
27,481,2004-05-14,1.0
342,502,2004-05-14,1.0
1042,1039,2004-05-14,1.0
67,1042,2004-05-14,1.0
372,536,2004-05-14,1.0
658,884,2004-05-14,1.0
639,1054,2004-05-14,1.0
591,711,2004-05-14,1.0
915,536,2004-05-14,1.0
915,901,2004-05-14,1.0
509,583,2004-05-14,1.0
176,263,2004-05-14,1.0
713,762,2004-05-14,1.0
583,509,2004-05-14,1.0
791,523,2004-05-14,1.0
713,400,2004-05-14,1.0
713,998,2004-05-14,1.0
176,1026,2004-05-14,1.0
713,738,2004-05-14,1.0
9,1039,2004-05-14,1.0
777,502,2004-05-14,1.0
765,425,2004-05-14,1.0
233,193,2004-05-14,1.0
1063,835,2004-05-14,1.0
915,701,2004-05-14,1.0
1026,487,2004-05-14,1.0
915,639,2004-05-14,1.0
586,194,2004-05-14,1.0
536,372,2004-05-14,1.0
114,124,2004-05-14,1.0
586,616,2004-05-14,1.0
194,60,2004-05-15,1.0
194,711,2004-05-15,1.0
194,453,2004-05-15,1.0
194,342,2004-05-15,1.0
194,295,2004-05-15,1.0
194,949,2004-05-15,1.0
194,679,2004-05-15,1.0
194,596,2004-05-15,1.0
194,98,2004-05-15,1.0
194,673,2004-05-15,1.0
194,774,2004-05-15,1.0
194,465,2004-05-15,1.0
189,708,2004-05-15,1.0
189,1068,2004-05-15,1.0
626,590,2004-05-15,1.0
865,1072,2004-05-15,1.0
851,1014,2004-05-15,1.0
42,296,2004-05-15,1.0
1087,1088,2004-05-15,1.0
194,915,2004-05-15,1.0
194,575,2004-05-15,1.0
194,1085,2004-05-15,1.0
194,753,2004-05-15,1.0
194,254,2004-05-15,1.0
194,132,2004-05-15,1.0
915,928,2004-05-15,1.0
194,1063,2004-05-15,1.0
194,376,2004-05-15,1.0
194,404,2004-05-15,1.0
1049,325,2004-05-15,1.0
194,1004,2004-05-15,1.0
194,817,2004-05-15,1.0
194,237,2004-05-15,1.0
194,586,2004-05-15,1.0
194,1039,2004-05-15,1.0
194,527,2004-05-15,1.0
194,815,2004-05-15,1.0
194,598,2004-05-15,1.0
194,125,2004-05-15,1.0
194,644,2004-05-15,1.0
194,1056,2004-05-15,1.0
194,1086,2004-05-15,1.0
194,798,2004-05-15,1.0
194,277,2004-05-15,1.0
194,573,2004-05-15,1.0
509,194,2004-05-15,1.0
638,1042,2004-05-15,1.0
509,872,2004-05-15,1.0
990,523,2004-05-15,1.0
781,701,2004-05-15,1.0
615,509,2004-05-15,1.0
72,1039,2004-05-15,1.0
1039,72,2004-05-15,1.0
277,1032,2004-05-15,1.0
204,176,2004-05-15,1.0
204,1070,2004-05-15,1.0
792,228,2004-05-15,1.0
679,194,2004-05-15,1.0
679,26,2004-05-15,1.0
252,242,2004-05-15,1.0
26,679,2004-05-15,1.0
509,595,2004-05-15,1.0
509,1039,2004-05-15,1.0
1087,341,2004-05-15,1.0
830,389,2004-05-15,1.0
986,915,2004-05-15,1.0
281,561,2004-05-15,1.0
1046,1014,2004-05-15,1.0
999,928,2004-05-15,1.0
834,1068,2004-05-15,1.0
523,176,2004-05-15,1.0
765,1033,2004-05-15,1.0
523,990,2004-05-15,1.0
523,724,2004-05-15,1.0
84,765,2004-05-15,1.0
260,949,2004-05-15,1.0
615,422,2004-05-15,1.0
509,306,2004-05-15,1.0
509,389,2004-05-15,1.0
286,1000,2004-05-15,1.0
638,388,2004-05-15,1.0
194,97,2004-05-15,1.0
810,708,2004-05-15,1.0
194,456,2004-05-15,1.0
1036,475,2004-05-15,1.0
193,847,2004-05-15,1.0
356,543,2004-05-15,1.0
475,1036,2004-05-15,1.0
388,638,2004-05-15,1.0
1080,1072,2004-05-15,1.0
374,248,2004-05-15,1.0
193,626,2004-05-15,1.0
626,193,2004-05-15,1.0
928,999,2004-05-15,1.0
928,714,2004-05-15,1.0
928,103,2004-05-15,1.0
588,1019,2004-05-15,1.0
189,144,2004-05-15,1.0
313,34,2004-05-15,1.0
454,242,2004-05-15,1.0
437,1033,2004-05-15,1.0
990,513,2004-05-15,1.0
801,313,2004-05-15,1.0
555,641,2004-05-15,1.0
101,41,2004-05-15,1.0
460,934,2004-05-15,1.0
679,903,2004-05-15,1.0
389,830,2004-05-15,1.0
1033,765,2004-05-15,1.0
242,823,2004-05-15,1.0
543,356,2004-05-15,1.0
242,389,2004-05-15,1.0
377,313,2004-05-15,1.0
254,1039,2004-05-15,1.0
34,1072,2004-05-15,1.0
555,352,2004-05-15,1.0
1033,847,2004-05-15,1.0
144,834,2004-05-15,1.0
681,388,2004-05-15,1.0
318,72,2004-05-15,1.0
34,313,2004-05-15,1.0
834,144,2004-05-15,1.0
539,1072,2004-05-15,1.0
194,209,2004-05-15,1.0
1068,834,2004-05-15,1.0
619,654,2004-05-15,1.0
194,289,2004-05-15,1.0
194,296,2004-05-15,1.0
194,449,2004-05-15,1.0
194,842,2004-05-15,1.0
194,241,2004-05-15,1.0
194,1084,2004-05-15,1.0
194,131,2004-05-15,1.0
194,242,2004-05-15,1.0
194,222,2004-05-15,1.0
194,913,2004-05-15,1.0
194,619,2004-05-15,1.0
194,1051,2004-05-15,1.0
194,599,2004-05-15,1.0
194,206,2004-05-15,1.0
194,322,2004-05-15,1.0
194,516,2004-05-15,1.0
194,498,2004-05-15,1.0
194,80,2004-05-15,1.0
67,595,2004-05-15,1.0
194,1083,2004-05-15,1.0
297,242,2004-05-15,1.0
297,999,2004-05-15,1.0
34,155,2004-05-15,1.0
928,915,2004-05-15,1.0
794,277,2004-05-15,1.0
1032,1056,2004-05-15,1.0
242,454,2004-05-15,1.0
928,794,2004-05-15,1.0
793,393,2004-05-15,1.0
831,1050,2004-05-15,1.0
422,1060,2004-05-15,1.0
1033,437,2004-05-15,1.0
199,1060,2004-05-15,1.0
765,84,2004-05-15,1.0
341,686,2004-05-15,1.0
704,1091,2004-05-15,1.0
704,1092,2004-05-15,1.0
768,1033,2004-05-15,1.0
1013,673,2004-05-15,1.0
704,1060,2004-05-15,1.0
1013,398,2004-05-15,1.0
873,144,2004-05-15,1.0
768,801,2004-05-15,1.0
536,884,2004-05-15,1.0
1019,439,2004-05-15,1.0
704,1050,2004-05-15,1.0
950,1093,2004-05-15,1.0
1093,950,2004-05-15,1.0
67,173,2004-05-15,1.0
834,626,2004-05-15,1.0
282,34,2004-05-15,1.0
704,768,2004-05-15,1.0
1019,588,2004-05-15,1.0
884,536,2004-05-15,1.0
68,135,2004-05-15,1.0
377,281,2004-05-15,1.0
72,1068,2004-05-15,1.0
143,834,2004-05-15,1.0
394,586,2004-05-15,1.0
67,938,2004-05-15,1.0
67,1072,2004-05-15,1.0
131,194,2004-05-15,1.0
377,755,2004-05-15,1.0
189,42,2004-05-15,1.0
144,42,2004-05-15,1.0
341,1072,2004-05-15,1.0
836,609,2004-05-15,1.0
852,1090,2004-05-15,1.0
189,712,2004-05-15,1.0
42,144,2004-05-15,1.0
194,768,2004-05-15,1.0
777,1072,2004-05-15,1.0
638,1093,2004-05-15,1.0
176,277,2004-05-15,1.0
1093,523,2004-05-15,1.0
758,638,2004-05-15,1.0
277,176,2004-05-15,1.0
638,758,2004-05-15,1.0
42,1,2004-05-15,1.0
523,1093,2004-05-15,1.0
1093,32,2004-05-15,1.0
32,1093,2004-05-15,1.0
915,817,2004-05-15,1.0
981,1021,2004-05-15,1.0
389,242,2004-05-15,1.0
342,969,2004-05-15,1.0
144,873,2004-05-15,1.0
638,847,2004-05-15,1.0
523,1049,2004-05-15,1.0
42,1049,2004-05-15,1.0
752,1032,2004-05-15,1.0
42,1062,2004-05-15,1.0
42,1050,2004-05-15,1.0
626,834,2004-05-15,1.0
817,915,2004-05-15,1.0
1093,701,2004-05-15,1.0
342,194,2004-05-15,1.0
701,1093,2004-05-15,1.0
679,346,2004-05-15,1.0
1068,72,2004-05-15,1.0
53,834,2004-05-15,1.0
168,834,2004-05-15,1.0
834,168,2004-05-15,1.0
950,698,2004-05-15,1.0
73,617,2004-05-15,1.0
994,1056,2004-05-15,1.0
73,63,2004-05-15,1.0
155,34,2004-05-15,1.0
254,626,2004-05-15,1.0
626,254,2004-05-15,1.0
26,645,2004-05-15,1.0
1068,949,2004-05-15,1.0
950,405,2004-05-15,1.0
389,509,2004-05-15,1.0
103,765,2004-05-15,1.0
103,599,2004-05-15,1.0
103,277,2004-05-15,1.0
429,950,2004-05-15,1.0
509,817,2004-05-15,1.0
509,277,2004-05-15,1.0
884,1050,2004-05-15,1.0
990,419,2004-05-15,1.0
950,429,2004-05-15,1.0
233,1037,2004-05-15,1.0
1060,103,2004-05-15,1.0
67,282,2004-05-15,1.0
713,950,2004-05-15,1.0
128,934,2004-05-15,1.0
294,830,2004-05-15,1.0
841,915,2004-05-15,1.0
1089,765,2004-05-15,1.0
841,103,2004-05-15,1.0
199,445,2004-05-15,1.0
53,250,2004-05-15,1.0
1060,422,2004-05-15,1.0
53,26,2004-05-15,1.0
233,193,2004-05-15,1.0
143,415,2004-05-15,1.0
307,509,2004-05-15,1.0
445,199,2004-05-15,1.0
1000,286,2004-05-15,1.0
194,445,2004-05-15,1.0
830,549,2004-05-15,1.0
143,1037,2004-05-15,1.0
143,103,2004-05-15,1.0
143,201,2004-05-15,1.0
724,523,2004-05-15,1.0
1082,1076,2004-05-15,1.0
768,501,2004-05-15,1.0
377,50,2004-05-15,1.0
325,1033,2004-05-15,1.0
697,1070,2004-05-15,1.0
555,391,2004-05-15,1.0
1033,325,2004-05-15,1.0
555,1019,2004-05-15,1.0
697,1076,2004-05-15,1.0
555,1060,2004-05-15,1.0
1033,823,2004-05-15,1.0
783,542,2004-05-15,1.0
53,1018,2004-05-15,1.0
439,1019,2004-05-15,1.0
539,212,2004-05-15,1.0
103,154,2004-05-15,1.0
176,840,2004-05-15,1.0
176,502,2004-05-15,1.0
176,697,2004-05-15,1.0
1076,783,2004-05-15,1.0
713,325,2004-05-15,1.0
252,687,2004-05-15,1.0
371,590,2004-05-15,1.0
244,415,2004-05-15,1.0
783,160,2004-05-15,1.0
203,866,2004-05-15,1.0
1036,701,2004-05-15,1.0
934,460,2004-05-15,1.0
713,1043,2004-05-15,1.0
145,1033,2004-05-15,1.0
469,463,2004-05-15,1.0
176,439,2004-05-15,1.0
9,1062,2004-05-15,1.0
176,638,2004-05-15,1.0
638,176,2004-05-15,1.0
306,1019,2004-05-15,1.0
377,3,2004-05-15,1.0
1019,306,2004-05-15,1.0
176,1056,2004-05-15,1.0
1076,697,2004-05-15,1.0
1076,1053,2004-05-15,1.0
662,625,2004-05-15,1.0
176,94,2004-05-15,1.0
697,927,2004-05-15,1.0
176,154,2004-05-15,1.0
687,302,2004-05-15,1.0
1068,342,2004-05-15,1.0
551,388,2004-05-15,1.0
551,371,2004-05-15,1.0
590,371,2004-05-15,1.0
536,927,2004-05-15,1.0
502,176,2004-05-15,1.0
325,840,2004-05-15,1.0
1077,926,2004-05-15,1.0
9,391,2004-05-15,1.0
53,176,2004-05-15,1.0
823,915,2004-05-15,1.0
1039,131,2004-05-15,1.0
101,282,2004-05-15,1.0
454,509,2004-05-15,1.0
701,915,2004-05-15,1.0
823,1033,2004-05-15,1.0
997,142,2004-05-15,1.0
282,1071,2004-05-15,1.0
561,281,2004-05-15,1.0
282,101,2004-05-15,1.0
176,1026,2004-05-15,1.0
101,176,2004-05-15,1.0
859,325,2004-05-15,1.0
176,101,2004-05-15,1.0
342,588,2004-05-15,1.0
859,400,2004-05-15,1.0
859,388,2004-05-15,1.0
997,415,2004-05-15,1.0
823,242,2004-05-15,1.0
823,567,2004-05-15,1.0
915,701,2004-05-15,1.0
915,841,2004-05-15,1.0
252,765,2004-05-15,1.0
422,394,2004-05-15,1.0
308,422,2004-05-15,1.0
308,1068,2004-05-15,1.0
934,128,2004-05-15,1.0
1050,495,2004-05-15,1.0
308,1056,2004-05-15,1.0
323,1073,2004-05-15,1.0
101,1002,2004-05-15,1.0
697,50,2004-05-15,1.0
1068,308,2004-05-15,1.0
823,498,2004-05-15,1.0
101,847,2004-05-15,1.0
131,1039,2004-05-15,1.0
600,289,2004-05-15,1.0
1072,325,2004-05-15,1.0
325,1072,2004-05-15,1.0
297,482,2004-05-15,1.0
713,1032,2004-05-15,1.0
1,123,2004-05-15,1.0
701,732,2004-05-15,1.0
600,823,2004-05-15,1.0
431,475,2004-05-15,1.0
1036,58,2004-05-15,1.0
713,884,2004-05-15,1.0
708,1058,2004-05-15,1.0
708,1075,2004-05-15,1.0
675,462,2004-05-15,1.0
823,239,2004-05-15,1.0
732,701,2004-05-15,1.0
713,927,2004-05-15,1.0
131,990,2004-05-15,1.0
823,41,2004-05-15,1.0
834,1074,2004-05-15,1.0
41,495,2004-05-15,1.0
342,502,2004-05-15,1.0
830,1072,2004-05-15,1.0
581,779,2004-05-15,1.0
600,42,2004-05-15,1.0
1072,830,2004-05-15,1.0
847,101,2004-05-15,1.0
342,1068,2004-05-15,1.0
1070,697,2004-05-15,1.0
239,823,2004-05-15,1.0
713,542,2004-05-15,1.0
927,536,2004-05-15,1.0
191,1060,2004-05-15,1.0
555,626,2004-05-15,1.0
638,830,2004-05-15,1.0
638,1080,2004-05-15,1.0
638,103,2004-05-15,1.0
72,834,2004-05-15,1.0
834,72,2004-05-15,1.0
871,1050,2004-05-15,1.0
339,1068,2004-05-15,1.0
345,1058,2004-05-15,1.0
1042,758,2004-05-15,1.0
638,881,2004-05-15,1.0
345,346,2004-05-15,1.0
638,373,2004-05-15,1.0
681,626,2004-05-15,1.0
959,958,2004-05-15,1.0
973,103,2004-05-15,1.0
462,103,2004-05-15,1.0
704,1072,2004-05-15,1.0
973,400,2004-05-15,1.0
1072,1080,2004-05-15,1.0
90,1072,2004-05-15,1.0
949,1068,2004-05-15,1.0
801,768,2004-05-15,1.0
638,1049,2004-05-15,1.0
415,195,2004-05-15,1.0
103,938,2004-05-15,1.0
422,308,2004-05-15,1.0
103,1072,2004-05-15,1.0
377,627,2004-05-15,1.0
830,339,2004-05-15,1.0
103,1060,2004-05-15,1.0
555,676,2004-05-15,1.0
260,1028,2004-05-15,1.0
1049,638,2004-05-15,1.0
1042,638,2004-05-15,1.0
638,254,2004-05-15,1.0
681,638,2004-05-15,1.0
339,463,2004-05-15,1.0
75,1041,2004-05-15,1.0
415,840,2004-05-15,1.0
143,442,2004-05-15,1.0
881,638,2004-05-15,1.0
214,1072,2004-05-15,1.0
1034,638,2004-05-15,1.0
199,978,2004-05-15,1.0
638,346,2004-05-15,1.0
1072,34,2004-05-15,1.0
1060,191,2004-05-15,1.0
199,971,2004-05-15,1.0
674,1068,2004-05-15,1.0
377,1060,2004-05-15,1.0
1078,1079,2004-05-15,1.0
1080,638,2004-05-15,1.0
103,1078,2004-05-15,1.0
638,779,2004-05-15,1.0
306,783,2004-05-15,1.0
555,654,2004-05-15,1.0
767,502,2004-05-15,1.0
462,675,2004-05-15,1.0
697,1042,2004-05-15,1.0
1042,32,2004-05-15,1.0
555,371,2004-05-15,1.0
971,199,2004-05-15,1.0
638,439,2004-05-15,1.0
439,638,2004-05-15,1.0
713,535,2004-05-15,1.0
439,176,2004-05-15,1.0
132,333,2004-05-15,1.0
1078,103,2004-05-15,1.0
103,462,2004-05-15,1.0
830,638,2004-05-15,1.0
926,557,2004-05-15,1.0
926,1077,2004-05-15,1.0
483,176,2004-05-15,1.0
1050,199,2004-05-15,1.0
557,926,2004-05-15,1.0
199,1050,2004-05-15,1.0
313,1,2004-05-15,1.0
103,638,2004-05-15,1.0
83,1060,2004-05-15,1.0
176,817,2004-05-15,1.0
306,438,2004-05-15,1.0
638,527,2004-05-15,1.0
834,313,2004-05-15,1.0
638,1081,2004-05-15,1.0
313,834,2004-05-15,1.0
1033,302,2004-05-16,1.0
713,41,2004-05-16,1.0
26,645,2004-05-16,1.0
675,462,2004-05-16,1.0
713,1049,2004-05-16,1.0
523,724,2004-05-16,1.0
724,523,2004-05-16,1.0
339,63,2004-05-16,1.0
462,32,2004-05-16,1.0
713,567,2004-05-16,1.0
713,462,2004-05-16,1.0
873,144,2004-05-16,1.0
713,34,2004-05-16,1.0
713,124,2004-05-16,1.0
242,252,2004-05-16,1.0
938,103,2004-05-16,1.0
713,242,2004-05-16,1.0
713,716,2004-05-16,1.0
884,1097,2004-05-16,1.0
342,1068,2004-05-16,1.0
201,140,2004-05-16,1.0
350,1102,2004-05-16,1.0
950,392,2004-05-16,1.0
201,938,2004-05-16,1.0
103,938,2004-05-16,1.0
29,1072,2004-05-16,1.0
460,542,2004-05-16,1.0
939,783,2004-05-16,1.0
938,201,2004-05-16,1.0
939,460,2004-05-16,1.0
884,536,2004-05-16,1.0
783,939,2004-05-16,1.0
252,463,2004-05-16,1.0
335,34,2004-05-16,1.0
335,174,2004-05-16,1.0
843,1051,2004-05-16,1.0
549,830,2004-05-16,1.0
549,969,2004-05-16,1.0
1034,853,2004-05-16,1.0
294,42,2004-05-16,1.0
949,62,2004-05-16,1.0
713,363,2004-05-16,1.0
713,641,2004-05-16,1.0
713,1036,2004-05-16,1.0
713,884,2004-05-16,1.0
713,1043,2004-05-16,1.0
32,462,2004-05-16,1.0
32,1103,2004-05-16,1.0
1069,252,2004-05-16,1.0
713,38,2004-05-16,1.0
638,542,2004-05-16,1.0
357,938,2004-05-16,1.0
357,817,2004-05-16,1.0
103,462,2004-05-16,1.0
357,903,2004-05-16,1.0
545,676,2004-05-16,1.0
770,841,2004-05-16,1.0
560,1072,2004-05-16,1.0
545,1019,2004-05-16,1.0
638,540,2004-05-16,1.0
713,733,2004-05-16,1.0
350,335,2004-05-16,1.0
713,940,2004-05-16,1.0
713,842,2004-05-16,1.0
713,509,2004-05-16,1.0
713,999,2004-05-16,1.0
713,950,2004-05-16,1.0
713,1018,2004-05-16,1.0
277,254,2004-05-16,1.0
1052,708,2004-05-16,1.0
1072,542,2004-05-16,1.0
1072,29,2004-05-16,1.0
697,542,2004-05-16,1.0
462,675,2004-05-16,1.0
817,1100,2004-05-16,1.0
102,645,2004-05-16,1.0
62,949,2004-05-16,1.0
635,719,2004-05-16,1.0
713,319,2004-05-16,1.0
1072,560,2004-05-16,1.0
928,915,2004-05-16,1.0
248,374,2004-05-16,1.0
392,950,2004-05-16,1.0
792,228,2004-05-16,1.0
12,140,2004-05-16,1.0
599,41,2004-05-16,1.0
41,599,2004-05-16,1.0
297,542,2004-05-16,1.0
482,1072,2004-05-16,1.0
1072,482,2004-05-16,1.0
12,543,2004-05-16,1.0
1034,1036,2004-05-16,1.0
128,542,2004-05-16,1.0
357,194,2004-05-16,1.0
542,1072,2004-05-16,1.0
542,297,2004-05-16,1.0
555,352,2004-05-16,1.0
542,128,2004-05-16,1.0
542,460,2004-05-16,1.0
9,566,2004-05-16,1.0
254,654,2004-05-16,1.0
12,80,2004-05-16,1.0
12,586,2004-05-16,1.0
1069,884,2004-05-16,1.0
1069,74,2004-05-16,1.0
1069,878,2004-05-16,1.0
1069,687,2004-05-16,1.0
1069,102,2004-05-16,1.0
928,999,2004-05-16,1.0
586,1107,2004-05-16,1.0
12,1106,2004-05-16,1.0
12,599,2004-05-16,1.0
545,1060,2004-05-16,1.0
204,1070,2004-05-16,1.0
439,1019,2004-05-16,1.0
1034,701,2004-05-16,1.0
1034,462,2004-05-16,1.0
191,765,2004-05-16,1.0
713,629,2004-05-16,1.0
306,212,2004-05-16,1.0
583,557,2004-05-16,1.0
194,296,2004-05-16,1.0
701,1034,2004-05-16,1.0
1034,697,2004-05-16,1.0
1069,545,2004-05-16,1.0
1107,586,2004-05-16,1.0
713,545,2004-05-16,1.0
399,76,2004-05-16,1.0
834,626,2004-05-16,1.0
342,544,2004-05-16,1.0
212,306,2004-05-16,1.0
615,80,2004-05-16,1.0
626,834,2004-05-16,1.0
884,495,2004-05-16,1.0
598,542,2004-05-16,1.0
277,1032,2004-05-16,1.0
555,212,2004-05-16,1.0
19,1068,2004-05-16,1.0
103,974,2004-05-16,1.0
735,790,2004-05-16,1.0
350,439,2004-05-16,1.0
128,934,2004-05-16,1.0
557,583,2004-05-16,1.0
12,938,2004-05-16,1.0
1031,650,2004-05-16,1.0
1031,1109,2004-05-16,1.0
1031,651,2004-05-16,1.0
1031,840,2004-05-16,1.0
9,997,2004-05-16,1.0
9,177,2004-05-16,1.0
9,771,2004-05-16,1.0
990,540,2004-05-16,1.0
394,263,2004-05-16,1.0
1031,646,2004-05-16,1.0
536,884,2004-05-16,1.0
992,1108,2004-05-16,1.0
1097,884,2004-05-16,1.0
449,498,2004-05-16,1.0
103,460,2004-05-16,1.0
199,1060,2004-05-16,1.0
495,41,2004-05-16,1.0
984,638,2004-05-16,1.0
394,212,2004-05-16,1.0
1097,437,2004-05-16,1.0
357,154,2004-05-16,1.0
462,103,2004-05-16,1.0
143,103,2004-05-16,1.0
422,815,2004-05-16,1.0
53,26,2004-05-16,1.0
53,250,2004-05-16,1.0
687,252,2004-05-16,1.0
162,851,2004-05-16,1.0
143,32,2004-05-16,1.0
143,915,2004-05-16,1.0
19,140,2004-05-16,1.0
1037,233,2004-05-16,1.0
638,984,2004-05-16,1.0
252,433,2004-05-16,1.0
679,149,2004-05-16,1.0
36,1033,2004-05-16,1.0
542,1103,2004-05-16,1.0
26,53,2004-05-16,1.0
1103,542,2004-05-16,1.0
949,194,2004-05-16,1.0
194,949,2004-05-16,1.0
949,642,2004-05-16,1.0
944,194,2004-05-16,1.0
127,1097,2004-05-16,1.0
252,687,2004-05-16,1.0
69,252,2004-05-16,1.0
63,339,2004-05-16,1.0
540,990,2004-05-16,1.0
212,439,2004-05-16,1.0
460,939,2004-05-16,1.0
103,599,2004-05-16,1.0
12,998,2004-05-16,1.0
686,341,2004-05-16,1.0
12,697,2004-05-16,1.0
12,603,2004-05-16,1.0
19,1078,2004-05-16,1.0
12,817,2004-05-16,1.0
12,527,2004-05-16,1.0
733,297,2004-05-16,1.0
394,586,2004-05-16,1.0
733,626,2004-05-16,1.0
19,1098,2004-05-16,1.0
194,131,2004-05-16,1.0
38,94,2004-05-16,1.0
38,626,2004-05-16,1.0
12,1039,2004-05-16,1.0
817,915,2004-05-16,1.0
309,540,2004-05-16,1.0
1,42,2004-05-16,1.0
502,176,2004-05-16,1.0
356,543,2004-05-16,1.0
429,950,2004-05-16,1.0
176,502,2004-05-16,1.0
67,598,2004-05-16,1.0
950,429,2004-05-16,1.0
934,527,2004-05-16,1.0
1097,127,2004-05-16,1.0
67,1092,2004-05-16,1.0
934,1096,2004-05-16,1.0
38,783,2004-05-16,1.0
394,422,2004-05-16,1.0
687,1054,2004-05-16,1.0
687,1004,2004-05-16,1.0
915,815,2004-05-16,1.0
342,319,2004-05-16,1.0
12,319,2004-05-16,1.0
12,32,2004-05-16,1.0
319,342,2004-05-16,1.0
603,814,2004-05-16,1.0
9,32,2004-05-16,1.0
63,990,2004-05-16,1.0
19,598,2004-05-16,1.0
783,38,2004-05-16,1.0
32,598,2004-05-16,1.0
626,733,2004-05-16,1.0
626,38,2004-05-16,1.0
681,32,2004-05-16,1.0
422,394,2004-05-16,1.0
394,131,2004-05-16,1.0
131,394,2004-05-16,1.0
526,477,2004-05-16,1.0
645,102,2004-05-16,1.0
1099,32,2004-05-16,1.0
645,26,2004-05-16,1.0
297,733,2004-05-16,1.0
32,1099,2004-05-16,1.0
617,73,2004-05-16,1.0
143,201,2004-05-16,1.0
143,163,2004-05-16,1.0
103,841,2004-05-16,1.0
1033,1072,2004-05-16,1.0
679,194,2004-05-16,1.0
539,817,2004-05-16,1.0
228,792,2004-05-16,1.0
143,1094,2004-05-16,1.0
1050,42,2004-05-16,1.0
176,817,2004-05-16,1.0
277,1093,2004-05-16,1.0
599,103,2004-05-16,1.0
586,394,2004-05-16,1.0
915,817,2004-05-16,1.0
103,1060,2004-05-16,1.0
817,509,2004-05-16,1.0
817,176,2004-05-16,1.0
297,999,2004-05-16,1.0
638,950,2004-05-16,1.0
926,557,2004-05-16,1.0
145,1033,2004-05-16,1.0
638,236,2004-05-16,1.0
422,1060,2004-05-16,1.0
346,679,2004-05-16,1.0
915,598,2004-05-16,1.0
679,346,2004-05-16,1.0
969,342,2004-05-16,1.0
212,639,2004-05-16,1.0
1049,523,2004-05-16,1.0
1049,42,2004-05-16,1.0
1014,312,2004-05-16,1.0
679,1095,2004-05-16,1.0
1045,269,2004-05-16,1.0
638,1045,2004-05-16,1.0
969,549,2004-05-16,1.0
1014,851,2004-05-16,1.0
69,915,2004-05-16,1.0
67,462,2004-05-16,1.0
638,1014,2004-05-16,1.0
595,509,2004-05-16,1.0
701,1093,2004-05-16,1.0
67,595,2004-05-16,1.0
540,638,2004-05-16,1.0
532,325,2004-05-16,1.0
557,561,2004-05-16,1.0
296,295,2004-05-16,1.0
540,1104,2004-05-16,1.0
1104,540,2004-05-16,1.0
540,754,2004-05-16,1.0
234,391,2004-05-16,1.0
624,592,2004-05-16,1.0
1105,1072,2004-05-16,1.0
542,314,2004-05-16,1.0
542,697,2004-05-16,1.0
754,540,2004-05-16,1.0
12,142,2004-05-16,1.0
12,679,2004-05-16,1.0
881,1090,2004-05-16,1.0
194,376,2004-05-16,1.0
193,233,2004-05-16,1.0
193,149,2004-05-16,1.0
881,999,2004-05-16,1.0
673,679,2004-05-16,1.0
609,1036,2004-05-16,1.0
658,667,2004-05-16,1.0
297,609,2004-05-16,1.0
673,687,2004-05-16,1.0
193,658,2004-05-16,1.0
482,142,2004-05-16,1.0
540,309,2004-05-16,1.0
546,281,2004-05-16,1.0
614,445,2004-05-16,1.0
142,482,2004-05-16,1.0
539,1103,2004-05-16,1.0
90,48,2004-05-16,1.0
1060,422,2004-05-16,1.0
1060,103,2004-05-16,1.0
542,598,2004-05-16,1.0
542,638,2004-05-16,1.0
777,1072,2004-05-16,1.0
144,873,2004-05-16,1.0
67,938,2004-05-16,1.0
63,73,2004-05-16,1.0
1060,199,2004-05-16,1.0
1097,191,2004-05-16,1.0
540,191,2004-05-16,1.0
495,1050,2004-05-16,1.0
1097,103,2004-05-16,1.0
191,540,2004-05-16,1.0
41,495,2004-05-16,1.0
552,975,2004-05-16,1.0
103,783,2004-05-16,1.0
1097,1104,2004-05-16,1.0
103,988,2004-05-16,1.0
103,1097,2004-05-16,1.0
542,546,2004-05-16,1.0
546,542,2004-05-16,1.0
624,595,2004-05-16,1.0
687,1032,2004-05-16,1.0
12,1102,2004-05-16,1.0
513,990,2004-05-16,1.0
277,830,2004-05-16,1.0
277,950,2004-05-16,1.0
704,1072,2004-05-16,1.0
103,1100,2004-05-16,1.0
103,566,2004-05-16,1.0
19,1099,2004-05-16,1.0
41,1041,2004-05-16,1.0
67,282,2004-05-16,1.0
1089,765,2004-05-16,1.0
67,451,2004-05-16,1.0
252,1000,2004-05-16,1.0
271,194,2004-05-16,1.0
67,32,2004-05-16,1.0
194,32,2004-05-16,1.0
194,271,2004-05-16,1.0
252,595,2004-05-16,1.0
41,1056,2004-05-16,1.0
252,598,2004-05-16,1.0
934,1026,2004-05-16,1.0
1101,687,2004-05-16,1.0
509,595,2004-05-16,1.0
990,513,2004-05-16,1.0
475,468,2004-05-16,1.0
12,475,2004-05-16,1.0
19,527,2004-05-16,1.0
12,609,2004-05-16,1.0
12,173,2004-05-16,1.0
557,926,2004-05-16,1.0
1034,32,2004-05-16,1.0
12,103,2004-05-16,1.0
173,103,2004-05-16,1.0
1101,513,2004-05-16,1.0
12,1080,2004-05-16,1.0
19,1072,2004-05-16,1.0
543,356,2004-05-16,1.0
12,73,2004-05-16,1.0
814,603,2004-05-16,1.0
615,1042,2004-05-16,1.0
1000,252,2004-05-16,1.0
228,1100,2004-05-16,1.0
73,617,2004-05-16,1.0
73,63,2004-05-16,1.0
74,840,2004-05-16,1.0
12,857,2004-05-16,1.0
376,194,2004-05-16,1.0
1072,1033,2004-05-16,1.0
1072,341,2004-05-16,1.0
542,549,2004-05-17,1.0
1023,697,2004-05-17,1.0
103,652,2004-05-17,1.0
697,549,2004-05-17,1.0
944,194,2004-05-17,1.0
1023,1117,2004-05-17,1.0
697,1023,2004-05-17,1.0
1101,194,2004-05-17,1.0
944,598,2004-05-17,1.0
1101,513,2004-05-17,1.0
495,1049,2004-05-17,1.0
422,386,2004-05-17,1.0
1049,495,2004-05-17,1.0
549,542,2004-05-17,1.0
495,884,2004-05-17,1.0
368,549,2004-05-17,1.0
498,495,2004-05-17,1.0
502,1049,2004-05-17,1.0
1049,502,2004-05-17,1.0
687,640,2004-05-17,1.0
495,498,2004-05-17,1.0
475,640,2004-05-17,1.0
523,440,2004-05-17,1.0
542,495,2004-05-17,1.0
787,720,2004-05-17,1.0
1117,1023,2004-05-17,1.0
549,697,2004-05-17,1.0
495,181,2004-05-17,1.0
19,583,2004-05-17,1.0
53,250,2004-05-17,1.0
1071,598,2004-05-17,1.0
277,1023,2004-05-17,1.0
1056,308,2004-05-17,1.0
1042,574,2004-05-17,1.0
652,73,2004-05-17,1.0
1056,1032,2004-05-17,1.0
73,605,2004-05-17,1.0
277,615,2004-05-17,1.0
73,652,2004-05-17,1.0
590,835,2004-05-17,1.0
590,194,2004-05-17,1.0
513,990,2004-05-17,1.0
392,400,2004-05-17,1.0
495,542,2004-05-17,1.0
573,687,2004-05-17,1.0
560,194,2004-05-17,1.0
792,903,2004-05-17,1.0
542,598,2004-05-17,1.0
814,603,2004-05-17,1.0
1113,598,2004-05-17,1.0
640,1072,2004-05-17,1.0
603,814,2004-05-17,1.0
835,590,2004-05-17,1.0
697,1034,2004-05-17,1.0
697,250,2004-05-17,1.0
1042,449,2004-05-17,1.0
851,162,2004-05-17,1.0
1034,1118,2004-05-17,1.0
422,1060,2004-05-17,1.0
1118,1034,2004-05-17,1.0
377,343,2004-05-17,1.0
1101,475,2004-05-17,1.0
542,1069,2004-05-17,1.0
640,687,2004-05-17,1.0
252,1026,2004-05-17,1.0
1034,697,2004-05-17,1.0
841,792,2004-05-17,1.0
841,475,2004-05-17,1.0
640,1118,2004-05-17,1.0
29,1072,2004-05-17,1.0
1118,640,2004-05-17,1.0
640,1062,2004-05-17,1.0
475,841,2004-05-17,1.0
549,368,2004-05-17,1.0
998,475,2004-05-17,1.0
41,1041,2004-05-17,1.0
41,599,2004-05-17,1.0
41,1043,2004-05-17,1.0
42,1031,2004-05-17,1.0
1041,41,2004-05-17,1.0
549,830,2004-05-17,1.0
42,474,2004-05-17,1.0
377,415,2004-05-17,1.0
762,402,2004-05-17,1.0
502,468,2004-05-17,1.0
884,495,2004-05-17,1.0
1060,590,2004-05-17,1.0
681,1072,2004-05-17,1.0
377,48,2004-05-17,1.0
851,1014,2004-05-17,1.0
176,871,2004-05-17,1.0
377,371,2004-05-17,1.0
377,306,2004-05-17,1.0
1060,199,2004-05-17,1.0
1060,422,2004-05-17,1.0
42,1091,2004-05-17,1.0
377,1060,2004-05-17,1.0
1060,567,2004-05-17,1.0
42,483,2004-05-17,1.0
640,475,2004-05-17,1.0
1042,997,2004-05-17,1.0
393,462,2004-05-17,1.0
638,309,2004-05-17,1.0
679,161,2004-05-17,1.0
350,311,2004-05-17,1.0
462,393,2004-05-17,1.0
990,513,2004-05-17,1.0
323,557,2004-05-17,1.0
770,1072,2004-05-17,1.0
615,1116,2004-05-17,1.0
449,498,2004-05-17,1.0
161,679,2004-05-17,1.0
871,783,2004-05-17,1.0
641,475,2004-05-17,1.0
249,288,2004-05-17,1.0
1023,1072,2004-05-17,1.0
495,400,2004-05-17,1.0
1005,546,2004-05-17,1.0
418,543,2004-05-17,1.0
282,1071,2004-05-17,1.0
323,68,2004-05-17,1.0
1069,1023,2004-05-17,1.0
871,495,2004-05-17,1.0
770,841,2004-05-17,1.0
323,341,2004-05-17,1.0
513,586,2004-05-17,1.0
386,422,2004-05-17,1.0
658,193,2004-05-17,1.0
638,372,2004-05-17,1.0
372,393,2004-05-17,1.0
652,1071,2004-05-17,1.0
834,474,2004-05-17,1.0
474,679,2004-05-17,1.0
474,834,2004-05-17,1.0
679,474,2004-05-17,1.0
1052,626,2004-05-17,1.0
1026,934,2004-05-17,1.0
393,372,2004-05-17,1.0
12,282,2004-05-17,1.0
546,1005,2004-05-17,1.0
1069,98,2004-05-17,1.0
546,372,2004-05-17,1.0
1104,260,2004-05-17,1.0
679,372,2004-05-17,1.0
12,638,2004-05-17,1.0
781,1038,2004-05-17,1.0
12,599,2004-05-17,1.0
250,101,2004-05-17,1.0
638,41,2004-05-17,1.0
128,934,2004-05-17,1.0
316,102,2004-05-17,1.0
277,1054,2004-05-17,1.0
260,1107,2004-05-17,1.0
605,1023,2004-05-17,1.0
1023,605,2004-05-17,1.0
1097,194,2004-05-17,1.0
194,1097,2004-05-17,1.0
194,590,2004-05-17,1.0
260,1104,2004-05-17,1.0
102,316,2004-05-17,1.0
586,513,2004-05-17,1.0
316,777,2004-05-17,1.0
504,542,2004-05-17,1.0
640,1103,2004-05-17,1.0
181,194,2004-05-17,1.0
12,991,2004-05-17,1.0
504,341,2004-05-17,1.0
687,573,2004-05-17,1.0
181,495,2004-05-17,1.0
1042,318,2004-05-17,1.0
174,335,2004-05-17,1.0
687,1054,2004-05-17,1.0
1042,389,2004-05-17,1.0
316,250,2004-05-17,1.0
1042,712,2004-05-17,1.0
859,372,2004-05-17,1.0
605,73,2004-05-17,1.0
12,343,2004-05-17,1.0
1042,802,2004-05-17,1.0
1042,784,2004-05-17,1.0
323,418,2004-05-17,1.0
934,1026,2004-05-17,1.0
194,644,2004-05-17,1.0
859,676,2004-05-17,1.0
525,73,2004-05-17,1.0
19,525,2004-05-17,1.0
1042,1056,2004-05-17,1.0
1054,687,2004-05-17,1.0
638,640,2004-05-17,1.0
198,101,2004-05-17,1.0
859,590,2004-05-17,1.0
9,282,2004-05-17,1.0
560,1118,2004-05-17,1.0
1118,560,2004-05-17,1.0
325,532,2004-05-17,1.0
654,87,2004-05-17,1.0
683,32,2004-05-17,1.0
1117,306,2004-05-17,1.0
32,644,2004-05-17,1.0
149,679,2004-05-17,1.0
32,683,2004-05-17,1.0
87,502,2004-05-17,1.0
32,317,2004-05-17,1.0
87,654,2004-05-17,1.0
32,598,2004-05-17,1.0
1123,1036,2004-05-17,1.0
323,1124,2004-05-17,1.0
781,755,2004-05-17,1.0
1113,309,2004-05-17,1.0
1113,536,2004-05-17,1.0
980,638,2004-05-17,1.0
305,475,2004-05-17,1.0
679,149,2004-05-17,1.0
980,598,2004-05-17,1.0
560,598,2004-05-17,1.0
317,333,2004-05-17,1.0
598,523,2004-05-17,1.0
373,638,2004-05-17,1.0
560,63,2004-05-17,1.0
32,546,2004-05-17,1.0
357,988,2004-05-17,1.0
306,1122,2004-05-17,1.0
306,1117,2004-05-17,1.0
9,142,2004-05-17,1.0
545,1047,2004-05-17,1.0
142,1121,2004-05-17,1.0
1121,142,2004-05-17,1.0
323,1036,2004-05-17,1.0
9,683,2004-05-17,1.0
546,32,2004-05-17,1.0
296,445,2004-05-17,1.0
445,296,2004-05-17,1.0
252,97,2004-05-17,1.0
598,980,2004-05-17,1.0
1034,853,2004-05-17,1.0
474,42,2004-05-17,1.0
72,1039,2004-05-17,1.0
853,1034,2004-05-17,1.0
1042,337,2004-05-17,1.0
1126,289,2004-05-17,1.0
325,1072,2004-05-17,1.0
337,1042,2004-05-17,1.0
986,781,2004-05-17,1.0
32,281,2004-05-17,1.0
281,32,2004-05-17,1.0
1039,72,2004-05-17,1.0
316,726,2004-05-17,1.0
9,252,2004-05-17,1.0
938,67,2004-05-17,1.0
986,175,2004-05-17,1.0
704,822,2004-05-17,1.0
377,755,2004-05-17,1.0
523,598,2004-05-17,1.0
325,598,2004-05-17,1.0
1124,72,2004-05-17,1.0
72,1045,2004-05-17,1.0
26,679,2004-05-17,1.0
101,198,2004-05-17,1.0
598,325,2004-05-17,1.0
598,1070,2004-05-17,1.0
598,250,2004-05-17,1.0
598,1071,2004-05-17,1.0
598,878,2004-05-17,1.0
309,1125,2004-05-17,1.0
598,342,2004-05-17,1.0
1113,609,2004-05-17,1.0
598,32,2004-05-17,1.0
598,560,2004-05-17,1.0
19,527,2004-05-17,1.0
595,308,2004-05-17,1.0
193,658,2004-05-17,1.0
377,814,2004-05-17,1.0
325,1049,2004-05-17,1.0
377,1117,2004-05-17,1.0
1026,252,2004-05-17,1.0
204,250,2004-05-17,1.0
204,777,2004-05-17,1.0
9,1121,2004-05-17,1.0
9,788,2004-05-17,1.0
204,1070,2004-05-17,1.0
679,26,2004-05-17,1.0
72,1124,2004-05-17,1.0
1004,194,2004-05-17,1.0
1023,277,2004-05-17,1.0
1069,559,2004-05-17,1.0
1069,542,2004-05-17,1.0
32,1042,2004-05-17,1.0
67,928,2004-05-17,1.0
67,901,2004-05-17,1.0
67,607,2004-05-17,1.0
32,638,2004-05-17,1.0
1107,260,2004-05-17,1.0
342,638,2004-05-17,1.0
536,884,2004-05-17,1.0
536,372,2004-05-17,1.0
543,418,2004-05-17,1.0
3,371,2004-05-17,1.0
3,498,2004-05-17,1.0
405,950,2004-05-17,1.0
402,762,2004-05-17,1.0
1042,32,2004-05-17,1.0
712,1042,2004-05-17,1.0
63,847,2004-05-17,1.0
105,1068,2004-05-17,1.0
738,626,2004-05-17,1.0
1119,1026,2004-05-17,1.0
3,590,2004-05-17,1.0
296,172,2004-05-17,1.0
509,1103,2004-05-17,1.0
509,1111,2004-05-17,1.0
509,975,2004-05-17,1.0
214,1117,2004-05-17,1.0
841,103,2004-05-17,1.0
841,903,2004-05-17,1.0
679,903,2004-05-17,1.0
599,41,2004-05-17,1.0
783,1004,2004-05-17,1.0
1004,783,2004-05-17,1.0
617,681,2004-05-17,1.0
405,250,2004-05-17,1.0
483,42,2004-05-17,1.0
938,87,2004-05-17,1.0
600,927,2004-05-17,1.0
600,632,2004-05-17,1.0
509,1117,2004-05-17,1.0
626,738,2004-05-17,1.0
600,309,2004-05-17,1.0
509,583,2004-05-17,1.0
509,454,2004-05-17,1.0
509,306,2004-05-17,1.0
367,88,2004-05-17,1.0
128,573,2004-05-17,1.0
430,63,2004-05-17,1.0
67,1034,2004-05-17,1.0
821,475,2004-05-17,1.0
430,32,2004-05-17,1.0
199,1060,2004-05-17,1.0
405,777,2004-05-17,1.0
598,542,2004-05-17,1.0
1021,1104,2004-05-17,1.0
36,189,2004-05-17,1.0
36,1033,2004-05-17,1.0
296,516,2004-05-17,1.0
296,544,2004-05-17,1.0
297,263,2004-05-17,1.0
950,405,2004-05-17,1.0
296,295,2004-05-17,1.0
1103,640,2004-05-17,1.0
296,199,2004-05-17,1.0
342,598,2004-05-17,1.0
9,32,2004-05-17,1.0
224,175,2004-05-17,1.0
250,405,2004-05-17,1.0
644,97,2004-05-17,1.0
615,277,2004-05-17,1.0
1069,317,2004-05-17,1.0
97,644,2004-05-17,1.0
834,1024,2004-05-17,1.0
834,142,2004-05-17,1.0
342,544,2004-05-17,1.0
777,405,2004-05-17,1.0
445,614,2004-05-17,1.0
1054,277,2004-05-17,1.0
425,765,2004-05-17,1.0
1120,545,2004-05-17,1.0
483,583,2004-05-17,1.0
652,283,2004-05-17,1.0
388,638,2004-05-17,1.0
439,212,2004-05-17,1.0
984,753,2004-05-17,1.0
1069,308,2004-05-17,1.0
765,425,2004-05-17,1.0
1045,72,2004-05-17,1.0
143,762,2004-05-17,1.0
143,201,2004-05-17,1.0
583,283,2004-05-17,1.0
317,1111,2004-05-17,1.0
551,1019,2004-05-17,1.0
233,193,2004-05-17,1.0
69,1034,2004-05-17,1.0
317,679,2004-05-17,1.0
720,787,2004-05-17,1.0
542,504,2004-05-17,1.0
652,753,2004-05-17,1.0
191,765,2004-05-17,1.0
144,1111,2004-05-17,1.0
626,50,2004-05-17,1.0
534,625,2004-05-17,1.0
212,741,2004-05-17,1.0
212,532,2004-05-17,1.0
252,595,2004-05-17,1.0
583,557,2004-05-17,1.0
250,569,2004-05-17,1.0
884,536,2004-05-17,1.0
532,364,2004-05-17,1.0
532,882,2004-05-17,1.0
19,901,2004-05-17,1.0
893,950,2004-05-17,1.0
1111,144,2004-05-17,1.0
400,598,2004-05-17,1.0
400,396,2004-05-17,1.0
256,498,2004-05-17,1.0
400,607,2004-05-17,1.0
19,256,2004-05-17,1.0
400,495,2004-05-17,1.0
400,392,2004-05-17,1.0
884,901,2004-05-17,1.0
400,799,2004-05-17,1.0
306,509,2004-05-17,1.0
400,908,2004-05-17,1.0
306,212,2004-05-17,1.0
12,758,2004-05-17,1.0
997,19,2004-05-17,1.0
19,986,2004-05-17,1.0
12,1068,2004-05-17,1.0
1069,560,2004-05-17,1.0
991,654,2004-05-17,1.0
12,389,2004-05-17,1.0
1034,1039,2004-05-17,1.0
12,80,2004-05-17,1.0
1043,41,2004-05-17,1.0
986,19,2004-05-17,1.0
249,402,2004-05-17,1.0
327,938,2004-05-17,1.0
19,997,2004-05-17,1.0
12,997,2004-05-17,1.0
1111,372,2004-05-17,1.0
50,626,2004-05-17,1.0
431,605,2004-05-17,1.0
634,8,2004-05-17,1.0
12,938,2004-05-17,1.0
250,697,2004-05-17,1.0
1113,990,2004-05-17,1.0
605,462,2004-05-17,1.0
250,598,2004-05-17,1.0
462,605,2004-05-17,1.0
509,389,2004-05-17,1.0
87,938,2004-05-17,1.0
999,928,2004-05-17,1.0
394,1004,2004-05-17,1.0
986,991,2004-05-17,1.0
323,1014,2004-05-17,1.0
297,999,2004-05-17,1.0
590,1060,2004-05-17,1.0
753,984,2004-05-17,1.0
250,1100,2004-05-17,1.0
50,1100,2004-05-17,1.0
168,834,2004-05-17,1.0
250,616,2004-05-17,1.0
250,1112,2004-05-17,1.0
250,909,2004-05-17,1.0
250,316,2004-05-17,1.0
617,728,2004-05-17,1.0
595,252,2004-05-17,1.0
172,1026,2004-05-17,1.0
1101,72,2004-05-17,1.0
172,296,2004-05-17,1.0
19,874,2004-05-17,1.0
938,201,2004-05-17,1.0
598,400,2004-05-17,1.0
474,400,2004-05-17,1.0
598,252,2004-05-17,1.0
617,73,2004-05-17,1.0
598,915,2004-05-17,1.0
9,834,2004-05-17,1.0
598,19,2004-05-17,1.0
598,67,2004-05-17,1.0
214,652,2004-05-17,1.0
509,260,2004-05-17,1.0
753,1100,2004-05-17,1.0
950,893,2004-05-17,1.0
1004,394,2004-05-17,1.0
194,509,2004-05-17,1.0
194,586,2004-05-17,1.0
323,834,2004-05-17,1.0
9,679,2004-05-17,1.0
402,881,2004-05-17,1.0
501,768,2004-05-17,1.0
277,1032,2004-05-17,1.0
9,212,2004-05-17,1.0
679,673,2004-05-17,1.0
194,1004,2004-05-17,1.0
194,498,2004-05-17,1.0
194,482,2004-05-17,1.0
194,817,2004-05-17,1.0
817,194,2004-05-17,1.0
1004,1032,2004-05-17,1.0
1032,1004,2004-05-17,1.0
586,194,2004-05-17,1.0
83,194,2004-05-17,1.0
323,645,2004-05-17,1.0
194,794,2004-05-17,1.0
194,62,2004-05-17,1.0
765,191,2004-05-17,1.0
194,26,2004-05-17,1.0
475,250,2004-05-17,1.0
250,475,2004-05-17,1.0
652,190,2004-05-17,1.0
1068,498,2004-05-17,1.0
498,449,2004-05-17,1.0
638,475,2004-05-17,1.0
339,63,2004-05-17,1.0
190,652,2004-05-17,1.0
277,254,2004-05-17,1.0
498,194,2004-05-17,1.0
830,549,2004-05-17,1.0
201,938,2004-05-17,1.0
282,67,2004-05-17,1.0
296,550,2004-05-17,1.0
250,260,2004-05-17,1.0
63,339,2004-05-17,1.0
250,1097,2004-05-17,1.0
652,214,2004-05-17,1.0
658,1110,2004-05-17,1.0
194,296,2004-05-17,1.0
569,250,2004-05-17,1.0
260,509,2004-05-17,1.0
260,250,2004-05-17,1.0
1100,753,2004-05-17,1.0
498,1068,2004-05-17,1.0
638,643,2004-05-17,1.0
12,926,2004-05-17,1.0
41,1111,2004-05-17,1.0
12,402,2004-05-17,1.0
372,536,2004-05-17,1.0
12,569,2004-05-17,1.0
926,557,2004-05-17,1.0
12,536,2004-05-17,1.0
986,194,2004-05-17,1.0
12,986,2004-05-17,1.0
777,1111,2004-05-17,1.0
991,986,2004-05-17,1.0
12,1039,2004-05-17,1.0
1004,1008,2004-05-17,1.0
323,758,2004-05-17,1.0
323,632,2004-05-17,1.0
735,1032,2004-05-17,1.0
234,1039,2004-05-17,1.0
859,1060,2004-05-17,1.0
372,1111,2004-05-17,1.0
859,388,2004-05-17,1.0
44,597,2004-05-17,1.0
1100,50,2004-05-17,1.0
986,719,2004-05-17,1.0
719,635,2004-05-17,1.0
753,834,2004-05-17,1.0
704,1100,2004-05-17,1.0
250,1026,2004-05-17,1.0
834,753,2004-05-17,1.0
250,135,2004-05-17,1.0
250,1053,2004-05-17,1.0
758,753,2004-05-17,1.0
250,154,2004-05-17,1.0
323,719,2004-05-17,1.0
1033,437,2004-05-17,1.0
753,719,2004-05-17,1.0
770,903,2004-05-17,1.0
372,437,2004-05-17,1.0
1033,765,2004-05-17,1.0
753,758,2004-05-17,1.0
250,753,2004-05-17,1.0
306,1115,2004-05-17,1.0
753,250,2004-05-17,1.0
822,819,2004-05-17,1.0
297,598,2004-05-17,1.0
590,753,2004-05-17,1.0
311,350,2004-05-17,1.0
995,644,2004-05-17,1.0
36,211,2004-05-17,1.0
1033,1072,2004-05-17,1.0
555,1047,2004-05-17,1.0
1071,638,2004-05-17,1.0
600,714,2004-05-17,1.0
555,795,2004-05-17,1.0
986,8,2004-05-17,1.0
356,543,2004-05-17,1.0
1026,172,2004-05-17,1.0
1052,708,2004-05-17,1.0
460,542,2004-05-17,1.0
681,440,2004-05-17,1.0
719,753,2004-05-17,1.0
615,1108,2004-05-17,1.0
781,96,2004-05-17,1.0
719,644,2004-05-17,1.0
753,1033,2004-05-17,1.0
644,719,2004-05-17,1.0
1033,753,2004-05-17,1.0
1034,788,2004-05-17,1.0
681,788,2004-05-17,1.0
753,590,2004-05-17,1.0
822,652,2004-05-17,1.0
494,389,2004-05-17,1.0
567,194,2004-05-17,1.0
1114,63,2004-05-17,1.0
652,822,2004-05-17,1.0
252,598,2004-05-17,1.0
36,1,2004-05-17,1.0
250,358,2004-05-17,1.0
338,1107,2004-05-17,1.0
741,212,2004-05-17,1.0
598,834,2004-05-17,1.0
834,598,2004-05-17,1.0
652,928,2004-05-17,1.0
67,938,2004-05-17,1.0
567,1072,2004-05-17,1.0
19,598,2004-05-17,1.0
679,393,2004-05-17,1.0
462,339,2004-05-17,1.0
277,605,2004-05-17,1.0
19,991,2004-05-17,1.0
834,168,2004-05-17,1.0
358,250,2004-05-17,1.0
881,402,2004-05-17,1.0
358,400,2004-05-17,1.0
358,719,2004-05-17,1.0
220,103,2004-05-17,1.0
986,679,2004-05-17,1.0
277,252,2004-05-17,1.0
338,1104,2004-05-17,1.0
652,322,2004-05-17,1.0
878,598,2004-05-17,1.0
143,250,2004-05-17,1.0
986,835,2004-05-17,1.0
1069,878,2004-05-17,1.0
598,194,2004-05-17,1.0
339,462,2004-05-17,1.0
357,986,2004-05-17,1.0
9,771,2004-05-17,1.0
819,822,2004-05-17,1.0
357,783,2004-05-17,1.0
986,652,2004-05-17,1.0
986,753,2004-05-17,1.0
67,598,2004-05-17,1.0
567,1060,2004-05-17,1.0
794,194,2004-05-17,1.0
777,306,2004-05-17,1.0
193,233,2004-05-17,1.0
753,652,2004-05-17,1.0
306,777,2004-05-17,1.0
1158,325,2004-05-18,1.0
1158,498,2004-05-18,1.0
469,806,2004-05-18,1.0
12,308,2004-05-18,1.0
80,463,2004-05-18,1.0
469,463,2004-05-18,1.0
498,1158,2004-05-18,1.0
1041,80,2004-05-18,1.0
63,814,2004-05-18,1.0
12,389,2004-05-18,1.0
1023,758,2004-05-18,1.0
389,830,2004-05-18,1.0
704,1141,2004-05-18,1.0
80,1041,2004-05-18,1.0
12,343,2004-05-18,1.0
389,242,2004-05-18,1.0
377,272,2004-05-18,1.0
263,281,2004-05-18,1.0
422,308,2004-05-18,1.0
19,527,2004-05-18,1.0
378,254,2004-05-18,1.0
814,63,2004-05-18,1.0
437,1033,2004-05-18,1.0
1072,103,2004-05-18,1.0
1041,546,2004-05-18,1.0
325,1072,2004-05-18,1.0
103,841,2004-05-18,1.0
325,1069,2004-05-18,1.0
714,284,2004-05-18,1.0
103,1072,2004-05-18,1.0
1070,598,2004-05-18,1.0
105,487,2004-05-18,1.0
463,469,2004-05-18,1.0
394,1111,2004-05-18,1.0
105,144,2004-05-18,1.0
105,63,2004-05-18,1.0
1069,325,2004-05-18,1.0
105,8,2004-05-18,1.0
105,175,2004-05-18,1.0
463,252,2004-05-18,1.0
876,1091,2004-05-18,1.0
53,343,2004-05-18,1.0
308,422,2004-05-18,1.0
105,475,2004-05-18,1.0
1041,41,2004-05-18,1.0
513,990,2004-05-18,1.0
876,687,2004-05-18,1.0
105,624,2004-05-18,1.0
105,1033,2004-05-18,1.0
105,404,2004-05-18,1.0
105,674,2004-05-18,1.0
105,884,2004-05-18,1.0
105,596,2004-05-18,1.0
1072,325,2004-05-18,1.0
105,1036,2004-05-18,1.0
105,1153,2004-05-18,1.0
105,1034,2004-05-18,1.0
372,314,2004-05-18,1.0
105,675,2004-05-18,1.0
105,393,2004-05-18,1.0
105,1157,2004-05-18,1.0
105,1156,2004-05-18,1.0
105,540,2004-05-18,1.0
1093,1132,2004-05-18,1.0
673,724,2004-05-18,1.0
378,396,2004-05-18,1.0
1113,928,2004-05-18,1.0
1089,882,2004-05-18,1.0
1113,1161,2004-05-18,1.0
995,105,2004-05-18,1.0
495,498,2004-05-18,1.0
1071,598,2004-05-18,1.0
498,495,2004-05-18,1.0
191,495,2004-05-18,1.0
822,704,2004-05-18,1.0
423,277,2004-05-18,1.0
995,42,2004-05-18,1.0
1097,191,2004-05-18,1.0
191,1097,2004-05-18,1.0
969,549,2004-05-18,1.0
1113,495,2004-05-18,1.0
191,1131,2004-05-18,1.0
495,540,2004-05-18,1.0
1113,607,2004-05-18,1.0
1113,783,2004-05-18,1.0
1113,739,2004-05-18,1.0
1113,437,2004-05-18,1.0
884,495,2004-05-18,1.0
1113,673,2004-05-18,1.0
378,498,2004-05-18,1.0
673,725,2004-05-18,1.0
42,790,2004-05-18,1.0
549,969,2004-05-18,1.0
1033,105,2004-05-18,1.0
1113,42,2004-05-18,1.0
481,332,2004-05-18,1.0
481,644,2004-05-18,1.0
928,714,2004-05-18,1.0
191,396,2004-05-18,1.0
1097,687,2004-05-18,1.0
540,495,2004-05-18,1.0
252,463,2004-05-18,1.0
1113,794,2004-05-18,1.0
84,1103,2004-05-18,1.0
681,617,2004-05-18,1.0
475,468,2004-05-18,1.0
1031,42,2004-05-18,1.0
1110,308,2004-05-18,1.0
546,1041,2004-05-18,1.0
341,1132,2004-05-18,1.0
969,990,2004-05-18,1.0
460,714,2004-05-18,1.0
1159,563,2004-05-18,1.0
440,1097,2004-05-18,1.0
711,591,2004-05-18,1.0
525,19,2004-05-18,1.0
513,318,2004-05-18,1.0
19,525,2004-05-18,1.0
950,405,2004-05-18,1.0
53,1101,2004-05-18,1.0
234,183,2004-05-18,1.0
42,1139,2004-05-18,1.0
687,463,2004-05-18,1.0
495,884,2004-05-18,1.0
1097,440,2004-05-18,1.0
1113,389,2004-05-18,1.0
495,181,2004-05-18,1.0
495,542,2004-05-18,1.0
1113,1160,2004-05-18,1.0
495,68,2004-05-18,1.0
1113,297,2004-05-18,1.0
1113,396,2004-05-18,1.0
1113,294,2004-05-18,1.0
42,483,2004-05-18,1.0
42,1031,2004-05-18,1.0
42,640,2004-05-18,1.0
1041,75,2004-05-18,1.0
105,1142,2004-05-18,1.0
884,536,2004-05-18,1.0
105,1149,2004-05-18,1.0
105,1148,2004-05-18,1.0
105,1147,2004-05-18,1.0
939,1050,2004-05-18,1.0
975,144,2004-05-18,1.0
118,194,2004-05-18,1.0
105,1123,2004-05-18,1.0
105,1139,2004-05-18,1.0
105,1116,2004-05-18,1.0
105,1122,2004-05-18,1.0
105,1124,2004-05-18,1.0
398,771,2004-05-18,1.0
105,1129,2004-05-18,1.0
161,679,2004-05-18,1.0
105,1146,2004-05-18,1.0
617,103,2004-05-18,1.0
105,1150,2004-05-18,1.0
105,1151,2004-05-18,1.0
105,640,2004-05-18,1.0
990,513,2004-05-18,1.0
118,101,2004-05-18,1.0
105,32,2004-05-18,1.0
105,992,2004-05-18,1.0
105,308,2004-05-18,1.0
105,209,2004-05-18,1.0
514,439,2004-05-18,1.0
105,644,2004-05-18,1.0
118,193,2004-05-18,1.0
323,1036,2004-05-18,1.0
792,679,2004-05-18,1.0
105,1152,2004-05-18,1.0
105,1108,2004-05-18,1.0
475,1103,2004-05-18,1.0
105,1107,2004-05-18,1.0
105,1104,2004-05-18,1.0
1040,939,2004-05-18,1.0
939,831,2004-05-18,1.0
12,1153,2004-05-18,1.0
105,1145,2004-05-18,1.0
105,1130,2004-05-18,1.0
318,1042,2004-05-18,1.0
105,1117,2004-05-18,1.0
675,462,2004-05-18,1.0
483,34,2004-05-18,1.0
145,1042,2004-05-18,1.0
1042,308,2004-05-18,1.0
679,161,2004-05-18,1.0
105,1131,2004-05-18,1.0
9,314,2004-05-18,1.0
105,1141,2004-05-18,1.0
105,1100,2004-05-18,1.0
314,372,2004-05-18,1.0
787,679,2004-05-18,1.0
105,783,2004-05-18,1.0
679,787,2004-05-18,1.0
771,398,2004-05-18,1.0
105,1102,2004-05-18,1.0
105,1144,2004-05-18,1.0
145,609,2004-05-18,1.0
105,1143,2004-05-18,1.0
105,1111,2004-05-18,1.0
975,509,2004-05-18,1.0
105,1103,2004-05-18,1.0
105,1099,2004-05-18,1.0
105,1125,2004-05-18,1.0
755,781,2004-05-18,1.0
1042,712,2004-05-18,1.0
1052,1118,2004-05-18,1.0
105,1105,2004-05-18,1.0
105,1134,2004-05-18,1.0
105,598,2004-05-18,1.0
1103,939,2004-05-18,1.0
105,683,2004-05-18,1.0
36,105,2004-05-18,1.0
105,638,2004-05-18,1.0
204,498,2004-05-18,1.0
679,792,2004-05-18,1.0
53,416,2004-05-18,1.0
539,1103,2004-05-18,1.0
487,697,2004-05-18,1.0
697,487,2004-05-18,1.0
36,1127,2004-05-18,1.0
1155,338,2004-05-18,1.0
12,814,2004-05-18,1.0
105,96,2004-05-18,1.0
463,1004,2004-05-18,1.0
463,687,2004-05-18,1.0
475,105,2004-05-18,1.0
12,297,2004-05-18,1.0
36,525,2004-05-18,1.0
1050,939,2004-05-18,1.0
36,1033,2004-05-18,1.0
560,598,2004-05-18,1.0
377,343,2004-05-18,1.0
389,509,2004-05-18,1.0
389,1042,2004-05-18,1.0
454,777,2004-05-18,1.0
105,41,2004-05-18,1.0
1118,1052,2004-05-18,1.0
687,1056,2004-05-18,1.0
638,32,2004-05-18,1.0
638,388,2004-05-18,1.0
105,523,2004-05-18,1.0
638,373,2004-05-18,1.0
1154,881,2004-05-18,1.0
1103,440,2004-05-18,1.0
590,596,2004-05-18,1.0
105,701,2004-05-18,1.0
105,72,2004-05-18,1.0
596,590,2004-05-18,1.0
72,1139,2004-05-18,1.0
254,1103,2004-05-18,1.0
388,638,2004-05-18,1.0
638,779,2004-05-18,1.0
779,638,2004-05-18,1.0
143,201,2004-05-18,1.0
377,755,2004-05-18,1.0
143,163,2004-05-18,1.0
254,378,2004-05-18,1.0
333,317,2004-05-18,1.0
555,1117,2004-05-18,1.0
317,333,2004-05-18,1.0
1165,841,2004-05-18,1.0
542,495,2004-05-18,1.0
1045,654,2004-05-18,1.0
1054,212,2004-05-18,1.0
1120,408,2004-05-18,1.0
1054,277,2004-05-18,1.0
667,540,2004-05-18,1.0
679,317,2004-05-18,1.0
317,679,2004-05-18,1.0
840,317,2004-05-18,1.0
317,840,2004-05-18,1.0
408,590,2004-05-18,1.0
853,881,2004-05-18,1.0
514,840,2004-05-18,1.0
542,1070,2004-05-18,1.0
734,605,2004-05-18,1.0
830,840,2004-05-18,1.0
605,734,2004-05-18,1.0
840,514,2004-05-18,1.0
658,1110,2004-05-18,1.0
67,1039,2004-05-18,1.0
658,193,2004-05-18,1.0
67,343,2004-05-18,1.0
514,853,2004-05-18,1.0
536,532,2004-05-18,1.0
9,598,2004-05-18,1.0
840,352,2004-05-18,1.0
317,477,2004-05-18,1.0
105,1051,2004-05-18,1.0
105,343,2004-05-18,1.0
1104,1021,2004-05-18,1.0
1047,545,2004-05-18,1.0
105,654,2004-05-18,1.0
603,814,2004-05-18,1.0
654,105,2004-05-18,1.0
252,105,2004-05-18,1.0
834,1130,2004-05-18,1.0
105,314,2004-05-18,1.0
342,1039,2004-05-18,1.0
343,338,2004-05-18,1.0
926,557,2004-05-18,1.0
3,317,2004-05-18,1.0
338,343,2004-05-18,1.0
252,1103,2004-05-18,1.0
105,332,2004-05-18,1.0
105,938,2004-05-18,1.0
938,67,2004-05-18,1.0
483,193,2004-05-18,1.0
1049,191,2004-05-18,1.0
687,1097,2004-05-18,1.0
621,924,2004-05-18,1.0
840,309,2004-05-18,1.0
840,176,2004-05-18,1.0
191,1049,2004-05-18,1.0
431,605,2004-05-18,1.0
204,250,2004-05-18,1.0
204,777,2004-05-18,1.0
431,727,2004-05-18,1.0
1039,67,2004-05-18,1.0
536,884,2004-05-18,1.0
405,250,2004-05-18,1.0
36,189,2004-05-18,1.0
415,997,2004-05-18,1.0
415,1121,2004-05-18,1.0
405,950,2004-05-18,1.0
817,346,2004-05-18,1.0
609,971,2004-05-18,1.0
1039,254,2004-05-18,1.0
254,1039,2004-05-18,1.0
495,546,2004-05-18,1.0
405,777,2004-05-18,1.0
1069,317,2004-05-18,1.0
495,815,2004-05-18,1.0
1034,311,2004-05-18,1.0
679,72,2004-05-18,1.0
9,282,2004-05-18,1.0
415,840,2004-05-18,1.0
823,498,2004-05-18,1.0
1032,840,2004-05-18,1.0
840,1032,2004-05-18,1.0
615,277,2004-05-18,1.0
72,679,2004-05-18,1.0
277,615,2004-05-18,1.0
1166,1034,2004-05-18,1.0
306,408,2004-05-18,1.0
734,1023,2004-05-18,1.0
1034,1166,2004-05-18,1.0
1103,252,2004-05-18,1.0
532,536,2004-05-18,1.0
189,712,2004-05-18,1.0
309,840,2004-05-18,1.0
254,654,2004-05-18,1.0
1060,199,2004-05-18,1.0
1107,1012,2004-05-18,1.0
617,681,2004-05-18,1.0
1126,289,2004-05-18,1.0
41,1041,2004-05-18,1.0
739,781,2004-05-18,1.0
398,260,2004-05-18,1.0
1120,306,2004-05-18,1.0
209,598,2004-05-18,1.0
654,1127,2004-05-18,1.0
1127,265,2004-05-18,1.0
1127,405,2004-05-18,1.0
1026,252,2004-05-18,1.0
1127,971,2004-05-18,1.0
1127,123,2004-05-18,1.0
1127,1137,2004-05-18,1.0
337,605,2004-05-18,1.0
781,739,2004-05-18,1.0
53,739,2004-05-18,1.0
713,950,2004-05-18,1.0
1162,288,2004-05-18,1.0
527,19,2004-05-18,1.0
288,1162,2004-05-18,1.0
1132,341,2004-05-18,1.0
1162,27,2004-05-18,1.0
595,172,2004-05-18,1.0
224,839,2004-05-18,1.0
224,862,2004-05-18,1.0
224,175,2004-05-18,1.0
342,319,2004-05-18,1.0
781,50,2004-05-18,1.0
32,698,2004-05-18,1.0
53,250,2004-05-18,1.0
713,545,2004-05-18,1.0
749,173,2004-05-18,1.0
1127,654,2004-05-18,1.0
1004,783,2004-05-18,1.0
1004,277,2004-05-18,1.0
1113,774,2004-05-18,1.0
1004,908,2004-05-18,1.0
1033,437,2004-05-18,1.0
546,495,2004-05-18,1.0
1004,1032,2004-05-18,1.0
495,191,2004-05-18,1.0
939,1103,2004-05-18,1.0
674,1100,2004-05-18,1.0
540,667,2004-05-18,1.0
815,939,2004-05-18,1.0
495,1113,2004-05-18,1.0
1004,687,2004-05-18,1.0
687,1004,2004-05-18,1.0
67,1103,2004-05-18,1.0
32,638,2004-05-18,1.0
598,1070,2004-05-18,1.0
598,1071,2004-05-18,1.0
250,128,2004-05-18,1.0
712,1042,2004-05-18,1.0
712,758,2004-05-18,1.0
402,762,2004-05-18,1.0
154,357,2004-05-18,1.0
342,638,2004-05-18,1.0
777,454,2004-05-18,1.0
777,405,2004-05-18,1.0
1121,415,2004-05-18,1.0
1058,1142,2004-05-18,1.0
687,753,2004-05-18,1.0
679,453,2004-05-18,1.0
990,969,2004-05-18,1.0
323,73,2004-05-18,1.0
41,1163,2004-05-18,1.0
509,1039,2004-05-18,1.0
477,317,2004-05-18,1.0
1031,840,2004-05-18,1.0
323,1164,2004-05-18,1.0
67,938,2004-05-18,1.0
118,1070,2004-05-18,1.0
783,1004,2004-05-18,1.0
725,673,2004-05-18,1.0
509,389,2004-05-18,1.0
1163,41,2004-05-18,1.0
830,389,2004-05-18,1.0
617,728,2004-05-18,1.0
131,314,2004-05-18,1.0
687,605,2004-05-18,1.0
557,926,2004-05-18,1.0
425,765,2004-05-18,1.0
252,97,2004-05-18,1.0
12,415,2004-05-18,1.0
509,454,2004-05-18,1.0
509,1103,2004-05-18,1.0
9,177,2004-05-18,1.0
605,181,2004-05-18,1.0
181,495,2004-05-18,1.0
68,495,2004-05-18,1.0
431,840,2004-05-18,1.0
498,378,2004-05-18,1.0
840,1031,2004-05-18,1.0
950,1131,2004-05-18,1.0
814,603,2004-05-18,1.0
586,626,2004-05-18,1.0
50,781,2004-05-18,1.0
626,590,2004-05-18,1.0
626,586,2004-05-18,1.0
483,42,2004-05-18,1.0
617,966,2004-05-18,1.0
396,378,2004-05-18,1.0
50,755,2004-05-18,1.0
27,1162,2004-05-18,1.0
176,840,2004-05-18,1.0
463,80,2004-05-18,1.0
758,1023,2004-05-18,1.0
758,712,2004-05-18,1.0
853,1034,2004-05-18,1.0
590,1144,2004-05-18,1.0
105,990,2004-05-18,1.0
323,557,2004-05-18,1.0
105,155,2004-05-18,1.0
1043,97,2004-05-18,1.0
288,34,2004-05-18,1.0
440,1103,2004-05-18,1.0
323,250,2004-05-18,1.0
323,68,2004-05-18,1.0
63,865,2004-05-18,1.0
189,34,2004-05-18,1.0
841,103,2004-05-18,1.0
34,189,2004-05-18,1.0
704,1131,2004-05-18,1.0
317,605,2004-05-18,1.0
605,317,2004-05-18,1.0
281,32,2004-05-18,1.0
1039,72,2004-05-18,1.0
308,1118,2004-05-18,1.0
865,63,2004-05-18,1.0
600,309,2004-05-18,1.0
598,573,2004-05-18,1.0
114,250,2004-05-18,1.0
596,605,2004-05-18,1.0
483,679,2004-05-18,1.0
72,1039,2004-05-18,1.0
440,523,2004-05-18,1.0
50,1131,2004-05-18,1.0
19,1130,2004-05-18,1.0
19,1131,2004-05-18,1.0
19,1133,2004-05-18,1.0
212,289,2004-05-18,1.0
323,865,2004-05-18,1.0
724,523,2004-05-18,1.0
34,288,2004-05-18,1.0
323,367,2004-05-18,1.0
1072,878,2004-05-18,1.0
762,758,2004-05-18,1.0
793,1093,2004-05-18,1.0
254,598,2004-05-18,1.0
175,224,2004-05-18,1.0
377,288,2004-05-18,1.0
1132,325,2004-05-18,1.0
1132,1093,2004-05-18,1.0
1128,1034,2004-05-18,1.0
1087,1131,2004-05-18,1.0
250,1068,2004-05-18,1.0
377,32,2004-05-18,1.0
67,32,2004-05-18,1.0
1068,250,2004-05-18,1.0
308,595,2004-05-18,1.0
334,429,2004-05-18,1.0
32,605,2004-05-18,1.0
634,8,2004-05-18,1.0
605,32,2004-05-18,1.0
114,103,2004-05-18,1.0
1132,32,2004-05-18,1.0
32,1034,2004-05-18,1.0
1034,32,2004-05-18,1.0
32,281,2004-05-18,1.0
598,687,2004-05-18,1.0
212,532,2004-05-18,1.0
308,792,2004-05-18,1.0
454,509,2004-05-18,1.0
19,1132,2004-05-18,1.0
687,598,2004-05-18,1.0
1129,42,2004-05-18,1.0
532,212,2004-05-18,1.0
792,308,2004-05-18,1.0
1049,325,2004-05-18,1.0
595,308,2004-05-18,1.0
1131,440,2004-05-18,1.0
992,317,2004-05-18,1.0
991,1094,2004-05-18,1.0
440,1131,2004-05-18,1.0
317,992,2004-05-18,1.0
600,980,2004-05-18,1.0
1131,50,2004-05-18,1.0
1127,144,2004-05-18,1.0
573,598,2004-05-18,1.0
325,598,2004-05-18,1.0
184,1026,2004-05-18,1.0
449,1127,2004-05-18,1.0
1127,449,2004-05-18,1.0
212,590,2004-05-18,1.0
793,950,2004-05-18,1.0
793,341,2004-05-18,1.0
250,954,2004-05-18,1.0
302,769,2004-05-18,1.0
687,367,2004-05-18,1.0
598,542,2004-05-18,1.0
1034,1118,2004-05-18,1.0
598,325,2004-05-18,1.0
367,687,2004-05-18,1.0
598,560,2004-05-18,1.0
954,652,2004-05-18,1.0
63,560,2004-05-18,1.0
986,19,2004-05-18,1.0
954,953,2004-05-18,1.0
250,1118,2004-05-18,1.0
1023,1117,2004-05-18,1.0
598,980,2004-05-18,1.0
103,1118,2004-05-18,1.0
1118,250,2004-05-18,1.0
1118,1034,2004-05-18,1.0
609,1026,2004-05-18,1.0
609,151,2004-05-18,1.0
609,836,2004-05-18,1.0
609,1056,2004-05-18,1.0
1118,834,2004-05-18,1.0
713,41,2004-05-18,1.0
1118,103,2004-05-18,1.0
713,342,2004-05-18,1.0
97,252,2004-05-18,1.0
97,644,2004-05-18,1.0
834,1118,2004-05-18,1.0
367,598,2004-05-18,1.0
598,367,2004-05-18,1.0
439,212,2004-05-18,1.0
1118,308,2004-05-18,1.0
980,598,2004-05-18,1.0
26,679,2004-05-18,1.0
103,556,2004-05-18,1.0
525,155,2004-05-18,1.0
679,481,2004-05-18,1.0
586,481,2004-05-18,1.0
481,679,2004-05-18,1.0
481,586,2004-05-18,1.0
302,557,2004-05-18,1.0
67,449,2004-05-18,1.0
1113,309,2004-05-18,1.0
36,103,2004-05-18,1.0
128,250,2004-05-18,1.0
598,250,2004-05-18,1.0
103,983,2004-05-18,1.0
155,525,2004-05-18,1.0
866,203,2004-05-18,1.0
250,598,2004-05-18,1.0
598,523,2004-05-18,1.0
859,641,2004-05-18,1.0
42,1129,2004-05-18,1.0
323,88,2004-05-18,1.0
758,681,2004-05-18,1.0
681,758,2004-05-18,1.0
652,73,2004-05-18,1.0
34,1130,2004-05-18,1.0
704,822,2004-05-18,1.0
679,483,2004-05-18,1.0
793,1131,2004-05-18,1.0
34,282,2004-05-18,1.0
1052,626,2004-05-18,1.0
12,569,2004-05-18,1.0
640,42,2004-05-18,1.0
44,189,2004-05-18,1.0
567,544,2004-05-18,1.0
762,402,2004-05-18,1.0
679,42,2004-05-18,1.0
42,679,2004-05-18,1.0
189,144,2004-05-18,1.0
44,19,2004-05-18,1.0
325,1049,2004-05-18,1.0
758,762,2004-05-18,1.0
477,526,2004-05-18,1.0
652,954,2004-05-18,1.0
704,605,2004-05-18,1.0
308,1042,2004-05-18,1.0
809,482,2004-05-18,1.0
605,337,2004-05-18,1.0
704,958,2004-05-18,1.0
48,683,2004-05-18,1.0
801,1039,2004-05-18,1.0
770,1118,2004-05-18,1.0
250,405,2004-05-18,1.0
1118,770,2004-05-18,1.0
1140,281,2004-05-18,1.0
831,939,2004-05-18,1.0
281,337,2004-05-18,1.0
281,308,2004-05-18,1.0
596,724,2004-05-18,1.0
281,254,2004-05-18,1.0
281,332,2004-05-18,1.0
281,263,2004-05-18,1.0
1110,658,2004-05-18,1.0
867,721,2004-05-18,1.0
958,704,2004-05-18,1.0
32,704,2004-05-18,1.0
586,1136,2004-05-18,1.0
1069,542,2004-05-18,1.0
44,770,2004-05-18,1.0
697,719,2004-05-18,1.0
250,958,2004-05-18,1.0
704,32,2004-05-18,1.0
627,212,2004-05-18,1.0
212,105,2004-05-18,1.0
297,598,2004-05-18,1.0
753,1100,2004-05-18,1.0
53,1139,2004-05-18,1.0
212,627,2004-05-18,1.0
32,1132,2004-05-18,1.0
430,32,2004-05-18,1.0
172,595,2004-05-18,1.0
719,697,2004-05-18,1.0
834,168,2004-05-18,1.0
1111,317,2004-05-18,1.0
777,605,2004-05-18,1.0
431,617,2004-05-18,1.0
297,999,2004-05-18,1.0
617,834,2004-05-18,1.0
212,439,2004-05-18,1.0
105,212,2004-05-18,1.0
220,834,2004-05-18,1.0
220,224,2004-05-18,1.0
105,482,2004-05-18,1.0
492,1105,2004-05-18,1.0
105,90,2004-05-18,1.0
105,339,2004-05-18,1.0
314,542,2004-05-18,1.0
198,101,2004-05-18,1.0
105,603,2004-05-18,1.0
105,1050,2004-05-18,1.0
105,993,2004-05-18,1.0
105,101,2004-05-18,1.0
105,132,2004-05-18,1.0
377,1122,2004-05-18,1.0
105,716,2004-05-18,1.0
1052,175,2004-05-18,1.0
357,659,2004-05-18,1.0
368,1021,2004-05-18,1.0
474,309,2004-05-18,1.0
357,1118,2004-05-18,1.0
309,1139,2004-05-18,1.0
544,567,2004-05-18,1.0
714,928,2004-05-18,1.0
308,281,2004-05-18,1.0
915,701,2004-05-18,1.0
714,460,2004-05-18,1.0
67,1132,2004-05-18,1.0
878,1072,2004-05-18,1.0
67,1137,2004-05-18,1.0
617,74,2004-05-18,1.0
724,596,2004-05-18,1.0
617,644,2004-05-18,1.0
644,617,2004-05-18,1.0
219,719,2004-05-18,1.0
644,481,2004-05-18,1.0
132,1039,2004-05-18,1.0
765,425,2004-05-18,1.0
627,388,2004-05-18,1.0
308,545,2004-05-18,1.0
590,1019,2004-05-18,1.0
590,212,2004-05-18,1.0
834,8,2004-05-18,1.0
323,105,2004-05-18,1.0
105,388,2004-05-18,1.0
1136,181,2004-05-18,1.0
665,353,2004-05-18,1.0
513,388,2004-05-18,1.0
513,514,2004-05-18,1.0
1136,50,2004-05-18,1.0
50,1136,2004-05-18,1.0
545,308,2004-05-18,1.0
103,617,2004-05-18,1.0
958,959,2004-05-18,1.0
590,681,2004-05-18,1.0
605,704,2004-05-18,1.0
306,388,2004-05-18,1.0
514,590,2004-05-18,1.0
627,590,2004-05-18,1.0
590,514,2004-05-18,1.0
514,388,2004-05-18,1.0
514,513,2004-05-18,1.0
605,440,2004-05-18,1.0
388,795,2004-05-18,1.0
513,1101,2004-05-18,1.0
105,1039,2004-05-18,1.0
105,454,2004-05-18,1.0
105,632,2004-05-18,1.0
105,626,2004-05-18,1.0
105,337,2004-05-18,1.0
105,263,2004-05-18,1.0
212,1054,2004-05-18,1.0
790,735,2004-05-18,1.0
105,563,2004-05-18,1.0
105,250,2004-05-18,1.0
644,97,2004-05-18,1.0
617,704,2004-05-18,1.0
50,586,2004-05-18,1.0
1100,498,2004-05-18,1.0
498,1135,2004-05-18,1.0
542,1069,2004-05-18,1.0
105,367,2004-05-18,1.0
105,1132,2004-05-18,1.0
105,679,2004-05-18,1.0
105,724,2004-05-18,1.0
105,814,2004-05-18,1.0
388,306,2004-05-18,1.0
983,985,2004-05-18,1.0
317,1111,2004-05-18,1.0
939,466,2004-05-18,1.0
308,373,2004-05-18,1.0
939,977,2004-05-18,1.0
939,813,2004-05-18,1.0
939,855,2004-05-18,1.0
168,834,2004-05-18,1.0
323,285,2004-05-18,1.0
546,1137,2004-05-18,1.0
939,765,2004-05-18,1.0
986,254,2004-05-18,1.0
986,8,2004-05-18,1.0
388,627,2004-05-18,1.0
939,537,2004-05-18,1.0
753,652,2004-05-18,1.0
939,1138,2004-05-18,1.0
939,815,2004-05-18,1.0
753,590,2004-05-18,1.0
939,707,2004-05-18,1.0
939,1021,2004-05-18,1.0
939,1040,2004-05-18,1.0
1002,101,2004-05-18,1.0
600,779,2004-05-18,1.0
1039,801,2004-05-18,1.0
1002,273,2004-05-18,1.0
1052,708,2004-05-18,1.0
73,652,2004-05-18,1.0
753,984,2004-05-18,1.0
514,1102,2004-05-18,1.0
1039,132,2004-05-18,1.0
388,514,2004-05-18,1.0
735,790,2004-05-18,1.0
1056,687,2004-05-18,1.0
939,59,2004-05-18,1.0
939,380,2004-05-18,1.0
726,97,2004-05-18,1.0
954,250,2004-05-18,1.0
939,1092,2004-05-18,1.0
308,163,2004-05-18,1.0
1189,482,2004-05-19,1.0
1158,297,2004-05-19,1.0
377,415,2004-05-19,1.0
377,856,2004-05-19,1.0
928,176,2004-05-19,1.0
1158,638,2004-05-19,1.0
176,928,2004-05-19,1.0
118,1070,2004-05-19,1.0
1158,1033,2004-05-19,1.0
212,306,2004-05-19,1.0
1189,815,2004-05-19,1.0
482,1189,2004-05-19,1.0
1190,1034,2004-05-19,1.0
105,308,2004-05-19,1.0
1158,437,2004-05-19,1.0
1158,542,2004-05-19,1.0
242,454,2004-05-19,1.0
377,755,2004-05-19,1.0
1033,1158,2004-05-19,1.0
437,1158,2004-05-19,1.0
542,1158,2004-05-19,1.0
555,843,2004-05-19,1.0
103,475,2004-05-19,1.0
535,594,2004-05-19,1.0
479,325,2004-05-19,1.0
377,48,2004-05-19,1.0
642,325,2004-05-19,1.0
482,878,2004-05-19,1.0
422,308,2004-05-19,1.0
350,343,2004-05-19,1.0
547,642,2004-05-19,1.0
642,547,2004-05-19,1.0
350,753,2004-05-19,1.0
176,1161,2004-05-19,1.0
350,1168,2004-05-19,1.0
378,254,2004-05-19,1.0
555,1173,2004-05-19,1.0
1117,376,2004-05-19,1.0
1110,343,2004-05-19,1.0
714,460,2004-05-19,1.0
884,1097,2004-05-19,1.0
475,103,2004-05-19,1.0
308,317,2004-05-19,1.0
1189,277,2004-05-19,1.0
317,308,2004-05-19,1.0
605,1185,2004-05-19,1.0
53,181,2004-05-19,1.0
605,479,2004-05-19,1.0
1189,768,2004-05-19,1.0
308,422,2004-05-19,1.0
768,1189,2004-05-19,1.0
1189,372,2004-05-19,1.0
372,765,2004-05-19,1.0
372,1189,2004-05-19,1.0
1052,1184,2004-05-19,1.0
118,616,2004-05-19,1.0
3,194,2004-05-19,1.0
878,798,2004-05-19,1.0
372,1050,2004-05-19,1.0
950,1132,2004-05-19,1.0
252,815,2004-05-19,1.0
118,296,2004-05-19,1.0
325,479,2004-05-19,1.0
72,679,2004-05-19,1.0
1189,598,2004-05-19,1.0
1113,142,2004-05-19,1.0
569,372,2004-05-19,1.0
679,465,2004-05-19,1.0
679,720,2004-05-19,1.0
954,652,2004-05-19,1.0
679,72,2004-05-19,1.0
679,50,2004-05-19,1.0
954,103,2004-05-19,1.0
679,161,2004-05-19,1.0
536,1127,2004-05-19,1.0
1127,536,2004-05-19,1.0
189,635,2004-05-19,1.0
1186,309,2004-05-19,1.0
1127,372,2004-05-19,1.0
372,26,2004-05-19,1.0
372,473,2004-05-19,1.0
44,189,2004-05-19,1.0
44,249,2004-05-19,1.0
465,679,2004-05-19,1.0
1113,323,2004-05-19,1.0
1113,815,2004-05-19,1.0
114,124,2004-05-19,1.0
652,954,2004-05-19,1.0
1189,536,2004-05-19,1.0
1189,1191,2004-05-19,1.0
713,1158,2004-05-19,1.0
1137,1127,2004-05-19,1.0
755,377,2004-05-19,1.0
777,315,2004-05-19,1.0
675,462,2004-05-19,1.0
617,73,2004-05-19,1.0
1142,1058,2004-05-19,1.0
514,439,2004-05-19,1.0
1050,372,2004-05-19,1.0
494,1189,2004-05-19,1.0
114,103,2004-05-19,1.0
249,779,2004-05-19,1.0
183,234,2004-05-19,1.0
462,675,2004-05-19,1.0
1087,1187,2004-05-19,1.0
1033,437,2004-05-19,1.0
1029,586,2004-05-19,1.0
1029,939,2004-05-19,1.0
479,1033,2004-05-19,1.0
368,545,2004-05-19,1.0
1033,479,2004-05-19,1.0
1033,1072,2004-05-19,1.0
9,598,2004-05-19,1.0
542,379,2004-05-19,1.0
687,1056,2004-05-19,1.0
41,379,2004-05-19,1.0
1189,97,2004-05-19,1.0
405,388,2004-05-19,1.0
460,714,2004-05-19,1.0
199,546,2004-05-19,1.0
1127,1137,2004-05-19,1.0
720,679,2004-05-19,1.0
199,652,2004-05-19,1.0
189,626,2004-05-19,1.0
342,1039,2004-05-19,1.0
352,332,2004-05-19,1.0
1039,342,2004-05-19,1.0
214,1181,2004-05-19,1.0
626,342,2004-05-19,1.0
626,1173,2004-05-19,1.0
342,626,2004-05-19,1.0
546,398,2004-05-19,1.0
638,68,2004-05-19,1.0
638,1124,2004-05-19,1.0
398,546,2004-05-19,1.0
638,1158,2004-05-19,1.0
53,834,2004-05-19,1.0
242,1178,2004-05-19,1.0
852,1180,2004-05-19,1.0
1182,609,2004-05-19,1.0
8,834,2004-05-19,1.0
357,1041,2004-05-19,1.0
609,1182,2004-05-19,1.0
1180,852,2004-05-19,1.0
1173,1018,2004-05-19,1.0
1041,41,2004-05-19,1.0
1173,1172,2004-05-19,1.0
834,8,2004-05-19,1.0
799,400,2004-05-19,1.0
440,590,2004-05-19,1.0
779,323,2004-05-19,1.0
439,514,2004-05-19,1.0
609,784,2004-05-19,1.0
590,440,2004-05-19,1.0
41,1182,2004-05-19,1.0
161,679,2004-05-19,1.0
815,495,2004-05-19,1.0
815,277,2004-05-19,1.0
191,396,2004-05-19,1.0
357,1181,2004-05-19,1.0
36,770,2004-05-19,1.0
600,1180,2004-05-19,1.0
357,306,2004-05-19,1.0
815,364,2004-05-19,1.0
277,80,2004-05-19,1.0
1043,454,2004-05-19,1.0
357,1111,2004-05-19,1.0
50,679,2004-05-19,1.0
609,39,2004-05-19,1.0
1180,1183,2004-05-19,1.0
143,201,2004-05-19,1.0
560,598,2004-05-19,1.0
704,277,2004-05-19,1.0
357,840,2004-05-19,1.0
555,440,2004-05-19,1.0
454,1043,2004-05-19,1.0
254,1039,2004-05-19,1.0
713,950,2004-05-19,1.0
639,687,2004-05-19,1.0
652,199,2004-05-19,1.0
586,481,2004-05-19,1.0
605,272,2004-05-19,1.0
357,1118,2004-05-19,1.0
189,712,2004-05-19,1.0
1180,475,2004-05-19,1.0
357,343,2004-05-19,1.0
357,992,2004-05-19,1.0
212,372,2004-05-19,1.0
357,1182,2004-05-19,1.0
60,1004,2004-05-19,1.0
600,560,2004-05-19,1.0
357,1184,2004-05-19,1.0
1185,590,2004-05-19,1.0
600,667,2004-05-19,1.0
1185,721,2004-05-19,1.0
105,1189,2004-05-19,1.0
277,41,2004-05-19,1.0
105,712,2004-05-19,1.0
1173,626,2004-05-19,1.0
277,594,2004-05-19,1.0
1033,1188,2004-05-19,1.0
422,615,2004-05-19,1.0
41,277,2004-05-19,1.0
80,277,2004-05-19,1.0
41,1041,2004-05-19,1.0
768,772,2004-05-19,1.0
73,617,2004-05-19,1.0
105,498,2004-05-19,1.0
1004,1103,2004-05-19,1.0
781,1042,2004-05-19,1.0
337,272,2004-05-19,1.0
306,212,2004-05-19,1.0
306,616,2004-05-19,1.0
681,440,2004-05-19,1.0
306,305,2004-05-19,1.0
810,99,2004-05-19,1.0
1189,714,2004-05-19,1.0
546,454,2004-05-19,1.0
714,1189,2004-05-19,1.0
1189,878,2004-05-19,1.0
372,766,2004-05-19,1.0
317,477,2004-05-19,1.0
372,569,2004-05-19,1.0
843,1167,2004-05-19,1.0
810,1184,2004-05-19,1.0
372,482,2004-05-19,1.0
1185,1077,2004-05-19,1.0
621,772,2004-05-19,1.0
437,1033,2004-05-19,1.0
309,1182,2004-05-19,1.0
639,498,2004-05-19,1.0
1182,309,2004-05-19,1.0
3,72,2004-05-19,1.0
309,1186,2004-05-19,1.0
103,1181,2004-05-19,1.0
143,357,2004-05-19,1.0
103,841,2004-05-19,1.0
1042,712,2004-05-19,1.0
1185,388,2004-05-19,1.0
498,639,2004-05-19,1.0
615,277,2004-05-19,1.0
277,615,2004-05-19,1.0
482,372,2004-05-19,1.0
1181,103,2004-05-19,1.0
1042,781,2004-05-19,1.0
793,1187,2004-05-19,1.0
615,422,2004-05-19,1.0
3,477,2004-05-19,1.0
309,307,2004-05-19,1.0
30,161,2004-05-19,1.0
1036,454,2004-05-19,1.0
640,297,2004-05-19,1.0
1189,595,2004-05-19,1.0
1167,840,2004-05-19,1.0
586,378,2004-05-19,1.0
595,1189,2004-05-19,1.0
586,495,2004-05-19,1.0
53,62,2004-05-19,1.0
297,615,2004-05-19,1.0
840,1186,2004-05-19,1.0
318,1042,2004-05-19,1.0
297,640,2004-05-19,1.0
840,48,2004-05-19,1.0
840,1167,2004-05-19,1.0
297,1158,2004-05-19,1.0
1189,220,2004-05-19,1.0
1136,398,2004-05-19,1.0
1136,48,2004-05-19,1.0
143,479,2004-05-19,1.0
598,90,2004-05-19,1.0
598,1189,2004-05-19,1.0
958,704,2004-05-19,1.0
1183,288,2004-05-19,1.0
449,263,2004-05-19,1.0
1186,840,2004-05-19,1.0
546,1189,2004-05-19,1.0
546,199,2004-05-19,1.0
546,495,2004-05-19,1.0
741,928,2004-05-19,1.0
1039,72,2004-05-19,1.0
483,372,2004-05-19,1.0
288,1183,2004-05-19,1.0
48,840,2004-05-19,1.0
483,1189,2004-05-19,1.0
288,1193,2004-05-19,1.0
1032,783,2004-05-19,1.0
9,1183,2004-05-19,1.0
353,1187,2004-05-19,1.0
1189,626,2004-05-19,1.0
1066,495,2004-05-19,1.0
402,1173,2004-05-19,1.0
498,495,2004-05-19,1.0
372,402,2004-05-19,1.0
114,357,2004-05-19,1.0
1189,840,2004-05-19,1.0
372,378,2004-05-19,1.0
114,1189,2004-05-19,1.0
495,1066,2004-05-19,1.0
495,1185,2004-05-19,1.0
1110,281,2004-05-19,1.0
495,815,2004-05-19,1.0
495,181,2004-05-19,1.0
277,993,2004-05-19,1.0
1181,654,2004-05-19,1.0
306,394,2004-05-19,1.0
1066,840,2004-05-19,1.0
90,598,2004-05-19,1.0
323,1036,2004-05-19,1.0
595,199,2004-05-19,1.0
353,42,2004-05-19,1.0
415,538,2004-05-19,1.0
1066,277,2004-05-19,1.0
712,189,2004-05-19,1.0
249,615,2004-05-19,1.0
249,713,2004-05-19,1.0
840,1066,2004-05-19,1.0
431,307,2004-05-19,1.0
840,1189,2004-05-19,1.0
394,306,2004-05-19,1.0
1113,1182,2004-05-19,1.0
9,32,2004-05-19,1.0
1113,823,2004-05-19,1.0
1113,309,2004-05-19,1.0
283,583,2004-05-19,1.0
1189,546,2004-05-19,1.0
32,1034,2004-05-19,1.0
214,713,2004-05-19,1.0
309,712,2004-05-19,1.0
204,615,2004-05-19,1.0
204,1189,2004-05-19,1.0
704,1183,2004-05-19,1.0
72,683,2004-05-19,1.0
704,1195,2004-05-19,1.0
19,434,2004-05-19,1.0
823,242,2004-05-19,1.0
487,598,2004-05-19,1.0
9,1196,2004-05-19,1.0
590,654,2004-05-19,1.0
966,617,2004-05-19,1.0
9,928,2004-05-19,1.0
9,1169,2004-05-19,1.0
9,1188,2004-05-19,1.0
966,323,2004-05-19,1.0
770,277,2004-05-19,1.0
9,1181,2004-05-19,1.0
9,1198,2004-05-19,1.0
586,570,2004-05-19,1.0
9,1190,2004-05-19,1.0
1032,823,2004-05-19,1.0
377,1117,2004-05-19,1.0
9,1191,2004-05-19,1.0
9,1197,2004-05-19,1.0
1126,289,2004-05-19,1.0
431,823,2004-05-19,1.0
536,615,2004-05-19,1.0
454,546,2004-05-19,1.0
454,1036,2004-05-19,1.0
1113,495,2004-05-19,1.0
542,495,2004-05-19,1.0
704,958,2004-05-19,1.0
1034,32,2004-05-19,1.0
1018,252,2004-05-19,1.0
626,1189,2004-05-19,1.0
306,676,2004-05-19,1.0
570,400,2004-05-19,1.0
1014,277,2004-05-19,1.0
781,713,2004-05-19,1.0
570,306,2004-05-19,1.0
306,570,2004-05-19,1.0
1117,615,2004-05-19,1.0
1178,615,2004-05-19,1.0
72,1039,2004-05-19,1.0
823,149,2004-05-19,1.0
509,260,2004-05-19,1.0
509,389,2004-05-19,1.0
288,470,2004-05-19,1.0
993,277,2004-05-19,1.0
1181,1194,2004-05-19,1.0
1190,288,2004-05-19,1.0
600,779,2004-05-19,1.0
233,797,2004-05-19,1.0
378,372,2004-05-19,1.0
378,586,2004-05-19,1.0
1190,50,2004-05-19,1.0
536,1189,2004-05-19,1.0
725,713,2004-05-19,1.0
713,1185,2004-05-19,1.0
713,716,2004-05-19,1.0
713,199,2004-05-19,1.0
713,1165,2004-05-19,1.0
1,30,2004-05-19,1.0
713,749,2004-05-19,1.0
80,1189,2004-05-19,1.0
713,370,2004-05-19,1.0
713,124,2004-05-19,1.0
713,687,2004-05-19,1.0
713,609,2004-05-19,1.0
713,725,2004-05-19,1.0
679,30,2004-05-19,1.0
1189,1181,2004-05-19,1.0
1189,569,2004-05-19,1.0
1181,1189,2004-05-19,1.0
713,1036,2004-05-19,1.0
713,1042,2004-05-19,1.0
713,998,2004-05-19,1.0
30,679,2004-05-19,1.0
713,1189,2004-05-19,1.0
1185,495,2004-05-19,1.0
594,277,2004-05-19,1.0
277,1066,2004-05-19,1.0
1165,713,2004-05-19,1.0
1189,80,2004-05-19,1.0
547,1169,2004-05-19,1.0
1185,1130,2004-05-19,1.0
36,189,2004-05-19,1.0
542,1059,2004-05-19,1.0
260,103,2004-05-19,1.0
260,398,2004-05-19,1.0
260,509,2004-05-19,1.0
990,1142,2004-05-19,1.0
260,949,2004-05-19,1.0
713,781,2004-05-19,1.0
713,214,2004-05-19,1.0
713,1018,2004-05-19,1.0
713,681,2004-05-19,1.0
1181,1083,2004-05-19,1.0
713,250,2004-05-19,1.0
713,884,2004-05-19,1.0
713,462,2004-05-19,1.0
713,346,2004-05-19,1.0
1136,309,2004-05-19,1.0
30,1,2004-05-19,1.0
779,381,2004-05-19,1.0
713,714,2004-05-19,1.0
713,999,2004-05-19,1.0
713,87,2004-05-19,1.0
713,249,2004-05-19,1.0
1185,598,2004-05-19,1.0
713,1101,2004-05-19,1.0
430,32,2004-05-19,1.0
569,1189,2004-05-19,1.0
495,498,2004-05-19,1.0
87,713,2004-05-19,1.0
765,372,2004-05-19,1.0
495,586,2004-05-19,1.0
495,884,2004-05-19,1.0
277,1014,2004-05-19,1.0
3,1192,2004-05-19,1.0
372,1127,2004-05-19,1.0
615,1117,2004-05-19,1.0
615,536,2004-05-19,1.0
615,297,2004-05-19,1.0
615,249,2004-05-19,1.0
1036,323,2004-05-19,1.0
615,8,2004-05-19,1.0
765,425,2004-05-19,1.0
332,352,2004-05-19,1.0
847,63,2004-05-19,1.0
495,121,2004-05-19,1.0
725,1132,2004-05-19,1.0
495,542,2004-05-19,1.0
686,341,2004-05-19,1.0
224,175,2004-05-19,1.0
993,364,2004-05-19,1.0
1190,394,2004-05-19,1.0
495,1113,2004-05-19,1.0
513,440,2004-05-19,1.0
1036,1039,2004-05-19,1.0
495,546,2004-05-19,1.0
364,993,2004-05-19,1.0
495,68,2004-05-19,1.0
615,569,2004-05-19,1.0
1094,991,2004-05-19,1.0
307,309,2004-05-19,1.0
1189,713,2004-05-19,1.0
537,939,2004-05-19,1.0
950,309,2004-05-19,1.0
859,19,2004-05-19,1.0
950,713,2004-05-19,1.0
594,535,2004-05-19,1.0
998,713,2004-05-19,1.0
42,1191,2004-05-19,1.0
341,686,2004-05-19,1.0
53,594,2004-05-19,1.0
323,779,2004-05-19,1.0
425,765,2004-05-19,1.0
1018,713,2004-05-19,1.0
734,1023,2004-05-19,1.0
454,242,2004-05-19,1.0
272,337,2004-05-19,1.0
288,42,2004-05-19,1.0
42,288,2004-05-19,1.0
1101,713,2004-05-19,1.0
323,557,2004-05-19,1.0
277,254,2004-05-19,1.0
323,367,2004-05-19,1.0
199,509,2004-05-19,1.0
704,617,2004-05-19,1.0
870,697,2004-05-19,1.0
617,734,2004-05-19,1.0
337,263,2004-05-19,1.0
734,617,2004-05-19,1.0
697,870,2004-05-19,1.0
367,323,2004-05-19,1.0
431,617,2004-05-19,1.0
199,598,2004-05-19,1.0
430,598,2004-05-19,1.0
939,1021,2004-05-19,1.0
175,224,2004-05-19,1.0
41,1018,2004-05-19,1.0
8,32,2004-05-19,1.0
302,1004,2004-05-19,1.0
1018,697,2004-05-19,1.0
244,142,2004-05-19,1.0
1018,41,2004-05-19,1.0
1004,302,2004-05-19,1.0
617,1171,2004-05-19,1.0
755,50,2004-05-19,1.0
679,1083,2004-05-19,1.0
520,1168,2004-05-19,1.0
199,1139,2004-05-19,1.0
777,405,2004-05-19,1.0
9,1132,2004-05-19,1.0
1004,60,2004-05-19,1.0
302,654,2004-05-19,1.0
1004,1072,2004-05-19,1.0
372,1163,2004-05-19,1.0
199,840,2004-05-19,1.0
712,1042,2004-05-19,1.0
1136,29,2004-05-19,1.0
415,840,2004-05-19,1.0
1042,389,2004-05-19,1.0
372,753,2004-05-19,1.0
498,831,2004-05-19,1.0
41,1163,2004-05-19,1.0
199,971,2004-05-19,1.0
372,454,2004-05-19,1.0
199,569,2004-05-19,1.0
323,1006,2004-05-19,1.0
498,378,2004-05-19,1.0
1072,103,2004-05-19,1.0
430,857,2004-05-19,1.0
323,753,2004-05-19,1.0
1070,598,2004-05-19,1.0
220,224,2004-05-19,1.0
430,63,2004-05-19,1.0
734,605,2004-05-19,1.0
263,449,2004-05-19,1.0
586,616,2004-05-19,1.0
1042,318,2004-05-19,1.0
697,1018,2004-05-19,1.0
176,840,2004-05-19,1.0
1113,840,2004-05-19,1.0
212,6,2004-05-19,1.0
193,658,2004-05-19,1.0
212,376,2004-05-19,1.0
638,726,2004-05-19,1.0
638,462,2004-05-19,1.0
884,536,2004-05-19,1.0
856,7,2004-05-19,1.0
308,523,2004-05-19,1.0
638,590,2004-05-19,1.0
263,337,2004-05-19,1.0
536,884,2004-05-19,1.0
856,1176,2004-05-19,1.0
536,423,2004-05-19,1.0
1136,50,2004-05-19,1.0
396,191,2004-05-19,1.0
532,536,2004-05-19,1.0
121,495,2004-05-19,1.0
840,142,2004-05-19,1.0
483,193,2004-05-19,1.0
9,142,2004-05-19,1.0
638,881,2004-05-19,1.0
302,193,2004-05-19,1.0
726,992,2004-05-19,1.0
378,396,2004-05-19,1.0
1034,711,2004-05-19,1.0
396,400,2004-05-19,1.0
378,498,2004-05-19,1.0
396,378,2004-05-19,1.0
856,122,2004-05-19,1.0
376,212,2004-05-19,1.0
9,617,2004-05-19,1.0
498,654,2004-05-19,1.0
654,498,2004-05-19,1.0
1113,101,2004-05-19,1.0
469,697,2004-05-19,1.0
477,526,2004-05-19,1.0
498,105,2004-05-19,1.0
697,469,2004-05-19,1.0
67,683,2004-05-19,1.0
477,317,2004-05-19,1.0
654,302,2004-05-19,1.0
302,1174,2004-05-19,1.0
1018,1173,2004-05-19,1.0
881,853,2004-05-19,1.0
523,308,2004-05-19,1.0
1172,1173,2004-05-19,1.0
1113,437,2004-05-19,1.0
423,1039,2004-05-19,1.0
193,302,2004-05-19,1.0
1110,658,2004-05-19,1.0
638,1175,2004-05-19,1.0
840,950,2004-05-19,1.0
840,199,2004-05-19,1.0
840,176,2004-05-19,1.0
638,105,2004-05-19,1.0
1128,1034,2004-05-19,1.0
1136,950,2004-05-19,1.0
1174,302,2004-05-19,1.0
777,908,2004-05-19,1.0
950,840,2004-05-19,1.0
440,1097,2004-05-19,1.0
997,415,2004-05-19,1.0
1097,191,2004-05-19,1.0
685,128,2004-05-19,1.0
302,155,2004-05-19,1.0
823,498,2004-05-19,1.0
155,302,2004-05-19,1.0
12,926,2004-05-19,1.0
704,1131,2004-05-19,1.0
12,415,2004-05-19,1.0
908,1004,2004-05-19,1.0
1070,542,2004-05-19,1.0
992,545,2004-05-19,1.0
448,831,2004-05-19,1.0
448,454,2004-05-19,1.0
840,1043,2004-05-19,1.0
954,679,2004-05-19,1.0
954,250,2004-05-19,1.0
679,954,2004-05-19,1.0
105,739,2004-05-19,1.0
555,1167,2004-05-19,1.0
542,1070,2004-05-19,1.0
454,448,2004-05-19,1.0
105,758,2004-05-19,1.0
42,353,2004-05-19,1.0
652,753,2004-05-19,1.0
840,415,2004-05-19,1.0
884,495,2004-05-19,1.0
679,683,2004-05-19,1.0
814,603,2004-05-19,1.0
683,679,2004-05-19,1.0
654,1045,2004-05-19,1.0
654,254,2004-05-19,1.0
605,181,2004-05-19,1.0
105,704,2004-05-19,1.0
783,1032,2004-05-19,1.0
323,966,2004-05-19,1.0
1021,1104,2004-05-19,1.0
1021,939,2004-05-19,1.0
779,475,2004-05-19,1.0
1043,840,2004-05-19,1.0
831,498,2004-05-19,1.0
337,352,2004-05-19,1.0
884,840,2004-05-19,1.0
725,840,2004-05-19,1.0
389,830,2004-05-19,1.0
598,1070,2004-05-19,1.0
598,209,2004-05-19,1.0
97,726,2004-05-19,1.0
617,704,2004-05-19,1.0
296,1083,2004-05-19,1.0
423,536,2004-05-19,1.0
296,199,2004-05-19,1.0
481,586,2004-05-19,1.0
1136,1132,2004-05-19,1.0
1083,296,2004-05-19,1.0
1132,950,2004-05-19,1.0
204,777,2004-05-19,1.0
101,198,2004-05-19,1.0
199,296,2004-05-19,1.0
199,1060,2004-05-19,1.0
598,560,2004-05-19,1.0
1132,725,2004-05-19,1.0
277,815,2004-05-19,1.0
333,308,2004-05-19,1.0
830,389,2004-05-19,1.0
103,954,2004-05-19,1.0
103,1072,2004-05-19,1.0
617,681,2004-05-19,1.0
817,346,2004-05-19,1.0
617,966,2004-05-19,1.0
308,333,2004-05-19,1.0
72,249,2004-05-19,1.0
1168,520,2004-05-19,1.0
346,817,2004-05-19,1.0
249,72,2004-05-19,1.0
1169,547,2004-05-19,1.0
1136,739,2004-05-19,1.0
536,532,2004-05-19,1.0
1136,586,2004-05-19,1.0
1004,908,2004-05-19,1.0
1097,1170,2004-05-19,1.0
1087,341,2004-05-19,1.0
831,448,2004-05-19,1.0
318,513,2004-05-19,1.0
308,281,2004-05-19,1.0
1136,306,2004-05-19,1.0
1136,19,2004-05-19,1.0
881,498,2004-05-19,1.0
704,1181,2004-05-19,1.0
249,1181,2004-05-19,1.0
986,254,2004-05-19,1.0
605,277,2004-05-19,1.0
254,378,2004-05-19,1.0
323,642,2004-05-19,1.0
277,605,2004-05-19,1.0
704,6,2004-05-19,1.0
1039,254,2004-05-19,1.0
1069,878,2004-05-19,1.0
307,341,2004-05-19,1.0
341,307,2004-05-19,1.0
494,454,2004-05-19,1.0
254,277,2004-05-19,1.0
341,323,2004-05-19,1.0
753,498,2004-05-19,1.0
1103,1004,2004-05-19,1.0
90,6,2004-05-19,1.0
1180,6,2004-05-19,1.0
6,1180,2004-05-19,1.0
596,1179,2004-05-19,1.0
323,341,2004-05-19,1.0
6,794,2004-05-19,1.0
753,1044,2004-05-19,1.0
323,142,2004-05-19,1.0
843,62,2004-05-19,1.0
6,201,2004-05-19,1.0
199,595,2004-05-19,1.0
766,372,2004-05-19,1.0
555,802,2004-05-19,1.0
1180,1031,2004-05-19,1.0
332,281,2004-05-19,1.0
142,1121,2004-05-19,1.0
6,90,2004-05-19,1.0
762,1137,2004-05-19,1.0
149,823,2004-05-19,1.0
161,30,2004-05-19,1.0
1019,1136,2004-05-19,1.0
1136,1019,2004-05-19,1.0
483,34,2004-05-19,1.0
1124,638,2004-05-19,1.0
193,149,2004-05-19,1.0
632,323,2004-05-19,1.0
181,766,2004-05-19,1.0
181,495,2004-05-19,1.0
103,211,2004-05-19,1.0
1178,679,2004-05-19,1.0
1136,341,2004-05-19,1.0
323,339,2004-05-19,1.0
448,314,2004-05-19,1.0
12,598,2004-05-19,1.0
254,986,2004-05-19,1.0
1178,586,2004-05-19,1.0
712,753,2004-05-19,1.0
19,1069,2004-05-19,1.0
986,19,2004-05-19,1.0
753,712,2004-05-19,1.0
19,211,2004-05-19,1.0
840,254,2004-05-19,1.0
297,1001,2004-05-19,1.0
1113,638,2004-05-19,1.0
249,297,2004-05-19,1.0
1087,595,2004-05-19,1.0
1045,654,2004-05-19,1.0
681,513,2004-05-19,1.0
254,654,2004-05-19,1.0
1023,734,2004-05-19,1.0
840,103,2004-05-19,1.0
739,105,2004-05-19,1.0
193,483,2004-05-19,1.0
34,313,2004-05-19,1.0
1093,341,2004-05-19,1.0
332,840,2004-05-19,1.0
68,638,2004-05-19,1.0
726,638,2004-05-19,1.0
561,1177,2004-05-19,1.0
739,781,2004-05-19,1.0
1113,396,2004-05-19,1.0
249,598,2004-05-19,1.0
638,753,2004-05-19,1.0
68,495,2004-05-19,1.0
103,617,2004-05-19,1.0
415,997,2004-05-19,1.0
308,726,2004-05-19,1.0
32,8,2004-05-19,1.0
726,308,2004-05-19,1.0
498,881,2004-05-19,1.0
766,181,2004-05-19,1.0
342,638,2004-05-19,1.0
281,308,2004-05-19,1.0
323,632,2004-05-19,1.0
561,1175,2004-05-19,1.0
681,758,2004-05-19,1.0
753,638,2004-05-19,1.0
103,840,2004-05-19,1.0
1001,297,2004-05-19,1.0
681,617,2004-05-19,1.0
753,687,2004-05-19,1.0
753,652,2004-05-19,1.0
211,103,2004-05-19,1.0
586,396,2004-05-19,1.0
211,525,2004-05-19,1.0
254,840,2004-05-19,1.0
378,193,2004-05-19,1.0
396,586,2004-05-19,1.0
142,840,2004-05-19,1.0
281,332,2004-05-19,1.0
475,870,2004-05-19,1.0
687,639,2004-05-19,1.0
498,753,2004-05-19,1.0
687,409,2004-05-19,1.0
870,475,2004-05-19,1.0
598,249,2004-05-19,1.0
870,840,2004-05-19,1.0
249,318,2004-05-19,1.0
1093,1131,2004-05-19,1.0
142,9,2004-05-19,1.0
840,332,2004-05-19,1.0
683,67,2004-05-19,1.0
193,378,2004-05-19,1.0
1064,1216,2004-05-20,1.0
297,615,2004-05-20,1.0
1111,394,2004-05-20,1.0
834,1196,2004-05-20,1.0
220,1018,2004-05-20,1.0
1018,220,2004-05-20,1.0
36,189,2004-05-20,1.0
1234,615,2004-05-20,1.0
470,288,2004-05-20,1.0
358,250,2004-05-20,1.0
1196,32,2004-05-20,1.0
1059,389,2004-05-20,1.0
1018,1227,2004-05-20,1.0
143,1037,2004-05-20,1.0
342,379,2004-05-20,1.0
308,306,2004-05-20,1.0
67,1216,2004-05-20,1.0
297,1158,2004-05-20,1.0
1136,1158,2004-05-20,1.0
1136,342,2004-05-20,1.0
866,203,2004-05-20,1.0
204,1189,2004-05-20,1.0
582,779,2004-05-20,1.0
1233,502,2004-05-20,1.0
598,652,2004-05-20,1.0
204,615,2004-05-20,1.0
204,777,2004-05-20,1.0
27,87,2004-05-20,1.0
254,739,2004-05-20,1.0
739,254,2004-05-20,1.0
250,475,2004-05-20,1.0
739,317,2004-05-20,1.0
350,343,2004-05-20,1.0
70,1113,2004-05-20,1.0
308,272,2004-05-20,1.0
308,333,2004-05-20,1.0
739,1136,2004-05-20,1.0
42,1183,2004-05-20,1.0
189,144,2004-05-20,1.0
87,27,2004-05-20,1.0
594,1171,2004-05-20,1.0
189,712,2004-05-20,1.0
333,308,2004-05-20,1.0
1183,42,2004-05-20,1.0
697,779,2004-05-20,1.0
713,362,2004-05-20,1.0
254,1181,2004-05-20,1.0
307,1183,2004-05-20,1.0
32,1231,2004-05-20,1.0
944,697,2004-05-20,1.0
342,1039,2004-05-20,1.0
1136,48,2004-05-20,1.0
1174,547,2004-05-20,1.0
9,109,2004-05-20,1.0
713,1036,2004-05-20,1.0
1196,669,2004-05-20,1.0
713,999,2004-05-20,1.0
9,679,2004-05-20,1.0
1183,1230,2004-05-20,1.0
1224,62,2004-05-20,1.0
594,209,2004-05-20,1.0
1215,440,2004-05-20,1.0
465,679,2004-05-20,1.0
615,297,2004-05-20,1.0
713,681,2004-05-20,1.0
32,1217,2004-05-20,1.0
779,697,2004-05-20,1.0
32,1232,2004-05-20,1.0
32,1211,2004-05-20,1.0
1174,502,2004-05-20,1.0
697,915,2004-05-20,1.0
342,502,2004-05-20,1.0
1158,152,2004-05-20,1.0
779,277,2004-05-20,1.0
1158,713,2004-05-20,1.0
249,44,2004-05-20,1.0
249,886,2004-05-20,1.0
32,638,2004-05-20,1.0
32,1099,2004-05-20,1.0
964,638,2004-05-20,1.0
32,494,2004-05-20,1.0
249,1209,2004-05-20,1.0
32,1196,2004-05-20,1.0
857,430,2004-05-20,1.0
638,32,2004-05-20,1.0
1234,704,2004-05-20,1.0
638,1093,2004-05-20,1.0
323,339,2004-05-20,1.0
1146,861,2004-05-20,1.0
454,546,2004-05-20,1.0
1114,1188,2004-05-20,1.0
1215,254,2004-05-20,1.0
1114,575,2004-05-20,1.0
454,242,2004-05-20,1.0
323,325,2004-05-20,1.0
254,1215,2004-05-20,1.0
557,302,2004-05-20,1.0
9,569,2004-05-20,1.0
386,422,2004-05-20,1.0
323,346,2004-05-20,1.0
323,1235,2004-05-20,1.0
810,654,2004-05-20,1.0
1234,254,2004-05-20,1.0
437,1033,2004-05-20,1.0
810,626,2004-05-20,1.0
9,308,2004-05-20,1.0
800,964,2004-05-20,1.0
1185,840,2004-05-20,1.0
30,161,2004-05-20,1.0
713,1158,2004-05-20,1.0
1236,368,2004-05-20,1.0
144,189,2004-05-20,1.0
63,609,2004-05-20,1.0
681,402,2004-05-20,1.0
144,1185,2004-05-20,1.0
454,372,2004-05-20,1.0
605,73,2004-05-20,1.0
72,1039,2004-05-20,1.0
576,254,2004-05-20,1.0
254,576,2004-05-20,1.0
1146,1050,2004-05-20,1.0
576,733,2004-05-20,1.0
800,422,2004-05-20,1.0
638,964,2004-05-20,1.0
323,234,2004-05-20,1.0
626,1193,2004-05-20,1.0
576,394,2004-05-20,1.0
1231,32,2004-05-20,1.0
626,1189,2004-05-20,1.0
470,992,2004-05-20,1.0
323,753,2004-05-20,1.0
323,341,2004-05-20,1.0
638,1066,2004-05-20,1.0
63,963,2004-05-20,1.0
161,679,2004-05-20,1.0
638,1235,2004-05-20,1.0
388,405,2004-05-20,1.0
706,1219,2004-05-20,1.0
706,484,2004-05-20,1.0
288,470,2004-05-20,1.0
706,277,2004-05-20,1.0
706,194,2004-05-20,1.0
323,732,2004-05-20,1.0
1018,252,2004-05-20,1.0
958,732,2004-05-20,1.0
114,770,2004-05-20,1.0
509,389,2004-05-20,1.0
252,1018,2004-05-20,1.0
473,372,2004-05-20,1.0
840,1185,2004-05-20,1.0
551,1117,2004-05-20,1.0
1185,587,2004-05-20,1.0
587,1185,2004-05-20,1.0
465,194,2004-05-20,1.0
1113,823,2004-05-20,1.0
615,277,2004-05-20,1.0
80,277,2004-05-20,1.0
277,80,2004-05-20,1.0
669,1196,2004-05-20,1.0
48,152,2004-05-20,1.0
609,815,2004-05-20,1.0
277,1185,2004-05-20,1.0
815,609,2004-05-20,1.0
1185,277,2004-05-20,1.0
878,598,2004-05-20,1.0
878,128,2004-05-20,1.0
1183,307,2004-05-20,1.0
128,338,2004-05-20,1.0
128,878,2004-05-20,1.0
41,823,2004-05-20,1.0
41,1217,2004-05-20,1.0
440,1215,2004-05-20,1.0
48,1184,2004-05-20,1.0
1184,48,2004-05-20,1.0
1227,1018,2004-05-20,1.0
105,915,2004-05-20,1.0
823,1185,2004-05-20,1.0
823,814,2004-05-20,1.0
212,303,2004-05-20,1.0
1163,1211,2004-05-20,1.0
1185,823,2004-05-20,1.0
12,599,2004-05-20,1.0
823,209,2004-05-20,1.0
9,1183,2004-05-20,1.0
814,823,2004-05-20,1.0
9,753,2004-05-20,1.0
12,711,2004-05-20,1.0
9,72,2004-05-20,1.0
9,601,2004-05-20,1.0
1153,596,2004-05-20,1.0
128,1080,2004-05-20,1.0
1223,72,2004-05-20,1.0
209,823,2004-05-20,1.0
1113,815,2004-05-20,1.0
502,1174,2004-05-20,1.0
963,63,2004-05-20,1.0
1034,711,2004-05-20,1.0
995,346,2004-05-20,1.0
1225,1183,2004-05-20,1.0
1189,878,2004-05-20,1.0
878,1189,2004-05-20,1.0
596,1153,2004-05-20,1.0
1032,823,2004-05-20,1.0
1226,540,2004-05-20,1.0
1189,1217,2004-05-20,1.0
475,1163,2004-05-20,1.0
1226,1185,2004-05-20,1.0
1010,463,2004-05-20,1.0
1178,878,2004-05-20,1.0
1184,9,2004-05-20,1.0
12,8,2004-05-20,1.0
1183,1225,2004-05-20,1.0
713,740,2004-05-20,1.0
681,440,2004-05-20,1.0
1174,1132,2004-05-20,1.0
851,162,2004-05-20,1.0
1132,950,2004-05-20,1.0
954,652,2004-05-20,1.0
1132,1174,2004-05-20,1.0
1132,725,2004-05-20,1.0
615,308,2004-05-20,1.0
679,194,2004-05-20,1.0
214,1216,2004-05-20,1.0
687,252,2004-05-20,1.0
687,479,2004-05-20,1.0
687,642,2004-05-20,1.0
687,481,2004-05-20,1.0
1041,41,2004-05-20,1.0
72,1227,2004-05-20,1.0
1213,362,2004-05-20,1.0
1213,306,2004-05-20,1.0
1227,72,2004-05-20,1.0
209,594,2004-05-20,1.0
527,372,2004-05-20,1.0
1190,708,2004-05-20,1.0
547,1174,2004-05-20,1.0
498,495,2004-05-20,1.0
1189,626,2004-05-20,1.0
498,639,2004-05-20,1.0
944,70,2004-05-20,1.0
297,249,2004-05-20,1.0
297,999,2004-05-20,1.0
1039,72,2004-05-20,1.0
343,350,2004-05-20,1.0
758,683,2004-05-20,1.0
1113,70,2004-05-20,1.0
70,163,2004-05-20,1.0
536,372,2004-05-20,1.0
1021,646,2004-05-20,1.0
317,605,2004-05-20,1.0
1190,306,2004-05-20,1.0
1185,583,2004-05-20,1.0
62,598,2004-05-20,1.0
1004,194,2004-05-20,1.0
840,1186,2004-05-20,1.0
42,1229,2004-05-20,1.0
306,1228,2004-05-20,1.0
42,1018,2004-05-20,1.0
42,353,2004-05-20,1.0
308,615,2004-05-20,1.0
308,1185,2004-05-20,1.0
555,802,2004-05-20,1.0
1113,990,2004-05-20,1.0
546,454,2004-05-20,1.0
1181,341,2004-05-20,1.0
555,594,2004-05-20,1.0
80,194,2004-05-20,1.0
372,928,2004-05-20,1.0
555,1187,2004-05-20,1.0
1058,1142,2004-05-20,1.0
41,1198,2004-05-20,1.0
540,1226,2004-05-20,1.0
242,180,2004-05-20,1.0
547,63,2004-05-20,1.0
180,242,2004-05-20,1.0
242,454,2004-05-20,1.0
242,823,2004-05-20,1.0
1198,9,2004-05-20,1.0
1198,898,2004-05-20,1.0
306,308,2004-05-20,1.0
42,488,2004-05-20,1.0
1214,372,2004-05-20,1.0
1018,42,2004-05-20,1.0
308,753,2004-05-20,1.0
308,155,2004-05-20,1.0
681,513,2004-05-20,1.0
372,536,2004-05-20,1.0
325,323,2004-05-20,1.0
12,1042,2004-05-20,1.0
402,681,2004-05-20,1.0
725,1217,2004-05-20,1.0
1217,1189,2004-05-20,1.0
1217,725,2004-05-20,1.0
652,495,2004-05-20,1.0
495,498,2004-05-20,1.0
495,68,2004-05-20,1.0
495,342,2004-05-20,1.0
495,542,2004-05-20,1.0
495,546,2004-05-20,1.0
1237,1236,2004-05-20,1.0
760,325,2004-05-20,1.0
760,352,2004-05-20,1.0
233,797,2004-05-20,1.0
252,1236,2004-05-20,1.0
1056,1186,2004-05-20,1.0
835,1189,2004-05-20,1.0
62,1224,2004-05-20,1.0
687,6,2004-05-20,1.0
713,884,2004-05-20,1.0
357,713,2004-05-20,1.0
590,893,2004-05-20,1.0
1056,1004,2004-05-20,1.0
109,282,2004-05-20,1.0
713,1215,2004-05-20,1.0
1056,1032,2004-05-20,1.0
1004,1056,2004-05-20,1.0
1136,586,2004-05-20,1.0
928,372,2004-05-20,1.0
1217,32,2004-05-20,1.0
325,760,2004-05-20,1.0
1198,1230,2004-05-20,1.0
713,1042,2004-05-20,1.0
944,1236,2004-05-20,1.0
1236,252,2004-05-20,1.0
1236,719,2004-05-20,1.0
823,149,2004-05-20,1.0
823,242,2004-05-20,1.0
42,72,2004-05-20,1.0
823,41,2004-05-20,1.0
823,1032,2004-05-20,1.0
1236,532,2004-05-20,1.0
719,1236,2004-05-20,1.0
1136,398,2004-05-20,1.0
1236,41,2004-05-20,1.0
848,841,2004-05-20,1.0
1189,1034,2004-05-20,1.0
72,42,2004-05-20,1.0
317,739,2004-05-20,1.0
532,1236,2004-05-20,1.0
431,605,2004-05-20,1.0
431,853,2004-05-20,1.0
615,823,2004-05-20,1.0
1056,687,2004-05-20,1.0
144,645,2004-05-20,1.0
224,144,2004-05-20,1.0
1213,479,2004-05-20,1.0
317,479,2004-05-20,1.0
1224,277,2004-05-20,1.0
536,1240,2004-05-20,1.0
687,1056,2004-05-20,1.0
32,42,2004-05-20,1.0
617,704,2004-05-20,1.0
144,224,2004-05-20,1.0
144,42,2004-05-20,1.0
1181,254,2004-05-20,1.0
1224,260,2004-05-20,1.0
281,1110,2004-05-20,1.0
172,840,2004-05-20,1.0
277,687,2004-05-20,1.0
617,103,2004-05-20,1.0
1214,249,2004-05-20,1.0
475,250,2004-05-20,1.0
1242,343,2004-05-20,1.0
800,1241,2004-05-20,1.0
34,1042,2004-05-20,1.0
645,144,2004-05-20,1.0
1110,281,2004-05-20,1.0
176,101,2004-05-20,1.0
645,1236,2004-05-20,1.0
145,1042,2004-05-20,1.0
145,341,2004-05-20,1.0
67,938,2004-05-20,1.0
1158,297,2004-05-20,1.0
252,1056,2004-05-20,1.0
12,109,2004-05-20,1.0
462,675,2004-05-20,1.0
12,527,2004-05-20,1.0
1113,495,2004-05-20,1.0
152,1153,2004-05-20,1.0
273,1002,2004-05-20,1.0
1214,180,2004-05-20,1.0
1056,1033,2004-05-20,1.0
1117,551,2004-05-20,1.0
675,462,2004-05-20,1.0
591,711,2004-05-20,1.0
794,194,2004-05-20,1.0
687,1185,2004-05-20,1.0
1240,836,2004-05-20,1.0
687,713,2004-05-20,1.0
1215,713,2004-05-20,1.0
1056,176,2004-05-20,1.0
1237,1167,2004-05-20,1.0
317,105,2004-05-20,1.0
1185,687,2004-05-20,1.0
1056,1042,2004-05-20,1.0
1186,1056,2004-05-20,1.0
364,993,2004-05-20,1.0
394,576,2004-05-20,1.0
687,298,2004-05-20,1.0
687,277,2004-05-20,1.0
1127,697,2004-05-20,1.0
843,1167,2004-05-20,1.0
993,364,2004-05-20,1.0
1240,536,2004-05-20,1.0
479,687,2004-05-20,1.0
621,768,2004-05-20,1.0
848,309,2004-05-20,1.0
41,1236,2004-05-20,1.0
823,1113,2004-05-20,1.0
1042,34,2004-05-20,1.0
323,42,2004-05-20,1.0
1237,323,2004-05-20,1.0
654,42,2004-05-20,1.0
644,1216,2004-05-20,1.0
626,498,2004-05-20,1.0
1236,277,2004-05-20,1.0
42,323,2004-05-20,1.0
254,1234,2004-05-20,1.0
42,654,2004-05-20,1.0
498,626,2004-05-20,1.0
1236,640,2004-05-20,1.0
1142,1058,2004-05-20,1.0
1237,871,2004-05-20,1.0
323,950,2004-05-20,1.0
341,323,2004-05-20,1.0
144,398,2004-05-20,1.0
350,323,2004-05-20,1.0
398,144,2004-05-20,1.0
144,644,2004-05-20,1.0
683,758,2004-05-20,1.0
42,144,2004-05-20,1.0
1142,990,2004-05-20,1.0
323,640,2004-05-20,1.0
640,323,2004-05-20,1.0
810,323,2004-05-20,1.0
652,954,2004-05-20,1.0
42,840,2004-05-20,1.0
350,605,2004-05-20,1.0
42,32,2004-05-20,1.0
1167,475,2004-05-20,1.0
341,1181,2004-05-20,1.0
389,1059,2004-05-20,1.0
389,509,2004-05-20,1.0
652,598,2004-05-20,1.0
1042,1034,2004-05-20,1.0
323,1047,2004-05-20,1.0
422,386,2004-05-20,1.0
53,1018,2004-05-20,1.0
53,250,2004-05-20,1.0
878,713,2004-05-20,1.0
1189,840,2004-05-20,1.0
1136,626,2004-05-20,1.0
1236,339,2004-05-20,1.0
1196,834,2004-05-20,1.0
725,1132,2004-05-20,1.0
726,1236,2004-05-20,1.0
840,42,2004-05-20,1.0
204,1239,2004-05-20,1.0
1189,768,2004-05-20,1.0
339,323,2004-05-20,1.0
1189,835,2004-05-20,1.0
339,1236,2004-05-20,1.0
1136,654,2004-05-20,1.0
725,638,2004-05-20,1.0
1136,376,2004-05-20,1.0
980,277,2004-05-20,1.0
1189,1097,2004-05-20,1.0
408,317,2004-05-20,1.0
626,249,2004-05-20,1.0
277,1236,2004-05-20,1.0
1050,1146,2004-05-20,1.0
1236,726,2004-05-20,1.0
713,342,2004-05-20,1.0
1136,739,2004-05-20,1.0
277,1186,2004-05-20,1.0
1189,1238,2004-05-20,1.0
1186,277,2004-05-20,1.0
1097,1189,2004-05-20,1.0
1236,645,2004-05-20,1.0
626,1236,2004-05-20,1.0
1236,626,2004-05-20,1.0
323,350,2004-05-20,1.0
408,290,2004-05-20,1.0
793,1224,2004-05-20,1.0
9,928,2004-05-20,1.0
9,1196,2004-05-20,1.0
576,212,2004-05-20,1.0
576,350,2004-05-20,1.0
576,575,2004-05-20,1.0
901,884,2004-05-20,1.0
67,449,2004-05-20,1.0
1136,719,2004-05-20,1.0
1087,341,2004-05-20,1.0
67,1137,2004-05-20,1.0
9,1181,2004-05-20,1.0
719,1136,2004-05-20,1.0
1087,307,2004-05-20,1.0
1087,1183,2004-05-20,1.0
342,797,2004-05-20,1.0
431,823,2004-05-20,1.0
797,233,2004-05-20,1.0
430,857,2004-05-20,1.0
1167,840,2004-05-20,1.0
6,1174,2004-05-20,1.0
576,885,2004-05-20,1.0
576,1167,2004-05-20,1.0
740,615,2004-05-20,1.0
733,596,2004-05-20,1.0
884,536,2004-05-20,1.0
733,576,2004-05-20,1.0
638,1186,2004-05-20,1.0
1190,393,2004-05-20,1.0
1186,638,2004-05-20,1.0
67,901,2004-05-20,1.0
966,323,2004-05-20,1.0
41,1040,2004-05-20,1.0
41,1041,2004-05-20,1.0
901,67,2004-05-20,1.0
1186,840,2004-05-20,1.0
741,928,2004-05-20,1.0
1120,317,2004-05-20,1.0
9,1206,2004-05-20,1.0
712,189,2004-05-20,1.0
815,1066,2004-05-20,1.0
372,396,2004-05-20,1.0
372,389,2004-05-20,1.0
19,389,2004-05-20,1.0
389,830,2004-05-20,1.0
758,440,2004-05-20,1.0
1,477,2004-05-20,1.0
172,277,2004-05-20,1.0
3,194,2004-05-20,1.0
114,103,2004-05-20,1.0
277,830,2004-05-20,1.0
770,44,2004-05-20,1.0
830,277,2004-05-20,1.0
1113,277,2004-05-20,1.0
145,830,2004-05-20,1.0
683,72,2004-05-20,1.0
1137,67,2004-05-20,1.0
1205,869,2004-05-20,1.0
638,511,2004-05-20,1.0
1185,1077,2004-05-20,1.0
103,378,2004-05-20,1.0
525,19,2004-05-20,1.0
762,992,2004-05-20,1.0
762,713,2004-05-20,1.0
712,95,2004-05-20,1.0
95,713,2004-05-20,1.0
95,63,2004-05-20,1.0
307,309,2004-05-20,1.0
95,712,2004-05-20,1.0
830,389,2004-05-20,1.0
283,379,2004-05-20,1.0
487,598,2004-05-20,1.0
1187,353,2004-05-20,1.0
144,290,2004-05-20,1.0
234,596,2004-05-20,1.0
105,128,2004-05-20,1.0
105,938,2004-05-20,1.0
323,966,2004-05-20,1.0
511,638,2004-05-20,1.0
638,342,2004-05-20,1.0
144,1127,2004-05-20,1.0
770,277,2004-05-20,1.0
342,638,2004-05-20,1.0
638,560,2004-05-20,1.0
859,19,2004-05-20,1.0
638,640,2004-05-20,1.0
277,770,2004-05-20,1.0
640,638,2004-05-20,1.0
1043,454,2004-05-20,1.0
638,725,2004-05-20,1.0
378,193,2004-05-20,1.0
1037,233,2004-05-20,1.0
625,534,2004-05-20,1.0
706,638,2004-05-20,1.0
853,881,2004-05-20,1.0
625,662,2004-05-20,1.0
297,640,2004-05-20,1.0
297,733,2004-05-20,1.0
19,1207,2004-05-20,1.0
325,1169,2004-05-20,1.0
1183,704,2004-05-20,1.0
658,193,2004-05-20,1.0
193,378,2004-05-20,1.0
1066,815,2004-05-20,1.0
12,1188,2004-05-20,1.0
560,638,2004-05-20,1.0
290,408,2004-05-20,1.0
1113,1161,2004-05-20,1.0
12,308,2004-05-20,1.0
290,63,2004-05-20,1.0
199,595,2004-05-20,1.0
1189,1072,2004-05-20,1.0
1072,1189,2004-05-20,1.0
638,1189,2004-05-20,1.0
1189,638,2004-05-20,1.0
646,1021,2004-05-20,1.0
290,44,2004-05-20,1.0
586,1029,2004-05-20,1.0
199,713,2004-05-20,1.0
586,378,2004-05-20,1.0
596,733,2004-05-20,1.0
482,761,2004-05-20,1.0
357,835,2004-05-20,1.0
357,1161,2004-05-20,1.0
1040,41,2004-05-20,1.0
454,1043,2004-05-20,1.0
725,719,2004-05-20,1.0
615,740,2004-05-20,1.0
67,1184,2004-05-20,1.0
67,1206,2004-05-20,1.0
378,103,2004-05-20,1.0
378,586,2004-05-20,1.0
29,1136,2004-05-20,1.0
596,605,2004-05-20,1.0
234,638,2004-05-20,1.0
357,527,2004-05-20,1.0
555,3,2004-05-20,1.0
44,770,2004-05-20,1.0
12,569,2004-05-20,1.0
72,683,2004-05-20,1.0
716,713,2004-05-20,1.0
72,679,2004-05-20,1.0
758,398,2004-05-20,1.0
176,840,2004-05-20,1.0
720,679,2004-05-20,1.0
398,758,2004-05-20,1.0
323,758,2004-05-20,1.0
68,495,2004-05-20,1.0
679,72,2004-05-20,1.0
9,598,2004-05-20,1.0
342,495,2004-05-20,1.0
1173,402,2004-05-20,1.0
1059,542,2004-05-20,1.0
555,306,2004-05-20,1.0
615,422,2004-05-20,1.0
615,1117,2004-05-20,1.0
615,536,2004-05-20,1.0
149,823,2004-05-20,1.0
840,1167,2004-05-20,1.0
143,201,2004-05-20,1.0
402,1201,2004-05-20,1.0
595,1189,2004-05-20,1.0
993,277,2004-05-20,1.0
128,105,2004-05-20,1.0
1110,474,2004-05-20,1.0
454,1036,2004-05-20,1.0
144,1200,2004-05-20,1.0
250,713,2004-05-20,1.0
846,588,2004-05-20,1.0
422,615,2004-05-20,1.0
555,1173,2004-05-20,1.0
959,958,2004-05-20,1.0
212,394,2004-05-20,1.0
1186,783,2004-05-20,1.0
9,34,2004-05-20,1.0
598,487,2004-05-20,1.0
617,966,2004-05-20,1.0
783,1186,2004-05-20,1.0
712,309,2004-05-20,1.0
1196,1189,2004-05-20,1.0
817,1199,2004-05-20,1.0
162,851,2004-05-20,1.0
9,282,2004-05-20,1.0
938,105,2004-05-20,1.0
679,720,2004-05-20,1.0
758,741,2004-05-20,1.0
1196,155,2004-05-20,1.0
583,283,2004-05-20,1.0
770,149,2004-05-20,1.0
12,926,2004-05-20,1.0
1199,1003,2004-05-20,1.0
1199,1049,2004-05-20,1.0
1199,1006,2004-05-20,1.0
1199,1204,2004-05-20,1.0
1199,817,2004-05-20,1.0
928,741,2004-05-20,1.0
12,598,2004-05-20,1.0
639,212,2004-05-20,1.0
639,498,2004-05-20,1.0
277,993,2004-05-20,1.0
1158,542,2004-05-20,1.0
1178,194,2004-05-20,1.0
594,535,2004-05-20,1.0
12,938,2004-05-20,1.0
535,594,2004-05-20,1.0
12,719,2004-05-20,1.0
198,101,2004-05-20,1.0
396,372,2004-05-20,1.0
103,954,2004-05-20,1.0
12,176,2004-05-20,1.0
1014,1194,2004-05-20,1.0
1136,29,2004-05-20,1.0
9,1169,2004-05-20,1.0
194,1178,2004-05-20,1.0
462,713,2004-05-20,1.0
440,513,2004-05-20,1.0
776,704,2004-05-20,1.0
776,400,2004-05-20,1.0
53,1202,2004-05-20,1.0
312,1014,2004-05-20,1.0
407,97,2004-05-20,1.0
1188,1033,2004-05-20,1.0
1036,454,2004-05-20,1.0
313,34,2004-05-20,1.0
749,969,2004-05-20,1.0
34,313,2004-05-20,1.0
1083,1181,2004-05-20,1.0
1127,1203,2004-05-20,1.0
1181,1083,2004-05-20,1.0
201,607,2004-05-20,1.0
9,477,2004-05-20,1.0
9,607,2004-05-20,1.0
525,211,2004-05-20,1.0
1029,586,2004-05-20,1.0
1127,536,2004-05-20,1.0
1127,144,2004-05-20,1.0
440,758,2004-05-20,1.0
1169,325,2004-05-20,1.0
704,1183,2004-05-20,1.0
755,377,2004-05-20,1.0
609,975,2004-05-20,1.0
209,1072,2004-05-20,1.0
1185,627,2004-05-20,1.0
975,609,2004-05-20,1.0
1185,1220,2004-05-20,1.0
627,1185,2004-05-20,1.0
1072,878,2004-05-20,1.0
143,442,2004-05-20,1.0
377,755,2004-05-20,1.0
1209,1033,2004-05-20,1.0
194,271,2004-05-20,1.0
194,1004,2004-05-20,1.0
194,465,2004-05-20,1.0
194,1185,2004-05-20,1.0
152,48,2004-05-20,1.0
341,1072,2004-05-20,1.0
1033,1209,2004-05-20,1.0
779,1181,2004-05-20,1.0
19,1221,2004-05-20,1.0
605,249,2004-05-20,1.0
605,317,2004-05-20,1.0
482,1217,2004-05-20,1.0
605,277,2004-05-20,1.0
1217,482,2004-05-20,1.0
605,103,2004-05-20,1.0
1093,1206,2004-05-20,1.0
881,1218,2004-05-20,1.0
209,1217,2004-05-20,1.0
714,713,2004-05-20,1.0
605,615,2004-05-20,1.0
706,615,2004-05-20,1.0
1072,341,2004-05-20,1.0
714,460,2004-05-20,1.0
1185,194,2004-05-20,1.0
1018,781,2004-05-20,1.0
1181,779,2004-05-20,1.0
1209,704,2004-05-20,1.0
1087,1187,2004-05-20,1.0
1184,719,2004-05-20,1.0
1101,194,2004-05-20,1.0
41,919,2004-05-20,1.0
1113,1216,2004-05-20,1.0
475,1167,2004-05-20,1.0
118,1070,2004-05-20,1.0
711,1034,2004-05-20,1.0
1080,1207,2004-05-20,1.0
823,1163,2004-05-20,1.0
128,194,2004-05-20,1.0
72,1223,2004-05-20,1.0
878,1072,2004-05-20,1.0
1184,1052,2004-05-20,1.0
1043,1072,2004-05-20,1.0
194,567,2004-05-20,1.0
194,794,2004-05-20,1.0
194,181,2004-05-20,1.0
194,590,2004-05-20,1.0
823,1211,2004-05-20,1.0
9,596,2004-05-20,1.0
194,560,2004-05-20,1.0
194,1101,2004-05-20,1.0
809,1101,2004-05-20,1.0
50,679,2004-05-20,1.0
152,1185,2004-05-20,1.0
1089,975,2004-05-20,1.0
815,1113,2004-05-20,1.0
823,1222,2004-05-20,1.0
194,679,2004-05-20,1.0
1215,41,2004-05-20,1.0
792,356,2004-05-20,1.0
1213,389,2004-05-20,1.0
843,62,2004-05-20,1.0
898,1198,2004-05-20,1.0
605,704,2004-05-20,1.0
704,1209,2004-05-20,1.0
704,919,2004-05-20,1.0
1066,475,2004-05-20,1.0
919,704,2004-05-20,1.0
704,605,2004-05-20,1.0
919,51,2004-05-20,1.0
679,161,2004-05-20,1.0
90,598,2004-05-20,1.0
638,269,2004-05-20,1.0
405,388,2004-05-20,1.0
372,527,2004-05-20,1.0
90,269,2004-05-20,1.0
269,638,2004-05-20,1.0
372,1209,2004-05-20,1.0
1213,1032,2004-05-20,1.0
356,792,2004-05-20,1.0
779,56,2004-05-20,1.0
1213,1186,2004-05-20,1.0
372,919,2004-05-20,1.0
161,30,2004-05-20,1.0
853,514,2004-05-20,1.0
741,697,2004-05-20,1.0
582,861,2004-05-20,1.0
193,658,2004-05-20,1.0
582,328,2004-05-20,1.0
1033,1211,2004-05-20,1.0
582,1210,2004-05-20,1.0
1033,1188,2004-05-20,1.0
741,1208,2004-05-20,1.0
290,144,2004-05-20,1.0
605,596,2004-05-20,1.0
781,1018,2004-05-20,1.0
475,1066,2004-05-20,1.0
63,290,2004-05-20,1.0
63,95,2004-05-20,1.0
1196,704,2004-05-20,1.0
269,1045,2004-05-20,1.0
582,1212,2004-05-20,1.0
152,372,2004-05-20,1.0
1185,638,2004-05-20,1.0
346,590,2004-05-20,1.0
1185,898,2004-05-20,1.0
1185,144,2004-05-20,1.0
638,103,2004-05-20,1.0
103,638,2004-05-20,1.0
41,1215,2004-05-20,1.0
1093,638,2004-05-20,1.0
514,853,2004-05-20,1.0
234,144,2004-05-20,1.0
732,958,2004-05-20,1.0
1218,881,2004-05-20,1.0
317,1120,2004-05-20,1.0
793,90,2004-05-20,1.0
317,308,2004-05-20,1.0
50,919,2004-05-20,1.0
50,234,2004-05-20,1.0
90,48,2004-05-20,1.0
919,41,2004-05-20,1.0
48,1136,2004-05-20,1.0
377,32,2004-05-20,1.0
919,372,2004-05-20,1.0
234,50,2004-05-20,1.0
919,50,2004-05-20,1.0
234,1018,2004-05-20,1.0
269,90,2004-05-20,1.0
193,1215,2004-05-20,1.0
90,697,2004-05-20,1.0
1215,193,2004-05-20,1.0
598,1216,2004-05-20,1.0
1209,372,2004-05-20,1.0
341,323,2004-05-21,1.0
323,42,2004-05-21,1.0
323,48,2004-05-21,1.0
323,741,2004-05-21,1.0
42,323,2004-05-21,1.0
48,323,2004-05-21,1.0
741,323,2004-05-21,1.0
323,341,2004-05-21,1.0
928,80,2004-05-21,1.0
42,928,2004-05-21,1.0
687,1056,2004-05-21,1.0
687,298,2004-05-21,1.0
42,1266,2004-05-21,1.0
353,950,2004-05-21,1.0
341,1093,2004-05-21,1.0
1093,950,2004-05-21,1.0
1093,341,2004-05-21,1.0
9,1196,2004-05-21,1.0
9,1206,2004-05-21,1.0
9,679,2004-05-21,1.0
781,307,2004-05-21,1.0
547,1018,2004-05-21,1.0
950,1093,2004-05-21,1.0
950,353,2004-05-21,1.0
928,1265,2004-05-21,1.0
323,1267,2004-05-21,1.0
594,840,2004-05-21,1.0
342,1268,2004-05-21,1.0
70,1113,2004-05-21,1.0
233,193,2004-05-21,1.0
1178,1158,2004-05-21,1.0
277,1213,2004-05-21,1.0
32,1190,2004-05-21,1.0
41,1255,2004-05-21,1.0
964,928,2004-05-21,1.0
679,72,2004-05-21,1.0
617,704,2004-05-21,1.0
350,447,2004-05-21,1.0
204,1189,2004-05-21,1.0
1267,323,2004-05-21,1.0
1127,1137,2004-05-21,1.0
797,1268,2004-05-21,1.0
415,329,2004-05-21,1.0
80,928,2004-05-21,1.0
999,297,2004-05-21,1.0
999,713,2004-05-21,1.0
1127,536,2004-05-21,1.0
1271,1,2004-05-21,1.0
1136,1158,2004-05-21,1.0
1136,48,2004-05-21,1.0
1268,342,2004-05-21,1.0
1127,1269,2004-05-21,1.0
1113,70,2004-05-21,1.0
1127,641,2004-05-21,1.0
1127,322,2004-05-21,1.0
1136,1270,2004-05-21,1.0
928,42,2004-05-21,1.0
72,1039,2004-05-21,1.0
1131,309,2004-05-21,1.0
245,1264,2004-05-21,1.0
372,353,2004-05-21,1.0
1018,547,2004-05-21,1.0
513,388,2004-05-21,1.0
1118,681,2004-05-21,1.0
681,1118,2004-05-21,1.0
615,1103,2004-05-21,1.0
377,415,2004-05-21,1.0
615,1213,2004-05-21,1.0
994,713,2004-05-21,1.0
72,679,2004-05-21,1.0
285,1255,2004-05-21,1.0
234,50,2004-05-21,1.0
513,590,2004-05-21,1.0
377,1185,2004-05-21,1.0
740,713,2004-05-21,1.0
377,3,2004-05-21,1.0
144,834,2004-05-21,1.0
596,50,2004-05-21,1.0
144,1185,2004-05-21,1.0
1158,713,2004-05-21,1.0
994,513,2004-05-21,1.0
1246,372,2004-05-21,1.0
1158,297,2004-05-21,1.0
1263,713,2004-05-21,1.0
372,713,2004-05-21,1.0
372,1246,2004-05-21,1.0
1066,713,2004-05-21,1.0
68,1214,2004-05-21,1.0
212,678,2004-05-21,1.0
762,513,2004-05-21,1.0
1246,99,2004-05-21,1.0
50,596,2004-05-21,1.0
994,1103,2004-05-21,1.0
1158,1136,2004-05-21,1.0
994,97,2004-05-21,1.0
1231,1118,2004-05-21,1.0
296,295,2004-05-21,1.0
62,605,2004-05-21,1.0
846,128,2004-05-21,1.0
62,1224,2004-05-21,1.0
1246,249,2004-05-21,1.0
1181,1184,2004-05-21,1.0
1178,679,2004-05-21,1.0
1260,719,2004-05-21,1.0
1260,725,2004-05-21,1.0
1184,1181,2004-05-21,1.0
101,118,2004-05-21,1.0
337,605,2004-05-21,1.0
719,1260,2004-05-21,1.0
725,1260,2004-05-21,1.0
128,542,2004-05-21,1.0
372,473,2004-05-21,1.0
588,1185,2004-05-21,1.0
809,1262,2004-05-21,1.0
539,713,2004-05-21,1.0
72,398,2004-05-21,1.0
97,407,2004-05-21,1.0
398,313,2004-05-21,1.0
1195,1167,2004-05-21,1.0
859,357,2004-05-21,1.0
1118,1231,2004-05-21,1.0
325,1260,2004-05-21,1.0
1118,1236,2004-05-21,1.0
474,357,2004-05-21,1.0
377,1117,2004-05-21,1.0
1189,1255,2004-05-21,1.0
1189,835,2004-05-21,1.0
1190,32,2004-05-21,1.0
547,713,2004-05-21,1.0
97,994,2004-05-21,1.0
928,372,2004-05-21,1.0
1195,103,2004-05-21,1.0
1240,536,2004-05-21,1.0
405,388,2004-05-21,1.0
1196,834,2004-05-21,1.0
1213,277,2004-05-21,1.0
781,538,2004-05-21,1.0
323,298,2004-05-21,1.0
1213,615,2004-05-21,1.0
454,1043,2004-05-21,1.0
1186,783,2004-05-21,1.0
204,615,2004-05-21,1.0
308,835,2004-05-21,1.0
994,1054,2004-05-21,1.0
372,928,2004-05-21,1.0
794,1161,2004-05-21,1.0
547,1021,2004-05-21,1.0
760,975,2004-05-21,1.0
994,536,2004-05-21,1.0
51,969,2004-05-21,1.0
928,362,2004-05-21,1.0
1189,713,2004-05-21,1.0
377,615,2004-05-21,1.0
1021,547,2004-05-21,1.0
1185,144,2004-05-21,1.0
1214,68,2004-05-21,1.0
377,144,2004-05-21,1.0
1264,245,2004-05-21,1.0
878,437,2004-05-21,1.0
297,1189,2004-05-21,1.0
323,367,2004-05-21,1.0
388,513,2004-05-21,1.0
1189,482,2004-05-21,1.0
638,725,2004-05-21,1.0
1189,204,2004-05-21,1.0
298,687,2004-05-21,1.0
245,699,2004-05-21,1.0
1189,437,2004-05-21,1.0
48,1136,2004-05-21,1.0
878,1255,2004-05-21,1.0
297,1158,2004-05-21,1.0
928,964,2004-05-21,1.0
1189,297,2004-05-21,1.0
105,32,2004-05-21,1.0
309,1131,2004-05-21,1.0
644,144,2004-05-21,1.0
1260,32,2004-05-21,1.0
144,644,2004-05-21,1.0
357,474,2004-05-21,1.0
32,1260,2004-05-21,1.0
32,1127,2004-05-21,1.0
644,1251,2004-05-21,1.0
969,51,2004-05-21,1.0
105,697,2004-05-21,1.0
1260,142,2004-05-21,1.0
644,1099,2004-05-21,1.0
1248,1279,2004-05-21,1.0
899,629,2004-05-21,1.0
249,713,2004-05-21,1.0
899,644,2004-05-21,1.0
144,1278,2004-05-21,1.0
1,1271,2004-05-21,1.0
536,1127,2004-05-21,1.0
257,142,2004-05-21,1.0
357,605,2004-05-21,1.0
899,105,2004-05-21,1.0
249,1260,2004-05-21,1.0
536,994,2004-05-21,1.0
536,1236,2004-05-21,1.0
32,349,2004-05-21,1.0
105,463,2004-05-21,1.0
487,3,2004-05-21,1.0
615,823,2004-05-21,1.0
32,1234,2004-05-21,1.0
32,105,2004-05-21,1.0
615,204,2004-05-21,1.0
339,463,2004-05-21,1.0
463,105,2004-05-21,1.0
105,569,2004-05-21,1.0
924,1158,2004-05-21,1.0
199,1244,2004-05-21,1.0
105,621,2004-05-21,1.0
3,487,2004-05-21,1.0
859,547,2004-05-21,1.0
859,431,2004-05-21,1.0
704,617,2004-05-21,1.0
42,1062,2004-05-21,1.0
1062,42,2004-05-21,1.0
318,802,2004-05-21,1.0
1062,9,2004-05-21,1.0
105,155,2004-05-21,1.0
298,323,2004-05-21,1.0
823,615,2004-05-21,1.0
34,282,2004-05-21,1.0
621,105,2004-05-21,1.0
142,257,2004-05-21,1.0
725,835,2004-05-21,1.0
249,1117,2004-05-21,1.0
297,999,2004-05-21,1.0
654,596,2004-05-21,1.0
9,1261,2004-05-21,1.0
9,1279,2004-05-21,1.0
9,1280,2004-05-21,1.0
704,1244,2004-05-21,1.0
596,654,2004-05-21,1.0
1260,505,2004-05-21,1.0
704,1255,2004-05-21,1.0
1260,1042,2004-05-21,1.0
9,1132,2004-05-21,1.0
9,1062,2004-05-21,1.0
704,1280,2004-05-21,1.0
809,779,2004-05-21,1.0
654,1248,2004-05-21,1.0
1189,1103,2004-05-21,1.0
704,958,2004-05-21,1.0
1280,1244,2004-05-21,1.0
317,263,2004-05-21,1.0
701,105,2004-05-21,1.0
1280,1210,2004-05-21,1.0
357,72,2004-05-21,1.0
1043,454,2004-05-21,1.0
711,1034,2004-05-21,1.0
509,758,2004-05-21,1.0
327,463,2004-05-21,1.0
1281,60,2004-05-21,1.0
1281,644,2004-05-21,1.0
770,1280,2004-05-21,1.0
60,63,2004-05-21,1.0
542,1069,2004-05-21,1.0
1280,704,2004-05-21,1.0
50,234,2004-05-21,1.0
509,815,2004-05-21,1.0
1103,1189,2004-05-21,1.0
1234,644,2004-05-21,1.0
48,621,2004-05-21,1.0
415,1260,2004-05-21,1.0
249,1103,2004-05-21,1.0
1185,463,2004-05-21,1.0
644,1279,2004-05-21,1.0
72,883,2004-05-21,1.0
1103,309,2004-05-21,1.0
63,60,2004-05-21,1.0
629,899,2004-05-21,1.0
644,1234,2004-05-21,1.0
144,921,2004-05-21,1.0
644,899,2004-05-21,1.0
105,899,2004-05-21,1.0
431,605,2004-05-21,1.0
309,1103,2004-05-21,1.0
357,379,2004-05-21,1.0
377,755,2004-05-21,1.0
327,1255,2004-05-21,1.0
834,621,2004-05-21,1.0
308,823,2004-05-21,1.0
835,1189,2004-05-21,1.0
327,1103,2004-05-21,1.0
1036,713,2004-05-21,1.0
569,105,2004-05-21,1.0
372,527,2004-05-21,1.0
288,470,2004-05-21,1.0
36,770,2004-05-21,1.0
627,431,2004-05-21,1.0
1142,990,2004-05-21,1.0
525,1246,2004-05-21,1.0
1273,1274,2004-05-21,1.0
32,638,2004-05-21,1.0
431,627,2004-05-21,1.0
1270,1136,2004-05-21,1.0
1246,525,2004-05-21,1.0
713,372,2004-05-21,1.0
713,1158,2004-05-21,1.0
32,220,2004-05-21,1.0
127,697,2004-05-21,1.0
1273,475,2004-05-21,1.0
475,1273,2004-05-21,1.0
542,495,2004-05-21,1.0
372,1244,2004-05-21,1.0
823,149,2004-05-21,1.0
1211,32,2004-05-21,1.0
1211,1163,2004-05-21,1.0
1211,1033,2004-05-21,1.0
278,1248,2004-05-21,1.0
105,475,2004-05-21,1.0
542,1216,2004-05-21,1.0
114,770,2004-05-21,1.0
1248,278,2004-05-21,1.0
1033,437,2004-05-21,1.0
462,675,2004-05-21,1.0
1244,1275,2004-05-21,1.0
542,314,2004-05-21,1.0
63,797,2004-05-21,1.0
542,128,2004-05-21,1.0
1259,1236,2004-05-21,1.0
53,1272,2004-05-21,1.0
736,617,2004-05-21,1.0
1042,1056,2004-05-21,1.0
1042,713,2004-05-21,1.0
799,32,2004-05-21,1.0
1248,966,2004-05-21,1.0
958,621,2004-05-21,1.0
527,372,2004-05-21,1.0
958,959,2004-05-21,1.0
770,44,2004-05-21,1.0
966,1248,2004-05-21,1.0
1272,265,2004-05-21,1.0
1127,2,2004-05-21,1.0
958,704,2004-05-21,1.0
1272,887,2004-05-21,1.0
415,997,2004-05-21,1.0
415,1121,2004-05-21,1.0
415,12,2004-05-21,1.0
415,142,2004-05-21,1.0
470,288,2004-05-21,1.0
1042,12,2004-05-21,1.0
1042,145,2004-05-21,1.0
779,809,2004-05-21,1.0
725,638,2004-05-21,1.0
42,1270,2004-05-21,1.0
621,958,2004-05-21,1.0
834,1196,2004-05-21,1.0
1248,80,2004-05-21,1.0
963,393,2004-05-21,1.0
498,639,2004-05-21,1.0
431,617,2004-05-21,1.0
278,1215,2004-05-21,1.0
431,727,2004-05-21,1.0
32,799,2004-05-21,1.0
1255,41,2004-05-21,1.0
1255,878,2004-05-21,1.0
1255,285,2004-05-21,1.0
1042,34,2004-05-21,1.0
823,1185,2004-05-21,1.0
823,41,2004-05-21,1.0
105,606,2004-05-21,1.0
606,105,2004-05-21,1.0
105,964,2004-05-21,1.0
142,1277,2004-05-21,1.0
252,350,2004-05-21,1.0
770,114,2004-05-21,1.0
475,105,2004-05-21,1.0
1248,346,2004-05-21,1.0
964,105,2004-05-21,1.0
463,339,2004-05-21,1.0
899,586,2004-05-21,1.0
463,1010,2004-05-21,1.0
463,687,2004-05-21,1.0
142,713,2004-05-21,1.0
463,252,2004-05-21,1.0
617,350,2004-05-21,1.0
105,307,2004-05-21,1.0
105,323,2004-05-21,1.0
823,308,2004-05-21,1.0
105,288,2004-05-21,1.0
105,1181,2004-05-21,1.0
288,105,2004-05-21,1.0
105,1276,2004-05-21,1.0
487,1236,2004-05-21,1.0
425,753,2004-05-21,1.0
105,701,2004-05-21,1.0
425,765,2004-05-21,1.0
32,1211,2004-05-21,1.0
823,1211,2004-05-21,1.0
621,48,2004-05-21,1.0
105,42,2004-05-21,1.0
823,998,2004-05-21,1.0
142,42,2004-05-21,1.0
822,679,2004-05-21,1.0
142,1260,2004-05-21,1.0
998,823,2004-05-21,1.0
105,638,2004-05-21,1.0
606,821,2004-05-21,1.0
350,617,2004-05-21,1.0
142,415,2004-05-21,1.0
42,142,2004-05-21,1.0
42,620,2004-05-21,1.0
823,1139,2004-05-21,1.0
770,36,2004-05-21,1.0
372,454,2004-05-21,1.0
569,128,2004-05-21,1.0
402,1250,2004-05-21,1.0
964,800,2004-05-21,1.0
50,296,2004-05-21,1.0
389,1059,2004-05-21,1.0
697,127,2004-05-21,1.0
697,1127,2004-05-21,1.0
732,323,2004-05-21,1.0
817,1248,2004-05-21,1.0
654,810,2004-05-21,1.0
1224,536,2004-05-21,1.0
536,1224,2004-05-21,1.0
919,713,2004-05-21,1.0
810,654,2004-05-21,1.0
1126,289,2004-05-21,1.0
189,144,2004-05-21,1.0
753,323,2004-05-21,1.0
681,402,2004-05-21,1.0
1234,32,2004-05-21,1.0
479,317,2004-05-21,1.0
1167,576,2004-05-21,1.0
1215,278,2004-05-21,1.0
1189,595,2004-05-21,1.0
32,353,2004-05-21,1.0
36,779,2004-05-21,1.0
296,50,2004-05-21,1.0
402,681,2004-05-21,1.0
6,687,2004-05-21,1.0
627,779,2004-05-21,1.0
3,1113,2004-05-21,1.0
103,617,2004-05-21,1.0
302,1238,2004-05-21,1.0
1248,50,2004-05-21,1.0
654,353,2004-05-21,1.0
128,706,2004-05-21,1.0
50,1248,2004-05-21,1.0
249,626,2004-05-21,1.0
128,569,2004-05-21,1.0
474,713,2004-05-21,1.0
1248,817,2004-05-21,1.0
233,1113,2004-05-21,1.0
233,42,2004-05-21,1.0
1248,194,2004-05-21,1.0
128,573,2004-05-21,1.0
302,1187,2004-05-21,1.0
353,654,2004-05-21,1.0
639,498,2004-05-21,1.0
704,1248,2004-05-21,1.0
53,646,2004-05-21,1.0
835,308,2004-05-21,1.0
299,1083,2004-05-21,1.0
29,1248,2004-05-21,1.0
1,477,2004-05-21,1.0
53,250,2004-05-21,1.0
3,1249,2004-05-21,1.0
779,627,2004-05-21,1.0
1113,233,2004-05-21,1.0
639,388,2004-05-21,1.0
1248,704,2004-05-21,1.0
1071,598,2004-05-21,1.0
242,823,2004-05-21,1.0
617,103,2004-05-21,1.0
514,853,2004-05-21,1.0
881,1249,2004-05-21,1.0
758,683,2004-05-21,1.0
1249,881,2004-05-21,1.0
700,1174,2004-05-21,1.0
595,1189,2004-05-21,1.0
1087,1187,2004-05-21,1.0
1253,654,2004-05-21,1.0
1087,1136,2004-05-21,1.0
1034,1189,2004-05-21,1.0
36,211,2004-05-21,1.0
969,779,2004-05-21,1.0
289,1126,2004-05-21,1.0
1253,72,2004-05-21,1.0
800,964,2004-05-21,1.0
367,323,2004-05-21,1.0
323,966,2004-05-21,1.0
749,783,2004-05-21,1.0
586,626,2004-05-21,1.0
966,323,2004-05-21,1.0
626,586,2004-05-21,1.0
440,1244,2004-05-21,1.0
1189,1034,2004-05-21,1.0
617,73,2004-05-21,1.0
626,249,2004-05-21,1.0
683,758,2004-05-21,1.0
323,753,2004-05-21,1.0
323,732,2004-05-21,1.0
308,273,2004-05-21,1.0
232,44,2004-05-21,1.0
1181,569,2004-05-21,1.0
770,277,2004-05-21,1.0
1215,817,2004-05-21,1.0
1187,302,2004-05-21,1.0
1189,683,2004-05-21,1.0
6,439,2004-05-21,1.0
350,713,2004-05-21,1.0
350,343,2004-05-21,1.0
654,1251,2004-05-21,1.0
706,713,2004-05-21,1.0
713,706,2004-05-21,1.0
1213,1186,2004-05-21,1.0
640,1236,2004-05-21,1.0
1231,1252,2004-05-21,1.0
30,1176,2004-05-21,1.0
63,963,2004-05-21,1.0
779,713,2004-05-21,1.0
252,1236,2004-05-21,1.0
1178,1126,2004-05-21,1.0
1231,704,2004-05-21,1.0
569,1181,2004-05-21,1.0
36,189,2004-05-21,1.0
468,272,2004-05-21,1.0
502,1233,2004-05-21,1.0
323,950,2004-05-21,1.0
323,339,2004-05-21,1.0
468,277,2004-05-21,1.0
1059,1243,2004-05-21,1.0
474,834,2004-05-21,1.0
1243,325,2004-05-21,1.0
704,598,2004-05-21,1.0
1059,325,2004-05-21,1.0
343,1242,2004-05-21,1.0
325,1243,2004-05-21,1.0
576,394,2004-05-21,1.0
272,654,2004-05-21,1.0
272,468,2004-05-21,1.0
250,475,2004-05-21,1.0
12,599,2004-05-21,1.0
277,468,2004-05-21,1.0
600,342,2004-05-21,1.0
475,250,2004-05-21,1.0
342,323,2004-05-21,1.0
1186,277,2004-05-21,1.0
1113,990,2004-05-21,1.0
654,272,2004-05-21,1.0
342,1244,2004-05-21,1.0
1033,1056,2004-05-21,1.0
297,615,2004-05-21,1.0
1059,389,2004-05-21,1.0
950,323,2004-05-21,1.0
105,317,2004-05-21,1.0
27,87,2004-05-21,1.0
800,569,2004-05-21,1.0
1045,269,2004-05-21,1.0
12,569,2004-05-21,1.0
281,337,2004-05-21,1.0
1037,143,2004-05-21,1.0
830,277,2004-05-21,1.0
341,1181,2004-05-21,1.0
834,144,2004-05-21,1.0
536,615,2004-05-21,1.0
339,323,2004-05-21,1.0
9,652,2004-05-21,1.0
323,642,2004-05-21,1.0
569,800,2004-05-21,1.0
1224,62,2004-05-21,1.0
600,667,2004-05-21,1.0
368,1236,2004-05-21,1.0
990,1142,2004-05-21,1.0
642,687,2004-05-21,1.0
482,1189,2004-05-21,1.0
1214,502,2004-05-21,1.0
1214,704,2004-05-21,1.0
713,1241,2004-05-21,1.0
884,713,2004-05-21,1.0
1083,679,2004-05-21,1.0
128,12,2004-05-21,1.0
599,12,2004-05-21,1.0
477,1,2004-05-21,1.0
1214,475,2004-05-21,1.0
1237,871,2004-05-21,1.0
871,1237,2004-05-21,1.0
1189,502,2004-05-21,1.0
252,481,2004-05-21,1.0
706,1219,2004-05-21,1.0
502,1189,2004-05-21,1.0
1245,835,2004-05-21,1.0
1214,1113,2004-05-21,1.0
1214,1239,2004-05-21,1.0
1187,1230,2004-05-21,1.0
1214,714,2004-05-21,1.0
302,1185,2004-05-21,1.0
963,63,2004-05-21,1.0
835,1245,2004-05-21,1.0
1185,302,2004-05-21,1.0
713,1059,2004-05-21,1.0
124,713,2004-05-21,1.0
481,252,2004-05-21,1.0
1181,341,2004-05-21,1.0
704,1231,2004-05-21,1.0
704,1247,2004-05-21,1.0
704,1246,2004-05-21,1.0
68,495,2004-05-21,1.0
749,700,2004-05-21,1.0
1153,1236,2004-05-21,1.0
1236,1153,2004-05-21,1.0
1219,706,2004-05-21,1.0
552,1231,2004-05-21,1.0
1236,41,2004-05-21,1.0
249,596,2004-05-21,1.0
41,1236,2004-05-21,1.0
683,1189,2004-05-21,1.0
1236,437,2004-05-21,1.0
994,145,2004-05-21,1.0
1059,713,2004-05-21,1.0
1113,886,2004-05-21,1.0
1236,209,2004-05-21,1.0
1219,1256,2004-05-21,1.0
1236,536,2004-05-21,1.0
1255,1189,2004-05-21,1.0
605,103,2004-05-21,1.0
103,605,2004-05-21,1.0
193,233,2004-05-21,1.0
1236,1118,2004-05-21,1.0
249,1136,2004-05-21,1.0
249,1246,2004-05-21,1.0
800,706,2004-05-21,1.0
1260,249,2004-05-21,1.0
1111,393,2004-05-21,1.0
1176,30,2004-05-21,1.0
1231,552,2004-05-21,1.0
1174,700,2004-05-21,1.0
437,1033,2004-05-21,1.0
19,527,2004-05-21,1.0
725,1261,2004-05-21,1.0
297,884,2004-05-21,1.0
1214,1236,2004-05-21,1.0
658,193,2004-05-21,1.0
1248,367,2004-05-21,1.0
1231,367,2004-05-21,1.0
1236,487,2004-05-21,1.0
393,1111,2004-05-21,1.0
605,557,2004-05-21,1.0
706,502,2004-05-21,1.0
994,893,2004-05-21,1.0
367,1248,2004-05-21,1.0
367,1231,2004-05-21,1.0
372,1117,2004-05-21,1.0
194,706,2004-05-21,1.0
846,792,2004-05-21,1.0
605,62,2004-05-21,1.0
605,337,2004-05-21,1.0
398,72,2004-05-21,1.0
1185,545,2004-05-21,1.0
1117,372,2004-05-21,1.0
509,364,2004-05-21,1.0
263,317,2004-05-21,1.0
1236,152,2004-05-21,1.0
296,194,2004-05-21,1.0
1236,368,2004-05-21,1.0
596,249,2004-05-21,1.0
1213,502,2004-05-21,1.0
1176,856,2004-05-21,1.0
1236,67,2004-05-21,1.0
706,484,2004-05-21,1.0
962,1204,2004-05-21,1.0
706,800,2004-05-21,1.0
484,706,2004-05-21,1.0
1236,714,2004-05-21,1.0
1189,1261,2004-05-21,1.0
706,128,2004-05-21,1.0
1258,10,2004-05-21,1.0
1236,252,2004-05-21,1.0
19,1016,2004-05-21,1.0
118,779,2004-05-21,1.0
19,1015,2004-05-21,1.0
72,1253,2004-05-21,1.0
884,297,2004-05-21,1.0
342,173,2004-05-21,1.0
317,281,2004-05-21,1.0
173,342,2004-05-21,1.0
1248,60,2004-05-21,1.0
1154,391,2004-05-21,1.0
462,913,2004-05-21,1.0
118,222,2004-05-21,1.0
1248,234,2004-05-21,1.0
462,282,2004-05-21,1.0
118,357,2004-05-21,1.0
560,194,2004-05-21,1.0
60,1248,2004-05-21,1.0
1002,103,2004-05-21,1.0
234,1248,2004-05-21,1.0
233,1037,2004-05-21,1.0
103,1002,2004-05-21,1.0
800,1256,2004-05-21,1.0
325,1248,2004-05-21,1.0
42,233,2004-05-21,1.0
118,817,2004-05-21,1.0
1241,713,2004-05-21,1.0
1236,1259,2004-05-21,1.0
1248,29,2004-05-21,1.0
706,194,2004-05-21,1.0
357,1039,2004-05-21,1.0
770,1255,2004-05-21,1.0
1238,302,2004-05-21,1.0
586,1253,2004-05-21,1.0
1186,713,2004-05-21,1.0
342,1039,2004-05-21,1.0
1239,990,2004-05-21,1.0
357,8,2004-05-21,1.0
1234,1254,2004-05-21,1.0
317,479,2004-05-21,1.0
749,302,2004-05-21,1.0
357,523,2004-05-21,1.0
325,1059,2004-05-21,1.0
1248,325,2004-05-21,1.0
1239,886,2004-05-21,1.0
704,700,2004-05-21,1.0
103,1256,2004-05-21,1.0
1256,800,2004-05-21,1.0
704,1257,2004-05-21,1.0
1256,706,2004-05-21,1.0
103,1255,2004-05-21,1.0
706,1256,2004-05-21,1.0
1002,273,2004-05-21,1.0
1256,103,2004-05-21,1.0
966,1171,2004-05-21,1.0
1189,768,2004-05-21,1.0
1256,615,2004-05-21,1.0
281,317,2004-05-21,1.0
1153,152,2004-05-21,1.0
19,886,2004-05-21,1.0
32,1255,2004-05-21,1.0
67,1255,2004-05-21,1.0
118,32,2004-05-21,1.0
357,1260,2004-05-21,1.0
1255,32,2004-05-21,1.0
367,479,2004-05-21,1.0
357,708,2004-05-21,1.0
1248,560,2004-05-21,1.0
370,101,2004-05-21,1.0
678,212,2004-05-21,1.0
479,367,2004-05-21,1.0
719,1251,2004-05-21,1.0
1189,118,2004-05-21,1.0
770,1260,2004-05-21,1.0
32,118,2004-05-21,1.0
605,700,2004-05-21,1.0
281,254,2004-05-21,1.0
654,563,2004-05-21,1.0
1113,1255,2004-05-21,1.0
590,964,2004-05-21,1.0
1248,131,2004-05-21,1.0
1255,1113,2004-05-21,1.0
131,1248,2004-05-21,1.0
388,639,2004-05-21,1.0
1185,1002,2004-05-21,1.0
1113,3,2004-05-21,1.0
10,1258,2004-05-21,1.0
1185,495,2004-05-21,1.0
101,370,2004-05-21,1.0
357,802,2004-05-21,1.0
843,1167,2004-05-21,1.0
1256,740,2004-05-21,1.0
357,701,2004-05-21,1.0
740,1256,2004-05-21,1.0
527,12,2004-05-21,1.0
638,778,2004-05-22,1.0
475,1105,2004-05-22,1.0
323,298,2004-05-22,1.0
1260,254,2004-05-22,1.0
1227,333,2004-05-22,1.0
254,1260,2004-05-22,1.0
271,194,2004-05-22,1.0
778,638,2004-05-22,1.0
792,841,2004-05-22,1.0
1105,475,2004-05-22,1.0
990,1142,2004-05-22,1.0
1227,32,2004-05-22,1.0
835,725,2004-05-22,1.0
1281,950,2004-05-22,1.0
778,974,2004-05-22,1.0
281,263,2004-05-22,1.0
733,475,2004-05-22,1.0
272,654,2004-05-22,1.0
638,254,2004-05-22,1.0
654,272,2004-05-22,1.0
546,638,2004-05-22,1.0
638,1300,2004-05-22,1.0
638,546,2004-05-22,1.0
1300,638,2004-05-22,1.0
1038,638,2004-05-22,1.0
1264,1283,2004-05-22,1.0
323,367,2004-05-22,1.0
321,392,2004-05-22,1.0
321,212,2004-05-22,1.0
72,392,2004-05-22,1.0
701,1051,2004-05-22,1.0
1051,701,2004-05-22,1.0
1295,704,2004-05-22,1.0
323,741,2004-05-22,1.0
741,323,2004-05-22,1.0
475,468,2004-05-22,1.0
1227,1018,2004-05-22,1.0
72,1253,2004-05-22,1.0
325,1181,2004-05-22,1.0
1181,325,2004-05-22,1.0
392,72,2004-05-22,1.0
392,321,2004-05-22,1.0
778,438,2004-05-22,1.0
778,540,2004-05-22,1.0
585,495,2004-05-22,1.0
249,1260,2004-05-22,1.0
1231,704,2004-05-22,1.0
263,281,2004-05-22,1.0
878,1255,2004-05-22,1.0
1255,878,2004-05-22,1.0
704,1296,2004-05-22,1.0
792,1297,2004-05-22,1.0
964,1202,2004-05-22,1.0
834,1234,2004-05-22,1.0
704,1298,2004-05-22,1.0
379,32,2004-05-22,1.0
199,1105,2004-05-22,1.0
1105,199,2004-05-22,1.0
546,454,2004-05-22,1.0
19,1299,2004-05-22,1.0
193,233,2004-05-22,1.0
733,1231,2004-05-22,1.0
1178,1189,2004-05-22,1.0
1113,1255,2004-05-22,1.0
686,950,2004-05-22,1.0
199,1183,2004-05-22,1.0
272,468,2004-05-22,1.0
272,605,2004-05-22,1.0
733,1255,2004-05-22,1.0
323,308,2004-05-22,1.0
454,1043,2004-05-22,1.0
282,109,2004-05-22,1.0
468,475,2004-05-22,1.0
475,1189,2004-05-22,1.0
704,1295,2004-05-22,1.0
954,652,2004-05-22,1.0
954,103,2004-05-22,1.0
1224,536,2004-05-22,1.0
760,590,2004-05-22,1.0
1043,454,2004-05-22,1.0
1234,834,2004-05-22,1.0
282,34,2004-05-22,1.0
297,999,2004-05-22,1.0
686,234,2004-05-22,1.0
483,199,2004-05-22,1.0
878,848,2004-05-22,1.0
483,1224,2004-05-22,1.0
527,923,2004-05-22,1.0
950,686,2004-05-22,1.0
252,1056,2004-05-22,1.0
1286,1231,2004-05-22,1.0
1224,483,2004-05-22,1.0
193,1299,2004-05-22,1.0
1136,1158,2004-05-22,1.0
638,590,2004-05-22,1.0
1189,475,2004-05-22,1.0
1183,234,2004-05-22,1.0
199,1234,2004-05-22,1.0
1161,794,2004-05-22,1.0
142,1260,2004-05-22,1.0
483,1189,2004-05-22,1.0
555,590,2004-05-22,1.0
555,440,2004-05-22,1.0
1136,739,2004-05-22,1.0
1284,346,2004-05-22,1.0
1297,1301,2004-05-22,1.0
1246,963,2004-05-22,1.0
1158,1136,2004-05-22,1.0
701,372,2004-05-22,1.0
701,224,2004-05-22,1.0
1248,654,2004-05-22,1.0
1260,1042,2004-05-22,1.0
281,781,2004-05-22,1.0
1280,281,2004-05-22,1.0
928,41,2004-05-22,1.0
681,590,2004-05-22,1.0
249,358,2004-05-22,1.0
1069,542,2004-05-22,1.0
781,281,2004-05-22,1.0
105,701,2004-05-22,1.0
1253,644,2004-05-22,1.0
105,1181,2004-05-22,1.0
341,701,2004-05-22,1.0
105,697,2004-05-22,1.0
105,621,2004-05-22,1.0
105,1021,2004-05-22,1.0
963,1246,2004-05-22,1.0
1003,1199,2004-05-22,1.0
1246,105,2004-05-22,1.0
103,1231,2004-05-22,1.0
1190,254,2004-05-22,1.0
1190,1062,2004-05-22,1.0
1190,551,2004-05-22,1.0
701,105,2004-05-22,1.0
997,701,2004-05-22,1.0
1190,42,2004-05-22,1.0
63,95,2004-05-22,1.0
26,404,2004-05-22,1.0
699,1264,2004-05-22,1.0
616,306,2004-05-22,1.0
701,997,2004-05-22,1.0
701,1185,2004-05-22,1.0
1114,1188,2004-05-22,1.0
701,1021,2004-05-22,1.0
1185,199,2004-05-22,1.0
859,95,2004-05-22,1.0
1185,701,2004-05-22,1.0
1253,357,2004-05-22,1.0
1246,95,2004-05-22,1.0
1253,72,2004-05-22,1.0
415,997,2004-05-22,1.0
1246,547,2004-05-22,1.0
781,1244,2004-05-22,1.0
220,346,2004-05-22,1.0
1253,1173,2004-05-22,1.0
704,958,2004-05-22,1.0
666,713,2004-05-22,1.0
1137,1127,2004-05-22,1.0
683,758,2004-05-22,1.0
654,1248,2004-05-22,1.0
209,1255,2004-05-22,1.0
209,242,2004-05-22,1.0
1253,50,2004-05-22,1.0
257,1214,2004-05-22,1.0
257,142,2004-05-22,1.0
1231,103,2004-05-22,1.0
704,1231,2004-05-22,1.0
1207,1080,2004-05-22,1.0
285,1255,2004-05-22,1.0
547,1260,2004-05-22,1.0
547,63,2004-05-22,1.0
681,1185,2004-05-22,1.0
950,1281,2004-05-22,1.0
1100,1248,2004-05-22,1.0
42,1224,2004-05-22,1.0
1248,1100,2004-05-22,1.0
281,1280,2004-05-22,1.0
415,1231,2004-05-22,1.0
1297,903,2004-05-22,1.0
704,1302,2004-05-22,1.0
933,1214,2004-05-22,1.0
298,687,2004-05-22,1.0
733,302,2004-05-22,1.0
1224,42,2004-05-22,1.0
462,1299,2004-05-22,1.0
462,605,2004-05-22,1.0
1207,19,2004-05-22,1.0
398,1291,2004-05-22,1.0
802,318,2004-05-22,1.0
42,483,2004-05-22,1.0
227,1234,2004-05-22,1.0
1185,1019,2004-05-22,1.0
1279,644,2004-05-22,1.0
1189,389,2004-05-22,1.0
1287,781,2004-05-22,1.0
1287,1253,2004-05-22,1.0
1234,227,2004-05-22,1.0
1113,1207,2004-05-22,1.0
980,544,2004-05-22,1.0
536,1224,2004-05-22,1.0
958,704,2004-05-22,1.0
249,1295,2004-05-22,1.0
679,393,2004-05-22,1.0
994,639,2004-05-22,1.0
32,349,2004-05-22,1.0
32,379,2004-05-22,1.0
32,1227,2004-05-22,1.0
994,315,2004-05-22,1.0
638,609,2004-05-22,1.0
700,605,2004-05-22,1.0
700,704,2004-05-22,1.0
994,1284,2004-05-22,1.0
277,778,2004-05-22,1.0
1126,994,2004-05-22,1.0
233,193,2004-05-22,1.0
1042,1260,2004-05-22,1.0
834,1196,2004-05-22,1.0
810,576,2004-05-22,1.0
994,536,2004-05-22,1.0
561,176,2004-05-22,1.0
713,325,2004-05-22,1.0
509,758,2004-05-22,1.0
198,1302,2004-05-22,1.0
713,666,2004-05-22,1.0
713,1127,2004-05-22,1.0
713,1185,2004-05-22,1.0
713,1158,2004-05-22,1.0
713,919,2004-05-22,1.0
1042,615,2004-05-22,1.0
576,1167,2004-05-22,1.0
41,1255,2004-05-22,1.0
741,1280,2004-05-22,1.0
1183,42,2004-05-22,1.0
48,621,2004-05-22,1.0
1281,701,2004-05-22,1.0
1281,1248,2004-05-22,1.0
377,1283,2004-05-22,1.0
1281,1173,2004-05-22,1.0
609,638,2004-05-22,1.0
994,1298,2004-05-22,1.0
809,779,2004-05-22,1.0
1280,741,2004-05-22,1.0
1196,834,2004-05-22,1.0
1291,1295,2004-05-22,1.0
912,1285,2004-05-22,1.0
269,1045,2004-05-22,1.0
269,90,2004-05-22,1.0
1058,1142,2004-05-22,1.0
473,372,2004-05-22,1.0
50,1253,2004-05-22,1.0
713,1036,2004-05-22,1.0
193,523,2004-05-22,1.0
569,194,2004-05-22,1.0
95,63,2004-05-22,1.0
903,1297,2004-05-22,1.0
95,712,2004-05-22,1.0
95,154,2004-05-22,1.0
199,1185,2004-05-22,1.0
1014,30,2004-05-22,1.0
547,713,2004-05-22,1.0
1303,598,2004-05-22,1.0
95,1246,2004-05-22,1.0
590,555,2004-05-22,1.0
1234,199,2004-05-22,1.0
958,621,2004-05-22,1.0
758,683,2004-05-22,1.0
547,1246,2004-05-22,1.0
36,1281,2004-05-22,1.0
12,997,2004-05-22,1.0
249,1304,2004-05-22,1.0
859,318,2004-05-22,1.0
30,1014,2004-05-22,1.0
713,1263,2004-05-22,1.0
713,1241,2004-05-22,1.0
713,950,2004-05-22,1.0
713,762,2004-05-22,1.0
997,415,2004-05-22,1.0
701,341,2004-05-22,1.0
1185,1227,2004-05-22,1.0
758,509,2004-05-22,1.0
1284,994,2004-05-22,1.0
394,42,2004-05-22,1.0
152,1158,2004-05-22,1.0
103,1302,2004-05-22,1.0
194,271,2004-05-22,1.0
30,1176,2004-05-22,1.0
103,1244,2004-05-22,1.0
536,994,2004-05-22,1.0
1236,1224,2004-05-22,1.0
9,683,2004-05-22,1.0
600,1189,2004-05-22,1.0
42,644,2004-05-22,1.0
1246,652,2004-05-22,1.0
474,42,2004-05-22,1.0
749,474,2004-05-22,1.0
600,42,2004-05-22,1.0
42,474,2004-05-22,1.0
474,749,2004-05-22,1.0
42,242,2004-05-22,1.0
1127,298,2004-05-22,1.0
1189,502,2004-05-22,1.0
1281,644,2004-05-22,1.0
1281,699,2004-05-22,1.0
42,194,2004-05-22,1.0
1281,308,2004-05-22,1.0
41,502,2004-05-22,1.0
1127,219,2004-05-22,1.0
42,573,2004-05-22,1.0
1253,468,2004-05-22,1.0
193,658,2004-05-22,1.0
1288,42,2004-05-22,1.0
42,831,2004-05-22,1.0
1253,1287,2004-05-22,1.0
1287,1280,2004-05-22,1.0
323,42,2004-05-22,1.0
425,1103,2004-05-22,1.0
1246,645,2004-05-22,1.0
1127,1284,2004-05-22,1.0
1246,525,2004-05-22,1.0
42,1280,2004-05-22,1.0
42,323,2004-05-22,1.0
1206,1093,2004-05-22,1.0
42,502,2004-05-22,1.0
1280,1287,2004-05-22,1.0
1280,511,2004-05-22,1.0
502,42,2004-05-22,1.0
1189,204,2004-05-22,1.0
502,1189,2004-05-22,1.0
346,1284,2004-05-22,1.0
277,1186,2004-05-22,1.0
386,422,2004-05-22,1.0
114,770,2004-05-22,1.0
199,1051,2004-05-22,1.0
474,1014,2004-05-22,1.0
357,758,2004-05-22,1.0
12,527,2004-05-22,1.0
646,474,2004-05-22,1.0
212,1289,2004-05-22,1.0
357,1253,2004-05-22,1.0
212,6,2004-05-22,1.0
681,617,2004-05-22,1.0
6,212,2004-05-22,1.0
753,425,2004-05-22,1.0
1290,617,2004-05-22,1.0
357,598,2004-05-22,1.0
681,212,2004-05-22,1.0
646,758,2004-05-22,1.0
1127,802,2004-05-22,1.0
1281,291,2004-05-22,1.0
1127,474,2004-05-22,1.0
42,1050,2004-05-22,1.0
687,1283,2004-05-22,1.0
781,1280,2004-05-22,1.0
781,1287,2004-05-22,1.0
538,781,2004-05-22,1.0
781,538,2004-05-22,1.0
1253,781,2004-05-22,1.0
781,1253,2004-05-22,1.0
1127,194,2004-05-22,1.0
1127,840,2004-05-22,1.0
1280,781,2004-05-22,1.0
712,640,2004-05-22,1.0
999,297,2004-05-22,1.0
525,1246,2004-05-22,1.0
44,1189,2004-05-22,1.0
711,1034,2004-05-22,1.0
605,272,2004-05-22,1.0
1227,1117,2004-05-22,1.0
1034,711,2004-05-22,1.0
1181,105,2004-05-22,1.0
234,50,2004-05-22,1.0
1253,586,2004-05-22,1.0
640,1253,2004-05-22,1.0
1253,640,2004-05-22,1.0
220,224,2004-05-22,1.0
654,644,2004-05-22,1.0
640,712,2004-05-22,1.0
586,1253,2004-05-22,1.0
725,835,2004-05-22,1.0
644,654,2004-05-22,1.0
644,1281,2004-05-22,1.0
770,1280,2004-05-22,1.0
224,701,2004-05-22,1.0
615,823,2004-05-22,1.0
448,823,2004-05-22,1.0
393,963,2004-05-22,1.0
1282,221,2004-05-22,1.0
749,713,2004-05-22,1.0
1281,1283,2004-05-22,1.0
1113,70,2004-05-22,1.0
1256,615,2004-05-22,1.0
220,32,2004-05-22,1.0
474,640,2004-05-22,1.0
800,964,2004-05-22,1.0
640,474,2004-05-22,1.0
810,708,2004-05-22,1.0
615,1256,2004-05-22,1.0
725,1260,2004-05-22,1.0
899,1185,2004-05-22,1.0
346,1248,2004-05-22,1.0
1284,1253,2004-05-22,1.0
714,1284,2004-05-22,1.0
1127,152,2004-05-22,1.0
41,823,2004-05-22,1.0
590,638,2004-05-22,1.0
1284,1127,2004-05-22,1.0
1284,714,2004-05-22,1.0
621,834,2004-05-22,1.0
621,105,2004-05-22,1.0
1158,924,2004-05-22,1.0
621,772,2004-05-22,1.0
621,719,2004-05-22,1.0
42,704,2004-05-22,1.0
924,1158,2004-05-22,1.0
249,547,2004-05-22,1.0
704,42,2004-05-22,1.0
621,48,2004-05-22,1.0
1186,1056,2004-05-22,1.0
12,175,2004-05-22,1.0
12,128,2004-05-22,1.0
899,1189,2004-05-22,1.0
63,60,2004-05-22,1.0
1253,1284,2004-05-22,1.0
48,152,2004-05-22,1.0
152,48,2004-05-22,1.0
1285,912,2004-05-22,1.0
3,555,2004-05-22,1.0
145,1042,2004-05-22,1.0
145,994,2004-05-22,1.0
853,514,2004-05-22,1.0
1253,605,2004-05-22,1.0
1286,48,2004-05-22,1.0
938,67,2004-05-22,1.0
12,415,2004-05-22,1.0
12,617,2004-05-22,1.0
681,758,2004-05-22,1.0
615,1042,2004-05-22,1.0
1113,1294,2004-05-22,1.0
1236,1185,2004-05-22,1.0
1255,704,2004-05-22,1.0
1255,209,2004-05-22,1.0
1236,103,2004-05-22,1.0
309,1103,2004-05-22,1.0
1260,87,2004-05-22,1.0
1113,1216,2004-05-22,1.0
615,1185,2004-05-22,1.0
1255,285,2004-05-22,1.0
923,527,2004-05-22,1.0
1236,1005,2004-05-22,1.0
1185,823,2004-05-22,1.0
1236,1227,2004-05-22,1.0
525,103,2004-05-22,1.0
1255,41,2004-05-22,1.0
176,561,2004-05-22,1.0
733,1208,2004-05-22,1.0
298,1127,2004-05-22,1.0
1185,899,2004-05-22,1.0
733,454,2004-05-22,1.0
733,1056,2004-05-22,1.0
1185,588,2004-05-22,1.0
1185,144,2004-05-22,1.0
525,19,2004-05-22,1.0
1185,302,2004-05-22,1.0
739,317,2004-05-22,1.0
303,298,2004-05-22,1.0
306,408,2004-05-22,1.0
482,1294,2004-05-22,1.0
1260,725,2004-05-22,1.0
103,525,2004-05-22,1.0
1189,1260,2004-05-22,1.0
349,32,2004-05-22,1.0
1236,282,2004-05-22,1.0
834,621,2004-05-22,1.0
1189,689,2004-05-22,1.0
323,758,2004-05-22,1.0
1189,598,2004-05-22,1.0
12,605,2004-05-22,1.0
1189,882,2004-05-22,1.0
1158,152,2004-05-22,1.0
666,1276,2004-05-22,1.0
1158,840,2004-05-22,1.0
302,749,2004-05-22,1.0
1236,1217,2004-05-22,1.0
605,462,2004-05-22,1.0
87,1260,2004-05-22,1.0
357,528,2004-05-22,1.0
357,792,2004-05-22,1.0
810,626,2004-05-22,1.0
357,1142,2004-05-22,1.0
1052,1260,2004-05-22,1.0
1033,1211,2004-05-22,1.0
323,753,2004-05-22,1.0
1236,487,2004-05-22,1.0
357,1291,2004-05-22,1.0
152,1127,2004-05-22,1.0
84,598,2004-05-22,1.0
1290,605,2004-05-22,1.0
1237,199,2004-05-22,1.0
12,599,2004-05-22,1.0
12,758,2004-05-22,1.0
431,605,2004-05-22,1.0
199,1237,2004-05-22,1.0
357,843,2004-05-22,1.0
9,1280,2004-05-22,1.0
9,1196,2004-05-22,1.0
9,477,2004-05-22,1.0
9,1206,2004-05-22,1.0
219,1127,2004-05-22,1.0
32,1260,2004-05-22,1.0
1281,1291,2004-05-22,1.0
474,1187,2004-05-22,1.0
12,598,2004-05-22,1.0
908,263,2004-05-22,1.0
733,626,2004-05-22,1.0
1216,542,2004-05-22,1.0
733,1291,2004-05-22,1.0
1291,1127,2004-05-22,1.0
12,389,2004-05-22,1.0
1117,1227,2004-05-22,1.0
542,1216,2004-05-22,1.0
12,840,2004-05-22,1.0
733,654,2004-05-22,1.0
32,626,2004-05-22,1.0
1056,1186,2004-05-22,1.0
1056,252,2004-05-22,1.0
1033,1292,2004-05-22,1.0
1214,933,2004-05-22,1.0
1291,398,2004-05-22,1.0
498,1293,2004-05-22,1.0
1127,1291,2004-05-22,1.0
966,1248,2004-05-22,1.0
1227,1237,2004-05-22,1.0
1118,1103,2004-05-23,1.0
323,281,2004-05-23,1.0
72,1253,2004-05-23,1.0
1280,281,2004-05-23,1.0
281,1280,2004-05-23,1.0
198,1321,2004-05-23,1.0
392,1315,2004-05-23,1.0
792,841,2004-05-23,1.0
912,375,2004-05-23,1.0
392,72,2004-05-23,1.0
586,1316,2004-05-23,1.0
1246,834,2004-05-23,1.0
72,392,2004-05-23,1.0
392,353,2004-05-23,1.0
1246,963,2004-05-23,1.0
1246,801,2004-05-23,1.0
1043,454,2004-05-23,1.0
1087,1132,2004-05-23,1.0
323,1297,2004-05-23,1.0
60,1173,2004-05-23,1.0
212,678,2004-05-23,1.0
298,573,2004-05-23,1.0
1274,1273,2004-05-23,1.0
1264,699,2004-05-23,1.0
1317,1318,2004-05-23,1.0
950,815,2004-05-23,1.0
596,782,2004-05-23,1.0
1319,224,2004-05-23,1.0
792,1185,2004-05-23,1.0
1103,425,2004-05-23,1.0
392,321,2004-05-23,1.0
323,341,2004-05-23,1.0
1087,1284,2004-05-23,1.0
1320,952,2004-05-23,1.0
353,392,2004-05-23,1.0
198,1302,2004-05-23,1.0
1244,1317,2004-05-23,1.0
1284,596,2004-05-23,1.0
277,644,2004-05-23,1.0
704,596,2004-05-23,1.0
498,823,2004-05-23,1.0
938,1323,2004-05-23,1.0
422,1041,2004-05-23,1.0
1323,938,2004-05-23,1.0
1041,422,2004-05-23,1.0
422,386,2004-05-23,1.0
1317,1244,2004-05-23,1.0
12,1042,2004-05-23,1.0
12,142,2004-05-23,1.0
42,72,2004-05-23,1.0
12,415,2004-05-23,1.0
80,309,2004-05-23,1.0
454,1043,2004-05-23,1.0
1185,555,2004-05-23,1.0
42,415,2004-05-23,1.0
1274,840,2004-05-23,1.0
871,392,2004-05-23,1.0
57,596,2004-05-23,1.0
871,1103,2004-05-23,1.0
1315,392,2004-05-23,1.0
793,1230,2004-05-23,1.0
1190,254,2004-05-23,1.0
871,1260,2004-05-23,1.0
544,1273,2004-05-23,1.0
871,969,2004-05-23,1.0
1190,50,2004-05-23,1.0
704,1322,2004-05-23,1.0
871,978,2004-05-23,1.0
1,1271,2004-05-23,1.0
644,719,2004-05-23,1.0
454,242,2004-05-23,1.0
871,1026,2004-05-23,1.0
573,298,2004-05-23,1.0
323,758,2004-05-23,1.0
733,475,2004-05-23,1.0
782,697,2004-05-23,1.0
596,1284,2004-05-23,1.0
323,298,2004-05-23,1.0
257,615,2004-05-23,1.0
733,713,2004-05-23,1.0
281,358,2004-05-23,1.0
1231,557,2004-05-23,1.0
1255,41,2004-05-23,1.0
1255,356,2004-05-23,1.0
733,1244,2004-05-23,1.0
1270,194,2004-05-23,1.0
257,142,2004-05-23,1.0
679,465,2004-05-23,1.0
503,103,2004-05-23,1.0
871,926,2004-05-23,1.0
810,1021,2004-05-23,1.0
48,621,2004-05-23,1.0
175,224,2004-05-23,1.0
697,782,2004-05-23,1.0
733,175,2004-05-23,1.0
697,912,2004-05-23,1.0
733,638,2004-05-23,1.0
782,596,2004-05-23,1.0
557,1231,2004-05-23,1.0
1136,739,2004-05-23,1.0
353,194,2004-05-23,1.0
560,598,2004-05-23,1.0
109,282,2004-05-23,1.0
706,484,2004-05-23,1.0
1004,194,2004-05-23,1.0
596,605,2004-05-23,1.0
725,1260,2004-05-23,1.0
90,269,2004-05-23,1.0
194,353,2004-05-23,1.0
815,950,2004-05-23,1.0
91,1237,2004-05-23,1.0
105,1181,2004-05-23,1.0
1236,1189,2004-05-23,1.0
105,621,2004-05-23,1.0
338,1302,2004-05-23,1.0
675,462,2004-05-23,1.0
477,1271,2004-05-23,1.0
477,526,2004-05-23,1.0
912,697,2004-05-23,1.0
1284,793,2004-05-23,1.0
596,57,2004-05-23,1.0
69,357,2004-05-23,1.0
1280,834,2004-05-23,1.0
834,1280,2004-05-23,1.0
1284,585,2004-05-23,1.0
281,1271,2004-05-23,1.0
793,1284,2004-05-23,1.0
1252,1231,2004-05-23,1.0
1325,1326,2004-05-23,1.0
760,212,2004-05-23,1.0
357,638,2004-05-23,1.0
1317,72,2004-05-23,1.0
1187,1284,2004-05-23,1.0
114,770,2004-05-23,1.0
375,1189,2004-05-23,1.0
375,1185,2004-05-23,1.0
254,358,2004-05-23,1.0
990,1142,2004-05-23,1.0
1237,199,2004-05-23,1.0
372,473,2004-05-23,1.0
638,1317,2004-05-23,1.0
1237,1227,2004-05-23,1.0
372,353,2004-05-23,1.0
1281,1310,2004-05-23,1.0
704,1324,2004-05-23,1.0
1284,1187,2004-05-23,1.0
1237,91,2004-05-23,1.0
1187,1131,2004-05-23,1.0
802,1310,2004-05-23,1.0
1327,282,2004-05-23,1.0
598,84,2004-05-23,1.0
249,1295,2004-05-23,1.0
598,1189,2004-05-23,1.0
598,1303,2004-05-23,1.0
598,878,2004-05-23,1.0
481,1284,2004-05-23,1.0
1248,919,2004-05-23,1.0
1312,103,2004-05-23,1.0
1329,1271,2004-05-23,1.0
50,102,2004-05-23,1.0
481,50,2004-05-23,1.0
1050,495,2004-05-23,1.0
142,997,2004-05-23,1.0
50,481,2004-05-23,1.0
1329,477,2004-05-23,1.0
12,598,2004-05-23,1.0
598,62,2004-05-23,1.0
598,652,2004-05-23,1.0
249,547,2004-05-23,1.0
249,605,2004-05-23,1.0
1246,415,2004-05-23,1.0
249,1302,2004-05-23,1.0
394,393,2004-05-23,1.0
1317,638,2004-05-23,1.0
249,713,2004-05-23,1.0
67,1296,2004-05-23,1.0
199,1237,2004-05-23,1.0
545,1328,2004-05-23,1.0
249,886,2004-05-23,1.0
1328,545,2004-05-23,1.0
378,193,2004-05-23,1.0
1215,949,2004-05-23,1.0
249,817,2004-05-23,1.0
249,454,2004-05-23,1.0
1326,1325,2004-05-23,1.0
585,1284,2004-05-23,1.0
342,544,2004-05-23,1.0
1187,1183,2004-05-23,1.0
249,1324,2004-05-23,1.0
1190,738,2004-05-23,1.0
997,142,2004-05-23,1.0
1310,802,2004-05-23,1.0
357,525,2004-05-23,1.0
1310,561,2004-05-23,1.0
358,32,2004-05-23,1.0
358,254,2004-05-23,1.0
358,281,2004-05-23,1.0
357,358,2004-05-23,1.0
193,596,2004-05-23,1.0
193,378,2004-05-23,1.0
224,175,2004-05-23,1.0
9,1261,2004-05-23,1.0
9,1279,2004-05-23,1.0
1246,1310,2004-05-23,1.0
596,704,2004-05-23,1.0
1302,338,2004-05-23,1.0
353,372,2004-05-23,1.0
1302,198,2004-05-23,1.0
1268,1313,2004-05-23,1.0
1302,704,2004-05-23,1.0
353,1284,2004-05-23,1.0
964,160,2004-05-23,1.0
375,912,2004-05-23,1.0
1127,454,2004-05-23,1.0
357,1253,2004-05-23,1.0
1271,477,2004-05-23,1.0
725,638,2004-05-23,1.0
725,835,2004-05-23,1.0
350,343,2004-05-23,1.0
1185,375,2004-05-23,1.0
209,242,2004-05-23,1.0
1310,1246,2004-05-23,1.0
596,193,2004-05-23,1.0
1189,375,2004-05-23,1.0
1187,353,2004-05-23,1.0
143,1037,2004-05-23,1.0
1298,394,2004-05-23,1.0
1113,638,2004-05-23,1.0
638,725,2004-05-23,1.0
394,1298,2004-05-23,1.0
856,1176,2004-05-23,1.0
394,738,2004-05-23,1.0
1126,1302,2004-05-23,1.0
220,1310,2004-05-23,1.0
341,1280,2004-05-23,1.0
53,1314,2004-05-23,1.0
509,758,2004-05-23,1.0
306,616,2004-05-23,1.0
1280,341,2004-05-23,1.0
454,1127,2004-05-23,1.0
942,63,2004-05-23,1.0
1317,781,2004-05-23,1.0
1284,353,2004-05-23,1.0
525,357,2004-05-23,1.0
357,1284,2004-05-23,1.0
357,974,2004-05-23,1.0
638,357,2004-05-23,1.0
1173,654,2004-05-23,1.0
1142,990,2004-05-23,1.0
1173,60,2004-05-23,1.0
654,1173,2004-05-23,1.0
942,1314,2004-05-23,1.0
1287,1253,2004-05-23,1.0
942,919,2004-05-23,1.0
598,560,2004-05-23,1.0
1076,1082,2004-05-23,1.0
1286,704,2004-05-23,1.0
1260,1042,2004-05-23,1.0
719,1260,2004-05-23,1.0
1042,1260,2004-05-23,1.0
257,719,2004-05-23,1.0
712,95,2004-05-23,1.0
67,1302,2004-05-23,1.0
67,697,2004-05-23,1.0
233,193,2004-05-23,1.0
1241,713,2004-05-23,1.0
678,212,2004-05-23,1.0
32,1260,2004-05-23,1.0
1260,719,2004-05-23,1.0
678,1302,2004-05-23,1.0
719,931,2004-05-23,1.0
1311,713,2004-05-23,1.0
41,1255,2004-05-23,1.0
41,63,2004-05-23,1.0
242,209,2004-05-23,1.0
605,272,2004-05-23,1.0
242,454,2004-05-23,1.0
1118,994,2004-05-23,1.0
605,462,2004-05-23,1.0
1302,678,2004-05-23,1.0
194,1279,2004-05-23,1.0
1260,32,2004-05-23,1.0
983,985,2004-05-23,1.0
1118,644,2004-05-23,1.0
398,725,2004-05-23,1.0
687,298,2004-05-23,1.0
1312,1313,2004-05-23,1.0
103,954,2004-05-23,1.0
44,1271,2004-05-23,1.0
1310,474,2004-05-23,1.0
1312,1091,2004-05-23,1.0
679,954,2004-05-23,1.0
67,32,2004-05-23,1.0
1113,1214,2004-05-23,1.0
536,1224,2004-05-23,1.0
621,958,2004-05-23,1.0
1255,209,2004-05-23,1.0
103,799,2004-05-23,1.0
621,48,2004-05-23,1.0
257,1178,2004-05-23,1.0
409,687,2004-05-23,1.0
523,724,2004-05-23,1.0
69,1296,2004-05-23,1.0
621,105,2004-05-23,1.0
356,1255,2004-05-23,1.0
1302,103,2004-05-23,1.0
704,1302,2004-05-23,1.0
103,1302,2004-05-23,1.0
423,815,2004-05-23,1.0
42,1309,2004-05-23,1.0
644,1279,2004-05-23,1.0
644,1253,2004-05-23,1.0
1113,990,2004-05-23,1.0
1214,933,2004-05-23,1.0
815,1305,2004-05-23,1.0
42,1302,2004-05-23,1.0
1281,950,2004-05-23,1.0
42,1307,2004-05-23,1.0
42,1308,2004-05-23,1.0
1306,990,2004-05-23,1.0
1036,713,2004-05-23,1.0
42,63,2004-05-23,1.0
1306,704,2004-05-23,1.0
1215,398,2004-05-23,1.0
1227,1185,2004-05-23,1.0
815,423,2004-05-23,1.0
3,176,2004-05-23,1.0
398,465,2004-05-23,1.0
465,398,2004-05-23,1.0
3,323,2004-05-23,1.0
474,356,2004-05-23,1.0
474,1310,2004-05-23,1.0
834,1246,2004-05-23,1.0
713,1158,2004-05-23,1.0
63,1310,2004-05-23,1.0
1310,63,2004-05-23,1.0
423,536,2004-05-23,1.0
409,1032,2004-05-23,1.0
398,771,2004-05-23,1.0
63,41,2004-05-23,1.0
1189,899,2004-05-23,1.0
1087,1270,2004-05-23,1.0
356,474,2004-05-23,1.0
1224,536,2004-05-23,1.0
103,1313,2004-05-23,1.0
503,41,2004-05-23,1.0
249,1231,2004-05-23,1.0
503,74,2004-05-23,1.0
193,233,2004-05-23,1.0
1272,441,2004-05-23,1.0
638,462,2004-05-23,1.0
1261,725,2004-05-23,1.0
462,638,2004-05-23,1.0
503,739,2004-05-23,1.0
800,1256,2004-05-23,1.0
503,398,2004-05-23,1.0
969,1189,2004-05-23,1.0
128,242,2004-05-23,1.0
502,41,2004-05-23,1.0
249,1304,2004-05-23,1.0
142,415,2004-05-23,1.0
1302,1315,2004-05-23,1.0
801,1246,2004-05-23,1.0
1315,1302,2004-05-23,1.0
1313,103,2004-05-23,1.0
1298,704,2004-05-23,1.0
32,358,2004-05-23,1.0
1236,1185,2004-05-23,1.0
63,797,2004-05-23,1.0
63,95,2004-05-23,1.0
193,63,2004-05-23,1.0
309,80,2004-05-23,1.0
1189,969,2004-05-23,1.0
249,358,2004-05-23,1.0
1118,1034,2004-05-23,1.0
503,1316,2004-05-23,1.0
308,739,2004-05-23,1.0
871,1302,2004-05-23,1.0
1195,103,2004-05-23,1.0
1246,719,2004-05-23,1.0
1316,1039,2004-05-23,1.0
871,502,2004-05-23,1.0
547,1260,2004-05-23,1.0
283,1284,2004-05-23,1.0
586,194,2004-05-23,1.0
194,586,2004-05-23,1.0
704,1298,2004-05-23,1.0
398,1260,2004-05-23,1.0
142,329,2004-05-23,1.0
103,1130,2004-05-23,1.0
142,144,2004-05-23,1.0
103,1216,2004-05-23,1.0
1260,398,2004-05-23,1.0
697,719,2004-05-23,1.0
1118,341,2004-05-23,1.0
103,1078,2004-05-23,1.0
1215,103,2004-05-23,1.0
598,357,2004-05-23,1.0
598,1071,2004-05-23,1.0
199,848,2004-05-23,1.0
563,654,2004-05-23,1.0
41,713,2004-05-23,1.0
1253,72,2004-05-23,1.0
242,128,2004-05-23,1.0
103,853,2004-05-23,1.0
974,778,2004-05-23,1.0
1126,103,2004-05-23,1.0
398,834,2004-05-23,1.0
1279,194,2004-05-23,1.0
797,63,2004-05-23,1.0
1253,1287,2004-05-23,1.0
1253,644,2004-05-23,1.0
329,415,2004-05-23,1.0
598,704,2004-05-23,1.0
483,1189,2004-05-23,1.0
1272,302,2004-05-23,1.0
1298,994,2004-05-23,1.0
782,721,2004-05-23,1.0
342,142,2004-05-23,1.0
781,408,2004-05-23,1.0
719,697,2004-05-23,1.0
462,605,2004-05-23,1.0
142,1121,2004-05-23,1.0
95,63,2004-05-23,1.0
799,103,2004-05-23,1.0
342,815,2004-05-23,1.0
704,598,2004-05-23,1.0
919,644,2004-05-23,1.0
644,919,2004-05-23,1.0
103,617,2004-05-23,1.0
53,646,2004-05-23,1.0
392,42,2004-05-24,1.0
1280,1281,2004-05-24,1.0
323,42,2004-05-24,1.0
1280,1326,2004-05-24,1.0
1280,1317,2004-05-24,1.0
1314,1346,2004-05-24,1.0
1346,1314,2004-05-24,1.0
309,245,2004-05-24,1.0
1174,1132,2004-05-24,1.0
323,741,2004-05-24,1.0
63,278,2004-05-24,1.0
753,6,2004-05-24,1.0
560,297,2004-05-24,1.0
912,375,2004-05-24,1.0
323,1347,2004-05-24,1.0
42,392,2004-05-24,1.0
741,323,2004-05-24,1.0
1281,1280,2004-05-24,1.0
42,323,2004-05-24,1.0
1280,1283,2004-05-24,1.0
781,1317,2004-05-24,1.0
145,1042,2004-05-24,1.0
1281,50,2004-05-24,1.0
1317,781,2004-05-24,1.0
42,815,2004-05-24,1.0
392,321,2004-05-24,1.0
42,475,2004-05-24,1.0
392,1315,2004-05-24,1.0
1281,1325,2004-05-24,1.0
1281,1004,2004-05-24,1.0
594,283,2004-05-24,1.0
308,701,2004-05-24,1.0
1281,475,2004-05-24,1.0
753,1317,2004-05-24,1.0
1317,753,2004-05-24,1.0
254,1283,2004-05-24,1.0
753,1283,2004-05-24,1.0
392,72,2004-05-24,1.0
394,676,2004-05-24,1.0
586,1283,2004-05-24,1.0
640,569,2004-05-24,1.0
278,63,2004-05-24,1.0
560,840,2004-05-24,1.0
375,912,2004-05-24,1.0
6,753,2004-05-24,1.0
1087,1132,2004-05-24,1.0
1215,1287,2004-05-24,1.0
1215,1083,2004-05-24,1.0
392,1051,2004-05-24,1.0
1097,191,2004-05-24,1.0
1215,1281,2004-05-24,1.0
1315,392,2004-05-24,1.0
1227,1253,2004-05-24,1.0
1253,1227,2004-05-24,1.0
1253,640,2004-05-24,1.0
1253,1287,2004-05-24,1.0
1253,644,2004-05-24,1.0
42,1097,2004-05-24,1.0
12,415,2004-05-24,1.0
838,644,2004-05-24,1.0
605,272,2004-05-24,1.0
189,1339,2004-05-24,1.0
1270,1283,2004-05-24,1.0
70,944,2004-05-24,1.0
454,1043,2004-05-24,1.0
758,1317,2004-05-24,1.0
725,1132,2004-05-24,1.0
725,835,2004-05-24,1.0
72,1317,2004-05-24,1.0
712,640,2004-05-24,1.0
770,495,2004-05-24,1.0
163,245,2004-05-24,1.0
473,372,2004-05-24,1.0
67,697,2004-05-24,1.0
67,1137,2004-05-24,1.0
67,1231,2004-05-24,1.0
1306,990,2004-05-24,1.0
1113,70,2004-05-24,1.0
871,392,2004-05-24,1.0
131,1281,2004-05-24,1.0
1123,1325,2004-05-24,1.0
342,1097,2004-05-24,1.0
53,1281,2004-05-24,1.0
781,1281,2004-05-24,1.0
53,1314,2004-05-24,1.0
1281,781,2004-05-24,1.0
323,642,2004-05-24,1.0
1281,422,2004-05-24,1.0
422,1283,2004-05-24,1.0
422,1281,2004-05-24,1.0
701,308,2004-05-24,1.0
585,495,2004-05-24,1.0
12,142,2004-05-24,1.0
53,975,2004-05-24,1.0
53,1244,2004-05-24,1.0
50,1281,2004-05-24,1.0
815,950,2004-05-24,1.0
1281,1042,2004-05-24,1.0
1281,88,2004-05-24,1.0
814,603,2004-05-24,1.0
1339,1344,2004-05-24,1.0
172,638,2004-05-24,1.0
1281,1345,2004-05-24,1.0
1281,74,2004-05-24,1.0
1344,1339,2004-05-24,1.0
561,1283,2004-05-24,1.0
1280,372,2004-05-24,1.0
298,573,2004-05-24,1.0
1283,561,2004-05-24,1.0
1281,73,2004-05-24,1.0
603,814,2004-05-24,1.0
372,1280,2004-05-24,1.0
1281,1018,2004-05-24,1.0
325,598,2004-05-24,1.0
388,245,2004-05-24,1.0
325,1283,2004-05-24,1.0
843,42,2004-05-24,1.0
42,843,2004-05-24,1.0
561,74,2004-05-24,1.0
1339,660,2004-05-24,1.0
1110,1146,2004-05-24,1.0
1283,389,2004-05-24,1.0
1325,638,2004-05-24,1.0
950,1283,2004-05-24,1.0
42,479,2004-05-24,1.0
1168,520,2004-05-24,1.0
245,388,2004-05-24,1.0
245,163,2004-05-24,1.0
297,1283,2004-05-24,1.0
245,881,2004-05-24,1.0
793,353,2004-05-24,1.0
831,1187,2004-05-24,1.0
1343,1283,2004-05-24,1.0
1286,1339,2004-05-24,1.0
1281,1173,2004-05-24,1.0
1283,475,2004-05-24,1.0
103,1342,2004-05-24,1.0
323,1083,2004-05-24,1.0
770,101,2004-05-24,1.0
1167,1283,2004-05-24,1.0
560,1283,2004-05-24,1.0
725,1018,2004-05-24,1.0
1325,1283,2004-05-24,1.0
245,334,2004-05-24,1.0
1283,297,2004-05-24,1.0
1343,1342,2004-05-24,1.0
1246,834,2004-05-24,1.0
1284,481,2004-05-24,1.0
1284,42,2004-05-24,1.0
1325,42,2004-05-24,1.0
334,245,2004-05-24,1.0
1283,1326,2004-05-24,1.0
42,1284,2004-05-24,1.0
245,309,2004-05-24,1.0
252,1283,2004-05-24,1.0
42,1325,2004-05-24,1.0
1097,1283,2004-05-24,1.0
1326,1283,2004-05-24,1.0
1281,814,2004-05-24,1.0
42,638,2004-05-24,1.0
1310,220,2004-05-24,1.0
42,548,2004-05-24,1.0
548,42,2004-05-24,1.0
42,1340,2004-05-24,1.0
53,1283,2004-05-24,1.0
1340,42,2004-05-24,1.0
1326,1280,2004-05-24,1.0
142,1283,2004-05-24,1.0
1317,1280,2004-05-24,1.0
1283,753,2004-05-24,1.0
1317,758,2004-05-24,1.0
1283,802,2004-05-24,1.0
475,42,2004-05-24,1.0
308,739,2004-05-24,1.0
142,144,2004-05-24,1.0
1281,495,2004-05-24,1.0
350,626,2004-05-24,1.0
1283,1264,2004-05-24,1.0
881,245,2004-05-24,1.0
843,714,2004-05-24,1.0
1283,843,2004-05-24,1.0
1132,1174,2004-05-24,1.0
638,1340,2004-05-24,1.0
323,991,2004-05-24,1.0
714,843,2004-05-24,1.0
843,1114,2004-05-24,1.0
220,1310,2004-05-24,1.0
220,346,2004-05-24,1.0
814,1281,2004-05-24,1.0
1283,1280,2004-05-24,1.0
654,272,2004-05-24,1.0
734,617,2004-05-24,1.0
950,815,2004-05-24,1.0
1185,1350,2004-05-24,1.0
1350,1283,2004-05-24,1.0
1283,1350,2004-05-24,1.0
1189,1127,2004-05-24,1.0
1189,372,2004-05-24,1.0
63,547,2004-05-24,1.0
63,26,2004-05-24,1.0
1117,856,2004-05-24,1.0
439,212,2004-05-24,1.0
1280,621,2004-05-24,1.0
569,128,2004-05-24,1.0
249,1295,2004-05-24,1.0
1350,1185,2004-05-24,1.0
704,958,2004-05-24,1.0
36,1059,2004-05-24,1.0
547,63,2004-05-24,1.0
105,1353,2004-05-24,1.0
479,472,2004-05-24,1.0
319,926,2004-05-24,1.0
26,63,2004-05-24,1.0
431,617,2004-05-24,1.0
1294,42,2004-05-24,1.0
871,843,2004-05-24,1.0
32,379,2004-05-24,1.0
307,317,2004-05-24,1.0
871,971,2004-05-24,1.0
871,1351,2004-05-24,1.0
142,617,2004-05-24,1.0
666,589,2004-05-24,1.0
569,372,2004-05-24,1.0
1101,297,2004-05-24,1.0
873,144,2004-05-24,1.0
233,193,2004-05-24,1.0
971,199,2004-05-24,1.0
859,1287,2004-05-24,1.0
859,50,2004-05-24,1.0
32,1338,2004-05-24,1.0
389,1283,2004-05-24,1.0
32,1336,2004-05-24,1.0
9,598,2004-05-24,1.0
1352,569,2004-05-24,1.0
958,621,2004-05-24,1.0
843,283,2004-05-24,1.0
958,704,2004-05-24,1.0
1295,644,2004-05-24,1.0
105,621,2004-05-24,1.0
9,1265,2004-05-24,1.0
644,1295,2004-05-24,1.0
105,1021,2004-05-24,1.0
9,1312,2004-05-24,1.0
666,616,2004-05-24,1.0
9,1338,2004-05-24,1.0
1123,1036,2004-05-24,1.0
871,375,2004-05-24,1.0
193,233,2004-05-24,1.0
871,260,2004-05-24,1.0
810,1351,2004-05-24,1.0
1283,337,2004-05-24,1.0
323,339,2004-05-24,1.0
283,843,2004-05-24,1.0
337,1283,2004-05-24,1.0
547,297,2004-05-24,1.0
53,620,2004-05-24,1.0
1346,950,2004-05-24,1.0
1283,1018,2004-05-24,1.0
950,1346,2004-05-24,1.0
986,704,2004-05-24,1.0
1196,834,2004-05-24,1.0
323,950,2004-05-24,1.0
681,402,2004-05-24,1.0
626,42,2004-05-24,1.0
176,523,2004-05-24,1.0
272,654,2004-05-24,1.0
272,605,2004-05-24,1.0
1043,454,2004-05-24,1.0
1136,1283,2004-05-24,1.0
443,19,2004-05-24,1.0
443,29,2004-05-24,1.0
443,400,2004-05-24,1.0
639,740,2004-05-24,1.0
1190,378,2004-05-24,1.0
781,408,2004-05-24,1.0
1113,933,2004-05-24,1.0
1283,319,2004-05-24,1.0
831,1049,2004-05-24,1.0
589,666,2004-05-24,1.0
3,482,2004-05-24,1.0
114,770,2004-05-24,1.0
713,1158,2004-05-24,1.0
600,80,2004-05-24,1.0
547,1280,2004-05-24,1.0
1036,1123,2004-05-24,1.0
469,463,2004-05-24,1.0
1255,42,2004-05-24,1.0
415,997,2004-05-24,1.0
297,1183,2004-05-24,1.0
831,994,2004-05-24,1.0
555,856,2004-05-24,1.0
994,831,2004-05-24,1.0
596,193,2004-05-24,1.0
770,1291,2004-05-24,1.0
908,1354,2004-05-24,1.0
1190,1281,2004-05-24,1.0
144,142,2004-05-24,1.0
644,598,2004-05-24,1.0
1233,1299,2004-05-24,1.0
1349,366,2004-05-24,1.0
488,42,2004-05-24,1.0
408,1122,2004-05-24,1.0
652,954,2004-05-24,1.0
53,408,2004-05-24,1.0
809,42,2004-05-24,1.0
42,488,2004-05-24,1.0
408,781,2004-05-24,1.0
408,306,2004-05-24,1.0
42,964,2004-05-24,1.0
191,1060,2004-05-24,1.0
80,609,2004-05-24,1.0
257,838,2004-05-24,1.0
547,838,2004-05-24,1.0
372,473,2004-05-24,1.0
973,103,2004-05-24,1.0
431,605,2004-05-24,1.0
621,1280,2004-05-24,1.0
342,784,2004-05-24,1.0
782,483,2004-05-24,1.0
503,739,2004-05-24,1.0
1142,1058,2004-05-24,1.0
503,254,2004-05-24,1.0
1142,990,2004-05-24,1.0
142,997,2004-05-24,1.0
768,1189,2004-05-24,1.0
605,1281,2004-05-24,1.0
838,547,2004-05-24,1.0
1335,1255,2004-05-24,1.0
42,1334,2004-05-24,1.0
477,1271,2004-05-24,1.0
42,799,2004-05-24,1.0
477,1329,2004-05-24,1.0
919,1283,2004-05-24,1.0
1,477,2004-05-24,1.0
1268,644,2004-05-24,1.0
1042,1281,2004-05-24,1.0
1271,281,2004-05-24,1.0
1113,1348,2004-05-24,1.0
509,758,2004-05-24,1.0
640,712,2004-05-24,1.0
95,712,2004-05-24,1.0
95,1246,2004-05-24,1.0
483,782,2004-05-24,1.0
42,1255,2004-05-24,1.0
353,598,2004-05-24,1.0
944,840,2004-05-24,1.0
842,713,2004-05-24,1.0
1246,95,2004-05-24,1.0
1272,1346,2004-05-24,1.0
431,59,2004-05-24,1.0
42,626,2004-05-24,1.0
997,142,2004-05-24,1.0
1280,497,2004-05-24,1.0
1136,739,2004-05-24,1.0
42,1346,2004-05-24,1.0
1281,605,2004-05-24,1.0
1281,131,2004-05-24,1.0
353,793,2004-05-24,1.0
314,834,2004-05-24,1.0
871,1350,2004-05-24,1.0
1158,924,2004-05-24,1.0
1247,442,2004-05-24,1.0
871,734,2004-05-24,1.0
617,734,2004-05-24,1.0
871,1142,2004-05-24,1.0
184,1026,2004-05-24,1.0
1072,615,2004-05-24,1.0
871,445,2004-05-24,1.0
617,103,2004-05-24,1.0
245,1264,2004-05-24,1.0
245,1146,2004-05-24,1.0
990,1142,2004-05-24,1.0
617,142,2004-05-24,1.0
1127,296,2004-05-24,1.0
26,1176,2004-05-24,1.0
1190,144,2004-05-24,1.0
1068,1334,2004-05-24,1.0
859,95,2004-05-24,1.0
555,352,2004-05-24,1.0
609,80,2004-05-24,1.0
114,103,2004-05-24,1.0
1281,1065,2004-05-24,1.0
1215,1283,2004-05-24,1.0
257,1294,2004-05-24,1.0
770,1196,2004-05-24,1.0
1298,1168,2004-05-24,1.0
257,42,2004-05-24,1.0
482,3,2004-05-24,1.0
964,42,2004-05-24,1.0
1065,517,2004-05-24,1.0
1065,586,2004-05-24,1.0
1215,1350,2004-05-24,1.0
1101,498,2004-05-24,1.0
1127,1189,2004-05-24,1.0
372,1189,2004-05-24,1.0
1189,1338,2004-05-24,1.0
297,560,2004-05-24,1.0
1189,1021,2004-05-24,1.0
1101,638,2004-05-24,1.0
1189,502,2004-05-24,1.0
1325,1123,2004-05-24,1.0
1190,738,2004-05-24,1.0
539,1021,2004-05-24,1.0
1283,252,2004-05-24,1.0
1283,1032,2004-05-24,1.0
142,514,2004-05-24,1.0
495,542,2004-05-24,1.0
142,654,2004-05-24,1.0
495,1185,2004-05-24,1.0
103,1334,2004-05-24,1.0
495,68,2004-05-24,1.0
1127,415,2004-05-24,1.0
1333,1145,2004-05-24,1.0
193,658,2004-05-24,1.0
1127,318,2004-05-24,1.0
1026,184,2004-05-24,1.0
810,1021,2004-05-24,1.0
1286,1335,2004-05-24,1.0
719,1336,2004-05-24,1.0
1312,103,2004-05-24,1.0
1087,353,2004-05-24,1.0
1113,1255,2004-05-24,1.0
1255,1334,2004-05-24,1.0
1,312,2004-05-24,1.0
1334,1255,2004-05-24,1.0
1113,495,2004-05-24,1.0
174,1260,2004-05-24,1.0
1113,1214,2004-05-24,1.0
754,1332,2004-05-24,1.0
754,903,2004-05-24,1.0
1255,1332,2004-05-24,1.0
509,272,2004-05-24,1.0
249,454,2004-05-24,1.0
766,372,2004-05-24,1.0
626,514,2004-05-24,1.0
514,626,2004-05-24,1.0
766,181,2004-05-24,1.0
514,654,2004-05-24,1.0
586,1316,2004-05-24,1.0
358,357,2004-05-24,1.0
358,254,2004-05-24,1.0
358,281,2004-05-24,1.0
1271,1329,2004-05-24,1.0
296,353,2004-05-24,1.0
834,314,2004-05-24,1.0
1021,701,2004-05-24,1.0
1021,105,2004-05-24,1.0
1118,598,2004-05-24,1.0
249,654,2004-05-24,1.0
1332,1255,2004-05-24,1.0
679,50,2004-05-24,1.0
483,1189,2004-05-24,1.0
621,48,2004-05-24,1.0
621,105,2004-05-24,1.0
342,626,2004-05-24,1.0
281,358,2004-05-24,1.0
600,1332,2004-05-24,1.0
1270,194,2004-05-24,1.0
1281,1283,2004-05-24,1.0
1113,353,2004-05-24,1.0
697,923,2004-05-24,1.0
686,234,2004-05-24,1.0
923,697,2004-05-24,1.0
1280,103,2004-05-24,1.0
103,1280,2004-05-24,1.0
1190,551,2004-05-24,1.0
1102,514,2004-05-24,1.0
1126,1302,2004-05-24,1.0
950,495,2004-05-24,1.0
569,1337,2004-05-24,1.0
1244,296,2004-05-24,1.0
646,495,2004-05-24,1.0
950,353,2004-05-24,1.0
908,332,2004-05-24,1.0
323,341,2004-05-24,1.0
1043,495,2004-05-24,1.0
482,546,2004-05-24,1.0
482,1005,2004-05-24,1.0
654,142,2004-05-24,1.0
353,950,2004-05-24,1.0
1190,288,2004-05-24,1.0
482,799,2004-05-24,1.0
1316,586,2004-05-24,1.0
341,701,2004-05-24,1.0
617,640,2004-05-24,1.0
495,585,2004-05-24,1.0
639,388,2004-05-24,1.0
1334,1068,2004-05-24,1.0
738,393,2004-05-24,1.0
615,1026,2004-05-24,1.0
1189,598,2004-05-24,1.0
1189,375,2004-05-24,1.0
639,1127,2004-05-24,1.0
1336,725,2004-05-24,1.0
103,617,2004-05-24,1.0
725,1336,2004-05-24,1.0
495,950,2004-05-24,1.0
495,498,2004-05-24,1.0
495,1050,2004-05-24,1.0
617,644,2004-05-24,1.0
797,63,2004-05-24,1.0
770,938,2004-05-24,1.0
228,498,2004-05-24,1.0
50,1227,2004-05-24,1.0
1231,704,2004-05-24,1.0
725,638,2004-05-24,1.0
228,194,2004-05-24,1.0
1032,598,2004-05-24,1.0
199,212,2004-05-24,1.0
964,160,2004-05-24,1.0
44,514,2004-05-24,1.0
44,228,2004-05-24,1.0
194,1004,2004-05-24,1.0
194,1270,2004-05-24,1.0
498,228,2004-05-24,1.0
194,228,2004-05-24,1.0
1227,50,2004-05-24,1.0
1272,1260,2004-05-24,1.0
687,409,2004-05-24,1.0
700,605,2004-05-24,1.0
67,1296,2004-05-24,1.0
398,771,2004-05-24,1.0
771,398,2004-05-24,1.0
1252,1231,2004-05-24,1.0
194,353,2004-05-24,1.0
1246,228,2004-05-24,1.0
1214,933,2004-05-24,1.0
498,495,2004-05-24,1.0
389,1189,2004-05-24,1.0
679,1248,2004-05-24,1.0
50,481,2004-05-24,1.0
481,50,2004-05-24,1.0
1331,1168,2004-05-24,1.0
160,964,2004-05-24,1.0
919,1248,2004-05-24,1.0
1328,495,2004-05-24,1.0
1246,719,2004-05-24,1.0
638,285,2004-05-24,1.0
1042,1330,2004-05-24,1.0
719,1246,2004-05-24,1.0
42,1117,2004-05-24,1.0
1328,277,2004-05-24,1.0
701,341,2004-05-24,1.0
1328,285,2004-05-24,1.0
539,495,2004-05-24,1.0
228,1246,2004-05-24,1.0
1231,1252,2004-05-24,1.0
342,495,2004-05-24,1.0
42,495,2004-05-24,1.0
933,1214,2004-05-24,1.0
749,474,2004-05-24,1.0
1118,1103,2004-05-24,1.0
700,1253,2004-05-24,1.0
1213,1032,2004-05-24,1.0
1032,1186,2004-05-24,1.0
701,50,2004-05-24,1.0
640,617,2004-05-24,1.0
353,1283,2004-05-24,1.0
1186,1032,2004-05-24,1.0
296,194,2004-05-24,1.0
193,378,2004-05-24,1.0
50,701,2004-05-24,1.0
285,1328,2004-05-24,1.0
536,423,2004-05-24,1.0
353,296,2004-05-24,1.0
245,1283,2004-05-24,1.0
770,1217,2004-05-24,1.0
1290,596,2004-05-24,1.0
425,1103,2004-05-24,1.0
1281,701,2004-05-24,1.0
1283,353,2004-05-24,1.0
333,1227,2004-05-24,1.0
423,815,2004-05-24,1.0
423,536,2004-05-24,1.0
704,377,2004-05-24,1.0
1043,97,2004-05-24,1.0
1272,1246,2004-05-24,1.0
242,488,2004-05-24,1.0
303,212,2004-05-24,1.0
1323,1129,2004-05-24,1.0
704,1231,2004-05-24,1.0
234,686,2004-05-24,1.0
234,1183,2004-05-24,1.0
67,97,2004-05-24,1.0
103,973,2004-05-24,1.0
474,749,2004-05-24,1.0
97,1043,2004-05-24,1.0
640,1253,2004-05-24,1.0
314,1296,2004-05-24,1.0
314,542,2004-05-24,1.0
594,242,2004-05-24,1.0
738,394,2004-05-24,1.0
41,1255,2004-05-24,1.0
41,502,2004-05-24,1.0
1235,638,2004-05-24,1.0
1213,1026,2004-05-24,1.0
536,1224,2004-05-24,1.0
209,242,2004-05-24,1.0
942,919,2004-05-24,1.0
697,782,2004-05-24,1.0
63,228,2004-05-24,1.0
681,617,2004-05-24,1.0
368,1283,2004-05-24,1.0
1283,368,2004-05-24,1.0
1283,645,2004-05-24,1.0
90,1283,2004-05-24,1.0
60,245,2004-05-24,1.0
871,595,2004-05-24,1.0
298,1283,2004-05-24,1.0
470,1283,2004-05-24,1.0
1168,1283,2004-05-24,1.0
1283,1051,2004-05-24,1.0
1283,1208,2004-05-24,1.0
323,643,2004-05-24,1.0
1283,704,2004-05-24,1.0
1283,1325,2004-05-24,1.0
1283,1168,2004-05-24,1.0
323,1283,2004-05-24,1.0
758,50,2004-05-24,1.0
1169,1283,2004-05-24,1.0
1283,1340,2004-05-24,1.0
1283,346,2004-05-24,1.0
42,1294,2004-05-24,1.0
27,1283,2004-05-24,1.0
1283,1339,2004-05-24,1.0
1118,1283,2004-05-24,1.0
1283,1297,2004-05-24,1.0
782,654,2004-05-24,1.0
163,1283,2004-05-24,1.0
770,1216,2004-05-24,1.0
1283,85,2004-05-24,1.0
1168,1298,2004-05-24,1.0
1283,1341,2004-05-24,1.0
1302,468,2004-05-24,1.0
1283,1034,2004-05-24,1.0
323,367,2004-05-24,1.0
470,288,2004-05-24,1.0
1283,598,2004-05-24,1.0
1087,1283,2004-05-24,1.0
1283,90,2004-05-24,1.0
1283,101,2004-05-24,1.0
758,298,2004-05-24,1.0
1283,1169,2004-05-24,1.0
1283,121,2004-05-24,1.0
372,353,2004-05-24,1.0
1113,1283,2004-05-24,1.0
1283,1039,2004-05-24,1.0
372,766,2004-05-24,1.0
1283,1246,2004-05-24,1.0
1283,482,2004-05-24,1.0
50,758,2004-05-24,1.0
1039,1316,2004-05-24,1.0
1283,643,2004-05-24,1.0
1283,644,2004-05-24,1.0
1283,468,2004-05-24,1.0
254,1338,2004-05-24,1.0
1283,142,2004-05-24,1.0
1283,1231,2004-05-24,1.0
598,1032,2004-05-24,1.0
1283,144,2004-05-24,1.0
1283,422,2004-05-24,1.0
603,1283,2004-05-24,1.0
1283,1105,2004-05-24,1.0
1283,586,2004-05-24,1.0
1283,254,2004-05-24,1.0
447,1283,2004-05-24,1.0
1195,1283,2004-05-24,1.0
1283,1187,2004-05-24,1.0
1283,470,2004-05-24,1.0
1283,713,2004-05-24,1.0
1283,278,2004-05-24,1.0
1283,298,2004-05-24,1.0
770,1283,2004-05-24,1.0
1283,603,2004-05-24,1.0
1283,801,2004-05-24,1.0
1283,1227,2004-05-24,1.0
1283,1244,2004-05-24,1.0
334,1283,2004-05-24,1.0
1283,1270,2004-05-24,1.0
1246,1283,2004-05-24,1.0
475,1283,2004-05-24,1.0
1283,1342,2004-05-24,1.0
1283,334,2004-05-24,1.0
1283,1158,2004-05-24,1.0
986,1283,2004-05-24,1.0
1283,502,2004-05-24,1.0
1187,831,2004-05-24,1.0
1283,950,2004-05-24,1.0
1283,560,2004-05-24,1.0
296,1244,2004-05-24,1.0
1283,415,2004-05-24,1.0
1315,1283,2004-05-24,1.0
1283,782,2004-05-24,1.0
1283,1167,2004-05-24,1.0
42,1043,2004-05-24,1.0
1283,1097,2004-05-24,1.0
1283,590,2004-05-24,1.0
598,325,2004-05-24,1.0
1283,325,2004-05-24,1.0
1283,660,2004-05-24,1.0
1283,547,2004-05-24,1.0
1283,543,2004-05-24,1.0
561,1310,2004-05-24,1.0
317,1283,2004-05-24,1.0
1283,919,2004-05-24,1.0
128,1283,2004-05-24,1.0
598,346,2004-05-24,1.0
644,1283,2004-05-24,1.0
346,598,2004-05-24,1.0
288,470,2004-05-24,1.0
1297,1283,2004-05-24,1.0
770,598,2004-05-24,1.0
176,1302,2004-05-24,1.0
1283,242,2004-05-24,1.0
1283,128,2004-05-24,1.0
1339,1283,2004-05-24,1.0
1283,758,2004-05-24,1.0
346,220,2004-05-24,1.0
1286,1342,2004-05-24,1.0
1283,1310,2004-05-24,1.0
1283,741,2004-05-24,1.0
1283,728,2004-05-24,1.0
1283,1315,2004-05-24,1.0
1283,317,2004-05-24,1.0
1283,975,2004-05-24,1.0
1339,221,2004-05-24,1.0
1283,498,2004-05-24,1.0
758,1283,2004-05-24,1.0
998,1283,2004-05-24,1.0
1283,654,2004-05-24,1.0
1283,1183,2004-05-24,1.0
249,1283,2004-05-24,1.0
598,353,2004-05-24,1.0
1338,209,2004-05-24,1.0
1283,835,2004-05-24,1.0
1083,299,2004-05-24,1.0
254,358,2004-05-24,1.0
199,971,2004-05-24,1.0
1283,513,2004-05-24,1.0
415,475,2004-05-24,1.0
377,704,2004-05-24,1.0
353,341,2004-05-24,1.0
42,1337,2004-05-24,1.0
42,1183,2004-05-24,1.0
871,495,2004-05-24,1.0
503,41,2004-05-24,1.0
63,797,2004-05-24,1.0
145,994,2004-05-24,1.0
516,564,2004-05-24,1.0
48,621,2004-05-24,1.0
298,323,2004-05-24,1.0
1338,254,2004-05-24,1.0
228,63,2004-05-24,1.0
341,353,2004-05-24,1.0
245,60,2004-05-24,1.0
249,1255,2004-05-24,1.0
871,1097,2004-05-24,1.0
871,513,2004-05-24,1.0
68,495,2004-05-24,1.0
1255,1335,2004-05-24,1.0
871,1302,2004-05-24,1.0
569,296,2004-05-24,1.0
212,439,2004-05-24,1.0
1302,1126,2004-05-24,1.0
503,1217,2004-05-24,1.0
1246,99,2004-05-24,1.0
321,392,2004-05-24,1.0
475,415,2004-05-24,1.0
503,617,2004-05-24,1.0
1247,704,2004-05-24,1.0
353,1326,2004-05-24,1.0
971,609,2004-05-24,1.0
378,193,2004-05-24,1.0
739,308,2004-05-24,1.0
1326,353,2004-05-24,1.0
272,308,2004-05-24,1.0
1339,1231,2004-05-24,1.0
758,509,2004-05-24,1.0
986,1310,2004-05-24,1.0
254,605,2004-05-24,1.0
1118,620,2004-05-24,1.0
605,254,2004-05-24,1.0
1338,1173,2004-05-24,1.0
735,839,2004-05-24,1.0
770,1336,2004-05-24,1.0
272,509,2004-05-24,1.0
298,758,2004-05-24,1.0
638,68,2004-05-24,1.0
1325,1326,2004-05-24,1.0
638,643,2004-05-24,1.0
282,109,2004-05-24,1.0
1083,175,2004-05-24,1.0
643,638,2004-05-24,1.0
792,1283,2004-05-24,1.0
1231,1339,2004-05-24,1.0
991,109,2004-05-24,1.0
1326,1325,2004-05-24,1.0
1338,1034,2004-05-24,1.0
924,1158,2004-05-24,1.0
1338,471,2004-05-24,1.0
658,193,2004-05-24,1.0
615,1072,2004-05-24,1.0
323,298,2004-05-24,1.0
442,1247,2004-05-24,1.0
986,644,2004-05-24,1.0
1215,398,2004-05-24,1.0
353,372,2004-05-24,1.0
1138,1381,2004-05-25,1.0
1235,1068,2004-05-25,1.0
1281,1356,2004-05-25,1.0
1381,1138,2004-05-25,1.0
1281,1382,2004-05-25,1.0
1358,1381,2004-05-25,1.0
546,437,2004-05-25,1.0
105,1069,2004-05-25,1.0
1358,372,2004-05-25,1.0
325,1292,2004-05-25,1.0
1356,711,2004-05-25,1.0
1356,1281,2004-05-25,1.0
1381,609,2004-05-25,1.0
1326,1284,2004-05-25,1.0
1292,1072,2004-05-25,1.0
1358,993,2004-05-25,1.0
1356,1183,2004-05-25,1.0
1358,1186,2004-05-25,1.0
1383,1381,2004-05-25,1.0
546,1380,2004-05-25,1.0
1274,1281,2004-05-25,1.0
546,460,2004-05-25,1.0
546,429,2004-05-25,1.0
546,538,2004-05-25,1.0
1358,927,2004-05-25,1.0
1033,1377,2004-05-25,1.0
53,1202,2004-05-25,1.0
1236,822,2004-05-25,1.0
938,372,2004-05-25,1.0
1138,1379,2004-05-25,1.0
1236,372,2004-05-25,1.0
105,605,2004-05-25,1.0
822,1189,2004-05-25,1.0
938,1189,2004-05-25,1.0
938,423,2004-05-25,1.0
105,711,2004-05-25,1.0
128,1006,2004-05-25,1.0
1281,1033,2004-05-25,1.0
1189,822,2004-05-25,1.0
1033,1281,2004-05-25,1.0
1189,372,2004-05-25,1.0
372,1189,2004-05-25,1.0
1346,950,2004-05-25,1.0
1379,1138,2004-05-25,1.0
1006,128,2004-05-25,1.0
314,834,2004-05-25,1.0
1292,542,2004-05-25,1.0
379,32,2004-05-25,1.0
314,731,2004-05-25,1.0
1236,1274,2004-05-25,1.0
1358,352,2004-05-25,1.0
1043,454,2004-05-25,1.0
824,1284,2004-05-25,1.0
824,731,2004-05-25,1.0
822,819,2004-05-25,1.0
372,938,2004-05-25,1.0
1189,938,2004-05-25,1.0
53,1138,2004-05-25,1.0
1381,1033,2004-05-25,1.0
105,1083,2004-05-25,1.0
562,555,2004-05-25,1.0
943,638,2004-05-25,1.0
555,562,2004-05-25,1.0
943,752,2004-05-25,1.0
562,439,2004-05-25,1.0
943,41,2004-05-25,1.0
943,704,2004-05-25,1.0
943,250,2004-05-25,1.0
943,102,2004-05-25,1.0
1033,1381,2004-05-25,1.0
760,975,2004-05-25,1.0
1168,212,2004-05-25,1.0
105,1138,2004-05-25,1.0
242,128,2004-05-25,1.0
1381,101,2004-05-25,1.0
242,454,2004-05-25,1.0
687,193,2004-05-25,1.0
163,943,2004-05-25,1.0
1381,599,2004-05-25,1.0
599,1381,2004-05-25,1.0
964,609,2004-05-25,1.0
32,711,2004-05-25,1.0
32,379,2004-05-25,1.0
1127,1083,2004-05-25,1.0
132,42,2004-05-25,1.0
712,95,2004-05-25,1.0
42,1183,2004-05-25,1.0
42,132,2004-05-25,1.0
42,1050,2004-05-25,1.0
42,353,2004-05-25,1.0
342,1097,2004-05-25,1.0
342,753,2004-05-25,1.0
831,981,2004-05-25,1.0
103,1302,2004-05-25,1.0
586,1097,2004-05-25,1.0
1187,191,2004-05-25,1.0
1281,835,2004-05-25,1.0
1097,285,2004-05-25,1.0
1097,609,2004-05-25,1.0
1381,297,2004-05-25,1.0
555,1281,2004-05-25,1.0
1281,555,2004-05-25,1.0
1236,1340,2004-05-25,1.0
1236,479,2004-05-25,1.0
1189,1370,2004-05-25,1.0
1142,176,2004-05-25,1.0
615,840,2004-05-25,1.0
172,544,2004-05-25,1.0
809,257,2004-05-25,1.0
353,42,2004-05-25,1.0
176,1142,2004-05-25,1.0
341,1255,2004-05-25,1.0
573,840,2004-05-25,1.0
1255,341,2004-05-25,1.0
573,1292,2004-05-25,1.0
840,573,2004-05-25,1.0
323,950,2004-05-25,1.0
609,389,2004-05-25,1.0
569,372,2004-05-25,1.0
350,626,2004-05-25,1.0
1189,546,2004-05-25,1.0
609,971,2004-05-25,1.0
546,1189,2004-05-25,1.0
1283,654,2004-05-25,1.0
1236,1142,2004-05-25,1.0
454,1043,2004-05-25,1.0
1375,778,2004-05-25,1.0
809,90,2004-05-25,1.0
1284,50,2004-05-25,1.0
840,615,2004-05-25,1.0
50,1284,2004-05-25,1.0
479,638,2004-05-25,1.0
1375,199,2004-05-25,1.0
1043,495,2004-05-25,1.0
710,1374,2004-05-25,1.0
1255,423,2004-05-25,1.0
423,1255,2004-05-25,1.0
423,938,2004-05-25,1.0
323,341,2004-05-25,1.0
1236,638,2004-05-25,1.0
859,105,2004-05-25,1.0
1127,713,2004-05-25,1.0
257,1178,2004-05-25,1.0
479,1018,2004-05-25,1.0
1255,878,2004-05-25,1.0
1142,963,2004-05-25,1.0
878,1255,2004-05-25,1.0
1089,1365,2004-05-25,1.0
341,950,2004-05-25,1.0
1190,281,2004-05-25,1.0
306,272,2004-05-25,1.0
1255,714,2004-05-25,1.0
1142,752,2004-05-25,1.0
711,644,2004-05-25,1.0
1190,1183,2004-05-25,1.0
714,1255,2004-05-25,1.0
871,840,2004-05-25,1.0
1189,1244,2004-05-25,1.0
871,1138,2004-05-25,1.0
498,495,2004-05-25,1.0
1236,1379,2004-05-25,1.0
1236,824,2004-05-25,1.0
353,793,2004-05-25,1.0
1236,454,2004-05-25,1.0
353,950,2004-05-25,1.0
1236,1018,2004-05-25,1.0
752,1142,2004-05-25,1.0
1379,912,2004-05-25,1.0
609,463,2004-05-25,1.0
1138,939,2004-05-25,1.0
372,353,2004-05-25,1.0
1281,163,2004-05-25,1.0
1380,748,2004-05-25,1.0
1281,462,2004-05-25,1.0
1281,26,2004-05-25,1.0
908,560,2004-05-25,1.0
353,1183,2004-05-25,1.0
1189,473,2004-05-25,1.0
346,1353,2004-05-25,1.0
609,964,2004-05-25,1.0
1038,1281,2004-05-25,1.0
372,1377,2004-05-25,1.0
711,32,2004-05-25,1.0
546,878,2004-05-25,1.0
711,1356,2004-05-25,1.0
871,1376,2004-05-25,1.0
1189,475,2004-05-25,1.0
1202,964,2004-05-25,1.0
1358,1283,2004-05-25,1.0
306,964,2004-05-25,1.0
1379,638,2004-05-25,1.0
609,1097,2004-05-25,1.0
212,1168,2004-05-25,1.0
609,765,2004-05-25,1.0
687,1378,2004-05-25,1.0
843,1237,2004-05-25,1.0
1097,586,2004-05-25,1.0
1375,740,2004-05-25,1.0
1033,639,2004-05-25,1.0
639,586,2004-05-25,1.0
1383,1283,2004-05-25,1.0
1393,95,2004-05-25,1.0
1383,1127,2004-05-25,1.0
626,337,2004-05-25,1.0
1280,103,2004-05-25,1.0
103,1280,2004-05-25,1.0
1127,1383,2004-05-25,1.0
1236,394,2004-05-25,1.0
337,626,2004-05-25,1.0
639,555,2004-05-25,1.0
1033,1355,2004-05-25,1.0
1306,990,2004-05-25,1.0
639,1381,2004-05-25,1.0
1236,555,2004-05-25,1.0
1033,598,2004-05-25,1.0
1236,704,2004-05-25,1.0
555,305,2004-05-25,1.0
639,994,2004-05-25,1.0
1033,194,2004-05-25,1.0
938,1323,2004-05-25,1.0
871,830,2004-05-25,1.0
1033,1280,2004-05-25,1.0
824,823,2004-05-25,1.0
1281,325,2004-05-25,1.0
823,824,2004-05-25,1.0
245,1264,2004-05-25,1.0
1280,1033,2004-05-25,1.0
1349,257,2004-05-25,1.0
1189,823,2004-05-25,1.0
354,1373,2004-05-25,1.0
1373,354,2004-05-25,1.0
26,1176,2004-05-25,1.0
586,639,2004-05-25,1.0
639,1033,2004-05-25,1.0
823,448,2004-05-25,1.0
823,1189,2004-05-25,1.0
1236,176,2004-05-25,1.0
639,1289,2004-05-25,1.0
701,398,2004-05-25,1.0
1381,42,2004-05-25,1.0
398,701,2004-05-25,1.0
1236,1326,2004-05-25,1.0
1236,615,2004-05-25,1.0
1176,26,2004-05-25,1.0
26,1281,2004-05-25,1.0
302,1392,2004-05-25,1.0
810,654,2004-05-25,1.0
375,912,2004-05-25,1.0
681,617,2004-05-25,1.0
1013,398,2004-05-25,1.0
1312,1313,2004-05-25,1.0
375,944,2004-05-25,1.0
1339,711,2004-05-25,1.0
1281,291,2004-05-25,1.0
1236,793,2004-05-25,1.0
145,1042,2004-05-25,1.0
1236,1329,2004-05-25,1.0
1358,840,2004-05-25,1.0
475,1285,2004-05-25,1.0
793,353,2004-05-25,1.0
1285,475,2004-05-25,1.0
1381,1383,2004-05-25,1.0
1283,700,2004-05-25,1.0
1236,738,2004-05-25,1.0
710,41,2004-05-25,1.0
1339,713,2004-05-25,1.0
272,605,2004-05-25,1.0
272,306,2004-05-25,1.0
639,740,2004-05-25,1.0
29,1394,2004-05-25,1.0
994,315,2004-05-25,1.0
283,843,2004-05-25,1.0
1267,1180,2004-05-25,1.0
994,831,2004-05-25,1.0
679,50,2004-05-25,1.0
281,1190,2004-05-25,1.0
679,72,2004-05-25,1.0
783,784,2004-05-25,1.0
615,823,2004-05-25,1.0
1358,777,2004-05-25,1.0
800,1072,2004-05-25,1.0
448,823,2004-05-25,1.0
317,281,2004-05-25,1.0
281,317,2004-05-25,1.0
254,1039,2004-05-25,1.0
1373,62,2004-05-25,1.0
991,986,2004-05-25,1.0
928,41,2004-05-25,1.0
679,1174,2004-05-25,1.0
1283,306,2004-05-25,1.0
306,1283,2004-05-25,1.0
626,306,2004-05-25,1.0
306,626,2004-05-25,1.0
357,1178,2004-05-25,1.0
1113,508,2004-05-25,1.0
1071,598,2004-05-25,1.0
1359,1231,2004-05-25,1.0
498,823,2004-05-25,1.0
306,305,2004-05-25,1.0
795,1384,2004-05-25,1.0
994,639,2004-05-25,1.0
1284,1326,2004-05-25,1.0
679,1281,2004-05-25,1.0
1284,824,2004-05-25,1.0
1281,626,2004-05-25,1.0
1281,683,2004-05-25,1.0
823,498,2004-05-25,1.0
1246,1386,2004-05-25,1.0
72,683,2004-05-25,1.0
1,1271,2004-05-25,1.0
105,859,2004-05-25,1.0
105,621,2004-05-25,1.0
249,1376,2004-05-25,1.0
1033,26,2004-05-25,1.0
249,964,2004-05-25,1.0
1283,1391,2004-05-25,1.0
823,1185,2004-05-25,1.0
306,309,2004-05-25,1.0
823,615,2004-05-25,1.0
254,1247,2004-05-25,1.0
44,1,2004-05-25,1.0
325,1281,2004-05-25,1.0
1373,1350,2004-05-25,1.0
1185,823,2004-05-25,1.0
710,245,2004-05-25,1.0
1039,254,2004-05-25,1.0
928,1265,2004-05-25,1.0
928,943,2004-05-25,1.0
342,1384,2004-05-25,1.0
337,474,2004-05-25,1.0
852,1356,2004-05-25,1.0
1283,1097,2004-05-25,1.0
475,1189,2004-05-25,1.0
1179,596,2004-05-25,1.0
859,1168,2004-05-25,1.0
859,1287,2004-05-25,1.0
329,142,2004-05-25,1.0
483,821,2004-05-25,1.0
483,357,2004-05-25,1.0
1386,1246,2004-05-25,1.0
944,375,2004-05-25,1.0
1097,1283,2004-05-25,1.0
1052,1365,2004-05-25,1.0
800,523,2004-05-25,1.0
598,487,2004-05-25,1.0
1183,42,2004-05-25,1.0
1183,1356,2004-05-25,1.0
714,517,2004-05-25,1.0
32,1386,2004-05-25,1.0
176,1384,2004-05-25,1.0
26,63,2004-05-25,1.0
523,1189,2004-05-25,1.0
487,598,2004-05-25,1.0
63,26,2004-05-25,1.0
176,1021,2004-05-25,1.0
176,1302,2004-05-25,1.0
1090,881,2004-05-25,1.0
1358,309,2004-05-25,1.0
1323,938,2004-05-25,1.0
32,1385,2004-05-25,1.0
32,1372,2004-05-25,1.0
1244,1189,2004-05-25,1.0
997,415,2004-05-25,1.0
454,242,2004-05-25,1.0
950,353,2004-05-25,1.0
1189,835,2004-05-25,1.0
1271,753,2004-05-25,1.0
1021,176,2004-05-25,1.0
778,297,2004-05-25,1.0
26,1033,2004-05-25,1.0
474,163,2004-05-25,1.0
778,1384,2004-05-25,1.0
474,847,2004-05-25,1.0
474,337,2004-05-25,1.0
621,105,2004-05-25,1.0
621,958,2004-05-25,1.0
793,1383,2004-05-25,1.0
654,1283,2004-05-25,1.0
415,997,2004-05-25,1.0
517,714,2004-05-25,1.0
752,943,2004-05-25,1.0
1302,338,2004-05-25,1.0
285,1097,2004-05-25,1.0
1302,103,2004-05-25,1.0
1302,1283,2004-05-25,1.0
1302,176,2004-05-25,1.0
932,372,2004-05-25,1.0
105,708,2004-05-25,1.0
90,257,2004-05-25,1.0
1189,393,2004-05-25,1.0
105,964,2004-05-25,1.0
105,474,2004-05-25,1.0
439,562,2004-05-25,1.0
1178,687,2004-05-25,1.0
482,1103,2004-05-25,1.0
871,831,2004-05-25,1.0
765,609,2004-05-25,1.0
1353,346,2004-05-25,1.0
114,770,2004-05-25,1.0
958,621,2004-05-25,1.0
958,704,2004-05-25,1.0
819,822,2004-05-25,1.0
9,1312,2004-05-25,1.0
1283,1390,2004-05-25,1.0
626,1272,2004-05-25,1.0
1272,626,2004-05-25,1.0
1039,943,2004-05-25,1.0
1138,1389,2004-05-25,1.0
53,1388,2004-05-25,1.0
725,835,2004-05-25,1.0
1283,1386,2004-05-25,1.0
1190,62,2004-05-25,1.0
1101,1138,2004-05-25,1.0
834,1365,2004-05-25,1.0
704,1138,2004-05-25,1.0
398,291,2004-05-25,1.0
1283,1378,2004-05-25,1.0
683,379,2004-05-25,1.0
683,479,2004-05-25,1.0
810,1138,2004-05-25,1.0
338,1302,2004-05-25,1.0
683,1168,2004-05-25,1.0
683,72,2004-05-25,1.0
683,577,2004-05-25,1.0
830,256,2004-05-25,1.0
1138,704,2004-05-25,1.0
760,542,2004-05-25,1.0
760,943,2004-05-25,1.0
1383,793,2004-05-25,1.0
1283,1138,2004-05-25,1.0
1329,1271,2004-05-25,1.0
1329,477,2004-05-25,1.0
830,260,2004-05-25,1.0
1190,394,2004-05-25,1.0
9,598,2004-05-25,1.0
257,687,2004-05-25,1.0
687,1237,2004-05-25,1.0
257,1349,2004-05-25,1.0
835,1189,2004-05-25,1.0
644,1184,2004-05-25,1.0
644,1295,2004-05-25,1.0
309,306,2004-05-25,1.0
163,474,2004-05-25,1.0
3,42,2004-05-25,1.0
95,712,2004-05-25,1.0
1236,337,2004-05-25,1.0
1283,527,2004-05-25,1.0
42,1062,2004-05-25,1.0
42,1381,2004-05-25,1.0
1062,42,2004-05-25,1.0
95,859,2004-05-25,1.0
297,778,2004-05-25,1.0
67,938,2004-05-25,1.0
9,1323,2004-05-25,1.0
1382,1283,2004-05-25,1.0
1365,834,2004-05-25,1.0
1050,42,2004-05-25,1.0
1190,50,2004-05-25,1.0
1190,393,2004-05-25,1.0
1190,1352,2004-05-25,1.0
3,32,2004-05-25,1.0
1387,1313,2004-05-25,1.0
1185,1012,2004-05-25,1.0
523,490,2004-05-25,1.0
843,283,2004-05-25,1.0
912,1379,2004-05-25,1.0
41,943,2004-05-25,1.0
297,1381,2004-05-25,1.0
67,697,2004-05-25,1.0
1284,285,2004-05-25,1.0
799,704,2004-05-25,1.0
1281,1344,2004-05-25,1.0
296,1127,2004-05-25,1.0
1132,725,2004-05-25,1.0
569,128,2004-05-25,1.0
831,1049,2004-05-25,1.0
296,353,2004-05-25,1.0
495,1113,2004-05-25,1.0
495,950,2004-05-25,1.0
802,1283,2004-05-25,1.0
547,1169,2004-05-25,1.0
704,799,2004-05-25,1.0
617,103,2004-05-25,1.0
605,272,2004-05-25,1.0
1281,1227,2004-05-25,1.0
495,646,2004-05-25,1.0
462,1281,2004-05-25,1.0
1284,1105,2004-05-25,1.0
495,42,2004-05-25,1.0
1231,704,2004-05-25,1.0
1335,1359,2004-05-25,1.0
495,68,2004-05-25,1.0
523,1032,2004-05-25,1.0
547,1246,2004-05-25,1.0
1032,523,2004-05-25,1.0
1255,462,2004-05-25,1.0
495,1043,2004-05-25,1.0
1317,919,2004-05-25,1.0
103,617,2004-05-25,1.0
1281,831,2004-05-25,1.0
1281,799,2004-05-25,1.0
422,6,2004-05-25,1.0
1281,487,2004-05-25,1.0
725,1132,2004-05-25,1.0
1349,1255,2004-05-25,1.0
963,1105,2004-05-25,1.0
118,943,2004-05-25,1.0
919,1317,2004-05-25,1.0
1105,1284,2004-05-25,1.0
257,1183,2004-05-25,1.0
1215,1083,2004-05-25,1.0
752,42,2004-05-25,1.0
257,42,2004-05-25,1.0
1359,1335,2004-05-25,1.0
118,586,2004-05-25,1.0
32,1281,2004-05-25,1.0
1286,1335,2004-05-25,1.0
32,638,2004-05-25,1.0
118,1189,2004-05-25,1.0
1052,713,2004-05-25,1.0
975,1283,2004-05-25,1.0
1105,963,2004-05-25,1.0
800,1281,2004-05-25,1.0
1032,1056,2004-05-25,1.0
353,296,2004-05-25,1.0
353,372,2004-05-25,1.0
1176,856,2004-05-25,1.0
353,194,2004-05-25,1.0
448,831,2004-05-25,1.0
462,103,2004-05-25,1.0
770,963,2004-05-25,1.0
103,462,2004-05-25,1.0
454,372,2004-05-25,1.0
874,372,2004-05-25,1.0
1344,1281,2004-05-25,1.0
1065,570,2004-05-25,1.0
32,598,2004-05-25,1.0
975,372,2004-05-25,1.0
1281,732,2004-05-25,1.0
704,1231,2004-05-25,1.0
1349,1281,2004-05-25,1.0
770,437,2004-05-25,1.0
372,233,2004-05-25,1.0
1169,547,2004-05-25,1.0
1255,1349,2004-05-25,1.0
342,495,2004-05-25,1.0
1281,1349,2004-05-25,1.0
1118,1281,2004-05-25,1.0
1281,131,2004-05-25,1.0
315,777,2004-05-25,1.0
315,994,2004-05-25,1.0
233,372,2004-05-25,1.0
19,1281,2004-05-25,1.0
585,495,2004-05-25,1.0
474,1349,2004-05-25,1.0
770,315,2004-05-25,1.0
986,834,2004-05-25,1.0
1349,474,2004-05-25,1.0
462,1255,2004-05-25,1.0
323,42,2004-05-25,1.0
494,372,2004-05-25,1.0
770,544,2004-05-25,1.0
1183,1355,2004-05-25,1.0
1183,1354,2004-05-25,1.0
1281,495,2004-05-25,1.0
503,617,2004-05-25,1.0
831,1281,2004-05-25,1.0
1183,1361,2004-05-25,1.0
576,966,2004-05-25,1.0
1183,1360,2004-05-25,1.0
576,1283,2004-05-25,1.0
372,1362,2004-05-25,1.0
131,1281,2004-05-25,1.0
1331,615,2004-05-25,1.0
495,498,2004-05-25,1.0
249,1359,2004-05-25,1.0
495,585,2004-05-25,1.0
980,639,2004-05-25,1.0
249,607,2004-05-25,1.0
487,1281,2004-05-25,1.0
1281,547,2004-05-25,1.0
1287,1253,2004-05-25,1.0
1280,1281,2004-05-25,1.0
42,1355,2004-05-25,1.0
1281,68,2004-05-25,1.0
770,1196,2004-05-25,1.0
1281,155,2004-05-25,1.0
1281,211,2004-05-25,1.0
1281,944,2004-05-25,1.0
1281,1231,2004-05-25,1.0
638,32,2004-05-25,1.0
1281,101,2004-05-25,1.0
42,964,2004-05-25,1.0
1246,1281,2004-05-25,1.0
1281,1280,2004-05-25,1.0
42,392,2004-05-25,1.0
42,626,2004-05-25,1.0
1281,1246,2004-05-25,1.0
1281,482,2004-05-25,1.0
1168,337,2004-05-25,1.0
770,1281,2004-05-25,1.0
1213,1281,2004-05-25,1.0
42,1356,2004-05-25,1.0
576,1281,2004-05-25,1.0
1281,389,2004-05-25,1.0
1272,1281,2004-05-25,1.0
389,1281,2004-05-25,1.0
1231,1281,2004-05-25,1.0
1325,1326,2004-05-25,1.0
1326,1325,2004-05-25,1.0
225,638,2004-05-25,1.0
155,1281,2004-05-25,1.0
42,1357,2004-05-25,1.0
638,225,2004-05-25,1.0
103,973,2004-05-25,1.0
1049,831,2004-05-25,1.0
871,392,2004-05-25,1.0
986,991,2004-05-25,1.0
810,323,2004-05-25,1.0
1083,323,2004-05-25,1.0
1295,644,2004-05-25,1.0
1118,620,2004-05-25,1.0
950,323,2004-05-25,1.0
1325,1340,2004-05-25,1.0
1168,1298,2004-05-25,1.0
986,19,2004-05-25,1.0
615,1072,2004-05-25,1.0
810,1351,2004-05-25,1.0
986,357,2004-05-25,1.0
986,793,2004-05-25,1.0
871,981,2004-05-25,1.0
323,1083,2004-05-25,1.0
1168,291,2004-05-25,1.0
36,1059,2004-05-25,1.0
709,517,2004-05-25,1.0
249,1351,2004-05-25,1.0
323,367,2004-05-25,1.0
337,1168,2004-05-25,1.0
337,142,2004-05-25,1.0
29,443,2004-05-25,1.0
142,337,2004-05-25,1.0
1298,1168,2004-05-25,1.0
12,142,2004-05-25,1.0
367,323,2004-05-25,1.0
576,337,2004-05-25,1.0
644,711,2004-05-25,1.0
372,874,2004-05-25,1.0
1283,1350,2004-05-25,1.0
372,454,2004-05-25,1.0
372,1283,2004-05-25,1.0
1268,1269,2004-05-25,1.0
1283,372,2004-05-25,1.0
372,1268,2004-05-25,1.0
1268,372,2004-05-25,1.0
1283,1359,2004-05-25,1.0
1283,392,2004-05-25,1.0
687,260,2004-05-25,1.0
830,1340,2004-05-25,1.0
42,752,2004-05-25,1.0
1359,1342,2004-05-25,1.0
1340,830,2004-05-25,1.0
1283,797,2004-05-25,1.0
372,975,2004-05-25,1.0
1283,523,2004-05-25,1.0
372,1352,2004-05-25,1.0
1281,542,2004-05-25,1.0
1281,797,2004-05-25,1.0
1359,1283,2004-05-25,1.0
1281,1287,2004-05-25,1.0
1287,1281,2004-05-25,1.0
1281,536,2004-05-25,1.0
1281,927,2004-05-25,1.0
1350,1283,2004-05-25,1.0
1281,128,2004-05-25,1.0
799,42,2004-05-25,1.0
1171,966,2004-05-25,1.0
101,100,2004-05-25,1.0
523,1283,2004-05-25,1.0
835,1283,2004-05-25,1.0
1281,1005,2004-05-25,1.0
114,103,2004-05-25,1.0
1281,532,2004-05-25,1.0
779,581,2004-05-25,1.0
1264,245,2004-05-25,1.0
810,1281,2004-05-25,1.0
523,176,2004-05-25,1.0
1283,1136,2004-05-25,1.0
1283,576,2004-05-25,1.0
392,42,2004-05-25,1.0
57,596,2004-05-25,1.0
19,443,2004-05-25,1.0
814,1281,2004-05-25,1.0
1283,57,2004-05-25,1.0
1123,1036,2004-05-25,1.0
1056,1032,2004-05-25,1.0
856,555,2004-05-25,1.0
1358,42,2004-05-25,1.0
950,1346,2004-05-25,1.0
42,333,2004-05-25,1.0
1036,1123,2004-05-25,1.0
483,1317,2004-05-25,1.0
1113,1131,2004-05-25,1.0
586,1072,2004-05-25,1.0
128,211,2004-05-25,1.0
502,1189,2004-05-25,1.0
609,1325,2004-05-25,1.0
1136,1283,2004-05-25,1.0
276,190,2004-05-25,1.0
586,1065,2004-05-25,1.0
801,1283,2004-05-25,1.0
233,193,2004-05-25,1.0
878,598,2004-05-25,1.0
919,332,2004-05-25,1.0
323,643,2004-05-25,1.0
495,864,2004-05-25,1.0
175,834,2004-05-25,1.0
498,638,2004-05-25,1.0
1072,615,2004-05-25,1.0
1169,357,2004-05-25,1.0
638,643,2004-05-25,1.0
638,1285,2004-05-25,1.0
817,104,2004-05-25,1.0
456,1246,2004-05-25,1.0
81,400,2004-05-25,1.0
598,878,2004-05-25,1.0
1178,257,2004-05-25,1.0
1236,984,2004-05-25,1.0
638,1371,2004-05-25,1.0
1236,498,2004-05-25,1.0
1285,638,2004-05-25,1.0
498,864,2004-05-25,1.0
1246,456,2004-05-25,1.0
638,1370,2004-05-25,1.0
643,638,2004-05-25,1.0
257,90,2004-05-25,1.0
176,864,2004-05-25,1.0
1289,212,2004-05-25,1.0
864,176,2004-05-25,1.0
981,831,2004-05-25,1.0
679,161,2004-05-25,1.0
560,908,2004-05-25,1.0
523,870,2004-05-25,1.0
1283,938,2004-05-25,1.0
731,1283,2004-05-25,1.0
714,316,2004-05-25,1.0
1283,513,2004-05-25,1.0
638,736,2004-05-25,1.0
513,1283,2004-05-25,1.0
323,753,2004-05-25,1.0
1131,1113,2004-05-25,1.0
631,625,2004-05-25,1.0
631,775,2004-05-25,1.0
1283,864,2004-05-25,1.0
793,1131,2004-05-25,1.0
1018,479,2004-05-25,1.0
864,498,2004-05-25,1.0
1370,638,2004-05-25,1.0
1189,502,2004-05-25,1.0
173,1283,2004-05-25,1.0
546,598,2004-05-25,1.0
1236,1050,2004-05-25,1.0
468,1372,2004-05-25,1.0
53,620,2004-05-25,1.0
285,1126,2004-05-25,1.0
1370,1189,2004-05-25,1.0
1326,638,2004-05-25,1.0
638,1326,2004-05-25,1.0
372,864,2004-05-25,1.0
285,1284,2004-05-25,1.0
1283,72,2004-05-25,1.0
372,475,2004-05-25,1.0
1236,440,2004-05-25,1.0
72,1283,2004-05-25,1.0
1236,392,2004-05-25,1.0
372,1014,2004-05-25,1.0
1283,1302,2004-05-25,1.0
638,498,2004-05-25,1.0
710,1373,2004-05-25,1.0
598,546,2004-05-25,1.0
777,306,2004-05-25,1.0
864,372,2004-05-25,1.0
475,372,2004-05-25,1.0
852,1361,2004-05-25,1.0
1236,1372,2004-05-25,1.0
447,719,2004-05-25,1.0
1117,856,2004-05-25,1.0
131,654,2004-05-25,1.0
306,352,2004-05-25,1.0
339,245,2004-05-25,1.0
105,1353,2004-05-25,1.0
306,777,2004-05-25,1.0
679,398,2004-05-25,1.0
1045,1026,2004-05-25,1.0
753,1302,2004-05-25,1.0
357,1169,2004-05-25,1.0
1045,1040,2004-05-25,1.0
1302,753,2004-05-25,1.0
963,654,2004-05-25,1.0
903,754,2004-05-25,1.0
1045,654,2004-05-25,1.0
1045,638,2004-05-25,1.0
306,408,2004-05-25,1.0
342,1040,2004-05-25,1.0
1045,269,2004-05-25,1.0
770,1302,2004-05-25,1.0
753,1271,2004-05-25,1.0
1326,1123,2004-05-25,1.0
654,963,2004-05-25,1.0
654,131,2004-05-25,1.0
871,306,2004-05-25,1.0
1281,814,2004-05-25,1.0
333,42,2004-05-25,1.0
1281,19,2004-05-25,1.0
950,495,2004-05-25,1.0
378,396,2004-05-25,1.0
871,1365,2004-05-25,1.0
834,1196,2004-05-25,1.0
626,42,2004-05-25,1.0
596,57,2004-05-25,1.0
601,400,2004-05-25,1.0
323,725,2004-05-25,1.0
679,1363,2004-05-25,1.0
516,94,2004-05-25,1.0
199,971,2004-05-25,1.0
53,975,2004-05-25,1.0
525,19,2004-05-25,1.0
878,1355,2004-05-25,1.0
1178,42,2004-05-25,1.0
777,337,2004-05-25,1.0
357,701,2004-05-25,1.0
1326,97,2004-05-25,1.0
573,245,2004-05-25,1.0
199,1363,2004-05-25,1.0
199,1364,2004-05-25,1.0
542,245,2004-05-25,1.0
1352,372,2004-05-25,1.0
398,132,2004-05-25,1.0
337,777,2004-05-25,1.0
199,654,2004-05-25,1.0
245,102,2004-05-25,1.0
245,339,2004-05-25,1.0
245,542,2004-05-25,1.0
245,573,2004-05-25,1.0
596,605,2004-05-25,1.0
1359,1343,2004-05-25,1.0
1113,495,2004-05-25,1.0
1271,1329,2004-05-25,1.0
431,605,2004-05-25,1.0
105,577,2004-05-25,1.0
834,175,2004-05-25,1.0
44,189,2004-05-25,1.0
605,596,2004-05-25,1.0
104,817,2004-05-25,1.0
1233,588,2004-05-25,1.0
868,249,2004-05-25,1.0
753,642,2004-05-25,1.0
1368,752,2004-05-25,1.0
725,547,2004-05-25,1.0
342,1362,2004-05-25,1.0
642,753,2004-05-25,1.0
871,437,2004-05-25,1.0
1183,236,2004-05-25,1.0
454,1369,2004-05-25,1.0
1233,337,2004-05-25,1.0
294,831,2004-05-25,1.0
638,1045,2004-05-25,1.0
638,753,2004-05-25,1.0
1183,353,2004-05-25,1.0
63,1271,2004-05-25,1.0
1326,983,2004-05-25,1.0
871,1021,2004-05-25,1.0
1367,1365,2004-05-25,1.0
871,814,2004-05-25,1.0
642,1338,2004-05-25,1.0
132,398,2004-05-25,1.0
439,306,2004-05-25,1.0
912,375,2004-05-25,1.0
1365,1366,2004-05-25,1.0
605,254,2004-05-25,1.0
479,1338,2004-05-25,1.0
306,439,2004-05-25,1.0
1321,198,2004-05-25,1.0
577,683,2004-05-25,1.0
306,555,2004-05-25,1.0
1196,357,2004-05-25,1.0
753,638,2004-05-25,1.0
1381,1383,2004-05-26,1.0
1381,1413,2004-05-26,1.0
1383,392,2004-05-26,1.0
1381,599,2004-05-26,1.0
1138,1283,2004-05-26,1.0
146,128,2004-05-26,1.0
1283,1138,2004-05-26,1.0
1383,1381,2004-05-26,1.0
1381,713,2004-05-26,1.0
1416,1138,2004-05-26,1.0
495,1113,2004-05-26,1.0
1381,128,2004-05-26,1.0
1381,1033,2004-05-26,1.0
1023,1402,2004-05-26,1.0
468,277,2004-05-26,1.0
555,1292,2004-05-26,1.0
495,585,2004-05-26,1.0
1416,277,2004-05-26,1.0
495,950,2004-05-26,1.0
392,1295,2004-05-26,1.0
1138,1381,2004-05-26,1.0
128,1381,2004-05-26,1.0
599,1381,2004-05-26,1.0
1381,1138,2004-05-26,1.0
498,495,2004-05-26,1.0
495,1043,2004-05-26,1.0
42,135,2004-05-26,1.0
942,605,2004-05-26,1.0
42,1414,2004-05-26,1.0
893,994,2004-05-26,1.0
495,498,2004-05-26,1.0
893,590,2004-05-26,1.0
1402,418,2004-05-26,1.0
1373,592,2004-05-26,1.0
1033,1281,2004-05-26,1.0
372,592,2004-05-26,1.0
372,482,2004-05-26,1.0
372,1402,2004-05-26,1.0
1402,1083,2004-05-26,1.0
482,372,2004-05-26,1.0
1402,993,2004-05-26,1.0
1033,1381,2004-05-26,1.0
1402,372,2004-05-26,1.0
422,6,2004-05-26,1.0
600,105,2004-05-26,1.0
1033,576,2004-05-26,1.0
1158,325,2004-05-26,1.0
1373,713,2004-05-26,1.0
1280,1403,2004-05-26,1.0
592,372,2004-05-26,1.0
1083,1402,2004-05-26,1.0
72,883,2004-05-26,1.0
315,840,2004-05-26,1.0
128,778,2004-05-26,1.0
1089,1412,2004-05-26,1.0
792,356,2004-05-26,1.0
1281,1274,2004-05-26,1.0
315,994,2004-05-26,1.0
639,498,2004-05-26,1.0
1379,598,2004-05-26,1.0
639,1033,2004-05-26,1.0
128,1415,2004-05-26,1.0
1414,42,2004-05-26,1.0
713,325,2004-05-26,1.0
1373,609,2004-05-26,1.0
843,1237,2004-05-26,1.0
1235,1402,2004-05-26,1.0
713,548,2004-05-26,1.0
1235,576,2004-05-26,1.0
1281,1033,2004-05-26,1.0
1413,1381,2004-05-26,1.0
1274,1281,2004-05-26,1.0
713,271,2004-05-26,1.0
1235,843,2004-05-26,1.0
639,994,2004-05-26,1.0
1356,852,2004-05-26,1.0
1416,1413,2004-05-26,1.0
1383,1283,2004-05-26,1.0
783,1213,2004-05-26,1.0
325,1158,2004-05-26,1.0
325,1281,2004-05-26,1.0
325,1402,2004-05-26,1.0
783,1381,2004-05-26,1.0
1283,1383,2004-05-26,1.0
479,413,2004-05-26,1.0
1381,843,2004-05-26,1.0
1281,413,2004-05-26,1.0
1381,783,2004-05-26,1.0
600,470,2004-05-26,1.0
413,479,2004-05-26,1.0
1416,713,2004-05-26,1.0
1168,683,2004-05-26,1.0
1295,392,2004-05-26,1.0
1416,260,2004-05-26,1.0
1356,1281,2004-05-26,1.0
1356,711,2004-05-26,1.0
1416,1291,2004-05-26,1.0
1417,1317,2004-05-26,1.0
128,1004,2004-05-26,1.0
1381,495,2004-05-26,1.0
1281,1023,2004-05-26,1.0
760,576,2004-05-26,1.0
1056,1032,2004-05-26,1.0
1317,1417,2004-05-26,1.0
542,760,2004-05-26,1.0
542,1069,2004-05-26,1.0
933,1214,2004-05-26,1.0
12,358,2004-05-26,1.0
871,843,2004-05-26,1.0
569,128,2004-05-26,1.0
1280,725,2004-05-26,1.0
507,1123,2004-05-26,1.0
950,323,2004-05-26,1.0
350,358,2004-05-26,1.0
12,1138,2004-05-26,1.0
1038,576,2004-05-26,1.0
12,1118,2004-05-26,1.0
128,569,2004-05-26,1.0
372,1412,2004-05-26,1.0
1339,576,2004-05-26,1.0
871,306,2004-05-26,1.0
392,353,2004-05-26,1.0
12,569,2004-05-26,1.0
1216,254,2004-05-26,1.0
1184,367,2004-05-26,1.0
576,1339,2004-05-26,1.0
67,697,2004-05-26,1.0
681,1402,2004-05-26,1.0
544,546,2004-05-26,1.0
1123,507,2004-05-26,1.0
1339,297,2004-05-26,1.0
1280,1339,2004-05-26,1.0
1036,792,2004-05-26,1.0
1287,1280,2004-05-26,1.0
297,1339,2004-05-26,1.0
146,308,2004-05-26,1.0
372,1381,2004-05-26,1.0
993,994,2004-05-26,1.0
871,1412,2004-05-26,1.0
1339,1280,2004-05-26,1.0
372,1018,2004-05-26,1.0
354,398,2004-05-26,1.0
598,1379,2004-05-26,1.0
1281,539,2004-05-26,1.0
1280,1287,2004-05-26,1.0
1412,372,2004-05-26,1.0
1295,1283,2004-05-26,1.0
12,392,2004-05-26,1.0
128,548,2004-05-26,1.0
63,814,2004-05-26,1.0
418,1402,2004-05-26,1.0
546,598,2004-05-26,1.0
1379,1402,2004-05-26,1.0
1138,254,2004-05-26,1.0
1402,1379,2004-05-26,1.0
874,919,2004-05-26,1.0
128,612,2004-05-26,1.0
1184,254,2004-05-26,1.0
12,1379,2004-05-26,1.0
367,1184,2004-05-26,1.0
323,1339,2004-05-26,1.0
356,1281,2004-05-26,1.0
1402,498,2004-05-26,1.0
1402,1339,2004-05-26,1.0
1410,6,2004-05-26,1.0
1409,128,2004-05-26,1.0
1402,339,2004-05-26,1.0
1339,1402,2004-05-26,1.0
770,1402,2004-05-26,1.0
1044,1402,2004-05-26,1.0
609,389,2004-05-26,1.0
810,1402,2004-05-26,1.0
546,544,2004-05-26,1.0
546,538,2004-05-26,1.0
143,1339,2004-05-26,1.0
1281,356,2004-05-26,1.0
128,235,2004-05-26,1.0
67,1402,2004-05-26,1.0
1339,323,2004-05-26,1.0
128,1409,2004-05-26,1.0
1215,498,2004-05-26,1.0
792,1036,2004-05-26,1.0
128,1354,2004-05-26,1.0
938,423,2004-05-26,1.0
576,640,2004-05-26,1.0
392,306,2004-05-26,1.0
598,582,2004-05-26,1.0
372,1354,2004-05-26,1.0
1354,372,2004-05-26,1.0
681,562,2004-05-26,1.0
883,72,2004-05-26,1.0
1281,1283,2004-05-26,1.0
1373,408,2004-05-26,1.0
308,281,2004-05-26,1.0
582,598,2004-05-26,1.0
372,353,2004-05-26,1.0
1381,372,2004-05-26,1.0
306,503,2004-05-26,1.0
640,576,2004-05-26,1.0
503,306,2004-05-26,1.0
503,272,2004-05-26,1.0
503,128,2004-05-26,1.0
993,1402,2004-05-26,1.0
1018,372,2004-05-26,1.0
760,542,2004-05-26,1.0
859,1403,2004-05-26,1.0
323,950,2004-05-26,1.0
1328,306,2004-05-26,1.0
810,1412,2004-05-26,1.0
679,1281,2004-05-26,1.0
659,254,2004-05-26,1.0
679,398,2004-05-26,1.0
1118,749,2004-05-26,1.0
105,474,2004-05-26,1.0
679,474,2004-05-26,1.0
1236,308,2004-05-26,1.0
1383,26,2004-05-26,1.0
1291,189,2004-05-26,1.0
1183,32,2004-05-26,1.0
1236,1287,2004-05-26,1.0
1236,615,2004-05-26,1.0
1420,191,2004-05-26,1.0
26,1383,2004-05-26,1.0
1236,339,2004-05-26,1.0
32,1183,2004-05-26,1.0
1420,468,2004-05-26,1.0
1420,356,2004-05-26,1.0
1419,356,2004-05-26,1.0
1377,1033,2004-05-26,1.0
1153,1103,2004-05-26,1.0
474,1339,2004-05-26,1.0
398,679,2004-05-26,1.0
1281,679,2004-05-26,1.0
683,824,2004-05-26,1.0
105,711,2004-05-26,1.0
131,1284,2004-05-26,1.0
1402,810,2004-05-26,1.0
131,1379,2004-05-26,1.0
356,1420,2004-05-26,1.0
1189,835,2004-05-26,1.0
952,439,2004-05-26,1.0
1236,969,2004-05-26,1.0
474,679,2004-05-26,1.0
809,1262,2004-05-26,1.0
810,1420,2004-05-26,1.0
3,32,2004-05-26,1.0
356,1419,2004-05-26,1.0
835,1189,2004-05-26,1.0
114,770,2004-05-26,1.0
679,1310,2004-05-26,1.0
32,840,2004-05-26,1.0
679,1174,2004-05-26,1.0
172,840,2004-05-26,1.0
758,741,2004-05-26,1.0
146,739,2004-05-26,1.0
704,958,2004-05-26,1.0
277,605,2004-05-26,1.0
307,189,2004-05-26,1.0
189,36,2004-05-26,1.0
146,309,2004-05-26,1.0
1262,598,2004-05-26,1.0
557,128,2004-05-26,1.0
1032,1056,2004-05-26,1.0
1033,1377,2004-05-26,1.0
1260,1006,2004-05-26,1.0
1393,1365,2004-05-26,1.0
352,503,2004-05-26,1.0
431,859,2004-05-26,1.0
431,595,2004-05-26,1.0
576,1033,2004-05-26,1.0
1262,644,2004-05-26,1.0
1187,1060,2004-05-26,1.0
596,1179,2004-05-26,1.0
835,1063,2004-05-26,1.0
835,261,2004-05-26,1.0
1183,42,2004-05-26,1.0
36,189,2004-05-26,1.0
799,32,2004-05-26,1.0
1358,352,2004-05-26,1.0
871,1358,2004-05-26,1.0
1113,495,2004-05-26,1.0
1402,124,2004-05-26,1.0
32,799,2004-05-26,1.0
1402,586,2004-05-26,1.0
1274,1358,2004-05-26,1.0
352,1358,2004-05-26,1.0
701,233,2004-05-26,1.0
1103,425,2004-05-26,1.0
1066,1072,2004-05-26,1.0
749,1118,2004-05-26,1.0
538,42,2004-05-26,1.0
1168,686,2004-05-26,1.0
352,840,2004-05-26,1.0
1403,859,2004-05-26,1.0
538,317,2004-05-26,1.0
640,712,2004-05-26,1.0
1281,1377,2004-05-26,1.0
3,415,2004-05-26,1.0
353,42,2004-05-26,1.0
32,523,2004-05-26,1.0
1026,615,2004-05-26,1.0
1358,1274,2004-05-26,1.0
1026,184,2004-05-26,1.0
254,1402,2004-05-26,1.0
538,546,2004-05-26,1.0
495,181,2004-05-26,1.0
710,1382,2004-05-26,1.0
1367,495,2004-05-26,1.0
1236,1237,2004-05-26,1.0
1402,254,2004-05-26,1.0
1190,615,2004-05-26,1.0
1367,1138,2004-05-26,1.0
1190,393,2004-05-26,1.0
1339,1234,2004-05-26,1.0
913,41,2004-05-26,1.0
913,950,2004-05-26,1.0
353,1365,2004-05-26,1.0
523,32,2004-05-26,1.0
1365,353,2004-05-26,1.0
523,791,2004-05-26,1.0
1365,1412,2004-05-26,1.0
913,548,2004-05-26,1.0
913,484,2004-05-26,1.0
913,462,2004-05-26,1.0
683,479,2004-05-26,1.0
1189,1217,2004-05-26,1.0
706,128,2004-05-26,1.0
824,683,2004-05-26,1.0
1281,1374,2004-05-26,1.0
1365,1393,2004-05-26,1.0
840,352,2004-05-26,1.0
479,683,2004-05-26,1.0
1281,683,2004-05-26,1.0
1365,834,2004-05-26,1.0
342,1302,2004-05-26,1.0
840,172,2004-05-26,1.0
706,740,2004-05-26,1.0
175,1421,2004-05-26,1.0
474,42,2004-05-26,1.0
42,474,2004-05-26,1.0
42,353,2004-05-26,1.0
356,840,2004-05-26,1.0
9,1402,2004-05-26,1.0
1234,1339,2004-05-26,1.0
254,659,2004-05-26,1.0
626,838,2004-05-26,1.0
686,1168,2004-05-26,1.0
398,479,2004-05-26,1.0
479,398,2004-05-26,1.0
97,124,2004-05-26,1.0
871,1384,2004-05-26,1.0
950,495,2004-05-26,1.0
1189,1291,2004-05-26,1.0
1189,1407,2004-05-26,1.0
1113,323,2004-05-26,1.0
1402,865,2004-05-26,1.0
919,874,2004-05-26,1.0
1402,1283,2004-05-26,1.0
1402,325,2004-05-26,1.0
1373,859,2004-05-26,1.0
1402,1023,2004-05-26,1.0
1373,1191,2004-05-26,1.0
1127,1083,2004-05-26,1.0
1127,454,2004-05-26,1.0
1127,1274,2004-05-26,1.0
105,708,2004-05-26,1.0
105,621,2004-05-26,1.0
634,341,2004-05-26,1.0
101,176,2004-05-26,1.0
1387,1313,2004-05-26,1.0
50,919,2004-05-26,1.0
843,1268,2004-05-26,1.0
708,105,2004-05-26,1.0
1402,1189,2004-05-26,1.0
1000,339,2004-05-26,1.0
339,1000,2004-05-26,1.0
337,474,2004-05-26,1.0
919,50,2004-05-26,1.0
389,830,2004-05-26,1.0
278,308,2004-05-26,1.0
560,1072,2004-05-26,1.0
712,189,2004-05-26,1.0
712,640,2004-05-26,1.0
1018,711,2004-05-26,1.0
621,105,2004-05-26,1.0
389,609,2004-05-26,1.0
1018,413,2004-05-26,1.0
101,198,2004-05-26,1.0
1373,707,2004-05-26,1.0
67,1417,2004-05-26,1.0
830,389,2004-05-26,1.0
281,317,2004-05-26,1.0
605,277,2004-05-26,1.0
254,1216,2004-05-26,1.0
26,1176,2004-05-26,1.0
1272,1244,2004-05-26,1.0
342,1216,2004-05-26,1.0
342,843,2004-05-26,1.0
342,783,2004-05-26,1.0
342,1417,2004-05-26,1.0
163,474,2004-05-26,1.0
1113,933,2004-05-26,1.0
1113,128,2004-05-26,1.0
9,1196,2004-05-26,1.0
9,1317,2004-05-26,1.0
809,795,2004-05-26,1.0
1142,752,2004-05-26,1.0
865,1402,2004-05-26,1.0
1213,783,2004-05-26,1.0
542,1292,2004-05-26,1.0
350,1168,2004-05-26,1.0
1283,1402,2004-05-26,1.0
1281,325,2004-05-26,1.0
1281,1356,2004-05-26,1.0
1403,1280,2004-05-26,1.0
509,616,2004-05-26,1.0
1373,753,2004-05-26,1.0
1328,391,2004-05-26,1.0
1373,697,2004-05-26,1.0
711,1356,2004-05-26,1.0
3,555,2004-05-26,1.0
249,964,2004-05-26,1.0
189,712,2004-05-26,1.0
699,1374,2004-05-26,1.0
225,1281,2004-05-26,1.0
225,638,2004-05-26,1.0
1374,699,2004-05-26,1.0
1236,1043,2004-05-26,1.0
1236,176,2004-05-26,1.0
1236,392,2004-05-26,1.0
859,413,2004-05-26,1.0
1373,1306,2004-05-26,1.0
594,1289,2004-05-26,1.0
615,1026,2004-05-26,1.0
409,1283,2004-05-26,1.0
725,1280,2004-05-26,1.0
474,163,2004-05-26,1.0
821,752,2004-05-26,1.0
1179,596,2004-05-26,1.0
838,626,2004-05-26,1.0
124,598,2004-05-26,1.0
1260,725,2004-05-26,1.0
598,644,2004-05-26,1.0
711,1018,2004-05-26,1.0
928,542,2004-05-26,1.0
598,1033,2004-05-26,1.0
316,714,2004-05-26,1.0
598,546,2004-05-26,1.0
425,1103,2004-05-26,1.0
598,1262,2004-05-26,1.0
439,952,2004-05-26,1.0
598,124,2004-05-26,1.0
415,997,2004-05-26,1.0
1176,26,2004-05-26,1.0
212,590,2004-05-26,1.0
146,26,2004-05-26,1.0
415,1208,2004-05-26,1.0
124,97,2004-05-26,1.0
386,422,2004-05-26,1.0
252,1402,2004-05-26,1.0
26,386,2004-05-26,1.0
481,1402,2004-05-26,1.0
1393,704,2004-05-26,1.0
586,1402,2004-05-26,1.0
1292,325,2004-05-26,1.0
1393,1364,2004-05-26,1.0
1292,555,2004-05-26,1.0
1033,598,2004-05-26,1.0
1189,473,2004-05-26,1.0
124,1402,2004-05-26,1.0
1189,1402,2004-05-26,1.0
1286,1359,2004-05-26,1.0
1,1271,2004-05-26,1.0
473,1189,2004-05-26,1.0
1286,1342,2004-05-26,1.0
1286,1343,2004-05-26,1.0
1171,317,2004-05-26,1.0
1033,639,2004-05-26,1.0
42,1418,2004-05-26,1.0
1138,1367,2004-05-26,1.0
317,605,2004-05-26,1.0
1018,1402,2004-05-26,1.0
1272,1402,2004-05-26,1.0
1402,1018,2004-05-26,1.0
1402,687,2004-05-26,1.0
1018,708,2004-05-26,1.0
1402,42,2004-05-26,1.0
42,1402,2004-05-26,1.0
9,1265,2004-05-26,1.0
339,1402,2004-05-26,1.0
189,1291,2004-05-26,1.0
1359,1335,2004-05-26,1.0
431,617,2004-05-26,1.0
908,1354,2004-05-26,1.0
908,560,2004-05-26,1.0
483,821,2004-05-26,1.0
184,1026,2004-05-26,1.0
483,398,2004-05-26,1.0
423,1402,2004-05-26,1.0
1393,332,2004-05-26,1.0
714,1376,2004-05-26,1.0
317,538,2004-05-26,1.0
1127,296,2004-05-26,1.0
840,315,2004-05-26,1.0
181,495,2004-05-26,1.0
1295,1117,2004-05-26,1.0
398,483,2004-05-26,1.0
398,354,2004-05-26,1.0
176,101,2004-05-26,1.0
569,372,2004-05-26,1.0
339,495,2004-05-26,1.0
339,598,2004-05-26,1.0
495,1381,2004-05-26,1.0
317,1171,2004-05-26,1.0
1402,1272,2004-05-26,1.0
189,1261,2004-05-26,1.0
181,766,2004-05-26,1.0
339,475,2004-05-26,1.0
542,598,2004-05-26,1.0
454,1043,2004-05-26,1.0
986,649,2004-05-26,1.0
1255,1339,2004-05-26,1.0
1043,454,2004-05-26,1.0
1339,1255,2004-05-26,1.0
357,1169,2004-05-26,1.0
431,308,2004-05-26,1.0
770,454,2004-05-26,1.0
878,1069,2004-05-26,1.0
725,454,2004-05-26,1.0
1072,498,2004-05-26,1.0
1375,199,2004-05-26,1.0
296,516,2004-05-26,1.0
725,835,2004-05-26,1.0
516,296,2004-05-26,1.0
835,725,2004-05-26,1.0
90,1006,2004-05-26,1.0
986,19,2004-05-26,1.0
1339,1231,2004-05-26,1.0
1339,474,2004-05-26,1.0
1113,576,2004-05-26,1.0
1231,1339,2004-05-26,1.0
1137,1033,2004-05-26,1.0
1383,1138,2004-05-26,1.0
719,220,2004-05-26,1.0
306,42,2004-05-26,1.0
546,460,2004-05-26,1.0
423,938,2004-05-26,1.0
12,969,2004-05-26,1.0
711,1339,2004-05-26,1.0
308,278,2004-05-26,1.0
1339,711,2004-05-26,1.0
42,1226,2004-05-26,1.0
1402,32,2004-05-26,1.0
176,277,2004-05-26,1.0
822,819,2004-05-26,1.0
783,1032,2004-05-26,1.0
308,146,2004-05-26,1.0
454,1185,2004-05-26,1.0
498,1072,2004-05-26,1.0
725,1260,2004-05-26,1.0
1050,498,2004-05-26,1.0
810,1351,2004-05-26,1.0
810,1138,2004-05-26,1.0
881,1090,2004-05-26,1.0
498,1402,2004-05-26,1.0
679,649,2004-05-26,1.0
32,1050,2004-05-26,1.0
277,176,2004-05-26,1.0
105,1083,2004-05-26,1.0
42,306,2004-05-26,1.0
12,1255,2004-05-26,1.0
498,1050,2004-05-26,1.0
912,375,2004-05-26,1.0
1403,1255,2004-05-26,1.0
994,993,2004-05-26,1.0
454,725,2004-05-26,1.0
770,658,2004-05-26,1.0
878,1255,2004-05-26,1.0
770,1384,2004-05-26,1.0
800,1384,2004-05-26,1.0
994,596,2004-05-26,1.0
1284,131,2004-05-26,1.0
261,353,2004-05-26,1.0
1033,1137,2004-05-26,1.0
261,835,2004-05-26,1.0
342,63,2004-05-26,1.0
986,725,2004-05-26,1.0
317,281,2004-05-26,1.0
474,1377,2004-05-26,1.0
1358,777,2004-05-26,1.0
1358,1381,2004-05-26,1.0
398,1377,2004-05-26,1.0
1384,778,2004-05-26,1.0
576,649,2004-05-26,1.0
1384,795,2004-05-26,1.0
912,1379,2004-05-26,1.0
1185,454,2004-05-26,1.0
1346,1314,2004-05-26,1.0
714,517,2004-05-26,1.0
871,1029,2004-05-26,1.0
994,639,2004-05-26,1.0
1306,990,2004-05-26,1.0
1255,878,2004-05-26,1.0
353,261,2004-05-26,1.0
1006,90,2004-05-26,1.0
1375,994,2004-05-26,1.0
199,1060,2004-05-26,1.0
1236,549,2004-05-26,1.0
1400,1246,2004-05-26,1.0
1246,1400,2004-05-26,1.0
1060,191,2004-05-26,1.0
1237,843,2004-05-26,1.0
1117,856,2004-05-26,1.0
314,834,2004-05-26,1.0
1060,199,2004-05-26,1.0
474,337,2004-05-26,1.0
1087,1131,2004-05-26,1.0
26,63,2004-05-26,1.0
1359,1018,2004-05-26,1.0
1399,1018,2004-05-26,1.0
346,1062,2004-05-26,1.0
1018,1359,2004-05-26,1.0
163,1283,2004-05-26,1.0
314,372,2004-05-26,1.0
704,1400,2004-05-26,1.0
704,1393,2004-05-26,1.0
19,1390,2004-05-26,1.0
1379,912,2004-05-26,1.0
704,1395,2004-05-26,1.0
753,323,2004-05-26,1.0
598,1216,2004-05-26,1.0
549,236,2004-05-26,1.0
1052,1365,2004-05-26,1.0
1101,1138,2004-05-26,1.0
1399,1335,2004-05-26,1.0
9,1401,2004-05-26,1.0
6,422,2004-05-26,1.0
753,1271,2004-05-26,1.0
1271,1,2004-05-26,1.0
938,1396,2004-05-26,1.0
460,546,2004-05-26,1.0
323,753,2004-05-26,1.0
1340,1137,2004-05-26,1.0
146,312,2004-05-26,1.0
425,992,2004-05-26,1.0
1178,357,2004-05-26,1.0
1295,644,2004-05-26,1.0
809,90,2004-05-26,1.0
1395,32,2004-05-26,1.0
741,758,2004-05-26,1.0
1190,1352,2004-05-26,1.0
809,257,2004-05-26,1.0
357,1178,2004-05-26,1.0
1396,938,2004-05-26,1.0
1190,281,2004-05-26,1.0
809,1213,2004-05-26,1.0
938,67,2004-05-26,1.0
981,831,2004-05-26,1.0
306,1283,2004-05-26,1.0
1283,306,2004-05-26,1.0
1386,1246,2004-05-26,1.0
569,1337,2004-05-26,1.0
63,26,2004-05-26,1.0
482,353,2004-05-26,1.0
1083,105,2004-05-26,1.0
1236,990,2004-05-26,1.0
353,482,2004-05-26,1.0
1283,1295,2004-05-26,1.0
1236,1185,2004-05-26,1.0
1236,1302,2004-05-26,1.0
576,1113,2004-05-26,1.0
1083,1127,2004-05-26,1.0
1262,42,2004-05-26,1.0
642,1280,2004-05-26,1.0
1397,1281,2004-05-26,1.0
1281,1397,2004-05-26,1.0
1236,555,2004-05-26,1.0
514,1398,2004-05-26,1.0
514,1350,2004-05-26,1.0
1335,1342,2004-05-26,1.0
1183,1354,2004-05-26,1.0
32,711,2004-05-26,1.0
12,1344,2004-05-26,1.0
770,1103,2004-05-26,1.0
711,32,2004-05-26,1.0
1339,783,2004-05-26,1.0
271,194,2004-05-26,1.0
1312,1313,2004-05-26,1.0
1032,783,2004-05-26,1.0
118,943,2004-05-26,1.0
118,847,2004-05-26,1.0
12,32,2004-05-26,1.0
353,372,2004-05-26,1.0
1373,105,2004-05-26,1.0
687,1281,2004-05-26,1.0
700,1283,2004-05-26,1.0
770,1196,2004-05-26,1.0
12,1284,2004-05-26,1.0
783,1339,2004-05-26,1.0
118,120,2004-05-26,1.0
1359,1342,2004-05-26,1.0
1334,1068,2004-05-26,1.0
409,687,2004-05-26,1.0
547,1280,2004-05-26,1.0
539,1253,2004-05-26,1.0
1283,699,2004-05-26,1.0
1037,1072,2004-05-26,1.0
12,997,2004-05-26,1.0
1231,1252,2004-05-26,1.0
114,19,2004-05-26,1.0
581,779,2004-05-26,1.0
1312,103,2004-05-26,1.0
12,1252,2004-05-26,1.0
1350,514,2004-05-26,1.0
1354,1183,2004-05-26,1.0
1354,908,2004-05-26,1.0
986,991,2004-05-26,1.0
1213,1284,2004-05-26,1.0
997,415,2004-05-26,1.0
1236,368,2004-05-26,1.0
1284,1213,2004-05-26,1.0
220,719,2004-05-26,1.0
1400,704,2004-05-26,1.0
12,409,2004-05-26,1.0
1334,42,2004-05-26,1.0
1373,615,2004-05-26,1.0
1373,32,2004-05-26,1.0
1110,752,2004-05-26,1.0
409,1004,2004-05-26,1.0
697,1006,2004-05-26,1.0
687,409,2004-05-26,1.0
1398,514,2004-05-26,1.0
1364,1393,2004-05-26,1.0
1364,199,2004-05-26,1.0
1373,1313,2004-05-26,1.0
800,1256,2004-05-26,1.0
1044,323,2004-05-26,1.0
323,367,2004-05-26,1.0
1044,753,2004-05-26,1.0
560,1402,2004-05-26,1.0
90,605,2004-05-26,1.0
1319,1402,2004-05-26,1.0
128,1113,2004-05-26,1.0
605,90,2004-05-26,1.0
617,317,2004-05-26,1.0
144,1408,2004-05-26,1.0
617,103,2004-05-26,1.0
1402,560,2004-05-26,1.0
306,843,2004-05-26,1.0
1283,1063,2004-05-26,1.0
353,392,2004-05-26,1.0
12,711,2004-05-26,1.0
307,317,2004-05-26,1.0
843,306,2004-05-26,1.0
1402,950,2004-05-26,1.0
249,1402,2004-05-26,1.0
605,317,2004-05-26,1.0
297,609,2004-05-26,1.0
950,1402,2004-05-26,1.0
605,734,2004-05-26,1.0
1216,542,2004-05-26,1.0
704,323,2004-05-26,1.0
12,834,2004-05-26,1.0
1402,1319,2004-05-26,1.0
350,1353,2004-05-26,1.0
90,1339,2004-05-26,1.0
128,557,2004-05-26,1.0
1339,90,2004-05-26,1.0
306,952,2004-05-26,1.0
1379,131,2004-05-26,1.0
323,704,2004-05-26,1.0
294,831,2004-05-26,1.0
128,503,2004-05-26,1.0
681,617,2004-05-26,1.0
1402,423,2004-05-26,1.0
12,527,2004-05-26,1.0
1184,711,2004-05-26,1.0
704,1297,2004-05-26,1.0
1402,29,2004-05-26,1.0
503,352,2004-05-26,1.0
1402,1033,2004-05-26,1.0
1297,704,2004-05-26,1.0
1281,354,2004-05-26,1.0
711,1184,2004-05-26,1.0
503,527,2004-05-26,1.0
1018,772,2004-05-26,1.0
12,986,2004-05-26,1.0
503,638,2004-05-26,1.0
1283,409,2004-05-26,1.0
1402,994,2004-05-26,1.0
372,1359,2004-05-26,1.0
1216,598,2004-05-26,1.0
503,254,2004-05-26,1.0
103,617,2004-05-26,1.0
871,952,2004-05-26,1.0
372,952,2004-05-26,1.0
1402,704,2004-05-26,1.0
1281,687,2004-05-26,1.0
1359,372,2004-05-26,1.0
12,1214,2004-05-26,1.0
1317,507,2004-05-26,1.0
710,539,2004-05-26,1.0
919,1317,2004-05-26,1.0
36,211,2004-05-26,1.0
1410,753,2004-05-26,1.0
507,1317,2004-05-26,1.0
1184,644,2004-05-26,1.0
594,1171,2004-05-26,1.0
1381,798,2004-05-26,1.0
1339,589,2004-05-26,1.0
770,36,2004-05-26,1.0
1379,12,2004-05-26,1.0
1400,1411,2004-05-26,1.0
952,306,2004-05-26,1.0
306,1274,2004-05-26,1.0
1069,878,2004-05-26,1.0
272,503,2004-05-26,1.0
1026,1045,2004-05-26,1.0
710,1283,2004-05-26,1.0
539,952,2004-05-26,1.0
814,63,2004-05-26,1.0
1069,542,2004-05-26,1.0
843,356,2004-05-26,1.0
1274,306,2004-05-26,1.0
356,843,2004-05-26,1.0
1033,1211,2004-05-26,1.0
323,643,2004-05-26,1.0
254,1136,2004-05-26,1.0
323,725,2004-05-26,1.0
725,719,2004-05-26,1.0
752,1142,2004-05-26,1.0
367,323,2004-05-26,1.0
792,1297,2004-05-26,1.0
596,994,2004-05-26,1.0
713,353,2004-05-26,1.0
1136,254,2004-05-26,1.0
1033,701,2004-05-26,1.0
323,341,2004-05-26,1.0
1404,1219,2004-05-26,1.0
643,323,2004-05-26,1.0
142,329,2004-05-26,1.0
503,102,2004-05-26,1.0
191,1060,2004-05-26,1.0
1215,1136,2004-05-26,1.0
1255,1403,2004-05-26,1.0
1215,1317,2004-05-26,1.0
725,323,2004-05-26,1.0
249,725,2004-05-26,1.0
1211,1033,2004-05-26,1.0
1211,32,2004-05-26,1.0
254,1138,2004-05-26,1.0
32,1036,2004-05-26,1.0
1317,919,2004-05-26,1.0
1036,32,2004-05-26,1.0
415,1350,2004-05-26,1.0
1244,1287,2004-05-26,1.0
986,1036,2004-05-26,1.0
994,454,2004-05-26,1.0
699,1283,2004-05-26,1.0
128,927,2004-05-26,1.0
1317,817,2004-05-26,1.0
770,396,2004-05-26,1.0
9,1050,2004-05-26,1.0
1089,1365,2004-05-26,1.0
1136,398,2004-05-26,1.0
409,19,2004-05-26,1.0
254,1244,2004-05-26,1.0
398,1359,2004-05-26,1.0
1044,758,2004-05-26,1.0
503,605,2004-05-26,1.0
1405,516,2004-05-26,1.0
560,908,2004-05-26,1.0
1340,609,2004-05-26,1.0
131,125,2004-05-26,1.0
323,42,2004-05-26,1.0
560,1216,2004-05-26,1.0
398,1136,2004-05-26,1.0
809,560,2004-05-26,1.0
1331,632,2004-05-26,1.0
609,1340,2004-05-26,1.0
834,1365,2004-05-26,1.0
1340,1374,2004-05-26,1.0
609,297,2004-05-26,1.0
1340,1407,2004-05-26,1.0
1375,1056,2004-05-26,1.0
638,1406,2004-05-26,1.0
856,1176,2004-05-26,1.0
341,323,2004-05-26,1.0
323,97,2004-05-26,1.0
254,1211,2004-05-26,1.0
350,626,2004-05-26,1.0
719,725,2004-05-26,1.0
991,101,2004-05-26,1.0
1359,398,2004-05-26,1.0
871,267,2004-05-26,1.0
341,1255,2004-05-26,1.0
799,994,2004-05-26,1.0
792,1006,2004-05-27,1.0
1281,1033,2004-05-27,1.0
1006,792,2004-05-27,1.0
993,315,2004-05-27,1.0
993,893,2004-05-27,1.0
792,1413,2004-05-27,1.0
1184,296,2004-05-27,1.0
1153,128,2004-05-27,1.0
1281,317,2004-05-27,1.0
1006,841,2004-05-27,1.0
1281,62,2004-05-27,1.0
1295,392,2004-05-27,1.0
841,1006,2004-05-27,1.0
800,1072,2004-05-27,1.0
62,598,2004-05-27,1.0
835,261,2004-05-27,1.0
821,1406,2004-05-27,1.0
105,1118,2004-05-27,1.0
980,128,2004-05-27,1.0
62,1190,2004-05-27,1.0
1006,1335,2004-05-27,1.0
1415,128,2004-05-27,1.0
1406,605,2004-05-27,1.0
105,317,2004-05-27,1.0
62,1373,2004-05-27,1.0
793,783,2004-05-27,1.0
841,1446,2004-05-27,1.0
714,277,2004-05-27,1.0
172,495,2004-05-27,1.0
605,1406,2004-05-27,1.0
261,835,2004-05-27,1.0
639,1433,2004-05-27,1.0
1433,639,2004-05-27,1.0
128,1267,2004-05-27,1.0
372,569,2004-05-27,1.0
569,372,2004-05-27,1.0
1267,128,2004-05-27,1.0
639,714,2004-05-27,1.0
1189,835,2004-05-27,1.0
1101,128,2004-05-27,1.0
603,598,2004-05-27,1.0
498,495,2004-05-27,1.0
993,864,2004-05-27,1.0
639,878,2004-05-27,1.0
128,980,2004-05-27,1.0
639,372,2004-05-27,1.0
681,1449,2004-05-27,1.0
993,707,2004-05-27,1.0
582,598,2004-05-27,1.0
236,128,2004-05-27,1.0
993,513,2004-05-27,1.0
128,236,2004-05-27,1.0
498,823,2004-05-27,1.0
1425,997,2004-05-27,1.0
1335,1006,2004-05-27,1.0
1,477,2004-05-27,1.0
1189,502,2004-05-27,1.0
1184,479,2004-05-27,1.0
477,1,2004-05-27,1.0
1237,843,2004-05-27,1.0
1,42,2004-05-27,1.0
317,1184,2004-05-27,1.0
714,438,2004-05-27,1.0
1338,878,2004-05-27,1.0
252,1338,2004-05-27,1.0
477,1271,2004-05-27,1.0
843,1237,2004-05-27,1.0
477,526,2004-05-27,1.0
1184,317,2004-05-27,1.0
479,1184,2004-05-27,1.0
605,317,2004-05-27,1.0
878,438,2004-05-27,1.0
878,639,2004-05-27,1.0
345,141,2004-05-27,1.0
236,1421,2004-05-27,1.0
317,605,2004-05-27,1.0
681,1338,2004-05-27,1.0
950,495,2004-05-27,1.0
1338,1189,2004-05-27,1.0
980,639,2004-05-27,1.0
714,639,2004-05-27,1.0
1381,794,2004-05-27,1.0
835,1189,2004-05-27,1.0
392,261,2004-05-27,1.0
800,740,2004-05-27,1.0
993,449,2004-05-27,1.0
438,878,2004-05-27,1.0
194,1284,2004-05-27,1.0
983,1441,2004-05-27,1.0
1284,194,2004-05-27,1.0
1072,1066,2004-05-27,1.0
498,194,2004-05-27,1.0
372,639,2004-05-27,1.0
878,1338,2004-05-27,1.0
305,306,2004-05-27,1.0
438,714,2004-05-27,1.0
1006,1448,2004-05-27,1.0
305,521,2004-05-27,1.0
392,1295,2004-05-27,1.0
794,1381,2004-05-27,1.0
372,843,2004-05-27,1.0
1444,1413,2004-05-27,1.0
1328,952,2004-05-27,1.0
639,980,2004-05-27,1.0
697,542,2004-05-27,1.0
415,808,2004-05-27,1.0
296,194,2004-05-27,1.0
114,770,2004-05-27,1.0
1313,1406,2004-05-27,1.0
74,561,2004-05-27,1.0
871,1313,2004-05-27,1.0
1313,507,2004-05-27,1.0
1272,697,2004-05-27,1.0
317,307,2004-05-27,1.0
1183,42,2004-05-27,1.0
871,495,2004-05-27,1.0
470,1260,2004-05-27,1.0
454,1369,2004-05-27,1.0
32,128,2004-05-27,1.0
741,542,2004-05-27,1.0
1132,1156,2004-05-27,1.0
352,503,2004-05-27,1.0
1413,549,2004-05-27,1.0
242,1217,2004-05-27,1.0
42,1183,2004-05-27,1.0
1033,1281,2004-05-27,1.0
1033,639,2004-05-27,1.0
1454,1437,2004-05-27,1.0
1369,823,2004-05-27,1.0
1369,454,2004-05-27,1.0
105,1083,2004-05-27,1.0
536,532,2004-05-27,1.0
576,1033,2004-05-27,1.0
1302,338,2004-05-27,1.0
615,1063,2004-05-27,1.0
523,706,2004-05-27,1.0
686,1168,2004-05-27,1.0
712,704,2004-05-27,1.0
1132,341,2004-05-27,1.0
12,1433,2004-05-27,1.0
952,1328,2004-05-27,1.0
952,1326,2004-05-27,1.0
502,342,2004-05-27,1.0
342,502,2004-05-27,1.0
398,502,2004-05-27,1.0
502,398,2004-05-27,1.0
1177,561,2004-05-27,1.0
332,908,2004-05-27,1.0
332,919,2004-05-27,1.0
809,1072,2004-05-27,1.0
332,1393,2004-05-27,1.0
740,800,2004-05-27,1.0
576,792,2004-05-27,1.0
1062,42,2004-05-27,1.0
281,317,2004-05-27,1.0
398,317,2004-05-27,1.0
128,32,2004-05-27,1.0
431,605,2004-05-27,1.0
303,513,2004-05-27,1.0
431,1402,2004-05-27,1.0
105,337,2004-05-27,1.0
337,105,2004-05-27,1.0
483,821,2004-05-27,1.0
1072,809,2004-05-27,1.0
821,483,2004-05-27,1.0
502,128,2004-05-27,1.0
502,1438,2004-05-27,1.0
1083,1287,2004-05-27,1.0
498,3,2004-05-27,1.0
639,1033,2004-05-27,1.0
1189,1072,2004-05-27,1.0
306,305,2004-05-27,1.0
306,1228,2004-05-27,1.0
513,303,2004-05-27,1.0
1189,1444,2004-05-27,1.0
642,1444,2004-05-27,1.0
542,741,2004-05-27,1.0
1444,1189,2004-05-27,1.0
1413,1444,2004-05-27,1.0
1433,975,2004-05-27,1.0
546,1189,2004-05-27,1.0
1406,843,2004-05-27,1.0
1189,546,2004-05-27,1.0
338,1302,2004-05-27,1.0
314,342,2004-05-27,1.0
9,1444,2004-05-27,1.0
9,1451,2004-05-27,1.0
314,834,2004-05-27,1.0
9,1452,2004-05-27,1.0
9,1445,2004-05-27,1.0
9,1453,2004-05-27,1.0
488,598,2004-05-27,1.0
993,784,2004-05-27,1.0
1433,379,2004-05-27,1.0
105,711,2004-05-27,1.0
1433,12,2004-05-27,1.0
306,513,2004-05-27,1.0
9,1450,2004-05-27,1.0
12,1338,2004-05-27,1.0
783,793,2004-05-27,1.0
306,627,2004-05-27,1.0
919,1006,2004-05-27,1.0
781,1403,2004-05-27,1.0
781,1279,2004-05-27,1.0
12,599,2004-05-27,1.0
498,1444,2004-05-27,1.0
194,1406,2004-05-27,1.0
984,1255,2004-05-27,1.0
161,679,2004-05-27,1.0
569,249,2004-05-27,1.0
1402,254,2004-05-27,1.0
341,1338,2004-05-27,1.0
254,1402,2004-05-27,1.0
980,1255,2004-05-27,1.0
679,161,2004-05-27,1.0
733,1402,2004-05-27,1.0
1184,254,2004-05-27,1.0
194,479,2004-05-27,1.0
1184,1036,2004-05-27,1.0
569,128,2004-05-27,1.0
1340,454,2004-05-27,1.0
1406,1313,2004-05-27,1.0
294,580,2004-05-27,1.0
1338,341,2004-05-27,1.0
1441,983,2004-05-27,1.0
254,1211,2004-05-27,1.0
642,1338,2004-05-27,1.0
454,1340,2004-05-27,1.0
334,1442,2004-05-27,1.0
733,1142,2004-05-27,1.0
194,271,2004-05-27,1.0
128,1113,2004-05-27,1.0
1441,840,2004-05-27,1.0
1018,281,2004-05-27,1.0
1033,1443,2004-05-27,1.0
1184,644,2004-05-27,1.0
1286,1342,2004-05-27,1.0
341,1138,2004-05-27,1.0
288,1440,2004-05-27,1.0
1402,644,2004-05-27,1.0
644,1402,2004-05-27,1.0
733,297,2004-05-27,1.0
711,317,2004-05-27,1.0
1338,1447,2004-05-27,1.0
1113,128,2004-05-27,1.0
204,482,2004-05-27,1.0
204,42,2004-05-27,1.0
1138,341,2004-05-27,1.0
871,1211,2004-05-27,1.0
1406,194,2004-05-27,1.0
1219,1413,2004-05-27,1.0
1168,686,2004-05-27,1.0
1185,463,2004-05-27,1.0
1211,325,2004-05-27,1.0
1367,495,2004-05-27,1.0
1184,1044,2004-05-27,1.0
1373,62,2004-05-27,1.0
67,901,2004-05-27,1.0
733,840,2004-05-27,1.0
792,1446,2004-05-27,1.0
711,1184,2004-05-27,1.0
1184,711,2004-05-27,1.0
1340,840,2004-05-27,1.0
1228,306,2004-05-27,1.0
503,352,2004-05-27,1.0
146,679,2004-05-27,1.0
271,194,2004-05-27,1.0
639,1438,2004-05-27,1.0
1211,254,2004-05-27,1.0
325,1211,2004-05-27,1.0
271,713,2004-05-27,1.0
1325,1123,2004-05-27,1.0
639,160,2004-05-27,1.0
1123,1325,2004-05-27,1.0
1338,642,2004-05-27,1.0
1442,334,2004-05-27,1.0
838,481,2004-05-27,1.0
639,740,2004-05-27,1.0
1217,1189,2004-05-27,1.0
495,1113,2004-05-27,1.0
714,204,2004-05-27,1.0
495,1367,2004-05-27,1.0
1113,495,2004-05-27,1.0
1325,1036,2004-05-27,1.0
1433,495,2004-05-27,1.0
1189,1217,2004-05-27,1.0
1036,1325,2004-05-27,1.0
507,1313,2004-05-27,1.0
605,1184,2004-05-27,1.0
1438,502,2004-05-27,1.0
296,1083,2004-05-27,1.0
616,509,2004-05-27,1.0
1184,605,2004-05-27,1.0
495,950,2004-05-27,1.0
1438,639,2004-05-27,1.0
714,316,2004-05-27,1.0
194,503,2004-05-27,1.0
1406,616,2004-05-27,1.0
317,538,2004-05-27,1.0
794,495,2004-05-27,1.0
317,749,2004-05-27,1.0
714,495,2004-05-27,1.0
681,1042,2004-05-27,1.0
1433,1444,2004-05-27,1.0
749,475,2004-05-27,1.0
1433,1072,2004-05-27,1.0
538,317,2004-05-27,1.0
1406,1213,2004-05-27,1.0
843,372,2004-05-27,1.0
749,128,2004-05-27,1.0
639,994,2004-05-27,1.0
481,838,2004-05-27,1.0
481,376,2004-05-27,1.0
204,794,2004-05-27,1.0
63,706,2004-05-27,1.0
481,97,2004-05-27,1.0
1413,1219,2004-05-27,1.0
711,644,2004-05-27,1.0
1018,288,2004-05-27,1.0
980,194,2004-05-27,1.0
317,711,2004-05-27,1.0
128,749,2004-05-27,1.0
288,1018,2004-05-27,1.0
843,285,2004-05-27,1.0
389,609,2004-05-27,1.0
783,249,2004-05-27,1.0
297,733,2004-05-27,1.0
1306,733,2004-05-27,1.0
644,995,2004-05-27,1.0
1406,316,2004-05-27,1.0
285,843,2004-05-27,1.0
204,714,2004-05-27,1.0
1434,174,2004-05-27,1.0
1062,1451,2004-05-27,1.0
797,832,2004-05-27,1.0
1060,1187,2004-05-27,1.0
797,768,2004-05-27,1.0
797,1121,2004-05-27,1.0
797,1392,2004-05-27,1.0
398,105,2004-05-27,1.0
797,1466,2004-05-27,1.0
306,871,2004-05-27,1.0
3,498,2004-05-27,1.0
797,1336,2004-05-27,1.0
105,398,2004-05-27,1.0
1312,105,2004-05-27,1.0
3,257,2004-05-27,1.0
871,306,2004-05-27,1.0
1272,983,2004-05-27,1.0
797,304,2004-05-27,1.0
1060,191,2004-05-27,1.0
797,804,2004-05-27,1.0
517,714,2004-05-27,1.0
823,1033,2004-05-27,1.0
797,25,2004-05-27,1.0
1215,431,2004-05-27,1.0
823,542,2004-05-27,1.0
105,1423,2004-05-27,1.0
830,389,2004-05-27,1.0
797,1465,2004-05-27,1.0
797,621,2004-05-27,1.0
797,1363,2004-05-27,1.0
797,849,2004-05-27,1.0
797,1207,2004-05-27,1.0
517,709,2004-05-27,1.0
797,556,2004-05-27,1.0
983,1272,2004-05-27,1.0
1189,473,2004-05-27,1.0
1189,346,2004-05-27,1.0
749,317,2004-05-27,1.0
871,830,2004-05-27,1.0
719,249,2004-05-27,1.0
42,323,2004-05-27,1.0
225,638,2004-05-27,1.0
400,601,2004-05-27,1.0
225,1281,2004-05-27,1.0
509,616,2004-05-27,1.0
509,204,2004-05-27,1.0
60,1463,2004-05-27,1.0
792,1274,2004-05-27,1.0
831,341,2004-05-27,1.0
797,1464,2004-05-27,1.0
1060,199,2004-05-27,1.0
542,204,2004-05-27,1.0
191,1060,2004-05-27,1.0
1189,297,2004-05-27,1.0
871,1060,2004-05-27,1.0
1060,871,2004-05-27,1.0
346,1189,2004-05-27,1.0
959,958,2004-05-27,1.0
1168,317,2004-05-27,1.0
823,482,2004-05-27,1.0
683,479,2004-05-27,1.0
105,1338,2004-05-27,1.0
283,297,2004-05-27,1.0
1269,1402,2004-05-27,1.0
283,1393,2004-05-27,1.0
1269,1223,2004-05-27,1.0
105,626,2004-05-27,1.0
283,1338,2004-05-27,1.0
576,254,2004-05-27,1.0
734,617,2004-05-27,1.0
1281,683,2004-05-27,1.0
1281,1283,2004-05-27,1.0
473,1189,2004-05-27,1.0
261,392,2004-05-27,1.0
334,297,2004-05-27,1.0
479,683,2004-05-27,1.0
683,824,2004-05-27,1.0
739,1136,2004-05-27,1.0
1279,254,2004-05-27,1.0
683,1281,2004-05-27,1.0
1279,194,2004-05-27,1.0
1279,781,2004-05-27,1.0
1423,1033,2004-05-27,1.0
199,295,2004-05-27,1.0
701,174,2004-05-27,1.0
105,1373,2004-05-27,1.0
174,701,2004-05-27,1.0
1281,1463,2004-05-27,1.0
146,1,2004-05-27,1.0
1060,1117,2004-05-27,1.0
1142,1269,2004-05-27,1.0
797,1343,2004-05-27,1.0
823,1163,2004-05-27,1.0
797,698,2004-05-27,1.0
1215,105,2004-05-27,1.0
69,1269,2004-05-27,1.0
69,733,2004-05-27,1.0
342,1462,2004-05-27,1.0
343,350,2004-05-27,1.0
1406,771,2004-05-27,1.0
1402,105,2004-05-27,1.0
1402,431,2004-05-27,1.0
1402,1269,2004-05-27,1.0
105,1402,2004-05-27,1.0
1033,1423,2004-05-27,1.0
212,204,2004-05-27,1.0
792,576,2004-05-27,1.0
716,42,2004-05-27,1.0
639,993,2004-05-27,1.0
224,1246,2004-05-27,1.0
105,52,2004-05-27,1.0
105,621,2004-05-27,1.0
257,711,2004-05-27,1.0
72,42,2004-05-27,1.0
50,1463,2004-05-27,1.0
1463,50,2004-05-27,1.0
711,257,2004-05-27,1.0
993,639,2004-05-27,1.0
986,254,2004-05-27,1.0
42,72,2004-05-27,1.0
224,220,2004-05-27,1.0
605,431,2004-05-27,1.0
1246,224,2004-05-27,1.0
189,802,2004-05-27,1.0
532,536,2004-05-27,1.0
224,72,2004-05-27,1.0
824,683,2004-05-27,1.0
986,991,2004-05-27,1.0
843,1195,2004-05-27,1.0
377,332,2004-05-27,1.0
986,357,2004-05-27,1.0
357,1208,2004-05-27,1.0
341,1373,2004-05-27,1.0
377,592,2004-05-27,1.0
341,1423,2004-05-27,1.0
1253,357,2004-05-27,1.0
377,777,2004-05-27,1.0
341,831,2004-05-27,1.0
1402,249,2004-05-27,1.0
1110,1434,2004-05-27,1.0
357,1253,2004-05-27,1.0
1281,225,2004-05-27,1.0
174,1434,2004-05-27,1.0
1463,308,2004-05-27,1.0
337,605,2004-05-27,1.0
1117,1060,2004-05-27,1.0
1438,97,2004-05-27,1.0
1421,362,2004-05-27,1.0
309,1391,2004-05-27,1.0
1158,713,2004-05-27,1.0
1093,598,2004-05-27,1.0
249,719,2004-05-27,1.0
249,1402,2004-05-27,1.0
908,332,2004-05-27,1.0
1434,1313,2004-05-27,1.0
809,257,2004-05-27,1.0
1375,1269,2004-05-27,1.0
254,576,2004-05-27,1.0
254,1279,2004-05-27,1.0
495,3,2004-05-27,1.0
1375,740,2004-05-27,1.0
379,1433,2004-05-27,1.0
431,1215,2004-05-27,1.0
1434,732,2004-05-27,1.0
1434,1379,2004-05-27,1.0
1158,325,2004-05-27,1.0
1113,823,2004-05-27,1.0
932,1269,2004-05-27,1.0
1434,1312,2004-05-27,1.0
1434,547,2004-05-27,1.0
1434,1174,2004-05-27,1.0
1287,1039,2004-05-27,1.0
495,1433,2004-05-27,1.0
495,794,2004-05-27,1.0
495,714,2004-05-27,1.0
495,498,2004-05-27,1.0
495,172,2004-05-27,1.0
52,1269,2004-05-27,1.0
52,1235,2004-05-27,1.0
621,105,2004-05-27,1.0
621,797,2004-05-27,1.0
42,784,2004-05-27,1.0
605,337,2004-05-27,1.0
1463,1281,2004-05-27,1.0
52,105,2004-05-27,1.0
389,830,2004-05-27,1.0
52,1042,2004-05-27,1.0
986,346,2004-05-27,1.0
986,296,2004-05-27,1.0
843,1406,2004-05-27,1.0
334,540,2004-05-27,1.0
1393,332,2004-05-27,1.0
135,42,2004-05-27,1.0
1338,252,2004-05-27,1.0
770,683,2004-05-27,1.0
1189,843,2004-05-27,1.0
626,1269,2004-05-27,1.0
1189,626,2004-05-27,1.0
958,704,2004-05-27,1.0
1415,1425,2004-05-27,1.0
770,1021,2004-05-27,1.0
770,1248,2004-05-27,1.0
1269,626,2004-05-27,1.0
1272,1403,2004-05-27,1.0
586,1391,2004-05-27,1.0
770,135,2004-05-27,1.0
770,523,2004-05-27,1.0
770,1196,2004-05-27,1.0
1269,1459,2004-05-27,1.0
1269,887,2004-05-27,1.0
1269,380,2004-05-27,1.0
1269,1232,2004-05-27,1.0
1189,238,2004-05-27,1.0
1269,1316,2004-05-27,1.0
1269,96,2004-05-27,1.0
1269,457,2004-05-27,1.0
1269,86,2004-05-27,1.0
1269,166,2004-05-27,1.0
1269,1460,2004-05-27,1.0
1269,8,2004-05-27,1.0
1269,101,2004-05-27,1.0
1269,36,2004-05-27,1.0
1179,596,2004-05-27,1.0
706,740,2004-05-27,1.0
204,1269,2004-05-27,1.0
42,135,2004-05-27,1.0
105,1027,2004-05-27,1.0
1189,714,2004-05-27,1.0
1174,63,2004-05-27,1.0
1425,1415,2004-05-27,1.0
249,523,2004-05-27,1.0
297,254,2004-05-27,1.0
57,596,2004-05-27,1.0
770,204,2004-05-27,1.0
1274,792,2004-05-27,1.0
1269,204,2004-05-27,1.0
254,297,2004-05-27,1.0
36,1269,2004-05-27,1.0
36,189,2004-05-27,1.0
770,1103,2004-05-27,1.0
1382,710,2004-05-27,1.0
800,706,2004-05-27,1.0
938,733,2004-05-27,1.0
465,398,2004-05-27,1.0
540,502,2004-05-27,1.0
1269,1458,2004-05-27,1.0
367,317,2004-05-27,1.0
353,1062,2004-05-27,1.0
704,712,2004-05-27,1.0
105,367,2004-05-27,1.0
63,1174,2004-05-27,1.0
771,1406,2004-05-27,1.0
706,840,2004-05-27,1.0
317,367,2004-05-27,1.0
1018,1217,2004-05-27,1.0
706,63,2004-05-27,1.0
706,523,2004-05-27,1.0
1241,840,2004-05-27,1.0
1434,725,2004-05-27,1.0
367,105,2004-05-27,1.0
1434,1110,2004-05-27,1.0
189,307,2004-05-27,1.0
1062,1455,2004-05-27,1.0
1062,1444,2004-05-27,1.0
598,342,2004-05-27,1.0
224,1402,2004-05-27,1.0
1402,224,2004-05-27,1.0
431,738,2004-05-27,1.0
1365,1393,2004-05-27,1.0
1269,1372,2004-05-27,1.0
204,509,2004-05-27,1.0
204,1239,2004-05-27,1.0
1269,371,2004-05-27,1.0
1269,818,2004-05-27,1.0
1269,764,2004-05-27,1.0
1269,52,2004-05-27,1.0
1269,544,2004-05-27,1.0
1269,987,2004-05-27,1.0
1269,123,2004-05-27,1.0
1269,1142,2004-05-27,1.0
1269,1092,2004-05-27,1.0
1269,1053,2004-05-27,1.0
1269,1457,2004-05-27,1.0
249,547,2004-05-27,1.0
706,990,2004-05-27,1.0
1434,865,2004-05-27,1.0
547,249,2004-05-27,1.0
523,249,2004-05-27,1.0
1434,881,2004-05-27,1.0
1280,725,2004-05-27,1.0
1269,635,2004-05-27,1.0
1269,1452,2004-05-27,1.0
1269,1456,2004-05-27,1.0
1269,932,2004-05-27,1.0
1269,530,2004-05-27,1.0
1062,1453,2004-05-27,1.0
576,1189,2004-05-27,1.0
626,1189,2004-05-27,1.0
342,626,2004-05-27,1.0
871,1223,2004-05-27,1.0
128,1153,2004-05-27,1.0
358,847,2004-05-27,1.0
252,433,2004-05-27,1.0
252,389,2004-05-27,1.0
626,342,2004-05-27,1.0
781,1461,2004-05-27,1.0
1223,1269,2004-05-27,1.0
1281,1373,2004-05-27,1.0
1280,1189,2004-05-27,1.0
1189,1280,2004-05-27,1.0
323,42,2004-05-27,1.0
431,617,2004-05-27,1.0
615,823,2004-05-27,1.0
19,220,2004-05-27,1.0
823,1369,2004-05-27,1.0
823,498,2004-05-27,1.0
1373,341,2004-05-27,1.0
1423,341,2004-05-27,1.0
105,871,2004-05-27,1.0
1438,277,2004-05-27,1.0
542,697,2004-05-27,1.0
1045,1026,2004-05-27,1.0
823,80,2004-05-27,1.0
1271,477,2004-05-27,1.0
398,465,2004-05-27,1.0
1294,903,2004-05-27,1.0
725,1280,2004-05-27,1.0
1241,713,2004-05-27,1.0
823,615,2004-05-27,1.0
740,706,2004-05-27,1.0
709,1391,2004-05-27,1.0
823,1113,2004-05-27,1.0
709,517,2004-05-27,1.0
36,985,2004-05-27,1.0
1291,610,2004-05-27,1.0
128,706,2004-05-27,1.0
128,502,2004-05-27,1.0
1440,1183,2004-05-27,1.0
1440,288,2004-05-27,1.0
105,1372,2004-05-27,1.0
713,1241,2004-05-27,1.0
713,372,2004-05-27,1.0
105,576,2004-05-27,1.0
1283,1373,2004-05-27,1.0
342,598,2004-05-27,1.0
615,1425,2004-05-27,1.0
893,993,2004-05-27,1.0
1189,576,2004-05-27,1.0
346,204,2004-05-27,1.0
640,784,2004-05-27,1.0
1189,437,2004-05-27,1.0
640,1402,2004-05-27,1.0
1089,765,2004-05-27,1.0
576,105,2004-05-27,1.0
1402,640,2004-05-27,1.0
1235,52,2004-05-27,1.0
1403,1335,2004-05-27,1.0
1403,781,2004-05-27,1.0
1403,1272,2004-05-27,1.0
1181,296,2004-05-27,1.0
704,958,2004-05-27,1.0
105,454,2004-05-27,1.0
1236,706,2004-05-27,1.0
105,439,2004-05-27,1.0
1033,576,2004-05-27,1.0
67,1338,2004-05-27,1.0
1089,1365,2004-05-27,1.0
1138,296,2004-05-27,1.0
12,1118,2004-05-27,1.0
176,1302,2004-05-27,1.0
1291,1281,2004-05-27,1.0
81,176,2004-05-27,1.0
9,32,2004-05-27,1.0
118,193,2004-05-27,1.0
1283,1260,2004-05-27,1.0
1260,1283,2004-05-27,1.0
1032,783,2004-05-27,1.0
12,118,2004-05-27,1.0
1281,1291,2004-05-27,1.0
12,1281,2004-05-27,1.0
1283,1281,2004-05-27,1.0
302,118,2004-05-27,1.0
9,1401,2004-05-27,1.0
9,317,2004-05-27,1.0
1302,645,2004-05-27,1.0
725,1260,2004-05-27,1.0
9,1281,2004-05-27,1.0
733,928,2004-05-27,1.0
783,1032,2004-05-27,1.0
1236,176,2004-05-27,1.0
176,81,2004-05-27,1.0
1302,176,2004-05-27,1.0
1260,725,2004-05-27,1.0
481,1402,2004-05-27,1.0
1271,63,2004-05-27,1.0
697,425,2004-05-27,1.0
871,68,2004-05-27,1.0
1026,615,2004-05-27,1.0
105,831,2004-05-27,1.0
1326,1426,2004-05-27,1.0
342,1302,2004-05-27,1.0
1429,1281,2004-05-27,1.0
733,128,2004-05-27,1.0
546,532,2004-05-27,1.0
546,542,2004-05-27,1.0
1236,544,2004-05-27,1.0
1326,1268,2004-05-27,1.0
704,1423,2004-05-27,1.0
645,1302,2004-05-27,1.0
42,1308,2004-05-27,1.0
68,1402,2004-05-27,1.0
1308,42,2004-05-27,1.0
42,1428,2004-05-27,1.0
415,997,2004-05-27,1.0
1236,769,2004-05-27,1.0
997,415,2004-05-27,1.0
738,128,2004-05-27,1.0
997,1413,2004-05-27,1.0
997,1425,2004-05-27,1.0
733,1426,2004-05-27,1.0
9,1423,2004-05-27,1.0
425,697,2004-05-27,1.0
9,1332,2004-05-27,1.0
1423,176,2004-05-27,1.0
733,475,2004-05-27,1.0
176,1423,2004-05-27,1.0
350,626,2004-05-27,1.0
1236,1413,2004-05-27,1.0
425,1402,2004-05-27,1.0
307,189,2004-05-27,1.0
425,1103,2004-05-27,1.0
733,502,2004-05-27,1.0
1302,29,2004-05-27,1.0
1153,475,2004-05-27,1.0
733,783,2004-05-27,1.0
1413,997,2004-05-27,1.0
733,1302,2004-05-27,1.0
1402,68,2004-05-27,1.0
454,1127,2004-05-27,1.0
1402,425,2004-05-27,1.0
9,598,2004-05-27,1.0
1427,1424,2004-05-27,1.0
1427,575,2004-05-27,1.0
1295,1117,2004-05-27,1.0
67,1427,2004-05-27,1.0
1423,1292,2004-05-27,1.0
3,1110,2004-05-27,1.0
19,1260,2004-05-27,1.0
1373,1283,2004-05-27,1.0
615,1190,2004-05-27,1.0
19,711,2004-05-27,1.0
1260,19,2004-05-27,1.0
615,1026,2004-05-27,1.0
1142,42,2004-05-27,1.0
615,1241,2004-05-27,1.0
42,1142,2004-05-27,1.0
1117,1295,2004-05-27,1.0
681,617,2004-05-27,1.0
1373,1295,2004-05-27,1.0
142,1281,2004-05-27,1.0
706,1241,2004-05-27,1.0
544,923,2004-05-27,1.0
725,859,2004-05-27,1.0
1113,840,2004-05-27,1.0
1137,67,2004-05-27,1.0
546,437,2004-05-27,1.0
542,546,2004-05-27,1.0
792,131,2004-05-27,1.0
1241,277,2004-05-27,1.0
249,1421,2004-05-27,1.0
704,605,2004-05-27,1.0
1359,1399,2004-05-27,1.0
1359,1335,2004-05-27,1.0
719,1036,2004-05-27,1.0
1091,876,2004-05-27,1.0
753,1373,2004-05-27,1.0
1326,952,2004-05-27,1.0
249,1260,2004-05-27,1.0
366,346,2004-05-27,1.0
431,1091,2004-05-27,1.0
719,1420,2004-05-27,1.0
525,19,2004-05-27,1.0
67,1430,2004-05-27,1.0
1399,1335,2004-05-27,1.0
1399,1359,2004-05-27,1.0
1255,1231,2004-05-27,1.0
260,830,2004-05-27,1.0
366,1349,2004-05-27,1.0
431,1117,2004-05-27,1.0
1215,398,2004-05-27,1.0
1189,1417,2004-05-27,1.0
1241,1219,2004-05-27,1.0
1110,63,2004-05-27,1.0
249,1376,2004-05-27,1.0
277,1241,2004-05-27,1.0
249,1430,2004-05-27,1.0
1190,393,2004-05-27,1.0
1295,1373,2004-05-27,1.0
1395,994,2004-05-27,1.0
824,774,2004-05-27,1.0
706,128,2004-05-27,1.0
193,118,2004-05-27,1.0
1395,704,2004-05-27,1.0
799,994,2004-05-27,1.0
353,645,2004-05-27,1.0
1004,128,2004-05-27,1.0
923,544,2004-05-27,1.0
835,1283,2004-05-27,1.0
733,544,2004-05-27,1.0
824,731,2004-05-27,1.0
1395,32,2004-05-27,1.0
19,1430,2004-05-27,1.0
706,1397,2004-05-27,1.0
532,546,2004-05-27,1.0
128,738,2004-05-27,1.0
1260,645,2004-05-27,1.0
353,725,2004-05-27,1.0
725,353,2004-05-27,1.0
704,1395,2004-05-27,1.0
120,118,2004-05-27,1.0
63,1271,2004-05-27,1.0
63,1110,2004-05-27,1.0
645,1260,2004-05-27,1.0
903,1294,2004-05-27,1.0
645,353,2004-05-27,1.0
1236,392,2004-05-27,1.0
1236,481,2004-05-27,1.0
1283,538,2004-05-27,1.0
12,1402,2004-05-27,1.0
1283,738,2004-05-27,1.0
342,239,2004-05-27,1.0
783,1113,2004-05-27,1.0
342,783,2004-05-27,1.0
617,103,2004-05-27,1.0
124,1234,2004-05-27,1.0
342,1097,2004-05-27,1.0
12,711,2004-05-27,1.0
124,1402,2004-05-27,1.0
1402,124,2004-05-27,1.0
1283,835,2004-05-27,1.0
160,639,2004-05-27,1.0
1234,124,2004-05-27,1.0
32,1211,2004-05-27,1.0
1117,856,2004-05-27,1.0
1113,783,2004-05-27,1.0
1268,823,2004-05-27,1.0
1214,933,2004-05-27,1.0
1421,1328,2004-05-27,1.0
1421,175,2004-05-27,1.0
42,353,2004-05-27,1.0
878,1417,2004-05-27,1.0
754,903,2004-05-27,1.0
42,538,2004-05-27,1.0
994,799,2004-05-27,1.0
9,1420,2004-05-27,1.0
9,1402,2004-05-27,1.0
823,1268,2004-05-27,1.0
12,1214,2004-05-27,1.0
468,1420,2004-05-27,1.0
594,1038,2004-05-27,1.0
642,963,2004-05-27,1.0
1044,1402,2004-05-27,1.0
1393,1364,2004-05-27,1.0
1422,1021,2004-05-27,1.0
652,394,2004-05-27,1.0
741,758,2004-05-27,1.0
1281,1006,2004-05-27,1.0
1235,1402,2004-05-27,1.0
1364,1393,2004-05-27,1.0
1235,1393,2004-05-27,1.0
1281,679,2004-05-27,1.0
1281,1374,2004-05-27,1.0
1113,323,2004-05-27,1.0
1290,1402,2004-05-27,1.0
1236,1237,2004-05-27,1.0
954,103,2004-05-27,1.0
1236,912,2004-05-27,1.0
1231,704,2004-05-27,1.0
1236,1026,2004-05-27,1.0
1236,1374,2004-05-27,1.0
1021,970,2004-05-27,1.0
1038,576,2004-05-27,1.0
1373,1306,2004-05-27,1.0
1038,594,2004-05-27,1.0
1236,615,2004-05-27,1.0
942,1118,2004-05-27,1.0
1118,942,2004-05-27,1.0
942,1422,2004-05-27,1.0
12,175,2004-05-27,1.0
1402,1235,2004-05-27,1.0
545,592,2004-05-27,1.0
942,42,2004-05-27,1.0
1044,758,2004-05-27,1.0
1393,1365,2004-05-27,1.0
124,97,2004-05-27,1.0
1328,1421,2004-05-27,1.0
1310,679,2004-05-27,1.0
1236,1006,2004-05-27,1.0
799,32,2004-05-27,1.0
32,799,2004-05-27,1.0
12,834,2004-05-27,1.0
994,596,2004-05-27,1.0
1387,1313,2004-05-27,1.0
1339,822,2004-05-27,1.0
1190,615,2004-05-27,1.0
191,1420,2004-05-27,1.0
220,88,2004-05-27,1.0
1105,1409,2004-05-27,1.0
309,1421,2004-05-27,1.0
569,1335,2004-05-27,1.0
679,1281,2004-05-27,1.0
679,1310,2004-05-27,1.0
1404,740,2004-05-27,1.0
9,1050,2004-05-27,1.0
1335,1359,2004-05-27,1.0
919,874,2004-05-27,1.0
822,1339,2004-05-27,1.0
856,1117,2004-05-27,1.0
422,386,2004-05-27,1.0
398,354,2004-05-27,1.0
733,1376,2004-05-27,1.0
679,398,2004-05-27,1.0
398,679,2004-05-27,1.0
733,938,2004-05-27,1.0
393,1190,2004-05-27,1.0
871,1376,2004-05-27,1.0
1402,642,2004-05-27,1.0
1376,714,2004-05-27,1.0
731,824,2004-05-27,1.0
354,398,2004-05-27,1.0
733,1260,2004-05-27,1.0
32,1395,2004-05-27,1.0
734,605,2004-05-27,1.0
994,639,2004-05-27,1.0
50,823,2004-05-27,1.0
128,557,2004-05-27,1.0
483,398,2004-05-27,1.0
994,315,2004-05-27,1.0
42,1005,2004-05-27,1.0
12,1420,2004-05-27,1.0
994,1402,2004-05-27,1.0
994,993,2004-05-27,1.0
1402,994,2004-05-27,1.0
596,994,2004-05-27,1.0
576,1393,2004-05-27,1.0
1066,1072,2004-05-27,1.0
1424,575,2004-05-27,1.0
1424,1167,2004-05-27,1.0
642,1402,2004-05-27,1.0
302,128,2004-05-27,1.0
128,302,2004-05-27,1.0
175,1421,2004-05-27,1.0
394,652,2004-05-27,1.0
1005,42,2004-05-27,1.0
840,1113,2004-05-27,1.0
605,704,2004-05-27,1.0
342,1431,2004-05-27,1.0
296,1339,2004-05-27,1.0
194,296,2004-05-27,1.0
753,1433,2004-05-27,1.0
1236,296,2004-05-27,1.0
712,1398,2004-05-27,1.0
1416,1138,2004-05-27,1.0
874,919,2004-05-27,1.0
1069,542,2004-05-27,1.0
1339,296,2004-05-27,1.0
105,1406,2004-05-27,1.0
1433,753,2004-05-27,1.0
249,1138,2004-05-27,1.0
220,19,2004-05-27,1.0
53,1118,2004-05-27,1.0
983,1325,2004-05-27,1.0
463,609,2004-05-27,1.0
1335,1403,2004-05-27,1.0
1439,1354,2004-05-27,1.0
53,1138,2004-05-27,1.0
1325,983,2004-05-27,1.0
770,463,2004-05-27,1.0
194,356,2004-05-27,1.0
194,642,2004-05-27,1.0
1231,1286,2004-05-27,1.0
194,1279,2004-05-27,1.0
1231,1359,2004-05-27,1.0
1113,1306,2004-05-27,1.0
194,498,2004-05-27,1.0
1335,1117,2004-05-27,1.0
1416,502,2004-05-27,1.0
254,605,2004-05-27,1.0
296,1138,2004-05-27,1.0
249,596,2004-05-27,1.0
101,176,2004-05-27,1.0
507,1402,2004-05-27,1.0
605,254,2004-05-27,1.0
1325,1340,2004-05-27,1.0
871,463,2004-05-27,1.0
224,605,2004-05-27,1.0
1290,605,2004-05-27,1.0
176,101,2004-05-27,1.0
1236,479,2004-05-27,1.0
101,190,2004-05-27,1.0
12,366,2004-05-27,1.0
128,1354,2004-05-27,1.0
9,1338,2004-05-27,1.0
1359,1231,2004-05-27,1.0
1236,914,2004-05-27,1.0
1402,1044,2004-05-27,1.0
1354,128,2004-05-27,1.0
1402,357,2004-05-27,1.0
1398,712,2004-05-27,1.0
1236,327,2004-05-27,1.0
609,463,2004-05-27,1.0
105,605,2004-05-27,1.0
1286,1231,2004-05-27,1.0
9,366,2004-05-27,1.0
41,913,2004-05-27,1.0
1021,1422,2004-05-27,1.0
1379,118,2004-05-27,1.0
840,1340,2004-05-27,1.0
1138,249,2004-05-27,1.0
1443,1033,2004-05-27,1.0
733,903,2004-05-27,1.0
317,398,2004-05-27,1.0
1021,1285,2004-05-27,1.0
1117,1335,2004-05-27,1.0
733,1338,2004-05-27,1.0
770,840,2004-05-27,1.0
1444,1445,2004-05-27,1.0
1402,322,2004-05-27,1.0
840,706,2004-05-27,1.0
840,1441,2004-05-27,1.0
733,1306,2004-05-27,1.0
1413,792,2004-05-27,1.0
733,987,2004-05-27,1.0
322,1402,2004-05-27,1.0
322,1127,2004-05-27,1.0
194,1362,2004-05-27,1.0
1339,474,2004-05-27,1.0
1183,1440,2004-05-27,1.0
1211,1437,2004-05-27,1.0
318,1127,2004-05-27,1.0
67,938,2004-05-27,1.0
1416,475,2004-05-27,1.0
598,603,2004-05-27,1.0
53,1283,2004-05-27,1.0
994,1395,2004-05-27,1.0
249,725,2004-05-27,1.0
1295,1283,2004-05-27,1.0
1434,131,2004-05-27,1.0
1338,479,2004-05-27,1.0
870,598,2004-05-27,1.0
346,366,2004-05-27,1.0
1283,1295,2004-05-27,1.0
1285,1273,2004-05-27,1.0
357,152,2004-05-27,1.0
598,128,2004-05-27,1.0
711,1373,2004-05-27,1.0
1262,1417,2004-05-27,1.0
131,792,2004-05-27,1.0
254,1039,2004-05-27,1.0
342,495,2004-05-27,1.0
357,1169,2004-05-27,1.0
249,44,2004-05-27,1.0
357,1402,2004-05-27,1.0
598,870,2004-05-27,1.0
598,488,2004-05-27,1.0
667,1402,2004-05-27,1.0
128,1004,2004-05-27,1.0
1435,667,2004-05-27,1.0
598,1093,2004-05-27,1.0
598,645,2004-05-27,1.0
1033,1377,2004-05-27,1.0
1287,1083,2004-05-27,1.0
128,172,2004-05-27,1.0
986,725,2004-05-27,1.0
1338,193,2004-05-27,1.0
986,124,2004-05-27,1.0
598,794,2004-05-27,1.0
667,1435,2004-05-27,1.0
1268,1326,2004-05-27,1.0
1285,1021,2004-05-27,1.0
615,1181,2004-05-27,1.0
1434,27,2004-05-27,1.0
1219,1241,2004-05-27,1.0
1373,753,2004-05-27,1.0
753,719,2004-05-27,1.0
719,753,2004-05-27,1.0
617,734,2004-05-27,1.0
605,734,2004-05-27,1.0
53,1432,2004-05-27,1.0
80,823,2004-05-27,1.0
1036,719,2004-05-27,1.0
105,463,2004-05-27,1.0
1312,1091,2004-05-27,1.0
1393,1427,2004-05-27,1.0
181,495,2004-05-27,1.0
635,1262,2004-05-27,1.0
407,378,2004-05-27,1.0
101,243,2004-05-27,1.0
1181,615,2004-05-27,1.0
128,598,2004-05-27,1.0
1373,711,2004-05-27,1.0
819,822,2004-05-27,1.0
1283,987,2004-05-27,1.0
463,469,2004-05-27,1.0
29,1302,2004-05-27,1.0
1281,1429,2004-05-27,1.0
463,105,2004-05-27,1.0
463,1185,2004-05-27,1.0
830,260,2004-05-27,1.0
463,327,2004-05-27,1.0
704,617,2004-05-27,1.0
598,1006,2004-05-27,1.0
1292,1423,2004-05-27,1.0
1416,1413,2004-05-27,1.0
1403,704,2004-05-27,1.0
1138,124,2004-05-27,1.0
474,1339,2004-05-27,1.0
502,598,2004-05-27,1.0
1138,995,2004-05-27,1.0
1402,667,2004-05-27,1.0
1402,481,2004-05-27,1.0
498,649,2004-05-27,1.0
1184,32,2004-05-27,1.0
1338,353,2004-05-27,1.0
297,283,2004-05-27,1.0
704,1403,2004-05-27,1.0
1383,1283,2004-05-27,1.0
598,1377,2004-05-27,1.0
1437,341,2004-05-27,1.0
1290,596,2004-05-27,1.0
598,27,2004-05-27,1.0
598,1403,2004-05-27,1.0
1434,155,2004-05-27,1.0
1403,598,2004-05-27,1.0
794,598,2004-05-27,1.0
502,1189,2004-05-27,1.0
1435,1033,2004-05-27,1.0
1033,1435,2004-05-27,1.0
1338,9,2004-05-27,1.0
1436,361,2004-05-27,1.0
598,325,2004-05-27,1.0
1434,498,2004-05-27,1.0
341,1132,2004-05-27,1.0
1377,1033,2004-05-27,1.0
172,128,2004-05-27,1.0
598,475,2004-05-27,1.0
598,502,2004-05-27,1.0
27,598,2004-05-27,1.0
1365,116,2004-05-27,1.0
53,1438,2004-05-27,1.0
1006,598,2004-05-27,1.0
249,1006,2004-05-27,1.0
822,400,2004-05-27,1.0
1211,32,2004-05-27,1.0
1103,425,2004-05-27,1.0
475,598,2004-05-27,1.0
249,783,2004-05-27,1.0
1285,598,2004-05-27,1.0
243,100,2004-05-27,1.0
1138,1367,2004-05-27,1.0
204,611,2004-05-28,1.0
152,993,2004-05-28,1.0
993,152,2004-05-28,1.0
1406,1421,2004-05-28,1.0
545,421,2004-05-28,1.0
421,545,2004-05-28,1.0
778,570,2004-05-28,1.0
1118,632,2004-05-28,1.0
254,482,2004-05-28,1.0
778,517,2004-05-28,1.0
1340,840,2004-05-28,1.0
1463,50,2004-05-28,1.0
306,272,2004-05-28,1.0
249,1470,2004-05-28,1.0
204,1415,2004-05-28,1.0
12,599,2004-05-28,1.0
1189,346,2004-05-28,1.0
338,1302,2004-05-28,1.0
250,544,2004-05-28,1.0
263,1298,2004-05-28,1.0
482,283,2004-05-28,1.0
454,1326,2004-05-28,1.0
482,97,2004-05-28,1.0
817,1472,2004-05-28,1.0
482,260,2004-05-28,1.0
482,41,2004-05-28,1.0
482,477,2004-05-28,1.0
482,269,2004-05-28,1.0
482,263,2004-05-28,1.0
482,281,2004-05-28,1.0
482,325,2004-05-28,1.0
482,272,2004-05-28,1.0
482,248,2004-05-28,1.0
482,184,2004-05-28,1.0
810,1412,2004-05-28,1.0
792,912,2004-05-28,1.0
704,288,2004-05-28,1.0
482,332,2004-05-28,1.0
263,377,2004-05-28,1.0
423,315,2004-05-28,1.0
1472,817,2004-05-28,1.0
495,1213,2004-05-28,1.0
176,1474,2004-05-28,1.0
323,88,2004-05-28,1.0
315,993,2004-05-28,1.0
1480,97,2004-05-28,1.0
495,1433,2004-05-28,1.0
315,778,2004-05-28,1.0
1373,354,2004-05-28,1.0
1401,794,2004-05-28,1.0
993,315,2004-05-28,1.0
298,323,2004-05-28,1.0
389,640,2004-05-28,1.0
482,8,2004-05-28,1.0
495,172,2004-05-28,1.0
315,994,2004-05-28,1.0
495,1367,2004-05-28,1.0
261,835,2004-05-28,1.0
831,1449,2004-05-28,1.0
42,538,2004-05-28,1.0
555,1449,2004-05-28,1.0
1034,379,2004-05-28,1.0
502,942,2004-05-28,1.0
42,1354,2004-05-28,1.0
1402,993,2004-05-28,1.0
794,1401,2004-05-28,1.0
128,1413,2004-05-28,1.0
105,1118,2004-05-28,1.0
1113,990,2004-05-28,1.0
357,1431,2004-05-28,1.0
1479,523,2004-05-28,1.0
1033,463,2004-05-28,1.0
792,1413,2004-05-28,1.0
1480,638,2004-05-28,1.0
778,315,2004-05-28,1.0
323,482,2004-05-28,1.0
495,649,2004-05-28,1.0
323,1449,2004-05-28,1.0
67,809,2004-05-28,1.0
482,101,2004-05-28,1.0
204,1269,2004-05-28,1.0
204,482,2004-05-28,1.0
799,1475,2004-05-28,1.0
1383,749,2004-05-28,1.0
1328,1476,2004-05-28,1.0
128,353,2004-05-28,1.0
1425,27,2004-05-28,1.0
204,346,2004-05-28,1.0
389,830,2004-05-28,1.0
346,1453,2004-05-28,1.0
67,52,2004-05-28,1.0
1476,1069,2004-05-28,1.0
42,1477,2004-05-28,1.0
454,1369,2004-05-28,1.0
42,135,2004-05-28,1.0
1476,1012,2004-05-28,1.0
204,212,2004-05-28,1.0
105,52,2004-05-28,1.0
1042,681,2004-05-28,1.0
1406,468,2004-05-28,1.0
1113,437,2004-05-28,1.0
639,160,2004-05-28,1.0
639,994,2004-05-28,1.0
160,639,2004-05-28,1.0
864,993,2004-05-28,1.0
52,1269,2004-05-28,1.0
52,497,2004-05-28,1.0
341,1423,2004-05-28,1.0
749,52,2004-05-28,1.0
1269,52,2004-05-28,1.0
52,762,2004-05-28,1.0
144,645,2004-05-28,1.0
52,749,2004-05-28,1.0
1118,308,2004-05-28,1.0
561,1177,2004-05-28,1.0
639,749,2004-05-28,1.0
128,639,2004-05-28,1.0
1042,52,2004-05-28,1.0
204,1224,2004-05-28,1.0
198,101,2004-05-28,1.0
198,1321,2004-05-28,1.0
932,1269,2004-05-28,1.0
272,306,2004-05-28,1.0
903,1294,2004-05-28,1.0
272,632,2004-05-28,1.0
919,603,2004-05-28,1.0
220,224,2004-05-28,1.0
1340,1478,2004-05-28,1.0
482,212,2004-05-28,1.0
372,1412,2004-05-28,1.0
1402,497,2004-05-28,1.0
1402,482,2004-05-28,1.0
1089,1412,2004-05-28,1.0
350,343,2004-05-28,1.0
778,439,2004-05-28,1.0
540,1349,2004-05-28,1.0
1349,540,2004-05-28,1.0
544,1269,2004-05-28,1.0
1269,544,2004-05-28,1.0
105,1421,2004-05-28,1.0
1235,52,2004-05-28,1.0
105,794,2004-05-28,1.0
1190,1287,2004-05-28,1.0
1449,1421,2004-05-28,1.0
714,97,2004-05-28,1.0
536,778,2004-05-28,1.0
67,901,2004-05-28,1.0
1367,1412,2004-05-28,1.0
1412,1365,2004-05-28,1.0
1412,1367,2004-05-28,1.0
277,497,2004-05-28,1.0
454,778,2004-05-28,1.0
52,67,2004-05-28,1.0
9,142,2004-05-28,1.0
1187,1060,2004-05-28,1.0
392,1295,2004-05-28,1.0
504,353,2004-05-28,1.0
1142,1227,2004-05-28,1.0
105,621,2004-05-28,1.0
353,504,2004-05-28,1.0
1,312,2004-05-28,1.0
257,298,2004-05-28,1.0
1142,1320,2004-05-28,1.0
298,257,2004-05-28,1.0
1142,312,2004-05-28,1.0
1127,1169,2004-05-28,1.0
547,1127,2004-05-28,1.0
358,847,2004-05-28,1.0
1214,933,2004-05-28,1.0
1183,991,2004-05-28,1.0
1183,824,2004-05-28,1.0
544,511,2004-05-28,1.0
67,1260,2004-05-28,1.0
1383,1127,2004-05-28,1.0
536,993,2004-05-28,1.0
1387,357,2004-05-28,1.0
257,142,2004-05-28,1.0
212,1289,2004-05-28,1.0
1248,1323,2004-05-28,1.0
532,765,2004-05-28,1.0
532,882,2004-05-28,1.0
800,1072,2004-05-28,1.0
933,1214,2004-05-28,1.0
1474,1375,2004-05-28,1.0
463,609,2004-05-28,1.0
598,1474,2004-05-28,1.0
609,463,2004-05-28,1.0
352,309,2004-05-28,1.0
315,263,2004-05-28,1.0
1142,1287,2004-05-28,1.0
1328,627,2004-05-28,1.0
1328,840,2004-05-28,1.0
263,315,2004-05-28,1.0
1344,1312,2004-05-28,1.0
797,1142,2004-05-28,1.0
586,481,2004-05-28,1.0
993,536,2004-05-28,1.0
250,1453,2004-05-28,1.0
250,1420,2004-05-28,1.0
1402,1213,2004-05-28,1.0
1387,12,2004-05-28,1.0
1461,1253,2004-05-28,1.0
1280,1287,2004-05-28,1.0
871,260,2004-05-28,1.0
831,325,2004-05-28,1.0
199,1364,2004-05-28,1.0
578,6,2004-05-28,1.0
847,358,2004-05-28,1.0
72,1039,2004-05-28,1.0
252,766,2004-05-28,1.0
542,352,2004-05-28,1.0
864,990,2004-05-28,1.0
1422,1021,2004-05-28,1.0
536,749,2004-05-28,1.0
481,586,2004-05-28,1.0
12,142,2004-05-28,1.0
9,766,2004-05-28,1.0
32,482,2004-05-28,1.0
1142,1368,2004-05-28,1.0
1142,797,2004-05-28,1.0
1364,1393,2004-05-28,1.0
1158,1072,2004-05-28,1.0
511,544,2004-05-28,1.0
454,1269,2004-05-28,1.0
1169,1127,2004-05-28,1.0
1183,1482,2004-05-28,1.0
1340,1326,2004-05-28,1.0
439,778,2004-05-28,1.0
1463,373,2004-05-28,1.0
991,358,2004-05-28,1.0
346,838,2004-05-28,1.0
358,991,2004-05-28,1.0
1421,1449,2004-05-28,1.0
1244,131,2004-05-28,1.0
250,263,2004-05-28,1.0
1421,236,2004-05-28,1.0
105,439,2004-05-28,1.0
32,799,2004-05-28,1.0
809,67,2004-05-28,1.0
12,343,2004-05-28,1.0
325,482,2004-05-28,1.0
212,263,2004-05-28,1.0
1246,456,2004-05-28,1.0
1409,1105,2004-05-28,1.0
431,544,2004-05-28,1.0
1313,507,2004-05-28,1.0
765,1328,2004-05-28,1.0
398,465,2004-05-28,1.0
638,1480,2004-05-28,1.0
317,482,2004-05-28,1.0
342,638,2004-05-28,1.0
389,1472,2004-05-28,1.0
389,1438,2004-05-28,1.0
1189,482,2004-05-28,1.0
342,1039,2004-05-28,1.0
415,263,2004-05-28,1.0
687,1004,2004-05-28,1.0
308,263,2004-05-28,1.0
1402,1479,2004-05-28,1.0
984,318,2004-05-28,1.0
1328,765,2004-05-28,1.0
1328,391,2004-05-28,1.0
1328,239,2004-05-28,1.0
838,632,2004-05-28,1.0
1089,882,2004-05-28,1.0
1089,765,2004-05-28,1.0
1089,1367,2004-05-28,1.0
1089,1365,2004-05-28,1.0
871,1412,2004-05-28,1.0
777,514,2004-05-28,1.0
1349,366,2004-05-28,1.0
27,1425,2004-05-28,1.0
1127,318,2004-05-28,1.0
1127,1383,2004-05-28,1.0
1127,1137,2004-05-28,1.0
598,88,2004-05-28,1.0
1189,1187,2004-05-28,1.0
454,1127,2004-05-28,1.0
1269,1091,2004-05-28,1.0
317,315,2004-05-28,1.0
627,993,2004-05-28,1.0
627,1019,2004-05-28,1.0
1365,1412,2004-05-28,1.0
1365,1393,2004-05-28,1.0
840,1241,2004-05-28,1.0
309,352,2004-05-28,1.0
1326,1142,2004-05-28,1.0
1393,1365,2004-05-28,1.0
1189,1481,2004-05-28,1.0
447,224,2004-05-28,1.0
1037,595,2004-05-28,1.0
632,838,2004-05-28,1.0
1274,792,2004-05-28,1.0
1215,303,2004-05-28,1.0
792,1036,2004-05-28,1.0
706,740,2004-05-28,1.0
792,1274,2004-05-28,1.0
1189,305,2004-05-28,1.0
609,80,2004-05-28,1.0
1241,840,2004-05-28,1.0
1021,1449,2004-05-28,1.0
1375,1474,2004-05-28,1.0
1375,1269,2004-05-28,1.0
249,1217,2004-05-28,1.0
1269,1301,2004-05-28,1.0
1269,316,2004-05-28,1.0
1269,1039,2004-05-28,1.0
1269,437,2004-05-28,1.0
714,1400,2004-05-28,1.0
297,482,2004-05-28,1.0
1393,283,2004-05-28,1.0
297,497,2004-05-28,1.0
415,1433,2004-05-28,1.0
1393,1427,2004-05-28,1.0
654,224,2004-05-28,1.0
212,289,2004-05-28,1.0
475,1480,2004-05-28,1.0
1246,224,2004-05-28,1.0
249,402,2004-05-28,1.0
1236,706,2004-05-28,1.0
1021,1199,2004-05-28,1.0
1244,415,2004-05-28,1.0
1021,1422,2004-05-28,1.0
249,1021,2004-05-28,1.0
1365,643,2004-05-28,1.0
50,1190,2004-05-28,1.0
1438,502,2004-05-28,1.0
60,1184,2004-05-28,1.0
1018,1217,2004-05-28,1.0
704,302,2004-05-28,1.0
1154,800,2004-05-28,1.0
1354,128,2004-05-28,1.0
1402,224,2004-05-28,1.0
1402,105,2004-05-28,1.0
1440,43,2004-05-28,1.0
105,1402,2004-05-28,1.0
802,770,2004-05-28,1.0
398,1013,2004-05-28,1.0
43,1440,2004-05-28,1.0
398,105,2004-05-28,1.0
1113,495,2004-05-28,1.0
770,802,2004-05-28,1.0
809,257,2004-05-28,1.0
781,42,2004-05-28,1.0
1253,1461,2004-05-28,1.0
105,398,2004-05-28,1.0
835,261,2004-05-28,1.0
502,1438,2004-05-28,1.0
502,128,2004-05-28,1.0
732,1434,2004-05-28,1.0
128,32,2004-05-28,1.0
1425,986,2004-05-28,1.0
1184,60,2004-05-28,1.0
1217,242,2004-05-28,1.0
938,67,2004-05-28,1.0
1217,1018,2004-05-28,1.0
871,1217,2004-05-28,1.0
1438,639,2004-05-28,1.0
60,1463,2004-05-28,1.0
1312,105,2004-05-28,1.0
792,679,2004-05-28,1.0
1037,547,2004-05-28,1.0
679,792,2004-05-28,1.0
547,1434,2004-05-28,1.0
128,1354,2004-05-28,1.0
547,1037,2004-05-28,1.0
1280,497,2004-05-28,1.0
502,398,2004-05-28,1.0
502,540,2004-05-28,1.0
725,1280,2004-05-28,1.0
1463,32,2004-05-28,1.0
12,1118,2004-05-28,1.0
821,483,2004-05-28,1.0
1313,1434,2004-05-28,1.0
573,389,2004-05-28,1.0
1110,3,2004-05-28,1.0
1313,1312,2004-05-28,1.0
252,1338,2004-05-28,1.0
67,938,2004-05-28,1.0
252,389,2004-05-28,1.0
704,958,2004-05-28,1.0
1313,1387,2004-05-28,1.0
389,573,2004-05-28,1.0
389,252,2004-05-28,1.0
67,1338,2004-05-28,1.0
615,1425,2004-05-28,1.0
389,482,2004-05-28,1.0
42,781,2004-05-28,1.0
1190,62,2004-05-28,1.0
314,103,2004-05-28,1.0
42,323,2004-05-28,1.0
1181,317,2004-05-28,1.0
42,716,2004-05-28,1.0
797,544,2004-05-28,1.0
12,1387,2004-05-28,1.0
498,1470,2004-05-28,1.0
12,634,2004-05-28,1.0
12,282,2004-05-28,1.0
463,871,2004-05-28,1.0
3,495,2004-05-28,1.0
463,1185,2004-05-28,1.0
1377,1423,2004-05-28,1.0
63,1174,2004-05-28,1.0
63,1302,2004-05-28,1.0
497,52,2004-05-28,1.0
483,821,2004-05-28,1.0
504,1406,2004-05-28,1.0
1463,1469,2004-05-28,1.0
809,1354,2004-05-28,1.0
1463,60,2004-05-28,1.0
679,67,2004-05-28,1.0
704,617,2004-05-28,1.0
706,800,2004-05-28,1.0
1433,495,2004-05-28,1.0
706,128,2004-05-28,1.0
105,1338,2004-05-28,1.0
1269,1142,2004-05-28,1.0
706,1236,2004-05-28,1.0
1423,341,2004-05-28,1.0
1269,932,2004-05-28,1.0
504,1167,2004-05-28,1.0
1423,1377,2004-05-28,1.0
1136,739,2004-05-28,1.0
1402,1319,2004-05-28,1.0
224,8,2004-05-28,1.0
704,1467,2004-05-28,1.0
704,1468,2004-05-28,1.0
1013,398,2004-05-28,1.0
224,1402,2004-05-28,1.0
323,42,2004-05-28,1.0
32,1463,2004-05-28,1.0
986,620,2004-05-28,1.0
1319,1402,2004-05-28,1.0
103,617,2004-05-28,1.0
1446,841,2004-05-28,1.0
224,72,2004-05-28,1.0
1199,1021,2004-05-28,1.0
536,532,2004-05-28,1.0
1338,252,2004-05-28,1.0
1338,67,2004-05-28,1.0
540,334,2004-05-28,1.0
314,834,2004-05-28,1.0
32,128,2004-05-28,1.0
19,1435,2004-05-28,1.0
1338,105,2004-05-28,1.0
1338,283,2004-05-28,1.0
53,377,2004-05-28,1.0
1433,379,2004-05-28,1.0
1425,615,2004-05-28,1.0
1184,32,2004-05-28,1.0
482,389,2004-05-28,1.0
128,706,2004-05-28,1.0
711,257,2004-05-28,1.0
105,1463,2004-05-28,1.0
12,1338,2004-05-28,1.0
257,711,2004-05-28,1.0
9,1434,2004-05-28,1.0
32,792,2004-05-28,1.0
1280,725,2004-05-28,1.0
1373,341,2004-05-28,1.0
986,1425,2004-05-28,1.0
792,32,2004-05-28,1.0
1379,194,2004-05-28,1.0
1379,1434,2004-05-28,1.0
497,1280,2004-05-28,1.0
993,864,2004-05-28,1.0
770,114,2004-05-28,1.0
1375,357,2004-05-28,1.0
497,1352,2004-05-28,1.0
1312,1434,2004-05-28,1.0
799,32,2004-05-28,1.0
308,1463,2004-05-28,1.0
1463,308,2004-05-28,1.0
1312,1313,2004-05-28,1.0
1138,966,2004-05-28,1.0
615,1190,2004-05-28,1.0
128,797,2004-05-28,1.0
711,53,2004-05-28,1.0
128,502,2004-05-28,1.0
53,711,2004-05-28,1.0
317,626,2004-05-28,1.0
797,297,2004-05-28,1.0
1211,871,2004-05-28,1.0
1211,254,2004-05-28,1.0
297,797,2004-05-28,1.0
983,985,2004-05-28,1.0
53,54,2004-05-28,1.0
53,1042,2004-05-28,1.0
224,220,2004-05-28,1.0
1113,987,2004-05-28,1.0
546,460,2004-05-28,1.0
342,798,2004-05-28,1.0
389,1269,2004-05-28,1.0
342,797,2004-05-28,1.0
643,638,2004-05-28,1.0
503,352,2004-05-28,1.0
297,573,2004-05-28,1.0
643,1365,2004-05-28,1.0
1190,50,2004-05-28,1.0
573,297,2004-05-28,1.0
317,319,2004-05-28,1.0
297,254,2004-05-28,1.0
297,334,2004-05-28,1.0
297,283,2004-05-28,1.0
985,983,2004-05-28,1.0
797,1269,2004-05-28,1.0
794,1294,2004-05-28,1.0
325,1402,2004-05-28,1.0
297,1189,2004-05-28,1.0
778,306,2004-05-28,1.0
1474,176,2004-05-28,1.0
1246,547,2004-05-28,1.0
800,1154,2004-05-28,1.0
394,504,2004-05-28,1.0
379,1034,2004-05-28,1.0
1138,1416,2004-05-28,1.0
1269,1375,2004-05-28,1.0
797,128,2004-05-28,1.0
762,52,2004-05-28,1.0
626,1036,2004-05-28,1.0
638,643,2004-05-28,1.0
204,542,2004-05-28,1.0
102,1449,2004-05-28,1.0
1449,102,2004-05-28,1.0
1406,504,2004-05-28,1.0
1185,676,2004-05-28,1.0
1383,54,2004-05-28,1.0
378,407,2004-05-28,1.0
204,1381,2004-05-28,1.0
1167,504,2004-05-28,1.0
1190,615,2004-05-28,1.0
598,649,2004-05-28,1.0
204,797,2004-05-28,1.0
942,1422,2004-05-28,1.0
542,379,2004-05-28,1.0
3,1110,2004-05-28,1.0
598,298,2004-05-28,1.0
1371,643,2004-05-28,1.0
1271,1,2004-05-28,1.0
1434,298,2004-05-28,1.0
1215,102,2004-05-28,1.0
431,566,2004-05-28,1.0
1113,353,2004-05-28,1.0
484,913,2004-05-28,1.0
1463,1383,2004-05-28,1.0
53,1349,2004-05-28,1.0
878,1050,2004-05-28,1.0
778,128,2004-05-28,1.0
638,797,2004-05-28,1.0
302,704,2004-05-28,1.0
317,1281,2004-05-28,1.0
317,1168,2004-05-28,1.0
317,749,2004-05-28,1.0
12,569,2004-05-28,1.0
317,1181,2004-05-28,1.0
497,277,2004-05-28,1.0
42,950,2004-05-28,1.0
1416,1138,2004-05-28,1.0
497,1296,2004-05-28,1.0
777,377,2004-05-28,1.0
797,958,2004-05-28,1.0
797,1471,2004-05-28,1.0
792,1472,2004-05-28,1.0
797,974,2004-05-28,1.0
353,1113,2004-05-28,1.0
53,615,2004-05-28,1.0
1033,1281,2004-05-28,1.0
576,792,2004-05-28,1.0
460,546,2004-05-28,1.0
576,254,2004-05-28,1.0
792,576,2004-05-28,1.0
950,42,2004-05-28,1.0
276,792,2004-05-28,1.0
317,32,2004-05-28,1.0
42,353,2004-05-28,1.0
42,942,2004-05-28,1.0
42,1,2004-05-28,1.0
325,831,2004-05-28,1.0
797,260,2004-05-28,1.0
547,1246,2004-05-28,1.0
797,638,2004-05-28,1.0
792,276,2004-05-28,1.0
507,1313,2004-05-28,1.0
379,542,2004-05-28,1.0
1269,797,2004-05-28,1.0
871,463,2004-05-28,1.0
797,1473,2004-05-28,1.0
1272,1181,2004-05-28,1.0
1422,942,2004-05-28,1.0
298,598,2004-05-28,1.0
1416,502,2004-05-28,1.0
1142,194,2004-05-28,1.0
797,277,2004-05-28,1.0
679,88,2004-05-28,1.0
1142,733,2004-05-28,1.0
1,1271,2004-05-28,1.0
536,884,2004-05-28,1.0
990,706,2004-05-28,1.0
797,204,2004-05-28,1.0
544,797,2004-05-28,1.0
1416,306,2004-05-28,1.0
1235,52,2004-05-29,1.0
338,1302,2004-05-29,1.0
1493,1474,2004-05-29,1.0
1493,1449,2004-05-29,1.0
809,1494,2004-05-29,1.0
341,6,2004-05-29,1.0
1444,1168,2004-05-29,1.0
375,912,2004-05-29,1.0
536,993,2004-05-29,1.0
254,758,2004-05-29,1.0
101,198,2004-05-29,1.0
101,282,2004-05-29,1.0
536,1317,2004-05-29,1.0
809,542,2004-05-29,1.0
809,560,2004-05-29,1.0
993,536,2004-05-29,1.0
1244,1317,2004-05-29,1.0
1207,797,2004-05-29,1.0
1168,520,2004-05-29,1.0
1402,993,2004-05-29,1.0
497,1491,2004-05-29,1.0
1038,781,2004-05-29,1.0
32,799,2004-05-29,1.0
128,1381,2004-05-29,1.0
536,795,2004-05-29,1.0
1492,638,2004-05-29,1.0
871,250,2004-05-29,1.0
1339,1491,2004-05-29,1.0
421,1395,2004-05-29,1.0
1284,578,2004-05-29,1.0
32,52,2004-05-29,1.0
85,1236,2004-05-29,1.0
1105,1440,2004-05-29,1.0
643,1365,2004-05-29,1.0
643,1371,2004-05-29,1.0
298,323,2004-05-29,1.0
250,1056,2004-05-29,1.0
538,48,2004-05-29,1.0
847,358,2004-05-29,1.0
871,1491,2004-05-29,1.0
261,835,2004-05-29,1.0
1440,1105,2004-05-29,1.0
72,1253,2004-05-29,1.0
9,994,2004-05-29,1.0
1021,1422,2004-05-29,1.0
1103,1441,2004-05-29,1.0
9,654,2004-05-29,1.0
1018,1491,2004-05-29,1.0
1072,1158,2004-05-29,1.0
749,1383,2004-05-29,1.0
1393,1365,2004-05-29,1.0
509,1413,2004-05-29,1.0
1393,1492,2004-05-29,1.0
204,542,2004-05-29,1.0
509,1395,2004-05-29,1.0
1487,844,2004-05-29,1.0
704,1487,2004-05-29,1.0
67,809,2004-05-29,1.0
1413,509,2004-05-29,1.0
509,52,2004-05-29,1.0
681,52,2004-05-29,1.0
1496,824,2004-05-29,1.0
824,1496,2004-05-29,1.0
52,681,2004-05-29,1.0
509,364,2004-05-29,1.0
1281,1253,2004-05-29,1.0
1281,540,2004-05-29,1.0
809,1449,2004-05-29,1.0
357,1136,2004-05-29,1.0
520,1168,2004-05-29,1.0
257,298,2004-05-29,1.0
50,1496,2004-05-29,1.0
32,1497,2004-05-29,1.0
204,1227,2004-05-29,1.0
1321,198,2004-05-29,1.0
1393,1364,2004-05-29,1.0
204,645,2004-05-29,1.0
389,830,2004-05-29,1.0
576,1488,2004-05-29,1.0
1339,576,2004-05-29,1.0
272,306,2004-05-29,1.0
706,1236,2004-05-29,1.0
272,1296,2004-05-29,1.0
758,741,2004-05-29,1.0
598,488,2004-05-29,1.0
297,795,2004-05-29,1.0
297,738,2004-05-29,1.0
713,1476,2004-05-29,1.0
132,30,2004-05-29,1.0
713,1154,2004-05-29,1.0
713,1449,2004-05-29,1.0
358,847,2004-05-29,1.0
142,1415,2004-05-29,1.0
42,358,2004-05-29,1.0
1440,1495,2004-05-29,1.0
1158,1072,2004-05-29,1.0
172,1497,2004-05-29,1.0
1158,1498,2004-05-29,1.0
1291,252,2004-05-29,1.0
1072,370,2004-05-29,1.0
389,1472,2004-05-29,1.0
645,144,2004-05-29,1.0
1189,523,2004-05-29,1.0
864,993,2004-05-29,1.0
6,1020,2004-05-29,1.0
1246,224,2004-05-29,1.0
249,1485,2004-05-29,1.0
125,131,2004-05-29,1.0
1468,575,2004-05-29,1.0
1468,755,2004-05-29,1.0
1173,1323,2004-05-29,1.0
249,1359,2004-05-29,1.0
1018,1335,2004-05-29,1.0
1189,543,2004-05-29,1.0
1403,357,2004-05-29,1.0
644,1420,2004-05-29,1.0
765,532,2004-05-29,1.0
1236,706,2004-05-29,1.0
1236,1043,2004-05-29,1.0
1486,135,2004-05-29,1.0
1190,50,2004-05-29,1.0
1089,765,2004-05-29,1.0
1283,699,2004-05-29,1.0
1302,338,2004-05-29,1.0
249,282,2004-05-29,1.0
341,1423,2004-05-29,1.0
792,1413,2004-05-29,1.0
933,1214,2004-05-29,1.0
220,482,2004-05-29,1.0
811,58,2004-05-29,1.0
42,1482,2004-05-29,1.0
919,60,2004-05-29,1.0
468,329,2004-05-29,1.0
19,1483,2004-05-29,1.0
189,712,2004-05-29,1.0
792,1036,2004-05-29,1.0
770,97,2004-05-29,1.0
792,142,2004-05-29,1.0
843,575,2004-05-29,1.0
298,257,2004-05-29,1.0
6,578,2004-05-29,1.0
1272,862,2004-05-29,1.0
1423,325,2004-05-29,1.0
358,1484,2004-05-29,1.0
325,1423,2004-05-29,1.0
793,863,2004-05-29,1.0
245,1283,2004-05-29,1.0
6,753,2004-05-29,1.0
245,1049,2004-05-29,1.0
85,322,2004-05-29,1.0
994,378,2004-05-29,1.0
994,632,2004-05-29,1.0
871,738,2004-05-29,1.0
871,452,2004-05-29,1.0
1406,1184,2004-05-29,1.0
787,1490,2004-05-29,1.0
250,1184,2004-05-29,1.0
1189,1282,2004-05-29,1.0
1169,1127,2004-05-29,1.0
323,421,2004-05-29,1.0
1406,1487,2004-05-29,1.0
1252,787,2004-05-29,1.0
1397,473,2004-05-29,1.0
787,1252,2004-05-29,1.0
80,609,2004-05-29,1.0
502,994,2004-05-29,1.0
502,998,2004-05-29,1.0
245,191,2004-05-29,1.0
475,250,2004-05-29,1.0
871,364,2004-05-29,1.0
1189,835,2004-05-29,1.0
1018,1440,2004-05-29,1.0
400,822,2004-05-29,1.0
1189,1407,2004-05-29,1.0
249,1487,2004-05-29,1.0
400,776,2004-05-29,1.0
400,396,2004-05-29,1.0
1488,576,2004-05-29,1.0
1313,507,2004-05-29,1.0
704,1478,2004-05-29,1.0
1101,638,2004-05-29,1.0
1340,58,2004-05-29,1.0
1284,793,2004-05-29,1.0
704,1489,2004-05-29,1.0
1271,1,2004-05-29,1.0
97,1480,2004-05-29,1.0
701,782,2004-05-29,1.0
1018,1485,2004-05-29,1.0
1018,755,2004-05-29,1.0
317,1260,2004-05-29,1.0
94,516,2004-05-29,1.0
322,1056,2004-05-29,1.0
1344,1283,2004-05-29,1.0
1415,974,2004-05-30,1.0
337,1415,2004-05-30,1.0
1,477,2004-05-30,1.0
1415,142,2004-05-30,1.0
1224,1321,2004-05-30,1.0
864,1189,2004-05-30,1.0
864,482,2004-05-30,1.0
701,1413,2004-05-30,1.0
536,884,2004-05-30,1.0
536,1317,2004-05-30,1.0
1356,135,2004-05-30,1.0
1217,242,2004-05-30,1.0
1268,1142,2004-05-30,1.0
864,990,2004-05-30,1.0
1281,1356,2004-05-30,1.0
725,1127,2004-05-30,1.0
42,1415,2004-05-30,1.0
376,481,2004-05-30,1.0
1321,1224,2004-05-30,1.0
1490,787,2004-05-30,1.0
725,52,2004-05-30,1.0
1332,964,2004-05-30,1.0
1402,422,2004-05-30,1.0
103,358,2004-05-30,1.0
1449,817,2004-05-30,1.0
52,681,2004-05-30,1.0
679,516,2004-05-30,1.0
1136,357,2004-05-30,1.0
609,1478,2004-05-30,1.0
609,1497,2004-05-30,1.0
681,52,2004-05-30,1.0
1356,1421,2004-05-30,1.0
1072,1158,2004-05-30,1.0
1268,1269,2004-05-30,1.0
1158,1072,2004-05-30,1.0
495,172,2004-05-30,1.0
495,1367,2004-05-30,1.0
555,440,2004-05-30,1.0
495,1433,2004-05-30,1.0
495,1213,2004-05-30,1.0
1158,375,2004-05-30,1.0
1444,1062,2004-05-30,1.0
454,1269,2004-05-30,1.0
843,557,2004-05-30,1.0
817,943,2004-05-30,1.0
50,1487,2004-05-30,1.0
1215,1317,2004-05-30,1.0
1507,638,2004-05-30,1.0
398,405,2004-05-30,1.0
1393,1424,2004-05-30,1.0
193,943,2004-05-30,1.0
1260,557,2004-05-30,1.0
242,1217,2004-05-30,1.0
1417,1262,2004-05-30,1.0
1417,67,2004-05-30,1.0
42,1506,2004-05-30,1.0
817,1449,2004-05-30,1.0
575,1031,2004-05-30,1.0
555,765,2004-05-30,1.0
555,969,2004-05-30,1.0
567,595,2004-05-30,1.0
1062,1349,2004-05-30,1.0
1189,1417,2004-05-30,1.0
713,1367,2004-05-30,1.0
1508,52,2004-05-30,1.0
306,1449,2004-05-30,1.0
306,272,2004-05-30,1.0
342,1417,2004-05-30,1.0
569,1510,2004-05-30,1.0
1217,322,2004-05-30,1.0
713,1441,2004-05-30,1.0
893,509,2004-05-30,1.0
249,1509,2004-05-30,1.0
362,1421,2004-05-30,1.0
362,928,2004-05-30,1.0
810,233,2004-05-30,1.0
569,1313,2004-05-30,1.0
644,773,2004-05-30,1.0
1281,540,2004-05-30,1.0
1280,272,2004-05-30,1.0
103,1217,2004-05-30,1.0
713,271,2004-05-30,1.0
1302,338,2004-05-30,1.0
713,87,2004-05-30,1.0
713,716,2004-05-30,1.0
713,781,2004-05-30,1.0
713,714,2004-05-30,1.0
713,1189,2004-05-30,1.0
823,1032,2004-05-30,1.0
713,666,2004-05-30,1.0
713,1311,2004-05-30,1.0
713,1283,2004-05-30,1.0
713,842,2004-05-30,1.0
1489,1449,2004-05-30,1.0
713,1052,2004-05-30,1.0
713,1373,2004-05-30,1.0
713,1381,2004-05-30,1.0
1423,341,2004-05-30,1.0
1508,1021,2004-05-30,1.0
103,58,2004-05-30,1.0
42,1509,2004-05-30,1.0
42,995,2004-05-30,1.0
964,1332,2004-05-30,1.0
509,893,2004-05-30,1.0
509,52,2004-05-30,1.0
52,1508,2004-05-30,1.0
509,337,2004-05-30,1.0
1508,1470,2004-05-30,1.0
1508,1319,2004-05-30,1.0
389,1472,2004-05-30,1.0
1236,706,2004-05-30,1.0
509,840,2004-05-30,1.0
1329,477,2004-05-30,1.0
1329,1271,2004-05-30,1.0
52,509,2004-05-30,1.0
103,1329,2004-05-30,1.0
711,1356,2004-05-30,1.0
337,509,2004-05-30,1.0
704,1329,2004-05-30,1.0
509,1026,2004-05-30,1.0
272,306,2004-05-30,1.0
509,364,2004-05-30,1.0
509,316,2004-05-30,1.0
711,1373,2004-05-30,1.0
843,1237,2004-05-30,1.0
870,638,2004-05-30,1.0
67,1496,2004-05-30,1.0
1132,1425,2004-05-30,1.0
770,1491,2004-05-30,1.0
1185,314,2004-05-30,1.0
298,257,2004-05-30,1.0
257,298,2004-05-30,1.0
314,333,2004-05-30,1.0
1062,1419,2004-05-30,1.0
357,314,2004-05-30,1.0
357,1062,2004-05-30,1.0
1062,357,2004-05-30,1.0
870,523,2004-05-30,1.0
1291,252,2004-05-30,1.0
84,638,2004-05-30,1.0
373,311,2004-05-30,1.0
617,272,2004-05-30,1.0
1449,429,2004-05-30,1.0
617,681,2004-05-30,1.0
679,1176,2004-05-30,1.0
817,104,2004-05-30,1.0
617,73,2004-05-30,1.0
545,1449,2004-05-30,1.0
792,1080,2004-05-30,1.0
831,934,2004-05-30,1.0
1449,439,2004-05-30,1.0
306,778,2004-05-30,1.0
204,542,2004-05-30,1.0
1320,1142,2004-05-30,1.0
67,1260,2004-05-30,1.0
792,1036,2004-05-30,1.0
252,766,2004-05-30,1.0
1395,421,2004-05-30,1.0
1496,824,2004-05-30,1.0
1260,67,2004-05-30,1.0
766,252,2004-05-30,1.0
617,250,2004-05-30,1.0
52,1283,2004-05-30,1.0
1142,1320,2004-05-30,1.0
1281,1499,2004-05-30,1.0
1281,1283,2004-05-30,1.0
1072,370,2004-05-30,1.0
204,1500,2004-05-30,1.0
620,1294,2004-05-30,1.0
67,1497,2004-05-30,1.0
9,766,2004-05-30,1.0
810,1260,2004-05-30,1.0
1062,1470,2004-05-30,1.0
1332,1437,2004-05-30,1.0
502,285,2004-05-30,1.0
1,3,2004-05-30,1.0
638,1492,2004-05-30,1.0
1,1271,2004-05-30,1.0
277,1320,2004-05-30,1.0
711,642,2004-05-30,1.0
249,357,2004-05-30,1.0
1189,319,2004-05-30,1.0
67,1501,2004-05-30,1.0
42,669,2004-05-30,1.0
67,523,2004-05-30,1.0
272,1449,2004-05-30,1.0
1062,353,2004-05-30,1.0
1402,224,2004-05-30,1.0
42,353,2004-05-30,1.0
198,101,2004-05-30,1.0
1313,507,2004-05-30,1.0
770,844,2004-05-30,1.0
42,1505,2004-05-30,1.0
357,52,2004-05-30,1.0
1281,1279,2004-05-30,1.0
1349,1062,2004-05-30,1.0
1297,1072,2004-05-30,1.0
557,1036,2004-05-30,1.0
1072,1297,2004-05-30,1.0
843,1195,2004-05-30,1.0
1449,272,2004-05-30,1.0
36,1425,2004-05-30,1.0
52,357,2004-05-30,1.0
679,418,2004-05-30,1.0
254,272,2004-05-30,1.0
704,288,2004-05-30,1.0
557,792,2004-05-30,1.0
792,557,2004-05-30,1.0
454,1326,2004-05-30,1.0
792,824,2004-05-30,1.0
843,1424,2004-05-30,1.0
393,738,2004-05-30,1.0
393,394,2004-05-30,1.0
598,1290,2004-05-30,1.0
393,870,2004-05-30,1.0
477,1,2004-05-30,1.0
477,1271,2004-05-30,1.0
809,1449,2004-05-30,1.0
617,728,2004-05-30,1.0
421,1395,2004-05-30,1.0
1502,1269,2004-05-30,1.0
1502,1503,2004-05-30,1.0
393,191,2004-05-30,1.0
421,97,2004-05-30,1.0
1487,132,2004-05-30,1.0
792,438,2004-05-30,1.0
1424,1427,2004-05-30,1.0
1424,575,2004-05-30,1.0
638,870,2004-05-30,1.0
638,643,2004-05-30,1.0
191,1505,2004-05-30,1.0
638,84,2004-05-30,1.0
249,1504,2004-05-30,1.0
1215,1100,2004-05-31,1.0
792,824,2004-05-31,1.0
377,1507,2004-05-31,1.0
1075,708,2004-05-31,1.0
1100,1215,2004-05-31,1.0
1249,1218,2004-05-31,1.0
1287,1244,2004-05-31,1.0
792,1036,2004-05-31,1.0
893,912,2004-05-31,1.0
878,1417,2004-05-31,1.0
52,966,2004-05-31,1.0
50,1487,2004-05-31,1.0
1375,199,2004-05-31,1.0
1402,1252,2004-05-31,1.0
1375,1472,2004-05-31,1.0
317,319,2004-05-31,1.0
1332,964,2004-05-31,1.0
963,841,2004-05-31,1.0
509,893,2004-05-31,1.0
1472,594,2004-05-31,1.0
1472,817,2004-05-31,1.0
42,1215,2004-05-31,1.0
1255,462,2004-05-31,1.0
1255,984,2004-05-31,1.0
1255,980,2004-05-31,1.0
509,799,2004-05-31,1.0
509,52,2004-05-31,1.0
1339,1417,2004-05-31,1.0
831,934,2004-05-31,1.0
393,1516,2004-05-31,1.0
1509,1515,2004-05-31,1.0
1509,1514,2004-05-31,1.0
1313,507,2004-05-31,1.0
615,422,2004-05-31,1.0
1393,283,2004-05-31,1.0
725,1260,2004-05-31,1.0
1072,1158,2004-05-31,1.0
800,1072,2004-05-31,1.0
964,1332,2004-05-31,1.0
1425,1132,2004-05-31,1.0
1381,783,2004-05-31,1.0
346,1419,2004-05-31,1.0
42,852,2004-05-31,1.0
701,326,2004-05-31,1.0
912,314,2004-05-31,1.0
758,681,2004-05-31,1.0
681,758,2004-05-31,1.0
128,204,2004-05-31,1.0
557,1260,2004-05-31,1.0
1406,314,2004-05-31,1.0
314,333,2004-05-31,1.0
314,1449,2004-05-31,1.0
314,1185,2004-05-31,1.0
422,615,2004-05-31,1.0
1489,1021,2004-05-31,1.0
1489,209,2004-05-31,1.0
1285,1021,2004-05-31,1.0
204,298,2004-05-31,1.0
128,1510,2004-05-31,1.0
1513,716,2004-05-31,1.0
547,1169,2004-05-31,1.0
128,1513,2004-05-31,1.0
1487,132,2004-05-31,1.0
1113,1517,2004-05-31,1.0
1489,1449,2004-05-31,1.0
173,749,2004-05-31,1.0
912,375,2004-05-31,1.0
1406,173,2004-05-31,1.0
90,841,2004-05-31,1.0
841,90,2004-05-31,1.0
1281,1499,2004-05-31,1.0
1281,725,2004-05-31,1.0
163,1485,2004-05-31,1.0
1280,725,2004-05-31,1.0
321,1260,2004-05-31,1.0
852,276,2004-05-31,1.0
276,852,2004-05-31,1.0
1185,1403,2004-05-31,1.0
1514,847,2004-05-31,1.0
368,1236,2004-05-31,1.0
42,1507,2004-05-31,1.0
276,1260,2004-05-31,1.0
405,1507,2004-05-31,1.0
852,1356,2004-05-31,1.0
1158,1072,2004-05-31,1.0
67,1501,2004-05-31,1.0
1514,1518,2004-05-31,1.0
103,358,2004-05-31,1.0
639,509,2004-05-31,1.0
209,1489,2004-05-31,1.0
1523,1518,2004-05-31,1.0
199,1375,2004-05-31,1.0
687,438,2004-05-31,1.0
1523,1420,2004-05-31,1.0
375,912,2004-05-31,1.0
67,1496,2004-05-31,1.0
1522,859,2004-05-31,1.0
1424,1114,2004-05-31,1.0
1406,1268,2004-05-31,1.0
884,375,2004-05-31,1.0
1114,1424,2004-05-31,1.0
9,295,2004-05-31,1.0
9,1521,2004-05-31,1.0
912,893,2004-05-31,1.0
375,884,2004-05-31,1.0
1260,725,2004-05-31,1.0
103,1217,2004-05-31,1.0
598,542,2004-05-31,1.0
1522,1524,2004-05-31,1.0
713,370,2004-05-31,1.0
713,462,2004-05-31,1.0
713,1517,2004-05-31,1.0
67,1445,2004-05-31,1.0
713,781,2004-05-31,1.0
713,1441,2004-05-31,1.0
103,652,2004-05-31,1.0
1487,50,2004-05-31,1.0
871,1417,2004-05-31,1.0
379,542,2004-05-31,1.0
97,726,2004-05-31,1.0
679,1176,2004-05-31,1.0
652,394,2004-05-31,1.0
652,1317,2004-05-31,1.0
626,1523,2004-05-31,1.0
1502,606,2004-05-31,1.0
1339,199,2004-05-31,1.0
199,1060,2004-05-31,1.0
52,509,2004-05-31,1.0
710,646,2004-05-31,1.0
276,735,2004-05-31,1.0
799,1475,2004-05-31,1.0
378,994,2004-05-31,1.0
326,701,2004-05-31,1.0
309,520,2004-05-31,1.0
329,468,2004-05-31,1.0
276,713,2004-05-31,1.0
735,1168,2004-05-31,1.0
830,389,2004-05-31,1.0
713,884,2004-05-31,1.0
713,1185,2004-05-31,1.0
713,276,2004-05-31,1.0
713,87,2004-05-31,1.0
398,405,2004-05-31,1.0
1021,1508,2004-05-31,1.0
1021,191,2004-05-31,1.0
1021,1285,2004-05-31,1.0
639,1438,2004-05-31,1.0
639,993,2004-05-31,1.0
520,309,2004-05-31,1.0
1043,1142,2004-05-31,1.0
283,615,2004-05-31,1.0
9,1285,2004-05-31,1.0
1142,47,2004-05-31,1.0
1521,645,2004-05-31,1.0
469,463,2004-05-31,1.0
997,142,2004-05-31,1.0
783,1381,2004-05-31,1.0
1520,1513,2004-05-31,1.0
708,1075,2004-05-31,1.0
47,1299,2004-05-31,1.0
32,1505,2004-05-31,1.0
32,1519,2004-05-31,1.0
884,713,2004-05-31,1.0
520,1017,2004-05-31,1.0
212,1507,2004-05-31,1.0
639,1433,2004-05-31,1.0
782,701,2004-05-31,1.0
823,1032,2004-05-31,1.0
1510,606,2004-05-31,1.0
606,1503,2004-05-31,1.0
606,1510,2004-05-31,1.0
366,1349,2004-05-31,1.0
366,12,2004-05-31,1.0
366,346,2004-05-31,1.0
128,1262,2004-05-31,1.0
1509,1401,2004-05-31,1.0
69,1508,2004-05-31,1.0
1401,794,2004-05-31,1.0
1401,1509,2004-05-31,1.0
823,285,2004-05-31,1.0
9,1510,2004-05-31,1.0
1113,1509,2004-05-31,1.0
1349,366,2004-05-31,1.0
342,1497,2004-05-31,1.0
1509,1511,2004-05-31,1.0
1507,212,2004-05-31,1.0
966,52,2004-05-31,1.0
1281,1414,2004-05-31,1.0
1508,52,2004-05-31,1.0
536,884,2004-05-31,1.0
326,688,2004-05-31,1.0
346,366,2004-05-31,1.0
569,606,2004-05-31,1.0
1509,470,2004-05-31,1.0
42,1512,2004-05-31,1.0
470,1509,2004-05-31,1.0
103,58,2004-05-31,1.0
357,1417,2004-05-31,1.0
103,1510,2004-05-31,1.0
1406,319,2004-05-31,1.0
1101,1417,2004-05-31,1.0
713,749,2004-05-31,1.0
713,1042,2004-05-31,1.0
103,893,2004-05-31,1.0
713,998,2004-05-31,1.0
191,1021,2004-05-31,1.0
713,1165,2004-05-31,1.0
713,779,2004-05-31,1.0
713,1186,2004-05-31,1.0
713,994,2004-05-31,1.0
1058,1142,2004-05-31,1.0
1036,557,2004-05-31,1.0
569,1510,2004-05-31,1.0
1036,792,2004-05-31,1.0
823,959,2004-05-31,1.0
1509,224,2004-05-31,1.0
52,1508,2004-05-31,1.0
128,847,2004-05-31,1.0
701,654,2004-05-31,1.0
1158,437,2004-05-31,1.0
1280,1403,2004-05-31,1.0
1393,1180,2004-05-31,1.0
1472,1375,2004-05-31,1.0
1509,1179,2004-05-31,1.0
19,1505,2004-05-31,1.0
1346,1329,2004-05-31,1.0
569,615,2004-05-31,1.0
1182,1113,2004-05-31,1.0
42,1062,2004-05-31,1.0
85,322,2004-05-31,1.0
1248,367,2004-05-31,1.0
323,966,2004-05-31,1.0
933,783,2004-05-31,1.0
966,852,2004-05-31,1.0
852,966,2004-05-31,1.0
1280,1037,2004-05-31,1.0
758,1449,2004-05-31,1.0
1037,595,2004-05-31,1.0
783,933,2004-05-31,1.0
1400,714,2004-05-31,1.0
1406,928,2004-05-31,1.0
697,1349,2004-05-31,1.0
128,606,2004-05-31,1.0
1406,1224,2004-05-31,1.0
912,1513,2004-05-31,1.0
1158,924,2004-05-31,1.0
912,899,2004-05-31,1.0
128,1124,2004-05-31,1.0
810,233,2004-05-31,1.0
9,366,2004-05-31,1.0
1031,575,2004-05-31,1.0
1185,1329,2004-05-31,1.0
1260,557,2004-05-31,1.0
595,1037,2004-05-31,1.0
557,1036,2004-05-31,1.0
595,567,2004-05-31,1.0
326,325,2004-05-31,1.0
325,326,2004-05-31,1.0
687,1051,2004-05-31,1.0
704,1217,2004-05-31,1.0
1509,309,2004-05-31,1.0
950,389,2004-05-31,1.0
389,950,2004-05-31,1.0
389,830,2004-05-31,1.0
454,1043,2004-05-31,1.0
1509,957,2004-05-31,1.0
1509,890,2004-05-31,1.0
1509,1356,2004-05-31,1.0
204,1227,2004-05-31,1.0
204,1356,2004-05-31,1.0
852,276,2004-06-01,1.0
1101,713,2004-06-01,1.0
1113,1517,2004-06-01,1.0
1379,194,2004-06-01,1.0
204,1227,2004-06-01,1.0
950,353,2004-06-01,1.0
985,983,2004-06-01,1.0
1433,635,2004-06-01,1.0
600,847,2004-06-01,1.0
1379,713,2004-06-01,1.0
118,194,2004-06-01,1.0
1178,1051,2004-06-01,1.0
1449,1021,2004-06-01,1.0
1440,1509,2004-06-01,1.0
1489,209,2004-06-01,1.0
919,733,2004-06-01,1.0
835,261,2004-06-01,1.0
9,1501,2004-06-01,1.0
9,282,2004-06-01,1.0
706,1531,2004-06-01,1.0
1178,194,2004-06-01,1.0
912,1513,2004-06-01,1.0
716,713,2004-06-01,1.0
1532,852,2004-06-01,1.0
893,733,2004-06-01,1.0
1132,1425,2004-06-01,1.0
42,573,2004-06-01,1.0
701,193,2004-06-01,1.0
1244,1275,2004-06-01,1.0
942,377,2004-06-01,1.0
146,312,2004-06-01,1.0
1356,852,2004-06-01,1.0
1356,1509,2004-06-01,1.0
781,386,2004-06-01,1.0
781,988,2004-06-01,1.0
42,323,2004-06-01,1.0
781,1426,2004-06-01,1.0
1520,716,2004-06-01,1.0
781,1365,2004-06-01,1.0
323,341,2004-06-01,1.0
323,298,2004-06-01,1.0
298,323,2004-06-01,1.0
1438,294,2004-06-01,1.0
781,1515,2004-06-01,1.0
1184,442,2004-06-01,1.0
1184,1508,2004-06-01,1.0
781,1528,2004-06-01,1.0
191,1021,2004-06-01,1.0
42,394,2004-06-01,1.0
42,919,2004-06-01,1.0
794,1401,2004-06-01,1.0
1507,1019,2004-06-01,1.0
899,271,2004-06-01,1.0
601,1517,2004-06-01,1.0
1400,714,2004-06-01,1.0
85,733,2004-06-01,1.0
706,740,2004-06-01,1.0
473,1217,2004-06-01,1.0
1508,358,2004-06-01,1.0
1338,1508,2004-06-01,1.0
1423,341,2004-06-01,1.0
1185,41,2004-06-01,1.0
733,783,2004-06-01,1.0
1338,67,2004-06-01,1.0
1338,99,2004-06-01,1.0
1338,373,2004-06-01,1.0
1508,1184,2004-06-01,1.0
1217,473,2004-06-01,1.0
1338,838,2004-06-01,1.0
546,725,2004-06-01,1.0
546,1362,2004-06-01,1.0
502,778,2004-06-01,1.0
261,835,2004-06-01,1.0
1281,163,2004-06-01,1.0
341,1423,2004-06-01,1.0
1236,706,2004-06-01,1.0
447,1526,2004-06-01,1.0
1472,1184,2004-06-01,1.0
42,72,2004-06-01,1.0
605,431,2004-06-01,1.0
1338,1036,2004-06-01,1.0
733,893,2004-06-01,1.0
332,352,2004-06-01,1.0
1021,1508,2004-06-01,1.0
733,1423,2004-06-01,1.0
1021,191,2004-06-01,1.0
309,754,2004-06-01,1.0
1423,733,2004-06-01,1.0
475,1105,2004-06-01,1.0
871,988,2004-06-01,1.0
1517,601,2004-06-01,1.0
19,1430,2004-06-01,1.0
1517,449,2004-06-01,1.0
1165,713,2004-06-01,1.0
733,144,2004-06-01,1.0
41,277,2004-06-01,1.0
442,1184,2004-06-01,1.0
679,1176,2004-06-01,1.0
1509,1440,2004-06-01,1.0
1176,679,2004-06-01,1.0
1189,454,2004-06-01,1.0
105,1444,2004-06-01,1.0
307,189,2004-06-01,1.0
725,635,2004-06-01,1.0
67,1538,2004-06-01,1.0
1365,1393,2004-06-01,1.0
1365,643,2004-06-01,1.0
329,1537,2004-06-01,1.0
635,725,2004-06-01,1.0
233,193,2004-06-01,1.0
966,852,2004-06-01,1.0
676,394,2004-06-01,1.0
1127,1015,2004-06-01,1.0
615,1026,2004-06-01,1.0
95,311,2004-06-01,1.0
635,1433,2004-06-01,1.0
95,1385,2004-06-01,1.0
1440,42,2004-06-01,1.0
245,194,2004-06-01,1.0
30,132,2004-06-01,1.0
12,366,2004-06-01,1.0
67,1489,2004-06-01,1.0
483,821,2004-06-01,1.0
626,1523,2004-06-01,1.0
36,189,2004-06-01,1.0
626,1189,2004-06-01,1.0
1402,95,2004-06-01,1.0
36,211,2004-06-01,1.0
810,233,2004-06-01,1.0
1211,1377,2004-06-01,1.0
1285,1021,2004-06-01,1.0
283,1393,2004-06-01,1.0
1539,938,2004-06-01,1.0
1224,1406,2004-06-01,1.0
617,1539,2004-06-01,1.0
1328,239,2004-06-01,1.0
779,713,2004-06-01,1.0
1113,1493,2004-06-01,1.0
495,1517,2004-06-01,1.0
495,172,2004-06-01,1.0
495,1367,2004-06-01,1.0
495,1433,2004-06-01,1.0
495,1213,2004-06-01,1.0
1377,1211,2004-06-01,1.0
68,893,2004-06-01,1.0
1189,626,2004-06-01,1.0
1036,792,2004-06-01,1.0
817,981,2004-06-01,1.0
1406,928,2004-06-01,1.0
1406,1224,2004-06-01,1.0
1136,376,2004-06-01,1.0
72,303,2004-06-01,1.0
454,1189,2004-06-01,1.0
1235,1468,2004-06-01,1.0
1401,794,2004-06-01,1.0
852,1356,2004-06-01,1.0
41,473,2004-06-01,1.0
1502,606,2004-06-01,1.0
1507,1534,2004-06-01,1.0
1167,483,2004-06-01,1.0
606,1502,2004-06-01,1.0
1215,1083,2004-06-01,1.0
1189,713,2004-06-01,1.0
509,316,2004-06-01,1.0
337,263,2004-06-01,1.0
509,1026,2004-06-01,1.0
1393,283,2004-06-01,1.0
1393,919,2004-06-01,1.0
1393,1180,2004-06-01,1.0
1533,1489,2004-06-01,1.0
1179,1509,2004-06-01,1.0
114,770,2004-06-01,1.0
582,626,2004-06-01,1.0
595,1526,2004-06-01,1.0
342,1015,2004-06-01,1.0
342,1406,2004-06-01,1.0
542,379,2004-06-01,1.0
41,713,2004-06-01,1.0
42,1534,2004-06-01,1.0
710,646,2004-06-01,1.0
768,797,2004-06-01,1.0
561,38,2004-06-01,1.0
1075,708,2004-06-01,1.0
518,1536,2004-06-01,1.0
831,1199,2004-06-01,1.0
1026,1517,2004-06-01,1.0
518,1488,2004-06-01,1.0
1026,509,2004-06-01,1.0
1026,615,2004-06-01,1.0
1489,42,2004-06-01,1.0
1434,1535,2004-06-01,1.0
42,69,2004-06-01,1.0
1101,375,2004-06-01,1.0
704,297,2004-06-01,1.0
586,145,2004-06-01,1.0
1281,1356,2004-06-01,1.0
1509,1356,2004-06-01,1.0
620,27,2004-06-01,1.0
735,276,2004-06-01,1.0
1416,713,2004-06-01,1.0
1313,733,2004-06-01,1.0
1313,507,2004-06-01,1.0
1523,626,2004-06-01,1.0
1523,1518,2004-06-01,1.0
1489,1533,2004-06-01,1.0
1421,1356,2004-06-01,1.0
504,1517,2004-06-01,1.0
706,1236,2004-06-01,1.0
792,1036,2004-06-01,1.0
32,460,2004-06-01,1.0
1518,944,2004-06-01,1.0
1517,1037,2004-06-01,1.0
32,1518,2004-06-01,1.0
1167,1424,2004-06-01,1.0
605,734,2004-06-01,1.0
615,713,2004-06-01,1.0
944,1518,2004-06-01,1.0
394,1526,2004-06-01,1.0
342,1497,2004-06-01,1.0
1037,1517,2004-06-01,1.0
615,1526,2004-06-01,1.0
852,442,2004-06-01,1.0
442,654,2004-06-01,1.0
442,852,2004-06-01,1.0
42,43,2004-06-01,1.0
1042,781,2004-06-01,1.0
1042,52,2004-06-01,1.0
1042,713,2004-06-01,1.0
1528,713,2004-06-01,1.0
277,797,2004-06-01,1.0
1383,1127,2004-06-01,1.0
1383,749,2004-06-01,1.0
392,321,2004-06-01,1.0
1521,645,2004-06-01,1.0
32,773,2004-06-01,1.0
128,847,2004-06-01,1.0
42,964,2004-06-01,1.0
1217,322,2004-06-01,1.0
1173,654,2004-06-01,1.0
42,1507,2004-06-01,1.0
309,1497,2004-06-01,1.0
1180,1393,2004-06-01,1.0
878,1362,2004-06-01,1.0
67,1507,2004-06-01,1.0
322,1217,2004-06-01,1.0
823,285,2004-06-01,1.0
1190,50,2004-06-01,1.0
1313,569,2004-06-01,1.0
67,1501,2004-06-01,1.0
67,1496,2004-06-01,1.0
1339,132,2004-06-01,1.0
1507,1117,2004-06-01,1.0
249,713,2004-06-01,1.0
1284,285,2004-06-01,1.0
370,1417,2004-06-01,1.0
50,1487,2004-06-01,1.0
1520,1513,2004-06-01,1.0
42,1526,2004-06-01,1.0
309,212,2004-06-01,1.0
713,1165,2004-06-01,1.0
297,738,2004-06-01,1.0
309,639,2004-06-01,1.0
1317,652,2004-06-01,1.0
1522,220,2004-06-01,1.0
919,1449,2004-06-01,1.0
1522,97,2004-06-01,1.0
1522,8,2004-06-01,1.0
128,509,2004-06-01,1.0
1339,713,2004-06-01,1.0
249,1525,2004-06-01,1.0
326,701,2004-06-01,1.0
1487,312,2004-06-01,1.0
598,1517,2004-06-01,1.0
1033,1496,2004-06-01,1.0
1026,1236,2004-06-01,1.0
463,609,2004-06-01,1.0
1441,713,2004-06-01,1.0
635,224,2004-06-01,1.0
654,701,2004-06-01,1.0
704,1468,2004-06-01,1.0
594,1472,2004-06-01,1.0
277,1381,2004-06-01,1.0
277,1508,2004-06-01,1.0
864,990,2004-06-01,1.0
878,713,2004-06-01,1.0
144,1527,2004-06-01,1.0
1433,639,2004-06-01,1.0
249,402,2004-06-01,1.0
1507,212,2004-06-01,1.0
1507,405,2004-06-01,1.0
609,463,2004-06-01,1.0
1255,462,2004-06-01,1.0
1284,1317,2004-06-01,1.0
1142,1043,2004-06-01,1.0
463,469,2004-06-01,1.0
993,639,2004-06-01,1.0
1190,281,2004-06-01,1.0
617,250,2004-06-01,1.0
194,465,2004-06-01,1.0
1295,392,2004-06-01,1.0
194,1178,2004-06-01,1.0
733,919,2004-06-01,1.0
852,38,2004-06-01,1.0
308,739,2004-06-01,1.0
38,561,2004-06-01,1.0
194,794,2004-06-01,1.0
194,1004,2004-06-01,1.0
194,560,2004-06-01,1.0
194,1127,2004-06-01,1.0
194,353,2004-06-01,1.0
753,6,2004-06-01,1.0
783,1526,2004-06-01,1.0
194,980,2004-06-01,1.0
781,713,2004-06-01,1.0
352,908,2004-06-01,1.0
283,1502,2004-06-01,1.0
194,998,2004-06-01,1.0
1038,781,2004-06-01,1.0
749,173,2004-06-01,1.0
749,1383,2004-06-01,1.0
778,517,2004-06-01,1.0
749,474,2004-06-01,1.0
271,899,2004-06-01,1.0
271,713,2004-06-01,1.0
749,713,2004-06-01,1.0
1530,1192,2004-06-01,1.0
281,1190,2004-06-01,1.0
1117,1507,2004-06-01,1.0
640,1468,2004-06-01,1.0
377,942,2004-06-01,1.0
842,713,2004-06-01,1.0
893,68,2004-06-01,1.0
1375,1529,2004-06-01,1.0
145,586,2004-06-01,1.0
1184,1472,2004-06-01,1.0
87,713,2004-06-01,1.0
573,61,2004-06-01,1.0
1489,1289,2004-06-01,1.0
640,1526,2004-06-01,1.0
1502,1503,2004-06-01,1.0
1289,212,2004-06-01,1.0
254,1190,2004-06-01,1.0
1521,1508,2004-06-01,1.0
398,354,2004-06-01,1.0
1339,276,2004-06-01,1.0
498,708,2004-06-01,1.0
1508,1521,2004-06-01,1.0
1508,1021,2004-06-01,1.0
398,1526,2004-06-01,1.0
714,713,2004-06-01,1.0
1339,199,2004-06-01,1.0
285,1497,2004-06-01,1.0
596,1179,2004-06-01,1.0
1339,316,2004-06-01,1.0
1038,1489,2004-06-01,1.0
714,1400,2004-06-01,1.0
598,1080,2004-06-01,1.0
1503,1502,2004-06-01,1.0
596,1187,2004-06-01,1.0
316,509,2004-06-01,1.0
704,1509,2004-06-01,1.0
1181,131,2004-06-01,1.0
1508,708,2004-06-01,1.0
733,1313,2004-06-01,1.0
128,677,2004-06-01,1.0
1526,595,2004-06-01,1.0
1189,626,2004-06-02,1.0
32,109,2004-06-02,1.0
1194,1014,2004-06-02,1.0
1189,322,2004-06-02,1.0
103,1362,2004-06-02,1.0
1417,752,2004-06-02,1.0
1434,174,2004-06-02,1.0
1434,1344,2004-06-02,1.0
103,1417,2004-06-02,1.0
1440,1509,2004-06-02,1.0
3,687,2004-06-02,1.0
103,1346,2004-06-02,1.0
1362,539,2004-06-02,1.0
103,1487,2004-06-02,1.0
799,32,2004-06-02,1.0
32,799,2004-06-02,1.0
1189,475,2004-06-02,1.0
1359,1342,2004-06-02,1.0
103,1431,2004-06-02,1.0
398,465,2004-06-02,1.0
1509,1440,2004-06-02,1.0
1323,221,2004-06-02,1.0
103,1554,2004-06-02,1.0
483,821,2004-06-02,1.0
1440,1075,2004-06-02,1.0
735,810,2004-06-02,1.0
1253,768,2004-06-02,1.0
103,1540,2004-06-02,1.0
752,1417,2004-06-02,1.0
212,1289,2004-06-02,1.0
465,398,2004-06-02,1.0
41,1554,2004-06-02,1.0
735,1168,2004-06-02,1.0
42,257,2004-06-02,1.0
212,1551,2004-06-02,1.0
1142,400,2004-06-02,1.0
257,809,2004-06-02,1.0
1373,1405,2004-06-02,1.0
1018,1567,2004-06-02,1.0
103,282,2004-06-02,1.0
103,658,2004-06-02,1.0
103,1217,2004-06-02,1.0
967,72,2004-06-02,1.0
103,700,2004-06-02,1.0
257,42,2004-06-02,1.0
547,1566,2004-06-02,1.0
1566,547,2004-06-02,1.0
342,809,2004-06-02,1.0
502,400,2004-06-02,1.0
221,1282,2004-06-02,1.0
1189,1520,2004-06-02,1.0
1415,42,2004-06-02,1.0
221,1323,2004-06-02,1.0
400,1416,2004-06-02,1.0
345,259,2004-06-02,1.0
502,1189,2004-06-02,1.0
1561,221,2004-06-02,1.0
1562,1517,2004-06-02,1.0
1280,9,2004-06-02,1.0
377,942,2004-06-02,1.0
221,1561,2004-06-02,1.0
1189,1560,2004-06-02,1.0
1101,1493,2004-06-02,1.0
810,1412,2004-06-02,1.0
1416,85,2004-06-02,1.0
400,1142,2004-06-02,1.0
1412,810,2004-06-02,1.0
1416,400,2004-06-02,1.0
792,372,2004-06-02,1.0
1517,1142,2004-06-02,1.0
9,1501,2004-06-02,1.0
1493,714,2004-06-02,1.0
72,303,2004-06-02,1.0
132,846,2004-06-02,1.0
871,1412,2004-06-02,1.0
1405,1373,2004-06-02,1.0
1405,516,2004-06-02,1.0
400,475,2004-06-02,1.0
342,1431,2004-06-02,1.0
1564,773,2004-06-02,1.0
1472,1375,2004-06-02,1.0
1564,1565,2004-06-02,1.0
1489,546,2004-06-02,1.0
176,101,2004-06-02,1.0
475,400,2004-06-02,1.0
1545,1181,2004-06-02,1.0
48,1015,2004-06-02,1.0
1431,768,2004-06-02,1.0
883,278,2004-06-02,1.0
1539,1563,2004-06-02,1.0
704,72,2004-06-02,1.0
846,132,2004-06-02,1.0
1431,342,2004-06-02,1.0
1520,928,2004-06-02,1.0
42,1415,2004-06-02,1.0
103,1568,2004-06-02,1.0
1158,924,2004-06-02,1.0
173,1339,2004-06-02,1.0
483,1167,2004-06-02,1.0
1429,1572,2004-06-02,1.0
309,1508,2004-06-02,1.0
211,128,2004-06-02,1.0
249,1561,2004-06-02,1.0
356,1501,2004-06-02,1.0
143,201,2004-06-02,1.0
103,1468,2004-06-02,1.0
103,908,2004-06-02,1.0
1489,209,2004-06-02,1.0
1540,1548,2004-06-02,1.0
1540,1179,2004-06-02,1.0
1436,573,2004-06-02,1.0
1468,1235,2004-06-02,1.0
1075,1440,2004-06-02,1.0
1556,1571,2004-06-02,1.0
843,1195,2004-06-02,1.0
1026,615,2004-06-02,1.0
1215,793,2004-06-02,1.0
738,1504,2004-06-02,1.0
1365,1393,2004-06-02,1.0
1013,697,2004-06-02,1.0
1365,643,2004-06-02,1.0
928,1406,2004-06-02,1.0
928,1520,2004-06-02,1.0
155,233,2004-06-02,1.0
44,770,2004-06-02,1.0
42,374,2004-06-02,1.0
621,470,2004-06-02,1.0
1397,523,2004-06-02,1.0
810,233,2004-06-02,1.0
1397,294,2004-06-02,1.0
770,44,2004-06-02,1.0
810,735,2004-06-02,1.0
103,1497,2004-06-02,1.0
1403,859,2004-06-02,1.0
1358,509,2004-06-02,1.0
847,1566,2004-06-02,1.0
573,1436,2004-06-02,1.0
103,864,2004-06-02,1.0
303,72,2004-06-02,1.0
303,1548,2004-06-02,1.0
233,810,2004-06-02,1.0
1540,714,2004-06-02,1.0
734,617,2004-06-02,1.0
233,193,2004-06-02,1.0
103,277,2004-06-02,1.0
1510,128,2004-06-02,1.0
1313,483,2004-06-02,1.0
1272,768,2004-06-02,1.0
704,63,2004-06-02,1.0
1387,615,2004-06-02,1.0
1026,509,2004-06-02,1.0
739,438,2004-06-02,1.0
582,626,2004-06-02,1.0
687,438,2004-06-02,1.0
1339,1308,2004-06-02,1.0
768,1431,2004-06-02,1.0
1501,356,2004-06-02,1.0
843,885,2004-06-02,1.0
1362,342,2004-06-02,1.0
1534,42,2004-06-02,1.0
1066,1497,2004-06-02,1.0
1179,1540,2004-06-02,1.0
321,392,2004-06-02,1.0
128,1510,2004-06-02,1.0
342,1362,2004-06-02,1.0
843,285,2004-06-02,1.0
1339,173,2004-06-02,1.0
1539,1568,2004-06-02,1.0
1568,394,2004-06-02,1.0
1568,1569,2004-06-02,1.0
1569,1568,2004-06-02,1.0
470,621,2004-06-02,1.0
103,697,2004-06-02,1.0
924,1158,2004-06-02,1.0
103,220,2004-06-02,1.0
578,1284,2004-06-02,1.0
752,1362,2004-06-02,1.0
569,967,2004-06-02,1.0
276,852,2004-06-02,1.0
617,734,2004-06-02,1.0
967,1489,2004-06-02,1.0
615,1026,2004-06-02,1.0
859,1522,2004-06-02,1.0
859,1403,2004-06-02,1.0
1167,483,2004-06-02,1.0
1489,482,2004-06-02,1.0
856,1,2004-06-02,1.0
318,984,2004-06-02,1.0
1361,1183,2004-06-02,1.0
318,1127,2004-06-02,1.0
502,1285,2004-06-02,1.0
372,792,2004-06-02,1.0
1548,303,2004-06-02,1.0
1313,507,2004-06-02,1.0
482,1489,2004-06-02,1.0
1189,546,2004-06-02,1.0
1364,282,2004-06-02,1.0
1447,1570,2004-06-02,1.0
1026,1285,2004-06-02,1.0
392,321,2004-06-02,1.0
1285,1026,2004-06-02,1.0
278,883,2004-06-02,1.0
114,770,2004-06-02,1.0
1393,283,2004-06-02,1.0
704,1231,2004-06-02,1.0
1332,1437,2004-06-02,1.0
1508,1021,2004-06-02,1.0
1508,1184,2004-06-02,1.0
103,462,2004-06-02,1.0
621,1544,2004-06-02,1.0
103,1231,2004-06-02,1.0
103,429,2004-06-02,1.0
429,1449,2004-06-02,1.0
32,1543,2004-06-02,1.0
32,1015,2004-06-02,1.0
41,1136,2004-06-02,1.0
41,1542,2004-06-02,1.0
1136,376,2004-06-02,1.0
41,642,2004-06-02,1.0
41,473,2004-06-02,1.0
1542,1282,2004-06-02,1.0
1189,1282,2004-06-02,1.0
193,233,2004-06-02,1.0
1542,42,2004-06-02,1.0
1033,194,2004-06-02,1.0
1033,1281,2004-06-02,1.0
938,1323,2004-06-02,1.0
1323,938,2004-06-02,1.0
883,326,2004-06-02,1.0
41,1248,2004-06-02,1.0
193,63,2004-06-02,1.0
1021,1285,2004-06-02,1.0
635,1433,2004-06-02,1.0
326,883,2004-06-02,1.0
1540,1440,2004-06-02,1.0
400,474,2004-06-02,1.0
220,1522,2004-06-02,1.0
1545,1332,2004-06-02,1.0
1522,220,2004-06-02,1.0
400,601,2004-06-02,1.0
1036,299,2004-06-02,1.0
1440,1540,2004-06-02,1.0
447,124,2004-06-02,1.0
63,923,2004-06-02,1.0
1332,806,2004-06-02,1.0
376,1183,2004-06-02,1.0
507,1313,2004-06-02,1.0
1507,1410,2004-06-02,1.0
1433,635,2004-06-02,1.0
1342,1335,2004-06-02,1.0
1332,390,2004-06-02,1.0
704,297,2004-06-02,1.0
63,193,2004-06-02,1.0
103,893,2004-06-02,1.0
823,285,2004-06-02,1.0
552,326,2004-06-02,1.0
1539,402,2004-06-02,1.0
299,1175,2004-06-02,1.0
67,908,2004-06-02,1.0
67,798,2004-06-02,1.0
282,1364,2004-06-02,1.0
1489,1289,2004-06-02,1.0
1406,1224,2004-06-02,1.0
908,352,2004-06-02,1.0
620,27,2004-06-02,1.0
283,1393,2004-06-02,1.0
620,1211,2004-06-02,1.0
9,1285,2004-06-02,1.0
357,449,2004-06-02,1.0
124,449,2004-06-02,1.0
1452,1539,2004-06-02,1.0
1539,1452,2004-06-02,1.0
893,68,2004-06-02,1.0
357,1387,2004-06-02,1.0
439,1449,2004-06-02,1.0
357,1190,2004-06-02,1.0
1393,1365,2004-06-02,1.0
1211,1377,2004-06-02,1.0
1463,402,2004-06-02,1.0
1539,152,2004-06-02,1.0
592,377,2004-06-02,1.0
1113,1541,2004-06-02,1.0
1437,1454,2004-06-02,1.0
1437,1332,2004-06-02,1.0
333,314,2004-06-02,1.0
1339,1344,2004-06-02,1.0
103,1395,2004-06-02,1.0
1328,1178,2004-06-02,1.0
1183,376,2004-06-02,1.0
372,1529,2004-06-02,1.0
1354,42,2004-06-02,1.0
1504,738,2004-06-02,1.0
324,1537,2004-06-02,1.0
598,1538,2004-06-02,1.0
326,552,2004-06-02,1.0
1359,1497,2004-06-02,1.0
823,1525,2004-06-02,1.0
376,824,2004-06-02,1.0
706,1236,2004-06-02,1.0
592,545,2004-06-02,1.0
103,1518,2004-06-02,1.0
1158,1377,2004-06-02,1.0
143,1339,2004-06-02,1.0
878,1489,2004-06-02,1.0
1546,1339,2004-06-02,1.0
1339,1546,2004-06-02,1.0
1521,1501,2004-06-02,1.0
1550,1547,2004-06-02,1.0
294,1549,2004-06-02,1.0
85,1083,2004-06-02,1.0
1246,547,2004-06-02,1.0
509,1026,2004-06-02,1.0
42,1534,2004-06-02,1.0
1069,421,2004-06-02,1.0
1083,85,2004-06-02,1.0
372,864,2004-06-02,1.0
85,1326,2004-06-02,1.0
1246,99,2004-06-02,1.0
1285,1021,2004-06-02,1.0
1552,1553,2004-06-02,1.0
1551,212,2004-06-02,1.0
1546,1554,2004-06-02,1.0
421,1069,2004-06-02,1.0
1377,1158,2004-06-02,1.0
42,1559,2004-06-02,1.0
1412,372,2004-06-02,1.0
714,1493,2004-06-02,1.0
42,1558,2004-06-02,1.0
1189,454,2004-06-02,1.0
400,1419,2004-06-02,1.0
871,409,2004-06-02,1.0
42,754,2004-06-02,1.0
1556,1557,2004-06-02,1.0
1520,504,2004-06-02,1.0
704,69,2004-06-02,1.0
400,1555,2004-06-02,1.0
1142,1517,2004-06-02,1.0
453,516,2004-06-02,1.0
1517,1440,2004-06-02,1.0
339,1426,2004-06-02,1.0
1440,1517,2004-06-02,1.0
442,1184,2004-06-02,1.0
1553,1552,2004-06-02,1.0
1552,814,2004-06-02,1.0
109,32,2004-06-02,1.0
1517,504,2004-06-02,1.0
1255,1332,2004-06-02,1.0
605,431,2004-06-02,1.0
830,1426,2004-06-02,1.0
714,1540,2004-06-02,1.0
878,1540,2004-06-02,1.0
422,308,2004-06-02,1.0
263,337,2004-06-02,1.0
810,1540,2004-06-02,1.0
1479,658,2004-06-02,1.0
1339,1468,2004-06-02,1.0
1339,787,2004-06-02,1.0
1468,1339,2004-06-02,1.0
617,431,2004-06-02,1.0
787,1339,2004-06-02,1.0
1426,339,2004-06-02,1.0
643,1365,2004-06-02,1.0
9,1510,2004-06-02,1.0
787,1490,2004-06-02,1.0
1291,1335,2004-06-02,1.0
674,282,2004-06-02,1.0
1463,373,2004-06-02,1.0
99,1246,2004-06-02,1.0
1,1440,2004-06-02,1.0
1543,282,2004-06-02,1.0
249,1541,2004-06-02,1.0
1244,338,2004-06-02,1.0
994,1540,2004-06-02,1.0
212,1507,2004-06-02,1.0
249,1504,2004-06-02,1.0
658,1479,2004-06-02,1.0
495,1433,2004-06-02,1.0
547,1246,2004-06-02,1.0
1181,1545,2004-06-02,1.0
1013,85,2004-06-02,1.0
1517,1026,2004-06-02,1.0
1326,85,2004-06-02,1.0
1185,676,2004-06-02,1.0
1546,1547,2004-06-02,1.0
1244,615,2004-06-02,1.0
1546,32,2004-06-02,1.0
983,985,2004-06-02,1.0
103,1308,2004-06-02,1.0
323,514,2004-06-02,1.0
1184,1508,2004-06-02,1.0
1158,713,2004-06-02,1.0
41,616,2004-06-03,1.0
9,679,2004-06-03,1.0
41,1589,2004-06-03,1.0
41,1580,2004-06-03,1.0
1556,1582,2004-06-03,1.0
41,3,2004-06-03,1.0
482,1489,2004-06-03,1.0
1556,1231,2004-06-03,1.0
298,518,2004-06-03,1.0
1556,144,2004-06-03,1.0
1542,1282,2004-06-03,1.0
913,484,2004-06-03,1.0
1281,1556,2004-06-03,1.0
913,847,2004-06-03,1.0
1383,1185,2004-06-03,1.0
1588,502,2004-06-03,1.0
1556,1281,2004-06-03,1.0
144,1556,2004-06-03,1.0
878,1021,2004-06-03,1.0
41,541,2004-06-03,1.0
1402,1556,2004-06-03,1.0
1588,1284,2004-06-03,1.0
1556,1402,2004-06-03,1.0
1489,878,2004-06-03,1.0
878,1489,2004-06-03,1.0
1546,67,2004-06-03,1.0
1587,714,2004-06-03,1.0
9,1521,2004-06-03,1.0
1556,1545,2004-06-03,1.0
1383,749,2004-06-03,1.0
1185,1383,2004-06-03,1.0
878,1587,2004-06-03,1.0
878,502,2004-06-03,1.0
714,1587,2004-06-03,1.0
1546,1592,2004-06-03,1.0
9,1185,2004-06-03,1.0
620,27,2004-06-03,1.0
704,63,2004-06-03,1.0
781,3,2004-06-03,1.0
560,323,2004-06-03,1.0
762,1489,2004-06-03,1.0
762,1505,2004-06-03,1.0
762,1585,2004-06-03,1.0
308,1312,2004-06-03,1.0
762,1496,2004-06-03,1.0
762,992,2004-06-03,1.0
762,1497,2004-06-03,1.0
762,626,2004-06-03,1.0
762,1593,2004-06-03,1.0
1021,878,2004-06-03,1.0
1594,1033,2004-06-03,1.0
1180,1393,2004-06-03,1.0
824,731,2004-06-03,1.0
1189,8,2004-06-03,1.0
105,1444,2004-06-03,1.0
1590,1489,2004-06-03,1.0
1326,58,2004-06-03,1.0
372,1542,2004-06-03,1.0
1006,1448,2004-06-03,1.0
372,878,2004-06-03,1.0
878,372,2004-06-03,1.0
249,1573,2004-06-03,1.0
871,1448,2004-06-03,1.0
871,260,2004-06-03,1.0
425,765,2004-06-03,1.0
297,1583,2004-06-03,1.0
1564,598,2004-06-03,1.0
1545,1591,2004-06-03,1.0
1556,1400,2004-06-03,1.0
581,328,2004-06-03,1.0
605,749,2004-06-03,1.0
626,582,2004-06-03,1.0
878,1585,2004-06-03,1.0
821,483,2004-06-03,1.0
1018,1585,2004-06-03,1.0
1328,239,2004-06-03,1.0
9,32,2004-06-03,1.0
1101,1493,2004-06-03,1.0
328,581,2004-06-03,1.0
1173,1573,2004-06-03,1.0
928,1562,2004-06-03,1.0
1556,1246,2004-06-03,1.0
1585,1018,2004-06-03,1.0
482,1587,2004-06-03,1.0
546,1587,2004-06-03,1.0
1231,67,2004-06-03,1.0
1573,1173,2004-06-03,1.0
1545,12,2004-06-03,1.0
1562,928,2004-06-03,1.0
1189,502,2004-06-03,1.0
1280,9,2004-06-03,1.0
103,1585,2004-06-03,1.0
1402,1447,2004-06-03,1.0
1359,1343,2004-06-03,1.0
598,1562,2004-06-03,1.0
475,598,2004-06-03,1.0
1297,12,2004-06-03,1.0
72,42,2004-06-03,1.0
42,72,2004-06-03,1.0
1562,598,2004-06-03,1.0
103,109,2004-06-03,1.0
193,658,2004-06-03,1.0
928,1401,2004-06-03,1.0
1556,143,2004-06-03,1.0
928,1520,2004-06-03,1.0
1185,1417,2004-06-03,1.0
103,1518,2004-06-03,1.0
482,204,2004-06-03,1.0
482,389,2004-06-03,1.0
1520,928,2004-06-03,1.0
1489,482,2004-06-03,1.0
735,518,2004-06-03,1.0
356,1501,2004-06-03,1.0
605,1185,2004-06-03,1.0
1185,1444,2004-06-03,1.0
1489,927,2004-06-03,1.0
735,810,2004-06-03,1.0
735,1575,2004-06-03,1.0
1444,105,2004-06-03,1.0
219,1181,2004-06-03,1.0
1043,1585,2004-06-03,1.0
1489,681,2004-06-03,1.0
847,1578,2004-06-03,1.0
1501,356,2004-06-03,1.0
714,1493,2004-06-03,1.0
1556,893,2004-06-03,1.0
714,1540,2004-06-03,1.0
1556,1557,2004-06-03,1.0
1510,128,2004-06-03,1.0
176,101,2004-06-03,1.0
1518,1523,2004-06-03,1.0
852,966,2004-06-03,1.0
1518,103,2004-06-03,1.0
1521,42,2004-06-03,1.0
847,1521,2004-06-03,1.0
58,1326,2004-06-03,1.0
1014,1313,2004-06-03,1.0
1185,1587,2004-06-03,1.0
1548,303,2004-06-03,1.0
95,299,2004-06-03,1.0
342,1362,2004-06-03,1.0
95,1118,2004-06-03,1.0
317,701,2004-06-03,1.0
3,36,2004-06-03,1.0
41,610,2004-06-03,1.0
41,1463,2004-06-03,1.0
823,495,2004-06-03,1.0
823,103,2004-06-03,1.0
801,1246,2004-06-03,1.0
41,1142,2004-06-03,1.0
41,439,2004-06-03,1.0
41,1253,2004-06-03,1.0
41,1339,2004-06-03,1.0
41,1485,2004-06-03,1.0
282,1364,2004-06-03,1.0
95,1365,2004-06-03,1.0
1189,322,2004-06-03,1.0
1489,762,2004-06-03,1.0
768,1272,2004-06-03,1.0
908,103,2004-06-03,1.0
1502,238,2004-06-03,1.0
950,389,2004-06-03,1.0
204,482,2004-06-03,1.0
204,704,2004-06-03,1.0
204,1539,2004-06-03,1.0
1497,762,2004-06-03,1.0
1570,1447,2004-06-03,1.0
765,425,2004-06-03,1.0
322,1217,2004-06-03,1.0
1582,394,2004-06-03,1.0
1585,1582,2004-06-03,1.0
1284,1588,2004-06-03,1.0
1582,1585,2004-06-03,1.0
95,1246,2004-06-03,1.0
95,1393,2004-06-03,1.0
95,1402,2004-06-03,1.0
389,482,2004-06-03,1.0
95,1573,2004-06-03,1.0
1551,350,2004-06-03,1.0
323,560,2004-06-03,1.0
282,1543,2004-06-03,1.0
621,470,2004-06-03,1.0
12,101,2004-06-03,1.0
1111,1582,2004-06-03,1.0
309,1508,2004-06-03,1.0
103,1169,2004-06-03,1.0
1136,762,2004-06-03,1.0
1169,728,2004-06-03,1.0
768,1253,2004-06-03,1.0
3,135,2004-06-03,1.0
1031,831,2004-06-03,1.0
573,1436,2004-06-03,1.0
257,42,2004-06-03,1.0
257,1597,2004-06-03,1.0
1181,219,2004-06-03,1.0
278,1039,2004-06-03,1.0
615,329,2004-06-03,1.0
1217,322,2004-06-03,1.0
67,1217,2004-06-03,1.0
509,1587,2004-06-03,1.0
1253,768,2004-06-03,1.0
12,1297,2004-06-03,1.0
1397,294,2004-06-03,1.0
621,1063,2004-06-03,1.0
1436,573,2004-06-03,1.0
3,44,2004-06-03,1.0
1578,847,2004-06-03,1.0
1375,1472,2004-06-03,1.0
1578,337,2004-06-03,1.0
1368,1142,2004-06-03,1.0
700,337,2004-06-03,1.0
561,95,2004-06-03,1.0
495,823,2004-06-03,1.0
1562,1436,2004-06-03,1.0
470,621,2004-06-03,1.0
1508,309,2004-06-03,1.0
1562,823,2004-06-03,1.0
617,250,2004-06-03,1.0
1546,1339,2004-06-03,1.0
249,44,2004-06-03,1.0
1280,560,2004-06-03,1.0
1339,1344,2004-06-03,1.0
1556,1586,2004-06-03,1.0
1585,1043,2004-06-03,1.0
1585,762,2004-06-03,1.0
44,103,2004-06-03,1.0
582,626,2004-06-03,1.0
701,1579,2004-06-03,1.0
582,598,2004-06-03,1.0
701,317,2004-06-03,1.0
1253,50,2004-06-03,1.0
103,44,2004-06-03,1.0
822,704,2004-06-03,1.0
294,1397,2004-06-03,1.0
847,913,2004-06-03,1.0
1072,800,2004-06-03,1.0
1594,1377,2004-06-03,1.0
29,1540,2004-06-03,1.0
1072,1158,2004-06-03,1.0
1365,1393,2004-06-03,1.0
1393,1180,2004-06-03,1.0
1596,808,2004-06-03,1.0
394,1582,2004-06-03,1.0
342,809,2004-06-03,1.0
1013,1312,2004-06-03,1.0
250,569,2004-06-03,1.0
865,708,2004-06-03,1.0
53,308,2004-06-03,1.0
32,1546,2004-06-03,1.0
560,1280,2004-06-03,1.0
1255,1332,2004-06-03,1.0
1575,735,2004-06-03,1.0
29,569,2004-06-03,1.0
1586,1545,2004-06-03,1.0
1586,1595,2004-06-03,1.0
980,710,2004-06-03,1.0
569,250,2004-06-03,1.0
626,762,2004-06-03,1.0
1272,768,2004-06-03,1.0
32,1577,2004-06-03,1.0
1586,1556,2004-06-03,1.0
1072,878,2004-06-03,1.0
103,1072,2004-06-03,1.0
29,1587,2004-06-03,1.0
1386,1580,2004-06-03,1.0
1585,1033,2004-06-03,1.0
1579,342,2004-06-03,1.0
1579,701,2004-06-03,1.0
389,494,2004-06-03,1.0
1415,42,2004-06-03,1.0
1033,1594,2004-06-03,1.0
3,781,2004-06-03,1.0
958,959,2004-06-03,1.0
958,704,2004-06-03,1.0
9,1196,2004-06-03,1.0
67,1546,2004-06-03,1.0
3,72,2004-06-03,1.0
465,1013,2004-06-03,1.0
3,32,2004-06-03,1.0
3,1440,2004-06-03,1.0
704,958,2004-06-03,1.0
83,1244,2004-06-03,1.0
494,389,2004-06-03,1.0
639,103,2004-06-03,1.0
639,19,2004-06-03,1.0
1312,1013,2004-06-03,1.0
1312,308,2004-06-03,1.0
878,1072,2004-06-03,1.0
1312,1344,2004-06-03,1.0
350,1551,2004-06-03,1.0
1013,465,2004-06-03,1.0
557,63,2004-06-03,1.0
1393,1365,2004-06-03,1.0
1031,1109,2004-06-03,1.0
1158,1072,2004-06-03,1.0
801,249,2004-06-03,1.0
1339,1546,2004-06-03,1.0
1546,32,2004-06-03,1.0
1500,1447,2004-06-03,1.0
53,9,2004-06-03,1.0
1580,32,2004-06-03,1.0
474,749,2004-06-03,1.0
840,1397,2004-06-03,1.0
3,1577,2004-06-03,1.0
495,1433,2004-06-03,1.0
495,1367,2004-06-03,1.0
1313,507,2004-06-03,1.0
475,250,2004-06-03,1.0
1190,1568,2004-06-03,1.0
1577,3,2004-06-03,1.0
538,1581,2004-06-03,1.0
1313,1014,2004-06-03,1.0
67,1313,2004-06-03,1.0
1580,1190,2004-06-03,1.0
967,963,2004-06-03,1.0
12,1313,2004-06-03,1.0
1,856,2004-06-03,1.0
474,400,2004-06-03,1.0
1178,1397,2004-06-03,1.0
3,1578,2004-06-03,1.0
1434,174,2004-06-03,1.0
12,8,2004-06-03,1.0
598,1576,2004-06-03,1.0
701,326,2004-06-03,1.0
128,1510,2004-06-03,1.0
1568,394,2004-06-03,1.0
859,1403,2004-06-03,1.0
1578,751,2004-06-03,1.0
1440,1509,2004-06-03,1.0
1578,1448,2004-06-03,1.0
495,1043,2004-06-03,1.0
250,475,2004-06-03,1.0
495,1213,2004-06-03,1.0
518,735,2004-06-03,1.0
1255,67,2004-06-03,1.0
103,1231,2004-06-03,1.0
393,1190,2004-06-03,1.0
1580,1329,2004-06-03,1.0
103,1554,2004-06-03,1.0
105,1387,2004-06-03,1.0
357,1568,2004-06-03,1.0
1554,103,2004-06-03,1.0
233,810,2004-06-03,1.0
1313,42,2004-06-03,1.0
357,967,2004-06-03,1.0
1540,29,2004-06-03,1.0
1313,242,2004-06-03,1.0
357,1521,2004-06-03,1.0
1509,1440,2004-06-03,1.0
53,1508,2004-06-03,1.0
495,67,2004-06-03,1.0
1568,1190,2004-06-03,1.0
103,495,2004-06-03,1.0
105,1573,2004-06-03,1.0
871,1568,2004-06-03,1.0
1043,495,2004-06-03,1.0
233,193,2004-06-03,1.0
32,3,2004-06-03,1.0
704,1578,2004-06-03,1.0
12,1387,2004-06-03,1.0
42,1561,2004-06-03,1.0
174,1434,2004-06-03,1.0
1036,792,2004-06-03,1.0
731,824,2004-06-03,1.0
569,29,2004-06-03,1.0
12,282,2004-06-03,1.0
32,1081,2004-06-03,1.0
1346,1314,2004-06-03,1.0
557,792,2004-06-03,1.0
509,1026,2004-06-03,1.0
1507,212,2004-06-03,1.0
1539,734,2004-06-03,1.0
569,1313,2004-06-03,1.0
114,770,2004-06-03,1.0
114,103,2004-06-03,1.0
1433,983,2004-06-03,1.0
704,502,2004-06-03,1.0
483,821,2004-06-03,1.0
1401,928,2004-06-03,1.0
233,155,2004-06-03,1.0
394,1568,2004-06-03,1.0
1190,394,2004-06-03,1.0
1397,823,2004-06-03,1.0
1189,1184,2004-06-03,1.0
32,983,2004-06-03,1.0
9,1313,2004-06-03,1.0
824,376,2004-06-03,1.0
1556,711,2004-06-03,1.0
617,734,2004-06-03,1.0
518,1488,2004-06-03,1.0
1572,1429,2004-06-03,1.0
124,447,2004-06-03,1.0
447,124,2004-06-03,1.0
163,1208,2004-06-03,1.0
792,557,2004-06-03,1.0
704,822,2004-06-03,1.0
12,32,2004-06-03,1.0
1489,1533,2004-06-03,1.0
9,1573,2004-06-03,1.0
103,114,2004-06-03,1.0
103,1540,2004-06-03,1.0
1539,523,2004-06-03,1.0
8,1522,2004-06-03,1.0
1545,1557,2004-06-03,1.0
1521,254,2004-06-03,1.0
1021,1285,2004-06-03,1.0
1310,1575,2004-06-03,1.0
792,372,2004-06-03,1.0
704,204,2004-06-03,1.0
32,1573,2004-06-03,1.0
792,1036,2004-06-03,1.0
254,1573,2004-06-03,1.0
1539,204,2004-06-03,1.0
1539,1573,2004-06-03,1.0
1540,994,2004-06-03,1.0
1573,1420,2004-06-03,1.0
679,1574,2004-06-03,1.0
29,85,2004-06-03,1.0
1546,1573,2004-06-03,1.0
1573,729,2004-06-03,1.0
193,233,2004-06-03,1.0
1573,788,2004-06-03,1.0
1573,728,2004-06-03,1.0
19,1573,2004-06-03,1.0
1579,85,2004-06-03,1.0
1489,155,2004-06-03,1.0
103,919,2004-06-03,1.0
317,307,2004-06-03,1.0
1038,1489,2004-06-03,1.0
1433,495,2004-06-03,1.0
615,1579,2004-06-03,1.0
1556,85,2004-06-03,1.0
1489,1038,2004-06-03,1.0
1556,475,2004-06-03,1.0
376,824,2004-06-03,1.0
1447,1500,2004-06-03,1.0
12,1286,2004-06-03,1.0
704,1580,2004-06-03,1.0
640,1468,2004-06-03,1.0
1437,1332,2004-06-03,1.0
1583,297,2004-06-03,1.0
67,32,2004-06-03,1.0
1319,616,2004-06-03,1.0
919,103,2004-06-03,1.0
919,42,2004-06-03,1.0
1579,356,2004-06-03,1.0
1579,615,2004-06-03,1.0
214,1573,2004-06-03,1.0
9,1510,2004-06-03,1.0
9,1338,2004-06-03,1.0
605,734,2004-06-03,1.0
598,475,2004-06-03,1.0
1246,547,2004-06-03,1.0
42,919,2004-06-03,1.0
9,740,2004-06-03,1.0
9,498,2004-06-03,1.0
9,1342,2004-06-03,1.0
1545,1586,2004-06-03,1.0
239,1328,2004-06-03,1.0
1359,1342,2004-06-03,1.0
12,1485,2004-06-03,1.0
1286,1343,2004-06-03,1.0
103,658,2004-06-03,1.0
547,1246,2004-06-03,1.0
1493,1113,2004-06-03,1.0
1575,1310,2004-06-03,1.0
1493,1584,2004-06-03,1.0
1416,400,2004-06-03,1.0
1556,598,2004-06-03,1.0
681,1042,2004-06-03,1.0
317,1534,2004-06-03,1.0
9,788,2004-06-03,1.0
658,103,2004-06-03,1.0
658,193,2004-06-03,1.0
1584,1493,2004-06-03,1.0
67,1231,2004-06-03,1.0
704,617,2004-06-03,1.0
250,617,2004-06-03,1.0
708,949,2004-06-03,1.0
1313,483,2004-06-03,1.0
103,617,2004-06-03,1.0
681,1118,2004-06-03,1.0
708,865,2004-06-03,1.0
788,1573,2004-06-03,1.0
1118,681,2004-06-03,1.0
708,812,2004-06-03,1.0
63,557,2004-06-03,1.0
809,257,2004-06-03,1.0
809,342,2004-06-03,1.0
357,1582,2004-06-03,1.0
1343,1286,2004-06-03,1.0
1421,485,2004-06-03,1.0
541,400,2004-06-03,1.0
357,1304,2004-06-03,1.0
1282,1542,2004-06-03,1.0
67,1573,2004-06-03,1.0
1282,221,2004-06-03,1.0
704,1231,2004-06-03,1.0
523,1539,2004-06-03,1.0
483,1313,2004-06-03,1.0
9,1312,2004-06-03,1.0
1313,67,2004-06-03,1.0
1343,1342,2004-06-03,1.0
810,233,2004-06-03,1.0
103,1343,2004-06-03,1.0
1342,1343,2004-06-03,1.0
1579,1313,2004-06-03,1.0
90,967,2004-06-03,1.0
967,90,2004-06-03,1.0
1343,103,2004-06-03,1.0
1342,1359,2004-06-03,1.0
1343,1359,2004-06-03,1.0
810,735,2004-06-03,1.0
1314,1346,2004-06-04,1.0
1314,252,2004-06-04,1.0
912,63,2004-06-04,1.0
1562,1346,2004-06-04,1.0
68,323,2004-06-04,1.0
1517,63,2004-06-04,1.0
1562,1068,2004-06-04,1.0
495,1043,2004-06-04,1.0
778,974,2004-06-04,1.0
63,912,2004-06-04,1.0
53,1349,2004-06-04,1.0
1605,779,2004-06-04,1.0
810,233,2004-06-04,1.0
63,1604,2004-06-04,1.0
1594,542,2004-06-04,1.0
1255,1332,2004-06-04,1.0
621,470,2004-06-04,1.0
53,646,2004-06-04,1.0
912,375,2004-06-04,1.0
303,1215,2004-06-04,1.0
1556,1281,2004-06-04,1.0
1292,598,2004-06-04,1.0
1362,252,2004-06-04,1.0
1339,543,2004-06-04,1.0
1556,1586,2004-06-04,1.0
1489,546,2004-06-04,1.0
1606,885,2004-06-04,1.0
1539,1024,2004-06-04,1.0
1594,1158,2004-06-04,1.0
542,1594,2004-06-04,1.0
938,1265,2004-06-04,1.0
1265,938,2004-06-04,1.0
372,1540,2004-06-04,1.0
372,536,2004-06-04,1.0
1539,1056,2004-06-04,1.0
793,1215,2004-06-04,1.0
569,1313,2004-06-04,1.0
1033,1605,2004-06-04,1.0
1033,1585,2004-06-04,1.0
1556,283,2004-06-04,1.0
1539,437,2004-06-04,1.0
1520,1036,2004-06-04,1.0
1165,938,2004-06-04,1.0
1165,621,2004-06-04,1.0
919,870,2004-06-04,1.0
919,303,2004-06-04,1.0
762,1496,2004-06-04,1.0
762,1497,2004-06-04,1.0
878,1189,2004-06-04,1.0
375,912,2004-06-04,1.0
518,298,2004-06-04,1.0
1362,302,2004-06-04,1.0
1603,1517,2004-06-04,1.0
1520,513,2004-06-04,1.0
967,303,2004-06-04,1.0
1313,1579,2004-06-04,1.0
704,475,2004-06-04,1.0
1598,398,2004-06-04,1.0
1576,598,2004-06-04,1.0
1472,1375,2004-06-04,1.0
1598,327,2004-06-04,1.0
1489,1533,2004-06-04,1.0
1489,482,2004-06-04,1.0
1598,277,2004-06-04,1.0
1598,299,2004-06-04,1.0
1601,1282,2004-06-04,1.0
1362,342,2004-06-04,1.0
1601,1540,2004-06-04,1.0
1598,1597,2004-06-04,1.0
1598,254,2004-06-04,1.0
1598,1176,2004-06-04,1.0
502,933,2004-06-04,1.0
1189,8,2004-06-04,1.0
1281,1556,2004-06-04,1.0
1313,1014,2004-06-04,1.0
843,1195,2004-06-04,1.0
1598,1215,2004-06-04,1.0
67,430,2004-06-04,1.0
1158,1594,2004-06-04,1.0
393,1190,2004-06-04,1.0
1215,303,2004-06-04,1.0
1013,1489,2004-06-04,1.0
1158,1585,2004-06-04,1.0
1521,847,2004-06-04,1.0
1013,299,2004-06-04,1.0
1598,1006,2004-06-04,1.0
1375,1472,2004-06-04,1.0
1598,1472,2004-06-04,1.0
1598,1479,2004-06-04,1.0
1497,762,2004-06-04,1.0
95,1365,2004-06-04,1.0
1542,1282,2004-06-04,1.0
95,712,2004-06-04,1.0
95,1580,2004-06-04,1.0
95,1393,2004-06-04,1.0
334,1603,2004-06-04,1.0
95,1246,2004-06-04,1.0
1603,334,2004-06-04,1.0
95,1118,2004-06-04,1.0
95,299,2004-06-04,1.0
95,561,2004-06-04,1.0
350,1551,2004-06-04,1.0
1575,735,2004-06-04,1.0
1072,1158,2004-06-04,1.0
257,1610,2004-06-04,1.0
9,1313,2004-06-04,1.0
1540,372,2004-06-04,1.0
393,942,2004-06-04,1.0
42,1582,2004-06-04,1.0
189,36,2004-06-04,1.0
1313,507,2004-06-04,1.0
41,1497,2004-06-04,1.0
1387,67,2004-06-04,1.0
701,317,2004-06-04,1.0
1313,569,2004-06-04,1.0
1577,32,2004-06-04,1.0
1582,42,2004-06-04,1.0
283,1556,2004-06-04,1.0
710,610,2004-06-04,1.0
871,1608,2004-06-04,1.0
1614,1603,2004-06-04,1.0
1365,1393,2004-06-04,1.0
1365,95,2004-06-04,1.0
483,1313,2004-06-04,1.0
1005,546,2004-06-04,1.0
546,1005,2004-06-04,1.0
1118,95,2004-06-04,1.0
1562,598,2004-06-04,1.0
1393,1613,2004-06-04,1.0
792,557,2004-06-04,1.0
95,1385,2004-06-04,1.0
1611,1612,2004-06-04,1.0
95,1251,2004-06-04,1.0
421,1436,2004-06-04,1.0
319,1075,2004-06-04,1.0
1582,1526,2004-06-04,1.0
942,393,2004-06-04,1.0
1562,932,2004-06-04,1.0
124,449,2004-06-04,1.0
124,447,2004-06-04,1.0
1158,1072,2004-06-04,1.0
883,245,2004-06-04,1.0
831,1199,2004-06-04,1.0
322,1021,2004-06-04,1.0
337,700,2004-06-04,1.0
1578,847,2004-06-04,1.0
557,792,2004-06-04,1.0
303,1548,2004-06-04,1.0
303,919,2004-06-04,1.0
942,1417,2004-06-04,1.0
1596,1607,2004-06-04,1.0
1548,303,2004-06-04,1.0
1548,1063,2004-06-04,1.0
713,714,2004-06-04,1.0
1253,768,2004-06-04,1.0
713,716,2004-06-04,1.0
514,762,2004-06-04,1.0
536,372,2004-06-04,1.0
1329,526,2004-06-04,1.0
950,389,2004-06-04,1.0
36,189,2004-06-04,1.0
470,621,2004-06-04,1.0
1585,762,2004-06-04,1.0
949,708,2004-06-04,1.0
1579,1313,2004-06-04,1.0
32,430,2004-06-04,1.0
32,1577,2004-06-04,1.0
713,1379,2004-06-04,1.0
518,1488,2004-06-04,1.0
42,1440,2004-06-04,1.0
3,1609,2004-06-04,1.0
67,1313,2004-06-04,1.0
768,1253,2004-06-04,1.0
507,1313,2004-06-04,1.0
1540,994,2004-06-04,1.0
1387,12,2004-06-04,1.0
1539,1402,2004-06-04,1.0
1594,1497,2004-06-04,1.0
994,1540,2004-06-04,1.0
163,986,2004-06-04,1.0
1539,708,2004-06-04,1.0
1199,831,2004-06-04,1.0
9,1558,2004-06-04,1.0
1362,1608,2004-06-04,1.0
8,1189,2004-06-04,1.0
615,329,2004-06-04,1.0
1440,42,2004-06-04,1.0
425,765,2004-06-04,1.0
594,752,2004-06-04,1.0
53,1551,2004-06-04,1.0
1497,1594,2004-06-04,1.0
801,313,2004-06-04,1.0
1489,710,2004-06-04,1.0
1598,341,2004-06-04,1.0
1598,1262,2004-06-04,1.0
710,1489,2004-06-04,1.0
1598,44,2004-06-04,1.0
1598,667,2004-06-04,1.0
1598,1187,2004-06-04,1.0
1598,710,2004-06-04,1.0
768,1217,2004-06-04,1.0
1598,1344,2004-06-04,1.0
1598,801,2004-06-04,1.0
1598,919,2004-06-04,1.0
1598,475,2004-06-04,1.0
1598,735,2004-06-04,1.0
1598,881,2004-06-04,1.0
1598,155,2004-06-04,1.0
1246,801,2004-06-04,1.0
582,626,2004-06-04,1.0
801,1246,2004-06-04,1.0
1582,1111,2004-06-04,1.0
1598,332,2004-06-04,1.0
1598,654,2004-06-04,1.0
1598,777,2004-06-04,1.0
1598,841,2004-06-04,1.0
1598,356,2004-06-04,1.0
1598,1252,2004-06-04,1.0
42,919,2004-06-04,1.0
967,549,2004-06-04,1.0
823,549,2004-06-04,1.0
1352,1580,2004-06-04,1.0
1598,967,2004-06-04,1.0
1598,1514,2004-06-04,1.0
1598,625,2004-06-04,1.0
1598,1265,2004-06-04,1.0
569,29,2004-06-04,1.0
1598,1542,2004-06-04,1.0
1598,549,2004-06-04,1.0
810,735,2004-06-04,1.0
1598,1039,2004-06-04,1.0
1598,50,2004-06-04,1.0
286,202,2004-06-04,1.0
1598,322,2004-06-04,1.0
1447,1570,2004-06-04,1.0
389,950,2004-06-04,1.0
389,482,2004-06-04,1.0
751,822,2004-06-04,1.0
919,42,2004-06-04,1.0
1387,105,2004-06-04,1.0
482,194,2004-06-04,1.0
303,1118,2004-06-04,1.0
103,919,2004-06-04,1.0
27,1031,2004-06-04,1.0
704,958,2004-06-04,1.0
1118,303,2004-06-04,1.0
278,1039,2004-06-04,1.0
1246,95,2004-06-04,1.0
1227,326,2004-06-04,1.0
809,257,2004-06-04,1.0
1487,50,2004-06-04,1.0
1189,322,2004-06-04,1.0
482,389,2004-06-04,1.0
1039,278,2004-06-04,1.0
1546,1436,2004-06-04,1.0
1447,1402,2004-06-04,1.0
1489,1588,2004-06-04,1.0
1598,32,2004-06-04,1.0
1598,1599,2004-06-04,1.0
1346,1314,2004-06-04,1.0
1598,88,2004-06-04,1.0
1598,1329,2004-06-04,1.0
1598,560,2004-06-04,1.0
1522,1587,2004-06-04,1.0
1522,220,2004-06-04,1.0
1598,632,2004-06-04,1.0
474,1208,2004-06-04,1.0
632,272,2004-06-04,1.0
1522,8,2004-06-04,1.0
679,986,2004-06-04,1.0
986,1265,2004-06-04,1.0
1598,986,2004-06-04,1.0
1598,984,2004-06-04,1.0
986,163,2004-06-04,1.0
1598,645,2004-06-04,1.0
447,124,2004-06-04,1.0
886,768,2004-06-04,1.0
322,1217,2004-06-04,1.0
610,710,2004-06-04,1.0
1520,451,2004-06-04,1.0
1585,714,2004-06-04,1.0
1539,1582,2004-06-04,1.0
581,1602,2004-06-04,1.0
1539,1039,2004-06-04,1.0
1580,1352,2004-06-04,1.0
12,8,2004-06-04,1.0
1598,598,2004-06-04,1.0
1580,95,2004-06-04,1.0
1580,1386,2004-06-04,1.0
679,1574,2004-06-04,1.0
1520,1513,2004-06-04,1.0
546,598,2004-06-04,1.0
1440,1105,2004-06-04,1.0
1105,1440,2004-06-04,1.0
366,1349,2004-06-04,1.0
1601,525,2004-06-04,1.0
483,821,2004-06-04,1.0
581,328,2004-06-04,1.0
1598,568,2004-06-04,1.0
1598,1282,2004-06-04,1.0
1042,681,2004-06-04,1.0
1585,303,2004-06-04,1.0
1598,337,2004-06-04,1.0
1598,658,2004-06-04,1.0
1598,1195,2004-06-04,1.0
1585,1043,2004-06-04,1.0
1598,85,2004-06-04,1.0
1534,317,2004-06-04,1.0
1142,1368,2004-06-04,1.0
1520,460,2004-06-04,1.0
1598,708,2004-06-04,1.0
1282,1542,2004-06-04,1.0
1585,1190,2004-06-04,1.0
1598,1190,2004-06-04,1.0
1598,1359,2004-06-04,1.0
1190,1582,2004-06-04,1.0
1598,1168,2004-06-04,1.0
1190,393,2004-06-04,1.0
1598,1304,2004-06-04,1.0
1598,1485,2004-06-04,1.0
1598,1561,2004-06-04,1.0
1598,1558,2004-06-04,1.0
1598,1227,2004-06-04,1.0
1598,1107,2004-06-04,1.0
1578,751,2004-06-04,1.0
1598,1591,2004-06-04,1.0
1598,1496,2004-06-04,1.0
1598,345,2004-06-04,1.0
1598,1174,2004-06-04,1.0
1598,1487,2004-06-04,1.0
549,967,2004-06-04,1.0
1496,762,2004-06-04,1.0
1598,393,2004-06-04,1.0
29,569,2004-06-04,1.0
1598,1246,2004-06-04,1.0
1601,774,2004-06-04,1.0
1598,1136,2004-06-04,1.0
1585,1033,2004-06-04,1.0
1520,449,2004-06-04,1.0
12,1297,2004-06-04,1.0
1285,97,2004-06-04,1.0
449,124,2004-06-04,1.0
639,19,2004-06-04,1.0
822,751,2004-06-04,1.0
1105,1154,2004-06-04,1.0
1601,617,2004-06-04,1.0
1326,58,2004-06-04,1.0
1285,1600,2004-06-04,1.0
1056,212,2004-06-04,1.0
1540,29,2004-06-04,1.0
1231,67,2004-06-04,1.0
1196,32,2004-06-04,1.0
357,617,2004-06-04,1.0
852,1440,2004-06-04,1.0
1440,1419,2004-06-04,1.0
32,1196,2004-06-04,1.0
3,1440,2004-06-04,1.0
357,1585,2004-06-04,1.0
66,282,2004-06-04,1.0
704,1585,2004-06-04,1.0
1285,1021,2004-06-04,1.0
547,1246,2004-06-04,1.0
313,801,2004-06-05,1.0
555,598,2004-06-05,1.0
1616,1173,2004-06-05,1.0
145,586,2004-06-05,1.0
852,276,2004-06-05,1.0
713,1588,2004-06-05,1.0
1496,762,2004-06-05,1.0
1616,50,2004-06-05,1.0
163,1208,2004-06-05,1.0
199,1582,2004-06-05,1.0
752,594,2004-06-05,1.0
713,546,2004-06-05,1.0
36,189,2004-06-05,1.0
1539,1338,2004-06-05,1.0
308,60,2004-06-05,1.0
1539,1131,2004-06-05,1.0
41,1497,2004-06-05,1.0
308,1517,2004-06-05,1.0
1517,308,2004-06-05,1.0
1539,437,2004-06-05,1.0
338,1244,2004-06-05,1.0
321,392,2004-06-05,1.0
523,228,2004-06-05,1.0
1578,847,2004-06-05,1.0
50,1616,2004-06-05,1.0
809,342,2004-06-05,1.0
1565,1379,2004-06-05,1.0
204,1576,2004-06-05,1.0
272,632,2004-06-05,1.0
1252,1565,2004-06-05,1.0
1556,283,2004-06-05,1.0
1565,1472,2004-06-05,1.0
1489,878,2004-06-05,1.0
1472,1565,2004-06-05,1.0
1577,1556,2004-06-05,1.0
1565,933,2004-06-05,1.0
1556,1577,2004-06-05,1.0
1283,1617,2004-06-05,1.0
792,1036,2004-06-05,1.0
933,1565,2004-06-05,1.0
1598,337,2004-06-05,1.0
1598,893,2004-06-05,1.0
1539,1618,2004-06-05,1.0
681,109,2004-06-05,1.0
1603,357,2004-06-05,1.0
1603,67,2004-06-05,1.0
245,883,2004-06-05,1.0
298,353,2004-06-05,1.0
1189,8,2004-06-05,1.0
1578,751,2004-06-05,1.0
1539,1620,2004-06-05,1.0
809,209,2004-06-05,1.0
483,821,2004-06-05,1.0
297,557,2004-06-05,1.0
1265,938,2004-06-05,1.0
812,708,2004-06-05,1.0
389,950,2004-06-05,1.0
1487,161,2004-06-05,1.0
27,620,2004-06-05,1.0
1619,175,2004-06-05,1.0
1339,605,2004-06-05,1.0
950,389,2004-06-05,1.0
1352,1580,2004-06-05,1.0
600,847,2004-06-05,1.0
1185,1173,2004-06-05,1.0
1601,605,2004-06-05,1.0
799,199,2004-06-05,1.0
1190,393,2004-06-05,1.0
1190,62,2004-06-05,1.0
1619,1511,2004-06-05,1.0
1190,1349,2004-06-05,1.0
1616,1601,2004-06-05,1.0
1565,620,2004-06-05,1.0
42,1621,2004-06-05,1.0
1440,1419,2004-06-05,1.0
1601,1282,2004-06-05,1.0
1619,1402,2004-06-05,1.0
1314,1346,2004-06-05,1.0
509,1026,2004-06-05,1.0
9,1338,2004-06-05,1.0
3,252,2004-06-05,1.0
1021,1449,2004-06-05,1.0
781,1550,2004-06-05,1.0
582,1261,2004-06-05,1.0
394,1190,2004-06-05,1.0
801,313,2004-06-05,1.0
283,1556,2004-06-05,1.0
1539,1585,2004-06-05,1.0
1539,8,2004-06-05,1.0
12,1577,2004-06-05,1.0
95,1393,2004-06-05,1.0
1292,242,2004-06-05,1.0
1255,546,2004-06-05,1.0
1272,1280,2004-06-05,1.0
1539,1402,2004-06-05,1.0
1280,1272,2004-06-05,1.0
9,1280,2004-06-05,1.0
203,475,2004-06-05,1.0
1539,527,2004-06-05,1.0
1036,1520,2004-06-05,1.0
1036,792,2004-06-05,1.0
1036,1123,2004-06-05,1.0
1036,507,2004-06-05,1.0
821,483,2004-06-05,1.0
1440,1183,2004-06-05,1.0
1539,1039,2004-06-05,1.0
878,598,2004-06-05,1.0
1598,1329,2004-06-05,1.0
1598,322,2004-06-05,1.0
1598,881,2004-06-05,1.0
32,378,2004-06-05,1.0
1598,777,2004-06-05,1.0
1598,1174,2004-06-05,1.0
1539,1068,2004-06-05,1.0
1598,1176,2004-06-05,1.0
1598,1344,2004-06-05,1.0
1598,841,2004-06-05,1.0
1598,1165,2004-06-05,1.0
1598,1006,2004-06-05,1.0
32,8,2004-06-05,1.0
1598,1281,2004-06-05,1.0
1598,539,2004-06-05,1.0
1598,214,2004-06-05,1.0
357,1603,2004-06-05,1.0
1594,1497,2004-06-05,1.0
342,1039,2004-06-05,1.0
1576,578,2004-06-05,1.0
42,1597,2004-06-05,1.0
1,42,2004-06-05,1.0
507,1313,2004-06-05,1.0
1075,319,2004-06-05,1.0
53,1615,2004-06-05,1.0
768,621,2004-06-05,1.0
42,1,2004-06-05,1.0
1576,823,2004-06-05,1.0
1497,1594,2004-06-05,1.0
1059,1603,2004-06-05,1.0
1521,42,2004-06-05,1.0
42,1365,2004-06-05,1.0
1059,548,2004-06-05,1.0
1475,1608,2004-06-05,1.0
1521,847,2004-06-05,1.0
1608,1475,2004-06-05,1.0
447,124,2004-06-05,1.0
1521,1118,2004-06-05,1.0
12,1118,2004-06-05,1.0
1588,517,2004-06-05,1.0
1313,507,2004-06-05,1.0
1539,899,2004-06-05,1.0
67,1603,2004-06-05,1.0
1255,1332,2004-06-05,1.0
299,95,2004-06-05,1.0
1539,154,2004-06-05,1.0
1520,1036,2004-06-05,1.0
1539,576,2004-06-05,1.0
1313,67,2004-06-05,1.0
704,958,2004-06-05,1.0
1313,483,2004-06-05,1.0
870,919,2004-06-05,1.0
1489,308,2004-06-05,1.0
372,1184,2004-06-05,1.0
1522,1184,2004-06-05,1.0
1522,1565,2004-06-05,1.0
276,852,2004-06-05,1.0
1565,1252,2004-06-05,1.0
303,919,2004-06-05,1.0
1021,322,2004-06-05,1.0
1576,204,2004-06-05,1.0
1539,1103,2004-06-05,1.0
1282,1542,2004-06-05,1.0
546,1255,2004-06-05,1.0
713,1528,2004-06-05,1.0
67,1313,2004-06-05,1.0
713,749,2004-06-05,1.0
713,1165,2004-06-05,1.0
1065,538,2004-06-05,1.0
53,87,2004-06-05,1.0
1539,1299,2004-06-05,1.0
353,298,2004-06-05,1.0
249,44,2004-06-05,1.0
249,801,2004-06-05,1.0
1539,69,2004-06-05,1.0
1539,1184,2004-06-05,1.0
1393,1365,2004-06-05,1.0
751,822,2004-06-05,1.0
1184,372,2004-06-05,1.0
1616,1539,2004-06-05,1.0
1565,278,2004-06-05,1.0
1253,85,2004-06-05,1.0
1539,1188,2004-06-05,1.0
1539,958,2004-06-05,1.0
1565,1564,2004-06-05,1.0
1542,1282,2004-06-05,1.0
1562,1517,2004-06-05,1.0
822,751,2004-06-05,1.0
735,810,2004-06-06,1.0
1127,405,2004-06-06,1.0
735,1575,2004-06-06,1.0
155,1196,2004-06-06,1.0
1585,1043,2004-06-06,1.0
1578,342,2004-06-06,1.0
1196,155,2004-06-06,1.0
626,733,2004-06-06,1.0
176,1603,2004-06-06,1.0
950,389,2004-06-06,1.0
950,1284,2004-06-06,1.0
821,483,2004-06-06,1.0
1509,352,2004-06-06,1.0
1578,847,2004-06-06,1.0
725,1260,2004-06-06,1.0
615,823,2004-06-06,1.0
105,585,2004-06-06,1.0
352,1509,2004-06-06,1.0
103,277,2004-06-06,1.0
525,1623,2004-06-06,1.0
103,899,2004-06-06,1.0
103,1015,2004-06-06,1.0
357,1359,2004-06-06,1.0
19,639,2004-06-06,1.0
1,1626,2004-06-06,1.0
143,357,2004-06-06,1.0
1359,357,2004-06-06,1.0
3,60,2004-06-06,1.0
1042,220,2004-06-06,1.0
967,1158,2004-06-06,1.0
1582,199,2004-06-06,1.0
547,712,2004-06-06,1.0
1158,1423,2004-06-06,1.0
1619,781,2004-06-06,1.0
1619,297,2004-06-06,1.0
41,1585,2004-06-06,1.0
233,810,2004-06-06,1.0
1158,1585,2004-06-06,1.0
1575,735,2004-06-06,1.0
1284,950,2004-06-06,1.0
220,1601,2004-06-06,1.0
220,234,2004-06-06,1.0
536,733,2004-06-06,1.0
234,220,2004-06-06,1.0
103,409,2004-06-06,1.0
1281,1598,2004-06-06,1.0
1527,144,2004-06-06,1.0
67,318,2004-06-06,1.0
600,1454,2004-06-06,1.0
199,1582,2004-06-06,1.0
1072,1158,2004-06-06,1.0
1158,1072,2004-06-06,1.0
352,840,2004-06-06,1.0
389,950,2004-06-06,1.0
1619,712,2004-06-06,1.0
810,1624,2004-06-06,1.0
852,1611,2004-06-06,1.0
327,1598,2004-06-06,1.0
224,1624,2004-06-06,1.0
1313,507,2004-06-06,1.0
342,1255,2004-06-06,1.0
389,1576,2004-06-06,1.0
1539,1628,2004-06-06,1.0
704,734,2004-06-06,1.0
68,323,2004-06-06,1.0
1522,1184,2004-06-06,1.0
1522,1598,2004-06-06,1.0
1624,224,2004-06-06,1.0
1548,303,2004-06-06,1.0
704,502,2004-06-06,1.0
1362,342,2004-06-06,1.0
713,733,2004-06-06,1.0
1522,1616,2004-06-06,1.0
713,912,2004-06-06,1.0
1522,859,2004-06-06,1.0
174,1231,2004-06-06,1.0
72,1316,2004-06-06,1.0
1624,810,2004-06-06,1.0
809,342,2004-06-06,1.0
704,1603,2004-06-06,1.0
509,893,2004-06-06,1.0
1009,463,2004-06-06,1.0
605,1601,2004-06-06,1.0
1105,840,2004-06-06,1.0
1626,1,2004-06-06,1.0
145,644,2004-06-06,1.0
1625,686,2004-06-06,1.0
1396,669,2004-06-06,1.0
1,312,2004-06-06,1.0
507,1036,2004-06-06,1.0
1548,1598,2004-06-06,1.0
1619,1100,2004-06-06,1.0
103,758,2004-06-06,1.0
1619,758,2004-06-06,1.0
758,1619,2004-06-06,1.0
1624,234,2004-06-06,1.0
1043,1585,2004-06-06,1.0
859,725,2004-06-06,1.0
810,233,2004-06-06,1.0
1539,1338,2004-06-06,1.0
1624,1518,2004-06-06,1.0
103,908,2004-06-06,1.0
145,933,2004-06-06,1.0
282,1627,2004-06-06,1.0
12,1577,2004-06-06,1.0
733,1118,2004-06-06,1.0
733,1608,2004-06-06,1.0
733,626,2004-06-06,1.0
1158,1565,2004-06-06,1.0
323,68,2004-06-06,1.0
1489,878,2004-06-06,1.0
198,101,2004-06-06,1.0
1624,733,2004-06-06,1.0
967,733,2004-06-06,1.0
447,395,2004-06-06,1.0
733,447,2004-06-06,1.0
967,303,2004-06-06,1.0
1169,733,2004-06-06,1.0
447,733,2004-06-06,1.0
1365,42,2004-06-06,1.0
1624,141,2004-06-06,1.0
547,527,2004-06-06,1.0
53,1551,2004-06-06,1.0
409,563,2004-06-06,1.0
53,1623,2004-06-06,1.0
1184,317,2004-06-06,1.0
103,658,2004-06-06,1.0
60,308,2004-06-06,1.0
733,964,2004-06-06,1.0
1598,777,2004-06-06,1.0
620,1565,2004-06-06,1.0
1601,1616,2004-06-06,1.0
1598,768,2004-06-06,1.0
1598,337,2004-06-06,1.0
483,821,2004-06-06,1.0
1598,1227,2004-06-06,1.0
1565,620,2004-06-06,1.0
357,1603,2004-06-06,1.0
103,1238,2004-06-06,1.0
1539,1622,2004-06-06,1.0
1616,1173,2004-06-06,1.0
1539,997,2004-06-06,1.0
393,1190,2004-06-06,1.0
317,1184,2004-06-06,1.0
395,447,2004-06-06,1.0
1173,1616,2004-06-06,1.0
1059,1603,2004-06-06,1.0
1244,338,2004-06-06,1.0
27,620,2004-06-06,1.0
1623,525,2004-06-06,1.0
620,1244,2004-06-06,1.0
713,714,2004-06-06,1.0
1244,620,2004-06-06,1.0
1014,1487,2004-06-06,1.0
1184,1550,2004-06-06,1.0
712,95,2004-06-06,1.0
298,573,2004-06-06,1.0
487,598,2004-06-06,1.0
27,234,2004-06-06,1.0
366,67,2004-06-06,1.0
366,1601,2004-06-06,1.0
502,933,2004-06-06,1.0
639,19,2004-06-06,1.0
1598,1585,2004-06-06,1.0
1598,726,2004-06-06,1.0
67,277,2004-06-06,1.0
103,1598,2004-06-06,1.0
67,69,2004-06-06,1.0
103,639,2004-06-06,1.0
768,1598,2004-06-06,1.0
27,1598,2004-06-06,1.0
1436,421,2004-06-06,1.0
781,1314,2004-06-06,1.0
1539,1299,2004-06-06,1.0
964,733,2004-06-06,1.0
686,1625,2004-06-06,1.0
1619,220,2004-06-06,1.0
341,793,2004-06-06,1.0
1601,220,2004-06-06,1.0
189,36,2004-06-06,1.0
220,1042,2004-06-06,1.0
1539,1131,2004-06-06,1.0
605,1339,2004-06-06,1.0
605,297,2004-06-06,1.0
308,60,2004-06-06,1.0
509,1050,2004-06-06,1.0
509,1026,2004-06-06,1.0
1454,1437,2004-06-06,1.0
1601,605,2004-06-06,1.0
1487,1014,2004-06-06,1.0
1039,1316,2004-06-06,1.0
228,523,2004-06-06,1.0
1423,1158,2004-06-06,1.0
53,1623,2004-06-07,1.0
840,1105,2004-06-07,1.0
713,749,2004-06-07,1.0
713,271,2004-06-07,1.0
509,840,2004-06-07,1.0
859,1522,2004-06-07,1.0
713,842,2004-06-07,1.0
713,878,2004-06-07,1.0
713,884,2004-06-07,1.0
103,462,2004-06-07,1.0
27,1158,2004-06-07,1.0
713,912,2004-06-07,1.0
1623,711,2004-06-07,1.0
27,620,2004-06-07,1.0
1,161,2004-06-07,1.0
1127,69,2004-06-07,1.0
523,228,2004-06-07,1.0
299,1175,2004-06-07,1.0
1503,1502,2004-06-07,1.0
557,297,2004-06-07,1.0
713,546,2004-06-07,1.0
809,1522,2004-06-07,1.0
1365,1393,2004-06-07,1.0
321,277,2004-06-07,1.0
509,711,2004-06-07,1.0
254,973,2004-06-07,1.0
1488,518,2004-06-07,1.0
1638,1633,2004-06-07,1.0
1314,1346,2004-06-07,1.0
1539,1637,2004-06-07,1.0
432,1587,2004-06-07,1.0
1253,1365,2004-06-07,1.0
1314,781,2004-06-07,1.0
809,342,2004-06-07,1.0
1539,1299,2004-06-07,1.0
346,1616,2004-06-07,1.0
793,863,2004-06-07,1.0
1539,753,2004-06-07,1.0
219,1594,2004-06-07,1.0
799,1608,2004-06-07,1.0
620,27,2004-06-07,1.0
1630,495,2004-06-07,1.0
523,615,2004-06-07,1.0
713,509,2004-06-07,1.0
847,1578,2004-06-07,1.0
1365,643,2004-06-07,1.0
509,1026,2004-06-07,1.0
713,714,2004-06-07,1.0
42,1507,2004-06-07,1.0
1252,1616,2004-06-07,1.0
1565,174,2004-06-07,1.0
1616,1252,2004-06-07,1.0
53,1585,2004-06-07,1.0
1378,1635,2004-06-07,1.0
555,1634,2004-06-07,1.0
1565,67,2004-06-07,1.0
1244,234,2004-06-07,1.0
234,1244,2004-06-07,1.0
1304,768,2004-06-07,1.0
687,1616,2004-06-07,1.0
67,1565,2004-06-07,1.0
1184,1522,2004-06-07,1.0
1244,338,2004-06-07,1.0
1616,940,2004-06-07,1.0
298,573,2004-06-07,1.0
254,1616,2004-06-07,1.0
1491,132,2004-06-07,1.0
342,1578,2004-06-07,1.0
321,392,2004-06-07,1.0
1009,177,2004-06-07,1.0
1009,752,2004-06-07,1.0
1009,928,2004-06-07,1.0
103,72,2004-06-07,1.0
1565,228,2004-06-07,1.0
679,963,2004-06-07,1.0
201,1616,2004-06-07,1.0
781,1314,2004-06-07,1.0
1539,1056,2004-06-07,1.0
132,1491,2004-06-07,1.0
53,1636,2004-06-07,1.0
1383,1636,2004-06-07,1.0
1565,176,2004-06-07,1.0
1189,502,2004-06-07,1.0
984,1636,2004-06-07,1.0
1539,1639,2004-06-07,1.0
389,830,2004-06-07,1.0
1539,1021,2004-06-07,1.0
233,193,2004-06-07,1.0
249,302,2004-06-07,1.0
1033,1281,2004-06-07,1.0
1253,768,2004-06-07,1.0
1546,1619,2004-06-07,1.0
1539,1069,2004-06-07,1.0
1539,1640,2004-06-07,1.0
1539,299,2004-06-07,1.0
176,1565,2004-06-07,1.0
103,605,2004-06-07,1.0
687,757,2004-06-07,1.0
103,495,2004-06-07,1.0
1113,1553,2004-06-07,1.0
1052,1136,2004-06-07,1.0
704,617,2004-06-07,1.0
1539,1169,2004-06-07,1.0
812,1616,2004-06-07,1.0
1539,601,2004-06-07,1.0
810,1412,2004-06-07,1.0
32,1338,2004-06-07,1.0
878,1637,2004-06-07,1.0
297,871,2004-06-07,1.0
1539,818,2004-06-07,1.0
1539,36,2004-06-07,1.0
818,1269,2004-06-07,1.0
818,372,2004-06-07,1.0
1412,810,2004-06-07,1.0
32,219,2004-06-07,1.0
234,1248,2004-06-07,1.0
812,708,2004-06-07,1.0
605,431,2004-06-07,1.0
871,297,2004-06-07,1.0
871,183,2004-06-07,1.0
378,32,2004-06-07,1.0
1227,1238,2004-06-07,1.0
1510,3,2004-06-07,1.0
741,495,2004-06-07,1.0
768,1253,2004-06-07,1.0
1539,1510,2004-06-07,1.0
161,1487,2004-06-07,1.0
1539,1039,2004-06-07,1.0
161,1,2004-06-07,1.0
392,1315,2004-06-07,1.0
950,495,2004-06-07,1.0
1162,913,2004-06-07,1.0
1539,1346,2004-06-07,1.0
1173,1616,2004-06-07,1.0
821,483,2004-06-07,1.0
392,321,2004-06-07,1.0
1434,174,2004-06-07,1.0
495,498,2004-06-07,1.0
495,741,2004-06-07,1.0
1629,560,2004-06-07,1.0
431,605,2004-06-07,1.0
617,704,2004-06-07,1.0
1594,219,2004-06-07,1.0
1539,177,2004-06-07,1.0
831,495,2004-06-07,1.0
1539,1338,2004-06-07,1.0
809,257,2004-06-07,1.0
143,582,2004-06-07,1.0
297,557,2004-06-07,1.0
177,1009,2004-06-07,1.0
523,67,2004-06-07,1.0
523,870,2004-06-07,1.0
523,193,2004-06-07,1.0
643,1365,2004-06-07,1.0
498,495,2004-06-07,1.0
1039,1632,2004-06-07,1.0
547,711,2004-06-07,1.0
697,1631,2004-06-07,1.0
973,254,2004-06-07,1.0
233,810,2004-06-07,1.0
594,752,2004-06-07,1.0
233,620,2004-06-07,1.0
704,1231,2004-06-07,1.0
620,233,2004-06-07,1.0
1339,474,2004-06-07,1.0
32,547,2004-06-07,1.0
474,1339,2004-06-07,1.0
679,919,2004-06-07,1.0
711,1623,2004-06-07,1.0
1616,1173,2004-06-07,1.0
617,734,2004-06-07,1.0
620,967,2004-06-07,1.0
1282,1601,2004-06-07,1.0
1624,810,2004-06-07,1.0
249,1362,2004-06-07,1.0
354,1373,2004-06-07,1.0
967,620,2004-06-07,1.0
1539,1255,2004-06-07,1.0
605,1339,2004-06-07,1.0
1545,259,2004-06-07,1.0
605,734,2004-06-07,1.0
1339,1069,2004-06-07,1.0
1568,1042,2004-06-07,1.0
103,1419,2004-06-07,1.0
1619,1546,2004-06-07,1.0
389,342,2004-06-07,1.0
810,233,2004-06-07,1.0
810,1624,2004-06-07,1.0
1565,1379,2004-06-07,1.0
342,389,2004-06-07,1.0
560,1629,2004-06-07,1.0
143,357,2004-06-07,1.0
342,1050,2004-06-07,1.0
1539,1196,2004-06-07,1.0
704,734,2004-06-07,1.0
1196,155,2004-06-07,1.0
103,437,2004-06-07,1.0
103,874,2004-06-07,1.0
1522,175,2004-06-07,1.0
582,1616,2004-06-07,1.0
1026,509,2004-06-07,1.0
1339,323,2004-06-07,1.0
103,919,2004-06-07,1.0
800,1072,2004-06-07,1.0
155,1196,2004-06-07,1.0
919,303,2004-06-07,1.0
249,1608,2004-06-07,1.0
495,1630,2004-06-07,1.0
1231,1339,2004-06-07,1.0
103,1238,2004-06-07,1.0
422,1299,2004-06-07,1.0
1576,578,2004-06-07,1.0
249,1629,2004-06-07,1.0
950,389,2004-06-07,1.0
704,1565,2004-06-07,1.0
1543,475,2004-06-07,1.0
1339,605,2004-06-07,1.0
1539,154,2004-06-07,1.0
475,203,2004-06-07,1.0
547,32,2004-06-07,1.0
475,1543,2004-06-07,1.0
605,1246,2004-06-07,1.0
1616,254,2004-06-07,1.0
704,1603,2004-06-07,1.0
1537,329,2004-06-07,1.0
676,1206,2004-06-07,1.0
1537,324,2004-06-07,1.0
967,193,2004-06-07,1.0
1413,800,2004-06-07,1.0
193,85,2004-06-07,1.0
1393,95,2004-06-07,1.0
1297,800,2004-06-07,1.0
193,63,2004-06-07,1.0
193,1633,2004-06-07,1.0
1576,1034,2004-06-07,1.0
193,118,2004-06-07,1.0
193,282,2004-06-07,1.0
1396,1618,2004-06-07,1.0
1175,299,2004-06-07,1.0
1507,42,2004-06-07,1.0
103,1603,2004-06-07,1.0
323,950,2004-06-07,1.0
1539,1206,2004-06-07,1.0
1616,582,2004-06-07,1.0
1407,1189,2004-06-07,1.0
398,405,2004-06-07,1.0
1346,1314,2004-06-07,1.0
768,1304,2004-06-07,1.0
1543,282,2004-06-07,1.0
1603,172,2004-06-07,1.0
507,1313,2004-06-07,1.0
1543,63,2004-06-07,1.0
338,1244,2004-06-07,1.0
172,1603,2004-06-07,1.0
1585,1043,2004-06-07,1.0
950,323,2004-06-07,1.0
1105,840,2004-06-07,1.0
517,1588,2004-06-07,1.0
749,1487,2004-06-07,1.0
1576,1248,2004-06-07,1.0
1575,735,2004-06-07,1.0
1521,852,2004-06-07,1.0
1282,1542,2004-06-07,1.0
463,1009,2004-06-07,1.0
538,1065,2004-06-07,1.0
463,609,2004-06-07,1.0
799,302,2004-06-07,1.0
1539,1632,2004-06-07,1.0
1238,1227,2004-06-07,1.0
1281,1033,2004-06-07,1.0
1619,712,2004-06-07,1.0
1616,1601,2004-06-07,1.0
600,1454,2004-06-07,1.0
495,933,2004-06-07,1.0
495,1213,2004-06-07,1.0
1578,342,2004-06-07,1.0
1189,1407,2004-06-07,1.0
1189,483,2004-06-07,1.0
871,1603,2004-06-07,1.0
1539,599,2004-06-07,1.0
1158,27,2004-06-07,1.0
1489,878,2004-06-07,1.0
298,323,2004-06-07,1.0
725,859,2004-06-07,1.0
1542,1282,2004-06-07,1.0
323,68,2004-06-07,1.0
193,233,2004-06-07,1.0
405,398,2004-06-07,1.0
323,1339,2004-06-07,1.0
249,708,2004-06-07,1.0
3,135,2004-06-08,1.0
1113,135,2004-06-08,1.0
1568,1042,2004-06-08,1.0
1346,1314,2004-06-08,1.0
1539,1573,2004-06-08,1.0
1545,1556,2004-06-08,1.0
1280,48,2004-06-08,1.0
135,1113,2004-06-08,1.0
72,3,2004-06-08,1.0
1539,204,2004-06-08,1.0
27,1158,2004-06-08,1.0
3,1510,2004-06-08,1.0
135,1486,2004-06-08,1.0
1326,713,2004-06-08,1.0
1270,1097,2004-06-08,1.0
1489,482,2004-06-08,1.0
1489,249,2004-06-08,1.0
3,72,2004-06-08,1.0
1489,878,2004-06-08,1.0
438,1319,2004-06-08,1.0
766,252,2004-06-08,1.0
1033,1281,2004-06-08,1.0
438,687,2004-06-08,1.0
1136,1052,2004-06-08,1.0
1440,438,2004-06-08,1.0
1189,1647,2004-06-08,1.0
1649,1539,2004-06-08,1.0
482,1489,2004-06-08,1.0
191,738,2004-06-08,1.0
1252,1616,2004-06-08,1.0
1617,370,2004-06-08,1.0
1,135,2004-06-08,1.0
592,1543,2004-06-08,1.0
735,1575,2004-06-08,1.0
1576,389,2004-06-08,1.0
103,30,2004-06-08,1.0
135,1,2004-06-08,1.0
30,103,2004-06-08,1.0
1619,593,2004-06-08,1.0
135,1356,2004-06-08,1.0
1343,281,2004-06-08,1.0
1285,1641,2004-06-08,1.0
128,970,2004-06-08,1.0
1285,1565,2004-06-08,1.0
1113,128,2004-06-08,1.0
1522,1618,2004-06-08,1.0
1522,859,2004-06-08,1.0
249,1629,2004-06-08,1.0
970,128,2004-06-08,1.0
1522,1184,2004-06-08,1.0
1522,809,2004-06-08,1.0
1619,773,2004-06-08,1.0
1539,1021,2004-06-08,1.0
67,1426,2004-06-08,1.0
1426,1066,2004-06-08,1.0
338,1244,2004-06-08,1.0
233,810,2004-06-08,1.0
843,1553,2004-06-08,1.0
143,357,2004-06-08,1.0
1237,843,2004-06-08,1.0
1113,544,2004-06-08,1.0
777,1639,2004-06-08,1.0
1619,839,2004-06-08,1.0
1539,36,2004-06-08,1.0
1426,339,2004-06-08,1.0
1426,830,2004-06-08,1.0
1565,1285,2004-06-08,1.0
569,1522,2004-06-08,1.0
298,573,2004-06-08,1.0
546,809,2004-06-08,1.0
843,871,2004-06-08,1.0
1539,1647,2004-06-08,1.0
843,1237,2004-06-08,1.0
1113,495,2004-06-08,1.0
1647,1189,2004-06-08,1.0
878,713,2004-06-08,1.0
621,768,2004-06-08,1.0
177,1009,2004-06-08,1.0
1,161,2004-06-08,1.0
1617,1283,2004-06-08,1.0
1367,1485,2004-06-08,1.0
1113,437,2004-06-08,1.0
135,42,2004-06-08,1.0
1248,234,2004-06-08,1.0
1539,659,2004-06-08,1.0
1113,1255,2004-06-08,1.0
1542,540,2004-06-08,1.0
1539,1649,2004-06-08,1.0
234,220,2004-06-08,1.0
544,1113,2004-06-08,1.0
822,67,2004-06-08,1.0
809,546,2004-06-08,1.0
1184,1522,2004-06-08,1.0
220,234,2004-06-08,1.0
1272,1130,2004-06-08,1.0
9,282,2004-06-08,1.0
9,1387,2004-06-08,1.0
9,1637,2004-06-08,1.0
9,617,2004-06-08,1.0
9,1642,2004-06-08,1.0
741,1255,2004-06-08,1.0
1255,741,2004-06-08,1.0
282,193,2004-06-08,1.0
249,1236,2004-06-08,1.0
1255,1653,2004-06-08,1.0
1619,1629,2004-06-08,1.0
1642,9,2004-06-08,1.0
1653,1603,2004-06-08,1.0
1642,32,2004-06-08,1.0
1281,1033,2004-06-08,1.0
431,727,2004-06-08,1.0
1365,643,2004-06-08,1.0
1289,700,2004-06-08,1.0
389,494,2004-06-08,1.0
1637,9,2004-06-08,1.0
402,681,2004-06-08,1.0
1387,12,2004-06-08,1.0
1387,847,2004-06-08,1.0
1387,67,2004-06-08,1.0
617,9,2004-06-08,1.0
536,933,2004-06-08,1.0
1387,9,2004-06-08,1.0
1158,27,2004-06-08,1.0
1158,1072,2004-06-08,1.0
495,831,2004-06-08,1.0
495,950,2004-06-08,1.0
1616,812,2004-06-08,1.0
1442,883,2004-06-08,1.0
1616,1173,2004-06-08,1.0
495,741,2004-06-08,1.0
1616,1252,2004-06-08,1.0
1616,346,2004-06-08,1.0
495,1113,2004-06-08,1.0
1616,1522,2004-06-08,1.0
1304,768,2004-06-08,1.0
128,1113,2004-06-08,1.0
1580,95,2004-06-08,1.0
933,495,2004-06-08,1.0
495,933,2004-06-08,1.0
605,1601,2004-06-08,1.0
1038,1280,2004-06-08,1.0
644,145,2004-06-08,1.0
1332,291,2004-06-08,1.0
878,1489,2004-06-08,1.0
1488,518,2004-06-08,1.0
615,1042,2004-06-08,1.0
1317,50,2004-06-08,1.0
615,474,2004-06-08,1.0
1624,281,2004-06-08,1.0
1578,342,2004-06-08,1.0
1578,847,2004-06-08,1.0
700,1289,2004-06-08,1.0
1118,95,2004-06-08,1.0
281,1343,2004-06-08,1.0
768,1304,2004-06-08,1.0
1403,1313,2004-06-08,1.0
9,1647,2004-06-08,1.0
9,1650,2004-06-08,1.0
9,1649,2004-06-08,1.0
447,704,2004-06-08,1.0
1042,615,2004-06-08,1.0
1042,1568,2004-06-08,1.0
1313,569,2004-06-08,1.0
1313,1403,2004-06-08,1.0
1500,144,2004-06-08,1.0
1624,1500,2004-06-08,1.0
1500,1624,2004-06-08,1.0
832,1270,2004-06-08,1.0
1638,1633,2004-06-08,1.0
34,1130,2004-06-08,1.0
337,1641,2004-06-08,1.0
964,42,2004-06-08,1.0
1069,1539,2004-06-08,1.0
1646,193,2004-06-08,1.0
9,1646,2004-06-08,1.0
1638,1646,2004-06-08,1.0
27,620,2004-06-08,1.0
1580,1352,2004-06-08,1.0
249,1489,2004-06-08,1.0
449,1520,2004-06-08,1.0
1234,1254,2004-06-08,1.0
9,1643,2004-06-08,1.0
9,1644,2004-06-08,1.0
9,1648,2004-06-08,1.0
144,1500,2004-06-08,1.0
738,191,2004-06-08,1.0
725,1624,2004-06-08,1.0
50,758,2004-06-08,1.0
518,1488,2004-06-08,1.0
9,901,2004-06-08,1.0
1280,1038,2004-06-08,1.0
329,1537,2004-06-08,1.0
1319,438,2004-06-08,1.0
95,592,2004-06-08,1.0
95,1580,2004-06-08,1.0
1403,1485,2004-06-08,1.0
474,615,2004-06-08,1.0
329,615,2004-06-08,1.0
1624,725,2004-06-08,1.0
1254,1234,2004-06-08,1.0
9,1640,2004-06-08,1.0
9,1651,2004-06-08,1.0
9,1652,2004-06-08,1.0
1052,1136,2004-06-08,1.0
9,1641,2004-06-08,1.0
9,1196,2004-06-08,1.0
9,1622,2004-06-08,1.0
9,1621,2004-06-08,1.0
959,958,2004-06-08,1.0
9,1313,2004-06-08,1.0
779,840,2004-06-08,1.0
9,1618,2004-06-08,1.0
1387,768,2004-06-08,1.0
933,145,2004-06-08,1.0
32,1642,2004-06-08,1.0
1539,1255,2004-06-08,1.0
1539,1069,2004-06-08,1.0
32,219,2004-06-08,1.0
1101,713,2004-06-08,1.0
193,967,2004-06-08,1.0
967,193,2004-06-08,1.0
878,1637,2004-06-08,1.0
1562,1299,2004-06-08,1.0
12,1387,2004-06-08,1.0
812,708,2004-06-08,1.0
314,333,2004-06-08,1.0
679,1642,2004-06-08,1.0
1642,822,2004-06-08,1.0
1315,392,2004-06-08,1.0
1637,878,2004-06-08,1.0
704,1231,2004-06-08,1.0
103,1231,2004-06-08,1.0
1282,1601,2004-06-08,1.0
1642,679,2004-06-08,1.0
219,32,2004-06-08,1.0
822,1642,2004-06-08,1.0
1238,1227,2004-06-08,1.0
1539,1342,2004-06-08,1.0
32,1645,2004-06-08,1.0
392,321,2004-06-08,1.0
73,1646,2004-06-08,1.0
1630,389,2004-06-08,1.0
1646,73,2004-06-08,1.0
878,1647,2004-06-08,1.0
392,1315,2004-06-08,1.0
1299,1646,2004-06-08,1.0
752,598,2004-06-08,1.0
1644,1539,2004-06-08,1.0
871,297,2004-06-08,1.0
423,1497,2004-06-08,1.0
713,509,2004-06-08,1.0
249,708,2004-06-08,1.0
249,1645,2004-06-08,1.0
1231,704,2004-06-08,1.0
1539,1646,2004-06-08,1.0
1434,174,2004-06-08,1.0
546,713,2004-06-08,1.0
1646,1299,2004-06-08,1.0
1601,1282,2004-06-08,1.0
95,299,2004-06-08,1.0
95,1365,2004-06-08,1.0
1539,1443,2004-06-08,1.0
704,447,2004-06-08,1.0
95,1118,2004-06-08,1.0
768,621,2004-06-08,1.0
809,257,2004-06-08,1.0
176,1565,2004-06-08,1.0
67,822,2004-06-08,1.0
768,1253,2004-06-08,1.0
1113,339,2004-06-08,1.0
1565,176,2004-06-08,1.0
95,712,2004-06-08,1.0
617,704,2004-06-08,1.0
1365,1253,2004-06-08,1.0
704,617,2004-06-08,1.0
1072,800,2004-06-08,1.0
95,1393,2004-06-08,1.0
711,1623,2004-06-08,1.0
1043,1585,2004-06-08,1.0
95,525,2004-06-08,1.0
103,1021,2004-06-08,1.0
1339,1299,2004-06-08,1.0
1510,3,2004-06-08,1.0
103,899,2004-06-08,1.0
1564,1565,2004-06-08,1.0
42,964,2004-06-08,1.0
103,1643,2004-06-08,1.0
95,1510,2004-06-08,1.0
12,1493,2004-06-08,1.0
12,1639,2004-06-08,1.0
1641,95,2004-06-08,1.0
523,176,2004-06-08,1.0
679,67,2004-06-08,1.0
1539,378,2004-06-08,1.0
1539,710,2004-06-08,1.0
525,95,2004-06-08,1.0
986,163,2004-06-08,1.0
810,233,2004-06-08,1.0
1641,341,2004-06-08,1.0
1286,1231,2004-06-08,1.0
1641,970,2004-06-08,1.0
1485,1403,2004-06-08,1.0
1189,1489,2004-06-08,1.0
643,1365,2004-06-08,1.0
1235,1468,2004-06-08,1.0
1158,713,2004-06-08,1.0
1624,719,2004-06-08,1.0
1539,1211,2004-06-08,1.0
494,389,2004-06-08,1.0
912,713,2004-06-08,1.0
1624,1253,2004-06-08,1.0
1009,177,2004-06-08,1.0
193,1130,2004-06-08,1.0
592,95,2004-06-08,1.0
620,27,2004-06-08,1.0
1130,34,2004-06-08,1.0
847,1387,2004-06-08,1.0
1113,1565,2004-06-08,1.0
1314,1346,2004-06-08,1.0
9,32,2004-06-08,1.0
193,1646,2004-06-08,1.0
12,366,2004-06-08,1.0
1255,878,2004-06-08,1.0
1130,193,2004-06-08,1.0
970,1641,2004-06-08,1.0
561,95,2004-06-08,1.0
1543,592,2004-06-08,1.0
378,1539,2004-06-08,1.0
233,193,2004-06-08,1.0
131,1255,2004-06-08,1.0
1270,832,2004-06-08,1.0
1601,1616,2004-06-08,1.0
1601,1646,2004-06-08,1.0
176,523,2004-06-08,1.0
1601,605,2004-06-08,1.0
1601,220,2004-06-08,1.0
357,143,2004-06-08,1.0
193,233,2004-06-08,1.0
357,1644,2004-06-08,1.0
1521,828,2004-06-08,1.0
174,1434,2004-06-08,1.0
297,871,2004-06-08,1.0
1644,1601,2004-06-08,1.0
103,1646,2004-06-08,1.0
321,392,2004-06-08,1.0
1097,1270,2004-06-08,1.0
389,1630,2004-06-08,1.0
220,1601,2004-06-08,1.0
1097,191,2004-06-08,1.0
708,812,2004-06-08,1.0
525,19,2004-06-08,1.0
1619,1648,2004-06-08,1.0
1616,1601,2004-06-08,1.0
41,523,2004-06-08,1.0
1255,1113,2004-06-08,1.0
1644,357,2004-06-08,1.0
41,176,2004-06-08,1.0
1641,1539,2004-06-08,1.0
191,1097,2004-06-08,1.0
1313,9,2004-06-09,1.0
615,1042,2004-06-09,1.0
252,766,2004-06-09,1.0
1196,9,2004-06-09,1.0
933,536,2004-06-09,1.0
1281,1033,2004-06-09,1.0
1313,507,2004-06-09,1.0
1136,1052,2004-06-09,1.0
361,638,2004-06-09,1.0
361,1641,2004-06-09,1.0
621,686,2004-06-09,1.0
617,9,2004-06-09,1.0
944,815,2004-06-09,1.0
438,1319,2004-06-09,1.0
557,297,2004-06-09,1.0
1387,12,2004-06-09,1.0
1636,984,2004-06-09,1.0
1642,1406,2004-06-09,1.0
1314,1346,2004-06-09,1.0
1661,713,2004-06-09,1.0
1406,1642,2004-06-09,1.0
1406,1603,2004-06-09,1.0
1215,1472,2004-06-09,1.0
1603,1406,2004-06-09,1.0
1346,1314,2004-06-09,1.0
1387,1312,2004-06-09,1.0
27,1158,2004-06-09,1.0
1185,1142,2004-06-09,1.0
1312,1387,2004-06-09,1.0
812,1644,2004-06-09,1.0
700,822,2004-06-09,1.0
1387,1434,2004-06-09,1.0
1387,1344,2004-06-09,1.0
1434,1387,2004-06-09,1.0
1518,1624,2004-06-09,1.0
1434,1312,2004-06-09,1.0
1312,1434,2004-06-09,1.0
27,620,2004-06-09,1.0
1185,1406,2004-06-09,1.0
1434,174,2004-06-09,1.0
734,249,2004-06-09,1.0
617,777,2004-06-09,1.0
1359,1343,2004-06-09,1.0
1312,1656,2004-06-09,1.0
1661,1026,2004-06-09,1.0
1642,679,2004-06-09,1.0
1648,174,2004-06-09,1.0
679,1642,2004-06-09,1.0
298,1353,2004-06-09,1.0
174,1648,2004-06-09,1.0
1042,1648,2004-06-09,1.0
1353,298,2004-06-09,1.0
711,547,2004-06-09,1.0
569,1522,2004-06-09,1.0
547,711,2004-06-09,1.0
1648,1042,2004-06-09,1.0
1042,1244,2004-06-09,1.0
843,1406,2004-06-09,1.0
1616,1252,2004-06-09,1.0
1406,843,2004-06-09,1.0
1522,569,2004-06-09,1.0
1648,644,2004-06-09,1.0
204,1539,2004-06-09,1.0
372,569,2004-06-09,1.0
1113,437,2004-06-09,1.0
569,372,2004-06-09,1.0
548,1059,2004-06-09,1.0
548,128,2004-06-09,1.0
283,1343,2004-06-09,1.0
1352,1580,2004-06-09,1.0
1113,495,2004-06-09,1.0
1642,1297,2004-06-09,1.0
1052,1136,2004-06-09,1.0
878,713,2004-06-09,1.0
298,353,2004-06-09,1.0
810,1365,2004-06-09,1.0
1406,1185,2004-06-09,1.0
1648,1052,2004-06-09,1.0
970,617,2004-06-09,1.0
176,101,2004-06-09,1.0
1568,1113,2004-06-09,1.0
617,431,2004-06-09,1.0
1423,1158,2004-06-09,1.0
431,617,2004-06-09,1.0
1520,12,2004-06-09,1.0
1339,504,2004-06-09,1.0
95,1118,2004-06-09,1.0
1378,128,2004-06-09,1.0
95,1580,2004-06-09,1.0
95,712,2004-06-09,1.0
1440,12,2004-06-09,1.0
1113,1568,2004-06-09,1.0
1113,1463,2004-06-09,1.0
281,1312,2004-06-09,1.0
749,1487,2004-06-09,1.0
101,198,2004-06-09,1.0
644,1648,2004-06-09,1.0
644,1244,2004-06-09,1.0
749,713,2004-06-09,1.0
353,298,2004-06-09,1.0
1624,367,2004-06-09,1.0
367,1624,2004-06-09,1.0
1349,1624,2004-06-09,1.0
1101,713,2004-06-09,1.0
1142,1185,2004-06-09,1.0
1580,1545,2004-06-09,1.0
1332,298,2004-06-09,1.0
1580,1352,2004-06-09,1.0
281,254,2004-06-09,1.0
1312,281,2004-06-09,1.0
1332,495,2004-06-09,1.0
101,176,2004-06-09,1.0
155,1580,2004-06-09,1.0
973,254,2004-06-09,1.0
1158,1072,2004-06-09,1.0
1185,408,2004-06-09,1.0
1565,176,2004-06-09,1.0
1185,743,2004-06-09,1.0
176,1565,2004-06-09,1.0
1185,1372,2004-06-09,1.0
1185,1402,2004-06-09,1.0
617,970,2004-06-09,1.0
12,1440,2004-06-09,1.0
963,1648,2004-06-09,1.0
1042,712,2004-06-09,1.0
1158,27,2004-06-09,1.0
1158,1423,2004-06-09,1.0
919,95,2004-06-09,1.0
686,621,2004-06-09,1.0
1624,1349,2004-06-09,1.0
1565,357,2004-06-09,1.0
831,1270,2004-06-09,1.0
831,1187,2004-06-09,1.0
1118,95,2004-06-09,1.0
859,1522,2004-06-09,1.0
482,463,2004-06-09,1.0
1185,1312,2004-06-09,1.0
482,194,2004-06-09,1.0
1312,1185,2004-06-09,1.0
1185,536,2004-06-09,1.0
594,260,2004-06-09,1.0
72,1316,2004-06-09,1.0
211,36,2004-06-09,1.0
751,1578,2004-06-09,1.0
1657,300,2004-06-09,1.0
32,518,2004-06-09,1.0
1442,883,2004-06-09,1.0
713,1526,2004-06-09,1.0
1488,518,2004-06-09,1.0
1663,1621,2004-06-09,1.0
174,1434,2004-06-09,1.0
32,1657,2004-06-09,1.0
1657,713,2004-06-09,1.0
1657,523,2004-06-09,1.0
1657,393,2004-06-09,1.0
594,277,2004-06-09,1.0
1042,615,2004-06-09,1.0
161,1487,2004-06-09,1.0
161,1,2004-06-09,1.0
751,822,2004-06-09,1.0
249,1244,2004-06-09,1.0
536,933,2004-06-09,1.0
523,1662,2004-06-09,1.0
154,1539,2004-06-09,1.0
393,1657,2004-06-09,1.0
1,3,2004-06-09,1.0
475,1543,2004-06-09,1.0
822,700,2004-06-09,1.0
372,504,2004-06-09,1.0
822,751,2004-06-09,1.0
372,1489,2004-06-09,1.0
372,1624,2004-06-09,1.0
101,282,2004-06-09,1.0
1648,963,2004-06-09,1.0
12,1387,2004-06-09,1.0
431,605,2004-06-09,1.0
12,1520,2004-06-09,1.0
12,1406,2004-06-09,1.0
1624,372,2004-06-09,1.0
212,1056,2004-06-09,1.0
1624,1093,2004-06-09,1.0
912,713,2004-06-09,1.0
1285,1190,2004-06-09,1.0
1189,1015,2004-06-09,1.0
1189,595,2004-06-09,1.0
713,1101,2004-06-09,1.0
713,1661,2004-06-09,1.0
713,878,2004-06-09,1.0
713,912,2004-06-09,1.0
595,1189,2004-06-09,1.0
1,161,2004-06-09,1.0
620,27,2004-06-09,1.0
312,1,2004-06-09,1.0
504,372,2004-06-09,1.0
389,1576,2004-06-09,1.0
1489,372,2004-06-09,1.0
714,713,2004-06-09,1.0
339,713,2004-06-09,1.0
1624,725,2004-06-09,1.0
1,44,2004-06-09,1.0
281,1648,2004-06-09,1.0
1317,919,2004-06-09,1.0
1624,281,2004-06-09,1.0
1624,415,2004-06-09,1.0
308,1641,2004-06-09,1.0
281,1624,2004-06-09,1.0
1601,220,2004-06-09,1.0
249,299,2004-06-09,1.0
1642,32,2004-06-09,1.0
1601,1616,2004-06-09,1.0
1234,1254,2004-06-09,1.0
919,1317,2004-06-09,1.0
9,1647,2004-06-09,1.0
1255,234,2004-06-09,1.0
1255,1653,2004-06-09,1.0
1213,495,2004-06-09,1.0
1644,812,2004-06-09,1.0
361,864,2004-06-09,1.0
1316,72,2004-06-09,1.0
843,871,2004-06-09,1.0
1033,1281,2004-06-09,1.0
1653,1255,2004-06-09,1.0
1344,1598,2004-06-09,1.0
128,1378,2004-06-09,1.0
1545,259,2004-06-09,1.0
1601,605,2004-06-09,1.0
361,1436,2004-06-09,1.0
753,1539,2004-06-09,1.0
415,1624,2004-06-09,1.0
1644,520,2004-06-09,1.0
520,1644,2004-06-09,1.0
950,495,2004-06-09,1.0
1648,281,2004-06-09,1.0
1316,1039,2004-06-09,1.0
1021,1539,2004-06-09,1.0
249,1629,2004-06-09,1.0
1603,1653,2004-06-09,1.0
1655,249,2004-06-09,1.0
1655,741,2004-06-09,1.0
249,1655,2004-06-09,1.0
1647,878,2004-06-09,1.0
1647,9,2004-06-09,1.0
1638,1410,2004-06-09,1.0
281,332,2004-06-09,1.0
1343,281,2004-06-09,1.0
249,734,2004-06-09,1.0
9,617,2004-06-09,1.0
1641,1655,2004-06-09,1.0
1072,1158,2004-06-09,1.0
1629,249,2004-06-09,1.0
741,495,2004-06-09,1.0
878,1647,2004-06-09,1.0
688,326,2004-06-09,1.0
1655,1641,2004-06-09,1.0
1655,1598,2004-06-09,1.0
741,1655,2004-06-09,1.0
1641,1619,2004-06-09,1.0
1641,308,2004-06-09,1.0
617,254,2004-06-09,1.0
1629,1619,2004-06-09,1.0
254,973,2004-06-09,1.0
281,1343,2004-06-09,1.0
234,815,2004-06-09,1.0
234,1255,2004-06-09,1.0
12,997,2004-06-09,1.0
357,1644,2004-06-09,1.0
357,143,2004-06-09,1.0
357,592,2004-06-09,1.0
1252,1616,2004-06-09,1.0
871,843,2004-06-09,1.0
370,1617,2004-06-09,1.0
9,1642,2004-06-09,1.0
1158,1217,2004-06-09,1.0
1217,1158,2004-06-09,1.0
1487,749,2004-06-09,1.0
1487,161,2004-06-09,1.0
1487,1598,2004-06-09,1.0
1575,735,2004-06-09,1.0
1647,1189,2004-06-09,1.0
1413,800,2004-06-09,1.0
1255,741,2004-06-09,1.0
482,1489,2004-06-09,1.0
234,220,2004-06-09,1.0
50,1317,2004-06-09,1.0
970,1641,2004-06-09,1.0
518,1488,2004-06-09,1.0
1642,9,2004-06-09,1.0
1642,1171,2004-06-09,1.0
32,1642,2004-06-09,1.0
812,1616,2004-06-09,1.0
1647,1539,2004-06-09,1.0
812,708,2004-06-09,1.0
1329,983,2004-06-09,1.0
569,1313,2004-06-09,1.0
1520,449,2004-06-09,1.0
1313,569,2004-06-09,1.0
1647,1654,2004-06-09,1.0
1647,1005,2004-06-09,1.0
1619,1641,2004-06-09,1.0
437,1113,2004-06-09,1.0
758,1619,2004-06-09,1.0
1543,592,2004-06-09,1.0
3,44,2004-06-09,1.0
3,36,2004-06-09,1.0
1313,1403,2004-06-09,1.0
540,1542,2004-06-09,1.0
757,687,2004-06-09,1.0
615,1130,2004-06-09,1.0
1520,912,2004-06-09,1.0
1173,1616,2004-06-09,1.0
823,1576,2004-06-09,1.0
823,615,2004-06-09,1.0
1130,34,2004-06-09,1.0
1130,1272,2004-06-09,1.0
1130,193,2004-06-09,1.0
1510,3,2004-06-09,1.0
712,95,2004-06-09,1.0
615,823,2004-06-09,1.0
1130,1526,2004-06-09,1.0
1312,456,2004-06-09,1.0
1189,1647,2004-06-09,1.0
1619,175,2004-06-09,1.0
193,1646,2004-06-09,1.0
423,866,2004-06-09,1.0
1255,878,2004-06-09,1.0
1657,1641,2004-06-09,1.0
1641,1657,2004-06-09,1.0
1042,1255,2004-06-09,1.0
1255,12,2004-06-09,1.0
1255,1042,2004-06-09,1.0
1648,1551,2004-06-09,1.0
1189,482,2004-06-09,1.0
1522,859,2004-06-09,1.0
482,1189,2004-06-09,1.0
1042,1641,2004-06-09,1.0
878,1255,2004-06-09,1.0
536,1551,2004-06-09,1.0
1551,1648,2004-06-09,1.0
19,1130,2004-06-09,1.0
1406,12,2004-06-09,1.0
145,644,2004-06-09,1.0
145,933,2004-06-09,1.0
1520,598,2004-06-09,1.0
1520,1659,2004-06-09,1.0
392,1660,2004-06-09,1.0
144,1500,2004-06-09,1.0
1656,1312,2004-06-09,1.0
1255,1522,2004-06-09,1.0
1553,843,2004-06-09,1.0
1158,379,2004-06-09,1.0
1522,1255,2004-06-09,1.0
1189,878,2004-06-09,1.0
1648,1283,2004-06-09,1.0
300,1657,2004-06-09,1.0
1472,815,2004-06-09,1.0
878,1189,2004-06-09,1.0
1190,1285,2004-06-09,1.0
1648,802,2004-06-09,1.0
357,774,2004-06-09,1.0
1648,90,2004-06-09,1.0
357,1565,2004-06-09,1.0
357,1426,2004-06-09,1.0
357,1362,2004-06-09,1.0
1648,9,2004-06-09,1.0
220,234,2004-06-09,1.0
1648,1619,2004-06-09,1.0
67,1657,2004-06-09,1.0
819,1642,2004-06-09,1.0
357,1103,2004-06-09,1.0
1556,1545,2004-06-09,1.0
1081,32,2004-06-09,1.0
1588,713,2004-06-09,1.0
809,1406,2004-06-09,1.0
12,1255,2004-06-09,1.0
708,812,2004-06-09,1.0
1406,809,2004-06-09,1.0
297,557,2004-06-09,1.0
357,1624,2004-06-09,1.0
725,1624,2004-06-09,1.0
220,1601,2004-06-09,1.0
933,495,2004-06-09,1.0
878,1426,2004-06-09,1.0
67,1644,2004-06-09,1.0
1500,144,2004-06-09,1.0
1642,819,2004-06-09,1.0
1648,865,2004-06-09,1.0
1658,986,2004-06-09,1.0
1648,1627,2004-06-09,1.0
1362,357,2004-06-09,1.0
912,1520,2004-06-09,1.0
1657,67,2004-06-09,1.0
1648,1177,2004-06-09,1.0
12,527,2004-06-09,1.0
1658,277,2004-06-09,1.0
1657,1021,2004-06-09,1.0
1542,540,2004-06-09,1.0
3,1,2004-06-09,1.0
843,1553,2004-06-09,1.0
674,1624,2004-06-09,1.0
1624,357,2004-06-09,1.0
741,1255,2004-06-09,1.0
281,317,2004-06-09,1.0
546,774,2004-06-09,1.0
67,1637,2004-06-09,1.0
883,1442,2004-06-09,1.0
1312,1545,2004-06-10,1.0
1365,810,2004-06-10,1.0
1187,831,2004-06-10,1.0
1545,1312,2004-06-10,1.0
1667,53,2004-06-10,1.0
1365,1013,2004-06-10,1.0
1158,1255,2004-06-10,1.0
53,1667,2004-06-10,1.0
249,1244,2004-06-10,1.0
821,1647,2004-06-10,1.0
337,1648,2004-06-10,1.0
249,44,2004-06-10,1.0
163,768,2004-06-10,1.0
1545,1576,2004-06-10,1.0
161,1487,2004-06-10,1.0
1304,768,2004-06-10,1.0
1576,389,2004-06-10,1.0
1576,1545,2004-06-10,1.0
768,163,2004-06-10,1.0
1576,1665,2004-06-10,1.0
975,1189,2004-06-10,1.0
970,502,2004-06-10,1.0
495,1113,2004-06-10,1.0
1158,27,2004-06-10,1.0
249,1312,2004-06-10,1.0
686,768,2004-06-10,1.0
686,1270,2004-06-10,1.0
975,1285,2004-06-10,1.0
810,1365,2004-06-10,1.0
831,1187,2004-06-10,1.0
1665,41,2004-06-10,1.0
1343,1359,2004-06-10,1.0
442,1565,2004-06-10,1.0
27,1158,2004-06-10,1.0
1343,281,2004-06-10,1.0
1343,283,2004-06-10,1.0
176,1665,2004-06-10,1.0
413,53,2004-06-10,1.0
372,1624,2004-06-10,1.0
502,970,2004-06-10,1.0
249,1665,2004-06-10,1.0
1285,975,2004-06-10,1.0
598,1070,2004-06-10,1.0
1312,249,2004-06-10,1.0
393,1601,2004-06-10,1.0
612,128,2004-06-10,1.0
161,1,2004-06-10,1.0
768,1304,2004-06-10,1.0
1332,639,2004-06-10,1.0
298,518,2004-06-10,1.0
1647,1608,2004-06-10,1.0
242,1647,2004-06-10,1.0
1406,809,2004-06-10,1.0
1647,242,2004-06-10,1.0
810,233,2004-06-10,1.0
1608,1647,2004-06-10,1.0
1568,1113,2004-06-10,1.0
1071,1130,2004-06-10,1.0
1332,617,2004-06-10,1.0
1342,1255,2004-06-10,1.0
1545,1580,2004-06-10,1.0
609,1629,2004-06-10,1.0
1647,9,2004-06-10,1.0
697,361,2004-06-10,1.0
1648,337,2004-06-10,1.0
12,1387,2004-06-10,1.0
523,609,2004-06-10,1.0
609,523,2004-06-10,1.0
1647,198,2004-06-10,1.0
1255,1158,2004-06-10,1.0
1255,12,2004-06-10,1.0
1297,1642,2004-06-10,1.0
9,1647,2004-06-10,1.0
9,282,2004-06-10,1.0
1252,1616,2004-06-10,1.0
1042,712,2004-06-10,1.0
1113,1568,2004-06-10,1.0
53,1332,2004-06-10,1.0
1647,821,2004-06-10,1.0
831,1270,2004-06-10,1.0
1565,176,2004-06-10,1.0
176,1565,2004-06-10,1.0
53,413,2004-06-10,1.0
1297,1647,2004-06-10,1.0
1647,1297,2004-06-10,1.0
12,9,2004-06-10,1.0
1158,1072,2004-06-10,1.0
1255,234,2004-06-10,1.0
12,1255,2004-06-10,1.0
1332,53,2004-06-10,1.0
1255,1342,2004-06-10,1.0
1647,468,2004-06-10,1.0
234,1255,2004-06-10,1.0
1647,193,2004-06-10,1.0
468,1647,2004-06-10,1.0
1642,1297,2004-06-10,1.0
234,220,2004-06-10,1.0
1668,615,2004-06-10,1.0
878,1647,2004-06-10,1.0
1657,53,2004-06-10,1.0
1070,598,2004-06-10,1.0
53,1657,2004-06-10,1.0
42,72,2004-06-10,1.0
361,1417,2004-06-10,1.0
970,617,2004-06-10,1.0
970,1641,2004-06-10,1.0
1153,128,2004-06-10,1.0
72,42,2004-06-10,1.0
518,298,2004-06-10,1.0
615,1668,2004-06-10,1.0
193,1647,2004-06-10,1.0
509,1665,2004-06-10,1.0
509,1026,2004-06-10,1.0
1672,437,2004-06-10,1.0
1013,1253,2004-06-10,1.0
509,1255,2004-06-10,1.0
1029,41,2004-06-10,1.0
1029,778,2004-06-10,1.0
1029,1489,2004-06-10,1.0
1255,509,2004-06-10,1.0
812,708,2004-06-10,1.0
308,1601,2004-06-10,1.0
768,686,2004-06-10,1.0
1,161,2004-06-10,1.0
109,681,2004-06-10,1.0
1487,1673,2004-06-10,1.0
482,1674,2004-06-10,1.0
1255,1359,2004-06-10,1.0
1189,620,2004-06-10,1.0
1673,1487,2004-06-10,1.0
809,1406,2004-06-10,1.0
447,1255,2004-06-10,1.0
1031,42,2004-06-10,1.0
711,644,2004-06-10,1.0
644,711,2004-06-10,1.0
1387,12,2004-06-10,1.0
1675,582,2004-06-10,1.0
778,1029,2004-06-10,1.0
1346,1314,2004-06-10,1.0
1158,1423,2004-06-10,1.0
1072,1158,2004-06-10,1.0
686,621,2004-06-10,1.0
249,318,2004-06-10,1.0
1436,421,2004-06-10,1.0
249,1648,2004-06-10,1.0
1543,475,2004-06-10,1.0
1285,318,2004-06-10,1.0
249,1074,2004-06-10,1.0
1487,1226,2004-06-10,1.0
1253,1013,2004-06-10,1.0
1487,161,2004-06-10,1.0
249,1343,2004-06-10,1.0
9,1545,2004-06-10,1.0
710,1283,2004-06-10,1.0
950,1665,2004-06-10,1.0
41,1029,2004-06-10,1.0
32,815,2004-06-10,1.0
32,1665,2004-06-10,1.0
1013,1365,2004-06-10,1.0
67,1665,2004-06-10,1.0
809,361,2004-06-10,1.0
809,1668,2004-06-10,1.0
361,809,2004-06-10,1.0
809,795,2004-06-10,1.0
9,1313,2004-06-10,1.0
9,617,2004-06-10,1.0
9,1196,2004-06-10,1.0
41,1665,2004-06-10,1.0
41,523,2004-06-10,1.0
1668,809,2004-06-10,1.0
180,182,2004-06-10,1.0
1101,713,2004-06-10,1.0
620,27,2004-06-10,1.0
1253,1343,2004-06-10,1.0
1636,1601,2004-06-10,1.0
249,967,2004-06-10,1.0
1545,9,2004-06-10,1.0
1340,1029,2004-06-10,1.0
1029,1340,2004-06-10,1.0
1326,1029,2004-06-10,1.0
1585,1582,2004-06-10,1.0
1029,1326,2004-06-10,1.0
1313,9,2004-06-10,1.0
1029,1472,2004-06-10,1.0
1,3,2004-06-10,1.0
1561,249,2004-06-10,1.0
281,1343,2004-06-10,1.0
1647,878,2004-06-10,1.0
1255,447,2004-06-10,1.0
1387,1313,2004-06-10,1.0
1387,1344,2004-06-10,1.0
318,67,2004-06-10,1.0
1639,777,2004-06-10,1.0
1344,1387,2004-06-10,1.0
318,1285,2004-06-10,1.0
1423,1158,2004-06-10,1.0
504,1339,2004-06-10,1.0
543,1189,2004-06-10,1.0
1669,1670,2004-06-10,1.0
1561,42,2004-06-10,1.0
1670,1669,2004-06-10,1.0
249,1561,2004-06-10,1.0
1039,1316,2004-06-10,1.0
1624,372,2004-06-10,1.0
538,1671,2004-06-10,1.0
1382,710,2004-06-10,1.0
431,617,2004-06-10,1.0
1314,1346,2004-06-10,1.0
27,620,2004-06-10,1.0
3,1,2004-06-10,1.0
1661,713,2004-06-10,1.0
509,783,2004-06-10,1.0
1032,783,2004-06-10,1.0
1244,644,2004-06-10,1.0
1244,249,2004-06-10,1.0
783,509,2004-06-10,1.0
644,1244,2004-06-10,1.0
712,95,2004-06-10,1.0
3,1565,2004-06-10,1.0
1601,1666,2004-06-10,1.0
1113,1665,2004-06-10,1.0
573,1665,2004-06-10,1.0
878,1665,2004-06-10,1.0
1665,573,2004-06-10,1.0
1665,878,2004-06-10,1.0
1665,176,2004-06-10,1.0
1665,509,2004-06-10,1.0
393,573,2004-06-10,1.0
1190,1285,2004-06-10,1.0
482,1665,2004-06-10,1.0
1287,1280,2004-06-10,1.0
1158,1665,2004-06-10,1.0
1488,518,2004-06-10,1.0
1667,1231,2004-06-10,1.0
783,1032,2004-06-10,1.0
1601,1636,2004-06-10,1.0
509,1463,2004-06-10,1.0
712,1042,2004-06-10,1.0
864,361,2004-06-10,1.0
421,1436,2004-06-10,1.0
421,300,2004-06-10,1.0
843,1406,2004-06-10,1.0
1601,220,2004-06-10,1.0
495,1332,2004-06-10,1.0
1434,174,2004-06-10,1.0
1113,437,2004-06-10,1.0
174,1434,2004-06-10,1.0
1113,495,2004-06-10,1.0
617,970,2004-06-10,1.0
617,73,2004-06-10,1.0
1565,3,2004-06-10,1.0
495,933,2004-06-10,1.0
495,741,2004-06-10,1.0
878,713,2004-06-10,1.0
621,768,2004-06-10,1.0
1648,719,2004-06-10,1.0
34,1130,2004-06-10,1.0
437,1113,2004-06-10,1.0
495,950,2004-06-10,1.0
495,1213,2004-06-10,1.0
73,617,2004-06-10,1.0
1029,962,2004-06-10,1.0
298,353,2004-06-10,1.0
298,1332,2004-06-10,1.0
924,768,2004-06-10,1.0
768,924,2004-06-10,1.0
725,1624,2004-06-10,1.0
768,621,2004-06-10,1.0
19,1664,2004-06-10,1.0
1665,1049,2004-06-10,1.0
1113,1603,2004-06-10,1.0
1665,1113,2004-06-10,1.0
72,679,2004-06-10,1.0
423,1665,2004-06-10,1.0
1632,1039,2004-06-10,1.0
741,495,2004-06-10,1.0
254,973,2004-06-10,1.0
1,312,2004-06-10,1.0
1280,1287,2004-06-10,1.0
1665,423,2004-06-10,1.0
337,297,2004-06-10,1.0
1029,1021,2004-06-10,1.0
1231,963,2004-06-10,1.0
1406,843,2004-06-10,1.0
220,1601,2004-06-10,1.0
681,109,2004-06-10,1.0
1253,1034,2004-06-10,1.0
1185,713,2004-06-10,1.0
423,1426,2004-06-10,1.0
423,1603,2004-06-10,1.0
1029,1665,2004-06-10,1.0
1312,870,2004-06-10,1.0
870,1312,2004-06-10,1.0
1665,1576,2004-06-10,1.0
233,810,2004-06-10,1.0
233,193,2004-06-10,1.0
193,233,2004-06-10,1.0
1601,308,2004-06-10,1.0
1601,1231,2004-06-10,1.0
595,1101,2004-06-10,1.0
1189,1665,2004-06-10,1.0
1665,950,2004-06-10,1.0
1621,42,2004-06-10,1.0
878,1189,2004-06-10,1.0
1189,878,2004-06-10,1.0
308,1312,2004-06-10,1.0
1312,308,2004-06-10,1.0
1542,468,2004-06-10,1.0
1601,393,2004-06-10,1.0
609,1665,2004-06-10,1.0
719,1648,2004-06-10,1.0
523,1667,2004-06-10,1.0
198,1647,2004-06-10,1.0
518,1488,2004-06-10,1.0
523,41,2004-06-10,1.0
973,254,2004-06-10,1.0
1231,1601,2004-06-10,1.0
1542,233,2004-06-10,1.0
1189,975,2004-06-10,1.0
1542,1383,2004-06-10,1.0
1383,1542,2004-06-10,1.0
713,1101,2004-06-10,1.0
282,9,2004-06-10,1.0
1472,1029,2004-06-10,1.0
403,569,2004-06-10,1.0
1665,1189,2004-06-10,1.0
1665,1158,2004-06-10,1.0
1665,482,2004-06-10,1.0
361,1056,2004-06-10,1.0
361,1587,2004-06-10,1.0
361,311,2004-06-10,1.0
1487,749,2004-06-10,1.0
361,463,2004-06-10,1.0
710,1382,2004-06-10,1.0
819,1642,2004-06-10,1.0
1665,1029,2004-06-10,1.0
1667,1312,2004-06-10,1.0
1312,1667,2004-06-10,1.0
1231,1667,2004-06-10,1.0
361,864,2004-06-10,1.0
361,697,2004-06-10,1.0
361,1069,2004-06-10,1.0
573,393,2004-06-10,1.0
1173,731,2004-06-10,1.0
1136,1052,2004-06-10,1.0
1667,523,2004-06-10,1.0
731,1173,2004-06-10,1.0
950,495,2004-06-10,1.0
403,302,2004-06-10,1.0
1621,1663,2004-06-10,1.0
731,824,2004-06-10,1.0
1270,831,2004-06-10,1.0
1580,372,2004-06-11,1.0
298,353,2004-06-11,1.0
9,1580,2004-06-11,1.0
372,1580,2004-06-11,1.0
281,1343,2004-06-11,1.0
1565,1679,2004-06-11,1.0
1580,9,2004-06-11,1.0
1679,569,2004-06-11,1.0
1500,144,2004-06-11,1.0
569,1679,2004-06-11,1.0
768,824,2004-06-11,1.0
1679,1565,2004-06-11,1.0
1580,1283,2004-06-11,1.0
1283,1580,2004-06-11,1.0
1039,1316,2004-06-11,1.0
1072,1158,2004-06-11,1.0
1580,518,2004-06-11,1.0
372,1493,2004-06-11,1.0
249,1580,2004-06-11,1.0
1158,1072,2004-06-11,1.0
372,713,2004-06-11,1.0
1565,176,2004-06-11,1.0
1379,809,2004-06-11,1.0
768,1616,2004-06-11,1.0
970,1641,2004-06-11,1.0
176,1565,2004-06-11,1.0
970,617,2004-06-11,1.0
1026,509,2004-06-11,1.0
1580,249,2004-06-11,1.0
1580,1554,2004-06-11,1.0
1554,1580,2004-06-11,1.0
1231,234,2004-06-11,1.0
1580,1508,2004-06-11,1.0
372,1343,2004-06-11,1.0
621,1647,2004-06-11,1.0
1676,1580,2004-06-11,1.0
1580,1676,2004-06-11,1.0
621,1526,2004-06-11,1.0
249,1648,2004-06-11,1.0
431,617,2004-06-11,1.0
1580,1522,2004-06-11,1.0
621,686,2004-06-11,1.0
1256,800,2004-06-11,1.0
1648,249,2004-06-11,1.0
1343,372,2004-06-11,1.0
800,1256,2004-06-11,1.0
1545,1580,2004-06-11,1.0
1647,9,2004-06-11,1.0
1580,1586,2004-06-11,1.0
621,768,2004-06-11,1.0
1355,42,2004-06-11,1.0
687,1681,2004-06-11,1.0
1355,1033,2004-06-11,1.0
67,1072,2004-06-11,1.0
9,1647,2004-06-11,1.0
1647,621,2004-06-11,1.0
1647,1608,2004-06-11,1.0
1647,193,2004-06-11,1.0
1580,1545,2004-06-11,1.0
1355,1183,2004-06-11,1.0
713,372,2004-06-11,1.0
1343,1113,2004-06-11,1.0
1343,281,2004-06-11,1.0
536,193,2004-06-11,1.0
1113,1343,2004-06-11,1.0
41,1029,2004-06-11,1.0
1608,1647,2004-06-11,1.0
32,1642,2004-06-11,1.0
32,1580,2004-06-11,1.0
32,1683,2004-06-11,1.0
32,1682,2004-06-11,1.0
1313,9,2004-06-11,1.0
1281,516,2004-06-11,1.0
1313,1403,2004-06-11,1.0
144,1500,2004-06-11,1.0
620,654,2004-06-11,1.0
620,27,2004-06-11,1.0
1255,509,2004-06-11,1.0
281,1580,2004-06-11,1.0
1093,1624,2004-06-11,1.0
1677,1585,2004-06-11,1.0
1652,1514,2004-06-11,1.0
1308,779,2004-06-11,1.0
1487,42,2004-06-11,1.0
337,317,2004-06-11,1.0
1359,1255,2004-06-11,1.0
1522,1580,2004-06-11,1.0
1673,161,2004-06-11,1.0
1562,1342,2004-06-11,1.0
537,777,2004-06-11,1.0
277,778,2004-06-11,1.0
667,1130,2004-06-11,1.0
1443,547,2004-06-11,1.0
1253,1272,2004-06-11,1.0
1677,1290,2004-06-11,1.0
1332,495,2004-06-11,1.0
1346,1314,2004-06-11,1.0
779,1308,2004-06-11,1.0
777,537,2004-06-11,1.0
1624,1093,2004-06-11,1.0
1667,1684,2004-06-11,1.0
322,1021,2004-06-11,1.0
1253,1343,2004-06-11,1.0
1313,507,2004-06-11,1.0
1314,1346,2004-06-11,1.0
809,372,2004-06-11,1.0
1406,1343,2004-06-11,1.0
1343,1406,2004-06-11,1.0
155,1580,2004-06-11,1.0
1554,1468,2004-06-11,1.0
249,654,2004-06-11,1.0
353,298,2004-06-11,1.0
831,1270,2004-06-11,1.0
582,1675,2004-06-11,1.0
778,277,2004-06-11,1.0
516,1281,2004-06-11,1.0
372,482,2004-06-11,1.0
372,809,2004-06-11,1.0
1675,1075,2004-06-11,1.0
1675,582,2004-06-11,1.0
809,1379,2004-06-11,1.0
193,1647,2004-06-11,1.0
482,372,2004-06-11,1.0
1270,831,2004-06-11,1.0
1568,332,2004-06-11,1.0
621,824,2004-06-11,1.0
679,72,2004-06-11,1.0
1312,12,2004-06-11,1.0
1052,1648,2004-06-11,1.0
12,1312,2004-06-11,1.0
1312,234,2004-06-11,1.0
234,1312,2004-06-11,1.0
34,1130,2004-06-11,1.0
686,1270,2004-06-11,1.0
1270,686,2004-06-11,1.0
1667,617,2004-06-11,1.0
686,621,2004-06-11,1.0
234,1616,2004-06-11,1.0
768,886,2004-06-11,1.0
393,1190,2004-06-11,1.0
393,263,2004-06-11,1.0
1383,1542,2004-06-11,1.0
161,1673,2004-06-11,1.0
1130,19,2004-06-11,1.0
1052,1136,2004-06-11,1.0
523,1269,2004-06-11,1.0
1526,1130,2004-06-11,1.0
342,544,2004-06-11,1.0
72,679,2004-06-11,1.0
1379,1668,2004-06-11,1.0
9,1313,2004-06-11,1.0
1130,34,2004-06-11,1.0
598,1474,2004-06-11,1.0
644,1616,2004-06-11,1.0
777,1639,2004-06-11,1.0
518,1488,2004-06-11,1.0
644,617,2004-06-11,1.0
1667,1231,2004-06-11,1.0
1313,1387,2004-06-11,1.0
245,1283,2004-06-11,1.0
1231,1667,2004-06-11,1.0
282,66,2004-06-11,1.0
495,741,2004-06-11,1.0
686,1676,2004-06-11,1.0
768,1304,2004-06-11,1.0
708,812,2004-06-11,1.0
1253,1013,2004-06-11,1.0
1642,822,2004-06-11,1.0
617,1667,2004-06-11,1.0
617,644,2004-06-11,1.0
1641,970,2004-06-11,1.0
711,1327,2004-06-11,1.0
617,970,2004-06-11,1.0
1667,53,2004-06-11,1.0
617,431,2004-06-11,1.0
617,1332,2004-06-11,1.0
1339,504,2004-06-11,1.0
101,176,2004-06-11,1.0
1488,518,2004-06-11,1.0
1327,711,2004-06-11,1.0
161,1,2004-06-11,1.0
1668,454,2004-06-11,1.0
1406,809,2004-06-11,1.0
1489,1029,2004-06-11,1.0
1545,9,2004-06-11,1.0
1304,768,2004-06-11,1.0
57,1616,2004-06-11,1.0
1290,1677,2004-06-11,1.0
1302,338,2004-06-11,1.0
1343,249,2004-06-11,1.0
353,194,2004-06-11,1.0
234,1136,2004-06-11,1.0
1136,234,2004-06-11,1.0
1668,1379,2004-06-11,1.0
1136,781,2004-06-11,1.0
509,1255,2004-06-11,1.0
1,3,2004-06-11,1.0
12,1387,2004-06-11,1.0
44,249,2004-06-11,1.0
161,1487,2004-06-11,1.0
1343,1253,2004-06-11,1.0
1542,1383,2004-06-11,1.0
1312,32,2004-06-11,1.0
32,1312,2004-06-11,1.0
768,1248,2004-06-11,1.0
1676,686,2004-06-11,1.0
1644,812,2004-06-11,1.0
249,44,2004-06-11,1.0
1623,711,2004-06-11,1.0
1602,1678,2004-06-11,1.0
19,1130,2004-06-11,1.0
812,1644,2004-06-11,1.0
338,1302,2004-06-11,1.0
1248,768,2004-06-11,1.0
1256,1680,2004-06-11,1.0
1343,357,2004-06-11,1.0
302,403,2004-06-11,1.0
1580,155,2004-06-11,1.0
1580,1577,2004-06-11,1.0
1644,1623,2004-06-11,1.0
1586,1557,2004-06-11,1.0
1029,1489,2004-06-11,1.0
1644,357,2004-06-11,1.0
781,1136,2004-06-11,1.0
1332,617,2004-06-11,1.0
1316,72,2004-06-11,1.0
281,708,2004-06-11,1.0
357,1644,2004-06-11,1.0
1472,949,2004-06-11,1.0
1648,1052,2004-06-11,1.0
357,1616,2004-06-11,1.0
357,1343,2004-06-11,1.0
1602,59,2004-06-11,1.0
809,1406,2004-06-11,1.0
1644,67,2004-06-11,1.0
1474,598,2004-06-12,1.0
1638,462,2004-06-12,1.0
42,1487,2004-06-12,1.0
1158,713,2004-06-12,1.0
42,1161,2004-06-12,1.0
1282,1189,2004-06-12,1.0
1189,1282,2004-06-12,1.0
1387,1313,2004-06-12,1.0
42,1689,2004-06-12,1.0
1158,1423,2004-06-12,1.0
1196,9,2004-06-12,1.0
606,128,2004-06-12,1.0
1408,1253,2004-06-12,1.0
1648,481,2004-06-12,1.0
1608,799,2004-06-12,1.0
41,1029,2004-06-12,1.0
281,708,2004-06-12,1.0
799,1608,2004-06-12,1.0
547,1443,2004-06-12,1.0
1021,249,2004-06-12,1.0
32,1689,2004-06-12,1.0
1013,398,2004-06-12,1.0
606,1362,2004-06-12,1.0
713,884,2004-06-12,1.0
1387,12,2004-06-12,1.0
1253,272,2004-06-12,1.0
1365,810,2004-06-12,1.0
1253,1688,2004-06-12,1.0
1253,50,2004-06-12,1.0
1676,1580,2004-06-12,1.0
1253,1408,2004-06-12,1.0
1029,41,2004-06-12,1.0
1029,1237,2004-06-12,1.0
276,1343,2004-06-12,1.0
1686,220,2004-06-12,1.0
1554,1189,2004-06-12,1.0
462,1646,2004-06-12,1.0
462,1638,2004-06-12,1.0
249,1021,2004-06-12,1.0
1373,713,2004-06-12,1.0
713,1326,2004-06-12,1.0
713,1158,2004-06-12,1.0
779,1308,2004-06-12,1.0
249,547,2004-06-12,1.0
1668,454,2004-06-12,1.0
342,544,2004-06-12,1.0
1586,1580,2004-06-12,1.0
1189,128,2004-06-12,1.0
1189,1688,2004-06-12,1.0
1314,1346,2004-06-12,1.0
1646,462,2004-06-12,1.0
42,1690,2004-06-12,1.0
9,1580,2004-06-12,1.0
1681,41,2004-06-12,1.0
191,1060,2004-06-12,1.0
1402,1185,2004-06-12,1.0
393,1190,2004-06-12,1.0
1402,1619,2004-06-12,1.0
1402,1539,2004-06-12,1.0
1402,1681,2004-06-12,1.0
249,1692,2004-06-12,1.0
708,281,2004-06-12,1.0
176,1565,2004-06-12,1.0
1272,1253,2004-06-12,1.0
1403,1313,2004-06-12,1.0
1253,1272,2004-06-12,1.0
1248,131,2004-06-12,1.0
199,63,2004-06-12,1.0
1237,1029,2004-06-12,1.0
1413,199,2004-06-12,1.0
317,307,2004-06-12,1.0
429,1568,2004-06-12,1.0
1680,1256,2004-06-12,1.0
1688,277,2004-06-12,1.0
9,1313,2004-06-12,1.0
1657,300,2004-06-12,1.0
1189,523,2004-06-12,1.0
454,1668,2004-06-12,1.0
1362,606,2004-06-12,1.0
41,1681,2004-06-12,1.0
42,1691,2004-06-12,1.0
1690,1344,2004-06-12,1.0
1344,1690,2004-06-12,1.0
919,1514,2004-06-12,1.0
919,1520,2004-06-12,1.0
474,1339,2004-06-12,1.0
1690,42,2004-06-12,1.0
1316,1039,2004-06-12,1.0
389,1688,2004-06-12,1.0
234,1231,2004-06-12,1.0
919,1598,2004-06-12,1.0
234,53,2004-06-12,1.0
812,1644,2004-06-12,1.0
1190,393,2004-06-12,1.0
713,1373,2004-06-12,1.0
713,41,2004-06-12,1.0
257,135,2004-06-12,1.0
1,3,2004-06-12,1.0
481,1648,2004-06-12,1.0
1688,389,2004-06-12,1.0
1255,1231,2004-06-12,1.0
1231,1255,2004-06-12,1.0
1253,1685,2004-06-12,1.0
1383,1542,2004-06-12,1.0
193,1647,2004-06-12,1.0
1545,1580,2004-06-12,1.0
620,679,2004-06-12,1.0
620,605,2004-06-12,1.0
193,536,2004-06-12,1.0
768,72,2004-06-12,1.0
768,924,2004-06-12,1.0
32,1021,2004-06-12,1.0
536,193,2004-06-12,1.0
1021,32,2004-06-12,1.0
392,72,2004-06-12,1.0
1601,1383,2004-06-12,1.0
1624,337,2004-06-12,1.0
1343,1113,2004-06-12,1.0
1383,1601,2004-06-12,1.0
1343,281,2004-06-12,1.0
621,1647,2004-06-12,1.0
1542,1383,2004-06-12,1.0
679,620,2004-06-12,1.0
1688,1189,2004-06-12,1.0
615,616,2004-06-12,1.0
1021,322,2004-06-12,1.0
367,337,2004-06-12,1.0
516,453,2004-06-12,1.0
544,342,2004-06-12,1.0
250,713,2004-06-12,1.0
250,1665,2004-06-12,1.0
474,1679,2004-06-12,1.0
1608,1647,2004-06-12,1.0
1254,1234,2004-06-12,1.0
1231,1667,2004-06-12,1.0
1255,1359,2004-06-12,1.0
1500,144,2004-06-12,1.0
250,1255,2004-06-12,1.0
700,822,2004-06-12,1.0
605,620,2004-06-12,1.0
1520,1513,2004-06-12,1.0
337,1624,2004-06-12,1.0
1520,716,2004-06-12,1.0
193,1343,2004-06-12,1.0
884,713,2004-06-12,1.0
799,1475,2004-06-12,1.0
1522,537,2004-06-12,1.0
1346,1314,2004-06-12,1.0
728,1573,2004-06-12,1.0
1189,1489,2004-06-12,1.0
878,1189,2004-06-12,1.0
1189,878,2004-06-12,1.0
1189,543,2004-06-12,1.0
1189,1665,2004-06-12,1.0
1189,1554,2004-06-12,1.0
1447,1500,2004-06-12,1.0
933,1687,2004-06-12,1.0
128,1189,2004-06-12,1.0
1343,1253,2004-06-12,1.0
1688,1005,2004-06-12,1.0
337,367,2004-06-12,1.0
1520,912,2004-06-12,1.0
1514,919,2004-06-12,1.0
1520,919,2004-06-12,1.0
172,1603,2004-06-12,1.0
1343,1406,2004-06-12,1.0
706,800,2004-06-12,1.0
322,1021,2004-06-12,1.0
777,537,2004-06-12,1.0
727,475,2004-06-12,1.0
393,346,2004-06-12,1.0
1601,862,2004-06-12,1.0
172,840,2004-06-12,1.0
1343,193,2004-06-12,1.0
1343,276,2004-06-12,1.0
687,277,2004-06-12,1.0
1686,393,2004-06-12,1.0
172,495,2004-06-12,1.0
1676,686,2004-06-13,1.0
128,1189,2004-06-13,1.0
440,1540,2004-06-13,1.0
1554,41,2004-06-13,1.0
1540,440,2004-06-13,1.0
1013,398,2004-06-13,1.0
128,779,2004-06-13,1.0
1013,1312,2004-06-13,1.0
686,1676,2004-06-13,1.0
799,1475,2004-06-13,1.0
41,1554,2004-06-13,1.0
1657,1641,2004-06-13,1.0
1657,1316,2004-06-13,1.0
1316,1657,2004-06-13,1.0
415,997,2004-06-13,1.0
475,357,2004-06-13,1.0
1438,639,2004-06-13,1.0
949,1644,2004-06-13,1.0
1624,48,2004-06-13,1.0
1269,523,2004-06-13,1.0
48,1248,2004-06-13,1.0
48,1624,2004-06-13,1.0
48,1346,2004-06-13,1.0
469,463,2004-06-13,1.0
1248,1676,2004-06-13,1.0
272,1253,2004-06-13,1.0
779,128,2004-06-13,1.0
321,392,2004-06-13,1.0
1540,1283,2004-06-13,1.0
415,841,2004-06-13,1.0
1185,52,2004-06-13,1.0
781,1136,2004-06-13,1.0
1522,1616,2004-06-13,1.0
1280,768,2004-06-13,1.0
1346,48,2004-06-13,1.0
949,1648,2004-06-13,1.0
1546,193,2004-06-13,1.0
234,1312,2004-06-13,1.0
357,1554,2004-06-13,1.0
1312,234,2004-06-13,1.0
1554,357,2004-06-13,1.0
357,1015,2004-06-13,1.0
544,797,2004-06-13,1.0
357,1546,2004-06-13,1.0
41,1136,2004-06-13,1.0
973,357,2004-06-13,1.0
176,1565,2004-06-13,1.0
357,973,2004-06-13,1.0
249,96,2004-06-13,1.0
706,1383,2004-06-13,1.0
234,309,2004-06-13,1.0
357,475,2004-06-13,1.0
708,189,2004-06-13,1.0
1540,714,2004-06-13,1.0
1540,372,2004-06-13,1.0
1540,249,2004-06-13,1.0
104,713,2004-06-13,1.0
398,337,2004-06-13,1.0
234,1136,2004-06-13,1.0
398,1013,2004-06-13,1.0
257,1555,2004-06-13,1.0
1312,1013,2004-06-13,1.0
338,475,2004-06-13,1.0
281,708,2004-06-13,1.0
1383,706,2004-06-13,1.0
1290,1677,2004-06-13,1.0
357,708,2004-06-13,1.0
708,281,2004-06-13,1.0
234,708,2004-06-13,1.0
1601,1666,2004-06-13,1.0
1644,1304,2004-06-13,1.0
400,601,2004-06-13,1.0
1644,949,2004-06-13,1.0
454,1668,2004-06-13,1.0
1508,1580,2004-06-13,1.0
3,44,2004-06-13,1.0
3,36,2004-06-13,1.0
400,1255,2004-06-13,1.0
249,44,2004-06-13,1.0
400,474,2004-06-13,1.0
41,1029,2004-06-13,1.0
400,1681,2004-06-13,1.0
400,1555,2004-06-13,1.0
1669,1434,2004-06-13,1.0
162,161,2004-06-13,1.0
1346,1314,2004-06-13,1.0
161,162,2004-06-13,1.0
1190,393,2004-06-13,1.0
883,278,2004-06-13,1.0
1304,1644,2004-06-13,1.0
1281,679,2004-06-13,1.0
1281,281,2004-06-13,1.0
249,1304,2004-06-13,1.0
1304,249,2004-06-13,1.0
278,883,2004-06-13,1.0
393,1190,2004-06-13,1.0
1668,454,2004-06-13,1.0
1255,1694,2004-06-13,1.0
27,620,2004-06-13,1.0
1255,400,2004-06-13,1.0
768,1280,2004-06-13,1.0
32,1692,2004-06-13,1.0
768,408,2004-06-13,1.0
1314,1346,2004-06-13,1.0
193,1546,2004-06-13,1.0
1434,1601,2004-06-13,1.0
144,1500,2004-06-13,1.0
1434,174,2004-06-13,1.0
1434,1669,2004-06-13,1.0
1608,1647,2004-06-13,1.0
1136,781,2004-06-13,1.0
1136,234,2004-06-13,1.0
249,1540,2004-06-13,1.0
1136,41,2004-06-13,1.0
1248,48,2004-06-13,1.0
357,1363,2004-06-13,1.0
542,1158,2004-06-13,1.0
797,544,2004-06-13,1.0
462,713,2004-06-13,1.0
462,1638,2004-06-13,1.0
1227,1039,2004-06-13,1.0
1185,528,2004-06-13,1.0
1029,41,2004-06-13,1.0
1502,1693,2004-06-13,1.0
249,1568,2004-06-13,1.0
1039,1227,2004-06-13,1.0
1253,272,2004-06-13,1.0
53,1585,2004-06-13,1.0
1413,800,2004-06-13,1.0
523,1269,2004-06-13,1.0
1413,1668,2004-06-13,1.0
249,1130,2004-06-13,1.0
367,1540,2004-06-13,1.0
768,801,2004-06-13,1.0
1573,728,2004-06-13,1.0
337,398,2004-06-13,1.0
1039,342,2004-06-13,1.0
1039,1632,2004-06-13,1.0
1231,1667,2004-06-13,1.0
1408,1253,2004-06-13,1.0
1039,1598,2004-06-13,1.0
1231,1254,2004-06-13,1.0
912,1668,2004-06-13,1.0
768,593,2004-06-13,1.0
620,701,2004-06-13,1.0
440,1384,2004-06-13,1.0
199,1582,2004-06-13,1.0
1373,713,2004-06-13,1.0
199,1413,2004-06-13,1.0
9,1313,2004-06-13,1.0
1313,9,2004-06-13,1.0
1313,1387,2004-06-13,1.0
701,858,2004-06-13,1.0
199,1255,2004-06-13,1.0
161,1673,2004-06-13,1.0
713,1326,2004-06-13,1.0
1060,191,2004-06-13,1.0
1060,1187,2004-06-13,1.0
429,1189,2004-06-13,1.0
1060,199,2004-06-13,1.0
1282,1189,2004-06-13,1.0
1540,376,2004-06-13,1.0
393,1111,2004-06-13,1.0
1623,1644,2004-06-13,1.0
249,1648,2004-06-13,1.0
1555,257,2004-06-13,1.0
779,744,2004-06-13,1.0
1555,400,2004-06-13,1.0
249,1504,2004-06-13,1.0
1648,949,2004-06-13,1.0
249,621,2004-06-13,1.0
1644,1623,2004-06-13,1.0
713,1373,2004-06-13,1.0
1373,621,2004-06-13,1.0
1648,719,2004-06-13,1.0
593,1619,2004-06-13,1.0
1111,393,2004-06-13,1.0
474,400,2004-06-13,1.0
810,1365,2004-06-13,1.0
468,1585,2004-06-13,1.0
249,194,2004-06-13,1.0
1189,429,2004-06-13,1.0
1255,199,2004-06-13,1.0
1029,1237,2004-06-13,1.0
1326,713,2004-06-13,1.0
871,592,2004-06-13,1.0
1312,1344,2004-06-13,1.0
547,859,2004-06-13,1.0
949,1472,2004-06-13,1.0
859,547,2004-06-13,1.0
474,520,2004-06-13,1.0
249,1255,2004-06-13,1.0
394,429,2004-06-13,1.0
1158,1072,2004-06-13,1.0
1158,542,2004-06-13,1.0
41,919,2004-06-13,1.0
1387,1313,2004-06-13,1.0
621,249,2004-06-13,1.0
1344,1312,2004-06-13,1.0
1383,1636,2004-06-13,1.0
1313,1403,2004-06-13,1.0
53,234,2004-06-13,1.0
1332,520,2004-06-13,1.0
52,1185,2004-06-13,1.0
544,342,2004-06-13,1.0
143,201,2004-06-13,1.0
52,1237,2004-06-13,1.0
1158,713,2004-06-13,1.0
429,394,2004-06-13,1.0
919,1520,2004-06-13,1.0
1540,47,2004-06-13,1.0
189,1641,2004-06-13,1.0
1136,1052,2004-06-13,1.0
42,1255,2004-06-13,1.0
1255,42,2004-06-13,1.0
621,1373,2004-06-13,1.0
1565,176,2004-06-13,1.0
1255,249,2004-06-13,1.0
242,474,2004-06-13,1.0
1513,1520,2004-06-13,1.0
518,1580,2004-06-13,1.0
1403,1313,2004-06-13,1.0
474,242,2004-06-13,1.0
189,708,2004-06-13,1.0
357,1426,2004-06-13,1.0
1668,912,2004-06-13,1.0
281,1281,2004-06-13,1.0
357,429,2004-06-13,1.0
357,135,2004-06-13,1.0
429,1289,2004-06-13,1.0
679,1281,2004-06-13,1.0
1493,372,2004-06-13,1.0
429,242,2004-06-13,1.0
878,1426,2004-06-13,1.0
621,1647,2004-06-13,1.0
1520,919,2004-06-13,1.0
84,1647,2004-06-13,1.0
878,1647,2004-06-13,1.0
1647,498,2004-06-13,1.0
1647,84,2004-06-13,1.0
1647,621,2004-06-13,1.0
1189,1282,2004-06-13,1.0
1647,193,2004-06-13,1.0
277,1688,2004-06-13,1.0
277,687,2004-06-13,1.0
1647,1608,2004-06-13,1.0
1485,1367,2004-06-13,1.0
1190,62,2004-06-13,1.0
495,172,2004-06-13,1.0
495,1332,2004-06-13,1.0
242,429,2004-06-13,1.0
686,621,2004-06-13,1.0
84,523,2004-06-13,1.0
84,901,2004-06-13,1.0
1072,1158,2004-06-13,1.0
193,1647,2004-06-13,1.0
361,638,2004-06-13,1.0
220,1686,2004-06-13,1.0
84,451,2004-06-13,1.0
84,1211,2004-06-13,1.0
1413,552,2004-06-14,1.0
400,1343,2004-06-14,1.0
507,1313,2004-06-14,1.0
1343,400,2004-06-14,1.0
48,1346,2004-06-14,1.0
1269,523,2004-06-14,1.0
1189,1015,2004-06-14,1.0
552,1413,2004-06-14,1.0
1657,144,2004-06-14,1.0
1657,1565,2004-06-14,1.0
1281,1283,2004-06-14,1.0
1158,1072,2004-06-14,1.0
60,1130,2004-06-14,1.0
1305,1103,2004-06-14,1.0
1343,193,2004-06-14,1.0
400,474,2004-06-14,1.0
1281,281,2004-06-14,1.0
1072,1158,2004-06-14,1.0
193,1343,2004-06-14,1.0
1676,686,2004-06-14,1.0
400,502,2004-06-14,1.0
810,1365,2004-06-14,1.0
400,536,2004-06-14,1.0
768,1598,2004-06-14,1.0
1033,1281,2004-06-14,1.0
1033,1355,2004-06-14,1.0
1285,447,2004-06-14,1.0
193,394,2004-06-14,1.0
325,549,2004-06-14,1.0
447,249,2004-06-14,1.0
687,1440,2004-06-14,1.0
447,1667,2004-06-14,1.0
1548,1598,2004-06-14,1.0
1,281,2004-06-14,1.0
1,36,2004-06-14,1.0
797,544,2004-06-14,1.0
1667,447,2004-06-14,1.0
1426,249,2004-06-14,1.0
1426,1699,2004-06-14,1.0
239,1328,2004-06-14,1.0
1623,711,2004-06-14,1.0
400,1681,2004-06-14,1.0
1675,201,2004-06-14,1.0
249,1426,2004-06-14,1.0
249,447,2004-06-14,1.0
509,1603,2004-06-14,1.0
474,1644,2004-06-14,1.0
474,400,2004-06-14,1.0
42,995,2004-06-14,1.0
42,474,2004-06-14,1.0
474,42,2004-06-14,1.0
42,1622,2004-06-14,1.0
687,277,2004-06-14,1.0
708,281,2004-06-14,1.0
1440,687,2004-06-14,1.0
544,797,2004-06-14,1.0
966,52,2004-06-14,1.0
281,1281,2004-06-14,1.0
509,1255,2004-06-14,1.0
1252,1616,2004-06-14,1.0
1285,1313,2004-06-14,1.0
281,1,2004-06-14,1.0
1285,1413,2004-06-14,1.0
249,502,2004-06-14,1.0
36,1,2004-06-14,1.0
1313,1285,2004-06-14,1.0
36,3,2004-06-14,1.0
3,36,2004-06-14,1.0
1426,1066,2004-06-14,1.0
338,63,2004-06-14,1.0
886,768,2004-06-14,1.0
1598,214,2004-06-14,1.0
1598,1039,2004-06-14,1.0
272,1253,2004-06-14,1.0
1234,1254,2004-06-14,1.0
342,1039,2004-06-14,1.0
303,598,2004-06-14,1.0
1255,234,2004-06-14,1.0
1285,544,2004-06-14,1.0
160,598,2004-06-14,1.0
1522,537,2004-06-14,1.0
1598,919,2004-06-14,1.0
878,766,2004-06-14,1.0
1522,1580,2004-06-14,1.0
605,617,2004-06-14,1.0
361,389,2004-06-14,1.0
234,1255,2004-06-14,1.0
1601,1690,2004-06-14,1.0
1598,1655,2004-06-14,1.0
1598,1487,2004-06-14,1.0
447,1285,2004-06-14,1.0
1280,768,2004-06-14,1.0
1227,1039,2004-06-14,1.0
711,1623,2004-06-14,1.0
1487,679,2004-06-14,1.0
400,1255,2004-06-14,1.0
1690,1601,2004-06-14,1.0
1413,544,2004-06-14,1.0
1598,1522,2004-06-14,1.0
1598,1548,2004-06-14,1.0
1565,1285,2004-06-14,1.0
1598,768,2004-06-14,1.0
620,27,2004-06-14,1.0
1598,27,2004-06-14,1.0
1598,1344,2004-06-14,1.0
1598,632,2004-06-14,1.0
1598,429,2004-06-14,1.0
1285,1565,2004-06-14,1.0
174,1434,2004-06-14,1.0
544,1413,2004-06-14,1.0
389,361,2004-06-14,1.0
1487,42,2004-06-14,1.0
1487,1598,2004-06-14,1.0
1598,1582,2004-06-14,1.0
1629,1619,2004-06-14,1.0
1647,9,2004-06-14,1.0
1356,1509,2004-06-14,1.0
1647,193,2004-06-14,1.0
367,1540,2004-06-14,1.0
1313,1403,2004-06-14,1.0
617,431,2004-06-14,1.0
1434,1669,2004-06-14,1.0
1434,174,2004-06-14,1.0
249,1647,2004-06-14,1.0
713,1326,2004-06-14,1.0
713,462,2004-06-14,1.0
52,1285,2004-06-14,1.0
52,966,2004-06-14,1.0
1647,249,2004-06-14,1.0
1647,1113,2004-06-14,1.0
1113,1647,2004-06-14,1.0
1540,1373,2004-06-14,1.0
454,1668,2004-06-14,1.0
281,708,2004-06-14,1.0
193,1647,2004-06-14,1.0
1255,400,2004-06-14,1.0
1255,509,2004-06-14,1.0
1285,27,2004-06-14,1.0
1285,1365,2004-06-14,1.0
1565,1657,2004-06-14,1.0
504,1339,2004-06-14,1.0
686,1676,2004-06-14,1.0
1619,802,2004-06-14,1.0
249,1359,2004-06-14,1.0
249,1118,2004-06-14,1.0
27,1285,2004-06-14,1.0
710,1270,2004-06-14,1.0
249,1619,2004-06-14,1.0
621,1647,2004-06-14,1.0
1598,400,2004-06-14,1.0
1598,52,2004-06-14,1.0
1598,357,2004-06-14,1.0
1328,239,2004-06-14,1.0
1619,249,2004-06-14,1.0
800,1413,2004-06-14,1.0
1619,1629,2004-06-14,1.0
1440,1647,2004-06-14,1.0
1313,1387,2004-06-14,1.0
1629,249,2004-06-14,1.0
679,1487,2004-06-14,1.0
1387,12,2004-06-14,1.0
1387,1313,2004-06-14,1.0
503,605,2004-06-14,1.0
1270,710,2004-06-14,1.0
1365,1285,2004-06-14,1.0
277,687,2004-06-14,1.0
768,1280,2004-06-14,1.0
1365,810,2004-06-14,1.0
12,1387,2004-06-14,1.0
249,1629,2004-06-14,1.0
1356,135,2004-06-14,1.0
950,42,2004-06-14,1.0
431,617,2004-06-14,1.0
27,620,2004-06-14,1.0
494,389,2004-06-14,1.0
199,544,2004-06-14,1.0
1493,1113,2004-06-14,1.0
1488,518,2004-06-14,1.0
1431,1676,2004-06-14,1.0
1657,1346,2004-06-14,1.0
1540,193,2004-06-14,1.0
1647,1440,2004-06-14,1.0
593,1619,2004-06-14,1.0
1647,1657,2004-06-14,1.0
1540,810,2004-06-14,1.0
193,1540,2004-06-14,1.0
593,1283,2004-06-14,1.0
990,1113,2004-06-14,1.0
1657,1647,2004-06-14,1.0
1113,990,2004-06-14,1.0
1647,878,2004-06-14,1.0
1647,621,2004-06-14,1.0
1647,1608,2004-06-14,1.0
118,193,2004-06-14,1.0
1644,474,2004-06-14,1.0
1694,1359,2004-06-14,1.0
1647,1516,2004-06-14,1.0
1694,1255,2004-06-14,1.0
1647,32,2004-06-14,1.0
389,494,2004-06-14,1.0
1694,1335,2004-06-14,1.0
193,118,2004-06-14,1.0
822,700,2004-06-14,1.0
1540,1283,2004-06-14,1.0
1644,546,2004-06-14,1.0
44,249,2004-06-14,1.0
44,3,2004-06-14,1.0
249,44,2004-06-14,1.0
518,1540,2004-06-14,1.0
1667,53,2004-06-14,1.0
810,1540,2004-06-14,1.0
1601,1231,2004-06-14,1.0
1619,593,2004-06-14,1.0
1568,1255,2004-06-14,1.0
1283,593,2004-06-14,1.0
1283,1540,2004-06-14,1.0
361,773,2004-06-14,1.0
546,1644,2004-06-14,1.0
1540,856,2004-06-14,1.0
361,1056,2004-06-14,1.0
1540,518,2004-06-14,1.0
297,337,2004-06-14,1.0
1231,1601,2004-06-14,1.0
361,913,2004-06-14,1.0
1270,537,2004-06-14,1.0
249,474,2004-06-14,1.0
1255,1568,2004-06-14,1.0
361,788,2004-06-14,1.0
1281,679,2004-06-14,1.0
361,311,2004-06-14,1.0
361,460,2004-06-14,1.0
361,1402,2004-06-14,1.0
1013,1696,2004-06-14,1.0
12,1121,2004-06-14,1.0
1565,176,2004-06-14,1.0
1237,52,2004-06-14,1.0
1237,1029,2004-06-14,1.0
176,1565,2004-06-14,1.0
53,1667,2004-06-14,1.0
679,1281,2004-06-14,1.0
1619,1402,2004-06-14,1.0
193,144,2004-06-14,1.0
474,249,2004-06-14,1.0
1601,394,2004-06-14,1.0
249,928,2004-06-14,1.0
1121,142,2004-06-14,1.0
42,950,2004-06-14,1.0
1121,797,2004-06-14,1.0
249,734,2004-06-14,1.0
654,620,2004-06-14,1.0
1540,249,2004-06-14,1.0
537,1522,2004-06-14,1.0
309,234,2004-06-14,1.0
537,1270,2004-06-14,1.0
537,1228,2004-06-14,1.0
1540,50,2004-06-14,1.0
1228,537,2004-06-14,1.0
249,1540,2004-06-14,1.0
249,1181,2004-06-14,1.0
41,1423,2004-06-14,1.0
1516,393,2004-06-14,1.0
1644,1304,2004-06-14,1.0
537,777,2004-06-14,1.0
249,598,2004-06-14,1.0
1520,1513,2004-06-14,1.0
1520,919,2004-06-14,1.0
361,1026,2004-06-14,1.0
1540,367,2004-06-14,1.0
249,919,2004-06-14,1.0
1585,1413,2004-06-14,1.0
1568,249,2004-06-14,1.0
249,1568,2004-06-14,1.0
1332,495,2004-06-14,1.0
1585,1368,2004-06-14,1.0
249,1402,2004-06-14,1.0
50,1540,2004-06-14,1.0
234,309,2004-06-14,1.0
495,1332,2004-06-14,1.0
1540,1695,2004-06-14,1.0
1568,1585,2004-06-14,1.0
1368,1585,2004-06-14,1.0
1413,1585,2004-06-14,1.0
919,249,2004-06-14,1.0
1585,1568,2004-06-14,1.0
234,1136,2004-06-14,1.0
801,768,2004-06-14,1.0
734,249,2004-06-14,1.0
605,734,2004-06-14,1.0
1520,716,2004-06-14,1.0
1285,1021,2004-06-14,1.0
1413,389,2004-06-14,1.0
544,1285,2004-06-14,1.0
389,1413,2004-06-14,1.0
1255,1359,2004-06-14,1.0
1326,713,2004-06-14,1.0
1413,549,2004-06-14,1.0
249,389,2004-06-14,1.0
389,1285,2004-06-14,1.0
389,249,2004-06-14,1.0
1667,617,2004-06-14,1.0
1285,52,2004-06-14,1.0
1285,389,2004-06-14,1.0
298,518,2004-06-14,1.0
1285,3,2004-06-14,1.0
3,1285,2004-06-14,1.0
766,252,2004-06-14,1.0
598,303,2004-06-14,1.0
161,162,2004-06-14,1.0
734,605,2004-06-14,1.0
1343,276,2004-06-14,1.0
41,1136,2004-06-14,1.0
502,249,2004-06-14,1.0
617,1285,2004-06-14,1.0
415,841,2004-06-14,1.0
1667,544,2004-06-14,1.0
1335,1694,2004-06-14,1.0
605,1667,2004-06-14,1.0
1359,1255,2004-06-14,1.0
1359,1694,2004-06-14,1.0
841,415,2004-06-14,1.0
1285,1342,2004-06-14,1.0
1667,734,2004-06-14,1.0
1423,41,2004-06-14,1.0
144,193,2004-06-14,1.0
1668,454,2004-06-14,1.0
1667,605,2004-06-14,1.0
734,1667,2004-06-14,1.0
973,1697,2004-06-14,1.0
1681,400,2004-06-14,1.0
1285,1217,2004-06-14,1.0
1285,176,2004-06-14,1.0
176,1285,2004-06-14,1.0
546,544,2004-06-14,1.0
549,325,2004-06-14,1.0
1285,617,2004-06-14,1.0
1136,781,2004-06-14,1.0
1136,41,2004-06-14,1.0
1136,234,2004-06-14,1.0
617,1667,2004-06-14,1.0
214,1598,2004-06-14,1.0
1217,1285,2004-06-14,1.0
1079,1078,2004-06-14,1.0
302,1698,2004-06-14,1.0
1624,1626,2004-06-14,1.0
3,44,2004-06-14,1.0
768,1616,2004-06-15,1.0
1173,1616,2004-06-15,1.0
1700,768,2004-06-15,1.0
1700,1362,2004-06-15,1.0
1608,1647,2004-06-15,1.0
1601,1616,2004-06-15,1.0
768,1700,2004-06-15,1.0
1616,768,2004-06-15,1.0
1624,357,2004-06-15,1.0
128,606,2004-06-15,1.0
1118,249,2004-06-15,1.0
1039,1598,2004-06-15,1.0
1039,1227,2004-06-15,1.0
357,1624,2004-06-15,1.0
281,1281,2004-06-15,1.0
105,1648,2004-06-15,1.0
1616,1173,2004-06-15,1.0
1704,1598,2004-06-15,1.0
53,357,2004-06-15,1.0
249,1598,2004-06-15,1.0
1281,281,2004-06-15,1.0
783,1705,2004-06-15,1.0
1328,239,2004-06-15,1.0
337,1598,2004-06-15,1.0
52,1701,2004-06-15,1.0
1183,1703,2004-06-15,1.0
546,1348,2004-06-15,1.0
341,1056,2004-06-15,1.0
300,1702,2004-06-15,1.0
1185,607,2004-06-15,1.0
209,1701,2004-06-15,1.0
357,1701,2004-06-15,1.0
973,1697,2004-06-15,1.0
361,463,2004-06-15,1.0
361,389,2004-06-15,1.0
307,317,2004-06-15,1.0
1168,1540,2004-06-15,1.0
1468,1235,2004-06-15,1.0
1616,1601,2004-06-15,1.0
1285,52,2004-06-15,1.0
357,1598,2004-06-15,1.0
615,598,2004-06-15,1.0
1686,393,2004-06-15,1.0
1403,1313,2004-06-15,1.0
32,1647,2004-06-15,1.0
174,1434,2004-06-15,1.0
708,281,2004-06-15,1.0
1280,768,2004-06-15,1.0
1113,1468,2004-06-15,1.0
768,1444,2004-06-15,1.0
36,1,2004-06-15,1.0
36,3,2004-06-15,1.0
1468,1113,2004-06-15,1.0
1113,815,2004-06-15,1.0
1468,1554,2004-06-15,1.0
393,1686,2004-06-15,1.0
281,252,2004-06-15,1.0
1285,27,2004-06-15,1.0
281,708,2004-06-15,1.0
463,469,2004-06-15,1.0
357,1217,2004-06-15,1.0
357,1244,2004-06-15,1.0
9,1647,2004-06-15,1.0
1616,812,2004-06-15,1.0
357,1248,2004-06-15,1.0
357,809,2004-06-15,1.0
1623,711,2004-06-15,1.0
809,357,2004-06-15,1.0
357,53,2004-06-15,1.0
1540,1168,2004-06-15,1.0
482,463,2004-06-15,1.0
606,128,2004-06-15,1.0
463,361,2004-06-15,1.0
463,482,2004-06-15,1.0
357,1616,2004-06-15,1.0
1520,449,2004-06-16,1.0
1551,1636,2004-06-16,1.0
1543,1467,2004-06-16,1.0
9,1682,2004-06-16,1.0
249,1706,2004-06-16,1.0
9,1701,2004-06-16,1.0
400,1598,2004-06-16,1.0
9,1706,2004-06-16,1.0
309,1467,2004-06-17,1.0
485,1421,2004-06-17,1.0
252,766,2004-06-17,1.0
1468,1427,2004-06-17,1.0
19,1645,2004-06-17,1.0
191,765,2004-06-17,1.0
1393,1427,2004-06-17,1.0
840,1077,2004-06-17,1.0
1142,1709,2004-06-18,1.0
249,1708,2004-06-18,1.0
1601,1636,2004-06-18,1.0
234,1412,2004-06-18,1.0
249,1701,2004-06-18,1.0
193,1412,2004-06-18,1.0
654,297,2004-06-18,1.0
1343,1707,2004-06-18,1.0
1601,1412,2004-06-18,1.0
32,1710,2004-06-19,1.0
810,1412,2004-06-19,1.0
95,773,2004-06-19,1.0
144,1557,2004-06-19,1.0
799,1557,2004-06-19,1.0
967,1557,2004-06-19,1.0
3,1501,2004-06-20,1.0
1339,1296,2004-06-20,1.0
3,754,2004-06-20,1.0
3,2,2004-06-20,1.0
536,733,2004-06-20,1.0
799,733,2004-06-20,1.0
1513,460,2004-06-20,1.0
3,1711,2004-06-20,1.0
124,802,2004-06-21,1.0
1712,1466,2004-06-21,1.0
191,1421,2004-06-22,1.0
95,1419,2004-06-22,1.0
95,1385,2004-06-22,1.0
1284,733,2004-06-22,1.0
959,958,2004-06-22,1.0
95,862,2004-06-23,1.0
878,1426,2004-06-23,1.0
95,607,2004-06-23,1.0
48,1655,2004-06-23,1.0
95,707,2004-06-23,1.0
1343,1071,2004-06-23,1.0
1543,297,2004-06-23,1.0
32,1655,2004-06-23,1.0
1655,1598,2004-06-23,1.0
1509,1566,2004-06-23,1.0
644,311,2004-06-24,1.0
1717,192,2004-06-24,1.0
809,1071,2004-06-24,1.0
1716,69,2004-06-24,1.0
147,1505,2004-06-24,1.0
1716,1308,2004-06-24,1.0
621,824,2004-06-24,1.0
361,311,2004-06-24,1.0
1332,311,2004-06-24,1.0
1406,1715,2004-06-24,1.0
1713,1573,2004-06-24,1.0
1713,1714,2004-06-24,1.0
32,311,2004-06-24,1.0
225,1426,2004-06-24,1.0
1255,1071,2004-06-24,1.0
1716,1689,2004-06-25,1.0
214,512,2004-06-25,1.0
276,1683,2004-06-25,1.0
983,985,2004-06-25,1.0
1717,1507,2004-06-25,1.0
249,1718,2004-06-25,1.0
214,286,2004-06-25,1.0
124,1622,2004-06-26,1.0
124,463,2004-06-26,1.0
19,1715,2004-06-26,1.0
32,1053,2004-06-26,1.0
1013,1701,2004-06-26,1.0
809,1543,2004-06-27,1.0
1118,95,2004-06-27,1.0
1713,809,2004-06-27,1.0
1713,282,2004-06-27,1.0
70,1713,2004-06-27,1.0
193,393,2004-06-27,1.0
1713,70,2004-06-27,1.0
342,1362,2004-06-27,1.0
809,1713,2004-06-27,1.0
1463,308,2004-06-27,1.0
1713,525,2004-06-27,1.0
1463,1713,2004-06-27,1.0
1713,1463,2004-06-27,1.0
1713,1565,2004-06-27,1.0
1713,561,2004-06-27,1.0
282,1713,2004-06-27,1.0
3,234,2004-06-27,1.0
3,105,2004-06-27,1.0
1713,277,2004-06-27,1.0
1644,214,2004-06-27,1.0
1644,620,2004-06-27,1.0
3,641,2004-06-27,1.0
3,778,2004-06-27,1.0
3,611,2004-06-27,1.0
3,1208,2004-06-27,1.0
3,1183,2004-06-27,1.0
1,312,2004-06-27,1.0
3,824,2004-06-27,1.0
3,1288,2004-06-27,1.0
3,504,2004-06-27,1.0
3,800,2004-06-27,1.0
3,1373,2004-06-27,1.0
3,1154,2004-06-27,1.0
3,32,2004-06-27,1.0
3,790,2004-06-27,1.0
3,509,2004-06-27,1.0
3,155,2004-06-27,1.0
1295,431,2004-06-27,1.0
431,1295,2004-06-27,1.0
1408,1720,2004-06-27,1.0
1543,969,2004-06-27,1.0
1543,502,2004-06-27,1.0
1543,525,2004-06-27,1.0
561,95,2004-06-27,1.0
1543,1719,2004-06-27,1.0
1543,1715,2004-06-27,1.0
1314,1346,2004-06-27,1.0
95,1578,2004-06-27,1.0
95,447,2004-06-27,1.0
95,1118,2004-06-27,1.0
95,626,2004-06-27,1.0
95,561,2004-06-27,1.0
809,847,2004-06-27,1.0
429,191,2004-06-27,1.0
429,1190,2004-06-27,1.0
1346,1314,2004-06-27,1.0
1500,144,2004-06-27,1.0
1489,1588,2004-06-27,1.0
799,1362,2004-06-27,1.0
1543,852,2004-06-27,1.0
1190,393,2004-06-27,1.0
361,1255,2004-06-27,1.0
1190,1111,2004-06-27,1.0
1362,799,2004-06-27,1.0
1431,431,2004-06-27,1.0
431,1431,2004-06-27,1.0
32,1042,2004-06-27,1.0
620,1644,2004-06-27,1.0
969,1543,2004-06-27,1.0
393,1190,2004-06-27,1.0
847,809,2004-06-27,1.0
312,1,2004-06-27,1.0
1644,124,2004-06-27,1.0
214,1644,2004-06-27,1.0
191,429,2004-06-27,1.0
538,361,2004-06-27,1.0
1313,1285,2004-06-27,1.0
727,710,2004-06-27,1.0
1543,1565,2004-06-27,1.0
1543,1312,2004-06-27,1.0
1543,809,2004-06-27,1.0
1543,1280,2004-06-27,1.0
105,1281,2004-06-28,1.0
1624,1713,2004-06-28,1.0
67,32,2004-06-28,1.0
1713,1624,2004-06-28,1.0
1713,525,2004-06-28,1.0
1713,1072,2004-06-28,1.0
1339,474,2004-06-28,1.0
1314,1346,2004-06-28,1.0
1190,1723,2004-06-28,1.0
277,1688,2004-06-28,1.0
525,1713,2004-06-28,1.0
644,719,2004-06-28,1.0
32,1675,2004-06-28,1.0
1713,1215,2004-06-28,1.0
32,67,2004-06-28,1.0
1060,249,2004-06-28,1.0
63,249,2004-06-28,1.0
1543,525,2004-06-28,1.0
1713,63,2004-06-28,1.0
1543,1280,2004-06-28,1.0
1280,768,2004-06-28,1.0
1136,249,2004-06-28,1.0
1346,1314,2004-06-28,1.0
1072,1713,2004-06-28,1.0
249,843,2004-06-28,1.0
249,63,2004-06-28,1.0
249,1136,2004-06-28,1.0
249,1244,2004-06-28,1.0
249,1565,2004-06-28,1.0
652,598,2004-06-28,1.0
482,454,2004-06-28,1.0
263,308,2004-06-28,1.0
809,847,2004-06-28,1.0
1215,1713,2004-06-28,1.0
711,642,2004-06-28,1.0
711,547,2004-06-28,1.0
547,711,2004-06-28,1.0
1675,32,2004-06-28,1.0
214,1644,2004-06-28,1.0
454,482,2004-06-28,1.0
1543,1565,2004-06-28,1.0
474,249,2004-06-28,1.0
175,224,2004-06-28,1.0
1713,1231,2004-06-28,1.0
1713,378,2004-06-28,1.0
1346,1713,2004-06-28,1.0
1713,1346,2004-06-28,1.0
447,395,2004-06-28,1.0
1285,27,2004-06-28,1.0
561,1713,2004-06-28,1.0
1543,1485,2004-06-28,1.0
27,1285,2004-06-28,1.0
124,1565,2004-06-28,1.0
124,1255,2004-06-28,1.0
1713,44,2004-06-28,1.0
124,1644,2004-06-28,1.0
44,1713,2004-06-28,1.0
1713,277,2004-06-28,1.0
1642,822,2004-06-28,1.0
1255,124,2004-06-28,1.0
1713,1181,2004-06-28,1.0
1231,1713,2004-06-28,1.0
1231,1667,2004-06-28,1.0
525,1543,2004-06-28,1.0
1713,638,2004-06-28,1.0
312,1,2004-06-28,1.0
1244,249,2004-06-28,1.0
1717,784,2004-06-28,1.0
1713,1724,2004-06-28,1.0
1068,674,2004-06-28,1.0
1543,1724,2004-06-28,1.0
1667,1231,2004-06-28,1.0
1717,353,2004-06-28,1.0
1717,908,2004-06-28,1.0
1647,1688,2004-06-28,1.0
768,1280,2004-06-28,1.0
950,353,2004-06-28,1.0
1688,1346,2004-06-28,1.0
1072,1158,2004-06-28,1.0
1688,1647,2004-06-28,1.0
346,8,2004-06-28,1.0
1688,277,2004-06-28,1.0
1522,1618,2004-06-28,1.0
1522,537,2004-06-28,1.0
214,525,2004-06-28,1.0
525,214,2004-06-28,1.0
1721,61,2004-06-28,1.0
537,1522,2004-06-28,1.0
783,242,2004-06-28,1.0
1713,85,2004-06-28,1.0
1713,1652,2004-06-28,1.0
447,95,2004-06-28,1.0
634,852,2004-06-28,1.0
67,1042,2004-06-28,1.0
1111,1190,2004-06-28,1.0
1393,1225,2004-06-28,1.0
1285,1313,2004-06-28,1.0
277,1713,2004-06-28,1.0
639,1713,2004-06-28,1.0
1565,1543,2004-06-28,1.0
1565,124,2004-06-28,1.0
1565,1713,2004-06-28,1.0
474,400,2004-06-28,1.0
474,1339,2004-06-28,1.0
242,783,2004-06-28,1.0
1644,214,2004-06-28,1.0
8,346,2004-06-28,1.0
296,1346,2004-06-28,1.0
353,950,2004-06-28,1.0
353,1722,2004-06-28,1.0
1346,296,2004-06-28,1.0
1346,1688,2004-06-28,1.0
1346,642,2004-06-28,1.0
431,1295,2004-06-28,1.0
431,1346,2004-06-28,1.0
1346,431,2004-06-28,1.0
652,1713,2004-06-28,1.0
378,1713,2004-06-28,1.0
1280,1543,2004-06-28,1.0
1644,124,2004-06-28,1.0
1158,1072,2004-06-28,1.0
642,711,2004-06-28,1.0
1713,561,2004-06-28,1.0
1238,249,2004-06-28,1.0
1554,1468,2004-06-28,1.0
1713,1585,2004-06-28,1.0
1585,1713,2004-06-28,1.0
1627,1136,2004-06-28,1.0
1713,1554,2004-06-28,1.0
727,822,2004-06-28,1.0
249,474,2004-06-28,1.0
1720,1408,2004-06-28,1.0
249,1238,2004-06-28,1.0
1238,95,2004-06-28,1.0
1713,652,2004-06-28,1.0
1554,1713,2004-06-28,1.0
1644,1329,2004-06-28,1.0
620,27,2004-06-29,1.0
652,1317,2004-06-29,1.0
652,27,2004-06-29,1.0
42,1579,2004-06-29,1.0
1624,1408,2004-06-29,1.0
431,1346,2004-06-29,1.0
620,1487,2004-06-29,1.0
199,1717,2004-06-29,1.0
525,1543,2004-06-29,1.0
950,353,2004-06-29,1.0
644,312,2004-06-29,1.0
620,1568,2004-06-29,1.0
525,652,2004-06-29,1.0
652,525,2004-06-29,1.0
8,32,2004-06-29,1.0
474,249,2004-06-29,1.0
282,1079,2004-06-29,1.0
1647,1688,2004-06-29,1.0
42,1255,2004-06-29,1.0
1647,544,2004-06-29,1.0
1339,474,2004-06-29,1.0
242,783,2004-06-29,1.0
214,1130,2004-06-29,1.0
1713,617,2004-06-29,1.0
1543,1627,2004-06-29,1.0
474,1339,2004-06-29,1.0
27,620,2004-06-29,1.0
1647,1005,2004-06-29,1.0
1647,193,2004-06-29,1.0
1543,525,2004-06-29,1.0
878,1647,2004-06-29,1.0
1647,878,2004-06-29,1.0
302,799,2004-06-29,1.0
1688,1647,2004-06-29,1.0
1342,1343,2004-06-29,1.0
1727,995,2004-06-29,1.0
1727,346,2004-06-29,1.0
1280,768,2004-06-29,1.0
1280,1543,2004-06-29,1.0
783,242,2004-06-29,1.0
544,1647,2004-06-29,1.0
1727,1453,2004-06-29,1.0
1717,353,2004-06-29,1.0
191,429,2004-06-29,1.0
1190,394,2004-06-29,1.0
95,1238,2004-06-29,1.0
1415,1142,2004-06-29,1.0
1238,249,2004-06-29,1.0
1238,95,2004-06-29,1.0
312,644,2004-06-29,1.0
95,1387,2004-06-29,1.0
1362,342,2004-06-29,1.0
95,1648,2004-06-29,1.0
1491,1339,2004-06-29,1.0
95,561,2004-06-29,1.0
250,809,2004-06-29,1.0
95,1260,2004-06-29,1.0
8,1238,2004-06-29,1.0
95,713,2004-06-29,1.0
95,1692,2004-06-29,1.0
642,1346,2004-06-29,1.0
1285,1387,2004-06-29,1.0
1285,27,2004-06-29,1.0
1339,1491,2004-06-29,1.0
1346,393,2004-06-29,1.0
1346,431,2004-06-29,1.0
95,447,2004-06-29,1.0
233,193,2004-06-29,1.0
799,302,2004-06-29,1.0
644,626,2004-06-29,1.0
644,1535,2004-06-29,1.0
644,1253,2004-06-29,1.0
644,1568,2004-06-29,1.0
1190,644,2004-06-29,1.0
652,1629,2004-06-29,1.0
644,1190,2004-06-29,1.0
27,652,2004-06-29,1.0
245,615,2004-06-29,1.0
1721,61,2004-06-29,1.0
72,1713,2004-06-29,1.0
393,1346,2004-06-29,1.0
1713,757,2004-06-29,1.0
1713,598,2004-06-29,1.0
1725,1072,2004-06-29,1.0
1713,1346,2004-06-29,1.0
1713,1387,2004-06-29,1.0
1387,557,2004-06-29,1.0
1387,95,2004-06-29,1.0
1387,1285,2004-06-29,1.0
1387,1535,2004-06-29,1.0
1387,1713,2004-06-29,1.0
1408,1720,2004-06-29,1.0
353,1717,2004-06-29,1.0
353,950,2004-06-29,1.0
1408,1624,2004-06-29,1.0
1343,1342,2004-06-29,1.0
1712,1726,2004-06-29,1.0
843,249,2004-06-29,1.0
1136,249,2004-06-29,1.0
598,652,2004-06-29,1.0
1713,1554,2004-06-29,1.0
1543,1712,2004-06-29,1.0
1667,1231,2004-06-29,1.0
1688,277,2004-06-29,1.0
1329,1644,2004-06-29,1.0
1231,1667,2004-06-29,1.0
85,1713,2004-06-29,1.0
61,1721,2004-06-29,1.0
249,1136,2004-06-29,1.0
249,474,2004-06-29,1.0
249,1244,2004-06-29,1.0
557,152,2004-06-29,1.0
249,1402,2004-06-29,1.0
1644,1329,2004-06-29,1.0
1231,1605,2004-06-29,1.0
1255,1231,2004-06-29,1.0
674,1068,2004-06-29,1.0
1713,379,2004-06-29,1.0
429,191,2004-06-29,1.0
1713,282,2004-06-29,1.0
1079,27,2004-06-29,1.0
1130,214,2004-06-29,1.0
1253,673,2004-06-29,1.0
1713,1130,2004-06-29,1.0
124,1255,2004-06-29,1.0
1579,42,2004-06-29,1.0
27,1079,2004-06-29,1.0
1158,1072,2004-06-29,1.0
1255,124,2004-06-29,1.0
1535,1387,2004-06-29,1.0
1535,1339,2004-06-29,1.0
1723,1190,2004-06-29,1.0
1535,644,2004-06-29,1.0
1606,843,2004-06-29,1.0
1725,898,2004-06-29,1.0
1543,173,2004-06-29,1.0
249,389,2004-06-29,1.0
1253,644,2004-06-29,1.0
644,314,2004-06-29,1.0
1713,1648,2004-06-29,1.0
1713,72,2004-06-29,1.0
1079,282,2004-06-29,1.0
282,1713,2004-06-29,1.0
249,63,2004-06-29,1.0
249,282,2004-06-29,1.0
1346,1314,2004-06-29,1.0
27,1285,2004-06-29,1.0
1255,42,2004-06-29,1.0
317,311,2004-06-29,1.0
314,644,2004-06-29,1.0
557,525,2004-06-30,1.0
969,1401,2004-06-30,1.0
525,518,2004-06-30,1.0
843,249,2004-06-30,1.0
518,525,2004-06-30,1.0
652,27,2004-06-30,1.0
249,843,2004-06-30,1.0
27,652,2004-06-30,1.0
843,1606,2004-06-30,1.0
557,1346,2004-06-30,1.0
1401,969,2004-06-30,1.0
525,557,2004-06-30,1.0
145,1713,2004-06-30,1.0
1475,799,2004-06-30,1.0
1255,249,2004-06-30,1.0
447,95,2004-06-30,1.0
1713,1493,2004-06-30,1.0
1317,652,2004-06-30,1.0
799,1475,2004-06-30,1.0
249,474,2004-06-30,1.0
1332,537,2004-06-30,1.0
557,1565,2004-06-30,1.0
27,1079,2004-06-30,1.0
474,249,2004-06-30,1.0
242,823,2004-06-30,1.0
969,1713,2004-06-30,1.0
1713,969,2004-06-30,1.0
1072,1725,2004-06-30,1.0
1713,1072,2004-06-30,1.0
1079,27,2004-06-30,1.0
878,1644,2004-06-30,1.0
1253,644,2004-06-30,1.0
1408,1624,2004-06-30,1.0
1406,495,2004-06-30,1.0
1406,1190,2004-06-30,1.0
1189,1068,2004-06-30,1.0
1255,878,2004-06-30,1.0
1510,329,2004-06-30,1.0
63,249,2004-06-30,1.0
1543,1546,2004-06-30,1.0
324,329,2004-06-30,1.0
105,1727,2004-06-30,1.0
162,132,2004-06-30,1.0
1342,1343,2004-06-30,1.0
249,1489,2004-06-30,1.0
878,1255,2004-06-30,1.0
626,95,2004-06-30,1.0
626,644,2004-06-30,1.0
970,1255,2004-06-30,1.0
63,1713,2004-06-30,1.0
429,191,2004-06-30,1.0
710,1562,2004-06-30,1.0
710,727,2004-06-30,1.0
1255,970,2004-06-30,1.0
1713,1130,2004-06-30,1.0
1667,1181,2004-06-30,1.0
1713,708,2004-06-30,1.0
644,626,2004-06-30,1.0
1113,1343,2004-06-30,1.0
1127,713,2004-06-30,1.0
1343,1113,2004-06-30,1.0
429,160,2004-06-30,1.0
1068,1189,2004-06-30,1.0
768,1280,2004-06-30,1.0
176,969,2004-06-30,1.0
132,312,2004-06-30,1.0
1727,1069,2004-06-30,1.0
1727,644,2004-06-30,1.0
1727,638,2004-06-30,1.0
847,809,2004-06-30,1.0
431,1346,2004-06-30,1.0
1,312,2004-06-30,1.0
1624,1408,2004-06-30,1.0
456,1624,2004-06-30,1.0
456,204,2004-06-30,1.0
456,495,2004-06-30,1.0
1624,456,2004-06-30,1.0
27,1285,2004-06-30,1.0
1489,249,2004-06-30,1.0
1339,1489,2004-06-30,1.0
1489,1339,2004-06-30,1.0
1314,1346,2004-06-30,1.0
997,415,2004-06-30,1.0
997,142,2004-06-30,1.0
1346,1314,2004-06-30,1.0
1644,878,2004-06-30,1.0
615,652,2004-06-30,1.0
1130,1713,2004-06-30,1.0
537,1332,2004-06-30,1.0
329,1510,2004-06-30,1.0
1285,27,2004-06-30,1.0
312,132,2004-06-30,1.0
1491,1339,2004-06-30,1.0
1346,557,2004-06-30,1.0
32,8,2004-06-30,1.0
32,1042,2004-06-30,1.0
1406,1362,2004-06-30,1.0
8,32,2004-06-30,1.0
160,429,2004-06-30,1.0
160,1181,2004-06-30,1.0
160,697,2004-06-30,1.0
160,1729,2004-06-30,1.0
1713,1231,2004-06-30,1.0
1231,1713,2004-06-30,1.0
1713,1074,2004-06-30,1.0
1657,1730,2004-06-30,1.0
1074,1713,2004-06-30,1.0
1074,516,2004-06-30,1.0
783,242,2004-06-30,1.0
557,8,2004-06-30,1.0
249,1238,2004-06-30,1.0
1346,642,2004-06-30,1.0
1042,67,2004-06-30,1.0
443,341,2004-06-30,1.0
1042,32,2004-06-30,1.0
1346,1472,2004-06-30,1.0
394,1190,2004-06-30,1.0
1728,644,2004-06-30,1.0
557,152,2004-06-30,1.0
95,1255,2004-06-30,1.0
621,95,2004-06-30,1.0
1487,620,2004-06-30,1.0
1346,431,2004-06-30,1.0
95,621,2004-06-30,1.0
644,1728,2004-06-30,1.0
8,557,2004-06-30,1.0
561,95,2004-06-30,1.0
557,1387,2004-06-30,1.0
1713,495,2004-06-30,1.0
495,741,2004-06-30,1.0
495,1213,2004-06-30,1.0
495,1713,2004-06-30,1.0
652,615,2004-06-30,1.0
249,1731,2004-06-30,1.0
249,1255,2004-06-30,1.0
249,495,2004-06-30,1.0
132,162,2004-06-30,1.0
193,233,2004-06-30,1.0
142,144,2004-06-30,1.0
142,1121,2004-06-30,1.0
1713,1585,2004-06-30,1.0
144,142,2004-06-30,1.0
1181,160,2004-06-30,1.0
1181,1713,2004-06-30,1.0
856,1176,2004-06-30,1.0
809,250,2004-06-30,1.0
1730,1657,2004-06-30,1.0
1343,1342,2004-06-30,1.0
1688,277,2004-06-30,1.0
144,1500,2004-06-30,1.0
1346,308,2004-06-30,1.0
142,1575,2004-06-30,1.0
615,245,2004-06-30,1.0
392,1699,2004-06-30,1.0
1079,27,2004-07-01,1.0
1072,878,2004-07-01,1.0
1113,1343,2004-07-01,1.0
27,1079,2004-07-01,1.0
1436,582,2004-07-01,1.0
193,1647,2004-07-01,1.0
990,1113,2004-07-01,1.0
191,429,2004-07-01,1.0
1072,1158,2004-07-01,1.0
1118,1542,2004-07-01,1.0
783,249,2004-07-01,1.0
970,1255,2004-07-01,1.0
970,1641,2004-07-01,1.0
1624,1408,2004-07-01,1.0
1624,725,2004-07-01,1.0
1339,1255,2004-07-01,1.0
1489,249,2004-07-01,1.0
249,1644,2004-07-01,1.0
1313,9,2004-07-01,1.0
1493,1713,2004-07-01,1.0
257,42,2004-07-01,1.0
1313,507,2004-07-01,1.0
1644,249,2004-07-01,1.0
95,626,2004-07-01,1.0
1181,1667,2004-07-01,1.0
1556,1732,2004-07-01,1.0
1568,644,2004-07-01,1.0
1493,1656,2004-07-01,1.0
144,1500,2004-07-01,1.0
1493,1113,2004-07-01,1.0
652,1317,2004-07-01,1.0
1113,710,2004-07-01,1.0
1018,1644,2004-07-01,1.0
1644,1018,2004-07-01,1.0
1408,1624,2004-07-01,1.0
1313,1403,2004-07-01,1.0
1727,361,2004-07-01,1.0
1727,1183,2004-07-01,1.0
42,257,2004-07-01,1.0
42,1255,2004-07-01,1.0
557,525,2004-07-01,1.0
1255,42,2004-07-01,1.0
495,1713,2004-07-01,1.0
495,249,2004-07-01,1.0
495,1406,2004-07-01,1.0
970,1513,2004-07-01,1.0
495,456,2004-07-01,1.0
495,741,2004-07-01,1.0
1656,1493,2004-07-01,1.0
1343,249,2004-07-01,1.0
1343,1113,2004-07-01,1.0
710,1113,2004-07-01,1.0
63,1520,2004-07-01,1.0
710,699,2004-07-01,1.0
95,447,2004-07-01,1.0
1713,495,2004-07-01,1.0
176,969,2004-07-01,1.0
1513,970,2004-07-01,1.0
1406,1362,2004-07-01,1.0
908,1717,2004-07-01,1.0
199,1624,2004-07-01,1.0
1346,1314,2004-07-01,1.0
1272,1238,2004-07-01,1.0
1624,199,2004-07-01,1.0
1667,1181,2004-07-01,1.0
710,1283,2004-07-01,1.0
1520,1181,2004-07-01,1.0
1520,63,2004-07-01,1.0
969,176,2004-07-01,1.0
1190,394,2004-07-01,1.0
1113,969,2004-07-01,1.0
969,1113,2004-07-01,1.0
429,191,2004-07-01,1.0
725,1624,2004-07-01,1.0
1314,1346,2004-07-01,1.0
1255,970,2004-07-01,1.0
298,323,2004-07-01,1.0
9,1343,2004-07-01,1.0
9,1731,2004-07-01,1.0
9,788,2004-07-01,1.0
9,1313,2004-07-01,1.0
1362,1406,2004-07-01,1.0
711,642,2004-07-01,1.0
1343,9,2004-07-01,1.0
741,495,2004-07-01,1.0
9,1622,2004-07-01,1.0
1231,1667,2004-07-01,1.0
1731,9,2004-07-01,1.0
642,711,2004-07-01,1.0
19,1130,2004-07-01,1.0
1732,1556,2004-07-01,1.0
245,1283,2004-07-01,1.0
95,561,2004-07-01,1.0
249,1280,2004-07-01,1.0
9,282,2004-07-01,1.0
483,189,2004-07-01,1.0
1727,105,2004-07-01,1.0
249,783,2004-07-01,1.0
176,898,2004-07-01,1.0
176,523,2004-07-01,1.0
1158,1072,2004-07-01,1.0
1225,1393,2004-07-01,1.0
1343,1342,2004-07-01,1.0
1562,710,2004-07-01,1.0
1317,652,2004-07-01,1.0
1713,44,2004-07-01,1.0
525,557,2004-07-01,1.0
1713,525,2004-07-01,1.0
525,44,2004-07-01,1.0
1280,768,2004-07-01,1.0
1280,249,2004-07-01,1.0
1395,1113,2004-07-01,1.0
1395,249,2004-07-01,1.0
249,1395,2004-07-01,1.0
1282,1647,2004-07-01,1.0
1113,1395,2004-07-01,1.0
249,1353,2004-07-01,1.0
525,1713,2004-07-01,1.0
1282,848,2004-07-01,1.0
1036,792,2004-07-01,1.0
1190,393,2004-07-01,1.0
176,1585,2004-07-01,1.0
249,1585,2004-07-01,1.0
1647,193,2004-07-01,1.0
249,1343,2004-07-01,1.0
1647,172,2004-07-01,1.0
1585,249,2004-07-01,1.0
1585,176,2004-07-01,1.0
249,1021,2004-07-01,1.0
1585,1582,2004-07-01,1.0
1713,1548,2004-07-02,1.0
1546,1554,2004-07-02,1.0
1548,1713,2004-07-02,1.0
1667,447,2004-07-02,1.0
1079,27,2004-07-02,1.0
1231,1667,2004-07-02,1.0
1554,1339,2004-07-02,1.0
1554,1546,2004-07-02,1.0
1329,1271,2004-07-02,1.0
878,1548,2004-07-02,1.0
1113,1395,2004-07-02,1.0
1656,1493,2004-07-02,1.0
400,1280,2004-07-02,1.0
1181,1713,2004-07-02,1.0
1181,1667,2004-07-02,1.0
372,353,2004-07-02,1.0
32,1731,2004-07-02,1.0
1667,1548,2004-07-02,1.0
984,1231,2004-07-02,1.0
447,95,2004-07-02,1.0
42,1255,2004-07-02,1.0
1713,495,2004-07-02,1.0
1395,1113,2004-07-02,1.0
495,1713,2004-07-02,1.0
1500,708,2004-07-02,1.0
557,1387,2004-07-02,1.0
1548,878,2004-07-02,1.0
1493,1656,2004-07-02,1.0
1713,1493,2004-07-02,1.0
557,525,2004-07-02,1.0
1713,697,2004-07-02,1.0
1713,1554,2004-07-02,1.0
1667,799,2004-07-02,1.0
1339,1554,2004-07-02,1.0
1338,67,2004-07-02,1.0
42,1509,2004-07-02,1.0
1713,1384,2004-07-02,1.0
1231,984,2004-07-02,1.0
1540,1713,2004-07-02,1.0
1713,1540,2004-07-02,1.0
1190,394,2004-07-02,1.0
1713,893,2004-07-02,1.0
1713,1244,2004-07-02,1.0
1713,538,2004-07-02,1.0
1713,1026,2004-07-02,1.0
699,710,2004-07-02,1.0
85,1434,2004-07-02,1.0
582,1436,2004-07-02,1.0
1346,1314,2004-07-02,1.0
547,525,2004-07-02,1.0
1647,193,2004-07-02,1.0
1647,1282,2004-07-02,1.0
1734,346,2004-07-02,1.0
1183,1727,2004-07-02,1.0
1384,440,2004-07-02,1.0
1713,1585,2004-07-02,1.0
1434,1562,2004-07-02,1.0
1434,193,2004-07-02,1.0
1434,81,2004-07-02,1.0
1434,85,2004-07-02,1.0
626,644,2004-07-02,1.0
626,95,2004-07-02,1.0
61,249,2004-07-02,1.0
697,214,2004-07-02,1.0
1342,1343,2004-07-02,1.0
525,557,2004-07-02,1.0
620,1181,2004-07-02,1.0
1436,582,2004-07-02,1.0
652,1317,2004-07-02,1.0
1667,1181,2004-07-02,1.0
329,324,2004-07-02,1.0
1314,1346,2004-07-02,1.0
1295,431,2004-07-02,1.0
1562,1434,2004-07-02,1.0
482,1548,2004-07-02,1.0
1500,144,2004-07-02,1.0
1554,1713,2004-07-02,1.0
525,547,2004-07-02,1.0
525,1713,2004-07-02,1.0
1190,1111,2004-07-02,1.0
394,1190,2004-07-02,1.0
27,1079,2004-07-02,1.0
9,1731,2004-07-02,1.0
9,1343,2004-07-02,1.0
1290,1677,2004-07-02,1.0
431,1295,2004-07-02,1.0
1130,1713,2004-07-02,1.0
1713,1130,2004-07-02,1.0
711,642,2004-07-02,1.0
249,1644,2004-07-02,1.0
1713,1312,2004-07-02,1.0
249,1136,2004-07-02,1.0
249,819,2004-07-02,1.0
1713,525,2004-07-02,1.0
1548,482,2004-07-02,1.0
561,95,2004-07-02,1.0
249,61,2004-07-02,1.0
1387,557,2004-07-02,1.0
1387,1285,2004-07-02,1.0
1387,95,2004-07-02,1.0
1343,1113,2004-07-02,1.0
249,843,2004-07-02,1.0
1113,1343,2004-07-02,1.0
1111,1190,2004-07-02,1.0
249,1343,2004-07-02,1.0
249,1489,2004-07-02,1.0
1713,1181,2004-07-02,1.0
1731,9,2004-07-02,1.0
249,592,2004-07-02,1.0
249,152,2004-07-02,1.0
1434,1679,2004-07-02,1.0
1434,970,2004-07-02,1.0
1713,1434,2004-07-02,1.0
1713,536,2004-07-02,1.0
1434,1713,2004-07-02,1.0
249,394,2004-07-02,1.0
969,176,2004-07-02,1.0
582,1343,2004-07-02,1.0
1713,409,2004-07-02,1.0
1317,652,2004-07-02,1.0
620,393,2004-07-02,1.0
54,1128,2004-07-02,1.0
1713,282,2004-07-02,1.0
1548,95,2004-07-02,1.0
249,852,2004-07-02,1.0
557,708,2004-07-02,1.0
1713,969,2004-07-02,1.0
1434,488,2004-07-02,1.0
249,475,2004-07-02,1.0
852,249,2004-07-02,1.0
259,1732,2004-07-02,1.0
318,67,2004-07-02,1.0
475,249,2004-07-02,1.0
249,809,2004-07-02,1.0
809,847,2004-07-02,1.0
809,249,2004-07-02,1.0
1713,1299,2004-07-02,1.0
1713,1733,2004-07-02,1.0
557,525,2004-07-03,1.0
1493,1656,2004-07-03,1.0
393,1190,2004-07-03,1.0
1493,1713,2004-07-03,1.0
1713,1493,2004-07-03,1.0
482,454,2004-07-03,1.0
1346,1433,2004-07-03,1.0
652,1629,2004-07-03,1.0
1520,63,2004-07-03,1.0
557,708,2004-07-03,1.0
1713,1546,2004-07-03,1.0
809,847,2004-07-03,1.0
303,167,2004-07-03,1.0
242,783,2004-07-03,1.0
242,787,2004-07-03,1.0
85,1434,2004-07-03,1.0
525,557,2004-07-03,1.0
1679,1434,2004-07-03,1.0
81,1434,2004-07-03,1.0
1431,431,2004-07-03,1.0
1158,1072,2004-07-03,1.0
1667,447,2004-07-03,1.0
1238,1272,2004-07-03,1.0
447,1667,2004-07-03,1.0
362,783,2004-07-03,1.0
1346,1314,2004-07-03,1.0
1436,1113,2004-07-03,1.0
783,362,2004-07-03,1.0
1667,167,2004-07-03,1.0
1667,1436,2004-07-03,1.0
1238,8,2004-07-03,1.0
277,1688,2004-07-03,1.0
1415,1142,2004-07-03,1.0
1280,249,2004-07-03,1.0
1280,547,2004-07-03,1.0
249,447,2004-07-03,1.0
63,1520,2004-07-03,1.0
1346,1472,2004-07-03,1.0
1343,9,2004-07-03,1.0
1343,1113,2004-07-03,1.0
1343,249,2004-07-03,1.0
1343,582,2004-07-03,1.0
1231,1667,2004-07-03,1.0
1343,1342,2004-07-03,1.0
1667,1231,2004-07-03,1.0
1113,1343,2004-07-03,1.0
1113,1436,2004-07-03,1.0
63,193,2004-07-03,1.0
843,249,2004-07-03,1.0
249,1713,2004-07-03,1.0
1713,1387,2004-07-03,1.0
582,1343,2004-07-03,1.0
582,1436,2004-07-03,1.0
249,582,2004-07-03,1.0
768,1280,2004-07-03,1.0
1713,1548,2004-07-03,1.0
249,969,2004-07-03,1.0
1713,249,2004-07-03,1.0
1713,809,2004-07-03,1.0
1713,1730,2004-07-03,1.0
697,214,2004-07-03,1.0
429,191,2004-07-03,1.0
1713,697,2004-07-03,1.0
1713,1118,2004-07-03,1.0
1713,36,2004-07-03,1.0
697,1713,2004-07-03,1.0
224,175,2004-07-03,1.0
249,32,2004-07-03,1.0
32,249,2004-07-03,1.0
32,1488,2004-07-03,1.0
32,697,2004-07-03,1.0
847,969,2004-07-03,1.0
249,983,2004-07-03,1.0
249,44,2004-07-03,1.0
44,249,2004-07-03,1.0
1387,1713,2004-07-03,1.0
249,843,2004-07-03,1.0
431,1431,2004-07-03,1.0
249,175,2004-07-03,1.0
1548,1713,2004-07-03,1.0
95,561,2004-07-03,1.0
843,1237,2004-07-03,1.0
394,1190,2004-07-03,1.0
1472,1346,2004-07-03,1.0
1500,708,2004-07-03,1.0
1730,1713,2004-07-03,1.0
249,1730,2004-07-03,1.0
249,809,2004-07-03,1.0
809,249,2004-07-03,1.0
193,63,2004-07-03,1.0
847,809,2004-07-03,1.0
1647,1297,2004-07-03,1.0
561,1713,2004-07-03,1.0
249,1565,2004-07-03,1.0
249,523,2004-07-03,1.0
249,61,2004-07-03,1.0
249,525,2004-07-03,1.0
525,547,2004-07-03,1.0
525,249,2004-07-03,1.0
1472,1656,2004-07-03,1.0
1629,652,2004-07-03,1.0
1713,1629,2004-07-03,1.0
547,525,2004-07-03,1.0
1713,525,2004-07-03,1.0
525,1713,2004-07-03,1.0
547,1280,2004-07-03,1.0
1434,85,2004-07-03,1.0
799,1667,2004-07-03,1.0
1713,1234,2004-07-03,1.0
1713,1346,2004-07-03,1.0
1280,400,2004-07-03,1.0
1713,1280,2004-07-03,1.0
1280,1713,2004-07-03,1.0
1667,799,2004-07-03,1.0
191,429,2004-07-03,1.0
1136,249,2004-07-03,1.0
431,1295,2004-07-03,1.0
1021,1449,2004-07-03,1.0
725,1624,2004-07-03,1.0
1434,1562,2004-07-03,1.0
249,1136,2004-07-03,1.0
312,1728,2004-07-03,1.0
799,1713,2004-07-03,1.0
214,697,2004-07-03,1.0
1713,561,2004-07-03,1.0
1142,1415,2004-07-03,1.0
1667,30,2004-07-03,1.0
1667,710,2004-07-03,1.0
1713,710,2004-07-03,1.0
710,1713,2004-07-03,1.0
1713,537,2004-07-03,1.0
1667,983,2004-07-03,1.0
1562,1434,2004-07-03,1.0
969,234,2004-07-03,1.0
537,1713,2004-07-03,1.0
708,557,2004-07-03,1.0
1713,799,2004-07-03,1.0
346,1734,2004-07-03,1.0
1436,1735,2004-07-03,1.0
1436,1734,2004-07-03,1.0
708,1500,2004-07-03,1.0
249,1280,2004-07-03,1.0
1713,708,2004-07-03,1.0
1713,1530,2004-07-03,1.0
1713,1103,2004-07-03,1.0
1713,817,2004-07-03,1.0
1393,1225,2004-07-03,1.0
1713,1436,2004-07-03,1.0
1436,1713,2004-07-03,1.0
1436,582,2004-07-03,1.0
1713,1117,2004-07-03,1.0
710,1373,2004-07-03,1.0
710,1113,2004-07-03,1.0
1113,710,2004-07-03,1.0
167,303,2004-07-03,1.0
430,536,2004-07-04,1.0
430,69,2004-07-04,1.0
430,277,2004-07-04,1.0
525,155,2004-07-04,1.0
430,638,2004-07-04,1.0
430,194,2004-07-04,1.0
430,475,2004-07-04,1.0
430,72,2004-07-04,1.0
430,323,2004-07-04,1.0
430,27,2004-07-04,1.0
430,44,2004-07-04,1.0
249,212,2004-07-04,1.0
430,175,2004-07-04,1.0
430,8,2004-07-04,1.0
430,144,2004-07-04,1.0
430,297,2004-07-04,1.0
525,32,2004-07-04,1.0
1713,1644,2004-07-04,1.0
212,249,2004-07-04,1.0
1713,1029,2004-07-04,1.0
447,1667,2004-07-04,1.0
430,97,2004-07-04,1.0
1118,1713,2004-07-04,1.0
1713,1118,2004-07-04,1.0
1733,1713,2004-07-04,1.0
212,303,2004-07-04,1.0
847,969,2004-07-04,1.0
809,249,2004-07-04,1.0
809,847,2004-07-04,1.0
809,1713,2004-07-04,1.0
167,1409,2004-07-04,1.0
1431,431,2004-07-04,1.0
969,1725,2004-07-04,1.0
1280,768,2004-07-04,1.0
430,260,2004-07-04,1.0
32,1488,2004-07-04,1.0
249,1395,2004-07-04,1.0
245,615,2004-07-04,1.0
1713,809,2004-07-04,1.0
1713,474,2004-07-04,1.0
1540,1738,2004-07-04,1.0
32,474,2004-07-04,1.0
1548,1713,2004-07-04,1.0
1713,1548,2004-07-04,1.0
242,1178,2004-07-04,1.0
72,430,2004-07-04,1.0
1647,714,2004-07-04,1.0
1644,1713,2004-07-04,1.0
1713,1647,2004-07-04,1.0
1647,1713,2004-07-04,1.0
1624,249,2004-07-04,1.0
1738,1540,2004-07-04,1.0
1647,482,2004-07-04,1.0
430,220,2004-07-04,1.0
1540,518,2004-07-04,1.0
249,997,2004-07-04,1.0
1713,536,2004-07-04,1.0
1713,1737,2004-07-04,1.0
1314,1346,2004-07-04,1.0
1346,1314,2004-07-04,1.0
615,245,2004-07-04,1.0
1488,32,2004-07-04,1.0
1181,620,2004-07-04,1.0
1158,1072,2004-07-04,1.0
431,1431,2004-07-04,1.0
431,396,2004-07-04,1.0
1540,48,2004-07-04,1.0
1540,781,2004-07-04,1.0
9,1731,2004-07-04,1.0
1624,725,2004-07-04,1.0
9,1343,2004-07-04,1.0
557,843,2004-07-04,1.0
1736,109,2004-07-04,1.0
249,1730,2004-07-04,1.0
249,1629,2004-07-04,1.0
1713,1629,2004-07-04,1.0
249,1312,2004-07-04,1.0
249,1111,2004-07-04,1.0
1111,249,2004-07-04,1.0
482,1647,2004-07-04,1.0
249,569,2004-07-04,1.0
1667,447,2004-07-04,1.0
249,598,2004-07-04,1.0
1713,598,2004-07-04,1.0
1736,318,2004-07-04,1.0
1346,1472,2004-07-04,1.0
32,393,2004-07-04,1.0
1130,1713,2004-07-04,1.0
32,312,2004-07-04,1.0
249,32,2004-07-04,1.0
32,249,2004-07-04,1.0
32,1231,2004-07-04,1.0
462,1713,2004-07-04,1.0
741,495,2004-07-04,1.0
1237,843,2004-07-04,1.0
1509,42,2004-07-04,1.0
1730,249,2004-07-04,1.0
1730,1713,2004-07-04,1.0
1713,1730,2004-07-04,1.0
1713,1130,2004-07-04,1.0
462,713,2004-07-04,1.0
975,1713,2004-07-04,1.0
969,739,2004-07-04,1.0
561,95,2004-07-04,1.0
249,969,2004-07-04,1.0
155,525,2004-07-04,1.0
249,1542,2004-07-04,1.0
249,1485,2004-07-04,1.0
969,847,2004-07-04,1.0
468,537,2004-07-04,1.0
1725,969,2004-07-04,1.0
249,1673,2004-07-04,1.0
249,378,2004-07-04,1.0
1713,378,2004-07-04,1.0
375,167,2004-07-04,1.0
1231,32,2004-07-04,1.0
1713,975,2004-07-04,1.0
32,525,2004-07-04,1.0
1713,969,2004-07-04,1.0
1346,719,2004-07-04,1.0
969,249,2004-07-04,1.0
249,1546,2004-07-04,1.0
249,1255,2004-07-04,1.0
249,1624,2004-07-04,1.0
249,1665,2004-07-04,1.0
249,393,2004-07-04,1.0
1713,1346,2004-07-04,1.0
393,249,2004-07-04,1.0
1190,394,2004-07-04,1.0
843,249,2004-07-04,1.0
843,1237,2004-07-04,1.0
1346,1713,2004-07-04,1.0
249,561,2004-07-05,1.0
561,249,2004-07-05,1.0
163,986,2004-07-05,1.0
249,394,2004-07-05,1.0
708,281,2004-07-05,1.0
249,1231,2004-07-05,1.0
474,249,2004-07-05,1.0
482,1647,2004-07-05,1.0
249,474,2004-07-05,1.0
249,708,2004-07-05,1.0
9,1338,2004-07-05,1.0
1244,249,2004-07-05,1.0
809,249,2004-07-05,1.0
249,809,2004-07-05,1.0
1509,1680,2004-07-05,1.0
249,1344,2004-07-05,1.0
249,502,2004-07-05,1.0
1575,142,2004-07-05,1.0
719,1346,2004-07-05,1.0
1,312,2004-07-05,1.0
249,1244,2004-07-05,1.0
415,997,2004-07-05,1.0
1346,719,2004-07-05,1.0
214,697,2004-07-05,1.0
540,1142,2004-07-05,1.0
1158,474,2004-07-05,1.0
27,620,2004-07-05,1.0
308,1346,2004-07-05,1.0
1713,809,2004-07-05,1.0
394,249,2004-07-05,1.0
27,430,2004-07-05,1.0
249,97,2004-07-05,1.0
1472,1346,2004-07-05,1.0
342,523,2004-07-05,1.0
1540,47,2004-07-05,1.0
1540,48,2004-07-05,1.0
249,61,2004-07-05,1.0
95,1387,2004-07-05,1.0
1732,259,2004-07-05,1.0
160,1181,2004-07-05,1.0
160,429,2004-07-05,1.0
1181,620,2004-07-05,1.0
474,1158,2004-07-05,1.0
220,430,2004-07-05,1.0
1713,409,2004-07-05,1.0
409,1713,2004-07-05,1.0
249,1739,2004-07-05,1.0
67,1338,2004-07-05,1.0
249,1302,2004-07-05,1.0
1344,249,2004-07-05,1.0
1540,1379,2004-07-05,1.0
1021,1069,2004-07-05,1.0
1346,1472,2004-07-05,1.0
809,1713,2004-07-05,1.0
1485,249,2004-07-05,1.0
708,1713,2004-07-05,1.0
620,1181,2004-07-05,1.0
1509,1624,2004-07-05,1.0
1540,1738,2004-07-05,1.0
1434,1312,2004-07-05,1.0
1434,1562,2004-07-05,1.0
620,27,2004-07-05,1.0
1434,1679,2004-07-05,1.0
1434,85,2004-07-05,1.0
1434,81,2004-07-05,1.0
620,1644,2004-07-05,1.0
1713,61,2004-07-05,1.0
394,1190,2004-07-05,1.0
209,1699,2004-07-05,1.0
191,952,2004-07-05,1.0
191,429,2004-07-05,1.0
1644,1713,2004-07-05,1.0
1713,1644,2004-07-05,1.0
1343,9,2004-07-05,1.0
1343,582,2004-07-05,1.0
1343,1113,2004-07-05,1.0
1713,1647,2004-07-05,1.0
249,1485,2004-07-05,1.0
708,557,2004-07-05,1.0
708,1500,2004-07-05,1.0
175,224,2004-07-05,1.0
1667,1231,2004-07-05,1.0
48,1540,2004-07-05,1.0
1713,1739,2004-07-05,1.0
878,783,2004-07-05,1.0
283,69,2004-07-05,1.0
1520,63,2004-07-05,1.0
620,1487,2004-07-05,1.0
843,557,2004-07-05,1.0
1042,32,2004-07-05,1.0
959,699,2004-07-05,1.0
1406,495,2004-07-05,1.0
9,1343,2004-07-05,1.0
858,701,2004-07-05,1.0
204,456,2004-07-05,1.0
32,443,2004-07-05,1.0
233,193,2004-07-05,1.0
443,1409,2004-07-05,1.0
443,42,2004-07-05,1.0
443,32,2004-07-05,1.0
199,1739,2004-07-05,1.0
97,726,2004-07-05,1.0
1142,1415,2004-07-05,1.0
1739,1713,2004-07-05,1.0
1739,199,2004-07-05,1.0
63,193,2004-07-05,1.0
63,1520,2004-07-05,1.0
1562,1434,2004-07-05,1.0
1585,1568,2004-07-06,1.0
1713,1585,2004-07-06,1.0
1585,1713,2004-07-06,1.0
1713,462,2004-07-06,1.0
1713,1665,2004-07-06,1.0
95,447,2004-07-06,1.0
163,1026,2004-07-06,1.0
189,483,2004-07-06,1.0
1717,1739,2004-07-06,1.0
540,1142,2004-07-06,1.0
95,626,2004-07-06,1.0
95,561,2004-07-06,1.0
1231,984,2004-07-06,1.0
95,960,2004-07-06,1.0
95,1673,2004-07-06,1.0
719,1346,2004-07-06,1.0
726,97,2004-07-06,1.0
1280,1713,2004-07-06,1.0
193,233,2004-07-06,1.0
95,1387,2004-07-06,1.0
95,719,2004-07-06,1.0
32,474,2004-07-06,1.0
9,1343,2004-07-06,1.0
984,1231,2004-07-06,1.0
1472,1346,2004-07-06,1.0
843,557,2004-07-06,1.0
249,42,2004-07-06,1.0
377,95,2004-07-06,1.0
1026,1713,2004-07-06,1.0
193,1434,2004-07-06,1.0
557,843,2004-07-06,1.0
249,518,2004-07-06,1.0
1713,1652,2004-07-06,1.0
1158,474,2004-07-06,1.0
1540,48,2004-07-06,1.0
1673,249,2004-07-06,1.0
1346,1472,2004-07-06,1.0
1713,1280,2004-07-06,1.0
193,393,2004-07-06,1.0
27,1285,2004-07-06,1.0
1285,27,2004-07-06,1.0
495,741,2004-07-06,1.0
561,1713,2004-07-06,1.0
63,1520,2004-07-06,1.0
1540,1520,2004-07-06,1.0
1285,1313,2004-07-06,1.0
1509,1285,2004-07-06,1.0
1285,1509,2004-07-06,1.0
1688,277,2004-07-06,1.0
1688,1647,2004-07-06,1.0
561,249,2004-07-06,1.0
1136,249,2004-07-06,1.0
249,1395,2004-07-06,1.0
249,1136,2004-07-06,1.0
1158,1072,2004-07-06,1.0
1713,143,2004-07-06,1.0
143,1727,2004-07-06,1.0
143,1713,2004-07-06,1.0
809,1240,2004-07-06,1.0
494,389,2004-07-06,1.0
48,1540,2004-07-06,1.0
561,95,2004-07-06,1.0
1728,312,2004-07-06,1.0
1713,561,2004-07-06,1.0
495,1406,2004-07-06,1.0
620,1181,2004-07-06,1.0
620,27,2004-07-06,1.0
1346,719,2004-07-06,1.0
708,557,2004-07-06,1.0
36,1713,2004-07-06,1.0
1713,36,2004-07-06,1.0
27,620,2004-07-06,1.0
1342,1343,2004-07-06,1.0
1713,708,2004-07-06,1.0
1059,713,2004-07-06,1.0
1142,540,2004-07-06,1.0
281,708,2004-07-06,1.0
617,1713,2004-07-06,1.0
1713,617,2004-07-06,1.0
1395,249,2004-07-06,1.0
557,708,2004-07-06,1.0
95,1161,2004-07-06,1.0
1285,708,2004-07-06,1.0
1647,1713,2004-07-06,1.0
1647,482,2004-07-06,1.0
1181,249,2004-07-06,1.0
1387,95,2004-07-06,1.0
1387,1713,2004-07-06,1.0
1713,1548,2004-07-06,1.0
1713,1647,2004-07-06,1.0
1740,504,2004-07-06,1.0
1713,1346,2004-07-06,1.0
1026,1716,2004-07-06,1.0
1346,1713,2004-07-06,1.0
1713,1026,2004-07-06,1.0
214,697,2004-07-06,1.0
1295,431,2004-07-06,1.0
1713,599,2004-07-06,1.0
768,1280,2004-07-06,1.0
1408,1624,2004-07-06,1.0
1548,1713,2004-07-06,1.0
249,1739,2004-07-06,1.0
1739,249,2004-07-06,1.0
557,1644,2004-07-06,1.0
312,194,2004-07-06,1.0
1713,525,2004-07-06,1.0
525,1713,2004-07-06,1.0
1343,9,2004-07-06,1.0
1190,394,2004-07-06,1.0
1190,393,2004-07-06,1.0
1190,1111,2004-07-06,1.0
697,214,2004-07-06,1.0
67,697,2004-07-06,1.0
1240,809,2004-07-06,1.0
474,1158,2004-07-06,1.0
389,249,2004-07-06,1.0
249,678,2004-07-06,1.0
1713,1733,2004-07-06,1.0
598,652,2004-07-06,1.0
52,1698,2004-07-06,1.0
1142,249,2004-07-06,1.0
1285,1644,2004-07-06,1.0
249,1142,2004-07-06,1.0
1644,1285,2004-07-06,1.0
1738,1231,2004-07-06,1.0
1727,143,2004-07-06,1.0
557,1280,2004-07-06,1.0
843,1237,2004-07-06,1.0
1282,1647,2004-07-06,1.0
482,1647,2004-07-06,1.0
708,1285,2004-07-06,1.0
1644,620,2004-07-06,1.0
1285,437,2004-07-06,1.0
249,865,2004-07-06,1.0
249,52,2004-07-06,1.0
474,32,2004-07-06,1.0
249,44,2004-07-06,1.0
1231,1738,2004-07-06,1.0
474,1713,2004-07-06,1.0
1255,1342,2004-07-06,1.0
1231,249,2004-07-06,1.0
1280,768,2004-07-06,1.0
1285,1387,2004-07-06,1.0
249,1280,2004-07-06,1.0
1285,1190,2004-07-06,1.0
1280,249,2004-07-06,1.0
1632,1039,2004-07-07,1.0
792,1036,2004-07-07,1.0
809,1562,2004-07-07,1.0
809,1240,2004-07-07,1.0
27,1009,2004-07-07,1.0
809,847,2004-07-07,1.0
1240,809,2004-07-07,1.0
525,211,2004-07-07,1.0
281,708,2004-07-07,1.0
518,1346,2004-07-07,1.0
211,525,2004-07-07,1.0
843,557,2004-07-07,1.0
27,1285,2004-07-07,1.0
1713,938,2004-07-07,1.0
249,708,2004-07-07,1.0
788,67,2004-07-07,1.0
812,378,2004-07-07,1.0
595,191,2004-07-07,1.0
1346,518,2004-07-07,1.0
878,537,2004-07-07,1.0
1009,1346,2004-07-07,1.0
708,281,2004-07-07,1.0
1009,537,2004-07-07,1.0
1713,788,2004-07-07,1.0
1346,1009,2004-07-07,1.0
191,595,2004-07-07,1.0
1332,1545,2004-07-07,1.0
557,843,2004-07-07,1.0
1562,809,2004-07-07,1.0
788,9,2004-07-07,1.0
249,1731,2004-07-07,1.0
1285,27,2004-07-07,1.0
1190,1285,2004-07-07,1.0
1285,1190,2004-07-07,1.0
495,1406,2004-07-07,1.0
1713,27,2004-07-07,1.0
27,1713,2004-07-07,1.0
1488,518,2004-07-07,1.0
1069,1717,2004-07-07,1.0
1713,1342,2004-07-07,1.0
1255,1231,2004-07-07,1.0
1406,495,2004-07-07,1.0
8,430,2004-07-07,1.0
1343,249,2004-07-07,1.0
1069,1727,2004-07-07,1.0
620,1181,2004-07-07,1.0
1488,32,2004-07-07,1.0
1572,1712,2004-07-07,1.0
48,1540,2004-07-07,1.0
518,1339,2004-07-07,1.0
1415,1142,2004-07-07,1.0
518,249,2004-07-07,1.0
429,191,2004-07-07,1.0
1488,249,2004-07-07,1.0
429,160,2004-07-07,1.0
1342,1255,2004-07-07,1.0
582,861,2004-07-07,1.0
1255,1342,2004-07-07,1.0
1059,713,2004-07-07,1.0
1731,9,2004-07-07,1.0
67,788,2004-07-07,1.0
1713,1026,2004-07-07,1.0
81,1434,2004-07-07,1.0
537,878,2004-07-07,1.0
1624,1408,2004-07-07,1.0
249,1488,2004-07-07,1.0
1029,1713,2004-07-07,1.0
1513,1737,2004-07-07,1.0
1237,843,2004-07-07,1.0
1737,219,2004-07-07,1.0
1737,277,2004-07-07,1.0
1737,1127,2004-07-07,1.0
1737,1255,2004-07-07,1.0
144,430,2004-07-07,1.0
1127,1251,2004-07-07,1.0
32,1488,2004-07-07,1.0
1737,1408,2004-07-07,1.0
474,1158,2004-07-07,1.0
1713,143,2004-07-07,1.0
1181,620,2004-07-07,1.0
1009,27,2004-07-07,1.0
124,1255,2004-07-07,1.0
652,598,2004-07-07,1.0
1313,1285,2004-07-07,1.0
1624,1509,2004-07-07,1.0
557,708,2004-07-07,1.0
143,1713,2004-07-07,1.0
1727,143,2004-07-07,1.0
249,725,2004-07-07,1.0
474,32,2004-07-07,1.0
1346,346,2004-07-07,1.0
1737,1513,2004-07-07,1.0
1737,1157,2004-07-07,1.0
1395,341,2004-07-07,1.0
1136,249,2004-07-07,1.0
249,1136,2004-07-07,1.0
415,1737,2004-07-07,1.0
1142,1415,2004-07-07,1.0
1408,1624,2004-07-07,1.0
1472,1346,2004-07-07,1.0
447,95,2004-07-07,1.0
714,1647,2004-07-07,1.0
249,868,2004-07-07,1.0
1009,1585,2004-07-07,1.0
537,468,2004-07-07,1.0
1343,9,2004-07-07,1.0
1346,1472,2004-07-07,1.0
1408,1737,2004-07-07,1.0
1713,1029,2004-07-07,1.0
249,1343,2004-07-07,1.0
249,394,2004-07-07,1.0
1737,415,2004-07-07,1.0
1343,1342,2004-07-07,1.0
1737,220,2004-07-07,1.0
1667,799,2004-07-07,1.0
1667,144,2004-07-07,1.0
561,95,2004-07-07,1.0
713,884,2004-07-07,1.0
713,727,2004-07-07,1.0
1255,124,2004-07-07,1.0
713,1059,2004-07-07,1.0
799,1667,2004-07-07,1.0
1255,1737,2004-07-07,1.0
394,1190,2004-07-08,1.0
1190,394,2004-07-08,1.0
727,713,2004-07-08,1.0
1312,12,2004-07-08,1.0
1178,242,2004-07-08,1.0
27,1285,2004-07-08,1.0
626,95,2004-07-08,1.0
1136,249,2004-07-08,1.0
1342,1713,2004-07-08,1.0
495,1406,2004-07-08,1.0
1741,783,2004-07-08,1.0
1562,1434,2004-07-08,1.0
1346,518,2004-07-08,1.0
447,398,2004-07-08,1.0
1741,798,2004-07-08,1.0
557,843,2004-07-08,1.0
843,557,2004-07-08,1.0
518,1346,2004-07-08,1.0
621,95,2004-07-08,1.0
984,1231,2004-07-08,1.0
1181,620,2004-07-08,1.0
1339,1491,2004-07-08,1.0
620,1181,2004-07-08,1.0
1339,1546,2004-07-08,1.0
1346,1500,2004-07-08,1.0
1741,815,2004-07-08,1.0
822,727,2004-07-08,1.0
1741,1049,2004-07-08,1.0
1346,346,2004-07-08,1.0
346,1346,2004-07-08,1.0
1240,809,2004-07-08,1.0
518,1488,2004-07-08,1.0
1280,768,2004-07-08,1.0
1231,984,2004-07-08,1.0
201,143,2004-07-08,1.0
32,1488,2004-07-08,1.0
1713,36,2004-07-08,1.0
249,843,2004-07-08,1.0
211,44,2004-07-08,1.0
155,525,2004-07-08,1.0
12,1312,2004-07-08,1.0
1546,1339,2004-07-08,1.0
1713,1313,2004-07-08,1.0
1488,518,2004-07-08,1.0
1488,32,2004-07-08,1.0
1540,48,2004-07-08,1.0
1313,1713,2004-07-08,1.0
768,1280,2004-07-08,1.0
398,447,2004-07-08,1.0
143,201,2004-07-08,1.0
12,67,2004-07-08,1.0
1509,1624,2004-07-08,1.0
1282,1713,2004-07-08,1.0
1737,1513,2004-07-08,1.0
1737,710,2004-07-08,1.0
172,639,2004-07-08,1.0
1713,1282,2004-07-08,1.0
1737,415,2004-07-08,1.0
1231,1255,2004-07-08,1.0
725,249,2004-07-08,1.0
809,1240,2004-07-08,1.0
809,847,2004-07-08,1.0
52,249,2004-07-08,1.0
1545,1332,2004-07-08,1.0
1509,1285,2004-07-08,1.0
249,1343,2004-07-08,1.0
843,249,2004-07-08,1.0
191,429,2004-07-08,1.0
847,809,2004-07-08,1.0
1343,249,2004-07-08,1.0
67,1665,2004-07-08,1.0
1624,1509,2004-07-08,1.0
536,1713,2004-07-08,1.0
1280,1287,2004-07-08,1.0
1287,1280,2004-07-08,1.0
1036,792,2004-07-08,1.0
281,708,2004-07-08,1.0
249,1136,2004-07-08,1.0
429,191,2004-07-08,1.0
1500,1346,2004-07-08,1.0
1713,437,2004-07-08,1.0
1255,1231,2004-07-08,1.0
398,1013,2004-07-08,1.0
1013,398,2004-07-08,1.0
249,725,2004-07-08,1.0
1346,1667,2004-07-08,1.0
708,281,2004-07-08,1.0
536,430,2004-07-08,1.0
719,1346,2004-07-08,1.0
1346,719,2004-07-08,1.0
708,249,2004-07-08,1.0
1667,1579,2004-07-08,1.0
1667,1346,2004-07-08,1.0
1737,1494,2004-07-08,1.0
1737,1639,2004-07-08,1.0
1727,1069,2004-07-08,1.0
415,1737,2004-07-08,1.0
532,536,2004-07-08,1.0
341,1395,2004-07-09,1.0
708,281,2004-07-09,1.0
674,1346,2004-07-09,1.0
191,429,2004-07-09,1.0
191,595,2004-07-09,1.0
1029,1713,2004-07-09,1.0
1713,1346,2004-07-09,1.0
783,1741,2004-07-09,1.0
1644,249,2004-07-09,1.0
557,843,2004-07-09,1.0
249,1644,2004-07-09,1.0
1240,809,2004-07-09,1.0
1746,1021,2004-07-09,1.0
1493,1713,2004-07-09,1.0
843,557,2004-07-09,1.0
1113,1493,2004-07-09,1.0
1713,1493,2004-07-09,1.0
1493,1113,2004-07-09,1.0
1493,1474,2004-07-09,1.0
1540,1744,2004-07-09,1.0
27,1009,2004-07-09,1.0
1009,27,2004-07-09,1.0
1190,394,2004-07-09,1.0
447,398,2004-07-09,1.0
281,708,2004-07-09,1.0
312,851,2004-07-09,1.0
1713,605,2004-07-09,1.0
605,1713,2004-07-09,1.0
1343,212,2004-07-09,1.0
1346,1314,2004-07-09,1.0
1434,1562,2004-07-09,1.0
1434,81,2004-07-09,1.0
1434,85,2004-07-09,1.0
1434,193,2004-07-09,1.0
1346,367,2004-07-09,1.0
367,1346,2004-07-09,1.0
1713,1313,2004-07-09,1.0
1713,1029,2004-07-09,1.0
1314,1346,2004-07-09,1.0
1746,1029,2004-07-09,1.0
794,277,2004-07-09,1.0
794,1118,2004-07-09,1.0
211,93,2004-07-09,1.0
211,44,2004-07-09,1.0
1387,95,2004-07-09,1.0
1730,1042,2004-07-09,1.0
1730,1034,2004-07-09,1.0
199,1346,2004-07-09,1.0
1730,1746,2004-07-09,1.0
44,211,2004-07-09,1.0
1313,1713,2004-07-09,1.0
1744,1540,2004-07-09,1.0
727,822,2004-07-09,1.0
1493,176,2004-07-09,1.0
1713,1742,2004-07-09,1.0
176,1493,2004-07-09,1.0
1713,36,2004-07-09,1.0
1713,1342,2004-07-09,1.0
1713,536,2004-07-09,1.0
809,1240,2004-07-09,1.0
36,1713,2004-07-09,1.0
224,175,2004-07-09,1.0
699,959,2004-07-09,1.0
249,85,2004-07-09,1.0
85,1434,2004-07-09,1.0
176,1745,2004-07-09,1.0
924,768,2004-07-09,1.0
12,1312,2004-07-09,1.0
595,1526,2004-07-09,1.0
851,312,2004-07-09,1.0
674,1742,2004-07-09,1.0
249,1238,2004-07-09,1.0
1644,557,2004-07-09,1.0
711,547,2004-07-09,1.0
1406,495,2004-07-09,1.0
1713,1743,2004-07-09,1.0
595,191,2004-07-09,1.0
172,1647,2004-07-09,1.0
547,1616,2004-07-09,1.0
1181,620,2004-07-09,1.0
547,143,2004-07-09,1.0
1312,12,2004-07-10,1.0
95,447,2004-07-10,1.0
1440,288,2004-07-10,1.0
1624,1339,2004-07-10,1.0
561,1669,2004-07-10,1.0
1669,561,2004-07-10,1.0
367,1346,2004-07-10,1.0
95,561,2004-07-10,1.0
95,621,2004-07-10,1.0
346,1644,2004-07-10,1.0
95,1387,2004-07-10,1.0
768,924,2004-07-10,1.0
1190,1285,2004-07-10,1.0
768,1280,2004-07-10,1.0
193,843,2004-07-10,1.0
1540,1520,2004-07-10,1.0
1540,1669,2004-07-10,1.0
822,727,2004-07-10,1.0
95,626,2004-07-10,1.0
1520,1513,2004-07-10,1.0
342,971,2004-07-10,1.0
1513,1520,2004-07-10,1.0
1488,518,2004-07-10,1.0
1029,1746,2004-07-10,1.0
1669,784,2004-07-10,1.0
822,1642,2004-07-10,1.0
1669,1056,2004-07-10,1.0
1727,97,2004-07-10,1.0
1669,460,2004-07-10,1.0
1669,391,2004-07-10,1.0
1669,1423,2004-07-10,1.0
191,429,2004-07-10,1.0
851,312,2004-07-10,1.0
1026,1713,2004-07-10,1.0
822,1339,2004-07-10,1.0
233,1013,2004-07-10,1.0
211,1742,2004-07-10,1.0
93,211,2004-07-10,1.0
93,36,2004-07-10,1.0
1346,1472,2004-07-10,1.0
233,1713,2004-07-10,1.0
1738,233,2004-07-10,1.0
233,1738,2004-07-10,1.0
1671,438,2004-07-10,1.0
211,93,2004-07-10,1.0
1713,233,2004-07-10,1.0
561,95,2004-07-10,1.0
1713,561,2004-07-10,1.0
595,191,2004-07-10,1.0
1713,135,2004-07-10,1.0
1332,1069,2004-07-10,1.0
1713,1346,2004-07-10,1.0
1346,367,2004-07-10,1.0
1644,249,2004-07-10,1.0
1644,557,2004-07-10,1.0
1644,346,2004-07-10,1.0
398,447,2004-07-10,1.0
1741,783,2004-07-10,1.0
233,193,2004-07-10,1.0
1669,979,2004-07-10,1.0
32,72,2004-07-10,1.0
233,810,2004-07-10,1.0
1332,1545,2004-07-10,1.0
1118,794,2004-07-10,1.0
1346,1713,2004-07-10,1.0
1313,1713,2004-07-10,1.0
429,191,2004-07-10,1.0
429,1680,2004-07-10,1.0
1749,1734,2004-07-10,1.0
1749,1727,2004-07-10,1.0
1727,1749,2004-07-10,1.0
1749,346,2004-07-10,1.0
1727,353,2004-07-10,1.0
1667,537,2004-07-10,1.0
1749,995,2004-07-10,1.0
1727,471,2004-07-10,1.0
1667,8,2004-07-10,1.0
537,1009,2004-07-10,1.0
1472,1346,2004-07-10,1.0
249,1644,2004-07-10,1.0
1748,384,2004-07-10,1.0
1669,204,2004-07-10,1.0
592,249,2004-07-10,1.0
592,871,2004-07-10,1.0
176,1747,2004-07-10,1.0
176,475,2004-07-10,1.0
475,176,2004-07-10,1.0
249,1489,2004-07-10,1.0
878,438,2004-07-10,1.0
67,1748,2004-07-10,1.0
1669,1665,2004-07-10,1.0
878,1489,2004-07-10,1.0
537,1667,2004-07-10,1.0
984,1231,2004-07-10,1.0
1669,454,2004-07-10,1.0
1669,437,2004-07-10,1.0
1520,1540,2004-07-10,1.0
1520,63,2004-07-10,1.0
1742,211,2004-07-10,1.0
1669,1521,2004-07-10,1.0
1520,912,2004-07-10,1.0
1395,341,2004-07-10,1.0
557,1644,2004-07-10,1.0
843,193,2004-07-10,1.0
12,1312,2004-07-10,1.0
1713,175,2004-07-10,1.0
739,969,2004-07-10,1.0
1647,1713,2004-07-10,1.0
1647,482,2004-07-10,1.0
1647,1282,2004-07-10,1.0
249,447,2004-07-10,1.0
447,398,2004-07-10,1.0
1647,714,2004-07-10,1.0
1713,1647,2004-07-10,1.0
1647,1688,2004-07-10,1.0
1667,843,2004-07-10,1.0
1339,1624,2004-07-10,1.0
193,1742,2004-07-10,1.0
19,1742,2004-07-10,1.0
346,1749,2004-07-10,1.0
249,1742,2004-07-10,1.0
447,249,2004-07-10,1.0
843,1667,2004-07-10,1.0
367,1346,2004-07-11,1.0
1312,12,2004-07-11,1.0
12,1312,2004-07-11,1.0
1724,1713,2004-07-11,1.0
1346,367,2004-07-11,1.0
1644,431,2004-07-11,1.0
211,1742,2004-07-11,1.0
1198,1746,2004-07-11,1.0
1543,1712,2004-07-11,1.0
1136,233,2004-07-11,1.0
8,1285,2004-07-11,1.0
1346,1472,2004-07-11,1.0
1713,1647,2004-07-11,1.0
1472,1346,2004-07-11,1.0
1543,1739,2004-07-11,1.0
1669,1423,2004-07-11,1.0
1669,1647,2004-07-11,1.0
234,969,2004-07-11,1.0
1338,67,2004-07-11,1.0
1647,1669,2004-07-11,1.0
1285,1132,2004-07-11,1.0
1132,1285,2004-07-11,1.0
1713,1563,2004-07-11,1.0
1712,1572,2004-07-11,1.0
1285,8,2004-07-11,1.0
42,249,2004-07-11,1.0
233,1136,2004-07-11,1.0
233,1676,2004-07-11,1.0
1644,346,2004-07-11,1.0
1713,1742,2004-07-11,1.0
288,1440,2004-07-11,1.0
1231,984,2004-07-11,1.0
346,1644,2004-07-11,1.0
1338,1042,2004-07-11,1.0
1713,1313,2004-07-11,1.0
1713,1724,2004-07-11,1.0
1742,211,2004-07-11,1.0
1338,341,2004-07-11,1.0
1338,9,2004-07-11,1.0
1647,1713,2004-07-11,1.0
518,1488,2004-07-11,1.0
1744,1406,2004-07-11,1.0
1387,95,2004-07-11,1.0
783,1741,2004-07-11,1.0
341,1395,2004-07-11,1.0
1669,561,2004-07-11,1.0
1669,1540,2004-07-11,1.0
36,93,2004-07-11,1.0
1713,561,2004-07-11,1.0
561,1713,2004-07-11,1.0
1713,233,2004-07-11,1.0
361,1436,2004-07-11,1.0
233,1713,2004-07-11,1.0
233,1738,2004-07-11,1.0
431,1644,2004-07-11,1.0
431,85,2004-07-11,1.0
431,561,2004-07-11,1.0
561,431,2004-07-11,1.0
1423,1669,2004-07-11,1.0
1738,233,2004-07-11,1.0
398,447,2004-07-11,1.0
1724,1543,2004-07-11,1.0
1741,783,2004-07-11,1.0
447,398,2004-07-11,1.0
1713,1585,2004-07-11,1.0
1545,1332,2004-07-11,1.0
1285,1565,2004-07-11,1.0
447,95,2004-07-11,1.0
1406,1744,2004-07-11,1.0
1406,1748,2004-07-11,1.0
1748,1406,2004-07-11,1.0
843,193,2004-07-11,1.0
1667,620,2004-07-11,1.0
1013,233,2004-07-11,1.0
1748,67,2004-07-11,1.0
1285,27,2004-07-11,1.0
3,26,2004-07-12,1.0
3,545,2004-07-12,1.0
3,1415,2004-07-12,1.0
3,681,2004-07-12,1.0
3,731,2004-07-12,1.0
3,2,2004-07-12,1.0
3,1335,2004-07-12,1.0
3,1352,2004-07-12,1.0
3,1349,2004-07-12,1.0
3,823,2004-07-12,1.0
3,42,2004-07-12,1.0
3,243,2004-07-12,1.0
3,477,2004-07-12,1.0
3,794,2004-07-12,1.0
3,1189,2004-07-12,1.0
3,394,2004-07-12,1.0
3,569,2004-07-12,1.0
3,711,2004-07-12,1.0
3,1412,2004-07-12,1.0
3,933,2004-07-12,1.0
3,1237,2004-07-12,1.0
3,173,2004-07-12,1.0
3,1127,2004-07-12,1.0
3,1751,2004-07-12,1.0
3,752,2004-07-12,1.0
3,1340,2004-07-12,1.0
3,408,2004-07-12,1.0
3,700,2004-07-12,1.0
3,249,2004-07-12,1.0
3,1117,2004-07-12,1.0
3,1620,2004-07-12,1.0
3,1344,2004-07-12,1.0
3,810,2004-07-12,1.0
3,1231,2004-07-12,1.0
3,782,2004-07-12,1.0
3,1315,2004-07-12,1.0
3,800,2004-07-12,1.0
3,1317,2004-07-12,1.0
3,1440,2004-07-12,1.0
3,1281,2004-07-12,1.0
3,224,2004-07-12,1.0
3,645,2004-07-12,1.0
3,687,2004-07-12,1.0
3,482,2004-07-12,1.0
3,1270,2004-07-12,1.0
3,1713,2004-07-12,1.0
32,3,2004-07-12,1.0
127,1312,2004-07-12,1.0
127,1198,2004-07-12,1.0
127,495,2004-07-12,1.0
319,317,2004-07-12,1.0
12,1312,2004-07-12,1.0
9,1132,2004-07-12,1.0
95,319,2004-07-12,1.0
1312,12,2004-07-12,1.0
1312,127,2004-07-12,1.0
319,95,2004-07-12,1.0
127,1338,2004-07-12,1.0
85,1434,2004-07-12,1.0
211,1742,2004-07-12,1.0
1406,495,2004-07-12,1.0
1655,1641,2004-07-12,1.0
36,211,2004-07-12,1.0
1655,1397,2004-07-12,1.0
1542,249,2004-07-12,1.0
1344,1713,2004-07-12,1.0
3,740,2004-07-12,1.0
9,1752,2004-07-12,1.0
211,36,2004-07-12,1.0
127,1021,2004-07-12,1.0
127,809,2004-07-12,1.0
127,1050,2004-07-12,1.0
1713,3,2004-07-12,1.0
1314,1346,2004-07-12,1.0
1713,1344,2004-07-12,1.0
1644,431,2004-07-12,1.0
1644,346,2004-07-12,1.0
847,969,2004-07-12,1.0
1624,431,2004-07-12,1.0
27,1285,2004-07-12,1.0
1190,394,2004-07-12,1.0
67,1338,2004-07-12,1.0
969,847,2004-07-12,1.0
1359,1343,2004-07-12,1.0
8,644,2004-07-12,1.0
1540,1669,2004-07-12,1.0
495,1406,2004-07-12,1.0
431,1644,2004-07-12,1.0
431,1624,2004-07-12,1.0
1579,431,2004-07-12,1.0
1667,1579,2004-07-12,1.0
127,1072,2004-07-12,1.0
95,561,2004-07-12,1.0
127,1724,2004-07-12,1.0
398,447,2004-07-12,1.0
127,233,2004-07-12,1.0
3,697,2004-07-12,1.0
3,32,2004-07-12,1.0
674,1338,2004-07-12,1.0
674,168,2004-07-12,1.0
378,812,2004-07-12,1.0
878,1489,2004-07-12,1.0
1423,1669,2004-07-12,1.0
561,1713,2004-07-12,1.0
1750,1338,2004-07-12,1.0
561,431,2004-07-12,1.0
447,398,2004-07-12,1.0
1132,9,2004-07-12,1.0
9,1338,2004-07-12,1.0
1734,1436,2004-07-12,1.0
212,1343,2004-07-12,1.0
644,1749,2004-07-12,1.0
1741,277,2004-07-12,1.0
1280,768,2004-07-12,1.0
1741,297,2004-07-12,1.0
341,1338,2004-07-12,1.0
1741,1282,2004-07-12,1.0
1741,475,2004-07-12,1.0
454,1669,2004-07-12,1.0
9,788,2004-07-12,1.0
1489,249,2004-07-12,1.0
3,865,2004-07-12,1.0
1487,620,2004-07-12,1.0
1132,1285,2004-07-12,1.0
1487,1520,2004-07-12,1.0
1285,1132,2004-07-12,1.0
1724,1713,2004-07-12,1.0
708,281,2004-07-12,1.0
32,1132,2004-07-12,1.0
32,1072,2004-07-12,1.0
1489,878,2004-07-12,1.0
1136,233,2004-07-12,1.0
1282,1647,2004-07-12,1.0
969,739,2004-07-12,1.0
346,1644,2004-07-12,1.0
749,474,2004-07-12,1.0
557,1644,2004-07-12,1.0
474,749,2004-07-12,1.0
1339,474,2004-07-12,1.0
601,400,2004-07-12,1.0
969,234,2004-07-12,1.0
9,1343,2004-07-12,1.0
8,1285,2004-07-12,1.0
3,172,2004-07-12,1.0
3,1190,2004-07-12,1.0
3,640,2004-07-12,1.0
3,1103,2004-07-12,1.0
3,1167,2004-07-12,1.0
3,72,2004-07-12,1.0
3,68,2004-07-12,1.0
3,1371,2004-07-12,1.0
3,790,2004-07-12,1.0
3,1154,2004-07-12,1.0
3,881,2004-07-12,1.0
3,840,2004-07-12,1.0
3,302,2004-07-12,1.0
3,62,2004-07-12,1.0
3,1185,2004-07-12,1.0
3,308,2004-07-12,1.0
3,846,2004-07-12,1.0
3,1110,2004-07-12,1.0
3,1662,2004-07-12,1.0
3,288,2004-07-12,1.0
3,498,2004-07-12,1.0
189,44,2004-07-12,1.0
1741,1497,2004-07-12,1.0
3,652,2004-07-12,1.0
1741,899,2004-07-12,1.0
431,561,2004-07-12,1.0
1487,974,2004-07-12,1.0
1436,1734,2004-07-12,1.0
1669,454,2004-07-12,1.0
1669,1423,2004-07-12,1.0
1741,537,2004-07-12,1.0
1669,974,2004-07-12,1.0
1579,1667,2004-07-12,1.0
1741,783,2004-07-12,1.0
3,176,2004-07-12,1.0
3,475,2004-07-12,1.0
822,727,2004-07-12,1.0
727,822,2004-07-12,1.0
644,8,2004-07-12,1.0
504,1740,2004-07-12,1.0
431,1579,2004-07-12,1.0
3,199,2004-07-12,1.0
3,374,2004-07-12,1.0
3,252,2004-07-12,1.0
3,242,2004-07-12,1.0
431,1624,2004-07-13,1.0
1255,124,2004-07-13,1.0
175,95,2004-07-13,1.0
431,1644,2004-07-13,1.0
447,398,2004-07-13,1.0
124,1255,2004-07-13,1.0
1669,1423,2004-07-13,1.0
27,1009,2004-07-13,1.0
454,1669,2004-07-13,1.0
1488,518,2004-07-13,1.0
1669,1647,2004-07-13,1.0
1543,969,2004-07-13,1.0
1472,1489,2004-07-13,1.0
1543,1724,2004-07-13,1.0
1543,525,2004-07-13,1.0
1543,1103,2004-07-13,1.0
1644,431,2004-07-13,1.0
3,32,2004-07-13,1.0
9,97,2004-07-13,1.0
9,1343,2004-07-13,1.0
201,143,2004-07-13,1.0
1009,1346,2004-07-13,1.0
1009,27,2004-07-13,1.0
143,201,2004-07-13,1.0
1624,431,2004-07-13,1.0
143,547,2004-07-13,1.0
12,1312,2004-07-13,1.0
518,1488,2004-07-13,1.0
708,281,2004-07-13,1.0
1285,1387,2004-07-13,1.0
1543,1467,2004-07-13,1.0
309,1467,2004-07-13,1.0
652,1130,2004-07-13,1.0
1423,1669,2004-07-13,1.0
189,44,2004-07-13,1.0
189,1749,2004-07-13,1.0
189,1742,2004-07-13,1.0
1655,32,2004-07-13,1.0
1655,48,2004-07-13,1.0
1655,1669,2004-07-13,1.0
1332,1752,2004-07-13,1.0
1158,1497,2004-07-13,1.0
713,1059,2004-07-13,1.0
281,708,2004-07-13,1.0
1520,1487,2004-07-13,1.0
1520,1540,2004-07-13,1.0
1467,309,2004-07-13,1.0
1169,400,2004-07-13,1.0
400,1169,2004-07-13,1.0
400,8,2004-07-13,1.0
400,1681,2004-07-13,1.0
1312,12,2004-07-13,1.0
1647,1669,2004-07-13,1.0
1677,1290,2004-07-13,1.0
1434,85,2004-07-13,1.0
95,1749,2004-07-13,1.0
724,1647,2004-07-13,1.0
809,127,2004-07-13,1.0
1713,1072,2004-07-13,1.0
431,1132,2004-07-13,1.0
1132,431,2004-07-13,1.0
969,172,2004-07-13,1.0
431,1579,2004-07-13,1.0
172,969,2004-07-13,1.0
1132,1647,2004-07-13,1.0
1282,1647,2004-07-13,1.0
8,644,2004-07-13,1.0
1667,969,2004-07-13,1.0
1647,724,2004-07-13,1.0
1647,1132,2004-07-13,1.0
1647,1282,2004-07-13,1.0
1647,1713,2004-07-13,1.0
1127,1203,2004-07-13,1.0
644,8,2004-07-13,1.0
1749,644,2004-07-13,1.0
969,1667,2004-07-13,1.0
1203,1127,2004-07-13,1.0
1579,1667,2004-07-13,1.0
1669,429,2004-07-13,1.0
431,1111,2004-07-13,1.0
429,191,2004-07-13,1.0
1752,9,2004-07-13,1.0
19,353,2004-07-13,1.0
1343,9,2004-07-13,1.0
1669,1655,2004-07-13,1.0
95,175,2004-07-13,1.0
1343,1359,2004-07-13,1.0
1579,431,2004-07-13,1.0
1713,1178,2004-07-13,1.0
1647,1269,2004-07-13,1.0
127,809,2004-07-13,1.0
1669,1540,2004-07-13,1.0
27,1332,2004-07-14,1.0
27,1285,2004-07-14,1.0
211,1742,2004-07-14,1.0
1423,1669,2004-07-14,1.0
143,201,2004-07-14,1.0
699,959,2004-07-14,1.0
1742,211,2004-07-14,1.0
495,1406,2004-07-14,1.0
1713,495,2004-07-14,1.0
12,1312,2004-07-14,1.0
1332,27,2004-07-14,1.0
1675,32,2004-07-14,1.0
1675,67,2004-07-14,1.0
1312,12,2004-07-14,1.0
3,1713,2004-07-14,1.0
1713,1497,2004-07-14,1.0
495,127,2004-07-14,1.0
1497,1158,2004-07-14,1.0
3,1317,2004-07-14,1.0
3,32,2004-07-14,1.0
201,143,2004-07-14,1.0
783,1741,2004-07-14,1.0
1113,1493,2004-07-14,1.0
277,1741,2004-07-14,1.0
1713,3,2004-07-14,1.0
495,1713,2004-07-14,1.0
1198,127,2004-07-14,1.0
431,617,2004-07-14,1.0
176,1436,2004-07-14,1.0
443,32,2004-07-14,1.0
1313,1713,2004-07-14,1.0
1313,1312,2004-07-14,1.0
1312,1313,2004-07-14,1.0
1290,1677,2004-07-14,1.0
1285,27,2004-07-14,1.0
617,1667,2004-07-14,1.0
617,431,2004-07-14,1.0
319,95,2004-07-14,1.0
1669,1423,2004-07-14,1.0
1190,1488,2004-07-14,1.0
27,1079,2004-07-14,1.0
1059,713,2004-07-14,1.0
1079,27,2004-07-14,1.0
1387,1285,2004-07-14,1.0
1285,1387,2004-07-14,1.0
8,644,2004-07-14,1.0
1669,1647,2004-07-14,1.0
1724,249,2004-07-14,1.0
1724,127,2004-07-14,1.0
127,1724,2004-07-14,1.0
127,495,2004-07-14,1.0
1489,1472,2004-07-14,1.0
1488,518,2004-07-14,1.0
249,1724,2004-07-14,1.0
32,3,2004-07-14,1.0
93,36,2004-07-14,1.0
1487,1520,2004-07-14,1.0
1642,822,2004-07-14,1.0
768,1280,2004-07-14,1.0
1317,3,2004-07-14,1.0
1406,495,2004-07-14,1.0
12,282,2004-07-14,1.0
959,699,2004-07-14,1.0
724,1647,2004-07-14,1.0
644,8,2004-07-14,1.0
620,874,2004-07-14,1.0
1397,1655,2004-07-14,1.0
1669,429,2004-07-14,1.0
429,1669,2004-07-14,1.0
1713,1647,2004-07-14,1.0
1669,1655,2004-07-14,1.0
1669,454,2004-07-14,1.0
1647,1713,2004-07-14,1.0
1647,724,2004-07-14,1.0
323,68,2004-07-14,1.0
1647,1669,2004-07-14,1.0
398,447,2004-07-14,1.0
346,1644,2004-07-14,1.0
1280,768,2004-07-14,1.0
318,1736,2004-07-14,1.0
323,298,2004-07-14,1.0
447,398,2004-07-14,1.0
3,312,2004-07-15,1.0
1748,1406,2004-07-15,1.0
3,32,2004-07-15,1.0
1497,1158,2004-07-15,1.0
582,249,2004-07-15,1.0
1540,48,2004-07-15,1.0
42,1744,2004-07-15,1.0
1009,27,2004-07-15,1.0
67,1675,2004-07-15,1.0
788,9,2004-07-15,1.0
1730,1042,2004-07-15,1.0
41,1652,2004-07-15,1.0
41,1745,2004-07-15,1.0
878,1647,2004-07-15,1.0
42,344,2004-07-15,1.0
1136,233,2004-07-15,1.0
249,437,2004-07-15,1.0
48,1655,2004-07-15,1.0
27,1285,2004-07-15,1.0
312,3,2004-07-15,1.0
1744,42,2004-07-15,1.0
431,1231,2004-07-15,1.0
431,1624,2004-07-15,1.0
969,1667,2004-07-15,1.0
1042,1730,2004-07-15,1.0
1624,431,2004-07-15,1.0
12,1312,2004-07-15,1.0
175,95,2004-07-15,1.0
9,1343,2004-07-15,1.0
9,788,2004-07-15,1.0
95,319,2004-07-15,1.0
95,175,2004-07-15,1.0
95,1387,2004-07-15,1.0
1231,431,2004-07-15,1.0
1669,1423,2004-07-15,1.0
1669,1647,2004-07-15,1.0
1406,1748,2004-07-15,1.0
1423,1669,2004-07-15,1.0
27,1009,2004-07-15,1.0
1741,277,2004-07-15,1.0
1042,1338,2004-07-15,1.0
249,974,2004-07-15,1.0
1647,1713,2004-07-15,1.0
1713,1647,2004-07-15,1.0
1647,1669,2004-07-15,1.0
1647,724,2004-07-15,1.0
1493,1113,2004-07-15,1.0
32,1731,2004-07-15,1.0
32,1675,2004-07-15,1.0
32,3,2004-07-15,1.0
1667,969,2004-07-15,1.0
724,1647,2004-07-15,1.0
201,143,2004-07-15,1.0
1312,1313,2004-07-15,1.0
1741,783,2004-07-15,1.0
233,1136,2004-07-15,1.0
1285,1312,2004-07-15,1.0
1158,1497,2004-07-15,1.0
1667,617,2004-07-15,1.0
1535,1753,2004-07-15,1.0
249,582,2004-07-15,1.0
193,118,2004-07-15,1.0
1178,1713,2004-07-15,1.0
1406,495,2004-07-15,1.0
1231,1667,2004-07-15,1.0
1436,176,2004-07-15,1.0
644,8,2004-07-15,1.0
1713,1313,2004-07-15,1.0
1343,9,2004-07-15,1.0
36,211,2004-07-16,1.0
1395,1113,2004-07-16,1.0
561,95,2004-07-16,1.0
620,874,2004-07-16,1.0
561,431,2004-07-16,1.0
874,620,2004-07-16,1.0
1675,67,2004-07-16,1.0
1644,431,2004-07-16,1.0
1158,1497,2004-07-16,1.0
1253,644,2004-07-16,1.0
211,36,2004-07-16,1.0
431,1644,2004-07-16,1.0
319,95,2004-07-16,1.0
1423,1669,2004-07-16,1.0
1669,1423,2004-07-16,1.0
812,378,2004-07-16,1.0
27,1285,2004-07-16,1.0
27,1009,2004-07-16,1.0
95,561,2004-07-16,1.0
95,175,2004-07-16,1.0
95,319,2004-07-16,1.0
1127,1203,2004-07-16,1.0
1543,1724,2004-07-16,1.0
697,214,2004-07-16,1.0
620,27,2004-07-16,1.0
431,561,2004-07-16,1.0
1520,1487,2004-07-16,1.0
233,1136,2004-07-16,1.0
233,127,2004-07-16,1.0
1624,431,2004-07-16,1.0
495,1406,2004-07-16,1.0
431,1624,2004-07-16,1.0
1312,12,2004-07-16,1.0
1748,1406,2004-07-16,1.0
1406,495,2004-07-16,1.0
1406,1748,2004-07-16,1.0
27,620,2004-07-16,1.0
1493,1474,2004-07-16,1.0
1474,1493,2004-07-16,1.0
1285,27,2004-07-16,1.0
525,1543,2004-07-16,1.0
1343,9,2004-07-16,1.0
1647,724,2004-07-16,1.0
1647,1669,2004-07-16,1.0
1647,878,2004-07-16,1.0
1009,27,2004-07-16,1.0
1644,346,2004-07-16,1.0
483,189,2004-07-16,1.0
724,1647,2004-07-16,1.0
724,1647,2004-07-17,1.0
1497,1158,2004-07-17,1.0
85,1434,2004-07-17,1.0
561,431,2004-07-17,1.0
95,561,2004-07-17,1.0
431,561,2004-07-17,1.0
697,214,2004-07-17,1.0
1488,1190,2004-07-17,1.0
233,193,2004-07-17,1.0
561,95,2004-07-17,1.0
191,429,2004-07-17,1.0
1423,1669,2004-07-17,1.0
415,997,2004-07-17,1.0
193,233,2004-07-17,1.0
440,1384,2004-07-17,1.0
997,415,2004-07-17,1.0
1136,233,2004-07-17,1.0
214,697,2004-07-17,1.0
1669,1423,2004-07-17,1.0
233,1136,2004-07-17,1.0
495,1406,2004-07-17,1.0
1713,561,2004-07-18,1.0
144,9,2004-07-18,1.0
1406,495,2004-07-18,1.0
1755,642,2004-07-18,1.0
673,1253,2004-07-18,1.0
561,847,2004-07-18,1.0
561,95,2004-07-18,1.0
561,431,2004-07-18,1.0
847,561,2004-07-18,1.0
144,12,2004-07-18,1.0
561,1713,2004-07-18,1.0
1647,878,2004-07-18,1.0
1644,1754,2004-07-18,1.0
1190,1488,2004-07-18,1.0
249,67,2004-07-18,1.0
67,3,2004-07-18,1.0
3,312,2004-07-18,1.0
1158,1497,2004-07-18,1.0
1434,85,2004-07-18,1.0
1746,1730,2004-07-18,1.0
1669,1423,2004-07-18,1.0
1647,724,2004-07-18,1.0
561,1713,2004-07-19,1.0
1713,1585,2004-07-19,1.0
1312,12,2004-07-19,1.0
1756,1655,2004-07-19,1.0
1316,431,2004-07-19,1.0
1632,1039,2004-07-19,1.0
431,1316,2004-07-19,1.0
1072,1158,2004-07-19,1.0
561,847,2004-07-19,1.0
3,144,2004-07-19,1.0
561,431,2004-07-19,1.0
312,3,2004-07-19,1.0
431,561,2004-07-19,1.0
1543,1724,2004-07-19,1.0
191,429,2004-07-19,1.0
1740,504,2004-07-19,1.0
788,9,2004-07-19,1.0
12,144,2004-07-19,1.0
12,1312,2004-07-19,1.0
249,495,2004-07-19,1.0
308,1655,2004-07-19,1.0
749,474,2004-07-19,1.0
474,1285,2004-07-19,1.0
429,191,2004-07-19,1.0
847,561,2004-07-19,1.0
1724,1543,2004-07-19,1.0
1409,443,2004-07-19,1.0
1409,167,2004-07-19,1.0
878,1647,2004-07-19,1.0
189,483,2004-07-19,1.0
483,189,2004-07-19,1.0
1346,1314,2004-07-19,1.0
495,1406,2004-07-19,1.0
1655,48,2004-07-19,1.0
1655,719,2004-07-19,1.0
1667,654,2004-07-19,1.0
1285,474,2004-07-19,1.0
1285,1312,2004-07-19,1.0
621,924,2004-07-19,1.0
621,1647,2004-07-19,1.0
1748,1406,2004-07-19,1.0
1748,799,2004-07-19,1.0
1467,309,2004-07-20,1.0
1655,719,2004-07-20,1.0
1285,27,2004-07-20,1.0
9,144,2004-07-20,1.0
9,1489,2004-07-20,1.0
9,1467,2004-07-20,1.0
9,1731,2004-07-20,1.0
9,97,2004-07-20,1.0
3,970,2004-07-20,1.0
9,1655,2004-07-20,1.0
3,249,2004-07-20,1.0
525,211,2004-07-20,1.0
3,1738,2004-07-20,1.0
3,1728,2004-07-20,1.0
3,312,2004-07-20,1.0
970,1748,2004-07-20,1.0
1673,1741,2004-07-20,1.0
1749,346,2004-07-20,1.0
1533,1489,2004-07-20,1.0
727,561,2004-07-20,1.0
95,561,2004-07-20,1.0
9,8,2004-07-20,1.0
1676,233,2004-07-20,1.0
3,27,2004-07-20,1.0
9,1255,2004-07-20,1.0
9,1719,2004-07-20,1.0
1308,9,2004-07-20,1.0
621,1647,2004-07-20,1.0
8,9,2004-07-20,1.0
9,1308,2004-07-20,1.0
191,429,2004-07-20,1.0
9,1753,2004-07-20,1.0
9,1742,2004-07-20,1.0
9,1749,2004-07-20,1.0
9,1760,2004-07-20,1.0
9,1759,2004-07-20,1.0
1647,621,2004-07-20,1.0
144,12,2004-07-20,1.0
468,1748,2004-07-20,1.0
1713,788,2004-07-20,1.0
12,144,2004-07-20,1.0
719,1655,2004-07-20,1.0
144,1758,2004-07-20,1.0
144,3,2004-07-20,1.0
1731,32,2004-07-20,1.0
431,1731,2004-07-20,1.0
1626,1624,2004-07-20,1.0
1647,878,2004-07-20,1.0
561,431,2004-07-20,1.0
1436,1757,2004-07-20,1.0
431,561,2004-07-20,1.0
12,1255,2004-07-20,1.0
249,144,2004-07-20,1.0
1741,1673,2004-07-20,1.0
1741,588,2004-07-20,1.0
1741,1391,2004-07-20,1.0
1741,773,2004-07-20,1.0
1741,475,2004-07-20,1.0
1741,1282,2004-07-20,1.0
1741,1497,2004-07-20,1.0
1741,1380,2004-07-20,1.0
1741,277,2004-07-20,1.0
1741,784,2004-07-20,1.0
118,193,2004-07-20,1.0
1741,391,2004-07-20,1.0
1624,1626,2004-07-20,1.0
308,254,2004-07-20,1.0
1312,12,2004-07-20,1.0
9,788,2004-07-20,1.0
346,1749,2004-07-20,1.0
9,1343,2004-07-20,1.0
429,191,2004-07-20,1.0
144,9,2004-07-20,1.0
1758,144,2004-07-21,1.0
1678,1346,2004-07-21,1.0
1346,1678,2004-07-21,1.0
67,97,2004-07-21,1.0
67,713,2004-07-21,1.0
67,318,2004-07-21,1.0
1678,475,2004-07-21,1.0
995,27,2004-07-21,1.0
810,175,2004-07-21,1.0
1253,673,2004-07-21,1.0
1754,1644,2004-07-21,1.0
995,1644,2004-07-21,1.0
1644,995,2004-07-21,1.0
27,995,2004-07-21,1.0
3,312,2004-07-21,1.0
1762,1281,2004-07-21,1.0
1756,713,2004-07-21,1.0
1756,1375,2004-07-21,1.0
249,1497,2004-07-21,1.0
175,810,2004-07-21,1.0
1568,1585,2004-07-21,1.0
1127,997,2004-07-21,1.0
1127,1665,2004-07-21,1.0
308,1762,2004-07-21,1.0
431,1497,2004-07-21,1.0
1281,1762,2004-07-21,1.0
1280,768,2004-07-21,1.0
1756,1644,2004-07-21,1.0
1493,1113,2004-07-21,1.0
12,1387,2004-07-21,1.0
12,1313,2004-07-21,1.0
12,1312,2004-07-21,1.0
12,1255,2004-07-21,1.0
1121,142,2004-07-21,1.0
1467,9,2004-07-21,1.0
768,1280,2004-07-21,1.0
509,1026,2004-07-21,1.0
518,1346,2004-07-21,1.0
312,1,2004-07-21,1.0
312,3,2004-07-21,1.0
474,749,2004-07-21,1.0
193,118,2004-07-21,1.0
1731,9,2004-07-21,1.0
1346,1314,2004-07-21,1.0
308,674,2004-07-21,1.0
810,1338,2004-07-21,1.0
144,1758,2004-07-21,1.0
27,1285,2004-07-21,1.0
1313,1713,2004-07-21,1.0
1255,9,2004-07-21,1.0
1741,277,2004-07-21,1.0
1741,1673,2004-07-21,1.0
8,1285,2004-07-21,1.0
1285,8,2004-07-21,1.0
1285,1731,2004-07-21,1.0
1655,9,2004-07-21,1.0
1497,1158,2004-07-21,1.0
810,233,2004-07-21,1.0
175,95,2004-07-21,1.0
1255,12,2004-07-21,1.0
346,1655,2004-07-21,1.0
1113,1395,2004-07-21,1.0
144,1761,2004-07-21,1.0
249,447,2004-07-21,1.0
1113,1493,2004-07-21,1.0
995,318,2004-07-21,1.0
447,395,2004-07-21,1.0
995,1749,2004-07-21,1.0
1644,1754,2004-07-21,1.0
1343,9,2004-07-21,1.0
494,389,2004-07-21,1.0
27,1009,2004-07-22,1.0
144,1758,2004-07-22,1.0
431,561,2004-07-22,1.0
615,1764,2004-07-22,1.0
1673,161,2004-07-22,1.0
1758,144,2004-07-22,1.0
1158,1497,2004-07-22,1.0
67,1034,2004-07-22,1.0
1158,1072,2004-07-22,1.0
72,1765,2004-07-22,1.0
9,847,2004-07-22,1.0
1253,1157,2004-07-22,1.0
143,12,2004-07-22,1.0
1493,1113,2004-07-22,1.0
1313,12,2004-07-22,1.0
810,175,2004-07-22,1.0
1346,1314,2004-07-22,1.0
843,1237,2004-07-22,1.0
1762,1281,2004-07-22,1.0
1762,308,2004-07-22,1.0
483,1408,2004-07-22,1.0
161,1255,2004-07-22,1.0
1009,27,2004-07-22,1.0
12,1313,2004-07-22,1.0
1255,9,2004-07-22,1.0
1647,621,2004-07-22,1.0
1678,779,2004-07-22,1.0
9,1255,2004-07-22,1.0
582,27,2004-07-22,1.0
1265,9,2004-07-22,1.0
242,823,2004-07-22,1.0
12,1763,2004-07-22,1.0
652,52,2004-07-22,1.0
1285,27,2004-07-22,1.0
1127,547,2004-07-22,1.0
1127,1350,2004-07-22,1.0
1308,9,2004-07-22,1.0
1308,1716,2004-07-22,1.0
1644,1754,2004-07-22,1.0
1644,1756,2004-07-22,1.0
1763,12,2004-07-22,1.0
582,1678,2004-07-22,1.0
9,1265,2004-07-22,1.0
443,1409,2004-07-22,1.0
1756,1644,2004-07-22,1.0
1716,1308,2004-07-22,1.0
255,1,2004-07-22,1.0
1,255,2004-07-22,1.0
1281,1762,2004-07-22,1.0
1255,1673,2004-07-22,1.0
3,1343,2004-07-22,1.0
495,249,2004-07-22,1.0
9,1308,2004-07-22,1.0
175,810,2004-07-22,1.0
27,582,2004-07-22,1.0
191,429,2004-07-22,1.0
1255,161,2004-07-22,1.0
12,547,2004-07-22,1.0
9,1763,2004-07-22,1.0
9,1387,2004-07-22,1.0
9,1343,2004-07-22,1.0
1343,12,2004-07-22,1.0
1343,3,2004-07-22,1.0
1343,9,2004-07-22,1.0
308,1762,2004-07-22,1.0
67,1239,2004-07-22,1.0
67,1346,2004-07-22,1.0
9,1731,2004-07-22,1.0
9,1467,2004-07-22,1.0
44,249,2004-07-22,1.0
249,44,2004-07-22,1.0
823,242,2004-07-22,1.0
9,1655,2004-07-22,1.0
1395,1746,2004-07-22,1.0
1395,1113,2004-07-22,1.0
9,724,2004-07-22,1.0
561,431,2004-07-22,1.0
561,95,2004-07-22,1.0
12,143,2004-07-22,1.0
12,1343,2004-07-22,1.0
561,727,2004-07-22,1.0
9,12,2004-07-22,1.0
429,191,2004-07-22,1.0
12,9,2004-07-22,1.0
308,1762,2004-07-23,1.0
1756,1403,2004-07-23,1.0
27,582,2004-07-23,1.0
582,27,2004-07-23,1.0
1313,12,2004-07-23,1.0
175,810,2004-07-23,1.0
1762,308,2004-07-23,1.0
1756,1312,2004-07-23,1.0
1312,12,2004-07-23,1.0
1756,69,2004-07-23,1.0
1756,1644,2004-07-23,1.0
1698,1644,2004-07-23,1.0
1644,1754,2004-07-23,1.0
3,1,2004-07-23,1.0
27,1285,2004-07-23,1.0
810,175,2004-07-23,1.0
429,242,2004-07-23,1.0
1342,1359,2004-07-23,1.0
1391,1741,2004-07-23,1.0
1127,142,2004-07-23,1.0
1127,1034,2004-07-23,1.0
1127,547,2004-07-23,1.0
1127,1260,2004-07-23,1.0
809,1545,2004-07-23,1.0
194,295,2004-07-23,1.0
194,199,2004-07-23,1.0
312,1,2004-07-23,1.0
1308,9,2004-07-23,1.0
1644,1756,2004-07-23,1.0
1644,1698,2004-07-23,1.0
1545,809,2004-07-23,1.0
1253,812,2004-07-23,1.0
1403,1756,2004-07-23,1.0
1359,1342,2004-07-23,1.0
1359,1343,2004-07-23,1.0
1678,328,2004-07-23,1.0
242,429,2004-07-23,1.0
674,1280,2004-07-23,1.0
1758,144,2004-07-23,1.0
12,1343,2004-07-23,1.0
1713,1312,2004-07-23,1.0
12,1312,2004-07-23,1.0
1343,12,2004-07-23,1.0
1343,3,2004-07-23,1.0
1343,1359,2004-07-23,1.0
12,8,2004-07-23,1.0
12,143,2004-07-23,1.0
12,1313,2004-07-23,1.0
1754,1644,2004-07-23,1.0
547,1127,2004-07-23,1.0
144,1758,2004-07-23,1.0
617,431,2004-07-23,1.0
1343,9,2004-07-23,1.0
1678,711,2004-07-23,1.0
1280,1667,2004-07-23,1.0
194,9,2004-07-23,1.0
1741,475,2004-07-23,1.0
8,19,2004-07-23,1.0
19,8,2004-07-23,1.0
19,1181,2004-07-23,1.0
1281,1762,2004-07-23,1.0
429,191,2004-07-23,1.0
9,1308,2004-07-23,1.0
9,1343,2004-07-23,1.0
1748,970,2004-07-23,1.0
1748,468,2004-07-23,1.0
1667,1280,2004-07-23,1.0
799,1748,2004-07-23,1.0
431,617,2004-07-23,1.0
144,1758,2004-07-24,1.0
9,1346,2004-07-24,1.0
9,1343,2004-07-24,1.0
1493,1113,2004-07-24,1.0
191,429,2004-07-24,1.0
624,595,2004-07-24,1.0
1716,1308,2004-07-24,1.0
1280,1738,2004-07-24,1.0
1113,1493,2004-07-24,1.0
277,252,2004-07-24,1.0
1346,9,2004-07-24,1.0
1253,1744,2004-07-24,1.0
1509,1669,2004-07-24,1.0
318,995,2004-07-24,1.0
561,431,2004-07-24,1.0
561,95,2004-07-24,1.0
727,1280,2004-07-24,1.0
810,175,2004-07-24,1.0
431,561,2004-07-24,1.0
1762,308,2004-07-24,1.0
1285,27,2004-07-24,1.0
1,312,2004-07-24,1.0
1738,1280,2004-07-24,1.0
970,1748,2004-07-24,1.0
1644,1754,2004-07-24,1.0
233,1676,2004-07-24,1.0
1758,144,2004-07-24,1.0
843,1237,2004-07-24,1.0
1312,1756,2004-07-24,1.0
48,1540,2004-07-24,1.0
52,652,2004-07-24,1.0
9,194,2004-07-24,1.0
1343,9,2004-07-24,1.0
1343,1359,2004-07-24,1.0
242,429,2004-07-24,1.0
1754,1644,2004-07-24,1.0
9,1308,2004-07-24,1.0
1713,233,2004-07-24,1.0
1713,1308,2004-07-24,1.0
799,1475,2004-07-24,1.0
233,1713,2004-07-24,1.0
175,810,2004-07-24,1.0
1744,1253,2004-07-25,1.0
856,1117,2004-07-25,1.0
1313,12,2004-07-25,1.0
12,1343,2004-07-25,1.0
12,1312,2004-07-25,1.0
12,1313,2004-07-25,1.0
3,1,2004-07-25,1.0
809,1713,2004-07-25,1.0
1,3,2004-07-25,1.0
312,1,2004-07-25,1.0
1655,1,2004-07-25,1.0
1,312,2004-07-25,1.0
1647,749,2004-07-25,1.0
9,1255,2004-07-25,1.0
1346,9,2004-07-25,1.0
9,1346,2004-07-25,1.0
193,1362,2004-07-25,1.0
1308,1713,2004-07-25,1.0
1308,1716,2004-07-25,1.0
810,175,2004-07-25,1.0
175,810,2004-07-25,1.0
1312,12,2004-07-25,1.0
1647,233,2004-07-25,1.0
3,32,2004-07-25,1.0
1,1655,2004-07-25,1.0
1343,9,2004-07-25,1.0
1758,144,2004-07-25,1.0
1698,1644,2004-07-25,1.0
309,1467,2004-07-25,1.0
1280,727,2004-07-25,1.0
429,191,2004-07-25,1.0
308,1762,2004-07-25,1.0
1253,984,2004-07-25,1.0
1253,549,2004-07-25,1.0
1644,1698,2004-07-25,1.0
1669,1509,2004-07-25,1.0
727,1280,2004-07-25,1.0
1310,561,2004-07-25,1.0
1762,308,2004-07-25,1.0
595,1101,2004-07-25,1.0
9,1343,2004-07-25,1.0
1749,1063,2004-07-25,1.0
1713,809,2004-07-25,1.0
1741,1391,2004-07-25,1.0
1026,509,2004-07-25,1.0
1253,1765,2004-07-25,1.0
1624,48,2004-07-26,1.0
1042,1730,2004-07-26,1.0
561,431,2004-07-26,1.0
561,1310,2004-07-26,1.0
211,1742,2004-07-26,1.0
167,1758,2004-07-26,1.0
1765,1253,2004-07-26,1.0
431,561,2004-07-26,1.0
1042,67,2004-07-26,1.0
1762,1281,2004-07-26,1.0
1713,561,2004-07-26,1.0
27,1285,2004-07-26,1.0
1756,1644,2004-07-26,1.0
1281,1762,2004-07-26,1.0
1748,970,2004-07-26,1.0
1403,1756,2004-07-26,1.0
1756,1312,2004-07-26,1.0
1677,1290,2004-07-26,1.0
1312,12,2004-07-26,1.0
1346,1314,2004-07-26,1.0
3,32,2004-07-26,1.0
1253,1765,2004-07-26,1.0
1762,308,2004-07-26,1.0
970,710,2004-07-26,1.0
27,582,2004-07-26,1.0
12,1343,2004-07-26,1.0
312,1,2004-07-26,1.0
1042,1338,2004-07-26,1.0
494,389,2004-07-26,1.0
105,1624,2004-07-26,1.0
105,1644,2004-07-26,1.0
8,1756,2004-07-26,1.0
810,175,2004-07-26,1.0
1756,8,2004-07-26,1.0
67,710,2004-07-26,1.0
1130,652,2004-07-26,1.0
1644,1756,2004-07-26,1.0
1742,211,2004-07-26,1.0
12,1312,2004-07-26,1.0
1644,105,2004-07-26,1.0
1624,105,2004-07-26,1.0
308,1762,2004-07-26,1.0
105,42,2004-07-26,1.0
105,713,2004-07-26,1.0
1,312,2004-07-26,1.0
1509,1744,2004-07-26,1.0
67,1749,2004-07-26,1.0
67,1769,2004-07-26,1.0
1343,9,2004-07-26,1.0
1748,1075,2004-07-26,1.0
1343,12,2004-07-26,1.0
143,644,2004-07-26,1.0
1075,1748,2004-07-26,1.0
144,1758,2004-07-26,1.0
1748,1440,2004-07-26,1.0
42,1731,2004-07-26,1.0
42,1329,2004-07-26,1.0
1329,42,2004-07-26,1.0
389,494,2004-07-26,1.0
32,3,2004-07-26,1.0
1748,172,2004-07-26,1.0
1676,233,2004-07-26,1.0
1313,12,2004-07-26,1.0
711,1678,2004-07-26,1.0
1253,1744,2004-07-26,1.0
768,774,2004-07-26,1.0
644,143,2004-07-26,1.0
1713,809,2004-07-26,1.0
970,1748,2004-07-26,1.0
970,1641,2004-07-26,1.0
67,1760,2004-07-26,1.0
970,298,2004-07-26,1.0
970,774,2004-07-26,1.0
67,1768,2004-07-26,1.0
67,1767,2004-07-26,1.0
67,9,2004-07-26,1.0
1713,1195,2004-07-26,1.0
1280,727,2004-07-26,1.0
1255,42,2004-07-26,1.0
191,429,2004-07-26,1.0
9,67,2004-07-26,1.0
48,1624,2004-07-26,1.0
1181,19,2004-07-26,1.0
1314,1346,2004-07-26,1.0
9,1343,2004-07-26,1.0
1023,1766,2004-07-26,1.0
271,277,2004-07-26,1.0
271,713,2004-07-26,1.0
271,638,2004-07-26,1.0
298,970,2004-07-26,1.0
995,318,2004-07-26,1.0
1765,72,2004-07-26,1.0
443,42,2004-07-26,1.0
27,1686,2004-07-27,1.0
1312,1756,2004-07-27,1.0
105,1027,2004-07-27,1.0
1312,12,2004-07-27,1.0
105,1624,2004-07-27,1.0
67,394,2004-07-27,1.0
105,1518,2004-07-27,1.0
1686,1644,2004-07-27,1.0
1644,1756,2004-07-27,1.0
105,1644,2004-07-27,1.0
1644,1686,2004-07-27,1.0
1644,105,2004-07-27,1.0
1686,27,2004-07-27,1.0
1624,105,2004-07-27,1.0
189,358,2004-07-27,1.0
189,443,2004-07-27,1.0
189,1749,2004-07-27,1.0
3,32,2004-07-27,1.0
105,474,2004-07-27,1.0
189,44,2004-07-27,1.0
1756,8,2004-07-27,1.0
1756,1403,2004-07-27,1.0
1756,1644,2004-07-27,1.0
1756,1312,2004-07-27,1.0
27,12,2004-07-27,1.0
27,1285,2004-07-27,1.0
1624,48,2004-07-27,1.0
189,708,2004-07-27,1.0
12,1312,2004-07-27,1.0
48,1624,2004-07-27,1.0
1669,44,2004-07-27,1.0
429,191,2004-07-27,1.0
191,429,2004-07-27,1.0
1713,1195,2004-07-27,1.0
308,1762,2004-07-27,1.0
1771,1281,2004-07-27,1.0
1118,9,2004-07-27,1.0
1118,1678,2004-07-27,1.0
1118,105,2004-07-27,1.0
1285,1313,2004-07-27,1.0
1285,1190,2004-07-27,1.0
1467,309,2004-07-27,1.0
95,1452,2004-07-27,1.0
105,44,2004-07-27,1.0
1676,233,2004-07-27,1.0
1644,1758,2004-07-27,1.0
105,1655,2004-07-27,1.0
105,1641,2004-07-27,1.0
105,1118,2004-07-27,1.0
105,1485,2004-07-27,1.0
105,9,2004-07-27,1.0
1281,1762,2004-07-27,1.0
44,105,2004-07-27,1.0
1281,1771,2004-07-27,1.0
12,27,2004-07-27,1.0
67,1770,2004-07-27,1.0
95,175,2004-07-27,1.0
1313,1285,2004-07-27,1.0
1644,12,2004-07-27,1.0
12,1644,2004-07-27,1.0
727,1280,2004-07-27,1.0
1440,1748,2004-07-27,1.0
1343,12,2004-07-27,1.0
1034,1624,2004-07-27,1.0
44,1669,2004-07-27,1.0
12,1343,2004-07-27,1.0
12,1313,2004-07-27,1.0
1285,1312,2004-07-27,1.0
233,1647,2004-07-27,1.0
233,1676,2004-07-27,1.0
1343,9,2004-07-27,1.0
582,27,2004-07-27,1.0
1762,308,2004-07-27,1.0
1310,561,2004-07-27,1.0
1285,27,2004-07-27,1.0
12,67,2004-07-27,1.0
9,1343,2004-07-27,1.0
9,1118,2004-07-27,1.0
144,1758,2004-07-27,1.0
95,561,2004-07-27,1.0
1280,727,2004-07-27,1.0
1238,32,2004-07-27,1.0
9,32,2004-07-27,1.0
1624,1034,2004-07-27,1.0
1762,1281,2004-07-27,1.0
1758,144,2004-07-27,1.0
1678,1118,2004-07-27,1.0
172,1748,2004-07-27,1.0
32,3,2004-07-27,1.0
32,1042,2004-07-27,1.0
32,1238,2004-07-27,1.0
32,9,2004-07-27,1.0
1756,1644,2004-07-28,1.0
1489,1533,2004-07-28,1.0
1756,286,2004-07-28,1.0
1756,1130,2004-07-28,1.0
1312,1344,2004-07-28,1.0
27,12,2004-07-28,1.0
1713,1493,2004-07-28,1.0
191,429,2004-07-28,1.0
1344,67,2004-07-28,1.0
1545,809,2004-07-28,1.0
1773,679,2004-07-28,1.0
189,144,2004-07-28,1.0
44,1669,2004-07-28,1.0
674,1253,2004-07-28,1.0
67,1675,2004-07-28,1.0
1313,1034,2004-07-28,1.0
810,175,2004-07-28,1.0
1756,525,2004-07-28,1.0
1312,1313,2004-07-28,1.0
9,1118,2004-07-28,1.0
9,32,2004-07-28,1.0
429,191,2004-07-28,1.0
1716,1308,2004-07-28,1.0
561,431,2004-07-28,1.0
1127,319,2004-07-28,1.0
1118,9,2004-07-28,1.0
430,8,2004-07-28,1.0
430,144,2004-07-28,1.0
430,72,2004-07-28,1.0
1644,1756,2004-07-28,1.0
1644,1758,2004-07-28,1.0
1758,1644,2004-07-28,1.0
1758,144,2004-07-28,1.0
1344,1312,2004-07-28,1.0
1118,1667,2004-07-28,1.0
9,8,2004-07-28,1.0
9,97,2004-07-28,1.0
1,312,2004-07-28,1.0
63,127,2004-07-28,1.0
9,1731,2004-07-28,1.0
1395,1772,2004-07-28,1.0
67,1344,2004-07-28,1.0
809,642,2004-07-28,1.0
984,1208,2004-07-28,1.0
1713,617,2004-07-28,1.0
617,1713,2004-07-28,1.0
105,1644,2004-07-28,1.0
105,474,2004-07-28,1.0
105,1118,2004-07-28,1.0
105,1624,2004-07-28,1.0
8,9,2004-07-28,1.0
1565,27,2004-07-28,1.0
673,1253,2004-07-28,1.0
1762,245,2004-07-28,1.0
749,1647,2004-07-28,1.0
97,9,2004-07-28,1.0
12,27,2004-07-28,1.0
1644,105,2004-07-28,1.0
1281,1771,2004-07-28,1.0
474,105,2004-07-28,1.0
277,271,2004-07-28,1.0
1059,713,2004-07-28,1.0
175,810,2004-07-28,1.0
1118,105,2004-07-28,1.0
1762,308,2004-07-28,1.0
1667,105,2004-07-28,1.0
1624,48,2004-07-28,1.0
474,67,2004-07-28,1.0
1731,42,2004-07-28,1.0
1731,9,2004-07-28,1.0
1034,1313,2004-07-28,1.0
1624,105,2004-07-28,1.0
1686,256,2004-07-28,1.0
67,256,2004-07-28,1.0
1667,942,2004-07-28,1.0
1647,749,2004-07-28,1.0
809,1713,2004-07-28,1.0
67,474,2004-07-28,1.0
1772,1395,2004-07-28,1.0
1253,673,2004-07-28,1.0
1667,1118,2004-07-28,1.0
32,9,2004-07-28,1.0
1713,1585,2004-07-28,1.0
1713,525,2004-07-28,1.0
67,1042,2004-07-28,1.0
32,12,2004-07-28,1.0
525,1713,2004-07-28,1.0
1313,1312,2004-07-28,1.0
1395,1686,2004-07-29,1.0
1748,172,2004-07-29,1.0
1395,1772,2004-07-29,1.0
27,620,2004-07-29,1.0
394,1190,2004-07-29,1.0
652,1130,2004-07-29,1.0
1052,697,2004-07-29,1.0
1190,1285,2004-07-29,1.0
1190,394,2004-07-29,1.0
1052,1238,2004-07-29,1.0
1748,970,2004-07-29,1.0
1624,48,2004-07-29,1.0
1756,1403,2004-07-29,1.0
9,1313,2004-07-29,1.0
32,443,2004-07-29,1.0
191,429,2004-07-29,1.0
32,1731,2004-07-29,1.0
1231,1168,2004-07-29,1.0
1762,431,2004-07-29,1.0
1403,1756,2004-07-29,1.0
1,1779,2004-07-29,1.0
1778,234,2004-07-29,1.0
8,9,2004-07-29,1.0
67,9,2004-07-29,1.0
95,1387,2004-07-29,1.0
32,377,2004-07-29,1.0
95,44,2004-07-29,1.0
697,1052,2004-07-29,1.0
561,431,2004-07-29,1.0
697,642,2004-07-29,1.0
1756,474,2004-07-29,1.0
543,1513,2004-07-29,1.0
1313,9,2004-07-29,1.0
1,312,2004-07-29,1.0
1772,1395,2004-07-29,1.0
1756,525,2004-07-29,1.0
312,1,2004-07-29,1.0
1491,132,2004-07-29,1.0
429,191,2004-07-29,1.0
525,1756,2004-07-29,1.0
44,95,2004-07-29,1.0
1285,1190,2004-07-29,1.0
9,32,2004-07-29,1.0
431,561,2004-07-29,1.0
431,1762,2004-07-29,1.0
9,8,2004-07-29,1.0
1168,1231,2004-07-29,1.0
1281,32,2004-07-29,1.0
67,1777,2004-07-29,1.0
1644,1758,2004-07-29,1.0
1253,674,2004-07-29,1.0
749,1647,2004-07-29,1.0
1238,1472,2004-07-29,1.0
175,810,2004-07-29,1.0
1758,1644,2004-07-29,1.0
1308,1716,2004-07-29,1.0
1034,1313,2004-07-29,1.0
9,1387,2004-07-29,1.0
1387,95,2004-07-29,1.0
1387,12,2004-07-29,1.0
1387,9,2004-07-29,1.0
1312,1344,2004-07-29,1.0
1493,1713,2004-07-29,1.0
697,1774,2004-07-29,1.0
175,95,2004-07-29,1.0
561,1713,2004-07-29,1.0
561,95,2004-07-29,1.0
1686,1395,2004-07-29,1.0
1237,843,2004-07-29,1.0
561,1310,2004-07-29,1.0
67,1770,2004-07-29,1.0
1773,679,2004-07-29,1.0
710,970,2004-07-29,1.0
679,1773,2004-07-29,1.0
1686,710,2004-07-29,1.0
67,1775,2004-07-29,1.0
67,1776,2004-07-29,1.0
67,710,2004-07-29,1.0
970,710,2004-07-29,1.0
970,1748,2004-07-29,1.0
710,67,2004-07-29,1.0
642,697,2004-07-29,1.0
642,809,2004-07-29,1.0
48,1624,2004-07-29,1.0
1195,1713,2004-07-29,1.0
852,1775,2004-07-29,1.0
809,1545,2004-07-29,1.0
19,1181,2004-07-29,1.0
674,1253,2004-07-29,1.0
1253,1773,2004-07-29,1.0
620,27,2004-07-29,1.0
710,1686,2004-07-29,1.0
1472,1238,2004-07-29,1.0
843,1237,2004-07-29,1.0
19,8,2004-07-29,1.0
394,1190,2004-07-30,1.0
431,561,2004-07-30,1.0
9,8,2004-07-30,1.0
44,36,2004-07-30,1.0
27,1686,2004-07-30,1.0
1313,9,2004-07-30,1.0
1313,19,2004-07-30,1.0
1313,1312,2004-07-30,1.0
19,1313,2004-07-30,1.0
309,1467,2004-07-30,1.0
36,44,2004-07-30,1.0
561,431,2004-07-30,1.0
1773,1253,2004-07-30,1.0
1468,1554,2004-07-30,1.0
1756,1312,2004-07-30,1.0
1756,474,2004-07-30,1.0
1312,1756,2004-07-30,1.0
1312,1313,2004-07-30,1.0
1756,1403,2004-07-30,1.0
42,105,2004-07-30,1.0
42,1255,2004-07-30,1.0
1741,593,2004-07-30,1.0
1253,1773,2004-07-30,1.0
1285,1190,2004-07-30,1.0
1395,1772,2004-07-30,1.0
1686,27,2004-07-30,1.0
105,42,2004-07-30,1.0
1772,1395,2004-07-30,1.0
12,1387,2004-07-30,1.0
191,429,2004-07-30,1.0
1052,1338,2004-07-30,1.0
1338,1052,2004-07-30,1.0
1338,9,2004-07-30,1.0
1338,341,2004-07-30,1.0
1052,697,2004-07-30,1.0
9,1313,2004-07-30,1.0
12,1312,2004-07-30,1.0
12,1313,2004-07-30,1.0
739,969,2004-07-30,1.0
1127,1771,2004-07-30,1.0
1313,12,2004-07-30,1.0
1312,12,2004-07-30,1.0
12,1343,2004-07-30,1.0
12,1644,2004-07-30,1.0
12,27,2004-07-30,1.0
1190,1285,2004-07-30,1.0
1780,1255,2004-07-30,1.0
105,557,2004-07-30,1.0
105,1624,2004-07-30,1.0
1624,105,2004-07-30,1.0
105,1255,2004-07-30,1.0
1255,105,2004-07-30,1.0
105,1039,2004-07-30,1.0
105,1168,2004-07-30,1.0
1168,105,2004-07-30,1.0
172,1748,2004-07-30,1.0
1644,1758,2004-07-30,1.0
32,9,2004-07-30,1.0
32,1281,2004-07-30,1.0
995,318,2004-07-30,1.0
1647,749,2004-07-30,1.0
1624,1052,2004-07-30,1.0
1403,1756,2004-07-30,1.0
525,1756,2004-07-30,1.0
474,1756,2004-07-30,1.0
1758,1644,2004-07-30,1.0
105,1118,2004-07-30,1.0
8,9,2004-07-30,1.0
1181,19,2004-07-30,1.0
1686,1026,2004-07-30,1.0
1026,1686,2004-07-30,1.0
1118,308,2004-07-30,1.0
19,1026,2004-07-30,1.0
1713,593,2004-07-30,1.0
621,593,2004-07-30,1.0
593,621,2004-07-30,1.0
19,1181,2004-07-30,1.0
105,19,2004-07-30,1.0
1748,172,2004-07-31,1.0
652,1728,2004-07-31,1.0
843,342,2004-07-31,1.0
1713,1775,2004-07-31,1.0
1238,1052,2004-07-31,1.0
431,727,2004-07-31,1.0
1775,1713,2004-07-31,1.0
431,1585,2004-07-31,1.0
19,1313,2004-07-31,1.0
431,483,2004-07-31,1.0
674,1338,2004-07-31,1.0
561,431,2004-07-31,1.0
431,1771,2004-07-31,1.0
1052,1624,2004-07-31,1.0
12,1312,2004-07-31,1.0
431,561,2004-07-31,1.0
431,1039,2004-07-31,1.0
1771,431,2004-07-31,1.0
1312,12,2004-07-31,1.0
27,398,2004-07-31,1.0
1127,1771,2004-07-31,1.0
1127,1203,2004-07-31,1.0
1395,1772,2004-07-31,1.0
407,372,2004-07-31,1.0
429,191,2004-07-31,1.0
344,42,2004-07-31,1.0
1052,1238,2004-07-31,1.0
105,557,2004-07-31,1.0
172,1748,2004-07-31,1.0
1775,67,2004-07-31,1.0
1775,852,2004-07-31,1.0
1338,1052,2004-07-31,1.0
1624,1285,2004-07-31,1.0
1190,1285,2004-07-31,1.0
1338,341,2004-07-31,1.0
1624,1052,2004-07-31,1.0
308,1118,2004-07-31,1.0
1748,1362,2004-07-31,1.0
1313,19,2004-07-31,1.0
1313,9,2004-07-31,1.0
1118,308,2004-07-31,1.0
1313,1624,2004-07-31,1.0
1624,1313,2004-07-31,1.0
516,1445,2004-07-31,1.0
1181,19,2004-07-31,1.0
342,843,2004-07-31,1.0
398,27,2004-07-31,1.0
1545,809,2004-07-31,1.0
557,105,2004-07-31,1.0
19,1181,2004-07-31,1.0
1771,1127,2004-07-31,1.0
32,9,2004-08-01,1.0
1349,1183,2004-08-01,1.0
431,561,2004-08-01,1.0
3,1585,2004-08-01,1.0
1585,3,2004-08-01,1.0
561,431,2004-08-01,1.0
302,557,2004-08-01,1.0
191,429,2004-08-01,1.0
36,1127,2004-08-01,1.0
1118,308,2004-08-01,1.0
1472,27,2004-08-01,1.0
1127,36,2004-08-01,1.0
105,639,2004-08-01,1.0
1312,12,2004-08-01,1.0
1285,1624,2004-08-01,1.0
768,1280,2004-08-01,1.0
431,969,2004-08-01,1.0
969,431,2004-08-01,1.0
431,1312,2004-08-01,1.0
271,277,2004-08-01,1.0
1624,1313,2004-08-01,1.0
1624,1052,2004-08-01,1.0
1716,1308,2004-08-01,1.0
398,27,2004-08-01,1.0
1285,1021,2004-08-01,1.0
768,593,2004-08-01,1.0
431,394,2004-08-01,1.0
557,302,2004-08-01,1.0
1362,193,2004-08-01,1.0
1362,1748,2004-08-01,1.0
308,1118,2004-08-01,1.0
652,862,2004-08-01,1.0
1343,12,2004-08-01,1.0
1772,1395,2004-08-01,1.0
1686,27,2004-08-01,1.0
1314,1346,2004-08-01,1.0
1758,1644,2004-08-01,1.0
1758,167,2004-08-01,1.0
105,852,2004-08-01,1.0
1771,1127,2004-08-01,1.0
9,1313,2004-08-01,1.0
431,495,2004-08-01,1.0
9,1338,2004-08-01,1.0
621,593,2004-08-01,1.0
1313,9,2004-08-01,1.0
9,32,2004-08-01,1.0
1686,475,2004-08-01,1.0
12,1312,2004-08-01,1.0
12,1343,2004-08-01,1.0
27,1009,2004-08-02,1.0
561,431,2004-08-02,1.0
27,271,2004-08-02,1.0
431,561,2004-08-02,1.0
1161,257,2004-08-02,1.0
1314,1346,2004-08-02,1.0
27,1472,2004-08-02,1.0
1312,431,2004-08-02,1.0
431,1312,2004-08-02,1.0
27,398,2004-08-02,1.0
271,27,2004-08-02,1.0
1644,12,2004-08-02,1.0
1675,67,2004-08-02,1.0
271,1644,2004-08-02,1.0
1346,1314,2004-08-02,1.0
809,198,2004-08-02,1.0
302,557,2004-08-02,1.0
377,32,2004-08-02,1.0
27,1686,2004-08-02,1.0
1716,1775,2004-08-02,1.0
42,1255,2004-08-02,1.0
198,809,2004-08-02,1.0
557,302,2004-08-02,1.0
51,1775,2004-08-02,1.0
431,1255,2004-08-02,1.0
1255,431,2004-08-02,1.0
768,1280,2004-08-02,1.0
95,44,2004-08-02,1.0
95,175,2004-08-02,1.0
95,561,2004-08-02,1.0
12,1343,2004-08-02,1.0
67,1775,2004-08-02,1.0
12,1312,2004-08-02,1.0
1775,67,2004-08-02,1.0
1775,1716,2004-08-02,1.0
431,1190,2004-08-02,1.0
1190,431,2004-08-02,1.0
9,1313,2004-08-02,1.0
12,1644,2004-08-02,1.0
1021,1285,2004-08-02,1.0
1009,27,2004-08-02,1.0
1052,1624,2004-08-02,1.0
32,938,2004-08-02,1.0
1285,1624,2004-08-02,1.0
1253,1773,2004-08-02,1.0
1280,768,2004-08-02,1.0
19,1181,2004-08-02,1.0
1624,1285,2004-08-02,1.0
32,67,2004-08-02,1.0
1773,1253,2004-08-02,1.0
1624,1052,2004-08-02,1.0
812,1253,2004-08-02,1.0
1313,9,2004-08-02,1.0
1181,19,2004-08-02,1.0
642,711,2004-08-02,1.0
19,447,2004-08-02,1.0
474,1758,2004-08-02,1.0
431,358,2004-08-02,1.0
711,642,2004-08-02,1.0
358,431,2004-08-02,1.0
1758,474,2004-08-02,1.0
1686,358,2004-08-02,1.0
358,1686,2004-08-02,1.0
1686,1624,2004-08-02,1.0
67,1304,2004-08-02,1.0
1533,594,2004-08-02,1.0
342,975,2004-08-03,1.0
1467,309,2004-08-03,1.0
1342,1332,2004-08-03,1.0
1282,1741,2004-08-03,1.0
856,1398,2004-08-03,1.0
1562,1517,2004-08-03,1.0
198,809,2004-08-03,1.0
1676,233,2004-08-03,1.0
1517,1562,2004-08-03,1.0
3,754,2004-08-03,1.0
431,483,2004-08-03,1.0
1127,1350,2004-08-03,1.0
1021,1285,2004-08-03,1.0
1190,1285,2004-08-03,1.0
1551,1636,2004-08-03,1.0
1675,32,2004-08-03,1.0
105,639,2004-08-03,1.0
3,1461,2004-08-03,1.0
1332,1342,2004-08-03,1.0
1313,1034,2004-08-03,1.0
234,1778,2004-08-03,1.0
483,431,2004-08-03,1.0
1332,1313,2004-08-03,1.0
3,234,2004-08-03,1.0
1002,273,2004-08-03,1.0
494,429,2004-08-03,1.0
494,105,2004-08-03,1.0
51,1775,2004-08-03,1.0
105,494,2004-08-03,1.0
19,1313,2004-08-03,1.0
639,105,2004-08-03,1.0
1332,1545,2004-08-03,1.0
1255,431,2004-08-03,1.0
1313,1332,2004-08-03,1.0
1647,749,2004-08-03,1.0
1474,598,2004-08-03,1.0
1474,1493,2004-08-03,1.0
32,1565,2004-08-03,1.0
32,1781,2004-08-03,1.0
32,377,2004-08-03,1.0
32,1675,2004-08-03,1.0
1313,19,2004-08-03,1.0
3,2,2004-08-03,1.0
3,928,2004-08-03,1.0
1565,296,2004-08-03,1.0
296,1565,2004-08-03,1.0
1624,1686,2004-08-03,1.0
1313,1312,2004-08-03,1.0
175,95,2004-08-03,1.0
1406,44,2004-08-03,1.0
44,1406,2004-08-03,1.0
193,233,2004-08-03,1.0
674,1724,2004-08-03,1.0
105,1312,2004-08-03,1.0
1285,1021,2004-08-03,1.0
1313,9,2004-08-03,1.0
1775,51,2004-08-03,1.0
1312,431,2004-08-03,1.0
1312,12,2004-08-03,1.0
233,193,2004-08-03,1.0
233,1676,2004-08-03,1.0
3,687,2004-08-03,1.0
95,868,2004-08-03,1.0
1343,12,2004-08-03,1.0
431,1312,2004-08-03,1.0
44,95,2004-08-03,1.0
766,1513,2004-08-03,1.0
1440,1782,2004-08-03,1.0
105,474,2004-08-03,1.0
474,105,2004-08-03,1.0
1280,768,2004-08-03,1.0
1034,1313,2004-08-03,1.0
1562,1565,2004-08-03,1.0
620,1487,2004-08-03,1.0
674,70,2004-08-03,1.0
516,1724,2004-08-03,1.0
1624,1781,2004-08-03,1.0
938,32,2004-08-04,1.0
1781,1332,2004-08-04,1.0
1332,1781,2004-08-04,1.0
1332,1436,2004-08-04,1.0
398,27,2004-08-04,1.0
431,1255,2004-08-04,1.0
674,1724,2004-08-04,1.0
1781,32,2004-08-04,1.0
32,1781,2004-08-04,1.0
1255,431,2004-08-04,1.0
1472,144,2004-08-04,1.0
1675,32,2004-08-04,1.0
431,483,2004-08-04,1.0
1440,494,2004-08-04,1.0
358,105,2004-08-04,1.0
105,308,2004-08-04,1.0
1183,1349,2004-08-04,1.0
105,639,2004-08-04,1.0
398,1738,2004-08-04,1.0
494,1440,2004-08-04,1.0
1758,144,2004-08-04,1.0
1332,1545,2004-08-04,1.0
393,193,2004-08-04,1.0
27,398,2004-08-04,1.0
1312,1313,2004-08-04,1.0
249,483,2004-08-04,1.0
483,431,2004-08-04,1.0
1713,617,2004-08-04,1.0
1545,1332,2004-08-04,1.0
1440,42,2004-08-04,1.0
72,42,2004-08-04,1.0
42,72,2004-08-04,1.0
42,1440,2004-08-04,1.0
1346,1314,2004-08-04,1.0
1756,483,2004-08-04,1.0
494,429,2004-08-04,1.0
868,95,2004-08-04,1.0
1783,260,2004-08-04,1.0
429,494,2004-08-04,1.0
494,105,2004-08-04,1.0
431,561,2004-08-04,1.0
1748,172,2004-08-04,1.0
1741,1282,2004-08-04,1.0
561,431,2004-08-04,1.0
1332,1313,2004-08-04,1.0
144,1758,2004-08-04,1.0
1312,12,2004-08-04,1.0
12,1312,2004-08-04,1.0
1493,1474,2004-08-04,1.0
260,430,2004-08-04,1.0
105,358,2004-08-04,1.0
105,494,2004-08-04,1.0
1731,9,2004-08-04,1.0
1783,52,2004-08-04,1.0
1332,1342,2004-08-04,1.0
144,1783,2004-08-04,1.0
1783,144,2004-08-04,1.0
1783,212,2004-08-04,1.0
1724,516,2004-08-04,1.0
617,1713,2004-08-04,1.0
561,1713,2004-08-04,1.0
144,142,2004-08-04,1.0
1724,674,2004-08-04,1.0
1313,1312,2004-08-04,1.0
1713,561,2004-08-04,1.0
561,95,2004-08-04,1.0
1313,1332,2004-08-04,1.0
144,1472,2004-08-04,1.0
1313,1434,2004-08-05,1.0
9,1313,2004-08-05,1.0
1517,1562,2004-08-05,1.0
1748,431,2004-08-05,1.0
1756,483,2004-08-05,1.0
1,312,2004-08-05,1.0
431,483,2004-08-05,1.0
9,1731,2004-08-05,1.0
431,429,2004-08-05,1.0
483,431,2004-08-05,1.0
249,483,2004-08-05,1.0
431,773,2004-08-05,1.0
431,353,2004-08-05,1.0
1052,1238,2004-08-05,1.0
353,1772,2004-08-05,1.0
42,72,2004-08-05,1.0
431,1748,2004-08-05,1.0
483,249,2004-08-05,1.0
431,727,2004-08-05,1.0
12,1312,2004-08-05,1.0
1373,710,2004-08-05,1.0
1783,1724,2004-08-05,1.0
3,1748,2004-08-05,1.0
8,32,2004-08-05,1.0
1332,1313,2004-08-05,1.0
652,27,2004-08-05,1.0
1434,1313,2004-08-05,1.0
319,1127,2004-08-05,1.0
32,1675,2004-08-05,1.0
1785,67,2004-08-05,1.0
32,938,2004-08-05,1.0
105,398,2004-08-05,1.0
105,308,2004-08-05,1.0
642,36,2004-08-05,1.0
312,1,2004-08-05,1.0
308,105,2004-08-05,1.0
483,1756,2004-08-05,1.0
398,27,2004-08-05,1.0
19,1313,2004-08-05,1.0
27,652,2004-08-05,1.0
132,1487,2004-08-05,1.0
1783,1346,2004-08-05,1.0
27,398,2004-08-05,1.0
308,1762,2004-08-05,1.0
36,642,2004-08-05,1.0
1313,1332,2004-08-05,1.0
1713,1585,2004-08-05,1.0
1585,1713,2004-08-05,1.0
105,358,2004-08-05,1.0
1748,1472,2004-08-05,1.0
1783,1585,2004-08-05,1.0
1748,830,2004-08-05,1.0
1472,1748,2004-08-05,1.0
1346,1783,2004-08-05,1.0
358,105,2004-08-05,1.0
3,1784,2004-08-05,1.0
1238,1052,2004-08-05,1.0
398,105,2004-08-05,1.0
105,1487,2004-08-05,1.0
1487,620,2004-08-05,1.0
105,1585,2004-08-05,1.0
1487,132,2004-08-05,1.0
398,1013,2004-08-05,1.0
172,1748,2004-08-05,1.0
1034,1313,2004-08-05,1.0
1013,398,2004-08-05,1.0
1313,19,2004-08-05,1.0
1487,105,2004-08-05,1.0
899,101,2004-08-06,1.0
1750,1338,2004-08-06,1.0
72,42,2004-08-06,1.0
639,105,2004-08-06,1.0
1280,768,2004-08-06,1.0
384,1748,2004-08-06,1.0
1312,12,2004-08-06,1.0
1647,494,2004-08-06,1.0
105,639,2004-08-06,1.0
27,652,2004-08-06,1.0
1786,1624,2004-08-06,1.0
27,271,2004-08-06,1.0
483,1756,2004-08-06,1.0
1312,1313,2004-08-06,1.0
1786,1344,2004-08-06,1.0
1786,1231,2004-08-06,1.0
398,27,2004-08-06,1.0
652,27,2004-08-06,1.0
810,175,2004-08-06,1.0
494,1647,2004-08-06,1.0
1762,308,2004-08-06,1.0
27,398,2004-08-06,1.0
557,302,2004-08-06,1.0
1756,483,2004-08-06,1.0
809,198,2004-08-06,1.0
1585,1783,2004-08-06,1.0
1772,353,2004-08-06,1.0
1285,32,2004-08-06,1.0
271,27,2004-08-06,1.0
1748,431,2004-08-06,1.0
1785,32,2004-08-06,1.0
1724,1783,2004-08-06,1.0
8,32,2004-08-06,1.0
32,8,2004-08-06,1.0
32,1285,2004-08-06,1.0
32,1785,2004-08-06,1.0
431,1748,2004-08-06,1.0
768,1280,2004-08-06,1.0
710,1373,2004-08-06,1.0
1042,67,2004-08-06,1.0
132,1487,2004-08-06,1.0
12,1312,2004-08-07,1.0
1758,144,2004-08-07,1.0
768,1280,2004-08-07,1.0
95,1246,2004-08-07,1.0
1772,1395,2004-08-07,1.0
1545,1332,2004-08-07,1.0
1545,1754,2004-08-07,1.0
809,198,2004-08-07,1.0
1332,1313,2004-08-07,1.0
1313,1312,2004-08-07,1.0
19,1645,2004-08-07,1.0
1313,1332,2004-08-07,1.0
1313,9,2004-08-07,1.0
474,1786,2004-08-07,1.0
144,1758,2004-08-07,1.0
19,1313,2004-08-07,1.0
1487,132,2004-08-07,1.0
1312,1313,2004-08-07,1.0
1312,12,2004-08-07,1.0
468,1585,2004-08-07,1.0
1395,1772,2004-08-07,1.0
1313,19,2004-08-07,1.0
70,674,2004-08-07,1.0
1748,384,2004-08-07,1.0
9,1313,2004-08-07,1.0
975,342,2004-08-07,1.0
144,1472,2004-08-07,1.0
144,12,2004-08-07,1.0
749,1647,2004-08-07,1.0
969,1756,2004-08-07,1.0
969,1416,2004-08-07,1.0
1756,969,2004-08-07,1.0
1,312,2004-08-07,1.0
1756,483,2004-08-07,1.0
997,1127,2004-08-08,1.0
1,312,2004-08-08,1.0
1,3,2004-08-08,1.0
810,175,2004-08-08,1.0
1169,547,2004-08-08,1.0
997,1425,2004-08-08,1.0
189,1749,2004-08-08,1.0
1231,1750,2004-08-08,1.0
652,105,2004-08-08,1.0
1127,997,2004-08-08,1.0
1127,319,2004-08-08,1.0
36,44,2004-08-08,1.0
431,429,2004-08-08,1.0
438,319,2004-08-08,1.0
1280,768,2004-08-08,1.0
233,1676,2004-08-08,1.0
1168,632,2004-08-08,1.0
595,1101,2004-08-08,1.0
12,1312,2004-08-08,1.0
429,431,2004-08-08,1.0
1312,12,2004-08-08,1.0
12,144,2004-08-08,1.0
271,27,2004-08-08,1.0
1783,1246,2004-08-08,1.0
585,495,2004-08-08,1.0
175,810,2004-08-08,1.0
1246,95,2004-08-08,1.0
1246,95,2004-08-09,1.0
1624,105,2004-08-09,1.0
105,1781,2004-08-09,1.0
105,1624,2004-08-09,1.0
652,27,2004-08-09,1.0
1349,1183,2004-08-09,1.0
105,652,2004-08-09,1.0
95,1246,2004-08-09,1.0
95,868,2004-08-09,1.0
1342,942,2004-08-09,1.0
95,561,2004-08-09,1.0
398,27,2004-08-09,1.0
1624,474,2004-08-09,1.0
342,975,2004-08-09,1.0
27,398,2004-08-09,1.0
652,105,2004-08-09,1.0
431,1395,2004-08-09,1.0
810,175,2004-08-09,1.0
95,44,2004-08-09,1.0
494,1647,2004-08-09,1.0
494,429,2004-08-09,1.0
942,1342,2004-08-09,1.0
27,652,2004-08-09,1.0
1127,1585,2004-08-09,1.0
95,175,2004-08-09,1.0
847,1675,2004-08-09,1.0
27,271,2004-08-09,1.0
1487,620,2004-08-09,1.0
1585,468,2004-08-09,1.0
67,1781,2004-08-09,1.0
249,503,2004-08-09,1.0
620,1487,2004-08-09,1.0
1731,9,2004-08-09,1.0
1215,194,2004-08-09,1.0
495,585,2004-08-09,1.0
1472,144,2004-08-09,1.0
443,32,2004-08-09,1.0
1344,1786,2004-08-09,1.0
175,810,2004-08-09,1.0
1786,1344,2004-08-09,1.0
1647,494,2004-08-09,1.0
1675,32,2004-08-09,1.0
9,1313,2004-08-09,1.0
9,1731,2004-08-09,1.0
1644,12,2004-08-09,1.0
1644,271,2004-08-09,1.0
431,429,2004-08-09,1.0
503,249,2004-08-09,1.0
429,431,2004-08-09,1.0
429,191,2004-08-09,1.0
429,494,2004-08-09,1.0
1786,474,2004-08-09,1.0
1644,140,2004-08-09,1.0
1543,70,2004-08-10,1.0
431,1395,2004-08-10,1.0
1395,431,2004-08-10,1.0
105,1771,2004-08-10,1.0
105,652,2004-08-10,1.0
105,1781,2004-08-10,1.0
1543,109,2004-08-10,1.0
474,1786,2004-08-10,1.0
1675,1,2004-08-10,1.0
1676,233,2004-08-10,1.0
1,1675,2004-08-10,1.0
1,3,2004-08-10,1.0
847,1675,2004-08-10,1.0
1675,847,2004-08-10,1.0
1312,12,2004-08-10,1.0
1786,474,2004-08-10,1.0
1543,1768,2004-08-10,1.0
398,27,2004-08-10,1.0
1059,713,2004-08-10,1.0
503,249,2004-08-10,1.0
1771,105,2004-08-10,1.0
319,1127,2004-08-10,1.0
319,438,2004-08-10,1.0
1585,1127,2004-08-10,1.0
1397,502,2004-08-10,1.0
27,652,2004-08-10,1.0
27,398,2004-08-10,1.0
652,105,2004-08-10,1.0
942,1342,2004-08-10,1.0
1342,942,2004-08-10,1.0
1101,595,2004-08-10,1.0
1,1790,2004-08-10,1.0
1781,105,2004-08-10,1.0
1781,67,2004-08-10,1.0
429,191,2004-08-10,1.0
719,1771,2004-08-10,1.0
398,1013,2004-08-10,1.0
97,871,2004-08-10,1.0
674,1789,2004-08-10,1.0
1758,144,2004-08-10,1.0
1771,719,2004-08-10,1.0
1771,1788,2004-08-10,1.0
1788,1771,2004-08-10,1.0
191,429,2004-08-10,1.0
291,1787,2004-08-10,1.0
249,503,2004-08-10,1.0
652,27,2004-08-10,1.0
1013,398,2004-08-10,1.0
1338,557,2004-08-10,1.0
557,1338,2004-08-10,1.0
561,95,2004-08-10,1.0
1562,898,2004-08-10,1.0
398,1397,2004-08-10,1.0
975,342,2004-08-10,1.0
12,1312,2004-08-10,1.0
1127,1724,2004-08-11,1.0
1724,1127,2004-08-11,1.0
1127,840,2004-08-11,1.0
1624,1168,2004-08-11,1.0
1059,713,2004-08-11,1.0
847,1675,2004-08-11,1.0
713,1059,2004-08-11,1.0
1724,105,2004-08-11,1.0
1724,1791,2004-08-11,1.0
1127,1603,2004-08-11,1.0
431,1724,2004-08-11,1.0
639,105,2004-08-11,1.0
105,1724,2004-08-11,1.0
1285,1771,2004-08-11,1.0
768,1280,2004-08-11,1.0
1436,1332,2004-08-11,1.0
652,27,2004-08-11,1.0
1285,1190,2004-08-11,1.0
1626,1,2004-08-11,1.0
1313,9,2004-08-11,1.0
810,175,2004-08-11,1.0
1724,431,2004-08-11,1.0
1724,1786,2004-08-11,1.0
1675,105,2004-08-11,1.0
1756,1130,2004-08-11,1.0
969,1756,2004-08-11,1.0
1756,969,2004-08-11,1.0
1771,1285,2004-08-11,1.0
105,97,2004-08-11,1.0
32,1791,2004-08-11,1.0
1786,1724,2004-08-11,1.0
1786,1255,2004-08-11,1.0
1255,1786,2004-08-11,1.0
1786,1603,2004-08-11,1.0
1786,1491,2004-08-11,1.0
1786,1344,2004-08-11,1.0
1786,1280,2004-08-11,1.0
1280,1786,2004-08-11,1.0
1686,27,2004-08-11,1.0
140,1644,2004-08-11,1.0
1,1675,2004-08-11,1.0
1756,1603,2004-08-11,1.0
1491,1786,2004-08-11,1.0
105,1675,2004-08-11,1.0
27,1686,2004-08-11,1.0
1644,140,2004-08-11,1.0
1168,1624,2004-08-11,1.0
1675,847,2004-08-11,1.0
1675,1,2004-08-11,1.0
175,810,2004-08-11,1.0
189,1749,2004-08-11,1.0
105,1724,2004-08-12,1.0
105,398,2004-08-12,1.0
105,1792,2004-08-12,1.0
105,1756,2004-08-12,1.0
1059,713,2004-08-12,1.0
474,1792,2004-08-12,1.0
1792,474,2004-08-12,1.0
1312,12,2004-08-12,1.0
1543,639,2004-08-12,1.0
1,3,2004-08-12,1.0
1786,1344,2004-08-12,1.0
1543,1215,2004-08-12,1.0
1793,1474,2004-08-12,1.0
1748,172,2004-08-12,1.0
199,1509,2004-08-12,1.0
27,398,2004-08-12,1.0
27,652,2004-08-12,1.0
1792,1168,2004-08-12,1.0
398,105,2004-08-12,1.0
249,503,2004-08-12,1.0
1771,1285,2004-08-12,1.0
398,697,2004-08-12,1.0
398,27,2004-08-12,1.0
1285,1792,2004-08-12,1.0
211,93,2004-08-12,1.0
211,1,2004-08-12,1.0
303,1724,2004-08-12,1.0
1756,105,2004-08-12,1.0
749,1788,2004-08-12,1.0
1346,1314,2004-08-12,1.0
1127,1794,2004-08-12,1.0
312,132,2004-08-12,1.0
1792,1373,2004-08-12,1.0
1792,72,2004-08-12,1.0
1436,494,2004-08-12,1.0
1792,1583,2004-08-12,1.0
1792,278,2004-08-12,1.0
1792,1310,2004-08-12,1.0
1792,1399,2004-08-12,1.0
1792,520,2004-08-12,1.0
172,1748,2004-08-12,1.0
1168,1792,2004-08-12,1.0
1792,1285,2004-08-12,1.0
1509,193,2004-08-12,1.0
1509,199,2004-08-12,1.0
1724,105,2004-08-12,1.0
1724,431,2004-08-12,1.0
494,1436,2004-08-12,1.0
105,639,2004-08-12,1.0
1346,1433,2004-08-12,1.0
431,1724,2004-08-12,1.0
1280,768,2004-08-12,1.0
1344,1786,2004-08-12,1.0
1031,831,2004-08-12,1.0
1031,707,2004-08-12,1.0
1031,1739,2004-08-12,1.0
12,1343,2004-08-12,1.0
12,9,2004-08-12,1.0
12,997,2004-08-12,1.0
12,1312,2004-08-12,1.0
175,810,2004-08-12,1.0
1285,1771,2004-08-12,1.0
9,1313,2004-08-12,1.0
1,1626,2004-08-12,1.0
1314,1346,2004-08-12,1.0
72,1792,2004-08-12,1.0
1543,874,2004-08-13,1.0
105,1756,2004-08-13,1.0
1543,657,2004-08-13,1.0
105,398,2004-08-13,1.0
105,1724,2004-08-13,1.0
105,652,2004-08-13,1.0
1543,840,2004-08-13,1.0
1543,600,2004-08-13,1.0
1543,561,2004-08-13,1.0
1543,893,2004-08-13,1.0
1543,595,2004-08-13,1.0
1543,375,2004-08-13,1.0
1543,1376,2004-08-13,1.0
1543,1029,2004-08-13,1.0
1543,1214,2004-08-13,1.0
1543,588,2004-08-13,1.0
1543,256,2004-08-13,1.0
1543,335,2004-08-13,1.0
132,1491,2004-08-13,1.0
1786,1308,2004-08-13,1.0
1543,1255,2004-08-13,1.0
1543,190,2004-08-13,1.0
1543,302,2004-08-13,1.0
105,1543,2004-08-13,1.0
1543,318,2004-08-13,1.0
132,312,2004-08-13,1.0
1346,1756,2004-08-13,1.0
1,3,2004-08-13,1.0
3,1793,2004-08-13,1.0
312,1,2004-08-13,1.0
312,132,2004-08-13,1.0
1543,943,2004-08-13,1.0
1543,553,2004-08-13,1.0
1543,1675,2004-08-13,1.0
1543,443,2004-08-13,1.0
1543,1385,2004-08-13,1.0
1543,523,2004-08-13,1.0
1756,1346,2004-08-13,1.0
1543,852,2004-08-13,1.0
1543,1046,2004-08-13,1.0
1543,105,2004-08-13,1.0
1543,697,2004-08-13,1.0
1543,1260,2004-08-13,1.0
105,713,2004-08-13,1.0
1,312,2004-08-13,1.0
652,105,2004-08-13,1.0
1543,483,2004-08-13,1.0
1792,341,2004-08-13,1.0
1792,1042,2004-08-13,1.0
1786,1344,2004-08-13,1.0
1297,1771,2004-08-13,1.0
1724,431,2004-08-13,1.0
1724,105,2004-08-13,1.0
1724,303,2004-08-13,1.0
856,50,2004-08-13,1.0
286,1756,2004-08-13,1.0
140,1644,2004-08-13,1.0
1021,1449,2004-08-13,1.0
1792,620,2004-08-13,1.0
1792,1285,2004-08-13,1.0
1031,651,2004-08-13,1.0
1031,831,2004-08-13,1.0
831,1031,2004-08-13,1.0
1343,12,2004-08-13,1.0
652,27,2004-08-13,1.0
1,211,2004-08-13,1.0
93,211,2004-08-13,1.0
1771,1297,2004-08-13,1.0
27,398,2004-08-13,1.0
1756,1644,2004-08-13,1.0
1756,286,2004-08-13,1.0
1,1626,2004-08-13,1.0
1792,221,2004-08-13,1.0
1626,1,2004-08-13,1.0
431,1724,2004-08-13,1.0
72,1792,2004-08-13,1.0
342,588,2004-08-14,1.0
105,1543,2004-08-14,1.0
312,132,2004-08-14,1.0
105,398,2004-08-14,1.0
1724,105,2004-08-14,1.0
318,1285,2004-08-14,1.0
1285,318,2004-08-14,1.0
398,105,2004-08-14,1.0
1724,431,2004-08-14,1.0
431,1724,2004-08-14,1.0
620,1792,2004-08-14,1.0
193,101,2004-08-14,1.0
318,1543,2004-08-14,1.0
101,193,2004-08-14,1.0
697,1543,2004-08-14,1.0
1310,1792,2004-08-14,1.0
768,1280,2004-08-14,1.0
1434,1344,2004-08-14,1.0
483,1543,2004-08-14,1.0
249,1489,2004-08-14,1.0
398,27,2004-08-14,1.0
286,1756,2004-08-14,1.0
494,1436,2004-08-14,1.0
583,821,2004-08-14,1.0
1756,286,2004-08-14,1.0
1647,714,2004-08-14,1.0
1756,1436,2004-08-14,1.0
1491,132,2004-08-14,1.0
1285,1792,2004-08-14,1.0
1255,1543,2004-08-14,1.0
1786,1255,2004-08-15,1.0
105,398,2004-08-15,1.0
809,912,2004-08-15,1.0
847,818,2004-08-15,1.0
398,105,2004-08-15,1.0
144,1472,2004-08-15,1.0
144,1758,2004-08-15,1.0
3,1795,2004-08-15,1.0
105,1724,2004-08-15,1.0
1472,144,2004-08-15,1.0
818,1542,2004-08-15,1.0
818,32,2004-08-15,1.0
818,847,2004-08-15,1.0
547,1169,2004-08-15,1.0
898,1562,2004-08-15,1.0
1750,1231,2004-08-15,1.0
105,1756,2004-08-15,1.0
443,1543,2004-08-15,1.0
1542,818,2004-08-15,1.0
852,1543,2004-08-15,1.0
1436,494,2004-08-15,1.0
398,1136,2004-08-15,1.0
1436,1756,2004-08-15,1.0
1756,1436,2004-08-15,1.0
1756,105,2004-08-15,1.0
32,818,2004-08-15,1.0
1485,1756,2004-08-15,1.0
1562,898,2004-08-15,1.0
874,1543,2004-08-15,1.0
1543,1395,2004-08-16,1.0
1543,1553,2004-08-16,1.0
1342,1081,2004-08-16,1.0
1543,1282,2004-08-16,1.0
1543,697,2004-08-16,1.0
1543,39,2004-08-16,1.0
1543,974,2004-08-16,1.0
1543,735,2004-08-16,1.0
1698,605,2004-08-16,1.0
1543,561,2004-08-16,1.0
1543,952,2004-08-16,1.0
1543,852,2004-08-16,1.0
67,1781,2004-08-16,1.0
27,652,2004-08-16,1.0
1543,318,2004-08-16,1.0
105,398,2004-08-16,1.0
1543,483,2004-08-16,1.0
1246,1750,2004-08-16,1.0
398,105,2004-08-16,1.0
283,277,2004-08-16,1.0
997,12,2004-08-16,1.0
997,1127,2004-08-16,1.0
1436,494,2004-08-16,1.0
1543,443,2004-08-16,1.0
1543,1565,2004-08-16,1.0
1741,1029,2004-08-16,1.0
1543,798,2004-08-16,1.0
1792,620,2004-08-16,1.0
1792,1310,2004-08-16,1.0
1344,1786,2004-08-16,1.0
1344,1434,2004-08-16,1.0
1792,1285,2004-08-16,1.0
342,561,2004-08-16,1.0
494,1436,2004-08-16,1.0
1799,1750,2004-08-16,1.0
1543,1788,2004-08-16,1.0
969,1416,2004-08-16,1.0
1799,8,2004-08-16,1.0
1750,1799,2004-08-16,1.0
1059,713,2004-08-16,1.0
1741,626,2004-08-16,1.0
1741,59,2004-08-16,1.0
1741,975,2004-08-16,1.0
1741,391,2004-08-16,1.0
105,713,2004-08-16,1.0
1741,277,2004-08-16,1.0
1741,840,2004-08-16,1.0
1543,617,2004-08-16,1.0
1741,784,2004-08-16,1.0
1543,835,2004-08-16,1.0
1741,523,2004-08-16,1.0
67,1675,2004-08-16,1.0
697,1543,2004-08-16,1.0
561,727,2004-08-16,1.0
1472,144,2004-08-16,1.0
1183,1349,2004-08-16,1.0
1168,1750,2004-08-16,1.0
144,42,2004-08-16,1.0
144,1472,2004-08-16,1.0
1542,818,2004-08-16,1.0
1750,1168,2004-08-16,1.0
105,1724,2004-08-16,1.0
105,1349,2004-08-16,1.0
1724,431,2004-08-16,1.0
1562,898,2004-08-16,1.0
32,818,2004-08-16,1.0
431,1724,2004-08-16,1.0
1416,969,2004-08-16,1.0
1280,768,2004-08-16,1.0
1750,1246,2004-08-16,1.0
1750,1338,2004-08-16,1.0
1167,713,2004-08-16,1.0
504,1740,2004-08-16,1.0
1127,818,2004-08-16,1.0
652,1565,2004-08-16,1.0
95,1796,2004-08-16,1.0
1724,105,2004-08-16,1.0
1786,1585,2004-08-16,1.0
95,561,2004-08-16,1.0
561,342,2004-08-16,1.0
561,95,2004-08-16,1.0
561,1543,2004-08-16,1.0
884,713,2004-08-16,1.0
1750,393,2004-08-16,1.0
713,1059,2004-08-16,1.0
713,1756,2004-08-16,1.0
713,1167,2004-08-16,1.0
713,105,2004-08-16,1.0
561,1310,2004-08-16,1.0
341,1792,2004-08-16,1.0
1,3,2004-08-16,1.0
1796,95,2004-08-16,1.0
105,140,2004-08-16,1.0
1786,1344,2004-08-16,1.0
302,1543,2004-08-16,1.0
67,1796,2004-08-16,1.0
1,44,2004-08-16,1.0
1,36,2004-08-16,1.0
1797,1798,2004-08-16,1.0
1756,713,2004-08-17,1.0
1756,105,2004-08-17,1.0
1756,969,2004-08-17,1.0
1127,818,2004-08-17,1.0
1543,1675,2004-08-17,1.0
1796,95,2004-08-17,1.0
1796,1127,2004-08-17,1.0
1543,318,2004-08-17,1.0
27,105,2004-08-17,1.0
1675,1543,2004-08-17,1.0
1127,1796,2004-08-17,1.0
1756,1436,2004-08-17,1.0
1675,105,2004-08-17,1.0
1675,32,2004-08-17,1.0
1,312,2004-08-17,1.0
1675,847,2004-08-17,1.0
483,1543,2004-08-17,1.0
105,353,2004-08-17,1.0
105,995,2004-08-17,1.0
105,72,2004-08-17,1.0
105,27,2004-08-17,1.0
755,697,2004-08-17,1.0
821,583,2004-08-17,1.0
1543,483,2004-08-17,1.0
847,818,2004-08-17,1.0
1756,1485,2004-08-17,1.0
561,727,2004-08-17,1.0
713,1167,2004-08-17,1.0
561,342,2004-08-17,1.0
221,1792,2004-08-17,1.0
1059,713,2004-08-17,1.0
995,105,2004-08-17,1.0
286,1756,2004-08-17,1.0
27,620,2004-08-17,1.0
318,1543,2004-08-17,1.0
1626,312,2004-08-17,1.0
1167,713,2004-08-17,1.0
105,1675,2004-08-17,1.0
105,1756,2004-08-17,1.0
713,1059,2004-08-17,1.0
415,997,2004-08-17,1.0
727,561,2004-08-17,1.0
1750,561,2004-08-17,1.0
847,1675,2004-08-17,1.0
1434,1344,2004-08-17,1.0
1169,547,2004-08-17,1.0
312,1,2004-08-17,1.0
431,1724,2004-08-17,1.0
342,561,2004-08-17,1.0
561,1750,2004-08-17,1.0
561,1543,2004-08-17,1.0
1750,1796,2004-08-17,1.0
713,1756,2004-08-17,1.0
8,1799,2004-08-17,1.0
1675,67,2004-08-17,1.0
140,557,2004-08-17,1.0
818,847,2004-08-17,1.0
818,32,2004-08-17,1.0
818,1542,2004-08-17,1.0
818,1127,2004-08-17,1.0
557,140,2004-08-17,1.0
1724,431,2004-08-17,1.0
1724,105,2004-08-17,1.0
969,1756,2004-08-17,1.0
652,27,2004-08-17,1.0
105,1724,2004-08-17,1.0
1416,969,2004-08-17,1.0
95,1789,2004-08-17,1.0
95,1788,2004-08-17,1.0
44,1800,2004-08-17,1.0
1792,341,2004-08-17,1.0
768,1280,2004-08-17,1.0
1436,494,2004-08-17,1.0
1281,140,2004-08-17,1.0
140,1281,2004-08-17,1.0
1786,1546,2004-08-17,1.0
1231,1750,2004-08-17,1.0
67,1796,2004-08-17,1.0
67,657,2004-08-17,1.0
657,67,2004-08-17,1.0
1796,67,2004-08-17,1.0
1543,1255,2004-08-17,1.0
1280,768,2004-08-17,1.0
144,1472,2004-08-17,1.0
140,1781,2004-08-17,1.0
1543,561,2004-08-17,1.0
341,1792,2004-08-17,1.0
821,483,2004-08-18,1.0
1675,847,2004-08-18,1.0
847,843,2004-08-18,1.0
843,847,2004-08-18,1.0
483,821,2004-08-18,1.0
483,1756,2004-08-18,1.0
1,3,2004-08-18,1.0
847,152,2004-08-18,1.0
32,1675,2004-08-18,1.0
1,652,2004-08-18,1.0
361,1749,2004-08-18,1.0
1255,1756,2004-08-18,1.0
1542,818,2004-08-18,1.0
1756,483,2004-08-18,1.0
1756,1255,2004-08-18,1.0
557,561,2004-08-18,1.0
557,302,2004-08-18,1.0
27,620,2004-08-18,1.0
1750,561,2004-08-18,1.0
620,27,2004-08-18,1.0
431,561,2004-08-18,1.0
1543,1796,2004-08-18,1.0
1543,318,2004-08-18,1.0
652,1,2004-08-18,1.0
847,1434,2004-08-18,1.0
520,1792,2004-08-18,1.0
1756,503,2004-08-18,1.0
713,1059,2004-08-18,1.0
503,1316,2004-08-18,1.0
1724,105,2004-08-18,1.0
105,1308,2004-08-18,1.0
1127,818,2004-08-18,1.0
312,1626,2004-08-18,1.0
1059,713,2004-08-18,1.0
12,997,2004-08-18,1.0
105,1724,2004-08-18,1.0
95,561,2004-08-18,1.0
95,175,2004-08-18,1.0
1543,561,2004-08-18,1.0
342,561,2004-08-18,1.0
1543,1675,2004-08-18,1.0
1052,1796,2004-08-18,1.0
830,1748,2004-08-18,1.0
727,561,2004-08-18,1.0
1285,1792,2004-08-18,1.0
818,1127,2004-08-18,1.0
1713,561,2004-08-18,1.0
561,557,2004-08-18,1.0
561,1713,2004-08-18,1.0
175,95,2004-08-18,1.0
561,431,2004-08-18,1.0
561,1750,2004-08-18,1.0
561,342,2004-08-18,1.0
1724,431,2004-08-18,1.0
1756,286,2004-08-18,1.0
1783,393,2004-08-18,1.0
1756,713,2004-08-18,1.0
1792,221,2004-08-18,1.0
1792,341,2004-08-18,1.0
105,1783,2004-08-18,1.0
1781,140,2004-08-18,1.0
1190,1285,2004-08-18,1.0
561,727,2004-08-18,1.0
1792,1285,2004-08-18,1.0
1190,1111,2004-08-18,1.0
749,1724,2004-08-18,1.0
1434,847,2004-08-18,1.0
342,843,2004-08-18,1.0
1724,749,2004-08-18,1.0
431,1796,2004-08-18,1.0
843,342,2004-08-18,1.0
342,1585,2004-08-18,1.0
847,1255,2004-08-18,1.0
1796,221,2004-08-18,1.0
1255,847,2004-08-18,1.0
847,1434,2004-08-19,1.0
1675,1543,2004-08-19,1.0
847,843,2004-08-19,1.0
1786,1517,2004-08-19,1.0
1626,312,2004-08-19,1.0
847,1675,2004-08-19,1.0
1675,847,2004-08-19,1.0
1,3,2004-08-19,1.0
1796,67,2004-08-19,1.0
1675,32,2004-08-19,1.0
1343,1517,2004-08-19,1.0
1771,1340,2004-08-19,1.0
431,1796,2004-08-19,1.0
1246,1542,2004-08-19,1.0
1796,1052,2004-08-19,1.0
1796,431,2004-08-19,1.0
1517,1786,2004-08-19,1.0
431,561,2004-08-19,1.0
105,1724,2004-08-19,1.0
1542,1246,2004-08-19,1.0
1783,1246,2004-08-19,1.0
1332,1624,2004-08-19,1.0
1343,1543,2004-08-19,1.0
1762,1281,2004-08-19,1.0
1308,105,2004-08-19,1.0
1675,105,2004-08-19,1.0
1312,1543,2004-08-19,1.0
1543,1316,2004-08-19,1.0
1308,1716,2004-08-19,1.0
1624,1543,2004-08-19,1.0
1624,1332,2004-08-19,1.0
312,1626,2004-08-19,1.0
1543,1312,2004-08-19,1.0
847,8,2004-08-19,1.0
1543,1675,2004-08-19,1.0
105,1675,2004-08-19,1.0
1804,1543,2004-08-19,1.0
1543,1804,2004-08-19,1.0
1316,503,2004-08-19,1.0
1246,95,2004-08-19,1.0
95,1246,2004-08-19,1.0
95,1796,2004-08-19,1.0
1543,561,2004-08-19,1.0
1543,1624,2004-08-19,1.0
1730,1783,2004-08-19,1.0
1756,1485,2004-08-19,1.0
415,1343,2004-08-19,1.0
1255,1756,2004-08-19,1.0
1434,847,2004-08-19,1.0
342,561,2004-08-19,1.0
843,847,2004-08-19,1.0
561,557,2004-08-19,1.0
561,95,2004-08-19,1.0
557,561,2004-08-19,1.0
561,1543,2004-08-19,1.0
561,342,2004-08-19,1.0
1801,1800,2004-08-19,1.0
561,1750,2004-08-19,1.0
1801,1802,2004-08-19,1.0
1624,1716,2004-08-19,1.0
1716,1624,2004-08-19,1.0
561,431,2004-08-19,1.0
1543,1582,2004-08-19,1.0
1543,1343,2004-08-19,1.0
167,1758,2004-08-19,1.0
1285,1190,2004-08-19,1.0
561,727,2004-08-19,1.0
19,1803,2004-08-19,1.0
1485,1756,2004-08-19,1.0
1750,1542,2004-08-19,1.0
1542,1750,2004-08-19,1.0
1542,44,2004-08-19,1.0
1246,19,2004-08-19,1.0
19,1246,2004-08-19,1.0
1543,1624,2004-08-20,1.0
1756,1255,2004-08-20,1.0
1081,1342,2004-08-20,1.0
1626,312,2004-08-20,1.0
1,3,2004-08-20,1.0
1,312,2004-08-20,1.0
1308,105,2004-08-20,1.0
341,1338,2004-08-20,1.0
1543,561,2004-08-20,1.0
145,810,2004-08-20,1.0
847,1434,2004-08-20,1.0
1332,1585,2004-08-20,1.0
557,561,2004-08-20,1.0
1624,1332,2004-08-20,1.0
1332,1624,2004-08-20,1.0
634,1796,2004-08-20,1.0
1796,95,2004-08-20,1.0
131,125,2004-08-20,1.0
1543,1312,2004-08-20,1.0
193,1565,2004-08-20,1.0
27,1686,2004-08-20,1.0
1804,1543,2004-08-20,1.0
1246,1332,2004-08-20,1.0
193,1805,2004-08-20,1.0
312,1626,2004-08-20,1.0
1603,1127,2004-08-20,1.0
95,1796,2004-08-20,1.0
1111,1190,2004-08-20,1.0
95,561,2004-08-20,1.0
95,1246,2004-08-20,1.0
1280,1786,2004-08-20,1.0
749,1724,2004-08-20,1.0
1312,1543,2004-08-20,1.0
456,143,2004-08-20,1.0
681,1789,2004-08-20,1.0
681,1792,2004-08-20,1.0
561,1543,2004-08-20,1.0
1332,1246,2004-08-20,1.0
1624,1543,2004-08-20,1.0
1246,1542,2004-08-20,1.0
727,561,2004-08-20,1.0
1796,634,2004-08-20,1.0
1786,1280,2004-08-20,1.0
95,1789,2004-08-20,1.0
561,557,2004-08-20,1.0
1246,1713,2004-08-20,1.0
843,847,2004-08-20,1.0
1783,1730,2004-08-20,1.0
125,131,2004-08-20,1.0
1713,1246,2004-08-20,1.0
125,1796,2004-08-20,1.0
105,1308,2004-08-20,1.0
483,821,2004-08-20,1.0
27,1285,2004-08-20,1.0
821,483,2004-08-20,1.0
1434,847,2004-08-20,1.0
1542,1246,2004-08-20,1.0
1789,95,2004-08-20,1.0
561,431,2004-08-20,1.0
1796,1750,2004-08-20,1.0
1756,212,2004-08-20,1.0
431,561,2004-08-20,1.0
415,1343,2004-08-20,1.0
1756,144,2004-08-20,1.0
144,1756,2004-08-20,1.0
1542,44,2004-08-20,1.0
1796,1686,2004-08-20,1.0
1686,1796,2004-08-20,1.0
1713,868,2004-08-20,1.0
1343,415,2004-08-20,1.0
1686,27,2004-08-20,1.0
44,1542,2004-08-20,1.0
1796,1343,2004-08-20,1.0
1756,503,2004-08-21,1.0
1285,27,2004-08-21,1.0
95,1246,2004-08-21,1.0
1127,1603,2004-08-21,1.0
1246,95,2004-08-21,1.0
224,770,2004-08-21,1.0
224,621,2004-08-21,1.0
1565,193,2004-08-21,1.0
95,868,2004-08-21,1.0
868,95,2004-08-21,1.0
1332,1246,2004-08-21,1.0
1509,847,2004-08-21,1.0
1246,1332,2004-08-21,1.0
67,1796,2004-08-21,1.0
1542,583,2004-08-21,1.0
1052,1796,2004-08-21,1.0
1543,1312,2004-08-21,1.0
1543,561,2004-08-21,1.0
36,1,2004-08-21,1.0
105,1308,2004-08-21,1.0
1624,1543,2004-08-21,1.0
1543,1624,2004-08-21,1.0
1796,1052,2004-08-21,1.0
1332,713,2004-08-21,1.0
621,224,2004-08-21,1.0
1750,538,2004-08-21,1.0
503,1316,2004-08-21,1.0
494,1436,2004-08-21,1.0
1724,749,2004-08-21,1.0
1312,1543,2004-08-21,1.0
224,1796,2004-08-21,1.0
503,1756,2004-08-21,1.0
1542,1246,2004-08-22,1.0
503,1756,2004-08-22,1.0
125,1796,2004-08-22,1.0
1716,1796,2004-08-22,1.0
415,997,2004-08-22,1.0
1285,393,2004-08-22,1.0
1517,1343,2004-08-22,1.0
12,1312,2004-08-22,1.0
1796,125,2004-08-22,1.0
175,95,2004-08-22,1.0
1517,1786,2004-08-22,1.0
621,224,2004-08-22,1.0
415,1343,2004-08-22,1.0
12,1343,2004-08-22,1.0
561,1543,2004-08-22,1.0
1624,1756,2004-08-22,1.0
561,95,2004-08-22,1.0
393,1285,2004-08-22,1.0
1756,1624,2004-08-22,1.0
1756,503,2004-08-22,1.0
1624,95,2004-08-22,1.0
561,727,2004-08-22,1.0
1343,1517,2004-08-22,1.0
1343,415,2004-08-22,1.0
1343,12,2004-08-22,1.0
810,175,2004-08-22,1.0
810,145,2004-08-22,1.0
95,1624,2004-08-22,1.0
1246,1542,2004-08-22,1.0
12,143,2004-08-22,1.0
95,868,2004-08-22,1.0
868,95,2004-08-22,1.0
1332,1246,2004-08-22,1.0
538,615,2004-08-22,1.0
1246,1332,2004-08-22,1.0
615,538,2004-08-22,1.0
1042,1792,2004-08-22,1.0
1624,1042,2004-08-22,1.0
1624,398,2004-08-22,1.0
749,1724,2004-08-22,1.0
398,1624,2004-08-22,1.0
105,1789,2004-08-22,1.0
1343,1796,2004-08-22,1.0
1312,12,2004-08-22,1.0
193,1565,2004-08-22,1.0
1796,224,2004-08-22,1.0
1724,749,2004-08-22,1.0
1783,1624,2004-08-22,1.0
1624,1783,2004-08-22,1.0
95,1624,2004-08-23,1.0
19,1624,2004-08-23,1.0
19,1806,2004-08-23,1.0
1624,19,2004-08-23,1.0
19,1645,2004-08-23,1.0
19,443,2004-08-23,1.0
19,434,2004-08-23,1.0
615,105,2004-08-23,1.0
105,615,2004-08-23,1.0
1749,361,2004-08-23,1.0
19,1046,2004-08-23,1.0
1543,1312,2004-08-23,1.0
393,1285,2004-08-23,1.0
1312,1543,2004-08-23,1.0
95,1796,2004-08-23,1.0
19,1749,2004-08-23,1.0
175,105,2004-08-23,1.0
1253,492,2004-08-23,1.0
105,175,2004-08-23,1.0
105,1730,2004-08-23,1.0
415,1343,2004-08-23,1.0
415,1781,2004-08-23,1.0
1688,277,2004-08-23,1.0
967,308,2004-08-23,1.0
1783,523,2004-08-23,1.0
1546,1786,2004-08-23,1.0
1756,503,2004-08-23,1.0
105,32,2004-08-23,1.0
105,639,2004-08-23,1.0
1807,3,2004-08-23,1.0
32,105,2004-08-23,1.0
1624,95,2004-08-23,1.0
32,1807,2004-08-23,1.0
1624,697,2004-08-23,1.0
1807,32,2004-08-23,1.0
1624,105,2004-08-23,1.0
1543,639,2004-08-23,1.0
1543,1808,2004-08-23,1.0
503,1756,2004-08-23,1.0
561,1543,2004-08-23,1.0
105,1624,2004-08-23,1.0
32,1675,2004-08-23,1.0
1474,1375,2004-08-23,1.0
1474,1793,2004-08-23,1.0
1474,1493,2004-08-23,1.0
1546,1554,2004-08-23,1.0
1280,1585,2004-08-23,1.0
1675,32,2004-08-23,1.0
1675,1543,2004-08-23,1.0
27,1285,2004-08-23,1.0
1543,1675,2004-08-23,1.0
523,585,2004-08-23,1.0
1332,1585,2004-08-23,1.0
713,1059,2004-08-23,1.0
639,105,2004-08-23,1.0
1791,574,2004-08-23,1.0
1059,713,2004-08-23,1.0
1436,518,2004-08-23,1.0
713,696,2004-08-23,1.0
1796,95,2004-08-23,1.0
1796,1716,2004-08-23,1.0
32,1789,2004-08-23,1.0
32,125,2004-08-23,1.0
1783,1781,2004-08-23,1.0
1781,1783,2004-08-23,1.0
105,1781,2004-08-23,1.0
175,810,2004-08-23,1.0
19,1246,2004-08-23,1.0
1373,1792,2004-08-23,1.0
105,1373,2004-08-23,1.0
1343,415,2004-08-23,1.0
105,783,2004-08-23,1.0
1312,12,2004-08-23,1.0
1781,105,2004-08-23,1.0
1543,561,2004-08-23,1.0
95,1246,2004-08-23,1.0
105,44,2004-08-23,1.0
1585,105,2004-08-23,1.0
105,1585,2004-08-23,1.0
1398,856,2004-08-23,1.0
32,1255,2004-08-23,1.0
1585,1332,2004-08-23,1.0
1585,1280,2004-08-23,1.0
105,180,2004-08-24,1.0
105,697,2004-08-24,1.0
1624,19,2004-08-24,1.0
967,308,2004-08-24,1.0
180,105,2004-08-24,1.0
503,1756,2004-08-24,1.0
105,1168,2004-08-24,1.0
19,1624,2004-08-24,1.0
831,1686,2004-08-24,1.0
308,967,2004-08-24,1.0
105,32,2004-08-24,1.0
32,105,2004-08-24,1.0
32,1809,2004-08-24,1.0
32,1749,2004-08-24,1.0
32,1807,2004-08-24,1.0
393,1285,2004-08-24,1.0
1756,503,2004-08-24,1.0
1543,561,2004-08-24,1.0
302,557,2004-08-24,1.0
27,1686,2004-08-24,1.0
586,396,2004-08-24,1.0
1686,783,2004-08-24,1.0
503,1562,2004-08-24,1.0
1373,105,2004-08-24,1.0
1624,1810,2004-08-24,1.0
1686,27,2004-08-24,1.0
1686,697,2004-08-24,1.0
1624,105,2004-08-24,1.0
105,1624,2004-08-24,1.0
727,561,2004-08-24,1.0
27,1285,2004-08-24,1.0
810,175,2004-08-24,1.0
1562,503,2004-08-24,1.0
400,710,2004-08-24,1.0
1543,1618,2004-08-24,1.0
1,36,2004-08-24,1.0
3,1807,2004-08-24,1.0
713,1059,2004-08-24,1.0
105,1027,2004-08-24,1.0
1398,856,2004-08-24,1.0
415,1343,2004-08-24,1.0
1343,415,2004-08-24,1.0
1285,27,2004-08-24,1.0
1285,393,2004-08-24,1.0
770,595,2004-08-24,1.0
105,595,2004-08-24,1.0
770,311,2004-08-24,1.0
105,367,2004-08-24,1.0
1713,503,2004-08-24,1.0
1686,831,2004-08-24,1.0
503,1713,2004-08-24,1.0
770,1021,2004-08-24,1.0
1436,144,2004-08-24,1.0
1686,1132,2004-08-24,1.0
1332,1545,2004-08-24,1.0
1545,1332,2004-08-24,1.0
105,1771,2004-08-24,1.0
1487,1626,2004-08-24,1.0
105,1132,2004-08-24,1.0
1132,105,2004-08-24,1.0
856,1398,2004-08-24,1.0
144,1436,2004-08-24,1.0
180,67,2004-08-25,1.0
67,180,2004-08-25,1.0
3,1713,2004-08-25,1.0
3,180,2004-08-25,1.0
180,3,2004-08-25,1.0
42,1280,2004-08-25,1.0
1793,1474,2004-08-25,1.0
1713,3,2004-08-25,1.0
105,1132,2004-08-25,1.0
95,1624,2004-08-25,1.0
1756,503,2004-08-25,1.0
1562,503,2004-08-25,1.0
67,697,2004-08-25,1.0
503,1756,2004-08-25,1.0
1543,1312,2004-08-25,1.0
1811,525,2004-08-25,1.0
1312,12,2004-08-25,1.0
95,1322,2004-08-25,1.0
95,1190,2004-08-25,1.0
95,561,2004-08-25,1.0
95,175,2004-08-25,1.0
12,1343,2004-08-25,1.0
12,1312,2004-08-25,1.0
63,494,2004-08-25,1.0
713,1059,2004-08-25,1.0
1585,1582,2004-08-25,1.0
9,1190,2004-08-25,1.0
1397,502,2004-08-25,1.0
710,400,2004-08-25,1.0
1132,1686,2004-08-25,1.0
260,1783,2004-08-25,1.0
342,1603,2004-08-25,1.0
431,983,2004-08-25,1.0
1603,1127,2004-08-25,1.0
1332,1545,2004-08-25,1.0
1285,1600,2004-08-25,1.0
1493,1474,2004-08-25,1.0
674,569,2004-08-25,1.0
105,1624,2004-08-25,1.0
105,1373,2004-08-25,1.0
583,1542,2004-08-25,1.0
1717,1026,2004-08-25,1.0
1280,768,2004-08-25,1.0
768,1280,2004-08-25,1.0
1289,639,2004-08-25,1.0
710,245,2004-08-25,1.0
357,525,2004-08-25,1.0
1756,245,2004-08-25,1.0
1792,1644,2004-08-25,1.0
856,1398,2004-08-25,1.0
1543,1582,2004-08-25,1.0
502,1397,2004-08-25,1.0
1756,1485,2004-08-25,1.0
1783,221,2004-08-25,1.0
605,1698,2004-08-25,1.0
1730,1783,2004-08-25,1.0
1783,1730,2004-08-25,1.0
105,1730,2004-08-25,1.0
1730,105,2004-08-25,1.0
19,1624,2004-08-25,1.0
1582,1585,2004-08-25,1.0
415,1343,2004-08-25,1.0
1582,1543,2004-08-25,1.0
1343,415,2004-08-25,1.0
1762,1281,2004-08-26,1.0
538,224,2004-08-26,1.0
224,538,2004-08-26,1.0
1190,9,2004-08-26,1.0
1783,538,2004-08-26,1.0
1669,969,2004-08-26,1.0
969,1669,2004-08-26,1.0
1281,1762,2004-08-26,1.0
967,27,2004-08-26,1.0
1802,1801,2004-08-26,1.0
525,1811,2004-08-26,1.0
105,1624,2004-08-26,1.0
1029,1741,2004-08-26,1.0
1812,1813,2004-08-26,1.0
561,105,2004-08-26,1.0
561,727,2004-08-26,1.0
105,561,2004-08-26,1.0
1280,42,2004-08-26,1.0
561,1543,2004-08-26,1.0
1624,105,2004-08-26,1.0
538,1783,2004-08-26,1.0
1741,1796,2004-08-26,1.0
503,1756,2004-08-26,1.0
1585,1669,2004-08-26,1.0
1280,1287,2004-08-26,1.0
272,674,2004-08-26,1.0
1543,1312,2004-08-26,1.0
1312,1543,2004-08-26,1.0
1312,12,2004-08-26,1.0
12,1312,2004-08-26,1.0
713,1059,2004-08-26,1.0
1624,1340,2004-08-26,1.0
1756,503,2004-08-26,1.0
357,525,2004-08-26,1.0
1042,1624,2004-08-26,1.0
143,12,2004-08-26,1.0
1543,561,2004-08-26,1.0
27,967,2004-08-26,1.0
1472,847,2004-08-26,1.0
1624,1042,2004-08-26,1.0
456,1624,2004-08-26,1.0
1624,456,2004-08-26,1.0
415,1343,2004-08-26,1.0
1343,415,2004-08-26,1.0
525,357,2004-08-26,1.0
561,95,2004-08-26,1.0
1132,105,2004-08-26,1.0
105,1132,2004-08-26,1.0
1811,525,2004-08-26,1.0
456,1132,2004-08-26,1.0
1186,1816,2004-08-27,1.0
1026,423,2004-08-27,1.0
1167,396,2004-08-27,1.0
105,474,2004-08-27,1.0
105,1771,2004-08-27,1.0
1669,1585,2004-08-27,1.0
1338,1815,2004-08-27,1.0
423,1026,2004-08-27,1.0
1762,1281,2004-08-27,1.0
415,1343,2004-08-27,1.0
1585,1349,2004-08-27,1.0
494,63,2004-08-27,1.0
1585,1669,2004-08-27,1.0
105,874,2004-08-27,1.0
1582,1543,2004-08-27,1.0
1167,809,2004-08-27,1.0
105,561,2004-08-27,1.0
1026,1717,2004-08-27,1.0
1543,1582,2004-08-27,1.0
1543,1624,2004-08-27,1.0
1543,561,2004-08-27,1.0
561,105,2004-08-27,1.0
1488,298,2004-08-27,1.0
1625,105,2004-08-27,1.0
525,1811,2004-08-27,1.0
63,494,2004-08-27,1.0
1756,503,2004-08-27,1.0
1543,1312,2004-08-27,1.0
503,1756,2004-08-27,1.0
969,1669,2004-08-27,1.0
1786,1344,2004-08-27,1.0
298,1488,2004-08-27,1.0
1811,525,2004-08-27,1.0
1624,1543,2004-08-27,1.0
518,1436,2004-08-27,1.0
1312,1543,2004-08-27,1.0
713,696,2004-08-27,1.0
1436,518,2004-08-27,1.0
847,1488,2004-08-27,1.0
1756,1624,2004-08-27,1.0
1624,105,2004-08-27,1.0
1624,1756,2004-08-27,1.0
245,710,2004-08-27,1.0
1474,1375,2004-08-27,1.0
105,1624,2004-08-27,1.0
1474,1793,2004-08-27,1.0
1811,1624,2004-08-27,1.0
1814,1811,2004-08-27,1.0
1624,1811,2004-08-27,1.0
244,142,2004-08-27,1.0
1811,1814,2004-08-27,1.0
1669,969,2004-08-27,1.0
175,810,2004-08-27,1.0
1796,67,2004-08-27,1.0
1343,12,2004-08-27,1.0
1343,415,2004-08-27,1.0
561,1543,2004-08-27,1.0
696,713,2004-08-27,1.0
357,1796,2004-08-27,1.0
396,586,2004-08-27,1.0
585,523,2004-08-27,1.0
1624,224,2004-08-27,1.0
523,1541,2004-08-28,1.0
523,1821,2004-08-28,1.0
523,298,2004-08-28,1.0
523,1822,2004-08-28,1.0
523,708,2004-08-28,1.0
523,1137,2004-08-28,1.0
523,799,2004-08-28,1.0
523,846,2004-08-28,1.0
523,418,2004-08-28,1.0
523,1823,2004-08-28,1.0
523,137,2004-08-28,1.0
523,1380,2004-08-28,1.0
523,111,2004-08-28,1.0
523,920,2004-08-28,1.0
523,44,2004-08-28,1.0
523,70,2004-08-28,1.0
523,1820,2004-08-28,1.0
523,1819,2004-08-28,1.0
523,1182,2004-08-28,1.0
523,15,2004-08-28,1.0
523,591,2004-08-28,1.0
523,1818,2004-08-28,1.0
523,1566,2004-08-28,1.0
523,172,2004-08-28,1.0
523,1041,2004-08-28,1.0
1310,561,2004-08-28,1.0
523,328,2004-08-28,1.0
525,357,2004-08-28,1.0
396,1472,2004-08-28,1.0
1310,1792,2004-08-28,1.0
357,525,2004-08-28,1.0
105,1789,2004-08-28,1.0
12,1808,2004-08-28,1.0
1814,523,2004-08-28,1.0
1814,8,2004-08-28,1.0
1814,175,2004-08-28,1.0
1624,1756,2004-08-28,1.0
1032,523,2004-08-28,1.0
523,1814,2004-08-28,1.0
523,1022,2004-08-28,1.0
523,1343,2004-08-28,1.0
523,1827,2004-08-28,1.0
523,1826,2004-08-28,1.0
523,1592,2004-08-28,1.0
523,122,2004-08-28,1.0
523,1825,2004-08-28,1.0
523,1824,2004-08-28,1.0
523,118,2004-08-28,1.0
523,812,2004-08-28,1.0
523,334,2004-08-28,1.0
523,1394,2004-08-28,1.0
523,899,2004-08-28,1.0
523,1806,2004-08-28,1.0
523,64,2004-08-28,1.0
12,1312,2004-08-28,1.0
12,1343,2004-08-28,1.0
1756,503,2004-08-28,1.0
1669,969,2004-08-28,1.0
415,1467,2004-08-28,1.0
503,1756,2004-08-28,1.0
1313,456,2004-08-28,1.0
1346,1314,2004-08-28,1.0
1756,1624,2004-08-28,1.0
105,1731,2004-08-28,1.0
105,1625,2004-08-28,1.0
1312,1344,2004-08-28,1.0
696,713,2004-08-28,1.0
523,1114,2004-08-28,1.0
342,1603,2004-08-28,1.0
1312,1543,2004-08-28,1.0
1603,342,2004-08-28,1.0
1362,1608,2004-08-28,1.0
12,143,2004-08-28,1.0
1344,1312,2004-08-28,1.0
456,1313,2004-08-28,1.0
1167,1050,2004-08-28,1.0
1344,1786,2004-08-28,1.0
523,89,2004-08-28,1.0
523,612,2004-08-28,1.0
523,36,2004-08-28,1.0
523,629,2004-08-28,1.0
523,1817,2004-08-28,1.0
523,1149,2004-08-28,1.0
523,1332,2004-08-28,1.0
523,141,2004-08-28,1.0
523,1635,2004-08-28,1.0
523,182,2004-08-28,1.0
523,875,2004-08-28,1.0
518,1436,2004-08-28,1.0
523,32,2004-08-28,1.0
847,1280,2004-08-28,1.0
1543,1312,2004-08-28,1.0
494,63,2004-08-28,1.0
1316,1543,2004-08-28,1.0
1316,503,2004-08-28,1.0
847,152,2004-08-29,1.0
1686,27,2004-08-29,1.0
503,1756,2004-08-29,1.0
105,1789,2004-08-29,1.0
1789,105,2004-08-29,1.0
1789,1771,2004-08-29,1.0
1771,1789,2004-08-29,1.0
152,847,2004-08-29,1.0
1783,1675,2004-08-29,1.0
1332,523,2004-08-29,1.0
809,1167,2004-08-29,1.0
1052,1789,2004-08-29,1.0
547,1246,2004-08-29,1.0
1052,1796,2004-08-29,1.0
95,1403,2004-08-29,1.0
1675,1783,2004-08-29,1.0
1675,1543,2004-08-29,1.0
1675,32,2004-08-29,1.0
393,193,2004-08-29,1.0
1786,1280,2004-08-29,1.0
1669,1641,2004-08-29,1.0
1280,847,2004-08-29,1.0
1792,1310,2004-08-29,1.0
1789,1686,2004-08-29,1.0
1771,105,2004-08-29,1.0
1686,1789,2004-08-29,1.0
12,1808,2004-08-29,1.0
1808,95,2004-08-29,1.0
1808,12,2004-08-29,1.0
105,367,2004-08-29,1.0
105,1771,2004-08-29,1.0
95,626,2004-08-29,1.0
1362,1608,2004-08-29,1.0
1641,1619,2004-08-29,1.0
12,143,2004-08-29,1.0
1312,1387,2004-08-29,1.0
1436,518,2004-08-29,1.0
143,12,2004-08-29,1.0
1608,1362,2004-08-29,1.0
1472,396,2004-08-29,1.0
1344,1312,2004-08-29,1.0
95,1808,2004-08-29,1.0
1789,681,2004-08-29,1.0
431,561,2004-08-29,1.0
1472,1789,2004-08-29,1.0
1789,1472,2004-08-29,1.0
547,1246,2004-08-30,1.0
27,620,2004-08-30,1.0
1543,561,2004-08-30,1.0
847,1488,2004-08-30,1.0
620,27,2004-08-30,1.0
1543,1675,2004-08-30,1.0
1675,1783,2004-08-30,1.0
398,12,2004-08-30,1.0
1167,809,2004-08-30,1.0
1488,847,2004-08-30,1.0
1808,12,2004-08-30,1.0
809,1167,2004-08-30,1.0
1485,1756,2004-08-30,1.0
105,1395,2004-08-30,1.0
1624,456,2004-08-30,1.0
1675,32,2004-08-30,1.0
1280,768,2004-08-30,1.0
12,1246,2004-08-30,1.0
12,1808,2004-08-30,1.0
12,868,2004-08-30,1.0
12,398,2004-08-30,1.0
1756,1485,2004-08-30,1.0
1540,249,2004-08-30,1.0
32,1403,2004-08-30,1.0
1814,175,2004-08-30,1.0
494,63,2004-08-30,1.0
768,1280,2004-08-30,1.0
105,561,2004-08-30,1.0
1540,48,2004-08-30,1.0
1,1626,2004-08-30,1.0
1756,503,2004-08-30,1.0
561,105,2004-08-30,1.0
561,1543,2004-08-30,1.0
561,1310,2004-08-30,1.0
561,431,2004-08-30,1.0
175,1814,2004-08-30,1.0
1387,1312,2004-08-30,1.0
1783,1183,2004-08-30,1.0
1280,1786,2004-08-30,1.0
1246,547,2004-08-30,1.0
1808,95,2004-08-30,1.0
582,27,2004-08-30,1.0
193,393,2004-08-30,1.0
1312,1387,2004-08-30,1.0
523,1332,2004-08-30,1.0
1648,719,2004-08-30,1.0
523,32,2004-08-30,1.0
1741,783,2004-08-30,1.0
63,494,2004-08-30,1.0
1310,561,2004-08-30,1.0
431,561,2004-08-30,1.0
1543,52,2004-08-30,1.0
32,1675,2004-08-30,1.0
32,523,2004-08-30,1.0
12,32,2004-08-30,1.0
398,1624,2004-08-31,1.0
1624,398,2004-08-31,1.0
1624,105,2004-08-31,1.0
105,1624,2004-08-31,1.0
1217,1344,2004-08-31,1.0
32,12,2004-08-31,1.0
12,32,2004-08-31,1.0
1545,1332,2004-08-31,1.0
1545,1556,2004-08-31,1.0
1783,204,2004-08-31,1.0
1488,847,2004-08-31,1.0
783,1741,2004-08-31,1.0
105,1743,2004-08-31,1.0
1789,456,2004-08-31,1.0
221,1783,2004-08-31,1.0
1362,1608,2004-08-31,1.0
681,1789,2004-08-31,1.0
810,175,2004-08-31,1.0
334,523,2004-08-31,1.0
1344,1217,2004-08-31,1.0
41,1828,2004-08-31,1.0
41,1807,2004-08-31,1.0
41,176,2004-08-31,1.0
1713,495,2004-08-31,1.0
105,561,2004-08-31,1.0
1167,454,2004-08-31,1.0
431,561,2004-08-31,1.0
456,1789,2004-08-31,1.0
221,1796,2004-08-31,1.0
105,415,2004-08-31,1.0
415,105,2004-08-31,1.0
105,927,2004-08-31,1.0
1314,1346,2004-08-31,1.0
847,1021,2004-08-31,1.0
561,1713,2004-08-31,1.0
561,1543,2004-08-31,1.0
713,696,2004-08-31,1.0
561,431,2004-08-31,1.0
561,1310,2004-08-31,1.0
1789,1052,2004-08-31,1.0
1789,36,2004-08-31,1.0
1624,456,2004-08-31,1.0
561,105,2004-08-31,1.0
868,12,2004-08-31,1.0
12,868,2004-08-31,1.0
12,398,2004-08-31,1.0
175,1814,2004-08-31,1.0
1756,1629,2004-08-31,1.0
620,27,2004-08-31,1.0
27,620,2004-08-31,1.0
105,697,2004-08-31,1.0
1132,341,2004-08-31,1.0
398,12,2004-08-31,1.0
1713,561,2004-08-31,1.0
12,1624,2004-08-31,1.0
1624,12,2004-08-31,1.0
1167,429,2004-09-01,1.0
456,1542,2004-09-01,1.0
415,1676,2004-09-01,1.0
1542,456,2004-09-01,1.0
1756,503,2004-09-01,1.0
1556,1545,2004-09-01,1.0
868,12,2004-09-01,1.0
518,1830,2004-09-01,1.0
1237,843,2004-09-01,1.0
1624,1042,2004-09-01,1.0
1246,547,2004-09-01,1.0
547,1246,2004-09-01,1.0
983,431,2004-09-01,1.0
249,1540,2004-09-01,1.0
494,63,2004-09-01,1.0
431,983,2004-09-01,1.0
1436,51,2004-09-01,1.0
95,1808,2004-09-01,1.0
1543,561,2004-09-01,1.0
193,393,2004-09-01,1.0
429,1167,2004-09-01,1.0
175,810,2004-09-01,1.0
298,970,2004-09-01,1.0
32,1829,2004-09-01,1.0
1713,617,2004-09-01,1.0
1608,1362,2004-09-01,1.0
51,1436,2004-09-01,1.0
970,1641,2004-09-01,1.0
1698,605,2004-09-01,1.0
1783,1246,2004-09-01,1.0
12,868,2004-09-01,1.0
1310,561,2004-09-01,1.0
1798,1797,2004-09-01,1.0
1585,1788,2004-09-01,1.0
1183,1783,2004-09-01,1.0
456,415,2004-09-01,1.0
63,494,2004-09-01,1.0
1042,1624,2004-09-01,1.0
503,1756,2004-09-01,1.0
32,1127,2004-09-02,1.0
561,1543,2004-09-02,1.0
105,1127,2004-09-02,1.0
1624,1042,2004-09-02,1.0
1624,95,2004-09-02,1.0
1784,3,2004-09-02,1.0
1042,1624,2004-09-02,1.0
431,561,2004-09-02,1.0
547,1246,2004-09-02,1.0
561,1310,2004-09-02,1.0
1127,32,2004-09-02,1.0
1127,105,2004-09-02,1.0
523,334,2004-09-02,1.0
980,1603,2004-09-02,1.0
95,1624,2004-09-02,1.0
431,1831,2004-09-02,1.0
201,143,2004-09-02,1.0
561,431,2004-09-02,1.0
1831,431,2004-09-02,1.0
1807,289,2004-09-02,1.0
145,810,2004-09-02,1.0
1641,970,2004-09-02,1.0
809,1167,2004-09-02,1.0
1624,1704,2004-09-02,1.0
1704,1624,2004-09-02,1.0
1624,12,2004-09-02,1.0
1624,1626,2004-09-02,1.0
1314,1346,2004-09-02,1.0
1807,32,2004-09-02,1.0
810,145,2004-09-02,1.0
1167,809,2004-09-02,1.0
1167,429,2004-09-02,1.0
509,1026,2004-09-02,1.0
673,32,2004-09-02,1.0
1626,1624,2004-09-02,1.0
1807,41,2004-09-02,1.0
1815,1338,2004-09-02,1.0
1624,719,2004-09-02,1.0
415,673,2004-09-02,1.0
1624,1398,2004-09-02,1.0
1398,1624,2004-09-02,1.0
1543,405,2004-09-02,1.0
1624,456,2004-09-02,1.0
456,1624,2004-09-02,1.0
582,1436,2004-09-02,1.0
673,415,2004-09-02,1.0
1127,1749,2004-09-02,1.0
51,1775,2004-09-02,1.0
843,1237,2004-09-02,1.0
1592,523,2004-09-02,1.0
1346,1314,2004-09-02,1.0
51,1436,2004-09-02,1.0
673,1127,2004-09-02,1.0
494,63,2004-09-02,1.0
415,1343,2004-09-02,1.0
429,1167,2004-09-02,1.0
1783,405,2004-09-02,1.0
1246,547,2004-09-02,1.0
456,1097,2004-09-02,1.0
1542,456,2004-09-02,1.0
63,494,2004-09-02,1.0
456,1542,2004-09-02,1.0
1543,1831,2004-09-03,1.0
1543,561,2004-09-03,1.0
1543,617,2004-09-03,1.0
32,1831,2004-09-03,1.0
1585,393,2004-09-03,1.0
1285,1000,2004-09-03,1.0
1217,1344,2004-09-03,1.0
1762,1281,2004-09-03,1.0
95,1624,2004-09-03,1.0
12,868,2004-09-03,1.0
32,673,2004-09-03,1.0
95,1796,2004-09-03,1.0
308,415,2004-09-03,1.0
503,1756,2004-09-03,1.0
1436,582,2004-09-03,1.0
1436,51,2004-09-03,1.0
1624,719,2004-09-03,1.0
1624,95,2004-09-03,1.0
67,32,2004-09-03,1.0
308,967,2004-09-03,1.0
1603,980,2004-09-03,1.0
1756,503,2004-09-03,1.0
673,32,2004-09-03,1.0
719,1624,2004-09-03,1.0
1783,1231,2004-09-03,1.0
1375,1474,2004-09-03,1.0
1026,509,2004-09-03,1.0
1783,673,2004-09-03,1.0
1783,1624,2004-09-03,1.0
1624,1783,2004-09-03,1.0
1624,456,2004-09-03,1.0
1246,547,2004-09-03,1.0
32,1807,2004-09-03,1.0
1807,32,2004-09-03,1.0
12,1831,2004-09-03,1.0
617,1543,2004-09-03,1.0
1624,1626,2004-09-03,1.0
617,1713,2004-09-03,1.0
868,12,2004-09-03,1.0
431,617,2004-09-03,1.0
1784,3,2004-09-03,1.0
673,1783,2004-09-03,1.0
1375,1756,2004-09-03,1.0
1485,1756,2004-09-03,1.0
1050,1454,2004-09-03,1.0
617,431,2004-09-03,1.0
1050,1049,2004-09-03,1.0
398,1397,2004-09-04,1.0
1,3,2004-09-04,1.0
1784,3,2004-09-04,1.0
32,1546,2004-09-04,1.0
443,1543,2004-09-04,1.0
1312,12,2004-09-04,1.0
398,673,2004-09-04,1.0
1042,1624,2004-09-04,1.0
1127,32,2004-09-04,1.0
456,1127,2004-09-04,1.0
1127,456,2004-09-04,1.0
582,1436,2004-09-04,1.0
1397,398,2004-09-04,1.0
768,1280,2004-09-04,1.0
1280,1403,2004-09-04,1.0
1403,95,2004-09-04,1.0
1403,1280,2004-09-04,1.0
799,523,2004-09-04,1.0
1127,105,2004-09-04,1.0
1546,32,2004-09-04,1.0
51,1436,2004-09-04,1.0
51,1217,2004-09-04,1.0
1624,479,2004-09-04,1.0
32,67,2004-09-04,1.0
95,1624,2004-09-04,1.0
277,1688,2004-09-04,1.0
1624,95,2004-09-04,1.0
1332,1730,2004-09-04,1.0
1436,582,2004-09-04,1.0
63,494,2004-09-04,1.0
1545,1332,2004-09-04,1.0
3,44,2004-09-04,1.0
3,36,2004-09-04,1.0
12,1312,2004-09-04,1.0
1436,51,2004-09-04,1.0
1624,1042,2004-09-05,1.0
1565,67,2004-09-05,1.0
1543,443,2004-09-05,1.0
1127,105,2004-09-05,1.0
431,617,2004-09-05,1.0
1713,617,2004-09-05,1.0
1535,1434,2004-09-05,1.0
617,1713,2004-09-05,1.0
617,431,2004-09-05,1.0
1624,95,2004-09-05,1.0
67,783,2004-09-05,1.0
105,1127,2004-09-05,1.0
398,1013,2004-09-05,1.0
1741,1832,2004-09-05,1.0
1436,582,2004-09-05,1.0
1436,51,2004-09-05,1.0
1783,1231,2004-09-05,1.0
1784,3,2004-09-05,1.0
1231,1783,2004-09-05,1.0
1280,1403,2004-09-05,1.0
1644,456,2004-09-06,1.0
456,1644,2004-09-06,1.0
431,1587,2004-09-06,1.0
1756,503,2004-09-06,1.0
1644,398,2004-09-06,1.0
809,308,2004-09-06,1.0
1786,1280,2004-09-06,1.0
1403,673,2004-09-06,1.0
398,1644,2004-09-06,1.0
249,1026,2004-09-06,1.0
357,1403,2004-09-06,1.0
1231,1783,2004-09-06,1.0
1783,1231,2004-09-06,1.0
1190,394,2004-09-06,1.0
1624,398,2004-09-06,1.0
1315,1724,2004-09-06,1.0
398,1624,2004-09-06,1.0
1013,398,2004-09-06,1.0
673,1587,2004-09-06,1.0
1587,673,2004-09-06,1.0
398,1676,2004-09-06,1.0
1796,95,2004-09-06,1.0
189,44,2004-09-06,1.0
143,201,2004-09-06,1.0
1397,398,2004-09-06,1.0
503,1756,2004-09-06,1.0
334,523,2004-09-06,1.0
1434,1535,2004-09-06,1.0
1343,415,2004-09-06,1.0
673,1403,2004-09-06,1.0
398,1397,2004-09-06,1.0
95,1624,2004-09-06,1.0
398,697,2004-09-06,1.0
983,431,2004-09-06,1.0
1676,415,2004-09-06,1.0
1624,95,2004-09-06,1.0
1546,1786,2004-09-06,1.0
1724,1783,2004-09-06,1.0
1783,1724,2004-09-06,1.0
1676,398,2004-09-06,1.0
1724,1315,2004-09-06,1.0
95,1796,2004-09-07,1.0
95,1624,2004-09-07,1.0
431,617,2004-09-07,1.0
357,1403,2004-09-07,1.0
1403,357,2004-09-07,1.0
617,431,2004-09-07,1.0
617,1713,2004-09-07,1.0
557,302,2004-09-07,1.0
95,561,2004-09-07,1.0
970,1565,2004-09-07,1.0
3,32,2004-09-07,1.0
1644,9,2004-09-07,1.0
1756,503,2004-09-07,1.0
1624,95,2004-09-07,1.0
1756,1375,2004-09-07,1.0
1783,1231,2004-09-07,1.0
67,1403,2004-09-07,1.0
36,1789,2004-09-07,1.0
503,1756,2004-09-07,1.0
398,1644,2004-09-07,1.0
697,1783,2004-09-07,1.0
1403,67,2004-09-07,1.0
1127,1227,2004-09-07,1.0
289,1807,2004-09-07,1.0
1644,398,2004-09-07,1.0
1231,1783,2004-09-07,1.0
970,1641,2004-09-07,1.0
1562,1517,2004-09-07,1.0
32,1127,2004-09-07,1.0
1783,697,2004-09-07,1.0
204,1783,2004-09-07,1.0
423,447,2004-09-07,1.0
429,1167,2004-09-07,1.0
9,1644,2004-09-07,1.0
1026,249,2004-09-07,1.0
1253,1168,2004-09-07,1.0
1167,429,2004-09-07,1.0
415,1343,2004-09-07,1.0
1517,1562,2004-09-07,1.0
456,1132,2004-09-07,1.0
1624,456,2004-09-07,1.0
1168,1253,2004-09-07,1.0
105,1127,2004-09-07,1.0
1624,105,2004-09-07,1.0
198,1565,2004-09-07,1.0
1280,1786,2004-09-07,1.0
105,1624,2004-09-07,1.0
67,1809,2004-09-07,1.0
983,1079,2004-09-08,1.0
710,1517,2004-09-08,1.0
1079,983,2004-09-08,1.0
1517,710,2004-09-08,1.0
1231,1783,2004-09-08,1.0
398,90,2004-09-08,1.0
398,1781,2004-09-08,1.0
1079,27,2004-09-08,1.0
27,1079,2004-09-08,1.0
447,423,2004-09-08,1.0
1781,398,2004-09-08,1.0
398,447,2004-09-08,1.0
1543,1831,2004-09-08,1.0
1132,456,2004-09-08,1.0
1789,681,2004-09-08,1.0
1789,36,2004-09-08,1.0
847,1132,2004-09-08,1.0
1644,398,2004-09-08,1.0
1132,847,2004-09-08,1.0
697,642,2004-09-08,1.0
67,1831,2004-09-08,1.0
67,1403,2004-09-08,1.0
1403,357,2004-09-08,1.0
1403,67,2004-09-08,1.0
642,697,2004-09-08,1.0
1789,456,2004-09-08,1.0
456,1132,2004-09-08,1.0
357,1403,2004-09-08,1.0
12,1312,2004-09-08,1.0
1831,32,2004-09-08,1.0
12,1624,2004-09-08,1.0
67,1675,2004-09-08,1.0
1831,1543,2004-09-08,1.0
32,3,2004-09-08,1.0
1831,12,2004-09-08,1.0
398,1644,2004-09-08,1.0
1756,503,2004-09-08,1.0
1624,12,2004-09-08,1.0
183,1676,2004-09-08,1.0
105,1831,2004-09-08,1.0
1724,1315,2004-09-08,1.0
1312,12,2004-09-08,1.0
1624,105,2004-09-08,1.0
105,1624,2004-09-08,1.0
1831,1752,2004-09-08,1.0
1713,617,2004-09-08,1.0
1831,105,2004-09-08,1.0
1624,95,2004-09-08,1.0
1808,95,2004-09-08,1.0
95,1624,2004-09-08,1.0
1783,697,2004-09-08,1.0
1675,67,2004-09-09,1.0
1,132,2004-09-09,1.0
1,312,2004-09-09,1.0
1517,710,2004-09-09,1.0
32,1789,2004-09-09,1.0
67,32,2004-09-09,1.0
642,697,2004-09-09,1.0
398,1781,2004-09-09,1.0
1756,1675,2004-09-09,1.0
51,1436,2004-09-09,1.0
697,642,2004-09-09,1.0
1789,32,2004-09-09,1.0
32,67,2004-09-09,1.0
1756,1624,2004-09-09,1.0
1624,1756,2004-09-09,1.0
1831,1783,2004-09-09,1.0
1231,1783,2004-09-09,1.0
561,95,2004-09-09,1.0
1783,1831,2004-09-09,1.0
561,1543,2004-09-09,1.0
847,1132,2004-09-09,1.0
1079,983,2004-09-09,1.0
1789,44,2004-09-09,1.0
1783,1231,2004-09-09,1.0
398,1644,2004-09-09,1.0
1644,398,2004-09-09,1.0
1752,1831,2004-09-09,1.0
1097,456,2004-09-09,1.0
1781,398,2004-09-09,1.0
1624,1781,2004-09-09,1.0
605,1698,2004-09-09,1.0
1624,520,2004-09-09,1.0
1676,183,2004-09-09,1.0
983,1079,2004-09-09,1.0
983,985,2004-09-09,1.0
1406,260,2004-09-09,1.0
1248,131,2004-09-09,1.0
1789,36,2004-09-09,1.0
36,1789,2004-09-09,1.0
1644,1758,2004-09-10,1.0
1474,1375,2004-09-10,1.0
1807,289,2004-09-10,1.0
398,1624,2004-09-10,1.0
1,132,2004-09-10,1.0
1543,1312,2004-09-10,1.0
561,1750,2004-09-10,1.0
617,1713,2004-09-10,1.0
1562,1517,2004-09-10,1.0
1675,1756,2004-09-10,1.0
557,561,2004-09-10,1.0
1756,1675,2004-09-10,1.0
27,342,2004-09-10,1.0
132,1,2004-09-10,1.0
312,1,2004-09-10,1.0
1624,557,2004-09-10,1.0
983,1079,2004-09-10,1.0
1127,1573,2004-09-10,1.0
342,561,2004-09-10,1.0
1624,398,2004-09-10,1.0
342,27,2004-09-10,1.0
32,1789,2004-09-10,1.0
1624,1398,2004-09-10,1.0
1543,561,2004-09-10,1.0
1624,1756,2004-09-10,1.0
1756,1624,2004-09-10,1.0
398,1836,2004-09-11,1.0
1836,398,2004-09-11,1.0
1629,1756,2004-09-11,1.0
1836,699,2004-09-11,1.0
1836,143,2004-09-11,1.0
1836,697,2004-09-11,1.0
1836,375,2004-09-11,1.0
1836,1393,2004-09-11,1.0
1836,1340,2004-09-11,1.0
95,1403,2004-09-11,1.0
1836,1249,2004-09-11,1.0
557,1624,2004-09-11,1.0
95,1624,2004-09-11,1.0
1624,95,2004-09-11,1.0
95,561,2004-09-11,1.0
95,1452,2004-09-11,1.0
681,1837,2004-09-11,1.0
1836,1321,2004-09-11,1.0
1836,1291,2004-09-11,1.0
95,1808,2004-09-11,1.0
1713,617,2004-09-11,1.0
393,1585,2004-09-11,1.0
1758,1644,2004-09-11,1.0
1,312,2004-09-11,1.0
561,557,2004-09-11,1.0
561,342,2004-09-11,1.0
1756,1833,2004-09-11,1.0
843,1834,2004-09-11,1.0
843,1835,2004-09-11,1.0
1675,1756,2004-09-11,1.0
810,1792,2004-09-11,1.0
1042,1624,2004-09-11,1.0
1042,1675,2004-09-11,1.0
697,492,2004-09-11,1.0
1132,847,2004-09-11,1.0
847,1488,2004-09-11,1.0
42,27,2004-09-11,1.0
1359,1343,2004-09-11,1.0
620,27,2004-09-11,1.0
809,1167,2004-09-11,1.0
456,1132,2004-09-11,1.0
42,1724,2004-09-11,1.0
1675,1042,2004-09-11,1.0
847,1132,2004-09-11,1.0
1434,1312,2004-09-11,1.0
398,1644,2004-09-11,1.0
67,1403,2004-09-11,1.0
1644,1758,2004-09-11,1.0
1644,398,2004-09-11,1.0
710,1517,2004-09-11,1.0
312,1626,2004-09-12,1.0
1626,312,2004-09-12,1.0
557,1624,2004-09-12,1.0
1756,1675,2004-09-12,1.0
312,1,2004-09-12,1.0
1756,1629,2004-09-12,1.0
193,1565,2004-09-12,1.0
1624,557,2004-09-12,1.0
67,1675,2004-09-12,1.0
1624,341,2004-09-12,1.0
341,1624,2004-09-12,1.0
394,1190,2004-09-12,1.0
810,175,2004-09-12,1.0
1756,503,2004-09-12,1.0
1626,1,2004-09-12,1.0
1,1626,2004-09-12,1.0
1,312,2004-09-12,1.0
145,810,2004-09-12,1.0
1332,1737,2004-09-12,1.0
557,561,2004-09-12,1.0
1281,1762,2004-09-12,1.0
1332,1312,2004-09-12,1.0
1312,1332,2004-09-12,1.0
503,1756,2004-09-12,1.0
699,1836,2004-09-12,1.0
398,1836,2004-09-12,1.0
1758,1644,2004-09-12,1.0
1312,1434,2004-09-12,1.0
1132,847,2004-09-12,1.0
1675,67,2004-09-12,1.0
1750,561,2004-09-12,1.0
617,770,2004-09-12,1.0
1167,809,2004-09-12,1.0
1132,456,2004-09-12,1.0
770,639,2004-09-12,1.0
617,1713,2004-09-12,1.0
260,1406,2004-09-12,1.0
770,617,2004-09-12,1.0
1756,1781,2004-09-13,1.0
1038,132,2004-09-13,1.0
1052,1792,2004-09-13,1.0
557,561,2004-09-13,1.0
1312,1434,2004-09-13,1.0
1543,52,2004-09-13,1.0
1543,109,2004-09-13,1.0
1675,1543,2004-09-13,1.0
1771,1127,2004-09-13,1.0
652,27,2004-09-13,1.0
1543,1282,2004-09-13,1.0
1237,843,2004-09-13,1.0
398,1836,2004-09-13,1.0
52,1543,2004-09-13,1.0
1127,1340,2004-09-13,1.0
1756,429,2004-09-13,1.0
536,1836,2004-09-13,1.0
1750,561,2004-09-13,1.0
847,1132,2004-09-13,1.0
3,1649,2004-09-13,1.0
105,1624,2004-09-13,1.0
1434,1312,2004-09-13,1.0
1,44,2004-09-13,1.0
1792,1052,2004-09-13,1.0
27,652,2004-09-13,1.0
1641,970,2004-09-13,1.0
9,1644,2004-09-13,1.0
1543,1675,2004-09-13,1.0
9,1255,2004-09-13,1.0
843,1406,2004-09-13,1.0
697,1517,2004-09-13,1.0
1052,420,2004-09-13,1.0
1052,635,2004-09-13,1.0
1700,429,2004-09-13,1.0
42,27,2004-09-13,1.0
1644,9,2004-09-13,1.0
503,1756,2004-09-13,1.0
398,1624,2004-09-13,1.0
9,1190,2004-09-13,1.0
561,431,2004-09-13,1.0
1624,398,2004-09-13,1.0
561,1750,2004-09-13,1.0
561,557,2004-09-13,1.0
9,1839,2004-09-13,1.0
9,1308,2004-09-13,1.0
1543,1637,2004-09-13,1.0
1836,398,2004-09-13,1.0
1543,975,2004-09-13,1.0
621,1647,2004-09-13,1.0
561,95,2004-09-13,1.0
1282,1543,2004-09-13,1.0
1756,1675,2004-09-13,1.0
95,1624,2004-09-13,1.0
1624,95,2004-09-13,1.0
1624,1811,2004-09-13,1.0
697,808,2004-09-13,1.0
1644,1758,2004-09-13,1.0
1,312,2004-09-13,1.0
3,146,2004-09-13,1.0
1624,105,2004-09-13,1.0
1675,67,2004-09-13,1.0
1675,1756,2004-09-13,1.0
1781,755,2004-09-13,1.0
146,3,2004-09-13,1.0
1624,755,2004-09-13,1.0
1624,1052,2004-09-13,1.0
1052,1624,2004-09-13,1.0
1624,810,2004-09-13,1.0
32,1838,2004-09-13,1.0
431,561,2004-09-13,1.0
1,1626,2004-09-13,1.0
697,95,2004-09-13,1.0
1,132,2004-09-13,1.0
621,830,2004-09-13,1.0
1406,843,2004-09-13,1.0
44,1,2004-09-13,1.0
429,372,2004-09-13,1.0
429,1700,2004-09-13,1.0
429,1720,2004-09-13,1.0
1781,1756,2004-09-13,1.0
1624,725,2004-09-13,1.0
1624,1657,2004-09-13,1.0
1783,710,2004-09-13,1.0
27,42,2004-09-13,1.0
27,620,2004-09-13,1.0
1724,42,2004-09-13,1.0
1811,1624,2004-09-13,1.0
1332,1312,2004-09-13,1.0
1836,536,2004-09-13,1.0
1800,1801,2004-09-13,1.0
1657,1624,2004-09-13,1.0
1800,44,2004-09-13,1.0
95,1649,2004-09-14,1.0
1756,1565,2004-09-14,1.0
843,1237,2004-09-14,1.0
1227,1127,2004-09-14,1.0
431,561,2004-09-14,1.0
1756,1781,2004-09-14,1.0
1781,1756,2004-09-14,1.0
398,1624,2004-09-14,1.0
27,652,2004-09-14,1.0
27,620,2004-09-14,1.0
398,1781,2004-09-14,1.0
561,557,2004-09-14,1.0
95,697,2004-09-14,1.0
681,1839,2004-09-14,1.0
1624,398,2004-09-14,1.0
1624,1700,2004-09-14,1.0
975,1543,2004-09-14,1.0
1565,1756,2004-09-14,1.0
1789,1052,2004-09-14,1.0
1434,1312,2004-09-14,1.0
1543,1839,2004-09-14,1.0
1789,32,2004-09-14,1.0
1657,536,2004-09-14,1.0
1783,536,2004-09-14,1.0
1781,398,2004-09-14,1.0
1624,1657,2004-09-14,1.0
652,27,2004-09-14,1.0
1629,1756,2004-09-14,1.0
652,1565,2004-09-14,1.0
1291,1836,2004-09-14,1.0
561,95,2004-09-14,1.0
95,561,2004-09-14,1.0
95,1839,2004-09-14,1.0
697,95,2004-09-14,1.0
1167,809,2004-09-14,1.0
27,42,2004-09-14,1.0
303,1535,2004-09-14,1.0
809,1167,2004-09-14,1.0
140,557,2004-09-14,1.0
536,1657,2004-09-14,1.0
536,1783,2004-09-14,1.0
810,1624,2004-09-14,1.0
557,561,2004-09-14,1.0
1839,681,2004-09-14,1.0
1474,1375,2004-09-14,1.0
1639,1737,2004-09-14,1.0
652,1208,2004-09-14,1.0
652,1372,2004-09-14,1.0
1312,1,2004-09-14,1.0
1312,1434,2004-09-14,1.0
1543,975,2004-09-14,1.0
1657,1624,2004-09-14,1.0
1756,503,2004-09-14,1.0
503,1756,2004-09-14,1.0
1700,1839,2004-09-14,1.0
1839,1700,2004-09-14,1.0
1,1312,2004-09-14,1.0
1079,983,2004-09-14,1.0
620,27,2004-09-14,1.0
1839,9,2004-09-14,1.0
1791,32,2004-09-14,1.0
1791,1724,2004-09-14,1.0
1535,1434,2004-09-14,1.0
1403,95,2004-09-14,1.0
1535,303,2004-09-14,1.0
1700,429,2004-09-14,1.0
429,1700,2004-09-14,1.0
1724,1791,2004-09-14,1.0
1644,1619,2004-09-14,1.0
1700,1624,2004-09-14,1.0
1619,1644,2004-09-14,1.0
475,341,2004-09-14,1.0
1406,843,2004-09-14,1.0
1624,1052,2004-09-14,1.0
1624,346,2004-09-14,1.0
1624,1052,2004-09-15,1.0
1624,1168,2004-09-15,1.0
1624,1756,2004-09-15,1.0
1168,1624,2004-09-15,1.0
1619,143,2004-09-15,1.0
1434,1535,2004-09-15,1.0
1781,398,2004-09-15,1.0
1434,1312,2004-09-15,1.0
812,523,2004-09-15,1.0
1543,1282,2004-09-15,1.0
652,27,2004-09-15,1.0
1781,1756,2004-09-15,1.0
1781,469,2004-09-15,1.0
843,1237,2004-09-15,1.0
1839,509,2004-09-15,1.0
1624,805,2004-09-15,1.0
1308,9,2004-09-15,1.0
1756,1624,2004-09-15,1.0
843,1406,2004-09-15,1.0
509,1839,2004-09-15,1.0
1839,1397,2004-09-15,1.0
1839,95,2004-09-15,1.0
1839,681,2004-09-15,1.0
509,1026,2004-09-15,1.0
1312,1434,2004-09-15,1.0
1756,503,2004-09-15,1.0
1756,1781,2004-09-15,1.0
1237,843,2004-09-15,1.0
398,1836,2004-09-15,1.0
1118,1737,2004-09-15,1.0
398,1781,2004-09-15,1.0
398,1624,2004-09-15,1.0
1624,1075,2004-09-15,1.0
1624,810,2004-09-15,1.0
1565,492,2004-09-15,1.0
1783,1649,2004-09-15,1.0
469,175,2004-09-15,1.0
469,1181,2004-09-15,1.0
469,1781,2004-09-15,1.0
503,1756,2004-09-15,1.0
1282,1543,2004-09-15,1.0
1756,1629,2004-09-15,1.0
1783,244,2004-09-15,1.0
1237,398,2004-09-15,1.0
1052,1789,2004-09-15,1.0
1517,697,2004-09-15,1.0
469,503,2004-09-15,1.0
681,1839,2004-09-15,1.0
1167,809,2004-09-15,1.0
710,1783,2004-09-15,1.0
1127,1227,2004-09-15,1.0
809,1167,2004-09-15,1.0
1836,398,2004-09-15,1.0
1158,1072,2004-09-15,1.0
398,447,2004-09-15,1.0
1836,1291,2004-09-15,1.0
503,469,2004-09-15,1.0
429,1700,2004-09-15,1.0
697,95,2004-09-15,1.0
32,1789,2004-09-15,1.0
95,697,2004-09-15,1.0
95,1840,2004-09-15,1.0
447,398,2004-09-15,1.0
697,1517,2004-09-15,1.0
469,525,2004-09-16,1.0
341,475,2004-09-16,1.0
1720,429,2004-09-16,1.0
1565,652,2004-09-16,1.0
1644,9,2004-09-16,1.0
1406,1649,2004-09-16,1.0
1624,12,2004-09-16,1.0
970,1641,2004-09-16,1.0
1831,12,2004-09-16,1.0
469,503,2004-09-16,1.0
1781,1601,2004-09-16,1.0
1644,12,2004-09-16,1.0
469,1781,2004-09-16,1.0
1601,1781,2004-09-16,1.0
1836,1839,2004-09-16,1.0
1601,553,2004-09-16,1.0
1434,1312,2004-09-16,1.0
1601,1675,2004-09-16,1.0
398,1781,2004-09-16,1.0
1781,398,2004-09-16,1.0
12,974,2004-09-16,1.0
9,1308,2004-09-16,1.0
12,1644,2004-09-16,1.0
469,1217,2004-09-16,1.0
1781,469,2004-09-16,1.0
492,1565,2004-09-16,1.0
652,1565,2004-09-16,1.0
456,105,2004-09-16,1.0
1314,1346,2004-09-16,1.0
1540,1725,2004-09-16,1.0
1540,1700,2004-09-16,1.0
1624,456,2004-09-16,1.0
95,1452,2004-09-16,1.0
1452,95,2004-09-16,1.0
9,1644,2004-09-16,1.0
1452,346,2004-09-16,1.0
95,1403,2004-09-16,1.0
95,1839,2004-09-16,1.0
1255,9,2004-09-16,1.0
143,1619,2004-09-16,1.0
652,585,2004-09-16,1.0
1308,9,2004-09-16,1.0
456,1624,2004-09-16,1.0
1000,1285,2004-09-16,1.0
652,27,2004-09-16,1.0
27,652,2004-09-16,1.0
12,1624,2004-09-16,1.0
1601,1505,2004-09-16,1.0
12,1831,2004-09-16,1.0
474,105,2004-09-16,1.0
1624,1168,2004-09-16,1.0
1168,1624,2004-09-16,1.0
474,1624,2004-09-16,1.0
1624,474,2004-09-16,1.0
1624,1052,2004-09-16,1.0
1624,95,2004-09-16,1.0
983,1079,2004-09-16,1.0
1624,1626,2004-09-16,1.0
509,316,2004-09-16,1.0
509,1839,2004-09-16,1.0
681,1839,2004-09-16,1.0
1601,318,2004-09-16,1.0
1601,114,2004-09-16,1.0
525,1811,2004-09-16,1.0
1601,1279,2004-09-16,1.0
1601,1338,2004-09-16,1.0
1811,525,2004-09-16,1.0
1601,1402,2004-09-16,1.0
1488,847,2004-09-16,1.0
9,1839,2004-09-16,1.0
1624,812,2004-09-16,1.0
1781,1756,2004-09-16,1.0
809,1167,2004-09-16,1.0
105,474,2004-09-16,1.0
398,1237,2004-09-16,1.0
1811,1624,2004-09-16,1.0
1624,1811,2004-09-16,1.0
1624,1168,2004-09-17,1.0
1540,1543,2004-09-17,1.0
1168,1624,2004-09-17,1.0
1783,1231,2004-09-17,1.0
1839,95,2004-09-17,1.0
1839,509,2004-09-17,1.0
1839,1836,2004-09-17,1.0
1624,557,2004-09-17,1.0
1624,544,2004-09-17,1.0
1167,1540,2004-09-17,1.0
710,1283,2004-09-17,1.0
1397,1839,2004-09-17,1.0
652,27,2004-09-17,1.0
1839,1397,2004-09-17,1.0
652,1565,2004-09-17,1.0
1624,1052,2004-09-17,1.0
1052,1624,2004-09-17,1.0
697,95,2004-09-17,1.0
1181,469,2004-09-17,1.0
557,140,2004-09-17,1.0
95,697,2004-09-17,1.0
1781,398,2004-09-17,1.0
1781,1756,2004-09-17,1.0
398,1624,2004-09-17,1.0
1624,398,2004-09-17,1.0
1624,1811,2004-09-17,1.0
1811,1624,2004-09-17,1.0
1217,1841,2004-09-17,1.0
398,1781,2004-09-17,1.0
1624,652,2004-09-17,1.0
652,1624,2004-09-17,1.0
1624,492,2004-09-17,1.0
525,469,2004-09-17,1.0
1624,1349,2004-09-17,1.0
1756,1781,2004-09-17,1.0
1181,9,2004-09-17,1.0
1756,503,2004-09-17,1.0
503,469,2004-09-17,1.0
503,1756,2004-09-17,1.0
1543,1312,2004-09-17,1.0
525,1811,2004-09-17,1.0
1811,525,2004-09-17,1.0
105,456,2004-09-17,1.0
557,561,2004-09-17,1.0
1282,1543,2004-09-17,1.0
394,1190,2004-09-17,1.0
312,1,2004-09-17,1.0
1624,1175,2004-09-17,1.0
27,652,2004-09-17,1.0
1132,847,2004-09-17,1.0
1543,1282,2004-09-17,1.0
483,821,2004-09-17,1.0
105,1831,2004-09-17,1.0
821,483,2004-09-17,1.0
1601,1675,2004-09-17,1.0
1237,673,2004-09-17,1.0
1413,454,2004-09-17,1.0
1675,1601,2004-09-17,1.0
1413,969,2004-09-17,1.0
1565,652,2004-09-17,1.0
1231,1783,2004-09-17,1.0
1291,398,2004-09-18,1.0
97,1748,2004-09-18,1.0
1312,1543,2004-09-18,1.0
398,1291,2004-09-18,1.0
318,1601,2004-09-18,1.0
1713,495,2004-09-18,1.0
1540,1167,2004-09-18,1.0
1540,1543,2004-09-18,1.0
585,652,2004-09-18,1.0
312,1,2004-09-18,1.0
1285,1000,2004-09-18,1.0
1285,27,2004-09-18,1.0
1836,1026,2004-09-18,1.0
1727,143,2004-09-18,1.0
1338,1601,2004-09-18,1.0
95,697,2004-09-18,1.0
95,1839,2004-09-18,1.0
95,1842,2004-09-18,1.0
95,1837,2004-09-18,1.0
95,924,2004-09-18,1.0
95,1767,2004-09-18,1.0
1543,1540,2004-09-18,1.0
1624,155,2004-09-18,1.0
1175,1624,2004-09-18,1.0
1624,1168,2004-09-18,1.0
211,93,2004-09-18,1.0
211,673,2004-09-18,1.0
1,312,2004-09-18,1.0
1,211,2004-09-18,1.0
697,95,2004-09-18,1.0
1629,346,2004-09-18,1.0
211,1,2004-09-18,1.0
398,1730,2004-09-19,1.0
1624,557,2004-09-19,1.0
51,1436,2004-09-19,1.0
1626,1783,2004-09-19,1.0
44,1846,2004-09-19,1.0
1624,398,2004-09-19,1.0
398,1624,2004-09-19,1.0
1624,281,2004-09-19,1.0
1727,143,2004-09-19,1.0
95,561,2004-09-19,1.0
557,1624,2004-09-19,1.0
244,1783,2004-09-19,1.0
1730,828,2004-09-19,1.0
1783,1626,2004-09-19,1.0
1540,1836,2004-09-19,1.0
346,1629,2004-09-19,1.0
95,1843,2004-09-19,1.0
585,652,2004-09-19,1.0
652,585,2004-09-19,1.0
1844,1839,2004-09-19,1.0
1844,1843,2004-09-19,1.0
821,483,2004-09-19,1.0
1624,1175,2004-09-19,1.0
1167,1540,2004-09-19,1.0
503,1756,2004-09-19,1.0
143,1727,2004-09-19,1.0
1844,1845,2004-09-19,1.0
492,145,2004-09-20,1.0
1624,155,2004-09-20,1.0
155,1624,2004-09-20,1.0
143,1727,2004-09-20,1.0
44,1851,2004-09-20,1.0
44,1850,2004-09-20,1.0
95,1849,2004-09-20,1.0
1758,1624,2004-09-20,1.0
398,1624,2004-09-20,1.0
1543,1847,2004-09-20,1.0
1403,95,2004-09-20,1.0
1624,398,2004-09-20,1.0
1624,271,2004-09-20,1.0
1730,398,2004-09-20,1.0
1543,1848,2004-09-20,1.0
475,341,2004-09-20,1.0
398,1730,2004-09-20,1.0
509,1026,2004-09-20,1.0
509,1839,2004-09-20,1.0
1756,503,2004-09-20,1.0
175,810,2004-09-20,1.0
27,652,2004-09-20,1.0
1543,1540,2004-09-20,1.0
1167,1853,2004-09-20,1.0
1167,97,2004-09-20,1.0
1167,1847,2004-09-20,1.0
323,298,2004-09-20,1.0
1852,44,2004-09-20,1.0
1848,1543,2004-09-20,1.0
1540,1167,2004-09-20,1.0
1167,1848,2004-09-20,1.0
1624,1349,2004-09-20,1.0
561,95,2004-09-20,1.0
1624,1758,2004-09-20,1.0
211,1,2004-09-21,1.0
1344,1852,2004-09-21,1.0
1624,557,2004-09-21,1.0
1624,755,2004-09-21,1.0
1167,1280,2004-09-21,1.0
224,1854,2004-09-21,1.0
1750,561,2004-09-21,1.0
1362,1624,2004-09-21,1.0
224,1644,2004-09-21,1.0
367,317,2004-09-21,1.0
1644,224,2004-09-21,1.0
1647,621,2004-09-21,1.0
281,1624,2004-09-21,1.0
1281,710,2004-09-21,1.0
1543,1855,2004-09-21,1.0
367,105,2004-09-21,1.0
1343,1796,2004-09-21,1.0
557,1624,2004-09-21,1.0
561,1750,2004-09-21,1.0
1291,1836,2004-09-21,1.0
1724,1237,2004-09-21,1.0
710,1281,2004-09-21,1.0
1758,1845,2004-09-21,1.0
1543,710,2004-09-21,1.0
520,1624,2004-09-21,1.0
810,175,2004-09-21,1.0
1852,1344,2004-09-21,1.0
1601,1246,2004-09-21,1.0
1026,509,2004-09-21,1.0
492,710,2004-09-21,1.0
1854,224,2004-09-21,1.0
1624,520,2004-09-21,1.0
1624,1362,2004-09-21,1.0
44,1852,2004-09-21,1.0
1624,1601,2004-09-21,1.0
1220,27,2004-09-21,1.0
1,3,2004-09-21,1.0
755,1624,2004-09-21,1.0
710,492,2004-09-21,1.0
1601,784,2004-09-21,1.0
1391,1741,2004-09-21,1.0
27,1220,2004-09-21,1.0
1362,1624,2004-09-22,1.0
1624,1657,2004-09-22,1.0
1657,366,2004-09-22,1.0
1657,1675,2004-09-22,1.0
1657,1731,2004-09-22,1.0
1220,27,2004-09-22,1.0
1344,1852,2004-09-22,1.0
105,367,2004-09-22,1.0
1543,1848,2004-09-22,1.0
509,1026,2004-09-22,1.0
1,1626,2004-09-22,1.0
1601,1118,2004-09-22,1.0
224,1644,2004-09-22,1.0
1626,1,2004-09-22,1.0
1644,224,2004-09-22,1.0
1237,1724,2004-09-22,1.0
32,1856,2004-09-22,1.0
32,1857,2004-09-22,1.0
1624,1362,2004-09-22,1.0
1852,1781,2004-09-22,1.0
1724,1237,2004-09-22,1.0
1852,1724,2004-09-22,1.0
1657,1624,2004-09-22,1.0
1848,1543,2004-09-22,1.0
1657,36,2004-09-22,1.0
97,1167,2004-09-22,1.0
492,1181,2004-09-22,1.0
1,211,2004-09-22,1.0
1624,281,2004-09-22,1.0
561,1750,2004-09-22,1.0
492,1565,2004-09-22,1.0
492,1644,2004-09-22,1.0
1246,1601,2004-09-22,1.0
492,1021,2004-09-22,1.0
652,27,2004-09-22,1.0
1644,492,2004-09-22,1.0
492,61,2004-09-22,1.0
710,1281,2004-09-22,1.0
1472,697,2004-09-22,1.0
697,1472,2004-09-22,1.0
1601,711,2004-09-22,1.0
1852,1344,2004-09-22,1.0
1644,224,2004-09-23,1.0
95,697,2004-09-23,1.0
1852,697,2004-09-23,1.0
1624,1862,2004-09-23,1.0
1624,1052,2004-09-23,1.0
1859,1052,2004-09-23,1.0
1852,1781,2004-09-23,1.0
1781,1852,2004-09-23,1.0
12,1644,2004-09-23,1.0
199,959,2004-09-23,1.0
12,1831,2004-09-23,1.0
1052,1859,2004-09-23,1.0
697,1472,2004-09-23,1.0
492,145,2004-09-23,1.0
1543,1861,2004-09-23,1.0
1052,1624,2004-09-23,1.0
1624,398,2004-09-23,1.0
697,95,2004-09-23,1.0
1860,494,2004-09-23,1.0
1601,1859,2004-09-23,1.0
95,561,2004-09-23,1.0
95,1403,2004-09-23,1.0
9,1255,2004-09-23,1.0
9,1644,2004-09-23,1.0
9,1308,2004-09-23,1.0
1034,697,2004-09-23,1.0
9,1181,2004-09-23,1.0
398,1624,2004-09-23,1.0
843,1167,2004-09-23,1.0
145,492,2004-09-23,1.0
1859,95,2004-09-23,1.0
652,1130,2004-09-23,1.0
523,334,2004-09-23,1.0
523,812,2004-09-23,1.0
492,747,2004-09-23,1.0
443,520,2004-09-23,1.0
792,1190,2004-09-23,1.0
1781,1657,2004-09-23,1.0
95,1859,2004-09-23,1.0
1724,42,2004-09-23,1.0
224,1644,2004-09-23,1.0
1181,492,2004-09-23,1.0
42,1724,2004-09-23,1.0
1601,1768,2004-09-23,1.0
1601,1858,2004-09-23,1.0
143,1601,2004-09-23,1.0
1601,143,2004-09-23,1.0
1724,1852,2004-09-23,1.0
1,1626,2004-09-23,1.0
1624,95,2004-09-23,1.0
1859,1601,2004-09-23,1.0
95,1624,2004-09-23,1.0
1756,503,2004-09-24,1.0
1624,1168,2004-09-24,1.0
1168,1624,2004-09-24,1.0
1624,1866,2004-09-24,1.0
1866,1624,2004-09-24,1.0
1624,1626,2004-09-24,1.0
1543,1848,2004-09-24,1.0
1543,1865,2004-09-24,1.0
1675,1657,2004-09-24,1.0
520,443,2004-09-24,1.0
1624,520,2004-09-24,1.0
1624,1052,2004-09-24,1.0
1848,1543,2004-09-24,1.0
342,1848,2004-09-24,1.0
1859,1601,2004-09-24,1.0
143,1601,2004-09-24,1.0
1601,143,2004-09-24,1.0
1781,1601,2004-09-24,1.0
1308,9,2004-09-24,1.0
1237,1167,2004-09-24,1.0
9,1308,2004-09-24,1.0
586,396,2004-09-24,1.0
1848,342,2004-09-24,1.0
1644,9,2004-09-24,1.0
1624,398,2004-09-24,1.0
1624,95,2004-09-24,1.0
1626,1624,2004-09-24,1.0
1624,105,2004-09-24,1.0
1601,1781,2004-09-24,1.0
1601,1246,2004-09-24,1.0
1624,234,2004-09-24,1.0
398,1624,2004-09-24,1.0
334,523,2004-09-24,1.0
1781,1657,2004-09-24,1.0
1052,1859,2004-09-24,1.0
719,1641,2004-09-24,1.0
1624,1781,2004-09-24,1.0
1796,1343,2004-09-24,1.0
1181,9,2004-09-24,1.0
1601,973,2004-09-24,1.0
1472,697,2004-09-24,1.0
1836,1540,2004-09-24,1.0
398,828,2004-09-24,1.0
1836,1863,2004-09-24,1.0
9,1181,2004-09-24,1.0
1,312,2004-09-24,1.0
1859,1052,2004-09-24,1.0
1860,993,2004-09-24,1.0
503,1756,2004-09-24,1.0
1601,1859,2004-09-24,1.0
1624,1864,2004-09-24,1.0
1624,1285,2004-09-24,1.0
1601,701,2004-09-24,1.0
1052,1624,2004-09-24,1.0
1624,1727,2004-09-24,1.0
1624,1862,2004-09-24,1.0
1727,1624,2004-09-24,1.0
1727,143,2004-09-24,1.0
479,1546,2004-09-25,1.0
1724,785,2004-09-25,1.0
1546,479,2004-09-25,1.0
95,1624,2004-09-25,1.0
9,1181,2004-09-25,1.0
1052,1859,2004-09-25,1.0
1724,1836,2004-09-25,1.0
398,447,2004-09-25,1.0
1601,143,2004-09-25,1.0
398,1624,2004-09-25,1.0
719,1868,2004-09-25,1.0
447,398,2004-09-25,1.0
1869,1862,2004-09-25,1.0
479,1540,2004-09-25,1.0
1624,95,2004-09-25,1.0
969,1867,2004-09-25,1.0
1624,398,2004-09-25,1.0
32,1675,2004-09-25,1.0
1624,1811,2004-09-25,1.0
143,1727,2004-09-25,1.0
143,1601,2004-09-25,1.0
1862,1624,2004-09-25,1.0
1231,1783,2004-09-25,1.0
509,1097,2004-09-25,1.0
509,1839,2004-09-25,1.0
1624,1862,2004-09-25,1.0
1811,1624,2004-09-25,1.0
1783,1231,2004-09-25,1.0
843,1237,2004-09-25,1.0
1859,1052,2004-09-25,1.0
1280,1167,2004-09-25,1.0
1181,9,2004-09-25,1.0
711,1868,2004-09-26,1.0
1836,1724,2004-09-26,1.0
32,1675,2004-09-26,1.0
536,927,2004-09-26,1.0
312,1,2004-09-26,1.0
711,1601,2004-09-26,1.0
1724,1836,2004-09-26,1.0
557,1624,2004-09-26,1.0
1246,1601,2004-09-26,1.0
95,1624,2004-09-26,1.0
1118,1601,2004-09-26,1.0
1624,95,2004-09-26,1.0
398,1624,2004-09-26,1.0
1,312,2004-09-26,1.0
1308,9,2004-09-26,1.0
1543,1870,2004-09-26,1.0
1750,561,2004-09-26,1.0
1619,1343,2004-09-26,1.0
1862,1869,2004-09-26,1.0
1,36,2004-09-26,1.0
1624,1866,2004-09-26,1.0
36,1,2004-09-26,1.0
9,1644,2004-09-26,1.0
1859,1052,2004-09-26,1.0
1543,256,2004-09-26,1.0
1783,645,2004-09-26,1.0
1868,719,2004-09-26,1.0
1675,32,2004-09-26,1.0
1868,1338,2004-09-26,1.0
1624,810,2004-09-27,1.0
810,1624,2004-09-27,1.0
561,1750,2004-09-27,1.0
1868,1624,2004-09-27,1.0
398,1624,2004-09-27,1.0
1624,398,2004-09-27,1.0
1624,1868,2004-09-27,1.0
1872,810,2004-09-27,1.0
1872,1868,2004-09-27,1.0
1,312,2004-09-27,1.0
1868,1872,2004-09-27,1.0
1312,1344,2004-09-27,1.0
1052,711,2004-09-27,1.0
1052,701,2004-09-27,1.0
768,1280,2004-09-27,1.0
145,492,2004-09-27,1.0
1312,1387,2004-09-27,1.0
620,27,2004-09-27,1.0
1601,711,2004-09-27,1.0
1601,1118,2004-09-27,1.0
1181,9,2004-09-27,1.0
492,1181,2004-09-27,1.0
1344,1312,2004-09-27,1.0
1836,1724,2004-09-27,1.0
9,1190,2004-09-27,1.0
9,1781,2004-09-27,1.0
494,1860,2004-09-27,1.0
443,520,2004-09-27,1.0
1190,792,2004-09-27,1.0
1190,9,2004-09-27,1.0
9,899,2004-09-27,1.0
899,9,2004-09-27,1.0
821,483,2004-09-27,1.0
821,583,2004-09-27,1.0
105,1624,2004-09-27,1.0
105,1127,2004-09-27,1.0
27,620,2004-09-27,1.0
1750,561,2004-09-27,1.0
1624,1781,2004-09-27,1.0
1781,1624,2004-09-27,1.0
1675,32,2004-09-27,1.0
1624,1772,2004-09-27,1.0
1624,645,2004-09-27,1.0
9,708,2004-09-27,1.0
9,1380,2004-09-27,1.0
1624,1601,2004-09-27,1.0
1624,1862,2004-09-27,1.0
9,1308,2004-09-27,1.0
1624,1871,2004-09-27,1.0
1871,1624,2004-09-27,1.0
1387,1312,2004-09-27,1.0
1868,711,2004-09-27,1.0
27,620,2004-09-28,1.0
1312,1344,2004-09-28,1.0
1644,652,2004-09-28,1.0
1860,1873,2004-09-28,1.0
1860,494,2004-09-28,1.0
9,1781,2004-09-28,1.0
768,1280,2004-09-28,1.0
652,69,2004-09-28,1.0
9,1190,2004-09-28,1.0
32,673,2004-09-28,1.0
1868,1346,2004-09-28,1.0
1624,1868,2004-09-28,1.0
1601,1624,2004-09-28,1.0
431,561,2004-09-28,1.0
620,27,2004-09-28,1.0
1624,1601,2004-09-28,1.0
1237,1236,2004-09-28,1.0
1237,843,2004-09-28,1.0
1852,1865,2004-09-28,1.0
673,32,2004-09-28,1.0
652,1644,2004-09-28,1.0
32,1167,2004-09-28,1.0
1724,785,2004-09-28,1.0
1280,768,2004-09-28,1.0
1190,9,2004-09-28,1.0
1190,394,2004-09-28,1.0
1601,1872,2004-09-28,1.0
9,1181,2004-09-28,1.0
1750,561,2004-09-28,1.0
1868,1052,2004-09-28,1.0
1624,810,2004-09-28,1.0
1781,9,2004-09-28,1.0
1781,1624,2004-09-28,1.0
1624,1781,2004-09-28,1.0
1624,1052,2004-09-28,1.0
312,1,2004-09-28,1.0
1346,1868,2004-09-28,1.0
1868,1624,2004-09-28,1.0
1624,234,2004-09-28,1.0
492,463,2004-09-28,1.0
1624,1727,2004-09-28,1.0
1724,1836,2004-09-28,1.0
785,1724,2004-09-28,1.0
1167,1540,2004-09-29,1.0
234,1624,2004-09-29,1.0
1724,785,2004-09-29,1.0
652,278,2004-09-29,1.0
9,1781,2004-09-29,1.0
9,1190,2004-09-29,1.0
1167,32,2004-09-29,1.0
1167,809,2004-09-29,1.0
1167,429,2004-09-29,1.0
1181,492,2004-09-29,1.0
1713,561,2004-09-29,1.0
1624,234,2004-09-29,1.0
1543,536,2004-09-29,1.0
1750,561,2004-09-29,1.0
1075,1624,2004-09-29,1.0
785,1724,2004-09-29,1.0
1724,1836,2004-09-29,1.0
1181,9,2004-09-29,1.0
847,1872,2004-09-29,1.0
1644,652,2004-09-29,1.0
1874,451,2004-09-29,1.0
32,673,2004-09-29,1.0
1,312,2004-09-29,1.0
1836,1724,2004-09-29,1.0
193,393,2004-09-29,1.0
697,1319,2004-09-29,1.0
393,193,2004-09-29,1.0
1491,847,2004-09-29,1.0
652,1644,2004-09-29,1.0
1601,1875,2004-09-29,1.0
1624,95,2004-09-29,1.0
674,1865,2004-09-29,1.0
830,621,2004-09-29,1.0
697,492,2004-09-29,1.0
843,1237,2004-09-29,1.0
1781,9,2004-09-29,1.0
1190,9,2004-09-29,1.0
1346,1868,2004-09-29,1.0
847,1491,2004-09-29,1.0
1724,1836,2004-09-30,1.0
1772,1624,2004-09-30,1.0
1864,1624,2004-09-30,1.0
1346,1713,2004-09-30,1.0
697,808,2004-09-30,1.0
1713,617,2004-09-30,1.0
1781,9,2004-09-30,1.0
969,1669,2004-09-30,1.0
1624,1772,2004-09-30,1.0
1491,847,2004-09-30,1.0
1624,1864,2004-09-30,1.0
1624,1168,2004-09-30,1.0
1624,9,2004-09-30,1.0
1,312,2004-09-30,1.0
1669,969,2004-09-30,1.0
1543,1724,2004-09-30,1.0
1543,969,2004-09-30,1.0
557,1624,2004-09-30,1.0
1543,536,2004-09-30,1.0
1624,1678,2004-09-30,1.0
673,1773,2004-09-30,1.0
536,1543,2004-09-30,1.0
1624,1075,2004-09-30,1.0
697,1866,2004-09-30,1.0
652,69,2004-09-30,1.0
1332,1565,2004-09-30,1.0
1332,1796,2004-09-30,1.0
621,830,2004-09-30,1.0
1308,9,2004-09-30,1.0
1565,1332,2004-09-30,1.0
785,1724,2004-09-30,1.0
1836,1724,2004-09-30,1.0
808,697,2004-09-30,1.0
1565,1713,2004-09-30,1.0
9,1781,2004-09-30,1.0
9,1308,2004-09-30,1.0
1773,673,2004-09-30,1.0
1866,1402,2004-09-30,1.0
1866,1768,2004-09-30,1.0
1713,1346,2004-09-30,1.0
1713,1565,2004-09-30,1.0
27,620,2004-10-01,1.0
1624,1168,2004-10-01,1.0
1168,1624,2004-10-01,1.0
1624,9,2004-10-01,1.0
1624,557,2004-10-01,1.0
316,509,2004-10-01,1.0
1190,9,2004-10-01,1.0
509,316,2004-10-01,1.0
1338,1868,2004-10-01,1.0
1852,1865,2004-10-01,1.0
768,1280,2004-10-01,1.0
561,95,2004-10-01,1.0
1876,1865,2004-10-01,1.0
561,1750,2004-10-01,1.0
557,1624,2004-10-01,1.0
561,431,2004-10-01,1.0
561,1713,2004-10-01,1.0
1285,1624,2004-10-01,1.0
674,1865,2004-10-01,1.0
12,1312,2004-10-01,1.0
1644,9,2004-10-01,1.0
9,1624,2004-10-01,1.0
536,1543,2004-10-01,1.0
1865,674,2004-10-01,1.0
1865,1852,2004-10-01,1.0
1864,1624,2004-10-01,1.0
9,1781,2004-10-01,1.0
1280,768,2004-10-01,1.0
1624,1864,2004-10-01,1.0
1836,1724,2004-10-01,1.0
234,642,2004-10-01,1.0
1312,12,2004-10-01,1.0
1343,1619,2004-10-01,1.0
1543,536,2004-10-01,1.0
1543,886,2004-10-01,1.0
1406,194,2004-10-01,1.0
652,1565,2004-10-01,1.0
540,615,2004-10-01,1.0
1866,773,2004-10-01,1.0
1866,1847,2004-10-01,1.0
1781,847,2004-10-02,1.0
1,312,2004-10-02,1.0
652,1565,2004-10-02,1.0
809,1167,2004-10-02,1.0
847,1781,2004-10-02,1.0
1565,652,2004-10-02,1.0
1624,1362,2004-10-02,1.0
1362,1624,2004-10-02,1.0
1724,1836,2004-10-02,1.0
1624,9,2004-10-02,1.0
1781,9,2004-10-02,1.0
642,234,2004-10-02,1.0
9,1190,2004-10-02,1.0
95,1865,2004-10-02,1.0
9,1624,2004-10-02,1.0
1543,536,2004-10-02,1.0
431,561,2004-10-02,1.0
711,1601,2004-10-02,1.0
423,1565,2004-10-02,1.0
536,1543,2004-10-02,1.0
539,710,2004-10-02,1.0
1783,697,2004-10-03,1.0
1,312,2004-10-03,1.0
1713,561,2004-10-03,1.0
1781,847,2004-10-03,1.0
561,1713,2004-10-03,1.0
1713,233,2004-10-03,1.0
233,1713,2004-10-03,1.0
620,27,2004-10-03,1.0
1713,617,2004-10-03,1.0
312,1,2004-10-03,1.0
1862,601,2004-10-03,1.0
1713,536,2004-10-03,1.0
1601,1796,2004-10-03,1.0
1870,1543,2004-10-03,1.0
1167,809,2004-10-03,1.0
652,27,2004-10-03,1.0
674,1877,2004-10-03,1.0
1783,1344,2004-10-03,1.0
601,1862,2004-10-03,1.0
583,821,2004-10-03,1.0
1175,1246,2004-10-03,1.0
821,583,2004-10-03,1.0
536,1543,2004-10-03,1.0
1678,1565,2004-10-03,1.0
1864,697,2004-10-04,1.0
1878,1864,2004-10-04,1.0
1878,1865,2004-10-04,1.0
1624,1362,2004-10-04,1.0
1836,1724,2004-10-04,1.0
1700,1540,2004-10-04,1.0
1878,1730,2004-10-04,1.0
27,620,2004-10-04,1.0
1730,1878,2004-10-04,1.0
536,1713,2004-10-04,1.0
620,27,2004-10-04,1.0
652,1565,2004-10-04,1.0
27,1876,2004-10-04,1.0
312,1,2004-10-04,1.0
1700,429,2004-10-04,1.0
1876,1117,2004-10-04,1.0
1362,1624,2004-10-04,1.0
1280,768,2004-10-04,1.0
1543,1870,2004-10-04,1.0
93,1624,2004-10-04,1.0
1624,93,2004-10-04,1.0
172,523,2004-10-04,1.0
1713,1117,2004-10-04,1.0
27,652,2004-10-04,1.0
697,1864,2004-10-04,1.0
1117,1713,2004-10-04,1.0
1876,868,2004-10-04,1.0
1601,1875,2004-10-04,1.0
1876,27,2004-10-04,1.0
1836,1724,2004-10-05,1.0
1836,1362,2004-10-05,1.0
1624,9,2004-10-05,1.0
868,1876,2004-10-05,1.0
1362,1836,2004-10-05,1.0
536,1713,2004-10-05,1.0
1362,342,2004-10-05,1.0
1773,1282,2004-10-05,1.0
9,1624,2004-10-05,1.0
1836,536,2004-10-05,1.0
697,645,2004-10-05,1.0
1724,1836,2004-10-05,1.0
809,1167,2004-10-05,1.0
1168,1624,2004-10-05,1.0
1852,697,2004-10-05,1.0
342,1362,2004-10-05,1.0
1158,1072,2004-10-05,1.0
42,323,2004-10-05,1.0
697,1852,2004-10-05,1.0
1344,1783,2004-10-05,1.0
536,1836,2004-10-05,1.0
1876,868,2004-10-05,1.0
1565,652,2004-10-05,1.0
1338,1601,2004-10-05,1.0
1,312,2004-10-05,1.0
1624,1866,2004-10-05,1.0
1624,1727,2004-10-05,1.0
1624,1781,2004-10-05,1.0
1781,1624,2004-10-05,1.0
1730,1878,2004-10-05,1.0
1713,536,2004-10-05,1.0
1601,711,2004-10-05,1.0
312,1,2004-10-05,1.0
27,1876,2004-10-05,1.0
1876,27,2004-10-05,1.0
1750,561,2004-10-05,1.0
1864,1878,2004-10-05,1.0
1866,447,2004-10-06,1.0
447,1866,2004-10-06,1.0
342,561,2004-10-06,1.0
652,1565,2004-10-06,1.0
469,1181,2004-10-06,1.0
536,1836,2004-10-06,1.0
1,312,2004-10-06,1.0
1852,697,2004-10-06,1.0
1181,469,2004-10-06,1.0
1836,536,2004-10-06,1.0
193,393,2004-10-06,1.0
1876,868,2004-10-06,1.0
1876,1880,2004-10-06,1.0
1866,868,2004-10-06,1.0
868,1866,2004-10-06,1.0
1866,44,2004-10-06,1.0
1724,1836,2004-10-06,1.0
1543,1879,2004-10-06,1.0
1713,987,2004-10-06,1.0
1713,536,2004-10-06,1.0
768,1280,2004-10-06,1.0
868,1876,2004-10-06,1.0
44,1866,2004-10-06,1.0
393,193,2004-10-06,1.0
1836,1362,2004-10-06,1.0
1624,1168,2004-10-06,1.0
1601,1338,2004-10-06,1.0
536,1713,2004-10-06,1.0
1876,1565,2004-10-06,1.0
1876,983,2004-10-06,1.0
983,1079,2004-10-07,1.0
1079,983,2004-10-07,1.0
1881,1750,2004-10-07,1.0
1750,1881,2004-10-07,1.0
1741,463,2004-10-07,1.0
1079,1881,2004-10-07,1.0
1881,1079,2004-10-07,1.0
1,132,2004-10-07,1.0
1866,1644,2004-10-07,1.0
557,561,2004-10-07,1.0
557,302,2004-10-07,1.0
1362,1836,2004-10-07,1.0
1836,1362,2004-10-07,1.0
1750,561,2004-10-07,1.0
561,1750,2004-10-07,1.0
561,342,2004-10-07,1.0
1052,1881,2004-10-07,1.0
1676,1881,2004-10-07,1.0
1,312,2004-10-07,1.0
302,557,2004-10-07,1.0
536,1713,2004-10-07,1.0
1280,768,2004-10-07,1.0
1741,1847,2004-10-07,1.0
1741,773,2004-10-07,1.0
1741,475,2004-10-07,1.0
1741,1792,2004-10-07,1.0
1644,1866,2004-10-07,1.0
536,1836,2004-10-07,1.0
1881,1676,2004-10-07,1.0
224,1644,2004-10-07,1.0
1878,1362,2004-10-07,1.0
1362,1878,2004-10-07,1.0
1713,536,2004-10-07,1.0
1282,1773,2004-10-07,1.0
868,1876,2004-10-07,1.0
312,1,2004-10-07,1.0
1876,868,2004-10-07,1.0
1546,1875,2004-10-07,1.0
1836,536,2004-10-07,1.0
1565,652,2004-10-07,1.0
1881,1052,2004-10-07,1.0
1773,1282,2004-10-07,1.0
1642,1881,2004-10-07,1.0
1881,1642,2004-10-07,1.0
1052,1881,2004-10-08,1.0
342,561,2004-10-08,1.0
1881,1052,2004-10-08,1.0
652,1565,2004-10-08,1.0
1474,1793,2004-10-08,1.0
1836,1362,2004-10-08,1.0
1282,1773,2004-10-08,1.0
1474,1375,2004-10-08,1.0
1319,697,2004-10-09,1.0
561,105,2004-10-09,1.0
1168,1883,2004-10-09,1.0
561,342,2004-10-09,1.0
1488,1724,2004-10-09,1.0
557,561,2004-10-09,1.0
105,561,2004-10-09,1.0
615,540,2004-10-09,1.0
561,557,2004-10-09,1.0
19,1882,2004-10-09,1.0
697,1713,2004-10-09,1.0
993,1860,2004-10-09,1.0
561,1750,2004-10-09,1.0
1375,1756,2004-10-09,1.0
1375,1474,2004-10-09,1.0
1713,697,2004-10-09,1.0
1644,224,2004-10-09,1.0
536,492,2004-10-10,1.0
1,312,2004-10-10,1.0
431,561,2004-10-10,1.0
475,1741,2004-10-10,1.0
1332,1395,2004-10-10,1.0
1332,1178,2004-10-10,1.0
312,1,2004-10-10,1.0
492,536,2004-10-10,1.0
768,1280,2004-10-10,1.0
1624,1878,2004-10-10,1.0
561,557,2004-10-10,1.0
697,1319,2004-10-10,1.0
1488,1885,2004-10-10,1.0
1488,1886,2004-10-10,1.0
1488,1887,2004-10-10,1.0
1488,1877,2004-10-10,1.0
1488,1875,2004-10-10,1.0
1488,1884,2004-10-10,1.0
1488,1865,2004-10-10,1.0
1488,1870,2004-10-10,1.0
1488,1889,2004-10-10,1.0
492,686,2004-10-10,1.0
1488,1888,2004-10-10,1.0
32,1034,2004-10-11,1.0
9,1624,2004-10-11,1.0
9,1644,2004-10-11,1.0
1624,1878,2004-10-11,1.0
1624,9,2004-10-11,1.0
1543,1395,2004-10-11,1.0
1878,32,2004-10-11,1.0
146,1,2004-10-11,1.0
1181,131,2004-10-11,1.0
1,146,2004-10-11,1.0
32,1878,2004-10-11,1.0
1052,1865,2004-10-11,1.0
1,312,2004-10-11,1.0
1878,1624,2004-10-11,1.0
418,1565,2004-10-11,1.0
1724,1488,2004-10-11,1.0
1291,1836,2004-10-11,1.0
1487,1890,2004-10-11,1.0
342,561,2004-10-11,1.0
1052,1002,2004-10-11,1.0
1236,1237,2004-10-11,1.0
418,928,2004-10-11,1.0
561,342,2004-10-11,1.0
429,1700,2004-10-11,1.0
492,429,2004-10-11,1.0
1836,1291,2004-10-11,1.0
1280,768,2004-10-11,1.0
233,810,2004-10-12,1.0
342,561,2004-10-12,1.0
456,1132,2004-10-12,1.0
1792,1285,2004-10-12,1.0
27,1079,2004-10-12,1.0
1624,1878,2004-10-12,1.0
32,1878,2004-10-12,1.0
1644,1079,2004-10-12,1.0
810,233,2004-10-12,1.0
1771,1681,2004-10-12,1.0
1878,1624,2004-10-12,1.0
1878,32,2004-10-12,1.0
1079,1644,2004-10-12,1.0
1237,843,2004-10-12,1.0
93,525,2004-10-12,1.0
1888,1488,2004-10-12,1.0
1237,1236,2004-10-12,1.0
1681,1771,2004-10-12,1.0
1395,1543,2004-10-12,1.0
1395,1332,2004-10-12,1.0
312,1,2004-10-12,1.0
1079,27,2004-10-12,1.0
1079,1865,2004-10-12,1.0
674,1079,2004-10-12,1.0
1079,674,2004-10-12,1.0
1079,868,2004-10-12,1.0
686,492,2004-10-13,1.0
1624,1557,2004-10-13,1.0
1557,1624,2004-10-13,1.0
673,1557,2004-10-13,1.0
1893,1840,2004-10-13,1.0
768,1280,2004-10-13,1.0
843,1237,2004-10-13,1.0
1893,868,2004-10-13,1.0
423,132,2004-10-13,1.0
131,1181,2004-10-13,1.0
1557,673,2004-10-13,1.0
1167,1540,2004-10-13,1.0
1,312,2004-10-13,1.0
1892,1280,2004-10-13,1.0
312,1,2004-10-13,1.0
429,492,2004-10-13,1.0
189,712,2004-10-13,1.0
233,810,2004-10-13,1.0
828,398,2004-10-13,1.0
810,233,2004-10-13,1.0
1601,1891,2004-10-13,1.0
1878,1624,2004-10-13,1.0
1624,1878,2004-10-13,1.0
1540,479,2004-10-13,1.0
1540,1167,2004-10-13,1.0
1644,1079,2004-10-14,1.0
1079,1644,2004-10-14,1.0
1773,1282,2004-10-14,1.0
1748,97,2004-10-14,1.0
1178,1332,2004-10-14,1.0
1236,1237,2004-10-14,1.0
1,312,2004-10-14,1.0
1629,469,2004-10-14,1.0
686,492,2004-10-14,1.0
1543,513,2004-10-14,1.0
1344,1079,2004-10-14,1.0
696,713,2004-10-14,1.0
561,342,2004-10-14,1.0
1543,1487,2004-10-14,1.0
1543,69,2004-10-14,1.0
1,146,2004-10-14,1.0
561,105,2004-10-14,1.0
1079,1313,2004-10-14,1.0
868,1079,2004-10-14,1.0
868,1893,2004-10-14,1.0
1543,1395,2004-10-14,1.0
193,773,2004-10-14,1.0
312,1,2004-10-14,1.0
1783,1792,2004-10-14,1.0
828,398,2004-10-14,1.0
146,1,2004-10-14,1.0
398,828,2004-10-14,1.0
1079,868,2004-10-14,1.0
469,1629,2004-10-14,1.0
492,686,2004-10-14,1.0
492,1629,2004-10-14,1.0
1079,1344,2004-10-14,1.0
469,1181,2004-10-14,1.0
