========================================================================
STARTING GLOBAL DATASET: CollegeMsg
========================================================================
Seed set to: 42
[Checking Graph Integrity for 181 snapshots...]
[Done] Total Snapshots processed: 181

Statistics for CollegeMsg:
	Nodes: 1893
	Edges: 33624
	Snaps: 181
	Dur: 1D
CLS num_feats 128
--- Training egcn_o | Task: Future Link Prediction ---
Epoch 001 | Loss: 0.608740 | Train AUC: 0.9377
Epoch 010 | Loss: 0.151159 | Train AUC: 0.9952
Epoch 020 | Loss: 0.281669 | Train AUC: 0.9779
Epoch 030 | Loss: 0.124337 | Train AUC: 0.9966
Epoch 040 | Loss: 0.360771 | Train AUC: 0.9682
Epoch 050 | Loss: 0.109810 | Train AUC: 0.9969
Early stopping triggered at epoch 50. Best Loss: 0.107150
--- Probability Distribution Check ---
Positives | Mean: 0.992682 | Std: 0.026115 | Max: 0.999993 | Min: 0.013684
Negatives | Mean: 0.008113 | Std: 0.076772 | Max: 0.999748 | Min: 0.000000
Optimal Threshold: 0.84 | Sampled Val F1: 0.9968
Loading data for CollegeMsg with use_predicted=False, num_back=all, num_buckets=10, use_test_style=None

Snapshot 153 | CAPPED | True Edges: 61 | Cap Limit: 385
  [UNCAPPED] Pred: 13274   | TP: 0     | FP: 13274   | TN: 3568221 | FN: 61   
  [CAPPED]   Pred: 385     | TP: 0     | FP: 385     | TN: 3581110 | FN: 61   

Snapshot 154 | CAPPED | True Edges: 32 | Cap Limit: 305
  [UNCAPPED] Pred: 13554   | TP: 0     | FP: 13554   | TN: 3567970 | FN: 32   
  [CAPPED]   Pred: 305     | TP: 0     | FP: 305     | TN: 3581219 | FN: 32   

Snapshot 155 | CAPPED | True Edges: 27 | Cap Limit: 160
  [UNCAPPED] Pred: 12720   | TP: 0     | FP: 12720   | TN: 3568809 | FN: 27   
  [CAPPED]   Pred: 160     | TP: 0     | FP: 160     | TN: 3581369 | FN: 27   

Snapshot 156 | CAPPED | True Edges: 34 | Cap Limit: 135
  [UNCAPPED] Pred: 12960   | TP: 0     | FP: 12960   | TN: 3568562 | FN: 34   
  [CAPPED]   Pred: 135     | TP: 0     | FP: 135     | TN: 3581387 | FN: 34   

Snapshot 157 | CAPPED | True Edges: 42 | Cap Limit: 170
  [UNCAPPED] Pred: 12960   | TP: 1     | FP: 12959   | TN: 3568555 | FN: 41   
  [CAPPED]   Pred: 170     | TP: 0     | FP: 170     | TN: 3581344 | FN: 42   

Snapshot 158 | CAPPED | True Edges: 42 | Cap Limit: 210
  [UNCAPPED] Pred: 12976   | TP: 0     | FP: 12976   | TN: 3568538 | FN: 42   
  [CAPPED]   Pred: 210     | TP: 0     | FP: 210     | TN: 3581304 | FN: 42   

Snapshot 159 | CAPPED | True Edges: 52 | Cap Limit: 210
  [UNCAPPED] Pred: 12822   | TP: 0     | FP: 12822   | TN: 3568682 | FN: 52   
  [CAPPED]   Pred: 210     | TP: 0     | FP: 210     | TN: 3581294 | FN: 52   

Snapshot 160 | CAPPED | True Edges: 58 | Cap Limit: 260
  [UNCAPPED] Pred: 13118   | TP: 0     | FP: 13118   | TN: 3568380 | FN: 58   
  [CAPPED]   Pred: 260     | TP: 0     | FP: 260     | TN: 3581238 | FN: 58   

Snapshot 161 | CAPPED | True Edges: 32 | Cap Limit: 290
  [UNCAPPED] Pred: 13042   | TP: 0     | FP: 13042   | TN: 3568482 | FN: 32   
  [CAPPED]   Pred: 290     | TP: 0     | FP: 290     | TN: 3581234 | FN: 32   

Snapshot 162 | CAPPED | True Edges: 29 | Cap Limit: 160
  [UNCAPPED] Pred: 12804   | TP: 0     | FP: 12804   | TN: 3568723 | FN: 29   
  [CAPPED]   Pred: 160     | TP: 0     | FP: 160     | TN: 3581367 | FN: 29   

Snapshot 163 | CAPPED | True Edges: 52 | Cap Limit: 145
  [UNCAPPED] Pred: 13522   | TP: 0     | FP: 13522   | TN: 3567982 | FN: 52   
  [CAPPED]   Pred: 145     | TP: 0     | FP: 145     | TN: 3581359 | FN: 52   

Snapshot 164 | CAPPED | True Edges: 43 | Cap Limit: 260
  [UNCAPPED] Pred: 13400   | TP: 0     | FP: 13400   | TN: 3568113 | FN: 43   
  [CAPPED]   Pred: 260     | TP: 0     | FP: 260     | TN: 3581253 | FN: 43   

Snapshot 165 | CAPPED | True Edges: 39 | Cap Limit: 215
  [UNCAPPED] Pred: 13070   | TP: 0     | FP: 13070   | TN: 3568447 | FN: 39   
  [CAPPED]   Pred: 215     | TP: 0     | FP: 215     | TN: 3581302 | FN: 39   

Snapshot 166 | CAPPED | True Edges: 41 | Cap Limit: 195
  [UNCAPPED] Pred: 12984   | TP: 0     | FP: 12984   | TN: 3568531 | FN: 41   
  [CAPPED]   Pred: 195     | TP: 0     | FP: 195     | TN: 3581320 | FN: 41   

Snapshot 167 | CAPPED | True Edges: 40 | Cap Limit: 205
  [UNCAPPED] Pred: 13456   | TP: 0     | FP: 13456   | TN: 3568060 | FN: 40   
  [CAPPED]   Pred: 205     | TP: 0     | FP: 205     | TN: 3581311 | FN: 40   

Snapshot 168 | CAPPED | True Edges: 21 | Cap Limit: 200
  [UNCAPPED] Pred: 13012   | TP: 0     | FP: 13012   | TN: 3568523 | FN: 21   
  [CAPPED]   Pred: 200     | TP: 0     | FP: 200     | TN: 3581335 | FN: 21   

Snapshot 169 | CAPPED | True Edges: 24 | Cap Limit: 105
  [UNCAPPED] Pred: 12932   | TP: 0     | FP: 12932   | TN: 3568600 | FN: 24   
  [CAPPED]   Pred: 105     | TP: 0     | FP: 105     | TN: 3581427 | FN: 24   

Snapshot 170 | CAPPED | True Edges: 29 | Cap Limit: 120
  [UNCAPPED] Pred: 12710   | TP: 0     | FP: 12710   | TN: 3568817 | FN: 29   
  [CAPPED]   Pred: 120     | TP: 0     | FP: 120     | TN: 3581407 | FN: 29   

Snapshot 171 | CAPPED | True Edges: 37 | Cap Limit: 145
  [UNCAPPED] Pred: 13156   | TP: 0     | FP: 13156   | TN: 3568363 | FN: 37   
  [CAPPED]   Pred: 145     | TP: 0     | FP: 145     | TN: 3581374 | FN: 37   

Snapshot 172 | CAPPED | True Edges: 30 | Cap Limit: 185
  [UNCAPPED] Pred: 13520   | TP: 0     | FP: 13520   | TN: 3568006 | FN: 30   
  [CAPPED]   Pred: 185     | TP: 0     | FP: 185     | TN: 3581341 | FN: 30   

Snapshot 173 | CAPPED | True Edges: 44 | Cap Limit: 150
  [UNCAPPED] Pred: 13064   | TP: 0     | FP: 13064   | TN: 3568448 | FN: 44   
  [CAPPED]   Pred: 150     | TP: 0     | FP: 150     | TN: 3581362 | FN: 44   

Snapshot 174 | CAPPED | True Edges: 8 | Cap Limit: 220
  [UNCAPPED] Pred: 13054   | TP: 0     | FP: 13054   | TN: 3568494 | FN: 8    
  [CAPPED]   Pred: 220     | TP: 0     | FP: 220     | TN: 3581328 | FN: 8    

Snapshot 175 | CAPPED | True Edges: 17 | Cap Limit: 40
  [UNCAPPED] Pred: 12490   | TP: 0     | FP: 12490   | TN: 3569049 | FN: 17   
  [CAPPED]   Pred: 40      | TP: 0     | FP: 40      | TN: 3581499 | FN: 17   

Snapshot 176 | CAPPED | True Edges: 23 | Cap Limit: 85
  [UNCAPPED] Pred: 13214   | TP: 0     | FP: 13214   | TN: 3568319 | FN: 23   
  [CAPPED]   Pred: 85      | TP: 0     | FP: 85      | TN: 3581448 | FN: 23   

Snapshot 177 | CAPPED | True Edges: 27 | Cap Limit: 115
  [UNCAPPED] Pred: 12996   | TP: 0     | FP: 12996   | TN: 3568533 | FN: 27   
  [CAPPED]   Pred: 115     | TP: 0     | FP: 115     | TN: 3581414 | FN: 27   

Snapshot 178 | CAPPED | True Edges: 26 | Cap Limit: 135
  [UNCAPPED] Pred: 12940   | TP: 0     | FP: 12940   | TN: 3568590 | FN: 26   
  [CAPPED]   Pred: 135     | TP: 0     | FP: 135     | TN: 3581395 | FN: 26   

Snapshot 179 | CAPPED | True Edges: 23 | Cap Limit: 130
  [UNCAPPED] Pred: 12502   | TP: 0     | FP: 12502   | TN: 3569031 | FN: 23   
  [CAPPED]   Pred: 130     | TP: 0     | FP: 130     | TN: 3581403 | FN: 23   

Snapshot 180 | CAPPED | True Edges: 32 | Cap Limit: 125
  [UNCAPPED] Pred: 12992   | TP: 0     | FP: 12992   | TN: 3568532 | FN: 32   
  [CAPPED]   Pred: 125     | TP: 0     | FP: 125     | TN: 3581399 | FN: 32   
Saved memory-safe EvolveGCN sparse graphs to data/output/predicted/EvolveGCN/CollegeMsg_egcn_o_128_64_32_0.01_0.0001_undirected_threshold_5xCap.pkl

--- DATASET: CollegeMsg (EvolveGCN) METRICS ---
TRAIN:  Time=73.79s, GPU=132.00MB, RAM=1408.59MB
THRESH: Time=0.24s, GPU=132.00MB, RAM=1409.28MB
CONST:  Time=12.02s, GPU=846.00MB, RAM=1544.08MB
========================================================================
COMPLETED DATASET: CollegeMsg
========================================================================
========================================================================
STARTING GLOBAL DATASET: mathoverflow
========================================================================
Seed set to: 42
[Checking Graph Integrity for 189 snapshots...]
[Done] Total Snapshots processed: 189

Statistics for mathoverflow:
	Nodes: 4966
	Edges: 26983
	Snaps: 189
	Dur: 1D
CLS num_feats 128
--- Training egcn_o | Task: Future Link Prediction ---
Epoch 001 | Loss: 0.498782 | Train AUC: 0.9586
Epoch 010 | Loss: 0.260803 | Train AUC: 0.9855
Epoch 020 | Loss: 0.241471 | Train AUC: 0.9884
Early stopping triggered at epoch 24. Best Loss: 0.032709
--- Probability Distribution Check ---
Positives | Mean: 0.994979 | Std: 0.025954 | Max: 1.000000 | Min: 0.000000
Negatives | Mean: 0.004303 | Std: 0.058026 | Max: 0.999926 | Min: 0.000000
Optimal Threshold: 0.73 | Sampled Val F1: 0.9978
Loading data for mathoverflow with use_predicted=False, num_back=all, num_buckets=10, use_test_style=None

Snapshot 160 | CAPPED | True Edges: 15 | Cap Limit: 740
  [UNCAPPED] Pred: 71426   | TP: 0     | FP: 71426   | TN: 24584749 | FN: 15   
  [CAPPED]   Pred: 740     | TP: 0     | FP: 740     | TN: 24655435 | FN: 15   

Snapshot 161 | CAPPED | True Edges: 12 | Cap Limit: 730
  [UNCAPPED] Pred: 71680   | TP: 1     | FP: 71679   | TN: 24584499 | FN: 11   
  [CAPPED]   Pred: 730     | TP: 0     | FP: 730     | TN: 24655448 | FN: 12   

Snapshot 162 | CAPPED | True Edges: 8 | Cap Limit: 740
  [UNCAPPED] Pred: 71322   | TP: 1     | FP: 71321   | TN: 24584861 | FN: 7    
  [CAPPED]   Pred: 740     | TP: 0     | FP: 740     | TN: 24655442 | FN: 8    

Snapshot 163 | CAPPED | True Edges: 20 | Cap Limit: 715
  [UNCAPPED] Pred: 72130   | TP: 1     | FP: 72129   | TN: 24584041 | FN: 19   
  [CAPPED]   Pred: 715     | TP: 0     | FP: 715     | TN: 24655455 | FN: 20   

Snapshot 164 | CAPPED | True Edges: 9 | Cap Limit: 860
  [UNCAPPED] Pred: 73288   | TP: 0     | FP: 73288   | TN: 24582893 | FN: 9    
  [CAPPED]   Pred: 860     | TP: 0     | FP: 860     | TN: 24655321 | FN: 9    

Snapshot 165 | CAPPED | True Edges: 9 | Cap Limit: 495
  [UNCAPPED] Pred: 72434   | TP: 0     | FP: 72434   | TN: 24583747 | FN: 9    
  [CAPPED]   Pred: 495     | TP: 0     | FP: 495     | TN: 24655686 | FN: 9    

Snapshot 166 | CAPPED | True Edges: 11 | Cap Limit: 620
  [UNCAPPED] Pred: 72124   | TP: 0     | FP: 72124   | TN: 24584055 | FN: 11   
  [CAPPED]   Pred: 620     | TP: 0     | FP: 620     | TN: 24655559 | FN: 11   

Snapshot 167 | CAPPED | True Edges: 14 | Cap Limit: 710
  [UNCAPPED] Pred: 71976   | TP: 0     | FP: 71976   | TN: 24584200 | FN: 14   
  [CAPPED]   Pred: 710     | TP: 0     | FP: 710     | TN: 24655466 | FN: 14   

Snapshot 168 | CAPPED | True Edges: 11 | Cap Limit: 655
  [UNCAPPED] Pred: 71772   | TP: 0     | FP: 71772   | TN: 24584407 | FN: 11   
  [CAPPED]   Pred: 655     | TP: 0     | FP: 655     | TN: 24655524 | FN: 11   

Snapshot 169 | CAPPED | True Edges: 16 | Cap Limit: 895
  [UNCAPPED] Pred: 71548   | TP: 0     | FP: 71548   | TN: 24584626 | FN: 16   
  [CAPPED]   Pred: 895     | TP: 0     | FP: 895     | TN: 24655279 | FN: 16   

Snapshot 170 | CAPPED | True Edges: 18 | Cap Limit: 970
  [UNCAPPED] Pred: 73492   | TP: 1     | FP: 73491   | TN: 24582681 | FN: 17   
  [CAPPED]   Pred: 970     | TP: 0     | FP: 970     | TN: 24655202 | FN: 18   

Snapshot 171 | CAPPED | True Edges: 4 | Cap Limit: 800
  [UNCAPPED] Pred: 72772   | TP: 0     | FP: 72772   | TN: 24583414 | FN: 4    
  [CAPPED]   Pred: 800     | TP: 0     | FP: 800     | TN: 24655386 | FN: 4    

Snapshot 172 | CAPPED | True Edges: 10 | Cap Limit: 645
  [UNCAPPED] Pred: 71360   | TP: 0     | FP: 71360   | TN: 24584820 | FN: 10   
  [CAPPED]   Pred: 645     | TP: 0     | FP: 645     | TN: 24655535 | FN: 10   

Snapshot 173 | CAPPED | True Edges: 6 | Cap Limit: 645
  [UNCAPPED] Pred: 70740   | TP: 0     | FP: 70740   | TN: 24585444 | FN: 6    
  [CAPPED]   Pred: 645     | TP: 0     | FP: 645     | TN: 24655539 | FN: 6    

Snapshot 174 | CAPPED | True Edges: 12 | Cap Limit: 715
  [UNCAPPED] Pred: 72208   | TP: 0     | FP: 72208   | TN: 24583970 | FN: 12   
  [CAPPED]   Pred: 715     | TP: 0     | FP: 715     | TN: 24655463 | FN: 12   

Snapshot 175 | CAPPED | True Edges: 8 | Cap Limit: 905
  [UNCAPPED] Pred: 72930   | TP: 0     | FP: 72930   | TN: 24583252 | FN: 8    
  [CAPPED]   Pred: 905     | TP: 0     | FP: 905     | TN: 24655277 | FN: 8    

Snapshot 176 | CAPPED | True Edges: 15 | Cap Limit: 870
  [UNCAPPED] Pred: 73124   | TP: 0     | FP: 73124   | TN: 24583051 | FN: 15   
  [CAPPED]   Pred: 870     | TP: 0     | FP: 870     | TN: 24655305 | FN: 15   

Snapshot 177 | CAPPED | True Edges: 17 | Cap Limit: 835
  [UNCAPPED] Pred: 72010   | TP: 0     | FP: 72010   | TN: 24584163 | FN: 17   
  [CAPPED]   Pred: 835     | TP: 0     | FP: 835     | TN: 24655338 | FN: 17   

Snapshot 178 | CAPPED | True Edges: 14 | Cap Limit: 720
  [UNCAPPED] Pred: 71778   | TP: 0     | FP: 71778   | TN: 24584398 | FN: 14   
  [CAPPED]   Pred: 720     | TP: 0     | FP: 720     | TN: 24655456 | FN: 14   

Snapshot 179 | CAPPED | True Edges: 10 | Cap Limit: 620
  [UNCAPPED] Pred: 71582   | TP: 0     | FP: 71582   | TN: 24584598 | FN: 10   
  [CAPPED]   Pred: 620     | TP: 0     | FP: 620     | TN: 24655560 | FN: 10   

Snapshot 180 | CAPPED | True Edges: 6 | Cap Limit: 655
  [UNCAPPED] Pred: 72212   | TP: 0     | FP: 72212   | TN: 24583972 | FN: 6    
  [CAPPED]   Pred: 655     | TP: 0     | FP: 655     | TN: 24655529 | FN: 6    

Snapshot 181 | CAPPED | True Edges: 13 | Cap Limit: 650
  [UNCAPPED] Pred: 71120   | TP: 0     | FP: 71120   | TN: 24585057 | FN: 13   
  [CAPPED]   Pred: 650     | TP: 0     | FP: 650     | TN: 24655527 | FN: 13   

Snapshot 182 | CAPPED | True Edges: 15 | Cap Limit: 755
  [UNCAPPED] Pred: 72274   | TP: 0     | FP: 72274   | TN: 24583901 | FN: 15   
  [CAPPED]   Pred: 755     | TP: 0     | FP: 755     | TN: 24655420 | FN: 15   

Snapshot 183 | CAPPED | True Edges: 20 | Cap Limit: 830
  [UNCAPPED] Pred: 71758   | TP: 0     | FP: 71758   | TN: 24584412 | FN: 20   
  [CAPPED]   Pred: 830     | TP: 0     | FP: 830     | TN: 24655340 | FN: 20   

Snapshot 184 | CAPPED | True Edges: 19 | Cap Limit: 905
  [UNCAPPED] Pred: 72802   | TP: 0     | FP: 72802   | TN: 24583369 | FN: 19   
  [CAPPED]   Pred: 905     | TP: 0     | FP: 905     | TN: 24655266 | FN: 19   

Snapshot 185 | CAPPED | True Edges: 7 | Cap Limit: 775
  [UNCAPPED] Pred: 72106   | TP: 0     | FP: 72106   | TN: 24584077 | FN: 7    
  [CAPPED]   Pred: 775     | TP: 0     | FP: 775     | TN: 24655408 | FN: 7    

Snapshot 186 | CAPPED | True Edges: 10 | Cap Limit: 615
  [UNCAPPED] Pred: 71546   | TP: 0     | FP: 71546   | TN: 24584634 | FN: 10   
  [CAPPED]   Pred: 615     | TP: 0     | FP: 615     | TN: 24655565 | FN: 10   

Snapshot 187 | CAPPED | True Edges: 8 | Cap Limit: 620
  [UNCAPPED] Pred: 72514   | TP: 0     | FP: 72514   | TN: 24583668 | FN: 8    
  [CAPPED]   Pred: 620     | TP: 0     | FP: 620     | TN: 24655562 | FN: 8    

Snapshot 188 | CAPPED | True Edges: 14 | Cap Limit: 665
  [UNCAPPED] Pred: 71342   | TP: 0     | FP: 71342   | TN: 24584834 | FN: 14   
  [CAPPED]   Pred: 665     | TP: 0     | FP: 665     | TN: 24655511 | FN: 14   
Saved memory-safe EvolveGCN sparse graphs to data/output/predicted/EvolveGCN/mathoverflow_egcn_o_128_64_32_0.01_0.0001_undirected_threshold_5xCap.pkl

--- DATASET: mathoverflow (EvolveGCN) METRICS ---
TRAIN:  Time=30.77s, GPU=198.00MB, RAM=1711.81MB
THRESH: Time=0.23s, GPU=198.00MB, RAM=1711.82MB
CONST:  Time=15.56s, GPU=2064.00MB, RAM=1833.43MB
========================================================================
COMPLETED DATASET: mathoverflow
========================================================================
========================================================================
STARTING GLOBAL DATASET: networkadex
========================================================================
Seed set to: 42
[Checking Graph Integrity for 299 snapshots...]
[Done] Total Snapshots processed: 299

Statistics for networkadex:
	Nodes: 38553
	Edges: 60049
	Snaps: 299
	Dur: 1D
CLS num_feats 128
--- Training egcn_o | Task: Future Link Prediction ---
Epoch 001 | Loss: 0.535577 | Train AUC: 0.9561
Epoch 010 | Loss: 0.117869 | Train AUC: 0.9959
Epoch 020 | Loss: 0.206834 | Train AUC: 0.9911
Early stopping triggered at epoch 29. Best Loss: 0.022385
--- Probability Distribution Check ---
Positives | Mean: 0.997368 | Std: 0.007736 | Max: 1.000000 | Min: 0.000001
Negatives | Mean: 0.002342 | Std: 0.041631 | Max: 0.999988 | Min: 0.000000
Optimal Threshold: 0.94 | Sampled Val F1: 0.9994
Loading data for networkadex with use_predicted=False, num_back=all, num_buckets=10, use_test_style=None

Snapshot 254 | CAPPED | True Edges: 72 | Cap Limit: 600
  [UNCAPPED] Pred: 1195688 | TP: 6     | FP: 1195682 | TN: 1485099502 | FN: 66   
  [CAPPED]   Pred: 600     | TP: 0     | FP: 600     | TN: 1486294584 | FN: 72   

Snapshot 255 | CAPPED | True Edges: 51 | Cap Limit: 360
  [UNCAPPED] Pred: 1196866 | TP: 3     | FP: 1196863 | TN: 1485098342 | FN: 48   
  [CAPPED]   Pred: 360     | TP: 0     | FP: 360     | TN: 1486294845 | FN: 51   

Snapshot 256 | CAPPED | True Edges: 99 | Cap Limit: 255
  [UNCAPPED] Pred: 1195128 | TP: 9     | FP: 1195119 | TN: 1485100038 | FN: 90   
  [CAPPED]   Pred: 255     | TP: 0     | FP: 255     | TN: 1486294902 | FN: 99   

Snapshot 257 | CAPPED | True Edges: 88 | Cap Limit: 495
  [UNCAPPED] Pred: 1194430 | TP: 12    | FP: 1194418 | TN: 1485100750 | FN: 76   
  [CAPPED]   Pred: 495     | TP: 0     | FP: 495     | TN: 1486294673 | FN: 88   

Snapshot 258 | CAPPED | True Edges: 74 | Cap Limit: 440
  [UNCAPPED] Pred: 1192266 | TP: 11    | FP: 1192255 | TN: 1485102927 | FN: 63   
  [CAPPED]   Pred: 440     | TP: 0     | FP: 440     | TN: 1486294742 | FN: 74   

Snapshot 259 | CAPPED | True Edges: 50 | Cap Limit: 370
  [UNCAPPED] Pred: 1199606 | TP: 6     | FP: 1199600 | TN: 1485095606 | FN: 44   
  [CAPPED]   Pred: 370     | TP: 0     | FP: 370     | TN: 1486294836 | FN: 50   

Snapshot 260 | CAPPED | True Edges: 73 | Cap Limit: 250
  [UNCAPPED] Pred: 1188820 | TP: 11    | FP: 1188809 | TN: 1485106374 | FN: 62   
  [CAPPED]   Pred: 250     | TP: 0     | FP: 250     | TN: 1486294933 | FN: 73   

Snapshot 261 | CAPPED | True Edges: 70 | Cap Limit: 365
  [UNCAPPED] Pred: 1195930 | TP: 7     | FP: 1195923 | TN: 1485099263 | FN: 63   
  [CAPPED]   Pred: 365     | TP: 0     | FP: 365     | TN: 1486294821 | FN: 70   

Snapshot 262 | CAPPED | True Edges: 119 | Cap Limit: 350
  [UNCAPPED] Pred: 1190270 | TP: 10    | FP: 1190260 | TN: 1485104877 | FN: 109  
  [CAPPED]   Pred: 350     | TP: 0     | FP: 350     | TN: 1486294787 | FN: 119  

Snapshot 263 | CAPPED | True Edges: 95 | Cap Limit: 595
  [UNCAPPED] Pred: 1195066 | TP: 3     | FP: 1195063 | TN: 1485100098 | FN: 92   
  [CAPPED]   Pred: 595     | TP: 0     | FP: 595     | TN: 1486294566 | FN: 95   

Snapshot 264 | CAPPED | True Edges: 111 | Cap Limit: 475
  [UNCAPPED] Pred: 1197064 | TP: 12    | FP: 1197052 | TN: 1485098093 | FN: 99   
  [CAPPED]   Pred: 475     | TP: 0     | FP: 475     | TN: 1486294670 | FN: 111  

Snapshot 265 | CAPPED | True Edges: 84 | Cap Limit: 555
  [UNCAPPED] Pred: 1199804 | TP: 13    | FP: 1199791 | TN: 1485095381 | FN: 71   
  [CAPPED]   Pred: 555     | TP: 0     | FP: 555     | TN: 1486294617 | FN: 84   

Snapshot 266 | CAPPED | True Edges: 82 | Cap Limit: 420
  [UNCAPPED] Pred: 1191294 | TP: 13    | FP: 1191281 | TN: 1485103893 | FN: 69   
  [CAPPED]   Pred: 420     | TP: 0     | FP: 420     | TN: 1486294754 | FN: 82   

Snapshot 267 | CAPPED | True Edges: 71 | Cap Limit: 410
  [UNCAPPED] Pred: 1189290 | TP: 9     | FP: 1189281 | TN: 1485105904 | FN: 62   
  [CAPPED]   Pred: 410     | TP: 0     | FP: 410     | TN: 1486294775 | FN: 71   

Snapshot 268 | CAPPED | True Edges: 83 | Cap Limit: 355
  [UNCAPPED] Pred: 1192298 | TP: 13    | FP: 1192285 | TN: 1485102888 | FN: 70   
  [CAPPED]   Pred: 355     | TP: 0     | FP: 355     | TN: 1486294818 | FN: 83   

Snapshot 269 | CAPPED | True Edges: 124 | Cap Limit: 415
  [UNCAPPED] Pred: 1195386 | TP: 17    | FP: 1195369 | TN: 1485099763 | FN: 107  
  [CAPPED]   Pred: 415     | TP: 0     | FP: 415     | TN: 1486294717 | FN: 124  

Snapshot 270 | CAPPED | True Edges: 94 | Cap Limit: 620
  [UNCAPPED] Pred: 1202584 | TP: 9     | FP: 1202575 | TN: 1485092587 | FN: 85   
  [CAPPED]   Pred: 620     | TP: 0     | FP: 620     | TN: 1486294542 | FN: 94   

Snapshot 271 | CAPPED | True Edges: 70 | Cap Limit: 470
  [UNCAPPED] Pred: 1191478 | TP: 4     | FP: 1191474 | TN: 1485103712 | FN: 66   
  [CAPPED]   Pred: 470     | TP: 0     | FP: 470     | TN: 1486294716 | FN: 70   

Snapshot 272 | CAPPED | True Edges: 115 | Cap Limit: 350
  [UNCAPPED] Pred: 1196882 | TP: 6     | FP: 1196876 | TN: 1485098265 | FN: 109  
  [CAPPED]   Pred: 350     | TP: 0     | FP: 350     | TN: 1486294791 | FN: 115  

Snapshot 273 | CAPPED | True Edges: 71 | Cap Limit: 575
  [UNCAPPED] Pred: 1199276 | TP: 14    | FP: 1199262 | TN: 1485095923 | FN: 57   
  [CAPPED]   Pred: 575     | TP: 0     | FP: 575     | TN: 1486294610 | FN: 71   

Snapshot 274 | CAPPED | True Edges: 57 | Cap Limit: 355
  [UNCAPPED] Pred: 1195768 | TP: 8     | FP: 1195760 | TN: 1485099439 | FN: 49   
  [CAPPED]   Pred: 355     | TP: 0     | FP: 355     | TN: 1486294844 | FN: 57   

Snapshot 275 | CAPPED | True Edges: 56 | Cap Limit: 285
  [UNCAPPED] Pred: 1187056 | TP: 2     | FP: 1187054 | TN: 1485108146 | FN: 54   
  [CAPPED]   Pred: 285     | TP: 0     | FP: 285     | TN: 1486294915 | FN: 56   

Snapshot 276 | CAPPED | True Edges: 50 | Cap Limit: 280
  [UNCAPPED] Pred: 1189970 | TP: 5     | FP: 1189965 | TN: 1485105241 | FN: 45   
  [CAPPED]   Pred: 280     | TP: 0     | FP: 280     | TN: 1486294926 | FN: 50   

Snapshot 277 | CAPPED | True Edges: 72 | Cap Limit: 250
  [UNCAPPED] Pred: 1191074 | TP: 10    | FP: 1191064 | TN: 1485104120 | FN: 62   
  [CAPPED]   Pred: 250     | TP: 0     | FP: 250     | TN: 1486294934 | FN: 72   

Snapshot 278 | CAPPED | True Edges: 89 | Cap Limit: 360
  [UNCAPPED] Pred: 1192012 | TP: 14    | FP: 1191998 | TN: 1485103169 | FN: 75   
  [CAPPED]   Pred: 360     | TP: 0     | FP: 360     | TN: 1486294807 | FN: 89   

Snapshot 279 | CAPPED | True Edges: 70 | Cap Limit: 445
  [UNCAPPED] Pred: 1190354 | TP: 6     | FP: 1190348 | TN: 1485104838 | FN: 64   
  [CAPPED]   Pred: 445     | TP: 0     | FP: 445     | TN: 1486294741 | FN: 70   

Snapshot 280 | CAPPED | True Edges: 59 | Cap Limit: 350
  [UNCAPPED] Pred: 1197982 | TP: 9     | FP: 1197973 | TN: 1485097224 | FN: 50   
  [CAPPED]   Pred: 350     | TP: 0     | FP: 350     | TN: 1486294847 | FN: 59   

Snapshot 281 | CAPPED | True Edges: 69 | Cap Limit: 295
  [UNCAPPED] Pred: 1196562 | TP: 10    | FP: 1196552 | TN: 1485098635 | FN: 59   
  [CAPPED]   Pred: 295     | TP: 0     | FP: 295     | TN: 1486294892 | FN: 69   

Snapshot 282 | CAPPED | True Edges: 108 | Cap Limit: 345
  [UNCAPPED] Pred: 1201118 | TP: 11    | FP: 1201107 | TN: 1485094041 | FN: 97   
  [CAPPED]   Pred: 345     | TP: 0     | FP: 345     | TN: 1486294803 | FN: 108  

Snapshot 283 | CAPPED | True Edges: 96 | Cap Limit: 540
  [UNCAPPED] Pred: 1194396 | TP: 13    | FP: 1194383 | TN: 1485100777 | FN: 83   
  [CAPPED]   Pred: 540     | TP: 0     | FP: 540     | TN: 1486294620 | FN: 96   

Snapshot 284 | CAPPED | True Edges: 74 | Cap Limit: 480
  [UNCAPPED] Pred: 1197490 | TP: 11    | FP: 1197479 | TN: 1485097703 | FN: 63   
  [CAPPED]   Pred: 480     | TP: 0     | FP: 480     | TN: 1486294702 | FN: 74   

Snapshot 285 | CAPPED | True Edges: 78 | Cap Limit: 370
  [UNCAPPED] Pred: 1191708 | TP: 9     | FP: 1191699 | TN: 1485103479 | FN: 69   
  [CAPPED]   Pred: 370     | TP: 0     | FP: 370     | TN: 1486294808 | FN: 78   

Snapshot 286 | CAPPED | True Edges: 126 | Cap Limit: 390
  [UNCAPPED] Pred: 1196504 | TP: 12    | FP: 1196492 | TN: 1485098638 | FN: 114  
  [CAPPED]   Pred: 390     | TP: 0     | FP: 390     | TN: 1486294740 | FN: 126  

Snapshot 287 | CAPPED | True Edges: 163 | Cap Limit: 630
  [UNCAPPED] Pred: 1195144 | TP: 26    | FP: 1195118 | TN: 1485099975 | FN: 137  
  [CAPPED]   Pred: 630     | TP: 0     | FP: 630     | TN: 1486294463 | FN: 163  

Snapshot 288 | CAPPED | True Edges: 138 | Cap Limit: 815
  [UNCAPPED] Pred: 1206764 | TP: 18    | FP: 1206746 | TN: 1485088372 | FN: 120  
  [CAPPED]   Pred: 815     | TP: 1     | FP: 814     | TN: 1486294304 | FN: 137  

Snapshot 289 | CAPPED | True Edges: 79 | Cap Limit: 690
  [UNCAPPED] Pred: 1195418 | TP: 11    | FP: 1195407 | TN: 1485099770 | FN: 68   
  [CAPPED]   Pred: 690     | TP: 0     | FP: 690     | TN: 1486294487 | FN: 79   

Snapshot 290 | CAPPED | True Edges: 145 | Cap Limit: 395
  [UNCAPPED] Pred: 1193402 | TP: 15    | FP: 1193387 | TN: 1485101724 | FN: 130  
  [CAPPED]   Pred: 395     | TP: 0     | FP: 395     | TN: 1486294716 | FN: 145  

Snapshot 291 | CAPPED | True Edges: 90 | Cap Limit: 725
  [UNCAPPED] Pred: 1196472 | TP: 7     | FP: 1196465 | TN: 1485098701 | FN: 83   
  [CAPPED]   Pred: 725     | TP: 0     | FP: 725     | TN: 1486294441 | FN: 90   

Snapshot 292 | CAPPED | True Edges: 133 | Cap Limit: 450
  [UNCAPPED] Pred: 1197506 | TP: 18    | FP: 1197488 | TN: 1485097635 | FN: 115  
  [CAPPED]   Pred: 450     | TP: 0     | FP: 450     | TN: 1486294673 | FN: 133  

Snapshot 293 | CAPPED | True Edges: 146 | Cap Limit: 665
  [UNCAPPED] Pred: 1193476 | TP: 21    | FP: 1193455 | TN: 1485101655 | FN: 125  
  [CAPPED]   Pred: 665     | TP: 0     | FP: 665     | TN: 1486294445 | FN: 146  

Snapshot 294 | CAPPED | True Edges: 113 | Cap Limit: 730
  [UNCAPPED] Pred: 1196326 | TP: 13    | FP: 1196313 | TN: 1485098830 | FN: 100  
  [CAPPED]   Pred: 730     | TP: 0     | FP: 730     | TN: 1486294413 | FN: 113  

Snapshot 295 | CAPPED | True Edges: 302 | Cap Limit: 565
  [UNCAPPED] Pred: 1192418 | TP: 38    | FP: 1192380 | TN: 1485102574 | FN: 264  
  [CAPPED]   Pred: 565     | TP: 0     | FP: 565     | TN: 1486294389 | FN: 302  

Snapshot 296 | CAPPED | True Edges: 1135 | Cap Limit: 1510
  [UNCAPPED] Pred: 1199320 | TP: 82    | FP: 1199238 | TN: 1485094883 | FN: 1053 
  [CAPPED]   Pred: 1510    | TP: 0     | FP: 1510    | TN: 1486292611 | FN: 1135 

Snapshot 297 | CAPPED | True Edges: 150 | Cap Limit: 5675
  [UNCAPPED] Pred: 1227514 | TP: 31    | FP: 1227483 | TN: 1485067623 | FN: 119  
  [CAPPED]   Pred: 5675    | TP: 7     | FP: 5668    | TN: 1486289438 | FN: 143  

Snapshot 298 | CAPPED | True Edges: 128 | Cap Limit: 750
  [UNCAPPED] Pred: 1193412 | TP: 27    | FP: 1193385 | TN: 1485101743 | FN: 101  
  [CAPPED]   Pred: 750     | TP: 0     | FP: 750     | TN: 1486294378 | FN: 128  
Saved memory-safe EvolveGCN sparse graphs to data/output/predicted/EvolveGCN/networkadex_egcn_o_128_64_32_0.01_0.0001_undirected_threshold_5xCap.pkl

--- DATASET: networkadex (EvolveGCN) METRICS ---
TRAIN:  Time=81.96s, GPU=1522.00MB, RAM=6856.15MB
THRESH: Time=2.40s, GPU=1524.00MB, RAM=6868.07MB
CONST:  Time=712.78s, GPU=18394.00MB, RAM=4005.55MB
========================================================================
COMPLETED DATASET: networkadex
========================================================================
========================================================================
STARTING GLOBAL DATASET: networkaeternity
========================================================================
Seed set to: 42
[Checking Graph Integrity for 235 snapshots...]
[Done] Total Snapshots processed: 235

Statistics for networkaeternity:
	Nodes: 32339
	Edges: 66303
	Snaps: 235
	Dur: 1D
CLS num_feats 128
--- Training egcn_o | Task: Future Link Prediction ---
Epoch 001 | Loss: 0.561753 | Train AUC: 0.9504
Epoch 010 | Loss: 0.027630 | Train AUC: 0.9994
Epoch 020 | Loss: 0.090305 | Train AUC: 0.9968
Early stopping triggered at epoch 25. Best Loss: 0.027630
--- Probability Distribution Check ---
Positives | Mean: 0.993841 | Std: 0.015724 | Max: 1.000000 | Min: 0.000000
Negatives | Mean: 0.004858 | Std: 0.062265 | Max: 1.000000 | Min: 0.000000
Optimal Threshold: 0.94 | Sampled Val F1: 0.9983
Loading data for networkaeternity with use_predicted=False, num_back=all, num_buckets=10, use_test_style=None

Snapshot 199 | CAPPED | True Edges: 4 | Cap Limit: 1460
  [UNCAPPED] Pred: 2152726 | TP: 2     | FP: 2152724 | TN: 1043625854 | FN: 2    
  [CAPPED]   Pred: 1460    | TP: 1     | FP: 1459    | TN: 1045777119 | FN: 3    

Snapshot 200 | CAPPED | True Edges: 22 | Cap Limit: 960
  [UNCAPPED] Pred: 2167274 | TP: 1     | FP: 2167273 | TN: 1043611287 | FN: 21   
  [CAPPED]   Pred: 960     | TP: 0     | FP: 960     | TN: 1045777600 | FN: 22   

Snapshot 201 | CAPPED | True Edges: 5 | Cap Limit: 1830
  [UNCAPPED] Pred: 2110598 | TP: 2     | FP: 2110596 | TN: 1043667981 | FN: 3    
  [CAPPED]   Pred: 1830    | TP: 0     | FP: 1830    | TN: 1045776747 | FN: 5    

Snapshot 202 | CAPPED | True Edges: 2 | Cap Limit: 985
  [UNCAPPED] Pred: 2157254 | TP: 1     | FP: 2157253 | TN: 1043621327 | FN: 1    
  [CAPPED]   Pred: 985     | TP: 0     | FP: 985     | TN: 1045777595 | FN: 2    

Snapshot 203 | CAPPED | True Edges: 2 | Cap Limit: 975
  [UNCAPPED] Pred: 2180458 | TP: 1     | FP: 2180457 | TN: 1043598123 | FN: 1    
  [CAPPED]   Pred: 975     | TP: 0     | FP: 975     | TN: 1045777605 | FN: 2    

Snapshot 204 | CAPPED | True Edges: 3 | Cap Limit: 970
  [UNCAPPED] Pred: 2157670 | TP: 1     | FP: 2157669 | TN: 1043620910 | FN: 2    
  [CAPPED]   Pred: 970     | TP: 0     | FP: 970     | TN: 1045777609 | FN: 3    

Snapshot 205 | CAPPED | True Edges: 10 | Cap Limit: 750
  [UNCAPPED] Pred: 2179574 | TP: 3     | FP: 2179571 | TN: 1043599001 | FN: 7    
  [CAPPED]   Pred: 750     | TP: 0     | FP: 750     | TN: 1045777822 | FN: 10   

Snapshot 206 | CAPPED | True Edges: 10 | Cap Limit: 1050
  [UNCAPPED] Pred: 2157852 | TP: 0     | FP: 2157852 | TN: 1043620720 | FN: 10   
  [CAPPED]   Pred: 1050    | TP: 0     | FP: 1050    | TN: 1045777522 | FN: 10   

Snapshot 207 | CAPPED | True Edges: 7 | Cap Limit: 960
  [UNCAPPED] Pred: 2158170 | TP: 1     | FP: 2158169 | TN: 1043620406 | FN: 6    
  [CAPPED]   Pred: 960     | TP: 0     | FP: 960     | TN: 1045777615 | FN: 7    

Snapshot 208 | CAPPED | True Edges: 12 | Cap Limit: 1030
  [UNCAPPED] Pred: 2179902 | TP: 3     | FP: 2179899 | TN: 1043598671 | FN: 9    
  [CAPPED]   Pred: 1030    | TP: 0     | FP: 1030    | TN: 1045777540 | FN: 12   

Snapshot 209 | CAPPED | True Edges: 20 | Cap Limit: 1300
  [UNCAPPED] Pred: 2171816 | TP: 2     | FP: 2171814 | TN: 1043606748 | FN: 18   
  [CAPPED]   Pred: 1300    | TP: 0     | FP: 1300    | TN: 1045777262 | FN: 20   

Snapshot 210 | CAPPED | True Edges: 18 | Cap Limit: 1585
  [UNCAPPED] Pred: 2142838 | TP: 3     | FP: 2142835 | TN: 1043635729 | FN: 15   
  [CAPPED]   Pred: 1585    | TP: 0     | FP: 1585    | TN: 1045776979 | FN: 18   

Snapshot 211 | CAPPED | True Edges: 3 | Cap Limit: 1040
  [UNCAPPED] Pred: 2161326 | TP: 2     | FP: 2161324 | TN: 1043617255 | FN: 1    
  [CAPPED]   Pred: 1040    | TP: 0     | FP: 1040    | TN: 1045777539 | FN: 3    

Snapshot 212 | CAPPED | True Edges: 6 | Cap Limit: 1090
  [UNCAPPED] Pred: 2171470 | TP: 2     | FP: 2171468 | TN: 1043607108 | FN: 4    
  [CAPPED]   Pred: 1090    | TP: 0     | FP: 1090    | TN: 1045777486 | FN: 6    

Snapshot 213 | CAPPED | True Edges: 8 | Cap Limit: 810
  [UNCAPPED] Pred: 2173176 | TP: 1     | FP: 2173175 | TN: 1043605399 | FN: 7    
  [CAPPED]   Pred: 810     | TP: 0     | FP: 810     | TN: 1045777764 | FN: 8    

Snapshot 214 | CAPPED | True Edges: 6 | Cap Limit: 850
  [UNCAPPED] Pred: 2180126 | TP: 2     | FP: 2180124 | TN: 1043598452 | FN: 4    
  [CAPPED]   Pred: 850     | TP: 0     | FP: 850     | TN: 1045777726 | FN: 6    

Snapshot 215 | CAPPED | True Edges: 10 | Cap Limit: 835
  [UNCAPPED] Pred: 2178958 | TP: 5     | FP: 2178953 | TN: 1043599619 | FN: 5    
  [CAPPED]   Pred: 835     | TP: 0     | FP: 835     | TN: 1045777737 | FN: 10   

Snapshot 216 | CAPPED | True Edges: 2 | Cap Limit: 1185
  [UNCAPPED] Pred: 2163396 | TP: 1     | FP: 2163395 | TN: 1043615185 | FN: 1    
  [CAPPED]   Pred: 1185    | TP: 1     | FP: 1184    | TN: 1045777396 | FN: 1    

Snapshot 217 | CAPPED | True Edges: 2 | Cap Limit: 635
  [UNCAPPED] Pred: 2177276 | TP: 1     | FP: 2177275 | TN: 1043601305 | FN: 1    
  [CAPPED]   Pred: 635     | TP: 0     | FP: 635     | TN: 1045777945 | FN: 2    

Snapshot 218 | CAPPED | True Edges: 4 | Cap Limit: 755
  [UNCAPPED] Pred: 2187782 | TP: 0     | FP: 2187782 | TN: 1043590796 | FN: 4    
  [CAPPED]   Pred: 755     | TP: 0     | FP: 755     | TN: 1045777823 | FN: 4    

Snapshot 219 | CAPPED | True Edges: 7 | Cap Limit: 750
  [UNCAPPED] Pred: 2167832 | TP: 2     | FP: 2167830 | TN: 1043610745 | FN: 5    
  [CAPPED]   Pred: 750     | TP: 0     | FP: 750     | TN: 1045777825 | FN: 7    

Snapshot 220 | CAPPED | True Edges: 3 | Cap Limit: 1185
  [UNCAPPED] Pred: 2166462 | TP: 0     | FP: 2166462 | TN: 1043612117 | FN: 3    
  [CAPPED]   Pred: 1185    | TP: 0     | FP: 1185    | TN: 1045777394 | FN: 3    

Snapshot 221 | CAPPED | True Edges: 4 | Cap Limit: 985
  [UNCAPPED] Pred: 2161786 | TP: 1     | FP: 2161785 | TN: 1043616793 | FN: 3    
  [CAPPED]   Pred: 985     | TP: 0     | FP: 985     | TN: 1045777593 | FN: 4    

Snapshot 222 | CAPPED | True Edges: 7 | Cap Limit: 955
  [UNCAPPED] Pred: 2159280 | TP: 0     | FP: 2159280 | TN: 1043619295 | FN: 7    
  [CAPPED]   Pred: 955     | TP: 0     | FP: 955     | TN: 1045777620 | FN: 7    

Snapshot 223 | CAPPED | True Edges: 14 | Cap Limit: 1785
  [UNCAPPED] Pred: 2150198 | TP: 4     | FP: 2150194 | TN: 1043628374 | FN: 10   
  [CAPPED]   Pred: 1785    | TP: 0     | FP: 1785    | TN: 1045776783 | FN: 14   

Snapshot 224 | CAPPED | True Edges: 3 | Cap Limit: 1950
  [UNCAPPED] Pred: 2145038 | TP: 0     | FP: 2145038 | TN: 1043633541 | FN: 3    
  [CAPPED]   Pred: 1950    | TP: 0     | FP: 1950    | TN: 1045776629 | FN: 3    

Snapshot 225 | CAPPED | True Edges: 1 | Cap Limit: 1105
  [UNCAPPED] Pred: 2174586 | TP: 0     | FP: 2174586 | TN: 1043603995 | FN: 1    
  [CAPPED]   Pred: 1105    | TP: 0     | FP: 1105    | TN: 1045777476 | FN: 1    

Snapshot 226 | CAPPED | True Edges: 4 | Cap Limit: 925
  [UNCAPPED] Pred: 2151588 | TP: 1     | FP: 2151587 | TN: 1043626991 | FN: 3    
  [CAPPED]   Pred: 925     | TP: 0     | FP: 925     | TN: 1045777653 | FN: 4    

Snapshot 227 | CAPPED | True Edges: 9 | Cap Limit: 1180
  [UNCAPPED] Pred: 2156592 | TP: 1     | FP: 2156591 | TN: 1043621982 | FN: 8    
  [CAPPED]   Pred: 1180    | TP: 0     | FP: 1180    | TN: 1045777393 | FN: 9    

Snapshot 228 | CAPPED | True Edges: 10 | Cap Limit: 1570
  [UNCAPPED] Pred: 2121784 | TP: 0     | FP: 2121784 | TN: 1043656788 | FN: 10   
  [CAPPED]   Pred: 1570    | TP: 0     | FP: 1570    | TN: 1045777002 | FN: 10   

Snapshot 229 | CAPPED | True Edges: 8 | Cap Limit: 1625
  [UNCAPPED] Pred: 2106542 | TP: 0     | FP: 2106542 | TN: 1043672032 | FN: 8    
  [CAPPED]   Pred: 1625    | TP: 0     | FP: 1625    | TN: 1045776949 | FN: 8    

Snapshot 230 | CAPPED | True Edges: 11 | Cap Limit: 1915
  [UNCAPPED] Pred: 2115544 | TP: 2     | FP: 2115542 | TN: 1043663029 | FN: 9    
  [CAPPED]   Pred: 1915    | TP: 1     | FP: 1914    | TN: 1045776657 | FN: 10   

Snapshot 231 | CAPPED | True Edges: 11 | Cap Limit: 2220
  [UNCAPPED] Pred: 2133174 | TP: 4     | FP: 2133170 | TN: 1043645401 | FN: 7    
  [CAPPED]   Pred: 2220    | TP: 0     | FP: 2220    | TN: 1045776351 | FN: 11   

Snapshot 232 | CAPPED | True Edges: 28 | Cap Limit: 4435
  [UNCAPPED] Pred: 2014392 | TP: 3     | FP: 2014389 | TN: 1043764165 | FN: 25   
  [CAPPED]   Pred: 4435    | TP: 1     | FP: 4434    | TN: 1045774120 | FN: 27   

Snapshot 233 | CAPPED | True Edges: 14 | Cap Limit: 4080
  [UNCAPPED] Pred: 2046824 | TP: 2     | FP: 2046822 | TN: 1043731746 | FN: 12   
  [CAPPED]   Pred: 4080    | TP: 0     | FP: 4080    | TN: 1045774488 | FN: 14   

Snapshot 234 | CAPPED | True Edges: 11 | Cap Limit: 8200
  [UNCAPPED] Pred: 2050910 | TP: 3     | FP: 2050907 | TN: 1043727664 | FN: 8    
  [CAPPED]   Pred: 8200    | TP: 3     | FP: 8197    | TN: 1045770374 | FN: 8    
Saved memory-safe EvolveGCN sparse graphs to data/output/predicted/EvolveGCN/networkaeternity_egcn_o_128_64_32_0.01_0.0001_undirected_threshold_5xCap.pkl

--- DATASET: networkaeternity (EvolveGCN) METRICS ---
TRAIN:  Time=46.41s, GPU=1142.00MB, RAM=4804.75MB
THRESH: Time=1.31s, GPU=1144.00MB, RAM=4804.75MB
CONST:  Time=414.45s, GPU=15296.00MB, RAM=3227.38MB
========================================================================
COMPLETED DATASET: networkaeternity
========================================================================
========================================================================
STARTING GLOBAL DATASET: networkaion
========================================================================
Seed set to: 42
[Checking Graph Integrity for 196 snapshots...]
[Done] Total Snapshots processed: 196

Statistics for networkaion:
	Nodes: 28302
	Edges: 46980
	Snaps: 196
	Dur: 1D
CLS num_feats 128
--- Training egcn_o | Task: Future Link Prediction ---
Epoch 001 | Loss: 0.609035 | Train AUC: 0.9454
Epoch 010 | Loss: 0.272451 | Train AUC: 0.9837
Epoch 020 | Loss: 0.487686 | Train AUC: 0.9437
Epoch 030 | Loss: 0.061623 | Train AUC: 0.9986
Early stopping triggered at epoch 32. Best Loss: 0.022172
--- Probability Distribution Check ---
Positives | Mean: 0.992984 | Std: 0.049428 | Max: 1.000000 | Min: 0.000000
Negatives | Mean: 0.003500 | Std: 0.051445 | Max: 1.000000 | Min: 0.000000
Optimal Threshold: 0.62 | Sampled Val F1: 0.9970
Loading data for networkaion with use_predicted=False, num_back=all, num_buckets=10, use_test_style=None

Snapshot 166 | CAPPED | True Edges: 7 | Cap Limit: 1070
  [UNCAPPED] Pred: 2180390 | TP: 4     | FP: 2180386 | TN: 798794509 | FN: 3    
  [CAPPED]   Pred: 1070    | TP: 0     | FP: 1070    | TN: 800973825 | FN: 7    

Snapshot 167 | CAPPED | True Edges: 8 | Cap Limit: 1200
  [UNCAPPED] Pred: 2175198 | TP: 1     | FP: 2175197 | TN: 798799697 | FN: 7    
  [CAPPED]   Pred: 1200    | TP: 0     | FP: 1200    | TN: 800973694 | FN: 8    

Snapshot 168 | CAPPED | True Edges: 8 | Cap Limit: 1020
  [UNCAPPED] Pred: 2175342 | TP: 0     | FP: 2175342 | TN: 798799552 | FN: 8    
  [CAPPED]   Pred: 1020    | TP: 0     | FP: 1020    | TN: 800973874 | FN: 8    

Snapshot 169 | CAPPED | True Edges: 10 | Cap Limit: 1010
  [UNCAPPED] Pred: 2177294 | TP: 1     | FP: 2177293 | TN: 798797599 | FN: 9    
  [CAPPED]   Pred: 1010    | TP: 0     | FP: 1010    | TN: 800973882 | FN: 10   

Snapshot 170 | CAPPED | True Edges: 11 | Cap Limit: 1075
  [UNCAPPED] Pred: 2187090 | TP: 4     | FP: 2187086 | TN: 798787805 | FN: 7    
  [CAPPED]   Pred: 1075    | TP: 0     | FP: 1075    | TN: 800973816 | FN: 11   

Snapshot 171 | CAPPED | True Edges: 6 | Cap Limit: 1135
  [UNCAPPED] Pred: 2174170 | TP: 0     | FP: 2174170 | TN: 798800726 | FN: 6    
  [CAPPED]   Pred: 1135    | TP: 0     | FP: 1135    | TN: 800973761 | FN: 6    

Snapshot 172 | CAPPED | True Edges: 12 | Cap Limit: 895
  [UNCAPPED] Pred: 2168748 | TP: 3     | FP: 2168745 | TN: 798806145 | FN: 9    
  [CAPPED]   Pred: 895     | TP: 0     | FP: 895     | TN: 800973995 | FN: 12   

Snapshot 173 | CAPPED | True Edges: 10 | Cap Limit: 1105
  [UNCAPPED] Pred: 2180382 | TP: 4     | FP: 2180378 | TN: 798794514 | FN: 6    
  [CAPPED]   Pred: 1105    | TP: 0     | FP: 1105    | TN: 800973787 | FN: 10   

Snapshot 174 | CAPPED | True Edges: 13 | Cap Limit: 1005
  [UNCAPPED] Pred: 2162850 | TP: 0     | FP: 2162850 | TN: 798812039 | FN: 13   
  [CAPPED]   Pred: 1005    | TP: 0     | FP: 1005    | TN: 800973884 | FN: 13   

Snapshot 175 | CAPPED | True Edges: 3 | Cap Limit: 1090
  [UNCAPPED] Pred: 2173604 | TP: 0     | FP: 2173604 | TN: 798801295 | FN: 3    
  [CAPPED]   Pred: 1090    | TP: 0     | FP: 1090    | TN: 800973809 | FN: 3    

Snapshot 176 | CAPPED | True Edges: 8 | Cap Limit: 980
  [UNCAPPED] Pred: 2170718 | TP: 5     | FP: 2170713 | TN: 798804181 | FN: 3    
  [CAPPED]   Pred: 980     | TP: 0     | FP: 980     | TN: 800973914 | FN: 8    

Snapshot 177 | CAPPED | True Edges: 1 | Cap Limit: 1125
  [UNCAPPED] Pred: 2178016 | TP: 0     | FP: 2178016 | TN: 798796885 | FN: 1    
  [CAPPED]   Pred: 1125    | TP: 0     | FP: 1125    | TN: 800973776 | FN: 1    

Snapshot 178 | CAPPED | True Edges: 9 | Cap Limit: 810
  [UNCAPPED] Pred: 2173018 | TP: 1     | FP: 2173017 | TN: 798801876 | FN: 8    
  [CAPPED]   Pred: 810     | TP: 0     | FP: 810     | TN: 800974083 | FN: 9    

Snapshot 179 | CAPPED | True Edges: 14 | Cap Limit: 1525
  [UNCAPPED] Pred: 2175916 | TP: 3     | FP: 2175913 | TN: 798798975 | FN: 11   
  [CAPPED]   Pred: 1525    | TP: 0     | FP: 1525    | TN: 800973363 | FN: 14   

Snapshot 180 | CAPPED | True Edges: 4 | Cap Limit: 1000
  [UNCAPPED] Pred: 2174504 | TP: 0     | FP: 2174504 | TN: 798800394 | FN: 4    
  [CAPPED]   Pred: 1000    | TP: 0     | FP: 1000    | TN: 800973898 | FN: 4    

Snapshot 181 | CAPPED | True Edges: 5 | Cap Limit: 770
  [UNCAPPED] Pred: 2175624 | TP: 1     | FP: 2175623 | TN: 798799274 | FN: 4    
  [CAPPED]   Pred: 770     | TP: 1     | FP: 769     | TN: 800974128 | FN: 4    

Snapshot 182 | CAPPED | True Edges: 9 | Cap Limit: 1055
  [UNCAPPED] Pred: 2176642 | TP: 4     | FP: 2176638 | TN: 798798255 | FN: 5    
  [CAPPED]   Pred: 1055    | TP: 0     | FP: 1055    | TN: 800973838 | FN: 9    

Snapshot 183 | CAPPED | True Edges: 9 | Cap Limit: 1285
  [UNCAPPED] Pred: 2165086 | TP: 3     | FP: 2165083 | TN: 798809810 | FN: 6    
  [CAPPED]   Pred: 1285    | TP: 0     | FP: 1285    | TN: 800973608 | FN: 9    

Snapshot 184 | CAPPED | True Edges: 11 | Cap Limit: 1375
  [UNCAPPED] Pred: 2171146 | TP: 2     | FP: 2171144 | TN: 798803747 | FN: 9    
  [CAPPED]   Pred: 1375    | TP: 0     | FP: 1375    | TN: 800973516 | FN: 11   

Snapshot 185 | CAPPED | True Edges: 10 | Cap Limit: 2125
  [UNCAPPED] Pred: 2192172 | TP: 3     | FP: 2192169 | TN: 798782723 | FN: 7    
  [CAPPED]   Pred: 2125    | TP: 0     | FP: 2125    | TN: 800972767 | FN: 10   

Snapshot 186 | CAPPED | True Edges: 1 | Cap Limit: 1665
  [UNCAPPED] Pred: 2185254 | TP: 0     | FP: 2185254 | TN: 798789647 | FN: 1    
  [CAPPED]   Pred: 1665    | TP: 0     | FP: 1665    | TN: 800973236 | FN: 1    

Snapshot 187 | CAPPED | True Edges: 8 | Cap Limit: 1420
  [UNCAPPED] Pred: 2179896 | TP: 0     | FP: 2179896 | TN: 798794998 | FN: 8    
  [CAPPED]   Pred: 1420    | TP: 0     | FP: 1420    | TN: 800973474 | FN: 8    

Snapshot 188 | CAPPED | True Edges: 5 | Cap Limit: 1445
  [UNCAPPED] Pred: 2175386 | TP: 2     | FP: 2175384 | TN: 798799513 | FN: 3    
  [CAPPED]   Pred: 1445    | TP: 0     | FP: 1445    | TN: 800973452 | FN: 5    

Snapshot 189 | CAPPED | True Edges: 4 | Cap Limit: 1580
  [UNCAPPED] Pred: 2180860 | TP: 1     | FP: 2180859 | TN: 798794039 | FN: 3    
  [CAPPED]   Pred: 1580    | TP: 0     | FP: 1580    | TN: 800973318 | FN: 4    

Snapshot 190 | CAPPED | True Edges: 8 | Cap Limit: 1440
  [UNCAPPED] Pred: 2180064 | TP: 0     | FP: 2180064 | TN: 798794830 | FN: 8    
  [CAPPED]   Pred: 1440    | TP: 0     | FP: 1440    | TN: 800973454 | FN: 8    

Snapshot 191 | CAPPED | True Edges: 13 | Cap Limit: 1660
  [UNCAPPED] Pred: 2185796 | TP: 2     | FP: 2185794 | TN: 798789095 | FN: 11   
  [CAPPED]   Pred: 1660    | TP: 0     | FP: 1660    | TN: 800973229 | FN: 13   

Snapshot 192 | CAPPED | True Edges: 10 | Cap Limit: 1615
  [UNCAPPED] Pred: 2179830 | TP: 3     | FP: 2179827 | TN: 798795065 | FN: 7    
  [CAPPED]   Pred: 1615    | TP: 0     | FP: 1615    | TN: 800973277 | FN: 10   

Snapshot 193 | CAPPED | True Edges: 10 | Cap Limit: 2115
  [UNCAPPED] Pred: 2189468 | TP: 3     | FP: 2189465 | TN: 798785427 | FN: 7    
  [CAPPED]   Pred: 2115    | TP: 0     | FP: 2115    | TN: 800972777 | FN: 10   

Snapshot 194 | CAPPED | True Edges: 17 | Cap Limit: 2530
  [UNCAPPED] Pred: 2190526 | TP: 4     | FP: 2190522 | TN: 798784363 | FN: 13   
  [CAPPED]   Pred: 2530    | TP: 0     | FP: 2530    | TN: 800972355 | FN: 17   

Snapshot 195 | CAPPED | True Edges: 14 | Cap Limit: 2100
  [UNCAPPED] Pred: 2172110 | TP: 2     | FP: 2172108 | TN: 798802780 | FN: 12   
  [CAPPED]   Pred: 2100    | TP: 0     | FP: 2100    | TN: 800972788 | FN: 14   
Saved memory-safe EvolveGCN sparse graphs to data/output/predicted/EvolveGCN/networkaion_egcn_o_128_64_32_0.01_0.0001_undirected_threshold_5xCap.pkl

--- DATASET: networkaion (EvolveGCN) METRICS ---
TRAIN:  Time=50.46s, GPU=952.00MB, RAM=4982.71MB
THRESH: Time=1.00s, GPU=954.00MB, RAM=4982.71MB
CONST:  Time=268.08s, GPU=13340.00MB, RAM=3267.75MB
========================================================================
COMPLETED DATASET: networkaion
========================================================================
========================================================================
STARTING GLOBAL DATASET: networkaragon
========================================================================
Seed set to: 42
[Checking Graph Integrity for 343 snapshots...]
[Done] Total Snapshots processed: 343

Statistics for networkaragon:
	Nodes: 66183
	Edges: 106144
	Snaps: 343
	Dur: 1D
CLS num_feats 128
--- Training egcn_o | Task: Future Link Prediction ---
Epoch 001 | Loss: 0.457595 | Train AUC: 0.9648
Epoch 010 | Loss: 0.101929 | Train AUC: 0.9966
Epoch 020 | Loss: 0.060666 | Train AUC: 0.9987
Epoch 030 | Loss: 0.023796 | Train AUC: 0.9994
Epoch 040 | Loss: 0.015878 | Train AUC: 0.9996
Early stopping triggered at epoch 46. Best Loss: 0.011376
--- Probability Distribution Check ---
Positives | Mean: 0.998358 | Std: 0.005478 | Max: 1.000000 | Min: 0.000001
Negatives | Mean: 0.001514 | Std: 0.034801 | Max: 0.999999 | Min: 0.000000
Optimal Threshold: 0.94 | Sampled Val F1: 0.9995
Loading data for networkaragon with use_predicted=False, num_back=all, num_buckets=10, use_test_style=None

Snapshot 291 | CAPPED | True Edges: 4 | Cap Limit: 1150
  [UNCAPPED] Pred: 2837750 | TP: 0     | FP: 2837750 | TN: 4377285552 | FN: 4    
  [CAPPED]   Pred: 1150    | TP: 0     | FP: 1150    | TN: 4380122152 | FN: 4    

Snapshot 292 | CAPPED | True Edges: 9 | Cap Limit: 600
  [UNCAPPED] Pred: 2822086 | TP: 1     | FP: 2822085 | TN: 4377301212 | FN: 8    
  [CAPPED]   Pred: 600     | TP: 0     | FP: 600     | TN: 4380122697 | FN: 9    

Snapshot 293 | CAPPED | True Edges: 3 | Cap Limit: 1675
  [UNCAPPED] Pred: 2839854 | TP: 0     | FP: 2839854 | TN: 4377283449 | FN: 3    
  [CAPPED]   Pred: 1675    | TP: 0     | FP: 1675    | TN: 4380121628 | FN: 3    

Snapshot 294 | CAPPED | True Edges: 2 | Cap Limit: 1050
  [UNCAPPED] Pred: 2850680 | TP: 0     | FP: 2850680 | TN: 4377272624 | FN: 2    
  [CAPPED]   Pred: 1050    | TP: 0     | FP: 1050    | TN: 4380122254 | FN: 2    

Snapshot 295 | CAPPED | True Edges: 3 | Cap Limit: 810
  [UNCAPPED] Pred: 2832110 | TP: 2     | FP: 2832108 | TN: 4377291195 | FN: 1    
  [CAPPED]   Pred: 810     | TP: 0     | FP: 810     | TN: 4380122493 | FN: 3    

Snapshot 296 | CAPPED | True Edges: 6 | Cap Limit: 735
  [UNCAPPED] Pred: 2848808 | TP: 0     | FP: 2848808 | TN: 4377274492 | FN: 6    
  [CAPPED]   Pred: 735     | TP: 0     | FP: 735     | TN: 4380122565 | FN: 6    

Snapshot 297 | CAPPED | True Edges: 5 | Cap Limit: 705
  [UNCAPPED] Pred: 2832048 | TP: 3     | FP: 2832045 | TN: 4377291256 | FN: 2    
  [CAPPED]   Pred: 705     | TP: 0     | FP: 705     | TN: 4380122596 | FN: 5    

Snapshot 298 | CAPPED | True Edges: 8 | Cap Limit: 645
  [UNCAPPED] Pred: 2835568 | TP: 0     | FP: 2835568 | TN: 4377287730 | FN: 8    
  [CAPPED]   Pred: 645     | TP: 0     | FP: 645     | TN: 4380122653 | FN: 8    

Snapshot 299 | CAPPED | True Edges: 1 | Cap Limit: 435
  [UNCAPPED] Pred: 2825254 | TP: 0     | FP: 2825254 | TN: 4377298051 | FN: 1    
  [CAPPED]   Pred: 435     | TP: 0     | FP: 435     | TN: 4380122870 | FN: 1    

Snapshot 300 | CAPPED | True Edges: 3 | Cap Limit: 490
  [UNCAPPED] Pred: 2813994 | TP: 0     | FP: 2813994 | TN: 4377309309 | FN: 3    
  [CAPPED]   Pred: 490     | TP: 0     | FP: 490     | TN: 4380122813 | FN: 3    

Snapshot 301 | CAPPED | True Edges: 7 | Cap Limit: 320
  [UNCAPPED] Pred: 2812038 | TP: 2     | FP: 2812036 | TN: 4377311263 | FN: 5    
  [CAPPED]   Pred: 320     | TP: 0     | FP: 320     | TN: 4380122979 | FN: 7    

Snapshot 302 | CAPPED | True Edges: 5 | Cap Limit: 540
  [UNCAPPED] Pred: 2835734 | TP: 1     | FP: 2835733 | TN: 4377287568 | FN: 4    
  [CAPPED]   Pred: 540     | TP: 0     | FP: 540     | TN: 4380122761 | FN: 5    

Snapshot 303 | CAPPED | True Edges: 0 | Cap Limit: 565
  [UNCAPPED] Pred: 2831090 | TP: 0     | FP: 2831090 | TN: 4377292216 | FN: 0    
  [CAPPED]   Pred: 565     | TP: 0     | FP: 565     | TN: 4380122741 | FN: 0    

Snapshot 304 | CAPPED | True Edges: 4 | Cap Limit: 410
  [UNCAPPED] Pred: 2829804 | TP: 1     | FP: 2829803 | TN: 4377293499 | FN: 3    
  [CAPPED]   Pred: 410     | TP: 0     | FP: 410     | TN: 4380122892 | FN: 4    

Snapshot 305 | CAPPED | True Edges: 7 | Cap Limit: 475
  [UNCAPPED] Pred: 2799520 | TP: 0     | FP: 2799520 | TN: 4377323779 | FN: 7    
  [CAPPED]   Pred: 475     | TP: 0     | FP: 475     | TN: 4380122824 | FN: 7    

Snapshot 306 | CAPPED | True Edges: 3 | Cap Limit: 630
  [UNCAPPED] Pred: 2833832 | TP: 0     | FP: 2833832 | TN: 4377289471 | FN: 3    
  [CAPPED]   Pred: 630     | TP: 0     | FP: 630     | TN: 4380122673 | FN: 3    

Snapshot 307 | CAPPED | True Edges: 4 | Cap Limit: 445
  [UNCAPPED] Pred: 2813838 | TP: 0     | FP: 2813838 | TN: 4377309464 | FN: 4    
  [CAPPED]   Pred: 445     | TP: 0     | FP: 445     | TN: 4380122857 | FN: 4    

Snapshot 308 | CAPPED | True Edges: 3 | Cap Limit: 655
  [UNCAPPED] Pred: 2830056 | TP: 1     | FP: 2830055 | TN: 4377293248 | FN: 2    
  [CAPPED]   Pred: 655     | TP: 0     | FP: 655     | TN: 4380122648 | FN: 3    

Snapshot 309 | CAPPED | True Edges: 0 | Cap Limit: 820
  [UNCAPPED] Pred: 2819066 | TP: 0     | FP: 2819066 | TN: 4377304240 | FN: 0    
  [CAPPED]   Pred: 820     | TP: 0     | FP: 820     | TN: 4380122486 | FN: 0    

Snapshot 310 | CAPPED | True Edges: 4 | Cap Limit: 650
  [UNCAPPED] Pred: 2818736 | TP: 0     | FP: 2818736 | TN: 4377304566 | FN: 4    
  [CAPPED]   Pred: 650     | TP: 0     | FP: 650     | TN: 4380122652 | FN: 4    

Snapshot 311 | CAPPED | True Edges: 4 | Cap Limit: 405
  [UNCAPPED] Pred: 2812416 | TP: 0     | FP: 2812416 | TN: 4377310886 | FN: 4    
  [CAPPED]   Pred: 405     | TP: 0     | FP: 405     | TN: 4380122897 | FN: 4    

Snapshot 312 | CAPPED | True Edges: 0 | Cap Limit: 455
  [UNCAPPED] Pred: 2812988 | TP: 0     | FP: 2812988 | TN: 4377310318 | FN: 0    
  [CAPPED]   Pred: 455     | TP: 0     | FP: 455     | TN: 4380122851 | FN: 0    

Snapshot 313 | CAPPED | True Edges: 5 | Cap Limit: 405
  [UNCAPPED] Pred: 2818312 | TP: 0     | FP: 2818312 | TN: 4377304989 | FN: 5    
  [CAPPED]   Pred: 405     | TP: 0     | FP: 405     | TN: 4380122896 | FN: 5    

Snapshot 314 | CAPPED | True Edges: 2 | Cap Limit: 415
  [UNCAPPED] Pred: 2837156 | TP: 0     | FP: 2837156 | TN: 4377286148 | FN: 2    
  [CAPPED]   Pred: 415     | TP: 0     | FP: 415     | TN: 4380122889 | FN: 2    

Snapshot 315 | CAPPED | True Edges: 2 | Cap Limit: 485
  [UNCAPPED] Pred: 2820434 | TP: 0     | FP: 2820434 | TN: 4377302870 | FN: 2    
  [CAPPED]   Pred: 485     | TP: 0     | FP: 485     | TN: 4380122819 | FN: 2    

Snapshot 316 | CAPPED | True Edges: 1 | Cap Limit: 400
  [UNCAPPED] Pred: 2803098 | TP: 0     | FP: 2803098 | TN: 4377320207 | FN: 1    
  [CAPPED]   Pred: 400     | TP: 0     | FP: 400     | TN: 4380122905 | FN: 1    

Snapshot 317 | CAPPED | True Edges: 4 | Cap Limit: 445
  [UNCAPPED] Pred: 2817364 | TP: 0     | FP: 2817364 | TN: 4377305938 | FN: 4    
  [CAPPED]   Pred: 445     | TP: 0     | FP: 445     | TN: 4380122857 | FN: 4    

Snapshot 318 | CAPPED | True Edges: 7 | Cap Limit: 560
  [UNCAPPED] Pred: 2828328 | TP: 0     | FP: 2828328 | TN: 4377294971 | FN: 7    
  [CAPPED]   Pred: 560     | TP: 0     | FP: 560     | TN: 4380122739 | FN: 7    

Snapshot 319 | CAPPED | True Edges: 1 | Cap Limit: 490
  [UNCAPPED] Pred: 2826526 | TP: 1     | FP: 2826525 | TN: 4377296780 | FN: 0    
  [CAPPED]   Pred: 490     | TP: 0     | FP: 490     | TN: 4380122815 | FN: 1    

Snapshot 320 | CAPPED | True Edges: 1 | Cap Limit: 420
  [UNCAPPED] Pred: 2822392 | TP: 0     | FP: 2822392 | TN: 4377300913 | FN: 1    
  [CAPPED]   Pred: 420     | TP: 0     | FP: 420     | TN: 4380122885 | FN: 1    

Snapshot 321 | CAPPED | True Edges: 0 | Cap Limit: 410
  [UNCAPPED] Pred: 2820306 | TP: 0     | FP: 2820306 | TN: 4377303000 | FN: 0    
  [CAPPED]   Pred: 410     | TP: 0     | FP: 410     | TN: 4380122896 | FN: 0    

Snapshot 322 | CAPPED | True Edges: 0 | Cap Limit: 445
  [UNCAPPED] Pred: 2827308 | TP: 0     | FP: 2827308 | TN: 4377295998 | FN: 0    
  [CAPPED]   Pred: 445     | TP: 0     | FP: 445     | TN: 4380122861 | FN: 0    

Snapshot 323 | CAPPED | True Edges: 3 | Cap Limit: 395
  [UNCAPPED] Pred: 2826362 | TP: 0     | FP: 2826362 | TN: 4377296941 | FN: 3    
  [CAPPED]   Pred: 395     | TP: 0     | FP: 395     | TN: 4380122908 | FN: 3    

Snapshot 324 | CAPPED | True Edges: 2 | Cap Limit: 345
  [UNCAPPED] Pred: 2849086 | TP: 0     | FP: 2849086 | TN: 4377274218 | FN: 2    
  [CAPPED]   Pred: 345     | TP: 0     | FP: 345     | TN: 4380122959 | FN: 2    

Snapshot 325 | CAPPED | True Edges: 1 | Cap Limit: 325
  [UNCAPPED] Pred: 2813462 | TP: 0     | FP: 2813462 | TN: 4377309843 | FN: 1    
  [CAPPED]   Pred: 325     | TP: 0     | FP: 325     | TN: 4380122980 | FN: 1    

Snapshot 326 | CAPPED | True Edges: 0 | Cap Limit: 285
  [UNCAPPED] Pred: 2806856 | TP: 0     | FP: 2806856 | TN: 4377316450 | FN: 0    
  [CAPPED]   Pred: 285     | TP: 0     | FP: 285     | TN: 4380123021 | FN: 0    

Snapshot 327 | CAPPED | True Edges: 0 | Cap Limit: 375
  [UNCAPPED] Pred: 2811604 | TP: 0     | FP: 2811604 | TN: 4377311702 | FN: 0    
  [CAPPED]   Pred: 375     | TP: 0     | FP: 375     | TN: 4380122931 | FN: 0    

Snapshot 328 | CAPPED | True Edges: 4 | Cap Limit: 325
  [UNCAPPED] Pred: 2826378 | TP: 0     | FP: 2826378 | TN: 4377296924 | FN: 4    
  [CAPPED]   Pred: 325     | TP: 0     | FP: 325     | TN: 4380122977 | FN: 4    

Snapshot 329 | CAPPED | True Edges: 11 | Cap Limit: 460
  [UNCAPPED] Pred: 2833900 | TP: 2     | FP: 2833898 | TN: 4377289397 | FN: 9    
  [CAPPED]   Pred: 460     | TP: 0     | FP: 460     | TN: 4380122835 | FN: 11   

Snapshot 330 | CAPPED | True Edges: 2 | Cap Limit: 400
  [UNCAPPED] Pred: 2827616 | TP: 0     | FP: 2827616 | TN: 4377295688 | FN: 2    
  [CAPPED]   Pred: 400     | TP: 0     | FP: 400     | TN: 4380122904 | FN: 2    

Snapshot 331 | CAPPED | True Edges: 3 | Cap Limit: 500
  [UNCAPPED] Pred: 2801806 | TP: 0     | FP: 2801806 | TN: 4377321497 | FN: 3    
  [CAPPED]   Pred: 500     | TP: 0     | FP: 500     | TN: 4380122803 | FN: 3    

Snapshot 332 | CAPPED | True Edges: 4 | Cap Limit: 665
  [UNCAPPED] Pred: 2841232 | TP: 0     | FP: 2841232 | TN: 4377282070 | FN: 4    
  [CAPPED]   Pred: 665     | TP: 0     | FP: 665     | TN: 4380122637 | FN: 4    

Snapshot 333 | CAPPED | True Edges: 3 | Cap Limit: 440
  [UNCAPPED] Pred: 2797342 | TP: 0     | FP: 2797342 | TN: 4377325961 | FN: 3    
  [CAPPED]   Pred: 440     | TP: 0     | FP: 440     | TN: 4380122863 | FN: 3    

Snapshot 334 | CAPPED | True Edges: 5 | Cap Limit: 600
  [UNCAPPED] Pred: 2823180 | TP: 0     | FP: 2823180 | TN: 4377300121 | FN: 5    
  [CAPPED]   Pred: 600     | TP: 0     | FP: 600     | TN: 4380122701 | FN: 5    

Snapshot 335 | CAPPED | True Edges: 2 | Cap Limit: 475
  [UNCAPPED] Pred: 2829898 | TP: 0     | FP: 2829898 | TN: 4377293406 | FN: 2    
  [CAPPED]   Pred: 475     | TP: 0     | FP: 475     | TN: 4380122829 | FN: 2    

Snapshot 336 | CAPPED | True Edges: 7 | Cap Limit: 540
  [UNCAPPED] Pred: 2824136 | TP: 0     | FP: 2824136 | TN: 4377299163 | FN: 7    
  [CAPPED]   Pred: 540     | TP: 0     | FP: 540     | TN: 4380122759 | FN: 7    

Snapshot 337 | CAPPED | True Edges: 9 | Cap Limit: 560
  [UNCAPPED] Pred: 2840702 | TP: 1     | FP: 2840701 | TN: 4377282596 | FN: 8    
  [CAPPED]   Pred: 560     | TP: 0     | FP: 560     | TN: 4380122737 | FN: 9    

Snapshot 338 | CAPPED | True Edges: 9 | Cap Limit: 600
  [UNCAPPED] Pred: 2820606 | TP: 1     | FP: 2820605 | TN: 4377302692 | FN: 8    
  [CAPPED]   Pred: 600     | TP: 0     | FP: 600     | TN: 4380122697 | FN: 9    

Snapshot 339 | CAPPED | True Edges: 4 | Cap Limit: 1050
  [UNCAPPED] Pred: 2838066 | TP: 0     | FP: 2838066 | TN: 4377285236 | FN: 4    
  [CAPPED]   Pred: 1050    | TP: 0     | FP: 1050    | TN: 4380122252 | FN: 4    

Snapshot 340 | CAPPED | True Edges: 4 | Cap Limit: 655
  [UNCAPPED] Pred: 2823700 | TP: 0     | FP: 2823700 | TN: 4377299602 | FN: 4    
  [CAPPED]   Pred: 655     | TP: 0     | FP: 655     | TN: 4380122647 | FN: 4    

Snapshot 341 | CAPPED | True Edges: 2 | Cap Limit: 645
  [UNCAPPED] Pred: 2834494 | TP: 1     | FP: 2834493 | TN: 4377288811 | FN: 1    
  [CAPPED]   Pred: 645     | TP: 0     | FP: 645     | TN: 4380122659 | FN: 2    

Snapshot 342 | CAPPED | True Edges: 3 | Cap Limit: 615
  [UNCAPPED] Pred: 2837222 | TP: 0     | FP: 2837222 | TN: 4377286081 | FN: 3    
  [CAPPED]   Pred: 615     | TP: 0     | FP: 615     | TN: 4380122688 | FN: 3    
Saved memory-safe EvolveGCN sparse graphs to data/output/predicted/EvolveGCN/networkaragon_egcn_o_128_64_32_0.01_0.0001_undirected_threshold_5xCap.pkl

--- DATASET: networkaragon (EvolveGCN) METRICS ---
TRAIN:  Time=152.86s, GPU=3066.00MB, RAM=11297.07MB
THRESH: Time=4.71s, GPU=3068.00MB, RAM=11297.10MB
CONST:  Time=2384.67s, GPU=32028.00MB, RAM=6006.48MB
========================================================================
COMPLETED DATASET: networkaragon
========================================================================
========================================================================
STARTING GLOBAL DATASET: networkbancor
========================================================================
Seed set to: 42
[Checking Graph Integrity for 317 snapshots...]
[Done] Total Snapshots processed: 317

Statistics for networkbancor:
	Nodes: 49378
	Edges: 71024
	Snaps: 317
	Dur: 1D
CLS num_feats 128
--- Training egcn_o | Task: Future Link Prediction ---
Epoch 001 | Loss: 0.591625 | Train AUC: 0.9492
Epoch 010 | Loss: 0.475926 | Train AUC: 0.9610
Epoch 020 | Loss: 0.039399 | Train AUC: 0.9996
Epoch 030 | Loss: 0.181394 | Train AUC: 0.9913
Epoch 040 | Loss: 0.075244 | Train AUC: 0.9978
Early stopping triggered at epoch 49. Best Loss: 0.018394
--- Probability Distribution Check ---
Positives | Mean: 0.998793 | Std: 0.007886 | Max: 1.000000 | Min: 0.000000
Negatives | Mean: 0.000920 | Std: 0.025605 | Max: 1.000000 | Min: 0.000000
Optimal Threshold: 0.83 | Sampled Val F1: 0.9997
Loading data for networkbancor with use_predicted=False, num_back=all, num_buckets=10, use_test_style=None

Snapshot 269 | CAPPED | True Edges: 7 | Cap Limit: 730
  [UNCAPPED] Pred: 1100378 | TP: 1     | FP: 1100377 | TN: 2437037122 | FN: 6    
  [CAPPED]   Pred: 730     | TP: 0     | FP: 730     | TN: 2438136769 | FN: 7    

Snapshot 270 | CAPPED | True Edges: 9 | Cap Limit: 660
  [UNCAPPED] Pred: 1094672 | TP: 1     | FP: 1094671 | TN: 2437042826 | FN: 8    
  [CAPPED]   Pred: 660     | TP: 0     | FP: 660     | TN: 2438136837 | FN: 9    

Snapshot 271 | CAPPED | True Edges: 4 | Cap Limit: 615
  [UNCAPPED] Pred: 1098248 | TP: 0     | FP: 1098248 | TN: 2437039254 | FN: 4    
  [CAPPED]   Pred: 615     | TP: 0     | FP: 615     | TN: 2438136887 | FN: 4    

Snapshot 272 | CAPPED | True Edges: 9 | Cap Limit: 410
  [UNCAPPED] Pred: 1097994 | TP: 0     | FP: 1097994 | TN: 2437039503 | FN: 9    
  [CAPPED]   Pred: 410     | TP: 0     | FP: 410     | TN: 2438137087 | FN: 9    

Snapshot 273 | CAPPED | True Edges: 7 | Cap Limit: 425
  [UNCAPPED] Pred: 1098448 | TP: 1     | FP: 1098447 | TN: 2437039052 | FN: 6    
  [CAPPED]   Pred: 425     | TP: 0     | FP: 425     | TN: 2438137074 | FN: 7    

Snapshot 274 | CAPPED | True Edges: 11 | Cap Limit: 475
  [UNCAPPED] Pred: 1094122 | TP: 0     | FP: 1094122 | TN: 2437043373 | FN: 11   
  [CAPPED]   Pred: 475     | TP: 0     | FP: 475     | TN: 2438137020 | FN: 11   

Snapshot 275 | CAPPED | True Edges: 2 | Cap Limit: 550
  [UNCAPPED] Pred: 1096942 | TP: 0     | FP: 1096942 | TN: 2437040562 | FN: 2    
  [CAPPED]   Pred: 550     | TP: 0     | FP: 550     | TN: 2438136954 | FN: 2    

Snapshot 276 | CAPPED | True Edges: 5 | Cap Limit: 485
  [UNCAPPED] Pred: 1103760 | TP: 0     | FP: 1103760 | TN: 2437033741 | FN: 5    
  [CAPPED]   Pred: 485     | TP: 0     | FP: 485     | TN: 2438137016 | FN: 5    

Snapshot 277 | CAPPED | True Edges: 10 | Cap Limit: 530
  [UNCAPPED] Pred: 1089354 | TP: 2     | FP: 1089352 | TN: 2437048144 | FN: 8    
  [CAPPED]   Pred: 530     | TP: 0     | FP: 530     | TN: 2438136966 | FN: 10   

Snapshot 278 | CAPPED | True Edges: 16 | Cap Limit: 550
  [UNCAPPED] Pred: 1094612 | TP: 3     | FP: 1094609 | TN: 2437042881 | FN: 13   
  [CAPPED]   Pred: 550     | TP: 0     | FP: 550     | TN: 2438136940 | FN: 16   

Snapshot 279 | CAPPED | True Edges: 5 | Cap Limit: 530
  [UNCAPPED] Pred: 1096974 | TP: 0     | FP: 1096974 | TN: 2437040527 | FN: 5    
  [CAPPED]   Pred: 530     | TP: 0     | FP: 530     | TN: 2438136971 | FN: 5    

Snapshot 280 | CAPPED | True Edges: 8 | Cap Limit: 460
  [UNCAPPED] Pred: 1092988 | TP: 3     | FP: 1092985 | TN: 2437044513 | FN: 5    
  [CAPPED]   Pred: 460     | TP: 0     | FP: 460     | TN: 2438137038 | FN: 8    

Snapshot 281 | CAPPED | True Edges: 14 | Cap Limit: 440
  [UNCAPPED] Pred: 1096310 | TP: 3     | FP: 1096307 | TN: 2437041185 | FN: 11   
  [CAPPED]   Pred: 440     | TP: 0     | FP: 440     | TN: 2438137052 | FN: 14   

Snapshot 282 | CAPPED | True Edges: 8 | Cap Limit: 460
  [UNCAPPED] Pred: 1099920 | TP: 0     | FP: 1099920 | TN: 2437037578 | FN: 8    
  [CAPPED]   Pred: 460     | TP: 0     | FP: 460     | TN: 2438137038 | FN: 8    

Snapshot 283 | CAPPED | True Edges: 10 | Cap Limit: 520
  [UNCAPPED] Pred: 1094578 | TP: 2     | FP: 1094576 | TN: 2437042920 | FN: 8    
  [CAPPED]   Pred: 520     | TP: 0     | FP: 520     | TN: 2438136976 | FN: 10   

Snapshot 284 | CAPPED | True Edges: 11 | Cap Limit: 595
  [UNCAPPED] Pred: 1094040 | TP: 0     | FP: 1094040 | TN: 2437043455 | FN: 11   
  [CAPPED]   Pred: 595     | TP: 0     | FP: 595     | TN: 2438136900 | FN: 11   

Snapshot 285 | CAPPED | True Edges: 6 | Cap Limit: 735
  [UNCAPPED] Pred: 1113316 | TP: 0     | FP: 1113316 | TN: 2437024184 | FN: 6    
  [CAPPED]   Pred: 735     | TP: 0     | FP: 735     | TN: 2438136765 | FN: 6    

Snapshot 286 | CAPPED | True Edges: 19 | Cap Limit: 490
  [UNCAPPED] Pred: 1088212 | TP: 3     | FP: 1088209 | TN: 2437049278 | FN: 16   
  [CAPPED]   Pred: 490     | TP: 0     | FP: 490     | TN: 2438136997 | FN: 19   

Snapshot 287 | CAPPED | True Edges: 8 | Cap Limit: 490
  [UNCAPPED] Pred: 1090474 | TP: 0     | FP: 1090474 | TN: 2437047024 | FN: 8    
  [CAPPED]   Pred: 490     | TP: 0     | FP: 490     | TN: 2438137008 | FN: 8    

Snapshot 288 | CAPPED | True Edges: 7 | Cap Limit: 495
  [UNCAPPED] Pred: 1094462 | TP: 1     | FP: 1094461 | TN: 2437043038 | FN: 6    
  [CAPPED]   Pred: 495     | TP: 0     | FP: 495     | TN: 2438137004 | FN: 7    

Snapshot 289 | CAPPED | True Edges: 41 | Cap Limit: 450
  [UNCAPPED] Pred: 1090008 | TP: 2     | FP: 1090006 | TN: 2437047459 | FN: 39   
  [CAPPED]   Pred: 450     | TP: 0     | FP: 450     | TN: 2438137015 | FN: 41   

Snapshot 290 | CAPPED | True Edges: 12 | Cap Limit: 1105
  [UNCAPPED] Pred: 1099926 | TP: 2     | FP: 1099924 | TN: 2437037570 | FN: 10   
  [CAPPED]   Pred: 1105    | TP: 0     | FP: 1105    | TN: 2438136389 | FN: 12   

Snapshot 291 | CAPPED | True Edges: 12 | Cap Limit: 450
  [UNCAPPED] Pred: 1103718 | TP: 1     | FP: 1103717 | TN: 2437033777 | FN: 11   
  [CAPPED]   Pred: 450     | TP: 0     | FP: 450     | TN: 2438137044 | FN: 12   

Snapshot 292 | CAPPED | True Edges: 9 | Cap Limit: 525
  [UNCAPPED] Pred: 1100714 | TP: 1     | FP: 1100713 | TN: 2437036784 | FN: 8    
  [CAPPED]   Pred: 525     | TP: 0     | FP: 525     | TN: 2438136972 | FN: 9    

Snapshot 293 | CAPPED | True Edges: 5 | Cap Limit: 430
  [UNCAPPED] Pred: 1096742 | TP: 0     | FP: 1096742 | TN: 2437040759 | FN: 5    
  [CAPPED]   Pred: 430     | TP: 0     | FP: 430     | TN: 2438137071 | FN: 5    

Snapshot 294 | CAPPED | True Edges: 5 | Cap Limit: 340
  [UNCAPPED] Pred: 1094792 | TP: 0     | FP: 1094792 | TN: 2437042709 | FN: 5    
  [CAPPED]   Pred: 340     | TP: 0     | FP: 340     | TN: 2438137161 | FN: 5    

Snapshot 295 | CAPPED | True Edges: 4 | Cap Limit: 400
  [UNCAPPED] Pred: 1095418 | TP: 1     | FP: 1095417 | TN: 2437042085 | FN: 3    
  [CAPPED]   Pred: 400     | TP: 0     | FP: 400     | TN: 2438137102 | FN: 4    

Snapshot 296 | CAPPED | True Edges: 14 | Cap Limit: 555
  [UNCAPPED] Pred: 1102258 | TP: 3     | FP: 1102255 | TN: 2437035237 | FN: 11   
  [CAPPED]   Pred: 555     | TP: 0     | FP: 555     | TN: 2438136937 | FN: 14   

Snapshot 297 | CAPPED | True Edges: 16 | Cap Limit: 575
  [UNCAPPED] Pred: 1101288 | TP: 3     | FP: 1101285 | TN: 2437036205 | FN: 13   
  [CAPPED]   Pred: 575     | TP: 0     | FP: 575     | TN: 2438136915 | FN: 16   

Snapshot 298 | CAPPED | True Edges: 9 | Cap Limit: 575
  [UNCAPPED] Pred: 1096326 | TP: 1     | FP: 1096325 | TN: 2437041172 | FN: 8    
  [CAPPED]   Pred: 575     | TP: 0     | FP: 575     | TN: 2438136922 | FN: 9    

Snapshot 299 | CAPPED | True Edges: 8 | Cap Limit: 380
  [UNCAPPED] Pred: 1103756 | TP: 0     | FP: 1103756 | TN: 2437033742 | FN: 8    
  [CAPPED]   Pred: 380     | TP: 0     | FP: 380     | TN: 2438137118 | FN: 8    

Snapshot 300 | CAPPED | True Edges: 16 | Cap Limit: 355
  [UNCAPPED] Pred: 1095122 | TP: 1     | FP: 1095121 | TN: 2437042369 | FN: 15   
  [CAPPED]   Pred: 355     | TP: 0     | FP: 355     | TN: 2438137135 | FN: 16   

Snapshot 301 | CAPPED | True Edges: 21 | Cap Limit: 620
  [UNCAPPED] Pred: 1095286 | TP: 3     | FP: 1095283 | TN: 2437042202 | FN: 18   
  [CAPPED]   Pred: 620     | TP: 0     | FP: 620     | TN: 2438136865 | FN: 21   

Snapshot 302 | CAPPED | True Edges: 26 | Cap Limit: 625
  [UNCAPPED] Pred: 1092874 | TP: 5     | FP: 1092869 | TN: 2437044611 | FN: 21   
  [CAPPED]   Pred: 625     | TP: 0     | FP: 625     | TN: 2438136855 | FN: 26   

Snapshot 303 | CAPPED | True Edges: 11 | Cap Limit: 590
  [UNCAPPED] Pred: 1098378 | TP: 1     | FP: 1098377 | TN: 2437039118 | FN: 10   
  [CAPPED]   Pred: 590     | TP: 0     | FP: 590     | TN: 2438136905 | FN: 11   

Snapshot 304 | CAPPED | True Edges: 18 | Cap Limit: 545
  [UNCAPPED] Pred: 1090252 | TP: 1     | FP: 1090251 | TN: 2437047237 | FN: 17   
  [CAPPED]   Pred: 545     | TP: 0     | FP: 545     | TN: 2438136943 | FN: 18   

Snapshot 305 | CAPPED | True Edges: 25 | Cap Limit: 625
  [UNCAPPED] Pred: 1105724 | TP: 2     | FP: 1105722 | TN: 2437031759 | FN: 23   
  [CAPPED]   Pred: 625     | TP: 0     | FP: 625     | TN: 2438136856 | FN: 25   

Snapshot 306 | CAPPED | True Edges: 10 | Cap Limit: 860
  [UNCAPPED] Pred: 1095812 | TP: 0     | FP: 1095812 | TN: 2437041684 | FN: 10   
  [CAPPED]   Pred: 860     | TP: 0     | FP: 860     | TN: 2438136636 | FN: 10   

Snapshot 307 | CAPPED | True Edges: 7 | Cap Limit: 545
  [UNCAPPED] Pred: 1094250 | TP: 0     | FP: 1094250 | TN: 2437043249 | FN: 7    
  [CAPPED]   Pred: 545     | TP: 0     | FP: 545     | TN: 2438136954 | FN: 7    

Snapshot 308 | CAPPED | True Edges: 11 | Cap Limit: 465
  [UNCAPPED] Pred: 1091670 | TP: 1     | FP: 1091669 | TN: 2437045826 | FN: 10   
  [CAPPED]   Pred: 465     | TP: 0     | FP: 465     | TN: 2438137030 | FN: 11   

Snapshot 309 | CAPPED | True Edges: 26 | Cap Limit: 570
  [UNCAPPED] Pred: 1099994 | TP: 6     | FP: 1099988 | TN: 2437037492 | FN: 20   
  [CAPPED]   Pred: 570     | TP: 0     | FP: 570     | TN: 2438136910 | FN: 26   

Snapshot 310 | CAPPED | True Edges: 8 | Cap Limit: 1200
  [UNCAPPED] Pred: 1100696 | TP: 0     | FP: 1100696 | TN: 2437036802 | FN: 8    
  [CAPPED]   Pred: 1200    | TP: 0     | FP: 1200    | TN: 2438136298 | FN: 8    

Snapshot 311 | CAPPED | True Edges: 26 | Cap Limit: 505
  [UNCAPPED] Pred: 1108872 | TP: 2     | FP: 1108870 | TN: 2437028610 | FN: 24   
  [CAPPED]   Pred: 505     | TP: 0     | FP: 505     | TN: 2438136975 | FN: 26   

Snapshot 312 | CAPPED | True Edges: 13 | Cap Limit: 1005
  [UNCAPPED] Pred: 1097138 | TP: 4     | FP: 1097134 | TN: 2437040359 | FN: 9    
  [CAPPED]   Pred: 1005    | TP: 0     | FP: 1005    | TN: 2438136488 | FN: 13   

Snapshot 313 | CAPPED | True Edges: 14 | Cap Limit: 780
  [UNCAPPED] Pred: 1094626 | TP: 3     | FP: 1094623 | TN: 2437042869 | FN: 11   
  [CAPPED]   Pred: 780     | TP: 0     | FP: 780     | TN: 2438136712 | FN: 14   

Snapshot 314 | CAPPED | True Edges: 12 | Cap Limit: 825
  [UNCAPPED] Pred: 1094292 | TP: 2     | FP: 1094290 | TN: 2437043204 | FN: 10   
  [CAPPED]   Pred: 825     | TP: 0     | FP: 825     | TN: 2438136669 | FN: 12   

Snapshot 315 | CAPPED | True Edges: 92 | Cap Limit: 785
  [UNCAPPED] Pred: 1100366 | TP: 11    | FP: 1100355 | TN: 2437037059 | FN: 81   
  [CAPPED]   Pred: 785     | TP: 0     | FP: 785     | TN: 2438136629 | FN: 92   

Snapshot 316 | CAPPED | True Edges: 32 | Cap Limit: 3780
  [UNCAPPED] Pred: 1211896 | TP: 6     | FP: 1211890 | TN: 2436925584 | FN: 26   
  [CAPPED]   Pred: 3780    | TP: 1     | FP: 3779    | TN: 2438133695 | FN: 31   
Saved memory-safe EvolveGCN sparse graphs to data/output/predicted/EvolveGCN/networkbancor_egcn_o_128_64_32_0.01_0.0001_undirected_threshold_5xCap.pkl

--- DATASET: networkbancor (EvolveGCN) METRICS ---
TRAIN:  Time=151.26s, GPU=2088.00MB, RAM=11721.61MB
THRESH: Time=3.55s, GPU=2092.00MB, RAM=11734.70MB
CONST:  Time=1250.64s, GPU=23702.00MB, RAM=6826.28MB
========================================================================
COMPLETED DATASET: networkbancor
========================================================================
========================================================================
STARTING GLOBAL DATASET: networkcentra
========================================================================
Seed set to: 42
[Checking Graph Integrity for 264 snapshots...]
[Done] Total Snapshots processed: 264

Statistics for networkcentra:
	Nodes: 38355
	Edges: 66785
	Snaps: 264
	Dur: 1D
CLS num_feats 128
--- Training egcn_o | Task: Future Link Prediction ---
Epoch 001 | Loss: 0.581486 | Train AUC: 0.9586
Epoch 010 | Loss: 0.118876 | Train AUC: 0.9946
Epoch 020 | Loss: 0.171883 | Train AUC: 0.9908
Early stopping triggered at epoch 20. Best Loss: 0.054929
--- Probability Distribution Check ---
Positives | Mean: 0.993383 | Std: 0.010766 | Max: 1.000000 | Min: 0.000000
Negatives | Mean: 0.006383 | Std: 0.066695 | Max: 1.000000 | Min: 0.000000
Optimal Threshold: 0.90 | Sampled Val F1: 0.9985
Loading data for networkcentra with use_predicted=False, num_back=all, num_buckets=10, use_test_style=None

Snapshot 224 | CAPPED | True Edges: 4 | Cap Limit: 270
  [UNCAPPED] Pred: 2393638 | TP: 0     | FP: 2393638 | TN: 1468674028 | FN: 4    
  [CAPPED]   Pred: 270     | TP: 0     | FP: 270     | TN: 1471067396 | FN: 4    

Snapshot 225 | CAPPED | True Edges: 0 | Cap Limit: 235
  [UNCAPPED] Pred: 2402574 | TP: 0     | FP: 2402574 | TN: 1468665096 | FN: 0    
  [CAPPED]   Pred: 235     | TP: 0     | FP: 235     | TN: 1471067435 | FN: 0    

Snapshot 226 | CAPPED | True Edges: 2 | Cap Limit: 110
  [UNCAPPED] Pred: 2398938 | TP: 1     | FP: 2398937 | TN: 1468668731 | FN: 1    
  [CAPPED]   Pred: 110     | TP: 0     | FP: 110     | TN: 1471067558 | FN: 2    

Snapshot 227 | CAPPED | True Edges: 1 | Cap Limit: 275
  [UNCAPPED] Pred: 2393690 | TP: 0     | FP: 2393690 | TN: 1468673979 | FN: 1    
  [CAPPED]   Pred: 275     | TP: 0     | FP: 275     | TN: 1471067394 | FN: 1    

Snapshot 228 | CAPPED | True Edges: 4 | Cap Limit: 315
  [UNCAPPED] Pred: 2394118 | TP: 1     | FP: 2394117 | TN: 1468673549 | FN: 3    
  [CAPPED]   Pred: 315     | TP: 0     | FP: 315     | TN: 1471067351 | FN: 4    

Snapshot 229 | CAPPED | True Edges: 9 | Cap Limit: 225
  [UNCAPPED] Pred: 2391046 | TP: 2     | FP: 2391044 | TN: 1468676617 | FN: 7    
  [CAPPED]   Pred: 225     | TP: 0     | FP: 225     | TN: 1471067436 | FN: 9    

Snapshot 230 | CAPPED | True Edges: 3 | Cap Limit: 550
  [UNCAPPED] Pred: 2395530 | TP: 1     | FP: 2395529 | TN: 1468672138 | FN: 2    
  [CAPPED]   Pred: 550     | TP: 0     | FP: 550     | TN: 1471067117 | FN: 3    

Snapshot 231 | CAPPED | True Edges: 13 | Cap Limit: 700
  [UNCAPPED] Pred: 2388348 | TP: 0     | FP: 2388348 | TN: 1468679309 | FN: 13   
  [CAPPED]   Pred: 700     | TP: 0     | FP: 700     | TN: 1471066957 | FN: 13   

Snapshot 232 | CAPPED | True Edges: 3 | Cap Limit: 665
  [UNCAPPED] Pred: 2386744 | TP: 0     | FP: 2386744 | TN: 1468680923 | FN: 3    
  [CAPPED]   Pred: 665     | TP: 0     | FP: 665     | TN: 1471067002 | FN: 3    

Snapshot 233 | CAPPED | True Edges: 5 | Cap Limit: 460
  [UNCAPPED] Pred: 2396756 | TP: 0     | FP: 2396756 | TN: 1468670909 | FN: 5    
  [CAPPED]   Pred: 460     | TP: 0     | FP: 460     | TN: 1471067205 | FN: 5    

Snapshot 234 | CAPPED | True Edges: 6 | Cap Limit: 525
  [UNCAPPED] Pred: 2390490 | TP: 1     | FP: 2390489 | TN: 1468677175 | FN: 5    
  [CAPPED]   Pred: 525     | TP: 0     | FP: 525     | TN: 1471067139 | FN: 6    

Snapshot 235 | CAPPED | True Edges: 4 | Cap Limit: 550
  [UNCAPPED] Pred: 2388706 | TP: 0     | FP: 2388706 | TN: 1468678960 | FN: 4    
  [CAPPED]   Pred: 550     | TP: 0     | FP: 550     | TN: 1471067116 | FN: 4    

Snapshot 236 | CAPPED | True Edges: 2 | Cap Limit: 335
  [UNCAPPED] Pred: 2392416 | TP: 0     | FP: 2392416 | TN: 1468675252 | FN: 2    
  [CAPPED]   Pred: 335     | TP: 0     | FP: 335     | TN: 1471067333 | FN: 2    

Snapshot 237 | CAPPED | True Edges: 1 | Cap Limit: 475
  [UNCAPPED] Pred: 2396328 | TP: 0     | FP: 2396328 | TN: 1468671341 | FN: 1    
  [CAPPED]   Pred: 475     | TP: 0     | FP: 475     | TN: 1471067194 | FN: 1    

Snapshot 238 | CAPPED | True Edges: 6 | Cap Limit: 410
  [UNCAPPED] Pred: 2393256 | TP: 2     | FP: 2393254 | TN: 1468674410 | FN: 4    
  [CAPPED]   Pred: 410     | TP: 0     | FP: 410     | TN: 1471067254 | FN: 6    

Snapshot 239 | CAPPED | True Edges: 5 | Cap Limit: 305
  [UNCAPPED] Pred: 2389094 | TP: 0     | FP: 2389094 | TN: 1468678571 | FN: 5    
  [CAPPED]   Pred: 305     | TP: 0     | FP: 305     | TN: 1471067360 | FN: 5    

Snapshot 240 | CAPPED | True Edges: 2 | Cap Limit: 305
  [UNCAPPED] Pred: 2391928 | TP: 1     | FP: 2391927 | TN: 1468675741 | FN: 1    
  [CAPPED]   Pred: 305     | TP: 0     | FP: 305     | TN: 1471067363 | FN: 2    

Snapshot 241 | CAPPED | True Edges: 10 | Cap Limit: 185
  [UNCAPPED] Pred: 2397224 | TP: 1     | FP: 2397223 | TN: 1468670437 | FN: 9    
  [CAPPED]   Pred: 185     | TP: 0     | FP: 185     | TN: 1471067475 | FN: 10   

Snapshot 242 | CAPPED | True Edges: 52 | Cap Limit: 805
  [UNCAPPED] Pred: 2386274 | TP: 2     | FP: 2386272 | TN: 1468681346 | FN: 50   
  [CAPPED]   Pred: 805     | TP: 0     | FP: 805     | TN: 1471066813 | FN: 52   

Snapshot 243 | CAPPED | True Edges: 33 | Cap Limit: 14605
  [UNCAPPED] Pred: 2146550 | TP: 1     | FP: 2146549 | TN: 1468921088 | FN: 32   
  [CAPPED]   Pred: 14605   | TP: 0     | FP: 14605   | TN: 1471053032 | FN: 33   

Snapshot 244 | CAPPED | True Edges: 104 | Cap Limit: 4245
  [UNCAPPED] Pred: 2385876 | TP: 6     | FP: 2385870 | TN: 1468681696 | FN: 98   
  [CAPPED]   Pred: 4245    | TP: 0     | FP: 4245    | TN: 1471063321 | FN: 104  

Snapshot 245 | CAPPED | True Edges: 13 | Cap Limit: 14665
  [UNCAPPED] Pred: 2128862 | TP: 0     | FP: 2128862 | TN: 1468938795 | FN: 13   
  [CAPPED]   Pred: 14665   | TP: 0     | FP: 14665   | TN: 1471052992 | FN: 13   

Snapshot 246 | CAPPED | True Edges: 26 | Cap Limit: 3660
  [UNCAPPED] Pred: 2379312 | TP: 3     | FP: 2379309 | TN: 1468688335 | FN: 23   
  [CAPPED]   Pred: 3660    | TP: 1     | FP: 3659    | TN: 1471063985 | FN: 25   

Snapshot 247 | CAPPED | True Edges: 12 | Cap Limit: 2800
  [UNCAPPED] Pred: 2315182 | TP: 2     | FP: 2315180 | TN: 1468752478 | FN: 10   
  [CAPPED]   Pred: 2800    | TP: 1     | FP: 2799    | TN: 1471064859 | FN: 11   

Snapshot 248 | CAPPED | True Edges: 7 | Cap Limit: 20340
  [UNCAPPED] Pred: 2182300 | TP: 2     | FP: 2182298 | TN: 1468885365 | FN: 5    
  [CAPPED]   Pred: 20340   | TP: 0     | FP: 20340   | TN: 1471047323 | FN: 7    

Snapshot 249 | CAPPED | True Edges: 7 | Cap Limit: 7595
  [UNCAPPED] Pred: 2373700 | TP: 4     | FP: 2373696 | TN: 1468693967 | FN: 3    
  [CAPPED]   Pred: 7595    | TP: 0     | FP: 7595    | TN: 1471060068 | FN: 7    

Snapshot 250 | CAPPED | True Edges: 2 | Cap Limit: 3350
  [UNCAPPED] Pred: 2408178 | TP: 1     | FP: 2408177 | TN: 1468659491 | FN: 1    
  [CAPPED]   Pred: 3350    | TP: 0     | FP: 3350    | TN: 1471064318 | FN: 2    

Snapshot 251 | CAPPED | True Edges: 4 | Cap Limit: 2040
  [UNCAPPED] Pred: 2383132 | TP: 1     | FP: 2383131 | TN: 1468684535 | FN: 3    
  [CAPPED]   Pred: 2040    | TP: 0     | FP: 2040    | TN: 1471065626 | FN: 4    

Snapshot 252 | CAPPED | True Edges: 6 | Cap Limit: 6425
  [UNCAPPED] Pred: 2357508 | TP: 4     | FP: 2357504 | TN: 1468710160 | FN: 2    
  [CAPPED]   Pred: 6425    | TP: 0     | FP: 6425    | TN: 1471061239 | FN: 6    

Snapshot 253 | CAPPED | True Edges: 5 | Cap Limit: 2535
  [UNCAPPED] Pred: 2395212 | TP: 2     | FP: 2395210 | TN: 1468672455 | FN: 3    
  [CAPPED]   Pred: 2535    | TP: 0     | FP: 2535    | TN: 1471065130 | FN: 5    

Snapshot 254 | CAPPED | True Edges: 3 | Cap Limit: 1380
  [UNCAPPED] Pred: 2390772 | TP: 1     | FP: 2390771 | TN: 1468676896 | FN: 2    
  [CAPPED]   Pred: 1380    | TP: 0     | FP: 1380    | TN: 1471066287 | FN: 3    

Snapshot 255 | CAPPED | True Edges: 5 | Cap Limit: 2040
  [UNCAPPED] Pred: 2382114 | TP: 1     | FP: 2382113 | TN: 1468685552 | FN: 4    
  [CAPPED]   Pred: 2040    | TP: 0     | FP: 2040    | TN: 1471065625 | FN: 5    

Snapshot 256 | CAPPED | True Edges: 2 | Cap Limit: 1435
  [UNCAPPED] Pred: 2395566 | TP: 1     | FP: 2395565 | TN: 1468672103 | FN: 1    
  [CAPPED]   Pred: 1435    | TP: 0     | FP: 1435    | TN: 1471066233 | FN: 2    

Snapshot 257 | CAPPED | True Edges: 3 | Cap Limit: 1750
  [UNCAPPED] Pred: 2378238 | TP: 1     | FP: 2378237 | TN: 1468689430 | FN: 2    
  [CAPPED]   Pred: 1750    | TP: 0     | FP: 1750    | TN: 1471065917 | FN: 3    

Snapshot 258 | CAPPED | True Edges: 10 | Cap Limit: 765
  [UNCAPPED] Pred: 2403264 | TP: 1     | FP: 2403263 | TN: 1468664397 | FN: 9    
  [CAPPED]   Pred: 765     | TP: 0     | FP: 765     | TN: 1471066895 | FN: 10   

Snapshot 259 | CAPPED | True Edges: 0 | Cap Limit: 1800
  [UNCAPPED] Pred: 2353820 | TP: 0     | FP: 2353820 | TN: 1468713850 | FN: 0    
  [CAPPED]   Pred: 1800    | TP: 0     | FP: 1800    | TN: 1471065870 | FN: 0    

Snapshot 260 | CAPPED | True Edges: 3 | Cap Limit: 525
  [UNCAPPED] Pred: 2394674 | TP: 0     | FP: 2394674 | TN: 1468672993 | FN: 3    
  [CAPPED]   Pred: 525     | TP: 0     | FP: 525     | TN: 1471067142 | FN: 3    

Snapshot 261 | CAPPED | True Edges: 4 | Cap Limit: 600
  [UNCAPPED] Pred: 2391892 | TP: 1     | FP: 2391891 | TN: 1468675775 | FN: 3    
  [CAPPED]   Pred: 600     | TP: 0     | FP: 600     | TN: 1471067066 | FN: 4    

Snapshot 262 | CAPPED | True Edges: 4 | Cap Limit: 625
  [UNCAPPED] Pred: 2400452 | TP: 1     | FP: 2400451 | TN: 1468667215 | FN: 3    
  [CAPPED]   Pred: 625     | TP: 0     | FP: 625     | TN: 1471067041 | FN: 4    

Snapshot 263 | CAPPED | True Edges: 6 | Cap Limit: 1000
  [UNCAPPED] Pred: 2377448 | TP: 3     | FP: 2377445 | TN: 1468690219 | FN: 3    
  [CAPPED]   Pred: 1000    | TP: 0     | FP: 1000    | TN: 1471066664 | FN: 6    
Saved memory-safe EvolveGCN sparse graphs to data/output/predicted/EvolveGCN/networkcentra_egcn_o_128_64_32_0.01_0.0001_undirected_threshold_5xCap.pkl

--- DATASET: networkcentra (EvolveGCN) METRICS ---
TRAIN:  Time=48.10s, GPU=1414.00MB, RAM=5744.73MB
THRESH: Time=1.99s, GPU=1418.00MB, RAM=5748.27MB
CONST:  Time=634.37s, GPU=18202.00MB, RAM=3527.74MB
========================================================================
COMPLETED DATASET: networkcentra
========================================================================
========================================================================
STARTING GLOBAL DATASET: networkcindicator
========================================================================
Seed set to: 42
[Checking Graph Integrity for 226 snapshots...]
[Done] Total Snapshots processed: 226

Statistics for networkcindicator:
	Nodes: 34681
	Edges: 59872
	Snaps: 226
	Dur: 1D
CLS num_feats 128
--- Training egcn_o | Task: Future Link Prediction ---
Epoch 001 | Loss: 0.740471 | Train AUC: 0.9338
Epoch 010 | Loss: 0.212116 | Train AUC: 0.9917
Epoch 020 | Loss: 0.069070 | Train AUC: 0.9978
Epoch 030 | Loss: 0.090583 | Train AUC: 0.9975
Epoch 040 | Loss: 0.122194 | Train AUC: 0.9935
Epoch 050 | Loss: 0.078723 | Train AUC: 0.9948
Early stopping triggered at epoch 51. Best Loss: 0.017404
--- Probability Distribution Check ---
Positives | Mean: 0.994323 | Std: 0.034796 | Max: 1.000000 | Min: 0.000000
Negatives | Mean: 0.003077 | Std: 0.047710 | Max: 1.000000 | Min: 0.000000
Optimal Threshold: 0.85 | Sampled Val F1: 0.9982
Loading data for networkcindicator with use_predicted=False, num_back=all, num_buckets=10, use_test_style=None

Snapshot 192 | CAPPED | True Edges: 21 | Cap Limit: 1540
  [UNCAPPED] Pred: 1842402 | TP: 1     | FP: 1842401 | TN: 1200894658 | FN: 20   
  [CAPPED]   Pred: 1540    | TP: 0     | FP: 1540    | TN: 1202735519 | FN: 21   

Snapshot 193 | CAPPED | True Edges: 7 | Cap Limit: 1495
  [UNCAPPED] Pred: 1810870 | TP: 1     | FP: 1810869 | TN: 1200926204 | FN: 6    
  [CAPPED]   Pred: 1495    | TP: 0     | FP: 1495    | TN: 1202735578 | FN: 7    

Snapshot 194 | CAPPED | True Edges: 1 | Cap Limit: 950
  [UNCAPPED] Pred: 1805460 | TP: 0     | FP: 1805460 | TN: 1200931619 | FN: 1    
  [CAPPED]   Pred: 950     | TP: 0     | FP: 950     | TN: 1202736129 | FN: 1    

Snapshot 195 | CAPPED | True Edges: 3 | Cap Limit: 825
  [UNCAPPED] Pred: 1788652 | TP: 1     | FP: 1788651 | TN: 1200948426 | FN: 2    
  [CAPPED]   Pred: 825     | TP: 0     | FP: 825     | TN: 1202736252 | FN: 3    

Snapshot 196 | CAPPED | True Edges: 9 | Cap Limit: 865
  [UNCAPPED] Pred: 1805694 | TP: 3     | FP: 1805691 | TN: 1200931380 | FN: 6    
  [CAPPED]   Pred: 865     | TP: 0     | FP: 865     | TN: 1202736206 | FN: 9    

Snapshot 197 | CAPPED | True Edges: 3 | Cap Limit: 845
  [UNCAPPED] Pred: 1780800 | TP: 0     | FP: 1780800 | TN: 1200956277 | FN: 3    
  [CAPPED]   Pred: 845     | TP: 0     | FP: 845     | TN: 1202736232 | FN: 3    

Snapshot 198 | CAPPED | True Edges: 4 | Cap Limit: 585
  [UNCAPPED] Pred: 1783606 | TP: 1     | FP: 1783605 | TN: 1200953471 | FN: 3    
  [CAPPED]   Pred: 585     | TP: 0     | FP: 585     | TN: 1202736491 | FN: 4    

Snapshot 199 | CAPPED | True Edges: 10 | Cap Limit: 560
  [UNCAPPED] Pred: 1785944 | TP: 1     | FP: 1785943 | TN: 1200951127 | FN: 9    
  [CAPPED]   Pred: 560     | TP: 0     | FP: 560     | TN: 1202736510 | FN: 10   

Snapshot 200 | CAPPED | True Edges: 4 | Cap Limit: 760
  [UNCAPPED] Pred: 1791238 | TP: 0     | FP: 1791238 | TN: 1200945838 | FN: 4    
  [CAPPED]   Pred: 760     | TP: 0     | FP: 760     | TN: 1202736316 | FN: 4    

Snapshot 201 | CAPPED | True Edges: 4 | Cap Limit: 690
  [UNCAPPED] Pred: 1784074 | TP: 1     | FP: 1784073 | TN: 1200953003 | FN: 3    
  [CAPPED]   Pred: 690     | TP: 0     | FP: 690     | TN: 1202736386 | FN: 4    

Snapshot 202 | CAPPED | True Edges: 4 | Cap Limit: 645
  [UNCAPPED] Pred: 1777384 | TP: 0     | FP: 1777384 | TN: 1200959692 | FN: 4    
  [CAPPED]   Pred: 645     | TP: 0     | FP: 645     | TN: 1202736431 | FN: 4    

Snapshot 203 | CAPPED | True Edges: 7 | Cap Limit: 855
  [UNCAPPED] Pred: 1784522 | TP: 0     | FP: 1784522 | TN: 1200952551 | FN: 7    
  [CAPPED]   Pred: 855     | TP: 0     | FP: 855     | TN: 1202736218 | FN: 7    

Snapshot 204 | CAPPED | True Edges: 10 | Cap Limit: 605
  [UNCAPPED] Pred: 1769474 | TP: 2     | FP: 1769472 | TN: 1200967598 | FN: 8    
  [CAPPED]   Pred: 605     | TP: 0     | FP: 605     | TN: 1202736465 | FN: 10   

Snapshot 205 | CAPPED | True Edges: 17 | Cap Limit: 800
  [UNCAPPED] Pred: 1791114 | TP: 6     | FP: 1791108 | TN: 1200945955 | FN: 11   
  [CAPPED]   Pred: 800     | TP: 0     | FP: 800     | TN: 1202736263 | FN: 17   

Snapshot 206 | CAPPED | True Edges: 6 | Cap Limit: 935
  [UNCAPPED] Pred: 1789552 | TP: 2     | FP: 1789550 | TN: 1200947524 | FN: 4    
  [CAPPED]   Pred: 935     | TP: 0     | FP: 935     | TN: 1202736139 | FN: 6    

Snapshot 207 | CAPPED | True Edges: 10 | Cap Limit: 610
  [UNCAPPED] Pred: 1784594 | TP: 3     | FP: 1784591 | TN: 1200952479 | FN: 7    
  [CAPPED]   Pred: 610     | TP: 0     | FP: 610     | TN: 1202736460 | FN: 10   

Snapshot 208 | CAPPED | True Edges: 6 | Cap Limit: 725
  [UNCAPPED] Pred: 1788050 | TP: 1     | FP: 1788049 | TN: 1200949025 | FN: 5    
  [CAPPED]   Pred: 725     | TP: 0     | FP: 725     | TN: 1202736349 | FN: 6    

Snapshot 209 | CAPPED | True Edges: 5 | Cap Limit: 505
  [UNCAPPED] Pred: 1770970 | TP: 0     | FP: 1770970 | TN: 1200966105 | FN: 5    
  [CAPPED]   Pred: 505     | TP: 0     | FP: 505     | TN: 1202736570 | FN: 5    

Snapshot 210 | CAPPED | True Edges: 5 | Cap Limit: 530
  [UNCAPPED] Pred: 1763390 | TP: 0     | FP: 1763390 | TN: 1200973685 | FN: 5    
  [CAPPED]   Pred: 530     | TP: 0     | FP: 530     | TN: 1202736545 | FN: 5    

Snapshot 211 | CAPPED | True Edges: 8 | Cap Limit: 620
  [UNCAPPED] Pred: 1779190 | TP: 3     | FP: 1779187 | TN: 1200957885 | FN: 5    
  [CAPPED]   Pred: 620     | TP: 0     | FP: 620     | TN: 1202736452 | FN: 8    

Snapshot 212 | CAPPED | True Edges: 10 | Cap Limit: 680
  [UNCAPPED] Pred: 1771900 | TP: 1     | FP: 1771899 | TN: 1200965171 | FN: 9    
  [CAPPED]   Pred: 680     | TP: 0     | FP: 680     | TN: 1202736390 | FN: 10   

Snapshot 213 | CAPPED | True Edges: 4 | Cap Limit: 745
  [UNCAPPED] Pred: 1767388 | TP: 1     | FP: 1767387 | TN: 1200969689 | FN: 3    
  [CAPPED]   Pred: 745     | TP: 0     | FP: 745     | TN: 1202736331 | FN: 4    

Snapshot 214 | CAPPED | True Edges: 16 | Cap Limit: 805
  [UNCAPPED] Pred: 1783924 | TP: 3     | FP: 1783921 | TN: 1200953143 | FN: 13   
  [CAPPED]   Pred: 805     | TP: 0     | FP: 805     | TN: 1202736259 | FN: 16   

Snapshot 215 | CAPPED | True Edges: 6 | Cap Limit: 1280
  [UNCAPPED] Pred: 1820000 | TP: 2     | FP: 1819998 | TN: 1200917076 | FN: 4    
  [CAPPED]   Pred: 1280    | TP: 0     | FP: 1280    | TN: 1202735794 | FN: 6    

Snapshot 216 | CAPPED | True Edges: 6 | Cap Limit: 860
  [UNCAPPED] Pred: 1788646 | TP: 3     | FP: 1788643 | TN: 1200948431 | FN: 3    
  [CAPPED]   Pred: 860     | TP: 0     | FP: 860     | TN: 1202736214 | FN: 6    

Snapshot 217 | CAPPED | True Edges: 4 | Cap Limit: 680
  [UNCAPPED] Pred: 1767252 | TP: 3     | FP: 1767249 | TN: 1200969827 | FN: 1    
  [CAPPED]   Pred: 680     | TP: 0     | FP: 680     | TN: 1202736396 | FN: 4    

Snapshot 218 | CAPPED | True Edges: 2 | Cap Limit: 775
  [UNCAPPED] Pred: 1779484 | TP: 1     | FP: 1779483 | TN: 1200957595 | FN: 1    
  [CAPPED]   Pred: 775     | TP: 0     | FP: 775     | TN: 1202736303 | FN: 2    

Snapshot 219 | CAPPED | True Edges: 4 | Cap Limit: 775
  [UNCAPPED] Pred: 1797696 | TP: 2     | FP: 1797694 | TN: 1200939382 | FN: 2    
  [CAPPED]   Pred: 775     | TP: 0     | FP: 775     | TN: 1202736301 | FN: 4    

Snapshot 220 | CAPPED | True Edges: 12 | Cap Limit: 800
  [UNCAPPED] Pred: 1788568 | TP: 0     | FP: 1788568 | TN: 1200948500 | FN: 12   
  [CAPPED]   Pred: 800     | TP: 0     | FP: 800     | TN: 1202736268 | FN: 12   

Snapshot 221 | CAPPED | True Edges: 12 | Cap Limit: 910
  [UNCAPPED] Pred: 1800532 | TP: 1     | FP: 1800531 | TN: 1200936537 | FN: 11   
  [CAPPED]   Pred: 910     | TP: 0     | FP: 910     | TN: 1202736158 | FN: 12   

Snapshot 222 | CAPPED | True Edges: 6 | Cap Limit: 1235
  [UNCAPPED] Pred: 1824482 | TP: 2     | FP: 1824480 | TN: 1200912594 | FN: 4    
  [CAPPED]   Pred: 1235    | TP: 0     | FP: 1235    | TN: 1202735839 | FN: 6    

Snapshot 223 | CAPPED | True Edges: 2 | Cap Limit: 955
  [UNCAPPED] Pred: 1802234 | TP: 1     | FP: 1802233 | TN: 1200934845 | FN: 1    
  [CAPPED]   Pred: 955     | TP: 0     | FP: 955     | TN: 1202736123 | FN: 2    

Snapshot 224 | CAPPED | True Edges: 9 | Cap Limit: 850
  [UNCAPPED] Pred: 1802956 | TP: 2     | FP: 1802954 | TN: 1200934117 | FN: 7    
  [CAPPED]   Pred: 850     | TP: 0     | FP: 850     | TN: 1202736221 | FN: 9    

Snapshot 225 | CAPPED | True Edges: 12 | Cap Limit: 1130
  [UNCAPPED] Pred: 1797518 | TP: 2     | FP: 1797516 | TN: 1200939552 | FN: 10   
  [CAPPED]   Pred: 1130    | TP: 0     | FP: 1130    | TN: 1202735938 | FN: 12   
Saved memory-safe EvolveGCN sparse graphs to data/output/predicted/EvolveGCN/networkcindicator_egcn_o_128_64_32_0.01_0.0001_undirected_threshold_5xCap.pkl

--- DATASET: networkcindicator (EvolveGCN) METRICS ---
TRAIN:  Time=101.95s, GPU=1196.00MB, RAM=4708.00MB
THRESH: Time=1.55s, GPU=1198.00MB, RAM=4676.59MB
CONST:  Time=442.06s, GPU=16374.00MB, RAM=3114.38MB
========================================================================
COMPLETED DATASET: networkcindicator
========================================================================
========================================================================
STARTING GLOBAL DATASET: networkcoindash
========================================================================
Seed set to: 42
[Checking Graph Integrity for 274 snapshots...]
[Done] Total Snapshots processed: 274

Statistics for networkcoindash:
	Nodes: 36205
	Edges: 73310
	Snaps: 274
	Dur: 1D
CLS num_feats 128
--- Training egcn_o | Task: Future Link Prediction ---
Epoch 001 | Loss: 0.723230 | Train AUC: 0.9360
Epoch 010 | Loss: 0.166770 | Train AUC: 0.9931
Epoch 020 | Loss: 0.059010 | Train AUC: 0.9978
Epoch 030 | Loss: 0.165383 | Train AUC: 0.9894
Epoch 040 | Loss: 0.054255 | Train AUC: 0.9984
Early stopping triggered at epoch 48. Best Loss: 0.033979
--- Probability Distribution Check ---
Positives | Mean: 0.996037 | Std: 0.015254 | Max: 1.000000 | Min: 0.000000
Negatives | Mean: 0.002991 | Std: 0.047610 | Max: 1.000000 | Min: 0.000000
Optimal Threshold: 0.87 | Sampled Val F1: 0.9988
Loading data for networkcoindash with use_predicted=False, num_back=all, num_buckets=10, use_test_style=None

Snapshot 232 | CAPPED | True Edges: 3 | Cap Limit: 295
  [UNCAPPED] Pred: 1672394 | TP: 0     | FP: 1672394 | TN: 1309093423 | FN: 3    
  [CAPPED]   Pred: 295     | TP: 0     | FP: 295     | TN: 1310765522 | FN: 3    

Snapshot 233 | CAPPED | True Edges: 3 | Cap Limit: 315
  [UNCAPPED] Pred: 1666828 | TP: 0     | FP: 1666828 | TN: 1309098989 | FN: 3    
  [CAPPED]   Pred: 315     | TP: 0     | FP: 315     | TN: 1310765502 | FN: 3    

Snapshot 234 | CAPPED | True Edges: 0 | Cap Limit: 385
  [UNCAPPED] Pred: 1664254 | TP: 0     | FP: 1664254 | TN: 1309101566 | FN: 0    
  [CAPPED]   Pred: 385     | TP: 0     | FP: 385     | TN: 1310765435 | FN: 0    

Snapshot 235 | CAPPED | True Edges: 0 | Cap Limit: 300
  [UNCAPPED] Pred: 1668736 | TP: 0     | FP: 1668736 | TN: 1309097084 | FN: 0    
  [CAPPED]   Pred: 300     | TP: 0     | FP: 300     | TN: 1310765520 | FN: 0    

Snapshot 236 | CAPPED | True Edges: 1 | Cap Limit: 160
  [UNCAPPED] Pred: 1672798 | TP: 0     | FP: 1672798 | TN: 1309093021 | FN: 1    
  [CAPPED]   Pred: 160     | TP: 0     | FP: 160     | TN: 1310765659 | FN: 1    

Snapshot 237 | CAPPED | True Edges: 2 | Cap Limit: 300
  [UNCAPPED] Pred: 1671268 | TP: 0     | FP: 1671268 | TN: 1309094550 | FN: 2    
  [CAPPED]   Pred: 300     | TP: 0     | FP: 300     | TN: 1310765518 | FN: 2    

Snapshot 238 | CAPPED | True Edges: 2 | Cap Limit: 240
  [UNCAPPED] Pred: 1677324 | TP: 1     | FP: 1677323 | TN: 1309088495 | FN: 1    
  [CAPPED]   Pred: 240     | TP: 0     | FP: 240     | TN: 1310765578 | FN: 2    

Snapshot 239 | CAPPED | True Edges: 4 | Cap Limit: 215
  [UNCAPPED] Pred: 1666766 | TP: 0     | FP: 1666766 | TN: 1309099050 | FN: 4    
  [CAPPED]   Pred: 215     | TP: 0     | FP: 215     | TN: 1310765601 | FN: 4    

Snapshot 240 | CAPPED | True Edges: 2 | Cap Limit: 450
  [UNCAPPED] Pred: 1677788 | TP: 0     | FP: 1677788 | TN: 1309088030 | FN: 2    
  [CAPPED]   Pred: 450     | TP: 0     | FP: 450     | TN: 1310765368 | FN: 2    

Snapshot 241 | CAPPED | True Edges: 1 | Cap Limit: 350
  [UNCAPPED] Pred: 1672392 | TP: 0     | FP: 1672392 | TN: 1309093427 | FN: 1    
  [CAPPED]   Pred: 350     | TP: 0     | FP: 350     | TN: 1310765469 | FN: 1    

Snapshot 242 | CAPPED | True Edges: 1 | Cap Limit: 270
  [UNCAPPED] Pred: 1668766 | TP: 0     | FP: 1668766 | TN: 1309097053 | FN: 1    
  [CAPPED]   Pred: 270     | TP: 0     | FP: 270     | TN: 1310765549 | FN: 1    

Snapshot 243 | CAPPED | True Edges: 9 | Cap Limit: 280
  [UNCAPPED] Pred: 1670414 | TP: 2     | FP: 1670412 | TN: 1309095399 | FN: 7    
  [CAPPED]   Pred: 280     | TP: 0     | FP: 280     | TN: 1310765531 | FN: 9    

Snapshot 244 | CAPPED | True Edges: 5 | Cap Limit: 495
  [UNCAPPED] Pred: 1684258 | TP: 1     | FP: 1684257 | TN: 1309081558 | FN: 4    
  [CAPPED]   Pred: 495     | TP: 0     | FP: 495     | TN: 1310765320 | FN: 5    

Snapshot 245 | CAPPED | True Edges: 0 | Cap Limit: 405
  [UNCAPPED] Pred: 1678412 | TP: 0     | FP: 1678412 | TN: 1309087408 | FN: 0    
  [CAPPED]   Pred: 405     | TP: 0     | FP: 405     | TN: 1310765415 | FN: 0    

Snapshot 246 | CAPPED | True Edges: 2 | Cap Limit: 230
  [UNCAPPED] Pred: 1672250 | TP: 1     | FP: 1672249 | TN: 1309093569 | FN: 1    
  [CAPPED]   Pred: 230     | TP: 0     | FP: 230     | TN: 1310765588 | FN: 2    

Snapshot 247 | CAPPED | True Edges: 4 | Cap Limit: 185
  [UNCAPPED] Pred: 1670958 | TP: 1     | FP: 1670957 | TN: 1309094859 | FN: 3    
  [CAPPED]   Pred: 185     | TP: 0     | FP: 185     | TN: 1310765631 | FN: 4    

Snapshot 248 | CAPPED | True Edges: 0 | Cap Limit: 315
  [UNCAPPED] Pred: 1669222 | TP: 0     | FP: 1669222 | TN: 1309096598 | FN: 0    
  [CAPPED]   Pred: 315     | TP: 0     | FP: 315     | TN: 1310765505 | FN: 0    

Snapshot 249 | CAPPED | True Edges: 1 | Cap Limit: 210
  [UNCAPPED] Pred: 1666064 | TP: 0     | FP: 1666064 | TN: 1309099755 | FN: 1    
  [CAPPED]   Pred: 210     | TP: 0     | FP: 210     | TN: 1310765609 | FN: 1    

Snapshot 250 | CAPPED | True Edges: 0 | Cap Limit: 180
  [UNCAPPED] Pred: 1670152 | TP: 0     | FP: 1670152 | TN: 1309095668 | FN: 0    
  [CAPPED]   Pred: 180     | TP: 0     | FP: 180     | TN: 1310765640 | FN: 0    

Snapshot 251 | CAPPED | True Edges: 0 | Cap Limit: 235
  [UNCAPPED] Pred: 1671118 | TP: 0     | FP: 1671118 | TN: 1309094702 | FN: 0    
  [CAPPED]   Pred: 235     | TP: 0     | FP: 235     | TN: 1310765585 | FN: 0    

Snapshot 252 | CAPPED | True Edges: 1 | Cap Limit: 105
  [UNCAPPED] Pred: 1665066 | TP: 0     | FP: 1665066 | TN: 1309100753 | FN: 1    
  [CAPPED]   Pred: 105     | TP: 0     | FP: 105     | TN: 1310765714 | FN: 1    

Snapshot 253 | CAPPED | True Edges: 2 | Cap Limit: 155
  [UNCAPPED] Pred: 1664960 | TP: 0     | FP: 1664960 | TN: 1309100858 | FN: 2    
  [CAPPED]   Pred: 155     | TP: 0     | FP: 155     | TN: 1310765663 | FN: 2    

Snapshot 254 | CAPPED | True Edges: 7 | Cap Limit: 305
  [UNCAPPED] Pred: 1670870 | TP: 1     | FP: 1670869 | TN: 1309094944 | FN: 6    
  [CAPPED]   Pred: 305     | TP: 0     | FP: 305     | TN: 1310765508 | FN: 7    

Snapshot 255 | CAPPED | True Edges: 2 | Cap Limit: 220
  [UNCAPPED] Pred: 1664582 | TP: 0     | FP: 1664582 | TN: 1309101236 | FN: 2    
  [CAPPED]   Pred: 220     | TP: 0     | FP: 220     | TN: 1310765598 | FN: 2    

Snapshot 256 | CAPPED | True Edges: 1 | Cap Limit: 130
  [UNCAPPED] Pred: 1665896 | TP: 0     | FP: 1665896 | TN: 1309099923 | FN: 1    
  [CAPPED]   Pred: 130     | TP: 0     | FP: 130     | TN: 1310765689 | FN: 1    

Snapshot 257 | CAPPED | True Edges: 4 | Cap Limit: 175
  [UNCAPPED] Pred: 1671084 | TP: 1     | FP: 1671083 | TN: 1309094733 | FN: 3    
  [CAPPED]   Pred: 175     | TP: 0     | FP: 175     | TN: 1310765641 | FN: 4    

Snapshot 258 | CAPPED | True Edges: 3 | Cap Limit: 290
  [UNCAPPED] Pred: 1683834 | TP: 1     | FP: 1683833 | TN: 1309081984 | FN: 2    
  [CAPPED]   Pred: 290     | TP: 0     | FP: 290     | TN: 1310765527 | FN: 3    

Snapshot 259 | CAPPED | True Edges: 2 | Cap Limit: 235
  [UNCAPPED] Pred: 1671486 | TP: 1     | FP: 1671485 | TN: 1309094333 | FN: 1    
  [CAPPED]   Pred: 235     | TP: 0     | FP: 235     | TN: 1310765583 | FN: 2    

Snapshot 260 | CAPPED | True Edges: 7 | Cap Limit: 235
  [UNCAPPED] Pred: 1671842 | TP: 1     | FP: 1671841 | TN: 1309093972 | FN: 6    
  [CAPPED]   Pred: 235     | TP: 0     | FP: 235     | TN: 1310765578 | FN: 7    

Snapshot 261 | CAPPED | True Edges: 8 | Cap Limit: 245
  [UNCAPPED] Pred: 1672106 | TP: 0     | FP: 1672106 | TN: 1309093706 | FN: 8    
  [CAPPED]   Pred: 245     | TP: 0     | FP: 245     | TN: 1310765567 | FN: 8    

Snapshot 262 | CAPPED | True Edges: 4 | Cap Limit: 405
  [UNCAPPED] Pred: 1675736 | TP: 0     | FP: 1675736 | TN: 1309090080 | FN: 4    
  [CAPPED]   Pred: 405     | TP: 0     | FP: 405     | TN: 1310765411 | FN: 4    

Snapshot 263 | CAPPED | True Edges: 4 | Cap Limit: 585
  [UNCAPPED] Pred: 1685318 | TP: 0     | FP: 1685318 | TN: 1309080498 | FN: 4    
  [CAPPED]   Pred: 585     | TP: 0     | FP: 585     | TN: 1310765231 | FN: 4    

Snapshot 264 | CAPPED | True Edges: 2 | Cap Limit: 400
  [UNCAPPED] Pred: 1676038 | TP: 0     | FP: 1676038 | TN: 1309089780 | FN: 2    
  [CAPPED]   Pred: 400     | TP: 0     | FP: 400     | TN: 1310765418 | FN: 2    

Snapshot 265 | CAPPED | True Edges: 1 | Cap Limit: 400
  [UNCAPPED] Pred: 1681178 | TP: 0     | FP: 1681178 | TN: 1309084641 | FN: 1    
  [CAPPED]   Pred: 400     | TP: 0     | FP: 400     | TN: 1310765419 | FN: 1    

Snapshot 266 | CAPPED | True Edges: 1 | Cap Limit: 305
  [UNCAPPED] Pred: 1667270 | TP: 0     | FP: 1667270 | TN: 1309098549 | FN: 1    
  [CAPPED]   Pred: 305     | TP: 0     | FP: 305     | TN: 1310765514 | FN: 1    

Snapshot 267 | CAPPED | True Edges: 1 | Cap Limit: 605
  [UNCAPPED] Pred: 1694462 | TP: 0     | FP: 1694462 | TN: 1309071357 | FN: 1    
  [CAPPED]   Pred: 605     | TP: 0     | FP: 605     | TN: 1310765214 | FN: 1    

Snapshot 268 | CAPPED | True Edges: 4 | Cap Limit: 840
  [UNCAPPED] Pred: 1697276 | TP: 1     | FP: 1697275 | TN: 1309068541 | FN: 3    
  [CAPPED]   Pred: 840     | TP: 0     | FP: 840     | TN: 1310764976 | FN: 4    

Snapshot 269 | CAPPED | True Edges: 0 | Cap Limit: 620
  [UNCAPPED] Pred: 1701004 | TP: 0     | FP: 1701004 | TN: 1309064816 | FN: 0    
  [CAPPED]   Pred: 620     | TP: 0     | FP: 620     | TN: 1310765200 | FN: 0    

Snapshot 270 | CAPPED | True Edges: 7 | Cap Limit: 535
  [UNCAPPED] Pred: 1677928 | TP: 2     | FP: 1677926 | TN: 1309087887 | FN: 5    
  [CAPPED]   Pred: 535     | TP: 0     | FP: 535     | TN: 1310765278 | FN: 7    

Snapshot 271 | CAPPED | True Edges: 1 | Cap Limit: 525
  [UNCAPPED] Pred: 1677510 | TP: 0     | FP: 1677510 | TN: 1309088309 | FN: 1    
  [CAPPED]   Pred: 525     | TP: 0     | FP: 525     | TN: 1310765294 | FN: 1    

Snapshot 272 | CAPPED | True Edges: 6 | Cap Limit: 980
  [UNCAPPED] Pred: 1695370 | TP: 1     | FP: 1695369 | TN: 1309070445 | FN: 5    
  [CAPPED]   Pred: 980     | TP: 0     | FP: 980     | TN: 1310764834 | FN: 6    

Snapshot 273 | CAPPED | True Edges: 7 | Cap Limit: 5625
  [UNCAPPED] Pred: 2200450 | TP: 0     | FP: 2200450 | TN: 1308565363 | FN: 7    
  [CAPPED]   Pred: 5625    | TP: 0     | FP: 5625    | TN: 1310760188 | FN: 7    
Saved memory-safe EvolveGCN sparse graphs to data/output/predicted/EvolveGCN/networkcoindash_egcn_o_128_64_32_0.01_0.0001_undirected_threshold_5xCap.pkl

--- DATASET: networkcoindash (EvolveGCN) METRICS ---
TRAIN:  Time=117.47s, GPU=1338.00MB, RAM=6781.30MB
THRESH: Time=2.06s, GPU=1340.00MB, RAM=6781.32MB
CONST:  Time=596.90s, GPU=17184.00MB, RAM=3859.50MB
========================================================================
COMPLETED DATASET: networkcoindash
========================================================================
========================================================================
STARTING GLOBAL DATASET: networkdgd
========================================================================
Seed set to: 42
[Checking Graph Integrity for 725 snapshots...]
[Done] Total Snapshots processed: 725

Statistics for networkdgd:
	Nodes: 21297
	Edges: 44830
	Snaps: 725
	Dur: 1D
CLS num_feats 128
--- Training egcn_o | Task: Future Link Prediction ---
Epoch 001 | Loss: 0.437933 | Train AUC: 0.9695
Epoch 010 | Loss: 0.041289 | Train AUC: 0.9989
Epoch 020 | Loss: 0.064287 | Train AUC: 0.9981
Early stopping triggered at epoch 22. Best Loss: 0.011969
--- Probability Distribution Check ---
Positives | Mean: 0.998333 | Std: 0.017131 | Max: 1.000000 | Min: 0.000000
Negatives | Mean: 0.002465 | Std: 0.044631 | Max: 1.000000 | Min: 0.000000
Optimal Threshold: 0.94 | Sampled Val F1: 0.9989
Loading data for networkdgd with use_predicted=False, num_back=all, num_buckets=10, use_test_style=None

Snapshot 616 | CAPPED | True Edges: 39 | Cap Limit: 495
  [UNCAPPED] Pred: 387850  | TP: 2     | FP: 387848  | TN: 453153025 | FN: 37   
  [CAPPED]   Pred: 495     | TP: 0     | FP: 495     | TN: 453540378 | FN: 39   

Snapshot 617 | CAPPED | True Edges: 29 | Cap Limit: 955
  [UNCAPPED] Pred: 391724  | TP: 2     | FP: 391722  | TN: 453149161 | FN: 27   
  [CAPPED]   Pred: 955     | TP: 0     | FP: 955     | TN: 453539928 | FN: 29   

Snapshot 618 | CAPPED | True Edges: 34 | Cap Limit: 1015
  [UNCAPPED] Pred: 390886  | TP: 6     | FP: 390880  | TN: 453149998 | FN: 28   
  [CAPPED]   Pred: 1015    | TP: 0     | FP: 1015    | TN: 453539863 | FN: 34   

Snapshot 619 | CAPPED | True Edges: 47 | Cap Limit: 850
  [UNCAPPED] Pred: 388702  | TP: 2     | FP: 388700  | TN: 453152165 | FN: 45   
  [CAPPED]   Pred: 850     | TP: 0     | FP: 850     | TN: 453540015 | FN: 47   

Snapshot 620 | CAPPED | True Edges: 45 | Cap Limit: 1480
  [UNCAPPED] Pred: 390624  | TP: 5     | FP: 390619  | TN: 453150248 | FN: 40   
  [CAPPED]   Pred: 1480    | TP: 0     | FP: 1480    | TN: 453539387 | FN: 45   

Snapshot 621 | CAPPED | True Edges: 9 | Cap Limit: 1190
  [UNCAPPED] Pred: 390320  | TP: 1     | FP: 390319  | TN: 453150584 | FN: 8    
  [CAPPED]   Pred: 1190    | TP: 0     | FP: 1190    | TN: 453539713 | FN: 9    

Snapshot 622 | CAPPED | True Edges: 15 | Cap Limit: 670
  [UNCAPPED] Pred: 386306  | TP: 3     | FP: 386303  | TN: 453154594 | FN: 12   
  [CAPPED]   Pred: 670     | TP: 0     | FP: 670     | TN: 453540227 | FN: 15   

Snapshot 623 | CAPPED | True Edges: 28 | Cap Limit: 685
  [UNCAPPED] Pred: 388802  | TP: 2     | FP: 388800  | TN: 453152084 | FN: 26   
  [CAPPED]   Pred: 685     | TP: 0     | FP: 685     | TN: 453540199 | FN: 28   

Snapshot 624 | CAPPED | True Edges: 11 | Cap Limit: 2465
  [UNCAPPED] Pred: 386602  | TP: 1     | FP: 386601  | TN: 453154300 | FN: 10   
  [CAPPED]   Pred: 2465    | TP: 0     | FP: 2465    | TN: 453538436 | FN: 11   

Snapshot 625 | CAPPED | True Edges: 9 | Cap Limit: 1225
  [UNCAPPED] Pred: 387954  | TP: 2     | FP: 387952  | TN: 453152951 | FN: 7    
  [CAPPED]   Pred: 1225    | TP: 0     | FP: 1225    | TN: 453539678 | FN: 9    

Snapshot 626 | CAPPED | True Edges: 22 | Cap Limit: 850
  [UNCAPPED] Pred: 389360  | TP: 2     | FP: 389358  | TN: 453151532 | FN: 20   
  [CAPPED]   Pred: 850     | TP: 0     | FP: 850     | TN: 453540040 | FN: 22   

Snapshot 627 | CAPPED | True Edges: 18 | Cap Limit: 615
  [UNCAPPED] Pred: 387266  | TP: 1     | FP: 387265  | TN: 453153629 | FN: 17   
  [CAPPED]   Pred: 615     | TP: 0     | FP: 615     | TN: 453540279 | FN: 18   

Snapshot 628 | CAPPED | True Edges: 14 | Cap Limit: 660
  [UNCAPPED] Pred: 389166  | TP: 2     | FP: 389164  | TN: 453151734 | FN: 12   
  [CAPPED]   Pred: 660     | TP: 0     | FP: 660     | TN: 453540238 | FN: 14   

Snapshot 629 | CAPPED | True Edges: 11 | Cap Limit: 720
  [UNCAPPED] Pred: 389366  | TP: 0     | FP: 389366  | TN: 453151535 | FN: 11   
  [CAPPED]   Pred: 720     | TP: 0     | FP: 720     | TN: 453540181 | FN: 11   

Snapshot 630 | CAPPED | True Edges: 10 | Cap Limit: 475
  [UNCAPPED] Pred: 389404  | TP: 0     | FP: 389404  | TN: 453151498 | FN: 10   
  [CAPPED]   Pred: 475     | TP: 0     | FP: 475     | TN: 453540427 | FN: 10   

Snapshot 631 | CAPPED | True Edges: 9 | Cap Limit: 420
  [UNCAPPED] Pred: 387944  | TP: 3     | FP: 387941  | TN: 453152962 | FN: 6    
  [CAPPED]   Pred: 420     | TP: 0     | FP: 420     | TN: 453540483 | FN: 9    

Snapshot 632 | CAPPED | True Edges: 5 | Cap Limit: 500
  [UNCAPPED] Pred: 387286  | TP: 0     | FP: 387286  | TN: 453153621 | FN: 5    
  [CAPPED]   Pred: 500     | TP: 0     | FP: 500     | TN: 453540407 | FN: 5    

Snapshot 633 | CAPPED | True Edges: 14 | Cap Limit: 370
  [UNCAPPED] Pred: 390078  | TP: 0     | FP: 390078  | TN: 453150820 | FN: 14   
  [CAPPED]   Pred: 370     | TP: 0     | FP: 370     | TN: 453540528 | FN: 14   

Snapshot 634 | CAPPED | True Edges: 6 | Cap Limit: 505
  [UNCAPPED] Pred: 388562  | TP: 1     | FP: 388561  | TN: 453152345 | FN: 5    
  [CAPPED]   Pred: 505     | TP: 0     | FP: 505     | TN: 453540401 | FN: 6    

Snapshot 635 | CAPPED | True Edges: 13 | Cap Limit: 310
  [UNCAPPED] Pred: 386520  | TP: 0     | FP: 386520  | TN: 453154379 | FN: 13   
  [CAPPED]   Pred: 310     | TP: 0     | FP: 310     | TN: 453540589 | FN: 13   

Snapshot 636 | CAPPED | True Edges: 32 | Cap Limit: 435
  [UNCAPPED] Pred: 387328  | TP: 1     | FP: 387327  | TN: 453153553 | FN: 31   
  [CAPPED]   Pred: 435     | TP: 0     | FP: 435     | TN: 453540445 | FN: 32   

Snapshot 637 | CAPPED | True Edges: 8 | Cap Limit: 945
  [UNCAPPED] Pred: 389134  | TP: 1     | FP: 389133  | TN: 453151771 | FN: 7    
  [CAPPED]   Pred: 945     | TP: 0     | FP: 945     | TN: 453539959 | FN: 8    

Snapshot 638 | CAPPED | True Edges: 6 | Cap Limit: 410
  [UNCAPPED] Pred: 388800  | TP: 1     | FP: 388799  | TN: 453152107 | FN: 5    
  [CAPPED]   Pred: 410     | TP: 0     | FP: 410     | TN: 453540496 | FN: 6    

Snapshot 639 | CAPPED | True Edges: 6 | Cap Limit: 355
  [UNCAPPED] Pred: 388718  | TP: 1     | FP: 388717  | TN: 453152189 | FN: 5    
  [CAPPED]   Pred: 355     | TP: 0     | FP: 355     | TN: 453540551 | FN: 6    

Snapshot 640 | CAPPED | True Edges: 14 | Cap Limit: 340
  [UNCAPPED] Pred: 389324  | TP: 1     | FP: 389323  | TN: 453151575 | FN: 13   
  [CAPPED]   Pred: 340     | TP: 0     | FP: 340     | TN: 453540558 | FN: 14   

Snapshot 641 | CAPPED | True Edges: 13 | Cap Limit: 550
  [UNCAPPED] Pred: 389942  | TP: 1     | FP: 389941  | TN: 453150958 | FN: 12   
  [CAPPED]   Pred: 550     | TP: 0     | FP: 550     | TN: 453540349 | FN: 13   

Snapshot 642 | CAPPED | True Edges: 32 | Cap Limit: 610
  [UNCAPPED] Pred: 388810  | TP: 2     | FP: 388808  | TN: 453152072 | FN: 30   
  [CAPPED]   Pred: 610     | TP: 0     | FP: 610     | TN: 453540270 | FN: 32   

Snapshot 643 | CAPPED | True Edges: 50 | Cap Limit: 1035
  [UNCAPPED] Pred: 389668  | TP: 1     | FP: 389667  | TN: 453151195 | FN: 49   
  [CAPPED]   Pred: 1035    | TP: 0     | FP: 1035    | TN: 453539827 | FN: 50   

Snapshot 644 | CAPPED | True Edges: 28 | Cap Limit: 4130
  [UNCAPPED] Pred: 390136  | TP: 0     | FP: 390136  | TN: 453150748 | FN: 28   
  [CAPPED]   Pred: 4130    | TP: 0     | FP: 4130    | TN: 453536754 | FN: 28   

Snapshot 645 | CAPPED | True Edges: 14 | Cap Limit: 1600
  [UNCAPPED] Pred: 391762  | TP: 1     | FP: 391761  | TN: 453149137 | FN: 13   
  [CAPPED]   Pred: 1600    | TP: 0     | FP: 1600    | TN: 453539298 | FN: 14   

Snapshot 646 | CAPPED | True Edges: 13 | Cap Limit: 1100
  [UNCAPPED] Pred: 388274  | TP: 0     | FP: 388274  | TN: 453152625 | FN: 13   
  [CAPPED]   Pred: 1100    | TP: 0     | FP: 1100    | TN: 453539799 | FN: 13   

Snapshot 647 | CAPPED | True Edges: 8 | Cap Limit: 1070
  [UNCAPPED] Pred: 390254  | TP: 0     | FP: 390254  | TN: 453150650 | FN: 8    
  [CAPPED]   Pred: 1070    | TP: 0     | FP: 1070    | TN: 453539834 | FN: 8    

Snapshot 648 | CAPPED | True Edges: 14 | Cap Limit: 820
  [UNCAPPED] Pred: 391520  | TP: 0     | FP: 391520  | TN: 453149378 | FN: 14   
  [CAPPED]   Pred: 820     | TP: 0     | FP: 820     | TN: 453540078 | FN: 14   

Snapshot 649 | CAPPED | True Edges: 4 | Cap Limit: 615
  [UNCAPPED] Pred: 386618  | TP: 0     | FP: 386618  | TN: 453154290 | FN: 4    
  [CAPPED]   Pred: 615     | TP: 0     | FP: 615     | TN: 453540293 | FN: 4    

Snapshot 650 | CAPPED | True Edges: 5 | Cap Limit: 280
  [UNCAPPED] Pred: 387356  | TP: 1     | FP: 387355  | TN: 453153552 | FN: 4    
  [CAPPED]   Pred: 280     | TP: 0     | FP: 280     | TN: 453540627 | FN: 5    

Snapshot 651 | CAPPED | True Edges: 2 | Cap Limit: 490
  [UNCAPPED] Pred: 385678  | TP: 0     | FP: 385678  | TN: 453155232 | FN: 2    
  [CAPPED]   Pred: 490     | TP: 0     | FP: 490     | TN: 453540420 | FN: 2    

Snapshot 652 | CAPPED | True Edges: 1 | Cap Limit: 390
  [UNCAPPED] Pred: 387568  | TP: 0     | FP: 387568  | TN: 453153343 | FN: 1    
  [CAPPED]   Pred: 390     | TP: 0     | FP: 390     | TN: 453540521 | FN: 1    

Snapshot 653 | CAPPED | True Edges: 8 | Cap Limit: 335
  [UNCAPPED] Pred: 388770  | TP: 2     | FP: 388768  | TN: 453152136 | FN: 6    
  [CAPPED]   Pred: 335     | TP: 0     | FP: 335     | TN: 453540569 | FN: 8    

Snapshot 654 | CAPPED | True Edges: 4 | Cap Limit: 355
  [UNCAPPED] Pred: 389736  | TP: 2     | FP: 389734  | TN: 453151174 | FN: 2    
  [CAPPED]   Pred: 355     | TP: 0     | FP: 355     | TN: 453540553 | FN: 4    

Snapshot 655 | CAPPED | True Edges: 9 | Cap Limit: 285
  [UNCAPPED] Pred: 389736  | TP: 1     | FP: 389735  | TN: 453151168 | FN: 8    
  [CAPPED]   Pred: 285     | TP: 0     | FP: 285     | TN: 453540618 | FN: 9    

Snapshot 656 | CAPPED | True Edges: 2 | Cap Limit: 455
  [UNCAPPED] Pred: 389268  | TP: 0     | FP: 389268  | TN: 453151642 | FN: 2    
  [CAPPED]   Pred: 455     | TP: 0     | FP: 455     | TN: 453540455 | FN: 2    

Snapshot 657 | CAPPED | True Edges: 3 | Cap Limit: 320
  [UNCAPPED] Pred: 388108  | TP: 0     | FP: 388108  | TN: 453152801 | FN: 3    
  [CAPPED]   Pred: 320     | TP: 0     | FP: 320     | TN: 453540589 | FN: 3    

Snapshot 658 | CAPPED | True Edges: 2 | Cap Limit: 225
  [UNCAPPED] Pred: 387918  | TP: 0     | FP: 387918  | TN: 453152992 | FN: 2    
  [CAPPED]   Pred: 225     | TP: 0     | FP: 225     | TN: 453540685 | FN: 2    

Snapshot 659 | CAPPED | True Edges: 14 | Cap Limit: 240
  [UNCAPPED] Pred: 385374  | TP: 0     | FP: 385374  | TN: 453155524 | FN: 14   
  [CAPPED]   Pred: 240     | TP: 0     | FP: 240     | TN: 453540658 | FN: 14   

Snapshot 660 | CAPPED | True Edges: 3 | Cap Limit: 805
  [UNCAPPED] Pred: 386800  | TP: 0     | FP: 386800  | TN: 453154109 | FN: 3    
  [CAPPED]   Pred: 805     | TP: 0     | FP: 805     | TN: 453540104 | FN: 3    

Snapshot 661 | CAPPED | True Edges: 3 | Cap Limit: 440
  [UNCAPPED] Pred: 389634  | TP: 0     | FP: 389634  | TN: 453151275 | FN: 3    
  [CAPPED]   Pred: 440     | TP: 0     | FP: 440     | TN: 453540469 | FN: 3    

Snapshot 662 | CAPPED | True Edges: 27 | Cap Limit: 420
  [UNCAPPED] Pred: 387192  | TP: 1     | FP: 387191  | TN: 453153694 | FN: 26   
  [CAPPED]   Pred: 420     | TP: 0     | FP: 420     | TN: 453540465 | FN: 27   

Snapshot 663 | CAPPED | True Edges: 8 | Cap Limit: 1075
  [UNCAPPED] Pred: 388036  | TP: 0     | FP: 388036  | TN: 453152868 | FN: 8    
  [CAPPED]   Pred: 1075    | TP: 0     | FP: 1075    | TN: 453539829 | FN: 8    

Snapshot 664 | CAPPED | True Edges: 14 | Cap Limit: 545
  [UNCAPPED] Pred: 385306  | TP: 1     | FP: 385305  | TN: 453155593 | FN: 13   
  [CAPPED]   Pred: 545     | TP: 0     | FP: 545     | TN: 453540353 | FN: 14   

Snapshot 665 | CAPPED | True Edges: 6 | Cap Limit: 635
  [UNCAPPED] Pred: 388410  | TP: 1     | FP: 388409  | TN: 453152497 | FN: 5    
  [CAPPED]   Pred: 635     | TP: 0     | FP: 635     | TN: 453540271 | FN: 6    

Snapshot 666 | CAPPED | True Edges: 8 | Cap Limit: 955
  [UNCAPPED] Pred: 388186  | TP: 2     | FP: 388184  | TN: 453152720 | FN: 6    
  [CAPPED]   Pred: 955     | TP: 0     | FP: 955     | TN: 453539949 | FN: 8    

Snapshot 667 | CAPPED | True Edges: 14 | Cap Limit: 755
  [UNCAPPED] Pred: 389842  | TP: 0     | FP: 389842  | TN: 453151056 | FN: 14   
  [CAPPED]   Pred: 755     | TP: 0     | FP: 755     | TN: 453540143 | FN: 14   

Snapshot 668 | CAPPED | True Edges: 26 | Cap Limit: 990
  [UNCAPPED] Pred: 390922  | TP: 0     | FP: 390922  | TN: 453149964 | FN: 26   
  [CAPPED]   Pred: 990     | TP: 0     | FP: 990     | TN: 453539896 | FN: 26   

Snapshot 669 | CAPPED | True Edges: 43 | Cap Limit: 1125
  [UNCAPPED] Pred: 392234  | TP: 0     | FP: 392234  | TN: 453148635 | FN: 43   
  [CAPPED]   Pred: 1125    | TP: 0     | FP: 1125    | TN: 453539744 | FN: 43   

Snapshot 670 | CAPPED | True Edges: 27 | Cap Limit: 2055
  [UNCAPPED] Pred: 389250  | TP: 0     | FP: 389250  | TN: 453151635 | FN: 27   
  [CAPPED]   Pred: 2055    | TP: 0     | FP: 2055    | TN: 453538830 | FN: 27   

Snapshot 671 | CAPPED | True Edges: 11 | Cap Limit: 1620
  [UNCAPPED] Pred: 389644  | TP: 0     | FP: 389644  | TN: 453151257 | FN: 11   
  [CAPPED]   Pred: 1620    | TP: 0     | FP: 1620    | TN: 453539281 | FN: 11   

Snapshot 672 | CAPPED | True Edges: 12 | Cap Limit: 830
  [UNCAPPED] Pred: 389668  | TP: 1     | FP: 389667  | TN: 453151233 | FN: 11   
  [CAPPED]   Pred: 830     | TP: 0     | FP: 830     | TN: 453540070 | FN: 12   

Snapshot 673 | CAPPED | True Edges: 11 | Cap Limit: 815
  [UNCAPPED] Pred: 386688  | TP: 0     | FP: 386688  | TN: 453154213 | FN: 11   
  [CAPPED]   Pred: 815     | TP: 0     | FP: 815     | TN: 453540086 | FN: 11   

Snapshot 674 | CAPPED | True Edges: 6 | Cap Limit: 765
  [UNCAPPED] Pred: 392044  | TP: 1     | FP: 392043  | TN: 453148863 | FN: 5    
  [CAPPED]   Pred: 765     | TP: 0     | FP: 765     | TN: 453540141 | FN: 6    

Snapshot 675 | CAPPED | True Edges: 11 | Cap Limit: 570
  [UNCAPPED] Pred: 387326  | TP: 0     | FP: 387326  | TN: 453153575 | FN: 11   
  [CAPPED]   Pred: 570     | TP: 0     | FP: 570     | TN: 453540331 | FN: 11   

Snapshot 676 | CAPPED | True Edges: 12 | Cap Limit: 755
  [UNCAPPED] Pred: 388210  | TP: 0     | FP: 388210  | TN: 453152690 | FN: 12   
  [CAPPED]   Pred: 755     | TP: 0     | FP: 755     | TN: 453540145 | FN: 12   

Snapshot 677 | CAPPED | True Edges: 16 | Cap Limit: 540
  [UNCAPPED] Pred: 388940  | TP: 0     | FP: 388940  | TN: 453151956 | FN: 16   
  [CAPPED]   Pred: 540     | TP: 0     | FP: 540     | TN: 453540356 | FN: 16   

Snapshot 678 | CAPPED | True Edges: 13 | Cap Limit: 750
  [UNCAPPED] Pred: 390540  | TP: 2     | FP: 390538  | TN: 453150361 | FN: 11   
  [CAPPED]   Pred: 750     | TP: 0     | FP: 750     | TN: 453540149 | FN: 13   

Snapshot 679 | CAPPED | True Edges: 3 | Cap Limit: 635
  [UNCAPPED] Pred: 389216  | TP: 2     | FP: 389214  | TN: 453151695 | FN: 1    
  [CAPPED]   Pred: 635     | TP: 0     | FP: 635     | TN: 453540274 | FN: 3    

Snapshot 680 | CAPPED | True Edges: 1 | Cap Limit: 520
  [UNCAPPED] Pred: 388590  | TP: 0     | FP: 388590  | TN: 453152321 | FN: 1    
  [CAPPED]   Pred: 520     | TP: 0     | FP: 520     | TN: 453540391 | FN: 1    

Snapshot 681 | CAPPED | True Edges: 1 | Cap Limit: 300
  [UNCAPPED] Pred: 387998  | TP: 0     | FP: 387998  | TN: 453152913 | FN: 1    
  [CAPPED]   Pred: 300     | TP: 0     | FP: 300     | TN: 453540611 | FN: 1    

Snapshot 682 | CAPPED | True Edges: 4 | Cap Limit: 290
  [UNCAPPED] Pred: 387834  | TP: 0     | FP: 387834  | TN: 453153074 | FN: 4    
  [CAPPED]   Pred: 290     | TP: 0     | FP: 290     | TN: 453540618 | FN: 4    

Snapshot 683 | CAPPED | True Edges: 19 | Cap Limit: 395
  [UNCAPPED] Pred: 387120  | TP: 0     | FP: 387120  | TN: 453153773 | FN: 19   
  [CAPPED]   Pred: 395     | TP: 0     | FP: 395     | TN: 453540498 | FN: 19   

Snapshot 684 | CAPPED | True Edges: 27 | Cap Limit: 1210
  [UNCAPPED] Pred: 398912  | TP: 0     | FP: 398912  | TN: 453141973 | FN: 27   
  [CAPPED]   Pred: 1210    | TP: 0     | FP: 1210    | TN: 453539675 | FN: 27   

Snapshot 685 | CAPPED | True Edges: 18 | Cap Limit: 1165
  [UNCAPPED] Pred: 388478  | TP: 2     | FP: 388476  | TN: 453152418 | FN: 16   
  [CAPPED]   Pred: 1165    | TP: 0     | FP: 1165    | TN: 453539729 | FN: 18   

Snapshot 686 | CAPPED | True Edges: 16 | Cap Limit: 760
  [UNCAPPED] Pred: 388944  | TP: 0     | FP: 388944  | TN: 453151952 | FN: 16   
  [CAPPED]   Pred: 760     | TP: 0     | FP: 760     | TN: 453540136 | FN: 16   

Snapshot 687 | CAPPED | True Edges: 11 | Cap Limit: 630
  [UNCAPPED] Pred: 387982  | TP: 0     | FP: 387982  | TN: 453152919 | FN: 11   
  [CAPPED]   Pred: 630     | TP: 0     | FP: 630     | TN: 453540271 | FN: 11   

Snapshot 688 | CAPPED | True Edges: 4 | Cap Limit: 440
  [UNCAPPED] Pred: 386398  | TP: 0     | FP: 386398  | TN: 453154510 | FN: 4    
  [CAPPED]   Pred: 440     | TP: 0     | FP: 440     | TN: 453540468 | FN: 4    

Snapshot 689 | CAPPED | True Edges: 3 | Cap Limit: 540
  [UNCAPPED] Pred: 386320  | TP: 0     | FP: 386320  | TN: 453154589 | FN: 3    
  [CAPPED]   Pred: 540     | TP: 0     | FP: 540     | TN: 453540369 | FN: 3    

Snapshot 690 | CAPPED | True Edges: 23 | Cap Limit: 365
  [UNCAPPED] Pred: 388360  | TP: 2     | FP: 388358  | TN: 453152531 | FN: 21   
  [CAPPED]   Pred: 365     | TP: 0     | FP: 365     | TN: 453540524 | FN: 23   

Snapshot 691 | CAPPED | True Edges: 9 | Cap Limit: 775
  [UNCAPPED] Pred: 388850  | TP: 0     | FP: 388850  | TN: 453152053 | FN: 9    
  [CAPPED]   Pred: 775     | TP: 0     | FP: 775     | TN: 453540128 | FN: 9    

Snapshot 692 | CAPPED | True Edges: 8 | Cap Limit: 550
  [UNCAPPED] Pred: 387458  | TP: 0     | FP: 387458  | TN: 453153446 | FN: 8    
  [CAPPED]   Pred: 550     | TP: 0     | FP: 550     | TN: 453540354 | FN: 8    

Snapshot 693 | CAPPED | True Edges: 1 | Cap Limit: 530
  [UNCAPPED] Pred: 389624  | TP: 0     | FP: 389624  | TN: 453151287 | FN: 1    
  [CAPPED]   Pred: 530     | TP: 0     | FP: 530     | TN: 453540381 | FN: 1    

Snapshot 694 | CAPPED | True Edges: 3 | Cap Limit: 365
  [UNCAPPED] Pred: 385860  | TP: 1     | FP: 385859  | TN: 453155050 | FN: 2    
  [CAPPED]   Pred: 365     | TP: 0     | FP: 365     | TN: 453540544 | FN: 3    

Snapshot 695 | CAPPED | True Edges: 14 | Cap Limit: 345
  [UNCAPPED] Pred: 386058  | TP: 0     | FP: 386058  | TN: 453154840 | FN: 14   
  [CAPPED]   Pred: 345     | TP: 0     | FP: 345     | TN: 453540553 | FN: 14   

Snapshot 696 | CAPPED | True Edges: 6 | Cap Limit: 600
  [UNCAPPED] Pred: 386700  | TP: 0     | FP: 386700  | TN: 453154206 | FN: 6    
  [CAPPED]   Pred: 600     | TP: 0     | FP: 600     | TN: 453540306 | FN: 6    

Snapshot 697 | CAPPED | True Edges: 6 | Cap Limit: 500
  [UNCAPPED] Pred: 390272  | TP: 0     | FP: 390272  | TN: 453150634 | FN: 6    
  [CAPPED]   Pred: 500     | TP: 0     | FP: 500     | TN: 453540406 | FN: 6    

Snapshot 698 | CAPPED | True Edges: 13 | Cap Limit: 400
  [UNCAPPED] Pred: 387208  | TP: 1     | FP: 387207  | TN: 453153692 | FN: 12   
  [CAPPED]   Pred: 400     | TP: 0     | FP: 400     | TN: 453540499 | FN: 13   

Snapshot 699 | CAPPED | True Edges: 6 | Cap Limit: 580
  [UNCAPPED] Pred: 387576  | TP: 0     | FP: 387576  | TN: 453153330 | FN: 6    
  [CAPPED]   Pred: 580     | TP: 0     | FP: 580     | TN: 453540326 | FN: 6    

Snapshot 700 | CAPPED | True Edges: 3 | Cap Limit: 455
  [UNCAPPED] Pred: 387478  | TP: 1     | FP: 387477  | TN: 453153432 | FN: 2    
  [CAPPED]   Pred: 455     | TP: 0     | FP: 455     | TN: 453540454 | FN: 3    

Snapshot 701 | CAPPED | True Edges: 6 | Cap Limit: 360
  [UNCAPPED] Pred: 391246  | TP: 0     | FP: 391246  | TN: 453149660 | FN: 6    
  [CAPPED]   Pred: 360     | TP: 0     | FP: 360     | TN: 453540546 | FN: 6    

Snapshot 702 | CAPPED | True Edges: 2 | Cap Limit: 265
  [UNCAPPED] Pred: 387664  | TP: 0     | FP: 387664  | TN: 453153246 | FN: 2    
  [CAPPED]   Pred: 265     | TP: 0     | FP: 265     | TN: 453540645 | FN: 2    

Snapshot 703 | CAPPED | True Edges: 5 | Cap Limit: 355
  [UNCAPPED] Pred: 387204  | TP: 0     | FP: 387204  | TN: 453153703 | FN: 5    
  [CAPPED]   Pred: 355     | TP: 0     | FP: 355     | TN: 453540552 | FN: 5    

Snapshot 704 | CAPPED | True Edges: 4 | Cap Limit: 345
  [UNCAPPED] Pred: 386806  | TP: 0     | FP: 386806  | TN: 453154102 | FN: 4    
  [CAPPED]   Pred: 345     | TP: 0     | FP: 345     | TN: 453540563 | FN: 4    

Snapshot 705 | CAPPED | True Edges: 4 | Cap Limit: 490
  [UNCAPPED] Pred: 386974  | TP: 1     | FP: 386973  | TN: 453153935 | FN: 3    
  [CAPPED]   Pred: 490     | TP: 0     | FP: 490     | TN: 453540418 | FN: 4    

Snapshot 706 | CAPPED | True Edges: 13 | Cap Limit: 345
  [UNCAPPED] Pred: 388920  | TP: 1     | FP: 388919  | TN: 453151980 | FN: 12   
  [CAPPED]   Pred: 345     | TP: 0     | FP: 345     | TN: 453540554 | FN: 13   

Snapshot 707 | CAPPED | True Edges: 6 | Cap Limit: 730
  [UNCAPPED] Pred: 390528  | TP: 0     | FP: 390528  | TN: 453150378 | FN: 6    
  [CAPPED]   Pred: 730     | TP: 0     | FP: 730     | TN: 453540176 | FN: 6    

Snapshot 708 | CAPPED | True Edges: 2 | Cap Limit: 400
  [UNCAPPED] Pred: 389426  | TP: 0     | FP: 389426  | TN: 453151484 | FN: 2    
  [CAPPED]   Pred: 400     | TP: 0     | FP: 400     | TN: 453540510 | FN: 2    

Snapshot 709 | CAPPED | True Edges: 2 | Cap Limit: 210
  [UNCAPPED] Pred: 386700  | TP: 0     | FP: 386700  | TN: 453154210 | FN: 2    
  [CAPPED]   Pred: 210     | TP: 0     | FP: 210     | TN: 453540700 | FN: 2    

Snapshot 710 | CAPPED | True Edges: 2 | Cap Limit: 310
  [UNCAPPED] Pred: 387474  | TP: 0     | FP: 387474  | TN: 453153436 | FN: 2    
  [CAPPED]   Pred: 310     | TP: 0     | FP: 310     | TN: 453540600 | FN: 2    

Snapshot 711 | CAPPED | True Edges: 3 | Cap Limit: 355
  [UNCAPPED] Pred: 388186  | TP: 0     | FP: 388186  | TN: 453152723 | FN: 3    
  [CAPPED]   Pred: 355     | TP: 0     | FP: 355     | TN: 453540554 | FN: 3    

Snapshot 712 | CAPPED | True Edges: 6 | Cap Limit: 410
  [UNCAPPED] Pred: 389054  | TP: 1     | FP: 389053  | TN: 453151853 | FN: 5    
  [CAPPED]   Pred: 410     | TP: 0     | FP: 410     | TN: 453540496 | FN: 6    

Snapshot 713 | CAPPED | True Edges: 11 | Cap Limit: 450
  [UNCAPPED] Pred: 387894  | TP: 0     | FP: 387894  | TN: 453153007 | FN: 11   
  [CAPPED]   Pred: 450     | TP: 0     | FP: 450     | TN: 453540451 | FN: 11   

Snapshot 714 | CAPPED | True Edges: 15 | Cap Limit: 440
  [UNCAPPED] Pred: 387614  | TP: 1     | FP: 387613  | TN: 453153284 | FN: 14   
  [CAPPED]   Pred: 440     | TP: 0     | FP: 440     | TN: 453540457 | FN: 15   

Snapshot 715 | CAPPED | True Edges: 2 | Cap Limit: 665
  [UNCAPPED] Pred: 387148  | TP: 0     | FP: 387148  | TN: 453153762 | FN: 2    
  [CAPPED]   Pred: 665     | TP: 0     | FP: 665     | TN: 453540245 | FN: 2    

Snapshot 716 | CAPPED | True Edges: 4 | Cap Limit: 340
  [UNCAPPED] Pred: 387156  | TP: 0     | FP: 387156  | TN: 453153752 | FN: 4    
  [CAPPED]   Pred: 340     | TP: 0     | FP: 340     | TN: 453540568 | FN: 4    

Snapshot 717 | CAPPED | True Edges: 2 | Cap Limit: 440
  [UNCAPPED] Pred: 389794  | TP: 1     | FP: 389793  | TN: 453151117 | FN: 1    
  [CAPPED]   Pred: 440     | TP: 0     | FP: 440     | TN: 453540470 | FN: 2    

Snapshot 718 | CAPPED | True Edges: 2 | Cap Limit: 315
  [UNCAPPED] Pred: 388250  | TP: 0     | FP: 388250  | TN: 453152660 | FN: 2    
  [CAPPED]   Pred: 315     | TP: 0     | FP: 315     | TN: 453540595 | FN: 2    

Snapshot 719 | CAPPED | True Edges: 2 | Cap Limit: 255
  [UNCAPPED] Pred: 385836  | TP: 0     | FP: 385836  | TN: 453155074 | FN: 2    
  [CAPPED]   Pred: 255     | TP: 0     | FP: 255     | TN: 453540655 | FN: 2    

Snapshot 720 | CAPPED | True Edges: 5 | Cap Limit: 340
  [UNCAPPED] Pred: 387738  | TP: 1     | FP: 387737  | TN: 453153170 | FN: 4    
  [CAPPED]   Pred: 340     | TP: 0     | FP: 340     | TN: 453540567 | FN: 5    

Snapshot 721 | CAPPED | True Edges: 14 | Cap Limit: 350
  [UNCAPPED] Pred: 388502  | TP: 0     | FP: 388502  | TN: 453152396 | FN: 14   
  [CAPPED]   Pred: 350     | TP: 0     | FP: 350     | TN: 453540548 | FN: 14   

Snapshot 722 | CAPPED | True Edges: 2 | Cap Limit: 545
  [UNCAPPED] Pred: 387110  | TP: 0     | FP: 387110  | TN: 453153800 | FN: 2    
  [CAPPED]   Pred: 545     | TP: 0     | FP: 545     | TN: 453540365 | FN: 2    

Snapshot 723 | CAPPED | True Edges: 3 | Cap Limit: 295
  [UNCAPPED] Pred: 388202  | TP: 0     | FP: 388202  | TN: 453152707 | FN: 3    
  [CAPPED]   Pred: 295     | TP: 0     | FP: 295     | TN: 453540614 | FN: 3    

Snapshot 724 | CAPPED | True Edges: 3 | Cap Limit: 300
  [UNCAPPED] Pred: 389834  | TP: 0     | FP: 389834  | TN: 453151075 | FN: 3    
  [CAPPED]   Pred: 300     | TP: 0     | FP: 300     | TN: 453540609 | FN: 3    
Saved memory-safe EvolveGCN sparse graphs to data/output/predicted/EvolveGCN/networkdgd_egcn_o_128_64_32_0.01_0.0001_undirected_threshold_5xCap.pkl

--- DATASET: networkdgd (EvolveGCN) METRICS ---
TRAIN:  Time=131.22s, GPU=1590.00MB, RAM=8076.77MB
THRESH: Time=3.35s, GPU=1590.00MB, RAM=8076.80MB
CONST:  Time=565.83s, GPU=10912.00MB, RAM=4809.11MB
========================================================================
COMPLETED DATASET: networkdgd
========================================================================
========================================================================
STARTING GLOBAL DATASET: networkiconomi
========================================================================
Seed set to: 42
[Checking Graph Integrity for 548 snapshots...]
[Done] Total Snapshots processed: 548

Statistics for networkiconomi:
	Nodes: 47446
	Edges: 86861
	Snaps: 548
	Dur: 1D
CLS num_feats 128
--- Training egcn_o | Task: Future Link Prediction ---
Epoch 001 | Loss: 0.598296 | Train AUC: 0.9540
Epoch 010 | Loss: 0.157507 | Train AUC: 0.9937
Epoch 020 | Loss: 0.086239 | Train AUC: 0.9964
Epoch 030 | Loss: 0.086736 | Train AUC: 0.9973
Early stopping triggered at epoch 34. Best Loss: 0.021733
--- Probability Distribution Check ---
Positives | Mean: 0.998354 | Std: 0.012744 | Max: 1.000000 | Min: 0.000000
Negatives | Mean: 0.002507 | Std: 0.044778 | Max: 1.000000 | Min: 0.000000
Optimal Threshold: 0.90 | Sampled Val F1: 0.9990
Loading data for networkiconomi with use_predicted=False, num_back=all, num_buckets=10, use_test_style=None

Snapshot 465 | CAPPED | True Edges: 3 | Cap Limit: 475
  [UNCAPPED] Pred: 2635690 | TP: 2     | FP: 2635688 | TN: 2248439779 | FN: 1    
  [CAPPED]   Pred: 475     | TP: 0     | FP: 475     | TN: 2251074992 | FN: 3    

Snapshot 466 | CAPPED | True Edges: 10 | Cap Limit: 615
  [UNCAPPED] Pred: 2636966 | TP: 1     | FP: 2636965 | TN: 2248438495 | FN: 9    
  [CAPPED]   Pred: 615     | TP: 0     | FP: 615     | TN: 2251074845 | FN: 10   

Snapshot 467 | CAPPED | True Edges: 15 | Cap Limit: 595
  [UNCAPPED] Pred: 2645214 | TP: 0     | FP: 2645214 | TN: 2248430241 | FN: 15   
  [CAPPED]   Pred: 595     | TP: 0     | FP: 595     | TN: 2251074860 | FN: 15   

Snapshot 468 | CAPPED | True Edges: 1 | Cap Limit: 490
  [UNCAPPED] Pred: 2630338 | TP: 0     | FP: 2630338 | TN: 2248445131 | FN: 1    
  [CAPPED]   Pred: 490     | TP: 0     | FP: 490     | TN: 2251074979 | FN: 1    

Snapshot 469 | CAPPED | True Edges: 6 | Cap Limit: 465
  [UNCAPPED] Pred: 2647532 | TP: 0     | FP: 2647532 | TN: 2248427932 | FN: 6    
  [CAPPED]   Pred: 465     | TP: 0     | FP: 465     | TN: 2251074999 | FN: 6    

Snapshot 470 | CAPPED | True Edges: 5 | Cap Limit: 630
  [UNCAPPED] Pred: 2648456 | TP: 1     | FP: 2648455 | TN: 2248427010 | FN: 4    
  [CAPPED]   Pred: 630     | TP: 0     | FP: 630     | TN: 2251074835 | FN: 5    

Snapshot 471 | CAPPED | True Edges: 3 | Cap Limit: 540
  [UNCAPPED] Pred: 2639428 | TP: 0     | FP: 2639428 | TN: 2248436039 | FN: 3    
  [CAPPED]   Pred: 540     | TP: 0     | FP: 540     | TN: 2251074927 | FN: 3    

Snapshot 472 | CAPPED | True Edges: 2 | Cap Limit: 390
  [UNCAPPED] Pred: 2628920 | TP: 0     | FP: 2628920 | TN: 2248446548 | FN: 2    
  [CAPPED]   Pred: 390     | TP: 0     | FP: 390     | TN: 2251075078 | FN: 2    

Snapshot 473 | CAPPED | True Edges: 5 | Cap Limit: 210
  [UNCAPPED] Pred: 2641224 | TP: 0     | FP: 2641224 | TN: 2248434241 | FN: 5    
  [CAPPED]   Pred: 210     | TP: 0     | FP: 210     | TN: 2251075255 | FN: 5    

Snapshot 474 | CAPPED | True Edges: 3 | Cap Limit: 325
  [UNCAPPED] Pred: 2648226 | TP: 0     | FP: 2648226 | TN: 2248427241 | FN: 3    
  [CAPPED]   Pred: 325     | TP: 0     | FP: 325     | TN: 2251075142 | FN: 3    

Snapshot 475 | CAPPED | True Edges: 3 | Cap Limit: 465
  [UNCAPPED] Pred: 2637440 | TP: 1     | FP: 2637439 | TN: 2248438028 | FN: 2    
  [CAPPED]   Pred: 465     | TP: 0     | FP: 465     | TN: 2251075002 | FN: 3    

Snapshot 476 | CAPPED | True Edges: 8 | Cap Limit: 340
  [UNCAPPED] Pred: 2635426 | TP: 1     | FP: 2635425 | TN: 2248440037 | FN: 7    
  [CAPPED]   Pred: 340     | TP: 0     | FP: 340     | TN: 2251075122 | FN: 8    

Snapshot 477 | CAPPED | True Edges: 2 | Cap Limit: 330
  [UNCAPPED] Pred: 2640924 | TP: 0     | FP: 2640924 | TN: 2248434544 | FN: 2    
  [CAPPED]   Pred: 330     | TP: 0     | FP: 330     | TN: 2251075138 | FN: 2    

Snapshot 478 | CAPPED | True Edges: 0 | Cap Limit: 350
  [UNCAPPED] Pred: 2638824 | TP: 0     | FP: 2638824 | TN: 2248436646 | FN: 0    
  [CAPPED]   Pred: 350     | TP: 0     | FP: 350     | TN: 2251075120 | FN: 0    

Snapshot 479 | CAPPED | True Edges: 4 | Cap Limit: 295
  [UNCAPPED] Pred: 2631286 | TP: 0     | FP: 2631286 | TN: 2248444180 | FN: 4    
  [CAPPED]   Pred: 295     | TP: 0     | FP: 295     | TN: 2251075171 | FN: 4    

Snapshot 480 | CAPPED | True Edges: 3 | Cap Limit: 395
  [UNCAPPED] Pred: 2624332 | TP: 0     | FP: 2624332 | TN: 2248451135 | FN: 3    
  [CAPPED]   Pred: 395     | TP: 0     | FP: 395     | TN: 2251075072 | FN: 3    

Snapshot 481 | CAPPED | True Edges: 4 | Cap Limit: 375
  [UNCAPPED] Pred: 2646750 | TP: 0     | FP: 2646750 | TN: 2248428716 | FN: 4    
  [CAPPED]   Pred: 375     | TP: 0     | FP: 375     | TN: 2251075091 | FN: 4    

Snapshot 482 | CAPPED | True Edges: 7 | Cap Limit: 420
  [UNCAPPED] Pred: 2638118 | TP: 0     | FP: 2638118 | TN: 2248437345 | FN: 7    
  [CAPPED]   Pred: 420     | TP: 0     | FP: 420     | TN: 2251075043 | FN: 7    

Snapshot 483 | CAPPED | True Edges: 0 | Cap Limit: 375
  [UNCAPPED] Pred: 2635156 | TP: 0     | FP: 2635156 | TN: 2248440314 | FN: 0    
  [CAPPED]   Pred: 375     | TP: 0     | FP: 375     | TN: 2251075095 | FN: 0    

Snapshot 484 | CAPPED | True Edges: 5 | Cap Limit: 300
  [UNCAPPED] Pred: 2633352 | TP: 1     | FP: 2633351 | TN: 2248442114 | FN: 4    
  [CAPPED]   Pred: 300     | TP: 0     | FP: 300     | TN: 2251075165 | FN: 5    

Snapshot 485 | CAPPED | True Edges: 5 | Cap Limit: 510
  [UNCAPPED] Pred: 2636878 | TP: 0     | FP: 2636878 | TN: 2248438587 | FN: 5    
  [CAPPED]   Pred: 510     | TP: 0     | FP: 510     | TN: 2251074955 | FN: 5    

Snapshot 486 | CAPPED | True Edges: 3 | Cap Limit: 375
  [UNCAPPED] Pred: 2632342 | TP: 0     | FP: 2632342 | TN: 2248443125 | FN: 3    
  [CAPPED]   Pred: 375     | TP: 0     | FP: 375     | TN: 2251075092 | FN: 3    

Snapshot 487 | CAPPED | True Edges: 4 | Cap Limit: 245
  [UNCAPPED] Pred: 2632734 | TP: 1     | FP: 2632733 | TN: 2248442733 | FN: 3    
  [CAPPED]   Pred: 245     | TP: 0     | FP: 245     | TN: 2251075221 | FN: 4    

Snapshot 488 | CAPPED | True Edges: 1 | Cap Limit: 310
  [UNCAPPED] Pred: 2633238 | TP: 0     | FP: 2633238 | TN: 2248442231 | FN: 1    
  [CAPPED]   Pred: 310     | TP: 0     | FP: 310     | TN: 2251075159 | FN: 1    

Snapshot 489 | CAPPED | True Edges: 0 | Cap Limit: 210
  [UNCAPPED] Pred: 2629898 | TP: 0     | FP: 2629898 | TN: 2248445572 | FN: 0    
  [CAPPED]   Pred: 210     | TP: 0     | FP: 210     | TN: 2251075260 | FN: 0    

Snapshot 490 | CAPPED | True Edges: 1 | Cap Limit: 165
  [UNCAPPED] Pred: 2632238 | TP: 0     | FP: 2632238 | TN: 2248443231 | FN: 1    
  [CAPPED]   Pred: 165     | TP: 0     | FP: 165     | TN: 2251075304 | FN: 1    

Snapshot 491 | CAPPED | True Edges: 1 | Cap Limit: 255
  [UNCAPPED] Pred: 2641178 | TP: 0     | FP: 2641178 | TN: 2248434291 | FN: 1    
  [CAPPED]   Pred: 255     | TP: 0     | FP: 255     | TN: 2251075214 | FN: 1    

Snapshot 492 | CAPPED | True Edges: 3 | Cap Limit: 255
  [UNCAPPED] Pred: 2632792 | TP: 2     | FP: 2632790 | TN: 2248442677 | FN: 1    
  [CAPPED]   Pred: 255     | TP: 0     | FP: 255     | TN: 2251075212 | FN: 3    

Snapshot 493 | CAPPED | True Edges: 16 | Cap Limit: 215
  [UNCAPPED] Pred: 2639568 | TP: 0     | FP: 2639568 | TN: 2248435886 | FN: 16   
  [CAPPED]   Pred: 215     | TP: 0     | FP: 215     | TN: 2251075239 | FN: 16   

Snapshot 494 | CAPPED | True Edges: 16 | Cap Limit: 595
  [UNCAPPED] Pred: 2635702 | TP: 1     | FP: 2635701 | TN: 2248439753 | FN: 15   
  [CAPPED]   Pred: 595     | TP: 0     | FP: 595     | TN: 2251074859 | FN: 16   

Snapshot 495 | CAPPED | True Edges: 10 | Cap Limit: 660
  [UNCAPPED] Pred: 2634992 | TP: 0     | FP: 2634992 | TN: 2248440468 | FN: 10   
  [CAPPED]   Pred: 660     | TP: 0     | FP: 660     | TN: 2251074800 | FN: 10   

Snapshot 496 | CAPPED | True Edges: 1 | Cap Limit: 835
  [UNCAPPED] Pred: 2631434 | TP: 0     | FP: 2631434 | TN: 2248444035 | FN: 1    
  [CAPPED]   Pred: 835     | TP: 0     | FP: 835     | TN: 2251074634 | FN: 1    

Snapshot 497 | CAPPED | True Edges: 3 | Cap Limit: 305
  [UNCAPPED] Pred: 2638528 | TP: 2     | FP: 2638526 | TN: 2248436941 | FN: 1    
  [CAPPED]   Pred: 305     | TP: 0     | FP: 305     | TN: 2251075162 | FN: 3    

Snapshot 498 | CAPPED | True Edges: 9 | Cap Limit: 440
  [UNCAPPED] Pred: 2647736 | TP: 4     | FP: 2647732 | TN: 2248427729 | FN: 5    
  [CAPPED]   Pred: 440     | TP: 0     | FP: 440     | TN: 2251075021 | FN: 9    

Snapshot 499 | CAPPED | True Edges: 23 | Cap Limit: 545
  [UNCAPPED] Pred: 2636846 | TP: 4     | FP: 2636842 | TN: 2248438605 | FN: 19   
  [CAPPED]   Pred: 545     | TP: 0     | FP: 545     | TN: 2251074902 | FN: 23   

Snapshot 500 | CAPPED | True Edges: 5 | Cap Limit: 785
  [UNCAPPED] Pred: 2632282 | TP: 3     | FP: 2632279 | TN: 2248443186 | FN: 2    
  [CAPPED]   Pred: 785     | TP: 0     | FP: 785     | TN: 2251074680 | FN: 5    

Snapshot 501 | CAPPED | True Edges: 3 | Cap Limit: 430
  [UNCAPPED] Pred: 2638202 | TP: 1     | FP: 2638201 | TN: 2248437266 | FN: 2    
  [CAPPED]   Pred: 430     | TP: 0     | FP: 430     | TN: 2251075037 | FN: 3    

Snapshot 502 | CAPPED | True Edges: 1 | Cap Limit: 395
  [UNCAPPED] Pred: 2636192 | TP: 1     | FP: 2636191 | TN: 2248439278 | FN: 0    
  [CAPPED]   Pred: 395     | TP: 0     | FP: 395     | TN: 2251075074 | FN: 1    

Snapshot 503 | CAPPED | True Edges: 3 | Cap Limit: 300
  [UNCAPPED] Pred: 2637832 | TP: 1     | FP: 2637831 | TN: 2248437636 | FN: 2    
  [CAPPED]   Pred: 300     | TP: 0     | FP: 300     | TN: 2251075167 | FN: 3    

Snapshot 504 | CAPPED | True Edges: 0 | Cap Limit: 225
  [UNCAPPED] Pred: 2630962 | TP: 0     | FP: 2630962 | TN: 2248444508 | FN: 0    
  [CAPPED]   Pred: 225     | TP: 0     | FP: 225     | TN: 2251075245 | FN: 0    

Snapshot 505 | CAPPED | True Edges: 5 | Cap Limit: 280
  [UNCAPPED] Pred: 2639636 | TP: 1     | FP: 2639635 | TN: 2248435830 | FN: 4    
  [CAPPED]   Pred: 280     | TP: 0     | FP: 280     | TN: 2251075185 | FN: 5    

Snapshot 506 | CAPPED | True Edges: 27 | Cap Limit: 260
  [UNCAPPED] Pred: 2643680 | TP: 2     | FP: 2643678 | TN: 2248431765 | FN: 25   
  [CAPPED]   Pred: 260     | TP: 0     | FP: 260     | TN: 2251075183 | FN: 27   

Snapshot 507 | CAPPED | True Edges: 4 | Cap Limit: 2770
  [UNCAPPED] Pred: 2741530 | TP: 1     | FP: 2741529 | TN: 2248333937 | FN: 3    
  [CAPPED]   Pred: 2770    | TP: 0     | FP: 2770    | TN: 2251072696 | FN: 4    

Snapshot 508 | CAPPED | True Edges: 0 | Cap Limit: 380
  [UNCAPPED] Pred: 2640212 | TP: 0     | FP: 2640212 | TN: 2248435258 | FN: 0    
  [CAPPED]   Pred: 380     | TP: 0     | FP: 380     | TN: 2251075090 | FN: 0    

Snapshot 509 | CAPPED | True Edges: 2 | Cap Limit: 265
  [UNCAPPED] Pred: 2636438 | TP: 0     | FP: 2636438 | TN: 2248439030 | FN: 2    
  [CAPPED]   Pred: 265     | TP: 0     | FP: 265     | TN: 2251075203 | FN: 2    

Snapshot 510 | CAPPED | True Edges: 0 | Cap Limit: 290
  [UNCAPPED] Pred: 2640056 | TP: 0     | FP: 2640056 | TN: 2248435414 | FN: 0    
  [CAPPED]   Pred: 290     | TP: 0     | FP: 290     | TN: 2251075180 | FN: 0    

Snapshot 511 | CAPPED | True Edges: 7 | Cap Limit: 335
  [UNCAPPED] Pred: 2639632 | TP: 1     | FP: 2639631 | TN: 2248435832 | FN: 6    
  [CAPPED]   Pred: 335     | TP: 0     | FP: 335     | TN: 2251075128 | FN: 7    

Snapshot 512 | CAPPED | True Edges: 2 | Cap Limit: 310
  [UNCAPPED] Pred: 2633780 | TP: 0     | FP: 2633780 | TN: 2248441688 | FN: 2    
  [CAPPED]   Pred: 310     | TP: 0     | FP: 310     | TN: 2251075158 | FN: 2    

Snapshot 513 | CAPPED | True Edges: 13 | Cap Limit: 195
  [UNCAPPED] Pred: 2644706 | TP: 1     | FP: 2644705 | TN: 2248430752 | FN: 12   
  [CAPPED]   Pred: 195     | TP: 0     | FP: 195     | TN: 2251075262 | FN: 13   

Snapshot 514 | CAPPED | True Edges: 7 | Cap Limit: 525
  [UNCAPPED] Pred: 2640994 | TP: 2     | FP: 2640992 | TN: 2248434471 | FN: 5    
  [CAPPED]   Pred: 525     | TP: 0     | FP: 525     | TN: 2251074938 | FN: 7    

Snapshot 515 | CAPPED | True Edges: 6 | Cap Limit: 265
  [UNCAPPED] Pred: 2625712 | TP: 2     | FP: 2625710 | TN: 2248449754 | FN: 4    
  [CAPPED]   Pred: 265     | TP: 0     | FP: 265     | TN: 2251075199 | FN: 6    

Snapshot 516 | CAPPED | True Edges: 3 | Cap Limit: 445
  [UNCAPPED] Pred: 2631936 | TP: 0     | FP: 2631936 | TN: 2248443531 | FN: 3    
  [CAPPED]   Pred: 445     | TP: 0     | FP: 445     | TN: 2251075022 | FN: 3    

Snapshot 517 | CAPPED | True Edges: 2 | Cap Limit: 225
  [UNCAPPED] Pred: 2637642 | TP: 1     | FP: 2637641 | TN: 2248437827 | FN: 1    
  [CAPPED]   Pred: 225     | TP: 0     | FP: 225     | TN: 2251075243 | FN: 2    

Snapshot 518 | CAPPED | True Edges: 4 | Cap Limit: 195
  [UNCAPPED] Pred: 2636346 | TP: 0     | FP: 2636346 | TN: 2248439120 | FN: 4    
  [CAPPED]   Pred: 195     | TP: 0     | FP: 195     | TN: 2251075271 | FN: 4    

Snapshot 519 | CAPPED | True Edges: 3 | Cap Limit: 260
  [UNCAPPED] Pred: 2638698 | TP: 0     | FP: 2638698 | TN: 2248436769 | FN: 3    
  [CAPPED]   Pred: 260     | TP: 0     | FP: 260     | TN: 2251075207 | FN: 3    

Snapshot 520 | CAPPED | True Edges: 5 | Cap Limit: 245
  [UNCAPPED] Pred: 2633660 | TP: 0     | FP: 2633660 | TN: 2248441805 | FN: 5    
  [CAPPED]   Pred: 245     | TP: 0     | FP: 245     | TN: 2251075220 | FN: 5    

Snapshot 521 | CAPPED | True Edges: 3 | Cap Limit: 205
  [UNCAPPED] Pred: 2640920 | TP: 1     | FP: 2640919 | TN: 2248434548 | FN: 2    
  [CAPPED]   Pred: 205     | TP: 0     | FP: 205     | TN: 2251075262 | FN: 3    

Snapshot 522 | CAPPED | True Edges: 5 | Cap Limit: 250
  [UNCAPPED] Pred: 2639626 | TP: 2     | FP: 2639624 | TN: 2248435841 | FN: 3    
  [CAPPED]   Pred: 250     | TP: 0     | FP: 250     | TN: 2251075215 | FN: 5    

Snapshot 523 | CAPPED | True Edges: 1 | Cap Limit: 340
  [UNCAPPED] Pred: 2643014 | TP: 1     | FP: 2643013 | TN: 2248432456 | FN: 0    
  [CAPPED]   Pred: 340     | TP: 0     | FP: 340     | TN: 2251075129 | FN: 1    

Snapshot 524 | CAPPED | True Edges: 3 | Cap Limit: 230
  [UNCAPPED] Pred: 2634398 | TP: 1     | FP: 2634397 | TN: 2248441070 | FN: 2    
  [CAPPED]   Pred: 230     | TP: 0     | FP: 230     | TN: 2251075237 | FN: 3    

Snapshot 525 | CAPPED | True Edges: 9 | Cap Limit: 225
  [UNCAPPED] Pred: 2632312 | TP: 0     | FP: 2632312 | TN: 2248443149 | FN: 9    
  [CAPPED]   Pred: 225     | TP: 0     | FP: 225     | TN: 2251075236 | FN: 9    

Snapshot 526 | CAPPED | True Edges: 2 | Cap Limit: 340
  [UNCAPPED] Pred: 2643010 | TP: 0     | FP: 2643010 | TN: 2248432458 | FN: 2    
  [CAPPED]   Pred: 340     | TP: 0     | FP: 340     | TN: 2251075128 | FN: 2    

Snapshot 527 | CAPPED | True Edges: 19 | Cap Limit: 285
  [UNCAPPED] Pred: 2628056 | TP: 0     | FP: 2628056 | TN: 2248447395 | FN: 19   
  [CAPPED]   Pred: 285     | TP: 0     | FP: 285     | TN: 2251075166 | FN: 19   

Snapshot 528 | CAPPED | True Edges: 14 | Cap Limit: 850
  [UNCAPPED] Pred: 2646786 | TP: 3     | FP: 2646783 | TN: 2248428673 | FN: 11   
  [CAPPED]   Pred: 850     | TP: 0     | FP: 850     | TN: 2251074606 | FN: 14   

Snapshot 529 | CAPPED | True Edges: 2 | Cap Limit: 595
  [UNCAPPED] Pred: 2628510 | TP: 1     | FP: 2628509 | TN: 2248446959 | FN: 1    
  [CAPPED]   Pred: 595     | TP: 0     | FP: 595     | TN: 2251074873 | FN: 2    

Snapshot 530 | CAPPED | True Edges: 3 | Cap Limit: 220
  [UNCAPPED] Pred: 2646648 | TP: 1     | FP: 2646647 | TN: 2248428820 | FN: 2    
  [CAPPED]   Pred: 220     | TP: 0     | FP: 220     | TN: 2251075247 | FN: 3    

Snapshot 531 | CAPPED | True Edges: 6 | Cap Limit: 270
  [UNCAPPED] Pred: 2627296 | TP: 0     | FP: 2627296 | TN: 2248448168 | FN: 6    
  [CAPPED]   Pred: 270     | TP: 0     | FP: 270     | TN: 2251075194 | FN: 6    

Snapshot 532 | CAPPED | True Edges: 7 | Cap Limit: 370
  [UNCAPPED] Pred: 2636814 | TP: 3     | FP: 2636811 | TN: 2248438652 | FN: 4    
  [CAPPED]   Pred: 370     | TP: 0     | FP: 370     | TN: 2251075093 | FN: 7    

Snapshot 533 | CAPPED | True Edges: 3 | Cap Limit: 290
  [UNCAPPED] Pred: 2632770 | TP: 1     | FP: 2632769 | TN: 2248442698 | FN: 2    
  [CAPPED]   Pred: 290     | TP: 0     | FP: 290     | TN: 2251075177 | FN: 3    

Snapshot 534 | CAPPED | True Edges: 2 | Cap Limit: 315
  [UNCAPPED] Pred: 2641144 | TP: 1     | FP: 2641143 | TN: 2248434325 | FN: 1    
  [CAPPED]   Pred: 315     | TP: 0     | FP: 315     | TN: 2251075153 | FN: 2    

Snapshot 535 | CAPPED | True Edges: 4 | Cap Limit: 215
  [UNCAPPED] Pred: 2642024 | TP: 1     | FP: 2642023 | TN: 2248433443 | FN: 3    
  [CAPPED]   Pred: 215     | TP: 0     | FP: 215     | TN: 2251075251 | FN: 4    

Snapshot 536 | CAPPED | True Edges: 3 | Cap Limit: 310
  [UNCAPPED] Pred: 2634406 | TP: 0     | FP: 2634406 | TN: 2248441061 | FN: 3    
  [CAPPED]   Pred: 310     | TP: 0     | FP: 310     | TN: 2251075157 | FN: 3    

Snapshot 537 | CAPPED | True Edges: 7 | Cap Limit: 330
  [UNCAPPED] Pred: 2643036 | TP: 1     | FP: 2643035 | TN: 2248432428 | FN: 6    
  [CAPPED]   Pred: 330     | TP: 0     | FP: 330     | TN: 2251075133 | FN: 7    

Snapshot 538 | CAPPED | True Edges: 3 | Cap Limit: 265
  [UNCAPPED] Pred: 2633470 | TP: 1     | FP: 2633469 | TN: 2248441998 | FN: 2    
  [CAPPED]   Pred: 265     | TP: 0     | FP: 265     | TN: 2251075202 | FN: 3    

Snapshot 539 | CAPPED | True Edges: 5 | Cap Limit: 305
  [UNCAPPED] Pred: 2644690 | TP: 0     | FP: 2644690 | TN: 2248430775 | FN: 5    
  [CAPPED]   Pred: 305     | TP: 0     | FP: 305     | TN: 2251075160 | FN: 5    

Snapshot 540 | CAPPED | True Edges: 5 | Cap Limit: 185
  [UNCAPPED] Pred: 2641610 | TP: 1     | FP: 2641609 | TN: 2248433856 | FN: 4    
  [CAPPED]   Pred: 185     | TP: 0     | FP: 185     | TN: 2251075280 | FN: 5    

Snapshot 541 | CAPPED | True Edges: 2 | Cap Limit: 300
  [UNCAPPED] Pred: 2630218 | TP: 0     | FP: 2630218 | TN: 2248445250 | FN: 2    
  [CAPPED]   Pred: 300     | TP: 0     | FP: 300     | TN: 2251075168 | FN: 2    

Snapshot 542 | CAPPED | True Edges: 5 | Cap Limit: 250
  [UNCAPPED] Pred: 2640334 | TP: 1     | FP: 2640333 | TN: 2248435132 | FN: 4    
  [CAPPED]   Pred: 250     | TP: 0     | FP: 250     | TN: 2251075215 | FN: 5    

Snapshot 543 | CAPPED | True Edges: 7 | Cap Limit: 355
  [UNCAPPED] Pred: 2636120 | TP: 2     | FP: 2636118 | TN: 2248439345 | FN: 5    
  [CAPPED]   Pred: 355     | TP: 0     | FP: 355     | TN: 2251075108 | FN: 7    

Snapshot 544 | CAPPED | True Edges: 8 | Cap Limit: 440
  [UNCAPPED] Pred: 2645478 | TP: 3     | FP: 2645475 | TN: 2248429987 | FN: 5    
  [CAPPED]   Pred: 440     | TP: 0     | FP: 440     | TN: 2251075022 | FN: 8    

Snapshot 545 | CAPPED | True Edges: 3 | Cap Limit: 445
  [UNCAPPED] Pred: 2630670 | TP: 0     | FP: 2630670 | TN: 2248444797 | FN: 3    
  [CAPPED]   Pred: 445     | TP: 0     | FP: 445     | TN: 2251075022 | FN: 3    

Snapshot 546 | CAPPED | True Edges: 3 | Cap Limit: 340
  [UNCAPPED] Pred: 2633594 | TP: 0     | FP: 2633594 | TN: 2248441873 | FN: 3    
  [CAPPED]   Pred: 340     | TP: 0     | FP: 340     | TN: 2251075127 | FN: 3    

Snapshot 547 | CAPPED | True Edges: 5 | Cap Limit: 315
  [UNCAPPED] Pred: 2638220 | TP: 0     | FP: 2638220 | TN: 2248437245 | FN: 5    
  [CAPPED]   Pred: 315     | TP: 0     | FP: 315     | TN: 2251075150 | FN: 5    
Saved memory-safe EvolveGCN sparse graphs to data/output/predicted/EvolveGCN/networkiconomi_egcn_o_128_64_32_0.01_0.0001_undirected_threshold_5xCap.pkl

--- DATASET: networkiconomi (EvolveGCN) METRICS ---
TRAIN:  Time=176.80s, GPU=3024.00MB, RAM=14849.26MB
THRESH: Time=6.54s, GPU=3028.00MB, RAM=14804.36MB
CONST:  Time=1998.44s, GPU=23788.00MB, RAM=9892.58MB
========================================================================
COMPLETED DATASET: networkiconomi
========================================================================
========================================================================
STARTING GLOBAL DATASET: Reddit_B
========================================================================
Seed set to: 42
[Checking Graph Integrity for 405 snapshots...]
[Done] Total Snapshots processed: 405

Statistics for Reddit_B:
	Nodes: 20957
	Edges: 110278
	Snaps: 405
	Dur: 1D
CLS num_feats 128
--- Training egcn_o | Task: Future Link Prediction ---
Epoch 001 | Loss: 0.547187 | Train AUC: 0.9553
Epoch 010 | Loss: 0.074649 | Train AUC: 0.9971
Epoch 020 | Loss: 0.105025 | Train AUC: 0.9953
Epoch 030 | Loss: 0.047804 | Train AUC: 0.9988
Early stopping triggered at epoch 37. Best Loss: 0.032414
--- Probability Distribution Check ---
Positives | Mean: 0.991644 | Std: 0.013388 | Max: 1.000000 | Min: 0.000000
Negatives | Mean: 0.004337 | Std: 0.059527 | Max: 1.000000 | Min: 0.000000
Optimal Threshold: 0.84 | Sampled Val F1: 0.9981
Loading data for Reddit_B with use_predicted=False, num_back=all, num_buckets=10, use_test_style=None

Snapshot 344 | CAPPED | True Edges: 0 | Cap Limit: 2165
  [UNCAPPED] Pred: 1002958 | TP: 0     | FP: 1002958 | TN: 438171934 | FN: 0    
  [CAPPED]   Pred: 2165    | TP: 0     | FP: 2165    | TN: 439172727 | FN: 0    

Snapshot 345 | CAPPED | True Edges: 0 | Cap Limit: 1635
  [UNCAPPED] Pred: 1003448 | TP: 0     | FP: 1003448 | TN: 438171444 | FN: 0    
  [CAPPED]   Pred: 1635    | TP: 0     | FP: 1635    | TN: 439173257 | FN: 0    

Snapshot 346 | CAPPED | True Edges: 0 | Cap Limit: 1485
  [UNCAPPED] Pred: 1005384 | TP: 0     | FP: 1005384 | TN: 438169508 | FN: 0    
  [CAPPED]   Pred: 1485    | TP: 0     | FP: 1485    | TN: 439173407 | FN: 0    

Snapshot 347 | CAPPED | True Edges: 0 | Cap Limit: 1640
  [UNCAPPED] Pred: 1001134 | TP: 0     | FP: 1001134 | TN: 438173758 | FN: 0    
  [CAPPED]   Pred: 1640    | TP: 0     | FP: 1640    | TN: 439173252 | FN: 0    

Snapshot 348 | CAPPED | True Edges: 0 | Cap Limit: 1390
  [UNCAPPED] Pred: 999996  | TP: 0     | FP: 999996  | TN: 438174896 | FN: 0    
  [CAPPED]   Pred: 1390    | TP: 0     | FP: 1390    | TN: 439173502 | FN: 0    

Snapshot 349 | CAPPED | True Edges: 0 | Cap Limit: 1940
  [UNCAPPED] Pred: 1004888 | TP: 0     | FP: 1004888 | TN: 438170004 | FN: 0    
  [CAPPED]   Pred: 1940    | TP: 0     | FP: 1940    | TN: 439172952 | FN: 0    

Snapshot 350 | CAPPED | True Edges: 0 | Cap Limit: 1515
  [UNCAPPED] Pred: 997918  | TP: 0     | FP: 997918  | TN: 438176974 | FN: 0    
  [CAPPED]   Pred: 1515    | TP: 0     | FP: 1515    | TN: 439173377 | FN: 0    

Snapshot 351 | CAPPED | True Edges: 0 | Cap Limit: 1715
  [UNCAPPED] Pred: 994284  | TP: 0     | FP: 994284  | TN: 438180608 | FN: 0    
  [CAPPED]   Pred: 1715    | TP: 0     | FP: 1715    | TN: 439173177 | FN: 0    

Snapshot 352 | CAPPED | True Edges: 0 | Cap Limit: 1840
  [UNCAPPED] Pred: 1004506 | TP: 0     | FP: 1004506 | TN: 438170386 | FN: 0    
  [CAPPED]   Pred: 1840    | TP: 0     | FP: 1840    | TN: 439173052 | FN: 0    

Snapshot 353 | CAPPED | True Edges: 0 | Cap Limit: 1680
  [UNCAPPED] Pred: 998606  | TP: 0     | FP: 998606  | TN: 438176286 | FN: 0    
  [CAPPED]   Pred: 1680    | TP: 0     | FP: 1680    | TN: 439173212 | FN: 0    

Snapshot 354 | CAPPED | True Edges: 0 | Cap Limit: 1670
  [UNCAPPED] Pred: 999168  | TP: 0     | FP: 999168  | TN: 438175724 | FN: 0    
  [CAPPED]   Pred: 1670    | TP: 0     | FP: 1670    | TN: 439173222 | FN: 0    

Snapshot 355 | CAPPED | True Edges: 0 | Cap Limit: 1505
  [UNCAPPED] Pred: 1003134 | TP: 0     | FP: 1003134 | TN: 438171758 | FN: 0    
  [CAPPED]   Pred: 1505    | TP: 0     | FP: 1505    | TN: 439173387 | FN: 0    

Snapshot 356 | CAPPED | True Edges: 0 | Cap Limit: 2225
  [UNCAPPED] Pred: 1000900 | TP: 0     | FP: 1000900 | TN: 438173992 | FN: 0    
  [CAPPED]   Pred: 2225    | TP: 0     | FP: 2225    | TN: 439172667 | FN: 0    

Snapshot 357 | CAPPED | True Edges: 0 | Cap Limit: 1675
  [UNCAPPED] Pred: 1002154 | TP: 0     | FP: 1002154 | TN: 438172738 | FN: 0    
  [CAPPED]   Pred: 1675    | TP: 0     | FP: 1675    | TN: 439173217 | FN: 0    

Snapshot 358 | CAPPED | True Edges: 0 | Cap Limit: 1585
  [UNCAPPED] Pred: 1002442 | TP: 0     | FP: 1002442 | TN: 438172450 | FN: 0    
  [CAPPED]   Pred: 1585    | TP: 0     | FP: 1585    | TN: 439173307 | FN: 0    

Snapshot 359 | CAPPED | True Edges: 0 | Cap Limit: 1425
  [UNCAPPED] Pred: 999898  | TP: 0     | FP: 999898  | TN: 438174994 | FN: 0    
  [CAPPED]   Pred: 1425    | TP: 0     | FP: 1425    | TN: 439173467 | FN: 0    

Snapshot 360 | CAPPED | True Edges: 0 | Cap Limit: 1285
  [UNCAPPED] Pred: 997400  | TP: 0     | FP: 997400  | TN: 438177492 | FN: 0    
  [CAPPED]   Pred: 1285    | TP: 0     | FP: 1285    | TN: 439173607 | FN: 0    

Snapshot 361 | CAPPED | True Edges: 0 | Cap Limit: 1190
  [UNCAPPED] Pred: 1001782 | TP: 0     | FP: 1001782 | TN: 438173110 | FN: 0    
  [CAPPED]   Pred: 1190    | TP: 0     | FP: 1190    | TN: 439173702 | FN: 0    

Snapshot 362 | CAPPED | True Edges: 0 | Cap Limit: 1395
  [UNCAPPED] Pred: 1005312 | TP: 0     | FP: 1005312 | TN: 438169580 | FN: 0    
  [CAPPED]   Pred: 1395    | TP: 0     | FP: 1395    | TN: 439173497 | FN: 0    

Snapshot 363 | CAPPED | True Edges: 0 | Cap Limit: 1255
  [UNCAPPED] Pred: 1001176 | TP: 0     | FP: 1001176 | TN: 438173716 | FN: 0    
  [CAPPED]   Pred: 1255    | TP: 0     | FP: 1255    | TN: 439173637 | FN: 0    

Snapshot 364 | CAPPED | True Edges: 0 | Cap Limit: 1625
  [UNCAPPED] Pred: 1009320 | TP: 0     | FP: 1009320 | TN: 438165572 | FN: 0    
  [CAPPED]   Pred: 1625    | TP: 0     | FP: 1625    | TN: 439173267 | FN: 0    

Snapshot 365 | CAPPED | True Edges: 0 | Cap Limit: 1465
  [UNCAPPED] Pred: 995350  | TP: 0     | FP: 995350  | TN: 438179542 | FN: 0    
  [CAPPED]   Pred: 1465    | TP: 0     | FP: 1465    | TN: 439173427 | FN: 0    

Snapshot 366 | CAPPED | True Edges: 0 | Cap Limit: 1485
  [UNCAPPED] Pred: 1001772 | TP: 0     | FP: 1001772 | TN: 438173120 | FN: 0    
  [CAPPED]   Pred: 1485    | TP: 0     | FP: 1485    | TN: 439173407 | FN: 0    

Snapshot 367 | CAPPED | True Edges: 0 | Cap Limit: 1310
  [UNCAPPED] Pred: 1000032 | TP: 0     | FP: 1000032 | TN: 438174860 | FN: 0    
  [CAPPED]   Pred: 1310    | TP: 0     | FP: 1310    | TN: 439173582 | FN: 0    

Snapshot 368 | CAPPED | True Edges: 0 | Cap Limit: 1540
  [UNCAPPED] Pred: 998282  | TP: 0     | FP: 998282  | TN: 438176610 | FN: 0    
  [CAPPED]   Pred: 1540    | TP: 0     | FP: 1540    | TN: 439173352 | FN: 0    

Snapshot 369 | CAPPED | True Edges: 0 | Cap Limit: 1665
  [UNCAPPED] Pred: 998264  | TP: 0     | FP: 998264  | TN: 438176628 | FN: 0    
  [CAPPED]   Pred: 1665    | TP: 0     | FP: 1665    | TN: 439173227 | FN: 0    

Snapshot 370 | CAPPED | True Edges: 0 | Cap Limit: 1740
  [UNCAPPED] Pred: 1004252 | TP: 0     | FP: 1004252 | TN: 438170640 | FN: 0    
  [CAPPED]   Pred: 1740    | TP: 0     | FP: 1740    | TN: 439173152 | FN: 0    

Snapshot 371 | CAPPED | True Edges: 0 | Cap Limit: 1940
  [UNCAPPED] Pred: 999112  | TP: 0     | FP: 999112  | TN: 438175780 | FN: 0    
  [CAPPED]   Pred: 1940    | TP: 0     | FP: 1940    | TN: 439172952 | FN: 0    

Snapshot 372 | CAPPED | True Edges: 0 | Cap Limit: 1595
  [UNCAPPED] Pred: 999666  | TP: 0     | FP: 999666  | TN: 438175226 | FN: 0    
  [CAPPED]   Pred: 1595    | TP: 0     | FP: 1595    | TN: 439173297 | FN: 0    

Snapshot 373 | CAPPED | True Edges: 0 | Cap Limit: 1515
  [UNCAPPED] Pred: 993360  | TP: 0     | FP: 993360  | TN: 438181532 | FN: 0    
  [CAPPED]   Pred: 1515    | TP: 0     | FP: 1515    | TN: 439173377 | FN: 0    

Snapshot 374 | CAPPED | True Edges: 0 | Cap Limit: 1620
  [UNCAPPED] Pred: 995110  | TP: 0     | FP: 995110  | TN: 438179782 | FN: 0    
  [CAPPED]   Pred: 1620    | TP: 0     | FP: 1620    | TN: 439173272 | FN: 0    

Snapshot 375 | CAPPED | True Edges: 0 | Cap Limit: 1380
  [UNCAPPED] Pred: 1000894 | TP: 0     | FP: 1000894 | TN: 438173998 | FN: 0    
  [CAPPED]   Pred: 1380    | TP: 0     | FP: 1380    | TN: 439173512 | FN: 0    

Snapshot 376 | CAPPED | True Edges: 0 | Cap Limit: 1490
  [UNCAPPED] Pred: 997488  | TP: 0     | FP: 997488  | TN: 438177404 | FN: 0    
  [CAPPED]   Pred: 1490    | TP: 0     | FP: 1490    | TN: 439173402 | FN: 0    

Snapshot 377 | CAPPED | True Edges: 0 | Cap Limit: 1510
  [UNCAPPED] Pred: 997770  | TP: 0     | FP: 997770  | TN: 438177122 | FN: 0    
  [CAPPED]   Pred: 1510    | TP: 0     | FP: 1510    | TN: 439173382 | FN: 0    

Snapshot 378 | CAPPED | True Edges: 0 | Cap Limit: 1250
  [UNCAPPED] Pred: 1009360 | TP: 0     | FP: 1009360 | TN: 438165532 | FN: 0    
  [CAPPED]   Pred: 1250    | TP: 0     | FP: 1250    | TN: 439173642 | FN: 0    

Snapshot 379 | CAPPED | True Edges: 0 | Cap Limit: 1365
  [UNCAPPED] Pred: 999360  | TP: 0     | FP: 999360  | TN: 438175532 | FN: 0    
  [CAPPED]   Pred: 1365    | TP: 0     | FP: 1365    | TN: 439173527 | FN: 0    

Snapshot 380 | CAPPED | True Edges: 0 | Cap Limit: 1640
  [UNCAPPED] Pred: 1004416 | TP: 0     | FP: 1004416 | TN: 438170476 | FN: 0    
  [CAPPED]   Pred: 1640    | TP: 0     | FP: 1640    | TN: 439173252 | FN: 0    

Snapshot 381 | CAPPED | True Edges: 0 | Cap Limit: 1440
  [UNCAPPED] Pred: 1003574 | TP: 0     | FP: 1003574 | TN: 438171318 | FN: 0    
  [CAPPED]   Pred: 1440    | TP: 0     | FP: 1440    | TN: 439173452 | FN: 0    

Snapshot 382 | CAPPED | True Edges: 0 | Cap Limit: 1090
  [UNCAPPED] Pred: 996290  | TP: 0     | FP: 996290  | TN: 438178602 | FN: 0    
  [CAPPED]   Pred: 1090    | TP: 0     | FP: 1090    | TN: 439173802 | FN: 0    

Snapshot 383 | CAPPED | True Edges: 0 | Cap Limit: 1475
  [UNCAPPED] Pred: 1002720 | TP: 0     | FP: 1002720 | TN: 438172172 | FN: 0    
  [CAPPED]   Pred: 1475    | TP: 0     | FP: 1475    | TN: 439173417 | FN: 0    

Snapshot 384 | CAPPED | True Edges: 0 | Cap Limit: 1515
  [UNCAPPED] Pred: 1002394 | TP: 0     | FP: 1002394 | TN: 438172498 | FN: 0    
  [CAPPED]   Pred: 1515    | TP: 0     | FP: 1515    | TN: 439173377 | FN: 0    

Snapshot 385 | CAPPED | True Edges: 0 | Cap Limit: 1210
  [UNCAPPED] Pred: 1004048 | TP: 0     | FP: 1004048 | TN: 438170844 | FN: 0    
  [CAPPED]   Pred: 1210    | TP: 0     | FP: 1210    | TN: 439173682 | FN: 0    

Snapshot 386 | CAPPED | True Edges: 0 | Cap Limit: 1630
  [UNCAPPED] Pred: 1002006 | TP: 0     | FP: 1002006 | TN: 438172886 | FN: 0    
  [CAPPED]   Pred: 1630    | TP: 0     | FP: 1630    | TN: 439173262 | FN: 0    

Snapshot 387 | CAPPED | True Edges: 0 | Cap Limit: 1980
  [UNCAPPED] Pred: 1004648 | TP: 0     | FP: 1004648 | TN: 438170244 | FN: 0    
  [CAPPED]   Pred: 1980    | TP: 0     | FP: 1980    | TN: 439172912 | FN: 0    

Snapshot 388 | CAPPED | True Edges: 0 | Cap Limit: 2080
  [UNCAPPED] Pred: 992928  | TP: 0     | FP: 992928  | TN: 438181964 | FN: 0    
  [CAPPED]   Pred: 2080    | TP: 0     | FP: 2080    | TN: 439172812 | FN: 0    

Snapshot 389 | CAPPED | True Edges: 0 | Cap Limit: 2370
  [UNCAPPED] Pred: 989368  | TP: 0     | FP: 989368  | TN: 438185524 | FN: 0    
  [CAPPED]   Pred: 2370    | TP: 0     | FP: 2370    | TN: 439172522 | FN: 0    

Snapshot 390 | CAPPED | True Edges: 0 | Cap Limit: 1855
  [UNCAPPED] Pred: 1001814 | TP: 0     | FP: 1001814 | TN: 438173078 | FN: 0    
  [CAPPED]   Pred: 1855    | TP: 0     | FP: 1855    | TN: 439173037 | FN: 0    

Snapshot 391 | CAPPED | True Edges: 0 | Cap Limit: 1640
  [UNCAPPED] Pred: 1002568 | TP: 0     | FP: 1002568 | TN: 438172324 | FN: 0    
  [CAPPED]   Pred: 1640    | TP: 0     | FP: 1640    | TN: 439173252 | FN: 0    

Snapshot 392 | CAPPED | True Edges: 0 | Cap Limit: 1455
  [UNCAPPED] Pred: 1005412 | TP: 0     | FP: 1005412 | TN: 438169480 | FN: 0    
  [CAPPED]   Pred: 1455    | TP: 0     | FP: 1455    | TN: 439173437 | FN: 0    

Snapshot 393 | CAPPED | True Edges: 0 | Cap Limit: 1345
  [UNCAPPED] Pred: 995414  | TP: 0     | FP: 995414  | TN: 438179478 | FN: 0    
  [CAPPED]   Pred: 1345    | TP: 0     | FP: 1345    | TN: 439173547 | FN: 0    

Snapshot 394 | CAPPED | True Edges: 0 | Cap Limit: 1275
  [UNCAPPED] Pred: 999974  | TP: 0     | FP: 999974  | TN: 438174918 | FN: 0    
  [CAPPED]   Pred: 1275    | TP: 0     | FP: 1275    | TN: 439173617 | FN: 0    

Snapshot 395 | CAPPED | True Edges: 0 | Cap Limit: 1240
  [UNCAPPED] Pred: 999544  | TP: 0     | FP: 999544  | TN: 438175348 | FN: 0    
  [CAPPED]   Pred: 1240    | TP: 0     | FP: 1240    | TN: 439173652 | FN: 0    

Snapshot 396 | CAPPED | True Edges: 0 | Cap Limit: 1245
  [UNCAPPED] Pred: 1002440 | TP: 0     | FP: 1002440 | TN: 438172452 | FN: 0    
  [CAPPED]   Pred: 1245    | TP: 0     | FP: 1245    | TN: 439173647 | FN: 0    

Snapshot 397 | CAPPED | True Edges: 0 | Cap Limit: 1625
  [UNCAPPED] Pred: 1003942 | TP: 0     | FP: 1003942 | TN: 438170950 | FN: 0    
  [CAPPED]   Pred: 1625    | TP: 0     | FP: 1625    | TN: 439173267 | FN: 0    

Snapshot 398 | CAPPED | True Edges: 0 | Cap Limit: 1530
  [UNCAPPED] Pred: 1001722 | TP: 0     | FP: 1001722 | TN: 438173170 | FN: 0    
  [CAPPED]   Pred: 1530    | TP: 0     | FP: 1530    | TN: 439173362 | FN: 0    

Snapshot 399 | CAPPED | True Edges: 0 | Cap Limit: 1430
  [UNCAPPED] Pred: 1001622 | TP: 0     | FP: 1001622 | TN: 438173270 | FN: 0    
  [CAPPED]   Pred: 1430    | TP: 0     | FP: 1430    | TN: 439173462 | FN: 0    

Snapshot 400 | CAPPED | True Edges: 0 | Cap Limit: 1360
  [UNCAPPED] Pred: 998852  | TP: 0     | FP: 998852  | TN: 438176040 | FN: 0    
  [CAPPED]   Pred: 1360    | TP: 0     | FP: 1360    | TN: 439173532 | FN: 0    

Snapshot 401 | CAPPED | True Edges: 0 | Cap Limit: 1290
  [UNCAPPED] Pred: 1001250 | TP: 0     | FP: 1001250 | TN: 438173642 | FN: 0    
  [CAPPED]   Pred: 1290    | TP: 0     | FP: 1290    | TN: 439173602 | FN: 0    

Snapshot 402 | CAPPED | True Edges: 0 | Cap Limit: 1320
  [UNCAPPED] Pred: 997096  | TP: 0     | FP: 997096  | TN: 438177796 | FN: 0    
  [CAPPED]   Pred: 1320    | TP: 0     | FP: 1320    | TN: 439173572 | FN: 0    

Snapshot 403 | CAPPED | True Edges: 0 | Cap Limit: 1305
  [UNCAPPED] Pred: 1002356 | TP: 0     | FP: 1002356 | TN: 438172536 | FN: 0    
  [CAPPED]   Pred: 1305    | TP: 0     | FP: 1305    | TN: 439173587 | FN: 0    

Snapshot 404 | CAPPED | True Edges: 0 | Cap Limit: 1645
  [UNCAPPED] Pred: 1004914 | TP: 0     | FP: 1004914 | TN: 438169978 | FN: 0    
  [CAPPED]   Pred: 1645    | TP: 0     | FP: 1645    | TN: 439173247 | FN: 0    
Saved memory-safe EvolveGCN sparse graphs to data/output/predicted/EvolveGCN/Reddit_B_egcn_o_128_64_32_0.01_0.0001_undirected_threshold_5xCap.pkl

--- DATASET: Reddit_B (EvolveGCN) METRICS ---
TRAIN:  Time=119.08s, GPU=1056.00MB, RAM=5450.33MB
THRESH: Time=1.81s, GPU=1058.00MB, RAM=5450.34MB
CONST:  Time=335.39s, GPU=10228.00MB, RAM=3405.23MB
========================================================================
COMPLETED DATASET: Reddit_B
========================================================================
========================================================================
STARTING GLOBAL DATASET: tgbl-wiki
========================================================================
Seed set to: 42
[Checking Graph Integrity for 31 snapshots...]
[Done] Total Snapshots processed: 31

Statistics for tgbl-wiki:
	Nodes: 9227
	Edges: 39804
	Snaps: 31
	Dur: 1D
CLS num_feats 128
--- Training egcn_o | Task: Future Link Prediction ---
Epoch 001 | Loss: 1.104822 | Train AUC: 0.7922
Epoch 010 | Loss: 0.536003 | Train AUC: 0.9520
Epoch 020 | Loss: 0.329984 | Train AUC: 0.9678
Epoch 030 | Loss: 0.234728 | Train AUC: 0.9848
Early stopping triggered at epoch 36. Best Loss: 0.228213
--- Probability Distribution Check ---
Positives | Mean: 0.947755 | Std: 0.077549 | Max: 1.000000 | Min: 0.000006
Negatives | Mean: 0.056461 | Std: 0.205633 | Max: 1.000000 | Min: 0.000000
Optimal Threshold: 0.78 | Sampled Val F1: 0.9683
Loading data for tgbl-wiki with use_predicted=False, num_back=all, num_buckets=10, use_test_style=None

Snapshot 26 | CAPPED | True Edges: 1421 | Cap Limit: 7105
  [UNCAPPED] Pred: 3890562 | TP: 0     | FP: 3890562 | TN: 81236319 | FN: 1421 
  [CAPPED]   Pred: 7105    | TP: 0     | FP: 7105    | TN: 85119776 | FN: 1421 

Snapshot 27 | CAPPED | True Edges: 1197 | Cap Limit: 7105
  [UNCAPPED] Pred: 3876960 | TP: 0     | FP: 3876960 | TN: 81250145 | FN: 1197 
  [CAPPED]   Pred: 7105    | TP: 0     | FP: 7105    | TN: 85120000 | FN: 1197 

Snapshot 28 | CAPPED | True Edges: 1289 | Cap Limit: 5985
  [UNCAPPED] Pred: 3771110 | TP: 1     | FP: 3771109 | TN: 81355904 | FN: 1288 
  [CAPPED]   Pred: 5985    | TP: 0     | FP: 5985    | TN: 85121028 | FN: 1289 

Snapshot 29 | CAPPED | True Edges: 1153 | Cap Limit: 6445
  [UNCAPPED] Pred: 3791974 | TP: 0     | FP: 3791974 | TN: 81335175 | FN: 1153 
  [CAPPED]   Pred: 6445    | TP: 0     | FP: 6445    | TN: 85120704 | FN: 1153 

Snapshot 30 | CAPPED | True Edges: 1138 | Cap Limit: 5765
  [UNCAPPED] Pred: 3748812 | TP: 2     | FP: 3748810 | TN: 81378354 | FN: 1136 
  [CAPPED]   Pred: 5765    | TP: 0     | FP: 5765    | TN: 85121399 | FN: 1138 
Saved memory-safe EvolveGCN sparse graphs to data/output/predicted/EvolveGCN/tgbl-wiki_egcn_o_128_64_32_0.01_0.0001_undirected_threshold_5xCap.pkl

--- DATASET: tgbl-wiki (EvolveGCN) METRICS ---
TRAIN:  Time=7.04s, GPU=212.00MB, RAM=1361.82MB
THRESH: Time=0.06s, GPU=214.00MB, RAM=1361.86MB
CONST:  Time=6.70s, GPU=3678.00MB, RAM=1879.04MB
========================================================================
COMPLETED DATASET: tgbl-wiki
========================================================================
