========================================================================
STARTING GLOBAL DATASET: CollegeMsg
========================================================================
Seed set to: 42
[Checking Graph Integrity for 181 snapshots...]
[Done] Total Snapshots processed: 181

Statistics for CollegeMsg:
	Nodes: 1893
	Edges: 33624
	Snaps: 181
	Dur: 1D
--- Training ROLAND (CollegeMsg) | Persistence: 15 ---
Epoch 001 | Loss: 0.333287 | Train AUC: 0.9295
Epoch 010 | Loss: 0.264090 | Train AUC: 0.9490
Epoch 020 | Loss: 0.242296 | Train AUC: 0.9493
Epoch 030 | Loss: 0.238211 | Train AUC: 0.9471
Epoch 040 | Loss: 0.231892 | Train AUC: 0.9499
Epoch 050 | Loss: 0.216704 | Train AUC: 0.9537
Epoch 060 | Loss: 0.209114 | Train AUC: 0.9536
Epoch 070 | Loss: 0.211074 | Train AUC: 0.9570
Epoch 080 | Loss: 0.193008 | Train AUC: 0.9593
Epoch 090 | Loss: 0.179270 | Train AUC: 0.9614
Epoch 100 | Loss: 0.174484 | Train AUC: 0.9619
Epoch 110 | Loss: 0.166379 | Train AUC: 0.9644
Epoch 120 | Loss: 0.168287 | Train AUC: 0.9633
Epoch 130 | Loss: 0.169100 | Train AUC: 0.9650
Epoch 140 | Loss: 0.160125 | Train AUC: 0.9663
Epoch 150 | Loss: 0.151478 | Train AUC: 0.9659
Epoch 160 | Loss: 0.151883 | Train AUC: 0.9681
Epoch 170 | Loss: 0.154901 | Train AUC: 0.9675
Epoch 180 | Loss: 0.145401 | Train AUC: 0.9710
Epoch 190 | Loss: 0.144118 | Train AUC: 0.9694
Epoch 200 | Loss: 0.140005 | Train AUC: 0.9707
--- Probability Distribution Check ---
Positives | Mean: 0.807135 | Std: 0.343842 | Max: 0.999900 | Min: 0.000000
Negatives | Mean: 0.066539 | Std: 0.208104 | Max: 0.999158 | Min: 0.000000
--- Probability Distribution Check ---
Positives | Mean: 0.807135 | Std: 0.343842 | Max: 0.999900 | Min: 0.000000
Negatives | Mean: 0.066539 | Std: 0.208104 | Max: 0.999158 | Min: 0.000000
Optimal Threshold: 0.09 | Sampled Val F1: 0.8852
Loading data for CollegeMsg with use_predicted=False, num_back=all, num_buckets=10, use_test_style=None
--- Starting ROLAND Sparse Construction (5x Dynamic Cap) ---

Snap 152 | CAPPED | True Edges: 77 | Cap Limit: 320
  [UNCAPPED] Pred: 445496  | TP: 2     | FP: 445494  | TN: 3135985 | FN: 75   
  [CAPPED]   Pred: 320     | TP: 0     | FP: 320     | TN: 3581159 | FN: 77   

Snap 153 | CAPPED | True Edges: 61 | Cap Limit: 385
  [UNCAPPED] Pred: 440046  | TP: 2     | FP: 440044  | TN: 3141451 | FN: 59   
  [CAPPED]   Pred: 385     | TP: 0     | FP: 385     | TN: 3581110 | FN: 61   

Snap 154 | CAPPED | True Edges: 32 | Cap Limit: 305
  [UNCAPPED] Pred: 427988  | TP: 3     | FP: 427985  | TN: 3153539 | FN: 29   
  [CAPPED]   Pred: 305     | TP: 0     | FP: 305     | TN: 3581219 | FN: 32   

Snap 155 | CAPPED | True Edges: 27 | Cap Limit: 160
  [UNCAPPED] Pred: 424232  | TP: 3     | FP: 424229  | TN: 3157300 | FN: 24   
  [CAPPED]   Pred: 160     | TP: 0     | FP: 160     | TN: 3581369 | FN: 27   

Snap 156 | CAPPED | True Edges: 34 | Cap Limit: 135
  [UNCAPPED] Pred: 421214  | TP: 4     | FP: 421210  | TN: 3160312 | FN: 30   
  [CAPPED]   Pred: 135     | TP: 0     | FP: 135     | TN: 3581387 | FN: 34   

Snap 157 | CAPPED | True Edges: 42 | Cap Limit: 170
  [UNCAPPED] Pred: 419704  | TP: 8     | FP: 419696  | TN: 3161818 | FN: 34   
  [CAPPED]   Pred: 170     | TP: 0     | FP: 170     | TN: 3581344 | FN: 42   

Snap 158 | CAPPED | True Edges: 42 | Cap Limit: 210
  [UNCAPPED] Pred: 425934  | TP: 2     | FP: 425932  | TN: 3155582 | FN: 40   
  [CAPPED]   Pred: 210     | TP: 0     | FP: 210     | TN: 3581304 | FN: 42   

Snap 159 | CAPPED | True Edges: 52 | Cap Limit: 210
  [UNCAPPED] Pred: 425950  | TP: 1     | FP: 425949  | TN: 3155555 | FN: 51   
  [CAPPED]   Pred: 210     | TP: 0     | FP: 210     | TN: 3581294 | FN: 52   

Snap 160 | CAPPED | True Edges: 58 | Cap Limit: 260
  [UNCAPPED] Pred: 423706  | TP: 4     | FP: 423702  | TN: 3157796 | FN: 54   
  [CAPPED]   Pred: 260     | TP: 0     | FP: 260     | TN: 3581238 | FN: 58   

Snap 161 | CAPPED | True Edges: 32 | Cap Limit: 290
  [UNCAPPED] Pred: 418168  | TP: 3     | FP: 418165  | TN: 3163359 | FN: 29   
  [CAPPED]   Pred: 290     | TP: 0     | FP: 290     | TN: 3581234 | FN: 32   

Snap 162 | CAPPED | True Edges: 29 | Cap Limit: 160
  [UNCAPPED] Pred: 411546  | TP: 1     | FP: 411545  | TN: 3169982 | FN: 28   
  [CAPPED]   Pred: 160     | TP: 0     | FP: 160     | TN: 3581367 | FN: 29   

Snap 163 | CAPPED | True Edges: 52 | Cap Limit: 145
  [UNCAPPED] Pred: 415212  | TP: 2     | FP: 415210  | TN: 3166294 | FN: 50   
  [CAPPED]   Pred: 145     | TP: 0     | FP: 145     | TN: 3581359 | FN: 52   

Snap 164 | CAPPED | True Edges: 43 | Cap Limit: 260
  [UNCAPPED] Pred: 415998  | TP: 3     | FP: 415995  | TN: 3165518 | FN: 40   
  [CAPPED]   Pred: 260     | TP: 0     | FP: 260     | TN: 3581253 | FN: 43   

Snap 165 | CAPPED | True Edges: 39 | Cap Limit: 215
  [UNCAPPED] Pred: 411294  | TP: 5     | FP: 411289  | TN: 3170228 | FN: 34   
  [CAPPED]   Pred: 215     | TP: 0     | FP: 215     | TN: 3581302 | FN: 39   

Snap 166 | CAPPED | True Edges: 41 | Cap Limit: 195
  [UNCAPPED] Pred: 411712  | TP: 4     | FP: 411708  | TN: 3169807 | FN: 37   
  [CAPPED]   Pred: 195     | TP: 0     | FP: 195     | TN: 3581320 | FN: 41   

Snap 167 | CAPPED | True Edges: 40 | Cap Limit: 205
  [UNCAPPED] Pred: 411816  | TP: 4     | FP: 411812  | TN: 3169704 | FN: 36   
  [CAPPED]   Pred: 205     | TP: 0     | FP: 205     | TN: 3581311 | FN: 40   

Snap 168 | CAPPED | True Edges: 21 | Cap Limit: 200
  [UNCAPPED] Pred: 399146  | TP: 2     | FP: 399144  | TN: 3182391 | FN: 19   
  [CAPPED]   Pred: 200     | TP: 0     | FP: 200     | TN: 3581335 | FN: 21   

Snap 169 | CAPPED | True Edges: 24 | Cap Limit: 105
  [UNCAPPED] Pred: 391902  | TP: 1     | FP: 391901  | TN: 3189631 | FN: 23   
  [CAPPED]   Pred: 105     | TP: 0     | FP: 105     | TN: 3581427 | FN: 24   

Snap 170 | CAPPED | True Edges: 29 | Cap Limit: 120
  [UNCAPPED] Pred: 396438  | TP: 3     | FP: 396435  | TN: 3185092 | FN: 26   
  [CAPPED]   Pred: 120     | TP: 0     | FP: 120     | TN: 3581407 | FN: 29   

Snap 171 | CAPPED | True Edges: 37 | Cap Limit: 145
  [UNCAPPED] Pred: 396034  | TP: 1     | FP: 396033  | TN: 3185486 | FN: 36   
  [CAPPED]   Pred: 145     | TP: 0     | FP: 145     | TN: 3581374 | FN: 37   

Snap 172 | CAPPED | True Edges: 30 | Cap Limit: 185
  [UNCAPPED] Pred: 390258  | TP: 3     | FP: 390255  | TN: 3191271 | FN: 27   
  [CAPPED]   Pred: 185     | TP: 0     | FP: 185     | TN: 3581341 | FN: 30   

Snap 173 | CAPPED | True Edges: 44 | Cap Limit: 150
  [UNCAPPED] Pred: 395254  | TP: 2     | FP: 395252  | TN: 3186260 | FN: 42   
  [CAPPED]   Pred: 150     | TP: 0     | FP: 150     | TN: 3581362 | FN: 44   

Snap 174 | CAPPED | True Edges: 8 | Cap Limit: 220
  [UNCAPPED] Pred: 384516  | TP: 0     | FP: 384516  | TN: 3197032 | FN: 8    
  [CAPPED]   Pred: 220     | TP: 0     | FP: 220     | TN: 3581328 | FN: 8    

Snap 175 | CAPPED | True Edges: 17 | Cap Limit: 40
  [UNCAPPED] Pred: 383392  | TP: 0     | FP: 383392  | TN: 3198147 | FN: 17   
  [CAPPED]   Pred: 40      | TP: 0     | FP: 40      | TN: 3581499 | FN: 17   

Snap 176 | CAPPED | True Edges: 23 | Cap Limit: 85
  [UNCAPPED] Pred: 396276  | TP: 10    | FP: 396266  | TN: 3185267 | FN: 13   
  [CAPPED]   Pred: 85      | TP: 0     | FP: 85      | TN: 3581448 | FN: 23   

Snap 177 | CAPPED | True Edges: 27 | Cap Limit: 115
  [UNCAPPED] Pred: 389834  | TP: 2     | FP: 389832  | TN: 3191697 | FN: 25   
  [CAPPED]   Pred: 115     | TP: 0     | FP: 115     | TN: 3581414 | FN: 27   

Snap 178 | CAPPED | True Edges: 26 | Cap Limit: 135
  [UNCAPPED] Pred: 382388  | TP: 3     | FP: 382385  | TN: 3199145 | FN: 23   
  [CAPPED]   Pred: 135     | TP: 0     | FP: 135     | TN: 3581395 | FN: 26   

Snap 179 | CAPPED | True Edges: 23 | Cap Limit: 130
  [UNCAPPED] Pred: 383386  | TP: 4     | FP: 383382  | TN: 3198151 | FN: 19   
  [CAPPED]   Pred: 130     | TP: 0     | FP: 130     | TN: 3581403 | FN: 23   
Saved 5x-Capped ROLAND sparse graphs to data/output/predicted/ROLAND/CollegeMsg_128_0.001_3_5_undirected_threshold_5xCap.pkl

--- DATASET: CollegeMsg (ROLAND) METRICS ---
TRAIN:  Time=503.43s, GPU=156.00MB, RAM=1392.33MB
THRESH: Time=1.26s, GPU=156.00MB, RAM=1394.36MB
CONST:  Time=6.44s, GPU=2010.00MB, RAM=1470.33MB

========================================================================
COMPLETED DATASET: CollegeMsg
========================================================================
========================================================================
STARTING GLOBAL DATASET: mathoverflow
========================================================================
Seed set to: 42
[Checking Graph Integrity for 189 snapshots...]
[Done] Total Snapshots processed: 189

Statistics for mathoverflow:
	Nodes: 4966
	Edges: 26983
	Snaps: 189
	Dur: 1D
--- Training ROLAND (mathoverflow) | Persistence: 15 ---
Epoch 001 | Loss: 0.369062 | Train AUC: 0.9177
Epoch 010 | Loss: 0.316707 | Train AUC: 0.9433
Epoch 020 | Loss: 0.299076 | Train AUC: 0.9517
Epoch 030 | Loss: 0.282307 | Train AUC: 0.9569
Epoch 040 | Loss: 0.274945 | Train AUC: 0.9601
Epoch 050 | Loss: 0.256834 | Train AUC: 0.9662
Epoch 060 | Loss: 0.255842 | Train AUC: 0.9659
Epoch 070 | Loss: 0.241278 | Train AUC: 0.9695
Epoch 080 | Loss: 0.239405 | Train AUC: 0.9698
Epoch 090 | Loss: 0.242061 | Train AUC: 0.9684
Epoch 100 | Loss: 0.234181 | Train AUC: 0.9709
Epoch 110 | Loss: 0.234656 | Train AUC: 0.9707
Epoch 120 | Loss: 0.232440 | Train AUC: 0.9711
Epoch 130 | Loss: 0.229431 | Train AUC: 0.9730
Epoch 140 | Loss: 0.214201 | Train AUC: 0.9757
Epoch 150 | Loss: 0.210594 | Train AUC: 0.9756
Epoch 160 | Loss: 0.206563 | Train AUC: 0.9769
Epoch 170 | Loss: 0.200166 | Train AUC: 0.9775
Epoch 180 | Loss: 0.198062 | Train AUC: 0.9782
Epoch 190 | Loss: 0.195509 | Train AUC: 0.9784
Epoch 200 | Loss: 0.188472 | Train AUC: 0.9800
--- Probability Distribution Check ---
Positives | Mean: 0.740755 | Std: 0.367958 | Max: 0.999977 | Min: 0.000000
Negatives | Mean: 0.206485 | Std: 0.309576 | Max: 0.999383 | Min: 0.000000
--- Probability Distribution Check ---
Positives | Mean: 0.740755 | Std: 0.367958 | Max: 0.999977 | Min: 0.000000
Negatives | Mean: 0.206485 | Std: 0.309576 | Max: 0.999383 | Min: 0.000000
Optimal Threshold: 0.47 | Sampled Val F1: 0.7812
Loading data for mathoverflow with use_predicted=False, num_back=all, num_buckets=10, use_test_style=None
--- Starting ROLAND Sparse Construction (5x Dynamic Cap) ---

Snap 159 | CAPPED | True Edges: 13 | Cap Limit: 500
  [UNCAPPED] Pred: 4603252 | TP: 0     | FP: 4603252 | TN: 20052925 | FN: 13   
  [CAPPED]   Pred: 500     | TP: 0     | FP: 500     | TN: 24655677 | FN: 13   

Snap 160 | CAPPED | True Edges: 15 | Cap Limit: 740
  [UNCAPPED] Pred: 4622432 | TP: 1     | FP: 4622431 | TN: 20033744 | FN: 14   
  [CAPPED]   Pred: 740     | TP: 0     | FP: 740     | TN: 24655435 | FN: 15   

Snap 161 | CAPPED | True Edges: 12 | Cap Limit: 730
  [UNCAPPED] Pred: 4657782 | TP: 1     | FP: 4657781 | TN: 19998397 | FN: 11   
  [CAPPED]   Pred: 730     | TP: 0     | FP: 730     | TN: 24655448 | FN: 12   

Snap 162 | CAPPED | True Edges: 8 | Cap Limit: 740
  [UNCAPPED] Pred: 4664396 | TP: 1     | FP: 4664395 | TN: 19991787 | FN: 7    
  [CAPPED]   Pred: 740     | TP: 0     | FP: 740     | TN: 24655442 | FN: 8    

Snap 163 | CAPPED | True Edges: 20 | Cap Limit: 715
  [UNCAPPED] Pred: 4658480 | TP: 3     | FP: 4658477 | TN: 19997693 | FN: 17   
  [CAPPED]   Pred: 715     | TP: 0     | FP: 715     | TN: 24655455 | FN: 20   

Snap 164 | CAPPED | True Edges: 9 | Cap Limit: 860
  [UNCAPPED] Pred: 4567184 | TP: 1     | FP: 4567183 | TN: 20088998 | FN: 8    
  [CAPPED]   Pred: 860     | TP: 0     | FP: 860     | TN: 24655321 | FN: 9    

Snap 165 | CAPPED | True Edges: 9 | Cap Limit: 495
  [UNCAPPED] Pred: 4589626 | TP: 0     | FP: 4589626 | TN: 20066555 | FN: 9    
  [CAPPED]   Pred: 495     | TP: 0     | FP: 495     | TN: 24655686 | FN: 9    

Snap 166 | CAPPED | True Edges: 11 | Cap Limit: 620
  [UNCAPPED] Pred: 4603442 | TP: 1     | FP: 4603441 | TN: 20052738 | FN: 10   
  [CAPPED]   Pred: 620     | TP: 0     | FP: 620     | TN: 24655559 | FN: 11   

Snap 167 | CAPPED | True Edges: 14 | Cap Limit: 710
  [UNCAPPED] Pred: 4596156 | TP: 2     | FP: 4596154 | TN: 20060022 | FN: 12   
  [CAPPED]   Pred: 710     | TP: 0     | FP: 710     | TN: 24655466 | FN: 14   

Snap 168 | CAPPED | True Edges: 11 | Cap Limit: 655
  [UNCAPPED] Pred: 4664176 | TP: 1     | FP: 4664175 | TN: 19992004 | FN: 10   
  [CAPPED]   Pred: 655     | TP: 0     | FP: 655     | TN: 24655524 | FN: 11   

Snap 169 | CAPPED | True Edges: 16 | Cap Limit: 895
  [UNCAPPED] Pred: 4702608 | TP: 1     | FP: 4702607 | TN: 19953567 | FN: 15   
  [CAPPED]   Pred: 895     | TP: 0     | FP: 895     | TN: 24655279 | FN: 16   

Snap 170 | CAPPED | True Edges: 18 | Cap Limit: 970
  [UNCAPPED] Pred: 4663984 | TP: 3     | FP: 4663981 | TN: 19992191 | FN: 15   
  [CAPPED]   Pred: 970     | TP: 0     | FP: 970     | TN: 24655202 | FN: 18   

Snap 171 | CAPPED | True Edges: 4 | Cap Limit: 800
  [UNCAPPED] Pred: 4642566 | TP: 1     | FP: 4642565 | TN: 20013621 | FN: 3    
  [CAPPED]   Pred: 800     | TP: 0     | FP: 800     | TN: 24655386 | FN: 4    

Snap 172 | CAPPED | True Edges: 10 | Cap Limit: 645
  [UNCAPPED] Pred: 4602180 | TP: 1     | FP: 4602179 | TN: 20054001 | FN: 9    
  [CAPPED]   Pred: 645     | TP: 0     | FP: 645     | TN: 24655535 | FN: 10   

Snap 173 | CAPPED | True Edges: 6 | Cap Limit: 645
  [UNCAPPED] Pred: 4623050 | TP: 0     | FP: 4623050 | TN: 20033134 | FN: 6    
  [CAPPED]   Pred: 645     | TP: 0     | FP: 645     | TN: 24655539 | FN: 6    

Snap 174 | CAPPED | True Edges: 12 | Cap Limit: 715
  [UNCAPPED] Pred: 4657554 | TP: 1     | FP: 4657553 | TN: 19998625 | FN: 11   
  [CAPPED]   Pred: 715     | TP: 0     | FP: 715     | TN: 24655463 | FN: 12   

Snap 175 | CAPPED | True Edges: 8 | Cap Limit: 905
  [UNCAPPED] Pred: 4673216 | TP: 1     | FP: 4673215 | TN: 19982967 | FN: 7    
  [CAPPED]   Pred: 905     | TP: 0     | FP: 905     | TN: 24655277 | FN: 8    

Snap 176 | CAPPED | True Edges: 15 | Cap Limit: 870
  [UNCAPPED] Pred: 4668752 | TP: 1     | FP: 4668751 | TN: 19987424 | FN: 14   
  [CAPPED]   Pred: 870     | TP: 0     | FP: 870     | TN: 24655305 | FN: 15   

Snap 177 | CAPPED | True Edges: 17 | Cap Limit: 835
  [UNCAPPED] Pred: 4634718 | TP: 6     | FP: 4634712 | TN: 20021461 | FN: 11   
  [CAPPED]   Pred: 835     | TP: 0     | FP: 835     | TN: 24655338 | FN: 17   

Snap 178 | CAPPED | True Edges: 14 | Cap Limit: 720
  [UNCAPPED] Pred: 4592866 | TP: 2     | FP: 4592864 | TN: 20063312 | FN: 12   
  [CAPPED]   Pred: 720     | TP: 0     | FP: 720     | TN: 24655456 | FN: 14   

Snap 179 | CAPPED | True Edges: 10 | Cap Limit: 620
  [UNCAPPED] Pred: 4648732 | TP: 1     | FP: 4648731 | TN: 20007449 | FN: 9    
  [CAPPED]   Pred: 620     | TP: 0     | FP: 620     | TN: 24655560 | FN: 10   

Snap 180 | CAPPED | True Edges: 6 | Cap Limit: 655
  [UNCAPPED] Pred: 4616100 | TP: 1     | FP: 4616099 | TN: 20040085 | FN: 5    
  [CAPPED]   Pred: 655     | TP: 0     | FP: 655     | TN: 24655529 | FN: 6    

Snap 181 | CAPPED | True Edges: 13 | Cap Limit: 650
  [UNCAPPED] Pred: 4604612 | TP: 1     | FP: 4604611 | TN: 20051566 | FN: 12   
  [CAPPED]   Pred: 650     | TP: 0     | FP: 650     | TN: 24655527 | FN: 13   

Snap 182 | CAPPED | True Edges: 15 | Cap Limit: 755
  [UNCAPPED] Pred: 4662710 | TP: 0     | FP: 4662710 | TN: 19993465 | FN: 15   
  [CAPPED]   Pred: 755     | TP: 0     | FP: 755     | TN: 24655420 | FN: 15   

Snap 183 | CAPPED | True Edges: 20 | Cap Limit: 830
  [UNCAPPED] Pred: 4688520 | TP: 3     | FP: 4688517 | TN: 19967653 | FN: 17   
  [CAPPED]   Pred: 830     | TP: 0     | FP: 830     | TN: 24655340 | FN: 20   

Snap 184 | CAPPED | True Edges: 19 | Cap Limit: 905
  [UNCAPPED] Pred: 4645844 | TP: 3     | FP: 4645841 | TN: 20010330 | FN: 16   
  [CAPPED]   Pred: 905     | TP: 0     | FP: 905     | TN: 24655266 | FN: 19   

Snap 185 | CAPPED | True Edges: 7 | Cap Limit: 775
  [UNCAPPED] Pred: 4602310 | TP: 0     | FP: 4602310 | TN: 20053873 | FN: 7    
  [CAPPED]   Pred: 775     | TP: 0     | FP: 775     | TN: 24655408 | FN: 7    

Snap 186 | CAPPED | True Edges: 10 | Cap Limit: 615
  [UNCAPPED] Pred: 4603628 | TP: 3     | FP: 4603625 | TN: 20052555 | FN: 7    
  [CAPPED]   Pred: 615     | TP: 0     | FP: 615     | TN: 24655565 | FN: 10   

Snap 187 | CAPPED | True Edges: 8 | Cap Limit: 620
  [UNCAPPED] Pred: 4603694 | TP: 1     | FP: 4603693 | TN: 20052489 | FN: 7    
  [CAPPED]   Pred: 620     | TP: 0     | FP: 620     | TN: 24655562 | FN: 8    
Saved 5x-Capped ROLAND sparse graphs to data/output/predicted/ROLAND/mathoverflow_128_0.001_3_5_undirected_threshold_5xCap.pkl

--- DATASET: mathoverflow (ROLAND) METRICS ---
TRAIN:  Time=505.79s, GPU=254.00MB, RAM=1598.67MB
THRESH: Time=0.13s, GPU=254.00MB, RAM=1600.75MB
CONST:  Time=21.31s, GPU=5108.00MB, RAM=1858.06MB

========================================================================
COMPLETED DATASET: mathoverflow
========================================================================
========================================================================
STARTING GLOBAL DATASET: networkadex
========================================================================
Seed set to: 42
[Checking Graph Integrity for 299 snapshots...]
[Done] Total Snapshots processed: 299

Statistics for networkadex:
	Nodes: 38553
	Edges: 60049
	Snaps: 299
	Dur: 1D
--- Training ROLAND (networkadex) | Persistence: 15 ---
Epoch 001 | Loss: 0.222192 | Train AUC: 0.9703
Epoch 010 | Loss: 0.180026 | Train AUC: 0.9812
Epoch 020 | Loss: 0.177463 | Train AUC: 0.9828
Epoch 030 | Loss: 0.186445 | Train AUC: 0.9807
Early stopping triggered at epoch 36. Best Loss: 0.165647
--- Probability Distribution Check ---
Positives | Mean: 0.828622 | Std: 0.287620 | Max: 1.000000 | Min: 0.000013
Negatives | Mean: 0.058504 | Std: 0.200117 | Max: 1.000000 | Min: 0.000000
--- Probability Distribution Check ---
Positives | Mean: 0.828622 | Std: 0.287620 | Max: 1.000000 | Min: 0.000013
Negatives | Mean: 0.058504 | Std: 0.200117 | Max: 1.000000 | Min: 0.000000
Optimal Threshold: 0.04 | Sampled Val F1: 0.9361
Loading data for networkadex with use_predicted=False, num_back=all, num_buckets=10, use_test_style=None
--- Starting ROLAND Sparse Construction (5x Dynamic Cap) ---

Snap 253 | CAPPED | True Edges: 120 | Cap Limit: 775
  [UNCAPPED] Pred: 177817984 | TP: 120   | FP: 177817864 | TN: 1308477272 | FN: 0    
  [CAPPED]   Pred: 775     | TP: 0     | FP: 775     | TN: 1486294361 | FN: 120  

Snap 254 | CAPPED | True Edges: 72 | Cap Limit: 600
  [UNCAPPED] Pred: 177607938 | TP: 72    | FP: 177607866 | TN: 1308687318 | FN: 0    
  [CAPPED]   Pred: 600     | TP: 0     | FP: 600     | TN: 1486294584 | FN: 72   

Snap 255 | CAPPED | True Edges: 51 | Cap Limit: 360
  [UNCAPPED] Pred: 177521196 | TP: 51    | FP: 177521145 | TN: 1308774060 | FN: 0    
  [CAPPED]   Pred: 360     | TP: 0     | FP: 360     | TN: 1486294845 | FN: 51   

Snap 256 | CAPPED | True Edges: 99 | Cap Limit: 255
  [UNCAPPED] Pred: 177437068 | TP: 99    | FP: 177436969 | TN: 1308858188 | FN: 0    
  [CAPPED]   Pred: 255     | TP: 0     | FP: 255     | TN: 1486294902 | FN: 99   

Snap 257 | CAPPED | True Edges: 88 | Cap Limit: 495
  [UNCAPPED] Pred: 177249868 | TP: 87    | FP: 177249781 | TN: 1309045387 | FN: 1    
  [CAPPED]   Pred: 495     | TP: 0     | FP: 495     | TN: 1486294673 | FN: 88   

Snap 258 | CAPPED | True Edges: 74 | Cap Limit: 440
  [UNCAPPED] Pred: 177004500 | TP: 73    | FP: 177004427 | TN: 1309290755 | FN: 1    
  [CAPPED]   Pred: 440     | TP: 0     | FP: 440     | TN: 1486294742 | FN: 74   

Snap 259 | CAPPED | True Edges: 50 | Cap Limit: 370
  [UNCAPPED] Pred: 176839878 | TP: 48    | FP: 176839830 | TN: 1309455376 | FN: 2    
  [CAPPED]   Pred: 370     | TP: 0     | FP: 370     | TN: 1486294836 | FN: 50   

Snap 260 | CAPPED | True Edges: 73 | Cap Limit: 250
  [UNCAPPED] Pred: 176972224 | TP: 73    | FP: 176972151 | TN: 1309323032 | FN: 0    
  [CAPPED]   Pred: 250     | TP: 0     | FP: 250     | TN: 1486294933 | FN: 73   

Snap 261 | CAPPED | True Edges: 70 | Cap Limit: 365
  [UNCAPPED] Pred: 176820926 | TP: 69    | FP: 176820857 | TN: 1309474329 | FN: 1    
  [CAPPED]   Pred: 365     | TP: 0     | FP: 365     | TN: 1486294821 | FN: 70   

Snap 262 | CAPPED | True Edges: 119 | Cap Limit: 350
  [UNCAPPED] Pred: 176725896 | TP: 118   | FP: 176725778 | TN: 1309569359 | FN: 1    
  [CAPPED]   Pred: 350     | TP: 0     | FP: 350     | TN: 1486294787 | FN: 119  

Snap 263 | CAPPED | True Edges: 95 | Cap Limit: 595
  [UNCAPPED] Pred: 176679384 | TP: 95    | FP: 176679289 | TN: 1309615872 | FN: 0    
  [CAPPED]   Pred: 595     | TP: 0     | FP: 595     | TN: 1486294566 | FN: 95   

Snap 264 | CAPPED | True Edges: 111 | Cap Limit: 475
  [UNCAPPED] Pred: 176687962 | TP: 110   | FP: 176687852 | TN: 1309607293 | FN: 1    
  [CAPPED]   Pred: 475     | TP: 0     | FP: 475     | TN: 1486294670 | FN: 111  

Snap 265 | CAPPED | True Edges: 84 | Cap Limit: 555
  [UNCAPPED] Pred: 176579648 | TP: 84    | FP: 176579564 | TN: 1309715608 | FN: 0    
  [CAPPED]   Pred: 555     | TP: 0     | FP: 555     | TN: 1486294617 | FN: 84   

Snap 266 | CAPPED | True Edges: 82 | Cap Limit: 420
  [UNCAPPED] Pred: 176275958 | TP: 82    | FP: 176275876 | TN: 1310019298 | FN: 0    
  [CAPPED]   Pred: 420     | TP: 0     | FP: 420     | TN: 1486294754 | FN: 82   

Snap 267 | CAPPED | True Edges: 71 | Cap Limit: 410
  [UNCAPPED] Pred: 176154664 | TP: 66    | FP: 176154598 | TN: 1310140587 | FN: 5    
  [CAPPED]   Pred: 410     | TP: 0     | FP: 410     | TN: 1486294775 | FN: 71   

Snap 268 | CAPPED | True Edges: 83 | Cap Limit: 355
  [UNCAPPED] Pred: 176210056 | TP: 78    | FP: 176209978 | TN: 1310085195 | FN: 5    
  [CAPPED]   Pred: 355     | TP: 0     | FP: 355     | TN: 1486294818 | FN: 83   

Snap 269 | CAPPED | True Edges: 124 | Cap Limit: 415
  [UNCAPPED] Pred: 176400392 | TP: 109   | FP: 176400283 | TN: 1309894849 | FN: 15   
  [CAPPED]   Pred: 415     | TP: 0     | FP: 415     | TN: 1486294717 | FN: 124  

Snap 270 | CAPPED | True Edges: 94 | Cap Limit: 620
  [UNCAPPED] Pred: 176186846 | TP: 88    | FP: 176186758 | TN: 1310108404 | FN: 6    
  [CAPPED]   Pred: 620     | TP: 0     | FP: 620     | TN: 1486294542 | FN: 94   

Snap 271 | CAPPED | True Edges: 70 | Cap Limit: 470
  [UNCAPPED] Pred: 175987710 | TP: 42    | FP: 175987668 | TN: 1310307518 | FN: 28   
  [CAPPED]   Pred: 470     | TP: 0     | FP: 470     | TN: 1486294716 | FN: 70   

Snap 272 | CAPPED | True Edges: 115 | Cap Limit: 350
  [UNCAPPED] Pred: 175761030 | TP: 93    | FP: 175760937 | TN: 1310534204 | FN: 22   
  [CAPPED]   Pred: 350     | TP: 0     | FP: 350     | TN: 1486294791 | FN: 115  

Snap 273 | CAPPED | True Edges: 71 | Cap Limit: 575
  [UNCAPPED] Pred: 175531768 | TP: 56    | FP: 175531712 | TN: 1310763473 | FN: 15   
  [CAPPED]   Pred: 575     | TP: 0     | FP: 575     | TN: 1486294610 | FN: 71   

Snap 274 | CAPPED | True Edges: 57 | Cap Limit: 355
  [UNCAPPED] Pred: 175545826 | TP: 49    | FP: 175545777 | TN: 1310749422 | FN: 8    
  [CAPPED]   Pred: 355     | TP: 0     | FP: 355     | TN: 1486294844 | FN: 57   

Snap 275 | CAPPED | True Edges: 56 | Cap Limit: 285
  [UNCAPPED] Pred: 175424184 | TP: 55    | FP: 175424129 | TN: 1310871071 | FN: 1    
  [CAPPED]   Pred: 285     | TP: 0     | FP: 285     | TN: 1486294915 | FN: 56   

Snap 276 | CAPPED | True Edges: 50 | Cap Limit: 280
  [UNCAPPED] Pred: 175291280 | TP: 33    | FP: 175291247 | TN: 1311003959 | FN: 17   
  [CAPPED]   Pred: 280     | TP: 0     | FP: 280     | TN: 1486294926 | FN: 50   

Snap 277 | CAPPED | True Edges: 72 | Cap Limit: 250
  [UNCAPPED] Pred: 175358352 | TP: 53    | FP: 175358299 | TN: 1310936885 | FN: 19   
  [CAPPED]   Pred: 250     | TP: 0     | FP: 250     | TN: 1486294934 | FN: 72   

Snap 278 | CAPPED | True Edges: 89 | Cap Limit: 360
  [UNCAPPED] Pred: 175350302 | TP: 77    | FP: 175350225 | TN: 1310944942 | FN: 12   
  [CAPPED]   Pred: 360     | TP: 0     | FP: 360     | TN: 1486294807 | FN: 89   

Snap 279 | CAPPED | True Edges: 70 | Cap Limit: 445
  [UNCAPPED] Pred: 175275454 | TP: 58    | FP: 175275396 | TN: 1311019790 | FN: 12   
  [CAPPED]   Pred: 445     | TP: 0     | FP: 445     | TN: 1486294741 | FN: 70   

Snap 280 | CAPPED | True Edges: 59 | Cap Limit: 350
  [UNCAPPED] Pred: 175283790 | TP: 51    | FP: 175283739 | TN: 1311011458 | FN: 8    
  [CAPPED]   Pred: 350     | TP: 0     | FP: 350     | TN: 1486294847 | FN: 59   

Snap 281 | CAPPED | True Edges: 69 | Cap Limit: 295
  [UNCAPPED] Pred: 175333328 | TP: 67    | FP: 175333261 | TN: 1310961926 | FN: 2    
  [CAPPED]   Pred: 295     | TP: 0     | FP: 295     | TN: 1486294892 | FN: 69   

Snap 282 | CAPPED | True Edges: 108 | Cap Limit: 345
  [UNCAPPED] Pred: 175020744 | TP: 107   | FP: 175020637 | TN: 1311274511 | FN: 1    
  [CAPPED]   Pred: 345     | TP: 0     | FP: 345     | TN: 1486294803 | FN: 108  

Snap 283 | CAPPED | True Edges: 96 | Cap Limit: 540
  [UNCAPPED] Pred: 174703062 | TP: 96    | FP: 174702966 | TN: 1311592194 | FN: 0    
  [CAPPED]   Pred: 540     | TP: 0     | FP: 540     | TN: 1486294620 | FN: 96   

Snap 284 | CAPPED | True Edges: 74 | Cap Limit: 480
  [UNCAPPED] Pred: 174527374 | TP: 74    | FP: 174527300 | TN: 1311767882 | FN: 0    
  [CAPPED]   Pred: 480     | TP: 0     | FP: 480     | TN: 1486294702 | FN: 74   

Snap 285 | CAPPED | True Edges: 78 | Cap Limit: 370
  [UNCAPPED] Pred: 174411288 | TP: 78    | FP: 174411210 | TN: 1311883968 | FN: 0    
  [CAPPED]   Pred: 370     | TP: 0     | FP: 370     | TN: 1486294808 | FN: 78   

Snap 286 | CAPPED | True Edges: 126 | Cap Limit: 390
  [UNCAPPED] Pred: 174627002 | TP: 125   | FP: 174626877 | TN: 1311668253 | FN: 1    
  [CAPPED]   Pred: 390     | TP: 0     | FP: 390     | TN: 1486294740 | FN: 126  

Snap 287 | CAPPED | True Edges: 163 | Cap Limit: 630
  [UNCAPPED] Pred: 174510038 | TP: 163   | FP: 174509875 | TN: 1311785218 | FN: 0    
  [CAPPED]   Pred: 630     | TP: 0     | FP: 630     | TN: 1486294463 | FN: 163  

Snap 288 | CAPPED | True Edges: 138 | Cap Limit: 815
  [UNCAPPED] Pred: 174309950 | TP: 138   | FP: 174309812 | TN: 1311985306 | FN: 0    
  [CAPPED]   Pred: 815     | TP: 0     | FP: 815     | TN: 1486294303 | FN: 138  

Snap 289 | CAPPED | True Edges: 79 | Cap Limit: 690
  [UNCAPPED] Pred: 173972248 | TP: 79    | FP: 173972169 | TN: 1312323008 | FN: 0    
  [CAPPED]   Pred: 690     | TP: 0     | FP: 690     | TN: 1486294487 | FN: 79   

Snap 290 | CAPPED | True Edges: 145 | Cap Limit: 395
  [UNCAPPED] Pred: 174720762 | TP: 145   | FP: 174720617 | TN: 1311574494 | FN: 0    
  [CAPPED]   Pred: 395     | TP: 0     | FP: 395     | TN: 1486294716 | FN: 145  

Snap 291 | CAPPED | True Edges: 90 | Cap Limit: 725
  [UNCAPPED] Pred: 174105880 | TP: 90    | FP: 174105790 | TN: 1312189376 | FN: 0    
  [CAPPED]   Pred: 725     | TP: 0     | FP: 725     | TN: 1486294441 | FN: 90   

Snap 292 | CAPPED | True Edges: 133 | Cap Limit: 450
  [UNCAPPED] Pred: 174232904 | TP: 133   | FP: 174232771 | TN: 1312062352 | FN: 0    
  [CAPPED]   Pred: 450     | TP: 0     | FP: 450     | TN: 1486294673 | FN: 133  

Snap 293 | CAPPED | True Edges: 146 | Cap Limit: 665
  [UNCAPPED] Pred: 174164722 | TP: 146   | FP: 174164576 | TN: 1312130534 | FN: 0    
  [CAPPED]   Pred: 665     | TP: 1     | FP: 664     | TN: 1486294446 | FN: 145  

Snap 294 | CAPPED | True Edges: 113 | Cap Limit: 730
  [UNCAPPED] Pred: 174022476 | TP: 113   | FP: 174022363 | TN: 1312272780 | FN: 0    
  [CAPPED]   Pred: 730     | TP: 0     | FP: 730     | TN: 1486294413 | FN: 113  

Snap 295 | CAPPED | True Edges: 302 | Cap Limit: 565
  [UNCAPPED] Pred: 174674404 | TP: 302   | FP: 174674102 | TN: 1311620852 | FN: 0    
  [CAPPED]   Pred: 565     | TP: 0     | FP: 565     | TN: 1486294389 | FN: 302  

Snap 296 | CAPPED | True Edges: 1135 | Cap Limit: 1510
  [UNCAPPED] Pred: 177595480 | TP: 1135  | FP: 177594345 | TN: 1308699776 | FN: 0    
  [CAPPED]   Pred: 1510    | TP: 0     | FP: 1510    | TN: 1486292611 | FN: 1135 

Snap 297 | CAPPED | True Edges: 150 | Cap Limit: 5675
  [UNCAPPED] Pred: 173802310 | TP: 147   | FP: 173802163 | TN: 1312492943 | FN: 3    
  [CAPPED]   Pred: 5675    | TP: 0     | FP: 5675    | TN: 1486289431 | FN: 150  
Saved 5x-Capped ROLAND sparse graphs to data/output/predicted/ROLAND/networkadex_128_0.001_3_5_undirected_threshold_5xCap.pkl

--- DATASET: networkadex (ROLAND) METRICS ---
TRAIN:  Time=213.25s, GPU=1418.00MB, RAM=3578.07MB
THRESH: Time=0.43s, GPU=1418.00MB, RAM=3578.72MB
CONST:  Time=947.57s, GPU=39072.00MB, RAM=4239.82MB

========================================================================
COMPLETED DATASET: networkadex
========================================================================
========================================================================
STARTING GLOBAL DATASET: networkaeternity
========================================================================
Seed set to: 42
[Checking Graph Integrity for 235 snapshots...]
[Done] Total Snapshots processed: 235

Statistics for networkaeternity:
	Nodes: 32339
	Edges: 66303
	Snaps: 235
	Dur: 1D
--- Training ROLAND (networkaeternity) | Persistence: 15 ---
Epoch 001 | Loss: 0.219514 | Train AUC: 0.9738
Epoch 010 | Loss: 0.169735 | Train AUC: 0.9840
Epoch 020 | Loss: 0.174891 | Train AUC: 0.9837
Early stopping triggered at epoch 24. Best Loss: 0.168900
--- Probability Distribution Check ---
Positives | Mean: 0.779642 | Std: 0.292947 | Max: 0.999974 | Min: 0.005837
Negatives | Mean: 0.122076 | Std: 0.165970 | Max: 0.998020 | Min: 0.000089
--- Probability Distribution Check ---
Positives | Mean: 0.779642 | Std: 0.292947 | Max: 0.999974 | Min: 0.005837
Negatives | Mean: 0.122076 | Std: 0.165970 | Max: 0.998020 | Min: 0.000089
Optimal Threshold: 0.38 | Sampled Val F1: 0.8811
Loading data for networkaeternity with use_predicted=False, num_back=all, num_buckets=10, use_test_style=None
--- Starting ROLAND Sparse Construction (5x Dynamic Cap) ---

Snap 198 | CAPPED | True Edges: 7 | Cap Limit: 1425
  [UNCAPPED] Pred: 56074142 | TP: 5     | FP: 56074137 | TN: 989704438 | FN: 2    
  [CAPPED]   Pred: 1425    | TP: 0     | FP: 1425    | TN: 1045777150 | FN: 7    

Snap 199 | CAPPED | True Edges: 4 | Cap Limit: 1460
  [UNCAPPED] Pred: 55894212 | TP: 3     | FP: 55894209 | TN: 989884369 | FN: 1    
  [CAPPED]   Pred: 1460    | TP: 0     | FP: 1460    | TN: 1045777118 | FN: 4    

Snap 200 | CAPPED | True Edges: 22 | Cap Limit: 960
  [UNCAPPED] Pred: 55780280 | TP: 20    | FP: 55780260 | TN: 989998300 | FN: 2    
  [CAPPED]   Pred: 960     | TP: 0     | FP: 960     | TN: 1045777600 | FN: 22   

Snap 201 | CAPPED | True Edges: 5 | Cap Limit: 1830
  [UNCAPPED] Pred: 55563352 | TP: 3     | FP: 55563349 | TN: 990215228 | FN: 2    
  [CAPPED]   Pred: 1830    | TP: 0     | FP: 1830    | TN: 1045776747 | FN: 5    

Snap 202 | CAPPED | True Edges: 2 | Cap Limit: 985
  [UNCAPPED] Pred: 55341710 | TP: 1     | FP: 55341709 | TN: 990436871 | FN: 1    
  [CAPPED]   Pred: 985     | TP: 0     | FP: 985     | TN: 1045777595 | FN: 2    

Snap 203 | CAPPED | True Edges: 2 | Cap Limit: 975
  [UNCAPPED] Pred: 55345806 | TP: 1     | FP: 55345805 | TN: 990432775 | FN: 1    
  [CAPPED]   Pred: 975     | TP: 0     | FP: 975     | TN: 1045777605 | FN: 2    

Snap 204 | CAPPED | True Edges: 3 | Cap Limit: 970
  [UNCAPPED] Pred: 55248098 | TP: 1     | FP: 55248097 | TN: 990530482 | FN: 2    
  [CAPPED]   Pred: 970     | TP: 0     | FP: 970     | TN: 1045777609 | FN: 3    

Snap 205 | CAPPED | True Edges: 10 | Cap Limit: 750
  [UNCAPPED] Pred: 55514476 | TP: 6     | FP: 55514470 | TN: 990264102 | FN: 4    
  [CAPPED]   Pred: 750     | TP: 0     | FP: 750     | TN: 1045777822 | FN: 10   

Snap 206 | CAPPED | True Edges: 10 | Cap Limit: 1050
  [UNCAPPED] Pred: 55198552 | TP: 7     | FP: 55198545 | TN: 990580027 | FN: 3    
  [CAPPED]   Pred: 1050    | TP: 0     | FP: 1050    | TN: 1045777522 | FN: 10   

Snap 207 | CAPPED | True Edges: 7 | Cap Limit: 960
  [UNCAPPED] Pred: 55185972 | TP: 5     | FP: 55185967 | TN: 990592608 | FN: 2    
  [CAPPED]   Pred: 960     | TP: 0     | FP: 960     | TN: 1045777615 | FN: 7    

Snap 208 | CAPPED | True Edges: 12 | Cap Limit: 1030
  [UNCAPPED] Pred: 55715016 | TP: 11    | FP: 55715005 | TN: 990063565 | FN: 1    
  [CAPPED]   Pred: 1030    | TP: 0     | FP: 1030    | TN: 1045777540 | FN: 12   

Snap 209 | CAPPED | True Edges: 20 | Cap Limit: 1300
  [UNCAPPED] Pred: 56328962 | TP: 18    | FP: 56328944 | TN: 989449618 | FN: 2    
  [CAPPED]   Pred: 1300    | TP: 0     | FP: 1300    | TN: 1045777262 | FN: 20   

Snap 210 | CAPPED | True Edges: 18 | Cap Limit: 1585
  [UNCAPPED] Pred: 56661488 | TP: 15    | FP: 56661473 | TN: 989117091 | FN: 3    
  [CAPPED]   Pred: 1585    | TP: 0     | FP: 1585    | TN: 1045776979 | FN: 18   

Snap 211 | CAPPED | True Edges: 3 | Cap Limit: 1040
  [UNCAPPED] Pred: 57285190 | TP: 2     | FP: 57285188 | TN: 988493391 | FN: 1    
  [CAPPED]   Pred: 1040    | TP: 0     | FP: 1040    | TN: 1045777539 | FN: 3    

Snap 212 | CAPPED | True Edges: 6 | Cap Limit: 1090
  [UNCAPPED] Pred: 57356826 | TP: 5     | FP: 57356821 | TN: 988421755 | FN: 1    
  [CAPPED]   Pred: 1090    | TP: 0     | FP: 1090    | TN: 1045777486 | FN: 6    

Snap 213 | CAPPED | True Edges: 8 | Cap Limit: 810
  [UNCAPPED] Pred: 57311062 | TP: 6     | FP: 57311056 | TN: 988467518 | FN: 2    
  [CAPPED]   Pred: 810     | TP: 0     | FP: 810     | TN: 1045777764 | FN: 8    

Snap 214 | CAPPED | True Edges: 6 | Cap Limit: 850
  [UNCAPPED] Pred: 57871114 | TP: 5     | FP: 57871109 | TN: 987907467 | FN: 1    
  [CAPPED]   Pred: 850     | TP: 0     | FP: 850     | TN: 1045777726 | FN: 6    

Snap 215 | CAPPED | True Edges: 10 | Cap Limit: 835
  [UNCAPPED] Pred: 58780176 | TP: 10    | FP: 58780166 | TN: 986998406 | FN: 0    
  [CAPPED]   Pred: 835     | TP: 0     | FP: 835     | TN: 1045777737 | FN: 10   

Snap 216 | CAPPED | True Edges: 2 | Cap Limit: 1185
  [UNCAPPED] Pred: 58418806 | TP: 1     | FP: 58418805 | TN: 987359775 | FN: 1    
  [CAPPED]   Pred: 1185    | TP: 0     | FP: 1185    | TN: 1045777395 | FN: 2    

Snap 217 | CAPPED | True Edges: 2 | Cap Limit: 635
  [UNCAPPED] Pred: 58459740 | TP: 2     | FP: 58459738 | TN: 987318842 | FN: 0    
  [CAPPED]   Pred: 635     | TP: 0     | FP: 635     | TN: 1045777945 | FN: 2    

Snap 218 | CAPPED | True Edges: 4 | Cap Limit: 755
  [UNCAPPED] Pred: 58012552 | TP: 2     | FP: 58012550 | TN: 987766028 | FN: 2    
  [CAPPED]   Pred: 755     | TP: 0     | FP: 755     | TN: 1045777823 | FN: 4    

Snap 219 | CAPPED | True Edges: 7 | Cap Limit: 750
  [UNCAPPED] Pred: 57701470 | TP: 7     | FP: 57701463 | TN: 988077112 | FN: 0    
  [CAPPED]   Pred: 750     | TP: 0     | FP: 750     | TN: 1045777825 | FN: 7    

Snap 220 | CAPPED | True Edges: 3 | Cap Limit: 1185
  [UNCAPPED] Pred: 57008178 | TP: 3     | FP: 57008175 | TN: 988770404 | FN: 0    
  [CAPPED]   Pred: 1185    | TP: 0     | FP: 1185    | TN: 1045777394 | FN: 3    

Snap 221 | CAPPED | True Edges: 4 | Cap Limit: 985
  [UNCAPPED] Pred: 56516192 | TP: 3     | FP: 56516189 | TN: 989262389 | FN: 1    
  [CAPPED]   Pred: 985     | TP: 0     | FP: 985     | TN: 1045777593 | FN: 4    

Snap 222 | CAPPED | True Edges: 7 | Cap Limit: 955
  [UNCAPPED] Pred: 56103176 | TP: 5     | FP: 56103171 | TN: 989675404 | FN: 2    
  [CAPPED]   Pred: 955     | TP: 0     | FP: 955     | TN: 1045777620 | FN: 7    

Snap 223 | CAPPED | True Edges: 14 | Cap Limit: 1785
  [UNCAPPED] Pred: 56171948 | TP: 13    | FP: 56171935 | TN: 989606633 | FN: 1    
  [CAPPED]   Pred: 1785    | TP: 1     | FP: 1784    | TN: 1045776784 | FN: 13   

Snap 224 | CAPPED | True Edges: 3 | Cap Limit: 1950
  [UNCAPPED] Pred: 55656270 | TP: 2     | FP: 55656268 | TN: 990122311 | FN: 1    
  [CAPPED]   Pred: 1950    | TP: 0     | FP: 1950    | TN: 1045776629 | FN: 3    

Snap 225 | CAPPED | True Edges: 1 | Cap Limit: 1105
  [UNCAPPED] Pred: 55116124 | TP: 1     | FP: 55116123 | TN: 990662458 | FN: 0    
  [CAPPED]   Pred: 1105    | TP: 0     | FP: 1105    | TN: 1045777476 | FN: 1    

Snap 226 | CAPPED | True Edges: 4 | Cap Limit: 925
  [UNCAPPED] Pred: 54875794 | TP: 3     | FP: 54875791 | TN: 990902787 | FN: 1    
  [CAPPED]   Pred: 925     | TP: 0     | FP: 925     | TN: 1045777653 | FN: 4    

Snap 227 | CAPPED | True Edges: 9 | Cap Limit: 1180
  [UNCAPPED] Pred: 54747224 | TP: 8     | FP: 54747216 | TN: 991031357 | FN: 1    
  [CAPPED]   Pred: 1180    | TP: 0     | FP: 1180    | TN: 1045777393 | FN: 9    

Snap 228 | CAPPED | True Edges: 10 | Cap Limit: 1570
  [UNCAPPED] Pred: 54673062 | TP: 10    | FP: 54673052 | TN: 991105520 | FN: 0    
  [CAPPED]   Pred: 1570    | TP: 0     | FP: 1570    | TN: 1045777002 | FN: 10   

Snap 229 | CAPPED | True Edges: 8 | Cap Limit: 1625
  [UNCAPPED] Pred: 54658182 | TP: 7     | FP: 54658175 | TN: 991120399 | FN: 1    
  [CAPPED]   Pred: 1625    | TP: 0     | FP: 1625    | TN: 1045776949 | FN: 8    

Snap 230 | CAPPED | True Edges: 11 | Cap Limit: 1915
  [UNCAPPED] Pred: 54793612 | TP: 8     | FP: 54793604 | TN: 990984967 | FN: 3    
  [CAPPED]   Pred: 1915    | TP: 0     | FP: 1915    | TN: 1045776656 | FN: 11   

Snap 231 | CAPPED | True Edges: 11 | Cap Limit: 2220
  [UNCAPPED] Pred: 53811618 | TP: 7     | FP: 53811611 | TN: 991966960 | FN: 4    
  [CAPPED]   Pred: 2220    | TP: 0     | FP: 2220    | TN: 1045776351 | FN: 11   

Snap 232 | CAPPED | True Edges: 28 | Cap Limit: 4435
  [UNCAPPED] Pred: 55476762 | TP: 26    | FP: 55476736 | TN: 990301818 | FN: 2    
  [CAPPED]   Pred: 4435    | TP: 1     | FP: 4434    | TN: 1045774120 | FN: 27   

Snap 233 | CAPPED | True Edges: 14 | Cap Limit: 4080
  [UNCAPPED] Pred: 55079462 | TP: 13    | FP: 55079449 | TN: 990699119 | FN: 1    
  [CAPPED]   Pred: 4080    | TP: 0     | FP: 4080    | TN: 1045774488 | FN: 14   
Saved 5x-Capped ROLAND sparse graphs to data/output/predicted/ROLAND/networkaeternity_128_0.001_3_5_undirected_threshold_5xCap.pkl

--- DATASET: networkaeternity (ROLAND) METRICS ---
TRAIN:  Time=101.19s, GPU=1172.00MB, RAM=2939.96MB
THRESH: Time=0.30s, GPU=1172.00MB, RAM=2940.54MB
CONST:  Time=478.23s, GPU=32756.00MB, RAM=3150.92MB

========================================================================
COMPLETED DATASET: networkaeternity
========================================================================
========================================================================
STARTING GLOBAL DATASET: networkaion
========================================================================
Seed set to: 42
[Checking Graph Integrity for 196 snapshots...]
[Done] Total Snapshots processed: 196

Statistics for networkaion:
	Nodes: 28302
	Edges: 46980
	Snaps: 196
	Dur: 1D
--- Training ROLAND (networkaion) | Persistence: 15 ---
Epoch 001 | Loss: 0.288818 | Train AUC: 0.9490
Epoch 010 | Loss: 0.226695 | Train AUC: 0.9644
Epoch 020 | Loss: 0.202025 | Train AUC: 0.9730
Epoch 030 | Loss: 0.195622 | Train AUC: 0.9722
Epoch 040 | Loss: 0.188656 | Train AUC: 0.9727
Epoch 050 | Loss: 0.158869 | Train AUC: 0.9799
Epoch 060 | Loss: 0.141250 | Train AUC: 0.9831
Epoch 070 | Loss: 0.130191 | Train AUC: 0.9857
Epoch 080 | Loss: 0.119232 | Train AUC: 0.9879
Epoch 090 | Loss: 0.110585 | Train AUC: 0.9891
Epoch 100 | Loss: 0.098523 | Train AUC: 0.9910
Epoch 110 | Loss: 0.090246 | Train AUC: 0.9922
Epoch 120 | Loss: 0.084233 | Train AUC: 0.9932
Epoch 130 | Loss: 0.085536 | Train AUC: 0.9933
Epoch 140 | Loss: 0.078549 | Train AUC: 0.9942
Epoch 150 | Loss: 0.075565 | Train AUC: 0.9948
Epoch 160 | Loss: 0.074456 | Train AUC: 0.9948
Epoch 170 | Loss: 0.070137 | Train AUC: 0.9951
Epoch 180 | Loss: 0.065057 | Train AUC: 0.9959
Epoch 190 | Loss: 0.062447 | Train AUC: 0.9958
Epoch 200 | Loss: 0.060044 | Train AUC: 0.9965
--- Probability Distribution Check ---
Positives | Mean: 0.525361 | Std: 0.423783 | Max: 1.000000 | Min: 0.000000
Negatives | Mean: 0.035362 | Std: 0.143363 | Max: 0.999840 | Min: 0.000000
--- Probability Distribution Check ---
Positives | Mean: 0.525361 | Std: 0.423783 | Max: 1.000000 | Min: 0.000000
Negatives | Mean: 0.035362 | Std: 0.143363 | Max: 0.999840 | Min: 0.000000
Optimal Threshold: 0.01 | Sampled Val F1: 0.8350
Loading data for networkaion with use_predicted=False, num_back=all, num_buckets=10, use_test_style=None
--- Starting ROLAND Sparse Construction (5x Dynamic Cap) ---

Snap 165 | CAPPED | True Edges: 4 | Cap Limit: 1470
  [UNCAPPED] Pred: 177743328 | TP: 3     | FP: 177743325 | TN: 623231573 | FN: 1    
  [CAPPED]   Pred: 1470    | TP: 0     | FP: 1470    | TN: 800973428 | FN: 4    

Snap 166 | CAPPED | True Edges: 7 | Cap Limit: 1070
  [UNCAPPED] Pred: 179263988 | TP: 6     | FP: 179263982 | TN: 621710913 | FN: 1    
  [CAPPED]   Pred: 1070    | TP: 0     | FP: 1070    | TN: 800973825 | FN: 7    

Snap 167 | CAPPED | True Edges: 8 | Cap Limit: 1200
  [UNCAPPED] Pred: 178867434 | TP: 5     | FP: 178867429 | TN: 622107465 | FN: 3    
  [CAPPED]   Pred: 1200    | TP: 0     | FP: 1200    | TN: 800973694 | FN: 8    

Snap 168 | CAPPED | True Edges: 8 | Cap Limit: 1020
  [UNCAPPED] Pred: 180163150 | TP: 5     | FP: 180163145 | TN: 620811749 | FN: 3    
  [CAPPED]   Pred: 1020    | TP: 0     | FP: 1020    | TN: 800973874 | FN: 8    

Snap 169 | CAPPED | True Edges: 10 | Cap Limit: 1010
  [UNCAPPED] Pred: 180101652 | TP: 7     | FP: 180101645 | TN: 620873247 | FN: 3    
  [CAPPED]   Pred: 1010    | TP: 0     | FP: 1010    | TN: 800973882 | FN: 10   

Snap 170 | CAPPED | True Edges: 11 | Cap Limit: 1075
  [UNCAPPED] Pred: 181699554 | TP: 8     | FP: 181699546 | TN: 619275345 | FN: 3    
  [CAPPED]   Pred: 1075    | TP: 0     | FP: 1075    | TN: 800973816 | FN: 11   

Snap 171 | CAPPED | True Edges: 6 | Cap Limit: 1135
  [UNCAPPED] Pred: 181654920 | TP: 5     | FP: 181654915 | TN: 619319981 | FN: 1    
  [CAPPED]   Pred: 1135    | TP: 0     | FP: 1135    | TN: 800973761 | FN: 6    

Snap 172 | CAPPED | True Edges: 12 | Cap Limit: 895
  [UNCAPPED] Pred: 182019496 | TP: 10    | FP: 182019486 | TN: 618955404 | FN: 2    
  [CAPPED]   Pred: 895     | TP: 0     | FP: 895     | TN: 800973995 | FN: 12   

Snap 173 | CAPPED | True Edges: 10 | Cap Limit: 1105
  [UNCAPPED] Pred: 181588574 | TP: 6     | FP: 181588568 | TN: 619386324 | FN: 4    
  [CAPPED]   Pred: 1105    | TP: 0     | FP: 1105    | TN: 800973787 | FN: 10   

Snap 174 | CAPPED | True Edges: 13 | Cap Limit: 1005
  [UNCAPPED] Pred: 182465652 | TP: 7     | FP: 182465645 | TN: 618509244 | FN: 6    
  [CAPPED]   Pred: 1005    | TP: 0     | FP: 1005    | TN: 800973884 | FN: 13   

Snap 175 | CAPPED | True Edges: 3 | Cap Limit: 1090
  [UNCAPPED] Pred: 182244666 | TP: 1     | FP: 182244665 | TN: 618730234 | FN: 2    
  [CAPPED]   Pred: 1090    | TP: 0     | FP: 1090    | TN: 800973809 | FN: 3    

Snap 176 | CAPPED | True Edges: 8 | Cap Limit: 980
  [UNCAPPED] Pred: 183090732 | TP: 7     | FP: 183090725 | TN: 617884169 | FN: 1    
  [CAPPED]   Pred: 980     | TP: 0     | FP: 980     | TN: 800973914 | FN: 8    

Snap 177 | CAPPED | True Edges: 1 | Cap Limit: 1125
  [UNCAPPED] Pred: 182785810 | TP: 1     | FP: 182785809 | TN: 618189092 | FN: 0    
  [CAPPED]   Pred: 1125    | TP: 0     | FP: 1125    | TN: 800973776 | FN: 1    

Snap 178 | CAPPED | True Edges: 9 | Cap Limit: 810
  [UNCAPPED] Pred: 184013124 | TP: 8     | FP: 184013116 | TN: 616961777 | FN: 1    
  [CAPPED]   Pred: 810     | TP: 0     | FP: 810     | TN: 800974083 | FN: 9    

Snap 179 | CAPPED | True Edges: 14 | Cap Limit: 1525
  [UNCAPPED] Pred: 183369168 | TP: 11    | FP: 183369157 | TN: 617605731 | FN: 3    
  [CAPPED]   Pred: 1525    | TP: 0     | FP: 1525    | TN: 800973363 | FN: 14   

Snap 180 | CAPPED | True Edges: 4 | Cap Limit: 1000
  [UNCAPPED] Pred: 183569294 | TP: 1     | FP: 183569293 | TN: 617405605 | FN: 3    
  [CAPPED]   Pred: 1000    | TP: 0     | FP: 1000    | TN: 800973898 | FN: 4    

Snap 181 | CAPPED | True Edges: 5 | Cap Limit: 770
  [UNCAPPED] Pred: 183574012 | TP: 4     | FP: 183574008 | TN: 617400889 | FN: 1    
  [CAPPED]   Pred: 770     | TP: 0     | FP: 770     | TN: 800974127 | FN: 5    

Snap 182 | CAPPED | True Edges: 9 | Cap Limit: 1055
  [UNCAPPED] Pred: 184640476 | TP: 8     | FP: 184640468 | TN: 616334425 | FN: 1    
  [CAPPED]   Pred: 1055    | TP: 0     | FP: 1055    | TN: 800973838 | FN: 9    

Snap 183 | CAPPED | True Edges: 9 | Cap Limit: 1285
  [UNCAPPED] Pred: 185129112 | TP: 6     | FP: 185129106 | TN: 615845787 | FN: 3    
  [CAPPED]   Pred: 1285    | TP: 0     | FP: 1285    | TN: 800973608 | FN: 9    

Snap 184 | CAPPED | True Edges: 11 | Cap Limit: 1375
  [UNCAPPED] Pred: 186789720 | TP: 11    | FP: 186789709 | TN: 614185182 | FN: 0    
  [CAPPED]   Pred: 1375    | TP: 0     | FP: 1375    | TN: 800973516 | FN: 11   

Snap 185 | CAPPED | True Edges: 10 | Cap Limit: 2125
  [UNCAPPED] Pred: 185207600 | TP: 9     | FP: 185207591 | TN: 615767301 | FN: 1    
  [CAPPED]   Pred: 2125    | TP: 0     | FP: 2125    | TN: 800972767 | FN: 10   

Snap 186 | CAPPED | True Edges: 1 | Cap Limit: 1665
  [UNCAPPED] Pred: 185250206 | TP: 1     | FP: 185250205 | TN: 615724696 | FN: 0    
  [CAPPED]   Pred: 1665    | TP: 0     | FP: 1665    | TN: 800973236 | FN: 1    

Snap 187 | CAPPED | True Edges: 8 | Cap Limit: 1420
  [UNCAPPED] Pred: 185578400 | TP: 6     | FP: 185578394 | TN: 615396500 | FN: 2    
  [CAPPED]   Pred: 1420    | TP: 0     | FP: 1420    | TN: 800973474 | FN: 8    

Snap 188 | CAPPED | True Edges: 5 | Cap Limit: 1445
  [UNCAPPED] Pred: 187018452 | TP: 3     | FP: 187018449 | TN: 613956448 | FN: 2    
  [CAPPED]   Pred: 1445    | TP: 0     | FP: 1445    | TN: 800973452 | FN: 5    

Snap 189 | CAPPED | True Edges: 4 | Cap Limit: 1580
  [UNCAPPED] Pred: 186256934 | TP: 3     | FP: 186256931 | TN: 614717967 | FN: 1    
  [CAPPED]   Pred: 1580    | TP: 0     | FP: 1580    | TN: 800973318 | FN: 4    

Snap 190 | CAPPED | True Edges: 8 | Cap Limit: 1440
  [UNCAPPED] Pred: 187212910 | TP: 5     | FP: 187212905 | TN: 613761989 | FN: 3    
  [CAPPED]   Pred: 1440    | TP: 0     | FP: 1440    | TN: 800973454 | FN: 8    

Snap 191 | CAPPED | True Edges: 13 | Cap Limit: 1660
  [UNCAPPED] Pred: 187362866 | TP: 9     | FP: 187362857 | TN: 613612032 | FN: 4    
  [CAPPED]   Pred: 1660    | TP: 0     | FP: 1660    | TN: 800973229 | FN: 13   

Snap 192 | CAPPED | True Edges: 10 | Cap Limit: 1615
  [UNCAPPED] Pred: 189468004 | TP: 8     | FP: 189467996 | TN: 611506896 | FN: 2    
  [CAPPED]   Pred: 1615    | TP: 0     | FP: 1615    | TN: 800973277 | FN: 10   

Snap 193 | CAPPED | True Edges: 10 | Cap Limit: 2115
  [UNCAPPED] Pred: 191416424 | TP: 6     | FP: 191416418 | TN: 609558474 | FN: 4    
  [CAPPED]   Pred: 2115    | TP: 0     | FP: 2115    | TN: 800972777 | FN: 10   

Snap 194 | CAPPED | True Edges: 17 | Cap Limit: 2530
  [UNCAPPED] Pred: 191983958 | TP: 15    | FP: 191983943 | TN: 608990942 | FN: 2    
  [CAPPED]   Pred: 2530    | TP: 0     | FP: 2530    | TN: 800972355 | FN: 17   
Saved 5x-Capped ROLAND sparse graphs to data/output/predicted/ROLAND/networkaion_128_0.001_3_5_undirected_threshold_5xCap.pkl

--- DATASET: networkaion (ROLAND) METRICS ---
TRAIN:  Time=640.12s, GPU=1038.00MB, RAM=3757.50MB
THRESH: Time=0.24s, GPU=1038.00MB, RAM=3758.16MB
CONST:  Time=459.02s, GPU=28678.00MB, RAM=3398.21MB

========================================================================
COMPLETED DATASET: networkaion
========================================================================
========================================================================
STARTING GLOBAL DATASET: networkaragon
========================================================================
Seed set to: 42
[Checking Graph Integrity for 343 snapshots...]
[Done] Total Snapshots processed: 343

Statistics for networkaragon:
	Nodes: 66183
	Edges: 106144
	Snaps: 343
	Dur: 1D
--- Training ROLAND (networkaragon) | Persistence: 15 ---
Epoch 001 | Loss: 0.139656 | Train AUC: 0.9907
Epoch 010 | Loss: 0.097538 | Train AUC: 0.9952
Epoch 020 | Loss: 0.106140 | Train AUC: 0.9941
Early stopping triggered at epoch 22. Best Loss: 0.090578
--- Probability Distribution Check ---
Positives | Mean: 0.883170 | Std: 0.168463 | Max: 0.999881 | Min: 0.001023
Negatives | Mean: 0.133041 | Std: 0.277279 | Max: 0.999610 | Min: 0.000004
--- Probability Distribution Check ---
Positives | Mean: 0.883170 | Std: 0.168463 | Max: 0.999881 | Min: 0.001023
Negatives | Mean: 0.133041 | Std: 0.277279 | Max: 0.999610 | Min: 0.000004
Optimal Threshold: 0.42 | Sampled Val F1: 0.9230
Loading data for networkaragon with use_predicted=False, num_back=all, num_buckets=10, use_test_style=None
--- Starting ROLAND Sparse Construction (5x Dynamic Cap) ---

Snap 290 | CAPPED | True Edges: 4 | Cap Limit: 810
  [UNCAPPED] Pred: 786125884 | TP: 2     | FP: 786125882 | TN: 3593997420 | FN: 2    
  [CAPPED]   Pred: 810     | TP: 0     | FP: 810     | TN: 4380122492 | FN: 4    

Snap 291 | CAPPED | True Edges: 4 | Cap Limit: 1150
  [UNCAPPED] Pred: 789791948 | TP: 2     | FP: 789791946 | TN: 3590331356 | FN: 2    
  [CAPPED]   Pred: 1150    | TP: 0     | FP: 1150    | TN: 4380122152 | FN: 4    

Snap 292 | CAPPED | True Edges: 9 | Cap Limit: 600
  [UNCAPPED] Pred: 798031480 | TP: 6     | FP: 798031474 | TN: 3582091823 | FN: 3    
  [CAPPED]   Pred: 600     | TP: 0     | FP: 600     | TN: 4380122697 | FN: 9    

Snap 293 | CAPPED | True Edges: 3 | Cap Limit: 1675
  [UNCAPPED] Pred: 803968040 | TP: 3     | FP: 803968037 | TN: 3576155266 | FN: 0    
  [CAPPED]   Pred: 1675    | TP: 0     | FP: 1675    | TN: 4380121628 | FN: 3    

Snap 294 | CAPPED | True Edges: 2 | Cap Limit: 1050
  [UNCAPPED] Pred: 809075364 | TP: 2     | FP: 809075362 | TN: 3571047942 | FN: 0    
  [CAPPED]   Pred: 1050    | TP: 0     | FP: 1050    | TN: 4380122254 | FN: 2    

Snap 295 | CAPPED | True Edges: 3 | Cap Limit: 810
  [UNCAPPED] Pred: 814009470 | TP: 2     | FP: 814009468 | TN: 3566113835 | FN: 1    
  [CAPPED]   Pred: 810     | TP: 0     | FP: 810     | TN: 4380122493 | FN: 3    

Snap 296 | CAPPED | True Edges: 6 | Cap Limit: 735
  [UNCAPPED] Pred: 818551120 | TP: 6     | FP: 818551114 | TN: 3561572186 | FN: 0    
  [CAPPED]   Pred: 735     | TP: 0     | FP: 735     | TN: 4380122565 | FN: 6    

Snap 297 | CAPPED | True Edges: 5 | Cap Limit: 705
  [UNCAPPED] Pred: 822509040 | TP: 5     | FP: 822509035 | TN: 3557614266 | FN: 0    
  [CAPPED]   Pred: 705     | TP: 0     | FP: 705     | TN: 4380122596 | FN: 5    

Snap 298 | CAPPED | True Edges: 8 | Cap Limit: 645
  [UNCAPPED] Pred: 824523986 | TP: 5     | FP: 824523981 | TN: 3555599317 | FN: 3    
  [CAPPED]   Pred: 645     | TP: 0     | FP: 645     | TN: 4380122653 | FN: 8    

Snap 299 | CAPPED | True Edges: 1 | Cap Limit: 435
  [UNCAPPED] Pred: 826838270 | TP: 0     | FP: 826838270 | TN: 3553285035 | FN: 1    
  [CAPPED]   Pred: 435     | TP: 0     | FP: 435     | TN: 4380122870 | FN: 1    

Snap 300 | CAPPED | True Edges: 3 | Cap Limit: 490
  [UNCAPPED] Pred: 828982534 | TP: 2     | FP: 828982532 | TN: 3551140771 | FN: 1    
  [CAPPED]   Pred: 490     | TP: 0     | FP: 490     | TN: 4380122813 | FN: 3    

Snap 301 | CAPPED | True Edges: 7 | Cap Limit: 320
  [UNCAPPED] Pred: 831160176 | TP: 7     | FP: 831160169 | TN: 3548963130 | FN: 0    
  [CAPPED]   Pred: 320     | TP: 0     | FP: 320     | TN: 4380122979 | FN: 7    

Snap 302 | CAPPED | True Edges: 5 | Cap Limit: 540
  [UNCAPPED] Pred: 833227070 | TP: 5     | FP: 833227065 | TN: 3546896236 | FN: 0    
  [CAPPED]   Pred: 540     | TP: 0     | FP: 540     | TN: 4380122761 | FN: 5    

Snap 303 | CAPPED | True Edges: 0 | Cap Limit: 565
  [UNCAPPED] Pred: 835317874 | TP: 0     | FP: 835317874 | TN: 3544805432 | FN: 0    
  [CAPPED]   Pred: 565     | TP: 0     | FP: 565     | TN: 4380122741 | FN: 0    

Snap 304 | CAPPED | True Edges: 4 | Cap Limit: 410
  [UNCAPPED] Pred: 837490546 | TP: 4     | FP: 837490542 | TN: 3542632760 | FN: 0    
  [CAPPED]   Pred: 410     | TP: 0     | FP: 410     | TN: 4380122892 | FN: 4    

Snap 305 | CAPPED | True Edges: 7 | Cap Limit: 475
  [UNCAPPED] Pred: 839550682 | TP: 7     | FP: 839550675 | TN: 3540572624 | FN: 0    
  [CAPPED]   Pred: 475     | TP: 0     | FP: 475     | TN: 4380122824 | FN: 7    

Snap 306 | CAPPED | True Edges: 3 | Cap Limit: 630
  [UNCAPPED] Pred: 841712482 | TP: 3     | FP: 841712479 | TN: 3538410824 | FN: 0    
  [CAPPED]   Pred: 630     | TP: 0     | FP: 630     | TN: 4380122673 | FN: 3    

Snap 307 | CAPPED | True Edges: 4 | Cap Limit: 445
  [UNCAPPED] Pred: 844001230 | TP: 4     | FP: 844001226 | TN: 3536122076 | FN: 0    
  [CAPPED]   Pred: 445     | TP: 0     | FP: 445     | TN: 4380122857 | FN: 4    

Snap 308 | CAPPED | True Edges: 3 | Cap Limit: 655
  [UNCAPPED] Pred: 846377866 | TP: 3     | FP: 846377863 | TN: 3533745440 | FN: 0    
  [CAPPED]   Pred: 655     | TP: 0     | FP: 655     | TN: 4380122648 | FN: 3    

Snap 309 | CAPPED | True Edges: 0 | Cap Limit: 820
  [UNCAPPED] Pred: 849501366 | TP: 0     | FP: 849501366 | TN: 3530621940 | FN: 0    
  [CAPPED]   Pred: 820     | TP: 0     | FP: 820     | TN: 4380122486 | FN: 0    

Snap 310 | CAPPED | True Edges: 4 | Cap Limit: 650
  [UNCAPPED] Pred: 852584662 | TP: 4     | FP: 852584658 | TN: 3527538644 | FN: 0    
  [CAPPED]   Pred: 650     | TP: 0     | FP: 650     | TN: 4380122652 | FN: 4    

Snap 311 | CAPPED | True Edges: 4 | Cap Limit: 405
  [UNCAPPED] Pred: 855663838 | TP: 2     | FP: 855663836 | TN: 3524459466 | FN: 2    
  [CAPPED]   Pred: 405     | TP: 0     | FP: 405     | TN: 4380122897 | FN: 4    

Snap 312 | CAPPED | True Edges: 0 | Cap Limit: 455
  [UNCAPPED] Pred: 858368938 | TP: 0     | FP: 858368938 | TN: 3521754368 | FN: 0    
  [CAPPED]   Pred: 455     | TP: 0     | FP: 455     | TN: 4380122851 | FN: 0    

Snap 313 | CAPPED | True Edges: 5 | Cap Limit: 405
  [UNCAPPED] Pred: 861163740 | TP: 4     | FP: 861163736 | TN: 3518959565 | FN: 1    
  [CAPPED]   Pred: 405     | TP: 0     | FP: 405     | TN: 4380122896 | FN: 5    

Snap 314 | CAPPED | True Edges: 2 | Cap Limit: 415
  [UNCAPPED] Pred: 864110866 | TP: 1     | FP: 864110865 | TN: 3516012439 | FN: 1    
  [CAPPED]   Pred: 415     | TP: 0     | FP: 415     | TN: 4380122889 | FN: 2    

Snap 315 | CAPPED | True Edges: 2 | Cap Limit: 485
  [UNCAPPED] Pred: 867070788 | TP: 1     | FP: 867070787 | TN: 3513052517 | FN: 1    
  [CAPPED]   Pred: 485     | TP: 0     | FP: 485     | TN: 4380122819 | FN: 2    

Snap 316 | CAPPED | True Edges: 1 | Cap Limit: 400
  [UNCAPPED] Pred: 870396312 | TP: 1     | FP: 870396311 | TN: 3509726994 | FN: 0    
  [CAPPED]   Pred: 400     | TP: 0     | FP: 400     | TN: 4380122905 | FN: 1    

Snap 317 | CAPPED | True Edges: 4 | Cap Limit: 445
  [UNCAPPED] Pred: 873969994 | TP: 3     | FP: 873969991 | TN: 3506153311 | FN: 1    
  [CAPPED]   Pred: 445     | TP: 0     | FP: 445     | TN: 4380122857 | FN: 4    

Snap 318 | CAPPED | True Edges: 7 | Cap Limit: 560
  [UNCAPPED] Pred: 877115436 | TP: 6     | FP: 877115430 | TN: 3503007869 | FN: 1    
  [CAPPED]   Pred: 560     | TP: 0     | FP: 560     | TN: 4380122739 | FN: 7    

Snap 319 | CAPPED | True Edges: 1 | Cap Limit: 490
  [UNCAPPED] Pred: 880401120 | TP: 1     | FP: 880401119 | TN: 3499722186 | FN: 0    
  [CAPPED]   Pred: 490     | TP: 0     | FP: 490     | TN: 4380122815 | FN: 1    

Snap 320 | CAPPED | True Edges: 1 | Cap Limit: 420
  [UNCAPPED] Pred: 883732316 | TP: 1     | FP: 883732315 | TN: 3496390990 | FN: 0    
  [CAPPED]   Pred: 420     | TP: 0     | FP: 420     | TN: 4380122885 | FN: 1    

Snap 321 | CAPPED | True Edges: 0 | Cap Limit: 410
  [UNCAPPED] Pred: 886940342 | TP: 0     | FP: 886940342 | TN: 3493182964 | FN: 0    
  [CAPPED]   Pred: 410     | TP: 0     | FP: 410     | TN: 4380122896 | FN: 0    

Snap 322 | CAPPED | True Edges: 0 | Cap Limit: 445
  [UNCAPPED] Pred: 890350846 | TP: 0     | FP: 890350846 | TN: 3489772460 | FN: 0    
  [CAPPED]   Pred: 445     | TP: 0     | FP: 445     | TN: 4380122861 | FN: 0    

Snap 323 | CAPPED | True Edges: 3 | Cap Limit: 395
  [UNCAPPED] Pred: 893209480 | TP: 3     | FP: 893209477 | TN: 3486913826 | FN: 0    
  [CAPPED]   Pred: 395     | TP: 0     | FP: 395     | TN: 4380122908 | FN: 3    

Snap 324 | CAPPED | True Edges: 2 | Cap Limit: 345
  [UNCAPPED] Pred: 896088916 | TP: 2     | FP: 896088914 | TN: 3484034390 | FN: 0    
  [CAPPED]   Pred: 345     | TP: 0     | FP: 345     | TN: 4380122959 | FN: 2    

Snap 325 | CAPPED | True Edges: 1 | Cap Limit: 325
  [UNCAPPED] Pred: 898829220 | TP: 1     | FP: 898829219 | TN: 3481294086 | FN: 0    
  [CAPPED]   Pred: 325     | TP: 0     | FP: 325     | TN: 4380122980 | FN: 1    

Snap 326 | CAPPED | True Edges: 0 | Cap Limit: 285
  [UNCAPPED] Pred: 901096522 | TP: 0     | FP: 901096522 | TN: 3479026784 | FN: 0    
  [CAPPED]   Pred: 285     | TP: 0     | FP: 285     | TN: 4380123021 | FN: 0    

Snap 327 | CAPPED | True Edges: 0 | Cap Limit: 375
  [UNCAPPED] Pred: 903445072 | TP: 0     | FP: 903445072 | TN: 3476678234 | FN: 0    
  [CAPPED]   Pred: 375     | TP: 0     | FP: 375     | TN: 4380122931 | FN: 0    

Snap 328 | CAPPED | True Edges: 4 | Cap Limit: 325
  [UNCAPPED] Pred: 905805720 | TP: 4     | FP: 905805716 | TN: 3474317586 | FN: 0    
  [CAPPED]   Pred: 325     | TP: 0     | FP: 325     | TN: 4380122977 | FN: 4    

Snap 329 | CAPPED | True Edges: 11 | Cap Limit: 460
  [UNCAPPED] Pred: 908267580 | TP: 11    | FP: 908267569 | TN: 3471855726 | FN: 0    
  [CAPPED]   Pred: 460     | TP: 0     | FP: 460     | TN: 4380122835 | FN: 11   

Snap 330 | CAPPED | True Edges: 2 | Cap Limit: 400
  [UNCAPPED] Pred: 910932914 | TP: 1     | FP: 910932913 | TN: 3469190391 | FN: 1    
  [CAPPED]   Pred: 400     | TP: 0     | FP: 400     | TN: 4380122904 | FN: 2    

Snap 331 | CAPPED | True Edges: 3 | Cap Limit: 500
  [UNCAPPED] Pred: 913795864 | TP: 1     | FP: 913795863 | TN: 3466327440 | FN: 2    
  [CAPPED]   Pred: 500     | TP: 0     | FP: 500     | TN: 4380122803 | FN: 3    

Snap 332 | CAPPED | True Edges: 4 | Cap Limit: 665
  [UNCAPPED] Pred: 916595354 | TP: 4     | FP: 916595350 | TN: 3463527952 | FN: 0    
  [CAPPED]   Pred: 665     | TP: 0     | FP: 665     | TN: 4380122637 | FN: 4    

Snap 333 | CAPPED | True Edges: 3 | Cap Limit: 440
  [UNCAPPED] Pred: 919869064 | TP: 3     | FP: 919869061 | TN: 3460254242 | FN: 0    
  [CAPPED]   Pred: 440     | TP: 0     | FP: 440     | TN: 4380122863 | FN: 3    

Snap 334 | CAPPED | True Edges: 5 | Cap Limit: 600
  [UNCAPPED] Pred: 922595338 | TP: 4     | FP: 922595334 | TN: 3457527967 | FN: 1    
  [CAPPED]   Pred: 600     | TP: 0     | FP: 600     | TN: 4380122701 | FN: 5    

Snap 335 | CAPPED | True Edges: 2 | Cap Limit: 475
  [UNCAPPED] Pred: 925414090 | TP: 2     | FP: 925414088 | TN: 3454709216 | FN: 0    
  [CAPPED]   Pred: 475     | TP: 0     | FP: 475     | TN: 4380122829 | FN: 2    

Snap 336 | CAPPED | True Edges: 7 | Cap Limit: 540
  [UNCAPPED] Pred: 928331614 | TP: 6     | FP: 928331608 | TN: 3451791691 | FN: 1    
  [CAPPED]   Pred: 540     | TP: 0     | FP: 540     | TN: 4380122759 | FN: 7    

Snap 337 | CAPPED | True Edges: 9 | Cap Limit: 560
  [UNCAPPED] Pred: 931701034 | TP: 7     | FP: 931701027 | TN: 3448422270 | FN: 2    
  [CAPPED]   Pred: 560     | TP: 0     | FP: 560     | TN: 4380122737 | FN: 9    

Snap 338 | CAPPED | True Edges: 9 | Cap Limit: 600
  [UNCAPPED] Pred: 936310488 | TP: 7     | FP: 936310481 | TN: 3443812816 | FN: 2    
  [CAPPED]   Pred: 600     | TP: 0     | FP: 600     | TN: 4380122697 | FN: 9    

Snap 339 | CAPPED | True Edges: 4 | Cap Limit: 1050
  [UNCAPPED] Pred: 939196496 | TP: 4     | FP: 939196492 | TN: 3440926810 | FN: 0    
  [CAPPED]   Pred: 1050    | TP: 0     | FP: 1050    | TN: 4380122252 | FN: 4    

Snap 340 | CAPPED | True Edges: 4 | Cap Limit: 655
  [UNCAPPED] Pred: 941538082 | TP: 3     | FP: 941538079 | TN: 3438585223 | FN: 1    
  [CAPPED]   Pred: 655     | TP: 0     | FP: 655     | TN: 4380122647 | FN: 4    

Snap 341 | CAPPED | True Edges: 2 | Cap Limit: 645
  [UNCAPPED] Pred: 944449452 | TP: 2     | FP: 944449450 | TN: 3435673854 | FN: 0    
  [CAPPED]   Pred: 645     | TP: 0     | FP: 645     | TN: 4380122659 | FN: 2    
Saved 5x-Capped ROLAND sparse graphs to data/output/predicted/ROLAND/networkaragon_128_0.001_3_5_undirected_threshold_5xCap.pkl

--- DATASET: networkaragon (ROLAND) METRICS ---
TRAIN:  Time=198.14s, GPU=2212.00MB, RAM=5634.97MB
THRESH: Time=0.83s, GPU=2212.00MB, RAM=5635.55MB
CONST:  Time=3730.09s, GPU=66844.00MB, RAM=9059.86MB

========================================================================
COMPLETED DATASET: networkaragon
========================================================================
========================================================================
STARTING GLOBAL DATASET: networkbancor
========================================================================
Seed set to: 42
[Checking Graph Integrity for 317 snapshots...]
[Done] Total Snapshots processed: 317

Statistics for networkbancor:
	Nodes: 49378
	Edges: 71024
	Snaps: 317
	Dur: 1D
--- Training ROLAND (networkbancor) | Persistence: 15 ---
Epoch 001 | Loss: 0.218979 | Train AUC: 0.9650
Epoch 010 | Loss: 0.188800 | Train AUC: 0.9742
Early stopping triggered at epoch 19. Best Loss: 0.182549
--- Probability Distribution Check ---
Positives | Mean: 0.518006 | Std: 0.394954 | Max: 1.000000 | Min: 0.000103
Negatives | Mean: 0.032877 | Std: 0.109364 | Max: 0.999876 | Min: 0.000002
--- Probability Distribution Check ---
Positives | Mean: 0.518006 | Std: 0.394954 | Max: 1.000000 | Min: 0.000103
Negatives | Mean: 0.032877 | Std: 0.109364 | Max: 0.999876 | Min: 0.000002
Optimal Threshold: 0.02 | Sampled Val F1: 0.8328
Loading data for networkbancor with use_predicted=False, num_back=all, num_buckets=10, use_test_style=None
--- Starting ROLAND Sparse Construction (5x Dynamic Cap) ---

Snap 268 | CAPPED | True Edges: 8 | Cap Limit: 490
  [UNCAPPED] Pred: 662191592 | TP: 4     | FP: 662191588 | TN: 1775945910 | FN: 4    
  [CAPPED]   Pred: 490     | TP: 0     | FP: 490     | TN: 2438137008 | FN: 8    

Snap 269 | CAPPED | True Edges: 7 | Cap Limit: 730
  [UNCAPPED] Pred: 663090056 | TP: 4     | FP: 663090052 | TN: 1775047447 | FN: 3    
  [CAPPED]   Pred: 730     | TP: 0     | FP: 730     | TN: 2438136769 | FN: 7    

Snap 270 | CAPPED | True Edges: 9 | Cap Limit: 660
  [UNCAPPED] Pred: 663486576 | TP: 8     | FP: 663486568 | TN: 1774650929 | FN: 1    
  [CAPPED]   Pred: 660     | TP: 0     | FP: 660     | TN: 2438136837 | FN: 9    

Snap 271 | CAPPED | True Edges: 4 | Cap Limit: 615
  [UNCAPPED] Pred: 663382024 | TP: 2     | FP: 663382022 | TN: 1774755480 | FN: 2    
  [CAPPED]   Pred: 615     | TP: 0     | FP: 615     | TN: 2438136887 | FN: 4    

Snap 272 | CAPPED | True Edges: 9 | Cap Limit: 410
  [UNCAPPED] Pred: 662762612 | TP: 6     | FP: 662762606 | TN: 1775374891 | FN: 3    
  [CAPPED]   Pred: 410     | TP: 0     | FP: 410     | TN: 2438137087 | FN: 9    

Snap 273 | CAPPED | True Edges: 7 | Cap Limit: 425
  [UNCAPPED] Pred: 662553342 | TP: 7     | FP: 662553335 | TN: 1775584164 | FN: 0    
  [CAPPED]   Pred: 425     | TP: 0     | FP: 425     | TN: 2438137074 | FN: 7    

Snap 274 | CAPPED | True Edges: 11 | Cap Limit: 475
  [UNCAPPED] Pred: 662696618 | TP: 6     | FP: 662696612 | TN: 1775440883 | FN: 5    
  [CAPPED]   Pred: 475     | TP: 0     | FP: 475     | TN: 2438137020 | FN: 11   

Snap 275 | CAPPED | True Edges: 2 | Cap Limit: 550
  [UNCAPPED] Pred: 663012844 | TP: 2     | FP: 663012842 | TN: 1775124662 | FN: 0    
  [CAPPED]   Pred: 550     | TP: 0     | FP: 550     | TN: 2438136954 | FN: 2    

Snap 276 | CAPPED | True Edges: 5 | Cap Limit: 485
  [UNCAPPED] Pred: 663039930 | TP: 3     | FP: 663039927 | TN: 1775097574 | FN: 2    
  [CAPPED]   Pred: 485     | TP: 0     | FP: 485     | TN: 2438137016 | FN: 5    

Snap 277 | CAPPED | True Edges: 10 | Cap Limit: 530
  [UNCAPPED] Pred: 663783488 | TP: 5     | FP: 663783483 | TN: 1774354013 | FN: 5    
  [CAPPED]   Pred: 530     | TP: 0     | FP: 530     | TN: 2438136966 | FN: 10   

Snap 278 | CAPPED | True Edges: 16 | Cap Limit: 550
  [UNCAPPED] Pred: 664046642 | TP: 6     | FP: 664046636 | TN: 1774090854 | FN: 10   
  [CAPPED]   Pred: 550     | TP: 0     | FP: 550     | TN: 2438136940 | FN: 16   

Snap 279 | CAPPED | True Edges: 5 | Cap Limit: 530
  [UNCAPPED] Pred: 664208966 | TP: 4     | FP: 664208962 | TN: 1773928539 | FN: 1    
  [CAPPED]   Pred: 530     | TP: 0     | FP: 530     | TN: 2438136971 | FN: 5    

Snap 280 | CAPPED | True Edges: 8 | Cap Limit: 460
  [UNCAPPED] Pred: 664291298 | TP: 6     | FP: 664291292 | TN: 1773846206 | FN: 2    
  [CAPPED]   Pred: 460     | TP: 0     | FP: 460     | TN: 2438137038 | FN: 8    

Snap 281 | CAPPED | True Edges: 14 | Cap Limit: 440
  [UNCAPPED] Pred: 664116320 | TP: 9     | FP: 664116311 | TN: 1774021181 | FN: 5    
  [CAPPED]   Pred: 440     | TP: 0     | FP: 440     | TN: 2438137052 | FN: 14   

Snap 282 | CAPPED | True Edges: 8 | Cap Limit: 460
  [UNCAPPED] Pred: 664398800 | TP: 2     | FP: 664398798 | TN: 1773738700 | FN: 6    
  [CAPPED]   Pred: 460     | TP: 0     | FP: 460     | TN: 2438137038 | FN: 8    

Snap 283 | CAPPED | True Edges: 10 | Cap Limit: 520
  [UNCAPPED] Pred: 664526110 | TP: 7     | FP: 664526103 | TN: 1773611393 | FN: 3    
  [CAPPED]   Pred: 520     | TP: 0     | FP: 520     | TN: 2438136976 | FN: 10   

Snap 284 | CAPPED | True Edges: 11 | Cap Limit: 595
  [UNCAPPED] Pred: 664191690 | TP: 4     | FP: 664191686 | TN: 1773945809 | FN: 7    
  [CAPPED]   Pred: 595     | TP: 0     | FP: 595     | TN: 2438136900 | FN: 11   

Snap 285 | CAPPED | True Edges: 6 | Cap Limit: 735
  [UNCAPPED] Pred: 664035300 | TP: 2     | FP: 664035298 | TN: 1774102202 | FN: 4    
  [CAPPED]   Pred: 735     | TP: 0     | FP: 735     | TN: 2438136765 | FN: 6    

Snap 286 | CAPPED | True Edges: 19 | Cap Limit: 490
  [UNCAPPED] Pred: 663233882 | TP: 9     | FP: 663233873 | TN: 1774903614 | FN: 10   
  [CAPPED]   Pred: 490     | TP: 0     | FP: 490     | TN: 2438136997 | FN: 19   

Snap 287 | CAPPED | True Edges: 8 | Cap Limit: 490
  [UNCAPPED] Pred: 662787908 | TP: 4     | FP: 662787904 | TN: 1775349594 | FN: 4    
  [CAPPED]   Pred: 490     | TP: 0     | FP: 490     | TN: 2438137008 | FN: 8    

Snap 288 | CAPPED | True Edges: 7 | Cap Limit: 495
  [UNCAPPED] Pred: 662195264 | TP: 2     | FP: 662195262 | TN: 1775942237 | FN: 5    
  [CAPPED]   Pred: 495     | TP: 0     | FP: 495     | TN: 2438137004 | FN: 7    

Snap 289 | CAPPED | True Edges: 41 | Cap Limit: 450
  [UNCAPPED] Pred: 662693362 | TP: 23    | FP: 662693339 | TN: 1775444126 | FN: 18   
  [CAPPED]   Pred: 450     | TP: 0     | FP: 450     | TN: 2438137015 | FN: 41   

Snap 290 | CAPPED | True Edges: 12 | Cap Limit: 1105
  [UNCAPPED] Pred: 662165914 | TP: 4     | FP: 662165910 | TN: 1775971584 | FN: 8    
  [CAPPED]   Pred: 1105    | TP: 0     | FP: 1105    | TN: 2438136389 | FN: 12   

Snap 291 | CAPPED | True Edges: 12 | Cap Limit: 450
  [UNCAPPED] Pred: 661512192 | TP: 8     | FP: 661512184 | TN: 1776625310 | FN: 4    
  [CAPPED]   Pred: 450     | TP: 0     | FP: 450     | TN: 2438137044 | FN: 12   

Snap 292 | CAPPED | True Edges: 9 | Cap Limit: 525
  [UNCAPPED] Pred: 660488010 | TP: 5     | FP: 660488005 | TN: 1777649492 | FN: 4    
  [CAPPED]   Pred: 525     | TP: 0     | FP: 525     | TN: 2438136972 | FN: 9    

Snap 293 | CAPPED | True Edges: 5 | Cap Limit: 430
  [UNCAPPED] Pred: 659427058 | TP: 2     | FP: 659427056 | TN: 1778710445 | FN: 3    
  [CAPPED]   Pred: 430     | TP: 0     | FP: 430     | TN: 2438137071 | FN: 5    

Snap 294 | CAPPED | True Edges: 5 | Cap Limit: 340
  [UNCAPPED] Pred: 658484844 | TP: 3     | FP: 658484841 | TN: 1779652660 | FN: 2    
  [CAPPED]   Pred: 340     | TP: 0     | FP: 340     | TN: 2438137161 | FN: 5    

Snap 295 | CAPPED | True Edges: 4 | Cap Limit: 400
  [UNCAPPED] Pred: 658244866 | TP: 2     | FP: 658244864 | TN: 1779892638 | FN: 2    
  [CAPPED]   Pred: 400     | TP: 0     | FP: 400     | TN: 2438137102 | FN: 4    

Snap 296 | CAPPED | True Edges: 14 | Cap Limit: 555
  [UNCAPPED] Pred: 658322506 | TP: 9     | FP: 658322497 | TN: 1779814995 | FN: 5    
  [CAPPED]   Pred: 555     | TP: 0     | FP: 555     | TN: 2438136937 | FN: 14   

Snap 297 | CAPPED | True Edges: 16 | Cap Limit: 575
  [UNCAPPED] Pred: 658385296 | TP: 12    | FP: 658385284 | TN: 1779752206 | FN: 4    
  [CAPPED]   Pred: 575     | TP: 0     | FP: 575     | TN: 2438136915 | FN: 16   

Snap 298 | CAPPED | True Edges: 9 | Cap Limit: 575
  [UNCAPPED] Pred: 657751428 | TP: 6     | FP: 657751422 | TN: 1780386075 | FN: 3    
  [CAPPED]   Pred: 575     | TP: 0     | FP: 575     | TN: 2438136922 | FN: 9    

Snap 299 | CAPPED | True Edges: 8 | Cap Limit: 380
  [UNCAPPED] Pred: 656725438 | TP: 2     | FP: 656725436 | TN: 1781412062 | FN: 6    
  [CAPPED]   Pred: 380     | TP: 0     | FP: 380     | TN: 2438137118 | FN: 8    

Snap 300 | CAPPED | True Edges: 16 | Cap Limit: 355
  [UNCAPPED] Pred: 657216560 | TP: 9     | FP: 657216551 | TN: 1780920939 | FN: 7    
  [CAPPED]   Pred: 355     | TP: 0     | FP: 355     | TN: 2438137135 | FN: 16   

Snap 301 | CAPPED | True Edges: 21 | Cap Limit: 620
  [UNCAPPED] Pred: 657671370 | TP: 19    | FP: 657671351 | TN: 1780466134 | FN: 2    
  [CAPPED]   Pred: 620     | TP: 0     | FP: 620     | TN: 2438136865 | FN: 21   

Snap 302 | CAPPED | True Edges: 26 | Cap Limit: 625
  [UNCAPPED] Pred: 658223796 | TP: 18    | FP: 658223778 | TN: 1779913702 | FN: 8    
  [CAPPED]   Pred: 625     | TP: 0     | FP: 625     | TN: 2438136855 | FN: 26   

Snap 303 | CAPPED | True Edges: 11 | Cap Limit: 590
  [UNCAPPED] Pred: 658995478 | TP: 7     | FP: 658995471 | TN: 1779142024 | FN: 4    
  [CAPPED]   Pred: 590     | TP: 0     | FP: 590     | TN: 2438136905 | FN: 11   

Snap 304 | CAPPED | True Edges: 18 | Cap Limit: 545
  [UNCAPPED] Pred: 659677010 | TP: 9     | FP: 659677001 | TN: 1778460487 | FN: 9    
  [CAPPED]   Pred: 545     | TP: 0     | FP: 545     | TN: 2438136943 | FN: 18   

Snap 305 | CAPPED | True Edges: 25 | Cap Limit: 625
  [UNCAPPED] Pred: 661234910 | TP: 13    | FP: 661234897 | TN: 1776902584 | FN: 12   
  [CAPPED]   Pred: 625     | TP: 0     | FP: 625     | TN: 2438136856 | FN: 25   

Snap 306 | CAPPED | True Edges: 10 | Cap Limit: 860
  [UNCAPPED] Pred: 661154878 | TP: 6     | FP: 661154872 | TN: 1776982624 | FN: 4    
  [CAPPED]   Pred: 860     | TP: 0     | FP: 860     | TN: 2438136636 | FN: 10   

Snap 307 | CAPPED | True Edges: 7 | Cap Limit: 545
  [UNCAPPED] Pred: 660051114 | TP: 6     | FP: 660051108 | TN: 1778086391 | FN: 1    
  [CAPPED]   Pred: 545     | TP: 0     | FP: 545     | TN: 2438136954 | FN: 7    

Snap 308 | CAPPED | True Edges: 11 | Cap Limit: 465
  [UNCAPPED] Pred: 660766106 | TP: 4     | FP: 660766102 | TN: 1777371393 | FN: 7    
  [CAPPED]   Pred: 465     | TP: 0     | FP: 465     | TN: 2438137030 | FN: 11   

Snap 309 | CAPPED | True Edges: 26 | Cap Limit: 570
  [UNCAPPED] Pred: 663582486 | TP: 21    | FP: 663582465 | TN: 1774555015 | FN: 5    
  [CAPPED]   Pred: 570     | TP: 0     | FP: 570     | TN: 2438136910 | FN: 26   

Snap 310 | CAPPED | True Edges: 8 | Cap Limit: 1200
  [UNCAPPED] Pred: 662812952 | TP: 6     | FP: 662812946 | TN: 1775324552 | FN: 2    
  [CAPPED]   Pred: 1200    | TP: 0     | FP: 1200    | TN: 2438136298 | FN: 8    

Snap 311 | CAPPED | True Edges: 26 | Cap Limit: 505
  [UNCAPPED] Pred: 664128086 | TP: 17    | FP: 664128069 | TN: 1774009411 | FN: 9    
  [CAPPED]   Pred: 505     | TP: 0     | FP: 505     | TN: 2438136975 | FN: 26   

Snap 312 | CAPPED | True Edges: 13 | Cap Limit: 1005
  [UNCAPPED] Pred: 665145772 | TP: 6     | FP: 665145766 | TN: 1772991727 | FN: 7    
  [CAPPED]   Pred: 1005    | TP: 0     | FP: 1005    | TN: 2438136488 | FN: 13   

Snap 313 | CAPPED | True Edges: 14 | Cap Limit: 780
  [UNCAPPED] Pred: 666341486 | TP: 11    | FP: 666341475 | TN: 1771796017 | FN: 3    
  [CAPPED]   Pred: 780     | TP: 0     | FP: 780     | TN: 2438136712 | FN: 14   

Snap 314 | CAPPED | True Edges: 12 | Cap Limit: 825
  [UNCAPPED] Pred: 666748666 | TP: 9     | FP: 666748657 | TN: 1771388837 | FN: 3    
  [CAPPED]   Pred: 825     | TP: 0     | FP: 825     | TN: 2438136669 | FN: 12   

Snap 315 | CAPPED | True Edges: 92 | Cap Limit: 785
  [UNCAPPED] Pred: 672191122 | TP: 60    | FP: 672191062 | TN: 1765946352 | FN: 32   
  [CAPPED]   Pred: 785     | TP: 0     | FP: 785     | TN: 2438136629 | FN: 92   
Saved 5x-Capped ROLAND sparse graphs to data/output/predicted/ROLAND/networkbancor_128_0.001_3_5_undirected_threshold_5xCap.pkl

--- DATASET: networkbancor (ROLAND) METRICS ---
TRAIN:  Time=138.00s, GPU=1764.00MB, RAM=8540.91MB
THRESH: Time=0.80s, GPU=1764.00MB, RAM=8541.56MB
CONST:  Time=2206.79s, GPU=49988.00MB, RAM=7399.90MB

========================================================================
COMPLETED DATASET: networkbancor
========================================================================
========================================================================
STARTING GLOBAL DATASET: networkcentra
========================================================================
Seed set to: 42
[Checking Graph Integrity for 264 snapshots...]
[Done] Total Snapshots processed: 264

Statistics for networkcentra:
	Nodes: 38355
	Edges: 66785
	Snaps: 264
	Dur: 1D
--- Training ROLAND (networkcentra) | Persistence: 15 ---
Epoch 001 | Loss: 0.259846 | Train AUC: 0.9708
Epoch 010 | Loss: 0.169576 | Train AUC: 0.9853
Epoch 020 | Loss: 0.164267 | Train AUC: 0.9867
Epoch 030 | Loss: 0.163075 | Train AUC: 0.9873
Epoch 040 | Loss: 0.158100 | Train AUC: 0.9877
Epoch 050 | Loss: 0.166283 | Train AUC: 0.9861
Early stopping triggered at epoch 59. Best Loss: 0.150928
--- Probability Distribution Check ---
Positives | Mean: 0.893230 | Std: 0.220108 | Max: 1.000000 | Min: 0.000012
Negatives | Mean: 0.104221 | Std: 0.219630 | Max: 0.999719 | Min: 0.000000
--- Probability Distribution Check ---
Positives | Mean: 0.893230 | Std: 0.220108 | Max: 1.000000 | Min: 0.000012
Negatives | Mean: 0.104221 | Std: 0.219630 | Max: 0.999719 | Min: 0.000000
Optimal Threshold: 0.47 | Sampled Val F1: 0.9162
Loading data for networkcentra with use_predicted=False, num_back=all, num_buckets=10, use_test_style=None
--- Starting ROLAND Sparse Construction (5x Dynamic Cap) ---

Snap 223 | CAPPED | True Edges: 6 | Cap Limit: 390
  [UNCAPPED] Pred: 127828950 | TP: 4     | FP: 127828946 | TN: 1343238718 | FN: 2    
  [CAPPED]   Pred: 390     | TP: 0     | FP: 390     | TN: 1471067274 | FN: 6    

Snap 224 | CAPPED | True Edges: 4 | Cap Limit: 270
  [UNCAPPED] Pred: 127266210 | TP: 3     | FP: 127266207 | TN: 1343801459 | FN: 1    
  [CAPPED]   Pred: 270     | TP: 0     | FP: 270     | TN: 1471067396 | FN: 4    

Snap 225 | CAPPED | True Edges: 0 | Cap Limit: 235
  [UNCAPPED] Pred: 126103588 | TP: 0     | FP: 126103588 | TN: 1344964082 | FN: 0    
  [CAPPED]   Pred: 235     | TP: 0     | FP: 235     | TN: 1471067435 | FN: 0    

Snap 226 | CAPPED | True Edges: 2 | Cap Limit: 110
  [UNCAPPED] Pred: 125900462 | TP: 0     | FP: 125900462 | TN: 1345167206 | FN: 2    
  [CAPPED]   Pred: 110     | TP: 0     | FP: 110     | TN: 1471067558 | FN: 2    

Snap 227 | CAPPED | True Edges: 1 | Cap Limit: 275
  [UNCAPPED] Pred: 125407872 | TP: 1     | FP: 125407871 | TN: 1345659798 | FN: 0    
  [CAPPED]   Pred: 275     | TP: 0     | FP: 275     | TN: 1471067394 | FN: 1    

Snap 228 | CAPPED | True Edges: 4 | Cap Limit: 315
  [UNCAPPED] Pred: 124581774 | TP: 3     | FP: 124581771 | TN: 1346485895 | FN: 1    
  [CAPPED]   Pred: 315     | TP: 0     | FP: 315     | TN: 1471067351 | FN: 4    

Snap 229 | CAPPED | True Edges: 9 | Cap Limit: 225
  [UNCAPPED] Pred: 124756188 | TP: 9     | FP: 124756179 | TN: 1346311482 | FN: 0    
  [CAPPED]   Pred: 225     | TP: 0     | FP: 225     | TN: 1471067436 | FN: 9    

Snap 230 | CAPPED | True Edges: 3 | Cap Limit: 550
  [UNCAPPED] Pred: 125398772 | TP: 2     | FP: 125398770 | TN: 1345668897 | FN: 1    
  [CAPPED]   Pred: 550     | TP: 0     | FP: 550     | TN: 1471067117 | FN: 3    

Snap 231 | CAPPED | True Edges: 13 | Cap Limit: 700
  [UNCAPPED] Pred: 125485418 | TP: 13    | FP: 125485405 | TN: 1345582252 | FN: 0    
  [CAPPED]   Pred: 700     | TP: 0     | FP: 700     | TN: 1471066957 | FN: 13   

Snap 232 | CAPPED | True Edges: 3 | Cap Limit: 665
  [UNCAPPED] Pred: 125000698 | TP: 3     | FP: 125000695 | TN: 1346066972 | FN: 0    
  [CAPPED]   Pred: 665     | TP: 0     | FP: 665     | TN: 1471067002 | FN: 3    

Snap 233 | CAPPED | True Edges: 5 | Cap Limit: 460
  [UNCAPPED] Pred: 125094626 | TP: 4     | FP: 125094622 | TN: 1345973043 | FN: 1    
  [CAPPED]   Pred: 460     | TP: 0     | FP: 460     | TN: 1471067205 | FN: 5    

Snap 234 | CAPPED | True Edges: 6 | Cap Limit: 525
  [UNCAPPED] Pred: 125339312 | TP: 6     | FP: 125339306 | TN: 1345728358 | FN: 0    
  [CAPPED]   Pred: 525     | TP: 0     | FP: 525     | TN: 1471067139 | FN: 6    

Snap 235 | CAPPED | True Edges: 4 | Cap Limit: 550
  [UNCAPPED] Pred: 124390158 | TP: 4     | FP: 124390154 | TN: 1346677512 | FN: 0    
  [CAPPED]   Pred: 550     | TP: 0     | FP: 550     | TN: 1471067116 | FN: 4    

Snap 236 | CAPPED | True Edges: 2 | Cap Limit: 335
  [UNCAPPED] Pred: 124185504 | TP: 2     | FP: 124185502 | TN: 1346882166 | FN: 0    
  [CAPPED]   Pred: 335     | TP: 0     | FP: 335     | TN: 1471067333 | FN: 2    

Snap 237 | CAPPED | True Edges: 1 | Cap Limit: 475
  [UNCAPPED] Pred: 123780704 | TP: 1     | FP: 123780703 | TN: 1347286966 | FN: 0    
  [CAPPED]   Pred: 475     | TP: 0     | FP: 475     | TN: 1471067194 | FN: 1    

Snap 238 | CAPPED | True Edges: 6 | Cap Limit: 410
  [UNCAPPED] Pred: 123154074 | TP: 6     | FP: 123154068 | TN: 1347913596 | FN: 0    
  [CAPPED]   Pred: 410     | TP: 0     | FP: 410     | TN: 1471067254 | FN: 6    

Snap 239 | CAPPED | True Edges: 5 | Cap Limit: 305
  [UNCAPPED] Pred: 122536602 | TP: 5     | FP: 122536597 | TN: 1348531068 | FN: 0    
  [CAPPED]   Pred: 305     | TP: 0     | FP: 305     | TN: 1471067360 | FN: 5    

Snap 240 | CAPPED | True Edges: 2 | Cap Limit: 305
  [UNCAPPED] Pred: 122061246 | TP: 2     | FP: 122061244 | TN: 1349006424 | FN: 0    
  [CAPPED]   Pred: 305     | TP: 0     | FP: 305     | TN: 1471067363 | FN: 2    

Snap 241 | CAPPED | True Edges: 10 | Cap Limit: 185
  [UNCAPPED] Pred: 123263246 | TP: 8     | FP: 123263238 | TN: 1347804422 | FN: 2    
  [CAPPED]   Pred: 185     | TP: 0     | FP: 185     | TN: 1471067475 | FN: 10   

Snap 242 | CAPPED | True Edges: 52 | Cap Limit: 805
  [UNCAPPED] Pred: 156825716 | TP: 45    | FP: 156825671 | TN: 1314241947 | FN: 7    
  [CAPPED]   Pred: 805     | TP: 0     | FP: 805     | TN: 1471066813 | FN: 52   

Snap 243 | CAPPED | True Edges: 33 | Cap Limit: 14605
  [UNCAPPED] Pred: 160635080 | TP: 32    | FP: 160635048 | TN: 1310432589 | FN: 1    
  [CAPPED]   Pred: 14605   | TP: 0     | FP: 14605   | TN: 1471053032 | FN: 33   

Snap 244 | CAPPED | True Edges: 104 | Cap Limit: 4245
  [UNCAPPED] Pred: 167338906 | TP: 96    | FP: 167338810 | TN: 1303728756 | FN: 8    
  [CAPPED]   Pred: 4245    | TP: 1     | FP: 4244    | TN: 1471063322 | FN: 103  

Snap 245 | CAPPED | True Edges: 13 | Cap Limit: 14665
  [UNCAPPED] Pred: 166326582 | TP: 12    | FP: 166326570 | TN: 1304741087 | FN: 1    
  [CAPPED]   Pred: 14665   | TP: 0     | FP: 14665   | TN: 1471052992 | FN: 13   

Snap 246 | CAPPED | True Edges: 26 | Cap Limit: 3660
  [UNCAPPED] Pred: 163591946 | TP: 26    | FP: 163591920 | TN: 1307475724 | FN: 0    
  [CAPPED]   Pred: 3660    | TP: 0     | FP: 3660    | TN: 1471063984 | FN: 26   

Snap 247 | CAPPED | True Edges: 12 | Cap Limit: 2800
  [UNCAPPED] Pred: 252580244 | TP: 11    | FP: 252580233 | TN: 1218487425 | FN: 1    
  [CAPPED]   Pred: 2800    | TP: 0     | FP: 2800    | TN: 1471064858 | FN: 12   

Snap 248 | CAPPED | True Edges: 7 | Cap Limit: 20340
  [UNCAPPED] Pred: 261595528 | TP: 4     | FP: 261595524 | TN: 1209472139 | FN: 3    
  [CAPPED]   Pred: 20340   | TP: 0     | FP: 20340   | TN: 1471047323 | FN: 7    

Snap 249 | CAPPED | True Edges: 7 | Cap Limit: 7595
  [UNCAPPED] Pred: 284719802 | TP: 6     | FP: 284719796 | TN: 1186347867 | FN: 1    
  [CAPPED]   Pred: 7595    | TP: 0     | FP: 7595    | TN: 1471060068 | FN: 7    

Snap 250 | CAPPED | True Edges: 2 | Cap Limit: 3350
  [UNCAPPED] Pred: 294141506 | TP: 1     | FP: 294141505 | TN: 1176926163 | FN: 1    
  [CAPPED]   Pred: 3350    | TP: 0     | FP: 3350    | TN: 1471064318 | FN: 2    

Snap 251 | CAPPED | True Edges: 4 | Cap Limit: 2040
  [UNCAPPED] Pred: 313002170 | TP: 1     | FP: 313002169 | TN: 1158065497 | FN: 3    
  [CAPPED]   Pred: 2040    | TP: 0     | FP: 2040    | TN: 1471065626 | FN: 4    

Snap 252 | CAPPED | True Edges: 6 | Cap Limit: 6425
  [UNCAPPED] Pred: 325842312 | TP: 5     | FP: 325842307 | TN: 1145225357 | FN: 1    
  [CAPPED]   Pred: 6425    | TP: 0     | FP: 6425    | TN: 1471061239 | FN: 6    

Snap 253 | CAPPED | True Edges: 5 | Cap Limit: 2535
  [UNCAPPED] Pred: 330773348 | TP: 5     | FP: 330773343 | TN: 1140294322 | FN: 0    
  [CAPPED]   Pred: 2535    | TP: 0     | FP: 2535    | TN: 1471065130 | FN: 5    

Snap 254 | CAPPED | True Edges: 3 | Cap Limit: 1380
  [UNCAPPED] Pred: 338212252 | TP: 2     | FP: 338212250 | TN: 1132855417 | FN: 1    
  [CAPPED]   Pred: 1380    | TP: 0     | FP: 1380    | TN: 1471066287 | FN: 3    

Snap 255 | CAPPED | True Edges: 5 | Cap Limit: 2040
  [UNCAPPED] Pred: 341322366 | TP: 5     | FP: 341322361 | TN: 1129745304 | FN: 0    
  [CAPPED]   Pred: 2040    | TP: 0     | FP: 2040    | TN: 1471065625 | FN: 5    

Snap 256 | CAPPED | True Edges: 2 | Cap Limit: 1435
  [UNCAPPED] Pred: 343243710 | TP: 2     | FP: 343243708 | TN: 1127823960 | FN: 0    
  [CAPPED]   Pred: 1435    | TP: 0     | FP: 1435    | TN: 1471066233 | FN: 2    

Snap 257 | CAPPED | True Edges: 3 | Cap Limit: 1750
  [UNCAPPED] Pred: 341132468 | TP: 3     | FP: 341132465 | TN: 1129935202 | FN: 0    
  [CAPPED]   Pred: 1750    | TP: 0     | FP: 1750    | TN: 1471065917 | FN: 3    

Snap 258 | CAPPED | True Edges: 10 | Cap Limit: 765
  [UNCAPPED] Pred: 339062760 | TP: 9     | FP: 339062751 | TN: 1132004909 | FN: 1    
  [CAPPED]   Pred: 765     | TP: 0     | FP: 765     | TN: 1471066895 | FN: 10   

Snap 259 | CAPPED | True Edges: 0 | Cap Limit: 1800
  [UNCAPPED] Pred: 336925888 | TP: 0     | FP: 336925888 | TN: 1134141782 | FN: 0    
  [CAPPED]   Pred: 1800    | TP: 0     | FP: 1800    | TN: 1471065870 | FN: 0    

Snap 260 | CAPPED | True Edges: 3 | Cap Limit: 525
  [UNCAPPED] Pred: 334773480 | TP: 1     | FP: 334773479 | TN: 1136294188 | FN: 2    
  [CAPPED]   Pred: 525     | TP: 0     | FP: 525     | TN: 1471067142 | FN: 3    

Snap 261 | CAPPED | True Edges: 4 | Cap Limit: 600
  [UNCAPPED] Pred: 333199624 | TP: 2     | FP: 333199622 | TN: 1137868044 | FN: 2    
  [CAPPED]   Pred: 600     | TP: 0     | FP: 600     | TN: 1471067066 | FN: 4    

Snap 262 | CAPPED | True Edges: 4 | Cap Limit: 625
  [UNCAPPED] Pred: 332155844 | TP: 4     | FP: 332155840 | TN: 1138911826 | FN: 0    
  [CAPPED]   Pred: 625     | TP: 0     | FP: 625     | TN: 1471067041 | FN: 4    
Saved 5x-Capped ROLAND sparse graphs to data/output/predicted/ROLAND/networkcentra_128_0.001_3_5_undirected_threshold_5xCap.pkl

--- DATASET: networkcentra (ROLAND) METRICS ---
TRAIN:  Time=299.51s, GPU=1414.00MB, RAM=3144.14MB
THRESH: Time=0.38s, GPU=1414.00MB, RAM=3144.71MB
CONST:  Time=894.48s, GPU=38876.00MB, RAM=4362.57MB

========================================================================
COMPLETED DATASET: networkcentra
========================================================================
========================================================================
STARTING GLOBAL DATASET: networkcindicator
========================================================================
Seed set to: 42
[Checking Graph Integrity for 226 snapshots...]
[Done] Total Snapshots processed: 226

Statistics for networkcindicator:
	Nodes: 34681
	Edges: 59872
	Snaps: 226
	Dur: 1D
--- Training ROLAND (networkcindicator) | Persistence: 15 ---
Epoch 001 | Loss: 0.373012 | Train AUC: 0.9285
Epoch 010 | Loss: 0.288927 | Train AUC: 0.9398
Epoch 020 | Loss: 0.248909 | Train AUC: 0.9494
Epoch 030 | Loss: 0.225058 | Train AUC: 0.9543
Epoch 040 | Loss: 0.206053 | Train AUC: 0.9597
Epoch 050 | Loss: 0.188553 | Train AUC: 0.9644
Epoch 060 | Loss: 0.192736 | Train AUC: 0.9658
Early stopping triggered at epoch 65. Best Loss: 0.188553
--- Probability Distribution Check ---
Positives | Mean: 0.675822 | Std: 0.309303 | Max: 0.999993 | Min: 0.000288
Negatives | Mean: 0.113109 | Std: 0.198365 | Max: 0.996674 | Min: 0.000006
--- Probability Distribution Check ---
Positives | Mean: 0.675822 | Std: 0.309303 | Max: 0.999993 | Min: 0.000288
Negatives | Mean: 0.113109 | Std: 0.198365 | Max: 0.996674 | Min: 0.000006
Optimal Threshold: 0.17 | Sampled Val F1: 0.8587
Loading data for networkcindicator with use_predicted=False, num_back=all, num_buckets=10, use_test_style=None
--- Starting ROLAND Sparse Construction (5x Dynamic Cap) ---

Snap 191 | CAPPED | True Edges: 9 | Cap Limit: 1095
  [UNCAPPED] Pred: 290738480 | TP: 9     | FP: 290738471 | TN: 911998600 | FN: 0    
  [CAPPED]   Pred: 1095    | TP: 0     | FP: 1095    | TN: 1202735976 | FN: 9    

Snap 192 | CAPPED | True Edges: 21 | Cap Limit: 1540
  [UNCAPPED] Pred: 290467938 | TP: 16    | FP: 290467922 | TN: 912269137 | FN: 5    
  [CAPPED]   Pred: 1540    | TP: 0     | FP: 1540    | TN: 1202735519 | FN: 21   

Snap 193 | CAPPED | True Edges: 7 | Cap Limit: 1495
  [UNCAPPED] Pred: 288932246 | TP: 6     | FP: 288932240 | TN: 913804833 | FN: 1    
  [CAPPED]   Pred: 1495    | TP: 0     | FP: 1495    | TN: 1202735578 | FN: 7    

Snap 194 | CAPPED | True Edges: 1 | Cap Limit: 950
  [UNCAPPED] Pred: 287265780 | TP: 1     | FP: 287265779 | TN: 915471300 | FN: 0    
  [CAPPED]   Pred: 950     | TP: 0     | FP: 950     | TN: 1202736129 | FN: 1    

Snap 195 | CAPPED | True Edges: 3 | Cap Limit: 825
  [UNCAPPED] Pred: 286315820 | TP: 3     | FP: 286315817 | TN: 916421260 | FN: 0    
  [CAPPED]   Pred: 825     | TP: 0     | FP: 825     | TN: 1202736252 | FN: 3    

Snap 196 | CAPPED | True Edges: 9 | Cap Limit: 865
  [UNCAPPED] Pred: 285161662 | TP: 6     | FP: 285161656 | TN: 917575415 | FN: 3    
  [CAPPED]   Pred: 865     | TP: 0     | FP: 865     | TN: 1202736206 | FN: 9    

Snap 197 | CAPPED | True Edges: 3 | Cap Limit: 845
  [UNCAPPED] Pred: 282912016 | TP: 2     | FP: 282912014 | TN: 919825063 | FN: 1    
  [CAPPED]   Pred: 845     | TP: 0     | FP: 845     | TN: 1202736232 | FN: 3    

Snap 198 | CAPPED | True Edges: 4 | Cap Limit: 585
  [UNCAPPED] Pred: 281733230 | TP: 4     | FP: 281733226 | TN: 921003850 | FN: 0    
  [CAPPED]   Pred: 585     | TP: 0     | FP: 585     | TN: 1202736491 | FN: 4    

Snap 199 | CAPPED | True Edges: 10 | Cap Limit: 560
  [UNCAPPED] Pred: 280471620 | TP: 7     | FP: 280471613 | TN: 922265457 | FN: 3    
  [CAPPED]   Pred: 560     | TP: 0     | FP: 560     | TN: 1202736510 | FN: 10   

Snap 200 | CAPPED | True Edges: 4 | Cap Limit: 760
  [UNCAPPED] Pred: 279723160 | TP: 4     | FP: 279723156 | TN: 923013920 | FN: 0    
  [CAPPED]   Pred: 760     | TP: 0     | FP: 760     | TN: 1202736316 | FN: 4    

Snap 201 | CAPPED | True Edges: 4 | Cap Limit: 690
  [UNCAPPED] Pred: 278086062 | TP: 4     | FP: 278086058 | TN: 924651018 | FN: 0    
  [CAPPED]   Pred: 690     | TP: 0     | FP: 690     | TN: 1202736386 | FN: 4    

Snap 202 | CAPPED | True Edges: 4 | Cap Limit: 645
  [UNCAPPED] Pred: 277511070 | TP: 4     | FP: 277511066 | TN: 925226010 | FN: 0    
  [CAPPED]   Pred: 645     | TP: 0     | FP: 645     | TN: 1202736431 | FN: 4    

Snap 203 | CAPPED | True Edges: 7 | Cap Limit: 855
  [UNCAPPED] Pred: 275938796 | TP: 6     | FP: 275938790 | TN: 926798283 | FN: 1    
  [CAPPED]   Pred: 855     | TP: 0     | FP: 855     | TN: 1202736218 | FN: 7    

Snap 204 | CAPPED | True Edges: 10 | Cap Limit: 605
  [UNCAPPED] Pred: 275533826 | TP: 8     | FP: 275533818 | TN: 927203252 | FN: 2    
  [CAPPED]   Pred: 605     | TP: 0     | FP: 605     | TN: 1202736465 | FN: 10   

Snap 205 | CAPPED | True Edges: 17 | Cap Limit: 800
  [UNCAPPED] Pred: 274459478 | TP: 16    | FP: 274459462 | TN: 928277601 | FN: 1    
  [CAPPED]   Pred: 800     | TP: 1     | FP: 799     | TN: 1202736264 | FN: 16   

Snap 206 | CAPPED | True Edges: 6 | Cap Limit: 935
  [UNCAPPED] Pred: 273437880 | TP: 6     | FP: 273437874 | TN: 929299200 | FN: 0    
  [CAPPED]   Pred: 935     | TP: 0     | FP: 935     | TN: 1202736139 | FN: 6    

Snap 207 | CAPPED | True Edges: 10 | Cap Limit: 610
  [UNCAPPED] Pred: 272477282 | TP: 9     | FP: 272477273 | TN: 930259797 | FN: 1    
  [CAPPED]   Pred: 610     | TP: 0     | FP: 610     | TN: 1202736460 | FN: 10   

Snap 208 | CAPPED | True Edges: 6 | Cap Limit: 725
  [UNCAPPED] Pred: 271172488 | TP: 6     | FP: 271172482 | TN: 931564592 | FN: 0    
  [CAPPED]   Pred: 725     | TP: 0     | FP: 725     | TN: 1202736349 | FN: 6    

Snap 209 | CAPPED | True Edges: 5 | Cap Limit: 505
  [UNCAPPED] Pred: 270442346 | TP: 5     | FP: 270442341 | TN: 932294734 | FN: 0    
  [CAPPED]   Pred: 505     | TP: 0     | FP: 505     | TN: 1202736570 | FN: 5    

Snap 210 | CAPPED | True Edges: 5 | Cap Limit: 530
  [UNCAPPED] Pred: 270818264 | TP: 5     | FP: 270818259 | TN: 931918816 | FN: 0    
  [CAPPED]   Pred: 530     | TP: 0     | FP: 530     | TN: 1202736545 | FN: 5    

Snap 211 | CAPPED | True Edges: 8 | Cap Limit: 620
  [UNCAPPED] Pred: 270047442 | TP: 7     | FP: 270047435 | TN: 932689637 | FN: 1    
  [CAPPED]   Pred: 620     | TP: 1     | FP: 619     | TN: 1202736453 | FN: 7    

Snap 212 | CAPPED | True Edges: 10 | Cap Limit: 680
  [UNCAPPED] Pred: 269947656 | TP: 10    | FP: 269947646 | TN: 932789424 | FN: 0    
  [CAPPED]   Pred: 680     | TP: 0     | FP: 680     | TN: 1202736390 | FN: 10   

Snap 213 | CAPPED | True Edges: 4 | Cap Limit: 745
  [UNCAPPED] Pred: 269966614 | TP: 3     | FP: 269966611 | TN: 932770465 | FN: 1    
  [CAPPED]   Pred: 745     | TP: 0     | FP: 745     | TN: 1202736331 | FN: 4    

Snap 214 | CAPPED | True Edges: 16 | Cap Limit: 805
  [UNCAPPED] Pred: 271210344 | TP: 15    | FP: 271210329 | TN: 931526735 | FN: 1    
  [CAPPED]   Pred: 805     | TP: 0     | FP: 805     | TN: 1202736259 | FN: 16   

Snap 215 | CAPPED | True Edges: 6 | Cap Limit: 1280
  [UNCAPPED] Pred: 270198756 | TP: 6     | FP: 270198750 | TN: 932538324 | FN: 0    
  [CAPPED]   Pred: 1280    | TP: 1     | FP: 1279    | TN: 1202735795 | FN: 5    

Snap 216 | CAPPED | True Edges: 6 | Cap Limit: 860
  [UNCAPPED] Pred: 269233432 | TP: 6     | FP: 269233426 | TN: 933503648 | FN: 0    
  [CAPPED]   Pred: 860     | TP: 1     | FP: 859     | TN: 1202736215 | FN: 5    

Snap 217 | CAPPED | True Edges: 4 | Cap Limit: 680
  [UNCAPPED] Pred: 268696698 | TP: 4     | FP: 268696694 | TN: 934040382 | FN: 0    
  [CAPPED]   Pred: 680     | TP: 0     | FP: 680     | TN: 1202736396 | FN: 4    

Snap 218 | CAPPED | True Edges: 2 | Cap Limit: 775
  [UNCAPPED] Pred: 268424632 | TP: 2     | FP: 268424630 | TN: 934312448 | FN: 0    
  [CAPPED]   Pred: 775     | TP: 0     | FP: 775     | TN: 1202736303 | FN: 2    

Snap 219 | CAPPED | True Edges: 4 | Cap Limit: 775
  [UNCAPPED] Pred: 268003306 | TP: 4     | FP: 268003302 | TN: 934733774 | FN: 0    
  [CAPPED]   Pred: 775     | TP: 1     | FP: 774     | TN: 1202736302 | FN: 3    

Snap 220 | CAPPED | True Edges: 12 | Cap Limit: 800
  [UNCAPPED] Pred: 267428160 | TP: 11    | FP: 267428149 | TN: 935308919 | FN: 1    
  [CAPPED]   Pred: 800     | TP: 0     | FP: 800     | TN: 1202736268 | FN: 12   

Snap 221 | CAPPED | True Edges: 12 | Cap Limit: 910
  [UNCAPPED] Pred: 267537724 | TP: 9     | FP: 267537715 | TN: 935199353 | FN: 3    
  [CAPPED]   Pred: 910     | TP: 0     | FP: 910     | TN: 1202736158 | FN: 12   

Snap 222 | CAPPED | True Edges: 6 | Cap Limit: 1235
  [UNCAPPED] Pred: 267357916 | TP: 6     | FP: 267357910 | TN: 935379164 | FN: 0    
  [CAPPED]   Pred: 1235    | TP: 1     | FP: 1234    | TN: 1202735840 | FN: 5    

Snap 223 | CAPPED | True Edges: 2 | Cap Limit: 955
  [UNCAPPED] Pred: 267096024 | TP: 2     | FP: 267096022 | TN: 935641056 | FN: 0    
  [CAPPED]   Pred: 955     | TP: 0     | FP: 955     | TN: 1202736123 | FN: 2    

Snap 224 | CAPPED | True Edges: 9 | Cap Limit: 850
  [UNCAPPED] Pred: 267091880 | TP: 8     | FP: 267091872 | TN: 935645199 | FN: 1    
  [CAPPED]   Pred: 850     | TP: 0     | FP: 850     | TN: 1202736221 | FN: 9    
Saved 5x-Capped ROLAND sparse graphs to data/output/predicted/ROLAND/networkcindicator_128_0.001_3_5_undirected_threshold_5xCap.pkl

--- DATASET: networkcindicator (ROLAND) METRICS ---
TRAIN:  Time=267.85s, GPU=1268.00MB, RAM=4929.82MB
THRESH: Time=0.31s, GPU=1268.00MB, RAM=4930.45MB
CONST:  Time=770.92s, GPU=35140.00MB, RAM=3986.79MB

========================================================================
COMPLETED DATASET: networkcindicator
========================================================================
========================================================================
STARTING GLOBAL DATASET: networkcoindash
========================================================================
Seed set to: 42
[Checking Graph Integrity for 274 snapshots...]
[Done] Total Snapshots processed: 274

Statistics for networkcoindash:
	Nodes: 36205
	Edges: 73310
	Snaps: 274
	Dur: 1D
--- Training ROLAND (networkcoindash) | Persistence: 15 ---
Epoch 001 | Loss: 0.247956 | Train AUC: 0.9657
Epoch 010 | Loss: 0.200497 | Train AUC: 0.9783
Epoch 020 | Loss: 0.204551 | Train AUC: 0.9751
Epoch 030 | Loss: 0.195673 | Train AUC: 0.9774
Epoch 040 | Loss: 0.178209 | Train AUC: 0.9819
Epoch 050 | Loss: 0.177158 | Train AUC: 0.9814
Epoch 060 | Loss: 0.172614 | Train AUC: 0.9829
Epoch 070 | Loss: 0.176032 | Train AUC: 0.9815
Epoch 080 | Loss: 0.158945 | Train AUC: 0.9844
Epoch 090 | Loss: 0.152595 | Train AUC: 0.9854
Epoch 100 | Loss: 0.149790 | Train AUC: 0.9871
Epoch 110 | Loss: 0.144712 | Train AUC: 0.9871
Epoch 120 | Loss: 0.138260 | Train AUC: 0.9880
Epoch 130 | Loss: 0.137697 | Train AUC: 0.9881
Epoch 140 | Loss: 0.130918 | Train AUC: 0.9888
Epoch 150 | Loss: 0.130847 | Train AUC: 0.9892
Epoch 160 | Loss: 0.126015 | Train AUC: 0.9895
Epoch 170 | Loss: 0.122218 | Train AUC: 0.9901
Epoch 180 | Loss: 0.119030 | Train AUC: 0.9907
Early stopping triggered at epoch 184. Best Loss: 0.117318
--- Probability Distribution Check ---
Positives | Mean: 0.782234 | Std: 0.364621 | Max: 1.000000 | Min: 0.000019
Negatives | Mean: 0.061037 | Std: 0.167013 | Max: 1.000000 | Min: 0.000000
--- Probability Distribution Check ---
Positives | Mean: 0.782234 | Std: 0.364621 | Max: 1.000000 | Min: 0.000019
Negatives | Mean: 0.061037 | Std: 0.167013 | Max: 1.000000 | Min: 0.000000
Optimal Threshold: 0.04 | Sampled Val F1: 0.8717
Loading data for networkcoindash with use_predicted=False, num_back=all, num_buckets=10, use_test_style=None
--- Starting ROLAND Sparse Construction (5x Dynamic Cap) ---

Snap 231 | CAPPED | True Edges: 2 | Cap Limit: 215
  [UNCAPPED] Pred: 313060626 | TP: 2     | FP: 313060624 | TN: 997705194 | FN: 0    
  [CAPPED]   Pred: 215     | TP: 0     | FP: 215     | TN: 1310765603 | FN: 2    

Snap 232 | CAPPED | True Edges: 3 | Cap Limit: 295
  [UNCAPPED] Pred: 312231444 | TP: 2     | FP: 312231442 | TN: 998534375 | FN: 1    
  [CAPPED]   Pred: 295     | TP: 0     | FP: 295     | TN: 1310765522 | FN: 3    

Snap 233 | CAPPED | True Edges: 3 | Cap Limit: 315
  [UNCAPPED] Pred: 311531524 | TP: 3     | FP: 311531521 | TN: 999234296 | FN: 0    
  [CAPPED]   Pred: 315     | TP: 0     | FP: 315     | TN: 1310765502 | FN: 3    

Snap 234 | CAPPED | True Edges: 0 | Cap Limit: 385
  [UNCAPPED] Pred: 310697940 | TP: 0     | FP: 310697940 | TN: 1000067880 | FN: 0    
  [CAPPED]   Pred: 385     | TP: 0     | FP: 385     | TN: 1310765435 | FN: 0    

Snap 235 | CAPPED | True Edges: 0 | Cap Limit: 300
  [UNCAPPED] Pred: 309937844 | TP: 0     | FP: 309937844 | TN: 1000827976 | FN: 0    
  [CAPPED]   Pred: 300     | TP: 0     | FP: 300     | TN: 1310765520 | FN: 0    

Snap 236 | CAPPED | True Edges: 1 | Cap Limit: 160
  [UNCAPPED] Pred: 309276538 | TP: 0     | FP: 309276538 | TN: 1001489281 | FN: 1    
  [CAPPED]   Pred: 160     | TP: 0     | FP: 160     | TN: 1310765659 | FN: 1    

Snap 237 | CAPPED | True Edges: 2 | Cap Limit: 300
  [UNCAPPED] Pred: 308591454 | TP: 1     | FP: 308591453 | TN: 1002174365 | FN: 1    
  [CAPPED]   Pred: 300     | TP: 0     | FP: 300     | TN: 1310765518 | FN: 2    

Snap 238 | CAPPED | True Edges: 2 | Cap Limit: 240
  [UNCAPPED] Pred: 307586538 | TP: 2     | FP: 307586536 | TN: 1003179282 | FN: 0    
  [CAPPED]   Pred: 240     | TP: 0     | FP: 240     | TN: 1310765578 | FN: 2    

Snap 239 | CAPPED | True Edges: 4 | Cap Limit: 215
  [UNCAPPED] Pred: 307242976 | TP: 3     | FP: 307242973 | TN: 1003522843 | FN: 1    
  [CAPPED]   Pred: 215     | TP: 0     | FP: 215     | TN: 1310765601 | FN: 4    

Snap 240 | CAPPED | True Edges: 2 | Cap Limit: 450
  [UNCAPPED] Pred: 306306334 | TP: 2     | FP: 306306332 | TN: 1004459486 | FN: 0    
  [CAPPED]   Pred: 450     | TP: 0     | FP: 450     | TN: 1310765368 | FN: 2    

Snap 241 | CAPPED | True Edges: 1 | Cap Limit: 350
  [UNCAPPED] Pred: 305758480 | TP: 1     | FP: 305758479 | TN: 1005007340 | FN: 0    
  [CAPPED]   Pred: 350     | TP: 0     | FP: 350     | TN: 1310765469 | FN: 1    

Snap 242 | CAPPED | True Edges: 1 | Cap Limit: 270
  [UNCAPPED] Pred: 305055706 | TP: 1     | FP: 305055705 | TN: 1005710114 | FN: 0    
  [CAPPED]   Pred: 270     | TP: 0     | FP: 270     | TN: 1310765549 | FN: 1    

Snap 243 | CAPPED | True Edges: 9 | Cap Limit: 280
  [UNCAPPED] Pred: 304687008 | TP: 9     | FP: 304686999 | TN: 1006078812 | FN: 0    
  [CAPPED]   Pred: 280     | TP: 0     | FP: 280     | TN: 1310765531 | FN: 9    

Snap 244 | CAPPED | True Edges: 5 | Cap Limit: 495
  [UNCAPPED] Pred: 303770628 | TP: 5     | FP: 303770623 | TN: 1006995192 | FN: 0    
  [CAPPED]   Pred: 495     | TP: 0     | FP: 495     | TN: 1310765320 | FN: 5    

Snap 245 | CAPPED | True Edges: 0 | Cap Limit: 405
  [UNCAPPED] Pred: 303290620 | TP: 0     | FP: 303290620 | TN: 1007475200 | FN: 0    
  [CAPPED]   Pred: 405     | TP: 0     | FP: 405     | TN: 1310765415 | FN: 0    

Snap 246 | CAPPED | True Edges: 2 | Cap Limit: 230
  [UNCAPPED] Pred: 302237612 | TP: 2     | FP: 302237610 | TN: 1008528208 | FN: 0    
  [CAPPED]   Pred: 230     | TP: 0     | FP: 230     | TN: 1310765588 | FN: 2    

Snap 247 | CAPPED | True Edges: 4 | Cap Limit: 185
  [UNCAPPED] Pred: 301813442 | TP: 4     | FP: 301813438 | TN: 1008952378 | FN: 0    
  [CAPPED]   Pred: 185     | TP: 0     | FP: 185     | TN: 1310765631 | FN: 4    

Snap 248 | CAPPED | True Edges: 0 | Cap Limit: 315
  [UNCAPPED] Pred: 300958278 | TP: 0     | FP: 300958278 | TN: 1009807542 | FN: 0    
  [CAPPED]   Pred: 315     | TP: 0     | FP: 315     | TN: 1310765505 | FN: 0    

Snap 249 | CAPPED | True Edges: 1 | Cap Limit: 210
  [UNCAPPED] Pred: 300389380 | TP: 0     | FP: 300389380 | TN: 1010376439 | FN: 1    
  [CAPPED]   Pred: 210     | TP: 0     | FP: 210     | TN: 1310765609 | FN: 1    

Snap 250 | CAPPED | True Edges: 0 | Cap Limit: 180
  [UNCAPPED] Pred: 299466220 | TP: 0     | FP: 299466220 | TN: 1011299600 | FN: 0    
  [CAPPED]   Pred: 180     | TP: 0     | FP: 180     | TN: 1310765640 | FN: 0    

Snap 251 | CAPPED | True Edges: 0 | Cap Limit: 235
  [UNCAPPED] Pred: 298936956 | TP: 0     | FP: 298936956 | TN: 1011828864 | FN: 0    
  [CAPPED]   Pred: 235     | TP: 0     | FP: 235     | TN: 1310765585 | FN: 0    

Snap 252 | CAPPED | True Edges: 1 | Cap Limit: 105
  [UNCAPPED] Pred: 298076448 | TP: 1     | FP: 298076447 | TN: 1012689372 | FN: 0    
  [CAPPED]   Pred: 105     | TP: 0     | FP: 105     | TN: 1310765714 | FN: 1    

Snap 253 | CAPPED | True Edges: 2 | Cap Limit: 155
  [UNCAPPED] Pred: 297548880 | TP: 1     | FP: 297548879 | TN: 1013216939 | FN: 1    
  [CAPPED]   Pred: 155     | TP: 0     | FP: 155     | TN: 1310765663 | FN: 2    

Snap 254 | CAPPED | True Edges: 7 | Cap Limit: 305
  [UNCAPPED] Pred: 296959656 | TP: 6     | FP: 296959650 | TN: 1013806163 | FN: 1    
  [CAPPED]   Pred: 305     | TP: 0     | FP: 305     | TN: 1310765508 | FN: 7    

Snap 255 | CAPPED | True Edges: 2 | Cap Limit: 220
  [UNCAPPED] Pred: 296442020 | TP: 1     | FP: 296442019 | TN: 1014323799 | FN: 1    
  [CAPPED]   Pred: 220     | TP: 0     | FP: 220     | TN: 1310765598 | FN: 2    

Snap 256 | CAPPED | True Edges: 1 | Cap Limit: 130
  [UNCAPPED] Pred: 295644318 | TP: 1     | FP: 295644317 | TN: 1015121502 | FN: 0    
  [CAPPED]   Pred: 130     | TP: 0     | FP: 130     | TN: 1310765689 | FN: 1    

Snap 257 | CAPPED | True Edges: 4 | Cap Limit: 175
  [UNCAPPED] Pred: 295263576 | TP: 4     | FP: 295263572 | TN: 1015502244 | FN: 0    
  [CAPPED]   Pred: 175     | TP: 0     | FP: 175     | TN: 1310765641 | FN: 4    

Snap 258 | CAPPED | True Edges: 3 | Cap Limit: 290
  [UNCAPPED] Pred: 294619944 | TP: 3     | FP: 294619941 | TN: 1016145876 | FN: 0    
  [CAPPED]   Pred: 290     | TP: 0     | FP: 290     | TN: 1310765527 | FN: 3    

Snap 259 | CAPPED | True Edges: 2 | Cap Limit: 235
  [UNCAPPED] Pred: 293968360 | TP: 2     | FP: 293968358 | TN: 1016797460 | FN: 0    
  [CAPPED]   Pred: 235     | TP: 0     | FP: 235     | TN: 1310765583 | FN: 2    

Snap 260 | CAPPED | True Edges: 7 | Cap Limit: 235
  [UNCAPPED] Pred: 293328146 | TP: 7     | FP: 293328139 | TN: 1017437674 | FN: 0    
  [CAPPED]   Pred: 235     | TP: 0     | FP: 235     | TN: 1310765578 | FN: 7    

Snap 261 | CAPPED | True Edges: 8 | Cap Limit: 245
  [UNCAPPED] Pred: 292836938 | TP: 7     | FP: 292836931 | TN: 1017928881 | FN: 1    
  [CAPPED]   Pred: 245     | TP: 0     | FP: 245     | TN: 1310765567 | FN: 8    

Snap 262 | CAPPED | True Edges: 4 | Cap Limit: 405
  [UNCAPPED] Pred: 292389610 | TP: 3     | FP: 292389607 | TN: 1018376209 | FN: 1    
  [CAPPED]   Pred: 405     | TP: 0     | FP: 405     | TN: 1310765411 | FN: 4    

Snap 263 | CAPPED | True Edges: 4 | Cap Limit: 585
  [UNCAPPED] Pred: 291877680 | TP: 3     | FP: 291877677 | TN: 1018888139 | FN: 1    
  [CAPPED]   Pred: 585     | TP: 0     | FP: 585     | TN: 1310765231 | FN: 4    

Snap 264 | CAPPED | True Edges: 2 | Cap Limit: 400
  [UNCAPPED] Pred: 290936044 | TP: 2     | FP: 290936042 | TN: 1019829776 | FN: 0    
  [CAPPED]   Pred: 400     | TP: 0     | FP: 400     | TN: 1310765418 | FN: 2    

Snap 265 | CAPPED | True Edges: 1 | Cap Limit: 400
  [UNCAPPED] Pred: 290258664 | TP: 0     | FP: 290258664 | TN: 1020507155 | FN: 1    
  [CAPPED]   Pred: 400     | TP: 0     | FP: 400     | TN: 1310765419 | FN: 1    

Snap 266 | CAPPED | True Edges: 1 | Cap Limit: 305
  [UNCAPPED] Pred: 289483354 | TP: 1     | FP: 289483353 | TN: 1021282466 | FN: 0    
  [CAPPED]   Pred: 305     | TP: 0     | FP: 305     | TN: 1310765514 | FN: 1    

Snap 267 | CAPPED | True Edges: 1 | Cap Limit: 605
  [UNCAPPED] Pred: 288883658 | TP: 1     | FP: 288883657 | TN: 1021882162 | FN: 0    
  [CAPPED]   Pred: 605     | TP: 0     | FP: 605     | TN: 1310765214 | FN: 1    

Snap 268 | CAPPED | True Edges: 4 | Cap Limit: 840
  [UNCAPPED] Pred: 288245282 | TP: 2     | FP: 288245280 | TN: 1022520536 | FN: 2    
  [CAPPED]   Pred: 840     | TP: 0     | FP: 840     | TN: 1310764976 | FN: 4    

Snap 269 | CAPPED | True Edges: 0 | Cap Limit: 620
  [UNCAPPED] Pred: 288004380 | TP: 0     | FP: 288004380 | TN: 1022761440 | FN: 0    
  [CAPPED]   Pred: 620     | TP: 0     | FP: 620     | TN: 1310765200 | FN: 0    

Snap 270 | CAPPED | True Edges: 7 | Cap Limit: 535
  [UNCAPPED] Pred: 287350160 | TP: 7     | FP: 287350153 | TN: 1023415660 | FN: 0    
  [CAPPED]   Pred: 535     | TP: 0     | FP: 535     | TN: 1310765278 | FN: 7    

Snap 271 | CAPPED | True Edges: 1 | Cap Limit: 525
  [UNCAPPED] Pred: 286640702 | TP: 0     | FP: 286640702 | TN: 1024125117 | FN: 1    
  [CAPPED]   Pred: 525     | TP: 0     | FP: 525     | TN: 1310765294 | FN: 1    

Snap 272 | CAPPED | True Edges: 6 | Cap Limit: 980
  [UNCAPPED] Pred: 286040014 | TP: 4     | FP: 286040010 | TN: 1024725804 | FN: 2    
  [CAPPED]   Pred: 980     | TP: 0     | FP: 980     | TN: 1310764834 | FN: 6    
Saved 5x-Capped ROLAND sparse graphs to data/output/predicted/ROLAND/networkcoindash_128_0.001_3_5_undirected_threshold_5xCap.pkl

--- DATASET: networkcoindash (ROLAND) METRICS ---
TRAIN:  Time=937.56s, GPU=1326.00MB, RAM=3367.66MB
THRESH: Time=1.04s, GPU=1326.00MB, RAM=3368.31MB
CONST:  Time=1018.54s, GPU=36686.00MB, RAM=4454.93MB

========================================================================
COMPLETED DATASET: networkcoindash
========================================================================
========================================================================
STARTING GLOBAL DATASET: networkdgd
========================================================================
Seed set to: 42
[Checking Graph Integrity for 725 snapshots...]
[Done] Total Snapshots processed: 725

Statistics for networkdgd:
	Nodes: 21297
	Edges: 44830
	Snaps: 725
	Dur: 1D
--- Training ROLAND (networkdgd) | Persistence: 15 ---
Epoch 001 | Loss: 0.159255 | Train AUC: 0.9898
Epoch 010 | Loss: 0.115576 | Train AUC: 0.9925
Epoch 020 | Loss: 0.115992 | Train AUC: 0.9918
Early stopping triggered at epoch 20. Best Loss: 0.106313
--- Probability Distribution Check ---
Positives | Mean: 0.560829 | Std: 0.399924 | Max: 0.999978 | Min: 0.000190
Negatives | Mean: 0.043096 | Std: 0.114287 | Max: 0.996874 | Min: 0.000008
--- Probability Distribution Check ---
Positives | Mean: 0.560829 | Std: 0.399924 | Max: 0.999978 | Min: 0.000190
Negatives | Mean: 0.043096 | Std: 0.114287 | Max: 0.996874 | Min: 0.000008
Optimal Threshold: 0.04 | Sampled Val F1: 0.8377
Loading data for networkdgd with use_predicted=False, num_back=all, num_buckets=10, use_test_style=None
--- Starting ROLAND Sparse Construction (5x Dynamic Cap) ---

Snap 615 | CAPPED | True Edges: 10 | Cap Limit: 370
  [UNCAPPED] Pred: 122052128 | TP: 10    | FP: 122052118 | TN: 331488784 | FN: 0    
  [CAPPED]   Pred: 370     | TP: 0     | FP: 370     | TN: 453540532 | FN: 10   

Snap 616 | CAPPED | True Edges: 39 | Cap Limit: 495
  [UNCAPPED] Pred: 124753492 | TP: 35    | FP: 124753457 | TN: 328787416 | FN: 4    
  [CAPPED]   Pred: 495     | TP: 0     | FP: 495     | TN: 453540378 | FN: 39   

Snap 617 | CAPPED | True Edges: 29 | Cap Limit: 955
  [UNCAPPED] Pred: 126446778 | TP: 22    | FP: 126446756 | TN: 327094127 | FN: 7    
  [CAPPED]   Pred: 955     | TP: 0     | FP: 955     | TN: 453539928 | FN: 29   

Snap 618 | CAPPED | True Edges: 34 | Cap Limit: 1015
  [UNCAPPED] Pred: 127350066 | TP: 23    | FP: 127350043 | TN: 326190835 | FN: 11   
  [CAPPED]   Pred: 1015    | TP: 0     | FP: 1015    | TN: 453539863 | FN: 34   

Snap 619 | CAPPED | True Edges: 47 | Cap Limit: 850
  [UNCAPPED] Pred: 131116494 | TP: 39    | FP: 131116455 | TN: 322424410 | FN: 8    
  [CAPPED]   Pred: 850     | TP: 0     | FP: 850     | TN: 453540015 | FN: 47   

Snap 620 | CAPPED | True Edges: 45 | Cap Limit: 1480
  [UNCAPPED] Pred: 132244860 | TP: 35    | FP: 132244825 | TN: 321296042 | FN: 10   
  [CAPPED]   Pred: 1480    | TP: 0     | FP: 1480    | TN: 453539387 | FN: 45   

Snap 621 | CAPPED | True Edges: 9 | Cap Limit: 1190
  [UNCAPPED] Pred: 132202824 | TP: 7     | FP: 132202817 | TN: 321338086 | FN: 2    
  [CAPPED]   Pred: 1190    | TP: 0     | FP: 1190    | TN: 453539713 | FN: 9    

Snap 622 | CAPPED | True Edges: 15 | Cap Limit: 670
  [UNCAPPED] Pred: 132815634 | TP: 12    | FP: 132815622 | TN: 320725275 | FN: 3    
  [CAPPED]   Pred: 670     | TP: 0     | FP: 670     | TN: 453540227 | FN: 15   

Snap 623 | CAPPED | True Edges: 28 | Cap Limit: 685
  [UNCAPPED] Pred: 143538494 | TP: 24    | FP: 143538470 | TN: 310002414 | FN: 4    
  [CAPPED]   Pred: 685     | TP: 0     | FP: 685     | TN: 453540199 | FN: 28   

Snap 624 | CAPPED | True Edges: 11 | Cap Limit: 2465
  [UNCAPPED] Pred: 145023336 | TP: 10    | FP: 145023326 | TN: 308517575 | FN: 1    
  [CAPPED]   Pred: 2465    | TP: 0     | FP: 2465    | TN: 453538436 | FN: 11   

Snap 625 | CAPPED | True Edges: 9 | Cap Limit: 1225
  [UNCAPPED] Pred: 145787512 | TP: 4     | FP: 145787508 | TN: 307753395 | FN: 5    
  [CAPPED]   Pred: 1225    | TP: 0     | FP: 1225    | TN: 453539678 | FN: 9    

Snap 626 | CAPPED | True Edges: 22 | Cap Limit: 850
  [UNCAPPED] Pred: 145073070 | TP: 16    | FP: 145073054 | TN: 308467836 | FN: 6    
  [CAPPED]   Pred: 850     | TP: 0     | FP: 850     | TN: 453540040 | FN: 22   

Snap 627 | CAPPED | True Edges: 18 | Cap Limit: 615
  [UNCAPPED] Pred: 144853750 | TP: 10    | FP: 144853740 | TN: 308687154 | FN: 8    
  [CAPPED]   Pred: 615     | TP: 0     | FP: 615     | TN: 453540279 | FN: 18   

Snap 628 | CAPPED | True Edges: 14 | Cap Limit: 660
  [UNCAPPED] Pred: 145201802 | TP: 9     | FP: 145201793 | TN: 308339105 | FN: 5    
  [CAPPED]   Pred: 660     | TP: 0     | FP: 660     | TN: 453540238 | FN: 14   

Snap 629 | CAPPED | True Edges: 11 | Cap Limit: 720
  [UNCAPPED] Pred: 144791256 | TP: 6     | FP: 144791250 | TN: 308749651 | FN: 5    
  [CAPPED]   Pred: 720     | TP: 0     | FP: 720     | TN: 453540181 | FN: 11   

Snap 630 | CAPPED | True Edges: 10 | Cap Limit: 475
  [UNCAPPED] Pred: 144914994 | TP: 7     | FP: 144914987 | TN: 308625915 | FN: 3    
  [CAPPED]   Pred: 475     | TP: 0     | FP: 475     | TN: 453540427 | FN: 10   

Snap 631 | CAPPED | True Edges: 9 | Cap Limit: 420
  [UNCAPPED] Pred: 144811966 | TP: 5     | FP: 144811961 | TN: 308728942 | FN: 4    
  [CAPPED]   Pred: 420     | TP: 0     | FP: 420     | TN: 453540483 | FN: 9    

Snap 632 | CAPPED | True Edges: 5 | Cap Limit: 500
  [UNCAPPED] Pred: 144706590 | TP: 3     | FP: 144706587 | TN: 308834320 | FN: 2    
  [CAPPED]   Pred: 500     | TP: 0     | FP: 500     | TN: 453540407 | FN: 5    

Snap 633 | CAPPED | True Edges: 14 | Cap Limit: 370
  [UNCAPPED] Pred: 145187224 | TP: 8     | FP: 145187216 | TN: 308353682 | FN: 6    
  [CAPPED]   Pred: 370     | TP: 0     | FP: 370     | TN: 453540528 | FN: 14   

Snap 634 | CAPPED | True Edges: 6 | Cap Limit: 505
  [UNCAPPED] Pred: 144734444 | TP: 5     | FP: 144734439 | TN: 308806467 | FN: 1    
  [CAPPED]   Pred: 505     | TP: 0     | FP: 505     | TN: 453540401 | FN: 6    

Snap 635 | CAPPED | True Edges: 13 | Cap Limit: 310
  [UNCAPPED] Pred: 145130136 | TP: 10    | FP: 145130126 | TN: 308410773 | FN: 3    
  [CAPPED]   Pred: 310     | TP: 0     | FP: 310     | TN: 453540589 | FN: 13   

Snap 636 | CAPPED | True Edges: 32 | Cap Limit: 435
  [UNCAPPED] Pred: 146894596 | TP: 22    | FP: 146894574 | TN: 306646306 | FN: 10   
  [CAPPED]   Pred: 435     | TP: 0     | FP: 435     | TN: 453540445 | FN: 32   

Snap 637 | CAPPED | True Edges: 8 | Cap Limit: 945
  [UNCAPPED] Pred: 146548774 | TP: 5     | FP: 146548769 | TN: 306992135 | FN: 3    
  [CAPPED]   Pred: 945     | TP: 0     | FP: 945     | TN: 453539959 | FN: 8    

Snap 638 | CAPPED | True Edges: 6 | Cap Limit: 410
  [UNCAPPED] Pred: 146464518 | TP: 3     | FP: 146464515 | TN: 307076391 | FN: 3    
  [CAPPED]   Pred: 410     | TP: 0     | FP: 410     | TN: 453540496 | FN: 6    

Snap 639 | CAPPED | True Edges: 6 | Cap Limit: 355
  [UNCAPPED] Pred: 146549838 | TP: 4     | FP: 146549834 | TN: 306991072 | FN: 2    
  [CAPPED]   Pred: 355     | TP: 0     | FP: 355     | TN: 453540551 | FN: 6    

Snap 640 | CAPPED | True Edges: 14 | Cap Limit: 340
  [UNCAPPED] Pred: 146906222 | TP: 7     | FP: 146906215 | TN: 306634683 | FN: 7    
  [CAPPED]   Pred: 340     | TP: 0     | FP: 340     | TN: 453540558 | FN: 14   

Snap 641 | CAPPED | True Edges: 13 | Cap Limit: 550
  [UNCAPPED] Pred: 147826238 | TP: 8     | FP: 147826230 | TN: 305714669 | FN: 5    
  [CAPPED]   Pred: 550     | TP: 0     | FP: 550     | TN: 453540349 | FN: 13   

Snap 642 | CAPPED | True Edges: 32 | Cap Limit: 610
  [UNCAPPED] Pred: 149444998 | TP: 24    | FP: 149444974 | TN: 304095906 | FN: 8    
  [CAPPED]   Pred: 610     | TP: 0     | FP: 610     | TN: 453540270 | FN: 32   

Snap 643 | CAPPED | True Edges: 50 | Cap Limit: 1035
  [UNCAPPED] Pred: 164683388 | TP: 30    | FP: 164683358 | TN: 288857504 | FN: 20   
  [CAPPED]   Pred: 1035    | TP: 0     | FP: 1035    | TN: 453539827 | FN: 50   

Snap 644 | CAPPED | True Edges: 28 | Cap Limit: 4130
  [UNCAPPED] Pred: 163553212 | TP: 17    | FP: 163553195 | TN: 289987689 | FN: 11   
  [CAPPED]   Pred: 4130    | TP: 0     | FP: 4130    | TN: 453536754 | FN: 28   

Snap 645 | CAPPED | True Edges: 14 | Cap Limit: 1600
  [UNCAPPED] Pred: 163349168 | TP: 7     | FP: 163349161 | TN: 290191737 | FN: 7    
  [CAPPED]   Pred: 1600    | TP: 0     | FP: 1600    | TN: 453539298 | FN: 14   

Snap 646 | CAPPED | True Edges: 13 | Cap Limit: 1100
  [UNCAPPED] Pred: 162979432 | TP: 8     | FP: 162979424 | TN: 290561475 | FN: 5    
  [CAPPED]   Pred: 1100    | TP: 0     | FP: 1100    | TN: 453539799 | FN: 13   

Snap 647 | CAPPED | True Edges: 8 | Cap Limit: 1070
  [UNCAPPED] Pred: 162440644 | TP: 5     | FP: 162440639 | TN: 291100265 | FN: 3    
  [CAPPED]   Pred: 1070    | TP: 0     | FP: 1070    | TN: 453539834 | FN: 8    

Snap 648 | CAPPED | True Edges: 14 | Cap Limit: 820
  [UNCAPPED] Pred: 162583506 | TP: 10    | FP: 162583496 | TN: 290957402 | FN: 4    
  [CAPPED]   Pred: 820     | TP: 0     | FP: 820     | TN: 453540078 | FN: 14   

Snap 649 | CAPPED | True Edges: 4 | Cap Limit: 615
  [UNCAPPED] Pred: 161294330 | TP: 4     | FP: 161294326 | TN: 292246582 | FN: 0    
  [CAPPED]   Pred: 615     | TP: 0     | FP: 615     | TN: 453540293 | FN: 4    

Snap 650 | CAPPED | True Edges: 5 | Cap Limit: 280
  [UNCAPPED] Pred: 161686316 | TP: 3     | FP: 161686313 | TN: 291854594 | FN: 2    
  [CAPPED]   Pred: 280     | TP: 0     | FP: 280     | TN: 453540627 | FN: 5    

Snap 651 | CAPPED | True Edges: 2 | Cap Limit: 490
  [UNCAPPED] Pred: 161675282 | TP: 1     | FP: 161675281 | TN: 291865629 | FN: 1    
  [CAPPED]   Pred: 490     | TP: 0     | FP: 490     | TN: 453540420 | FN: 2    

Snap 652 | CAPPED | True Edges: 1 | Cap Limit: 390
  [UNCAPPED] Pred: 161401364 | TP: 1     | FP: 161401363 | TN: 292139548 | FN: 0    
  [CAPPED]   Pred: 390     | TP: 0     | FP: 390     | TN: 453540521 | FN: 1    

Snap 653 | CAPPED | True Edges: 8 | Cap Limit: 335
  [UNCAPPED] Pred: 161662704 | TP: 5     | FP: 161662699 | TN: 291878205 | FN: 3    
  [CAPPED]   Pred: 335     | TP: 0     | FP: 335     | TN: 453540569 | FN: 8    

Snap 654 | CAPPED | True Edges: 4 | Cap Limit: 355
  [UNCAPPED] Pred: 161437224 | TP: 2     | FP: 161437222 | TN: 292103686 | FN: 2    
  [CAPPED]   Pred: 355     | TP: 0     | FP: 355     | TN: 453540553 | FN: 4    

Snap 655 | CAPPED | True Edges: 9 | Cap Limit: 285
  [UNCAPPED] Pred: 161777650 | TP: 6     | FP: 161777644 | TN: 291763259 | FN: 3    
  [CAPPED]   Pred: 285     | TP: 0     | FP: 285     | TN: 453540618 | FN: 9    

Snap 656 | CAPPED | True Edges: 2 | Cap Limit: 455
  [UNCAPPED] Pred: 161784190 | TP: 2     | FP: 161784188 | TN: 291756722 | FN: 0    
  [CAPPED]   Pred: 455     | TP: 0     | FP: 455     | TN: 453540455 | FN: 2    

Snap 657 | CAPPED | True Edges: 3 | Cap Limit: 320
  [UNCAPPED] Pred: 161591656 | TP: 3     | FP: 161591653 | TN: 291949256 | FN: 0    
  [CAPPED]   Pred: 320     | TP: 0     | FP: 320     | TN: 453540589 | FN: 3    

Snap 658 | CAPPED | True Edges: 2 | Cap Limit: 225
  [UNCAPPED] Pred: 161549184 | TP: 2     | FP: 161549182 | TN: 291991728 | FN: 0    
  [CAPPED]   Pred: 225     | TP: 0     | FP: 225     | TN: 453540685 | FN: 2    

Snap 659 | CAPPED | True Edges: 14 | Cap Limit: 240
  [UNCAPPED] Pred: 163319090 | TP: 12    | FP: 163319078 | TN: 290221820 | FN: 2    
  [CAPPED]   Pred: 240     | TP: 0     | FP: 240     | TN: 453540658 | FN: 14   

Snap 660 | CAPPED | True Edges: 3 | Cap Limit: 805
  [UNCAPPED] Pred: 163430170 | TP: 1     | FP: 163430169 | TN: 290110740 | FN: 2    
  [CAPPED]   Pred: 805     | TP: 0     | FP: 805     | TN: 453540104 | FN: 3    

Snap 661 | CAPPED | True Edges: 3 | Cap Limit: 440
  [UNCAPPED] Pred: 163720000 | TP: 1     | FP: 163719999 | TN: 289820910 | FN: 2    
  [CAPPED]   Pred: 440     | TP: 0     | FP: 440     | TN: 453540469 | FN: 3    

Snap 662 | CAPPED | True Edges: 27 | Cap Limit: 420
  [UNCAPPED] Pred: 165761466 | TP: 22    | FP: 165761444 | TN: 287779441 | FN: 5    
  [CAPPED]   Pred: 420     | TP: 0     | FP: 420     | TN: 453540465 | FN: 27   

Snap 663 | CAPPED | True Edges: 8 | Cap Limit: 1075
  [UNCAPPED] Pred: 165677342 | TP: 7     | FP: 165677335 | TN: 287863569 | FN: 1    
  [CAPPED]   Pred: 1075    | TP: 0     | FP: 1075    | TN: 453539829 | FN: 8    

Snap 664 | CAPPED | True Edges: 14 | Cap Limit: 545
  [UNCAPPED] Pred: 166507814 | TP: 13    | FP: 166507801 | TN: 287033097 | FN: 1    
  [CAPPED]   Pred: 545     | TP: 0     | FP: 545     | TN: 453540353 | FN: 14   

Snap 665 | CAPPED | True Edges: 6 | Cap Limit: 635
  [UNCAPPED] Pred: 168590450 | TP: 4     | FP: 168590446 | TN: 284950460 | FN: 2    
  [CAPPED]   Pred: 635     | TP: 0     | FP: 635     | TN: 453540271 | FN: 6    

Snap 666 | CAPPED | True Edges: 8 | Cap Limit: 955
  [UNCAPPED] Pred: 169341736 | TP: 7     | FP: 169341729 | TN: 284199175 | FN: 1    
  [CAPPED]   Pred: 955     | TP: 0     | FP: 955     | TN: 453539949 | FN: 8    

Snap 667 | CAPPED | True Edges: 14 | Cap Limit: 755
  [UNCAPPED] Pred: 170888092 | TP: 8     | FP: 170888084 | TN: 282652814 | FN: 6    
  [CAPPED]   Pred: 755     | TP: 0     | FP: 755     | TN: 453540143 | FN: 14   

Snap 668 | CAPPED | True Edges: 26 | Cap Limit: 990
  [UNCAPPED] Pred: 172701908 | TP: 22    | FP: 172701886 | TN: 280839000 | FN: 4    
  [CAPPED]   Pred: 990     | TP: 0     | FP: 990     | TN: 453539896 | FN: 26   

Snap 669 | CAPPED | True Edges: 43 | Cap Limit: 1125
  [UNCAPPED] Pred: 178922242 | TP: 36    | FP: 178922206 | TN: 274618663 | FN: 7    
  [CAPPED]   Pred: 1125    | TP: 0     | FP: 1125    | TN: 453539744 | FN: 43   

Snap 670 | CAPPED | True Edges: 27 | Cap Limit: 2055
  [UNCAPPED] Pred: 182139382 | TP: 23    | FP: 182139359 | TN: 271401526 | FN: 4    
  [CAPPED]   Pred: 2055    | TP: 0     | FP: 2055    | TN: 453538830 | FN: 27   

Snap 671 | CAPPED | True Edges: 11 | Cap Limit: 1620
  [UNCAPPED] Pred: 181987962 | TP: 9     | FP: 181987953 | TN: 271552948 | FN: 2    
  [CAPPED]   Pred: 1620    | TP: 0     | FP: 1620    | TN: 453539281 | FN: 11   

Snap 672 | CAPPED | True Edges: 12 | Cap Limit: 830
  [UNCAPPED] Pred: 182580428 | TP: 12    | FP: 182580416 | TN: 270960484 | FN: 0    
  [CAPPED]   Pred: 830     | TP: 0     | FP: 830     | TN: 453540070 | FN: 12   

Snap 673 | CAPPED | True Edges: 11 | Cap Limit: 815
  [UNCAPPED] Pred: 183158500 | TP: 9     | FP: 183158491 | TN: 270382410 | FN: 2    
  [CAPPED]   Pred: 815     | TP: 0     | FP: 815     | TN: 453540086 | FN: 11   

Snap 674 | CAPPED | True Edges: 6 | Cap Limit: 765
  [UNCAPPED] Pred: 183212416 | TP: 6     | FP: 183212410 | TN: 270328496 | FN: 0    
  [CAPPED]   Pred: 765     | TP: 0     | FP: 765     | TN: 453540141 | FN: 6    

Snap 675 | CAPPED | True Edges: 11 | Cap Limit: 570
  [UNCAPPED] Pred: 184514698 | TP: 8     | FP: 184514690 | TN: 269026211 | FN: 3    
  [CAPPED]   Pred: 570     | TP: 0     | FP: 570     | TN: 453540331 | FN: 11   

Snap 676 | CAPPED | True Edges: 12 | Cap Limit: 755
  [UNCAPPED] Pred: 184497978 | TP: 9     | FP: 184497969 | TN: 269042931 | FN: 3    
  [CAPPED]   Pred: 755     | TP: 0     | FP: 755     | TN: 453540145 | FN: 12   

Snap 677 | CAPPED | True Edges: 16 | Cap Limit: 540
  [UNCAPPED] Pred: 185754020 | TP: 15    | FP: 185754005 | TN: 267786891 | FN: 1    
  [CAPPED]   Pred: 540     | TP: 0     | FP: 540     | TN: 453540356 | FN: 16   

Snap 678 | CAPPED | True Edges: 13 | Cap Limit: 750
  [UNCAPPED] Pred: 186495498 | TP: 12    | FP: 186495486 | TN: 267045413 | FN: 1    
  [CAPPED]   Pred: 750     | TP: 0     | FP: 750     | TN: 453540149 | FN: 13   

Snap 679 | CAPPED | True Edges: 3 | Cap Limit: 635
  [UNCAPPED] Pred: 186981594 | TP: 3     | FP: 186981591 | TN: 266559318 | FN: 0    
  [CAPPED]   Pred: 635     | TP: 0     | FP: 635     | TN: 453540274 | FN: 3    

Snap 680 | CAPPED | True Edges: 1 | Cap Limit: 520
  [UNCAPPED] Pred: 186853836 | TP: 1     | FP: 186853835 | TN: 266687076 | FN: 0    
  [CAPPED]   Pred: 520     | TP: 0     | FP: 520     | TN: 453540391 | FN: 1    

Snap 681 | CAPPED | True Edges: 1 | Cap Limit: 300
  [UNCAPPED] Pred: 187048594 | TP: 1     | FP: 187048593 | TN: 266492318 | FN: 0    
  [CAPPED]   Pred: 300     | TP: 0     | FP: 300     | TN: 453540611 | FN: 1    

Snap 682 | CAPPED | True Edges: 4 | Cap Limit: 290
  [UNCAPPED] Pred: 186966586 | TP: 2     | FP: 186966584 | TN: 266574324 | FN: 2    
  [CAPPED]   Pred: 290     | TP: 0     | FP: 290     | TN: 453540618 | FN: 4    

Snap 683 | CAPPED | True Edges: 19 | Cap Limit: 395
  [UNCAPPED] Pred: 187696534 | TP: 17    | FP: 187696517 | TN: 265844376 | FN: 2    
  [CAPPED]   Pred: 395     | TP: 0     | FP: 395     | TN: 453540498 | FN: 19   

Snap 684 | CAPPED | True Edges: 27 | Cap Limit: 1210
  [UNCAPPED] Pred: 190181408 | TP: 26    | FP: 190181382 | TN: 263359503 | FN: 1    
  [CAPPED]   Pred: 1210    | TP: 0     | FP: 1210    | TN: 453539675 | FN: 27   

Snap 685 | CAPPED | True Edges: 18 | Cap Limit: 1165
  [UNCAPPED] Pred: 190602296 | TP: 17    | FP: 190602279 | TN: 262938615 | FN: 1    
  [CAPPED]   Pred: 1165    | TP: 0     | FP: 1165    | TN: 453539729 | FN: 18   

Snap 686 | CAPPED | True Edges: 16 | Cap Limit: 760
  [UNCAPPED] Pred: 190757520 | TP: 15    | FP: 190757505 | TN: 262783391 | FN: 1    
  [CAPPED]   Pred: 760     | TP: 0     | FP: 760     | TN: 453540136 | FN: 16   

Snap 687 | CAPPED | True Edges: 11 | Cap Limit: 630
  [UNCAPPED] Pred: 190648662 | TP: 11    | FP: 190648651 | TN: 262892250 | FN: 0    
  [CAPPED]   Pred: 630     | TP: 0     | FP: 630     | TN: 453540271 | FN: 11   

Snap 688 | CAPPED | True Edges: 4 | Cap Limit: 440
  [UNCAPPED] Pred: 190911532 | TP: 4     | FP: 190911528 | TN: 262629380 | FN: 0    
  [CAPPED]   Pred: 440     | TP: 0     | FP: 440     | TN: 453540468 | FN: 4    

Snap 689 | CAPPED | True Edges: 3 | Cap Limit: 540
  [UNCAPPED] Pred: 191332768 | TP: 3     | FP: 191332765 | TN: 262208144 | FN: 0    
  [CAPPED]   Pred: 540     | TP: 0     | FP: 540     | TN: 453540369 | FN: 3    

Snap 690 | CAPPED | True Edges: 23 | Cap Limit: 365
  [UNCAPPED] Pred: 191877068 | TP: 22    | FP: 191877046 | TN: 261663843 | FN: 1    
  [CAPPED]   Pred: 365     | TP: 0     | FP: 365     | TN: 453540524 | FN: 23   

Snap 691 | CAPPED | True Edges: 9 | Cap Limit: 775
  [UNCAPPED] Pred: 192379022 | TP: 8     | FP: 192379014 | TN: 261161889 | FN: 1    
  [CAPPED]   Pred: 775     | TP: 0     | FP: 775     | TN: 453540128 | FN: 9    

Snap 692 | CAPPED | True Edges: 8 | Cap Limit: 550
  [UNCAPPED] Pred: 192579864 | TP: 8     | FP: 192579856 | TN: 260961048 | FN: 0    
  [CAPPED]   Pred: 550     | TP: 0     | FP: 550     | TN: 453540354 | FN: 8    

Snap 693 | CAPPED | True Edges: 1 | Cap Limit: 530
  [UNCAPPED] Pred: 192767424 | TP: 1     | FP: 192767423 | TN: 260773488 | FN: 0    
  [CAPPED]   Pred: 530     | TP: 0     | FP: 530     | TN: 453540381 | FN: 1    

Snap 694 | CAPPED | True Edges: 3 | Cap Limit: 365
  [UNCAPPED] Pred: 192828684 | TP: 3     | FP: 192828681 | TN: 260712228 | FN: 0    
  [CAPPED]   Pred: 365     | TP: 0     | FP: 365     | TN: 453540544 | FN: 3    

Snap 695 | CAPPED | True Edges: 14 | Cap Limit: 345
  [UNCAPPED] Pred: 193712070 | TP: 14    | FP: 193712056 | TN: 259828842 | FN: 0    
  [CAPPED]   Pred: 345     | TP: 0     | FP: 345     | TN: 453540553 | FN: 14   

Snap 696 | CAPPED | True Edges: 6 | Cap Limit: 600
  [UNCAPPED] Pred: 194060118 | TP: 6     | FP: 194060112 | TN: 259480794 | FN: 0    
  [CAPPED]   Pred: 600     | TP: 0     | FP: 600     | TN: 453540306 | FN: 6    

Snap 697 | CAPPED | True Edges: 6 | Cap Limit: 500
  [UNCAPPED] Pred: 194292656 | TP: 2     | FP: 194292654 | TN: 259248252 | FN: 4    
  [CAPPED]   Pred: 500     | TP: 0     | FP: 500     | TN: 453540406 | FN: 6    

Snap 698 | CAPPED | True Edges: 13 | Cap Limit: 400
  [UNCAPPED] Pred: 194855164 | TP: 12    | FP: 194855152 | TN: 258685747 | FN: 1    
  [CAPPED]   Pred: 400     | TP: 0     | FP: 400     | TN: 453540499 | FN: 13   

Snap 699 | CAPPED | True Edges: 6 | Cap Limit: 580
  [UNCAPPED] Pred: 195124760 | TP: 5     | FP: 195124755 | TN: 258416151 | FN: 1    
  [CAPPED]   Pred: 580     | TP: 0     | FP: 580     | TN: 453540326 | FN: 6    

Snap 700 | CAPPED | True Edges: 3 | Cap Limit: 455
  [UNCAPPED] Pred: 195093500 | TP: 3     | FP: 195093497 | TN: 258447412 | FN: 0    
  [CAPPED]   Pred: 455     | TP: 0     | FP: 455     | TN: 453540454 | FN: 3    

Snap 701 | CAPPED | True Edges: 6 | Cap Limit: 360
  [UNCAPPED] Pred: 195111358 | TP: 5     | FP: 195111353 | TN: 258429553 | FN: 1    
  [CAPPED]   Pred: 360     | TP: 0     | FP: 360     | TN: 453540546 | FN: 6    

Snap 702 | CAPPED | True Edges: 2 | Cap Limit: 265
  [UNCAPPED] Pred: 195467776 | TP: 2     | FP: 195467774 | TN: 258073136 | FN: 0    
  [CAPPED]   Pred: 265     | TP: 0     | FP: 265     | TN: 453540645 | FN: 2    

Snap 703 | CAPPED | True Edges: 5 | Cap Limit: 355
  [UNCAPPED] Pred: 195846074 | TP: 5     | FP: 195846069 | TN: 257694838 | FN: 0    
  [CAPPED]   Pred: 355     | TP: 0     | FP: 355     | TN: 453540552 | FN: 5    

Snap 704 | CAPPED | True Edges: 4 | Cap Limit: 345
  [UNCAPPED] Pred: 196473374 | TP: 4     | FP: 196473370 | TN: 257067538 | FN: 0    
  [CAPPED]   Pred: 345     | TP: 0     | FP: 345     | TN: 453540563 | FN: 4    

Snap 705 | CAPPED | True Edges: 4 | Cap Limit: 490
  [UNCAPPED] Pred: 196511372 | TP: 4     | FP: 196511368 | TN: 257029540 | FN: 0    
  [CAPPED]   Pred: 490     | TP: 0     | FP: 490     | TN: 453540418 | FN: 4    

Snap 706 | CAPPED | True Edges: 13 | Cap Limit: 345
  [UNCAPPED] Pred: 197855842 | TP: 13    | FP: 197855829 | TN: 255685070 | FN: 0    
  [CAPPED]   Pred: 345     | TP: 0     | FP: 345     | TN: 453540554 | FN: 13   

Snap 707 | CAPPED | True Edges: 6 | Cap Limit: 730
  [UNCAPPED] Pred: 198091204 | TP: 3     | FP: 198091201 | TN: 255449705 | FN: 3    
  [CAPPED]   Pred: 730     | TP: 0     | FP: 730     | TN: 453540176 | FN: 6    

Snap 708 | CAPPED | True Edges: 2 | Cap Limit: 400
  [UNCAPPED] Pred: 197762074 | TP: 2     | FP: 197762072 | TN: 255778838 | FN: 0    
  [CAPPED]   Pred: 400     | TP: 0     | FP: 400     | TN: 453540510 | FN: 2    

Snap 709 | CAPPED | True Edges: 2 | Cap Limit: 210
  [UNCAPPED] Pred: 198066098 | TP: 1     | FP: 198066097 | TN: 255474813 | FN: 1    
  [CAPPED]   Pred: 210     | TP: 0     | FP: 210     | TN: 453540700 | FN: 2    

Snap 710 | CAPPED | True Edges: 2 | Cap Limit: 310
  [UNCAPPED] Pred: 198327118 | TP: 1     | FP: 198327117 | TN: 255213793 | FN: 1    
  [CAPPED]   Pred: 310     | TP: 0     | FP: 310     | TN: 453540600 | FN: 2    

Snap 711 | CAPPED | True Edges: 3 | Cap Limit: 355
  [UNCAPPED] Pred: 198831882 | TP: 2     | FP: 198831880 | TN: 254709029 | FN: 1    
  [CAPPED]   Pred: 355     | TP: 0     | FP: 355     | TN: 453540554 | FN: 3    

Snap 712 | CAPPED | True Edges: 6 | Cap Limit: 410
  [UNCAPPED] Pred: 199243626 | TP: 6     | FP: 199243620 | TN: 254297286 | FN: 0    
  [CAPPED]   Pred: 410     | TP: 0     | FP: 410     | TN: 453540496 | FN: 6    

Snap 713 | CAPPED | True Edges: 11 | Cap Limit: 450
  [UNCAPPED] Pred: 199512340 | TP: 11    | FP: 199512329 | TN: 254028572 | FN: 0    
  [CAPPED]   Pred: 450     | TP: 0     | FP: 450     | TN: 453540451 | FN: 11   

Snap 714 | CAPPED | True Edges: 15 | Cap Limit: 440
  [UNCAPPED] Pred: 199402254 | TP: 14    | FP: 199402240 | TN: 254138657 | FN: 1    
  [CAPPED]   Pred: 440     | TP: 0     | FP: 440     | TN: 453540457 | FN: 15   

Snap 715 | CAPPED | True Edges: 2 | Cap Limit: 665
  [UNCAPPED] Pred: 199955010 | TP: 2     | FP: 199955008 | TN: 253585902 | FN: 0    
  [CAPPED]   Pred: 665     | TP: 0     | FP: 665     | TN: 453540245 | FN: 2    

Snap 716 | CAPPED | True Edges: 4 | Cap Limit: 340
  [UNCAPPED] Pred: 200284342 | TP: 3     | FP: 200284339 | TN: 253256569 | FN: 1    
  [CAPPED]   Pred: 340     | TP: 0     | FP: 340     | TN: 453540568 | FN: 4    

Snap 717 | CAPPED | True Edges: 2 | Cap Limit: 440
  [UNCAPPED] Pred: 200507182 | TP: 2     | FP: 200507180 | TN: 253033730 | FN: 0    
  [CAPPED]   Pred: 440     | TP: 0     | FP: 440     | TN: 453540470 | FN: 2    

Snap 718 | CAPPED | True Edges: 2 | Cap Limit: 315
  [UNCAPPED] Pred: 200601344 | TP: 2     | FP: 200601342 | TN: 252939568 | FN: 0    
  [CAPPED]   Pred: 315     | TP: 0     | FP: 315     | TN: 453540595 | FN: 2    

Snap 719 | CAPPED | True Edges: 2 | Cap Limit: 255
  [UNCAPPED] Pred: 201012714 | TP: 1     | FP: 201012713 | TN: 252528197 | FN: 1    
  [CAPPED]   Pred: 255     | TP: 0     | FP: 255     | TN: 453540655 | FN: 2    

Snap 720 | CAPPED | True Edges: 5 | Cap Limit: 340
  [UNCAPPED] Pred: 201170470 | TP: 5     | FP: 201170465 | TN: 252370442 | FN: 0    
  [CAPPED]   Pred: 340     | TP: 0     | FP: 340     | TN: 453540567 | FN: 5    

Snap 721 | CAPPED | True Edges: 14 | Cap Limit: 350
  [UNCAPPED] Pred: 201832442 | TP: 13    | FP: 201832429 | TN: 251708469 | FN: 1    
  [CAPPED]   Pred: 350     | TP: 0     | FP: 350     | TN: 453540548 | FN: 14   

Snap 722 | CAPPED | True Edges: 2 | Cap Limit: 545
  [UNCAPPED] Pred: 201812120 | TP: 1     | FP: 201812119 | TN: 251728791 | FN: 1    
  [CAPPED]   Pred: 545     | TP: 0     | FP: 545     | TN: 453540365 | FN: 2    

Snap 723 | CAPPED | True Edges: 3 | Cap Limit: 295
  [UNCAPPED] Pred: 202054634 | TP: 3     | FP: 202054631 | TN: 251486278 | FN: 0    
  [CAPPED]   Pred: 295     | TP: 0     | FP: 295     | TN: 453540614 | FN: 3    
Saved 5x-Capped ROLAND sparse graphs to data/output/predicted/ROLAND/networkdgd_128_0.001_3_5_undirected_threshold_5xCap.pkl

--- DATASET: networkdgd (ROLAND) METRICS ---
TRAIN:  Time=203.64s, GPU=818.00MB, RAM=4366.01MB
THRESH: Time=0.86s, GPU=818.00MB, RAM=4366.61MB
CONST:  Time=1089.18s, GPU=21620.00MB, RAM=5092.55MB

========================================================================
COMPLETED DATASET: networkdgd
========================================================================
========================================================================
STARTING GLOBAL DATASET: networkiconomi
========================================================================
Seed set to: 42
[Checking Graph Integrity for 548 snapshots...]
[Done] Total Snapshots processed: 548

Statistics for networkiconomi:
	Nodes: 47446
	Edges: 86861
	Snaps: 548
	Dur: 1D
--- Training ROLAND (networkiconomi) | Persistence: 15 ---
Epoch 001 | Loss: 0.156354 | Train AUC: 0.9866
Epoch 010 | Loss: 0.124701 | Train AUC: 0.9890
Epoch 020 | Loss: 0.131875 | Train AUC: 0.9881
Early stopping triggered at epoch 23. Best Loss: 0.120905
--- Probability Distribution Check ---
Positives | Mean: 0.681474 | Std: 0.330761 | Max: 1.000000 | Min: 0.000223
Negatives | Mean: 0.145371 | Std: 0.265084 | Max: 1.000000 | Min: 0.000000
--- Probability Distribution Check ---
Positives | Mean: 0.681474 | Std: 0.330761 | Max: 1.000000 | Min: 0.000223
Negatives | Mean: 0.145371 | Std: 0.265084 | Max: 1.000000 | Min: 0.000000
Optimal Threshold: 0.06 | Sampled Val F1: 0.8590
Loading data for networkiconomi with use_predicted=False, num_back=all, num_buckets=10, use_test_style=None
--- Starting ROLAND Sparse Construction (5x Dynamic Cap) ---

Snap 464 | CAPPED | True Edges: 3 | Cap Limit: 555
  [UNCAPPED] Pred: 778193584 | TP: 3     | FP: 778193581 | TN: 1472881886 | FN: 0    
  [CAPPED]   Pred: 555     | TP: 0     | FP: 555     | TN: 2251074912 | FN: 3    

Snap 465 | CAPPED | True Edges: 3 | Cap Limit: 475
  [UNCAPPED] Pred: 778675954 | TP: 3     | FP: 778675951 | TN: 1472399516 | FN: 0    
  [CAPPED]   Pred: 475     | TP: 0     | FP: 475     | TN: 2251074992 | FN: 3    

Snap 466 | CAPPED | True Edges: 10 | Cap Limit: 615
  [UNCAPPED] Pred: 778882066 | TP: 10    | FP: 778882056 | TN: 1472193404 | FN: 0    
  [CAPPED]   Pred: 615     | TP: 0     | FP: 615     | TN: 2251074845 | FN: 10   

Snap 467 | CAPPED | True Edges: 15 | Cap Limit: 595
  [UNCAPPED] Pred: 778940982 | TP: 15    | FP: 778940967 | TN: 1472134488 | FN: 0    
  [CAPPED]   Pred: 595     | TP: 0     | FP: 595     | TN: 2251074860 | FN: 15   

Snap 468 | CAPPED | True Edges: 1 | Cap Limit: 490
  [UNCAPPED] Pred: 779146568 | TP: 1     | FP: 779146567 | TN: 1471928902 | FN: 0    
  [CAPPED]   Pred: 490     | TP: 0     | FP: 490     | TN: 2251074979 | FN: 1    

Snap 469 | CAPPED | True Edges: 6 | Cap Limit: 465
  [UNCAPPED] Pred: 779458620 | TP: 6     | FP: 779458614 | TN: 1471616850 | FN: 0    
  [CAPPED]   Pred: 465     | TP: 0     | FP: 465     | TN: 2251074999 | FN: 6    

Snap 470 | CAPPED | True Edges: 5 | Cap Limit: 630
  [UNCAPPED] Pred: 779448532 | TP: 5     | FP: 779448527 | TN: 1471626938 | FN: 0    
  [CAPPED]   Pred: 630     | TP: 0     | FP: 630     | TN: 2251074835 | FN: 5    

Snap 471 | CAPPED | True Edges: 3 | Cap Limit: 540
  [UNCAPPED] Pred: 779416960 | TP: 3     | FP: 779416957 | TN: 1471658510 | FN: 0    
  [CAPPED]   Pred: 540     | TP: 0     | FP: 540     | TN: 2251074927 | FN: 3    

Snap 472 | CAPPED | True Edges: 2 | Cap Limit: 390
  [UNCAPPED] Pred: 779224990 | TP: 2     | FP: 779224988 | TN: 1471850480 | FN: 0    
  [CAPPED]   Pred: 390     | TP: 0     | FP: 390     | TN: 2251075078 | FN: 2    

Snap 473 | CAPPED | True Edges: 5 | Cap Limit: 210
  [UNCAPPED] Pred: 779229172 | TP: 5     | FP: 779229167 | TN: 1471846298 | FN: 0    
  [CAPPED]   Pred: 210     | TP: 0     | FP: 210     | TN: 2251075255 | FN: 5    

Snap 474 | CAPPED | True Edges: 3 | Cap Limit: 325
  [UNCAPPED] Pred: 779534774 | TP: 3     | FP: 779534771 | TN: 1471540696 | FN: 0    
  [CAPPED]   Pred: 325     | TP: 0     | FP: 325     | TN: 2251075142 | FN: 3    

Snap 475 | CAPPED | True Edges: 3 | Cap Limit: 465
  [UNCAPPED] Pred: 779550744 | TP: 2     | FP: 779550742 | TN: 1471524725 | FN: 1    
  [CAPPED]   Pred: 465     | TP: 0     | FP: 465     | TN: 2251075002 | FN: 3    

Snap 476 | CAPPED | True Edges: 8 | Cap Limit: 340
  [UNCAPPED] Pred: 779517310 | TP: 8     | FP: 779517302 | TN: 1471558160 | FN: 0    
  [CAPPED]   Pred: 340     | TP: 0     | FP: 340     | TN: 2251075122 | FN: 8    

Snap 477 | CAPPED | True Edges: 2 | Cap Limit: 330
  [UNCAPPED] Pred: 779610476 | TP: 2     | FP: 779610474 | TN: 1471464994 | FN: 0    
  [CAPPED]   Pred: 330     | TP: 0     | FP: 330     | TN: 2251075138 | FN: 2    

Snap 478 | CAPPED | True Edges: 0 | Cap Limit: 350
  [UNCAPPED] Pred: 779605974 | TP: 0     | FP: 779605974 | TN: 1471469496 | FN: 0    
  [CAPPED]   Pred: 350     | TP: 0     | FP: 350     | TN: 2251075120 | FN: 0    

Snap 479 | CAPPED | True Edges: 4 | Cap Limit: 295
  [UNCAPPED] Pred: 779764704 | TP: 4     | FP: 779764700 | TN: 1471310766 | FN: 0    
  [CAPPED]   Pred: 295     | TP: 0     | FP: 295     | TN: 2251075171 | FN: 4    

Snap 480 | CAPPED | True Edges: 3 | Cap Limit: 395
  [UNCAPPED] Pred: 779832098 | TP: 3     | FP: 779832095 | TN: 1471243372 | FN: 0    
  [CAPPED]   Pred: 395     | TP: 0     | FP: 395     | TN: 2251075072 | FN: 3    

Snap 481 | CAPPED | True Edges: 4 | Cap Limit: 375
  [UNCAPPED] Pred: 780225770 | TP: 4     | FP: 780225766 | TN: 1470849700 | FN: 0    
  [CAPPED]   Pred: 375     | TP: 0     | FP: 375     | TN: 2251075091 | FN: 4    

Snap 482 | CAPPED | True Edges: 7 | Cap Limit: 420
  [UNCAPPED] Pred: 780382694 | TP: 7     | FP: 780382687 | TN: 1470692776 | FN: 0    
  [CAPPED]   Pred: 420     | TP: 0     | FP: 420     | TN: 2251075043 | FN: 7    

Snap 483 | CAPPED | True Edges: 0 | Cap Limit: 375
  [UNCAPPED] Pred: 780339666 | TP: 0     | FP: 780339666 | TN: 1470735804 | FN: 0    
  [CAPPED]   Pred: 375     | TP: 0     | FP: 375     | TN: 2251075095 | FN: 0    

Snap 484 | CAPPED | True Edges: 5 | Cap Limit: 300
  [UNCAPPED] Pred: 780709082 | TP: 5     | FP: 780709077 | TN: 1470366388 | FN: 0    
  [CAPPED]   Pred: 300     | TP: 0     | FP: 300     | TN: 2251075165 | FN: 5    

Snap 485 | CAPPED | True Edges: 5 | Cap Limit: 510
  [UNCAPPED] Pred: 780653920 | TP: 5     | FP: 780653915 | TN: 1470421550 | FN: 0    
  [CAPPED]   Pred: 510     | TP: 0     | FP: 510     | TN: 2251074955 | FN: 5    

Snap 486 | CAPPED | True Edges: 3 | Cap Limit: 375
  [UNCAPPED] Pred: 780565266 | TP: 3     | FP: 780565263 | TN: 1470510204 | FN: 0    
  [CAPPED]   Pred: 375     | TP: 0     | FP: 375     | TN: 2251075092 | FN: 3    

Snap 487 | CAPPED | True Edges: 4 | Cap Limit: 245
  [UNCAPPED] Pred: 780603962 | TP: 3     | FP: 780603959 | TN: 1470471507 | FN: 1    
  [CAPPED]   Pred: 245     | TP: 0     | FP: 245     | TN: 2251075221 | FN: 4    

Snap 488 | CAPPED | True Edges: 1 | Cap Limit: 310
  [UNCAPPED] Pred: 780382028 | TP: 1     | FP: 780382027 | TN: 1470693442 | FN: 0    
  [CAPPED]   Pred: 310     | TP: 0     | FP: 310     | TN: 2251075159 | FN: 1    

Snap 489 | CAPPED | True Edges: 0 | Cap Limit: 210
  [UNCAPPED] Pred: 780232604 | TP: 0     | FP: 780232604 | TN: 1470842866 | FN: 0    
  [CAPPED]   Pred: 210     | TP: 0     | FP: 210     | TN: 2251075260 | FN: 0    

Snap 490 | CAPPED | True Edges: 1 | Cap Limit: 165
  [UNCAPPED] Pred: 780256328 | TP: 1     | FP: 780256327 | TN: 1470819142 | FN: 0    
  [CAPPED]   Pred: 165     | TP: 0     | FP: 165     | TN: 2251075304 | FN: 1    

Snap 491 | CAPPED | True Edges: 1 | Cap Limit: 255
  [UNCAPPED] Pred: 780283740 | TP: 0     | FP: 780283740 | TN: 1470791729 | FN: 1    
  [CAPPED]   Pred: 255     | TP: 0     | FP: 255     | TN: 2251075214 | FN: 1    

Snap 492 | CAPPED | True Edges: 3 | Cap Limit: 255
  [UNCAPPED] Pred: 780207736 | TP: 3     | FP: 780207733 | TN: 1470867734 | FN: 0    
  [CAPPED]   Pred: 255     | TP: 0     | FP: 255     | TN: 2251075212 | FN: 3    

Snap 493 | CAPPED | True Edges: 16 | Cap Limit: 215
  [UNCAPPED] Pred: 780562842 | TP: 14    | FP: 780562828 | TN: 1470512626 | FN: 2    
  [CAPPED]   Pred: 215     | TP: 0     | FP: 215     | TN: 2251075239 | FN: 16   

Snap 494 | CAPPED | True Edges: 16 | Cap Limit: 595
  [UNCAPPED] Pred: 780929732 | TP: 15    | FP: 780929717 | TN: 1470145737 | FN: 1    
  [CAPPED]   Pred: 595     | TP: 0     | FP: 595     | TN: 2251074859 | FN: 16   

Snap 495 | CAPPED | True Edges: 10 | Cap Limit: 660
  [UNCAPPED] Pred: 781484184 | TP: 10    | FP: 781484174 | TN: 1469591286 | FN: 0    
  [CAPPED]   Pred: 660     | TP: 0     | FP: 660     | TN: 2251074800 | FN: 10   

Snap 496 | CAPPED | True Edges: 1 | Cap Limit: 835
  [UNCAPPED] Pred: 781283202 | TP: 1     | FP: 781283201 | TN: 1469792268 | FN: 0    
  [CAPPED]   Pred: 835     | TP: 0     | FP: 835     | TN: 2251074634 | FN: 1    

Snap 497 | CAPPED | True Edges: 3 | Cap Limit: 305
  [UNCAPPED] Pred: 781559796 | TP: 2     | FP: 781559794 | TN: 1469515673 | FN: 1    
  [CAPPED]   Pred: 305     | TP: 0     | FP: 305     | TN: 2251075162 | FN: 3    

Snap 498 | CAPPED | True Edges: 9 | Cap Limit: 440
  [UNCAPPED] Pred: 781892912 | TP: 8     | FP: 781892904 | TN: 1469182557 | FN: 1    
  [CAPPED]   Pred: 440     | TP: 0     | FP: 440     | TN: 2251075021 | FN: 9    

Snap 499 | CAPPED | True Edges: 23 | Cap Limit: 545
  [UNCAPPED] Pred: 782246200 | TP: 19    | FP: 782246181 | TN: 1468829266 | FN: 4    
  [CAPPED]   Pred: 545     | TP: 0     | FP: 545     | TN: 2251074902 | FN: 23   

Snap 500 | CAPPED | True Edges: 5 | Cap Limit: 785
  [UNCAPPED] Pred: 782148834 | TP: 4     | FP: 782148830 | TN: 1468926635 | FN: 1    
  [CAPPED]   Pred: 785     | TP: 0     | FP: 785     | TN: 2251074680 | FN: 5    

Snap 501 | CAPPED | True Edges: 3 | Cap Limit: 430
  [UNCAPPED] Pred: 782063482 | TP: 3     | FP: 782063479 | TN: 1469011988 | FN: 0    
  [CAPPED]   Pred: 430     | TP: 0     | FP: 430     | TN: 2251075037 | FN: 3    

Snap 502 | CAPPED | True Edges: 1 | Cap Limit: 395
  [UNCAPPED] Pred: 782135294 | TP: 1     | FP: 782135293 | TN: 1468940176 | FN: 0    
  [CAPPED]   Pred: 395     | TP: 0     | FP: 395     | TN: 2251075074 | FN: 1    

Snap 503 | CAPPED | True Edges: 3 | Cap Limit: 300
  [UNCAPPED] Pred: 781951292 | TP: 3     | FP: 781951289 | TN: 1469124178 | FN: 0    
  [CAPPED]   Pred: 300     | TP: 0     | FP: 300     | TN: 2251075167 | FN: 3    

Snap 504 | CAPPED | True Edges: 0 | Cap Limit: 225
  [UNCAPPED] Pred: 782004562 | TP: 0     | FP: 782004562 | TN: 1469070908 | FN: 0    
  [CAPPED]   Pred: 225     | TP: 0     | FP: 225     | TN: 2251075245 | FN: 0    

Snap 505 | CAPPED | True Edges: 5 | Cap Limit: 280
  [UNCAPPED] Pred: 781829854 | TP: 5     | FP: 781829849 | TN: 1469245616 | FN: 0    
  [CAPPED]   Pred: 280     | TP: 0     | FP: 280     | TN: 2251075185 | FN: 5    

Snap 506 | CAPPED | True Edges: 27 | Cap Limit: 260
  [UNCAPPED] Pred: 782059954 | TP: 23    | FP: 782059931 | TN: 1469015512 | FN: 4    
  [CAPPED]   Pred: 260     | TP: 0     | FP: 260     | TN: 2251075183 | FN: 27   

Snap 507 | CAPPED | True Edges: 4 | Cap Limit: 2770
  [UNCAPPED] Pred: 782052284 | TP: 4     | FP: 782052280 | TN: 1469023186 | FN: 0    
  [CAPPED]   Pred: 2770    | TP: 0     | FP: 2770    | TN: 2251072696 | FN: 4    

Snap 508 | CAPPED | True Edges: 0 | Cap Limit: 380
  [UNCAPPED] Pred: 781942028 | TP: 0     | FP: 781942028 | TN: 1469133442 | FN: 0    
  [CAPPED]   Pred: 380     | TP: 0     | FP: 380     | TN: 2251075090 | FN: 0    

Snap 509 | CAPPED | True Edges: 2 | Cap Limit: 265
  [UNCAPPED] Pred: 781914806 | TP: 2     | FP: 781914804 | TN: 1469160664 | FN: 0    
  [CAPPED]   Pred: 265     | TP: 0     | FP: 265     | TN: 2251075203 | FN: 2    

Snap 510 | CAPPED | True Edges: 0 | Cap Limit: 290
  [UNCAPPED] Pred: 782047904 | TP: 0     | FP: 782047904 | TN: 1469027566 | FN: 0    
  [CAPPED]   Pred: 290     | TP: 0     | FP: 290     | TN: 2251075180 | FN: 0    

Snap 511 | CAPPED | True Edges: 7 | Cap Limit: 335
  [UNCAPPED] Pred: 781939984 | TP: 7     | FP: 781939977 | TN: 1469135486 | FN: 0    
  [CAPPED]   Pred: 335     | TP: 0     | FP: 335     | TN: 2251075128 | FN: 7    

Snap 512 | CAPPED | True Edges: 2 | Cap Limit: 310
  [UNCAPPED] Pred: 781832388 | TP: 2     | FP: 781832386 | TN: 1469243082 | FN: 0    
  [CAPPED]   Pred: 310     | TP: 0     | FP: 310     | TN: 2251075158 | FN: 2    

Snap 513 | CAPPED | True Edges: 13 | Cap Limit: 195
  [UNCAPPED] Pred: 782052970 | TP: 13    | FP: 782052957 | TN: 1469022500 | FN: 0    
  [CAPPED]   Pred: 195     | TP: 0     | FP: 195     | TN: 2251075262 | FN: 13   

Snap 514 | CAPPED | True Edges: 7 | Cap Limit: 525
  [UNCAPPED] Pred: 781854474 | TP: 7     | FP: 781854467 | TN: 1469220996 | FN: 0    
  [CAPPED]   Pred: 525     | TP: 0     | FP: 525     | TN: 2251074938 | FN: 7    

Snap 515 | CAPPED | True Edges: 6 | Cap Limit: 265
  [UNCAPPED] Pred: 781854812 | TP: 5     | FP: 781854807 | TN: 1469220657 | FN: 1    
  [CAPPED]   Pred: 265     | TP: 0     | FP: 265     | TN: 2251075199 | FN: 6    

Snap 516 | CAPPED | True Edges: 3 | Cap Limit: 445
  [UNCAPPED] Pred: 781565836 | TP: 3     | FP: 781565833 | TN: 1469509634 | FN: 0    
  [CAPPED]   Pred: 445     | TP: 0     | FP: 445     | TN: 2251075022 | FN: 3    

Snap 517 | CAPPED | True Edges: 2 | Cap Limit: 225
  [UNCAPPED] Pred: 781344614 | TP: 2     | FP: 781344612 | TN: 1469730856 | FN: 0    
  [CAPPED]   Pred: 225     | TP: 0     | FP: 225     | TN: 2251075243 | FN: 2    

Snap 518 | CAPPED | True Edges: 4 | Cap Limit: 195
  [UNCAPPED] Pred: 781192684 | TP: 3     | FP: 781192681 | TN: 1469882785 | FN: 1    
  [CAPPED]   Pred: 195     | TP: 0     | FP: 195     | TN: 2251075271 | FN: 4    

Snap 519 | CAPPED | True Edges: 3 | Cap Limit: 260
  [UNCAPPED] Pred: 781113388 | TP: 3     | FP: 781113385 | TN: 1469962082 | FN: 0    
  [CAPPED]   Pred: 260     | TP: 0     | FP: 260     | TN: 2251075207 | FN: 3    

Snap 520 | CAPPED | True Edges: 5 | Cap Limit: 245
  [UNCAPPED] Pred: 780967722 | TP: 4     | FP: 780967718 | TN: 1470107747 | FN: 1    
  [CAPPED]   Pred: 245     | TP: 0     | FP: 245     | TN: 2251075220 | FN: 5    

Snap 521 | CAPPED | True Edges: 3 | Cap Limit: 205
  [UNCAPPED] Pred: 781038456 | TP: 3     | FP: 781038453 | TN: 1470037014 | FN: 0    
  [CAPPED]   Pred: 205     | TP: 0     | FP: 205     | TN: 2251075262 | FN: 3    

Snap 522 | CAPPED | True Edges: 5 | Cap Limit: 250
  [UNCAPPED] Pred: 781265782 | TP: 5     | FP: 781265777 | TN: 1469809688 | FN: 0    
  [CAPPED]   Pred: 250     | TP: 0     | FP: 250     | TN: 2251075215 | FN: 5    

Snap 523 | CAPPED | True Edges: 1 | Cap Limit: 340
  [UNCAPPED] Pred: 781048896 | TP: 1     | FP: 781048895 | TN: 1470026574 | FN: 0    
  [CAPPED]   Pred: 340     | TP: 0     | FP: 340     | TN: 2251075129 | FN: 1    

Snap 524 | CAPPED | True Edges: 3 | Cap Limit: 230
  [UNCAPPED] Pred: 780943842 | TP: 2     | FP: 780943840 | TN: 1470131627 | FN: 1    
  [CAPPED]   Pred: 230     | TP: 0     | FP: 230     | TN: 2251075237 | FN: 3    

Snap 525 | CAPPED | True Edges: 9 | Cap Limit: 225
  [UNCAPPED] Pred: 780976234 | TP: 9     | FP: 780976225 | TN: 1470099236 | FN: 0    
  [CAPPED]   Pred: 225     | TP: 0     | FP: 225     | TN: 2251075236 | FN: 9    

Snap 526 | CAPPED | True Edges: 2 | Cap Limit: 340
  [UNCAPPED] Pred: 780915630 | TP: 2     | FP: 780915628 | TN: 1470159840 | FN: 0    
  [CAPPED]   Pred: 340     | TP: 0     | FP: 340     | TN: 2251075128 | FN: 2    

Snap 527 | CAPPED | True Edges: 19 | Cap Limit: 285
  [UNCAPPED] Pred: 781470442 | TP: 19    | FP: 781470423 | TN: 1469605028 | FN: 0    
  [CAPPED]   Pred: 285     | TP: 0     | FP: 285     | TN: 2251075166 | FN: 19   

Snap 528 | CAPPED | True Edges: 14 | Cap Limit: 850
  [UNCAPPED] Pred: 781546832 | TP: 13    | FP: 781546819 | TN: 1469528637 | FN: 1    
  [CAPPED]   Pred: 850     | TP: 0     | FP: 850     | TN: 2251074606 | FN: 14   

Snap 529 | CAPPED | True Edges: 2 | Cap Limit: 595
  [UNCAPPED] Pred: 781228404 | TP: 2     | FP: 781228402 | TN: 1469847066 | FN: 0    
  [CAPPED]   Pred: 595     | TP: 0     | FP: 595     | TN: 2251074873 | FN: 2    

Snap 530 | CAPPED | True Edges: 3 | Cap Limit: 220
  [UNCAPPED] Pred: 781107652 | TP: 3     | FP: 781107649 | TN: 1469967818 | FN: 0    
  [CAPPED]   Pred: 220     | TP: 0     | FP: 220     | TN: 2251075247 | FN: 3    

Snap 531 | CAPPED | True Edges: 6 | Cap Limit: 270
  [UNCAPPED] Pred: 781073676 | TP: 5     | FP: 781073671 | TN: 1470001793 | FN: 1    
  [CAPPED]   Pred: 270     | TP: 0     | FP: 270     | TN: 2251075194 | FN: 6    

Snap 532 | CAPPED | True Edges: 7 | Cap Limit: 370
  [UNCAPPED] Pred: 781005676 | TP: 5     | FP: 781005671 | TN: 1470069792 | FN: 2    
  [CAPPED]   Pred: 370     | TP: 0     | FP: 370     | TN: 2251075093 | FN: 7    

Snap 533 | CAPPED | True Edges: 3 | Cap Limit: 290
  [UNCAPPED] Pred: 780846956 | TP: 1     | FP: 780846955 | TN: 1470228512 | FN: 2    
  [CAPPED]   Pred: 290     | TP: 0     | FP: 290     | TN: 2251075177 | FN: 3    

Snap 534 | CAPPED | True Edges: 2 | Cap Limit: 315
  [UNCAPPED] Pred: 780654156 | TP: 2     | FP: 780654154 | TN: 1470421314 | FN: 0    
  [CAPPED]   Pred: 315     | TP: 0     | FP: 315     | TN: 2251075153 | FN: 2    

Snap 535 | CAPPED | True Edges: 4 | Cap Limit: 215
  [UNCAPPED] Pred: 780645740 | TP: 2     | FP: 780645738 | TN: 1470429728 | FN: 2    
  [CAPPED]   Pred: 215     | TP: 0     | FP: 215     | TN: 2251075251 | FN: 4    

Snap 536 | CAPPED | True Edges: 3 | Cap Limit: 310
  [UNCAPPED] Pred: 780606658 | TP: 2     | FP: 780606656 | TN: 1470468811 | FN: 1    
  [CAPPED]   Pred: 310     | TP: 0     | FP: 310     | TN: 2251075157 | FN: 3    

Snap 537 | CAPPED | True Edges: 7 | Cap Limit: 330
  [UNCAPPED] Pred: 780368704 | TP: 6     | FP: 780368698 | TN: 1470706765 | FN: 1    
  [CAPPED]   Pred: 330     | TP: 0     | FP: 330     | TN: 2251075133 | FN: 7    

Snap 538 | CAPPED | True Edges: 3 | Cap Limit: 265
  [UNCAPPED] Pred: 780282922 | TP: 3     | FP: 780282919 | TN: 1470792548 | FN: 0    
  [CAPPED]   Pred: 265     | TP: 0     | FP: 265     | TN: 2251075202 | FN: 3    

Snap 539 | CAPPED | True Edges: 5 | Cap Limit: 305
  [UNCAPPED] Pred: 780122452 | TP: 4     | FP: 780122448 | TN: 1470953017 | FN: 1    
  [CAPPED]   Pred: 305     | TP: 0     | FP: 305     | TN: 2251075160 | FN: 5    

Snap 540 | CAPPED | True Edges: 5 | Cap Limit: 185
  [UNCAPPED] Pred: 780160488 | TP: 4     | FP: 780160484 | TN: 1470914981 | FN: 1    
  [CAPPED]   Pred: 185     | TP: 0     | FP: 185     | TN: 2251075280 | FN: 5    

Snap 541 | CAPPED | True Edges: 2 | Cap Limit: 300
  [UNCAPPED] Pred: 779951466 | TP: 1     | FP: 779951465 | TN: 1471124003 | FN: 1    
  [CAPPED]   Pred: 300     | TP: 0     | FP: 300     | TN: 2251075168 | FN: 2    

Snap 542 | CAPPED | True Edges: 5 | Cap Limit: 250
  [UNCAPPED] Pred: 780107980 | TP: 4     | FP: 780107976 | TN: 1470967489 | FN: 1    
  [CAPPED]   Pred: 250     | TP: 0     | FP: 250     | TN: 2251075215 | FN: 5    

Snap 543 | CAPPED | True Edges: 7 | Cap Limit: 355
  [UNCAPPED] Pred: 780225008 | TP: 7     | FP: 780225001 | TN: 1470850462 | FN: 0    
  [CAPPED]   Pred: 355     | TP: 0     | FP: 355     | TN: 2251075108 | FN: 7    

Snap 544 | CAPPED | True Edges: 8 | Cap Limit: 440
  [UNCAPPED] Pred: 780213468 | TP: 8     | FP: 780213460 | TN: 1470862002 | FN: 0    
  [CAPPED]   Pred: 440     | TP: 0     | FP: 440     | TN: 2251075022 | FN: 8    

Snap 545 | CAPPED | True Edges: 3 | Cap Limit: 445
  [UNCAPPED] Pred: 780090610 | TP: 1     | FP: 780090609 | TN: 1470984858 | FN: 2    
  [CAPPED]   Pred: 445     | TP: 0     | FP: 445     | TN: 2251075022 | FN: 3    

Snap 546 | CAPPED | True Edges: 3 | Cap Limit: 340
  [UNCAPPED] Pred: 779976294 | TP: 2     | FP: 779976292 | TN: 1471099175 | FN: 1    
  [CAPPED]   Pred: 340     | TP: 0     | FP: 340     | TN: 2251075127 | FN: 3    
Saved 5x-Capped ROLAND sparse graphs to data/output/predicted/ROLAND/networkiconomi_128_0.001_3_5_undirected_threshold_5xCap.pkl

--- DATASET: networkiconomi (ROLAND) METRICS ---
TRAIN:  Time=267.75s, GPU=1680.00MB, RAM=14528.00MB
THRESH: Time=0.91s, GPU=1680.00MB, RAM=14528.63MB
CONST:  Time=3782.32s, GPU=48016.00MB, RAM=11231.89MB

========================================================================
COMPLETED DATASET: networkiconomi
========================================================================
========================================================================
STARTING GLOBAL DATASET: Reddit_B
========================================================================
Seed set to: 42
[Checking Graph Integrity for 405 snapshots...]
[Done] Total Snapshots processed: 405

Statistics for Reddit_B:
	Nodes: 20957
	Edges: 110278
	Snaps: 405
	Dur: 1D
--- Training ROLAND (Reddit_B) | Persistence: 15 ---
Epoch 001 | Loss: 0.317816 | Train AUC: 0.9354
Epoch 010 | Loss: 0.306169 | Train AUC: 0.9456
Early stopping triggered at epoch 17. Best Loss: 0.302281
--- Probability Distribution Check ---
Positives | Mean: 0.877434 | Std: 0.115276 | Max: 0.997287 | Min: 0.069833
Negatives | Mean: 0.674379 | Std: 0.190357 | Max: 0.997017 | Min: 0.072496
--- Probability Distribution Check ---
Positives | Mean: 0.877434 | Std: 0.115276 | Max: 0.997287 | Min: 0.069833
Negatives | Mean: 0.674379 | Std: 0.190357 | Max: 0.997017 | Min: 0.072496
Optimal Threshold: 0.80 | Sampled Val F1: 0.8007
Loading data for Reddit_B with use_predicted=False, num_back=all, num_buckets=10, use_test_style=None
--- Starting ROLAND Sparse Construction (5x Dynamic Cap) ---

Snap 343 | CAPPED | True Edges: 0 | Cap Limit: 1495
  [UNCAPPED] Pred: 93365088 | TP: 0     | FP: 93365088 | TN: 345809804 | FN: 0    
  [CAPPED]   Pred: 1495    | TP: 0     | FP: 1495    | TN: 439173397 | FN: 0    

Snap 344 | CAPPED | True Edges: 0 | Cap Limit: 2165
  [UNCAPPED] Pred: 92932756 | TP: 0     | FP: 92932756 | TN: 346242136 | FN: 0    
  [CAPPED]   Pred: 2165    | TP: 0     | FP: 2165    | TN: 439172727 | FN: 0    

Snap 345 | CAPPED | True Edges: 0 | Cap Limit: 1635
  [UNCAPPED] Pred: 92569940 | TP: 0     | FP: 92569940 | TN: 346604952 | FN: 0    
  [CAPPED]   Pred: 1635    | TP: 0     | FP: 1635    | TN: 439173257 | FN: 0    

Snap 346 | CAPPED | True Edges: 0 | Cap Limit: 1485
  [UNCAPPED] Pred: 92750594 | TP: 0     | FP: 92750594 | TN: 346424298 | FN: 0    
  [CAPPED]   Pred: 1485    | TP: 0     | FP: 1485    | TN: 439173407 | FN: 0    

Snap 347 | CAPPED | True Edges: 0 | Cap Limit: 1640
  [UNCAPPED] Pred: 93086418 | TP: 0     | FP: 93086418 | TN: 346088474 | FN: 0    
  [CAPPED]   Pred: 1640    | TP: 0     | FP: 1640    | TN: 439173252 | FN: 0    

Snap 348 | CAPPED | True Edges: 0 | Cap Limit: 1390
  [UNCAPPED] Pred: 92924716 | TP: 0     | FP: 92924716 | TN: 346250176 | FN: 0    
  [CAPPED]   Pred: 1390    | TP: 0     | FP: 1390    | TN: 439173502 | FN: 0    

Snap 349 | CAPPED | True Edges: 0 | Cap Limit: 1940
  [UNCAPPED] Pred: 92909274 | TP: 0     | FP: 92909274 | TN: 346265618 | FN: 0    
  [CAPPED]   Pred: 1940    | TP: 0     | FP: 1940    | TN: 439172952 | FN: 0    

Snap 350 | CAPPED | True Edges: 0 | Cap Limit: 1515
  [UNCAPPED] Pred: 92824440 | TP: 0     | FP: 92824440 | TN: 346350452 | FN: 0    
  [CAPPED]   Pred: 1515    | TP: 0     | FP: 1515    | TN: 439173377 | FN: 0    

Snap 351 | CAPPED | True Edges: 0 | Cap Limit: 1715
  [UNCAPPED] Pred: 92930496 | TP: 0     | FP: 92930496 | TN: 346244396 | FN: 0    
  [CAPPED]   Pred: 1715    | TP: 0     | FP: 1715    | TN: 439173177 | FN: 0    

Snap 352 | CAPPED | True Edges: 0 | Cap Limit: 1840
  [UNCAPPED] Pred: 92325616 | TP: 0     | FP: 92325616 | TN: 346849276 | FN: 0    
  [CAPPED]   Pred: 1840    | TP: 0     | FP: 1840    | TN: 439173052 | FN: 0    

Snap 353 | CAPPED | True Edges: 0 | Cap Limit: 1680
  [UNCAPPED] Pred: 92523902 | TP: 0     | FP: 92523902 | TN: 346650990 | FN: 0    
  [CAPPED]   Pred: 1680    | TP: 0     | FP: 1680    | TN: 439173212 | FN: 0    

Snap 354 | CAPPED | True Edges: 0 | Cap Limit: 1670
  [UNCAPPED] Pred: 92670430 | TP: 0     | FP: 92670430 | TN: 346504462 | FN: 0    
  [CAPPED]   Pred: 1670    | TP: 0     | FP: 1670    | TN: 439173222 | FN: 0    

Snap 355 | CAPPED | True Edges: 0 | Cap Limit: 1505
  [UNCAPPED] Pred: 92753446 | TP: 0     | FP: 92753446 | TN: 346421446 | FN: 0    
  [CAPPED]   Pred: 1505    | TP: 0     | FP: 1505    | TN: 439173387 | FN: 0    

Snap 356 | CAPPED | True Edges: 0 | Cap Limit: 2225
  [UNCAPPED] Pred: 92692608 | TP: 0     | FP: 92692608 | TN: 346482284 | FN: 0    
  [CAPPED]   Pred: 2225    | TP: 0     | FP: 2225    | TN: 439172667 | FN: 0    

Snap 357 | CAPPED | True Edges: 0 | Cap Limit: 1675
  [UNCAPPED] Pred: 92596388 | TP: 0     | FP: 92596388 | TN: 346578504 | FN: 0    
  [CAPPED]   Pred: 1675    | TP: 0     | FP: 1675    | TN: 439173217 | FN: 0    

Snap 358 | CAPPED | True Edges: 0 | Cap Limit: 1585
  [UNCAPPED] Pred: 91930406 | TP: 0     | FP: 91930406 | TN: 347244486 | FN: 0    
  [CAPPED]   Pred: 1585    | TP: 0     | FP: 1585    | TN: 439173307 | FN: 0    

Snap 359 | CAPPED | True Edges: 0 | Cap Limit: 1425
  [UNCAPPED] Pred: 91573564 | TP: 0     | FP: 91573564 | TN: 347601328 | FN: 0    
  [CAPPED]   Pred: 1425    | TP: 0     | FP: 1425    | TN: 439173467 | FN: 0    

Snap 360 | CAPPED | True Edges: 0 | Cap Limit: 1285
  [UNCAPPED] Pred: 91048376 | TP: 0     | FP: 91048376 | TN: 348126516 | FN: 0    
  [CAPPED]   Pred: 1285    | TP: 0     | FP: 1285    | TN: 439173607 | FN: 0    

Snap 361 | CAPPED | True Edges: 0 | Cap Limit: 1190
  [UNCAPPED] Pred: 90813254 | TP: 0     | FP: 90813254 | TN: 348361638 | FN: 0    
  [CAPPED]   Pred: 1190    | TP: 0     | FP: 1190    | TN: 439173702 | FN: 0    

Snap 362 | CAPPED | True Edges: 0 | Cap Limit: 1395
  [UNCAPPED] Pred: 91000216 | TP: 0     | FP: 91000216 | TN: 348174676 | FN: 0    
  [CAPPED]   Pred: 1395    | TP: 0     | FP: 1395    | TN: 439173497 | FN: 0    

Snap 363 | CAPPED | True Edges: 0 | Cap Limit: 1255
  [UNCAPPED] Pred: 91735230 | TP: 0     | FP: 91735230 | TN: 347439662 | FN: 0    
  [CAPPED]   Pred: 1255    | TP: 0     | FP: 1255    | TN: 439173637 | FN: 0    

Snap 364 | CAPPED | True Edges: 0 | Cap Limit: 1625
  [UNCAPPED] Pred: 91411118 | TP: 0     | FP: 91411118 | TN: 347763774 | FN: 0    
  [CAPPED]   Pred: 1625    | TP: 0     | FP: 1625    | TN: 439173267 | FN: 0    

Snap 365 | CAPPED | True Edges: 0 | Cap Limit: 1465
  [UNCAPPED] Pred: 91325068 | TP: 0     | FP: 91325068 | TN: 347849824 | FN: 0    
  [CAPPED]   Pred: 1465    | TP: 0     | FP: 1465    | TN: 439173427 | FN: 0    

Snap 366 | CAPPED | True Edges: 0 | Cap Limit: 1485
  [UNCAPPED] Pred: 90891716 | TP: 0     | FP: 90891716 | TN: 348283176 | FN: 0    
  [CAPPED]   Pred: 1485    | TP: 0     | FP: 1485    | TN: 439173407 | FN: 0    

Snap 367 | CAPPED | True Edges: 0 | Cap Limit: 1310
  [UNCAPPED] Pred: 90806632 | TP: 0     | FP: 90806632 | TN: 348368260 | FN: 0    
  [CAPPED]   Pred: 1310    | TP: 0     | FP: 1310    | TN: 439173582 | FN: 0    

Snap 368 | CAPPED | True Edges: 0 | Cap Limit: 1540
  [UNCAPPED] Pred: 90742260 | TP: 0     | FP: 90742260 | TN: 348432632 | FN: 0    
  [CAPPED]   Pred: 1540    | TP: 0     | FP: 1540    | TN: 439173352 | FN: 0    

Snap 369 | CAPPED | True Edges: 0 | Cap Limit: 1665
  [UNCAPPED] Pred: 90612788 | TP: 0     | FP: 90612788 | TN: 348562104 | FN: 0    
  [CAPPED]   Pred: 1665    | TP: 0     | FP: 1665    | TN: 439173227 | FN: 0    

Snap 370 | CAPPED | True Edges: 0 | Cap Limit: 1740
  [UNCAPPED] Pred: 91287648 | TP: 0     | FP: 91287648 | TN: 347887244 | FN: 0    
  [CAPPED]   Pred: 1740    | TP: 0     | FP: 1740    | TN: 439173152 | FN: 0    

Snap 371 | CAPPED | True Edges: 0 | Cap Limit: 1940
  [UNCAPPED] Pred: 91049900 | TP: 0     | FP: 91049900 | TN: 348124992 | FN: 0    
  [CAPPED]   Pred: 1940    | TP: 0     | FP: 1940    | TN: 439172952 | FN: 0    

Snap 372 | CAPPED | True Edges: 0 | Cap Limit: 1595
  [UNCAPPED] Pred: 90798700 | TP: 0     | FP: 90798700 | TN: 348376192 | FN: 0    
  [CAPPED]   Pred: 1595    | TP: 0     | FP: 1595    | TN: 439173297 | FN: 0    

Snap 373 | CAPPED | True Edges: 0 | Cap Limit: 1515
  [UNCAPPED] Pred: 90514550 | TP: 0     | FP: 90514550 | TN: 348660342 | FN: 0    
  [CAPPED]   Pred: 1515    | TP: 0     | FP: 1515    | TN: 439173377 | FN: 0    

Snap 374 | CAPPED | True Edges: 0 | Cap Limit: 1620
  [UNCAPPED] Pred: 90234608 | TP: 0     | FP: 90234608 | TN: 348940284 | FN: 0    
  [CAPPED]   Pred: 1620    | TP: 0     | FP: 1620    | TN: 439173272 | FN: 0    

Snap 375 | CAPPED | True Edges: 0 | Cap Limit: 1380
  [UNCAPPED] Pred: 90381534 | TP: 0     | FP: 90381534 | TN: 348793358 | FN: 0    
  [CAPPED]   Pred: 1380    | TP: 0     | FP: 1380    | TN: 439173512 | FN: 0    

Snap 376 | CAPPED | True Edges: 0 | Cap Limit: 1490
  [UNCAPPED] Pred: 90301868 | TP: 0     | FP: 90301868 | TN: 348873024 | FN: 0    
  [CAPPED]   Pred: 1490    | TP: 0     | FP: 1490    | TN: 439173402 | FN: 0    

Snap 377 | CAPPED | True Edges: 0 | Cap Limit: 1510
  [UNCAPPED] Pred: 90217910 | TP: 0     | FP: 90217910 | TN: 348956982 | FN: 0    
  [CAPPED]   Pred: 1510    | TP: 0     | FP: 1510    | TN: 439173382 | FN: 0    

Snap 378 | CAPPED | True Edges: 0 | Cap Limit: 1250
  [UNCAPPED] Pred: 90134630 | TP: 0     | FP: 90134630 | TN: 349040262 | FN: 0    
  [CAPPED]   Pred: 1250    | TP: 0     | FP: 1250    | TN: 439173642 | FN: 0    

Snap 379 | CAPPED | True Edges: 0 | Cap Limit: 1365
  [UNCAPPED] Pred: 90986680 | TP: 0     | FP: 90986680 | TN: 348188212 | FN: 0    
  [CAPPED]   Pred: 1365    | TP: 0     | FP: 1365    | TN: 439173527 | FN: 0    

Snap 380 | CAPPED | True Edges: 0 | Cap Limit: 1640
  [UNCAPPED] Pred: 90800502 | TP: 0     | FP: 90800502 | TN: 348374390 | FN: 0    
  [CAPPED]   Pred: 1640    | TP: 0     | FP: 1640    | TN: 439173252 | FN: 0    

Snap 381 | CAPPED | True Edges: 0 | Cap Limit: 1440
  [UNCAPPED] Pred: 90310114 | TP: 0     | FP: 90310114 | TN: 348864778 | FN: 0    
  [CAPPED]   Pred: 1440    | TP: 0     | FP: 1440    | TN: 439173452 | FN: 0    

Snap 382 | CAPPED | True Edges: 0 | Cap Limit: 1090
  [UNCAPPED] Pred: 90379816 | TP: 0     | FP: 90379816 | TN: 348795076 | FN: 0    
  [CAPPED]   Pred: 1090    | TP: 0     | FP: 1090    | TN: 439173802 | FN: 0    

Snap 383 | CAPPED | True Edges: 0 | Cap Limit: 1475
  [UNCAPPED] Pred: 90680962 | TP: 0     | FP: 90680962 | TN: 348493930 | FN: 0    
  [CAPPED]   Pred: 1475    | TP: 0     | FP: 1475    | TN: 439173417 | FN: 0    

Snap 384 | CAPPED | True Edges: 0 | Cap Limit: 1515
  [UNCAPPED] Pred: 90226424 | TP: 0     | FP: 90226424 | TN: 348948468 | FN: 0    
  [CAPPED]   Pred: 1515    | TP: 0     | FP: 1515    | TN: 439173377 | FN: 0    

Snap 385 | CAPPED | True Edges: 0 | Cap Limit: 1210
  [UNCAPPED] Pred: 90561204 | TP: 0     | FP: 90561204 | TN: 348613688 | FN: 0    
  [CAPPED]   Pred: 1210    | TP: 0     | FP: 1210    | TN: 439173682 | FN: 0    

Snap 386 | CAPPED | True Edges: 0 | Cap Limit: 1630
  [UNCAPPED] Pred: 91266304 | TP: 0     | FP: 91266304 | TN: 347908588 | FN: 0    
  [CAPPED]   Pred: 1630    | TP: 0     | FP: 1630    | TN: 439173262 | FN: 0    

Snap 387 | CAPPED | True Edges: 0 | Cap Limit: 1980
  [UNCAPPED] Pred: 91999044 | TP: 0     | FP: 91999044 | TN: 347175848 | FN: 0    
  [CAPPED]   Pred: 1980    | TP: 0     | FP: 1980    | TN: 439172912 | FN: 0    

Snap 388 | CAPPED | True Edges: 0 | Cap Limit: 2080
  [UNCAPPED] Pred: 93376896 | TP: 0     | FP: 93376896 | TN: 345797996 | FN: 0    
  [CAPPED]   Pred: 2080    | TP: 0     | FP: 2080    | TN: 439172812 | FN: 0    

Snap 389 | CAPPED | True Edges: 0 | Cap Limit: 2370
  [UNCAPPED] Pred: 93557134 | TP: 0     | FP: 93557134 | TN: 345617758 | FN: 0    
  [CAPPED]   Pred: 2370    | TP: 0     | FP: 2370    | TN: 439172522 | FN: 0    

Snap 390 | CAPPED | True Edges: 0 | Cap Limit: 1855
  [UNCAPPED] Pred: 92999240 | TP: 0     | FP: 92999240 | TN: 346175652 | FN: 0    
  [CAPPED]   Pred: 1855    | TP: 0     | FP: 1855    | TN: 439173037 | FN: 0    

Snap 391 | CAPPED | True Edges: 0 | Cap Limit: 1640
  [UNCAPPED] Pred: 92470412 | TP: 0     | FP: 92470412 | TN: 346704480 | FN: 0    
  [CAPPED]   Pred: 1640    | TP: 0     | FP: 1640    | TN: 439173252 | FN: 0    

Snap 392 | CAPPED | True Edges: 0 | Cap Limit: 1455
  [UNCAPPED] Pred: 91868824 | TP: 0     | FP: 91868824 | TN: 347306068 | FN: 0    
  [CAPPED]   Pred: 1455    | TP: 0     | FP: 1455    | TN: 439173437 | FN: 0    

Snap 393 | CAPPED | True Edges: 0 | Cap Limit: 1345
  [UNCAPPED] Pred: 91202784 | TP: 0     | FP: 91202784 | TN: 347972108 | FN: 0    
  [CAPPED]   Pred: 1345    | TP: 0     | FP: 1345    | TN: 439173547 | FN: 0    

Snap 394 | CAPPED | True Edges: 0 | Cap Limit: 1275
  [UNCAPPED] Pred: 90812710 | TP: 0     | FP: 90812710 | TN: 348362182 | FN: 0    
  [CAPPED]   Pred: 1275    | TP: 0     | FP: 1275    | TN: 439173617 | FN: 0    

Snap 395 | CAPPED | True Edges: 0 | Cap Limit: 1240
  [UNCAPPED] Pred: 90691672 | TP: 0     | FP: 90691672 | TN: 348483220 | FN: 0    
  [CAPPED]   Pred: 1240    | TP: 0     | FP: 1240    | TN: 439173652 | FN: 0    

Snap 396 | CAPPED | True Edges: 0 | Cap Limit: 1245
  [UNCAPPED] Pred: 90643128 | TP: 0     | FP: 90643128 | TN: 348531764 | FN: 0    
  [CAPPED]   Pred: 1245    | TP: 0     | FP: 1245    | TN: 439173647 | FN: 0    

Snap 397 | CAPPED | True Edges: 0 | Cap Limit: 1625
  [UNCAPPED] Pred: 90605196 | TP: 0     | FP: 90605196 | TN: 348569696 | FN: 0    
  [CAPPED]   Pred: 1625    | TP: 0     | FP: 1625    | TN: 439173267 | FN: 0    

Snap 398 | CAPPED | True Edges: 0 | Cap Limit: 1530
  [UNCAPPED] Pred: 90230794 | TP: 0     | FP: 90230794 | TN: 348944098 | FN: 0    
  [CAPPED]   Pred: 1530    | TP: 0     | FP: 1530    | TN: 439173362 | FN: 0    

Snap 399 | CAPPED | True Edges: 0 | Cap Limit: 1430
  [UNCAPPED] Pred: 90043918 | TP: 0     | FP: 90043918 | TN: 349130974 | FN: 0    
  [CAPPED]   Pred: 1430    | TP: 0     | FP: 1430    | TN: 439173462 | FN: 0    

Snap 400 | CAPPED | True Edges: 0 | Cap Limit: 1360
  [UNCAPPED] Pred: 89642558 | TP: 0     | FP: 89642558 | TN: 349532334 | FN: 0    
  [CAPPED]   Pred: 1360    | TP: 0     | FP: 1360    | TN: 439173532 | FN: 0    

Snap 401 | CAPPED | True Edges: 0 | Cap Limit: 1290
  [UNCAPPED] Pred: 89420116 | TP: 0     | FP: 89420116 | TN: 349754776 | FN: 0    
  [CAPPED]   Pred: 1290    | TP: 0     | FP: 1290    | TN: 439173602 | FN: 0    

Snap 402 | CAPPED | True Edges: 0 | Cap Limit: 1320
  [UNCAPPED] Pred: 89541508 | TP: 0     | FP: 89541508 | TN: 349633384 | FN: 0    
  [CAPPED]   Pred: 1320    | TP: 0     | FP: 1320    | TN: 439173572 | FN: 0    

Snap 403 | CAPPED | True Edges: 0 | Cap Limit: 1305
  [UNCAPPED] Pred: 89778454 | TP: 0     | FP: 89778454 | TN: 349396438 | FN: 0    
  [CAPPED]   Pred: 1305    | TP: 0     | FP: 1305    | TN: 439173587 | FN: 0    
Saved 5x-Capped ROLAND sparse graphs to data/output/predicted/ROLAND/Reddit_B_128_0.001_3_5_undirected_threshold_5xCap.pkl

--- DATASET: Reddit_B (ROLAND) METRICS ---
TRAIN:  Time=105.03s, GPU=816.00MB, RAM=4117.68MB
THRESH: Time=1.13s, GPU=816.00MB, RAM=4128.46MB
CONST:  Time=552.69s, GPU=21286.00MB, RAM=3186.80MB

========================================================================
COMPLETED DATASET: Reddit_B
========================================================================
========================================================================
STARTING GLOBAL DATASET: tgbl-wiki
========================================================================
Seed set to: 42
[Checking Graph Integrity for 31 snapshots...]
[Done] Total Snapshots processed: 31

Statistics for tgbl-wiki:
	Nodes: 9227
	Edges: 39804
	Snaps: 31
	Dur: 1D
--- Training ROLAND (tgbl-wiki) | Persistence: 15 ---
Epoch 001 | Loss: 0.196878 | Train AUC: 0.9776
Epoch 010 | Loss: 0.104811 | Train AUC: 0.9855
Epoch 020 | Loss: 0.096263 | Train AUC: 0.9885
Epoch 030 | Loss: 0.090091 | Train AUC: 0.9881
Epoch 040 | Loss: 0.084649 | Train AUC: 0.9889
Epoch 050 | Loss: 0.079752 | Train AUC: 0.9894
Epoch 060 | Loss: 0.082888 | Train AUC: 0.9896
Epoch 070 | Loss: 0.084303 | Train AUC: 0.9893
Epoch 080 | Loss: 0.076845 | Train AUC: 0.9901
Epoch 090 | Loss: 0.073283 | Train AUC: 0.9913
Epoch 100 | Loss: 0.069008 | Train AUC: 0.9920
Epoch 110 | Loss: 0.071460 | Train AUC: 0.9918
Epoch 120 | Loss: 0.064812 | Train AUC: 0.9931
Epoch 130 | Loss: 0.060631 | Train AUC: 0.9937
Epoch 140 | Loss: 0.060978 | Train AUC: 0.9937
Epoch 150 | Loss: 0.056148 | Train AUC: 0.9941
Epoch 160 | Loss: 0.054127 | Train AUC: 0.9949
Epoch 170 | Loss: 0.053753 | Train AUC: 0.9944
Epoch 180 | Loss: 0.050404 | Train AUC: 0.9952
Epoch 190 | Loss: 0.048028 | Train AUC: 0.9953
Epoch 200 | Loss: 0.048670 | Train AUC: 0.9954
--- Probability Distribution Check ---
Positives | Mean: 0.682820 | Std: 0.423945 | Max: 0.999127 | Min: 0.000000
Negatives | Mean: 0.034250 | Std: 0.164078 | Max: 0.996627 | Min: 0.000000
--- Probability Distribution Check ---
Positives | Mean: 0.682820 | Std: 0.423945 | Max: 0.999127 | Min: 0.000000
Negatives | Mean: 0.034250 | Std: 0.164078 | Max: 0.996627 | Min: 0.000000
Optimal Threshold: 0.00 | Sampled Val F1: 0.8432
Loading data for tgbl-wiki with use_predicted=False, num_back=all, num_buckets=10, use_test_style=None
--- Starting ROLAND Sparse Construction (5x Dynamic Cap) ---

Snap 25 | CAPPED | True Edges: 1421 | Cap Limit: 7355
  [UNCAPPED] Pred: 12657354 | TP: 1115  | FP: 12656239 | TN: 72470642 | FN: 306  
  [CAPPED]   Pred: 7355    | TP: 11    | FP: 7344    | TN: 85119537 | FN: 1410 

Snap 26 | CAPPED | True Edges: 1421 | Cap Limit: 7105
  [UNCAPPED] Pred: 12680190 | TP: 1089  | FP: 12679101 | TN: 72447780 | FN: 332  
  [CAPPED]   Pred: 7105    | TP: 12    | FP: 7093    | TN: 85119788 | FN: 1409 

Snap 27 | CAPPED | True Edges: 1197 | Cap Limit: 7105
  [UNCAPPED] Pred: 12572076 | TP: 931   | FP: 12571145 | TN: 72555960 | FN: 266  
  [CAPPED]   Pred: 7105    | TP: 15    | FP: 7090    | TN: 85120015 | FN: 1182 

Snap 28 | CAPPED | True Edges: 1289 | Cap Limit: 5985
  [UNCAPPED] Pred: 12553808 | TP: 1034  | FP: 12552774 | TN: 72574239 | FN: 255  
  [CAPPED]   Pred: 5985    | TP: 12    | FP: 5973    | TN: 85121040 | FN: 1277 

Snap 29 | CAPPED | True Edges: 1153 | Cap Limit: 6445
  [UNCAPPED] Pred: 12324184 | TP: 878   | FP: 12323306 | TN: 72803843 | FN: 275  
  [CAPPED]   Pred: 6445    | TP: 10    | FP: 6435    | TN: 85120714 | FN: 1143 
Saved 5x-Capped ROLAND sparse graphs to data/output/predicted/ROLAND/tgbl-wiki_128_0.001_3_5_undirected_threshold_5xCap.pkl

--- DATASET: tgbl-wiki (ROLAND) METRICS ---
TRAIN:  Time=89.43s, GPU=408.00MB, RAM=1282.89MB
THRESH: Time=0.03s, GPU=408.00MB, RAM=1285.70MB
CONST:  Time=8.29s, GPU=9422.00MB, RAM=1960.46MB

========================================================================
COMPLETED DATASET: tgbl-wiki
========================================================================
