0,1,2,3,4,5,6,7,8,9,10,11,12,13,14,15,16,17,18,19,20,21,22,23,24,25,26,27,28,29
13.408182,10.63744,11.774868,11.880049,10.044819,10.959601,11.515446,9.836586,11.937037,12.893186,9.849018,12.200017,12.667064,10.73193,10.752054,12.714236,9.945993,11.992798,11.605229,9.451318,12.603864,12.834993,12.060651,12.455941,12.302837,12.65258,13.037445,12.86448,12.629259,15.638926
13.882893,11.026052,12.198203,12.299784,10.394322,11.360395,11.926306,10.18995,12.380786,13.36041,10.197788,12.644338,13.110348,11.121915,11.132501,13.162976,10.315455,12.4268465,12.015191,9.7706,13.0496435,13.275762,12.487896,12.904225,12.728736,13.110045,13.506219,13.304041,13.104901,16.196905
13.8835745,11.026604,12.198792,12.300353,10.394769,11.361012,11.9269085,10.190496,12.381419,13.36105,10.198268,12.644955,13.11097,11.1225,11.132996,13.163564,10.31601,12.427437,12.015746,9.771067,13.050329,13.276413,12.4885,12.9049,12.729302,13.11066,13.506921,13.304664,13.105597,16.197723
13.883528,11.026596,12.198797,12.300347,10.394804,11.360991,11.926899,10.190492,12.381391,13.361031,10.198281,12.644963,13.110993,11.122479,11.132997,13.163557,10.3160515,12.427431,12.01574,9.771064,13.050327,13.27643,12.488509,12.904862,12.729311,13.110664,13.506902,13.304662,13.105592,16.197706
13.883563,11.026612,12.198816,12.3003435,10.394787,11.361008,11.926924,10.190504,12.381438,13.361045,10.198277,12.644981,13.11098,11.122513,11.133012,13.163563,10.316029,12.427445,12.01575,9.7710705,13.050333,13.276425,12.488531,12.904908,12.729343,13.110678,13.506918,13.304663,13.105595,16.197737
13.88334,11.026419,12.19857,12.300124,10.394619,11.360795,11.926688,10.190336,12.381199,13.360799,10.198069,12.64473,13.110756,11.122304,11.132794,13.163359,10.315856,12.4272175,12.015524,9.770895,13.050102,13.276192,12.4882965,12.904652,12.729117,13.110442,13.506671,13.30447,13.10532,16.197418
13.883068,11.026163,12.198395,12.299906,10.394417,11.36057,11.926534,10.190048,12.380953,13.360584,10.197938,12.64449,13.110553,11.122065,11.132622,13.163031,10.315591,12.427035,12.015326,9.770696,13.049925,13.275936,12.488108,12.904466,12.728898,13.110165,13.506428,13.304212,13.105168,16.197128
13.883581,11.026609,12.198815,12.3003435,10.3948,11.361023,11.926929,10.19051,12.381442,13.361047,10.198286,12.645,13.110988,11.122504,11.133031,13.163582,10.316043,12.427442,12.015767,9.771081,13.050328,13.2764435,12.488539,12.904916,12.72934,13.110677,13.506927,13.304696,13.1055975,16.197744
13.88311,11.026264,12.198406,12.299994,10.394454,11.360638,11.926565,10.190167,12.381016,13.3606615,10.19798,12.644538,13.1105995,11.122144,11.132659,13.163137,10.315713,12.427061,12.015381,9.770773,13.049928,13.276056,12.488141,12.904541,12.728958,13.11025,13.506489,13.304241,13.105208,16.19725
13.883515,11.026566,12.198742,12.300299,10.3947525,11.360948,11.926868,10.190462,12.381369,13.360984,10.19823,12.644913,13.11091,11.12245,11.132955,13.163518,10.315976,12.427374,12.015716,9.771028,13.050252,13.276401,12.488476,12.904838,12.729286,13.11061,13.506861,13.304627,13.105519,16.197664
13.883636,11.026665,12.198877,12.300415,10.394838,11.361075,11.9269905,10.190569,12.381501,13.361128,10.198334,12.645059,13.11105,11.122554,11.133066,13.163645,10.316082,12.427515,12.015814,9.771119,13.050388,13.276509,12.488581,12.90497,12.729395,13.110748,13.50699,13.304745,13.105668,16.197819
13.883404,11.026482,12.198695,12.300248,10.394723,11.3608885,11.926806,10.190395,12.381278,13.360915,10.198186,12.644855,13.110881,11.122382,11.132918,13.163433,10.315951,12.427336,12.015616,9.770965,13.05023,13.276308,12.488414,12.904761,12.729211,13.110559,13.506777,13.304549,13.105478,16.197561
13.883358,11.026417,12.198616,12.300163,10.394625,11.3608465,11.926739,10.190296,12.381218,13.360835,10.1981325,12.644778,13.110793,11.122355,11.132854,13.163332,10.315856,12.427256,12.015567,9.770915,13.050139,13.276245,12.488357,12.904742,12.729128,13.110458,13.506698,13.304466,13.105411,16.197474
13.883552,11.026594,12.1988125,12.300332,10.39478,11.3610115,11.926923,10.190484,12.381418,13.361046,10.198273,12.644988,13.1109705,11.122489,11.133004,13.163571,10.316031,12.42743,12.015728,9.771047,13.050313,13.276424,12.488517,12.904885,12.7293215,13.110651,13.506905,13.304668,13.10559,16.1977
13.883016,11.026152,12.198259,12.299854,10.39433,11.360506,11.926429,10.190051,12.380856,13.360507,10.197764,12.644371,13.110394,11.121978,11.132542,13.163067,10.315509,12.426899,12.015231,9.770672,13.04977,13.275847,12.487934,12.904378,12.728775,13.110107,13.506348,13.304168,13.1050205,16.19705
13.883553,11.026606,12.198798,12.300321,10.394765,11.361,11.926904,10.190475,12.381416,13.361019,10.198266,12.6449585,13.110954,11.122464,11.133009,13.163557,10.316025,12.427427,12.015743,9.771055,13.050298,13.276419,12.488505,12.904887,12.729313,13.110642,13.506903,13.304673,13.105577,16.197716
13.883236,11.026298,12.198514,12.300056,10.394603,11.360694,11.926641,10.190258,12.381131,13.360709,10.19804,12.64466,13.110673,11.122229,11.132703,13.163238,10.315724,12.427096,12.015508,9.770878,13.049995,13.2761135,12.4882345,12.904545,12.7290745,13.110318,13.5065975,13.3043785,13.105172,16.197308
13.883489,11.026556,12.198781,12.300318,10.394778,11.360957,11.926873,10.190473,12.38137,13.361005,10.198245,12.644937,13.110951,11.122453,11.132968,13.163529,10.316023,12.427401,12.015709,9.771031,13.050283,13.27638,12.488468,12.904828,12.729288,13.110625,13.50686,13.304636,13.105547,16.197659
13.882945,11.025995,12.198234,12.299761,10.39439,11.360525,11.926369,10.190075,12.380863,13.360398,10.197813,12.644335,13.110454,11.122074,11.132389,13.162874,10.315524,12.426836,12.015283,9.770704,13.049737,13.27583,12.487982,12.90428,12.728825,13.11,13.506268,13.3041115,13.104826,16.19694
13.883138,11.026233,12.198477,12.300035,10.394556,11.360693,11.926604,10.190233,12.381049,13.360717,10.197977,12.644618,13.110676,11.122191,11.132678,13.163215,10.315779,12.427087,12.01542,9.770833,13.049986,13.276054,12.488169,12.904494,12.728991,13.110316,13.506485,13.304345,13.105182,16.19725
13.882885,11.025998,12.198206,12.299698,10.394216,11.3604355,11.926303,10.189931,12.380794,13.360374,10.197696,12.644285,13.110306,11.12192,11.13243,13.162893,10.315437,12.426843,12.015126,9.770583,13.049677,13.27569,12.487848,12.904254,12.728653,13.109951,13.506205,13.3040085,13.104887,16.196852
13.883259,11.026334,12.198574,12.300057,10.39463,11.360802,11.926667,10.190318,12.381136,13.360776,10.198063,12.644736,13.110765,11.122306,11.132734,13.163271,10.315843,12.4271345,12.015546,9.77093,13.050075,13.276122,12.488272,12.904591,12.729087,13.110358,13.506615,13.304409,13.105252,16.197378
13.883617,11.026639,12.198868,12.30039,10.394825,11.361052,11.926964,10.190537,12.381485,13.361093,10.198318,12.645035,13.111026,11.122535,11.13306,13.16362,10.316063,12.4274845,12.015805,9.771109,13.050363,13.276474,12.488555,12.904936,12.7293825,13.110709,13.506973,13.304722,13.105637,16.197796
13.883605,11.026635,12.198845,12.300382,10.394809,11.361038,11.9269705,10.190513,12.381483,13.361079,10.1983185,12.64502,13.1110115,11.122521,11.133057,13.163596,10.316054,12.427481,12.015797,9.7711,13.050351,13.27645,12.488551,12.90494,12.729366,13.110693,13.506956,13.304702,13.105633,16.19777
13.883652,11.026657,12.198866,12.30039,10.394855,11.361069,11.926978,10.190558,12.381532,13.3611,10.198322,12.645056,13.111044,11.122575,11.133061,13.163628,10.316078,12.427502,12.015841,9.77112,13.050381,13.276507,12.488593,12.904975,12.729416,13.110725,13.507011,13.304757,13.105648,16.197811
13.883125,11.02625,12.198444,12.299966,10.394527,11.360633,11.926603,10.190171,12.381027,13.360621,10.197996,12.644576,13.1106205,11.122149,11.132675,13.163148,10.31568,12.427047,12.015402,9.770794,13.049925,13.276005,12.488156,12.904478,12.728975,13.1102915,13.5065,13.304275,13.105159,16.197208
13.883515,11.0265665,12.198769,12.300307,10.394757,11.360957,11.926889,10.190456,12.381388,13.361001,10.198248,12.64495,13.110949,11.122462,11.132969,13.163521,10.315995,12.4274,12.01572,9.771041,13.050288,13.276394,12.488492,12.904855,12.729291,13.110613,13.506858,13.304632,13.105545,16.19768
13.88215,11.025442,12.1976,12.299138,10.393909,11.359796,11.925725,10.189486,12.380164,13.359666,10.197354,12.643668,13.1097975,11.121433,11.131829,13.162177,10.314853,12.426214,12.014564,9.7701435,13.049074,13.275094,12.487369,12.903501,12.728032,13.109398,13.505508,13.303287,13.104095,16.196115
13.883615,11.026633,12.198856,12.300375,10.394828,11.361057,11.926957,10.190547,12.381486,13.361089,10.198322,12.645037,13.111026,11.122541,11.133055,13.1636095,10.316078,12.427486,12.015808,9.771105,13.05036,13.276475,12.488564,12.904946,12.729383,13.110708,13.506961,13.304721,13.105633,16.197794
13.883421,11.026492,12.198692,12.300228,10.39464,11.360897,11.92681,10.190393,12.381339,13.360921,10.198145,12.644832,13.110864,11.122384,11.132888,13.163431,10.315913,12.427322,12.015636,9.770981,13.050165,13.27628,12.488364,12.904764,12.729218,13.1104965,13.506758,13.304555,13.105413,16.197554
13.8833275,11.026431,12.1986,12.300134,10.394592,11.36079,11.926726,10.190296,12.381246,13.360818,10.1981125,12.644738,13.110752,11.1222725,11.132827,13.163353,10.315815,12.427251,12.015577,9.770935,13.050076,13.276197,12.488303,12.904678,12.729113,13.110413,13.5066805,13.304469,13.105329,16.197456
13.883696,11.026712,12.198934,12.300456,10.394883,11.361117,11.927037,10.190593,12.381551,13.361167,10.1983795,12.645115,13.111103,11.122598,11.133119,13.163692,10.316135,12.427553,12.015866,9.771152,13.0504465,13.276547,12.488637,12.905017,12.729441,13.110794,13.507049,13.304798,13.105733,16.197887
13.883538,11.026584,12.198801,12.3003435,10.3947935,11.360985,11.926906,10.19049,12.3814125,13.361041,10.198278,12.644963,13.110976,11.122484,11.132985,13.16355,10.316029,12.427438,12.01573,9.771045,13.050324,13.276405,12.488513,12.904867,12.729306,13.110655,13.506911,13.30466,13.105595,16.1977
13.883602,11.026609,12.198828,12.300353,10.394809,11.361011,11.926936,10.190512,12.381458,13.361047,10.198305,12.644993,13.110989,11.122503,11.133032,13.163569,10.316038,12.427451,12.015768,9.771083,13.050324,13.276441,12.488535,12.9049015,12.729354,13.110686,13.506933,13.304688,13.105595,16.197735
13.883231,11.026321,12.198559,12.300069,10.394647,11.360782,11.926651,10.190271,12.381146,13.360712,10.198128,12.644687,13.110782,11.12227,11.132717,13.163225,10.315802,12.427173,12.015506,9.770919,13.050044,13.276081,12.488273,12.904541,12.729062,13.11035,13.506572,13.304354,13.105211,16.197334
13.883689,11.026706,12.198924,12.300452,10.394875,11.36112,11.927031,10.190598,12.381548,13.361162,10.198377,12.645109,13.111097,11.122599,11.133116,13.163688,10.3161335,12.427552,12.01587,9.771156,13.050438,13.276546,12.488627,12.905018,12.7294445,13.110791,13.50704,13.304791,13.105724,16.197887
13.883702,11.026711,12.198919,12.300456,10.394886,11.361118,11.927034,10.190603,12.381557,13.361164,10.198374,12.645109,13.111098,11.122609,11.133114,13.163688,10.316132,12.427548,12.015875,9.77116,13.050436,13.276547,12.488633,12.905021,12.729449,13.110788,13.5070505,13.3047905,13.105719,16.197882
13.883675,11.026701,12.198914,12.300442,10.394868,11.361105,11.927019,10.19059,12.381534,13.361156,10.198368,12.645093,13.111081,11.122586,11.133107,13.163674,10.316116,12.427537,12.015858,9.771144,13.050425,13.276535,12.488621,12.905006,12.729435,13.110775,13.507027,13.30478,13.105702,16.197874
13.882802,11.025942,12.198101,12.299726,10.394243,11.360392,11.926326,10.189911,12.380693,13.360353,10.197743,12.644226,13.110266,11.121893,11.132408,13.162869,10.315446,12.426753,12.015067,9.770566,13.049607,13.27572,12.487784,12.904183,12.728662,13.109914,13.506109,13.303957,13.104841,16.196781
13.88366,11.026674,12.198894,12.300415,10.39486,11.361084,11.927,10.190567,12.381513,13.361127,10.198355,12.645074,13.111067,11.122573,11.133085,13.163652,10.316096,12.42752,12.0158415,9.771131,13.050406,13.276507,12.488606,12.9049835,12.729419,13.110746,13.50701,13.304758,13.105677,16.19784
13.883684,11.026703,12.198924,12.300448,10.394872,11.361113,11.927029,10.190595,12.381551,13.361165,10.198374,12.645111,13.111098,11.122595,11.133106,13.163683,10.316133,12.427544,12.015873,9.771158,13.05043,13.276541,12.488625,12.905009,12.729443,13.110776,13.5070305,13.304792,13.105711,16.197876
13.883317,11.02638,12.198602,12.300119,10.394622,11.360766,11.926689,10.190289,12.381226,13.360777,10.198112,12.644738,13.110733,11.122312,11.132853,13.163315,10.315798,12.427246,12.015525,9.770868,13.050088,13.276204,12.488322,12.904671,12.729135,13.110416,13.506692,13.304427,13.105327,16.197437
13.883479,11.026505,12.198726,12.300265,10.394719,11.360952,11.926834,10.1904,12.381332,13.360926,10.198207,12.644898,13.110885,11.12245,11.132943,13.163453,10.315949,12.427344,12.015665,9.770993,13.0502405,13.27635,12.488451,12.904827,12.729233,13.110559,13.506805,13.304574,13.105493,16.197603
13.883201,11.026305,12.198485,12.300041,10.394504,11.360686,11.926625,10.190201,12.381093,13.360712,10.198037,12.644622,13.110661,11.122188,11.132699,13.163208,10.3157215,12.427131,12.015448,9.770829,13.050013,13.276093,12.488197,12.904571,12.729009,13.110288,13.506557,13.304318,13.105243,16.197304
13.883058,11.026172,12.198371,12.2998905,10.3944025,11.360547,11.926484,10.190052,12.380994,13.360556,10.1979065,12.644466,13.110498,11.122035,11.13266,13.16309,10.315545,12.427009,12.01536,9.770746,13.049777,13.275867,12.488021,12.904402,12.728927,13.110142,13.506415,13.304194,13.105006,16.197107
13.883172,11.026268,12.198446,12.299951,10.3945465,11.36069,11.926559,10.190228,12.38106,13.36062,10.197984,12.644584,13.110637,11.122206,11.132654,13.163173,10.3157215,12.427062,12.015395,9.770819,13.049927,13.276037,12.488181,12.904473,12.728999,13.110263,13.50651,13.304294,13.105109,16.19721
13.883194,11.026285,12.198485,12.300067,10.394542,11.360638,11.9266,10.190232,12.381087,13.360711,10.198004,12.644627,13.110614,11.122172,11.132682,13.16324,10.315714,12.427077,12.015437,9.770815,13.049961,13.27607,12.488182,12.904523,12.729004,13.1103115,13.50655,13.304319,13.105175,16.197273
13.883566,11.026605,12.198824,12.30036,10.394778,11.36101,11.926934,10.190501,12.38144,13.361051,10.198276,12.644986,13.111,11.1224985,11.133022,13.163573,10.316033,12.427457,12.015758,9.771083,13.050334,13.276416,12.488506,12.904905,12.729349,13.110662,13.506919,13.304679,13.105588,16.197739
13.883635,11.02665,12.19887,12.300406,10.394835,11.361073,11.926979,10.19055,12.381483,13.361113,10.198327,12.645045,13.111051,11.122551,11.133059,13.16363,10.316092,12.4275,12.015811,9.771123,13.05039,13.2764845,12.488573,12.904955,12.729394,13.110719,13.506969,13.304735,13.105659,16.197807
13.883024,11.026135,12.198339,12.29986,10.394362,11.360599,11.926483,10.190099,12.380958,13.360547,10.19787,12.644478,13.110531,11.122116,11.132555,13.163051,10.315604,12.426947,12.015327,9.770734,13.049799,13.275926,12.488033,12.904429,12.728909,13.110117,13.506369,13.304183,13.10502,16.197077
13.883215,11.026269,12.198457,12.300002,10.394504,11.360718,11.926632,10.1902275,12.381092,13.360737,10.197984,12.644664,13.110633,11.122209,11.132745,13.163235,10.315709,12.427095,12.015386,9.770829,13.049955,13.276118,12.488225,12.9046,12.728972,13.110317,13.506511,13.304332,13.105207,16.197264
13.883289,11.026335,12.198582,12.300074,10.394578,11.360754,11.926687,10.190243,12.381169,13.360773,10.198077,12.644701,13.110728,11.1222515,11.132787,13.163259,10.315761,12.427207,12.01551,9.770856,13.050094,13.276127,12.488277,12.90464,12.729092,13.110396,13.506656,13.304394,13.105323,16.197369
13.882796,11.02594,12.198112,12.299618,10.394254,11.360308,11.92623,10.189852,12.380675,13.3603115,10.197694,12.644212,13.110276,11.121846,11.132379,13.162799,10.315415,12.426766,12.015037,9.770489,13.049655,13.27561,12.487827,12.904156,12.728632,13.109944,13.506176,13.303941,13.104877,16.196726
13.883129,11.026214,12.198395,12.29994,10.394501,11.36059,11.926527,10.19015,12.381022,13.360602,10.19794,12.644533,13.110552,11.122096,11.132658,13.16315,10.315644,12.427018,12.015409,9.770775,13.049867,13.275994,12.488097,12.904443,12.728968,13.110257,13.506477,13.304267,13.105114,16.197166
13.883372,11.02644,12.198678,12.300214,10.394658,11.360881,11.926798,10.1903515,12.3812895,13.360892,10.1982,12.644846,13.110854,11.122369,11.132869,13.163398,10.315904,12.427305,12.015601,9.770958,13.050178,13.276275,12.488379,12.904747,12.729177,13.1104765,13.506727,13.304503,13.105418,16.197506
13.883561,11.026598,12.198793,12.300327,10.394774,11.361,11.926918,10.190476,12.381418,13.361024,10.198288,12.644965,13.110975,11.122484,11.132989,13.163545,10.316002,12.427436,12.015735,9.771061,13.050308,13.276402,12.488513,12.904884,12.729317,13.110656,13.506892,13.304644,13.105573,16.1977
13.883673,11.026694,12.198905,12.300442,10.394863,11.3610935,11.92701,10.19058,12.381526,13.361147,10.198359,12.645089,13.111072,11.12258,11.1331005,13.163678,10.3161,12.427525,12.015845,9.771137,13.050417,13.276527,12.4886055,12.904997,12.72942,13.110765,13.507024,13.3047695,13.105695,16.197865
13.882429,11.025675,12.19778,12.299435,10.394025,11.359987,11.926015,10.189653,12.380313,13.359989,10.19737,12.643873,13.109942,11.1216,11.13206,13.162492,10.3151655,12.426325,12.014748,9.7703,13.049279,13.275402,12.487501,12.903822,12.728306,13.10964,13.5057335,13.303634,13.104419,16.196377
13.882787,11.025913,12.198047,12.299547,10.394185,11.360294,11.926206,10.189799,12.380665,13.36017,10.197601,12.64415,13.110202,11.121843,11.132325,13.162729,10.315308,12.426671,12.015036,9.770495,13.04952,13.27558,12.487799,12.904114,12.7285595,13.109859,13.506084,13.303898,13.1047,16.196693
13.882886,11.026012,12.198236,12.2998,10.394302,11.3605,11.926366,10.190034,12.380781,13.36045,10.197742,12.644341,13.110386,11.121999,11.132455,13.162945,10.315582,12.426823,12.015145,9.770616,13.049682,13.2758,12.487885,12.9042635,12.728755,13.110012,13.506185,13.30407,13.104912,16.196926
13.883692,11.026704,12.19892,12.300459,10.394877,11.361115,11.927028,10.190589,12.381546,13.361168,10.198375,12.645107,13.111105,11.122603,11.133109,13.163684,10.316131,12.42755,12.0158615,9.7711525,13.050443,13.276535,12.48863,12.905013,12.729444,13.110783,13.507036,13.304785,13.105723,16.197872
13.883313,11.026398,12.198589,12.300128,10.394615,11.360768,11.926704,10.190324,12.381169,13.360809,10.19808,12.644739,13.11074,11.122287,11.132771,13.163345,10.315841,12.427188,12.015514,9.770882,13.050096,13.276198,12.488301,12.904629,12.729109,13.110405,13.506666,13.304433,13.1053095,16.197424
13.883611,11.026631,12.198841,12.300363,10.39481,11.361052,11.92695,10.190532,12.381461,13.361075,10.198308,12.645019,13.111022,11.122539,11.133044,13.163596,10.316055,12.427474,12.015786,9.771098,13.050359,13.27646,12.488557,12.904941,12.729368,13.110711,13.506951,13.304696,13.105641,16.197777
13.883643,11.0266695,12.198879,12.3004055,10.394838,11.361074,11.926985,10.190558,12.381504,13.361116,10.1983385,12.645055,13.111051,11.122557,11.133069,13.163638,10.316089,12.4275055,12.015826,9.771117,13.050393,13.276502,12.48859,12.904975,12.7294035,13.11074,13.506989,13.304744,13.105667,16.19783
13.082844,10.390894,11.490723,11.566481,9.809207,10.694695,11.197891,9.578444,11.633847,12.5557375,9.615997,11.8838415,12.36884,10.49402,10.527952,12.432308,9.710306,11.718651,11.272593,9.233242,12.294293,12.525067,11.788592,12.143693,11.985059,12.335746,12.703039,12.551395,12.276402,15.234145
13.885487,11.028217,12.200651,12.302279,10.396505,11.363003,11.928842,10.192065,12.383209,13.362934,10.200007,12.646778,13.112924,11.124162,11.135049,13.165541,10.317649,12.429381,12.017717,9.772877,13.052141,13.278381,12.49051,12.906961,12.731344,13.112518,13.50883,13.306677,13.107428,16.199484
13.886226,11.02884,12.20136,12.303032,10.397043,11.363586,11.92963,10.192766,12.383979,13.363711,10.20055,12.647518,13.113657,11.12472,11.135592,13.1662445,10.318262,12.430003,12.018435,9.77337,13.052869,13.279172,12.4911175,12.907664,12.7320595,13.113266,13.509652,13.307409,13.108282,16.200462
13.885755,11.028477,12.201004,12.302632,10.396749,11.363178,11.929256,10.192436,12.383617,13.363316,10.200233,12.647193,13.11322,11.12434,11.135295,13.165877,10.317948,12.429586,12.018078,9.773027,13.052475,13.278761,12.490751,12.907256,12.731697,13.112831,13.509288,13.307023,13.107878,16.199965
13.886312,11.02888,12.201423,12.303068,10.397108,11.363651,11.929664,10.192808,12.384044,13.363765,10.200583,12.647607,13.113704,11.124775,11.13566,13.166308,10.318328,12.43005,12.018483,9.773402,13.052936,13.279223,12.491194,12.90773,12.732097,13.113316,13.509735,13.307471,13.108363,16.200525
13.886464,11.029017,12.201586,12.303233,10.397222,11.363803,11.9298115,10.192931,12.384196,13.363934,10.200724,12.647771,13.113878,11.12492,11.1358,13.166463,10.318479,12.430215,12.018637,9.773523,13.053109,13.279369,12.491337,12.907902,12.732266,13.113476,13.509899,13.30762,13.108551,16.200737
13.886545,11.029093,12.201676,12.303318,10.3972845,11.363862,11.929897,10.193003,12.384295,13.364027,10.2007885,12.647854,13.113958,11.124975,11.135867,13.166549,10.318541,12.4303,12.018723,9.77358,13.053191,13.279445,12.491408,12.907971,12.732356,13.113563,13.509996,13.307711,13.10864,16.200846
13.886356,11.028935,12.201509,12.3031645,10.39716,11.363669,11.929741,10.192859,12.384121,13.363858,10.200649,12.647668,13.113785,11.124815,11.135717,13.166368,10.318364,12.430141,12.018556,9.773444,13.05301,13.279253,12.491225,12.907796,12.732205,13.113392,13.509827,13.307523,13.108452,16.200615
13.886333,11.028923,12.201489,12.303154,10.39715,11.363676,11.92972,10.192861,12.384104,13.363837,10.200635,12.647659,13.113776,11.124823,11.135683,13.16635,10.318384,12.430107,12.018551,9.773425,13.053002,13.279255,12.491235,12.907765,12.732164,13.113377,13.509791,13.307521,13.108441,16.200605
13.886378,11.028948,12.20151,12.303196,10.397161,11.363726,11.929751,10.192882,12.384123,13.363879,10.20067,12.647676,13.113797,11.124858,11.135709,13.166383,10.318414,12.430153,12.018571,9.773465,13.053042,13.279306,12.491267,12.90781,12.732197,13.1134,13.5098095,13.30756,13.108465,16.20065
13.886508,11.029066,12.201637,12.303291,10.397254,11.363831,11.929859,10.192981,12.384259,13.363988,10.200761,12.647818,13.113916,11.124951,11.135829,13.166519,10.318507,12.4302635,12.018695,9.773552,13.053151,13.279427,12.491373,12.907935,12.732322,13.113525,13.509956,13.307672,13.108595,16.200815
13.886273,11.028868,12.201411,12.303075,10.397084,11.363638,11.929635,10.192796,12.384023,13.363758,10.200581,12.647582,13.1136875,11.124766,11.135652,13.166291,10.318327,12.430058,12.018462,9.7733965,13.052955,13.279194,12.491178,12.907728,12.732091,13.113289,13.509734,13.307445,13.108361,16.20053
13.886297,11.028902,12.201483,12.303107,10.397117,11.363673,11.929697,10.192832,12.384082,13.36381,10.200634,12.6476555,13.113761,11.124796,11.135662,13.166336,10.318369,12.4300995,12.018524,9.773424,13.052994,13.279239,12.491202,12.90775,12.732136,13.113326,13.5097685,13.307502,13.108406,16.200577
13.886339,11.028924,12.201499,12.303165,10.397109,11.363731,11.929737,10.192861,12.3841095,13.363844,10.200664,12.647646,13.113793,11.124826,11.135701,13.166353,10.318387,12.430136,12.018572,9.773448,13.052997,13.279286,12.491221,12.90782,12.732204,13.113373,13.509786,13.307528,13.108444,16.200642
13.886401,11.028977,12.201547,12.303188,10.397181,11.36375,11.929761,10.192906,12.384155,13.363894,10.200672,12.647713,13.113821,11.124868,11.135755,13.166412,10.318432,12.4301815,12.018592,9.773488,13.053056,13.279314,12.4912815,12.907844,12.732227,13.113426,13.5098505,13.307575,13.108494,16.20069
13.886521,11.029081,12.201658,12.303303,10.397276,11.363846,11.929878,10.192994,12.384274,13.364011,10.200769,12.647842,13.113942,11.124954,11.135857,13.166537,10.318539,12.4302845,12.018705,9.773571,13.053174,13.279433,12.491389,12.907953,12.732336,13.113549,13.509974,13.307703,13.108621,16.200838
13.886368,11.028938,12.201523,12.303167,10.397178,11.3637295,11.929741,10.192885,12.384115,13.363855,10.200664,12.647692,13.11379,11.124861,11.135695,13.16638,10.31843,12.430115,12.018567,9.773459,13.053026,13.279293,12.491259,12.907789,12.73219,13.113377,13.509805,13.3075485,13.108441,16.200626
13.886466,11.029025,12.201599,12.303237,10.397237,11.363795,11.929823,10.192947,12.384221,13.363939,10.2007265,12.647774,13.113892,11.124928,11.135787,13.166456,10.318478,12.430222,12.018663,9.773531,13.053115,13.279375,12.491348,12.907897,12.73229,13.113485,13.509923,13.307634,13.108549,16.200756
13.886413,11.028983,12.201541,12.3032,10.39718,11.363761,11.929772,10.192901,12.384158,13.363875,10.200681,12.647717,13.113835,11.124884,11.135746,13.166419,10.318432,12.4301605,12.018612,9.773491,13.053058,13.27933,12.491283,12.907844,12.73223,13.113435,13.509859,13.307581,13.10849,16.200684
13.886199,11.028826,12.201364,12.302993,10.39703,11.363594,11.929593,10.192741,12.38399,13.363702,10.200523,12.647539,13.113632,11.124727,11.135604,13.166229,10.318271,12.429984,12.018435,9.773356,13.052849,13.279138,12.491113,12.907664,12.732053,13.1132345,13.509653,13.307384,13.108286,16.200443
13.886593,11.029133,12.201719,12.303359,10.397323,11.36391,11.9299345,10.19305,12.384334,13.364072,10.2008295,12.6479025,13.114003,11.125024,11.1359,13.16659,10.318579,12.430338,12.01877,9.773621,13.053231,13.279499,12.49146,12.908014,12.7324,13.113606,13.510044,13.307752,13.108679,16.200912
13.886331,11.02893,12.201479,12.303148,10.397141,11.363683,11.929711,10.192846,12.384079,13.36383,10.200639,12.647647,13.113761,11.124817,11.135701,13.166349,10.318379,12.430123,12.0185375,9.773438,13.053005,13.279283,12.491244,12.907782,12.732166,13.11337,13.509788,13.30751,13.108443,16.20061
13.886277,11.028877,12.201396,12.3030615,10.397078,11.363618,11.929666,10.19278,12.3840275,13.363738,10.200583,12.647562,13.11369,11.124754,11.135636,13.166265,10.318284,12.43003,12.01848,9.773382,13.0529175,13.279186,12.4911585,12.907717,12.7321,13.113303,13.509733,13.307435,13.108361,16.200506
13.886474,11.02902,12.201602,12.303236,10.397229,11.363821,11.929818,10.192947,12.384212,13.36394,10.200735,12.647779,13.11389,11.124942,11.135795,13.166471,10.318475,12.430228,12.018652,9.773538,13.053119,13.279378,12.491347,12.907905,12.732282,13.113486,13.509903,13.30763,13.108547,16.200748
13.885725,11.028355,12.200944,12.302547,10.396743,11.363284,11.929168,10.192414,12.383487,13.363254,10.200246,12.647089,13.113256,11.124433,11.135168,13.165741,10.31788,12.42957,12.018022,9.773117,13.052427,13.278705,12.490739,12.907203,12.731654,13.112753,13.509128,13.306927,13.107709,16.199837
13.88656,11.029112,12.201687,12.303325,10.397296,11.363871,11.9299,10.193019,12.3843155,13.364028,10.200803,12.647871,13.113969,11.124999,11.135878,13.166558,10.318547,12.430313,12.018738,9.773587,13.053197,13.279459,12.49143,12.90798,12.732368,13.113577,13.510013,13.307714,13.108646,16.200874
13.886557,11.029102,12.201671,12.303326,10.397287,11.363867,11.929892,10.193012,12.384309,13.364024,10.200792,12.647857,13.113963,11.124994,11.135864,13.166544,10.318542,12.430305,12.018735,9.773586,13.053191,13.279454,12.491415,12.907978,12.732357,13.113564,13.510002,13.307709,13.108638,16.200857
13.886113,11.0287285,12.20133,12.302935,10.396995,11.363506,11.929522,10.1927,12.383953,13.363586,10.200517,12.64747,13.11361,11.124669,11.135518,13.166133,10.318203,12.429948,12.018366,9.773303,13.052783,13.279015,12.491035,12.907544,12.731993,13.113141,13.509599,13.307303,13.108168,16.200348
13.886338,11.028886,12.201476,12.3031025,10.3971195,11.363638,11.9297,10.192829,12.384078,13.3638,10.200646,12.647641,13.113744,11.124793,11.135677,13.166316,10.31832,12.430098,12.018519,9.773406,13.05299,13.279219,12.491226,12.907766,12.732168,13.113337,13.509797,13.307469,13.108406,16.20057
13.886518,11.029069,12.201647,12.303299,10.397263,11.363842,11.929866,10.192986,12.384267,13.363999,10.200764,12.647825,13.11394,11.12496,11.135842,13.166526,10.318529,12.430276,12.018703,9.773565,13.05316,13.279429,12.491379,12.907947,12.732335,13.113535,13.509961,13.307692,13.108608,16.200823
13.886497,11.029047,12.2016115,12.303266,10.3972435,11.363815,11.929838,10.1929655,12.384241,13.363966,10.200754,12.647803,13.113905,11.124935,11.135819,13.166492,10.318481,12.4302435,12.018673,9.773541,13.053128,13.279395,12.491371,12.90792,12.732302,13.113509,13.50994,13.307643,13.108572,16.200787
13.88606,11.028683,12.201238,12.302856,10.396983,11.363468,11.929443,10.192671,12.383862,13.363513,10.200422,12.647378,13.113528,11.1246395,11.135446,13.166058,10.318176,12.429858,12.018325,9.773277,13.052744,13.2789955,12.491004,12.907503,12.731949,13.113068,13.5095415,13.30727,13.10809,16.200262
13.886374,11.028956,12.201512,12.303167,10.397166,11.363712,11.929733,10.192877,12.384146,13.363845,10.200673,12.647686,13.113811,11.12485,11.135718,13.166377,10.318403,12.430167,12.018579,9.773469,13.053036,13.279275,12.491266,12.907808,12.732194,13.113402,13.509822,13.307542,13.10846,16.200651
13.886571,11.029114,12.201698,12.303334,10.397305,11.363884,11.92991,10.193028,12.384317,13.364048,10.200812,12.6478815,13.113979,11.125006,11.135884,13.166565,10.3185625,12.430318,12.018746,9.773591,13.053211,13.279475,12.491438,12.907993,12.732375,13.113585,13.510023,13.307732,13.108662,16.200882
13.886455,11.029022,12.2016,12.303242,10.397213,11.363786,11.929809,10.192938,12.384215,13.36393,10.200734,12.647766,13.113866,11.124908,11.1357975,13.16646,10.318455,12.430233,12.018639,9.773516,13.053101,13.279377,12.49134,12.90789,12.732275,13.11348,13.509902,13.3076105,13.108537,16.200754
13.885847,11.0284815,12.200959,12.30264,10.396709,11.363193,11.929256,10.192399,12.383547,13.363279,10.20017,12.647077,13.113244,11.1244,11.135214,13.165766,10.317912,12.429561,12.018083,9.773059,13.0525055,13.278744,12.490745,12.907314,12.73165,13.112823,13.509215,13.306999,13.107869,16.199966
13.885713,11.028347,12.200906,12.302517,10.396685,11.363075,11.929107,10.19235,12.383542,13.363161,10.200086,12.647068,13.113134,11.12432,11.135142,13.165749,10.3178215,12.429473,12.017986,9.772943,13.052338,13.278589,12.49062,12.907124,12.731585,13.11269,13.509187,13.306853,13.107717,16.199768
13.886557,11.029105,12.201686,12.303334,10.397294,11.3638735,11.929906,10.193018,12.384304,13.36404,10.200799,12.647866,13.113969,11.124991,11.135875,13.166555,10.318551,12.430308,12.018737,9.773587,13.053203,13.279464,12.4914255,12.907986,12.732366,13.113579,13.51001,13.307718,13.10865,16.20087
13.8861885,11.028788,12.201298,12.303009,10.397017,11.363545,11.929574,10.192723,12.38393,13.363637,10.200481,12.647475,13.11363,11.124683,11.135562,13.166193,10.318277,12.429932,12.018376,9.773305,13.052824,13.27909,12.491056,12.907608,12.731994,13.113205,13.509581,13.307351,13.108281,16.200388
13.886532,11.029084,12.201664,12.303307,10.397284,11.363849,11.92988,10.193003,12.384278,13.364007,10.200786,12.647848,13.1139555,11.124973,11.135857,13.1665325,10.3185425,12.430288,12.018722,9.773575,13.053181,13.279436,12.491405,12.90796,12.732345,13.113548,13.50998,13.307699,13.10862,16.200846
13.886457,11.029017,12.2015705,12.303231,10.3972025,11.363784,11.929799,10.192933,12.384207,13.363915,10.200704,12.647744,13.113869,11.124909,11.135768,13.166445,10.318461,12.430202,12.01864,9.773509,13.053086,13.279342,12.491314,12.907873,12.732257,13.113453,13.509884,13.30761,13.108524,16.200727
13.886212,11.028829,12.201374,12.303038,10.397058,11.363586,11.929639,10.192775,12.383974,13.363719,10.200555,12.647543,13.113664,11.124728,11.13558,13.166228,10.318288,12.430001,12.018446,9.773384,13.052894,13.279156,12.491124,12.907672,12.732064,13.113264,13.509666,13.30739,13.108302,16.200478
13.886357,11.028948,12.201508,12.303126,10.39715,11.363728,11.929736,10.192878,12.384122,13.363853,10.200646,12.647687,13.11379,11.124837,11.13571,13.16638,10.318393,12.430123,12.018552,9.773458,13.053018,13.27927,12.49126,12.907808,12.732197,13.113393,13.509819,13.3075285,13.10844,16.20063
13.886413,11.028975,12.201542,12.303183,10.397203,11.363738,11.929765,10.1929035,12.384156,13.363879,10.200685,12.647716,13.113841,11.124878,11.135738,13.166402,10.318431,12.430162,12.018613,9.773497,13.053067,13.279308,12.491294,12.907828,12.732228,13.113436,13.5098505,13.307563,13.108497,16.200682
13.886467,11.029018,12.20158,12.303233,10.397225,11.363774,11.929807,10.192937,12.384216,13.363919,10.200731,12.647754,13.113871,11.124912,11.135788,13.166443,10.318453,12.430219,12.018646,9.773514,13.053104,13.279361,12.491348,12.907889,12.732273,13.11348,13.509907,13.307609,13.108531,16.200745
13.886553,11.029095,12.2016735,12.303316,10.397289,11.3638525,11.929892,10.193007,12.384294,13.364022,10.200798,12.647852,13.113952,11.12498,11.135866,13.166542,10.318529,12.430298,12.018731,9.773574,13.05319,13.279454,12.491418,12.907975,12.732354,13.113564,13.509995,13.307704,13.108628,16.200861
13.88638,11.028963,12.2015295,12.303149,10.39717,11.363714,11.929751,10.192868,12.384134,13.363862,10.200666,12.647697,13.113811,11.12484,11.135736,13.1664,10.318413,12.43015,12.018561,9.773453,13.053051,13.279277,12.491275,12.907814,12.732218,13.113403,13.509837,13.307561,13.108471,16.200642
13.886572,11.029118,12.201699,12.303344,10.397304,11.363882,11.929914,10.193033,12.384321,13.36405,10.2008095,12.647884,13.113978,11.125005,11.135882,13.166574,10.318556,12.43032,12.018753,9.773601,13.053212,13.279477,12.491436,12.907994,12.732373,13.113588,13.510024,13.307732,13.10866,16.20089
13.886435,11.028997,12.201564,12.303216,10.397204,11.363754,11.929801,10.192921,12.384182,13.363916,10.2007065,12.64774,13.113846,11.124887,11.135769,13.166433,10.318436,12.430186,12.018621,9.773497,13.053074,13.279344,12.491314,12.907865,12.73226,13.113455,13.50989,13.307597,13.108518,16.20071
13.8864155,11.028973,12.20154,12.3031845,10.3971815,11.363741,11.929768,10.192887,12.384146,13.363866,10.200687,12.647709,13.113824,11.124868,11.135753,13.166392,10.318417,12.430165,12.018598,9.773477,13.053063,13.279309,12.491292,12.907854,12.732218,13.113424,13.509834,13.307564,13.108495,16.20069
13.886482,11.029036,12.201618,12.30327,10.397242,11.363812,11.929836,10.192955,12.384228,13.36396,10.20074,12.647803,13.11391,11.124932,11.135814,13.166485,10.318505,12.430237,12.018665,9.773538,13.053143,13.279385,12.49136,12.907914,12.7322855,13.113495,13.509917,13.307647,13.10858,16.200779
13.886604,11.029143,12.201721,12.303365,10.3973255,11.363915,11.929939,10.193052,12.384348,13.36408,10.200833,12.647913,13.114011,11.125034,11.13591,13.166601,10.318584,12.430346,12.018776,9.7736225,13.053241,13.279509,12.491467,12.908027,12.732402,13.113625,13.510052,13.307759,13.108691,16.200924
13.8864355,11.028981,12.20155,12.303193,10.397186,11.363742,11.929773,10.19291,12.384179,13.363883,10.200686,12.64773,13.113828,11.124895,11.13576,13.166419,10.318422,12.430192,12.018615,9.773488,13.0530615,13.279331,12.49131,12.9078665,12.7322445,13.11343,13.509876,13.307583,13.108491,16.200695
13.886605,11.029142,12.20173,12.303374,10.397331,11.363917,11.929944,10.193052,12.38435,13.364086,10.200833,12.64792,13.114015,11.125032,11.135917,13.166606,10.318596,12.430348,12.018782,9.773625,13.053247,13.27951,12.491469,12.9080305,12.732407,13.113626,13.510053,13.307767,13.108696,16.200926
13.886446,11.029013,12.201578,12.303236,10.397203,11.363773,11.929797,10.192934,12.384203,13.363923,10.200709,12.647753,13.11387,11.1249075,11.135769,13.166453,10.318468,12.430208,12.018638,9.77351,13.053079,13.27934,12.491302,12.907868,12.732266,13.113447,13.509884,13.3076105,13.108523,16.20072
13.886528,11.02908,12.201662,12.303307,10.397275,11.363847,11.929884,10.193002,12.384277,13.364005,10.200774,12.647842,13.113949,11.124971,11.135848,13.166532,10.318529,12.43028,12.018716,9.773575,13.053172,13.279433,12.491398,12.907948,12.732351,13.113545,13.509974,13.307698,13.108605,16.200834
13.886356,11.028938,12.201493,12.303147,10.397127,11.3637085,11.929719,10.192866,12.3841095,13.363832,10.200629,12.647655,13.113767,11.124833,11.135686,13.166385,10.318402,12.430137,12.018548,9.773448,13.053,13.279268,12.491215,12.907767,12.73218,13.11335,13.509803,13.307532,13.108436,16.200615
13.886141,11.028739,12.201316,12.3030205,10.39702,11.363517,11.929553,10.192708,12.38392,13.363688,10.200474,12.6474695,13.11363,11.124682,11.135555,13.166188,10.318276,12.429987,12.018351,9.773323,13.05287,13.279059,12.491047,12.9076,12.731996,13.1132145,13.509597,13.307368,13.108279,16.200367
13.886508,11.029053,12.201629,12.303279,10.397274,11.36383,11.929853,10.19299,12.38426,13.363978,10.20076,12.6478195,13.113929,11.124961,11.135822,13.166503,10.318514,12.430259,12.0187,9.773558,13.053155,13.279417,12.491388,12.907931,12.732327,13.113519,13.50996,13.307677,13.108583,16.200804
13.886498,11.029064,12.201638,12.303272,10.397249,11.363838,11.929853,10.19298,12.384257,13.363984,10.200749,12.647817,13.113922,11.124952,11.135832,13.166506,10.318514,12.430267,12.018691,9.773559,13.053146,13.279418,12.49137,12.907937,12.732322,13.113528,13.509949,13.307667,13.108598,16.200806
13.886351,11.02893,12.201507,12.303136,10.3971405,11.363724,11.929737,10.192858,12.384114,13.363838,10.200623,12.647684,13.113789,11.124826,11.135702,13.166384,10.318399,12.430126,12.018534,9.773436,13.05301,13.279275,12.491227,12.907772,12.732181,13.113353,13.509783,13.307551,13.108424,16.200594
13.88645,11.029011,12.201581,12.303219,10.397202,11.363777,11.92981,10.192917,12.384202,13.363919,10.20071,12.647761,13.113862,11.124897,11.135774,13.166444,10.3184395,12.430202,12.018637,9.773506,13.053085,13.279359,12.491316,12.907874,12.732256,13.113463,13.5099,13.307607,13.108526,16.200718
13.886433,11.028991,12.201557,12.3032,10.397186,11.363766,11.929791,10.1929,12.384166,13.3639,10.200691,12.647725,13.113847,11.124888,11.135762,13.166421,10.318429,12.430202,12.018603,9.773499,13.053081,13.27933,12.491302,12.907863,12.732235,13.113449,13.509862,13.307598,13.108508,16.200693
13.886322,11.028915,12.201496,12.303138,10.397133,11.363704,11.929725,10.192842,12.384102,13.363823,10.200657,12.647657,13.113788,11.124817,11.135693,13.166336,10.318371,12.430136,12.018537,9.773453,13.053012,13.279247,12.491222,12.907771,12.732165,13.11337,13.509778,13.307508,13.108436,16.200598
13.422834,10.674186,11.756951,11.896675,10.002535,10.965003,11.519532,9.855461,11.966549,12.898143,9.863852,12.184666,12.682248,10.730605,10.706296,12.734956,9.981335,12.019676,11.598883,9.417549,12.586747,12.803128,12.036518,12.450262,12.305957,12.627648,13.011433,12.860352,12.651277,15.631861
13.888504,11.030712,12.2035055,12.305336,10.398899,11.36579,11.931913,10.194638,12.386154,13.365939,10.202459,12.649683,13.1159525,11.126531,11.137771,13.1685505,10.320157,12.4322195,12.020752,9.775262,13.055017,13.28147,12.493325,12.910026,12.734404,13.115405,13.512012,13.309766,13.110619,16.20275
13.889036,11.031109,12.204054,12.305849,10.399359,11.366261,11.932418,10.195058,12.386674,13.366527,10.202849,12.65023,13.116477,11.127002,11.138251,13.169056,10.320622,12.432695,12.021224,9.775661,13.055577,13.282015,12.493856,12.910563,12.734919,13.115989,13.512577,13.310304,13.111208,16.203436
13.888746,11.03088,12.203806,12.305605,10.399091,11.366053,11.932203,10.194841,12.386422,13.366254,10.202614,12.6499405,13.116203,11.126758,11.138009,13.168821,10.320385,12.432435,12.02097,9.775448,13.055271,13.281763,12.493554,12.910305,12.734691,13.115664,13.512288,13.310077,13.110879,16.203075
13.888831,11.03095,12.203873,12.3056755,10.399216,11.366147,11.932268,10.1949415,12.386476,13.366377,10.202704,12.650053,13.1163225,11.1268635,11.138112,13.168893,10.320479,12.432529,12.02104,9.775565,13.055398,13.281851,12.493681,12.910414,12.734767,13.115824,13.512384,13.310123,13.111003,16.203213
13.889028,11.031103,12.204059,12.305832,10.399343,11.366272,11.932415,10.195066,12.386673,13.366526,10.202873,12.650242,13.116462,11.127005,11.138251,13.169047,10.320602,12.432683,12.021243,9.775658,13.055564,13.282034,12.4938545,12.910584,12.734934,13.115973,13.512596,13.3102865,13.111197,16.20344
13.889216,11.0312605,12.204215,12.305992,10.399477,11.366403,11.93257,10.195205,12.386846,13.366693,10.202975,12.6504,13.11663,11.127142,11.138408,13.169218,10.320741,12.432854,12.021393,9.77579,13.055741,13.282183,12.494016,12.9107485,12.735086,13.116157,13.512774,13.310462,13.111373,16.203663
13.889049,11.03111,12.204053,12.3058605,10.399356,11.366284,11.9324255,10.195077,12.386664,13.366538,10.202864,12.650231,13.116493,11.12702,11.138266,13.16906,10.32061,12.432713,12.021242,9.775688,13.055588,13.28203,12.493865,12.910593,12.734929,13.116004,13.512586,13.310304,13.111208,16.203457
13.888948,11.031079,12.203986,12.305792,10.399263,11.366235,11.932387,10.195025,12.3866205,13.366471,10.202821,12.650174,13.116408,11.126953,11.138193,13.169006,10.320554,12.432657,12.0211935,9.775627,13.055501,13.2820015,12.493788,12.9105425,12.734864,13.1159115,13.512518,13.310244,13.111153,16.203379
13.889232,11.031279,12.204236,12.306,10.399481,11.366428,11.932576,10.195214,12.386856,13.366707,10.202991,12.650414,13.116641,11.127156,11.13843,13.169233,10.320749,12.432863,12.021411,9.775796,13.055752,13.282197,12.494025,12.9107685,12.735105,13.116165,13.512795,13.3104725,13.111393,16.203682
13.888838,11.030927,12.20385,12.30567,10.399215,11.366091,11.932245,10.194904,12.38644,13.366341,10.202717,12.650003,13.116282,11.126831,11.138098,13.168857,10.320423,12.4325485,12.021017,9.775529,13.05538,13.281831,12.493695,12.910365,12.734748,13.115799,13.512361,13.310105,13.110977,16.203186
13.889169,11.031234,12.204189,12.305956,10.399428,11.36639,11.932533,10.195175,12.386813,13.366662,10.202956,12.650355,13.116595,11.12711,11.13838,13.169183,10.3207,12.432826,12.021363,9.775773,13.055705,13.282151,12.493975,12.910737,12.735047,13.116114,13.51274,13.310412,13.111354,16.203625
13.889214,11.031257,12.204211,12.306002,10.39947,11.366415,11.932575,10.195199,12.386839,13.3666935,10.202978,12.650407,13.1166315,11.127141,11.1384115,13.169224,10.320737,12.432846,12.021396,9.775792,13.055734,13.282188,12.494009,12.910756,12.735086,13.116151,13.512765,13.310458,13.111382,16.203663
13.8892145,11.0312605,12.204227,12.305986,10.399478,11.366422,11.932572,10.195202,12.386839,13.3666935,10.202982,12.65041,13.116629,11.127148,11.138419,13.169221,10.320738,12.432849,12.021402,9.775794,13.055739,13.28219,12.494015,12.910757,12.735092,13.116155,13.51278,13.31046,13.111389,16.203669
13.888727,11.030858,12.203779,12.305532,10.39915,11.365966,11.932149,10.194822,12.386398,13.366184,10.202615,12.649933,13.116176,11.126762,11.138028,13.168742,10.320377,12.432419,12.020939,9.775455,13.055311,13.2817335,12.49364,12.91029,12.7346735,13.115686,13.512301,13.310016,13.110865,16.203064
13.889231,11.031268,12.204225,12.305996,10.399475,11.366427,11.932571,10.195206,12.3868475,13.366702,10.202993,12.65041,13.116636,11.127158,11.138425,13.169224,10.320733,12.432856,12.02141,9.7758,13.055749,13.282192,12.494022,12.910779,12.735089,13.116159,13.512788,13.310458,13.111395,16.203678
13.888968,11.031078,12.2040205,12.305771,10.399309,11.366252,11.932379,10.19503,12.386624,13.366473,10.202821,12.6501875,13.116432,11.126978,11.138247,13.169009,10.320563,12.432671,12.021213,9.775662,13.055535,13.281965,12.49382,12.910559,12.734894,13.115965,13.51255,13.310246,13.111186,16.203398
13.889096,11.031166,12.204118,12.305874,10.399384,11.366327,11.932472,10.195113,12.386737,13.366584,10.202909,12.650289,13.116521,11.12705,11.1383295,13.169099,10.320628,12.43276,12.021285,9.775717,13.055622,13.282074,12.493917,12.910657,12.734982,13.116045,13.512668,13.310332,13.111259,16.203524
13.888406,11.030642,12.203563,12.305294,10.398936,11.365841,11.931951,10.1946535,12.386174,13.365997,10.202461,12.649662,13.115927,11.126529,11.1378355,13.168495,10.320171,12.432196,12.0207815,9.77533,13.054986,13.281508,12.493392,12.9100485,12.734456,13.115415,13.5120325,13.3098345,13.110526,16.202785
13.88856,11.030747,12.203637,12.305464,10.399061,11.365821,11.932062,10.194692,12.386294,13.366005,10.202613,12.649758,13.116123,11.126602,11.137883,13.168539,10.320204,12.432348,12.020758,9.775364,13.055129,13.281529,12.493517,12.910063,12.734448,13.115589,13.512075,13.309818,13.110671,16.20285
13.88917,11.031232,12.204175,12.305941,10.399437,11.366378,11.93253,10.19517,12.3868,13.366642,10.2029505,12.650362,13.116579,11.127115,11.138374,13.169177,10.320688,12.432811,12.021355,9.775756,13.055692,13.282148,12.493985,12.910725,12.735041,13.116117,13.512739,13.31041,13.11134,16.203617
13.889147,11.031209,12.204153,12.305933,10.399427,11.366347,11.932518,10.195158,12.386781,13.366634,10.202926,12.650338,13.116557,11.127094,11.138356,13.169162,10.32068,12.43278,12.021329,9.775731,13.055672,13.2821245,12.493949,12.910696,12.735026,13.1160965,13.512723,13.3104,13.111312,16.203583
13.889266,11.031306,12.204269,12.306038,10.399511,11.36646,11.932611,10.195244,12.386892,13.366743,10.203019,12.650457,13.116676,11.127191,11.138461,13.1692705,10.320773,12.432892,12.021448,9.7758255,13.055788,13.282232,12.4940605,12.9108095,12.735136,13.116204,13.512836,13.310501,13.111437,16.203732
13.889227,11.031274,12.204224,12.306004,10.399488,11.366412,11.932577,10.195213,12.386856,13.366702,10.202989,12.650415,13.116644,11.127155,11.138422,13.169234,10.320745,12.4328575,12.021408,9.775793,13.055742,13.282196,12.494017,12.910765,12.735095,13.116174,13.512798,13.310467,13.111404,16.20368
13.889133,11.031189,12.204124,12.305908,10.399415,11.366341,11.932487,10.195137,12.386757,13.366591,10.202912,12.650308,13.116551,11.1270685,11.138348,13.16913,10.320665,12.432766,12.021321,9.775732,13.05564,13.282095,12.493927,12.910667,12.734996,13.116071,13.512676,13.310364,13.1112995,16.203558
13.889089,11.031163,12.204093,12.305883,10.399367,11.366304,11.932465,10.195092,12.386742,13.366554,10.202902,12.650271,13.116513,11.127035,11.138311,13.169088,10.320626,12.43274,12.021287,9.775707,13.055601,13.282057,12.493902,12.910642,12.734965,13.116018,13.512637,13.310334,13.1112385,16.203506
13.888894,11.030972,12.203904,12.305733,10.3992605,11.366127,11.932281,10.194925,12.386492,13.366372,10.202704,12.650096,13.116361,11.126853,11.13815,13.168932,10.320525,12.432538,12.021089,9.775572,13.055465,13.281861,12.493708,12.910427,12.734759,13.115856,13.512398,13.310188,13.111066,16.20324
13.888947,11.031073,12.203999,12.305788,10.399296,11.366226,11.932362,10.195034,12.386604,13.366464,10.202806,12.650163,13.116402,11.12697,11.138214,13.168984,10.320559,12.432637,12.0211935,9.775631,13.055511,13.281971,12.493802,12.910548,12.7348795,13.115932,13.5125265,13.310205,13.111167,16.203392
13.889107,11.031174,12.204118,12.305857,10.399389,11.366312,11.932447,10.195117,12.386735,13.366563,10.20289,12.650298,13.116504,11.127047,11.138328,13.169121,10.320639,12.432729,12.02128,9.775695,13.05562,13.282069,12.493915,12.910641,12.734979,13.116041,13.512676,13.310346,13.111254,16.203524
13.889091,11.031169,12.204122,12.305883,10.399388,11.366322,11.932477,10.195121,12.38674,13.366593,10.202894,12.650302,13.116524,11.127037,11.138319,13.169119,10.320649,12.4327545,12.021295,9.775708,13.055622,13.282087,12.493901,12.910641,12.734992,13.116039,13.512669,13.310359,13.111258,16.203524
13.889264,11.031303,12.204272,12.306028,10.399507,11.366461,11.932615,10.195236,12.386893,13.366742,10.203019,12.650455,13.1166725,11.127185,11.138457,13.169266,10.320769,12.432893,12.021441,9.775821,13.055779,13.282231,12.494055,12.910807,12.735133,13.116194,13.512836,13.310504,13.111431,16.203726
13.889293,11.031325,12.204291,12.306055,10.399529,11.366482,11.932637,10.195261,12.386917,13.366766,10.20304,12.650482,13.116697,11.127205,11.138479,13.1692915,10.32079,12.432917,12.021469,9.775843,13.055807,13.282257,12.494078,12.910831,12.735155,13.116222,13.512865,13.310525,13.111459,16.20376
13.8892,11.031253,12.204208,12.30599,10.399467,11.366404,11.932566,10.195202,12.386839,13.36669,10.202964,12.650393,13.116623,11.127143,11.138401,13.169208,10.320731,12.432841,12.021392,9.775791,13.055727,13.282181,12.494005,12.910751,12.735086,13.11615,13.512771,13.310445,13.111369,16.203661
13.888907,11.030996,12.203928,12.305716,10.399255,11.36613,11.932302,10.194955,12.386548,13.366354,10.202766,12.65006,13.116345,11.126901,11.138143,13.16888,10.320446,12.432579,12.021115,9.775578,13.055427,13.281867,12.493749,12.910439,12.734802,13.115875,13.512435,13.310152,13.11102,16.203276
13.88914,11.031195,12.204148,12.305912,10.399421,11.366347,11.932499,10.195161,12.386772,13.366605,10.202924,12.65033,13.116562,11.127086,11.138341,13.169143,10.320675,12.432764,12.021345,9.775741,13.055655,13.282105,12.49394,12.910675,12.735022,13.116074,13.512696,13.310374,13.111298,16.203568
13.8890915,11.031156,12.204123,12.305887,10.399414,11.366318,11.9324665,10.195135,12.386729,13.366572,10.202914,12.6502905,13.116544,11.127053,11.138294,13.169088,10.320656,12.432741,12.0213,9.775723,13.055636,13.282058,12.493922,12.910617,12.734991,13.116035,13.51265,13.310342,13.111237,16.203526
13.889285,11.031318,12.204284,12.306053,10.399525,11.366469,11.932627,10.195254,12.386907,13.366759,10.203034,12.650473,13.116691,11.127196,11.138472,13.169279,10.320786,12.432906,12.021465,9.775836,13.0558,13.282251,12.494076,12.910826,12.735151,13.1162195,13.512849,13.310523,13.111448,16.203754
13.889256,11.0313015,12.204266,12.306025,10.399504,11.366455,11.932608,10.195235,12.386886,13.366735,10.203014,12.650448,13.116666,11.127183,11.138454,13.169259,10.320771,12.432888,12.021446,9.775823,13.055778,13.282231,12.494049,12.910804,12.735127,13.116195,13.512825,13.310494,13.111432,16.203728
13.889127,11.031179,12.204147,12.305895,10.399413,11.366346,11.932492,10.195133,12.386754,13.366598,10.202919,12.650323,13.116544,11.127076,11.138345,13.169131,10.3206625,12.432769,12.021309,9.775728,13.05565,13.282098,12.493942,12.91067,12.735003,13.116067,13.512681,13.310372,13.111287,16.20355
13.889246,11.031283,12.204251,12.306011,10.399487,11.366447,11.932594,10.195227,12.38688,13.366721,10.202998,12.650435,13.116655,11.127171,11.138435,13.16925,10.32075,12.43288,12.021428,9.775809,13.0557575,13.282216,12.494031,12.910788,12.735116,13.116176,13.512812,13.310485,13.111409,16.203703
13.889176,11.031223,12.204182,12.305948,10.399447,11.366375,11.932532,10.195171,12.386808,13.366648,10.202956,12.650371,13.116591,11.127113,11.138384,13.169178,10.320695,12.432802,12.021362,9.775756,13.0556965,13.282144,12.493976,12.910716,12.7350445,13.116113,13.512738,13.310418,13.111332,16.203617
13.889152,11.031202,12.204161,12.305923,10.3994255,11.366348,11.932512,10.195148,12.3867855,13.36662,10.202923,12.650334,13.116563,11.127086,11.138364,13.16915,10.320664,12.432786,12.021327,9.775741,13.055661,13.282118,12.493952,12.910686,12.735018,13.116091,13.512705,13.310394,13.111292,16.203579
13.889076,11.031144,12.204095,12.3058815,10.399373,11.366308,11.932459,10.195096,12.386715,13.366567,10.20289,12.650275,13.11651,11.127041,11.138317,13.16909,10.320643,12.432736,12.021279,9.775708,13.055609,13.282075,12.493894,12.9106455,12.73497,13.116029,13.512637,13.310336,13.111244,16.203522
13.88895,11.03104,12.203956,12.305773,10.399293,11.366204,11.932331,10.195017,12.386579,13.366449,10.202784,12.650131,13.116373,11.126968,11.138164,13.168967,10.320554,12.432605,12.021159,9.775601,13.055486,13.281971,12.493793,12.910504,12.734839,13.115904,13.512505,13.310229,13.111125,16.203342
13.889073,11.031154,12.204106,12.305899,10.399389,11.36632,11.932483,10.195113,12.386717,13.366594,10.202897,12.65029,13.116533,11.127038,11.138305,13.169108,10.320658,12.432752,12.021291,9.775721,13.055629,13.282085,12.493902,12.910634,12.734974,13.116043,13.512632,13.310361,13.111268,16.20352
13.888758,11.030876,12.203831,12.305635,10.399131,11.366064,11.932232,10.194892,12.38644,13.366317,10.202689,12.64997,13.1162405,11.126797,11.138024,13.168773,10.320376,12.432549,12.021008,9.775499,13.055336,13.281824,12.493647,12.9103565,12.734731,13.115745,13.512318,13.310044,13.110949,16.203129
13.888895,11.031017,12.203924,12.305712,10.399208,11.366165,11.93231,10.194962,12.386558,13.366361,10.202757,12.6501,13.116346,11.12689,11.138138,13.168918,10.32046,12.432584,12.021132,9.775568,13.055417,13.281899,12.493713,12.910454,12.734803,13.115848,13.512452,13.310171,13.11105,16.203285
13.889018,11.031105,12.204032,12.305832,10.399334,11.366259,11.932399,10.195069,12.38665,13.366517,10.202848,12.650199,13.116441,11.12699,11.138243,13.16904,10.320591,12.432685,12.021217,9.775652,13.055545,13.282024,12.493848,12.910565,12.73492,13.115973,13.512578,13.310288,13.111181,16.203444
13.888962,11.031055,12.203946,12.305748,10.399288,11.366163,11.932307,10.1950035,12.386578,13.366408,10.20277,12.650116,13.116374,11.126929,11.138184,13.168965,10.320524,12.432592,12.0211315,9.7755785,13.055482,13.281927,12.493776,12.910479,12.734828,13.115899,13.512516,13.310196,13.111108,16.203321
13.889228,11.031272,12.20423,12.306007,10.399479,11.366427,11.932581,10.195217,12.386853,13.366705,10.20299,12.650414,13.116638,11.127162,11.138418,13.1692295,10.320748,12.432859,12.021418,9.775804,13.055745,13.282204,12.494022,12.910769,12.735108,13.116159,13.512789,13.31047,13.11139,16.203684
13.889109,11.031186,12.204142,12.305918,10.399393,11.366351,11.932499,10.195126,12.386778,13.366618,10.202937,12.650314,13.1165495,11.127073,11.1383505,13.169129,10.320658,12.43279,12.0213175,9.775737,13.055652,13.282111,12.493935,12.910687,12.7350025,13.116058,13.512692,13.310371,13.111282,16.20356
13.888608,11.030776,12.2037115,12.305414,10.399029,11.365928,11.932083,10.194786,12.386283,13.366109,10.202451,12.649817,13.116042,11.126622,11.137898,13.168717,10.3202305,12.432295,12.020839,9.775349,13.055158,13.28165,12.493428,12.910143,12.734574,13.115548,13.512186,13.309971,13.110718,16.202915
13.889202,11.031253,12.2042055,12.305975,10.399463,11.366394,11.932552,10.1951885,12.386823,13.366676,10.202963,12.650384,13.11661,11.127125,11.13841,13.169213,10.320721,12.432831,12.021384,9.775779,13.055722,13.282169,12.493995,12.910743,12.735073,13.116138,13.512767,13.310449,13.111364,16.203653
13.8891,11.031169,12.204116,12.305868,10.399391,11.366317,11.93246,10.195125,12.386737,13.366575,10.202879,12.650304,13.116514,11.12705,11.138324,13.169121,10.320637,12.43272,12.0213,9.775701,13.055624,13.282076,12.493908,12.910639,12.734981,13.11603,13.512675,13.310354,13.111249,16.203527
13.8891115,11.031188,12.204131,12.305895,10.399398,11.36633,11.932481,10.195125,12.386757,13.366589,10.202909,12.650313,13.116527,11.127055,11.13834,13.169143,10.32065,12.432761,12.021302,9.775709,13.055634,13.282087,12.493926,12.910665,12.734997,13.116049,13.51269,13.310354,13.111272,16.203547
13.88912,11.031173,12.204132,12.305925,10.399411,11.366334,11.932507,10.195116,12.386746,13.366611,10.202902,12.650321,13.1165495,11.127062,11.138351,13.169139,10.320676,12.432748,12.021308,9.775731,13.055651,13.282102,12.493929,12.910668,12.735001,13.116067,13.512656,13.310384,13.111282,16.203545
13.889032,11.031123,12.204054,12.305824,10.399326,11.366268,11.9324,10.195075,12.386662,13.366521,10.202839,12.650228,13.116429,11.126999,11.138268,13.1690645,10.320598,12.432702,12.021223,9.7756605,13.055572,13.282041,12.493857,12.910588,12.7349205,13.115965,13.512596,13.310294,13.111201,16.20346
13.889191,11.031238,12.204201,12.305969,10.399447,11.3664,11.93255,10.195177,12.386823,13.366669,10.202971,12.650385,13.116603,11.127126,11.138401,13.169186,10.320714,12.432825,12.021379,9.77577,13.055712,13.28216,12.493991,12.910743,12.735061,13.116123,13.5127535,13.3104315,13.11136,16.203634
13.889125,11.031184,12.20414,12.305891,10.3994055,11.366319,11.932477,10.195119,12.386752,13.366589,10.202901,12.650309,13.116532,11.127066,11.138355,13.169127,10.320657,12.432769,12.021302,9.77571,13.055657,13.282095,12.493942,12.910664,12.735004,13.11606,13.512685,13.310376,13.111277,16.203548
13.88917,11.031227,12.204183,12.305954,10.399434,11.36638,11.932532,10.195169,12.386808,13.366658,10.202956,12.650364,13.116586,11.127107,11.138388,13.169179,10.320686,12.4328165,12.021364,9.775763,13.055703,13.282146,12.493972,12.910727,12.735047,13.116112,13.512747,13.310417,13.111341,16.203623
13.889196,11.031247,12.204203,12.305981,10.399456,11.366405,11.932561,10.195197,12.386831,13.366678,10.202978,12.650388,13.116616,11.127135,11.138395,13.1692,10.320716,12.432846,12.021385,9.775778,13.055719,13.282179,12.493999,12.91074,12.735078,13.1161375,13.512764,13.310439,13.11136,16.203646
13.889001,11.03109,12.204038,12.305828,10.399326,11.366267,11.932407,10.19507,12.386634,13.366504,10.202851,12.650202,13.116456,11.1270075,11.138218,13.169019,10.320596,12.4326725,12.021226,9.775676,13.055554,13.282014,12.49384,12.9105625,12.734919,13.115937,13.512558,13.310265,13.111164,16.203436
13.889061,11.031143,12.204091,12.305855,10.399358,11.366301,11.932436,10.195099,12.386702,13.36654,10.202874,12.650258,13.116498,11.127036,11.138288,13.169063,10.320609,12.432719,12.021279,9.77569,13.055597,13.282044,12.493875,12.910614,12.734962,13.115997,13.5126295,13.310317,13.111212,16.203495
13.889084,11.031157,12.204122,12.305864,10.399396,11.366303,11.932472,10.195102,12.386739,13.36657,10.202898,12.650297,13.116513,11.127042,11.138317,13.169096,10.3206215,12.432713,12.021301,9.775708,13.055615,13.282064,12.493912,12.910636,12.734981,13.116026,13.512666,13.31035,13.111239,16.203514
12.912905,10.269849,11.373118,11.444934,9.688629,10.571324,11.099368,9.486642,11.520035,12.43912,9.523659,11.779082,12.225429,10.36328,10.379167,12.298065,9.569214,11.584699,11.183613,9.108097,12.157781,12.405415,11.627605,12.00768,11.850862,12.19608,12.583864,12.428852,12.1583395,15.088325
13.890095,11.031921,12.205074,12.3069515,10.40026,11.367411,11.933579,10.195881,12.38764,13.367562,10.203754,12.651193,13.117564,11.127781,11.139501,13.17027,10.321368,12.433759,12.022419,9.776656,13.0564575,13.28321,12.494935,12.911755,12.73617,13.116935,13.513743,13.311529,13.112187,16.20433
13.891266,11.03285,12.206195,12.308102,10.401093,11.368402,11.934692,10.1968355,12.388812,13.368753,10.20464,12.652331,13.118701,11.12873,11.140409,13.1713295,10.32231,12.434837,12.023507,9.777455,13.05765,13.284355,12.496017,12.912942,12.737283,13.118091,13.514972,13.312633,13.113491,16.205809
13.891527,11.033071,12.206455,12.308332,10.401338,11.36865,11.934931,10.197071,12.389051,13.36902,10.20485,12.652615,13.118989,11.128961,11.140642,13.171548,10.322583,12.435069,12.023755,9.77769,13.057949,13.2845955,12.496304,12.913226,12.737515,13.118412,13.515232,13.312885,13.113805,16.206161
13.891721,11.033223,12.2066,12.308511,10.401455,11.368796,11.935088,10.197195,12.389221,13.369211,10.204976,12.652786,13.11914,11.129107,11.14079,13.171732,10.322722,12.435226,12.023914,9.77779,13.058111,13.2847805,12.496448,12.913407,12.737674,13.118583,13.51543,13.313059,13.114003,16.206367
13.891611,11.03313,12.206503,12.30841,10.401379,11.368703,11.935004,10.197107,12.389129,13.369107,10.204904,12.65268,13.119053,11.129012,11.140712,13.171613,10.322625,12.435134,12.023823,9.777721,13.058018,13.28467,12.496348,12.913314,12.737595,13.118477,13.515339,13.312948,13.11391,16.206234
13.891545,11.033102,12.206451,12.308361,10.401319,11.368662,11.934944,10.197081,12.389056,13.369063,10.20486,12.652612,13.118969,11.128959,11.140653,13.171584,10.3225975,12.435107,12.023769,9.777683,13.057956,13.284643,12.496312,12.913264,12.737536,13.118429,13.515257,13.31291,13.113851,16.206203
13.891579,11.033116,12.206496,12.308383,10.401369,11.368685,11.934978,10.197083,12.389099,13.369085,10.2048855,12.65268,13.119031,11.128998,11.140696,13.171619,10.3226385,12.435105,12.023802,9.777701,13.057998,13.284651,12.496341,12.913277,12.737564,13.1184435,13.515295,13.312948,13.113865,16.206202
13.89159,11.033112,12.206478,12.3083935,10.40136,11.368672,11.9349785,10.197103,12.3891115,13.369085,10.20487,12.652659,13.119011,11.129004,11.140671,13.171614,10.322618,12.435117,12.0238,9.777696,13.057989,13.284667,12.496333,12.9132805,12.737555,13.118458,13.515305,13.312945,13.1138735,16.206205
13.891147,11.032782,12.206167,12.308012,10.401069,11.3683605,11.934669,10.196736,12.388758,13.368703,10.204666,12.652261,13.11868,11.128642,11.140412,13.171164,10.322294,12.434836,12.023417,9.777434,13.057668,13.284232,12.49602,12.912951,12.737235,13.118054,13.514956,13.312543,13.113529,16.205732
13.891515,11.033043,12.206387,12.308295,10.401283,11.368582,11.934867,10.197021,12.389007,13.368964,10.204795,12.652546,13.1189165,11.1289215,11.140612,13.171522,10.322553,12.435013,12.023706,9.777619,13.0579,13.284555,12.496249,12.913183,12.737473,13.118342,13.515191,13.312851,13.113744,16.206095
13.891543,11.033079,12.206455,12.308346,10.40133,11.368668,11.934936,10.197066,12.389054,13.369049,10.20484,12.65261,13.118982,11.128976,11.140644,13.171576,10.322601,12.4350815,12.023763,9.777681,13.057972,13.284613,12.496301,12.913249,12.737521,13.118421,13.515257,13.312901,13.113845,16.20616
13.89163,11.033139,12.206495,12.308417,10.401378,11.368718,11.935005,10.197105,12.389123,13.36911,10.204912,12.652681,13.119052,11.129032,11.140711,13.171626,10.322629,12.435141,12.02383,9.777737,13.058018,13.284687,12.496364,12.913333,12.737576,13.118482,13.51532,13.312959,13.1139,16.206251
13.891761,11.033249,12.206629,12.308538,10.401477,11.368821,11.935114,10.197216,12.389257,13.369235,10.204999,12.652816,13.119171,11.129129,11.14082,13.17176,10.322741,12.435255,12.023949,9.77782,13.058141,13.284802,12.496475,12.913439,12.737706,13.118612,13.515464,13.313087,13.114029,16.206408
13.891432,11.032993,12.2063265,12.308238,10.401223,11.368541,11.934838,10.196951,12.388975,13.368886,10.20475,12.652445,13.11888,11.128848,11.140532,13.171427,10.322443,12.434981,12.023648,9.777605,13.057809,13.284452,12.496179,12.913114,12.737418,13.118305,13.515118,13.312767,13.113662,16.205996
13.891546,11.033063,12.206426,12.3083315,10.401319,11.36864,11.934944,10.197031,12.389035,13.369016,10.204836,12.652607,13.118958,11.128952,11.140644,13.171555,10.322557,12.435041,12.023738,9.777653,13.057938,13.284607,12.496281,12.913237,12.737498,13.118395,13.515243,13.312883,13.113806,16.20613
13.891449,11.032993,12.20637,12.308259,10.401262,11.368565,11.934862,10.196962,12.388975,13.368937,10.20479,12.652522,13.118901,11.128888,11.1405945,13.171447,10.322498,12.43501,12.02367,9.777601,13.057872,13.28451,12.49623,12.913167,12.737462,13.118313,13.515172,13.312799,13.113738,16.206038
13.891658,11.033169,12.206549,12.308458,10.401422,11.368748,11.935047,10.19714,12.389167,13.369161,10.204924,12.652731,13.119097,11.129047,11.140756,13.171688,10.322681,12.43518,12.023863,9.777762,13.058063,13.284713,12.496393,12.913349,12.737626,13.118533,13.515367,13.313012,13.113945,16.206295
13.891335,11.032907,12.206225,12.3081875,10.401187,11.368433,11.934778,10.196882,12.388854,13.368816,10.204732,12.652367,13.118793,11.128761,11.140445,13.1713505,10.322385,12.434923,12.023538,9.777528,13.057723,13.284397,12.49612,12.912984,12.737337,13.118229,13.515002,13.312685,13.113572,16.205875
13.89157,11.033088,12.20645,12.308345,10.401355,11.368647,11.934933,10.197086,12.389052,13.369037,10.204847,12.652618,13.118996,11.128974,11.140641,13.171573,10.322611,12.435061,12.023753,9.777681,13.057979,13.284621,12.496317,12.913217,12.737524,13.118416,13.515254,13.312915,13.113798,16.20616
13.891439,11.032983,12.206367,12.308253,10.401255,11.368552,11.93487,10.196973,12.3889675,13.368956,10.204759,12.652526,13.118895,11.128864,11.14057,13.17148,10.322495,12.434987,12.023662,9.777582,13.057877,13.28451,12.496193,12.913147,12.737432,13.118327,13.515163,13.312814,13.113745,16.206022
13.891629,11.033156,12.206522,12.308433,10.401375,11.36873,11.935008,10.197127,12.389145,13.36913,10.204896,12.652687,13.11907,11.129033,11.140723,13.171645,10.322661,12.43516,12.023838,9.777744,13.058033,13.284677,12.49635,12.913334,12.737597,13.1184845,13.515343,13.312974,13.113911,16.20627
13.891714,11.03321,12.206583,12.308495,10.401444,11.368776,11.935075,10.197182,12.389208,13.369187,10.204958,12.652772,13.119122,11.129085,11.140782,13.1717205,10.322704,12.43521,12.023906,9.777785,13.058094,13.284764,12.496434,12.91339,12.737659,13.118567,13.515415,13.313049,13.113982,16.206348
13.891512,11.033042,12.206396,12.308307,10.401302,11.368588,11.93489,10.197025,12.389006,13.36899,10.204785,12.652575,13.118931,11.128918,11.140621,13.171549,10.322567,12.435021,12.023696,9.777615,13.05793,13.284574,12.496254,12.913191,12.73747,13.118367,13.515203,13.312879,13.1137705,16.20609
13.890956,11.032552,12.20592,12.307785,10.400873,11.368105,11.934436,10.196539,12.3885,13.368424,10.2043915,12.652041,13.118382,11.128438,11.140148,13.171013,10.322034,12.434491,12.0232,9.77715,13.057366,13.284049,12.495742,12.912649,12.736965,13.117766,13.514672,13.312347,13.113203,16.205431
13.891526,11.033068,12.206427,12.308358,10.401339,11.36862,11.934934,10.197068,12.389034,13.369046,10.20483,12.652596,13.118978,11.128941,11.140647,13.1715555,10.322595,12.435061,12.023759,9.777682,13.057937,13.284608,12.496274,12.913225,12.737519,13.118422,13.515236,13.312894,13.113823,16.206154
13.891634,11.033136,12.206499,12.308404,10.401382,11.368704,11.934999,10.197111,12.389132,13.369102,10.204899,12.652687,13.119044,11.129026,11.1407,13.171622,10.322639,12.435123,12.023827,9.777727,13.0580225,13.284672,12.496372,12.913317,12.737587,13.118481,13.515334,13.312951,13.113896,16.20625
13.891524,11.033058,12.20641,12.308314,10.401312,11.368588,11.93493,10.197037,12.389016,13.368996,10.204773,12.65258,13.118907,11.128899,11.140618,13.171571,10.322509,12.434986,12.023746,9.777647,13.057895,13.284578,12.496231,12.913188,12.737488,13.1184025,13.515232,13.3129015,13.113767,16.20611
13.891243,11.032807,12.206226,12.308084,10.401181,11.368431,11.934698,10.196896,12.38878,13.368782,10.204658,12.652364,13.118768,11.128744,11.140395,13.171268,10.322378,12.434788,12.023537,9.777519,13.05771,13.284326,12.496047,12.912941,12.737281,13.118135,13.51497,13.312639,13.113497,16.205809
13.89138,11.032948,12.206302,12.308204,10.401224,11.368524,11.9348,10.196943,12.388916,13.368877,10.2047415,12.652471,13.118831,11.128827,11.140498,13.171413,10.322472,12.434937,12.023617,9.777565,13.057811,13.284461,12.496169,12.91307,12.737351,13.118246,13.515097,13.312755,13.11365,16.205961
13.891354,11.032896,12.206243,12.308191,10.4011965,11.368463,11.934762,10.196913,12.38885,13.368851,10.204688,12.6524105,13.118801,11.128804,11.140476,13.171372,10.322429,12.434884,12.023565,9.777522,13.057781,13.284414,12.496113,12.913038,12.737319,13.118225,13.5150385,13.312722,13.11362,16.205908
13.891468,11.032991,12.206371,12.308261,10.401283,11.368585,11.9348545,10.197006,12.388965,13.368925,10.204769,12.6525135,13.118926,11.128901,11.140541,13.171451,10.322498,12.434963,12.023693,9.777636,13.057873,13.284503,12.4962015,12.91312,12.737434,13.118307,13.515151,13.31281,13.113674,16.206034
13.891033,11.032648,12.205993,12.30798,10.400971,11.368261,11.934546,10.196705,12.388584,13.368596,10.204514,12.652152,13.118551,11.128577,11.1402025,13.17112,10.322256,12.434618,12.023333,9.777341,13.057505,13.284208,12.49584,12.912751,12.737063,13.117916,13.5146885,13.312474,13.1133,16.205545
13.891772,11.033256,12.206641,12.308549,10.401486,11.368831,11.935126,10.197227,12.389269,13.369251,10.205007,12.652832,13.119187,11.129139,11.140828,13.171773,10.322756,12.4352665,12.023959,9.777826,13.058155,13.284817,12.49649,12.913453,12.737716,13.118625,13.515475,13.313101,13.114046,16.206425
13.891354,11.032922,12.2062645,12.3081665,10.401233,11.368473,11.934773,10.196933,12.388899,13.36882,10.204723,12.652446,13.118829,11.128819,11.140471,13.171372,10.322422,12.434874,12.02359,9.777556,13.057747,13.284407,12.496139,12.913006,12.737349,13.1182375,13.515057,13.312682,13.113598,16.205902
13.891451,11.032987,12.206332,12.308257,10.401224,11.3685875,11.934848,10.196988,12.38897,13.368941,10.204777,12.652514,13.118875,11.128898,11.140559,13.17147,10.322477,12.435014,12.023657,9.777596,13.057845,13.284526,12.496189,12.913151,12.737422,13.118302,13.515158,13.312799,13.113724,16.206018
13.891372,11.032926,12.20628,12.308236,10.401184,11.368542,11.934816,10.196927,12.388895,13.368892,10.204733,12.652448,13.118825,11.128851,11.140496,13.171414,10.322482,12.434924,12.0236225,9.777563,13.057766,13.284491,12.496142,12.913091,12.73739,13.118219,13.51505,13.312749,13.113654,16.205956
13.891645,11.03317,12.206518,12.308438,10.40138,11.368725,11.935011,10.197139,12.389147,13.369126,10.204896,12.652687,13.119056,11.129031,11.140719,13.171671,10.322641,12.435142,12.023846,9.777746,13.058027,13.284685,12.496348,12.913324,12.737596,13.118493,13.515361,13.31298,13.11391,16.206268
13.891763,11.033251,12.206629,12.308537,10.401479,11.368821,11.935115,10.197221,12.389255,13.369238,10.204996,12.652819,13.11917,11.129127,11.140819,13.171764,10.322745,12.435254,12.023949,9.777818,13.058144,13.28481,12.496477,12.913442,12.737702,13.118615,13.515464,13.313089,13.114034,16.206413
13.891606,11.033118,12.206489,12.308387,10.401363,11.368678,11.93498,10.19709,12.389125,13.369075,10.2048855,12.652674,13.119025,11.128995,11.140689,13.171615,10.322588,12.435116,12.0238085,9.777698,13.057988,13.284647,12.496326,12.913276,12.737552,13.118465,13.515323,13.312939,13.113865,16.206205
13.891685,11.033187,12.206568,12.308471,10.401422,11.368755,11.935058,10.197161,12.389184,13.369161,10.204939,12.652738,13.119105,11.129061,11.14075,13.171689,10.322677,12.435182,12.023887,9.777767,13.058069,13.284728,12.496403,12.913359,12.737638,13.118536,13.515383,13.313025,13.11395,16.206312
13.891577,11.033101,12.206443,12.30838,10.401347,11.36867,11.934958,10.197092,12.389081,13.369062,10.2048645,12.652627,13.118998,11.12899,11.140653,13.171594,10.322597,12.435099,12.023774,9.777688,13.0579605,13.284639,12.496315,12.9132595,12.737538,13.118447,13.515275,13.312913,13.11385,16.206179
13.89155,11.033089,12.206459,12.308379,10.40134,11.368673,11.934956,10.197075,12.389069,13.369056,10.204862,12.652625,13.119014,11.128971,11.140663,13.171575,10.322602,12.43509,12.02378,9.7776985,13.057967,13.284627,12.496297,12.913257,12.737536,13.118431,13.51526,13.312915,13.113849,16.206186
13.891256,11.032868,12.20618,12.308124,10.401109,11.368429,11.934709,10.196868,12.388794,13.368783,10.204594,12.652323,13.118725,11.128762,11.140396,13.171341,10.322383,12.43481,12.02348,9.777477,13.057684,13.284335,12.496011,12.912968,12.737287,13.118131,13.514982,13.312651,13.113498,16.205797
13.891575,11.033086,12.206436,12.308395,10.401348,11.3686495,11.934953,10.197083,12.389059,13.369065,10.20485,12.652624,13.118997,11.128976,11.1406555,13.171597,10.322608,12.435081,12.023777,9.777679,13.057965,13.284642,12.496306,12.91325,12.73753,13.118438,13.515259,13.312924,13.113845,16.206175
13.891565,11.0330925,12.206452,12.308368,10.4013405,11.368667,11.934941,10.19708,12.389065,13.369056,10.204847,12.652618,13.118984,11.1289835,11.14065,13.171584,10.322599,12.435085,12.023778,9.7776785,13.057961,13.284638,12.4963045,12.913261,12.737535,13.11843,13.51527,13.312922,13.113833,16.206182
13.890193,11.03202,12.205167,12.307204,10.400375,11.367573,11.933835,10.19599,12.38781,13.36783,10.203931,12.651292,13.117666,11.12797,11.139555,13.170346,10.321567,12.433916,12.0225315,9.776685,13.05668,13.283494,12.495231,12.912047,12.736254,13.117141,13.513961,13.311721,13.112563,16.204542
13.891401,11.032959,12.206296,12.308196,10.4012,11.368536,11.934801,10.196951,12.38891,13.368882,10.204706,12.652478,13.118831,11.128838,11.140539,13.171443,10.32248,12.434927,12.0236,9.777559,13.057791,13.284481,12.496148,12.913092,12.737383,13.1182375,13.515087,13.312767,13.113652,16.205961
13.891528,11.033062,12.206415,12.308343,10.4012985,11.368624,11.934919,10.197053,12.389041,13.369018,10.204815,12.652583,13.118961,11.128959,11.140609,13.171548,10.322567,12.435066,12.023744,9.77765,13.057926,13.284583,12.4962635,12.913212,12.7374935,13.118395,13.515223,13.312883,13.113805,16.206121
13.891654,11.033163,12.206522,12.308433,10.401397,11.368728,11.93502,10.19714,12.38916,13.369124,10.204915,12.652712,13.119064,11.129043,11.140727,13.171663,10.322644,12.435151,12.023858,9.777745,13.05803,13.284707,12.496377,12.913334,12.737609,13.118511,13.515365,13.3129835,13.113924,16.206272
13.890789,11.0324135,12.205783,12.30767,10.400758,11.368051,11.934265,10.196431,12.388291,13.368265,10.204192,12.651906,13.11829,11.128392,11.140074,13.170858,10.322109,12.434309,12.023058,9.777126,13.057272,13.283865,12.495591,12.912484,12.736826,13.117625,13.514392,13.312238,13.113023,16.205194
13.891642,11.033153,12.206525,12.308419,10.401389,11.368707,11.935011,10.197137,12.389146,13.36912,10.204888,12.652706,13.119045,11.129026,11.140723,13.171666,10.322637,12.43513,12.023843,9.777729,13.058017,13.284695,12.496363,12.913311,12.73761,13.118491,13.51536,13.312983,13.113888,16.206255
13.891414,11.032963,12.206297,12.308227,10.401218,11.368533,11.934822,10.196959,12.388948,13.368893,10.204745,12.652492,13.118826,11.128844,11.140558,13.171458,10.322473,12.434939,12.023644,9.7775545,13.057831,13.2845,12.496172,12.913123,12.737385,13.118258,13.515135,13.312764,13.113678,16.205982
13.891356,11.032939,12.206278,12.308183,10.401188,11.368495,11.934785,10.196902,12.388911,13.368864,10.20472,12.65244,13.118809,11.128819,11.140499,13.171409,10.322427,12.4349375,12.023614,9.777555,13.057737,13.284446,12.496134,12.913053,12.737378,13.118232,13.5150585,13.312739,13.11361,16.205927
13.89101,11.032632,12.205987,12.307903,10.4009905,11.368256,11.93451,10.196705,12.388555,13.368554,10.204447,12.652123,13.118562,11.128529,11.140248,13.171097,10.322229,12.434618,12.023303,9.777332,13.0574875,13.284104,12.495793,12.912731,12.737089,13.117961,13.514733,13.312443,13.113349,16.205551
13.891553,11.033082,12.206449,12.308358,10.40134,11.368653,11.93495,10.197074,12.389074,13.369047,10.204848,12.652638,13.118986,11.12897,11.140663,13.171581,10.322588,12.435062,12.023768,9.777685,13.057948,13.284626,12.496297,12.913244,12.737521,13.118423,13.515271,13.312911,13.113813,16.206163
13.891533,11.0330515,12.206436,12.308337,10.401328,11.368625,11.934935,10.197029,12.389051,13.36902,10.2048435,12.652604,13.118989,11.128944,11.140653,13.171541,10.322571,12.43507,12.023747,9.777662,13.057948,13.284569,12.496279,12.913229,12.737515,13.1184025,13.515238,13.312877,13.113817,16.20613
13.890538,11.032196,12.205461,12.307482,10.40053,11.367683,11.934028,10.19621,12.388033,13.367998,10.204022,12.651537,13.118001,11.1281,11.13973,13.170557,10.321709,12.434093,12.022794,9.776835,13.056999,13.283618,12.49532,12.912215,12.736473,13.1173935,13.514159,13.311912,13.1127405,16.204897
13.891594,11.033101,12.206488,12.308377,10.40136,11.368692,11.934979,10.197083,12.389095,13.369085,10.204878,12.65266,13.119032,11.129001,11.140696,13.171603,10.322612,12.435123,12.023794,9.77771,13.058002,13.284643,12.496333,12.913292,12.737563,13.118458,13.515293,13.312942,13.113877,16.206198
13.891315,11.032889,12.206221,12.308093,10.401172,11.368418,11.93472,10.196878,12.38882,13.368776,10.204629,12.652381,13.118756,11.128735,11.140433,13.17136,10.322407,12.434817,12.023514,9.777479,13.057733,13.284353,12.496067,12.912958,12.737295,13.118183,13.515003,13.312698,13.113549,16.205828
13.891437,11.032981,12.206323,12.308233,10.401266,11.368492,11.934839,10.196911,12.388982,13.368854,10.204791,12.652459,13.118894,11.128836,11.140535,13.171401,10.322406,12.434987,12.023607,9.77758,13.057793,13.284398,12.496186,12.913054,12.737395,13.118312,13.515111,13.312714,13.113632,16.205944
13.891706,11.033201,12.206571,12.308489,10.401439,11.36876,11.935063,10.19717,12.389194,13.369183,10.204956,12.652751,13.119113,11.129073,11.140765,13.171703,10.322694,12.435202,12.0239,9.777768,13.058093,13.284749,12.4964285,12.91338,12.737643,13.118557,13.515403,13.313043,13.113969,16.206335
13.891646,11.033157,12.206534,12.308446,10.401381,11.368738,11.935021,10.19713,12.389156,13.369133,10.204904,12.652692,13.119079,11.1290455,11.140725,13.171653,10.322662,12.435171,12.023856,9.777746,13.058033,13.284694,12.496362,12.913331,12.7376175,13.118489,13.515348,13.312999,13.113911,16.206274
13.891477,11.033005,12.206342,12.308245,10.401247,11.368537,11.93485,10.196988,12.388946,13.368926,10.204723,12.652501,13.118861,11.128874,11.14056,13.171483,10.322485,12.434952,12.02366,9.77758,13.057844,13.284516,12.496181,12.913126,12.737435,13.118311,13.515166,13.312818,13.113676,16.206022
13.035675,10.369546,11.459833,11.598315,9.77085,10.670514,11.230547,9.596863,11.6329775,12.576405,9.602572,11.865159,12.333296,10.452949,10.453658,12.398634,9.698747,11.688341,11.310398,9.210433,12.254181,12.523299,11.751267,12.128219,12.011842,12.304337,12.702122,12.539947,12.280836,15.227891
13.893195,11.034374,12.208058,12.310109,10.402635,11.370292,11.9367,10.198316,12.390665,13.370761,10.206182,12.654219,13.120681,11.130198,11.142333,13.173372,10.323878,12.436681,12.025595,9.779034,13.05944,13.28641,12.497961,12.915073,12.739434,13.119997,13.517081,13.31476,13.115573,16.20791
13.893902,11.034859,12.20864,12.310688,10.403122,11.370856,11.93728,10.19887,12.391265,13.371374,10.206641,12.654816,13.121308,11.13072,11.1428585,13.173923,10.324367,12.437273,12.026113,9.779489,13.060141,13.287057,12.498563,12.9157295,12.739955,13.120681,13.517759,13.315346,13.116314,16.208727
13.893868,11.034818,12.208612,12.310691,10.403087,11.370846,11.937268,10.198853,12.391234,13.371365,10.206632,12.654776,13.121302,11.130711,11.142828,13.173887,10.324342,12.437251,12.026102,9.77948,13.060115,13.287046,12.498535,12.915721,12.7399435,13.120664,13.517723,13.3153305,13.116267,16.208698
13.894066,11.034985,12.208797,12.310853,10.403245,11.370991,11.937432,10.198983,12.391426,13.37154,10.206774,12.654988,13.121487,11.1308565,11.142999,13.17407,10.32451,12.437425,12.02626,9.77961,13.060311,13.287203,12.498715,12.915893,12.740103,13.120838,13.517916,13.315508,13.116474,16.208923
13.893944,11.034881,12.208692,12.310751,10.403143,11.370913,11.937339,10.198894,12.391316,13.3714285,10.206679,12.654867,13.121376,11.130773,11.142897,13.173961,10.324421,12.437309,12.026158,9.779528,13.060191,13.287095,12.498593,12.915784,12.7400055,13.120711,13.517792,13.315397,13.1163435,16.20877
13.893818,11.034781,12.208576,12.310637,10.403056,11.370786,11.937211,10.19879,12.391186,13.371299,10.206604,12.654743,13.121243,11.130673,11.142809,13.173835,10.324299,12.437218,12.0260315,9.779434,13.060082,13.286994,12.4985075,12.915677,12.739877,13.120605,13.517657,13.315262,13.11622,16.20864
13.893734,11.034718,12.208511,12.310583,10.40301,11.370724,11.937142,10.198738,12.391124,13.371248,10.206537,12.654679,13.1211815,11.13063,11.142733,13.173777,10.324256,12.43716,12.025986,9.779381,13.060027,13.286937,12.498449,12.915605,12.739802,13.120541,13.517591,13.315215,13.116157,16.208553
13.893719,11.034676,12.2084675,12.310535,10.40299,11.370708,11.937119,10.198701,12.391079,13.371184,10.206523,12.654636,13.121151,11.130601,11.142718,13.173725,10.324197,12.437113,12.025959,9.779363,13.059991,13.2868805,12.498405,12.915578,12.739782,13.120508,13.517566,13.315159,13.116113,16.208492
13.894006,11.034933,12.208741,12.310788,10.4031925,11.370937,11.937378,10.198941,12.391369,13.371481,10.206723,12.654921,13.121419,11.130803,11.14295,13.174008,10.324452,12.437373,12.026209,9.779563,13.06025,13.287143,12.498664,12.915842,12.740047,13.120779,13.517851,13.315447,13.116405,16.20886
13.894014,11.034947,12.2087555,12.310811,10.403211,11.370951,11.937392,10.198953,12.391386,13.371494,10.206745,12.654938,13.121446,11.130815,11.14295,13.174025,10.324478,12.437382,12.026221,9.779576,13.060266,13.287155,12.498673,12.915841,12.740061,13.1207905,13.517864,13.315461,13.116411,16.208866
13.894024,11.034949,12.208759,12.310823,10.403227,11.370956,11.937393,10.198965,12.391385,13.371506,10.206748,12.654946,13.121447,11.130835,11.142945,13.174029,10.324483,12.437387,12.02623,9.779575,13.06028,13.28717,12.498686,12.915849,12.740064,13.120804,13.517879,13.315469,13.116435,16.208872
13.8940115,11.034949,12.208765,12.31081,10.403215,11.370959,11.937387,10.198961,12.391381,13.371491,10.206741,12.654939,13.121439,11.13083,11.142947,13.174027,10.324481,12.437381,12.026225,9.77958,13.060274,13.287154,12.498673,12.915846,12.7400675,13.120789,13.517878,13.315462,13.116423,16.20887
13.893736,11.034753,12.2085495,12.310571,10.403024,11.370761,11.937189,10.198758,12.391161,13.3712635,10.206568,12.654728,13.121215,11.130629,11.142749,13.173816,10.324269,12.437155,12.026002,9.779396,13.060042,13.286942,12.498447,12.915615,12.739837,13.120536,13.517637,13.315235,13.116186,16.208569
13.893797,11.034776,12.208554,12.3106,10.403032,11.370778,11.937184,10.198777,12.391178,13.371267,10.206548,12.654717,13.1212225,11.130663,11.142783,13.173822,10.324306,12.437183,12.025997,9.779406,13.06005,13.2869425,12.498468,12.915643,12.739857,13.120553,13.517651,13.315263,13.116182,16.208593
13.893955,11.034898,12.208699,12.310747,10.403171,11.370882,11.937324,10.19891,12.391326,13.371435,10.206674,12.654871,13.121365,11.130775,11.14289,13.173973,10.324429,12.437314,12.026148,9.779503,13.060212,13.287098,12.498616,12.91578,12.739994,13.120733,13.51782,13.315419,13.1163645,16.208786
13.893703,11.034693,12.2085,12.310548,10.402999,11.370698,11.937134,10.198711,12.391124,13.371205,10.206537,12.654673,13.121159,11.130598,11.142714,13.173727,10.324241,12.43714,12.02596,9.779364,13.06002,13.2868805,12.498441,12.915594,12.739772,13.12051,13.517595,13.315171,13.116149,16.208515
13.893956,11.034896,12.208697,12.310753,10.403166,11.370912,11.937333,10.198902,12.391315,13.371439,10.206695,12.654883,13.121374,11.130784,11.142915,13.173964,10.324429,12.437343,12.026157,9.779534,13.060225,13.28711,12.498634,12.915812,12.740006,13.120737,13.5178175,13.3154,13.116378,16.208794
13.893763,11.034733,12.208524,12.310581,10.40305,11.370731,11.937172,10.198745,12.391143,13.371231,10.206579,12.654678,13.121227,11.130616,11.142725,13.17376,10.32426,12.437164,12.02598,9.77939,13.060038,13.286889,12.498466,12.915576,12.739836,13.12056,13.51761,13.315212,13.116156,16.208529
13.894095,11.035008,12.208825,12.310871,10.403264,11.371025,11.937452,10.199011,12.391451,13.371569,10.206792,12.655017,13.121506,11.130886,11.143018,13.174101,10.32453,12.437449,12.026287,9.779628,13.060338,13.2872305,12.498737,12.915922,12.740129,13.120862,13.51795,13.315532,13.116506,16.20896
13.893972,11.034916,12.208713,12.310752,10.403169,11.370912,11.937349,10.19892,12.391342,13.371437,10.206681,12.65489,13.121389,11.130782,11.142911,13.173987,10.32443,12.437327,12.026177,9.779539,13.060214,13.287108,12.498623,12.9158,12.740025,13.12074,13.51783,13.315423,13.116364,16.208801
13.894039,11.0349655,12.208782,12.310832,10.40323,11.370966,11.937411,10.198976,12.3914,13.371525,10.206749,12.654961,13.121459,11.130836,11.142975,13.17405,10.324492,12.437407,12.02624,9.779588,13.060288,13.287188,12.49869,12.915871,12.740094,13.120816,13.517899,13.315494,13.116439,16.208895
13.894007,11.034942,12.208738,12.310795,10.403208,11.370922,11.93737,10.198948,12.391364,13.371481,10.20671,12.654927,13.12142,11.130805,11.142942,13.17402,10.324464,12.437356,12.026205,9.779555,13.060258,13.287147,12.49866,12.915822,12.740043,13.120785,13.517864,13.315453,13.116404,16.208849
13.894007,11.034946,12.208751,12.310795,10.403204,11.37096,11.937387,10.198953,12.391375,13.371494,10.206733,12.654935,13.121429,11.130826,11.142947,13.17402,10.324476,12.437375,12.026215,9.779572,13.060264,13.287156,12.498671,12.915855,12.740064,13.120787,13.517872,13.315454,13.116418,16.208864
13.893988,11.034931,12.208732,12.310773,10.403191,11.370932,11.937365,10.198936,12.391348,13.3714695,10.206707,12.654915,13.121408,11.130798,11.142932,13.174006,10.324461,12.437361,12.026193,9.779552,13.060247,13.287132,12.498643,12.915823,12.740046,13.12077,13.517847,13.315438,13.116397,16.208838
13.893968,11.034897,12.208698,12.310763,10.403167,11.370907,11.937343,10.198909,12.391306,13.371444,10.206693,12.654876,13.121365,11.130781,11.142896,13.17398,10.324449,12.437329,12.026153,9.779531,13.060211,13.287123,12.498634,12.91578,12.740015,13.120718,13.517789,13.315414,13.116354,16.208792
13.893947,11.034892,12.208698,12.310761,10.403171,11.370902,11.937348,10.198905,12.391319,13.371448,10.206693,12.654882,13.121393,11.130773,11.142908,13.173963,10.324437,12.437335,12.0261545,9.77954,13.060218,13.28711,12.498619,12.9157915,12.740016,13.120742,13.517809,13.315406,13.116368,16.208792
13.893804,11.034777,12.208551,12.310635,10.403056,11.370785,11.937203,10.198809,12.391146,13.371305,10.206575,12.6547165,13.121226,11.13068,11.14277,13.173831,10.324319,12.437199,12.026018,9.77943,13.06008,13.286992,12.4985,12.915653,12.739872,13.120588,13.517643,13.315271,13.116216,16.208622
13.893733,11.034698,12.208503,12.310535,10.403014,11.370707,11.937137,10.198728,12.391091,13.37122,10.206536,12.654658,13.121158,11.130601,11.142713,13.173756,10.324248,12.437149,12.025946,9.779348,13.060019,13.286897,12.498442,12.915571,12.739809,13.120514,13.517589,13.315205,13.116152,16.208511
13.893628,11.0346365,12.208353,12.310438,10.402897,11.370637,11.937031,10.198643,12.391,13.371094,10.206434,12.654506,13.1210375,11.130522,11.142606,13.173653,10.324141,12.4370365,12.02581,9.779288,13.059874,13.286774,12.498327,12.915469,12.73968,13.1203985,13.517462,13.31508,13.115986,16.208347
13.894034,11.034963,12.208765,12.310814,10.403215,11.370968,11.937402,10.198973,12.391397,13.371508,10.20674,12.65495,13.121446,11.130832,11.142969,13.17404,10.324481,12.437398,12.026226,9.779587,13.060276,13.287171,12.498683,12.915867,12.74008,13.120812,13.51789,13.31547,13.116437,16.208885
13.893973,11.034906,12.208719,12.310768,10.403179,11.370918,11.937355,10.198913,12.391335,13.371457,10.206699,12.654904,13.121394,11.130789,11.14293,13.17399,10.324444,12.437346,12.0261755,9.779544,13.060238,13.287127,12.498639,12.915814,12.740024,13.120754,13.517833,13.315426,13.11639,16.20881
13.893967,11.034912,12.208712,12.310774,10.403175,11.370915,11.937356,10.198911,12.391337,13.37146,10.206706,12.6549,13.121386,11.130789,11.142908,13.173993,10.32444,12.437338,12.026176,9.779533,13.060213,13.287127,12.49863,12.915801,12.740019,13.120743,13.517821,13.315427,13.116375,16.208801
13.893859,11.034826,12.208627,12.310662,10.403089,11.370837,11.937255,10.198839,12.391237,13.371327,10.206611,12.654774,13.121309,11.130709,11.142823,13.173878,10.32437,12.437254,12.026092,9.779486,13.060121,13.286995,12.4985285,12.91569,12.73994,13.120634,13.517694,13.315324,13.116257,16.20868
13.893657,11.034659,12.208427,12.310494,10.402908,11.370677,11.937084,10.198688,12.391044,13.371143,10.20646,12.654565,13.121102,11.130534,11.142653,13.173681,10.324176,12.437074,12.025917,9.779341,13.059927,13.2868395,12.498341,12.91554,12.739752,13.120429,13.517497,13.3151245,13.116056,16.208464
13.894079,11.035003,12.208817,12.3108635,10.403253,11.37101,11.937442,10.199006,12.391441,13.37156,10.20678,12.655005,13.121495,11.130872,11.143007,13.174086,10.324526,12.437439,12.026282,9.779623,13.06033,13.287218,12.498728,12.915915,12.740122,13.1208515,13.5179405,13.315522,13.11649,16.208946
13.893923,11.034863,12.20865,12.310713,10.403135,11.370856,11.937297,10.198865,12.391269,13.371387,10.206656,12.654836,13.121339,11.130737,11.142869,13.173928,10.324395,12.437278,12.026123,9.779489,13.060177,13.287064,12.498577,12.915753,12.73996,13.120684,13.51776,13.31537,13.116327,16.20874
13.894082,11.035003,12.208814,12.310866,10.403259,11.371004,11.937448,10.198998,12.391444,13.371558,10.206787,12.655002,13.121501,11.130871,11.143009,13.174084,10.324522,12.437442,12.026276,9.779617,13.060328,13.287212,12.498727,12.915911,12.740121,13.120858,13.517936,13.315516,13.116491,16.208944
13.893787,11.034768,12.208576,12.310595,10.40306,11.370769,11.937196,10.198787,12.391183,13.371261,10.206591,12.654736,13.121252,11.130658,11.142791,13.173809,10.324311,12.4372015,12.026031,9.779431,13.06008,13.286927,12.498497,12.915654,12.7398815,13.120606,13.517662,13.315251,13.116219,16.208616
13.894059,11.034988,12.208797,12.31084,10.403239,11.3709955,11.937427,10.198984,12.391419,13.371538,10.206768,12.654979,13.121476,11.130856,11.14299,13.17407,10.324502,12.437421,12.026264,9.779609,13.06031,13.287201,12.498709,12.915897,12.740105,13.120833,13.517918,13.315501,13.116475,16.208923
13.894037,11.034965,12.208768,12.310828,10.403225,11.370969,11.9374075,10.198967,12.391401,13.371511,10.206757,12.654959,13.121462,11.130839,11.14297,13.174043,10.324494,12.437408,12.02624,9.779593,13.060284,13.287181,12.4986925,12.915873,12.740078,13.120818,13.517893,13.31548,13.116444,16.208895
13.894,11.034932,12.208738,12.310793,10.403209,11.370928,11.937367,10.198945,12.391361,13.37148,10.206718,12.65492,13.12142,11.130813,11.142937,13.174014,10.32447,12.437363,12.0262,9.779555,13.060258,13.287146,12.498659,12.915828,12.740048,13.120779,13.517854,13.315458,13.1164055,16.208841
13.893989,11.034927,12.208729,12.310773,10.403184,11.37093,11.937367,10.198931,12.3913555,13.371466,10.206714,12.654918,13.121403,11.130796,11.142938,13.174001,10.3244505,12.4373455,12.026191,9.779549,13.060239,13.2871275,12.498653,12.9158325,12.74003,13.120763,13.517846,13.315433,13.116403,16.20883
13.893889,11.034835,12.208646,12.310708,10.40311,11.370857,11.937299,10.198863,12.391271,13.371387,10.206643,12.654819,13.121343,11.130714,11.142863,13.173906,10.324377,12.437301,12.026097,9.779494,13.060157,13.287041,12.498549,12.915741,12.739969,13.120677,13.517738,13.315348,13.1163025,16.208717
13.893758,11.034758,12.208491,12.310567,10.402992,11.370732,11.937148,10.198756,12.39113,13.3712225,10.206548,12.654655,13.121197,11.130628,11.142725,13.173755,10.3242655,12.437147,12.02599,9.779405,13.060027,13.286888,12.498427,12.915627,12.739814,13.120521,13.51761,13.315183,13.116173,16.208567
13.893895,11.034852,12.208649,12.310699,10.403117,11.370875,11.937291,10.198865,12.391265,13.371379,10.206649,12.654821,13.121338,11.130729,11.142851,13.173914,10.324382,12.437282,12.026128,9.779499,13.060161,13.287053,12.498563,12.91574,12.739949,13.120682,13.517752,13.315355,13.11632,16.208729
13.89386,11.034809,12.208625,12.310652,10.4031,11.3708105,11.937252,10.1988125,12.391244,13.371332,10.206622,12.654796,13.121302,11.130684,11.142818,13.173864,10.32433,12.437239,12.026073,9.779438,13.060132,13.286984,12.498529,12.915686,12.739901,13.120635,13.517728,13.315319,13.116269,16.20866
13.893901,11.0348625,12.2086525,12.310703,10.403113,11.3708725,11.937301,10.198864,12.391285,13.371394,10.206659,12.654813,13.121316,11.130719,11.142865,13.1739235,10.324382,12.437305,12.026124,9.779498,13.060152,13.287069,12.498582,12.915749,12.739961,13.120675,13.517759,13.315378,13.1163,16.208742
13.8938265,11.034815,12.208603,12.310651,10.403083,11.370817,11.937225,10.198833,12.391209,13.371338,10.206599,12.6547575,13.121277,11.1307,11.142792,13.173869,10.324352,12.437231,12.02605,9.779454,13.060128,13.286985,12.498508,12.915685,12.739898,13.120628,13.517712,13.315286,13.116269,16.208658
13.89385,11.034833,12.208598,12.310675,10.403079,11.3708315,11.937252,10.198836,12.391232,13.3713455,10.206619,12.654771,13.121299,11.130695,11.142825,13.173879,10.324385,12.437247,12.026071,9.779465,13.060121,13.287001,12.4985285,12.915711,12.73992,13.120637,13.517704,13.31532,13.116273,16.208683
13.893879,11.034843,12.208659,12.310699,10.403127,11.370843,11.937284,10.19886,12.39127,13.371391,10.20665,12.654828,13.121331,11.13072,11.142869,13.173919,10.324366,12.437271,12.026107,9.779479,13.060166,13.287045,12.498559,12.915729,12.739958,13.120676,13.517762,13.31535,13.116306,16.20872
13.89395,11.034891,12.208674,12.310747,10.403158,11.370897,11.937332,10.198892,12.391304,13.3714075,10.206694,12.654852,13.121379,11.130769,11.142877,13.173947,10.324414,12.4373255,12.026139,9.779529,13.060193,13.287081,12.498609,12.915771,12.73999,13.120731,13.51778,13.315385,13.11634,16.208763
13.893982,11.034907,12.208717,12.310765,10.403186,11.370928,11.93736,10.198923,12.39135,13.37145,10.206716,12.654899,13.1214,11.130798,11.142926,13.173978,10.324432,12.437347,12.026192,9.779551,13.0602255,13.287112,12.498646,12.915816,12.740032,13.120753,13.517834,13.315419,13.116379,16.208817
13.893858,11.034833,12.208627,12.310673,10.403103,11.370829,11.937265,10.198849,12.391247,13.371366,10.206624,12.6547985,13.121296,11.130696,11.142834,13.173895,10.324357,12.43726,12.02608,9.779471,13.060127,13.287028,12.498532,12.9157095,12.739938,13.120651,13.517737,13.315327,13.116269,16.20869
13.893756,11.034716,12.208514,12.310591,10.402997,11.370768,11.937167,10.198743,12.391125,13.371235,10.206547,12.654661,13.121217,11.130625,11.142757,13.173762,10.324303,12.437171,12.025991,9.779408,13.060011,13.28691,12.4984255,12.91562,12.739835,13.120519,13.517566,13.315227,13.116151,16.208563
13.893893,11.034847,12.20865,12.310693,10.403124,11.370853,11.937281,10.198845,12.391259,13.371379,10.206642,12.654837,13.121322,11.13073,11.142863,13.173924,10.3243885,12.437265,12.0261135,9.77948,13.060157,13.287044,12.498571,12.915742,12.739951,13.120667,13.517749,13.315354,13.116316,16.208712
13.893991,11.034935,12.20874,12.310791,10.403197,11.37094,11.937376,10.198948,12.391356,13.371485,10.20672,12.654915,13.121414,11.130803,11.142937,13.174012,10.32447,12.4373665,12.026209,9.779567,13.060249,13.287152,12.498661,12.915829,12.740057,13.120772,13.517853,13.315457,13.116395,16.208853
13.8940325,11.034959,12.208771,12.310818,10.403217,11.370968,11.937406,10.198968,12.391399,13.371514,10.206744,12.654958,13.121453,11.130832,11.142965,13.174039,10.324484,12.437391,12.026243,9.779586,13.060279,13.2871685,12.498685,12.915865,12.74008,13.120804,13.51789,13.31548,13.116439,16.208887
13.89407,11.03499,12.208804,12.310859,10.403245,11.371002,11.937434,10.1989975,12.391431,13.371558,10.206774,12.65499,13.121485,11.130868,11.142996,13.174081,10.32452,12.437438,12.026267,9.7796135,13.060322,13.287214,12.498715,12.915903,12.740113,13.120844,13.51793,13.3155155,13.116486,16.208935
13.893681,11.0346985,12.208482,12.310504,10.402987,11.370709,11.937119,10.198703,12.391088,13.371193,10.206523,12.65462,13.121151,11.130564,11.142716,13.173733,10.324265,12.437133,12.025937,9.779373,13.059997,13.286859,12.49844,12.915552,12.739787,13.1205,13.517556,13.315201,13.116107,16.208494
13.893886,11.034843,12.208632,12.310675,10.403126,11.370813,11.937262,10.198842,12.39126,13.371341,10.2066345,12.654805,13.121312,11.130707,11.142842,13.173892,10.324376,12.437247,12.026087,9.779475,13.0601425,13.287022,12.498575,12.915705,12.739938,13.120656,13.517733,13.315339,13.116261,16.208694
13.89382,11.034778,12.20858,12.310658,10.403067,11.370801,11.937223,10.198801,12.391192,13.37131,10.206603,12.654763,13.121258,11.130688,11.142789,13.173841,10.324345,12.437209,12.02604,9.779426,13.060088,13.286998,12.498514,12.9156685,12.73988,13.12059,13.517661,13.315287,13.116232,16.208633
13.893993,11.03492,12.208736,12.310791,10.403191,11.37094,11.93737,10.198925,12.391355,13.371471,10.206724,12.654913,13.121426,11.130802,11.142939,13.173998,10.324452,12.437368,12.026193,9.779556,13.060245,13.28713,12.498653,12.91582,12.740047,13.120763,13.517839,13.315439,13.1164,16.208832
13.89407,11.034996,12.208811,12.310857,10.403248,11.371009,11.937439,10.198995,12.391436,13.371553,10.206776,12.654993,13.1214905,11.130869,11.143002,13.174078,10.324522,12.437434,12.026275,9.779616,13.060325,13.287214,12.498723,12.915912,12.740116,13.120845,13.517935,13.31552,13.1164875,16.20894
13.473621,10.695257,11.834391,11.942936,10.067034,11.024226,11.56698,9.877403,11.999102,12.956066,9.87725,12.24078,12.702118,10.7955,10.799099,12.779342,9.995317,12.067826,11.651484,9.478686,12.653177,12.906843,12.116958,12.522036,12.352435,12.708168,13.092273,12.926528,12.692077,15.707783
13.8957405,11.036169,12.210366,12.3126,10.404462,11.372608,11.939191,10.200195,12.392963,13.373235,10.207995,12.656499,13.123198,11.132045,11.144603,13.175836,10.325705,12.439,12.028043,9.780877,13.061803,13.289052,12.500391,12.91777,12.742012,13.122467,13.519778,13.317383,13.11833,16.210775
13.896127,11.036476,12.210709,12.312938,10.404734,11.372938,11.939522,10.200504,12.393322,13.373615,10.208286,12.656841,13.123561,11.132335,11.144906,13.176151,10.326017,12.439352,12.02836,9.781177,13.062241,13.289386,12.500744,12.918173,12.742316,13.122847,13.520172,13.317725,13.118773,16.211254
13.896012,11.036359,12.210583,12.312809,10.404679,11.372814,11.939418,10.200444,12.39319,13.373488,10.208175,12.65673,13.1234665,11.132243,11.144799,13.17603,10.325924,12.439213,12.0282345,9.781099,13.062108,13.2892885,12.500637,12.918023,12.742207,13.12274,13.520031,13.317608,13.118623,16.211092
13.895803,11.036199,12.210403,12.312618,10.404524,11.372596,11.939226,10.200243,12.392994,13.3732815,10.208008,12.65654,13.123239,11.132052,11.144651,13.175878,10.325735,12.43902,12.028061,9.780913,13.06191,13.289064,12.5004225,12.917839,12.7420225,13.122569,13.519864,13.317448,13.118439,16.210838
13.895849,11.036233,12.210452,12.312666,10.404566,11.372684,11.93925,10.200306,12.393032,13.373319,10.208057,12.656578,13.123302,11.1321335,11.144689,13.175888,10.325806,12.439081,12.02812,9.780981,13.061994,13.2891245,12.500518,12.917906,12.742078,13.122591,13.51989,13.31748,13.118502,16.210915
13.895818,11.036184,12.210388,12.312616,10.404556,11.372622,11.939231,10.200267,12.393023,13.373286,10.208074,12.656554,13.123264,11.132104,11.14467,13.175792,10.325729,12.43904,12.028093,9.780939,13.061942,13.289096,12.500522,12.917887,12.742038,13.122581,13.519868,13.317413,13.118433,16.21088
13.896273,11.036577,12.210832,12.313078,10.404872,11.373039,11.939669,10.200622,12.3934555,13.373763,10.2084,12.6570215,13.123699,11.132449,11.145038,13.176296,10.32613,12.439455,12.028493,9.781263,13.0623455,13.28956,12.50088,12.918296,12.742457,13.122996,13.520316,13.317877,13.118899,16.211422
13.896193,11.036522,12.210767,12.312985,10.404821,11.372967,11.939572,10.200571,12.393366,13.373673,10.208343,12.656932,13.123623,11.132384,11.144976,13.176214,10.32608,12.439382,12.028415,9.78121,13.062283,13.289486,12.50083,12.918206,12.742393,13.12291,13.520227,13.3178005,13.118797,16.211334
13.895634,11.036105,12.210288,12.312554,10.404479,11.372531,11.939126,10.200198,12.392885,13.373153,10.207956,12.656436,13.123162,11.131971,11.144598,13.175706,10.325678,12.438939,12.027912,9.780835,13.0618305,13.289003,12.500387,12.917748,12.74191,13.122438,13.51972,13.317296,13.118343,16.210747
13.89622,11.036524,12.210774,12.313028,10.40484,11.372973,11.939597,10.20059,12.393396,13.373705,10.20836,12.656952,13.123637,11.132404,11.144981,13.176234,10.326087,12.439403,12.028446,9.781211,13.062294,13.289512,12.500842,12.918235,12.7424135,13.122937,13.520269,13.31782,13.118834,16.211357
13.895035,11.035622,12.209747,12.311991,10.403962,11.372096,11.93865,10.199735,12.392357,13.372635,10.2075,12.655824,13.122589,11.131507,11.144037,13.175204,10.325182,12.438433,12.027392,9.78041,13.061172,13.28838,12.499749,12.917166,12.741426,13.121842,13.519159,13.316663,13.1177225,16.209927
13.896012,11.036387,12.210585,12.312877,10.404668,11.372814,11.939473,10.200438,12.393217,13.373526,10.208218,12.656764,13.123462,11.132236,11.144833,13.176065,10.325923,12.439231,12.028276,9.781106,13.062097,13.289332,12.500637,12.918069,12.742242,13.12276,13.520053,13.317646,13.118641,16.211126
13.896096,11.036425,12.210676,12.312923,10.40475,11.37289,11.939518,10.200497,12.393293,13.373586,10.208262,12.656841,13.123549,11.132314,11.144871,13.176113,10.3259945,12.439284,12.028332,9.781151,13.062174,13.289388,12.500732,12.918108,12.742308,13.122814,13.520112,13.317715,13.118678,16.211197
13.896265,11.036583,12.210832,12.313068,10.404855,11.373055,11.939663,10.20061,12.393465,13.373764,10.208414,12.657007,13.123693,11.132439,11.145054,13.17629,10.326139,12.439471,12.028497,9.781265,13.062338,13.289562,12.5008955,12.918306,12.742459,13.12299,13.520314,13.317887,13.118896,16.211432
13.8959465,11.036309,12.210549,12.312797,10.404676,11.372783,11.939393,10.200394,12.393175,13.373419,10.208207,12.656721,13.123436,11.132215,11.144762,13.175971,10.325888,12.439164,12.028215,9.781072,13.062041,13.289236,12.500617,12.917971,12.742167,13.122689,13.519984,13.317546,13.118556,16.211037
13.895686,11.036149,12.210329,12.312569,10.404489,11.372587,11.939169,10.200219,12.3929405,13.373252,10.207963,12.656485,13.1231985,11.131984,11.144573,13.175775,10.325737,12.438964,12.027938,9.780831,13.061862,13.289026,12.500354,12.9177475,12.741954,13.122464,13.5197935,13.317337,13.118342,16.210756
13.895814,11.036193,12.210413,12.312706,10.40454,11.372636,11.939286,10.200256,12.393032,13.373335,10.208061,12.656587,13.123268,11.132081,11.144671,13.175868,10.325762,12.439047,12.028083,9.780941,13.061929,13.289153,12.500491,12.91788,12.742034,13.122568,13.519851,13.317454,13.118435,16.210854
13.896173,11.036488,12.210751,12.312984,10.404792,11.372965,11.9395685,10.2005415,12.39336,13.373664,10.208325,12.656915,13.1236105,11.1323805,11.1449585,13.176196,10.326061,12.439379,12.028404,9.781204,13.062275,13.289449,12.500801,12.918209,12.742367,13.122892,13.520214,13.317775,13.118809,16.211298
13.895544,11.036038,12.210194,12.312421,10.404327,11.372497,11.9390745,10.200091,12.392786,13.373086,10.207864,12.656348,13.123066,11.131895,11.144393,13.17565,10.3256035,12.43881,12.027837,9.780755,13.061706,13.288853,12.500216,12.917606,12.741815,13.122307,13.519627,13.317175,13.118196,16.210564
13.896157,11.03648,12.210748,12.31298,10.404812,11.372949,11.939569,10.200546,12.3933525,13.373653,10.208335,12.656917,13.123618,11.132368,11.14494,13.176178,10.326052,12.439356,12.02841,9.781193,13.062256,13.28946,12.500806,12.918177,12.742375,13.122885,13.520212,13.317786,13.118771,16.21129
13.896063,11.036417,12.210636,12.312923,10.4047165,11.372875,11.939516,10.200476,12.3932705,13.373573,10.208242,12.656821,13.1235075,11.1322775,11.144877,13.176124,10.325976,12.439267,12.0283165,9.781136,13.062145,13.289375,12.500689,12.918109,12.742281,13.122799,13.520101,13.317689,13.11868,16.21117
13.89559,11.036032,12.210248,12.312477,10.404364,11.37248,11.939081,10.200089,12.392862,13.373114,10.20788,12.656357,13.123072,11.131875,11.1444845,13.175696,10.325609,12.438884,12.027893,9.780774,13.061714,13.288894,12.500253,12.9176445,12.741862,13.122292,13.519681,13.317298,13.118218,16.210594
13.895654,11.036111,12.210305,12.31256,10.404419,11.372552,11.939142,10.200194,12.392893,13.373213,10.20795,12.656431,13.123179,11.131992,11.144531,13.175737,10.325717,12.438958,12.027966,9.780892,13.0618305,13.289008,12.50035,12.917749,12.741931,13.122432,13.519716,13.317327,13.118335,16.21073
13.896111,11.03645,12.21069,12.312938,10.404751,11.372902,11.939521,10.200503,12.393318,13.373587,10.208297,12.656848,13.123557,11.13232,11.14489,13.176125,10.326,12.439324,12.028336,9.781155,13.062182,13.289395,12.500746,12.91813,12.742311,13.122836,13.520135,13.317709,13.118702,16.211226
13.896228,11.036538,12.210803,12.313039,10.404822,11.373011,11.939625,10.200589,12.393425,13.373717,10.208365,12.656971,13.123665,11.132414,11.144998,13.176242,10.326106,12.439427,12.028451,9.781237,13.062304,13.289508,12.500835,12.918251,12.742424,13.122939,13.520259,13.317831,13.118842,16.21136
13.895799,11.036206,12.21038,12.312597,10.40452,11.372623,11.939241,10.200232,12.392998,13.373261,10.208007,12.656538,13.123194,11.132085,11.144622,13.175864,10.325722,12.438982,12.028027,9.78086,13.061893,13.289085,12.500467,12.9178505,12.74201,13.122532,13.519886,13.317424,13.118388,16.210808
13.896275,11.036578,12.210839,12.313091,10.404873,11.37304,11.939665,10.200624,12.393459,13.373767,10.208413,12.657017,13.123702,11.132456,11.145037,13.17629,10.3261385,12.439475,12.028494,9.781262,13.062354,13.289566,12.500896,12.918297,12.742464,13.123003,13.520313,13.317873,13.118907,16.211432
13.89608,11.036412,12.210648,12.3129015,10.404727,11.372878,11.939496,10.200473,12.393269,13.373566,10.208263,12.656813,13.123523,11.132284,11.144876,13.176108,10.325973,12.439288,12.028323,9.781126,13.062155,13.28937,12.500712,12.918112,12.742294,13.122816,13.520117,13.317703,13.118698,16.211191
13.896003,11.036355,12.210592,12.312841,10.40467,11.372804,11.939414,10.200431,12.393177,13.373502,10.208176,12.656746,13.123423,11.132242,11.144802,13.176053,10.325943,12.439204,12.028233,9.7810545,13.062088,13.289336,12.500654,12.918031,12.742235,13.122722,13.520016,13.317638,13.118601,16.211092
13.896116,11.036447,12.210705,12.312952,10.40477,11.372883,11.939539,10.200507,12.393318,13.373622,10.2082815,12.656874,13.123548,11.13231,11.144924,13.176156,10.326003,12.439312,12.028355,9.781146,13.062201,13.289407,12.500746,12.918146,12.742342,13.122849,13.520178,13.317746,13.118731,16.211226
13.89622,11.03653,12.21078,12.313021,10.404839,11.372979,11.939603,10.200589,12.393415,13.373707,10.208355,12.656966,13.123638,11.1324,11.144993,13.176248,10.326085,12.439407,12.028447,9.781219,13.062285,13.289511,12.500837,12.918239,12.742412,13.122945,13.520272,13.317832,13.118834,16.211351
13.896035,11.03634,12.21058,12.312827,10.404678,11.372812,11.939418,10.200399,12.393185,13.373499,10.208209,12.656751,13.123441,11.132225,11.14484,13.176033,10.325893,12.439226,12.028258,9.781078,13.0621,13.289301,12.500672,12.918066,12.742217,13.122735,13.520043,13.317635,13.118606,16.211094
13.895604,11.036076,12.210282,12.312521,10.404411,11.372536,11.939134,10.200183,12.39286,13.37317,10.208004,12.65642,13.123138,11.131953,11.144534,13.175688,10.325636,12.438926,12.027976,9.78085,13.061758,13.289022,12.500352,12.917724,12.741932,13.122425,13.519682,13.317291,13.118292,16.210732
13.896191,11.036515,12.210752,12.313002,10.404816,11.372964,11.939583,10.200567,12.393375,13.3736725,10.208344,12.656924,13.123631,11.132385,11.144962,13.176203,10.326076,12.439375,12.028429,9.781205,13.0622635,13.289471,12.500805,12.918217,12.742386,13.122912,13.520222,13.317794,13.118819,16.211336
13.896253,11.0365505,12.210805,12.313055,10.404868,11.372996,11.939632,10.2006035,12.393433,13.373728,10.20838,12.656981,13.1236725,11.132425,11.145005,13.176258,10.326107,12.439433,12.028475,9.781237,13.062327,13.289537,12.500872,12.918265,12.742433,13.122972,13.520298,13.317857,13.118868,16.211384
13.896083,11.03643,12.21066,12.312882,10.404721,11.3729,11.939504,10.200465,12.393284,13.373566,10.208257,12.656827,13.123527,11.132317,11.144876,13.176115,10.325977,12.439278,12.028317,9.781127,13.062162,13.289349,12.500706,12.91812,12.742294,13.122802,13.520144,13.317676,13.118711,16.211176
13.895915,11.036266,12.210503,12.312746,10.404616,11.372696,11.93938,10.200319,12.393099,13.373389,10.20811,12.656649,13.123356,11.132122,11.14473,13.175934,10.325811,12.439104,12.028162,9.781006,13.061992,13.289185,12.500545,12.91793,12.742126,13.122657,13.51993,13.31754,13.118502,16.210957
13.896133,11.036467,12.21072,12.312941,10.404769,11.372914,11.939539,10.200497,12.393326,13.37362,10.208304,12.656877,13.123564,11.132338,11.144935,13.176149,10.326026,12.439341,12.028345,9.781139,13.062231,13.289411,12.500776,12.918162,12.742344,13.122844,13.520196,13.317741,13.11876,16.211239
13.89625,11.036559,12.210812,12.313045,10.404847,11.373016,11.9396305,10.200607,12.393436,13.373736,10.208389,12.656991,13.123666,11.132423,11.145033,13.176267,10.326112,12.439445,12.028467,9.78124,13.062327,13.289535,12.500869,12.918285,12.742434,13.1229725,13.520294,13.317851,13.1188755,16.211414
13.895838,11.036248,12.210473,12.312711,10.404573,11.372742,11.939331,10.200332,12.393082,13.373387,10.208137,12.656663,13.123341,11.132163,11.144699,13.175917,10.325827,12.43908,12.028164,9.780997,13.061971,13.289214,12.500538,12.917922,12.742113,13.12259,13.51992,13.317499,13.118477,16.210945
13.896191,11.036504,12.210751,12.31299,10.404798,11.372941,11.939579,10.200545,12.393364,13.373661,10.208318,12.65692,13.123608,11.13236,11.144962,13.1762,10.32606,12.439371,12.028401,9.781182,13.062263,13.289466,12.500805,12.918202,12.74237,13.122894,13.520211,13.317796,13.118797,16.211308
13.896196,11.036507,12.210772,12.313001,10.404816,11.372954,11.939601,10.200549,12.393385,13.373688,10.2083435,12.656948,13.123619,11.132373,11.14499,13.176221,10.326068,12.439374,12.028423,9.781199,13.062276,13.289474,12.500816,12.918215,12.7424,13.122904,13.52024,13.317815,13.118807,16.211317
13.89629,11.036596,12.210858,12.313093,10.404881,11.373052,11.939677,10.200633,12.393482,13.373782,10.208415,12.657035,13.123723,11.132466,11.1450615,13.176306,10.326151,12.4394865,12.028517,9.781279,13.062378,13.289569,12.5009,12.918317,12.742479,13.123013,13.520335,13.317892,13.118927,16.211452
13.89594,11.036313,12.210543,12.3127985,10.404595,11.372796,11.939394,10.200352,12.393145,13.373441,10.208166,12.656705,13.123396,11.132176,11.144772,13.175979,10.325897,12.439174,12.028195,9.781032,13.062053,13.289263,12.500603,12.918007,12.742144,13.12266,13.519954,13.317579,13.118586,16.211021
13.895943,11.0363,12.210538,12.312779,10.404653,11.3727255,11.939396,10.200349,12.393158,13.373429,10.208208,12.656676,13.123429,11.132154,11.14477,13.175921,10.325854,12.439198,12.028194,9.781031,13.062054,13.289202,12.500613,12.917963,12.742178,13.122687,13.519992,13.317538,13.1185875,16.211008
13.896082,11.036418,12.210694,12.312921,10.404745,11.372929,11.9395075,10.200503,12.393291,13.373598,10.208291,12.656839,13.123567,11.132332,11.144874,13.176104,10.326013,12.439313,12.0283575,9.781171,13.062192,13.289396,12.500742,12.91813,12.742316,13.122813,13.520125,13.317718,13.118702,16.21122
13.895972,11.036329,12.210546,12.312814,10.404654,11.372768,11.939383,10.200389,12.39316,13.37346,10.208161,12.656701,13.123415,11.132206,11.14476,13.175986,10.325904,12.4391775,12.028227,9.781049,13.062069,13.289279,12.500629,12.917994,12.74218,13.122692,13.520009,13.317591,13.11858,16.21106
13.89613,11.036486,12.210718,12.312948,10.404765,11.372942,11.9395485,10.200518,12.393333,13.373635,10.208311,12.656889,13.123577,11.132361,11.144928,13.1761675,10.32603,12.4393425,12.028371,9.781167,13.062224,13.289427,12.500776,12.918191,12.742346,13.122871,13.520187,13.31774,13.118779,16.211271
13.896162,11.036484,12.210718,12.312965,10.404798,11.372914,11.939559,10.200525,12.393377,13.373611,10.20832,12.656879,13.123599,11.132343,11.144928,13.176149,10.326021,12.4393635,12.028371,9.781183,13.062218,13.289424,12.500795,12.918156,12.7423525,13.122881,13.5201845,13.317757,13.118722,16.21126
13.895967,11.036327,12.210539,12.312792,10.404618,11.372757,11.939391,10.2003565,12.393162,13.373439,10.208161,12.656688,13.1233835,11.132171,11.144779,13.175997,10.325845,12.439171,12.028198,9.781027,13.062028,13.289236,12.500586,12.917981,12.742178,13.122682,13.520004,13.317573,13.118545,16.211025
13.896249,11.0365505,12.210814,12.313054,10.404851,11.37301,11.939641,10.200606,12.393438,13.373737,10.208386,12.656995,13.123674,11.13242,11.145019,13.176267,10.326115,12.439443,12.028478,9.781249,13.062325,13.289526,12.500859,12.918268,12.742443,13.122969,13.520287,13.317855,13.118871,16.211397
13.896334,11.036627,12.210896,12.313134,10.404917,11.373082,11.939719,10.200664,12.39352,13.37382,10.208447,12.657077,13.123757,11.132486,11.145091,13.176356,10.3261795,12.439516,12.028553,9.781307,13.062402,13.289612,12.500935,12.918346,12.742517,13.123054,13.520376,13.317943,13.118958,16.211494
13.896185,11.036487,12.210756,12.312979,10.404793,11.372964,11.939577,10.20054,12.39336,13.373651,10.20832,12.656918,13.123605,11.132369,11.144942,13.176193,10.326049,12.439365,12.028405,9.781183,13.06225,13.289452,12.500795,12.918191,12.742366,13.12288,13.520215,13.317792,13.118788,16.211294
13.895798,11.036091,12.210324,12.312617,10.40447,11.37269,11.939189,10.200207,12.392914,13.373277,10.208067,12.656469,13.123233,11.132096,11.144614,13.175751,10.325681,12.43906,12.027972,9.780959,13.061905,13.289099,12.500469,12.9178705,12.741943,13.122516,13.519724,13.317358,13.118344,16.210777
13.896242,11.036553,12.210818,12.313048,10.404849,11.373025,11.939639,10.20059,12.393438,13.373737,10.208391,12.65699,13.123682,11.1324215,11.145021,13.176273,10.32612,12.439446,12.028472,9.781248,13.062322,13.2895155,12.5008545,12.918261,12.742439,13.12296,13.520288,13.317852,13.118869,16.21139
13.896229,11.036542,12.210804,12.313026,10.404837,11.373013,11.939636,10.200567,12.393417,13.373722,10.20837,12.656982,13.123661,11.13241,11.145011,13.176255,10.326092,12.439425,12.02845,9.781226,13.062307,13.289507,12.500851,12.918254,12.742423,13.122943,13.520283,13.3178425,13.11886,16.21136
13.896172,11.036499,12.21075,12.312995,10.404813,11.3729315,11.939581,10.200533,12.393364,13.373667,10.208338,12.656908,13.12362,11.132347,11.14495,13.176183,10.326044,12.439384,12.0283985,9.781184,13.062266,13.289447,12.500802,12.918187,12.7423725,13.122906,13.520218,13.317775,13.118806,16.211294
13.89616,11.03647,12.210726,12.312985,10.404797,11.372949,11.939555,10.200546,12.393339,13.373658,10.208315,12.656884,13.123604,11.132365,11.14492,13.176175,10.326047,12.439363,12.028396,9.781184,13.062246,13.289443,12.500776,12.91817,12.7423525,13.122887,13.520204,13.31777,13.118794,16.211279
13.896223,11.036533,12.210787,12.313043,10.40482,11.372989,11.939623,10.200583,12.393404,13.373712,10.208354,12.656951,13.123643,11.132398,11.144993,13.176247,10.326078,12.439397,12.0284605,9.781234,13.062284,13.289514,12.500823,12.918238,12.742425,13.12294,13.520261,13.31784,13.1188345,16.211357
13.896243,11.036549,12.210803,12.313034,10.404839,11.373007,11.939625,10.200596,12.393427,13.373723,10.208384,12.656982,13.123667,11.132413,11.145006,13.176258,10.326096,12.439443,12.028459,9.781242,13.06231,13.289514,12.500852,12.918262,12.742419,13.122955,13.52028,13.317839,13.1188545,16.21138
13.896035,11.036373,12.210644,12.312904,10.404732,11.372838,11.93948,10.200458,12.3932495,13.37356,10.2082405,12.6568165,13.12352,11.132271,11.144865,13.176099,10.3259945,12.439264,12.028301,9.78112,13.062153,13.289363,12.500701,12.918068,12.742274,13.122775,13.520066,13.317694,13.11865,16.211153
13.896333,11.036617,12.210887,12.313127,10.404914,11.373094,11.93971,10.200663,12.393509,13.37382,10.208448,12.657076,13.123756,11.132502,11.145084,13.176339,10.3261795,12.439509,12.028551,9.781306,13.0624,13.289607,12.500938,12.918348,12.7425165,13.123049,13.520369,13.317931,13.118946,16.211487
13.896185,11.036501,12.210759,12.313009,10.404818,11.372948,11.939588,10.200565,12.393381,13.373681,10.208344,12.656936,13.123621,11.132381,11.144969,13.176207,10.326061,12.439384,12.02842,9.781201,13.062269,13.289476,12.500809,12.918207,12.742385,13.122917,13.520239,13.317799,13.11881,16.211317
13.319995,10.566042,11.669903,11.800663,9.984308,10.875157,11.433327,9.776016,11.857001,12.823455,9.77741,12.116509,12.576663,10.66916,10.669322,12.636291,9.8886385,11.908371,11.518767,9.372583,12.505944,12.747174,11.982354,12.358436,12.207226,12.581593,12.956037,12.764605,12.564402,15.516917
13.894998,11.035409,12.209523,12.312297,10.403993,11.372022,11.938855,10.199429,12.392084,13.372821,10.207396,12.65568,13.12248,11.131216,11.144113,13.175501,10.324969,12.438302,12.027897,9.780415,13.060644,13.288616,12.500002,12.917282,12.741898,13.121668,13.519031,13.316939,13.117903,16.20965
13.898781,11.0384,12.213079,12.315601,10.406722,11.375294,11.942187,10.202474,12.3957,13.376265,10.210266,12.659261,13.126215,11.134267,11.1472845,13.178797,10.327992,12.441709,12.031013,9.783143,13.064588,13.292206,12.503339,12.920952,12.745107,13.125436,13.522954,13.32054,13.121641,16.214216
13.898363,11.038044,12.212675,12.315175,10.406449,11.374936,11.941787,10.202177,12.395319,13.375809,10.209948,12.658842,13.125812,11.133925,11.146932,13.17838,10.327642,12.441293,12.030617,9.782834,13.064152,13.291767,12.502953,12.920496,12.744701,13.125035,13.52255,13.320105,13.121187,16.213665
13.898038,11.037777,12.212417,12.314955,10.406221,11.37468,11.941618,10.201887,12.39503,13.375566,10.209788,12.65856,13.12555,11.133708,11.146721,13.178062,10.327411,12.441078,12.030369,9.782636,13.063936,13.291499,12.502711,12.920298,12.744491,13.124718,13.522249,13.319808,13.120947,16.213343
13.898656,11.038292,12.212965,12.315497,10.406645,11.375187,11.942085,10.202394,12.395601,13.376146,10.210184,12.659138,13.12609,11.134181,11.147192,13.178683,10.3279085,12.441607,12.03091,9.783058,13.064477,13.292087,12.503228,12.920842,12.745004,13.125318,13.522839,13.320419,13.121512,16.214064
13.898691,11.038331,12.213012,12.315529,10.4066725,11.375231,11.942106,10.20242,12.395633,13.376187,10.210233,12.659176,13.126155,11.134209,11.147223,13.178704,10.327935,12.441656,12.030945,9.783099,13.064536,13.292112,12.503275,12.920883,12.745037,13.125355,13.522896,13.320452,13.121569,16.214134
13.898614,11.038267,12.212952,12.315476,10.40663,11.375149,11.942056,10.202378,12.395566,13.376147,10.210125,12.659124,13.12608,11.134141,11.147182,13.178675,10.327894,12.441569,12.03087,9.783034,13.064455,13.292044,12.503196,12.920797,12.744983,13.125306,13.522814,13.320424,13.121486,16.214037
13.898521,11.03818,12.2128315,12.315338,10.406524,11.375033,11.941956,10.202235,12.395448,13.375986,10.210064,12.65897,13.125964,11.13403,11.147046,13.178495,10.327724,12.441472,12.030754,9.782924,13.064357,13.291903,12.503109,12.920683,12.744839,13.125184,13.522708,13.320262,13.121372,16.213867
13.898869,11.03847,12.2131605,12.315668,10.406792,11.375367,11.942257,10.202553,12.395786,13.376355,10.21033,12.659346,13.126299,11.134342,11.147362,13.17888,10.328056,12.4417925,12.031084,9.783204,13.064672,13.292278,12.50342,12.921035,12.745189,13.125527,13.523055,13.32062,13.121719,16.214321
13.898674,11.038318,12.212987,12.3155155,10.406648,11.375213,11.94211,10.202395,12.395605,13.37618,10.210196,12.659161,13.1261215,11.134189,11.147212,13.178697,10.327917,12.44162,12.0309305,9.783083,13.064502,13.2921,12.503255,12.920869,12.745017,13.125324,13.522854,13.320445,13.12155,16.214092
13.898681,11.038305,12.212956,12.315492,10.406634,11.3751955,11.942088,10.20239,12.395592,13.376155,10.210168,12.659146,13.1261,11.134172,11.147202,13.178697,10.327885,12.441603,12.0309105,9.783068,13.064477,13.292108,12.503245,12.920851,12.744997,13.125326,13.522841,13.320433,13.121533,16.214075
13.898406,11.038107,12.212761,12.315279,10.406433,11.374964,11.941867,10.202223,12.3953705,13.375914,10.209953,12.65887,13.125895,11.133957,11.146992,13.178428,10.327692,12.441404,12.030684,9.782898,13.064243,13.291832,12.502977,12.920612,12.744799,13.125097,13.522595,13.320209,13.121229,16.213799
13.898906,11.038503,12.213203,12.315701,10.406814,11.375397,11.942286,10.20258,12.3958235,13.376392,10.21036,12.659386,13.126328,11.13437,11.147394,13.178918,10.328089,12.441823,12.031125,9.783231,13.064712,13.292313,12.503453,12.921075,12.745222,13.125559,13.523098,13.320663,13.121765,16.214376
13.898818,11.038433,12.213117,12.315619,10.406744,11.375327,11.942208,10.202508,12.395736,13.376295,10.210277,12.6592865,13.126243,11.134299,11.147312,13.178836,10.328011,12.441737,12.03104,9.783163,13.064627,13.29222,12.503364,12.920986,12.745137,13.125465,13.523008,13.320575,13.121669,16.214258
13.898835,11.038448,12.213144,12.315646,10.406781,11.375345,11.942237,10.202535,12.39576,13.376324,10.210322,12.659323,13.126278,11.134326,11.147332,13.178845,10.328043,12.441768,12.031068,9.783193,13.064654,13.292249,12.503403,12.921001,12.745166,13.125492,13.523025,13.320591,13.121693,16.214298
13.898675,11.038321,12.212998,12.315519,10.40667,11.375211,11.942114,10.202411,12.395613,13.376205,10.210198,12.659188,13.126149,11.134205,11.1472225,13.178709,10.327958,12.441636,12.0309305,9.783109,13.064535,13.292111,12.503266,12.92088,12.745034,13.125362,13.522882,13.32045,13.121568,16.214134
13.898835,11.038451,12.213139,12.315654,10.406768,11.375339,11.942228,10.202541,12.395765,13.376337,10.210311,12.659317,13.126261,11.134324,11.147332,13.1788645,10.328045,12.4417715,12.03106,9.783178,13.0646515,13.292259,12.50339,12.921006,12.745154,13.125498,13.523035,13.320603,13.121707,16.2143
13.89858,11.038251,12.212907,12.315421,10.406582,11.375096,11.942018,10.202319,12.395545,13.376048,10.210152,12.659064,13.126032,11.134095,11.147122,13.178612,10.327806,12.441548,12.03082,9.7830105,13.064387,13.2919855,12.503162,12.920741,12.744938,13.1252365,13.522765,13.320342,13.121392,16.21396
13.89852,11.03818,12.212842,12.315372,10.406546,11.375099,11.941953,10.202285,12.3954315,13.376027,10.21008,12.659019,13.125966,11.134096,11.147112,13.178563,10.327786,12.441487,12.030766,9.782982,13.064375,13.29198,12.503132,12.920726,12.744867,13.125183,13.522711,13.320305,13.121384,16.213913
13.898413,11.038074,12.21273,12.315319,10.4064665,11.374963,11.941842,10.202221,12.395354,13.3759575,10.209992,12.658864,13.125833,11.134007,11.146932,13.178455,10.327717,12.441398,12.03066,9.782842,13.064274,13.2918825,12.5030365,12.920588,12.744759,13.125098,13.522616,13.320217,13.1213,16.21376
13.898863,11.038472,12.213163,12.315677,10.406787,11.375366,11.942253,10.202551,12.395783,13.376356,10.210335,12.659342,13.126292,11.13434,11.14736,13.178879,10.328066,12.441796,12.031084,9.783208,13.06468,13.29228,12.503419,12.921035,12.74518,13.125522,13.523054,13.3206215,13.12173,16.214329
13.898887,11.038489,12.213185,12.315698,10.406804,11.375387,11.942284,10.202562,12.395809,13.376383,10.210349,12.659374,13.126323,11.13436,11.14739,13.1789055,10.328085,12.441817,12.031109,9.783224,13.064701,13.292302,12.503439,12.92106,12.745211,13.1255455,13.523077,13.320649,13.121751,16.214354
13.898904,11.038503,12.213198,12.315703,10.406812,11.375392,11.9422865,10.20258,12.395825,13.376386,10.210351,12.659385,13.1263275,11.13437,11.147395,13.178914,10.328084,12.441818,12.031128,9.783232,13.064705,13.292311,12.503448,12.921066,12.745222,13.125552,13.523097,13.32066,13.121751,16.214375
13.898894,11.038495,12.213188,12.315691,10.406804,11.375383,11.942277,10.202569,12.395812,13.376373,10.210347,12.659372,13.126316,11.134357,11.147384,13.178907,10.328085,12.441818,12.031104,9.783217,13.064699,13.292301,12.503444,12.921059,12.745213,13.125544,13.523078,13.320647,13.121746,16.214355
13.898749,11.038375,12.213052,12.3155775,10.406683,11.375264,11.9421625,10.20246,12.395685,13.376242,10.21024,12.659225,13.126178,11.134243,11.1472645,13.178769,10.327956,12.441692,12.030987,9.783123,13.064551,13.292171,12.503299,12.920924,12.7450905,13.125399,13.522934,13.320518,13.121593,16.214176
13.898268,11.038011,12.212637,12.315205,10.406363,11.374881,11.941794,10.202135,12.3952675,13.375819,10.209934,12.658814,13.125781,11.133879,11.146878,13.178371,10.327663,12.44133,12.030598,9.78284,13.064137,13.291797,12.50291,12.920487,12.74466,13.124966,13.522444,13.320129,13.1211405,16.213652
13.898463,11.038127,12.21274,12.315225,10.406465,11.374994,11.941842,10.202206,12.395354,13.375898,10.209991,12.658911,13.125837,11.134,11.147035,13.178477,10.327678,12.441392,12.0306425,9.782913,13.064262,13.2918825,12.50307,12.920647,12.74477,13.125092,13.522625,13.320201,13.121224,16.213789
13.898899,11.038494,12.213194,12.315692,10.406813,11.375396,11.942281,10.202573,12.395813,13.376383,10.210357,12.659382,13.126325,11.13437,11.147389,13.1789055,10.328084,12.441819,12.031115,9.783231,13.064707,13.29231,12.503453,12.921063,12.745212,13.125548,13.523086,13.320653,13.121748,16.214367
13.898757,11.038379,12.213054,12.315564,10.406696,11.375278,11.942156,10.202448,12.395681,13.376239,10.210248,12.659226,13.126183,11.134246,11.147275,13.178761,10.32797,12.441702,12.030975,9.783126,13.0645685,13.292184,12.503328,12.920936,12.745067,13.125414,13.522938,13.320522,13.121606,16.214188
13.898831,11.038442,12.213138,12.315635,10.40676,11.375333,11.942229,10.202517,12.395758,13.376314,10.210306,12.65931,13.126263,11.134306,11.147332,13.178842,10.32803,12.441769,12.031056,9.783177,13.064641,13.292238,12.503382,12.920998,12.745156,13.125479,13.523024,13.320597,13.121685,16.214281
13.89888,11.038476,12.213169,12.3156805,10.406785,11.375372,11.942265,10.202549,12.395794,13.37635,10.21033,12.659351,13.126299,11.134349,11.147367,13.1788845,10.328061,12.441793,12.031094,9.783212,13.064674,13.292288,12.503418,12.921039,12.7451935,13.125521,13.523058,13.320633,13.121719,16.214333
13.898654,11.038298,12.212977,12.315506,10.406642,11.375187,11.942086,10.202404,12.395598,13.376165,10.210167,12.659158,13.126096,11.134189,11.147176,13.178697,10.327904,12.441588,12.030901,9.783043,13.0644865,13.292101,12.5032215,12.920844,12.744991,13.125324,13.522851,13.3204365,13.121512,16.214071
13.898757,11.038384,12.213081,12.315587,10.406712,11.375285,11.942182,10.20248,12.395693,13.37626,10.210266,12.659252,13.1262,11.134259,11.147271,13.1787815,10.327989,12.4416895,12.030997,9.783137,13.064576,13.292178,12.503314,12.920937,12.7451,13.125419,13.522943,13.320526,13.121614,16.214195
13.898803,11.038418,12.213119,12.31561,10.406742,11.375321,11.942198,10.202499,12.3957405,13.376288,10.21029,12.659289,13.12623,11.1342945,11.147322,13.17882,10.328012,12.441746,12.03104,9.783163,13.064612,13.292221,12.503366,12.920983,12.745136,13.125458,13.523002,13.320568,13.1216545,16.214256
13.89879,11.038422,12.2130995,12.315613,10.406736,11.375305,11.942188,10.2024975,12.395719,13.376287,10.210279,12.659277,13.1262245,11.134287,11.147305,13.178815,10.328014,12.441729,12.031017,9.783147,13.064621,13.292217,12.503354,12.920969,12.745114,13.125459,13.522992,13.320558,13.121665,16.214243
13.898847,11.038453,12.21314,12.3156595,10.406772,11.375338,11.942241,10.202535,12.395767,13.376337,10.210309,12.659326,13.12627,11.13432,11.147345,13.178865,10.328049,12.441774,12.031062,9.783186,13.064652,13.292266,12.503403,12.921011,12.745163,13.1255045,13.52303,13.320607,13.1217,16.214298
13.898486,11.03817,12.212825,12.315341,10.406519,11.375043,11.941929,10.202274,12.395425,13.375997,10.210044,12.658998,13.125916,11.134027,11.147064,13.178555,10.327776,12.441439,12.030759,9.78293,13.064328,13.291966,12.503111,12.920677,12.74486,13.12516,13.522697,13.320291,13.12134,16.213896
13.898834,11.038442,12.213142,12.315646,10.406774,11.375342,11.942229,10.2025385,12.395755,13.37633,10.210305,12.65932,13.126273,11.134321,11.147339,13.178852,10.32804,12.441761,12.031068,9.783193,13.064651,13.2922535,12.503398,12.921007,12.745162,13.125493,13.523028,13.320603,13.121684,16.214294
13.898724,11.038353,12.213038,12.315541,10.406686,11.375237,11.942135,10.202429,12.395654,13.376218,10.210211,12.659208,13.126138,11.134226,11.147241,13.178754,10.32794,12.441642,12.030953,9.78308,13.06453,13.292151,12.503286,12.920893,12.745056,13.12538,13.522917,13.320501,13.121573,16.214136
13.898779,11.038406,12.213099,12.315599,10.4067335,11.375293,11.942188,10.202481,12.39571,13.376279,10.210278,12.659263,13.126221,11.13427,11.147301,13.1788,10.327995,12.441731,12.031011,9.783137,13.064609,13.292203,12.503347,12.920966,12.745122,13.125451,13.522983,13.320544,13.121664,16.214231
13.8987,11.038307,12.212989,12.315501,10.406663,11.375204,11.942096,10.20242,12.395638,13.376169,10.210199,12.65916,13.1261215,11.134211,11.147192,13.178689,10.327901,12.441627,12.030951,9.783084,13.064492,13.292115,12.503273,12.920873,12.74504,13.125333,13.522879,13.320466,13.12151,16.214106
13.8988695,11.038466,12.21316,12.315678,10.406788,11.375365,11.942254,10.202551,12.3957815,13.376357,10.210328,12.659343,13.12629,11.134345,11.147357,13.178879,10.32806,12.441793,12.031087,9.783201,13.064675,13.292288,12.503422,12.92104,12.745185,13.1255245,13.523056,13.320627,13.121726,16.214329
13.898816,11.0384245,12.213119,12.315631,10.406737,11.37532,11.942204,10.202502,12.395738,13.376309,10.210299,12.659278,13.126243,11.134298,11.147312,13.178825,10.3280115,12.441761,12.03103,9.78316,13.064634,13.292218,12.503367,12.920984,12.745134,13.125458,13.523011,13.320568,13.12168,16.21426
13.898856,11.038458,12.213152,12.315654,10.406776,11.375364,11.94224,10.20254,12.395771,13.376343,10.210327,12.659334,13.126282,11.1343355,11.147361,13.178866,10.32805,12.44179,12.031076,9.7832,13.064666,13.292272,12.503417,12.921037,12.745173,13.125515,13.523046,13.320609,13.121713,16.21432
13.89867,11.0383215,12.213016,12.315553,10.406672,11.375215,11.94212,10.202438,12.395617,13.376231,10.210175,12.659178,13.126142,11.134204,11.14721,13.178733,10.327951,12.441649,12.030914,9.78308,13.064517,13.292124,12.503242,12.920872,12.7450485,13.125372,13.522854,13.320473,13.121543,16.214106
13.898442,11.038158,12.212829,12.315319,10.406525,11.375038,11.941912,10.202247,12.395418,13.376,10.210073,12.65901,13.125945,11.13404,11.147063,13.178521,10.327791,12.441451,12.030734,9.782919,13.064322,13.291932,12.503093,12.920665,12.744834,13.125117,13.522691,13.320266,13.1213455,16.213852
13.898478,11.038131,12.2128105,12.315324,10.406519,11.375069,11.941948,10.202226,12.395403,13.375974,10.210091,12.658963,13.125954,11.134053,11.147067,13.178479,10.327741,12.441482,12.030717,9.782947,13.064348,13.29191,12.503111,12.920692,12.744839,13.125165,13.522659,13.320241,13.121371,16.213839
13.898793,11.038417,12.213101,12.315615,10.406724,11.375317,11.942199,10.202489,12.395723,13.37629,10.210285,12.659274,13.126228,11.134287,11.147307,13.178814,10.328012,12.4417305,12.031033,9.783157,13.06461,13.292226,12.503362,12.920978,12.745123,13.125442,13.522979,13.320568,13.1216545,16.21425
13.89886,11.038471,12.213157,12.315664,10.406781,11.375361,11.942251,10.202537,12.3957815,13.376349,10.21033,12.659341,13.126293,11.134337,11.147361,13.17887,10.328053,12.441784,12.031088,9.783204,13.064671,13.292274,12.503413,12.921037,12.74518,13.125518,13.523059,13.320612,13.121726,16.214323
13.898753,11.038372,12.213054,12.315583,10.406708,11.37526,11.942166,10.2024555,12.395674,13.376247,10.210252,12.659232,13.126188,11.134247,11.147264,13.178766,10.327964,12.441688,12.0309925,9.7831335,13.064562,13.292174,12.503316,12.920929,12.74508,13.125405,13.522926,13.320511,13.121604,16.214184
13.898862,11.038472,12.213162,12.315669,10.406781,11.375351,11.942254,10.20255,12.395788,13.376348,10.210329,12.659344,13.126285,11.134331,11.147359,13.17888,10.328052,12.441789,12.031083,9.783196,13.064666,13.292283,12.503415,12.921029,12.74518,13.12552,13.523054,13.3206215,13.121717,16.214325
13.898039,11.037823,12.212445,12.314977,10.406267,11.374747,11.941604,10.201969,12.395035,13.375545,10.20984,12.658577,13.125655,11.133781,11.1466465,13.1780405,10.327449,12.441054,12.030404,9.782732,13.063956,13.291522,12.502768,12.920274,12.744467,13.124762,13.52222,13.319841,13.120868,16.213392
13.89826,11.037992,12.212692,12.315174,10.4064245,11.374885,11.941804,10.202084,12.39526,13.375837,10.2099495,12.658814,13.125795,11.133868,11.146959,13.178326,10.327643,12.441376,12.030556,9.782792,13.064209,13.291727,12.502958,12.920526,12.74472,13.125003,13.522536,13.320118,13.1212225,16.213634
13.89869,11.038327,12.213016,12.315536,10.406664,11.37523,11.942127,10.202429,12.395637,13.376206,10.210214,12.6591835,13.126143,11.134201,11.147234,13.178727,10.327921,12.441638,12.030947,9.783091,13.064512,13.292134,12.503265,12.920885,12.7450485,13.125368,13.522892,13.3204775,13.121552,16.214136
13.898538,11.038213,12.212878,12.3153925,10.406561,11.375077,11.941969,10.202331,12.395478,13.376024,10.21007,12.659019,13.125978,11.134084,11.147095,13.178586,10.32779,12.441474,12.030798,9.782985,13.064366,13.291988,12.503124,12.920712,12.744894,13.125214,13.522726,13.320328,13.121357,16.213947
13.898886,11.03849,12.213191,12.315692,10.406805,11.375382,11.942282,10.20257,12.39581,13.376385,10.210345,12.659374,13.126319,11.134358,11.147386,13.178909,10.328082,12.441816,12.031105,9.783217,13.064701,13.292299,12.503437,12.9210615,12.7452135,13.125551,13.523087,13.320646,13.121756,16.214357
13.898707,11.038351,12.213021,12.315542,10.406643,11.375248,11.942115,10.202439,12.39565,13.376218,10.210211,12.659183,13.126147,11.134222,11.1472225,13.178739,10.327933,12.441674,12.030939,9.78311,13.064541,13.29212,12.503252,12.920903,12.745041,13.125349,13.522915,13.320467,13.121575,16.21414
13.898461,11.038162,12.212826,12.315365,10.4065485,11.3750725,11.941967,10.2023,12.395404,13.376026,10.210094,12.658991,13.125981,11.134088,11.147028,13.178513,10.327788,12.441435,12.030759,9.782978,13.064344,13.291958,12.503117,12.920658,12.744859,13.12515,13.522691,13.320302,13.121336,16.213898
13.89883,11.038446,12.213141,12.315646,10.406769,11.375341,11.942231,10.202523,12.395765,13.37633,10.21031,12.65932,13.126273,11.134315,11.147328,13.178849,10.328041,12.441768,12.031075,9.78319,13.064657,13.29225,12.503389,12.921007,12.745162,13.125489,13.523027,13.320603,13.1216955,16.21429
13.898115,11.037818,12.2124195,12.314989,10.406186,11.374699,11.94158,10.201937,12.395057,13.375578,10.209728,12.65852,13.125509,11.133705,11.14669,13.178118,10.327414,12.441082,12.030446,9.782641,13.063898,13.291609,12.502763,12.920328,12.744542,13.124729,13.522234,13.319958,13.12087,16.213396
13.898685,11.038325,12.212985,12.3155,10.406652,11.375204,11.942083,10.202406,12.395616,13.376178,10.2101965,12.659168,13.126111,11.134184,11.147217,13.178718,10.327916,12.441628,12.03092,9.783073,13.064508,13.292112,12.503266,12.920865,12.7450075,13.12535,13.522879,13.320465,13.1215315,16.214115
13.898769,11.038409,12.213085,12.315591,10.406718,11.375297,11.942187,10.202476,12.395715,13.376274,10.210268,12.659267,13.126217,11.134265,11.147291,13.178806,10.327997,12.441721,12.031014,9.783148,13.064592,13.292202,12.503341,12.920955,12.745102,13.125427,13.522971,13.32055,13.12164,16.214222
13.898787,11.038411,12.213106,12.315603,10.40674,11.375315,11.942188,10.202501,12.395717,13.376287,10.21028,12.659287,13.126231,11.1343,11.147301,13.178817,10.328013,12.441729,12.031033,9.783159,13.064613,13.292214,12.503362,12.92097,12.74513,13.125449,13.52298,13.3205595,13.121653,16.21424
13.1824045,10.464506,11.570783,11.646439,9.829144,10.7564125,11.282868,9.674358,11.747809,12.641724,9.651926,11.971793,12.405196,10.537642,10.545521,12.510655,9.793143,11.780187,11.367735,9.246595,12.352951,12.594089,11.837661,12.234682,12.069451,12.4219055,12.798042,12.628068,12.415003,15.343246
13.899767,11.039112,12.214007,12.316676,10.407439,11.376288,11.943332,10.203126,12.396524,13.377244,10.211005,12.660075,13.127265,11.134954,11.148386,13.179966,10.328757,12.442629,12.032205,9.783966,13.065347,13.293374,12.504509,12.922152,12.746451,13.126345,13.524008,13.321803,13.122797,16.215162
13.9010515,11.040074,12.215137,12.317931,10.408429,11.377347,11.944526,10.204155,12.397752,13.378573,10.212025,12.661261,13.128538,11.135904,11.149406,13.181108,10.329653,12.443802,12.0333395,9.78489,13.066631,13.294613,12.505581,12.923384,12.747572,13.1276455,13.525377,13.322986,13.1241665,16.216747
13.901484,11.040397,12.215498,12.3183,10.408751,11.377708,11.944883,10.204511,12.398114,13.378969,10.212291,12.661683,13.128923,11.136273,11.149702,13.181496,10.330026,12.444127,12.03371,9.785184,13.067018,13.295035,12.505962,12.92376,12.747934,13.128054,13.525773,13.323398,13.124577,16.217228
13.901282,11.04025,12.215328,12.3181305,10.408593,11.37756,11.94473,10.204349,12.397937,13.378785,10.212142,12.661511,13.128743,11.136103,11.149558,13.181335,10.329885,12.443971,12.033529,9.785045,13.066846,13.294871,12.505787,12.923583,12.747747,13.127859,13.525574,13.323236,13.124401,16.216997
13.901428,11.040363,12.21545,12.318234,10.408701,11.37766,11.944831,10.204457,12.398065,13.378918,10.212251,12.661616,13.128855,11.136214,11.14966,13.181454,10.329973,12.444084,12.033667,9.785149,13.066961,13.29498,12.505915,12.923706,12.747889,13.127991,13.52572,13.323354,13.124517,16.217169
13.901292,11.040272,12.21535,12.318166,10.408641,11.37756,11.944733,10.204413,12.397941,13.378826,10.212176,12.661504,13.128751,11.136133,11.149547,13.181352,10.329911,12.444002,12.033563,9.785067,13.066865,13.294916,12.505833,12.923584,12.747804,13.127889,13.525609,13.32325,13.124413,16.217047
13.900665,11.039745,12.214841,12.317651,10.408255,11.377073,11.944259,10.203988,12.397402,13.378307,10.21179,12.660988,13.128263,11.135712,11.149044,13.180767,10.329463,12.44348,12.033021,9.784665,13.066333,13.294342,12.505321,12.923015,12.747265,13.127293,13.525022,13.322706,13.123814,16.216291
13.901182,11.040141,12.215228,12.318057,10.40854,11.377421,11.944649,10.204299,12.397828,13.378697,10.21204,12.66139,13.128584,11.135989,11.149471,13.181267,10.329712,12.4438095,12.033451,9.784994,13.066686,13.294772,12.505664,12.923465,12.747684,13.12777,13.525483,13.3231535,13.124224,16.216864
13.900571,11.039515,12.214483,12.317331,10.4080925,11.376873,11.943998,10.20367,12.397161,13.377916,10.211668,12.660609,13.12802,11.135543,11.148862,13.180374,10.329094,12.443308,12.032693,9.7845955,13.066048,13.293973,12.505211,12.922799,12.746959,13.127163,13.524677,13.322327,13.123417,16.21595
13.900907,11.039782,12.21489,12.317644,10.408304,11.3772,11.94434,10.203922,12.397461,13.378348,10.211883,12.661,13.128332,11.135769,11.149198,13.180794,10.329363,12.443647,12.033026,9.784776,13.066464,13.29437,12.505467,12.923188,12.747329,13.127447,13.525114,13.322733,13.123909,16.216354
13.901283,11.040224,12.215322,12.318121,10.408628,11.377537,11.944716,10.204363,12.397918,13.37878,10.212185,12.661485,13.12874,11.136125,11.14953,13.181298,10.329842,12.443951,12.033514,9.785065,13.066827,13.294848,12.505812,12.923542,12.747762,13.127853,13.525561,13.323198,13.124323,16.216982
13.901382,11.040312,12.215421,12.318204,10.408683,11.377612,11.944802,10.20444,12.398019,13.378873,10.212224,12.66159,13.128828,11.136183,11.149612,13.181416,10.329945,12.444039,12.033617,9.785117,13.066922,13.294937,12.505859,12.923652,12.747852,13.127944,13.525669,13.323309,13.124462,16.217113
13.900903,11.039846,12.214956,12.317686,10.408314,11.3772335,11.944362,10.203992,12.397486,13.378368,10.211773,12.661071,13.128293,11.135777,11.14916,13.180985,10.329454,12.443578,12.033094,9.784711,13.06643,13.294469,12.505367,12.923166,12.747348,13.127427,13.525153,13.322854,13.123936,16.216433
13.901177,11.0401325,12.215212,12.318006,10.40859,11.377432,11.944603,10.204286,12.397868,13.378631,10.212081,12.661366,13.12866,11.136047,11.149403,13.181166,10.329755,12.443847,12.033432,9.784995,13.066712,13.2947,12.505714,12.923419,12.747669,13.127756,13.525466,13.3230915,13.124186,16.216816
13.900743,11.039777,12.214817,12.317711,10.408285,11.377011,11.944242,10.203995,12.397418,13.378354,10.2116995,12.660934,13.12817,11.135756,11.149021,13.180802,10.329444,12.443466,12.033021,9.784573,13.066389,13.294382,12.505358,12.92308,12.747223,13.127438,13.5251,13.32273,13.123909,16.21635
13.901124,11.040044,12.21519,12.317931,10.408544,11.377469,11.944552,10.204259,12.397748,13.378629,10.212048,12.661332,13.12861,11.136043,11.149372,13.18113,10.329734,12.443804,12.033391,9.784985,13.066689,13.294698,12.505675,12.92339,12.747624,13.127659,13.525383,13.323066,13.12413,16.216763
13.900921,11.039881,12.214933,12.317695,10.408327,11.377209,11.944373,10.203976,12.397549,13.378374,10.211816,12.661093,13.128294,11.135784,11.149188,13.180926,10.329445,12.443548,12.033123,9.784753,13.066418,13.294432,12.505466,12.923198,12.7473345,13.127448,13.525156,13.322818,13.12393,16.21644
13.901284,11.0401745,12.215266,12.3180685,10.408596,11.377545,11.944653,10.204311,12.397882,13.378764,10.212146,12.661427,13.1286955,11.136117,11.149528,13.181265,10.329787,12.443969,12.03345,9.785054,13.066808,13.294808,12.505786,12.923562,12.7477,13.127842,13.525529,13.323155,13.124301,16.216908
13.901061,11.040047,12.215153,12.317925,10.408474,11.37738,11.944509,10.204203,12.397731,13.378594,10.211997,12.661281,13.128546,11.135951,11.149368,13.181107,10.329733,12.44378,12.033368,9.784906,13.066624,13.294632,12.505591,12.923342,12.747583,13.127659,13.525352,13.323039,13.124175,16.21671
13.901365,11.040315,12.215422,12.318217,10.40867,11.37762,11.944804,10.204437,12.398022,13.378896,10.21222,12.661583,13.128821,11.1361685,11.149609,13.181417,10.329944,12.444046,12.033625,9.785111,13.066916,13.294942,12.505857,12.923657,12.747857,13.127935,13.525669,13.323309,13.124476,16.217108
13.901008,11.039966,12.215083,12.317874,10.408368,11.37734,11.94446,10.204124,12.397667,13.378498,10.211947,12.661183,13.1284895,11.135896,11.149284,13.18103,10.329593,12.443703,12.033295,9.784881,13.066538,13.294544,12.505483,12.923294,12.747534,13.12753,13.525286,13.322936,13.124023,16.216616
13.901392,11.0403185,12.21544,12.318238,10.4087105,11.377639,11.944819,10.204485,12.39804,13.378894,10.212237,12.661603,13.128859,11.136207,11.149615,13.1814165,10.329953,12.444026,12.033669,9.785163,13.066934,13.294947,12.505875,12.923654,12.747877,13.127966,13.525693,13.323327,13.124452,16.217136
13.901468,11.040383,12.215485,12.318299,10.40874,11.377684,11.944871,10.204512,12.398108,13.3789625,10.212274,12.661655,13.128892,11.136255,11.14969,13.181491,10.330001,12.444112,12.033709,9.785174,13.066989,13.295026,12.505933,12.923738,12.747934,13.128038,13.525763,13.323392,13.124549,16.217209
13.90136,11.040292,12.215432,12.31818,10.408706,11.377641,11.9447775,10.204464,12.398003,13.378869,10.212221,12.661585,13.128837,11.136195,11.149594,13.181387,10.329959,12.444014,12.033631,9.7851305,13.066929,13.294931,12.50587,12.923627,12.747849,13.127929,13.525664,13.323306,13.12443,16.2171
13.901346,11.040281,12.215393,12.318176,10.408649,11.377612,11.944766,10.204432,12.397992,13.378841,10.21218,12.6615505,13.128811,11.136178,11.149576,13.181372,10.329919,12.443991,12.033611,9.785111,13.066886,13.294901,12.505816,12.923616,12.747829,13.1278925,13.525642,13.323278,13.124409,16.217066
13.901502,11.040417,12.215527,12.318319,10.408769,11.377716,11.944907,10.204536,12.398141,13.378996,10.212302,12.661705,13.128934,11.136278,11.149719,13.181526,10.330025,12.444134,12.033743,9.785204,13.06703,13.2950535,12.505976,12.923776,12.747967,13.128073,13.5258045,13.323425,13.12458,16.217258
13.901532,11.0404415,12.215544,12.318345,10.408783,11.377737,11.944927,10.204556,12.398165,13.3790245,10.212323,12.661727,13.128948,11.136295,11.149753,13.181553,10.330047,12.444162,12.033764,9.78522,13.067047,13.295079,12.505995,12.923804,12.747991,13.128099,13.525828,13.323448,13.124612,16.217293
13.901449,11.040376,12.215476,12.3182745,10.408717,11.377686,11.944855,10.204477,12.398085,13.378949,10.212275,12.661649,13.128889,11.136237,11.149675,13.181473,10.3299885,12.444102,12.033681,9.785162,13.066983,13.294985,12.505915,12.923732,12.747903,13.1280155,13.525742,13.323351,13.124542,16.217184
13.9014635,11.040382,12.215489,12.318289,10.408726,11.377699,11.944864,10.204506,12.398104,13.378961,10.212272,12.661656,13.128898,11.136254,11.149688,13.181485,10.330018,12.444132,12.033693,9.785174,13.066993,13.295014,12.505935,12.923741,12.747928,13.128024,13.525752,13.323385,13.124556,16.217209
13.901477,11.040391,12.215508,12.318295,10.408748,11.377709,11.944884,10.204503,12.398117,13.378968,10.212291,12.661677,13.128916,11.136259,11.149695,13.181501,10.330012,12.444126,12.033711,9.785177,13.067013,13.295023,12.505951,12.923751,12.747936,13.128045,13.525774,13.323398,13.12457,16.21722
13.9009,11.039919,12.214976,12.317794,10.408358,11.377197,11.94437,10.204091,12.39752,13.37842,10.2118845,12.661102,13.12838,11.135773,11.149214,13.180964,10.329564,12.443572,12.0331745,9.78479,13.066472,13.29451,12.505442,12.923169,12.747426,13.127482,13.525207,13.322832,13.12395,16.216501
13.901496,11.040385,12.21549,12.318291,10.408756,11.377719,11.944872,10.204509,12.398103,13.378975,10.212295,12.661674,13.128918,11.136284,11.149705,13.181501,10.330006,12.444134,12.033701,9.785196,13.06702,13.295031,12.505964,12.923762,12.747931,13.1280575,13.525773,13.323391,13.124561,16.217215
13.901444,11.040367,12.21547,12.318279,10.408717,11.377692,11.944862,10.20449,12.398076,13.378949,10.212277,12.661649,13.128883,11.136242,11.149657,13.181474,10.330007,12.444108,12.03369,9.785167,13.066981,13.295021,12.505933,12.923717,12.747913,13.128,13.5257225,13.323375,13.124529,16.21719
13.900891,11.039894,12.215004,12.317789,10.408309,11.377255,11.944416,10.204079,12.397555,13.378415,10.211909,12.661084,13.128435,11.135811,11.1491585,13.180896,10.329541,12.443649,12.033171,9.7847805,13.066447,13.294407,12.505406,12.92319,12.747447,13.12746,13.525161,13.322836,13.123969,16.216482
13.9014845,11.040393,12.215505,12.31829,10.408748,11.377707,11.9448805,10.204507,12.398127,13.378966,10.212296,12.661688,13.128913,11.136264,11.149704,13.181501,10.330008,12.444125,12.033712,9.785187,13.067007,13.295032,12.5059595,12.923754,12.7479315,13.128043,13.525781,13.323395,13.124566,16.217222
13.901397,11.04032,12.215416,12.318219,10.408687,11.377633,11.944814,10.204449,12.398046,13.378887,10.212247,12.661595,13.128843,11.136202,11.149619,13.181405,10.3299465,12.444059,12.033633,9.785144,13.066925,13.2949505,12.505892,12.923666,12.747857,13.127962,13.525681,13.323309,13.124461,16.217117
13.90145,11.040358,12.215455,12.3182745,10.408739,11.377651,11.9448395,10.204499,12.398095,13.378949,10.212252,12.661636,13.128858,11.13626,11.149656,13.181474,10.329989,12.444085,12.033675,9.785135,13.06698,13.295013,12.505933,12.92372,12.74789,13.128031,13.525767,13.32338,13.124543,16.21717
13.901288,11.040238,12.215336,12.318124,10.408609,11.377539,11.944722,10.204376,12.397943,13.378793,10.212114,12.6615,13.128727,11.136088,11.149535,13.181346,10.32986,12.443934,12.033531,9.785039,13.066816,13.294847,12.505759,12.923557,12.747769,13.127856,13.525579,13.3232355,13.124354,16.21698
13.901227,11.040171,12.215296,12.318088,10.408579,11.377497,11.944693,10.204331,12.397901,13.378735,10.212127,12.661468,13.128699,11.136072,11.149485,13.18125,10.329834,12.443893,12.033486,9.785021,13.066789,13.294814,12.505759,12.923522,12.747709,13.127795,13.525522,13.323162,13.124306,16.216917
13.900809,11.039769,12.214966,12.317639,10.408255,11.377104,11.944296,10.2039385,12.397507,13.378302,10.211802,12.660968,13.128325,11.135665,11.149201,13.1807785,10.329419,12.443609,12.033088,9.784668,13.066387,13.294263,12.505278,12.923064,12.747412,13.127332,13.525146,13.3227625,13.123889,16.216345
13.901585,11.040485,12.2156,12.31839,10.408818,11.377792,11.944978,10.204592,12.398221,13.379078,10.212374,12.661785,13.129016,11.136348,11.149792,13.181602,10.330096,12.444228,12.033813,9.785256,13.067107,13.295129,12.506049,12.923861,12.748038,13.128153,13.525889,13.323497,13.12468,16.217358
13.90154,11.040443,12.215557,12.3183565,10.408791,11.377753,11.94493,10.204556,12.398178,13.379037,10.212336,12.661733,13.128967,11.136318,11.149748,13.18156,10.330062,12.444187,12.033769,9.785223,13.067069,13.295084,12.506007,12.92381,12.747988,13.128108,13.525842,13.323455,13.124635,16.217304
13.901324,11.040251,12.215354,12.318162,10.408638,11.377577,11.944748,10.204385,12.397955,13.378831,10.212197,12.661524,13.12877,11.136157,11.149575,13.181332,10.32989,12.444016,12.033551,9.78507,13.066885,13.2949,12.505843,12.923623,12.747788,13.127908,13.525628,13.323237,13.124445,16.217028
13.901452,11.040371,12.215477,12.318267,10.40872,11.377696,11.944848,10.204485,12.398085,13.37895,10.212274,12.661656,13.128889,11.136255,11.149676,13.181469,10.329993,12.444104,12.033689,9.78517,13.066992,13.295001,12.505931,12.923737,12.747911,13.128004,13.525745,13.323359,13.1245365,16.217186
13.901388,11.04033,12.215415,12.318221,10.408681,11.377633,11.94481,10.204453,12.398029,13.3789015,10.212222,12.661591,13.128838,11.136214,11.149615,13.181422,10.329953,12.444044,12.033618,9.78512,13.0669365,13.294942,12.505876,12.923679,12.747869,13.127973,13.525693,13.323305,13.1244755,16.217113
13.901416,11.04034,12.215451,12.31823,10.408686,11.377654,11.944822,10.204465,12.398068,13.378896,10.212225,12.6616125,13.128861,11.136218,11.149645,13.181431,10.329958,12.444061,12.033659,9.785148,13.066936,13.294959,12.505879,12.92369,12.747891,13.127964,13.525706,13.323341,13.124469,16.217142
13.901515,11.04042,12.215525,12.318319,10.408769,11.377728,11.944907,10.204536,12.398152,13.378999,10.21231,12.66171,13.12894,11.136293,11.149727,13.181529,10.330044,12.444152,12.03374,9.785202,13.06704,13.295058,12.5059805,12.923788,12.747968,13.128078,13.525809,13.323428,13.124598,16.217262
13.901477,11.040385,12.2155075,12.318292,10.408754,11.377692,11.944881,10.20451,12.398118,13.37897,10.212296,12.661682,13.128916,11.136266,11.149695,13.18149,10.33001,12.444116,12.033713,9.785179,13.0670185,13.295028,12.505964,12.923749,12.74795,13.128034,13.525788,13.323392,13.124557,16.217218
13.90137,11.040308,12.215403,12.318176,10.408671,11.377604,11.944793,10.204418,12.398024,13.378854,10.212199,12.661575,13.1287985,11.136174,11.149619,13.181398,10.329905,12.444006,12.033629,9.785106,13.066893,13.294923,12.505861,12.923654,12.747856,13.12793,13.525684,13.323313,13.124433,16.217085
13.901002,11.040009,12.215094,12.317929,10.408461,11.377306,11.944516,10.204192,12.397662,13.378561,10.211943,12.661245,13.128505,11.135901,11.149297,13.1811,10.3296795,12.443701,12.033287,9.784864,13.066592,13.294595,12.50554,12.923289,12.747572,13.127612,13.5253105,13.322994,13.124094,16.216663
13.9010725,11.0400505,12.215143,12.31792,10.408493,11.377341,11.944542,10.204212,12.397723,13.378586,10.2120075,12.661299,13.128544,11.1359415,11.149347,13.181104,10.329701,12.443768,12.033327,9.78492,13.066653,13.294668,12.505641,12.92335,12.747578,13.127652,13.525375,13.3230095,13.124127,16.216724
13.901299,11.040225,12.215336,12.318128,10.408637,11.37756,11.944728,10.204388,12.397958,13.378792,10.212166,12.661505,13.128759,11.13615,11.149528,13.181308,10.32987,12.443965,12.033554,9.785086,13.066846,13.294871,12.505821,12.92359,12.7477865,13.127862,13.525603,13.323224,13.124353,16.216993
13.901075,11.040064,12.215147,12.317949,10.408496,11.377308,11.9445505,10.20418,12.397751,13.378571,10.211984,12.661297,13.128524,11.135899,11.149328,13.181139,10.329637,12.443755,12.033333,9.784867,13.066618,13.294643,12.505596,12.923324,12.747527,13.127677,13.525382,13.323012,13.124141,16.216724
13.900508,11.039539,12.214612,12.317417,10.408009,11.376767,11.944045,10.203698,12.397133,13.377986,10.21148,12.660682,13.127892,11.135386,11.148869,13.180568,10.329063,12.443077,12.032847,9.784492,13.065983,13.294004,12.5049515,12.922772,12.747065,13.127083,13.524776,13.322431,13.123439,16.21596
13.901405,11.040337,12.215449,12.318224,10.408706,11.377652,11.9448185,10.204467,12.398054,13.378904,10.212249,12.661623,13.128858,11.136212,11.149641,13.181441,10.329983,12.444072,12.033656,9.785143,13.06695,13.294965,12.505894,12.923685,12.747879,13.1279745,13.525708,13.323339,13.124494,16.217144
13.901151,11.040114,12.215235,12.318019,10.408529,11.377437,11.944608,10.204257,12.397802,13.378692,10.212064,12.661368,13.128633,11.135994,11.1494255,13.181198,10.329731,12.443857,12.033407,9.784958,13.066719,13.294693,12.505652,12.923446,12.747658,13.127741,13.525448,13.3230715,13.124237,16.216808
13.901401,11.040328,12.215436,12.318226,10.408703,11.377647,11.944818,10.204451,12.398034,13.378903,10.21225,12.661602,13.128854,11.136205,11.14963,13.181417,10.329968,12.444061,12.033631,9.785129,13.066944,13.294951,12.505892,12.923674,12.74787,13.127977,13.5257,13.323316,13.124493,16.217123
13.901564,11.040461,12.215575,12.31837,10.408802,11.377773,11.944953,10.204571,12.398199,13.379053,10.212351,12.661761,13.128985,11.136327,11.149773,13.181575,10.330078,12.444198,12.033792,9.785241,13.067081,13.295107,12.50602,12.923834,12.748017,13.128123,13.525856,13.323472,13.124648,16.217323
13.901457,11.040375,12.2154875,12.318276,10.408728,11.377683,11.944871,10.20449,12.398105,13.378945,10.212279,12.661658,13.128899,11.136246,11.149681,13.181475,10.329996,12.444115,12.033691,9.785162,13.066991,13.29501,12.505936,12.923734,12.747926,13.128014,13.525755,13.323379,13.124541,16.217194
13.901427,11.04034,12.21546,12.318231,10.408712,11.37767,11.944847,10.204456,12.39806,13.378913,10.212246,12.661631,13.1288595,11.136212,11.149651,13.181461,10.329955,12.444071,12.033667,9.78514,13.06696,13.294979,12.505898,12.923699,12.747887,13.127985,13.525726,13.323348,13.124519,16.217155
13.901522,11.040431,12.215542,12.318335,10.408771,11.377744,11.944918,10.204548,12.398158,13.3790245,10.212319,12.661722,13.128953,11.136302,11.149743,13.181543,10.330041,12.444174,12.033743,9.785215,13.067049,13.295078,12.505991,12.923807,12.747973,13.128096,13.525818,13.32343,13.124614,16.217276
13.901467,11.040381,12.215482,12.31828,10.408733,11.377681,11.944876,10.204499,12.398117,13.378963,10.212276,12.661673,13.128897,11.136254,11.149694,13.181482,10.330002,12.444098,12.033706,9.785172,13.066989,13.29501,12.505943,12.923744,12.747927,13.128024,13.525762,13.323386,13.12455,16.21721
13.900578,11.039675,12.2147665,12.317558,10.408217,11.3770075,11.944154,10.203882,12.397268,13.378251,10.211628,12.660907,13.128137,11.135596,11.148999,13.180765,10.329443,12.443363,12.032946,9.784614,13.066248,13.29417,12.505156,12.92293,12.747227,13.127279,13.524958,13.322605,13.123731,16.216167
13.665218,10.844406,12.001481,12.111072,10.220634,11.178368,11.735363,10.028205,12.185424,13.153527,10.041172,12.441089,12.89928,10.937509,10.959073,12.96051,10.146622,12.232661,11.83023,9.623997,12.830955,13.066747,12.287119,12.702633,12.532418,12.899568,13.284593,13.0980425,12.890307,15.934713
13.903593,11.041905,12.21735,12.320534,10.410362,11.379549,11.947076,10.206033,12.399938,13.381165,10.213902,12.663521,13.131052,11.137729,11.151662,13.183738,10.331537,12.445994,12.035993,9.786836,13.068726,13.297234,12.5079565,12.925908,12.750272,13.130016,13.527857,13.325642,13.1268635,16.219433
13.903744,11.041959,12.2174635,12.320564,10.410457,11.379677,11.947175,10.206169,12.400071,13.38122,10.213995,12.663605,13.131172,11.137879,11.151734,13.183773,10.331643,12.446083,12.036046,9.78693,13.068915,13.297362,12.508098,12.926034,12.750368,13.130103,13.528035,13.325751,13.126936,16.219545
13.904271,11.042449,12.217944,12.321089,10.410813,11.380138,11.947682,10.206595,12.400571,13.381758,10.214371,12.664111,13.131689,11.138303,11.152149,13.184284,10.332087,12.44657,12.036507,9.787294,13.069435,13.2979145,12.508571,12.926552,12.750831,13.130657,13.528557,13.32629,13.127511,16.220213
13.90411,11.042305,12.217802,12.320951,10.410713,11.380027,11.947553,10.206474,12.400404,13.381612,10.214279,12.663967,13.131544,11.138194,11.152024,13.184135,10.331961,12.44642,12.03637,9.787182,13.069297,13.297783,12.50844,12.926411,12.750677,13.13051,13.528396,13.326136,13.127374,16.22003
13.904161,11.042353,12.217832,12.320992,10.410752,11.380029,11.947586,10.206485,12.400466,13.381631,10.214303,12.66399,13.1315975,11.138202,11.152053,13.184159,10.331975,12.446474,12.036404,9.787228,13.069324,13.297778,12.508472,12.926427,12.750716,13.130554,13.528432,13.326162,13.127386,16.220064
13.904334,11.042502,12.218005,12.321146,10.410864,11.380199,11.947736,10.206638,12.400633,13.381815,10.214424,12.664177,13.131759,11.138365,11.152207,13.184346,10.332136,12.446633,12.036568,9.787333,13.069504,13.297967,12.508629,12.926615,12.750891,13.130711,13.528634,13.326347,13.127586,16.220297
13.90413,11.042331,12.217818,12.32096,10.41071,11.380013,11.94756,10.206476,12.400451,13.381608,10.214286,12.663971,13.131558,11.138198,11.152043,13.184141,10.331971,12.446449,12.036392,9.787191,13.069302,13.297771,12.50845,12.926438,12.75071,13.130505,13.528434,13.326147,13.127384,16.220055
13.90402,11.042232,12.217747,12.32086,10.410664,11.379967,11.947489,10.206394,12.400349,13.381518,10.214227,12.663904,13.131479,11.138115,11.151939,13.184061,10.3319025,12.4463415,12.036305,9.787127,13.06921,13.2976885,12.508357,12.926313,12.750613,13.130398,13.528313,13.326079,13.12727,16.219906
13.904059,11.0422945,12.217781,12.320896,10.410683,11.3800125,11.947528,10.2064295,12.400398,13.381565,10.214279,12.663946,13.131533,11.1381645,11.15198,13.184096,10.331942,12.446408,12.036329,9.787162,13.0692625,13.2977085,12.5084095,12.926368,12.750654,13.13046,13.528366,13.326096,13.127328,16.219963
13.903704,11.041965,12.217472,12.3205595,10.410491,11.379748,11.947197,10.206198,12.400023,13.3812,10.214042,12.6636,13.131292,11.137899,11.151637,13.183735,10.331686,12.446027,12.036097,9.786955,13.068976,13.297377,12.508103,12.925997,12.750386,13.130139,13.528021,13.325805,13.126954,16.219538
13.904022,11.042202,12.217739,12.320868,10.410677,11.37996,11.947472,10.20639,12.400334,13.381516,10.214237,12.663882,13.131485,11.138123,11.151958,13.184033,10.33188,12.446357,12.036306,9.787131,13.069213,13.297646,12.508342,12.926301,12.750631,13.130406,13.528325,13.326035,13.127265,16.219893
13.904238,11.042416,12.217908,12.321039,10.410804,11.3801365,11.947647,10.206557,12.400537,13.3817215,10.214351,12.66409,13.131669,11.138298,11.152123,13.1842575,10.332053,12.446542,12.036477,9.787273,13.069407,13.297875,12.508546,12.926529,12.750792,13.130623,13.528538,13.326251,13.127481,16.220161
13.904206,11.042368,12.217863,12.320998,10.410777,11.380096,11.947598,10.206514,12.400484,13.381668,10.214319,12.664036,13.131629,11.138273,11.152085,13.184191,10.332006,12.4465065,12.036434,9.787244,13.069388,13.297835,12.508523,12.92649,12.750751,13.130573,13.528491,13.326212,13.127428,16.2201
13.904242,11.04242,12.217935,12.321064,10.41081,11.380139,11.947661,10.206571,12.400538,13.381742,10.21438,12.664097,13.131694,11.138296,11.152136,13.184259,10.332063,12.44655,12.036498,9.787277,13.069436,13.297882,12.508565,12.926537,12.750824,13.130627,13.52855,13.326266,13.127497,16.220194
13.904324,11.042492,12.218,12.321143,10.410876,11.38021,11.94773,10.206647,12.4006195,13.38181,10.214429,12.664183,13.1317625,11.138371,11.152196,13.184336,10.332146,12.446618,12.0365715,9.787338,13.0695095,13.297968,12.5086355,12.926614,12.750884,13.130712,13.528626,13.326342,13.127586,16.220295
13.903813,11.042034,12.21747,12.320582,10.410497,11.379717,11.9472275,10.206175,12.400192,13.3812065,10.214017,12.663652,13.131237,11.137954,11.151721,13.183786,10.33165,12.446111,12.036086,9.786917,13.068969,13.297402,12.508162,12.926103,12.750425,13.130162,13.528138,13.325833,13.127003,16.219545
13.904195,11.042384,12.217886,12.321013,10.410778,11.380087,11.947605,10.206539,12.400518,13.381682,10.214319,12.664052,13.131631,11.13827,11.152097,13.184216,10.332028,12.446506,12.036455,9.787234,13.06937,13.29783,12.508506,12.92648,12.750778,13.130566,13.528516,13.326221,13.127433,16.220118
13.903356,11.041636,12.217108,12.320163,10.410286,11.379304,11.946829,10.205903,12.399822,13.380725,10.213679,12.663258,13.130807,11.137642,11.1513405,13.183352,10.331321,12.445668,12.035719,9.786632,13.068542,13.2970295,12.50782,12.925642,12.750052,13.129639,13.527732,13.325457,13.126418,16.21899
13.903709,11.041976,12.217506,12.320614,10.410465,11.379731,11.9472065,10.206157,12.400085,13.381278,10.214032,12.663641,13.131244,11.137891,11.151723,13.183802,10.331648,12.446116,12.036088,9.786934,13.068932,13.297391,12.508088,12.926043,12.750393,13.130126,13.528044,13.32577,13.126977,16.219576
13.903927,11.042147,12.217626,12.320733,10.41059,11.379861,11.947348,10.206344,12.400253,13.381392,10.214116,12.66377,13.131366,11.138051,11.151874,13.1839485,10.331792,12.446236,12.036213,9.787043,13.069109,13.297569,12.508277,12.926229,12.750536,13.130315,13.528246,13.325951,13.127138,16.219784
13.904283,11.04247,12.217959,12.321103,10.410844,11.380169,11.947692,10.206613,12.400583,13.3817835,10.214392,12.664132,13.13172,11.138335,11.152164,13.184311,10.33211,12.446594,12.036519,9.7873,13.069473,13.297927,12.508595,12.926576,12.750848,13.130684,13.528593,13.326306,13.127558,16.220245
13.55936,10.762394,11.907503,12.016953,10.153657,11.086117,11.642437,9.948999,12.0802765,13.047104,9.958642,12.339474,12.802455,10.854707,10.870661,12.866484,10.064342,12.133728,11.733843,9.550571,12.731489,12.964207,12.189874,12.594727,12.440212,12.796187,13.181508,12.995842,12.777551,15.805941
13.906535,11.044406,12.220204,12.323493,10.412921,11.382382,11.950007,10.208552,12.402748,13.384098,10.216462,12.666345,13.134008,11.140241,11.154508,13.186718,10.3340435,12.448855,12.038932,9.789386,13.071552,13.300193,12.51079,12.928876,12.75328,13.132872,13.530861,13.328617,13.1298,16.222418
13.9072895,11.0450325,12.220856,12.3241205,10.413428,11.383061,11.950713,10.209203,12.403476,13.384782,10.216985,12.667023,13.134724,11.140893,11.155069,13.187311,10.334689,12.449479,12.039541,9.789911,13.072355,13.3009815,12.511519,12.929651,12.753904,13.1336,13.531666,13.329367,13.130592,16.223337
13.907316,11.045063,12.220887,12.32415,10.413445,11.383094,11.950737,10.209229,12.403503,13.384816,10.217011,12.66706,13.134756,11.140925,11.155095,13.187347,10.334723,12.449514,12.039567,9.789935,13.072395,13.301011,12.511553,12.9296875,12.753927,13.133628,13.531699,13.329388,13.130633,16.223381
13.907316,11.045063,12.220887,12.32415,10.413445,11.383094,11.950737,10.209229,12.403503,13.384817,10.217011,12.66706,13.134756,11.140925,11.155095,13.187347,10.334723,12.449514,12.039567,9.789935,13.072395,13.301011,12.511553,12.9296875,12.753927,13.133628,13.531699,13.329388,13.130633,16.223381
13.907316,11.045063,12.220887,12.32415,10.413445,11.383094,11.950737,10.209229,12.403503,13.384817,10.217011,12.66706,13.134756,11.140925,11.155095,13.187347,10.334723,12.449514,12.039567,9.789935,13.072395,13.301011,12.511553,12.9296875,12.753927,13.133628,13.531699,13.329388,13.130633,16.223381
13.907324,11.045063,12.22089,12.324151,10.413456,11.383096,11.950744,10.209229,12.403504,13.38482,10.217019,12.667063,13.134764,11.140928,11.1551,13.187348,10.334725,12.4495125,12.039569,9.789934,13.0724,13.301014,12.5115595,12.9296875,12.753931,13.1336355,13.531704,13.329399,13.13064,16.223381
13.907316,11.045063,12.220887,12.32415,10.413445,11.383094,11.950737,10.209229,12.403503,13.384817,10.217011,12.66706,13.134756,11.140925,11.155095,13.187347,10.334723,12.449514,12.039567,9.789935,13.072395,13.301011,12.511553,12.9296875,12.753927,13.133628,13.531699,13.329388,13.130633,16.223381
13.907316,11.045063,12.220887,12.32415,10.413445,11.383094,11.950737,10.209229,12.403503,13.384817,10.217011,12.66706,13.134756,11.140925,11.155095,13.187347,10.334723,12.449514,12.039567,9.789935,13.072395,13.301011,12.511553,12.9296875,12.753927,13.133628,13.531699,13.329388,13.130633,16.223381
13.907316,11.045063,12.220887,12.32415,10.413445,11.383094,11.950737,10.209229,12.403503,13.384817,10.217011,12.66706,13.134756,11.140925,11.155095,13.187347,10.334723,12.449514,12.039567,9.789935,13.072395,13.301011,12.511553,12.9296875,12.753927,13.133628,13.531699,13.329388,13.130633,16.223381
13.907316,11.045063,12.220887,12.32415,10.413445,11.383094,11.950737,10.209229,12.403503,13.384817,10.217011,12.66706,13.134756,11.140925,11.155095,13.187347,10.334723,12.449514,12.039567,9.789935,13.072395,13.301011,12.511553,12.9296875,12.753927,13.133628,13.531699,13.329388,13.130633,16.223381
13.907316,11.045063,12.220887,12.32415,10.413445,11.383094,11.950737,10.209229,12.403503,13.384817,10.217011,12.66706,13.134756,11.140925,11.155095,13.187347,10.334723,12.449514,12.039567,9.789935,13.072395,13.301011,12.511553,12.9296875,12.753927,13.133628,13.531699,13.329388,13.130633,16.223381
13.907316,11.045063,12.220887,12.32415,10.413445,11.383094,11.950737,10.209229,12.403503,13.384817,10.217011,12.66706,13.134756,11.140925,11.155095,13.187347,10.334723,12.449514,12.039567,9.789935,13.072395,13.301011,12.511553,12.9296875,12.753927,13.133628,13.531699,13.329388,13.130633,16.223381
13.907316,11.045063,12.220887,12.32415,10.413445,11.383094,11.950737,10.209229,12.403503,13.384817,10.217011,12.66706,13.134756,11.140925,11.155095,13.187347,10.334723,12.449514,12.039567,9.789935,13.072395,13.301011,12.511553,12.9296875,12.753927,13.133628,13.531699,13.329388,13.130633,16.223381
13.907316,11.045063,12.220887,12.32415,10.413445,11.383094,11.950737,10.209229,12.403503,13.384817,10.217011,12.66706,13.134756,11.140925,11.155095,13.187347,10.334723,12.449514,12.039567,9.789935,13.072395,13.301011,12.511553,12.9296875,12.753927,13.133628,13.531699,13.329388,13.130633,16.223381
13.907324,11.045063,12.22089,12.324151,10.413456,11.383096,11.950744,10.209229,12.403504,13.38482,10.217019,12.667063,13.134764,11.140928,11.1551,13.187348,10.334725,12.4495125,12.039569,9.789934,13.0724,13.301014,12.5115595,12.9296875,12.753931,13.1336355,13.531704,13.329399,13.13064,16.223381
13.907324,11.045063,12.22089,12.324151,10.413456,11.383096,11.950744,10.209229,12.403504,13.38482,10.217019,12.667063,13.134764,11.140928,11.1551,13.187348,10.334725,12.4495125,12.039569,9.789934,13.0724,13.301014,12.5115595,12.9296875,12.753931,13.1336355,13.531704,13.329399,13.13064,16.223381
13.907316,11.045063,12.220887,12.32415,10.413445,11.383094,11.950737,10.209229,12.403503,13.384817,10.217011,12.66706,13.134756,11.140925,11.155095,13.187347,10.334723,12.449514,12.039567,9.789935,13.072395,13.301011,12.511553,12.9296875,12.753927,13.133628,13.531699,13.329388,13.130633,16.223381
13.907316,11.045063,12.220887,12.32415,10.413445,11.383094,11.950737,10.209229,12.403503,13.384817,10.217011,12.66706,13.134756,11.140925,11.155095,13.187347,10.334723,12.449514,12.039567,9.789935,13.072395,13.301011,12.511553,12.9296875,12.753927,13.133628,13.531699,13.329388,13.130633,16.223381
13.907316,11.045063,12.220887,12.32415,10.413445,11.383094,11.950737,10.209229,12.403503,13.384817,10.217011,12.66706,13.134756,11.140925,11.155095,13.187347,10.334723,12.449514,12.039567,9.789935,13.072395,13.301011,12.511553,12.9296875,12.753927,13.133628,13.531699,13.329388,13.130633,16.223381
13.907316,11.045063,12.220887,12.32415,10.413445,11.383094,11.950737,10.209229,12.403503,13.384817,10.217011,12.66706,13.134756,11.140925,11.155095,13.187347,10.334723,12.449514,12.039567,9.789935,13.072395,13.301011,12.511553,12.9296875,12.753927,13.133628,13.531699,13.329388,13.130633,16.223381
13.907316,11.045063,12.220887,12.32415,10.413445,11.383094,11.950737,10.209229,12.403503,13.384817,10.217011,12.66706,13.134756,11.140925,11.155095,13.187347,10.334723,12.449514,12.039567,9.789935,13.072395,13.301011,12.511553,12.9296875,12.753927,13.133628,13.531699,13.329388,13.130633,16.223381
13.907316,11.045063,12.220887,12.32415,10.413445,11.383094,11.950737,10.209229,12.403503,13.384817,10.217011,12.66706,13.134756,11.140925,11.155095,13.187347,10.334723,12.449514,12.039567,9.789935,13.072395,13.301011,12.511553,12.9296875,12.753927,13.133628,13.531699,13.329388,13.130633,16.223381
13.907316,11.045063,12.220887,12.32415,10.413445,11.383094,11.950737,10.209229,12.403503,13.384817,10.217011,12.66706,13.134756,11.140925,11.155095,13.187347,10.334723,12.449514,12.039567,9.789935,13.072395,13.301011,12.511553,12.9296875,12.753927,13.133628,13.531699,13.329388,13.130633,16.223381
13.907316,11.045063,12.220887,12.32415,10.413445,11.383094,11.950737,10.209229,12.403503,13.384817,10.217011,12.66706,13.134756,11.140925,11.155095,13.187347,10.334723,12.449514,12.039567,9.789935,13.072395,13.301011,12.511553,12.9296875,12.753927,13.133628,13.531699,13.329388,13.130633,16.223381
13.907316,11.045063,12.220887,12.32415,10.413445,11.383094,11.950737,10.209229,12.403503,13.384817,10.217011,12.66706,13.134756,11.140925,11.155095,13.187347,10.334723,12.449514,12.039567,9.789935,13.072395,13.301011,12.511553,12.9296875,12.753927,13.133628,13.531699,13.329388,13.130633,16.223381
13.907316,11.045063,12.220887,12.32415,10.413445,11.383094,11.950737,10.209229,12.403503,13.384817,10.217011,12.66706,13.134756,11.140925,11.155095,13.187347,10.334723,12.449514,12.039567,9.789935,13.072395,13.301011,12.511553,12.9296875,12.753927,13.133628,13.531699,13.329388,13.130633,16.223381
13.907316,11.045063,12.220887,12.32415,10.413445,11.383094,11.950737,10.209229,12.403503,13.384817,10.217011,12.66706,13.134756,11.140925,11.155095,13.187347,10.334723,12.449514,12.039567,9.789935,13.072395,13.301011,12.511553,12.9296875,12.753927,13.133628,13.531699,13.329388,13.130633,16.223381
13.907316,11.045063,12.220887,12.32415,10.413445,11.383094,11.950737,10.209229,12.403503,13.384817,10.217011,12.66706,13.134756,11.140925,11.155095,13.187347,10.334723,12.449514,12.039567,9.789935,13.072395,13.301011,12.511553,12.9296875,12.753927,13.133628,13.531699,13.329388,13.130633,16.223381
13.907316,11.045063,12.220887,12.32415,10.413445,11.383094,11.950737,10.209229,12.403503,13.384817,10.217011,12.66706,13.134756,11.140925,11.155095,13.187347,10.334723,12.449514,12.039567,9.789935,13.072395,13.301011,12.511553,12.9296875,12.753927,13.133628,13.531699,13.329388,13.130633,16.223381
13.907316,11.045063,12.220887,12.32415,10.413445,11.383094,11.950737,10.209229,12.403503,13.384817,10.217011,12.66706,13.134756,11.140925,11.155095,13.187347,10.334723,12.449514,12.039567,9.789935,13.072395,13.301011,12.511553,12.9296875,12.753927,13.133628,13.531699,13.329388,13.130633,16.223381
13.907316,11.045063,12.220887,12.32415,10.413445,11.383094,11.950737,10.209229,12.403503,13.384817,10.217011,12.66706,13.134756,11.140925,11.155095,13.187347,10.334723,12.449514,12.039567,9.789935,13.072395,13.301011,12.511553,12.9296875,12.753927,13.133628,13.531699,13.329388,13.130633,16.223381
13.907316,11.045063,12.220887,12.32415,10.413445,11.383094,11.950737,10.209229,12.403503,13.384817,10.217011,12.66706,13.134756,11.140925,11.155095,13.187347,10.334723,12.449514,12.039567,9.789935,13.072395,13.301011,12.511553,12.9296875,12.753927,13.133628,13.531699,13.329388,13.130633,16.223381
13.907316,11.045063,12.220887,12.32415,10.413445,11.383094,11.950737,10.209229,12.403503,13.384817,10.217011,12.66706,13.134756,11.140925,11.155095,13.187347,10.334723,12.449514,12.039567,9.789935,13.072395,13.301011,12.511553,12.9296875,12.753927,13.133628,13.531699,13.329388,13.130633,16.223381
13.907316,11.045063,12.220887,12.32415,10.413445,11.383094,11.950737,10.209229,12.403503,13.384817,10.217011,12.66706,13.134756,11.140925,11.155095,13.187347,10.334723,12.449514,12.039567,9.789935,13.072395,13.301011,12.511553,12.9296875,12.753927,13.133628,13.531699,13.329388,13.130633,16.223381
13.907316,11.045063,12.220887,12.32415,10.413445,11.383094,11.950737,10.209229,12.403503,13.384817,10.217011,12.66706,13.134756,11.140925,11.155095,13.187347,10.334723,12.449514,12.039567,9.789935,13.072395,13.301011,12.511553,12.9296875,12.753927,13.133628,13.531699,13.329388,13.130633,16.223381
13.907316,11.045063,12.220887,12.32415,10.413445,11.383094,11.950737,10.209229,12.403503,13.384817,10.217011,12.66706,13.134756,11.140925,11.155095,13.187347,10.334723,12.449514,12.039567,9.789935,13.072395,13.301011,12.511553,12.9296875,12.753927,13.133628,13.531699,13.329388,13.130633,16.223381
13.907316,11.045063,12.220887,12.32415,10.413445,11.383094,11.950737,10.209229,12.403503,13.384817,10.217011,12.66706,13.134756,11.140925,11.155095,13.187347,10.334723,12.449514,12.039567,9.789935,13.072395,13.301011,12.511553,12.9296875,12.753927,13.133628,13.531699,13.329388,13.130633,16.223381
13.907316,11.045063,12.220887,12.32415,10.413445,11.383094,11.950737,10.209229,12.403503,13.384817,10.217011,12.66706,13.134756,11.140925,11.155095,13.187347,10.334723,12.449514,12.039567,9.789935,13.072395,13.301011,12.511553,12.9296875,12.753927,13.133628,13.531699,13.329388,13.130633,16.223381
13.907316,11.045063,12.220887,12.32415,10.413445,11.383094,11.950737,10.209229,12.403503,13.384817,10.217011,12.66706,13.134756,11.140925,11.155095,13.187347,10.334723,12.449514,12.039567,9.789935,13.072395,13.301011,12.511553,12.9296875,12.753927,13.133628,13.531699,13.329388,13.130633,16.223381
13.907316,11.045063,12.220887,12.32415,10.413445,11.383094,11.950737,10.209229,12.403503,13.384817,10.217011,12.66706,13.134756,11.140925,11.155095,13.187347,10.334723,12.449514,12.039567,9.789935,13.072395,13.301011,12.511553,12.9296875,12.753927,13.133628,13.531699,13.329388,13.130633,16.223381
13.9073305,11.045069,12.220897,12.324163,10.413457,11.383109,11.950752,10.209241,12.403515,13.384829,10.21702,12.667072,13.134774,11.140938,11.155104,13.18736,10.334739,12.449528,12.039576,9.789945,13.072408,13.301028,12.511567,12.929698,12.753941,13.133642,13.531712,13.329408,13.130643,16.223394
13.9073305,11.045069,12.220897,12.324163,10.413457,11.383109,11.950752,10.209241,12.403515,13.384829,10.21702,12.667072,13.134774,11.140938,11.155104,13.18736,10.334739,12.449528,12.039576,9.789945,13.072408,13.301028,12.511567,12.929698,12.753941,13.133642,13.531712,13.329408,13.130643,16.223394
13.9073305,11.045069,12.220897,12.324163,10.413457,11.383109,11.950752,10.209241,12.403515,13.384829,10.21702,12.667072,13.134774,11.140938,11.155104,13.18736,10.334739,12.449528,12.039576,9.789945,13.072408,13.301028,12.511567,12.929698,12.753941,13.133642,13.531712,13.329408,13.130643,16.223394
13.9073305,11.045069,12.220897,12.324163,10.413457,11.383109,11.950752,10.209241,12.403515,13.384829,10.21702,12.667072,13.134774,11.140938,11.155104,13.18736,10.334739,12.449528,12.039576,9.789945,13.072408,13.301028,12.511567,12.929698,12.753941,13.133642,13.531712,13.329408,13.130643,16.223394
13.9073305,11.045069,12.220897,12.324163,10.413457,11.383109,11.950752,10.209241,12.403515,13.384829,10.21702,12.667072,13.134774,11.140938,11.155104,13.18736,10.334739,12.449528,12.039576,9.789945,13.072408,13.301028,12.511567,12.929698,12.753941,13.133642,13.531712,13.329408,13.130643,16.223394
13.9073305,11.045069,12.220897,12.324163,10.413457,11.383109,11.950752,10.209241,12.403515,13.384829,10.21702,12.667072,13.134774,11.140938,11.155104,13.18736,10.334739,12.449528,12.039576,9.789945,13.072408,13.301028,12.511567,12.929698,12.753941,13.133642,13.531712,13.329408,13.130643,16.223394
13.9073305,11.045069,12.220897,12.324163,10.413457,11.383109,11.950752,10.209241,12.403515,13.384829,10.21702,12.667072,13.134774,11.140938,11.155104,13.18736,10.334739,12.449528,12.039576,9.789945,13.072408,13.301028,12.511567,12.929698,12.753941,13.133642,13.531712,13.329408,13.130643,16.223394
13.9073305,11.045069,12.220897,12.324163,10.413457,11.383109,11.950752,10.209241,12.403515,13.384829,10.21702,12.667072,13.134774,11.140938,11.155104,13.18736,10.334739,12.449528,12.039576,9.789945,13.072408,13.301028,12.511567,12.929698,12.753941,13.133642,13.531712,13.329408,13.130643,16.223394
13.9073305,11.045069,12.220897,12.324163,10.413457,11.383109,11.950752,10.209241,12.403515,13.384829,10.21702,12.667072,13.134774,11.140938,11.155104,13.18736,10.334739,12.449528,12.039576,9.789945,13.072408,13.301028,12.511567,12.929698,12.753941,13.133642,13.531712,13.329408,13.130643,16.223394
13.907043,11.044804,12.220633,12.323883,10.413246,11.382868,11.950489,10.208996,12.403233,13.384546,10.2168045,12.666775,13.1345,11.140714,11.154855,13.187062,10.334475,12.449271,12.039301,9.789744,13.072136,13.3007345,12.511309,12.929423,12.753676,13.133346,13.531409,13.329125,13.130324,16.223017
13.907235,11.044978,12.220802,12.324067,10.413392,11.383025,11.950661,10.209165,12.40341,13.384733,10.216945,12.6669655,13.134681,11.140859,11.155013,13.187263,10.334645,12.449428,12.039486,9.789883,13.072312,13.300928,12.511475,12.929597,12.753857,13.133543,13.531604,13.329318,13.130528,16.22326
13.907298,11.045033,12.220861,12.324121,10.413437,11.38308,11.950715,10.209208,12.403472,13.384794,10.217002,12.667034,13.13474,11.140909,11.15507,13.187314,10.334697,12.449489,12.039538,9.789918,13.072375,13.300986,12.511537,12.92966,12.753903,13.133604,13.531674,13.329367,13.130604,16.223343
13.907292,11.045034,12.2208605,12.324118,10.413428,11.383074,11.95071,10.209204,12.403472,13.384788,10.216997,12.667027,13.134735,11.140904,11.155067,13.187314,10.334696,12.449488,12.039532,9.789918,13.072374,13.300982,12.511529,12.929658,12.753901,13.133597,13.53167,13.329361,13.1306,16.223341
13.907298,11.045034,12.220861,12.324121,10.413437,11.38308,11.950715,10.209208,12.403472,13.384794,10.217002,12.667034,13.13474,11.140909,11.15507,13.187314,10.334697,12.44949,12.039538,9.789918,13.072375,13.300986,12.511537,12.92966,12.753903,13.133604,13.531675,13.329367,13.130604,16.223343
13.907298,11.045034,12.220861,12.324121,10.413437,11.38308,11.950715,10.209208,12.403472,13.384794,10.217002,12.667034,13.13474,11.140909,11.15507,13.187314,10.334697,12.44949,12.039538,9.789918,13.072375,13.300986,12.511537,12.92966,12.753903,13.133604,13.531675,13.329367,13.130604,16.223343
13.907333,11.045076,12.220901,12.324166,10.413463,11.383114,11.950753,10.209243,12.403519,13.384834,10.217025,12.667075,13.134776,11.140942,11.155107,13.187363,10.334741,12.44953,12.039578,9.789946,13.072411,13.301027,12.511567,12.929699,12.753946,13.133645,13.531714,13.32941,13.130649,16.223396
13.907333,11.045076,12.2209015,12.324166,10.413463,11.383114,11.950753,10.209243,12.403519,13.384834,10.217025,12.667075,13.134777,11.140942,11.155107,13.187363,10.334741,12.44953,12.039578,9.789946,13.072411,13.301027,12.511567,12.929699,12.753946,13.133645,13.531715,13.32941,13.130649,16.223396
13.907333,11.045076,12.2209015,12.324166,10.413463,11.383114,11.950753,10.209243,12.403519,13.384834,10.217025,12.667075,13.134777,11.140942,11.155107,13.187363,10.334741,12.44953,12.039578,9.789946,13.072411,13.301027,12.511567,12.929699,12.753946,13.133645,13.531715,13.32941,13.130649,16.223396
13.907333,11.045076,12.2209015,12.324166,10.413463,11.383114,11.950753,10.209243,12.403519,13.384834,10.217025,12.667075,13.134777,11.140942,11.155107,13.187363,10.334741,12.44953,12.039578,9.789946,13.072411,13.301027,12.511567,12.929699,12.753946,13.133645,13.531715,13.32941,13.130649,16.223396
13.907333,11.045076,12.2209015,12.324166,10.413463,11.383114,11.950753,10.209243,12.403519,13.384834,10.217025,12.667075,13.134777,11.140942,11.155107,13.187363,10.334741,12.44953,12.039578,9.789946,13.072411,13.301027,12.511567,12.929699,12.753946,13.133645,13.531715,13.32941,13.130649,16.223396
13.907333,11.045076,12.2209015,12.324166,10.413463,11.383114,11.950753,10.209243,12.403519,13.384834,10.217025,12.667075,13.134777,11.140942,11.155107,13.187363,10.334741,12.44953,12.039578,9.789946,13.072411,13.301027,12.511567,12.929699,12.753946,13.133645,13.531715,13.32941,13.130649,16.223396
13.907333,11.045076,12.2209015,12.324166,10.413463,11.383114,11.950753,10.209243,12.403519,13.384834,10.217025,12.667075,13.134777,11.140942,11.155107,13.187363,10.334741,12.44953,12.039578,9.789946,13.072411,13.301027,12.511567,12.929699,12.753946,13.133645,13.531715,13.32941,13.130649,16.223396
13.907333,11.045076,12.2209015,12.324166,10.413463,11.383114,11.950753,10.209243,12.403519,13.384834,10.217025,12.667075,13.134777,11.140942,11.155107,13.187363,10.334741,12.44953,12.039578,9.789946,13.072411,13.301027,12.511567,12.929699,12.753946,13.133645,13.531715,13.32941,13.130649,16.223396
13.559731,10.774337,11.913806,12.017841,10.157034,11.095523,11.647399,9.953689,12.088859,13.047763,9.962829,12.34213,12.812714,10.866781,10.876577,12.870491,10.075761,12.142266,11.736141,9.552651,12.744721,12.974985,12.20014,12.602876,12.442145,12.803186,13.192269,13.003786,12.790191,15.814122
13.906664,11.044574,12.220307,12.323566,10.412987,11.382543,11.95015,10.208703,12.4029045,13.384184,10.21655,12.666445,13.134152,11.140407,11.154594,13.186789,10.334219,12.448954,12.03901,9.789479,13.071752,13.300387,12.510975,12.929057,12.753368,13.133006,13.531045,13.328788,13.12996,16.222595
13.907276,11.045039,12.22085,12.324108,10.413419,11.3830595,11.950702,10.209201,12.403468,13.384777,10.216979,12.667018,13.134716,11.140893,11.155063,13.18731,10.334694,12.449478,12.039529,9.789902,13.072356,13.30098,12.511521,12.929648,12.753893,13.133596,13.531662,13.329362,13.130593,16.223333
13.907279,11.04504,12.22085,12.32411,10.413421,11.38306,11.950703,10.209203,12.403469,13.384779,10.21698,12.667018,13.134718,11.140893,11.155064,13.187312,10.334695,12.44948,12.03953,9.789904,13.072357,13.300981,12.511522,12.929649,12.753893,13.133596,13.531662,13.329363,13.130594,16.223335
13.907279,11.04504,12.22085,12.32411,10.413421,11.38306,11.950703,10.209203,12.403469,13.384779,10.21698,12.667018,13.134718,11.140893,11.155064,13.187312,10.334695,12.44948,12.03953,9.789904,13.072357,13.300981,12.511522,12.929649,12.753893,13.133596,13.531662,13.329363,13.130594,16.223335
13.907294,11.045049,12.220862,12.324127,10.413434,11.383077,11.950719,10.209213,12.403482,13.384795,10.216993,12.667036,13.134737,11.140906,11.155077,13.187328,10.334709,12.449495,12.039542,9.789916,13.072373,13.300995,12.511537,12.929662,12.753908,13.133612,13.531676,13.329378,13.13061,16.22335
13.907294,11.045049,12.220862,12.324127,10.413434,11.383077,11.950719,10.209213,12.403482,13.384795,10.216993,12.667036,13.134737,11.140906,11.155077,13.187328,10.334709,12.449495,12.039542,9.789916,13.072373,13.300995,12.511537,12.929662,12.753908,13.133612,13.531676,13.329378,13.13061,16.22335
13.907294,11.045049,12.220862,12.324127,10.413434,11.383077,11.950719,10.209213,12.403482,13.384795,10.216993,12.667036,13.134737,11.140906,11.155077,13.187328,10.334709,12.449495,12.039542,9.789916,13.072373,13.300995,12.511537,12.929662,12.753908,13.133612,13.531676,13.329378,13.13061,16.22335
13.52315,10.746147,11.882785,11.984166,10.129938,11.064516,11.615615,9.92644,12.057328,13.011341,9.9368925,12.3097515,12.780612,10.83743,10.846399,12.837297,10.049306,12.109642,11.703471,9.527956,12.709897,12.93927,12.167154,12.566656,12.408732,12.769187,13.156987,12.968574,12.754463,15.770582
13.906586,11.044522,12.220244,12.3235,10.412936,11.3824835,11.950083,10.208641,12.402837,13.384117,10.216501,12.666378,13.134087,11.140349,11.154538,13.1867285,10.334162,12.448893,12.038953,9.789431,13.071677,13.300314,12.510913,12.928982,12.753305,13.1329365,13.530969,13.328716,13.129888,16.222507
13.907276,11.045039,12.22085,12.324108,10.413419,11.3830595,11.950702,10.209201,12.403468,13.384777,10.216979,12.667018,13.134716,11.140892,11.155063,13.18731,10.334694,12.449477,12.039529,9.789902,13.072355,13.30098,12.511521,12.929648,12.753893,13.133596,13.531662,13.329362,13.130593,16.223333
13.907279,11.04504,12.22085,12.32411,10.413421,11.38306,11.950703,10.209203,12.403469,13.384779,10.21698,12.667018,13.134718,11.140893,11.155064,13.187312,10.334695,12.44948,12.03953,9.789904,13.072357,13.300981,12.511522,12.929649,12.753893,13.133596,13.531662,13.329363,13.130594,16.223335
13.907279,11.04504,12.22085,12.32411,10.413421,11.38306,11.950703,10.209203,12.403469,13.384779,10.21698,12.667018,13.134718,11.140893,11.155064,13.187312,10.334695,12.44948,12.03953,9.789904,13.072357,13.300981,12.511522,12.929649,12.753893,13.133596,13.531662,13.329363,13.130594,16.223335
13.907279,11.04504,12.22085,12.32411,10.413421,11.38306,11.950703,10.209203,12.403469,13.384779,10.21698,12.667018,13.134718,11.140893,11.155064,13.187312,10.334695,12.44948,12.03953,9.789904,13.072357,13.300981,12.511522,12.929649,12.753893,13.133596,13.531662,13.329363,13.130594,16.223335
13.907296,11.045045,12.220865,12.324132,10.413436,11.383074,11.950724,10.209212,12.4034815,13.384798,10.216996,12.667037,13.134738,11.1409025,11.155079,13.1873255,10.334705,12.4494915,12.03955,9.789916,13.072377,13.300994,12.5115385,12.9296665,12.753909,13.133615,13.531679,13.329378,13.130616,16.22335
13.9072895,11.04505,12.220861,12.324129,10.41343,11.383072,11.95072,10.20921,12.40348,13.384789,10.216993,12.667031,13.134735,11.140904,11.155073,13.187326,10.334706,12.449488,12.039545,9.789916,13.072367,13.300991,12.511534,12.929662,12.753908,13.133608,13.5316725,13.329372,13.13061,16.223349
13.907289,11.04505,12.220861,12.324128,10.413429,11.383072,11.95072,10.20921,12.403479,13.384789,10.216993,12.667032,13.134735,11.140904,11.155073,13.187327,10.334705,12.449488,12.039546,9.789915,13.072367,13.300991,12.511534,12.929661,12.753908,13.133607,13.531672,13.329371,13.1306095,16.223347
13.907296,11.045045,12.220865,12.324132,10.413436,11.383074,11.950724,10.209212,12.4034815,13.384798,10.216996,12.667037,13.134738,11.1409025,11.155079,13.1873255,10.334706,12.4494915,12.03955,9.789916,13.072377,13.300994,12.5115385,12.9296665,12.753909,13.133615,13.531679,13.329378,13.130616,16.22335
13.907289,11.04505,12.220861,12.324128,10.413429,11.383072,11.95072,10.20921,12.403479,13.384789,10.216993,12.667032,13.134735,11.140904,11.155073,13.187327,10.334705,12.449488,12.039546,9.789915,13.072367,13.300991,12.511534,12.929661,12.753908,13.133607,13.531672,13.329371,13.1306095,16.223347
13.907248,11.044998,12.220816,12.324071,10.4134,11.383027,11.950674,10.209168,12.403428,13.384739,10.216957,12.666983,13.1346855,11.1408615,11.155035,13.18727,10.334655,12.44944,12.039499,9.789881,13.072324,13.30094,12.511493,12.929615,12.753858,13.133562,13.531625,13.329324,13.130556,16.223288
13.907289,11.045049,12.220861,12.324128,10.413429,11.383072,11.95072,10.20921,12.403479,13.384789,10.216993,12.667031,13.134735,11.140904,11.155073,13.187327,10.334705,12.449488,12.039546,9.789915,13.072367,13.300991,12.511534,12.929661,12.753908,13.133607,13.531672,13.329371,13.1306095,16.223347
13.907289,11.04505,12.220861,12.324128,10.413429,11.383072,11.95072,10.20921,12.403479,13.384789,10.216993,12.667032,13.134735,11.140904,11.155073,13.187327,10.334705,12.449488,12.039546,9.789915,13.072367,13.300991,12.511534,12.929661,12.753908,13.133607,13.531672,13.329371,13.1306095,16.223347
13.907289,11.04505,12.220861,12.324128,10.413429,11.383072,11.95072,10.20921,12.403479,13.384789,10.216993,12.667032,13.134735,11.140904,11.155073,13.187327,10.334705,12.449488,12.039546,9.789915,13.072367,13.300991,12.511534,12.929661,12.753908,13.133607,13.531672,13.329371,13.1306095,16.223347
13.907289,11.04505,12.220861,12.324128,10.413429,11.383072,11.95072,10.20921,12.403479,13.384789,10.216993,12.667032,13.134735,11.140904,11.155073,13.187327,10.334705,12.449488,12.039546,9.789915,13.072367,13.300991,12.511534,12.929661,12.753908,13.133607,13.531672,13.329371,13.1306095,16.223347
13.907289,11.04505,12.220861,12.324128,10.413429,11.383072,11.95072,10.20921,12.403479,13.384789,10.216993,12.667032,13.134735,11.140904,11.155073,13.187327,10.334705,12.449488,12.039546,9.789915,13.072367,13.300991,12.511534,12.929661,12.753908,13.133607,13.531672,13.329371,13.1306095,16.223347
13.907289,11.04505,12.220861,12.324128,10.413429,11.383072,11.95072,10.20921,12.403479,13.384789,10.216993,12.667032,13.134735,11.140904,11.155073,13.187327,10.334705,12.449488,12.039546,9.789915,13.072367,13.300991,12.511534,12.929661,12.753908,13.133607,13.531672,13.329371,13.1306095,16.223347
13.907289,11.04505,12.220861,12.324128,10.413429,11.383072,11.95072,10.20921,12.403479,13.384789,10.216993,12.667032,13.134735,11.140904,11.155073,13.187327,10.334705,12.449488,12.039546,9.789915,13.072367,13.300991,12.511534,12.929661,12.753908,13.133607,13.531672,13.329371,13.1306095,16.223347
13.907289,11.04505,12.220861,12.324128,10.413429,11.383072,11.95072,10.20921,12.403479,13.384789,10.216993,12.667032,13.134735,11.140904,11.155073,13.187327,10.334705,12.449488,12.039546,9.789915,13.072367,13.300991,12.511534,12.929661,12.753908,13.133607,13.531672,13.329371,13.1306095,16.223347
13.907289,11.04505,12.220861,12.324128,10.413429,11.383072,11.95072,10.20921,12.403479,13.384789,10.216993,12.667032,13.134735,11.140904,11.155073,13.187327,10.334705,12.449488,12.039546,9.789915,13.072367,13.300991,12.511534,12.929661,12.753908,13.133607,13.531672,13.329371,13.1306095,16.223347
13.907289,11.04505,12.220861,12.324128,10.413429,11.383072,11.95072,10.20921,12.403479,13.384789,10.216993,12.667032,13.134735,11.140904,11.155073,13.187327,10.334705,12.449488,12.039546,9.789915,13.072367,13.300991,12.511534,12.929661,12.753908,13.133607,13.531672,13.329371,13.1306095,16.223347
13.907289,11.04505,12.220861,12.324128,10.413429,11.383072,11.95072,10.20921,12.403479,13.384789,10.216993,12.667032,13.134735,11.140904,11.155073,13.187327,10.334705,12.449488,12.039546,9.789915,13.072367,13.300991,12.511534,12.929661,12.753908,13.133607,13.531672,13.329371,13.1306095,16.223347
13.907289,11.04505,12.220861,12.324128,10.413429,11.383072,11.95072,10.20921,12.403479,13.384789,10.216993,12.667032,13.134735,11.140904,11.155073,13.187327,10.334705,12.449488,12.039546,9.789915,13.072367,13.300991,12.511534,12.929661,12.753908,13.133607,13.531672,13.329371,13.1306095,16.223347
13.907289,11.04505,12.220861,12.324128,10.413429,11.383072,11.95072,10.20921,12.403479,13.384789,10.216993,12.667032,13.134735,11.140904,11.155073,13.187327,10.334705,12.449488,12.039546,9.789915,13.072367,13.300991,12.511534,12.929661,12.753908,13.133607,13.531672,13.329371,13.1306095,16.223347
13.907289,11.04505,12.220861,12.324128,10.413429,11.383072,11.95072,10.20921,12.403479,13.384789,10.216993,12.667032,13.134735,11.140904,11.155073,13.187327,10.334705,12.449488,12.039546,9.789915,13.072367,13.300991,12.511534,12.929661,12.753908,13.133607,13.531672,13.329371,13.1306095,16.223347
13.907289,11.04505,12.220861,12.324128,10.413429,11.383072,11.95072,10.20921,12.403479,13.384789,10.216993,12.667032,13.134735,11.140904,11.155073,13.187327,10.334705,12.449488,12.039546,9.789915,13.072367,13.300991,12.511534,12.929661,12.753908,13.133607,13.531672,13.329371,13.1306095,16.223347
13.907289,11.04505,12.220861,12.324128,10.413429,11.383072,11.95072,10.20921,12.403479,13.384789,10.216993,12.667032,13.134735,11.140904,11.155073,13.187327,10.334705,12.449488,12.039546,9.789915,13.072367,13.300991,12.511534,12.929661,12.753908,13.133607,13.531672,13.329371,13.1306095,16.223347
13.907289,11.04505,12.220861,12.324128,10.413429,11.383072,11.95072,10.20921,12.403479,13.384789,10.216993,12.667032,13.134735,11.140904,11.155073,13.187327,10.334705,12.449488,12.039546,9.789915,13.072367,13.300991,12.511534,12.929661,12.753908,13.133607,13.531672,13.329371,13.1306095,16.223347
13.907289,11.04505,12.220861,12.324128,10.413429,11.383072,11.95072,10.20921,12.403479,13.384789,10.216993,12.667032,13.134735,11.140904,11.155073,13.187327,10.334705,12.449488,12.039546,9.789915,13.072367,13.300991,12.511534,12.929661,12.753908,13.133607,13.531672,13.329371,13.1306095,16.223347
13.907289,11.04505,12.220861,12.324128,10.413429,11.383072,11.95072,10.20921,12.403479,13.384789,10.216993,12.667032,13.134735,11.140904,11.155073,13.187327,10.334705,12.449488,12.039546,9.789915,13.072367,13.300991,12.511534,12.929661,12.753908,13.133607,13.531672,13.329371,13.1306095,16.223347
13.907307,11.045057,12.220876,12.324141,10.413443,11.383087,11.950734,10.209223,12.403494,13.384806,10.217004,12.6670475,13.134749,11.140916,11.155085,13.187336,10.334719,12.449505,12.039556,9.789925,13.072383,13.301007,12.511547,12.929675,12.753921,13.133624,13.531687,13.329389,13.130623,16.223368
13.907307,11.045057,12.220876,12.324141,10.413443,11.383087,11.950734,10.209223,12.403494,13.384806,10.217004,12.6670475,13.134749,11.140916,11.155085,13.187336,10.334719,12.449505,12.039556,9.789925,13.072383,13.301007,12.511547,12.929675,12.753921,13.133624,13.531687,13.329389,13.130623,16.223368
13.907307,11.045057,12.220876,12.324141,10.413443,11.383087,11.950734,10.209223,12.403494,13.384806,10.217004,12.6670475,13.134749,11.140916,11.155085,13.187336,10.334719,12.449505,12.039556,9.789925,13.072383,13.301007,12.511547,12.929675,12.753921,13.133624,13.531687,13.329389,13.130623,16.223368
13.907307,11.045057,12.220876,12.324141,10.413443,11.383087,11.950734,10.209223,12.403494,13.384806,10.217004,12.6670475,13.134749,11.140916,11.155085,13.187336,10.334719,12.449505,12.039556,9.789925,13.072383,13.301007,12.511547,12.929675,12.753921,13.133624,13.531687,13.329389,13.130623,16.223368
13.907307,11.045057,12.220876,12.324141,10.413443,11.383087,11.950734,10.209223,12.403494,13.384806,10.217004,12.6670475,13.134749,11.140916,11.155085,13.187336,10.334719,12.449505,12.039556,9.789925,13.072383,13.301007,12.511547,12.929675,12.753921,13.133624,13.531687,13.329389,13.130623,16.223368
13.907307,11.045057,12.220876,12.324141,10.413443,11.383087,11.950734,10.209223,12.403494,13.384806,10.217004,12.6670475,13.134749,11.140916,11.155085,13.187336,10.334719,12.449505,12.039556,9.789925,13.072383,13.301007,12.511547,12.929675,12.753921,13.133624,13.531687,13.329389,13.130623,16.223368
13.907307,11.045057,12.220876,12.324141,10.413443,11.383087,11.950734,10.209223,12.403494,13.384806,10.217004,12.6670475,13.134749,11.140916,11.155085,13.187336,10.334719,12.449505,12.039556,9.789925,13.072383,13.301007,12.511547,12.929675,12.753921,13.133624,13.531687,13.329389,13.130623,16.223368
13.907307,11.045057,12.220876,12.324141,10.413443,11.383087,11.950734,10.209223,12.403494,13.384806,10.217004,12.6670475,13.134749,11.140916,11.155085,13.187336,10.334719,12.449505,12.039556,9.789925,13.072383,13.301007,12.511547,12.929675,12.753921,13.133624,13.531687,13.329389,13.130623,16.223368
13.907307,11.045057,12.220876,12.324141,10.413443,11.383087,11.950734,10.209223,12.403494,13.384806,10.217004,12.6670475,13.134749,11.140916,11.155085,13.187336,10.334719,12.449505,12.039556,9.789925,13.072383,13.301007,12.511547,12.929675,12.753921,13.133624,13.531687,13.329389,13.130623,16.223368
13.907307,11.045057,12.220876,12.324141,10.413443,11.383087,11.950734,10.209223,12.403494,13.384806,10.217004,12.6670475,13.134749,11.140916,11.155085,13.187336,10.334719,12.449505,12.039556,9.789925,13.072383,13.301007,12.511547,12.929675,12.753921,13.133624,13.531687,13.329389,13.130623,16.223368
13.907307,11.045057,12.220876,12.324141,10.413443,11.383087,11.950734,10.209223,12.403494,13.384806,10.217004,12.6670475,13.134749,11.140916,11.155085,13.187336,10.334719,12.449505,12.039556,9.789925,13.072383,13.301007,12.511547,12.929675,12.753921,13.133624,13.531687,13.329389,13.130623,16.223368
13.907307,11.045057,12.220876,12.324141,10.413443,11.383087,11.950734,10.209223,12.403494,13.384806,10.217004,12.6670475,13.134749,11.140916,11.155085,13.187336,10.334719,12.449505,12.039556,9.789925,13.072383,13.301007,12.511547,12.929675,12.753921,13.133624,13.531687,13.329389,13.130623,16.223368
13.907307,11.045057,12.220876,12.324141,10.413443,11.383087,11.950734,10.209223,12.403494,13.384806,10.217004,12.6670475,13.134749,11.140916,11.155085,13.187336,10.334719,12.449505,12.039556,9.789925,13.072383,13.301007,12.511547,12.929675,12.753921,13.133624,13.531687,13.329389,13.130623,16.223368
13.907307,11.045057,12.220876,12.324141,10.413443,11.383087,11.950734,10.209223,12.403494,13.384806,10.217004,12.6670475,13.134749,11.140916,11.155085,13.187336,10.334719,12.449505,12.039556,9.789925,13.072383,13.301007,12.511547,12.929675,12.753921,13.133624,13.531687,13.329389,13.130623,16.223368
13.907307,11.045057,12.220876,12.324141,10.413443,11.383087,11.950734,10.209223,12.403494,13.384806,10.217004,12.6670475,13.134749,11.140916,11.155085,13.187336,10.334719,12.449505,12.039556,9.789925,13.072383,13.301007,12.511547,12.929675,12.753921,13.133624,13.531687,13.329389,13.130623,16.223368
13.907307,11.045057,12.220876,12.324141,10.413443,11.383087,11.950734,10.209223,12.403494,13.384806,10.217004,12.6670475,13.134749,11.140916,11.155085,13.187336,10.334719,12.449505,12.039556,9.789925,13.072383,13.301007,12.511547,12.929675,12.753921,13.133624,13.531687,13.329389,13.130623,16.223368
13.907307,11.045057,12.220876,12.324141,10.413443,11.383087,11.950734,10.209223,12.403494,13.384806,10.217004,12.6670475,13.134749,11.140916,11.155085,13.187336,10.334719,12.449505,12.039556,9.789925,13.072383,13.301007,12.511547,12.929675,12.753921,13.133624,13.531687,13.329389,13.130623,16.223368
13.907307,11.045057,12.220876,12.324141,10.413443,11.383087,11.950734,10.209223,12.403494,13.384806,10.217004,12.6670475,13.134749,11.140916,11.155085,13.187336,10.334719,12.449505,12.039556,9.789925,13.072383,13.301007,12.511547,12.929675,12.753921,13.133624,13.531687,13.329389,13.130623,16.223368
13.907307,11.045057,12.220876,12.324141,10.413443,11.383087,11.950734,10.209223,12.403494,13.384806,10.217004,12.6670475,13.134749,11.140916,11.155085,13.187336,10.334719,12.449505,12.039556,9.789925,13.072383,13.301007,12.511547,12.929675,12.753921,13.133624,13.531687,13.329389,13.130623,16.223368
13.907307,11.045057,12.220876,12.324141,10.413443,11.383087,11.950734,10.209223,12.403494,13.384806,10.217004,12.6670475,13.134749,11.140916,11.155085,13.187336,10.334719,12.449505,12.039556,9.789925,13.072383,13.301007,12.511547,12.929675,12.753921,13.133624,13.531687,13.329389,13.130623,16.223368
13.907307,11.045057,12.220876,12.324141,10.413443,11.383087,11.950734,10.209223,12.403494,13.384806,10.217004,12.6670475,13.134749,11.140916,11.155085,13.187336,10.334719,12.449505,12.039556,9.789925,13.072383,13.301007,12.511547,12.929675,12.753921,13.133624,13.531687,13.329389,13.130623,16.223368
13.907307,11.045057,12.220876,12.324141,10.413443,11.383087,11.950734,10.209223,12.403494,13.384806,10.217004,12.6670475,13.134749,11.140916,11.155085,13.187336,10.334719,12.449505,12.039556,9.789925,13.072383,13.301007,12.511547,12.929675,12.753921,13.133624,13.531687,13.329389,13.130623,16.223368
13.907307,11.045057,12.220876,12.324141,10.413443,11.383087,11.950734,10.209223,12.403494,13.384806,10.217004,12.6670475,13.134749,11.140916,11.155085,13.187336,10.334719,12.449505,12.039556,9.789925,13.072383,13.301007,12.511547,12.929675,12.753921,13.133624,13.531687,13.329389,13.130623,16.223368
13.907307,11.045057,12.220876,12.324141,10.413443,11.383087,11.950734,10.209223,12.403494,13.384806,10.217004,12.6670475,13.134749,11.140916,11.155085,13.187336,10.334719,12.449505,12.039556,9.789925,13.072383,13.301007,12.511547,12.929675,12.753921,13.133624,13.531687,13.329389,13.130623,16.223368
13.907307,11.045057,12.220876,12.324141,10.413443,11.383087,11.950734,10.209223,12.403494,13.384806,10.217004,12.6670475,13.134749,11.140916,11.155085,13.187336,10.334719,12.449505,12.039556,9.789925,13.072383,13.301007,12.511547,12.929675,12.753921,13.133624,13.531687,13.329389,13.130623,16.223368
13.907307,11.045057,12.220876,12.324141,10.413443,11.383087,11.950734,10.209223,12.403494,13.384806,10.217004,12.6670475,13.134749,11.140916,11.155085,13.187336,10.334719,12.449505,12.039556,9.789925,13.072383,13.301007,12.511547,12.929675,12.753921,13.133624,13.531687,13.329389,13.130623,16.223368
13.907307,11.045057,12.220876,12.324141,10.413443,11.383087,11.950734,10.209223,12.403494,13.384806,10.217004,12.6670475,13.134749,11.140916,11.155085,13.187336,10.334719,12.449505,12.039556,9.789925,13.072383,13.301007,12.511547,12.929675,12.753921,13.133624,13.531687,13.329389,13.130623,16.223368
13.907307,11.045057,12.220876,12.324141,10.413443,11.383087,11.950734,10.209223,12.403494,13.384806,10.217004,12.6670475,13.134749,11.140916,11.155085,13.187336,10.334719,12.449505,12.039556,9.789925,13.072383,13.301007,12.511547,12.929675,12.753921,13.133624,13.531687,13.329389,13.130623,16.223368
13.907307,11.045057,12.220876,12.324141,10.413443,11.383087,11.950734,10.209223,12.403494,13.384806,10.217004,12.6670475,13.134749,11.140916,11.155085,13.187336,10.334719,12.449505,12.039556,9.789925,13.072383,13.301007,12.511547,12.929675,12.753921,13.133624,13.531687,13.329389,13.130623,16.223368
13.907307,11.045057,12.220876,12.324141,10.413443,11.383087,11.950734,10.209223,12.403494,13.384806,10.217004,12.6670475,13.134749,11.140916,11.155085,13.187336,10.334719,12.449505,12.039556,9.789925,13.072383,13.301007,12.511547,12.929675,12.753921,13.133624,13.531687,13.329389,13.130623,16.223368
13.907313,11.045055,12.220879,12.324145,10.413445,11.383088,11.950737,10.209224,12.403497,13.384808,10.217008,12.667051,13.134754,11.140918,11.155091,13.187338,10.33472,12.449509,12.039559,9.789926,13.072388,13.30101,12.51155,12.929677,12.75392,13.133623,13.531691,13.329393,13.130627,16.22337
13.907257,11.045013,12.220825,12.324087,10.413404,11.383042,11.950686,10.209185,12.403442,13.384752,10.216969,12.666995,13.134704,11.140876,11.1550455,13.187288,10.33467,12.449458,12.039507,9.789896,13.072335,13.300959,12.511504,12.929627,12.753872,13.1335745,13.531637,13.329336,13.13057,16.2233
13.907259,11.045015,12.220827,12.324089,10.413406,11.383046,11.950689,10.209185,12.403444,13.384754,10.216971,12.666997,13.134704,11.14088,11.155046,13.187294,10.334673,12.449459,12.039511,9.789896,13.072335,13.3009615,12.511504,12.92963,12.753874,13.13358,13.531639,13.329338,13.130572,16.223303
13.52315,10.746147,11.882785,11.984166,10.129938,11.064516,11.615615,9.92644,12.057328,13.011341,9.9368925,12.3097515,12.780612,10.83743,10.846399,12.837297,10.049306,12.109642,11.703471,9.527956,12.709897,12.93927,12.167154,12.566656,12.408732,12.769187,13.156987,12.968574,12.754463,15.770582
13.9064865,11.044442,12.2201605,12.323407,10.412866,11.382399,11.949991,10.208556,12.402747,13.384018,10.216433,12.666286,13.133997,11.14027,11.154458,13.186642,10.3340845,12.448808,12.038862,9.78936,13.071577,13.300212,12.5108185,12.928881,12.7532215,13.132837,13.5308695,13.328618,13.129784,16.222383
13.907276,11.045039,12.220849,12.324107,10.413419,11.3830595,11.950702,10.209201,12.403468,13.384777,10.216979,12.667018,13.134716,11.140892,11.155063,13.18731,10.334694,12.449477,12.039529,9.789902,13.072355,13.300979,12.511521,12.929648,12.753892,13.133595,13.53166,13.329362,13.130593,16.223333
13.907279,11.04504,12.22085,12.32411,10.413421,11.38306,11.950703,10.209203,12.403469,13.384779,10.21698,12.667018,13.134718,11.140893,11.155064,13.187312,10.334695,12.44948,12.03953,9.789904,13.072357,13.300981,12.511522,12.929649,12.753893,13.133596,13.531662,13.329363,13.130594,16.223335
13.907279,11.04504,12.22085,12.32411,10.413421,11.38306,11.950703,10.209203,12.403469,13.384779,10.21698,12.667018,13.134718,11.140893,11.155064,13.187312,10.334695,12.44948,12.03953,9.789904,13.072357,13.300981,12.511522,12.929649,12.753893,13.133596,13.531662,13.329363,13.130594,16.223335
13.907289,11.04505,12.220861,12.324128,10.413429,11.383072,11.95072,10.20921,12.403479,13.384789,10.216993,12.667032,13.134735,11.140904,11.155073,13.187327,10.334705,12.449488,12.039546,9.789915,13.072367,13.300991,12.511534,12.929661,12.753908,13.133607,13.531672,13.329371,13.1306095,16.223347
13.907289,11.04505,12.220861,12.324128,10.413429,11.383072,11.95072,10.20921,12.403479,13.384789,10.216993,12.667032,13.134735,11.140904,11.155073,13.187327,10.334705,12.449488,12.039546,9.789915,13.072367,13.300991,12.511534,12.929661,12.753908,13.133607,13.531672,13.329371,13.1306095,16.223347
13.907289,11.04505,12.220861,12.324128,10.413429,11.383072,11.95072,10.20921,12.403479,13.384789,10.216993,12.667032,13.134735,11.140904,11.155073,13.187327,10.334705,12.449488,12.039546,9.789915,13.072367,13.300991,12.511534,12.929661,12.753908,13.133607,13.531672,13.329371,13.1306095,16.223347
