Graph Number,Average Node Degree,Unique Degree Count,Degree Centrality,Assortivity Coefficient,Clustering Coefficient,Density,Number of Weakly Connected Components,Number of Strongly Connected Components,Number of Nodes,Number of Edges,Eigenvalue_1,Eigenvalue_2,Eigenvalue_3,Eigenvalue_4,Eigenvalue_5,Kernel Distance
0,-0.4274809160305344,-1,-0.000817363128165458,0.3848349656427279,-0.10429289413778613,-0.0004086815640827288,27,68,0,-112,-22.445301942449266,17.8614565929457,14.389275595364154,-11.569545617004636,7.893047432481944,13163020.66666668
0,-0.49765258215962427,0,-0.001170947252140293,0.3173438104305688,-0.052834274713606806,-0.0005854736260701462,50,44,0,-106,-2.6030595863740027,1.4142135623730965,-1.4142135623730958,-1.000000000000001,-1.0000000000000007,3325944.5714285746
0,-0.47921760391198065,1,-0.0011745529507646573,0.4229580930118838,-0.05373507506346954,-0.0005872764753823293,45,40,0,-98,38.52435625079161,-21.54810312498511,-21.54810312498511,1.0000000000000002,-1.0000000000000002,2640348.476190479
0,-0.5382716049382716,-1,-0.0013323554577679983,0.31389189316706,-0.05087032773350967,-0.0006661777288839996,53,40,0,-109,-2.5109290369086734,-1.0000000000000036,1.000000000000001,1.000000000000001,1.0000000000000009,2530083.428571431
0,-0.5450121654501217,0,-0.0013292979645124917,0.4007670193850504,-0.03877218730005622,-0.0006646489822562458,62,33,0,-112,-2.4513720870104394,1.0000000000000016,-1.0000000000000009,-1.0,0.9999999999999999,2980914.428571432
0,-0.5364705882352943,1,-0.0012652608213096555,0.46604235673182337,-0.04690733128480155,-0.0006326304106548278,65,31,0,-114,-2.4379902410608834,1.0780716553283844,1.0780716553283844,-1.0,-1.0,3482968.428571432
0,-0.5144356955380578,0,-0.0013537781461527842,0.39282669352627564,-0.05407564214913445,-0.0006768890730763917,43,32,0,-98,-2.462133056407609,1.1483144970365449,1.1483144970365449,1.0000000000000004,-1.0000000000000002,1799368.9047619065
0,-0.4932249322493225,2,-0.001340285141981857,0.3601190152716845,-0.04878800620923505,-0.0006701425709909272,43,33,0,-91,-2.5771727764683074,1.2785606927147875,1.2785606927147875,-1.1493022489808713,-1.0000000000000002,1522842.0952380968
0,-0.48,1,-0.0017518248175182475,0.3979031287763694,-0.04485834747388062,-0.0008759124087591242,33,23,0,-66,-2.2721360656155922,-1.1024283954731302,1.0670301695617108,1.0670301695617108,-1.0,580306.9523809529
0,-0.5236363636363637,3,-0.0019110816191108158,0.4494685871084227,-0.04914897832450579,-0.0009555408095554079,37,19,0,-72,1.7918537177924008,-2.7157893298697178,-1.0,-0.8528349929803792,0.7192529979529841,455748.0952380956
0,-0.5118110236220474,2,-0.002022968472814415,0.533995037637458,-0.036876644874130574,-0.001011484236407208,32,15,0,-65,42.235686071150546,-20.661225200343388,-23.194387982208667,14.316378609140644,-6.3734620983371775,311094.6190476193
0,-0.6233766233766231,-1,-0.0027103331451157533,0.5436045626367687,-0.0455211720173357,-0.001355166572557877,38,14,0,-72,-1.9999999999999967,1.0000000000000007,-1.0,0.4999999999999995,0.4999999999999995,183299.57142857154
0,-0.5700483091787438,1,-0.002767224801838562,0.5564203632082112,-0.04276983181569789,-0.0013836124009192815,37,12,0,-59,33.314923376852846,-36.22389823807515,-1.0,0.9999999999999998,0.6779468404816338,114095.85714285723
0,-0.6451612903225807,0,-0.0034873583260680028,0.35523947508670034,-0.02886272731995032,-0.0017436791630340014,42,7,0,-60,-1.6180339887498953,0.6180339887498936,0.4999999999999994,0.4999999999999994,1.0986659069823394e-08,89234.90476190485
0,-0.5508982035928143,0,-0.0033186638770651457,0.5713218475248532,-0.011740494166945612,-0.0016593319385325728,38,-2,0,-46,28.1944147186044,20.12433239789458,-14.097207359302203,-14.597207359302203,-9.812166198947295,72649.52380952387
0,-0.5935483870967742,-1,-0.003854210305823209,0.6136545611534499,-0.00967741935483871,-0.0019271051529116045,41,-1,0,-46,-7.558942345089347,7.5589423450893465,0.0,0.0,0.0,62487.619047619104
0,-0.41509433962264164,0,-0.003953279424977538,0.5964919942966388,0.0,-0.001976639712488769,18,0,0,-22,0.0,0.0,0.0,0.0,0.0,17786.476190476205
0,-0.5283018867924529,0,-0.0050314465408805,0.3157868434988518,0.0,-0.002515723270440252,24,0,0,-28,0.0,0.0,0.0,0.0,0.0,19091.285714285732
0,-0.4424778761061947,0,-0.0039506953223767405,0.656313505637675,0.0,-0.0019753476611883685,21,0,0,-25,-1.0,0.0,0.0,0.0,0.0,17218.09523809525
0,-0.37606837606837606,-2,-0.003241968759210139,0.47726712381696257,-0.028490028490028487,-0.0016209843796050685,13,1,0,-22,-10.554678008393015,9.554678008393013,-1.0,0.9999999999999998,0.0,15799.809523809537
0,-0.3669724770642202,0,-0.003397893306150186,0.23879214949087138,-0.026052133391582927,-0.0016989466530750938,11,1,0,-20,15.554473404988457,-16.96868696736155,-1.0,1.0,-1.0,12743.142857142868
0,-0.5233644859813085,-3,-0.004937400811144419,0.3676836364379531,-0.0328141225337487,-0.0024687004055722103,16,3,0,-28,-2.414213562373095,-1.0,-0.9999999999999998,0.9999999999999998,0.9999999999999994,9442.238095238103
0,-0.4247787610619469,-2,-0.0037926675094816717,0.3449953277305692,-0.03252435863055332,-0.0018963337547408332,15,3,0,-24,-2.414213562373093,1.0000000000000004,-1.0,1.0,-1.0,15196.095238095251
0,-0.4558823529411766,-3,-0.0033769063180827882,0.3630997276664716,-0.030090497737556562,-0.0016884531590413941,19,0,0,-31,3.4232543287129116,-4.478622407778013,-1.179422741653998,0.820577258346002,-1.0,19663.809523809537
0,-0.75,-4,-0.0037688442211055275,0.28904984716139875,-0.023794871794871796,-0.0018844221105527637,55,3,0,-75,-2.4142135623730936,1.0000000000000002,-1.0,1.0,-1.0,182026.3333333335
0,-0.7393364928909951,-3,-0.0035206499661475966,0.40773856642769163,-0.022554380848219712,-0.0017603249830737979,58,0,0,-78,15.058341314318401,-16.472554876691465,-0.9999999999999991,1.0000000000000009,-1.0,354382.8095238099
0,-0.7330316742081446,-2,-0.0033319621554915657,0.4717810070585782,-0.01960920564459541,-0.0016659810777457833,60,1,0,-81,31.12826463204197,-31.12826463204197,-1.0,1.0,-1.0,523127.6666666672
0,-0.7256637168141593,-2,-0.003225172074729595,0.35118218713865634,-0.03203403951240487,-0.0016125860373647984,59,3,0,-82,-1.0,1.0,-1.0,-0.9999999999999998,0.5000000000000002,598230.5714285721
0,-0.697095435684647,0,-0.002904564315352697,0.33941692457310946,-0.03866775887763674,-0.0014522821576763482,57,3,0,-84,-1.0,1.0,-1.0,-0.9999999999999998,0.5000000000000002,682256.1904761911
0,-0.7603305785123966,-3,-0.003154898666026542,0.31779659848476943,-0.03897829676755735,-0.0015774493330132713,65,3,0,-92,-1.0,1.0,-1.0,-0.9999999999999998,0.5000000000000002,733174.0476190483
0,-0.6864406779661016,-1,-0.002921024161557881,0.3057076799699697,-0.03996972758947704,-0.0014605120807789401,57,4,0,-81,-1.3247179572447452,-1.0,1.0,-1.0,0.662358978622373,347656.52380952414
0,-0.5517241379310347,0,-0.002731307613519974,0.3557229458061762,-0.03975058446663614,-0.0013656538067599862,40,3,0,-56,-6.48719301389915,4.1624750566544035,1.0,-1.0,0.6623589786223729,100164.33333333343
0,-0.5876777251184835,-2,-0.0027984653577070636,0.25788296820565393,-0.038090668843386986,-0.0013992326788535318,47,5,0,-62,-7.439650950415023,6.918271243610454,-0.9999999999999999,0.7606898534022832,0.7606898534022832,86618.61904761914
0,-0.5825242718446602,-3,-0.0028415818138763935,0.42918977325339025,-0.025226091836812764,-0.0014207909069381955,48,5,0,-60,-1.521379706804568,0.7606898534022841,0.7606898534022841,-3.5236570605778894e-16,0.0,68235.5714285715
0,-0.44843049327354256,-1,-0.0020199571769078497,0.29954318294789095,-0.015478032934493463,-0.0010099785884539253,43,1,0,-50,-53.94481572896899,53.28245675034661,-20.40588875302852,21.068247731650892,-1.3322676295501878e-15,49789.52380952385
0,-0.5358851674641147,-2,-0.0025763709974236312,0.35764864961456777,-0.030161045629595054,-0.0012881854987118139,47,6,0,-56,-53.55737274317892,53.45020659874743,-1.414213562373095,0.760689853402283,0.760689853402283,37832.95238095241
0,-0.5454545454545454,-3,-0.0023715415019762848,0.3954657878597466,-0.034240627097769955,-0.0011857707509881424,51,11,0,-63,-1.8793852415718164,-1.6716998816571607,1.5320888862379551,0.8358499408285813,0.8358499408285813,41560.33333333337
0,-0.5155555555555555,-5,-0.0023015873015873045,0.41099631330422337,-0.03988521855188522,-0.0011507936507936505,47,11,0,-58,-1.8793852415718164,1.5320888862379545,-1.4422495703074103,1.0,-0.9999999999999999,34207.809523809556
0,-0.4928909952606635,-3,-0.002347099977431731,0.35833853206984156,-0.0404761301332252,-0.0011735499887158651,41,11,0,-52,-1.8793852415718175,1.532088886237956,-1.4422495703074087,-1.0,1.0,28680.904761904785
0,-0.5299145299145298,-3,-0.002274311287186823,0.38186291930014343,-0.018124617922188772,-0.0011371556435934116,43,7,0,-62,-1.8793852415718133,1.532088886237952,-1.0,1.0,-0.9999999999999998,44765.523809523846
0,-0.5416666666666665,-2,-0.0018873403019744484,0.3385347173042999,-0.0279274287842099,-0.0009436701509872242,46,21,0,-78,48.78995636061711,-23.957599736650096,-26.527095307295212,0.9999999999999999,0.6225269226551466,158505.80952380964
0,-0.45878136200716857,1,-0.001650292669090534,0.467307497320512,-0.025726103008935516,-0.000825146334545267,34,22,0,-64,28.181611872116086,-26.62547704700487,-3.42690727237963,1.0,0.7302937556194415,258517.6666666669
0,-0.43260188087774276,0,-0.001360383273200448,0.4370847736042409,-0.04225086214818543,-0.0006801916366002245,37,22,0,-69,-22.848036318790406,21.6425981106601,15.799373727900328,-12.60314508559266,-12.60314508559266,609248.8571428576
0,-0.5278592375366569,-3,-0.0015525271692254606,0.3758251239058183,-0.04772153512686472,-0.0007762635846127307,44,30,0,-90,-16.40594747348799,13.055143648754072,1.0000000000000004,0.987984309539663,0.987984309539663,1118096.4761904771
0,-0.47545219638242897,-3,-0.0012317414414052558,0.4040700846362204,-0.04092854711758409,-0.0006158707207026284,46,33,0,-92,-2.489495982829931,1.1431423833748067,1.1431423833748067,-0.3516391290189207,0.2774251725496183,1517749.8095238109
0,-0.4567307692307694,-3,-0.0011005560704355883,0.3933362338848794,-0.043961310659696426,-0.0005502780352177944,47,41,0,-95,-2.982988969455467,1.8758874921209667,0.9722045728807005,-0.399388388542874,0.2671426464983386,2529879.6190476213
0,-0.5012787723785166,-2,-0.0012853301855859393,0.3910598162765285,-0.04779406210188118,-0.0006426650927929701,54,34,0,-98,-2.79549094179196,1.7050292662048965,0.8242674896399795,-0.34253841158913967,0.3043662987681091,2376112.190476193
0,-0.49112426035502943,-2,-0.0014573420188576536,0.34322069799294314,-0.037030734832932635,-0.0007286710094288273,49,23,0,-83,-2.4109589475020416,1.4593869808765392,0.606879851898533,0.1723460573634834,0.1723460573634834,1038795.0952380963
0,-0.4716417910447761,-4,-0.0014121011707927435,0.3774801807829577,-0.039358822620394945,-0.0007060505853963713,43,24,0,-79,-2.3937216238765955,1.127589391671557,1.127589391671557,-0.34927839443052455,0.2439106174820015,1034982.2857142867
0,-0.5220338983050847,-3,-0.0017756255044390637,0.37239221223626084,-0.03283747422498884,-0.0008878127522195319,47,20,0,-77,-2.2091114591751113,1.4082779784422703,0.7873340476343227,-0.596614187486148,0.3050568102923318,498733.3333333338
0,-0.46031746031746046,-2,-0.0018339341048504397,0.41613820897597387,-0.038444368365851286,-0.0009169670524252199,35,20,0,-58,-2.1438003550793923,1.044772369149788,1.044772369149788,-0.7509161056850142,0.4025858612324181,301282.2380952384
0,-0.448780487804878,0,-0.0021999043519846974,0.4593022051913684,-0.022796799057147245,-0.0010999521759923483,30,16,0,-46,23.258810408934426,-24.2773599602666,1.0006914855429128,-0.7269021761612184,0.37238012097524104,236584.7142857145
0,-0.46341463414634165,-2,-0.0028430345653149766,0.16275825673878383,-0.01487765508757731,-0.0014215172826574892,25,4,0,-38,-1.0000000000000004,-0.9999999999999998,0.5000000000000002,0.5000000000000002,0.4999999999999997,80712.38095238103
0,-0.42384105960264895,-3,-0.0028256070640176583,0.18482221499175477,-0.03730549414226858,-0.00141280353200883,19,6,0,-32,-1.2599210498948736,-0.9999999999999991,0.6299605249474365,0.6299605249474365,0.4999999999999997,46792.714285714326
0,-0.5217391304347825,-3,-0.0032608695652173916,0.43556847659971565,-0.04188737418551083,-0.0016304347826086958,27,6,0,-42,-1.2599210498948732,-0.999999999999999,0.6299605249474365,0.6299605249474365,0.4999999999999998,48034.52380952385
0,-0.43971631205673756,0,-0.003140830800405267,0.45007360929451856,-0.05257479031275224,-0.0015704154002026335,19,6,0,-31,-1.259921049894872,-0.9999999999999994,0.6299605249474363,0.6299605249474363,0.49999999999999967,27434.904761904785
0,-0.2706766917293233,-1,-0.002050580997949419,0.29529863790402733,-0.032461891639246794,-0.0010252904989747095,10,4,0,-18,-1.0,-0.9999999999999998,0.5000000000000002,0.5000000000000002,0.5000000000000002,17296.76190476192
0,-0.3846153846153846,-1,-0.0029815146094215855,0.41144860548438145,-0.03343195266272189,-0.0014907573047107936,20,2,0,-25,-0.9999999999999998,0.5000000000000002,0.5000000000000002,0.0,0.0,13751.000000000011
0,-0.25396825396825395,1,-0.002031746031746032,0.5027291639227542,-0.03303825803825804,-0.001015873015873016,12,5,0,-16,-1.2207440846057585,0.7244919590005159,0.24812606280262206,0.24812606280262206,-8.416658083882335e-09,11355.90476190477
0,-0.2644628099173554,-1,-0.0022038567493112993,0.5170447122853403,-0.04750553698500912,-0.001101928374655647,15,1,0,-16,-21.87527230940439,19.868226548331616,0.6623592018836201,0.6623587553611271,0.34116390191400403,11503.42857142858
0,-0.3272727272727274,0,-0.0030025020850708885,0.45025021806678533,-0.018200146627565982,-0.0015012510425354468,15,3,0,-18,16.215395137588704,-16.711647263193946,0.24812606280262212,0.24812606280262212,0.0,11605.4761904762
0,-0.4144144144144144,-2,-0.003767403767403763,0.36253806389453014,-0.036064636064636064,-0.001883701883701884,18,4,0,-23,-1.2599210498948732,0.629960524947437,0.629960524947437,-4.738078764010974e-09,4.7380784840964065e-09,17878.80952380954
0,-0.4299065420560748,0,-0.004055722094868628,0.7007790960792832,-0.03741649591017376,-0.002027861047434315,18,4,0,-23,-1.259921049894873,0.6299605249474365,0.6299605249474365,-2.7755575615628914e-17,-2.7755575615628914e-17,14476.380952380965
0,-0.4521739130434783,-1,-0.003966437833714724,0.3652757266318934,-0.034810213940648725,-0.001983218916857362,20,4,0,-26,-1.2599210498948712,0.6299605249474365,0.6299605249474365,5.229458395263149e-32,0.0,17953.142857142873
0,-0.44067796610169485,-2,-0.003766478342749532,0.4216982220760508,-0.053699219800914716,-0.0018832391713747643,19,3,0,-26,-38.079709352341794,37.44974882739435,0.6299605249474365,3.4863055968420995e-32,0.0,18225.952380952396
0,-0.3076923076923077,1,-0.002987303958177744,0.1473862600395904,-0.06734646401985112,-0.0014936519790888728,8,5,0,-16,-1.2599210498948754,-1.0,1.0,0.6299605249474365,0.6299605249474365,11321.190476190484
0,-0.4897959183673468,-4,-0.005049442457395331,0.2712049896754373,-0.0714754867464227,-0.0025247212286976647,14,5,0,-24,-1.2599210498948743,-1.0,1.0,0.6299605249474365,0.6299605249474365,8820.095238095246
0,-0.38383838383838387,1,-0.003916718202432487,0.22213237331773775,-0.07075351213282248,-0.0019583591012162444,10,5,0,-19,-1.2599210498948732,-1.0,1.0,0.629960524947437,0.629960524947437,8883.000000000007
0,-0.3132530120481929,-1,-0.0038201586835145476,0.26305030930130924,-0.08442465514230836,-0.001910079341757272,8,5,0,-13,-1.2599210498948732,-1.0,1.0,0.629960524947437,0.629960524947437,3549.7619047619073
0,-0.32558139534883734,-2,-0.003830369357045147,0.372668422296126,-0.0814872690504642,-0.0019151846785225718,9,5,0,-14,-1.2599210498948736,-1.0,1.0,0.6299605249474363,0.6299605249474363,3056.0000000000023
0,-0.32000000000000006,0,-0.004324324324324322,0.5266217842851022,-0.026719367588932806,-0.0021621621621621626,9,2,0,-12,-16.03329754925179,16.033297549251785,-1.0,-0.9999999999999999,0.4999999999999995,3159.0952380952403
0,-0.4047619047619049,0,-0.0048766494549627,0.09706525182885795,-0.04767378215654078,-0.002438324727481355,9,5,0,-17,-1.2599210498948712,-1.0,1.0,-1.0,0.6299605249474365,9044.714285714294
0,-0.4651162790697674,1,-0.005471956224350203,0.28253300482836013,-0.04656508954824913,-0.0027359781121751026,14,4,0,-20,-1.259921049894873,-1.0,0.6299605249474365,0.6299605249474365,-2.7755575615628914e-17,9093.476190476198
0,-0.3516483516483515,1,-0.003907203907203911,0.5409485866024972,-0.022001654259718773,-0.0019536019536019536,10,6,0,-16,-88.64401875665781,88.35542701811373,-1.0,0.14429586927203675,0.14429586927203675,10384.285714285723
0,-0.4943820224719102,-2,-0.0056179775280898805,0.17661929140143387,-0.022499584878507776,-0.0028089887640449437,15,7,0,-22,0.9414348860185264,-1.1455516497563047,-1.0,0.10205838186889082,0.10205838186889082,7963.666666666673
0,-0.4044943820224718,-1,-0.004596527068437179,0.1604540344848269,-0.02249456324755346,-0.0022982635342185895,8,8,0,-18,-1.6638401882063003,1.4597234244685207,-1.0,0.10205838186889027,0.10205838186889027,11726.666666666677
0,-0.3370786516853932,-2,-0.003830439223697652,0.5555081137465738,-0.022493190330268982,-0.001915219611848826,7,6,0,-15,0.1336206375506208,-0.38359014044228656,-1.0,0.12498475144583321,0.12498475144583321,13169.714285714297
0,-0.413793103448276,0,-0.004811547714514834,0.3496034702822721,-0.046033633429590624,-0.0024057738572574178,10,9,0,-18,-1.642934884271909,1.143901111949381,0.24951688616126388,0.24951688616126388,-1.1437493068018567e-16,8168.714285714292
0,-0.4878048780487805,-1,-0.0060222824450466735,0.2165441280298636,0.0004075053065801561,-0.0030111412225233367,15,0,0,-20,26.38494198335488,-13.192470991677439,-13.192470991677439,0.0,0.0,8944.571428571437
0,-0.4782608695652173,-2,-0.005255613951266124,0.24694532419467446,-0.021761044880785414,-0.002627806975633064,16,2,0,-22,-0.9999999999999999,0.4999999999999995,0.4999999999999995,0.0,0.0,11557.04761904763
0,-0.392156862745098,0,-0.0038827412152980037,0.42568488293613255,0.0016129032258064523,-0.0019413706076490001,16,2,0,-20,-0.9999999999999999,0.4999999999999995,0.4999999999999995,0.0,0.0,10217.42857142858
0,-0.41237113402061865,-1,-0.004295532646048112,0.24884355607494002,-0.020643949012239093,-0.002147766323024055,15,2,0,-20,-0.9999999999999999,0.4999999999999995,0.4999999999999995,0.0,0.0,7868.666666666673
0,-0.3492063492063493,-1,-0.002793650793650796,0.41283847420978154,0.025115207373271897,-0.0013968253968253972,21,1,0,-22,3.185638891913391,-3.6856388919133907,0.4999999999999995,0.0,0.0,10336.238095238105
0,-0.3555555555555556,0,-0.0026533996683250436,0.4325419900942747,-0.015533999608073685,-0.00132669983416252,21,1,0,-24,32.573344632191386,-33.42185838629168,-0.6514862395115384,0.5000000063881611,0.4999999936118401,7113.333333333339
0,-0.32704402515723285,0,-0.002069898893400207,0.37982936799841793,-0.007107148616582578,-0.0010349494467001034,20,4,0,-26,-1.0,1.0,-1.0,1.0,-0.9999999999999998,13707.14285714287
0,-0.3550295857988166,0,-0.0021132713440405746,0.3815650458757088,-0.007965407373691396,-0.0010566356720202873,23,4,0,-30,-1.0,1.0,-1.0,1.0,-0.9999999999999998,12343.4761904762
0,-0.29239766081871355,-1,-0.0017199862401100817,0.41612652965018354,-0.007885876306928939,-0.0008599931200550396,16,4,0,-25,-1.0,1.0,-1.0,1.0,-0.9999999999999998,8517.047619047626
0,-0.31958762886597936,-1,-0.0016558944500827946,0.1797946238997743,-0.006938937351308485,-0.0008279472250413977,23,4,0,-31,-1.0,1.0,-1.0,1.0,-0.9999999999999998,14899.428571428583
0,-0.3762376237623761,-3,-0.0018718289739421707,0.34946096177361796,-0.0066641279512566634,-0.0009359144869710853,28,4,0,-38,-1.0,1.0,-1.0,1.0,-0.9999999999999998,20394.38095238097
0,-0.2857142857142856,-1,-0.0014144271570014164,0.24771371896686412,-0.01323011963406052,-0.0007072135785007069,20,4,0,-29,17.924918451779206,-18.18483950167407,-0.9999999999999998,1.0,-1.0,23561.809523809545
0,-0.4873096446700509,-2,-0.002486273697296178,0.28665325184795376,-0.006816533720087019,-0.0012431368486480886,36,10,0,-48,-1.5079819785024915,-1.0,1.0,-1.0,1.0,36057.95238095241
0,-0.4838709677419355,-1,-0.002615518744551003,0.21416027892904016,-0.010759580920871243,-0.0013077593722755011,33,9,0,-45,-1.5079819785024946,0.9999999999999986,0.38579461148992644,0.0610936835062838,0.0610936835062838,33089.38095238098
0,-0.4640883977900552,0,-0.002578268876611418,0.2625044356111247,-0.011055563991449897,-0.001289134438305709,30,8,0,-42,-1.6638401882063012,1.4597234244685195,0.10205838186888999,0.10205838186888999,-7.30566337608976e-09,45636.1428571429
0,-0.578034682080925,-3,-0.0033606667562844457,0.4771661853802253,-0.011566278517773868,-0.0016803333781422233,41,8,0,-50,-1.6638401882062996,1.4597234244685213,0.10205838186889044,0.10205838186889044,0.0,53451.904761904814
0,-0.5,-1,-0.0035971223021582736,0.48220794568111774,-0.012864044168391995,-0.0017985611510791368,26,7,0,-35,23.298138574060566,-10.941909049063886,-12.444616524059018,0.08838699906234077,-4.2512195355592734e-17,48631.476190476234
0,-0.46478873239436624,-1,-0.003296373988612527,0.30558999389565544,-0.028183240859297198,-0.0016481869943062635,23,10,0,-33,-1.7561935546362855,1.3481807703469961,0.20400639214464678,0.20400639214464678,-9.346813511963215e-17,44197.57142857147
0,-0.32116788321167866,0,-0.0023615285530270477,0.4106475286362846,-0.03266511513099898,-0.0011807642765135247,16,2,0,-22,25.077337211424222,-19.687017591399897,-20.581401817188013,8.804534718948695,8.555017832787431,47721.85714285719
0,-0.390625,-2,-0.003075787401574803,0.2858904973879393,-0.025118435110211428,-0.0015378937007874014,18,6,0,-25,32.29735568835827,-33.21806606526274,0.4603551884522342,0.4603551884522342,1.229102286790977e-08,25181.000000000022
0,-0.3793103448275863,-1,-0.0032983508245877074,0.46054723176083934,-0.01008644837245243,-0.0016491754122938528,18,1,0,-22,6.947284438680768,-5.8835819268776,-6.359947823075493,2.7721856870374655,2.5240596262517165,16802.523809523824
0,-0.37037037037037024,-1,-0.003461405330564207,0.3660162359219043,-0.021647509578544062,-0.0017307026652821043,18,2,0,-20,-0.9999999999999999,0.4999999999999995,0.4999999999999995,0.0,0.0,9071.333333333341
0,-0.3728813559322033,-1,-0.0031870201361726795,0.38015507750084515,-0.00624317523619617,-0.0015935100680863389,17,5,0,-22,-1.220744084605761,0.7244919590005157,0.248126062802622,0.248126062802622,0.0,15967.23809523811
0,-0.3793103448275863,0,-0.003298350824587709,0.44861947396888874,-0.019572884012539184,-0.0016491754122938528,17,1,0,-22,-8.061721850592383,7.561721850592381,0.4999999999999995,0.0,0.0,12630.476190476202
0,-0.3486238532110093,1,-0.0032279986408426734,0.35305418650274145,-0.030608590241617765,-0.0016139993204213384,12,2,0,-19,-0.9999999999999999,0.4999999999999995,0.4999999999999995,0.0,0.0,19865.85714285716
0,-0.23404255319148937,3,-0.002516586593456875,0.3320359130827217,-0.02377146216320184,-0.0012582932967284376,11,1,0,-11,32.13153398018295,-32.131533980182894,-30.28155939110555,29.78155939110551,0.4999999999999995,13864.714285714297
0,-0.24242424242424243,0,-0.00247371675943105,0.41898724628239226,-0.03839727173060506,-0.0012368583797155233,13,-12,0,-12,35.02238113383342,-21.17176768431031,-19.17176768431031,11.676975453926742,-10.332647982349764,19768.80952380954
0,-0.3999999999999999,1,-0.004040404040404039,0.3480088799092617,-0.05769327731092437,-0.0020202020202020193,13,5,0,-20,-1.2599210498948712,-1.0,1.0,0.6299605249474365,0.6299605249474365,16035.428571428583
0,-0.41999999999999993,0,-0.004242424242424242,0.2844560926259336,-0.060047619047619044,-0.00212121212121212,13,6,0,-21,-1.5213797068045682,-1.0000000000000002,1.0,0.7606898534022838,0.7606898534022838,17689.85714285716
0,-0.32183908045976994,1,-0.0037423148890670943,0.3163954404471846,-0.028764886850499216,-0.0018711574445335472,11,1,0,-14,23.18157476436046,-13.253146360802598,-11.253146360802598,0.6623589786223736,0.6623589786223731,7753.38095238096
0,-0.12658227848101267,2,-0.001622849724115548,0.22324379600035246,0.0,-0.000811424862057774,6,1,0,-5,2.290400070755497,-2.290400070755497,-1.0,1.0,0.0,3046.7619047619073
0,-0.29268292682926833,0,-0.003613369467027998,0.3187482960970652,0.0,-0.0018066847335140024,9,2,0,-12,-1.0,1.0,-1.0,1.0,0.0,2142.4761904761917
0,-0.05063291139240511,1,-0.0006491398896462247,0.36255539591436214,0.0068113321277878235,-0.0003245699448231106,5,0,0,-2,60.69746893488148,-60.69746893488139,24.53979627171652,-13.412163461049266,-9.37230208324144,1269.1904761904773
0,-0.11428571428571432,2,-0.0016563146997929622,0.24611918015981865,0.035839002267573694,-0.0008281573498964811,4,0,0,-4,21.640285376768528,-10.320142688384273,-12.320142688384273,2.6110683747306145,-2.6110683747306145,686.0476190476195
0,-0.29333333333333345,-1,-0.003963963963963965,0.4247486797861488,0.0035555555555555553,-0.0019819819819819826,5,2,0,-11,0.5871679457277763,-0.5871679457277761,-1.0,1.0,-1.0,1271.4761904761913
0,-0.33766233766233755,1,-0.004442925495557068,0.32268171805945123,0.0,-0.0022214627477785374,0,5,0,-13,1.4142135623730951,-1.414213562373095,-1.0,1.0,-1.0,2340.7619047619064
0,-0.3789473684210529,0,-0.00403135498320269,0.3149193152197777,0.0,-0.0020156774916013434,4,7,0,-18,55.26204001149091,-55.251728073371645,-4.503260608525695,2.9535811163897567,0.5393675540166616,11211.00000000001
0,-0.5252525252525255,-1,-0.005359719645433927,0.37349360108320206,0.011135161135161137,-0.0026798598227169654,8,9,0,-26,38.691667132182445,-38.691667132182396,24.204261676660096,-11.395024057143498,-13.809237619516592,20039.666666666682
0,-0.36559139784946226,1,-0.003973819541841974,0.4303511928137005,0.014635603345280765,-0.0019869097709209922,3,11,0,-17,20.345927872771455,-20.345927872771455,1.4142135623730951,-1.414213562373095,1.0000000000000002,19433.85714285716
0,-0.5686274509803919,0,-0.005629974762182103,0.1980599333966969,0.0,-0.0028149873810910508,11,10,0,-29,-1.7320508075688774,1.7320508075688767,-1.4142135623730947,1.4142135623730938,-1.0,26387.14285714288
0,-0.49523809523809503,1,-0.0047619047619047675,0.5226595211521445,0.0,-0.0023809523809523803,14,8,0,-26,-30.098065024619252,30.09806502461924,-18.395306418260937,18.395306418260933,-1.0,31718.619047619075
0,-0.5333333333333332,1,-0.005128205128205124,0.3735436109859272,0.0,-0.0025641025641025645,13,9,0,-28,8.02827631228035,-8.02827631228035,-1.4142135623730951,1.414213562373095,-1.0,28961.14285714288
0,-0.42307692307692313,-1,-0.004107542942494397,0.3113223750675141,0.019688644688644688,-0.0020537714712471995,12,6,0,-22,1.5650845800732907,-1.5650845800732898,-1.972511029324028e-24,0.0,0.0,19286.095238095255
0,-0.2268041237113403,0,-0.002362542955326466,0.5171699190013221,0.016486663393879886,-0.0011812714776632312,9,-5,0,-11,42.02605403593358,-32.32052262372868,-32.32052262372868,-22.31627851059846,22.316278510598455,9061.761904761912
0,-0.35051546391752564,-1,-0.0036512027491408944,0.2652481040679681,0.0,-0.0018256013745704463,13,0,0,-17,0.0,0.0,0.0,0.0,0.0,7912.428571428578
0,-0.43999999999999995,-1,-0.0044444444444444505,0.4971765492564596,0.0,-0.0022222222222222227,18,0,0,-22,0.0,0.0,0.0,0.0,0.0,6884.1904761904825
0,-0.4285714285714286,0,-0.004418262150220915,0.20722500877189567,0.00046771955535460444,-0.0022091310751104565,15,2,0,-21,-0.9999999999999999,0.4999999999999995,0.4999999999999995,0.0,0.0,14675.14285714287
0,-0.5,-2,-0.005263157894736846,0.35863212702567476,-0.020849867724867726,-0.0026315789473684214,20,2,0,-24,-0.9999999999999999,0.4999999999999995,0.4999999999999995,0.0,0.0,17933.571428571446
0,-0.5,-1,-0.0054945054945054975,0.32507564827145863,-0.021757398611618562,-0.002747252747252748,18,3,0,-23,-1.3247179572447454,0.6623589786223728,0.6623589786223728,0.0,0.0,16296.333333333347
0,-0.5609756097560976,1,-0.006925624811803678,0.36350196690966907,0.001201201201201204,-0.0034628124059018373,19,3,0,-23,-1.3247179572447454,0.6623589786223728,0.6623589786223728,0.0,0.0,20223.190476190495
0,-0.6428571428571428,-1,-0.00774526678141136,0.41850846154806853,-0.023825589615063297,-0.003872633390705681,20,3,0,-27,-1.3247179572447467,0.6623589786223729,0.6623589786223729,-5.551115123125779e-17,0.0,25026.857142857163
0,-0.46153846153846145,-2,-0.005128205128205131,0.5501305809858096,-0.021992110453648916,-0.0025641025641025654,14,3,0,-21,-1.3247179572447467,0.6623589786223729,0.6623589786223729,-5.551115123125779e-17,0.0,27970.476190476213
0,-0.40000000000000013,0,-0.004255319148936173,0.4674521372149536,-0.018080808080808083,-0.0021276595744680847,14,3,0,-19,-1.3247179572447454,0.6623589786223728,0.6623589786223728,0.0,0.0,44361.1428571429
0,-0.5199999999999998,-1,-0.005252525252525252,0.3157604704173334,0.0,-0.0026262626262626267,19,1,0,-26,-1.0,1.0,0.0,0.0,0.0,34822.333333333365
0,-0.49090909090909096,0,-0.004503753127606338,0.38311070062588576,0.0,-0.00225187656380317,19,5,0,-27,-1.4142135623730958,1.4142135623730951,5.551115123125783e-17,-3.383269821237365e-17,-3.383269821237365e-17,34893.333333333365
0,-0.4800000000000002,-1,-0.003221476510067116,0.31744702429725696,-0.01494040429341423,-0.0016107382550335564,13,10,0,-36,-1.6638401882063008,1.4597234244685204,1.0000000000000002,-1.0,-0.9999999999999997,133101.09523809535
0,-0.5026178010471205,-2,-0.0026453568476164247,0.2620821417121217,-0.00579532031915897,-0.0013226784238082115,22,10,0,-48,-1.6638401882063008,1.4597234244685204,1.0000000000000002,-1.0,0.9999999999999998,324005.0000000003
0,-0.47272727272727266,-2,-0.002158572021585723,0.3600920115267549,-0.014421736036770012,-0.0010792860107928597,25,11,0,-52,-6.386829955684761,6.182713191946978,-1.0,1.0,-1.0,605700.8571428577
0,-0.4936170212765958,-1,-0.002109474449899982,0.29992819443180296,-0.018037643315396628,-0.001054737224949991,28,12,0,-58,-1.6638401882063012,1.4597234244685222,-1.0,1.0,-1.0,691033.0476190483
0,-0.46153846153846145,-1,-0.0019808517662594912,0.5075586666413467,-0.025317512496999678,-0.000990425883129746,26,15,0,-54,-1.9171825521252803,1.5147799980794716,-1.0,1.0,0.9999999999999996,720063.4761904769
0,-0.45569620253164556,0,-0.0014466546112115721,0.307639552020012,-0.01413547952917187,-0.0007233273056057865,39,15,0,-72,-1.8547373261541016,1.5838785256099999,-1.0000000000000002,1.0000000000000002,1.0000000000000002,2020559.1904761926
0,-0.4736842105263157,1,-0.0013891032566754127,0.34510744874963306,-0.005848301931533266,-0.0006945516283377064,37,14,0,-81,4.516017156824304,-4.762656466548089,1.0000000000000004,-1.0,-0.9999999999999996,2973535.7142857173
0,-0.5029585798816567,-2,-0.00149245869401085,0.38444061889563913,-0.017752662248709986,-0.0007462293470054259,44,28,0,-85,-2.1530959979017616,1.1380712338294812,1.1380712338294812,-1.0,-0.12161568412581614,2377870.6666666693
0,-0.44299674267100975,-1,-0.001447701773434673,0.4376965929991473,-0.019545518187096694,-0.0007238508867173361,32,29,0,-68,-2.289428670900964,1.250884914037096,1.250884914037096,-1.0,-0.16627662201924504,1695708.333333335
0,-0.4054982817869415,-2,-0.0013982699371963515,0.3897675793491647,-0.0198866912278609,-0.0006991349685981749,30,20,0,-59,23.5635610457414,-19.485042050950824,-19.485042050950824,-11.892014450288606,11.056314276493673,1414894.4761904776
0,-0.6164383561643836,-2,-0.0021183448665442724,0.359029581679667,-0.01369975205591644,-0.001059172433272137,52,25,0,-90,-2.258382642690433,1.5292284839413306,-1.0,0.7868233568523191,0.17757417145301718,1581633.809523811
0,-0.5066666666666666,1,-0.001694537346711259,0.3516411152273684,-0.013334425334425335,-0.0008472686733556299,39,25,0,-76,1.7865266215542164,-2.692414146073162,1.330839233169496,-1.0,-1.0,1581667.0952380968
0,-0.5471698113207548,0,-0.002593221854600731,0.496373149830141,0.009905660377358492,-0.0012966109273003668,25,20,0,-58,13.809108312522088,-14.490700303181413,1.4588731985111547,-1.0,-0.38864060392591615,435832.6190476195
0,-0.43157894736842106,-1,-0.002283486494012812,0.24597487962088876,-0.008771929824561403,-0.0011417432470064047,21,11,0,-41,-19.158492553231145,18.622685399294053,-1.0,0.9999999999999987,-0.23209642303145772,200403.90476190494
0,-0.45238095238095233,2,-0.002708867978329055,0.47875108272773015,-0.00848450491307634,-0.0013544339891645284,16,10,0,-38,30.340653440567834,-14.170326720283903,-17.170326720283903,1.0,-1.0,188632.14285714304
0,-0.4137931034482758,0,-0.0023918676499900347,0.3751114372513339,-0.0033437826541274814,-0.0011959338249950173,17,10,0,-36,1.7320508075688779,-1.7320508075688776,-1.0,1.0,-1.0,156583.42857142873
0,-0.5263157894736843,-3,-0.0030959752321981435,0.4315466331872436,0.0,-0.0015479876160990709,26,8,0,-45,11.073247302575602,-11.073247302575606,-1.0,1.0,-1.0,146217.47619047633
0,-0.4528301886792454,-2,-0.0028660138524002864,0.2533373201233193,0.006933213536987122,-0.0014330069262001432,17,8,0,-36,1.1892071150027215,-1.1892071150027212,-1.0,1.0,-1.0,119044.66666666679
0,-0.48684210526315774,-1,-0.0032241199024050197,0.3527082370483541,0.007550125313283207,-0.0016120599512025099,17,9,0,-37,1.4142135623730945,-1.4142135623730945,-1.0,1.0,-1.0,164503.0476190478
0,-0.460431654676259,0,-0.0033364612657699917,0.14713748544231636,-0.00959699772649413,-0.0016682306328849959,15,11,0,-32,-1.5337511687552052,1.283781665863539,-1.0,1.0,-1.0,102762.76190476201
0,-0.4516129032258063,-1,-0.003671649619722,0.1495466928429408,-0.02231928819392637,-0.0018358248098610018,13,11,0,-28,-1.5337511687552041,1.2837816658635381,-1.0000000000000002,-1.0,1.0,51407.09523809529
0,-0.5038167938931297,-1,-0.003875513799177919,0.2656356896719837,-0.030646968549391383,-0.0019377568995889612,22,8,0,-33,-1.4655712318767682,-1.0,1.0,-0.9999999999999999,0.9999999999999996,46998.52380952385
0,-0.3650793650793651,2,-0.002920634920634921,0.31561118950733036,-0.031837650885269936,-0.0014603174603174604,11,8,0,-23,-8.111079250886029,7.645508019009258,-1.0,1.0,0.9999999999999998,42285.047619047655
0,-0.5,2,-0.0034965034965034943,0.3690115778857304,-0.03706910648050066,-0.001748251748251748,18,13,0,-36,-1.7153441033560075,1.4719843808761073,-1.324717957244747,1.0000000000000002,-1.0000000000000002,77812.04761904769
0,-0.5103448275862068,1,-0.0035440613026819917,0.35087147544013947,-0.04786540403267754,-0.0017720306513409959,19,14,0,-37,6.792368378106492,-5.716098334281439,-3.2260422271168863,-1.0000000000000004,1.0,127333.57142857151
0,-0.44897959183673475,1,-0.00307520268381325,0.38905195408889603,-0.06141234658788022,-0.0015376013419066258,20,16,0,-33,-1.98098412653195,-1.427749980258711,-1.0,1.0,0.9292139613394641,120742.5238095239
0,-0.7000000000000002,1,-0.004402515723270439,0.3682809742536681,-0.0687930893700686,-0.0022012578616352205,37,16,0,-56,-2.0382091149190495,-1.1899620941581386,-0.9999999999999998,0.9999999999999993,0.9913410808817752,197521.04761904778
0,-0.7218934911242603,-1,-0.004296985066215831,0.41245928823343786,-0.09570034599896042,-0.0021484925331079173,38,21,0,-61,-2.1627944280185645,-1.2944575666210103,1.0555356124229442,1.0555356124229442,1.0000000000000002,343079.0000000003
0,-0.6369426751592357,0,-0.004082965866405356,0.4355871079296364,-0.09027763391005873,-0.002041482933202679,33,18,0,-50,-2.0885951722179708,1.0319521264751803,1.0319521264751803,-1.0,0.9999999999999996,250785.90476190497
0,-0.5442176870748301,1,-0.003727518404622125,0.40587713793620817,-0.11229934285962669,-0.0018637592023110616,22,14,0,-40,17.459019324729052,-14.782400201045041,-14.782400201045041,6.985344740207865,5.108151683009353,256891.52380952402
0,-0.6542056074766356,0,-0.006171751013930525,0.4762480948381667,-0.11849959692473115,-0.0030858755069652615,24,15,0,-35,-1.927069772011505,0.9431282836106035,0.9431282836106035,0.9286179484773751,-0.9081057463207164,67235.33333333339
0,-0.4731182795698925,1,-0.005142589995324912,0.6645580209512989,-0.09883263745742524,-0.0025712949976624596,16,12,0,-22,-1.724391259645831,0.95437703845571,-0.9340172840888513,0.8421979319246332,0.8421979319246332,27766.666666666686
0,-0.6000000000000001,-1,-0.006741573033707869,0.5957027493329993,-0.08533850408850409,-0.003370786516853932,21,7,0,-27,-1.5874010519682007,0.7937005259840999,0.7937005259840999,-1.2269870847376062e-16,0.0,18100.190476190488
0,-0.5897435897435899,1,-0.00765900765900766,0.43198450268533944,-0.05993080993080994,-0.00382950382950383,19,4,0,-23,-1.2599210498948723,-1.0,1.0,0.6299605249474364,0.6299605249474364,10607.523809523816
0,-0.5396825396825398,-1,-0.008704557091653863,0.2198853108576737,-0.03209876543209876,-0.004352278545826933,15,1,0,-17,-1.0,1.0,0.0,0.0,0.0,4791.333333333338
0,-0.6341463414634145,-1,-0.007828967178560669,0.3454405213598548,-0.024443036638158593,-0.003914483589280336,21,-4,0,-26,-68.86950401398994,68.86950401398992,6.283734662904692,-5.083648130432822,-5.083648130432822,10029.285714285723
0,-0.7422680412371132,-2,-0.007731958762886598,0.5037350912962077,-0.010352030970587673,-0.003865979381443299,21,6,0,-36,-1.8793852415718175,1.5320888862379558,-1.0000000000000002,1.0,0.3472963553338596,32640.952380952403
0,-0.6238532110091743,-3,-0.005776418620455314,0.3932929668972371,-0.00920192455682557,-0.002888209310227658,19,4,0,-34,-49.30309114823402,48.95579479290015,26.80507131000252,-26.80507131000252,0.3472963553338608,50132.6666666667
0,-0.6299212598425197,1,-0.00499937507811523,0.4671447177833982,-0.01708790202655795,-0.0024996875390576176,21,3,0,-40,21.848615250156424,-22.417172815171362,-3.01316712246593,1.7908623497945486,1.790862337686308,78084.57142857148
0,-0.6808510638297873,-1,-0.004863221884498482,0.5436897502748083,-0.029576433237193858,-0.002431610942249241,23,12,0,-48,-2.2328353845933417,1.5715285049177212,1.0000000000000004,1.0000000000000002,-1.0,117443.57142857152
0,-0.6891891891891893,-3,-0.004688361831218972,0.4894992902418693,-0.014659440257446903,-0.002344180915609487,26,12,0,-51,24.5579318232483,-25.219238702923914,1.000000000000001,1.0,-1.0,127263.04761904772
0,-0.6708860759493671,-2,-0.004273159719422721,0.47667262624884776,-0.006340726840881209,-0.0021365798597113607,29,10,0,-53,-1.9143903096595356,1.3731328531764566,-1.0,1.0,-1.0,152019.09523809535
0,-0.6442953020134228,-1,-0.0043533466352258295,0.4875269978858032,-0.0067252831104867945,-0.0021766733176129148,28,9,0,-48,14.107312213982429,-14.648569670465506,1.0000000000000002,1.0,-1.0,101777.04761904769
0,-0.5954198473282442,2,-0.004580152671755721,0.44665242485566625,0.0006158045163816902,-0.0022900763358778622,25,5,0,-39,55.92143023800336,-29.675269278920723,-27.675269278920723,-1.0,0.924563808082967,66439.47619047624
0,-0.5611510791366907,-3,-0.004066312167657175,0.3718656554930415,-0.03242020296166453,-0.0020331560838285894,24,12,0,-39,-1.748452289953606,1.128321736929753,-1.0000000000000007,-1.0,0.9999999999999999,83645.28571428577
0,-0.546875,1,-0.004306102362204724,0.49167526793919264,-0.05344977248298897,-0.0021530511811023627,22,13,0,-35,52.43586754857426,-53.01143660875353,-1.0528332732707277,-1.0,1.0,61543.57142857147
0,-0.49572649572649574,1,-0.004273504273504276,0.5923928623265509,-0.05649275057877209,-0.002136752136752136,20,10,0,-29,0.6839481967348595,-0.03005681921253034,-2.224944318772015,1.0000000000000002,-1.0000000000000002,37024.61904761907
0,-0.5166666666666668,0,-0.004341736694677875,0.3300012059199428,-0.06342486489545314,-0.0021708683473389357,20,15,0,-31,-1.9418761265448192,1.1747140940297824,-1.0981264308958951,0.9999999999999998,-0.9999999999999994,38420.85714285717
0,-0.5333333333333332,-1,-0.005128205128205131,0.2896653316969964,-0.08798163361478344,-0.0025641025641025637,16,15,0,-28,-1.941876126544821,1.1747140940297829,-1.0981264308958958,-1.0,0.9999999999999999,28212.47619047621
0,-0.4954128440366974,-1,-0.004587155963302735,0.5402325630125082,-0.12117826118313559,-0.0022935779816513754,13,17,0,-27,14.825735180761951,-9.739881142833216,-7.428714586890292,1.039222433618429,1.0000000000000007,32422.52380952383
0,-0.40000000000000013,0,-0.0036697247706422124,0.22249803968055926,-0.10723719638895741,-0.0018348623853211019,9,18,0,-22,7.463783552523624,-6.058905328714051,-3.747738772771122,1.039222433618431,-1.0,28917.238095238114
0,-0.4077669902912622,-1,-0.003997715591090805,0.4692428446159038,-0.07548991096595231,-0.0019988577955454027,17,4,0,-21,24.11551671363149,-19.41416943967751,-20.020041779827384,8.693896505573122,10.393866953667727,16311.809523809534
0,-0.5681818181818183,-2,-0.006530825496342731,0.4652302053722799,-0.024757014874915485,-0.003265412748171369,18,4,0,-25,-1.259921049894873,0.6299605249474359,0.6299605249474359,-2.3551386880256624e-16,0.0,11830.095238095246
0,-0.5050505050505052,-1,-0.00515357658214801,0.2727675124595662,-0.010166460019832454,-0.002576788291074006,19,1,0,-25,20.478927501141715,-20.978927501141712,0.4999999999999995,0.0,0.0,15535.666666666675
0,-0.5591397849462365,-1,-0.006077606358111267,0.5237085884986776,0.0,-0.0030388031790556337,24,0,0,-26,0.0,0.0,0.0,0.0,0.0,13095.380952380961
0,-0.4835164835164836,-2,-0.005372405372405371,0.24302562768093977,-0.022049845579257345,-0.0026862026862026853,17,-1,0,-22,10.363788566762924,-10.363788566762924,0.0,0.0,0.0,12565.666666666675
0,-0.6041666666666667,0,-0.0063596491228070165,0.21258550440008647,-0.04174901185770751,-0.0031798245614035082,23,2,0,-29,-0.9999999999999999,0.4999999999999995,0.4999999999999995,0.0,0.0,15273.666666666675
0,-0.49504950495049505,0,-0.004950495049504955,0.2962589838729624,-0.04627778048740834,-0.002475247524752475,19,5,0,-25,6.124806047438834,-6.520143041905905,-0.9999999999999999,0.47462661756260643,0.46035518845223455,20746.952380952396
0,-0.6226415094339623,0,-0.005929919137466311,0.6041719150885677,-0.04093756340028404,-0.002964959568733154,26,6,0,-33,-1.395336994467075,0.9999999999999999,-0.9999999999999999,0.4746266175626054,0.46035518845223417,31682.09523809526
0,-0.6666666666666667,0,-0.005747126436781613,0.4128984158541175,-0.08698442031775365,-0.0028735632183908046,28,12,0,-39,-1.8695875747465462,-0.9999999999999998,0.9999999999999996,0.85152455683151,0.85152455683151,53474.04761904766
0,-0.672268907563025,0,-0.0056971941318900415,0.39442871806606616,-0.09862047456032418,-0.0028485970659450225,28,15,0,-40,-2.0400418125015944,-0.9999999999999999,0.999999999999999,0.9575361501586763,0.9575361501586763,57533.80952380957
0,-0.5333333333333332,2,-0.004481792717086838,0.330463310094144,-0.10253355271647954,-0.0022408963585434163,21,13,0,-32,37.074925040369365,-38.07492504036935,1.0000000000000009,-1.0,1.0,55942.476190476234
0,-0.5846153846153845,-1,-0.00453190220632081,0.5101689325938048,-0.10909459027855394,-0.002265951103160405,24,14,0,-38,-1.9276005924136164,-1.0,1.0,0.9638002962068091,0.9638002962068091,67199.28571428577
0,-0.44628099173553704,1,-0.003719008264462812,0.4043177924800917,-0.11511558816620376,-0.0018595041322314043,13,16,0,-27,-33.65973105931339,30.579234244266082,0.9999999999999999,-0.9999999999999998,0.8828665329809735,60362.666666666715
0,-0.5161290322580645,2,-0.004196170993968009,0.25466356039748167,-0.1130315899211747,-0.002098085496984002,14,22,0,-32,-1.9590051784329168,-1.3242794180328452,1.0000000000000009,-1.0000000000000004,0.8526410481195017,79333.95238095244
0,-0.4833333333333334,0,-0.004061624649859949,0.3115485023354485,-0.05772568582561009,-0.0020308123249299717,17,11,0,-29,32.184453146679566,-21.44589975470103,-19.31979323429509,2.3387033342976435,2.3387033342976435,73041.6190476191
0,-0.6341463414634148,0,-0.005197920831667334,0.27773100389758865,-0.04751742195558574,-0.002598960415833666,28,15,0,-39,-1.7036230622050956,-1.0513557181292237,-1.0,1.0,-1.0,57044.52380952385
0,-0.625,-1,-0.005630630630630632,0.47962945239124444,-0.05663537851037851,-0.002815315315315315,24,12,0,-35,3.636255814467777,-6.384802773134172,1.0,-1.0,0.9999999999999999,39794.095238095266
0,-0.5523809523809524,-1,-0.005311355311355315,0.6235621415690105,-0.038137394768973716,-0.002655677655677656,19,10,0,-29,-1.353209964199325,-1.0000000000000016,-1.0000000000000002,-1.0,0.9999999999999998,35888.00000000003
0,-0.505050505050505,0,-0.00515357658214801,0.2829825642782039,-0.029223719044259657,-0.002576788291074006,15,9,0,-25,-1.220744084605761,-1.0,1.0,-1.0,-1.0,17928.714285714297
0,-0.43956043956043955,-1,-0.0048840048840048875,0.4400919348395409,-0.022049845579257345,-0.002442002442002442,11,7,0,-20,1.0000000000000009,-1.0,1.0,-1.0,1.0,11355.571428571435
0,-0.5121951219512195,-2,-0.006323396567299001,0.3220678659776756,-0.04893990116371752,-0.003161698283649504,14,5,0,-21,-1.2599210498948732,-1.0,1.0,-1.0,0.629960524947437,7262.095238095242
0,-0.56,-2,-0.00756756756756757,0.40906661454007776,-0.11584415584415586,-0.0037837837837837833,12,10,0,-21,-1.7099759466767004,-1.0,1.0,0.8549879733383496,0.8549879733383496,5971.523809523813
0,-0.5897435897435896,0,-0.007659007659007663,0.3192584025737918,-0.11141636141636141,-0.00382950382950383,13,10,0,-23,-1.7099759466766966,-1.0,1.0,0.8549879733383485,0.8549879733383485,6227.6190476190495
0,-0.46753246753246747,0,-0.006151742993848259,0.4994183991589435,-0.08685349737981317,-0.0030758714969241294,12,7,0,-18,-1.5874010519682031,0.7937005259840999,0.7937005259840999,-2.497583542030478e-09,2.4975834310081757e-09,6702.000000000004
0,-0.3500000000000001,-1,-0.004430379746835442,0.4056954787127811,-0.08109404681412795,-0.002215189873417723,11,3,0,-14,50.725599667277024,-51.51930019326112,-23.825246113315544,24.61894663553416,3.765472428822553e-09,10677.238095238103
0,-0.5384615384615383,0,-0.006993006993006992,0.36882848185048217,0.0,-0.003496503496503496,20,0,0,-21,0.0,0.0,0.0,0.0,0.0,8468.523809523816
0,-0.49411764705882355,1,-0.005882352941176474,0.2736022008442405,-0.023585434173669467,-0.0029411764705882353,20,1,0,-21,64.33561832248719,-64.83561832248718,0.4999999999999995,0.0,0.0,10885.00000000001
0,-0.5106382978723405,1,-0.00549073438572409,0.30497451662506153,-0.004677306966853683,-0.002745367192862045,23,0,0,-24,14.282508000209072,-7.141254000104534,-7.141254000104534,0.0,0.0,13394.285714285725
0,-0.44444444444444464,0,-0.004535147392290249,0.5699631134474386,-0.01833777894383955,-0.002267573696145126,20,5,0,-22,-0.9999999999999999,-0.9999999999999997,0.9999999999999993,0.4999999999999995,0.4999999999999995,17520.476190476205
0,-0.4631578947368422,0,-0.004927211646136617,0.2816136007107918,-0.018462658622841688,-0.0024636058230683086,15,1,0,-22,8.849351043140356,-7.89173371988987,-0.47880866162524227,-0.9788086616252416,0.4999999999999995,18368.28571428573
0,-0.6901408450704227,-1,-0.0048946159224852685,0.20706397715366875,-0.02115535321519283,-0.0024473079612426334,31,8,0,-49,37.33742558624992,-20.60523882511949,-18.345317775224615,0.6299605249474369,0.6299605249474369,109687.42857142867
0,-0.5068493150684932,1,-0.003495512517713746,0.5113418104782437,-0.03856647586694166,-0.001747756258856873,20,9,0,-37,22.354603515071247,-13.251636506888662,-10.898426542689338,0.7211247851537035,0.7211247851537035,104695.33333333343
0,-0.4625850340136053,-1,-0.0031683906439288045,0.42030922182178976,-0.0726046330262651,-0.0015841953219644022,18,11,0,-34,17.164830883250833,-20.101610634037893,0.7976231097945159,0.7211247851537042,0.7211247851537042,105374.04761904772
0,-0.5241379310344827,0,-0.003639846743295018,0.31954865286760153,-0.05980660590560867,-0.0018199233716475098,15,15,0,-38,-1.5479790245273646,-1.2599210498948716,0.6299605249474363,0.6299605249474363,0.5231642834163783,99258.95238095248
0,-0.3611111111111114,1,-0.002525252525252526,0.5585095809545753,-0.023476272283981345,-0.001262626262626263,13,4,0,-26,41.07366769188567,-34.478670711914376,-32.478670711914376,-31.931987121814373,32.951731110544614,94825.95238095247
0,-0.4755244755244754,0,-0.003348763912144191,0.5133447974895208,-0.013735250450299118,-0.0016743819560720965,20,7,0,-34,-1.193859111321222,-1.0,1.0,0.7515192323789432,0.7515192323789432,82784.23809523818
0,-0.4782608695652173,3,-0.0034909552523008543,0.5413733281412607,-0.001593725680219666,-0.0017454776261504289,22,0,0,-33,-44.49110897563614,44.49110897563611,-1.0000000000000009,0.49999999999999917,0.5000000000000002,73734.23809523816
0,-0.4716981132075473,0,-0.004492362982929024,0.496465156820511,-0.01259648370497427,-0.0022461814914645105,16,6,0,-25,-44.46867388084392,42.27481476952269,1.0,0.751519232378944,0.751519232378944,18927.33333333335
0,-0.41509433962264164,-1,-0.003953279424977535,0.22971195776436493,-0.002259601067942674,-0.001976639712488769,12,7,0,-22,20.968344612788524,-23.162203724109748,1.0,-1.0,1.0,24761.380952380976
0,-0.4271844660194175,2,-0.004188083000190369,0.2313062260997554,-0.012957430918595966,-0.0020940415000951845,13,5,0,-22,26.343168154603426,-28.537027265924646,5.695034348679812,-5.695034348679812,1.0,28498.000000000025
0,-0.509433962264151,0,-0.004851752021563346,0.3440571357636221,-0.01259012118423071,-0.0024258760107816702,20,4,0,-27,-1.0,1.0,-1.0,1.0,-0.9999999999999999,30802.190476190506
0,-0.3853211009174311,2,-0.003567787971457693,0.38905377873033326,-0.009970841334186756,-0.0017838939857288483,15,6,0,-21,34.45147733669474,-16.90234365044701,-16.90234365044701,-1.0000000000000002,0.17660498209966208,40261.00000000003
0,-0.5046728971962617,0,-0.0047610650678892585,0.3961260508132529,-0.037402936120606196,-0.00238053253394463,17,10,0,-27,-1.4526268788338437,1.1640351402897695,1.0000000000000004,-0.9999999999999998,0.14429586927203752,43577.09523809527
0,-0.574074074074074,-2,-0.00536517826237452,0.2334931003632607,0.0,-0.0026825891311872616,23,8,0,-31,-1.3160740129524908,1.3160740129524897,-0.9999999999999996,0.9999999999999989,4.3021142204224816e-16,34490.1904761905
0,-0.510204081632653,1,-0.005259835893120133,0.31668853965810306,0.0,-0.002629917946560068,19,8,0,-25,-1.316074012952493,1.3160740129524926,-1.0,1.0,4.440892098500626e-16,33311.85714285717
0,-0.3448275862068966,0,-0.004009623095429033,0.34835013454459657,0.012360883050538223,-0.002004811547714515,9,3,0,-15,10.031640629367994,-5.610423872185359,-4.4212167571826395,1.1102230246251565e-16,0.0,15700.142857142868
0,-0.4999999999999998,0,-0.005494505494505496,0.2619482956211825,-0.0299337555953813,-0.002747252747252748,14,12,0,-23,-1.7277535004007125,-1.0000000000000004,1.0000000000000004,0.6208530410085982,0.6208530410085982,22246.571428571442
0,-0.6458333333333333,0,-0.006798245614035081,0.4540583227774007,-0.05916505426309348,-0.003399122807017544,18,11,0,-31,-1.5905667404816288,1.0000000000000007,-1.0000000000000004,1.0,-0.9999999999999998,25896.190476190495
0,-0.6470588235294115,0,-0.006406523005241702,0.4485397333415667,-0.05567577793644691,-0.0032032615026208492,21,5,0,-33,19.17136790464136,-19.61361747494876,-1.0000000000000004,0.7211247851537042,0.7211247851537042,28632.33333333335
0,-0.7291666666666667,-3,-0.0076754385964912224,0.327117895942318,-0.06961529982363315,-0.0038377192982456147,20,10,0,-35,-1.4422495703074105,-1.189207115002721,1.1892071150027204,-1.0,1.0,30235.42857142859
0,-0.7047619047619049,-3,-0.0067765567765567785,0.3316179808080445,-0.0636381960191484,-0.0033882783882783875,22,10,0,-37,-1.3532099641993196,-1.2599210498948759,1.0000000000000004,-1.0,1.0,30520.952380952403
0,-0.5263157894736845,-1,-0.004657661853749412,0.32514938641056407,-0.08498989639340516,-0.0023288309268747085,12,12,0,-30,-1.6728880777578425,-1.2599210498948739,-1.0000000000000002,1.0,0.9037751050810159,28702.190476190495
0,-0.5,-2,-0.004347826086956526,0.44172689104794555,-0.034511735728774265,-0.0021739130434782605,16,10,0,-29,-1.6728880777578414,-1.0,1.0,-1.0,1.0,19182.238095238114
0,-0.5283018867924529,-2,-0.005031446540880502,0.27992449738597547,-0.08985769235491767,-0.002515723270440251,6,24,0,-28,-2.184959613419063,-1.5841506629350155,0.9999999999999993,-0.9999999999999991,0.9479829197549814,20346.190476190495
0,-0.5242718446601942,-1,-0.005139920045688168,0.4308224667761388,-0.08907086898355698,-0.002569960022844089,4,17,0,-27,-24.558349052129113,21.197149669840236,-1.0000000000000009,0.9999999999999986,0.8723109846380239,26003.714285714304
0,-0.5945945945945945,-2,-0.00540540540540542,0.430269039111324,-0.09285807856220374,-0.002702702702702703,8,20,0,-33,4.536972443436786,-7.616781249128952,-1.0,1.0,0.9818002439252946,26573.428571428587
0,-0.5454545454545454,-2,-0.004545454545454542,0.49030395120865494,-0.1671833983550075,-0.0022727272727272726,6,17,0,-33,36.01155870263389,-18.493232799127938,-17.991229253827193,-20.348438062124647,17.998468378529314,71545.71428571435
0,-0.5820895522388057,0,-0.004376613174727864,0.4284007173224813,-0.21291160353265084,-0.002188306587363932,8,26,0,-39,40.9984114703628,-42.49841147036277,7.409574485064936,-6.909574485064936,0.9999999999999997,132014.28571428583
0,-0.7142857142857144,-1,-0.00513874614594039,0.4260203525620063,-0.22752342701294562,-0.002569373072970195,12,33,0,-50,8.878504548812987,-4.439252274406492,-4.439252274406492,-1.000000000000001,-1.0000000000000002,181876.76190476207
0,-0.6887417218543046,-1,-0.004591611479028699,0.6828897363297146,-0.20855295545105007,-0.002295805739514349,15,42,0,-52,-3.075644553789098,1.5365999883522798,1.5365999883522798,-0.948769121584036,0.5126606424455252,260065.09523809547
0,-0.563758389261745,0,-0.0038091783058225998,0.38553517973449536,-0.21180327677402358,-0.0019045891529113016,10,31,0,-42,18.28204462449824,-19.79332439358012,-13.585474594723193,16.081071564550818,-1.0043440990197499,168497.142857143
0,-0.5850340136054419,-3,-0.0040070822849687816,0.5285559589225599,-0.18531997642273332,-0.0020035411424843908,11,37,0,-43,-2.887508268527901,1.395325150649852,1.395325150649852,-1.0916805409836003,-1.0916805409836003,129239.14285714296
0,-0.6753246753246751,0,-0.0044138867668279454,0.5250572993210407,-0.16011726397064743,-0.002206943383413971,23,32,0,-52,-2.703410892817115,1.3233110352712059,1.3233110352712059,1.0279088548365454,1.0000000000000002,207760.47619047636
0,-0.6400000000000001,-1,-0.0042953020134228175,0.30940275773652426,-0.14758006719410227,-0.0021476510067114096,23,27,0,-48,-2.4489921002345447,1.1767473127544206,1.1767473127544206,1.0000000000000004,-1.0000000000000002,127562.00000000009
0,-0.5833333333333333,1,-0.00407925407925408,0.48719080486556143,-0.10295389060739937,-0.00203962703962704,25,17,0,-42,-2.009108370862051,1.0000000000000007,-1.0000000000000002,1.0,-1.0,96882.80952380958
0,-0.6711409395973156,-1,-0.004534736078360241,0.5375863970797004,-0.08127260893431823,-0.0022673680391801197,34,14,0,-50,71.33893309442453,-35.64205506864002,-37.64205506864002,-0.9999999999999993,0.9999999999999984,115653.90476190485
0,-0.653061224489796,-3,-0.004473022085546547,0.3999406826257303,-0.06352582315315235,-0.0022365110427732737,31,14,0,-48,-1.6070009994339125,1.0,-0.9999999999999998,-0.9999999999999996,0.9289502743708147,107482.19047619056
0,-0.6106870229007633,-2,-0.004697592483852027,0.5011346430998967,-0.0516812674277613,-0.0023487962419260133,27,11,0,-40,-1.5727371276131548,0.9999999999999993,-0.9999999999999989,0.8073787887969851,0.8073787887969851,80238.380952381
0,-0.6029411764705881,1,-0.004466230936819174,0.3862359271084859,-0.04661303545808567,-0.0022331154684095854,24,11,0,-41,-1.6353959317932243,-1.0,0.9999999999999996,-0.9999999999999996,0.8254577851257279,76634.76190476195
0,-0.4925373134328359,0,-0.0037032880709235785,0.3422251451710627,-0.04359156597962568,-0.0018516440354617893,13,9,0,-33,-1.7476236012187942,-1.0,1.0,-1.0,1.0,49515.57142857146
0,-0.519083969465649,0,-0.003992953611274216,0.3778123763657423,-0.052261057032049404,-0.0019964768056371105,14,11,0,-34,-1.8366242216602537,-1.0000000000000009,1.0000000000000004,-1.0,1.0,42078.380952380976
0,-0.5142857142857142,0,-0.0036998972250770843,0.29607527074728535,-0.04890464014087145,-0.0018499486125385413,17,11,0,-36,-1.8366242216602533,-1.0000000000000002,1.0,-1.0,0.9999999999999994,51312.00000000003
0,-0.4492753623188406,1,-0.003279382206706866,0.393485524717616,-0.037773482759457515,-0.001639691103353433,15,9,0,-31,-1.6543961542965397,-1.0,-1.0,1.0,-1.0,40064.76190476193
0,-0.421875,-1,-0.003321850393700785,0.4491078699777774,-0.017614044540229884,-0.0016609251968503934,19,3,0,-27,30.14015848759659,-16.700039768745736,-16.700039768745736,0.9999999999999956,-1.0,14537.761904761916
0,-0.421875,2,-0.0033218503937007832,0.511195705413656,0.00026105808702791417,-0.0016609251968503942,19,3,0,-27,17.77168505023583,-17.771685050235824,-1.0,1.0,-1.0,13564.904761904774
0,-0.47540983606557363,1,-0.0039290069096328435,0.4509898704368268,-0.03283589209818718,-0.00196450345481642,21,5,0,-29,-1.000000007704337,-1.0,-1.0,0.999999999999999,-0.9999999922956665,10575.761904761914
0,-0.5346534653465347,0,-0.005346534653465346,0.4441780834111155,-0.054584920030464584,-0.002673267326732672,19,7,0,-27,-1.442249570307409,-1.0,1.0,-0.9999999999999996,0.7211247851537044,8848.523809523816
0,-0.415841584158416,1,-0.004158415841584157,0.3979852646505641,-0.05457303239481457,-0.0020792079207920785,13,7,0,-21,-1.4422495703074085,-1.0000000000000024,-1.0,1.0,0.7211247851537044,10778.809523809532
0,-0.44680851063829796,0,-0.004804392587508578,0.22517714620114065,-0.058663074514138346,-0.0024021962937542905,14,10,0,-21,-1.5687061164608311,-1.0,1.0,-0.8754430365753704,0.652973343060536,6456.095238095243
0,-0.33684210526315805,0,-0.00358342665173572,0.30721573750231784,-0.04926406926406926,-0.0017917133258678608,9,9,0,-16,-1.447226472099999,-1.0,1.0,-0.8158799427849397,0.6807441711194981,4429.380952380956
0,-0.4190476190476191,0,-0.004029304029304032,0.43065354249867555,-0.041376497898237025,-0.0020146520146520144,14,9,0,-22,-1.4472264720999994,-1.0,1.0,-0.8158799427849395,0.680744171119498,6847.285714285719
0,-0.47619047619047605,-1,-0.0038095238095238113,0.12152425596582497,-0.07708677013065436,-0.0019047619047619048,17,14,0,-30,-1.8612221734565275,-1.0000000000000009,-1.0000000000000007,1.0000000000000004,0.7775969457132916,21486.666666666686
0,-0.484375,1,-0.003813976377952756,0.3561800636381802,-0.07546647774784118,-0.001906988188976378,16,17,0,-31,-50.30614379485043,47.29003246763929,1.0000000000000004,-0.9999999999999989,0.9226625521382307,35147.80952380955
0,-0.5,0,-0.004065040650406502,0.4588784638444021,-0.07002752347273221,-0.0020325203252032527,17,10,0,-31,58.67600580818593,-31.16775188729075,-29.16775188729075,-0.9999999999999998,0.8872209061887139,34979.1904761905
0,-0.3801652892561984,-1,-0.003168044077134991,0.5000539699589499,-0.018858966563486738,-0.001584022038567493,17,6,0,-23,14.836125138214754,-16.92579651744408,0.8081275334937679,-1.191872466506232,0.9293164906031477,23214.66666666668
0,-0.5378151260504203,-2,-0.004557755305512029,0.2671345612224001,-0.030939578896692774,-0.002278877652756018,19,9,0,-32,-1.3247179572447456,-1.1486983549970353,1.0000000000000002,-0.9999999999999999,0.9293164906031477,18838.66666666668
0,-0.3396226415094339,-1,-0.003234501347708892,0.3740305966533265,-0.032904437269236,-0.0016172506738544477,12,4,0,-18,7.738891208029331,-8.332613845079258,-6.332613845079259,1.8008092624422207,3.6098262568171675,15859.333333333343
0,-0.47933884297520657,-2,-0.003994490358126726,0.2710231801225537,-0.02130034648687816,-0.0019972451790633604,18,7,0,-29,-1.0,1.0,-0.9999999999999996,-0.9999999999999996,0.8090169943749477,24437.476190476205
0,-0.45999999999999996,0,-0.00464646464646465,0.23783210941886437,-0.033454844006568146,-0.0023232323232323234,11,8,0,-23,-1.259921049894873,-1.0,1.0,-0.9999999999999998,0.809016994374947,12769.714285714294
0,-0.40384615384615397,-1,-0.003920836445108289,0.47092346678533104,-0.03373015873015873,-0.0019604182225541446,14,5,0,-21,-1.4422495703074085,-1.0000000000000002,1.0,-1.0,0.7211247851537042,8322.190476190483
0,-0.44036697247706424,-1,-0.004077471967380227,0.4895910494561223,-0.021644747744083398,-0.0020387359836901127,13,11,0,-24,-1.4422495703074123,1.3160740129524933,-1.3160740129524926,-1.0,0.7211247851537047,10754.00000000001
0,-0.44067796610169485,0,-0.003766478342749532,0.3907132132319251,-0.029709167950693376,-0.0018832391713747643,14,9,0,-26,41.0778368752586,-43.70929356056873,21.52668030285759,-21.33747318785487,-1.0,14771.714285714297
0,-0.49572649572649574,-1,-0.004273504273504272,0.5356168929523732,-0.029963092463092464,-0.002136752136752137,18,10,0,-29,-9.599803621207657,6.968346935897525,1.1892071150027206,-1.0,1.0,14058.714285714297
0,-0.421875,0,-0.003321850393700785,0.46842429313918876,-0.043013202347083924,-0.0016609251968503934,14,15,0,-27,-39.28814488365979,38.81410005989104,-1.1892071150027217,1.0000000000000002,-1.0,34195.47619047621
0,-0.33823529411764697,2,-0.0025054466230936805,0.4001628648707346,-0.024940413417816575,-0.0012527233115468411,10,3,0,-23,62.61233826613762,-65.56239313380318,37.63060343021765,-37.85186982122198,-7.56907807078151,41071.333333333365
0,-0.40000000000000013,0,-0.0031007751937984513,0.4923852380555789,-0.035977896747127515,-0.0015503875968992257,10,10,0,-26,-67.69418793653003,64.7441330688644,28.004235927358508,-27.89147306538067,-9.613772263679975,29048.714285714304
0,-0.22695035460992896,3,-0.00162107396149949,0.322282149856905,-0.04739673844805259,-0.0008105369807497468,3,9,0,-16,15.891119099913674,-9.99920220728843,-7.9057066494945465,-1.0000000076061624,-0.9999999923938397,41128.619047619075
0,-0.32432432432432434,3,-0.002206287920573636,0.15178037668047453,-0.05861482185011597,-0.001103143960286817,6,11,0,-24,2.558668416331475,-5.967267459173442,-1.0000000000000009,1.0000000000000007,-1.0000000000000007,40129.428571428594
0,-0.37869822485207094,1,-0.0022541561003099446,0.27381211908770653,-0.0742784458233715,-0.0011270780501549732,8,15,0,-32,-48.5763038536228,45.001028469553226,15.450537211938618,-17.68199583955472,1.0000000000000007,96332.71428571436
0,-0.335329341317365,3,-0.002020056272996177,0.41449728619435194,-0.08178032268933173,-0.0010100281364980876,9,3,0,-28,30.687030428473967,-19.57481792444771,-19.18824256331392,11.939669423561755,9.939669423561753,109301.85714285722
0,-0.3908045977011494,1,-0.00225898611387948,0.21727034402226303,-0.08049943249869883,-0.0011294930569397382,10,20,0,-34,-2.0636734280237103,-1.6180339887499,-1.0000000181120055,1.0000000000000022,-1.000000000000001,85924.28571428578
0,-0.3398058252427183,3,-0.0016575893914278945,0.31185603226840974,-0.09487230322054031,-0.0008287946957139473,16,21,0,-35,34.36710466492901,-38.03274498881706,-26.058844326251016,26.058844326251005,4.656725794172475,172581.04761904778
0,-0.6297872340425532,1,-0.0026913984360792884,0.3433126484522612,-0.15785298909726597,-0.0013456992180396437,33,39,0,-74,22.929434179421765,-27.501355202096132,13.03173511777127,-10.349150144743048,-1.03436174480957,563445.7619047624
0,-0.4871794871794872,1,-0.002090899086607238,0.4634758411885835,-0.15293458675165822,-0.0010454495433036208,23,27,0,-57,38.25545651219408,-39.08182578472659,-35.9168228399357,29.742633603712864,27.347276145743383,677878.80952381
0,-0.6497890295358648,-1,-0.002753343345490952,0.41331942628484514,-0.16046624863682568,-0.0013766716727454768,30,44,0,-77,-2.8525589124720656,-1.7893274734940314,-1.618033988749896,1.3853787187868931,1.3853787187868931,764789.4285714291
0,-0.6698564593301435,-1,-0.0032204637467795373,0.451166392705389,-0.1478377037657813,-0.0016102318733897678,33,35,0,-70,26.22708816352612,-30.638699340646717,-1.6180339887498913,1.257830496419655,1.257830496419655,498984.23809523846
0,-0.691588785046729,-1,-0.003246895704444739,0.329142929969361,-0.13769566583493698,-0.0016234478522223687,33,33,0,-74,-2.6123020909135826,-1.6766080636546292,-1.618033988749897,1.2577553885958523,1.2577553885958523,500422.47619047656
0,-0.6930693069306932,-1,-0.0034481060046303146,0.4340690545684298,-0.14153821071410339,-0.0017240530023151569,30,36,0,-70,-2.5907779548759473,-1.6189338833224256,-1.6180339887498945,1.2560012467541037,1.2560012467541037,423918.666666667
0,-0.670967741935484,-2,-0.0043569333891914554,0.6143619505616015,-0.12267639326545357,-0.002178466694595727,27,27,0,-52,-2.2869020720511064,-1.6180339887498927,-1.4140135402099117,1.0862529491194577,1.0862529491194577,171680.61904761917
0,-0.5546218487394958,-1,-0.0047001851588092825,0.41291384669204884,-0.05048201098621266,-0.002350092579404644,18,9,0,-33,-1.6180339887498971,-1.1938591113212254,-0.9999999999999994,0.7515192323789437,0.7515192323789437,46090.000000000044
0,-0.45871559633027514,-1,-0.004247366632687729,0.22896322399434907,-0.030666994527908827,-0.0021236833163438672,16,8,0,-25,-1.6180339887498953,-1.1486983549970355,-1.0000000000000009,0.9293164906031461,0.9293164906031461,12324.619047619059
0,-0.49557522123893816,-2,-0.004424778761061947,0.4162643266143687,0.00025098534989216603,-0.0022123893805309734,24,7,0,-28,-1.1486983549970355,-0.9999999999999996,0.9293164906031464,0.9293164906031464,0.4999999999999997,7828.476190476197
0,-0.3471074380165289,-1,-0.0028925619834710755,0.4607574717178017,0.0,-0.0014462809917355378,17,5,0,-21,-1.1486983549970353,0.9293164906031477,0.9293164906031477,-0.3549673131046301,-0.3549673131046301,8629.714285714294
0,-0.318840579710145,-1,-0.0023273035015339057,0.3700515087983973,-1.7848218747769026e-05,-0.001163651750766952,12,11,0,-22,-1.5337511687552015,1.2837816658635377,-1.0,1.0,0.12498475144583315,12348.190476190484
0,-0.4078947368421053,-1,-0.0027012896479609635,0.2966345329444051,-0.008783657003471246,-0.0013506448239804809,17,10,0,-31,-28.218493205183442,27.777491840451596,14.802713700020835,-12.639452917398327,-1.0,24962.190476190495
0,-0.35897435897435903,0,-0.0023159636062861887,0.3073685492976619,-0.021387871387871387,-0.0011579818031430935,13,14,0,-28,-1.6971850721753146,1.0915359778549547,1.0915359778549547,-1.0,0.9999999999999996,24591.190476190495
0,-0.3694267515923566,-3,-0.0023681202025151067,0.3205362312284079,-0.03399745706148656,-0.0011840601012575534,11,17,0,-29,-1.7859420426515524,1.0149076648297453,1.0149076648297453,-1.0000000000000009,1.0000000000000002,33813.76190476194
0,-0.485207100591716,1,-0.002888137503522119,0.460498637791043,-0.0017133753820144336,-0.0014440687517610594,22,14,0,-41,20.41881098852425,-12.05922337043536,-10.05922337043536,0.9999999999999998,-0.9999999999999998,48899.90476190481
0,-0.44705882352941173,1,-0.002645318482422554,0.42999281054511224,-0.012872225813402286,-0.0013226592412112778,20,14,0,-38,-1.6038249875376067,-1.0,1.0,-1.0,1.0,51204.476190476234
0,-0.4606060606060607,0,-0.00280857354028086,0.6572779847542312,-0.018200018200018202,-0.0014042867701404282,21,13,0,-38,-1.5305719098387482,1.000000000000001,1.0000000000000009,-1.0,1.0,49318.61904761909
0,-0.4057971014492754,-1,-0.002962022638315881,0.4163004735666756,-0.02418203776899429,-0.0014810113191579396,17,6,0,-28,-1.259921049894873,1.0,1.0,-1.0,-0.9999999999999999,20248.190476190495
0,-0.32352941176470607,0,-0.002396514161220045,0.21178939932317115,-0.044164199328229625,-0.0011982570806100216,11,9,0,-22,-1.259921049894874,-1.0,1.0,-1.0,1.0,19914.619047619064
0,-0.4275862068965517,0,-0.002969348659003829,0.3467932881533851,-0.07961659243606505,-0.0014846743295019154,17,16,0,-31,-1.709975946676698,-1.2599210498948732,-1.0000000000000007,1.0000000000000002,1.0000000000000002,33759.28571428574
0,-0.3380281690140845,1,-0.0023973629008091114,0.33324296887847554,-0.10881897994574051,-0.0011986814504045549,14,15,0,-24,11.234913739653434,-9.776483788853673,-9.776483788853673,3.159026919026955,5.159026919026955,37551.571428571464
0,-0.18840579710144945,2,-0.0013752247963609437,0.3759249494357098,-0.06347416436930503,-0.0006876123981804719,6,13,0,-13,12.163479962910275,-11.672273752823978,-2.404137392858681,1.0,-0.9999999999999996,29861.047619047644
0,-0.3194444444444444,2,-0.0022338772338772305,0.31247996025171976,-0.013414471257608512,-0.001116938616938617,13,5,0,-23,31.38183939776107,-30.00071047862356,-0.911689244722452,-2.911689244722452,1.0,34024.57142857146
0,-0.3790849673202612,0,-0.002493980048159615,0.3156858081432289,-0.06651028975275747,-0.0012469900240798075,13,9,0,-29,10.874914178473498,-13.9045648007491,5.163514335179883,5.163514335179883,-5.163514335179871,51618.190476190524
0,-0.49723756906077377,1,-0.0027624309392265192,0.4121829748789747,-0.05434040074924053,-0.0013812154696132605,17,31,0,-45,-2.124562581509733,1.1898445331400658,1.1898445331400658,-1.0000000000000013,1.0000000000000007,178169.71428571444
0,-0.6502463054187195,0,-0.0032190411159342524,0.2789097336968898,-0.09210443018940556,-0.001609520557967127,18,35,0,-66,-2.4136086758712696,1.1086288351825178,1.1086288351825178,-1.0000000000000004,-1.0000000000000002,421777.71428571467
0,-0.7219917012448136,-2,-0.0030082987551867226,0.39559232715882664,-0.08448982319937318,-0.0015041493775933613,40,38,0,-87,-2.4115183698587064,1.1557937488870778,1.1557937488870778,-1.0,1.0,926600.857142858
0,-0.6019417475728155,2,-0.001954356323288362,0.36309054984952877,-0.11228440005081279,-0.000977178161644181,34,45,0,-93,80.82158242478428,-42.147397662570846,-39.092262024799105,-14.68462126888192,-17.039363776915724,2855846.428571431
0,-0.7560975609756095,-1,-0.0023122249571119547,0.5207040011171559,-0.14028634803179507,-0.0011561124785559782,56,60,0,-124,-21.733622782099143,16.923433101210875,9.897411772294634,-7.248507617687877,1.0806427631407605,3791100.3333333367
0,-0.7242339832869078,-3,-0.002022999953315386,0.46646948593437976,-0.1433478197570026,-0.0010114999766576926,59,63,0,-130,-7.119117263922045,2.2210398014358663,1.420024382396735,1.420024382396735,1.0290143488463546,4968397.333333338
0,-0.5957446808510638,0,-0.0015886524822695059,0.3927198972228277,-0.12180562998032203,-0.0007943262411347516,49,52,0,-112,-23.658636296349698,18.89803169590322,13.264587554594677,-10.617411463432154,1.0567142546419772,4752875.47619048
0,-0.6684931506849316,0,-0.0018365196447388214,0.45086238466434514,-0.11581781904107985,-0.0009182598223694111,66,47,0,-122,-3.0237315458935825,-1.4626895044256678,1.2851892691650526,1.2851892691650526,0.9999999999999997,4393738.619047623
0,-0.6704545454545454,1,-0.0019101269101269112,0.3478911169665032,-0.10399725592057173,-0.0009550634550634552,71,42,0,-118,-2.8136584819566166,-1.5916574689982481,1.3734462944107197,1.3734462944107197,-1.0,4008794.333333337
0,-0.7586206896551722,0,-0.0021862267713405534,0.416494923809338,-0.08506760936836054,-0.0010931133856702776,84,40,0,-132,17.83151641941324,-22.149045533526717,1.314486412835481,1.314486412835481,1.0000000000000004,3508722.3809523843
0,-0.7628205128205128,-2,-0.00245279907659329,0.291401897809401,-0.056639360727912785,-0.0012263995382966442,86,25,0,-119,-2.313822970755667,-1.239466396853581,1.0,-1.0,-0.9999999999999998,1854371.7142857162
0,-0.6578073089700998,-2,-0.0021926910299003314,0.41191017561395643,-0.0758289761461719,-0.0010963455149501661,67,29,0,-99,12.816743270296307,-9.109581857552737,-6.541674345428034,1.163814857424473,-1.0,1255132.8095238106
0,-0.6894197952218428,-2,-0.0023610266959652156,0.4479909378440472,-0.07487904915873302,-0.0011805133479826082,63,34,0,-101,-2.7680951756701093,-1.605132052630619,1.0812135072273585,1.0812135072273585,1.0000000000000013,1305876.2857142868
0,-0.7357859531772575,-2,-0.0024690803797894545,0.33527672206497183,-0.09444756662667499,-0.0012345401898947277,64,41,0,-110,13.407231670273848,-17.919776095856825,1.2103783725624555,1.2103783725624555,1.0000000000000009,1753872.714285716
0,-0.6225165562913908,1,-0.0020681613165826947,0.5314829173547471,-0.08924358715629564,-0.001034080658291347,54,40,0,-94,30.729324386238517,-30.787325869199467,-1.1090416404239987,-1.1090416404239987,1.000000000000001,1667148.9047619062
0,-0.6837060702875399,-2,-0.00219136560989596,0.41572329647234174,-0.09895545267489882,-0.0010956828049479804,58,41,0,-107,-2.8266975222878674,-1.8810096231940743,1.3687083228470125,1.3687083228470125,-1.0000000000000007,1831537.0476190494
0,-0.5510835913312693,1,-0.001711439724631272,0.4101607033863291,-0.10941076061958241,-0.0008557198623156356,35,56,0,-89,-3.0453693912377364,-1.5809134490191563,1.2836423440954547,1.2836423440954547,-1.2207440846057613,2061343.761904764
0,-0.601880877742947,0,-0.0018927071627136702,0.33588683145208187,-0.12582845325502548,-0.0009463535813568342,35,51,0,-96,4.342712845898747,-9.21057621436701,-1.465571231876768,1.395640087170904,1.395640087170904,1864307.4285714305
0,-0.6982248520710057,-2,-0.0020718838340385935,0.2979586116114027,-0.07152553243567185,-0.0010359419170192967,61,53,0,-118,-2.716125188166029,-1.6283578894321609,-1.4655712318767693,1.010205304484849,1.010205304484849,2979566.3333333363
0,-0.5982905982905982,0,-0.0017094017094017085,0.4409223182574475,-0.056660046901768145,-0.0008547008547008547,46,42,0,-105,5.682009811173171,-9.03883858096408,-6.53370093063259,6.280430034418284,4.24086361596356,3642721.333333337
0,-0.7155425219941347,-2,-0.0021045368293945146,0.4996453024573589,-0.11620256919609141,-0.0010522684146972569,56,50,0,-122,-3.036684474319467,-1.4655712318767686,1.0558251232168296,1.0558251232168296,1.0000000000000022,4258824.523809528
0,-0.7378048780487805,-1,-0.002256284030730216,0.5205378519337379,-0.1065803356877048,-0.001128142015365108,58,47,0,-121,-3.0605387826501866,-1.4655712318767689,1.0316449081875847,1.0316449081875847,1.0000000000000004,3750683.5714285746
0,-0.7051671732522797,-2,-0.0021498999184520707,0.5527323875330301,-0.10802235083810703,-0.0010749499592260358,52,48,0,-116,40.72305370770043,-20.518284784253865,-23.455274500577417,-2.8560525412474,1.881839766033234,3893103.8571428605
0,-0.7641791044776118,-1,-0.0022879613906515344,0.4202682892748289,-0.13838606650148497,-0.0011439806953257663,51,68,0,-128,-43.20459892901193,38.09622071098031,1.2810066734383612,1.2810066734383612,1.0083788362731951,5297238.857142862
0,-0.9132947976878614,-1,-0.0026472312976459746,0.5490903206156632,-0.20523468060205205,-0.0013236156488229873,58,91,0,-158,-4.002164603291662,-1.6723816444644508,1.6373340425326202,1.6373340425326202,0.9840425437488003,6900660.904761911
0,-0.9426751592356688,-3,-0.003011741722797664,0.549527735962237,-0.21787265089118718,-0.001505870861398832,56,86,0,-148,-53.901332654365945,48.16210300681505,1.706257226169607,1.706257226169607,0.9546635929558811,4769488.000000005
0,-0.8467153284671531,1,-0.0031015213496965307,0.4490081761469718,-0.2084930024796268,-0.0015507606748482662,38,71,0,-116,-88.70119712049558,83.2153550977092,1.6206165658861704,1.6206165658861704,-1.0000000000000007,2209512.095238097
0,-0.772563176895307,2,-0.002799141945272852,0.4543563740220507,-0.1805907849625351,-0.0013995709726364255,38,68,0,-107,39.82122416486051,-41.88647701255368,-4.936355787784345,4.9855609799094855,1.000000000000002,1541228.571428573
0,-0.7014925373134326,1,-0.0026273128738330837,0.449461698137463,-0.16191376926984602,-0.001313656436916541,30,61,0,-94,-3.556511715399274,1.5098011040437345,1.5098011040437345,-1.0000000000000002,1.0000000000000002,1183218.1428571441
0,-0.7470817120622566,-1,-0.00291828793774319,0.38653785177618155,-0.1688480157436341,-0.001459143968871595,33,47,0,-96,-3.419951893353404,1.709975946676698,1.709975946676698,1.0,-1.0,932329.6190476199
0,-0.6228070175438594,0,-0.0027436432490918943,0.508109864102154,-0.12612482570993028,-0.0013718216245459467,29,29,0,-71,19.253260714718138,-20.695510285025538,1.4422495703074065,-1.0000000000000062,1.0000000000000002,394025.76190476224
0,-0.449438202247191,2,-0.0025391988827524904,0.5301999377690327,-0.06814392815279864,-0.001269599441376246,24,14,0,-40,9.032322620541578,-11.786604203789647,-1.0000000000000004,1.0000000000000002,1.0,126008.76190476204
0,-0.6162790697674418,-2,-0.0036039711682306543,0.365128939025652,-0.0443297453620371,-0.0018019855841153272,36,14,0,-53,-1.5727371276131548,-1.0000000000000002,1.0,0.9999999999999999,-0.9999999999999998,126416.66666666679
0,-0.5714285714285714,-1,-0.003284072249589492,0.5434502360704038,-0.07204353138151048,-0.0016420361247947452,28,15,0,-50,-1.980020925828316,1.0192125603165647,1.0192125603165647,-0.3939444672407232,0.1677701362179558,136259.4285714287
0,-0.5783132530120483,-3,-0.0035049288061336243,0.46146806154292586,-0.0638984093121397,-0.001752464403066813,26,15,0,-48,-1.9715214308112077,1.0000000000000009,-1.0000000000000007,0.9677960333910827,0.9677960333910827,111822.66666666677
0,-0.5595238095238095,-1,-0.0033504419731964635,0.5734441302017941,-0.049248825074296766,-0.0016752209865982318,29,15,0,-47,-1.9715214308112081,1.0,-0.9999999999999999,0.9677960333910813,0.9677960333910813,110884.71428571438
0,-0.5783132530120483,-1,-0.0035049288061336243,0.3503324202487222,-0.05065668077716271,-0.001752464403066813,31,16,0,-48,-1.8951043657870361,1.0000000000000004,-0.9999999999999997,0.9999999999999993,-0.9999999999999993,79961.14285714293
0,-0.631578947368421,0,-0.0037151702786377694,0.21512583143656358,-0.1037647429460295,-0.0018575851393188856,31,24,0,-54,-2.1249141586098377,-1.215314134248675,-1.0,1.0,0.9999999999999999,136276.00000000012
0,-0.5555555555555554,-1,-0.003103662321539415,0.38670987942518337,-0.12360146054792152,-0.0015518311607697084,28,25,0,-50,43.14686334212805,-46.666161480570565,1.1183205966386618,1.1183205966386618,-1.000000000000001,201068.38095238112
0,-0.5841584158415842,0,-0.0029062607753312627,0.2873994806817881,-0.10684337515115401,-0.0014531303876656322,33,29,0,-59,-2.4323497049874296,-1.2052114582333247,1.1232940566622238,1.1232940566622238,1.0317260503239265,313719.6190476193
0,-0.5836909871244635,1,-0.0025159094272606177,0.25792887774353834,-0.07186947637752764,-0.0012579547136303089,47,24,0,-68,-2.207527278919869,-1.128619344379149,1.0461469038157913,1.0000000000000004,1.0000000000000004,454803.9047619052
0,-0.6285714285714286,-1,-0.0025761124121779864,0.4065488041256392,-0.07555922761782109,-0.0012880562060889928,58,22,0,-77,-2.1364307002415557,-1.1881471896668618,1.0390417832872079,1.0390417832872079,1.0000000000000009,557349.6190476195
0,-0.4942084942084941,1,-0.0019155367992577301,0.3083558608369062,-0.0681222644680968,-0.0009577683996288646,44,23,0,-64,-2.136430700241564,-1.188147189666858,1.0390417832872072,1.0390417832872072,-1.0000000000000009,526157.0952380956
0,-0.5603112840466926,-2,-0.002188715953307393,0.24080799473549255,-0.06904011529784017,-0.0010943579766536965,53,20,0,-72,-2.048561667542466,-1.2149627107616372,0.9999999999999998,-0.9999999999999998,-0.9999999999999996,648448.2380952387
0,-0.5377049180327869,2,-0.0017687661777394297,0.23367728921367095,-0.04154227551469789,-0.0008843830888697153,40,11,0,-82,9.83766232296267,-12.455696311712568,0.9999999999999999,-0.9999999999999999,0.9999999999999998,1140163.3333333344
0,-0.6140350877192982,-1,-0.00180068940680146,0.3439662999294344,-0.03411893619973438,-0.0009003447034007304,59,13,0,-105,-1.6180339887498945,-1.0,1.0,1.0,-1.0,1504856.0952380965
0,-0.6158192090395482,-2,-0.0017445303372225149,0.2937800358404375,-0.06460584122019856,-0.0008722651686112579,56,26,0,-109,41.7730152861976,-42.95934241745428,1.1869857214577526,1.000000000000001,-1.000000000000001,1967627.6190476208
0,-0.568862275449102,2,-0.0017082951214687728,0.263530178361741,-0.0625520602986945,-0.0008541475607343869,41,25,0,-95,11.597160073051239,-12.780556573881583,1.183942132131464,1.0000000000000002,1.0,1471682.0952380965
0,-0.5653333333333335,1,-0.001511586452762924,0.3528967726394576,-0.07411768722016128,-0.000755793226381462,44,30,0,-106,40.23549383146877,-20.94732622952493,23.640586441202807,-19.39535670401461,-21.39535670401461,3581306.3809523843
0,-0.7002518891687659,0,-0.0017683128514362763,0.42578662497160147,-0.09958983225947214,-0.0008841564257181388,60,52,0,-139,-3.072879323663904,1.499129933081099,1.499129933081099,-1.0000000000000004,-1.0,5435854.095238101
0,-0.6698337292161523,-1,-0.0015948422124194084,0.4070163320893808,-0.10974787897633068,-0.0007974211062097049,63,57,0,-141,-3.148078960348248,1.5377725183689117,1.5377725183689117,-1.150457679286493,-1.0000000000000004,7070017.238095245
0,-0.6046511627906976,0,-0.0012810405991328338,0.4134776214445764,-0.1022799271471452,-0.0006405202995664169,49,59,0,-143,7.082897864506853,-8.665336770176124,1.5015627905127413,-1.3248615799594412,-1.025252724437605,6211910.047619053
0,-0.650334075723831,-2,-0.00145163856188355,0.496613012280951,-0.10051301979904019,-0.0007258192809417754,58,32,0,-146,26.277205694372437,-27.77551877803309,20.679621873168443,-19.30456307898887,-19.30456307898887,5412685.28571429
0,-0.8017817371937639,-3,-0.0017896913776646508,0.3900210431356988,-0.09668341587613168,-0.0008948456888323258,87,50,0,-180,13.477033578457673,-14.926325415903085,1.3298326510143372,-1.298190271980003,-1.298190271980003,5428223.142857148
0,-0.6984126984126982,0,-0.001388494430243933,0.42600428827165354,-0.08694887639918843,-0.0006942472151219665,86,58,0,-176,-2.8223007964953437,1.3549119483365164,1.3549119483365164,-1.3314885233670446,-1.3314885233670446,8390795.095238104
0,-0.7557411273486427,-1,-0.001581048383574567,0.3748357098214188,-0.07169759894189458,-0.0007905241917872832,94,51,0,-181,-2.674306476281902,-1.327808102626793,-1.327808102626793,1.3006903734554256,1.3006903734554256,7337937.76190477
0,-0.80083857442348,1,-0.00168243397988126,0.3758175450578365,-0.06877912377466197,-0.0008412169899406304,107,49,0,-191,-13.847713781856648,10.133998117242726,-1.2504329666305134,1.1764044195912093,1.1764044195912093,8930408.142857151
0,-0.7326732673267329,0,-0.001453716800251453,0.4214578275973735,-0.07114584716825675,-0.000726858400125727,96,50,0,-185,15.00535600404455,11.154535726197816,-13.644350587923046,-7.5797524820190905,-7.5797524820190905,11401401.523809535
0,-0.7073684210526316,-3,-0.0014923384410393072,0.3444517713787229,-0.061582581342646804,-0.0007461692205196538,115,40,0,-168,-2.410059750852543,-1.117796142003084,1.1152284896846645,1.1152284896846645,1.0000000000000027,9742578.476190485
0,-0.7291242362525459,-3,-0.0014880086454133593,0.3989471176528444,-0.05299473092913499,-0.0007440043227066797,133,31,0,-179,-2.3351499810365937,1.0633465495133585,1.0633465495133585,-1.0241590420234212,-1.0000000000000004,10315989.380952392
0,-0.6503067484662577,-4,-0.0013325957960374129,0.40031661697766246,-0.049794740407194976,-0.0006662978980187066,118,33,0,-159,-2.2938093796077643,-1.2780516137776277,1.0157464257085835,1.0157464257085835,1.0000000000000013,8780343.142857151
0,-0.6597510373443984,-3,-0.001371623778262783,0.3829847905001717,-0.040169491884349616,-0.0006858118891313913,129,20,0,-159,-13.041749827347003,12.258459427526637,-1.0000000000000004,-1.0000000000000004,1.0000000000000004,7094964.428571436
0,-0.6377440347071583,-2,-0.0013864000754503438,0.22511277053251222,-0.035483412013449386,-0.0006932000377251721,117,18,0,-147,-1.7163955409482219,1.1796478902009182,-1.0000000000000009,1.0,-1.0,5937515.047619053
0,-0.5752808988764044,-3,-0.0012956777001720812,0.4002420881183804,-0.024781989534323763,-0.000647838850086041,99,17,0,-128,-1.6886716089856684,-1.000000000000002,1.0000000000000007,-1.0000000000000007,-1.0000000000000004,4893364.428571434
0,-0.5995085995085994,-1,-0.001476622166277339,0.28829363794575447,-0.05495216720083937,-0.0007383110831386693,87,25,0,-122,-2.1023707793075115,-1.2599210498948727,1.0456732134340987,1.0456732134340987,1.000000000000001,2862147.380952384
0,-0.6171428571428572,-3,-0.0017683176422431438,0.25167017522135354,-0.06756039630825109,-0.0008841588211215719,73,28,0,-108,-2.364396155771758,-1.2599210498948734,1.1794584250133082,1.1794584250133082,1.0000000000000009,1641202.8095238109
0,-0.6666666666666665,-2,-0.001740644038294169,0.23129946276470392,-0.07301765941939517,-0.0008703220191470843,85,30,0,-128,-17.35176173006259,16.057619308336072,1.2873975615978182,-1.2599210498948743,1.1614367985188356,2563053.04761905
0,-0.6457925636007826,0,-0.0012662599286289858,0.24650091153145914,-0.06905105251631463,-0.0006331299643144929,99,36,0,-165,-2.720516457137472,1.360320728432019,1.360320728432019,-1.2599210498948734,1.000000000000001,8220524.523809532
0,-0.5740740740740742,1,-0.0010650724936439211,0.25609203356665267,-0.057517592097389755,-0.000532536246821961,89,40,0,-155,-2.725705007804727,-1.4238117516222355,1.3629126082774927,1.3629126082774927,-1.0000000000000004,10143392.80952382
0,-0.627009646302251,0,-0.0010096773692467808,0.2496212446057324,-0.05617931187038928,-0.0005048386846233904,114,49,0,-195,-2.8220750102124503,1.4087910553866394,1.4087910553866394,-1.3650719218000378,-1.201431771108201,19940692.14285716
0,-0.6354609929078014,-2,-0.0009026434558349449,0.28551082323499494,-0.05737231929276384,-0.0004513217279174727,133,64,0,-224,-2.962878516024135,-1.4869293080623758,-1.4869293080623758,1.4555735614254512,1.4555735614254512,26308425.42857145
0,-0.578734858681023,-2,-0.0007799661168207859,0.3138555200577558,-0.057616507817811705,-0.00038998305841039284,128,70,0,-215,18.285789115559997,-22.748948791073623,-1.4820505801116974,1.4357029076160224,1.4357029076160224,29457362.809523836
0,-0.6334164588528679,-4,-0.0007907820959461524,0.28571191500087845,-0.05774684182432122,-0.00039539104797307607,157,80,0,-254,27.581264813790813,-17.10996535522929,-16.888995659341038,1.4332005858870733,1.4332005858870733,39112532.04761908
0,-0.6127167630057804,-3,-0.0007091629201455788,0.29546236637329937,-0.0648967276952273,-0.0003545814600727896,163,90,0,-265,-10.706076671995055,5.6329906240739955,1.6278867456928945,1.6278867456928945,-1.5641818793551066,53565901.09523815
0,-0.6180048661800486,0,-0.0007527464874300222,0.32041378078014743,-0.0677456861910113,-0.00037637324371501133,166,86,0,-254,-3.2145960838090506,-1.7711200429239198,1.5532802452132513,1.5532802452132513,-1.3919714411217903,37243708.04761908
0,-0.6101694915254237,-4,-0.0007395993836671799,0.240274924028214,-0.05578753269846478,-0.00036979969183359006,167,68,0,-252,28.10304399011682,-17.184430414959625,-17.018777701647267,1.330391875008008,1.330391875008008,36539515.38095242
0,-0.6047087980173482,-3,-0.0007502590546120949,0.4142597707674064,-0.05999763947098495,-0.0003751295273060472,160,64,0,-244,-45.89610119238,41.26817455305073,-1.5635636610967696,1.3058953861758864,1.3058953861758864,28348021.714285742
0,-0.5655836341756919,-2,-0.0006814260652719178,0.23632779154456648,-0.07033859073549677,-0.0003407130326359589,140,72,0,-235,21.339384176804902,-13.963555814226444,-13.946564179508018,1.3998306070155584,1.3998306070155584,33073050.571428604
0,-0.5871121718377088,-1,-0.0007014482339757575,0.3020198515453517,-0.06983319300456636,-0.00035072411698787876,157,70,0,-246,-2.85420800191414,-1.8362632858437669,-1.8171205928321401,1.3942478531834994,1.3942478531834994,28595699.333333362
0,-0.5428907168037602,-2,-0.0006386949609456,0.2886126706989173,-0.06319264477269083,-0.0003193474804728002,149,60,0,-231,-2.774271542199773,-1.710680644062757,1.3526465746786513,1.3526465746786513,-1.267119458175023,25134308.047619075
0,-0.48104265402843605,-3,-0.0005706318553124982,0.34637007718101814,-0.047635922083678686,-0.0002853159276562491,129,56,0,-203,-2.579136095783297,-1.7265686347930784,-1.2649179910627633,1.222837382782354,1.222837382782354,10091290.904761914
0,-0.4198757763975156,-2,-0.0005222335527332283,0.27775981698661356,-0.041963698847478983,-0.00026111677636661416,87,66,0,-169,25.619180511690875,-29.470358703990705,-12.32837525910982,-15.714131129917146,12.23444126202606,7192957.238095244
0,-0.41571609632446127,-3,-0.0005275584978736818,0.2736624073249767,-0.0566709206778834,-0.0002637792489368411,74,83,0,-164,-10.904798231440596,6.460062105662084,1.711522290932355,-1.6977941761667448,-1.6180339887498916,6708024.190476197
0,-0.40296662546353534,0,-0.0004987210711182369,0.2826805082828227,-0.0633638805911154,-0.00024936053555911833,69,95,0,-163,-2.658419730479528,-2.0062178233197407,-1.7320508075688812,1.7320508075688732,-1.6180339887498971,8511915.523809532
0,-0.46074646074646064,-3,-0.0005937454391062636,0.2676699811422588,-0.05942118715977696,-0.0002968727195531319,89,85,0,-179,-2.6382483453543393,-2.043494451958211,1.7320508075688759,-1.7320508075688732,-1.6180339887498918,8600874.523809532
0,-0.5492227979274611,-4,-0.0007123512294779,0.2730495343424918,-0.07067744869651425,-0.0003561756147389502,115,92,0,-212,32.60189240076058,-37.568261297052416,-1.7320508075688785,1.7320508075688785,-1.6180339887498973,12680373.000000013
0,-0.5420054200542006,-6,-0.0007354211941033929,0.26105562272047866,-0.05496285256576942,-0.00036771059705169654,124,76,0,-200,-2.6595785612718945,-1.870925584148025,1.7320508075688765,-1.7320508075688748,-1.6180339887498933,12575078.285714298
0,-0.5635036496350365,-2,-0.000823835745080463,0.35972298843463973,-0.06558920288354257,-0.0004119178725402314,132,67,0,-193,-16.628422092806634,12.228343111614265,1.4142135623730951,-1.4142135623730947,-1.3247179572447425,17286371.095238112
0,-0.6295081967213114,-1,-0.0010336751998707904,0.4081168251252394,-0.05885995154960131,-0.0005168375999353954,143,49,0,-192,23.0282964660192,-19.575043185979464,18.912363517197438,-11.675669881452722,-11.710973969721381,16310786.380952397
0,-0.6543001686340641,-1,-0.001105236771341324,0.25820134553248114,-0.06406977360455166,-0.0005526183856706622,144,53,0,-194,-2.4091852378536682,-1.6858441411316523,-1.560908279071256,1.0000000000000013,-1.0000000000000009,16996037.095238112
0,-0.6298342541436464,1,-0.0011620558194532214,0.27497986348427944,-0.07425164781078913,-0.0005810279097266109,121,51,0,-171,-2.45845213254826,-1.6858441411316551,-1.5348486769886573,-1.0000000000000024,-1.000000000000001,15655086.857142873
0,-0.585551330798479,-2,-0.0011153358681875798,0.30834867376126546,-0.05512423863821828,-0.0005576679340937895,115,35,0,-154,-2.057942571987809,-1.6858441411316538,-1.0000000000000016,-1.0,1.0,10113463.571428582
0,-0.6120000000000001,-2,-0.001226452905811623,0.36339767675265655,-0.053337407501646,-0.0006132264529058117,123,31,0,-153,-1.9619046200897672,-1.6858441411316554,-1.0000000000000007,1.0000000000000002,0.9999999999999994,6801658.952380959
0,-0.6317829457364341,-1,-0.0012267630014299686,0.279012182899098,-0.048509737573794245,-0.0006133815007149845,135,29,0,-163,-1.9094593701714713,-1.6858441411316556,-1.000000000000002,1.000000000000001,0.9999999999999996,8488107.714285724
0,-0.6036217303822937,-1,-0.0012169792951255923,0.31772129957128126,-0.0543779962027195,-0.000608489647562796,120,32,0,-150,-2.1077412395492803,-1.5874010519682002,-1.0000000000000009,1.0,-0.9999999999999999,6368360.6666666735
0,-0.5730994152046782,-1,-0.0011193347953216371,0.363992327564522,-0.04290841134263834,-0.0005596673976608186,118,26,0,-147,4.1848746798727445,-7.357541583547402,0.9999999999999997,-0.9999999999999988,0.8284793839217746,6507953.380952387
0,-0.6632124352331605,-1,-0.0011474263585348797,0.2222223951653222,-0.03687344244136518,-0.0005737131792674399,154,27,0,-192,17.121344830251566,-20.29229158491379,-1.000000000000004,1.000000000000001,-1.0000000000000007,7159226.6666666735
0,-0.6203208556149733,-2,-0.0011077158135981667,0.34446861749527774,-0.036867342871489156,-0.0005538579067990831,137,20,0,-174,-1.8171205928321394,-1.259921049894876,-1.0000000000000007,0.9999999999999999,-0.9999999999999998,5077176.000000005
0,-0.5981651376146788,-1,-0.0010995682676740418,0.35943051441486484,-0.03030394865369203,-0.0005497841338370211,132,15,0,-163,-1.8171205928321401,-1.000000000000002,-0.9999999999999998,0.9085602964160696,0.9085602964160696,4550509.380952385
0,-0.609154929577465,-2,-0.0010743473184787735,0.37490853004270214,-0.025558105659146794,-0.000537173659239387,141,14,0,-173,-1.7099759466766953,-1.0000000000000042,-1.0,1.0,-0.9999999999999998,5115600.761904767
0,-0.5984848484848484,-1,-0.0011356448737852905,0.33608138542989413,-0.020542355106089295,-0.0005678224368926457,122,8,0,-158,-13.096082233705845,10.65383266339843,1.0,-0.9999999999999998,0.7211247851537046,3140754.8095238125
0,-0.6160337552742616,-2,-0.001302396945611547,0.3743045405175719,-0.01795333429377277,-0.0006511984728057735,111,8,0,-146,-1.2599210498948739,-1.0,1.0,-1.0,1.0,2070976.2857142878
0,-0.5650406504065042,1,-0.0011507956220091738,0.25945455101342557,-0.024749873720224674,-0.0005753978110045867,100,11,0,-139,-1.2599210498948732,-1.0000000000000007,-1.0,1.0,-1.0,2792793.6666666693
0,-0.5466666666666669,0,-0.0012175204157386793,0.43561080450683676,-0.0456233004998282,-0.0006087602078693392,84,24,0,-123,-2.1544346900318887,1.077217345015943,1.077217345015943,-1.0000000000000004,1.0000000000000004,1662098.7142857157
0,-0.5080091533180777,-3,-0.0011651586085277008,0.21128505349955856,-0.052464064505459054,-0.0005825793042638506,75,24,0,-111,-2.1544346900318887,1.077217345015943,1.077217345015943,-1.0000000000000007,1.0000000000000002,1553874.1904761917
0,-0.5107398568019093,0,-0.0012218656861289708,0.41901007450723493,-0.06425966502205283,-0.0006109328430644846,74,29,0,-107,-2.4101422641752315,1.2050711320876162,1.2050711320876162,1.0000000000000009,-1.0000000000000009,1201785.7142857153
0,-0.6100000000000001,-2,-0.001528822055137844,0.3632648675988606,-0.07954923873550161,-0.0007644110275689222,88,32,0,-122,11.20269894056787,-12.462619990462743,5.715968686894124,-5.456047636999253,-1.0000000000000007,1255861.8571428582
0,-0.596244131455399,-3,-0.0014029273681303513,0.27344274083803144,-0.06905289165707419,-0.0007014636840651756,91,33,0,-127,41.59829398470728,-20.83436624566028,-20.83436624566028,-1.0000000000000009,-1.0000000000000004,1809631.0476190492
0,-0.6064814814814814,-2,-0.0014071496090057572,0.2516770676170297,-0.06284051914273193,-0.0007035748045028786,98,30,0,-131,-2.3938182156452816,1.1560121828612258,1.1560121828612258,1.0000000000000007,-1.0,1700126.5238095254
0,-0.6142131979695431,-4,-0.0015628834553932398,0.23570068992374077,-0.052926819891661175,-0.0007814417276966199,92,22,0,-121,-2.145285829718087,-1.2599210498948747,1.0125395945219324,1.0125395945219324,1.0000000000000007,1167055.238095239
0,-0.6166666666666667,-4,-0.0017177344475394624,0.5485309759736858,-0.05054334969254997,-0.000858867223769731,87,18,0,-111,-1.999999999999999,-1.2599210498948734,1.0000000000000004,0.9999999999999997,-0.9999999999999996,1021396.6190476199
0,-0.5972602739726027,-1,-0.0016408249284961605,0.28303621696789066,-0.044359721245221376,-0.0008204124642480805,86,17,0,-109,-2.0,-1.2599210498948736,1.0000000000000004,0.921867138949035,0.921867138949035,903978.857142858
0,-0.6344086021505375,-3,-0.001709996232211691,0.31009663288691597,-0.027393427277180544,-0.0008549981161058459,98,10,0,-118,-1.659497966395557,-1.2599210498948727,0.8872209061887143,-0.8404896146160402,0.8063833374114404,777370.714285715
0,-0.6172106824925816,-4,-0.0018369365550374448,0.23566963665747648,-0.0218472646179634,-0.0009184682775187228,89,5,0,-104,-1.259921049894876,-0.9999999999999998,0.6299605249474368,0.6299605249474368,0.5000000000000002,523707.80952381005
0,-0.5670731707317074,-3,-0.0017341687178339684,0.2305185935812021,-0.02036347913609912,-0.0008670843589169835,80,4,0,-93,-1.2599210498948745,0.6299605249474373,0.6299605249474373,3.915224338087294e-09,-3.915224214910747e-09,393310.95238095266
0,-0.5233644859813085,0,-0.0016355140186915893,0.29464301079024,-0.01634038985896994,-0.0008177570093457944,74,4,0,-84,-1.2599210498948747,0.6299605249474365,0.6299605249474365,-2.3551386880256624e-16,0.0,372549.33333333366
0,-0.5211726384364821,-3,-0.0017031785569819676,0.1529199613300987,-0.022827699658582744,-0.0008515892784909836,72,4,0,-80,-1.2599210498948745,0.6299605249474373,0.6299605249474373,3.915224338087294e-09,-3.915224214910747e-09,313652.6190476193
0,-0.5668789808917198,-3,-0.0018111149549256212,0.20108125637151794,-0.028741634626297193,-0.0009055574774628112,76,9,0,-89,-1.5616513501298872,-1.0,0.6589926078191426,0.6589926078191426,0.5727479645525511,373895.0000000003
0,-0.5454545454545454,-4,-0.0017767249037607341,0.2371722058962686,-0.01631937858203681,-0.0008883624518803673,75,7,0,-84,-1.5396133460819772,-1.0,0.6051024089447135,0.6051024089447135,0.32940852819255073,488438.28571428615
0,-0.5315614617940199,-3,-0.001771871539313399,0.23951161991644918,-0.016715683819010282,-0.0008859357696566999,71,7,0,-80,-1.5396133460819765,-1.0,0.6051024089447126,0.6051024089447126,0.32940852819255084,480531.04761904804
0,-0.651685393258427,0,-0.0018357335021364132,0.3311058420348396,-0.03865021677179993,-0.000917866751068207,96,16,0,-116,-2.0635012059478104,-1.1221182491188886,-1.0,0.9534212528135091,0.9534212528135091,1316549.8095238106
0,-0.6819338422391859,-2,-0.001739627148569351,0.2785181970954767,-0.07682724119446098,-0.0008698135742846759,98,34,0,-134,-2.690641453940738,-1.427783943058118,1.3160043487550253,1.3160043487550253,-1.0,1970013.8095238113
0,-0.652582159624413,-2,-0.0015354874344103847,0.4512713614209222,-0.0781816439703102,-0.0007677437172051921,92,36,0,-139,-2.7523877970599755,-1.422271808137967,1.322322986376388,1.322322986376388,-1.0,2608620.0952380975
0,-0.5954545454545455,0,-0.0013563884862290323,0.4054483677041387,-0.05788721243670267,-0.0006781942431145164,90,24,0,-131,-49.46774159303083,45.4459089568013,18.8843054671286,-7.544436969012379,-9.809580812046995,2699741.2380952407
0,-0.594847775175644,-1,-0.001396356279755033,0.4733685582561578,-0.06881814707879562,-0.0006981781398775167,84,30,0,-127,-2.63900419718381,1.2917245854147956,1.2917245854147956,-1.2599210498948694,0.6299605249474373,2409255.857142859
0,-0.6901408450704225,-2,-0.0016238608119304057,0.3317607229000768,-0.06253523032159276,-0.0008119304059652028,91,40,0,-147,-2.493193971725856,-1.9657382518237283,1.6642552088723885,1.2112428398694024,1.2112428398694024,2266516.1428571446
0,-0.6930232558139535,-4,-0.0016154388247411502,0.4397465113327252,-0.06659644262891931,-0.0008077194123705751,90,42,0,-149,-2.544942036235167,-1.9657382518237263,1.664255208872391,1.2394309244125599,1.2394309244125599,2542148.6190476213
0,-0.6777777777777778,-2,-0.0018879603837821117,0.41829006792110984,-0.06234928256109051,-0.0009439801918910554,70,36,0,-122,-2.376435960325833,-1.9657382518237294,1.6642552088723888,1.1497577881581877,1.1497577881581877,1119114.1904761915
0,-0.6419753086419753,-4,-0.001987539655238314,0.3437710606088758,-0.032953903649127744,-0.0009937698276191566,64,24,0,-104,-1.894982434866196,1.7442276474313085,-1.663251938771471,0.7071067811865476,0.7071067811865476,756671.5714285721
0,-0.6578073089700998,-2,-0.002192691029900333,0.3144699849660847,-0.03327115064255453,-0.0010963455149501661,66,16,0,-99,-1.5275305590711374,-1.2599210498948736,-1.0603597203761548,0.9005950062506826,0.9005950062506826,638029.6666666672
0,-0.604982206405694,-1,-0.0021606507371631917,0.23769708488406255,-0.03326257678112,-0.0010803253685815963,54,17,0,-85,-1.492871996889968,-1.2599210498948727,1.0000000000000009,-1.0000000000000007,-1.0000000000000007,689757.9523809531
0,-0.6357615894039734,-1,-0.00211216474885041,0.3421422101209214,-0.04807743603158729,-0.001056082374425205,59,24,0,-96,-1.7870949286836577,-1.2599210498948767,-1.2026822136838038,-1.0000000000000004,1.0000000000000002,1221465.4761904774
0,-0.7105263157894737,-5,-0.0023449713392391875,0.3116026436931852,-0.04937851383703806,-0.0011724856696195933,69,32,0,-108,-1.8451242149709008,-1.2599210498948734,1.0807385986708877,1.0807385986708877,-1.0000000000000016,900776.9047619057
0,-0.6907894736842104,-1,-0.002279833246482542,0.23905162018146342,-0.055954095639098936,-0.0011399166232412715,62,33,0,-105,-1.8766925746096819,-1.259921049894871,-1.1524502874738025,1.0000000000000004,1.0000000000000004,952285.7142857151
0,-0.6837060702875399,-3,-0.002191365609895961,0.21581409608454563,-0.05755245764577501,-0.0010956828049479808,64,32,0,-107,-1.7439670644038316,-1.5874010519682014,-1.0000000000000002,1.0000000000000002,-0.9999999999999993,1052353.380952382
0,-0.7536231884057971,-2,-0.0021907650825749928,0.33821250058717606,-0.06831232878404682,-0.001095382541287496,72,42,0,-130,-18.435890124984798,14.759972892605912,7.279167217836176,-7.4747990794629695,1.1047318100478705,1550601.3333333347
0,-0.757493188010899,-3,-0.002069653519155462,0.3706591558278796,-0.07476054452223839,-0.001034826759577731,71,50,0,-139,-2.4148307692947464,-1.6333451930025404,1.1838987456007086,1.1838987456007086,-1.1628715908398604,1867760.2857142873
0,-0.7683923705722071,-2,-0.0020994327064814407,0.2570939214191715,-0.07203327858388213,-0.0010497163532407203,75,52,0,-141,-2.4357345714713348,-1.6371557076284213,-1.1746866543393462,1.1610196397359274,1.1610196397359274,1874150.0000000019
0,-0.7058823529411764,-4,-0.001982815598149371,0.32742957411182777,-0.08386005932264459,-0.000991407799074686,62,52,0,-126,-81.76962240888892,77.39085589074848,1.3267296465332865,1.3267296465332865,-1.0,1215225.238095239
0,-0.5910447761194031,-1,-0.0017695951380820463,0.3722601559002774,-0.09136275892850577,-0.0008847975690410223,54,46,0,-99,-49.07404133023759,44.605391758831445,15.978772993351619,-5.982451616965265,-8.320408203438967,1315245.9523809536
0,-0.6102719033232631,-1,-0.0018493087979492822,0.29642495275411285,-0.06867809327180095,-0.0009246543989746407,52,37,0,-101,-2.3530451549514324,-1.667282702980911,1.1443098962047134,1.1443098962047134,-1.0,900304.7619047626
0,-0.6144200626959249,-2,-0.0019321385619368702,0.2653809715194957,-0.058724294243562944,-0.0009660692809684355,53,30,0,-98,-2.3108177361558693,-1.4915536846622512,1.116959776197802,1.116959776197802,-1.0,781187.095238096
0,-0.47887323943661975,0,-0.0016921315881152643,0.34010674047515027,-0.053588822922626345,-0.0008460657940576317,39,25,0,-68,-2.1472626187704824,-1.3715951389761165,1.0243407219234362,1.0243407219234362,1.0,530282.1428571433
0,-0.4633204633204633,-3,-0.0017958157493041223,0.31842411618107846,-0.013029708293987351,-0.0008979078746520607,40,8,0,-60,-1.2207440846057587,-1.000000000000006,-1.0,-1.0,-1.0,352037.00000000035
0,-0.4392156862745098,-3,-0.0017291956152539738,0.0928081758404883,-0.0212073486671664,-0.0008645978076269878,39,7,0,-56,-1.2599210498948745,-1.0,1.0,-1.0,-1.0,272787.00000000023
0,-0.44354838709677424,-3,-0.0017957424578816774,0.24444782848962432,-0.027578054541272903,-0.0008978712289408382,43,9,0,-55,-1.2599210498948727,-1.2599210498948716,1.0000000000000002,-1.0,-1.0,301057.5714285717
0,-0.6127946127946129,-4,-0.0020702520702520705,0.324282080229245,-0.04855441744711151,-0.0010351260351260353,48,14,0,-91,31.76735820601543,-34.57158624421836,1.3808003641489415,-3.3808003641489406,-0.9999999999999993,568719.1428571433
0,-0.6130030959752322,-5,-0.0019037363229044476,0.2523771976062552,-0.03531241382426633,-0.0009518681614522238,59,13,0,-99,-1.5057870612170485,-1.0000000000000007,-1.0,1.0,-1.0,738842.6666666673
0,-0.6647398843930636,-6,-0.0019267822736030822,0.42206874953315987,-0.04821026293131248,-0.0009633911368015415,63,21,0,-115,-1.8363576341953907,-1.259921049894873,-1.0000000000000004,-1.0000000000000002,-1.0,1123916.9047619058
0,-0.6559139784946237,-2,-0.0017679622061849694,0.37762655088494873,-0.05590100747677148,-0.0008839811030924847,67,24,0,-122,-1.8614088973419594,-1.2599210498948739,-1.1574215064236326,-1.0000000000000004,-1.0,1400240.761904763
0,-0.6765432098765434,-4,-0.0016746119056350087,0.4649428371083931,-0.05863484187463505,-0.0008373059528175039,82,24,0,-137,-1.9462589966473083,-1.1763226215269988,1.000000000000001,-1.0000000000000009,-1.0000000000000009,1702830.1904761922
0,-0.6157303370786515,-3,-0.0013867800384654307,0.3499281315183034,-0.0423520967153926,-0.000693390019232716,89,20,0,-137,-1.8614088973419596,-1.1574215064236333,-1.0,1.0,0.9999999999999999,2239670.0476190494
0,-0.617336152219873,-4,-0.0013079155767370195,0.34880885142809415,-0.04371848885256675,-0.00065395778836851,98,20,0,-146,-1.8614088973419607,-1.157421506423634,-1.000000000000001,-1.0,1.0,2491493.809523812
0,-0.47264770240700216,-1,-0.0010365081193136018,0.25698407745454827,-0.04525087504418254,-0.0005182540596568007,82,17,0,-108,4.61430171600102,-7.51487359091298,-1.000000000000002,1.0000000000000009,-1.0000000000000007,995802.476190477
0,-0.49783549783549774,-2,-0.001079903466020602,0.2516828984366872,-0.04475481702523927,-0.0005399517330103014,88,18,0,-115,-1.7717346897985151,-1.1288371851134462,1.0000000000000027,-1.0000000000000007,1.0000000000000004,888913.0476190484
0,-0.531317494600432,-4,-0.001150037867100503,0.22725709441831507,-0.036741916249927266,-0.000575018933550251,99,16,0,-123,-1.6788676713545418,-1.082348909230025,-1.0,1.0,-1.0,865841.2380952388
0,-0.4413145539906105,-1,-0.0010383871858602595,0.18292393617405112,-0.02584727517792377,-0.00051919359293013,76,9,0,-94,-1.4422495703074079,1.0,-1.0,-0.9999999999999999,-0.9999999999999998,524722.7619047624
0,-0.5914221218961624,-3,-0.001338059099312585,0.30263876377351845,-0.053581763531177835,-0.0006690295496562925,97,27,0,-131,-2.326273653561191,1.1225831110965976,1.1225831110965976,-1.0,-0.9999999999999994,1990189.7619047638
0,-0.5869565217391306,-2,-0.0012787723785166248,0.34538037522294807,-0.038556497802505016,-0.0006393861892583117,107,16,0,-135,-51.11314750213958,49.99966291767922,1.0023903981209958,-1.000000000000001,1.0,2236392.5238095256
0,-0.6765327695560253,-3,-0.0014333321388898842,0.3733327842011361,-0.01973409603706506,-0.0007166660694449421,134,9,0,-160,-1.5874010519681978,-1.0,1.0,0.7937005259841001,0.7937005259841001,2501762.142857145
0,-0.6096491228070176,-1,-0.0013398881819934455,0.30753934073134903,-0.010966512289989714,-0.0006699440909967225,117,6,0,-139,-1.4422495703074105,0.7211247851537044,0.7211247851537044,-2.314095542803452e-08,2.3140955172507872e-08,2564838.428571431
0,-0.6053811659192825,-3,-0.0013604071144253543,0.3819403073903919,-0.008970763247912789,-0.0006802035572126769,118,4,0,-135,-1.259921049894874,0.6299605249474374,0.6299605249474374,-3.915224338087294e-09,3.915224214910747e-09,2543300.04761905
0,-0.7146067415730337,-2,-0.0016094746431825077,0.3821456382955553,-0.06445906852267466,-0.0008047373215912543,112,29,0,-159,-2.474518076303908,1.2372590381519548,1.2372590381519548,-1.227143580382042,0.6135717901910213,7090221.619047626
0,-0.7213822894168467,-4,-0.0015614335268762905,0.43093818306916715,-0.0757825209260065,-0.0007807167634381455,113,36,0,-167,-2.7194044967210216,1.3597022483605112,1.3597022483605112,-1.236291037560884,0.6181455187804423,10183323.333333343
0,-0.7452631578947368,-3,-0.00157228514323784,0.4505176118260507,-0.0651343980536597,-0.0007861425716189209,122,32,0,-177,-27.38074181798201,23.507580431044634,1.245338235898552,1.245338235898552,-1.0000000000000002,6525814.952380959
0,-0.6625258799171843,-1,-0.0013745350205750704,0.37892442913628593,-0.07540819694806616,-0.0006872675102875356,92,52,0,-160,-2.743111697012826,1.3614315068962608,1.3614315068962608,-1.261981814911395,-1.1202814524039513,8115527.809523817
0,-0.6892430278884463,-3,-0.0013757345866036853,0.4275531608086644,-0.07029781876372271,-0.0006878672933018424,103,39,0,-173,6.658078185803321,-3.3289564394392515,-3.3289564394392515,-1.2215482716711632,-1.0000000000000016,10496660.047619058
0,-0.6666666666666665,-3,-0.0012795905310300703,0.35272433324370445,-0.06565137254110896,-0.0006397952655150352,105,43,0,-174,-2.6836693646046386,1.3419304277027848,1.3419304277027848,-1.2064608645859873,-1.0000000000000038,13929716.333333347
0,-0.6469500924214417,-2,-0.001198055726706373,0.340422017001232,-0.05859405101865091,-0.0005990278633531869,110,47,0,-175,-2.646950408404749,1.3219548440568276,1.3219548440568276,-1.1481614218082106,-0.9999999999999998,17669331.619047638
0,-0.626984126984127,-1,-0.0012464893180598952,0.38720934658094547,-0.0599550388053358,-0.0006232446590299474,96,46,0,-158,-2.556227617475884,1.274208013609524,1.274208013609524,-1.09809606796144,-1.000000000000001,8041859.428571437
0,-0.6524271844660194,-2,-0.0012693135884552908,0.31050251529221334,-0.07291409571402592,-0.0006346567942276452,100,54,0,-168,-2.779103169324822,1.3873281354353506,1.3873281354353506,-1.0000000000000018,1.0,8302978.0952381035
0,-0.620408163265306,-2,-0.0012687283502358006,0.2993786680226295,-0.04910644846510407,-0.0006343641751178999,99,37,0,-152,-2.31894377457698,1.1531761577348183,1.1531761577348183,-1.0000000000000009,-1.0000000000000002,5519490.714285719
0,-0.6219512195121952,-1,-0.001266703094729522,0.36054440899810547,-0.051890051754262444,-0.0006333515473647608,107,43,0,-153,-2.576996884601928,1.2246243429934034,1.2246243429934034,1.0,-0.9999999999999998,5359343.333333339
0,-0.6456692913385826,-2,-0.0012735094503719584,0.35438476665963353,-0.0864321947184833,-0.000636754725185979,109,53,0,-164,-3.1983396286399897,1.5681015542347845,1.5681015542347845,1.000000000000001,-1.000000000000001,7103719.714285721
0,-0.6589147286821706,-3,-0.0012794460751110103,0.29263317878900713,-0.08509255514848743,-0.0006397230375555054,115,50,0,-170,-3.1985355231659165,1.5680275428659283,1.5680275428659283,1.0000000000000009,-1.0000000000000009,6534415.52380953
0,-0.6614481409001955,-1,-0.0012969571390199913,0.39652377388763604,-0.0840339135811133,-0.0006484785695099959,115,49,0,-169,-3.1762444675378068,1.5397387222728611,1.5397387222728611,1.0,-1.0,6532558.285714292
0,-0.7173913043478262,-2,-0.001301980588653042,0.3712710601679517,-0.07531645144865881,-0.0006509902943265208,142,48,0,-198,-3.1762444675378037,1.5397387222728622,1.5397387222728622,-0.9999999999999996,0.9999999999999993,7023871.857142864
0,-0.7368421052631577,-1,-0.0012531328320802013,0.35109050223178573,-0.06523062247320581,-0.0006265664160401002,161,45,0,-217,-3.1217664669090635,1.544233260217279,1.544233260217279,-1.0000000000000002,1.0000000000000002,8387554.047619056
0,-0.9491059147180192,-3,-0.001307308422476611,0.28187569067056073,-0.05766298105014308,-0.0006536542112383052,281,62,0,-345,-3.2014604489192755,1.5808827938892478,1.5808827938892478,-1.313572735641974,0.9877570893971808,45046556.80952386
0,-0.9768467475192941,-3,-0.0010781972930676536,0.30615188635657353,-0.05088692335705782,-0.0005390986465338268,368,68,0,-443,-3.3005296314078034,1.6326297140377672,1.6326297140377672,-1.3086727858412603,-1.0,91661543.04761904
0,-0.8125,-1,-0.0009414831981460025,0.3453452217835463,-0.03476405213058417,-0.0004707415990730013,296,47,0,-351,-2.683278737702451,1.3016621015993453,1.3016621015993453,-1.2649675132091172,1.0000000000000004,71552601.57142866
0,-0.9025974025974028,-3,-0.000977895344092527,0.3041018613709141,-0.03669163255211361,-0.0004889476720462637,356,49,0,-417,-2.7632717199709727,1.3461352612087674,1.3461352612087674,-1.2825043352371377,1.0000000000000004,99150891.42857152
0,-0.8631368631368632,-2,-0.0008631368631368634,0.34786625804706156,-0.036066825604579564,-0.0004315684315684316,360,52,0,-432,-2.7938298837767244,-1.387726504701823,1.3855668664915735,1.3855668664915735,-1.0000000000000013,708149363.1904769
0,-0.8826382153249273,-1,-0.0008569303061407062,0.3391593947816727,-0.03116994034957587,-0.0004284651530703531,380,42,0,-455,-2.789761454620006,1.3821097189880085,1.3821097189880085,1.0000000000000007,-1.0,905101624.5714296
0,-0.882079851439183,-3,-0.0008197768136051881,0.33392735976050786,-0.040162100126902564,-0.0004098884068025943,392,57,0,-475,-3.129129159981147,1.5589169396848983,1.5589169396848983,1.098520057181732,-1.0896908597063517,1088122479.4761918
0,-0.8490196078431371,-4,-0.0008331890165290841,0.4224912440495009,-0.04948095732954386,-0.0004165945082645423,342,62,0,-433,-3.427906266068278,1.7130637050113002,1.7130637050113002,-1.0000000000000016,-1.0000000000000013,549055335.0952387
0,-0.7710280373831775,-2,-0.0009017871782259386,0.3478216005065304,-0.06651032893894648,-0.0004508935891129693,250,64,0,-330,-3.5330158941837286,1.7657209983525735,1.7657209983525735,-1.0000000000000009,-1.0000000000000007,102677680.95238106
0,-0.8593073593073595,-4,-0.0009309938887403669,0.39527938380848215,-0.07153504346708629,-0.00046549694437018386,313,73,0,-397,-32.75734465339499,30.913614016992998,1.8425141405653873,-1.0000000000000009,1.0000000000000007,41973791.00000004
0,-0.877837837837838,-5,-0.0009500409500409501,0.3649544903665697,-0.06605384099119507,-0.00047502047502047504,330,69,0,-406,-3.6112483302712968,1.8049351745973923,1.8049351745973923,-1.0000000000000022,1.0000000000000018,24845748.285714306
0,-0.8128724672228844,-5,-0.0009700148773542773,0.38371946967339093,-0.06544084005262832,-0.00048500743867713853,274,62,0,-341,-3.4495826026723915,1.7247913013362033,1.7247913013362033,-1.2599210498948736,1.0000000000000002,71247600.66666666
0,-0.8945538818076477,-5,-0.0010377655241388024,0.31200145310784066,-0.07230976578806991,-0.0005188827620694012,318,69,0,-386,0.05558025331904304,-1.8479492491031215,1.7923689957840767,-1.2599210498948736,-1.0000000000000004,19825557.04761905
0,-0.8272506082725062,-2,-0.0010076134083708962,0.32139001956046254,-0.06155272094286972,-0.0005038067041854482,286,58,0,-340,-3.333841404235872,1.6669207021179318,1.6669207021179318,-1.259921049894874,-1.0,46457084.42857143
0,-0.7957559681697615,-3,-0.0010567808342227905,0.3348354095175514,-0.04912898720950643,-0.0005283904171113952,260,46,0,-300,-2.9271234732760205,1.4635617366380103,1.4635617366380103,-0.9999999999999994,0.4999999999999998,92203626.66666666
0,-0.7901591895803184,-3,-0.001145158245768577,0.37212636971510915,-0.05228668695936934,-0.0005725791228842887,236,45,0,-273,-2.84743301132811,1.4237165056640557,1.4237165056640557,-0.9999999999999996,0.4999999999999999,97611255.71428582
0,-0.730263157894737,-2,-0.0012030694528743606,0.33058410535624233,-0.05073100107030827,-0.0006015347264371802,191,35,0,-222,-2.6684016487219475,1.3342008243609755,1.3342008243609755,-0.9999999999999999,0.9999999999999996,33881267.33333337
0,-0.681904761904762,-2,-0.0013013449654671033,0.328612261586824,-0.048578680744414224,-0.0006506724827335514,153,29,0,-179,-2.571281590658239,1.2856407953291185,1.2856407953291185,-1.0000000000000013,-0.9999999999999996,11543337.142857157
0,-0.6939571150097466,-2,-0.0013553849902534112,0.42411014377734957,-0.04269752522265828,-0.0006776924951267056,154,27,0,-178,-2.47683954257562,1.236340261963945,1.236340261963945,1.0,-0.9999999999999999,12440015.428571442
0,-0.5833333333333335,-1,-0.0015230635335073983,0.3569346108918473,-0.038203362823439876,-0.0007615317667536991,94,19,0,-112,-2.1023707793075124,1.0456732134340974,1.0456732134340974,1.0000000000000007,-0.9999999999999994,1081504.9047619058
0,-0.5197740112994351,-2,-0.0014724476240777183,0.3146572313511566,-0.02072141656614046,-0.00073622381203886,77,13,0,-92,-1.7203528939998987,-1.0,1.0,-0.8805804160057441,0.8403453840564428,273733.0952380955
0,-0.5476190476190477,-3,-0.0016346837242359638,0.3470500171252506,-0.01786487322201608,-0.0008173418621179817,80,9,0,-92,-1.659497966395557,-1.0000000000000029,1.0,0.8872209061887145,-0.84048961461604,203868.09523809544
0,-0.5195530726256983,0,-0.001455330735646214,0.2094314583170947,-0.022430490480227803,-0.0007276653678231072,82,10,0,-93,-1.5874010519681978,-1.0000000110502605,1.000000000000001,-0.99999998894974,0.7937005259841003,232942.9523809526
0,-0.56657223796034,-2,-0.0016095802214782387,0.27860906875857266,-0.02844390025707264,-0.0008047901107391192,87,12,0,-100,-1.762470456910244,-0.9999999999999999,0.9089075718559589,-0.8768308352703846,0.8651968601623365,276906.9523809526
0,-0.4742857142857144,-2,-0.0013589848546868596,0.21372947700461992,-0.042007738738382344,-0.0006794924273434302,66,21,0,-83,-2.041929516023159,1.0059716574556359,1.0059716574556359,-1.0000000000000027,0.9419404027516189,278312.3809523812
0,-0.510144927536232,-3,-0.001482979440512303,0.28834676803162496,-0.04360405900912211,-0.0007414897202561511,71,22,0,-88,-2.1348929113753012,1.0514624029356687,1.0514624029356687,-0.9999999999999991,0.8919134914201073,241930.52380952402
0,-0.4464285714285714,-1,-0.001332622601279317,0.35495609785503063,-0.058646970270975804,-0.0006663113006396589,56,27,0,-75,-2.3255632282473666,1.1533948320740468,1.1533948320740468,-0.9999999999999988,0.9187263108817366,236754.85714285733
0,-0.46525679758308147,-2,-0.001409869083585096,0.24596459429501424,-0.05826472160510893,-0.0007049345417925478,56,28,0,-77,-2.3092373058482027,1.1511938816250082,1.1511938816250082,1.0000000000000022,-1.0000000000000009,260619.00000000023
0,-0.44108761329305146,-2,-0.0013366291311910656,0.2791011175472627,-0.0542057391258945,-0.0006683145655955324,46,29,0,-73,-2.378689045081543,1.1873154922852986,1.1873154922852986,-1.0000000000000018,1.0000000000000013,432225.428571429
0,-0.4511784511784511,-2,-0.001524251524251525,0.28463597020135895,-0.057610045360584984,-0.000762125762125762,39,25,0,-67,-2.308607150763309,1.1511784452244564,1.1511784452244564,-1.0,0.3566232638670735,261243.23809523828
0,-0.5285714285714287,-3,-0.0018945212493599603,0.372189817582969,-0.05991767839512201,-0.0009472606246799797,49,19,0,-74,-2.2239800905693192,1.1119900452846587,1.1119900452846587,-1.000000000000002,-1.0,181374.761904762
0,-0.512820512820513,-4,-0.0018853695324283545,0.15727374307910297,-0.04310996795572021,-0.0009426847662141781,48,14,0,-70,-2.0,1.0000000000000016,1.0000000000000016,-1.0,-0.9999999999999996,118898.95238095245
0,-0.4671532846715327,-3,-0.0017111841929360189,0.201191358625899,-0.050246967879681935,-0.0008555920964680086,39,17,0,-64,-1.9999999999999964,-1.0,1.0,-1.0,-0.9999999999999998,92359.23809523815
0,-0.4229390681003584,-3,-0.001521363554317835,0.2524713697700768,-0.039597738140465924,-0.000760681777158918,36,13,0,-59,-1.7099759466766953,-1.0000000000000007,-1.0000000000000004,-1.0,0.9999999999999989,84272.71428571435
0,-0.39837398373983746,-3,-0.0016260162601626016,0.19343953707331585,-0.030010656054454913,-0.0008130081300813008,30,9,0,-49,-1.2599210498948745,-1.0,-1.0,-0.9999999999999999,-0.9999999999999997,50148.61904761908
0,-0.42105263157894757,-2,-0.001711596063329054,0.22138976326260545,-0.02845728574830742,-0.000855798031664527,40,7,0,-52,-1.0000000154183444,1.0000000000000002,-1.0,-1.0,-0.9999999999999998,76886.66666666673
0,-0.31906614785992216,-2,-0.001246352140077821,0.059797140522319894,-0.027372220817821594,-0.0006231760700389105,34,8,0,-41,-1.0,1.0,-1.0,-1.0,1.0,61185.66666666672
0,-0.3165467625899281,-1,-0.00114276809599252,0.1554404137653766,-0.01802142701423277,-0.00057138404799626,32,6,0,-44,-1.0000000000000004,-1.0,1.0,-1.0,1.0,114935.42857142868
0,-0.39446366782006925,-4,-0.001369665513264129,0.13864585886818886,-0.02426591616263649,-0.0006848327566320645,40,8,0,-57,-1.2599210498948727,1.000000000000001,1.0000000000000004,-1.0000000000000002,-1.0,191567.95238095257
0,-0.4631578947368422,-2,-0.001630837657524092,0.31100687739923755,-0.024610052547763373,-0.0008154188287620456,50,7,0,-66,-1.2599210498948694,-1.0000000000000009,-1.0,1.0,-1.0,237740.904761905
0,-0.4575163398692812,-3,-0.0015000535733419047,0.17864277665744993,-0.019632802657249423,-0.0007500267866709528,53,7,0,-70,-1.2599210498948719,-1.0,1.0,-1.0,-0.9999999999999998,298920.19047619076
0,-0.5227963525835866,-2,-0.0015938913188523994,0.201618201027958,-0.02433770596704527,-0.0007969456594261993,65,10,0,-86,-1.259921067956187,-1.2599210318335567,1.0000000000000004,-1.0,-1.0,894464.4761904771
0,-0.5504587155963301,-2,-0.001688523667473405,0.2675558428350014,-0.027555197096481503,-0.0008442618337367032,68,9,0,-90,-1.2599210498948765,-1.2599210498948736,-1.0000000000000002,0.9999999999999998,0.6299605249474376,1259435.8095238106
0,-0.5465838509316772,-2,-0.0017027534296936968,0.4637397978842243,-0.015549690304377181,-0.0008513767148468489,70,3,0,-88,82.7756129275721,-82.7756129275721,22.450729469360226,-24.450729469360226,0.5000000000000002,1509479.9047619062
0,-0.5307443365695792,-2,-0.00172319589795318,0.3067099950147744,-0.012973003264265402,-0.0008615979489765896,69,5,0,-82,-1.259921049894874,-1.0,1.0,0.6299605249474374,0.6299605249474374,1206287.761904763
0,-0.49831649831649827,-2,-0.0016835016835016854,0.2926236054560269,-0.013512026583922008,-0.0008417508417508418,63,5,0,-74,-1.2599210498948759,-1.0000000000000007,1.0000000000000002,0.6299605249474383,0.6299605249474383,771036.0000000008
0,-0.4895104895104896,0,-0.001717580664949087,0.22078099612092794,-0.014026908763750871,-0.000858790332474543,58,5,0,-70,-1.259921049894873,-1.0,1.0,0.6299605249474365,0.6299605249474365,653891.5238095245
0,-0.4921875,-1,-0.0019301470588235286,0.26578533971152685,-0.015682444852941176,-0.0009650735294117647,55,4,0,-63,-1.259921049894874,0.6299605249474374,0.6299605249474374,-3.915224338087294e-09,3.915224214910747e-09,562176.952380953
0,-0.4066390041493777,0,-0.001694329183955741,0.16469728212600565,-0.024977625905133836,-0.00084716459197787,40,6,0,-49,-1.4422495703074087,0.7211247851537044,0.7211247851537044,7.3427833724321336e-09,-7.342783320915077e-09,215818.90476190497
0,-0.42727272727272747,-1,-0.0019510170195101697,0.17422539484788654,-0.01823498139287613,-0.0009755085097550849,37,4,0,-47,-1.259921049894873,-1.0,0.6299605249474365,0.6299605249474365,0.0,89168.38095238103
0,-0.3913043478260869,-3,-0.0017087526105942679,0.1436617920094212,-0.008714473931865236,-0.0008543763052971331,37,2,0,-45,-1.0,-0.9999999999999998,0.5000000000000002,0.5000000000000002,0.0,45306.47619047623
0,-0.3891402714932126,-2,-0.0017688194158782386,0.20673182176280253,-0.009076235082427034,-0.0008844097079391197,37,2,0,-43,-1.0,-0.9999999999999998,0.5000000000000002,0.5000000000000002,0.0,32410.142857142884
0,-0.35242290748898664,-1,-0.0015593933959689686,0.18074246880680014,-0.008833758404822629,-0.0007796966979844839,33,2,0,-40,-1.0,-0.9999999999999998,0.5000000000000002,0.5000000000000002,0.0,38549.90476190479
0,-0.35573122529644263,-4,-0.001411631846414455,0.15658517416541393,-0.0029156614136851312,-0.0007058159232072275,37,3,0,-45,-1.0,1.0,-1.0,-0.9999999999999998,0.5000000000000002,64493.23809523815
0,-0.3122676579925652,-1,-0.0011651778283304666,0.163636674206838,-0.01489467162329616,-0.0005825889141652333,31,4,0,-42,5.540464804535379,-7.800385854430253,1.0,-1.0,0.6299605249474374,79668.66666666674
0,-0.42181818181818187,-4,-0.0015394824153948244,0.33313567449024695,-0.015769696969696972,-0.0007697412076974122,44,2,0,-58,-1.0,-0.9999999999999998,0.5000000000000002,0.5000000000000002,0.0,62345.71428571433
0,-0.44522968197879864,-3,-0.001578828659499285,0.3416332886154785,-0.015328958438499074,-0.000789414329749643,52,2,0,-63,-1.0,-0.9999999999999998,0.5000000000000002,0.5000000000000002,0.0,74046.8571428572
0,-0.39446366782006925,-1,-0.001369665513264129,0.211102863793569,-0.006945857927946265,-0.0006848327566320645,47,2,0,-57,-0.9999999999999998,0.5000000000000002,0.5000000000000002,0.0,0.0,154506.57142857157
0,-0.4668769716088328,-2,-0.0014774587709140276,0.23915074424198576,-0.012648340093135046,-0.000738729385457014,62,4,0,-74,-1.2599210498948754,-1.0,0.6299605249474368,0.6299605249474368,2.3551386880256624e-16,212818.0476190478
0,-0.4327868852459016,-2,-0.001423641069887834,0.19793436460987412,-0.013140672584721052,-0.0007118205349439174,55,4,0,-66,-1.259921049894874,-1.0,0.6299605249474374,0.6299605249474374,-3.915224338087294e-09,251505.04761904784
0,-0.4584717607973423,-3,-0.0015282392026578079,0.3016367344438171,-0.013317800693215977,-0.0007641196013289035,58,4,0,-69,-1.259921049894874,-1.0,0.6299605249474374,0.6299605249474374,-3.915224338087294e-09,239323.57142857165
0,-0.4290657439446366,-3,-0.0014898116109188777,0.3065775856811107,-0.008683473389355743,-0.0007449058054594389,56,4,0,-62,-1.2599210498948727,-1.0,0.6299605249474363,0.6299605249474363,1.1102230246251565e-16,146455.28571428586
0,-0.3927272727272726,0,-0.0014333112143331116,0.33198068305305634,-0.0072939925571504525,-0.0007166556071665558,49,2,0,-54,-1.0,-1.0,-0.9999999999999998,0.5000000000000002,0.5000000000000002,135931.52380952393
0,-0.4194756554307115,-1,-0.0015769761482357586,0.19407611110024173,-0.0075125391506231255,-0.0007884880741178789,51,2,0,-56,-1.0,-1.0,-0.9999999999999998,0.5000000000000002,0.5000000000000002,118023.38095238105
0,-0.40157480314960625,-2,-0.0015872521863620802,0.13028904588782902,-0.01053277431230187,-0.0007936260931810401,42,4,0,-51,-1.6956207695598624,-1.0,1.0,-1.0,-1.0,77079.8571428572
0,-0.36363636363636376,0,-0.0015088645794039983,0.14632434910039505,-0.008267976612132456,-0.0007544322897019996,33,3,0,-44,-1.324717957244746,-1.0,-1.0,-1.0,0.6623589786223727,70171.3333333334
0,-0.36220472440944884,1,-0.001431639226914817,0.3304464336273162,-0.007877506003238957,-0.0007158196134574089,34,3,0,-46,-1.3247179572447458,-1.0,-1.0,-1.0,0.6623589786223728,67008.8571428572
0,-0.4152542372881356,0,-0.0017670393076090899,0.2657692525273082,-0.008478179407356162,-0.0008835196538045441,37,2,0,-49,27.015793065866784,-29.34051102311153,-1.0,-1.0,0.6623589786223731,69090.47619047624
0,-0.314516129032258,-1,-0.0012733446519524617,0.27252388692685664,-0.04309820069407606,-0.0006366723259762308,23,12,0,-39,-1.5213797068045671,-1.442249570307406,-1.0,-1.0,-1.0,82378.00000000006
0,-0.3849056603773586,-3,-0.0014579759862778721,0.26805943027940105,-0.03276286403339886,-0.0007289879931389365,35,10,0,-51,-1.5213797068045645,-1.2599210498948725,-1.0000000000000009,-1.0,-1.0,78672.04761904768
0,-0.3781818181818182,-1,-0.001380225613802256,0.1386099706287534,-0.0388467640020435,-0.000690112806901128,36,12,0,-52,-1.5213797068045727,-1.4422495703074065,-1.0,-1.0,-1.0,75621.47619047624
0,-0.36042402826855113,-1,-0.0012780993910232307,0.14666562145620157,-0.033636920086451506,-0.0006390496955116154,39,10,0,-51,-1.4422495703074085,-1.2599210498948734,-1.0000000000000038,-1.0,-1.0,57969.80952380957
0,-0.34042553191489366,-1,-0.0012114787612629652,0.3070500405239977,-0.02667192622399789,-0.0006057393806314835,41,8,0,-48,-1.4422495703074087,-1.0000000000000013,-1.0,-0.9999999999999998,0.7211247851537052,31794.61904761907
0,-0.32280701754385954,-2,-0.001136644427971336,0.1771907438692618,-0.019389042782394582,-0.0005683222139856682,39,6,0,-46,-1.4422495703074094,-1.0,-0.9999999999999998,0.7211247851537057,0.7211247851537057,34897.4285714286
0,-0.3157894736842104,0,-0.001042209484106305,0.12770784443179733,-0.013188223217618516,-0.0005211047420531527,41,4,0,-48,-1.0,-0.9999999999999998,-0.9999999999999998,0.5000000000000002,0.5000000000000002,61701.380952381005
0,-0.3302752293577982,-1,-0.0010131142004840433,0.10039904550732309,-0.0030747257046951234,-0.0005065571002420216,49,0,0,-54,-1.0,-1.0,0.0,0.0,0.0,105856.14285714296
0,-0.40372670807453415,-2,-0.0012577156014782999,0.06900820453097975,-0.003120849248027789,-0.0006288578007391497,60,1,0,-65,-1.0,1.0,-1.0,0.0,0.0,136371.28571428586
0,-0.4085365853658536,-3,-0.0012493473558588793,0.16978327561985773,-0.0030729204662435458,-0.0006246736779294399,62,1,0,-67,-1.0,1.0,-1.0,0.0,0.0,143760.52380952396
0,-0.4727272727272729,-1,-0.0014368610113290967,0.19438147180884122,-0.003060382497002215,-0.0007184305056645481,73,1,0,-78,-1.0,1.0,-1.0,0.0,0.0,275832.71428571455
0,-0.42729970326409483,-3,-0.0012717253073336156,0.1459097281904283,-0.006076020912816164,-0.0006358626536668078,67,2,0,-72,-1.0,-0.9999999999999998,0.5000000000000002,0.5000000000000002,0.0,355086.1428571432
0,-0.3991228070175439,-2,-0.0008771929824561405,0.2010310267162117,-0.004751461988304093,-0.00043859649122807024,89,2,0,-91,-1.0,-0.9999999999999998,0.5000000000000002,0.5000000000000002,0.0,436080.19047619094
0,-0.34099616858237547,-1,-0.0006545032026533115,0.11959265273515196,-0.004150702426564496,-0.000327251601326656,86,2,0,-89,-1.0,-1.0,-0.9999999999999998,0.5000000000000002,0.5000000000000002,497620.80952381005
0,-0.36853932584269655,-1,-0.0004145549222077578,0.13214842305157695,-0.003402307033563417,-0.0002072774611038789,145,8,0,-164,5.141986276792242,-4.200953663343556,-4.200953663343556,-1.0,0.8090169943749481,2391847.2380952407
0,-0.3600000000000001,-2,-0.0003603603603603608,0.24161553263790825,-0.008011320685947551,-0.00018018018018018018,146,13,0,-180,-1.4422495703074083,-1.0000000118301493,-1.0,0.9999999999999996,-0.9999999999999989,3996748.7142857183
0,-0.4056338028169013,-5,-0.000381234777083554,0.21821087887888974,-0.007518918704549474,-0.000190617388541777,163,13,0,-216,-1.4422495703074096,-1.0000000000000018,1.000000000000001,-1.0000000000000004,-1.0000000000000004,5225522.333333339
0,-0.5220338983050847,-10,-0.0004427768433461277,0.34495661992096605,-0.011168464214508088,-0.00022138842167306397,175,15,0,-308,-1.5874010519682047,-1.259921049894862,-1.000000000000005,1.0000000000000004,-1.0000000000000004,11018517.523809535
0,-0.5419039869812856,-11,-0.00044128989167857157,0.29161104572835994,-0.009091624128017197,-0.00022064494583928567,184,13,0,-333,-1.5874010519681998,-1.000000000000002,-1.0000000000000009,-1.0,-0.9999999999999997,12108601.333333345
0,-0.561619718309859,-13,-0.0004948191350747659,0.32665599399308914,-0.006314060834292224,-0.00024740956753738284,167,9,0,-319,-1.2599210498948725,-1.0,-1.0,-1.0,-1.0,12222425.523809537
0,-0.5831062670299727,-13,-0.0005300966063908844,0.2999949334592862,-0.003789968059106348,-0.0002650483031954422,157,22,0,-321,-1.9274022976742102,1.0,-0.9999999999999991,-0.9999999999999984,0.9681322507529224,13388609.238095252
0,-0.7214377406931962,-12,-0.0009272978672149057,0.5302057220983666,0.004425698392322269,-0.00046364893360745284,120,36,0,-281,1.67879665270082,-1.6787966527008185,-1.1892071150027208,1.1892071150027206,1.0000000000000004,6291677.857142864
0,-0.7214076246334311,-8,-0.001059335718991823,0.41282001073332253,0.0,-0.0005296678594959112,98,30,0,-246,1.593320847378223,-1.5933208473782225,-1.1892071150027204,1.189207115002719,0.6705601406161568,3856361.285714289
0,-0.7342549923195085,-9,-0.0011296230651069356,0.49638368921750403,0.0,-0.000564811532553468,114,66,0,-239,-12.888864764716562,12.888864764716542,6.940027477719573,-4.859166936308645,-1.0404302707054596,3710971.8571428605
0,-0.5430711610486891,-6,-0.0010188952364890975,0.25286406366434133,0.000815944355270198,-0.0005094476182445488,73,16,0,-145,1.5096419397216665,-1.5096419397216654,1.3160740129524957,-1.316074012952495,0.9999999999999998,1734345.8095238113
0,-0.6733067729083666,-4,-0.0013439256944278773,0.352344469466627,-0.003984458206776853,-0.0006719628472139385,102,37,0,-169,-24.337923040774214,24.33792304077421,-1.0097893623674168,1.0097893623674166,0.9999999999999998,3584409.0000000037
0,-0.7196969696969697,-3,-0.0013656488988557304,0.4763681819555146,-0.006787199931898394,-0.0006828244494278652,112,50,0,-190,-41.77410647424418,41.694472394949116,-0.9999999999999978,1.0000000000000022,-0.7538040650034269,15219528.71428573
0,-0.6422018348623855,-3,-0.0011805180787911491,0.45605012784759447,-0.01101588757525366,-0.0005902590393955746,101,38,0,-175,-2.2326952898140178,2.087660861111832,-1.0000000000000004,1.0000000000000002,-0.9999999999999999,15706462.33333335
0,-0.678294573643411,-5,-0.0013170768420260404,0.41758269270648246,-0.0038921188630490957,-0.0006585384210130202,122,24,0,-175,-1.8402301111176977,1.7752412642019175,-1.0,0.9999999999999999,-0.9999999999999999,13697828.761904776
0,-0.6986301369863013,-6,-0.0011983364270777043,0.42517631153421,-0.006861979464894875,-0.0005991682135388519,143,44,0,-204,-2.4728282560814083,2.3600903564998683,1.0000000000000007,-1.0000000000000004,0.9999999999999991,22475699.90476193
0,-0.6495726495726495,-4,-0.0011122819341997424,0.4598745552653755,-0.005710655784968721,-0.0005561409670998712,130,44,0,-190,-2.482078440051048,2.3707170225826313,-1.000000000000001,1.0000000000000004,-0.5741365930537894,18585002.14285716
0,-0.6560509554140128,-2,-0.0010463332622233056,0.3143880701832673,-0.008504431313487397,-0.0005231666311116528,141,43,0,-206,-2.5698837409078132,2.4750617493533773,-0.9515444342470011,0.4238993874430489,-0.4142814300208709,18150780.047619067
0,-0.61993769470405,-4,-0.0009671414893978939,0.3096011711225945,-0.007799817463093988,-0.00048357074469894683,137,41,0,-199,57.99260565766998,-27.79192220364663,-31.298315636814714,-0.7701655519907274,-0.5274794244773888,10394275.095238106
0,-0.5673076923076923,-4,-0.0009106062476848995,0.37316609704559855,-0.008557883413140475,-0.00045530312384244975,114,38,0,-177,-2.4898093683745723,2.3861605758534523,-1.0,-0.8859656332487201,-0.5371223519586327,3624398.0000000033
0,-0.5829457364341086,-4,-0.0009051952429101067,0.26667536335749903,-0.0033078168405619285,-0.00045259762145505333,121,42,0,-188,4.483803422052436,-4.584993695951639,-1.0,0.41667155824815205,-0.41152580782982556,5159525.761904767
0,-0.6446776611694152,-9,-0.0009679844762303532,0.3838491588077498,-0.0037628719457524834,-0.0004839922381151766,126,59,0,-215,4.260209610622404,-0.6068806373404989,-4.721937849208505,0.15419186502391224,-0.1334471982284717,8455762.38095239
0,-0.6488888888888888,-6,-0.0009627431585888561,0.36998330895343423,-0.0034725789325427683,-0.00048137157929442804,130,63,0,-219,-3.061460882519941,3.0326523352683665,-1.0000000000000009,-1.0,0.5000000000000004,9808657.285714295
0,-0.6277372262773724,-8,-0.000917744482861655,0.2993344264660484,-0.004395083361039811,-0.0004588722414308276,133,68,0,-215,-3.010699351005174,2.9959922358535898,-1.0000000000000016,-1.0,0.6834020536485663,11602829.23809525
0,-0.6339285714285714,-4,-0.0009447519693421332,0.3171230301637022,-0.008450490667319491,-0.00047237598467106683,120,80,0,-213,-5.472536231962003,5.340409272810679,-1.0000000000000004,-1.0,0.5029419562067015,11308906.904761916
0,-0.5880551301684531,-4,-0.0009019250462706336,0.33274223226826444,-0.009222822577399602,-0.0004509625231353168,103,80,0,-192,-3.0321974419076696,2.8978057968535853,-1.0000000000000018,0.5000000000000006,0.5000000000000006,14071881.2857143
0,-0.6598837209302326,-4,-0.0009605294336684617,0.2745427861340251,-0.00729976888757323,-0.0004802647168342302,116,94,0,-227,-2.864528820023048,2.7415108894045543,-0.9999999999999998,-0.56534486969114,-0.56534486969114,23434175.61904764
0,-0.6738794435857807,-6,-0.001043157033414521,0.3828070001858386,-0.009715467901185628,-0.0005215785167072605,118,81,0,-218,6.111853898966398,-1.7855616204341067,-5.46961580115332,-0.953826836766114,-0.953826836766114,20944236.4761905
0,-0.6788685524126454,-7,-0.0011314475873544097,0.38752380257843577,-0.011301619942044034,-0.0005657237936772047,110,82,0,-204,-4.968680771451112,4.746994310286344,-1.000000000000001,-1.0,-0.9825027807027833,15558523.238095254
0,-0.6101083032490975,-5,-0.0011032699877922196,0.3301410370140532,-0.014507886687309934,-0.0005516349938961098,80,85,0,-169,23.01701375728064,-23.233542547252835,-21.832257353137948,19.700073213557918,-0.9999999999999973,11276076.000000011
0,-0.5220588235294117,-2,-0.0009614342974758969,0.476730980035163,-0.01597483300425467,-0.00048071714873794825,70,84,0,-142,32.64676403966903,-32.92159373338894,-1.4142135623731011,1.4142135623730885,-1.2006696146172748,8592026.047619056
0,-0.6165703275529866,-4,-0.0011902902076312478,0.4019728385730125,-0.016512891557114773,-0.0005951451038156241,84,74,0,-160,-33.21952750759139,32.9823348876572,-17.131079234640925,-13.131079234640925,14.131079234640922,7735117.380952389
0,-0.6078799249530955,-4,-0.0011426314378817585,0.397890088774163,-0.019031447847011922,-0.0005713157189408795,79,82,0,-162,-3.156565300119405,2.9251400674083525,1.999999999999999,-1.9999999999999971,-1.078935717211346,8440167.619047627
0,-0.6304801670146138,-6,-0.001318996165302538,0.3154933861496069,-0.014730519681938578,-0.0006594980826512694,80,67,0,-151,-2.960961692010259,2.805078142076632,-1.9999999999999996,1.9999999999999996,1.0000000000000013,3896189.9047619086
0,-0.6153846153846154,-3,-0.0012820512820512818,0.36985380057462913,-0.013179716314421686,-0.0006410256410256409,79,69,0,-148,-2.8908739299335617,2.7037579062263974,-2.0,1.9999999999999998,1.0,3482059.8571428605
0,-0.5212121212121212,-3,-0.0010550852656115817,0.37087076810941677,-0.01011002047408599,-0.0005275426328057906,66,68,0,-129,23.618419726398937,-23.760143611335305,1.7320508075688839,-1.7320508075688723,-1.0,3946173.0476190513
0,-0.5553319919517103,-4,-0.0011196209515155456,0.2245596496245414,-0.007255523773506443,-0.0005598104757577724,80,66,0,-138,-2.5004566263176713,2.3094414740549496,-1.7320508075688792,1.732050807568879,-1.0000000000000004,3549330.0476190513
0,-0.58051689860835,-2,-0.0011564081645584656,0.3329449388508462,-0.009434518047014192,-0.0005782040822792328,84,66,0,-146,6.991498267039859,-2.323572196487776,-3.3806674883730654,-1.414213562373095,-1.0,5314632.714285719
0,-0.6147704590818364,-1,-0.0012295409181636726,0.38229144605453036,-0.002661633129510933,-0.0006147704590818363,95,50,0,-154,-2.432639433668379,2.3867181837263924,-1.0000000000000009,1.0000000000000007,1.0000000000000004,5478823.571428577
0,-0.6344294003868471,-2,-0.0012295143418349754,0.370375610456217,-0.002579195148264694,-0.0006147571709174875,114,37,0,-164,-2.254910636576304,2.1993552840826167,-1.0,0.9999999999999994,-0.9999999999999993,6564535.761904769
0,-0.7169179229480735,-1,-0.0012028824210538157,0.26524178477294635,-0.01228413497528496,-0.0006014412105269074,146,26,0,-214,-2.000000000000001,1.6506291914393878,-1.3953369944670748,-1.0000000000000002,-1.0,17966384.71428573
0,-0.8109668109668109,-6,-0.001171917356888456,0.32382371234231716,-0.013468387853431107,-0.0005859586784442277,183,46,0,-281,10.235504307445034,-10.560056767780482,-1.3953369944670726,1.0000000000000002,-0.9999999999999987,39508438.19047623
0,-0.7407407407407407,-3,-0.0009811135638950208,0.28570371635555974,-0.016623256173500495,-0.0004905567819475105,153,54,0,-280,-2.59875236196069,2.2693362448785845,-1.2599210498948734,1.1008200764149587,1.0000000000000004,57430422.809523866
0,-0.8765294771968857,-4,-0.0009760907318450834,0.2616863461939873,-0.021515029438640886,-0.00048804536592254215,219,62,0,-394,-3.263474375137413,2.7422489896512467,1.0888006508473878,-1.0000000000001459,1.0000000000000009,76712819.23809522
0,-0.8314374353671146,-8,-0.0008607012788479456,0.28116489176588855,-0.02389551254674663,-0.00043035063942397256,185,67,0,-402,-3.485129346188333,2.673468448753388,1.155474776857833,-1.0000000000000002,-1.0,9201054.095238097
0,-0.8702594810379243,-9,-0.0008693900909469772,0.38412390708836974,-0.023341815402885987,-0.0004346950454734886,198,71,0,-436,-17.43614647290166,16.627382912061663,-1.2599210498948734,1.1063824146485548,-1.0000000000000007,86513060.04761913
0,-0.8011811023622046,-6,-0.0007893409875489705,0.4334965403958727,-0.021889289253585117,-0.000394670493774485,173,70,0,-407,4.247296697194143,-5.180112336033007,5.382153125816242,7.58233060062107,-5.413632279389075,72057555.71428578
0,-1.0171339563862931,-4,-0.000792777830386822,0.2992369392683782,-0.021441657459734677,-0.000396388915193411,373,188,0,-653,60.73624490765198,-62.42004895682366,2.3881850527977075,-1.3538601281972327,1.1152645175528542,41300893.61904763
0,-1.0080822924320352,-6,-0.0007412369797294376,0.3553414378068669,-0.015581391758957674,-0.0003706184898647188,418,176,0,-686,37.49965081629534,-38.95625580721185,2.3767555650205185,-1.000000000000003,1.0000000000000029,102952948.38095237
0,-0.9935298346513302,-7,-0.0007147696652167842,0.38544920927687587,-0.016906977020811138,-0.00035738483260839204,431,168,0,-691,-3.64281542830604,2.405895400805157,2.405895400805157,1.000000000000003,-1.0000000000000024,118398728.52380961
0,-0.9557251908396946,-8,-0.0007301185567912107,0.3244101052764195,-0.011784715594279458,-0.00036505927839560533,425,124,0,-626,-3.330973179480976,2.4376714818525302,2.4376714818525302,-1.000000000000001,1.0000000000000002,24303253.000000007
0,-0.9686242960579241,-11,-0.0007798907375667674,0.38706122814447935,-0.007862994243453828,-0.00038994536878338344,430,98,0,-602,2.6080070681282774,-0.5818931995684462,-0.5818931995684462,-1.0,-0.8761683697322379,109484212.19047628
0,-0.9548810500410172,-7,-0.0007839745895246446,0.452037716084049,-0.0117894659501133,-0.0003919872947623223,388,116,0,-582,-3.1862661362537206,2.340288109613307,2.340288109613307,-1.0,-0.8903844640040437,99727352.57142866
0,-0.9467455621301775,-8,-0.0008009691726989657,0.38452504982137375,-0.011022874629286592,-0.00040048458634948296,376,106,0,-560,-3.0536641343691153,2.2428131159329796,2.2428131159329796,-1.0,-0.8252336626112278,74191011.14285721
0,-0.8429561200923787,-8,-0.0009745157457715363,0.5529567802674497,-0.01190637176733088,-0.00048725787288576795,260,26,0,-365,-2.404121028294446,1.6883266658817808,1.6883266658817808,-1.0,-1.0,38671281.19047623
0,-0.8,-6,-0.0011126564673157157,0.4378286921173742,-0.019386847978930186,-0.0005563282336578581,179,26,0,-288,-2.6592509271252127,1.7644965484223714,1.7644965484223714,1.0000000000000018,-1.0,12879912.714285728
0,-0.7704160246533127,-7,-0.00118891361829215,0.44963569791804225,-0.020698756822081013,-0.0005944568091460747,149,23,0,-250,2.5830224578717043,-3.4959607379427085,1.66634134230071,-1.000000000000001,1.0000000000000009,9485397.095238104
0,-0.7670364500792393,-8,-0.0012175181747289504,0.4101370075888079,-0.018754361148998575,-0.0006087590873644756,142,36,0,-242,-2.5554024241324127,1.7122056352115256,1.7122056352115256,-1.0000000000000013,1.0,8809852.76190477
0,-0.694300518134715,-7,-0.0012012119690912029,0.42862009514004173,-0.021070002784196667,-0.0006006059845456014,112,27,0,-201,37.46212978536718,-18.247607945722415,-18.247607945722415,-1.0,-1.0,5512801.33333334
0,-0.6565464895635675,-7,-0.0012481872425162874,0.3818863879731565,-0.015933578950256766,-0.0006240936212581437,82,20,0,-173,-96.7708340079315,96.29605399137904,30.159497579215024,-29.621127623448267,16.454781916505596,3640417.0000000037
0,-0.6333907056798622,-3,-0.0010920529408273488,0.3225808268502584,-0.01105511983675472,-0.0005460264704136744,80,32,0,-184,49.96496758067319,-44.304134298826625,36.192629297238526,-23.35306272703602,17.53923106076379,4832261.47619048
0,-0.6900175131348512,-4,-0.001210557040587458,0.43815264484618227,-0.015151493120548318,-0.000605278520293729,85,52,0,-197,-2.4983006168826067,1.8186265320254358,1.8186265320254358,1.0000000000000007,-1.0,4351012.714285718
0,-0.6837294332723949,-8,-0.0012522517092901004,0.44175154271227124,-0.02403008196262935,-0.00062612585464505,80,50,0,-187,42.80645214359963,-35.03646220189627,-35.03646220189627,13.04605469765679,13.276385532698505,3056859.714285717
0,-0.625925925925926,-6,-0.0011612725898440183,0.3735262277910574,-0.022704373043835206,-0.0005806362949220092,70,48,0,-169,27.16681830905246,-25.786866882606567,-20.977980019638554,-19.159161084771757,17.398423979317357,2950268.380952384
0,-0.6329588014981276,-5,-0.0011875399652872937,0.4732432157314959,-0.02726998595158311,-0.0005937699826436466,68,43,0,-169,24.768225294568754,-25.91352542614956,15.092034090124983,-13.269821231592793,-12.938450510362975,3107852.809523812
0,-0.6666666666666667,-6,-0.001165501165501165,0.3735646320675688,-0.021330010482852935,-0.0005827505827505828,76,50,0,-191,-29.43443659212312,28.392023380724094,-24.775576616583642,25.774563172124008,0.4762030094231671,3204604.6666666693
0,-0.7644305772230888,-7,-0.0011944227769110755,0.4127352864723204,-0.03457638798231745,-0.0005972113884555382,98,69,0,-245,5.591696260372843,-2.5628256834841565,-2.5628256834841565,2.0812623917437665,-2.6676509813659055,7765808.571428578
0,-0.8428207306711977,-5,-0.0007166842947884337,0.2398557899274552,-0.04006090571521646,-0.00035834214739421683,262,87,0,-496,42.73423319941351,-28.93223337166735,31.74980390081045,28.337824805182088,-26.832263001275155,72870368.57142864
0,-0.7622585438335809,-9,-0.0005667349768279412,0.4082674629939143,-0.038931645990934204,-0.0002833674884139706,223,160,0,-513,-4.557394514649855,2.665555926392789,2.665555926392789,-1.0000000000000002,1.0,104328874.33333333
0,-0.7609147609147606,-11,-0.0005276801393306247,0.43715813149476923,-0.036893999017444,-0.00026384006966531236,226,164,0,-549,-4.8269220411001275,2.9319773791694925,2.9319773791694925,-1.000000000000001,1.0000000000000009,71502498.61904763
0,-0.7748478701825556,-11,-0.0005242543100017294,0.4368580044963661,-0.035014683223205105,-0.0002621271550008647,223,206,0,-573,-5.0588397339744064,3.0392728101525224,3.0392728101525224,-1.0395149876915881,1.004156002523219,45165811.238095246
0,-0.7992047713717694,-14,-0.0005299766388406958,0.4917104063437089,-0.034882553960338895,-0.0002649883194203479,235,207,0,-603,25.3556992342055,-27.541813010825923,27.295255162519528,-23.180274338135977,-22.796778352199592,33030454.761904765
0,-0.7531603459747171,-10,-0.0005014383128992791,0.46897577944512997,-0.0328401967327508,-0.00025071915644963954,205,178,0,-566,30.152805440080066,-30.23739769898419,36.29926020516694,-26.31411215131982,-23.33819803575849,39819122.095238104
0,-0.7603305785123966,-13,-0.0005240045337783575,0.42771655018218935,-0.031041440988230078,-0.00026200226688917873,211,190,0,-552,-50.40506541619083,48.35896877346771,36.59528213002568,-35.174114201192,-24.862738723135752,87179542.47619046
0,-0.7412280701754388,-11,-0.0008136422285131045,0.4910967613161761,-0.02227838628916537,-0.0004068211142565525,135,126,0,-338,7.3255889857445124,-8.860179107789335,12.267612914351057,-11.313372308530171,5.938231734462581,13983363.142857155
0,-0.7871148459383752,-12,-0.0011039478905166557,0.5066036642638952,-0.02101585930920307,-0.0005519739452583276,111,85,0,-281,20.855630170706768,-22.157339084955197,-2.4026433329424735,5.3073940654546705,1.0000000000000018,5658630.333333338
0,-0.7438825448613375,-7,-0.0012154943543485914,0.4604030487827985,-0.016875936903076812,-0.0006077471771742955,95,69,0,-228,10.824312426075714,-6.519541741793088,-5.089336125261773,-7.888408229599293,5.159306923065309,2530347.000000002
0,-0.5513307984790874,-4,-0.0010501539018649298,0.422170286653832,-0.01803268902841357,-0.0005250769509324643,53,44,0,-145,21.794704160640762,-19.783557517572557,-19.783557517572557,17.57308699703498,19.573087001430373,1226433.6190476199
0,-0.4541484716157207,-3,-0.000993760331763063,0.3890126322316737,-0.013618261665424689,-0.0004968801658815326,49,31,0,-104,35.92811500664115,-28.773594804773843,-28.773594804773843,12.189333513017914,10.189333513017914,540497.8571428575
0,-0.6103286384976527,-4,-0.0014360673847003589,0.3031229584572142,-0.016549425968423282,-0.0007180336923501797,55,29,0,-130,19.484291580108138,11.546662769212832,-7.23002562665747,-7.473429706371701,-5.473429706371701,531852.5714285718
0,-0.6352941176470588,-6,-0.0014983351831298554,0.44031946811516887,-0.024008851239361247,-0.0007491675915649279,63,42,0,-135,40.492080880793026,-19.811652728525484,-19.811652728525484,3.2135554881773274,-2.106777744088662,840803.9047619054
0,-0.6683168316831685,-6,-0.001658354421050045,0.45441076997193663,-0.027457256136530366,-0.0008291772105250229,68,23,0,-135,-2.059425668159567,1.3368154759548587,1.3368154759548587,-1.0,0.9999999999999999,673254.9523809529
0,-0.5473145780051154,-5,-0.0014033707128336278,0.3230823445694718,-0.024942196347748184,-0.0007016853564168141,51,22,0,-107,-2.044950006279441,1.322141131075092,1.322141131075092,-1.0,-0.9999999999999997,469439.3809523813
0,-0.5486725663716814,-1,-0.0012165688833074978,0.2905934720798603,-0.036887012699937174,-0.0006082844416537487,48,53,0,-124,-2.8115535978654207,1.7521700944417617,1.7521700944417617,1.0,-1.0,1278408.8095238106
0,-0.5831533477321813,-4,-0.0012622366834029904,0.45837783606959687,-0.035333835110841816,-0.0006311183417014947,59,44,0,-135,-2.7701039903118594,1.7159393503839455,1.7159393503839455,-1.0,-1.0,1220356.9047619058
0,-0.5514403292181072,-5,-0.0011369903695218702,0.4455099183094044,-0.03449960031045972,-0.0005684951847609351,58,40,0,-134,8.963567247370248,-4.034968144491121,-4.034968144491121,-1.0,-1.0,1544813.4761904774
0,-0.49912126537785606,-3,-0.0008787346221441122,0.29509192274438834,-0.03421028801240558,-0.0004393673110720561,37,51,0,-142,-3.183318465333028,1.9315977800363706,1.9315977800363706,-1.0,-1.0,3147626.571428574
0,-0.6114864864864864,-9,-0.0010346641057300946,0.3796534095174238,-0.02074117165017125,-0.0005173320528650477,55,39,0,-181,-2.877547852785619,2.4128228249444295,1.0000000000000002,-1.0000000000000002,-1.0,3617599.619047622
0,-0.5946791862284819,-7,-0.0009320990379756769,0.35225340879970996,-0.026976595243780776,-0.00046604951898783866,63,43,0,-190,22.82594830523218,-11.701806757138824,-11.701806757138824,5.3056730099090466,-6.101396625987848,7677689.904761911
0,-0.6441136671177266,-8,-0.000872782746771987,0.298430362794987,-0.02656976435317369,-0.00043639137338599373,82,58,0,-238,26.07409367226041,-27.459361036319155,21.822511928084943,20.81230589094784,-20.812305890947805,11717168.285714297
0,-0.5899864682002707,-9,-0.0007994396588079547,0.40191161020584243,-0.040778545351334176,-0.00039971982940397734,74,32,0,-218,53.748617514642945,-54.041403322545584,51.16625401277314,-48.09450245406733,27.78146695973251,12626211.476190487
0,-0.6936274509803921,-9,-0.0008510766269698062,0.4438709393847165,-0.039512301918974826,-0.0004255383134849031,113,64,0,-283,25.960513972982213,-24.358896312065408,26.29992688641559,23.149279820504763,-20.394527606560757,26991316.761904787
0,-0.6599552572706937,-9,-0.0007390316430802844,0.49597975831970215,-0.04064818844533476,-0.00036951582154014196,111,123,0,-295,33.26847959581437,-30.046443823397414,-24.835152101598336,-28.543026526945216,23.120146258741187,38517381.28571433
0,-0.7186067827681029,-11,-0.0006592722777689014,0.39913670796377454,-0.03285929814787112,-0.0003296361388844507,179,122,0,-392,40.10747938647768,-35.619117416938096,-35.619117416938096,27.561478157538353,25.561478157538353,68541711.23809531
0,-0.6719872306464485,-12,-0.0005367310148933296,0.38294027296761385,-0.037563065866188246,-0.0002683655074466648,177,125,0,-421,12.14753514431582,16.246974116418027,15.844214105375837,-11.980838866016345,-11.961643825932013,107115482.04761906
0,-0.6299456943366952,-12,-0.0004890882720005399,0.41684860642616317,-0.037316608822137685,-0.00024454413600026993,185,101,0,-406,14.354444253474682,18.22023936400366,-14.045434174614261,-15.81739346417443,-15.720128062112334,104578890.99999997
0,-0.6432474629195943,-12,-0.0005025370804059334,0.3815503242915931,-0.035255366323146964,-0.0002512685402029665,181,113,0,-412,23.726091479650727,-11.71876475778949,-11.71876475778949,8.543115088418746,5.194267444816953,104653626.85714285
0,-0.6336173508907825,-11,-0.0004911762410006065,0.3253343260799262,-0.03135891943423147,-0.00024558812050030313,176,107,0,-409,-3.7751570127240255,2.3062165187220036,1.4053619140108617,1.0000000000000042,-1.0,101508822.47619048
0,-0.6634146341463414,-14,-0.000539800353251702,0.4309809331249702,-0.035294436159550434,-0.0002699001766258509,179,100,0,-408,40.45047988751114,-19.86656153479543,-20.644977270410145,-16.69997853758476,16.699056879748845,81064688.28571437
0,-0.6308610400682011,-13,-0.0005382773379421515,0.32703628189813955,-0.03868933135924316,-0.0002691386689710756,161,72,0,-370,20.456789990884765,-18.723475919841107,22.31842103907972,-12.521562201356348,-12.521562201356348,73751978.3333334
0,-0.6590673575129535,-10,-0.0006836798314449727,0.26721368636387266,-0.0362458385094745,-0.00034183991572248604,161,65,0,-318,-3.304128618040313,1.7870376835084705,1.7870376835084705,-1.0000000000000022,1.0000000000000018,36597525.42857146
0,-0.6166868198307134,-9,-0.000746594212870113,0.3201495375474865,-0.04633191060960394,-0.0003732971064350566,133,66,0,-255,-3.2259203602171094,1.7258268467803315,1.7258268467803315,-1.0000000000000013,-1.0000000000000007,26117109.190476216
0,-0.6508135168961202,-8,-0.0008155557855841101,0.3033079563272212,-0.05469108582328648,-0.00040777789279205514,133,58,0,-260,24.929480562120883,-23.62699326256727,-23.62699326256727,16.562146151516963,18.562146151516963,27835485.476190507
0,-0.7190721649484535,-8,-0.0009278350515463914,0.30975254990067896,-0.060361029116696455,-0.0004639175257731958,149,62,0,-279,-3.018747120636125,1.6205297825947729,1.6205297825947729,-1.0000000000000004,-1.0000000000000004,26436650.285714313
0,-0.6442577030812324,-6,-0.0009035872413481524,0.3161971421849938,-0.056161961444852186,-0.0004517936206740762,119,52,0,-230,51.26515291177676,-52.61150323883786,1.4512127236598178,-1.0000000000000024,-1.0000000000000009,17860792.71428573
0,-0.6557863501483681,-6,-0.0009744225113645882,0.37563824566103665,-0.058802479837753455,-0.0004872112556822941,118,48,0,-221,-2.5985179789527195,1.344695024762423,1.344695024762423,1.0000000000000013,-1.0000000000000002,13718444.809523823
0,-0.6880269814502531,-5,-0.0011622077389362383,0.4140004911334423,-0.05487471136910039,-0.0005811038694681192,110,47,0,-204,54.25337113783869,-27.250249368418668,-27.250249368418668,25.656467485165848,-13.328233742582944,11929659.380952392
0,-0.8607242339832868,-3,-0.001200452209181711,0.37291902859047715,-0.041592080312200665,-0.0006002261045908557,214,58,0,-309,-2.789314008920628,1.2889767994394437,1.2889767994394437,-1.0000000000000022,1.0000000000000007,88479145.7142858
0,-0.7770700636942676,-5,-0.000991160795528403,0.4459197910065968,-0.04270541938161799,-0.0004955803977642012,197,63,0,-305,31.147527449568553,-26.459117469465255,-26.459117469465255,11.566671117713216,9.566671117713216,103495660.76190476
0,-0.7496947496947499,-7,-0.000916497249015586,0.4302389805432844,-0.036206827164767134,-0.0004582486245077933,197,71,0,-307,-3.0431193104258787,1.2281639851306891,1.2281639851306891,1.0000000000000004,-1.0,99674748.19047618
0,-0.6994152046783624,-7,-0.0008189873591081536,0.47275231571029486,-0.02503116056111476,-0.00040949367955407645,200,52,0,-299,-2.595354534607239,1.0436499986624437,1.0436499986624437,1.0000000000000007,-1.0,88310560.23809525
0,-0.6932725199543899,-9,-0.0007914069862493033,0.5223608204049689,-0.02989623573153512,-0.00039570349312465186,197,56,0,-304,-2.7190162939927616,1.1488581529882111,1.1488581529882111,-1.0,-0.9999999999999999,89813243.28571427
0,-0.7391304347826089,-8,-0.0008042768604816198,0.46162610626353895,-0.02746815466891407,-0.0004021384302408099,234,56,0,-340,6.150612897699668,-3.2537921683402917,-3.2537921683402917,-1.0,-0.9999999999999988,57391448.33333333
0,-0.7284623773173393,-7,-0.00079526460405823,0.48509375862924253,-0.03180808490069536,-0.00039763230202911534,224,71,0,-334,-2.882207512668815,1.4354195096438218,1.4354195096438218,-1.0,-0.9999999999999999,92777707.52380952
0,-0.7069408740359897,-8,-0.0009098338147181333,0.5414971570010612,-0.049482916005574994,-0.00045491690735906677,146,89,0,-275,48.759623454515975,-45.639552264332956,-45.639552264332956,31.514789118865565,31.514789118865565,33212613.571428604
0,-0.723529411764706,-6,-0.0010655808715238674,0.4429570672230911,-0.04458615711291051,-0.0005327904357619337,135,76,0,-246,62.91023378449513,-64.61858521546614,1.524848600958904,-1.0000000000000004,1.0,20234473.19047621
0,-0.75,-8,-0.0011450381679389311,0.42287774561957625,-0.027601628292664097,-0.0005725190839694656,153,33,0,-246,-2.7848552376836704,1.3722438456071604,1.3722438456071604,-1.0,-0.9999999999999999,18203403.71428573
0,-0.6974522292993632,-7,-0.001112364002072349,0.4254597887874299,-0.022464568030167525,-0.0005561820010361747,143,30,0,-219,-2.5900142873209226,1.2460073106662244,1.2460073106662244,1.0000000000000018,-1.0000000000000016,16102515.047619065
0,-0.6846275752773374,-6,-0.0010867104369481555,0.4723041241304418,-0.027374549656950596,-0.0005433552184740773,158,26,0,-216,18.795014007778292,-19.852357968608615,1.000000000000001,-0.9999999999999999,0.9999999999999997,20290867.80952383
0,-0.6570048309178744,-7,-0.0010596852111578615,0.2679489874806937,-0.045274790689997776,-0.000529842605578931,134,49,0,-204,-20.4886258050862,19.00229568716098,1.3037007226846735,-1.0,1.0,21166270.523809545
0,-0.6346749226006194,-7,-0.0009839921280629755,0.3624811234140193,-0.050428142548885585,-0.0004919960640314878,134,60,0,-205,-2.9949812899621038,1.8715313626724321,1.022088043400499,-0.7418192437992913,-0.7418192437992913,27359464.047619075
0,-0.5809682804674459,-6,-0.0009715188636579357,0.27551772564036703,-0.040083876180561966,-0.00048575943182896787,106,50,0,-174,-2.8843459598742434,1.9128781421924372,0.9999999999999992,-0.8780452220595453,0.4344785693384398,11593818.380952392
0,-0.6213921901528014,-5,-0.0010567894390353769,0.3433670663570575,-0.04188954078725706,-0.0005283947195176882,110,58,0,-183,-2.9892721159808735,2.2327090167918393,0.8951467312734741,-0.7718505933008984,0.27485278428819093,13507372.523809537
0,-0.5309734513274338,-4,-0.0009414422895876484,0.28083580801008134,-0.035113564988979044,-0.0004707211447938242,75,58,0,-150,7.338127325362576,-2.8814260762007566,-6.178691520874038,0.9999999999999997,0.8927067082364081,11342445.61904763
0,-0.613138686131387,-5,-0.0011209116748288612,0.3198276513212271,-0.04359325209037724,-0.0005604558374144304,85,73,0,-168,-2.89206242334821,2.2112005985563936,-1.4422495703074139,0.9999999999999987,-0.9999999999999986,11362358.904761916
0,-0.5259117082533591,-4,-0.0010113686697179975,0.3844675401806791,-0.034289184285304364,-0.0005056843348589992,69,74,0,-137,13.892035517274694,-14.559537686259983,-1.4422495703074094,-0.9999999999999996,0.9999999999999992,9929760.142857153
0,-0.5749486652977414,-2,-0.0011830219450570814,0.37391798649033714,-0.03167534551880317,-0.0005915109725285403,72,63,0,-140,-2.878420018226954,2.296508855701133,-1.4422495703074087,1.0000000000000004,-1.0000000000000004,7719319.095238103
0,-0.512820512820513,-2,-0.0010981167298083796,0.3097198132717236,-0.04998733234073388,-0.0005490583649041894,64,58,0,-120,-39.73319978366207,39.104537562154526,-30.586098815957367,27.673167633184953,-18.647463864114783,7679067.95238096
0,-0.5084033613445378,-3,-0.0010703228659885,0.32203750871728887,-0.04731477204610376,-0.0005351614329942504,62,63,0,-121,-19.288068696714916,18.685092459679012,7.543405767425062,-10.45633695019745,1.0000001313861437,7890205.714285722
0,-0.586046511627907,-4,-0.0013660757846804357,0.2719666795663972,-0.05887536271520724,-0.0006830378923402176,55,52,0,-126,-25.0565478906974,20.62092385238463,13.81793442174282,-5.001656126804478,-5.233134607099225,3600850.523809527
0,-0.6160520607375273,-2,-0.0013392436102989728,0.33947732297653554,-0.05709322258261163,-0.0006696218051494862,60,67,0,-142,41.633814115912585,-46.16153898555689,-20.200040300046496,22.20538488884335,19.512980101483173,4348343.666666671
0,-0.6537634408602149,-6,-0.0014089729328883938,0.41134576635966075,-0.04913647079375436,-0.0007044864664441973,61,65,0,-152,-3.016794062665493,1.8194254007363182,1.8194254007363182,-1.2599210498948745,1.000000000000001,4053025.0476190513
0,-0.6069868995633187,-5,-0.001328198904952557,0.41981854072405056,-0.05241651790241723,-0.0006640994524762787,61,48,0,-139,25.86086980191354,-25.983528920908213,24.07185034506602,-22.831505760589614,-18.68667752473984,3525266.9047619076
0,-0.6247191011235955,-6,-0.0014070250025306208,0.4757735577803338,-0.05403595018475834,-0.0007035125012653104,63,70,0,-139,-3.092919319290903,1.764484059967278,1.764484059967278,-1.259921049894874,-1.0000000000000007,2616447.2380952407
0,-0.6164705882352941,-5,-0.0014539400665926757,0.4215112470716605,-0.0406429343683673,-0.0007269700332963374,51,62,0,-131,14.456387047681032,-15.806208802706953,-8.890076760285048,9.178155047395112,1.0000000000000062,2205526.8095238116
0,-0.5558312655086848,1,-0.0013826648395738432,0.38920324318420996,-0.032813667261061746,-0.0006913324197869216,42,56,0,-112,-45.15231763782445,40.530128952299435,39.801960337993215,-11.08162728301258,-11.158009209230931,1694842.0952380965
0,-0.5573033707865169,-2,-0.001255187772041704,0.4929278601145204,-0.03786987637782215,-0.0006275938860208522,58,46,0,-124,23.40713618102229,-21.322216046679923,18.626297479122208,-14.932008038757512,-11.883090699235208,2067174.7142857162
0,-0.5819070904645478,-4,-0.0014262428687856548,0.2963462296803781,-0.017078654349056522,-0.0007131214343928281,52,48,0,-119,28.348354666021862,-32.51811748838968,26.78842029338467,-24.85698761871987,28.220578318137612,1223161.4761904774
0,-0.6322580645161293,-8,-0.001362625139043381,0.27361125618396215,-0.019428815337877454,-0.000681312569521691,82,62,0,-147,-2.2065085326893996,-2.0368933434935244,-2.0000000000000036,1.8623930156582063,1.618033988749899,907110.3333333341
0,-0.5328031809145131,-8,-0.0010613609181564002,0.3350721331141239,-0.012801153986874713,-0.0005306804590782001,77,60,0,-134,22.152852477514795,-24.363491551212455,10.646613579401887,14.626954708594369,-9.10205338387037,1052143.8095238104
0,-0.583011583011583,-8,-0.001127681978745808,0.5058849954384652,-0.013562010445057242,-0.0005638409893729043,81,68,0,-151,-19.46888105479791,15.233305463906989,4.49939711949242,-1.6228711253074768,-1.759724071881194,1658437.0952380968
0,-0.46666666666666656,-8,-0.0009168303863785199,0.4613496383457989,-0.01972013945698156,-0.00045841519318925994,61,50,0,-119,42.87061410256404,24.137841701937496,-24.539131571901418,-20.92109758315152,-16.272572841630797,1413730.6190476203
0,-0.465587044534413,-6,-0.0009443956278588493,0.39526047422778043,-0.021258751307603952,-0.00047219781392942466,61,48,0,-115,42.07455964265273,-36.53950789352983,-36.36110820582461,15.20595853412094,15.060320223592257,1057412.5238095247
0,-0.4752066115702478,-8,-0.0009838646202282569,0.33324262642989066,-0.015259351655610898,-0.0004919323101141282,65,28,0,-115,55.040495346714216,-52.99215154233398,-26.66654368965427,29.521392190131515,-25.353397167465904,1124099.4761904771
0,-0.4628099173553717,-7,-0.0009581985866570848,0.44729505093790356,-0.020405439351333404,-0.0004790992933285424,71,45,0,-112,17.372747468325908,-21.333809981148736,15.24235202866506,15.24235202866506,-12.83991930383872,918445.095238096
0,-0.43207126948775043,-2,-0.0009644447979637286,0.30254335186945863,-0.030460256503047886,-0.0004822223989818645,43,26,0,-97,65.04214450415255,-68.88912311963445,-20.562867591954628,22.929114775543074,7.606412770439977,1579069.42857143
0,-0.49411764705882355,-6,-0.0011653718091009994,0.42024587140586295,-0.03117471395518765,-0.0005826859045504995,51,40,0,-105,-35.64430660830364,31.590433032690086,1.149588030636413,1.149588030636413,-1.0,1352922.4285714296
0,-0.458128078817734,-5,-0.0011311804415252685,0.33561392451208893,-0.02763502671061165,-0.0005655902207626347,38,55,0,-93,-2.3760857278031597,-1.8004569838317201,1.225526738542623,1.225526738542623,-1.000000000000001,735564.2380952387
0,-0.5454545454545454,0,-0.0010801080108010807,0.3608281939360757,-0.020750055988594713,-0.0005400540054005401,87,44,0,-138,17.407626383986866,-18.81129579068504,-15.945885524260575,13.070911076269118,10.944432200596,1049291.6190476199
