Graph Number,Average Node Degree,Unique Degree Count,Degree Centrality,Assortivity Coefficient,Clustering Coefficient,Density,Number of Weakly Connected Components,Number of Strongly Connected Components,Number of Nodes,Number of Edges,Eigenvalue_1,Eigenvalue_2,Eigenvalue_3,Eigenvalue_4,Eigenvalue_5
0,2.1946564885496183,11,0.004196283916920876,-0.2572279619388792,0.10429289413778613,0.002098141958460438,55,448,524,575,3.1696317871304536,1.4142135623730974,-1.4142135623730971,-1.4055164159864129,-1.4055164159864129
1,2.0469483568075115,11,0.004816349074841204,-0.3159450117209033,0.055403393127795644,0.002408174537420602,53,382,426,436,2.6030595863740027,-1.4142135623730965,1.4142135623730958,1.000000000000001,1.0000000000000007
2,2.039119804400978,10,0.004997842657845533,-0.32011250245793405,0.05632171689216516,0.0024989213289227674,52,367,409,417,2.5718499991786317,1.0000000000000009,1.0000000000000002,-1.0000000000000002,1.0000000000000002
3,2.0296296296296297,10,0.005023835716905023,-0.3194574547147129,0.05087032773350967,0.002511917858452512,50,365,405,411,2.5109290369086734,1.0000000000000036,-1.000000000000001,-1.000000000000001,-1.0000000000000009
4,2.0097323600973236,9,0.004901786244139813,-0.33050501580080643,0.03877218730005622,0.0024508931220699067,50,378,411,413,2.4513720870104394,-1.0000000000000016,1.0000000000000009,1.0,-0.9999999999999999
5,1.9952941176470589,10,0.004705882352941176,-0.3368134134040502,0.04690733128480155,0.002352941176470588,53,394,425,424,2.4379902410608834,-1.0780716553283844,-1.0780716553283844,1.0,1.0
6,2.031496062992126,9,0.005346042271031911,-0.3401765174860314,0.05407564214913445,0.002673021135515955,49,349,381,387,2.462133056407609,-1.1483144970365449,-1.1483144970365449,-1.0000000000000004,1.0000000000000002
7,2.0,7,0.005434782608695654,-0.3451860389764943,0.04878800620923505,0.002717391304347826,49,336,369,369,2.5771727764683074,-1.2785606927147875,-1.2785606927147875,1.1493022489808713,1.0000000000000002
8,1.9927272727272727,7,0.007272727272727272,-0.36352670004785387,0.04485834747388062,0.0036363636363636364,37,252,275,274,2.2721360656155922,1.1024283954731302,-1.0670301695617108,-1.0670301695617108,1.0
9,2.16,8,0.007883211678832117,-0.4153499229032326,0.04914897832450579,0.003941605839416058,25,255,275,297,2.185444404249014,-1.2615087921716968,1.0,0.8528349929803792,-0.7192529979529841
10,2.1811023622047245,8,0.008620957953378356,-0.45164932649030154,0.04270716605898247,0.004310478976689179,24,235,254,277,2.1530898932667473,-1.5331627818652782,1.0,-0.5231514708220961,-0.5231514708220961
11,2.1298701298701297,8,0.009260304912478826,-0.4346286291080545,0.0455211720173357,0.004630152456239413,22,217,231,246,1.9999999999999967,-1.0000000000000007,1.0,-0.4999999999999995,-0.4999999999999995
12,2.0676328502415457,8,0.010037052671075464,-0.4412738272410573,0.04276983181569789,0.005018526335537733,21,194,207,214,1.908974861222305,1.0000000000000002,1.0,-0.9999999999999998,-0.6779468404816338
13,1.978494623655914,8,0.01069456553327521,-0.4601984982758832,0.02886272731995032,0.005347282766637605,21,179,186,184,1.6180339887498953,-0.6180339887498936,-0.4999999999999994,-0.4999999999999994,-1.0986659069823394e-08
14,1.9401197604790419,8,0.011687468436620734,-0.4551628958024395,0.019829078902236934,0.005843734218310367,17,165,167,162,0.9999999999999998,-0.5000000000000002,-0.5000000000000002,0.0,0.0
15,1.8838709677419354,7,0.01223292836196062,-0.491534887847563,0.00967741935483871,0.00611646418098031,15,155,155,146,0.0,0.0,0.0,0.0,0.0
16,1.7735849056603774,5,0.016891284815813118,-0.3882029370641325,0.0,0.008445642407906559,17,106,106,94,0.0,0.0,0.0,0.0,0.0
17,1.7547169811320755,5,0.016711590296495955,-0.3754489198977492,0.0,0.008355795148247979,17,106,106,93,0.0,0.0,0.0,0.0,0.0
18,1.6991150442477876,5,0.015170670037926675,-0.35710655273260694,0.0,0.007585335018963337,21,113,113,96,1.0,0.0,0.0,0.0,0.0
19,1.829059829059829,7,0.01576775714706749,-0.32702937919752156,0.028490028490028487,0.007883878573533745,20,115,117,107,1.9999999999999996,-1.0000000000000002,1.0,-0.9999999999999998,0.0
20,1.981651376146789,9,0.018348623853211007,-0.34497019899602643,0.04460463084316295,0.009174311926605505,15,106,109,108,2.414213562373093,-1.0000000000000004,1.0,-1.0,1.0
21,1.9626168224299065,9,0.018515253041791573,-0.34264461182200956,0.04465212876427829,0.009257626520895786,15,104,107,105,2.414213562373095,1.0,0.9999999999999998,-0.9999999999999998,-0.9999999999999994
22,1.9292035398230087,9,0.017225031605562578,-0.3575757418813457,0.04220970769643336,0.008612515802781289,16,110,113,109,2.414213562373093,-1.0000000000000004,1.0,-1.0,1.0
23,1.9852941176470589,9,0.014705882352941176,-0.3817708567202964,0.03499245852187029,0.007352941176470588,16,133,136,135,2.4142135623730936,-1.0000000000000002,1.0,-1.0,1.0
24,2.02,11,0.010150753768844221,-0.29713108571997665,0.023794871794871796,0.005075376884422111,21,197,200,202,2.4142135623730936,-1.0000000000000002,1.0,-1.0,1.0
25,2.037914691943128,10,0.009704355675919657,-0.31944588170120897,0.022554380848219712,0.004852177837959828,18,208,211,215,2.414213562373093,-1.0000000000000004,1.0,-1.0,1.0
26,2.0271493212669682,9,0.009214315096668037,-0.320611660036069,0.01960920564459541,0.0046071575483340186,19,219,221,224,1.0,-1.0,1.0,-1.0,1.0
27,2.017699115044248,9,0.008967551622418878,-0.32653716961210016,0.03203403951240487,0.00448377581120944,21,223,226,228,1.0,-1.0,1.0,0.9999999999999998,-0.5000000000000002
28,2.04149377593361,8,0.00850622406639004,-0.3142666580528872,0.03866775887763674,0.00425311203319502,22,238,241,246,1.0,-1.0,1.0,0.9999999999999998,-0.5000000000000002
29,2.049586776859504,10,0.008504509447549808,-0.32422624933581023,0.03897829676755735,0.004252254723774905,21,239,242,248,1.0,-1.0,1.0,0.9999999999999998,-0.5000000000000002
30,2.0084745762711864,11,0.008546700324558242,-0.33188334249174317,0.03996972758947704,0.00427335016227912,23,232,236,237,1.3247179572447452,1.0,-1.0,1.0,-0.662358978622373
31,1.9113300492610839,9,0.00946202994683705,-0.4007008776003981,0.03975058446663614,0.004731014973418524,27,199,203,194,1.324717957244745,1.0,-1.0,1.0,-0.6623589786223729
32,1.914691943127962,10,0.009117580681561724,-0.3826758087272967,0.044541432403155286,0.004558790340780862,26,205,211,202,1.5213797068045674,-1.0,0.9999999999999999,-0.7606898534022832,-0.7606898534022832
33,1.8737864077669903,11,0.009140421501302393,-0.3614836407928697,0.031062892576526124,0.004570210750651196,26,201,206,193,1.521379706804568,-0.7606898534022841,-0.7606898534022841,3.5236570605778894e-16,0.0
34,1.8565022421524664,11,0.008362622712398496,-0.3479120400415557,0.015478032934493463,0.004181311356199249,25,220,223,207,1.324717957244746,-0.6623589786223727,-0.6623589786223727,0.0,0.0
35,1.875598086124402,11,0.009017298490982702,-0.35533575408658385,0.032712879760376554,0.00450864924549135,24,202,209,196,1.5213797068045656,-1.4142135623730951,1.414213562373095,-0.760689853402283,-0.760689853402283
36,1.8614718614718615,13,0.008093355919442876,-0.33495464350593585,0.03884448884448884,0.004046677959721438,29,220,231,215,1.8793852415718164,1.6716998816571607,-1.5320888862379551,-0.8358499408285813,-0.8358499408285813
37,1.8133333333333332,13,0.008095238095238096,-0.29961173900226445,0.03988521855188522,0.004047619047619047,33,214,225,204,1.8793852415718164,-1.5320888862379545,1.4422495703074103,-1.0,0.9999999999999999
38,1.7914691943127963,11,0.008530805687203791,-0.29222114557143547,0.0404761301332252,0.0042654028436018955,34,200,211,189,1.8793852415718175,-1.532088886237956,1.4422495703074087,1.0,-1.0
39,1.8376068376068375,11,0.007886724624922051,-0.33245674572247014,0.018124617922188772,0.003943362312461025,38,227,234,215,1.8793852415718133,-1.532088886237952,1.0,-1.0,0.9999999999999998
40,2.013888888888889,12,0.007017034456058847,-0.3792772055315646,0.03207480532741978,0.003508517228029423,33,265,288,290,2.264234253973278,-1.5694955706451181,1.0000000000000002,-0.9999999999999999,-0.6225269226551466
41,2.03584229390681,10,0.0073231737190892435,-0.3651155495740304,0.03728950973363256,0.003661586859544622,33,254,279,284,2.3539943182835414,-1.4832218710151324,1.0,-1.0,-0.7302937556194415
42,2.050156739811912,11,0.006447033772993434,-0.3683111895187591,0.049450941762058144,0.0032235168864967172,37,292,319,327,2.2054382081302997,-1.0000000000000004,1.0000000000000002,-0.9878337551347034,-0.9878337551347034
43,2.035190615835777,12,0.0059858547524581675,-0.36896772231964303,0.04772153512686472,0.002992927376229084,44,310,341,347,2.3508038247339176,1.0000000000000007,-1.0000000000000004,-0.987984309539663,-0.987984309539663
44,2.0155038759689923,13,0.0052215126320440215,-0.3486162467052029,0.04204827149312242,0.0026107563160220107,49,354,387,390,2.489495982829931,-1.1431423833748067,-1.1431423833748067,0.3516391290189207,-0.2774251725496183
45,2.0673076923076925,13,0.004981464318813716,-0.3590358082946649,0.043961310659696426,0.002490732159406858,45,375,416,430,2.982988969455467,-1.8758874921209667,-0.9722045728807005,0.399388388542874,-0.2671426464983386
46,2.051150895140665,13,0.005259361269591448,-0.3518778703177378,0.04779406210188118,0.0026296806347957244,42,357,391,401,2.79549094179196,-1.7050292662048965,-0.8242674896399795,0.34253841158913967,-0.3043662987681091
47,1.9467455621301775,12,0.005776693062700822,-0.3302471015842093,0.037030734832932635,0.0028883465313504116,44,315,338,329,2.4109589475020416,-1.4593869808765392,-0.606879851898533,-0.1723460573634834,-0.1723460573634834
48,1.9522388059701492,13,0.005845026365180089,-0.35230548240240805,0.039358822620394945,0.0029225131825900436,45,311,335,327,2.3937216238765955,-1.127589391671557,-1.127589391671557,0.34927839443052455,-0.2439106174820015
49,1.9322033898305084,12,0.0065721203735731575,-0.35557128229631924,0.03283747422498884,0.003286060186786579,40,275,295,285,2.2091114591751113,-1.4082779784422703,-0.7873340476343227,0.596614187486148,-0.3050568102923318
50,1.9206349206349207,10,0.007651931954720798,-0.3434004867238746,0.038444368365851286,0.0038259659773604,36,232,252,242,2.1438003550793923,-1.044772369149788,-1.044772369149788,0.7509161056850142,-0.4025858612324181
51,1.9414634146341463,9,0.009516977522716403,-0.3685620075740387,0.033478177299501095,0.004758488761358202,28,188,205,199,2.0192410368750875,-1.0006914855429128,-1.0006914855429128,0.7269021761612184,-0.37238012097524104
52,1.8414634146341464,7,0.011297321562172677,-0.34697467384133773,0.01487765508757731,0.005648660781086339,26,160,164,151,1.0000000000000004,0.9999999999999998,-0.5000000000000002,-0.5000000000000002,-0.4999999999999997
53,1.8278145695364238,9,0.012185430463576157,-0.3582530367849811,0.044684869733564704,0.0060927152317880795,27,145,151,138,1.2599210498948736,0.9999999999999991,-0.6299605249474365,-0.6299605249474365,-0.4999999999999997
54,1.826086956521739,8,0.01141304347826087,-0.35451107574141905,0.04188737418551083,0.005706521739130435,29,155,161,147,1.2599210498948732,0.999999999999999,-0.6299605249474365,-0.6299605249474365,-0.4999999999999998
55,1.7730496453900708,7,0.012664640324214792,-0.35321757376789925,0.05257479031275224,0.006332320162107396,28,135,141,125,1.259921049894872,0.9999999999999994,-0.6299605249474363,-0.6299605249474363,-0.49999999999999967
56,1.7744360902255638,8,0.013442697653223968,-0.35007456679917137,0.040696764535773824,0.006721348826611985,25,129,133,118,1.0,0.9999999999999998,-0.5000000000000002,-0.5000000000000002,-0.5000000000000002
57,1.7692307692307692,8,0.013714967203339297,-0.3353997585428594,0.03343195266272189,0.006857483601669648,22,128,130,115,0.9999999999999998,-0.5000000000000002,-0.5000000000000002,0.0,0.0
58,1.7936507936507937,8,0.014349206349206353,-0.3506186476138638,0.03449328449328449,0.007174603174603175,21,121,126,113,1.2207440846057585,-0.7244919590005159,-0.24812606280262206,-0.24812606280262206,8.416658083882335e-09
59,1.834710743801653,9,0.01528925619834711,-0.3568924755322984,0.05246421467095953,0.007644628099173554,19,114,121,111,1.3247179572447478,0.6823278038280193,-0.6623589786223736,-0.6623589786223736,-0.3411639019140096
60,1.8727272727272728,8,0.017180984153461212,-0.39247338521486863,0.018200146627565982,0.00859049207673061,13,105,110,103,1.2207440846057587,-0.7244919590005154,-0.24812606280262212,-0.24812606280262212,0.0
61,1.8558558558558558,9,0.016871416871416866,-0.38120356562342506,0.036064636064636064,0.008435708435708436,15,107,111,103,1.2599210498948732,-0.629960524947437,-0.629960524947437,4.738078764010974e-09,-4.7380784840964065e-09
62,1.8317757009345794,7,0.017280902839005467,-0.3832961680472837,0.03741649591017376,0.008640451419502733,15,103,107,98,1.259921049894873,-0.6299605249474365,-0.6299605249474365,2.7755575615628914e-17,2.7755575615628914e-17
63,1.808695652173913,7,0.015865751334858888,-0.3470953254415691,0.034810213940648725,0.007932875667429444,17,111,115,104,1.2599210498948712,-0.6299605249474365,-0.6299605249474365,-5.229458395263149e-32,0.0
64,1.7796610169491525,7,0.015210777922642329,-0.3166905728678561,0.053699219800914716,0.007605388961321164,21,114,118,105,1.2599210498948712,-0.6299605249474365,-0.6299605249474365,-3.4863055968420995e-32,0.0
65,1.7884615384615385,7,0.017363704256908138,-0.30361762837177386,0.06734646401985112,0.00868185212845407,20,99,104,93,1.2599210498948754,1.0,-1.0,-0.6299605249474365,-0.6299605249474365
66,1.7755102040816326,8,0.01830422890805807,-0.31597905561915146,0.0714754867464227,0.009152114454029034,21,93,98,87,1.2599210498948743,1.0,-1.0,-0.6299605249474365,-0.6299605249474365
67,1.7373737373737375,5,0.017728303442589154,-0.30010752020465414,0.07075351213282248,0.008864151721294579,23,94,99,86,1.2599210498948732,1.0,-1.0,-0.629960524947437,-0.629960524947437
68,1.6867469879518073,6,0.020570085218924485,-0.2999986264166773,0.08442465514230836,0.010285042609462239,18,78,83,70,1.2599210498948732,1.0,-1.0,-0.629960524947437,-0.629960524947437
69,1.6511627906976745,6,0.019425444596443228,-0.2625172695168654,0.0814872690504642,0.009712722298221614,20,81,86,71,1.2599210498948736,1.0,-1.0,-0.6299605249474363,-0.6299605249474363
70,1.7333333333333334,6,0.023423423423423424,-0.32443546829310965,0.026719367588932806,0.011711711711711712,15,72,75,65,1.0,-1.0,1.0,0.9999999999999999,-0.4999999999999995
71,1.8095238095238095,6,0.021801491681009748,-0.3382863620326221,0.04767378215654078,0.010900745840504877,16,79,84,76,1.2599210498948712,1.0,-1.0,1.0,-0.6299605249474365
72,1.7674418604651163,5,0.020793433652530776,-0.3479399988451332,0.04656508954824913,0.01039671682626539,16,82,86,76,1.259921049894873,1.0,-0.6299605249474365,-0.6299605249474365,2.7755575615628914e-17
73,1.7582417582417582,6,0.019536019536019536,-0.33859759834627473,0.022001654259718773,0.009768009768009768,18,84,91,80,1.4526268788338448,-1.1640351402897695,1.0,-0.14429586927203675,-0.14429586927203675
74,1.7303370786516854,7,0.019662921348314603,-0.33294348365673454,0.022499584878507776,0.009831460674157303,20,81,89,77,1.6638401882062996,-1.4597234244685213,1.0,-0.10205838186889082,-0.10205838186889082
75,1.797752808988764,7,0.020429009193054137,-0.3648092126648356,0.02249456324755346,0.010214504596527068,19,81,89,80,1.6638401882063003,-1.4597234244685207,1.0,-0.10205838186889027,-0.10205838186889027
76,1.797752808988764,7,0.020429009193054137,-0.3454421699621765,0.022493190330268982,0.010214504596527068,19,82,89,80,1.5337511687552037,-1.283781665863538,1.0,-0.12498475144583321,-0.12498475144583321
77,1.7471264367816093,6,0.020315423683507083,-0.3259236996120904,0.046033633429590624,0.010157711841753542,19,78,87,76,1.642934884271909,-1.143901111949381,-0.24951688616126388,-0.24951688616126388,1.1437493068018567e-16
78,1.7560975609756098,5,0.02168021680216802,-0.34578141616545655,0.024418278665545277,0.01084010840108401,16,80,82,72,0.9999999999999999,-0.4999999999999995,-0.4999999999999995,0.0,0.0
79,1.7391304347826086,6,0.019111323459149544,-0.3313379532412217,0.021761044880785414,0.009555661729574774,18,90,92,80,0.9999999999999999,-0.4999999999999995,-0.4999999999999995,0.0,0.0
80,1.7450980392156863,7,0.017278198408076106,-0.3673795865700799,0.019628926839553022,0.008639099204038051,18,100,102,89,0.9999999999999999,-0.4999999999999995,-0.4999999999999995,0.0,0.0
81,1.7525773195876289,7,0.01825601374570447,-0.3791119259212809,0.020643949012239093,0.009128006872852234,17,95,97,85,0.9999999999999999,-0.4999999999999995,-0.4999999999999995,0.0,0.0
82,1.619047619047619,6,0.012952380952380957,-0.30714741729921274,0.015890083632019113,0.0064761904761904765,28,124,126,102,0.9999999999999999,-0.4999999999999995,-0.4999999999999995,0.0,0.0
83,1.614814814814815,7,0.012050856826976231,-0.30575608371903923,0.0249167156574564,0.006025428413488115,31,131,135,109,0.9999999999999998,0.9999999999999998,-0.5000000063881611,-0.5000000063881611,-0.4999999936118401
84,1.6226415094339623,7,0.010269882971101029,-0.30273462779533916,0.008454857511461284,0.0051349414855505135,37,155,159,129,1.0,-1.0,1.0,-1.0,0.9999999999999998
85,1.6094674556213018,7,0.009580163426317272,-0.28710600071182535,0.007965407373691396,0.004790081713158636,40,165,169,136,1.0,-1.0,1.0,-1.0,0.9999999999999998
86,1.5789473684210527,7,0.009287925696594429,-0.2714325085418275,0.007885876306928939,0.0046439628482972135,45,167,171,135,1.0,-1.0,1.0,-1.0,0.9999999999999998
87,1.6082474226804124,8,0.008332888200416645,-0.25318154372221,0.006938937351308485,0.004166444100208323,46,190,194,156,1.0,-1.0,1.0,-1.0,0.9999999999999998
88,1.6435643564356435,8,0.008176937096694745,-0.26074471296429086,0.0066641279512566634,0.004088468548347372,46,198,202,166,1.0,-1.0,1.0,-1.0,0.9999999999999998
89,1.6847290640394088,9,0.008340242891284204,-0.27786281247511446,0.01323011963406052,0.004170121445642101,43,197,203,171,1.2599210498948732,-1.0000000000000002,1.0,-1.0,1.0
90,1.7258883248730965,9,0.008805552677923961,-0.32085657947840085,0.006816533720087019,0.004402776338961981,39,187,197,170,1.5079819785024915,1.0,-1.0,1.0,-1.0
91,1.7526881720430108,8,0.009473990119151409,-0.32899868474850535,0.010759580920871243,0.0047369950595757045,35,177,186,163,1.5079819785024946,-0.9999999999999986,-0.38579461148992644,-0.0610936835062838,-0.0610936835062838
92,1.7790055248618784,7,0.009883364027010434,-0.3511872354010683,0.011055563991449897,0.004941682013505218,32,173,181,161,1.6638401882063012,-1.4597234244685195,-0.10205838186888999,-0.10205838186888999,7.30566337608976e-09
93,1.8381502890173411,9,0.01068692028498454,-0.3820500070950935,0.011566278517773868,0.00534346014249227,23,165,173,159,1.6638401882062996,-1.4597234244685213,-0.10205838186889044,-0.10205838186889044,0.0
94,1.8285714285714285,8,0.013155190133607398,-0.369143523650172,0.014292615596963423,0.0065775950668037,22,131,140,128,1.7678684721821534,-1.591094474057473,-0.08838699906234077,-0.08838699906234077,4.2512195355592734e-17
95,1.8450704225352113,8,0.013085605833583059,-0.340657090815695,0.028183240859297198,0.006542802916791529,21,132,142,131,1.7561935546362855,-1.3481807703469961,-0.20400639214464678,-0.20400639214464678,9.346813511963215e-17
96,1.8832116788321167,9,0.013847144697294976,-0.3360812351797634,0.034084417645192,0.006923572348647488,19,128,137,129,1.642934884271907,-1.1439011119493803,-0.2495168861612639,-0.2495168861612639,-1.4436442483323528e-18
97,1.84375,9,0.014517716535433068,-0.31290852288329557,0.03388579622132254,0.0072588582677165355,19,121,128,118,1.3953369944670744,-0.47462661756260544,-0.4603551884522342,-0.4603551884522342,-1.229102286790977e-08
98,1.793103448275862,7,0.015592203898050976,-0.3327510845109665,0.020143919636820246,0.007796101949025487,18,111,116,104,1.2207440846057582,-0.7244919590005153,-0.24812606280262187,-0.24812606280262187,-2.0168727542949376e-09
99,1.7407407407407407,8,0.016268605053651776,-0.347294486061389,0.021647509578544062,0.008134302526825891,18,106,108,94,0.9999999999999999,-0.4999999999999995,-0.4999999999999995,0.0,0.0
100,1.7796610169491525,8,0.015210777922642329,-0.2899842730392584,0.019237525518682047,0.007605388961321164,21,113,118,105,1.220744084605761,-0.7244919590005157,-0.248126062802622,-0.248126062802622,0.0
101,1.7758620689655173,8,0.015442278860569718,-0.3019562659856188,0.019572884012539184,0.007721139430284857,19,114,116,103,0.9999999999999999,-0.4999999999999995,-0.4999999999999995,0.0,0.0
102,1.834862385321101,6,0.01698946653075093,-0.3060271453264367,0.030608590241617765,0.008494733265375467,16,107,109,100,0.9999999999999999,-0.4999999999999995,-0.4999999999999995,0.0,0.0
103,1.872340425531915,7,0.020132692747654998,-0.27794532722121257,0.03549891910342474,0.010066346373827499,14,91,94,88,1.0,-1.0,0.9999999999999999,-0.4999999999999995,-0.4999999999999995
104,1.97979797979798,9,0.020202020202020207,-0.29476616800566324,0.06065156065156065,0.010101010101010102,11,94,99,98,1.2599210498948732,1.0,-1.0,-0.629960524947437,-0.629960524947437
105,1.96,7,0.0197979797979798,-0.2767016040143923,0.06005042016806723,0.009898989898989899,11,95,100,98,1.2599210498948712,1.0,-1.0,-0.6299605249474365,-0.6299605249474365
106,1.9,6,0.019191919191919194,-0.273477851891729,0.060047619047619044,0.009595959595959595,14,94,100,95,1.5213797068045682,1.0000000000000002,-1.0,-0.7606898534022838,-0.7606898534022838
107,1.8850574712643677,7,0.0219192729216787,-0.26675179427815493,0.046033633429590624,0.010959636460839348,12,83,87,82,1.3247179572447456,1.0,-1.0,-0.6623589786223731,-0.6623589786223731
108,1.7974683544303798,6,0.023044466082440762,-0.25130895342573306,0.0,0.011522233041220383,12,77,79,71,1.0,-1.0,1.0,-1.0,0.0
109,1.7073170731707317,7,0.021077988557663352,-0.2779183629900169,0.0,0.010538994278831678,15,80,82,70,1.0,-1.0,1.0,-1.0,0.0
110,1.7215189873417722,6,0.02207075624797144,-0.26911198464430175,0.0,0.01103537812398572,16,73,79,68,1.2720196495140688,-1.2720196495140683,-1.0,1.0,-1.0
111,1.6857142857142857,6,0.024430641821946174,-0.29653002747167484,0.0,0.012215320910973085,16,67,70,59,1.0,-1.0,1.0,-1.0,1.0
112,1.7333333333333334,7,0.023423423423423427,-0.3155256657603427,0.0,0.011711711711711712,18,72,75,65,1.0,-1.0,1.0,-1.0,1.0
113,1.974025974025974,7,0.025974025974025965,-0.38797245152021115,0.0,0.012987012987012988,15,72,77,76,-1.4142135623730951,1.414213562373095,1.0,-1.0,1.0
114,2.0631578947368423,8,0.021948488241881302,-0.3922859218753092,0.0,0.01097424412094065,16,83,95,98,-1.8818558034953468,1.8818558034953452,1.4142135623730951,-1.414213562373095,1.0000000000000002
115,2.101010101010101,8,0.02143887858173572,-0.38468887797119933,0.0,0.010719439290867862,15,87,99,104,-1.8818558034953459,1.8818558034953456,1.4142135623730951,-1.414213562373094,1.0
116,2.172043010752688,8,0.023609163160355297,-0.3943314388933105,0.0,0.011804581580177654,13,81,93,101,1.8818558034953445,-1.8818558034953423,-1.4142135623730951,1.414213562373095,-1.0000000000000002
117,2.0392156862745097,7,0.020190254319549607,-0.37099464737588617,0.0,0.010095127159774802,16,92,102,104,1.7320508075688774,-1.7320508075688767,1.4142135623730947,-1.4142135623730938,1.0
118,2.057142857142857,7,0.019780219780219783,-0.3735734962408008,0.0,0.00989010989010989,15,95,105,108,1.7320508075688767,-1.7320508075688767,-1.4142135623730956,1.414213562373095,1.0
119,2.019047619047619,7,0.019413919413919407,-0.37588221712433356,0.0,0.009706959706959707,16,95,105,106,-1.7320508075688776,1.7320508075688776,1.4142135623730951,-1.414213562373095,1.0
120,1.8653846153846154,8,0.018110530246452573,-0.35602327039692777,0.0,0.009055265123226288,18,98,104,97,-1.5650845800732907,1.5650845800732898,1.972511029324028e-24,0.0,0.0
121,1.7525773195876289,7,0.01825601374570447,-0.33302363788589157,0.0,0.009128006872852234,18,97,97,85,0.0,0.0,0.0,0.0,0.0
122,1.711340206185567,7,0.017826460481099655,-0.3276650861210562,0.0,0.008913230240549828,18,97,97,83,0.0,0.0,0.0,0.0,0.0
123,1.68,7,0.01696969696969698,-0.34448442698705,0.0,0.008484848484848486,20,100,100,84,0.0,0.0,0.0,0.0,0.0
124,1.7755102040816326,6,0.01830422890805807,-0.33276852318770106,0.02042635235912547,0.009152114454029034,18,96,98,87,0.9999999999999999,-0.4999999999999995,-0.4999999999999995,0.0,0.0
125,1.7291666666666667,7,0.018201754385964917,-0.3263691951594588,0.020849867724867726,0.009100877192982457,17,94,96,83,0.9999999999999999,-0.4999999999999995,-0.4999999999999995,0.0,0.0
126,1.7608695652173914,7,0.019350215002388916,-0.3453747671135612,0.021757398611618562,0.009675107501194458,16,89,92,81,1.3247179572447454,-0.6623589786223728,-0.6623589786223728,0.0,0.0
127,1.853658536585366,5,0.02288467329117736,-0.3900694326868324,0.024408554896359774,0.011442336645588679,11,79,82,76,1.3247179572447454,-0.6623589786223728,-0.6623589786223728,0.0,0.0
128,1.9047619047619047,6,0.022948938611589215,-0.39876811604083245,0.023825589615063297,0.011474469305794608,11,81,84,80,1.3247179572447467,-0.6623589786223729,-0.6623589786223729,5.551115123125779e-17,0.0
129,1.89010989010989,7,0.021001221001221,-0.372353402556952,0.021992110453648916,0.010500610500610501,12,88,91,86,1.3247179572447467,-0.6623589786223729,-0.6623589786223729,5.551115123125779e-17,0.0
130,1.9578947368421054,7,0.020828667413213885,-0.37436831428397044,0.02106326422115896,0.010414333706606943,11,92,95,93,1.3247179572447454,-0.6623589786223728,-0.6623589786223728,0.0,0.0
131,1.88,7,0.01898989898989899,-0.3463416531706293,0.0,0.009494949494949495,13,99,100,94,1.0,-1.0,0.0,0.0,0.0
132,1.9272727272727272,7,0.017681401167639697,-0.3465701586169554,0.0,0.00884070058381985,14,105,110,106,1.4142135623730958,-1.4142135623730951,-5.551115123125783e-17,3.383269821237365e-17,3.383269821237365e-17
133,2.066666666666667,9,0.013870246085011185,-0.38000462126221696,0.02228961064262058,0.006935123042505592,19,140,150,155,1.6638401882063008,-1.4597234244685204,-1.0000000000000002,1.0,0.9999999999999997
134,2.0418848167539267,10,0.010746762193441723,-0.3633023168442908,0.016615564647256702,0.00537338109672086,24,181,191,195,1.6638401882063008,-1.4597234244685204,-1.0000000000000002,1.0,-0.9999999999999998
135,2.018181818181818,10,0.009215442092154422,-0.34712362015907344,0.014421736036770012,0.00460772104607721,29,208,220,222,1.6638401882063034,-1.459723424468521,1.0,-1.0,1.0
136,1.9914893617021276,10,0.00851063829787234,-0.33375820426030584,0.023995090123907267,0.00425531914893617,34,223,235,234,1.6638401882063012,-1.4597234244685222,1.0,-1.0,1.0
137,2.0256410256410255,11,0.008693738307472214,-0.34046251650583853,0.027637414816901996,0.004346869153736107,32,219,234,237,1.9171825521252803,-1.5147799980794716,1.0,-1.0,-0.9999999999999996
138,1.9936708860759493,11,0.006329113924050632,-0.31816384826503863,0.01413547952917187,0.0031645569620253164,38,301,316,315,1.8547373261541016,-1.5838785256099999,1.0000000000000002,-1.0000000000000002,-1.0000000000000002
139,2.0116959064327484,11,0.005899401485140025,-0.3548316407513246,0.005848301931533266,0.0029497007425700124,46,327,342,344,1.9001839607936128,-1.653544651069827,-1.0000000000000004,1.0,0.9999999999999996
140,1.9585798816568047,11,0.005811809737854019,-0.3363563541924494,0.017752662248709986,0.00290590486892701,49,310,338,331,2.1530959979017616,-1.1380712338294812,-1.1380712338294812,1.0,0.12161568412581614
141,1.9609120521172638,10,0.006408209320644654,-0.3439586286276932,0.019545518187096694,0.0032041046603223265,46,278,307,301,2.289428670900964,-1.250884914037096,-1.250884914037096,1.0,0.16627662201924504
142,1.965635738831615,10,0.006778054271833157,-0.3488761473322843,0.020620340930582765,0.0033890271359165777,42,265,291,286,2.2656024574378772,-1.1573386725623305,-1.1573386725623305,1.0,-0.16429982620507033
143,1.9657534246575343,9,0.006755166407757849,-0.35912646068525234,0.01369975205591644,0.003377583203878925,43,267,292,287,2.258382642690433,-1.5292284839413306,1.0,-0.7868233568523191,-0.17757417145301718
144,1.9666666666666666,10,0.006577480490523968,-0.3506136170472667,0.013334425334425335,0.0032887402452619844,45,274,300,295,2.2367267576884426,-1.330839233169496,-1.330839233169496,1.0,1.0
145,2.0,10,0.00947867298578199,-0.41300724944197487,0.0,0.004739336492890996,36,191,212,212,2.14046518917048,-1.4588731985111547,-1.4588731985111547,1.0,0.38864060392591615
146,1.8842105263157896,9,0.009969367864104708,-0.36707300638523155,0.008771929824561403,0.004984683932052353,33,178,190,179,1.6580980673722194,-1.1222909134351335,1.0,-0.9999999999999987,0.23209642303145772
147,2.0,8,0.011976047904191616,-0.3800063605448738,0.00992063492063492,0.005988023952095809,26,156,168,168,2.000000000000001,-2.0000000000000004,1.0,-1.0,1.0
148,1.9195402298850575,9,0.011095608265231547,-0.34337763142778105,0.004406130268199233,0.005547804132615773,28,164,174,167,-1.7320508075688779,1.7320508075688776,1.0,-1.0,1.0
149,1.8596491228070176,9,0.010939112487100104,-0.33313644474435417,0.0,0.005469556243550051,32,162,171,159,1.5650845800732873,-1.5650845800732849,1.0,-1.0,1.0
150,1.89937106918239,9,0.012021335880901204,-0.34986239670094826,0.0,0.006010667940450601,28,151,159,151,-1.1892071150027215,1.1892071150027212,1.0,-1.0,1.0
151,1.9342105263157894,8,0.012809341233879402,-0.3456736128465808,0.0,0.0064046706169397,26,143,152,147,-1.4142135623730945,1.4142135623730945,1.0,-1.0,1.0
152,1.8848920863309353,7,0.013658638306745907,-0.32663537291551165,0.00959699772649413,0.006829319153372954,25,128,139,131,1.5337511687552052,-1.283781665863539,1.0,-1.0,1.0
153,1.8709677419354838,8,0.015211119853134012,-0.3012392973884629,0.02231928819392637,0.007605559926567008,23,113,124,116,1.5337511687552041,-1.2837816658635381,1.0000000000000002,1.0,-1.0
154,1.8473282442748091,8,0.014210217263652377,-0.32623247691549173,0.030646968549391383,0.007105108631826189,22,123,131,121,1.4655712318767682,1.0,-1.0,0.9999999999999999,-0.9999999999999996
155,1.8571428571428572,7,0.01485714285714286,-0.32590033823253767,0.031837650885269936,0.0074285714285714285,22,117,126,117,1.4655712318767693,-1.0000000000000002,1.0,-1.0,-0.9999999999999998
156,2.1527777777777777,7,0.015054390054390052,-0.4287696079190429,0.03706910648050066,0.007527195027195027,11,131,144,155,1.7153441033560075,-1.4719843808761073,1.324717957244747,-1.0000000000000002,1.0000000000000002
157,2.1241379310344826,7,0.01475095785440613,-0.43716291057098733,0.062118277595895936,0.007375478927203065,12,129,145,154,1.9279931240538275,1.3559175832012837,-1.1341385239632689,1.0000000000000004,-1.0
158,2.068027210884354,7,0.014164569937564066,-0.41171766747762717,0.06355034464424562,0.007082284968782033,14,131,147,152,1.98098412653195,1.427749980258711,1.0,-1.0,-0.9292139613394641
159,2.0375,6,0.012814465408805032,-0.4427688809179566,0.0687930893700686,0.006407232704402516,16,144,160,163,2.0382091149190495,1.1899620941581386,0.9999999999999998,-0.9999999999999993,-0.9913410808817752
160,2.1420118343195265,7,0.012750070442378131,-0.44710444062851606,0.09570034599896042,0.006375035221189067,11,148,169,181,2.1627944280185645,1.2944575666210103,-1.0555356124229442,-1.0555356124229442,-1.0000000000000002
161,2.127388535031847,7,0.01363710599379389,-0.43369428320649017,0.09027763391005873,0.006818552996896946,10,139,157,167,2.0885951722179708,-1.0319521264751803,-1.0319521264751803,1.0,-0.9999999999999996
162,2.1496598639455784,7,0.014723697698257387,-0.4303377382842257,0.11229934285962669,0.0073618488491286925,9,129,147,158,2.088595172217976,-1.031952126475181,-1.031952126475181,-0.9447996611611512,0.9323933960373605
163,2.074766355140187,6,0.01957326750132252,-0.43069996133669347,0.11849959692473115,0.009786633750661258,7,92,107,111,1.927069772011505,-0.9431282836106035,-0.9431282836106035,-0.9286179484773751,0.9081057463207164
164,2.021505376344086,6,0.02197288452547919,-0.40188679255442916,0.10408097335092242,0.010986442262739598,8,81,93,94,1.724391259645831,-0.95437703845571,0.9340172840888513,-0.8421979319246332,-0.8421979319246332
165,1.9111111111111112,6,0.02147315855181024,-0.38180246912344834,0.08533850408850409,0.010736579275905118,10,83,90,86,1.5874010519682007,-0.7937005259840999,-0.7937005259840999,1.2269870847376062e-16,0.0
166,1.9230769230769231,5,0.02497502497502497,-0.40964170744390843,0.05993080993080994,0.012487512487512488,7,74,78,75,1.2599210498948723,1.0,-1.0,-0.6299605249474364,-0.6299605249474364
167,1.8095238095238095,5,0.02918586789554531,-0.38486331525669526,0.03209876543209876,0.014592933947772658,8,62,63,57,1.0,-1.0,0.0,0.0,0.0
168,2.0,6,0.024691358024691353,-0.45688232103285287,0.024443036638158593,0.012345679012345678,7,81,82,82,1.0,-1.0,0.0,0.0,0.0
169,2.1649484536082473,8,0.022551546391752577,-0.42966049239524107,0.010352030970587673,0.011275773195876288,7,91,97,105,1.8793852415718175,-1.5320888862379558,1.0000000000000002,-1.0,-0.3472963553338596
170,2.220183486238532,9,0.02055725450220863,-0.41918253527587807,0.00920192455682557,0.010278627251104315,7,103,109,121,1.879385241571817,-1.5320888862379567,1.0,-1.0,-0.3472963553338608
171,2.220472440944882,6,0.0176227971503562,-0.4233868171149728,0.01708790202655795,0.008811398575178103,8,119,127,141,1.9999999999999991,-1.0000000121082404,1.0,-1.0,-0.9999999878917593
172,2.2127659574468086,8,0.015805471124620062,-0.4397113289649905,0.029576433237193858,0.007902735562310031,11,129,141,156,2.2328353845933417,-1.5715285049177212,-1.0000000000000004,-1.0000000000000002,1.0
173,2.2162162162162162,10,0.015076300790586503,-0.4456116779671705,0.014659440257446903,0.0075381503952932525,11,135,148,164,2.232835384593341,-1.5715285049177201,-1.000000000000001,-1.0,1.0
174,2.151898734177215,9,0.013706361364186086,-0.44230921544431057,0.006340726840881209,0.006853180682093042,14,148,158,170,1.9143903096595356,-1.3731328531764566,1.0,-1.0,1.0
175,2.120805369127517,8,0.014329766007618356,-0.44250862868979807,0.0067252831104867945,0.007164883003809178,13,139,149,158,1.9143903096595347,-1.3731328531764548,-1.0000000000000002,-1.0,1.0
176,2.1068702290076335,7,0.016206694069289485,-0.4360070560149896,0.00765391558539948,0.008103347034644744,9,124,131,138,1.429108319838146,1.0,-1.0,1.0,-0.924563808082967
177,2.115107913669065,8,0.015326868939630901,-0.41014070213653697,0.03242020296166453,0.007663434469815452,9,127,139,147,1.748452289953606,-1.128321736929753,1.0000000000000007,1.0,-0.9999999999999999
178,2.140625,7,0.01685531496062992,-0.3666805794845514,0.05344977248298897,0.008427657480314961,8,114,128,137,1.825170474080008,-1.2496014139007368,1.0528332732707277,1.0,-1.0
179,2.1025641025641026,7,0.01812555260831123,-0.3698565965157809,0.05848705257307408,0.009062776304155614,7,105,117,123,1.6369178246186151,-1.130376191464207,1.0645113080952773,-1.0000000000000002,1.0000000000000002
180,2.1,8,0.017647058823529415,-0.358864439531188,0.080276716747305,0.008823529411764706,9,105,120,126,1.9418761265448192,-1.1747140940297824,1.0981264308958951,-0.9999999999999998,0.9999999999999994
181,2.1333333333333333,7,0.020512820512820513,-0.374272875020136,0.09179115742430724,0.010256410256410256,8,90,105,112,1.941876126544821,-1.1747140940297829,1.0981264308958958,1.0,-0.9999999999999999
182,2.128440366972477,8,0.01970778117567107,-0.3716947484456038,0.12362474436356372,0.009853890587835541,10,89,109,116,2.1101388602554767,1.2719441223244954,-1.0392224336184288,-1.0392224336184288,-1.0000000000000007
183,2.0727272727272728,8,0.019015846538782327,-0.34639754736818135,0.12252645258730452,0.00950792326939116,12,90,110,114,2.1101388602554776,1.2719441223244978,-1.039222433618431,-1.039222433618431,1.0
184,1.9223300970873787,7,0.01884637350085665,-0.3338096445670053,0.0778939793894382,0.009423186750428327,15,94,103,99,1.6264831445642922,-1.0000000000000004,1.0000000000000002,0.8867288758124614,-0.813241572282145
185,1.9090909090909092,7,0.021943573667711592,-0.3405491368415424,0.024757014874915485,0.0109717868338558,11,84,88,84,1.259921049894873,-0.6299605249474359,-0.6299605249474359,2.3551386880256624e-16,0.0
186,1.878787878787879,7,0.019171304885590598,-0.3645146433192693,0.010166460019832454,0.0095856524427953,13,97,99,93,0.9999999999999999,-0.4999999999999995,-0.4999999999999995,0.0,0.0
187,1.7634408602150538,6,0.01916783543712015,-0.3544006582580752,0.0,0.009583917718560075,13,93,93,82,0.0,0.0,0.0,0.0,0.0
188,1.8681318681318682,7,0.020757020757020753,-0.3708869724988254,0.022049845579257345,0.010378510378510378,12,91,91,85,0.0,0.0,0.0,0.0,0.0
189,1.875,6,0.019736842105263157,-0.3980649330346944,0.04174901185770751,0.009868421052631578,12,94,96,90,0.9999999999999999,-0.4999999999999995,-0.4999999999999995,0.0,0.0
190,1.9207920792079207,7,0.01920792079207921,-0.39643384995536346,0.04627778048740834,0.009603960396039604,12,95,101,97,1.3953369944670735,-0.9999999999999999,0.9999999999999999,-0.47462661756260643,-0.46035518845223455
191,1.9433962264150944,7,0.018508535489667566,-0.41331745830567623,0.04408221748833435,0.009254267744833783,11,100,106,103,1.395336994467075,-0.9999999999999999,0.9999999999999999,-0.4746266175626054,-0.46035518845223417
192,2.0,7,0.01724137931034483,-0.40259839885479637,0.08698442031775365,0.008620689655172414,11,105,117,117,1.8695875747465462,0.9999999999999998,-0.9999999999999996,-0.85152455683151,-0.85152455683151
193,2.0168067226890756,7,0.01709158239567013,-0.41422382847779887,0.10798422005852346,0.008545791197835067,12,104,119,120,2.0400418125015944,0.9999999999999999,-0.999999999999999,-0.9575361501586763,-0.9575361501586763
194,2.0166666666666666,7,0.016946778711484596,-0.4229079761492601,0.11265260033552717,0.008473389355742296,12,106,120,121,2.0000000000000027,-1.0000000000000009,-1.0000000000000009,1.0,-1.0
195,1.9538461538461538,7,0.015146094215861657,-0.4233467080463536,0.10909459027855394,0.007573047107930829,17,116,130,127,1.9276005924136164,1.0,-1.0,-0.9638002962068091,-0.9638002962068091
196,2.0165289256198347,7,0.016804407713498625,-0.4099689511889916,0.12411466989255822,0.00840220385674931,16,104,121,122,1.9065492453583888,1.1739475696889103,-0.9999999999999999,0.9999999999999998,-0.8828665329809735
197,2.096774193548387,7,0.01704694466299502,-0.4055756553599009,0.1130315899211747,0.008523472331497509,13,102,124,130,1.9590051784329168,1.3242794180328452,-1.0000000000000009,1.0000000000000004,-0.8526410481195017
198,2.0833333333333335,7,0.017507002801120452,-0.41238206142469946,0.06676608986601414,0.008753501400560224,11,104,120,125,1.7777266533152294,1.1261065204059395,-1.0,1.0,0.9999999999999998
199,1.967479674796748,7,0.016126882580301212,-0.3946546413111184,0.059712543906805256,0.008063441290150606,14,108,123,121,1.7036230622050956,1.0513557181292237,1.0,-1.0,1.0
200,1.9821428571428572,7,0.017857142857142856,-0.3777558497502268,0.05663537851037851,0.008928571428571428,13,99,112,111,1.3953369944670726,1.3532099641993236,-1.0,1.0,-0.9999999999999999
201,2.0,6,0.019230769230769232,-0.38344164574461226,0.038137394768973716,0.009615384615384616,11,95,105,105,1.353209964199325,1.0000000000000016,1.0000000000000002,1.0,-0.9999999999999998
202,1.9595959595959596,7,0.01999587713873428,-0.3441516953791286,0.0404643302848709,0.009997938569367142,13,90,99,97,1.220744084605761,1.0,-1.0,1.0,1.0
203,1.9120879120879122,7,0.021245421245421243,-0.31340303935985736,0.022049845579257345,0.010622710622710623,13,84,91,87,-1.0000000000000009,1.0,-1.0,1.0,-1.0
204,1.853658536585366,7,0.022884673291177354,-0.3270257008623887,0.04893990116371752,0.011442336645588679,13,77,82,76,1.2599210498948732,1.0,-1.0,1.0,-0.629960524947437
205,1.9466666666666668,6,0.02630630630630631,-0.3752181072395575,0.11584415584415586,0.013153153153153152,11,65,75,73,1.7099759466767004,1.0,-1.0,-0.8549879733383496,-0.8549879733383496
206,2.0,5,0.025974025974025972,-0.39114691804275054,0.11141636141636141,0.012987012987012988,10,68,78,78,1.7099759466766966,1.0,-1.0,-0.8549879733383485,-0.8549879733383485
207,1.948051948051948,7,0.025632262474367732,-0.405125437561039,0.08685349737981317,0.01281613123718387,9,70,77,75,1.5874010519682031,-0.7937005259840999,-0.7937005259840999,2.497583542030478e-09,-2.4975834310081757e-09
208,1.975,7,0.025000000000000005,-0.36539992761257484,0.09627261824269938,0.0125,9,73,80,79,1.5874010519682014,-0.7937005259841003,-0.7937005259841003,3.765474254953324e-09,-3.765474205179392e-09
209,1.8205128205128205,5,0.02364302364302364,-0.42519206585810543,0.0,0.011821511821511822,8,78,78,71,0.0,0.0,0.0,0.0,0.0
210,1.8823529411764706,5,0.022408963585434174,-0.4471806922993479,0.023585434173669467,0.011204481792717087,7,83,85,80,0.9999999999999999,-0.4999999999999995,-0.4999999999999995,0.0,0.0
211,1.9148936170212767,6,0.02059025394646534,-0.43573588560221166,0.02131864435287192,0.01029512697323267,7,92,94,90,0.9999999999999999,-0.4999999999999995,-0.4999999999999995,0.0,0.0
212,1.97979797979798,7,0.020202020202020204,-0.41458589622524317,0.020245747518474792,0.010101010101010102,8,94,99,98,0.9999999999999999,0.9999999999999997,-0.9999999999999993,-0.4999999999999995,-0.4999999999999995
213,2.042105263157895,7,0.021724524076147812,-0.4284425138652578,0.02109423757021011,0.010862262038073908,7,90,95,97,0.9999999999999999,0.9999999999999999,-0.9999999999999989,-0.4999999999999995,-0.4999999999999995
214,2.1690140845070425,8,0.015383078613525123,-0.4436056109053881,0.04228211377857311,0.007691539306762561,7,132,142,154,1.3532099641993245,1.2599210498948734,-1.0,-0.6299605249474369,-0.6299605249474369
215,2.2054794520547945,8,0.015210203117619272,-0.4750234579003071,0.04569253093820221,0.007605101558809636,7,135,146,161,1.4422495703074087,1.353209964199325,-1.0,-0.7211247851537035,-0.7211247851537035
216,2.2176870748299318,8,0.015189637498835151,-0.46482702114509994,0.0726046330262651,0.0075948187494175754,7,134,147,163,1.494530180479668,1.4422495703074079,-0.7976231097945159,-0.7211247851537042,-0.7211247851537042
217,2.2344827586206897,8,0.015517241379310345,-0.4579136362863327,0.05980660590560867,0.007758620689655172,8,130,145,162,1.5479790245273646,1.2599210498948716,-0.6299605249474363,-0.6299605249474363,-0.5231642834163783
218,2.1944444444444446,8,0.015345765345765348,-0.44340893545924637,0.027791748474457534,0.007672882672882673,9,133,144,158,1.4252995776847017,1.0,-1.0,-0.6618088019292059,-0.6618088019292059
219,2.125874125874126,7,0.014970944548409335,-0.4362169360381582,0.02332566004070871,0.0074854722742046685,11,136,143,152,1.193859111321222,1.0,-1.0,-0.7515192323789432,-0.7515192323789432
220,2.0869565217391304,7,0.015233259282767373,-0.4295262659550437,0.00966825984171035,0.007616629641383688,9,135,138,144,1.0,-1.0,0.9999999999999998,-0.5000000000000002,-0.5000000000000002
221,2.018867924528302,6,0.019227313566936213,-0.42076635706997545,0.01259648370497427,0.009613656783468105,11,99,106,107,1.1938591113212234,1.0,-1.0,-0.751519232378944,-0.751519232378944
222,2.018867924528302,7,0.019227313566936206,-0.3724114674745739,0.012592035928679423,0.009613656783468105,12,98,106,107,1.1938591113212242,1.0,-1.0,1.0,-1.0
223,2.0194174757281553,7,0.01979821054635446,-0.3639015485601887,0.012957430918595966,0.009899105273177233,11,95,103,104,1.1938591113212231,1.0,-1.0,1.0,-1.0
224,1.9245283018867925,6,0.018328840970350407,-0.3395248712560075,0.01259012118423071,0.009164420485175202,12,102,106,102,1.0,-1.0,1.0,-1.0,0.9999999999999999
225,1.926605504587156,6,0.017838939857288478,-0.32607922878403417,0.012242575716012881,0.00891946992864424,12,101,109,105,1.3532099641993245,-1.0000000000000009,-1.0000000000000002,1.0000000000000002,-0.17660498209966208
226,1.9813084112149533,6,0.018691588785046728,-0.3249095295089451,0.037402936120606196,0.009345794392523364,11,97,107,106,1.4526268788338437,-1.1640351402897695,-1.0000000000000004,0.9999999999999998,-0.14429586927203752
227,1.9444444444444444,6,0.01817237798546209,-0.31604553781522327,0.0,0.009086188992731049,11,100,108,105,1.3160740129524908,-1.3160740129524897,0.9999999999999996,-0.9999999999999989,-4.3021142204224816e-16
228,1.9591836734693877,6,0.020197769829581314,-0.36499632299248275,0.0,0.010098884914790659,9,90,98,96,1.316074012952493,-1.3160740129524926,1.0,-1.0,-4.440892098500626e-16
229,1.9540229885057472,6,0.022721197540764505,-0.39989770028300975,0.0,0.01136059877038225,9,82,87,85,-1.1892071150027204,1.1892071150027204,-1.1102230246251565e-16,-1.1102230246251565e-16,0.0
230,2.0652173913043477,6,0.022694696607740084,-0.3988824715662826,0.06538924213782436,0.011347348303870044,9,80,92,95,1.7277535004007125,1.0000000000000004,-1.0000000000000004,-0.6208530410085982,-0.6208530410085982
231,2.1666666666666665,7,0.022807017543859647,-0.42744824719950614,0.05916505426309348,0.011403508771929825,6,85,96,104,1.5905667404816288,-1.0000000000000007,1.0000000000000004,-1.0,0.9999999999999998
232,2.0588235294117645,7,0.020384391380314507,-0.4126047599305626,0.05567577793644691,0.01019219569015725,10,96,102,105,1.4422495703074072,-1.0000000000000004,1.0000000000000004,-0.7211247851537042,-0.7211247851537042
233,2.1458333333333335,7,0.02258771929824561,-0.4311237307473642,0.06961529982363315,0.011293859649122807,8,86,96,103,1.4422495703074105,1.189207115002721,-1.1892071150027204,1.0,-1.0
234,2.0761904761904764,8,0.019963369963369965,-0.41220027721058267,0.0636381960191484,0.009981684981684981,11,95,105,109,1.3532099641993196,1.2599210498948759,-1.0000000000000004,1.0,-1.0
235,2.0701754385964914,8,0.018320136624747706,-0.36656185601012503,0.08498989639340516,0.009160068312373855,14,102,114,118,1.6728880777578425,1.2599210498948739,1.0000000000000002,-1.0,-0.9037751050810159
236,1.9827586206896552,9,0.01724137931034483,-0.3790123472393172,0.034511735728774265,0.008620689655172414,14,106,116,115,1.6728880777578414,1.0,-1.0,1.0,-1.0
237,2.2452830188679247,9,0.021383647798742137,-0.40621424575987025,0.130259010114726,0.010691823899371069,14,82,106,119,2.184959613419063,1.5841506629350155,-0.9999999999999993,0.9999999999999991,-0.9479829197549814
238,2.2718446601941746,9,0.02227298686464876,-0.46485979961229923,0.09930286999225703,0.011136493432324385,14,85,103,117,1.9330708315387848,1.428128550750081,1.0000000000000009,-0.9999999999999986,-0.8723109846380239
239,2.234234234234234,10,0.02031122031122032,-0.4651133022683355,0.09285807856220374,0.010155610155610156,15,90,111,124,2.079808805692167,1.0,1.0,-1.0,-0.9818002439252946
240,2.396694214876033,11,0.019972451790633606,-0.5333370731470236,0.19616250006138194,0.009986225895316805,15,96,121,145,2.714417616594913,-1.3572088082974556,-1.3572088082974556,1.0,0.9999999999999997
241,2.388059701492537,10,0.017955336101447648,-0.5575956807200423,0.2286539457675304,0.008977668050723824,16,102,134,160,3.0000000000000004,-1.4999999999999993,-1.4999999999999993,1.0,-0.9999999999999997
242,2.3285714285714287,9,0.016752312435765672,-0.5366107655085733,0.23548261068641502,0.008376156217882836,17,105,140,163,3.0365889718756582,-1.5182944859378282,-1.5182944859378282,1.000000000000001,1.0000000000000002
243,2.3311258278145695,9,0.015540838852097134,-0.5232730426785714,0.22488849628990218,0.007770419426048565,18,109,151,176,3.075644553789098,-1.5365999883522798,-1.5365999883522798,0.948769121584036,-0.5126606424455252
244,2.3221476510067114,9,0.01569018683112643,-0.43152898911390725,0.21269232061608756,0.007845093415563215,18,110,149,173,3.067146101027027,-1.495596969827648,-1.495596969827648,-0.9999999999999988,0.9742094179609979
245,2.272108843537415,9,0.015562389339297362,-0.41614424136940475,0.19643108753384442,0.007781194669648681,18,110,147,167,2.887508268527901,-1.395325150649852,-1.395325150649852,1.0916805409836003,1.0916805409836003
246,2.1818181818181817,8,0.014260249554367202,-0.42233682740222894,0.16011726397064743,0.0071301247771836,17,122,154,168,2.703410892817115,-1.3233110352712059,-1.3233110352712059,-1.0279088548365454,-1.0000000000000002
247,2.08,7,0.013959731543624159,-0.386654822628075,0.14758006719410227,0.00697986577181208,19,123,150,156,2.4489921002345447,-1.1767473127544206,-1.1767473127544206,-1.0000000000000004,1.0000000000000002
248,2.0,7,0.013986013986013988,-0.389120409926056,0.1042656190024611,0.006993006993006993,19,127,144,144,2.009108370862051,-1.0000000000000007,1.0000000000000002,-1.0,1.0
249,2.040268456375839,8,0.01378559767821513,-0.3955682862271824,0.08507574092536968,0.006892798839107564,15,133,149,152,1.945177042855509,-1.0000000000000002,0.9999999999999998,0.9999999999999993,-0.9999999999999984
250,2.0272108843537415,8,0.013885006057217408,-0.42776694121030207,0.06352582315315235,0.006942503028608704,15,133,147,149,1.6070009994339125,-1.0,0.9999999999999998,0.9999999999999996,-0.9289502743708147
251,2.045801526717557,7,0.015736934820904287,-0.43679424196774536,0.05348061312023677,0.007868467410452143,12,120,131,134,1.5727371276131548,-0.9999999999999993,0.9999999999999989,-0.8073787887969851,-0.8073787887969851
252,2.0441176470588234,7,0.015141612200435731,-0.4665547022579272,0.04661303545808567,0.007570806100217865,14,125,136,139,1.6353959317932243,1.0,-0.9999999999999996,0.9999999999999996,-0.8254577851257279
253,2.1044776119402986,8,0.01582313993940074,-0.44382902404530944,0.04359156597962568,0.00791156996970037,15,125,134,141,1.7476236012187942,1.0,-1.0,1.0,-1.0
254,2.0916030534351147,8,0.016089254257193184,-0.4373992781983482,0.052261057032049404,0.008044627128596594,15,120,131,137,1.8366242216602537,1.0000000000000009,-1.0000000000000004,1.0,-1.0
255,2.0428571428571427,8,0.014696813977389518,-0.3783363199405861,0.04890464014087145,0.007348406988694759,17,129,140,143,1.8366242216602533,1.0000000000000002,-1.0,1.0,-0.9999999999999994
256,1.9855072463768115,7,0.014492753623188406,-0.37388354998496964,0.03871666196350628,0.007246376811594203,20,129,138,137,1.6543961542965397,1.0,1.0,-1.0,1.0
257,1.859375,7,0.014640748031496058,-0.35063680406217884,0.026077586206896552,0.0073203740157480315,21,122,128,119,1.259921049894874,1.0,1.0,-1.0,1.0
258,1.8125,6,0.01427165354330708,-0.347170495544363,0.015642959770114942,0.007135826771653544,22,124,128,116,1.0,-1.0,1.0,-1.0,1.0
259,1.7377049180327868,6,0.014361197669692453,-0.3226889725391982,0.03283589209818718,0.007180598834846227,24,117,122,106,1.000000007704337,1.0,1.0,-0.999999999999999,0.9999999922956665
260,1.7623762376237624,6,0.017623762376237626,-0.38829411777005507,0.054584920030464584,0.008811881188118811,20,94,101,89,1.442249570307409,1.0,-1.0,0.9999999999999996,-0.7211247851537044
261,1.8217821782178218,6,0.01821782178217822,-0.37316736171259507,0.05457303239481457,0.009108910891089108,18,94,101,92,1.4422495703074085,1.0000000000000024,1.0,-1.0,-0.7211247851537044
262,1.7659574468085106,6,0.018988789750629145,-0.3689260002486452,0.058663074514138346,0.009494394875314574,18,84,94,83,1.5687061164608311,1.0,-1.0,0.8754430365753704,-0.652973343060536
263,1.7473684210526317,6,0.01858902575587906,-0.32183353677556603,0.04926406926406926,0.00929451287793953,19,86,95,83,1.447226472099999,1.0,-1.0,0.8158799427849397,-0.6807441711194981
264,1.7523809523809524,6,0.01684981684981685,-0.3123725333557552,0.041376497898237025,0.008424908424908424,21,96,105,92,1.4472264720999994,1.0,-1.0,0.8158799427849395,-0.680744171119498
265,1.8888888888888888,8,0.015111111111111115,-0.3262536350789505,0.07708677013065436,0.007555555555555556,21,112,126,119,1.8612221734565275,1.0000000000000009,1.0000000000000007,-1.0000000000000004,-0.7775969457132916
266,1.984375,7,0.015624999999999997,-0.3123142837898727,0.09287719203355546,0.0078125,19,110,128,127,2.0161113272111173,1.0000000000000007,-1.0000000000000004,0.9999999999999989,-0.9226625521382307
267,2.0,8,0.016260162601626015,-0.3169399560883349,0.07139081072311623,0.008130081300813009,16,112,124,124,1.659497966395559,1.0,-1.0,0.9999999999999998,-0.8872209061887139
268,1.9338842975206612,8,0.016115702479338846,-0.2920943159470074,0.03871335459969295,0.008057851239669421,18,112,121,117,1.324717957244744,1.1486983549970349,-1.0000000000000002,0.9999999999999997,-0.9293164906031477
269,1.915966386554622,8,0.016237003275886622,-0.27515116816225527,0.030939578896692774,0.008118501637943313,18,110,119,114,1.3247179572447456,1.1486983549970353,-1.0000000000000002,0.9999999999999999,-0.9293164906031477
270,1.9433962264150944,8,0.018508535489667563,-0.30162006610852177,0.0347463060922369,0.009254267744833783,15,98,106,103,1.3247179572447458,1.0,-1.0,0.9999999999999998,-0.809016994374947
271,1.9173553719008265,8,0.01597796143250689,-0.29168364003335245,0.032319630233434635,0.007988980716253443,17,114,121,116,1.0,-1.0,0.9999999999999996,0.9999999999999996,-0.8090169943749477
272,1.94,7,0.0195959595959596,-0.3233148778295217,0.033454844006568146,0.009797979797979799,15,92,100,97,1.259921049894873,1.0,-1.0,0.9999999999999998,-0.809016994374947
273,1.8653846153846154,7,0.018110530246452573,-0.3499532204762314,0.03373015873015873,0.009055265123226288,16,99,104,97,1.4422495703074085,1.0000000000000002,-1.0,1.0,-0.7211247851537042
274,1.944954128440367,8,0.018008834522595992,-0.3638702311430517,0.032173362859854476,0.009004417261297996,15,98,109,106,1.4422495703074123,-1.3160740129524933,1.3160740129524926,1.0,-0.7211247851537047
275,1.9491525423728813,8,0.016659423439084456,-0.3549270451312029,0.029709167950693376,0.008329711719542228,17,107,118,115,1.4422495703074125,1.1892071150027208,-1.1892071150027206,1.0,1.0
276,1.9316239316239316,8,0.01665193044503389,-0.3404583093453179,0.029963092463092464,0.008325965222516947,17,106,117,113,1.442249570307409,1.1892071150027212,-1.1892071150027206,1.0,-1.0
277,2.046875,8,0.016117125984251964,-0.3380811392578243,0.043013202347083924,0.008058562992125984,15,112,128,131,1.6632519387714686,-1.1892071150027217,1.1892071150027217,-1.0000000000000002,1.0
278,2.0294117647058822,8,0.01503267973856209,-0.3315636883333535,0.03683350398737773,0.007516339869281046,20,124,136,138,1.8616673602253155,1.088387507440256,1.0000000000000016,1.0,1.0
279,2.076923076923077,8,0.016100178890876567,-0.30345415227691014,0.03854199931123008,0.008050089445438283,20,116,130,135,1.861667360225321,1.0883875074402576,1.0000000000000013,-1.0000000000000013,1.0000000000000007
280,2.0709219858156027,8,0.014792299898682875,-0.3159718803488879,0.06626372646397677,0.007396149949341439,20,128,141,146,1.9202941990754319,1.0934955577938834,-1.0000000000000007,1.0000000000000002,1.0
281,2.0,7,0.013605442176870748,-0.3043628517107601,0.05861482185011597,0.006802721088435374,23,136,148,148,1.7905650540920732,1.618033988749895,1.0000000000000009,-1.0000000000000007,1.0000000000000007
282,2.094674556213018,9,0.01246830092983939,-0.32417456040507847,0.09275313352882843,0.0062341504649196956,23,152,169,177,1.9572413953196683,1.6180339887498947,1.231458627616102,1.0000000000000009,-1.0000000000000007
283,2.143712574850299,8,0.012913931173796986,-0.3398448166158435,0.09385617099272495,0.006456965586898492,20,150,167,179,1.9572413953196697,1.6180339887498942,1.2314586276161026,-1.0000000000000022,1.0000000000000002
284,2.103448275862069,9,0.012158660554116007,-0.3413692738359956,0.09007797656000151,0.006079330277058002,20,154,174,183,2.0636734280237103,1.6180339887499,1.0000000181120055,-1.0000000000000022,1.000000000000001
285,2.1067961165048543,9,0.010277054226852949,-0.34726748222934434,0.10522513808793829,0.005138527113426474,22,179,206,217,2.020734987794496,1.6449053360935701,-1.0000000000000009,1.0000000000000004,1.0000000000000002
286,2.195744680851064,10,0.009383524277141298,-0.3657978300686462,0.16246936562853612,0.004691762138570649,23,192,235,258,2.784495873468908,1.7874251492054614,-1.3412924865141107,-1.3412924865141107,1.0343617448095714
287,2.264957264957265,10,0.009720846630717874,-0.40174440533578476,0.15503846577861416,0.004860423315358938,20,192,234,265,2.821142042756153,1.801770129388075,-1.3632328154028144,-1.3632328154028144,1.0321246425666688
288,2.261603375527426,10,0.009583065150539942,-0.4144958172535094,0.16151105474492292,0.004791532575269971,21,193,237,268,2.8525589124720656,1.7893274734940314,1.618033988749896,-1.3853787187868931,-1.3853787187868931
289,2.229665071770335,9,0.010719543614280456,-0.44672452645655397,0.15375331925077476,0.005359771807140228,18,173,209,233,2.632210477213593,1.7794006999070096,1.6180339887498913,-1.257830496419655,-1.257830496419655
290,2.196261682242991,9,0.01031108771006099,-0.4381016564545894,0.13769566583493698,0.005155543855030495,20,181,214,235,2.6123020909135826,1.6766080636546292,1.618033988749897,-1.2577553885958523,-1.2577553885958523
291,2.207920792079208,10,0.010984680557608,-0.4466541162536237,0.14153821071410339,0.005492340278804,19,166,202,223,2.5907779548759473,1.6189338833224256,1.6180339887498945,-1.2560012467541037,-1.2560012467541037
292,2.1161290322580646,9,0.013741097612065356,-0.4594310563371662,0.12267639326545357,0.006870548806032677,17,128,155,164,2.2869020720511064,1.6180339887498927,1.4140135402099117,-1.0862529491194577,-1.0862529491194577
293,2.0168067226890756,7,0.01709158239567013,-0.4056594699534123,0.05048201098621266,0.008545791197835067,15,110,119,120,1.6180339887498971,1.1938591113212254,0.9999999999999994,-0.7515192323789437,-0.7515192323789437
294,1.853211009174312,8,0.017159361196058442,-0.34061301034849206,0.030666994527908827,0.008579680598029223,17,101,109,101,1.6180339887498953,1.1486983549970355,1.0000000000000009,-0.9293164906031461,-0.9293164906031461
295,1.7345132743362832,7,0.015486725663716812,-0.32061006367020217,0.01776418532014576,0.007743362831858407,20,106,113,98,1.1486983549970355,0.9999999999999996,-0.9293164906031464,-0.9293164906031464,-0.4999999999999997
296,1.7355371900826446,8,0.014462809917355372,-0.2805509369072983,0.0,0.007231404958677686,20,116,121,105,1.1486983549970353,-0.9293164906031477,-0.9293164906031477,0.3549673131046301,0.3549673131046301
297,1.8695652173913044,8,0.01364646144081244,-0.2946969620098933,0.009679683967540039,0.00682323072040622,21,127,138,129,1.5337511687552015,-1.2837816658635377,1.0,-1.0,-0.12498475144583315
298,1.9473684210526316,8,0.012896479609620079,-0.33494381225661995,0.008783657003471246,0.006448239804810039,21,140,152,148,1.6042621473543486,-1.1632607826225065,-1.1632607826225065,-1.0000000000000002,1.0
299,1.9230769230769231,8,0.012406947890818861,-0.3124973438326489,0.021387871387871387,0.00620347394540943,23,142,156,150,1.6971850721753146,-1.0915359778549547,-1.0915359778549547,1.0,-0.9999999999999996
300,1.9745222929936306,9,0.012657194185856604,-0.32154588936757345,0.03399745706148656,0.006328597092928303,22,140,157,155,1.7859420426515524,-1.0149076648297453,-1.0149076648297453,1.0000000000000009,-1.0000000000000002
301,1.952662721893491,7,0.01162299239222316,-0.32234618907550544,0.031580943711121225,0.00581149619611158,25,153,169,165,1.6996357523464851,1.0000000000000002,-1.0,-0.9999999999999998,0.9999999999999998
302,1.9529411764705882,8,0.011555864949530108,-0.33446981531273834,0.01962292609351433,0.005777932474765054,24,156,170,166,1.6038249875376067,1.0,-1.0,1.0,-1.0
303,1.9272727272727272,7,0.01175166297117517,-0.34590468312478334,0.02022022022022022,0.005875831485587583,25,152,165,159,1.5305719098387482,-1.000000000000001,-1.0000000000000009,1.0,-1.0
304,1.8695652173913044,7,0.01364646144081244,-0.3416217604710395,0.02418203776899429,0.00682323072040622,23,132,138,129,1.259921049894873,-1.0,-1.0,1.0,0.9999999999999999
305,1.8529411764705883,6,0.013725490196078431,-0.3140962263568594,0.044164199328229625,0.006862745098039216,21,127,136,126,1.259921049894874,1.0,-1.0,1.0,-1.0
306,1.9172413793103449,7,0.013314176245210727,-0.333314014710376,0.07961659243606505,0.006657088122605364,20,129,145,139,1.709975946676698,1.2599210498948732,1.0000000000000007,-1.0000000000000002,-1.0000000000000002
307,2.0,7,0.014184397163120569,-0.35190677675567494,0.10881897994574051,0.0070921985815602835,17,122,142,142,2.223980090569315,-1.1119900452846578,-1.1119900452846578,1.0,-1.0
308,2.0434782608695654,8,0.014915899714376388,-0.36578038098956295,0.08004985920586943,0.007457949857188194,16,123,138,141,1.9129311827723878,1.0000000000000004,-1.0000000000000002,-1.0,0.9999999999999996
309,2.0277777777777777,8,0.014180264180264178,-0.3780947512339998,0.03360847478494537,0.00709013209013209,15,136,144,146,1.4422495703074096,1.0,-1.0,1.0,-1.0
310,2.052287581699346,8,0.013501891984864121,-0.35957767033881505,0.06651028975275747,0.0067509459924320605,17,138,153,157,1.5874010519682016,1.4422495703074074,1.0000000000000002,1.0,-1.0
311,2.265193370165746,10,0.01258440761203192,-0.38387228903346376,0.0600069257527821,0.006292203806015961,15,150,181,205,2.124562581509733,-1.1898445331400658,-1.1898445331400658,1.0000000000000013,-1.0000000000000007
312,2.3645320197044337,11,0.011705604057942739,-0.36822080081482533,0.09210443018940556,0.00585280202897137,16,168,203,240,2.4136086758712696,-1.1086288351825178,-1.1086288351825178,1.0000000000000004,1.0000000000000002
313,2.315352697095436,11,0.009647302904564316,-0.37584420031001076,0.08448982319937318,0.004823651452282158,17,203,241,279,2.4115183698587064,-1.1557937488870778,-1.1557937488870778,1.0,-1.0
314,2.349514563106796,11,0.0076282940360610264,-0.4229730225096726,0.11281653601984197,0.0038141470180305132,18,256,309,363,2.6567232232149895,1.7003931297379418,-1.3547425080338042,-1.3547425080338042,1.0000000000000002
315,2.341463414634146,11,0.007160438576862832,-0.4265329087753519,0.141142910168845,0.0035802192884314163,18,266,328,384,2.8341169243382276,1.976072756550036,-1.324452077303378,-1.324452077303378,-1.0806427631407605
316,2.3064066852367686,11,0.0064424767744043826,-0.4231819609954999,0.1433478197570026,0.003221238387202191,20,294,359,414,3.043367152145798,1.854710310340379,-1.420024382396735,-1.420024382396735,-1.0290143488463546
317,2.25531914893617,11,0.006014184397163122,-0.41398311103030483,0.125282073749319,0.0030070921985815603,25,322,376,424,2.9690632202285006,1.791541380217974,-1.3235880455812603,-1.3235880455812603,-1.0567142546419772
318,2.186301369863014,10,0.006006322444678607,-0.42148190563392446,0.11581781904107985,0.0030031612223393044,26,318,365,399,3.0237315458935825,1.4626895044256678,-1.2851892691650526,-1.2851892691650526,-0.9999999999999997
319,2.1363636363636362,9,0.006086506086506088,-0.3967619815532701,0.10399725592057173,0.003043253043253043,26,310,352,376,2.8136584819566166,1.5916574689982481,-1.3734462944107197,-1.3734462944107197,1.0
320,2.1379310344827585,10,0.0061611845374142885,-0.406039031913853,0.08823537072577707,0.003080592268707145,26,307,348,372,2.7510878792871063,1.5664412348263703,-1.314486412835481,-1.314486412835481,-1.0000000000000004
321,2.032051282051282,10,0.006533926951933384,-0.3842938901304863,0.056639360727912785,0.0032669634759666913,28,287,312,317,2.313822970755667,1.239466396853581,-1.0,1.0,0.9999999999999998
322,2.026578073089701,10,0.0067552602436323364,-0.3890599763297878,0.07953379845564537,0.0033776301218161682,31,270,301,305,2.5942351354086997,1.404092654700229,-1.163814857424473,-1.163814857424473,1.0
323,2.054607508532423,10,0.007036327084015148,-0.3987361641486896,0.07487904915873302,0.003518163542007574,30,259,293,301,2.7680951756701093,1.605132052630619,-1.0812135072273585,-1.0812135072273585,-1.0000000000000013
324,2.1070234113712374,10,0.007070548360306165,-0.3998662579889425,0.09444756662667499,0.003535274180153083,31,257,299,315,2.891127350739779,1.6214170748431966,-1.2103783725624555,-1.2103783725624555,-1.0000000000000009
325,2.1059602649006623,10,0.006996545730566986,-0.39111638638258145,0.0968205392696716,0.003498272865283492,31,259,302,318,2.844274405148424,1.774453643330452,-1.1713216423349682,-1.1713216423349682,-1.000000000000001
326,2.1022364217252396,10,0.0067379372491193565,-0.4078746328872373,0.09895545267489882,0.0033689686245596787,35,272,313,329,2.8266975222878674,1.8810096231940743,-1.3687083228470125,-1.3687083228470125,1.0000000000000007
327,2.111455108359133,10,0.00655731400111532,-0.3967838263265479,0.10941076061958241,0.00327865700055766,40,267,323,341,3.0453693912377364,1.5809134490191563,-1.2836423440954547,-1.2836423440954547,1.2207440846057613
328,2.169278996865204,10,0.00682163206561385,-0.4036607930090572,0.12582845325502548,0.003410816032806924,36,267,319,346,2.9745741721637655,1.893289196304498,1.465571231876768,-1.395640087170904,-1.395640087170904
329,2.1538461538461537,10,0.006391234877881762,-0.4317219441771737,0.07752487497347592,0.003195617438940881,32,285,338,364,2.716125188166029,1.6283578894321609,1.4655712318767693,-1.010205304484849,-1.010205304484849
330,2.1937321937321936,11,0.006267806267806267,-0.43723816396514076,0.060648650890372136,0.0031339031339031338,33,303,351,385,2.723682792522381,1.4655712318767669,-1.0395664184547233,-1.0395664184547233,1.000000000000001
331,2.2170087976539588,10,0.006520614110746939,-0.4538262151855539,0.11620256919609141,0.003260307055373469,30,291,341,378,3.036684474319467,1.4655712318767686,-1.0558251232168296,-1.0558251232168296,-1.0000000000000022
332,2.225609756097561,10,0.006806146043111807,-0.46318343640424015,0.1065803356877048,0.0034030730215559037,29,281,328,365,3.0605387826501866,1.4655712318767689,-1.0316449081875847,-1.0316449081875847,-1.0000000000000004
333,2.2613981762917934,10,0.006894506635035954,-0.461004340295988,0.10828288058191946,0.0034472533175179776,25,276,329,372,3.258280335852093,-1.4714184844467855,1.4655712318767673,1.0904455030297084,-1.0
334,2.352238805970149,10,0.007042631155599251,-0.4691434256884552,0.1535104446109377,0.0035213155777996247,22,264,335,394,3.608153805750379,1.5002244122812063,-1.281006673438361,-1.281006673438361,-1.0083788362731951
335,2.439306358381503,10,0.007070453212700009,-0.5058320601251848,0.20523468060205205,0.0035352266063500043,24,255,346,422,4.002164603291662,1.6723816444644508,-1.6373340425326202,-1.6373340425326202,-0.9840425437488003
336,2.4522292993630574,10,0.00783459840052095,-0.4935828217767314,0.21787265089118718,0.003917299200260475,22,227,314,385,3.8986381861253996,1.8405914614254928,-1.706257226169607,-1.706257226169607,-0.9546635929558811
337,2.4452554744525545,9,0.008956979759899467,-0.5130413770101506,0.2084930024796268,0.004478489879949734,19,199,274,335,3.7067189511251697,1.779123071661094,-1.6206165658861527,-1.6206165658861527,1.0000000000000007
338,2.3465703971119134,9,0.008502066656202586,-0.5019686875572253,0.18793993400843506,0.004251033328101292,24,207,277,325,3.6309466471971312,-1.5656937995039413,-1.5656937995039413,1.5164886073787975,-1.000000000000002
339,2.3134328358208953,9,0.008664542456258037,-0.48798945274103117,0.16191376926984602,0.004332271228129018,25,207,268,310,3.556511715399274,-1.5098011040437345,-1.5098011040437345,1.0000000000000002,-1.0000000000000002
340,2.2879377431906613,9,0.008937256809338521,-0.4897641042370394,0.1688480157436341,0.0044686284046692604,26,210,257,294,3.419951893353404,-1.709975946676698,-1.709975946676698,-1.0,1.0
341,2.1491228070175437,8,0.009467501352500195,-0.4602440129707406,0.12612482570993028,0.004733750676250097,28,196,228,245,2.8844991406148206,-1.4422495703074096,-1.4422495703074096,1.000000000000003,-1.0000000000000002
342,1.9550561797752808,7,0.011045515139973337,-0.4053194007889036,0.06932994563095095,0.0055227575699866695,24,163,178,174,1.7542815832480716,1.0000000000000009,1.0000000000000004,-1.0000000000000002,-1.0
343,1.9534883720930232,7,0.01142390860873113,-0.39265600637462394,0.056234507266799,0.005711954304365565,23,158,172,168,1.5727371276131548,1.0000000000000002,-1.0,-0.9999999999999999,0.9999999999999998
344,2.0,8,0.011494252873563222,-0.4134486851184633,0.07204353138151048,0.005747126436781609,23,160,175,175,1.980020925828316,-1.0192125603165647,-1.0192125603165647,0.3939444672407232,-0.1677701362179558
345,2.036144578313253,8,0.01234027017159547,-0.404659150681998,0.0638984093121397,0.006170135085797736,19,151,166,169,1.9715214308112077,-1.0000000000000009,1.0000000000000007,-0.9677960333910827,-0.9677960333910827
346,1.9761904761904763,8,0.011833475905332192,-0.4031198055546715,0.049248825074296766,0.005916737952666096,20,153,168,166,1.9715214308112081,-1.0,0.9999999999999999,-0.9677960333910813,-0.9677960333910813
347,1.9518072289156627,8,0.011829134720700985,-0.3844193185433176,0.05065668077716271,0.005914567360350493,22,150,166,162,1.8951043657870361,-1.0000000000000004,0.9999999999999997,-0.9999999999999993,0.9999999999999993
348,2.0584795321637426,8,0.012108703130374956,-0.4184091324367729,0.1037647429460295,0.006054351565187479,18,147,171,176,2.1249141586098377,1.215314134248675,1.0,-1.0,-0.9999999999999999
349,2.0444444444444443,8,0.011421477343265051,-0.3693883170290994,0.12360146054792152,0.005710738671632526,21,154,180,184,2.332849599479132,1.1864485389633845,-1.1183205966386618,-1.1183205966386618,1.000000000000001
350,2.0,8,0.009950248756218904,-0.35478583643333583,0.10684337515115401,0.004975124378109453,26,173,202,202,2.4323497049874296,1.2052114582333247,-1.1232940566622238,-1.1232940566622238,-1.0317260503239265
351,1.888412017167382,8,0.00813970697054906,-0.34187132400084785,0.07186947637752764,0.00406985348527453,34,209,233,220,2.207527278919869,1.128619344379149,-1.0461469038157913,-1.0000000000000004,-1.0000000000000004
352,1.853061224489796,7,0.007594513215122114,-0.3279024385523697,0.08059324122326327,0.003797256607561057,38,223,245,227,2.1364307002415557,1.1881471896668618,-1.0390417832872079,-1.0390417832872079,-1.0000000000000009
353,1.83011583011583,7,0.0070934722097512806,-0.3038640394458813,0.07623037257620491,0.00354673610487564,43,236,259,237,2.136430700241564,1.188147189666858,-1.0390417832872072,-1.0390417832872072,1.0000000000000009
354,1.828793774319066,8,0.007143725680933852,-0.3077825483230729,0.06904011529784017,0.003571862840466926,41,237,257,235,2.048561667542466,1.2149627107616372,-0.9999999999999998,0.9999999999999998,0.9999999999999996
355,2.0,8,0.006578947368421051,-0.3388634808848634,0.04154227551469789,0.003289473684210526,43,293,305,305,1.6180339887498982,1.0,-0.9999999999999999,0.9999999999999999,-0.9999999999999998
356,1.976608187134503,9,0.0057965049476085126,-0.332361144002786,0.03411893619973438,0.0028982524738042563,50,329,342,338,1.6180339887498945,1.0,-1.0,-1.0,1.0
357,2.0395480225988702,10,0.005777756437957139,-0.341127226927781,0.06460584122019856,0.0028888782189785693,49,327,354,361,2.37331285271445,-1.1869857214577526,-1.1869857214577526,-1.000000000000001,1.000000000000001
358,2.029940119760479,9,0.006095916275556993,-0.3416843106249875,0.0625520602986945,0.003047958137778497,50,308,334,339,2.3673386329618102,-1.183942132131464,-1.183942132131464,-1.0000000000000002,-1.0
359,2.112,10,0.005647058823529412,-0.37202067475305733,0.07438031348278754,0.002823529411764706,47,336,375,396,2.7449033828043192,-1.3466301058389396,-1.3466301058389396,-1.0000000000000002,1.0
360,2.1763224181360203,11,0.005495763682161666,-0.38344885930543593,0.09958983225947214,0.0027478818410808336,45,345,397,432,3.072879323663904,-1.499129933081099,-1.499129933081099,1.0000000000000004,1.0
361,2.1852731591448933,11,0.005203031331297363,-0.38474893795286563,0.10974787897633068,0.0026015156656486824,45,364,421,460,3.148078960348248,-1.5377725183689117,-1.5377725183689117,1.150457679286493,1.0000000000000004
362,2.2283298097251585,12,0.004721037732468556,-0.4106083666970763,0.10248966572897682,0.002360518866234278,51,413,473,527,3.084001696182012,-1.5015627905127413,-1.5015627905127413,1.3248615799594412,1.025252724437605
363,2.267260579064588,13,0.0050608495068405965,-0.41799454053552193,0.10113167854687488,0.002530424753420299,44,396,449,509,2.8970938459126208,-1.3987807622519637,-1.3987807622519637,1.3056885535499414,1.3056885535499414
364,2.2048997772828507,12,0.00492165128857779,-0.4081643271814697,0.09668341587613168,0.002460825644288896,49,398,449,495,2.7791244884597517,-1.3298326510143372,-1.3298326510143372,1.298190271980003,1.298190271980003
365,2.1825396825396823,12,0.004339045094512291,-0.39652270605451867,0.08694887639918843,0.0021695225472561455,50,446,504,550,2.8223007964953437,-1.3549119483365164,-1.3549119483365164,1.3314885233670446,1.3314885233670446
366,2.1878914405010437,12,0.004577178745818082,-0.40364873658072514,0.07169759894189458,0.0022885893729090415,44,428,479,524,2.674306476281902,1.327808102626793,1.327808102626793,-1.3006903734554256,-1.3006903734554256
367,2.20125786163522,11,0.004624491305956344,-0.3908336527860005,0.06877912377466197,0.0023122456529781725,40,427,477,525,2.4632826979834084,1.2504329666305134,1.2504329666305134,-1.1764044195912093,-1.1764044195912093
368,2.213861386138614,12,0.004392582115354392,-0.38259811992356685,0.07321105368890882,0.0021962910576771963,41,450,505,559,2.589727664506349,1.2449074308626176,1.2449074308626176,-1.2177893522563479,-1.2177893522563479
369,2.0294736842105263,12,0.004281590051077059,-0.3266747896739967,0.061582581342646804,0.00214079502553853,46,435,475,482,2.410059750852543,1.117796142003084,-1.1152284896846645,-1.1152284896846645,-1.0000000000000027
370,1.9714867617107943,11,0.004023442370838357,-0.32027165575888816,0.0572038280099225,0.002011721185419178,54,460,491,484,2.3351499810365937,-1.0633465495133585,-1.0633465495133585,1.0241590420234212,1.0000000000000004
371,1.9468302658486707,11,0.003989406282476784,-0.32297048125159167,0.05265772609226655,0.001994703141238392,55,456,489,476,2.2938093796077643,1.2780516137776277,-1.0157464257085835,-1.0157464257085835,-1.0000000000000013
372,1.8755186721991701,10,0.0038992072187092938,-0.3214403520969561,0.040169491884349616,0.0019496036093546467,61,461,482,452,1.9573078307368519,-1.1740174309164897,1.0000000000000004,1.0000000000000004,-1.0000000000000004
373,1.8655097613882863,10,0.004055456003018014,-0.2999700028316843,0.035483412013449386,0.002027728001509007,61,443,461,430,1.7163955409482219,-1.1796478902009182,1.0000000000000009,-1.0,1.0
374,1.8561797752808988,11,0.004180585079461483,-0.3043768733710816,0.03152356256803163,0.002090292539730742,62,428,445,413,1.6886716089856684,1.000000000000002,-1.0000000000000007,1.0000000000000007,1.0000000000000004
375,1.8968058968058967,10,0.004671935706418465,-0.2945572587318066,0.05495216720083937,0.0023359678532092324,56,382,407,386,2.1023707793075115,1.2599210498948727,-1.0456732134340987,-1.0456732134340987,-1.000000000000001
376,1.9257142857142857,11,0.005517805976258699,-0.290499472532041,0.06756039630825109,0.0027589029881293493,48,322,350,337,2.364396155771758,1.2599210498948734,-1.1794584250133082,-1.1794584250133082,-1.0000000000000009
377,1.9583333333333333,11,0.005113141862489121,-0.2948865811599393,0.07301765941939517,0.0025565709312445604,52,351,384,376,2.581539983324337,-1.2873975615978188,-1.2873975615978188,1.2599210498948736,-1.1614367985188356
378,2.003913894324853,12,0.003929242930048732,-0.3130794163354904,0.06954028930692129,0.001964621465024366,67,475,511,512,2.720516457137472,-1.360320728432019,-1.360320728432019,1.2599210498948734,-1.000000000000001
379,2.0074074074074075,12,0.0037243180100322948,-0.3057928250173108,0.059582687495818486,0.0018621590050161478,68,500,540,542,2.725705007804727,1.4238117516222355,-1.3629126082774927,-1.3629126082774927,1.0000000000000004
380,2.009646302250804,12,0.0032361454142525023,-0.30572047691122956,0.05617931187038928,0.0016180727071262511,79,573,622,625,2.8220750102124503,-1.4087910553866394,-1.4087910553866394,1.3650719218000378,1.201431771108201
381,1.977304964539007,13,0.002808671824629271,-0.2972625548266041,0.05737231929276384,0.0014043359123146358,99,641,705,697,2.962878516024135,1.4869293080623758,1.4869293080623758,-1.4555735614254512,-1.4555735614254512
382,1.9784656796769853,13,0.002666395794712918,-0.2924118810161803,0.057616507817811705,0.001333197897356459,101,672,743,735,2.981109095401936,1.4820505801116974,1.4820505801116974,-1.4357029076160224,-1.4357029076160224
383,1.9750623441396509,14,0.0024657457479895766,-0.2972856694052043,0.059513259114429284,0.0012328728739947883,109,720,802,792,2.9794953600554286,1.8295852683061524,1.6086155724179034,-1.4332005858870733,-1.4332005858870733
384,1.9722543352601156,14,0.00228270177692143,-0.3016629216807474,0.0648967276952273,0.0011413508884607151,117,772,865,853,3.3262706522648755,1.7468153956561765,-1.6278867456928925,-1.6278867456928925,1.5641818793551066
385,1.9391727493917275,12,0.0023619643719753067,-0.2932116371632371,0.06801892606279132,0.0011809821859876538,114,736,822,797,3.2145960838090506,1.7711200429239198,-1.5532802452132513,-1.5532802452132513,1.3919714411217903
386,1.9394673123486683,13,0.002350869469513537,-0.3041860581861548,0.05708466171956474,0.0011754347347567686,111,756,826,801,2.845864946449059,1.7099759466766975,1.5443232333643389,-1.330391875008008,-1.330391875008008
387,1.9380421313506815,14,0.0024045187733879427,-0.29646358640687454,0.05999763947098495,0.0012022593866939711,111,740,807,782,2.8108060464970985,1.8171205928321406,1.5635636610967696,-1.3058953861758864,-1.3058953861758864
388,1.9687123947051746,14,0.0023719426442231017,-0.3066650719516535,0.0719649627589807,0.0011859713221115508,109,757,831,818,2.919502996546857,1.8341122275505668,1.8171205928321401,-1.3998306070155584,-1.3998306070155584
389,1.928400954653938,12,0.0023039437928959834,-0.300724417298207,0.06983319300456636,0.0011519718964479917,123,768,838,808,2.85420800191414,1.8362632858437669,1.8171205928321401,-1.3942478531834994,-1.3942478531834994
390,1.8683901292596945,12,0.0021981060344231696,-0.28291726698273534,0.06319264477269083,0.001099053017211585,139,791,851,795,2.774271542199773,1.710680644062757,-1.3526465746786513,-1.3526465746786513,1.267119458175023
391,1.8080568720379147,15,0.002144788697553872,-0.2656425099475056,0.04899566029175813,0.0010723943487769363,156,788,844,763,2.579136095783297,1.7265686347930784,1.2649179910627633,-1.222837382782354,-1.222837382782354
392,1.8211180124223603,14,0.0022650721547541794,-0.2339800915962142,0.042281159164939304,0.0011325360773770897,159,732,805,733,2.461204464035557,1.7654082024387865,-1.711817228753408,1.6739386420539188,1.6180339887498936
393,1.835234474017744,14,0.0023289777589057667,-0.2265145449166276,0.0566709206778834,0.0011644888794528833,158,705,789,724,2.495297087065502,1.949439038713008,-1.711522290932355,1.6977941761667448,1.6180339887498916
394,1.8640296662546354,13,0.0023069674087309844,-0.22880157768494155,0.064953144232295,0.0011534837043654922,153,714,809,754,2.658419730479528,2.0062178233197407,1.7320508075688812,-1.7320508075688732,1.6180339887498971
395,1.848133848133848,13,0.002381615783677639,-0.22108978874759738,0.05942118715977696,0.0011908078918388197,149,692,777,718,2.6382483453543393,2.043494451958211,-1.7320508075688759,1.7320508075688732,1.6180339887498918
396,1.878238341968912,14,0.0024361067989220643,-0.2323113734621113,0.07067744869651425,0.0012180533994610324,146,679,772,725,2.9183517477149574,2.0480171485768754,1.7320508075688785,-1.7320508075688785,1.6180339887498973
397,1.848238482384824,14,0.00250778627189257,-0.2384080046599359,0.05496285256576942,0.001253893135946285,132,662,738,682,2.6595785612718945,1.870925584148025,-1.7320508075688765,1.7320508075688748,1.6180339887498933
398,1.854014598540146,11,0.002710547658684424,-0.26569913342376034,0.06558920288354257,0.001355273829342212,114,617,685,635,2.634837606358473,1.765241374833894,-1.4142135623730951,1.4142135623730947,1.3247179572447425
399,1.8950819672131147,9,0.003111793049611026,-0.2956463096123228,0.05957033406326251,0.001555896524805513,83,558,610,578,2.393651473423566,1.6979837570506808,-1.0353040882686613,-1.0353040882686613,-1.0000000000000018
400,1.90893760539629,10,0.0032245567658721118,-0.3138793285459321,0.06406977360455166,0.0016122783829360559,77,540,593,566,2.4091852378536682,1.6858441411316523,1.560908279071256,-1.0000000000000013,1.0000000000000009
401,1.9226519337016574,10,0.003547328290962467,-0.3055307537493407,0.07425164781078913,0.0017736641454812337,71,492,543,522,2.45845213254826,1.6858441411316551,1.5348486769886573,1.0000000000000024,1.000000000000001
402,1.8859315589353611,11,0.003592250588448308,-0.2982206360306286,0.05512423863821828,0.0017961252942241535,69,491,526,496,2.057942571987809,1.6858441411316538,1.0000000000000016,1.0,-1.0
403,1.812,10,0.0036312625250501,-0.2860235965338982,0.053337407501646,0.0018156312625250502,77,469,500,453,1.9619046200897672,1.6858441411316554,1.0000000000000007,-1.0000000000000002,-0.9999999999999994
404,1.806201550387597,8,0.0035071874764807704,-0.2937943831339837,0.048509737573794245,0.0017535937382403854,78,487,516,466,1.9094593701714713,1.6858441411316556,1.000000000000002,-1.000000000000001,-0.9999999999999996
405,1.806841046277666,9,0.0036428246900759393,-0.2877154644411719,0.0543779962027195,0.0018214123450379697,78,465,497,449,2.1077412395492803,1.5874010519682002,1.0000000000000009,-1.0,0.9999999999999999
406,1.8011695906432748,9,0.003517909356725146,-0.29514761196675254,0.04290841134263834,0.001758954678362573,81,486,513,462,2.1726669036746573,1.0000000000000002,-0.9999999999999997,0.9999999999999988,-0.8284793839217746
407,1.85146804835924,10,0.00320323191757654,-0.3070883551261272,0.03687344244136518,0.00160161595878827,82,551,579,536,2.112886043749541,1.0580607109126863,1.000000000000004,-1.000000000000001,1.0000000000000007
408,1.8538324420677361,9,0.0033104150751209578,-0.3090890000940006,0.036867342871489156,0.0016552075375604787,78,541,561,520,1.8171205928321394,1.259921049894876,1.0000000000000007,-0.9999999999999999,0.9999999999999998
409,1.8311926605504587,9,0.003366162978953049,-0.32562634572369487,0.03030394865369203,0.0016830814894765245,77,530,545,499,1.8171205928321401,1.000000000000002,0.9999999999999998,-0.9085602964160696,-0.9085602964160696
410,1.8345070422535212,10,0.003235462155649949,-0.32659933769943,0.025558105659146794,0.0016177310778249746,80,554,568,521,1.7099759466766953,1.0000000000000042,1.0,-1.0,0.9999999999999998
411,1.8333333333333333,9,0.003478810879190385,-0.3404084920943369,0.020542355106089295,0.001739405439595193,81,519,528,484,1.4422495703074105,1.0,-1.0,0.9999999999999998,-0.7211247851537046
412,1.8354430379746836,9,0.0038804292557604305,-0.32002242211761256,0.01795333429377277,0.0019402146278802153,74,466,474,435,1.2599210498948739,1.0,-1.0,1.0,-1.0
413,1.8658536585365855,9,0.003800109284188565,-0.3176869435844909,0.024749873720224674,0.0019000546420942825,72,481,492,459,1.2599210498948732,1.0000000000000007,1.0,-1.0,1.0
414,1.84,9,0.004097995545657016,-0.2653671850312808,0.045960000836528535,0.0020489977728285077,76,426,450,414,2.1544346900318887,-1.077217345015943,-1.077217345015943,1.0000000000000004,-1.0000000000000004
415,1.826086956521739,10,0.004188272836059034,-0.24789661192175602,0.052464064505459054,0.002094136418029517,74,413,437,399,2.1544346900318887,-1.077217345015943,-1.077217345015943,1.0000000000000007,-1.0000000000000002
416,1.8090692124105012,9,0.004327916776101678,-0.24013151753052023,0.06425966502205283,0.0021639583880508385,73,390,419,379,2.4101422641752315,-1.2050711320876162,-1.2050711320876162,-1.0000000000000009,1.0000000000000009
417,1.865,10,0.0046741854636591475,-0.26004121739141633,0.07954923873550161,0.0023370927318295738,63,366,400,373,2.519842099789746,-1.259921049894873,-1.259921049894873,1.000000000000003,1.0000000000000007
418,1.8591549295774648,11,0.004374482187241094,-0.24917000303162304,0.07233927663360001,0.002187241093620547,67,391,426,396,2.50216900073788,-1.2158652470622846,-1.2158652470622846,1.0000000000000009,1.0000000000000004
419,1.875,12,0.004350348027842227,-0.2646678031266446,0.06284051914273193,0.0021751740139211136,61,402,432,405,2.3938182156452816,-1.1560121828612258,-1.1560121828612258,-1.0000000000000007,1.0
420,1.8578680203045685,11,0.0047273995427597176,-0.26422595441091856,0.052926819891661175,0.0023636997713798583,57,372,394,366,2.145285829718087,1.2599210498948747,-1.0125395945219324,-1.0125395945219324,-1.0000000000000007
421,1.8444444444444446,11,0.005137728257505417,-0.2629030696809946,0.05054334969254997,0.0025688641287527083,52,342,360,332,1.999999999999999,1.2599210498948734,-1.0000000000000004,-0.9999999999999997,0.9999999999999996
422,1.83013698630137,9,0.005027848863465301,-0.2778510088314276,0.044359721245221376,0.0025139244317326508,54,348,365,334,2.0,1.2599210498948736,-1.0000000000000004,-0.921867138949035,-0.921867138949035
423,1.8064516129032258,11,0.004869141813755325,-0.2773248086685854,0.027393427277180544,0.002434570906877663,56,362,372,336,1.659497966395557,1.2599210498948727,-0.8872209061887143,0.8404896146160402,-0.8063833374114404
424,1.7566765578635015,11,0.005228204041260421,-0.25158221119835444,0.0218472646179634,0.0026141020206302107,56,332,337,296,1.259921049894876,0.9999999999999998,-0.6299605249474368,-0.6299605249474368,-0.5000000000000002
425,1.7195121951219512,11,0.005258447079883644,-0.23039943275964414,0.02036347913609912,0.0026292235399418213,59,324,328,282,1.2599210498948745,-0.6299605249474373,-0.6299605249474373,-3.915224338087294e-09,3.915224214910747e-09
426,1.6947040498442367,8,0.00529595015576324,-0.19695314656440224,0.02080560273539777,0.00264797507788162,60,317,321,272,1.2599210498948747,-0.6299605249474365,-0.6299605249474365,2.3551386880256624e-16,0.0
427,1.6677524429967427,11,0.005450171382342296,-0.1899098357174258,0.022827699658582744,0.002725085691171148,59,303,307,256,1.2599210498948745,-0.6299605249474373,-0.6299605249474373,-3.915224338087294e-09,3.915224214910747e-09
428,1.7006369426751593,11,0.005433344864776866,-0.1884042654047539,0.028741634626297193,0.0027166724323884335,60,305,314,267,1.5616513501298872,1.0,-0.6589926078191426,-0.6589926078191426,-0.5727479645525511
429,1.6818181818181819,10,0.005478235119928931,-0.19803231807105276,0.01631937858203681,0.0027391175599644655,58,301,308,259,1.5396133460819772,1.0,-0.6051024089447135,-0.6051024089447135,-0.32940852819255073
430,1.654485049833887,8,0.005514950166112957,-0.227310995786913,0.016715683819010282,0.0027574750830564785,61,294,301,249,1.5396133460819765,1.0,-0.6051024089447126,-0.6051024089447126,-0.32940852819255084
431,1.7921348314606742,8,0.005048267130875138,-0.3446338101715479,0.03865021677179993,0.002524133565437569,57,340,356,319,2.0635012059478104,1.1221182491188886,1.0,-0.9534212528135091,-0.9534212528135091
432,1.8727735368956744,10,0.004777483512488964,-0.3619308573409833,0.07682724119446098,0.0023887417562444826,61,359,393,368,2.690641453940738,1.427783943058118,-1.3160043487550253,-1.3160043487550253,1.0
433,1.9061032863849765,11,0.004484948909141122,-0.3615195975899959,0.0781816439703102,0.002242474454570561,67,390,426,406,2.7523877970599755,1.422271808137967,-1.322322986376388,-1.322322986376388,1.0
434,1.9045454545454545,10,0.004338372333816525,-0.3718878233638675,0.0656217001711904,0.0021691861669082624,68,409,440,419,2.5966793196633535,1.4251533165661756,-1.265143843034616,-1.265143843034616,1.0
435,1.901639344262295,10,0.004463942122681443,-0.37941661866606163,0.06881814707879562,0.002231971061340722,66,397,427,406,2.63900419718381,-1.2917245854147956,-1.2917245854147956,1.2599210498948694,-0.6299605249474373
436,1.9671361502347418,11,0.004628555647611157,-0.3697725980262288,0.06253523032159276,0.0023142778238055784,63,386,426,419,2.493193971725856,1.9657382518237283,-1.6642552088723885,-1.2112428398694024,-1.2112428398694024
437,1.9813953488372094,13,0.004618637176776711,-0.3700347149040888,0.06659644262891931,0.0023093185883883557,63,388,430,426,2.544942036235167,1.9657382518237263,-1.664255208872391,-1.2394309244125599,-1.2394309244125599
438,2.0,11,0.0055710306406685246,-0.3444096190743115,0.06305915910430039,0.002785515320334262,53,324,360,360,2.376435960325833,1.9657382518237294,-1.6642552088723888,-1.1497577881581877,-1.1497577881581877
439,1.9259259259259258,11,0.005962618965714942,-0.3615240833665399,0.032953903649127744,0.0029813094828574703,52,300,324,312,1.894982434866196,-1.7442276474313085,1.663251938771471,-0.7071067811865476,-0.7071067811865476
440,1.9069767441860466,10,0.006356589147286823,-0.3517023411156638,0.03327115064255453,0.003178294573643411,47,285,301,287,1.5275305590711374,1.2599210498948736,1.0603597203761548,-0.9005950062506826,-0.9005950062506826
441,1.9217081850533808,10,0.006863243518047788,-0.3126050590582749,0.03326257678112,0.0034316217590238942,42,264,281,270,1.492871996889968,1.2599210498948727,-1.0000000000000009,1.0000000000000007,1.0000000000000007
442,1.9867549668874172,10,0.006600514840157534,-0.3306734962665001,0.048610916531955206,0.003300257420078766,40,278,302,300,1.7870949286836577,1.2599210498948767,1.2026822136838038,1.0000000000000004,-1.0000000000000002
443,1.993421052631579,12,0.006578947368421052,-0.2950171693912171,0.04937851383703806,0.003289473684210526,40,272,304,303,1.8451242149709008,1.2599210498948734,-1.0807385986708877,-1.0807385986708877,1.0000000000000016
444,2.039473684210526,10,0.006730936251519887,-0.3059741469730862,0.055954095639098936,0.0033654681257599445,37,271,304,310,1.8766925746096819,1.259921049894871,1.1524502874738025,-1.0000000000000004,-1.0000000000000004
445,2.0575079872204474,11,0.0065945768821168175,-0.3056592664547935,0.05755245764577501,0.003297288441058409,34,281,313,322,1.7439670644038316,1.5874010519682014,1.0000000000000002,-1.0000000000000002,0.9999999999999993
446,2.1565217391304348,11,0.006268958543983823,-0.33150286651149774,0.06831232878404682,0.003134479271991911,33,301,345,372,2.2912983412209855,1.3846188911578914,1.3003636716746663,-1.1047318100478705,-1.1047318100478705
447,2.196185286103542,12,0.0060005062461845424,-0.3227653227239227,0.07476054452223839,0.003000253123092271,34,317,367,403,2.4148307692947464,1.6333451930025404,-1.1838987456007086,-1.1838987456007086,1.1628715908398604
448,2.1852861035422344,12,0.005970727058858565,-0.32319039548023715,0.07203327858388213,0.002985363529429282,34,315,367,401,2.4357345714713348,1.6371557076284213,1.1746866543393462,-1.1610196397359274,-1.1610196397359274
449,2.1400560224089635,13,0.006011393321373492,-0.31075625741687135,0.08386005932264459,0.0030056966606867466,42,304,357,382,2.7138527929677405,1.6649137251726793,-1.3267296465332865,-1.3267296465332865,1.0
450,2.1134328358208956,11,0.006327643221020647,-0.2925571302521975,0.09238147487259485,0.0031638216105103227,35,285,335,354,2.724062670127541,1.7445869012785942,-1.3379565864737024,-1.3379565864737024,1.0
451,2.054380664652568,11,0.00622539595349263,-0.26770350272085713,0.06867809327180095,0.003112697976746315,43,294,331,340,2.3530451549514324,1.667282702980911,-1.1443098962047134,-1.1443098962047134,1.0
452,2.0,11,0.006289308176100628,-0.26020146080683415,0.058724294243562944,0.0031446540880503146,46,289,319,319,2.3108177361558693,1.4915536846622512,-1.116959776197802,-1.116959776197802,1.0
453,1.880281690140845,9,0.006644104912158464,-0.2236677106678271,0.053588822922626345,0.0033220524560792315,48,259,284,267,2.1472626187704824,1.3715951389761165,-1.0243407219234362,-1.0243407219234362,-1.0
454,1.7451737451737452,10,0.006764239322378858,-0.20615985773187642,0.013029708293987351,0.0033821196611894286,54,251,259,226,1.2207440846057587,1.000000000000006,1.0,1.0,1.0
455,1.7019607843137254,10,0.006700633009109154,-0.200180258650394,0.0212073486671664,0.0033503165045545777,55,248,255,217,1.2599210498948745,1.0,-1.0,1.0,1.0
456,1.6935483870967742,10,0.006856471202820947,-0.21314346909293908,0.028538115985205316,0.003428235601410474,51,239,248,210,1.2599210498948727,1.2599210498948716,-1.0000000000000002,1.0,1.0
457,2.0,12,0.006756756756756758,-0.29535499512050695,0.04855441744711151,0.0033783783783783786,45,281,297,297,1.8042280382029374,1.0,1.0,0.9999999999999997,0.9999999999999993
458,1.938080495356037,12,0.006018883525950426,-0.2882628479211364,0.03531241382426633,0.003009441762975213,51,310,323,313,1.5057870612170485,1.0000000000000007,1.0,-1.0,1.0
459,2.0,12,0.005797101449275362,-0.31127984875903747,0.05418328797948204,0.002898550724637681,53,325,346,346,1.8363576341953907,1.259921049894873,1.0000000000000004,1.0000000000000002,1.0
460,2.010752688172043,10,0.005419818566501463,-0.31683279721153396,0.05590100747677148,0.002709909283250732,55,348,372,374,1.8614088973419594,1.2599210498948739,1.1574215064236326,1.0000000000000004,1.0
461,1.9950617283950618,13,0.004938271604938272,-0.3138874854710701,0.05863484187463505,0.0024691358024691358,57,381,405,404,1.9462589966473083,1.1763226215269988,-1.000000000000001,1.0000000000000009,1.0000000000000009
462,1.9146067415730337,12,0.004312177345885211,-0.31063898914503874,0.0423520967153926,0.0021560886729426057,68,425,445,426,1.8614088973419596,1.1574215064236333,1.0,-1.0,-0.9999999999999999
463,1.8773784355179703,12,0.003977496685419429,-0.30558542884664364,0.04371848885256675,0.0019887483427097146,77,453,473,444,1.8614088973419607,1.157421506423634,1.000000000000001,1.0,-1.0
464,1.7199124726477024,9,0.003771737878613383,-0.2437437532825432,0.04525087504418254,0.0018858689393066912,91,439,457,393,1.771734689798515,1.1288371851134456,1.000000000000002,-1.0000000000000009,1.0000000000000007
465,1.7316017316017316,10,0.0037561859687673133,-0.24687969242939306,0.04475481702523927,0.0018780929843836569,89,444,462,400,1.7717346897985151,1.1288371851134462,-1.0000000000000027,1.0000000000000007,-1.0000000000000004
466,1.714902807775378,11,0.0037119108393406457,-0.23536430627242697,0.036741916249927266,0.0018559554196703224,90,447,463,397,1.6788676713545418,1.082348909230025,1.0,-1.0,1.0
467,1.6807511737089202,10,0.003954708644020989,-0.229503755575418,0.02584727517792377,0.0019773543220104944,86,417,426,358,1.4422495703074079,-1.0,1.0,0.9999999999999999,0.9999999999999998
468,1.8239277652370203,10,0.004126533405513621,-0.30550332789058265,0.053581763531177835,0.0020632667027568104,73,416,443,404,2.326273653561191,-1.1225831110965976,-1.1225831110965976,1.0,0.9999999999999994
469,1.7956521739130435,9,0.00391209623946197,-0.3121115499373672,0.038556497802505016,0.001956048119730984,76,443,460,413,2.1158749825813525,-1.0023903981209958,-1.0023903981209958,1.000000000000001,-1.0
470,1.784355179704017,9,0.00378041351632207,-0.3152307430287852,0.01973409603706506,0.0018902067581610348,77,464,473,422,1.5874010519681978,1.0,-1.0,-0.7937005259841001,-0.7937005259841001
471,1.793859649122807,9,0.003942548679390785,-0.3202287151895388,0.010966512289989714,0.0019712743396953923,69,450,456,409,1.4422495703074105,-0.7211247851537044,-0.7211247851537044,2.314095542803452e-08,-2.3140955172507872e-08
472,1.7847533632286996,11,0.004010681715120673,-0.3295486348212607,0.008970763247912789,0.0020053408575603365,66,442,446,398,1.259921049894874,-0.6299605249474374,-0.6299605249474374,3.915224338087294e-09,-3.915224214910747e-09
473,1.9595505617977529,10,0.0044134021662111545,-0.4085387275015519,0.06445906852267466,0.0022067010831055777,57,416,445,436,2.474518076303908,-1.2372590381519548,-1.2372590381519548,1.227143580382042,-0.6135717901910213
474,1.9913606911447084,11,0.004310304526287247,-0.41266592588448975,0.0757825209260065,0.0021551522631436237,56,427,463,461,2.7194044967210216,-1.3597022483605112,-1.3597022483605112,1.236291037560884,-0.6181455187804423
475,1.9915789473684211,11,0.004201643348878524,-0.33879696495794936,0.0651343980536597,0.002100821674439263,59,442,475,473,2.490163257567444,1.3829981293699187,-1.245338235898552,-1.245338235898552,1.0000000000000002
476,2.0455486542443064,11,0.004243876876025531,-0.36222807709521393,0.0778975985057907,0.002121938438012766,58,431,483,494,2.743111697012826,-1.3614315068962608,-1.3614315068962608,1.261981814911395,1.1202814524039513
477,2.0597609561752988,13,0.004111299313723151,-0.3708966392267688,0.07063614798651409,0.0020556496568615757,57,461,502,517,2.7260773585799467,-1.363121332752376,-1.363121332752376,1.2215482716711632,1.0000000000000016
478,2.0421455938697317,13,0.003919665247350733,-0.379564245092163,0.06565137254110896,0.0019598326236753665,61,479,522,533,2.6836693646046386,-1.3419304277027848,-1.3419304277027848,1.2064608645859873,1.0000000000000038
479,1.9926062846580406,12,0.00369001163825563,-0.39063630439886854,0.05859405101865091,0.0018450058191278155,67,494,541,539,2.646950408404749,-1.3219548440568276,-1.3219548440568276,1.1481614218082106,0.9999999999999998
480,1.9682539682539681,11,0.003913029757960176,-0.34312476463084335,0.0599550388053358,0.001956514878980088,71,458,504,496,2.556227617475884,-1.274208013609524,-1.274208013609524,1.09809606796144,1.000000000000001
481,1.9805825242718447,11,0.0038532733935249894,-0.34313609143064827,0.07291409571402592,0.0019266366967624947,73,461,515,510,2.779103169324822,-1.3873281354353506,-1.3873281354353506,1.0000000000000018,-1.0
482,1.9183673469387754,11,0.00392304160928175,-0.34183480227172724,0.04910644846510407,0.0019615208046408748,73,453,490,470,2.31894377457698,-1.1531761577348183,-1.1531761577348183,1.0000000000000009,1.0000000000000002
483,1.8658536585365855,10,0.003800109284188565,-0.32545833852295214,0.0579876127298722,0.0019000546420942825,80,449,492,459,2.576996884601928,-1.2246243429934034,-1.2246243429934034,-1.0,0.9999999999999998
484,1.921259842519685,11,0.0037894671450092415,-0.3620731622240679,0.0864321947184833,0.0018947335725046203,75,455,508,488,3.1983396286399897,-1.5681015542347845,-1.5681015542347845,-1.000000000000001,1.000000000000001
485,1.9186046511627908,10,0.0037254459245879426,-0.35865640020506856,0.08509255514848743,0.0018627229622939715,76,466,516,495,3.1985355231659165,-1.5680275428659283,-1.5680275428659283,-1.0000000000000009,1.0000000000000009
486,1.9412915851272015,9,0.0038064540884847086,-0.36203273687708154,0.0840339135811133,0.0019032270442423545,69,462,511,496,3.1762444675378068,-1.5397387222728611,-1.5397387222728611,-1.0,1.0
487,1.9492753623188406,11,0.003537704831794629,-0.3773252364793791,0.07531645144865881,0.0017688524158973144,71,504,552,538,3.1762444675378037,-1.5397387222728622,-1.5397387222728622,0.9999999999999996,-0.9999999999999993
488,1.9456706281833616,10,0.0033089636533730643,-0.3796308940851853,0.06523062247320581,0.001654481826686532,72,544,589,573,3.1217664669090635,-1.544233260217279,-1.544233260217279,1.0000000000000002,-1.0000000000000002
489,1.9862448418156808,11,0.0027358744377626466,-0.35246386153188636,0.05766298105014308,0.0013679372188813228,69,665,727,722,3.2014604489192755,-1.5808827938892478,-1.5808827938892478,1.313572735641974,-0.9877570893971808
490,2.006615214994487,11,0.0022148070805678667,-0.3445636088077533,0.05088692335705782,0.0011074035402839333,72,839,907,910,3.3005296314078034,-1.6326297140377672,-1.6326297140377672,1.3086727858412603,1.0
491,1.9837962962962963,10,0.0022987210849319773,-0.3389694390148149,0.03476405213058417,0.0011493605424659887,63,817,864,857,2.683278737702451,-1.3016621015993453,-1.3016621015993453,1.2649675132091172,-1.0000000000000004
492,2.0043290043290045,11,0.002171537382804988,-0.34856249893693814,0.03669163255211361,0.0010857686914024943,59,875,924,926,2.7632717199709727,-1.3461352612087674,-1.3461352612087674,1.2825043352371377,-1.0000000000000004
493,2.017982017982018,11,0.0020179820179820184,-0.3442149090726168,0.036066825604579564,0.001008991008991009,63,949,1001,1010,2.7938298837767244,1.387726504701823,-1.3855668664915735,-1.3855668664915735,1.0000000000000013
494,2.0193986420950534,10,0.0019605812059175277,-0.33492396339649755,0.03116994034957587,0.0009802906029587638,65,989,1031,1041,2.789761454620006,-1.3821097189880085,-1.3821097189880085,-1.0000000000000007,1.0
495,2.0371402042711235,12,0.0018932529779471402,-0.35128781616595656,0.040162100126902564,0.0009466264889735704,63,1020,1077,1097,3.129129159981147,-1.5589169396848983,-1.5589169396848983,-1.098520057181732,1.0896908597063517
496,2.0274509803921568,12,0.001989647674575227,-0.3424048561769151,0.04948095732954386,0.0009948238372876137,77,958,1020,1034,3.427906266068278,-1.7130637050113002,-1.7130637050113002,1.0000000000000016,1.0000000000000013
497,1.9929906542056075,12,0.002330983221293108,-0.33069712074737223,0.06651032893894648,0.001165491610646554,83,792,856,853,3.5330158941837286,-1.7657209983525735,-1.7657209983525735,1.0000000000000009,1.0000000000000007
498,2.012987012987013,13,0.0021809176738754195,-0.33762243062731995,0.07153504346708629,0.0010904588369377102,79,850,924,930,3.686244776967373,-1.8425141405653873,-1.8425141405653873,1.0000000000000009,-1.0000000000000007
499,1.9956756756756757,13,0.00215982215982216,-0.3305497404736565,0.06605384099119507,0.00107991107991108,78,856,925,923,3.6112483302712968,-1.8049351745973923,-1.8049351745973923,1.0000000000000022,-1.0000000000000018
500,1.9833134684147795,12,0.0023667225160080903,-0.3234392961899463,0.06544084005262832,0.001183361258004045,74,777,839,832,3.4495826026723915,-1.7247913013362033,-1.7247913013362033,1.2599210498948736,-1.0000000000000002
501,1.9976825028968714,12,0.002317497103128621,-0.3293975754327387,0.07230976578806991,0.0011587485515643105,70,793,863,862,3.584737991568155,-1.7923689957840767,-1.7923689957840767,1.2599210498948736,1.0000000000000004
502,1.9464720194647203,11,0.002370855078519756,-0.31528790818676555,0.06155272094286972,0.0011854275392598783,77,764,822,800,3.333841404235872,-1.6669207021179318,-1.6669207021179318,1.259921049894874,1.0
503,1.9124668435013263,10,0.0025397966049154398,-0.30635169850954025,0.04912898720950643,0.0012698983024577199,73,708,754,721,2.9271234732760205,-1.4635617366380103,-1.4635617366380103,0.9999999999999994,-0.4999999999999998
504,1.9160636758321274,11,0.002776903878017576,-0.3091750627801173,0.05228668695936934,0.001388451939008788,66,646,691,662,2.84743301132811,-1.4237165056640557,-1.4237165056640557,0.9999999999999996,-0.4999999999999999
505,1.8782894736842106,10,0.0030943813405011704,-0.3001847394145479,0.05073100107030827,0.0015471906702505852,68,573,608,571,2.6684016487219475,-1.3342008243609755,-1.3342008243609755,0.9999999999999999,-0.9999999999999996
506,1.859047619047619,10,0.003547800799709197,-0.30715558837279083,0.048578680744414224,0.0017739003998545983,63,496,525,488,2.571281590658239,-1.2856407953291185,-1.2856407953291185,1.0000000000000013,0.9999999999999996
507,1.8557504873294346,10,0.003624512670565302,-0.3111271167986621,0.04269752522265828,0.001812256335282651,61,486,513,476,2.47683954257562,-1.236340261963945,-1.236340261963945,-1.0,0.9999999999999999
508,1.7760416666666667,9,0.0046371845082680595,-0.3104825134947027,0.038203362823439876,0.0023185922541340298,61,365,384,341,2.1023707793075124,-1.0456732134340974,-1.0456732134340974,-1.0000000000000007,0.9999999999999994
509,1.7118644067796611,9,0.004849474240169011,-0.30940287351489126,0.02072141656614046,0.002424737120084506,66,341,354,303,1.7203528939998987,1.0,-1.0,0.8805804160057441,-0.8403453840564428
510,1.6964285714285714,9,0.005063965884861408,-0.2974997069511911,0.01786487322201608,0.0025319829424307037,63,327,336,285,1.659497966395557,1.0000000000000029,-1.0,-0.8872209061887145,0.84048961461604
511,1.6927374301675977,8,0.00474156142904089,-0.29617607307768207,0.022430490480227803,0.0023707807145204453,66,348,358,303,1.5874010519681978,1.0000000110502605,-1.000000000000001,0.99999998894974,-0.7937005259841003
512,1.6997167138810199,9,0.004828740664434715,-0.2591416283371507,0.02844390025707264,0.0024143703322173577,66,341,353,300,1.762470456910244,0.9999999999999999,-0.9089075718559589,0.8768308352703846,-0.8651968601623365
513,1.7085714285714286,10,0.004895620139173148,-0.2497948262144474,0.042007738738382344,0.002447810069586574,68,329,350,299,2.041929516023159,-1.0059716574556359,-1.0059716574556359,1.0000000000000027,-0.9419404027516189
514,1.6985507246376812,10,0.004937647455342097,-0.23385658399738354,0.04360405900912211,0.002468823727671048,69,323,345,293,2.1348929113753012,-1.0514624029356687,-1.0514624029356687,0.9999999999999991,-0.8919134914201073
515,1.7083333333333333,9,0.005099502487562189,-0.23391084910367774,0.058646970270975804,0.0025497512437810945,68,309,336,287,2.3255632282473666,-1.1533948320740468,-1.1533948320740468,0.9999999999999988,-0.9187263108817366
516,1.716012084592145,9,0.005200036619976197,-0.24211871885228903,0.05826472160510893,0.0026000183099880985,68,303,331,284,2.3092373058482027,-1.1511938816250082,-1.1511938816250082,-1.0000000000000022,1.0000000000000009
517,1.758308157099698,11,0.005328206536665752,-0.26300393023808744,0.0542057391258945,0.0026641032683328756,67,302,331,291,2.378689045081543,-1.1873154922852986,-1.1873154922852986,1.0000000000000018,-1.0000000000000013
518,1.797979797979798,10,0.0060742560742560745,-0.24967757501112942,0.057610045360584984,0.0030371280371280372,59,272,297,267,2.308607150763309,-1.1511784452244564,-1.1511784452244564,1.0,-0.3566232638670735
519,1.7857142857142858,10,0.006400409626216079,-0.24017545439672713,0.05991767839512201,0.003200204813108039,55,261,280,250,2.2239800905693192,-1.1119900452846587,-1.1119900452846587,1.000000000000002,1.0
520,1.7216117216117217,10,0.006329454858866623,-0.22581408562273367,0.04310996795572021,0.003164727429433312,60,259,273,235,2.0,-1.0000000000000016,-1.0000000000000016,1.0,0.9999999999999996
521,1.7226277372262773,10,0.006309991711451566,-0.21272522468867017,0.050246967879681935,0.0031549958557257826,63,257,274,236,1.9999999999999964,1.0,-1.0,1.0,0.9999999999999998
522,1.6917562724014337,10,0.006085454217271343,-0.19731796480427688,0.039597738140465924,0.003042727108635672,66,266,279,236,1.7099759466766953,1.0000000000000007,1.0000000000000004,1.0,-0.9999999999999989
523,1.6666666666666667,9,0.006802721088435375,-0.18258014136263073,0.030010656054454913,0.003401360544217687,60,237,246,205,1.2599210498948745,1.0,1.0,0.9999999999999999,0.9999999999999997
524,1.562753036437247,7,0.006352654619663604,-0.2037898383554579,0.02845728574830742,0.0031763273098318026,66,240,247,193,1.0000000154183444,-1.0000000000000002,1.0,1.0,0.9999999999999998
525,1.517509727626459,8,0.005927772373540856,-0.16374554083938997,0.027372220817821594,0.002963886186770428,69,249,257,195,1.0,-1.0,1.0,1.0,-1.0
526,1.589928057553957,9,0.0057398124821442485,-0.1943160873055882,0.01802142701423277,0.0028699062410721243,69,272,278,221,1.0000000000000004,1.0,-1.0,1.0,-1.0
527,1.6539792387543253,10,0.0057429834678969635,-0.20996827699494555,0.02426591616263649,0.0028714917339484813,67,281,289,239,1.2599210498948727,-1.000000000000001,-1.0000000000000004,1.0000000000000002,1.0
528,1.6491228070175439,8,0.005806770447244872,-0.21699722013215791,0.024610052547763373,0.002903385223622436,66,278,285,235,1.2599210498948694,1.0000000000000009,1.0,-1.0,1.0
529,1.6601307189542485,10,0.005443051537554913,-0.22946087448807087,0.019632802657249423,0.0027215257687774564,69,299,306,254,1.2599210498948719,1.0,-1.0,1.0,0.9999999999999998
530,1.7082066869300911,9,0.005207947216250279,-0.2536368608670852,0.02433770596704527,0.002603973608125139,69,319,329,281,1.259921067956187,1.2599210318335567,-1.0000000000000004,1.0,1.0
531,1.730886850152905,9,0.005309468865499709,-0.267593339225093,0.027555197096481503,0.002654734432749855,66,318,327,283,1.2599210498948765,1.2599210498948736,1.0000000000000002,-0.9999999999999998,-0.6299605249474376
532,1.7329192546583851,9,0.0053985023509607,-0.2758397637954075,0.015549690304377181,0.0026992511754803505,63,317,322,279,1.0,-1.0,0.9999999999999998,0.9999999999999998,-0.5000000000000002
533,1.6828478964401294,8,0.005463791871558862,-0.2615099034433549,0.012973003264265402,0.0027318959357794308,62,304,309,260,1.259921049894874,1.0,-1.0,-0.6299605249474374,-0.6299605249474374
534,1.6296296296296295,7,0.005505505505505507,-0.245095929293482,0.013512026583922008,0.0027527527527527527,66,292,297,242,1.2599210498948759,1.0000000000000007,-1.0000000000000002,-0.6299605249474383,-0.6299605249474383
535,1.6503496503496504,7,0.005790700527542634,-0.248157608008818,0.014026908763750871,0.0028953502637713165,62,281,286,236,1.259921049894873,1.0,-1.0,-0.6299605249474365,-0.6299605249474365
536,1.6328125,7,0.006403186274509803,-0.24816569499437688,0.015682444852941176,0.003201593137254902,55,252,256,209,1.259921049894874,-0.6299605249474374,-0.6299605249474374,3.915224338087294e-09,-3.915224214910747e-09
537,1.6016597510373445,7,0.006673582295988936,-0.24403550619347178,0.024977625905133836,0.0033367911479944674,57,235,241,193,1.4422495703074087,-0.7211247851537044,-0.7211247851537044,-7.3427833724321336e-09,7.342783320915077e-09
538,1.6,7,0.00730593607305936,-0.21594224929604422,0.01823498139287613,0.0036529680365296802,54,216,220,176,1.259921049894873,1.0,-0.6299605249474365,-0.6299605249474365,0.0
539,1.565217391304348,8,0.006835010442377065,-0.20018355528613507,0.008714473931865236,0.0034175052211885323,58,228,230,180,1.0,0.9999999999999998,-0.5000000000000002,-0.5000000000000002,0.0
540,1.51131221719457,7,0.006869600987248046,-0.177579832800505,0.009076235082427034,0.003434800493624023,60,219,221,167,1.0,0.9999999999999998,-0.5000000000000002,-0.5000000000000002,0.0
541,1.5066079295154184,8,0.006666406767767339,-0.159079628245531,0.008833758404822629,0.003333203383883669,63,225,227,171,1.0,0.9999999999999998,-0.5000000000000002,-0.5000000000000002,0.0
542,1.517786561264822,9,0.006022962544701674,-0.16482722011493542,0.007922249028968398,0.0030114812723508375,70,250,253,192,1.0,-1.0,1.0,0.9999999999999998,-0.5000000000000002
543,1.5910780669144982,9,0.005936858458636187,-0.20353221502034669,0.01489467162329616,0.0029684292293180935,67,264,269,214,1.259921049894874,1.0,-1.0,1.0,-0.6299605249474374
544,1.6145454545454545,9,0.005892501658925017,-0.20527057765257042,0.015769696969696972,0.0029462508294625083,67,273,275,222,1.0,0.9999999999999998,-0.5000000000000002,-0.5000000000000002,0.0
545,1.6042402826855124,9,0.005688795328672029,-0.22378975968176118,0.015328958438499074,0.002844397664336015,67,281,283,227,1.0,0.9999999999999998,-0.5000000000000002,-0.5000000000000002,0.0
546,1.5916955017301038,8,0.005526720492118416,-0.22976207995231468,0.006945857927946265,0.002763360246059208,69,287,289,230,0.9999999999999998,-0.5000000000000002,-0.5000000000000002,0.0,0.0
547,1.608832807570978,9,0.005091243061933475,-0.2346625569635482,0.012648340093135046,0.0025456215309667372,74,313,317,255,1.2599210498948754,1.0,-0.6299605249474368,-0.6299605249474368,-2.3551386880256624e-16
548,1.6262295081967213,9,0.005349439171699741,-0.2474147789569241,0.013140672584721052,0.0026747195858498707,68,301,305,248,1.259921049894874,1.0,-0.6299605249474374,-0.6299605249474374,3.915224338087294e-09
549,1.6411960132890366,9,0.005470653377630122,-0.25123236053472964,0.013317800693215977,0.0027353266888150607,65,297,301,247,1.259921049894874,1.0,-0.6299605249474374,-0.6299605249474374,3.915224338087294e-09
550,1.5778546712802768,9,0.005478662053056517,-0.21041385018516537,0.013873784808040864,0.0027393310265282586,68,285,289,228,1.2599210498948727,1.0,-0.6299605249474363,-0.6299605249474363,-1.1102230246251565e-16
551,1.5709090909090908,7,0.005733244857332448,-0.2149652430996466,0.0072939925571504525,0.002866622428666224,64,273,275,216,1.0,1.0,0.9999999999999998,-0.5000000000000002,-0.5000000000000002
552,1.5430711610486891,7,0.0058010194024386815,-0.20431949790881604,0.0075125391506231255,0.0029005097012193403,66,265,267,206,1.0,1.0,0.9999999999999998,-0.5000000000000002,-0.5000000000000002
553,1.6062992125984252,8,0.00634900874544832,-0.21543289972691776,0.01053277431230187,0.0031745043727241604,59,250,254,204,1.6956207695598624,1.0,-1.0,1.0,1.0
554,1.6363636363636365,8,0.006789890607317993,-0.2259668499721096,0.008267976612132456,0.0033949453036589967,55,239,242,198,1.324717957244746,1.0,1.0,1.0,-0.6623589786223727
555,1.6614173228346456,7,0.0065668668886744875,-0.21602704798772732,0.007877506003238957,0.0032834334443372446,56,251,254,211,1.3247179572447458,1.0,1.0,1.0,-0.6623589786223728
556,1.6610169491525424,7,0.0070681572304363526,-0.2215694593818569,0.008478179407356162,0.0035340786152181754,53,233,236,196,1.3247179572447476,1.0,1.0,1.0,-0.6623589786223731
557,1.7016129032258065,10,0.006889121065691522,-0.219373784571192,0.04309820069407606,0.003444560532845762,54,236,248,211,1.5213797068045671,1.442249570307406,1.0,1.0,1.0
558,1.6452830188679246,10,0.006232132647226985,-0.19941891736297407,0.03276286403339886,0.0031160663236134934,63,255,265,218,1.5213797068045645,1.2599210498948725,1.0000000000000009,1.0,1.0
559,1.6363636363636365,9,0.0059721300597213,-0.19089497194321767,0.0388467640020435,0.0029860650298606504,66,263,275,225,1.5213797068045727,1.4422495703074065,1.0,1.0,1.0
560,1.547703180212014,8,0.005488309149687992,-0.16810083382987417,0.033636920086451506,0.0027441545748439966,76,273,283,219,1.4422495703074085,1.2599210498948734,1.0000000000000038,1.0,1.0
561,1.4609929078014185,8,0.005199263017086897,-0.13605874606632756,0.02667192622399789,0.0025996315085434494,83,274,282,206,1.4422495703074087,1.0000000000000013,1.0,0.9999999999999998,-0.7211247851537052
562,1.424561403508772,8,0.005016061279960464,-0.13153102574525635,0.019389042782394582,0.002508030639980232,89,279,285,203,1.4422495703074094,1.0,0.9999999999999998,-0.7211247851537057,-0.7211247851537057
563,1.4342105263157894,8,0.004733368073649469,-0.1330409930033826,0.013188223217618516,0.002366684036824735,93,300,304,218,1.0,0.9999999999999998,0.9999999999999998,-0.5000000000000002,-0.5000000000000002
564,1.4801223241590213,9,0.004540252528095158,-0.14948408707154978,0.0030747257046951234,0.002270126264047579,90,327,327,242,1.0,1.0,0.0,0.0,0.0
565,1.4968944099378882,9,0.004663222460865695,-0.16290673803958705,0.003120849248027789,0.0023316112304328476,86,321,322,241,1.0,-1.0,1.0,0.0,0.0
566,1.475609756097561,8,0.004512568061460431,-0.16862140826810995,0.0030729204662435458,0.0022562840307302156,91,327,328,242,1.0,-1.0,1.0,0.0,0.0
567,1.5272727272727273,8,0.0046421663442940036,-0.18797275362149934,0.003060382497002215,0.0023210831721470018,83,329,330,252,1.0,-1.0,1.0,0.0,0.0
568,1.5489614243323442,9,0.004610004239084357,-0.2051894364224649,0.006076020912816164,0.0023050021195421787,81,335,337,261,1.0,0.9999999999999998,-0.5000000000000002,-0.5000000000000002,0.0
569,1.4385964912280702,8,0.0031617505301715825,-0.1516868530323082,0.004751461988304093,0.0015808752650857915,130,454,456,328,1.0,0.9999999999999998,-0.5000000000000002,-0.5000000000000002,0.0
570,1.4291187739463602,8,0.002743030276288599,-0.1630205503641202,0.004150702426564496,0.0013715151381442996,152,520,522,373,1.0,1.0,0.9999999999999998,-0.5000000000000002,-0.5000000000000002
571,1.4584269662921348,9,0.0016405252714197245,-0.17544318468738682,0.00677309355041735,0.0008202626357098621,261,880,890,649,1.2599210498948747,1.0000000000000004,1.0000000000000004,1.0,-0.8090169943749481
572,1.528,10,0.0015295295295295298,-0.19069577479901612,0.008011320685947551,0.0007647647647647648,270,987,1000,764,1.4422495703074083,1.0000000118301493,1.0,-0.9999999999999996,0.9999999999999989
573,1.568075117370892,13,0.001473754809559109,-0.20370744968770918,0.007518918704549474,0.0007368774047795545,283,1052,1065,835,1.4422495703074096,1.0000000000000018,-1.000000000000001,1.0000000000000004,1.0000000000000004
574,1.740677966101695,20,0.0014764020068716666,-0.2812449674738925,0.011168464214508088,0.0007382010034358333,286,1165,1180,1027,1.5874010519682047,1.259921049894862,1.000000000000005,-1.0000000000000004,1.0000000000000004
575,1.7640358014646054,20,0.001436511238977692,-0.2781377914274065,0.009091624128017197,0.0007182556194888459,294,1216,1229,1084,1.5874010519681998,1.000000000000002,1.0000000000000009,1.0,0.9999999999999997
576,1.829225352112676,22,0.0016116522926102874,-0.29806885039178715,0.006314060834292224,0.0008058261463051436,249,1127,1136,1039,1.2599210498948725,1.0,1.0,1.0,1.0
577,1.8764759309718437,23,0.0017058872099744036,-0.30659071670048416,0.0065147636994333236,0.0008529436049872017,233,1079,1101,1033,1.9274022976742102,-1.0,0.9999999999999991,0.9999999999999984,-0.9681322507529224
578,2.0744544287548137,22,0.0026663938672941054,-0.38075501676020346,0.0,0.0013331969336470527,137,743,779,808,-1.67879665270082,1.6787966527008185,1.1892071150027208,-1.1892071150027206,-1.0000000000000004
579,2.06158357771261,18,0.0030272886603709397,-0.37019337514945727,0.0,0.0015136443301854699,127,652,682,703,-1.593320847378223,1.5933208473782225,1.1892071150027204,-1.189207115002719,-0.6705601406161568
580,2.0737327188940093,19,0.003190358029067706,-0.3845896805455301,0.0,0.0015951790145338532,108,581,651,675,2.381758274912688,-2.381758274912679,-1.0404302707054636,-1.0404302707054636,1.0404302707054631
581,1.9325842696629214,17,0.003625861669161203,-0.269536268459953,0.0,0.0018129308345806016,93,518,534,516,-1.5096419397216665,1.5096419397216654,-1.3160740129524957,1.316074012952495,-0.9999999999999998
582,2.0,15,0.003992015968063872,-0.323747919672752,0.003984458206776853,0.001996007984031936,69,464,502,502,1.9681861937550598,-1.9681861937550587,1.0097893623674168,-1.0097893623674166,-0.9999999999999998
583,2.0643939393939394,13,0.00391725605198091,-0.4048989789432455,0.007576341346039808,0.001958628025990455,64,475,528,545,2.2274936531126652,-2.1478595738176036,1.0000000000000004,-0.9999999999999997,0.7538040650034269
584,1.9889908256880735,13,0.003656233135456017,-0.38893520056573194,0.01101588757525366,0.0018281165677280086,77,507,545,542,2.2326952898140178,-2.087660861111832,1.0000000000000004,-1.0000000000000002,0.9999999999999999
585,1.9224806201550388,12,0.0037329720779709485,-0.40346994781682083,0.0038921188630490957,0.0018664860389854745,73,492,516,496,1.8402301111176977,-1.7752412642019175,1.0,-0.9999999999999999,0.9999999999999999
586,1.9315068493150684,14,0.003313047768979534,-0.4002221345754847,0.006861979464894875,0.001656523884489767,81,540,584,564,2.4728282560814083,-2.3600903564998683,-1.0000000000000007,1.0000000000000004,-0.9999999999999991
587,1.8905982905982905,13,0.003237325840065566,-0.3887297163959451,0.005710655784968721,0.0016186629200327831,92,541,585,553,2.482078440051048,-2.3707170225826313,1.000000000000001,-1.0000000000000004,0.5741365930537894
588,1.9044585987261147,12,0.003037414033056004,-0.38433576195402924,0.008504431313487397,0.001518707016528002,95,585,628,598,2.5698837409078132,-2.4750617493533773,0.9515444342470011,-0.4238993874430489,0.4142814300208709
589,1.853582554517134,13,0.0028917044532248584,-0.3495092877176985,0.00831902826267862,0.001445852226612429,110,599,642,595,2.6040256159593564,-2.506393433168082,1.0,0.7701655519907274,0.5274794244773888
590,1.8429487179487178,13,0.0029581841379594186,-0.290387236112675,0.008557883413140475,0.0014790920689797095,112,586,624,575,2.4898093683745723,-2.3861605758534523,1.0,0.8859656332487201,0.5371223519586327
591,1.8573643410852714,13,0.0028841061196976264,-0.29474910888274136,0.005168281956840998,0.0014420530598488132,115,602,645,599,2.571661748824794,-2.4704714749255903,1.0,-0.41667155824815205,0.41152580782982556
592,1.9250374812593702,17,0.002890446668557613,-0.298733792398625,0.005511997383033843,0.0014452233342788065,115,606,667,642,3.1836660877946072,-3.1150572118680064,1.0,-0.15419186502391224,0.1334471982284717
593,1.9555555555555555,16,0.0029014177382129906,-0.3007987842293999,0.0034725789325427683,0.0014507088691064953,104,612,675,660,3.061460882519941,-3.0326523352683665,1.0000000000000009,1.0,-0.5000000000000004
594,1.9503649635036497,16,0.0028514107653562124,-0.30130449267631626,0.004395083361039811,0.0014257053826781064,100,617,685,668,3.010699351005174,-2.9959922358535898,1.0000000000000016,1.0,-0.6834020536485663
595,1.9642857142857142,15,0.0029274004683840747,-0.27870488355803014,0.008450490667319491,0.0014637002341920376,106,591,672,660,3.0698219637376374,-2.9376950045863133,1.0000000000000004,1.0,-0.5029419562067015
596,2.009188361408882,15,0.0030815772414246657,-0.29467690163374277,0.009222822577399602,0.0015407886207123328,93,573,653,656,3.0321974419076696,-2.8978057968535853,1.0000000000000018,-0.5000000000000006,-0.5000000000000006
597,2.058139534883721,15,0.0029958362953183717,-0.30424594398203436,0.00729976888757323,0.0014979181476591854,91,594,688,708,2.864528820023048,-2.7415108894045543,0.9999999999999998,0.56534486969114,0.56534486969114
598,2.098918083462133,17,0.003249099200405779,-0.31450608941444996,0.010376639118771064,0.0016245496002028892,76,564,647,679,2.8273777033402427,-2.6840541807192104,1.0000000000000029,0.953826836766114,0.953826836766114
599,2.093178036605657,16,0.003488630061009429,-0.31207906908766825,0.011301619942044034,0.0017443150305047144,71,518,601,629,2.802773475507863,-2.5810870143430953,1.000000000000001,1.0,0.9825027807027833
600,2.1263537906137184,16,0.0038451243953231797,-0.30736745832232687,0.014507886687309934,0.0019225621976615898,70,465,554,589,3.016571110058215,-2.8000423200860136,1.1321841395800105,1.0000000000000056,1.0
601,2.1066176470588234,15,0.0038795905102372444,-0.29525851647370166,0.01657153001639286,0.001939795255118622,75,456,544,573,3.0204649010735363,-2.7456352073535806,1.4142135623730954,-1.4142135623730943,1.2006696146172766
602,2.1001926782273603,16,0.004054426019743939,-0.3026537957154237,0.01922373241824465,0.0020272130098719695,68,439,519,545,2.9573690383095794,-2.7201764183753943,2.0000000000000013,-2.000000000000001,1.0
603,2.0600375234521575,15,0.003872250983932627,-0.29745272858390026,0.019031447847011922,0.0019361254919663135,76,451,533,549,3.156565300119405,-2.9251400674083525,-1.999999999999999,1.9999999999999971,1.078935717211346
604,1.9958246346555324,15,0.004175365344467639,-0.29238842704871326,0.014730519681938578,0.0020876826722338203,73,412,479,478,2.960961692010259,-2.805078142076632,1.9999999999999996,-1.9999999999999996,-1.0000000000000013
605,1.9417879417879418,13,0.004045391545391545,-0.28844341613808183,0.013653266787972159,0.0020226957726957725,84,412,481,467,2.8908739299335617,-2.7037579062263974,2.0,-1.9999999999999998,-1.0
606,1.9191919191919191,13,0.0038850038850038846,-0.30082479333583306,0.01011002047408599,0.0019425019425019425,87,424,495,475,2.7334509863376555,-2.591727101401264,-1.732050807568878,1.732050807568878,1.0
607,1.875251509054326,13,0.0037807490101901733,-0.2862518762178966,0.010072425181957147,0.0018903745050950866,90,431,497,466,2.5004566263176713,-2.3094414740549496,1.7320508075688792,-1.732050807568879,1.0000000000000004
608,1.9284294234592445,12,0.003841492875416821,-0.3086075168729687,0.009953625623775844,0.0019207464377084108,84,435,503,485,2.598263834452472,-2.4713088542583845,-1.4142135623730951,1.414213562373095,1.0
609,1.8842315369261478,11,0.003768463073852296,-0.31368211026635073,0.002661633129510933,0.0018842315369261477,88,451,501,472,2.432639433668379,-2.3867181837263924,1.0000000000000009,-1.0000000000000007,-1.0000000000000004
610,1.8491295938104448,12,0.00358358448412877,-0.32404310323998226,0.002579195148264694,0.0017917922420643845,90,480,517,478,2.254910636576304,-2.1993552840826167,1.0,-0.9999999999999994,0.9999999999999993
611,1.912897822445561,13,0.003209560104774432,-0.3337274899670141,0.01228413497528496,0.0016047800523872158,94,571,597,571,2.000000000000001,-1.6506291914393878,1.3953369944670748,1.0000000000000002,1.0
612,1.9855699855699855,14,0.0028693207883959335,-0.34670311250158475,0.013468387853431107,0.0014346603941979665,105,646,693,688,2.406298975999099,-2.0817465156636517,1.3953369944670726,-1.0000000000000002,0.9999999999999987
613,2.0502645502645502,14,0.002715582185780861,-0.3340282281435781,0.016623256173500495,0.0013577910928904307,108,702,756,775,2.59875236196069,-2.2693362448785845,1.2599210498948734,-1.1008200764149587,-1.0000000000000004
614,2.1468298109010013,16,0.002390679076727172,-0.32799998571981576,0.021515029438640886,0.0011953395383635865,109,837,899,965,3.263474375137413,-2.7422489896512467,-1.0888006508473878,1.0000000000001459,-1.0000000000000009
615,2.217166494312306,18,0.002295203410261187,-0.32465888340769733,0.02389551254674663,0.0011476017051305933,115,900,967,1072,3.485129346188333,-2.673468448753388,-1.155474776857833,1.0000000000000002,1.0
616,2.255489021956088,19,0.0022532357861699184,-0.33443612402112594,0.023341815402885987,0.001126617893084959,111,930,1002,1130,3.7131183514253774,-2.9043547905853835,1.2599210498948734,-1.1063824146485548,1.0000000000000007
617,2.2893700787401574,18,0.0022555370233893176,-0.3348767391643174,0.022016688101456405,0.0011277685116946588,113,937,1016,1163,3.7846500791841025,-2.851834440345218,1.1158283141888334,-1.0843491606159952,-1.0843491606159952
618,2.281931464174455,19,0.001778590385171048,-0.3637841052367827,0.021483941672579637,0.000889295192585524,107,1095,1284,1465,4.071989101969395,-2.3881850527977075,-2.3881850527977075,1.3538601281972327,-1.1152645175528542
619,2.2556943423952975,18,0.0016585987811730128,-0.3868631882479169,0.017124374859618954,0.0008292993905865064,98,1184,1361,1535,3.8333605559370234,-2.3767555650205185,-2.3767555650205185,1.000000000000003,-1.0000000000000029
620,2.250179726815241,19,0.0016188343358383027,-0.3942173105311953,0.016906977020811138,0.0008094171679191513,88,1223,1391,1565,3.64281542830604,-2.405895400805157,-2.405895400805157,-1.000000000000003,1.0000000000000024
621,2.1786259541984734,19,0.0016643437388834785,-0.3955986060593042,0.011784715594279458,0.0008321718694417392,84,1186,1310,1427,3.330973179480976,-2.4376714818525302,-2.4376714818525302,1.000000000000001,-1.0000000000000002
622,2.152855993563958,20,0.0017333784167181633,-0.37667920807119576,0.009552455224950207,0.0008666892083590814,78,1143,1243,1338,3.09839179660808,-2.2713062327997315,-2.2713062327997315,1.0,0.8761683697322379
623,2.2001640689089417,16,0.001806374440811939,-0.3794138935929315,0.0117894659501133,0.0009031872204059695,73,1103,1219,1341,3.1862661362537206,-2.340288109613307,-2.340288109613307,1.0,0.8903844640040437
624,2.19949281487743,18,0.0018608230244309897,-0.381497663539059,0.011022874629286592,0.0009304115122154951,66,1077,1183,1301,3.0536641343691153,-2.2428131159329796,-2.2428131159329796,1.0,0.8252336626112278
625,2.0785219399538106,16,0.002402915537518856,-0.40394564262558985,0.01190637176733088,0.001201457768759428,74,840,866,900,2.404121028294446,-1.6883266658817808,-1.6883266658817808,1.0,1.0
626,2.111111111111111,17,0.0029361767887498063,-0.4053074469810476,0.019386847978930186,0.0014680883943749034,73,694,720,760,2.6592509271252127,-1.7644965484223714,-1.7644965484223714,-1.0000000000000018,1.0
627,2.0708782742681047,16,0.003195799805969298,-0.3769970070904481,0.02121236750518322,0.0015978999029846487,81,625,649,672,2.5792796223717143,-1.66634134230071,-1.66634134230071,1.000000000000001,-1.0000000000000009
628,2.076069730586371,17,0.0032953487787085248,-0.3633458607419417,0.020603278211861753,0.0016476743893542626,78,595,631,655,2.5554024241324127,-1.7122056352115256,-1.7122056352115256,1.0000000000000013,-1.0
629,2.069084628670121,17,0.0035797311914707976,-0.3742628832919573,0.021759353732614974,0.0017898655957353988,75,550,579,599,2.1781075320019183,-1.5725107129621494,-1.5725107129621494,1.0,1.0
630,2.091081593927894,17,0.003975440292638581,-0.3376173052654287,0.015933578950256766,0.0019877201463192906,72,504,527,551,2.0131499723191912,-1.538369955766755,-1.538369955766755,1.0,-1.0
631,2.1686746987951806,16,0.003739094308267553,-0.33632138228624686,0.0152320005196595,0.0018695471541337765,73,534,581,630,2.3865986316093046,-1.7754575833457513,-1.7754575833457513,1.0000000000000009,1.0
632,2.182136602451839,16,0.003828309828862875,-0.3371342426281154,0.015151493120548318,0.0019141549144314376,71,519,571,623,2.4983006168826067,-1.8186265320254358,-1.8186265320254358,-1.0000000000000007,1.0
633,2.2047531992687386,19,0.004038009522470217,-0.33375219830674757,0.02469024852773193,0.0020190047612351084,64,486,547,603,2.647535788385735,-1.7365864610329422,-1.7365864610329422,1.0,0.769669164958285
634,2.214814814814815,18,0.004109118394832681,-0.33361994653759747,0.025009167015295843,0.0020545591974163403,60,478,540,598,2.637733569932287,-1.7218218962050054,-1.7218218962050054,1.0,0.7583524849195896
635,2.2397003745318353,17,0.004202064492555039,-0.36081396436489194,0.02726998595158311,0.002101032246277519,59,484,534,598,2.618860078244358,-1.4735599466635514,-1.4735599466635514,1.0,0.6686292787701814
636,2.2198952879581153,19,0.003880935818108593,-0.3482619585433072,0.021330010482852935,0.0019404679090542964,66,521,573,636,2.627932869934917,-1.5855196585358975,-1.5855196585358975,0.5865331029954876,-0.45834727913589185
637,2.280811232449298,20,0.0035637675507020276,-0.3893800388908988,0.03504440670306628,0.001781883775351014,71,569,641,731,2.8612386556870844,-1.6636417745458039,-1.6636417745458039,1.0084762345115887,-0.42208764488944955
638,2.2429906542056073,23,0.0019073049780659926,-0.38681939600532994,0.04092610703396369,0.0009536524890329964,118,1061,1177,1320,4.170554678606344,-2.4119790956283627,-2.4119790956283627,1.000000000000001,-1.0000000000000009
639,2.2719167904903417,25,0.0016891574650485814,-0.3681883683399483,0.038931645990934204,0.0008445787325242906,136,1186,1346,1529,4.557394514649855,-2.665555926392789,-2.665555926392789,1.0000000000000002,-1.0
640,2.291060291060291,26,0.0015888074140501323,-0.36223067676513987,0.03721414933759432,0.0007944037070250663,147,1279,1443,1653,4.8269220411001275,-2.9319773791694925,-2.9319773791694925,1.000000000000001,-1.0000000000000009
641,2.37052062204192,26,0.0016038705155899328,-0.3639490534655007,0.036061966268459755,0.0008019352577949663,134,1273,1479,1753,5.0588397339744064,-3.0392728101525224,-3.0392728101525224,1.0395149876915881,-1.004156002523219
642,2.396288933068257,28,0.0015890510166235126,-0.36398067193710987,0.03496833078567835,0.0007945255083117563,132,1281,1509,1808,5.200632913454623,-3.0145191368340036,-3.0145191368340036,1.4899239147053245,1.1064279287689407
643,2.4005322687957418,26,0.001598223880689575,-0.3652248083163148,0.03386508298717797,0.0007991119403447875,130,1277,1503,1804,5.178869464262994,-3.041006029594575,-3.041006029594575,1.5656398492523078,-1.4102742663090202
644,2.3539944903581267,27,0.0016223256308464,-0.3579450656986844,0.03269050741002377,0.0008111628154232001,138,1244,1452,1709,4.979174433586944,-2.93307779086395,-2.93307779086395,1.5119098620302722,1.059965765227223
645,2.2850877192982457,24,0.0025083290003273823,-0.352099462544829,0.02227838628916537,0.0012541645001636914,106,778,912,1042,3.9257395674707434,-2.39114944542591,-2.39114944542591,1.4369088396050287,-1.000000000000001
646,2.302521008403361,24,0.0032293422277747006,-0.38068362862154875,0.0229752289156315,0.00161467111388735,80,623,714,822,3.2064596467606283,-1.904750732512198,-1.904750732512198,-1.0000000000000002,-1.0
647,2.2805872756933114,18,0.003726449796884496,-0.3942763649771016,0.01734202872316537,0.001863224898442248,67,538,613,699,2.952504033122831,-1.799072104337519,-1.799072104337519,1.0000000000000018,-1.0000000000000013
648,2.220532319391635,16,0.004229585370269782,-0.3585878926319103,0.01803268902841357,0.0021147926851348905,62,470,526,584,2.5293839558181306,-1.4981669036057463,-1.4981669036057463,1.0000000043953934,-1.0000000000000018
649,2.148471615720524,17,0.004701250800263727,-0.31891460167402713,0.016853781604001396,0.0023506254001318646,57,409,458,492,2.2821409503192314,-1.4988181526890463,-1.4988181526890463,-1.0000000000000007,1.0000000000000002
650,2.1737089201877935,15,0.005114609223971278,-0.3161776012086602,0.022829700206444,0.0025573046119856395,47,391,426,463,2.1891990957212237,-1.4966056364285194,-1.4966056364285194,1.0000000000000002,-1.0000000000000002
651,2.216470588235294,17,0.005227524972253052,-0.3165472294346219,0.0340424646847394,0.002613762486126526,45,379,425,471,2.3866499845013927,-1.6277127041217232,-1.6277127041217232,-0.9999999999999999,0.9999999999999991
652,2.113861386138614,15,0.00524531361324718,-0.29819586104950013,0.027457256136530366,0.0026226568066235905,49,381,404,427,2.059425668159567,-1.3368154759548587,-1.3368154759548587,1.0,-0.9999999999999999
653,2.0255754475703327,14,0.005193783198898288,-0.29177332497603703,0.03384488785913535,0.002596891599449144,57,369,391,396,2.044950006279441,-1.322141131075092,-1.322141131075092,1.0,0.9999999999999997
654,2.101769911504425,15,0.004660243706218237,-0.3217844085655075,0.03959870611959519,0.002330121853109118,66,399,452,475,2.8115535978654207,-1.7521700944417617,-1.7521700944417617,-1.0,1.0
655,2.0907127429805614,15,0.0045253522575336835,-0.3347990757884295,0.035333835110841816,0.0022626761287668413,66,419,463,484,2.7701039903118594,-1.7159393503839455,-1.7159393503839455,1.0,1.0
656,2.0534979423868314,16,0.0042340163760553225,-0.3287511249171281,0.03503523294485778,0.0021170081880276612,76,444,486,499,2.720390967382656,-1.807010962885319,-1.807010962885319,1.0,1.0
657,2.1441124780316345,17,0.0037748459120275253,-0.32192908539494336,0.03695585820085802,0.0018874229560137627,89,518,569,610,3.183318465333028,-1.9315977800363706,-1.9315977800363706,1.0,1.0
658,2.1655405405405403,20,0.003664197192115973,-0.3283809099569581,0.02074117165017125,0.001832098596057987,91,553,592,641,2.877547852785619,-2.4128228249444295,-1.0000000000000002,1.0000000000000002,1.0
659,2.241001564945227,20,0.0035125416378451835,-0.3420375620596733,0.029945926382126,0.0017562708189225917,85,586,639,716,3.2102231655987947,-1.908040261299552,-1.908040261299552,1.0000000000000007,1.0000000000000007
660,2.257104194857916,22,0.0030584067681001573,-0.34773329831855615,0.02656976435317369,0.0015292033840500787,96,673,739,834,3.3954734011958654,-2.0102060371371024,-2.0102060371371024,-1.0000000000000013,1.0000000000000009
661,2.27063599458728,23,0.0030767425400911657,-0.340890335983402,0.04470830225808702,0.0015383712700455826,92,664,739,839,3.49576988088366,-2.0378059471146126,-2.0378059471146126,-1.0000000000000004,1.0000000000000004
662,2.264705882352941,22,0.0027787802237459404,-0.3704325498822527,0.0397097420061208,0.00138939011187297,94,732,816,924,3.7482478342500363,-2.1506470659108277,-2.1506470659108277,1.0000000000000004,-1.0
663,2.3087248322147653,24,0.002585358154775773,-0.367868325094117,0.040783046130528015,0.0012926790773878864,97,742,894,1032,4.312298404483842,-2.445740762718903,-2.445740762718903,1.2621336626279769,1.0000000000000007
664,2.2016498625114576,24,0.002019862259184823,-0.35277686801546043,0.03490701110300846,0.0010099311295924116,133,954,1091,1201,4.033722785869731,-2.4205171398371386,-2.4205171398371386,-1.0000000000000007,1.0
665,2.186751795690343,26,0.0017466068655673666,-0.3401783956532177,0.03869431911236568,0.0008733034327836834,151,1120,1253,1370,4.13927421437972,-2.294877191383017,-2.294877191383017,1.0191950400843333,1.000000000000001
666,2.1815360744763383,25,0.0016937391882580265,-0.32926674607341494,0.03813186545585825,0.0008468695941290133,154,1158,1289,1406,3.9644504851021365,-2.0874025946946975,-2.0874025946946975,1.0972654020620956,1.0000000000000007
667,2.149882903981265,25,0.0016795960187353635,-0.3252523117093795,0.0373284385367344,0.0008397980093676815,159,1161,1281,1377,3.789865210467406,-2.0477332894222573,-2.0477332894222573,1.0,0.9746354206961442
668,2.125484120836561,24,0.0016476621091756286,-0.3126798677384491,0.03168842898140174,0.0008238310545878142,166,1184,1291,1372,3.7751570127240255,-2.3062165187220036,-1.4053619140108617,-1.0000000000000042,1.0
669,2.1349593495934958,25,0.0017371516270085405,-0.29491717296269815,0.035400901509918224,0.0008685758135042701,159,1120,1230,1313,3.768784827501242,-2.2421510103306135,-1.463735274715896,1.0000000102719873,-1.0000000000000029
670,2.1398124467178175,25,0.0018257785381551347,-0.2928205867902464,0.038769170058007695,0.0009128892690775673,145,1096,1173,1255,3.522137771924736,-1.7974725596193086,-1.7974725596193086,1.0000000000000013,1.0000000000000013
671,2.078756476683938,22,0.0021563863866015955,-0.2846743341290156,0.0362458385094745,0.0010781931933007975,125,900,965,1003,3.304128618040313,-1.7870376835084705,-1.7870376835084705,1.0000000000000022,-1.0000000000000018
672,2.0556227327690446,20,0.0024886473762337105,-0.2826476028960845,0.0466812321197477,0.0012443236881168553,111,761,827,850,3.2259203602171094,-1.7258268467803315,-1.7258268467803315,1.0000000000000013,1.0000000000000007
673,2.057571964956195,19,0.0025784109836543795,-0.2806019784768743,0.05495720129591009,0.00128920549182719,108,735,799,822,3.238014879121419,-1.751043216775348,-1.751043216775348,1.0000000000000016,-1.0000000000000004
674,2.0618556701030926,18,0.0026604589291652804,-0.2811775801052184,0.060361029116696455,0.0013302294645826404,106,714,776,800,3.018747120636125,-1.6205297825947729,-1.6205297825947729,1.0000000000000004,1.0000000000000004
675,2.042016806722689,18,0.002863978691055665,-0.2851152184229191,0.05772258569455207,0.0014319893455278325,99,661,714,729,2.797563050720927,-1.4512127236598178,-1.4512127236598178,1.0000000000000024,1.0000000000000009
676,2.0385756676557865,16,0.003029087173336978,-0.27007073082358457,0.058802479837753455,0.001514543586668489,95,626,674,687,2.5985179789527195,-1.344695024762423,-1.344695024762423,-1.0000000000000013,1.0000000000000002
677,2.097807757166948,15,0.0035435941844036284,-0.3115431830767068,0.0619466351357965,0.001771797092201814,71,542,593,622,2.6554136658311047,-1.2041430334162189,-1.2041430334162189,-1.0000000000000018,1.0000000000000013
678,2.097493036211699,16,0.0029253738301418396,-0.47916512420085466,0.041592080312200665,0.00146268691507092,64,660,718,753,2.789314008920628,-1.2889767994394437,-1.2889767994394437,1.0000000000000022,-1.0000000000000007
679,2.1171974522292993,17,0.0027005069543741067,-0.4650586006317994,0.04270541938161799,0.0013502534771870532,67,718,785,831,3.0469385832351508,-1.2047866646498588,-1.2047866646498588,-1.0000000000000007,1.0
680,2.0683760683760686,18,0.00252857710070424,-0.47016455538566415,0.036206827164767134,0.0012642885503521201,82,748,819,847,3.0431193104258787,-1.2281639851306891,-1.2281639851306891,-1.0000000000000004,1.0
681,2.0187134502923976,16,0.0023638330799676793,-0.4645547522619507,0.025206599157605987,0.0011819165399838394,93,803,855,863,2.595354534607239,-1.0436499986624437,-1.0436499986624437,-1.0000000000000007,1.0
682,2.0114025085518814,18,0.002296121585104887,-0.4582238688410172,0.02989623573153512,0.0011480607925524438,104,821,877,882,2.7190162939927616,-1.1488581529882111,-1.1488581529882111,1.0,0.9999999999999999
683,2.0217391304347827,18,0.0021999337654350186,-0.45778707301308835,0.0277735376916884,0.0010999668827175095,98,862,920,930,2.7594618579575148,-1.201245209488298,-1.201245209488298,1.0,0.9999999999999988
684,2.023991275899673,17,0.002209597462772568,-0.45219165866348826,0.03197591053198882,0.0011047987313862844,102,846,917,928,2.882207512668815,-1.4354195096438218,-1.4354195096438218,1.0,0.9999999999999999
685,2.1439588688946016,18,0.0027592778235451757,-0.39354805937555853,0.049482916005574994,0.0013796389117725879,87,677,778,834,3.3912418209499045,-1.3464099821333568,-1.3464099821333568,1.000000000000001,1.000000000000001
686,2.123529411764706,16,0.0031274365416269602,-0.4085631599180476,0.04458615711291051,0.0015637182708134801,72,603,680,722,3.233200031929932,-1.524848600958904,-1.524848600958904,1.0000000000000004,-1.0
687,2.0853658536585367,17,0.0031837646620741017,-0.3983553515533873,0.027601628292664097,0.0015918823310370508,65,623,656,684,2.7848552376836704,-1.3722438456071604,-1.3722438456071604,1.0,0.9999999999999999
688,2.0191082802547773,16,0.0032202683895610476,-0.3771402931883395,0.022464568030167525,0.001610134194780524,70,598,628,634,2.5900142873209226,-1.2460073106662244,-1.2460073106662244,-1.0000000000000018,1.0000000000000016
689,1.9714738510301109,16,0.0031293235730636684,-0.37424536298563066,0.027374549656950596,0.001564661786531834,68,604,631,622,2.397915381988968,-1.3405714211586461,-1.000000000000001,0.9999999999999999,-0.9999999999999997
690,2.006441223832528,16,0.0032361955223105293,-0.35560984279382746,0.045274790689997776,0.0016180977611552647,69,571,621,623,2.790030840609892,-1.3037007226846735,-1.3037007226846735,1.0,-1.0
691,2.018575851393189,17,0.003129574963400293,-0.35638002379010153,0.05135693511854503,0.0015647874817001463,69,586,646,652,2.9949812899621038,-1.8715313626724321,-1.022088043400499,0.7418192437992913,0.7418192437992913
692,1.973288814691152,15,0.0032998140713898856,-0.31373068258495085,0.040083876180561966,0.001649907035694943,77,549,599,591,2.8843459598742434,-1.9128781421924372,-0.9999999999999992,0.8780452220595453,-0.4344785693384398
693,2.0135823429541597,14,0.0034244597669288424,-0.31465672767485914,0.04188954078725706,0.0017122298834644214,71,531,589,593,2.9892721159808735,-2.2327090167918393,-0.8951467312734741,0.7718505933008984,-0.27485278428819093
694,2.0353982300884956,13,0.003608862110085985,-0.29522423574365725,0.0389525873235766,0.0018044310550429925,74,505,565,575,3.019255716385508,-2.297265444673281,1.0,-0.9999999999999997,-0.8927067082364081
695,2.091240875912409,15,0.003823109462362722,-0.30540305356864966,0.04359325209037724,0.0019115547311813609,59,475,548,573,2.89206242334821,-2.2112005985563936,1.4422495703074139,-0.9999999999999987,0.9999999999999986
696,2.1343570057581576,15,0.004104532703381071,-0.3089342543891789,0.034289184285304364,0.002052266351690536,48,446,521,556,2.9577544723944715,-2.290252303409183,1.4422495703074094,0.9999999999999996,-0.9999999999999992
697,2.0985626283367558,14,0.004318030099458346,-0.31963855546941333,0.03273137367955412,0.0021590150497291724,49,424,487,511,2.878420018226954,-2.296508855701133,1.4422495703074087,-1.0000000000000004,1.0000000000000004
698,2.0982905982905984,15,0.00449312761946595,-0.3103115490270677,0.04998733234073388,0.0022465638097329747,52,402,468,491,2.8050067965402548,-2.176344575032789,1.9129311827723916,1.0000000000000013,-1.0000000000000004
699,2.1470588235294117,16,0.0045201238390092865,-0.3009624982799709,0.04776187396379391,0.002260061919504644,51,411,476,511,2.660781996991658,-2.0578057599557718,1.9129311827723878,1.0000000000000009,-1.0
700,2.167441860465116,16,0.005052312029056215,-0.2968150889876659,0.06188754433204002,0.0025261560145281073,48,372,430,466,2.522692855540362,1.9129311827723898,-1.231478480294748,-1.231478480294748,-1.0000000000000007
701,2.238611713665944,16,0.0048665472036216175,-0.3109331018096755,0.058226025667692374,0.0024332736018108083,50,381,461,516,2.8869942192603593,1.7099759466766975,-1.6924047873601795,-1.6924047873601795,1.000000000000001
702,2.2408602150537633,17,0.004829440118650352,-0.3157830547142343,0.04913647079375436,0.0024147200593251763,51,400,465,521,3.016794062665493,-1.8194254007363182,-1.8194254007363182,1.2599210498948745,-1.000000000000001
703,2.2314410480349345,17,0.004882803168566596,-0.3190674252543206,0.05241651790241723,0.002441401584283298,50,390,458,511,2.985935492836171,-1.6934432753055475,-1.6934432753055475,1.0000000000000018,1.0000000000000004
704,2.202247191011236,17,0.0049600161959712525,-0.32818128532371377,0.06063289880417887,0.0024800080979856262,52,375,445,490,3.092919319290903,-1.764484059967278,-1.764484059967278,1.259921049894874,1.0000000000000007
705,2.2494117647058824,17,0.00530521642619312,-0.34073538041695794,0.04596115862776803,0.0026526082130965594,42,361,425,478,2.8978210920308682,-1.5479993370049372,-1.5479993370049372,1.2599210498948734,-1.0000000000000009
706,2.267990074441687,14,0.005641766354332556,-0.33636868130349834,0.04435606751313942,0.002820883177166278,39,337,403,457,2.865995130888711,1.7561935546362824,-1.4245626965653464,-1.4245626965653464,-1.348180770346994
707,2.215730337078652,15,0.004990383642069034,-0.326934748753227,0.03975811298515988,0.0024951918210345176,45,385,445,493,2.8520772370468768,-1.8613546999250474,1.84592030867026,1.801937735804839,-1.2469796037174674
708,2.1662591687041566,15,0.005309458746823911,-0.3274493310313031,0.022131629084182848,0.0026547293734119565,45,355,409,443,2.1697628223681606,1.9999999999999998,1.8725019907436646,-1.7455567106680732,-1.618033988749897
709,2.167741935483871,19,0.004671857619577308,-0.3250104695396583,0.019428815337877454,0.0023359288097886542,39,403,465,504,2.2065085326893996,2.0368933434935244,2.0000000000000036,-1.8623930156582063,-1.618033988749899
710,2.1113320079522864,21,0.004205840653291406,-0.30609883587642495,0.018055199698176885,0.0021029203266457034,50,437,503,531,2.203334525472099,2.0367820749051893,2.0000000000000027,-1.9803411291924806,-1.6180339887498967
711,2.142857142857143,19,0.004144791378833932,-0.3045201635340778,0.017066999664332175,0.002072395689416966,49,447,518,555,2.235575590890915,2.0000000000000053,1.9824131086223251,-1.6180339887498967,-1.4811810421761795
712,2.164705882352941,20,0.00425286027967179,-0.30671754981487137,0.02060716093223833,0.002126430139835895,51,436,510,552,2.207903780313856,2.0469688056255184,2.000000000000001,-1.6180339887498965,-1.5309294283393131
713,2.1214574898785425,19,0.004303159208678585,-0.3018815024814835,0.02153026342122133,0.0021515796043392924,58,432,494,524,2.195230726358604,2.0000000000000036,1.8216003122947821,-1.6180339887498991,-1.4723956782212158
714,2.1074380165289255,21,0.004363225707099225,-0.301907418107001,0.016123363676647712,0.0021816128535496124,52,434,484,510,2.0659878084264895,1.7267506071308947,-1.5807055370545957,-1.2741429634226509,-1.2741429634226509
715,2.0330578512396693,18,0.0042092295056721934,-0.2917710391436772,0.020648125957656374,0.0021046147528360967,54,430,484,492,2.25263218349059,1.7084303293322454,-1.373901876963302,-1.373901876963302,-1.0285308478630302
716,2.0579064587973273,15,0.004593541202672605,-0.3097216285826241,0.03494834451006685,0.002296770601336303,58,410,449,462,2.0749496135172354,1.7720290019648688,-1.1831235917942264,-1.1831235917942264,1.0
717,2.0941176470588236,16,0.004938956714761376,-0.31539765300431616,0.03471346278805413,0.002469478357380688,56,384,425,445,2.2665783638246966,1.7872952117888434,-1.149588030636413,-1.149588030636413,1.0
718,2.044334975369458,15,0.005047740679924588,-0.30229955819662374,0.031329607991399826,0.002523870339962294,59,351,406,415,2.3760857278031597,1.8004569838317201,-1.225526738542623,-1.225526738542623,1.000000000000001
719,2.0118577075098814,14,0.00398387664853442,-0.3804999247554344,0.02098532796299712,0.0019919383242672094,67,456,506,509,2.3687431772411327,1.7389313907513457,-1.1264788756731186,-1.1264788756731186,1.0000000000000002
